Provincia di vendita,N. Reg. , Prodotto fitosanitario venduto*,"Quantità 
(Kg o litri)"
BL,1850,IDRORAME FLOW,8
BL,2259,PASTA LUMACHICIDA IN GRANI,34
BL,2260,GASTROTOX E,170
BL,2307,VECTOR,76
BL,2923,TIOVIT JET,12
BL,3412,SYLLIT 65,30
BL,3486,TRISCABOL DG,6
BL,3503,AGRUMIN,14
BL,4701,PIRIMOR 50,20
BL,6136,GERMON L,0.7
BL,6834,TEPETA COMBI FLOW,40
BL,7736,ZOLFO SCORREVOLE TRIVENTILATO 95% S,25
BL,7764,TIOLENE,354
BL,7922,OPALENE FLUID,20
BL,8102,MERPAN 80 WDG,70
BL,8146,GALLERY,1.5
BL,8184,CHALLENGE,5
BL,8581,FOLIANE SC,30
BL,8601,FOLPAN 80 WDG,20
BL,8735,TREBON UP,16
BL,8801,SCORE 25 EC,13.5
BL,8838,GERMON BEWURZELUNGSPUDER PER TALEE ,0.1
BL,9210,QUADRIS,14
BL,9244,ZIRAMIT 76 WG,100
BL,9373,CHORUS,20
BL,9422,EVADE,24.75
BL,9448,RIFLE 3-18 R BLU,15
BL,9578,SWITCH,1
BL,9800,MAVRIK SMART,15
BL,9954,JOKER,308
BL,10029,KING,20
BL,10117,STRATOS ULTRA,3
BL,10142,VERNOIL,600
BL,10161,ORTIVA,5
BL,10306,MISTRAL,20
BL,10381,CONCORDE 40 EW,1
BL,10423,LUMACHICIDA VEBI,25
BL,10577,METRIPHAR 70 WG,20.5
BL,10585,SULCOTREK,150
BL,10588,BIOPIREN PLUS,5
BL,10701,CUMETA FLOW,35
BL,10741,METACINQUE,2
BL,10771,MOST MICRO,20
BL,10890,FLiPPER,0.6
BL,10926,ALTOREX,2
BL,10976,METEOR,54
BL,11070,TIOGOLD DISPERSS,390
BL,11119,FLINT,3
BL,11133,SHELTER,18
BL,11206,CODACIDE,55
BL,11243,LEOPARD 5 EC,19
BL,11341,STARANE GOLD,32
BL,11561,NEEMAZAL T/S,8
BL,11779,KOP-TWIN,10
BL,12043,PREVICUR ENERGY,1
BL,12078,METALIM,31
BL,12225,TEPPEKI,5
BL,12344,VEBITHRIN 5 EC,1
BL,12437,DELAN 70 WG,50
BL,12566,PYGANIC 1.4,0.1
BL,12590,DIASTAR MAXI,160
BL,12671,HARMONY 50 SX,0.49
BL,12738,KING 360 HP,3
BL,12748,GRIFON PIU',20
BL,12756,DICOTEX,2
BL,12759,OSSICLOR 35 WG,13
BL,12866,COLLIS,1
BL,12868,BELLIS,2
BL,12886,KARATHANE STAR,21
BL,12916,SACRON 45 WG,1
BL,12940,KARATE ZEON 1.5,1
BL,13012,FOLVIT 80 WDG,77
BL,13149,POLTIGLIA MANICA 20 WG,23
BL,13150,CURAME 25 WG,7
BL,13213,R6 ERRESEI ALBIS,1
BL,13242,NICOGAN V.O.,2
BL,13253,PLAYER SC,15
BL,13382,PERGADO SC,24
BL,13389,AFFIRM,21
BL,13466,SPOTLIGHT PLUS,8
BL,13635,POLTIGLIA 20 PB MANICA,1
BL,13771,NIMROD 250 EW,12
BL,13809,FORCE ULTRA,6240
BL,13888,FANTIC F NC WG,10
BL,13981,CORAGEN,3
BL,14058,FEINZIN 70 DF,0.25
BL,14062,ZOXIUM 240 SC,6
BL,14154,PIRETRO ACTIGREEN,13
BL,14165,NANDO MAXI,86
BL,14214,RAPSAN 500 SC,5
BL,14262,GREENEX NF,0.25
BL,14407,RUNWAY,1.5
BL,14479,SCHERMO 0.5 G,9
BL,14636,BIOLID UP,17.7
BL,14642,RIDOMIL GOLD R WG,45
BL,14830,CUPROFIX ULTRA DISPERSS,5
BL,14891,TRICO,10
BL,15013,NATRIA LUMACHICIDA,42
BL,15059,DECIS EVO,16
BL,15096,GLIPHOGAN TOP CL,13
BL,15142,ALCANCE SYNC TEC,280
BL,15201,FLOXY 400 SC,3
BL,15213,DEMETRINA FLOW,1.55
BL,15233,DALET TRIO,3
BL,15253,FALCON MK,98
BL,15263,DYNALI,4
BL,15264,ENERVIN SC,9
BL,15326,CUPROTEK DISPERSS,30
BL,15331,ZEFIR 25 WDG,1.5
BL,15337,EXPRESS,0.8
BL,15363,MEDEIRO 80 WG ADVANCE,2
BL,15384,LUNA EXPERIENCE,1
BL,15401,TAIFUN MK CL,505
BL,15449,CIDELY,5
BL,15494,DELSTAR,1
BL,15514,CUPRAVIT BLU 35 WG,5
BL,15543,LUMACHICIDA FER PFnPE,431
BL,15566,VISION PLUS,40
BL,15612,SEMPRA,1.2
BL,15635,ADENGO XTRA,398.5
BL,15712,SATELITE,270
BL,15901,ERCOLE,86
BL,15930,TOMIRIS 125 EW,6
BL,16076,SOLIS,2
BL,16197,COPPERFIELD 17 WG,20
BL,16221,MADEX TOP,0.5
BL,16273,SIVANTO PRIME,13
BL,16295,RAPAX AS,4
BL,16315,RADAR HP,10
BL,16325,EPIK SL,36.5
BL,16335,LIETO SC,43
BL,16364,BISMARK,2
BL,16379,PREV-AM PLUS,10
BL,16381,CALLICORE,60
BL,16416,FENOTRIX 300 SC,3
BL,16425,LASER 120 SC,2
BL,16442,PROFILER,40
BL,16480,3LOGY,20
BL,16481,CALLISTO 480,60.6
BL,16562,DELAN PRO,80
BL,16565,EXECUTIVE GOLD,0.8
BL,16596,SANIUM SL25 PFnPE,1.39
BL,16598,SANIUM AL PFnPE,100
BL,16609,SAVIAL FORTE,25
BL,16618,COLZA POWER PFnPE,10.33
BL,16630,NATUREN LIMEX PFnPE,547.1
BL,16657,CENTURY PRO,30
BL,16667,REVOLUTION,2
BL,16690,KESTREL,8.5
BL,16774,ISOMATE C LR MAX TT,4
BL,16790,NORDOX ENERGY,40
BL,16842,CUPRAVIT BIO ADVANCED,4
BL,16886,CLOSER,7
BL,16897,KATOUN GOLD,30
BL,16945,SERCADIS,15.9
BL,16946,DARAMUN,1
BL,16957,ZORVEC VINABRIA,9
BL,16976,VITIKAPPA,15
BL,17038,TUAREG NEW,133
BL,17217,ARMICARB SPRAY PFnPE,99.75
BL,17296,TARLYS,12
BL,17317,NABUCCO,1
BL,17360,MAGO,18
BL,17422,ENVITA SC,24
BL,17435,RIDOMIL GOLD COMBI WG,12
BL,17454,ENCARIT,202
BL,17532,CONTENDER PLUS,8
BL,17573,BOLTEX F,72
BL,17642,BUSSOLA WG BLU,12
BL,17665,PYRUS PRO,4
BL,17826,DOMARK 125 PLUS,12
BL,17920,GHIBLI TM,370
BL,18019,RASIKAL GREEN PFNPE,14
BL,18074,ROUNDUP FUTURE,157
BL,18137,REVYSION,6
BL,18139,IRONITE PFNPE,270
BL,18149,EXITUL,2
BL,18158,PAPYRUS GOLD,26
BL,18172,MIKONOS EVO,90
BL,18213,BACILLUS CHEMIA PFnPE,4.9
BL,18214,ROMEO PFnPE,0.15
BL,18216,VITIKAPPA PFnPE,13.9
BL,18222,FERRAMOL PFnPE,46
BL,18223,NATRIA LUMACHICIDA PFnPE,376
BL,18229,BAC MK PFnPE,0.65
BL,18233,BORDOFLOW SECTOR PFnPE,17.6
BL,18235,CIOPPER PFnPE,7.6
BL,18239,FLIPPER PFNPE,24.4
BL,18241,IDRORAME FLOW PFnPE,35
BL,18242,LEPINOX PLUS PFnPE,4.66
BL,18244,MOMENTUM PFnPE,3.24
BL,18245,POLTIGLIA MANICA 20 WG PFnPE,33
BL,18251,TIOLENE PFnPE,4
BL,18253,VERDERAME 20 WG PFnPE,103
BL,18257,3LOGY PFnPE,0.12
BL,18258,ALFIL WG PFnPE,6.4
BL,18259,BARBARIAN BIOGRADE 360 PFnPE,1248.5
BL,18263,BIOLID UP PFnPE,68.5
BL,18267,CONTENDER 80 WG PFnPE,15.2
BL,18269,GLIFENE BIOGRADE PFnPE,63
BL,18270,GLIPHOGAN TOP CL PFnPE,534.9
BL,18279,TAIFUN MK CL PFnPE,44.5
BL,18282,TRUSTEE 450 PFnPE,20
BL,18284,WANAX PFnPE,3.2
BL,18292,YUKON,60
BL,18313,FERRONITE PFNPE,131
BL,18318,PRINCIPAL FORTE,29.28
BL,18338,DITOFLO 700 WG,120
BL,18458,AQUICINE,30
BL,18521,DINAPIC TRIPLE,16
BL,18530,WEEDMASTER PRO 540,90
BL,18642,IRONFORTE ANTILUMACA PFNPE,193
BL,18809,VIBALLA,20
BL,18912,LORTAMA 25,40
PD,13,,3690
PD,13,THIOPRON,36182
PD,133,U 46 D-FLUID,3
PD,362,,11
PD,599,ACUPRICO 76 WG,30
PD,747,ZOLFO SPRUZZABILE,50
PD,909,,1560
PD,909,POLISOLFURO DI CALCIO POLISENIO,25
PD,1155,,20
PD,1155,CHEMOL 90 EL,19
PD,1156,,457
PD,1156,CHEMOL,6024
PD,1562,,22
PD,1573,,40
PD,1583,,1995
PD,1583,MICROTHIOL DISPERSS,74085
PD,1850,IDRORAME FLOW,370
PD,1903,SULFURENE,150
PD,1936,LIQUIZOL M,204
PD,2191,,92
PD,2191,WETTING PLUS,258
PD,2259,PASTA LUMACHICIDA IN GRANI,15
PD,2260,,364
PD,2260,GASTROTOX E,379
PD,2291,ESCA REGINA N,8
PD,2307,,204
PD,2307,VECTOR,1201
PD,2518,ACTELLIC 2/P,8.3
PD,2603,ESCACIDE,159
PD,2732,,375
PD,2732,GOLTIX,686
PD,2923,,7666
PD,2923,TIOVIT JET,983
PD,3102,OLEOTER,50
PD,3343,,237
PD,3343,U46 M CLASS,151
PD,3412,,20
PD,3412,SYLLIT 65,246
PD,3486,TRISCABOL DG,46
PD,3503,AGRUMIN,150
PD,3519,,20
PD,3519,METAMBANE,59
PD,3553,CURZATE,64
PD,3767,,316
PD,3767,FENOXILENE 200,1341
PD,3817,,47
PD,3817,DISERBONE KN,299
PD,4264,VIC 400 SC,31
PD,4701,,16
PD,4701,PIRIMOR 50,14
PD,4710,,303
PD,4710,ALIETTE,829.25
PD,5152,,3220
PD,5152,TIOSPOR WG,1010
PD,5574,LUMAKIDIN 5G,1179
PD,6136,GERMON L,64
PD,6321,,12
PD,6322,,1
PD,6322,OBSTHORMON 24A,14
PD,6437,,14
PD,6437,ETHREL,14
PD,6555,K-OBIOL ULV 6,13325.2
PD,6556,,6
PD,6556,K-OBIOL DP2,16
PD,6557,K-OBIOL EC 25,4106.56
PD,6771,,829
PD,6834,TEPETA COMBI FLOW,10
PD,6873,,40
PD,6873,IDRORAME 193,940
PD,6945,,17.5
PD,6945,TOPAS 10 EC,116.5
PD,6956,,126
PD,6956,TARGA FLO,15
PD,7020,BAGNANTE CIFO,217
PD,7053,PASTA CAFFARO NC,208
PD,7055,PASTA CAFFARO BLU,62.5
PD,7368,TURFENE L,78
PD,7379,,2
PD,7379,VENZAR,2.5
PD,7401,POLTIGLIA CAFFARO 20 DF NEW,28
PD,7454,ORMONE AG COMPRESSE,1.65
PD,7483,,58
PD,7483,DEVRINOL F,33
PD,7534,ROYAL MH,300
PD,7644,TENSIL,1250
PD,7700,,26.2
PD,7700,MATACAR FL,20
PD,7736,ZOLFO SCORREVOLE TRIVENTILATO 95% S,3325
PD,7764,,10
PD,7764,TIOLENE,90
PD,7911,AIRONE EXTRA,10
PD,7919,,5780
PD,7919,TOUCHDOWN,2167
PD,7922,OPALENE FLUID,11
PD,7930,,443
PD,7930,KERB FLO,412
PD,7961,RIZOLEX  GOLD,6
PD,7983,,15
PD,8023,,360
PD,8023,SUMIALFA ECHO,83
PD,8028,,296
PD,8028,CALARIS,100
PD,8102,,570
PD,8102,MERPAN 80 WDG,1064
PD,8146,,97.5
PD,8146,GALLERY,71
PD,8184,,227
PD,8184,CHALLENGE,717
PD,8189,,7650
PD,8229,BOLAS,1
PD,8259,,76
PD,8259,LAMDEX EXTRA,1679
PD,8320,DELFIN,110
PD,8376,,298
PD,8376,ARIANE II,498
PD,8376,ARIANE II 1 L,1
PD,8498,,8
PD,8498,FOLICUR WG,433.5
PD,8546,,20
PD,8546,DANITRON,2
PD,8558,PIRETRO VERDE,108
PD,8558,PIRETRO VERDE 500 ml,1
PD,8581,FOLIANE SC,55
PD,8599,,194
PD,8601,,342
PD,8601,FOLPAN 80 WDG,7230
PD,8617,,13
PD,8617,BANVEL 480 S,16
PD,8706,,1
PD,8706,AMID THIN W,4
PD,8712,,9
PD,8735,,316.5
PD,8735,TREBON UP,831
PD,8795,,17
PD,8795,VERTIMEC EC,32
PD,8801,,51.25
PD,8801,SCORE 25 EC,539.75
PD,8836,,4
PD,8836,MIMIC,244
PD,8874,,118
PD,8874,ETOFUM - FL,48
PD,8899,ZOLFO VENTILATO RAMATO 5%,675
PD,8929,TOPIK 240 EC,14
PD,8934,SCALA,18
PD,8937,,1
PD,8937,SHIRUDO,4
PD,9005,,848
PD,9005,AGIL,1878
PD,9012,CUPROCAFFARO MICRO,504
PD,9041,,19360
PD,9061,,1
PD,9061,PANTOPUR MC,90
PD,9210,,17
PD,9210,QUADRIS,436
PD,9244,,760
PD,9244,ZIRAMIT 76 WG,1010
PD,9267,,160
PD,9267,ROYALTAC N,580
PD,9286,OHAYO,1
PD,9306,,1
PD,9306,PROPLANT,12
PD,9371,PEAK,0.12
PD,9373,,5
PD,9373,CHORUS,11
PD,9380,FREEWAY 360,830
PD,9411,,19
PD,9420,OSSIRAM 70 FLOW,5
PD,9422,,336
PD,9422,EVADE,1043.75
PD,9422,EVADE 1 L,27
PD,9448,RIFLE 3-18 R BLU,160
PD,9509,,1.5
PD,9509,PROMALIN NT,7
PD,9531,,10
PD,9569,ZETARAM 3B FL,274
PD,9575,DRIBBLING 240 EC,19
PD,9578,,86.25
PD,9578,SWITCH,780.5
PD,9627,SOLUTION 20 DISPERSS,4930
PD,9631,METRIN EC,5
PD,9679,KRISTAL 32 WG,487
PD,9705,,33
PD,9705,PREVITER,204.2
PD,9705,PREVITER 1 L,1
PD,9723,,10
PD,9723,DE-SPROUT N,20
PD,9724,TIOWETTING DF,3150
PD,9757,,124
PD,9757,SPYRALE,1
PD,9790,,214
PD,9790,CONTATTO 320,5
PD,9800,,111.35
PD,9800,MAVRIK SMART,410.15
PD,9809,MALVIN 80 WG,62
PD,9843,,439
PD,9843,BASAGRAN SG,712
PD,9954,,1116
PD,9954,JOKER,2163
PD,10048,KUMULUS TECNO,2200
PD,10117,,881
PD,10117,STRATOS ULTRA,922
PD,10118,,395
PD,10118,AMISTAR,279
PD,10142,VERNOIL,160
PD,10154,BORDOFLOW SECTOR,2
PD,10158,PIREFLOR,24
PD,10161,,172
PD,10161,ORTIVA,223
PD,10175,SPORAMIL R FLOW,164
PD,10220,,176
PD,10224,,10
PD,10226,NOXIS M,1
PD,10296,,263
PD,10305,,6
PD,10305,OIKOS,86.3
PD,10306,MISTRAL,498
PD,10350,BLAST SG,201
PD,10381,,616
PD,10381,CONCORDE 40 EW,2
PD,10381,CONCORDE 40 EW 1 L,2
PD,10415,ARIC 480 L.S.,15.5
PD,10423,LUMACHICIDA VEBI,278
PD,10439,,24
PD,10439,SPRAY DUNGER GLOBAL,18
PD,10461,DICOTURF 500 ml,3
PD,10479,,147
PD,10479,NATURALIS,110
PD,10479,NATURALIS 1 L,1
PD,10573,,100
PD,10573,KOCIDE 2000,3591
PD,10577,,755.5
PD,10577,METRIPHAR 70 WG,1946
PD,10585,,120
PD,10585,SULCOTREK,605
PD,10588,BIOPIREN PLUS,1
PD,10604,,37.77
PD,10604,EMERALD 40 EW,187.1
PD,10632,,15
PD,10632,COBRE NORDOX SUPER 75 WG,386
PD,10701,,65.25
PD,10701,CUMETA FLOW,613
PD,10741,,98
PD,10741,METACINQUE,475
PD,10771,,360
PD,10771,MOST MICRO,2116
PD,10771,MOST MICRO 1 L,1
PD,10816,PIRETRO GARDEN PFnPO,7.5
PD,10889,AGRIMIX GOLD,2
PD,10890,,50
PD,10890,FLiPPER,50.85
PD,10926,,36
PD,10926,ALTOREX,28
PD,10929,,1.8
PD,10929,CHIKARA 25 WG,17.6
PD,10944,,176.5
PD,10944,KARATE ZEON,148.25
PD,10948,VITISAN WG,272
PD,10976,,404.75
PD,10976,METEOR,924
PD,10999,,583
PD,10999,BETANAL SE,98
PD,11011,,1411
PD,11011,DASH HC,1882
PD,11040,POLTIGLIA BORDOLESE DISPERSS BLU,160
PD,11059,,171
PD,11059,BIOPOWER,565
PD,11070,,27455
PD,11102,,140
PD,11102,HELIOSOUFRE S,60
PD,11107,ECO-TRAP,700
PD,11119,,1.5
PD,11119,FLINT,210.45
PD,11133,,181
PD,11133,SHELTER,581.5
PD,11147,,484.5
PD,11165,,42
PD,11165,POLAK,1
PD,11183,PROGERBALIN LG,6
PD,11206,,575
PD,11206,CODACIDE,1932.5
PD,11243,,1541
PD,11243,LEOPARD 5 EC,3527
PD,11253,,402
PD,11253,CALLISTO,303.4
PD,11255,,1344
PD,11257,COSTAR WG,27
PD,11258,,50
PD,11258,FAZOR STAR,370
PD,11341,,6
PD,11341,STARANE GOLD,756
PD,11353,,576
PD,11353,FUSILADE MAX,549
PD,11379,,120
PD,11393,,96
PD,11393,BEETLE,221
PD,11402,MELODY COMBI,10
PD,11416,OVIPRON TOP,100
PD,11418,ROUNDUP FLEX,1
PD,11435,FLORANET,32
PD,11448,KICKER,183
PD,11479,BRANCHER DIRADO,75
PD,11497,,2
PD,11505,,140
PD,11505,READY GERMIPLUS,301
PD,11525,FUNGIDINA 400 SC,7
PD,11526,,368
PD,11526,SULTAN,563
PD,11556,,0.02
PD,11561,,0.24
PD,11561,NEEMAZAL T/S,2
PD,11569,CUPROXAT S.D.I.,223
PD,11619,TIOFLOR WDG,152
PD,11637,,92
PD,11637,CUPROFIX C DISPERSS,370
PD,11649,,145.8
PD,11649,COMMAND 36 CS,607.8
PD,11678,,10
PD,11678,ACTELLIC 2/P NEWPHARM,1439
PD,11687,ACTELLIC 5 NEWPHARM,6175.15
PD,11690,GOAL 480 SC,7
PD,11693,,5.25
PD,11693,LASER,25.75
PD,11735,DELICIA CONTRA-LUMACHE,2.4
PD,11760,,460
PD,11760,POLITHIOL,2520
PD,11767,BIG MAIS,8
PD,11779,KOP-TWIN,244
PD,11793,XENTARI WG,15.5
PD,11794,PRESSING 500,0.75
PD,11857,MIDAURIL COMBI,200
PD,11872,RIFLE 3-18-R,6
PD,11908,VENTUREX 400 SC,1
PD,11926,NOIDIO GOLD 10 EC,5
PD,11944,,150
PD,11944,ASPECT,5
PD,11991,NEEMIK TEN,54
PD,11999,,1835
PD,11999,BUSSOLA WG NC,435
PD,12010,TUAREG,39
PD,12020,,0.57
PD,12023,,322
PD,12041,,149
PD,12041,MARTOS,105
PD,12043,,44
PD,12043,PREVICUR ENERGY,33
PD,12044,CURZATE SYSTEM,20
PD,12048,TIOSOL 80 WG,2
PD,12068,,2280
PD,12068,TEFLUSTAR,530
PD,12069,EPIK,4
PD,12090,,1940
PD,12096,,3480
PD,12096,POLTIGLIA DISPERSS,10550
PD,12100,ASSET DUO,5
PD,12106,,4
PD,12106,TALENDO,204
PD,12114,AUXIGER LG,54.5
PD,12133,,6
PD,12133,JUVINAL GOLD,41
PD,12170,,45
PD,12170,HELIOCUIVRE,335
PD,12225,,3.88
PD,12225,TEPPEKI,42.64
PD,12296,GAIO SX,0.18
PD,12319,KRONOS,34
PD,12361,,6
PD,12361,ALGEDI,23.2
PD,12375,,92
PD,12375,SUGAR 500 SC,41
PD,12381,,9
PD,12381,NU-FILM-P,62
PD,12437,,200
PD,12437,DELAN 70 WG,342
PD,12452,,43
PD,12452,EQUIP,472
PD,12453,MILDICUT,108
PD,12461,FINALSAN ERBICIDA PROFESSIONAL,13
PD,12504,FLOWBRIX,1
PD,12529,,2
PD,12534,,22.75
PD,12534,FOXTAIL,189.7
PD,12534,FOXTAIL 250 ml,4.75
PD,12538,,45
PD,12538,MYSTIC 25 WG,1
PD,12540,,70
PD,12540,REGRAN EXTRA,102
PD,12548,XANILO 45 WG,125
PD,12566,PYGANIC 1.4,1
PD,12590,,1470
PD,12590,DIASTAR MAXI,4040
PD,12625,,1
PD,12647,,72
PD,12647,GLITTER,69
PD,12661,NEXOL 10 WG,48
PD,12662,,680
PD,12671,,35.11
PD,12671,HARMONY 50 SX,34.26
PD,12706,PERMIT,0.3
PD,12722,OSSICLOR 20 FLOW,135
PD,12737,AIRONE PIU',1470
PD,12738,KING 360 HP,200
PD,12748,,80
PD,12754,VERDRAM HI BIO,17
PD,12756,,28
PD,12756,DICOTEX,6
PD,12759,OSSICLOR 35 WG,356
PD,12763,PYGRAIN,1293.3
PD,12768,,13
PD,12768,SPINTOR FLY,8
PD,12770,ALAR 85 GOLD,14
PD,12791,ZOLFO AFEPASA 98.5 DP,15
PD,12792,,443
PD,12792,MAGIC TANDEM,389
PD,12806,,1
PD,12806,FEDOR,751
PD,12828,,1
PD,12828,SITOFEX,1
PD,12831,INSIGNIA,6
PD,12843,,1.48
PD,12857,,15
PD,12857,PROREX,7
PD,12859,BORNEO,0.5
PD,12860,MILBEKNOCK,3
PD,12862,,92
PD,12862,CANTUS,56
PD,12863,FLORAMITE 240 SC,3.25
PD,12866,,12
PD,12866,COLLIS,12
PD,12868,,1
PD,12868,BELLIS,17
PD,12869,,58
PD,12869,SIGNUM,1298
PD,12878,,501
PD,12878,FOLPAN GOLD,12893
PD,12883,,82
PD,12883,PROSPER 300 CS,1351
PD,12886,,550
PD,12886,KARATHANE STAR,4631
PD,12888,,114
PD,12888,LEPINOX PLUS,33
PD,12888,LEPINOX PLUS 1 Kg,1
PD,12916,SACRON 45 WG,757
PD,12933,,80
PD,12940,,428
PD,12940,KARATE ZEON 1.5,1055.5
PD,12954,,340
PD,12954,SPECTRUM,1808
PD,12960,,6
PD,12960,STARPROP,3
PD,12961,,212
PD,12961,HEREU,94
PD,13012,,5138
PD,13012,FOLVIT 80 WDG,7
PD,13018,GONDOR,84
PD,13020,MICRORAM 35 WG,40
PD,13061,,136
PD,13061,BIOBIT DF,58
PD,13062,,2
PD,13063,REGULEX 10 SG,0.4
PD,13064,,87
PD,13064,VITENE ULTRA SC,627.5
PD,13065,,1
PD,13065,DOMARK 125,8
PD,13076,,9
PD,13084,,67
PD,13084,TELDOR PLUS,194
PD,13093,,412
PD,13093,STOMP AQUA,1439
PD,13095,DIRA-MAX LG,3
PD,13098,,25
PD,13098,ROUNDUP POWER 2.0,5009
PD,13104,ALGOR PLATIN,195
PD,13106,IKANOS,15
PD,13116,,0.5
PD,13116,MEDOR 35 CLASS,10
PD,13120,,402
PD,13120,MYSTIC 430 SC,1
PD,13120,MYSTIC 430 SC 1 L,2
PD,13127,VALIS F,1640
PD,13149,,320
PD,13149,POLTIGLIA MANICA 20 WG,58
PD,13150,CURAME 25 WG,194
PD,13152,,1
PD,13152,OPTIX R DISPERSS,330
PD,13154,,202
PD,13154,MONDAK 480 S,124
PD,13156,CAMBEL 480 S,5
PD,13158,,57
PD,13158,REMEDIER,144
PD,13159,PRIMIAL,2
PD,13166,SPINNER WG,4
PD,13168,,1222
PD,13168,LAUDIS,4145
PD,13179,PLAYER COMBI SC,65
PD,13205,,25
PD,13211,ZOLFO VENTILATO SCORREVOLE 96%,3725
PD,13213,R6 ERRESEI ALBIS,4
PD,13218,,70
PD,13218,FINALSAN PLUS,190
PD,13236,BULLET,808
PD,13242,,1023
PD,13242,NICOGAN V.O.,1919
PD,13244,ZOLFO VENTILATO STELLA,1765
PD,13249,,125
PD,13252,,24
PD,13252,PLAYER 250 SC,315
PD,13252,PLAYER 250 SC 1 L,2
PD,13253,,8
PD,13253,PLAYER SC,10
PD,13254,PLAYER 25 WG,84
PD,13255,PLAYER GR,20
PD,13285,,1
PD,13285,SEVERAL,2
PD,13292,,350
PD,13311,DOMARK COMBI WG,2
PD,13313,,67
PD,13313,CASPER,89
PD,13323,SULFY 80 WDG,37
PD,13327,,17.3
PD,13327,GRANSTAR ULTRA SX,32.7
PD,13329,OMNEX 10 EC,224
PD,13367,,50
PD,13367,DIVO,67.25
PD,13377,COLUMBUS,12
PD,13382,,1037.5
PD,13382,PERGADO SC,1380
PD,13386,,141
PD,13386,PROSARO,352
PD,13387,,86.92
PD,13387,FLORAMIX,157.41
PD,13388,,38.69
PD,13389,,1298
PD,13389,AFFIRM,3017
PD,13391,,346
PD,13391,CYTHRIN 50 EC,766.25
PD,13447,HELMSTAR 75 WG,0.68
PD,13451,SPARVIERO,146
PD,13466,,234.5
PD,13466,SPOTLIGHT PLUS,580
PD,13471,NICOZEA OD,30
PD,13472,ALIEN,5
PD,13485,,10
PD,13485,FOLPEC 80 WG ADVANCE,6872
PD,13486,JUDO,2
PD,13489,,2
PD,13489,CYMBAL,8
PD,13518,NISUS 3B,200
PD,13552,ZOLVIS 80 SECTOR,5120
PD,13576,RAMEPLANT WG,20
PD,13578,RAME CAFFARO BLU WG NEW,18
PD,13579,,800
PD,13581,ZOLVIS OTTANTA WG,610
PD,13586,VERDERAME 20 WG,10
PD,13592,,77
PD,13592,VOLARE,81.05
PD,13600,,4927
PD,13604,,25
PD,13635,POLTIGLIA 20 PB MANICA,9
PD,13637,,5
PD,13637,PERGADO F,203
PD,13689,,14.5
PD,13689,FLINT MAX,20.5
PD,13691,TRIDAN COMBI T,10
PD,13693,BACILLUS CHEMIA,29
PD,13698,,0.25
PD,13698,VIVANDO,215.5
PD,13700,ATLANTIS PRO,40.5
PD,13701,,64.8
PD,13711,,3981
PD,13714,,70
PD,13714,FOLPEC 50 SC,95
PD,13763,,888
PD,13763,WING-P,85
PD,13771,,68
PD,13771,NIMROD 250 EW,461
PD,13782,DOURO 10 WG,13
PD,13789,PRIMERO,84
PD,13791,GEATER-STAR 5 Kg,40
PD,13792,,42
PD,13792,STABILAN,20
PD,13796,CELL,17.75
PD,13809,,96520
PD,13809,FORCE ULTRA,80309
PD,13817,,34
PD,13823,,72
PD,13823,ALVERDE,56.32
PD,13841,,8048
PD,13841,FOCUS ULTRA,5919
PD,13856,COPRANTOL TRIO,9
PD,13876,APACHE,149
PD,13888,,1049
PD,13888,FANTIC F NC WG,2024
PD,13895,SAVIRAN STAR,945
PD,13905,,93
PD,13905,BANJO,155
PD,13925,,26.5
PD,13927,ZAMIR 18,17
PD,13981,,150.3
PD,13981,CORAGEN,294.95
PD,13983,,20
PD,13983,HUSSAR MAXX PRO,175
PD,14020,LIDAL,133
PD,14044,JOKER 480,15
PD,14058,,55
PD,14058,FEINZIN 70 DF,397.5
PD,14062,,183
PD,14062,ZOXIUM 240 SC,985
PD,14100,,11
PD,14100,KANEMITE,73
PD,14101,CARAMBA,408
PD,14102,,10
PD,14102,BORDOFLOW NEW,4364
PD,14119,VISIR PENCOTECH,49
PD,14128,ZIGNAL,14
PD,14135,GRENADIER 75 DF,0.02
PD,14137,,21.4
PD,14137,ALTACOR,65.1
PD,14154,,10
PD,14155,,1680
PD,14156,CURZATE R WG,10
PD,14165,,91
PD,14165,NANDO MAXI,248
PD,14182,,118
PD,14182,ARES 25 WG,254
PD,14193,SARMOX 45 DG,105
PD,14195,,525
PD,14204,75A,12
PD,14210,,63
PD,14210,EVURE PRO,327.1
PD,14217,TENAX EW,33
PD,14232,CYTHRIN MAX,6
PD,14245,THIRAS,25.25
PD,14257,"UNDERLINE 0,2 G",4
PD,14262,,9
PD,14262,GREENEX NF,11
PD,14323,,1
PD,14375,,164
PD,14375,LION 5 EC,874
PD,14390,BOOM EFEKT,4287
PD,14405,MERLIN FLEXX,15
PD,14406,,39.5
PD,14406,LEIMAY,190.75
PD,14407,,29.82
PD,14407,RUNWAY,42.5
PD,14414,,12
PD,14414,DUSTY,5.5
PD,14418,PULSAR 40 SL,147
PD,14431,,15
PD,14431,LENTAGRAN 45 WP,249
PD,14434,NUANCE,0.04
PD,14440,SOLAR 360,8767
PD,14460,KOBAN 600,920
PD,14479,,1433
PD,14479,SCHERMO 0.5 G,12684
PD,14547,BAC MK,17
PD,14549,KRYSTAL VIP WP,192
PD,14558,DERREX HP,1000
PD,14559,AGREE WG,30
PD,14629,GAT TESSLA 25 WG,73
PD,14636,,793
PD,14636,BIOLID UP,1671
PD,14642,,542
PD,14642,RIDOMIL GOLD R WG,2735
PD,14660,BTK 32 WG,20
PD,14664,,0.11
PD,14664,BERELEX 40 SG,1.77
PD,14683,BERMERAX,0.4
PD,14686,KOCIDE OPTI,5
PD,14699,GEOXE,4
PD,14735,,29.5
PD,14735,RANMAN TOP,76.5
PD,14737,ROUNDUP PLATINUM,10
PD,14759,SULCOCAP,1
PD,14764,,50
PD,14764,SLUXX HP,60
PD,14765,,189
PD,14765,ELUMIS,610
PD,14769,COMET 250 EC,1
PD,14785,DRISCOLL,2.3
PD,14794,AVALON SC,1101
PD,14801,,5
PD,14830,,310
PD,14830,CUPROFIX ULTRA DISPERSS,1220
PD,14836,BARBARIAN BIOGRADE 360,665.5
PD,14837,TARTAN,2716
PD,14838,,12
PD,14838,BARCLAY GALLUP BIOGRADE 360,49
PD,14845,,60
PD,14846,,23
PD,14846,AVALON 250 EW,430
PD,14867,,19
PD,14867,SYNERO,2
PD,14869,CUPROBEL HYDRO,20
PD,14872,,57.5
PD,14872,BELLIS DRUPACEE,22
PD,14876,,1
PD,14876,GRANDSTAND,44
PD,14879,,3.9
PD,14879,LONTREL 72 SG,14.4
PD,14884,,266
PD,14884,CORUM,4798
PD,14897,FLUROSTAR 200,52
PD,14899,ORISCUS,21
PD,14900,KENKIO,10
PD,14918,,1
PD,14918,RIVIOR,127.6
PD,14935,,1102
PD,14935,TIMELINE TRIO,1032
PD,14936,,277
PD,14936,AMPLIGO,880.5
PD,14938,DEDICATE,0.25
PD,14944,FLUXYR 200 EC,7
PD,14967,TIPTOR ULTRA,126
PD,14969,,600
PD,14972,DICARZOL 50 SP,30
PD,15005,,27
PD,15005,FONTELIS,5
PD,15013,,0.5
PD,15013,NATRIA LUMACHICIDA,26
PD,15044,,871
PD,15047,R6 ERRESEI BORDEAUX WG,16
PD,15048,INDOXAN 45 WDG,222
PD,15049,,81
PD,15049,MODDUS,195
PD,15051,,2645
PD,15051,KYLEO,2150
PD,15052,KAIMO SORBIE,73.7
PD,15056,,30
PD,15056,TOMCATO,169
PD,15058,PRINCIPAL MAIS,78.48
PD,15059,,637.75
PD,15059,DECIS EVO,1363
PD,15059,DECIS EVO 1 L,2
PD,15062,,339
PD,15062,PIRAMAX  EC,218
PD,15063,NIMBLE,3.3
PD,15071,EVOLUTION,55
PD,15083,,1
PD,15083,AUDACE,72
PD,15096,,11
PD,15096,GLIPHOGAN TOP CL,725
PD,15096,GLIPHOGAN TOP CL PFnPE,750
PD,15101,CIMORAM ULTRA WG,4
PD,15102,CURZATE ERRE EVO,105
PD,15111,MIRADOR SC,45
PD,15115,,1231
PD,15115,PROSPER 500 EC,126
PD,15119,FORTEZZA,21
PD,15120,,250
PD,15121,BIOCUPRO,10
PD,15122,ACTELLIC 50 NEWPHARM,1946
PD,15124,ZANTARA,6
PD,15125,,1
PD,15126,TALENDO EXTRA,5
PD,15127,SANVINO,32
PD,15130,,1
PD,15130,INTREPID,2
PD,15142,,964
PD,15142,ALCANCE SYNC TEC,6559.8
PD,15149,COSAVET DF EDGE,1900
PD,15177,,70
PD,15177,ROTATE PLUS DF,1190
PD,15180,PLATFORM PLUS,120
PD,15198,,430
PD,15198,AZBANY,4
PD,15199,SAKURA,2
PD,15201,,12
PD,15201,FLOXY 400 SC,113
PD,15213,DEMETRINA FLOW,48.7
PD,15223,PANTANI,313
PD,15229,,1310
PD,15229,STOPPER P,20
PD,15233,DALET TRIO,813
PD,15235,,8
PD,15235,MOMENTUM,0.54
PD,15247,STOY,730
PD,15251,,407
PD,15251,AIRONE LIQUIDO,5562
PD,15253,,136
PD,15263,,1
PD,15263,DYNALI,6
PD,15264,,143
PD,15264,ENERVIN SC,3140
PD,15265,,2927
PD,15265,PROMAN FLOW,5578
PD,15267,KUSABI,71.3
PD,15275,DURAVIS,1313
PD,15281,MICROMEGAS,197
PD,15291,TURFENE PLUS,9.5
PD,15293,MAVITA 250 EC,40
PD,15294,,1457
PD,15302,,79
PD,15302,AMYLO X,15
PD,15302,AMYLO-X,387
PD,15307,,39
PD,15307,DEDALUS 25 WDG,16
PD,15310,NISSHIN EXTRA 6 OD,10
PD,15313,THIAMON FLOW,200
PD,15317,,4232
PD,15326,,1880
PD,15331,ZEFIR 25 WDG,118
PD,15333,APPLAUD PLUS,2
PD,15335,,1
PD,15335,U 46 ULTRA,21
PD,15337,,0.8
PD,15337,EXPRESS,1.6
PD,15344,FILAN WG,6
PD,15346,,76.25
PD,15348,,33
PD,15348,RIDOMIL GOLD R LIQUIDO,1543
PD,15349,,116
PD,15349,ARES 430 SC,302
PD,15358,ZOLFO FLOW MCT,1490
PD,15363,MEDEIRO 80 WG ADVANCE,450
PD,15369,MAGMA TRIPLE,900
PD,15378,,36
PD,15378,TRAXOS PRONTO 60,312
PD,15379,,108.76
PD,15379,AXIAL PRONTO 60,317
PD,15384,,53
PD,15384,LUNA EXPERIENCE,297
PD,15389,,710
PD,15401,,15305.5
PD,15401,TAIFUN MK CL,14127
PD,15402,DELTASAP,126
PD,15405,SHAMAL MK PLUS CL,458
PD,15410,DECA,364
PD,15411,DISHA,52
PD,15422,,12.24
PD,15422,TITUS DUO,36
PD,15433,,7
PD,15433,ATLAS,41
PD,15438,SANMITE 10 SC,1
PD,15448,REBEL TOP,74
PD,15449,,250
PD,15449,CIDELY,395
PD,15483,WISH,20
PD,15491,,67
PD,15491,SWORD UP,296.5
PD,15493,SIMUN 40 OD,13
PD,15499,SONG 70 WDG,8.5
PD,15501,QUIZ,173
PD,15507,,3
PD,15513,,200
PD,15513,OSSICLOR 35 WG GREEN,3643
PD,15536,,509
PD,15536,ANTAL,9
PD,15537,DELTAGRI,37
PD,15543,,343
PD,15543,LUMACHICIDA FER PFnPE,3893.6
PD,15543,LUMACHICIDA FER PFnPE 1 Kg,8
PD,15546,,120.9
PD,15546,BIATHLON 4D,95.85
PD,15549,,133
PD,15549,PROLECTUS 50 WG,6
PD,15550,,325
PD,15550,MERLIN FLEXX XTRA,20
PD,15553,,6
PD,15553,REGALIS PLUS,21
PD,15562,BELURE-T,1.16
PD,15563,TRAILER,12.64
PD,15566,,40
PD,15566,VISION PLUS,110
PD,15567,BELPROIL-A,1
PD,15574,,55
PD,15574,KARMA 85,465
PD,15583,,117
PD,15583,PIRAT,146
PD,15587,,4
PD,15597,CHECKMATE PUFFER CM,3.38
PD,15610,CYPERKILL 50 EC,168
PD,15612,,1.8
PD,15612,SEMPRA,5.7
PD,15621,BOTTO 50 EC,50
PD,15629,BADGER 45% WG,8.5
PD,15630,,4.5
PD,15630,CARSON 45% WG,45
PD,15635,,1931
PD,15635,ADENGO XTRA,4406.05
PD,15654,ACCORD,44
PD,15662,LESTRA,2.65
PD,15664,KORING 25 WG,224
PD,15665,,2.1
PD,15665,KEMPO SORBIE,171
PD,15668,,1
PD,15674,AMADEUS TOP,7.85
PD,15680,MITHRA 40 SC,322
PD,15689,,2
PD,15693,LISTEGO,6
PD,15712,,11160
PD,15712,SATELITE,117
PD,15715,VIDERYO F,45
PD,15718,GRANSTAR TRIO,0.55
PD,15722,ARMICARB 85,335
PD,15725,DUAXO,0.8
PD,15736,KOPRON 35 WG,70
PD,15741,,340
PD,15741,AVADEX FACTOR,50
PD,15744,REBOOT,28
PD,15745,RADICAL MASSO' PLUS,34
PD,15748,,203
PD,15748,SYLLIT 544 SC,142
PD,15751,VITENE TRIPLO R,1.5
PD,15752,CIDELY TOP,6
PD,15753,PYXIDES DUO,90
PD,15754,,5
PD,15759,DECIS TRAP,20
PD,15765,ACAROIL,0.5
PD,15769,,3360
PD,15780,OSSICLOR 50 PB GREEN,10
PD,15806,,2
PD,15806,ONYX,108
PD,15808,,55
PD,15808,CYMBAL FLOW,252
PD,15836,RATRON GW,15
PD,15837,,0.75
PD,15837,RATRON GL,3.75
PD,15838,,3590
PD,15838,ROUNDUP ULTRAMAX,3200
PD,15847,MAKURI,3
PD,15856,AZAKA,223
PD,15859,KATANGA EXPRESS,790
PD,15861,POWSYS,1330
PD,15868,CENTURION PRO,140
PD,15869,,557
PD,15869,OPTIX STAR DISPERSS,7347
PD,15870,CLIOPHAR 600 SL,0.4
PD,15890,CURZATE 60 WG,2
PD,15897,ALFIL WG,41
PD,15898,FILAL WG,0.25
PD,15899,SILICOSEC,2337
PD,15900,,8290
PD,15900,TRIKA EXPERT,10270
PD,15901,,11180
PD,15901,ERCOLE,28828
PD,15910,KARAKAS,4.5
PD,15911,,99
PD,15911,SPIROX,2130
PD,15915,,131
PD,15915,STARANE HD,46
PD,15926,,5229
PD,15926,MOJANG 600,6725.2
PD,15930,,0.5
PD,15930,TOMIRIS 125 EW,31
PD,15948,SINSAJO,12
PD,15961,,102
PD,15961,RETENGO NEW,582
PD,15965,BORDER,2
PD,15990,,0.8
PD,15990,SCIROCCO 125 EW,34.4
PD,16007,,825
PD,16007,REWARD,372
PD,16023,DIMBO 480 SL,15
PD,16032,,40
PD,16032,RADAR 10 EC,30
PD,16033,,12
PD,16033,HEREU SC,36
PD,16034,,12
PD,16034,DOURO 100 EC,9
PD,16037,,25
PD,16037,MOJANG TX,205
PD,16038,,55
PD,16038,CABRIO WG,146.5
PD,16051,LENNS,5
PD,16054,SINSTAR,116
PD,16056,,3
PD,16064,CREDIT 540,120
PD,16068,,92
PD,16068,FOLDER 80 WG,3314
PD,16074,,45
PD,16074,GLORIAL 25 EC,5
PD,16076,,112
PD,16076,SOLIS,728
PD,16083,STIKER FLOW,7
PD,16084,,5
PD,16084,BREVIS,7
PD,16085,,0.8
PD,16085,TRIMUR,5.13
PD,16089,BUGUIS,30.24
PD,16092,,194
PD,16092,CICLOPE,430
PD,16101,TOPAS COMBI LIQUIDO,141
PD,16104,ELCTIS TRIO WDG,6
PD,16104,ELECTIS TRIO WDG,53
PD,16106,BARCLAY PROPYZ,243
PD,16132,,2.4
PD,16157,ATLANTIS FLEX,52.14
PD,16167,MARACANA,16
PD,16170,,120
PD,16170,TRICUP FLOW,2258
PD,16171,,17.8
PD,16171,HADDEN,33
PD,16178,,5530
PD,16179,FOLLOW 80 WG,458
PD,16191,,154
PD,16191,TRIMAXX,181
PD,16194,ETRAVON PRO,4
PD,16197,COPPERFIELD 17 WG,490
PD,16198,EVORAM 15,45
PD,16199,CUPRORAM 35 WG BLU,1
PD,16200,CUPRORAM 35 WG NC,1940
PD,16205,IDROX 20,40
PD,16208,CLEANCLASTER,225
PD,16221,MADEX TOP,7
PD,16226,,11
PD,16232,MINERVE,0.4
PD,16235,KEYFOL WG,214
PD,16237,GOLBEX WG,20
PD,16242,CAPTAIN 80 WG,145
PD,16251,,20
PD,16251,AFFIRM OPTI,350
PD,16252,,105
PD,16261,BELOUKHA,380
PD,16271,,30
PD,16271,FRESCO,650
PD,16273,,39.25
PD,16273,SIVANTO PRIME,975.25
PD,16279,ERCOLE GR,570
PD,16285,,23
PD,16285,KALIMBA,76
PD,16287,,38
PD,16287,SOLIGOR,1
PD,16288,,272.75
PD,16288,AMPEXIO,25.25
PD,16290,AMADEUS ULTRA,2.55
PD,16293,,1
PD,16293,PACLOT NEW,8
PD,16295,RAPAX AS,10
PD,16299,,3365
PD,16305,,1
PD,16305,BONZI,19
PD,16312,TOMIGAN,102
PD,16313,OMNERA LQM,16
PD,16314,ZOXIS 250 SC,232
PD,16322,PENNY,211
PD,16323,PENDIWIN,17
PD,16325,,1951
PD,16325,EPIK SL,3390.13
PD,16325,EPIK SL 1 L,5
PD,16335,LIETO SC,2951
PD,16336,,36
PD,16336,DELAN SC,1167
PD,16361,FULL 80 WG,600
PD,16363,,296.5
PD,16363,SIRTAKI,819.8
PD,16364,,3497
PD,16364,BISMARK,12015
PD,16369,,45
PD,16369,ORTIVA TOP SC,251
PD,16379,,18
PD,16379,PREV-AM PLUS,338
PD,16381,,48
PD,16381,CALLICORE,183
PD,16384,,1915
PD,16384,ELATUS ERA,603
PD,16385,,1
PD,16385,ELATUS PLUS,37.75
PD,16395,,72
PD,16395,MOHICAN 500 SC,2
PD,16396,,1
PD,16396,TEMSA 100,67
PD,16403,CAPITAL SH,40
PD,16415,MADEX TWIN,0.1
PD,16425,,13
PD,16425,LASER 120 SC,149.25
PD,16427,,262
PD,16434,,4
PD,16438,,36
PD,16438,VELUM PRIME,24
PD,16439,,16
PD,16442,,343
PD,16442,PROFILER,627
PD,16448,NEALTA,1
PD,16457,,110
PD,16457,POLTIGLIA 20 WG GREEN,3114
PD,16461,,50
PD,16461,CENTURION 240 NEO,725
PD,16470,,0.6
PD,16470,COLUMBO 0.8 MG,8
PD,16472,,116
PD,16472,CONVISO ONE,13
PD,16475,CLEAVE,40
PD,16480,,472
PD,16480,3LOGY,1276
PD,16481,,1254.5
PD,16481,CALLISTO 480,427.7
PD,16485,ROMULAN,2
PD,16492,VASCO,7
PD,16498,,512
PD,16500,TRIBAL,1.44
PD,16501,,8
PD,16501,INSTRATA ELITE,9.5
PD,16523,MISTER C,10.08
PD,16527,,3
PD,16527,TELLUS WP,3
PD,16531,TEMPORIS STAR,329
PD,16536,,5
PD,16538,KITAMBA,11
PD,16542,LAOTTA,1
PD,16545,COPRANTOL HI BIO 2.0,326
PD,16562,,155
PD,16562,DELAN PRO,4225
PD,16563,,2
PD,16563,DOROTRIN 25 EC,135
PD,16565,,0.5
PD,16565,EXECUTIVE GOLD,0.2
PD,16567,,20
PD,16570,,39
PD,16570,SENCOR 600 SC,72
PD,16572,DAKOFAKA,11.9
PD,16573,FIGHTER,462
PD,16574,ERBITOX SUPREME,21
PD,16575,TRIMMER 50 WG,0.74
PD,16577,,7
PD,16577,U46 COMBI DUO,88
PD,16596,SANIUM SL25 PFnPE,91.98
PD,16596,SANIUM SL25 PFnPE 5 ml,0.03
PD,16597,,218.5
PD,16598,,121.6
PD,16598,SANIUM AL PFnPE,250.33
PD,16598,SANIUM AL PFnPE 800 ml,28.8
PD,16606,PHYTO SARCAN,920
PD,16607,,90
PD,16609,SAVIAL FORTE,160
PD,16616,,933
PD,16616,VALLEY,1894
PD,16618,COLZA POWER PFnPE,124.01
PD,16619,ACTELLIC SMOKE GENERATOR,133.2
PD,16625,,0.2
PD,16625,MAINSPRING,0.8
PD,16630,NATUREN LIMEX PFnPE,1070.25
PD,16632,,1.5
PD,16632,LUNA SENSATION,4
PD,16641,RINIDI,12.76
PD,16643,,192
PD,16643,SUCCESS GR,1860.5
PD,16654,,2
PD,16654,POLYVERSUM,10
PD,16657,,5
PD,16657,CENTURY PRO,5080
PD,16658,,151
PD,16658,DAGONIS,481
PD,16660,ACTLET C,160
PD,16663,ACTLET F,888
PD,16667,,1013
PD,16667,REVOLUTION,892
PD,16690,,393.25
PD,16690,KESTREL,402.75
PD,16694,CHANON,50
PD,16699,,0.6
PD,16699,RIMURON,0.2
PD,16701,,0.6
PD,16711,BUZIN,4.5
PD,16749,FOLPAN ENERGY,455
PD,16755,DANEVA,45
PD,16775,KATANGA TRIPLO,120
PD,16776,,165.31
PD,16776,ASSET FIVE,558.75
PD,16779,TONALE,676
PD,16780,SERENADE ASO,445
PD,16783,,4246
PD,16784,CUPROBEL TRI,270
PD,16787,,4535
PD,16787,CLINIC ST,345
PD,16790,NORDOX ENERGY,95
PD,16793,,16
PD,16793,NIMBUS 250 EC,18
PD,16796,JOICE 55 D,67
PD,16797,,30
PD,16797,DEMETRINA 25 EC,15
PD,16799,ALEXIN 75 LS,727
PD,16802,,1215
PD,16802,ZYPAR,2692
PD,16803,BENTA 480 SL,2
PD,16808,NEXT,22
PD,16813,,52.7
PD,16814,,6.5
PD,16814,TREZAC,20
PD,16818,FLUAZINOVA PLUS,21
PD,16819,NATUR BREAKER,123
PD,16820,,1134.01
PD,16827,,50
PD,16827,MAISOT,51
PD,16828,,25.5
PD,16828,MAKURI MAX,12
PD,16831,,10
PD,16831,GLIFENE BIOGRADE,6591
PD,16833,,700
PD,16833,PANTOX 360 SUPER,3145
PD,16835,,6.75
PD,16836,,2725
PD,16836,STALLION IT SYNC,245
PD,16841,,2940
PD,16842,CUPRAVIT BIO ADVANCED,80
PD,16843,,1290
PD,16846,VESTICOR,74.1
PD,16857,SHORTTRACK,1
PD,16858,KENJA,13
PD,16868,,96.5
PD,16882,,144
PD,16882,PROPULSE,81
PD,16886,,73.8
PD,16886,CLOSER,308.27
PD,16895,ZORVEC ENICADE,5.4
PD,16896,,6
PD,16897,KATOUN GOLD,50
PD,16901,BELOUKHA GARDEN PFnPO,1.5
PD,16902,,120
PD,16902,AVIATOR XPRO,44
PD,16904,,36
PD,16904,KIDEKA 100 SC,193
PD,16939,SARUMO,138
PD,16945,,19.6
PD,16945,SERCADIS,262
PD,16946,,1
PD,16946,DARAMUN,496
PD,16950,MANAMID 100 SC,405
PD,16951,ESQUIVE WP,10
PD,16957,,346
PD,16957,ZORVEC VINABRIA,4083
PD,16958,PROLIANT,0.6
PD,16963,,40
PD,16963,AVENOX 240,130.75
PD,16968,,49
PD,16976,,105
PD,16976,VITIKAPPA,680
PD,16988,,540
PD,16988,NAIF,2780
PD,17003,,41
PD,17003,PRIAXOR,132
PD,17005,CLOMATE,25.5
PD,17006,MONCUT,133
PD,17008,LALGUARD M52 OD,11
PD,17009,,8040
PD,17009,GLIFOCHEM,1320
PD,17010,TIXAL TRI,190
PD,17034,HF-CALIBRA,2
PD,17038,,1516
PD,17038,TUAREG NEW,3837
PD,17058,,7
PD,17058,ROMEO,62
PD,17059,VINTEC,1.1
PD,17066,,190
PD,17066,PRAXIM,971
PD,17069,TIOVIT L,235
PD,17075,,154.53
PD,17075,MOVIDA,9.1
PD,17076,,2
PD,17076,GAZELLE,53
PD,17079,,6060
PD,17079,FORCE EVO,5360
PD,17081,CUPROSSIL IDRO NEW 20 WG,1204
PD,17090,,1500
PD,17091,,270
PD,17091,CHAMP 20 WG,10
PD,17093,LANDING,912
PD,17099,,3
PD,17099,ZAKEO 250 SC,144
PD,17112,,49
PD,17112,DIFCOR,88
PD,17113,MIKAL F,276
PD,17115,,552
PD,17115,ZETROLA,677
PD,17116,,341
PD,17116,ACTIVUS ME,1183
PD,17119,SQUARE EC,58
PD,17121,ATLANTIS ACTIV,71.94
PD,17122,IDROX 25 WG,4570
PD,17128,JURA EC,10
PD,17129,COSAVET FLOW,20
PD,17130,,40
PD,17149,,3
PD,17165,,164
PD,17165,WASAN,19
PD,17170,BELKAP EXTRA,31
PD,17178,,1213
PD,17178,TOTAL GREEN L,78
PD,17193,MAZICA,0.44
PD,17194,DICARINI,102.08
PD,17203,PETANCK SC,26
PD,17204,,451
PD,17205,CIDIAL,12
PD,17209,,40
PD,17209,DAVAI,1046
PD,17211,GENKOTSU,74
PD,17212,,283
PD,17212,ISERAN,2356
PD,17217,,20.25
PD,17217,ARMICARB SPRAY PFnPE,75
PD,17234,,1.5
PD,17248,,87
PD,17248,ZORVEC VINABEL,35
PD,17254,,2.3
PD,17261,POKER GEO,720
PD,17268,,50
PD,17268,KUKI 70,45
PD,17270,ASCRA XPRO,584
PD,17272,SERIFEL,126.5
PD,17275,IPANEMA,14
PD,17275,NOTO CLASS,6
PD,17278,,292
PD,17278,KIDEKA,494
PD,17284,RODEO PLUS,5065
PD,17293,DIAGONAL,568
PD,17294,,3
PD,17294,ZORVEC EPICALTRIN,0.9
PD,17298,MARQUIS,23
PD,17300,KINDRA,148
PD,17304,KAN-DOO,112
PD,17305,OMIX,5
PD,17309,TAYREX,3
PD,17319,,7
PD,17320,,29.5
PD,17320,SENIOR 75 WG,106
PD,17323,CONTENDER 800,1
PD,17328,"RHIZOPON AA POLVERE 0,5%",1.5
PD,17330,RHIZOPON AA POLVERE 2%,0.5
PD,17343,ALTER 80,25
PD,17344,DIPIRIL,3
PD,17345,ARPEL WG,10
PD,17346,,256
PD,17346,EXOSET 240 EC,948
PD,17348,SPITFIRE,24
PD,17353,KAMBA 480 SL,1
PD,17358,,522
PD,17358,BLAISE ULTRA,1332
PD,17360,,254
PD,17360,MAGO,4487
PD,17369,ECOMIX,1555
PD,17371,,220
PD,17372,COPRANTOL 30 WG,65
PD,17373,CYCLO MAX SC,23
PD,17377,,0.71
PD,17377,REFINE SX,41.22
PD,17378,GACHINKO,21.6
PD,17387,WARDEN C,3
PD,17389,SHARK PF,6
PD,17396,ORASO PRO,395
PD,17398,,928
PD,17402,BOTECTOR NEW,10
PD,17407,WINTECH,1173
PD,17410,DRONSAR,24
PD,17421,AGRIZOLE 250,1
PD,17422,,96
PD,17422,ENVITA SC,3683
PD,17435,RIDOMIL GOLD COMBI WG,2194
PD,17436,WARDEN F,198
PD,17438,,38
PD,17438,DRIBBLING EC,60
PD,17451,,48
PD,17451,TEKKEN,454
PD,17452,,48.75
PD,17452,TARCAN,2.25
PD,17454,,3790.8
PD,17454,ENCARIT,1810
PD,17455,PALIO,189.5
PD,17461,,92.98
PD,17461,ORONDIS,3
PD,17469,,112.11
PD,17469,TAEGRO,118.76
PD,17470,,10
PD,17470,LIMOCIDE,333
PD,17471,,109.2
PD,17472,,911
PD,17472,JADE,825
PD,17475,RODAL 240,3.5
PD,17489,BELTHIRUL,3
PD,17496,,202
PD,17497,CALDERA,7
PD,17502,LINCE,2
PD,17503,BORDOLESE 20,975
PD,17523,LUMIX BIO,23
PD,17524,ALCOBAN,7
PD,17532,CONTENDER PLUS,38
PD,17541,,139
PD,17541,CHANTICO,181.5
PD,17544,KABUL,271
PD,17549,SENPAI,3
PD,17555,MERITARE,550
PD,17573,,1238
PD,17580,GOLTIX SUPER,95
PD,17586,,456
PD,17586,AXIAL ONE,812
PD,17597,,9
PD,17597,SHINKON,1.13
PD,17598,,18.5
PD,17598,AFINTO,16.28
PD,17601,ANDROMEDA,16
PD,17605,BACK 100 SC,160
PD,17611,,63
PD,17612,,319.58
PD,17612,RABONA,105.75
PD,17613,MACUSOL,60
PD,17615,WARDEN EVO,7
PD,17631,,80
PD,17633,TROLLER 50 SC,3.75
PD,17634,,2223
PD,17634,FRAXION,194
PD,17638,AZUMO 80 WG,1000
PD,17650,IRONMAX PRO,600
PD,17651,,580
PD,17651,METAREX ONE,535
PD,17655,,515
PD,17656,BIOVIS,16
PD,17660,ACTIGAN EKO,25
PD,17661,PRESTIGAN EKO,12
PD,17665,,1
PD,17666,,78
PD,17666,PROSARO PLUS,327
PD,17671,,103
PD,17671,VENZAR SC,9
PD,17680,,14
PD,17680,GALILEO,1151
PD,17681,FRAMEX,324
PD,17682,CASINO ROYALE,20
PD,17683,MALLEN,5
PD,17687,ELTIRA,27
PD,17689,,13
PD,17689,MOXYL MK,13
PD,17692,CURAME 25 WG GREEN,480
PD,17693,,3680
PD,17693,HATTRICK 30 WG,330
PD,17696,SUPRACAFFARO 30 WG,70
PD,17698,ASSORAM ELITE 20 WDG,1140
PD,17699,IDROX 15,1710
PD,17709,MIDAURIL R FLOW,60
PD,17726,,2.7
PD,17726,REXXAR,5.9
PD,17736,,875
PD,17742,PRIVIUM,1
PD,17743,SHALLOW,320
PD,17744,CHOUCAS,66
PD,17745,PREDILECTO,301
PD,17746,,44
PD,17746,CLEMATIS,153
PD,17749,DRONE,205
PD,17751,PRAKTIS,290
PD,17752,,20
PD,17752,STAVENTO,434
PD,17754,,49
PD,17754,REVYCARE,1782
PD,17760,,15.4
PD,17766,ENERVIN SYSTEM,1744
PD,17767,CORPRIMA,48.5
PD,17769,VULPIN,3
PD,17781,EUSKATEL,353.6
PD,17785,,10
PD,17785,ZORVEC ENTECTA,2.5
PD,17797,,36
PD,17798,BOX,25
PD,17803,,162
PD,17804,ESSEN’CIEL,80
PD,17807,,14
PD,17807,PARLEAF,1093.5
PD,17810,,70
PD,17813,,5
PD,17813,NYMEO,55
PD,17819,,596
PD,17820,,35
PD,17824,,421
PD,17824,MIRADOR TURBO,470
PD,17826,,92
PD,17826,DOMARK 125 PLUS,80
PD,17834,CELADA LB 400,6.35
PD,17840,,1575
PD,17840,OLIOCIN PLUS,50
PD,17863,AFFLANK,10
PD,17864,PHYTON,6
PD,17865,,255
PD,17870,GEISER,214.09
PD,17873,,1008.15
PD,17880,,10
PD,17880,AZULEO,3
PD,17888,,32.5
PD,17888,VOLIAM,150.9
PD,17890,GEATER MAXI,1530
PD,17894,TRIKA ENERGY,440
PD,17896,FORTUNE DISPERSS,21160
PD,17897,,3100
PD,17904,,1
PD,17913,,807
PD,17917,ZORIONA,90
PD,17920,,731
PD,17920,GHIBLI TM,185
PD,17921,,3745
PD,17922,,603
PD,17923,ARNOS SC,3
PD,17924,,28
PD,17931,,1321
PD,17932,ORO-QUIN,742
PD,17938,,653
PD,17938,CLINIC TF,20
PD,17943,,77.43
PD,17943,RINPODE BV,10.4
PD,17944,HOKONZA,187
PD,17946,,312
PD,17951,,568.5
PD,17951,AUDACE SC,1002
PD,17952,PLANTIVAX SL,53
PD,17953,AVOXA,60
PD,17955,,332
PD,17955,MAGANIC,1217
PD,17957,HERITAGE,1
PD,17959,VALDOR EXPERT,12
PD,17961,SOILGUARD 0.5 GR,620
PD,17962,ACELEPRYN 200 SC,1.55
PD,17963,TIOVIT 800 L,30
PD,17966,,10
PD,17976,MESOCORE 100 SC,1596
PD,18000,DECIS TRAP DROSOPHILA,20
PD,18001,MIKONOS,75
PD,18002,Vitanica TC Protect,26
PD,18003,,150
PD,18003,CUNEB,50
PD,18021,PECARI 300,244.35
PD,18022,,2925
PD,18044,PATTON FLEX,274
PD,18056,,212
PD,18067,,443
PD,18067,MAXENTIS,337
PD,18070,,1873
PD,18070,JANERO 480 SL,555
PD,18072,,7
PD,18072,SONAVIO,25
PD,18074,,5885
PD,18074,ROUNDUP FUTURE,19577
PD,18074,ROUNDUP FUTURE 1 L,3
PD,18074,ROUNDUP FUTURE 15 L,15
PD,18074,ROUNDUP FUTURE 5 L,5
PD,18076,FLAME DUO,22.48
PD,18081,,75
PD,18081,DIFECOL,293
PD,18082,SERCADIS SC,129.9
PD,18084,,33526
PD,18092,,272
PD,18092,REVYSTAR XL,518
PD,18097,MECTINA,700
PD,18109,,6
PD,18109,KASKO MET,241
PD,18111,,37
PD,18111,ARRODIM,332
PD,18119,,36
PD,18119,SINALA,1101
PD,18121,,108
PD,18121,MIKAL PREMIUM,48
PD,18125,ALLSTAR,0.5
PD,18126,BOTREFIN Plus,13
PD,18129,METSO,177
PD,18133,,7
PD,18133,TACOS,293
PD,18137,,361
PD,18137,REVYSION,2115
PD,18138,,1150
PD,18139,IRONITE PFNPE,987.5
PD,18139,IRONITE PFNPE  da gr 1000,60
PD,18139,IRONITE PFNPE  da gr 500,42
PD,18139,IRONITE PFNPE 1 Kg,34
PD,18143,QUESTAR,15
PD,18148,BUGGY GOLD,2020
PD,18149,EXITUL,75
PD,18152,,1262
PD,18155,REVYSTAR,7
PD,18159,,640
PD,18166,,37
PD,18166,MERISTO,4
PD,18172,,185
PD,18176,,177
PD,18176,EDAPTIS,479
PD,18181,,877
PD,18181,UNIVOQ,1504
PD,18190,MODIF,133
PD,18206,,74.81
PD,18206,ZONGRUUM,3.38
PD,18213,BACILLUS CHEMIA PFnPE,17.7
PD,18213,BACILLUS CHEMIA PFnPE 100 g,2.4
PD,18213,BACILLUS CHEMIA PFnPE 50 g,1.15
PD,18216,,12
PD,18216,VITIKAPPA PFnPE,174.75
PD,18222,,403
PD,18222,FERRAMOL PFnPE,1192
PD,18222,FERRAMOL PFnPE  da gr 1000,41
PD,18222,FERRAMOL PFnPE  da gr 500,12
PD,18223,NATRIA LUMACHICIDA PFnPE,69
PD,18223,NATRIA LUMACHICIDA PFnPE 1 Kg,107
PD,18223,NATRIA LUMACHICIDA PFnPE 500 g,23.5
PD,18224,SAPULI',230
PD,18225,,0.25
PD,18225,SIMPELL,0.5
PD,18226,,12
PD,18229,BAC MK PFnPE,3.9
PD,18232,,0.5
PD,18232,BORDOFLOW NEW PFnPE,398.85
PD,18235,,223.6
PD,18235,CIOPPER PFnPE,77.6
PD,18235,CIOPPER PFnPE  da ml 200,5.2
PD,18239,,5.35
PD,18239,FLIPPER PFNPE,11.55
PD,18241,,10
PD,18241,IDRORAME FLOW PFnPE,251.8
PD,18242,,12.55
PD,18242,LEPINOX PLUS PFnPE,53.91
PD,18242,LEPINOX PLUS PFnPE 50 g,0.1
PD,18244,,32.53
PD,18244,MOMENTUM PFnPE,83.36
PD,18244,MOMENTUM PFnPE 180 g,4.5
PD,18245,,51
PD,18245,POLTIGLIA MANICA 20 WG PFnPE,404
PD,18245,Poltiglia Manica 20 WG PFnPE WG box,0.45
PD,18251,TIOLENE PFnPE,34
PD,18253,,7.5
PD,18253,VERDERAME 20 WG PFnPE,283
PD,18254,ZOLVIS 80 SECTOR PFnPE,294
PD,18256,NISUS 3B PFnPE,78.5
PD,18257,,0.2
PD,18257,3LOGY PFnPE,8.92
PD,18258,ALFIL WG PFnPE,4.8
PD,18259,BARBARIAN BIOGRADE 360 PFnPE,2757.9
PD,18259,BARBARIAN BIOGRADE 360 PFnPE  da gr,200.5
PD,18261,BARCLAY GALLUP BIOGRADE 360 PFnPE,3531
PD,18263,,38
PD,18263,BIOLID UP PFnPE,444.9
PD,18263,BIOLID UP PFnPE 500 ml,9
PD,18266,,0.7
PD,18266,COBRE NORDOX SUPER 75 WG PFnPE,4.4
PD,18267,,5.4
PD,18267,CONTENDER 80 WG PFnPE,45.6
PD,18269,,121.5
PD,18269,GLIFENE BIOGRADE PFnPE,2190
PD,18270,,3518.5
PD,18270,GLIPHOGAN TOP CL PFnPE,7475.82
PD,18277,,291
PD,18277,SHAMAL MK PLUS CL PFnPE,2169.8
PD,18279,TAIFUN MK CL PFnPE,176
PD,18282,TRUSTEE 450 PFnPE,160.5
PD,18282,TRUSTEE 450 PFnPE  da gr 500,41
PD,18282,TRUSTEE 450 PFnPE 500 ml,528
PD,18283,XEDAVIR PFnPE,14.25
PD,18284,,11.4
PD,18284,WANAX PFnPE,12.8
PD,18287,V-DIM 240 EC,320
PD,18288,,15
PD,18290,FOLPETIS 50 SC,7
PD,18292,,540
PD,18292,YUKON,1480
PD,18293,,235
PD,18293,MELODY FLEX,130
PD,18299,DEED,12
PD,18300,,5
PD,18304,CLOWN,178
PD,18310,MELVAR,35
PD,18312,,273
PD,18313,FERRONITE PFNPE,628
PD,18318,PRINCIPAL FORTE,77.36
PD,18321,NITIDE,24
PD,18332,LOGRADO 360 SL,4116
PD,18337,CRESENDO,90
PD,18338,,20
PD,18339,KELSOS,30
PD,18369,,250
PD,18369,HALVETIC,660
PD,18379,STELLAR,2580
PD,18393,CURZATE EFFE WG,30
PD,18394,FALTEX 50 SC,230
PD,18395,,50
PD,18395,FOLTAN 50 SC,85
PD,18401,KINVARA ME,40
PD,18402,ELEDURA,10
PD,18404,,126
PD,18404,AXIAL 50 EC,213
PD,18409,,7.25
PD,18409,LADIVA,5
PD,18424,BIOMAGNET AMBER,0
PD,18432,LS PYRACLOSTROBIN 250,5
PD,18445,PANTERA TOP,1554
PD,18451,,111.99
PD,18451,LEPINOX WG,32.25
PD,18459,FURY STAR,160
PD,18484,,5
PD,18484,CAYUNIS,308
PD,18490,,117
PD,18490,BRIXTON,1718
PD,18495,KYLEO TOP,145
PD,18496,NOFLY OD,99
PD,18522,CRATER,1
PD,18525,,155
PD,18528,,12
PD,18528,ORONDIS ULTRA VEG,99
PD,18530,,100
PD,18530,WEEDMASTER PRO 540,80
PD,18543,DIFESTAR,6
PD,18544,,2200
PD,18554,AZBANY DUO,30
PD,18562,BEAST,120
PD,18585,,6.3
PD,18585,SHENZI 200 SC,70.2
PD,18609,,0.6
PD,18626,,300
PD,18626,SURROUND WP CROP PROTECTANT,2612.5
PD,18642,IRONFORTE ANTILUMACA PFNPE 1 Kg,3
PD,18642,IRONFORTE ANTILUMACA PFNPE 500 g,0.5
PD,18654,CARDIS,93
PD,18655,MISHA,328
PD,18700,FIBONSAD,26
PD,18702,,10
PD,18710,MACHO EVO,138
PD,18716,PIMIENTO SUPER,9
PD,18721,,60
PD,18721,MALERBANE DELUXE,70
PD,18724,STARSHIP 100 SC,14
PD,18725,,168
PD,18725,JIANUS,84
PD,18728,,220
PD,18735,BISBITA,2830
PD,18736,,148
PD,18736,TELOSIO 45,197
PD,18747,CONFLUX,22
PD,18748,PANDORA,13
PD,18750,INTUITY PRO,4
PD,18767,,470
PD,18788,,31
PD,18805,PENCO PLUS,7
PD,18809,,7
PD,18809,VIBALLA,4
PD,18814,GOLTIX TOP,13
PD,18817,,117
PD,18827,KUNKOP 480 SC,31.5
PD,18837,CONSERVE GRAIN,104
PD,18912,,536
PD,18912,LORTAMA,43
PD,18912,LORTAMA 25,1298
PD,18913,TANARIS BEET,100
PD,18927,,5000
PD,18927,AF-X1 2025,7875
PD,19009,,205
RO,13,,8880
RO,13,THIOPRON,10500
RO,17,U 46 COMBI FLUID,23
RO,599,,100
RO,599,ACUPRICO 76 WG,2050
RO,619,VALGRAN,29
RO,909,,460
RO,909,POLISOLFURO DI CALCIO POLISENIO,600
RO,1155,CHEMOL 90 EL,125
RO,1156,,4225
RO,1156,CHEMOL,14187
RO,1562,,29
RO,1573,BASAMID GRANULAT,1200
RO,1583,,7260
RO,1583,MICROTHIOL DISPERSS,16350
RO,1936,LIQUIZOL M,90
RO,2191,,104
RO,2191,WETTING PLUS,523
RO,2259,,15
RO,2260,,19
RO,2260,GASTROTOX E,37
RO,2307,,16
RO,2307,VECTOR,527
RO,2603,ESCACIDE,27
RO,2732,,293
RO,2732,GOLTIX,2352
RO,2923,,2252
RO,2923,TIOVIT JET,1257
RO,3102,,25
RO,3102,OLEOTER,3
RO,3132,SEPR-OIL,5
RO,3163,U 46 M STAR,104
RO,3343,,51
RO,3343,U46 M CLASS,35
RO,3412,,26
RO,3412,SYLLIT 65,124
RO,3486,TRISCABOL DG,48
RO,3503,AGRUMIN,18
RO,3519,,160
RO,3519,METAMBANE,271
RO,3553,,665
RO,3553,CURZATE,953
RO,3745,METAM,1210
RO,3767,,70
RO,3767,FENOXILENE 200,892
RO,3779,VAPAM,200
RO,3817,,41
RO,3817,DISERBONE KN,2327
RO,3817,DISERBONE KN LT. 1,3
RO,4090,MALERBANE CEREALI,88
RO,4701,,6
RO,4701,PIRIMOR 50,129
RO,4710,,204
RO,4710,ALIETTE,1733
RO,5152,TIOSPOR WG,431
RO,5333,GIBRESOL,1.5
RO,5574,LUMAKIDIN 5G,70
RO,6001,,10
RO,6001,BETAFIL FL,5
RO,6321,STIMOLANTE 66F,65
RO,6322,OBSTHORMON 24A,82
RO,6437,,38
RO,6437,ETHREL,69
RO,6556,,2
RO,6556,K-OBIOL DP2,5
RO,6557,,4
RO,6557,K-OBIOL EC 25,3
RO,6771,,349
RO,6873,IDRORAME 193,20
RO,6945,,12
RO,6945,TOPAS 10 EC,40
RO,7020,BAGNANTE CIFO,469
RO,7368,TURFENE L,9
RO,7379,,1.5
RO,7379,VENZAR,18
RO,7401,POLTIGLIA CAFFARO 20 DF NEW,280
RO,7454,ORMONE AG COMPRESSE,4.65
RO,7483,,52
RO,7483,DEVRINOL F,487
RO,7640,SPOLLONANTE G,3
RO,7644,TENSIL,1111
RO,7700,,61
RO,7700,MATACAR FL,143.4
RO,7741,,150
RO,7764,TIOLENE,753
RO,7764,TIOLENE PFNPE,6
RO,7919,,220
RO,7919,TOUCHDOWN,6000
RO,7930,,352
RO,7930,KERB FLO,2295
RO,7961,RIZOLEX  GOLD,2
RO,8023,SUMIALFA ECHO,91
RO,8102,,366
RO,8102,MERPAN 80 WDG,5490
RO,8139,MANTA GOLD,492
RO,8146,GALLERY,31
RO,8184,,925
RO,8184,CHALLENGE,992
RO,8189,,17050
RO,8189,"LEBRON 0,5 G",820
RO,8259,,32
RO,8259,LAMDEX EXTRA,3547
RO,8320,DELFIN,6
RO,8376,,1063
RO,8376,ARIANE II,1466
RO,8498,,0.5
RO,8498,FOLICUR WG,198.5
RO,8498,FOLICUR WG GR.. 500,1.5
RO,8546,,48
RO,8546,DANITRON,103
RO,8599,,17
RO,8599,GOLD BEET,350
RO,8601,,755
RO,8601,FOLPAN 80 WDG,1483
RO,8706,,17.5
RO,8706,AMID THIN W,61
RO,8712,ALLEGANTE 4% AF 96,36
RO,8717,GERAMID NEU,13
RO,8735,,539
RO,8735,TREBON UP,913.5
RO,8795,,36
RO,8795,VERTIMEC EC,403
RO,8801,,19
RO,8801,SCORE 25 EC,387.5
RO,8836,MIMIC,170
RO,8837,GERMON BEWURZELUNGSPUDER PER TALEE ,0.1
RO,8843,NISSHIN,5
RO,8874,,21
RO,8874,ETOFUM - FL,120
RO,8929,TOPIK 240 EC,331.5
RO,8934,,9
RO,8934,SCALA,100
RO,8937,SHIRUDO,2
RO,9005,AGIL,2034
RO,9005,AGIL LT. 1,22
RO,9005,AGIL LT. 5,20
RO,9012,CUPROCAFFARO MICRO,740
RO,9041,,2400
RO,9061,PANTOPUR MC,142
RO,9210,QUADRIS,21
RO,9244,,180
RO,9244,ZIRAMIT 76 WG,2490
RO,9280,TOPAS 200 EW,1
RO,9286,OHAYO,79
RO,9306,PROPLANT,1
RO,9373,CHORUS,26
RO,9380,,6125
RO,9422,,31
RO,9422,EVADE,167.25
RO,9448,RIFLE 3-18 R BLU,68
RO,9449,EMERALD COMBI,2
RO,9509,,0.5
RO,9509,PROMALIN NT,95.5
RO,9531,,12
RO,9569,ZETARAM 3B FL,410
RO,9578,,132
RO,9578,SWITCH,956
RO,9612,OSSICLOR 30,380
RO,9627,SOLUTION 20 DISPERSS,1280
RO,9631,METRIN EC,38
RO,9655,PRIMIAL WG,1
RO,9679,,66
RO,9679,KRISTAL 32 WG,217
RO,9705,,120
RO,9705,PREVITER,105
RO,9724,TIOWETTING DF,192
RO,9757,,5
RO,9757,SPYRALE,78
RO,9787,MICROBAGNABILE WG,20
RO,9790,,32
RO,9790,CONTATTO 320,182
RO,9800,,300.75
RO,9800,MAVRIK SMART,795.4
RO,9809,,360
RO,9809,MALVIN 80 WG,1110
RO,9843,,112
RO,9843,BASAGRAN SG,1614
RO,9843,BASAGRAN SG KG. 3,6
RO,9952,,10
RO,9954,,73
RO,9954,JOKER,4089
RO,9954,JOKER LT. 1,3
RO,10048,KUMULUS TECNO,300
RO,10117,,567
RO,10117,STRATOS ULTRA,1102
RO,10118,,55
RO,10118,AMISTAR,27.8
RO,10161,,1171
RO,10161,ORTIVA,449
RO,10199,LERAM HI BIO,385
RO,10220,,567
RO,10220,DICOPUR COMBI,215
RO,10296,,170
RO,10305,,347
RO,10305,OIKOS,307
RO,10306,MISTRAL,419
RO,10350,,6
RO,10350,BLAST SG,261
RO,10357,RIGRON SG,3
RO,10381,CONCORDE 40 EW,34
RO,10415,ARIC 480 L.S.,10.5
RO,10423,LUMACHICIDA VEBI,6
RO,10439,,213
RO,10439,SPRAY DUNGER GLOBAL,3
RO,10440,EXPANDER,20
RO,10461,DICOTURF,1.5
RO,10479,,26
RO,10479,NATURALIS,15
RO,10506,LALSTOP K61 WP,58.4
RO,10573,,1990
RO,10573,KOCIDE 2000,3609
RO,10577,,1395
RO,10577,METRIPHAR 70 WG,2684.5
RO,10577,METRIPHAR 70 WG GR. 500,6.5
RO,10585,SULCOTREK,195
RO,10604,EMERALD 40 EW,43
RO,10632,COBRE NORDOX SUPER 75 WG,354
RO,10671,CUAGRO HI BIO,800
RO,10701,CUMETA FLOW,1880
RO,10710,TOMAGAN,1
RO,10741,,34
RO,10741,METACINQUE,790
RO,10771,,661
RO,10771,MOST MICRO,2369
RO,10889,,2
RO,10890,,25
RO,10890,FLiPPER,76
RO,10892,OSSICLOR 50 PB MANICA,40
RO,10926,,30
RO,10926,ALTOREX,106
RO,10929,CHIKARA 25 WG,7.4
RO,10944,,265.75
RO,10944,KARATE ZEON,314
RO,10948,VITISAN WG,4
RO,10952,CARPOVIRUSINE PLUS,5
RO,10976,METEOR,237.25
RO,10999,,36
RO,10999,BETANAL SE,429
RO,11011,,1327
RO,11011,DASH HC,1694
RO,11011,DASH HC LT. 1,10
RO,11040,POLTIGLIA BORDOLESE DISPERSS BLU,880
RO,11044,TUREX,3
RO,11059,,737
RO,11059,BIOPOWER,586
RO,11062,BION 50 WG,36
RO,11070,,720
RO,11102,HELIOSOUFRE S,270
RO,11119,FLINT,84
RO,11120,,94
RO,11133,,145
RO,11133,SHELTER,146.5
RO,11147,,140.5
RO,11165,POLAK,5
RO,11183,PROGERBALIN LG,31
RO,11185,,2
RO,11185,GERLAGIB LG,26
RO,11196,SULFAR,810
RO,11206,,727.5
RO,11206,CODACIDE,3772.5
RO,11243,,227
RO,11243,LEOPARD 5 EC,5189
RO,11243,LEOPARD 5 EC LT. 1,24
RO,11243,LEOPARD 5 EC LT. 5,15
RO,11252,LALSTOP Contans WG,96
RO,11253,CALLISTO,286
RO,11255,,389
RO,11257,COSTAR WG,199.5
RO,11258,,190
RO,11258,FAZOR STAR,375
RO,11341,STARANE GOLD,304
RO,11341,STARANE GOLD LT. 1,4
RO,11353,,5
RO,11353,FUSILADE MAX,397
RO,11393,BEETLE,809
RO,11396,WIRK,12
RO,11435,FLORANET,155
RO,11479,BRANCHER DIRADO,85
RO,11497,,1
RO,11513,EXILIS,350
RO,11526,,220
RO,11526,SULTAN,929
RO,11549,ISOMATE OFM ROSSO FLEX,7.22
RO,11551,ISOMATE C PLUS,0.67
RO,11552,ISOMATE C TT,1.16
RO,11561,,155
RO,11561,NEEMAZAL T/S,92
RO,11569,,10
RO,11569,CUPROXAT S.D.I.,16
RO,11637,,106
RO,11637,CUPROFIX C DISPERSS,591
RO,11649,,183
RO,11649,COMMAND 36 CS,674.16
RO,11678,,10
RO,11678,ACTELLIC 2/P NEWPHARM,23
RO,11679,GIBERAL COMPRESSE,0.5
RO,11690,GOAL 480 SC,7
RO,11693,LASER,97.9
RO,11705,BIO-GLOBAL L,12
RO,11760,,1980
RO,11760,POLITHIOL,980
RO,11767,BIG MAIS,20
RO,11779,KOP-TWIN,50
RO,11789,MANAGER,1
RO,11793,XENTARI WG,12
RO,11794,PRESSING 500,0.75
RO,11857,MIDAURIL COMBI,9
RO,11872,RIFLE 3-18-R,1
RO,11908,VENTUREX 400 SC,6
RO,11991,NEEMIK TEN,465
RO,12010,TUAREG,5
RO,12023,,232
RO,12023,KLARTAN SMART,24
RO,12043,,52
RO,12043,PREVICUR ENERGY,559
RO,12068,,160
RO,12068,TEFLUSTAR,1080
RO,12090,,110
RO,12090,MICROSED GEO,1500
RO,12096,,1230
RO,12096,POLTIGLIA DISPERSS,8709
RO,12100,ASSET DUO,6
RO,12106,TALENDO,13
RO,12114,AUXIGER LG,139
RO,12117,ENIFUL,2
RO,12133,,3
RO,12133,JUVINAL GOLD,58
RO,12170,,5
RO,12170,HELIOCUIVRE,95
RO,12172,FERRAMOL,136
RO,12225,,1
RO,12225,TEPPEKI,89.4
RO,12296,GAIO SX,0.16
RO,12319,KRONOS,37
RO,12361,ALGEDI,34.6
RO,12375,SUGAR 500 SC,972
RO,12381,NU-FILM-P,25
RO,12395,CUTRIL TOP,190
RO,12437,,235
RO,12437,DELAN 70 WG,930
RO,12452,,178
RO,12452,EQUIP,1332
RO,12452,EQUIP LT. 1,6
RO,12452,EQUIP LT. 5,5
RO,12461,FINALSAN ERBICIDA PROFESSIONAL,2
RO,12489,DIFCOR 250,7
RO,12514,,20
RO,12514,VIPER,305
RO,12522,METRO,0.5
RO,12534,,3
RO,12534,FOXTAIL,15
RO,12538,,10
RO,12538,MYSTIC 25 WG,30
RO,12540,,33
RO,12540,REGRAN EXTRA,4
RO,12548,XANILO 45 WG,1.5
RO,12566,,1
RO,12573,EKO OIL SPRAY,5
RO,12590,,1670
RO,12590,DIASTAR MAXI,14900
RO,12647,GLITTER,135
RO,12661,NEXOL 10 WG,25
RO,12662,,585
RO,12662,METAFOL 700 SC,95
RO,12671,,18.48
RO,12671,HARMONY 50 SX,25.98
RO,12671,HARMONY 50 SX GR. 10,0.23
RO,12678,CEDOMON PLUS,3000
RO,12737,AIRONE PIU',1090
RO,12748,,17
RO,12756,DICOTEX,2
RO,12761,,19
RO,12761,AGRIMIX TOP,3
RO,12770,ALAR 85 GOLD,20
RO,12788,ADIGOR,129
RO,12792,,352
RO,12792,MAGIC TANDEM,1585
RO,12806,,621
RO,12806,FEDOR,4118
RO,12828,,10
RO,12828,SITOFEX,15
RO,12831,INSIGNIA,3
RO,12833,ISOMATE C/OFM,6.5
RO,12843,,1.48
RO,12843,CHECKMATE CM-F,2.22
RO,12847,EAGLE,7.79
RO,12857,,2
RO,12857,PROREX,99.5
RO,12860,MILBEKNOCK,48
RO,12862,CANTUS,15
RO,12866,,14
RO,12866,COLLIS,100
RO,12868,,52
RO,12868,BELLIS,137
RO,12869,,49
RO,12869,SIGNUM,2747
RO,12878,,1125
RO,12878,FOLPAN GOLD,2649
RO,12883,PROSPER 300 CS,652
RO,12886,,695
RO,12886,KARATHANE STAR,1110
RO,12888,LEPINOX PLUS,1.2
RO,12916,,435
RO,12916,SACRON 45 WG,270
RO,12933,,40
RO,12940,,80
RO,12940,KARATE ZEON 1.5,1355.5
RO,12949,AZUPEC 80 WG,87
RO,12954,SPECTRUM,861
RO,12954,SPECTRUM LT. 1,4
RO,12960,STARPROP,78
RO,12961,,2
RO,12961,HEREU,5
RO,12994,VIVER ELITE WG,520.5
RO,13012,,15
RO,13012,FOLVIT 80 WDG,30
RO,13020,MICRORAM 35 WG,115
RO,13062,DiPel DF,20
RO,13063,REGULEX 10 SG,1.7
RO,13064,VITENE ULTRA SC,106
RO,13065,,1
RO,13065,DOMARK 125,36
RO,13076,BRAITEX  PRO,46
RO,13084,,39
RO,13084,TELDOR PLUS,130
RO,13093,STOMP AQUA,2184
RO,13098,ROUNDUP POWER 2.0,1867
RO,13104,,25
RO,13104,ALGOR PLATIN,350
RO,13116,MEDOR 35 CLASS,1
RO,13120,,253
RO,13120,MYSTIC 430 SC,41
RO,13127,,1040
RO,13149,POLTIGLIA MANICA 20 WG,12
RO,13150,CURAME 25 WG,5
RO,13154,MONDAK 480 S,45
RO,13158,REMEDIER,63
RO,13166,,101
RO,13168,,518
RO,13168,LAUDIS,11105
RO,13179,PLAYER COMBI SC,4
RO,13213,R6 ERRESEI ALBIS,1
RO,13218,,10
RO,13218,FINALSAN PLUS,21
RO,13225,,2
RO,13236,BULLET,336
RO,13242,NICOGAN V.O.,3852
RO,13244,ZOLFO VENTILATO STELLA,50
RO,13250,,150
RO,13252,,329
RO,13252,PLAYER 250 SC,26
RO,13253,PLAYER SC,18
RO,13254,PLAYER 25 WG,2319
RO,13290,,800
RO,13313,,11
RO,13313,CASPER,48
RO,13327,GRANSTAR ULTRA SX,58.2
RO,13329,OMNEX 10 EC,156
RO,13356,AGRIZOLE,2
RO,13367,DIVO,426
RO,13377,,3
RO,13377,COLUMBUS,45
RO,13382,,1702.5
RO,13382,PERGADO SC,895
RO,13386,,50
RO,13386,PROSARO,1527
RO,13386,PROSARO LT. 1,16
RO,13387,,30.21
RO,13387,FLORAMIX,177.55
RO,13388,,1.06
RO,13389,,534
RO,13389,AFFIRM,3425
RO,13391,,464
RO,13391,CYTHRIN 50 EC,1208
RO,13447,HELMSTAR 75 WG,1.47
RO,13447,HELMSTAR 75 WG GR. 10,0.01
RO,13451,SPARVIERO,759
RO,13466,,397
RO,13466,SPOTLIGHT PLUS,699
RO,13471,,210
RO,13471,NICOZEA OD,102
RO,13485,,6270
RO,13485,FOLPEC 80 WG ADVANCE,2250
RO,13489,,1
RO,13489,CYMBAL,1.5
RO,13552,ZOLVIS 80 SECTOR,129
RO,13560,FORZA,1195.27
RO,13578,RAME CAFFARO BLU WG NEW,27
RO,13592,,993
RO,13592,VOLARE,751
RO,13600,,25
RO,13635,POLTIGLIA 20 PB MANICA,510
RO,13637,PERGADO F,45
RO,13689,,12
RO,13689,FLINT MAX,16.68
RO,13693,BACILLUS CHEMIA,0.1
RO,13698,,1
RO,13698,VIVANDO,759.5
RO,13701,,106.8
RO,13711,,2024
RO,13714,FOLPEC 50 SC,44
RO,13736,TRACE,6
RO,13741,SELECTA DISPERSS,10
RO,13753,GAL-GONE,74
RO,13771,,349
RO,13771,NIMROD 250 EW,580
RO,13782,DOURO 10 WG,30
RO,13789,PRIMERO,19
RO,13792,,16
RO,13792,STABILAN,70
RO,13796,CELL,1046
RO,13807,RAVENAS,3
RO,13809,,14150
RO,13809,FORCE ULTRA,28460
RO,13823,,118
RO,13823,ALVERDE,1177
RO,13841,,1868
RO,13841,FOCUS ULTRA,6094
RO,13841,FOCUS ULTRA LT. 1,14
RO,13888,FANTIC F NC WG,673
RO,13895,SAVIRAN STAR,200
RO,13905,,333
RO,13905,BANJO,884
RO,13925,,21.5
RO,13926,SPONSOR,0.5
RO,13930,MARINS 200 CLASS,14
RO,13981,,87.9
RO,13981,CORAGEN,875.48
RO,13983,HUSSAR MAXX PRO,363
RO,14044,JOKER 480,3
RO,14058,,11.5
RO,14058,FEINZIN 70 DF,328
RO,14058,FEINZIN 70 DF GR. 250,0.25
RO,14061,TRIANUM-P,48.5
RO,14062,,485
RO,14062,ZOXIUM 240 SC,983
RO,14100,,2
RO,14100,KANEMITE,40
RO,14101,CARAMBA,1591
RO,14102,BORDOFLOW NEW,80
RO,14109,NICOSH,14
RO,14122,KATAR,225
RO,14128,ZIGNAL,11
RO,14135,GRENADIER 75 DF,0.29
RO,14137,,165.9
RO,14137,ALTACOR,214.7
RO,14155,,240
RO,14165,,628
RO,14165,NANDO MAXI,1759
RO,14178,TRI-BASE,10
RO,14182,,10
RO,14182,ARES 25 WG,751
RO,14193,,2
RO,14193,SARMOX 45 DG,22
RO,14195,,541
RO,14195,KENDO WITH ZEON TECHNOLOGY,25
RO,14204,,6
RO,14204,75A,22
RO,14210,,75
RO,14210,EVURE PRO,927
RO,14214,RAPSAN 500 SC,4
RO,14232,CYTHRIN MAX,54.5
RO,14245,THIRAS,32.25
RO,14262,GREENEX NF,12
RO,14336,NEMATHORIN 150 EC,167
RO,14375,LION 5 EC,355
RO,14387,NERVURE SUPER,2
RO,14390,BOOM EFEKT,2956
RO,14407,RUNWAY,1
RO,14418,,10
RO,14418,PULSAR 40 SL,23
RO,14431,,13
RO,14431,LENTAGRAN 45 WP,165.5
RO,14440,SOLAR 360,28410
RO,14440,SOLAR 360 LT. 20,180
RO,14440,SOLAR 360 LT. 5,45
RO,14460,KOBAN 600,819
RO,14479,,860
RO,14479,SCHERMO 0.5 G,48094
RO,14479,SCHERMO 0.5 G KG. 10,210
RO,14523,CARPO 600,266.31
RO,14540,SEPARO,3
RO,14547,BAC MK,0.4
RO,14549,KRYSTAL VIP WP,44
RO,14559,AGREE WG,140
RO,14576,CUTRIL EVO,60
RO,14582,FENGIB,43
RO,14629,GAT TESSLA 25 WG,86
RO,14636,,671
RO,14636,BIOLID UP,3554
RO,14642,,217
RO,14642,RIDOMIL GOLD R WG,5121
RO,14660,BTK 32 WG,39
RO,14664,BERELEX 40 SG,11.24
RO,14683,,0.1
RO,14683,BERMERAX,2.26
RO,14686,,570
RO,14699,,20
RO,14699,GEOXE,158.5
RO,14709,,5
RO,14728,CELIO,51
RO,14735,,72.5
RO,14735,RANMAN TOP,242.5
RO,14764,SLUXX HP,20
RO,14765,ELUMIS,768
RO,14769,COMET 250 EC,286
RO,14794,AVALON SC,960
RO,14801,,4
RO,14801,ADMIRAL GOLD,1
RO,14808,PROXANIL SC,350
RO,14830,,2605
RO,14830,CUPROFIX ULTRA DISPERSS,140
RO,14836,BARBARIAN BIOGRADE 360,160
RO,14837,TARTAN,375
RO,14838,BARCLAY GALLUP BIOGRADE 360,919
RO,14845,,7
RO,14846,AVALON 250 EW,619
RO,14867,SYNERO,58
RO,14872,,12.5
RO,14872,BELLIS DRUPACEE,66
RO,14876,GRANDSTAND,1
RO,14879,,7.65
RO,14879,LONTREL 72 SG,5.7
RO,14884,,231
RO,14884,CORUM,3194
RO,14884,CORUM LT. 1,14
RO,14884,CORUM LT. 5,30
RO,14891,,20
RO,14891,TRICO,10
RO,14897,FLUROSTAR 200 LT. 1,1
RO,14918,,12
RO,14918,RIVIOR,159
RO,14935,,73
RO,14935,TIMELINE TRIO,904
RO,14935,TIMELINE TRIO LT. 1,2
RO,14936,AMPLIGO,845
RO,14940,,5.8
RO,14944,FLUXYR 200 EC,62
RO,14967,TIPTOR ULTRA,275
RO,14967,TIPTOR ULTRA LT. 1,7
RO,14969,HOPPER 480,760
RO,14972,,2
RO,14972,DICARZOL 50 SP,252
RO,14980,,8
RO,15005,,22
RO,15005,FONTELIS,39
RO,15023,,40
RO,15023,DERREX,60
RO,15044,,684
RO,15047,R6 ERRESEI BORDEAUX WG,16
RO,15048,INDOXAN 45 WDG,114
RO,15049,MODDUS,55
RO,15051,,2840
RO,15051,KYLEO,10875
RO,15052,KAIMO SORBIE,107
RO,15056,,5
RO,15056,TOMCATO,20
RO,15059,,373
RO,15059,DECIS EVO,1710
RO,15059,DECIS EVO LT. 1,3
RO,15059,DECIS EVO ML. 250,2.75
RO,15062,,657
RO,15062,PIRAMAX  EC,451
RO,15063,NIMBLE,1.4
RO,15071,EVOLUTION,1
RO,15083,AUDACE,336
RO,15084,DRUM,6.5
RO,15096,GLIPHOGAN TOP CL,950
RO,15101,CIMORAM ULTRA WG,15
RO,15102,CURZATE ERRE EVO,1114
RO,15111,MIRADOR SC,67
RO,15115,,28
RO,15115,PROSPER 500 EC,135
RO,15122,ACTELLIC 50 NEWPHARM,1
RO,15130,INTREPID,3
RO,15142,,10
RO,15142,ALCANCE SYNC TEC,9361
RO,15149,COSAVET DF EDGE,240
RO,15180,PLATFORM PLUS,133
RO,15198,,316
RO,15198,AZBANY,47
RO,15199,SAKURA,1524
RO,15201,FLOXY 400 SC,28
RO,15223,PANTANI,975
RO,15229,,4025
RO,15229,STOPPER P,155
RO,15233,DALET TRIO,12
RO,15235,,2
RO,15235,MOMENTUM,20
RO,15247,STOY,305
RO,15251,AIRONE LIQUIDO,4302
RO,15253,,57
RO,15253,FALCON MK,12
RO,15264,,3
RO,15264,ENERVIN SC,1195
RO,15265,,1663
RO,15265,PROMAN FLOW,4074
RO,15265,PROMAN FLOW LT. 1,16
RO,15265,PROMAN FLOW LT. 5,15
RO,15275,DURAVIS,191
RO,15275,DURAVIS KG. 1,23
RO,15291,TURFENE PLUS,13.5
RO,15293,MAVITA 250 EC,1
RO,15294,,561
RO,15294,KENDO BI-ACTIVE,20
RO,15299,METIX R,17
RO,15302,,108
RO,15302,AMYLO-X,184
RO,15307,,46.5
RO,15311,,30
RO,15313,THIAMON FLOW,750
RO,15317,,87
RO,15317,SESTO GOLD,25
RO,15326,,3720
RO,15326,CUPROTEK DISPERSS,1400
RO,15331,ZEFIR 25 WDG,525.5
RO,15335,,96
RO,15337,,0.1
RO,15337,EXPRESS,3.2
RO,15344,,21
RO,15344,FILAN WG,17
RO,15348,RIDOMIL GOLD R LIQUIDO,1313
RO,15349,ARES 430 SC,1479
RO,15358,ZOLFO FLOW MCT,580
RO,15363,MEDEIRO 80 WG ADVANCE,180
RO,15369,MAGMA TRIPLE,29
RO,15375,NIC 4,1
RO,15378,,72
RO,15378,TRAXOS PRONTO 60,1259
RO,15378,TRAXOS PRONTO 60 LT. 1,7
RO,15379,,24.75
RO,15379,AXIAL PRONTO 60,207
RO,15384,,75
RO,15384,LUNA EXPERIENCE,220
RO,15389,,1770
RO,15398,KAMIKAZE,157
RO,15401,TAIFUN MK CL,41371
RO,15402,,72
RO,15402,DELTASAP,111
RO,15409,SUPER DELTA,1
RO,15410,DECA,515
RO,15411,DISHA,2
RO,15419,ELECTIS R FLOW,30
RO,15422,,3.42
RO,15422,TITUS DUO,12.78
RO,15433,ATLAS,4
RO,15438,SANMITE 10 SC,4
RO,15449,CIDELY,9
RO,15483,WISH,175
RO,15491,SWORD UP,203.5
RO,15493,SIMUN 40 OD,25
RO,15501,,2
RO,15501,QUIZ,511
RO,15507,CREW SUPERB,113
RO,15513,OSSICLOR 35 WG GREEN,828
RO,15536,,409
RO,15536,ANTAL,108
RO,15537,DELTAGRI,36
RO,15543,,1
RO,15543,LUMACHICIDA FER PFnPE,1060.7
RO,15543,LUMACHICIDA FER PFnPE 500 gr,7
RO,15546,,4.9
RO,15546,BIATHLON 4D,556.45
RO,15546,BIATHLON 4D GR. 100,1.2
RO,15546,BIATHLON 4D GR. 350,0.7
RO,15549,PROLECTUS 50 WG,30
RO,15550,,271
RO,15550,MERLIN FLEXX XTRA,45
RO,15553,,57
RO,15553,REGALIS PLUS,67.5
RO,15563,TRAILER,4.3
RO,15563,TRAILER GR. 20,0.04
RO,15566,,74
RO,15566,VISION PLUS,548
RO,15574,KARMA 85,985
RO,15576,CLERANDA,20
RO,15583,,573
RO,15583,PIRAT,167
RO,15598,,31
RO,15598,CARPOVIRUSINE EVO 2,48
RO,15610,CYPERKILL 50 EC,88
RO,15612,,13.35
RO,15612,SEMPRA,17.1
RO,15621,BOTTO 50 EC,169
RO,15629,BADGER 45% WG,6.5
RO,15635,,775.5
RO,15635,ADENGO XTRA,4663.5
RO,15635,ADENGO XTRA LT. 5,5
RO,15635,ADENGO XTRA ML. 0.500,9.5
RO,15642,HYDRA PLUS,96
RO,15654,ACCORD,106
RO,15655,KEETON 25 WG,51
RO,15665,KEMPO SORBIE,127
RO,15668,GHIBLI 240 OD,2
RO,15680,MITHRA 40 SC,17
RO,15689,DIFENZONE,2
RO,15710,,20
RO,15710,CLINCHER ONE,20
RO,15712,,6340
RO,15712,SATELITE,100
RO,15718,,8.75
RO,15718,GRANSTAR TRIO,4.8
RO,15722,ARMICARB 85,270
RO,15724,BETTAPHAM,5
RO,15741,,70
RO,15741,AVADEX FACTOR,1610
RO,15744,REBOOT,91
RO,15748,,164
RO,15748,SYLLIT 544 SC,324
RO,15752,CIDELY TOP,87
RO,15753,PYXIDES DUO,25
RO,15769,,2662
RO,15769,MERO,70
RO,15790,,10
RO,15790,AMISTAR TOP,35
RO,15806,ONYX,15
RO,15831,VACCIPLANT,21
RO,15836,,5
RO,15836,RATRON GW,1
RO,15837,,1.5
RO,15837,RATRON GL,19.5
RO,15838,,700
RO,15838,ROUNDUP ULTRAMAX,6730
RO,15840,,24
RO,15840,MONITOR,0.13
RO,15847,MAKURI,0.75
RO,15856,AZAKA,274
RO,15859,KATANGA EXPRESS,420
RO,15868,CENTURION PRO,1387
RO,15869,,2352
RO,15869,OPTIX STAR DISPERSS,3088
RO,15870,,7
RO,15870,CLIOPHAR 600 SL,3
RO,15882,ATILLA,40
RO,15886,METAREX INOV,5
RO,15888,AZOX 25 SC,78
RO,15899,SILICOSEC,30
RO,15900,,4240
RO,15900,TRIKA EXPERT,20550
RO,15901,,8020
RO,15901,ERCOLE,25980
RO,15911,SPIROX,567
RO,15915,,47
RO,15915,STARANE HD,68
RO,15926,,2560
RO,15926,MOJANG 600,10602
RO,15948,,40
RO,15948,SINSAJO,103
RO,15961,,50
RO,15961,RETENGO NEW,530
RO,15986,VEGAS 50 WG,11.4
RO,15990,,1
RO,15990,SCIROCCO 125 EW,1
RO,16007,,1322
RO,16007,REWARD,207
RO,16023,DIMBO 480 SL,76
RO,16032,,26
RO,16033,,3
RO,16033,HEREU SC,43.5
RO,16034,DOURO 100 EC,9
RO,16037,MOJANG TX,730
RO,16038,CABRIO WG,215
RO,16041,BATTLE DELTA,23
RO,16042,TOSCANA,0.02
RO,16054,,8
RO,16054,SINSTAR,128
RO,16064,CREDIT 540,80
RO,16065,SERRATE,50.75
RO,16068,FOLDER 80 WG,561
RO,16074,GLORIAL 25 EC,465
RO,16076,,35
RO,16076,SOLIS,1716
RO,16083,STIKER FLOW,0.5
RO,16084,,5
RO,16084,BREVIS,25
RO,16085,TRIMUR,1.28
RO,16086,NEMGUARD GRANULES,560
RO,16089,BUGUIS,439.98
RO,16092,,521
RO,16092,CICLOPE,61
RO,16101,TOPAS COMBI LIQUIDO,53
RO,16104,ELECTIS TRIO WDG,19
RO,16126,FLANCO SC,0.2
RO,16131,POTTOK,20
RO,16149,,1
RO,16157,ATLANTIS FLEX,46.2
RO,16167,MARACANA,3
RO,16170,,20
RO,16170,TRICUP FLOW,261
RO,16171,,10
RO,16178,,100
RO,16179,,730
RO,16179,FOLLOW 80 WG,15
RO,16182,CLICK PRO,15
RO,16187,TANGO R PLUS,50
RO,16191,,195
RO,16191,TRIMAXX,299
RO,16197,COPPERFIELD 17 WG,72
RO,16199,CUPRORAM 35 WG BLU,2
RO,16200,,30
RO,16200,CUPRORAM 35 WG NC,2850
RO,16205,MEXIRAM IDRO 20 HI,110
RO,16208,CLEANCLASTER,280
RO,16221,,19.6
RO,16221,MADEX TOP,4.4
RO,16226,CIMOTER RAME WG,250
RO,16232,MINERVE,86
RO,16235,,85
RO,16235,KEYFOL WG,150
RO,16237,GOLBEX WG,135
RO,16242,CAPTAIN 80 WG,60
RO,16248,FERREX,2358
RO,16249,,10
RO,16249,CARDINAL 50 WG,10
RO,16251,,123
RO,16251,AFFIRM OPTI,1415
RO,16252,,60
RO,16252,AMISTAR GOLD,10
RO,16261,BELOUKHA,20
RO,16271,FRESCO,500
RO,16273,,56
RO,16273,SIVANTO PRIME,479
RO,16285,KALIMBA,268
RO,16287,SOLIGOR,1024
RO,16290,AMADEUS ULTRA,25.49
RO,16293,,17
RO,16293,PACLOT NEW,21
RO,16295,,98
RO,16296,,3
RO,16299,,2385
RO,16299,PASSAT SL,202
RO,16305,BONZI,23
RO,16312,,8
RO,16312,TOMIGAN,41
RO,16313,OMNERA LQM,192
RO,16314,,35
RO,16314,ZOXIS 250 SC,983
RO,16322,PENNY,11
RO,16323,PENDIWIN,4
RO,16325,,1208
RO,16325,EPIK SL,5221.75
RO,16335,LIETO SC,198
RO,16336,,128
RO,16336,DELAN SC,160
RO,16363,,171.8
RO,16363,SIRTAKI,1877.6
RO,16363,SIRTAKI LT. 1,6
RO,16363,SIRTAKI ML. 300,1.8
RO,16364,,1025
RO,16364,BISMARK,6311
RO,16364,BISMARK LT. 1,6
RO,16364,BISMARK LT. 5,5
RO,16369,,40
RO,16369,ORTIVA TOP SC,327
RO,16376,PROXIMO,56
RO,16379,,2005
RO,16379,PREV-AM PLUS,382
RO,16381,CALLICORE,508
RO,16384,,1628
RO,16384,ELATUS ERA,2002
RO,16385,,9.5
RO,16385,ELATUS PLUS,39.75
RO,16395,MOHICAN 500 SC,146
RO,16415,MADEX TWIN,0.9
RO,16425,,27
RO,16425,LASER 120 SC,461.5
RO,16427,SERENVA,2
RO,16433,FLINT RISO,41
RO,16438,,183
RO,16438,VELUM PRIME,107
RO,16442,,9
RO,16442,PROFILER,873
RO,16448,NEALTA,9
RO,16457,,1350
RO,16457,POLTIGLIA 20 WG GREEN,583
RO,16458,OSSICLOR 30 GREEN,20
RO,16461,,586
RO,16461,CENTURION 240 NEO,309
RO,16472,,112
RO,16472,CONVISO ONE,211
RO,16480,,144
RO,16480,3LOGY,255
RO,16481,,191.6
RO,16481,CALLISTO 480,132.3
RO,16485,,27
RO,16485,ROMULAN,70
RO,16492,,100
RO,16498,,400
RO,16498,CETUS 360 CS,460
RO,16500,TRIBAL,2.33
RO,16509,IBISCO,16
RO,16523,MISTER C,11.02
RO,16527,TELLUS WP,3
RO,16538,KITAMBA,1
RO,16548,CHECKMATE PUFFER OFM,9.25
RO,16562,,210
RO,16562,DELAN PRO,1120
RO,16563,DOROTRIN 25 EC,177.9
RO,16565,,0.7
RO,16565,EXECUTIVE GOLD,14.3
RO,16566,KUPPER 20 WG,400
RO,16570,,27
RO,16570,SENCOR 600 SC,902
RO,16572,DAKOFAKA,83.3
RO,16573,,372
RO,16573,FIGHTER,124
RO,16574,,1
RO,16575,TRIMMER 50 WG,3.02
RO,16577,,47
RO,16577,U46 COMBI DUO,27
RO,16578,MELODY COMPACT WG,7
RO,16596,SANIUM SL25 PFnPE,2.7
RO,16598,SANIUM AL PFnPE,78.4
RO,16609,,1520
RO,16609,SAVIAL FORTE,150
RO,16616,,622
RO,16616,VALLEY,2467
RO,16616,VALLEY LT. 1,12
RO,16618,COLZA POWER PFnPE,45.09
RO,16624,,18
RO,16624,LUNA CARE,696
RO,16625,MAINSPRING,2
RO,16630,NATUREN LIMEX PFnPE,408.8
RO,16632,LUNA SENSATION,2.5
RO,16640,,10
RO,16640,MAZA 4% SL,8
RO,16643,SUCCESS GR,918
RO,16654,POLYVERSUM,4.5
RO,16657,,90
RO,16657,CENTURY PRO,1435
RO,16658,,170
RO,16658,DAGONIS,1148
RO,16660,ACTLET C,20
RO,16663,ACTLET F,612
RO,16667,,402
RO,16667,REVOLUTION,649
RO,16690,,152
RO,16690,KESTREL,1021.75
RO,16694,CHANON,305
RO,16699,,7.5
RO,16699,RIMURON,7.2
RO,16701,,3
RO,16701,PLAZA,19.7
RO,16734,T34 BIOCONTROL,3
RO,16735,LOBETEC,0.04
RO,16742,NEMGUARD SC,31
RO,16751,REQUIEM prime,5
RO,16753,MERPLUS,36
RO,16761,DELMUR,12
RO,16769,VERIMARK,35.5
RO,16772,,135
RO,16774,ISOMATE C LR MAX TT,1.23
RO,16776,,846.58
RO,16776,ASSET FIVE,561.75
RO,16779,TONALE,86
RO,16780,,400
RO,16780,SERENADE ASO,135
RO,16783,,1562
RO,16783,NICARAGUA,141
RO,16784,CUPROBEL TRI,10
RO,16787,,8
RO,16787,CLINIC ST,4647
RO,16792,PROFILE PLUS,5.5
RO,16796,JOICE 55 D,1077
RO,16797,DEMETRINA 25 EC,232
RO,16802,,273
RO,16802,ZYPAR,6050
RO,16802,ZYPAR LT. 1,21
RO,16802,ZYPAR LT. 3,3
RO,16808,NEXT,4
RO,16813,,14.9
RO,16818,,31
RO,16818,FLUAZINOVA PLUS,404
RO,16819,,12
RO,16827,MAISOT,1
RO,16828,MAKURI MAX,61.5
RO,16831,GLIFENE BIOGRADE,11840
RO,16832,,89
RO,16833,PANTOX 360 SUPER,9733
RO,16835,RAVANE PLUS 100 CS,32
RO,16836,,640
RO,16841,,20
RO,16846,VESTICOR,36.9
RO,16849,STONIC,4
RO,16857,SHORTTRACK,34
RO,16858,KENJA,16
RO,16867,GLISTER STAR,33
RO,16868,,330.5
RO,16868,PACIFICA XPERT,11
RO,16879,ACARIDOIL 13SL,7
RO,16882,,263
RO,16882,PROPULSE,1067
RO,16886,,52
RO,16886,CLOSER,179.25
RO,16891,CAPRENO,9
RO,16892,NEXY,0.23
RO,16895,ZORVEC ENICADE,7.65
RO,16896,ZORVEC ZELAVIN,0.6
RO,16897,KATOUN GOLD,10
RO,16902,AVIATOR XPRO,397
RO,16904,KIDEKA 100 SC,308
RO,16906,GHIBLI PLUS,611
RO,16925,WISH TOP,14
RO,16945,,21.8
RO,16945,SERCADIS,56.6
RO,16946,DARAMUN,415
RO,16950,MANAMID 100 SC,22
RO,16957,ZORVEC VINABRIA,1391
RO,16958,PROLIANT,5.1
RO,16960,ACTLET EVO,15
RO,16963,AVENOX 240,370.5
RO,16968,,45
RO,16968,PENDINOVA,5
RO,16974,GALLUP 360-K,730
RO,16976,,275
RO,16976,VITIKAPPA,650
RO,16988,,540
RO,16988,NAIF,5080
RO,16994,GRIMS DUO,88
RO,17003,PRIAXOR,781
RO,17005,CLOMATE,148
RO,17006,MONCUT,230
RO,17008,LALGUARD M52 OD,85
RO,17009,GLIFOCHEM,1500
RO,17026,,570
RO,17038,TUAREG NEW,5341
RO,17049,VOYAGER,25
RO,17058,ROMEO,49
RO,17066,,13
RO,17066,PRAXIM,331
RO,17075,MOVIDA,13.07
RO,17076,,105
RO,17076,GAZELLE,559
RO,17079,,1570
RO,17079,FORCE EVO,4720
RO,17081,CUPROSSIL IDRO NEW 20 WG,164
RO,17112,DIFCOR,87
RO,17113,MIKAL F,21
RO,17115,,979
RO,17115,ZETROLA,3138
RO,17116,,1203
RO,17116,ACTIVUS ME,2247
RO,17116,ACTIVUS ME LT. 1,18
RO,17116,ACTIVUS ME LT. 5,25
RO,17121,ATLANTIS ACTIV,7.3
RO,17122,IDROX 25 WG,30
RO,17128,JURA EC,10
RO,17149,,40
RO,17149,AZ 250 SC,44
RO,17165,,934
RO,17165,WASAN,104
RO,17168,VERDRAM TRI HI BIO,380
RO,17170,BELKAP EXTRA,40
RO,17178,,1453
RO,17178,TOTAL GREEN L,1641
RO,17193,MAZICA,28.16
RO,17203,PETANCK SC,45
RO,17204,,120
RO,17205,CIDIAL,19
RO,17209,,23
RO,17209,DAVAI,1190
RO,17209,DAVAI LT. 1,4
RO,17212,ISERAN,1127
RO,17217,ARMICARB SPRAY PFnPE,63.75
RO,17226,CHECKMATE PUFFER FRUIT MULTI,26.85
RO,17234,MAYA 70 WG,25
RO,17248,ZORVEC VINABEL,12
RO,17254,SIAGRAN ULTRA,19.4
RO,17255,CHAMANE,85
RO,17261,POKER GEO,5020
RO,17266,DELTAKILL EC,22
RO,17268,,28
RO,17268,KUKI 70,140
RO,17270,,1510
RO,17270,ASCRA XPRO,1322
RO,17275,IPANEMA,387
RO,17275,NOTO CLASS,100
RO,17278,KIDEKA,414
RO,17278,KIDEKA LT. 1,3
RO,17280,AVERT WG,6
RO,17281,PETALIN,181
RO,17284,RODEO PLUS,6700
RO,17284,RODEO PLUS LT. 20,100
RO,17284,RODEO PLUS LT. 5,35
RO,17293,DIAGONAL,1667
RO,17293,DIAGONAL LT. 1,28
RO,17293,DIAGONAL LT. 5,10
RO,17294,,111
RO,17294,ZORVEC EPICALTRIN,4.5
RO,17296,TARLYS,24
RO,17304,KAN-DOO,743
RO,17313,,17
RO,17319,,5
RO,17319,FOXPRO,2
RO,17320,SENIOR 75 WG,605
RO,17325,BUTIK,22
RO,17327,SHERPA 0.8 MG,1988
RO,17340,,3
RO,17340,APHOX 50,30
RO,17346,EXOSET 240 EC,2161
RO,17358,BLAISE ULTRA,1932
RO,17360,,20
RO,17360,MAGO,2577
RO,17366,,18
RO,17366,LOYANT 25 Neo EC,138
RO,17369,,181
RO,17369,ECOMIX,1487
RO,17369,ECOMIX LT. 1,10
RO,17371,,330
RO,17371,FLARE GOLD R LIQUIDO,60
RO,17373,CYCLO MAX SC,40
RO,17377,REFINE SX,49.13
RO,17377,REFINE SX GR. 10,0.06
RO,17378,GACHINKO,24.3
RO,17387,WARDEN C,43
RO,17389,SHARK PF,20.5
RO,17396,ORASO PRO,777
RO,17398,,960
RO,17398,DOMITREL 400 CS,20
RO,17407,WINTECH,1043
RO,17411,,356
RO,17411,ATONIK,4
RO,17421,AGRIZOLE 250,90
RO,17422,,2543
RO,17422,ENVITA SC,752
RO,17427,,30
RO,17432,,45
RO,17432,AGHARTA,19
RO,17435,,192
RO,17435,RIDOMIL GOLD COMBI WG,276
RO,17438,DRIBBLING EC,36
RO,17443,MICROSAP CU PLUS,8
RO,17451,TEKKEN,1021
RO,17452,TARCAN,89
RO,17454,,573
RO,17454,ENCARIT,501
RO,17455,PALIO,209.5
RO,17461,,184
RO,17462,ORONDIS VEG,12
RO,17469,,1.85
RO,17469,TAEGRO,18.13
RO,17470,LIMOCIDE,30
RO,17471,,335
RO,17471,ORDEXO,6
RO,17472,,10
RO,17472,JADE,3856
RO,17475,RODAL 240,4.5
RO,17496,,682
RO,17496,OPTIMO WG,7
RO,17497,CALDERA,400
RO,17498,PULSAR EVO,15
RO,17503,BORDOLESE 20,1380
RO,17506,HOUSTON,0.5
RO,17512,DELTATHRIN,96
RO,17529,MEDOR 70 WDG,2
RO,17532,CONTENDER PLUS,12
RO,17544,KABUL,213
RO,17586,,561
RO,17586,AXIAL ONE,1100
RO,17598,,44.96
RO,17598,AFINTO,90.06
RO,17600,INPUL,2.5
RO,17601,ANDROMEDA,46
RO,17611,POTCLEAN ULTRA 1G,21
RO,17612,,69.75
RO,17612,RABONA,69.75
RO,17615,WARDEN EVO,39
RO,17631,GRIFON EXTRA,100
RO,17633,TROLLER 50 SC,1.5
RO,17634,,1527
RO,17634,FRAXION,9
RO,17651,,335
RO,17651,METAREX ONE,1350
RO,17655,,350
RO,17655,EARLEX,12
RO,17656,,9
RO,17656,BIOVIS,1
RO,17661,PRESTIGAN EKO,25
RO,17665,PYRUS PRO,65
RO,17666,,135
RO,17666,PROSARO PLUS,4368
RO,17666,PROSARO PLUS LT. 1,8
RO,17666,PROSARO PLUS LT. 5,15
RO,17671,,16
RO,17671,VENZAR SC,118
RO,17675,TUTATEC,0.01
RO,17680,GALILEO,333
RO,17682,CASINO ROYALE,6
RO,17687,ELTIRA,350
RO,17693,,20
RO,17693,HATTRICK 30 WG,110
RO,17697,SUPRACAFFARO FLOW,133
RO,17698,ASSORAM ELITE 20 WDG,310
RO,17709,MIDAURIL R FLOW,102
RO,17726,,33.3
RO,17726,REXXAR,5.6
RO,17730,CLIVIS MICRO,120
RO,17736,,1060
RO,17737,KIPE 50 SL,45
RO,17743,SHALLOW,532
RO,17744,CHOUCAS,9
RO,17745,PREDILECTO,217
RO,17746,,71
RO,17746,CLEMATIS,20
RO,17746,CLEMATIS LT. 1,3
RO,17749,DRONE,97
RO,17751,PRAKTIS,362
RO,17752,,120
RO,17752,STAVENTO,387
RO,17754,,48
RO,17754,REVYCARE,5854
RO,17754,REVYCARE LT. 1,4
RO,17760,,50.16
RO,17760,NIRVANA,196.12
RO,17766,ENERVIN SYSTEM,481
RO,17781,EUSKATEL,1149
RO,17785,,314
RO,17785,ZORVEC ENTECTA,69.5
RO,17798,BOX,12
RO,17803,,93
RO,17807,PARLEAF,406
RO,17807,"PARLEAF LT. 2,5",5
RO,17812,,15.4
RO,17813,NYMEO,555
RO,17820,,90
RO,17824,,107
RO,17824,MIRADOR TURBO,168
RO,17826,,8
RO,17826,DOMARK 125 PLUS,12
RO,17834,CELADA LB 400,7.96
RO,17840,,25
RO,17840,OLIOCIN PLUS,25
RO,17863,AFFLANK,1680
RO,17865,,105
RO,17865,RIAMBA,12
RO,17870,GEISER,877.59
RO,17870,GEISER EC ML. 630,16.38
RO,17880,,140
RO,17880,AZULEO,9
RO,17888,,11
RO,17888,VOLIAM,182.24
RO,17889,SIMPLY,30
RO,17890,GEATER MAXI,4740
RO,17894,TRIKA ENERGY,300
RO,17896,FORTUNE DISPERSS,12285
RO,17913,,1986
RO,17917,,25
RO,17918,CORELLO 75 WG,24
RO,17920,,44
RO,17920,GHIBLI TM,224
RO,17921,,2375
RO,17921,BALAYA,95
RO,17922,,48
RO,17924,STRALE 250 EC,710
RO,17932,,585
RO,17932,ORO-QUIN,540
RO,17938,,544
RO,17938,CLINIC TF,35
RO,17943,,36.47
RO,17943,RINPODE BV,27.12
RO,17944,HOKONZA,157
RO,17945,LUMEO,124.2
RO,17946,,545
RO,17946,PEXET DUO,12
RO,17949,,25
RO,17951,,12
RO,17951,AUDACE SC,1246.05
RO,17952,PLANTIVAX SL,239
RO,17955,MAGANIC,379
RO,17963,TIOVIT 800 L,10
RO,17971,FUSILADE FORTE,50
RO,17976,MESOCORE 100 SC,171
RO,17979,VELIFER,10
RO,17980,TUTA PRO PRESS,2
RO,17999,BIOMAGNET ORO,0
RO,18003,CUNEB,40
RO,18011,OIZYSA 480 SL,517
RO,18022,,2923
RO,18022,PROLINE PLUS,964
RO,18044,PATTON FLEX,1146
RO,18067,MAXENTIS,786
RO,18070,,985
RO,18070,JANERO 480 SL,111
RO,18072,,486
RO,18072,SONAVIO,268
RO,18074,,9713
RO,18074,ROUNDUP FUTURE,31103
RO,18074,ROUNDUP FUTURE LT. 15,45
RO,18076,FLAME DUO,38.52
RO,18081,,1211
RO,18081,DIFECOL,330
RO,18082,SERCADIS SC,159.7
RO,18083,LIRONAS,695
RO,18084,,13065
RO,18084,SITRIN,100
RO,18092,,294
RO,18092,REVYSTAR XL,760
RO,18103,PALATOR,5
RO,18108,GLIALKA PLUS,2430
RO,18109,,125
RO,18109,KASKO MET,409
RO,18119,,160
RO,18119,SINALA,115
RO,18121,MIKAL PREMIUM,48
RO,18125,ALLSTAR,38.5
RO,18129,METSO,60
RO,18131,MONTANA 450,900
RO,18133,TACOS,20
RO,18134,DOMARK CEREALI,860
RO,18137,,196
RO,18137,REVYSION,1318
RO,18138,,20
RO,18138,REVYONA,10
RO,18139,IRONITE PFNPE,80
RO,18143,QUESTAR,2520
RO,18147,AUDACE EC,111
RO,18148,BUGGY GOLD,8520
RO,18149,EXITUL,97
RO,18152,,1800
RO,18152,NAVIGATOR,55
RO,18153,ERADICOAT MAX,10
RO,18155,REVYSTAR,30
RO,18159,,10
RO,18163,PRETIL,149
RO,18176,EDAPTIS,54
RO,18181,,770
RO,18181,UNIVOQ,4845
RO,18190,MODIF,68
RO,18206,,416.8
RO,18213,BACILLUS CHEMIA PFnPE,7.15
RO,18216,VITIKAPPA PFnPE,25.8
RO,18222,FERRAMOL PFnPE,555.5
RO,18222,FERRAMOL PFnPE esca lumachicida,93.5
RO,18223,NATRIA LUMACHICIDA PFnPE,18.5
RO,18224,SAPULI',1275
RO,18225,SIMPELL,93
RO,18229,BAC MK PFnPE,4.8
RO,18232,BORDOFLOW NEW PFnPE,130.65
RO,18235,,0.2
RO,18235,CIOPPER PFnPE,50.2
RO,18241,IDRORAME FLOW PFnPE,14.72
RO,18242,LEPINOX PLUS PFnPE,13.02
RO,18244,MOMENTUM PFnPE,4.42
RO,18245,POLTIGLIA MANICA 20 WG PFnPE,39
RO,18251,TIOLENE PFnPE,25
RO,18253,VERDERAME 20 WG PFnPE,40.43
RO,18254,ZOLVIS 80 SECTOR PFnPE,16.5
RO,18256,NISUS 3B PFnPE,8
RO,18257,3LOGY PFnPE,1.2
RO,18259,BARBARIAN BIOGRADE 360 PFnPE,815.5
RO,18261,,22.5
RO,18261,BARCLAY GALLUP BIOGRADE 360 PFnPE,334.5
RO,18263,BIOLID UP PFnPE,66
RO,18266,COBRE NORDOX SUPER 75 WG PFnPE,2.3
RO,18267,CONTENDER 80 WG PFnPE,22.4
RO,18269,GLIFENE BIOGRADE PFnPE,1450.5
RO,18270,,675.5
RO,18270,GLIPHOGAN TOP CL PFnPE,1233.5
RO,18274,NEMGUARD GRANULES PFnPE,0.5
RO,18277,SHAMAL MK PLUS CL PFnPE,402.5
RO,18283,XEDAVIR PFnPE,2
RO,18284,,1
RO,18284,WANAX PFnPE,5.2
RO,18288,BEMOTIUS,10
RO,18292,YUKON,4520
RO,18299,DEED,332
RO,18304,CLOWN,9
RO,18310,,280
RO,18310,MELVAR,109
RO,18312,,196
RO,18313,FERRONITE PFNPE,491
RO,18313,FERRONITE PFNPE esca,72
RO,18318,PRINCIPAL FORTE,87.36
RO,18321,NITIDE,171
RO,18332,LOGRADO 360 SL,1845
RO,18337,CRESENDO,267.5
RO,18338,DITOFLO 700 WG,7
RO,18339,KELSOS,120
RO,18340,ALAKAZAM 500 WG,19
RO,18347,MONOBAC,60
RO,18359,TWINKLE,13
RO,18369,,120
RO,18369,HALVETIC,1650
RO,18379,STELLAR,1910
RO,18393,CURZATE EFFE WG,102
RO,18395,FOLTAN 50 SC,140
RO,18399,RISTER,260
RO,18401,,70
RO,18401,KINVARA ME,625
RO,18404,,85
RO,18404,AXIAL 50 EC,357
RO,18409,LADIVA,1.5
RO,18417,NIMBUS COMBI,49
RO,18424,BIOMAGNET AMBER,0
RO,18425,PRECISE,60
RO,18445,PANTERA TOP,2647
RO,18449,DIXY,3
RO,18459,FURY STAR,2780
RO,18461,AGIXA,240
RO,18469,ZOXIS TOP,200
RO,18477,PROBLAD,9
RO,18484,,72
RO,18484,CAYUNIS,2874
RO,18490,,2
RO,18490,BRIXTON,2198
RO,18495,,135
RO,18495,KYLEO TOP,680
RO,18497,PANORAMA,28
RO,18498,,43
RO,18518,,53
RO,18521,DINAPIC TRIPLE,104
RO,18525,,365
RO,18527,CIBORMOL,300
RO,18528,,56
RO,18528,ORONDIS ULTRA VEG,52
RO,18530,,160
RO,18530,WEEDMASTER PRO 540,3080
RO,18544,,1140
RO,18585,SHENZI 200 SC,494.3
RO,18589,SINCLARE,19
RO,18609,,5.7
RO,18609,MATSUDA WG PLUS,8.4
RO,18609,Matsuda Wg plus 100 gr,1
RO,18626,,2462.5
RO,18626,SURROUND WP CROP PROTECTANT,1312.5
RO,18642,IRONFORTE ANTILUMACA PFNPE,3
RO,18654,CARDIS,229
RO,18655,MISHA,773
RO,18700,FIBONSAD,34
RO,18703,,55
RO,18703,TECORLA,227
RO,18710,MACHO EVO,70
RO,18714,,655
RO,18716,PIMIENTO SUPER,190
RO,18720,U46 D-MAX,57
RO,18724,STARSHIP 100 SC,37
RO,18725,JIANUS,289
RO,18735,BISBITA,960
RO,18736,,75
RO,18737,NORCAS 45,150
RO,18748,PANDORA,24
RO,18750,,12
RO,18750,INTUITY PRO,38
RO,18767,,475
RO,18767,SORIALE,30
RO,18772,BLAIR,129
RO,18788,,5
RO,18788,SELEBEL,554.48
RO,18807,AFIDANE 20 SG,9.5
RO,18809,VIBALLA,89
RO,18814,GOLTIX TOP,60
RO,18817,,13
RO,18826,V-FLEX,16
RO,18827,KUNKOP 480 SC,48.75
RO,18838,EPRID,13.25
RO,18847,,3
RO,18847,CIREVO,28
RO,18864,NAIROBI 500 SC,2
RO,18865,CLOMAX,73
RO,18870,SPEAR-LEP II,50
RO,18912,,70
RO,18912,LORTAMA 25,2823
RO,18913,,10
RO,18913,TANARIS BEET,75
RO,18925,,204
RO,18926,AURA 2025,45
RO,18927,,12787.5
RO,18927,AF-X1 2025,14575
RO,19009,,38950
RO,19011,DIGEO XXI,200
TV,13,,10260
TV,13,THIOPRON,161285
TV,13,THIOPRON LT 10,10
TV,206,ALBENE,90
TV,298,CUPRIN,10
TV,599,ACUPRICO 76 WG,540
TV,619,VALGRAN,1
TV,747,,780
TV,747,ZOLFO SPRUZZABILE,1480
TV,909,POLISOLFURO DI CALCIO POLISENIO,125
TV,1155,CHEMOL 90 EL,9.25
TV,1156,CHEMOL,3091
TV,1156,CHEMOL LT 1,39
TV,1156,CHEMOL LT 25,1625
TV,1156,CHEMOL LT 5,170
TV,1573,BASAMID GRANULAT,160
TV,1583,,45305
TV,1583,MICROTHIOL DISPER SS,600
TV,1583,MICROTHIOL DISPERSS,651361
TV,1583,MICROTHIOL DISPERSS DA 15 KG,1170
TV,1850,IDRORAME FLOW,447.25
TV,1903,SULFURENE,125
TV,1936,,5350
TV,2191,WETTING PLUS,181
TV,2259,PASTA LUMACHICIDA IN GRANI,610
TV,2260,GASTROTOX E,1210
TV,2291,ESCA REGINA N,6
TV,2307,,51
TV,2307,VECTOR,6523
TV,2518,,8
TV,2525,LUMACID AGRO,50
TV,2603,ESCACIDE,165
TV,2732,,8
TV,2732,GOLTIX,522
TV,2923,,314
TV,2923,TIOVIT JET,6316
TV,2923,TIOVIT JET DA 1 KG,181
TV,2923,TIOVIT JET KG 1,50
TV,2923,TIOVIT JET KG 10,110
TV,2923,TIOVIT JET KG 25,650
TV,2983,NIMROD,11
TV,3065,OLIOCIN,50
TV,3102,OLEOTER,12
TV,3102,OLEOTER ML 500,17
TV,3132,SEPR-OIL,1.25
TV,3141,,36
TV,3182,AFITIN L,15
TV,3343,,121
TV,3343,U46 M CLASS,1884
TV,3412,SYLLIT 65,154
TV,3486,,1
TV,3486,TRISCABOL DG,65
TV,3503,AGRUMIN,3378
TV,3553,,1
TV,3553,CURZATE,1650
TV,3553,CURZATE KG 1,2
TV,3658,SIPCAMOL E,0.25
TV,3767,,156
TV,3767,FENOXILENE 200,53
TV,4090,MALERBANE CEREALI,60
TV,4701,PIRIMOR 50,65
TV,4710,,90
TV,4710,ALIETTE,3823
TV,4710,ALIETTE KG 1,5
TV,4710,ALIETTE KG 6,102
TV,5152,,45940
TV,5152,TIOSPOR WG,96319
TV,5152,TIOSPOR WG DA 1 KG,6
TV,5152,TIOSPOR WG DA 20 KG,1020
TV,5414,HERGON WP,10.1
TV,5574,LUMAKIDIN 5G,32
TV,5574,LUMAKIDIN 5G KG 5,40
TV,6136,GERMON L,13.3
TV,6322,OBSTHORMON 24A,10
TV,6438,BI-FEN,2
TV,6556,K-OBIOL DP2,27
TV,6557,,7
TV,6557,K-OBIOL EC 25,48
TV,6834,,1660
TV,6834,TEPETA COMBI FLOW,6380
TV,6873,IDRORAME 193,750
TV,6945,TOPAS 10 EC,68.75
TV,6945,TOPAS 10 EC LT 1,1
TV,6956,,15
TV,7020,,360
TV,7020,BAGNANTE CIFO,3304
TV,7053,PASTA CAFFARO NC,200
TV,7055,,90.5
TV,7055,PASTA CAFFARO BLU,31
TV,7368,TURFENE L,437
TV,7379,,0.5
TV,7379,VENZAR,0.5
TV,7401,,2098
TV,7401,POLTIGLIA CAFFARO 20 DF NEW,71
TV,7454,ORMONE AG COMPRESSE,0.2
TV,7483,DEVRINOL F,20
TV,7640,SPOLLONANTE G,60
TV,7644,TENSIL,127
TV,7700,,4.6
TV,7700,MATACAR FL,17.2
TV,7736,ZOLFO SCORREVOLE TRIVENTILATO 95% S,10900
TV,7737,,325
TV,7764,,520
TV,7764,TIOLENE,30048.5
TV,7911,,180
TV,7911,AIRONE EXTRA,1449
TV,7911,AIRONE EXTRA KG 10,10
TV,7919,,1445
TV,7919,TOUCHDOWN,990
TV,7922,OPALENE FLUID,41
TV,7930,,120
TV,7930,KERB FLO,1489
TV,7961,RIZOLEX  GOLD,141
TV,7983,ZODIAC DFF,40
TV,7984,STRATOS,2
TV,8023,,1303
TV,8023,SUMIALFA ECHO,2159
TV,8028,CALARIS,7
TV,8102,,128
TV,8102,MERPAN 80 WDG,1740
TV,8146,,38
TV,8146,GALLERY,514
TV,8184,CHALLENGE,540
TV,8225,BLUE SHIELD HI BIO,9790
TV,8259,,63
TV,8259,LAMDEX EXTRA,370
TV,8320,DELFIN,15
TV,8376,ARIANE II,90
TV,8376,ARIANE II LT 1,120
TV,8376,ARIANE II LT 5,130
TV,8498,FOLICUR WG,276.5
TV,8546,,24
TV,8546,DANITRON,35
TV,8557,AUXIGIB,170
TV,8558,PIRETRO VERDE,845
TV,8581,,2376
TV,8581,FOLIANE SC,3567
TV,8601,,9211
TV,8601,FOLPAN 80 WDG,37834
TV,8601,FOLPAN 80 WDG KG 1,9
TV,8601,FOLPAN 80 WDG KG 5,300
TV,8706,AMID THIN W,3.5
TV,8715,DIRAMID,14
TV,8735,,1797
TV,8735,TREBON 4P,4
TV,8735,TREBON UP,7728.75
TV,8735,"TREBON UP 0,5",3
TV,8735,"TREBON UP DA 0,5 LT",5.5
TV,8735,TREBON UP ML 500,94
TV,8795,VERTIMEC EC,101
TV,8801,,102.5
TV,8801,SCORE 25 EC,1669
TV,8801,"SCORE 25 EC LT 0,25",0.5
TV,8801,SCORE 25 EC LT 1,3
TV,8836,MIMIC,459
TV,8838,GERMON BEWURZELUNGSPUDER PER TALEE ,0.1
TV,8874,,12
TV,8874,ETOFUM - FL,23
TV,8874,ETOFUM FL,90
TV,8882,,19
TV,8882,ULTRA FINE OIL,219
TV,8899,,1000
TV,8899,ZOLFO VENTILATO RAMATO 5%,3300
TV,8934,,66
TV,8934,SCALA,51
TV,8937,,22
TV,8937,SHIRUDO,199.3
TV,9005,,28
TV,9005,AGIL,1572
TV,9005,AGIL LT 1,52
TV,9005,AGIL LT 5,115
TV,9012,CUPROCAFFARO MICRO,34
TV,9126,CONCORDE COMBI,60
TV,9210,,733
TV,9210,QUADRIS,15110
TV,9210,QUADRIS DA 1 LT,10
TV,9210,QUADRIS LT 1,2
TV,9244,ZIRAMIT 76 WG,20
TV,9280,TOPAS 200 EW,17
TV,9286,OHAYO,5
TV,9342,DELTRIN,5
TV,9373,CHORUS,13
TV,9380,FREEWAY 360,32238
TV,9422,,186.25
TV,9422,EVADE,2305.25
TV,9422,EVADE LT 1,55
TV,9422,EVADE LT 5,70
TV,9448,RIFLE 3-18 R BLU,163
TV,9449,EMERALD COMBI,709
TV,9509,PROMALIN NT,5.5
TV,9569,,22
TV,9569,ZETARAM 3B FL,1113
TV,9575,DRIBBLING 240 EC,30
TV,9578,,445.75
TV,9578,SWITCH,2836.55
TV,9578,"SWITCH DA 0,250 KG",1.25
TV,9578,SWITCH DA 1 KG,2
TV,9578,SWITCH KG 1,2
TV,9627,SOLUTION 20 DISPERSS,6490
TV,9655,,6
TV,9655,PRIMIAL WG,2
TV,9705,PREVITER,1142
TV,9723,DE-SPROUT N,30
TV,9724,TIOWETTING DF KG 10,100
TV,9724,TIOWETTING DF KG 25,425
TV,9790,CONTATTO 320,62
TV,9800,,996.3
TV,9800,MAVRIK SMART,2840.15
TV,9800,"MAVRIK SMART LT 0,15",1.95
TV,9800,MAVRIK SMART LT 1,4
TV,9809,MALVIN 80 WG,12
TV,9843,,21
TV,9843,BASAGRAN SG,491
TV,9954,,169
TV,9954,JOKER,2570
TV,9954,JOKER LT 1,72
TV,9954,JOKER LT 5,20
TV,10029,KING,17.1
TV,10048,KUMULUS TECNO,37700
TV,10117,,384
TV,10117,STRATOS ULTRA,11342
TV,10117,STRATOS ULTRA LT 1,47
TV,10117,STRATOS ULTRA LT 5,55
TV,10118,AMISTAR,257
TV,10142,VERNOIL,2160
TV,10158,PIREFLOR,196
TV,10161,,3
TV,10161,ORTIVA,688
TV,10221,PIMIENTO 600,1
TV,10263,DRIVER,4
TV,10305,OIKOS,458
TV,10306,MISTRAL,321
TV,10350,BLAST SG,60
TV,10357,RIGRON SG,36
TV,10381,CONCORDE 40 EW,1502
TV,10415,ARIC 480 L.S.,25
TV,10415,ARIC 480 L.S. ML 500,12
TV,10423,,64
TV,10423,LUMACHICIDA VEBI,112
TV,10423,LUMACHICIDA VEBI KG 5,110
TV,10425,SCUDEX,84.5
TV,10439,,15
TV,10439,SPRAY DUNGER GLOBAL,313
TV,10439,SPRAY DUNGER GLOBAL HD,60
TV,10474,TERDIM,340
TV,10479,,1031
TV,10479,NATURALIS,915
TV,10506,LALSTOP K61 WP,0.2
TV,10573,,300
TV,10573,KOCIDE 2000,10101
TV,10577,,63.5
TV,10577,METRIPHAR 70 WG,1403.5
TV,10585,,50
TV,10585,SULCOTREK,670
TV,10588,,233
TV,10588,BIOPIREN PLUS,2217
TV,10604,,86
TV,10604,EMERALD 40 EW,540
TV,10604,EMERALD 40 EW PFNPE,1.25
TV,10632,,150
TV,10632,COBRE NORDOX SUPER 75 WG,731
TV,10671,CUAGRO HI BIO,14290
TV,10701,,380
TV,10701,CUMETA FLOW,4315
TV,10741,,129
TV,10741,METACINQUE,3100
TV,10771,,683
TV,10771,MOST MICRO,3810
TV,10771,MOST MICRO LT 1,25
TV,10771,MOST MICRO LT 5,270
TV,10816,,3.75
TV,10816,PIRETRO GARDEN PFnPO,66
TV,10890,,5
TV,10890,FLiPPER,1069.8
TV,10890,FLiPPER LT 5,10
TV,10926,ALTOREX,294
TV,10929,,58
TV,10929,CHIKARA 25 WG,33.8
TV,10944,,19
TV,10944,KARATE ZEON,350.25
TV,10944,KARATE ZEON LT 1,1
TV,10948,VITISAN WG,185.5
TV,10976,,741
TV,10976,METEOR,5842
TV,10976,METEOR LT 1,8
TV,10999,,2
TV,10999,BETANAL SE,12
TV,11011,,55
TV,11011,DASH HC,1186
TV,11011,DASH HC LT 1,16
TV,11011,DASH HC LT 5,5
TV,11040,,70
TV,11041,METIX COMBI,18
TV,11044,TUREX,10
TV,11059,,16
TV,11059,BIOPOWER,319
TV,11070,TIOGOLD DISPERSS,234450
TV,11102,,29620
TV,11102,HELIOSOUFRE S,16951
TV,11107,ECO-TRAP,3
TV,11119,,339.7
TV,11119,FLINT,3116.4
TV,11119,"FLINT 50 WG KG 0,5",5.5
TV,11119,FLINT 50 WG KG 1,3
TV,11119,"FLINT DA 0,5 KG",1.5
TV,11120,ZENITH,62
TV,11133,,438.5
TV,11133,SHELTER,6231.5
TV,11133,"SHELTER KG 0,5",15
TV,11150,,775
TV,11150,ALL SEASONS,150
TV,11165,,52
TV,11183,PROGERBALIN LG,1
TV,11196,SULFAR,160
TV,11197,,80
TV,11197,VITENE 45 WG,5
TV,11206,,72.5
TV,11206,CODACIDE,3857
TV,11206,CODACIDE LT 10,140
TV,11206,"CODACIDE LT 2,5",65
TV,11243,,111
TV,11243,LEOPARD 5 EC,3096
TV,11243,LEOPARD 5 EC LT 1,33
TV,11252,LALSTOP Contans WG,180
TV,11253,CALLISTO,5
TV,11255,DIVAM FLOW,845
TV,11257,COSTAR WG,314.25
TV,11257,COSTAR WG GR 750,7.5
TV,11258,,10
TV,11258,FAZOR STAR,60
TV,11341,,72
TV,11341,STARANE GOLD,1738
TV,11341,STARANE GOLD  LT,2
TV,11353,,559
TV,11353,FUSILADE MAX,1468
TV,11393,BEETLE,223
TV,11402,MELODY COMBI,40
TV,11416,OVIPRON TOP,172
TV,11479,BRANCHER DIRADO,23
TV,11505,READY GERMIPLUS,2688
TV,11523,SEPRADINA 400 SC,12
TV,11526,,15
TV,11526,SULTAN,527
TV,11549,ISOMATE OFM ROSSO FLEX,16
TV,11551,ISOMATE C PLUS,19
TV,11552,ISOMATE C TT,2.5
TV,11561,NEEMAZAL T/S,35
TV,11569,CUPROXAT S.D.I.,17
TV,11619,TIOFLOR WDG,32
TV,11637,,5400
TV,11637,CUPROFIX C DISPERSS,614
TV,11649,,8.8
TV,11649,COMMAND 36 CS,46.6
TV,11654,VERIN,27
TV,11678,ACTELLIC 2/P NEWPHARM,54
TV,11690,GOAL 480 SC,24
TV,11693,,6.65
TV,11693,LASER,51.35
TV,11711,MEXIRAM HI BIO,54
TV,11760,,2040
TV,11760,POLITHIOL,24320
TV,11767,BIG MAIS,10
TV,11779,KOP-TWIN,1437
TV,11786,,0.9
TV,11786,AQ 10 WG,3.6
TV,11786,AQ 10 WG GR 30,0.03
TV,11793,XENTARI WG,63.5
TV,11857,,25
TV,11857,MIDAURIL COMBI,4268
TV,11862,LOBBY,23
TV,11872,RIFLE 3-18-R,120
TV,11908,VENTUREX 400 SC,76
TV,11908,VENTUREX 400 SC LT 5,155
TV,11944,ASPECT,20
TV,11964,POLTIGLIA CAFFARO 20 GD,480
TV,11991,NEEMIK TEN,9
TV,11999,,510
TV,11999,BUSSOLA WG NC,22655
TV,12010,TUAREG,5
TV,12023,KLARTAN SMART,21
TV,12041,,199
TV,12043,PREVICUR ENERGY,194
TV,12043,PREVICUR ENERGY LT 1,16
TV,12043,PREVICUR ENERGY LT 5,40
TV,12044,CURZATE SYSTEM,102.5
TV,12090,,250
TV,12090,MICROSED GEO,10
TV,12096,,10075
TV,12096,POLTIGLIA DISPERSS,89513
TV,12096,POLTIGLIA DISPERSS KG 15,315
TV,12100,,6
TV,12100,ASSET DUO,62
TV,12106,,201
TV,12106,TALENDO,1830.5
TV,12114,AUXIGER LG,62
TV,12133,JUVINAL GOLD,64
TV,12170,,9155
TV,12170,HELIOCUIVRE,8180
TV,12172,FERRAMOL,1
TV,12225,,2
TV,12225,TEPPEKI,49.88
TV,12235,FERRAMOL ESCA LUMACHICIDA PFnPO,45
TV,12319,KRONOS,332
TV,12361,ALGEDI,1.6
TV,12375,SUGAR 500 SC,105
TV,12381,,298
TV,12381,NU-FILM-P,580
TV,12391,FUEGO,0.5
TV,12395,CUTRIL TOP,90
TV,12437,DELAN 70 WG,332
TV,12452,EQUIP,12
TV,12453,,15
TV,12453,MILDICUT,1744
TV,12489,,1
TV,12522,METRO,12
TV,12529,,105
TV,12529,TUCANA 25 EC,537
TV,12534,,2
TV,12534,FOXTAIL,268.25
TV,12540,,2
TV,12548,XANILO 45 WG,737.5
TV,12566,PYGANIC 1.4,364
TV,12590,DIASTAR MAXI,4780
TV,12647,GLITTER,31
TV,12647,GLITTER LT 1,32
TV,12647,GLITTER LT 5,120
TV,12662,METAFOL 700 SC,60
TV,12662,METAFOL 700SC,685
TV,12671,,2.94
TV,12671,HARMONY 50 SX,90.6
TV,12671,HARMONY 50 SX GR 10,0.94
TV,12690,SPRUZIT INSETTICIDA CONCENTRATO PFn,0.08
TV,12691,SPRUZIT INSETTICIDA PRONTO USO PFnP,55
TV,12737,,4740
TV,12737,AIRONE PIU',21661
TV,12737,AIRONE PIU' WG KG 10,100
TV,12738,KING 360 HP,747
TV,12748,GRIFON PIU',16769
TV,12748,GRIFON PIU' KG 10,50
TV,12754,VERDRAM HI BIO,1590
TV,12756,,25
TV,12756,DICOTEX,335.5
TV,12759,OSSICLOR 35 WG,36
TV,12768,SPINTOR FLY,97
TV,12770,ALAR 85 GOLD,267
TV,12792,,8
TV,12792,MAGIC TANDEM,327
TV,12806,,90
TV,12806,FEDOR,1494
TV,12806,FEDOR KG 1,87
TV,12806,FEDOR KG 5,80
TV,12828,SITOFEX,145
TV,12831,INSIGNIA,25
TV,12835,,95.82
TV,12835,ISONET L E,722
TV,12836,ISONET Z,8.2
TV,12859,BORNEO,2
TV,12860,MILBEKNOCK,9
TV,12862,,105
TV,12862,CANTUS,215
TV,12863,FLORAMITE 240 SC,3
TV,12866,COLLIS,1
TV,12866,COLLIS LT 1,1
TV,12868,BELLIS,45
TV,12869,,86
TV,12869,SIGNUM,1878
TV,12873,FANTIC F WG,12
TV,12878,,4686
TV,12878,FOLPAN GOLD,37519
TV,12878,FOLPAN GOLD  DA 5 KG,135
TV,12878,FOLPAN GOLD DA 1 KG,38
TV,12878,FOLPAN GOLD KG 1,40
TV,12878,FOLPAN GOLD KG 5,75
TV,12883,,1530
TV,12883,PROSPER 300 CS,4818
TV,12883,PROSPER 300 CS   LT,11
TV,12883,PROSPER 300 CS LT 1,12
TV,12886,,2292
TV,12886,KARATHANE STAR,21842
TV,12886,KARATHANE STAR  LT.,10
TV,12886,KARATHANE STAR LT 1,25
TV,12888,,27.75
TV,12888,LEPINOX PLUS,15
TV,12889,AVOGADRO,22
TV,12916,,176
TV,12916,SACRON 45 WG,872
TV,12933,,19
TV,12940,,73
TV,12940,KARATE ZEON 1.5,342.5
TV,12940,KARATE ZEON 1.5 LT 1,6
TV,12940,KARATE ZEON 1.5 ML 500,3.5
TV,12949,AZUPEC 80 WG,20827
TV,12954,,60
TV,12954,SPECTRUM,2171
TV,12954,SPECTRUM LT 1,5
TV,12954,SPECTRUM LT 5,25
TV,12960,STARPROP,186
TV,12961,,25
TV,12961,HEREU,48
TV,12994,VIVER ELITE WG,109.5
TV,13012,,4610
TV,13012,FOLVIT 80 WDG,23543
TV,13012,FOLVIT 80 WDG DA 1 KG,50
TV,13018,,14
TV,13018,GONDOR,24
TV,13020,MICRORAM 35 WG,75
TV,13061,,269
TV,13061,BIOBIT DF,275
TV,13062,DiPel DF,176
TV,13064,,3677
TV,13064,VITENE ULTRA SC,13638.5
TV,13064,VITENE ULTRA SC DA 1 LT,5
TV,13065,,470
TV,13065,DOMARK 125,20.25
TV,13068,NEORAM WG,60
TV,13084,,221
TV,13084,TELDOR PLUS,1853
TV,13093,,70
TV,13093,STOMP AQUA,2198
TV,13093,STOMP AQUA  LT,2
TV,13093,STOMP AQUA LT 1,56
TV,13093,STOMP AQUA LT 10,20
TV,13093,STOMP AQUA LT 5,60
TV,13098,,60
TV,13098,ROUNDUP POWER 2.0,1765
TV,13104,ALGOR PLATIN,90
TV,13106,,104
TV,13106,IKANOS,508
TV,13108,CURAME BORDEAUX,44
TV,13116,,13.5
TV,13127,VALIS F,5198
TV,13127,VALIS F 1 KG,31
TV,13127,VALIS F 5 KG,45
TV,13149,POLTIGLIA MANICA 20 WG,19
TV,13150,CURAME 25 WG,66
TV,13152,OPTIX R DISPERSS,4970
TV,13154,,44
TV,13154,MONDAK 480 S,71
TV,13156,CAMBEL 480 S,11
TV,13158,REMEDIER,318
TV,13159,PRIMIAL,2
TV,13168,,59
TV,13168,LAUDIS,1224
TV,13168,LAUDIS LT 1,1
TV,13179,PLAYER COMBI SC,46
TV,13205,ZOLFO MANICA SCORREVOLE DOPPIO RAFF,345
TV,13211,,550
TV,13211,ZOLFO VENTILATO SCORREVOLE 96%,375
TV,13213,,99
TV,13218,FINALSAN PLUS,230
TV,13219,FINALSAN ULTIMA PFnPO,9
TV,13236,,11
TV,13236,BULLET,149
TV,13236,BULLET LT 1,60
TV,13236,BULLET LT 5,80
TV,13242,,119
TV,13242,NICOGAN V.O.,1944.5
TV,13244,,465
TV,13244,ZOLFO VENTILATO STELLA,5700
TV,13249,ZOLFO VENTILATO STELLA RAMATO S,400
TV,13250,,200
TV,13250,ZOLFO VENTILATO STELLA RAMATO B,45
TV,13252,PLAYER 250 SC,573
TV,13252,PLAYER 250 SC DA 1 LT,10
TV,13253,PLAYER SC,432
TV,13255,PLAYER GR,140
TV,13263,BORDORAM 20 WG PFNPE,0.2
TV,13285,,32
TV,13285,SEVERAL,151
TV,13290,,75
TV,13290,ZOLFO MANICA DOPPIO RAFFINATO VENTI,1520
TV,13313,CASPER,83
TV,13327,,6.55
TV,13327,GRANSTAR ULTRA SX,97.6
TV,13327,GRANSTAR ULTRA SX GR 200,3.2
TV,13327,GRANSTAR ULTRA SX GR 50,0.55
TV,13335,,23
TV,13367,DIVO,6
TV,13377,COLUMBUS,201
TV,13382,,4227.5
TV,13382,PERGADO SC,37218.5
TV,13382,"PERGADO SC DA 0,5 LT",1.5
TV,13382,PERGADO SC DA 1 LT,82
TV,13382,PERGADO SC LT 1,57
TV,13382,PERGADO SC ML 500,45.5
TV,13386,PROSARO,61
TV,13387,,4.24
TV,13387,FLORAMIX,105.47
TV,13388,BROADWAY,153.45
TV,13389,,1483
TV,13389,AFFIRM,19093
TV,13389,AFFIRM KG 1,8
TV,13389,AFFIRM KG 10,20
TV,13389,AFFIRM KG 5,15
TV,13391,CYTHRIN 50 EC,251
TV,13405,,2
TV,13430,TENOR SC,2.6
TV,13451,,1
TV,13451,SPARVIERO,37
TV,13466,,719
TV,13466,SPOTLIGHT PLUS,10039
TV,13471,NICOZEA OD,717
TV,13485,,36988
TV,13485,FOLPEC 80 WG ADVANCE,91965
TV,13485,FOLPEC 80 WG ADVANCE DA 10 KG,40
TV,13485,FOLPEC 80 WG ADVANCE KG 1,4
TV,13485,FOLPEC 80 WG ADVANCE KG 10,240
TV,13486,,84
TV,13486,JUDO,68.5
TV,13489,,226
TV,13489,CYMBAL,215.5
TV,13552,ZOLVIS 80 SECTOR,1015
TV,13560,,66
TV,13560,FORZA,9
TV,13581,,17225
TV,13581,ZOLVIS OTTANTA WG,26375
TV,13585,,1420
TV,13585,SOLOFOL,59305
TV,13586,VERDERAME 20 WG,250
TV,13592,,10
TV,13592,VOLARE,162
TV,13600,,25
TV,13600,ZOLFO S.A.I.M. DOPPIO VENTILATO SCO,5985
TV,13604,ZOLFO S.A.I.M. RAFFINATO DOPPIO VEN,500
TV,13635,POLTIGLIA 20 PB MANICA,68.5
TV,13637,,1085
TV,13637,PERGADO F,17365
TV,13689,,4
TV,13689,FLINT MAX,107.5
TV,13689,FLINT MAX GR 500,3.5
TV,13693,BACILLUS  CHEMIA PFnPE,8.24
TV,13693,BACILLUS CHEMIA,21
TV,13698,,480
TV,13698,VIVANDO,5195.75
TV,13698,VIVANDO DA 1 LT,12
TV,13698,VIVANDO LT 1,5
TV,13700,ATLANTIS PRO,171
TV,13714,,4830
TV,13714,FOLPEC 50 SC,7939
TV,13716,CAPTAN ARVESTA 80 WG,20
TV,13753,GAL-GONE,139
TV,13763,WING-P,270
TV,13771,NIMROD 250 EW,45
TV,13782,DOURO 10 WG,10
TV,13792,,10
TV,13792,STABILAN,102
TV,13796,,60
TV,13796,CELL,1267
TV,13809,,2060
TV,13809,FORCE ULTRA,125160
TV,13809,FORCE ULTRA DA 10 KG,180
TV,13809,FORCE ULTRA KG 10,20
TV,13823,,1
TV,13823,ALVERDE,30
TV,13838,XEDAVIR,2.5
TV,13841,,689
TV,13841,FOCUS ULTRA,1529
TV,13841,FOCUS ULTRA LT 1,86
TV,13841,FOCUS ULTRA LT 5,165
TV,13876,APACHE,1
TV,13888,,2760
TV,13888,FANTIC F NC WG,39578
TV,13888,FANTIC F NC WG KG 1,11
TV,13888,FANTIC F NC WG KG 5,30
TV,13895,,5
TV,13895,SAVIRAN STAR,1445
TV,13905,,2
TV,13905,BANJO,161
TV,13926,SPONSOR,148.5
TV,13927,ZAMIR 18,0.5
TV,13981,,159.3
TV,13981,CORAGEN,808.75
TV,13981,CORAGEN (coragen mais 4 HA),2
TV,13981,CORAGEN ML 500,6
TV,13983,HUSSAR MAXX PRO,11
TV,13998,PYRUS 400 SC,76
TV,13998,PYRUS 400 SC DA 1 LT,6
TV,14020,,17
TV,14020,LIDAL,41
TV,14020,LIDAL  LT,36
TV,14024,PERFIL 10 WP,14.5
TV,14044,JOKER 480,108
TV,14058,,20.25
TV,14058,FEINZIN 70 DF,586.8
TV,14058,"FEINZIN 70 DF 0,25",5
TV,14058,"FEINZIN 70 DF DA 0,250 KG",1.5
TV,14061,TRIANUM-P,0.5
TV,14062,,974
TV,14062,ZOXIUM 240 SC,13312
TV,14062,ZOXIUM 240 SC DA 1 LT,30
TV,14062,ZOXIUM 240 SC LT 1,24
TV,14062,ZOXIUM 240 SC lt 5,20
TV,14100,KANEMITE,26
TV,14101,,17
TV,14101,CARAMBA,23
TV,14102,,240
TV,14102,BORDOFLOW NEW,11051
TV,14102,BORDOFLOW NEW PFNPE,0.05
TV,14119,VISIR PENCOTECH,4
TV,14122,KATAR,1
TV,14128,ZIGNAL,16
TV,14137,,0.1
TV,14137,ALTACOR,78.3
TV,14137,ALTACOR GR 100,1
TV,14137,ALTACOR GR 300,11.7
TV,14154,PIRETRO ACTIGREEN,508
TV,14155,,40
TV,14165,,3981
TV,14165,NANDO MAXI,15414
TV,14165,NANDO MAXI LT 1,16
TV,14169,PERGADO R,45
TV,14182,,17
TV,14193,SARMOX 45 DG,780.5
TV,14195,KENDO WITH ZEON TECHNOLOGY,105
TV,14195,KENDO WITH ZEON TECNOLOGY,21
TV,14210,,205.3
TV,14210,EVURE PRO,1304.1
TV,14210,EVURE PRO DA 1 LT,9
TV,14214,RAPSAN 500 SC,189
TV,14257,"UNDERLINE 0,2 G",3
TV,14262,GREENEX NF,78
TV,14263,BIOTEN,5
TV,14336,NEMATHORIN 150 EC,23
TV,14348,,495
TV,14387,NERVURE SUPER,2
TV,14390,,180
TV,14390,BOOM EFEKT,839
TV,14390,BOOM EFEKT DA 5 LT,5
TV,14390,BOOM EFEKT LT 1,99
TV,14390,BOOM EFEKT LT 20,1280
TV,14406,LEIMAY,1881.75
TV,14407,,7
TV,14407,RUNWAY,129.5
TV,14414,DUSTY,6.5
TV,14418,,104
TV,14418,PULSAR 40 SL,282
TV,14418,PULSAR 40 SL LT 1,90
TV,14418,PULSAR 40 SL LT 5,150
TV,14431,LENTAGRAN 45 WP,118
TV,14431,LENTAGRAN 45 WP KG 1,1
TV,14440,SOLAR 360,1610
TV,14460,,61
TV,14460,KOBAN 600,743
TV,14474,TEBUSIP COMBI,18
TV,14479,,60
TV,14479,"SCHERMO 0,5 G",1
TV,14479,SCHERMO 0.5 G,3121
TV,14547,BAC MK,233
TV,14579,,350
TV,14579,RAMIN 30 DF,240
TV,14582,FENGIB,3
TV,14629,,50
TV,14629,GAT TESSLA 25 WG,16
TV,14636,,582
TV,14636,BIOLID UP,2001
TV,14636,BIOLID UP LT 1,1
TV,14636,BIOLID UP LT 5,10
TV,14636,BIOLID UP PFNPE,57.1
TV,14642,,1965
TV,14642,RIDOMIL GOLD R WG,27243
TV,14642,RIDOMIL GOLD R WG DA 1 KG,19
TV,14642,RIDOMIL GOLD R WG DA 5 KG,40
TV,14642,RIDOMIL GOLD R WG KG 1,19
TV,14642,RIDOMIL GOLD R WG KG 5,40
TV,14664,BERELEX 40 SG,0.83
TV,14686,,45
TV,14686,KOCIDE OPTI,5470
TV,14686,KOCIDE OPTI KG 5,5
TV,14699,GEOXE,66
TV,14709,ISOMATE A/OFM,6
TV,14735,RANMAN TOP,1
TV,14764,SLUXX HP,260
TV,14765,,2
TV,14765,ELUMIS,331
TV,14769,COMET 250 EC,1
TV,14772,BANDERA,270
TV,14785,DRISCOLL,0.01
TV,14785,DRISCOLL ML 500,1
TV,14794,AVALON SC,100
TV,14830,,765
TV,14830,CUPROFIX ULTRA DISPERSS,3175
TV,14836,BARBARIAN BIOGRADE 360,342
TV,14836,BARBARIAN BIOGRADE 360 LT 20,800
TV,14836,BARBARIAN BIOGRADE 360 ML 500,1029.5
TV,14837,TARTAN,5520
TV,14838,,9
TV,14838,BARCLAY GALLUP BIOGRADE 360,226
TV,14838,"BARCLAY GALLUP BIOGRADE 360 DA 0,5 ",36
TV,14846,,123
TV,14846,AVALON 250 EW,699
TV,14867,SYNERO,26
TV,14869,,1720
TV,14869,CUPROBEL HYDRO,620
TV,14872,BELLIS DRUPACEE,76.5
TV,14876,GRANDSTAND,15
TV,14879,LONTREL 72 SG,7.95
TV,14879,LONTREL 72SG,4.65
TV,14884,,491
TV,14884,CORUM,3069
TV,14884,CORUM LT 1,8
TV,14884,CORUM LT 5,20
TV,14891,,30
TV,14891,TRICO,184
TV,14897,FLUROSTAR 200,60
TV,14899,,2580
TV,14899,ORISCUS,634
TV,14913,BIOTRIX,2
TV,14916,SILWET SPRINTEX,48
TV,14920,,1100
TV,14920,ZOLFO 80 WP ZOLFINDUSTRIA,1980
TV,14935,TIMELINE TRIO,60
TV,14936,,5
TV,14936,AMPLIGO,290
TV,14938,DEDICATE,12.25
TV,14938,DEDICATE ML 250,8.25
TV,14947,TRUSTEE 450,187
TV,14947,TRUSTEE 450 PFnPE,1025.5
TV,14967,,21
TV,14972,,2
TV,14972,DICARZOL 50 SP,59
TV,15005,FONTELIS,21
TV,15008,,28
TV,15013,NATRIA LUMACHICIDA,186
TV,15023,DERREX,100
TV,15037,,77
TV,15037,BREZZA,154
TV,15037,BREZZA LT 1,8
TV,15039,GAMIT 36 CS,0.5
TV,15047,R6 ERRESEI BORDEAUX WG,1415
TV,15048,,414
TV,15048,INDOXAN 45 WDG,282
TV,15049,MODDUS,37
TV,15051,,100
TV,15051,KYLEO,1255
TV,15051,KYLEO LT 20,860
TV,15052,,167.9
TV,15052,KAIMO SORBIE,66
TV,15056,TOMCATO,55
TV,15058,,2.2
TV,15058,PRINCIPAL MAIS,135.96
TV,15059,,766.75
TV,15059,DECIS EVO,5671.5
TV,15059,DECIS EVO LT 1,60
TV,15059,DECIS EVO LT 5,65
TV,15062,PIRAMAX  EC,565
TV,15063,,0.2
TV,15063,NIMBLE,4.6
TV,15071,,212
TV,15071,EVOLUTION,1165
TV,15071,EVOLUTION LT 1,10
TV,15071,EVOLUTION LT 5,20
TV,15096,,224
TV,15096,GLIPHOGAN TOP CL,0.5
TV,15096,GLIPHOGAN TOP CL PFNPE,20
TV,15102,,14
TV,15102,CURZATE ERRE EVO,1266
TV,15102,CURZATE ERRE EVO DA 1 KG,65
TV,15102,CURZATE ERRE EVO DA 10 KG,100
TV,15102,CURZATE ERRE EVO KG 1,40
TV,15102,CURZATE ERRE EVO KG 10,30
TV,15111,,14
TV,15111,MIRADOR SC,20
TV,15115,,84
TV,15115,PROSPER 500 EC,1147
TV,15121,,900
TV,15121,BIOCUPRO,8430
TV,15122,ACTELLIC 50 NEWPHARM,48
TV,15126,TALENDO EXTRA,192
TV,15127,,5
TV,15127,SANVINO,43
TV,15129,PROMINENT,57
TV,15130,,4
TV,15130,INTREPID,2
TV,15142,,69
TV,15142,ALCANCE SYNC TEC,9029.6
TV,15142,ALCANCE SYNC TEC DA 1 LT,2
TV,15142,ALCANCE SYNC TEC DA 5 LT,10
TV,15142,ALCANCE SYNC TEC LT 1,72
TV,15142,ALCANCE SYNC TEC LT 10,300
TV,15142,ALCANCE SYNC TEC LT 5,180
TV,15149,,5300
TV,15149,COSAVET DF EDGE,105860
TV,15149,COSAVET DF EDGE KG 25,800
TV,15180,PLATFORM PLUS,699
TV,15186,WEEDAGRO 600 D,111
TV,15196,FOSBEL EXTRA,25
TV,15199,SAKURA,2
TV,15200,QUALY,7
TV,15201,,5
TV,15201,FLOXY 400 SC,399
TV,15201,FLOXY 400 SC LT 1,15
TV,15201,FLOXY 400 SC LT 5,20
TV,15213,DEMETRINA FLOW,0.6
TV,15213,DEMETRINA FLOW ML 500,11.5
TV,15213,DEMETRINA FLOW PFNPE,0.04
TV,15221,ZETARAM PLUS,2
TV,15223,PANTANI,13
TV,15229,STOPPER P,85
TV,15233,DALET TRIO,277
TV,15235,MOMENTUM,11.5
TV,15247,STOY,101
TV,15251,,680
TV,15251,AIRONE LIQUIDO,7359
TV,15251,AIRONE LIQUIDO LT 10,50
TV,15253,,5
TV,15253,FALCON MK,1082
TV,15260,PRORADIX,0.5
TV,15263,DYNALI,95
TV,15264,,7816
TV,15264,ENERVIN SC,77814
TV,15264,ENERVIN SC DA 3 LT,24
TV,15264,ENERVIN SC LT 3,81
TV,15265,,56
TV,15265,PROMAN FLOW,6616
TV,15265,PROMAN FLOW LT 10,1
TV,15266,CERAXEL,70
TV,15266,QUARTET,10
TV,15267,KUSABI,301
TV,15275,DURAVIS,625
TV,15281,MICROMEGAS,2
TV,15291,,7
TV,15291,TURFENE PLUS,34
TV,15292,,80.5
TV,15293,,31
TV,15293,MAVITA 250 EC,23
TV,15297,HERBISTOP PRONTO USO GIARDINO PFnPO,1
TV,15299,,25
TV,15302,,949
TV,15302,AMYLO-X,1992
TV,15313,THIAMON FLOW,1150
TV,15317,SESTO GOLD,16277
TV,15326,CUPROTEK DISPERSS,13450
TV,15330,PINDARUS 25 WDG,75.5
TV,15331,ZEFIR 25 WDG,35
TV,15333,APPLAUD PLUS,0.02
TV,15335,U 46 ULTRA,4
TV,15337,EXPRESS,0.7
TV,15344,FILAN WG,98
TV,15346,FLEXITY,498.5
TV,15348,,16
TV,15348,RIDOMIL GOLD R LIQUIDO,736
TV,15349,,36
TV,15349,ARES 430 SC,115
TV,15358,ZOLFO FLOW MCT,100
TV,15361,LIETO SC LT 1,12
TV,15361,LIETO SC LT 10,70
TV,15363,,3978
TV,15363,MEDEIRO 80 WG ADVANCE,6038
TV,15369,MAGMA TRIPLE,265
TV,15375,NIC 4,14
TV,15378,,21
TV,15378,TRAXOS PRONTO 60,38
TV,15379,,8.25
TV,15379,AXIAL PRONTO 60,35.25
TV,15379,AXIAL PRONTO 60 ML 750,1.5
TV,15384,LUNA EXPERIENCE,63
TV,15389,FLARE GOLD R WG,6800
TV,15398,KAMIKAZE,14
TV,15401,,596
TV,15401,TAIFUN MK CL,18127.5
TV,15401,TAIFUN MK CL LT 5,150
TV,15402,,151
TV,15402,DELTASAP,9557
TV,15402,DELTASAP LT 1,14
TV,15405,SHAMAL MK PLUS CL,6320
TV,15409,,59
TV,15410,DECA,36
TV,15416,DIZOLE,74
TV,15419,,20
TV,15419,ELECTIS R FLOW,5441
TV,15422,,0.72
TV,15422,TITUS DUO,36.18
TV,15433,ATLAS,456
TV,15438,SANMITE 10 SC,2
TV,15448,,696
TV,15448,REBEL TOP,506
TV,15449,,34
TV,15449,CIDELY,6271
TV,15449,CIDELY DA 1 LT,28
TV,15449,CIDELY LT 1,5
TV,15491,,10
TV,15491,SWORD UP,817
TV,15494,DELSTAR,2785
TV,15507,,20
TV,15513,,111
TV,15513,OSSICLOR 35 WG GREEN,2713
TV,15515,POLTIGLIA 20 PB GREEN,40
TV,15536,,2
TV,15536,ANTAL,63
TV,15543,,302.3
TV,15543,LUMACHICIDA FER PFnPE,1923.6
TV,15546,,6.6
TV,15546,BIATHLON 4D,3.1
TV,15549,PROLECTUS 50 WG,128
TV,15550,MERLIN FLEXX XTRA,5
TV,15553,REGALIS PLUS,3
TV,15563,TRAILER,0.86
TV,15566,VISION PLUS,58
TV,15571,METSY,3.6
TV,15574,KARMA 85,2985
TV,15583,PIRAT,62
TV,15586,TOPNET,37
TV,15597,,25.78
TV,15610,,11
TV,15610,CYPERKILL 50 EC,5
TV,15612,SEMPRA,8.55
TV,15621,BOTTO 50 EC,43
TV,15629,,22
TV,15629,BADGER 45% WG,178.5
TV,15635,,295.5
TV,15635,ADENGO XTRA,5007.32
TV,15635,"ADENGO XTRA DA 0,5 LT",2
TV,15635,ADENGO XTRA LT 5,120
TV,15635,ADENGO XTRA ML 500,27.5
TV,15635,"ADENGO XTRA SC465 LT 0,5",4
TV,15655,KEETON 25 WG,3
TV,15664,KORING 25 WG,109
TV,15665,KEMPO SORBIE,113
TV,15668,GHIBLI 240 OD,0.5
TV,15712,SATELITE,48026
TV,15712,SATELITE DA 5 LT,70
TV,15713,ACAROIL SC,1.4
TV,15715,VIDERYO F,805
TV,15718,GRANSTAR TRIO,0.4
TV,15722,ARMICARB 85,1890
TV,15736,KOPRON 35 WG,135
TV,15741,AVADEX FACTOR,100
TV,15744,,91
TV,15744,REBOOT,5964.5
TV,15745,RADICAL MASSO' PLUS,312
TV,15748,,1
TV,15748,SYLLIT 400 SC,4
TV,15748,SYLLIT 544 SC,445
TV,15751,VITENE TRIPLO R,20.5
TV,15752,CIDELY TOP,7
TV,15754,SHARPEN 40 SC,234
TV,15765,ACAROIL,2
TV,15769,MERO,8
TV,15779,ABANTO,47
TV,15780,OSSICLOR 50 PB GREEN,40
TV,15806,ONYX,39
TV,15808,CYMBAL FLOW,7848
TV,15831,VACCIPLANT,1803
TV,15836,RATRON GW,15
TV,15837,RATRON GL,3
TV,15838,ROUNDUP ULTRAMAX,590
TV,15856,AZAKA,360
TV,15859,KATANGA EXPRESS,475
TV,15861,,2960
TV,15861,POWSYS,270
TV,15869,,830
TV,15869,OPTIX STAR DISPERSS,4822
TV,15869,OPTIX STAR DISPERSS DA 1 KG,1
TV,15869,OPTIX STAR DISPERSS DA 5 KG,45
TV,15888,AZOX 25 SC,506
TV,15890,CURZATE 60 WG,0.8
TV,15897,ALFIL WG,290
TV,15898,FILAL WG,1
TV,15899,SILICOSEC,26
TV,15900,,1390
TV,15900,TRIKA EXPERT,7500
TV,15901,,680
TV,15901,ERCOLE,37961
TV,15910,KARAKAS,2
TV,15911,,1193
TV,15911,SPIROX,8631
TV,15912,CUPRO ISAGRO WG,20
TV,15915,STARANE HD,135
TV,15916,CITADEL,0.8
TV,15926,,84
TV,15926,MOJANG 600,2725
TV,15930,TOMIRIS 125 EW,29
TV,15948,,1
TV,15948,SINSAJO,129
TV,15961,,4
TV,15961,RETENGO NEW,197
TV,15990,,2
TV,15990,SCIROCCO 125 EW,152.2
TV,16007,REWARD,1845
TV,16023,,45
TV,16023,DIMBO 480 SL,91
TV,16032,RADAR 10 EC,24
TV,16033,,19
TV,16033,HEREU SC,283
TV,16034,,6
TV,16034,DOURO 100 EC,272
TV,16036,PIRECRIS,296
TV,16037,MOJANG TX,50
TV,16038,,2
TV,16038,CABRIO WG,43
TV,16054,,1375
TV,16054,SINSTAR,8381
TV,16054,SINSTAR LT 1,18
TV,16054,SINSTAR LT 5,30
TV,16063,ARIGO,1.98
TV,16064,CREDIT 540,300
TV,16068,,2500
TV,16068,FOLDER 80 WG,64705
TV,16068,FOLDER 80 WG DA 5 KG,220
TV,16071,MESOZIN 70 WG,11.5
TV,16074,,128
TV,16074,GLORIAL 25 EC,4
TV,16076,,110
TV,16076,SOLIS,1405
TV,16076,SOLIS LT 1,2
TV,16083,STIKER FLOW,11.35
TV,16084,BREVIS,26.5
TV,16085,,0.07
TV,16086,NEMGUARD GRANULES,10
TV,16092,CICLOPE,6
TV,16095,,62
TV,16098,NIBER 70 DF,15
TV,16101,TOPAS COMBI LIQUIDO,33
TV,16104,,214
TV,16104,ELECTIS TRIO WDG,1322
TV,16106,BARCLAY PROPYZ,490
TV,16110,CABRIO OLIVO,5
TV,16126,FLANCO SC,3
TV,16130,PAPYRUS,26
TV,16161,CENTURY SL,356
TV,16161,CENTURY SL LT 5,25
TV,16167,,22
TV,16167,MARACANA,113
TV,16170,,530
TV,16170,TRICUP FLOW,1684
TV,16170,TRICUP FLOW LT 1,3
TV,16178,FOLIANE 80 WG,59597
TV,16179,,1600
TV,16179,FOLLOW 80 WG,57263
TV,16182,CLICK PRO,35
TV,16191,,21
TV,16191,TRIMAXX,76
TV,16194,ETRAVON PRO,7
TV,16197,,3974
TV,16197,COPPERFIELD 17 WG,9870
TV,16198,,1580
TV,16198,EVORAM 15,7765
TV,16199,CUPRORAM 35 WG BLU,439
TV,16200,CUPRORAM 35 WG NC,2059
TV,16205,,15
TV,16205,MEXIRAM IDRO 20 HI,59371
TV,16205,MEXIRAM IDRO 20 HI BIO,1580
TV,16208,,69
TV,16221,MADEX TOP,1.2
TV,16224,"CUPRORAM 37,5 WG",30
TV,16226,CIMOTER RAME WG,505
TV,16235,KEYFOL WG,2693
TV,16237,GOLBEX WG,543
TV,16237,GOLBEX WG KG 1,10
TV,16237,GOLBEX WG KG 5,10
TV,16242,CAPTAIN 80 WG,20
TV,16249,CARDINAL 50 WG,11
TV,16251,AFFIRM OPTI,20
TV,16255,LOGRADO 490,20
TV,16261,,5
TV,16261,BELOUKHA,425
TV,16271,FRESCO,70
TV,16273,,1498.25
TV,16273,SIVANTO PRIME,15191.25
TV,16273,SIVANTO PRIME DA 1 LT,12
TV,16273,SIVANTO PRIME SL200 LT 1,19
TV,16273,SIVANTO PRIME SL200 ML 250,21
TV,16279,ERCOLE GR,990
TV,16285,KALIMBA,236
TV,16287,SOLIGOR,326
TV,16288,,12
TV,16288,AMPEXIO,1209.75
TV,16288,AMPEXIO GR 750,0.75
TV,16293,PACLOT NEW,12
TV,16295,,5
TV,16295,RAPAX AS,262
TV,16296,,60
TV,16299,PASSAT SL,2593
TV,16305,BONZI,131
TV,16312,TOMIGAN,20
TV,16315,RADAR HP,205
TV,16317,INSECTOIL KEY,1100
TV,16321,PENDIPHAR,2
TV,16323,PENDIWIN,62
TV,16325,,555
TV,16325,EPIK SL,8860.75
TV,16325,EPIK SL DA 1 LT,54
TV,16325,EPIK SL DA 5 LT,20
TV,16325,EPIK SL LT 1,177
TV,16325,EPIK SL LT 5,125
TV,16325,EPIK SL ML 250,5
TV,16335,,10899
TV,16335,LIETO SC,33003
TV,16336,DELAN SC,236
TV,16361,,1300
TV,16361,FULL 80 WG,6780
TV,16363,,69.9
TV,16363,SIRTAKI,686.4
TV,16363,SIRTAKI ML 300,0.6
TV,16364,,942
TV,16364,BISMARK,8455
TV,16364,BISMARK LT 1,107
TV,16364,BISMARK LT 10,160
TV,16364,BISMARK LT 5,140
TV,16369,ORTIVA TOP SC,11
TV,16379,,207
TV,16379,PREV-AM PLUS,4737
TV,16379,PREV-AM PLUS LT 5,5
TV,16381,CALLICORE,1186
TV,16384,,15
TV,16384,ELATUS ERA,215
TV,16387,,10
TV,16395,,2
TV,16395,MOHICAN 500 SC,38
TV,16396,TEMSA 100,8
TV,16396,TEMSA 100 DA 1 LT,2
TV,16403,CAPITAL SH,84
TV,16415,MADEX TWIN,0.1
TV,16418,NATRIA INSETTICIDA ABBATTENTE PFnPO,24
TV,16422,SPIROSTAR,3505
TV,16425,,0.25
TV,16425,LASER 120 SC,492.25
TV,16427,SERENVA,1290
TV,16438,VELUM PRIME,24.5
TV,16439,CHECKMATE PUFFER LB,57
TV,16442,,3699
TV,16442,PROFILER,29353
TV,16442,PROFILER DA 1 KG,12
TV,16442,PROFILER DA 10 KG,40
TV,16442,PROFILER WG,27
TV,16448,NEALTA,6
TV,16457,,80
TV,16457,POLTIGLIA 20 WG GREEN,6081
TV,16457,POLTIGLIA 20 WG GREEN KG 1,76
TV,16457,POLTIGLIA 20 WG GREEN KG 10,90
TV,16461,CENTURION 240 NEO,90
TV,16473,PRIMO MAXX II,3
TV,16476,ALIBI FLORA,9
TV,16477,RIVAL,36
TV,16480,,1212
TV,16480,3LOGY,21613
TV,16480,3LOGY LT 4,44
TV,16481,,16.2
TV,16481,CALLISTO 480,666.7
TV,16481,CALLISTO 480 (lumestra pack 1 HA),14.4
TV,16481,CALLISTO 480 (lumestra pack 3 HA),42.3
TV,16485,ROMULAN,12
TV,16492,VASCO,6
TV,16500,TRIBAL,7.02
TV,16501,INSTRATA ELITE,40.4
TV,16509,IBISCO,1284
TV,16510,,4
TV,16510,ISONET T,2
TV,16527,TELLUS WP,112
TV,16531,TEMPORIS STAR,274
TV,16531,TEMPORIS STAR DA 1 LT,28
TV,16543,AuRam Idro 22 HiBio,10040
TV,16545,,20
TV,16545,COPRANTOL HI BIO 2.0,490
TV,16552,ISONET L A PLUS,300
TV,16562,,8100
TV,16562,DELAN PRO,97145
TV,16563,DOROTRIN 25 EC,288
TV,16564,MEXIRAM TRI HI BIO,90
TV,16565,EXECUTIVE GOLD,2.6
TV,16566,KUPPER 20 WG,14295
TV,16570,SENCOR 600 SC,4.75
TV,16572,DAKOFAKA,184.2
TV,16573,FIGHTER,29
TV,16575,TRIMMER 50 WG,2.04
TV,16577,U46 COMBI DUO,197
TV,16578,MELODY COMPACT WG,16
TV,16596,,0.11
TV,16596,SANIUM SL25 PFnPE,139.06
TV,16597,SANIUM SL25 PFnPO,0.66
TV,16598,,20.8
TV,16598,SANIUM AL PFnPE,959.62
TV,16598,"SANIUM AL PFnPE   DA 0,8 LT",19.2
TV,16598,SANIUM SL25 PFNPE,28.8
TV,16599,SANIUM AL PFnPO,156
TV,16606,,112
TV,16606,PHYTO SARCAN,385
TV,16608,FOSIKA,255
TV,16609,SAVIAL FORTE,960
TV,16616,,6
TV,16616,VALLEY,1335
TV,16618,,20.76
TV,16618,COLZA POWER PFnPE,129.78
TV,16625,MAINSPRING,14.3
TV,16630,,24
TV,16630,NATUREN LIMEX PFnPE,3158.3
TV,16630,VITHAL LUMACHICIDA LIMEX PFnPE,140
TV,16641,,13.2
TV,16641,RINIDI,0.44
TV,16641,"RINIDI DA 0,44 KG",3.52
TV,16643,,228
TV,16643,SUCCESS GR,564
TV,16654,POLYVERSUM,68.8
TV,16657,,3740
TV,16657,CENTURY PRO,68640
TV,16657,CENTURY PRO LT 5,45
TV,16658,,2
TV,16658,DAGONIS,1071
TV,16660,,1086
TV,16660,ACTLET C,2012
TV,16663,,4068
TV,16663,ACTLET F,20875
TV,16663,ACTLET F KG 1,6
TV,16663,ACTLET F KG 6,54
TV,16667,,2244
TV,16667,REVOLUTION,9250
TV,16667,REVOLUTION DA 1 LT,4
TV,16667,REVOLUTION LT 1,17
TV,16690,,313.75
TV,16690,KESTREL,1542.5
TV,16701,PLAZA,0.1
TV,16734,T34 BIOCONTROL,1.5
TV,16742,,180
TV,16744,JOYSTICK,2.4
TV,16747,SANIUM PIN PFnPO,101
TV,16749,,1800
TV,16749,FOLPAN ENERGY,12880
TV,16751,REQUIEM prime,30
TV,16754,SIMBA,73
TV,16757,DICASH,4
TV,16772,AMYLO X LC,152
TV,16774,ISOMATE C LR MAX TT,2
TV,16776,,6
TV,16776,ASSET FIVE,982.5
TV,16776,ASSET FIVE ML 750,2.25
TV,16779,TONALE,470
TV,16779,TONALE LT 10,140
TV,16779,TONALE LT 2,52
TV,16780,SERENADE ASO,3695
TV,16780,SERENADE ASO LT 5,5
TV,16785,GOLDWIND,53.75
TV,16787,,3785
TV,16787,CLINIC ST,7313
TV,16789,,100
TV,16789,TESSIOR,40
TV,16790,,75
TV,16790,NORDOX ENERGY,3507
TV,16790,NORDOX ENERGY KG 5,10
TV,16797,,25
TV,16799,,315
TV,16799,ALEXIN 75 LS,39362
TV,16799,ALEXIN 75 LS LT 5,20
TV,16802,,20
TV,16802,ZYPAR,1411
TV,16802,ZYPAR LT 1,26
TV,16802,ZYPAR LT 3,33
TV,16803,BENTA 480 SL,18
TV,16814,TREZAC,1
TV,16819,,144
TV,16819,NATUR BREAKER,22
TV,16820,VALIANT FLASH,3276
TV,16828,,14.5
TV,16831,,6105
TV,16831,GLIFENE BIOGRADE,17251.5
TV,16831,GLIFENE BIOGRADE LT 20,1540
TV,16831,GLIFENE BIOGRADE LT 5,85
TV,16833,PANTOX 360 SUPER,145
TV,16835,,53
TV,16835,RAVANE PLUS 100 CS,63.25
TV,16836,STALLION IT SYNC,260
TV,16842,CUPRAVIT BIO ADVANCED,625
TV,16846,,0.6
TV,16846,VESTICOR,89.5
TV,16857,SHORTTRACK,195
TV,16858,KENJA,57
TV,16867,,130
TV,16867,GLISTER STAR,1573
TV,16867,GLISTER STAR LT 1,164
TV,16867,GLISTER STAR LT 20,800
TV,16867,GLISTER STAR LT 5,800
TV,16882,PROPULSE,365
TV,16886,,698.25
TV,16886,CLOSER,2086.75
TV,16886,"CLOSER 120 SC 0,250",1
TV,16886,CLOSER 120 SC LT 1,1
TV,16891,CAPRENO,2
TV,16895,ZORVEC ENICADE,2.25
TV,16896,,7
TV,16896,ZORVEC ZELAVIN,2.4
TV,16897,KATOUN GOLD,100
TV,16902,,35
TV,16902,AVIATOR XPRO,148
TV,16904,KIDEKA 100 SC,142
TV,16906,GHIBLI PLUS,122
TV,16907,WHISPER,10
TV,16921,"PROBEL 1,8",14
TV,16925,WISH TOP,1
TV,16935,VERDRAM IDRO HI BIO,170
TV,16935,VERDRAM IDRO HI BIO DA 10 KG,590
TV,16939,SARUMO,28
TV,16945,SERCADIS,662.6
TV,16945,"SERCADIS LT 0,3",1.5
TV,16946,,1480
TV,16946,DARAMUN,5205
TV,16946,DARAMUN DA 1 LT,71
TV,16946,DARAMUN LT 1,3
TV,16947,,281
TV,16947,BRIONFLO 100 SC,5368
TV,16947,BRIONFLO 100 SC LT 1,24
TV,16950,,150
TV,16950,MANAMID 100 SC,1271
TV,16951,,80
TV,16951,ESQUIVE WP,247
TV,16957,,4822
TV,16957,ZORVEC VINABRIA,35032
TV,16957,ZORVEC VINABRIA DA 1 LT,66
TV,16957,ZORVEC VINABRIA DA 5 LT,20
TV,16957,ZORVEC VINABRIA LT 1,12
TV,16957,ZORVEC VINABRIA LT 5,20
TV,16958,PROLIANT,2.6
TV,16960,ACTLET EVO,281
TV,16963,,10.5
TV,16963,AVENOX 240,123
TV,16969,KRYPT 540,588
TV,16974,GALLUP 360-K,65
TV,16976,,1235
TV,16976,VITIKAPPA,6531
TV,16976,VITIKAPPA KG 5,5
TV,16988,,1820
TV,16988,NAIF,4130
TV,16994,GRIMS DUO,155
TV,17003,,35
TV,17003,PRIAXOR,88
TV,17005,CLOMATE,5
TV,17006,MONCUT,3
TV,17007,ERADICOAT,20
TV,17009,,1100
TV,17009,GLIFOCHEM,4740
TV,17009,GLIFOCHEM LT 20,40
TV,17038,,418
TV,17038,TUAREG NEW,4443
TV,17038,TUAREG NEW DA 1 LT,1
TV,17038,TUAREG NEW LT 1,36
TV,17038,TUAREG NEW LT 5,100
TV,17049,VOYAGER,6
TV,17058,,233
TV,17058,ROMEO,310
TV,17059,VINTEC,0.2
TV,17065,KAURITIL ULTRA WG,3505
TV,17066,,13
TV,17066,PRAXIM,263
TV,17069,TIOVIT L,30
TV,17075,,1820.7
TV,17075,MOVIDA,1525.3
TV,17079,,50
TV,17079,FORCE EVO,1140
TV,17081,CUPROSSIL IDRO NEW 20 WG,8260
TV,17090,,621
TV,17091,,1972
TV,17091,CHAMP 20 WG,2701
TV,17093,LANDING,3678
TV,17099,ZAKEO 250 SC,49
TV,17111,,30
TV,17111,FLOVINE,15
TV,17112,DIFCOR,73
TV,17113,MIKAL F,1591
TV,17115,ZETROLA,139
TV,17116,,64
TV,17116,ACTIVUS ME,1311
TV,17116,ACTIVUS ME LT 1,9
TV,17118,BIOACT PRIME DC,3.5
TV,17119,,6
TV,17119,SQUARE EC,26
TV,17121,,4.62
TV,17121,ATLANTIS ACTIV,261.36
TV,17122,IDROX 25 WG,450
TV,17125,,2
TV,17125,LOCK UP,7
TV,17130,,4510
TV,17130,FLOMILL,5050
TV,17147,PEDIMENT,12
TV,17165,WASAN,90
TV,17170,BELKAP EXTRA,2025
TV,17178,,284
TV,17178,TOTAL GREEN L,1843
TV,17193,,0.44
TV,17193,MAZICA,68.2
TV,17194,DICARINI,1.76
TV,17195,MAIZIUM,5.72
TV,17202,,1354
TV,17209,,7
TV,17209,DAVAI,605
TV,17211,,161
TV,17211,GENKOTSU,1322
TV,17211,GENKOTSU DA 1 LT,8
TV,17211,GENKOTSU LT 1,2
TV,17212,,57
TV,17212,ISERAN,1180
TV,17217,,17.25
TV,17217,ARMICARB SPRAY PFnPE,464
TV,17237,CHECKMATE PUFFER LB/EA,12
TV,17242,NEXTER 10 SC,1
TV,17248,,488
TV,17248,ZORVEC VINABEL,224
TV,17248,ZORVEC VINABEL LT 1,6
TV,17261,POKER GEO,20
TV,17270,ASCRA XPRO,130
TV,17270,ASCRA XPRO LT 1,7
TV,17270,ASCRA XPRO LT 5,10
TV,17272,,22
TV,17272,SERIFEL,327.5
TV,17278,,48
TV,17278,KIDEKA,593
TV,17284,RODEO PLUS,3060
TV,17294,ZORVEC EPICALTRIN,4.5
TV,17296,TARLYS,54
TV,17298,MARQUIS,3
TV,17304,KAN-DOO,122
TV,17306,HIGHTOP,52
TV,17307,TAZER,25
TV,17309,TAYREX,181
TV,17311,VINIFOL WDG,10
TV,17317,,56
TV,17317,NABUCCO,1203
TV,17317,NABUCCO LT 1,1
TV,17319,,1
TV,17319,FOXPRO,6
TV,17320,SENIOR 75 WG,14.5
TV,17323,,109
TV,17323,CONTENDER 800,29
TV,17325,BUTIK,60
TV,17328,"RHIZOPON AA POLVERE 0,5%",1.2
TV,17329,RHIZOPON AA POLVERE 1%,2.5
TV,17340,APHOX 50,50
TV,17344,DIPIRIL,236
TV,17346,,194
TV,17346,EXOSET 240 EC,1244.5
TV,17350,SONATA,345
TV,17353,KAMBA 480 SL,14
TV,17358,BLAISE ULTRA,26
TV,17360,,1903
TV,17360,MAGO,45495
TV,17360,MAGO DA 1 LT,11
TV,17360,MAGO LT 1,31
TV,17360,MAGO LT 20,220
TV,17360,MAGO LT 5,240
TV,17369,ECOMIX,300
TV,17372,COPRANTOL 30 WG,10
TV,17373,CYCLO MAX SC,2357
TV,17377,,1.97
TV,17377,REFINE SX,22.07
TV,17377,REFINE SX GR10,8
TV,17378,GACHINKO,594
TV,17387,,5220
TV,17387,WARDEN C,225
TV,17396,ORASO PRO,16
TV,17398,,40
TV,17402,,2
TV,17402,BOTECTOR NEW,8
TV,17403,BLOSSOM PROTECT NEW,7.5
TV,17409,XINTECH 50,2
TV,17410,DRONSAR,76
TV,17411,ATONIK,1
TV,17421,AGRIZOLE 250,39
TV,17422,,3547
TV,17422,ENVITA SC,36445
TV,17422,ENVITA SC DA 1 LT,40
TV,17422,ENVITA SC DA 5 LT,10
TV,17422,ENVITA SC LT 1,37
TV,17435,,456
TV,17435,RIDOMIL GOLD COMBI WG,28325
TV,17435,RIDOMIL GOLD COMBI WG DA 6 KG,36
TV,17435,RIDOMIL GOLD COMBI WG KG 1,12
TV,17436,,1450
TV,17436,WARDEN F,2386
TV,17438,,61
TV,17438,DRIBBLING EC,24
TV,17441,,25
TV,17441,EFFIELD SC,63
TV,17443,MICROSAP CU PLUS,2190
TV,17451,,51
TV,17451,TEKKEN,153
TV,17454,,51
TV,17454,ENCARIT,2218
TV,17454,ENCARIT (lumestra pack 1 HA),48
TV,17454,ENCARIT (lumestra pack 3 HA),141
TV,17455,,13
TV,17455,PALIO,11
TV,17461,,530.8
TV,17461,ORONDIS,2622.55
TV,17461,ORONDIS (orondis forte pack 1HA),0.6
TV,17461,"ORONDIS DA 0,1 LT",0.1
TV,17461,"ORONDIS ULTRA F DA 0,2 LT",0.4
TV,17461,"ORONDIS ULTRA F DA 0,5 LT",7
TV,17469,,69.56
TV,17469,TAEGRO,103.98
TV,17470,,15
TV,17470,LIMOCIDE,1542
TV,17472,,69
TV,17472,JADE,853
TV,17472,JADE LT 1,35
TV,17472,JADE LT 5,20
TV,17497,CALDERA,3
TV,17502,LINCE,19
TV,17522,REGNUM 25 EC,12
TV,17523,LUMIX BIO,1
TV,17529,MEDOR 70 WDG,8.25
TV,17531,CLAY-M,18
TV,17532,CONTENDER PLUS,254.5
TV,17534,KEOPS,0.2
TV,17541,,219.5
TV,17541,CHANTICO,758
TV,17549,,814
TV,17549,SENPAI,1729
TV,17572,SUBVERT,13.5
TV,17573,BOLTEX F,12648
TV,17586,AXIAL ONE,173
TV,17587,IKASU,60
TV,17597,,6
TV,17597,SHINKON,539.74
TV,17598,AFINTO,0.84
TV,17601,ANDROMEDA,128
TV,17605,BACK 100 SC,1973
TV,17611,POTCLEAN ULTRA 1G,1540
TV,17612,RABONA,3
TV,17615,WARDEN EVO,81
TV,17631,GRIFON EXTRA,20
TV,17634,FRAXION,370
TV,17642,BUSSOLA WG BLU,370
TV,17651,METAREX ONE,100
TV,17655,EARLEX,12
TV,17657,EXTASE R,5
TV,17665,,133
TV,17665,PYRUS PRO,4784
TV,17665,PYRUS PRO LT 1,16
TV,17666,PROSARO PLUS,970
TV,17669,NISSORUN PLUS,46
TV,17671,VENZAR SC,33
TV,17676,BIOOtwin L E,2042.15
TV,17677,BIOOtwin L+,7
TV,17680,GALILEO,2766
TV,17681,FRAMEX,255
TV,17682,CASINO ROYALE,16
TV,17683,MALLEN,35
TV,17687,,13
TV,17687,ELTIRA,3
TV,17689,,10
TV,17689,MOXYL MK,614
TV,17692,CURAME 25 WG GREEN,290
TV,17693,HATTRICK 30 WG,2051
TV,17696,SUPRACAFFARO 30 WG,90
TV,17697,SUPRACAFFARO FLOW,934
TV,17698,,517
TV,17698,ASSORAM ELITE 20 WDG,508
TV,17698,ASSORAM ELITE 20 WDG KG,62
TV,17699,IDROX 15,6575
TV,17704,,40
TV,17704,COMBIRAM 25 WG,650
TV,17709,MIDAURIL R FLOW,239
TV,17726,,13.2
TV,17726,REXXAR,328.5
TV,17737,KIPE 50 SL,540
TV,17741,SUNNY,382
TV,17742,PRIVIUM,176
TV,17743,SHALLOW,7
TV,17744,CHOUCAS,53
TV,17745,PREDILECTO,126
TV,17746,,9
TV,17746,CLEMATIS,348
TV,17749,DRONE,76
TV,17751,PRAKTIS,28
TV,17752,STAVENTO,197
TV,17754,REVYCARE,209
TV,17760,,7.48
TV,17760,NIRVANA,5.72
TV,17766,,2000
TV,17766,ENERVIN SYSTEM,9644
TV,17767,,32
TV,17767,CORPRIMA,98.5
TV,17769,VULPIN,22.75
TV,17782,SUNPOWER,290
TV,17785,ZORVEC ENTECTA,11.75
TV,17796,,101
TV,17796,SIVIL TOP,1004
TV,17797,,166
TV,17797,FENERGY SC,311
TV,17798,BOX,42.5
TV,17798,BOX GR 500,5
TV,17802,CAMERA,1037
TV,17804,,30
TV,17807,,75
TV,17807,PARLEAF,1730
TV,17808,,730
TV,17811,MISTER L E,1
TV,17814,,19
TV,17814,Cheprec,11
TV,17816,,0.75
TV,17816,COLZA POWER RTU PFnPO,62.25
TV,17824,MIRADOR TURBO,2
TV,17825,,92
TV,17825,TERSUS,18
TV,17826,,466.5
TV,17826,DOMARK 125 PLUS,2564.5
TV,17826,DOMARK 125 PLUS LT 1,7
TV,17834,,7056
TV,17840,OLIOCIN PLUS,225
TV,17847,CEDROZ,80
TV,17873,,34423.2
TV,17873,CELADA VMB 180,497.81
TV,17880,AZULEO,15
TV,17888,,17
TV,17888,VOLIAM,384.5
TV,17892,NAXOS TOP,511
TV,17894,,40
TV,17894,TRIKA ENERGY,1830
TV,17896,FORTUNE DISPERSS,41005
TV,17897,,180
TV,17901,FLORAX,4.75
TV,17920,,13
TV,17920,GHIBLI TM,318
TV,17921,BALAYA,15
TV,17924,STRALE 250 EC,18
TV,17926,GRIZZLY DISERBO,5
TV,17932,,625
TV,17932,ORO-QUIN,1362
TV,17936,PROMINENT NEW,1571
TV,17938,,80
TV,17938,CLINIC TF,31
TV,17940,VITIPEC F WG,1009
TV,17943,RINPODE BV,7.2
TV,17944,HOKONZA,34
TV,17949,PATRIOT ULTRA,54
TV,17951,,469.5
TV,17951,AUDACE,126
TV,17951,AUDACE SC,2203.5
TV,17951,AUDACE SC (coragen mais 4 HA),12
TV,17953,AVOXA,560
TV,17956,REVYSION SC,2016
TV,17957,HERITAGE,1.4
TV,17959,VALDOR EXPERT,0.5
TV,17959,VALDOR EXPERT GR 500,4
TV,17962,ACELEPRYN 200 SC,1.2
TV,17963,TIOVIT 800 L,5280
TV,17971,FUSILADE FORTE,20
TV,17976,MESOCORE 100 SC,403
TV,17979,VELIFER,20
TV,17985,KARATETRAP B,4
TV,17994,SPORAMIL COMBI WP,23
TV,17999,BIOMAGNET ORO,1050
TV,18001,,45
TV,18001,MIKONOS,1651
TV,18003,CUNEB,4037.5
TV,18015,MISTER L,145
TV,18046,SINPRO,521
TV,18056,,78
TV,18056,JOUST,56
TV,18067,,5
TV,18070,,1
TV,18070,JANERO 480 SL,269
TV,18070,JANERO 480SL,48
TV,18072,SONAVIO,320
TV,18074,,2090
TV,18074,ROUNDUP FUTURE,18111.85
TV,18081,DIFECOL,1253
TV,18082,,594.1
TV,18082,SERCADIS SC,1512.6
TV,18083,,5
TV,18092,,4
TV,18092,REVYSTAR XL,32
TV,18097,MECTINA,70
TV,18098,GLUWET,10
TV,18103,PALATOR,858
TV,18109,KASKO MET,315
TV,18111,ARRODIM,45
TV,18119,SINALA,543
TV,18121,,1260
TV,18121,MIKAL PREMIUM,270
TV,18125,ALLSTAR,16.5
TV,18125,ALLSTAR ML 500,1
TV,18126,,67
TV,18126,BOTREFIN Plus,1
TV,18137,,2992
TV,18137,REVYSION,28350
TV,18137,REVYSION LT 1,3
TV,18139,,51
TV,18139,IRONITE PFNPE,864.5
TV,18139,IRONITE PFNPE DA 1 KG,108
TV,18139,IRONITE PFNPE GR 500,10.5
TV,18139,IRONITE PFNPE KG 1,72
TV,18145,BOTRYBEL,840
TV,18147,,30
TV,18147,AUDACE EC,20
TV,18148,,680
TV,18148,BUGGY GOLD,60
TV,18149,EXITUL,1
TV,18153,ERADICOAT MAX,830
TV,18158,PAPYRUS GOLD,60
TV,18160,,51
TV,18160,PYROGAL,579
TV,18163,PRETIL,569
TV,18164,EXPLOYO VIT,84
TV,18164,EXPLOYO VIT LT 1,15
TV,18172,,4175
TV,18172,MIKONOS EVO,13553
TV,18181,,123
TV,18181,UNIVOQ,1172
TV,18182,ZOLVIS 80 ULTRA,51
TV,18190,MODIF,48
TV,18206,,653.69
TV,18206,ZONGRUUM,2534.77
TV,18206,ZONGRUUM (orondis forte pack 1 HA),1.13
TV,18212,IBISCO PFnPE,0.6
TV,18213,,0.16
TV,18213,BACILLUS CHEMIA PFnPE,34.79
TV,18215,ARMICARB 85 PFnPE,71.25
TV,18216,VITIKAPPA PFnPE,197.6
TV,18222,FERRAMOL PFnPE,2930.5
TV,18223,NATRIA LUMACHICIDA PFnPE,1935.5
TV,18224,,1000
TV,18224,SAPULI',240
TV,18225,SIMPELL,2.5
TV,18229,BAC MK PFnPE,0.15
TV,18232,BORDOFLOW NEW PFnPE,22.95
TV,18233,BORDOFLOW SECTOR PFnPE,48
TV,18235,,1.4
TV,18235,CIOPPER PFnPE,149.2
TV,18239,,3.5
TV,18239,FLIPPER PFNPE,47.4
TV,18239,FLIPPER PFNPE ML 200,4.8
TV,18241,IDRORAME FLOW PFnPE,360.28
TV,18242,,2.17
TV,18242,LEPINOX PLUS PFnPE,40.06
TV,18244,MOMENTUM PFnPE,154.47
TV,18245,,2.25
TV,18245,POLTIGLIA MANICA 20 WG PFnPE,782.24
TV,18245,POLTIGLIA MANICA 20 WG PFnPE GR 500,26.5
TV,18245,POLTIGLIA MANICA 20 WG PFnPE KG 1,19
TV,18251,,1
TV,18251,TIOLENE PFnPE,95.9
TV,18253,VERDERAME 20 WG PFnPE,148.25
TV,18254,ZOLVIS 80 SECTOR PFnPE,250
TV,18256,NISUS 3B PFnPE,34
TV,18257,3LOGY PFnPE,14.26
TV,18258,ALFIL WG PFnPE,21
TV,18258,ALFIL WG PFnPE GR 200,5.6
TV,18259,BARBARIAN BIOGRADE 360 PFnPE,7191.5
TV,18259,"BARBARIAN BIOGRADE 360 PFnPE  DA 0,",210
TV,18259,VITHAL DISERBO TOTALE PFnPE,35
TV,18261,BARCLAY GALLUP BIOGRADE 360 PFnPE,1398
TV,18263,,6
TV,18263,BIOLID UP PFnPE,819.1
TV,18263,BIOLID UP PFnPE ML 500,11
TV,18266,COBRE NORDOX SUPER 75 WG PFnPE,4.69
TV,18267,CONTENDER 80 WG PFnPE,17.6
TV,18269,,25
TV,18269,GLIFENE BIOGRADE PFnPE,1914
TV,18269,"GLIFENE BIOGRADE PFnPE DA 0,5 LT",20
TV,18270,,1
TV,18270,GLIPHOGAN TOP CL PFnPE,8530
TV,18270,"GLIPHOGAN TOP CL PFnPE DA 0,5 LT",48
TV,18274,,1
TV,18274,NEMGUARD GRANULES PFnPE,1.75
TV,18277,,382.5
TV,18277,SHAMAL MK PLUS CL PFnPE,237.5
TV,18279,TAIFUN MK CL PFnPE,300
TV,18282,,27
TV,18282,TRUSTEE 450 PFnPE,261
TV,18283,XEDAVIR PFnPE,5.75
TV,18284,,0.6
TV,18284,WANAX PFnPE,60.6
TV,18287,,3
TV,18287,V-DIM 240 EC,6
TV,18288,BEMOTIUS,25
TV,18290,,7386
TV,18290,FOLPETIS 50 SC,4065
TV,18292,,20
TV,18292,YUKON,3690
TV,18293,MELODY FLEX,1900
TV,18299,DEED,37
TV,18300,,24
TV,18300,CORE,19
TV,18313,FERRONITE PFNPE,1418
TV,18313,FERRONITE PFNPE DA 1 KG,84
TV,18318,PRINCIPAL FORTE,323.04
TV,18332,LOGRADO 360 SL,3222
TV,18340,ALAKAZAM 500 WG,6
TV,18369,Halvetic,700
TV,18379,STELLAR,1350
TV,18393,CURZATE EFFE WG,2022
TV,18394,FALTEX 50 SC,486
TV,18394,FALTEX 50 SC DA 10 LT,10
TV,18395,FOLTAN 50 SC,6420
TV,18404,AXIAL 50 EC,235
TV,18409,LADIVA,7.25
TV,18423,BIOMAGNET RUBY,1000
TV,18427,TRIARIO GR,20
TV,18431,POLACCHINI,2280
TV,18432,LS PYRACLOSTROBIN 250,52
TV,18438,KUPRIK WG,440
TV,18443,BONAFIDE,45
TV,18445,PANTERA TOP,1051
TV,18451,LEPINOX WG,14.25
TV,18458,,330
TV,18458,AQUICINE,5835
TV,18477,PROBLAD,5
TV,18484,CAYUNIS,66
TV,18490,,8
TV,18490,BRIXTON,817
TV,18490,BRIXTON LT 1,4
TV,18490,BRIXTON LT 5,10
TV,18493,CLONKIN,20
TV,18495,KYLEO TOP,305
TV,18495,KYLEO TOP LT 5,100
TV,18497,PANORAMA,123
TV,18498,ACLON,8
TV,18520,SHUNTA,24
TV,18523,DIABLO SC,0.6
TV,18530,,3780
TV,18530,WEEDMASTER PRO 540,980
TV,18552,,60
TV,18552,DIVIN,277
TV,18562,BEAST,3
TV,18585,SHENZI 200 SC,763.8
TV,18587,ISARD,1115
TV,18589,,247
TV,18589,SINCLAIRE,1012
TV,18599,IBISCO VIT,730
TV,18600,LIQUIZOL PLATINUM,430
TV,18609,MATSUDA WG PLUS,12.3
TV,18626,,187.5
TV,18626,SURROUND WP CROP PROTECTANT,8975
TV,18642,IRONFORTE ANTILUMACA PFNPE,174
TV,18654,CARDIS,4226
TV,18670,EXSOLANT,5.4
TV,18690,BOING,890
TV,18702,,18
TV,18710,MACHO EVO,1380
TV,18720,U46 D-MAX,1
TV,18724,STARSHIP 100 SC,24
TV,18728,AGER-BI UNIVERSAL,120
TV,18734,,82
TV,18734,EDRIZAR SC,9.4
TV,18735,BISBITA,460
TV,18736,,760
TV,18736,TELOSIO 45,679
TV,18737,NORCAS 45,31
TV,18739,,521
TV,18747,CONFLUX,420
TV,18748,,35
TV,18748,PANDORA,1414
TV,18749,,730
TV,18749,PLYNIO WG,742
TV,18750,INTUITY PRO,16
TV,18770,MICRONOL NP,2380
TV,18773,WANAX 800 SC,2600
TV,18793,SIDERAL ULTRA SC,8766
TV,18814,GOLTIX TOP,7
TV,18818,ALLURION,9235
TV,18830,DIOZINOS 700 WG,5
TV,18841,,285
TV,18841,SOLIMAN,227
TV,18847,,20
TV,18847,CIREVO,12
TV,18865,CLOMAX,8
TV,18912,,110
TV,18912,LORTAMA 25,2502
TV,18912,LORTAMA 25 LT 1,3
TV,18912,LORTAMA 25 LT 5,20
TV,18913,TANARIS BEET,40
TV,18927,AF-X1 2025,2700.5
TV,18952,EXIREL 2025,10
TV,18974,RIDOMIL GOLD SL 2025,56
VE,13,,18050
VE,13,THIOPRON,4010
VE,133,,3
VE,206,,300
VE,565,,210
VE,599,,170
VE,599,ACUPRICO 76 WG,20
VE,619,,57
VE,909,,50
VE,1156,,4719
VE,1156,CHEMOL,303
VE,1562,,4
VE,1573,,3540
VE,1573,BASAMID GRANULAT,1180
VE,1583,,76085
VE,1583,MICROTHIOL DISPERSS,12930
VE,1936,,670
VE,2191,,1292
VE,2191,WETTING PLUS,644
VE,2259,,215
VE,2260,,310
VE,2260,GASTROTOX E,140
VE,2291,,1
VE,2307,,2014
VE,2307,VECTOR,340
VE,2732,,2133
VE,2732,GOLTIX,357
VE,2923,,13619
VE,2923,TIOVIT JET,4119
VE,3102,,628
VE,3132,,15
VE,3163,,47
VE,3343,,93.35
VE,3343,U46 M CLASS,185
VE,3412,,130
VE,3412,SYLLIT 65,6
VE,3486,,45
VE,3486,TRISCABOL DG,15
VE,3503,,176
VE,3503,AGRUMIN,82
VE,3519,METAMBANE,17
VE,3553,,54
VE,3553,CURZATE,120
VE,3767,,637
VE,3767,FENOXILENE 200,476
VE,3817,,55
VE,3817,DISERBONE KN,7
VE,4264,,8
VE,4264,VIC 400 SC,1
VE,4701,,148
VE,4701,PIRIMOR 50,21
VE,4710,,268
VE,4710,ALIETTE,165
VE,5152,,36510
VE,5152,TIOSPOR WG,1052
VE,5414,,0.4
VE,5574,,339
VE,5574,LUMAKIDIN 5G,3
VE,6001,BETAFIL FL,20
VE,6322,,32
VE,6322,OBSTHORMON 24A,10
VE,6437,,82
VE,6437,ETHREL,7
VE,6556,,5
VE,6556,K-OBIOL DP2,5
VE,6557,,46
VE,6557,K-OBIOL EC 25,16
VE,6771,,1805
VE,6945,,267
VE,6945,TOPAS 10 EC,97.25
VE,7020,,101
VE,7020,BAGNANTE CIFO,173
VE,7053,,9
VE,7053,PASTA CAFFARO NC,9
VE,7055,,22
VE,7055,PASTA CAFFARO BLU,59
VE,7368,,50
VE,7368,TURFENE L,22
VE,7379,,5
VE,7379,VENZAR,3.5
VE,7411,,2
VE,7483,,105
VE,7483,DEVRINOL F,1
VE,7700,,149.8
VE,7700,MATACAR FL,42.8
VE,7736,ZOLFO SCORREVOLE TRIVENTILATO 95% S,75
VE,7764,,445
VE,7764,TIOLENE,10
VE,7911,,10
VE,7919,,24613
VE,7919,TOUCHDOWN,5093
VE,7922,OPALENE FLUID,260
VE,7930,,2095
VE,7930,KERB FLO,166
VE,7961,RIZOLEX  GOLD,5
VE,8023,,33
VE,8023,SUMIALFA ECHO,41
VE,8028,,825
VE,8028,CALARIS,48
VE,8102,,5809
VE,8102,MERPAN 80 WDG,486
VE,8146,,67.5
VE,8146,GALLERY,17
VE,8184,,876
VE,8184,CHALLENGE,26
VE,8189,,2020
VE,8225,BLUE SHIELD HI BIO,60
VE,8259,,1
VE,8259,LAMDEX EXTRA,2
VE,8376,,204
VE,8376,ARIANE II,18
VE,8498,,73
VE,8498,FOLICUR WG,95.5
VE,8546,,283
VE,8558,,5
VE,8558,PIRETRO VERDE,133
VE,8599,,1053
VE,8599,GOLD BEET,60
VE,8601,,13595
VE,8601,FOLPAN 80 WDG,7562
VE,8706,,32.5
VE,8706,AMID THIN W,2
VE,8712,,4
VE,8712,ALLEGANTE 4% AF 96,2
VE,8735,,2035.5
VE,8735,TREBON UP,483.5
VE,8743,,14.5
VE,8795,,41.5
VE,8795,VERTIMEC EC,21
VE,8801,,772.25
VE,8801,SCORE 25 EC,180.75
VE,8836,,187
VE,8836,MIMIC,17
VE,8874,,473
VE,8874,ETOFUM - FL,60
VE,8882,,10
VE,8929,,0.25
VE,8934,,449
VE,8934,SCALA,171
VE,9005,,1142
VE,9005,AGIL,1738
VE,9012,,10
VE,9041,,8280
VE,9061,,63
VE,9210,,6979
VE,9210,QUADRIS,1123
VE,9244,,250
VE,9244,ZIRAMIT 76 WG,140
VE,9267,,60
VE,9280,,2
VE,9280,TOPAS 200 EW,2.5
VE,9286,,10
VE,9342,,10
VE,9342,DELTRIN,9.5
VE,9373,,98
VE,9373,CHORUS,6
VE,9380,,3360
VE,9380,FREEWAY 360,2469
VE,9422,,294
VE,9422,EVADE,115
VE,9449,EMERALD COMBI,1
VE,9477,,15
VE,9509,,28.5
VE,9531,,138
VE,9569,,1001
VE,9578,,1134.5
VE,9578,SWITCH,273.5
VE,9612,OSSICLOR 30,20
VE,9631,,22
VE,9655,,19
VE,9655,PRIMIAL WG,10
VE,9695,PERLAN,6.5
VE,9705,,87
VE,9705,PREVITER,14
VE,9723,,2630
VE,9723,DE-SPROUT N,100
VE,9757,,95
VE,9757,SPYRALE,133
VE,9790,,108
VE,9800,,264.3
VE,9800,MAVRIK SMART,178.75
VE,9809,,1200
VE,9843,,4142
VE,9843,BASAGRAN SG,1785
VE,9872,,70
VE,9954,,1799
VE,9954,JOKER,781
VE,10048,,475
VE,10048,KUMULUS TECNO,7975
VE,10117,,2479
VE,10117,STRATOS ULTRA,897
VE,10118,,2443.8
VE,10118,AMISTAR,92.4
VE,10127,,0.01
VE,10154,,30
VE,10161,,583
VE,10161,ORTIVA,10
VE,10220,,9
VE,10220,DICOPUR COMBI,1
VE,10221,,9
VE,10224,,1550
VE,10296,,360
VE,10305,,67
VE,10305,OIKOS,1.2
VE,10306,,62
VE,10306,MISTRAL,39
VE,10324,,60
VE,10324,NEMATHORIN 10 G,10
VE,10350,,201
VE,10350,BLAST SG,63
VE,10357,RIGRON SG,3
VE,10381,,321
VE,10381,CONCORDE 40 EW,4
VE,10415,ARIC 480 L.S.,10
VE,10423,,1001
VE,10423,LUMACHICIDA VEBI,157
VE,10479,,25
VE,10479,NATURALIS,52
VE,10485,RADICANTE PLUS,1.9
VE,10573,,790
VE,10573,KOCIDE 2000,2
VE,10577,,2734
VE,10577,METRIPHAR 70 WG,648.5
VE,10585,,70
VE,10588,,30
VE,10604,,5.5
VE,10604,EMERALD 40 EW,33
VE,10632,,850
VE,10632,COBRE NORDOX SUPER 75 WG,96
VE,10647,,125
VE,10701,,184
VE,10741,,58
VE,10741,METACINQUE,411
VE,10771,,2038
VE,10771,MOST MICRO,530
VE,10816,,45
VE,10816,PIRETRO GARDEN PFnPO,76.5
VE,10890,,250
VE,10890,FLiPPER,121.4
VE,10890,FLiPPER PFnPE,0.35
VE,10926,,100
VE,10926,ALTOREX,4
VE,10929,,3.1
VE,10929,CHIKARA 25 WG,0.25
VE,10944,,582
VE,10944,KARATE ZEON,221.75
VE,10948,,34.5
VE,10948,VITISAN WG,12.5
VE,10952,,161
VE,10976,,820.15
VE,10976,METEOR,399.5
VE,10999,,545
VE,10999,BETANAL SE,447
VE,11011,,3875
VE,11011,DASH HC,1864
VE,11040,,130
VE,11040,POLTIGLIA BORDOLESE DISPERSS BLU,10
VE,11059,,185
VE,11059,BIOPOWER,48
VE,11062,,16
VE,11070,,37005
VE,11102,,160
VE,11102,HELIOSOUFRE S,60
VE,11119,,290.35
VE,11119,FLINT,56
VE,11133,,83
VE,11133,SHELTER,36.5
VE,11147,,826.5
VE,11150,,2825
VE,11196,,60
VE,11206,,5277.5
VE,11206,CODACIDE,2005
VE,11243,,2414
VE,11243,LEOPARD 5 EC,1798
VE,11252,,4
VE,11253,,56
VE,11253,CALLISTO,368.4
VE,11255,,500
VE,11257,,81.75
VE,11258,,115
VE,11341,,587
VE,11341,STARANE GOLD,193
VE,11353,,124
VE,11353,FUSILADE MAX,74
VE,11355,,9680
VE,11416,,45
VE,11448,,748
VE,11479,,76
VE,11479,BRANCHER DIRADO,1
VE,11505,,63
VE,11526,,377
VE,11526,SULTAN,172
VE,11552,,10
VE,11561,,48
VE,11561,NEEMAZAL T/S,3
VE,11569,,420
VE,11569,CUPROXAT S.D.I.,16
VE,11637,,120
VE,11649,,2401
VE,11649,COMMAND 36 CS,120.4
VE,11654,,4
VE,11678,,4
VE,11690,,21.1
VE,11690,GOAL 480 SC,3
VE,11693,,42
VE,11693,LASER,3
VE,11730,COSMOTRIN,130
VE,11760,,3780
VE,11760,POLITHIOL,620
VE,11767,,133
VE,11767,BIG MAIS,57
VE,11779,,5
VE,11793,XENTARI WG,1.5
VE,11857,,10
VE,11870,,1.5
VE,11872,RIFLE 3-18-R,7
VE,11944,,20
VE,11999,,100
VE,12020,,0.03
VE,12023,,261
VE,12043,,102
VE,12043,PREVICUR ENERGY,6
VE,12044,,155
VE,12048,,20
VE,12048,TIOSOL 80 WG,50
VE,12078,METALIM,12
VE,12090,,170
VE,12096,,32435
VE,12096,POLTIGLIA DISPERSS,6397
VE,12100,,45
VE,12106,,193
VE,12106,TALENDO,116
VE,12114,,32
VE,12114,AUXIGER LG,2
VE,12133,,16
VE,12149,,1
VE,12170,,630
VE,12170,HELIOCUIVRE,100
VE,12202,,30
VE,12225,,11.02
VE,12225,TEPPEKI,8.26
VE,12233,,129
VE,12319,KRONOS,4
VE,12361,ALGEDI,68
VE,12378,,520
VE,12381,,9
VE,12381,NU-FILM-P,14
VE,12437,,536
VE,12437,DELAN 70 WG,35
VE,12452,,5
VE,12452,EQUIP,340
VE,12453,,105
VE,12522,METRO,2
VE,12529,,32
VE,12529,TUCANA 25 EC,1
VE,12534,,112.75
VE,12534,FOXTAIL,18
VE,12538,,1
VE,12540,,68
VE,12540,REGRAN EXTRA,3
VE,12573,,1
VE,12573,EKO OIL SPRAY,38
VE,12590,,720
VE,12590,DIASTAR MAXI,1180
VE,12625,EFUZIN 400 SC,7
VE,12647,,87
VE,12661,NEXOL 10 WG,5
VE,12662,,1070
VE,12671,,76.77
VE,12671,HARMONY 50 SX,820.18
VE,12671,HARMONY 50 SX x gr20,0.02
VE,12722,,35
VE,12737,,1586
VE,12737,AIRONE PIU',3336
VE,12738,KING 360 HP,30
VE,12748,,544
VE,12754,VERDRAM HI BIO,60
VE,12756,,102.3
VE,12756,DICOTEX,15
VE,12759,,18
VE,12759,OSSICLOR 35 WG,118
VE,12763,,60
VE,12770,,1
VE,12785,,1.52
VE,12788,,10
VE,12788,ADIGOR,142
VE,12792,,1677
VE,12792,MAGIC TANDEM,1380
VE,12806,,897
VE,12806,FEDOR,243
VE,12828,,1
VE,12828,SITOFEX,1
VE,12833,ISOMATE C/OFM,12
VE,12834,,8.88
VE,12839,ECODIAN STAR,10
VE,12860,,4
VE,12862,,189
VE,12862,CANTUS,98
VE,12866,,21
VE,12866,COLLIS,10
VE,12868,,7
VE,12868,BELLIS,6
VE,12869,,1641
VE,12869,SIGNUM,140
VE,12878,,5033
VE,12878,FOLPAN GOLD,3248
VE,12883,,1956
VE,12883,PROSPER 300 CS,1004
VE,12886,,3245
VE,12886,KARATHANE STAR,1293
VE,12888,,42
VE,12916,,53
VE,12916,SACRON 45 WG,49
VE,12933,,79
VE,12940,,464.5
VE,12940,KARATE ZEON 1.5,285
VE,12954,,1145
VE,12954,SPECTRUM,308
VE,12961,,11
VE,12994,,4
VE,12994,VIVER ELITE WG,78.5
VE,13012,,2355
VE,13012,FOLVIT 80 WDG,186
VE,13018,,17
VE,13061,,972
VE,13061,BIOBIT DF,205
VE,13062,,326
VE,13062,DiPel DF,326
VE,13063,,0.1
VE,13064,,3063
VE,13064,VITENE ULTRA SC,649
VE,13076,,2
VE,13081,,1.5
VE,13084,,339
VE,13084,TELDOR PLUS,114
VE,13093,,1617
VE,13093,STOMP AQUA,415
VE,13095,,3
VE,13098,,495
VE,13098,ROUNDUP POWER 2.0,2735
VE,13104,,100
VE,13106,IKANOS,6
VE,13120,,177
VE,13120,MYSTIC 430 SC,1
VE,13127,,758
VE,13127,VALIS F,783
VE,13149,,162
VE,13150,,36
VE,13150,CURAME 25 WG,727
VE,13152,,4
VE,13154,,2607
VE,13154,MONDAK 480 S,667
VE,13158,,26
VE,13158,REMEDIER,40
VE,13168,,8060
VE,13168,LAUDIS,1951
VE,13218,,270
VE,13218,FINALSAN PLUS,80
VE,13236,,192
VE,13236,BULLET,9
VE,13242,,5
VE,13242,NICOGAN V.O.,401
VE,13244,,3825
VE,13249,,1525
VE,13252,,96
VE,13252,PLAYER 250 SC,101
VE,13253,,1520
VE,13253,PLAYER SC,58
VE,13255,PLAYER GR,14
VE,13285,,1
VE,13290,ZOLFO MANICA DOPPIO RAFFINATO VENTI,950
VE,13313,,100
VE,13313,CASPER,43
VE,13327,,42.3
VE,13327,GRANSTAR ULTRA SX,29.9
VE,13367,,79
VE,13377,,126
VE,13382,,3660.5
VE,13382,PERGADO SC,912.5
VE,13386,,338
VE,13386,PROSARO,75
VE,13387,,233.2
VE,13387,FLORAMIX,101.23
VE,13388,,49.29
VE,13389,,6318
VE,13389,AFFIRM,2141
VE,13390,,5
VE,13391,,371
VE,13391,CYTHRIN 50 EC,19
VE,13447,HELMSTAR 75 WG,0.03
VE,13451,,266
VE,13451,SPARVIERO,28
VE,13466,,1293
VE,13466,SPOTLIGHT PLUS,581
VE,13471,NICOZEA OD,68
VE,13485,,4354
VE,13486,,187
VE,13489,,42.5
VE,13552,ZOLVIS 80 SECTOR,111
VE,13560,FORZA,1
VE,13576,,5.5
VE,13578,RAME CAFFARO BLU WG NEW,18
VE,13581,,2335
VE,13581,ZOLVIS OTTANTA WG,1680
VE,13585,,805
VE,13585,SOLOFOL,1575
VE,13586,VERDERAME 20 WG,22.5
VE,13592,,240
VE,13592,VOLARE,3
VE,13604,,3000
VE,13635,,160
VE,13637,,8047
VE,13637,PERGADO F,3064
VE,13689,,33.5
VE,13689,FLINT MAX,1.5
VE,13693,BACILLUS CHEMIA,33
VE,13698,,274.75
VE,13698,VIVANDO,233.5
VE,13700,,72
VE,13700,ATLANTIS PRO,36
VE,13701,,30.4
VE,13711,,1914
VE,13741,,5
VE,13771,,369
VE,13771,NIMROD 250 EW,13784
VE,13789,,1
VE,13792,,448
VE,13792,STABILAN,56
VE,13796,,146
VE,13809,,75010
VE,13809,FORCE ULTRA,12110
VE,13823,,43
VE,13823,ALVERDE,10
VE,13838,,0.75
VE,13841,,19535
VE,13841,FOCUS ULTRA,7647
VE,13856,,21
VE,13856,COPRANTOL TRIO,60
VE,13876,,129
VE,13876,APACHE,87
VE,13888,,1023
VE,13888,FANTIC F NC WG,1147
VE,13891,,7
VE,13895,,10
VE,13905,,209
VE,13905,BANJO,12
VE,13925,,124.5
VE,13926,,14
VE,13926,SPONSOR,9.5
VE,13930,MARINS 200 CLASS,12
VE,13981,,3896
VE,13981,CORAGEN,296.2
VE,13983,,32
VE,14020,LIDAL,14
VE,14044,JOKER 480,65
VE,14058,,120.25
VE,14058,FEINZIN 70 DF,272.25
VE,14061,,2
VE,14062,,966
VE,14062,ZOXIUM 240 SC,216
VE,14100,,83
VE,14100,KANEMITE,4
VE,14101,,458
VE,14101,CARAMBA,241
VE,14102,,1058
VE,14102,BORDOFLOW NEW,350
VE,14109,,311
VE,14119,VISIR PENCOTECH,3
VE,14137,,69.9
VE,14137,ALTACOR,6.7
VE,14155,,140
VE,14165,,3539
VE,14165,NANDO MAXI,659
VE,14168,,3
VE,14178,,60
VE,14178,TRI-BASE,2
VE,14182,,6
VE,14182,ARES 25 WG,189
VE,14193,SARMOX 45 DG,26.5
VE,14195,,489
VE,14195,KENDO WITH ZEON TECHNOLOGY,6
VE,14210,,358.9
VE,14210,EVURE PRO,211.3
VE,14232,,1
VE,14262,,0.12
VE,14262,GREENEX NF,5.5
VE,14294,,0.9
VE,14336,,114
VE,14336,NEMATHORIN 150 EC,3
VE,14375,,660
VE,14375,LION 5 EC,403
VE,14390,,221
VE,14390,BOOM EFEKT,1281
VE,14405,MERLIN FLEXX,188
VE,14406,,143.25
VE,14406,LEIMAY,238.5
VE,14407,,21
VE,14407,RUNWAY,8
VE,14414,,2.5
VE,14418,,96
VE,14418,PULSAR 40 SL,1
VE,14431,,113
VE,14431,LENTAGRAN 45 WP,4
VE,14434,,0.08
VE,14460,,472
VE,14460,KOBAN 600,2474
VE,14474,TEBUSIP COMBI,10
VE,14479,,555
VE,14479,SCHERMO 0.5 G,2253
VE,14547,BAC MK,0.25
VE,14559,,59
VE,14636,,2059
VE,14636,BIOLID UP,1194.5
VE,14642,,8765
VE,14642,RIDOMIL GOLD R WG,1017
VE,14664,,0.05
VE,14679,,25
VE,14686,,250
VE,14686,KOCIDE OPTI,200
VE,14699,,149
VE,14699,GEOXE,6
VE,14709,,45.2
VE,14709,ISOMATE A/OFM,4
VE,14735,,3.5
VE,14764,,25
VE,14764,SLUXX HP,85
VE,14765,,6128
VE,14765,ELUMIS,1828
VE,14785,,4
VE,14830,,1000
VE,14830,CUPROFIX ULTRA DISPERSS,150
VE,14836,,67
VE,14837,,6225
VE,14837,TARTAN,5432
VE,14845,,110
VE,14846,,126
VE,14846,AVALON 250 EW,36
VE,14869,,3860
VE,14869,CUPROBEL HYDRO,160
VE,14872,,27.5
VE,14872,BELLIS DRUPACEE,5
VE,14876,,2
VE,14879,,22.95
VE,14879,LONTREL 72 SG,0.6
VE,14884,,8999
VE,14884,CORUM,6488
VE,14899,,10
VE,14918,,106
VE,14918,RIVIOR,104.4
VE,14919,,0.01
VE,14935,,552
VE,14935,TIMELINE TRIO,537
VE,14936,,1489.5
VE,14936,AMPLIGO,391.5
VE,14938,DEDICATE,0.75
VE,14940,,0.3
VE,14947,,296
VE,14967,,46
VE,14967,TIPTOR ULTRA,4
VE,14969,HOPPER 480,1055
VE,14980,,14
VE,15005,,6
VE,15005,FONTELIS,8
VE,15013,NATRIA LUMACHICIDA PFnPE,162
VE,15023,,440
VE,15023,DERREX,460
VE,15037,BREZZA,16
VE,15039,,1
VE,15044,,273
VE,15048,,765
VE,15048,INDOXAN 45 WDG,16
VE,15049,,325
VE,15049,MODDUS,129
VE,15051,,3730
VE,15051,KYLEO,1430
VE,15052,,32
VE,15052,KAIMO SORBIE,11.5
VE,15056,,20
VE,15056,TOMCATO,80
VE,15058,,52.8
VE,15058,PRINCIPAL MAIS,23.76
VE,15059,,3019
VE,15059,DECIS EVO,947.5
VE,15062,,330
VE,15062,PIRAMAX  EC,5
VE,15071,,296
VE,15071,EVOLUTION,54
VE,15083,,5
VE,15083,AUDACE,285
VE,15096,,105
VE,15096,GLIPHOGAN TOP CL,11
VE,15102,,316
VE,15102,CURZATE ERRE EVO,1457
VE,15115,,1616
VE,15115,PROSPER 500 EC,52
VE,15120,,10
VE,15121,,3050
VE,15121,BIOCUPRO,10
VE,15122,,7
VE,15124,,3
VE,15125,,9
VE,15127,,55
VE,15130,,1
VE,15142,,8051
VE,15142,ALCANCE SYNC TEC,3307
VE,15149,,725
VE,15149,COSAVET DF EDGE,1315
VE,15177,,50
VE,15198,,9
VE,15199,SAKURA,2
VE,15200,,5
VE,15201,,15
VE,15201,FLOXY 400 SC,10
VE,15221,,10
VE,15221,ZETARAM PLUS,24
VE,15222,,70
VE,15222,FOLICUR COMBI WG,31
VE,15223,PANTANI,133
VE,15229,,100
VE,15233,,200
VE,15235,MOMENTUM,1.5
VE,15247,,22
VE,15250,,5
VE,15251,,744
VE,15251,AIRONE LIQUIDO,435
VE,15253,,109
VE,15263,,111
VE,15263,DYNALI,23
VE,15264,,7236
VE,15264,ENERVIN SC,1808
VE,15265,,2484
VE,15265,PROMAN FLOW,1213
VE,15266,,10
VE,15267,KUSABI,99
VE,15291,TURFENE PLUS,0.5
VE,15292,,88
VE,15292,VERTIARO,4
VE,15293,,10
VE,15293,MAVITA 250 EC,63
VE,15294,,1022
VE,15294,KENDO BI-ACTIVE,2
VE,15296,,0.5
VE,15302,,142
VE,15302,AMYLO-X,32
VE,15307,,52.5
VE,15315,,14
VE,15317,,5993
VE,15317,SESTO GOLD,10
VE,15326,,3190
VE,15331,,10.5
VE,15335,,84
VE,15337,,1.2
VE,15337,EXPRESS,0.1
VE,15346,,198
VE,15348,,64
VE,15348,RIDOMIL GOLD R LIQUIDO,400
VE,15349,,45
VE,15349,ARES 430 SC,53
VE,15358,,110
VE,15358,ZOLFO FLOW MCT,251.5
VE,15365,,2
VE,15369,,64
VE,15369,MAGMA TRIPLE,5
VE,15375,NIC 4,24
VE,15378,,465
VE,15379,,48.75
VE,15379,AXIAL PRONTO 60,2.25
VE,15384,,102
VE,15384,LUNA EXPERIENCE,11
VE,15389,,1440
VE,15401,,10246
VE,15401,TAIFUN MK CL,2459
VE,15402,,895
VE,15402,DELTASAP,39
VE,15409,,36
VE,15410,,425
VE,15410,DECA,244
VE,15419,,150
VE,15422,,41.04
VE,15422,TITUS DUO,6.66
VE,15433,,85
VE,15438,SANMITE 10 SC,8
VE,15448,,226
VE,15449,,793
VE,15449,CIDELY,452
VE,15483,WISH,10
VE,15491,,46.5
VE,15491,SWORD UP,1
VE,15493,SIMUN 40 OD,3
VE,15494,DELSTAR,16
VE,15499,,1
VE,15513,,230
VE,15513,OSSICLOR 35 WG GREEN,36
VE,15536,,579
VE,15536,ANTAL,10
VE,15543,,44.5
VE,15543,LUMACHICIDA COMPO PFnPE 1 KG,24
VE,15543,LUMACHICIDA COMPO PFnPE 500 GR,16
VE,15543,LUMACHICIDA FER PFnPE,2154.8
VE,15546,,59.9
VE,15546,BIATHLON 4D,18.4
VE,15549,,55
VE,15549,PROLECTUS 50 WG,14
VE,15550,,100
VE,15553,,13.5
VE,15553,REGALIS PLUS,9
VE,15566,,526
VE,15566,VISION PLUS,46
VE,15574,,415
VE,15574,KARMA 85,75
VE,15583,,129
VE,15598,,133
VE,15610,,57
VE,15612,,17.4
VE,15612,SEMPRA,2.55
VE,15621,,1
VE,15635,,2815
VE,15635,ADENGO XTRA,1241
VE,15654,,299
VE,15654,ACCORD,14
VE,15665,KEMPO SORBIE,2.9
VE,15668,,9.75
VE,15668,GHIBLI 240 OD,37
VE,15674,,20.45
VE,15674,AMADEUS TOP,26.75
VE,15712,,8341
VE,15712,SATELITE,875
VE,15722,,130
VE,15736,,40
VE,15741,,630
VE,15741,AVADEX FACTOR,60
VE,15744,,38.5
VE,15744,REBOOT,5
VE,15748,,77
VE,15748,SYLLIT 544 SC,148
VE,15752,,14
VE,15753,,10
VE,15767,CLOCY-CU,7
VE,15769,,1104
VE,15780,,120
VE,15790,,360
VE,15806,,21
VE,15808,,3
VE,15831,,82
VE,15836,,31
VE,15836,RATRON GW,22
VE,15837,,11.25
VE,15837,RATRON GL,7.5
VE,15838,,1220
VE,15838,ROUNDUP ULTRAMAX,200
VE,15856,,196
VE,15859,,70
VE,15859,KATANGA EXPRESS,700
VE,15861,,830
VE,15861,POWSYS,3130
VE,15868,CENTURION PRO,4
VE,15869,,2342
VE,15869,OPTIX STAR DISPERSS,4
VE,15886,,125
VE,15890,CURZATE 60 WG,4.8
VE,15897,ALFIL WG,3
VE,15898,,10
VE,15900,,9440
VE,15900,TRIKA EXPERT,2970
VE,15901,,31070
VE,15901,ERCOLE,17560
VE,15910,,2.5
VE,15911,,569
VE,15911,SPIROX,38
VE,15915,,194
VE,15915,STARANE HD,46
VE,15926,,9795
VE,15926,MOJANG 600,1667
VE,15926,MOJANG 600 (CETUS ULTRA PACK 3 HA),10
VE,15948,,24
VE,15961,,1757
VE,15961,RETENGO NEW,144
VE,15990,SCIROCCO 125 EW,0.75
VE,16007,,426
VE,16007,REWARD,70
VE,16023,,295
VE,16032,,109
VE,16033,,10
VE,16034,,71
VE,16035,THEOREM,1
VE,16038,,94
VE,16038,CABRIO WG,3.5
VE,16054,,408
VE,16054,SINSTAR,40
VE,16065,,3.75
VE,16065,SERRATE,22.5
VE,16068,FOLDER 80 WG,500
VE,16071,MESOZIN 70 WG,1.25
VE,16074,GLORIAL 25 EC,4
VE,16076,,1484
VE,16076,SOLIS,602
VE,16084,,14
VE,16084,BREVIS,1
VE,16085,,2.9
VE,16085,TRIMUR,4.28
VE,16092,,328
VE,16092,CICLOPE,10
VE,16098,,0.25
VE,16101,,122
VE,16101,TOPAS COMBI LIQUIDO,56
VE,16102,GRIAL,1
VE,16104,,298
VE,16104,ELECTIS TRIO WDG,7
VE,16142,,1
VE,16157,ATLANTIS FLEX,1.32
VE,16167,MARACANA,10
VE,16170,,470
VE,16171,,191.3
VE,16178,,16830
VE,16179,,290
VE,16179,FOLLOW 80 WG,2325
VE,16182,,10
VE,16182,CLICK PRO,5
VE,16191,,362
VE,16191,TRIMAXX,32
VE,16194,,298
VE,16194,ETRAVON PRO,121
VE,16200,,910
VE,16200,CUPRORAM 35 WG NC,820
VE,16205,IDROX 20,85
VE,16205,MEXIRAM IDRO 20 HI,150
VE,16206,DUAL NEXT,5
VE,16221,,0.2
VE,16226,,10
VE,16226,CIMOTER RAME WG,140
VE,16235,KEYFOL WG,60
VE,16242,,91
VE,16247,,1010
VE,16251,,481
VE,16251,AFFIRM OPTI,13
VE,16252,,50
VE,16252,AMISTAR GOLD,20
VE,16255,,160
VE,16261,,290
VE,16261,BELOUKHA,1.75
VE,16271,,230
VE,16271,FRESCO,10
VE,16273,,1150
VE,16273,SIVANTO PRIME,487.75
VE,16279,,400
VE,16285,,14
VE,16287,,83
VE,16287,SOLIGOR,127
VE,16288,,414.25
VE,16288,AMPEXIO,152.75
VE,16290,,11.6
VE,16290,AMADEUS ULTRA,5.66
VE,16293,,3
VE,16295,,11
VE,16295,RAPAX AS,7
VE,16296,,43
VE,16299,,4742
VE,16299,PASSAT SL,11
VE,16303,,160
VE,16304,,17
VE,16313,OMNERA LQM,20
VE,16314,ZOXIS 250 SC,3
VE,16325,,4344.08
VE,16325,EPIK SL,1211
VE,16335,,3967
VE,16335,LIETO SC,3719
VE,16336,,13
VE,16336,DELAN SC,1
VE,16361,,2795
VE,16362,,220
VE,16363,,1086.1
VE,16363,SIRTAKI,538.8
VE,16364,,10028
VE,16364,BISMARK,7842
VE,16369,,45
VE,16379,,210
VE,16379,PREV-AM PLUS,27
VE,16381,,174
VE,16381,CALLICORE,5
VE,16384,,3184
VE,16384,ELATUS ERA,784
VE,16385,,56.25
VE,16385,ELATUS PLUS,43
VE,16395,,24
VE,16420,,3
VE,16425,,111.25
VE,16425,LASER 120 SC,29.5
VE,16427,,198
VE,16438,,80.5
VE,16438,VELUM PRIME,6.5
VE,16442,,1772
VE,16442,PROFILER,2019
VE,16448,,4
VE,16455,,295
VE,16457,,468
VE,16457,POLTIGLIA 20 WG GREEN,2028
VE,16460,,2
VE,16461,,332
VE,16461,CENTURION 240 NEO,1
VE,16472,,273
VE,16472,CONVISO ONE,11
VE,16480,,4820
VE,16480,3LOGY,1424
VE,16481,,2961.9
VE,16481,CALLISTO 480,144.9
VE,16481,CALLISTO 480 (CALLIPRIME PACK 3 HA),1
VE,16481,CALLISTO 480 (LUMESTRA PACK 1 HA),1.2
VE,16492,,35
VE,16495,,0.35
VE,16498,,834
VE,16498,CETUS 360 CS (CETUS ULTRA PACK 3 HA,1
VE,16500,TRIBAL,0.4
VE,16501,INSTRATA ELITE,2
VE,16510,,14.72
VE,16527,,285
VE,16527,TELLUS WP,1
VE,16538,,1
VE,16540,PRIAM TOP,486
VE,16545,,2310
VE,16545,COPRANTOL HI BIO 2.0,232
VE,16562,,16815
VE,16562,DELAN PRO,2540
VE,16563,,53
VE,16563,DOROTRIN 25 EC,103
VE,16564,,50
VE,16565,,0.1
VE,16565,EXECUTIVE GOLD,0.1
VE,16567,,40
VE,16570,,297
VE,16570,SENCOR 600 SC,14
VE,16573,,475
VE,16573,FIGHTER,634
VE,16577,,66
VE,16577,U46 COMBI DUO,50
VE,16578,,8
VE,16578,MELODY COMPACT WG,1
VE,16596,,23.92
VE,16596,SANIUM AL 500 ML,0.68
VE,16596,SANIUM SL25 PFnPE,33.54
VE,16597,,56
VE,16598,,381.6
VE,16598,PG SANIUM AL PFnPE 800 ML,96
VE,16598,SANIUM AL PFnPE,454.4
VE,16606,PHYTO SARCAN,105
VE,16607,,1210
VE,16607,VEXTAMITRON 700 SC,720
VE,16609,,250
VE,16616,,1928
VE,16616,VALLEY,625
VE,16618,,51.95
VE,16618,COLZA POWER PFnPE,856.29
VE,16624,,24
VE,16630,,1112.05
VE,16630,LIMEX KB 450 GR,10.8
VE,16630,LINEX LUMACHICIDA 1 KG,36
VE,16630,NATUREN LIMEX PFnPE,764.95
VE,16632,,18
VE,16643,,3816
VE,16643,SUCCESS GR,144
VE,16654,,3
VE,16657,,8125
VE,16657,CENTURY PRO,2725
VE,16658,,492
VE,16658,DAGONIS,47
VE,16660,ACTLET C,11
VE,16663,,199
VE,16667,,1753
VE,16667,REVOLUTION,522
VE,16690,,525
VE,16690,KESTREL,88.75
VE,16699,,1.6
VE,16701,PLAZA,0.2
VE,16732,,24
VE,16742,,54
VE,16742,NEMGUARD SC,4
VE,16749,,310
VE,16753,MERPLUS,30
VE,16769,,2.5
VE,16772,,134
VE,16775,,70
VE,16775,KATANGA TRIPLO,20
VE,16776,,207
VE,16776,ASSET FIVE,3
VE,16779,,28
VE,16779,TONALE,786
VE,16780,,168
VE,16780,SERENADE ASO,40
VE,16783,,1180
VE,16783,NICARAGUA,11
VE,16784,,50
VE,16787,,267
VE,16787,CLINIC ST,1001
VE,16792,,10.5
VE,16794,SILGLIF ST,7
VE,16796,JOICE 55 D,110
VE,16799,,325
VE,16802,,1504
VE,16802,ZYPAR,659
VE,16813,,6.6
VE,16818,,9
VE,16819,,17
VE,16819,NATUR BREAKER,131
VE,16820,,426.01
VE,16820,VALIANT FLASH,192
VE,16827,,27
VE,16827,MAISOT,22
VE,16831,,13810
VE,16831,GLIFENE BIOGRADE,1322
VE,16833,PANTOX 360 SUPER,10
VE,16835,,70.5
VE,16835,RAVANE PLUS 100 CS,3
VE,16836,,280
VE,16841,,40
VE,16842,,53
VE,16843,,2580
VE,16846,,15.3
VE,16846,VESTICOR,1.2
VE,16857,,4
VE,16858,,30
VE,16867,,923
VE,16868,,62
VE,16882,,636
VE,16882,PROPULSE,358
VE,16886,,416
VE,16886,CLOSER,106.5
VE,16895,,2.45
VE,16896,,4
VE,16897,,10
VE,16902,,451
VE,16902,AVIATOR XPRO,90
VE,16904,,9
VE,16906,,1365
VE,16906,GHIBLI PLUS,382
VE,16907,WHISPER,40
VE,16925,WISH TOP,92
VE,16935,,60
VE,16935,VERDRAM IDRO HI BIO,1165
VE,16939,,23
VE,16945,,44.8
VE,16945,SERCADIS,9.6
VE,16946,,71
VE,16947,,3
VE,16950,,22
VE,16950,MANAMID 100 SC,814
VE,16951,,13
VE,16951,ESQUIVE WP,30
VE,16957,,5413
VE,16957,ZORVEC VINABRIA,1884
VE,16958,,13
VE,16958,PROLIANT,7.4
VE,16963,,24.25
VE,16963,AVENOX 240,18
VE,16968,,29
VE,16976,,3115
VE,16976,VITIKAPPA,162.2
VE,16988,,4350
VE,17003,,321
VE,17003,PRIAXOR,14
VE,17005,,13
VE,17006,,7
VE,17006,MONCUT,8
VE,17007,,5
VE,17009,,12280
VE,17009,GLIFOCHEM,40
VE,17010,,90
VE,17038,,8541
VE,17038,TUAREG NEW,4397
VE,17058,ROMEO,5.05
VE,17065,,40
VE,17065,KAURITIL ULTRA WG,170
VE,17066,,304
VE,17066,PRAXIM,59
VE,17069,,70
VE,17075,,53.6
VE,17075,MOVIDA,0.7
VE,17079,,1230
VE,17079,FORCE EVO,1960
VE,17081,,280
VE,17091,,4
VE,17091,CHAMP 20 WG,150
VE,17094,,7
VE,17099,,15
VE,17113,,66
VE,17113,MIKAL F,14
VE,17115,,629
VE,17115,ZETROLA,118
VE,17116,,860
VE,17116,ACTIVUS ME,49
VE,17118,,1
VE,17119,SQUARE EC,27
VE,17121,ATLANTIS ACTIV,4.62
VE,17122,,50
VE,17122,IDROX 25 WG,980
VE,17130,FLOMILL,2300
VE,17149,,260
VE,17165,,285
VE,17168,VERDRAM TRI HI BIO,655
VE,17178,,238
VE,17178,TOTAL GREEN L,13
VE,17189,,340
VE,17203,PETANCK SC,3
VE,17204,CYPRUS 25 WG,13
VE,17209,,535
VE,17209,DAVAI,14
VE,17210,PLANTOIL,5
VE,17211,,186
VE,17212,,815
VE,17212,ISERAN,348
VE,17217,,86.25
VE,17217,ARMICARB SPRAY PFnPE,166.5
VE,17217,ARMICARB SPRAY PFnPE 750 ML,18.75
VE,17234,,84
VE,17234,MAYA 70 WG,3
VE,17248,,37
VE,17248,ZORVEC VINABEL,11
VE,17254,,0.2
VE,17261,POKER GEO,1780
VE,17270,,1679
VE,17270,ASCRA XPRO,30
VE,17272,,78.5
VE,17272,SERIFEL,6
VE,17275,,23
VE,17278,,308
VE,17278,KIDEKA,50
VE,17281,PETALIN,46
VE,17293,,78
VE,17294,,10.6
VE,17304,KAN-DOO,6
VE,17306,,201
VE,17317,,79
VE,17317,NABUCCO,10
VE,17320,,17.5
VE,17320,SENIOR 75 WG,3
VE,17345,,27
VE,17346,,2616
VE,17346,EXOSET 240 EC,1669
VE,17354,,14
VE,17360,,2918
VE,17360,MAGO,924
VE,17366,,36
VE,17371,,2060
VE,17372,,547
VE,17372,COPRANTOL 30 WG,119
VE,17377,,75.4
VE,17377,REFINE SX,328.62
VE,17378,,4
VE,17398,,718
VE,17402,BOTECTOR NEW,2
VE,17409,,3
VE,17422,,5450
VE,17422,ENVITA SC,1890
VE,17427,,160
VE,17432,,6
VE,17435,,4148
VE,17435,RIDOMIL GOLD COMBI WG,1977
VE,17436,WARDEN F,12
VE,17438,,84
VE,17451,,52
VE,17451,TEKKEN,58
VE,17454,,4125.8
VE,17454,ENCARIT,982
VE,17454,ENCARIT (CALLIPRIME PACK 3 HA),3
VE,17454,ENCARIT (LUMESTRA PACK 1 HA),4
VE,17455,,12
VE,17455,PALIO,28
VE,17461,,109.36
VE,17461,ORONDIS,17.4
VE,17462,,2.5
VE,17469,,323.02
VE,17469,TAEGRO,652.4
VE,17470,,495
VE,17470,LIMOCIDE,168
VE,17471,,134.2
VE,17472,,2097
VE,17472,JADE,1191
VE,17496,,460
VE,17497,,356
VE,17502,LINCE,76
VE,17506,,0.8
VE,17523,,252
VE,17523,LUMIX BIO,11
VE,17533,,15
VE,17541,,367
VE,17541,CHANTICO,40
VE,17551,CYPERFOR 100 EW,10
VE,17573,,354
VE,17580,,10
VE,17586,,763
VE,17586,AXIAL ONE,335
VE,17597,,36.75
VE,17597,SHINKON,23.25
VE,17598,,16.28
VE,17612,,17.25
VE,17634,,655
VE,17634,FRAXION,13
VE,17642,,2160
VE,17642,BUSSOLA WG BLU,30
VE,17650,,57
VE,17650,IRONMAX PRO,5
VE,17651,,375
VE,17655,,300
VE,17665,,114
VE,17665,PYRUS PRO,85
VE,17666,,1061
VE,17666,PROSARO PLUS,665
VE,17671,,147
VE,17671,VENZAR SC,116
VE,17676,,56.81
VE,17677,,7.56
VE,17680,,11
VE,17680,GALILEO,28
VE,17689,,2.5
VE,17693,,430
VE,17698,,190
VE,17699,IDROX 15,350
VE,17715,,9
VE,17726,,108.8
VE,17726,REXXAR,31
VE,17736,,585
VE,17742,,5
VE,17743,,111
VE,17743,SHALLOW,2
VE,17745,,2
VE,17745,PREDILECTO,12
VE,17746,,63
VE,17746,CLEMATIS,1
VE,17751,,253
VE,17752,,529
VE,17752,STAVENTO,502
VE,17754,,2080
VE,17754,REVYCARE,113
VE,17760,,19.8
VE,17766,,772
VE,17766,ENERVIN SYSTEM,3
VE,17767,,164
VE,17767,CORPRIMA,174.5
VE,17769,VULPIN,22.75
VE,17785,,60
VE,17797,,1
VE,17803,,9
VE,17804,,30
VE,17807,,80
VE,17807,PARLEAF,10.5
VE,17808,ANTENE S,250
VE,17816,,36.75
VE,17819,,276
VE,17820,,65
VE,17824,,392
VE,17824,MIRADOR TURBO,15
VE,17825,TERSUS,36
VE,17826,,123.75
VE,17826,DOMARK 125 PLUS,245.75
VE,17840,,75
VE,17840,OLIOCIN PLUS,150
VE,17863,,130
VE,17863,AFFLANK,135
VE,17865,,406
VE,17880,,12
VE,17888,,138.1
VE,17888,VOLIAM,251.8
VE,17890,,1000
VE,17890,GEATER MAXI,1660
VE,17892,,18
VE,17892,NAXOS TOP,804
VE,17894,,130
VE,17913,,678
VE,17920,,326
VE,17920,GHIBLI TM,20
VE,17921,,933
VE,17922,,1410
VE,17924,,27
VE,17931,,1123
VE,17932,,1827
VE,17932,ORO-QUIN,926
VE,17938,,272
VE,17938,CLINIC TF,291
VE,17940,,12
VE,17943,,164.84
VE,17943,RINPODE BV,13.68
VE,17945,,174.6
VE,17945,LUMEO,30
VE,17946,,223
VE,17951,,2749.5
VE,17951,AUDACE SC,1674
VE,17955,,519
VE,17955,MAGANIC,96
VE,17957,HERITAGE,0.4
VE,17961,,4850
VE,17963,,3370
VE,17963,TIOVIT 800 L,1200
VE,17976,,176
VE,17998,,20
VE,18000,,80
VE,18001,MIKONOS,5
VE,18003,,51
VE,18003,CUNEB,430
VE,18019,RASIKAL GREEN PFNPE,5
VE,18021,,87.1
VE,18021,PECARI 300,161.85
VE,18022,,1380
VE,18022,PROLINE PLUS,70
VE,18044,,6
VE,18044,PATTON FLEX,47
VE,18056,JOUST,6
VE,18067,,178
VE,18070,,711
VE,18070,JANERO 480 SL,57
VE,18072,,90
VE,18074,,15092
VE,18074,ROUNDUP FUTURE,1856
VE,18081,,93
VE,18082,,554
VE,18082,SERCADIS SC,112.4
VE,18084,,12765
VE,18092,,1755
VE,18092,REVYSTAR XL,354
VE,18103,,12
VE,18109,,158
VE,18111,,615
VE,18111,ARRODIM,60
VE,18119,SINALA,90
VE,18125,,10.5
VE,18133,,80
VE,18134,DOMARK CEREALI,5
VE,18137,,4357
VE,18137,REVYSION,1029
VE,18138,,1555
VE,18139,,1056
VE,18139,IRONITE PFNPE,1107
VE,18139,IRONITE PFNPE KG 1,156
VE,18143,,195
VE,18143,QUESTAR,202.5
VE,18147,AUDACE EC,14
VE,18148,,3980
VE,18148,BUGGY GOLD,3460
VE,18152,,1167
VE,18155,,9
VE,18155,REVYSTAR,25
VE,18156,,9.5
VE,18159,,175
VE,18160,PYROGAL,67
VE,18163,,9
VE,18164,,1067
VE,18172,,2178
VE,18172,MIKONOS EVO,10
VE,18176,,49
VE,18176,EDAPTIS,8
VE,18181,,5636
VE,18181,UNIVOQ,1826
VE,18182,ZOLVIS 80 ULTRA,25
VE,18206,,1112.14
VE,18206,ZONGRUUM,9.38
VE,18213,,15.21
VE,18213,BACILLUS CHEMIA PFnPE,71.96
VE,18216,,47
VE,18216,VITIKAPPA PFnPE,92.95
VE,18222,,371
VE,18222,FERRAMOL PFnPE,1898.5
VE,18222,FERRAMOL PFnPE 500GR,96
VE,18223,,188
VE,18223,LUMACHICIDA PFnPE 500 GR,10
VE,18223,NATRIA LUMACHICIDA PFnPE,275
VE,18224,,815
VE,18224,SAPULI',75
VE,18225,,0.5
VE,18229,,1.2
VE,18229,BAC MK PFnPE,5.2
VE,18232,,57
VE,18232,BORDOFLOW NEW PFnPE,10.45
VE,18233,BORDOFLOW SECTOR PFnPE,0.5
VE,18235,,26.8
VE,18235,CIOPPER PFnPE,73.7
VE,18235,CIOPPER PFnPE 200 ML,21
VE,18239,,45.6
VE,18239,FLIPPER PFNPE,23
VE,18241,,13.57
VE,18241,IDRORAME FLOW PFnPE,42.66
VE,18242,,8.54
VE,18242,LEPINOX PLUS PFnPE,17.46
VE,18244,,43.33
VE,18244,MOMENTUM PFnPE,45.87
VE,18245,,294.2
VE,18245,POLTIGLIA MANICA 20 WG PFnPE,177
VE,18251,,1
VE,18251,TIOLENE PFnPE,1
VE,18253,,10.89
VE,18253,VERDERAME 20 WG PFnPE,59.85
VE,18254,ZOLVIS 80 SECTOR PFnPE,107
VE,18256,NISUS 3B PFnPE,0.5
VE,18257,,5.08
VE,18257,3LOGY PFnPE,10.32
VE,18257,VITHAL 3LOGY PFnPE 100 ML,0.1
VE,18259,,368
VE,18259,BARBARIAN BIOGRADE 360 PFnPE,3054.5
VE,18259,BARBARIAN VITHAL DISC 500 ML,306
VE,18261,,877.5
VE,18261,BARCLAY GALLUP BIOGRADE 360 PFnPE,1571
VE,18262,BARCLAY GALLUP BIOGRADE 450 PFnPE,12
VE,18263,,530.1
VE,18263,BIOLID UP PFnPE,395
VE,18263,BIOLID UP PFnPE 500ML,20
VE,18263,BIOLID UP VITHAL 500 ML,20.5
VE,18266,,0.4
VE,18266,COBRE NORDOX SUPER 75 WG PFnPE,4.85
VE,18267,,7.8
VE,18267,CONTENDER 80 WG PFnPE,12.2
VE,18269,,2878.5
VE,18269,GLIFENE BIOGRADE PFnPE,1510
VE,18270,,1045.5
VE,18270,GLIPHOGAN TOP 500 ML,65
VE,18270,GLIPHOGAN TOP CL PFnPE,8323
VE,18274,,4.75
VE,18277,,34
VE,18277,SHAMAL MK PLUS CL PFnPE,456
VE,18279,TAIFUN MK CL PFnPE,828
VE,18282,,2071
VE,18282,TRUSTEE 450 PFnPE,580.5
VE,18283,,2
VE,18283,XEDAVIR FUNGICIDA 250 GR,2
VE,18283,XEDAVIR PFnPE,3.25
VE,18284,,22
VE,18284,WANAX PFnPE,16.8
VE,18286,ERBICIDA PREMIUM GREEN PFnPE,6
VE,18287,,391
VE,18288,,11
VE,18290,,137
VE,18290,FOLPETIS 50 SC,102
VE,18292,,4470
VE,18292,YUKON,410
VE,18293,,20
VE,18293,MELODY FLEX,215
VE,18307,,39
VE,18312,,340
VE,18313,,160
VE,18313,FERRONITE PFNPE,2398
VE,18313,FERRONITE PFNPE KG 1,276
VE,18318,,72.48
VE,18318,PRINCIPAL FORTE,79.24
VE,18332,,282
VE,18332,LOGRADO 360 SL,640
VE,18369,,1060
VE,18369,Halvetic,1540
VE,18393,,372
VE,18393,CURZATE EFFE WG,150
VE,18394,,1841
VE,18394,FALTEX 50 SC,197
VE,18404,,354
VE,18404,AXIAL 50 EC,15
VE,18409,,6
VE,18427,,60
VE,18443,BONAFIDE,100
VE,18445,,414
VE,18445,PANTERA TOP,193
VE,18451,,48.17
VE,18458,,945
VE,18458,AQUICINE,320
VE,18461,,240
VE,18477,,12
VE,18484,,645
VE,18484,CAYUNIS,160
VE,18490,,708
VE,18490,BRIXTON,969
VE,18493,,130
VE,18495,,80
VE,18495,KYLEO TOP,25
VE,18497,,20
VE,18497,PANORAMA,6
VE,18523,DIABLO SC,0.2
VE,18525,,400
VE,18530,,3910
VE,18530,WEEDMASTER PRO 540,65
VE,18544,,4420
VE,18562,,15
VE,18585,,2
VE,18589,,38
VE,18589,SINCLAIRE,1
VE,18609,,3.5
VE,18626,,37.5
VE,18642,,28
VE,18642,IRONFORTE ANTILUMACA PFNPE,86
VE,18647,SCILLA,24
VE,18654,CARDIS,2276
VE,18703,TECORLA,38
VE,18719,,100
VE,18724,,27
VE,18725,JIANUS,43
VE,18736,,11
VE,18736,TELOSIO 45,98
VE,18739,PYREGARD,3
VE,18747,,9
VE,18748,,11
VE,18749,PLYNIO WG,200
VE,18767,,2330
VE,18793,SIDERAL ULTRA SC,17
VE,18809,VIBALLA,3
VE,18814,,13
VE,18817,,109
VE,18826,V-FLEX,1
VE,18847,,6
VE,18847,CIREVO,1
VE,18870,,5
VE,18912,,3481
VE,18912,LORTAMA 25,1000
VE,18913,,270
VE,18913,TANARIS BEET,40
VE,18926,,60
VE,18927,,15800
VE,18927,AF-X1 2025,1750
VE,19009,,5125
VE,19010,,200
VE,19011,,17200
VE,19011,DIGEO XXI,1400
VI,13,THIOPRON,8330
VI,13,THIOPRON X LT 10,400
VI,133,U 46 D-FLUID,7
VI,206,ALBENE,6
VI,599,ACUPRICO 76 WG,100
VI,909,,20
VI,909,POLISOLFURO DI CALCIO POLISENIO,275
VI,1155,CHEMOL 90 EL,15
VI,1156,,425
VI,1156,CHEMOL,2697.4
VI,1573,BASAMID GRANULAT,260
VI,1583,MICROTHIOL DISPERSS,71850
VI,1583,MICROTHIOL DISPERSS X KG 15,570
VI,1850,IDRORAME FLOW,1160.5
VI,2191,WETTING PLUS,28
VI,2259,,20
VI,2259,PASTA LUMACHICIDA IN GRANI,30
VI,2260,,20
VI,2291,ESCA REGINA N,10
VI,2307,VECTOR,457.3
VI,2307,VECTOR X LT 1,47
VI,2307,VECTOR X LT 5,25
VI,2525,LUMACID AGRO,40
VI,2732,GOLTIX,86
VI,2923,,1534
VI,2923,TIOVIT JET,9815
VI,2923,TIOVIT JET X KG 1,4
VI,2995,ESCARTOX,44
VI,3102,,25
VI,3102,OLEOTER,175
VI,3163,U 46 M STAR X LT 1,14
VI,3182,,20
VI,3343,,5
VI,3343,U46 M CLASS,633
VI,3412,,3
VI,3486,TRISCABOL DG,356
VI,3553,CURZATE,24
VI,3767,,70
VI,3767,FENOXILENE 200,173
VI,3767,FENOXILENE 200 X LT 1,6
VI,3817,,13
VI,3817,DISERBONE KN,38
VI,4264,VIC 400 SC,19
VI,4701,,1
VI,4701,PIRIMOR 50,45
VI,4710,,6
VI,4710,ALIETTE,305.5
VI,4896,FIXORMON WP,0.1
VI,5152,TIOSPOR WG,22543
VI,5152,TIOSPOR WG X KG 1,2
VI,5152,TIOSPOR WG X KG 10,960
VI,5574,LUMAKIDIN 5G,778
VI,6321,STIMOLANTE 66F,7.3
VI,6437,,22
VI,6555,K-OBIOL ULV 6,95
VI,6556,,6
VI,6556,K-OBIOL DP2,10
VI,6771,,221
VI,6873,IDRORAME 193,20
VI,6945,,2
VI,6945,TOPAS 10 EC,362
VI,6956,TARGA FLO,57
VI,7020,BAGNANTE CIFO,176
VI,7053,PASTA CAFFARO NC,66
VI,7055,PASTA CAFFARO BLU,43.5
VI,7368,,10
VI,7368,TURFENE L,108
VI,7379,VENZAR,0.5
VI,7401,POLTIGLIA CAFFARO 20 DF NEW,244
VI,7483,,293
VI,7483,DEVRINOL F,132
VI,7644,TENSIL,4
VI,7700,,6.2
VI,7700,MATACAR FL,7.2
VI,7736,ZOLFO SCORREVOLE TRIVENTILATO 95% S,975
VI,7764,TIOLENE,20
VI,7911,AIRONE EXTRA,310
VI,7919,,795
VI,7919,TOUCHDOWN,2061
VI,7919,TOUCHDOWN X LT 20,1560
VI,7930,,2
VI,7930,KERB FLO,228
VI,7930,KERB FLO X LT 1,3
VI,7961,,1
VI,7961,RIZOLEX  GOLD,37
VI,8023,SUMIALFA ECHO,496
VI,8102,,126
VI,8102,MERPAN 80 WDG,1077
VI,8146,,5.5
VI,8146,GALLERY,38
VI,8184,,464
VI,8184,CHALLENGE,274
VI,8184,CHALLENGE X LT 1,55
VI,8189,,5240
VI,8259,LAMDEX EXTRA,39
VI,8376,,261
VI,8376,ARIANE II,360
VI,8376,ARIANE II X LT 1,6
VI,8498,,4.5
VI,8498,FOLICUR WG,381.5
VI,8546,DANITRON,4
VI,8558,PIRETRO VERDE,193.1
VI,8599,,14
VI,8601,FOLPAN 80 WDG,10846.9
VI,8601,FOLPAN 80 WDG X KG 5,55
VI,8601,FOLPAN 80 WDG X KG1,16
VI,8617,BANVEL 480 S,26
VI,8706,,0.5
VI,8706,AMID THIN W,1
VI,8735,,190.5
VI,8735,TREBON UP,524.1
VI,8735,TREBON UP X ML 500,5.5
VI,8795,,3
VI,8795,VERTIMEC EC,102.25
VI,8801,,28
VI,8801,SCORE 25 EC,181.5
VI,8836,,20
VI,8836,MIMIC,37
VI,8837,GERMON BEWURZELUNGSPUDER PER TALEE ,1.5
VI,8838,GERMON BEWURZELUNGSPUDER PER TALEE ,1.1
VI,8899,ZOLFO VENTILATO RAMATO 5%,175
VI,8929,,7.75
VI,8929,TOPIK 240 EC,27
VI,8934,,33
VI,8934,SCALA,53
VI,8937,,1
VI,8937,SHIRUDO,10
VI,9005,AGIL,704
VI,9005,AGIL X LT 1,126
VI,9012,CUPROCAFFARO MICRO,1493
VI,9041,,10200
VI,9210,,44
VI,9210,QUADRIS,304
VI,9210,QUADRIS X LT 1,3
VI,9244,,80
VI,9244,ZIRAMIT 76 WG,380
VI,9267,,1020
VI,9280,TOPAS 200 EW,46
VI,9286,OHAYO,28
VI,9342,DELTRIN,25
VI,9380,FREEWAY 360,60
VI,9380,FREEWAY 360 X LT 20,1120
VI,9380,FREEWAY 360 X LT 5,470
VI,9422,,95
VI,9422,EVADE,1383.15
VI,9449,EMERALD COMBI,568
VI,9449,EMERALD COMBI X KG 1,7
VI,9449,EMERALD COMBI X KG 5,20
VI,9477,,9
VI,9531,,8
VI,9569,ZETARAM 3B FL,981
VI,9569,ZETARAM 3B FL X LT 1,8
VI,9578,,18
VI,9578,SWITCH,430.5
VI,9578,"SWITCH X KG 0,25",0.75
VI,9599,CAPITOL,20
VI,9627,SOLUTION 20 DISPERSS,510
VI,9705,PREVITER,52
VI,9723,,980
VI,9757,SPYRALE,49
VI,9800,,29.45
VI,9800,MAVRIK SMART,680.2
VI,9800,MAVRIK SMART X LT 1,1
VI,9809,MALVIN 80 WG,10
VI,9843,,501
VI,9843,BASAGRAN SG,1006.7
VI,9843,BASAGRAN SG X KG 1,7
VI,9843,BASAGRAN SG X KG 3,9
VI,9954,,253
VI,9954,JOKER,708
VI,9954,JOKER X LT 1,47
VI,9954,JOKER X LT 5,20
VI,10005,SCOTTS WEEDCONTROL,3
VI,10029,KING,6
VI,10048,KUMULUS TECNO,75
VI,10117,,152
VI,10117,STRATOS ULTRA,935
VI,10118,,206
VI,10118,AMISTAR,128
VI,10161,,34
VI,10161,ORTIVA,140
VI,10220,,36
VI,10224,,290
VI,10296,,30
VI,10305,,31
VI,10305,OIKOS,15
VI,10306,MISTRAL,387
VI,10306,MISTRAL X LT 1,66
VI,10306,MISTRAL X LT 5,35
VI,10324,,40
VI,10381,,7
VI,10381,CONCORDE 40 EW,22
VI,10415,,3.5
VI,10423,LUMACHICIDA VEBI,326
VI,10474,TERDIM,10
VI,10479,,47
VI,10479,NATURALIS,89
VI,10560,PIRETRO NATURA,6
VI,10573,,90
VI,10573,KOCIDE 2000,501
VI,10573,KOCIDE 2000 X KG 1,3
VI,10573,KOCIDE 2000 X KG 10,50
VI,10577,,178
VI,10577,METRIPHAR 70 WG,331.5
VI,10577,"METRIPHAR 70 WG X KG 0,5",127
VI,10585,SULCOTREK,45
VI,10588,BIOPIREN PLUS,2
VI,10589,FLORA VERDE,3.5
VI,10604,EMERALD 40 EW,261.94
VI,10632,COBRE NORDOX SUPER 75 WG,132
VI,10671,CUAGRO HI BIO,190
VI,10701,CUMETA FLOW,2
VI,10741,,25
VI,10741,METACINQUE,1997.5
VI,10741,METACINQUE X KG 1,1
VI,10771,,51
VI,10771,MOST MICRO,1013.4
VI,10890,FLiPPER,65.8
VI,10926,,24
VI,10926,ALTOREX,29
VI,10929,CHIKARA 25 WG,8.2
VI,10929,CHIKARA 25 WG X GR 50,0.05
VI,10944,,1.5
VI,10944,KARATE ZEON,55
VI,10948,VITISAN WG,6
VI,10976,,2.25
VI,10976,METEOR,96.5
VI,10976,METEOR X LT 1,185
VI,10999,BETANAL SE,161
VI,11011,,302
VI,11011,DASH HC,397
VI,11011,DASH HC X LT 1,102
VI,11011,DASH HC X LT 5,35
VI,11040,POLTIGLIA BORDOLESE DISPERSS BLU,10
VI,11041,METIX COMBI,83
VI,11059,,104
VI,11059,BIOPOWER,219
VI,11070,,43050
VI,11070,TIOGOLD DISPERSS,300
VI,11102,,10
VI,11102,HELIOSOUFRE S,1352
VI,11107,,21
VI,11107,ECO-TRAP,32
VI,11107,ECO-TRAP PZ,300
VI,11119,,0.5
VI,11119,FLINT,29.45
VI,11133,,40
VI,11133,SHELTER,55
VI,11133,"SHELTER X KG 0,5",15
VI,11147,,444.5
VI,11165,,53
VI,11206,CODACIDE,2057
VI,11206,"CODACIDE X LT 2,5",2.5
VI,11243,LEOPARD 5 EC,855
VI,11243,LEOPARD 5 EC X LT 1,26
VI,11243,LEOPARD 5 EC X LT 5,140
VI,11253,CALLISTO,30
VI,11253,CALLISTO X LT 1,5
VI,11255,,733
VI,11257,,2.25
VI,11257,COSTAR WG,1.5
VI,11258,,35
VI,11258,FAZOR STAR,5
VI,11303,CHAMP DP,40
VI,11341,,11
VI,11341,STARANE GOLD,380
VI,11353,,36
VI,11353,FUSILADE MAX,301
VI,11353,FUSILADE MAX X LT 1,125
VI,11353,FUSILADE MAX X LT 5,60
VI,11359,SARCAP 800,5
VI,11497,,2
VI,11505,,28
VI,11505,READY GERMIPLUS,1303.5
VI,11526,,76
VI,11526,SULTAN,132
VI,11549,ISOMATE OFM ROSSO FLEX,0.2
VI,11551,,0.09
VI,11561,,25.05
VI,11561,NEEMAZAL T/S,7
VI,11569,CUPROXAT S.D.I.,540
VI,11619,TIOFLOR WDG,50
VI,11649,,191
VI,11649,COMMAND 36 CS,33.4
VI,11649,"COMMAND 36 CS X LT 0,8",5.6
VI,11678,,2
VI,11678,ACTELLIC 2/P NEWPHARM,3
VI,11687,ACTELLIC 5 NEWPHARM,150
VI,11690,GOAL 480 SC,27
VI,11693,LASER,8.91
VI,11760,,540
VI,11760,POLITHIOL,1820
VI,11767,BIG MAIS,1
VI,11779,KOP-TWIN,20
VI,11786,,3
VI,11786,AQ 10 WG,0.7
VI,11793,XENTARI WG,8
VI,11802,TETRACAP 80 DG,127
VI,11908,VENTUREX 400 SC,5
VI,11944,ASPECT,25
VI,11964,POLTIGLIA CAFFARO 20 GD,50
VI,11999,,1540
VI,11999,BUSSOLA WG NC,80
VI,12010,TUAREG,2
VI,12020,,0.05
VI,12023,,162
VI,12043,,13
VI,12043,PREVICUR ENERGY,36.4
VI,12044,CURZATE SYSTEM,95
VI,12048,TIOSOL 80 WG,1236
VI,12068,TEFLUSTAR,20
VI,12078,METALIM,10
VI,12090,MICROSED GEO,1660
VI,12090,MICROSED GEO X KG 10,740
VI,12096,,327
VI,12096,POLTIGLIA DISPERSS,11218
VI,12096,POLTIGLIA DISPERSS X KG 15,30
VI,12106,TALENDO,38
VI,12114,AUXIGER LG,5.2
VI,12133,JUVINAL GOLD,16
VI,12170,,120
VI,12170,HELIOCUIVRE,380
VI,12225,TEPPEKI,30.2
VI,12361,,2.6
VI,12361,ALGEDI,17.2
VI,12381,,97
VI,12381,NU-FILM-P,134
VI,12437,,9
VI,12437,DELAN 70 WG,16
VI,12452,,7
VI,12452,EQUIP,485
VI,12453,,30
VI,12453,MILDICUT,152
VI,12514,VIPER,55
VI,12534,,2
VI,12534,FOXTAIL,215.75
VI,12538,,5
VI,12540,,13
VI,12540,REGRAN EXTRA,6
VI,12566,PYGANIC 1.4,2.15
VI,12573,EKO OIL SPRAY,51
VI,12590,,370
VI,12590,DIASTAR MAXI,710
VI,12590,DIASTAR MAXI X KG 10,950
VI,12662,,35
VI,12671,,6.66
VI,12671,HARMONY 50 SX,49.01
VI,12706,,0.3
VI,12722,OSSICLOR 20 FLOW,143
VI,12737,AIRONE PIU',3210
VI,12738,KING 360 HP,30
VI,12754,VERDRAM HI BIO,123
VI,12756,,3
VI,12756,DICOTEX,118
VI,12759,OSSICLOR 35 WG,123.8
VI,12768,,18
VI,12768,SPINTOR FLY,190.5
VI,12770,ALAR 85 GOLD,16
VI,12792,,28
VI,12792,MAGIC TANDEM,28
VI,12806,,7
VI,12806,FEDOR,101
VI,12828,,2
VI,12828,SITOFEX,5
VI,12831,INSIGNIA,26.01
VI,12833,,0.02
VI,12834,ISONET L PLUS,0.13
VI,12836,ISONET Z,3.15
VI,12860,MILBEKNOCK,7
VI,12862,,41
VI,12862,CANTUS,103
VI,12862,CANTUS X KG 1,2
VI,12863,FLORAMITE 240 SC,0.25
VI,12866,COLLIS,24
VI,12868,,6
VI,12869,,4
VI,12869,SIGNUM,511
VI,12878,FOLPAN GOLD,2391
VI,12878,FOLPAN GOLD X KG 1,11
VI,12878,FOLPAN GOLD X KG 5,20
VI,12883,PROSPER 300 CS,4680
VI,12883,PROSPER 300 CS X LT 1,14
VI,12886,,509
VI,12886,KARATHANE STAR,2263.3
VI,12886,KARATHANE STAR X LT 1,8
VI,12888,,18
VI,12888,LEPINOX PLUS,2
VI,12916,SACRON 45 WG,58
VI,12933,,135
VI,12940,,12
VI,12940,KARATE ZEON 1.5,571.5
VI,12940,KARATE ZEON 1.5 X LT 1,220
VI,12954,SPECTRUM,387
VI,12960,,6
VI,12960,STARPROP,57
VI,12961,,2
VI,12961,HEREU,24
VI,12994,VIVER ELITE WG,10.5
VI,13012,,2550
VI,13012,FOLVIT 80 WDG,21
VI,13018,GONDOR,35
VI,13042,ZETARAM FLOW,100
VI,13061,BIOBIT DF,186
VI,13062,,1
VI,13064,VITENE ULTRA SC,1519.5
VI,13065,DOMARK 125,2
VI,13084,,54
VI,13084,TELDOR PLUS,180
VI,13093,,103
VI,13093,STOMP AQUA,487
VI,13098,ROUNDUP POWER 2.0,7781
VI,13106,IKANOS,34
VI,13120,,95
VI,13127,VALIS F,1662
VI,13143,MEZENE WG,2
VI,13149,,300
VI,13149,POLTIGLIA MANICA 20 WG,105
VI,13150,CURAME 25 WG,124
VI,13152,,90
VI,13152,OPTIX R DISPERSS,50
VI,13154,MONDAK 480 S,2
VI,13156,CAMBEL 480 S,12
VI,13158,,34
VI,13158,REMEDIER,130
VI,13168,,122
VI,13168,LAUDIS,901
VI,13168,LAUDIS X LT 1,166
VI,13168,LAUDIS X LT 5,320
VI,13179,PLAYER COMBI SC,64
VI,13213,R6 ERRESEI ALBIS,19
VI,13218,FINALSAN PLUS,160
VI,13236,BULLET,822
VI,13242,,5
VI,13242,NICOGAN V.O.,313
VI,13242,NICOGAN V.O. X LT 1,128
VI,13242,NICOGAN V.O. X LT 5,70
VI,13244,ZOLFO VENTILATO STELLA,3550
VI,13250,ZOLFO VENTILATO STELLA RAMATO B,525
VI,13252,PLAYER 250 SC,43.25
VI,13253,PLAYER SC,25
VI,13254,PLAYER 25 WG,10
VI,13255,,41.99
VI,13255,PLAYER GR,124
VI,13285,,1
VI,13285,SEVERAL,7
VI,13290,ZOLFO MANICA DOPPIO RAFFINATO VENTI,330
VI,13292,,3750
VI,13311,DOMARK COMBI WG,14
VI,13313,,53
VI,13313,CASPER,34
VI,13323,SULFY 80 WDG,8
VI,13327,,0.1
VI,13327,GRANSTAR ULTRA SX,13.43
VI,13327,GRANSTAR ULTRA SX X GR 50,1.8
VI,13367,DIVO,10.5
VI,13377,COLUMBUS,51
VI,13382,,312.5
VI,13382,PERGADO SC,1649.5
VI,13382,PERGADO SC X LT 1,10
VI,13386,PROSARO,115
VI,13387,,5.3
VI,13387,FLORAMIX,43.46
VI,13389,,818
VI,13389,AFFIRM,2320
VI,13389,AFFIRM X KG 1,15
VI,13447,HELMSTAR 75 WG,0.5
VI,13466,,97
VI,13466,SPOTLIGHT PLUS,415
VI,13471,NICOZEA OD,5
VI,13471,NICOZEA OD X LT 1,1
VI,13485,FOLPEC 80 WG ADVANCE,5281
VI,13485,FOLPEC 80 WG ADVANCE X KG 10,400
VI,13489,,3
VI,13489,CYMBAL,55.95
VI,13552,ZOLVIS 80 SECTOR,417
VI,13560,FORZA,29
VI,13578,RAME CAFFARO BLU WG NEW,304
VI,13581,ZOLVIS OTTANTA WG,4006.2
VI,13586,VERDERAME 20 WG,5
VI,13592,,1503
VI,13592,VOLARE,137.1
VI,13600,,400
VI,13600,ZOLFO S.A.I.M. DOPPIO VENTILATO SCO,150
VI,13604,,50
VI,13635,POLTIGLIA 20 PB MANICA,56
VI,13637,PERGADO F,1302
VI,13647,NEORAM BLU WG,2
VI,13689,,5
VI,13689,FLINT MAX,8
VI,13693,BACILLUS CHEMIA,1
VI,13698,,3.25
VI,13698,VIVANDO,248.25
VI,13698,"VIVANDO X LT 0,25",0.5
VI,13698,VIVANDO X LT 1,14
VI,13701,,10.6
VI,13711,,500
VI,13714,,10
VI,13714,FOLPEC 50 SC,6
VI,13753,GAL-GONE,6
VI,13763,WING-P X LT 1,154
VI,13763,WING-P X LT 10,310
VI,13771,,27
VI,13771,NIMROD 250 EW,2
VI,13792,STABILAN,25
VI,13796,CELL,165
VI,13809,,53940
VI,13809,FORCE ULTRA,67010
VI,13809,FORCE ULTRA X KG 10,4700
VI,13817,,108
VI,13823,,36
VI,13823,ALVERDE,50
VI,13838,,7
VI,13838,XEDAVIR,0.5
VI,13841,,610
VI,13841,FOCUS ULTRA,456
VI,13841,FOCUS ULTRA X LT 1,43
VI,13841,FOCUS ULTRA X LT 5,110
VI,13888,,211
VI,13888,FANTIC F NC WG,152
VI,13895,SAVIRAN STAR,60
VI,13905,,4
VI,13905,BANJO,56
VI,13925,,6.5
VI,13930,MARINS 200 CLASS,28
VI,13981,,24.8
VI,13981,CORAGEN,149.25
VI,13981,CORAGEN X ML 500,5.5
VI,13983,HUSSAR MAXX PRO,188
VI,14018,BASIC,24
VI,14044,JOKER 480,13
VI,14058,,0.25
VI,14058,FEINZIN 70 DF,99.25
VI,14058,FEINZIN 70 DF X GR 250,18.25
VI,14062,,144
VI,14062,ZOXIUM 240 SC,2106
VI,14062,ZOXIUM 240 SC X LT 1,20
VI,14074,TRINEX 250 EW,2
VI,14100,KANEMITE,10
VI,14101,,57
VI,14101,CARAMBA,134
VI,14102,BORDOFLOW NEW,2248
VI,14128,,8
VI,14137,,2.7
VI,14137,ALTACOR,2.1
VI,14155,,210
VI,14156,CURZATE R WG,3
VI,14165,NANDO MAXI,1478
VI,14165,NANDO MAXI X LT 1,12
VI,14169,PERGADO R,10
VI,14182,ARES 25 WG,10
VI,14195,,411
VI,14210,EVURE PRO,87.6
VI,14214,RAPSAN 500 SC,3.5
VI,14245,THIRAS X ML 250,14.25
VI,14257,"UNDERLINE 0,2 G",1
VI,14262,GREENEX NF,16
VI,14375,LION 5 EC,1
VI,14390,BOOM EFEKT,6581
VI,14406,LEIMAY,14.25
VI,14407,,7.42
VI,14407,RUNWAY,55
VI,14414,,1.5
VI,14418,PULSAR 40 SL,62
VI,14431,,6
VI,14431,LENTAGRAN 45 WP,16
VI,14434,NUANCE,0.2
VI,14440,SOLAR 360,599
VI,14460,KOBAN 600 X LT 5,175
VI,14479,,60
VI,14479,SCHERMO 0.5 G,911
VI,14547,BAC MK,1
VI,14549,KRYSTAL VIP WP,7
VI,14559,AGREE WG,12
VI,14629,GAT TESSLA 25 WG,17
VI,14636,,202
VI,14636,BIOLID UP,703
VI,14636,BIOLID UP X LT 1,20
VI,14642,,10
VI,14642,RIDOMIL GOLD R WG,4357
VI,14664,BERELEX 40 SG,0.18
VI,14679,CHEMOL PLUS,7
VI,14699,GEOXE,52
VI,14735,,34
VI,14735,RANMAN TOP,30.5
VI,14737,ROUNDUP PLATINUM 5 LT,10
VI,14753,PIKE 20 WG,0.06
VI,14758,KARATE WITH ZEON TECHNOLOGY 1.5 HOB,0.1
VI,14764,SLUXX HP,110
VI,14794,AVALON SC,4
VI,14801,,1
VI,14837,TARTAN,1227
VI,14837,TARTAN X LT 20,20
VI,14846,AVALON 250 EW,122
VI,14867,SYNERO,39
VI,14867,SYNERO X LT 1,2
VI,14872,BELLIS DRUPACEE,2.5
VI,14876,,3
VI,14876,GRANDSTAND,17
VI,14879,,28.5
VI,14879,LONTREL 72 SG,18.45
VI,14884,CORUM,1483
VI,14884,CORUM X LT 1,97
VI,14884,CORUM X LT 5,195
VI,14891,TRICO,171
VI,14897,,5
VI,14897,FLUROSTAR 200,12
VI,14897,FLUROSTAR 200 X LT 1,12
VI,14918,,25
VI,14935,,146
VI,14935,TIMELINE TRIO,135
VI,14935,TIMELINE TRIO X LT 1,185
VI,14935,TIMELINE TRIO X LT 5,115
VI,14936,,155
VI,14936,AMPLIGO,107
VI,14938,DEDICATE,3
VI,14940,TAKUMI,0.3
VI,14967,TIPTOR ULTRA X LT 1,9
VI,14972,DICARZOL 50 SP,4
VI,14980,,35
VI,15023,,200
VI,15039,,0.5
VI,15044,,124
VI,15047,R6 ERRESEI BORDEAUX WG,433
VI,15049,,4
VI,15049,MODDUS,3
VI,15049,MODDUS X LT 1,10
VI,15051,,830
VI,15051,KYLEO,1130
VI,15051,KYLEO X LT 5,50
VI,15052,KAIMO SORBIE,28.6
VI,15056,,10
VI,15056,TOMCATO,684
VI,15058,PRINCIPAL MAIS,3.64
VI,15059,,387
VI,15059,DECIS EVO,1748.92
VI,15059,DECIS EVO X ML 250,0.25
VI,15062,,408
VI,15062,PIRAMAX  EC,54
VI,15062,PIRAMAX  EC X LT 1,1
VI,15068,RITMUS,2
VI,15071,EVOLUTION,1
VI,15083,AUDACE,21
VI,15096,GLIPHOGAN TOP CL,524
VI,15102,CURZATE ERRE EVO,887
VI,15111,MIRADOR SC,60
VI,15115,,924
VI,15115,PROSPER 500 EC,96
VI,15119,FORTEZZA,65
VI,15120,,90
VI,15121,BIOCUPRO,320
VI,15122,,2
VI,15122,ACTELLIC 50 NEWPHARM,12
VI,15125,PROLECTUS,6
VI,15127,SANVINO,20
VI,15142,,30
VI,15142,ALCANCE SYNC TEC,3492
VI,15149,COSAVET DF EDGE,23400
VI,15177,,99
VI,15180,PLATFORM PLUS,11
VI,15198,,6
VI,15198,AZBANY,80
VI,15199,SAKURA,125
VI,15201,FLOXY 400 SC,258
VI,15213,DEMETRINA FLOW,1.4
VI,15222,FOLICUR COMBI WG,51
VI,15229,,55
VI,15235,,11
VI,15251,AIRONE LIQUIDO,2113
VI,15253,,32
VI,15263,,26
VI,15264,ENERVIN SC,557
VI,15265,,1415
VI,15265,PROMAN FLOW,2082
VI,15265,PROMAN FLOW X LT 1,7
VI,15265,PROMAN FLOW X LT 5,15
VI,15275,DURAVIS,36
VI,15291,TURFENE PLUS,68.5
VI,15294,,514
VI,15295,HERBISTOP PFNPE,0.5
VI,15302,,157
VI,15302,AMYLO-X,355
VI,15302,AMYLO-X X KG 1,5
VI,15303,LALGUARD M52 GR,40
VI,15307,,36.5
VI,15307,DEDALUS 25 WDG,17.5
VI,15310,NISSHIN EXTRA 6 OD X LT 1,6
VI,15317,,3812
VI,15326,,6450
VI,15331,ZEFIR 25 WDG,76.3
VI,15335,U 46 ULTRA,100
VI,15337,,0.2
VI,15337,EXPRESS,2.3
VI,15340,FEUDO 50 WP,1
VI,15344,,6
VI,15344,FILAN WG,3
VI,15346,,24.75
VI,15348,RIDOMIL GOLD R LIQUIDO,154
VI,15349,ARES 430 SC,27
VI,15358,ZOLFO FLOW MCT,1320
VI,15363,MEDEIRO 80 WG ADVANCE,94
VI,15369,MAGMA TRIPLE,257
VI,15378,TRAXOS PRONTO 60,22
VI,15378,TRAXOS PRONTO 60 X LT 5,5
VI,15379,,20.25
VI,15379,AXIAL PRONTO 60,221.5
VI,15379,"AXIAL PRONTO 60 X LT 0,75",20.25
VI,15384,,4
VI,15384,LUNA EXPERIENCE,7
VI,15389,,5610
VI,15401,TAIFUN MK CL,9075
VI,15401,TAIFUN MK CL X LT 1,1
VI,15401,TAIFUN MK CL X LT 20,200
VI,15401,TAIFUN MK CL X LT 5,5
VI,15402,DELTASAP,169
VI,15409,DECISION,2.5
VI,15410,DECA,162
VI,15410,DECA X LT 1,17
VI,15419,ELECTIS R FLOW,3
VI,15422,,38.7
VI,15422,TITUS DUO,28.8
VI,15433,ATLAS,72
VI,15433,ATLAS X LT 1,5
VI,15438,SANMITE 10 SC,2
VI,15448,REBEL TOP,122
VI,15449,,298
VI,15449,CIDELY,173
VI,15491,,9.5
VI,15491,SWORD UP,5
VI,15507,CREW SUPERB,6
VI,15513,OSSICLOR 35 WG GREEN,3601.2
VI,15513,OSSICLOR 35 WG GREEN X KG 10,70
VI,15514,CUPRAVIT BLU 35 WG,81
VI,15536,,21
VI,15536,ANTAL,222
VI,15543,,70.5
VI,15543,LUMACHICIDA FER PFnPE,4347.9
VI,15546,BIATHLON 4D,29.7
VI,15546,BIATHLON 4D X GR 100,8.2
VI,15549,,108
VI,15549,PROLECTUS 50 WG,16
VI,15550,,354
VI,15550,MERLIN FLEXX XTRA,7
VI,15550,MERLIN FLEXX XTRA X LT 1,192
VI,15553,REGALIS PLUS,3
VI,15562,BELURE-T,2.36
VI,15563,TRAILER,0.14
VI,15574,KARMA 85,130
VI,15583,,24
VI,15598,,1
VI,15610,CYPERKILL 50 EC,15
VI,15612,,1.95
VI,15612,SEMPRA,13.2
VI,15612,SEMPRA X GR 150,2.85
VI,15621,BOTTO 50 EC,0.75
VI,15630,,1.5
VI,15630,CARSON 45% WG,27.5
VI,15630,"CARSON 45% WG X KG 0,5",1.5
VI,15633,REVUS TOP,1
VI,15635,,855.5
VI,15635,ADENGO XTRA,2560.2
VI,15635,ADENGO XTRA X LT 5,30
VI,15635,ADENGO XTRA X ML 500,66
VI,15661,SENEGO,0.5
VI,15663,CUPRAVIT 35 WG,75
VI,15689,,5
VI,15710,CLINCHER ONE,60
VI,15712,,3480
VI,15712,SATELITE,848
VI,15712,SATELITE X LT 1,9
VI,15712,SATELITE X LT 5,100
VI,15713,ACAROIL SC,0.6
VI,15715,VIDERYO F,80
VI,15722,,20
VI,15722,ARMICARB 85,185
VI,15725,DUAXO,4
VI,15741,AVADEX FACTOR,40
VI,15744,REBOOT,47
VI,15748,,19
VI,15748,SYLLIT 544 SC,31
VI,15751,VITENE TRIPLO R,17
VI,15769,,474
VI,15806,,13
VI,15806,ONYX,4
VI,15808,,2
VI,15808,CYMBAL FLOW,226
VI,15831,VACCIPLANT,1
VI,15834,TRACER 120,1
VI,15836,RATRON GW,8
VI,15837,,0.75
VI,15837,RATRON GL,21
VI,15838,,120
VI,15838,ROUNDUP ULTRAMAX,10
VI,15840,,8
VI,15868,CENTURION PRO,5
VI,15869,,65
VI,15869,OPTIX STAR DISPERSS,52
VI,15888,AZOX 25 SC,9
VI,15890,CURZATE 60 WG,2.8
VI,15893,GIAGUAR SL,0.2
VI,15899,SILICOSEC,1
VI,15900,TRIKA EXPERT,570
VI,15900,TRIKA EXPERT X KG 10,1500
VI,15901,,3010
VI,15901,ERCOLE,15642.44
VI,15911,SPIROX,18
VI,15915,,98
VI,15915,STARANE HD,52
VI,15926,,2606
VI,15926,MOJANG 600,1802
VI,15926,MOJANG 600 X LT 1,323
VI,15926,MOJANG 600 X LT 4,28
VI,15926,MOJANG 600 X LT 5,545
VI,15948,SINSAJO,20
VI,15961,,61
VI,15961,RETENGO NEW,10
VI,15975,HIATUS X GR 200,0.6
VI,16007,,497
VI,16007,REWARD,2
VI,16007,REWARD X LT 1,17
VI,16007,REWARD X LT 5,30
VI,16032,,23
VI,16033,HEREU SC,5
VI,16034,DOURO 100 EC,93.5
VI,16038,,1
VI,16064,CREDIT 540,60
VI,16068,FOLDER 80 WG,2616
VI,16068,FOLDER 80 WG X KG 5,105
VI,16074,GLORIAL 25 EC,2
VI,16076,,3
VI,16076,SOLIS,741
VI,16083,STIKER FLOW,2.5
VI,16092,,74
VI,16092,CICLOPE,12
VI,16101,TOPAS COMBI LIQUIDO,790
VI,16101,TOPAS COMBI LIQUIDO X LT 1,9
VI,16104,ELECTIS TRIO WDG,4
VI,16107,RADAR COMBI FLOW,447
VI,16157,ATLANTIS FLEX,9.9
VI,16167,MARACANA,1
VI,16170,,10
VI,16178,,3090
VI,16179,FOLLOW 80 WG,5940
VI,16191,,7
VI,16191,TRIMAXX,2
VI,16191,TRIMAXX X LT 1,2
VI,16194,ETRAVON PRO,1
VI,16199,CUPRORAM 35 WG BLU,7
VI,16200,CUPRORAM 35 WG NC,4263
VI,16208,CLEANCLASTER X LT 1,36
VI,16208,CLEANCLASTER X LT 5,95
VI,16221,,1.5
VI,16221,MADEX TOP,0.8
VI,16224,,50
VI,16235,KEYFOL WG,43
VI,16237,GOLBEX WG,208
VI,16249,CARDINAL 50 WG,3
VI,16251,,7
VI,16251,AFFIRM OPTI,47
VI,16261,BELOUKHA,15
VI,16271,,15
VI,16271,FRESCO,20
VI,16273,,3
VI,16273,SIVANTO PRIME,939.75
VI,16279,ERCOLE GR X KG 10,1010
VI,16285,,102
VI,16285,KALIMBA,19
VI,16287,SOLIGOR,65
VI,16288,,403
VI,16288,AMPEXIO,10.25
VI,16290,AMADEUS ULTRA,0.3
VI,16296,PERGADO D,3
VI,16299,,899
VI,16305,BONZI,14
VI,16312,,13
VI,16312,TOMIGAN,104
VI,16314,ZOXIS 250 SC,12
VI,16315,RADAR HP,1.5
VI,16325,,662
VI,16325,EPIK SL,4858.72
VI,16325,EPIK SL X LT 1,28
VI,16335,,100
VI,16335,LIETO SC,3608
VI,16336,DELAN SC,252
VI,16362,CALARIS PRO X LT 5,60
VI,16363,,17
VI,16363,SIRTAKI,198.7
VI,16363,SIRTAKI X ML 300,3.9
VI,16364,,987
VI,16364,BISMARK,4881
VI,16364,BISMARK X LT 1,255
VI,16364,BISMARK X LT 10,70
VI,16364,BISMARK X LT 5,905
VI,16369,ORTIVA TOP SC,16
VI,16379,PREV-AM PLUS,137
VI,16381,,12
VI,16384,,17
VI,16385,,20
VI,16395,MOHICAN 500 SC,15
VI,16396,TEMSA 100,25
VI,16425,,2
VI,16425,LASER 120 SC,73.12
VI,16427,,324
VI,16433,FLINT RISO,11
VI,16438,,29
VI,16438,VELUM PRIME,4
VI,16439,,247.2
VI,16439,CHECKMATE PUFFER LB,73.69
VI,16442,PROFILER,1082
VI,16448,NEALTA,1
VI,16457,POLTIGLIA 20 WG GREEN,1715.5
VI,16461,,38
VI,16461,CENTURION 240 NEO,59
VI,16461,CENTURION 240 NEO X LT 1,14
VI,16461,CENTURION 240 NEO X LT 5,15
VI,16470,COLUMBO 0.8 MG,2
VI,16472,,46
VI,16473,PRIMO MAXX II,5
VI,16480,,32
VI,16480,3LOGY,1377
VI,16481,,1015.5
VI,16481,CALLISTO 480,474
VI,16481,"CALLISTO 480 X LT 0,3",2.4
VI,16481,"CALLISTO 480 X LT 0,9",1.8
VI,16485,ROMULAN,1
VI,16498,,249
VI,16500,TRIBAL,0.97
VI,16501,,3
VI,16501,INSTRATA ELITE,8
VI,16509,IBISCO,0.7
VI,16523,,0.8
VI,16531,TEMPORIS STAR,102
VI,16531,TEMPORIS STAR X LT 1,52
VI,16538,KITAMBA,1
VI,16562,,590
VI,16562,DELAN PRO,4115
VI,16562,DELAN PRO X LT 5,85
VI,16565,EXECUTIVE GOLD,3.5
VI,16566,KUPPER 20 WG,440
VI,16567,,20
VI,16570,SENCOR 600 SC,57.5
VI,16572,DAKOFAKA,70
VI,16573,FIGHTER,17
VI,16577,,2
VI,16577,U46 COMBI DUO,76
VI,16580,VIPER ON,25
VI,16596,,0.64
VI,16596,SANIUM SL25 PFnPE,72.54
VI,16596,SANIUM SL25 PFnPO,0.25
VI,16597,,16
VI,16598,,28.8
VI,16598,SANIUM AL PFnPE,455.71
VI,16599,SANIUM AL PFnPO,4.8
VI,16606,PHYTO SARCAN,20
VI,16608,FOSIKA,5
VI,16609,,530
VI,16609,SAVIAL FORTE,480
VI,16609,SAVIAL FORTE X LT 5,30
VI,16616,,101
VI,16616,VALLEY,136
VI,16616,VALLEY X LT 1,49
VI,16618,COLZA POWER PFnPE,145.56
VI,16625,MAINSPRING,2.6
VI,16630,,235.7
VI,16630,NATUREN LIMEX PFnPE,2162.25
VI,16632,LUNA SENSATION,1.5
VI,16641,RINIDI,2.2
VI,16643,,12
VI,16643,SUCCESS GR,240
VI,16645,KUDOS,130
VI,16654,,2
VI,16657,,30
VI,16657,CENTURY PRO,1195
VI,16657,CENTURY PRO X LT 10,30
VI,16658,,177
VI,16658,DAGONIS,20
VI,16663,ACTLET F,657
VI,16663,ACTLET F X KG 1,4
VI,16663,ACTLET F X KG 6,30
VI,16667,,117
VI,16667,REVOLUTION,2837
VI,16667,REVOLUTION X LT 1,40
VI,16690,,95
VI,16690,KESTREL,304.5
VI,16749,,115
VI,16749,FOLPAN ENERGY,2220
VI,16769,,56
VI,16769,VERIMARK,1
VI,16771,PIXXARO,3
VI,16775,KATANGA TRIPLO,45
VI,16776,,121.31
VI,16776,ASSET FIVE,170.75
VI,16779,TONALE,156
VI,16780,SERENADE ASO,50
VI,16783,,654
VI,16787,,51
VI,16787,CLINIC ST,1366
VI,16790,NORDOX ENERGY,60
VI,16799,ALEXIN 75 LS,100
VI,16802,,131
VI,16802,ZYPAR,1068
VI,16802,ZYPAR X LT 1,28
VI,16813,,11.8
VI,16818,,1
VI,16818,FLUAZINOVA PLUS,190
VI,16819,NATUR BREAKER,246
VI,16820,,42
VI,16828,MAKURI MAX,18
VI,16828,"MAKURI MAX X LT 0,5",19
VI,16831,GLIFENE BIOGRADE,7797
VI,16833,PANTOX 360 SUPER,235
VI,16833,PANTOX 360 SUPER X LT 20,1120
VI,16835,RAVANE PLUS 100 CS,18
VI,16836,,680
VI,16841,,1930
VI,16842,CUPRAVIT BIO ADVANCED,1994
VI,16843,,2392
VI,16843,COPPERLAND NEW,570
VI,16846,VESTICOR,1.2
VI,16857,SHORTTRACK,7
VI,16867,GLISTER STAR,1
VI,16868,,50.5
VI,16882,PROPULSE,197
VI,16882,PROPULSE X LT 5,10
VI,16886,CLOSER,83.24
VI,16896,ZORVEC ZELAVIN,0.6
VI,16897,KATOUN GOLD,60
VI,16902,,10
VI,16902,AVIATOR XPRO,157
VI,16904,KIDEKA 100 SC X LT 1,1
VI,16906,GHIBLI PLUS,12
VI,16915,ALEAVI PFnPO,50
VI,16925,WISH TOP,34
VI,16945,,14
VI,16945,SERCADIS,2.1
VI,16946,DARAMUN,99
VI,16947,BRIONFLO 100 SC,65
VI,16951,ESQUIVE WP,143
VI,16957,ZORVEC VINABRIA,1089
VI,16960,ACTLET EVO,10
VI,16963,AVENOX 240,4.25
VI,16968,,28
VI,16976,,50
VI,16976,VITIKAPPA,5
VI,16988,,10
VI,17003,PRIAXOR,20
VI,17005,CLOMATE,25.5
VI,17006,MONCUT,23
VI,17009,,840
VI,17014,DELEGATE WDG,0.75
VI,17026,,190
VI,17026,DUPLOSAN SUPER X LT 5,5
VI,17038,TUAREG NEW,1418.5
VI,17038,TUAREG NEW X LT 5,20
VI,17058,ROMEO,28
VI,17060,DERBY,17
VI,17066,,249
VI,17066,PRAXIM,241
VI,17069,,20
VI,17069,TIOVIT L,15
VI,17075,MOVIDA,3.28
VI,17079,,110
VI,17079,FORCE EVO,1020
VI,17081,CUPROSSIL IDRO NEW 20 WG,40
VI,17091,CHAMP 20 WG,1194
VI,17112,,4
VI,17113,MIKAL F,1104
VI,17115,,88
VI,17115,ZETROLA,32
VI,17116,,75
VI,17116,ACTIVUS ME,89
VI,17116,ACTIVUS ME X LT 1,55
VI,17118,BIOACT PRIME DC,1.5
VI,17121,ATLANTIS ACTIV,1.32
VI,17122,IDROX 25 WG,750
VI,17128,JURA EC,90
VI,17129,COSAVET FLOW,400
VI,17130,FLOMILL,2780
VI,17147,PEDIMENT,1.5
VI,17149,AZ 250 SC,6
VI,17168,VERDRAM TRI HI BIO X KG 10,300
VI,17178,,461
VI,17203,PENDI 40,1
VI,17203,PETANCK SC,57
VI,17204,,20
VI,17204,CYPRUS 25 WG,2300
VI,17205,CIDIAL,14
VI,17209,,23
VI,17209,DAVAI,30
VI,17209,DAVAI X LT 1,12
VI,17212,ISERAN,69
VI,17217,,6.75
VI,17217,ARMICARB SPRAY PFnPE,336.5
VI,17248,ZORVEC VINABEL,9
VI,17259,,120.01
VI,17259,DECIS TRAP OLIVO,15.2
VI,17270,ASCRA XPRO,13
VI,17270,ASCRA XPRO X LT 1,183
VI,17270,ASCRA XPRO X LT 5,175
VI,17273,FLYPACK DACUS TRAP,128.3
VI,17273,FLYPACK DACUS TRAP (PEZZI),525
VI,17273,FLYPACK DACUS TRAP PZ,50
VI,17278,KIDEKA,102
VI,17284,RODEO PLUS,1340
VI,17292,,30
VI,17293,DIAGONAL,108
VI,17300,KINDRA,27
VI,17304,KAN-DOO X LT 1,41
VI,17319,FOXPRO,15
VI,17320,SENIOR 75 WG,61
VI,17345,ARPEL WG,3
VI,17346,EXOSET 240 EC,1257.4
VI,17354,MURAL 480 SL,27
VI,17360,MAGO,1026
VI,17366,LOYANT 25 Neo EC,36
VI,17368,ALETIL DF,1
VI,17369,ECOMIX,109
VI,17369,ECOMIX X LT 1,1
VI,17371,,10
VI,17373,CYCLO MAX SC,25
VI,17377,REFINE SX,14.61
VI,17377,REFINE SX X GR 10,1.62
VI,17387,WARDEN C,7
VI,17388,ACARELTE GOLD,2
VI,17396,ORASO PRO,24
VI,17398,,453
VI,17398,DOMITREL 400 CS,15
VI,17407,WINTECH,79
VI,17422,ENVITA SC,1228
VI,17422,ENVITA SC X LT 5,5
VI,17432,,111
VI,17435,RIDOMIL GOLD COMBI WG,4333
VI,17436,WARDEN F,710
VI,17451,TEKKEN X LT 1,121
VI,17454,,3076.4
VI,17454,ENCARIT,1580
VI,17454,ENCARIT X LT 1,8
VI,17454,ENCARIT X LT 3,6
VI,17455,PALIO,1.5
VI,17461,,41.54
VI,17461,ORONDIS,22.2
VI,17469,,62.16
VI,17469,TAEGRO,136.9
VI,17470,LIMOCIDE,529
VI,17470,LIMOCIDE X LT 1,4
VI,17471,,87.5
VI,17472,,1
VI,17472,JADE,845
VI,17472,JADE X LT 5,50
VI,17489,BELTHIRUL,2
VI,17496,,120
VI,17502,LINCE,24
VI,17506,,0.2
VI,17532,CONTENDER PLUS,50
VI,17541,CHANTICO,94
VI,17559,PRO-TRAP (PEZZI),140
VI,17573,,1068
VI,17586,,39
VI,17586,AXIAL ONE,282
VI,17598,,3.1
VI,17598,AFINTO,0.14
VI,17611,POTCLEAN ULTRA 1G,28
VI,17612,,219.8
VI,17615,WARDEN EVO,79
VI,17634,,354
VI,17642,BUSSOLA WG BLU,1
VI,17651,,360
VI,17655,,88
VI,17657,EXTASE R,10
VI,17665,PYRUS PRO,66
VI,17666,PROSARO PLUS,28
VI,17666,PROSARO PLUS X LT 1,217
VI,17666,PROSARO PLUS X LT 5,160
VI,17671,VENZAR SC,25
VI,17677,,30.6
VI,17680,GALILEO,250
VI,17689,MOXYL MK,123
VI,17693,,1250
VI,17693,HATTRICK 30 WG,995
VI,17697,SUPRACAFFARO FLOW,1052
VI,17698,ASSORAM ELITE 20 WDG,5
VI,17726,REXXAR,71.4
VI,17736,,155
VI,17737,KIPE 50 SL,46
VI,17743,SHALLOW,22
VI,17744,CHOUCAS,5
VI,17745,PREDILECTO,33
VI,17746,,47
VI,17752,,120
VI,17752,STAVENTO,1
VI,17752,STAVENTO X LT 1,8
VI,17754,REVYCARE,299
VI,17760,,74.8
VI,17766,ENERVIN SYSTEM,170
VI,17767,CORPRIMA,39
VI,17785,,2
VI,17785,ZORVEC ENTECTA,7
VI,17797,,3
VI,17797,FENERGY SC,15
VI,17803,,3
VI,17807,PARLEAF,33
VI,17807,PARLEAF X LT 5,10
VI,17810,,38
VI,17819,,396
VI,17820,,35
VI,17824,,77
VI,17824,MIRADOR TURBO,91
VI,17826,,19
VI,17826,DOMARK 125 PLUS,5
VI,17840,,75
VI,17865,,496
VI,17870,GEISER,13
VI,17873,,0.08
VI,17873,CELADA VMB 180,3
VI,17888,,21
VI,17888,VOLIAM,17.5
VI,17891,BLESAL TOP,1
VI,17891,BLESAL TOP X LT 1,1
VI,17892,NAXOS TOP,90
VI,17894,TRIKA ENERGY,9860
VI,17896,FORTUNE DISPERSS,7500
VI,17913,,1626
VI,17920,,32
VI,17920,GHIBLI TM,98
VI,17921,,649
VI,17922,,216
VI,17923,ARNOS SC,3
VI,17925,,125
VI,17931,,1166
VI,17938,,153
VI,17938,CLINIC TF,703
VI,17940,VITIPEC F WG,96
VI,17944,HOKONZA,2
VI,17946,,83
VI,17949,PATRIOT ULTRA,7
VI,17951,,24
VI,17951,AUDACE SC,636
VI,17951,AUDACE SC X LT 3,33
VI,17955,MAGANIC,2
VI,17955,MAGANIC X LT 1,12
VI,17957,HERITAGE,1.5
VI,17961,SOILGUARD 0.5 GR,230
VI,17962,ACELEPRYN 200 SC,1.8
VI,17963,TIOVIT 800 L,180
VI,17971,FUSILADE FORTE,20
VI,17976,MESOCORE 100 SC,490
VI,17976,MESOCORE 100 SC X LT 1,151
VI,17976,MESOCORE 100 SC X LT 5,255
VI,17985,KARATETRAP B,10.11
VI,17985,KARATETRAP B PEZZI,41
VI,18000,,2480
VI,18000,DECIS TRAP DROSOPHILA,200
VI,18011,OIZYSA 480 SL,130
VI,18014,ATTRAXOR,6
VI,18015,MISTER L,31.86
VI,18019,RASIKAL GREEN PFNPE,53
VI,18021,PECARI 300,31.2
VI,18022,,1142
VI,18038,ACTICLASTER,20
VI,18044,PATTON FLEX,78
VI,18067,MAXENTIS,5
VI,18067,MAXENTIS X LT 1,12
VI,18070,,355
VI,18070,JANERO 480 SL,19
VI,18072,,3
VI,18074,,3495
VI,18074,ROUNDUP Futur,30
VI,18074,ROUNDUP FUTURE,4039.4
VI,18074,ROUNDUP FUTURE 5 LT,15
VI,18076,FLAME DUO,0.48
VI,18081,,6
VI,18081,DIFECOL,1
VI,18082,SERCADIS SC,42.8
VI,18084,,12770
VI,18092,,14
VI,18092,REVYSTAR XL,94
VI,18103,,4
VI,18109,,40
VI,18109,KASKO MET,80
VI,18119,SINALA,149
VI,18119,SINALA X LT 5,80
VI,18125,ALLSTAR,350
VI,18137,REVYSION,1449
VI,18137,REVYSION X LT 1,16
VI,18138,,1361
VI,18139,IRONITE PFNPE,1768
VI,18148,BUGGY GOLD,3820
VI,18149,EXITUL,22
VI,18152,,636
VI,18153,ERADICOAT MAX,20
VI,18159,,2465
VI,18160,PYROGAL,24
VI,18172,MIKONOS EVO,159
VI,18176,,6
VI,18176,EDAPTIS,35
VI,18181,UNIVOQ,266
VI,18181,UNIVOQ X LT 1,7
VI,18181,UNIVOQ X LT 5,55
VI,18206,,20.63
VI,18206,ZONGRUUM,41.63
VI,18213,,1.82
VI,18213,BACILLUS CHEMIA PFnPE,24.68
VI,18216,,0.5
VI,18216,VITIKAPPA PFnPE,196.1
VI,18222,,56
VI,18222,FERRAMOL PFnPE,1277
VI,18223,NATRIA LUMACHICIDA PFnPE,392.5
VI,18224,SAPULI',470
VI,18225,,14.75
VI,18232,BORDOFLOW NEW PFnPE,107.2
VI,18233,,10.3
VI,18233,BORDOFLOW SECTOR PFnPE,105.25
VI,18235,,66.2
VI,18235,CIOPPER PFnPE,115.5
VI,18239,,3.7
VI,18239,FLIPPER PFNPE,36.1
VI,18241,IDRORAME FLOW PFnPE,163.55
VI,18242,,2.1
VI,18242,LEPINOX PLUS PFnPE,56.12
VI,18244,MOMENTUM PFnPE,161.82
VI,18245,,27
VI,18245,POLTIGLIA MANICA 20 WG PFnPE,543.9
VI,18251,,2
VI,18251,TIOLENE PFnPE,13
VI,18253,,11
VI,18253,VERDERAME 20 WG PFnPE,210.44
VI,18254,ZOLVIS 80 SECTOR PFnPE,39
VI,18256,NISUS 3B PFnPE,36.5
VI,18257,,0.3
VI,18257,3LOGY PFnPE,15.1
VI,18258,ALFIL WG PFnPE,12.2
VI,18259,,265
VI,18259,BARBARIAN BIOGRADE 360 PFnPE,2194.5
VI,18261,BARCLAY GALLUP BIOGRADE 360 PFnPE,804
VI,18263,,53.8
VI,18263,BIOLID UP PFnPE,824.3
VI,18266,,1.7
VI,18266,COBRE NORDOX SUPER 75 WG PFnPE,19.87
VI,18267,,11.6
VI,18267,CONTENDER 80 WG PFNPE,61.8
VI,18269,GLIFENE BIOGRADE PFnPE,1998.5
VI,18270,,588.5
VI,18270,GLIPHOGAN TOP CL PFnPE,4822.8
VI,18274,NEMGUARD GRANULES PFnPE,6.5
VI,18277,,2.5
VI,18277,SHAMAL MK PLUS CL PFnPE,1229.9
VI,18282,TRUSTEE 450 PFnPE,19.5
VI,18283,XEDAVIR PFnPE,13.2
VI,18284,,16.1
VI,18284,WANAX PFnPE,58.5
VI,18287,V-DIM 240 EC,65
VI,18290,FOLPETIS 50 SC,2576
VI,18292,YUKON,80
VI,18293,MELODY FLEX,65
VI,18313,,0.5
VI,18313,FERRONITE PFNPE,1330
VI,18318,PRINCIPAL FORTE,141.88
VI,18332,LOGRADO 360 SL,2180
VI,18338,DITOFLO 700 WG,25
VI,18393,CURZATE EFFE WG,23
VI,18394,FALTEX 50 SC,112
VI,18401,,35
VI,18404,,39
VI,18404,AXIAL 50 EC,366
VI,18404,AXIAL 50 EC X LT 5,40
VI,18409,LADIVA,2
VI,18445,PANTERA TOP,136
VI,18451,,17.33
VI,18451,LEPINOX WG,18
VI,18458,AQUICINE,10
VI,18460,NOVIXID,40
VI,18461,AGIXA,95
VI,18477,PROBLAD,75
VI,18484,CAYUNIS,19
VI,18484,CAYUNIS X LT 1,12
VI,18490,,49
VI,18490,BRIXTON,125
VI,18490,BRIXTON X LT 1,32
VI,18495,KYLEO TOP,30
VI,18523,DIABLO SC,0.4
VI,18528,,30
VI,18530,,420
VI,18530,WEEDMASTER PRO 540,145
VI,18530,WEEDMASTER PRO 540 X LT 20,320
VI,18544,,200
VI,18562,BEAST,70
VI,18609,,2.6
VI,18609,MATSUDA WG PLUS,0.1
VI,18626,SURROUND WP CROP PROTECTANT,12.5
VI,18642,IRONFORTE ANTILUMACA PFNPE,205
VI,18654,CARDIS,60
VI,18703,TECORLA,282
VI,18728,,60
VI,18735,BISBITA,485
VI,18736,,1
VI,18736,TELOSIO 45,471
VI,18749,PLYNIO WG,747
VI,18750,INTUITY PRO,7
VI,18767,,155
VI,18786,MESSIDOR 400 SC,11
VI,18809,VIBALLA,28
VI,18817,,492
VI,18847,CIREVO,1.5
VI,18864,NAIROBI 500 SC,4
VI,18866,,300
VI,18912,,388
VI,18912,LORTAMA 25,804
VI,18926,AURA 2025,4
VI,18927,,3900
VI,18927,AF-X1 2025,437.5
VR,13,,40520
VR,13,THIOPRON,83471
VR,133,U 46 D-FLUID,30
VR,206,ALBENE,770
VR,565,FUMATHANE 510,90420
VR,599,,1040
VR,599,ACUPRICO 76 WG,1890
VR,619,VALGRAN,34
VR,747,ZOLFO SPRUZZABILE,360
VR,909,,30224
VR,909,POLISOLFURO DI CALCIO POLISENIO,22011
VR,1155,CHEMOL 90 EL,1206
VR,1156,,29947
VR,1156,CHEMOL,64818
VR,1562,,56
VR,1562,ERBITOX M PRO,163
VR,1573,,2300
VR,1573,BASAMID GRANULAT,460
VR,1583,,304725
VR,1583,MICROTHIOL DISPERSS,155655
VR,1823,ZOLFO 80 MICRONIZZATO,975
VR,1850,IDRORAME FLOW,135
VR,1903,SULFURENE,3400
VR,1936,,14440
VR,1936,LIQUIZOL M,8873
VR,2191,,32
VR,2191,WETTING PLUS,740
VR,2259,,25
VR,2259,PASTA LUMACHICIDA IN GRANI,51
VR,2260,,2915
VR,2260,GASTROTOX E,89
VR,2291,ESCA REGINA N,32
VR,2307,,3125
VR,2307,VECTOR,3055
VR,2518,ACTELLIC 2/P,6
VR,2603,ESCACIDE,119
VR,2732,,89
VR,2732,GOLTIX,1000
VR,2923,,17098
VR,2923,TIOVIT JET,72993
VR,3065,OLIOCIN,12
VR,3102,,6385
VR,3102,OLEOTER,16475
VR,3141,,2
VR,3163,U 46 M STAR,45
VR,3182,,202
VR,3343,,1810
VR,3343,U46 M CLASS,557
VR,3412,,236
VR,3412,SYLLIT 65,697
VR,3486,,28
VR,3486,TRISCABOL DG,584
VR,3503,AGRUMIN,22
VR,3519,,70
VR,3519,METAMBANE,705
VR,3553,,222
VR,3553,CURZATE,613
VR,3640,,5
VR,3745,,49120
VR,3745,METAM,7700
VR,3767,,3768
VR,3767,FENOXILENE 200,4974
VR,3779,,8630
VR,3779,VAPAM,77900
VR,3817,,15
VR,3817,DISERBONE KN,75
VR,4264,VIC 400 SC,53
VR,4701,,511
VR,4701,PIRIMOR 50,467
VR,4710,,2380
VR,4710,ALIETTE,3310
VR,5152,,9360
VR,5152,TIOSPOR WG,124811
VR,5414,,61.5
VR,5574,LUMAKIDIN 5G,888
VR,5581,GIBBERELLINA CIFO,2.64
VR,6037,TECTO SC,14
VR,6136,GERMON L,222
VR,6321,,27.9
VR,6321,STIMOLANTE 66F,77
VR,6322,,459
VR,6322,OBSTHORMON 24A,613
VR,6437,,419
VR,6437,ETHREL,969
VR,6555,,35
VR,6555,K-OBIOL ULV 6,55
VR,6556,,5
VR,6556,K-OBIOL DP2,7
VR,6557,,19
VR,6557,K-OBIOL EC 25,134
VR,6771,,5539
VR,6771,COESIL,40
VR,6873,IDRORAME 193,5125
VR,6945,,285.75
VR,6945,TOPAS 10 EC,861.75
VR,6956,,65
VR,7020,,27
VR,7020,BAGNANTE CIFO,2387
VR,7053,PASTA CAFFARO NC,207
VR,7055,PASTA CAFFARO BLU,490.5
VR,7252,ZOLFO DOPPIO VENT. SCORR. 95% S - S,75
VR,7368,,117
VR,7368,TURFENE L,71
VR,7379,,2
VR,7379,VENZAR,5
VR,7401,,20
VR,7401,POLTIGLIA CAFFARO 20 DF NEW,417
VR,7411,DIRAGER,64
VR,7441,,2.9
VR,7454,ORMONE AG COMPRESSE,1.4
VR,7483,,1694
VR,7483,DEVRINOL F,2741
VR,7534,ROYAL MH,3200
VR,7644,TENSIL,1631
VR,7700,,183.6
VR,7700,MATACAR FL,220
VR,7736,ZOLFO SCORREVOLE TRIVENTILATO 95% S,10775
VR,7737,,200
VR,7764,TIOLENE,26430
VR,7911,,550
VR,7911,AIRONE EXTRA,1701
VR,7919,,7020
VR,7919,TOUCHDOWN,23549
VR,7930,,365
VR,7930,KERB FLO,2930
VR,7961,,24
VR,7961,RIZOLEX  GOLD,108
VR,7983,,140
VR,7983,ZODIAC DFF,15
VR,8023,,564
VR,8023,SUMIALFA ECHO,526
VR,8028,,108
VR,8102,,12852
VR,8102,MERPAN 80 WDG,9057
VR,8146,,138.5
VR,8146,GALLERY,316.5
VR,8157,ZETARAM 20 L,2510
VR,8184,,1447
VR,8184,CHALLENGE,4091
VR,8189,,25842
VR,8259,,1000
VR,8259,LAMDEX EXTRA,1137
VR,8320,DELFIN,137
VR,8360,,5
VR,8376,,217
VR,8376,ARIANE II,413
VR,8498,,374
VR,8498,FOLICUR WG,398
VR,8546,,431
VR,8546,DANITRON,325
VR,8557,AUXIGIB,70
VR,8558,PIRETRO VERDE,3
VR,8581,,100
VR,8581,FOLIANE SC,288
VR,8599,,73
VR,8599,GOLD BEET,20
VR,8601,,46846
VR,8601,FOLPAN 80 WDG,49021
VR,8617,BANVEL 480 S,15
VR,8706,,475.5
VR,8706,AMID THIN W,632
VR,8712,,77
VR,8712,ALLEGANTE 4% AF 96,128
VR,8715,,42
VR,8715,DIRAMID,103
VR,8717,,1
VR,8717,GERAMID NEU,4
VR,8721,,5
VR,8735,,5218.5
VR,8735,TREBON UP,3653.6
VR,8755,,0.53
VR,8795,,1640
VR,8795,VERTIMEC EC,1839
VR,8801,,200.5
VR,8801,SCORE 25 EC,1112
VR,8836,,1975
VR,8836,MIMIC,1695
VR,8837,GERMON BEWURZELUNGSPUDER PER TALEE ,4
VR,8838,GERMON BEWURZELUNGSPUDER PER TALEE ,2.5
VR,8874,,31
VR,8874,ETOFUM - FL,39
VR,8882,,60
VR,8882,ULTRA FINE OIL,18
VR,8899,ZOLFO VENTILATO RAMATO 5%,5175
VR,8929,,4.5
VR,8929,TOPIK 240 EC,189.5
VR,8934,,322
VR,8934,SCALA,1898
VR,8937,,78
VR,8937,SHIRUDO,205
VR,9005,,511
VR,9005,AGIL,3893
VR,9010,RAMEZIN COMBI WG,190
VR,9012,,940
VR,9012,CUPROCAFFARO MICRO,9426
VR,9041,,130030
VR,9041,TIOFLOW 57,40
VR,9061,PANTOPUR MC,7
VR,9210,,74
VR,9210,QUADRIS,142
VR,9244,,8170
VR,9244,ZIRAMIT 76 WG,7850
VR,9267,,3500
VR,9267,ROYALTAC N,126280
VR,9280,,23
VR,9280,TOPAS 200 EW,2.5
VR,9286,,32
VR,9286,OHAYO,765
VR,9306,PROPLANT,1
VR,9342,DELTRIN,6
VR,9371,PEAK,0.7
VR,9373,,258
VR,9373,CHORUS,156
VR,9380,FREEWAY 360,2780
VR,9411,,20
VR,9422,,394.5
VR,9422,EVADE,1110.8
VR,9449,EMERALD COMBI,4
VR,9477,,662
VR,9509,,3.5
VR,9509,PROMALIN NT,124
VR,9531,,576
VR,9531,SEQURA WG,35
VR,9569,,190
VR,9569,ZETARAM 3B FL,281
VR,9575,DRIBBLING 240 EC,7
VR,9578,,1359
VR,9578,SWITCH,5182
VR,9627,SOLUTION 20 DISPERSS,21890
VR,9631,METRIN EC,14
VR,9655,PRIMIAL WG,89
VR,9679,,169
VR,9679,KRISTAL 32 WG,263
VR,9695,,63
VR,9695,PERLAN,7.5
VR,9705,,713
VR,9705,PREVITER,1657
VR,9723,,6300
VR,9723,DE-SPROUT N,30840
VR,9724,TIOWETTING DF,4141
VR,9742,METAMIX R LIQUIDO,5
VR,9757,,45
VR,9757,SPYRALE,29
VR,9787,MICROBAGNABILE WG,62
VR,9790,,204
VR,9790,CONTATTO 320,4
VR,9800,,451.45
VR,9800,MAVRIK SMART,2009.45
VR,9809,,1090
VR,9809,MALVIN 80 WG,4979
VR,9843,,1491
VR,9843,BASAGRAN SG,2377
VR,9872,AKRIS,25
VR,9952,COLZANET,62
VR,9954,,129
VR,9954,JOKER,486
VR,10004,AGRIMIX PRO,12
VR,10009,GIBGRO 20%,3
VR,10048,,1250
VR,10048,KUMULUS TECNO,8775
VR,10088,,0.01
VR,10088,MAXIM,1
VR,10117,,4691
VR,10117,STRATOS ULTRA,6527
VR,10118,,196
VR,10118,AMISTAR,28
VR,10139,PYKOS,18
VR,10142,,1845
VR,10142,VERNOIL,400
VR,10158,PIREFLOR,134
VR,10161,,923
VR,10161,ORTIVA,1162
VR,10196,NECTAR,6.5
VR,10220,,188
VR,10220,DICOPUR COMBI,64
VR,10224,,1130
VR,10224,EMME-H,12760
VR,10226,NOXIS M,1
VR,10296,,1620
VR,10296,IPERION,1000
VR,10305,,553
VR,10305,OIKOS,1072.8
VR,10306,MISTRAL,1661
VR,10324,,10
VR,10324,NEMATHORIN 10 G,340
VR,10350,,75
VR,10350,BLAST SG,456
VR,10357,RIGRON SG,3
VR,10368,TRISCABOL 76 WG,27
VR,10381,,1633
VR,10415,,2
VR,10415,ARIC 480 L.S.,29.5
VR,10425,SCUDEX,160
VR,10439,,337
VR,10439,SPRAY DUNGER GLOBAL,247
VR,10440,EXPANDER,187
VR,10477,,1
VR,10479,,191
VR,10479,NATURALIS,215
VR,10506,,0.3
VR,10506,LALSTOP K61 WP,8.9
VR,10573,,20570
VR,10573,KOCIDE 2000,3074
VR,10577,,618
VR,10577,METRIPHAR 70 WG,1184
VR,10585,,130
VR,10585,SULCOTREK,557
VR,10588,,636
VR,10588,BIOPIREN PLUS,485
VR,10604,EMERALD 40 EW,607.25
VR,10632,,328
VR,10632,COBRE NORDOX SUPER 75 WG,1700
VR,10650,BELGARD,10
VR,10671,CUAGRO HI BIO,1000
VR,10699,,3
VR,10699,ULTRASTIM 312,70
VR,10701,,401.5
VR,10701,CUMETA FLOW,5250.5
VR,10741,,101
VR,10741,METACINQUE,5363
VR,10771,,3302
VR,10771,MOST MICRO,18362
VR,10889,AGRIMIX GOLD,44
VR,10890,,695
VR,10890,FLiPPER,1351.2
VR,10925,,20
VR,10925,BEYOND,11
VR,10926,,231
VR,10926,ALTOREX,393
VR,10929,,29.7
VR,10929,CHIKARA 25 WG,45.2
VR,10944,,586.5
VR,10944,KARATE ZEON,829.25
VR,10948,VITISAN WG,1046.5
VR,10976,,45.15
VR,10976,METEOR,406.4
VR,10999,,7
VR,10999,BETANAL SE,176
VR,11011,,423
VR,11011,DASH HC,1310
VR,11059,,5430
VR,11059,BIOPOWER,223
VR,11062,,43
VR,11062,BION 50 WG,5.5
VR,11070,,378140
VR,11070,TIOGOLD DISPERSS,15
VR,11088,,141
VR,11088,BION MX,220
VR,11102,,860
VR,11102,HELIOSOUFRE S,5569
VR,11107,,20.4
VR,11107,ECO-TRAP,186.24
VR,11119,,125
VR,11119,FLINT,581.35
VR,11133,,458.5
VR,11133,SHELTER,1455.5
VR,11147,,3579
VR,11147,KRUG,20
VR,11150,ALL SEASONS,1600
VR,11165,,6
VR,11165,POLAK,14
VR,11183,PROGERBALIN LG,1350.5
VR,11185,,199
VR,11185,GERLAGIB LG,588
VR,11196,,440
VR,11196,SULFAR,820
VR,11197,,290
VR,11197,VITENE 45 WG,1247
VR,11206,,205
VR,11206,CODACIDE,3664.5
VR,11231,MICOSPOR 80 WDG,10
VR,11243,,86
VR,11243,LEOPARD 5 EC,1543
VR,11252,LALSTOP Contans WG,48
VR,11253,,34
VR,11253,CALLISTO,137
VR,11255,,1963
VR,11257,,1110
VR,11257,COSTAR WG,361.5
VR,11258,,170
VR,11258,FAZOR STAR,1680
VR,11303,CHAMP DP,40
VR,11341,,65
VR,11341,STARANE GOLD,933
VR,11353,,1645
VR,11353,FUSILADE MAX,3376
VR,11355,TAMIFUM,61600
VR,11359,SARCAP 800,72
VR,11379,,2440
VR,11379,ROYAL MH STAR - TAB,10895
VR,11393,,137
VR,11393,BEETLE,358
VR,11416,,900
VR,11416,OVIPRON TOP,1045
VR,11448,,93
VR,11448,KICKER,5
VR,11479,,2
VR,11479,BRANCHER DIRADO,96
VR,11497,,100
VR,11501,PARIFOL,74
VR,11505,,126
VR,11505,READY GERMIPLUS,215
VR,11526,,380
VR,11526,SULTAN,945
VR,11548,,22.28
VR,11548,ISONET L TT,11.3
VR,11549,,0.76
VR,11549,ISOMATE OFM ROSSO FLEX,0.2
VR,11551,,0.15
VR,11551,ISOMATE C PLUS,11500.42
VR,11552,,0.4
VR,11552,ISOMATE C TT,6600
VR,11556,,0.02
VR,11561,,692
VR,11561,NEEMAZAL T/S,822
VR,11569,,95
VR,11569,CUPROXAT S.D.I.,225
VR,11637,,527
VR,11649,,231.4
VR,11649,COMMAND 36 CS,265.6
VR,11654,,9
VR,11678,,29
VR,11678,ACTELLIC 2/P NEWPHARM,91
VR,11687,ACTELLIC 5 NEWPHARM,5
VR,11690,GOAL 480 SC,1
VR,11693,,10.5
VR,11693,LASER,223.6
VR,11694,CONSERVE SC,0.1
VR,11701,BOTANIGARD OD,42
VR,11711,MEXIRAM HI BIO,40
VR,11760,,14020
VR,11760,POLITHIOL,9100
VR,11779,,40
VR,11779,KOP-TWIN,2080
VR,11786,,2286.21
VR,11786,AQ 10 WG,6.09
VR,11793,XENTARI WG,574.5
VR,11802,,225
VR,11802,TETRACAP 80 DG,2
VR,11857,MIDAURIL COMBI,2105
VR,11862,LOBBY,80
VR,11908,VENTUREX 400 SC,3
VR,11926,NOIDIO GOLD 10 EC,91
VR,11944,,40
VR,11944,ASPECT,20
VR,11964,,150
VR,11964,POLTIGLIA CAFFARO 20 GD,2200
VR,11991,,248
VR,11991,NEEMIK TEN,438
VR,11999,,12810
VR,11999,BUSSOLA WG NC,11870
VR,12023,,2679
VR,12041,,95
VR,12041,MARTOS,12
VR,12043,,814
VR,12043,PREVICUR ENERGY,1007
VR,12048,TIOSOL 80 WG,9865
VR,12068,TEFLUSTAR,570
VR,12090,,380
VR,12090,MICROSED GEO,4210
VR,12096,,44970
VR,12096,POLTIGLIA DISPERSS,64910
VR,12100,ASSET DUO,2
VR,12106,TALENDO,351
VR,12113,VIRGO,1
VR,12114,,534
VR,12114,AUXIGER LG,1638
VR,12133,,414
VR,12133,JUVINAL GOLD,734
VR,12149,,14
VR,12156,MAKE UP 80 WDG,21
VR,12170,,1260
VR,12170,HELIOCUIVRE,1465
VR,12172,FERRAMOL,180
VR,12174,V.I.P. FLOW,5
VR,12225,,48.26
VR,12225,TEPPEKI,626.09
VR,12233,DALLAS,520
VR,12233,DALLAS K,100
VR,12233,KAPLAN,2935
VR,12278,,52
VR,12278,CIFOSTIM,155
VR,12361,,15.8
VR,12368,,1
VR,12375,,26
VR,12378,TRIANUM-G,8980
VR,12381,,390
VR,12381,NU-FILM-P,468
VR,12437,,4761
VR,12437,DELAN 70 WG,6338
VR,12452,,538
VR,12452,EQUIP,1711
VR,12453,,30
VR,12453,MILDICUT,13
VR,12489,,1
VR,12504,FLOWBRIX,3
VR,12514,,205
VR,12514,VIPER,255
VR,12515,GIBRELIN TAB,42.15
VR,12522,METRO,5
VR,12529,,55
VR,12529,TUCANA 25 EC,221
VR,12534,,111.25
VR,12534,FOXTAIL,334
VR,12538,,83
VR,12540,,420
VR,12540,REGRAN EXTRA,986
VR,12548,,100
VR,12548,XANILO 45 WG,279.5
VR,12566,,7
VR,12566,PYGANIC 1.4,3
VR,12573,EKO OIL SPRAY,60
VR,12574,ICARUS EW,15
VR,12590,,2150
VR,12590,DIASTAR MAXI,2460
VR,12625,,1
VR,12647,,61
VR,12662,,245
VR,12662,METAFOL 700 SC,5
VR,12671,,18.43
VR,12671,HARMONY 50 SX,38.85
VR,12706,,0.45
VR,12722,,170
VR,12722,OSSICLOR 20 FLOW,441
VR,12737,,6830
VR,12737,AIRONE PIU',14086.5
VR,12738,KING 360 HP,30
VR,12748,,6100
VR,12748,GRIFON PIU',6250
VR,12754,VERDRAM HI BIO,60
VR,12756,,122
VR,12756,DICOTEX,285
VR,12759,,580
VR,12759,OSSICLOR 35 WG,2658.5
VR,12761,AGRIMIX TOP,87
VR,12768,,121
VR,12768,SPINTOR FLY,258
VR,12770,,7
VR,12770,ALAR 85 GOLD,5
VR,12779,RAMEDIT COMBI WG,10
VR,12785,,12.5
VR,12785,CHECKMATE CM-XL,1200
VR,12792,,121
VR,12792,MAGIC TANDEM,513
VR,12806,,13
VR,12806,FEDOR,507
VR,12828,,509
VR,12828,SITOFEX,215.25
VR,12831,INSIGNIA,37
VR,12833,,0.54
VR,12833,ISOMATE C/OFM,0.47
VR,12834,,7.98
VR,12834,ISONET L PLUS,76.55
VR,12836,ISONET Z,0.06
VR,12843,,6.65
VR,12857,,170.5
VR,12857,PROREX,23
VR,12859,BORNEO,0.5
VR,12860,,64
VR,12860,MILBEKNOCK,466
VR,12862,,2398
VR,12862,CANTUS,570
VR,12863,,54
VR,12863,FLORAMITE 240 SC,20
VR,12866,,26
VR,12866,COLLIS,49
VR,12868,,261
VR,12868,BELLIS,365
VR,12869,,259
VR,12869,SIGNUM,6172
VR,12878,,11564
VR,12878,FOLPAN GOLD,12777
VR,12883,,3032
VR,12883,PROSPER 300 CS,5610
VR,12886,,8018
VR,12886,KARATHANE STAR,9700
VR,12888,,1173
VR,12888,LEPINOX PLUS,39
VR,12916,,1749
VR,12916,SACRON 45 WG,1256.5
VR,12933,,485
VR,12933,MOXYL 20 WP,649
VR,12940,,916
VR,12940,KARATE ZEON 1.5,4525.5
VR,12949,AZUPEC 80 WG,50
VR,12954,,98
VR,12954,SPECTRUM,3689
VR,12960,,29
VR,12960,STARPROP,401
VR,12961,,289
VR,12961,HEREU,68
VR,12989,GIBB PLUS,5
VR,12994,,2
VR,12994,VIVER ELITE WG,675
VR,13012,,15430
VR,13012,FOLVIT 80 WDG,221
VR,13020,,0.5
VR,13042,MICRORAM 20 FLOW (ZETARAM FLOW),2795
VR,13061,,1
VR,13061,BIOBIT DF,2099
VR,13062,DiPel DF,30
VR,13063,,12.5
VR,13063,REGULEX 10 SG,1
VR,13064,,645
VR,13064,VITENE ULTRA SC,5879.25
VR,13065,,24
VR,13065,DOMARK 125,24
VR,13068,NEORAM WG,1260
VR,13076,,78
VR,13076,BRAITEX  PRO,812
VR,13084,,651
VR,13084,TELDOR PLUS,1971
VR,13093,,70
VR,13093,STOMP AQUA,3277
VR,13095,,218
VR,13095,DIRA-MAX LG,444
VR,13098,,27545
VR,13098,ROUNDUP POWER 2.0,12488
VR,13104,,65
VR,13104,ALGOR PLATIN,280
VR,13106,,35
VR,13106,IKANOS,1007
VR,13108,CURAME BORDEAUX,20
VR,13116,MEDOR 35 CLASS,10
VR,13120,,192
VR,13120,MYSTIC 430 SC,144
VR,13127,VALIS F,200
VR,13132,TRIPION E,80
VR,13149,,3600
VR,13149,POLTIGLIA MANICA 20 WG,50
VR,13150,CURAME 25 WG,10
VR,13152,,730
VR,13152,OPTIX R DISPERSS,2650
VR,13154,,267
VR,13154,MONDAK 480 S,478
VR,13158,,350
VR,13158,REMEDIER,799
VR,13166,SPINNER WG,31
VR,13168,,1630
VR,13168,LAUDIS,3675
VR,13218,,150
VR,13218,FINALSAN PLUS,80
VR,13225,AGRIDIF 250,481
VR,13236,,210
VR,13236,BULLET,583
VR,13242,,187
VR,13242,NICOGAN V.O.,917
VR,13244,,8900
VR,13244,ZOLFO VENTILATO STELLA,22750
VR,13249,,4650
VR,13249,ZOLFO VENTILATO STELLA RAMATO S,850
VR,13250,ZOLFO VENTILATO STELLA RAMATO B,2350
VR,13252,,35
VR,13252,PLAYER 250 SC,6
VR,13254,PLAYER 25 WG,114
VR,13255,,181.95
VR,13255,PLAYER GR,7
VR,13285,,1
VR,13285,SEVERAL,170
VR,13290,ZOLFO MANICA DOPPIO RAFFINATO VENTI,1575
VR,13292,,19975
VR,13292,ZOLFO A.&A. F.LLI ZANUCCOLI TRIVENT,3300
VR,13313,,81
VR,13313,CASPER,111
VR,13327,,6.25
VR,13327,GRANSTAR ULTRA SX,28.2
VR,13329,OMNEX 10 EC,228
VR,13335,DUPLOSAN KV,7
VR,13367,,205
VR,13367,DIVO,752.5
VR,13377,,2163
VR,13377,COLUMBUS,75
VR,13378,ORTIVA TOP,7
VR,13382,,7601
VR,13382,PERGADO SC,7664
VR,13386,,397
VR,13386,PROSARO,647
VR,13387,,4.24
VR,13387,FLORAMIX,21.73
VR,13388,,1068.48
VR,13389,,41749
VR,13389,AFFIRM,45209
VR,13391,,137
VR,13391,CYTHRIN 50 EC,1649
VR,13447,HELMSTAR 75 WG,0.01
VR,13451,,30
VR,13451,SPARVIERO,72
VR,13466,,1269
VR,13466,SPOTLIGHT PLUS,1690
VR,13471,,5
VR,13471,NICOZEA OD,1146
VR,13485,,16280
VR,13485,FOLPEC 80 WG ADVANCE,36156
VR,13486,JUDO,105
VR,13489,,18.5
VR,13489,CYMBAL,324.5
VR,13518,,1920
VR,13518,NISUS 3B,810
VR,13552,ZOLVIS 80 SECTOR,91
VR,13560,,586
VR,13560,FORZA,1156
VR,13579,,1830
VR,13581,,19405
VR,13581,ZOLVIS OTTANTA WG,45735
VR,13586,VERDERAME 20 WG,10
VR,13592,,673
VR,13592,VOLARE,3082
VR,13600,,2300
VR,13604,,14550
VR,13635,,90
VR,13637,,5
VR,13637,PERGADO F,4816
VR,13689,,58.5
VR,13689,FLINT MAX,27.5
VR,13693,BACILLUS CHEMIA,233
VR,13698,,300.25
VR,13698,VIVANDO,1577
VR,13700,ATLANTIS PRO,67.5
VR,13701,,53
VR,13711,,2128
VR,13714,,50
VR,13714,FOLPEC 50 SC,1735
VR,13716,,120
VR,13716,CAPTAN ARVESTA 80 WG,30
VR,13736,TRACE,6.75
VR,13741,,525
VR,13741,SELECTA DISPERSS,2050
VR,13753,,1
VR,13753,GAL-GONE,216
VR,13763,WING-P,10
VR,13765,SHERPA 100 EW,17
VR,13771,,1928
VR,13771,NIMROD 250 EW,2476
VR,13782,DOURO 10 WG,1424
VR,13789,PRIMERO,20
VR,13792,STABILAN,255
VR,13796,CELL,501
VR,13807,RAVENAS,10
VR,13809,,94220
VR,13809,FORCE ULTRA,76990
VR,13823,,435
VR,13823,ALVERDE,815.5
VR,13838,XEDAVIR,112
VR,13841,,854
VR,13841,FOCUS ULTRA,4830
VR,13842,,0.05
VR,13856,COPRANTOL TRIO,20
VR,13888,,7068
VR,13888,FANTIC F NC WG,10248
VR,13895,,810
VR,13895,SAVIRAN STAR,1520
VR,13905,,2530
VR,13905,BANJO,2416
VR,13925,,36
VR,13926,SPONSOR,114.5
VR,13927,,12
VR,13927,ZAMIR 18,264
VR,13930,MARINS 200 CLASS,104
VR,13981,,1109.1
VR,13981,CORAGEN,1880.5
VR,13983,,152
VR,13983,HUSSAR MAXX PRO,172
VR,13998,,12
VR,13998,PYRUS 400 SC,12
VR,14018,,920
VR,14018,BASIC,107
VR,14034,,140
VR,14044,,109
VR,14044,JOKER 480,1
VR,14058,,111
VR,14058,FEINZIN 70 DF,667.75
VR,14061,TRIANUM-P,3595.5
VR,14062,,4661
VR,14062,ZOXIUM 240 SC,3678
VR,14091,APHOX,6
VR,14100,,265
VR,14100,KANEMITE,531
VR,14101,,40
VR,14101,CARAMBA,44
VR,14102,,25475
VR,14102,BORDOFLOW NEW,14892
VR,14107,MICROBAGNABILE SC,140
VR,14119,,12
VR,14119,VISIR PENCOTECH,132
VR,14122,KATAR,8
VR,14128,,141
VR,14128,ZIGNAL,384
VR,14135,GRENADIER 75 DF,0.02
VR,14137,,135.1
VR,14137,ALTACOR,420.9
VR,14154,PIRETRO ACTIGREEN,813
VR,14155,,360
VR,14165,,4159
VR,14165,NANDO MAXI,13884
VR,14169,PERGADO R,15
VR,14182,,61
VR,14182,ARES 25 WG,2264
VR,14193,,3
VR,14193,SARMOX 45 DG,617.5
VR,14195,,1628
VR,14204,75A,50
VR,14210,,1523
VR,14210,EVURE PRO,934.5
VR,14214,RAPSAN 500 SC,301
VR,14217,TENAX EW,34
VR,14232,,13
VR,14232,CYTHRIN MAX,15.5
VR,14245,THIRAS,100.25
VR,14262,,2
VR,14262,GREENEX NF,10
VR,14263,BIOTEN,2
VR,14294,,2.3
VR,14294,EXECUTIVE,12.6
VR,14323,BELPROMEC,2
VR,14336,,12
VR,14336,NEMATHORIN 150 EC,15
VR,14375,,190
VR,14375,LION 5 EC,148
VR,14380,CLORMET,159
VR,14387,NERVURE SUPER,2
VR,14390,,140
VR,14390,BOOM EFEKT,9716
VR,14405,MERLIN FLEXX,5
VR,14406,,30.75
VR,14406,LEIMAY,442.75
VR,14407,,22.79
VR,14407,RUNWAY,24.5
VR,14414,DUSTY,4.5
VR,14418,PULSAR 40 SL,258
VR,14428,HELICOVEX,2
VR,14431,,169
VR,14431,LENTAGRAN 45 WP,408
VR,14434,,1.06
VR,14440,SOLAR 360,8120
VR,14471,ZEANET 75 WG,4
VR,14479,,8132
VR,14479,SCHERMO 0.5 G,32931
VR,14523,CARPO 600,228.5
VR,14527,SUDOKU TOP,17
VR,14533,GIBER GOBBI 20,0.1
VR,14547,BAC MK,110
VR,14549,,1020
VR,14549,KRYSTAL VIP WP,13
VR,14558,DERREX HP,560
VR,14559,,109
VR,14559,AGREE WG,303
VR,14582,FENGIB,6
VR,14629,GAT TESSLA 25 WG,106
VR,14631,ESTEL,1
VR,14636,,5570
VR,14636,BIOLID UP,6346
VR,14642,,5376
VR,14642,RIDOMIL GOLD R WG,28146
VR,14660,BTK 32 WG,33
VR,14664,,0.11
VR,14664,BERELEX 40 SG,11.3
VR,14683,,9.85
VR,14683,BERMERAX,0.55
VR,14686,,425
VR,14686,KOCIDE OPTI,220
VR,14699,,419
VR,14699,GEOXE,375.5
VR,14708,DACUS TRAP,18
VR,14709,,166.04
VR,14709,ISOMATE A/OFM,51401.35
VR,14728,CELIO,2
VR,14735,,538.5
VR,14735,RANMAN TOP,782.5
VR,14764,,180
VR,14764,SLUXX HP,95
VR,14765,,64
VR,14765,ELUMIS,159
VR,14769,COMET 250 EC,12
VR,14785,DRISCOLL,1.9
VR,14794,AVALON SC,684
VR,14801,,312
VR,14801,ADMIRAL GOLD,185
VR,14808,,90
VR,14830,CUPROFIX ULTRA DISPERSS,200
VR,14836,BARBARIAN BIOGRADE 360,1291
VR,14837,,485
VR,14837,TARTAN,60606
VR,14838,,15
VR,14838,BARCLAY GALLUP BIOGRADE 360,948
VR,14845,,50
VR,14845,MYSTIC PLUS S,199
VR,14846,AVALON 250 EW,277
VR,14867,,33
VR,14867,SYNERO,79
VR,14869,CUPROBEL HYDRO,4640
VR,14872,,370
VR,14872,BELLIS DRUPACEE,309.5
VR,14876,,43
VR,14876,GRANDSTAND,4
VR,14879,,0.6
VR,14879,LONTREL 72 SG,10.8
VR,14884,,1090
VR,14884,CORUM,3871
VR,14891,TRICO,190
VR,14897,,43
VR,14897,FLUROSTAR 200,1
VR,14898,POLECI,132
VR,14913,BIOTRIX,5
VR,14914,,20
VR,14916,SILWET SPRINTEX,76
VR,14918,,8
VR,14918,RIVIOR,335.8
VR,14920,ZOLFO 80 WP ZOLFINDUSTRIA,1825
VR,14930,AFRATRIN,31
VR,14935,,184
VR,14935,TIMELINE TRIO,896
VR,14936,,281
VR,14936,AMPLIGO,380.5
VR,14938,DEDICATE,0.5
VR,14940,,51.6
VR,14940,TAKUMI,79.1
VR,14944,,30
VR,14944,FLUXYR 200 EC,126
VR,14945,ASCOT,27
VR,14949,LITTOVIR,2
VR,14966,CELEST TRIO,800
VR,14967,,9
VR,14967,TIPTOR ULTRA,15
VR,14969,HOPPER 480,60
VR,14972,,79
VR,14972,DICARZOL 50 SP,246
VR,14980,,23
VR,15005,,113
VR,15005,FONTELIS,482
VR,15013,NATRIA LUMACHICIDA,275
VR,15023,,140
VR,15023,DERREX,640
VR,15037,BREZZA,223
VR,15039,,2.5
VR,15044,,654
VR,15047,,30
VR,15047,R6 ERRESEI BORDEAUX WG,243
VR,15048,INDOXAN 45 WDG,78
VR,15049,MODDUS,3
VR,15051,,3590
VR,15051,KYLEO,4840
VR,15052,,146
VR,15052,KAIMO SORBIE,393
VR,15056,TOMCATO,230
VR,15058,PRINCIPAL MAIS,12.76
VR,15059,,3689.75
VR,15059,DECIS EVO,5571.75
VR,15062,,1901
VR,15062,PIRAMAX  EC,481
VR,15063,NIMBLE,89.2
VR,15071,,335
VR,15071,EVOLUTION,848
VR,15083,,4
VR,15083,AUDACE,3
VR,15096,GLIPHOGAN TOP CL,2750
VR,15100,NECTAR PLUS,226
VR,15101,CIMORAM ULTRA WG,3
VR,15102,CURZATE ERRE EVO,5
VR,15111,MIRADOR SC,1271
VR,15114,MACCANI,15
VR,15115,,9244
VR,15115,PROSPER 500 EC,311
VR,15119,FORTEZZA,2
VR,15120,,3180
VR,15122,,4
VR,15122,ACTELLIC 50 NEWPHARM,48
VR,15125,,12
VR,15126,,8
VR,15130,,2
VR,15130,INTREPID,5
VR,15142,,300
VR,15142,alcance sync tec,7097
VR,15149,,24925
VR,15149,COSAVET DF EDGE,119840
VR,15177,,380
VR,15177,ROTATE PLUS DF,10
VR,15180,PLATFORM PLUS,357
VR,15198,,1407
VR,15198,AZBANY,1679
VR,15199,SAKURA,3535
VR,15200,,3
VR,15201,,170
VR,15201,FLOXY 400 SC,481
VR,15213,DEMETRINA FLOW,0.4
VR,15221,ZETARAM PLUS,40
VR,15223,PANTANI,3
VR,15229,,1355
VR,15229,STOPPER P,495
VR,15235,,3.5
VR,15251,,300
VR,15251,AIRONE LIQUIDO,5321
VR,15253,,259
VR,15263,,160
VR,15263,DYNALI,8
VR,15264,,2965
VR,15264,ENERVIN SC,8321
VR,15265,,2681
VR,15265,PROMAN FLOW,3448
VR,15266,,40
VR,15266,CERAXEL,100
VR,15267,,8
VR,15267,KUSABI,29
VR,15275,DURAVIS,1309
VR,15279,VARGAS,220
VR,15281,MICROMEGAS,6
VR,15291,,1.5
VR,15291,TURFENE PLUS,33.5
VR,15294,,1068
VR,15302,,3684
VR,15302,AMYLO-X,5020
VR,15307,,525.5
VR,15307,DEDALUS 25 WDG,77.5
VR,15310,NISSHIN EXTRA 6 OD,1
VR,15313,THIAMON FLOW,8960
VR,15315,,3
VR,15317,,26238
VR,15317,SESTO GOLD,17
VR,15326,,61295
VR,15330,PINDARUS 25 WDG,935
VR,15331,,590
VR,15331,ZEFIR 25 WDG,14.5
VR,15335,,259
VR,15335,U 46 ULTRA,353
VR,15337,,5.1
VR,15337,EXPRESS,7.2
VR,15344,,22
VR,15344,FILAN WG,1
VR,15346,,468.75
VR,15346,FLEXITY,1415
VR,15348,,520
VR,15348,RIDOMIL GOLD R LIQUIDO,8478
VR,15349,,95
VR,15349,ARES 430 SC,1053
VR,15358,,10
VR,15358,ZOLFO FLOW MCT,1150
VR,15363,MEDEIRO 80 WG ADVANCE,2933
VR,15369,MAGMA TRIPLE,3203
VR,15374,NISHA,1
VR,15378,,59
VR,15378,TRAXOS PRONTO 60,305
VR,15379,,117
VR,15379,AXIAL PRONTO 60,320.5
VR,15384,,2106
VR,15384,LUNA EXPERIENCE,2426
VR,15386,TRACER FLY,2
VR,15389,,7480
VR,15398,KAMIKAZE,3
VR,15401,,104
VR,15401,TAIFUN MK CL,12901
VR,15402,,400
VR,15402,DELTASAP,1531
VR,15405,,2003
VR,15405,SHAMAL MK PLUS CL,15
VR,15409,DECISION,45
VR,15410,DECA,1077
VR,15416,,16
VR,15416,DIZOLE,89
VR,15419,ELECTIS R FLOW,2146
VR,15422,,2.16
VR,15422,TITUS DUO,30.06
VR,15433,,155
VR,15433,ATLAS,1363.4
VR,15434,,6.33
VR,15434,RAK 2 MAX,109.88
VR,15436,MYCOTAL,460.5
VR,15438,SANMITE 10 SC,66
VR,15448,,832
VR,15448,REBEL TOP,2842
VR,15449,,27117
VR,15449,CIDELY,2036
VR,15491,,304
VR,15491,SWORD UP,893.5
VR,15494,DELSTAR,228
VR,15499,,8.5
VR,15499,SONG 70 WDG,63.5
VR,15507,,65
VR,15507,CREW SUPERB,1331
VR,15513,,185
VR,15513,OSSICLOR 35 WG GREEN,3552
VR,15515,,850
VR,15536,,1807
VR,15536,ANTAL,2166
VR,15537,,1018
VR,15537,DELTAGRI,837
VR,15543,,298
VR,15543,LUMACHICIDA FER PFnPE,939.7
VR,15546,,69.2
VR,15546,BIATHLON 4D,106.55
VR,15549,,888
VR,15549,PROLECTUS 50 WG,231
VR,15550,,774
VR,15550,MERLIN FLEXX XTRA,119
VR,15553,,578.94
VR,15553,REGALIS PLUS,374.5
VR,15566,,1302
VR,15566,VISION PLUS,636
VR,15573,PROMESS SL,2
VR,15574,,655
VR,15574,KARMA 85,990
VR,15583,,536
VR,15583,PIRAT,57
VR,15586,TOPNET,194
VR,15589,KARDA,6330
VR,15598,,622
VR,15598,CARPOVIRUSINE EVO 2,1247
VR,15610,,1
VR,15610,CYPERKILL 50 EC,34
VR,15612,,78.3
VR,15612,SEMPRA,57.6
VR,15621,BOTTO 50 EC,18
VR,15630,CARSON 45% WG,214.5
VR,15633,,6
VR,15633,REVUS TOP,4
VR,15635,,2319
VR,15635,ADENGO XTRA,5056.5
VR,15654,,27
VR,15654,ACCORD,917
VR,15655,KEETON 25 WG,49
VR,15663,CUPRAVIT 35 WG,50
VR,15664,KORING 25 WG,87
VR,15665,KEMPO SORBIE,2
VR,15674,,1.95
VR,15674,amadeus top,75.5
VR,15680,MITHRA 40 SC,28
VR,15689,DIFENZONE,9
VR,15693,LISTEGO,2
VR,15710,,1075
VR,15710,CLINCHER ONE,1606
VR,15712,,16700
VR,15712,SATELITE,1898
VR,15713,ACAROIL SC,4.6
VR,15715,VIDERYO F,305
VR,15718,GRANSTAR TRIO,0.05
VR,15722,,115
VR,15722,ARMICARB 85,2365
VR,15725,DUAXO,2.8
VR,15736,KOPRON 35 WG,780
VR,15738,,7
VR,15741,,30
VR,15741,AVADEX FACTOR,910
VR,15743,TWINGO,25
VR,15744,,65
VR,15744,REBOOT,356
VR,15748,,1463
VR,15748,SYLLIT 544 SC,888
VR,15751,VITENE TRIPLO R,1
VR,15752,,285
VR,15752,CIDELY TOP,269
VR,15754,SHARPEN 33% EC,385
VR,15759,,284.7
VR,15769,,2044
VR,15769,MERO,88
VR,15780,OSSICLOR 50 PB GREEN,130
VR,15790,,1030
VR,15790,AMISTAR TOP,1780
VR,15806,,1172
VR,15806,ONYX,23
VR,15808,,1368
VR,15808,CYMBAL FLOW,273
VR,15831,,805
VR,15831,VACCIPLANT,310
VR,15834,TRACER 120,1
VR,15836,,13
VR,15836,RATRON GW,188
VR,15837,,20.95
VR,15837,RATRON GL,115.5
VR,15838,,140
VR,15838,ROUNDUP ULTRAMAX,630
VR,15840,,32
VR,15840,MONITOR,0.63
VR,15859,,215
VR,15859,KATANGA EXPRESS,100
VR,15868,CENTURION PRO,1272
VR,15869,,11043
VR,15869,OPTIX STAR DISPERSS,2984
VR,15870,,6.8
VR,15870,CLIOPHAR 600 SL,4.4
VR,15874,LAIZOX,155
VR,15888,AZOX 25 SC,170
VR,15890,CURZATE 60 WG,54.8
VR,15898,FILAL WG,44
VR,15899,,30
VR,15900,,10500
VR,15900,TRIKA EXPERT,17630
VR,15901,,19967
VR,15901,ERCOLE,58980
VR,15910,KARAKAS,23
VR,15911,,2396
VR,15911,SPIROX,4526
VR,15911,SPIROX DA LT 1,103
VR,15915,,347
VR,15915,STARANE HD,56
VR,15926,,3294
VR,15926,MOJANG 600,6112.4
VR,15948,,980
VR,15948,SINSAJO,270
VR,15961,,72
VR,15961,RETENGO NEW,58
VR,15990,,1.1
VR,15990,SCIROCCO 125 EW,5.1
VR,16007,,1416
VR,16007,REWARD,2812
VR,16023,DIMBO 480 SL,221
VR,16032,,423
VR,16032,RADAR 10 EC,46
VR,16033,,1
VR,16033,HEREU SC,173
VR,16034,DOURO 100 EC,2096
VR,16035,THEOREM,3.5
VR,16037,,40
VR,16037,MOJANG TX,205
VR,16038,,141
VR,16038,CABRIO WG,348
VR,16041,BATTLE DELTA,24
VR,16042,TOSCANA,0.16
VR,16054,SINSTAR,1
VR,16056,,34.5
VR,16056,SARACEN,16
VR,16059,INFISS,18
VR,16063,ARIGO,0.33
VR,16064,CREDIT 540,29880
VR,16068,,4880
VR,16068,FOLDER 80 WG,16335
VR,16074,,10
VR,16074,GLORIAL 25 EC,1193
VR,16076,,107
VR,16076,SOLIS,814
VR,16083,STIKER FLOW,9.5
VR,16084,,119.5
VR,16084,BREVIS,85
VR,16085,,11.07
VR,16086,NEMGUARD GRANULES,40
VR,16089,BUGUIS,122.22
VR,16092,,187
VR,16092,CICLOPE,907
VR,16095,,13
VR,16095,MATECOR EXPRESS,300
VR,16101,TOPAS COMBI LIQUIDO,1699
VR,16104,ELECTIS TRIO WDG,294
VR,16106,BARCLAY PROPYZ,2390
VR,16126,FLANCO SC,6.2
VR,16132,,0.8
VR,16142,MINECTO ALPHA,2.5
VR,16157,ATLANTIS FLEX,0.66
VR,16167,,4
VR,16167,MARACANA,250
VR,16170,,520
VR,16170,TRICUP FLOW,895
VR,16171,,40
VR,16171,HADDEN,0.4
VR,16178,,50855
VR,16178,FOLIANE 80 WG,30
VR,16179,,10905
VR,16179,FOLLOW 80 WG,9807
VR,16181,DELTAMIX 25,164
VR,16182,CLICK PRO,80
VR,16187,TANGO R PLUS,2501
VR,16191,,50
VR,16191,TRIMAXX,332
VR,16194,,327
VR,16194,ETRAVON PRO,184
VR,16197,COPPERFIELD 17 WG,6790
VR,16199,CUPRORAM 35 WG BLU,150
VR,16200,,380
VR,16200,CUPRORAM 35 WG NC,17206
VR,16205,MEXIRAM IDRO 20 HI,20
VR,16208,CLEANCLASTER,15
VR,16218,DICURAN PLUS,5
VR,16221,,59.8
VR,16221,MADEX TOP,41.5
VR,16224,,40
VR,16235,,541
VR,16235,KEYFOL WG,2672
VR,16237,,2545
VR,16237,GOLBEX WG,516
VR,16242,,4545
VR,16242,CAPTAIN 80 WG,2023
VR,16247,CUPROBEL OXY,5320
VR,16248,,96
VR,16248,FERREX,53
VR,16249,CARDINAL 50 WG,108
VR,16251,,3431
VR,16251,AFFIRM OPTI,4587
VR,16252,AMISTAR GOLD,45
VR,16261,BELOUKHA,8107
VR,16271,,15
VR,16271,FRESCO,370
VR,16273,,1459.5
VR,16273,SIVANTO PRIME,5454.75
VR,16279,,180
VR,16279,ERCOLE GR,1660
VR,16285,,87
VR,16285,KALIMBA,283
VR,16287,,297
VR,16287,SOLIGOR,747
VR,16288,,1474.5
VR,16288,AMPEXIO,114.75
VR,16293,,135
VR,16293,PACLOT NEW,62
VR,16295,,2
VR,16295,RAPAX AS,286
VR,16299,,1424
VR,16304,KALTOR,3
VR,16305,BONZI,2
VR,16312,,112
VR,16312,TOMIGAN,36
VR,16313,OMNERA LQM,668
VR,16314,,12
VR,16314,ZOXIS 250 SC,1494
VR,16317,,450
VR,16317,INSECTOIL KEY,375
VR,16322,PENNY,39
VR,16323,PENDIWIN,231
VR,16325,,18497.25
VR,16325,EPIK SL,22024.25
VR,16335,,2242
VR,16335,LIETO SC,16928
VR,16336,,174
VR,16336,DELAN SC,2689
VR,16354,SHARDIF 250 EC,1232
VR,16361,FULL 80 WG,1225
VR,16362,,120
VR,16362,CALARIS PRO,25
VR,16363,,341.2
VR,16363,SIRTAKI,1299.4
VR,16364,,2816
VR,16364,BISMARK,6842
VR,16369,,160
VR,16369,ORTIVA TOP SC,314
VR,16376,PROXIMO,212
VR,16379,,145
VR,16379,PREV-AM PLUS,2635
VR,16381,,36
VR,16381,CALLICORE,221
VR,16384,,958
VR,16384,ELATUS ERA,150
VR,16385,,6.75
VR,16385,ELATUS PLUS,274.5
VR,16395,,18
VR,16395,MOHICAN 500 SC,144
VR,16396,TEMSA 100,28
VR,16403,CAPITAL SH,1965
VR,16410,AVENGER,20
VR,16415,,6.7
VR,16415,MADEX TWIN,4
VR,16420,EXPEDIENT 10 EC,29
VR,16422,SPIROSTAR,1423
VR,16423,CORDOBA,94
VR,16425,,681
VR,16425,LASER 120 SC,450.5
VR,16427,,2886
VR,16433,,132
VR,16433,FLINT RISO,271
VR,16438,,969
VR,16438,VELUM PRIME,1363.5
VR,16439,,306.4
VR,16439,CHECKMATE PUFFER LB,34.39
VR,16442,,100
VR,16442,PROFILER,1715
VR,16448,,220
VR,16448,NEALTA,269
VR,16455,GRIMS 10,30
VR,16457,,10880
VR,16457,POLTIGLIA 20 WG GREEN,27279
VR,16461,,35
VR,16461,CENTURION 240 NEO,464
VR,16472,,52
VR,16476,ALIBI FLORA,48
VR,16477,RIVAL,4
VR,16480,,5314
VR,16480,3LOGY,5812
VR,16481,,1008
VR,16481,CALLISTO 480,1014.9
VR,16485,,54
VR,16485,ROMULAN,131
VR,16492,,27
VR,16492,VASCO,21
VR,16498,,308
VR,16500,TRIBAL,0.78
VR,16501,,10
VR,16501,INSTRATA ELITE,1
VR,16506,FORZANET 75,0.12
VR,16509,,45
VR,16509,IBISCO,128.1
VR,16510,,27.6
VR,16510,ISONET T,1.31
VR,16523,,10.08
VR,16523,MISTER C,47.28
VR,16527,,149
VR,16527,TELLUS WP,24
VR,16529,ZERMAT SC,1
VR,16538,,3
VR,16542,LAOTTA,540
VR,16545,,120
VR,16545,COPRANTOL HI BIO 2.0,790
VR,16552,,2.98
VR,16562,,37845
VR,16562,DELAN PRO,27285
VR,16563,,5
VR,16563,DOROTRIN 25 EC,4088
VR,16564,MEXIRAM TRI HI BIO,140
VR,16565,,33.6
VR,16565,EXECUTIVE GOLD,12.7
VR,16566,,920
VR,16566,KUPPER 20 WG,60
VR,16567,,330
VR,16570,,5
VR,16570,SENCOR 600 SC,214
VR,16570,SENCOR 600 SC (venduto fino al 04/0,2
VR,16572,DAKOFAKA,103.3
VR,16573,FIGHTER,147
VR,16574,,4
VR,16575,TRIMMER 50 WG,0.04
VR,16577,,80
VR,16577,U46 COMBI DUO,1511
VR,16580,,750
VR,16580,VIPER ON,1315
VR,16596,SANIUM SL25 PFnPE,157.49
VR,16597,,203.5
VR,16597,SANIUM SL25 PFnPO,0.76
VR,16598,,200.8
VR,16598,SANIUM AL PFnPE,208.7
VR,16606,,1560
VR,16606,PHYTO SARCAN,1215
VR,16607,VEXTAMITRON 700 SC,750
VR,16608,FOSIKA,20
VR,16609,,4295
VR,16609,SAVIAL FORTE,1540
VR,16616,,862
VR,16616,VALLEY,1091
VR,16618,COLZA POWER PFnPE,21
VR,16624,,18
VR,16624,LUNA CARE,6
VR,16625,,1
VR,16625,MAINSPRING,0.8
VR,16630,NATUREN LIMEX PFnPE,953.45
VR,16632,,139
VR,16632,LUNA SENSATION,131.5
VR,16640,MAZA 4% SL,52
VR,16641,,73.92
VR,16641,RINIDI,36.08
VR,16643,,3792
VR,16643,SUCCESS GR,2244
VR,16645,KUDOS,30
VR,16654,,9
VR,16654,POLYVERSUM,60.2
VR,16657,,9715
VR,16657,CENTURY PRO,30916
VR,16658,,700
VR,16658,DAGONIS,2353
VR,16660,,44
VR,16660,ACTLET C,3920
VR,16663,,1200
VR,16663,ACTLET F,6015
VR,16667,,7626
VR,16667,REVOLUTION,18321
VR,16690,,2878.2
VR,16690,KESTREL,3470.25
VR,16694,,165
VR,16694,CHANON,200
VR,16698,,45
VR,16699,,11.6
VR,16699,RIMURON,0.8
VR,16701,,3.3
VR,16701,PLAZA,8.3
VR,16711,BUZIN,1590
VR,16732,,114
VR,16732,Tusal,29
VR,16734,T34 BIOCONTROL,6
VR,16742,,57
VR,16742,NEMGUARD SC,34
VR,16744,JOYSTICK,0.2
VR,16749,,17485
VR,16749,FOLPAN ENERGY,5890
VR,16751,,20
VR,16751,REQUIEM prime,130
VR,16754,SIMBA,97
VR,16763,SELTIMA,135
VR,16769,,42
VR,16769,VERIMARK,24.5
VR,16772,,40
VR,16772,AMYLO X LC,140
VR,16774,,0.02
VR,16776,,1274.59
VR,16776,ASSET FIVE,1404
VR,16779,TONALE,2062
VR,16780,,865
VR,16780,SERENADE ASO,1925
VR,16783,,2743
VR,16784,CUPROBEL TRI,470
VR,16785,GOLDWIND,13.7
VR,16787,,13858
VR,16787,CLINIC ST,18912
VR,16789,,15
VR,16790,,170
VR,16790,NORDOX ENERGY,882
VR,16792,PROFILE PLUS,98
VR,16793,NIMBUS 250 EC,10
VR,16797,DEMETRINA 25 EC,109
VR,16802,,233
VR,16802,ZYPAR,2721
VR,16803,BENTA 480 SL,58
VR,16813,,28.7
VR,16818,,740
VR,16818,FLUAZINOVA PLUS,1691
VR,16819,,631
VR,16819,NATUR BREAKER,106
VR,16820,,102
VR,16820,VALIANT FLASH,4464
VR,16828,,94.5
VR,16828,MAKURI MAX,234
VR,16830,FANDANGO 360 TF,5
VR,16831,GLIFENE BIOGRADE,17402
VR,16832,MARKATE PLUS 100 CS,52
VR,16833,PANTOX 360 SUPER,1495
VR,16835,,45
VR,16835,RAVANE PLUS 100 CS,167
VR,16836,,952
VR,16836,STALLION IT SYNC,1800
VR,16837,CONTOR,2.3
VR,16841,,20850
VR,16842,CUPRAVIT BIO ADVANCED,7514
VR,16843,,16470
VR,16846,,6
VR,16846,VESTICOR,433.6
VR,16857,SHORTTRACK,9
VR,16858,,16
VR,16858,KENJA,108
VR,16867,,1600
VR,16867,GLISTER STAR,3597
VR,16868,,60.5
VR,16870,DISCO,97
VR,16882,,87
VR,16882,PROPULSE,154
VR,16886,,669.25
VR,16886,CLOSER,1215.5
VR,16889,ELECTIS ZR WDG,30
VR,16891,CAPRENO,11
VR,16895,,11
VR,16902,,131
VR,16902,AVIATOR XPRO,165
VR,16904,KIDEKA 100 SC,2458
VR,16906,GHIBLI PLUS,135
VR,16921,"PROBEL 1,8",141
VR,16922,ABINE,16
VR,16923,CAELUM,830
VR,16925,WISH TOP,343
VR,16939,,2144
VR,16939,SARUMO,1106
VR,16945,,22.1
VR,16945,SERCADIS,184.9
VR,16946,,86
VR,16946,DARAMUN,1115
VR,16947,BRIONFLO 100 SC,246
VR,16950,,320
VR,16950,MANAMID 100 SC,881
VR,16951,,7
VR,16951,ESQUIVE WP,357
VR,16957,,1636
VR,16957,ZORVEC VINABRIA,3992
VR,16958,PROLIANT,0.2
VR,16963,AVENOX 240,25.75
VR,16968,,65
VR,16968,PENDINOVA,2
VR,16976,,5840
VR,16976,VITIKAPPA,3590
VR,16988,,150
VR,16988,NAIF,350
VR,16994,GRIMS DUO,5
VR,17003,,276
VR,17005,CLOMATE,32
VR,17006,,25
VR,17006,MONCUT,336
VR,17007,,5
VR,17007,ERADICOAT,5
VR,17008,,3
VR,17008,LALGUARD M52 OD,146
VR,17009,,1840
VR,17009,GLIFOCHEM,4140
VR,17010,TIXAL TRI,10
VR,17014,DELEGATE WDG,2
VR,17026,,790
VR,17026,DUPLOSAN SUPER,220
VR,17034,,23
VR,17034,HF-CALIBRA,51
VR,17038,,188
VR,17038,TUAREG NEW,2855
VR,17058,,7
VR,17058,ROMEO,285
VR,17059,VINTEC,1.8
VR,17060,DERBY,9
VR,17065,KAURITIL ULTRA WG,170
VR,17066,,23
VR,17066,PRAXIM,85
VR,17075,,137
VR,17075,MOVIDA,102.9
VR,17076,,591
VR,17076,GAZELLE,491
VR,17079,,960
VR,17079,FORCE EVO,9590
VR,17081,CUPROSSIL IDRO NEW 20 WG,3890
VR,17091,,740
VR,17091,CHAMP 20 WG,9030
VR,17094,ANTHEM EKO,11
VR,17099,ZAKEO 250 SC,62
VR,17112,,450
VR,17112,DIFCOR,91
VR,17113,MIKAL F,2538
VR,17115,,727
VR,17115,ZETROLA,1348
VR,17116,,383
VR,17116,ACTIVUS ME,796
VR,17118,,31.5
VR,17118,BIOACT PRIME DC,4.5
VR,17121,,1
VR,17122,,2300
VR,17122,IDROX 25 WG,2400
VR,17123,AVANA,20
VR,17125,,9
VR,17125,LOCK UP,64
VR,17128,JURA EC,230
VR,17129,,13110
VR,17129,COSAVET FLOW,170
VR,17130,,1600
VR,17130,FLOMILL,1000
VR,17142,AUGET WP,477
VR,17149,,334
VR,17149,AZ 250 SC,1
VR,17165,,341
VR,17165,WASAN,2
VR,17170,BELKAP EXTRA,21
VR,17178,,1961
VR,17178,TOTAL GREEN L,138
VR,17194,DICARINI,20.68
VR,17195,MAIZIUM,32.84
VR,17203,PETANCK SC,95
VR,17204,,941
VR,17204,CYPRUS 25 WG,50
VR,17205,CIDIAL,95
VR,17209,,119
VR,17209,DAVAI,637
VR,17211,GENKOTSU,227
VR,17212,ISERAN,3417
VR,17213,CHECKMATE PUFFER CM-PRO,13
VR,17217,,39.75
VR,17217,ARMICARB SPRAY PFnPE,232
VR,17224,,40
VR,17224,EkoOil S,110
VR,17234,,120
VR,17234,MAYA 70 WG,2.5
VR,17242,,1
VR,17242,NEXTER 10 SC,116
VR,17248,,564
VR,17248,ZORVEC VINABEL,202
VR,17254,,12.9
VR,17254,SIAGRAN ULTRA,9
VR,17259,,3554.33
VR,17259,DECIS TRAP OLIVO,8
VR,17261,POKER GEO,8440
VR,17264,ZOLFO LIQUIDO 80 SC,150
VR,17266,DELTAKILL EC,26
VR,17268,,1178
VR,17268,KUKI 70,2320
VR,17270,,97
VR,17270,ASCRA XPRO,578
VR,17272,,1213.5
VR,17272,SERIFEL,1802.5
VR,17273,,0
VR,17275,IPANEMA,2
VR,17275,NOTO CLASS,4
VR,17275,NOTO CLASS (IPANEMA),283
VR,17278,,196
VR,17278,KIDEKA,539
VR,17284,RODEO PLUS,14420
VR,17291,HARPUN,36
VR,17292,,86.75
VR,17293,,85
VR,17293,DIAGONAL,227
VR,17294,,7
VR,17294,ZORVEC EPICALTRIN,4.2
VR,17300,KINDRA,1
VR,17304,KAN-DOO,23
VR,17311,VINIFOL WDG,25
VR,17317,,214
VR,17317,NABUCCO,466.25
VR,17319,FOXPRO,42
VR,17320,SENIOR 75 WG,217
VR,17323,CONTENDER 800,300
VR,17325,BUTIK,48
VR,17327,SHERPA 0.8 MG,7392
VR,17337,,5
VR,17340,APHOX 50,6
VR,17344,DIPIRIL,554
VR,17346,,21
VR,17346,EXOSET 240 EC,1380
VR,17350,SONATA,40
VR,17353,,10
VR,17354,MURAL 480 SL,683
VR,17355,,1
VR,17358,,12
VR,17358,BLAISE ULTRA,42
VR,17360,,9550
VR,17360,MAGO,14997
VR,17366,,768
VR,17366,LOYANT 25 Neo EC,499.8
VR,17368,,3
VR,17369,ECOMIX,402
VR,17371,,1240
VR,17372,COPRANTOL 30 WG,5489
VR,17377,,1.14
VR,17377,REFINE SX,22.09
VR,17378,,22
VR,17387,WARDEN C,10
VR,17388,ACARELTE GOLD,394
VR,17389,SHARK PF,1
VR,17396,ORASO PRO,110
VR,17398,,4003
VR,17398,DOMITREL 400 CS,1617
VR,17402,BOTECTOR NEW,2
VR,17407,WINTECH,1300
VR,17409,XINTECH 50,183
VR,17410,DRONSAR,16
VR,17411,ATONIK,1
VR,17421,,126
VR,17421,AGRIZOLE 250,60
VR,17422,,6553
VR,17422,ENVITA SC,7377
VR,17427,TALISMAN 40 OD,1209
VR,17432,,1755
VR,17432,AGHARTA,56
VR,17435,,8707
VR,17435,RIDOMIL GOLD COMBI WG,24190
VR,17436,,972
VR,17436,WARDEN F,1818
VR,17438,DRIBBLING EC,23
VR,17441,EFFIELD SC,11
VR,17443,MICROSAP CU PLUS,374
VR,17451,,26
VR,17451,TEKKEN,405
VR,17454,,3098.2
VR,17454,ENCARIT,3380
VR,17455,PALIO,32
VR,17461,,707.25
VR,17461,ORONDIS,20
VR,17462,,5.75
VR,17469,,668.22
VR,17469,TAEGRO,285.16
VR,17470,,1910
VR,17470,LIMOCIDE,2986
VR,17471,,1167.9
VR,17472,,44
VR,17472,JADE,890
VR,17479,TRIBASIC FLOW NEW,10
VR,17496,,820
VR,17497,,957
VR,17497,CALDERA,6164
VR,17502,LINCE,337
VR,17506,,23.5
VR,17512,,100
VR,17512,DELTATHRIN,1607
VR,17523,LUMIX BIO,319
VR,17524,ALCOBAN,676
VR,17529,MEDOR 70 WDG,1
VR,17531,CLAY-M,2
VR,17532,CONTENDER PLUS,1665
VR,17533,WOLFRAM,1197
VR,17534,KEOPS,1.6
VR,17537,XADION,345
VR,17538,CORTO WG,172
VR,17541,CHANTICO,13
VR,17544,,30
VR,17544,KABUL,1159
VR,17549,SENPAI,400
VR,17551,CYPERFOR 100 EW,12
VR,17559,,1.94
VR,17572,SUBVERT,33.3
VR,17573,,9474
VR,17586,,203
VR,17586,AXIAL ONE,213
VR,17598,,504
VR,17598,AFINTO,133
VR,17600,INPUL,25
VR,17601,,994
VR,17601,ANDROMEDA,70
VR,17611,,154
VR,17611,POTCLEAN ULTRA 1G,28
VR,17612,,794.44
VR,17612,RABONA,35.25
VR,17613,MACUSOL,30
VR,17615,,480
VR,17615,WARDEN EVO,290
VR,17631,,2560
VR,17631,GRIFON EXTRA,140
VR,17634,,422
VR,17634,FRAXION,352
VR,17638,AZUMO 80 WG,55379
VR,17642,BUSSOLA WG BLU,1601
VR,17647,,1110
VR,17647,BOLTEX C,1120
VR,17650,IRONMAX PRO,460
VR,17651,,1215
VR,17651,METAREX ONE,2510
VR,17655,,297
VR,17656,BIOVIS,1
VR,17660,ACTIGAN EKO,268
VR,17661,,210
VR,17665,,287
VR,17665,PYRUS PRO,65
VR,17666,PROSARO PLUS,546
VR,17669,NISSORUN PLUS,100
VR,17671,,24
VR,17671,VENZAR SC,109
VR,17675,TUTATEC,0.69
VR,17676,,0.06
VR,17677,,165.6
VR,17677,BIOOtwin L+,0.17
VR,17680,,8
VR,17680,GALILEO,2476
VR,17682,,1
VR,17682,CASINO ROYALE,469
VR,17683,MALLEN,120
VR,17687,,1
VR,17687,ELTIRA,1290
VR,17689,,2
VR,17689,MOXYL MK,232
VR,17690,VANTEX,117
VR,17692,CURAME 25 WG GREEN,150
VR,17693,,11720
VR,17693,HATTRICK 30 WG,9397
VR,17697,SUPRACAFFARO FLOW,9120
VR,17698,,1350
VR,17698,ASSORAM ELITE 20 WDG,9100
VR,17699,IDROX 15,1100
VR,17726,,338.1
VR,17726,REXXAR,543.2
VR,17736,,2205
VR,17737,KIPE 50 SL,1450
VR,17743,SHALLOW,90
VR,17744,CHOUCAS,23
VR,17745,PREDILECTO,13
VR,17746,,230
VR,17746,CLEMATIS,135
VR,17749,DRONE,201
VR,17751,PRAKTIS,137
VR,17752,,28
VR,17752,STAVENTO,890
VR,17754,,77
VR,17754,REVYCARE,1798
VR,17760,,122.32
VR,17760,NIRVANA,7
VR,17766,,3203.4
VR,17766,ENERVIN SYSTEM,1373
VR,17782,,250
VR,17782,SUNPOWER,380
VR,17785,,145
VR,17785,ZORVEC ENTECTA,124
VR,17797,,105
VR,17797,FENERGY SC,53
VR,17802,CAMERA,840.5
VR,17803,,194
VR,17804,,440
VR,17804,ESSEN’CIEL,805
VR,17805,,44
VR,17807,PARLEAF,451
VR,17808,ANTENE S,1360
VR,17810,,63
VR,17814,CHEPREC,9
VR,17819,,3321
VR,17820,,410
VR,17823,,40
VR,17823,BOILER,10
VR,17824,,104
VR,17824,MIRADOR TURBO,44
VR,17825,TERSUS,12
VR,17826,,496
VR,17826,DOMARK 125 PLUS,1605
VR,17834,CELADA LB 400,37.78
VR,17840,,16750
VR,17840,OLIOCIN PLUS,3825
VR,17847,CEDROZ,226
VR,17855,FITOPYR 2EC PRO,19
VR,17865,,3002
VR,17865,RIAMBA,4
VR,17873,,3.52
VR,17873,CELADA VMB 180,13.75
VR,17880,,7
VR,17880,AZULEO,42
VR,17888,,675
VR,17888,VOLIAM,335.7
VR,17891,BLESAL TOP,1
VR,17892,NAXOS TOP,645
VR,17894,TRIKA ENERGY,14080
VR,17896,FORTUNE DISPERSS,129270
VR,17897,,2530
VR,17897,MICRONOL ENERGY,90
VR,17913,,3281
VR,17917,ZORIONA,974
VR,17920,,13
VR,17920,GHIBLI TM,475
VR,17921,,1947
VR,17922,,1572
VR,17922,ORVEGO EXTRA,12
VR,17925,,65
VR,17931,,5109
VR,17932,ORO-QUIN,949
VR,17938,,510
VR,17938,CLINIC TF,615
VR,17940,VITIPEC F WG,133
VR,17943,,12.98
VR,17943,RINPODE BV,9.2
VR,17944,HOKONZA,188
VR,17945,LUMEO,38.7
VR,17946,,223
VR,17949,PATRIOT ULTRA,18
VR,17951,AUDACE SC,399
VR,17955,MAGANIC,1236
VR,17957,,1
VR,17957,HERITAGE,0.3
VR,17961,SOILGUARD 0.5 GR,7330.5
VR,17963,TIOVIT 800 L,7740
VR,17966,,246
VR,17971,FUSILADE FORTE,130
VR,17976,MESOCORE 100 SC,47
VR,17979,VELIFER,3
VR,17980,,40
VR,17985,,50.25
VR,17985,KARATETRAP B,0.3
VR,17986,PANAREX,20
VR,17998,,400
VR,17999,BIOMAGNET ORO,277.3
VR,18000,,1780
VR,18000,DECIS TRAP DROSOPHILA,8.5
VR,18001,,90
VR,18001,MIKONOS,50
VR,18003,,137
VR,18003,CUNEB,497.5
VR,18009,PORTENTO,249
VR,18011,OIZYSA 480 SL,60
VR,18015,,103.14
VR,18015,MISTER L,41.04
VR,18019,RASIKAL GREEN PFNPE,2
VR,18021,,22.1
VR,18021,PECARI 300,332.8
VR,18022,,1778
VR,18023,DAMAN,96
VR,18044,PATTON FLEX,1258
VR,18056,,420
VR,18056,JOUST,208
VR,18065,LOBESIA PRO PRESS,12.48
VR,18070,,917
VR,18070,JANERO 480 SL,24
VR,18072,,411
VR,18072,SONAVIO,125
VR,18074,,13540
VR,18074,ROUNDUP FUTURE,16806
VR,18081,,1198
VR,18081,DIFECOL,1936
VR,18082,,439.3
VR,18082,SERCADIS SC,1698.3
VR,18083,LIRONAS,485
VR,18084,,51615
VR,18092,,932
VR,18092,REVYSTAR XL,485
VR,18097,MECTINA,730
VR,18098,GLUWET,11
VR,18103,,28
VR,18103,PALATOR,1080
VR,18109,,174
VR,18109,KASKO MET,1816
VR,18119,,180
VR,18119,SINALA,2402
VR,18121,,12
VR,18121,MIKAL PREMIUM,1680
VR,18122,,72
VR,18125,,13
VR,18125,ALLSTAR,35.5
VR,18126,,58
VR,18126,BOTREFIN Plus,145
VR,18131,MONTANA 450,800
VR,18134,DOMARK CEREALI,135
VR,18137,,8499
VR,18137,REVYSION,7431
VR,18138,,9142
VR,18139,IRONITE PFNPE,110
VR,18140,STAMPA,30
VR,18148,,7700
VR,18148,BUGGY GOLD,5020
VR,18149,EXITUL,1330
VR,18152,,1024
VR,18153,,170
VR,18153,ERADICOAT MAX,1010
VR,18156,,20.5
VR,18156,APYZA WG,1
VR,18158,PAPYRUS GOLD,942
VR,18159,,19910
VR,18160,PYROGAL,33
VR,18161,LAITANE,10
VR,18162,ERUNE,547
VR,18163,PRETIL,16
VR,18166,,1
VR,18172,MIKONOS EVO,7891
VR,18176,,35
VR,18176,EDAPTIS,75
VR,18181,,622
VR,18181,UNIVOQ,1150
VR,18189,ABAMAX,80
VR,18190,,104
VR,18190,MODIF,763
VR,18206,,759.38
VR,18206,ZONGRUUM,79.8
VR,18213,BACILLUS CHEMIA PFnPE,92.63
VR,18216,,17
VR,18216,VITIKAPPA PFnPE,149.2
VR,18222,,266
VR,18222,FERRAMOL PFnPE,1283.5
VR,18223,NATRIA LUMACHICIDA PFnPE,317
VR,18224,,200
VR,18224,SAPULI',30515
VR,18225,,70.75
VR,18225,SIMPELL,286.8
VR,18226,MERCATO,8
VR,18232,,12
VR,18232,BORDOFLOW NEW PFnPE,19
VR,18233,BORDOFLOW SECTOR PFnPE,13.8
VR,18235,,71.2
VR,18235,CIOPPER PFnPE,53.9
VR,18239,,0.35
VR,18239,FLIPPER PFNPE,22.65
VR,18241,IDRORAME FLOW PFnPE,64.55
VR,18242,,25.25
VR,18242,LEPINOX PLUS PFnPE,61.61
VR,18244,,66.3
VR,18244,MOMENTUM PFnPE,74.96
VR,18245,,98.5
VR,18245,POLTIGLIA MANICA 20 WG PFnPE,172.5
VR,18253,,18
VR,18253,VERDERAME 20 WG PFnPE,40
VR,18254,ZOLVIS 80 SECTOR PFnPE,8
VR,18256,NISUS 3B PFnPE,4
VR,18257,3LOGY PFnPE,21.22
VR,18258,ALFIL WG PFnPE,1.2
VR,18259,BARBARIAN BIOGRADE 360 PFnPE,703.5
VR,18261,,24
VR,18261,BARCLAY GALLUP BIOGRADE 360 PFnPE,50
VR,18263,,25.9
VR,18263,BIOLID UP PFnPE,429.6
VR,18266,COBRE NORDOX SUPER 75 WG PFnPE,5.61
VR,18267,,1
VR,18267,CONTENDER 80 WG PFnPE,14
VR,18269,GLIFENE BIOGRADE PFnPE,2057.5
VR,18270,,1896
VR,18270,GLIPHOGAN TOP CL PFnPE,3991.5
VR,18277,,136.5
VR,18277,SHAMAL MK PLUS CL PFnPE,57
VR,18282,TRUSTEE 450 PFnPE,40
VR,18283,XEDAVIR PFnPE,9
VR,18284,,13
VR,18284,WANAX PFnPE,36.1
VR,18286,ERBICIDA PREMIUM GREEN PFnPE,27
VR,18287,V-DIM 240 EC,1229
VR,18288,BEMOTIUS,30
VR,18290,,1180
VR,18290,FOLPETIS 50 SC,3583
VR,18292,,15600
VR,18292,YUKON,11010
VR,18293,MELODY FLEX,1205
VR,18299,,615
VR,18299,DEED,663
VR,18310,MELVAR,100
VR,18312,,205
VR,18313,FERRONITE PFNPE,1025
VR,18318,PRINCIPAL FORTE,232.72
VR,18321,NITIDE,781
VR,18332,LOGRADO 360 SL,6400
VR,18337,CRESENDO,359.5
VR,18338,DITOFLO 700 WG,566
VR,18339,KELSOS,1585
VR,18340,ALAKAZAM 500 WG,22.5
VR,18359,TWINKLE,195
VR,18369,,670
VR,18369,Halvetic,60
VR,18379,STELLAR,14580
VR,18393,CURZATE EFFE WG,150
VR,18394,,300
VR,18394,FALTEX 50 SC,10
VR,18395,FOLTAN 50 SC,1800
VR,18397,,699
VR,18397,TERAPROX,218
VR,18399,RISTER,1510
VR,18401,,80
VR,18402,ELEDURA,50
VR,18404,,101
VR,18404,AXIAL 50 EC,181
VR,18409,LADIVA,0.75
VR,18423,BIOMAGNET RUBY,4.8
VR,18427,TRIARIO GR,3000
VR,18428,TRIARIO WG,580
VR,18438,,965
VR,18438,KUPRIK WG,1369
VR,18443,BONAFIDE,464
VR,18445,PANTERA TOP,247
VR,18449,DIXY,34
VR,18451,,1682.67
VR,18451,LEPINOX WG,85.5
VR,18458,AQUICINE,3330
VR,18460,NOVIXID,615
VR,18461,,175
VR,18461,AGIXA,1275
VR,18469,ZOXIS TOP,8
VR,18471,BOSKET,160
VR,18477,,81
VR,18477,PROBLAD,198
VR,18484,CAYUNIS,674
VR,18490,,2733
VR,18490,BRIXTON,3337
VR,18493,,520
VR,18495,KYLEO TOP,2080
VR,18498,ACLON,367
VR,18523,DIABLO SC,6.4
VR,18525,,371
VR,18528,,313
VR,18528,ORONDIS ULTRA VEG,158.5
VR,18530,,2680
VR,18530,WEEDMASTER PRO 540,3310
VR,18538,ACME,26
VR,18543,DIFESTAR,11
VR,18544,,10980
VR,18554,AZBANY DUO,197
VR,18562,BEAST,47
VR,18563,PASSION,234
VR,18585,SHENZI 200 SC,346.7
VR,18589,,150
VR,18589,SINCLAIRE,521
VR,18589,SINCLARE,40
VR,18599,IBISCO VIT,190
VR,18600,,3660
VR,18609,,20.8
VR,18609,MATSUDA WG PLUS,26.6
VR,18616,BAKULA,69
VR,18626,,9612.5
VR,18626,SURROUND WP CROP PROTECTANT,5374
VR,18637,FLENID,199
VR,18642,IRONFORTE ANTILUMACA PFNPE,38
VR,18649,,429
VR,18654,CARDIS,2522
VR,18658,CLERT,900
VR,18695,,80
VR,18702,,112
VR,18702,CLING,1880
VR,18703,TECORLA,1137
VR,18710,MACHO EVO,1665
VR,18716,PIMIENTO SUPER,76
VR,18720,U46 D-MAX,26
VR,18721,,6
VR,18721,MALERBANE DELUXE,127
VR,18727,,12000
VR,18728,,40
VR,18735,BISBITA,22240
VR,18736,,167.5
VR,18736,TELOSIO 45,412
VR,18737,NORCAS 45,207
VR,18739,PYREGARD,245
VR,18747,,352
VR,18747,CONFLUX,919
VR,18748,PANDORA,323
VR,18749,,160
VR,18750,,201
VR,18750,INTUITY PRO,996
VR,18767,,1480
VR,18770,MICRONOL NP,1380
VR,18771,RINGO MASSO',94
VR,18787,CIAK20SG,2.5
VR,18788,,571
VR,18792,SHINJI,6
VR,18793,SIDERAL ULTRA SC,1330
VR,18805,PENCO PLUS,17
VR,18808,ACLONIFARM PLUS,300
VR,18809,,2
VR,18809,VIBALLA,63
VR,18814,GOLTIX TOP,90
VR,18815,VELMERI 500 WG,37
VR,18817,,2037
VR,18826,V-FLEX,253
VR,18830,DIOZINOS 700 WG,23
VR,18838,EPRID,15.75
VR,18842,TERVANT,195.5
VR,18847,,47.5
VR,18847,CIREVO,273
VR,18864,NAIROBI 500 SC,68
VR,18866,,60
VR,18866,PIONORA,86
VR,18870,,40
VR,18870,SPEAR-LEP II,60
VR,18912,,65
VR,18912,LORTAMA 25,1044
VR,18913,TANARIS BEET,70
VR,18918,KIBERA 500 WG,6
VR,18923,POTARGO,55
VR,18925,MORFEO LIQUIDO,84
VR,18926,,20
VR,18926,AURA 2025,187
VR,18927,,9112.5
VR,18927,AF-X1 2025,9200
VR,18933,GEOCLEAN 2025,32185
VR,18946,,20
VR,18949,ENIFUL 10 EC,12
VR,18952,EXIREL 2025,136
VR,18974,RIDOMIL GOLD SL 2025,7
VR,18998,PERIMETER 2025,5
VR,19009,,41820
VR,19009,D-D SOIL XXI,820
VR,19010,TELONE II 2025 A,3600
VR,19011,DIGEO XXI,85680
VR,19012,GEOCLEAN ORTO 2025,1640
VR,19014,TELONE EC 2025 A,24800
,,,
"(fonte dati: Autorità regionale competente, dichiarazioni di vendita p.f. 2025, art. 16 D.Lgs 150/2012)",,,
* non presente se è stato utilizzato il caricamento da file,,,
