CANDIDATE,TIPO,PAIS,URL,DECISION,WHY,EVIDENCE,SOURCE_ID,STATUS,O_QUE_FALTA
ARTA Abruzzo,BASE_OFICIAL,IT,https://www.artaabruzzo.it/,JA_REGISTADA,o atlas ja tem ficha para este endereco,docs/fontes/ATLAS-DE-FONTES-EAME.md,IT-T2-020,PROMOVIDA,
Regione Abruzzo — Agricoltura,BASE_OFICIAL,IT,https://www.regione.abruzzo.it/,JA_REGISTADA,o atlas ja tem ficha para este endereco,docs/fontes/ATLAS-DE-FONTES-EAME.md,IT-T1-010,PROMOVIDA,
ARPA Basilicata,BASE_OFICIAL,IT,https://www.arpab.it/,JA_REGISTADA,o atlas ja tem ficha para este endereco,docs/fontes/ATLAS-DE-FONTES-EAME.md,IT-T2-023,PROMOVIDA,
ARPACAL Calabria,BASE_OFICIAL,IT,https://www.arpacal.it/,EM_ANALISE,"prova de existencia, nao de entrega: dono PROVED_DIRECT; pais: SIM — dominio .it e conteudo em italiano; endereco responde HTTP 200; portao 7D = PASS (92.2/100). Falta o degrau que o atlas exige para virar ficha.",HTTP 200 · titulo: ARPACAL · ancora: titulo da pagina: ARPACAL,,EM_ANALISE,"um item real da fonte, aberto e identificado como o atlas exige das 140 ja registadas: endereco proprio do item, tipo, titulo, HTTP, content-type, bytes e data visivel. A sonda de 14/09 leu o titulo da pagina de entrada e parou; frequencia de actualizacao, nunca medida"
ARSAC Calabria — Azienda Regionale per lo Sviluppo dell'Agricoltura Calabrese,BASE_OFICIAL,IT,https://www.arsac.calabria.it/,JA_REGISTADA,o atlas ja tem ficha para este endereco,docs/fontes/ATLAS-DE-FONTES-EAME.md,IT-T1-006,PROMOVIDA,
Calabria — Dipartimento Agricoltura,BASE_OFICIAL,IT,https://www.regione.calabria.it/website/portaltemplates/view/view.cfm?21,EM_ANALISE,"prova de existencia, nao de entrega: dono PROVED_DIRECT; pais: SIM — dominio .it e conteudo em italiano; endereco responde HTTP 200; portao 7D = REVIEW (78/100). Falta o degrau que o atlas exige para virar ficha.",HTTP 200 · titulo: L'Assessore regionale Musmanno ha scritto alla Direzione reg · data visivel: 2015-09-25 · ancora: titulo da pagina: L'Assessore regionale Musmanno h,,EM_ANALISE,"um item real da fonte, aberto e identificado como o atlas exige das 140 ja registadas: endereco proprio do item, tipo, titulo, HTTP, content-type, bytes e data visivel. A sonda de 14/09 leu o titulo da pagina de entrada e parou"
ARPA Campania,BASE_OFICIAL,IT,https://www.arpacampania.it/,JA_REGISTADA,o atlas ja tem ficha para este endereco,docs/fontes/ATLAS-DE-FONTES-EAME.md,IT-T2-006,PROMOVIDA,
Borsa Merci Bologna — Camera di Commercio,BASE_OFICIAL,IT,https://www.bo.camcom.gov.it/,JA_REGISTADA,o atlas ja tem ficha para este endereco,docs/fontes/ATLAS-DE-FONTES-EAME.md,IT-T10-009,PROMOVIDA,
Emilia-Romagna — Servizio Fitosanitario,BASE_OFICIAL,IT,https://agricoltura.regione.emilia-romagna.it/fitosanitario,JA_REGISTADA,o atlas ja tem ficha para este endereco,docs/fontes/ATLAS-DE-FONTES-EAME.md,IT-T3-013,PROMOVIDA,
Fitogest — banca dati agrofarmaci,BASE_OFICIAL,IT,https://fitogest.imagelinenetwork.com/,EM_ANALISE,"prova de existencia, nao de entrega: dono PROVED_DIRECT; pais: SIM — dono italiano identificado na pagina; endereco responde HTTP 200; portao 7D = REVIEW (83/100). Falta o degrau que o atlas exige para virar ficha.",HTTP 200 · titulo: Agrofarmaci e prodotti per un'agricoltura sostenibile | Fito · data visivel: 2018-11-01 · ancora: titulo da pagina: Agrofarmaci e prodotti per un'ag,,EM_ANALISE,"um item real da fonte, aberto e identificado como o atlas exige das 140 ja registadas: endereco proprio do item, tipo, titulo, HTTP, content-type, bytes e data visivel. A sonda de 14/09 leu o titulo da pagina de entrada e parou"
Plantgest — banca dati varieta,BASE_OFICIAL,IT,https://plantgest.imagelinenetwork.com/,EM_ANALISE,"prova de existencia, nao de entrega: dono PROVED_DIRECT; pais: SIM — dono italiano identificado na pagina; endereco responde HTTP 200; portao 7D = REVIEW (90/100). Falta o degrau que o atlas exige para virar ficha.","HTTP 200 · titulo: Plantgest - Varietà di piante da frutto e orticole, news e  · ancora: titulo da pagina: Plantgest - Varietà di piante d",,EM_ANALISE,"um item real da fonte, aberto e identificado como o atlas exige das 140 ja registadas: endereco proprio do item, tipo, titulo, HTTP, content-type, bytes e data visivel. A sonda de 14/09 leu o titulo da pagina de entrada e parou; frequencia de actualizacao, nunca medida"
ARPA Friuli Venezia Giulia — OSMER,BASE_OFICIAL,IT,https://www.arpa.fvg.it/,JA_REGISTADA,o atlas ja tem ficha para este endereco,docs/fontes/ATLAS-DE-FONTES-EAME.md,IT-T2-012,PROMOVIDA,
ERSA FVG — Agenzia regionale per lo sviluppo rurale,BASE_OFICIAL,IT,https://www.ersa.fvg.it/,EM_ANALISE,"prova de existencia, nao de entrega: dono PROVED_DIRECT; pais: SIM — dominio .it e conteudo em italiano; endereco responde HTTP 200; portao 7D = REVIEW (91.09999999999999/100). Falta o degrau que o atlas exige para virar ficha.",HTTP 200 · titulo: ERSA FVG : Homepage · ancora: titulo da pagina: ERSA FVG : Homepage,,EM_ANALISE,"um item real da fonte, aberto e identificado como o atlas exige das 140 ja registadas: endereco proprio do item, tipo, titulo, HTTP, content-type, bytes e data visivel. A sonda de 14/09 leu o titulo da pagina de entrada e parou; frequencia de actualizacao, nunca medida; endereco por reconciliar (https://www.ersa.fvg.it/ -> https://www.ersa.fvg.it/cms/hp/)"
ARPA Lazio,BASE_OFICIAL,IT,https://www.arpalazio.it/,JA_REGISTADA,o atlas ja tem ficha para este endereco,docs/fontes/ATLAS-DE-FONTES-EAME.md,IT-T2-013,PROMOVIDA,
ARSIAL — Agenzia Regionale Sviluppo Innovazione Agricoltura Lazio,BASE_OFICIAL,IT,https://www.arsial.it/,JA_REGISTADA,o atlas ja tem ficha para este endereco,docs/fontes/ATLAS-DE-FONTES-EAME.md,IT-T1-007,PROMOVIDA,
Lazio — Agricoltura Regione Lazio,BASE_OFICIAL,IT,https://www.regione.lazio.it/cittadini/agricoltura,JA_REGISTADA,o atlas ja tem ficha para este endereco,docs/fontes/ATLAS-DE-FONTES-EAME.md,IT-T1-009,PROMOVIDA,
ARPA Liguria,BASE_OFICIAL,IT,https://www.arpal.liguria.it/,JA_REGISTADA,o atlas ja tem ficha para este endereco,docs/fontes/ATLAS-DE-FONTES-EAME.md,IT-T2-021,PROMOVIDA,
Agriligurianet — Regione Liguria agricoltura,BASE_OFICIAL,IT,https://www.agriligurianet.it/,JA_REGISTADA,o atlas ja tem ficha para este endereco,docs/fontes/ATLAS-DE-FONTES-EAME.md,IT-T1-020,PROMOVIDA,
Liguria — Regione Liguria agricoltura,BASE_OFICIAL,IT,https://www.regione.liguria.it/homepage-agricoltura.html,JA_REGISTADA,o atlas ja tem ficha para este endereco,docs/fontes/ATLAS-DE-FONTES-EAME.md,IT-T1-004,PROMOVIDA,
ARPA Lombardia,BASE_OFICIAL,IT,https://www.arpalombardia.it/,JA_REGISTADA,o atlas ja tem ficha para este endereco,docs/fontes/ATLAS-DE-FONTES-EAME.md,IT-T2-011,PROMOVIDA,
Agricoltura Regione Lombardia,BASE_OFICIAL,IT,https://www.ersaf.lombardia.it/it,JA_REGISTADA,o atlas ja tem ficha para este endereco,docs/fontes/ATLAS-DE-FONTES-EAME.md,IT-T1-008,PROMOVIDA,
ERSAF Lombardia — Ente Regionale per i Servizi all'Agricoltura e alle Foreste,BASE_OFICIAL,IT,https://www.ersaf.lombardia.it/,EM_ANALISE,"prova de existencia, nao de entrega: dono PROVED_DIRECT; pais: SIM — dominio .it e conteudo em italiano; endereco responde HTTP 200; portao 7D = PASS (93/100). Falta o degrau que o atlas exige para virar ficha.",HTTP 200 · titulo: Home - Ersaf · feed RSS declarado · ancora: titulo da pagina: Home - Ersaf,,EM_ANALISE,"um item real da fonte, aberto e identificado como o atlas exige das 140 ja registadas: endereco proprio do item, tipo, titulo, HTTP, content-type, bytes e data visivel. A sonda de 14/09 leu o titulo da pagina de entrada e parou"
Ente Nazionale Risi,BASE_OFICIAL,IT,http://www.enterisi.it/,JA_REGISTADA,o atlas ja tem ficha para este endereco,docs/fontes/ATLAS-DE-FONTES-EAME.md,IT-T1-014,PROMOVIDA,
ARPA Marche,BASE_OFICIAL,IT,https://www.arpa.marche.it/,JA_REGISTADA,o atlas ja tem ficha para este endereco,docs/fontes/ATLAS-DE-FONTES-EAME.md,IT-T2-016,PROMOVIDA,
ASSAM Marche — Agenzia Servizi Settore Agroalimentare delle Marche,BASE_OFICIAL,IT,https://www.assam.marche.it/,EM_ANALISE,"prova de existencia, nao de entrega: dono PROVED_DIRECT; pais: SIM — dominio .it e conteudo em italiano; endereco responde HTTP 200; portao 7D = REVIEW (90/100). Falta o degrau que o atlas exige para virar ficha.",HTTP 200 · titulo: Pagina di cortesia · data visivel: 2026-01-01 · ancora: titulo da pagina: Pagina di cortesia,,EM_ANALISE,"um item real da fonte, aberto e identificado como o atlas exige das 140 ja registadas: endereco proprio do item, tipo, titulo, HTTP, content-type, bytes e data visivel. A sonda de 14/09 leu o titulo da pagina de entrada e parou"
ARPA Molise,BASE_OFICIAL,IT,https://www.arpamolise.it/,JA_REGISTADA,o atlas ja tem ficha para este endereco,docs/fontes/ATLAS-DE-FONTES-EAME.md,IT-T2-014,PROMOVIDA,
Regione Molise — Agricoltura,BASE_OFICIAL,IT,https://www.regione.molise.it/,EM_ANALISE,"prova de existencia, nao de entrega: dono PROVED_DIRECT; pais: SIM — dominio .it e conteudo em italiano; endereco responde HTTP 200; portao 7D = PASS (89/100). Falta o degrau que o atlas exige para virar ficha.",HTTP 200 · titulo: Regione Molise - Home · data visivel: 2026-02-28 · ancora: titulo da pagina: Regione Molise - Home,,EM_ANALISE,"um item real da fonte, aberto e identificado como o atlas exige das 140 ja registadas: endereco proprio do item, tipo, titulo, HTTP, content-type, bytes e data visivel. A sonda de 14/09 leu o titulo da pagina de entrada e parou"
ISMEA — Istituto di Servizi per il Mercato Agricolo Alimentare,BASE_OFICIAL,IT,https://www.ismea.it/,JA_REGISTADA,o atlas ja tem ficha para este endereco,docs/fontes/ATLAS-DE-FONTES-EAME.md,IT-T10-007,PROMOVIDA,
ISPRA — Istituto Superiore per la Protezione e la Ricerca Ambientale,BASE_OFICIAL,IT,https://www.isprambiente.gov.it/,JA_REGISTADA,o atlas ja tem ficha para este endereco,docs/fontes/ATLAS-DE-FONTES-EAME.md,IT-T2-009,PROMOVIDA,
Rete Rurale Nazionale,BASE_OFICIAL,IT,https://www.reterurale.it/,EM_ANALISE,"prova de existencia, nao de entrega: dono PROVED_DIRECT; pais: SIM — dominio .it e conteudo em italiano; endereco responde HTTP 200; portao 7D = PASS (90/100). Falta o degrau que o atlas exige para virar ficha.",HTTP 200 · titulo: Rete PAC · ancora: titulo da pagina: Rete PAC,,EM_ANALISE,"um item real da fonte, aberto e identificado como o atlas exige das 140 ja registadas: endereco proprio do item, tipo, titulo, HTTP, content-type, bytes e data visivel. A sonda de 14/09 leu o titulo da pagina de entrada e parou; frequencia de actualizacao, nunca medida"
SIAN — Sistema Informativo Agricolo Nazionale,BASE_OFICIAL,IT,https://www.sian.it/,EM_ANALISE,"prova de existencia, nao de entrega: dono PROVED_DIRECT; pais: SIM — dominio .it e conteudo em italiano; endereco responde HTTP 200; portao 7D = PASS (90/100). Falta o degrau que o atlas exige para virar ficha.",HTTP 200 · titulo: SIAN · ancora: titulo da pagina: SIAN,,EM_ANALISE,"um item real da fonte, aberto e identificado como o atlas exige das 140 ja registadas: endereco proprio do item, tipo, titulo, HTTP, content-type, bytes e data visivel. A sonda de 14/09 leu o titulo da pagina de entrada e parou; frequencia de actualizacao, nunca medida"
Servizio Fitosanitario Nazionale — Protezione delle Piante,BASE_OFICIAL,IT,https://www.protezionedellepiante.it/,JA_REGISTADA,o atlas ja tem ficha para este endereco,docs/fontes/ATLAS-DE-FONTES-EAME.md,IT-T3-014,PROMOVIDA,
ARPA Piemonte,BASE_OFICIAL,IT,https://www.arpa.piemonte.it/,JA_REGISTADA,o atlas ja tem ficha para este endereco,docs/fontes/ATLAS-DE-FONTES-EAME.md,IT-T2-019,PROMOVIDA,
Regione Piemonte — Agricoltura e cibo,BASE_OFICIAL,IT,https://www.regione.piemonte.it/web/temi/agricoltura,EM_ANALISE,"prova de existencia, nao de entrega: dono PROVED_DIRECT; pais: SIM — dominio .it e conteudo em italiano; endereco responde HTTP 200; portao 7D = UNKNOWN (95.7/100). Falta o degrau que o atlas exige para virar ficha.",HTTP None · ancora: titulo da pagina: Agricoltura | Regione Piemonte,,EM_ANALISE,"um item real da fonte, aberto e identificado como o atlas exige das 140 ja registadas: endereco proprio do item, tipo, titulo, HTTP, content-type, bytes e data visivel. A sonda de 14/09 leu o titulo da pagina de entrada e parou; frequencia de actualizacao, nunca medida"
ARPA Puglia,BASE_OFICIAL,IT,https://www.arpa.puglia.it/,EM_ANALISE,"prova de existencia, nao de entrega: dono PROVED_DIRECT; pais: SIM — dominio .it e conteudo em italiano; endereco responde HTTP 200; portao 7D = PASS (92.2/100). Falta o degrau que o atlas exige para virar ficha.",HTTP 200 · titulo: Agenzia Regionale per la Prevenzione e la Protezione dell'Am · ancora: titulo da pagina: Agenzia Regionale per la Prevenz,,EM_ANALISE,"um item real da fonte, aberto e identificado como o atlas exige das 140 ja registadas: endereco proprio do item, tipo, titulo, HTTP, content-type, bytes e data visivel. A sonda de 14/09 leu o titulo da pagina de entrada e parou; frequencia de actualizacao, nunca medida"
AGRIS Sardegna — Agenzia per la ricerca in agricoltura,BASE_OFICIAL,IT,https://www.sardegnaagricoltura.it/index.php?xsl=443,EM_ANALISE,"prova de existencia, nao de entrega: dono PROVED_DIRECT; pais: SIM — dominio .it e conteudo em italiano; endereco responde HTTP 200; portao 7D = PASS (95/100). Falta o degrau que o atlas exige para virar ficha.",HTTP 200 · titulo: Sardegna Agricoltura - · data visivel: 2026-09-14 · feed RSS declarado · ancora: titulo da pagina: Sardegna Agricoltura -,,EM_ANALISE,"um item real da fonte, aberto e identificado como o atlas exige das 140 ja registadas: endereco proprio do item, tipo, titulo, HTTP, content-type, bytes e data visivel. A sonda de 14/09 leu o titulo da pagina de entrada e parou"
ARPA Sardegna,BASE_OFICIAL,IT,https://www.arpa.sardegna.it/,EM_ANALISE,"prova de existencia, nao de entrega: dono PROVED_DIRECT; pais: SIM — dominio .it e conteudo em italiano; endereco responde HTTP 200; portao 7D = REVIEW (87.8/100). Falta o degrau que o atlas exige para virar ficha.",HTTP 200 · ancora: titulo da pagina: ,,EM_ANALISE,"um item real da fonte, aberto e identificado como o atlas exige das 140 ja registadas: endereco proprio do item, tipo, titulo, HTTP, content-type, bytes e data visivel. A sonda de 14/09 leu o titulo da pagina de entrada e parou; frequencia de actualizacao, nunca medida; endereco por reconciliar (https://www.arpa.sardegna.it/ -> https://www.sardegnaambiente.it/arpas/)"
Sardegna Agricoltura — Laore,BASE_OFICIAL,IT,https://www.sardegnaagricoltura.it/,EM_ANALISE,"prova de existencia, nao de entrega: dono PROVED_DIRECT; pais: SIM — dominio .it e conteudo em italiano; endereco responde HTTP 200; portao 7D = REVIEW (91/100). Falta o degrau que o atlas exige para virar ficha.",HTTP 200 · titulo: Sardegna Agricoltura - Home page · data visivel: 2026-09-14 · feed RSS declarado · ancora: titulo da pagina: Sardegna Agricoltura - Home page,,EM_ANALISE,"um item real da fonte, aberto e identificado como o atlas exige das 140 ja registadas: endereco proprio do item, tipo, titulo, HTTP, content-type, bytes e data visivel. A sonda de 14/09 leu o titulo da pagina de entrada e parou"
ARPA Sicilia,BASE_OFICIAL,IT,https://www.arpa.sicilia.it/,JA_REGISTADA,o atlas ja tem ficha para este endereco,docs/fontes/ATLAS-DE-FONTES-EAME.md,IT-T2-007,PROMOVIDA,
ARPAT Toscana,BASE_OFICIAL,IT,https://www.arpat.toscana.it/,JA_REGISTADA,o atlas ja tem ficha para este endereco,docs/fontes/ATLAS-DE-FONTES-EAME.md,IT-T2-008,PROMOVIDA,
Regione Toscana — Agricoltura,BASE_OFICIAL,IT,https://www.regione.toscana.it/agricoltura,JA_REGISTADA,o atlas ja tem ficha para este endereco,docs/fontes/ATLAS-DE-FONTES-EAME.md,IT-T1-003,PROMOVIDA,
Toscana — Servizio Fitosanitario Regionale,BASE_OFICIAL,IT,https://www.regione.toscana.it/,JA_REGISTADA,o atlas ja tem ficha para este endereco,docs/fontes/ATLAS-DE-FONTES-EAME.md,IT-T3-015,PROMOVIDA,
APPA Trento — Agenzia provinciale protezione ambiente,BASE_OFICIAL,IT,https://appa.provincia.tn.it/,JA_REGISTADA,o atlas ja tem ficha para este endereco,docs/fontes/ATLAS-DE-FONTES-EAME.md,IT-T2-010,PROMOVIDA,
Provincia autonoma di Bolzano — Agricoltura,BASE_OFICIAL,IT,https://www.provincia.bz.it/agricoltura-foreste/,EM_ANALISE,"prova de existencia, nao de entrega: dono PROVED_DIRECT; pais: SIM — dominio .it e conteudo em italiano; endereco responde HTTP 200; portao 7D = PASS (90/100). Falta o degrau que o atlas exige para virar ficha.",HTTP 200 · ancora: titulo da pagina: ,,EM_ANALISE,"um item real da fonte, aberto e identificado como o atlas exige das 140 ja registadas: endereco proprio do item, tipo, titulo, HTTP, content-type, bytes e data visivel. A sonda de 14/09 leu o titulo da pagina de entrada e parou; frequencia de actualizacao, nunca medida"
Provincia autonoma di Trento — Agricoltura,BASE_OFICIAL,IT,https://www.provincia.tn.it/,JA_REGISTADA,o atlas ja tem ficha para este endereco,docs/fontes/ATLAS-DE-FONTES-EAME.md,IT-T1-002,PROMOVIDA,
Regione Umbria — Agricoltura,BASE_OFICIAL,IT,https://www.regione.umbria.it/agricoltura,JA_REGISTADA,o atlas ja tem ficha para este endereco,docs/fontes/ATLAS-DE-FONTES-EAME.md,IT-T1-011,PROMOVIDA,
Umbria — Agricoltura e foreste,BASE_OFICIAL,IT,https://www.regione.umbria.it/home,JA_REGISTADA,o atlas ja tem ficha para este endereco,docs/fontes/ATLAS-DE-FONTES-EAME.md,IT-T1-005,PROMOVIDA,
ARPA Valle d'Aosta,BASE_OFICIAL,IT,https://www.arpa.vda.it/,JA_REGISTADA,o atlas ja tem ficha para este endereco,docs/fontes/ATLAS-DE-FONTES-EAME.md,IT-T2-022,PROMOVIDA,
Regione Valle d'Aosta — Agricoltura,BASE_OFICIAL,IT,https://www.regione.vda.it/agricoltura/,JA_REGISTADA,o atlas ja tem ficha para este endereco,docs/fontes/ATLAS-DE-FONTES-EAME.md,IT-T1-012,PROMOVIDA,
Valle d'Aosta — Assessorato Agricoltura e Risorse Naturali,BASE_OFICIAL,IT,https://www.regione.vda.it/,EM_ANALISE,"prova de existencia, nao de entrega: dono PROVED_DIRECT; pais: SIM — dominio .it e conteudo em italiano; endereco responde HTTP 200; portao 7D = REVIEW (91/100). Falta o degrau que o atlas exige para virar ficha.",HTTP 200 · titulo: Sito ufficiale della Regione Autonoma Valle d'Aosta · data visivel: 2026-07-30 · ancora: titulo da pagina: Sito ufficiale della Regione Aut,,EM_ANALISE,"um item real da fonte, aberto e identificado como o atlas exige das 140 ja registadas: endereco proprio do item, tipo, titulo, HTTP, content-type, bytes e data visivel. A sonda de 14/09 leu o titulo da pagina de entrada e parou"
Veneto Agricoltura — Agenzia veneta per l'innovazione nel settore primario,BASE_OFICIAL,IT,https://www.venetoagricoltura.org/,EM_ANALISE,"prova de existencia, nao de entrega: dono PROVED_BY_DOMAIN; pais: SIM — dono italiano identificado na pagina; endereco responde HTTP 200; portao 7D = PASS (94.40000000000001/100). Falta o degrau que o atlas exige para virar ficha.",HTTP 200 · titulo: myPortal · ancora: titulo da pagina: myPortal,,EM_ANALISE,"um item real da fonte, aberto e identificado como o atlas exige das 140 ja registadas: endereco proprio do item, tipo, titulo, HTTP, content-type, bytes e data visivel. A sonda de 14/09 leu o titulo da pagina de entrada e parou; frequencia de actualizacao, nunca medida"
Veneto — Servizio Fitosanitario Regionale,BASE_OFICIAL,IT,https://www.regione.veneto.it/web/agricoltura-e-foreste,JA_REGISTADA,o atlas ja tem ficha para este endereco,docs/fontes/ATLAS-DE-FONTES-EAME.md,IT-T3-016,PROMOVIDA,
UNITE Facolta di Bioscienze e Tecnologie Agro-alimentari e Ambientali,CIENCIA,IT,https://www.unite.it/UniTE/Bioscienze_e_Tecnologie_Agro-Alimentari_e_Ambientali,JA_REGISTADA,o atlas ja tem ficha para este endereco,docs/fontes/ATLAS-DE-FONTES-EAME.md,IT-T5-030,PROMOVIDA,
UNIRC Dipartimento di Agraria,CIENCIA,IT,https://www.agraria.unirc.it/,EM_ANALISE,"prova de existencia, nao de entrega: dono PROVED_DIRECT; pais: SIM — dominio .it e conteudo em italiano; endereco responde HTTP 200; portao 7D = REVIEW (86/100). Falta o degrau que o atlas exige para virar ficha.",HTTP 200 · titulo: Dipartimento di Agraria | Università degli Studi Mediterrane · data visivel: 2026-09-10 · ancora: titulo da pagina: Dipartimento di Agraria | Univer,,EM_ANALISE,"um item real da fonte, aberto e identificado como o atlas exige das 140 ja registadas: endereco proprio do item, tipo, titulo, HTTP, content-type, bytes e data visivel. A sonda de 14/09 leu o titulo da pagina de entrada e parou"
Antonio Pietro GARONNA — registo cientifico ORCID (Università degli Studi di Napoli Federico II),CIENCIA,IT,https://orcid.org/0000-0002-8441-5208,JA_REGISTADA,o atlas ja tem ficha para este endereco,docs/fontes/ATLAS-DE-FONTES-EAME.md,IT-T6-005,PROMOVIDA,
CNR ISAFOM — Istituto per i Sistemi Agricoli e Forestali del Mediterraneo,CIENCIA,IT,https://www.isafom.cnr.it/,JA_REGISTADA,o atlas ja tem ficha para este endereco,docs/fontes/ATLAS-DE-FONTES-EAME.md,IT-T2-018,PROMOVIDA,
UNINA Dipartimento di Agraria — Portici,CIENCIA,IT,https://www.agraria.unina.it/,EM_ANALISE,"prova de existencia, nao de entrega: dono PROVED_DIRECT; pais: SIM — dominio .it e conteudo em italiano; endereco responde HTTP 200; portao 7D = PASS (78/100). Falta o degrau que o atlas exige para virar ficha.",HTTP 200 · titulo: Dipartimento di Agraria · data visivel: 2018-10-16 · ancora: titulo da pagina: Dipartimento di Agraria,,EM_ANALISE,"um item real da fonte, aberto e identificado como o atlas exige das 140 ja registadas: endereco proprio do item, tipo, titulo, HTTP, content-type, bytes e data visivel. A sonda de 14/09 leu o titulo da pagina de entrada e parou"
Antonio Masetti — registo cientifico ORCID (University of Bologna),CIENCIA,IT,https://orcid.org/0000-0001-6061-2752,JA_REGISTADA,o atlas ja tem ficha para este endereco,docs/fontes/ATLAS-DE-FONTES-EAME.md,IT-T6-004,PROMOVIDA,
Antonio Prodi — registo cientifico ORCID (University of Bologna),CIENCIA,IT,https://orcid.org/0000-0002-7221-7271,JA_REGISTADA,o atlas ja tem ficha para este endereco,docs/fontes/ATLAS-DE-FONTES-EAME.md,IT-T6-006,PROMOVIDA,
Bulletin of Insectology,CIENCIA,IT,http://www.bulletinofinsectology.org/,EM_ANALISE,"prova de existencia, nao de entrega: dono PROVED_DIRECT; pais: SIM — dono italiano identificado na pagina; endereco responde HTTP 200; portao 7D = PASS (91.09999999999999/100). Falta o degrau que o atlas exige para virar ficha.",HTTP 200 · titulo: Bulletin of Insectology · ancora: titulo da pagina: Bulletin of Insectology,,EM_ANALISE,"um item real da fonte, aberto e identificado como o atlas exige das 140 ja registadas: endereco proprio do item, tipo, titulo, HTTP, content-type, bytes e data visivel. A sonda de 14/09 leu o titulo da pagina de entrada e parou; frequencia de actualizacao, nunca medida"
CLAUDIO RATTI — registo cientifico ORCID (Alma Mater Studiorum  Universita' di Bologna),CIENCIA,IT,https://orcid.org/0000-0002-5640-2143,JA_REGISTADA,o atlas ja tem ficha para este endereco,docs/fontes/ATLAS-DE-FONTES-EAME.md,IT-T6-008,PROMOVIDA,
CRPA — Centro Ricerche Produzioni Animali,CIENCIA,IT,https://www.crpa.it/,JA_REGISTADA,o atlas ja tem ficha para este endereco,docs/fontes/ATLAS-DE-FONTES-EAME.md,IT-T5-013,PROMOVIDA,
CRPV — Centro Ricerche Produzioni Vegetali,CIENCIA,IT,https://www.crpv.it/,EM_ANALISE,"prova de existencia, nao de entrega: dono PROVED_DIRECT; pais: SIM — dominio .it e conteudo em italiano; endereco responde HTTP 200; portao 7D = REVIEW (84/100). Falta o degrau que o atlas exige para virar ficha.",HTTP 200 · titulo: Ri.Nova societ&#xE0; cooperativa · data visivel: 2026-04-03 · ancora: titulo da pagina: Ri.Nova societ&#xE0; cooperativa,,EM_ANALISE,"um item real da fonte, aberto e identificado como o atlas exige das 140 ja registadas: endereco proprio do item, tipo, titulo, HTTP, content-type, bytes e data visivel. A sonda de 14/09 leu o titulo da pagina de entrada e parou; endereco por reconciliar (https://www.crpv.it/ -> https://rinova.eu/)"
Fondazione per l'Agricoltura F.lli Navarra,CIENCIA,IT,https://www.fondazionenavarra.it/,JA_REGISTADA,o atlas ja tem ficha para este endereco,docs/fontes/ATLAS-DE-FONTES-EAME.md,IT-T5-010,PROMOVIDA,
IRIS UNIBO — Archivio istituzionale della ricerca,CIENCIA,IT,https://cris.unibo.it/,JA_REGISTADA,o atlas ja tem ficha para este endereco,docs/fontes/ATLAS-DE-FONTES-EAME.md,IT-T5-018,PROMOVIDA,
Roberta Paris — registo cientifico ORCID (Council for Agricultural Research and Economics Analysis (CREA) ),CIENCIA,IT,https://orcid.org/0000-0001-7823-2475,JA_REGISTADA,o atlas ja tem ficha para este endereco,docs/fontes/ATLAS-DE-FONTES-EAME.md,IT-T6-030,PROMOVIDA,
SSICA — Stazione Sperimentale per l'Industria delle Conserve Alimentari,CIENCIA,IT,https://www.ssica.it/,JA_REGISTADA,o atlas ja tem ficha para este endereco,docs/fontes/ATLAS-DE-FONTES-EAME.md,IT-T5-023,PROMOVIDA,
Stefano Maini — registo cientifico ORCID (Alma Mater Studiorum - Università di Bologna),CIENCIA,IT,https://orcid.org/0000-0001-7272-1243,JA_REGISTADA,o atlas ja tem ficha para este endereco,docs/fontes/ATLAS-DE-FONTES-EAME.md,IT-T6-033,PROMOVIDA,
Tito Caffi — registo cientifico ORCID (Università Cattolica del Sacro Cuore),CIENCIA,IT,https://orcid.org/0000-0001-9929-4130,JA_REGISTADA,o atlas ja tem ficha para este endereco,docs/fontes/ATLAS-DE-FONTES-EAME.md,IT-T6-034,PROMOVIDA,
UNIBO DISTAL — Dipartimento di Scienze e Tecnologie Agro-Alimentari,CIENCIA,IT,https://distal.unibo.it/it,JA_REGISTADA,o atlas ja tem ficha para este endereco,docs/fontes/ATLAS-DE-FONTES-EAME.md,IT-T5-033,PROMOVIDA,
UNIUD DI4A — Dipartimento di Scienze Agroalimentari Ambientali e Animali,CIENCIA,IT,https://www.di4a.uniud.it/it,JA_REGISTADA,o atlas ja tem ficha para este endereco,docs/fontes/ATLAS-DE-FONTES-EAME.md,IT-T5-028,PROMOVIDA,
Anita Nencioni — registo cientifico ORCID (Consiglio per la ricerca in agricoltura e l’analisi dell’economia agraria),CIENCIA,IT,https://orcid.org/0000-0003-1585-0529,JA_REGISTADA,o atlas ja tem ficha para este endereco,docs/fontes/ATLAS-DE-FONTES-EAME.md,IT-T6-002,PROMOVIDA,
Paolo Boccacci — registo cientifico ORCID (Consiglio Nazionale delle Ricerche),CIENCIA,IT,https://orcid.org/0000-0001-8574-0478,JA_REGISTADA,o atlas ja tem ficha para este endereco,docs/fontes/ATLAS-DE-FONTES-EAME.md,IT-T6-026,PROMOVIDA,
Rosa Francaviglia — registo cientifico ORCID (Consiglio per la ricerca in agricoltura e l'analisi dell'economia agraria (CREA)),CIENCIA,IT,https://orcid.org/0000-0002-4362-5428,JA_REGISTADA,o atlas ja tem ficha para este endereco,docs/fontes/ATLAS-DE-FONTES-EAME.md,IT-T6-032,PROMOVIDA,
UNITUS DAFNE — Dipartimento di Scienze Agrarie e Forestali,CIENCIA,IT,https://www.unitus.it/it/dipartimento/dafne,JA_REGISTADA,o atlas ja tem ficha para este endereco,docs/fontes/ATLAS-DE-FONTES-EAME.md,IT-T5-014,PROMOVIDA,
AIR UNIMI — Archivio Istituzionale della Ricerca,CIENCIA,IT,https://air.unimi.it/,JA_REGISTADA,o atlas ja tem ficha para este endereco,docs/fontes/ATLAS-DE-FONTES-EAME.md,IT-T5-016,PROMOVIDA,
Marco Perfetto — registo cientifico ORCID (University of Milan),CIENCIA,IT,https://orcid.org/0000-0001-9370-2500,JA_REGISTADA,o atlas ja tem ficha para este endereco,docs/fontes/ATLAS-DE-FONTES-EAME.md,IT-T6-024,PROMOVIDA,
UNIMI DiSAA — Dipartimento di Scienze Agrarie e Ambientali,CIENCIA,IT,https://disaa.unimi.it/,JA_REGISTADA,o atlas ja tem ficha para este endereco,docs/fontes/ATLAS-DE-FONTES-EAME.md,IT-T5-024,PROMOVIDA,
UNIVPM D3A — Dipartimento di Scienze Agrarie Alimentari e Ambientali,CIENCIA,IT,https://www.d3a.univpm.it/,JA_REGISTADA,o atlas ja tem ficha para este endereco,docs/fontes/ATLAS-DE-FONTES-EAME.md,IT-T5-031,PROMOVIDA,
sara ruschioni — registo cientifico ORCID (Marche Polytechnic University),CIENCIA,IT,https://orcid.org/0000-0003-2965-6364,JA_REGISTADA,o atlas ja tem ficha para este endereco,docs/fontes/ATLAS-DE-FONTES-EAME.md,IT-T6-036,PROMOVIDA,
CNR IBBR — Istituto di Bioscienze e Biorisorse,CIENCIA,IT,https://www.ibbr.cnr.it/,JA_REGISTADA,o atlas ja tem ficha para este endereco,docs/fontes/ATLAS-DE-FONTES-EAME.md,IT-T5-015,PROMOVIDA,
CNR IPSP — Istituto per la Protezione Sostenibile delle Piante,CIENCIA,IT,http://www.ipsp.cnr.it/,JA_REGISTADA,o atlas ja tem ficha para este endereco,docs/fontes/ATLAS-DE-FONTES-EAME.md,IT-T3-017,PROMOVIDA,
CNR IRET — Istituto di Ricerca sugli Ecosistemi Terrestri,CIENCIA,IT,https://www.iret.cnr.it/,JA_REGISTADA,o atlas ja tem ficha para este endereco,docs/fontes/ATLAS-DE-FONTES-EAME.md,IT-T2-017,PROMOVIDA,
Francesco Nardi — registo cientifico ORCID (University of Siena),CIENCIA,IT,https://orcid.org/0000-0003-0271-9855,JA_REGISTADA,o atlas ja tem ficha para este endereco,docs/fontes/ATLAS-DE-FONTES-EAME.md,IT-T6-013,PROMOVIDA,
Graziella Amendola — registo cientifico ORCID (National Institute of Health),CIENCIA,IT,https://orcid.org/0000-0001-5461-0312,JA_REGISTADA,o atlas ja tem ficha para este endereco,docs/fontes/ATLAS-DE-FONTES-EAME.md,IT-T6-017,PROMOVIDA,
Journal of Plant Pathology,CIENCIA,IT,https://link.springer.com/journal/42161,EM_ANALISE,"prova de existencia, nao de entrega: dono PROVED_DIRECT; pais: SIM — dono italiano identificado na pagina; endereco responde HTTP 200; portao 7D = PASS (76.7/100). Falta o degrau que o atlas exige para virar ficha.",HTTP 200 · titulo: Client Challenge · ancora: titulo da pagina: Client Challenge,,EM_ANALISE,"um item real da fonte, aberto e identificado como o atlas exige das 140 ja registadas: endereco proprio do item, tipo, titulo, HTTP, content-type, bytes e data visivel. A sonda de 14/09 leu o titulo da pagina de entrada e parou; frequencia de actualizacao, nunca medida"
Luca Finetti — registo cientifico ORCID (University of Ferrara),CIENCIA,IT,https://orcid.org/0000-0001-5558-9156,JA_REGISTADA,o atlas ja tem ficha para este endereco,docs/fontes/ATLAS-DE-FONTES-EAME.md,IT-T6-021,PROMOVIDA,
Agroinnova — Centro di Competenza per l'Innovazione in campo agro-ambientale,CIENCIA,IT,https://www.agroinnova.unito.it/,JA_REGISTADA,o atlas ja tem ficha para este endereco,docs/fontes/ATLAS-DE-FONTES-EAME.md,IT-T3-019,PROMOVIDA,
Chiara D'ERRICO — registo cientifico ORCID (Istituto per la Protezione Sostenibile delle Piante IPSP - CNR),CIENCIA,IT,https://orcid.org/0000-0003-0546-9900,JA_REGISTADA,o atlas ja tem ficha para este endereco,docs/fontes/ATLAS-DE-FONTES-EAME.md,IT-T6-009,PROMOVIDA,
Daniele Daffonchio — registo cientifico ORCID (University of Turin),CIENCIA,IT,https://orcid.org/0000-0003-0947-925X,JA_REGISTADA,o atlas ja tem ficha para este endereco,docs/fontes/ATLAS-DE-FONTES-EAME.md,IT-T6-010,PROMOVIDA,
Fondazione Agrion — Fondazione per la ricerca l'innovazione e lo sviluppo tecnologico dell'agricoltura piemontese,CIENCIA,IT,https://www.agrion.it/,JA_REGISTADA,o atlas ja tem ficha para este endereco,docs/fontes/ATLAS-DE-FONTES-EAME.md,IT-T5-008,PROMOVIDA,
IRIS UNITO — Archivio istituzionale,CIENCIA,IT,https://iris.unito.it/,JA_REGISTADA,o atlas ja tem ficha para este endereco,docs/fontes/ATLAS-DE-FONTES-EAME.md,IT-T5-020,PROMOVIDA,
Lorenzo Baglieri — registo cientifico ORCID (Politecnico di Torino),CIENCIA,IT,https://orcid.org/0000-0002-5022-5326,JA_REGISTADA,o atlas ja tem ficha para este endereco,docs/fontes/ATLAS-DE-FONTES-EAME.md,IT-T6-020,PROMOVIDA,
Vera Pavese — registo cientifico ORCID (University of Turin),CIENCIA,IT,https://orcid.org/0000-0002-6863-3950,JA_REGISTADA,o atlas ja tem ficha para este endereco,docs/fontes/ATLAS-DE-FONTES-EAME.md,IT-T6-035,PROMOVIDA,
CNR ISPA — Istituto di Scienze delle Produzioni Alimentari,CIENCIA,IT,https://www.ispa.cnr.it/,JA_REGISTADA,o atlas ja tem ficha para este endereco,docs/fontes/ATLAS-DE-FONTES-EAME.md,IT-T3-018,PROMOVIDA,
Marwa Mourou — registo cientifico ORCID (Università degli Studi di Bari Aldo Moro),CIENCIA,IT,https://orcid.org/0000-0002-9925-3520,JA_REGISTADA,o atlas ja tem ficha para este endereco,docs/fontes/ATLAS-DE-FONTES-EAME.md,IT-T6-025,PROMOVIDA,
UNIBA DiSSPA — Dipartimento di Scienze del Suolo della Pianta e degli Alimenti,CIENCIA,IT,https://www.uniba.it/it/ricerca/dipartimenti/disspa,JA_REGISTADA,o atlas ja tem ficha para este endereco,docs/fontes/ATLAS-DE-FONTES-EAME.md,IT-T5-011,PROMOVIDA,
Andrea Lentini — registo cientifico ORCID (Università degli Studi di Sassari),CIENCIA,IT,https://orcid.org/0000-0003-2089-1026,JA_REGISTADA,o atlas ja tem ficha para este endereco,docs/fontes/ATLAS-DE-FONTES-EAME.md,IT-T6-001,PROMOVIDA,
Aparna S Balan — registo cientifico ORCID (University of Palermo),CIENCIA,IT,https://orcid.org/0009-0001-5306-0125,JA_REGISTADA,o atlas ja tem ficha para este endereco,docs/fontes/ATLAS-DE-FONTES-EAME.md,IT-T6-007,PROMOVIDA,
ROBERTO RIZZO — registo cientifico ORCID (CREA - Research Centre for Plant Protection and Certification),CIENCIA,IT,https://orcid.org/0000-0003-1628-643X,JA_REGISTADA,o atlas ja tem ficha para este endereco,docs/fontes/ATLAS-DE-FONTES-EAME.md,IT-T6-028,PROMOVIDA,
Roberta Maria Gravagno — registo cientifico ORCID (University of Catania),CIENCIA,IT,https://orcid.org/0009-0005-2447-3608,JA_REGISTADA,o atlas ja tem ficha para este endereco,docs/fontes/ATLAS-DE-FONTES-EAME.md,IT-T6-029,PROMOVIDA,
UNICT Di3A — Dipartimento di Agricoltura Alimentazione e Ambiente,CIENCIA,IT,https://www.di3a.unict.it/,EM_ANALISE,"prova de existencia, nao de entrega: dono PROVED_DIRECT; pais: SIM — dominio .it e conteudo em italiano; endereco responde HTTP 200; portao 7D = REVIEW (86/100). Falta o degrau que o atlas exige para virar ficha.","HTTP 200 · titulo: Dipartimento di Agricoltura, Alimentazione e Ambiente · data visivel: 2026-09-14 · ancora: titulo da pagina: Dipartimento di Agricoltura, Ali",,EM_ANALISE,"um item real da fonte, aberto e identificado como o atlas exige das 140 ja registadas: endereco proprio do item, tipo, titulo, HTTP, content-type, bytes e data visivel. A sonda de 14/09 leu o titulo da pagina de entrada e parou"
UNIPA SAAF — Dipartimento Scienze Agrarie Alimentari e Forestali,CIENCIA,IT,https://www.unipa.it/dipartimenti/saaf/,JA_REGISTADA,o atlas ja tem ficha para este endereco,docs/fontes/ATLAS-DE-FONTES-EAME.md,IT-T5-026,PROMOVIDA,
Advances in Horticultural Science,CIENCIA,IT,https://oaj.fupress.net/index.php/ahs,JA_REGISTADA,o atlas ja tem ficha para este endereco,docs/fontes/ATLAS-DE-FONTES-EAME.md,IT-T5-022,PROMOVIDA,
FLORE UNIFI — Archivio istituzionale della ricerca,CIENCIA,IT,https://flore.unifi.it/,JA_REGISTADA,o atlas ja tem ficha para este endereco,docs/fontes/ATLAS-DE-FONTES-EAME.md,IT-T5-017,PROMOVIDA,
Leonardo Caproni — registo cientifico ORCID (Scuola Superiore Sant'Anna),CIENCIA,IT,https://orcid.org/0000-0002-7129-8575,JA_REGISTADA,o atlas ja tem ficha para este endereco,docs/fontes/ATLAS-DE-FONTES-EAME.md,IT-T6-018,PROMOVIDA,
Marco Mancini — registo cientifico ORCID (University of Florence),CIENCIA,IT,https://orcid.org/0000-0002-1454-4995,JA_REGISTADA,o atlas ja tem ficha para este endereco,docs/fontes/ATLAS-DE-FONTES-EAME.md,IT-T6-023,PROMOVIDA,
Phytopathologia Mediterranea,CIENCIA,IT,https://oajournals.fupress.net/index.php/pm,EM_ANALISE,"prova de existencia, nao de entrega: dono PROVED_DIRECT; pais: SIM — dono italiano identificado na pagina; endereco responde HTTP 200; portao 7D = PASS (84/100). Falta o degrau que o atlas exige para virar ficha.",HTTP 200 · titulo: Phytopathologia Mediterranea · data visivel: 2025-05-09 · feed RSS declarado · ancora: titulo da pagina: Phytopathologia Mediterranea,,EM_ANALISE,"um item real da fonte, aberto e identificado como o atlas exige das 140 ja registadas: endereco proprio do item, tipo, titulo, HTTP, content-type, bytes e data visivel. A sonda de 14/09 leu o titulo da pagina de entrada e parou"
Roberto Ferrise — registo cientifico ORCID (University of Florence),CIENCIA,IT,https://orcid.org/0000-0001-8236-7823,JA_REGISTADA,o atlas ja tem ficha para este endereco,docs/fontes/ATLAS-DE-FONTES-EAME.md,IT-T6-031,PROMOVIDA,
Scuola Superiore Sant'Anna — Istituto di Scienze delle Produzioni Vegetali,CIENCIA,IT,https://www.santannapisa.it/it/istituto/produzioni-vegetali,JA_REGISTADA,o atlas ja tem ficha para este endereco,docs/fontes/ATLAS-DE-FONTES-EAME.md,IT-T5-025,PROMOVIDA,
UNIFI DAGRI — Dipartimento di Scienze e Tecnologie Agrarie Alimentari Ambientali e Forestali,CIENCIA,IT,https://www.dagri.unifi.it/,JA_REGISTADA,o atlas ja tem ficha para este endereco,docs/fontes/ATLAS-DE-FONTES-EAME.md,IT-T5-021,PROMOVIDA,
UNIPI DiSAAA-a — Dipartimento di Scienze Agrarie Alimentari e Agro-ambientali,CIENCIA,IT,https://www.agr.unipi.it/,JA_REGISTADA,o atlas ja tem ficha para este endereco,docs/fontes/ATLAS-DE-FONTES-EAME.md,IT-T5-012,PROMOVIDA,
Anna Aldrighetti — registo cientifico ORCID (University of Trento),CIENCIA,IT,https://orcid.org/0000-0002-9018-3343,JA_REGISTADA,o atlas ja tem ficha para este endereco,docs/fontes/ATLAS-DE-FONTES-EAME.md,IT-T6-003,PROMOVIDA,
Centro di Sperimentazione Laimburg,CIENCIA,IT,https://www.laimburg.it/,EM_ANALISE,"prova de existencia, nao de entrega: dono PROVED_DIRECT; pais: SIM — dominio .it e conteudo em italiano; endereco responde HTTP 200; portao 7D = PASS (88.90000000000001/100). Falta o degrau que o atlas exige para virar ficha.",HTTP 200 · titulo: Versuchszentrum Laimburg · ancora: titulo da pagina: Versuchszentrum Laimburg,,EM_ANALISE,"um item real da fonte, aberto e identificado como o atlas exige das 140 ja registadas: endereco proprio do item, tipo, titulo, HTTP, content-type, bytes e data visivel. A sonda de 14/09 leu o titulo da pagina de entrada e parou; frequencia de actualizacao, nunca medida"
Gerardo Puopolo — registo cientifico ORCID (University of Trento),CIENCIA,IT,https://orcid.org/0000-0002-4864-4396,JA_REGISTADA,o atlas ja tem ficha para este endereco,docs/fontes/ATLAS-DE-FONTES-EAME.md,IT-T6-014,PROMOVIDA,
Gianfranco ANFORA — registo cientifico ORCID (University of Trento),CIENCIA,IT,https://orcid.org/0000-0003-2545-1409,JA_REGISTADA,o atlas ja tem ficha para este endereco,docs/fontes/ATLAS-DE-FONTES-EAME.md,IT-T6-015,PROMOVIDA,
Libera Universita di Bolzano — Facolta di Scienze agrarie ambientali e alimentari,CIENCIA,IT,https://www.unibz.it/it/faculties/agricultural-environmental-food-sciences/,EM_ANALISE,"prova de existencia, nao de entrega: dono PROVED_DIRECT; pais: SIM — dominio .it e conteudo em italiano; endereco responde HTTP 200; portao 7D = PASS (91.09999999999999/100). Falta o degrau que o atlas exige para virar ficha.","HTTP 200 · titulo: Scienze agrarie, ambientali e alimentari / Libera Università · ancora: titulo da pagina: Scienze agrarie, ambientali e al",,EM_ANALISE,"um item real da fonte, aberto e identificado como o atlas exige das 140 ja registadas: endereco proprio do item, tipo, titulo, HTTP, content-type, bytes e data visivel. A sonda de 14/09 leu o titulo da pagina de entrada e parou; frequencia de actualizacao, nunca medida"
Paolo Grazieschi — registo cientifico ORCID (Fondazione Bruno Kessler),CIENCIA,IT,https://orcid.org/0009-0009-6027-471X,JA_REGISTADA,o atlas ja tem ficha para este endereco,docs/fontes/ATLAS-DE-FONTES-EAME.md,IT-T6-027,PROMOVIDA,
Emilio Balducci — registo cientifico ORCID (University of Perugia),CIENCIA,IT,https://orcid.org/0000-0002-8656-7870,JA_REGISTADA,o atlas ja tem ficha para este endereco,docs/fontes/ATLAS-DE-FONTES-EAME.md,IT-T6-012,PROMOVIDA,
UNIPG DSA3 — Dipartimento di Scienze Agrarie Alimentari e Ambientali,CIENCIA,IT,https://dsa3.unipg.it/,JA_REGISTADA,o atlas ja tem ficha para este endereco,docs/fontes/ATLAS-DE-FONTES-EAME.md,IT-T5-032,PROMOVIDA,
Dumitru Scutelnic — registo cientifico ORCID (University of Verona),CIENCIA,IT,https://orcid.org/0000-0001-6935-7540,JA_REGISTADA,o atlas ja tem ficha para este endereco,docs/fontes/ATLAS-DE-FONTES-EAME.md,IT-T6-011,PROMOVIDA,
Giulia Mandalà — registo cientifico ORCID (Verona University ),CIENCIA,IT,https://orcid.org/0000-0001-7697-8310,JA_REGISTADA,o atlas ja tem ficha para este endereco,docs/fontes/ATLAS-DE-FONTES-EAME.md,IT-T6-016,PROMOVIDA,
IRIS UNIPD — Archivio della ricerca,CIENCIA,IT,https://www.research.unipd.it/,JA_REGISTADA,o atlas ja tem ficha para este endereco,docs/fontes/ATLAS-DE-FONTES-EAME.md,IT-T5-019,PROMOVIDA,
Leonardo Cera — registo cientifico ORCID (University of Padua),CIENCIA,IT,https://orcid.org/0009-0005-6118-7432,JA_REGISTADA,o atlas ja tem ficha para este endereco,docs/fontes/ATLAS-DE-FONTES-EAME.md,IT-T6-019,PROMOVIDA,
Luca Mazzon — registo cientifico ORCID (Università degli Studi di Padova),CIENCIA,IT,https://orcid.org/0000-0002-8459-893X,JA_REGISTADA,o atlas ja tem ficha para este endereco,docs/fontes/ATLAS-DE-FONTES-EAME.md,IT-T6-022,PROMOVIDA,
UNIPD DAFNAE — Dipartimento di Agronomia Animali Alimenti Risorse Naturali e Ambiente,CIENCIA,IT,https://www.dafnae.unipd.it/,JA_REGISTADA,o atlas ja tem ficha para este endereco,docs/fontes/ATLAS-DE-FONTES-EAME.md,IT-T5-027,PROMOVIDA,
UNIVR Dipartimento di Biotecnologie,CIENCIA,IT,https://www.dbt.univr.it/,JA_REGISTADA,o atlas ja tem ficha para este endereco,docs/fontes/ATLAS-DE-FONTES-EAME.md,IT-T5-029,PROMOVIDA,
ARTA Abruzzo — Facebook ufficiale,FACEBOOK,IT,https://www.facebook.com/arpaabruzzo,EM_ANALISE,"prova de existencia, nao de entrega: dono PROVED_BY_OWNER_SITE; pais: SIM — declarado por dono italiano no proprio site; endereco responde HTTP 200; portao 7D = REVIEW (58.9/100). Falta o degrau que o atlas exige para virar ficha.",HTTP 200 · titulo: Facebook · ancora: titulo da pagina: Facebook,,EM_ANALISE,"um item real da fonte, aberto e identificado como o atlas exige das 140 ja registadas: endereco proprio do item, tipo, titulo, HTTP, content-type, bytes e data visivel. A sonda de 14/09 leu o titulo da pagina de entrada e parou; frequencia de actualizacao, nunca medida"
Consorzio Tutela Vini d'Abruzzo — Facebook ufficiale,FACEBOOK,IT,https://www.facebook.com/vinidabruzzo,EM_ANALISE,"RECUSA ANTERIOR REVOGADA. Estava escrito «sem utilidade agricola identificavel para o SINTONIA», e a prova citada nao sustenta isso: o titulo lido era o nome da plataforma, nao o da fonte. O atlas proibe converter «nao consegui verificar» em recusa.",qualificacao 2026-09-14 REJECT · sonda diz VALIDATION_RESULT=PASS · FLAGS=PLATFORM_GENERIC_TITLE,,EM_ANALISE,"uma leitura que atravesse a plataforma, ou um exemplo real da propria fonte. Enderecos estaveis conhecidos: https://www.facebook.com/vinidabruzzo"
ARSAC Calabria — Azienda Regionale per lo Sviluppo dell'Agricoltura Calabrese — Facebook ufficiale,FACEBOOK,IT,https://www.facebook.com/ArsacRegioneCalabria,EM_ANALISE,"prova de existencia, nao de entrega: dono PROVED_BY_OWNER_SITE; pais: SIM — declarado por dono italiano no proprio site; endereco responde HTTP 200; portao 7D = REVIEW (58.9/100). Falta o degrau que o atlas exige para virar ficha.",HTTP 200 · titulo: Facebook · ancora: titulo da pagina: Facebook,,EM_ANALISE,"um item real da fonte, aberto e identificado como o atlas exige das 140 ja registadas: endereco proprio do item, tipo, titulo, HTTP, content-type, bytes e data visivel. A sonda de 14/09 leu o titulo da pagina de entrada e parou; frequencia de actualizacao, nunca medida"
CRPV — Centro Ricerche Produzioni Vegetali — Facebook ufficiale,FACEBOOK,IT,https://www.facebook.com/rinovaeducazionecomunicazione,EM_ANALISE,"prova de existencia, nao de entrega: dono PROVED_BY_OWNER_SITE; pais: SIM — declarado por dono italiano no proprio site; endereco responde HTTP 200; portao 7D = REVIEW (57.8/100). Falta o degrau que o atlas exige para virar ficha.",HTTP 200 · titulo: Facebook · ancora: titulo da pagina: Facebook,,EM_ANALISE,"um item real da fonte, aberto e identificado como o atlas exige das 140 ja registadas: endereco proprio do item, tipo, titulo, HTTP, content-type, bytes e data visivel. A sonda de 14/09 leu o titulo da pagina de entrada e parou; frequencia de actualizacao, nunca medida"
Caviro — Facebook ufficiale,FACEBOOK,IT,https://www.facebook.com/GruppoCaviro,EM_ANALISE,"RECUSA ANTERIOR REVOGADA. Estava escrito «sem utilidade agricola identificavel para o SINTONIA», e a prova citada nao sustenta isso: o titulo lido era o nome da plataforma, nao o da fonte. O atlas proibe converter «nao consegui verificar» em recusa.",qualificacao 2026-09-14 REJECT · sonda diz VALIDATION_RESULT=PASS · FLAGS=PLATFORM_GENERIC_TITLE,,EM_ANALISE,"uma leitura que atravesse a plataforma, ou um exemplo real da propria fonte. Enderecos estaveis conhecidos: https://www.facebook.com/GruppoCaviro"
Cifo — Facebook ufficiale,FACEBOOK,IT,https://www.facebook.com/Cifo1965,EM_ANALISE,"prova de existencia, nao de entrega: dono PROVED_BY_OWNER_SITE; pais: SIM — declarado por dono italiano no proprio site; endereco responde HTTP 200; portao 7D = REVIEW (48.9/100). Falta o degrau que o atlas exige para virar ficha.",HTTP 200 · titulo: Facebook · ancora: titulo da pagina: Facebook,,EM_ANALISE,"um item real da fonte, aberto e identificado como o atlas exige das 140 ja registadas: endereco proprio do item, tipo, titulo, HTTP, content-type, bytes e data visivel. A sonda de 14/09 leu o titulo da pagina de entrada e parou; frequencia de actualizacao, nunca medida"
ARPA Lazio — Facebook ufficiale,FACEBOOK,IT,https://www.facebook.com/arpalazio,EM_ANALISE,"RECUSA ANTERIOR REVOGADA. Estava escrito «endereco nao serve a fonte (morto, soft-404 ou reaproveitado)», e a prova citada nao sustenta isso: o titulo lido era o nome da plataforma, nao o da fonte. O atlas proibe converter «nao consegui verificar» em recusa.",qualificacao 2026-09-14 REJECT · sonda diz VALIDATION_RESULT=PASS · FLAGS=PLATFORM_GENERIC_TITLE,,EM_ANALISE,"uma leitura que atravesse a plataforma, ou um exemplo real da propria fonte. Enderecos estaveis conhecidos: https://www.facebook.com/arpalazio"
ARSIAL — Agenzia Regionale Sviluppo Innovazione Agricoltura Lazio — Facebook ufficiale,FACEBOOK,IT,https://www.facebook.com/ARSIALregionelazio,EM_ANALISE,"prova de existencia, nao de entrega: dono PROVED_BY_OWNER_SITE; pais: SIM — declarado por dono italiano no proprio site; endereco responde HTTP 200; portao 7D = REVIEW (58.9/100). Falta o degrau que o atlas exige para virar ficha.",HTTP 200 · titulo: Facebook · ancora: titulo da pagina: Facebook,,EM_ANALISE,"um item real da fonte, aberto e identificado como o atlas exige das 140 ja registadas: endereco proprio do item, tipo, titulo, HTTP, content-type, bytes e data visivel. A sonda de 14/09 leu o titulo da pagina de entrada e parou; frequencia de actualizacao, nunca medida"
ARPA Liguria — Facebook ufficiale,FACEBOOK,IT,https://www.facebook.com/ArpaLiguria,EM_ANALISE,"prova de existencia, nao de entrega: dono PROVED_BY_OWNER_SITE; pais: SIM — declarado por dono italiano no proprio site; endereco responde HTTP 200; portao 7D = REVIEW (58.9/100). Falta o degrau que o atlas exige para virar ficha.",HTTP 200 · titulo: Facebook · ancora: titulo da pagina: Facebook,,EM_ANALISE,"um item real da fonte, aberto e identificado como o atlas exige das 140 ja registadas: endereco proprio do item, tipo, titulo, HTTP, content-type, bytes e data visivel. A sonda de 14/09 leu o titulo da pagina de entrada e parou; frequencia de actualizacao, nunca medida"
Agriligurianet — Regione Liguria agricoltura — Facebook ufficiale,FACEBOOK,IT,https://www.facebook.com/agriligurianet,EM_ANALISE,"prova de existencia, nao de entrega: dono PROVED_BY_OWNER_SITE; pais: SIM — declarado por dono italiano no proprio site; endereco responde HTTP 200; portao 7D = REVIEW (58.9/100). Falta o degrau que o atlas exige para virar ficha.",HTTP 200 · titulo: Facebook · ancora: titulo da pagina: Facebook,,EM_ANALISE,"um item real da fonte, aberto e identificado como o atlas exige das 140 ja registadas: endereco proprio do item, tipo, titulo, HTTP, content-type, bytes e data visivel. A sonda de 14/09 leu o titulo da pagina de entrada e parou; frequencia de actualizacao, nunca medida"
Confagricoltura Lombardia — Facebook ufficiale,FACEBOOK,IT,https://www.facebook.com/lombardiaconfagricoltura,EM_ANALISE,"prova de existencia, nao de entrega: dono PROVED_BY_OWNER_SITE; pais: SIM — declarado por dono italiano no proprio site; endereco responde HTTP 200; portao 7D = REVIEW (45.6/100). Falta o degrau que o atlas exige para virar ficha.",HTTP 200 · titulo: Facebook · ancora: titulo da pagina: Facebook,,EM_ANALISE,"um item real da fonte, aberto e identificado como o atlas exige das 140 ja registadas: endereco proprio do item, tipo, titulo, HTTP, content-type, bytes e data visivel. A sonda de 14/09 leu o titulo da pagina de entrada e parou; frequencia de actualizacao, nunca medida"
Agroinnova — Centro di Competenza per l'Innovazione in campo agro-ambientale — Facebook ufficiale,FACEBOOK,IT,https://www.facebook.com/unito.it,EM_ANALISE,"prova de existencia, nao de entrega: dono PROVED_BY_OWNER_SITE; pais: SIM — declarado por dono italiano no proprio site; endereco responde HTTP 200; portao 7D = REVIEW (53.3/100). Falta o degrau que o atlas exige para virar ficha.",HTTP 200 · titulo: Facebook · ancora: titulo da pagina: Facebook,,EM_ANALISE,"um item real da fonte, aberto e identificado como o atlas exige das 140 ja registadas: endereco proprio do item, tipo, titulo, HTTP, content-type, bytes e data visivel. A sonda de 14/09 leu o titulo da pagina de entrada e parou; frequencia de actualizacao, nunca medida"
Agrilevante — Facebook ufficiale,FACEBOOK,IT,https://www.facebook.com/Agrilevante,EM_ANALISE,"RECUSA ANTERIOR REVOGADA. Estava escrito «sem utilidade agricola identificavel para o SINTONIA», e a prova citada nao sustenta isso: o titulo lido era o nome da plataforma, nao o da fonte. O atlas proibe converter «nao consegui verificar» em recusa.",qualificacao 2026-09-14 REJECT · sonda diz VALIDATION_RESULT=PASS · FLAGS=PLATFORM_GENERIC_TITLE,,EM_ANALISE,"uma leitura que atravesse a plataforma, ou um exemplo real da propria fonte. Enderecos estaveis conhecidos: https://www.facebook.com/Agrilevante"
Consorzio Tutela Pecorino Romano — Facebook ufficiale,FACEBOOK,IT,https://www.facebook.com/ConsorzioPecorinoRomanoDOP,EM_ANALISE,"RECUSA ANTERIOR REVOGADA. Estava escrito «sem utilidade agricola identificavel para o SINTONIA», e a prova citada nao sustenta isso: o titulo lido era o nome da plataforma, nao o da fonte. O atlas proibe converter «nao consegui verificar» em recusa.",qualificacao 2026-09-14 REJECT · sonda diz VALIDATION_RESULT=PASS · FLAGS=PLATFORM_GENERIC_TITLE,,EM_ANALISE,"uma leitura que atravesse a plataforma, ou um exemplo real da propria fonte. Enderecos estaveis conhecidos: https://www.facebook.com/ConsorzioPecorinoRomanoDOP"
CIA Toscana — Facebook ufficiale,FACEBOOK,IT,https://www.facebook.com/ciatoscana,EM_ANALISE,"prova de existencia, nao de entrega: dono PROVED_BY_OWNER_SITE; pais: SIM — declarado por dono italiano no proprio site; endereco responde HTTP 200; portao 7D = REVIEW (45.6/100). Falta o degrau que o atlas exige para virar ficha.",HTTP 200 · titulo: Facebook · ancora: titulo da pagina: Facebook,,EM_ANALISE,"um item real da fonte, aberto e identificado como o atlas exige das 140 ja registadas: endereco proprio do item, tipo, titulo, HTTP, content-type, bytes e data visivel. A sonda de 14/09 leu o titulo da pagina de entrada e parou; frequencia de actualizacao, nunca medida"
Consorzio Vino Chianti Classico — Facebook ufficiale,FACEBOOK,IT,https://www.facebook.com/chianticlassico.it,EM_ANALISE,"RECUSA ANTERIOR REVOGADA. Estava escrito «sem utilidade agricola identificavel para o SINTONIA», e a prova citada nao sustenta isso: o titulo lido era o nome da plataforma, nao o da fonte. O atlas proibe converter «nao consegui verificar» em recusa.",qualificacao 2026-09-14 REJECT · sonda diz VALIDATION_RESULT=PASS · FLAGS=PLATFORM_GENERIC_TITLE,,EM_ANALISE,"uma leitura que atravesse a plataforma, ou um exemplo real da propria fonte. Enderecos estaveis conhecidos: https://www.facebook.com/chianticlassico.it"
APPA Trento — Agenzia provinciale protezione ambiente — Facebook ufficiale,FACEBOOK,IT,https://www.facebook.com/provincia.autonoma.trento,EM_ANALISE,"prova de existencia, nao de entrega: dono PROVED_BY_OWNER_SITE; pais: SIM — declarado por dono italiano no proprio site; endereco responde HTTP 200; portao 7D = REVIEW (58.9/100). Falta o degrau que o atlas exige para virar ficha.",HTTP 200 · titulo: Facebook · ancora: titulo da pagina: Facebook,,EM_ANALISE,"um item real da fonte, aberto e identificado como o atlas exige das 140 ja registadas: endereco proprio do item, tipo, titulo, HTTP, content-type, bytes e data visivel. A sonda de 14/09 leu o titulo da pagina de entrada e parou; frequencia de actualizacao, nunca medida"
Agriumbria — Facebook ufficiale,FACEBOOK,IT,https://www.facebook.com/agriumbria,EM_ANALISE,"RECUSA ANTERIOR REVOGADA. Estava escrito «sem utilidade agricola identificavel para o SINTONIA», e a prova citada nao sustenta isso: o titulo lido era o nome da plataforma, nao o da fonte. O atlas proibe converter «nao consegui verificar» em recusa.",qualificacao 2026-09-14 REJECT · sonda diz VALIDATION_RESULT=PASS · FLAGS=PLATFORM_GENERIC_TITLE,,EM_ANALISE,"uma leitura que atravesse a plataforma, ou um exemplo real da propria fonte. Enderecos estaveis conhecidos: https://www.facebook.com/agriumbria"
Consorzio Tutela Prosecco DOC — Facebook ufficiale,FACEBOOK,IT,https://www.facebook.com/ConeglianoValdobbiadeneProseccoDOCG,EM_ANALISE,"RECUSA ANTERIOR REVOGADA. Estava escrito «sem utilidade agricola identificavel para o SINTONIA», e a prova citada nao sustenta isso: o titulo lido era o nome da plataforma, nao o da fonte. O atlas proibe converter «nao consegui verificar» em recusa.",qualificacao 2026-09-14 REJECT · sonda diz VALIDATION_RESULT=PASS · FLAGS=PLATFORM_GENERIC_TITLE,,EM_ANALISE,"uma leitura que atravesse a plataforma, ou um exemplo real da propria fonte. Enderecos estaveis conhecidos: https://www.facebook.com/ConeglianoValdobbiadeneProseccoDOCG"
Consorzio Tutela Vini Valpolicella — Facebook ufficiale,FACEBOOK,IT,https://www.facebook.com/valpolicella.wines,EM_ANALISE,"RECUSA ANTERIOR REVOGADA. Estava escrito «sem utilidade agricola identificavel para o SINTONIA», e a prova citada nao sustenta isso: o titulo lido era o nome da plataforma, nao o da fonte. O atlas proibe converter «nao consegui verificar» em recusa.",qualificacao 2026-09-14 REJECT · sonda diz VALIDATION_RESULT=PASS · FLAGS=PLATFORM_GENERIC_TITLE,,EM_ANALISE,"uma leitura que atravesse a plataforma, ou um exemplo real da propria fonte. Enderecos estaveis conhecidos: https://www.facebook.com/valpolicella.wines"
AgroNotizie — Image Line,IMPRENSA,IT,https://agronotizie.imagelinenetwork.com/,JA_REGISTADA,o atlas ja tem ficha para este endereco,docs/fontes/ATLAS-DE-FONTES-EAME.md,IT-T1-021,PROMOVIDA,
Italiafruit News,IMPRENSA,IT,https://www.italiafruit.net/,EM_ANALISE,"prova de existencia, nao de entrega: dono PROVED_DIRECT; pais: SIM — dono italiano identificado na pagina; endereco responde HTTP 200; portao 7D = PASS (70/100). Falta o degrau que o atlas exige para virar ficha.",HTTP 200 · titulo: Italiafruit News · data visivel: 2026-09-11 · ancora: titulo da pagina: Italiafruit News,,EM_ANALISE,"um item real da fonte, aberto e identificado como o atlas exige das 140 ja registadas: endereco proprio do item, tipo, titulo, HTTP, content-type, bytes e data visivel. A sonda de 14/09 leu o titulo da pagina de entrada e parou"
Rivista di Frutticoltura e di Ortofloricoltura,IMPRENSA,IT,https://www.rivistafrutticoltura.it/,EM_ANALISE,"prova de existencia, nao de entrega: dono PROVED_DIRECT; pais: SIM — dominio .it e conteudo em italiano; endereco responde HTTP 200; portao 7D = REVIEW (80/100). Falta o degrau que o atlas exige para virar ficha.",HTTP 200 · titulo: Rivista di Frutticoltura e Ortofloricoltura · data visivel: 2014-03-05 · feed RSS declarado · ancora: titulo da pagina: Rivista di Frutticoltura e Ortof,,EM_ANALISE,"um item real da fonte, aberto e identificado como o atlas exige das 140 ja registadas: endereco proprio do item, tipo, titulo, HTTP, content-type, bytes e data visivel. A sonda de 14/09 leu o titulo da pagina de entrada e parou"
Terra e Vita — Edagricole,IMPRENSA,IT,https://terraevita.edagricole.it/,JA_REGISTADA,o atlas ja tem ficha para este endereco,docs/fontes/ATLAS-DE-FONTES-EAME.md,IT-T1-015,PROMOVIDA,
Agricoltura Moderna,IMPRENSA,IT,https://agricolturamoderna.it/,EM_ANALISE,"prova de existencia, nao de entrega: dono PROVED_DIRECT; pais: SIM — dominio .it e conteudo em italiano; endereco responde HTTP 200; portao 7D = REVIEW (80/100). Falta o degrau que o atlas exige para virar ficha.",HTTP 200 · titulo: Agricoltura Moderna · data visivel: 2026-05-15 · feed RSS declarado · ancora: titulo da pagina: Agricoltura Moderna,,EM_ANALISE,"um item real da fonte, aberto e identificado como o atlas exige das 140 ja registadas: endereco proprio do item, tipo, titulo, HTTP, content-type, bytes e data visivel. A sonda de 14/09 leu o titulo da pagina de entrada e parou"
Agrifoodtoday,IMPRENSA,IT,https://www.agrifoodtoday.it/,EM_ANALISE,"prova de existencia, nao de entrega: dono PROVED_DIRECT; pais: SIM — dominio .it e conteudo em italiano; endereco responde HTTP 200; portao 7D = PASS (66.7/100). Falta o degrau que o atlas exige para virar ficha.",HTTP 200 · titulo: AgriFoodToday - Ultime notizie agro-alimentari dall&#039;Eur · ancora: titulo da pagina: AgriFoodToday - Ultime notizie a,,EM_ANALISE,"um item real da fonte, aberto e identificado como o atlas exige das 140 ja registadas: endereco proprio do item, tipo, titulo, HTTP, content-type, bytes e data visivel. A sonda de 14/09 leu o titulo da pagina de entrada e parou; frequencia de actualizacao, nunca medida"
Agrisole — Il Sole 24 Ore,IMPRENSA,IT,https://www.ilsole24ore.com/,EM_ANALISE,"prova de existencia, nao de entrega: dono PROVED_DIRECT; pais: SIM — dono italiano identificado na pagina; endereco responde HTTP 200; portao 7D = PASS (92.2/100). Falta o degrau que o atlas exige para virar ficha.","HTTP 200 · titulo: Il Sole 24 Ore: notizie di economia, finanza, borsa, fisco,  · ancora: titulo da pagina: Il Sole 24 Ore: notizie di econo",,EM_ANALISE,"um item real da fonte, aberto e identificado como o atlas exige das 140 ja registadas: endereco proprio do item, tipo, titulo, HTTP, content-type, bytes e data visivel. A sonda de 14/09 leu o titulo da pagina de entrada e parou; frequencia de actualizacao, nunca medida"
Agrisole — quotidiano agricolo del Sole 24 Ore,IMPRENSA,IT,https://www.agrisole.ilsole24ore.com/,JA_REGISTADA,o atlas ja tem ficha para este endereco,docs/fontes/ATLAS-DE-FONTES-EAME.md,IT-T10-006,PROMOVIDA,
AgroNews / Terra e Gusto ANSA,IMPRENSA,IT,https://www.ansa.it/canale_terraegusto/,EM_ANALISE,"prova de existencia, nao de entrega: dono PROVED_DIRECT; pais: SIM — dominio .it e conteudo em italiano; endereco responde HTTP 200; portao 7D = PASS (73.3/100). Falta o degrau que o atlas exige para virar ficha.",HTTP 200 · titulo: Terra & Gusto: approfondimenti e speciali · ancora: titulo da pagina: Terra & Gusto: approfondimenti e,,EM_ANALISE,"um item real da fonte, aberto e identificado como o atlas exige das 140 ja registadas: endereco proprio do item, tipo, titulo, HTTP, content-type, bytes e data visivel. A sonda de 14/09 leu o titulo da pagina de entrada e parou; frequencia de actualizacao, nunca medida"
Agroalimentare News,IMPRENSA,IT,https://www.agroalimentarenews.com/,EM_ANALISE,"prova de existencia, nao de entrega: dono PROVED_DIRECT; pais: SIM — dono italiano identificado na pagina; endereco responde HTTP 200; portao 7D = PASS (72/100). Falta o degrau que o atlas exige para virar ficha.",HTTP 200 · titulo: Quotidiano online d&#039;informazione agricola ed agroalimen · feed RSS declarado · ancora: titulo da pagina: Quotidiano online d&#039;informa,,EM_ANALISE,"um item real da fonte, aberto e identificado como o atlas exige das 140 ja registadas: endereco proprio do item, tipo, titulo, HTTP, content-type, bytes e data visivel. A sonda de 14/09 leu o titulo da pagina de entrada e parou"
FreshPlaza Italia,IMPRENSA,IT,https://www.freshplaza.it/,EM_ANALISE,"prova de existencia, nao de entrega: dono PROVED_DIRECT; pais: SIM — dominio .it e conteudo em italiano; endereco responde HTTP 200; portao 7D = PASS (71.09999999999999/100). Falta o degrau que o atlas exige para virar ficha.",HTTP 200 · titulo: FreshPlaza: Notiziario Internazionale Ortofrutta e Banane · ancora: titulo da pagina: FreshPlaza: Notiziario Internazi,,EM_ANALISE,"um item real da fonte, aberto e identificado como o atlas exige das 140 ja registadas: endereco proprio do item, tipo, titulo, HTTP, content-type, bytes e data visivel. A sonda de 14/09 leu o titulo da pagina de entrada e parou; frequencia de actualizacao, nunca medida"
Il Corriere Vinicolo,IMPRENSA,IT,https://www.corrierevinicolo.com/,EM_ANALISE,"prova de existencia, nao de entrega: dono PROVED_DIRECT; pais: SIM — dono italiano identificado na pagina; endereco responde HTTP 200; portao 7D = REVIEW (62.2/100). Falta o degrau que o atlas exige para virar ficha.",HTTP 200 · titulo: Il corriere vinicolo | Unione Italiana Vini · ancora: titulo da pagina: Il corriere vinicolo | Unione It,,EM_ANALISE,"um item real da fonte, aberto e identificado como o atlas exige das 140 ja registadas: endereco proprio do item, tipo, titulo, HTTP, content-type, bytes e data visivel. A sonda de 14/09 leu o titulo da pagina de entrada e parou; frequencia de actualizacao, nunca medida; endereco por reconciliar (https://www.corrierevinicolo.com/ -> https://www.unioneitalianavini.it/il-corriere-vinicolo)"
Il Fatto Alimentare,IMPRENSA,IT,https://www.ilfattoalimentare.it/,EM_ANALISE,"prova de existencia, nao de entrega: dono PROVED_DIRECT; pais: SIM — dominio .it e conteudo em italiano; endereco responde HTTP 200; portao 7D = PASS (68/100). Falta o degrau que o atlas exige para virar ficha.",HTTP 200 · titulo: Il Fatto Alimentare · data visivel: 2023-01-31 · feed RSS declarado · ancora: titulo da pagina: Il Fatto Alimentare,,EM_ANALISE,"um item real da fonte, aberto e identificado como o atlas exige das 140 ja registadas: endereco proprio do item, tipo, titulo, HTTP, content-type, bytes e data visivel. A sonda de 14/09 leu o titulo da pagina de entrada e parou"
Mangimi & Alimenti,IMPRENSA,IT,https://www.mangimiealimenti.it/,EM_ANALISE,"prova de existencia, nao de entrega: dono PROVED_DIRECT; pais: SIM — dominio .it e conteudo em italiano; endereco responde HTTP 200; portao 7D = PASS (72/100). Falta o degrau que o atlas exige para virar ficha.",HTTP 200 · titulo: Home - Mangimi &amp; Alimenti · data visivel: 2026-04-06 · feed RSS declarado · ancora: titulo da pagina: Home - Mangimi &amp; Alimenti,,EM_ANALISE,"um item real da fonte, aberto e identificado como o atlas exige das 140 ja registadas: endereco proprio do item, tipo, titulo, HTTP, content-type, bytes e data visivel. A sonda de 14/09 leu o titulo da pagina de entrada e parou"
Myfruit.it,IMPRENSA,IT,https://www.myfruit.it/,EM_ANALISE,"prova de existencia, nao de entrega: dono PROVED_DIRECT; pais: SIM — dominio .it e conteudo em italiano; endereco responde HTTP 200; portao 7D = PASS (74/100). Falta o degrau que o atlas exige para virar ficha.",HTTP 200 · titulo: Il web magazine dell&#039;ortofrutta | Myfruit · data visivel: 2026-09-14 · ancora: titulo da pagina: Il web magazine dell&#039;ortofr,,EM_ANALISE,"um item real da fonte, aberto e identificado como o atlas exige das 140 ja registadas: endereco proprio do item, tipo, titulo, HTTP, content-type, bytes e data visivel. A sonda de 14/09 leu o titulo da pagina de entrada e parou"
Noi Siamo Agricoltura — sito,IMPRENSA,IT,https://www.noisiamoagricoltura.com/,EM_ANALISE,"prova de existencia, nao de entrega: dono PROVED_DIRECT; pais: SIM — dono italiano identificado na pagina; endereco responde HTTP 200; portao 7D = PASS (76/100). Falta o degrau que o atlas exige para virar ficha.",HTTP 200 · titulo: Noi Siamo Agricoltura - La Più Grande Social Community di Ag · data visivel: 2026-09-12 · feed RSS declarado · ancora: titulo da pagina: Noi Siamo Agricoltura - La Più G,,EM_ANALISE,"um item real da fonte, aberto e identificado como o atlas exige das 140 ja registadas: endereco proprio do item, tipo, titulo, HTTP, content-type, bytes e data visivel. A sonda de 14/09 leu o titulo da pagina de entrada e parou"
Olio Officina,IMPRENSA,IT,https://www.olioofficina.it/,EM_ANALISE,"prova de existencia, nao de entrega: dono PROVED_DIRECT; pais: SIM — dominio .it e conteudo em italiano; endereco responde HTTP 200; portao 7D = PASS (76/100). Falta o degrau que o atlas exige para virar ficha.",HTTP 200 · titulo: Olio Officina Magazine - Condimenti per il palato & la mente · data visivel: 2026-09-11 · ancora: titulo da pagina: Olio Officina Magazine - Condime,,EM_ANALISE,"um item real da fonte, aberto e identificado como o atlas exige das 140 ja registadas: endereco proprio do item, tipo, titulo, HTTP, content-type, bytes e data visivel. A sonda de 14/09 leu o titulo da pagina de entrada e parou"
Olivo e Olio — Edagricole,IMPRENSA,IT,https://olivoeolio.edagricole.it/,JA_REGISTADA,o atlas ja tem ficha para este endereco,docs/fontes/ATLAS-DE-FONTES-EAME.md,IT-T1-017,PROMOVIDA,
OlivoNews — giornale di olivicoltura,IMPRENSA,IT,https://www.olivonews.it/,JA_REGISTADA,o atlas ja tem ficha para este endereco,docs/fontes/ATLAS-DE-FONTES-EAME.md,IT-T1-022,PROMOVIDA,
Pianeta PSR,IMPRENSA,IT,https://www.pianetapsr.it/,EM_ANALISE,"prova de existencia, nao de entrega: dono PROVED_DIRECT; pais: SIM — dominio .it e conteudo em italiano; endereco responde HTTP 200; portao 7D = PASS (91/100). Falta o degrau que o atlas exige para virar ficha.",HTTP 200 · titulo: Pianeta PSR - PianetaPSR.it | Il giornale dello Sviluppo Rur · data visivel: 2026-06-18 · ancora: titulo da pagina: Pianeta PSR - PianetaPSR.it | Il,,EM_ANALISE,"um item real da fonte, aberto e identificado como o atlas exige das 140 ja registadas: endereco proprio do item, tipo, titulo, HTTP, content-type, bytes e data visivel. A sonda de 14/09 leu o titulo da pagina de entrada e parou"
Rivista di Agraria,IMPRENSA,IT,https://www.rivistadiagraria.org/,JA_REGISTADA,o atlas ja tem ficha para este endereco,docs/fontes/ATLAS-DE-FONTES-EAME.md,IT-T1-018,PROMOVIDA,
Ruminantia — web magazine dei ruminanti,IMPRENSA,IT,https://www.ruminantia.it/,JA_REGISTADA,o atlas ja tem ficha para este endereco,docs/fontes/ATLAS-DE-FONTES-EAME.md,IT-T10-011,PROMOVIDA,
Teatro Naturale,IMPRENSA,IT,https://www.teatronaturale.it/,EM_ANALISE,"prova de existencia, nao de entrega: dono PROVED_BY_DOMAIN; pais: SIM — dominio .it e conteudo em italiano; endereco responde HTTP 200; portao 7D = PASS (84/100). Falta o degrau que o atlas exige para virar ficha.","HTTP 200 · titulo: Agricoltura Biologica, Prodotti Naturali, Mangiare sano - Te · feed RSS declarado · ancora: titulo da pagina: Agricoltura Biologica, Prodotti ",,EM_ANALISE,"um item real da fonte, aberto e identificado como o atlas exige das 140 ja registadas: endereco proprio do item, tipo, titulo, HTTP, content-type, bytes e data visivel. A sonda de 14/09 leu o titulo da pagina de entrada e parou"
Agrisicilia,IMPRENSA,IT,https://www.agrisicilia.it/,EM_ANALISE,"prova de existencia, nao de entrega: dono PROVED_DIRECT; pais: SIM — dominio .it e conteudo em italiano; endereco responde HTTP 200; portao 7D = PASS (92.2/100). Falta o degrau que o atlas exige para virar ficha.",HTTP 200 · titulo: Agrisicilia · ancora: titulo da pagina: Agrisicilia,,EM_ANALISE,"um item real da fonte, aberto e identificado como o atlas exige das 140 ja registadas: endereco proprio do item, tipo, titulo, HTTP, content-type, bytes e data visivel. A sonda de 14/09 leu o titulo da pagina de entrada e parou; frequencia de actualizacao, nunca medida"
Georgofili INFO — notiziario,IMPRENSA,IT,https://www.georgofili.info/,JA_REGISTADA,o atlas ja tem ficha para este endereco,docs/fontes/ATLAS-DE-FONTES-EAME.md,IT-T5-035,PROMOVIDA,
WineNews,IMPRENSA,IT,https://winenews.it/,EM_ANALISE,"prova de existencia, nao de entrega: dono PROVED_DIRECT; pais: SIM — dominio .it e conteudo em italiano; endereco responde HTTP 200; portao 7D = PASS (72/100). Falta o degrau que o atlas exige para virar ficha.",HTTP 200 · titulo: WineNews: The Pocket Wine Web Site in Italy · data visivel: 2026-09-14 · ancora: titulo da pagina: WineNews: The Pocket Wine Web Si,,EM_ANALISE,"um item real da fonte, aberto e identificado como o atlas exige das 140 ja registadas: endereco proprio do item, tipo, titulo, HTTP, content-type, bytes e data visivel. A sonda de 14/09 leu o titulo da pagina de entrada e parou"
Zootecnica International,IMPRENSA,IT,https://www.zootecnicainternational.com/,EM_ANALISE,"prova de existencia, nao de entrega: dono PROVED_DIRECT; pais: SIM — dono italiano identificado na pagina; endereco responde HTTP 200; portao 7D = PASS (72/100). Falta o degrau que o atlas exige para virar ficha.",HTTP 200 · titulo: Homepage - Zootecnica | Poultry Magazine · feed RSS declarado · ancora: titulo da pagina: Homepage - Zootecnica | Poultry ,,EM_ANALISE,"um item real da fonte, aberto e identificado como o atlas exige das 140 ja registadas: endereco proprio do item, tipo, titulo, HTTP, content-type, bytes e data visivel. A sonda de 14/09 leu o titulo da pagina de entrada e parou"
Consorzio Tutela Vini d'Abruzzo — Instagram ufficiale,INSTAGRAM,IT,https://www.instagram.com/vinidabruzzo,EM_ANALISE,"RECUSA ANTERIOR REVOGADA. Estava escrito «sem utilidade agricola identificavel para o SINTONIA», e a prova citada nao sustenta isso: HTTP 429 nao entrega corpo legivel; THIN_BODY: veio corpo, e vazio de conteudo. O atlas proibe converter «nao consegui verificar» em recusa.","qualificacao 2026-09-14 REJECT · sonda diz VALIDATION_RESULT=PASS · FLAGS=HTTP_429,THIN_BODY",,EM_ANALISE,"uma leitura que atravesse a plataforma, ou um exemplo real da propria fonte. Enderecos estaveis conhecidos: https://www.instagram.com/vinidabruzzo"
CRPV — Centro Ricerche Produzioni Vegetali — Instagram ufficiale,INSTAGRAM,IT,https://www.instagram.com/ri.nova.soc.coop,EM_ANALISE,"prova de existencia, nao de entrega: dono PROVED_BY_OWNER_SITE; pais: SIM — declarado por dono italiano no proprio site; endereco responde HTTP 429; portao 7D = REVIEW (57.8/100). Falta o degrau que o atlas exige para virar ficha.",HTTP 429 · ancora: titulo da pagina: ,,EM_ANALISE,"um item real da fonte, aberto e identificado como o atlas exige das 140 ja registadas: endereco proprio do item, tipo, titulo, HTTP, content-type, bytes e data visivel. A sonda de 14/09 leu o titulo da pagina de entrada e parou; frequencia de actualizacao, nunca medida"
Caviro — Instagram ufficiale,INSTAGRAM,IT,https://www.instagram.com/gruppocaviro,EM_ANALISE,"RECUSA ANTERIOR REVOGADA. Estava escrito «sem utilidade agricola identificavel para o SINTONIA», e a prova citada nao sustenta isso: HTTP 429 nao entrega corpo legivel; o titulo lido era o nome da plataforma, nao o da fonte. O atlas proibe converter «nao consegui verificar» em recusa.",qualificacao 2026-09-14 REJECT · sonda diz VALIDATION_RESULT=PASS · FLAGS=PLATFORM_GENERIC_TITLE,,EM_ANALISE,"uma leitura que atravesse a plataforma, ou um exemplo real da propria fonte. Enderecos estaveis conhecidos: https://www.instagram.com/gruppocaviro"
Cifo — Instagram ufficiale,INSTAGRAM,IT,https://www.instagram.com/cifo_giardinaggio,EM_ANALISE,"prova de existencia, nao de entrega: dono PROVED_BY_OWNER_SITE; pais: SIM — declarado por dono italiano no proprio site; endereco responde HTTP 429; portao 7D = REVIEW (48.9/100). Falta o degrau que o atlas exige para virar ficha.",HTTP 429 · ancora: titulo da pagina: ,,EM_ANALISE,"um item real da fonte, aberto e identificado como o atlas exige das 140 ja registadas: endereco proprio do item, tipo, titulo, HTTP, content-type, bytes e data visivel. A sonda de 14/09 leu o titulo da pagina de entrada e parou; frequencia de actualizacao, nunca medida"
Consorzio di Tutela dell'Aceto Balsamico di Modena — Instagram ufficiale,INSTAGRAM,IT,https://www.instagram.com/acetobalsamicomodena,EM_ANALISE,"RECUSA ANTERIOR REVOGADA. Estava escrito «sem utilidade agricola identificavel para o SINTONIA», e a prova citada nao sustenta isso: HTTP 429 nao entrega corpo legivel; THIN_BODY: veio corpo, e vazio de conteudo. O atlas proibe converter «nao consegui verificar» em recusa.","qualificacao 2026-09-14 REJECT · sonda diz VALIDATION_RESULT=PASS · FLAGS=HTTP_429,THIN_BODY",,EM_ANALISE,"uma leitura que atravesse a plataforma, ou um exemplo real da propria fonte. Enderecos estaveis conhecidos: https://www.instagram.com/acetobalsamicomodena"
ERSA FVG — Agenzia regionale per lo sviluppo rurale — Instagram ufficiale,INSTAGRAM,IT,https://www.instagram.com/ersa_fvg_informa,EM_ANALISE,"prova de existencia, nao de entrega: dono PROVED_BY_OWNER_SITE; pais: SIM — declarado por dono italiano no proprio site; endereco responde HTTP 429; portao 7D = REVIEW (62.2/100). Falta o degrau que o atlas exige para virar ficha.",HTTP 429 · ancora: titulo da pagina: ,,EM_ANALISE,"um item real da fonte, aberto e identificado como o atlas exige das 140 ja registadas: endereco proprio do item, tipo, titulo, HTTP, content-type, bytes e data visivel. A sonda de 14/09 leu o titulo da pagina de entrada e parou; frequencia de actualizacao, nunca medida"
ARSIAL — Agenzia Regionale Sviluppo Innovazione Agricoltura Lazio — Instagram ufficiale,INSTAGRAM,IT,https://www.instagram.com/arsial.lazio,EM_ANALISE,"prova de existencia, nao de entrega: dono PROVED_BY_OWNER_SITE; pais: SIM — declarado por dono italiano no proprio site; endereco responde HTTP 429; portao 7D = REVIEW (58.9/100). Falta o degrau que o atlas exige para virar ficha.",HTTP 429 · ancora: titulo da pagina: ,,EM_ANALISE,"um item real da fonte, aberto e identificado como o atlas exige das 140 ja registadas: endereco proprio do item, tipo, titulo, HTTP, content-type, bytes e data visivel. A sonda de 14/09 leu o titulo da pagina de entrada e parou; frequencia de actualizacao, nunca medida"
ARPA Liguria — Instagram ufficiale,INSTAGRAM,IT,https://www.instagram.com/arpalagenzia,EM_ANALISE,"prova de existencia, nao de entrega: dono PROVED_BY_OWNER_SITE; pais: SIM — declarado por dono italiano no proprio site; endereco responde HTTP 429; portao 7D = REVIEW (58.9/100). Falta o degrau que o atlas exige para virar ficha.",HTTP 429 · ancora: titulo da pagina: ,,EM_ANALISE,"um item real da fonte, aberto e identificado como o atlas exige das 140 ja registadas: endereco proprio do item, tipo, titulo, HTTP, content-type, bytes e data visivel. A sonda de 14/09 leu o titulo da pagina de entrada e parou; frequencia de actualizacao, nunca medida"
ARPA Lombardia — Instagram ufficiale,INSTAGRAM,IT,https://www.instagram.com/arpa.lombardia,EM_ANALISE,"prova de existencia, nao de entrega: dono PROVED_BY_OWNER_SITE; pais: SIM — declarado por dono italiano no proprio site; endereco responde HTTP 429; portao 7D = REVIEW (58.9/100). Falta o degrau que o atlas exige para virar ficha.",HTTP 429 · ancora: titulo da pagina: ,,EM_ANALISE,"um item real da fonte, aberto e identificado como o atlas exige das 140 ja registadas: endereco proprio do item, tipo, titulo, HTTP, content-type, bytes e data visivel. A sonda de 14/09 leu o titulo da pagina de entrada e parou; frequencia de actualizacao, nunca medida"
Confagricoltura Lombardia — Instagram ufficiale,INSTAGRAM,IT,https://www.instagram.com/confagricoltura_lombardia,EM_ANALISE,"prova de existencia, nao de entrega: dono PROVED_BY_OWNER_SITE; pais: SIM — declarado por dono italiano no proprio site; endereco responde HTTP 429; portao 7D = REVIEW (45.6/100). Falta o degrau que o atlas exige para virar ficha.",HTTP 429 · ancora: titulo da pagina: ,,EM_ANALISE,"um item real da fonte, aberto e identificado como o atlas exige das 140 ja registadas: endereco proprio do item, tipo, titulo, HTTP, content-type, bytes e data visivel. A sonda de 14/09 leu o titulo da pagina de entrada e parou; frequencia de actualizacao, nunca medida"
Consorzio di Bonifica Est Ticino Villoresi — Instagram ufficiale,INSTAGRAM,IT,https://www.instagram.com/etvilloresi,EM_ANALISE,"RECUSA ANTERIOR REVOGADA. Estava escrito «sem utilidade agricola identificavel para o SINTONIA», e a prova citada nao sustenta isso: HTTP 429 nao entrega corpo legivel; THIN_BODY: veio corpo, e vazio de conteudo. O atlas proibe converter «nao consegui verificar» em recusa.","qualificacao 2026-09-14 REJECT · sonda diz VALIDATION_RESULT=PASS · FLAGS=HTTP_429,THIN_BODY",,EM_ANALISE,"uma leitura que atravesse a plataforma, ou um exemplo real da propria fonte. Enderecos estaveis conhecidos: https://www.instagram.com/etvilloresi"
Consorzio di Tutela del Grana Padano — Instagram ufficiale,INSTAGRAM,IT,https://www.instagram.com/granapadano,EM_ANALISE,"RECUSA ANTERIOR REVOGADA. Estava escrito «sem utilidade agricola identificavel para o SINTONIA», e a prova citada nao sustenta isso: HTTP 429 nao entrega corpo legivel; THIN_BODY: veio corpo, e vazio de conteudo. O atlas proibe converter «nao consegui verificar» em recusa.","qualificacao 2026-09-14 REJECT · sonda diz VALIDATION_RESULT=PASS · FLAGS=HTTP_429,THIN_BODY",,EM_ANALISE,"uma leitura que atravesse a plataforma, ou um exemplo real da propria fonte. Enderecos estaveis conhecidos: https://www.instagram.com/granapadano"
Fondazione Minoprio — Instagram ufficiale,INSTAGRAM,IT,https://www.instagram.com/fondminoprio,EM_ANALISE,"prova de existencia, nao de entrega: dono PROVED_BY_OWNER_SITE; pais: SIM — declarado por dono italiano no proprio site; endereco responde HTTP 429; portao 7D = REVIEW (57.8/100). Falta o degrau que o atlas exige para virar ficha.",HTTP 429 · ancora: titulo da pagina: ,,EM_ANALISE,"um item real da fonte, aberto e identificado como o atlas exige das 140 ja registadas: endereco proprio do item, tipo, titulo, HTTP, content-type, bytes e data visivel. A sonda de 14/09 leu o titulo da pagina de entrada e parou; frequencia de actualizacao, nunca medida"
ASSAM Marche — Agenzia Servizi Settore Agroalimentare delle Marche — Instagram ufficiale,INSTAGRAM,IT,https://www.instagram.com/amapmarche,EM_ANALISE,"prova de existencia, nao de entrega: dono PROVED_BY_OWNER_SITE; pais: SIM — declarado por dono italiano no proprio site; endereco responde HTTP 429; portao 7D = REVIEW (62.2/100). Falta o degrau que o atlas exige para virar ficha.",HTTP 429 · ancora: titulo da pagina: ,,EM_ANALISE,"um item real da fonte, aberto e identificado como o atlas exige das 140 ja registadas: endereco proprio do item, tipo, titulo, HTTP, content-type, bytes e data visivel. A sonda de 14/09 leu o titulo da pagina de entrada e parou; frequencia de actualizacao, nunca medida"
ARPA Piemonte — Instagram ufficiale,INSTAGRAM,IT,https://www.instagram.com/arpapiemonte,EM_ANALISE,"prova de existencia, nao de entrega: dono PROVED_BY_OWNER_SITE; pais: SIM — declarado por dono italiano no proprio site; endereco responde HTTP 429; portao 7D = REVIEW (58.9/100). Falta o degrau que o atlas exige para virar ficha.",HTTP 429 · ancora: titulo da pagina: ,,EM_ANALISE,"um item real da fonte, aberto e identificado como o atlas exige das 140 ja registadas: endereco proprio do item, tipo, titulo, HTTP, content-type, bytes e data visivel. A sonda de 14/09 leu o titulo da pagina de entrada e parou; frequencia de actualizacao, nunca medida"
Agrilevante — Instagram ufficiale,INSTAGRAM,IT,https://www.instagram.com/agrilevantebyeima,EM_ANALISE,"RECUSA ANTERIOR REVOGADA. Estava escrito «sem utilidade agricola identificavel para o SINTONIA», e a prova citada nao sustenta isso: HTTP 429 nao entrega corpo legivel; THIN_BODY: veio corpo, e vazio de conteudo. O atlas proibe converter «nao consegui verificar» em recusa.","qualificacao 2026-09-14 REJECT · sonda diz VALIDATION_RESULT=PASS · FLAGS=HTTP_429,THIN_BODY",,EM_ANALISE,"uma leitura que atravesse a plataforma, ou um exemplo real da propria fonte. Enderecos estaveis conhecidos: https://www.instagram.com/agrilevantebyeima"
Consorzio Tutela Pecorino Romano — Instagram ufficiale,INSTAGRAM,IT,https://www.instagram.com/consorziopecorinoromano,EM_ANALISE,"RECUSA ANTERIOR REVOGADA. Estava escrito «sem utilidade agricola identificavel para o SINTONIA», e a prova citada nao sustenta isso: HTTP 429 nao entrega corpo legivel; THIN_BODY: veio corpo, e vazio de conteudo. O atlas proibe converter «nao consegui verificar» em recusa.","qualificacao 2026-09-14 REJECT · sonda diz VALIDATION_RESULT=PASS · FLAGS=HTTP_429,THIN_BODY",,EM_ANALISE,"uma leitura que atravesse a plataforma, ou um exemplo real da propria fonte. Enderecos estaveis conhecidos: https://www.instagram.com/consorziopecorinoromano"
Consorzio di Tutela Arancia Rossa di Sicilia IGP — Instagram ufficiale,INSTAGRAM,IT,https://www.instagram.com/aranciarossaigp,EM_ANALISE,"RECUSA ANTERIOR REVOGADA. Estava escrito «sem utilidade agricola identificavel para o SINTONIA», e a prova citada nao sustenta isso: HTTP 429 nao entrega corpo legivel; THIN_BODY: veio corpo, e vazio de conteudo. O atlas proibe converter «nao consegui verificar» em recusa.","qualificacao 2026-09-14 REJECT · sonda diz VALIDATION_RESULT=PASS · FLAGS=HTTP_429,THIN_BODY",,EM_ANALISE,"uma leitura que atravesse a plataforma, ou um exemplo real da propria fonte. Enderecos estaveis conhecidos: https://www.instagram.com/aranciarossaigp"
Consorzio Vino Chianti Classico — Instagram ufficiale,INSTAGRAM,IT,https://www.instagram.com/chianticlassico,EM_ANALISE,"RECUSA ANTERIOR REVOGADA. Estava escrito «sem utilidade agricola identificavel para o SINTONIA», e a prova citada nao sustenta isso: HTTP 429 nao entrega corpo legivel; THIN_BODY: veio corpo, e vazio de conteudo. O atlas proibe converter «nao consegui verificar» em recusa.","qualificacao 2026-09-14 REJECT · sonda diz VALIDATION_RESULT=PASS · FLAGS=HTTP_429,THIN_BODY",,EM_ANALISE,"uma leitura que atravesse a plataforma, ou um exemplo real da propria fonte. Enderecos estaveis conhecidos: https://www.instagram.com/chianticlassico"
Consorzio del Vino Brunello di Montalcino — Instagram ufficiale,INSTAGRAM,IT,https://www.instagram.com/brunellodimontalcino,EM_ANALISE,"RECUSA ANTERIOR REVOGADA. Estava escrito «sem utilidade agricola identificavel para o SINTONIA», e a prova citada nao sustenta isso: HTTP 429 nao entrega corpo legivel; THIN_BODY: veio corpo, e vazio de conteudo. O atlas proibe converter «nao consegui verificar» em recusa.","qualificacao 2026-09-14 REJECT · sonda diz VALIDATION_RESULT=PASS · FLAGS=HTTP_429,THIN_BODY",,EM_ANALISE,"uma leitura que atravesse a plataforma, ou um exemplo real da propria fonte. Enderecos estaveis conhecidos: https://www.instagram.com/brunellodimontalcino"
APPA Trento — Agenzia provinciale protezione ambiente — Instagram ufficiale,INSTAGRAM,IT,https://www.instagram.com/provinciatrento,EM_ANALISE,"prova de existencia, nao de entrega: dono PROVED_BY_OWNER_SITE; pais: SIM — declarado por dono italiano no proprio site; endereco responde HTTP 429; portao 7D = REVIEW (58.9/100). Falta o degrau que o atlas exige para virar ficha.",HTTP 429 · ancora: titulo da pagina: ,,EM_ANALISE,"um item real da fonte, aberto e identificado como o atlas exige das 140 ja registadas: endereco proprio do item, tipo, titulo, HTTP, content-type, bytes e data visivel. A sonda de 14/09 leu o titulo da pagina de entrada e parou; frequencia de actualizacao, nunca medida"
ARPA Valle d'Aosta — Instagram ufficiale,INSTAGRAM,IT,https://www.instagram.com/arpavda,EM_ANALISE,"prova de existencia, nao de entrega: dono PROVED_BY_OWNER_SITE; pais: SIM — declarado por dono italiano no proprio site; endereco responde HTTP 429; portao 7D = REVIEW (58.9/100). Falta o degrau que o atlas exige para virar ficha.",HTTP 429 · ancora: titulo da pagina: ,,EM_ANALISE,"um item real da fonte, aberto e identificado como o atlas exige das 140 ja registadas: endereco proprio do item, tipo, titulo, HTTP, content-type, bytes e data visivel. A sonda de 14/09 leu o titulo da pagina de entrada e parou; frequencia de actualizacao, nunca medida"
Consorzio Tutela Prosecco DOC — Instagram ufficiale,INSTAGRAM,IT,https://www.instagram.com/coneglianovaldobbiadenedocg,EM_ANALISE,"RECUSA ANTERIOR REVOGADA. Estava escrito «sem utilidade agricola identificavel para o SINTONIA», e a prova citada nao sustenta isso: HTTP 429 nao entrega corpo legivel; THIN_BODY: veio corpo, e vazio de conteudo. O atlas proibe converter «nao consegui verificar» em recusa.","qualificacao 2026-09-14 REJECT · sonda diz VALIDATION_RESULT=PASS · FLAGS=HTTP_429,THIN_BODY",,EM_ANALISE,"uma leitura que atravesse a plataforma, ou um exemplo real da propria fonte. Enderecos estaveis conhecidos: https://www.instagram.com/coneglianovaldobbiadenedocg"
Consorzio Tutela Vini Valpolicella — Instagram ufficiale,INSTAGRAM,IT,https://www.instagram.com/valpolicellawines,EM_ANALISE,"RECUSA ANTERIOR REVOGADA. Estava escrito «sem utilidade agricola identificavel para o SINTONIA», e a prova citada nao sustenta isso: HTTP 429 nao entrega corpo legivel; THIN_BODY: veio corpo, e vazio de conteudo. O atlas proibe converter «nao consegui verificar» em recusa.","qualificacao 2026-09-14 REJECT · sonda diz VALIDATION_RESULT=PASS · FLAGS=HTTP_429,THIN_BODY",,EM_ANALISE,"uma leitura que atravesse a plataforma, ou um exemplo real da propria fonte. Enderecos estaveis conhecidos: https://www.instagram.com/valpolicellawines"
Consorzio di Bonifica Piave — Instagram ufficiale,INSTAGRAM,IT,https://www.instagram.com/consorziopiave,EM_ANALISE,"RECUSA ANTERIOR REVOGADA. Estava escrito «sem utilidade agricola identificavel para o SINTONIA», e a prova citada nao sustenta isso: HTTP 429 nao entrega corpo legivel; THIN_BODY: veio corpo, e vazio de conteudo. O atlas proibe converter «nao consegui verificar» em recusa.","qualificacao 2026-09-14 REJECT · sonda diz VALIDATION_RESULT=PASS · FLAGS=HTTP_429,THIN_BODY",,EM_ANALISE,"uma leitura que atravesse a plataforma, ou um exemplo real da propria fonte. Enderecos estaveis conhecidos: https://www.instagram.com/consorziopiave"
Valagro — Linkedin ufficiale,LINKEDIN,IT,https://www.linkedin.com/company/syngenta,EM_ANALISE,"prova de existencia, nao de entrega: dono PROVED_BY_OWNER_SITE; pais: SIM — declarado por dono italiano no proprio site; endereco responde HTTP 200; portao 7D = REVIEW (57.8/100). Falta o degrau que o atlas exige para virar ficha.",HTTP 200 · titulo: Syngenta | LinkedIn · ancora: titulo da pagina: Syngenta | LinkedIn,,EM_ANALISE,"um item real da fonte, aberto e identificado como o atlas exige das 140 ja registadas: endereco proprio do item, tipo, titulo, HTTP, content-type, bytes e data visivel. A sonda de 14/09 leu o titulo da pagina de entrada e parou; frequencia de actualizacao, nunca medida"
CRPV — Centro Ricerche Produzioni Vegetali — Linkedin ufficiale,LINKEDIN,IT,https://www.linkedin.com/company/rinovaricerca,EM_ANALISE,"prova de existencia, nao de entrega: dono PROVED_BY_OWNER_SITE; pais: SIM — declarado por dono italiano no proprio site; endereco responde HTTP 200; portao 7D = REVIEW (66.7/100). Falta o degrau que o atlas exige para virar ficha.",HTTP 200 · titulo: Ri.Nova | LinkedIn · ancora: titulo da pagina: Ri.Nova | LinkedIn,,EM_ANALISE,"um item real da fonte, aberto e identificado como o atlas exige das 140 ja registadas: endereco proprio do item, tipo, titulo, HTTP, content-type, bytes e data visivel. A sonda de 14/09 leu o titulo da pagina de entrada e parou; frequencia de actualizacao, nunca medida"
Caviro — Linkedin ufficiale,LINKEDIN,IT,https://www.linkedin.com/company/gruppocaviro,EM_ANALISE,"prova de existencia, nao de entrega: dono PROVED_BY_OWNER_SITE; pais: SIM — declarado por dono italiano no proprio site; endereco responde HTTP 200; portao 7D = REVIEW (44.4/100). Falta o degrau que o atlas exige para virar ficha.",HTTP 200 · titulo: Gruppo Caviro | LinkedIn · ancora: titulo da pagina: Gruppo Caviro | LinkedIn,,EM_ANALISE,"um item real da fonte, aberto e identificado como o atlas exige das 140 ja registadas: endereco proprio do item, tipo, titulo, HTTP, content-type, bytes e data visivel. A sonda de 14/09 leu o titulo da pagina de entrada e parou; frequencia de actualizacao, nunca medida"
Cifo — Linkedin ufficiale,LINKEDIN,IT,https://www.linkedin.com/company/cifo-s.r.l.,EM_ANALISE,"prova de existencia, nao de entrega: dono PROVED_BY_OWNER_SITE; pais: SIM — declarado por dono italiano no proprio site; endereco responde HTTP 200; portao 7D = REVIEW (57.8/100). Falta o degrau que o atlas exige para virar ficha.","HTTP 200 · titulo: Cifo Risultati affidabili, ogni volta. | LinkedIn · ancora: titulo da pagina: Cifo Risultati affidabili, ogni ",,EM_ANALISE,"um item real da fonte, aberto e identificado como o atlas exige das 140 ja registadas: endereco proprio do item, tipo, titulo, HTTP, content-type, bytes e data visivel. A sonda de 14/09 leu o titulo da pagina de entrada e parou; frequencia de actualizacao, nunca medida"
Fieravicola — Linkedin ufficiale,LINKEDIN,IT,https://www.linkedin.com/company/fieravicola,EM_ANALISE,"prova de existencia, nao de entrega: dono PROVED_BY_OWNER_SITE; pais: SIM — declarado por dono italiano no proprio site; endereco responde HTTP 200; portao 7D = REVIEW (48.9/100). Falta o degrau que o atlas exige para virar ficha.",HTTP 200 · titulo: Fieravicola | LinkedIn · ancora: titulo da pagina: Fieravicola | LinkedIn,,EM_ANALISE,"um item real da fonte, aberto e identificado como o atlas exige das 140 ja registadas: endereco proprio do item, tipo, titulo, HTTP, content-type, bytes e data visivel. A sonda de 14/09 leu o titulo da pagina de entrada e parou; frequencia de actualizacao, nunca medida"
Macfrut — Linkedin ufficiale,LINKEDIN,IT,https://www.linkedin.com/company/macfrut-fiera,EM_ANALISE,"prova de existencia, nao de entrega: dono PROVED_BY_OWNER_SITE; pais: SIM — declarado por dono italiano no proprio site; endereco responde HTTP 200; portao 7D = REVIEW (48.9/100). Falta o degrau que o atlas exige para virar ficha.",HTTP 200 · titulo: Macfrut Fiera | LinkedIn · ancora: titulo da pagina: Macfrut Fiera | LinkedIn,,EM_ANALISE,"um item real da fonte, aberto e identificado como o atlas exige das 140 ja registadas: endereco proprio do item, tipo, titulo, HTTP, content-type, bytes e data visivel. A sonda de 14/09 leu o titulo da pagina de entrada e parou; frequencia de actualizacao, nunca medida"
SANA — Salone del biologico e naturale — Linkedin ufficiale,LINKEDIN,IT,https://www.linkedin.com/company/sanafiera,EM_ANALISE,"prova de existencia, nao de entrega: dono PROVED_BY_OWNER_SITE; pais: SIM — declarado por dono italiano no proprio site; endereco responde HTTP 200; portao 7D = REVIEW (48.9/100). Falta o degrau que o atlas exige para virar ficha.",HTTP 200 · titulo: SANA Food | LinkedIn · ancora: titulo da pagina: SANA Food | LinkedIn,,EM_ANALISE,"um item real da fonte, aberto e identificado como o atlas exige das 140 ja registadas: endereco proprio do item, tipo, titulo, HTTP, content-type, bytes e data visivel. A sonda de 14/09 leu o titulo da pagina de entrada e parou; frequencia de actualizacao, nunca medida"
Terra e Vita — Edagricole — Linkedin ufficiale,LINKEDIN,IT,https://www.linkedin.com/showcase/edagricole,EM_ANALISE,"prova de existencia, nao de entrega: dono PROVED_BY_OWNER_SITE; pais: SIM — declarado por dono italiano no proprio site; endereco responde HTTP 200; portao 7D = REVIEW (62.2/100). Falta o degrau que o atlas exige para virar ficha.",HTTP 200 · titulo: Edagricole | LinkedIn · ancora: titulo da pagina: Edagricole | LinkedIn,,EM_ANALISE,"um item real da fonte, aberto e identificado como o atlas exige das 140 ja registadas: endereco proprio do item, tipo, titulo, HTTP, content-type, bytes e data visivel. A sonda de 14/09 leu o titulo da pagina de entrada e parou; frequencia de actualizacao, nunca medida"
UNIBO DISTAL — Dipartimento di Scienze e Tecnologie Agro-Alimentari — Linkedin ufficiale,LINKEDIN,IT,https://www.linkedin.com/company/department-of-agricultural-and-food-sciences,EM_ANALISE,"prova de existencia, nao de entrega: dono PROVED_BY_OWNER_SITE; pais: SIM — declarado por dono italiano no proprio site; endereco responde HTTP 200; portao 7D = REVIEW (62.2/100). Falta o degrau que o atlas exige para virar ficha.",HTTP 200 · titulo: Department of Agricultural and Food Sciences - University of · ancora: titulo da pagina: Department of Agricultural and F,,EM_ANALISE,"um item real da fonte, aberto e identificado como o atlas exige das 140 ja registadas: endereco proprio do item, tipo, titulo, HTTP, content-type, bytes e data visivel. A sonda de 14/09 leu o titulo da pagina de entrada e parou; frequencia de actualizacao, nunca medida"
ARPA Lazio — Linkedin ufficiale,LINKEDIN,IT,https://www.linkedin.com/company/arpa-lazio,EM_ANALISE,"prova de existencia, nao de entrega: dono PROVED_BY_OWNER_SITE; pais: SIM — declarado por dono italiano no proprio site; endereco responde HTTP 200; portao 7D = REVIEW (67.8/100). Falta o degrau que o atlas exige para virar ficha.",HTTP 200 · titulo: ARPA LAZIO | LinkedIn · ancora: titulo da pagina: ARPA LAZIO | LinkedIn,,EM_ANALISE,"um item real da fonte, aberto e identificado como o atlas exige das 140 ja registadas: endereco proprio do item, tipo, titulo, HTTP, content-type, bytes e data visivel. A sonda de 14/09 leu o titulo da pagina de entrada e parou; frequencia de actualizacao, nunca medida"
ARPA Lombardia — Linkedin ufficiale,LINKEDIN,IT,https://www.linkedin.com/company/arpa-lombardia,EM_ANALISE,"prova de existencia, nao de entrega: dono PROVED_BY_OWNER_SITE; pais: SIM — declarado por dono italiano no proprio site; endereco responde HTTP 200; portao 7D = REVIEW (67.8/100). Falta o degrau que o atlas exige para virar ficha.",HTTP 200 · titulo: ARPA Lombardia | LinkedIn · ancora: titulo da pagina: ARPA Lombardia | LinkedIn,,EM_ANALISE,"um item real da fonte, aberto e identificado como o atlas exige das 140 ja registadas: endereco proprio do item, tipo, titulo, HTTP, content-type, bytes e data visivel. A sonda de 14/09 leu o titulo da pagina de entrada e parou; frequencia de actualizacao, nunca medida"
Consorzio di Tutela del Grana Padano — Linkedin ufficiale,LINKEDIN,IT,https://www.linkedin.com/company/consorzio-tutela-grana-padano,EM_ANALISE,"prova de existencia, nao de entrega: dono PROVED_BY_OWNER_SITE; pais: SIM — declarado por dono italiano no proprio site; endereco responde HTTP 200; portao 7D = REVIEW (52.2/100). Falta o degrau que o atlas exige para virar ficha.",HTTP 200 · titulo: Consorzio Tutela Grana Padano | LinkedIn · ancora: titulo da pagina: Consorzio Tutela Grana Padano | ,,EM_ANALISE,"um item real da fonte, aberto e identificado como o atlas exige das 140 ja registadas: endereco proprio do item, tipo, titulo, HTTP, content-type, bytes e data visivel. A sonda de 14/09 leu o titulo da pagina de entrada e parou; frequencia de actualizacao, nunca medida"
Fondazione Minoprio — Linkedin ufficiale,LINKEDIN,IT,https://www.linkedin.com/company/fondazione-minoprio,EM_ANALISE,"prova de existencia, nao de entrega: dono PROVED_BY_OWNER_SITE; pais: SIM — declarado por dono italiano no proprio site; endereco responde HTTP 200; portao 7D = REVIEW (66.7/100). Falta o degrau que o atlas exige para virar ficha.",HTTP 200 · titulo: Fondazione Minoprio | LinkedIn · ancora: titulo da pagina: Fondazione Minoprio | LinkedIn,,EM_ANALISE,"um item real da fonte, aberto e identificado como o atlas exige das 140 ja registadas: endereco proprio do item, tipo, titulo, HTTP, content-type, bytes e data visivel. A sonda de 14/09 leu o titulo da pagina de entrada e parou; frequencia de actualizacao, nunca medida"
UNIMI DiSAA — Dipartimento di Scienze Agrarie e Ambientali — Linkedin ufficiale,LINKEDIN,IT,https://www.linkedin.com/company/dipartimento-di-scienze-agrarie-ambientali,EM_ANALISE,"prova de existencia, nao de entrega: dono PROVED_BY_OWNER_SITE; pais: SIM — declarado por dono italiano no proprio site; endereco responde HTTP 200; portao 7D = REVIEW (62.2/100). Falta o degrau que o atlas exige para virar ficha.",HTTP 200 · titulo: Dipartimento di Scienze Agrarie e Ambientali (DiSAA) | Linke · ancora: titulo da pagina: Dipartimento di Scienze Agrarie ,,EM_ANALISE,"um item real da fonte, aberto e identificado como o atlas exige das 140 ja registadas: endereco proprio do item, tipo, titulo, HTTP, content-type, bytes e data visivel. A sonda de 14/09 leu o titulo da pagina de entrada e parou; frequencia de actualizacao, nunca medida"
ARPA Marche — Linkedin ufficiale,LINKEDIN,IT,https://www.linkedin.com/company/arpa-marche,EM_ANALISE,"prova de existencia, nao de entrega: dono PROVED_BY_OWNER_SITE; pais: SIM — declarado por dono italiano no proprio site; endereco responde HTTP 200; portao 7D = REVIEW (67.8/100). Falta o degrau que o atlas exige para virar ficha.",HTTP 200 · titulo: ARPA Marche | LinkedIn · ancora: titulo da pagina: ARPA Marche | LinkedIn,,EM_ANALISE,"um item real da fonte, aberto e identificado como o atlas exige das 140 ja registadas: endereco proprio do item, tipo, titulo, HTTP, content-type, bytes e data visivel. A sonda de 14/09 leu o titulo da pagina de entrada e parou; frequencia de actualizacao, nunca medida"
ASSAM Marche — Agenzia Servizi Settore Agroalimentare delle Marche — Linkedin ufficiale,LINKEDIN,IT,https://www.linkedin.com/company/amap-marche,EM_ANALISE,"prova de existencia, nao de entrega: dono PROVED_BY_OWNER_SITE; pais: SIM — declarado por dono italiano no proprio site; endereco responde HTTP 200; portao 7D = PASS (75.59999999999999/100). Falta o degrau que o atlas exige para virar ficha.",HTTP 200 · titulo: AMAP Marche | LinkedIn · ancora: titulo da pagina: AMAP Marche | LinkedIn,,EM_ANALISE,"um item real da fonte, aberto e identificado como o atlas exige das 140 ja registadas: endereco proprio do item, tipo, titulo, HTTP, content-type, bytes e data visivel. A sonda de 14/09 leu o titulo da pagina de entrada e parou; frequencia de actualizacao, nunca medida"
ARPA Molise — Linkedin ufficiale,LINKEDIN,IT,https://www.linkedin.com/company/arpa-molise,EM_ANALISE,"prova de existencia, nao de entrega: dono PROVED_BY_OWNER_SITE; pais: SIM — declarado por dono italiano no proprio site; endereco responde HTTP 200; portao 7D = REVIEW (67/100). Falta o degrau que o atlas exige para virar ficha.",HTTP 200 · titulo: Arpa Molise | LinkedIn · data visivel: 2025-12-15 · ancora: titulo da pagina: Arpa Molise | LinkedIn,,EM_ANALISE,"um item real da fonte, aberto e identificado como o atlas exige das 140 ja registadas: endereco proprio do item, tipo, titulo, HTTP, content-type, bytes e data visivel. A sonda de 14/09 leu o titulo da pagina de entrada e parou"
Agrofarma — Federchimica — Linkedin ufficiale,LINKEDIN,IT,https://www.linkedin.com/showcase/agrofarma,EM_ANALISE,"prova de existencia, nao de entrega: dono PROVED_BY_OWNER_SITE; pais: SIM — declarado por dono italiano no proprio site; endereco responde HTTP 200; portao 7D = UNKNOWN (31.1/100). Falta o degrau que o atlas exige para virar ficha.",HTTP 200 · titulo: Agrofarma | LinkedIn · ancora: titulo da pagina: Agrofarma | LinkedIn,,EM_ANALISE,"um item real da fonte, aberto e identificado como o atlas exige das 140 ja registadas: endereco proprio do item, tipo, titulo, HTTP, content-type, bytes e data visivel. A sonda de 14/09 leu o titulo da pagina de entrada e parou; frequencia de actualizacao, nunca medida"
Assofertilizzanti — Federchimica — Linkedin ufficiale,LINKEDIN,IT,https://www.linkedin.com/showcase/assofertilizzanti,EM_ANALISE,"prova de existencia, nao de entrega: dono PROVED_BY_OWNER_SITE; pais: SIM — declarado por dono italiano no proprio site; endereco responde HTTP 200; portao 7D = UNKNOWN (31.1/100). Falta o degrau que o atlas exige para virar ficha.",HTTP 200 · titulo: Assofertilizzanti | LinkedIn · ancora: titulo da pagina: Assofertilizzanti | LinkedIn,,EM_ANALISE,"um item real da fonte, aberto e identificado como o atlas exige das 140 ja registadas: endereco proprio do item, tipo, titulo, HTTP, content-type, bytes e data visivel. A sonda de 14/09 leu o titulo da pagina de entrada e parou; frequencia de actualizacao, nunca medida"
Assosementi — Linkedin ufficiale,LINKEDIN,IT,https://www.linkedin.com/company/assosementi,EM_ANALISE,"prova de existencia, nao de entrega: dono PROVED_BY_OWNER_SITE; pais: SIM — declarado por dono italiano no proprio site; endereco responde HTTP 200; portao 7D = REVIEW (62.2/100). Falta o degrau que o atlas exige para virar ficha.",HTTP 200 · titulo: Assosementi | LinkedIn · ancora: titulo da pagina: Assosementi | LinkedIn,,EM_ANALISE,"um item real da fonte, aberto e identificado como o atlas exige das 140 ja registadas: endereco proprio do item, tipo, titulo, HTTP, content-type, bytes e data visivel. A sonda de 14/09 leu o titulo da pagina de entrada e parou; frequencia de actualizacao, nunca medida"
CIA — Agricoltori Italiani — Linkedin ufficiale,LINKEDIN,IT,https://www.linkedin.com/company/cia-agricoltori-italiani,EM_ANALISE,"prova de existencia, nao de entrega: dono PROVED_BY_OWNER_SITE; pais: SIM — declarado por dono italiano no proprio site; endereco responde HTTP 200; portao 7D = REVIEW (54.4/100). Falta o degrau que o atlas exige para virar ficha.",HTTP 200 · titulo: Cia-Agricoltori Italiani | LinkedIn · ancora: titulo da pagina: Cia-Agricoltori Italiani | Linke,,EM_ANALISE,"um item real da fonte, aberto e identificado como o atlas exige das 140 ja registadas: endereco proprio do item, tipo, titulo, HTTP, content-type, bytes e data visivel. A sonda de 14/09 leu o titulo da pagina de entrada e parou; frequencia de actualizacao, nunca medida"
CNR — Consiglio Nazionale delle Ricerche — Linkedin ufficiale,LINKEDIN,IT,https://www.linkedin.com/company/283032,EM_ANALISE,"prova de existencia, nao de entrega: dono PROVED_BY_OWNER_SITE; pais: SIM — declarado por dono italiano no proprio site; endereco responde HTTP 200; portao 7D = REVIEW (70/100). Falta o degrau que o atlas exige para virar ficha.","HTTP 200 · titulo: Accesso a LinkedIn, Accesso | LinkedIn · ancora: titulo da pagina: Accesso LinkedIn, accedi | Linke",,EM_ANALISE,"um item real da fonte, aberto e identificado como o atlas exige das 140 ja registadas: endereco proprio do item, tipo, titulo, HTTP, content-type, bytes e data visivel. A sonda de 14/09 leu o titulo da pagina de entrada e parou; endereco proprio da fonte — o guardado e muro de login; o estavel e https://www.linkedin.com/company/283032; frequencia de actualizacao, nunca medida"
Certis Belchim Italia — Linkedin ufficiale,LINKEDIN,IT,https://www.linkedin.com/company/certisbelchim-italia,EM_ANALISE,"prova de existencia, nao de entrega: dono PROVED_BY_OWNER_SITE; pais: SIM — declarado por dono italiano no proprio site; endereco responde HTTP 200; portao 7D = REVIEW (57.8/100). Falta o degrau que o atlas exige para virar ficha.",HTTP 200 · titulo: Certis Belchim IT | LinkedIn · ancora: titulo da pagina: Certis Belchim IT | LinkedIn,,EM_ANALISE,"um item real da fonte, aberto e identificado como o atlas exige das 140 ja registadas: endereco proprio do item, tipo, titulo, HTTP, content-type, bytes e data visivel. A sonda de 14/09 leu o titulo da pagina de entrada e parou; frequencia de actualizacao, nunca medida"
Coldiretti — Linkedin ufficiale,LINKEDIN,IT,https://www.linkedin.com/company/confederazione-nazionale-coldiretti,EM_ANALISE,"prova de existencia, nao de entrega: dono PROVED_BY_OWNER_SITE; pais: SIM — declarado por dono italiano no proprio site; endereco responde HTTP 200; portao 7D = REVIEW (54.4/100). Falta o degrau que o atlas exige para virar ficha.",HTTP 200 · titulo: Coldiretti | LinkedIn · ancora: titulo da pagina: Coldiretti | LinkedIn,,EM_ANALISE,"um item real da fonte, aberto e identificado como o atlas exige das 140 ja registadas: endereco proprio do item, tipo, titulo, HTTP, content-type, bytes e data visivel. A sonda de 14/09 leu o titulo da pagina de entrada e parou; frequencia de actualizacao, nunca medida"
FederUnacoma — Federazione Nazionale Costruttori Macchine per l'Agricoltura — Linkedin ufficiale,LINKEDIN,IT,https://www.linkedin.com/company/federunacoma,EM_ANALISE,"prova de existencia, nao de entrega: dono PROVED_BY_OWNER_SITE; pais: SIM — declarado por dono italiano no proprio site; endereco responde HTTP 200; portao 7D = REVIEW (48.9/100). Falta o degrau que o atlas exige para virar ficha.",HTTP 200 · titulo: FederUnacoma | LinkedIn · ancora: titulo da pagina: FederUnacoma | LinkedIn,,EM_ANALISE,"um item real da fonte, aberto e identificado como o atlas exige das 140 ja registadas: endereco proprio do item, tipo, titulo, HTTP, content-type, bytes e data visivel. A sonda de 14/09 leu o titulo da pagina de entrada e parou; frequencia de actualizacao, nunca medida"
FreshPlaza Italia — Linkedin ufficiale,LINKEDIN,IT,https://www.linkedin.com/company/1602695,EM_ANALISE,"RECUSA ANTERIOR REVOGADA. Estava escrito «duplicata real de IT-QUAL-2026-09-14-0221», e a prova citada nao sustenta isso: o endereco guardado (https://www.linkedin.com/login) e o muro de login da plataforma, nao a fonte. O atlas proibe converter «nao consegui verificar» em recusa.",qualificacao 2026-09-14 REJECT · sonda diz VALIDATION_RESULT=PASS · FLAGS=nenhuma,,EM_ANALISE,"uma leitura que atravesse a plataforma, ou um exemplo real da propria fonte. Enderecos estaveis conhecidos: https://www.linkedin.com/company/1602695"
ISPRA — Istituto Superiore per la Protezione e la Ricerca Ambientale — Linkedin ufficiale,LINKEDIN,IT,https://www.linkedin.com/company/ispra_2,EM_ANALISE,"prova de existencia, nao de entrega: dono PROVED_BY_OWNER_SITE; pais: SIM — declarado por dono italiano no proprio site; endereco responde HTTP 200; portao 7D = REVIEW (67.8/100). Falta o degrau que o atlas exige para virar ficha.",HTTP 200 · titulo: ISPRA | LinkedIn · ancora: titulo da pagina: ISPRA | LinkedIn,,EM_ANALISE,"um item real da fonte, aberto e identificado como o atlas exige das 140 ja registadas: endereco proprio do item, tipo, titulo, HTTP, content-type, bytes e data visivel. A sonda de 14/09 leu o titulo da pagina de entrada e parou; frequencia de actualizacao, nunca medida"
Italmopa — Associazione Industriali Mugnai d'Italia — Linkedin ufficiale,LINKEDIN,IT,https://www.linkedin.com/company/italmopa,EM_ANALISE,"prova de existencia, nao de entrega: dono PROVED_BY_OWNER_SITE; pais: SIM — declarado por dono italiano no proprio site; endereco responde HTTP 200; portao 7D = REVIEW (62.2/100). Falta o degrau que o atlas exige para virar ficha.",HTTP 200 · titulo: Italmopa - Associazione Industriali Mugnai d’Italia | Linked · ancora: titulo da pagina: Italmopa - Associazione Industri,,EM_ANALISE,"um item real da fonte, aberto e identificado como o atlas exige das 140 ja registadas: endereco proprio do item, tipo, titulo, HTTP, content-type, bytes e data visivel. A sonda de 14/09 leu o titulo da pagina de entrada e parou; frequencia de actualizacao, nunca medida"
Koppert Italia — Linkedin ufficiale,LINKEDIN,IT,https://www.linkedin.com/company/24658052,EM_ANALISE,"RECUSA ANTERIOR REVOGADA. Estava escrito «duplicata real de IT-QUAL-2026-09-14-0221», e a prova citada nao sustenta isso: o endereco guardado (https://www.linkedin.com/login) e o muro de login da plataforma, nao a fonte. O atlas proibe converter «nao consegui verificar» em recusa.",qualificacao 2026-09-14 REJECT · sonda diz VALIDATION_RESULT=PASS · FLAGS=nenhuma,,EM_ANALISE,"uma leitura que atravesse a plataforma, ou um exemplo real da propria fonte. Enderecos estaveis conhecidos: https://www.linkedin.com/company/24658052"
Myfruit.it — Linkedin ufficiale,LINKEDIN,IT,https://www.linkedin.com/company/698415/admin/feed/posts,EM_ANALISE,"prova de existencia, nao de entrega: dono PROVED_BY_OWNER_SITE; pais: SIM — declarado por dono italiano no proprio site; endereco responde HTTP 200; portao 7D = REVIEW (42.2/100). Falta o degrau que o atlas exige para virar ficha.","HTTP 200 · titulo: Accesso LinkedIn, accedi | LinkedIn · ancora: titulo da pagina: Accesso LinkedIn, accedi | Linke",,EM_ANALISE,"um item real da fonte, aberto e identificado como o atlas exige das 140 ja registadas: endereco proprio do item, tipo, titulo, HTTP, content-type, bytes e data visivel. A sonda de 14/09 leu o titulo da pagina de entrada e parou; frequencia de actualizacao, nunca medida; endereco por reconciliar (https://www.linkedin.com/company/698415/admin/feed/posts -> https://it.linkedin.com/company/698415)"
Olio Officina — Linkedin ufficiale,LINKEDIN,IT,https://www.linkedin.com/company/olioofficina,EM_ANALISE,"prova de existencia, nao de entrega: dono PROVED_BY_OWNER_SITE; pais: SIM — declarado por dono italiano no proprio site; endereco responde HTTP 200; portao 7D = REVIEW (44.4/100). Falta o degrau que o atlas exige para virar ficha.",HTTP 200 · titulo: Olio Officina | LinkedIn · ancora: titulo da pagina: Olio Officina | LinkedIn,,EM_ANALISE,"um item real da fonte, aberto e identificado como o atlas exige das 140 ja registadas: endereco proprio do item, tipo, titulo, HTTP, content-type, bytes e data visivel. A sonda de 14/09 leu o titulo da pagina de entrada e parou; frequencia de actualizacao, nunca medida"
Rete Rurale Nazionale — Linkedin ufficiale,LINKEDIN,IT,https://www.linkedin.com/showcase/retenazionalepac,EM_ANALISE,"prova de existencia, nao de entrega: dono PROVED_BY_OWNER_SITE; pais: SIM — declarado por dono italiano no proprio site; endereco responde HTTP 200; portao 7D = REVIEW (67.8/100). Falta o degrau que o atlas exige para virar ficha.",HTTP 200 · titulo: Rete Nazionale PAC | LinkedIn · ancora: titulo da pagina: Rete Nazionale PAC | LinkedIn,,EM_ANALISE,"um item real da fonte, aberto e identificado como o atlas exige das 140 ja registadas: endereco proprio do item, tipo, titulo, HTTP, content-type, bytes e data visivel. A sonda de 14/09 leu o titulo da pagina de entrada e parou; frequencia de actualizacao, nunca medida"
SIA — Societa Italiana di Agronomia — Linkedin ufficiale,LINKEDIN,IT,https://www.linkedin.com/company/societ,EM_ANALISE,"prova de existencia, nao de entrega: dono PROVED_BY_OWNER_SITE; pais: SIM — declarado por dono italiano no proprio site; endereco responde HTTP 200; portao 7D = REVIEW (57.8/100). Falta o degrau que o atlas exige para virar ficha.",HTTP 200 · titulo: Societ | LinkedIn · ancora: titulo da pagina: Societ | LinkedIn,,EM_ANALISE,"um item real da fonte, aberto e identificado como o atlas exige das 140 ja registadas: endereco proprio do item, tipo, titulo, HTTP, content-type, bytes e data visivel. A sonda de 14/09 leu o titulo da pagina de entrada e parou; frequencia de actualizacao, nunca medida"
SIMEI — Salone Internazionale Macchine per Enologia e Imbottigliamento — Linkedin ufficiale,LINKEDIN,IT,https://www.linkedin.com/company/simeiexhibition,EM_ANALISE,"prova de existencia, nao de entrega: dono PROVED_BY_OWNER_SITE; pais: SIM — declarado por dono italiano no proprio site; endereco responde HTTP 200; portao 7D = PASS (66.7/100). Falta o degrau que o atlas exige para virar ficha.",HTTP 200 · titulo: SIMEI | LinkedIn · ancora: titulo da pagina: SIMEI | LinkedIn,,EM_ANALISE,"um item real da fonte, aberto e identificado como o atlas exige das 140 ja registadas: endereco proprio do item, tipo, titulo, HTTP, content-type, bytes e data visivel. A sonda de 14/09 leu o titulo da pagina de entrada e parou; frequencia de actualizacao, nunca medida"
ARPA Piemonte — Linkedin ufficiale,LINKEDIN,IT,https://www.linkedin.com/company/arpa-piemonte,EM_ANALISE,"prova de existencia, nao de entrega: dono PROVED_BY_OWNER_SITE; pais: SIM — declarado por dono italiano no proprio site; endereco responde HTTP 200; portao 7D = REVIEW (67.8/100). Falta o degrau que o atlas exige para virar ficha.",HTTP 200 · titulo: Arpa Piemonte | LinkedIn · ancora: titulo da pagina: Arpa Piemonte | LinkedIn,,EM_ANALISE,"um item real da fonte, aberto e identificado como o atlas exige das 140 ja registadas: endereco proprio do item, tipo, titulo, HTTP, content-type, bytes e data visivel. A sonda de 14/09 leu o titulo da pagina de entrada e parou; frequencia de actualizacao, nunca medida"
Regione Piemonte — Agricoltura e cibo — Linkedin ufficiale,LINKEDIN,IT,https://www.linkedin.com/company/regione-piemonte,EM_ANALISE,"prova de existencia, nao de entrega: dono PROVED_BY_OWNER_SITE; pais: SIM — declarado por dono italiano no proprio site; endereco responde HTTP 200; portao 7D = REVIEW (67.8/100). Falta o degrau que o atlas exige para virar ficha.",HTTP 200 · titulo: Regione Piemonte | LinkedIn · ancora: titulo da pagina: Regione Piemonte | LinkedIn,,EM_ANALISE,"um item real da fonte, aberto e identificado como o atlas exige das 140 ja registadas: endereco proprio do item, tipo, titulo, HTTP, content-type, bytes e data visivel. A sonda de 14/09 leu o titulo da pagina de entrada e parou; frequencia de actualizacao, nunca medida"
ARPAT Toscana — Linkedin ufficiale,LINKEDIN,IT,https://www.linkedin.com/company/arpatoscana,EM_ANALISE,"prova de existencia, nao de entrega: dono PROVED_BY_OWNER_SITE; pais: SIM — declarado por dono italiano no proprio site; endereco responde HTTP 200; portao 7D = REVIEW (67.8/100). Falta o degrau que o atlas exige para virar ficha.",HTTP 200 · titulo: ARPAT - Agenzia regionale per la  protezione ambientale dell · ancora: titulo da pagina: ARPAT - Agenzia regionale per la,,EM_ANALISE,"um item real da fonte, aberto e identificado como o atlas exige das 140 ja registadas: endereco proprio do item, tipo, titulo, HTTP, content-type, bytes e data visivel. A sonda de 14/09 leu o titulo da pagina de entrada e parou; frequencia de actualizacao, nunca medida"
WineNews — Linkedin ufficiale,LINKEDIN,IT,https://www.linkedin.com/company/winenewsit,EM_ANALISE,"prova de existencia, nao de entrega: dono PROVED_BY_OWNER_SITE; pais: SIM — declarado por dono italiano no proprio site; endereco responde HTTP 200; portao 7D = REVIEW (44.4/100). Falta o degrau que o atlas exige para virar ficha.",HTTP 200 · titulo: winenewsit | LinkedIn · ancora: titulo da pagina: winenewsit | LinkedIn,,EM_ANALISE,"um item real da fonte, aberto e identificado como o atlas exige das 140 ja registadas: endereco proprio do item, tipo, titulo, HTTP, content-type, bytes e data visivel. A sonda de 14/09 leu o titulo da pagina de entrada e parou; frequencia de actualizacao, nunca medida"
APPA Trento — Agenzia provinciale protezione ambiente — Linkedin ufficiale,LINKEDIN,IT,https://www.linkedin.com/company/provincia-autonoma-di-trento,EM_ANALISE,"prova de existencia, nao de entrega: dono PROVED_BY_OWNER_SITE; pais: SIM — declarado por dono italiano no proprio site; endereco responde HTTP 200; portao 7D = REVIEW (67.8/100). Falta o degrau que o atlas exige para virar ficha.",HTTP 200 · titulo: Provincia Autonoma di Trento | LinkedIn · ancora: titulo da pagina: Provincia Autonoma di Trento | L,,EM_ANALISE,"um item real da fonte, aberto e identificado como o atlas exige das 140 ja registadas: endereco proprio do item, tipo, titulo, HTTP, content-type, bytes e data visivel. A sonda de 14/09 leu o titulo da pagina de entrada e parou; frequencia de actualizacao, nunca medida"
Interpoma — Linkedin ufficiale,LINKEDIN,IT,https://www.linkedin.com/company/interpoma,EM_ANALISE,"prova de existencia, nao de entrega: dono PROVED_BY_OWNER_SITE; pais: SIM — declarado por dono italiano no proprio site; endereco responde HTTP 200; portao 7D = REVIEW (48.9/100). Falta o degrau que o atlas exige para virar ficha.",HTTP 200 · titulo: Interpoma | LinkedIn · ancora: titulo da pagina: Interpoma | LinkedIn,,EM_ANALISE,"um item real da fonte, aberto e identificado como o atlas exige das 140 ja registadas: endereco proprio do item, tipo, titulo, HTTP, content-type, bytes e data visivel. A sonda de 14/09 leu o titulo da pagina de entrada e parou; frequencia de actualizacao, nunca medida"
Libera Universita di Bolzano — Facolta di Scienze agrarie ambientali e alimentari — Linkedin ufficiale,LINKEDIN,IT,https://www.linkedin.com/company/833389,EM_ANALISE,"RECUSA ANTERIOR REVOGADA. Estava escrito «duplicata real de IT-QUAL-2026-09-14-0221», e a prova citada nao sustenta isso: o endereco guardado (https://www.linkedin.com/login) e o muro de login da plataforma, nao a fonte. O atlas proibe converter «nao consegui verificar» em recusa.",qualificacao 2026-09-14 REJECT · sonda diz VALIDATION_RESULT=PASS · FLAGS=nenhuma,,EM_ANALISE,"uma leitura que atravesse a plataforma, ou um exemplo real da propria fonte. Enderecos estaveis conhecidos: https://www.linkedin.com/company/833389"
ARPA Valle d'Aosta — Linkedin ufficiale,LINKEDIN,IT,https://www.linkedin.com/company/arpa-valle-d-aosta,EM_ANALISE,"prova de existencia, nao de entrega: dono PROVED_BY_OWNER_SITE; pais: SIM — declarado por dono italiano no proprio site; endereco responde HTTP 200; portao 7D = REVIEW (67.8/100). Falta o degrau que o atlas exige para virar ficha.",HTTP 200 · titulo: ARPA Valle d&#39;Aosta | LinkedIn · ancora: titulo da pagina: ARPA Valle d&#39;Aosta | LinkedI,,EM_ANALISE,"um item real da fonte, aberto e identificado como o atlas exige das 140 ja registadas: endereco proprio do item, tipo, titulo, HTTP, content-type, bytes e data visivel. A sonda de 14/09 leu o titulo da pagina de entrada e parou; frequencia de actualizacao, nunca medida"
Consorzio Tutela Vini Valpolicella — Linkedin ufficiale,LINKEDIN,IT,https://www.linkedin.com/company/consorzio-per-la-tutela-dei-vini-della-valpolicella,EM_ANALISE,"prova de existencia, nao de entrega: dono PROVED_BY_OWNER_SITE; pais: SIM — declarado por dono italiano no proprio site; endereco responde HTTP 200; portao 7D = REVIEW (52.2/100). Falta o degrau que o atlas exige para virar ficha.",HTTP 200 · titulo: Consorzio Tutela Vini Valpolicella | LinkedIn · ancora: titulo da pagina: Consorzio Tutela Vini Valpolicel,,EM_ANALISE,"um item real da fonte, aberto e identificado como o atlas exige das 140 ja registadas: endereco proprio do item, tipo, titulo, HTTP, content-type, bytes e data visivel. A sonda de 14/09 leu o titulo da pagina de entrada e parou; frequencia de actualizacao, nunca medida"
Consorzio di Bonifica Piave — Linkedin ufficiale,LINKEDIN,IT,https://www.linkedin.com/company/15179878/admin/dashboard,EM_ANALISE,"prova de existencia, nao de entrega: dono PROVED_BY_OWNER_SITE; pais: SIM — declarado por dono italiano no proprio site; endereco responde HTTP 200; portao 7D = REVIEW (50/100). Falta o degrau que o atlas exige para virar ficha.","HTTP 200 · titulo: Accesso LinkedIn, accedi | LinkedIn · ancora: titulo da pagina: Accesso LinkedIn, accedi | Linke",,EM_ANALISE,"um item real da fonte, aberto e identificado como o atlas exige das 140 ja registadas: endereco proprio do item, tipo, titulo, HTTP, content-type, bytes e data visivel. A sonda de 14/09 leu o titulo da pagina de entrada e parou; frequencia de actualizacao, nunca medida; endereco por reconciliar (https://www.linkedin.com/company/15179878/admin/dashboard -> https://it.linkedin.com/company/15179878)"
Consorzio Tutela Vini d'Abruzzo,ORGANIZACAO,IT,https://www.vinidabruzzo.it/,JA_REGISTADA,o atlas ja tem ficha para este endereco,docs/fontes/ATLAS-DE-FONTES-EAME.md,IT-T10-012,PROMOVIDA,
Valagro,ORGANIZACAO,IT,https://www.valagro.com/it/,EM_ANALISE,"prova de existencia, nao de entrega: dono PROVED_DIRECT; pais: SIM — dono italiano identificado na pagina; endereco responde HTTP 200; portao 7D = REVIEW (77.8/100). Falta o degrau que o atlas exige para virar ficha.",HTTP 200 · titulo: Syngenta Biologicals | Syngenta · ancora: titulo da pagina: Syngenta Biologicals | Syngenta,,EM_ANALISE,"um item real da fonte, aberto e identificado como o atlas exige das 140 ja registadas: endereco proprio do item, tipo, titulo, HTTP, content-type, bytes e data visivel. A sonda de 14/09 leu o titulo da pagina de entrada e parou; frequencia de actualizacao, nunca medida"
Biolchim,ORGANIZACAO,IT,https://biolchim.it/,EM_ANALISE,"prova de existencia, nao de entrega: dono PROVED_DIRECT; pais: SIM — dominio .it e conteudo em italiano; endereco responde HTTP 200; portao 7D = REVIEW (78/100). Falta o degrau que o atlas exige para virar ficha.",HTTP 200 · titulo: Biolchim | Far crescere con successo attraverso una scienza  · feed RSS declarado · ancora: titulo da pagina: Biolchim | Far crescere con succ,,EM_ANALISE,"um item real da fonte, aberto e identificado como o atlas exige das 140 ja registadas: endereco proprio do item, tipo, titulo, HTTP, content-type, bytes e data visivel. A sonda de 14/09 leu o titulo da pagina de entrada e parou"
CSO Italy — Centro Servizi Ortofrutticoli,ORGANIZACAO,IT,https://www.csoservizi.com/,JA_REGISTADA,o atlas ja tem ficha para este endereco,docs/fontes/ATLAS-DE-FONTES-EAME.md,IT-T10-010,PROMOVIDA,
Cantina Sociale Cooperativa Riunite e CIV,ORGANIZACAO,IT,https://www.riuniteciv.com/,EM_ANALISE,"prova de existencia, nao de entrega: dono PROVED_DIRECT; pais: SIM — dono italiano identificado na pagina; endereco responde HTTP 200; portao 7D = PASS (74/100). Falta o degrau que o atlas exige para virar ficha.",HTTP 200 · titulo: Riunite & CIV | Il leader italiano nella produzione di vino · data visivel: 2026-08-05 · feed RSS declarado · ancora: titulo da pagina: Riunite & CIV | Il leader italia,,EM_ANALISE,"um item real da fonte, aberto e identificado como o atlas exige das 140 ja registadas: endereco proprio do item, tipo, titulo, HTTP, content-type, bytes e data visivel. A sonda de 14/09 leu o titulo da pagina de entrada e parou"
Caviro,ORGANIZACAO,IT,https://www.caviro.com/,EM_ANALISE,"prova de existencia, nao de entrega: dono PROVED_DIRECT; pais: SIM — dono italiano identificado na pagina; endereco responde HTTP 200; portao 7D = PASS (70/100). Falta o degrau que o atlas exige para virar ficha.",HTTP 200 · titulo: Gruppo Caviro: il vigneto più grande d&#039;Italia · data visivel: 2024-10-28 · ancora: titulo da pagina: Gruppo Caviro: il vigneto più gr,,EM_ANALISE,"um item real da fonte, aberto e identificado como o atlas exige das 140 ja registadas: endereco proprio do item, tipo, titulo, HTTP, content-type, bytes e data visivel. A sonda de 14/09 leu o titulo da pagina de entrada e parou"
Cifo,ORGANIZACAO,IT,https://www.cifo.it/,JA_REGISTADA,o atlas ja tem ficha para este endereco,docs/fontes/ATLAS-DE-FONTES-EAME.md,IT-T9-009,PROMOVIDA,
Conserve Italia,ORGANIZACAO,IT,https://www.conserveitalia.it/,EM_ANALISE,"prova de existencia, nao de entrega: dono PROVED_DIRECT; pais: SIM — dominio .it e conteudo em italiano; endereco responde HTTP 200; portao 7D = PASS (64/100). Falta o degrau que o atlas exige para virar ficha.",HTTP 200 · titulo: Conserve Italia | Leader in Europa nel settore delle conserv · data visivel: 2022-01-02 · ancora: titulo da pagina: Conserve Italia | Leader in Euro,,EM_ANALISE,"um item real da fonte, aberto e identificado como o atlas exige das 140 ja registadas: endereco proprio do item, tipo, titulo, HTTP, content-type, bytes e data visivel. A sonda de 14/09 leu o titulo da pagina de entrada e parou"
Consorzio del Parmigiano Reggiano,ORGANIZACAO,IT,https://www.parmigianoreggiano.it/,EM_ANALISE,"prova de existencia, nao de entrega: dono PROVED_BY_DOMAIN; pais: SIM — dominio .it e conteudo em italiano; endereco responde HTTP 200; portao 7D = REVIEW (74.40000000000001/100). Falta o degrau que o atlas exige para virar ficha.",HTTP 200 · titulo: Homepage · ancora: titulo da pagina: Homepage,,EM_ANALISE,"um item real da fonte, aberto e identificado como o atlas exige das 140 ja registadas: endereco proprio do item, tipo, titulo, HTTP, content-type, bytes e data visivel. A sonda de 14/09 leu o titulo da pagina de entrada e parou; frequencia de actualizacao, nunca medida"
Consorzio di Bonifica della Romagna,ORGANIZACAO,IT,https://www.bonificaromagna.it/,EM_ANALISE,"prova de existencia, nao de entrega: dono PROVED_DIRECT; pais: SIM — dominio .it e conteudo em italiano; endereco responde HTTP 200; portao 7D = PASS (73/100). Falta o degrau que o atlas exige para virar ficha.",HTTP 200 · titulo: Home - Consorzio di Bonifica della Romagna · data visivel: 2026-04-28 · ancora: titulo da pagina: Home - Consorzio di Bonifica del,,EM_ANALISE,"um item real da fonte, aberto e identificado como o atlas exige das 140 ja registadas: endereco proprio do item, tipo, titulo, HTTP, content-type, bytes e data visivel. A sonda de 14/09 leu o titulo da pagina de entrada e parou"
Consorzio di Tutela dell'Aceto Balsamico di Modena,ORGANIZACAO,IT,https://www.consorziobalsamico.it/,EM_ANALISE,"prova de existencia, nao de entrega: dono PROVED_DIRECT; pais: SIM — dominio .it e conteudo em italiano; endereco responde HTTP 200; portao 7D = PASS (73/100). Falta o degrau que o atlas exige para virar ficha.",HTTP 200 · titulo: Consorzio Tutela Aceto Balsamico di Modena · data visivel: 2021-09-23 · feed RSS declarado · ancora: titulo da pagina: Consorzio Tutela Aceto Balsamico,,EM_ANALISE,"um item real da fonte, aberto e identificado como o atlas exige das 140 ja registadas: endereco proprio do item, tipo, titulo, HTTP, content-type, bytes e data visivel. A sonda de 14/09 leu o titulo da pagina de entrada e parou"
Fieravicola,ORGANIZACAO,IT,https://www.fieravicola.com/,EM_ANALISE,"prova de existencia, nao de entrega: dono PROVED_DIRECT; pais: SIM — dono italiano identificado na pagina; endereco responde HTTP 200; portao 7D = PASS (71.09999999999999/100). Falta o degrau que o atlas exige para virar ficha.",HTTP 200 · titulo: FierAvicola 2025: 6-7-8 Maggio 2025 Rimini · ancora: titulo da pagina: FierAvicola 2025: 6-7-8 Maggio 2,,EM_ANALISE,"um item real da fonte, aberto e identificado como o atlas exige das 140 ja registadas: endereco proprio do item, tipo, titulo, HTTP, content-type, bytes e data visivel. A sonda de 14/09 leu o titulo da pagina de entrada e parou; frequencia de actualizacao, nunca medida"
Granarolo,ORGANIZACAO,IT,https://www.granarolo.it/,EM_ANALISE,"prova de existencia, nao de entrega: dono PROVED_DIRECT; pais: SIM — dominio .it e conteudo em italiano; endereco responde HTTP 200; portao 7D = PASS (71.09999999999999/100). Falta o degrau que o atlas exige para virar ficha.","HTTP 200 · titulo: Granarolo - Latte, Yogurt, Formaggi, Panna e Ricette | Grana · ancora: titulo da pagina: Granarolo - Latte, Yogurt, Forma",,EM_ANALISE,"um item real da fonte, aberto e identificado como o atlas exige das 140 ja registadas: endereco proprio do item, tipo, titulo, HTTP, content-type, bytes e data visivel. A sonda de 14/09 leu o titulo da pagina de entrada e parou; frequencia de actualizacao, nunca medida"
Macfrut,ORGANIZACAO,IT,https://www.macfrut.com/,EM_ANALISE,"prova de existencia, nao de entrega: dono PROVED_DIRECT; pais: SIM — dono italiano identificado na pagina; endereco responde HTTP 200; portao 7D = PASS (71.09999999999999/100). Falta o degrau que o atlas exige para virar ficha.",HTTP 200 · titulo: Macfrut 2027: 20-21-22 Aprile 2027 · ancora: titulo da pagina: Macfrut 2027: 20-21-22 Aprile 20,,EM_ANALISE,"um item real da fonte, aberto e identificado como o atlas exige das 140 ja registadas: endereco proprio do item, tipo, titulo, HTTP, content-type, bytes e data visivel. A sonda de 14/09 leu o titulo da pagina de entrada e parou; frequencia de actualizacao, nunca medida"
Nomisma,ORGANIZACAO,IT,https://www.nomisma.it/,EM_ANALISE,"prova de existencia, nao de entrega: dono PROVED_DIRECT; pais: SIM — dominio .it e conteudo em italiano; endereco responde HTTP 200; portao 7D = PASS (60/100). Falta o degrau que o atlas exige para virar ficha.","HTTP 200 · titulo: Nomisma | Ricerca, Consulenza e Advisory Strategico · feed RSS declarado · ancora: titulo da pagina: Nomisma | Ricerca, Consulenza e ",,EM_ANALISE,"um item real da fonte, aberto e identificado como o atlas exige das 140 ja registadas: endereco proprio do item, tipo, titulo, HTTP, content-type, bytes e data visivel. A sonda de 14/09 leu o titulo da pagina de entrada e parou"
OP Alegra,ORGANIZACAO,IT,https://www.alegra.it/,EM_ANALISE,"prova de existencia, nao de entrega: dono PROVED_DIRECT; pais: SIM — dominio .it e conteudo em italiano; endereco responde HTTP 200; portao 7D = PASS (88/100). Falta o degrau que o atlas exige para virar ficha.",HTTP 200 · titulo: A.S.D. Alegra Settime Tamburello · data visivel: 2026-09-12 · feed RSS declarado · ancora: titulo da pagina: A.S.D. Alegra Settime Tamburello,,EM_ANALISE,"um item real da fonte, aberto e identificado como o atlas exige das 140 ja registadas: endereco proprio do item, tipo, titulo, HTTP, content-type, bytes e data visivel. A sonda de 14/09 leu o titulo da pagina de entrada e parou"
SANA — Salone del biologico e naturale,ORGANIZACAO,IT,https://www.sana.it/,EM_ANALISE,"prova de existencia, nao de entrega: dono PROVED_DIRECT; pais: SIM — dominio .it e conteudo em italiano; endereco responde HTTP 200; portao 7D = PASS (75.59999999999999/100). Falta o degrau que o atlas exige para virar ficha.",HTTP 200 · titulo: SANA Food 2027 | Sana · ancora: titulo da pagina: SANA Food 2027 | Sana,,EM_ANALISE,"um item real da fonte, aberto e identificado como o atlas exige das 140 ja registadas: endereco proprio do item, tipo, titulo, HTTP, content-type, bytes e data visivel. A sonda de 14/09 leu o titulo da pagina de entrada e parou; frequencia de actualizacao, nunca medida"
SCAM,ORGANIZACAO,IT,https://www.scam.it/,EM_ANALISE,"prova de existencia, nao de entrega: dono PROVED_DIRECT; pais: SIM — dominio .it e conteudo em italiano; endereco responde HTTP 200; portao 7D = PASS (84/100). Falta o degrau que o atlas exige para virar ficha.","HTTP 200 · titulo: SCAM S.p.A. - produttori di fertilizzanti, concimi speciali  · feed RSS declarado · ancora: titulo da pagina: SCAM S.p.A. - produttori di fert",,EM_ANALISE,"um item real da fonte, aberto e identificado como o atlas exige das 140 ja registadas: endereco proprio do item, tipo, titulo, HTTP, content-type, bytes e data visivel. A sonda de 14/09 leu o titulo da pagina de entrada e parou"
Terremerse,ORGANIZACAO,IT,https://www.terremerse.it/,EM_ANALISE,"prova de existencia, nao de entrega: dono PROVED_DIRECT; pais: SIM — dominio .it e conteudo em italiano; endereco responde HTTP 200; portao 7D = PASS (72/100). Falta o degrau que o atlas exige para virar ficha.",HTTP 200 · titulo: Terremerse | pensare multifiliera agire sostenibile · data visivel: 2026-05-15 · feed RSS declarado · ancora: titulo da pagina: Terremerse | pensare multifilier,,EM_ANALISE,"um item real da fonte, aberto e identificado como o atlas exige das 140 ja registadas: endereco proprio do item, tipo, titulo, HTTP, content-type, bytes e data visivel. A sonda de 14/09 leu o titulo da pagina de entrada e parou"
Unione Nazionale Associazioni Produttori Olivicoli — UNAPROL,ORGANIZACAO,IT,https://www.unaprol.it/,EM_ANALISE,"prova de existencia, nao de entrega: dono PROVED_DIRECT; pais: SIM — dominio .it e conteudo em italiano; endereco responde HTTP 200; portao 7D = PASS (86/100). Falta o degrau que o atlas exige para virar ficha.",HTTP 200 · titulo: Unaprol · data visivel: 2026-08-21 · ancora: titulo da pagina: Unaprol,,EM_ANALISE,"um item real da fonte, aberto e identificado como o atlas exige das 140 ja registadas: endereco proprio do item, tipo, titulo, HTTP, content-type, bytes e data visivel. A sonda de 14/09 leu o titulo da pagina de entrada e parou"
CBC Biogard,ORGANIZACAO,IT,https://www.biogard.it/,JA_REGISTADA,o atlas ja tem ficha para este endereco,docs/fontes/ATLAS-DE-FONTES-EAME.md,IT-T9-012,PROMOVIDA,
Confagricoltura Lombardia,ORGANIZACAO,IT,https://www.confagricolturalombardia.it/,EM_ANALISE,"prova de existencia, nao de entrega: dono PROVED_DIRECT; pais: SIM — dominio .it e conteudo em italiano; endereco responde HTTP 200; portao 7D = REVIEW (79/100). Falta o degrau que o atlas exige para virar ficha.",HTTP 200 · titulo: Confagricoltura · data visivel: 2026-07-29 · ancora: titulo da pagina: Confagricoltura,,EM_ANALISE,"um item real da fonte, aberto e identificado como o atlas exige das 140 ja registadas: endereco proprio do item, tipo, titulo, HTTP, content-type, bytes e data visivel. A sonda de 14/09 leu o titulo da pagina de entrada e parou"
Consorzio Casalasco del Pomodoro,ORGANIZACAO,IT,https://www.casalasco.com/,EM_ANALISE,"prova de existencia, nao de entrega: dono PROVED_DIRECT; pais: SIM — dono italiano identificado na pagina; endereco responde HTTP 200; portao 7D = PASS (78.90000000000001/100). Falta o degrau que o atlas exige para virar ficha.",HTTP 200 · titulo: Casalasco | Filiera Integrata del Pomodoro Italiano · ancora: titulo da pagina: Casalasco | Filiera Integrata de,,EM_ANALISE,"um item real da fonte, aberto e identificado como o atlas exige das 140 ja registadas: endereco proprio do item, tipo, titulo, HTTP, content-type, bytes e data visivel. A sonda de 14/09 leu o titulo da pagina de entrada e parou; frequencia de actualizacao, nunca medida"
Consorzio di Bonifica Est Ticino Villoresi,ORGANIZACAO,IT,https://www.etvilloresi.it/,EM_ANALISE,"prova de existencia, nao de entrega: dono PROVED_DIRECT; pais: SIM — dominio .it e conteudo em italiano; endereco responde HTTP 200; portao 7D = PASS (79/100). Falta o degrau que o atlas exige para virar ficha.",HTTP 200 · titulo: Est Ticino Villoresi &#8211; Consorzio di bonifica · feed RSS declarado · ancora: titulo da pagina: Est Ticino Villoresi &#8211; Con,,EM_ANALISE,"um item real da fonte, aberto e identificado como o atlas exige das 140 ja registadas: endereco proprio do item, tipo, titulo, HTTP, content-type, bytes e data visivel. A sonda de 14/09 leu o titulo da pagina de entrada e parou"
Consorzio di Tutela del Grana Padano,ORGANIZACAO,IT,https://www.granapadano.it/,JA_REGISTADA,o atlas ja tem ficha para este endereco,docs/fontes/ATLAS-DE-FONTES-EAME.md,IT-T10-014,PROMOVIDA,
Diachem,ORGANIZACAO,IT,https://www.diachem.it/,EM_ANALISE,"prova de existencia, nao de entrega: dono PROVED_DIRECT; pais: SIM — dominio .it e conteudo em italiano; endereco responde HTTP 200; portao 7D = REVIEW (82/100). Falta o degrau que o atlas exige para virar ficha.",HTTP 200 · titulo: Diachem - Produttore di agrofarmaci e agronutrienti · data visivel: 2026-06-29 · ancora: titulo da pagina: Diachem - Produttore di agrofarm,,EM_ANALISE,"um item real da fonte, aberto e identificado como o atlas exige das 140 ja registadas: endereco proprio do item, tipo, titulo, HTTP, content-type, bytes e data visivel. A sonda de 14/09 leu o titulo da pagina de entrada e parou"
Fondazione Minoprio,ORGANIZACAO,IT,https://www.fondazioneminoprio.it/,JA_REGISTADA,o atlas ja tem ficha para este endereco,docs/fontes/ATLAS-DE-FONTES-EAME.md,IT-T5-009,PROMOVIDA,
Granaria — Borsa Merci di Milano,ORGANIZACAO,IT,https://www.granariamilano.org/,EM_ANALISE,"prova de existencia, nao de entrega: dono PROVED_DIRECT; pais: SIM — dono italiano identificado na pagina; endereco responde HTTP 200; portao 7D = REVIEW (88/100). Falta o degrau que o atlas exige para virar ficha.",HTTP 200 · titulo: Associazione Granaria Milano · data visivel: 2026-09-08 · feed RSS declarado · ancora: titulo da pagina: Associazione Granaria Milano,,EM_ANALISE,"um item real da fonte, aberto e identificado como o atlas exige das 140 ja registadas: endereco proprio do item, tipo, titulo, HTTP, content-type, bytes e data visivel. A sonda de 14/09 leu o titulo da pagina de entrada e parou"
Sipcam Italia,ORGANIZACAO,IT,https://www.sipcamitalia.it/,EM_ANALISE,"prova de existencia, nao de entrega: dono PROVED_DIRECT; pais: SIM — dominio .it e conteudo em italiano; endereco responde HTTP 200; portao 7D = REVIEW (82.2/100). Falta o degrau que o atlas exige para virar ficha.",HTTP 200 · titulo: Sipcam Agro USA | Cultivating tomorrow&#39;s agriculture tog · ancora: titulo da pagina: Sipcam Agro USA | Cultivating to,,EM_ANALISE,"um item real da fonte, aberto e identificado como o atlas exige das 140 ja registadas: endereco proprio do item, tipo, titulo, HTTP, content-type, bytes e data visivel. A sonda de 14/09 leu o titulo da pagina de entrada e parou; frequencia de actualizacao, nunca medida"
TUTTOFOOD Milano,ORGANIZACAO,IT,https://www.tuttofood.it/,EM_ANALISE,"prova de existencia, nao de entrega: dono PROVED_DIRECT; pais: SIM — dominio .it e conteudo em italiano; endereco responde HTTP 200; portao 7D = PASS (70/100). Falta o degrau que o atlas exige para virar ficha.",HTTP 200 · titulo: Tuttofood | 8-11 maggio 2028 · data visivel: 2024-11-03 · ancora: titulo da pagina: Tuttofood | 8-11 maggio 2028,,EM_ANALISE,"um item real da fonte, aberto e identificado como o atlas exige das 140 ja registadas: endereco proprio do item, tipo, titulo, HTTP, content-type, bytes e data visivel. A sonda de 14/09 leu o titulo da pagina de entrada e parou"
AIAB — Associazione Italiana Agricoltura Biologica,ORGANIZACAO,IT,https://aiab.it/,JA_REGISTADA,o atlas ja tem ficha para este endereco,docs/fontes/ATLAS-DE-FONTES-EAME.md,IT-T12-005,PROMOVIDA,
AIAM — Associazione Italiana di Agrometeorologia,ORGANIZACAO,IT,https://www.agrometeorologia.it/,JA_REGISTADA,o atlas ja tem ficha para este endereco,docs/fontes/ATLAS-DE-FONTES-EAME.md,IT-T2-015,PROMOVIDA,
ANBI — Associazione Nazionale Consorzi di gestione e tutela del territorio e acque irrigue,ORGANIZACAO,IT,https://www.anbi.it/,JA_REGISTADA,o atlas ja tem ficha para este endereco,docs/fontes/ATLAS-DE-FONTES-EAME.md,IT-T2-024,PROMOVIDA,
ANGA — Giovani di Confagricoltura,ORGANIZACAO,IT,http://www.anga.it/,EM_ANALISE,"prova de existencia, nao de entrega: dono PROVED_DIRECT; pais: SIM — dominio .it e conteudo em italiano; endereco responde HTTP 200; portao 7D = REVIEW (76.7/100). Falta o degrau que o atlas exige para virar ficha.","HTTP 200 · titulo: Giovani di Confagricoltura - ANGA, Sistema Confagricoltura | · ancora: titulo da pagina: Giovani di Confagricoltura - ANG",,EM_ANALISE,"um item real da fonte, aberto e identificado como o atlas exige das 140 ja registadas: endereco proprio do item, tipo, titulo, HTTP, content-type, bytes e data visivel. A sonda de 14/09 leu o titulo da pagina de entrada e parou; frequencia de actualizacao, nunca medida"
Agrofarma — Federchimica,ORGANIZACAO,IT,https://agrofarma.federchimica.it/,EM_ANALISE,"prova de existencia, nao de entrega: dono PROVED_DIRECT; pais: SIM — dominio .it e conteudo em italiano; endereco responde HTTP 200; portao 7D = PASS (60/100). Falta o degrau que o atlas exige para virar ficha.",HTTP 200 · titulo: Home page · ancora: titulo da pagina: Home page,,EM_ANALISE,"um item real da fonte, aberto e identificado como o atlas exige das 140 ja registadas: endereco proprio do item, tipo, titulo, HTTP, content-type, bytes e data visivel. A sonda de 14/09 leu o titulo da pagina de entrada e parou; frequencia de actualizacao, nunca medida"
Alleanza delle Cooperative Italiane Agroalimentare,ORGANIZACAO,IT,https://www.alleanzacooperative.it/,JA_REGISTADA,o atlas ja tem ficha para este endereco,docs/fontes/ATLAS-DE-FONTES-EAME.md,IT-T10-016,PROMOVIDA,
Assofertilizzanti — Federchimica,ORGANIZACAO,IT,https://assofertilizzanti.federchimica.it/,EM_ANALISE,"prova de existencia, nao de entrega: dono PROVED_DIRECT; pais: SIM — dominio .it e conteudo em italiano; endereco responde HTTP 200; portao 7D = PASS (56/100). Falta o degrau que o atlas exige para virar ficha.",HTTP 200 · titulo: Home · data visivel: 2026-04-10 · ancora: titulo da pagina: Home,,EM_ANALISE,"um item real da fonte, aberto e identificado como o atlas exige das 140 ja registadas: endereco proprio do item, tipo, titulo, HTTP, content-type, bytes e data visivel. A sonda de 14/09 leu o titulo da pagina de entrada e parou"
Assosementi,ORGANIZACAO,IT,https://www.sementi.it/,JA_REGISTADA,o atlas ja tem ficha para este endereco,docs/fontes/ATLAS-DE-FONTES-EAME.md,IT-T1-013,PROMOVIDA,
CIA — Agricoltori Italiani,ORGANIZACAO,IT,https://www.cia.it/,JA_REGISTADA,o atlas ja tem ficha para este endereco,docs/fontes/ATLAS-DE-FONTES-EAME.md,IT-T12-003,PROMOVIDA,
CNR — Consiglio Nazionale delle Ricerche,ORGANIZACAO,IT,https://www.cnr.it/,JA_REGISTADA,o atlas ja tem ficha para este endereco,docs/fontes/ATLAS-DE-FONTES-EAME.md,IT-T5-006,PROMOVIDA,
CONAF — Consiglio Ordine Nazionale Dottori Agronomi e Forestali,ORGANIZACAO,IT,https://www.conaf.it/,JA_REGISTADA,o atlas ja tem ficha para este endereco,docs/fontes/ATLAS-DE-FONTES-EAME.md,IT-T7-013,PROMOVIDA,
Certis Belchim Italia,ORGANIZACAO,IT,https://www.certisbelchim.it/,JA_REGISTADA,o atlas ja tem ficha para este endereco,docs/fontes/ATLAS-DE-FONTES-EAME.md,IT-T9-013,PROMOVIDA,
Coldiretti,ORGANIZACAO,IT,https://www.coldiretti.it/,EM_ANALISE,"prova de existencia, nao de entrega: dono PROVED_DIRECT; pais: SIM — dominio .it e conteudo em italiano; endereco responde HTTP 200; portao 7D = PASS (77/100). Falta o degrau que o atlas exige para virar ficha.",HTTP 200 · titulo: Coldiretti · data visivel: 2015-09-15 · ancora: titulo da pagina: Coldiretti,,EM_ANALISE,"um item real da fonte, aberto e identificado como o atlas exige das 140 ja registadas: endereco proprio do item, tipo, titulo, HTTP, content-type, bytes e data visivel. A sonda de 14/09 leu o titulo da pagina de entrada e parou"
Confagricoltura,ORGANIZACAO,IT,https://www.confagricoltura.it/,JA_REGISTADA,o atlas ja tem ficha para este endereco,docs/fontes/ATLAS-DE-FONTES-EAME.md,IT-T12-004,PROMOVIDA,
Confcooperative Fedagripesca,ORGANIZACAO,IT,https://www.fedagripesca.confcooperative.it/,EM_ANALISE,"prova de existencia, nao de entrega: dono PROVED_DIRECT; pais: SIM — dominio .it e conteudo em italiano; endereco responde HTTP 200; portao 7D = REVIEW (84.40000000000001/100). Falta o degrau que o atlas exige para virar ficha.",HTTP 200 · titulo: Home · ancora: titulo da pagina: Home,,EM_ANALISE,"um item real da fonte, aberto e identificado como o atlas exige das 140 ja registadas: endereco proprio do item, tipo, titulo, HTTP, content-type, bytes e data visivel. A sonda de 14/09 leu o titulo da pagina de entrada e parou; frequencia de actualizacao, nunca medida; endereco por reconciliar (https://www.fedagripesca.confcooperative.it/ -> https://www.agroalimentarepesca.confcooperative.it:443/)"
Consorzi Agrari d'Italia — CAI,ORGANIZACAO,IT,https://www.consorziagrariditalia.it/chi-siamo/,JA_REGISTADA,o atlas ja tem ficha para este endereco,docs/fontes/ATLAS-DE-FONTES-EAME.md,IT-T7-014,PROMOVIDA,
FederBio,ORGANIZACAO,IT,https://feder.bio/,EM_ANALISE,"prova de existencia, nao de entrega: dono PROVED_DIRECT; pais: SIM — dono italiano identificado na pagina; endereco responde HTTP 200; portao 7D = PASS (79/100). Falta o degrau que o atlas exige para virar ficha.",HTTP 200 · titulo: FederBio. Il biologico italiano in movimento · data visivel: 2025-02-24 · feed RSS declarado · ancora: titulo da pagina: FederBio. Il biologico italiano ,,EM_ANALISE,"um item real da fonte, aberto e identificado como o atlas exige das 140 ja registadas: endereco proprio do item, tipo, titulo, HTTP, content-type, bytes e data visivel. A sonda de 14/09 leu o titulo da pagina de entrada e parou"
FederUnacoma — Federazione Nazionale Costruttori Macchine per l'Agricoltura,ORGANIZACAO,IT,https://www.federunacoma.it/,EM_ANALISE,"prova de existencia, nao de entrega: dono PROVED_DIRECT; pais: SIM — dominio .it e conteudo em italiano; endereco responde HTTP 200; portao 7D = PASS (74/100). Falta o degrau que o atlas exige para virar ficha.",HTTP 200 · titulo: FederUnacoma - Federazione Nazionale Costruttori Macchine Ag · data visivel: 2026-09-14 · ancora: titulo da pagina: FederUnacoma - Federazione Nazio,,EM_ANALISE,"um item real da fonte, aberto e identificado como o atlas exige das 140 ja registadas: endereco proprio do item, tipo, titulo, HTTP, content-type, bytes e data visivel. A sonda de 14/09 leu o titulo da pagina de entrada e parou"
Italia Olivicola,ORGANIZACAO,IT,https://www.italiaolivicola.it/,JA_REGISTADA,o atlas ja tem ficha para este endereco,docs/fontes/ATLAS-DE-FONTES-EAME.md,IT-T1-016,PROMOVIDA,
Italmopa — Associazione Industriali Mugnai d'Italia,ORGANIZACAO,IT,https://www.italmopa.com/,JA_REGISTADA,o atlas ja tem ficha para este endereco,docs/fontes/ATLAS-DE-FONTES-EAME.md,IT-T10-008,PROMOVIDA,
Koppert Italia,ORGANIZACAO,IT,https://www.koppert.it/,JA_REGISTADA,o atlas ja tem ficha para este endereco,docs/fontes/ATLAS-DE-FONTES-EAME.md,IT-T9-011,PROMOVIDA,
Legacoop Agroalimentare,ORGANIZACAO,IT,https://www.legacoopagroalimentare.coop/,EM_ANALISE,"prova de existencia, nao de entrega: dono PROVED_DIRECT; pais: SIM — dono italiano identificado na pagina; endereco responde HTTP 200; portao 7D = PASS (76.7/100). Falta o degrau que o atlas exige para virar ficha.",HTTP 200 · titulo: Legacoop Agroalimentare · ancora: titulo da pagina: Legacoop Agroalimentare,,EM_ANALISE,"um item real da fonte, aberto e identificado como o atlas exige das 140 ja registadas: endereco proprio do item, tipo, titulo, HTTP, content-type, bytes e data visivel. A sonda de 14/09 leu o titulo da pagina de entrada e parou; frequencia de actualizacao, nunca medida"
SIA — Societa Italiana di Agronomia,ORGANIZACAO,IT,https://www.siagr.it/,JA_REGISTADA,o atlas ja tem ficha para este endereco,docs/fontes/ATLAS-DE-FONTES-EAME.md,IT-T1-019,PROMOVIDA,
SIMEI — Salone Internazionale Macchine per Enologia e Imbottigliamento,ORGANIZACAO,IT,https://www.simei.it/,JA_REGISTADA,o atlas ja tem ficha para este endereco,docs/fontes/ATLAS-DE-FONTES-EAME.md,IT-T11-005,PROMOVIDA,
SIPaV — Societa Italiana di Patologia Vegetale,ORGANIZACAO,IT,https://www.sipav.org/,JA_REGISTADA,o atlas ja tem ficha para este endereco,docs/fontes/ATLAS-DE-FONTES-EAME.md,IT-T3-021,PROMOVIDA,
SOI — Societa di Ortoflorofrutticoltura Italiana,ORGANIZACAO,IT,https://www.soihs.it/,JA_REGISTADA,o atlas ja tem ficha para este endereco,docs/fontes/ATLAS-DE-FONTES-EAME.md,IT-T1-023,PROMOVIDA,
Societa Entomologica Italiana,ORGANIZACAO,IT,https://www.societaentomologicaitaliana.it/,JA_REGISTADA,o atlas ja tem ficha para este endereco,docs/fontes/ATLAS-DE-FONTES-EAME.md,IT-T3-020,PROMOVIDA,
Unione Italiana Vini,ORGANIZACAO,IT,https://www.uiv.it/,EM_ANALISE,"prova de existencia, nao de entrega: dono PROVED_DIRECT; pais: SIM — dominio .it e conteudo em italiano; endereco responde HTTP 200; portao 7D = REVIEW (80/100). Falta o degrau que o atlas exige para virar ficha.",HTTP 200 · titulo: Unione Italiana Vini | Associazione delle imprese italiane d · ancora: titulo da pagina: Unione Italiana Vini | Associazi,,EM_ANALISE,"um item real da fonte, aberto e identificado como o atlas exige das 140 ja registadas: endereco proprio do item, tipo, titulo, HTTP, content-type, bytes e data visivel. A sonda de 14/09 leu o titulo da pagina de entrada e parou; frequencia de actualizacao, nunca medida; endereco por reconciliar (https://www.uiv.it/ -> https://www.unioneitalianavini.it)"
Consorzio di Tutela Nocciola Piemonte IGP,ORGANIZACAO,IT,https://www.nocciolapiemonteigp.it/,EM_ANALISE,"prova de existencia, nao de entrega: dono PROVED_DIRECT; pais: SIM — dominio .it e conteudo em italiano; endereco responde HTTP 200; portao 7D = REVIEW (75/100). Falta o degrau que o atlas exige para virar ficha.",HTTP 200 · titulo: Creme di Nocciola Piemonte IGP | Marchesi di Cravanzana · feed RSS declarado · ancora: titulo da pagina: Creme di Nocciola Piemonte IGP |,,EM_ANALISE,"um item real da fonte, aberto e identificado como o atlas exige das 140 ja registadas: endereco proprio do item, tipo, titulo, HTTP, content-type, bytes e data visivel. A sonda de 14/09 leu o titulo da pagina de entrada e parou"
Agrilevante,ORGANIZACAO,IT,https://www.agrilevante.eu/,EM_ANALISE,"prova de existencia, nao de entrega: dono PROVED_DIRECT; pais: SIM — dono italiano identificado na pagina; endereco responde HTTP 200; portao 7D = PASS (70/100). Falta o degrau que o atlas exige para virar ficha.",HTTP 200 · titulo: Agrilevante 2025 - Bari - Fiera - Esposizione Internazionale · data visivel: 2025-10-13 · ancora: titulo da pagina: Agrilevante 2025 - Bari - Fiera ,,EM_ANALISE,"um item real da fonte, aberto e identificado como o atlas exige das 140 ja registadas: endereco proprio do item, tipo, titulo, HTTP, content-type, bytes e data visivel. A sonda de 14/09 leu o titulo da pagina de entrada e parou"
Coldiretti Puglia,ORGANIZACAO,IT,https://puglia.coldiretti.it/,EM_ANALISE,"prova de existencia, nao de entrega: dono PROVED_DIRECT; pais: SIM — dominio .it e conteudo em italiano; endereco responde HTTP 200; portao 7D = PASS (77/100). Falta o degrau que o atlas exige para virar ficha.",HTTP 200 · titulo: Coldiretti - PUGLIA · data visivel: 2019-03-09 · ancora: titulo da pagina: Coldiretti - PUGLIA,,EM_ANALISE,"um item real da fonte, aberto e identificado como o atlas exige das 140 ja registadas: endereco proprio do item, tipo, titulo, HTTP, content-type, bytes e data visivel. A sonda de 14/09 leu o titulo da pagina de entrada e parou"
Consorzio Tutela Pecorino Romano,ORGANIZACAO,IT,https://www.pecorinoromano.com/,EM_ANALISE,"prova de existencia, nao de entrega: dono PROVED_DIRECT; pais: SIM — dono italiano identificado na pagina; endereco responde HTTP 200; portao 7D = PASS (77/100). Falta o degrau que o atlas exige para virar ficha.",HTTP 200 · titulo: Sito Ufficiale Consorzio per la tutela del Formaggio Pecorin · data visivel: 2026-04-22 · ancora: titulo da pagina: Sito Ufficiale Consorzio per la ,,EM_ANALISE,"um item real da fonte, aberto e identificado como o atlas exige das 140 ja registadas: endereco proprio do item, tipo, titulo, HTTP, content-type, bytes e data visivel. A sonda de 14/09 leu o titulo da pagina de entrada e parou"
Coldiretti Sicilia,ORGANIZACAO,IT,https://sicilia.coldiretti.it/,EM_ANALISE,"prova de existencia, nao de entrega: dono PROVED_DIRECT; pais: SIM — dominio .it e conteudo em italiano; endereco responde HTTP 200; portao 7D = REVIEW (81/100). Falta o degrau que o atlas exige para virar ficha.",HTTP 200 · titulo: Coldiretti - SICILIA · data visivel: 2026-09-14 · ancora: titulo da pagina: Coldiretti - SICILIA,,EM_ANALISE,"um item real da fonte, aberto e identificado como o atlas exige das 140 ja registadas: endereco proprio do item, tipo, titulo, HTTP, content-type, bytes e data visivel. A sonda de 14/09 leu o titulo da pagina de entrada e parou"
Consorzio di Tutela Arancia Rossa di Sicilia IGP,ORGANIZACAO,IT,https://www.tutelaaranciarossa.it/,JA_REGISTADA,o atlas ja tem ficha para este endereco,docs/fontes/ATLAS-DE-FONTES-EAME.md,IT-T10-013,PROMOVIDA,
Accademia dei Georgofili,ORGANIZACAO,IT,https://www.georgofili.it/,JA_REGISTADA,o atlas ja tem ficha para este endereco,docs/fontes/ATLAS-DE-FONTES-EAME.md,IT-T5-034,PROMOVIDA,
CIA Toscana,ORGANIZACAO,IT,https://www.ciatoscana.eu/,JA_REGISTADA,o atlas ja tem ficha para este endereco,docs/fontes/ATLAS-DE-FONTES-EAME.md,IT-T12-006,PROMOVIDA,
Consorzio Vino Chianti Classico,ORGANIZACAO,IT,https://www.chianticlassico.com/,EM_ANALISE,"prova de existencia, nao de entrega: dono PROVED_DIRECT; pais: SIM — dono italiano identificado na pagina; endereco responde HTTP 200; portao 7D = PASS (75/100). Falta o degrau que o atlas exige para virar ficha.",HTTP 200 · titulo: Chianti Classico - Il primo territorio di vino · data visivel: 2024-08-13 · feed RSS declarado · ancora: titulo da pagina: Chianti Classico - Il primo terr,,EM_ANALISE,"um item real da fonte, aberto e identificado como o atlas exige das 140 ja registadas: endereco proprio do item, tipo, titulo, HTTP, content-type, bytes e data visivel. A sonda de 14/09 leu o titulo da pagina de entrada e parou"
Consorzio del Vino Brunello di Montalcino,ORGANIZACAO,IT,https://www.consorziobrunellodimontalcino.it/,EM_ANALISE,"prova de existencia, nao de entrega: dono PROVED_DIRECT; pais: SIM — dominio .it e conteudo em italiano; endereco responde HTTP 200; portao 7D = PASS (76.7/100). Falta o degrau que o atlas exige para virar ficha.",HTTP 200 · titulo: Consorzio del vino Brunello di Montalcino Montalcino · ancora: titulo da pagina: Consorzio del vino Brunello di M,,EM_ANALISE,"um item real da fonte, aberto e identificado como o atlas exige das 140 ja registadas: endereco proprio do item, tipo, titulo, HTTP, content-type, bytes e data visivel. A sonda de 14/09 leu o titulo da pagina de entrada e parou; frequencia de actualizacao, nunca medida"
Georgofili — Accademia dei Georgofili (portale .net),ORGANIZACAO,IT,https://www.georgofili.net/,JA_REGISTADA,o atlas ja tem ficha para este endereco,docs/fontes/ATLAS-DE-FONTES-EAME.md,IT-T5-036,PROMOVIDA,
Interpoma,ORGANIZACAO,IT,https://www.interpoma.it/,EM_ANALISE,"prova de existencia, nao de entrega: dono PROVED_DIRECT; pais: SIM — dominio .it e conteudo em italiano; endereco responde HTTP 200; portao 7D = REVIEW (73.3/100). Falta o degrau que o atlas exige para virar ficha.",HTTP 200 · titulo: Interpoma Fiera Bolzano · ancora: titulo da pagina: Interpoma Fiera Bolzano,,EM_ANALISE,"um item real da fonte, aberto e identificado como o atlas exige das 140 ja registadas: endereco proprio do item, tipo, titulo, HTTP, content-type, bytes e data visivel. A sonda de 14/09 leu o titulo da pagina de entrada e parou; frequencia de actualizacao, nunca medida"
Agriumbria,ORGANIZACAO,IT,https://www.agriumbria.eu/,EM_ANALISE,"prova de existencia, nao de entrega: dono PROVED_DIRECT; pais: SIM — dono italiano identificado na pagina; endereco responde HTTP 200; portao 7D = PASS (73.3/100). Falta o degrau que o atlas exige para virar ficha.","HTTP 200 · titulo: Agriumbria
 Mostra Nazionale Agricoltura Zootecnia Alimentaz · ancora: titulo da pagina: Agriumbria
 Mostra Nazionale Agr",,EM_ANALISE,"um item real da fonte, aberto e identificado como o atlas exige das 140 ja registadas: endereco proprio do item, tipo, titulo, HTTP, content-type, bytes e data visivel. A sonda de 14/09 leu o titulo da pagina de entrada e parou; frequencia de actualizacao, nunca medida"
Institut Agricole Regional — Aosta,ORGANIZACAO,IT,https://www.iaraosta.it/,JA_REGISTADA,o atlas ja tem ficha para este endereco,docs/fontes/ATLAS-DE-FONTES-EAME.md,IT-T5-007,PROMOVIDA,
Coldiretti Veneto,ORGANIZACAO,IT,https://veneto.coldiretti.it/,EM_ANALISE,"prova de existencia, nao de entrega: dono PROVED_DIRECT; pais: SIM — dominio .it e conteudo em italiano; endereco responde HTTP 200; portao 7D = REVIEW (78.90000000000001/100). Falta o degrau que o atlas exige para virar ficha.",HTTP 200 · titulo: Coldiretti - VENETO · ancora: titulo da pagina: Coldiretti - VENETO,,EM_ANALISE,"um item real da fonte, aberto e identificado como o atlas exige das 140 ja registadas: endereco proprio do item, tipo, titulo, HTTP, content-type, bytes e data visivel. A sonda de 14/09 leu o titulo da pagina de entrada e parou; frequencia de actualizacao, nunca medida"
Consorzio Tutela Prosecco DOC,ORGANIZACAO,IT,https://www.prosecco.it/,JA_REGISTADA,o atlas ja tem ficha para este endereco,docs/fontes/ATLAS-DE-FONTES-EAME.md,IT-T10-015,PROMOVIDA,
Consorzio Tutela Vini Valpolicella,ORGANIZACAO,IT,https://www.consorziovalpolicella.it/,EM_ANALISE,"prova de existencia, nao de entrega: dono PROVED_DIRECT; pais: SIM — dominio .it e conteudo em italiano; endereco responde HTTP 200; portao 7D = PASS (73/100). Falta o degrau que o atlas exige para virar ficha.",HTTP 200 · titulo: Consorzio della Valpolicella - Landing · data visivel: 2024-10-08 · ancora: titulo da pagina: Consorzio della Valpolicella - L,,EM_ANALISE,"um item real da fonte, aberto e identificado como o atlas exige das 140 ja registadas: endereco proprio do item, tipo, titulo, HTTP, content-type, bytes e data visivel. A sonda de 14/09 leu o titulo da pagina de entrada e parou"
Consorzio di Bonifica Piave,ORGANIZACAO,IT,https://www.consorziopiave.it/,EM_ANALISE,"prova de existencia, nao de entrega: dono PROVED_DIRECT; pais: SIM — dominio .it e conteudo em italiano; endereco responde HTTP 200; portao 7D = PASS (79/100). Falta o degrau que o atlas exige para virar ficha.",HTTP 200 · titulo: Consorzio Piave &#8211; Il Consorzio di bonifica Piave si oc · data visivel: 2026-05-15 · feed RSS declarado · ancora: titulo da pagina: Consorzio Piave &#8211; Il Conso,,EM_ANALISE,"um item real da fonte, aberto e identificado como o atlas exige das 140 ja registadas: endereco proprio do item, tipo, titulo, HTTP, content-type, bytes e data visivel. A sonda de 14/09 leu o titulo da pagina de entrada e parou"
Serbios,ORGANIZACAO,IT,https://www.serbios.it/,JA_REGISTADA,o atlas ja tem ficha para este endereco,docs/fontes/ATLAS-DE-FONTES-EAME.md,IT-T9-010,PROMOVIDA,
Vinitaly,ORGANIZACAO,IT,https://www.vinitaly.com/,EM_ANALISE,"prova de existencia, nao de entrega: dono PROVED_DIRECT; pais: SIM — dono italiano identificado na pagina; endereco responde HTTP 200; portao 7D = PASS (73.3/100). Falta o degrau que o atlas exige para virar ficha.",HTTP 200 · titulo: Vinitaly 2027 | 11 - 14 aprile · ancora: titulo da pagina: Vinitaly 2027 | 11 - 14 aprile,,EM_ANALISE,"um item real da fonte, aberto e identificado como o atlas exige das 140 ja registadas: endereco proprio do item, tipo, titulo, HTTP, content-type, bytes e data visivel. A sonda de 14/09 leu o titulo da pagina de entrada e parou; frequencia de actualizacao, nunca medida"
Consorzio Tutela Vini d'Abruzzo — Youtube ufficiale,YOUTUBE,IT,https://www.youtube.com/@VinidAbruzzo,EM_ANALISE,"prova de existencia, nao de entrega: dono PROVED_BY_OWNER_SITE; pais: SIM — declarado por dono italiano no proprio site; endereco responde HTTP 200; portao 7D = PASS (63/100). Falta o degrau que o atlas exige para virar ficha.",HTTP 200 · titulo: Vini d&#39;Abruzzo - YouTube · feed RSS declarado · platform_id UCJi1Vrelq8obdmS_UXP3T2g · ancora: platform_id UCJi1Vrelq8obdmS_UXP3T2g,,EM_ANALISE,"um item real da fonte, aberto e identificado como o atlas exige das 140 ja registadas: endereco proprio do item, tipo, titulo, HTTP, content-type, bytes e data visivel. A sonda de 14/09 leu o titulo da pagina de entrada e parou"
Valagro — Youtube ufficiale,YOUTUBE,IT,https://www.youtube.com/@syngenta,EM_ANALISE,"prova de existencia, nao de entrega: dono PROVED_BY_OWNER_SITE; pais: SIM — declarado por dono italiano no proprio site; endereco responde HTTP 200; portao 7D = PASS (68/100). Falta o degrau que o atlas exige para virar ficha.",HTTP 200 · titulo: Syngenta - YouTube · feed RSS declarado · platform_id UCrH6tAf1fxYyrhxW5erXd9A · ancora: platform_id UCrH6tAf1fxYyrhxW5erXd9A,,EM_ANALISE,"um item real da fonte, aberto e identificado como o atlas exige das 140 ja registadas: endereco proprio do item, tipo, titulo, HTTP, content-type, bytes e data visivel. A sonda de 14/09 leu o titulo da pagina de entrada e parou"
ARSAC Calabria — Azienda Regionale per lo Sviluppo dell'Agricoltura Calabrese — Youtube ufficiale,YOUTUBE,IT,https://www.youtube.com/channel/UCEg22ii3Awy6eyRybNqO-8Q,EM_ANALISE,"prova de existencia, nao de entrega: dono PROVED_BY_OWNER_SITE; pais: SIM — declarado por dono italiano no proprio site; endereco responde HTTP 200; portao 7D = PASS (77/100). Falta o degrau que o atlas exige para virar ficha.",HTTP 200 · titulo: Arsac web - YouTube · feed RSS declarado · platform_id UCEg22ii3Awy6eyRybNqO-8Q · ancora: platform_id UCEg22ii3Awy6eyRybNqO-8Q,,EM_ANALISE,"um item real da fonte, aberto e identificado como o atlas exige das 140 ja registadas: endereco proprio do item, tipo, titulo, HTTP, content-type, bytes e data visivel. A sonda de 14/09 leu o titulo da pagina de entrada e parou"
CNR ISAFOM — Istituto per i Sistemi Agricoli e Forestali del Mediterraneo — Youtube ufficiale,YOUTUBE,IT,https://www.youtube.com/channel/UCOiX7jy7G-NMPtaA9QaNQrg,EM_ANALISE,"prova de existencia, nao de entrega: dono PROVED_BY_OWNER_SITE; pais: SIM — declarado por dono italiano no proprio site; endereco responde HTTP 200; portao 7D = PASS (77/100). Falta o degrau que o atlas exige para virar ficha.",HTTP 200 · titulo: ISAFOM CNR - YouTube · feed RSS declarado · platform_id UCOiX7jy7G-NMPtaA9QaNQrg · ancora: platform_id UCOiX7jy7G-NMPtaA9QaNQrg,,EM_ANALISE,"um item real da fonte, aberto e identificado como o atlas exige das 140 ja registadas: endereco proprio do item, tipo, titulo, HTTP, content-type, bytes e data visivel. A sonda de 14/09 leu o titulo da pagina de entrada e parou"
UNINA Dipartimento di Agraria — Portici — Youtube ufficiale,YOUTUBE,IT,https://www.youtube.com/channel/UC3HdHdHUZomg1l3K_UWv9PQ,EM_ANALISE,"prova de existencia, nao de entrega: dono PROVED_BY_OWNER_SITE; pais: SIM — declarado por dono italiano no proprio site; endereco responde HTTP 200; portao 7D = PASS (72/100). Falta o degrau que o atlas exige para virar ficha.",HTTP 200 · titulo: Dipartimento Agraria Unina - YouTube · feed RSS declarado · platform_id UC3HdHdHUZomg1l3K_UWv9PQ · ancora: platform_id UC3HdHdHUZomg1l3K_UWv9PQ,,EM_ANALISE,"um item real da fonte, aberto e identificado como o atlas exige das 140 ja registadas: endereco proprio do item, tipo, titulo, HTTP, content-type, bytes e data visivel. A sonda de 14/09 leu o titulo da pagina de entrada e parou"
AgroNotizie — canale YouTube,YOUTUBE,IT,https://www.youtube.com/@AgroNotizie,EM_ANALISE,"prova de existencia, nao de entrega: dono PROVED_DIRECT_PLATFORM_ID; pais: SIM — dono italiano identificado na pagina; endereco responde HTTP 200; portao 7D = PASS (68/100). Falta o degrau que o atlas exige para virar ficha.",HTTP 200 · titulo: agronotizie - YouTube · feed RSS declarado · platform_id UC5lOJg4v2kFjMunah3fL23g · ancora: platform_id UC5lOJg4v2kFjMunah3fL23g,,EM_ANALISE,"um item real da fonte, aberto e identificado como o atlas exige das 140 ja registadas: endereco proprio do item, tipo, titulo, HTTP, content-type, bytes e data visivel. A sonda de 14/09 leu o titulo da pagina de entrada e parou"
CRPV — Centro Ricerche Produzioni Vegetali — Youtube ufficiale,YOUTUBE,IT,https://www.youtube.com/@rinovaricerche,EM_ANALISE,"prova de existencia, nao de entrega: dono PROVED_BY_OWNER_SITE; pais: SIM — declarado por dono italiano no proprio site; endereco responde HTTP 200; portao 7D = PASS (76/100). Falta o degrau que o atlas exige para virar ficha.",HTTP 200 · titulo: RiNova - YouTube · feed RSS declarado · platform_id UCH-UMwlZXbrOb3RrL2GejMA · ancora: platform_id UCH-UMwlZXbrOb3RrL2GejMA,,EM_ANALISE,"um item real da fonte, aberto e identificado como o atlas exige das 140 ja registadas: endereco proprio do item, tipo, titulo, HTTP, content-type, bytes e data visivel. A sonda de 14/09 leu o titulo da pagina de entrada e parou"
Cantina Sociale Cooperativa Riunite e CIV — Youtube ufficiale,YOUTUBE,IT,https://www.youtube.com/channel/UCHm8wgnyeNFP2luUq_lMPMg,EM_ANALISE,"prova de existencia, nao de entrega: dono PROVED_BY_OWNER_SITE; pais: SIM — declarado por dono italiano no proprio site; endereco responde HTTP 200; portao 7D = PASS (56/100). Falta o degrau que o atlas exige para virar ficha.",HTTP 200 · titulo: Cantine Riunite &amp; CIV - YouTube · feed RSS declarado · platform_id UCHm8wgnyeNFP2luUq_lMPMg · ancora: platform_id UCHm8wgnyeNFP2luUq_lMPMg,,EM_ANALISE,"um item real da fonte, aberto e identificado como o atlas exige das 140 ja registadas: endereco proprio do item, tipo, titulo, HTTP, content-type, bytes e data visivel. A sonda de 14/09 leu o titulo da pagina de entrada e parou"
Cifo — Youtube ufficiale,YOUTUBE,IT,https://www.youtube.com/user/cifospa,EM_ANALISE,"prova de existencia, nao de entrega: dono PROVED_BY_OWNER_SITE; pais: SIM — declarado por dono italiano no proprio site; endereco responde HTTP 200; portao 7D = PASS (68/100). Falta o degrau que o atlas exige para virar ficha.",HTTP 200 · titulo: Cifo Giardinaggio - YouTube · feed RSS declarado · platform_id UC4A5UdkaIvcbaA7z1mz-YdA · ancora: platform_id UC4A5UdkaIvcbaA7z1mz-YdA,,EM_ANALISE,"um item real da fonte, aberto e identificado como o atlas exige das 140 ja registadas: endereco proprio do item, tipo, titulo, HTTP, content-type, bytes e data visivel. A sonda de 14/09 leu o titulo da pagina de entrada e parou"
Conserve Italia — Youtube ufficiale,YOUTUBE,IT,https://www.youtube.com/channel/UCB3cnpKOvT56elhTKE7cjSg,EM_ANALISE,"prova de existencia, nao de entrega: dono PROVED_BY_OWNER_SITE; pais: SIM — declarado por dono italiano no proprio site; endereco responde HTTP 200; portao 7D = PASS (56/100). Falta o degrau que o atlas exige para virar ficha.",HTTP 200 · titulo: Conserve Italia - YouTube · feed RSS declarado · platform_id UCB3cnpKOvT56elhTKE7cjSg · ancora: platform_id UCB3cnpKOvT56elhTKE7cjSg,,EM_ANALISE,"um item real da fonte, aberto e identificado como o atlas exige das 140 ja registadas: endereco proprio do item, tipo, titulo, HTTP, content-type, bytes e data visivel. A sonda de 14/09 leu o titulo da pagina de entrada e parou"
Fondazione per l'Agricoltura F.lli Navarra — Youtube ufficiale,YOUTUBE,IT,https://www.youtube.com/@fondazionenavarra_Ferrara,EM_ANALISE,"prova de existencia, nao de entrega: dono PROVED_BY_OWNER_SITE; pais: SIM — declarado por dono italiano no proprio site; endereco responde HTTP 200; portao 7D = PASS (76/100). Falta o degrau que o atlas exige para virar ficha.",HTTP 200 · titulo: Fondazione Navarra - YouTube · feed RSS declarado · platform_id UCm-f74uymvl9TOLWqf6GOpA · ancora: platform_id UCm-f74uymvl9TOLWqf6GOpA,,EM_ANALISE,"um item real da fonte, aberto e identificado como o atlas exige das 140 ja registadas: endereco proprio do item, tipo, titulo, HTTP, content-type, bytes e data visivel. A sonda de 14/09 leu o titulo da pagina de entrada e parou"
Granarolo — Youtube ufficiale,YOUTUBE,IT,https://www.youtube.com/channel/UCQX-qwzhBwwJaIFcLL3RI2w,EM_ANALISE,"prova de existencia, nao de entrega: dono PROVED_BY_OWNER_SITE; pais: SIM — declarado por dono italiano no proprio site; endereco responde HTTP 200; portao 7D = PASS (56/100). Falta o degrau que o atlas exige para virar ficha.",HTTP 200 · titulo: Granarolo - YouTube · feed RSS declarado · platform_id UCQX-qwzhBwwJaIFcLL3RI2w · ancora: platform_id UCQX-qwzhBwwJaIFcLL3RI2w,,EM_ANALISE,"um item real da fonte, aberto e identificado como o atlas exige das 140 ja registadas: endereco proprio do item, tipo, titulo, HTTP, content-type, bytes e data visivel. A sonda de 14/09 leu o titulo da pagina de entrada e parou"
Macfrut — Youtube ufficiale,YOUTUBE,IT,https://www.youtube.com/channel/UCS-EXLzpmRwcnJNsm9SWJdA,EM_ANALISE,"prova de existencia, nao de entrega: dono PROVED_BY_OWNER_SITE; pais: SIM — declarado por dono italiano no proprio site; endereco responde HTTP 200; portao 7D = PASS (60/100). Falta o degrau que o atlas exige para virar ficha.",HTTP 200 · titulo: Macfrut Video - YouTube · feed RSS declarado · platform_id UCS-EXLzpmRwcnJNsm9SWJdA · ancora: platform_id UCS-EXLzpmRwcnJNsm9SWJdA,,EM_ANALISE,"um item real da fonte, aberto e identificado como o atlas exige das 140 ja registadas: endereco proprio do item, tipo, titulo, HTTP, content-type, bytes e data visivel. A sonda de 14/09 leu o titulo da pagina de entrada e parou"
Terra e Vita — Edagricole — Youtube ufficiale,YOUTUBE,IT,https://www.youtube.com/channel/UCrCabYjtyqdzu1zXo95o7Jw,EM_ANALISE,"prova de existencia, nao de entrega: dono PROVED_BY_OWNER_SITE; pais: SIM — declarado por dono italiano no proprio site; endereco responde HTTP 200; portao 7D = PASS (72/100). Falta o degrau que o atlas exige para virar ficha.",HTTP 200 · titulo: Edagricole - YouTube · feed RSS declarado · platform_id UCrCabYjtyqdzu1zXo95o7Jw · ancora: platform_id UCrCabYjtyqdzu1zXo95o7Jw,,EM_ANALISE,"um item real da fonte, aberto e identificado como o atlas exige das 140 ja registadas: endereco proprio do item, tipo, titulo, HTTP, content-type, bytes e data visivel. A sonda de 14/09 leu o titulo da pagina de entrada e parou"
UNIBO DISTAL — Dipartimento di Scienze e Tecnologie Agro-Alimentari — Youtube ufficiale,YOUTUBE,IT,https://www.youtube.com/channel/UCDNXhv9mPzYo5FQKkg_oSWw,EM_ANALISE,"prova de existencia, nao de entrega: dono PROVED_BY_OWNER_SITE; pais: SIM — declarado por dono italiano no proprio site; endereco responde HTTP 200; portao 7D = PASS (72/100). Falta o degrau que o atlas exige para virar ficha.","HTTP 200 · titulo: DISTAL Unibo, Scienze e Tecnologie agro-alimentari - YouTube · feed RSS declarado · platform_id UCDNXhv9mPzYo5FQKkg_oSWw · ancora: platform_id UCDNXhv9mPzYo5FQKkg_oSWw",,EM_ANALISE,"um item real da fonte, aberto e identificado como o atlas exige das 140 ja registadas: endereco proprio do item, tipo, titulo, HTTP, content-type, bytes e data visivel. A sonda de 14/09 leu o titulo da pagina de entrada e parou"
ARPA Lazio — Youtube ufficiale,YOUTUBE,IT,https://www.youtube.com/@arpa_lazio,EM_ANALISE,"prova de existencia, nao de entrega: dono PROVED_BY_OWNER_SITE; pais: SIM — declarado por dono italiano no proprio site; endereco responde HTTP 200; portao 7D = PASS (77/100). Falta o degrau que o atlas exige para virar ficha.",HTTP 200 · titulo: ARPA LAZIO - YouTube · feed RSS declarado · platform_id UC1vKirvt0hzsqE9zQAs9nTw · ancora: platform_id UC1vKirvt0hzsqE9zQAs9nTw,,EM_ANALISE,"um item real da fonte, aberto e identificado como o atlas exige das 140 ja registadas: endereco proprio do item, tipo, titulo, HTTP, content-type, bytes e data visivel. A sonda de 14/09 leu o titulo da pagina de entrada e parou"
ARPA Liguria — Youtube ufficiale,YOUTUBE,IT,https://www.youtube.com/channel/UCTK_ULXg3gzn8el_oFk-5eA,EM_ANALISE,"prova de existencia, nao de entrega: dono PROVED_BY_OWNER_SITE; pais: SIM — declarado por dono italiano no proprio site; endereco responde HTTP 200; portao 7D = PASS (77/100). Falta o degrau que o atlas exige para virar ficha.",HTTP 200 · titulo: Arpal Agenzia Regionale Protezione Ambiente Ligure - YouTube · feed RSS declarado · platform_id UCTK_ULXg3gzn8el_oFk-5eA · ancora: platform_id UCTK_ULXg3gzn8el_oFk-5eA,,EM_ANALISE,"um item real da fonte, aberto e identificado como o atlas exige das 140 ja registadas: endereco proprio do item, tipo, titulo, HTTP, content-type, bytes e data visivel. A sonda de 14/09 leu o titulo da pagina de entrada e parou"
ARPA Lombardia — Youtube ufficiale,YOUTUBE,IT,https://www.youtube.com/channel/UCamw8rL1JPLjfa3Bx6ax8Eg,EM_ANALISE,"prova de existencia, nao de entrega: dono PROVED_BY_OWNER_SITE; pais: SIM — declarado por dono italiano no proprio site; endereco responde HTTP 200; portao 7D = PASS (77/100). Falta o degrau que o atlas exige para virar ficha.",HTTP 200 · titulo: ARPA Lombardia - YouTube · feed RSS declarado · platform_id UCamw8rL1JPLjfa3Bx6ax8Eg · ancora: platform_id UCamw8rL1JPLjfa3Bx6ax8Eg,,EM_ANALISE,"um item real da fonte, aberto e identificado como o atlas exige das 140 ja registadas: endereco proprio do item, tipo, titulo, HTTP, content-type, bytes e data visivel. A sonda de 14/09 leu o titulo da pagina de entrada e parou"
Confagricoltura Lombardia — Youtube ufficiale,YOUTUBE,IT,https://www.youtube.com/channel/UCfqqPifpfaZUI30hxiygmJw,EM_ANALISE,"prova de existencia, nao de entrega: dono PROVED_BY_OWNER_SITE; pais: SIM — declarado por dono italiano no proprio site; endereco responde HTTP 200; portao 7D = PASS (65/100). Falta o degrau que o atlas exige para virar ficha.",HTTP 200 · titulo: Confagricoltura Lombardia - YouTube · feed RSS declarado · platform_id UCfqqPifpfaZUI30hxiygmJw · ancora: platform_id UCfqqPifpfaZUI30hxiygmJw,,EM_ANALISE,"um item real da fonte, aberto e identificado como o atlas exige das 140 ja registadas: endereco proprio do item, tipo, titulo, HTTP, content-type, bytes e data visivel. A sonda de 14/09 leu o titulo da pagina de entrada e parou"
Consorzio di Bonifica Est Ticino Villoresi — Youtube ufficiale,YOUTUBE,IT,https://www.youtube.com/@consorziodibonificaesttici5074,EM_ANALISE,"prova de existencia, nao de entrega: dono PROVED_BY_OWNER_SITE; pais: SIM — declarado por dono italiano no proprio site; endereco responde HTTP 200; portao 7D = PASS (63/100). Falta o degrau que o atlas exige para virar ficha.",HTTP 200 · titulo: Consorzio di Bonifica Est Ticino Villoresi - YouTube · feed RSS declarado · platform_id UCfYSI-_mzA0BWZwHcPrO0vg · ancora: platform_id UCfYSI-_mzA0BWZwHcPrO0vg,,EM_ANALISE,"um item real da fonte, aberto e identificado como o atlas exige das 140 ja registadas: endereco proprio do item, tipo, titulo, HTTP, content-type, bytes e data visivel. A sonda de 14/09 leu o titulo da pagina de entrada e parou"
Consorzio di Tutela del Grana Padano — Youtube ufficiale,YOUTUBE,IT,https://www.youtube.com/@GranaPadanoDOP,EM_ANALISE,"prova de existencia, nao de entrega: dono PROVED_BY_OWNER_SITE; pais: SIM — declarado por dono italiano no proprio site; endereco responde HTTP 200; portao 7D = PASS (63/100). Falta o degrau que o atlas exige para virar ficha.",HTTP 200 · titulo: Grana Padano DOP - YouTube · feed RSS declarado · platform_id UC_yfE6hgWx4FBDCz1PmLjxw · ancora: platform_id UC_yfE6hgWx4FBDCz1PmLjxw,,EM_ANALISE,"um item real da fonte, aberto e identificado como o atlas exige das 140 ja registadas: endereco proprio do item, tipo, titulo, HTTP, content-type, bytes e data visivel. A sonda de 14/09 leu o titulo da pagina de entrada e parou"
Fondazione Minoprio — Youtube ufficiale,YOUTUBE,IT,https://www.youtube.com/user/Fondazioneminoprio,EM_ANALISE,"prova de existencia, nao de entrega: dono PROVED_BY_OWNER_SITE; pais: SIM — declarado por dono italiano no proprio site; endereco responde HTTP 200; portao 7D = PASS (76/100). Falta o degrau que o atlas exige para virar ficha.",HTTP 200 · titulo: Fondazioneminoprio - YouTube · feed RSS declarado · platform_id UCiECZ69Hbfmcsu8O54r3geQ · ancora: platform_id UCiECZ69Hbfmcsu8O54r3geQ,,EM_ANALISE,"um item real da fonte, aberto e identificado como o atlas exige das 140 ja registadas: endereco proprio do item, tipo, titulo, HTTP, content-type, bytes e data visivel. A sonda de 14/09 leu o titulo da pagina de entrada e parou"
ARPA Marche — Youtube ufficiale,YOUTUBE,IT,https://www.youtube.com/channel/UCtBD35n-HE7x_MWnjc1kt7g,EM_ANALISE,"prova de existencia, nao de entrega: dono PROVED_BY_OWNER_SITE; pais: SIM — declarado por dono italiano no proprio site; endereco responde HTTP 200; portao 7D = PASS (77/100). Falta o degrau que o atlas exige para virar ficha.",HTTP 200 · titulo: ARPA MARCHE - YouTube · feed RSS declarado · platform_id UCtBD35n-HE7x_MWnjc1kt7g · ancora: platform_id UCtBD35n-HE7x_MWnjc1kt7g,,EM_ANALISE,"um item real da fonte, aberto e identificado como o atlas exige das 140 ja registadas: endereco proprio do item, tipo, titulo, HTTP, content-type, bytes e data visivel. A sonda de 14/09 leu o titulo da pagina de entrada e parou"
ASSAM Marche — Agenzia Servizi Settore Agroalimentare delle Marche — Youtube ufficiale,YOUTUBE,IT,https://www.youtube.com/channel/UCpiryXByW32kGxQXTlbnSXA,EM_ANALISE,"prova de existencia, nao de entrega: dono PROVED_BY_OWNER_SITE; pais: SIM — declarado por dono italiano no proprio site; endereco responde HTTP 200; portao 7D = PASS (80/100). Falta o degrau que o atlas exige para virar ficha.",HTTP 200 · titulo: AMAP Marche - YouTube · feed RSS declarado · platform_id UCpiryXByW32kGxQXTlbnSXA · ancora: platform_id UCpiryXByW32kGxQXTlbnSXA,,EM_ANALISE,"um item real da fonte, aberto e identificado como o atlas exige das 140 ja registadas: endereco proprio do item, tipo, titulo, HTTP, content-type, bytes e data visivel. A sonda de 14/09 leu o titulo da pagina de entrada e parou"
Regione Molise — Agricoltura — Youtube ufficiale,YOUTUBE,IT,https://www.youtube.com/channel/UCH_LCqE9qGb6TvpXwGudNbQ,EM_ANALISE,"prova de existencia, nao de entrega: dono PROVED_BY_OWNER_SITE; pais: SIM — declarado por dono italiano no proprio site; endereco responde HTTP 200; portao 7D = PASS (77/100). Falta o degrau que o atlas exige para virar ficha.",HTTP 200 · titulo: Regione Molise - YouTube · feed RSS declarado · platform_id UCH_LCqE9qGb6TvpXwGudNbQ · ancora: platform_id UCH_LCqE9qGb6TvpXwGudNbQ,,EM_ANALISE,"um item real da fonte, aberto e identificado como o atlas exige das 140 ja registadas: endereco proprio do item, tipo, titulo, HTTP, content-type, bytes e data visivel. A sonda de 14/09 leu o titulo da pagina de entrada e parou"
ANBI — Associazione Nazionale Consorzi di gestione e tutela del territorio e acque irrigue — Youtube ufficiale,YOUTUBE,IT,https://www.youtube.com/channel/UCFkdwOroXwCFMXHneVMeYqQ,EM_ANALISE,"prova de existencia, nao de entrega: dono PROVED_BY_OWNER_SITE; pais: SIM — declarado por dono italiano no proprio site; endereco responde HTTP 200; portao 7D = PASS (65/100). Falta o degrau que o atlas exige para virar ficha.",HTTP 200 · titulo: ANBI - Associazione Nazionale Consorzi di gestione e tutela  · feed RSS declarado · platform_id UCFkdwOroXwCFMXHneVMeYqQ · ancora: platform_id UCFkdwOroXwCFMXHneVMeYqQ,,EM_ANALISE,"um item real da fonte, aberto e identificado como o atlas exige das 140 ja registadas: endereco proprio do item, tipo, titulo, HTTP, content-type, bytes e data visivel. A sonda de 14/09 leu o titulo da pagina de entrada e parou"
Assosementi — Youtube ufficiale,YOUTUBE,IT,https://www.youtube.com/channel/UCdJ3sb6r1X0pjU6XR9OMdGw,EM_ANALISE,"prova de existencia, nao de entrega: dono PROVED_BY_OWNER_SITE; pais: SIM — declarado por dono italiano no proprio site; endereco responde HTTP 200; portao 7D = PASS (72/100). Falta o degrau que o atlas exige para virar ficha.",HTTP 200 · titulo: ASSOSEMENTI - YouTube · feed RSS declarado · platform_id UCdJ3sb6r1X0pjU6XR9OMdGw · ancora: platform_id UCdJ3sb6r1X0pjU6XR9OMdGw,,EM_ANALISE,"um item real da fonte, aberto e identificado como o atlas exige das 140 ja registadas: endereco proprio do item, tipo, titulo, HTTP, content-type, bytes e data visivel. A sonda de 14/09 leu o titulo da pagina de entrada e parou"
CIA — Agricoltori Italiani — Youtube ufficiale,YOUTUBE,IT,https://www.youtube.com/user/CiaAgricoltori,EM_ANALISE,"prova de existencia, nao de entrega: dono PROVED_BY_OWNER_SITE; pais: SIM — declarado por dono italiano no proprio site; endereco responde HTTP 200; portao 7D = PASS (65/100). Falta o degrau que o atlas exige para virar ficha.",HTTP 200 · titulo: Cia-Agricoltori Italiani - YouTube · feed RSS declarado · platform_id UC0iNaYRRl9AJzjRxOHxIpsQ · ancora: platform_id UC0iNaYRRl9AJzjRxOHxIpsQ,,EM_ANALISE,"um item real da fonte, aberto e identificado como o atlas exige das 140 ja registadas: endereco proprio do item, tipo, titulo, HTTP, content-type, bytes e data visivel. A sonda de 14/09 leu o titulo da pagina de entrada e parou"
CONAF — Consiglio Ordine Nazionale Dottori Agronomi e Forestali — Youtube ufficiale,YOUTUBE,IT,https://www.youtube.com/channel/UC4LCuwIcRPhrE2mFJ8ZXtLg,EM_ANALISE,"prova de existencia, nao de entrega: dono PROVED_BY_OWNER_SITE; pais: SIM — declarado por dono italiano no proprio site; endereco responde HTTP 200; portao 7D = PASS (65/100). Falta o degrau que o atlas exige para virar ficha.",HTTP 200 · titulo: CONAF - dottori agronomi e dottori forestali - YouTube · feed RSS declarado · platform_id UC4LCuwIcRPhrE2mFJ8ZXtLg · ancora: platform_id UC4LCuwIcRPhrE2mFJ8ZXtLg,,EM_ANALISE,"um item real da fonte, aberto e identificado como o atlas exige das 140 ja registadas: endereco proprio do item, tipo, titulo, HTTP, content-type, bytes e data visivel. A sonda de 14/09 leu o titulo da pagina de entrada e parou"
Coldiretti — Youtube ufficiale,YOUTUBE,IT,https://www.youtube.com/channel/UCEgJbey3UogPJPmdlBEAjKQ,EM_ANALISE,"prova de existencia, nao de entrega: dono PROVED_BY_OWNER_SITE; pais: SIM — declarado por dono italiano no proprio site; endereco responde HTTP 200; portao 7D = PASS (65/100). Falta o degrau que o atlas exige para virar ficha.",HTTP 200 · titulo: Coldiretti - YouTube · feed RSS declarado · platform_id UCEgJbey3UogPJPmdlBEAjKQ · ancora: platform_id UCEgJbey3UogPJPmdlBEAjKQ,,EM_ANALISE,"um item real da fonte, aberto e identificado como o atlas exige das 140 ja registadas: endereco proprio do item, tipo, titulo, HTTP, content-type, bytes e data visivel. A sonda de 14/09 leu o titulo da pagina de entrada e parou"
Confcooperative Fedagripesca — Youtube ufficiale,YOUTUBE,IT,https://www.youtube.com/channel/UCJbuSrQ57Z-dAYGI7n2VwPg,EM_ANALISE,"prova de existencia, nao de entrega: dono PROVED_BY_OWNER_SITE; pais: SIM — declarado por dono italiano no proprio site; endereco responde HTTP 200; portao 7D = PASS (72/100). Falta o degrau que o atlas exige para virar ficha.",HTTP 200 · titulo: fedagri confcooperative - YouTube · feed RSS declarado · platform_id UCJbuSrQ57Z-dAYGI7n2VwPg · ancora: platform_id UCJbuSrQ57Z-dAYGI7n2VwPg,,EM_ANALISE,"um item real da fonte, aberto e identificado como o atlas exige das 140 ja registadas: endereco proprio do item, tipo, titulo, HTTP, content-type, bytes e data visivel. A sonda de 14/09 leu o titulo da pagina de entrada e parou"
Consorzi Agrari d'Italia — CAI — Youtube ufficiale,YOUTUBE,IT,https://www.youtube.com/channel/UC84-4aKRmQbIG5eprbIaR9Q,EM_ANALISE,"prova de existencia, nao de entrega: dono PROVED_BY_OWNER_SITE; pais: SIM — declarado por dono italiano no proprio site; endereco responde HTTP 200; portao 7D = PASS (65/100). Falta o degrau que o atlas exige para virar ficha.",HTTP 200 · titulo: Consorzi Agrari d&#39;Italia - YouTube · feed RSS declarado · platform_id UC84-4aKRmQbIG5eprbIaR9Q · ancora: platform_id UC84-4aKRmQbIG5eprbIaR9Q,,EM_ANALISE,"um item real da fonte, aberto e identificado como o atlas exige das 140 ja registadas: endereco proprio do item, tipo, titulo, HTTP, content-type, bytes e data visivel. A sonda de 14/09 leu o titulo da pagina de entrada e parou"
FederBio — Youtube ufficiale,YOUTUBE,IT,https://www.youtube.com/user/FederBioItalia,EM_ANALISE,"prova de existencia, nao de entrega: dono PROVED_BY_OWNER_SITE; pais: SIM — declarado por dono italiano no proprio site; endereco responde HTTP 200; portao 7D = PASS (65/100). Falta o degrau que o atlas exige para virar ficha.",HTTP 200 · titulo: FederBioItalia - YouTube · feed RSS declarado · platform_id UCZb5Epldni2gfgoXoN15tGA · ancora: platform_id UCZb5Epldni2gfgoXoN15tGA,,EM_ANALISE,"um item real da fonte, aberto e identificado como o atlas exige das 140 ja registadas: endereco proprio do item, tipo, titulo, HTTP, content-type, bytes e data visivel. A sonda de 14/09 leu o titulo da pagina de entrada e parou"
ISPRA — Istituto Superiore per la Protezione e la Ricerca Ambientale — Youtube ufficiale,YOUTUBE,IT,https://www.youtube.com/user/ISPRAVIDEO,EM_ANALISE,"prova de existencia, nao de entrega: dono PROVED_BY_OWNER_SITE; pais: SIM — declarado por dono italiano no proprio site; endereco responde HTTP 200; portao 7D = PASS (77/100). Falta o degrau que o atlas exige para virar ficha.",HTTP 200 · titulo: ISPRA - YouTube · feed RSS declarado · platform_id UCUpCShTEkFvbXHCQRiWczjQ · ancora: platform_id UCUpCShTEkFvbXHCQRiWczjQ,,EM_ANALISE,"um item real da fonte, aberto e identificado como o atlas exige das 140 ja registadas: endereco proprio do item, tipo, titulo, HTTP, content-type, bytes e data visivel. A sonda de 14/09 leu o titulo da pagina de entrada e parou"
Koppert Italia — Youtube ufficiale,YOUTUBE,IT,https://www.youtube.com/channel/UCmPpv0_TilfaF9Df5SzeFiQ,EM_ANALISE,"prova de existencia, nao de entrega: dono PROVED_BY_OWNER_SITE; pais: SIM — declarado por dono italiano no proprio site; endereco responde HTTP 200; portao 7D = PASS (68/100). Falta o degrau que o atlas exige para virar ficha.",HTTP 200 · titulo: Koppert Italia - YouTube · feed RSS declarado · platform_id UCmPpv0_TilfaF9Df5SzeFiQ · ancora: platform_id UCmPpv0_TilfaF9Df5SzeFiQ,,EM_ANALISE,"um item real da fonte, aberto e identificado como o atlas exige das 140 ja registadas: endereco proprio do item, tipo, titulo, HTTP, content-type, bytes e data visivel. A sonda de 14/09 leu o titulo da pagina de entrada e parou"
Myfruit.it — Youtube ufficiale,YOUTUBE,IT,https://www.youtube.com/user/myfruitvideo,EM_ANALISE,"prova de existencia, nao de entrega: dono PROVED_BY_OWNER_SITE; pais: SIM — declarado por dono italiano no proprio site; endereco responde HTTP 200; portao 7D = PASS (56/100). Falta o degrau que o atlas exige para virar ficha.",HTTP 200 · titulo: myfruit - YouTube · feed RSS declarado · platform_id UCfdN2DQZBfZo-7VgBqotYuQ · ancora: platform_id UCfdN2DQZBfZo-7VgBqotYuQ,,EM_ANALISE,"um item real da fonte, aberto e identificado como o atlas exige das 140 ja registadas: endereco proprio do item, tipo, titulo, HTTP, content-type, bytes e data visivel. A sonda de 14/09 leu o titulo da pagina de entrada e parou"
Noi Siamo Agricoltura — canale YouTube,YOUTUBE,IT,https://www.youtube.com/@NoiSiamoAgricoltura,EM_ANALISE,"prova de existencia, nao de entrega: dono PROVED_DIRECT_PLATFORM_ID; pais: SIM — dono italiano identificado na pagina; endereco responde HTTP 200; portao 7D = PASS (56/100). Falta o degrau que o atlas exige para virar ficha.",HTTP 200 · titulo: Noi Siamo Agricoltura - YouTube · feed RSS declarado · platform_id UCTs0wRmwBLKHlhRD4Ot5K1Q · ancora: platform_id UCTs0wRmwBLKHlhRD4Ot5K1Q,,EM_ANALISE,"um item real da fonte, aberto e identificado como o atlas exige das 140 ja registadas: endereco proprio do item, tipo, titulo, HTTP, content-type, bytes e data visivel. A sonda de 14/09 leu o titulo da pagina de entrada e parou"
Olio Officina — Youtube ufficiale,YOUTUBE,IT,https://www.youtube.com/channel/UCXUG407gp3CnWnfS3ycijhA,EM_ANALISE,"prova de existencia, nao de entrega: dono PROVED_BY_OWNER_SITE; pais: SIM — declarado por dono italiano no proprio site; endereco responde HTTP 200; portao 7D = PASS (56/100). Falta o degrau que o atlas exige para virar ficha.",HTTP 200 · titulo: Olio Officina. - YouTube · feed RSS declarado · platform_id UCXUG407gp3CnWnfS3ycijhA · ancora: platform_id UCXUG407gp3CnWnfS3ycijhA,,EM_ANALISE,"um item real da fonte, aberto e identificado como o atlas exige das 140 ja registadas: endereco proprio do item, tipo, titulo, HTTP, content-type, bytes e data visivel. A sonda de 14/09 leu o titulo da pagina de entrada e parou"
Pianeta PSR — Youtube ufficiale,YOUTUBE,IT,https://www.youtube.com/user/reterurale,EM_ANALISE,"prova de existencia, nao de entrega: dono PROVED_BY_OWNER_SITE; pais: SIM — declarado por dono italiano no proprio site; endereco responde HTTP 200; portao 7D = PASS (77/100). Falta o degrau que o atlas exige para virar ficha.",HTTP 200 · titulo: Rete Nazionale PAC - YouTube · feed RSS declarado · platform_id UCZvge-xP6fg5S5DvUxjNbGQ · ancora: platform_id UCZvge-xP6fg5S5DvUxjNbGQ,,EM_ANALISE,"um item real da fonte, aberto e identificado como o atlas exige das 140 ja registadas: endereco proprio do item, tipo, titulo, HTTP, content-type, bytes e data visivel. A sonda de 14/09 leu o titulo da pagina de entrada e parou"
Societa Entomologica Italiana — Youtube ufficiale,YOUTUBE,IT,https://www.youtube.com/channel/UCnY1rs74L8pttWxtBiZwULQ,EM_ANALISE,"prova de existencia, nao de entrega: dono PROVED_BY_OWNER_SITE; pais: SIM — declarado por dono italiano no proprio site; endereco responde HTTP 200; portao 7D = PASS (68/100). Falta o degrau que o atlas exige para virar ficha.",HTTP 200 · titulo: Società Entomologica Italiana - YouTube · feed RSS declarado · platform_id UCnY1rs74L8pttWxtBiZwULQ · ancora: platform_id UCnY1rs74L8pttWxtBiZwULQ,,EM_ANALISE,"um item real da fonte, aberto e identificado como o atlas exige das 140 ja registadas: endereco proprio do item, tipo, titulo, HTTP, content-type, bytes e data visivel. A sonda de 14/09 leu o titulo da pagina de entrada e parou"
Stato Brado — canale YouTube,YOUTUBE,IT,https://www.youtube.com/@statobrado,EM_ANALISE,"prova de existencia, nao de entrega: dono PROVED_DIRECT_PLATFORM_ID; pais: SIM — dono italiano identificado na pagina; endereco responde HTTP 200; portao 7D = PASS (60/100). Falta o degrau que o atlas exige para virar ficha.",HTTP 200 · titulo: Stato Brado - YouTube · feed RSS declarado · platform_id UC-bCqmo3pB9hTaYLXbL63tA · ancora: platform_id UC-bCqmo3pB9hTaYLXbL63tA,,EM_ANALISE,"um item real da fonte, aberto e identificado como o atlas exige das 140 ja registadas: endereco proprio do item, tipo, titulo, HTTP, content-type, bytes e data visivel. A sonda de 14/09 leu o titulo da pagina de entrada e parou"
Agromoderni — canale YouTube,YOUTUBE,IT,https://www.youtube.com/@Agromoderni,EM_ANALISE,"prova de existencia, nao de entrega: dono PROVED_DIRECT_PLATFORM_ID; pais: SIM — dono italiano identificado na pagina; endereco responde HTTP 200; portao 7D = PASS (60/100). Falta o degrau que o atlas exige para virar ficha.",HTTP 200 · titulo: Agromoderni - YouTube · feed RSS declarado · platform_id UCL5CytQ5EchuoCl0QQhElQw · ancora: platform_id UCL5CytQ5EchuoCl0QQhElQw,,EM_ANALISE,"um item real da fonte, aberto e identificado como o atlas exige das 140 ja registadas: endereco proprio do item, tipo, titulo, HTTP, content-type, bytes e data visivel. A sonda de 14/09 leu o titulo da pagina de entrada e parou"
Regione Piemonte — Agricoltura e cibo — Youtube ufficiale,YOUTUBE,IT,https://www.youtube.com/user/LaRegionePiemonte,EM_ANALISE,"prova de existencia, nao de entrega: dono PROVED_BY_OWNER_SITE; pais: SIM — declarado por dono italiano no proprio site; endereco responde HTTP 200; portao 7D = PASS (77/100). Falta o degrau que o atlas exige para virar ficha.",HTTP 200 · titulo: LaRegionePiemonte - YouTube · feed RSS declarado · platform_id UCZd755PSrP2Jm8zk38LgtHA · ancora: platform_id UCZd755PSrP2Jm8zk38LgtHA,,EM_ANALISE,"um item real da fonte, aberto e identificado como o atlas exige das 140 ja registadas: endereco proprio do item, tipo, titulo, HTTP, content-type, bytes e data visivel. A sonda de 14/09 leu o titulo da pagina de entrada e parou"
Agrilevante — Youtube ufficiale,YOUTUBE,IT,https://www.youtube.com/user/Agrilevante/feed,EM_ANALISE,"prova de existencia, nao de entrega: dono PROVED_BY_OWNER_SITE; pais: SIM — declarado por dono italiano no proprio site; endereco responde HTTP 200; portao 7D = PASS (60/100). Falta o degrau que o atlas exige para virar ficha.",HTTP 200 · titulo: Agrilevante by EIMA - YouTube · feed RSS declarado · platform_id UCxqWrxc-sInT6ODtyHUzZRA · ancora: platform_id UCxqWrxc-sInT6ODtyHUzZRA,,EM_ANALISE,"um item real da fonte, aberto e identificado como o atlas exige das 140 ja registadas: endereco proprio do item, tipo, titulo, HTTP, content-type, bytes e data visivel. A sonda de 14/09 leu o titulo da pagina de entrada e parou"
UNIBA DiSSPA — Dipartimento di Scienze del Suolo della Pianta e degli Alimenti — Youtube ufficiale,YOUTUBE,IT,https://www.youtube.com/user/unialdomoro,EM_ANALISE,"prova de existencia, nao de entrega: dono PROVED_BY_OWNER_SITE; pais: SIM — declarado por dono italiano no proprio site; endereco responde HTTP 200; portao 7D = PASS (72/100). Falta o degrau que o atlas exige para virar ficha.",HTTP 200 · titulo: Università degli Studi di Bari Aldo Moro - YouTube · feed RSS declarado · platform_id UCWD-2QiKuzZIA8WW1SAoH0w · ancora: platform_id UCWD-2QiKuzZIA8WW1SAoH0w,,EM_ANALISE,"um item real da fonte, aberto e identificado como o atlas exige das 140 ja registadas: endereco proprio do item, tipo, titulo, HTTP, content-type, bytes e data visivel. A sonda de 14/09 leu o titulo da pagina de entrada e parou"
UNICT Di3A — Dipartimento di Agricoltura Alimentazione e Ambiente — Youtube ufficiale,YOUTUBE,IT,https://www.youtube.com/channel/UCKdQcnPtPZs3k08e5jrFSNQ,EM_ANALISE,"prova de existencia, nao de entrega: dono PROVED_BY_OWNER_SITE; pais: SIM — declarado por dono italiano no proprio site; endereco responde HTTP 200; portao 7D = PASS (72/100). Falta o degrau que o atlas exige para virar ficha.",HTTP 200 · titulo: Di3A - YouTube · feed RSS declarado · platform_id UCKdQcnPtPZs3k08e5jrFSNQ · ancora: platform_id UCKdQcnPtPZs3k08e5jrFSNQ,,EM_ANALISE,"um item real da fonte, aberto e identificado como o atlas exige das 140 ja registadas: endereco proprio do item, tipo, titulo, HTTP, content-type, bytes e data visivel. A sonda de 14/09 leu o titulo da pagina de entrada e parou"
Consorzio Vino Chianti Classico — Youtube ufficiale,YOUTUBE,IT,https://www.youtube.com/user/vinochianticlassico,EM_ANALISE,"prova de existencia, nao de entrega: dono PROVED_BY_OWNER_SITE; pais: SIM — declarado por dono italiano no proprio site; endereco responde HTTP 200; portao 7D = PASS (63/100). Falta o degrau que o atlas exige para virar ficha.",HTTP 200 · titulo: Chianti Classico - YouTube · feed RSS declarado · platform_id UCC19gccUupOm590hcozwdBA · ancora: platform_id UCC19gccUupOm590hcozwdBA,,EM_ANALISE,"um item real da fonte, aberto e identificado como o atlas exige das 140 ja registadas: endereco proprio do item, tipo, titulo, HTTP, content-type, bytes e data visivel. A sonda de 14/09 leu o titulo da pagina de entrada e parou"
Consorzio del Vino Brunello di Montalcino — Youtube ufficiale,YOUTUBE,IT,https://www.youtube.com/user/brunello1888,EM_ANALISE,"prova de existencia, nao de entrega: dono PROVED_BY_OWNER_SITE; pais: SIM — declarado por dono italiano no proprio site; endereco responde HTTP 200; portao 7D = PASS (63/100). Falta o degrau que o atlas exige para virar ficha.",HTTP 200 · titulo: Consorzio del Vino Brunello di Montalcino - YouTube · feed RSS declarado · platform_id UCFEHyFgwGUYCa2OKHjDUd1g · ancora: platform_id UCFEHyFgwGUYCa2OKHjDUd1g,,EM_ANALISE,"um item real da fonte, aberto e identificado como o atlas exige das 140 ja registadas: endereco proprio do item, tipo, titulo, HTTP, content-type, bytes e data visivel. A sonda de 14/09 leu o titulo da pagina de entrada e parou"
Georgofili INFO — notiziario — Youtube ufficiale,YOUTUBE,IT,https://www.youtube.com/channel/UCosKzVZGcw6VR3sW9QKGkVw,EM_ANALISE,"prova de existencia, nao de entrega: dono PROVED_BY_OWNER_SITE; pais: SIM — declarado por dono italiano no proprio site; endereco responde HTTP 200; portao 7D = PASS (68/100). Falta o degrau que o atlas exige para virar ficha.",HTTP 200 · titulo: Accademia dei Georgofili - YouTube · feed RSS declarado · platform_id UCosKzVZGcw6VR3sW9QKGkVw · ancora: platform_id UCosKzVZGcw6VR3sW9QKGkVw,,EM_ANALISE,"um item real da fonte, aberto e identificado como o atlas exige das 140 ja registadas: endereco proprio do item, tipo, titulo, HTTP, content-type, bytes e data visivel. A sonda de 14/09 leu o titulo da pagina de entrada e parou"
Regione Toscana — Agricoltura — Youtube ufficiale,YOUTUBE,IT,https://www.youtube.com/c/RegioneToscanaUfficiale,EM_ANALISE,"prova de existencia, nao de entrega: dono PROVED_BY_OWNER_SITE; pais: SIM — declarado por dono italiano no proprio site; endereco responde HTTP 200; portao 7D = PASS (77/100). Falta o degrau que o atlas exige para virar ficha.",HTTP 200 · titulo: Regione Toscana - YouTube · feed RSS declarado · platform_id UC8fp1anRLt5xmyirKPIE_zg · ancora: platform_id UC8fp1anRLt5xmyirKPIE_zg,,EM_ANALISE,"um item real da fonte, aberto e identificado como o atlas exige das 140 ja registadas: endereco proprio do item, tipo, titulo, HTTP, content-type, bytes e data visivel. A sonda de 14/09 leu o titulo da pagina de entrada e parou"
WineNews — Youtube ufficiale,YOUTUBE,IT,https://www.youtube.com/user/winetv,EM_ANALISE,"prova de existencia, nao de entrega: dono PROVED_BY_OWNER_SITE; pais: SIM — declarado por dono italiano no proprio site; endereco responde HTTP 200; portao 7D = PASS (56/100). Falta o degrau que o atlas exige para virar ficha.",HTTP 200 · titulo: winetv - YouTube · feed RSS declarado · platform_id UCVc4Edn_BaeH00XULZ0SqgQ · ancora: platform_id UCVc4Edn_BaeH00XULZ0SqgQ,,EM_ANALISE,"um item real da fonte, aberto e identificado como o atlas exige das 140 ja registadas: endereco proprio do item, tipo, titulo, HTTP, content-type, bytes e data visivel. A sonda de 14/09 leu o titulo da pagina de entrada e parou"
APPA Trento — Agenzia provinciale protezione ambiente — Youtube ufficiale,YOUTUBE,IT,https://www.youtube.com/channel/UCxIuSXfCNVnzTLD3EJFcQng,EM_ANALISE,"prova de existencia, nao de entrega: dono PROVED_BY_OWNER_SITE; pais: SIM — declarado por dono italiano no proprio site; endereco responde HTTP 200; portao 7D = PASS (77/100). Falta o degrau que o atlas exige para virar ficha.",HTTP 200 · titulo: educazioneambientale Appa - YouTube · feed RSS declarado · platform_id UCxIuSXfCNVnzTLD3EJFcQng · ancora: platform_id UCxIuSXfCNVnzTLD3EJFcQng,,EM_ANALISE,"um item real da fonte, aberto e identificado como o atlas exige das 140 ja registadas: endereco proprio do item, tipo, titulo, HTTP, content-type, bytes e data visivel. A sonda de 14/09 leu o titulo da pagina de entrada e parou"
Interpoma — Youtube ufficiale,YOUTUBE,IT,https://www.youtube.com/channel/UCCIKHiNQVo8mIJyu_6aYHWA,EM_ANALISE,"prova de existencia, nao de entrega: dono PROVED_BY_OWNER_SITE; pais: SIM — declarado por dono italiano no proprio site; endereco responde HTTP 200; portao 7D = PASS (60/100). Falta o degrau que o atlas exige para virar ficha.",HTTP 200 · titulo: FieraMesse BolzanoBozen - YouTube · feed RSS declarado · platform_id UCCIKHiNQVo8mIJyu_6aYHWA · ancora: platform_id UCCIKHiNQVo8mIJyu_6aYHWA,,EM_ANALISE,"um item real da fonte, aberto e identificado como o atlas exige das 140 ja registadas: endereco proprio do item, tipo, titulo, HTTP, content-type, bytes e data visivel. A sonda de 14/09 leu o titulo da pagina de entrada e parou"
Libera Universita di Bolzano — Facolta di Scienze agrarie ambientali e alimentari — Youtube ufficiale,YOUTUBE,IT,https://www.youtube.com/channel/UCWRr0vMGqdmyqzdm3bNGY4Q,EM_ANALISE,"prova de existencia, nao de entrega: dono PROVED_BY_OWNER_SITE; pais: SIM — declarado por dono italiano no proprio site; endereco responde HTTP 200; portao 7D = PASS (72/100). Falta o degrau que o atlas exige para virar ficha.",HTTP 200 · titulo: Free University of Bozen-Bolzano - YouTube · feed RSS declarado · platform_id UCWRr0vMGqdmyqzdm3bNGY4Q · ancora: platform_id UCWRr0vMGqdmyqzdm3bNGY4Q,,EM_ANALISE,"um item real da fonte, aberto e identificado como o atlas exige das 140 ja registadas: endereco proprio do item, tipo, titulo, HTTP, content-type, bytes e data visivel. A sonda de 14/09 leu o titulo da pagina de entrada e parou"
Agriumbria — Youtube ufficiale,YOUTUBE,IT,https://www.youtube.com/user/Agriumbria,EM_ANALISE,"prova de existencia, nao de entrega: dono PROVED_BY_OWNER_SITE; pais: SIM — declarado por dono italiano no proprio site; endereco responde HTTP 200; portao 7D = PASS (60/100). Falta o degrau que o atlas exige para virar ficha.",HTTP 200 · titulo: Agriumbria - YouTube · feed RSS declarado · platform_id UCB345okRbU6TqQyWXd8D8oA · ancora: platform_id UCB345okRbU6TqQyWXd8D8oA,,EM_ANALISE,"um item real da fonte, aberto e identificado como o atlas exige das 140 ja registadas: endereco proprio do item, tipo, titulo, HTTP, content-type, bytes e data visivel. A sonda de 14/09 leu o titulo da pagina de entrada e parou"
Regione Valle d'Aosta — Agricoltura — Youtube ufficiale,YOUTUBE,IT,https://www.youtube.com/channel/UC4wxlAIQauBZe7CDnLXkWqA,EM_ANALISE,"prova de existencia, nao de entrega: dono PROVED_BY_OWNER_SITE; pais: SIM — declarado por dono italiano no proprio site; endereco responde HTTP 200; portao 7D = PASS (77/100). Falta o degrau que o atlas exige para virar ficha.",HTTP 200 · titulo: Lavoro Regione VdA - YouTube · feed RSS declarado · platform_id UC4wxlAIQauBZe7CDnLXkWqA · ancora: platform_id UC4wxlAIQauBZe7CDnLXkWqA,,EM_ANALISE,"um item real da fonte, aberto e identificado como o atlas exige das 140 ja registadas: endereco proprio do item, tipo, titulo, HTTP, content-type, bytes e data visivel. A sonda de 14/09 leu o titulo da pagina de entrada e parou"
Consorzio Tutela Prosecco DOC — Youtube ufficiale,YOUTUBE,IT,https://www.youtube.com/user/ProseccoSuperiore,EM_ANALISE,"prova de existencia, nao de entrega: dono PROVED_BY_OWNER_SITE; pais: SIM — declarado por dono italiano no proprio site; endereco responde HTTP 200; portao 7D = PASS (63/100). Falta o degrau que o atlas exige para virar ficha.",HTTP 200 · titulo: Conegliano Valdobbiadene Prosecco Superiore DOCG - YouTube · feed RSS declarado · platform_id UC3VPPuduz1p_fouWblztteQ · ancora: platform_id UC3VPPuduz1p_fouWblztteQ,,EM_ANALISE,"um item real da fonte, aberto e identificado como o atlas exige das 140 ja registadas: endereco proprio do item, tipo, titulo, HTTP, content-type, bytes e data visivel. A sonda de 14/09 leu o titulo da pagina de entrada e parou"
Consorzio Tutela Vini Valpolicella — Youtube ufficiale,YOUTUBE,IT,https://www.youtube.com/channel/UCpdWeEtUCU1aHhJnj2TwheA,EM_ANALISE,"prova de existencia, nao de entrega: dono PROVED_BY_OWNER_SITE; pais: SIM — declarado por dono italiano no proprio site; endereco responde HTTP 200; portao 7D = PASS (63/100). Falta o degrau que o atlas exige para virar ficha.",HTTP 200 · titulo: Consorzio per la Tutela dei Vini Valpolicella - YouTube · feed RSS declarado · platform_id UCpdWeEtUCU1aHhJnj2TwheA · ancora: platform_id UCpdWeEtUCU1aHhJnj2TwheA,,EM_ANALISE,"um item real da fonte, aberto e identificado como o atlas exige das 140 ja registadas: endereco proprio do item, tipo, titulo, HTTP, content-type, bytes e data visivel. A sonda de 14/09 leu o titulo da pagina de entrada e parou"
Consorzio di Bonifica Piave — Youtube ufficiale,YOUTUBE,IT,https://www.youtube.com/channel/UCmRWXB6nOPLc5x42XXhGrWg,EM_ANALISE,"prova de existencia, nao de entrega: dono PROVED_BY_OWNER_SITE; pais: SIM — declarado por dono italiano no proprio site; endereco responde HTTP 200; portao 7D = PASS (63/100). Falta o degrau que o atlas exige para virar ficha.",HTTP 200 · titulo: Consorzio di bonifica Piave  - YouTube · feed RSS declarado · platform_id UCmRWXB6nOPLc5x42XXhGrWg · ancora: platform_id UCmRWXB6nOPLc5x42XXhGrWg,,EM_ANALISE,"um item real da fonte, aberto e identificado como o atlas exige das 140 ja registadas: endereco proprio do item, tipo, titulo, HTTP, content-type, bytes e data visivel. A sonda de 14/09 leu o titulo da pagina de entrada e parou"
L'Informatore Agrario — canale YouTube,YOUTUBE,IT,https://www.youtube.com/@informatoreagrario,EM_ANALISE,"prova de existencia, nao de entrega: dono PROVED_DIRECT_PLATFORM_ID; pais: SIM — dono italiano identificado na pagina; endereco responde HTTP 200; portao 7D = PASS (72/100). Falta o degrau que o atlas exige para virar ficha.",HTTP 200 · titulo: L&#39;Informatore Agrario - YouTube · feed RSS declarado · platform_id UCLqKnJJf6VBExBf5qp8N74w · ancora: platform_id UCLqKnJJf6VBExBf5qp8N74w,,EM_ANALISE,"um item real da fonte, aberto e identificado como o atlas exige das 140 ja registadas: endereco proprio do item, tipo, titulo, HTTP, content-type, bytes e data visivel. A sonda de 14/09 leu o titulo da pagina de entrada e parou"
