Prodotti fitosanitari venduti nell'anno 2014 (fonte dati: Autorità regionale competente, dichiarazioni di vendita p.f. 2014, art. 16 D.Lgs. 150/2012);;;;;;;Sostanze attive vendute nell'anno 2014 (fonte dati: Autorità regionale competente, dichiarazioni di vendita p.f. 2014, art. 16 D.Lgs. 150/2012);;;;;
(le elaborazioni eseguite si riferiscono alle informazioni contenute nella Banca Dati prodotti fitosanitari del Ministero della Salute  al 01/01/2015);;;;;;;(le elaborazioni eseguite si riferiscono alle informazioni contenute nella Banca Dati prodotti fitosanitari del Ministero della Salute  al 01/01/2015);;;;;
Provincia ULSS;Azienda ULSS;N. Reg. ;Nome Prodotto venduto;Quantità (Kg o litri);;;Azienda ULSS;Provincia ULSS;Sostanza attiva venduta;Quantità (Kg);;
;;;;;;;;;;;;
BL;1;1583;MICROTHIOL DISPERSS;25;;;1;BL;2,4-D;0,49;;
BL;1;1850;IDRORAME FLOW;43;;;1;BL;2,4-D (SALE DIMETILAMMINICO);1,54;;
BL;1;2259;PASTA LUMACHICIDA IN GRANI;30;;;1;BL;ACETAMIPRID;0,05;;
BL;1;2923;TIOVIT JET;10;;;1;BL;ACLONIFEN;3,47;;
BL;1;2950;ADESIL A;11;;;1;BL;ALCOOL LAURILICO ETOSSILATO;0,01;;
BL;1;2972;BIODAST;4;;;1;BL;AMETOCTRADIN;0,6;;
BL;1;2983;NIMROD;0,25;;;1;BL;AMINOPYRALID;0,93;;
BL;1;2995;ESCARTOX;1660;;;1;BL;AZADIRACHTIN A (AZADIRACTINA A);0,01;;
BL;1;3065;OLIOCIN;201,5;;;1;BL;AZOXYSTROBIN;5,57;;
BL;1;3219;CARAKOL AGRO;394;;;1;BL;BACILLUS SUBTILIS (CEPPO QST 713);0,09;;
BL;1;3767;FENOXILENE MAX;1;;;1;BL;BIFENAZATE;0,01;;
BL;1;3800;CRITTAM WG;20;;;1;BL;BORDEAUX MIXTURE (RAME POLTIGLIA BORDOLESE);9,4;;
BL;1;4012;RELDAN 22;6,8;;;1;BL;BROMADIOLONE;0;;
BL;1;4157;IROL PLUS;57;;;1;BL;BUPIRIMATE;0,06;;
BL;1;4710;ALIETTE;3,75;;;1;BL;BUPROFEZIN;0,07;;
BL;1;5299;MIBIOL;52,5;;;1;BL;CARFENTRAZONE-ETHYL;0,26;;
BL;1;5467;METADENE;60;;;1;BL;CHLORANTRANILIPROLE;0,11;;
BL;1;6389;DUECI-FITO RADICANTE;0,7;;;1;BL;CHLORPYRIFOS;32,56;;
BL;1;6632;DIPPER;6;;;1;BL;CHLORPYRIFOS-METHYL;1,5;;
BL;1;6719;LIOSOL BETA;4;;;1;BL;CIFLUTRIN;0,01;;
BL;1;6751;RASEN FLORANID;120;;;1;BL;CLOPYRALID;0,08;;
BL;1;6945;TOPAS 10 EC;11,34;;;1;BL;COPPER HYDROXIDE (RAME IDROSSIDO);3,1;;
BL;1;6955;METACID;60;;;1;BL;COPPER OXIDE (RAME OSSIDO);0,75;;
BL;1;7369;SYLLIT FLO;14,5;;;1;BL;COPPER OXYCHLORIDE (RAME OSSICLORURO);90,38;;
BL;1;7530;BIOLID E;0,3;;;1;BL;COPPER SULFATE (RAME SOLFATO);234,28;;
BL;1;7732;KESHET EW;1;;;1;BL;CYMOXANIL;0,48;;
BL;1;7916;POLYRAM DF;10;;;1;BL;CYPERMETHRIN;0;;
BL;1;7922;OPALENE;109;;;1;BL;CYPRODINIL;1,38;;
BL;1;8001;AGRO-PYR;1,34;;;1;BL;CYPROSULFAMIDE;20,04;;
BL;1;8117;BASTA 200;10;;;1;BL;DELTAMETHRIN;0,67;;
BL;1;8184;CHALLENGE;7;;;1;BL;DENATHONIUM BENZOATE (DENATONIO BENZOATO);0,12;;
BL;1;8189;FORCE;180;;;1;BL;DICAMBA;49,53;;
BL;1;8201;GLISTER;7;;;1;BL;DICAMBA SALE DIMETILAMMINICO;0,12;;
BL;1;8207;LONTREL 75 G;0,1;;;1;BL;DICAMBA SALE SODICO;3,39;;
BL;1;8382;ROUNDUP BIOFLOW;213,48;;;1;BL;DIFENOCONAZOLE;0,3;;
BL;1;8429;GLYFOS SL;10;;;1;BL;DIMETHOATE;0,33;;
BL;1;8540;PAMPA/GHIBLI;20;;;1;BL;DIMETHOMORPH;4,28;;
BL;1;8542;FORUM 50 WP;3,4;;;1;BL;DITHIANON;4,9;;
BL;1;8565;ROUNDUP RTU;5;;;1;BL;DODINE;11,88;;
BL;1;8646;ACTIVUS EC/PANDA;7;;;1;BL;ETOXAZOLE;0,05;;
BL;1;8656;GLIFENE HP;238;;;1;BL;FENOXAPROP-P-ETHYL;0,11;;
BL;1;8726;OVISPRAY;6;;;1;BL;FERRIC PHOSPHATE (FOSFATO FERRICO);1,9;;
BL;1;8743;GREENEX;4,1;;;1;BL;FLUDIOXONIL;0,25;;
BL;1;8801;SCORE 25 EC;1,28;;;1;BL;FLUFENACET;1,26;;
BL;1;8841;CYREN 7,5 G;148;;;1;BL;FLUOPICOLIDE;0,48;;
BL;1;8859;MASTIFF;100;;;1;BL;FLUROXYPYR;3,25;;
BL;1;8984;GLIPHOGAN TOP MK;20;;;1;BL;FLUVALINATE;0,02;;
BL;1;8987;CONFIDOR 200 SL;4,63;;;1;BL;FOSETYL-ALUMINIUM;16,98;;
BL;1;9126;CONCORDE COMBI;1;;;1;BL;GLUFOSINATE-AMMONIUM;1,8;;
BL;1;9330;GLIFO 41;14,5;;;1;BL;GLYPHOSATE (GLIFOSATE);1.368,32;;
BL;1;9364;RAPIDO;71;;;1;BL;HEXYTHIAZOX;0;;
BL;1;9373;CHORUS;2;;;1;BL;IMAZAMOX;1;;
BL;1;9422;EVADE;1,2;;;1;BL;IMIDACLOPRID;3,42;;
BL;1;9463;KLARO KIT;376;;;1;BL;IPROVALICARB;0,03;;
BL;1;9578;SWITCH;1;;;1;BL;ISOXAFLUTOLE;30,51;;
BL;1;9673;SEPRA-BAIT;38;;;1;BL;LAMBDA-CYHALOTHRIN;12,22;;
BL;1;9675;PANTOX 360;21;;;1;BL;MCPA;0,68;;
BL;1;9747;FURY;7,2;;;1;BL;MECOPROP-P;0,29;;
BL;1;9800;MAVRIK 20 EW;0,11;;;1;BL;MESOTRIONE;7,4;;
BL;1;9867;4 STAGIONI;2;;;1;BL;METAFLUMIZONE;0,15;;
BL;1;9940;ZELIG GR;210;;;1;BL;METALAXYL M;1,84;;
BL;1;9941;BUMPER P;5;;;1;BL;METALDEHYDE (METALDEIDE);178,79;;
BL;1;9954;JOKER;233;;;1;BL;METHOXYFENOZIDE;0,23;;
BL;1;10118;AMISTAR;20;;;1;BL;METIRAM;9,32;;
BL;1;10127;DECIS JET;7,55;;;1;BL;METRIBUZIN;6,37;;
BL;1;10158;PIREFLOR;0,45;;;1;BL;NAA;0;;
BL;1;10161;ORTIVA;4;;;1;BL;NICOSULFURON;12,37;;
BL;1;10184;TIMBREL EV;0,9;;;1;BL;OXADIAZON;0,16;;
BL;1;10230;LUMAPLUS;46;;;1;BL;OXYFLUORFEN;0,56;;
BL;1;10233;BORDOSEP;5;;;1;BL;PARAFFIN OIL/(CAS 64742-46-7);7,76;;
BL;1;10296;IPERION;74;;;1;BL;PARAFFIN OIL/(CAS 8042-47-5);290,64;;
BL;1;10372;RASIKAL QUICK;101;;;1;BL;PENCONAZOLE;1,16;;
BL;1;10456;KLARO ULTRA;271;;;1;BL;PENDIMETHALIN;9,19;;
BL;1;10494;PREMIUM TOP;33;;;1;BL;PIPERONYL BUTOXIDE (PIPERONIL BUTOSSIDO);0,04;;
BL;1;10581;CITRIN EC;0,04;;;1;BL;PROCHLORAZ;1,74;;
BL;1;10632;COBRE NORDOX SUPER 75 WG;1;;;1;BL;PROPAMOCARB;0,24;;
BL;1;10701;CUMETA FLOW;20;;;1;BL;PROPAQUIZAFOP;3,01;;
BL;1;10734;DUAL GOLD;32;;;1;BL;PROPICONAZOLE;0,39;;
BL;1;10735;PRIMAGRAM GOLD;67;;;1;BL;PYRETHRIN I;0,05;;
BL;1;10753;FOLICUR SE;15,85;;;1;BL;PYRETHRINS;0,15;;
BL;1;10799;OSSIRAM;1,1;;;1;BL;PYRIMETHANIL;0,01;;
BL;1;10973;PYRINEX PRONTO;7,5;;;1;BL;QUIZALOFOP-P-ETILE;0,01;;
BL;1;11045;DODIPREV 35;2,5;;;1;BL;RIMSULFURON;0,03;;
BL;1;11102;HELIOSOUFRE S;20,7;;;1;BL;SHEEP FAT (GRASSO DI PECORA);0,26;;
BL;1;11119;FLINT;0,06;;;1;BL;S-METOLACHLOR;173,36;;
BL;1;11253;CALLISTO;38;;;1;BL;SODIUM DIOCTYL SULFOSUCCINATE (AUTORIZZATO SOLO COME COADIUVANTE);1,53;;
BL;1;11307;AGRIRAT;5;;;1;BL;SORBITAN MONOLEATO;6,84;;
BL;1;11403;MELODY COMPACT;0,75;;;1;BL;SPINOSAD;0,07;;
BL;1;11449;GARDOPRIM GOLD;320;;;1;BL;SPIROTETRAMAT;0,2;;
BL;1;11497;CRITTOVIT WG;48;;;1;BL;SPIROXAMINE;1,55;;
BL;1;11523;SEPRADINA SC;0,7;;;1;BL;SULPHUR (ZOLFO);117,93;;
BL;1;11525;FUNGIDINA;15,8;;;1;BL;TEBUCONAZOLE;0,85;;
BL;1;11527;PYRINEX QUICK;0,72;;;1;BL;TEFLUTHRIN;1,34;;
BL;1;11561;NEEMAZAL T/S;1,22;;;1;BL;TERBUTHYLAZINE;87,62;;
BL;1;11586;TOP-AGAN;16;;;1;BL;TETRACONAZOLE;0,01;;
BL;1;11614;ACTARA 25 WG;2,65;;;1;BL;THIAMETHOXAM;0,66;;
BL;1;11638;FLUORATE;10,6;;;1;BL;THIENCARBAZONE-METHYL;11,97;;
BL;1;11690;GOAL 480 SC;0,5;;;1;BL;THIFENSULFURON-METHYL;0,12;;
BL;1;11796;GLIFAST;2,2;;;1;BL;TRIBASIC COPPER SULPHATE (RAME SOLFATO TRIBASICO);21,73;;
BL;1;11815;SHARK;3;;;1;BL;TRICLOPYR;1,2;;
BL;1;11979;BORDO 20 MICRO;41,6;;;1;BL;TRIFLOXYSTROBIN;0,03;;
BL;1;12010;TUAREG;27;;;1;BL;ZETA CYPERMETHRIN;0,26;;
BL;1;12020;SUCCESS;0,6;;;1;BL;ZIRAM;15,2;;
BL;1;12043;PREVICUR ENERGY;0,5;;;1;BL;ZOXAMIDE;0,09;;
BL;1;12068;TEFLUSTAR;216,5;;;2;BL;2,4-D;0,19;;
BL;1;12069;EPIK;1,02;;;2;BL;6-BENZYLADENINE;0,03;;
BL;1;12083;DANADIM PROGRESS;1,4;;;2;BL;ABAMECTIN;0;;
BL;1;12172;FERRAMOL;6;;;2;BL;ACETAMIPRID;0,24;;
BL;1;12202;ZEMIX R;2;;;2;BL;ACLONIFEN;2,98;;
BL;1;12279;ERBY 5 EC;0,05;;;2;BL;AMETOCTRADIN;1,68;;
BL;1;12325;MESUROL M PLUS;1321;;;2;BL;AMINOPYRALID;3,18;;
BL;1;12330;DEDALUS SE;1,2;;;2;BL;AZADIRACHTIN A (AZADIRACTINA A);0,02;;
BL;1;12437;DELAN 70 WG;7;;;2;BL;AZOXYSTROBIN;0,46;;
BL;1;12482;LUMAX;120;;;2;BL;BACILLUS THURINGIENSIS SOTTOSPECIE KURSTAKI CEPPO EG 2348;0,18;;
BL;1;12534;FOXTAIL;0,1;;;2;BL;BEAUVERIA BASSIANA;0,06;;
BL;1;12566;PYGANIC 1.4;0,48;;;2;BL;BORDEAUX MIXTURE (RAME POLTIGLIA BORDOLESE);34,86;;
BL;1;12629;BUGGY 360 SG N.E.T.;1;;;2;BL;BROMADIOLONE;0,01;;
BL;1;12636;QUASAR 6/24 R;43;;;2;BL;BUPROFEZIN;0;;
BL;1;12650;NUPRID 200 SL;0,14;;;2;BL;CARFENTRAZONE-ETHYL;0,13;;
BL;1;12671;HARMONY 50 SX;0,24;;;2;BL;CHLORPYRIFOS;106,1;;
BL;1;12686;CHAMAN;49;;;2;BL;CHLORPYRIFOS-METHYL;7,6;;
BL;1;12722;OSSICLOR 20 FLOW;6;;;2;BL;CLOPYRALID;0,23;;
BL;1;12737;AIRONE PIU';4;;;2;BL;COPPER HYDROXIDE (RAME IDROSSIDO);13,96;;
BL;1;12747;CUPRAVIT BLU WG;26,4;;;2;BL;COPPER OXYCHLORIDE (RAME OSSICLORURO);592,3;;
BL;1;12756;DICOTEX;7;;;2;BL;COPPER SULFATE (RAME SOLFATO);764,96;;
BL;1;12759;OSSICLOR 35 WG;38;;;2;BL;CYCLOXYDIM;0,21;;
BL;1;12779;RAMEDIT COMBI WG;12;;;2;BL;CYMOXANIL;10,11;;
BL;1;12806;FEDOR;3;;;2;BL;CYPERMETHRIN;0,13;;
BL;1;12808;GLOBAL SC;0,01;;;2;BL;CYPROCONAZOLE;0,11;;
BL;1;12859;BORNEO;0,01;;;2;BL;CYPRODINIL;1;;
BL;1;12883;PROSPER 300 CS;5;;;2;BL;CYPROSULFAMIDE;36,78;;
BL;1;12903;DOLESE WG;8;;;2;BL;DB-2,4;0,24;;
BL;1;12940;KARATE ZEON 1.5;16,5;;;2;BL;DELTAMETHRIN;0,85;;
BL;1;13026;SUSCON;0,5;;;2;BL;DENATHONIUM BENZOATE (DENATONIO BENZOATO);0,18;;
BL;1;13039;POTCLEAN 2G;8;;;2;BL;DICAMBA;65,51;;
BL;1;13046;SWING;0,5;;;2;BL;DICAMBA SALE DIMETILAMMINICO;0,02;;
BL;1;13093;STOMP AQUA;18;;;2;BL;DICAMBA SALE SODICO;28,36;;
BL;1;13133;NIBER 35 WG;17;;;2;BL;DIFENOCONAZOLE;0,23;;
BL;1;13149;POLTIGLIA MANICA 20 WG;10;;;2;BL;DIMETHOATE;2,2;;
BL;1;13212;CONFIDOR 200 O-TEQ;1,8;;;2;BL;DIMETHOMORPH;35,38;;
BL;1;13213;R6 ERRESEI ALBIS;11;;;2;BL;DODINE;28,25;;
BL;1;13242;NICOGAN V.O.;27;;;2;BL;ETOFENPROX;0,28;;
BL;1;13296;POKER 7,5;1;;;2;BL;FENAMIDONE;0,56;;
BL;1;13323;SULFY 80 WDG;21;;;2;BL;FENBUCONAZOLE;0,1;;
BL;1;13361;DECIS ENERGY O-TEQ;4,86;;;2;BL;FENHEXAMID;0,04;;
BL;1;13466;SPOTLIGHT PLUS;4;;;2;BL;FENOXAPROP-P-ETHYL;0,31;;
BL;1;13477;APHID/ZORRO;0,03;;;2;BL;FERRIC PHOSPHATE (FOSFATO FERRICO);1,42;;
BL;1;13522;SPIDER KILL;0,04;;;2;BL;FLUOPICOLIDE;4,44;;
BL;1;13586;VERDERAME 20 WG;38,4;;;2;BL;FLUROXYPYR;12,51;;
BL;1;13600;ZOLFO S.A.I.M. DOPPIO VENTILATO SCORREVOLE 95% MARCA FLORISTELLA;20;;;2;BL;FLUVALINATE;0,97;;
BL;1;13635;POLTIGLIA 20 PB MANICA;461;;;2;BL;FOLPET;18;;
BL;1;13648;SIARAM 20 WG;639;;;2;BL;FOSETYL-ALUMINIUM;142,97;;
BL;1;13651;SPECTRO;0,1;;;2;BL;GIBBERELLINS (A4+A7);0,03;;
BL;1;13702;GEOTOX 7,5 C;64,3;;;2;BL;GLUFOSINATE-AMMONIUM;1,8;;
BL;1;13711;QUIZA 5 EC;0,2;;;2;BL;GLYPHOSATE (GLIFOSATE);1.439,74;;
BL;1;13823;ALVERDE;0,67;;;2;BL;GLYPHOSATE ISOPROPYLAMINE (GLIFOSATE SALE ISOPROPILAMINICO);2,52;;
BL;1;13857;CRODIX GEO/MINUET GEO;17,25;;;2;BL;IMAZAMOX;0,3;;
BL;1;13877;KITT PRONTO;6,5;;;2;BL;IMIDACLOPRID;8,83;;
BL;1;13901;VERDERAME 20 PB;15;;;2;BL;IPROVALICARB;5,69;;
BL;1;13981;CORAGEN;0,6;;;2;BL;ISOXAFLUTOLE;46,86;;
BL;1;13998;PYRUS 400 SC;0,02;;;2;BL;LAMBDA-CYHALOTHRIN;14,63;;
BL;1;14034;CURENOX TOP MICRO;28;;;2;BL;MANDIPROPAMID;0,82;;
BL;1;14056;RODIBAIT;7,2;;;2;BL;MCPA;11,59;;
BL;1;14076;CYPRUS 25 DF;1;;;2;BL;MCPA SODIUM (MCPA SALE SODICO);1,26;;
BL;1;14092;AGRORAT B;25,15;;;2;BL;MECOPROP;2,14;;
BL;1;14154;PIRETRO ACTIGREEN;5,62;;;2;BL;MECOPROP-P;0,11;;
BL;1;14240;PYR PRONTO;33,75;;;2;BL;MESOTRIONE;3,6;;
BL;1;14248;CLOR QUICK;1,1;;;2;BL;METAFLUMIZONE;2,3;;
BL;1;14285;CUPRAVIT BLU FLOW NF;2;;;2;BL;METALAXYL;0,81;;
BL;1;14290;KOHINOR 200 SL;10;;;2;BL;METALAXYL M;2,63;;
BL;1;14294;EXECUTIVE;0,1;;;2;BL;METALDEHYDE (METALDEIDE);470,4;;
BL;1;14363;U 46 GIARDEN;6;;;2;BL;METIRAM;81,63;;
BL;1;14376;MASTER QUICK;0,1;;;2;BL;METRIBUZIN;1,4;;
BL;1;14405;MERLIN FLEXX;14;;;2;BL;MYCLOBUTANIL;1,74;;
BL;1;14407;RUNWAY;22,6;;;2;BL;NAA;0,01;;
BL;1;14409;MOVENTO 48 SC;4,5;;;2;BL;NAD;0,25;;
BL;1;14423;PRIMISOL 80 WDG;4;;;2;BL;NICOSULFURON;17,97;;
BL;1;14474;TEBUSIP COMBI;2,25;;;2;BL;OXADIAZON;0,28;;
BL;1;14642;RIDOMIL GOLD R WG;73;;;2;BL;OXYFLUORFEN;13,1;;
BL;1;14737;ROUNDUP PLATINUM;2866;;;2;BL;PARAFFIN OIL/(CAS 64742-46-7);16,01;;
BL;1;14739;DECIS PROTECT;40;;;2;BL;PARAFFIN OIL/(CAS 8042-47-5);523,2;;
BL;1;14799;AFLOR 200 SL;0,37;;;2;BL;PARAFFIN OIL/(CAS 97862-82-3);4,51;;
BL;1;14815;ADENGO;748;;;2;BL;PELARGONIC ACID (ACIDO PELARGONICO);0,09;;
BL;1;14891;TRICO;4;;;2;BL;PENCONAZOLE;0,05;;
BL;1;15013;NATRIA LUMACHICIDA;184;;;2;BL;PENDIMETHALIN;8,88;;
BL;1;15034;DICOPHAR;0,2;;;2;BL;PETHOXAMID;3,89;;
BL;1;15047;R6 ERRESEI BORDEAUX WG;32,5;;;2;BL;PHOSMET;2,48;;
BL;1;15057;DICOTEX RTU;4;;;2;BL;PIPERONYL BUTOXIDE (PIPERONIL BUTOSSIDO);1,51;;
BL;1;15059;DECIS EVO;20,25;;;2;BL;PIRIMICARB;0,88;;
BL;1;15093;CENTURIO;13,5;;;2;BL;PROHEXADIONE CALCIUM;0,2;;
BL;1;15130;INTREPID;1;;;2;BL;PROPAMOCARB;0,01;;
BL;1;15148;ENVIROMITE 480 SC;0,02;;;2;BL;PYRETHRIN I;0,06;;
BL;1;15201;FLOXI 355 SC;5;;;2;BL;PYRETHRINS;0,55;;
BL;1;15221;ZETARAM PLUS;2,5;;;2;BL;PYRIMETHANIL;1,57;;
BL;1;15253;FALCON MK;31;;;2;BL;PYRIPROXYFEN;0,11;;
BL;1;15289;SERENADE NATRIA;0,6;;;2;BL;QUINOXYFEN;1,19;;
BL;1;15333;APPLAUD PLUS;0,3;;;2;BL;QUIZALOFOP-P-ETILE;0,18;;
BL;1;15514;CUPRAVIT BLU 35 WG;24,5;;;2;BL;RIMSULFURON;0,05;;
BL;1;15532;TOBAGO 200 SL;0,4;;;2;BL;SHEEP FAT (GRASSO DI PECORA);2,75;;
BL;1;15591;PREVINT TOP;5;;;2;BL;S-METOLACHLOR;400,54;;
BL;1;15661;SENEGO;6,25;;;2;BL;SORBITAN MONO OLEATO ETOSSILATO;1,2;;
BL;1;15668;GHIBLI 240 OD;35,5;;;2;BL;SORBITAN MONOLEATO;8,28;;
BL;1;15901;ERCOLE;2993;;;2;BL;SPINOSAD;0,14;;
BL;2;40;ETRAVON SYNGENTA;3;;;2;BL;SPIROTETRAMAT;0,11;;
BL;2;1156;CHEMOL;87;;;2;BL;SPIROXAMINE;7,13;;
BL;2;1562;ERBITOX E 30;44;;;2;BL;SULCOTRIONE;2,93;;
BL;2;1583;MICROTHIOL DISPERSS;2;;;2;BL;SULPHUR (ZOLFO);1.129,46;;
BL;2;1850;IDRORAME FLOW;51;;;2;BL;TEBUCONAZOLE;9,33;;
BL;2;2249;MALERBANE PRATI 400;1;;;2;BL;TEFLUTHRIN;0,3;;
BL;2;2259;PASTA LUMACHICIDA IN GRANI;2590;;;2;BL;TERBUTHYLAZINE;240,24;;
BL;2;2272;SILLIM;23;;;2;BL;TETRACONAZOLE;0,69;;
BL;2;2603;ESCACIDE;25;;;2;BL;THIAMETHOXAM;1,13;;
BL;2;2634;BUGGY;46;;;2;BL;THIENCARBAZONE-METHYL;11,52;;
BL;2;2923;TIOVIT JET;453;;;2;BL;THIFENSULFURON-METHYL;0,04;;
BL;2;2934;MICROSOL 90;7;;;2;BL;TRIBASIC COPPER SULPHATE (RAME SOLFATO TRIBASICO);48,66;;
BL;2;2972;BIODAST;5;;;2;BL;TRICLOPYR;6,5;;
BL;2;2995;ESCARTOX;2457,5;;;2;BL;ZETA CYPERMETHRIN;0,71;;
BL;2;3065;OLIOCIN;302;;;2;BL;ZOXAMIDE;5,32;;
BL;2;3069;CURENOX;3;;;3;VI;2,4-D;0,38;;
BL;2;3102;OLEOTER;14;;;3;VI;2,4-D (SALE DIMETILAMMINICO);0,1;;
BL;2;3132;SEPR-OIL;4;;;3;VI;ABAMECTIN;0,01;;
BL;2;3219;CARAKOL AGRO;565;;;3;VI;ACETAMIPRID;9,36;;
BL;2;3343;U46 M CLASS;7;;;3;VI;ACIBENZOLAR-S-METHYL;0,5;;
BL;2;3658;SIPCAMOL E;28;;;3;VI;ACRINATHRIN;0,54;;
BL;2;3754;BAGNANTE SARIAF;7;;;3;VI;ALCOOL GRASSO ETOSSILATO;14,96;;
BL;2;4012;RELDAN 22;18,4;;;3;VI;ALCOOL ISOTRIDECILICO;89,2;;
BL;2;4157;IROL PLUS;59;;;3;VI;AMINOPYRALID;1,38;;
BL;2;4292;ZOLVIS 80 MICRO;6;;;3;VI;AUREOBASIDIUM PULLULANS;0;;
BL;2;4710;ALIETTE;2,75;;;3;VI;AZADIRACHTIN A (AZADIRACTINA A);0,05;;
BL;2;5299;MIBIOL;41;;;3;VI;AZOXYSTROBIN;1,85;;
BL;2;5414;RADICANTE POLVERE TALEE LEGNOSE;1;;;3;VI;BACILLUS THURINGIENSIS SOTTOSPECIE AIZAWAI CEPPO GC-91;2;;
BL;2;5574;LUMAKIDIN 5G;20;;;3;VI;BEAUVERIA BASSIANA;0,01;;
BL;2;7101;LIMAVAL;104;;;3;VI;BENALAXYL;0,01;;
BL;2;7369;SYLLIT FLO;5,08;;;3;VI;BENTAZONE;7,83;;
BL;2;7530;BIOLID E;4;;;3;VI;BIXAFEN;0,75;;
BL;2;7555;KLARTAN 20 EW;1,28;;;3;VI;BORDEAUX MIXTURE (RAME POLTIGLIA BORDOLESE);11,39;;
BL;2;7764;TIOLENE;7;;;3;VI;BOSCALID;8,54;;
BL;2;7876;PIRIMOR 17,5;5;;;3;VI;BROMADIOLONE;0,01;;
BL;2;7916;POLYRAM DF;106;;;3;VI;BUPIRIMATE;0,1;;
BL;2;7922;OPALENE;178;;;3;VI;BUPROFEZIN;11,69;;
BL;2;7984;STRATOS;1;;;3;VI;CALCIUM POLYSULPHIDE (POLISOLFURO DI CALCIO O ZOLFO CALCICO);450;;
BL;2;8001;AGRO-PYR;2,5;;;3;VI;CARFENTRAZONE-ETHYL;0,13;;
BL;2;8117;BASTA 200;10;;;3;VI;CHLORANTRANILIPROLE;6,56;;
BL;2;8201;GLISTER;67;;;3;VI;CHLORPROPHAM;0,34;;
BL;2;8207;LONTREL 75 G;0,1;;;3;VI;CHLORPYRIFOS;176,14;;
BL;2;8229;RAPAX;0,35;;;3;VI;CHLORPYRIFOS-METHYL;68;;
BL;2;8429;GLYFOS SL;50;;;3;VI;CLOMAZONE;7,06;;
BL;2;8499;EFESTO;132;;;3;VI;CLOPYRALID;2,41;;
BL;2;8540;PAMPA/GHIBLI;31;;;3;VI;COPPER HYDROXIDE (RAME IDROSSIDO);102,32;;
BL;2;8542;FORUM 50 WP;24,2;;;3;VI;COPPER OXIDE (RAME OSSIDO);1,13;;
BL;2;8558;PIRETRO VERDE;0,49;;;3;VI;COPPER OXYCHLORIDE (RAME OSSICLORURO);2.538,32;;
BL;2;8646;ACTIVUS EC/PANDA;19;;;3;VI;COPPER SULFATE (RAME SOLFATO);836,78;;
BL;2;8656;GLIFENE HP;188,5;;;3;VI;CYAZOFAMID;0,62;;
BL;2;8706;AMID THIN W;3;;;3;VI;CYCLOXYDIM;1,89;;
BL;2;8726;OVISPRAY;10;;;3;VI;CYDIA POMONELLA GRANULOSIS VIRUS;0;;
BL;2;8731;ACROBAT R;60;;;3;VI;CYFLUFENAMID;1,2;;
BL;2;8735;TREBON UP;0,92;;;3;VI;CYMOXANIL;73,37;;
BL;2;8742;INDAR 5EW;2;;;3;VI;CYPERMETHRIN;60,18;;
BL;2;8743;GREENEX;0,1;;;3;VI;CYPRODINIL;6,32;;
BL;2;8801;SCORE 25 EC;1;;;3;VI;CYPROSULFAMIDE;107,8;;
BL;2;8803;DOMARK COMBI PB;58;;;3;VI;DAMINOZIDE;7,65;;
BL;2;8841;CYREN 7,5 G;307,75;;;3;VI;DAZOMET;99;;
BL;2;8843;NISSHIN;12;;;3;VI;DB-2,4;3,36;;
BL;2;8859;MASTIFF;1243;;;3;VI;DELTAMETHRIN;7,21;;
BL;2;8900;ZOLFO VENTILATO RAMATO 3%;60;;;3;VI;DENATHONIUM BENZOATE (DENATONIO BENZOATO);0,45;;
BL;2;8934;SCALA;4,2;;;3;VI;DICAMBA;132,03;;
BL;2;8984;GLIPHOGAN TOP MK;115;;;3;VI;DICAMBA SALE DIMETILAMMINICO;0,27;;
BL;2;8987;CONFIDOR 200 SL;17,33;;;3;VI;DICAMBA SALE SODICO;1,35;;
BL;2;9010;RAMEZIN COMBI WG;10;;;3;VI;DIFENOCONAZOLE;23,69;;
BL;2;9126;CONCORDE COMBI;1;;;3;VI;DIMETHOATE;354,85;;
BL;2;9148;SYLLIT 355 SC;2,75;;;3;VI;DIMETHOMORPH;45,73;;
BL;2;9364;RAPIDO;51;;;3;VI;DODINE;130,73;;
BL;2;9373;CHORUS;2;;;3;VI;EMAMECTIN BENZOATE;0,03;;
BL;2;9400;GLIFOGAN PRONTO;28;;;3;VI;EPTAMETILTRISILOSSANO, POLIALCHILENE OSSIDO MODIFICATO;10,08;;
BL;2;9404;TETRAPLUS COMBI EC;3,3;;;3;VI;ETOFENPROX;7,5;;
BL;2;9411;RADIP ORMON;0,1;;;3;VI;ETOXAZOLE;0,24;;
BL;2;9422;EVADE;37,85;;;3;VI;FATTY ACIDS C7-C18 AND C18 AND UNSATURATED POTASSIUM SALTS (SALI POTASSICI DI ACIDI GRASSI);0,37;;
BL;2;9449;EMERALD COMBI;18;;;3;VI;FENAMIDONE;2;;
BL;2;9463;KLARO KIT;326;;;3;VI;FENBUCONAZOLE;1,8;;
BL;2;9478;PIRET;8,4;;;3;VI;FENHEXAMID;15,87;;
BL;2;9509;PROMALIN NT;1,5;;;3;VI;FENOXAPROP-P-ETHYL;4,95;;
BL;2;9602;GLIFOSAR;5;;;3;VI;FERRIC PHOSPHATE (FOSFATO FERRICO);2;;
BL;2;9673;SEPRA-BAIT;67;;;3;VI;FLAZASULFURON;0,05;;
BL;2;9730;CUPROSSIL IDRO 25 WP BLU;12;;;3;VI;FLORASULAM;0,11;;
BL;2;9747;FURY;12,75;;;3;VI;FLUAZINAM;4,62;;
BL;2;9767;NUFOS 7,5 G;60;;;3;VI;FLUDIOXONIL;4,22;;
BL;2;9800;MAVRIK 20 EW;3,12;;;3;VI;FLUOPICOLIDE;49,06;;
BL;2;9802;COPRANTOL HI BIO;14;;;3;VI;FLUROXYPYR;41,52;;
BL;2;9867;4 STAGIONI;6,5;;;3;VI;FLUVALINATE;12,04;;
BL;2;9940;ZELIG GR;647;;;3;VI;FOLPET;28,4;;
BL;2;9954;JOKER;250;;;3;VI;FORAMSULFURON;27,6;;
BL;2;9995;ARIUS;5,25;;;3;VI;FORCHLORFENURON;0,05;;
BL;2;10057;ARPEL WDG;1,5;;;3;VI;FOSETYL-ALUMINIUM;1.191,18;;
BL;2;10080;COMET SC;16;;;3;VI;GLUFOSINATE-AMMONIUM;3,6;;
BL;2;10127;DECIS JET;26,09;;;3;VI;GLYPHOSATE (GLIFOSATE);2.716,29;;
BL;2;10161;ORTIVA;2;;;3;VI;GLYPHOSATE ISOPROPYLAMINE (GLIFOSATE SALE ISOPROPILAMINICO);20,4;;
BL;2;10185;ZERGAN EV;1,5;;;3;VI;HEXYTHIAZOX;0,73;;
BL;2;10230;LUMAPLUS;34;;;3;VI;IMAZAMOX;4,29;;
BL;2;10233;BORDOSEP;160;;;3;VI;IMIDACLOPRID;76,59;;
BL;2;10296;IPERION;46;;;3;VI;INDOXACARB;0,08;;
BL;2;10372;RASIKAL QUICK;16,5;;;3;VI;IPRODIONE;5,25;;
BL;2;10404;CLINIC 360 SL;10;;;3;VI;IPROVALICARB;9,77;;
BL;2;10423;LUMACHICIDA VEBI;89;;;3;VI;ISOXADIFEN ETHYL;30,97;;
BL;2;10424;VEBIGLYF;13;;;3;VI;ISOXAFLUTOLE;163,39;;
BL;2;10456;KLARO ULTRA;102;;;3;VI;LAMBDA-CYHALOTHRIN;20,37;;
BL;2;10461;DICOTURF;1;;;3;VI;LAURATO DI POTASSIO;1,23;;
BL;2;10479;NATURALIS;1;;;3;VI;LENACIL;0,4;;
BL;2;10492;VEBIZOLFO FLOW;2;;;3;VI;LINURON;0,38;;
BL;2;10494;PREMIUM TOP;60;;;3;VI;MANCOZEB;194,25;;
BL;2;10563;SWEEL WDG;5;;;3;VI;MANDIPROPAMID;0,5;;
BL;2;10565;DICOTIL EXTRA;15;;;3;VI;MCPA;24,1;;
BL;2;10568;ZOOMER;52,25;;;3;VI;MCPA SODIUM (MCPA SALE SODICO);10,2;;
BL;2;10734;DUAL GOLD;8;;;3;VI;MECOPROP;7,43;;
BL;2;10735;PRIMAGRAM GOLD;357;;;3;VI;MECOPROP-P;0,22;;
BL;2;10741;METACINQUE;34;;;3;VI;MEPTYLDINOCAP;3,93;;
BL;2;10753;FOLICUR SE;11,75;;;3;VI;MESOTRIONE;8,25;;
BL;2;10771;MOST MICRO;1;;;3;VI;METAFLUMIZONE;0,4;;
BL;2;10976;METEOR;12;;;3;VI;METALAXYL;0,14;;
BL;2;11102;HELIOSOUFRE S;0,4;;;3;VI;METALAXYL M;1,24;;
BL;2;11130;DISERBOFACILE;72;;;3;VI;METALDEHYDE (METALDEIDE);310,7;;
BL;2;11190;PENCOR 10 EC;0,5;;;3;VI;METAMITRON;1,4;;
BL;2;11243;LEOPARD 5 EC;1;;;3;VI;METAZACHLOR;13,27;;
BL;2;11253;CALLISTO;36;;;3;VI;METHIOCARB;0,9;;
BL;2;11382;GARDENE PLUS;124;;;3;VI;METIRAM;145,25;;
BL;2;11393;BEETLE;0,5;;;3;VI;METRIBUZIN;34,83;;
BL;2;11403;MELODY COMPACT;119,5;;;3;VI;MYCLOBUTANIL;1,47;;
BL;2;11420;OLEOSAN SPRAY;8;;;3;VI;NAA;0,02;;
BL;2;11449;GARDOPRIM GOLD;1005;;;3;VI;NICOSULFURON;13,98;;
BL;2;11497;CRITTOVIT WG;121;;;3;VI;NONIL-FENIL-POLIOSSIETILENE ETANOLO;14;;
BL;2;11525;FUNGIDINA;15,3;;;3;VI;OXADIAZON;1,96;;
BL;2;11527;PYRINEX QUICK;6,82;;;3;VI;OXYFLUORFEN;26,67;;
BL;2;11534;BIOTIOL;5;;;3;VI;PARAFFIN OIL/(CAS 64742-46-7);176,78;;
BL;2;11560;REGALIS;2;;;3;VI;PARAFFIN OIL/(CAS 8042-47-5);2.953,20;;
BL;2;11561;NEEMAZAL T/S;1,58;;;3;VI;PARAFFIN OIL/(CAS 97862-82-3);265,38;;
BL;2;11566;ZOLFO 80 WP;70;;;3;VI;PENCONAZOLE;3,57;;
BL;2;11569;CUPROXAT S.D.I.;25;;;3;VI;PENDIMETHALIN;89,01;;
BL;2;11586;TOP-AGAN;133;;;3;VI;PHOSMET;69;;
BL;2;11587;CAMBEL S;21;;;3;VI;PIPERONYL BUTOXIDE (PIPERONIL BUTOSSIDO);0,36;;
BL;2;11614;ACTARA 25 WG;4,52;;;3;VI;PIRIMIPHOS METHYL;0,24;;
BL;2;11619;TIOFLOR WDG;160;;;3;VI;POLISILOSSANO;0,09;;
BL;2;11638;FLUORATE;380;;;3;VI;POTASSIUM HYDROGEN CARBONATE (IDROGENOCARBONATO DI POTASSIO);21,25;;
BL;2;11659;HERBITOTAL S;18,75;;;3;VI;PROCHLORAZ;1,06;;
BL;2;11698;MINUET;3,5;;;3;VI;PROPAMOCARB;28,25;;
BL;2;11700;BOTANIGARD 22 WP;0,2;;;3;VI;PROPAMOCARB HYDROCHLORIDE;2,66;;
BL;2;11704;OLIO OGNISTAGIONE;0,5;;;3;VI;PROPAQUIZAFOP;5,63;;
BL;2;11722;GEONEX;20;;;3;VI;PROPICONAZOLE;5,22;;
BL;2;11814;SPADA 200 EC;11;;;3;VI;PROPINEB;307,3;;
BL;2;11815;SHARK;25;;;3;VI;PROPYZAMIDE;1,08;;
BL;2;11870;CUPRITAL S.D.I.;1;;;3;VI;PROSULFURON;0,2;;
BL;2;11908;VENTUREX 35 L;1,8;;;3;VI;PYRACLOSTROBIN;2,39;;
BL;2;11911;DECIS GIARDINO;0,06;;;3;VI;PYRETHRIN I;0,18;;
BL;2;11954;TERMINAL DUO;73;;;3;VI;PYRETHRINS;0,41;;
BL;2;11977;SULFUR 80 WG;6;;;3;VI;PYRIDATE;3,42;;
BL;2;11979;BORDO 20 MICRO;14,16;;;3;VI;PYRIMETHANIL;31,29;;
BL;2;12010;TUAREG;8;;;3;VI;QUINOXYFEN;0,16;;
BL;2;12020;SUCCESS;1,24;;;3;VI;QUIZALOFOP-P-ETILE;4,96;;
BL;2;12023;MEGIC;0,25;;;3;VI;RAPE SEED OIL (OLIO DI COLZA);5,7;;
BL;2;12059;CURENOX 30;7,3;;;3;VI;RIMSULFURON;0,06;;
BL;2;12068;TEFLUSTAR;136;;;3;VI;SILICONI;3,12;;
BL;2;12069;EPIK;4,75;;;3;VI;S-METOLACHLOR;654,67;;
BL;2;12078;METALIM;1993;;;3;VI;SODIUM DIOCTYL SULFOSUCCINATE (AUTORIZZATO SOLO COME COADIUVANTE);4,05;;
BL;2;12083;DANADIM PROGRESS;1,25;;;3;VI;SORBITAN MONO OLEATO ETOSSILATO;17,16;;
BL;2;12084;GALEO;3;;;3;VI;SORBITAN MONOLEATO;61,08;;
BL;2;12133;JUVINAL 10 EC;1;;;3;VI;SPINOSAD;1,31;;
BL;2;12138;R6 ERRESEI TREVI;14;;;3;VI;SPIROTETRAMAT;0,52;;
BL;2;12172;FERRAMOL;58,5;;;3;VI;SPIROXAMINE;86,1;;
BL;2;12202;ZEMIX R;41;;;3;VI;SULCOTRIONE;3,19;;
BL;2;12212;PENTHIUM EC;8;;;3;VI;SULPHUR (ZOLFO);10.384,17;;
BL;2;12215;VEBIPHOS 7,5;18;;;3;VI;TEBUCONAZOLE;237,98;;
BL;2;12245;ROUNDUP 360 POWER;45;;;3;VI;TEFLUTHRIN;0,81;;
BL;2;12279;ERBY 5 EC;2,55;;;3;VI;TEMBOTRIONE;6,58;;
BL;2;12317;DACOL L 20;10;;;3;VI;TERBUTHYLAZINE;296,23;;
BL;2;12318;VIVER;19;;;3;VI;TETRACONAZOLE;3,51;;
BL;2;12320;PERSHING;0,37;;;3;VI;THIAMETHOXAM;1,07;;
BL;2;12325;MESUROL M PLUS;593;;;3;VI;THIENCARBAZONE-METHYL;62,3;;
BL;2;12330;DEDALUS SE;4;;;3;VI;THIFENSULFURON-METHYL;1,26;;
BL;2;12344;VEBITHRIN 5 EC;1,25;;;3;VI;THIRAM;295;;
BL;2;12393;COPPERCIM WG;10,25;;;3;VI;TOLCLOFOS-METHYL;9,2;;
BL;2;12395;CUTRIL TOP;27;;;3;VI;TRIBASIC COPPER SULPHATE (RAME SOLFATO TRIBASICO);246,67;;
BL;2;12526;SWAN;1;;;3;VI;TRIBENURON-METILE;0,67;;
BL;2;12534;FOXTAIL;11;;;3;VI;TRICHODERMA ASPERELLUM;0,02;;
BL;2;12540;REGRAN SL;3;;;3;VI;TRICHODERMA HARZIANUM;0,02;;
BL;2;12553;VEBIPYR;0,3;;;3;VI;TRICLOPYR;44,62;;
BL;2;12566;PYGANIC 1.4;0,37;;;3;VI;TRIFLOXYSTROBIN;11,3;;
BL;2;12629;BUGGY 360 SG N.E.T.;7,8;;;3;VI;ZETA CYPERMETHRIN;6,13;;
BL;2;12636;QUASAR 6/24 R;132;;;3;VI;ZIRAM;262,2;;
BL;2;12647;GLITTER;4;;;3;VI;ZOXAMIDE;10,48;;
BL;2;12650;NUPRID 200 SL;0,13;;;4;VI;(E)-8-DODECEN-1-YL ACETATE;0;;
BL;2;12671;HARMONY 50 SX;0,08;;;4;VI;(Z)-8-DODECEN-1-OL;0;;
BL;2;12686;CHAMAN;83;;;4;VI;(Z)-8-DODECEN-1-YL ACETATE;0;;
BL;2;12722;OSSICLOR 20 FLOW;8;;;4;VI;2,4-D;5,53;;
BL;2;12723;OSSICLOR 20 BLU FLOW;3;;;4;VI;2,4-D (SALE DIMETILAMMINICO);1,03;;
BL;2;12737;AIRONE PIU';17;;;4;VI;3,6 dioxaeicosilsolfato;2,88;;
BL;2;12747;CUPRAVIT BLU WG;172;;;4;VI;3,6 dioxaottodecilsolfato di sodio;5,73;;
BL;2;12748;GRIFON PIU';6;;;4;VI;ABAMECTIN;0,14;;
BL;2;12752;SANAPLANT;8;;;4;VI;ACETAMIPRID;3,86;;
BL;2;12756;DICOTEX;2,8;;;4;VI;ACLONIFEN;11,41;;
BL;2;12759;OSSICLOR 35 WG;325;;;4;VI;ALCOOL GRASSO ETOSSILATO;6,67;;
BL;2;12779;RAMEDIT COMBI WG;117;;;4;VI;AMETOCTRADIN;58,08;;
BL;2;12878;RIDOMIL GOLD COMBI PEPITE;20;;;4;VI;AMINOPYRALID;1,64;;
BL;2;12883;PROSPER 300 CS;23;;;4;VI;AUREOBASIDIUM PULLULANS;0;;
BL;2;12888;LEPINOX PLUS;1;;;4;VI;AZADIRACHTIN A (AZADIRACTINA A);0,46;;
BL;2;12924;JUPITER WG;13;;;4;VI;AZOXYSTROBIN;11,59;;
BL;2;12940;KARATE ZEON 1.5;2;;;4;VI;BACILLUS SUBTILIS (CEPPO QST 713);0,53;;
BL;2;12992;BAGNANTE PLUS;10;;;4;VI;BACILLUS THURINGIENSIS SOTTOSPECIE KURSTAKI CEPPO ABTS 351;0,19;;
BL;2;13020;MICRORAM 35 WG;4;;;4;VI;BACILLUS THURINGIENSIS SOTTOSPECIE KURSTAKI CEPPO EG 2348;1,58;;
BL;2;13026;SUSCON;0,17;;;4;VI;BEAUVERIA BASSIANA;0,02;;
BL;2;13039;POTCLEAN 2G;14;;;4;VI;BENTAZONE;36,73;;
BL;2;13084;TELDOR PLUS;0,1;;;4;VI;BENTHIAVALICARB;0,02;;
BL;2;13106;IKANOS;4;;;4;VI;BIXAFEN;0,15;;
BL;2;13133;NIBER 35 WG;4;;;4;VI;BORDEAUX MIXTURE (RAME POLTIGLIA BORDOLESE);79,21;;
BL;2;13149;POLTIGLIA MANICA 20 WG;94;;;4;VI;BOSCALID;7,03;;
BL;2;13186;TITUS MAIS EXTRA;0,32;;;4;VI;BROMADIOLONE;0,01;;
BL;2;13212;CONFIDOR 200 O-TEQ;0,3;;;4;VI;BUPIRIMATE;0,71;;
BL;2;13213;R6 ERRESEI ALBIS;101;;;4;VI;BUPROFEZIN;6,93;;
BL;2;13263;BORDORAM 20 WG;10;;;4;VI;CALCIUM POLYSULPHIDE (POLISOLFURO DI CALCIO O ZOLFO CALCICO);247,5;;
BL;2;13296;POKER 7,5;201;;;4;VI;CAPTANO;7,2;;
BL;2;13323;SULFY 80 WDG;4;;;4;VI;CARFENTRAZONE-ETHYL;2,99;;
BL;2;13324;CUPRIZOL S;6,75;;;4;VI;CHLORANTRANILIPROLE;20,22;;
BL;2;13361;DECIS ENERGY O-TEQ;0,8;;;4;VI;CHLORPROPHAM;0,08;;
BL;2;13370;WARRANT 200 SL;2;;;4;VI;CHLORPYRIFOS;557,68;;
BL;2;13382;PERGADO SC;3,5;;;4;VI;CHLORPYRIFOS-METHYL;56,21;;
BL;2;13440;SATEL;3;;;4;VI;CHLORTOLURON;7,62;;
BL;2;13466;SPOTLIGHT PLUS;2;;;4;VI;CIFLUTRIN;0,21;;
BL;2;13468;CLINER;1;;;4;VI;CLOFENTEZINE;0,01;;
BL;2;13521;HELIOCUIVRE S;2,05;;;4;VI;CLOMAZONE;48,41;;
BL;2;13576;RAMEPLANT WG;4,4;;;4;VI;CLOPYRALID;12,49;;
BL;2;13579;COPPER 12;6;;;4;VI;CLOQUINTOCET MEXYL;0,66;;
BL;2;13586;VERDERAME 20 WG;12;;;4;VI;COPOLIMER 21;10,8;;
BL;2;13600;ZOLFO S.A.I.M. DOPPIO VENTILATO SCORREVOLE 95% MARCA FLORISTELLA;140;;;4;VI;COPPER HYDROXIDE (RAME IDROSSIDO);266,89;;
BL;2;13610;CLINIC SPECTRUM;12,6;;;4;VI;COPPER OXIDE (RAME OSSIDO);18,75;;
BL;2;13635;POLTIGLIA 20 PB MANICA;2408;;;4;VI;COPPER OXYCHLORIDE (RAME OSSICLORURO);4.341,12;;
BL;2;13640;IMPRINT;3,8;;;4;VI;COPPER SULFATE (RAME SOLFATO);976,85;;
BL;2;13648;SIARAM 20 WG;1286;;;4;VI;CYAZOFAMID;9,69;;
BL;2;13702;GEOTOX 7,5 C;105;;;4;VI;CYCLOXYDIM;4,41;;
BL;2;13721;AFIDINA QUICK;11;;;4;VI;CYDIA POMONELLA GRANULOSIS VIRUS;0,03;;
BL;2;13743;KUKAR 22;16;;;4;VI;CYFLUFENAMID;3,6;;
BL;2;13794;SPADA WDG;2,25;;;4;VI;CYMOXANIL;197,13;;
BL;2;13812;NOTO 40 OD;10;;;4;VI;CYPERMETHRIN;41,87;;
BL;2;13823;ALVERDE;10,45;;;4;VI;CYPROCONAZOLE;1,93;;
BL;2;13857;CRODIX GEO/MINUET GEO;48;;;4;VI;CYPRODINIL;16,68;;
BL;2;13858;MEDIATOR EXTRA SL;0,67;;;4;VI;CYPROSULFAMIDE;139,48;;
BL;2;13877;KITT PRONTO;23,5;;;4;VI;DB-2,4;76,08;;
BL;2;13955;MITIGREEN;11;;;4;VI;DELTAMETHRIN;14,01;;
BL;2;14018;BASIC;5;;;4;VI;DENATHONIUM BENZOATE (DENATONIO BENZOATO);1,33;;
BL;2;14034;CURENOX TOP MICRO;32;;;4;VI;DICAMBA;123,16;;
BL;2;14056;RODIBAIT;31,4;;;4;VI;DICAMBA SALE DIMETILAMMINICO;0,35;;
BL;2;14077;CHAMP 20 DF;12;;;4;VI;DICAMBA SALE SODICO;4,94;;
BL;2;14092;AGRORAT B;75,5;;;4;VI;DIFENOCONAZOLE;1,52;;
BL;2;14127;MEVAXIL COBRE;2;;;4;VI;DIFLUBENZURON;0,88;;
BL;2;14154;PIRETRO ACTIGREEN;1;;;4;VI;DIFLUFENICAN;0,51;;
BL;2;14163;SARMOX 440 WG;20;;;4;VI;DIMETHOATE;52,72;;
BL;2;14248;CLOR QUICK;2,15;;;4;VI;DIMETHOMORPH;173,78;;
BL;2;14290;KOHINOR 200 SL;2,75;;;4;VI;DIQUAT;1,37;;
BL;2;14381;PYRINET;0,9;;;4;VI;DITHIANON;11,2;;
BL;2;14405;MERLIN FLEXX;430;;;4;VI;DODINE;233,73;;
BL;2;14407;RUNWAY;80,25;;;4;VI;EMAMECTIN BENZOATE;0,03;;
BL;2;14409;MOVENTO 48 SC;2,5;;;4;VI;ETOFENPROX;2,74;;
BL;2;14441;VALZER SC;6;;;4;VI;ETOXAZOLE;0,26;;
BL;2;14465;TAIFUN MK;16;;;4;VI;FENAMIDONE;5,44;;
BL;2;14510;ELECTIS TRIO;89;;;4;VI;FENARIMOL;0,03;;
BL;2;14579;RAMIN 30 DF;12;;;4;VI;FENBUCONAZOLE;0,35;;
BL;2;14642;RIDOMIL GOLD R WG;21;;;4;VI;FENHEXAMID;26,45;;
BL;2;14724;CIP;15;;;4;VI;FENOXAPROP-P-ETHYL;8,39;;
BL;2;14737;ROUNDUP PLATINUM;1558;;;4;VI;FERRIC PHOSPHATE (FOSFATO FERRICO);2,99;;
BL;2;14799;AFLOR 200 SL;13,25;;;4;VI;FLAZASULFURON;0,19;;
BL;2;14804;COPPER - DF;6;;;4;VI;FLORASULAM;0,22;;
BL;2;14812;ENERVIN TOP;14;;;4;VI;FLUDIOXONIL;11,12;;
BL;2;14815;ADENGO;720;;;4;VI;FLUOPICOLIDE;33,15;;
BL;2;14826;PYREOS EXTRA SL;10;;;4;VI;FLUROXYPYR;65,48;;
BL;2;14837;GLIFOSAR FLASH;101;;;4;VI;FLUVALINATE;10,65;;
BL;2;14867;SYNERO;17;;;4;VI;FOLPET;96,62;;
BL;2;14870;ASSORAM ELITE WG;2;;;4;VI;FORAMSULFURON;5,64;;
BL;2;14876;GRANDSTAND;3,25;;;4;VI;FOSETYL-ALUMINIUM;1.267,43;;
BL;2;14891;TRICO;43;;;4;VI;GLUFOSINATE-AMMONIUM;10,8;;
BL;2;14911;CARBOSAN G;7;;;4;VI;GLYPHOSATE (GLIFOSATE);5.138,79;;
BL;2;15013;NATRIA LUMACHICIDA;83;;;4;VI;GLYPHOSATE ISOPROPYLAMINE (GLIFOSATE SALE ISOPROPILAMINICO);3,6;;
BL;2;15014;NATRIA ERBICIDA;0,5;;;4;VI;HEXYTHIAZOX;0,23;;
BL;2;15047;R6 ERRESEI BORDEAUX WG;4;;;4;VI;HYDROLISED PROTEINS (PROTEINE IDROLIZZATE);3,6;;
BL;2;15059;DECIS EVO;6;;;4;VI;IMAZAMOX;14,76;;
BL;2;15064;MAESTRO WG ADVANCE;30;;;4;VI;IMIDACLOPRID;58,32;;
BL;2;15093;CENTURIO;39;;;4;VI;INDOXACARB;6,16;;
BL;2;15201;FLOXI 355 SC;13;;;4;VI;IODOSULFURON METHYL SODIUM;0,29;;
BL;2;15222;FOLICUR COMBI WG;172;;;4;VI;IPRODIONE;0,75;;
BL;2;15300;ARMETIL FLOW;21;;;4;VI;IPROVALICARB;28,16;;
BL;2;15317;FLARE GOLD COMBI PEPITE;25;;;4;VI;ISOXADIFEN ETHYL;9,09;;
BL;2;15333;APPLAUD PLUS;0,02;;;4;VI;ISOXAFLUTOLE;206,84;;
BL;2;15340;FEUDO 50 WP;7;;;4;VI;LAMBDA-CYHALOTHRIN;50,06;;
BL;2;15343;FEUDO RD WP;27,6;;;4;VI;MANCOZEB;342,06;;
BL;2;15406;DICUMBA;17;;;4;VI;MANDIPROPAMID;18,22;;
BL;2;15505;SILBOT 500 SC/MORFEUM 500 SC;15;;;4;VI;MCPA;94,25;;
BL;2;15509;MOSAIKO COMBI;218;;;4;VI;MCPA SODIUM (MCPA SALE SODICO);1,8;;
BL;2;15514;CUPRAVIT BLU 35 WG;655,7;;;4;VI;MECOPROP;23,36;;
BL;2;15603;ERBIFEN K;14;;;4;VI;MECOPROP-P;3,17;;
BL;2;15618;FULLDINA 355 SC;30;;;4;VI;MEFENPYR DIETHYL;0,86;;
BL;2;15630;PALMAS 45% WG;3,5;;;4;VI;MEPTYLDINOCAP;1,07;;
BL;2;15668;GHIBLI 240 OD;50,25;;;4;VI;MESOSULFURON METHYL;0,29;;
BL;2;15681;LUMADRY ESCA;739;;;4;VI;MESOTRIONE;78,72;;
BL;2;15738;STOPWEED 480;11;;;4;VI;METAFLUMIZONE;0,12;;
BL;2;15901;ERCOLE;3650;;;4;VI;METALAXYL;3,28;;
PD;15;13;THIOPRON;20;;;4;VI;METALAXYL M;41,67;;
PD;15;40;ETRAVON SYNGENTA;901;;;4;VI;METALDEHYDE (METALDEIDE);599,31;;
PD;15;133;U 46 D-FLUID;9;;;4;VI;METAMITRON;1;;
PD;15;206;ALBENE;438;;;4;VI;METAZACHLOR;0,44;;
PD;15;346;BAGIR MAX;120;;;4;VI;METHIOCARB;1,5;;
PD;15;361;BAGNANTE ANTISCHIUMA S;108;;;4;VI;METIRAM;942,76;;
PD;15;619;VALGRAN;12;;;4;VI;METRAFENONE;9,54;;
PD;15;630;REGLONE W;210;;;4;VI;METRIBUZIN;55,59;;
PD;15;909;POLISOLFURO DI CALCIO POLISENIO;100;;;4;VI;MISCELA DI METIL OLEATO E METIL PALMITATO;9,38;;
PD;15;1058;LINURON SIPCAM FLOW;4;;;4;VI;MYCLOBUTANIL;6;;
PD;15;1156;CHEMOL;304;;;4;VI;NAA;0,05;;
PD;15;1544;MESUROL;1;;;4;VI;NAD;0,05;;
PD;15;1562;ERBITOX E 30;41;;;4;VI;NICOSULFURON;24,91;;
PD;15;1573;BASAMID GRANULAT;580;;;4;VI;NONIL-FENIL-POLIOSSIETILENE ETANOLO;10,6;;
PD;15;1583;MICROTHIOL DISPERSS;1683;;;4;VI;OXADIAZON;7,33;;
PD;15;1600;ETRAVON;520;;;4;VI;OXYFLUORFEN;39,88;;
PD;15;1714;KERB 80 EDF;6;;;4;VI;PARAFFIN OIL/(CAS 64742-46-7);76,6;;
PD;15;1765;MICRO-DROP;7,5;;;4;VI;PARAFFIN OIL/(CAS 8042-47-5);1.841,93;;
PD;15;1850;IDRORAME FLOW;5,5;;;4;VI;PARAFFIN OIL/(CAS 97862-82-3);683,01;;
PD;15;2029;TORDON 22K;1,5;;;4;VI;PELARGONIC ACID (ACIDO PELARGONICO);0,56;;
PD;15;2191;WETTING PLUS;345;;;4;VI;PENCONAZOLE;60,66;;
PD;15;2249;MALERBANE PRATI 400;42;;;4;VI;PENDIMETHALIN;308,68;;
PD;15;2259;PASTA LUMACHICIDA IN GRANI;173,7;;;4;VI;PETHOXAMID;2,78;;
PD;15;2260;GASTROTOX E;14;;;4;VI;PHOSMET;49,72;;
PD;15;2353;BONALAN;96;;;4;VI;PICLORAM;0,43;;
PD;15;2518;ACTELLIC 2P;1,2;;;4;VI;PICOXYSTROBIN;10,8;;
PD;15;2520;ACTELLIC;1125;;;4;VI;PINOLENE;0,96;;
PD;15;2603;ESCACIDE;30;;;4;VI;PINOXADEN;2,6;;
PD;15;2634;BUGGY;80;;;4;VI;PIPERONYL BUTOXIDE (PIPERONIL BUTOSSIDO);0,59;;
PD;15;2732;GOLTIX;50;;;4;VI;PIRIMICARB;0,7;;
PD;15;2923;TIOVIT JET;4854;;;4;VI;POTASSIUM PHOSPHITE (FOSFITO O FOSFONATO DI POTASSIO);98,04;;
PD;15;2934;MICROSOL 90;24;;;4;VI;PROCHLORAZ;38,21;;
PD;15;2950;ADESIL A;2;;;4;VI;PROPAMOCARB;48,23;;
PD;15;2995;ESCARTOX;1879;;;4;VI;PROPAMOCARB HYDROCHLORIDE;0,67;;
PD;15;3065;OLIOCIN;6;;;4;VI;PROPAQUIZAFOP;37,05;;
PD;15;3076;MESUROL ESCA;10;;;4;VI;PROPICONAZOLE;23,47;;
PD;15;3102;OLEOTER;50;;;4;VI;PROPINEB;85,05;;
PD;15;3132;SEPR-OIL;30;;;4;VI;PROPYZAMIDE;2,31;;
PD;15;3141;CUTHIOL;6;;;4;VI;PROSULFURON;1,95;;
PD;15;3219;CARAKOL AGRO;958;;;4;VI;PROTHIOCONAZOLE;6,35;;
PD;15;3313;ARAGOL L 40;24;;;4;VI;PYRACLOSTROBIN;2,13;;
PD;15;3343;U46 M CLASS;42;;;4;VI;PYRETHRIN I;0,56;;
PD;15;3366;ROGATOX EC;72;;;4;VI;PYRETHRINS;0,87;;
PD;15;3503;AGRUMIN;71;;;4;VI;PYRIDATE;1,44;;
PD;15;3542;VITEX 4/40 COMBI;2;;;4;VI;PYRIMETHANIL;83,87;;
PD;15;3658;SIPCAMOL E;99;;;4;VI;QUINOXYFEN;1,04;;
PD;15;3681;KENYATOX GRAIN PROTECTANT;440;;;4;VI;QUIZALOFOP-P-ETILE;7,15;;
PD;15;3701;CUPROSAR 40 WDG;4;;;4;VI;RAPE SEED OIL (OLIO DI COLZA);361;;
PD;15;3767;FENOXILENE MAX;6;;;4;VI;RIMSULFURON;5,64;;
PD;15;3793;DITHANE M-45;20;;;4;VI;SHEEP FAT (GRASSO DI PECORA);1,34;;
PD;15;3800;CRITTAM WG;59;;;4;VI;S-METOLACHLOR;2.205,96;;
PD;15;3859;DURSBAN;20;;;4;VI;SODIUM DIOCTYL SULFOSUCCINATE (AUTORIZZATO SOLO COME COADIUVANTE);0,09;;
PD;15;4012;RELDAN 22;1184,85;;;4;VI;SORBITAN MONOLEATO;39,12;;
PD;15;4157;IROL PLUS;258;;;4;VI;SPINETORAM;0,25;;
PD;15;4199;PENNCOZEB DG;350;;;4;VI;SPINOSAD;3,64;;
PD;15;4228;ROGOR L 20;161,75;;;4;VI;SPIROTETRAMAT;1,04;;
PD;15;4292;ZOLVIS 80 MICRO;99;;;4;VI;SPIROXAMINE;173,6;;
PD;15;4426;DECIS;2;;;4;VI;SULCOTRIONE;103,21;;
PD;15;4552;DITHANE DG NEOTEC;7;;;4;VI;SULPHUR (ZOLFO);11.781,56;;
PD;15;4710;ALIETTE;52,05;;;4;VI;TEBUCONAZOLE;131,98;;
PD;15;4896;RIGENAL P;0,7;;;4;VI;TEFLUTHRIN;29,67;;
PD;15;5152;TIOSPOR WG;494;;;4;VI;TEMBOTRIONE;6,75;;
PD;15;5154;ARPEL TRIPLO BLU;52;;;4;VI;TERBUTHYLAZINE;1.069,62;;
PD;15;5228;CARAKOL;278,5;;;4;VI;TETRACONAZOLE;4,72;;
PD;15;5299;MIBIOL;338;;;4;VI;THIACLOPRID;0;;
PD;15;5454;PIRETRIX 10;0,2;;;4;VI;THIAMETHOXAM;15,57;;
PD;15;5574;LUMAKIDIN 5G;176;;;4;VI;THIENCARBAZONE-METHYL;76,99;;
PD;15;5755;TILT 25 EC;9,5;;;4;VI;THIFENSULFURON-METHYL;37,66;;
PD;15;5758;GALBEN R 4-33 BLU;5;;;4;VI;THIOPHANATE-METHYL;9,59;;
PD;15;6162;DE-SPROUT;20;;;4;VI;THIRAM;27,2;;
PD;15;6268;BAGNANTE DEMETRA;20;;;4;VI;TOLCLOFOS-METHYL;1;;
PD;15;6321;STIMOLANTE 66F;1;;;4;VI;TRI-ALLATE;7,2;;
PD;15;6324;MAXCEL;2;;;4;VI;TRIBASIC COPPER SULPHATE (RAME SOLFATO TRIBASICO);236,25;;
PD;15;6376;ANTISCHIUMA SHAUMSTOP;1,6;;;4;VI;TRIBENURON-METILE;5,12;;
PD;15;6401;MONDAK 21 S;5;;;4;VI;TRICHODERMA ASPERELLUM;0,52;;
PD;15;6555;K-OBIOL ULV 6;23035;;;4;VI;TRICHODERMA GAMSII;0,52;;
PD;15;6556;K-OBIOL DP2;1660;;;4;VI;TRICLOPYR;68;;
PD;15;6557;K-OBIOL EC 25;2229;;;4;VI;TRIFLOXYSTROBIN;6,45;;
PD;15;6674;AFALON DS;153;;;4;VI;ZETA CYPERMETHRIN;38,1;;
PD;15;6704;TIOLENE 80 WG;356;;;4;VI;ZIRAM;88,16;;
PD;15;6719;LIOSOL BETA;6;;;4;VI;ZOXAMIDE;36,09;;
PD;15;6766;BUTISAN S;6;;;5;VI;(E,Z)-7,9-DODECADIENYL-1-YL ACETATE;0,05;;
PD;15;6945;TOPAS 10 EC;81,74;;;5;VI;2,4-D;7,21;;
PD;15;6947;TOPAS COMBI;329;;;5;VI;3,6 dioxaeicosilsolfato;37,26;;
PD;15;6955;METACID;26;;;5;VI;3,6 dioxaottodecilsolfato di sodio;74,11;;
PD;15;6956;TARGA FLO;648;;;5;VI;ABAMECTIN;1,47;;
PD;15;6978;BETTER 400;90;;;5;VI;ACETAMIPRID;54,78;;
PD;15;7020;BAGNANTE CIFO;8;;;5;VI;ACIBENZOLAR-S-METHYL;0,03;;
PD;15;7053;PASTA CAFFARO NC;58;;;5;VI;ACLONIFEN;3,97;;
PD;15;7055;PASTA CAFFARO BLU;84;;;5;VI;ACRINATHRIN;0,75;;
PD;15;7101;LIMAVAL;60;;;5;VI;ALCOOL GRASSO ETOSSILATO;46,86;;
PD;15;7368;TURFENE L;41;;;5;VI;ALCOOL ISOTRIDECILICO;5,6;;
PD;15;7369;SYLLIT FLO;15,28;;;5;VI;AMETOCTRADIN;20,4;;
PD;15;7379;VENZAR;23;;;5;VI;AMINOPYRALID;2,41;;
PD;15;7401;POLTIGLIA CAFFARO 20 DF NEW;604;;;5;VI;AMISULBROM;0,72;;
PD;15;7530;BIOLID E;5;;;5;VI;AMITROLE;9,09;;
PD;15;7543;ERBITOX COMBI;1;;;5;VI;AMPELOMYCES QUISQUALIS;0,5;;
PD;15;7555;KLARTAN 20 EW;3,28;;;5;VI;AUREOBASIDIUM PULLULANS;0;;
PD;15;7611;ENOVIT METIL FL;84;;;5;VI;AZADIRACHTIN A (AZADIRACTINA A);0,26;;
PD;15;7700;MATACAR FL;0,2;;;5;VI;AZOXYSTROBIN;33,86;;
PD;15;7732;KESHET EW;1;;;5;VI;BACILLUS AMYLOLIQUEFACIENS SUBSP. PLANTARUM D747;204,5;;
PD;15;7733;BAYTEROID EW;0,22;;;5;VI;BACILLUS SUBTILIS (CEPPO QST 713);0,34;;
PD;15;7916;POLYRAM DF;775;;;5;VI;BACILLUS THURINGIENSIS SOTTOSPECIE AIZAWAI CEPPO GC-91;4;;
PD;15;7919;TOUCHDOWN;1154;;;5;VI;BACILLUS THURINGIENSIS SOTTOSPECIE KURSTAKI 3A-3B CEPPO HD1;0,05;;
PD;15;7930;KERB FLO;4;;;5;VI;BACILLUS THURINGIENSIS SOTTOSPECIE KURSTAKI CEPPO ABTS 351;0,64;;
PD;15;7957;ROVRAL PLUS;77;;;5;VI;BACILLUS THURINGIENSIS SOTTOSPECIE KURSTAKI CEPPO EG 2348;0,45;;
PD;15;7958;RONSTAR FL;85;;;5;VI;BACILLUS THURINGIENSIS SOTTOSPECIE KURSTAKI CEPPO SA 12;0,68;;
PD;15;7961;RIZOLEX  GOLD;112;;;5;VI;BEAUVERIA BASSIANA;0,06;;
PD;15;7984;STRATOS;201;;;5;VI;BENALAXYL;4,8;;
PD;15;8023;SUMIALFA ECHO;6;;;5;VI;BENFLURALIN;15,74;;
PD;15;8102;MERPAN 80 WDG;8;;;5;VI;BENTAZONE;135,41;;
PD;15;8105;CIMORAM;10;;;5;VI;BENTHIAVALICARB;10,08;;
PD;15;8106;CIMOZEB;352;;;5;VI;BIXAFEN;12;;
PD;15;8117;BASTA 200;35;;;5;VI;BORDEAUX MIXTURE (RAME POLTIGLIA BORDOLESE);81,63;;
PD;15;8139;MANTA GOLD/FENOTRIX COMBI;27;;;5;VI;BOSCALID;193,69;;
PD;15;8146;GALLERY;6;;;5;VI;BUPIRIMATE;93,3;;
PD;15;8155;CATOR;36;;;5;VI;BUPROFEZIN;167,11;;
PD;15;8156;DEVOX;44;;;5;VI;CALCIUM POLYSULPHIDE (POLISOLFURO DI CALCIO O ZOLFO CALCICO);30;;
PD;15;8157;ZETARAM 20 L;13;;;5;VI;CAPTANO;36;;
PD;15;8189;FORCE;7143;;;5;VI;CARFENTRAZONE-ETHYL;15,86;;
PD;15;8201;GLISTER;527;;;5;VI;CHLORANTRANILIPROLE;46,08;;
PD;15;8229;RAPAX;1,35;;;5;VI;CHLORIDAZON;140;;
PD;15;8376;ARIANE II;570;;;5;VI;CHLOROTHALONIL;233,29;;
PD;15;8382;ROUNDUP BIOFLOW;193,12;;;5;VI;CHLORPROPHAM;2,61;;
PD;15;8429;GLYFOS SL;821;;;5;VI;CHLORPYRIFOS;1.233,66;;
PD;15;8483;ETOSATE 500;108;;;5;VI;CHLORPYRIFOS-METHYL;212,8;;
PD;15;8498;FOLICUR WG;6,5;;;5;VI;CIFLUTRIN;0,18;;
PD;15;8499;EFESTO;826;;;5;VI;CLODINAFOP PROPARGYL;0,18;;
PD;15;8528;FEINZIN 35 DF;22,5;;;5;VI;CLOMAZONE;31,08;;
PD;15;8534;CITROLE;76;;;5;VI;CLOPYRALID;9,16;;
PD;15;8540;PAMPA/GHIBLI;933;;;5;VI;CLOQUINTOCET MEXYL;6,74;;
PD;15;8542;FORUM 50 WP;99,8;;;5;VI;COPPER HYDROXIDE (RAME IDROSSIDO);1.401,93;;
PD;15;8547;LOGRAN;0,11;;;5;VI;COPPER OXIDE (RAME OSSIDO);382,5;;
PD;15;8558;PIRETRO VERDE;0,25;;;5;VI;COPPER OXYCHLORIDE (RAME OSSICLORURO);22.878,98;;
PD;15;8601;FOLPAN 80 WDG;134;;;5;VI;COPPER SULFATE (RAME SOLFATO);11.192,25;;
PD;15;8646;ACTIVUS EC/PANDA;249;;;5;VI;CYAZOFAMID;54,07;;
PD;15;8656;GLIFENE HP;462;;;5;VI;CYCLOXYDIM;11,51;;
PD;15;8721;NEXTER;2;;;5;VI;CYDIA POMONELLA GRANULOSIS VIRUS;0;;
PD;15;8729;FORUM R;231;;;5;VI;CYFLUFENAMID;23,94;;
PD;15;8735;TREBON UP;42,38;;;5;VI;CYMOXANIL;265,66;;
PD;15;8742;INDAR 5EW;3;;;5;VI;CYPERMETHRIN;97,06;;
PD;15;8743;GREENEX;36,5;;;5;VI;CYPROCONAZOLE;24,54;;
PD;15;8793;EMINENT 40 EW;22;;;5;VI;CYPRODINIL;267,34;;
PD;15;8795;VERTIMEC EC;10;;;5;VI;CYPROSULFAMIDE;150,69;;
PD;15;8797;BINAL PRO/EMINENT COMBI;52;;;5;VI;DAZOMET;99;;
PD;15;8801;SCORE 25 EC;37,05;;;5;VI;DB-2,4;6,48;;
PD;15;8803;DOMARK COMBI PB;129;;;5;VI;DELTAMETHRIN;9,69;;
PD;15;8837;GERMON BEWURZELUNGSPUDER PER TALEE ERBACEE;0,42;;;5;VI;DENATHONIUM BENZOATE (DENATONIO BENZOATO);0,11;;
PD;15;8838;GERMON BEWURZELUNGSPUDER PER TALEE LEGNOSE;1,4;;;5;VI;DESMEDIPHAM;6,52;;
PD;15;8841;CYREN 7,5 G;637;;;5;VI;DICAMBA;73,57;;
PD;15;8843;NISSHIN;21;;;5;VI;DICAMBA SALE DIMETILAMMINICO;2,75;;
PD;15;8859;MASTIFF;4422;;;5;VI;DICAMBA SALE SODICO;47,16;;
PD;15;8886;SAFARI;8,92;;;5;VI;DIFENOCONAZOLE;4,7;;
PD;15;8933;SOLEAS;13;;;5;VI;DIFLUFENICAN;2,79;;
PD;15;8934;SCALA;88,4;;;5;VI;DIMETHENAMID-P;37,8;;
PD;15;8984;GLIPHOGAN TOP MK;1678;;;5;VI;DIMETHOATE;385,76;;
PD;15;8987;CONFIDOR 200 SL;181,19;;;5;VI;DIMETHOMORPH;812,87;;
PD;15;9005;AGIL;634;;;5;VI;DIQUAT;134,34;;
PD;15;9010;RAMEZIN COMBI WG;532;;;5;VI;DITHIANON;134,4;;
PD;15;9012;CUPROCAFFARO MICRO;356;;;5;VI;DODINE;119,82;;
PD;15;9036;ACTIVUS;0,3;;;5;VI;EMAMECTIN BENZOATE;12,33;;
PD;15;9038;OPINION;0,35;;;5;VI;EPOXICONAZOLE;0,42;;
PD;15;9131;PYRINEX ME;199;;;5;VI;ESFENVALERATE;0,05;;
PD;15;9148;SYLLIT 355 SC;56;;;5;VI;ETHOFUMESATE;37,43;;
PD;15;9210;QUADRIS;4;;;5;VI;ETHOPROPHOS;73,5;;
PD;15;9237;GRID;0,45;;;5;VI;ETOFENPROX;32,71;;
PD;15;9306;PROPLANT;50;;;5;VI;FATTY ACIDS C7-C18 AND C18 AND UNSATURATED POTASSIUM SALTS (SALI POTASSICI DI ACIDI GRASSI);0,49;;
PD;15;9311;CUPROSSIL IDRO 25 WP;401;;;5;VI;FENAMIDONE;84,92;;
PD;15;9335;SILGLIF MK;39;;;5;VI;FENAMIPHOS;5,78;;
PD;15;9339;BETANAL EXPERT;87;;;5;VI;FENBUCONAZOLE;6,4;;
PD;15;9342;DELTRIN;21;;;5;VI;FENHEXAMID;424,65;;
PD;15;9364;RAPIDO;1289;;;5;VI;FENOXAPROP-P-ETHYL;2,5;;
PD;15;9371;PEAK;3,88;;;5;VI;FENPROPIDIN;3,8;;
PD;15;9373;CHORUS;55;;;5;VI;FENPYRAZAMINE;96,5;;
PD;15;9374;MATCH TOP;1;;;5;VI;FERRIC PHOSPHATE (FOSFATO FERRICO);2,4;;
PD;15;9400;GLIFOGAN PRONTO;37,5;;;5;VI;FLAZASULFURON;5,1;;
PD;15;9422;EVADE;628,1;;;5;VI;FLONICAMID;0,5;;
PD;15;9443;ENDOGERME;0,5;;;5;VI;FLORASULAM;1,93;;
PD;15;9448;RIFLE 4-24 R BLU;18;;;5;VI;FLUAZIFOP-P-BUTYL;31,48;;
PD;15;9463;KLARO KIT;163,25;;;5;VI;FLUAZINAM;31,35;;
PD;15;9478;PIRET;1,95;;;5;VI;FLUDIOXONIL;178,22;;
PD;15;9578;SWITCH;86,9;;;5;VI;FLUFENACET;9,9;;
PD;15;9612;OSSICLOR 30;224;;;5;VI;FLUOPICOLIDE;255,58;;
PD;15;9631;METRIN EC;213;;;5;VI;FLUOPYRAM;69,87;;
PD;15;9634;CARNIVAL;14;;;5;VI;FLUROXYPYR;101,59;;
PD;15;9655;PRIMIAL WG;12;;;5;VI;FLUTRIAFOL;19,23;;
PD;15;9668;RUFAST E-FLO;10,78;;;5;VI;FLUVALINATE;19,17;;
PD;15;9689;AURIGA;18;;;5;VI;FOLPET;10.105,50;;
PD;15;9693;SPORTAK 45 EW;2;;;5;VI;FORAMSULFURON;14,81;;
PD;15;9694;SIMITAR 5 EW;24;;;5;VI;FORCHLORFENURON;0,01;;
PD;15;9705;PREVITER;37,25;;;5;VI;FOSETYL-ALUMINIUM;6.041,25;;
PD;15;9723;DE-SPROUT N;5660;;;5;VI;GLUFOSINATE-AMMONIUM;148,5;;
PD;15;9724;TIOWETTING DF;1670;;;5;VI;GLYPHOSATE (GLIFOSATE);10.780,23;;
PD;15;9726;GLIFOSAN;48;;;5;VI;HEXYTHIAZOX;0,62;;
PD;15;9747;FURY;14,87;;;5;VI;IMAZAMOX;32,08;;
PD;15;9757;SPYRALE;19;;;5;VI;IMIDACLOPRID;71,52;;
PD;15;9758;COPRANTOL WG;8;;;5;VI;INDOXACARB;73,02;;
PD;15;9767;NUFOS 7,5 G;5800;;;5;VI;IODOSULFURON METHYL SODIUM;3,53;;
PD;15;9787;MICROBAGNABILE WG;1161;;;5;VI;IOXYNIL OCTANOATE;0,57;;
PD;15;9797;GROLEN;6;;;5;VI;IPRODIONE;15,02;;
PD;15;9800;MAVRIK 20 EW;16,12;;;5;VI;IPROVALICARB;147,92;;
PD;15;9802;COPRANTOL HI BIO;615;;;5;VI;ISOXABEN;5,92;;
PD;15;9830;ASPOR Z;11;;;5;VI;ISOXADIFEN ETHYL;23,52;;
PD;15;9832;TREK P;367;;;5;VI;ISOXAFLUTOLE;234,02;;
PD;15;9843;BASAGRAN SG;54;;;5;VI;LAMBDA-CYHALOTHRIN;38,19;;
PD;15;9867;4 STAGIONI;176,5;;;5;VI;LECITHIN (LECITINA);6,5;;
PD;15;9872;AKRIS;295;;;5;VI;LENACIL;30;;
PD;15;9880;SOL MICRO GD;200;;;5;VI;LINURON;10,9;;
PD;15;9900;FLAVOS;1;;;5;VI;LUFENURON;0,22;;
PD;15;9919;CONTATTO PIU' EC;10;;;5;VI;MALEIC HYDRAZIDE (IDRAZIDE MALEICA);3;;
PD;15;9940;ZELIG GR;6851;;;5;VI;MANCOZEB;12.346,02;;
PD;15;9941;BUMPER P;94;;;5;VI;MANDIPROPAMID;192,46;;
PD;15;9954;JOKER;1021;;;5;VI;MCPA;201,33;;
PD;15;9963;METIDANE 22;15;;;5;VI;MCPA-DIMETHYLAMMONIUM (MCPA SALE DIMETILAMMINICO);8,08;;
PD;15;10029;KING;0,12;;;5;VI;MECOPROP;10,41;;
PD;15;10048;KUMULUS TECNO;80;;;5;VI;MECOPROP-P;1,47;;
PD;15;10049;DURSBAN 75 WG;65;;;5;VI;MEFENPYR DIETHYL;19,12;;
PD;15;10057;ARPEL WDG;287;;;5;VI;MEPANIPYRIM;34;;
PD;15;10105;RIDOMIL GOLD SL;2,25;;;5;VI;MEPTYLDINOCAP;101,75;;
PD;15;10106;RIDOMIL GOLD COMBI;15;;;5;VI;MESOSULFURON METHYL;6,37;;
PD;15;10118;AMISTAR;43;;;5;VI;MESOTRIONE;102,57;;
PD;15;10127;DECIS JET;143,2;;;5;VI;METAFLUMIZONE;1,68;;
PD;15;10154;BORDOFLOW SECTOR;13,25;;;5;VI;METALAXYL;289,61;;
PD;15;10161;ORTIVA;71,25;;;5;VI;METALAXYL M;206,16;;
PD;15;10183;GARLON EV;16,9;;;5;VI;METALDEHYDE (METALDEIDE);204,42;;
PD;15;10184;TIMBREL EV;2,5;;;5;VI;METAM SODIUM (USI ESSENZIALI FINO AL 31.12.2014);89,88;;
PD;15;10185;ZERGAN EV;6;;;5;VI;METAMITRON;503,9;;
PD;15;10209;GLYFOS ULTRA;20;;;5;VI;METAZACHLOR;19,28;;
PD;15;10224;EMME-H;1290;;;5;VI;METCONAZOLE;4,13;;
PD;15;10230;LUMAPLUS;33,5;;;5;VI;METHIOCARB;2,54;;
PD;15;10233;BORDOSEP;40;;;5;VI;METHOXYFENOZIDE;126;;
PD;15;10267;OROVIT R 4-38;300;;;5;VI;METIRAM;9.486,73;;
PD;15;10272;CEREXIL M DG;209;;;5;VI;METRAFENONE;42,4;;
PD;15;10275;STELLA E 10;0,3;;;5;VI;METRIBUZIN;80,5;;
PD;15;10296;IPERION;1891;;;5;VI;METSULFURON METHYL;0,01;;
PD;15;10297;SINIS 35 WG;185;;;5;VI;MISCELA DI METIL OLEATO E METIL PALMITATO;36,75;;
PD;15;10329;FORUM MZ WG;233;;;5;VI;MYCLOBUTANIL;49,21;;
PD;15;10357;RIGRON SG;18;;;5;VI;NAA;0,12;;
PD;15;10372;RASIKAL QUICK;36;;;5;VI;NAD;0,09;;
PD;15;10373;CONTEST;18;;;5;VI;NAPROPAMIDE;1,68;;
PD;15;10392;TAIFUN;156;;;5;VI;NICOSULFURON;27,65;;
PD;15;10404;CLINIC 360 SL;136;;;5;VI;OXADIAZON;9,77;;
PD;15;10415;ARIC 480 LS;93;;;5;VI;OXYFLUORFEN;83,62;;
PD;15;10423;LUMACHICIDA VEBI;1009,75;;;5;VI;PARAFFIN OIL/(CAS 64742-46-7);51,6;;
PD;15;10424;VEBIGLYF;6,75;;;5;VI;PARAFFIN OIL/(CAS 8042-47-5);2.727,15;;
PD;15;10447;NOVEL DUO;28;;;5;VI;PARAFFIN OIL/(CAS 97862-82-3);1.145,41;;
PD;15;10456;KLARO ULTRA;1188;;;5;VI;PENCONAZOLE;56,67;;
PD;15;10461;DICOTURF;21,5;;;5;VI;PENDIMETHALIN;454,2;;
PD;15;10465;ROUNDUP MAX;360;;;5;VI;PETHOXAMID;67,17;;
PD;15;10492;VEBIZOLFO FLOW;5;;;5;VI;PHENMEDIPHAM;37,73;;
PD;15;10494;PREMIUM TOP;768;;;5;VI;PHOSMET;90,93;;
PD;15;10504;KELLY WG;77;;;5;VI;PICLORAM;0,1;;
PD;15;10540;TERIAL 75 WG/ALISE' 75 WG;10;;;5;VI;PICOXYSTROBIN;85,5;;
PD;15;10560;PIRETRO NATURA;9;;;5;VI;PINOLENE;13,44;;
PD;15;10565;DICOTIL EXTRA;40,4;;;5;VI;PINOXADEN;14,48;;
PD;15;10568;ZOOMER;2154;;;5;VI;PIPERONYL BUTOXIDE (PIPERONIL BUTOSSIDO);0,93;;
PD;15;10573;KOCIDE 2000;40;;;5;VI;PIRIMICARB;1,4;;
PD;15;10584;SHAMAL MK PLUS;15;;;5;VI;PIRIMIPHOS METHYL;6,28;;
PD;15;10585;SULCOTREK;119;;;5;VI;POLISILOSSANO;1,79;;
PD;15;10609;MESOZIN 35 WG;206;;;5;VI;POTASSIUM HYDROGEN CARBONATE (IDROGENOCARBONATO DI POTASSIO);250,75;;
PD;15;10628;MIDAURIL MZ;1;;;5;VI;PROCHLORAZ;118,38;;
PD;15;10632;COBRE NORDOX SUPER 75 WG;20;;;5;VI;PROPAMOCARB;93,66;;
PD;15;10638;MANCOZEB MANICA 75 WG;60;;;5;VI;PROPAMOCARB HYDROCHLORIDE;19,95;;
PD;15;10690;FUNGIBEN COMBI;40;;;5;VI;PROPAQUIZAFOP;62,76;;
PD;15;10715;SILGLIF NF;641;;;5;VI;PROPICONAZOLE;21,86;;
PD;15;10734;DUAL GOLD;2546;;;5;VI;PROPINEB;2.437,30;;
PD;15;10735;PRIMAGRAM GOLD;16147;;;5;VI;PROPYZAMIDE;41,61;;
PD;15;10741;METACINQUE;38,5;;;5;VI;PROQUINAZID;0,62;;
PD;15;10752;STEWARD;2;;;5;VI;PROSULFURON;0,3;;
PD;15;10753;FOLICUR SE;121,1;;;5;VI;PROTHIOCONAZOLE;102,62;;
PD;15;10771;MOST MICRO;1101,8;;;5;VI;PYRACLOSTROBIN;17,64;;
PD;15;10878;PANESCA;96;;;5;VI;PYRAFLUFEN ETHYL;3,83;;
PD;15;10926;ALTOREX;44;;;5;VI;PYRETHRIN I;2,65;;
PD;15;10929;CHIKARA 25 WG;2;;;5;VI;PYRETHRINS;0,8;;
PD;15;10939;CP 40 AGRO;20;;;5;VI;PYRIDATE;2,25;;
PD;15;10944;KARATE ZEON;33;;;5;VI;PYRIMETHANIL;79,29;;
PD;15;10976;METEOR;292,42;;;5;VI;PYRIPROXYFEN;7,97;;
PD;15;11011;DASH HC;228;;;5;VI;PYROXSULAM;3,02;;
PD;15;11045;DODIPREV 35;5;;;5;VI;QUINOXYFEN;77,16;;
PD;15;11102;HELIOSOUFRE S;0,8;;;5;VI;QUIZALOFOP-P-ETILE;39,36;;
PD;15;11119;FLINT;1;;;5;VI;RAPE SEED OIL (OLIO DI COLZA);900,84;;
PD;15;11130;DISERBOFACILE;1;;;5;VI;RIMSULFURON;3,79;;
PD;15;11157;PROPYDOR;7;;;5;VI;SALE SODICO DI ALCHILETERE SOLFATO;3,57;;
PD;15;11173;AVAUNT EC;48,5;;;5;VI;SHEEP FAT (GRASSO DI PECORA);2,05;;
PD;15;11186;CUTIS;2,6;;;5;VI;SILICONI;0,2;;
PD;15;11190;PENCOR 10 EC;2;;;5;VI;S-METOLACHLOR;1.710,71;;
PD;15;11206;CODACIDE;483;;;5;VI;SORBITAN MONOLEATO;60,48;;
PD;15;11243;LEOPARD 5 EC;154;;;5;VI;SPINOSAD;10,96;;
PD;15;11253;CALLISTO;793;;;5;VI;SPIRODICLOFEN;0,45;;
PD;15;11307;AGRIRAT;79;;;5;VI;SPIROMESIFEN;0,11;;
PD;15;11313;PROXAN SL;3;;;5;VI;SPIROTETRAMAT;6,09;;
PD;15;11341;STARANE GOLD;1218;;;5;VI;SPIROXAMINE;886,34;;
PD;15;11345;ZOLVIS 80 WDG;3061;;;5;VI;SULCOTRIONE;18,26;;
PD;15;11353;FUSILADE MAX;165;;;5;VI;SULPHUR (ZOLFO);150.440,66;;
PD;15;11360;GRIP 25;23;;;5;VI;TEBUCONAZOLE;397,39;;
PD;15;11374;BAGNANTE AGN L;40;;;5;VI;TEBUFENOZIDE;1,15;;
PD;15;11382;GARDENE PLUS;20;;;5;VI;TEFLUTHRIN;52,18;;
PD;15;11393;BEETLE;29,25;;;5;VI;TEMBOTRIONE;17,03;;
PD;15;11396;WIRK;7;;;5;VI;TENSIOATTIVI NON IONICI;0,43;;
PD;15;11403;MELODY COMPACT;199,75;;;5;VI;TERBUTHYLAZINE;674,22;;
PD;15;11416;OVIPRON TOP;4;;;5;VI;TETRACONAZOLE;5,55;;
PD;15;11418;ROUNDUP 450 PLUS;110;;;5;VI;THIACLOPRID;1,82;;
PD;15;11420;OLEOSAN SPRAY;0,8;;;5;VI;THIAMETHOXAM;107,1;;
PD;15;11435;FLORANET;1;;;5;VI;THIENCARBAZONE-METHYL;86,74;;
PD;15;11449;GARDOPRIM GOLD;745;;;5;VI;THIFENSULFURON-METHYL;7,96;;
PD;15;11494;GLYFOS PRO;15;;;5;VI;THIOPHANATE-METHYL;171,95;;
PD;15;11499;BUSTER;8;;;5;VI;THIRAM;188,8;;
PD;15;11505;READY GERMIPLUS;91;;;5;VI;TOLCLOFOS-METHYL;13,38;;
PD;15;11523;SEPRADINA SC;97,75;;;5;VI;TRI-ALLATE;0,9;;
PD;15;11525;FUNGIDINA;182,9;;;5;VI;TRIASULFURON;0,62;;
PD;15;11526;SULTAN;86;;;5;VI;TRIBASIC COPPER SULPHATE (RAME SOLFATO TRIBASICO);605,34;;
PD;15;11527;PYRINEX QUICK;253,68;;;5;VI;TRIBENURON-METILE;12,16;;
PD;15;11569;CUPROXAT S.D.I.;127;;;5;VI;TRICHODERMA ASPERELLUM;4,28;;
PD;15;11586;TOP-AGAN;45;;;5;VI;TRICHODERMA GAMSII;4,28;;
PD;15;11587;CAMBEL S;186;;;5;VI;TRICLOPYR;12,13;;
PD;15;11596;CALYPSO;2,5;;;5;VI;TRIFLOXYSTROBIN;59,16;;
PD;15;11597;OPUS;4;;;5;VI;TRIFLUSULFURON-METHYL;2,28;;
PD;15;11614;ACTARA 25 WG;21,54;;;5;VI;TRINEXAPAC ETHYL;1,9;;
PD;15;11619;TIOFLOR WDG;609;;;5;VI;VALIPHENAL (IR5885);32,7;;
PD;15;11626;PITSTOP;84,5;;;5;VI;ZETA CYPERMETHRIN;33,56;;
PD;15;11637;CUPROFIX C DISPERSS;22;;;5;VI;ZIRAM;371,64;;
PD;15;11638;FLUORATE;396;;;5;VI;ZOXAMIDE;148,5;;
PD;15;11649;COMMAND 36 CS;388,87;;;6;VI;(E)-8-DODECEN-1-YL ACETATE;0;;
PD;15;11659;HERBITOTAL S;8;;;6;VI;(E,E)-8,10-DODECADIEN-1-OL (CODLEMONE);0,11;;
PD;15;11660;SHOGUN;391;;;6;VI;(Z)-8-DODECEN-1-OL;0;;
PD;15;11668;PLENUM 50 WG;0,4;;;6;VI;(Z)-8-DODECEN-1-YL ACETATE;0,08;;
PD;15;11678;ACTELLIC 2P NEWPHARM;3299;;;6;VI;1,3-DICHLOROPROPENE;6.790,00;;
PD;15;11680;CICLONE;60;;;6;VI;2,4-D;214,56;;
PD;15;11687;ACTELLIC 5 NEWPHARM;40360;;;6;VI;2,4-D (SALE DIMETILAMMINICO);1,38;;
PD;15;11693;LASER;4,25;;;6;VI;3,6 dioxaeicosilsolfato;58,77;;
PD;15;11698;MINUET;59,35;;;6;VI;3,6 dioxaottodecilsolfato di sodio;116,89;;
PD;15;11704;OLIO OGNISTAGIONE;10;;;6;VI;6-BENZYLADENINE;1,86;;
PD;15;11710;GARDIUS;0,02;;;6;VI;ABAMECTIN;1,81;;
PD;15;11749;FUNGHIFLOR;5;;;6;VI;ACEQUINOCYL;1,5;;
PD;15;11793;XENTARI;1;;;6;VI;ACETAMIPRID;6,86;;
PD;15;11796;GLIFAST;72;;;6;VI;ACIBENZOLAR-S-METHYL;0,12;;
PD;15;11814;SPADA 200 EC;17,5;;;6;VI;ACLONIFEN;37,2;;
PD;15;11815;SHARK;12;;;6;VI;ACRINATHRIN;2,64;;
PD;15;11870;CUPRITAL S.D.I.;5;;;6;VI;ALCOOL GRASSO ETOSSILATO;27,1;;
PD;15;11871;AGROLIM;41;;;6;VI;ALCOOL ISOTRIDECILICO;25,8;;
PD;15;11872;RIFLE 4-24 R;185;;;6;VI;ALCOOL LAURILICO ETOSSILATO;0,04;;
PD;15;11885;ELICIO;206;;;6;VI;ALPHA-CYPERMETHRIN (ALPHAMETHRIN);1,93;;
PD;15;11894;GRANEX;14,25;;;6;VI;AMETOCTRADIN;33,12;;
PD;15;11908;VENTUREX 35 L;149,6;;;6;VI;AMINOPYRALID;4,57;;
PD;15;11921;RISCIO' 50 WP/RISCIO';1;;;6;VI;AMISULBROM;0,18;;
PD;15;11944;ASPECT;265;;;6;VI;AMITROLE;7,07;;
PD;15;11954;TERMINAL DUO;156;;;6;VI;AMPELOMYCES QUISQUALIS;0,4;;
PD;15;11979;BORDO 20 MICRO;172,5;;;6;VI;AZADIRACHTIN A (AZADIRACTINA A);0,98;;
PD;15;12010;TUAREG;1493;;;6;VI;AZOXYSTROBIN;106,62;;
PD;15;12017;COSMOS;12;;;6;VI;BACILLUS AMYLOLIQUEFACIENS SUBSP. PLANTARUM D747;20;;
PD;15;12020;SUCCESS;4,4;;;6;VI;BACILLUS SUBTILIS (CEPPO QST 713);0,04;;
PD;15;12023;MEGIC;22;;;6;VI;BACILLUS THURINGIENSIS SOTTOSPECIE AIZAWAI CEPPO GC-91;0,5;;
PD;15;12037;CAMIX;170;;;6;VI;BACILLUS THURINGIENSIS SOTTOSPECIE KURSTAKI CEPPO ABTS 351;1,71;;
PD;15;12040;BORDOFLOW;26;;;6;VI;BACILLUS THURINGIENSIS SOTTOSPECIE KURSTAKI CEPPO EG 2348;4,65;;
PD;15;12043;PREVICUR ENERGY;25;;;6;VI;BACILLUS THURINGIENSIS SOTTOSPECIE KURSTAKI CEPPO SA 12;0,14;;
PD;15;12048;TIOSOL 80 WG;765;;;6;VI;BEAUVERIA BASSIANA;0,07;;
PD;15;12067;CIPER;42,25;;;6;VI;BENALAXYL;2,88;;
PD;15;12068;TEFLUSTAR;4793,8;;;6;VI;BENFLURALIN;58,56;;
PD;15;12069;EPIK;40,3;;;6;VI;BENTAZONE;973,86;;
PD;15;12083;DANADIM PROGRESS;13,15;;;6;VI;BETA-CIFLUTRIN;0,96;;
PD;15;12096;POLTIGLIA DISPERSS;550;;;6;VI;BIFENAZATE;2,1;;
PD;15;12100;ASSET;1;;;6;VI;BIXAFEN;15,9;;
PD;15;12114;AUXIGER LG;2;;;6;VI;BORDEAUX MIXTURE (RAME POLTIGLIA BORDOLESE);165,01;;
PD;15;12136;VERITAS;40;;;6;VI;BOSCALID;151,36;;
PD;15;12138;R6 ERRESEI TREVI;68;;;6;VI;BROMADIOLONE;0,01;;
PD;15;12172;FERRAMOL;14,5;;;6;VI;BROMOXYNIL OTTANOATO;22,9;;
PD;15;12174;V.I.P. FLOW;68;;;6;VI;BROMOXYNIL-FENOLO;3,38;;
PD;15;12192;GRANSTAR 50 SX;0,54;;;6;VI;BUPIRIMATE;15,77;;
PD;15;12200;SILBOT R/DYMO R;60;;;6;VI;BUPROFEZIN;78,34;;
PD;15;12211;MEDOR;125,5;;;6;VI;CALCIUM POLYSULPHIDE (POLISOLFURO DI CALCIO O ZOLFO CALCICO);645,6;;
PD;15;12212;PENTHIUM EC;333;;;6;VI;CAPTANO;214,8;;
PD;15;12215;VEBIPHOS 7,5;523;;;6;VI;CARFENTRAZONE-ETHYL;9,69;;
PD;15;12245;ROUNDUP 360 POWER;1832;;;6;VI;CHLORANTRANILIPROLE;90,1;;
PD;15;12270;UNICORN DF;36;;;6;VI;CHLORIDAZON;64,75;;
PD;15;12297;TRIBASE TWIN;24,5;;;6;VI;CHLORMEQUAT (CHLORIDE);81,16;;
PD;15;12298;GUNNER SC;20;;;6;VI;CHLOROTHALONIL;344,12;;
PD;15;12314;SCORE HOBBY;0,96;;;6;VI;CHLORPROPHAM;1,44;;
PD;15;12317;DACOL L 20;108;;;6;VI;CHLORPYRIFOS;1.755,98;;
PD;15;12323;VEBIZOLFO WG;150;;;6;VI;CHLORPYRIFOS-METHYL;233,24;;
PD;15;12325;MESUROL M PLUS;36;;;6;VI;CHLORTOLURON;64,32;;
PD;15;12330;DEDALUS SE;158,15;;;6;VI;CIFLUTRIN;2,87;;
PD;15;12344;VEBITHRIN 5 EC;68,05;;;6;VI;CLETHODIM;6,5;;
PD;15;12361;ALGEDI;22,4;;;6;VI;CLODINAFOP PROPARGYL;172,72;;
PD;15;12374;RAIDER 3B;8;;;6;VI;CLOFENTEZINE;0,99;;
PD;15;12383;RIDOMIL GOLD MZ PEPITE;106;;;6;VI;CLOMAZONE;222,32;;
PD;15;12393;COPPERCIM WG;11;;;6;VI;CLOPYRALID;35,39;;
PD;15;12437;DELAN 70 WG;39;;;6;VI;CLOQUINTOCET MEXYL;50,51;;
PD;15;12452;EQUIP;646;;;6;VI;CLOTHIANIDIN;0,1;;
PD;15;12453;MILDICUT;67;;;6;VI;COPPER HYDROXIDE (RAME IDROSSIDO);1.168,40;;
PD;15;12459;VOLCAN SC;20;;;6;VI;COPPER OXIDE (RAME OSSIDO);93;;
PD;15;12482;LUMAX;6305;;;6;VI;COPPER OXYCHLORIDE (RAME OSSICLORURO);8.997,23;;
PD;15;12504;FLOWBRIX;207;;;6;VI;COPPER SULFATE (RAME SOLFATO);4.225,05;;
PD;15;12505;FLOWBRIX BLU;413;;;6;VI;CYAZOFAMID;13,91;;
PD;15;12519;CORSARIO;50;;;6;VI;CYCLOXYDIM;49,96;;
PD;15;12526;SWAN;0,5;;;6;VI;CYDIA POMONELLA GRANULOSIS VIRUS;0,02;;
PD;15;12528;CABRIO TOP;2;;;6;VI;CYFLUFENAMID;9,19;;
PD;15;12534;FOXTAIL;280,4;;;6;VI;CYMOXANIL;250,84;;
PD;15;12540;REGRAN SL;9;;;6;VI;CYPERMETHRIN;407,53;;
PD;15;12553;VEBIPYR;0,1;;;6;VI;CYPROCONAZOLE;7,6;;
PD;15;12566;PYGANIC 1.4;10,42;;;6;VI;CYPRODINIL;136,74;;
PD;15;12573;EKO OIL SPRAY;538;;;6;VI;CYPROSULFAMIDE;553,08;;
PD;15;12590;DIASTAR MAXI;1030;;;6;VI;CYROMAZINE (CIROMAZINA);0,38;;
PD;15;12593;BIG STAR;0,25;;;6;VI;DAMINOZIDE;79,05;;
PD;15;12622;QUANTUM;25,5;;;6;VI;DAZOMET;4.257,00;;
PD;15;12625;EFUZIN 355 SC/FULLDINA 35 FL;182;;;6;VI;DB-2,4;52,8;;
PD;15;12628;SERENADE MAX;8;;;6;VI;DELTAMETHRIN;21,07;;
PD;15;12629;BUGGY 360 SG N.E.T.;60;;;6;VI;DENATHONIUM BENZOATE (DENATONIO BENZOATO);0,91;;
PD;15;12636;QUASAR 6/24 R;206;;;6;VI;DESMEDIPHAM;4,23;;
PD;15;12647;GLITTER;306;;;6;VI;DICAMBA;455,99;;
PD;15;12670;RISOLUTIV SL;374;;;6;VI;DICAMBA SALE DIMETILAMMINICO;4,01;;
PD;15;12671;HARMONY 50 SX;19,04;;;6;VI;DICAMBA SALE SODICO;15,42;;
PD;15;12686;CHAMAN;120;;;6;VI;DIFENOCONAZOLE;34,53;;
PD;15;12722;OSSICLOR 20 FLOW;20,75;;;6;VI;DIFLUBENZURON;5,84;;
PD;15;12723;OSSICLOR 20 BLU FLOW;410;;;6;VI;DIFLUFENICAN;3,99;;
PD;15;12734;JUPITER R DF;48;;;6;VI;DIMETHOATE;261,94;;
PD;15;12737;AIRONE PIU';346;;;6;VI;DIMETHOMORPH;771,1;;
PD;15;12747;CUPRAVIT BLU WG;160;;;6;VI;DIQUAT;101,07;;
PD;15;12756;DICOTEX;6;;;6;VI;DITHIANON;170,1;;
PD;15;12759;OSSICLOR 35 WG;2541;;;6;VI;DODINE;139,67;;
PD;15;12763;PYGRAIN;1177,5;;;6;VI;EMAMECTIN BENZOATE;4,59;;
PD;15;12768;SPINTOR FLY;2;;;6;VI;EPOXICONAZOLE;7,24;;
PD;15;12770;ALAR 85 GOLD;16;;;6;VI;EPTAMETILTRISILOSSANO, POLIALCHILENE OSSIDO MODIFICATO;180,39;;
PD;15;12778;PASTA SIAPA F NC;29;;;6;VI;ESFENVALERATE;1,73;;
PD;15;12779;RAMEDIT COMBI WG;2855;;;6;VI;ETHEPHON;0,79;;
PD;15;12780;PASTA SIAPA F BLU;40;;;6;VI;ETHOFUMESATE;28,76;;
PD;15;12790;IMPACT 250 SC;40;;;6;VI;ETHOPROPHOS;99;;
PD;15;12806;FEDOR;22;;;6;VI;ETOFENPROX;21,1;;
PD;15;12808;GLOBAL SC;0,4;;;6;VI;ETOXAZOLE;0,06;;
PD;15;12813;AMISTAR XTRA;93;;;6;VI;FAMOXADONE;3,07;;
PD;15;12824;MERLIN EXPERT;433;;;6;VI;FATTY ACIDS C7-C18 AND C18 AND UNSATURATED POTASSIUM SALTS (SALI POTASSICI DI ACIDI GRASSI);0,49;;
PD;15;12828;SITOFEX;1;;;6;VI;FENAMIDONE;109,1;;
PD;15;12831;INSIGNIA;1;;;6;VI;FENAMIPHOS;19,64;;
PD;15;12832;OPERA;332;;;6;VI;FENBUCONAZOLE;7,65;;
PD;15;12847;EAGLE;1;;;6;VI;FENHEXAMID;129,95;;
PD;15;12858;PRODIGY;1;;;6;VI;FENOXAPROP-P-ETHYL;17,14;;
PD;15;12859;BORNEO;0,45;;;6;VI;FENPROPIDIN;28,88;;
PD;15;12862;CANTUS;4;;;6;VI;FENPYRAZAMINE;8,5;;
PD;15;12865;DANTOP 50 WG;8;;;6;VI;FENPYROXIMATE;0,05;;
PD;15;12866;COLLIS;16;;;6;VI;FERRIC PHOSPHATE (FOSFATO FERRICO);11,49;;
PD;15;12868;BELLIS;6;;;6;VI;FIPRONIL;0,7;;
PD;15;12869;SIGNUM;349;;;6;VI;FLAZASULFURON;0,86;;
PD;15;12870;FANTIC M BLU;1;;;6;VI;FLONICAMID;34,21;;
PD;15;12878;RIDOMIL GOLD COMBI PEPITE;87;;;6;VI;FLORASULAM;3,16;;
PD;15;12883;PROSPER 300 CS;51;;;6;VI;FLUAZIFOP-P-BUTYL;13,4;;
PD;15;12886;KARATHANE STAR;8;;;6;VI;FLUAZINAM;56,08;;
PD;15;12888;LEPINOX PLUS;3;;;6;VI;FLUDIOXONIL;91,16;;
PD;15;12903;DOLESE WG;12;;;6;VI;FLUFENACET;0,01;;
PD;15;12924;JUPITER WG;94;;;6;VI;FLUOPICOLIDE;198,31;;
PD;15;12940;KARATE ZEON 1.5;411;;;6;VI;FLUOPYRAM;19,32;;
PD;15;12973;GLYFOS RAPID;20;;;6;VI;FLUROXYPYR;271,88;;
PD;15;12992;BAGNANTE PLUS;10;;;6;VI;FLUTRIAFOL;15,38;;
PD;15;13005;PROMAG;0,5;;;6;VI;FLUVALINATE;14,79;;
PD;15;13020;MICRORAM 35 WG;40;;;6;VI;FOLPET;1.225,50;;
PD;15;13025;MYSTIC 250 EW;36;;;6;VI;FORAMSULFURON;46,23;;
PD;15;13039;POTCLEAN 2G;4;;;6;VI;FORCHLORFENURON;0,04;;
PD;15;13049;SULCOGAN;712;;;6;VI;FORMETANATE;19,53;;
PD;15;13071;SIAFEN;0,5;;;6;VI;FOSETYL-ALUMINIUM;5.278,63;;
PD;15;13084;TELDOR PLUS;11,9;;;6;VI;GIBBERELLIC ACID (ACIDO GIBBERELLICO A3);0,48;;
PD;15;13093;STOMP AQUA;1785;;;6;VI;GIBBERELLINS (A4+A7);0,63;;
PD;15;13098;ROUNDUP POWER 2.0;1275;;;6;VI;GLUFOSINATE-AMMONIUM;169,2;;
PD;15;13111;THIOCUR FORTE;76,44;;;6;VI;GLYPHOSATE (GLIFOSATE);15.934,05;;
PD;15;13126;CABRIO DUO;69;;;6;VI;GLYPHOSATE ISOPROPYLAMINE (GLIFOSATE SALE ISOPROPILAMINICO);1,08;;
PD;15;13127;VALIS F;5;;;6;VI;HALOSULFURON-METYL;2,7;;
PD;15;13130;GUNNER WG;20;;;6;VI;HEXYTHIAZOX;1,16;;
PD;15;13133;NIBER 35 WG;216;;;6;VI;IMAZAMOX;162,76;;
PD;15;13140;POLTIGLIA BORDOLESE 20 D.F. AGRISYSTEM;40;;;6;VI;IMIDACLOPRID;188,88;;
PD;15;13143;MEZENE WG;6;;;6;VI;INDOXACARB;68,94;;
PD;15;13149;POLTIGLIA MANICA 20 WG;160;;;6;VI;IODOSULFURON METHYL SODIUM;3,58;;
PD;15;13150;CURAME 35 WG;497;;;6;VI;IOXYNIL;11,07;;
PD;15;13153;BANVEL S;631;;;6;VI;IOXYNIL OCTANOATE;81,51;;
PD;15;13160;FORUM TOP;30;;;6;VI;IPCONAZOLE;0,56;;
PD;15;13167;POMARSOL 80 WG;15;;;6;VI;IPRODIONE;304,43;;
PD;15;13168;LAUDIS;901;;;6;VI;IPROVALICARB;144,68;;
PD;15;13169;CYTHRIN L;0,45;;;6;VI;ISOXABEN;16,38;;
PD;15;13185;SIATTOL;0,25;;;6;VI;ISOXADIFEN ETHYL;68,01;;
PD;15;13186;TITUS MAIS EXTRA;55,04;;;6;VI;ISOXAFLUTOLE;829,64;;
PD;15;13205;ZOLFO MANICA SCORREVOLE DOPPIO RAFFINATO;705;;;6;VI;LAMBDA-CYHALOTHRIN;129,43;;
PD;15;13212;CONFIDOR 200 O-TEQ;13,65;;;6;VI;LAURATO DI POTASSIO;11,03;;
PD;15;13213;R6 ERRESEI ALBIS;745;;;6;VI;LECITHIN (LECITINA);5;;
PD;15;13222;DUOKAR 4,5 EW PRO;11;;;6;VI;LENACIL;20,94;;
PD;15;13236;BULLET;549;;;6;VI;LINURON;38,35;;
PD;15;13237;TREND AS;5;;;6;VI;LUFENURON;0,44;;
PD;15;13242;NICOGAN V.O.;694;;;6;VI;MALEIC HYDRAZIDE (IDRAZIDE MALEICA);390,89;;
PD;15;13244;ZOLFO VENTILATO STELLA;380;;;6;VI;MANCOZEB;6.508,43;;
PD;15;13249;ZOLFO VENTILATO STELLA RAMATO S;160;;;6;VI;MANDIPROPAMID;70,08;;
PD;15;13250;ZOLFO VENTILATO STELLA RAMATO B;20;;;6;VI;MCPA;475,88;;
PD;15;13253;PLAYER SC;58;;;6;VI;MCPA SODIUM (MCPA SALE SODICO);0,54;;
PD;15;13255;PLAYER GR;6;;;6;VI;MCPA-DIMETHYLAMMONIUM (MCPA SALE DIMETILAMMINICO);20,3;;
PD;15;13296;POKER 7,5;100;;;6;VI;MECOPROP;73,22;;
PD;15;13299;MAGIO';192;;;6;VI;MECOPROP-P;12,57;;
PD;15;13309;DRAKE 26;67;;;6;VI;MEFENPYR DIETHYL;20,39;;
PD;15;13313;CASPER;19;;;6;VI;MEPTYLDINOCAP;95,32;;
PD;15;13323;SULFY 80 WDG;136,2;;;6;VI;MESOSULFURON METHYL;5,42;;
PD;15;13324;CUPRIZOL S;32,5;;;6;VI;MESOTRIONE;374,96;;
PD;15;13327;GRANSTAR ULTRA SX;3,25;;;6;VI;METAFLUMIZONE;7,98;;
PD;15;13329;OMNEX 10 EC;31;;;6;VI;METALAXYL;135,01;;
PD;15;13350;TAU AL;7,5;;;6;VI;METALAXYL M;134,1;;
PD;15;13352;DIREX 7,5 GR;1559;;;6;VI;METALDEHYDE (METALDEIDE);517,98;;
PD;15;13355;TRONE;75;;;6;VI;METAMITRON;501,24;;
PD;15;13361;DECIS ENERGY O-TEQ;18,78;;;6;VI;METARHIZIUM ANISOPLIAE;0,4;;
PD;15;13365;ZOLFO DOPPIO VENTILATO SCORREVOLE 95% S ZOLFINDUSTRIA;152;;;6;VI;METAZACHLOR;91,68;;
PD;15;13375;NUPRID 200 SC;35;;;6;VI;METHIOCARB;10,94;;
PD;15;13382;PERGADO SC;34;;;6;VI;METHOMYL;18;;
PD;15;13386;PROSARO;1;;;6;VI;METHOXYFENOZIDE;7,88;;
PD;15;13387;FLORAMIX;3,18;;;6;VI;METIRAM;2.718,60;;
PD;15;13389;AFFIRM;102;;;6;VI;METOSULAM;0;;
PD;15;13390;TEBUSIP 46;30;;;6;VI;METRAFENONE;12,4;;
PD;15;13403;GLOXY;25,6;;;6;VI;METRIBUZIN;168,02;;
PD;15;13410;FRUTTENE 76 WG;45;;;6;VI;METSULFURON METHYL;0,95;;
PD;15;13440;SATEL;2,9;;;6;VI;MISCELA DI METIL OLEATO E METIL PALMITATO;104,25;;
PD;15;13443;FUNGIBEN;12;;;6;VI;MYCLOBUTANIL;38,06;;
PD;15;13451;SPARVIERO;56;;;6;VI;NAA;0,43;;
PD;15;13455;ANTIGRAM GOLD;1912;;;6;VI;NAD;1,11;;
PD;15;13466;SPOTLIGHT PLUS;3;;;6;VI;NAPROPAMIDE;103,32;;
PD;15;13468;CLINER;4,7;;;6;VI;N-DECANOLO (1-DECANOLO);10.580,66;;
PD;15;13505;CLICK DUO;865;;;6;VI;NICOSULFURON;143,54;;
PD;15;13521;HELIOCUIVRE S;2;;;6;VI;NONIL-FENIL-POLIOSSIETILENE ETANOLO;37;;
PD;15;13540;QUASAR R FLOW;0,75;;;6;VI;OXADIAZON;61,61;;
PD;15;13547;MEXIL ORO MZ WG;94;;;6;VI;OXAMYL;24;;
PD;15;13555;SHUT TWIN;162;;;6;VI;OXYFLUORFEN;679,34;;
PD;15;13565;PASTA ISAGRO BLU;5;;;6;VI;PACLOBUTRAZOL;0,24;;
PD;15;13576;RAMEPLANT WG;99,8;;;6;VI;PARAFFIN OIL/(CAS 64742-46-7);72,27;;
PD;15;13578;RAME CAFFARO BLU WG NEW;673;;;6;VI;PARAFFIN OIL/(CAS 8042-47-5);2.256,03;;
PD;15;13579;COPPER 12;31,75;;;6;VI;PARAFFIN OIL/(CAS 97862-82-3);2.270,34;;
PD;15;13586;VERDERAME 20 WG;20,8;;;6;VI;PENCONAZOLE;31,89;;
PD;15;13600;ZOLFO S.A.I.M. DOPPIO VENTILATO SCORREVOLE 95% MARCA FLORISTELLA;260;;;6;VI;PENDIMETHALIN;1.803,35;;
PD;15;13610;CLINIC SPECTRUM;53;;;6;VI;PENOXSULAM;3,05;;
PD;15;13612;BABEL 400;24;;;6;VI;PETHOXAMID;80,62;;
PD;15;13635;POLTIGLIA 20 PB MANICA;2690,5;;;6;VI;PHENMEDIPHAM;34,51;;
PD;15;13640;IMPRINT;1;;;6;VI;PHOSMET;41,74;;
PD;15;13648;SIARAM 20 WG;580;;;6;VI;PICLORAM;0,75;;
PD;15;13651;SPECTRO;11,25;;;6;VI;PICOXYSTROBIN;18,9;;
PD;15;13691;TRIDAN COMBI T;110;;;6;VI;PINOLENE;145,92;;
PD;15;13698;VIVANDO;6,25;;;6;VI;PINOXADEN;9,29;;
PD;15;13702;GEOTOX 7,5 C;2366;;;6;VI;PIPERONYL BUTOXIDE (PIPERONIL BUTOSSIDO);3,97;;
PD;15;13711;QUIZA 5 EC;30;;;6;VI;PIRIMICARB;6,37;;
PD;15;13719;THIAMON 80 PLUS;1;;;6;VI;PIRIMIPHOS METHYL;33,03;;
PD;15;13721;AFIDINA QUICK;21;;;6;VI;POLISILOSSANO;5,53;;
PD;15;13736;TRACE;18;;;6;VI;POTASSIUM HYDROGEN CARBONATE (IDROGENOCARBONATO DI POTASSIO);433,5;;
PD;15;13741;SELECTA DISPERSS;12;;;6;VI;PROCHLORAZ;447,4;;
PD;15;13743;KUKAR 22;54;;;6;VI;PROFOXYDIM;0,42;;
PD;15;13765;SHERPA 100 EW;129;;;6;VI;PROHEXADIONE CALCIUM;0,3;;
PD;15;13771;NIMROD 250 EW;12;;;6;VI;PROPAMOCARB;2.074,30;;
PD;15;13785;QUANTUM MZ;80;;;6;VI;PROPAMOCARB HYDROCHLORIDE;15,3;;
PD;15;13786;QUANTUM R;1305,5;;;6;VI;PROPAQUIZAFOP;353,08;;
PD;15;13791;GEATER-STAR;12,5;;;6;VI;PROPICONAZOLE;96,56;;
PD;15;13794;SPADA WDG;31;;;6;VI;PROPINEB;103,6;;
PD;15;13797;ELIOS WG;12;;;6;VI;PROPOXYCARBAZONE;8,57;;
PD;15;13801;TOUCHDOWN HOBBY;12;;;6;VI;PROPYZAMIDE;299,37;;
PD;15;13812;NOTO 40 OD;173;;;6;VI;PROSULFURON;1,95;;
PD;15;13815;TUTOR 18-15;572;;;6;VI;PROTHIOCONAZOLE;34,93;;
PD;15;13823;ALVERDE;2,49;;;6;VI;PYMETROZINE;6,1;;
PD;15;13843;ZELIG 480 EC;10;;;6;VI;PYRACLOSTROBIN;165,57;;
PD;15;13857;CRODIX GEO/MINUET GEO;5825,5;;;6;VI;PYRETHRIN I;3,27;;
PD;15;13858;MEDIATOR EXTRA SL;3,2;;;6;VI;PYRETHRINS;1,19;;
PD;15;13859;MADEX 100;0,1;;;6;VI;PYRIDABEN;1,36;;
PD;15;13876;APACHE;142;;;6;VI;PYRIDATE;3,42;;
PD;15;13877;KITT PRONTO;29,5;;;6;VI;PYRIMETHANIL;306,31;;
PD;15;13885;MICROCOPP NEUTRO FL;376;;;6;VI;PYRIPROXYFEN;5,77;;
PD;15;13892;RAMEZIN COMBI WG NC;172;;;6;VI;PYROXSULAM;5,63;;
PD;15;13900;PRORAM HI TECH;10;;;6;VI;QUINOXYFEN;71,44;;
PD;15;13922;ICARUS SE PPO;0,55;;;6;VI;QUIZALOFOP-P (QUIZALOFOP ETILE D-ISOMERO);27,74;;
PD;15;13955;MITIGREEN;117;;;6;VI;QUIZALOFOP-P-ETILE;111,5;;
PD;15;13981;CORAGEN;138;;;6;VI;RAPE SEED OIL (OLIO DI COLZA);672,13;;
PD;15;14005;CLORTOSIP 500 SC;130;;;6;VI;RIMSULFURON;6,65;;
PD;15;14018;BASIC;88;;;6;VI;SALE SODICO DI ALCHILETERE SOLFATO;87,98;;
PD;15;14034;CURENOX TOP MICRO;257,6;;;6;VI;SILICONI;0,9;;
PD;15;14052;PRODEO 80 WG;10;;;6;VI;S-METOLACHLOR;6.646,82;;
PD;15;14058;FEINZIN 70 DF;41,75;;;6;VI;SODIUM DIOCTYL SULFOSUCCINATE (AUTORIZZATO SOLO COME COADIUVANTE);5,81;;
PD;15;14062;ZOXIUM 240 SC;1;;;6;VI;SORBITAN MONO OLEATO ETOSSILATO;4,8;;
PD;15;14077;CHAMP 20 DF;8;;;6;VI;SORBITAN MONOLEATO;127,68;;
PD;15;14078;RAMCY 44 WG;156;;;6;VI;SPINETORAM;0,5;;
PD;15;14080;MIZAR;57;;;6;VI;SPINOSAD;20,64;;
PD;15;14092;AGRORAT B;84,25;;;6;VI;SPIRODICLOFEN;1,34;;
PD;15;14098;CRITTOX GD 75;50;;;6;VI;SPIROMESIFEN;7,56;;
PD;15;14099;ASPOR WDG;30;;;6;VI;SPIROTETRAMAT;8,91;;
PD;15;14102;BORDOFLOW NEW;48;;;6;VI;SPIROXAMINE;604,65;;
PD;15;14119;VISIR PENCOTECH;48;;;6;VI;SULCOTRIONE;266,97;;
PD;15;14123;ZETARAM NEW TECH;56;;;6;VI;SULPHUR (ZOLFO);39.029,37;;
PD;15;14127;MEVAXIL COBRE;15,75;;;6;VI;TEBUCONAZOLE;454,49;;
PD;15;14135;GRENADIER 75 DF;3,35;;;6;VI;TEBUFENOZIDE;20,47;;
PD;15;14137;ALTACOR;2,8;;;6;VI;TEBUFENPYRAD;0,2;;
PD;15;14154;PIRETRO ACTIGREEN;3;;;6;VI;TEFLUTHRIN;101,93;;
PD;15;14156;CURZATE R WG;412;;;6;VI;TEMBOTRIONE;42,57;;
PD;15;14163;SARMOX 440 WG;493;;;6;VI;TERBUTHYLAZINE;2.863,03;;
PD;15;14164;TRIKA ZETA;130;;;6;VI;TETRACONAZOLE;37,2;;
PD;15;14169;PERGADO R;110;;;6;VI;THIACLOPRID;6,24;;
PD;15;14237;NOTO OD;12;;;6;VI;THIAMETHOXAM;29,29;;
PD;15;14240;PYR PRONTO;22,5;;;6;VI;THIENCARBAZONE-METHYL;314,3;;
PD;15;14248;CLOR QUICK;41,2;;;6;VI;THIFENSULFURON-METHYL;247,69;;
PD;15;14257;UNDERLINE 0,2 G;2320;;;6;VI;THIOPHANATE-METHYL;255,76;;
PD;15;14290;KOHINOR 200 SL;106,95;;;6;VI;THIRAM;633,08;;
PD;15;14333;DIMILIN SC-15;12;;;6;VI;TOLCLOFOS-METHYL;236,92;;
PD;15;14342;VOLCAN COMBI SC;38;;;6;VI;TRALKOXYDIM;1,04;;
PD;15;14348;AGRON;5;;;6;VI;TRI-ALLATE;31,95;;
PD;15;14350;ZOLFO RAMATO 5;25;;;6;VI;TRIASULFURON;0,17;;
PD;15;14368;RESOLVA 24H;31,5;;;6;VI;TRIBASIC COPPER SULPHATE (RAME SOLFATO TRIBASICO);1.069,37;;
PD;15;14376;MASTER QUICK;11;;;6;VI;TRIBENURON-METILE;19,06;;
PD;15;14381;PYRINET;7;;;6;VI;TRICHODERMA ASPERELLUM;1,36;;
PD;15;14382;BROMYBLOC;8;;;6;VI;TRICHODERMA GAMSII;1,36;;
PD;15;14387;NERVURE SUPER;332;;;6;VI;TRICLOPYR;137,82;;
PD;15;14405;MERLIN FLEXX;3650;;;6;VI;TRICYCLAZOLE;23,25;;
PD;15;14407;RUNWAY;58,05;;;6;VI;TRIFLOXYSTROBIN;20,91;;
PD;15;14409;MOVENTO 48 SC;26,6;;;6;VI;TRIFLUSULFURON-METHYL;12,48;;
PD;15;14418;PULSAR 40 SL;582;;;6;VI;TRINEXAPAC ETHYL;5,92;;
PD;15;14419;TRUST SC;9,25;;;6;VI;TRISILOSSANO ETOSSILATO PROPOSSILATO;16,5;;
PD;15;14431;LENTAGRAN 45 WP;6;;;6;VI;TRITICONAZOLE;0;;
PD;15;14432;METRIC;16;;;6;VI;ZETA CYPERMETHRIN;13,93;;
PD;15;14433;QUBIC R;14;;;6;VI;ZIRAM;484,88;;
PD;15;14461;CURIT DUO;10;;;6;VI;ZOXAMIDE;32,26;;
PD;15;14465;TAIFUN MK;1195;;;7;TV;2,4-D;5,08;;
PD;15;14474;TEBUSIP COMBI;177;;;7;TV;2,4-D (ESTERE ISOTTILICO);2,49;;
PD;15;14488;ANTRACOL 70 WG;20;;;7;TV;2,4-D (SALE DIMETILAMMINICO);0,65;;
PD;15;14510;ELECTIS TRIO;116;;;7;TV;ABAMECTIN;7,72;;
PD;15;14525;MAROX SX;0,1;;;7;TV;ACETAMIPRID;0,56;;
PD;15;14577;FORUM R 3B;1315;;;7;TV;ACIBENZOLAR-S-METHYL;1,75;;
PD;15;14636;BIOLID UP;136;;;7;TV;ACLONIFEN;59,42;;
PD;15;14640;OBOKE-SC;18;;;7;TV;ACRINATHRIN;18,62;;
PD;15;14642;RIDOMIL GOLD R WG;347;;;7;TV;ALCOOL GRASSO ETOSSILATO;81,16;;
PD;15;14643;CENTIUM 36 CS;135;;;7;TV;ALCOOL ISOTRIDECILICO;6,8;;
PD;15;14693;VIP 80 EC;3,75;;;7;TV;ALCOOL LAURILICO ETOSSILATO;1,94;;
PD;15;14697;ENERVIN DUO;4;;;7;TV;ALPHA-CYPERMETHRIN (ALPHAMETHRIN);6,09;;
PD;15;14724;CIP;22,5;;;7;TV;AMETOCTRADIN;1.813,61;;
PD;15;14737;ROUNDUP PLATINUM;3186;;;7;TV;AMINOPYRALID;3,51;;
PD;15;14739;DECIS PROTECT;12;;;7;TV;AMISULBROM;0,3;;
PD;15;14758;KARATE WITH ZEON TECHNOLOGY 1.5 HOBBY;25,7;;;7;TV;AMITROLE;2,02;;
PD;15;14765;ELUMIS;126;;;7;TV;AMPELOMYCES QUISQUALIS;0,07;;
PD;15;14792;MELODY TREVI;252;;;7;TV;AUREOBASIDIUM PULLULANS;0;;
PD;15;14799;AFLOR 200 SL;8,28;;;7;TV;AZADIRACHTIN A (AZADIRACTINA A);1,54;;
PD;15;14804;COPPER - DF;0,5;;;7;TV;AZOXYSTROBIN;55,31;;
PD;15;14807;LUZINDO;2,75;;;7;TV;BACILLUS AMYLOLIQUEFACIENS SUBSP. PLANTARUM D747;137,75;;
PD;15;14812;ENERVIN TOP;17;;;7;TV;BACILLUS SUBTILIS (CEPPO QST 713);6,81;;
PD;15;14815;ADENGO;8768;;;7;TV;BACILLUS THURINGIENSIS SOTTOSPECIE AIZAWAY CEPPO ABTS 1857;0,11;;
PD;15;14818;ACANTO;78;;;7;TV;BACILLUS THURINGIENSIS SOTTOSPECIE KURSTAKI CEPPO ABTS 351;1,76;;
PD;15;14837;GLIFOSAR FLASH;252;;;7;TV;BACILLUS THURINGIENSIS SOTTOSPECIE KURSTAKI CEPPO EG 2348;11,74;;
PD;15;14838;BARCLAY GALLUP BIOGRADE 360;3710;;;7;TV;BACILLUS THURINGIENSIS SOTTOSPECIE KURSTAKI CEPPO SA 12;2,7;;
PD;15;14867;SYNERO;5;;;7;TV;BEAUVERIA BASSIANA;0,08;;
PD;15;14868;IDROX 22 NEW;124;;;7;TV;BENALAXYL;0,24;;
PD;15;14870;ASSORAM ELITE WG;20;;;7;TV;BENALAXYL-M;16;;
PD;15;14872;BELLIS DRUPACEE;10;;;7;TV;BENFLURALIN;0,38;;
PD;15;14876;GRANDSTAND;3;;;7;TV;BENTAZONE;462,94;;
PD;15;14879;LONTREL 72 SG;0,15;;;7;TV;BENTHIAVALICARB;0,81;;
PD;15;14884;CORUM;486;;;7;TV;BIFENAZATE;0,51;;
PD;15;14890;SANBLIGHT;80;;;7;TV;BITERTANOL;0,06;;
PD;15;14895;LANNATE 20 SL;5;;;7;TV;BORDEAUX MIXTURE (RAME POLTIGLIA BORDOLESE);1.791,36;;
PD;15;14909;NURELLE 5;3;;;7;TV;BOSCALID;389,47;;
PD;15;14935;TRAXOS ONE;23;;;7;TV;BROMADIOLONE;0;;
PD;15;14936;AMPLIGO;313,5;;;7;TV;BROMOXYNIL OTTANOATO;0,95;;
PD;15;14948;ACTARA HOBBY;0,24;;;7;TV;BUPIRIMATE;0,45;;
PD;15;14972;DICARZOL 50 SP;1;;;7;TV;BUPROFEZIN;498,8;;
PD;15;14974;BELEM 0.8 MG;11508;;;7;TV;CALCIUM POLYSULPHIDE (POLISOLFURO DI CALCIO O ZOLFO CALCICO);21;;
PD;15;14980;AFFINITY PLUS;1;;;7;TV;CARFENTRAZONE-ETHYL;30,16;;
PD;15;15007;AXIAL PRONTO;15;;;7;TV;CHLORANTRANILIPROLE;270,5;;
PD;15;15023;DERREX;30;;;7;TV;CHLORMEQUAT (CHLORIDE);0,41;;
PD;15;15034;DICOPHAR;4,4;;;7;TV;CHLOROTHALONIL;17,19;;
PD;15;15036;PROPIFLOWER;5,5;;;7;TV;CHLORPROPHAM;1,74;;
PD;15;15041;OPINION ECNA;14,5;;;7;TV;CHLORPYRIFOS;3.094,74;;
PD;15;15047;R6 ERRESEI BORDEAUX WG;118;;;7;TV;CHLORPYRIFOS-METHYL;677,64;;
PD;15;15049;MODDUS;20;;;7;TV;CIFLUTRIN;0,77;;
PD;15;15050;VERTIMEC PRO;12;;;7;TV;CLOFENTEZINE;0,54;;
PD;15;15058;PRINCIPAL MAIS;12,76;;;7;TV;CLOMAZONE;152,81;;
PD;15;15059;DECIS EVO;425,25;;;7;TV;CLOPYRALID;4,39;;
PD;15;15064;MAESTRO WG ADVANCE;5;;;7;TV;CLOQUINTOCET MEXYL;0,01;;
PD;15;15067;MIG-40 SC;44;;;7;TV;COPOLIMER 21;60,72;;
PD;15;15076;TYLAL 80 WP;7;;;7;TV;COPPER HYDROXIDE (RAME IDROSSIDO);18.070,01;;
PD;15;15079;JUVINAL ECHO;2;;;7;TV;COPPER OXIDE (RAME OSSIDO);195,75;;
PD;15;15085;VITISAN 45 WG;3;;;7;TV;COPPER OXYCHLORIDE (RAME OSSICLORURO);32.611,65;;
PD;15;15093;CENTURIO;60;;;7;TV;COPPER SULFATE (RAME SOLFATO);12.705,75;;
PD;15;15101;CIMORAM ULTRA WG;1982;;;7;TV;CYAZOFAMID;445,69;;
PD;15;15102;VITENE R WG;395;;;7;TV;CYCLOXYDIM;302,48;;
PD;15;15107;SAMSON EXTRA 6 OD;12;;;7;TV;CYFLUFENAMID;57,95;;
PD;15;15111;MIRADOR SC/PRIORI;17;;;7;TV;CYMOXANIL;2.321,78;;
PD;15;15112;SIMPLIA;146;;;7;TV;CYPERMETHRIN;79,64;;
PD;15;15116;ELIOS R;268;;;7;TV;CYPROCONAZOLE;3,35;;
PD;15;15122;ACTELLIC 50 NEWPHARM;2421;;;7;TV;CYPRODINIL;1.218,62;;
PD;15;15125;PROLECTUS;24;;;7;TV;CYPROSULFAMIDE;131,33;;
PD;15;15135;OLEOSAN PLUS;8;;;7;TV;CYROMAZINE (CIROMAZINA);3;;
PD;15;15139;INDIPENDENT SC-15;396;;;7;TV;DB-2,4;56,4;;
PD;15;15142;ALCANCE SYNC TEC;10;;;7;TV;DELTAMETHRIN;9,62;;
PD;15;15177;ROTATE PLUS DF;6;;;7;TV;DENATHONIUM BENZOATE (DENATONIO BENZOATO);2,47;;
PD;15;15181;CIRRUS CS;228;;;7;TV;DICAMBA;421,55;;
PD;15;15193;CONTATTO PIU' EXTRA;10;;;7;TV;DICAMBA SALE DIMETILAMMINICO;9,88;;
PD;15;15201;FLOXI 355 SC;30;;;7;TV;DICAMBA SALE SODICO;110,03;;
PD;15;15221;ZETARAM PLUS;55,9;;;7;TV;DIFENOCONAZOLE;52,69;;
PD;15;15222;FOLICUR COMBI WG;205;;;7;TV;DIFLUBENZURON;113,84;;
PD;15;15253;FALCON MK;735;;;7;TV;DIMETHENAMID-P;26,18;;
PD;15;15270;PROFELIS;1;;;7;TV;DIMETHOATE;172,99;;
PD;15;15274;ALIAL SYSTEM;50;;;7;TV;DIMETHOMORPH;10.258,25;;
PD;15;15285;PRIMMA STAR;0,22;;;7;TV;DIQUAT;28,52;;
PD;15;15286;KENDO ZEON 1.5;91;;;7;TV;DITHIANON;98,7;;
PD;15;15292;VERTIARO;1,5;;;7;TV;DODINE;228,1;;
PD;15;15293;BONECO;10,5;;;7;TV;EMAMECTIN BENZOATE;8,15;;
PD;15;15294;KENDO BI-ACTIVE;237;;;7;TV;EPOXICONAZOLE;2,21;;
PD;15;15300;ARMETIL FLOW;10;;;7;TV;EPTAMETILTRISILOSSANO, POLIALCHILENE OSSIDO MODIFICATO;0,84;;
PD;15;15302;AMYLO-X;4;;;7;TV;ESFENVALERATE;1,05;;
PD;15;15307;DEDALUS 25 WDG;60;;;7;TV;ETHOPROPHOS;30;;
PD;15;15310;NISSHIN EXTRA 6 OD;38;;;7;TV;ETOFENPROX;140,72;;
PD;15;15313;ZOLFO SC;120;;;7;TV;ETOXAZOLE;0,5;;
PD;15;15325;CORNER MZ WG;175;;;7;TV;FAMOXADONE;18,2;;
PD;15;15333;APPLAUD PLUS;46,86;;;7;TV;FATTY ACIDS C7-C18 AND C18 AND UNSATURATED POTASSIUM SALTS (SALI POTASSICI DI ACIDI GRASSI);2,94;;
PD;15;15342;FEUDO MZ WDG;8;;;7;TV;FENAMIDONE;29,65;;
PD;15;15343;FEUDO RD WP;156;;;7;TV;FENBUCONAZOLE;0,08;;
PD;15;15371;BELEM PROTEZIONE;1070;;;7;TV;FENHEXAMID;784,29;;
PD;15;15401;TAIFUN MK CL;915;;;7;TV;FENOXAPROP-P-ETHYL;3,47;;
PD;15;15422;KELVIN DUO;3,6;;;7;TV;FENPYRAZAMINE;129;;
PD;15;15428;WINNER OD;24;;;7;TV;FERRIC PHOSPHATE (FOSFATO FERRICO);19,48;;
PD;15;15449;CIDELY;28;;;7;TV;FLAZASULFURON;4,49;;
PD;15;15493;SIMUN 40 OD;40;;;7;TV;FLONICAMID;0,5;;
PD;15;15499;SONG 70 WDG;38,5;;;7;TV;FLORASULAM;1,31;;
PD;15;15505;SILBOT 500 SC/MORFEUM 500 SC;7;;;7;TV;FLUAZIFOP-P-BUTYL;45,27;;
PD;15;15506;RAPIDO PPO;1,5;;;7;TV;FLUAZINAM;461,89;;
PD;15;15509;MOSAIKO COMBI;15;;;7;TV;FLUDIOXONIL;753,81;;
PD;15;15514;CUPRAVIT BLU 35 WG;202,6;;;7;TV;FLUFENACET;24,21;;
PD;15;15569;LOOP 40;38;;;7;TV;FLUOPICOLIDE;842,48;;
PD;15;15573;PROMESS SL;35;;;7;TV;FLUOPYRAM;126,35;;
PD;15;15575;MESUROL 500 FS;1;;;7;TV;FLUROXYPYR;197,15;;
PD;15;15591;PREVINT TOP;20;;;7;TV;FLUVALINATE;7,12;;
PD;15;15608;VERSAR;36;;;7;TV;FOLPET;26.342,75;;
PD;15;15618;FULLDINA 355 SC;17;;;7;TV;FORAMSULFURON;0,41;;
PD;15;15621;BOTTO 50 EC;55;;;7;TV;FORCHLORFENURON;0,05;;
PD;15;15625;TERMINUS SC;54;;;7;TV;FOSETYL-ALUMINIUM;27.045,14;;
PD;15;15640;PROLINE STAR;19;;;7;TV;GIBBERELLIC ACID (ACIDO GIBBERELLICO A3);0,12;;
PD;15;15641;SIATTOL 200 SL;4,75;;;7;TV;GLUFOSINATE-AMMONIUM;767,7;;
PD;15;15661;SENEGO;4;;;7;TV;GLYPHOSATE (GLIFOSATE);19.178,43;;
PD;15;15668;GHIBLI 240 OD;121;;;7;TV;GLYPHOSATE ISOPROPYLAMINE (GLIFOSATE SALE ISOPROPILAMINICO);17,74;;
PD;15;15681;LUMADRY ESCA;300,5;;;7;TV;HEXYTHIAZOX;8,61;;
PD;15;15687;MICLOCUR;27;;;7;TV;IMAZAMOX;80,18;;
PD;15;15722;ARMICARB 85;285;;;7;TV;IMIDACLOPRID;49,98;;
PD;15;15751;VITENE TRIPLO R;20;;;7;TV;INDOXACARB;85,6;;
PD;15;15842;AFICIONADO;24;;;7;TV;IOXYNIL OCTANOATE;0,29;;
PD;15;15900;TRIKA EXPERT;930;;;7;TV;IPRODIONE;2,73;;
PD;15;15901;ERCOLE;11849;;;7;TV;IPROVALICARB;87,68;;
PD;15;15913;BORDO ISAGRO WG BLU;258;;;7;TV;ISOXABEN;40,72;;
PD;15;15960;MALERBANE PRATI 250;12;;;7;TV;ISOXADIFEN ETHYL;1,84;;
PD;15;15961;RETENGO NEW;80;;;7;TV;ISOXAFLUTOLE;186,54;;
PD;15;15964;ENOVIT METIL FL BETA;116;;;7;TV;KRESOXIM METHYL;9,19;;
PD;16;13;THIOPRON;3020;;;7;TV;LAMBDA-CYHALOTHRIN;70,8;;
PD;16;17;U 46 COMBI FLUID;58;;;7;TV;LECANICILLIMUM MUSCARIUM (VE6);0,22;;
PD;16;40;ETRAVON SYNGENTA;2061;;;7;TV;LECITHIN (LECITINA);2;;
PD;16;133;U 46 D-FLUID;2;;;7;TV;LENACIL;4,8;;
PD;16;206;ALBENE;1172;;;7;TV;LINURON;78,58;;
PD;16;485;KENYATOX VERDE;2,15;;;7;TV;MALEIC HYDRAZIDE (IDRAZIDE MALEICA);66;;
PD;16;599;ACUPRICO 76 WG;79;;;7;TV;MANCOZEB;43.032,49;;
PD;16;630;REGLONE W;843;;;7;TV;MANDIPROPAMID;767,55;;
PD;16;844;MICROBAGNABILE 80;1;;;7;TV;MCPA;57,12;;
PD;16;909;POLISOLFURO DI CALCIO POLISENIO;25;;;7;TV;MCPA SODIUM (MCPA SALE SODICO);8,87;;
PD;16;1147;FITONEX COMBI;7;;;7;TV;MCPA-DIMETHYLAMMONIUM (MCPA SALE DIMETILAMMINICO);2,07;;
PD;16;1156;CHEMOL;113;;;7;TV;MECOPROP;24,87;;
PD;16;1544;MESUROL;15;;;7;TV;MECOPROP-P;2,27;;
PD;16;1562;ERBITOX E 30;272;;;7;TV;MEPANIPYRIM;4,5;;
PD;16;1573;BASAMID GRANULAT;180;;;7;TV;MEPTYLDINOCAP;387,2;;
PD;16;1583;MICROTHIOL DISPERSS;3752;;;7;TV;MESOTRIONE;226,45;;
PD;16;1600;ETRAVON;47;;;7;TV;METAFLUMIZONE;0,36;;
PD;16;1613;ANTRACOL;2;;;7;TV;METALAXYL;1.290,65;;
PD;16;1714;KERB 80 EDF;332;;;7;TV;METALAXYL M;2.133,19;;
PD;16;1727;BAGNANTE AG N;5;;;7;TV;METALDEHYDE (METALDEIDE);841,23;;
PD;16;1765;MICRO-DROP;9;;;7;TV;METAMITRON;3,5;;
PD;16;1850;IDRORAME FLOW;27,5;;;7;TV;METAZACHLOR;8,42;;
PD;16;2191;WETTING PLUS;18;;;7;TV;METCONAZOLE;2,75;;
PD;16;2259;PASTA LUMACHICIDA IN GRANI;33,6;;;7;TV;METHIOCARB;0,5;;
PD;16;2307;VECTOR;14;;;7;TV;METHOMYL;3;;
PD;16;2353;BONALAN;148;;;7;TV;METHOXYFENOZIDE;3.448,80;;
PD;16;2368;PRATI SPECIAL;0,75;;;7;TV;METIRAM;60.194,32;;
PD;16;2454;DIMILIN;1;;;7;TV;METRAFENONE;485,37;;
PD;16;2520;ACTELLIC;15;;;7;TV;METRIBUZIN;370,47;;
PD;16;2603;ESCACIDE;155;;;7;TV;MISCELA DI METIL OLEATO E METIL PALMITATO;148,88;;
PD;16;2634;BUGGY;60;;;7;TV;MYCLOBUTANIL;227,47;;
PD;16;2732;GOLTIX;529;;;7;TV;NAA;0,24;;
PD;16;2923;TIOVIT JET;32082;;;7;TV;NAD;0;;
PD;16;2934;MICROSOL 90;289;;;7;TV;NICOSULFURON;185,14;;
PD;16;2950;ADESIL A;142;;;7;TV;NONIL-FENIL-POLIOSSIETILENE ETANOLO;0,2;;
PD;16;2995;ESCARTOX;2656,5;;;7;TV;OXADIAZON;1,71;;
PD;16;3065;OLIOCIN;382;;;7;TV;OXAMYL;6;;
PD;16;3076;MESUROL ESCA;50;;;7;TV;OXYFLUORFEN;94,38;;
PD;16;3102;OLEOTER;5;;;7;TV;PARAFFIN OIL/(CAS 64742-46-7);146,56;;
PD;16;3132;SEPR-OIL;180;;;7;TV;PARAFFIN OIL/(CAS 8042-47-5);2.782,38;;
PD;16;3141;CUTHIOL;107;;;7;TV;PARAFFIN OIL/(CAS 97862-82-3);1.928,68;;
PD;16;3163;U 46 M STAR;30;;;7;TV;PELARGONIC ACID (ACIDO PELARGONICO);10,34;;
PD;16;3219;CARAKOL AGRO;1072;;;7;TV;PENCONAZOLE;326,51;;
PD;16;3313;ARAGOL L 40;127;;;7;TV;PENDIMETHALIN;456,22;;
PD;16;3366;ROGATOX EC;18;;;7;TV;PETHOXAMID;96,74;;
PD;16;3486;TRISCABOL DG;15;;;7;TV;PHENMEDIPHAM;0,95;;
PD;16;3503;AGRUMIN;264;;;7;TV;PHOSMET;8,53;;
PD;16;3519;METAMBANE;3;;;7;TV;PICOXYSTROBIN;52,43;;
PD;16;3553;CURZATE;3;;;7;TV;PINOLENE;24;;
PD;16;3555;CURZATE M;50;;;7;TV;PINOXADEN;0,05;;
PD;16;3640;CUPROSTAR/AIRONE;274;;;7;TV;PIPERONYL BUTOXIDE (PIPERONIL BUTOSSIDO);2,59;;
PD;16;3658;SIPCAMOL E;44;;;7;TV;PIRIMICARB;2,8;;
PD;16;3767;FENOXILENE MAX;386;;;7;TV;POLISILOSSANO;24,75;;
PD;16;3800;CRITTAM WG;145;;;7;TV;POTASSIUM HYDROGEN CARBONATE (IDROGENOCARBONATO DI POTASSIO);1.785,00;;
PD;16;3859;DURSBAN;5;;;7;TV;POTASSIUM PHOSPHITE (FOSFITO O FOSFONATO DI POTASSIO);326,11;;
PD;16;4012;RELDAN 22;1481,75;;;7;TV;PROCHLORAZ;210,61;;
PD;16;4157;IROL PLUS;1042;;;7;TV;PROPAMOCARB;98,78;;
PD;16;4199;PENNCOZEB DG;2810;;;7;TV;PROPAMOCARB HYDROCHLORIDE;6,35;;
PD;16;4228;ROGOR L 20;578;;;7;TV;PROPAQUIZAFOP;70,52;;
PD;16;4292;ZOLVIS 80 MICRO;20;;;7;TV;PROPICONAZOLE;64,36;;
PD;16;4426;DECIS;17,5;;;7;TV;PROPINEB;416;;
PD;16;4552;DITHANE DG NEOTEC;780;;;7;TV;PROPYZAMIDE;10,01;;
PD;16;4710;ALIETTE;98,4;;;7;TV;PROQUINAZID;42,85;;
PD;16;5152;TIOSPOR WG;210;;;7;TV;PROSULFURON;0,55;;
PD;16;5228;CARAKOL;389;;;7;TV;PROTHIOCONAZOLE;2,79;;
PD;16;5299;MIBIOL;447,5;;;7;TV;PYRACLOSTROBIN;194,61;;
PD;16;5509;CHIMIGOR 40;53;;;7;TV;PYRAFLUFEN ETHYL;2,08;;
PD;16;5574;LUMAKIDIN 5G;82;;;7;TV;PYRETHRIN I;10,23;;
PD;16;5755;TILT 25 EC;13,5;;;7;TV;PYRETHRINS;2,28;;
PD;16;5864;CIPOTRIL;28;;;7;TV;PYRIDABEN;37,64;;
PD;16;6001;BETAFIL;40;;;7;TV;PYRIDATE;0,45;;
PD;16;6136;GERMON L;72,9;;;7;TV;PYRIMETHANIL;800,19;;
PD;16;6321;STIMOLANTE 66F;40,6;;;7;TV;PYRIPROXYFEN;2,73;;
PD;16;6322;OBSTHORMON 24A;1;;;7;TV;QUINOXYFEN;423,24;;
PD;16;6376;ANTISCHIUMA SHAUMSTOP;29,25;;;7;TV;QUIZALOFOP-P (QUIZALOFOP ETILE D-ISOMERO);64,73;;
PD;16;6401;MONDAK 21 S;263;;;7;TV;QUIZALOFOP-P-ETILE;16,74;;
PD;16;6556;K-OBIOL DP2;68;;;7;TV;RAPE SEED OIL (OLIO DI COLZA);805,83;;
PD;16;6557;K-OBIOL EC 25;11;;;7;TV;RIMSULFURON;7,25;;
PD;16;6674;AFALON DS;311;;;7;TV;ROTENONE;0,03;;
PD;16;6704;TIOLENE 80 WG;867;;;7;TV;SALE SODICO DI ALCHILETERE SOLFATO;9,18;;
PD;16;6719;LIOSOL BETA;15;;;7;TV;SHEEP FAT (GRASSO DI PECORA);4,61;;
PD;16;6766;BUTISAN S;28;;;7;TV;SILICONI;0,24;;
PD;16;6834;TEPETA COMBI;20;;;7;TV;S-METOLACHLOR;5.569,90;;
PD;16;6945;TOPAS 10 EC;184,2;;;7;TV;SODIUM DIOCTYL SULFOSUCCINATE (AUTORIZZATO SOLO COME COADIUVANTE);0,14;;
PD;16;6947;TOPAS COMBI;1818;;;7;TV;SORBITAN MONO OLEATO ETOSSILATO;21,12;;
PD;16;6955;METACID;36;;;7;TV;SORBITAN MONOLEATO;591;;
PD;16;6956;TARGA FLO;4949;;;7;TV;SPINOSAD;21,66;;
PD;16;6978;BETTER 400;1485;;;7;TV;SPIROTETRAMAT;7,63;;
PD;16;7020;BAGNANTE CIFO;37;;;7;TV;SPIROXAMINE;2.255,81;;
PD;16;7053;PASTA CAFFARO NC;365,5;;;7;TV;SULCOTRIONE;267,11;;
PD;16;7055;PASTA CAFFARO BLU;568,5;;;7;TV;SULPHUR (ZOLFO);356.421,35;;
PD;16;7101;LIMAVAL;6;;;7;TV;TEBUCONAZOLE;716,12;;
PD;16;7368;TURFENE L;218,5;;;7;TV;TEBUFENPYRAD;10,4;;
PD;16;7369;SYLLIT FLO;12,75;;;7;TV;TEFLUTHRIN;102,49;;
PD;16;7379;VENZAR;158;;;7;TV;TEMBOTRIONE;2,8;;
PD;16;7401;POLTIGLIA CAFFARO 20 DF NEW;52;;;7;TV;TERBUTHYLAZINE;2.641,02;;
PD;16;7530;BIOLID E;1;;;7;TV;TETRACONAZOLE;104,59;;
PD;16;7543;ERBITOX COMBI;119;;;7;TV;THIACLOPRID;25,05;;
PD;16;7555;KLARTAN 20 EW;10,1;;;7;TV;THIAMETHOXAM;422,1;;
PD;16;7611;ENOVIT METIL FL;540;;;7;TV;THIENCARBAZONE-METHYL;59,31;;
PD;16;7700;MATACAR FL;0,8;;;7;TV;THIFENSULFURON-METHYL;8,36;;
PD;16;7732;KESHET EW;3,8;;;7;TV;THIOPHANATE-METHYL;981,49;;
PD;16;7733;BAYTEROID EW;8;;;7;TV;THIRAM;14,08;;
PD;16;7764;TIOLENE;12;;;7;TV;TOLCLOFOS-METHYL;5,34;;
PD;16;7845;TMTD 50 SC;54;;;7;TV;TRIBASIC COPPER SULPHATE (RAME SOLFATO TRIBASICO);8.159,04;;
PD;16;7876;PIRIMOR 17,5;7;;;7;TV;TRIBENURON-METILE;3,29;;
PD;16;7916;POLYRAM DF;4355;;;7;TV;TRICHODERMA ASPERELLUM;10,82;;
PD;16;7919;TOUCHDOWN;1340;;;7;TV;TRICHODERMA GAMSII;10,82;;
PD;16;7922;OPALENE;443;;;7;TV;TRICHODERMA HARZIANUM;9,21;;
PD;16;7930;KERB FLO;303,5;;;7;TV;TRICLOPYR;37,41;;
PD;16;7957;ROVRAL PLUS;192;;;7;TV;TRIFLOXYSTROBIN;70,24;;
PD;16;7958;RONSTAR FL;46;;;7;TV;TRITOSULFURON;3,6;;
PD;16;7961;RIZOLEX  GOLD;243;;;7;TV;VALIPHENAL (IR5885);64,5;;
PD;16;7963;RIZOLEX 50 PB;15;;;7;TV;ZETA CYPERMETHRIN;3,86;;
PD;16;7984;STRATOS;1370;;;7;TV;ZIRAM;65,87;;
PD;16;8023;SUMIALFA ECHO;28;;;7;TV;ZOXAMIDE;1.443,86;;
PD;16;8028;CALARIS;34;;;8;TV;2,4-D;7,77;;
PD;16;8102;MERPAN 80 WDG;225;;;8;TV;2,4-D (ESTERE ISOTTILICO);10,3;;
PD;16;8105;CIMORAM;136;;;8;TV;6-BENZYLADENINE;1,06;;
PD;16;8117;BASTA 200;1850;;;8;TV;ABAMECTIN;6,63;;
PD;16;8139;MANTA GOLD/FENOTRIX COMBI;69;;;8;TV;ACEQUINOCYL;1,35;;
PD;16;8146;GALLERY;77,5;;;8;TV;ACETAMIPRID;9,18;;
PD;16;8184;CHALLENGE;46;;;8;TV;ACIBENZOLAR-S-METHYL;16,5;;
PD;16;8189;FORCE;16260;;;8;TV;ACLONIFEN;39,68;;
PD;16;8201;GLISTER;34;;;8;TV;ACRINATHRIN;6,32;;
PD;16;8207;LONTREL 75 G;4,1;;;8;TV;ALCOOL ISOTRIDECILICO;11;;
PD;16;8229;RAPAX;6,2;;;8;TV;ALCOOL LAURILICO POLIETOSSILATO;0,31;;
PD;16;8376;ARIANE II;740;;;8;TV;ALPHA-CYPERMETHRIN (ALPHAMETHRIN);4,5;;
PD;16;8382;ROUNDUP BIOFLOW;1258;;;8;TV;AMETOCTRADIN;536,47;;
PD;16;8429;GLYFOS SL;1856;;;8;TV;AMINOPYRALID;6,1;;
PD;16;8483;ETOSATE 500;11;;;8;TV;AMITROLE;11,11;;
PD;16;8498;FOLICUR WG;48;;;8;TV;AMPELOMYCES QUISQUALIS;1,53;;
PD;16;8499;EFESTO;162;;;8;TV;AUREOBASIDIUM PULLULANS;0;;
PD;16;8528;FEINZIN 35 DF;5,5;;;8;TV;AZADIRACHTIN A (AZADIRACTINA A);10,64;;
PD;16;8534;CITROLE;154;;;8;TV;AZOXYSTROBIN;82,6;;
PD;16;8540;PAMPA/GHIBLI;1915;;;8;TV;BACILLUS AMYLOLIQUEFACIENS SUBSP. PLANTARUM D747;155;;
PD;16;8542;FORUM 50 WP;383,2;;;8;TV;BACILLUS SUBTILIS (CEPPO QST 713);8,98;;
PD;16;8547;LOGRAN;23,5;;;8;TV;BACILLUS THURINGIENSIS SOTTOSPECIE AIZAWAY CEPPO ABTS 1857;0,45;;
PD;16;8558;PIRETRO VERDE;6,1;;;8;TV;BACILLUS THURINGIENSIS SOTTOSPECIE KURSTAKI CEPPO ABTS 351;0,45;;
PD;16;8601;FOLPAN 80 WDG;652;;;8;TV;BACILLUS THURINGIENSIS SOTTOSPECIE KURSTAKI CEPPO EG 2348;16,79;;
PD;16;8617;BANVEL 480 S;6;;;8;TV;BACILLUS THURINGIENSIS SOTTOSPECIE KURSTAKI CEPPO SA 12;2,57;;
PD;16;8646;ACTIVUS EC/PANDA;55;;;8;TV;BEAUVERIA BASSIANA;2,09;;
PD;16;8656;GLIFENE HP;372;;;8;TV;BENALAXYL-M;22,19;;
PD;16;8726;OVISPRAY;10;;;8;TV;BENFLURALIN;52,42;;
PD;16;8729;FORUM R;1428;;;8;TV;BENTAZONE;122,79;;
PD;16;8735;TREBON UP;389;;;8;TV;BETA-CIFLUTRIN;0,52;;
PD;16;8742;INDAR 5EW;6;;;8;TV;BIFENAZATE;8,93;;
PD;16;8743;GREENEX;19,2;;;8;TV;BIXAFEN;2,7;;
PD;16;8793;EMINENT 40 EW;4;;;8;TV;BORDEAUX MIXTURE (RAME POLTIGLIA BORDOLESE);221,87;;
PD;16;8795;VERTIMEC EC;59;;;8;TV;BOSCALID;337,23;;
PD;16;8796;SELECT;47;;;8;TV;BROMADIOLONE;0,01;;
PD;16;8797;BINAL PRO/EMINENT COMBI;45;;;8;TV;BUPIRIMATE;22,21;;
PD;16;8801;SCORE 25 EC;133,82;;;8;TV;BUPROFEZIN;118,92;;
PD;16;8803;DOMARK COMBI PB;73;;;8;TV;CAPTANO;69,6;;
PD;16;8836;MIMIC;11;;;8;TV;CARFENTRAZONE-ETHYL;9,36;;
PD;16;8837;GERMON BEWURZELUNGSPUDER PER TALEE ERBACEE;1,32;;;8;TV;CHLORANTRANILIPROLE;100,78;;
PD;16;8838;GERMON BEWURZELUNGSPUDER PER TALEE LEGNOSE;3,33;;;8;TV;CHLORMEQUAT (CHLORIDE);52,32;;
PD;16;8841;CYREN 7,5 G;642;;;8;TV;CHLOROTHALONIL;49,63;;
PD;16;8843;NISSHIN;48;;;8;TV;CHLORPROPHAM;43,06;;
PD;16;8859;MASTIFF;5719;;;8;TV;CHLORPYRIFOS;1.305,23;;
PD;16;8882;ULTRA FINE OIL;18;;;8;TV;CHLORPYRIFOS-METHYL;544,35;;
PD;16;8883;GLIFO DISERBANTE TOTALE;36;;;8;TV;CIFLUTRIN;0,74;;
PD;16;8884;BITRON DF;628;;;8;TV;CLODINAFOP PROPARGYL;1,28;;
PD;16;8886;SAFARI;38,28;;;8;TV;CLOFENTEZINE;2,18;;
PD;16;8934;SCALA;122;;;8;TV;CLOMAZONE;263,76;;
PD;16;8984;GLIPHOGAN TOP MK;1336;;;8;TV;CLOPYRALID;10,43;;
PD;16;8987;CONFIDOR 200 SL;127,21;;;8;TV;CLOQUINTOCET MEXYL;9,33;;
PD;16;9005;AGIL;701;;;8;TV;CONIOTHYRIUM MINITANS;0,71;;
PD;16;9010;RAMEZIN COMBI WG;390;;;8;TV;COPPER HYDROXIDE (RAME IDROSSIDO);6.851,82;;
PD;16;9012;CUPROCAFFARO MICRO;2638;;;8;TV;COPPER OXIDE (RAME OSSIDO);16,5;;
PD;16;9038;OPINION;5,5;;;8;TV;COPPER OXYCHLORIDE (RAME OSSICLORURO);16.857,53;;
PD;16;9079;REGRAN COMBI;6;;;8;TV;COPPER SULFATE (RAME SOLFATO);4.643,40;;
PD;16;9131;PYRINEX ME;1697;;;8;TV;CYAZOFAMID;84,07;;
PD;16;9148;SYLLIT 355 SC;221;;;8;TV;CYCLOXYDIM;138,23;;
PD;16;9180;STROBY WG;1,8;;;8;TV;CYDIA POMONELLA GRANULOSIS VIRUS;0,11;;
PD;16;9210;QUADRIS;5;;;8;TV;CYFLUFENAMID;25,86;;
PD;16;9237;GRID;5,05;;;8;TV;CYMOXANIL;899;;
PD;16;9286;OHAYO;2;;;8;TV;CYPERMETHRIN;111,23;;
PD;16;9306;PROPLANT;47,75;;;8;TV;CYPROCONAZOLE;15,5;;
PD;16;9311;CUPROSSIL IDRO 25 WP;180;;;8;TV;CYPRODINIL;445,14;;
PD;16;9322;GOLTIX STAR;106;;;8;TV;CYPROSULFAMIDE;365,89;;
PD;16;9335;SILGLIF MK;234;;;8;TV;CYROMAZINE (CIROMAZINA);5,06;;
PD;16;9339;BETANAL EXPERT;1823;;;8;TV;DAMINOZIDE;625,69;;
PD;16;9342;DELTRIN;20;;;8;TV;DAZOMET;178,2;;
PD;16;9364;RAPIDO;1168;;;8;TV;DB-2,4;14,41;;
PD;16;9371;PEAK;29,24;;;8;TV;DELTAMETHRIN;21,33;;
PD;16;9373;CHORUS;79;;;8;TV;DENATHONIUM BENZOATE (DENATONIO BENZOATO);0,25;;
PD;16;9400;GLIFOGAN PRONTO;15,75;;;8;TV;DICAMBA;708,85;;
PD;16;9404;TETRAPLUS COMBI EC;0,28;;;8;TV;DICAMBA SALE DIMETILAMMINICO;7,45;;
PD;16;9422;EVADE;951,35;;;8;TV;DICAMBA SALE SODICO;102,83;;
PD;16;9448;RIFLE 4-24 R BLU;14;;;8;TV;DIFENOCONAZOLE;33;;
PD;16;9449;EMERALD COMBI;3;;;8;TV;DIFLUBENZURON;35,1;;
PD;16;9463;KLARO KIT;232,5;;;8;TV;DIMETHENAMID-P;39,27;;
PD;16;9478;PIRET;0,73;;;8;TV;DIMETHOATE;175,51;;
PD;16;9509;PROMALIN NT;12,5;;;8;TV;DIMETHOMORPH;3.796,27;;
PD;16;9578;SWITCH;220,9;;;8;TV;DIQUAT;23,63;;
PD;16;9612;OSSICLOR 30;590;;;8;TV;DITHIANON;426,65;;
PD;16;9629;FOLTAN MGD;40;;;8;TV;DODINE;412,48;;
PD;16;9634;CARNIVAL;57;;;8;TV;EMAMECTIN BENZOATE;2,52;;
PD;16;9655;PRIMIAL WG;8;;;8;TV;EPOXICONAZOLE;1,69;;
PD;16;9668;RUFAST E-FLO;37,35;;;8;TV;ESFENVALERATE;0,51;;
PD;16;9673;SEPRA-BAIT;384;;;8;TV;ETHEPHON;2,77;;
PD;16;9675;PANTOX 360;1878;;;8;TV;ETHOPROPHOS;6;;
PD;16;9678;M70 DF;20;;;8;TV;ETOFENPROX;62,8;;
PD;16;9693;SPORTAK 45 EW;2;;;8;TV;ETOXAZOLE;3,48;;
PD;16;9696;NOVAGIB;120;;;8;TV;FAMOXADONE;0,8;;
PD;16;9705;PREVITER;41,3;;;8;TV;FATTY ACIDS C7-C18 AND C18 AND UNSATURATED POTASSIUM SALTS (SALI POTASSICI DI ACIDI GRASSI);0,74;;
PD;16;9723;DE-SPROUT N;60;;;8;TV;FENAMIDONE;9,55;;
PD;16;9724;TIOWETTING DF;302;;;8;TV;FENAZAQUIN;1,46;;
PD;16;9747;FURY;27,16;;;8;TV;FENBUCONAZOLE;4,2;;
PD;16;9757;SPYRALE;259;;;8;TV;FENHEXAMID;318,37;;
PD;16;9758;COPRANTOL WG;85;;;8;TV;FENOXAPROP-P-ETHYL;20,52;;
PD;16;9767;NUFOS 7,5 G;2950;;;8;TV;FENPYRAZAMINE;203;;
PD;16;9787;MICROBAGNABILE WG;476;;;8;TV;FERRIC PHOSPHATE (FOSFATO FERRICO);20,29;;
PD;16;9794;PLANET C;130;;;8;TV;FLAZASULFURON;4,71;;
PD;16;9800;MAVRIK 20 EW;18,48;;;8;TV;FLONICAMID;46,85;;
PD;16;9802;COPRANTOL HI BIO;1852;;;8;TV;FLORASULAM;2,48;;
PD;16;9843;BASAGRAN SG;165;;;8;TV;FLUAZIFOP-P-BUTYL;4,42;;
PD;16;9867;4 STAGIONI;188;;;8;TV;FLUAZINAM;94,66;;
PD;16;9872;AKRIS;220;;;8;TV;FLUDIOXONIL;294,36;;
PD;16;9900;FLAVOS;221;;;8;TV;FLUFENACET;12,55;;
PD;16;9940;ZELIG GR;7109;;;8;TV;FLUOPICOLIDE;365,17;;
PD;16;9941;BUMPER P;1280;;;8;TV;FLUOPYRAM;31,69;;
PD;16;9954;JOKER;1174;;;8;TV;FLUROXYPYR;169,03;;
PD;16;9963;METIDANE 22;9,5;;;8;TV;FLUTRIAFOL;0,35;;
PD;16;9995;ARIUS;6,5;;;8;TV;FLUVALINATE;18,16;;
PD;16;10029;KING;3;;;8;TV;FOLPET;6.955,80;;
PD;16;10048;KUMULUS TECNO;1813;;;8;TV;FORAMSULFURON;0,85;;
PD;16;10049;DURSBAN 75 WG;342;;;8;TV;FORCHLORFENURON;0,09;;
PD;16;10057;ARPEL WDG;114;;;8;TV;FORMETANATE;47,5;;
PD;16;10063;TOPIK 80 EC;0,75;;;8;TV;FOSETYL-ALUMINIUM;10.143,79;;
PD;16;10080;COMET SC;76;;;8;TV;GIBBERELLIC ACID (ACIDO GIBBERELLICO A3);84,83;;
PD;16;10105;RIDOMIL GOLD SL;2;;;8;TV;GIBBERELLINS (A4+A7);0,14;;
PD;16;10116;VAPOR GARD;6;;;8;TV;GLUFOSINATE-AMMONIUM;433,8;;
PD;16;10117;STRATOS ULTRA;17;;;8;TV;GLYPHOSATE (GLIFOSATE);14.663,28;;
PD;16;10118;AMISTAR;193;;;8;TV;GLYPHOSATE ISOPROPYLAMINE (GLIFOSATE SALE ISOPROPILAMINICO);4,2;;
PD;16;10127;DECIS JET;79,18;;;8;TV;HEXYTHIAZOX;7,07;;
PD;16;10161;ORTIVA;81,6;;;8;TV;IDRAZIDE MALEICA SALE POTASSICO;19,8;;
PD;16;10183;GARLON EV;0,8;;;8;TV;IMAZAMOX;99,63;;
PD;16;10185;ZERGAN EV;7,6;;;8;TV;IMIDACLOPRID;239,62;;
PD;16;10230;LUMAPLUS;49;;;8;TV;INDOXACARB;133,1;;
PD;16;10233;BORDOSEP;172;;;8;TV;IOXYNIL OCTANOATE;2,01;;
PD;16;10272;CEREXIL M DG;70;;;8;TV;IPRODIONE;176,09;;
PD;16;10275;STELLA E 10;4;;;8;TV;IPROVALICARB;20,21;;
PD;16;10296;IPERION;7708;;;8;TV;ISOXABEN;21,84;;
PD;16;10297;SINIS 35 WG;9;;;8;TV;ISOXADIFEN ETHYL;9,39;;
PD;16;10306;MISTRAL;57;;;8;TV;ISOXAFLUTOLE;469,62;;
PD;16;10317;PLENUM;1,6;;;8;TV;KRESOXIM METHYL;0,69;;
PD;16;10329;FORUM MZ WG;331;;;8;TV;LAMBDA-CYHALOTHRIN;168,37;;
PD;16;10357;RIGRON SG;60;;;8;TV;LAURATO DI POTASSIO;18,38;;
PD;16;10373;CONTEST;588;;;8;TV;LECITHIN (LECITINA);6,5;;
PD;16;10392;TAIFUN;212;;;8;TV;LINURON;14,66;;
PD;16;10398;STIKER;2;;;8;TV;LUFENURON;0,13;;
PD;16;10423;LUMACHICIDA VEBI;54;;;8;TV;MANCOZEB;9.436,16;;
PD;16;10425;SCUDEX;10,5;;;8;TV;MANDIPROPAMID;325,72;;
PD;16;10447;NOVEL DUO;380;;;8;TV;MCPA;128,73;;
PD;16;10456;KLARO ULTRA;1156,75;;;8;TV;MCPA SODIUM (MCPA SALE SODICO);2,1;;
PD;16;10461;DICOTURF;10,75;;;8;TV;MECOPROP;107,7;;
PD;16;10465;ROUNDUP MAX;2790;;;8;TV;MECOPROP-P;3,95;;
PD;16;10479;NATURALIS;4;;;8;TV;MEFENPYR DIETHYL;0,03;;
PD;16;10494;PREMIUM TOP;1358;;;8;TV;MEPANIPYRIM;8,5;;
PD;16;10504;KELLY WG;596;;;8;TV;MEPTYLDINOCAP;52,48;;
PD;16;10509;MASTIFF ULTRA;445;;;8;TV;MESOTRIONE;550,26;;
PD;16;10518;PIRESAN PLUS;3;;;8;TV;METAFLUMIZONE;0,39;;
PD;16;10540;TERIAL 75 WG/ALISE' 75 WG;42;;;8;TV;METALAXYL;141,5;;
PD;16;10560;PIRETRO NATURA;12;;;8;TV;METALAXYL M;798,73;;
PD;16;10565;DICOTIL EXTRA;172,5;;;8;TV;METALDEHYDE (METALDEIDE);454,4;;
PD;16;10568;ZOOMER;1000;;;8;TV;METARHIZIUM ANISOPLIAE;2,78;;
PD;16;10573;KOCIDE 2000;820;;;8;TV;METAZACHLOR;37,95;;
PD;16;10587;FOLPAN SC;40;;;8;TV;METHIOCARB;25,56;;
PD;16;10589;LUMIX VERDE;5;;;8;TV;METHOMYL;48,5;;
PD;16;10604;EMERALD 40 EW/DOMARK 40 EW;238;;;8;TV;METHOXYFENOZIDE;13,5;;
PD;16;10609;MESOZIN 35 WG;71,5;;;8;TV;METIRAM;15.781,37;;
PD;16;10632;COBRE NORDOX SUPER 75 WG;1605;;;8;TV;METRAFENONE;152,32;;
PD;16;10638;MANCOZEB MANICA 75 WG;65;;;8;TV;METRIBUZIN;906,59;;
PD;16;10641;MANCOZEB MANICA 80 PB;50;;;8;TV;MISCELA DI METIL OLEATO E METIL PALMITATO;254,25;;
PD;16;10665;JUPITER;18;;;8;TV;MYCLOBUTANIL;215,13;;
PD;16;10671;COPERNICO;372;;;8;TV;NAA;0,61;;
PD;16;10672;RODEO GOLD;20;;;8;TV;NAD;1,25;;
PD;16;10690;FUNGIBEN COMBI;605;;;8;TV;NICOSULFURON;243,13;;
PD;16;10701;CUMETA FLOW;541;;;8;TV;NONIL-FENIL-POLIOSSIETILENE ETANOLO;10,2;;
PD;16;10715;SILGLIF NF;809;;;8;TV;OXADIAZON;35,02;;
PD;16;10734;DUAL GOLD;1622;;;8;TV;OXAMYL;3,5;;
PD;16;10735;PRIMAGRAM GOLD;7543;;;8;TV;OXYFLUORFEN;117,37;;
PD;16;10752;STEWARD;37,75;;;8;TV;PAECILOMYCES FUMOSOROSEUS STRAIN FE9901;0,81;;
PD;16;10753;FOLICUR SE;236,5;;;8;TV;PARAFFIN OIL/(CAS 64742-46-7);137,44;;
PD;16;10758;BEETUP-TRIO;6;;;8;TV;PARAFFIN OIL/(CAS 8042-47-5);2.662,70;;
PD;16;10771;MOST MICRO;29;;;8;TV;PARAFFIN OIL/(CAS 97862-82-3);741,39;;
PD;16;10794;SEPRALIM - G;270,75;;;8;TV;PELARGONIC ACID (ACIDO PELARGONICO);123,51;;
PD;16;10864;KOLFLOR GIARDINO LUMACHICIDA;124;;;8;TV;PENCONAZOLE;86,4;;
PD;16;10892;OSSICLOR 50 PB MANICA;660;;;8;TV;PENDIMETHALIN;1.133,79;;
PD;16;10897;AMEGA PLUS;24;;;8;TV;PETHOXAMID;189,04;;
PD;16;10926;ALTOREX;85;;;8;TV;PHOSMET;133,58;;
PD;16;10929;CHIKARA 25 WG;0,15;;;8;TV;PICLORAM;0,91;;
PD;16;10930;WOOD;2;;;8;TV;PICOXYSTROBIN;9,9;;
PD;16;10936;NAAK 480;12;;;8;TV;PINOLENE;24;;
PD;16;10939;CP 40 AGRO;107;;;8;TV;PINOXADEN;0,18;;
PD;16;10944;KARATE ZEON;71;;;8;TV;PIPERONYL BUTOXIDE (PIPERONIL BUTOSSIDO);4,75;;
PD;16;10973;PYRINEX PRONTO;32;;;8;TV;PIRIMICARB;4,9;;
PD;16;10976;METEOR;918,85;;;8;TV;POLISILOSSANO;26,11;;
PD;16;10986;KASKO R;36;;;8;TV;POTASSIUM HYDROGEN CARBONATE (IDROGENOCARBONATO DI POTASSIO);123,25;;
PD;16;10999;BETANAL SE;514;;;8;TV;PROCHLORAZ;158,29;;
PD;16;11011;DASH HC;949;;;8;TV;PROHEXADIONE CALCIUM;2,1;;
PD;16;11015;PYCHLOREX 480 EC;29;;;8;TV;PROPAMOCARB;671,31;;
PD;16;11017;GLIFO-POP S;4;;;8;TV;PROPAMOCARB HYDROCHLORIDE;5,52;;
PD;16;11030;PRIMO MAXX;12;;;8;TV;PROPAQUIZAFOP;74,98;;
PD;16;11059;BIOPOWER;53;;;8;TV;PROPICONAZOLE;80,6;;
PD;16;11104;CUPROFIX 30 DISPERSS;710;;;8;TV;PROPINEB;45,5;;
PD;16;11119;FLINT;49,53;;;8;TV;PROPYZAMIDE;88,19;;
PD;16;11133;SHELTER;22,5;;;8;TV;PROQUINAZID;0,41;;
PD;16;11157;PROPYDOR;8;;;8;TV;PROSULFURON;6,21;;
PD;16;11160;SUGARBETA PLUS SE;5;;;8;TV;PROTHIOCONAZOLE;5,97;;
PD;16;11173;AVAUNT EC;276,75;;;8;TV;PYMETROZINE;6,3;;
PD;16;11182;GLIPHYT;116;;;8;TV;PYRACLOSTROBIN;50,72;;
PD;16;11185;GERLAGIB LG;4;;;8;TV;PYRAFLUFEN ETHYL;0,38;;
PD;16;11190;PENCOR 10 EC;1,01;;;8;TV;PYRETHRIN I;1,2;;
PD;16;11206;CODACIDE;270;;;8;TV;PYRETHRINS;5;;
PD;16;11243;LEOPARD 5 EC;1555;;;8;TV;PYRIDABEN;12,03;;
PD;16;11253;CALLISTO;1695;;;8;TV;PYRIDATE;11,61;;
PD;16;11255;DIVAM FLOW;9;;;8;TV;PYRIMETHANIL;183,87;;
PD;16;11257;COSTAR WG;7,5;;;8;TV;PYRIPROXYFEN;1,83;;
PD;16;11284;CIMOTER 4-40;2;;;8;TV;PYROXSULAM;9,01;;
PD;16;11301;SPHERE;178;;;8;TV;QUINOXYFEN;309,5;;
PD;16;11307;AGRIRAT;10;;;8;TV;QUIZALOFOP-P (QUIZALOFOP ETILE D-ISOMERO);6,17;;
PD;16;11310;CHIMIGOR 20;52;;;8;TV;QUIZALOFOP-P-ETILE;154,07;;
PD;16;11313;PROXAN SL;29;;;8;TV;RAPE SEED OIL (OLIO DI COLZA);1.022,73;;
PD;16;11341;STARANE GOLD;448;;;8;TV;RIMSULFURON;13,61;;
PD;16;11345;ZOLVIS 80 WDG;1093;;;8;TV;SALE SODICO DI ALCHILETERE SOLFATO;2,81;;
PD;16;11353;FUSILADE MAX;50;;;8;TV;SHEEP FAT (GRASSO DI PECORA);1,28;;
PD;16;11360;GRIP 25;58,1;;;8;TV;SILICONI;0,39;;
PD;16;11393;BEETLE;189;;;8;TV;S-METOLACHLOR;13.473,24;;
PD;16;11402;MELODY CARE;46;;;8;TV;SODIUM DIOCTYL SULFOSUCCINATE (AUTORIZZATO SOLO COME COADIUVANTE);18,19;;
PD;16;11403;MELODY COMPACT;3554;;;8;TV;SORBITAN MONO OLEATO ETOSSILATO;3,72;;
PD;16;11416;OVIPRON TOP;3;;;8;TV;SORBITAN MONOLEATO;499,2;;
PD;16;11418;ROUNDUP 450 PLUS;901;;;8;TV;SOYA OIL (OLIO DI SOIA);4,4;;
PD;16;11435;FLORANET;14;;;8;TV;SPINETORAM;0,5;;
PD;16;11436;MELODY MED WG;81;;;8;TV;SPINOSAD;43,04;;
PD;16;11437;MELODY TRIO WG;266;;;8;TV;SPIROMESIFEN;5,95;;
PD;16;11449;GARDOPRIM GOLD;20;;;8;TV;SPIROTETRAMAT;4,63;;
PD;16;11497;CRITTOVIT WG;2050;;;8;TV;SPIROXAMINE;691,78;;
PD;16;11499;BUSTER;0,8;;;8;TV;SULCOTRIONE;294,71;;
PD;16;11505;READY GERMIPLUS;343;;;8;TV;SULPHUR (ZOLFO);124.008,61;;
PD;16;11523;SEPRADINA SC;44;;;8;TV;TEBUCONAZOLE;290,85;;
PD;16;11525;FUNGIDINA;92,2;;;8;TV;TEBUFENOZIDE;0,92;;
PD;16;11526;SULTAN;110;;;8;TV;TEBUFENPYRAD;1,4;;
PD;16;11527;PYRINEX QUICK;75,34;;;8;TV;TEFLUTHRIN;114,9;;
PD;16;11556;RAK 5+6;2016;;;8;TV;TEMBOTRIONE;16,68;;
PD;16;11561;NEEMAZAL T/S;2,5;;;8;TV;TERBUTHYLAZINE;6.772,82;;
PD;16;11569;CUPROXAT S.D.I.;37;;;8;TV;TETRACONAZOLE;41,69;;
PD;16;11586;TOP-AGAN;10;;;8;TV;THIACLOPRID;5,4;;
PD;16;11587;CAMBEL S;53;;;8;TV;THIAMETHOXAM;169,28;;
PD;16;11596;CALYPSO;24,5;;;8;TV;THIENCARBAZONE-METHYL;113,43;;
PD;16;11614;ACTARA 25 WG;125,88;;;8;TV;THIFENSULFURON-METHYL;72,9;;
PD;16;11619;TIOFLOR WDG;229;;;8;TV;THIOPHANATE-METHYL;479,32;;
PD;16;11626;PITSTOP;72,5;;;8;TV;THIRAM;252,88;;
PD;16;11638;FLUORATE;99;;;8;TV;TOLCLOFOS-METHYL;86,3;;
PD;16;11649;COMMAND 36 CS;169,5;;;8;TV;TRI-ALLATE;0,9;;
PD;16;11653;FOLIO GOLD 537,5 SC;132;;;8;TV;TRIASULFURON;0,79;;
PD;16;11659;HERBITOTAL S;31;;;8;TV;TRIBASIC COPPER SULPHATE (RAME SOLFATO TRIBASICO);3.149,89;;
PD;16;11660;SHOGUN;451;;;8;TV;TRIBENURON-METILE;31,48;;
PD;16;11678;ACTELLIC 2P NEWPHARM;12;;;8;TV;TRICHODERMA ASPERELLUM;5,32;;
PD;16;11680;CICLONE;1140;;;8;TV;TRICHODERMA GAMSII;5,32;;
PD;16;11684;ACTELLIC 25 NEWPHARM;7;;;8;TV;TRICLOPYR;87,92;;
PD;16;11687;ACTELLIC 5 NEWPHARM;15;;;8;TV;TRIFLOXYSTROBIN;37,29;;
PD;16;11690;GOAL 480 SC;8,5;;;8;TV;TRIFLUMURON;0,79;;
PD;16;11693;LASER;11,75;;;8;TV;TRINEXAPAC ETHYL;1,1;;
PD;16;11694;CONSERVE SC;0,3;;;8;TV;TRISILOSSANO ETOSSILATO PROPOSSILATO;1,5;;
PD;16;11696;ARID;6;;;8;TV;TRITOSULFURON;2,4;;
PD;16;11698;MINUET;15;;;8;TV;VALIPHENAL (IR5885);1,2;;
PD;16;11702;REMUS  L;9;;;8;TV;ZETA CYPERMETHRIN;22,66;;
PD;16;11704;OLIO OGNISTAGIONE;24,75;;;8;TV;ZIRAM;421,04;;
PD;16;11710;GARDIUS;10;;;8;TV;ZOXAMIDE;834,18;;
PD;16;11735;DELICIA CONTRA-LUMACHE;70;;;9;TV;(E)-8-DODECEN-1-YL ACETATE;0,04;;
PD;16;11760;POLITHIOL;40;;;9;TV;(E,E)-8,10-DODECADIEN-1-OL (CODLEMONE);1,17;;
PD;16;11786;AQ 10 WG;1,06;;;9;TV;(E,Z)-7,9-DODECADIENYL-1-YL ACETATE;0,42;;
PD;16;11796;GLIFAST;100;;;9;TV;(Z)-8-DODECEN-1-OL;0,01;;
PD;16;11802;TETRACAP 80 DG;52;;;9;TV;(Z)-8-DODECEN-1-YL ACETATE;0,6;;
PD;16;11814;SPADA 200 EC;5;;;9;TV;(Z)-9-DODECEN-1-YL ACETATE;0,42;;
PD;16;11821;WEEDAZOL TL;55;;;9;TV;1,3-DICHLOROPROPENE;2.134,00;;
PD;16;11872;RIFLE 4-24 R;16;;;9;TV;2,4-D;478,24;;
PD;16;11894;GRANEX;9,75;;;9;TV;2,4-D (SALE DIMETILAMMINICO);0,11;;
PD;16;11921;RISCIO' 50 WP/RISCIO';49;;;9;TV;3,6 dioxaeicosilsolfato;18,54;;
PD;16;11922;MYRTOS SL;12;;;9;TV;3,6 dioxaottodecilsolfato di sodio;36,87;;
PD;16;11931;MANZEB 75 WG;195;;;9;TV;6-BENZYLADENINE;1,59;;
PD;16;11944;ASPECT;135;;;9;TV;ABAMECTIN;9,79;;
PD;16;11954;TERMINAL DUO;313;;;9;TV;ACEQUINOCYL;0,45;;
PD;16;11979;BORDO 20 MICRO;209,2;;;9;TV;ACETAMIPRID;14,45;;
PD;16;12010;TUAREG;3206;;;9;TV;ACIBENZOLAR-S-METHYL;22;;
PD;16;12020;SUCCESS;20,89;;;9;TV;ACLONIFEN;11,57;;
PD;16;12023;MEGIC;1;;;9;TV;ACRINATHRIN;13,85;;
PD;16;12030;SNOW;3;;;9;TV;ALCOOL GRASSO ETOSSILATO;86,68;;
PD;16;12037;CAMIX;15;;;9;TV;ALCOOL ISOTRIDECILICO;111,6;;
PD;16;12041;MARTOS;9;;;9;TV;ALCOOL LAURILICO ETOSSILATO;4,04;;
PD;16;12043;PREVICUR ENERGY;127;;;9;TV;ALPHA-CYPERMETHRIN (ALPHAMETHRIN);36,08;;
PD;16;12044;CURZATE SYSTEM;50;;;9;TV;AMETOCTRADIN;1.767,29;;
PD;16;12048;TIOSOL 80 WG;110;;;9;TV;AMINOPYRALID;10,65;;
PD;16;12067;CIPER;201,25;;;9;TV;AMISULBROM;5,85;;
PD;16;12068;TEFLUSTAR;12061,1;;;9;TV;AMITROLE;69,69;;
PD;16;12069;EPIK;113,77;;;9;TV;AMPELOMYCES QUISQUALIS;1,71;;
PD;16;12083;DANADIM PROGRESS;22,5;;;9;TV;AUREOBASIDIUM PULLULANS;0;;
PD;16;12096;POLTIGLIA DISPERSS;2380;;;9;TV;AZADIRACHTIN A (AZADIRACTINA A);1,47;;
PD;16;12100;ASSET;15;;;9;TV;AZIMSULFURON;0,15;;
PD;16;12115;BARRACUDA;60;;;9;TV;AZOXYSTROBIN;294,57;;
PD;16;12133;JUVINAL 10 EC;2;;;9;TV;BACILLUS AMYLOLIQUEFACIENS SUBSP. PLANTARUM D747;465;;
PD;16;12138;R6 ERRESEI TREVI;164;;;9;TV;BACILLUS FIRMUS I-1582;4;;
PD;16;12172;FERRAMOL;366;;;9;TV;BACILLUS SUBTILIS (CEPPO QST 713);6,18;;
PD;16;12174;V.I.P. FLOW;17;;;9;TV;BACILLUS THURINGIENSIS SOTTOSPECIE AIZAWAY CEPPO ABTS 1857;0,76;;
PD;16;12200;SILBOT R/DYMO R;166;;;9;TV;BACILLUS THURINGIENSIS SOTTOSPECIE KURSTAKI CEPPO ABTS 351;16,9;;
PD;16;12202;ZEMIX R;4;;;9;TV;BACILLUS THURINGIENSIS SOTTOSPECIE KURSTAKI CEPPO EG 2348;67,84;;
PD;16;12211;MEDOR;59;;;9;TV;BACILLUS THURINGIENSIS SOTTOSPECIE KURSTAKI CEPPO SA 11;0,06;;
PD;16;12212;PENTHIUM EC;58;;;9;TV;BACILLUS THURINGIENSIS SOTTOSPECIE KURSTAKI CEPPO SA 12;0,54;;
PD;16;12215;VEBIPHOS 7,5;6;;;9;TV;BEAUVERIA BASSIANA;0,11;;
PD;16;12225;TEPPEKI;3,42;;;9;TV;BENALAXYL-M;3,23;;
PD;16;12243;MANTIR DG;715;;;9;TV;BENFLURALIN;310,56;;
PD;16;12245;ROUNDUP 360 POWER;4663;;;9;TV;BENTAZONE;2.517,42;;
PD;16;12260;TECNOCONTROL EXTRA;32;;;9;TV;BENTHIAVALICARB;39,02;;
PD;16;12279;ERBY 5 EC;0,15;;;9;TV;BETA-CIFLUTRIN;0,65;;
PD;16;12297;TRIBASE TWIN;10;;;9;TV;BIFENAZATE;1,01;;
PD;16;12298;GUNNER SC;228;;;9;TV;BIXAFEN;9,75;;
PD;16;12313;TOPAS HOBBY;2;;;9;TV;BORDEAUX MIXTURE (RAME POLTIGLIA BORDOLESE);2.882,85;;
PD;16;12314;SCORE HOBBY;1,42;;;9;TV;BOSCALID;736,24;;
PD;16;12315;ORTIVA HOBBY;4,85;;;9;TV;BROMADIOLONE;0,01;;
PD;16;12317;DACOL L 20;24;;;9;TV;BROMOXYNIL-FENOLO;5,24;;
PD;16;12318;VIVER;234;;;9;TV;BUPIRIMATE;45,33;;
PD;16;12322;SWITCH HOBBY/COMPO MUFFA STOP;0,04;;;9;TV;BUPROFEZIN;1.023,49;;
PD;16;12323;VEBIZOLFO WG;6;;;9;TV;CALCIUM POLYSULPHIDE (POLISOLFURO DI CALCIO O ZOLFO CALCICO);1.102,50;;
PD;16;12325;MESUROL M PLUS;284;;;9;TV;CAPTANO;750,4;;
PD;16;12330;DEDALUS SE;753;;;9;TV;CARFENTRAZONE-ETHYL;136,37;;
PD;16;12344;VEBITHRIN 5 EC;7,75;;;9;TV;CHLORANTRANILIPROLE;300,22;;
PD;16;12361;ALGEDI;98,4;;;9;TV;CHLORIDAZON;119;;
PD;16;12375;SUGAR 500 SC;370;;;9;TV;CHLORMEQUAT (CHLORIDE);2,88;;
PD;16;12383;RIDOMIL GOLD MZ PEPITE;965;;;9;TV;CHLOROTHALONIL;283,02;;
PD;16;12391;FUEGO;80;;;9;TV;CHLORPROPHAM;132,57;;
PD;16;12394;AGRO METAZACHLOR;6;;;9;TV;CHLORPYRIFOS;10.873,54;;
PD;16;12437;DELAN 70 WG;301;;;9;TV;CHLORPYRIFOS-METHYL;1.522,83;;
PD;16;12452;EQUIP;2268;;;9;TV;CHLORTOLURON;58,42;;
PD;16;12453;MILDICUT;60;;;9;TV;CIFLUTRIN;2,63;;
PD;16;12459;VOLCAN SC;50;;;9;TV;CLODINAFOP PROPARGYL;7,73;;
PD;16;12482;LUMAX;4235;;;9;TV;CLOFENTEZINE;0,28;;
PD;16;12491;CIPERTHRIN PLUS;65;;;9;TV;CLOMAZONE;378,7;;
PD;16;12504;FLOWBRIX;351;;;9;TV;CLOPYRALID;6,53;;
PD;16;12514;VIPER;40;;;9;TV;CLOQUINTOCET MEXYL;66,4;;
PD;16;12519;CORSARIO;8;;;9;TV;CONIOTHYRIUM MINITANS;0,78;;
PD;16;12526;SWAN;7,5;;;9;TV;COPOLIMER 21;0,24;;
PD;16;12534;FOXTAIL;359,6;;;9;TV;COPPER HYDROXIDE (RAME IDROSSIDO);25.151,45;;
PD;16;12540;REGRAN SL;21;;;9;TV;COPPER OXIDE (RAME OSSIDO);27,38;;
PD;16;12556;IVORY;3;;;9;TV;COPPER OXYCHLORIDE (RAME OSSICLORURO);41.284,62;;
PD;16;12560;METHIOR;105;;;9;TV;COPPER SULFATE (RAME SOLFATO);29.872,58;;
PD;16;12566;PYGANIC 1.4;7,48;;;9;TV;CYAZOFAMID;189,13;;
PD;16;12573;EKO OIL SPRAY;1650;;;9;TV;CYCLOXYDIM;1.101,55;;
PD;16;12590;DIASTAR MAXI;3310;;;9;TV;CYDIA POMONELLA GRANULOSIS VIRUS;0,08;;
PD;16;12598;GRANSTAR POWER SX;4,36;;;9;TV;CYFLUFENAMID;52,5;;
PD;16;12622;QUANTUM;378,5;;;9;TV;CYMOXANIL;3.081,89;;
PD;16;12625;EFUZIN 355 SC/FULLDINA 35 FL;299;;;9;TV;CYPERMETHRIN;153,82;;
PD;16;12628;SERENADE MAX;2;;;9;TV;CYPROCONAZOLE;45,25;;
PD;16;12629;BUGGY 360 SG N.E.T.;4,1;;;9;TV;CYPRODINIL;1.488,53;;
PD;16;12636;QUASAR 6/24 R;430;;;9;TV;CYPROSULFAMIDE;389,52;;
PD;16;12647;GLITTER;26;;;9;TV;CYROMAZINE (CIROMAZINA);1,31;;
PD;16;12650;NUPRID 200 SL;5,3;;;9;TV;DAMINOZIDE;4,25;;
PD;16;12659;IMIDAN EC;18;;;9;TV;DAZOMET;237,6;;
PD;16;12670;RISOLUTIV SL;20;;;9;TV;DB-2,4;84,06;;
PD;16;12671;HARMONY 50 SX;66,67;;;9;TV;DELTAMETHRIN;58,72;;
PD;16;12686;CHAMAN;84;;;9;TV;DENATHONIUM BENZOATE (DENATONIO BENZOATO);0,78;;
PD;16;12722;OSSICLOR 20 FLOW;943;;;9;TV;DESMEDIPHAM;12,29;;
PD;16;12723;OSSICLOR 20 BLU FLOW;24;;;9;TV;DICAMBA;742,31;;
PD;16;12734;JUPITER R DF;92,28;;;9;TV;DICAMBA SALE DIMETILAMMINICO;2,54;;
PD;16;12737;AIRONE PIU';1881;;;9;TV;DICAMBA SALE SODICO;344,12;;
PD;16;12738;KING 360 HP;225;;;9;TV;DIFENOCONAZOLE;215,09;;
PD;16;12747;CUPRAVIT BLU WG;5;;;9;TV;DIFLUBENZURON;2,9;;
PD;16;12748;GRIFON PIU';140;;;9;TV;DIFLUFENICAN;14,85;;
PD;16;12756;DICOTEX;21,2;;;9;TV;DIMETHENAMID-P;162,75;;
PD;16;12759;OSSICLOR 35 WG;3154;;;9;TV;DIMETHOATE;589,23;;
PD;16;12770;ALAR 85 GOLD;4;;;9;TV;DIMETHOMORPH;12.995,91;;
PD;16;12778;PASTA SIAPA F NC;269;;;9;TV;DIQUAT;91,04;;
PD;16;12779;RAMEDIT COMBI WG;2831;;;9;TV;DITHIANON;1.124,55;;
PD;16;12780;PASTA SIAPA F BLU;225;;;9;TV;DODEMORPH;0,02;;
PD;16;12788;ADIGOR;3;;;9;TV;DODINE;493,08;;
PD;16;12806;FEDOR;44;;;9;TV;EMAMECTIN BENZOATE;26,55;;
PD;16;12808;GLOBAL SC;1,3;;;9;TV;EPOXICONAZOLE;22,98;;
PD;16;12813;AMISTAR XTRA;160;;;9;TV;ESFENVALERATE;0,38;;
PD;16;12824;MERLIN EXPERT;4;;;9;TV;ETHEPHON;0,88;;
PD;16;12831;INSIGNIA;10;;;9;TV;ETHOFUMESATE;75,38;;
PD;16;12832;OPERA;906;;;9;TV;ETHOPROPHOS;123;;
PD;16;12837;ARIUS SYSTEM PLUS;57;;;9;TV;ETOFENPROX;151,44;;
PD;16;12847;EAGLE;1;;;9;TV;ETOXAZOLE;1,17;;
PD;16;12849;BENPROP PRO/GEMINI;14;;;9;TV;FAMOXADONE;3,79;;
PD;16;12853;SONG;1,5;;;9;TV;FATTY ACIDS C7-C18 AND C18 AND UNSATURATED POTASSIUM SALTS (SALI POTASSICI DI ACIDI GRASSI);0,49;;
PD;16;12857;PROREX;52,5;;;9;TV;FENAMIDONE;128,34;;
PD;16;12858;PRODIGY;4;;;9;TV;FENBUCONAZOLE;3,43;;
PD;16;12859;BORNEO;0,49;;;9;TV;FENHEXAMID;1.460,36;;
PD;16;12860;MILBEKNOCK;0,12;;;9;TV;FENOXAPROP-P-ETHYL;25,26;;
PD;16;12862;CANTUS;12;;;9;TV;FENPROPIDIN;105,26;;
PD;16;12865;DANTOP 50 WG;0,2;;;9;TV;FENPYRAZAMINE;80;;
PD;16;12866;COLLIS;4;;;9;TV;FERRIC PHOSPHATE (FOSFATO FERRICO);16,37;;
PD;16;12868;BELLIS;7;;;9;TV;FLAZASULFURON;7,44;;
PD;16;12869;SIGNUM;547;;;9;TV;FLONICAMID;12,38;;
PD;16;12878;RIDOMIL GOLD COMBI PEPITE;1590;;;9;TV;FLORASULAM;15,69;;
PD;16;12881;HUSSAR MAXX;19,8;;;9;TV;FLUAZIFOP-P-BUTYL;49,67;;
PD;16;12883;PROSPER 300 CS;1553;;;9;TV;FLUAZINAM;564,01;;
PD;16;12886;KARATHANE STAR;89;;;9;TV;FLUDIOXONIL;879,14;;
PD;16;12889;PICKER SC;2,4;;;9;TV;FLUFENACET;291,97;;
PD;16;12904;BRAITEX;81;;;9;TV;FLUOPICOLIDE;797,8;;
PD;16;12924;JUPITER WG;55;;;9;TV;FLUOPYRAM;87,15;;
PD;16;12933;MOXYL 20 WP;35;;;9;TV;FLUROXYPYR;234,11;;
PD;16;12940;KARATE ZEON 1.5;629,3;;;9;TV;FLUTRIAFOL;8,53;;
PD;16;12953;ARAMO 50;116;;;9;TV;FLUVALINATE;19,3;;
PD;16;12973;GLYFOS RAPID;180;;;9;TV;FOLPET;81.349,77;;
PD;16;13020;MICRORAM 35 WG;325;;;9;TV;FORAMSULFURON;11,45;;
PD;16;13026;SUSCON;0,15;;;9;TV;FORCHLORFENURON;0,75;;
PD;16;13039;POTCLEAN 2G;345;;;9;TV;FORMETANATE;1;;
PD;16;13042;MICRORAM 20 FLOW;13;;;9;TV;FOSETYL-ALUMINIUM;32.493,46;;
PD;16;13045;CALYPSO PROTECTOR AL;19;;;9;TV;FOSTHIAZATE;3,75;;
PD;16;13062;DIPEL DF;14;;;9;TV;GIBBERELLIC ACID (ACIDO GIBBERELLICO A3);1,39;;
PD;16;13065;DOMARK 125;7,5;;;9;TV;GIBBERELLINS (A4+A7);0,33;;
PD;16;13071;SIAFEN;26;;;9;TV;GLUFOSINATE-AMMONIUM;2.824,20;;
PD;16;13072;MANNIX;37;;;9;TV;GLYPHOSATE (GLIFOSATE);41.506,27;;
PD;16;13084;TELDOR PLUS;372;;;9;TV;GLYPHOSATE ISOPROPYLAMINE (GLIFOSATE SALE ISOPROPILAMINICO);20,04;;
PD;16;13093;STOMP AQUA;2089;;;9;TV;HALOSULFURON-METYL;1,13;;
PD;16;13098;ROUNDUP POWER 2.0;2767;;;9;TV;HEXYTHIAZOX;10,06;;
PD;16;13106;IKANOS;859;;;9;TV;HYDROLISED PROTEINS (PROTEINE IDROLIZZATE);60,48;;
PD;16;13108;CURAME BORDEAUX;20;;;9;TV;IMAZAMOX;313,77;;
PD;16;13111;THIOCUR FORTE;25,8;;;9;TV;IMIDACLOPRID;201,14;;
PD;16;13120;MYSTIC 430 SC;9;;;9;TV;INDOXACARB;261,35;;
PD;16;13126;CABRIO DUO;36;;;9;TV;IODOSULFURON METHYL SODIUM;0,51;;
PD;16;13127;VALIS F;5;;;9;TV;IOXYNIL;29,26;;
PD;16;13128;GOLTIX 50 WG;1074;;;9;TV;IOXYNIL OCTANOATE;7,75;;
PD;16;13129;BREAK-THRU S240;38;;;9;TV;IPRODIONE;545,36;;
PD;16;13133;NIBER 35 WG;319,5;;;9;TV;IPROVALICARB;241,02;;
PD;16;13140;POLTIGLIA BORDOLESE 20 D.F. AGRISYSTEM;600;;;9;TV;ISOXABEN;77,62;;
PD;16;13143;MEZENE WG;100;;;9;TV;ISOXADIFEN ETHYL;40,01;;
PD;16;13149;POLTIGLIA MANICA 20 WG;1604;;;9;TV;ISOXAFLUTOLE;554,92;;
PD;16;13150;CURAME 35 WG;232;;;9;TV;KRESOXIM METHYL;11,71;;
PD;16;13153;BANVEL S;2456;;;9;TV;LAMBDA-CYHALOTHRIN;324,97;;
PD;16;13158;REMEDIER;169;;;9;TV;LAURATO DI POTASSIO;0,34;;
PD;16;13160;FORUM TOP;30;;;9;TV;LECITHIN (LECITINA);20;;
PD;16;13167;POMARSOL 80 WG;110;;;9;TV;LENACIL;54;;
PD;16;13168;LAUDIS;6124;;;9;TV;LINURON;622,09;;
PD;16;13179;PLAYER COMBI SC;19;;;9;TV;LUFENURON;0,22;;
PD;16;13186;TITUS MAIS EXTRA;39,63;;;9;TV;MANCOZEB;94.309,54;;
PD;16;13205;ZOLFO MANICA SCORREVOLE DOPPIO RAFFINATO;3355;;;9;TV;MANDIPROPAMID;718,39;;
PD;16;13212;CONFIDOR 200 O-TEQ;18;;;9;TV;MCPA;273,18;;
PD;16;13213;R6 ERRESEI ALBIS;2220;;;9;TV;MCPA SODIUM (MCPA SALE SODICO);10,02;;
PD;16;13236;BULLET;97;;;9;TV;MCPA-DIMETHYLAMMONIUM (MCPA SALE DIMETILAMMINICO);1,79;;
PD;16;13244;ZOLFO VENTILATO STELLA;313;;;9;TV;MECOPROP;116,81;;
PD;16;13249;ZOLFO VENTILATO STELLA RAMATO S;250;;;9;TV;MECOPROP-P;74,28;;
PD;16;13250;ZOLFO VENTILATO STELLA RAMATO B;30;;;9;TV;MEFENPYR DIETHYL;3,29;;
PD;16;13253;PLAYER SC;1821;;;9;TV;MEPANIPYRIM;199;;
PD;16;13255;PLAYER GR;21;;;9;TV;MEPTYLDINOCAP;719,89;;
PD;16;13296;POKER 7,5;16;;;9;TV;MESOSULFURON METHYL;1,1;;
PD;16;13309;DRAKE 26;250;;;9;TV;MESOTRIONE;745,4;;
PD;16;13313;CASPER;21;;;9;TV;METAFLUMIZONE;6,41;;
PD;16;13323;SULFY 80 WDG;303;;;9;TV;METALAXYL;2.360,01;;
PD;16;13324;CUPRIZOL S;32,25;;;9;TV;METALAXYL M;1.856,47;;
PD;16;13327;GRANSTAR ULTRA SX;59,25;;;9;TV;METALDEHYDE (METALDEIDE);875,68;;
PD;16;13350;TAU AL;12;;;9;TV;METAM SODIUM (USI ESSENZIALI FINO AL 31.12.2014);3.246,00;;
PD;16;13352;DIREX 7,5 GR;70;;;9;TV;METAMITRON;434,6;;
PD;16;13354;DIFFERENCE;4;;;9;TV;METAZACHLOR;193,45;;
PD;16;13361;DECIS ENERGY O-TEQ;54,13;;;9;TV;METCONAZOLE;12,47;;
PD;16;13365;ZOLFO DOPPIO VENTILATO SCORREVOLE 95% S ZOLFINDUSTRIA;8;;;9;TV;METHIOCARB;37,8;;
PD;16;13375;NUPRID 200 SC;29;;;9;TV;METHOMYL;9,5;;
PD;16;13382;PERGADO SC;119;;;9;TV;METHOXYFENOZIDE;179,78;;
PD;16;13386;PROSARO;464;;;9;TV;METIRAM;52.125,58;;
PD;16;13387;FLORAMIX;18,02;;;9;TV;METOSULAM;0;;
PD;16;13389;AFFIRM;427;;;9;TV;METRAFENONE;641,98;;
PD;16;13391;CYTHRIN 50 EC;62,1;;;9;TV;METRIBUZIN;1.640,37;;
PD;16;13409;SILFUR WG;560;;;9;TV;METSULFURON METHYL;0;;
PD;16;13410;FRUTTENE 76 WG;155;;;9;TV;MISCELA DI METIL OLEATO E METIL PALMITATO;687,9;;
PD;16;13430;TENOR SC;1;;;9;TV;MYCLOBUTANIL;384,6;;
PD;16;13455;ANTIGRAM GOLD;565;;;9;TV;NAA;3,01;;
PD;16;13466;SPOTLIGHT PLUS;19;;;9;TV;NAD;1,75;;
PD;16;13477;APHID/ZORRO;41,75;;;9;TV;NAPROPAMIDE;21;;
PD;16;13486;JUDO;10;;;9;TV;NICOSULFURON;292,93;;
PD;16;13522;SPIDER KILL;0,25;;;9;TV;NONIL-FENIL-POLIOSSIETILENE ETANOLO;103;;
PD;16;13540;QUASAR R FLOW;40;;;9;TV;OXADIAZON;26,18;;
PD;16;13547;MEXIL ORO MZ WG;81;;;9;TV;OXAMYL;25,5;;
PD;16;13559;NEXOL 200 EW;1,6;;;9;TV;OXYFLUORFEN;413,57;;
PD;16;13565;PASTA ISAGRO BLU;43;;;9;TV;PACLOBUTRAZOL;1,65;;
PD;16;13576;RAMEPLANT WG;121,8;;;9;TV;PARAFFIN OIL/(CAS 64742-46-7);197,75;;
PD;16;13578;RAME CAFFARO BLU WG NEW;182;;;9;TV;PARAFFIN OIL/(CAS 8042-47-5);8.984,70;;
PD;16;13579;COPPER 12;11,5;;;9;TV;PARAFFIN OIL/(CAS 97862-82-3);4.863,41;;
PD;16;13581;TIOGEL 80 WDG;139;;;9;TV;PELARGONIC ACID (ACIDO PELARGONICO);4,34;;
PD;16;13586;VERDERAME 20 WG;76,8;;;9;TV;PENCONAZOLE;813,17;;
PD;16;13592;VOLARE;20;;;9;TV;PENDIMETHALIN;3.592,70;;
PD;16;13600;ZOLFO S.A.I.M. DOPPIO VENTILATO SCORREVOLE 95% MARCA FLORISTELLA;875;;;9;TV;PENOXSULAM;2,52;;
PD;16;13604;ZOLFO S.A.I.M. RAFFINATO DOPPIO VENTILATO RAMATO 5%;25;;;9;TV;PETHOXAMID;85,85;;
PD;16;13612;BABEL 400;32;;;9;TV;PHENMEDIPHAM;49,7;;
PD;16;13631;CYPLAN 5 EC;1;;;9;TV;PHOSMET;34,5;;
PD;16;13635;POLTIGLIA 20 PB MANICA;1809;;;9;TV;PICLORAM;0,24;;
PD;16;13648;SIARAM 20 WG;1065;;;9;TV;PICOXYSTROBIN;91,35;;
PD;16;13667;AFIDANE 200 SL;18;;;9;TV;PINOLENE;501,12;;
PD;16;13689;FLINT MAX;3;;;9;TV;PINOXADEN;1,69;;
PD;16;13691;TRIDAN COMBI T;124;;;9;TV;PIPERONYL BUTOXIDE (PIPERONIL BUTOSSIDO);14,42;;
PD;16;13698;VIVANDO;63,25;;;9;TV;PIRIMICARB;2,28;;
PD;16;13702;GEOTOX 7,5 C;1622;;;9;TV;PIRIMIPHOS METHYL;7,86;;
PD;16;13707;IMPACT SUPREME;346;;;9;TV;POLISILOSSANO;50,64;;
PD;16;13709;U 46 PRATI;24;;;9;TV;POTASSIUM HYDROGEN CARBONATE (IDROGENOCARBONATO DI POTASSIO);2.261,00;;
PD;16;13711;QUIZA 5 EC;14;;;9;TV;POTASSIUM PHOSPHITE (FOSFITO O FOSFONATO DI POTASSIO);653,26;;
PD;16;13719;THIAMON 80 PLUS;28;;;9;TV;PROCHLORAZ;750,35;;
PD;16;13721;AFIDINA QUICK;25,2;;;9;TV;PROHEXADIONE CALCIUM;0,4;;
PD;16;13742;PERGADO MZ;506;;;9;TV;PROPAMOCARB;526,9;;
PD;16;13743;KUKAR 22;5;;;9;TV;PROPAMOCARB HYDROCHLORIDE;5,05;;
PD;16;13765;SHERPA 100 EW;2;;;9;TV;PROPAQUIZAFOP;301,38;;
PD;16;13771;NIMROD 250 EW;47;;;9;TV;PROPICONAZOLE;144,24;;
PD;16;13785;QUANTUM MZ;15;;;9;TV;PROPINEB;1.567,30;;
PD;16;13786;QUANTUM R;155;;;9;TV;PROPYZAMIDE;602,83;;
PD;16;13787;STINGS R;20;;;9;TV;PROQUINAZID;36,08;;
PD;16;13792;STABILAN;3;;;9;TV;PROSULFURON;3,36;;
PD;16;13797;ELIOS WG;2;;;9;TV;PROTHIOCONAZOLE;129,64;;
PD;16;13812;NOTO 40 OD;18;;;9;TV;PYMETROZINE;5,52;;
PD;16;13815;TUTOR 18-15;300;;;9;TV;PYRACLOSTROBIN;497,26;;
PD;16;13817;ALIAL WG;84;;;9;TV;PYRAFLUFEN ETHYL;7,48;;
PD;16;13820;BAYTEROID 25 EC;16;;;9;TV;PYRETHRIN I;22,98;;
PD;16;13823;ALVERDE;3,96;;;9;TV;PYRETHRINS;8,82;;
PD;16;13837;SILWET L-77;5;;;9;TV;PYRIDABEN;34,92;;
PD;16;13852;DIQUA;19;;;9;TV;PYRIDATE;16,56;;
PD;16;13857;CRODIX GEO/MINUET GEO;7030;;;9;TV;PYRIMETHANIL;2.078,11;;
PD;16;13858;MEDIATOR EXTRA SL;9,83;;;9;TV;PYRIPROXYFEN;6,54;;
PD;16;13876;APACHE;290;;;9;TV;PYROXSULAM;64,92;;
PD;16;13877;KITT PRONTO;9;;;9;TV;QUINOXYFEN;607,23;;
PD;16;13885;MICROCOPP NEUTRO FL;911;;;9;TV;QUIZALOFOP-P (QUIZALOFOP ETILE D-ISOMERO);94,84;;
PD;16;13892;RAMEZIN COMBI WG NC;31;;;9;TV;QUIZALOFOP-P-ETILE;211,96;;
PD;16;13925;BOGARD;27;;;9;TV;RAPE SEED OIL (OLIO DI COLZA);2.208,32;;
PD;16;13926;SPONSOR;2,5;;;9;TV;RIMSULFURON;16,64;;
PD;16;13934;SULFOSAT WDG;50;;;9;TV;SALE SODICO DI ALCHILETERE SOLFATO;33,41;;
PD;16;13955;MITIGREEN;4;;;9;TV;SHEEP FAT (GRASSO DI PECORA);0,06;;
PD;16;13981;CORAGEN;159,1;;;9;TV;SILICONI;3,91;;
PD;16;14005;CLORTOSIP 500 SC;1749;;;9;TV;S-METOLACHLOR;26.258,02;;
PD;16;14014;TB FLOW;25;;;9;TV;SODIUM DIOCTYL SULFOSUCCINATE (AUTORIZZATO SOLO COME COADIUVANTE);14,88;;
PD;16;14023;SUPPORT 10EC;83;;;9;TV;SORBITAN MONO OLEATO ETOSSILATO;22,8;;
PD;16;14034;CURENOX TOP MICRO;339,8;;;9;TV;SORBITAN MONOLEATO;562,56;;
PD;16;14036;FASTER WDG;4;;;9;TV;SOYA OIL (OLIO DI SOIA);15,2;;
PD;16;14042;SUPRAFOS EC;52;;;9;TV;SPINETORAM;2;;
PD;16;14052;PRODEO 80 WG;3;;;9;TV;SPINOSAD;33,78;;
PD;16;14058;FEINZIN 70 DF;254;;;9;TV;SPIRODICLOFEN;0,67;;
PD;16;14062;ZOXIUM 240 SC;15;;;9;TV;SPIROMESIFEN;0,69;;
PD;16;14080;MIZAR;48;;;9;TV;SPIROTETRAMAT;19,52;;
PD;16;14092;AGRORAT B;20,5;;;9;TV;SPIROXAMINE;1.430,65;;
PD;16;14098;CRITTOX GD 75;1000;;;9;TV;SULCOTRIONE;530,04;;
PD;16;14099;ASPOR WDG;30;;;9;TV;SULPHUR (ZOLFO);509.873,30;;
PD;16;14101;CARAMBA;151;;;9;TV;TEBUCONAZOLE;1.662,73;;
PD;16;14102;BORDOFLOW NEW;174;;;9;TV;TEBUFENOZIDE;12,88;;
PD;16;14119;VISIR PENCOTECH;26;;;9;TV;TEBUFENPYRAD;9,4;;
PD;16;14122;KATAR;1;;;9;TV;TEFLUTHRIN;115,45;;
PD;16;14127;MEVAXIL COBRE;38,5;;;9;TV;TEMBOTRIONE;55,82;;
PD;16;14154;PIRETRO ACTIGREEN;4,26;;;9;TV;TENSIOATTIVI NON IONICI;89,78;;
PD;16;14155;KOMPASS/GRIFON FL;570;;;9;TV;TERBUTHYLAZINE;7.002,68;;
PD;16;14156;CURZATE R WG;147;;;9;TV;TETRACONAZOLE;100,19;;
PD;16;14158;CHLORCYRINE 550 EC;31;;;9;TV;THIABENDAZOLE;0,43;;
PD;16;14163;SARMOX 440 WG;280;;;9;TV;THIACLOPRID;88,34;;
PD;16;14164;TRIKA ZETA;590;;;9;TV;THIAMETHOXAM;402,56;;
PD;16;14169;PERGADO R;800;;;9;TV;THIENCARBAZONE-METHYL;186,98;;
PD;16;14178;TRI-BASE;2;;;9;TV;THIFENSULFURON-METHYL;79,35;;
PD;16;14182;ARES 25 WG;1;;;9;TV;THIOPHANATE-METHYL;1.905,59;;
PD;16;14195;KENDO WITH ZEON TECHNOLOGY;1;;;9;TV;THIRAM;713,68;;
PD;16;14248;CLOR QUICK;56,9;;;9;TV;TOLCLOFOS-METHYL;330,88;;
PD;16;14257;UNDERLINE 0,2 G;1250;;;9;TV;TRIADIMENOL;0,3;;
PD;16;14290;KOHINOR 200 SL;317,35;;;9;TV;TRI-ALLATE;31,5;;
PD;16;14294;EXECUTIVE;3,3;;;9;TV;TRIASULFURON;2,78;;
PD;16;14323;BELPROMEC;171;;;9;TV;TRIBASIC COPPER SULPHATE (RAME SOLFATO TRIBASICO);14.980,20;;
PD;16;14342;VOLCAN COMBI SC;578;;;9;TV;TRIBENURON-METILE;63,98;;
PD;16;14350;ZOLFO RAMATO 5;35;;;9;TV;TRICHODERMA ASPERELLUM;7,48;;
PD;16;14363;U 46 GIARDEN;8;;;9;TV;TRICHODERMA GAMSII;7,48;;
PD;16;14368;RESOLVA 24H;30;;;9;TV;TRICLOPYR;59,61;;
PD;16;14369;RESOLVA 24H RTU;24;;;9;TV;TRIFLOXYSTROBIN;132,3;;
PD;16;14370;AMISTAR;27;;;9;TV;TRIFLUMURON;2,55;;
PD;16;14381;PYRINET;43;;;9;TV;TRIFLUSULFURON-METHYL;9,54;;
PD;16;14389;DESSICASH 200 SL;525;;;9;TV;TRINEXAPAC ETHYL;15,58;;
PD;16;14405;MERLIN FLEXX;1948;;;9;TV;TRISILOSSANO ETOSSILATO PROPOSSILATO;0,75;;
PD;16;14407;RUNWAY;112;;;9;TV;TRITOSULFURON;4,1;;
PD;16;14409;MOVENTO 48 SC;478,87;;;9;TV;VALIPHENAL (IR5885);40,5;;
PD;16;14418;PULSAR 40 SL;1336;;;9;TV;ZETA CYPERMETHRIN;46,52;;
PD;16;14420;TRUST WG;2;;;9;TV;ZIRAM;804,08;;
PD;16;14425;MYSTIC COMBI WG;60;;;9;TV;ZOXAMIDE;1.080,45;;
PD;16;14431;LENTAGRAN 45 WP;9,2;;;10;VE;(E)-8-DODECEN-1-YL ACETATE;0,01;;
PD;16;14461;CURIT DUO;17;;;10;VE;(E,E)-8,10-DODECADIEN-1-OL (CODLEMONE);9,76;;
PD;16;14465;TAIFUN MK;759;;;10;VE;(E/Z)-8-DODECEN-1-YL ACETATE;0;;
PD;16;14472;PARTNER EC;99;;;10;VE;(Z)-8-DODECEN-1-OL;0,01;;
PD;16;14474;TEBUSIP COMBI;89,4;;;10;VE;(Z)-8-DODECEN-1-YL ACETATE;0,17;;
PD;16;14488;ANTRACOL 70 WG;20;;;10;VE;2,4-D;270,48;;
PD;16;14491;QUBIC MZ;70;;;10;VE;3,6 dioxaeicosilsolfato;78,39;;
PD;16;14510;ELECTIS TRIO;156;;;10;VE;3,6 dioxaottodecilsolfato di sodio;155,91;;
PD;16;14525;MAROX SX;12,3;;;10;VE;6-BENZYLADENINE;20,04;;
PD;16;14527;SUDOKU TOP;63;;;10;VE;ABAMECTIN;16,31;;
PD;16;14559;AGREE WG;6;;;10;VE;ACEQUINOCYL;11,25;;
PD;16;14577;FORUM R 3B;2868;;;10;VE;ACETAMIPRID;20,68;;
PD;16;14636;BIOLID UP;45;;;10;VE;ACIBENZOLAR-S-METHYL;1,25;;
PD;16;14642;RIDOMIL GOLD R WG;685;;;10;VE;ACLONIFEN;88,29;;
PD;16;14643;CENTIUM 36 CS;157;;;10;VE;ACRINATHRIN;0,84;;
PD;16;14686;KOCIDE OPTI;445;;;10;VE;ALCOOL GRASSO ETOSSILATO;30,08;;
PD;16;14693;VIP 80 EC;57,75;;;10;VE;ALCOOL LAURILICO ETOSSILATO;0,09;;
PD;16;14697;ENERVIN DUO;1;;;10;VE;ALCOOL LAURILICO POLIETOSSILATO;4,75;;
PD;16;14699;GEOXE;22,5;;;10;VE;ALPHA-CYPERMETHRIN (ALPHAMETHRIN);321,64;;
PD;16;14735;RANMAN TOP;1,5;;;10;VE;AMETOCTRADIN;1.342,51;;
PD;16;14737;ROUNDUP PLATINUM;3962;;;10;VE;AMIDOSULFURON;1,39;;
PD;16;14739;DECIS PROTECT;50;;;10;VE;AMINOPYRALID;2,1;;
PD;16;14758;KARATE WITH ZEON TECHNOLOGY 1.5 HOBBY;61,86;;;10;VE;AMITROLE;72,72;;
PD;16;14764;SLUXX;25;;;10;VE;AUREOBASIDIUM PULLULANS;0;;
PD;16;14765;ELUMIS;37;;;10;VE;AZADIRACHTIN A (AZADIRACTINA A);1,02;;
PD;16;14769;COMET 250 EC;100;;;10;VE;AZIMSULFURON;3;;
PD;16;14785;DRISCOLL;3,81;;;10;VE;AZOXYSTROBIN;522,54;;
PD;16;14792;MELODY TREVI;1009;;;10;VE;BACILLUS AMYLOLIQUEFACIENS SUBSP. PLANTARUM D747;37,25;;
PD;16;14794;MYSTIC CLASS;20;;;10;VE;BACILLUS FIRMUS I-1582;11,5;;
PD;16;14799;AFLOR 200 SL;8,92;;;10;VE;BACILLUS SUBTILIS (CEPPO QST 713);7,71;;
PD;16;14805;QUASAR MZ WG;30;;;10;VE;BACILLUS THURINGIENSIS SOTTOSPECIE AIZAWAI CEPPO GC-91;1;;
PD;16;14806;LUNA PRIVILEGE;56;;;10;VE;BACILLUS THURINGIENSIS SOTTOSPECIE KURSTAKI 3A-3B CEPPO HD1;0,25;;
PD;16;14807;LUZINDO;31,75;;;10;VE;BACILLUS THURINGIENSIS SOTTOSPECIE KURSTAKI CEPPO ABTS 351;13,12;;
PD;16;14809;CUPRAVIT BIO EVOLUTION;410;;;10;VE;BACILLUS THURINGIENSIS SOTTOSPECIE KURSTAKI CEPPO EG 2348;1,36;;
PD;16;14812;ENERVIN TOP;141;;;10;VE;BACILLUS THURINGIENSIS SOTTOSPECIE KURSTAKI CEPPO SA 11;0,38;;
PD;16;14815;ADENGO;7786;;;10;VE;BACILLUS THURINGIENSIS SOTTOSPECIE KURSTAKI CEPPO SA 12;0,95;;
PD;16;14818;ACANTO;26;;;10;VE;BEAUVERIA BASSIANA;2,22;;
PD;16;14837;GLIFOSAR FLASH;1219;;;10;VE;BENALAXYL;0,08;;
PD;16;14838;BARCLAY GALLUP BIOGRADE 360;12120;;;10;VE;BENALAXYL-M;0,8;;
PD;16;14844;CLUSTER 500;18;;;10;VE;BENFLURALIN;25,73;;
PD;16;14845;MYSTIC PLUS S;6;;;10;VE;BENTAZONE;15.135,28;;
PD;16;14865;PICUS 200 SL;8;;;10;VE;BENTHIAVALICARB;2,88;;
PD;16;14867;SYNERO;6;;;10;VE;BETA-CIFLUTRIN;0,49;;
PD;16;14868;IDROX 22 NEW;2080;;;10;VE;BIFENAZATE;0,31;;
PD;16;14876;GRANDSTAND;185,75;;;10;VE;BIXAFEN;150,75;;
PD;16;14879;LONTREL 72 SG;2,05;;;10;VE;BORDEAUX MIXTURE (RAME POLTIGLIA BORDOLESE);780,16;;
PD;16;14884;CORUM;1676;;;10;VE;BOSCALID;598,9;;
PD;16;14895;LANNATE 20 SL;17,5;;;10;VE;BROMADIOLONE;0,01;;
PD;16;14909;NURELLE 5;60;;;10;VE;BROMOXYNIL-FENOLO;20,71;;
PD;16;14911;CARBOSAN G;10;;;10;VE;BUPIRIMATE;119;;
PD;16;14915;REPLAY;30;;;10;VE;BUPROFEZIN;255,16;;
PD;16;14935;TRAXOS ONE;51;;;10;VE;CALCIUM POLYSULPHIDE (POLISOLFURO DI CALCIO O ZOLFO CALCICO);45;;
PD;16;14936;AMPLIGO;203,5;;;10;VE;CAPTANO;2.953,85;;
PD;16;14940;TAKUMI;6,9;;;10;VE;CARFENTRAZONE-ETHYL;48,36;;
PD;16;14948;ACTARA HOBBY;1,5;;;10;VE;CHLORANTRANILIPROLE;375,32;;
PD;16;14967;TIPTOR ULTRA;30;;;10;VE;CHLORIDAZON;1.534,12;;
PD;16;14972;DICARZOL 50 SP;2;;;10;VE;CHLOROTHALONIL;2.791,15;;
PD;16;14974;BELEM 0.8 MG;27036;;;10;VE;CHLORPROPHAM;21,79;;
PD;16;14980;AFFINITY PLUS;24;;;10;VE;CHLORPYRIFOS;3.549,35;;
PD;16;15006;TRAXOS PRONTO;345;;;10;VE;CHLORPYRIFOS-METHYL;580,08;;
PD;16;15007;AXIAL PRONTO;177;;;10;VE;CHLORTOLURON;25,4;;
PD;16;15010;AMISTAR PLUS;5;;;10;VE;CIFLUTRIN;1,86;;
PD;16;15013;NATRIA LUMACHICIDA;68;;;10;VE;CLODINAFOP PROPARGYL;23,55;;
PD;16;15022;DEFENSE 80 WP;5;;;10;VE;CLOFENTEZINE;0,64;;
PD;16;15023;DERREX;20;;;10;VE;CLOMAZONE;285,94;;
PD;16;15024;MESUROL 200 SC;24;;;10;VE;CLOPYRALID;21,67;;
PD;16;15034;DICOPHAR;2,3;;;10;VE;CLOQUINTOCET MEXYL;101,5;;
PD;16;15041;OPINION ECNA;102;;;10;VE;COPOLIMER 21;15,36;;
PD;16;15047;R6 ERRESEI BORDEAUX WG;627;;;10;VE;COPPER HYDROXIDE (RAME IDROSSIDO);6.881,83;;
PD;16;15049;MODDUS;22;;;10;VE;COPPER OXYCHLORIDE (RAME OSSICLORURO);21.265,08;;
PD;16;15050;VERTIMEC PRO;17;;;10;VE;COPPER SULFATE (RAME SOLFATO);8.640,45;;
PD;16;15053;ADMIRAL ECHO;1;;;10;VE;CYAZOFAMID;55,49;;
PD;16;15057;DICOTEX RTU;2;;;10;VE;CYCLOXYDIM;3.296,24;;
PD;16;15058;PRINCIPAL MAIS;208,56;;;10;VE;CYDIA POMONELLA GRANULOSIS VIRUS;0,25;;
PD;16;15059;DECIS EVO;833;;;10;VE;CYFLUFENAMID;39,01;;
PD;16;15064;MAESTRO WG ADVANCE;50;;;10;VE;CYHALOFOP BUTYL;44;;
PD;16;15084;DRUM;6;;;10;VE;CYMOXANIL;529,69;;
PD;16;15093;CENTURIO;75;;;10;VE;CYPERMETHRIN;55,32;;
PD;16;15101;CIMORAM ULTRA WG;456;;;10;VE;CYPROCONAZOLE;192,37;;
PD;16;15102;VITENE R WG;370;;;10;VE;CYPRODINIL;818,15;;
PD;16;15107;SAMSON EXTRA 6 OD;257;;;10;VE;CYPROSULFAMIDE;269,88;;
PD;16;15112;SIMPLIA;280;;;10;VE;DAMINOZIDE;9,35;;
PD;16;15116;ELIOS R;2;;;10;VE;DAZOMET;3.940,20;;
PD;16;15123;ALTAIR 4,5 EW;5;;;10;VE;DB-2,4;59,18;;
PD;16;15124;ZANTARA;201;;;10;VE;DELTAMETHRIN;75,48;;
PD;16;15125;PROLECTUS;9;;;10;VE;DENATHONIUM BENZOATE (DENATONIO BENZOATO);0,73;;
PD;16;15135;OLEOSAN PLUS;9;;;10;VE;DESMEDIPHAM;105,36;;
PD;16;15138;BAROCCO 80 WG;825;;;10;VE;DICAMBA;1.518,81;;
PD;16;15168;ZORO 1.9 EW;2;;;10;VE;DICAMBA SALE DIMETILAMMINICO;22,47;;
PD;16;15177;ROTATE PLUS DF;1928;;;10;VE;DICAMBA SALE SODICO;120,39;;
PD;16;15181;CIRRUS CS;109,5;;;10;VE;DIFENOCONAZOLE;318,98;;
PD;16;15192;LIBERATE;6;;;10;VE;DIFLUBENZURON;4,33;;
PD;16;15201;FLOXI 355 SC;61;;;10;VE;DIFLUFENICAN;1,7;;
PD;16;15214;DELTAPLAN SC;145;;;10;VE;DIMETHENAMID-P;1.132,88;;
PD;16;15222;FOLICUR COMBI WG;408;;;10;VE;DIMETHOATE;240,73;;
PD;16;15250;COPRANTOL DUO;70;;;10;VE;DIMETHOMORPH;4.993,49;;
PD;16;15253;FALCON MK;1624;;;10;VE;DIQUAT;114,97;;
PD;16;15263;DYNALI;8,75;;;10;VE;DITHIANON;2.837,45;;
PD;16;15286;KENDO ZEON 1.5;472;;;10;VE;DODECAN-1-OL;0;;
PD;16;15289;SERENADE NATRIA;0,1;;;10;VE;DODINE;259,35;;
PD;16;15294;KENDO BI-ACTIVE;721;;;10;VE;EMAMECTIN BENZOATE;19,55;;
PD;16;15300;ARMETIL FLOW;40;;;10;VE;EPOXICONAZOLE;135,29;;
PD;16;15302;AMYLO-X;73;;;10;VE;EPTAMETILTRISILOSSANO, POLIALCHILENE OSSIDO MODIFICATO;34,44;;
PD;16;15318;OURAGAN;1440;;;10;VE;ESFENVALERATE;2,55;;
PD;16;15333;APPLAUD PLUS;27,94;;;10;VE;ETHEPHON;29,38;;
PD;16;15335;U 46 ULTRA;3;;;10;VE;ETHOFUMESATE;802,04;;
PD;16;15343;FEUDO RD WP;57;;;10;VE;ETHOPROPHOS;31,5;;
PD;16;15348;RIDOMIL GOLD R LIQUIDO;358;;;10;VE;ETOFENPROX;112,16;;
PD;16;15371;BELEM PROTEZIONE;948;;;10;VE;ETOXAZOLE;0,35;;
PD;16;15384;LUNA EXPERIENCE;5;;;10;VE;FATTY ACIDS C7-C18 AND C18 AND UNSATURATED POTASSIUM SALTS (SALI POTASSICI DI ACIDI GRASSI);2,08;;
PD;16;15392;QUANTUM MZ WDG;30;;;10;VE;FENAMIDONE;148,4;;
PD;16;15401;TAIFUN MK CL;20;;;10;VE;FENAMIPHOS;9,24;;
PD;16;15404;MIDO;24;;;10;VE;FENBUCONAZOLE;2,25;;
PD;16;15407;RULER;20;;;10;VE;FENHEXAMID;392,83;;
PD;16;15422;KELVIN DUO;3,96;;;10;VE;FENOXAPROP-P-ETHYL;5,6;;
PD;16;15449;CIDELY;39,5;;;10;VE;FENPROPIDIN;363,66;;
PD;16;15505;SILBOT 500 SC/MORFEUM 500 SC;124;;;10;VE;FENPYRAZAMINE;81,5;;
PD;16;15507;CREW SUPERB;67;;;10;VE;FERRIC PHOSPHATE (FOSFATO FERRICO);3,12;;
PD;16;15514;CUPRAVIT BLU 35 WG;36;;;10;VE;FLAZASULFURON;1,78;;
PD;16;15569;LOOP 40;828;;;10;VE;FLONICAMID;11,52;;
PD;16;15572;ZOMINEX;19;;;10;VE;FLORASULAM;26,38;;
PD;16;15573;PROMESS SL;6;;;10;VE;FLUAZIFOP-P-BUTYL;120,87;;
PD;16;15591;PREVINT TOP;5;;;10;VE;FLUAZINAM;251,43;;
PD;16;15621;BOTTO 50 EC;33;;;10;VE;FLUDIOXONIL;556,52;;
PD;16;15622;CURZATE R WG BIANCO;97;;;10;VE;FLUFENACET;57,54;;
PD;16;15640;PROLINE STAR;41;;;10;VE;FLUOPICOLIDE;333,34;;
PD;16;15641;SIATTOL 200 SL;6;;;10;VE;FLUOPYRAM;143,45;;
PD;16;15651;FLANKER;18;;;10;VE;FLUROXYPYR;363,08;;
PD;16;15661;SENEGO;2,25;;;10;VE;FLUTRIAFOL;88,23;;
PD;16;15663;CUPRAVIT 35 WG;80;;;10;VE;FLUVALINATE;27,03;;
PD;16;15668;GHIBLI 240 OD;20,75;;;10;VE;FOLPET;11.666,25;;
PD;16;15680;MITRHA 40 SC;1731;;;10;VE;FORAMSULFURON;9,55;;
PD;16;15681;LUMADRY ESCA;1461,5;;;10;VE;FORCHLORFENURON;0,01;;
PD;16;15842;AFICIONADO;87;;;10;VE;FORMETANATE;3,5;;
PD;16;15857;R6 ERRESEI PASADOBLE;1363;;;10;VE;FOSETYL-ALUMINIUM;12.889,47;;
PD;16;15863;BALENO FLASH;350;;;10;VE;FOSTHIAZATE;21,9;;
PD;16;15886;METAREX INOV;60;;;10;VE;GIBBERELLIC ACID (ACIDO GIBBERELLICO A3);0,05;;
PD;16;15900;TRIKA EXPERT;1890;;;10;VE;GIBBERELLINS (A4+A7);3,02;;
PD;16;15901;ERCOLE;17610;;;10;VE;GLUFOSINATE-AMMONIUM;1.014,30;;
PD;16;15925;CLEAR SUPREME;20;;;10;VE;GLYPHOSATE (GLIFOSATE);33.022,73;;
PD;16;15961;RETENGO NEW;4;;;10;VE;GLYPHOSATE ISOPROPYLAMINE (GLIFOSATE SALE ISOPROPILAMINICO);50,92;;
PD;16;15964;ENOVIT METIL FL BETA;1047;;;10;VE;HEXYTHIAZOX;41,49;;
PD;16;16127;PULSAR II;36;;;10;VE;IMAZAMOX;850,5;;
PD;17;13;THIOPRON;10630;;;10;VE;IMIDACLOPRID;90,55;;
PD;17;17;U 46 COMBI FLUID;47;;;10;VE;INDOXACARB;116,03;;
PD;17;40;ETRAVON SYNGENTA;2553;;;10;VE;IODOSULFURON METHYL SODIUM;4,18;;
PD;17;133;U 46 D-FLUID;19;;;10;VE;IOXYNIL;2,2;;
PD;17;206;ALBENE;1239;;;10;VE;IOXYNIL OCTANOATE;5,17;;
PD;17;346;BAGIR MAX;49;;;10;VE;IPRODIONE;96,99;;
PD;17;361;BAGNANTE ANTISCHIUMA S;459,25;;;10;VE;IPROVALICARB;192,14;;
PD;17;449;MOCAP;45;;;10;VE;ISOXABEN;35,26;;
PD;17;485;KENYATOX VERDE;1,2;;;10;VE;ISOXADIFEN ETHYL;141,66;;
PD;17;599;ACUPRICO 76 WG;5;;;10;VE;ISOXAFLUTOLE;398,25;;
PD;17;619;VALGRAN;62;;;10;VE;KIESELGUR (TERRA DIATOMACEA);15;;
PD;17;630;REGLONE W;415;;;10;VE;KRESOXIM METHYL;57,81;;
PD;17;747;ZOLFO SPRUZZABILE;2350;;;10;VE;LAMBDA-CYHALOTHRIN;298,22;;
PD;17;886;SENCOR WG;47;;;10;VE;LENACIL;262,65;;
PD;17;909;POLISOLFURO DI CALCIO POLISENIO;6225;;;10;VE;LINURON;584,68;;
PD;17;1058;LINURON SIPCAM FLOW;3;;;10;VE;LUFENURON;0,18;;
PD;17;1155;CHEMOL 90 EL;275;;;10;VE;MANCOZEB;32.079,41;;
PD;17;1156;CHEMOL;4811;;;10;VE;MANDIPROPAMID;302,31;;
PD;17;1544;MESUROL;11;;;10;VE;MCPA;528,79;;
PD;17;1562;ERBITOX E 30;542;;;10;VE;MCPA SODIUM (MCPA SALE SODICO);25,46;;
PD;17;1573;BASAMID GRANULAT;820;;;10;VE;MECOPROP;39,85;;
PD;17;1583;MICROTHIOL DISPERSS;14827;;;10;VE;MECOPROP-P;11,97;;
PD;17;1600;ETRAVON;293;;;10;VE;MEFENPYR DIETHYL;31,55;;
PD;17;1714;KERB 80 EDF;583,5;;;10;VE;MEPANIPYRIM;58,5;;
PD;17;1850;IDRORAME FLOW;58;;;10;VE;MEPTYLDINOCAP;127,09;;
PD;17;1936;LIQUIZOL M/TIOZOL MK;954;;;10;VE;MESOSULFURON METHYL;10,52;;
PD;17;1947;SULFUR 80;151;;;10;VE;MESOTRIONE;1.124,75;;
PD;17;2029;TORDON 22K;0,8;;;10;VE;METAFLUMIZONE;5,54;;
PD;17;2191;WETTING PLUS;795;;;10;VE;METALAXYL;260,29;;
PD;17;2249;MALERBANE PRATI 400;10;;;10;VE;METALAXYL M;382,88;;
PD;17;2259;PASTA LUMACHICIDA IN GRANI;22;;;10;VE;METALDEHYDE (METALDEIDE);914,5;;
PD;17;2260;GASTROTOX E;209;;;10;VE;METAMITRON;4.627,83;;
PD;17;2272;SILLIM;5;;;10;VE;METAZACHLOR;111,88;;
PD;17;2340;STOMP 330-E;73;;;10;VE;METCONAZOLE;109,99;;
PD;17;2353;BONALAN;113;;;10;VE;METHIOCARB;15,2;;
PD;17;2520;ACTELLIC;23;;;10;VE;METHOXYFENOZIDE;125,1;;
PD;17;2634;BUGGY;5184;;;10;VE;METIRAM;18.315,46;;
PD;17;2732;GOLTIX;754;;;10;VE;METRAFENONE;281,6;;
PD;17;2863;COCCITOX FLUIDO;25;;;10;VE;METRIBUZIN;631,58;;
PD;17;2923;TIOVIT JET;36891;;;10;VE;MILBEMECTIN;0;;
PD;17;2950;ADESIL A;2,5;;;10;VE;MISCELA DI METIL OLEATO E METIL PALMITATO;6.070,13;;
PD;17;2972;BIODAST;1,5;;;10;VE;MYCLOBUTANIL;195,28;;
PD;17;2983;NIMROD;71;;;10;VE;NAA;6,28;;
PD;17;2995;ESCARTOX;1027;;;10;VE;NAD;3,09;;
PD;17;3065;OLIOCIN;435,5;;;10;VE;NAPROPAMIDE;23,94;;
PD;17;3076;MESUROL ESCA;45;;;10;VE;NICOSULFURON;483,63;;
PD;17;3102;OLEOTER;130;;;10;VE;NONIL-FENIL-POLIOSSIETILENE ETANOLO;88,6;;
PD;17;3126;CUPRIZOL;15;;;10;VE;OXADIAZON;6,08;;
PD;17;3188;POLTIGLIA CAFFARO 20;400;;;10;VE;OXAMYL;22;;
PD;17;3219;CARAKOL AGRO;558,5;;;10;VE;OXYFLUORFEN;165,15;;
PD;17;3313;ARAGOL L 40;324;;;10;VE;PACLOBUTRAZOL;1,65;;
PD;17;3343;U46 M CLASS;96;;;10;VE;PAECILOMYCES LILACINUS;0,04;;
PD;17;3366;ROGATOX EC;212;;;10;VE;PARAFFIN OIL/(CAS 64742-46-7);273,55;;
PD;17;3397;ROGOR;2;;;10;VE;PARAFFIN OIL/(CAS 8042-47-5);5.409,14;;
PD;17;3412;SYLLIT 65;129;;;10;VE;PARAFFIN OIL/(CAS 97862-82-3);5.946,07;;
PD;17;3486;TRISCABOL DG;4;;;10;VE;PENCONAZOLE;187,55;;
PD;17;3503;AGRUMIN;599,8;;;10;VE;PENDIMETHALIN;2.239,10;;
PD;17;3519;METAMBANE;39;;;10;VE;PENOXSULAM;1,37;;
PD;17;3542;VITEX 4/40 COMBI;3;;;10;VE;PENTHIOPYRAD;6,53;;
PD;17;3640;CUPROSTAR/AIRONE;810;;;10;VE;PETHOXAMID;22,64;;
PD;17;3658;SIPCAMOL E;3195;;;10;VE;PHENMEDIPHAM;379,39;;
PD;17;3767;FENOXILENE MAX;606;;;10;VE;PHOSMET;171,77;;
PD;17;3771;ROVRAL WG;21;;;10;VE;PICLORAM;0,11;;
PD;17;3779;VAPAM;1220;;;10;VE;PICOXYSTROBIN;35,55;;
PD;17;3793;DITHANE M-45;650;;;10;VE;PINOLENE;11,52;;
PD;17;3800;CRITTAM WG;344;;;10;VE;PINOXADEN;25,97;;
PD;17;3819;CLOMITANE;3;;;10;VE;PIPERONYL BUTOXIDE (PIPERONIL BUTOSSIDO);151,37;;
PD;17;3859;DURSBAN;153;;;10;VE;PIRIMICARB;1,93;;
PD;17;3861;ROTIOFEN GOLD;13;;;10;VE;PIRIMIPHOS METHYL;621,04;;
PD;17;4012;RELDAN 22;2751,15;;;10;VE;POLISILOSSANO;24,89;;
PD;17;4157;IROL PLUS;1153;;;10;VE;POTASSIUM HYDROGEN CARBONATE (IDROGENOCARBONATO DI POTASSIO);170;;
PD;17;4199;PENNCOZEB DG;7810;;;10;VE;POTASSIUM PHOSPHITE (FOSFITO O FOSFONATO DI POTASSIO);656,35;;
PD;17;4228;ROGOR L 20;2118,5;;;10;VE;PROCHLORAZ;1.021,66;;
PD;17;4326;ROGOR L 40;62;;;10;VE;PROFOXYDIM;4,16;;
PD;17;4388;CRITTOX MZ 80;3;;;10;VE;PROHEXADIONE CALCIUM;4,9;;
PD;17;4426;DECIS;33;;;10;VE;PROPAMOCARB;234,82;;
PD;17;4461;IMIDAN WDG;14;;;10;VE;PROPAMOCARB HYDROCHLORIDE;20,08;;
PD;17;4552;DITHANE DG NEOTEC;1604;;;10;VE;PROPANIL;120,6;;
PD;17;4710;ALIETTE;259,25;;;10;VE;PROPAQUIZAFOP;372,58;;
PD;17;5053;ACTELLIC 5;10;;;10;VE;PROPICONAZOLE;128,96;;
PD;17;5152;TIOSPOR WG;3507;;;10;VE;PROPOXYCARBAZONE;3,25;;
PD;17;5228;CARAKOL;699,5;;;10;VE;PROPYZAMIDE;219,33;;
PD;17;5299;MIBIOL;62;;;10;VE;PROQUINAZID;6,97;;
PD;17;5454;PIRETRIX 10;0,04;;;10;VE;PROSULFURON;18,75;;
PD;17;5574;LUMAKIDIN 5G;18;;;10;VE;PROTHIOCONAZOLE;423,82;;
PD;17;5576;KOLFLOR OLIO B;65,5;;;10;VE;PYMETROZINE;0,6;;
PD;17;5657;BAGNANTE SCAM;62;;;10;VE;PYRACLOSTROBIN;1.163,10;;
PD;17;5755;TILT 25 EC;38,5;;;10;VE;PYRAFLUFEN ETHYL;3,3;;
PD;17;5758;GALBEN R 4-33 BLU;51;;;10;VE;PYRETHRIN I;5,64;;
PD;17;5864;CIPOTRIL;24;;;10;VE;PYRETHRINS;2,83;;
PD;17;5881;PREVICUR;2,25;;;10;VE;PYRIDABEN;0,58;;
PD;17;5901;TALPACID;6,08;;;10;VE;PYRIDATE;9,72;;
PD;17;6001;BETAFIL;20;;;10;VE;PYRIMETHANIL;568,27;;
PD;17;6088;KEMIRON 500 SC;2,5;;;10;VE;PYRIPROXYFEN;15,67;;
PD;17;6162;DE-SPROUT;40;;;10;VE;PYROXSULAM;94,56;;
PD;17;6321;STIMOLANTE 66F;17;;;10;VE;QUINCLORAC;35,04;;
PD;17;6322;OBSTHORMON 24A;24,6;;;10;VE;QUINOXYFEN;133,06;;
PD;17;6324;MAXCEL;20;;;10;VE;QUIZALOFOP-P (QUIZALOFOP ETILE D-ISOMERO);590,6;;
PD;17;6376;ANTISCHIUMA SHAUMSTOP;85,6;;;10;VE;QUIZALOFOP-P-ETILE;93,4;;
PD;17;6401;MONDAK 21 S;941;;;10;VE;RAPE SEED OIL (OLIO DI COLZA);1.493,28;;
PD;17;6437;ETHREL;15;;;10;VE;RIMSULFURON;16,4;;
PD;17;6438;BI-FEN;27;;;10;VE;SALE SODICO DI ALCHILETERE SOLFATO;325,64;;
PD;17;6445;FASTAC 10 SC;0,12;;;10;VE;S-METOLACHLOR;14.578,40;;
PD;17;6480;CYCOCEL 5 C;7;;;10;VE;SODIUM DIOCTYL SULFOSUCCINATE (AUTORIZZATO SOLO COME COADIUVANTE);11,07;;
PD;17;6556;K-OBIOL DP2;119;;;10;VE;SORBITAN MONO OLEATO ETOSSILATO;26,4;;
PD;17;6557;K-OBIOL EC 25;15;;;10;VE;SORBITAN MONOLEATO;510,48;;
PD;17;6632;DIPPER;73;;;10;VE;SPINOSAD;92,51;;
PD;17;6674;AFALON DS;413;;;10;VE;SPIROMESIFEN;0,23;;
PD;17;6704;TIOLENE 80 WG;450;;;10;VE;SPIROTETRAMAT;66,52;;
PD;17;6751;RASEN FLORANID;30;;;10;VE;SPIROXAMINE;517,6;;
PD;17;6766;BUTISAN S;60;;;10;VE;SULCOTRIONE;112,32;;
PD;17;6786;BAGNANTE AC;105;;;10;VE;SULPHUR (ZOLFO);153.360,85;;
PD;17;6825;ETOPROSIP 10 G;15;;;10;VE;TEBUCONAZOLE;1.771,21;;
PD;17;6873;IDRORAME 193;188;;;10;VE;TEBUFENOZIDE;10,12;;
PD;17;6945;TOPAS 10 EC;604,5;;;10;VE;TEBUFENPYRAD;1;;
PD;17;6947;TOPAS COMBI;1889;;;10;VE;TEFLUTHRIN;154,72;;
PD;17;6956;TARGA FLO;3599;;;10;VE;TEMBOTRIONE;258,22;;
PD;17;6978;BETTER 400;2140;;;10;VE;TENSIOATTIVI NON IONICI;0,86;;
PD;17;7020;BAGNANTE CIFO;125;;;10;VE;TEPRALOXYDIM;74,57;;
PD;17;7024;ZOLVIS SC;460;;;10;VE;TERBUTHYLAZINE;6.566,84;;
PD;17;7053;PASTA CAFFARO NC;1705;;;10;VE;TETRACONAZOLE;31,58;;
PD;17;7055;PASTA CAFFARO BLU;213,5;;;10;VE;TETRADECAN-1-OL;0;;
PD;17;7101;LIMAVAL;135;;;10;VE;THIACLOPRID;113,32;;
PD;17;7368;TURFENE L;15;;;10;VE;THIAMETHOXAM;141,55;;
PD;17;7369;SYLLIT FLO;18,44;;;10;VE;THIENCARBAZONE-METHYL;142,98;;
PD;17;7379;VENZAR;346;;;10;VE;THIFENSULFURON-METHYL;191,42;;
PD;17;7401;POLTIGLIA CAFFARO 20 DF NEW;59;;;10;VE;THIOPHANATE-METHYL;2.230,12;;
PD;17;7454;ORMONE AG COMPRESSE;0,3;;;10;VE;THIRAM;2.315,20;;
PD;17;7483;DEVRINOL F;12;;;10;VE;TOLCLOFOS-METHYL;14,34;;
PD;17;7515;GERMON BEWURZELUNGSPUDER H PER TALEE LEGNOSE;4;;;10;VE;TRALKOXYDIM;7,63;;
PD;17;7530;BIOLID E;7;;;10;VE;TRIASULFURON;7,63;;
PD;17;7541;APOLLO SC;0,5;;;10;VE;TRIBASIC COPPER SULPHATE (RAME SOLFATO TRIBASICO);5.189,55;;
PD;17;7543;ERBITOX COMBI;170;;;10;VE;TRIBENURON-METILE;37,45;;
PD;17;7555;KLARTAN 20 EW;17,42;;;10;VE;TRICHODERMA ASPERELLUM;2,38;;
PD;17;7581;ZELIG;51;;;10;VE;TRICHODERMA GAMSII;1,58;;
PD;17;7587;IOTRIL;2;;;10;VE;TRICHODERMA HARZIANUM;0,8;;
PD;17;7608;DASKOR;103;;;10;VE;TRICLOPYR;66,67;;
PD;17;7611;ENOVIT METIL FL;1690;;;10;VE;TRICYCLAZOLE;67,5;;
PD;17;7664;COMPO LUMACHICIDA;16,5;;;10;VE;TRIFLOXYSTROBIN;95,37;;
PD;17;7700;MATACAR FL;5,2;;;10;VE;TRIFLUMURON;0,59;;
PD;17;7732;KESHET EW;2;;;10;VE;TRIFLUSULFURON-METHYL;73,56;;
PD;17;7733;BAYTEROID EW;33,22;;;10;VE;TRINEXAPAC ETHYL;97,67;;
PD;17;7764;TIOLENE;757;;;10;VE;TRISILOSSANO ETOSSILATO PROPOSSILATO;102;;
PD;17;7767;ACARISTOP 20 SC;0,16;;;10;VE;TRITICONAZOLE;2,85;;
PD;17;7845;TMTD 50 SC;4;;;10;VE;TRITOSULFURON;117,35;;
PD;17;7876;PIRIMOR 17,5;17,46;;;10;VE;VALIPHENAL (IR5885);23,4;;
PD;17;7907;RAMEPLANT 50;100;;;10;VE;ZETA CYPERMETHRIN;82,9;;
PD;17;7916;POLYRAM DF;9783;;;10;VE;ZIRAM;694,64;;
PD;17;7919;TOUCHDOWN;6330;;;10;VE;ZOXAMIDE;198,55;;
PD;17;7922;OPALENE;316;;;12;VE;1,3-DICHLOROPROPENE;4.772,40;;
PD;17;7930;KERB FLO;14;;;12;VE;2,4-D;17,31;;
PD;17;7957;ROVRAL PLUS;93,15;;;12;VE;2,4-D (ESTERE ISOTTILICO);55,83;;
PD;17;7958;RONSTAR FL;69;;;12;VE;2,4-D (SALE DIMETILAMMINICO);1,55;;
PD;17;7961;RIZOLEX  GOLD;151;;;12;VE;3,6 dioxaeicosilsolfato;14,4;;
PD;17;7963;RIZOLEX 50 PB;8;;;12;VE;3,6 dioxaottodecilsolfato di sodio;28,64;;
PD;17;7965;TRIGARD 75 WP;0,75;;;12;VE;ABAMECTIN;0,28;;
PD;17;7984;STRATOS;1107;;;12;VE;ACEQUINOCYL;0,75;;
PD;17;7998;PRIMOSOL 80 WDG;76;;;12;VE;ACETAMIPRID;1,5;;
PD;17;8001;AGRO-PYR;0,6;;;12;VE;ACLONIFEN;0,5;;
PD;17;8023;SUMIALFA ECHO;35;;;12;VE;ACRINATHRIN;0,39;;
PD;17;8028;CALARIS;251;;;12;VE;ALCOOL GRASSO ETOSSILATO;9,29;;
PD;17;8102;MERPAN 80 WDG;646;;;12;VE;ALCOOL ISOTRIDECILICO;1,6;;
PD;17;8105;CIMORAM;53;;;12;VE;ALCOOL LAURILICO ETOSSILATO;0,01;;
PD;17;8117;BASTA 200;1740;;;12;VE;ALPHA-CYPERMETHRIN (ALPHAMETHRIN);4,69;;
PD;17;8129;BETOZON 65 DF;34;;;12;VE;AMETOCTRADIN;6,24;;
PD;17;8130;TITUS;8,8;;;12;VE;AMINOPYRALID;0,96;;
PD;17;8139;MANTA GOLD/FENOTRIX COMBI;588;;;12;VE;AMITROLE;20,5;;
PD;17;8146;GALLERY;57,05;;;12;VE;AMPELOMYCES QUISQUALIS;1,04;;
PD;17;8155;CATOR;338;;;12;VE;AZADIRACHTIN A (AZADIRACTINA A);0,01;;
PD;17;8156;DEVOX;498;;;12;VE;AZOXYSTROBIN;32,95;;
PD;17;8159;CLICK COMBI;60;;;12;VE;BACILLUS AMYLOLIQUEFACIENS SUBSP. PLANTARUM D747;18;;
PD;17;8184;CHALLENGE;118;;;12;VE;BACILLUS FIRMUS I-1582;0,5;;
PD;17;8189;FORCE;32960;;;12;VE;BACILLUS SUBTILIS (CEPPO QST 713);0,11;;
PD;17;8201;GLISTER;995;;;12;VE;BACILLUS THURINGIENSIS SOTTOSPECIE KURSTAKI CEPPO ABTS 351;1,66;;
PD;17;8207;LONTREL 75 G;5,7;;;12;VE;BACILLUS THURINGIENSIS SOTTOSPECIE KURSTAKI CEPPO EG 2348;0,23;;
PD;17;8229;RAPAX;0,1;;;12;VE;BEAUVERIA BASSIANA;0,02;;
PD;17;8259;KARATE XPRESS;0,1;;;12;VE;BENALAXYL;1,16;;
PD;17;8284;MICOSPOR MGD;12;;;12;VE;BENFLURALIN;11,71;;
PD;17;8321;NOVODOR FC;1;;;12;VE;BENTAZONE;440,53;;
PD;17;8340;TOPAS 10 WDG;1;;;12;VE;BETA-CIFLUTRIN;0,13;;
PD;17;8351;Z.M. 75 DG;80;;;12;VE;BIXAFEN;7,35;;
PD;17;8376;ARIANE II;1021;;;12;VE;BORDEAUX MIXTURE (RAME POLTIGLIA BORDOLESE);84,6;;
PD;17;8382;ROUNDUP BIOFLOW;423,96;;;12;VE;BOSCALID;24;;
PD;17;8429;GLYFOS SL;2812;;;12;VE;BROMADIOLONE;0;;
PD;17;8465;OLIOVIT;16;;;12;VE;BUPIRIMATE;0,71;;
PD;17;8474;DICOTIL;0,2;;;12;VE;BUPROFEZIN;12,52;;
PD;17;8498;FOLICUR WG;367;;;12;VE;CAPTANO;4;;
PD;17;8499;EFESTO;9;;;12;VE;CARFENTRAZONE-ETHYL;0,26;;
PD;17;8524;WHIP S;1;;;12;VE;CHLORANTRANILIPROLE;13,63;;
PD;17;8528;FEINZIN 35 DF;38,5;;;12;VE;CHLORIDAZON;19,95;;
PD;17;8534;CITROLE;124;;;12;VE;CHLOROTHALONIL;43,73;;
PD;17;8540;PAMPA/GHIBLI;2746;;;12;VE;CHLORPROPHAM;1,75;;
PD;17;8542;FORUM 50 WP;1111,4;;;12;VE;CHLORPYRIFOS;129,6;;
PD;17;8546;DANITRON;3;;;12;VE;CHLORPYRIFOS-METHYL;53,72;;
PD;17;8547;LOGRAN;99,39;;;12;VE;CIFLUTRIN;1,05;;
PD;17;8601;FOLPAN 80 WDG;1377;;;12;VE;CLODINAFOP PROPARGYL;0,99;;
PD;17;8646;ACTIVUS EC/PANDA;315;;;12;VE;CLOMAZONE;41,6;;
PD;17;8656;GLIFENE HP;631;;;12;VE;CLOPYRALID;7,49;;
PD;17;8706;AMID THIN W;30,5;;;12;VE;CLOQUINTOCET MEXYL;1,03;;
PD;17;8712;ALLEGANTE 4% AF 96;10;;;12;VE;CONIOTHYRIUM MINITANS;0,21;;
PD;17;8717;GERAMID NEU;5;;;12;VE;COPPER HYDROXIDE (RAME IDROSSIDO);59,06;;
PD;17;8721;NEXTER;8;;;12;VE;COPPER OXIDE (RAME OSSIDO);1,88;;
PD;17;8729;FORUM R;305;;;12;VE;COPPER OXYCHLORIDE (RAME OSSICLORURO);1.001,42;;
PD;17;8731;ACROBAT R;30;;;12;VE;COPPER SULFATE (RAME SOLFATO);108,78;;
PD;17;8735;TREBON UP;323,51;;;12;VE;CYAZOFAMID;3,93;;
PD;17;8742;INDAR 5EW;65;;;12;VE;CYCLOXYDIM;53,34;;
PD;17;8743;GREENEX;53,6;;;12;VE;CYFLUFENAMID;0,66;;
PD;17;8792;DOMARK 4 EC;0,25;;;12;VE;CYMOXANIL;47,6;;
PD;17;8795;VERTIMEC EC;127,25;;;12;VE;CYPERMETHRIN;19,61;;
PD;17;8797;BINAL PRO/EMINENT COMBI;376;;;12;VE;CYPROCONAZOLE;15,72;;
PD;17;8801;SCORE 25 EC;220,3;;;12;VE;CYPRODINIL;17,29;;
PD;17;8803;DOMARK COMBI PB;34;;;12;VE;CYPROSULFAMIDE;31,1;;
PD;17;8836;MIMIC;27;;;12;VE;CYROMAZINE (CIROMAZINA);0,08;;
PD;17;8837;GERMON BEWURZELUNGSPUDER PER TALEE ERBACEE;1,65;;;12;VE;DAZOMET;5.405,40;;
PD;17;8838;GERMON BEWURZELUNGSPUDER PER TALEE LEGNOSE;2,51;;;12;VE;DELTAMETHRIN;6,16;;
PD;17;8841;CYREN 7,5 G;181,5;;;12;VE;DENATHONIUM BENZOATE (DENATONIO BENZOATO);0,47;;
PD;17;8859;MASTIFF;7993;;;12;VE;DESMEDIPHAM;0,3;;
PD;17;8875;CIMOX 25 WP;29;;;12;VE;DICAMBA;78,42;;
PD;17;8884;BITRON DF;1710;;;12;VE;DICAMBA SALE DIMETILAMMINICO;0,87;;
PD;17;8886;SAFARI;114,68;;;12;VE;DICAMBA SALE SODICO;7,55;;
PD;17;8899;ZOLFO VENTILATO RAMATO 5%;36;;;12;VE;DIFENOCONAZOLE;27,34;;
PD;17;8933;SOLEAS;79;;;12;VE;DIMETHOATE;9,95;;
PD;17;8934;SCALA;329,85;;;12;VE;DIMETHOMORPH;90,46;;
PD;17;8937;MASAI 20 WP;2;;;12;VE;DIQUAT;4,26;;
PD;17;8945;ENOVIT METIL DF;5;;;12;VE;DITHIANON;35,7;;
PD;17;8984;GLIPHOGAN TOP MK;2244;;;12;VE;DODINE;54,57;;
PD;17;8987;CONFIDOR 200 SL;342,58;;;12;VE;EMAMECTIN BENZOATE;0,75;;
PD;17;9005;AGIL;2180;;;12;VE;EPOXICONAZOLE;4,7;;
PD;17;9010;RAMEZIN COMBI WG;5532;;;12;VE;EPTAMETILTRISILOSSANO, POLIALCHILENE OSSIDO MODIFICATO;3,36;;
PD;17;9012;CUPROCAFFARO MICRO;8446;;;12;VE;ESFENVALERATE;0,03;;
PD;17;9038;OPINION;1,5;;;12;VE;ETHEPHON;0,4;;
PD;17;9079;REGRAN COMBI;8;;;12;VE;ETHOFUMESATE;1,96;;
PD;17;9131;PYRINEX ME;177;;;12;VE;ETHOPROPHOS;30;;
PD;17;9148;SYLLIT 355 SC;168;;;12;VE;ETOFENPROX;12,97;;
PD;17;9153;CYREN 44 EC;24;;;12;VE;ETOXAZOLE;0,45;;
PD;17;9171;GALBEN R 4-33;3;;;12;VE;FENAMIDONE;6,03;;
PD;17;9180;STROBY WG;10,8;;;12;VE;FENHEXAMID;7,47;;
PD;17;9237;GRID;0,5;;;12;VE;FENOXAPROP-P-ETHYL;1,55;;
PD;17;9244;ZIRAMIT 76 WG;20;;;12;VE;FENPROPIDIN;13,68;;
PD;17;9267;ROYALTAC N;500;;;12;VE;FERRIC PHOSPHATE (FOSFATO FERRICO);3,49;;
PD;17;9286;OHAYO;2;;;12;VE;FLONICAMID;0,57;;
PD;17;9306;PROPLANT;96,25;;;12;VE;FLORASULAM;1,16;;
PD;17;9311;CUPROSSIL IDRO 25 WP;1683;;;12;VE;FLUAZIFOP-P-BUTYL;21,44;;
PD;17;9322;GOLTIX STAR;911;;;12;VE;FLUAZINAM;0,4;;
PD;17;9332;OPEN;24;;;12;VE;FLUDIOXONIL;9,69;;
PD;17;9335;SILGLIF MK;347;;;12;VE;FLUFENACET;16,8;;
PD;17;9339;BETANAL EXPERT;3312;;;12;VE;FLUOPICOLIDE;1,53;;
PD;17;9342;DELTRIN;17;;;12;VE;FLUROXYPYR;66,76;;
PD;17;9364;RAPIDO;108;;;12;VE;FLUTRIAFOL;4,84;;
PD;17;9371;PEAK;0,02;;;12;VE;FLUVALINATE;5,37;;
PD;17;9373;CHORUS;41;;;12;VE;FOLPET;129,23;;
PD;17;9374;MATCH TOP;31;;;12;VE;FORAMSULFURON;0,05;;
PD;17;9400;GLIFOGAN PRONTO;15,75;;;12;VE;FOSETYL-ALUMINIUM;243,72;;
PD;17;9401;ARBOTECT 20 S;2;;;12;VE;FOSTHIAZATE;7,3;;
PD;17;9411;RADIP ORMON;2,4;;;12;VE;GLUFOSINATE-AMMONIUM;39,6;;
PD;17;9417;ASCO 23;22;;;12;VE;GLYPHOSATE (GLIFOSATE);4.199,08;;
PD;17;9422;EVADE;631;;;12;VE;GLYPHOSATE ISOPROPYLAMINE (GLIFOSATE SALE ISOPROPILAMINICO);1,2;;
PD;17;9443;ENDOGERME;3,7;;;12;VE;HEXYTHIAZOX;2,78;;
PD;17;9449;EMERALD COMBI;142;;;12;VE;IMAZAMOX;20,36;;
PD;17;9463;KLARO KIT;25;;;12;VE;IMIDACLOPRID;17,8;;
PD;17;9477;AGREE;19;;;12;VE;INDOXACARB;7,49;;
PD;17;9509;PROMALIN NT;9,5;;;12;VE;IODOSULFURON METHYL SODIUM;0,77;;
PD;17;9531;SEQURA WG;12;;;12;VE;IOXYNIL OCTANOATE;1,44;;
PD;17;9550;PROFILE;13;;;12;VE;IPROVALICARB;13,37;;
PD;17;9578;SWITCH;741,8;;;12;VE;ISOXABEN;0,46;;
PD;17;9612;OSSICLOR 30;2949;;;12;VE;ISOXADIFEN ETHYL;8,01;;
PD;17;9627;POLTIGLIA BORDOLESE DISPERSS;550;;;12;VE;ISOXAFLUTOLE;50,03;;
PD;17;9629;FOLTAN MGD;190;;;12;VE;LAMBDA-CYHALOTHRIN;17,75;;
PD;17;9631;METRIN EC;266,5;;;12;VE;LENACIL;4,8;;
PD;17;9634;CARNIVAL;143;;;12;VE;LINURON;35,73;;
PD;17;9668;RUFAST E-FLO;37,75;;;12;VE;LUFENURON;0,35;;
PD;17;9675;PANTOX 360;216;;;12;VE;MANCOZEB;298,32;;
PD;17;9678;M70 DF;663;;;12;VE;MANDIPROPAMID;10,2;;
PD;17;9679;KRISTAL 32 WG;9;;;12;VE;MCPA;39,67;;
PD;17;9693;SPORTAK 45 EW;96;;;12;VE;MCPA SODIUM (MCPA SALE SODICO);0,6;;
PD;17;9694;SIMITAR 5 EW;28;;;12;VE;MECOPROP;83,87;;
PD;17;9705;PREVITER;45,53;;;12;VE;MECOPROP-P;0,34;;
PD;17;9723;DE-SPROUT N;1310;;;12;VE;MEFENPYR DIETHYL;6,21;;
PD;17;9724;TIOWETTING DF;5945;;;12;VE;MEPTYLDINOCAP;3,21;;
PD;17;9747;FURY;43,74;;;12;VE;MESOSULFURON METHYL;2,07;;
PD;17;9757;SPYRALE;963;;;12;VE;MESOTRIONE;50,4;;
PD;17;9758;COPRANTOL WG;457;;;12;VE;METAFLUMIZONE;0,9;;
PD;17;9767;NUFOS 7,5 G;14160;;;12;VE;METALAXYL;0,59;;
PD;17;9787;MICROBAGNABILE WG;121;;;12;VE;METALAXYL M;23,99;;
PD;17;9790;CONTATTO 320;28;;;12;VE;METALDEHYDE (METALDEIDE);166,48;;
PD;17;9793;CONTATTO TWIN;71;;;12;VE;METAM SODIUM (USI ESSENZIALI FINO AL 31.12.2014);1.266,00;;
PD;17;9794;PLANET C;210;;;12;VE;METAMITRON;35,02;;
PD;17;9797;GROLEN;23;;;12;VE;METAZACHLOR;10,52;;
PD;17;9798;CLIOPHAR 100;5;;;12;VE;METCONAZOLE;3,01;;
PD;17;9800;MAVRIK 20 EW;10,5;;;12;VE;METIRAM;143,1;;
PD;17;9802;COPRANTOL HI BIO;2151;;;12;VE;METRAFENONE;4,13;;
PD;17;9813;DICLOPYR;1;;;12;VE;METRIBUZIN;40,6;;
PD;17;9832;TREK P;389;;;12;VE;MISCELA DI METIL OLEATO E METIL PALMITATO;126,75;;
PD;17;9843;BASAGRAN SG;162;;;12;VE;MYCLOBUTANIL;6,47;;
PD;17;9867;4 STAGIONI;120,5;;;12;VE;NAA;0,1;;
PD;17;9872;AKRIS;1655;;;12;VE;NAD;0,18;;
PD;17;9900;FLAVOS;5;;;12;VE;NICOSULFURON;17;;
PD;17;9919;CONTATTO PIU' EC;40;;;12;VE;OXAMYL;1,5;;
PD;17;9938;MASTER;3;;;12;VE;OXYFLUORFEN;18;;
PD;17;9940;ZELIG GR;8810;;;12;VE;PARAFFIN OIL/(CAS 64742-46-7);127,04;;
PD;17;9941;BUMPER P;3616,4;;;12;VE;PARAFFIN OIL/(CAS 8042-47-5);886,55;;
PD;17;9954;JOKER;1429;;;12;VE;PARAFFIN OIL/(CAS 97862-82-3);735,52;;
PD;17;9963;METIDANE 22;2;;;12;VE;PENCONAZOLE;10,67;;
PD;17;9978;CARLIT;15;;;12;VE;PENDIMETHALIN;192,1;;
PD;17;9994;ARIUS SYSTEM;95;;;12;VE;PHENMEDIPHAM;2,16;;
PD;17;9995;ARIUS;99;;;12;VE;PHOSMET;0,89;;
PD;17;10005;SCOTTS WEEDCONTROL/EVERGREEN;45;;;12;VE;PINOXADEN;1,04;;
PD;17;10029;KING;4,5;;;12;VE;PIPERONYL BUTOXIDE (PIPERONIL BUTOSSIDO);0,41;;
PD;17;10048;KUMULUS TECNO;8306;;;12;VE;PIRIMICARB;0,18;;
PD;17;10049;DURSBAN 75 WG;1648;;;12;VE;POLISILOSSANO;0,05;;
PD;17;10057;ARPEL WDG;152;;;12;VE;PROCHLORAZ;159,43;;
PD;17;10080;COMET SC;72;;;12;VE;PROPAMOCARB;115,92;;
PD;17;10105;RIDOMIL GOLD SL;19;;;12;VE;PROPAMOCARB HYDROCHLORIDE;13,3;;
PD;17;10116;VAPOR GARD;7;;;12;VE;PROPAQUIZAFOP;26,87;;
PD;17;10117;STRATOS ULTRA;133;;;12;VE;PROPICONAZOLE;27,65;;
PD;17;10118;AMISTAR;1065;;;12;VE;PROPYZAMIDE;27,6;;
PD;17;10127;DECIS JET;638,38;;;12;VE;PROSULFURON;0,7;;
PD;17;10141;SOFREVAL 80 MICRO;5300;;;12;VE;PROTHIOCONAZOLE;33,46;;
PD;17;10142;VERNOIL;500;;;12;VE;PYMETROZINE;1,6;;
PD;17;10158;PIREFLOR;0,6;;;12;VE;PYRACLOSTROBIN;20,61;;
PD;17;10161;ORTIVA;278,15;;;12;VE;PYRAFLUFEN ETHYL;0,05;;
PD;17;10184;TIMBREL EV;3,5;;;12;VE;PYRETHRINS;0,2;;
PD;17;10185;ZERGAN EV;41,7;;;12;VE;PYRIDATE;0,99;;
PD;17;10199;DUKE;124;;;12;VE;PYRIMETHANIL;3,74;;
PD;17;10224;EMME-H;70;;;12;VE;PYRIPROXYFEN;0,33;;
PD;17;10230;LUMAPLUS;75;;;12;VE;PYROXSULAM;0,75;;
PD;17;10233;BORDOSEP;13;;;12;VE;QUINOXYFEN;2,91;;
PD;17;10272;CEREXIL M DG;1448;;;12;VE;QUIZALOFOP-P (QUIZALOFOP ETILE D-ISOMERO);13,97;;
PD;17;10285;TOMAHAWK;1;;;12;VE;QUIZALOFOP-P-ETILE;16,04;;
PD;17;10296;IPERION;15981;;;12;VE;RAPE SEED OIL (OLIO DI COLZA);42,1;;
PD;17;10297;SINIS 35 WG;147,5;;;12;VE;RIMSULFURON;0,91;;
PD;17;10305;OIKOS;28,04;;;12;VE;SALE SODICO DI ALCHILETERE SOLFATO;9,44;;
PD;17;10306;MISTRAL;137;;;12;VE;SILICONI;0,06;;
PD;17;10317;PLENUM;1;;;12;VE;S-METOLACHLOR;970,32;;
PD;17;10329;FORUM MZ WG;894;;;12;VE;SODIUM DIOCTYL SULFOSUCCINATE (AUTORIZZATO SOLO COME COADIUVANTE);27,63;;
PD;17;10336;ARIEL DF;0,15;;;12;VE;SORBITAN MONOLEATO;54,12;;
PD;17;10342;RIFLE 44;295;;;12;VE;SPINOSAD;5,22;;
PD;17;10350;BLAST SG;6;;;12;VE;SPIROMESIFEN;1,6;;
PD;17;10357;RIGRON SG;105;;;12;VE;SPIROTETRAMAT;0,91;;
PD;17;10372;RASIKAL QUICK;24;;;12;VE;SPIROXAMINE;8,68;;
PD;17;10373;CONTEST;602,03;;;12;VE;SULPHUR (ZOLFO);2.815,43;;
PD;17;10379;CADOU WG;1,6;;;12;VE;TEBUCONAZOLE;134;;
PD;17;10390;DIRACTIN;1;;;12;VE;TEBUFENOZIDE;0,23;;
PD;17;10404;CLINIC 360 SL;175;;;12;VE;TEFLUTHRIN;7,77;;
PD;17;10415;ARIC 480 LS;140;;;12;VE;TEMBOTRIONE;15,57;;
PD;17;10423;LUMACHICIDA VEBI;117;;;12;VE;TEPRALOXYDIM;3,18;;
PD;17;10424;VEBIGLYF;0,5;;;12;VE;TERBUTHYLAZINE;352,8;;
PD;17;10425;SCUDEX;175;;;12;VE;TETRACONAZOLE;0,31;;
PD;17;10426;PROTIL EC;234;;;12;VE;THIACLOPRID;1,41;;
PD;17;10447;NOVEL DUO;681;;;12;VE;THIAMETHOXAM;6,42;;
PD;17;10456;KLARO ULTRA;8,75;;;12;VE;THIENCARBAZONE-METHYL;16,86;;
PD;17;10461;DICOTURF;11,75;;;12;VE;THIFENSULFURON-METHYL;5,47;;
PD;17;10465;ROUNDUP MAX;12900;;;12;VE;THIOPHANATE-METHYL;42,95;;
PD;17;10471;OLOVER;5;;;12;VE;THIRAM;17,6;;
PD;17;10477;LAS VEGAS;9;;;12;VE;TOLCLOFOS-METHYL;11,44;;
PD;17;10479;NATURALIS;22;;;12;VE;TRIASULFURON;0,04;;
PD;17;10491;VEBIRAME FLOW;2;;;12;VE;TRIBASIC COPPER SULPHATE (RAME SOLFATO TRIBASICO);224,79;;
PD;17;10492;VEBIZOLFO FLOW;12;;;12;VE;TRIBENURON-METILE;3,61;;
PD;17;10494;PREMIUM TOP;1869,5;;;12;VE;TRICHODERMA ASPERELLUM;0,55;;
PD;17;10504;KELLY WG;93;;;12;VE;TRICHODERMA GAMSII;0,3;;
PD;17;10506;MYCOSTOP;0,15;;;12;VE;TRICLOPYR;21,33;;
PD;17;10509;MASTIFF ULTRA;138;;;12;VE;TRIFLOXYSTROBIN;3,27;;
PD;17;10532;TELDOR;99;;;12;VE;TRIFLUMURON;1,57;;
PD;17;10540;TERIAL 75 WG/ALISE' 75 WG;309;;;12;VE;TRIFLUSULFURON-METHYL;0,12;;
PD;17;10565;DICOTIL EXTRA;13,8;;;12;VE;TRINEXAPAC ETHYL;19,89;;
PD;17;10568;ZOOMER;914;;;12;VE;TRITOSULFURON;1,2;;
PD;17;10573;KOCIDE 2000;460;;;12;VE;ZETA CYPERMETHRIN;12,87;;
PD;17;10580;GI BIO PLUS;0,05;;;12;VE;ZIRAM;22,04;;
PD;17;10584;SHAMAL MK PLUS;90;;;12;VE;ZOXAMIDE;21,71;;
PD;17;10585;SULCOTREK;627;;;13;VE;2,4-D;76,13;;
PD;17;10587;FOLPAN SC;30;;;13;VE;2,4-D (ESTERE ISOTTILICO);3,25;;
PD;17;10595;RAME CAFFARO BLU WG;71;;;13;VE;2,4-D (SALE DIMETILAMMINICO);0,78;;
PD;17;10596;CURZATE DF;7,5;;;13;VE;3,6 dioxaeicosilsolfato;43,56;;
PD;17;10604;EMERALD 40 EW/DOMARK 40 EW;787;;;13;VE;3,6 dioxaottodecilsolfato di sodio;86,64;;
PD;17;10609;MESOZIN 35 WG;185;;;13;VE;ABAMECTIN;0,31;;
PD;17;10627;FRUPICA;31;;;13;VE;ACETAMIPRID;1,05;;
PD;17;10628;MIDAURIL MZ;80;;;13;VE;ACRINATHRIN;0,36;;
PD;17;10632;COBRE NORDOX SUPER 75 WG;160;;;13;VE;ALCOOL GRASSO ETOSSILATO;3,85;;
PD;17;10638;MANCOZEB MANICA 75 WG;490;;;13;VE;ALCOOL ISOTRIDECILICO;2,8;;
PD;17;10665;JUPITER;11;;;13;VE;ALCOOL LAURILICO POLIETOSSILATO;0,24;;
PD;17;10671;COPERNICO;320;;;13;VE;ALPHA-CYPERMETHRIN (ALPHAMETHRIN);2,18;;
PD;17;10690;FUNGIBEN COMBI;15;;;13;VE;AMETOCTRADIN;13,08;;
PD;17;10701;CUMETA FLOW;152;;;13;VE;AMINOPYRALID;2,28;;
PD;17;10715;SILGLIF NF;671;;;13;VE;AMITROLE;8,2;;
PD;17;10734;DUAL GOLD;977;;;13;VE;AZADIRACHTIN A (AZADIRACTINA A);0,31;;
PD;17;10735;PRIMAGRAM GOLD;10757;;;13;VE;AZOXYSTROBIN;119,4;;
PD;17;10741;METACINQUE;23;;;13;VE;BACILLUS AMYLOLIQUEFACIENS SUBSP. PLANTARUM D747;11,5;;
PD;17;10752;STEWARD;86,25;;;13;VE;BACILLUS SUBTILIS (CEPPO QST 713);0,13;;
PD;17;10753;FOLICUR SE;454,5;;;13;VE;BACILLUS THURINGIENSIS SOTTOSPECIE KURSTAKI 3A-3B CEPPO HD1;0,7;;
PD;17;10758;BEETUP-TRIO;75;;;13;VE;BACILLUS THURINGIENSIS SOTTOSPECIE KURSTAKI CEPPO ABTS 351;0,45;;
PD;17;10771;MOST MICRO;725,4;;;13;VE;BACILLUS THURINGIENSIS SOTTOSPECIE KURSTAKI CEPPO EG 2348;1,21;;
PD;17;10878;PANESCA;20;;;13;VE;BEAUVERIA BASSIANA;0;;
PD;17;10890;FLIPPER;3;;;13;VE;BENALAXYL;0,16;;
PD;17;10892;OSSICLOR 50 PB MANICA;940;;;13;VE;BENFLURALIN;44,74;;
PD;17;10897;AMEGA PLUS;85;;;13;VE;BENTAZONE;656,27;;
PD;17;10926;ALTOREX;97;;;13;VE;BETA-CIFLUTRIN;0,03;;
PD;17;10927;KOHINOR PLUS;25;;;13;VE;BIFENAZATE;0,3;;
PD;17;10929;CHIKARA 25 WG;2,75;;;13;VE;BIXAFEN;18,9;;
PD;17;10936;NAAK 480;55;;;13;VE;BORDEAUX MIXTURE (RAME POLTIGLIA BORDOLESE);495,78;;
PD;17;10938;MANCOSIM 75 DF;50;;;13;VE;BOSCALID;83,67;;
PD;17;10939;CP 40 AGRO;55;;;13;VE;BROMADIOLONE;0,01;;
PD;17;10944;KARATE ZEON;263,75;;;13;VE;BROMOXYNIL-FENOLO;40,46;;
PD;17;10976;METEOR;768;;;13;VE;BUPIRIMATE;4,3;;
PD;17;10999;BETANAL SE;1100;;;13;VE;BUPROFEZIN;6,76;;
PD;17;11011;DASH HC;1904;;;13;VE;CAPTANO;4;;
PD;17;11045;DODIPREV 35;82,75;;;13;VE;CARFENTRAZONE-ETHYL;0,13;;
PD;17;11047;DICOPLUS;12;;;13;VE;CHLORANTRANILIPROLE;63,3;;
PD;17;11059;BIOPOWER;595;;;13;VE;CHLORIDAZON;339,01;;
PD;17;11062;BION 50 WG;6;;;13;VE;CHLOROTHALONIL;436,95;;
PD;17;11072;WIND;62;;;13;VE;CHLORPROPHAM;11,12;;
PD;17;11076;CLINIC PRO;101;;;13;VE;CHLORPYRIFOS;330,03;;
PD;17;11077;TOP-TEAM;26;;;13;VE;CHLORPYRIFOS-METHYL;222,09;;
PD;17;11098;CADDY;1,5;;;13;VE;CIFLUTRIN;0,64;;
PD;17;11102;HELIOSOUFRE S;130,7;;;13;VE;CLODINAFOP PROPARGYL;4,64;;
PD;17;11104;CUPROFIX 30 DISPERSS;1470;;;13;VE;CLOFENTEZINE;0,11;;
PD;17;11119;FLINT;17,56;;;13;VE;CLOMAZONE;191,04;;
PD;17;11127;HOPPER BLU;366;;;13;VE;CLOPYRALID;10,46;;
PD;17;11133;SHELTER;20;;;13;VE;CLOQUINTOCET MEXYL;3,88;;
PD;17;11147;KRUG;11;;;13;VE;COPOLIMER 21;0,16;;
PD;17;11157;PROPYDOR;0,6;;;13;VE;COPPER HYDROXIDE (RAME IDROSSIDO);181,87;;
PD;17;11160;SUGARBETA PLUS SE;261;;;13;VE;COPPER OXYCHLORIDE (RAME OSSICLORURO);5.243,01;;
PD;17;11173;AVAUNT EC;527,5;;;13;VE;COPPER SULFATE (RAME SOLFATO);808,95;;
PD;17;11175;KRISTAL 32;3;;;13;VE;CYAZOFAMID;0,62;;
PD;17;11190;PENCOR 10 EC;3,74;;;13;VE;CYCLOXYDIM;111,72;;
PD;17;11196;SULFAR;5;;;13;VE;CYFLUFENAMID;0,41;;
PD;17;11204;RIZOSOL 50;85;;;13;VE;CYMOXANIL;302,88;;
PD;17;11206;CODACIDE;533,5;;;13;VE;CYPERMETHRIN;51,27;;
PD;17;11223;GALIGAN 500 SC;3;;;13;VE;CYPROCONAZOLE;27,7;;
PD;17;11231;CAPTANE 80 DF;32;;;13;VE;CYPRODINIL;32,88;;
PD;17;11243;LEOPARD 5 EC;2578;;;13;VE;CYPROSULFAMIDE;183,5;;
PD;17;11246;VENTUREX 65 DG;50;;;13;VE;DAMINOZIDE;0,85;;
PD;17;11253;CALLISTO;1750;;;13;VE;DAZOMET;59,4;;
PD;17;11255;DIVAM FLOW;5;;;13;VE;DB-2,4;1,33;;
PD;17;11257;COSTAR WG;2,25;;;13;VE;DELTAMETHRIN;28,01;;
PD;17;11282;KEMIFAM TRIO FL;376;;;13;VE;DENATHONIUM BENZOATE (DENATONIO BENZOATO);0,68;;
PD;17;11301;SPHERE;285;;;13;VE;DESMEDIPHAM;17,43;;
PD;17;11307;AGRIRAT;185;;;13;VE;DICAMBA;435,4;;
PD;17;11310;CHIMIGOR 20;482;;;13;VE;DICAMBA SALE DIMETILAMMINICO;0,79;;
PD;17;11313;PROXAN SL;1;;;13;VE;DICAMBA SALE SODICO;2;;
PD;17;11339;THIOVIT;1110;;;13;VE;DIFENOCONAZOLE;37,75;;
PD;17;11341;STARANE GOLD;1618;;;13;VE;DIMETHENAMID-P;9,46;;
PD;17;11345;ZOLVIS 80 WDG;6479;;;13;VE;DIMETHOATE;24;;
PD;17;11353;FUSILADE MAX;904;;;13;VE;DIMETHOMORPH;587,03;;
PD;17;11359;SARCAP 800;400;;;13;VE;DIQUAT;9,2;;
PD;17;11360;GRIP 25;0,05;;;13;VE;DITHIANON;15,4;;
PD;17;11374;BAGNANTE AGN L;30;;;13;VE;DODINE;109,75;;
PD;17;11382;GARDENE PLUS;184,5;;;13;VE;EMAMECTIN BENZOATE;1,03;;
PD;17;11393;BEETLE;19;;;13;VE;EPOXICONAZOLE;7;;
PD;17;11396;WIRK;30;;;13;VE;ESFENVALERATE;0,09;;
PD;17;11400;ADINA 10;0,16;;;13;VE;ETHOFUMESATE;108,69;;
PD;17;11402;MELODY CARE;10;;;13;VE;ETOFENPROX;8,78;;
PD;17;11403;MELODY COMPACT;1236,5;;;13;VE;ETOXAZOLE;0,17;;
PD;17;11416;OVIPRON TOP;603;;;13;VE;FATTY ACIDS C7-C18 AND C18 AND UNSATURATED POTASSIUM SALTS (SALI POTASSICI DI ACIDI GRASSI);1,84;;
PD;17;11418;ROUNDUP 450 PLUS;1394;;;13;VE;FENAMIDONE;22,28;;
PD;17;11437;MELODY TRIO WG;12;;;13;VE;FENHEXAMID;27,35;;
PD;17;11448;KICKER;51;;;13;VE;FENOXAPROP-P-ETHYL;3,08;;
PD;17;11449;GARDOPRIM GOLD;20;;;13;VE;FENPROPIDIN;37,24;;
PD;17;11479;BRANCHER DIRADO;24;;;13;VE;FERRIC PHOSPHATE (FOSFATO FERRICO);2,24;;
PD;17;11497;CRITTOVIT WG;3041;;;13;VE;FLAZASULFURON;0,01;;
PD;17;11499;BUSTER;1,2;;;13;VE;FLONICAMID;0,12;;
PD;17;11505;READY GERMIPLUS;42;;;13;VE;FLORASULAM;1,02;;
PD;17;11523;SEPRADINA SC;300,25;;;13;VE;FLUAZIFOP-P-BUTYL;14,93;;
PD;17;11525;FUNGIDINA;105,5;;;13;VE;FLUAZINAM;2,4;;
PD;17;11526;SULTAN;161;;;13;VE;FLUDIOXONIL;21,25;;
PD;17;11527;PYRINEX QUICK;107,15;;;13;VE;FLUFENACET;64,68;;
PD;17;11534;BIOTIOL;4;;;13;VE;FLUOPICOLIDE;32,6;;
PD;17;11548;ISONET L;193;;;13;VE;FLUROXYPYR;56,47;;
PD;17;11556;RAK 5+6;2772;;;13;VE;FLUTRIAFOL;2,09;;
PD;17;11558;RAK 3+4;11;;;13;VE;FLUVALINATE;4,69;;
PD;17;11560;REGALIS;15;;;13;VE;FOLPET;72,4;;
PD;17;11561;NEEMAZAL T/S;65;;;13;VE;FORAMSULFURON;6,28;;
PD;17;11569;CUPROXAT S.D.I.;1097;;;13;VE;FOSETYL-ALUMINIUM;1.137,82;;
PD;17;11586;TOP-AGAN;412;;;13;VE;GIBBERELLIC ACID (ACIDO GIBBERELLICO A3);0,18;;
PD;17;11587;CAMBEL S;205;;;13;VE;GLUFOSINATE-AMMONIUM;70,2;;
PD;17;11596;CALYPSO;17,5;;;13;VE;GLYPHOSATE (GLIFOSATE);11.047,34;;
PD;17;11600;CRUISER 350 FS;32,5;;;13;VE;GLYPHOSATE ISOPROPYLAMINE (GLIFOSATE SALE ISOPROPILAMINICO);12,7;;
PD;17;11611;VYDATE 10L;125;;;13;VE;HEXYTHIAZOX;1,77;;
PD;17;11614;ACTARA 25 WG;152,29;;;13;VE;IMAZAMOX;154,54;;
PD;17;11619;TIOFLOR WDG;2420;;;13;VE;IMIDACLOPRID;77,11;;
PD;17;11626;PITSTOP;40,5;;;13;VE;INDOXACARB;65,41;;
PD;17;11637;CUPROFIX C DISPERSS;1600;;;13;VE;IODOSULFURON METHYL SODIUM;1,91;;
PD;17;11642;PIKAR;17;;;13;VE;IOXYNIL OCTANOATE;0,29;;
PD;17;11649;COMMAND 36 CS;210,75;;;13;VE;IPRODIONE;16,51;;
PD;17;11653;FOLIO GOLD 537,5 SC;125;;;13;VE;IPROVALICARB;43,28;;
PD;17;11654;GRIZZLY EC;12;;;13;VE;ISOXABEN;0,68;;
PD;17;11659;HERBITOTAL S;11;;;13;VE;ISOXADIFEN ETHYL;25,33;;
PD;17;11660;SHOGUN;1496;;;13;VE;ISOXAFLUTOLE;273,35;;
PD;17;11666;FASER;46;;;13;VE;LAMBDA-CYHALOTHRIN;169,01;;
PD;17;11668;PLENUM 50 WG;3,2;;;13;VE;LENACIL;32,8;;
PD;17;11678;ACTELLIC 2P NEWPHARM;43;;;13;VE;LINURON;84,6;;
PD;17;11680;CICLONE;1550;;;13;VE;LUFENURON;0,09;;
PD;17;11684;ACTELLIC 25 NEWPHARM;1;;;13;VE;MALEIC HYDRAZIDE (IDRAZIDE MALEICA);4,83;;
PD;17;11687;ACTELLIC 5 NEWPHARM;10;;;13;VE;MANCOZEB;688,29;;
PD;17;11690;GOAL 480 SC;19,5;;;13;VE;MANDIPROPAMID;14,63;;
PD;17;11693;LASER;63;;;13;VE;MCPA;181,58;;
PD;17;11694;CONSERVE SC;0,36;;;13;VE;MCPA SODIUM (MCPA SALE SODICO);6,35;;
PD;17;11698;MINUET;103,02;;;13;VE;MECOPROP;16,25;;
PD;17;11710;GARDIUS;13,25;;;13;VE;MECOPROP-P;2,94;;
PD;17;11711;DUKE IDROSSIDO;50;;;13;VE;MEFENPYR DIETHYL;9,22;;
PD;17;11735;DELICIA CONTRA-LUMACHE;1,8;;;13;VE;MEPTYLDINOCAP;1,07;;
PD;17;11752;ENVIDOR 240 SC;1;;;13;VE;MESOSULFURON METHYL;3,07;;
PD;17;11760;POLITHIOL;230;;;13;VE;MESOTRIONE;138,76;;
PD;17;11762;FORUM STAR;30;;;13;VE;METAFLUMIZONE;0,35;;
PD;17;11779;KOP-TWIN;10;;;13;VE;METALAXYL;6,15;;
PD;17;11786;AQ 10 WG;2,1;;;13;VE;METALAXYL M;15,73;;
PD;17;11788;NEMACUR 240 CS;5;;;13;VE;METALDEHYDE (METALDEIDE);406,97;;
PD;17;11789;MANAGER;6;;;13;VE;METAM POTASSIUM (USI ESSENZIALI FINO AL 31.12.2014);232,1;;
PD;17;11794;STOPPER;12,5;;;13;VE;METAM SODIUM (USI ESSENZIALI FINO AL 31.12.2014);844;;
PD;17;11814;SPADA 200 EC;22,2;;;13;VE;METAMITRON;557,92;;
PD;17;11821;WEEDAZOL TL;20;;;13;VE;METAZACHLOR;13,65;;
PD;17;11862;LOBBY;107;;;13;VE;METCONAZOLE;4,64;;
PD;17;11872;RIFLE 4-24 R;265;;;13;VE;METHIOCARB;3,74;;
PD;17;11883;CURIT;3;;;13;VE;METHOMYL;4,5;;
PD;17;11885;ELICIO;2;;;13;VE;METIRAM;1.325,33;;
PD;17;11894;GRANEX;17,25;;;13;VE;METOSULAM;0;;
PD;17;11908;VENTUREX 35 L;15,45;;;13;VE;METRAFENONE;3,6;;
PD;17;11921;RISCIO' 50 WP/RISCIO';2;;;13;VE;METRIBUZIN;245,32;;
PD;17;11922;MYRTOS SL;67;;;13;VE;MISCELA DI METIL OLEATO E METIL PALMITATO;240;;
PD;17;11931;MANZEB 75 WG;175;;;13;VE;MYCLOBUTANIL;1,1;;
PD;17;11944;ASPECT;100;;;13;VE;NAA;0,01;;
PD;17;11954;TERMINAL DUO;6;;;13;VE;NAD;0;;
PD;17;11964;POLTIGLIA CAFFARO 20 GD;357;;;13;VE;N-DECANOLO (1-DECANOLO);158;;
PD;17;11977;SULFUR 80 WG;130;;;13;VE;NICOSULFURON;106,28;;
PD;17;11979;BORDO 20 MICRO;18,7;;;13;VE;NONIL-FENIL-POLIOSSIETILENE ETANOLO;1,6;;
PD;17;11991;NEEMIK;76;;;13;VE;OXADIAZON;3,03;;
PD;17;12010;TUAREG;4446;;;13;VE;OXAMYL;1,5;;
PD;17;12017;COSMOS;15;;;13;VE;OXYFLUORFEN;33,17;;
PD;17;12019;BBS 25 WG;120;;;13;VE;PARAFFIN OIL/(CAS 64742-46-7);180,3;;
PD;17;12020;SUCCESS;68,8;;;13;VE;PARAFFIN OIL/(CAS 8042-47-5);1.728,94;;
PD;17;12023;MEGIC;352;;;13;VE;PARAFFIN OIL/(CAS 97862-82-3);780,29;;
PD;17;12030;SNOW;17;;;13;VE;PELARGONIC ACID (ACIDO PELARGONICO);0,05;;
PD;17;12037;CAMIX;145;;;13;VE;PENCONAZOLE;14,15;;
PD;17;12040;BORDOFLOW;88;;;13;VE;PENDIMETHALIN;1.228,90;;
PD;17;12041;MARTOS;101;;;13;VE;PHENMEDIPHAM;73,02;;
PD;17;12043;PREVICUR ENERGY;30,55;;;13;VE;PHOSMET;20,02;;
PD;17;12048;TIOSOL 80 WG;6834;;;13;VE;PINOXADEN;6;;
PD;17;12067;CIPER;78,25;;;13;VE;PIPERONYL BUTOXIDE (PIPERONIL BUTOSSIDO);0,93;;
PD;17;12068;TEFLUSTAR;9275,8;;;13;VE;PIRIMICARB;0,88;;
PD;17;12069;EPIK;100,1;;;13;VE;PIRIMIPHOS METHYL;0,7;;
PD;17;12083;DANADIM PROGRESS;74,65;;;13;VE;POLISILOSSANO;0,47;;
PD;17;12084;GALEO;26,5;;;13;VE;POTASSIUM HYDROGEN CARBONATE (IDROGENOCARBONATO DI POTASSIO);51;;
PD;17;12096;POLTIGLIA DISPERSS;7712;;;13;VE;PROCHLORAZ;603,75;;
PD;17;12100;ASSET;229;;;13;VE;PROPAMOCARB;55,65;;
PD;17;12114;AUXIGER LG;0,2;;;13;VE;PROPAMOCARB HYDROCHLORIDE;1,06;;
PD;17;12115;BARRACUDA;72;;;13;VE;PROPAQUIZAFOP;266,36;;
PD;17;12133;JUVINAL 10 EC;12;;;13;VE;PROPICONAZOLE;89,98;;
PD;17;12136;VERITAS;155;;;13;VE;PROPYZAMIDE;88,9;;
PD;17;12138;R6 ERRESEI TREVI;186;;;13;VE;PROSULFURON;1,55;;
PD;17;12172;FERRAMOL;164,1;;;13;VE;PROTHIOCONAZOLE;64,29;;
PD;17;12174;V.I.P. FLOW;1760;;;13;VE;PYMETROZINE;0,3;;
PD;17;12192;GRANSTAR 50 SX;0,7;;;13;VE;PYRACLOSTROBIN;59,92;;
PD;17;12199;SILBOT MZ 60;700;;;13;VE;PYRAFLUFEN ETHYL;0,05;;
PD;17;12200;SILBOT R/DYMO R;467;;;13;VE;PYRETHRIN I;0,39;;
PD;17;12207;ROUNDUP K QUATTROCENTO 50;40;;;13;VE;PYRETHRINS;1,01;;
PD;17;12212;PENTHIUM EC;1;;;13;VE;PYRIDABEN;0,78;;
PD;17;12215;VEBIPHOS 7,5;171,5;;;13;VE;PYRIDATE;2,88;;
PD;17;12225;TEPPEKI;21,18;;;13;VE;PYRIMETHANIL;32,29;;
PD;17;12243;MANTIR DG;290;;;13;VE;PYROXSULAM;1,88;;
PD;17;12245;ROUNDUP 360 POWER;12240;;;13;VE;QUIZALOFOP-P (QUIZALOFOP ETILE D-ISOMERO);93,86;;
PD;17;12272;MAGNET OLI;321;;;13;VE;QUIZALOFOP-P-ETILE;28,24;;
PD;17;12298;GUNNER SC;76;;;13;VE;RAPE SEED OIL (OLIO DI COLZA);76,15;;
PD;17;12313;TOPAS HOBBY;0,09;;;13;VE;RIMSULFURON;2,68;;
PD;17;12314;SCORE HOBBY;0,12;;;13;VE;SALE SODICO DI ALCHILETERE SOLFATO;9,95;;
PD;17;12315;ORTIVA HOBBY;0,05;;;13;VE;SILICONI;0,1;;
PD;17;12317;DACOL L 20;666;;;13;VE;S-METOLACHLOR;4.897,52;;
PD;17;12318;VIVER;315;;;13;VE;SODIUM DIOCTYL SULFOSUCCINATE (AUTORIZZATO SOLO COME COADIUVANTE);5,49;;
PD;17;12322;SWITCH HOBBY/COMPO MUFFA STOP;0,22;;;13;VE;SORBITAN MONOLEATO;218,64;;
PD;17;12323;VEBIZOLFO WG;5;;;13;VE;SPINOSAD;6,71;;
PD;17;12325;MESUROL M PLUS;116;;;13;VE;SPIROTETRAMAT;2,79;;
PD;17;12330;DEDALUS SE;1799,7;;;13;VE;SPIROXAMINE;7,13;;
PD;17;12344;VEBITHRIN 5 EC;2,3;;;13;VE;SULCOTRIONE;29,79;;
PD;17;12361;ALGEDI;138;;;13;VE;SULPHUR (ZOLFO);15.082,90;;
PD;17;12368;CARPOSTOP;10;;;13;VE;TEBUCONAZOLE;269,26;;
PD;17;12375;SUGAR 500 SC;690;;;13;VE;TEFLUTHRIN;11,23;;
PD;17;12383;RIDOMIL GOLD MZ PEPITE;2439;;;13;VE;TEMBOTRIONE;37,24;;
PD;17;12394;AGRO METAZACHLOR;71;;;13;VE;TEPRALOXYDIM;13,41;;
PD;17;12395;CUTRIL TOP;630;;;13;VE;TERBUTHYLAZINE;1.169,01;;
PD;17;12399;GANZO;3;;;13;VE;TETRACONAZOLE;14,33;;
PD;17;12406;PLIS;4,5;;;13;VE;THIACLOPRID;2,22;;
PD;17;12437;DELAN 70 WG;1153;;;13;VE;THIAMETHOXAM;4,63;;
PD;17;12452;EQUIP;3063;;;13;VE;THIENCARBAZONE-METHYL;102,69;;
PD;17;12453;MILDICUT;237;;;13;VE;THIFENSULFURON-METHYL;3.357,11;;
PD;17;12459;VOLCAN SC;630;;;13;VE;THIOPHANATE-METHYL;173,62;;
PD;17;12482;LUMAX;12345;;;13;VE;TOLCLOFOS-METHYL;80,3;;
PD;17;12491;CIPERTHRIN PLUS;194;;;13;VE;TRIASULFURON;0,05;;
PD;17;12504;FLOWBRIX;4378;;;13;VE;TRIBASIC COPPER SULPHATE (RAME SOLFATO TRIBASICO);960,69;;
PD;17;12505;FLOWBRIX BLU;684;;;13;VE;TRIBENURON-METILE;3.348,93;;
PD;17;12519;CORSARIO;61;;;13;VE;TRICHODERMA ASPERELLUM;0,08;;
PD;17;12528;CABRIO TOP;6;;;13;VE;TRICHODERMA GAMSII;0,08;;
PD;17;12534;FOXTAIL;131,55;;;13;VE;TRICLOPYR;29,13;;
PD;17;12538;MYSTIC 25 WG;11,5;;;13;VE;TRIFLOXYSTROBIN;14,89;;
PD;17;12540;REGRAN SL;13;;;13;VE;TRIFLUMURON;0,39;;
PD;17;12560;METHIOR;24;;;13;VE;TRIFLUSULFURON-METHYL;4,68;;
PD;17;12561;MILLENIUM;4;;;13;VE;TRINEXAPAC ETHYL;5,1;;
PD;17;12564;ELECTIS MZ;27;;;13;VE;TRISILOSSANO ETOSSILATO PROPOSSILATO;0,94;;
PD;17;12566;PYGANIC 1.4;4,13;;;13;VE;TRITOSULFURON;0,05;;
PD;17;12573;EKO OIL SPRAY;2072,75;;;13;VE;ZETA CYPERMETHRIN;58,56;;
PD;17;12590;DIASTAR MAXI;3770;;;13;VE;ZIRAM;137,56;;
PD;17;12598;GRANSTAR POWER SX;218;;;13;VE;ZOXAMIDE;10,05;;
PD;17;12622;QUANTUM;775,5;;;14;VE;1,3-DICHLOROPROPENE;30.768,40;;
PD;17;12625;EFUZIN 355 SC/FULLDINA 35 FL;434;;;14;VE;2,4-D;14,77;;
PD;17;12628;SERENADE MAX;26;;;14;VE;3,6 dioxaeicosilsolfato;1,8;;
PD;17;12629;BUGGY 360 SG N.E.T.;1453,25;;;14;VE;3,6 dioxaottodecilsolfato di sodio;3,58;;
PD;17;12636;QUASAR 6/24 R;1064;;;14;VE;6-BENZYLADENINE;0,18;;
PD;17;12647;GLITTER;562;;;14;VE;ABAMECTIN;2,5;;
PD;17;12650;NUPRID 200 SL;0,89;;;14;VE;ACETAMIPRID;0,3;;
PD;17;12654;SPINTOR;8;;;14;VE;ACIBENZOLAR-S-METHYL;4;;
PD;17;12670;RISOLUTIV SL;1205;;;14;VE;ACLONIFEN;35,71;;
PD;17;12671;HARMONY 50 SX;64,35;;;14;VE;ACRINATHRIN;1,41;;
PD;17;12686;CHAMAN;240;;;14;VE;ALCOOL ISOTRIDECILICO;39;;
PD;17;12696;TEBUZOL S DISPERSS;593;;;14;VE;ALPHA-CYPERMETHRIN (ALPHAMETHRIN);13,78;;
PD;17;12717;CYPER SC;11;;;14;VE;AMINOPYRALID;0,02;;
PD;17;12722;OSSICLOR 20 FLOW;1091,6;;;14;VE;AMITROLE;12,12;;
PD;17;12723;OSSICLOR 20 BLU FLOW;24;;;14;VE;AZADIRACHTIN A (AZADIRACTINA A);0,01;;
PD;17;12734;JUPITER R DF;330,84;;;14;VE;AZOXYSTROBIN;317,32;;
PD;17;12737;AIRONE PIU';2296;;;14;VE;BACILLUS THURINGIENSIS SOTTOSPECIE KURSTAKI CEPPO ABTS 351;1,86;;
PD;17;12746;DITHANE M-45 WP;575;;;14;VE;BACILLUS THURINGIENSIS SOTTOSPECIE KURSTAKI CEPPO SA 12;0,68;;
PD;17;12747;CUPRAVIT BLU WG;307,5;;;14;VE;BENFLURALIN;286,46;;
PD;17;12748;GRIFON PIU';670;;;14;VE;BENTAZONE;664,96;;
PD;17;12754;KUPRUM TOP 30 WG;2;;;14;VE;BIXAFEN;35,1;;
PD;17;12756;DICOTEX;19,2;;;14;VE;BORDEAUX MIXTURE (RAME POLTIGLIA BORDOLESE);72,6;;
PD;17;12759;OSSICLOR 35 WG;444;;;14;VE;BOSCALID;307,58;;
PD;17;12768;SPINTOR FLY;25,75;;;14;VE;CARFENTRAZONE-ETHYL;0,59;;
PD;17;12770;ALAR 85 GOLD;44;;;14;VE;CHLORANTRANILIPROLE;113,91;;
PD;17;12778;PASTA SIAPA F NC;187;;;14;VE;CHLORIDAZON;69,51;;
PD;17;12779;RAMEDIT COMBI WG;3704;;;14;VE;CHLOROTHALONIL;146,12;;
PD;17;12780;PASTA SIAPA F BLU;16;;;14;VE;CHLORPROPHAM;7,8;;
PD;17;12783;ENOVIT METIL FLO;60;;;14;VE;CHLORPYRIFOS;539,9;;
PD;17;12784;FARO WG;65;;;14;VE;CHLORPYRIFOS-METHYL;25,53;;
PD;17;12785;CHECKMATE CM-XL;1459;;;14;VE;CIFLUTRIN;0,13;;
PD;17;12790;IMPACT 250 SC;4;;;14;VE;CLODINAFOP PROPARGYL;8,53;;
PD;17;12806;FEDOR;344;;;14;VE;CLOMAZONE;4,22;;
PD;17;12808;GLOBAL SC;1,1;;;14;VE;CLOPYRALID;1,87;;
PD;17;12813;AMISTAR XTRA;1442;;;14;VE;CLOQUINTOCET MEXYL;3,77;;
PD;17;12824;MERLIN EXPERT;1;;;14;VE;COPPER HYDROXIDE (RAME IDROSSIDO);650,28;;
PD;17;12828;SITOFEX;6;;;14;VE;COPPER OXYCHLORIDE (RAME OSSICLORURO);1.772,31;;
PD;17;12832;OPERA;1432;;;14;VE;COPPER SULFATE (RAME SOLFATO);1.207,60;;
PD;17;12837;ARIUS SYSTEM PLUS;598;;;14;VE;CYCLOXYDIM;402,88;;
PD;17;12843;CHECKMATE CM-F;0,74;;;14;VE;CYDIA POMONELLA GRANULOSIS VIRUS;0,14;;
PD;17;12844;CHECKMATE OFM-F;0,78;;;14;VE;CYFLUFENAMID;3,32;;
PD;17;12849;BENPROP PRO/GEMINI;126;;;14;VE;CYMOXANIL;73,16;;
PD;17;12857;PROREX;16;;;14;VE;CYPERMETHRIN;94,47;;
PD;17;12858;PRODIGY;80;;;14;VE;CYPROCONAZOLE;37,1;;
PD;17;12859;BORNEO;15,83;;;14;VE;CYPRODINIL;78,71;;
PD;17;12860;MILBEKNOCK;6;;;14;VE;CYPROSULFAMIDE;14,87;;
PD;17;12862;CANTUS;29;;;14;VE;CYROMAZINE (CIROMAZINA);0,79;;
PD;17;12863;FLORAMITE 240 SC;6,25;;;14;VE;DAZOMET;9.207,00;;
PD;17;12865;DANTOP 50 WG;0,4;;;14;VE;DELTAMETHRIN;27,95;;
PD;17;12866;COLLIS;39;;;14;VE;DENATHONIUM BENZOATE (DENATONIO BENZOATO);0,05;;
PD;17;12868;BELLIS;97;;;14;VE;DESMEDIPHAM;9,11;;
PD;17;12869;SIGNUM;746;;;14;VE;DICAMBA;611,89;;
PD;17;12878;RIDOMIL GOLD COMBI PEPITE;2520;;;14;VE;DICAMBA SALE DIMETILAMMINICO;0,65;;
PD;17;12880;ATLANTIS WG;18;;;14;VE;DICAMBA SALE SODICO;53,21;;
PD;17;12881;HUSSAR MAXX;33;;;14;VE;DIFENOCONAZOLE;63,67;;
PD;17;12883;PROSPER 300 CS;2462;;;14;VE;DIFLUBENZURON;9,04;;
PD;17;12886;KARATHANE STAR;510;;;14;VE;DIMETHOATE;78,52;;
PD;17;12888;LEPINOX PLUS;84;;;14;VE;DIMETHOMORPH;78,37;;
PD;17;12889;PICKER SC;0,4;;;14;VE;DIQUAT;134,13;;
PD;17;12903;DOLESE WG;29;;;14;VE;DITHIANON;14;;
PD;17;12916;CYMONE 25 WP;10;;;14;VE;DODINE;111,08;;
PD;17;12924;JUPITER WG;530;;;14;VE;EMAMECTIN BENZOATE;5,75;;
PD;17;12933;MOXYL 20 WP;85;;;14;VE;EPOXICONAZOLE;22,42;;
PD;17;12940;KARATE ZEON 1.5;1641,5;;;14;VE;ETHEPHON;42,77;;
PD;17;12953;ARAMO 50;1302;;;14;VE;ETHOFUMESATE;55,44;;
PD;17;12992;BAGNANTE PLUS;312;;;14;VE;ETHOPROPHOS;27;;
PD;17;13005;PROMAG;0,1;;;14;VE;ETOFENPROX;1,5;;
PD;17;13025;MYSTIC 250 EW;4;;;14;VE;ETOXAZOLE;0,01;;
PD;17;13026;SUSCON;0,2;;;14;VE;FENAMIDONE;6,52;;
PD;17;13039;POTCLEAN 2G;166;;;14;VE;FENHEXAMID;22,63;;
PD;17;13049;SULCOGAN;239;;;14;VE;FENOXAPROP-P-ETHYL;0,05;;
PD;17;13055;MACHO;20;;;14;VE;FENPROPIDIN;48,64;;
PD;17;13058;OSSIRAM 20 FLOW;8,5;;;14;VE;FERRIC PHOSPHATE (FOSFATO FERRICO);0,11;;
PD;17;13061;BIOBIT DF;30;;;14;VE;FLAZASULFURON;0,3;;
PD;17;13062;DIPEL DF;12;;;14;VE;FLORASULAM;1,95;;
PD;17;13063;REGULEX 10 SG;1;;;14;VE;FLUAZIFOP-P-BUTYL;8,84;;
PD;17;13064;VITENE ULTRA SC;51;;;14;VE;FLUAZINAM;8,69;;
PD;17;13065;DOMARK 125;42,5;;;14;VE;FLUDIOXONIL;52,48;;
PD;17;13071;SIAFEN;15;;;14;VE;FLUFENACET;12,6;;
PD;17;13072;MANNIX;9,5;;;14;VE;FLUOPICOLIDE;4,7;;
PD;17;13084;TELDOR PLUS;769,3;;;14;VE;FLUROXYPYR;35,26;;
PD;17;13093;STOMP AQUA;2104;;;14;VE;FLUTRIAFOL;8,53;;
PD;17;13098;ROUNDUP POWER 2.0;361;;;14;VE;FLUVALINATE;8,99;;
PD;17;13106;IKANOS;151;;;14;VE;FOLPET;205,55;;
PD;17;13107;BINAL CB;815;;;14;VE;FORAMSULFURON;4,72;;
PD;17;13111;THIOCUR FORTE;137,5;;;14;VE;FORMETANATE;6;;
PD;17;13126;CABRIO DUO;95;;;14;VE;FOSETYL-ALUMINIUM;388,64;;
PD;17;13127;VALIS F;130;;;14;VE;GIBBERELLINS (A4+A7);0,18;;
PD;17;13128;GOLTIX 50 WG;2586;;;14;VE;GLUFOSINATE-AMMONIUM;71,1;;
PD;17;13129;BREAK-THRU S240;19;;;14;VE;GLYPHOSATE (GLIFOSATE);5.133,92;;
PD;17;13130;GUNNER WG;71;;;14;VE;GLYPHOSATE ISOPROPYLAMINE (GLIFOSATE SALE ISOPROPILAMINICO);3,2;;
PD;17;13133;NIBER 35 WG;200;;;14;VE;HEXYTHIAZOX;0,05;;
PD;17;13143;MEZENE WG;491;;;14;VE;IMAZAMOX;122,28;;
PD;17;13149;POLTIGLIA MANICA 20 WG;665;;;14;VE;IMIDACLOPRID;31,67;;
PD;17;13150;CURAME 35 WG;779;;;14;VE;INDOXACARB;30,59;;
PD;17;13153;BANVEL S;1882;;;14;VE;IODOSULFURON METHYL SODIUM;0,06;;
PD;17;13158;REMEDIER;47;;;14;VE;IOXYNIL OCTANOATE;2,3;;
PD;17;13160;FORUM TOP;720;;;14;VE;IPRODIONE;40,18;;
PD;17;13167;POMARSOL 80 WG;1009;;;14;VE;IPROVALICARB;20,51;;
PD;17;13168;LAUDIS;5187;;;14;VE;ISOXABEN;9,1;;
PD;17;13172;CREW 40 OD;292;;;14;VE;ISOXADIFEN ETHYL;203,33;;
PD;17;13186;TITUS MAIS EXTRA;88,52;;;14;VE;ISOXAFLUTOLE;16,8;;
PD;17;13205;ZOLFO MANICA SCORREVOLE DOPPIO RAFFINATO;8617;;;14;VE;KRESOXIM METHYL;1;;
PD;17;13212;CONFIDOR 200 O-TEQ;32;;;14;VE;LAMBDA-CYHALOTHRIN;84,28;;
PD;17;13213;R6 ERRESEI ALBIS;4053;;;14;VE;LENACIL;30,8;;
PD;17;13222;DUOKAR 4,5 EW PRO;306;;;14;VE;LINURON;150,02;;
PD;17;13236;BULLET;436;;;14;VE;LUFENURON;0,09;;
PD;17;13242;NICOGAN V.O.;118;;;14;VE;MANCOZEB;1.600,57;;
PD;17;13244;ZOLFO VENTILATO STELLA;8535;;;14;VE;MANDIPROPAMID;36,2;;
PD;17;13249;ZOLFO VENTILATO STELLA RAMATO S;3250;;;14;VE;MCPA;136,61;;
PD;17;13250;ZOLFO VENTILATO STELLA RAMATO B;975;;;14;VE;MCPA SODIUM (MCPA SALE SODICO);1,6;;
PD;17;13253;PLAYER SC;1426;;;14;VE;MECOPROP-P;0,12;;
PD;17;13255;PLAYER GR;137;;;14;VE;MEFENPYR DIETHYL;0,9;;
PD;17;13263;BORDORAM 20 WG;1,4;;;14;VE;MESOSULFURON METHYL;0,3;;
PD;17;13267;IMPERO;12;;;14;VE;MESOTRIONE;299,94;;
PD;17;13283;GARAK;130;;;14;VE;METAFLUMIZONE;0,27;;
PD;17;13290;ZOLFO MANICA DOPPIO RAFFINATO VENTILATO RAMATO 3% NEW;375;;;14;VE;METALAXYL;0,05;;
PD;17;13296;POKER 7,5;1028;;;14;VE;METALAXYL M;62,8;;
PD;17;13297;TRAPPER GR;3;;;14;VE;METALDEHYDE (METALDEIDE);83,17;;
PD;17;13299;MAGIO';203;;;14;VE;METAM SODIUM (USI ESSENZIALI FINO AL 31.12.2014);22.750,44;;
PD;17;13309;DRAKE 26;57;;;14;VE;METAMITRON;300,72;;
PD;17;13313;CASPER;24;;;14;VE;METAZACHLOR;29,77;;
PD;17;13316;MERLIN GOLD;9;;;14;VE;METCONAZOLE;1,46;;
PD;17;13323;SULFY 80 WDG;2,8;;;14;VE;METHIOCARB;3,2;;
PD;17;13324;CUPRIZOL S;14,75;;;14;VE;METHOMYL;1,5;;
PD;17;13327;GRANSTAR ULTRA SX;93,55;;;14;VE;METIRAM;64,55;;
PD;17;13348;SARCAP 80 WG;33;;;14;VE;METRAFENONE;0,21;;
PD;17;13352;DIREX 7,5 GR;590;;;14;VE;METRIBUZIN;44,63;;
PD;17;13355;TRONE;56;;;14;VE;MISCELA DI METIL OLEATO E METIL PALMITATO;340,13;;
PD;17;13361;DECIS ENERGY O-TEQ;40,08;;;14;VE;MYCLOBUTANIL;0,03;;
PD;17;13365;ZOLFO DOPPIO VENTILATO SCORREVOLE 95% S ZOLFINDUSTRIA;6;;;14;VE;NAA;0,01;;
PD;17;13367;DIVO;13;;;14;VE;NICOSULFURON;308,56;;
PD;17;13370;WARRANT 200 SL;49,2;;;14;VE;OXADIAZON;2,44;;
PD;17;13375;NUPRID 200 SC;336,25;;;14;VE;OXAMYL;48,5;;
PD;17;13382;PERGADO SC;428,5;;;14;VE;OXYFLUORFEN;2,57;;
PD;17;13385;PROLINE;73;;;14;VE;PARAFFIN OIL/(CAS 64742-46-7);258,63;;
PD;17;13386;PROSARO;957;;;14;VE;PARAFFIN OIL/(CAS 8042-47-5);631,35;;
PD;17;13387;FLORAMIX;66,78;;;14;VE;PARAFFIN OIL/(CAS 97862-82-3);285,62;;
PD;17;13389;AFFIRM;860;;;14;VE;PENCONAZOLE;7,72;;
PD;17;13390;TEBUSIP 46;139;;;14;VE;PENDIMETHALIN;1.020,15;;
PD;17;13402;LUMA-KL;15;;;14;VE;PHENMEDIPHAM;46,89;;
PD;17;13403;GLOXY;58;;;14;VE;PICOXYSTROBIN;15,3;;
PD;17;13409;SILFUR WG;272;;;14;VE;PINOXADEN;8;;
PD;17;13410;FRUTTENE 76 WG;586;;;14;VE;PIPERONYL BUTOXIDE (PIPERONIL BUTOSSIDO);0,96;;
PD;17;13414;ARES 5 SC;20;;;14;VE;PIRIMICARB;12,08;;
PD;17;13417;HERCULES;10;;;14;VE;POLISILOSSANO;6,03;;
PD;17;13440;SATEL;2;;;14;VE;POTASSIUM HYDROGEN CARBONATE (IDROGENOCARBONATO DI POTASSIO);17;;
PD;17;13451;SPARVIERO;16;;;14;VE;PROCHLORAZ;358,98;;
PD;17;13455;ANTIGRAM GOLD;414;;;14;VE;PROPAMOCARB;219,65;;
PD;17;13466;SPOTLIGHT PLUS;23;;;14;VE;PROPAQUIZAFOP;146,37;;
PD;17;13468;CLINER;12,05;;;14;VE;PROPICONAZOLE;63,8;;
PD;17;13472;ALIEN;160;;;14;VE;PROPINEB;4,9;;
PD;17;13477;APHID/ZORRO;5;;;14;VE;PROPYZAMIDE;922,14;;
PD;17;13486;JUDO;24;;;14;VE;PROSULFURON;0,7;;
PD;17;13489;CYMBAL;15,5;;;14;VE;PROTHIOCONAZOLE;53,47;;
PD;17;13505;CLICK DUO;550;;;14;VE;PYRACLOSTROBIN;139,07;;
PD;17;13521;HELIOCUIVRE S;70,1;;;14;VE;PYRETHRIN I;0,33;;
PD;17;13540;QUASAR R FLOW;56;;;14;VE;PYRIDATE;4,05;;
PD;17;13547;MEXIL ORO MZ WG;122;;;14;VE;PYRIMETHANIL;2,62;;
PD;17;13549;TIPTOR XCELL;1297;;;14;VE;PYROXSULAM;1,5;;
PD;17;13555;SHUT TWIN;1113,5;;;14;VE;QUIZALOFOP-P (QUIZALOFOP ETILE D-ISOMERO);34,35;;
PD;17;13559;NEXOL 200 EW;0,6;;;14;VE;QUIZALOFOP-P-ETILE;13,99;;
PD;17;13576;RAMEPLANT WG;97;;;14;VE;RAPE SEED OIL (OLIO DI COLZA);973,75;;
PD;17;13577;CARPOSAN 40 CE;184;;;14;VE;RIMSULFURON;63,1;;
PD;17;13578;RAME CAFFARO BLU WG NEW;2358;;;14;VE;SILICONI;1,37;;
PD;17;13579;COPPER 12;24,25;;;14;VE;S-METOLACHLOR;978,69;;
PD;17;13581;TIOGEL 80 WDG;132;;;14;VE;SORBITAN MONO OLEATO ETOSSILATO;2,4;;
PD;17;13585;SOLOFOL;45;;;14;VE;SORBITAN MONOLEATO;220,08;;
PD;17;13586;VERDERAME 20 WG;49,6;;;14;VE;SPINOSAD;36,3;;
PD;17;13592;VOLARE;102;;;14;VE;SPIROTETRAMAT;1,37;;
PD;17;13600;ZOLFO S.A.I.M. DOPPIO VENTILATO SCORREVOLE 95% MARCA FLORISTELLA;3250;;;14;VE;SULCOTRIONE;0,45;;
PD;17;13604;ZOLFO S.A.I.M. RAFFINATO DOPPIO VENTILATO RAMATO 5%;65;;;14;VE;SULPHUR (ZOLFO);2.749,00;;
PD;17;13607;NOBIL;1;;;14;VE;TEBUCONAZOLE;380,38;;
PD;17;13608;MEXTROL SUPERB;90;;;14;VE;TEFLUTHRIN;78,31;;
PD;17;13612;BABEL 400;141;;;14;VE;TEMBOTRIONE;388,2;;
PD;17;13635;POLTIGLIA 20 PB MANICA;1420;;;14;VE;TEPRALOXYDIM;57,19;;
PD;17;13637;PERGADO F;135;;;14;VE;TERBUTHYLAZINE;1.546,82;;
PD;17;13640;IMPRINT;36;;;14;VE;TETRACONAZOLE;0,08;;
PD;17;13648;SIARAM 20 WG;944;;;14;VE;THIAMETHOXAM;49,52;;
PD;17;13651;SPECTRO;90;;;14;VE;THIENCARBAZONE-METHYL;2,02;;
PD;17;13667;AFIDANE 200 SL;11,75;;;14;VE;THIFENSULFURON-METHYL;63,54;;
PD;17;13670;VOLDER;400;;;14;VE;THIOPHANATE-METHYL;100,91;;
PD;17;13687;BURT;30;;;14;VE;TOLCLOFOS-METHYL;120,98;;
PD;17;13691;TRIDAN COMBI T;808;;;14;VE;TRIASULFURON;0,85;;
PD;17;13698;VIVANDO;213,25;;;14;VE;TRIBASIC COPPER SULPHATE (RAME SOLFATO TRIBASICO);273,1;;
PD;17;13702;GEOTOX 7,5 C;3490;;;14;VE;TRIBENURON-METILE;25,27;;
PD;17;13707;IMPACT SUPREME;1615;;;14;VE;TRICHODERMA ASPERELLUM;0,22;;
PD;17;13711;QUIZA 5 EC;46;;;14;VE;TRICHODERMA GAMSII;0,22;;
PD;17;13721;AFIDINA QUICK;476;;;14;VE;TRICLOPYR;4,17;;
PD;17;13722;CAL-EX 1.9 EC;14;;;14;VE;TRIFLOXYSTROBIN;3,96;;
PD;17;13736;TRACE;190,75;;;14;VE;TRIFLUMURON;13,56;;
PD;17;13742;PERGADO MZ;1223;;;14;VE;TRIFLUSULFURON-METHYL;3,14;;
PD;17;13758;OPTIX WG;70;;;14;VE;TRINEXAPAC ETHYL;51,26;;
PD;17;13765;SHERPA 100 EW;81;;;14;VE;TRISILOSSANO ETOSSILATO PROPOSSILATO;5,25;;
PD;17;13771;NIMROD 250 EW;156;;;14;VE;VALIPHENAL (IR5885);0,9;;
PD;17;13785;QUANTUM MZ;434;;;14;VE;ZETA CYPERMETHRIN;17,1;;
PD;17;13786;QUANTUM R;311;;;14;VE;ZIRAM;0,76;;
PD;17;13791;GEATER-STAR;45;;;14;VE;ZOXAMIDE;3,3;;
PD;17;13792;STABILAN;26;;;15;PD;2,4-D;5,49;;
PD;17;13793;RUNNER M;876;;;15;PD;6-BENZYLADENINE;0,04;;
PD;17;13794;SPADA WDG;88;;;15;PD;ABAMECTIN;0,4;;
PD;17;13812;NOTO 40 OD;74;;;15;PD;ACETAMIPRID;2,02;;
PD;17;13815;TUTOR 18-15;606;;;15;PD;ACRINATHRIN;0,75;;
PD;17;13817;ALIAL WG;129;;;15;PD;ALCOOL GRASSO ETOSSILATO;0,32;;
PD;17;13818;ALIAL TRIPLE WP;36;;;15;PD;ALCOOL ISOTRIDECILICO;22,6;;
PD;17;13820;BAYTEROID 25 EC;6;;;15;PD;ALCOOL LAURILICO ETOSSILATO;0,01;;
PD;17;13823;ALVERDE;7,63;;;15;PD;ALCOOL LAURILICO POLIETOSSILATO;0,71;;
PD;17;13837;SILWET L-77;37;;;15;PD;ALPHA-CYPERMETHRIN (ALPHAMETHRIN);2,61;;
PD;17;13843;ZELIG 480 EC;265;;;15;PD;AMETOCTRADIN;5,52;;
PD;17;13852;DIQUA;5;;;15;PD;AMINOPYRALID;2,23;;
PD;17;13857;CRODIX GEO/MINUET GEO;12128,75;;;15;PD;AMISULBROM;2,4;;
PD;17;13858;MEDIATOR EXTRA SL;1,6;;;15;PD;AZOXYSTROBIN;82,16;;
PD;17;13859;MADEX 100;12,8;;;15;PD;BACILLUS AMYLOLIQUEFACIENS SUBSP. PLANTARUM D747;1;;
PD;17;13866;ALISE' EC;244;;;15;PD;BACILLUS SUBTILIS (CEPPO QST 713);0,17;;
PD;17;13872;NANDO 500 SC;7;;;15;PD;BACILLUS THURINGIENSIS SOTTOSPECIE AIZAWAY CEPPO ABTS 1857;0,1;;
PD;17;13876;APACHE;36;;;15;PD;BACILLUS THURINGIENSIS SOTTOSPECIE KURSTAKI CEPPO ABTS 351;0,77;;
PD;17;13877;KITT PRONTO;12,5;;;15;PD;BACILLUS THURINGIENSIS SOTTOSPECIE KURSTAKI CEPPO EG 2348;0,55;;
PD;17;13883;REBEX;110;;;15;PD;BENALAXYL;0,2;;
PD;17;13885;MICROCOPP NEUTRO FL;1552;;;15;PD;BENALAXYL-M;0,04;;
PD;17;13888;FANTIC F NC WG;23;;;15;PD;BENFLURALIN;18,43;;
PD;17;13889;EUCRIT PIU' MZ;15;;;15;PD;BENTAZONE;272,11;;
PD;17;13894;EUCRIT R;23;;;15;PD;BIXAFEN;1,2;;
PD;17;13895;EUCRIT F PIU';150;;;15;PD;BORDEAUX MIXTURE (RAME POLTIGLIA BORDOLESE);518,25;;
PD;17;13905;BANJO;54;;;15;PD;BOSCALID;102,28;;
PD;17;13925;BOGARD;12,5;;;15;PD;BROMADIOLONE;0,01;;
PD;17;13926;SPONSOR;19,5;;;15;PD;BROMOXYNIL OTTANOATO;0,32;;
PD;17;13927;ZAMIR 18;11;;;15;PD;BUPIRIMATE;2,86;;
PD;17;13934;SULFOSAT WDG;500;;;15;PD;BUPROFEZIN;11,72;;
PD;17;13955;MITIGREEN;21;;;15;PD;CALCIUM POLYSULPHIDE (POLISOLFURO DI CALCIO O ZOLFO CALCICO);30;;
PD;17;13981;CORAGEN;352,9;;;15;PD;CAPTANO;6,4;;
PD;17;13998;PYRUS 400 SC;2,9;;;15;PD;CARFENTRAZONE-ETHYL;0,26;;
PD;17;14005;CLORTOSIP 500 SC;5179;;;15;PD;CHLORANTRANILIPROLE;78,12;;
PD;17;14018;BASIC;29;;;15;PD;CHLORIDAZON;39,48;;
PD;17;14021;BREK DUO;95;;;15;PD;CHLOROTHALONIL;52;;
PD;17;14023;SUPPORT 10EC;100;;;15;PD;CHLORPROPHAM;8,17;;
PD;17;14034;CURENOX TOP MICRO;33;;;15;PD;CHLORPYRIFOS;1.567,28;;
PD;17;14036;FASTER WDG;39;;;15;PD;CHLORPYRIFOS-METHYL;287,38;;
PD;17;14042;SUPRAFOS EC;39;;;15;PD;CIFLUTRIN;0,02;;
PD;17;14052;PRODEO 80 WG;76;;;15;PD;CLODINAFOP PROPARGYL;15,54;;
PD;17;14055;RAME IDROSSIDO FLOW AGRISYSTEM;73;;;15;PD;CLOMAZONE;232,01;;
PD;17;14056;RODIBAIT;3,5;;;15;PD;CLOPYRALID;11,39;;
PD;17;14058;FEINZIN 70 DF;42;;;15;PD;CLOQUINTOCET MEXYL;6,34;;
PD;17;14062;ZOXIUM 240 SC;50;;;15;PD;CLOTHIANIDIN;4;;
PD;17;14074;TRINEX 250 EW;0,08;;;15;PD;COPOLIMER 21;0,64;;
PD;17;14077;CHAMP 20 DF;2310;;;15;PD;COPPER HYDROXIDE (RAME IDROSSIDO);319,4;;
PD;17;14091;APHOX;56;;;15;PD;COPPER OXIDE (RAME OSSIDO);15;;
PD;17;14092;AGRORAT B;77,4;;;15;PD;COPPER OXYCHLORIDE (RAME OSSICLORURO);5.841,25;;
PD;17;14098;CRITTOX GD 75;2580;;;15;PD;COPPER SULFATE (RAME SOLFATO);1.098,80;;
PD;17;14099;ASPOR WDG;1910;;;15;PD;CYAZOFAMID;1,34;;
PD;17;14101;CARAMBA;325;;;15;PD;CYCLOXYDIM;42,21;;
PD;17;14102;BORDOFLOW NEW;1762;;;15;PD;CYDIA POMONELLA GRANULOSIS VIRUS;0;;
PD;17;14119;VISIR PENCOTECH;354,5;;;15;PD;CYFLUFENAMID;1,43;;
PD;17;14127;MEVAXIL COBRE;6;;;15;PD;CYMOXANIL;343,29;;
PD;17;14128;ZIGNAL;2;;;15;PD;CYPERMETHRIN;138,49;;
PD;17;14135;GRENADIER 75 DF;25,43;;;15;PD;CYPROCONAZOLE;6,79;;
PD;17;14136;OBERON;6,5;;;15;PD;CYPRODINIL;60,09;;
PD;17;14137;ALTACOR;17,2;;;15;PD;CYPROSULFAMIDE;381,27;;
PD;17;14154;PIRETRO ACTIGREEN;1,16;;;15;PD;DAMINOZIDE;13,6;;
PD;17;14155;KOMPASS/GRIFON FL;440;;;15;PD;DAZOMET;574,2;;
PD;17;14156;CURZATE R WG;139;;;15;PD;DB-2,4;12,74;;
PD;17;14163;SARMOX 440 WG;620;;;15;PD;DELTAMETHRIN;243,82;;
PD;17;14164;TRIKA ZETA;2110;;;15;PD;DENATHONIUM BENZOATE (DENATONIO BENZOATO);0,38;;
PD;17;14166;ZETOR;66;;;15;PD;DESMEDIPHAM;2,71;;
PD;17;14168;SILWET VELONEX;2;;;15;PD;DICAMBA;411,61;;
PD;17;14169;PERGADO R;1680;;;15;PD;DICAMBA SALE DIMETILAMMINICO;38,42;;
PD;17;14178;TRI-BASE;1;;;15;PD;DICAMBA SALE SODICO;9,98;;
PD;17;14182;ARES 25 WG;79;;;15;PD;DIFENOCONAZOLE;13,55;;
PD;17;14193;SARMOX 45 DG;20;;;15;PD;DIFLUBENZURON;56,71;;
PD;17;14195;KENDO WITH ZEON TECHNOLOGY;7;;;15;PD;DIMETHENAMID-P;74,34;;
PD;17;14208;CLOPIR CE;0,1;;;15;PD;DIMETHOATE;80,94;;
PD;17;14240;PYR PRONTO;12;;;15;PD;DIMETHOMORPH;299,34;;
PD;17;14248;CLOR QUICK;7,85;;;15;PD;DIQUAT;35,83;;
PD;17;14254;BILO 7,5 C;130;;;15;PD;DITHIANON;27,3;;
PD;17;14257;UNDERLINE 0,2 G;870;;;15;PD;DODINE;223,42;;
PD;17;14290;KOHINOR 200 SL;265,05;;;15;PD;EMAMECTIN BENZOATE;1,02;;
PD;17;14294;EXECUTIVE;2,3;;;15;PD;EPOXICONAZOLE;16,08;;
PD;17;14342;VOLCAN COMBI SC;2944;;;15;PD;ESFENVALERATE;0,09;;
PD;17;14348;AGRON;76;;;15;PD;ETHOFUMESATE;63,83;;
PD;17;14350;ZOLFO RAMATO 5;4;;;15;PD;ETOFENPROX;12,75;;
PD;17;14368;RESOLVA 24H;14;;;15;PD;ETOXAZOLE;0,05;;
PD;17;14369;RESOLVA 24H RTU;5;;;15;PD;FAMOXADONE;2;;
PD;17;14370;AMISTAR;7;;;15;PD;FENAMIDONE;23,08;;
PD;17;14376;MASTER QUICK;1,5;;;15;PD;FENBUCONAZOLE;1,35;;
PD;17;14377;BROS;8;;;15;PD;FENHEXAMID;5,08;;
PD;17;14381;PYRINET;70;;;15;PD;FENOXAPROP-P-ETHYL;8,84;;
PD;17;14382;BROMYBLOC;18;;;15;PD;FENPROPIDIN;7,22;;
PD;17;14384;ETOPROSIP G;315;;;15;PD;FENPYRAZAMINE;12;;
PD;17;14389;DESSICASH 200 SL;140;;;15;PD;FERRIC PHOSPHATE (FOSFATO FERRICO);1,05;;
PD;17;14405;MERLIN FLEXX;3906;;;15;PD;FLAZASULFURON;0,5;;
PD;17;14406;LEIMAY;127,5;;;15;PD;FLORASULAM;1,86;;
PD;17;14407;RUNWAY;102,05;;;15;PD;FLUAZIFOP-P-BUTYL;22,11;;
PD;17;14409;MOVENTO 48 SC;167,67;;;15;PD;FLUAZINAM;20,79;;
PD;17;14418;PULSAR 40 SL;1222;;;15;PD;FLUDIOXONIL;21,73;;
PD;17;14419;TRUST SC;3;;;15;PD;FLUFENACET;55,35;;
PD;17;14423;PRIMISOL 80 WDG;29;;;15;PD;FLUOPICOLIDE;32,78;;
PD;17;14431;LENTAGRAN 45 WP;44,2;;;15;PD;FLUROXYPYR;227;;
PD;17;14433;QUBIC R;81;;;15;PD;FLUTRIAFOL;15,72;;
PD;17;14434;NUANCE;1,1;;;15;PD;FLUVALINATE;6,57;;
PD;17;14441;VALZER SC;51;;;15;PD;FOLPET;151,05;;
PD;17;14461;CURIT DUO;1;;;15;PD;FORAMSULFURON;14,86;;
PD;17;14462;KOBAN T;171;;;15;PD;FORCHLORFENURON;0,01;;
PD;17;14463;MERPAN 480 SC;5;;;15;PD;FORMETANATE;0,5;;
PD;17;14465;TAIFUN MK;969;;;15;PD;FOSETYL-ALUMINIUM;1.572,77;;
PD;17;14468;ROMIN T;20;;;15;PD;GLUFOSINATE-AMMONIUM;6,3;;
PD;17;14472;PARTNER EC;80;;;15;PD;GLYPHOSATE (GLIFOSATE);9.684,57;;
PD;17;14474;TEBUSIP COMBI;1;;;15;PD;GLYPHOSATE ISOPROPYLAMINE (GLIFOSATE SALE ISOPROPILAMINICO);22;;
PD;17;14488;ANTRACOL 70 WG;260;;;15;PD;HEXYTHIAZOX;0,85;;
PD;17;14491;QUBIC MZ;50;;;15;PD;IMAZAMOX;88,12;;
PD;17;14510;ELECTIS TRIO;202;;;15;PD;IMIDACLOPRID;71,19;;
PD;17;14514;BOOSTER;104;;;15;PD;INDOXACARB;8,26;;
PD;17;14516;JAVA F;162;;;15;PD;IPRODIONE;33,26;;
PD;17;14523;CARPO 600;8,5;;;15;PD;IPROVALICARB;23,75;;
PD;17;14525;MAROX SX;7;;;15;PD;ISOXABEN;2,73;;
PD;17;14541;RAVENAS EXTRA;14;;;15;PD;ISOXADIFEN ETHYL;34,68;;
PD;17;14543;FLUIZOL;13;;;15;PD;ISOXAFLUTOLE;522,64;;
PD;17;14548;TURIBEL;7;;;15;PD;KRESOXIM METHYL;1,46;;
PD;17;14559;AGREE WG;10;;;15;PD;LAMBDA-CYHALOTHRIN;88,02;;
PD;17;14575;TRIMMER SX;0,7;;;15;PD;LENACIL;18,4;;
PD;17;14576;CUTRIL EVO;225;;;15;PD;LINURON;59,03;;
PD;17;14577;FORUM R 3B;3762;;;15;PD;LUFENURON;0,04;;
PD;17;14579;RAMIN 30 DF;19;;;15;PD;MALEIC HYDRAZIDE (IDRAZIDE MALEICA);207,69;;
PD;17;14636;BIOLID UP;815;;;15;PD;MANCOZEB;1.164,95;;
PD;17;14638;NETOR;1200;;;15;PD;MANDIPROPAMID;10,71;;
PD;17;14640;OBOKE-SC;135;;;15;PD;MCPA;134,7;;
PD;17;14642;RIDOMIL GOLD R WG;4310;;;15;PD;MCPA SODIUM (MCPA SALE SODICO);11;;
PD;17;14643;CENTIUM 36 CS;148;;;15;PD;MCPA-DIMETHYLAMMONIUM (MCPA SALE DIMETILAMMINICO);2,26;;
PD;17;14647;VIVAL;1440;;;15;PD;MECOPROP;17,8;;
PD;17;14664;BERELEX 40 SG;3,09;;;15;PD;MECOPROP-P;0,42;;
PD;17;14682;KATANA;1,9;;;15;PD;MEPTYLDINOCAP;2,86;;
PD;17;14686;KOCIDE OPTI;165;;;15;PD;MESOTRIONE;287,67;;
PD;17;14687;QUAD-GLOB 200 SL;15;;;15;PD;METAFLUMIZONE;0,55;;
PD;17;14693;VIP 80 EC;63;;;15;PD;METALAXYL;32,17;;
PD;17;14697;ENERVIN DUO;36;;;15;PD;METALAXYL M;19,9;;
PD;17;14699;GEOXE;10;;;15;PD;METALDEHYDE (METALDEIDE);256,47;;
PD;17;14724;CIP;3,5;;;15;PD;METAMITRON;58,42;;
PD;17;14735;RANMAN TOP;44,5;;;15;PD;METAZACHLOR;40,71;;
PD;17;14737;ROUNDUP PLATINUM;8064;;;15;PD;METHIOCARB;1,35;;
PD;17;14739;DECIS PROTECT;24;;;15;PD;METHOMYL;1;;
PD;17;14756;ISOMEXX/PRESSING 20 WG;0,62;;;15;PD;METHOXYFENOZIDE;0,23;;
PD;17;14758;KARATE WITH ZEON TECHNOLOGY 1.5 HOBBY;19,8;;;15;PD;METIRAM;582,38;;
PD;17;14764;SLUXX;120;;;15;PD;METRAFENONE;2,65;;
PD;17;14765;ELUMIS;1049;;;15;PD;METRIBUZIN;326,59;;
PD;17;14766;ACTARA 240 SC;2;;;15;PD;MISCELA DI METIL OLEATO E METIL PALMITATO;85,5;;
PD;17;14768;CALIBAN TOP;0,4;;;15;PD;MYCLOBUTANIL;6,01;;
PD;17;14769;COMET 250 EC;120,3;;;15;PD;NAA;0,02;;
PD;17;14770;MISCANTI DUO;55;;;15;PD;NAD;0,04;;
PD;17;14785;DRISCOLL;7,8;;;15;PD;N-DECANOLO (1-DECANOLO);4.487,20;;
PD;17;14792;MELODY TREVI;1948;;;15;PD;NICOSULFURON;153,82;;
PD;17;14794;MYSTIC CLASS;50;;;15;PD;NONIL-FENIL-POLIOSSIETILENE ETANOLO;104;;
PD;17;14797;INFLOOR 200 SL;2,32;;;15;PD;OXADIAZON;29,75;;
PD;17;14799;AFLOR 200 SL;11,6;;;15;PD;OXYFLUORFEN;72,24;;
PD;17;14802;POSITRON TRIO WG/CURIT TRIO;99;;;15;PD;PARAFFIN OIL/(CAS 64742-46-7);244,47;;
PD;17;14805;QUASAR MZ WG;260;;;15;PD;PARAFFIN OIL/(CAS 8042-47-5);1.059,45;;
PD;17;14806;LUNA PRIVILEGE;103;;;15;PD;PARAFFIN OIL/(CAS 97862-82-3);697,39;;
PD;17;14807;LUZINDO;110,75;;;15;PD;PENCONAZOLE;23,22;;
PD;17;14809;CUPRAVIT BIO EVOLUTION;1380;;;15;PD;PENDIMETHALIN;1.386,28;;
PD;17;14812;ENERVIN TOP;165;;;15;PD;PHENMEDIPHAM;8,15;;
PD;17;14815;ADENGO;8454;;;15;PD;PHOSMET;10,38;;
PD;17;14818;ACANTO;91;;;15;PD;PICLORAM;0,32;;
PD;17;14826;PYREOS EXTRA SL;7,75;;;15;PD;PICOXYSTROBIN;17,55;;
PD;17;14830;CUPROFIX ULTRA DISPERSS;200;;;15;PD;PINOXADEN;1,46;;
PD;17;14837;GLIFOSAR FLASH;1781;;;15;PD;PIPERONYL BUTOXIDE (PIPERONIL BUTOSSIDO);2.217,33;;
PD;17;14838;BARCLAY GALLUP BIOGRADE 360;22501;;;15;PD;PIRIMIPHOS METHYL;3.821,54;;
PD;17;14844;CLUSTER 500;4;;;15;PD;POLISILOSSANO;0,28;;
PD;17;14845;MYSTIC PLUS S;1006;;;15;PD;POTASSIUM HYDROGEN CARBONATE (IDROGENOCARBONATO DI POTASSIO);242,25;;
PD;17;14862;FOLMAK WDG;71;;;15;PD;PROCHLORAZ;85,06;;
PD;17;14867;SYNERO;12;;;15;PD;PROPAMOCARB;149,63;;
PD;17;14868;IDROX 22 NEW;3595;;;15;PD;PROPAMOCARB HYDROCHLORIDE;14,3;;
PD;17;14879;LONTREL 72 SG;1,05;;;15;PD;PROPAQUIZAFOP;170,72;;
PD;17;14884;CORUM;3293;;;15;PD;PROPICONAZOLE;21,43;;
PD;17;14894;LANNATE 25 WP;1;;;15;PD;PROPINEB;14;;
PD;17;14895;LANNATE 20 SL;66;;;15;PD;PROPYZAMIDE;22,09;;
PD;17;14909;NURELLE 5;993;;;15;PD;PROSULFURON;3,86;;
PD;17;14915;REPLAY;114;;;15;PD;PROTHIOCONAZOLE;2,54;;
PD;17;14931;GRISU;60;;;15;PD;PYMETROZINE;0,2;;
PD;17;14935;TRAXOS ONE;964;;;15;PD;PYRACLOSTROBIN;85,24;;
PD;17;14936;AMPLIGO;493;;;15;PD;PYRETHRIN I;0,19;;
PD;17;14937;VOLIAM TARGO;1;;;15;PD;PYRETHRINS;41,52;;
PD;17;14940;TAKUMI;0,9;;;15;PD;PYRIDABEN;0,39;;
PD;17;14944;FLUXYR 200 EC;14;;;15;PD;PYRIDATE;2,7;;
PD;17;14947;TRUSTEE 450;20;;;15;PD;PYRIMETHANIL;46,9;;
PD;17;14948;ACTARA HOBBY;0,6;;;15;PD;PYRIPROXYFEN;0,2;;
PD;17;14967;TIPTOR ULTRA;795;;;15;PD;PYROXSULAM;2,25;;
PD;17;14969;HOPPER 480;2128;;;15;PD;QUIZALOFOP-P (QUIZALOFOP ETILE D-ISOMERO);48,02;;
PD;17;14972;DICARZOL 50 SP;25;;;15;PD;QUIZALOFOP-P-ETILE;55;;
PD;17;14974;BELEM 0.8 MG;26784;;;15;PD;RAPE SEED OIL (OLIO DI COLZA);458,85;;
PD;17;14977;SORPASSO 500 FL;10;;;15;PD;RIMSULFURON;9,16;;
PD;17;14980;AFFINITY PLUS;8;;;15;PD;SALE SODICO DI ALCHILETERE SOLFATO;87,98;;
PD;17;14985;RETENGO PLUS;17;;;15;PD;SILICONI;0,79;;
PD;17;15006;TRAXOS PRONTO;978;;;15;PD;S-METOLACHLOR;10.595,02;;
PD;17;15007;AXIAL PRONTO;292;;;15;PD;SODIUM DIOCTYL SULFOSUCCINATE (AUTORIZZATO SOLO COME COADIUVANTE);16,18;;
PD;17;15008;LBG - 01F34;52;;;15;PD;SORBITAN MONO OLEATO ETOSSILATO;1,2;;
PD;17;15010;AMISTAR PLUS;597;;;15;PD;SORBITAN MONOLEATO;156,48;;
PD;17;15013;NATRIA LUMACHICIDA;20;;;15;PD;SPINOSAD;2,39;;
PD;17;15019;RIVIERA;205;;;15;PD;SPIROTETRAMAT;1,2;;
PD;17;15024;MESUROL 200 SC;79;;;15;PD;SPIROXAMINE;15,81;;
PD;17;15030;COSSACK;48,6;;;15;PD;SULCOTRIONE;280,07;;
PD;17;15034;DICOPHAR;0,3;;;15;PD;SULPHUR (ZOLFO);14.598,00;;
PD;17;15037;BREZZA;29;;;15;PD;TEBUCONAZOLE;79,96;;
PD;17;15041;OPINION ECNA;97,5;;;15;PD;TEFLUTHRIN;55,13;;
PD;17;15047;R6 ERRESEI BORDEAUX WG;567;;;15;PD;TEMBOTRIONE;38,74;;
PD;17;15049;MODDUS;265;;;15;PD;TERBUTHYLAZINE;4.434,41;;
PD;17;15050;VERTIMEC PRO;79,25;;;15;PD;TETRACONAZOLE;4,05;;
PD;17;15051;KYLEO;38;;;15;PD;THIACLOPRID;1,01;;
PD;17;15053;ADMIRAL ECHO;18;;;15;PD;THIAMETHOXAM;6;;
PD;17;15058;PRINCIPAL MAIS;57,2;;;15;PD;THIENCARBAZONE-METHYL;140,29;;
PD;17;15059;DECIS EVO;1671,75;;;15;PD;THIFENSULFURON-METHYL;10,48;;
PD;17;15062;PIRAMAX  EC;6;;;15;PD;THIOPHANATE-METHYL;83,4;;
PD;17;15064;MAESTRO WG ADVANCE;166;;;15;PD;THIRAM;12;;
PD;17;15067;MIG-40 SC;27;;;15;PD;TOLCLOFOS-METHYL;59,46;;
PD;17;15071;EVOLUTION;26;;;15;PD;TRIASULFURON;0,02;;
PD;17;15079;JUVINAL ECHO;9,25;;;15;PD;TRIBASIC COPPER SULPHATE (RAME SOLFATO TRIBASICO);410,58;;
PD;17;15084;DRUM;51;;;15;PD;TRIBENURON-METILE;4,53;;
PD;17;15093;CENTURIO;43;;;15;PD;TRICLOPYR;60,63;;
PD;17;15094;FOSBEL 80 WG;13;;;15;PD;TRIFLOXYSTROBIN;0,5;;
PD;17;15101;CIMORAM ULTRA WG;1453;;;15;PD;TRIFLUSULFURON-METHYL;4,46;;
PD;17;15102;VITENE R WG;1114;;;15;PD;TRINEXAPAC ETHYL;5,1;;
PD;17;15107;SAMSON EXTRA 6 OD;89;;;15;PD;TRITOSULFURON;5,6;;
PD;17;15111;MIRADOR SC/PRIORI;87;;;15;PD;VALIPHENAL (IR5885);0,3;;
PD;17;15112;SIMPLIA;1324;;;15;PD;ZETA CYPERMETHRIN;48,96;;
PD;17;15115;VELIERO;48;;;15;PD;ZIRAM;83,6;;
PD;17;15116;ELIOS R;24;;;15;PD;ZOXAMIDE;5,07;;
PD;17;15123;ALTAIR 4,5 EW;2;;;16;PD;(E)-5-DECEN-1-OL;0,5;;
PD;17;15124;ZANTARA;387;;;16;PD;(E)-5-DECEN-1-YL-ACETATE;4,23;;
PD;17;15125;PROLECTUS;12;;;16;PD;(E/Z)-8-DODECEN-1-YL ACETATE;8,67;;
PD;17;15130;INTREPID;64;;;16;PD;2,4-D;73,4;;
PD;17;15138;BAROCCO 80 WG;300;;;16;PD;2,4-D (SALE DIMETILAMMINICO);0,78;;
PD;17;15139;INDIPENDENT SC-15;215;;;16;PD;3,6 dioxaeicosilsolfato;4,77;;
PD;17;15142;ALCANCE SYNC TEC;195;;;16;PD;3,6 dioxaottodecilsolfato di sodio;9,49;;
PD;17;15177;ROTATE PLUS DF;60;;;16;PD;6-BENZYLADENINE;8,78;;
PD;17;15180;RIVET PLUS;38;;;16;PD;ABAMECTIN;4,48;;
PD;17;15181;CIRRUS CS;103,5;;;16;PD;ACETAMIPRID;5,69;;
PD;17;15184;SATEL GEO;690;;;16;PD;ACLONIFEN;22,82;;
PD;17;15193;CONTATTO PIU' EXTRA;130;;;16;PD;ACRINATHRIN;2,61;;
PD;17;15199;SAKURA;20;;;16;PD;ALCOOL GRASSO ETOSSILATO;2,85;;
PD;17;15201;FLOXI 355 SC;77;;;16;PD;ALCOOL LAURILICO ETOSSILATO;0,03;;
PD;17;15221;ZETARAM PLUS;2990;;;16;PD;ALCOOL LAURILICO POLIETOSSILATO;0,86;;
PD;17;15222;FOLICUR COMBI WG;1609;;;16;PD;ALPHA-CYPERMETHRIN (ALPHAMETHRIN);85,26;;
PD;17;15232;CUSTODIA;174;;;16;PD;AMETOCTRADIN;17,79;;
PD;17;15244;VERDE PYRIPROXIFEN;12;;;16;PD;AMINOPYRALID;4,1;;
PD;17;15250;COPRANTOL DUO;780;;;16;PD;AMITROLE;11,11;;
PD;17;15253;FALCON MK;2531;;;16;PD;AMPELOMYCES QUISQUALIS;0,61;;
PD;17;15263;DYNALI;141,5;;;16;PD;AZADIRACHTIN A (AZADIRACTINA A);0,03;;
PD;17;15264;ENERVIN SC;52;;;16;PD;AZOXYSTROBIN;166,66;;
PD;17;15270;PROFELIS;1,54;;;16;PD;BACILLUS AMYLOLIQUEFACIENS SUBSP. PLANTARUM D747;18,25;;
PD;17;15285;PRIMMA STAR;0,94;;;16;PD;BACILLUS SUBTILIS (CEPPO QST 713);0,06;;
PD;17;15286;KENDO ZEON 1.5;259;;;16;PD;BACILLUS THURINGIENSIS SOTTOSPECIE AIZAWAI CEPPO GC-91;3;;
PD;17;15289;SERENADE NATRIA;0,7;;;16;PD;BACILLUS THURINGIENSIS SOTTOSPECIE KURSTAKI CEPPO ABTS 351;1,41;;
PD;17;15293;BONECO;58,5;;;16;PD;BACILLUS THURINGIENSIS SOTTOSPECIE KURSTAKI CEPPO EG 2348;0,47;;
PD;17;15294;KENDO BI-ACTIVE;495;;;16;PD;BACILLUS THURINGIENSIS SOTTOSPECIE KURSTAKI CEPPO SA 12;1,35;;
PD;17;15300;ARMETIL FLOW;4;;;16;PD;BEAUVERIA BASSIANA;0,05;;
PD;17;15302;AMYLO-X;136;;;16;PD;BENFLURALIN;28,42;;
PD;17;15307;DEDALUS 25 WDG;120;;;16;PD;BENTAZONE;918,11;;
PD;17;15313;ZOLFO SC;80;;;16;PD;BETA-CIFLUTRIN;0,42;;
PD;17;15318;OURAGAN;320;;;16;PD;BIXAFEN;14,4;;
PD;17;15325;CORNER MZ WG;493;;;16;PD;BORDEAUX MIXTURE (RAME POLTIGLIA BORDOLESE);329,82;;
PD;17;15333;APPLAUD PLUS;120,1;;;16;PD;BOSCALID;154,54;;
PD;17;15342;FEUDO MZ WDG;20;;;16;PD;BROMADIOLONE;0;;
PD;17;15343;FEUDO RD WP;50;;;16;PD;BROMOXYNIL OTTANOATO;70,28;;
PD;17;15348;RIDOMIL GOLD R LIQUIDO;83;;;16;PD;BUPIRIMATE;11,19;;
PD;17;15361;LIETO;84,5;;;16;PD;BUPROFEZIN;6,98;;
PD;17;15368;BALENO 200;14;;;16;PD;CALCIUM POLYSULPHIDE (POLISOLFURO DI CALCIO O ZOLFO CALCICO);7,5;;
PD;17;15371;BELEM PROTEZIONE;360;;;16;PD;CAPTANO;221,6;;
PD;17;15384;LUNA EXPERIENCE;95;;;16;PD;CARFENTRAZONE-ETHYL;2,8;;
PD;17;15388;MEXIL ORO R WG;1923;;;16;PD;CHLORANTRANILIPROLE;121,6;;
PD;17;15389;FLARE GOLD R WG;100;;;16;PD;CHLORIDAZON;641,13;;
PD;17;15401;TAIFUN MK CL;98;;;16;PD;CHLORMEQUAT (CHLORIDE);1,24;;
PD;17;15416;DIFO;28;;;16;PD;CHLOROTHALONIL;752;;
PD;17;15422;KELVIN DUO;12,96;;;16;PD;CHLORPROPHAM;43,66;;
PD;17;15428;WINNER OD;146;;;16;PD;CHLORPYRIFOS;1.685,09;;
PD;17;15448;REBEL TOP;4;;;16;PD;CHLORPYRIFOS-METHYL;330,66;;
PD;17;15449;CIDELY;290,5;;;16;PD;CIFLUTRIN;0,45;;
PD;17;15487;INSTANT;140;;;16;PD;CLETHODIM;11,75;;
PD;17;15493;SIMUN 40 OD;103;;;16;PD;CLODINAFOP PROPARGYL;14,89;;
PD;17;15498;ARPEL DUO;8;;;16;PD;CLOMAZONE;133,85;;
PD;17;15499;SONG 70 WDG;4,5;;;16;PD;CLOPYRALID;21,18;;
PD;17;15505;SILBOT 500 SC/MORFEUM 500 SC;167;;;16;PD;CLOQUINTOCET MEXYL;18,71;;
PD;17;15507;CREW SUPERB;390;;;16;PD;CLOTHIANIDIN;0,1;;
PD;17;15509;MOSAIKO COMBI;152;;;16;PD;COPOLIMER 21;2,96;;
PD;17;15514;CUPRAVIT BLU 35 WG;31;;;16;PD;COPPER HYDROXIDE (RAME IDROSSIDO);1.684,69;;
PD;17;15569;LOOP 40;338;;;16;PD;COPPER OXIDE (RAME OSSIDO);1.203,75;;
PD;17;15570;TYLAL WG;96;;;16;PD;COPPER OXYCHLORIDE (RAME OSSICLORURO);10.807,96;;
PD;17;15571;METSY;0,54;;;16;PD;COPPER SULFATE (RAME SOLFATO);1.591,05;;
PD;17;15572;ZOMINEX;236;;;16;PD;CYAZOFAMID;1,42;;
PD;17;15573;PROMESS SL;16;;;16;PD;CYCLOXYDIM;289,4;;
PD;17;15574;KARMA 85;20;;;16;PD;CYFLUFENAMID;2,95;;
PD;17;15578;PYPHEN 10 EC;5;;;16;PD;CYMOXANIL;229,71;;
PD;17;15598;CARPOVIRUSINE EVO 2;95;;;16;PD;CYPERMETHRIN;270,89;;
PD;17;15601;MOSAIKO;100;;;16;PD;CYPROCONAZOLE;24,67;;
PD;17;15603;ERBIFEN K;200;;;16;PD;CYPRODINIL;122,35;;
PD;17;15608;VERSAR;8;;;16;PD;CYPROSULFAMIDE;284,25;;
PD;17;15618;FULLDINA 355 SC;139;;;16;PD;DAMINOZIDE;3,4;;
PD;17;15621;BOTTO 50 EC;96;;;16;PD;DAZOMET;178,2;;
PD;17;15622;CURZATE R WG BIANCO;16;;;16;PD;DB-2,4;5,51;;
PD;17;15623;COSMOS 550 EC;10;;;16;PD;DELTAMETHRIN;39,9;;
PD;17;15625;TERMINUS SC;48;;;16;PD;DENATHONIUM BENZOATE (DENATONIO BENZOATO);0,49;;
PD;17;15630;PALMAS 45% WG;20;;;16;PD;DESMEDIPHAM;42,09;;
PD;17;15639;RL 400;19;;;16;PD;DICAMBA;904,01;;
PD;17;15640;PROLINE STAR;422;;;16;PD;DICAMBA SALE DIMETILAMMINICO;3,51;;
PD;17;15641;SIATTOL 200 SL;40,25;;;16;PD;DICAMBA SALE SODICO;4,02;;
PD;17;15651;FLANKER;30;;;16;PD;DIFENOCONAZOLE;69,44;;
PD;17;15654;ACCORD;5;;;16;PD;DIFLUBENZURON;0,05;;
PD;17;15668;GHIBLI 240 OD;61,5;;;16;PD;DIMETHENAMID-P;55,44;;
PD;17;15680;MITRHA 40 SC;1641;;;16;PD;DIMETHOATE;230,71;;
PD;17;15681;LUMADRY ESCA;509,5;;;16;PD;DIMETHOMORPH;795,58;;
PD;17;15687;MICLOCUR;72;;;16;PD;DIQUAT;298,82;;
PD;17;15690;ALIAL RAMATO;36;;;16;PD;DITHIANON;210,7;;
PD;17;15699;EMI 48;1;;;16;PD;DODINE;268,38;;
PD;17;15711;ALSYSTIN;18,5;;;16;PD;EMAMECTIN BENZOATE;4,27;;
PD;17;15722;ARMICARB 85;155;;;16;PD;EPOXICONAZOLE;42,58;;
PD;17;15741;AVADEX FACTOR;161;;;16;PD;EPTAMETILTRISILOSSANO, POLIALCHILENE OSSIDO MODIFICATO;4,2;;
PD;17;15791;CHECKMATE PUFFER CM-O;8,9;;;16;PD;ESFENVALERATE;0,42;;
PD;17;15842;AFICIONADO;717;;;16;PD;ETHOFUMESATE;261,42;;
PD;17;15847;MAKURI;58,5;;;16;PD;ETOFENPROX;116,7;;
PD;17;15857;R6 ERRESEI PASADOBLE;60;;;16;PD;ETOXAZOLE;0,05;;
PD;17;15863;BALENO FLASH;285;;;16;PD;FENAMIDONE;47,67;;
PD;17;15900;TRIKA EXPERT;1440;;;16;PD;FENBUCONAZOLE;0,3;;
PD;17;15901;ERCOLE;17940;;;16;PD;FENHEXAMID;158,84;;
PD;17;15912;CUPRO ISAGRO WG;231;;;16;PD;FENOXAPROP-P-ETHYL;10,59;;
PD;17;15914;RAME ISAGRO WG BLU;293;;;16;PD;FENPROPIDIN;98,42;;
PD;17;15924;RUSTLER;5;;;16;PD;FENPYRAZAMINE;4,5;;
PD;17;15927;MOJANG T;25;;;16;PD;FERRIC PHOSPHATE (FOSFATO FERRICO);5,69;;
PD;17;15931;GLORIAL JET;199;;;16;PD;FLAZASULFURON;0,04;;
PD;17;15948;MULIGAN;3;;;16;PD;FLONICAMID;1,71;;
PD;17;15961;RETENGO NEW;13;;;16;PD;FLORASULAM;3,46;;
PD;17;15964;ENOVIT METIL FL BETA;2034;;;16;PD;FLUAZIFOP-P-BUTYL;6,7;;
PD;17;16000;MINUET GR;27;;;16;PD;FLUAZINAM;0,79;;
RO;18;13;THIOPRON;8539;;;16;PD;FLUDIOXONIL;66,48;;
RO;18;17;U 46 COMBI FLUID;1217;;;16;PD;FLUFENACET;41,97;;
RO;18;40;ETRAVON SYNGENTA;999;;;16;PD;FLUOPICOLIDE;166,95;;
RO;18;133;U 46 D-FLUID;30;;;16;PD;FLUOPYRAM;24,24;;
RO;18;206;ALBENE;1291;;;16;PD;FLUROXYPYR;146,08;;
RO;18;346;BAGIR MAX;411;;;16;PD;FLUTRIAFOL;14,19;;
RO;18;449;MOCAP;915;;;16;PD;FLUVALINATE;6,23;;
RO;18;619;VALGRAN;17;;;16;PD;FOLPET;1.230,85;;
RO;18;630;REGLONE W;4488;;;16;PD;FORAMSULFURON;52,16;;
RO;18;853;ARBAX F;14;;;16;PD;FORMETANATE;1;;
RO;18;886;SENCOR WG;73;;;16;PD;FOSETYL-ALUMINIUM;3.341,77;;
RO;18;909;POLISOLFURO DI CALCIO POLISENIO;7450;;;16;PD;GIBBERELLINS (A4+A7);2,41;;
RO;18;916;RAMIN 50;50;;;16;PD;GLUFOSINATE-AMMONIUM;333;;
RO;18;1058;LINURON SIPCAM FLOW;7;;;16;PD;GLYPHOSATE (GLIFOSATE);17.518,79;;
RO;18;1147;FITONEX COMBI;12;;;16;PD;GLYPHOSATE ISOPROPYLAMINE (GLIFOSATE SALE ISOPROPILAMINICO);20,54;;
RO;18;1155;CHEMOL 90 EL;715;;;16;PD;HEXYTHIAZOX;1,31;;
RO;18;1156;CHEMOL;32988;;;16;PD;IMAZAMOX;206,05;;
RO;18;1424;FUNGI MZ;25;;;16;PD;IMIDACLOPRID;111,3;;
RO;18;1544;MESUROL;13;;;16;PD;INDOXACARB;55,05;;
RO;18;1562;ERBITOX E 30;105;;;16;PD;IODOSULFURON METHYL SODIUM;0,59;;
RO;18;1573;BASAMID GRANULAT;1720;;;16;PD;IOXYNIL OCTANOATE;8,04;;
RO;18;1583;MICROTHIOL DISPERSS;5749;;;16;PD;IPRODIONE;91,03;;
RO;18;1600;ETRAVON;1211;;;16;PD;IPROVALICARB;222,24;;
RO;18;1714;KERB 80 EDF;834;;;16;PD;ISOXABEN;35,26;;
RO;18;1727;BAGNANTE AG N;5;;;16;PD;ISOXADIFEN ETHYL;186,89;;
RO;18;1765;MICRO-DROP;36,5;;;16;PD;ISOXAFLUTOLE;393,43;;
RO;18;1850;IDRORAME FLOW;70;;;16;PD;KRESOXIM METHYL;1,26;;
RO;18;1990;BUTYRAC 118;1;;;16;PD;LAMBDA-CYHALOTHRIN;145,75;;
RO;18;2029;TORDON 22K;0,25;;;16;PD;LECITHIN (LECITINA);3;;
RO;18;2191;WETTING PLUS;541;;;16;PD;LENACIL;131,7;;
RO;18;2249;MALERBANE PRATI 400;15;;;16;PD;LINURON;116,94;;
RO;18;2259;PASTA LUMACHICIDA IN GRANI;6;;;16;PD;MANCOZEB;5.919,97;;
RO;18;2340;STOMP 330-E;4;;;16;PD;MANDIPROPAMID;73,15;;
RO;18;2353;BONALAN;637;;;16;PD;MCPA;363,52;;
RO;18;2520;ACTELLIC;1;;;16;PD;MCPA SODIUM (MCPA SALE SODICO);5,2;;
RO;18;2634;BUGGY;180;;;16;PD;MECOPROP;69,37;;
RO;18;2640;DU-DIM 5 PB;10;;;16;PD;MECOPROP-P;4,14;;
RO;18;2732;GOLTIX;1464;;;16;PD;MEFENPYR DIETHYL;1,78;;
RO;18;2923;TIOVIT JET;11214;;;16;PD;MEPTYLDINOCAP;31,77;;
RO;18;2934;MICROSOL 90;20;;;16;PD;MESOSULFURON METHYL;0,59;;
RO;18;2950;ADESIL A;13,8;;;16;PD;MESOTRIONE;302,35;;
RO;18;2983;NIMROD;48,15;;;16;PD;METAFLUMIZONE;0,87;;
RO;18;2995;ESCARTOX;608,4;;;16;PD;METALAXYL;20,31;;
RO;18;3065;OLIOCIN;1818,5;;;16;PD;METALAXYL M;146,6;;
RO;18;3076;MESUROL ESCA;130;;;16;PD;METALDEHYDE (METALDEIDE);356,03;;
RO;18;3082;OLEOTER ESTATE;246;;;16;PD;METAMITRON;1.780,58;;
RO;18;3102;OLEOTER;1,5;;;16;PD;METAZACHLOR;63,5;;
RO;18;3132;SEPR-OIL;3;;;16;PD;METCONAZOLE;12,99;;
RO;18;3188;POLTIGLIA CAFFARO 20;19;;;16;PD;METHIOCARB;13,82;;
RO;18;3219;CARAKOL AGRO;352;;;16;PD;METHOMYL;3,5;;
RO;18;3292;ARAGOL L;32;;;16;PD;METHOXYFENOZIDE;0,9;;
RO;18;3313;ARAGOL L 40;484;;;16;PD;METIRAM;3.178,20;;
RO;18;3343;U46 M CLASS;322;;;16;PD;METRAFENONE;26,82;;
RO;18;3366;ROGATOX EC;80;;;16;PD;METRIBUZIN;347,06;;
RO;18;3397;ROGOR;36;;;16;PD;MILBEMECTIN;0;;
RO;18;3412;SYLLIT 65;447;;;16;PD;MISCELA DI METIL OLEATO E METIL PALMITATO;355,88;;
RO;18;3503;AGRUMIN;225;;;16;PD;MYCLOBUTANIL;8,39;;
RO;18;3519;METAMBANE;282;;;16;PD;NAA;0,59;;
RO;18;3553;CURZATE;16;;;16;PD;NAD;0,03;;
RO;18;3640;CUPROSTAR/AIRONE;3054;;;16;PD;N-DECANOLO (1-DECANOLO);47,4;;
RO;18;3658;SIPCAMOL E;25;;;16;PD;NICOSULFURON;292,5;;
RO;18;3754;BAGNANTE SARIAF;18;;;16;PD;NONIL-FENIL-POLIOSSIETILENE ETANOLO;9,4;;
RO;18;3767;FENOXILENE MAX;1916;;;16;PD;OXADIAZON;22,95;;
RO;18;3771;ROVRAL WG;367;;;16;PD;OXYFLUORFEN;87,91;;
RO;18;3793;DITHANE M-45;125;;;16;PD;PARAFFIN OIL/(CAS 64742-46-7);358,3;;
RO;18;3800;CRITTAM WG;1271;;;16;PD;PARAFFIN OIL/(CAS 8042-47-5);2.336,80;;
RO;18;3817;DISERBONE KN;108;;;16;PD;PARAFFIN OIL/(CAS 97862-82-3);1.857,52;;
RO;18;3859;DURSBAN;8;;;16;PD;PENCONAZOLE;68,36;;
RO;18;3861;ROTIOFEN GOLD;63;;;16;PD;PENDIMETHALIN;859,29;;
RO;18;4012;RELDAN 22;2439,3;;;16;PD;PENOXSULAM;0,84;;
RO;18;4157;IROL PLUS;335;;;16;PD;PHENMEDIPHAM;214,07;;
RO;18;4199;PENNCOZEB DG;13068;;;16;PD;PHOSMET;14,22;;
RO;18;4228;ROGOR L 20;884;;;16;PD;PICOXYSTROBIN;5,85;;
RO;18;4264;VIC 19 L;4,8;;;16;PD;PINOLENE;5,76;;
RO;18;4283;ZOLVIS 90;300;;;16;PD;PINOXADEN;19,18;;
RO;18;4292;ZOLVIS 80 MICRO;41;;;16;PD;PIPERONYL BUTOXIDE (PIPERONIL BUTOSSIDO);3,61;;
RO;18;4324;CUPROMIX MZ BLEU;259;;;16;PD;PIRIMICARB;1,23;;
RO;18;4326;ROGOR L 40;134;;;16;PD;PIRIMIPHOS METHYL;10,07;;
RO;18;4388;CRITTOX MZ 80;3;;;16;PD;POLISILOSSANO;5,09;;
RO;18;4426;DECIS;159;;;16;PD;PROCHLORAZ;705,56;;
RO;18;4461;IMIDAN WDG;5;;;16;PD;PROPAMOCARB;182,74;;
RO;18;4552;DITHANE DG NEOTEC;3740;;;16;PD;PROPAMOCARB HYDROCHLORIDE;19,29;;
RO;18;4686;DIMILIN 25 P.B.;37;;;16;PD;PROPAQUIZAFOP;269,27;;
RO;18;4710;ALIETTE;5238;;;16;PD;PROPICONAZOLE;173,12;;
RO;18;4833;FANDANGO 360 SL;525;;;16;PD;PROPINEB;901,35;;
RO;18;4879;FRAL 3;1;;;16;PD;PROPYZAMIDE;372,13;;
RO;18;4896;RIGENAL P;2,8;;;16;PD;PROSULFURON;22,98;;
RO;18;5152;TIOSPOR WG;1420;;;16;PD;PROTHIOCONAZOLE;64,14;;
RO;18;5154;ARPEL TRIPLO BLU;15;;;16;PD;PYMETROZINE;0,4;;
RO;18;5228;CARAKOL;188,5;;;16;PD;PYRACLOSTROBIN;179,96;;
RO;18;5292;FIXORMON;80;;;16;PD;PYRETHRIN I;0,7;;
RO;18;5299;MIBIOL;16;;;16;PD;PYRETHRINS;0,85;;
RO;18;5333;GIBRESOL;31,75;;;16;PD;PYRIDATE;4,14;;
RO;18;5346;OYLIR;26;;;16;PD;PYRIMETHANIL;57,6;;
RO;18;5467;METADENE;1;;;16;PD;PYRIPROXYFEN;0,32;;
RO;18;5509;CHIMIGOR 40;130;;;16;PD;PYROXSULAM;12,76;;
RO;18;5574;LUMAKIDIN 5G;47;;;16;PD;QUINOXYFEN;3,75;;
RO;18;5657;BAGNANTE SCAM;68;;;16;PD;QUIZALOFOP-P (QUIZALOFOP ETILE D-ISOMERO);242,95;;
RO;18;5708;TERRAZOLE 25% EC;79;;;16;PD;QUIZALOFOP-P-ETILE;98,1;;
RO;18;5755;TILT 25 EC;2,5;;;16;PD;RAPE SEED OIL (OLIO DI COLZA);257,93;;
RO;18;5758;GALBEN R 4-33 BLU;27;;;16;PD;RIMSULFURON;14,52;;
RO;18;5864;CIPOTRIL;77;;;16;PD;SALE SODICO DI ALCHILETERE SOLFATO;4,59;;
RO;18;6001;BETAFIL;240;;;16;PD;S-METOLACHLOR;5.278,71;;
RO;18;6221;IPIRON 45 SC;5;;;16;PD;SODIUM DIOCTYL SULFOSUCCINATE (AUTORIZZATO SOLO COME COADIUVANTE);13,28;;
RO;18;6268;BAGNANTE DEMETRA;4472;;;16;PD;SORBITAN MONOLEATO;372,36;;
RO;18;6277;OXAMYL DU PONT VYDATE 5G;1901;;;16;PD;SPINOSAD;7,65;;
RO;18;6298;FASTAC;121;;;16;PD;SPIROTETRAMAT;21,55;;
RO;18;6321;STIMOLANTE 66F;158,2;;;16;PD;SPIROXAMINE;481,43;;
RO;18;6322;OBSTHORMON 24A;284,3;;;16;PD;SULCOTRIONE;82,82;;
RO;18;6324;MAXCEL;150;;;16;PD;SULPHUR (ZOLFO);45.106,56;;
RO;18;6376;ANTISCHIUMA SHAUMSTOP;278,4;;;16;PD;TEBUCONAZOLE;405,83;;
RO;18;6401;MONDAK 21 S;77;;;16;PD;TEBUFENOZIDE;2,53;;
RO;18;6437;ETHREL;235;;;16;PD;TEFLUTHRIN;124,47;;
RO;18;6438;BI-FEN;17;;;16;PD;TEMBOTRIONE;263,33;;
RO;18;6479;TAIREL R 4-33 BLU;21;;;16;PD;TENSIOATTIVI NON IONICI;0,86;;
RO;18;6480;CYCOCEL 5 C;1;;;16;PD;TEPRALOXYDIM;6,15;;
RO;18;6555;K-OBIOL ULV 6;10;;;16;PD;TERBUTHYLAZINE;2.135,63;;
RO;18;6556;K-OBIOL DP2;154;;;16;PD;TETRACONAZOLE;12,75;;
RO;18;6557;K-OBIOL EC 25;5;;;16;PD;THIACLOPRID;9,9;;
RO;18;6674;AFALON DS;1468;;;16;PD;THIAMETHOXAM;38,2;;
RO;18;6708;BAGNANTE NEUTRO;792;;;16;PD;THIENCARBAZONE-METHYL;124,58;;
RO;18;6719;LIOSOL BETA;12;;;16;PD;THIFENSULFURON-METHYL;53,51;;
RO;18;6766;BUTISAN S;212;;;16;PD;THIOPHANATE-METHYL;661,78;;
RO;18;6945;TOPAS 10 EC;62,75;;;16;PD;THIRAM;559,76;;
RO;18;6947;TOPAS COMBI;802;;;16;PD;TOLCLOFOS-METHYL;151,54;;
RO;18;6956;TARGA FLO;1683;;;16;PD;TRIASULFURON;4,7;;
RO;18;6978;BETTER 400;2670;;;16;PD;TRIBASIC COPPER SULPHATE (RAME SOLFATO TRIBASICO);1.138,91;;
RO;18;7020;BAGNANTE CIFO;750;;;16;PD;TRIBENURON-METILE;16,91;;
RO;18;7053;PASTA CAFFARO NC;603,5;;;16;PD;TRICHODERMA ASPERELLUM;3,38;;
RO;18;7055;PASTA CAFFARO BLU;3,5;;;16;PD;TRICHODERMA GAMSII;3,38;;
RO;18;7101;LIMAVAL;60;;;16;PD;TRICLOPYR;102,11;;
RO;18;7215;LINURON CHIMIBERG;6;;;16;PD;TRIFLOXYSTROBIN;56,13;;
RO;18;7217;OCTAVE;1;;;16;PD;TRIFLUSULFURON-METHYL;19,14;;
RO;18;7256;REGOLATOR;2;;;16;PD;TRINEXAPAC ETHYL;6,97;;
RO;18;7368;TURFENE L;25;;;16;PD;TRISILOSSANO ETOSSILATO PROPOSSILATO;28,5;;
RO;18;7369;SYLLIT FLO;10,58;;;16;PD;TRITOSULFURON;24,6;;
RO;18;7370;TETRASOL LIQUIDO;21;;;16;PD;VALIPHENAL (IR5885);0,3;;
RO;18;7379;VENZAR;222,5;;;16;PD;ZETA CYPERMETHRIN;61,68;;
RO;18;7401;POLTIGLIA CAFFARO 20 DF NEW;74;;;16;PD;ZIRAM;375,44;;
RO;18;7483;DEVRINOL F;136;;;16;PD;ZOXAMIDE;13,69;;
RO;18;7514;GERMON BEWURZELUNGSPUDER K PER TALEE ERBACEE;0,4;;;17;PD;(E)-5-DECEN-1-OL;0,69;;
RO;18;7541;APOLLO SC;1;;;17;PD;(E)-5-DECEN-1-YL-ACETATE;5,82;;
RO;18;7543;ERBITOX COMBI;188;;;17;PD;(E)-8-DODECEN-1-YL ACETATE;0,01;;
RO;18;7550;ZETA 80;0,9;;;17;PD;(E,E)-8,10-DODECADIEN-1-OL (CODLEMONE);5,67;;
RO;18;7555;KLARTAN 20 EW;112,05;;;17;PD;(E,Z)-7,9-DODECADIENYL-1-YL ACETATE;0,33;;
RO;18;7581;ZELIG;73;;;17;PD;(E/Z)-8-DODECEN-1-YL ACETATE;11,92;;
RO;18;7584;TOLUREX SC;60;;;17;PD;(Z)-11-TETRADECEN-1-YL ACETATE;0,02;;
RO;18;7587;IOTRIL;319;;;17;PD;(Z)-8-DODECEN-1-OL;0;;
RO;18;7608;DASKOR;40;;;17;PD;(Z)-8-DODECEN-1-YL ACETATE;0,17;;
RO;18;7611;ENOVIT METIL FL;3200;;;17;PD;2,4-D;92,82;;
RO;18;7675;NURELLE 5 EC;0,5;;;17;PD;2,4-D (SALE DIMETILAMMINICO);0,24;;
RO;18;7700;MATACAR FL;13;;;17;PD;3,6 dioxaeicosilsolfato;53,55;;
RO;18;7733;BAYTEROID EW;40,79;;;17;PD;3,6 dioxaottodecilsolfato di sodio;106,51;;
RO;18;7767;ACARISTOP 20 SC;0,18;;;17;PD;6-BENZYLADENINE;3,41;;
RO;18;7845;TMTD 50 SC;16;;;17;PD;ABAMECTIN;5,69;;
RO;18;7876;PIRIMOR 17,5;176;;;17;PD;ACETAMIPRID;5,01;;
RO;18;7889;NURELLE D;409;;;17;PD;ACIBENZOLAR-S-METHYL;3;;
RO;18;7911;AIRONE EXTRA;10;;;17;PD;ACLONIFEN;83,82;;
RO;18;7916;POLYRAM DF;13230;;;17;PD;ACRINATHRIN;2,64;;
RO;18;7919;TOUCHDOWN;6434;;;17;PD;ALCOOL GRASSO ETOSSILATO;11,2;;
RO;18;7930;KERB FLO;19;;;17;PD;ALCOOL ISOTRIDECILICO;91,85;;
RO;18;7957;ROVRAL PLUS;736;;;17;PD;ALPHA-CYPERMETHRIN (ALPHAMETHRIN);87,31;;
RO;18;7958;RONSTAR FL;572;;;17;PD;AMETOCTRADIN;39,5;;
RO;18;7961;RIZOLEX  GOLD;440;;;17;PD;AMIDOSULFURON;0,02;;
RO;18;7963;RIZOLEX 50 PB;10;;;17;PD;AMINOPYRALID;3,84;;
RO;18;7965;TRIGARD 75 WP;1;;;17;PD;AMISULBROM;22,57;;
RO;18;7984;STRATOS;2869;;;17;PD;AMITROLE;4,04;;
RO;18;8023;SUMIALFA ECHO;613;;;17;PD;AMPELOMYCES QUISQUALIS;1,22;;
RO;18;8054;METIS ECHO;12;;;17;PD;AZADIRACHTIN A (AZADIRACTINA A);1,96;;
RO;18;8102;MERPAN 80 WDG;19973;;;17;PD;AZOXYSTROBIN;962,78;;
RO;18;8117;BASTA 200;3285;;;17;PD;BACILLUS AMYLOLIQUEFACIENS SUBSP. PLANTARUM D747;34;;
RO;18;8129;BETOZON 65 DF;2;;;17;PD;BACILLUS SUBTILIS (CEPPO QST 713);0,66;;
RO;18;8130;TITUS;3,49;;;17;PD;BACILLUS THURINGIENSIS SOTTOSPECIE AIZAWAI CEPPO GC-91;14,5;;
RO;18;8139;MANTA GOLD/FENOTRIX COMBI;2340;;;17;PD;BACILLUS THURINGIENSIS SOTTOSPECIE KURSTAKI 3A-3B CEPPO HD1;0,35;;
RO;18;8146;GALLERY;88;;;17;PD;BACILLUS THURINGIENSIS SOTTOSPECIE KURSTAKI CEPPO ABTS 351;4,21;;
RO;18;8155;CATOR;15;;;17;PD;BACILLUS THURINGIENSIS SOTTOSPECIE KURSTAKI CEPPO EG 2348;12,61;;
RO;18;8156;DEVOX;37;;;17;PD;BACILLUS THURINGIENSIS SOTTOSPECIE KURSTAKI CEPPO SA 12;0,41;;
RO;18;8157;ZETARAM 20 L;70;;;17;PD;BACILLUS THURINGIENSIS SOTTOSPECIE TENEBRIONIS CEPPO NB 176;0,03;;
RO;18;8184;CHALLENGE;193;;;17;PD;BEAUVERIA BASSIANA;0,26;;
RO;18;8189;FORCE;26880;;;17;PD;BENALAXYL;3,46;;
RO;18;8201;GLISTER;233;;;17;PD;BENALAXYL-M;7,17;;
RO;18;8207;LONTREL 75 G;1,2;;;17;PD;BENFLURALIN;21,7;;
RO;18;8225;BLUE SHIELD;11;;;17;PD;BENTAZONE;1.656,79;;
RO;18;8284;MICOSPOR MGD;41;;;17;PD;BETA-CIFLUTRIN;0,16;;
RO;18;8320;DELFIN;8;;;17;PD;BIFENAZATE;1,42;;
RO;18;8340;TOPAS 10 WDG;27;;;17;PD;BIXAFEN;55,2;;
RO;18;8376;ARIANE II;1572;;;17;PD;BORDEAUX MIXTURE (RAME POLTIGLIA BORDOLESE);892,38;;
RO;18;8382;ROUNDUP BIOFLOW;305;;;17;PD;BOSCALID;245,22;;
RO;18;8400;CAPTANE FLOW;20;;;17;PD;BROMADIOLONE;0,01;;
RO;18;8429;GLYFOS SL;11190;;;17;PD;BROMOXYNIL OTTANOATO;1,59;;
RO;18;8498;FOLICUR WG;944,5;;;17;PD;BROMUCONAZOLE;3,17;;
RO;18;8499;EFESTO;10;;;17;PD;BUPIRIMATE;54,05;;
RO;18;8528;FEINZIN 35 DF;40,5;;;17;PD;BUPROFEZIN;30,03;;
RO;18;8534;CITROLE;287;;;17;PD;CALCIUM POLYSULPHIDE (POLISOLFURO DI CALCIO O ZOLFO CALCICO);1.867,50;;
RO;18;8540;PAMPA/GHIBLI;2595;;;17;PD;CAPTANO;901,7;;
RO;18;8542;FORUM 50 WP;105,6;;;17;PD;CARFENTRAZONE-ETHYL;4,49;;
RO;18;8547;LOGRAN;266,24;;;17;PD;CHLORANTRANILIPROLE;185,03;;
RO;18;8565;ROUNDUP RTU;5;;;17;PD;CHLORIDAZON;1.389,34;;
RO;18;8601;FOLPAN 80 WDG;286;;;17;PD;CHLORMEQUAT (CHLORIDE);13,6;;
RO;18;8617;BANVEL 480 S;86;;;17;PD;CHLOROTHALONIL;2.302,43;;
RO;18;8646;ACTIVUS EC/PANDA;523;;;17;PD;CHLORPROPHAM;22,48;;
RO;18;8656;GLIFENE HP;1135;;;17;PD;CHLORPYRIFOS;4.382,48;;
RO;18;8706;AMID THIN W;87;;;17;PD;CHLORPYRIFOS-METHYL;931,95;;
RO;18;8712;ALLEGANTE 4% AF 96;221,4;;;17;PD;CHLORTOLURON;4,36;;
RO;18;8721;NEXTER;7;;;17;PD;CIFLUTRIN;2,38;;
RO;18;8729;FORUM R;690;;;17;PD;CLODINAFOP PROPARGYL;218,08;;
RO;18;8731;ACROBAT R;50;;;17;PD;CLOFENTEZINE;0,24;;
RO;18;8735;TREBON UP;674;;;17;PD;CLOMAZONE;149,52;;
RO;18;8742;INDAR 5EW;143;;;17;PD;CLOPYRALID;37,76;;
RO;18;8743;GREENEX;22,9;;;17;PD;CLOQUINTOCET MEXYL;105,56;;
RO;18;8793;EMINENT 40 EW;1151;;;17;PD;CLOTHIANIDIN;0,2;;
RO;18;8794;BERMECTINE;6;;;17;PD;COPOLIMER 21;10;;
RO;18;8795;VERTIMEC EC;216,5;;;17;PD;COPPER HYDROXIDE (RAME IDROSSIDO);2.845,17;;
RO;18;8796;SELECT;23;;;17;PD;COPPER OXIDE (RAME OSSIDO);120;;
RO;18;8797;BINAL PRO/EMINENT COMBI;97;;;17;PD;COPPER OXYCHLORIDE (RAME OSSICLORURO);22.729,91;;
RO;18;8801;SCORE 25 EC;254;;;17;PD;COPPER SULFATE (RAME SOLFATO);3.049,88;;
RO;18;8803;DOMARK COMBI PB;31;;;17;PD;CYAZOFAMID;11,33;;
RO;18;8836;MIMIC;6;;;17;PD;CYCLOXYDIM;245,77;;
RO;18;8837;GERMON BEWURZELUNGSPUDER PER TALEE ERBACEE;1;;;17;PD;CYDIA POMONELLA GRANULOSIS VIRUS;84,78;;
RO;18;8841;CYREN 7,5 G;1334;;;17;PD;CYFLUFENAMID;19,07;;
RO;18;8843;NISSHIN;397;;;17;PD;CYMOXANIL;775,65;;
RO;18;8859;MASTIFF;2249;;;17;PD;CYPERMETHRIN;428,82;;
RO;18;8882;ULTRA FINE OIL;183;;;17;PD;CYPROCONAZOLE;173,69;;
RO;18;8884;BITRON DF;363;;;17;PD;CYPRODINIL;298,76;;
RO;18;8886;SAFARI;113,76;;;17;PD;CYPROSULFAMIDE;383,86;;
RO;18;8910;AMOK PLUS;2600;;;17;PD;CYROMAZINE (CIROMAZINA);0,56;;
RO;18;8929;TOPIK 240 EC;0,25;;;17;PD;DAMINOZIDE;37,4;;
RO;18;8933;SOLEAS;14;;;17;PD;DAZOMET;811,8;;
RO;18;8934;SCALA;303,85;;;17;PD;DB-2,4;2,4;;
RO;18;8937;MASAI 20 WP;1;;;17;PD;DELTAMETHRIN;70,3;;
RO;18;8945;ENOVIT METIL DF;23;;;17;PD;DENATHONIUM BENZOATE (DENATONIO BENZOATO);0,39;;
RO;18;8984;GLIPHOGAN TOP MK;10858;;;17;PD;DESMEDIPHAM;93,2;;
RO;18;8987;CONFIDOR 200 SL;141,07;;;17;PD;DICAMBA;1.048,42;;
RO;18;9005;AGIL;3349;;;17;PD;DICAMBA SALE DIMETILAMMINICO;57,96;;
RO;18;9010;RAMEZIN COMBI WG;1056;;;17;PD;DICAMBA SALE SODICO;87,83;;
RO;18;9012;CUPROCAFFARO MICRO;3992;;;17;PD;DIFENOCONAZOLE;266,82;;
RO;18;9036;ACTIVUS;19;;;17;PD;DIFLUBENZURON;29,89;;
RO;18;9038;OPINION;0,25;;;17;PD;DIFLUFENICAN;5,78;;
RO;18;9079;REGRAN COMBI;40;;;17;PD;DIMETHENAMID-P;431,34;;
RO;18;9114;OXYCUR;780;;;17;PD;DIMETHOATE;858,22;;
RO;18;9131;PYRINEX ME;131;;;17;PD;DIMETHOMORPH;1.773,76;;
RO;18;9148;SYLLIT 355 SC;407;;;17;PD;DIQUAT;148,64;;
RO;18;9153;CYREN 44 EC;514;;;17;PD;DITHIANON;807,1;;
RO;18;9171;GALBEN R 4-33;90;;;17;PD;DODINE;554,4;;
RO;18;9180;STROBY WG;76,8;;;17;PD;EMAMECTIN BENZOATE;8,6;;
RO;18;9212;EXICA;1;;;17;PD;EPOXICONAZOLE;68,1;;
RO;18;9244;ZIRAMIT 76 WG;1890;;;17;PD;EPTAMETILTRISILOSSANO, POLIALCHILENE OSSIDO MODIFICATO;32,76;;
RO;18;9280;TOPAS 200 EW;15;;;17;PD;ESFENVALERATE;0,53;;
RO;18;9286;OHAYO;32;;;17;PD;ETHEPHON;6,34;;
RO;18;9298;METHAM NA 51;150;;;17;PD;ETHOFUMESATE;587,48;;
RO;18;9306;PROPLANT;16;;;17;PD;ETHOPROPHOS;37,5;;
RO;18;9311;CUPROSSIL IDRO 25 WP;333;;;17;PD;ETOFENPROX;97,05;;
RO;18;9322;GOLTIX STAR;171;;;17;PD;ETOXAZOLE;1,69;;
RO;18;9330;GLIFO 41;3,5;;;17;PD;FATTY ACIDS C7-C18 AND C18 AND UNSATURATED POTASSIUM SALTS (SALI POTASSICI DI ACIDI GRASSI);0,49;;
RO;18;9332;OPEN;20;;;17;PD;FENAMIDONE;91,8;;
RO;18;9335;SILGLIF MK;84;;;17;PD;FENAMIPHOS;1,16;;
RO;18;9339;BETANAL EXPERT;2858;;;17;PD;FENBUCONAZOLE;4,65;;
RO;18;9342;DELTRIN;123,5;;;17;PD;FENHEXAMID;377,99;;
RO;18;9364;RAPIDO;120;;;17;PD;FENOXAPROP-P-ETHYL;5,2;;
RO;18;9371;PEAK;1,04;;;17;PD;FENPROPIDIN;365,94;;
RO;18;9373;CHORUS;240;;;17;PD;FENPYRAZAMINE;6;;
RO;18;9374;MATCH TOP;53;;;17;PD;FENPYROXIMATE;0,15;;
RO;18;9400;GLIFOGAN PRONTO;5,1;;;17;PD;FERRIC PHOSPHATE (FOSFATO FERRICO);5,44;;
RO;18;9422;EVADE;122,25;;;17;PD;FLAZASULFURON;1,16;;
RO;18;9443;ENDOGERME;23,3;;;17;PD;FLONICAMID;10,59;;
RO;18;9449;EMERALD COMBI;39;;;17;PD;FLORASULAM;18,97;;
RO;18;9463;KLARO KIT;72;;;17;PD;FLUAZIFOP-P-BUTYL;136,56;;
RO;18;9478;PIRET;0,07;;;17;PD;FLUAZINAM;44,55;;
RO;18;9496;GALIGAN EC;24;;;17;PD;FLUDIOXONIL;190,5;;
RO;18;9509;PROMALIN NT;458;;;17;PD;FLUFENACET;166,05;;
RO;18;9550;PROFILE;123,5;;;17;PD;FLUOPICOLIDE;187,04;;
RO;18;9578;SWITCH;920,8;;;17;PD;FLUOPYRAM;59,77;;
RO;18;9602;GLIFOSAR;100;;;17;PD;FLUROXYPYR;357,27;;
RO;18;9612;OSSICLOR 30;4275;;;17;PD;FLUTRIAFOL;113,96;;
RO;18;9631;METRIN EC;12,5;;;17;PD;FLUVALINATE;44,69;;
RO;18;9634;CARNIVAL;1489;;;17;PD;FOLPET;2.665,05;;
RO;18;9636;OSSIRAM COMBI WP;5;;;17;PD;FORAMSULFURON;70,45;;
RO;18;9668;RUFAST E-FLO;36,24;;;17;PD;FORCHLORFENURON;0,05;;
RO;18;9670;THIANOSAN 80 WG;1020;;;17;PD;FORMETANATE;12,5;;
RO;18;9673;SEPRA-BAIT;16,5;;;17;PD;FOSETYL-ALUMINIUM;5.650,98;;
RO;18;9675;PANTOX 360;51;;;17;PD;GIBBERELLIC ACID (ACIDO GIBBERELLICO A3);1,31;;
RO;18;9679;KRISTAL 32 WG;1810;;;17;PD;GIBBERELLINS (A4+A7);0,87;;
RO;18;9689;AURIGA;33;;;17;PD;GLUFOSINATE-AMMONIUM;313,2;;
RO;18;9693;SPORTAK 45 EW;71;;;17;PD;GLYPHOSATE (GLIFOSATE);35.739,45;;
RO;18;9694;SIMITAR 5 EW;16;;;17;PD;GLYPHOSATE ISOPROPYLAMINE (GLIFOSATE SALE ISOPROPILAMINICO);609,52;;
RO;18;9695;PERLAN;2;;;17;PD;HEXYTHIAZOX;1,46;;
RO;18;9696;NOVAGIB;50;;;17;PD;IMAZAMOX;279,17;;
RO;18;9705;PREVITER;41,15;;;17;PD;IMIDACLOPRID;215,17;;
RO;18;9724;TIOWETTING DF;252;;;17;PD;INDOXACARB;109,22;;
RO;18;9741;METAMIX M WP;5;;;17;PD;IODOSULFURON METHYL SODIUM;3,11;;
RO;18;9744;SCORE 10 WG;463;;;17;PD;IOXYNIL;14,86;;
RO;18;9747;FURY;102,3;;;17;PD;IOXYNIL OCTANOATE;6,89;;
RO;18;9757;SPYRALE;720;;;17;PD;IPRODIONE;82,39;;
RO;18;9758;COPRANTOL WG;97;;;17;PD;IPROVALICARB;158,88;;
RO;18;9767;NUFOS 7,5 G;3900;;;17;PD;ISOXABEN;25,96;;
RO;18;9787;MICROBAGNABILE WG;308;;;17;PD;ISOXADIFEN ETHYL;184,56;;
RO;18;9790;CONTATTO 320;265;;;17;PD;ISOXAFLUTOLE;502,64;;
RO;18;9793;CONTATTO TWIN;66;;;17;PD;KRESOXIM METHYL;8,95;;
RO;18;9797;GROLEN;10;;;17;PD;LAMBDA-CYHALOTHRIN;180,23;;
RO;18;9798;CLIOPHAR 100;13;;;17;PD;LAURATO DI POTASSIO;1,47;;
RO;18;9800;MAVRIK 20 EW;443,07;;;17;PD;LENACIL;341,55;;
RO;18;9802;COPRANTOL HI BIO;145;;;17;PD;LINURON;156,42;;
RO;18;9813;DICLOPYR;8;;;17;PD;LUFENURON;1,36;;
RO;18;9832;TREK P;605;;;17;PD;MALEIC HYDRAZIDE (IDRAZIDE MALEICA);11,27;;
RO;18;9841;DIMET TRIO;50;;;17;PD;MANCOZEB;18.456,84;;
RO;18;9843;BASAGRAN SG;3645;;;17;PD;MANDIPROPAMID;210,17;;
RO;18;9867;4 STAGIONI;37,85;;;17;PD;MCPA;719,53;;
RO;18;9872;AKRIS;5470;;;17;PD;MCPA-DIMETHYLAMMONIUM (MCPA SALE DIMETILAMMINICO);11,66;;
RO;18;9919;CONTATTO PIU' EC;4;;;17;PD;MECOPROP;35,5;;
RO;18;9938;MASTER;3,1;;;17;PD;MECOPROP-P;160,79;;
RO;18;9940;ZELIG GR;25431;;;17;PD;MEFENPYR DIETHYL;13,36;;
RO;18;9941;BUMPER P;1510;;;17;PD;MEPANIPYRIM;15,5;;
RO;18;9952;COLZANET;5;;;17;PD;MEPTYLDINOCAP;182,07;;
RO;18;9954;JOKER;1008;;;17;PD;MESOSULFURON METHYL;2,99;;
RO;18;9963;METIDANE 22;56;;;17;PD;MESOTRIONE;649,81;;
RO;18;9970;HUNTER;3;;;17;PD;METAFLUMIZONE;1,68;;
RO;18;9995;ARIUS;38,5;;;17;PD;METALAXYL;173,54;;
RO;18;10005;SCOTTS WEEDCONTROL/EVERGREEN;15;;;17;PD;METALAXYL M;354,03;;
RO;18;10029;KING;0,37;;;17;PD;METALDEHYDE (METALDEIDE);186,57;;
RO;18;10048;KUMULUS TECNO;39;;;17;PD;METAM SODIUM (USI ESSENZIALI FINO AL 31.12.2014);477,02;;
RO;18;10049;DURSBAN 75 WG;4833;;;17;PD;METAMITRON;5.146,22;;
RO;18;10057;ARPEL WDG;162;;;17;PD;METAZACHLOR;128,02;;
RO;18;10105;RIDOMIL GOLD SL;8,5;;;17;PD;METCONAZOLE;27,95;;
RO;18;10106;RIDOMIL GOLD COMBI;2;;;17;PD;METHIOCARB;21,52;;
RO;18;10108;RIDOMIL GOLD MZ;3;;;17;PD;METHOMYL;13,45;;
RO;18;10116;VAPOR GARD;17;;;17;PD;METHOXYFENOZIDE;32,4;;
RO;18;10117;STRATOS ULTRA;576;;;17;PD;METIRAM;7.358,20;;
RO;18;10118;AMISTAR;1019;;;17;PD;METRAFENONE;90,42;;
RO;18;10127;DECIS JET;80,22;;;17;PD;METRIBUZIN;297,01;;
RO;18;10139;PYKOS;83;;;17;PD;METSULFURON METHYL;0,23;;
RO;18;10141;SOFREVAL 80 MICRO;3475;;;17;PD;MILBEMECTIN;0,06;;
RO;18;10142;VERNOIL;640;;;17;PD;MISCELA DI METIL OLEATO E METIL PALMITATO;714;;
RO;18;10154;BORDOFLOW SECTOR;15;;;17;PD;MYCLOBUTANIL;55,64;;
RO;18;10158;PIREFLOR;0,25;;;17;PD;NAA;1,94;;
RO;18;10161;ORTIVA;879;;;17;PD;NAD;3,15;;
RO;18;10183;GARLON EV;3,5;;;17;PD;NAPROPAMIDE;5,04;;
RO;18;10184;TIMBREL EV;2;;;17;PD;N-DECANOLO (1-DECANOLO);1.458,50;;
RO;18;10185;ZERGAN EV;3;;;17;PD;NICOSULFURON;381,95;;
RO;18;10199;DUKE;28;;;17;PD;NONIL-FENIL-POLIOSSIETILENE ETANOLO;58,6;;
RO;18;10272;CEREXIL M DG;30;;;17;PD;OXADIAZON;27,4;;
RO;18;10285;TOMAHAWK;228;;;17;PD;OXAMYL;12,5;;
RO;18;10296;IPERION;1713;;;17;PD;OXYFLUORFEN;55,65;;
RO;18;10297;SINIS 35 WG;306,5;;;17;PD;PARAFFIN OIL/(CAS 64742-46-7);236,42;;
RO;18;10305;OIKOS;2;;;17;PD;PARAFFIN OIL/(CAS 8042-47-5);8.992,76;;
RO;18;10306;MISTRAL;425;;;17;PD;PARAFFIN OIL/(CAS 97862-82-3);4.039,48;;
RO;18;10324;NEMATHORIN 10 G;70;;;17;PD;PENCONAZOLE;167,35;;
RO;18;10329;FORUM MZ WG;227;;;17;PD;PENDIMETHALIN;1.278,89;;
RO;18;10357;RIGRON SG;114;;;17;PD;PETHOXAMID;115,65;;
RO;18;10372;RASIKAL QUICK;145;;;17;PD;PHENMEDIPHAM;497,62;;
RO;18;10373;CONTEST;408,2;;;17;PD;PHOSMET;43,97;;
RO;18;10390;DIRACTIN;13;;;17;PD;PICLORAM;0,17;;
RO;18;10396;LIZOCIN;0,12;;;17;PD;PICOXYSTROBIN;20,48;;
RO;18;10398;STIKER;6;;;17;PD;PINOLENE;6,72;;
RO;18;10404;CLINIC 360 SL;15234;;;17;PD;PINOXADEN;68,26;;
RO;18;10415;ARIC 480 LS;4,5;;;17;PD;PIPERONYL BUTOXIDE (PIPERONIL BUTOSSIDO);3,97;;
RO;18;10423;LUMACHICIDA VEBI;95,75;;;17;PD;PIRIMICARB;12,86;;
RO;18;10426;PROTIL EC;24;;;17;PD;PIRIMIPHOS METHYL;13,38;;
RO;18;10439;SPRAY DUNGER GLOBAL;40;;;17;PD;POLISILOSSANO;14,89;;
RO;18;10440;EXPANDER;177;;;17;PD;POTASSIUM HYDROGEN CARBONATE (IDROGENOCARBONATO DI POTASSIO);148,75;;
RO;18;10447;NOVEL DUO;927;;;17;PD;POTASSIUM PHOSPHITE (FOSFITO O FOSFONATO DI POTASSIO);26,83;;
RO;18;10456;KLARO ULTRA;177;;;17;PD;PROCHLORAZ;2.587,14;;
RO;18;10465;ROUNDUP MAX;20050;;;17;PD;PROHEXADIONE CALCIUM;1,5;;
RO;18;10479;NATURALIS;27;;;17;PD;PROPAMOCARB;216,09;;
RO;18;10492;VEBIZOLFO FLOW;15,5;;;17;PD;PROPAMOCARB HYDROCHLORIDE;0,73;;
RO;18;10494;PREMIUM TOP;866,25;;;17;PD;PROPAQUIZAFOP;602,08;;
RO;18;10504;KELLY WG;518;;;17;PD;PROPICONAZOLE;431,84;;
RO;18;10532;TELDOR;3;;;17;PD;PROPINEB;221;;
RO;18;10540;TERIAL 75 WG/ALISE' 75 WG;1881;;;17;PD;PROPOXYCARBAZONE;9,3;;
RO;18;10560;PIRETRO NATURA;23;;;17;PD;PROPYZAMIDE;483,26;;
RO;18;10565;DICOTIL EXTRA;20,55;;;17;PD;PROSULFURON;1,21;;
RO;18;10568;ZOOMER;135;;;17;PD;PROTHIOCONAZOLE;193,38;;
RO;18;10573;KOCIDE 2000;2100;;;17;PD;PYMETROZINE;1,85;;
RO;18;10577;METRIPHAR 70 WG;4,5;;;17;PD;PYRACLOSTROBIN;280,11;;
RO;18;10579;CARSON COP;54;;;17;PD;PYRAFLUFEN ETHYL;0,8;;
RO;18;10582;PAM;4;;;17;PD;PYRETHRIN I;9,23;;
RO;18;10584;SHAMAL MK PLUS;1189,75;;;17;PD;PYRETHRINS;0,15;;
RO;18;10585;SULCOTREK;540;;;17;PD;PYRIDABEN;1,55;;
RO;18;10604;EMERALD 40 EW/DOMARK 40 EW;43;;;17;PD;PYRIDATE;19,89;;
RO;18;10609;MESOZIN 35 WG;71;;;17;PD;PYRIMETHANIL;217,57;;
RO;18;10627;FRUPICA;3;;;17;PD;PYRIPROXYFEN;6,16;;
RO;18;10628;MIDAURIL MZ;59;;;17;PD;PYROXSULAM;47,28;;
RO;18;10632;COBRE NORDOX SUPER 75 WG;152;;;17;PD;QUINOXYFEN;50,81;;
RO;18;10701;CUMETA FLOW;251;;;17;PD;QUIZALOFOP-P (QUIZALOFOP ETILE D-ISOMERO);181,4;;
RO;18;10710;TOMAGAN;178;;;17;PD;QUIZALOFOP-P-ETILE;166,56;;
RO;18;10715;SILGLIF NF;141;;;17;PD;RAPE SEED OIL (OLIO DI COLZA);506,83;;
RO;18;10734;DUAL GOLD;1413;;;17;PD;RIMSULFURON;19,01;;
RO;18;10735;PRIMAGRAM GOLD;9877;;;17;PD;SALE SODICO DI ALCHILETERE SOLFATO;202,73;;
RO;18;10752;STEWARD;227,25;;;17;PD;SILICONI;3,21;;
RO;18;10753;FOLICUR SE;202,9;;;17;PD;S-METOLACHLOR;7.866,48;;
RO;18;10758;BEETUP-TRIO;602;;;17;PD;SODIUM DIOCTYL SULFOSUCCINATE (AUTORIZZATO SOLO COME COADIUVANTE);29,3;;
RO;18;10771;MOST MICRO;1482;;;17;PD;SORBITAN MONO OLEATO ETOSSILATO;37,44;;
RO;18;10878;PANESCA;12;;;17;PD;SORBITAN MONOLEATO;450,6;;
RO;18;10892;OSSICLOR 50 PB MANICA;80;;;17;PD;SPINOSAD;39,41;;
RO;18;10925;BEYOND;13;;;17;PD;SPIRODICLOFEN;0,22;;
RO;18;10926;ALTOREX;193;;;17;PD;SPIROMESIFEN;1,49;;
RO;18;10927;KOHINOR PLUS;540;;;17;PD;SPIROTETRAMAT;7,55;;
RO;18;10929;CHIKARA 25 WG;2,9;;;17;PD;SPIROXAMINE;787,12;;
RO;18;10939;CP 40 AGRO;58;;;17;PD;STREPTOMYCES K61;0,05;;
RO;18;10944;KARATE ZEON;331,75;;;17;PD;SULCOTRIONE;228,5;;
RO;18;10948;CYMOXAN 45 WG;10;;;17;PD;SULPHUR (ZOLFO);114.681,86;;
RO;18;10952;CARPOVIRUSINE PLUS;548;;;17;PD;TEBUCONAZOLE;1.397,19;;
RO;18;10973;PYRINEX PRONTO;21,5;;;17;PD;TEBUFENOZIDE;6,21;;
RO;18;10976;METEOR;1927,23;;;17;PD;TEBUFENPYRAD;0,4;;
RO;18;10985;MEVAXIL M;70;;;17;PD;TEFLUTHRIN;204,03;;
RO;18;10986;KASKO R;23;;;17;PD;TEMBOTRIONE;223,04;;
RO;18;10989;MEVAXIL R;17;;;17;PD;TEPRALOXYDIM;69,01;;
RO;18;10999;BETANAL SE;520;;;17;PD;TERBUTHYLAZINE;4.966,10;;
RO;18;11011;DASH HC;8005;;;17;PD;TETRACONAZOLE;55,59;;
RO;18;11017;GLIFO-POP S;2;;;17;PD;THIABENDAZOLE;0,4;;
RO;18;11027;MET-BLOC;11,5;;;17;PD;THIACLOPRID;7,07;;
RO;18;11041;FOLMAK COMBI;185;;;17;PD;THIAMETHOXAM;70,52;;
RO;18;11045;DODIPREV 35;14;;;17;PD;THIENCARBAZONE-METHYL;135,26;;
RO;18;11059;BIOPOWER;1434;;;17;PD;THIFENSULFURON-METHYL;58,02;;
RO;18;11062;BION 50 WG;19;;;17;PD;THIOPHANATE-METHYL;1.626,93;;
RO;18;11072;WIND;293;;;17;PD;THIRAM;1.026,56;;
RO;18;11076;CLINIC PRO;164;;;17;PD;TOLCLOFOS-METHYL;134,42;;
RO;18;11098;CADDY;1;;;17;PD;TRI-ALLATE;72,45;;
RO;18;11102;HELIOSOUFRE S;1000;;;17;PD;TRIASULFURON;19,88;;
RO;18;11104;CUPROFIX 30 DISPERSS;1090;;;17;PD;TRIBASIC COPPER SULPHATE (RAME SOLFATO TRIBASICO);1.957,22;;
RO;18;11119;FLINT;322,3;;;17;PD;TRIBENURON-METILE;49,19;;
RO;18;11133;SHELTER;8;;;17;PD;TRICHODERMA ASPERELLUM;0,94;;
RO;18;11145;KREIS;30;;;17;PD;TRICHODERMA GAMSII;0,94;;
RO;18;11147;KRUG;42;;;17;PD;TRICLOPYR;69,22;;
RO;18;11150;ALL SEASONS;1;;;17;PD;TRIFLOXYSTROBIN;57,8;;
RO;18;11157;PROPYDOR;77;;;17;PD;TRIFLUMURON;7,27;;
RO;18;11173;AVAUNT EC;838,5;;;17;PD;TRIFLUSULFURON-METHYL;57,34;;
RO;18;11175;KRISTAL 32;47;;;17;PD;TRINEXAPAC ETHYL;67,58;;
RO;18;11182;GLIPHYT;10;;;17;PD;TRISILOSSANO ETOSSILATO PROPOSSILATO;14,25;;
RO;18;11183;PROGERBALIN LG;77;;;17;PD;TRITOSULFURON;34,5;;
RO;18;11185;GERLAGIB LG;7;;;17;PD;VALIPHENAL (IR5885);17,52;;
RO;18;11186;CUTIS;0,7;;;17;PD;ZETA CYPERMETHRIN;122,17;;
RO;18;11190;PENCOR 10 EC;2,45;;;17;PD;ZIRAM;1.102,00;;
RO;18;11196;SULFAR;8490;;;17;PD;ZOXAMIDE;102,17;;
RO;18;11197;VITENE 45 WG;11;;;18;RO;(E)-5-DECEN-1-OL;0,19;;
RO;18;11200;LENACILO FCS;28;;;18;RO;(E)-5-DECEN-1-YL-ACETATE;1,59;;
RO;18;11201;PROPYFLOR;2;;;18;RO;(E)-8-DODECEN-1-YL ACETATE;0,07;;
RO;18;11204;RIZOSOL 50;40;;;18;RO;(E,E)-8,10-DODECADIEN-1-OL (CODLEMONE);12,45;;
RO;18;11206;CODACIDE;2685;;;18;RO;(E/Z)-8-DODECEN-1-YL ACETATE;3,25;;
RO;18;11223;GALIGAN 500 SC;39;;;18;RO;(Z)-8-DODECEN-1-OL;0,02;;
RO;18;11231;CAPTANE 80 DF;323;;;18;RO;(Z)-8-DODECEN-1-YL ACETATE;1,03;;
RO;18;11243;LEOPARD 5 EC;1227;;;18;RO;1,3-DICHLOROPROPENE;20.961,70;;
RO;18;11252;CONTANS WG;53,6;;;18;RO;2,4-D;480,68;;
RO;18;11253;CALLISTO;1362;;;18;RO;3,6 dioxaeicosilsolfato;129,06;;
RO;18;11255;DIVAM FLOW;20;;;18;RO;3,6 dioxaottodecilsolfato di sodio;256,69;;
RO;18;11258;FAZOR;100;;;18;RO;6-BENZYLADENINE;57,94;;
RO;18;11301;SPHERE;744;;;18;RO;ABAMECTIN;53,83;;
RO;18;11303;CHAMP DP;100;;;18;RO;ACEQUINOCYL;4,05;;
RO;18;11307;AGRIRAT;27;;;18;RO;ACETAMIPRID;86,25;;
RO;18;11310;CHIMIGOR 20;194;;;18;RO;ACIBENZOLAR-S-METHYL;9,5;;
RO;18;11313;PROXAN SL;3;;;18;RO;ACLONIFEN;153,76;;
RO;18;11339;THIOVIT;25;;;18;RO;ACRINATHRIN;2,54;;
RO;18;11341;STARANE GOLD;1629;;;18;RO;ALCOOL GRASSO ETOSSILATO;36,8;;
RO;18;11345;ZOLVIS 80 WDG;2189;;;18;RO;ALCOOL LAURILICO ETOSSILATO;0,02;;
RO;18;11353;FUSILADE MAX;1221;;;18;RO;ALCOOL LAURILICO POLIETOSSILATO;3,47;;
RO;18;11374;BAGNANTE AGN L;22;;;18;RO;ALPHA-CYPERMETHRIN (ALPHAMETHRIN);64,94;;
RO;18;11382;GARDENE PLUS;28;;;18;RO;AMETOCTRADIN;85,02;;
RO;18;11393;BEETLE;366,5;;;18;RO;AMIDOSULFURON;5,96;;
RO;18;11396;WIRK;214;;;18;RO;AMINOPYRALID;0,46;;
RO;18;11403;MELODY COMPACT;472;;;18;RO;AMITROLE;198,39;;
RO;18;11416;OVIPRON TOP;1594;;;18;RO;AZADIRACHTIN A (AZADIRACTINA A);9,18;;
RO;18;11418;ROUNDUP 450 PLUS;181;;;18;RO;AZOXYSTROBIN;1.415,89;;
RO;18;11448;KICKER;9;;;18;RO;BACILLUS AMYLOLIQUEFACIENS SUBSP. PLANTARUM D747;43,5;;
RO;18;11449;GARDOPRIM GOLD;2090;;;18;RO;BACILLUS SUBTILIS (CEPPO QST 713);0,72;;
RO;18;11479;BRANCHER DIRADO;131;;;18;RO;BACILLUS THURINGIENSIS SOTTOSPECIE KURSTAKI 3A-3B CEPPO HD1;0,74;;
RO;18;11497;CRITTOVIT WG;220;;;18;RO;BACILLUS THURINGIENSIS SOTTOSPECIE KURSTAKI CEPPO ABTS 351;119,88;;
RO;18;11499;BUSTER;5,4;;;18;RO;BACILLUS THURINGIENSIS SOTTOSPECIE KURSTAKI CEPPO EG 2348;12,9;;
RO;18;11500;CAPTHENE 80 WDG;540;;;18;RO;BACILLUS THURINGIENSIS SOTTOSPECIE KURSTAKI CEPPO SA 11;0,51;;
RO;18;11505;READY GERMIPLUS;7;;;18;RO;BEAUVERIA BASSIANA;12,88;;
RO;18;11513;EXILIS;30;;;18;RO;BENALAXYL;5,76;;
RO;18;11523;SEPRADINA SC;1;;;18;RO;BENFLURALIN;122,3;;
RO;18;11525;FUNGIDINA;21,2;;;18;RO;BENTAZONE;7.610,07;;
RO;18;11526;SULTAN;592;;;18;RO;BENTHIAVALICARB;0,16;;
RO;18;11527;PYRINEX QUICK;612,84;;;18;RO;BETA-CIFLUTRIN;2,05;;
RO;18;11549;ISOMATE OFM ROSSO FLEX;2,93;;;18;RO;BIFENAZATE;1,54;;
RO;18;11551;ISOMATE C PLUS;3,06;;;18;RO;BIXAFEN;168,3;;
RO;18;11556;RAK 5+6;756;;;18;RO;BORDEAUX MIXTURE (RAME POLTIGLIA BORDOLESE);468,91;;
RO;18;11560;REGALIS;224;;;18;RO;BOSCALID;937,66;;
RO;18;11561;NEEMAZAL T/S;131,5;;;18;RO;BROMADIOLONE;0,01;;
RO;18;11569;CUPROXAT S.D.I.;140;;;18;RO;BROMUCONAZOLE;13,32;;
RO;18;11586;TOP-AGAN;2064;;;18;RO;BUPIRIMATE;191,48;;
RO;18;11587;CAMBEL S;1367;;;18;RO;BUPROFEZIN;28,63;;
RO;18;11596;CALYPSO;324;;;18;RO;CALCIUM POLYSULPHIDE (POLISOLFURO DI CALCIO O ZOLFO CALCICO);2.235,00;;
RO;18;11600;CRUISER 350 FS;21;;;18;RO;CAPTANO;18.211,65;;
RO;18;11611;VYDATE 10L;255;;;18;RO;CARFENTRAZONE-ETHYL;38,74;;
RO;18;11614;ACTARA 25 WG;227,1;;;18;RO;CHLORANTRANILIPROLE;395,61;;
RO;18;11637;CUPROFIX C DISPERSS;197;;;18;RO;CHLORIDAZON;1.151,47;;
RO;18;11638;FLUORATE;101;;;18;RO;CHLORMEQUAT (CHLORIDE);2,88;;
RO;18;11642;PIKAR;94;;;18;RO;CHLOROTHALONIL;2.806,36;;
RO;18;11649;COMMAND 36 CS;286,5;;;18;RO;CHLORPROPHAM;23,9;;
RO;18;11653;FOLIO GOLD 537,5 SC;813;;;18;RO;CHLORPYRIFOS;9.922,38;;
RO;18;11659;HERBITOTAL S;16;;;18;RO;CHLORPYRIFOS-METHYL;604,09;;
RO;18;11660;SHOGUN;10134;;;18;RO;CHLORTOLURON;89,9;;
RO;18;11668;PLENUM 50 WG;10,6;;;18;RO;CIFLUTRIN;15,15;;
RO;18;11678;ACTELLIC 2P NEWPHARM;20;;;18;RO;CLETHODIM;5,75;;
RO;18;11680;CICLONE;2740;;;18;RO;CLODINAFOP PROPARGYL;347,21;;
RO;18;11690;GOAL 480 SC;0,25;;;18;RO;CLOFENTEZINE;0,45;;
RO;18;11693;LASER;239,75;;;18;RO;CLOMAZONE;161,93;;
RO;18;11698;MINUET;301;;;18;RO;CLOPYRALID;93,34;;
RO;18;11700;BOTANIGARD 22 WP;57,05;;;18;RO;CLOQUINTOCET MEXYL;202,37;;
RO;18;11703;GEOTOX  L;268;;;18;RO;CLOTHIANIDIN;0,2;;
RO;18;11704;OLIO OGNISTAGIONE;3;;;18;RO;CONIOTHYRIUM MINITANS;2,84;;
RO;18;11710;GARDIUS;6;;;18;RO;COPOLIMER 21;60;;
RO;18;11711;DUKE IDROSSIDO;76;;;18;RO;COPPER HYDROXIDE (RAME IDROSSIDO);1.404,77;;
RO;18;11723;MAVRIK PRONTO USO;1;;;18;RO;COPPER OXIDE (RAME OSSIDO);114;;
RO;18;11730;COSMOTRIN;2,3;;;18;RO;COPPER OXYCHLORIDE (RAME OSSICLORURO);14.531,55;;
RO;18;11752;ENVIDOR 240 SC;27,5;;;18;RO;COPPER SULFATE (RAME SOLFATO);5.506,71;;
RO;18;11760;POLITHIOL;2940;;;18;RO;CYAZOFAMID;70,24;;
RO;18;11762;FORUM STAR;45;;;18;RO;CYCLOXYDIM;660,09;;
RO;18;11788;NEMACUR 240 CS;95;;;18;RO;CYDIA POMONELLA GRANULOSIS VIRUS;133,27;;
RO;18;11794;STOPPER;7,75;;;18;RO;CYFLUFENAMID;2,75;;
RO;18;11802;TETRACAP 80 DG;1800;;;18;RO;CYMOXANIL;350,57;;
RO;18;11821;WEEDAZOL TL;495;;;18;RO;CYPERMETHRIN;396,64;;
RO;18;11829;PROTAK 43 EC;40;;;18;RO;CYPROCONAZOLE;224,63;;
RO;18;11841;RUITOR;7;;;18;RO;CYPRODINIL;465,3;;
RO;18;11857;MIDAURIL COMBI;90;;;18;RO;CYPROSULFAMIDE;510,22;;
RO;18;11862;LOBBY;568;;;18;RO;CYROMAZINE (CIROMAZINA);0,75;;
RO;18;11871;AGROLIM;1;;;18;RO;DAMINOZIDE;32,3;;
RO;18;11872;RIFLE 4-24 R;100;;;18;RO;DAZOMET;1.702,80;;
RO;18;11885;ELICIO;370;;;18;RO;DB-2,4;14,25;;
RO;18;11907;RIFOS 480 EC;7;;;18;RO;DELTAMETHRIN;76,12;;
RO;18;11908;VENTUREX 35 L;16,7;;;18;RO;DENATHONIUM BENZOATE (DENATONIO BENZOATO);0,44;;
RO;18;11921;RISCIO' 50 WP/RISCIO';396;;;18;RO;DESMEDIPHAM;96,68;;
RO;18;11922;MYRTOS SL;6;;;18;RO;DICAMBA;908;;
RO;18;11931;MANZEB 75 WG;1301;;;18;RO;DICAMBA SALE DIMETILAMMINICO;9,24;;
RO;18;11944;ASPECT;400;;;18;RO;DICAMBA SALE SODICO;603,44;;
RO;18;11948;VINCARE;9;;;18;RO;DIFENOCONAZOLE;398;;
RO;18;11954;TERMINAL DUO;15;;;18;RO;DIFLUBENZURON;9,75;;
RO;18;11964;POLTIGLIA CAFFARO 20 GD;802;;;18;RO;DIFLUFENICAN;11,52;;
RO;18;11967;MICLOTOP EC;1;;;18;RO;DIMETHENAMID-P;1.378,44;;
RO;18;11977;SULFUR 80 WG;195;;;18;RO;DIMETHOATE;2.119,84;;
RO;18;11979;BORDO 20 MICRO;58,4;;;18;RO;DIMETHOMORPH;811,74;;
RO;18;11991;NEEMIK;938;;;18;RO;DIQUAT;1.668,55;;
RO;18;12010;TUAREG;6323;;;18;RO;DITHIANON;5.347,34;;
RO;18;12020;SUCCESS;118,78;;;18;RO;DODECAN-1-OL;0;;
RO;18;12023;MEGIC;498;;;18;RO;DODINE;485,31;;
RO;18;12030;SNOW;19;;;18;RO;EMAMECTIN BENZOATE;81,01;;
RO;18;12036;KINTO;150;;;18;RO;EPOXICONAZOLE;195,47;;
RO;18;12043;PREVICUR ENERGY;912,1;;;18;RO;EPTAMETILTRISILOSSANO, POLIALCHILENE OSSIDO MODIFICATO;75,18;;
RO;18;12046;FITOIL;1;;;18;RO;ESFENVALERATE;9,38;;
RO;18;12048;TIOSOL 80 WG;10;;;18;RO;ETHEPHON;148,84;;
RO;18;12067;CIPER;220,5;;;18;RO;ETHOFUMESATE;576,28;;
RO;18;12068;TEFLUSTAR;4702,55;;;18;RO;ETHOPROPHOS;159;;
RO;18;12069;EPIK;1725;;;18;RO;ETOFENPROX;202,2;;
RO;18;12083;DANADIM PROGRESS;5024;;;18;RO;ETOXAZOLE;2,21;;
RO;18;12090;MICROSED GEO/MICRONOL T5;220;;;18;RO;ETRIDIAZOLE;19,75;;
RO;18;12096;POLTIGLIA DISPERSS;23383;;;18;RO;FENAMIDONE;42,92;;
RO;18;12100;ASSET;646;;;18;RO;FENAMIPHOS;21,95;;
RO;18;12113;VIRGO;2;;;18;RO;FENBUCONAZOLE;7,95;;
RO;18;12114;AUXIGER LG;263;;;18;RO;FENHEXAMID;44,71;;
RO;18;12115;BARRACUDA;285;;;18;RO;FENOXAPROP-P-ETHYL;6,23;;
RO;18;12133;JUVINAL 10 EC;53,5;;;18;RO;FENPROPIDIN;273,6;;
RO;18;12136;VERITAS;82;;;18;RO;FENPYRAZAMINE;16,5;;
RO;18;12138;R6 ERRESEI TREVI;312;;;18;RO;FERRIC PHOSPHATE (FOSFATO FERRICO);8,18;;
RO;18;12156;MAKE UP 80 WDG;1,5;;;18;RO;FLAZASULFURON;0,73;;
RO;18;12174;V.I.P. FLOW;4913,5;;;18;RO;FLONICAMID;50,72;;
RO;18;12177;VITTORIA 24 SC;22,8;;;18;RO;FLORASULAM;36,39;;
RO;18;12192;GRANSTAR 50 SX;0,4;;;18;RO;FLUAZIFOP-P-BUTYL;240,09;;
RO;18;12199;SILBOT MZ 60;19;;;18;RO;FLUAZINAM;493,05;;
RO;18;12200;SILBOT R/DYMO R;250;;;18;RO;FLUDIOXONIL;270,2;;
RO;18;12202;ZEMIX R;1;;;18;RO;FLUFENACET;274,14;;
RO;18;12207;ROUNDUP K QUATTROCENTO 50;200;;;18;RO;FLUOPICOLIDE;42,45;;
RO;18;12212;PENTHIUM EC;420;;;18;RO;FLUOPYRAM;51,97;;
RO;18;12215;VEBIPHOS 7,5;15,25;;;18;RO;FLUROXYPYR;661,3;;
RO;18;12225;TEPPEKI;101,44;;;18;RO;FLUTRIAFOL;96,76;;
RO;18;12243;MANTIR DG;375;;;18;RO;FLUVALINATE;173,58;;
RO;18;12245;ROUNDUP 360 POWER;22404;;;18;RO;FOLPET;845,1;;
RO;18;12250;PENCOR COMBI;63;;;18;RO;FORAMSULFURON;161,83;;
RO;18;12260;TECNOCONTROL EXTRA;5,5;;;18;RO;FORCHLORFENURON;0,23;;
RO;18;12263;VONDOZEB DG;425;;;18;RO;FORMETANATE;63,1;;
RO;18;12270;UNICORN DF;10;;;18;RO;FOSETYL-ALUMINIUM;11.815,55;;
RO;18;12272;MAGNET OLI;18;;;18;RO;FOSTHIAZATE;10;;
RO;18;12296;GAIO SX;0,56;;;18;RO;GIBBERELLIC ACID (ACIDO GIBBERELLICO A3);90,47;;
RO;18;12297;TRIBASE TWIN;5;;;18;RO;GIBBERELLINS (A4+A7);18,6;;
RO;18;12298;GUNNER SC;38;;;18;RO;GLUFOSINATE-AMMONIUM;591,3;;
RO;18;12317;DACOL L 20;316;;;18;RO;GLYPHOSATE (GLIFOSATE);59.858,02;;
RO;18;12318;VIVER;1;;;18;RO;GLYPHOSATE ISOPROPYLAMINE (GLIFOSATE SALE ISOPROPILAMINICO);4.981,72;;
RO;18;12320;PERSHING;263,74;;;18;RO;HEXYTHIAZOX;9,73;;
RO;18;12325;MESUROL M PLUS;477;;;18;RO;IMAZAMOX;493,68;;
RO;18;12330;DEDALUS SE;4525,9;;;18;RO;IMIDACLOPRID;455,74;;
RO;18;12361;ALGEDI;187,6;;;18;RO;INDOXACARB;200,66;;
RO;18;12368;CARPOSTOP;943,5;;;18;RO;IODOSULFURON METHYL SODIUM;11,61;;
RO;18;12375;SUGAR 500 SC;3005;;;18;RO;IOXYNIL;106,48;;
RO;18;12376;FITAGIL;357;;;18;RO;IOXYNIL OCTANOATE;61,15;;
RO;18;12380;VIVENDI 100;9;;;18;RO;IPRODIONE;863,1;;
RO;18;12381;NU-FILM P;235;;;18;RO;IPROVALICARB;49,7;;
RO;18;12383;RIDOMIL GOLD MZ PEPITE;442;;;18;RO;ISOXABEN;40,04;;
RO;18;12393;COPPERCIM WG;37,75;;;18;RO;ISOXADIFEN ETHYL;256,32;;
RO;18;12395;CUTRIL TOP;1855;;;18;RO;ISOXAFLUTOLE;644,41;;
RO;18;12399;GANZO;16;;;18;RO;KRESOXIM METHYL;47,04;;
RO;18;12406;PLIS;27;;;18;RO;LAMBDA-CYHALOTHRIN;322,71;;
RO;18;12420;TB 20 DG;0,5;;;18;RO;LECANICILLIMUM MUSCARIUM (VE6);0,33;;
RO;18;12437;DELAN 70 WG;7559;;;18;RO;LENACIL;214,81;;
RO;18;12452;EQUIP;7036;;;18;RO;LINURON;563,96;;
RO;18;12453;MILDICUT;5;;;18;RO;LUFENURON;2,33;;
RO;18;12459;VOLCAN SC;110;;;18;RO;MALEIC HYDRAZIDE (IDRAZIDE MALEICA);60;;
RO;18;12482;LUMAX;20290;;;18;RO;MANCOZEB;17.014,00;;
RO;18;12491;CIPERTHRIN PLUS;684;;;18;RO;MANDIPROPAMID;55,66;;
RO;18;12492;ASTROL NUOVO;10;;;18;RO;MCPA;2.120,43;;
RO;18;12498;TRAXOS;0,25;;;18;RO;MCPA SODIUM (MCPA SALE SODICO);5,3;;
RO;18;12504;FLOWBRIX;15;;;18;RO;MCPA-DIMETHYLAMMONIUM (MCPA SALE DIMETILAMMINICO);3,2;;
RO;18;12505;FLOWBRIX BLU;6;;;18;RO;MCPA-THIOETHYL;0,17;;
RO;18;12514;VIPER;40;;;18;RO;MECOPROP;224,16;;
RO;18;12519;CORSARIO;153;;;18;RO;MECOPROP-P;196,89;;
RO;18;12526;SWAN;0,25;;;18;RO;MEFENPYR DIETHYL;34,52;;
RO;18;12528;CABRIO TOP;104;;;18;RO;MEPANIPYRIM;1,5;;
RO;18;12534;FOXTAIL;20,9;;;18;RO;MEPTYLDINOCAP;131,38;;
RO;18;12538;MYSTIC 25 WG;118;;;18;RO;MESOSULFURON METHYL;11,51;;
RO;18;12540;REGRAN SL;10;;;18;RO;MESOTRIONE;756,87;;
RO;18;12560;METHIOR;1156;;;18;RO;METAFLUMIZONE;98,69;;
RO;18;12566;PYGANIC 1.4;43,15;;;18;RO;METALAXYL;49,64;;
RO;18;12573;EKO OIL SPRAY;6369;;;18;RO;METALAXYL M;240,41;;
RO;18;12578;RANMAN;1,7;;;18;RO;METALDEHYDE (METALDEIDE);145,83;;
RO;18;12584;AVIATOR;25;;;18;RO;METAM SODIUM (USI ESSENZIALI FINO AL 31.12.2014);64,2;;
RO;18;12590;DIASTAR MAXI;2500;;;18;RO;METAMITRON;4.358,38;;
RO;18;12598;GRANSTAR POWER SX;268,14;;;18;RO;METAZACHLOR;371,56;;
RO;18;12622;QUANTUM;534,5;;;18;RO;METCONAZOLE;239,34;;
RO;18;12625;EFUZIN 355 SC/FULLDINA 35 FL;90;;;18;RO;METHIOCARB;147,06;;
RO;18;12627;DANADIM 400;126;;;18;RO;METHOMYL;36;;
RO;18;12628;SERENADE MAX;33;;;18;RO;METHOXYFENOZIDE;58,73;;
RO;18;12629;BUGGY 360 SG N.E.T.;810;;;18;RO;METIRAM;9.629,64;;
RO;18;12636;QUASAR 6/24 R;689;;;18;RO;METRAFENONE;31,59;;
RO;18;12642;TRATON SX;9,17;;;18;RO;METRIBUZIN;295,85;;
RO;18;12647;GLITTER;421;;;18;RO;METSULFURON METHYL;3,57;;
RO;18;12654;SPINTOR;92;;;18;RO;MISCELA DI METIL OLEATO E METIL PALMITATO;3.001,88;;
RO;18;12661;SCUDEX WDG;6;;;18;RO;MYCLOBUTANIL;26,98;;
RO;18;12670;RISOLUTIV SL;285;;;18;RO;NAA;31,51;;
RO;18;12671;HARMONY 50 SX;105,38;;;18;RO;NAD;19,23;;
RO;18;12678;CERALL;200;;;18;RO;NAPROPAMIDE;57,12;;
RO;18;12683;MEXTROL PLUS;165;;;18;RO;NICOSULFURON;417,16;;
RO;18;12686;CHAMAN;120;;;18;RO;NONIL-FENIL-POLIOSSIETILENE ETANOLO;242,2;;
RO;18;12696;TEBUZOL S DISPERSS;154;;;18;RO;OXADIAZON;199,63;;
RO;18;12723;OSSICLOR 20 BLU FLOW;29;;;18;RO;OXAMYL;120,55;;
RO;18;12731;MICLOTOP PROGRESS;1;;;18;RO;OXYFLUORFEN;82,14;;
RO;18;12734;JUPITER R DF;20,3;;;18;RO;PACLOBUTRAZOL;10,15;;
RO;18;12737;AIRONE PIU';2953;;;18;RO;PARAFFIN OIL/(CAS 64742-46-7);494,19;;
RO;18;12738;KING 360 HP;10;;;18;RO;PARAFFIN OIL/(CAS 8042-47-5);29.734,46;;
RO;18;12741;GEMINISTAR;14;;;18;RO;PARAFFIN OIL/(CAS 97862-82-3);11.126,96;;
RO;18;12747;CUPRAVIT BLU WG;1,8;;;18;RO;PENCONAZOLE;66,2;;
RO;18;12748;GRIFON PIU';20;;;18;RO;PENDIMETHALIN;2.103,04;;
RO;18;12754;KUPRUM TOP 30 WG;10,6;;;18;RO;PENOXSULAM;0,84;;
RO;18;12756;DICOTEX;1,8;;;18;RO;PENTHIOPYRAD;16,52;;
RO;18;12759;OSSICLOR 35 WG;902;;;18;RO;PETHOXAMID;683,1;;
RO;18;12770;ALAR 85 GOLD;38;;;18;RO;PHENMEDIPHAM;506,88;;
RO;18;12779;RAMEDIT COMBI WG;862;;;18;RO;PHOSMET;71,44;;
RO;18;12785;CHECKMATE CM-XL;1,02;;;18;RO;PICLORAM;0,16;;
RO;18;12788;ADIGOR;1,5;;;18;RO;PICOXYSTROBIN;206,55;;
RO;18;12806;FEDOR;487;;;18;RO;PINOLENE;241,92;;
RO;18;12813;AMISTAR XTRA;2186;;;18;RO;PINOXADEN;131,67;;
RO;18;12824;MERLIN EXPERT;20;;;18;RO;PIPERONYL BUTOXIDE (PIPERONIL BUTOSSIDO);1,89;;
RO;18;12827;PREMIER ZR/ELECTIS R;23;;;18;RO;PIRIMICARB;52,85;;
RO;18;12828;SITOFEX;26;;;18;RO;PIRIMIPHOS METHYL;0,89;;
RO;18;12832;OPERA;4154;;;18;RO;POLISILOSSANO;48,44;;
RO;18;12833;ISOMATE C/OFM;2,41;;;18;RO;POTASSIUM HYDROGEN CARBONATE (IDROGENOCARBONATO DI POTASSIO);225,25;;
RO;18;12837;ARIUS SYSTEM PLUS;119;;;18;RO;PROCHLORAZ;2.684,46;;
RO;18;12841;SUCCESSOR T;160;;;18;RO;PROHEXADIONE CALCIUM;22,4;;
RO;18;12843;CHECKMATE CM-F;84,99;;;18;RO;PROPAMOCARB;709,7;;
RO;18;12844;CHECKMATE OFM-F;4,68;;;18;RO;PROPAMOCARB HYDROCHLORIDE;26,7;;
RO;18;12847;EAGLE;10;;;18;RO;PROPAQUIZAFOP;1.394,67;;
RO;18;12849;BENPROP PRO/GEMINI;909;;;18;RO;PROPICONAZOLE;276,42;;
RO;18;12857;PROREX;298;;;18;RO;PROPINEB;227,5;;
RO;18;12858;PRODIGY;206;;;18;RO;PROPOXYCARBAZONE;13,92;;
RO;18;12859;BORNEO;20,62;;;18;RO;PROPYZAMIDE;1.290,92;;
RO;18;12862;CANTUS;618;;;18;RO;PROSULFURON;7,98;;
RO;18;12863;FLORAMITE 240 SC;1;;;18;RO;PROTHIOCONAZOLE;652,55;;
RO;18;12865;DANTOP 50 WG;0,4;;;18;RO;PSEUDOMONAS CHLORORAPHIS;1,8;;
RO;18;12866;COLLIS;95;;;18;RO;PYMETROZINE;5,3;;
RO;18;12868;BELLIS;670;;;18;RO;PYRACLOSTROBIN;1.389,92;;
RO;18;12869;SIGNUM;1324;;;18;RO;PYRAFLUFEN ETHYL;1,7;;
RO;18;12878;RIDOMIL GOLD COMBI PEPITE;683;;;18;RO;PYRETHRIN I;26,44;;
RO;18;12880;ATLANTIS WG;29;;;18;RO;PYRETHRINS;0,73;;
RO;18;12881;HUSSAR MAXX;330;;;18;RO;PYRIDABEN;1,36;;
RO;18;12883;PROSPER 300 CS;77;;;18;RO;PYRIDATE;21,06;;
RO;18;12886;KARATHANE STAR;368;;;18;RO;PYRIMETHANIL;131,22;;
RO;18;12888;LEPINOX PLUS;86;;;18;RO;PYRIPROXYFEN;85,21;;
RO;18;12903;DOLESE WG;12;;;18;RO;PYROXSULAM;109,95;;
RO;18;12904;BRAITEX;50;;;18;RO;QUINOXYFEN;14,72;;
RO;18;12916;CYMONE 25 WP;207;;;18;RO;QUIZALOFOP-P (QUIZALOFOP ETILE D-ISOMERO);98,49;;
RO;18;12920;AGORA;3;;;18;RO;QUIZALOFOP-P-ETILE;197,21;;
RO;18;12924;JUPITER WG;650;;;18;RO;RAPE SEED OIL (OLIO DI COLZA);2.551,46;;
RO;18;12933;MOXYL 20 WP;12;;;18;RO;RIMSULFURON;16,91;;
RO;18;12940;KARATE ZEON 1.5;3455;;;18;RO;SALE SODICO DI ALCHILETERE SOLFATO;153,26;;
RO;18;12953;ARAMO 50;2922;;;18;RO;S-METOLACHLOR;10.519,97;;
RO;18;12960;STARPROP;72;;;18;RO;SODIUM DIOCTYL SULFOSUCCINATE (AUTORIZZATO SOLO COME COADIUVANTE);10,54;;
RO;18;12972;GLYFOS DAKAR;4310;;;18;RO;SORBITAN MONO OLEATO ETOSSILATO;25,92;;
RO;18;12973;GLYFOS RAPID;1801;;;18;RO;SORBITAN MONOLEATO;961,56;;
RO;18;12992;BAGNANTE PLUS;197;;;18;RO;SOYA OIL (OLIO DI SOIA);27,4;;
RO;18;13001;MAICOL 240;108;;;18;RO;SPINOSAD;162,96;;
RO;18;13005;PROMAG;0,15;;;18;RO;SPIRODICLOFEN;6,13;;
RO;18;13010;RIFOS DUO;1;;;18;RO;SPIROMESIFEN;1,37;;
RO;18;13020;MICRORAM 35 WG;34;;;18;RO;SPIROTETRAMAT;99,22;;
RO;18;13025;MYSTIC 250 EW;75;;;18;RO;SPIROXAMINE;23,87;;
RO;18;13026;SUSCON;0,2;;;18;RO;SULCOTRIONE;376,09;;
RO;18;13045;CALYPSO PROTECTOR AL;3,5;;;18;RO;SULPHUR (ZOLFO);33.323,55;;
RO;18;13049;SULCOGAN;66;;;18;RO;TEBUCONAZOLE;3.947,36;;
RO;18;13055;MACHO;35;;;18;RO;TEBUFENOZIDE;1,38;;
RO;18;13061;BIOBIT DF;9;;;18;RO;TEBUFENPYRAD;0,2;;
RO;18;13062;DIPEL DF;10;;;18;RO;TEFLUTHRIN;161,45;;
RO;18;13063;REGULEX 10 SG;2,89;;;18;RO;TEMBOTRIONE;184,69;;
RO;18;13064;VITENE ULTRA SC;60;;;18;RO;TENSIOATTIVI NON IONICI;0,43;;
RO;18;13065;DOMARK 125;188,25;;;18;RO;TEPRALOXYDIM;154,87;;
RO;18;13068;NEORAM WG;6240;;;18;RO;TERBUTHYLAZINE;7.646,97;;
RO;18;13071;SIAFEN;12;;;18;RO;TETRACONAZOLE;86,93;;
RO;18;13072;MANNIX;0,5;;;18;RO;TETRADECAN-1-OL;0;;
RO;18;13084;TELDOR PLUS;101,2;;;18;RO;THIACLOPRID;130,9;;
RO;18;13093;STOMP AQUA;3313;;;18;RO;THIAMETHOXAM;75,41;;
RO;18;13095;DIRA-MAX LG;7;;;18;RO;THIENCARBAZONE-METHYL;152,37;;
RO;18;13098;ROUNDUP POWER 2.0;1789;;;18;RO;THIFENSULFURON-METHYL;265,93;;
RO;18;13104;ALGOR PLATIN;125;;;18;RO;THIOPHANATE-METHYL;2.877,55;;
RO;18;13106;IKANOS;173;;;18;RO;THIRAM;18.889,08;;
RO;18;13111;THIOCUR FORTE;361;;;18;RO;TOLCLOFOS-METHYL;432,16;;
RO;18;13120;MYSTIC 430 SC;113;;;18;RO;TRI-ALLATE;19,35;;
RO;18;13126;CABRIO DUO;1280;;;18;RO;TRIASULFURON;53,25;;
RO;18;13128;GOLTIX 50 WG;2567;;;18;RO;TRIBASIC COPPER SULPHATE (RAME SOLFATO TRIBASICO);1.293,34;;
RO;18;13129;BREAK-THRU S240;366,75;;;18;RO;TRIBENURON-METILE;149,43;;
RO;18;13133;NIBER 35 WG;12;;;18;RO;TRICHODERMA ASPERELLUM;1,32;;
RO;18;13143;MEZENE WG;7084;;;18;RO;TRICHODERMA GAMSII;0,9;;
RO;18;13149;POLTIGLIA MANICA 20 WG;69;;;18;RO;TRICLOPYR;13,52;;
RO;18;13150;CURAME 35 WG;172;;;18;RO;TRIFLOXYSTROBIN;290,84;;
RO;18;13152;OPTIX R DISPERSS;5;;;18;RO;TRIFLUMURON;21,81;;
RO;18;13153;BANVEL S;714;;;18;RO;TRIFLUSULFURON-METHYL;56,88;;
RO;18;13158;REMEDIER;45;;;18;RO;TRINEXAPAC ETHYL;66,81;;
RO;18;13160;FORUM TOP;3;;;18;RO;TRISILOSSANO ETOSSILATO PROPOSSILATO;275,06;;
RO;18;13166;SPINNER WG;402,5;;;18;RO;TRITICONAZOLE;2,85;;
RO;18;13167;POMARSOL 80 WG;20604;;;18;RO;TRITOSULFURON;46,9;;
RO;18;13168;LAUDIS;4295;;;18;RO;VALIPHENAL (IR5885);4,92;;
RO;18;13172;CREW 40 OD;307;;;18;RO;ZETA CYPERMETHRIN;96,64;;
RO;18;13185;SIATTOL;16;;;18;RO;ZIRAM;8.785,60;;
RO;18;13186;TITUS MAIS EXTRA;34,96;;;18;RO;ZOXAMIDE;43,09;;
RO;18;13205;ZOLFO MANICA SCORREVOLE DOPPIO RAFFINATO;750;;;19;RO;1,3-DICHLOROPROPENE;43.019,50;;
RO;18;13212;CONFIDOR 200 O-TEQ;40,85;;;19;RO;2,4-D;154,82;;
RO;18;13213;R6 ERRESEI ALBIS;723;;;19;RO;3,6 dioxaeicosilsolfato;37,89;;
RO;18;13227;FUNGURAN-OH 250 SC;11;;;19;RO;3,6 dioxaottodecilsolfato di sodio;75,36;;
RO;18;13236;BULLET;1538;;;19;RO;6-BENZYLADENINE;0,07;;
RO;18;13242;NICOGAN V.O.;218;;;19;RO;ABAMECTIN;4,42;;
RO;18;13244;ZOLFO VENTILATO STELLA;1260;;;19;RO;ACETAMIPRID;15,6;;
RO;18;13249;ZOLFO VENTILATO STELLA RAMATO S;100;;;19;RO;ACLONIFEN;99,2;;
RO;18;13252;PLAYER 250 SC;108;;;19;RO;ACRINATHRIN;1,07;;
RO;18;13253;PLAYER SC;48;;;19;RO;ALCOOL GRASSO ETOSSILATO;23,56;;
RO;18;13267;IMPERO;42;;;19;RO;ALCOOL ISOTRIDECILICO;3;;
RO;18;13283;GARAK;43;;;19;RO;ALCOOL LAURILICO ETOSSILATO;0,02;;
RO;18;13285;SEVERAL;13;;;19;RO;ALCOOL LAURILICO POLIETOSSILATO;54,54;;
RO;18;13296;POKER 7,5;107;;;19;RO;ALPHA-CYPERMETHRIN (ALPHAMETHRIN);39,15;;
RO;18;13299;MAGIO';15;;;19;RO;AMETOCTRADIN;3,15;;
RO;18;13307;BERLINA;110;;;19;RO;AMINOPYRALID;0,28;;
RO;18;13308;DICARZOL 10 SP;20;;;19;RO;AMITROLE;22,22;;
RO;18;13309;DRAKE 26;86;;;19;RO;AZADIRACHTIN A (AZADIRACTINA A);1,37;;
RO;18;13311;DOMARK COMBI WG;2;;;19;RO;AZOXYSTROBIN;969,08;;
RO;18;13313;CASPER;144;;;19;RO;BACILLUS FIRMUS I-1582;33;;
RO;18;13314;CABRIO EC;3;;;19;RO;BACILLUS SUBTILIS (CEPPO QST 713);0,05;;
RO;18;13323;SULFY 80 WDG;20;;;19;RO;BACILLUS THURINGIENSIS SOTTOSPECIE KURSTAKI CEPPO ABTS 351;0,12;;
RO;18;13324;CUPRIZOL S;1,75;;;19;RO;BACILLUS THURINGIENSIS SOTTOSPECIE TENEBRIONIS CEPPO NB 176;0,06;;
RO;18;13327;GRANSTAR ULTRA SX;191,95;;;19;RO;BEAUVERIA BASSIANA;0,01;;
RO;18;13329;OMNEX 10 EC;132;;;19;RO;BENFLURALIN;214,66;;
RO;18;13352;DIREX 7,5 GR;187;;;19;RO;BENSULFURON METHYL;0,78;;
RO;18;13354;DIFFERENCE;577,75;;;19;RO;BENTAZONE;2.484,05;;
RO;18;13355;TRONE;74;;;19;RO;BETA-CIFLUTRIN;18,2;;
RO;18;13361;DECIS ENERGY O-TEQ;141,09;;;19;RO;BIXAFEN;52,35;;
RO;18;13367;DIVO;75,75;;;19;RO;BORDEAUX MIXTURE (RAME POLTIGLIA BORDOLESE);168,52;;
RO;18;13370;WARRANT 200 SL;100;;;19;RO;BOSCALID;165,84;;
RO;18;13375;NUPRID 200 SC;47;;;19;RO;BROMADIOLONE;0;;
RO;18;13377;COLUMBUS;6;;;19;RO;BUPIRIMATE;41,69;;
RO;18;13378;ORTIVA TOP;37;;;19;RO;BUPROFEZIN;1;;
RO;18;13382;PERGADO SC;219,5;;;19;RO;CAPTANO;43,2;;
RO;18;13385;PROLINE;26;;;19;RO;CARFENTRAZONE-ETHYL;8,84;;
RO;18;13386;PROSARO;3605;;;19;RO;CHLORANTRANILIPROLE;240,05;;
RO;18;13387;FLORAMIX;155,29;;;19;RO;CHLORIDAZON;322,27;;
RO;18;13389;AFFIRM;8101;;;19;RO;CHLORMEQUAT (CHLORIDE);16,48;;
RO;18;13402;LUMA-KL;832;;;19;RO;CHLOROTHALONIL;1.314,33;;
RO;18;13409;SILFUR WG;1967;;;19;RO;CHLORPROPHAM;3,28;;
RO;18;13410;FRUTTENE 76 WG;1315;;;19;RO;CHLORPYRIFOS;3.344,45;;
RO;18;13414;ARES 5 SC;880;;;19;RO;CHLORPYRIFOS-METHYL;56,6;;
RO;18;13447;HELMSTAR 75 WG;0,66;;;19;RO;CHLORTOLURON;564,04;;
RO;18;13451;SPARVIERO;36,75;;;19;RO;CIFLUTRIN;1,29;;
RO;18;13455;ANTIGRAM GOLD;117;;;19;RO;CLODINAFOP PROPARGYL;388,22;;
RO;18;13466;SPOTLIGHT PLUS;397;;;19;RO;CLOMAZONE;30,24;;
RO;18;13468;CLINER;1;;;19;RO;CLOPYRALID;47,86;;
RO;18;13486;JUDO;45;;;19;RO;CLOQUINTOCET MEXYL;139,5;;
RO;18;13489;CYMBAL;72;;;19;RO;CONIOTHYRIUM MINITANS;3,18;;
RO;18;13492;V.I.P. WDG;45;;;19;RO;COPOLIMER 21;7,12;;
RO;18;13493;COBOX 35 WP/OSSICLOR 35 PB;150;;;19;RO;COPPER HYDROXIDE (RAME IDROSSIDO);542,83;;
RO;18;13495;RYU-RUN WG;1401;;;19;RO;COPPER OXYCHLORIDE (RAME OSSICLORURO);2.908,65;;
RO;18;13505;CLICK DUO;47;;;19;RO;COPPER SULFATE (RAME SOLFATO);1.505,34;;
RO;18;13549;TIPTOR XCELL;465;;;19;RO;CYAZOFAMID;3,99;;
RO;18;13551;GIOVE;2;;;19;RO;CYCLOXYDIM;538,21;;
RO;18;13552;ZOLVIS 80 SECTOR;2;;;19;RO;CYDIA POMONELLA GRANULOSIS VIRUS;0;;
RO;18;13555;SHUT TWIN;187;;;19;RO;CYFLUFENAMID;0,95;;
RO;18;13560;FORZA;129;;;19;RO;CYHALOFOP BUTYL;207,09;;
RO;18;13576;RAMEPLANT WG;36;;;19;RO;CYMOXANIL;300,97;;
RO;18;13577;CARPOSAN 40 CE;89;;;19;RO;CYPERMETHRIN;438,3;;
RO;18;13578;RAME CAFFARO BLU WG NEW;275;;;19;RO;CYPROCONAZOLE;141,02;;
RO;18;13579;COPPER 12;4,5;;;19;RO;CYPRODINIL;9,98;;
RO;18;13581;TIOGEL 80 WDG;318;;;19;RO;CYPROSULFAMIDE;109,7;;
RO;18;13585;SOLOFOL;220;;;19;RO;CYROMAZINE (CIROMAZINA);0,38;;
RO;18;13586;VERDERAME 20 WG;31;;;19;RO;DAMINOZIDE;13,6;;
RO;18;13592;VOLARE;190;;;19;RO;DAZOMET;178,2;;
RO;18;13600;ZOLFO S.A.I.M. DOPPIO VENTILATO SCORREVOLE 95% MARCA FLORISTELLA;25;;;19;RO;DB-2,4;162,06;;
RO;18;13610;CLINIC SPECTRUM;36;;;19;RO;DELTAMETHRIN;39,66;;
RO;18;13612;BABEL 400;8;;;19;RO;DENATHONIUM BENZOATE (DENATONIO BENZOATO);0,14;;
RO;18;13635;POLTIGLIA 20 PB MANICA;1759;;;19;RO;DESMEDIPHAM;58,05;;
RO;18;13637;PERGADO F;32;;;19;RO;DICAMBA;922,92;;
RO;18;13639;ACRAMITE 480 SC;3;;;19;RO;DICAMBA SALE DIMETILAMMINICO;6,57;;
RO;18;13640;IMPRINT;366,8;;;19;RO;DICAMBA SALE SODICO;482,22;;
RO;18;13646;SENTRY;11;;;19;RO;DIFENOCONAZOLE;189,61;;
RO;18;13648;SIARAM 20 WG;925;;;19;RO;DIFLUBENZURON;251,03;;
RO;18;13682;FOLICUR GIARDINO;0,5;;;19;RO;DIFLUFENICAN;2,94;;
RO;18;13687;BURT;10;;;19;RO;DIMETHENAMID-P;157,5;;
RO;18;13689;FLINT MAX;3;;;19;RO;DIMETHOATE;436,14;;
RO;18;13691;TRIDAN COMBI T;106;;;19;RO;DIMETHOMORPH;298,21;;
RO;18;13693;BACILLUS CHEMIA;3;;;19;RO;DIQUAT;268,26;;
RO;18;13698;VIVANDO;74,5;;;19;RO;DITHIANON;172,9;;
RO;18;13701;RUBIN SX;265;;;19;RO;DODINE;82,41;;
RO;18;13702;GEOTOX 7,5 C;12205;;;19;RO;EMAMECTIN BENZOATE;6,52;;
RO;18;13707;IMPACT SUPREME;2173;;;19;RO;EPOXICONAZOLE;77,22;;
RO;18;13709;U 46 PRATI;47;;;19;RO;EPTAMETILTRISILOSSANO, POLIALCHILENE OSSIDO MODIFICATO;7,98;;
RO;18;13711;QUIZA 5 EC;1049;;;19;RO;ETHEPHON;9,11;;
RO;18;13716;CAPTAN ARVESTA 80 WG;30;;;19;RO;ETHOFUMESATE;292,54;;
RO;18;13721;AFIDINA QUICK;117,1;;;19;RO;ETHOPROPHOS;48;;
RO;18;13722;CAL-EX 1.9 EC;379;;;19;RO;ETOFENPROX;4,65;;
RO;18;13730;KANTOR;45;;;19;RO;ETOXAZOLE;0,01;;
RO;18;13736;TRACE;196,5;;;19;RO;FENAMIDONE;5,01;;
RO;18;13741;SELECTA DISPERSS;8;;;19;RO;FENBUCONAZOLE;0,1;;
RO;18;13742;PERGADO MZ;54;;;19;RO;FENHEXAMID;1,71;;
RO;18;13743;KUKAR 22;13;;;19;RO;FENOXAPROP-P-ETHYL;2,89;;
RO;18;13753;GAL-GONE;29;;;19;RO;FENPROPIDIN;157,7;;
RO;18;13758;OPTIX WG;216;;;19;RO;FERRIC PHOSPHATE (FOSFATO FERRICO);14,27;;
RO;18;13771;NIMROD 250 EW;756;;;19;RO;FLAZASULFURON;0,88;;
RO;18;13775;VITASAN 80 WP;750;;;19;RO;FLONICAMID;3,75;;
RO;18;13784;STINGS MZ;10;;;19;RO;FLORASULAM;12,49;;
RO;18;13786;QUANTUM R;327;;;19;RO;FLUAZIFOP-P-BUTYL;4,42;;
RO;18;13787;STINGS R;10;;;19;RO;FLUAZINAM;49,81;;
RO;18;13792;STABILAN;6;;;19;RO;FLUDIOXONIL;7,4;;
RO;18;13793;RUNNER M;152;;;19;RO;FLUFENACET;147,42;;
RO;18;13794;SPADA WDG;26,25;;;19;RO;FLUOPICOLIDE;49,06;;
RO;18;13796;CELL;178;;;19;RO;FLUOPYRAM;2,83;;
RO;18;13797;ELIOS WG;7;;;19;RO;FLUROXYPYR;277,01;;
RO;18;13812;NOTO 40 OD;1279;;;19;RO;FLUTRIAFOL;14,07;;
RO;18;13815;TUTOR 18-15;99;;;19;RO;FLUVALINATE;82,46;;
RO;18;13817;ALIAL WG;202;;;19;RO;FORAMSULFURON;23,48;;
RO;18;13818;ALIAL TRIPLE WP;450;;;19;RO;FORMETANATE;2;;
RO;18;13820;BAYTEROID 25 EC;79;;;19;RO;FOSETYL-ALUMINIUM;1.754,29;;
RO;18;13823;ALVERDE;448,57;;;19;RO;GIBBERELLIC ACID (ACIDO GIBBERELLICO A3);0,29;;
RO;18;13824;DARCOS;178;;;19;RO;GIBBERELLINS (A4+A7);0,07;;
RO;18;13838;XEDAVIR;15;;;19;RO;GLUFOSINATE-AMMONIUM;19,8;;
RO;18;13843;ZELIG 480 EC;1475;;;19;RO;GLYPHOSATE (GLIFOSATE);28.354,73;;
RO;18;13846;BOLINA;30;;;19;RO;HEXYTHIAZOX;1,02;;
RO;18;13852;DIQUA;580;;;19;RO;IMAZAMOX;308,08;;
RO;18;13857;CRODIX GEO/MINUET GEO;7043,5;;;19;RO;IMIDACLOPRID;87,71;;
RO;18;13859;MADEX 100;13,6;;;19;RO;INDOXACARB;37,67;;
RO;18;13872;NANDO 500 SC;13;;;19;RO;IODOSULFURON METHYL SODIUM;3,8;;
RO;18;13877;KITT PRONTO;16,5;;;19;RO;IOXYNIL;9,2;;
RO;18;13883;REBEX;6;;;19;RO;IOXYNIL OCTANOATE;9,76;;
RO;18;13885;MICROCOPP NEUTRO FL;1304;;;19;RO;IPRODIONE;124,3;;
RO;18;13892;RAMEZIN COMBI WG NC;117;;;19;RO;IPROVALICARB;29,08;;
RO;18;13894;EUCRIT R;6;;;19;RO;ISOXABEN;0,91;;
RO;18;13900;PRORAM HI TECH;57;;;19;RO;ISOXADIFEN ETHYL;184,06;;
RO;18;13901;VERDERAME 20 PB;1;;;19;RO;ISOXAFLUTOLE;156,6;;
RO;18;13905;BANJO;437;;;19;RO;KRESOXIM METHYL;3,51;;
RO;18;13926;SPONSOR;16,5;;;19;RO;LAMBDA-CYHALOTHRIN;222,54;;
RO;18;13928;DYNAMEC EC;15;;;19;RO;LENACIL;139,85;;
RO;18;13955;MITIGREEN;884;;;19;RO;LINURON;606,11;;
RO;18;13981;CORAGEN;1881,3;;;19;RO;LUFENURON;0,13;;
RO;18;13998;PYRUS 400 SC;1;;;19;RO;MANCOZEB;1.640,93;;
RO;18;14005;CLORTOSIP 500 SC;6209;;;19;RO;MANDIPROPAMID;1,99;;
RO;18;14018;BASIC;3;;;19;RO;MCPA;857,91;;
RO;18;14021;BREK DUO;360;;;19;RO;MECOPROP;19,7;;
RO;18;14027;IMIDAN 23,5 WDG;11;;;19;RO;MECOPROP-P;508,11;;
RO;18;14029;MANTA DUO;4;;;19;RO;MEFENPYR DIETHYL;11,39;;
RO;18;14034;CURENOX TOP MICRO;227,2;;;19;RO;MEPTYLDINOCAP;19,99;;
RO;18;14036;FASTER WDG;1;;;19;RO;MESOSULFURON METHYL;3,8;;
RO;18;14042;SUPRAFOS EC;34;;;19;RO;MESOTRIONE;527,26;;
RO;18;14043;SUPRAFOS WG;185;;;19;RO;METAFLUMIZONE;0,88;;
RO;18;14052;PRODEO 80 WG;672;;;19;RO;METALAXYL;2,81;;
RO;18;14055;RAME IDROSSIDO FLOW AGRISYSTEM;10;;;19;RO;METALAXYL M;85,95;;
RO;18;14056;RODIBAIT;8;;;19;RO;METALDEHYDE (METALDEIDE);132,32;;
RO;18;14058;FEINZIN 70 DF;27,75;;;19;RO;METAM POTASSIUM (USI ESSENZIALI FINO AL 31.12.2014);8.862,00;;
RO;18;14062;ZOXIUM 240 SC;103;;;19;RO;METAM SODIUM (USI ESSENZIALI FINO AL 31.12.2014);19.107,04;;
RO;18;14074;TRINEX 250 EW;0,4;;;19;RO;METAMITRON;1.576,36;;
RO;18;14076;CYPRUS 25 DF;59,1;;;19;RO;METAZACHLOR;60,48;;
RO;18;14078;RAMCY 44 WG;67;;;19;RO;METCONAZOLE;68,2;;
RO;18;14080;MIZAR;15;;;19;RO;METHIOCARB;10,32;;
RO;18;14091;APHOX;126;;;19;RO;METHOMYL;1;;
RO;18;14092;AGRORAT B;35,05;;;19;RO;METIRAM;18,07;;
RO;18;14098;CRITTOX GD 75;430;;;19;RO;METRAFENONE;0,74;;
RO;18;14099;ASPOR WDG;690;;;19;RO;METRIBUZIN;182,57;;
RO;18;14100;KANEMITE;27;;;19;RO;METSULFURON METHYL;0,1;;
RO;18;14101;CARAMBA;2783;;;19;RO;MISCELA DI METIL OLEATO E METIL PALMITATO;1.309,88;;
RO;18;14102;BORDOFLOW NEW;54;;;19;RO;MYCLOBUTANIL;7,51;;
RO;18;14107;MICROBAGNABILE SC;20;;;19;RO;NAA;0,08;;
RO;18;14122;KATAR;7;;;19;RO;NAD;0,12;;
RO;18;14123;ZETARAM NEW TECH;246;;;19;RO;NICOSULFURON;420,44;;
RO;18;14127;MEVAXIL COBRE;1,5;;;19;RO;NONIL-FENIL-POLIOSSIETILENE ETANOLO;5;;
RO;18;14135;GRENADIER 75 DF;1,36;;;19;RO;OXADIAZON;681,95;;
RO;18;14136;OBERON;6;;;19;RO;OXAMYL;167;;
RO;18;14137;ALTACOR;48,7;;;19;RO;OXYFLUORFEN;6,6;;
RO;18;14154;PIRETRO ACTIGREEN;0,3;;;19;RO;PACLOBUTRAZOL;5,9;;
RO;18;14155;KOMPASS/GRIFON FL;20;;;19;RO;PARAFFIN OIL/(CAS 64742-46-7);1.261,19;;
RO;18;14156;CURZATE R WG;302;;;19;RO;PARAFFIN OIL/(CAS 8042-47-5);1.561,35;;
RO;18;14163;SARMOX 440 WG;102;;;19;RO;PARAFFIN OIL/(CAS 97862-82-3);974,65;;
RO;18;14164;TRIKA ZETA;4180;;;19;RO;PENCONAZOLE;6,23;;
RO;18;14165;NANDO MAXI;743;;;19;RO;PENDIMETHALIN;920,94;;
RO;18;14166;ZETOR;1817;;;19;RO;PENOXSULAM;25,79;;
RO;18;14168;SILWET VELONEX;78;;;19;RO;PETHOXAMID;13,9;;
RO;18;14178;TRI-BASE;559,45;;;19;RO;PHENMEDIPHAM;359,59;;
RO;18;14182;ARES 25 WG;2551,5;;;19;RO;PHOSMET;0,24;;
RO;18;14187;SILWET FASTEX;11,5;;;19;RO;PICOXYSTROBIN;321,75;;
RO;18;14193;SARMOX 45 DG;20;;;19;RO;PINOXADEN;24,12;;
RO;18;14195;KENDO WITH ZEON TECHNOLOGY;29;;;19;RO;PIPERONYL BUTOXIDE (PIPERONIL BUTOSSIDO);0,14;;
RO;18;14214;RAPSAN 500 SC;34;;;19;RO;PIRIMICARB;9,45;;
RO;18;14218;VEDO BLU;9;;;19;RO;PIRIMIPHOS METHYL;0,5;;
RO;18;14240;PYR PRONTO;2,25;;;19;RO;POLISILOSSANO;6,21;;
RO;18;14245;GOLEM;82,25;;;19;RO;PROCHLORAZ;2.912,96;;
RO;18;14248;CLOR QUICK;4,15;;;19;RO;PROFOXYDIM;25,17;;
RO;18;14257;UNDERLINE 0,2 G;2020;;;19;RO;PROHEXADIONE CALCIUM;0,5;;
RO;18;14290;KOHINOR 200 SL;1450,07;;;19;RO;PROPAMOCARB;710,12;;
RO;18;14294;EXECUTIVE;15,3;;;19;RO;PROPAMOCARB HYDROCHLORIDE;53,2;;
RO;18;14336;NEMATHORIN 150 EC;20;;;19;RO;PROPANIL;32,16;;
RO;18;14342;VOLCAN COMBI SC;1027;;;19;RO;PROPAQUIZAFOP;429,81;;
RO;18;14348;AGRON;220;;;19;RO;PROPICONAZOLE;523,15;;
RO;18;14373;GLINET;29;;;19;RO;PROPINEB;28;;
RO;18;14381;PYRINET;571;;;19;RO;PROPYZAMIDE;673,47;;
RO;18;14382;BROMYBLOC;30;;;19;RO;PROSULFURON;1,33;;
RO;18;14384;ETOPROSIP G;675;;;19;RO;PROTHIOCONAZOLE;242,31;;
RO;18;14387;NERVURE SUPER;327;;;19;RO;PYMETROZINE;0,6;;
RO;18;14389;DESSICASH 200 SL;4237;;;19;RO;PYRACLOSTROBIN;432,2;;
RO;18;14405;MERLIN FLEXX;6253;;;19;RO;PYRETHRIN I;3,44;;
RO;18;14407;RUNWAY;5,5;;;19;RO;PYRETHRINS;0,04;;
RO;18;14409;MOVENTO 48 SC;2204,84;;;19;RO;PYRIDATE;7,47;;
RO;18;14410;FLINT MAX AL;9;;;19;RO;PYRIMETHANIL;22,98;;
RO;18;14414;DUSTY;15;;;19;RO;PYRIPROXYFEN;1,59;;
RO;18;14418;PULSAR 40 SL;1146;;;19;RO;PYROXSULAM;41,65;;
RO;18;14419;TRUST SC;1,25;;;19;RO;QUINOXYFEN;11,53;;
RO;18;14420;TRUST WG;177,5;;;19;RO;QUIZALOFOP-P (QUIZALOFOP ETILE D-ISOMERO);112,16;;
RO;18;14423;PRIMISOL 80 WDG;7;;;19;RO;QUIZALOFOP-P-ETILE;218,07;;
RO;18;14425;MYSTIC COMBI WG;11;;;19;RO;RAPE SEED OIL (OLIO DI COLZA);1.484,38;;
RO;18;14431;LENTAGRAN 45 WP;46,8;;;19;RO;RIMSULFURON;19,96;;
RO;18;14432;METRIC;58;;;19;RO;SALE SODICO DI ALCHILETERE SOLFATO;40,04;;
RO;18;14433;QUBIC R;293;;;19;RO;SILICONI;0,11;;
RO;18;14434;NUANCE;6,76;;;19;RO;S-METOLACHLOR;3.053,47;;
RO;18;14441;VALZER SC;117;;;19;RO;SODIUM DIOCTYL SULFOSUCCINATE (AUTORIZZATO SOLO COME COADIUVANTE);87,87;;
RO;18;14463;MERPAN 480 SC;95;;;19;RO;SORBITAN MONO OLEATO ETOSSILATO;67,2;;
RO;18;14465;TAIFUN MK;8017;;;19;RO;SORBITAN MONOLEATO;892,47;;
RO;18;14468;ROMIN T;500;;;19;RO;SPINOSAD;16,63;;
RO;18;14469;ROMIN 600;200;;;19;RO;SPIROTETRAMAT;3,59;;
RO;18;14472;PARTNER EC;999;;;19;RO;SPIROXAMINE;2,17;;
RO;18;14478;RETEX;2;;;19;RO;SULCOTRIONE;591,76;;
RO;18;14487;SPARTA 200 EC;4;;;19;RO;SULPHUR (ZOLFO);8.642,30;;
RO;18;14488;ANTRACOL 70 WG;325;;;19;RO;TEBUCONAZOLE;1.214,56;;
RO;18;14510;ELECTIS TRIO;164;;;19;RO;TEFLUTHRIN;98,41;;
RO;18;14514;BOOSTER;591;;;19;RO;TEMBOTRIONE;313,86;;
RO;18;14523;CARPO 600;21;;;19;RO;TEPRALOXYDIM;58,3;;
RO;18;14525;MAROX SX;2,4;;;19;RO;TERBUTHYLAZINE;1.966,60;;
RO;18;14540;SEPARO;30;;;19;RO;TETRACONAZOLE;106,25;;
RO;18;14541;RAVENAS EXTRA;14;;;19;RO;THIACLOPRID;9,7;;
RO;18;14543;FLUIZOL;242;;;19;RO;THIAMETHOXAM;23,06;;
RO;18;14550;HOOK 480 PLUS;411;;;19;RO;THIENCARBAZONE-METHYL;53,6;;
RO;18;14572;ARDITO 10 EC;1;;;19;RO;THIFENSULFURON-METHYL;101,12;;
RO;18;14575;TRIMMER SX;55,82;;;19;RO;THIOPHANATE-METHYL;754,26;;
RO;18;14576;CUTRIL EVO;1223;;;19;RO;THIRAM;1.468,84;;
RO;18;14577;FORUM R 3B;2170;;;19;RO;TOLCLOFOS-METHYL;290,38;;
RO;18;14579;RAMIN 30 DF;2767;;;19;RO;TRI-ALLATE;22,5;;
RO;18;14580;ROBO' EC;0,2;;;19;RO;TRIASULFURON;3,51;;
RO;18;14581;ROBO' WDG;50;;;19;RO;TRIBASIC COPPER SULPHATE (RAME SOLFATO TRIBASICO);662,73;;
RO;18;14582;FENGIB;17;;;19;RO;TRIBENURON-METILE;77,15;;
RO;18;14629;GAT TESSLA 25 WG;34;;;19;RO;TRICLOPYR;162,4;;
RO;18;14636;BIOLID UP;1280;;;19;RO;TRICYCLAZOLE;222,75;;
RO;18;14640;OBOKE-SC;1;;;19;RO;TRIFLOXYSTROBIN;30,63;;
RO;18;14642;RIDOMIL GOLD R WG;7041;;;19;RO;TRIFLUSULFURON-METHYL;14,76;;
RO;18;14643;CENTIUM 36 CS;165;;;19;RO;TRINEXAPAC ETHYL;87,72;;
RO;18;14647;VIVAL;16140;;;19;RO;TRISILOSSANO ETOSSILATO PROPOSSILATO;21;;
RO;18;14655;VIVER WDG;65;;;19;RO;TRITOSULFURON;9,9;;
RO;18;14660;BTK 32 WG;8,5;;;19;RO;ZETA CYPERMETHRIN;33,93;;
RO;18;14663;ACCEL 40 SG;0,48;;;19;RO;ZIRAM;91,96;;
RO;18;14664;BERELEX 40 SG;207,12;;;19;RO;ZOXAMIDE;17,21;;
RO;18;14683;GIB-BIO;25;;;20;VR;(E)-5-DECEN-1-OL;2,91;;
RO;18;14687;QUAD-GLOB 200 SL;510;;;20;VR;(E)-5-DECEN-1-YL-ACETATE;24,41;;
RO;18;14693;VIP 80 EC;225,75;;;20;VR;(E,E)-8,10-DODECADIEN-1-OL (CODLEMONE);0;;
RO;18;14697;ENERVIN DUO;162;;;20;VR;(E,Z)-7,9-DODECADIENYL-1-YL ACETATE;165,73;;
RO;18;14699;GEOXE;80;;;20;VR;(E/Z)-8-DODECEN-1-YL ACETATE;49,99;;
RO;18;14724;CIP;8,5;;;20;VR;(Z)-9-DODECEN-1-YL ACETATE;15,06;;
RO;18;14728;CELIO;44,25;;;20;VR;1,3-DICHLOROPROPENE;77.379,15;;
RO;18;14735;RANMAN TOP;264,5;;;20;VR;2,4-D;30,53;;
RO;18;14737;ROUNDUP PLATINUM;12914;;;20;VR;3,6 dioxaeicosilsolfato;5,4;;
RO;18;14739;DECIS PROTECT;15;;;20;VR;3,6 dioxaottodecilsolfato di sodio;10,74;;
RO;18;14753;PIKE 20 WG;10,44;;;20;VR;6-BENZYLADENINE;8,28;;
RO;18;14755;CEREBAS GOLD;136;;;20;VR;ABAMECTIN;40,07;;
RO;18;14758;KARATE WITH ZEON TECHNOLOGY 1.5 HOBBY;10;;;20;VR;ACEQUINOCYL;4,5;;
RO;18;14765;ELUMIS;130;;;20;VR;ACETAMIPRID;120,32;;
RO;18;14766;ACTARA 240 SC;22;;;20;VR;ACIBENZOLAR-S-METHYL;34,1;;
RO;18;14768;CALIBAN TOP;75,4;;;20;VR;ACLONIFEN;274,29;;
RO;18;14769;COMET 250 EC;2063,3;;;20;VR;ACRINATHRIN;2,08;;
RO;18;14785;DRISCOLL;119;;;20;VR;ALCOOL GRASSO ETOSSILATO;197,58;;
RO;18;14792;MELODY TREVI;309;;;20;VR;ALCOOL ISOTRIDECILICO;809,6;;
RO;18;14794;MYSTIC CLASS;175;;;20;VR;ALCOOL LAURILICO POLIETOSSILATO;0,48;;
RO;18;14796;ATOMINAL 10 EC;13;;;20;VR;ALPHA-CYPERMETHRIN (ALPHAMETHRIN);6,53;;
RO;18;14797;INFLOOR 200 SL;0,12;;;20;VR;AMETOCTRADIN;154,29;;
RO;18;14798;DIFLORON 200 SL;2;;;20;VR;AMINOPYRALID;2,82;;
RO;18;14799;AFLOR 200 SL;0,47;;;20;VR;AMISULBROM;45,3;;
RO;18;14802;POSITRON TRIO WG/CURIT TRIO;2;;;20;VR;AMITROLE;4,04;;
RO;18;14806;LUNA PRIVILEGE;27;;;20;VR;AMPELOMYCES QUISQUALIS;4,47;;
RO;18;14807;LUZINDO;38;;;20;VR;AUREOBASIDIUM PULLULANS;0;;
RO;18;14808;PROXANIL SC;36;;;20;VR;AZADIRACHTIN A (AZADIRACTINA A);17,89;;
RO;18;14809;CUPRAVIT BIO EVOLUTION;60;;;20;VR;AZOXYSTROBIN;148,23;;
RO;18;14812;ENERVIN TOP;344;;;20;VR;BACILLUS AMYLOLIQUEFACIENS SUBSP. PLANTARUM D747;738,15;;
RO;18;14815;ADENGO;9523;;;20;VR;BACILLUS FIRMUS I-1582;60,5;;
RO;18;14818;ACANTO;918;;;20;VR;BACILLUS SUBTILIS (CEPPO QST 713);48,33;;
RO;18;14819;VALIS M;82;;;20;VR;BACILLUS THURINGIENSIS SOTTOSPECIE AIZAWAI CEPPO GC-91;177;;
RO;18;14826;PYREOS EXTRA SL;2;;;20;VR;BACILLUS THURINGIENSIS SOTTOSPECIE AIZAWAY CEPPO ABTS 1857;39,66;;
RO;18;14837;GLIFOSAR FLASH;8045;;;20;VR;BACILLUS THURINGIENSIS SOTTOSPECIE KURSTAKI 3A-3B CEPPO HD1;0,03;;
RO;18;14838;BARCLAY GALLUP BIOGRADE 360;11795;;;20;VR;BACILLUS THURINGIENSIS SOTTOSPECIE KURSTAKI CEPPO ABTS 351;68,16;;
RO;18;14844;CLUSTER 500;152;;;20;VR;BACILLUS THURINGIENSIS SOTTOSPECIE KURSTAKI CEPPO EG 2348;130,85;;
RO;18;14845;MYSTIC PLUS S;586;;;20;VR;BACILLUS THURINGIENSIS SOTTOSPECIE KURSTAKI CEPPO SA 11;6,27;;
RO;18;14846;ARES 250 EW;150;;;20;VR;BACILLUS THURINGIENSIS SOTTOSPECIE KURSTAKI CEPPO SA 12;11,34;;
RO;18;14857;ABOTRIL 500;58;;;20;VR;BEAUVERIA BASSIANA;10,89;;
RO;18;14867;SYNERO;12;;;20;VR;BENALAXYL;0,07;;
RO;18;14868;IDROX 22 NEW;100;;;20;VR;BENALAXYL-M;1,8;;
RO;18;14871;OXICU;50;;;20;VR;BENFLURALIN;190,85;;
RO;18;14872;BELLIS DRUPACEE;15;;;20;VR;BENTAZONE;161,94;;
RO;18;14878;FOXTROT;3;;;20;VR;BENTHIAVALICARB;68,8;;
RO;18;14879;LONTREL 72 SG;9,45;;;20;VR;BETA-CIFLUTRIN;0,52;;
RO;18;14884;CORUM;10069;;;20;VR;BIFENAZATE;16,16;;
RO;18;14895;LANNATE 20 SL;180;;;20;VR;BIXAFEN;5,1;;
RO;18;14900;KENKIO;1520;;;20;VR;BORDEAUX MIXTURE (RAME POLTIGLIA BORDOLESE);1.426,41;;
RO;18;14901;CONCORDE 125;0,5;;;20;VR;BOSCALID;1.262,05;;
RO;18;14909;NURELLE 5;397;;;20;VR;BROMADIOLONE;0,01;;
RO;18;14931;GRISU;430;;;20;VR;BROMOXYNIL OTTANOATO;9,86;;
RO;18;14935;TRAXOS ONE;1581;;;20;VR;BUPIRIMATE;560,39;;
RO;18;14936;AMPLIGO;108,5;;;20;VR;BUPROFEZIN;200,39;;
RO;18;14937;VOLIAM TARGO;35;;;20;VR;CALCIUM POLYSULPHIDE (POLISOLFURO DI CALCIO O ZOLFO CALCICO);3.435,00;;
RO;18;14940;TAKUMI;17,3;;;20;VR;CAPTANO;5.655,30;;
RO;18;14944;FLUXYR 200 EC;378;;;20;VR;CARFENTRAZONE-ETHYL;111,48;;
RO;18;14967;TIPTOR ULTRA;197;;;20;VR;CHLORANTRANILIPROLE;232,5;;
RO;18;14969;HOPPER 480;2020;;;20;VR;CHLORIDAZON;66,5;;
RO;18;14972;DICARZOL 50 SP;122;;;20;VR;CHLOROTHALONIL;1.384,54;;
RO;18;14974;BELEM 0.8 MG;23580;;;20;VR;CHLORPROPHAM;4,91;;
RO;18;14980;AFFINITY PLUS;199;;;20;VR;CHLORPYRIFOS;8.418,65;;
RO;18;14985;RETENGO PLUS;5;;;20;VR;CHLORPYRIFOS-METHYL;1.673,02;;
RO;18;15005;FONTELIS;81;;;20;VR;CIFLUTRIN;81,8;;
RO;18;15006;TRAXOS PRONTO;2408;;;20;VR;CLETHODIM;20;;
RO;18;15007;AXIAL PRONTO;471;;;20;VR;CLODINAFOP PROPARGYL;73,59;;
RO;18;15010;AMISTAR PLUS;28;;;20;VR;CLOFENTEZINE;18,28;;
RO;18;15013;NATRIA LUMACHICIDA;8;;;20;VR;CLOMAZONE;94,59;;
RO;18;15019;RIVIERA;69;;;20;VR;CLOPYRALID;15,49;;
RO;18;15023;DERREX;270;;;20;VR;CLOQUINTOCET MEXYL;33,5;;
RO;18;15024;MESUROL 200 SC;752;;;20;VR;CLOTHIANIDIN;5,9;;
RO;18;15030;COSSACK;24,6;;;20;VR;COPOLIMER 21;2,96;;
RO;18;15037;BREZZA;24;;;20;VR;COPPER HYDROXIDE (RAME IDROSSIDO);20.349,34;;
RO;18;15040;ALLEGORY GOLD;355;;;20;VR;COPPER OXIDE (RAME OSSIDO);1.747,50;;
RO;18;15041;OPINION ECNA;4;;;20;VR;COPPER OXYCHLORIDE (RAME OSSICLORURO);54.570,58;;
RO;18;15048;GASS;93;;;20;VR;COPPER SULFATE (RAME SOLFATO);50.446,89;;
RO;18;15049;MODDUS;262;;;20;VR;CYAZOFAMID;562,15;;
RO;18;15050;VERTIMEC PRO;125;;;20;VR;CYCLOXYDIM;41,05;;
RO;18;15052;KAIMO SORBIE;131,7;;;20;VR;CYDIA POMONELLA GRANULOSIS VIRUS;0,33;;
RO;18;15058;PRINCIPAL MAIS;264,44;;;20;VR;CYFLUFENAMID;92,15;;
RO;18;15059;DECIS EVO;957;;;20;VR;CYMOXANIL;2.273,60;;
RO;18;15062;PIRAMAX  EC;10;;;20;VR;CYPERMETHRIN;153,07;;
RO;18;15063;NIMBLE;116,9;;;20;VR;CYPROCONAZOLE;2,56;;
RO;18;15067;MIG-40 SC;734;;;20;VR;CYPRODINIL;2.683,20;;
RO;18;15071;EVOLUTION;58;;;20;VR;CYPROSULFAMIDE;121,61;;
RO;18;15079;JUVINAL ECHO;124,5;;;20;VR;CYROMAZINE (CIROMAZINA);61,5;;
RO;18;15083;AUDACE;172;;;20;VR;DAMINOZIDE;12,75;;
RO;18;15085;VITISAN 45 WG;2,5;;;20;VR;DAZOMET;5.880,60;;
RO;18;15088;CLARIDO;35;;;20;VR;DB-2,4;56,5;;
RO;18;15093;CENTURIO;16;;;20;VR;DELTAMETHRIN;70,61;;
RO;18;15094;FOSBEL 80 WG;3582;;;20;VR;DENATHONIUM BENZOATE (DENATONIO BENZOATO);1,91;;
RO;18;15101;CIMORAM ULTRA WG;84;;;20;VR;DESMEDIPHAM;2,93;;
RO;18;15107;SAMSON EXTRA 6 OD;74;;;20;VR;DICAMBA;153,15;;
RO;18;15111;MIRADOR SC/PRIORI;701;;;20;VR;DICAMBA SALE DIMETILAMMINICO;0,85;;
RO;18;15112;SIMPLIA;949;;;20;VR;DICAMBA SALE SODICO;3,48;;
RO;18;15114;MACCANI;467;;;20;VR;DIFENOCONAZOLE;206,29;;
RO;18;15124;ZANTARA;1884;;;20;VR;DIFLUBENZURON;1,79;;
RO;18;15125;PROLECTUS;33;;;20;VR;DIFLUFENICAN;0,59;;
RO;18;15130;INTREPID;39;;;20;VR;DIMETHOATE;2.744,00;;
RO;18;15135;OLEOSAN PLUS;28;;;20;VR;DIMETHOMORPH;4.334,49;;
RO;18;15149;PRIMISOL MK;141;;;20;VR;DIQUAT;849,97;;
RO;18;15168;ZORO 1.9 EW;39;;;20;VR;DITHIANON;3.885,40;;
RO;18;15181;CIRRUS CS;66,5;;;20;VR;DODECAN-1-OL;0;;
RO;18;15193;CONTATTO PIU' EXTRA;447;;;20;VR;DODECYL ACETATE;0,04;;
RO;18;15199;SAKURA;84;;;20;VR;DODINE;560,49;;
RO;18;15214;DELTAPLAN SC;6,75;;;20;VR;EMAMECTIN BENZOATE;207,01;;
RO;18;15222;FOLICUR COMBI WG;28;;;20;VR;EPOXICONAZOLE;0,47;;
RO;18;15232;CUSTODIA;32;;;20;VR;EPTAMETILTRISILOSSANO, POLIALCHILENE OSSIDO MODIFICATO;565,32;;
RO;18;15236;ZAMMO;540;;;20;VR;ESFENVALERATE;0,03;;
RO;18;15253;FALCON MK;895;;;20;VR;ETHEPHON;122,81;;
RO;18;15256;FORUM R 3B FLOW;600;;;20;VR;ETHOFUMESATE;17,07;;
RO;18;15270;PROFELIS;3,62;;;20;VR;ETHOPROPHOS;1.959,00;;
RO;18;15273;BITAM 15 EC;2;;;20;VR;ETOFENPROX;294,29;;
RO;18;15285;PRIMMA STAR;4,12;;;20;VR;ETOXAZOLE;7,33;;
RO;18;15286;KENDO ZEON 1.5;241;;;20;VR;ETRIDIAZOLE;6;;
RO;18;15289;SERENADE NATRIA;0,2;;;20;VR;FAMOXADONE;0,81;;
RO;18;15290;AXIDOR;10;;;20;VR;FATTY ACIDS C7-C18 AND C18 AND UNSATURATED POTASSIUM SALTS (SALI POTASSICI DI ACIDI GRASSI);0,61;;
RO;18;15293;BONECO;35;;;20;VR;FENAMIDONE;475,78;;
RO;18;15294;KENDO BI-ACTIVE;142;;;20;VR;FENAMIPHOS;5,78;;
RO;18;15300;ARMETIL FLOW;108;;;20;VR;FENBUCONAZOLE;48,7;;
RO;18;15302;AMYLO-X;174;;;20;VR;FENHEXAMID;2.330,59;;
RO;18;15307;DEDALUS 25 WDG;1014,5;;;20;VR;FENOXAPROP-P-ETHYL;4,01;;
RO;18;15310;NISSHIN EXTRA 6 OD;183;;;20;VR;FENPROPIDIN;11,4;;
RO;18;15318;OURAGAN;4717;;;20;VR;FENPYRAZAMINE;1.462,00;;
RO;18;15325;CORNER MZ WG;2;;;20;VR;FENPYROXIMATE;2,6;;
RO;18;15333;APPLAUD PLUS;114,5;;;20;VR;FERRIC PHOSPHATE (FOSFATO FERRICO);46,73;;
RO;18;15335;U 46 ULTRA;671;;;20;VR;FIPRONIL;4,3;;
RO;18;15337;EXPRESS SUN;0,2;;;20;VR;FLAZASULFURON;54,76;;
RO;18;15344;FILAN WG;36;;;20;VR;FLONICAMID;89,74;;
RO;18;15348;RIDOMIL GOLD R LIQUIDO;514;;;20;VR;FLORASULAM;3,52;;
RO;18;15349;ARES 430 SC;796;;;20;VR;FLUAZIFOP-P-BUTYL;173,73;;
RO;18;15351;POWERSHUT;60;;;20;VR;FLUAZINAM;1.551,72;;
RO;18;15353;CIDETRAK CM;2,5;;;20;VR;FLUDIOXONIL;1.815,91;;
RO;18;15356;AVIATOR SC;3;;;20;VR;FLUFENACET;0,88;;
RO;18;15359;VITIL 8-64 WG;74;;;20;VR;FLUOPICOLIDE;595,86;;
RO;18;15371;BELEM PROTEZIONE;792;;;20;VR;FLUOPYRAM;644,57;;
RO;18;15384;LUNA EXPERIENCE;230;;;20;VR;FLUROXYPYR;84,62;;
RO;18;15388;MEXIL ORO R WG;97;;;20;VR;FLUTRIAFOL;2,79;;
RO;18;15389;FLARE GOLD R WG;40;;;20;VR;FLUVALINATE;204,1;;
RO;18;15392;QUANTUM MZ WDG;100;;;20;VR;FOLPET;52.644,05;;
RO;18;15401;TAIFUN MK CL;7071;;;20;VR;FORAMSULFURON;19,27;;
RO;18;15404;MIDO;2;;;20;VR;FORCHLORFENURON;1,35;;
RO;18;15422;KELVIN DUO;8,28;;;20;VR;FORMETANATE;43;;
RO;18;15428;WINNER OD;15;;;20;VR;FOSETYL-ALUMINIUM;30.146,48;;
RO;18;15436;MYCOTAL;3;;;20;VR;FOSTHIAZATE;11,4;;
RO;18;15449;CIDELY;20;;;20;VR;GIBBERELLIC ACID (ACIDO GIBBERELLICO A3);3,74;;
RO;18;15451;ELIOS WG TOP;135;;;20;VR;GIBBERELLINS (A4+A7);2,56;;
RO;18;15468;ACASTA;788;;;20;VR;GLUFOSINATE-AMMONIUM;2.094,30;;
RO;18;15487;INSTANT;297;;;20;VR;GLYPHOSATE (GLIFOSATE);39.819,59;;
RO;18;15488;IRAZU TOP;24;;;20;VR;GLYPHOSATE ISOPROPYLAMINE (GLIFOSATE SALE ISOPROPILAMINICO);971,18;;
RO;18;15499;SONG 70 WDG;25;;;20;VR;HALOSULFURON-METYL;0,34;;
RO;18;15501;QUIZ;23;;;20;VR;HEXYTHIAZOX;9,46;;
RO;18;15507;CREW SUPERB;577;;;20;VR;IMAZAMOX;18,97;;
RO;18;15513;OSSICLOR 35 WG GREEN;60;;;20;VR;IMIDACLOPRID;887,24;;
RO;18;15514;CUPRAVIT BLU 35 WG;69,8;;;20;VR;INDOXACARB;522,11;;
RO;18;15515;POLTIGLIA 20 PB GREEN;1525;;;20;VR;IODOSULFURON METHYL SODIUM;0,83;;
RO;18;15532;TOBAGO 200 SL;1,6;;;20;VR;IOXYNIL;0,69;;
RO;18;15551;CLAIRSOL 23 L;480;;;20;VR;IOXYNIL OCTANOATE;192;;
RO;18;15569;LOOP 40;254;;;20;VR;IPRODIONE;1.161,81;;
RO;18;15571;METSY;1,78;;;20;VR;IPROVALICARB;558,47;;
RO;18;15572;ZOMINEX;17;;;20;VR;ISOXABEN;51,3;;
RO;18;15573;PROMESS SL;84;;;20;VR;ISOXADIFEN ETHYL;25,06;;
RO;18;15574;KARMA 85;265;;;20;VR;ISOXAFLUTOLE;167,69;;
RO;18;15596;LASCAR;72;;;20;VR;KRESOXIM METHYL;10,6;;
RO;18;15598;CARPOVIRUSINE EVO 2;149;;;20;VR;LAMBDA-CYHALOTHRIN;101,16;;
RO;18;15603;ERBIFEN K;730;;;20;VR;LECANICILLIMUM MUSCARIUM (VE6);3,61;;
RO;18;15608;VERSAR;2;;;20;VR;LECITHIN (LECITINA);2;;
RO;18;15618;FULLDINA 355 SC;4;;;20;VR;LENACIL;9,9;;
RO;18;15623;COSMOS 550 EC;6;;;20;VR;LINURON;23,66;;
RO;18;15625;TERMINUS SC;8;;;20;VR;LUFENURON;10,47;;
RO;18;15630;PALMAS 45% WG;81,5;;;20;VR;MALEIC HYDRAZIDE (IDRAZIDE MALEICA);1.761,28;;
RO;18;15640;PROLINE STAR;1482;;;20;VR;MANCOZEB;76.596,81;;
RO;18;15646;VIVER 250 EC;279;;;20;VR;MANDIPROPAMID;797,88;;
RO;18;15651;FLANKER;42;;;20;VR;MCPA;592,37;;
RO;18;15652;VAREN;186;;;20;VR;MCPA SODIUM (MCPA SALE SODICO);1,2;;
RO;18;15654;ACCORD;767;;;20;VR;MCPA-DIMETHYLAMMONIUM (MCPA SALE DIMETILAMMINICO);4,14;;
RO;18;15663;CUPRAVIT 35 WG;360;;;20;VR;MCPA-THIOETHYL;0,12;;
RO;18;15666;TURNER COMBI;4;;;20;VR;MECOPROP;59,77;;
RO;18;15668;GHIBLI 240 OD;84,5;;;20;VR;MECOPROP-P;10,98;;
RO;18;15680;MITRHA 40 SC;1054;;;20;VR;MEFENPYR DIETHYL;2,48;;
RO;18;15681;LUMADRY ESCA;89;;;20;VR;MEPANIPYRIM;62,5;;
RO;18;15687;MICLOCUR;92;;;20;VR;MEPTYLDINOCAP;218,66;;
RO;18;15699;EMI 48;16;;;20;VR;MESOSULFURON METHYL;0,83;;
RO;18;15711;ALSYSTIN;55,5;;;20;VR;MESOTRIONE;178,21;;
RO;18;15741;AVADEX FACTOR;43;;;20;VR;METAFLUMIZONE;27,34;;
RO;18;15751;VITENE TRIPLO R;5;;;20;VR;METALAXYL;2.357,26;;
RO;18;15755;CERATIPACK;1;;;20;VR;METALAXYL M;961,78;;
RO;18;15780;OSSICLOR 50 PB GREEN;3520;;;20;VR;METALDEHYDE (METALDEIDE);565,79;;
RO;18;15791;CHECKMATE PUFFER CM-O;1,53;;;20;VR;METAM POTASSIUM (USI ESSENZIALI FINO AL 31.12.2014);6.752,00;;
RO;18;15817;GLADIATOR;16;;;20;VR;METAM SODIUM (USI ESSENZIALI FINO AL 31.12.2014);59.813,59;;
RO;18;15834;TRACER 120;22;;;20;VR;METAMITRON;184,2;;
RO;18;15842;AFICIONADO;1482;;;20;VR;METARHIZIUM ANISOPLIAE;0,2;;
RO;18;15845;ARAGON;251;;;20;VR;METAZACHLOR;61,84;;
RO;18;15846;BIO ETEFON;103;;;20;VR;METHIOCARB;242,99;;
RO;18;15847;MAKURI;420;;;20;VR;METHOMYL;48,25;;
RO;18;15886;METAREX INOV;130;;;20;VR;METHOXYFENOZIDE;775,58;;
RO;18;15900;TRIKA EXPERT;43240;;;20;VR;METIRAM;35.208,81;;
RO;18;15901;ERCOLE;8490;;;20;VR;METOSULAM;0;;
RO;18;15924;RUSTLER;438;;;20;VR;METRAFENONE;207,4;;
RO;18;15927;MOJANG T;660;;;20;VR;METRIBUZIN;119,98;;
RO;18;15936;IMAZAMOX 40;225;;;20;VR;METSULFURON METHYL;0,34;;
RO;18;15937;PYPHEN NEW 10 EC;118;;;20;VR;MILBEMECTIN;0,27;;
RO;18;15948;MULIGAN;193;;;20;VR;MISCELA DI METIL OLEATO E METIL PALMITATO;7,5;;
RO;18;15949;PROMEX;216;;;20;VR;MYCLOBUTANIL;261,25;;
RO;18;15950;TERVIGO SC 1;80;;;20;VR;NAA;6,93;;
RO;18;15959;DIGEO VI;360;;;20;VR;NAD;21,26;;
RO;18;15961;RETENGO NEW;211;;;20;VR;NAPROPAMIDE;6,72;;
RO;18;15964;ENOVIT METIL FL BETA;3662;;;20;VR;N-DECANOLO (1-DECANOLO);19.666,78;;
RO;18;15995;PACLOT;43;;;20;VR;NICOSULFURON;87,15;;
RO;18;16006;DIDICLOR 6;20450;;;20;VR;NONIL-FENIL-POLIOSSIETILENE ETANOLO;15;;
RO;18;16009;PLANTONE FORTE;800;;;20;VR;OXADIAZON;77,78;;
RO;18;16051;LENNS;100;;;20;VR;OXAMYL;122;;
RO;18;16071;MESOZIN 70 WG;0,5;;;20;VR;OXYFLUORFEN;220,28;;
RO;19;13;THIOPRON;4128;;;20;VR;PACLOBUTRAZOL;6,14;;
RO;19;17;U 46 COMBI FLUID;205;;;20;VR;PAECILOMYCES LILACINUS;0,2;;
RO;19;40;ETRAVON SYNGENTA;221;;;20;VR;PARAFFIN OIL/(CAS 64742-46-7);24,98;;
RO;19;206;ALBENE;502;;;20;VR;PARAFFIN OIL/(CAS 8042-47-5);44.351,92;;
RO;19;361;BAGNANTE ANTISCHIUMA S;15;;;20;VR;PARAFFIN OIL/(CAS 97862-82-3);17.618,96;;
RO;19;449;MOCAP;375;;;20;VR;PELARGONIC ACID (ACIDO PELARGONICO);0,03;;
RO;19;450;DICURAN 700 FW;920;;;20;VR;PENCONAZOLE;141,39;;
RO;19;485;KENYATOX VERDE;1;;;20;VR;PENDIMETHALIN;2.537,94;;
RO;19;565;FUMATHANE 510;3320;;;20;VR;PHENMEDIPHAM;18,47;;
RO;19;630;REGLONE W;1050;;;20;VR;PHOSMET;399,66;;
RO;19;886;SENCOR WG;26,5;;;20;VR;PINOLENE;160,32;;
RO;19;1155;CHEMOL 90 EL;3;;;20;VR;PINOXADEN;0,36;;
RO;19;1544;MESUROL;4;;;20;VR;PIPERONYL BUTOXIDE (PIPERONIL BUTOSSIDO);2,89;;
RO;19;1562;ERBITOX E 30;148;;;20;VR;PIRIMICARB;7,18;;
RO;19;1573;BASAMID GRANULAT;160;;;20;VR;PIRIMIPHOS METHYL;0,04;;
RO;19;1583;MICROTHIOL DISPERSS;103;;;20;VR;POLISILOSSANO;35,06;;
RO;19;1600;ETRAVON;25;;;20;VR;POTASSIUM HYDROGEN CARBONATE (IDROGENOCARBONATO DI POTASSIO);4.135,25;;
RO;19;1714;KERB 80 EDF;703;;;20;VR;POTASSIUM PHOSPHITE (FOSFITO O FOSFONATO DI POTASSIO);69,66;;
RO;19;1765;MICRO-DROP;574,1;;;20;VR;PROCHLORAZ;2.088,01;;
RO;19;1850;IDRORAME FLOW;47;;;20;VR;PROHEXADIONE CALCIUM;41,2;;
RO;19;2191;WETTING PLUS;157;;;20;VR;PROPAMOCARB;1.956,81;;
RO;19;2353;BONALAN;1118;;;20;VR;PROPAMOCARB HYDROCHLORIDE;130,81;;
RO;19;2518;ACTELLIC 2P;0,6;;;20;VR;PROPAQUIZAFOP;110,97;;
RO;19;2520;ACTELLIC;1;;;20;VR;PROPICONAZOLE;47,14;;
RO;19;2603;ESCACIDE;20;;;20;VR;PROPINEB;5.660,80;;
RO;19;2634;BUGGY;20;;;20;VR;PROPYZAMIDE;583,49;;
RO;19;2732;GOLTIX;240;;;20;VR;PROQUINAZID;3,18;;
RO;19;2923;TIOVIT JET;4027;;;20;VR;PROSULFURON;0,25;;
RO;19;2934;MICROSOL 90;6;;;20;VR;PROTHIOCONAZOLE;24,77;;
RO;19;2950;ADESIL A;942,3;;;20;VR;PYMETROZINE;49,4;;
RO;19;2983;NIMROD;7,15;;;20;VR;PYRACLOSTROBIN;352,02;;
RO;19;2995;ESCARTOX;207;;;20;VR;PYRAFLUFEN ETHYL;11,95;;
RO;19;3065;OLIOCIN;1115,5;;;20;VR;PYRETHRIN I;28,7;;
RO;19;3076;MESUROL ESCA;10;;;20;VR;PYRETHRINS;3;;
RO;19;3132;SEPR-OIL;7,25;;;20;VR;PYRIDABEN;0,78;;
RO;19;3313;ARAGOL L 40;11;;;20;VR;PYRIDATE;25,79;;
RO;19;3343;U46 M CLASS;577,05;;;20;VR;PYRIMETHANIL;664,47;;
RO;19;3397;ROGOR;10;;;20;VR;PYRIPROXYFEN;85,21;;
RO;19;3503;AGRUMIN;144;;;20;VR;PYROXSULAM;15,01;;
RO;19;3519;METAMBANE;204;;;20;VR;QUINOXYFEN;356,7;;
RO;19;3542;VITEX 4/40 COMBI;2;;;20;VR;QUIZALOFOP-P (QUIZALOFOP ETILE D-ISOMERO);1,76;;
RO;19;3553;CURZATE;159,5;;;20;VR;QUIZALOFOP-P-ETILE;1,12;;
RO;19;3555;CURZATE M;20;;;20;VR;RAPE SEED OIL (OLIO DI COLZA);85,5;;
RO;19;3640;CUPROSTAR/AIRONE;160;;;20;VR;RIMSULFURON;11,18;;
RO;19;3754;BAGNANTE SARIAF;90;;;20;VR;SILICONI;28,34;;
RO;19;3767;FENOXILENE MAX;161;;;20;VR;S-METOLACHLOR;2.248,22;;
RO;19;3779;VAPAM;42000;;;20;VR;SODIUM DIOCTYL SULFOSUCCINATE (AUTORIZZATO SOLO COME COADIUVANTE);14,11;;
RO;19;3800;CRITTAM WG;58;;;20;VR;SORBITAN MONO OLEATO ETOSSILATO;4,2;;
RO;19;4012;RELDAN 22;193,45;;;20;VR;SORBITAN MONOLEATO;496,44;;
RO;19;4157;IROL PLUS;2600;;;20;VR;SPINETORAM;14,75;;
RO;19;4199;PENNCOZEB DG;1205;;;20;VR;SPINOSAD;134,42;;
RO;19;4228;ROGOR L 20;1400;;;20;VR;SPIRODICLOFEN;17,51;;
RO;19;4326;ROGOR L 40;12;;;20;VR;SPIROMESIFEN;30;;
RO;19;4426;DECIS;16;;;20;VR;SPIROTETRAMAT;22,86;;
RO;19;4552;DITHANE DG NEOTEC;200;;;20;VR;SPIROXAMINE;2.516,68;;
RO;19;4710;ALIETTE;1246;;;20;VR;SULCOTRIONE;231,22;;
RO;19;5152;TIOSPOR WG;2;;;20;VR;SULPHUR (ZOLFO);825.178,76;;
RO;19;5228;CARAKOL;318,5;;;20;VR;TEBUCONAZOLE;1.787,99;;
RO;19;5574;LUMAKIDIN 5G;250;;;20;VR;TEBUFENOZIDE;306,13;;
RO;19;5657;BAGNANTE SCAM;200;;;20;VR;TEBUFENPYRAD;7,6;;
RO;19;5755;TILT 25 EC;2,5;;;20;VR;TEFLUTHRIN;73,94;;
RO;19;5796;GARLON;298;;;20;VR;TEMBOTRIONE;11,31;;
RO;19;5864;CIPOTRIL;34;;;20;VR;TERBUTHYLAZINE;1.741,61;;
RO;19;5881;PREVICUR;0,1;;;20;VR;TETRACONAZOLE;42,82;;
RO;19;6001;BETAFIL;100;;;20;VR;TETRADECAN-1-OL;0;;
RO;19;6268;BAGNANTE DEMETRA;3621;;;20;VR;THIABENDAZOLE;12,01;;
RO;19;6277;OXAMYL DU PONT VYDATE 5G;3140;;;20;VR;THIACLOPRID;103,22;;
RO;19;6322;OBSTHORMON 24A;1;;;20;VR;THIAMETHOXAM;346,01;;
RO;19;6376;ANTISCHIUMA SHAUMSTOP;35,7;;;20;VR;THIENCARBAZONE-METHYL;52,56;;
RO;19;6401;MONDAK 21 S;3;;;20;VR;THIFENSULFURON-METHYL;9,52;;
RO;19;6437;ETHREL;23;;;20;VR;THIOPHANATE-METHYL;1.630,12;;
RO;19;6438;BI-FEN;7;;;20;VR;THIRAM;7.373,76;;
RO;19;6556;K-OBIOL DP2;26;;;20;VR;TOLCLOFOS-METHYL;1.158,28;;
RO;19;6632;DIPPER;34;;;20;VR;TRI-ALLATE;0,45;;
RO;19;6674;AFALON DS;1612;;;20;VR;TRIASULFURON;1,34;;
RO;19;6719;LIOSOL BETA;9;;;20;VR;TRIBASIC COPPER SULPHATE (RAME SOLFATO TRIBASICO);11.559,30;;
RO;19;6766;BUTISAN S;26;;;20;VR;TRIBENURON-METILE;4,53;;
RO;19;6945;TOPAS 10 EC;30,75;;;20;VR;TRICHODERMA ASPERELLUM;11,06;;
RO;19;6947;TOPAS COMBI;153;;;20;VR;TRICHODERMA GAMSII;10,26;;
RO;19;6956;TARGA FLO;2275;;;20;VR;TRICHODERMA HARZIANUM;0,53;;
RO;19;6978;BETTER 400;870;;;20;VR;TRICLOPYR;31,08;;
RO;19;7020;BAGNANTE CIFO;89;;;20;VR;TRIFLOXYSTROBIN;173,22;;
RO;19;7053;PASTA CAFFARO NC;125,5;;;20;VR;TRIFLUMURON;25,94;;
RO;19;7291;VOLCAN COMBI;4;;;20;VR;TRIFLUSULFURON-METHYL;1,26;;
RO;19;7368;TURFENE L;98;;;20;VR;TRINEXAPAC ETHYL;2,04;;
RO;19;7369;SYLLIT FLO;0,86;;;20;VR;TRISILOSSANO ETOSSILATO PROPOSSILATO;76,13;;
RO;19;7379;VENZAR;158;;;20;VR;VALIPHENAL (IR5885);72;;
RO;19;7390;CHIPCO GREEN;60;;;20;VR;ZETA CYPERMETHRIN;19,84;;
RO;19;7543;ERBITOX COMBI;268;;;20;VR;ZIRAM;8.668,92;;
RO;19;7550;ZETA 80;6;;;20;VR;ZOXAMIDE;930,91;;
RO;19;7555;KLARTAN 20 EW;43,04;;;21;VR;(E,E)-8,10-DODECADIEN-1-OL (CODLEMONE);14,77;;
RO;19;7587;IOTRIL;40;;;21;VR;(E,Z)-7,9-DODECADIENYL-1-YL ACETATE;0,39;;
RO;19;7608;DASKOR;68;;;21;VR;1,3-DICHLOROPROPENE;278.661,08;;
RO;19;7611;ENOVIT METIL FL;173;;;21;VR;2,4-D;151,15;;
RO;19;7700;MATACAR FL;1,6;;;21;VR;2,4-D (SALE DIMETILAMMINICO);0,48;;
RO;19;7732;KESHET EW;1;;;21;VR;3,6 dioxaeicosilsolfato;52,11;;
RO;19;7733;BAYTEROID EW;4;;;21;VR;3,6 dioxaottodecilsolfato di sodio;103,64;;
RO;19;7764;TIOLENE;1;;;21;VR;6-BENZYLADENINE;116,76;;
RO;19;7845;TMTD 50 SC;11;;;21;VR;ABAMECTIN;106,47;;
RO;19;7876;PIRIMOR 17,5;39;;;21;VR;ACETAMIPRID;147,4;;
RO;19;7889;NURELLE D;138;;;21;VR;ACIBENZOLAR-S-METHYL;42,25;;
RO;19;7916;POLYRAM DF;9;;;21;VR;ACLONIFEN;1.635,81;;
RO;19;7919;TOUCHDOWN;1065;;;21;VR;ACRINATHRIN;2,36;;
RO;19;7922;OPALENE;160;;;21;VR;ALCOOL GRASSO ETOSSILATO;295,26;;
RO;19;7930;KERB FLO;66;;;21;VR;ALCOOL ISOTRIDECILICO;35,6;;
RO;19;7957;ROVRAL PLUS;253;;;21;VR;ALCOOL LAURILICO POLIETOSSILATO;0,67;;
RO;19;7958;RONSTAR FL;1954;;;21;VR;ALPHA-CYPERMETHRIN (ALPHAMETHRIN);37,85;;
RO;19;7961;RIZOLEX  GOLD;312;;;21;VR;AMETOCTRADIN;478,4;;
RO;19;7963;RIZOLEX 50 PB;37;;;21;VR;AMIDOSULFURON;3,58;;
RO;19;7965;TRIGARD 75 WP;0,5;;;21;VR;AMINOPYRALID;2,26;;
RO;19;7984;STRATOS;2561;;;21;VR;AMITROLE;12,12;;
RO;19;7998;PRIMOSOL 80 WDG;30;;;21;VR;AUREOBASIDIUM PULLULANS;0;;
RO;19;8028;CALARIS;26;;;21;VR;AZADIRACHTIN A (AZADIRACTINA A);12,86;;
RO;19;8102;MERPAN 80 WDG;52;;;21;VR;AZOXYSTROBIN;579,63;;
RO;19;8117;BASTA 200;110;;;21;VR;BACILLUS AMYLOLIQUEFACIENS SUBSP. PLANTARUM D747;244,75;;
RO;19;8129;BETOZON 65 DF;9;;;21;VR;BACILLUS FIRMUS I-1582;25,5;;
RO;19;8130;TITUS;0,22;;;21;VR;BACILLUS SUBTILIS (CEPPO QST 713);0,59;;
RO;19;8139;MANTA GOLD/FENOTRIX COMBI;969;;;21;VR;BACILLUS THURINGIENSIS SOTTOSPECIE AIZAWAI CEPPO GC-91;175;;
RO;19;8146;GALLERY;2;;;21;VR;BACILLUS THURINGIENSIS SOTTOSPECIE AIZAWAY CEPPO ABTS 1857;3,81;;
RO;19;8184;CHALLENGE;180;;;21;VR;BACILLUS THURINGIENSIS SOTTOSPECIE KURSTAKI 3A-3B CEPPO HD1;0,32;;
RO;19;8189;FORCE;7800;;;21;VR;BACILLUS THURINGIENSIS SOTTOSPECIE KURSTAKI CEPPO ABTS 351;50,21;;
RO;19;8201;GLISTER;18,75;;;21;VR;BACILLUS THURINGIENSIS SOTTOSPECIE KURSTAKI CEPPO EG 2348;30,3;;
RO;19;8207;LONTREL 75 G;1,3;;;21;VR;BACILLUS THURINGIENSIS SOTTOSPECIE KURSTAKI CEPPO SA 12;36,86;;
RO;19;8284;MICOSPOR MGD;2;;;21;VR;BEAUVERIA BASSIANA;5,22;;
RO;19;8321;NOVODOR FC;2;;;21;VR;BENALAXYL;33,94;;
RO;19;8376;ARIANE II;1169;;;21;VR;BENALAXYL-M;60,04;;
RO;19;8382;ROUNDUP BIOFLOW;20;;;21;VR;BENFLURALIN;552,77;;
RO;19;8429;GLYFOS SL;446;;;21;VR;BENSULFURON METHYL;6,5;;
RO;19;8498;FOLICUR WG;433;;;21;VR;BENTAZONE;2.531,14;;
RO;19;8499;EFESTO;282;;;21;VR;BENTHIAVALICARB;2,59;;
RO;19;8528;FEINZIN 35 DF;17;;;21;VR;BETA-CIFLUTRIN;1,12;;
RO;19;8534;CITROLE;1302;;;21;VR;BIFENAZATE;7,96;;
RO;19;8540;PAMPA/GHIBLI;957;;;21;VR;BIXAFEN;21,6;;
RO;19;8542;FORUM 50 WP;77,2;;;21;VR;BORDEAUX MIXTURE (RAME POLTIGLIA BORDOLESE);253,85;;
RO;19;8547;LOGRAN;17,53;;;21;VR;BOSCALID;1.177,08;;
RO;19;8646;ACTIVUS EC/PANDA;219;;;21;VR;BROMADIOLONE;0,01;;
RO;19;8706;AMID THIN W;1;;;21;VR;BROMOXYNIL OTTANOATO;24,49;;
RO;19;8712;ALLEGANTE 4% AF 96;1;;;21;VR;BROMUCONAZOLE;6,98;;
RO;19;8729;FORUM R;524;;;21;VR;BUPIRIMATE;492,68;;
RO;19;8731;ACROBAT R;100;;;21;VR;BUPROFEZIN;73,25;;
RO;19;8735;TREBON UP;15,5;;;21;VR;CALCIUM POLYSULPHIDE (POLISOLFURO DI CALCIO O ZOLFO CALCICO);5.152,50;;
RO;19;8742;INDAR 5EW;2;;;21;VR;CAPTANO;52.841,40;;
RO;19;8743;GREENEX;0,3;;;21;VR;CARFENTRAZONE-ETHYL;64,87;;
RO;19;8795;VERTIMEC EC;21;;;21;VR;CHLORANTRANILIPROLE;389,47;;
RO;19;8797;BINAL PRO/EMINENT COMBI;2172;;;21;VR;CHLORIDAZON;423,63;;
RO;19;8801;SCORE 25 EC;501;;;21;VR;CHLORMEQUAT (CHLORIDE);18,95;;
RO;19;8803;DOMARK COMBI PB;3;;;21;VR;CHLOROTHALONIL;695,05;;
RO;19;8843;NISSHIN;110;;;21;VR;CHLORPROPHAM;235,9;;
RO;19;8859;MASTIFF;2739;;;21;VR;CHLORPYRIFOS;17.976,02;;
RO;19;8884;BITRON DF;447;;;21;VR;CHLORPYRIFOS-METHYL;1.518,39;;
RO;19;8886;SAFARI;29,52;;;21;VR;CHLORTOLURON;258,74;;
RO;19;8910;AMOK PLUS;320;;;21;VR;CIFLUTRIN;75,29;;
RO;19;8934;SCALA;49,45;;;21;VR;CLETHODIM;6,75;;
RO;19;8945;ENOVIT METIL DF;10;;;21;VR;CLODINAFOP PROPARGYL;355,36;;
RO;19;8984;GLIPHOGAN TOP MK;1645;;;21;VR;CLOFENTEZINE;5,67;;
RO;19;8987;CONFIDOR 200 SL;19,91;;;21;VR;CLOMAZONE;750,08;;
RO;19;9005;AGIL;1857;;;21;VR;CLOPYRALID;33,14;;
RO;19;9010;RAMEZIN COMBI WG;308;;;21;VR;CLOQUINTOCET MEXYL;97,92;;
RO;19;9012;CUPROCAFFARO MICRO;60;;;21;VR;CLOTHIANIDIN;12,2;;
RO;19;9079;REGRAN COMBI;20;;;21;VR;COPOLIMER 21;0,24;;
RO;19;9131;PYRINEX ME;196;;;21;VR;COPPER HYDROXIDE (RAME IDROSSIDO);6.185,91;;
RO;19;9148;SYLLIT 355 SC;20;;;21;VR;COPPER OXIDE (RAME OSSIDO);5.124,00;;
RO;19;9153;CYREN 44 EC;3;;;21;VR;COPPER OXYCHLORIDE (RAME OSSICLORURO);28.033,16;;
RO;19;9180;STROBY WG;1,2;;;21;VR;COPPER SULFATE (RAME SOLFATO);11.051,50;;
RO;19;9286;OHAYO;121;;;21;VR;CYAZOFAMID;84,47;;
RO;19;9298;METHAM NA 51;3000;;;21;VR;CYCLOXYDIM;289,2;;
RO;19;9322;GOLTIX STAR;269;;;21;VR;CYDIA POMONELLA GRANULOSIS VIRUS;525,23;;
RO;19;9335;SILGLIF MK;133;;;21;VR;CYFLUFENAMID;16,38;;
RO;19;9339;BETANAL EXPERT;799;;;21;VR;CYHALOFOP BUTYL;21,63;;
RO;19;9352;CLIOPHAR 100 SL;1;;;21;VR;CYMOXANIL;919,34;;
RO;19;9364;RAPIDO;115;;;21;VR;CYPERMETHRIN;734,96;;
RO;19;9371;PEAK;0,04;;;21;VR;CYPROCONAZOLE;42,23;;
RO;19;9374;MATCH TOP;3;;;21;VR;CYPRODINIL;1.045,30;;
RO;19;9422;EVADE;345,25;;;21;VR;CYPROSULFAMIDE;553,78;;
RO;19;9443;ENDOGERME;1,1;;;21;VR;CYROMAZINE (CIROMAZINA);0,56;;
RO;19;9463;KLARO KIT;20;;;21;VR;DAMINOZIDE;13,6;;
RO;19;9496;GALIGAN EC;1;;;21;VR;DAZOMET;673,2;;
RO;19;9509;PROMALIN NT;1;;;21;VR;DB-2,4;3.044,84;;
RO;19;9578;SWITCH;26,6;;;21;VR;DELTAMETHRIN;125,7;;
RO;19;9599;CURAME;50;;;21;VR;DENATHONIUM BENZOATE (DENATONIO BENZOATO);1,55;;
RO;19;9634;CARNIVAL;65;;;21;VR;DESMEDIPHAM;45,8;;
RO;19;9636;OSSIRAM COMBI WP;4,3;;;21;VR;DICAMBA;806,3;;
RO;19;9668;RUFAST E-FLO;15,25;;;21;VR;DICAMBA SALE DIMETILAMMINICO;26,43;;
RO;19;9673;SEPRA-BAIT;100;;;21;VR;DICAMBA SALE SODICO;52,68;;
RO;19;9675;PANTOX 360;58;;;21;VR;DIFENOCONAZOLE;652,23;;
RO;19;9678;M70 DF;26;;;21;VR;DIFLUBENZURON;119,17;;
RO;19;9689;AURIGA;80;;;21;VR;DIFLUFENICAN;74,36;;
RO;19;9695;PERLAN;3;;;21;VR;DIMETHENAMID-P;369,28;;
RO;19;9705;PREVITER;31,4;;;21;VR;DIMETHOATE;1.973,40;;
RO;19;9726;GLIFOSAN;22;;;21;VR;DIMETHOMORPH;2.367,79;;
RO;19;9757;SPYRALE;415;;;21;VR;DIQUAT;4.324,73;;
RO;19;9758;COPRANTOL WG;330;;;21;VR;DITHIANON;15.878,10;;
RO;19;9767;NUFOS 7,5 G;4260;;;21;VR;DODECYL ACETATE;0,37;;
RO;19;9787;MICROBAGNABILE WG;145;;;21;VR;DODINE;1.652,82;;
RO;19;9790;CONTATTO 320;342;;;21;VR;EMAMECTIN BENZOATE;259,47;;
RO;19;9800;MAVRIK 20 EW;1;;;21;VR;EPOXICONAZOLE;4,32;;
RO;19;9802;COPRANTOL HI BIO;120;;;21;VR;EPTAMETILTRISILOSSANO, POLIALCHILENE OSSIDO MODIFICATO;1.572,06;;
RO;19;9833;CLINCHER;10;;;21;VR;ESFENVALERATE;7,47;;
RO;19;9843;BASAGRAN SG;51;;;21;VR;ETHEPHON;875,1;;
RO;19;9867;4 STAGIONI;6,25;;;21;VR;ETHOFUMESATE;256,09;;
RO;19;9872;AKRIS;625;;;21;VR;ETHOPROPHOS;1.830,00;;
RO;19;9919;CONTATTO PIU' EC;32;;;21;VR;ETOFENPROX;251,42;;
RO;19;9940;ZELIG GR;11822;;;21;VR;ETOXAZOLE;6;;
RO;19;9941;BUMPER P;2642;;;21;VR;ETRIDIAZOLE;1,25;;
RO;19;9954;JOKER;1131;;;21;VR;FAMOXADONE;3,8;;
RO;19;9995;ARIUS;51;;;21;VR;FENAMIDONE;78,11;;
RO;19;10049;DURSBAN 75 WG;544;;;21;VR;FENAMIPHOS;782,16;;
RO;19;10080;COMET SC;45;;;21;VR;FENBUCONAZOLE;24,35;;
RO;19;10105;RIDOMIL GOLD SL;5;;;21;VR;FENHEXAMID;304,55;;
RO;19;10117;STRATOS ULTRA;4;;;21;VR;FENOXAPROP-P-ETHYL;24,34;;
RO;19;10118;AMISTAR;1259;;;21;VR;FENPROPIDIN;21,66;;
RO;19;10127;DECIS JET;75,41;;;21;VR;FENPYRAZAMINE;217,5;;
RO;19;10142;VERNOIL;20;;;21;VR;FERRIC PHOSPHATE (FOSFATO FERRICO);5,18;;
RO;19;10161;ORTIVA;1225;;;21;VR;FIPRONIL;5,03;;
RO;19;10175;COMBI COP;79;;;21;VR;FLAZASULFURON;35,31;;
RO;19;10183;GARLON EV;5,6;;;21;VR;FLONICAMID;347,08;;
RO;19;10184;TIMBREL EV;1,1;;;21;VR;FLORASULAM;3,35;;
RO;19;10221;PIMIENTO 600;8;;;21;VR;FLUAZIFOP-P-BUTYL;261,92;;
RO;19;10285;TOMAHAWK;3;;;21;VR;FLUAZINAM;2.598,47;;
RO;19;10296;IPERION;1017;;;21;VR;FLUDIOXONIL;725,99;;
RO;19;10297;SINIS 35 WG;23;;;21;VR;FLUFENACET;558,39;;
RO;19;10305;OIKOS;57;;;21;VR;FLUOPICOLIDE;113,18;;
RO;19;10306;MISTRAL;12;;;21;VR;FLUOPYRAM;309,99;;
RO;19;10329;FORUM MZ WG;6;;;21;VR;FLUROXYPYR;394,71;;
RO;19;10357;RIGRON SG;81;;;21;VR;FLUTRIAFOL;90,2;;
RO;19;10372;RASIKAL QUICK;120;;;21;VR;FLUVALINATE;195,24;;
RO;19;10373;CONTEST;270;;;21;VR;FOLPET;4.979,80;;
RO;19;10404;CLINIC 360 SL;84;;;21;VR;FORAMSULFURON;84,85;;
RO;19;10423;LUMACHICIDA VEBI;331,5;;;21;VR;FORCHLORFENURON;2,29;;
RO;19;10424;VEBIGLYF;60;;;21;VR;FORMETANATE;9,6;;
RO;19;10447;NOVEL DUO;1105;;;21;VR;FOSETYL-ALUMINIUM;11.905,60;;
RO;19;10456;KLARO ULTRA;9;;;21;VR;FOSTHIAZATE;4,75;;
RO;19;10465;ROUNDUP MAX;7740;;;21;VR;GIBBERELLIC ACID (ACIDO GIBBERELLICO A3);65,63;;
RO;19;10479;NATURALIS;1;;;21;VR;GIBBERELLINS (A4+A7);39,93;;
RO;19;10494;PREMIUM TOP;135,5;;;21;VR;GLUFOSINATE-AMMONIUM;2.295,00;;
RO;19;10504;KELLY WG;23;;;21;VR;GLYPHOSATE (GLIFOSATE);44.018,95;;
RO;19;10552;THIOCUR ZOLFO;6;;;21;VR;GLYPHOSATE ISOPROPYLAMINE (GLIFOSATE SALE ISOPROPILAMINICO);33,32;;
RO;19;10568;ZOOMER;16;;;21;VR;HALOSULFURON-METYL;13,9;;
RO;19;10584;SHAMAL MK PLUS;597;;;21;VR;HEXYTHIAZOX;47,11;;
RO;19;10585;SULCOTREK;517;;;21;VR;IMAZALIL;0,06;;
RO;19;10609;MESOZIN 35 WG;2;;;21;VR;IMAZAMOX;288,61;;
RO;19;10690;FUNGIBEN COMBI;10;;;21;VR;IMIDACLOPRID;1.376,66;;
RO;19;10701;CUMETA FLOW;80;;;21;VR;INDOXACARB;268,13;;
RO;19;10710;TOMAGAN;18;;;21;VR;IODOSULFURON METHYL SODIUM;4,56;;
RO;19;10715;SILGLIF NF;63;;;21;VR;IOXYNIL;8,71;;
RO;19;10734;DUAL GOLD;109;;;21;VR;IOXYNIL OCTANOATE;4,31;;
RO;19;10735;PRIMAGRAM GOLD;1271;;;21;VR;IPRODIONE;656,81;;
RO;19;10741;METACINQUE;67;;;21;VR;IPROVALICARB;55,11;;
RO;19;10752;STEWARD;23,25;;;21;VR;ISOXABEN;52,1;;
RO;19;10753;FOLICUR SE;3,3;;;21;VR;ISOXADIFEN ETHYL;138,88;;
RO;19;10758;BEETUP-TRIO;315;;;21;VR;ISOXAFLUTOLE;739,88;;
RO;19;10771;MOST MICRO;1199;;;21;VR;KRESOXIM METHYL;27,86;;
RO;19;10926;ALTOREX;64;;;21;VR;LAMBDA-CYHALOTHRIN;432,94;;
RO;19;10927;KOHINOR PLUS;45;;;21;VR;LAURATO DI POTASSIO;2,45;;
RO;19;10929;CHIKARA 25 WG;3,5;;;21;VR;LECITHIN (LECITINA);33,5;;
RO;19;10936;NAAK 480;36;;;21;VR;LENACIL;72,35;;
RO;19;10939;CP 40 AGRO;8;;;21;VR;LINURON;305,69;;
RO;19;10944;KARATE ZEON;198,25;;;21;VR;LUFENURON;4,18;;
RO;19;10952;CARPOVIRUSINE PLUS;1;;;21;VR;MALEIC HYDRAZIDE (IDRAZIDE MALEICA);7.432,23;;
RO;19;10976;METEOR;1345,25;;;21;VR;MANCOZEB;26.364,09;;
RO;19;10999;BETANAL SE;421;;;21;VR;MANDIPROPAMID;298,46;;
RO;19;11011;DASH HC;3493;;;21;VR;MCPA;1.428,76;;
RO;19;11012;AURA;121;;;21;VR;MCPA SODIUM (MCPA SALE SODICO);10,5;;
RO;19;11059;BIOPOWER;421;;;21;VR;MCPA-DIMETHYLAMMONIUM (MCPA SALE DIMETILAMMINICO);57,72;;
RO;19;11076;CLINIC PRO;160;;;21;VR;MCPA-THIOETHYL;0,07;;
RO;19;11104;CUPROFIX 30 DISPERSS;1090;;;21;VR;MECOPROP;23,29;;
RO;19;11119;FLINT;26,5;;;21;VR;MECOPROP-P;60,56;;
RO;19;11147;KRUG;85,5;;;21;VR;MEFENPYR DIETHYL;12,86;;
RO;19;11160;SUGARBETA PLUS SE;1;;;21;VR;MEPANIPYRIM;14,5;;
RO;19;11173;AVAUNT EC;194,25;;;21;VR;MEPTYLDINOCAP;154,94;;
RO;19;11175;KRISTAL 32;2;;;21;VR;MESOSULFURON METHYL;3,97;;
RO;19;11190;PENCOR 10 EC;0,3;;;21;VR;MESOTRIONE;1.093,38;;
RO;19;11196;SULFAR;420;;;21;VR;METAFLUMIZONE;50,49;;
RO;19;11204;RIZOSOL 50;68;;;21;VR;METALAXYL;765,31;;
RO;19;11206;CODACIDE;1562,5;;;21;VR;METALAXYL M;402,4;;
RO;19;11243;LEOPARD 5 EC;1263;;;21;VR;METALDEHYDE (METALDEIDE);208,18;;
RO;19;11252;CONTANS WG;60;;;21;VR;METAM POTASSIUM (USI ESSENZIALI FINO AL 31.12.2014);10.697,70;;
RO;19;11253;CALLISTO;1551;;;21;VR;METAM SODIUM (USI ESSENZIALI FINO AL 31.12.2014);10.347,38;;
RO;19;11301;SPHERE;86;;;21;VR;METAMITRON;1.136,60;;
RO;19;11303;CHAMP DP;1160;;;21;VR;METAZACHLOR;547,82;;
RO;19;11341;STARANE GOLD;979;;;21;VR;METCONAZOLE;0,34;;
RO;19;11345;ZOLVIS 80 WDG;390;;;21;VR;METHIOCARB;66,52;;
RO;19;11353;FUSILADE MAX;33;;;21;VR;METHOMYL;79;;
RO;19;11355;TAMIFUM;21000;;;21;VR;METHOXYFENOZIDE;647,33;;
RO;19;11382;GARDENE PLUS;348,5;;;21;VR;METIRAM;7.249,96;;
RO;19;11393;BEETLE;129;;;21;VR;METRAFENONE;239,98;;
RO;19;11403;MELODY COMPACT;578;;;21;VR;METRIBUZIN;1.156,09;;
RO;19;11418;ROUNDUP 450 PLUS;157;;;21;VR;METSULFURON METHYL;2,55;;
RO;19;11449;GARDOPRIM GOLD;145;;;21;VR;MILBEMECTIN;0,09;;
RO;19;11525;FUNGIDINA;12,2;;;21;VR;MISCELA DI METIL OLEATO E METIL PALMITATO;291,75;;
RO;19;11526;SULTAN;111;;;21;VR;MYCLOBUTANIL;85,32;;
RO;19;11527;PYRINEX QUICK;90,52;;;21;VR;NAA;55,18;;
RO;19;11560;REGALIS;5;;;21;VR;NAD;115,39;;
RO;19;11569;CUPROXAT S.D.I.;95;;;21;VR;NAPROPAMIDE;288,96;;
RO;19;11586;TOP-AGAN;1826;;;21;VR;N-DECANOLO (1-DECANOLO);163.819,98;;
RO;19;11587;CAMBEL S;735;;;21;VR;NICOSULFURON;433,28;;
RO;19;11596;CALYPSO;24;;;21;VR;NONIL-FENIL-POLIOSSIETILENE ETANOLO;12;;
RO;19;11600;CRUISER 350 FS;4;;;21;VR;OXADIAZON;1.287,18;;
RO;19;11611;VYDATE 10L;100;;;21;VR;OXAMYL;176;;
RO;19;11614;ACTARA 25 WG;87,4;;;21;VR;OXYFLUORFEN;466,66;;
RO;19;11619;TIOFLOR WDG;158;;;21;VR;PACLOBUTRAZOL;21;;
RO;19;11626;PITSTOP;5;;;21;VR;PAECILOMYCES LILACINUS;0,08;;
RO;19;11649;COMMAND 36 CS;6,25;;;21;VR;PARAFFIN OIL/(CAS 64742-46-7);54,56;;
RO;19;11653;FOLIO GOLD 537,5 SC;156;;;21;VR;PARAFFIN OIL/(CAS 8042-47-5);35.466,05;;
RO;19;11660;SHOGUN;48;;;21;VR;PARAFFIN OIL/(CAS 97862-82-3);15.723,21;;
RO;19;11668;PLENUM 50 WG;1,2;;;21;VR;PENCONAZOLE;334,72;;
RO;19;11680;CICLONE;2740;;;21;VR;PENDIMETHALIN;5.775,27;;
RO;19;11693;LASER;25,25;;;21;VR;PENOXSULAM;4,26;;
RO;19;11694;CONSERVE SC;0,2;;;21;VR;PENTHIOPYRAD;5,92;;
RO;19;11704;OLIO OGNISTAGIONE;3,25;;;21;VR;PETHOXAMID;1.109,47;;
RO;19;11711;DUKE IDROSSIDO;14;;;21;VR;PHENMEDIPHAM;233,84;;
RO;19;11794;STOPPER;3,75;;;21;VR;PHOSMET;351,34;;
RO;19;11796;GLIFAST;24;;;21;VR;PICLORAM;2,32;;
RO;19;11821;WEEDAZOL TL;110;;;21;VR;PICOXYSTROBIN;31,5;;
RO;19;11844;KORON WDG;1,3;;;21;VR;PINOLENE;21,12;;
RO;19;11866;AGRO-OIL;25;;;21;VR;PINOXADEN;15,12;;
RO;19;11871;AGROLIM;202;;;21;VR;PIPERONYL BUTOXIDE (PIPERONIL BUTOSSIDO);0,55;;
RO;19;11872;RIFLE 4-24 R;96;;;21;VR;PIRIMICARB;20,13;;
RO;19;11883;CURIT;4;;;21;VR;PIRIMIPHOS METHYL;10,81;;
RO;19;11885;ELICIO;3;;;21;VR;POLISILOSSANO;65,15;;
RO;19;11894;GRANEX;1;;;21;VR;POTASSIUM HYDROGEN CARBONATE (IDROGENOCARBONATO DI POTASSIO);1.207,00;;
RO;19;11908;VENTUREX 35 L;4,6;;;21;VR;POTASSIUM PHOSPHITE (FOSFITO O FOSFONATO DI POTASSIO);875,14;;
RO;19;11921;RISCIO' 50 WP/RISCIO';178;;;21;VR;PROCHLORAZ;1.043,38;;
RO;19;11931;MANZEB 75 WG;30;;;21;VR;PROFOXYDIM;1,25;;
RO;19;11964;POLTIGLIA CAFFARO 20 GD;190;;;21;VR;PROHEXADIONE CALCIUM;91,6;;
RO;19;11979;BORDO 20 MICRO;16;;;21;VR;PROPAMOCARB;1.800,65;;
RO;19;12010;TUAREG;3883;;;21;VR;PROPAMOCARB HYDROCHLORIDE;723,09;;
RO;19;12020;SUCCESS;46,96;;;21;VR;PROPAQUIZAFOP;1.377,50;;
RO;19;12023;MEGIC;664;;;21;VR;PROPICONAZOLE;123,95;;
RO;19;12043;PREVICUR ENERGY;70,7;;;21;VR;PROPINEB;1.123,00;;
RO;19;12067;CIPER;128;;;21;VR;PROPOXYCARBAZONE;10,36;;
RO;19;12068;TEFLUSTAR;6593,95;;;21;VR;PROPYZAMIDE;736,25;;
RO;19;12069;EPIK;312;;;21;VR;PROQUINAZID;4,46;;
RO;19;12083;DANADIM PROGRESS;596;;;21;VR;PROSULFURON;0,5;;
RO;19;12090;MICROSED GEO/MICRONOL T5;3490;;;21;VR;PROTHIOCONAZOLE;169,16;;
RO;19;12096;POLTIGLIA DISPERSS;3726;;;21;VR;PYMETROZINE;17,2;;
RO;19;12100;ASSET;86;;;21;VR;PYRACLOSTROBIN;462,25;;
RO;19;12133;JUVINAL 10 EC;11;;;21;VR;PYRAFLUFEN ETHYL;2,28;;
RO;19;12136;VERITAS;20;;;21;VR;PYRETHRIN I;11,14;;
RO;19;12194;TEGOPLANT;24;;;21;VR;PYRETHRINS;0,16;;
RO;19;12200;SILBOT R/DYMO R;153;;;21;VR;PYRIDABEN;0,78;;
RO;19;12212;PENTHIUM EC;187;;;21;VR;PYRIDATE;31,41;;
RO;19;12215;VEBIPHOS 7,5;4;;;21;VR;PYRIMETHANIL;1.040,92;;
RO;19;12225;TEPPEKI;7,5;;;21;VR;PYRIPROXYFEN;147,77;;
RO;19;12245;ROUNDUP 360 POWER;15016;;;21;VR;PYROXSULAM;6,75;;
RO;19;12270;UNICORN DF;30;;;21;VR;QUINOXYFEN;63,66;;
RO;19;12296;GAIO SX;0,52;;;21;VR;QUIZALOFOP-P (QUIZALOFOP ETILE D-ISOMERO);38,87;;
RO;19;12298;GUNNER SC;54;;;21;VR;QUIZALOFOP-P-ETILE;84,2;;
RO;19;12318;VIVER;285;;;21;VR;RAPE SEED OIL (OLIO DI COLZA);904,88;;
RO;19;12323;VEBIZOLFO WG;40;;;21;VR;RIMSULFURON;54,25;;
RO;19;12325;MESUROL M PLUS;531;;;21;VR;SALE SODICO DI ALCHILETERE SOLFATO;85,68;;
RO;19;12330;DEDALUS SE;650;;;21;VR;SILICONI;1,25;;
RO;19;12344;VEBITHRIN 5 EC;1,4;;;21;VR;S-METOLACHLOR;10.917,78;;
RO;19;12361;ALGEDI;39,6;;;21;VR;SODIUM DIOCTYL SULFOSUCCINATE (AUTORIZZATO SOLO COME COADIUVANTE);8,23;;
RO;19;12375;SUGAR 500 SC;1390;;;21;VR;SORBITAN MONO OLEATO ETOSSILATO;614,16;;
RO;19;12383;RIDOMIL GOLD MZ PEPITE;52;;;21;VR;SORBITAN MONOLEATO;327,24;;
RO;19;12393;COPPERCIM WG;21,5;;;21;VR;SPINETORAM;11;;
RO;19;12437;DELAN 70 WG;247;;;21;VR;SPINOSAD;510,85;;
RO;19;12452;EQUIP;1021;;;21;VR;SPIRODICLOFEN;15,5;;
RO;19;12482;LUMAX;8340;;;21;VR;SPIROMESIFEN;3,44;;
RO;19;12491;CIPERTHRIN PLUS;614,75;;;21;VR;SPIROTETRAMAT;62,97;;
RO;19;12492;ASTROL NUOVO;560;;;21;VR;SPIROXAMINE;275,28;;
RO;19;12514;VIPER;1228;;;21;VR;SULCOTRIONE;765,32;;
RO;19;12528;CABRIO TOP;2;;;21;VR;SULPHUR (ZOLFO);116.849,47;;
RO;19;12534;FOXTAIL;103;;;21;VR;TEBUCONAZOLE;2.316,79;;
RO;19;12573;EKO OIL SPRAY;430;;;21;VR;TEBUFENOZIDE;216,89;;
RO;19;12578;RANMAN;2,1;;;21;VR;TEBUFENPYRAD;2,45;;
RO;19;12590;DIASTAR MAXI;5750;;;21;VR;TEFLUTHRIN;239,09;;
RO;19;12598;GRANSTAR POWER SX;692,15;;;21;VR;TEMBOTRIONE;105,61;;
RO;19;12622;QUANTUM;22;;;21;VR;TEPRALOXYDIM;2,23;;
RO;19;12625;EFUZIN 355 SC/FULLDINA 35 FL;91;;;21;VR;TERBUTHYLAZINE;7.422,56;;
RO;19;12627;DANADIM 400;40;;;21;VR;TETRACONAZOLE;133,82;;
RO;19;12629;BUGGY 360 SG N.E.T.;1660;;;21;VR;THIABENDAZOLE;16,73;;
RO;19;12650;NUPRID 200 SL;33,36;;;21;VR;THIACLOPRID;174,53;;
RO;19;12670;RISOLUTIV SL;125;;;21;VR;THIAMETHOXAM;180,87;;
RO;19;12671;HARMONY 50 SX;63,01;;;21;VR;THIENCARBAZONE-METHYL;197,06;;
RO;19;12696;TEBUZOL S DISPERSS;1083;;;21;VR;THIFENSULFURON-METHYL;3.636,92;;
RO;19;12722;OSSICLOR 20 FLOW;3;;;21;VR;THIOPHANATE-METHYL;3.388,71;;
RO;19;12737;AIRONE PIU';1299;;;21;VR;THIRAM;8.728,08;;
RO;19;12747;CUPRAVIT BLU WG;2,3;;;21;VR;TOLCLOFOS-METHYL;943,98;;
RO;19;12748;GRIFON PIU';1150;;;21;VR;TRI-ALLATE;259,2;;
RO;19;12754;KUPRUM TOP 30 WG;7,6;;;21;VR;TRIASULFURON;2,35;;
RO;19;12756;DICOTEX;1,9;;;21;VR;TRIBASIC COPPER SULPHATE (RAME SOLFATO TRIBASICO);2.685,13;;
RO;19;12759;OSSICLOR 35 WG;156;;;21;VR;TRIBENURON-METILE;1.388,08;;
RO;19;12770;ALAR 85 GOLD;16;;;21;VR;TRICHODERMA ASPERELLUM;6,62;;
RO;19;12779;RAMEDIT COMBI WG;566;;;21;VR;TRICHODERMA GAMSII;6,4;;
RO;19;12797;DAZOCLEAN;20;;;21;VR;TRICLOPYR;43,57;;
RO;19;12806;FEDOR;351;;;21;VR;TRICYCLAZOLE;56,25;;
RO;19;12813;AMISTAR XTRA;1170;;;21;VR;TRIFLOXYSTROBIN;335,52;;
RO;19;12831;INSIGNIA;3;;;21;VR;TRIFLUMURON;86,66;;
RO;19;12832;OPERA;1632;;;21;VR;TRIFLUSULFURON-METHYL;1.443,78;;
RO;19;12847;EAGLE;0,1;;;21;VR;TRINEXAPAC ETHYL;6,71;;
RO;19;12849;BENPROP PRO/GEMINI;615;;;21;VR;TRISILOSSANO ETOSSILATO PROPOSSILATO;96,19;;
RO;19;12859;BORNEO;0,12;;;21;VR;TRITOSULFURON;1,8;;
RO;19;12862;CANTUS;9;;;21;VR;ZETA CYPERMETHRIN;74,45;;
RO;19;12866;COLLIS;32;;;21;VR;ZIRAM;8.654,88;;
RO;19;12868;BELLIS;10;;;21;VR;ZOXAMIDE;234,58;;
RO;19;12869;SIGNUM;571;;;22;VR;(E)-5-DECEN-1-OL;14,66;;
RO;19;12881;HUSSAR MAXX;33;;;22;VR;(E)-5-DECEN-1-YL-ACETATE;245,09;;
RO;19;12883;PROSPER 300 CS;7;;;22;VR;(E)-8-DODECEN-1-YL ACETATE;22,22;;
RO;19;12886;KARATHANE STAR;56;;;22;VR;(E,E)-8,10-DODECADIEN-1-OL (CODLEMONE);14,07;;
RO;19;12889;PICKER SC;1,2;;;22;VR;(E,Z)-2,13-OCTADECADIENYL ACETATE;0,01;;
RO;19;12903;DOLESE WG;16;;;22;VR;(E,Z)-3,13-OCTADECADIENYL ACETATE;0;;
RO;19;12916;CYMONE 25 WP;30;;;22;VR;(E,Z)-7,9-DODECADIENYL-1-YL ACETATE;5,73;;
RO;19;12920;AGORA;8;;;22;VR;(E/Z)-8-DODECEN-1-YL ACETATE;277,83;;
RO;19;12924;JUPITER WG;79;;;22;VR;(Z)-11-TETRADECEN-1-YL ACETATE;0,01;;
RO;19;12933;MOXYL 20 WP;381;;;22;VR;(Z)-8-DODECEN-1-OL;82,31;;
RO;19;12940;KARATE ZEON 1.5;1184;;;22;VR;(Z)-8-DODECEN-1-YL ACETATE;262,07;;
RO;19;12953;ARAMO 50;1100;;;22;VR;(Z)-9-DODECEN-1-YL ACETATE;0,35;;
RO;19;12972;GLYFOS DAKAR;2200;;;22;VR;(Z)-9-TETRADECEN-1-YL ACETATE;0;;
RO;19;12974;DEDALUS COMBI G;17;;;22;VR;1,3-DICHLOROPROPENE;7.942,20;;
RO;19;13020;MICRORAM 35 WG;28;;;22;VR;2,4-D;94,91;;
RO;19;13025;MYSTIC 250 EW;8;;;22;VR;3,6 dioxaeicosilsolfato;37,8;;
RO;19;13049;SULCOGAN;69;;;22;VR;3,6 dioxaottodecilsolfato di sodio;75,18;;
RO;19;13058;OSSIRAM 20 FLOW;12;;;22;VR;6-BENZYLADENINE;32,55;;
RO;19;13065;DOMARK 125;123,25;;;22;VR;ABAMECTIN;42,39;;
RO;19;13068;NEORAM WG;40;;;22;VR;ACEQUINOCYL;1,8;;
RO;19;13071;SIAFEN;12;;;22;VR;ACETAMIPRID;41,15;;
RO;19;13072;MANNIX;0,5;;;22;VR;ACIBENZOLAR-S-METHYL;162,08;;
RO;19;13084;TELDOR PLUS;4;;;22;VR;ACLONIFEN;84,4;;
RO;19;13093;STOMP AQUA;1065;;;22;VR;ACRINATHRIN;9,39;;
RO;19;13098;ROUNDUP POWER 2.0;207;;;22;VR;ALCOOL GRASSO ETOSSILATO;257,05;;
RO;19;13104;ALGOR PLATIN;40;;;22;VR;ALCOOL ISOTRIDECILICO;104;;
RO;19;13111;THIOCUR FORTE;164;;;22;VR;ALCOOL LAURILICO POLIETOSSILATO;133,86;;
RO;19;13126;CABRIO DUO;691;;;22;VR;ALCOOL TRIDECILICO ETOSSILATO;0,22;;
RO;19;13128;GOLTIX 50 WG;620,5;;;22;VR;ALPHA-CYPERMETHRIN (ALPHAMETHRIN);0,24;;
RO;19;13129;BREAK-THRU S240;4;;;22;VR;AMETOCTRADIN;416,2;;
RO;19;13133;NIBER 35 WG;167;;;22;VR;AMIDOSULFURON;1,42;;
RO;19;13143;MEZENE WG;60;;;22;VR;AMINOPYRALID;3,36;;
RO;19;13150;CURAME 35 WG;35;;;22;VR;AMISULBROM;6,71;;
RO;19;13153;BANVEL S;2149;;;22;VR;AMITROLE;26,26;;
RO;19;13167;POMARSOL 80 WG;1790;;;22;VR;AZADIRACHTIN A (AZADIRACTINA A);1,47;;
RO;19;13168;LAUDIS;7299;;;22;VR;AZOXYSTROBIN;399,65;;
RO;19;13169;CYTHRIN L;0,15;;;22;VR;BACILLUS AMYLOLIQUEFACIENS SUBSP. PLANTARUM D747;376,25;;
RO;19;13172;CREW 40 OD;1315;;;22;VR;BACILLUS FIRMUS I-1582;4;;
RO;19;13186;TITUS MAIS EXTRA;28,52;;;22;VR;BACILLUS SUBTILIS (CEPPO QST 713);19,69;;
RO;19;13205;ZOLFO MANICA SCORREVOLE DOPPIO RAFFINATO;50;;;22;VR;BACILLUS THURINGIENSIS SOTTOSPECIE AIZAWAI CEPPO GC-91;5;;
RO;19;13212;CONFIDOR 200 O-TEQ;41,9;;;22;VR;BACILLUS THURINGIENSIS SOTTOSPECIE AIZAWAY CEPPO ABTS 1857;3,3;;
RO;19;13236;BULLET;1172;;;22;VR;BACILLUS THURINGIENSIS SOTTOSPECIE KURSTAKI 3A-3B CEPPO HD1;4,1;;
RO;19;13242;NICOGAN V.O.;101;;;22;VR;BACILLUS THURINGIENSIS SOTTOSPECIE KURSTAKI CEPPO ABTS 351;57,34;;
RO;19;13243;CIMOTER EXTRA;29;;;22;VR;BACILLUS THURINGIENSIS SOTTOSPECIE KURSTAKI CEPPO EG 2348;100,2;;
RO;19;13244;ZOLFO VENTILATO STELLA;10;;;22;VR;BACILLUS THURINGIENSIS SOTTOSPECIE KURSTAKI CEPPO SA 12;3,11;;
RO;19;13252;PLAYER 250 SC;364;;;22;VR;BEAUVERIA BASSIANA;2,6;;
RO;19;13253;PLAYER SC;608;;;22;VR;BENALAXYL-M;74,4;;
RO;19;13296;POKER 7,5;15790;;;22;VR;BENFLURALIN;12,1;;
RO;19;13297;TRAPPER GR;1040;;;22;VR;BENSULFURON METHYL;28,65;;
RO;19;13299;MAGIO';604;;;22;VR;BENTAZONE;1.178,25;;
RO;19;13309;DRAKE 26;349;;;22;VR;BENTHIAVALICARB;23,22;;
RO;19;13313;CASPER;26;;;22;VR;BETA-CIFLUTRIN;7,75;;
RO;19;13324;CUPRIZOL S;0,75;;;22;VR;BIFENAZATE;1,61;;
RO;19;13327;GRANSTAR ULTRA SX;228,9;;;22;VR;BIXAFEN;22,35;;
RO;19;13352;DIREX 7,5 GR;81;;;22;VR;BORDEAUX MIXTURE (RAME POLTIGLIA BORDOLESE);430,96;;
RO;19;13361;DECIS ENERGY O-TEQ;2,4;;;22;VR;BOSCALID;1.224,28;;
RO;19;13370;WARRANT 200 SL;2;;;22;VR;BROMADIOLONE;0,01;;
RO;19;13375;NUPRID 200 SC;71,75;;;22;VR;BROMOXYNIL-FENOLO;1,69;;
RO;19;13382;PERGADO SC;8,5;;;22;VR;BROMUCONAZOLE;3,33;;
RO;19;13385;PROLINE;34;;;22;VR;BUPIRIMATE;1.072,25;;
RO;19;13386;PROSARO;654;;;22;VR;BUPROFEZIN;274,83;;
RO;19;13387;FLORAMIX;58,83;;;22;VR;CALCIUM POLYSULPHIDE (POLISOLFURO DI CALCIO O ZOLFO CALCICO);2.755,50;;
RO;19;13389;AFFIRM;652;;;22;VR;CAPTANO;10.327,95;;
RO;19;13402;LUMA-KL;68;;;22;VR;CARFENTRAZONE-ETHYL;117,33;;
RO;19;13409;SILFUR WG;40;;;22;VR;CHLORANTRANILIPROLE;146,39;;
RO;19;13410;FRUTTENE 76 WG;3;;;22;VR;CHLORMEQUAT (CHLORIDE);0,41;;
RO;19;13440;SATEL;0,8;;;22;VR;CHLOROTHALONIL;80,29;;
RO;19;13451;SPARVIERO;151,5;;;22;VR;CHLORPROPHAM;4,18;;
RO;19;13455;ANTIGRAM GOLD;229;;;22;VR;CHLORPYRIFOS;8.485,51;;
RO;19;13466;SPOTLIGHT PLUS;32;;;22;VR;CHLORPYRIFOS-METHYL;1.463,17;;
RO;19;13477;APHID/ZORRO;0,3;;;22;VR;CHLORTOLURON;7,62;;
RO;19;13482;IMIDACHEM;164,25;;;22;VR;CIFLUTRIN;59,25;;
RO;19;13486;JUDO;366;;;22;VR;CLETHODIM;20,75;;
RO;19;13495;RYU-RUN WG;557;;;22;VR;CLODINAFOP PROPARGYL;45,85;;
RO;19;13549;TIPTOR XCELL;1692;;;22;VR;CLOFENTEZINE;4,73;;
RO;19;13560;FORZA;66;;;22;VR;CLOMAZONE;102,24;;
RO;19;13576;RAMEPLANT WG;98;;;22;VR;CLOPYRALID;10,21;;
RO;19;13579;COPPER 12;11,5;;;22;VR;CLOQUINTOCET MEXYL;18,74;;
RO;19;13592;VOLARE;876;;;22;VR;CLOTHIANIDIN;1,3;;
RO;19;13600;ZOLFO S.A.I.M. DOPPIO VENTILATO SCORREVOLE 95% MARCA FLORISTELLA;20;;;22;VR;COPOLIMER 21;4,4;;
RO;19;13612;BABEL 400;9;;;22;VR;COPPER HYDROXIDE (RAME IDROSSIDO);14.919,77;;
RO;19;13635;POLTIGLIA 20 PB MANICA;88;;;22;VR;COPPER OXIDE (RAME OSSIDO);6.785,25;;
RO;19;13640;IMPRINT;0,85;;;22;VR;COPPER OXYCHLORIDE (RAME OSSICLORURO);44.389,44;;
RO;19;13646;SENTRY;130;;;22;VR;COPPER SULFATE (RAME SOLFATO);45.951,36;;
RO;19;13648;SIARAM 20 WG;3365;;;22;VR;CYAZOFAMID;383,12;;
RO;19;13667;AFIDANE 200 SL;1;;;22;VR;CYCLOXYDIM;68,91;;
RO;19;13687;BURT;1090;;;22;VR;CYDIA POMONELLA GRANULOSIS VIRUS;1,74;;
RO;19;13698;VIVANDO;1,75;;;22;VR;CYFLUFENAMID;57,77;;
RO;19;13701;RUBIN SX;30,6;;;22;VR;CYHALOFOP BUTYL;113,75;;
RO;19;13702;GEOTOX 7,5 C;45,1;;;22;VR;CYMOXANIL;849,17;;
RO;19;13707;IMPACT SUPREME;326;;;22;VR;CYPERMETHRIN;348,78;;
RO;19;13709;U 46 PRATI;730;;;22;VR;CYPROCONAZOLE;29,08;;
RO;19;13736;TRACE;424,5;;;22;VR;CYPRODINIL;1.527,95;;
RO;19;13758;OPTIX WG;94;;;22;VR;CYPROSULFAMIDE;295,68;;
RO;19;13771;NIMROD 250 EW;168;;;22;VR;CYROMAZINE (CIROMAZINA);3;;
RO;19;13787;STINGS R;5;;;22;VR;DAMINOZIDE;28,9;;
RO;19;13792;STABILAN;40;;;22;VR;DAZOMET;2.356,20;;
RO;19;13812;NOTO 40 OD;681;;;22;VR;DELTAMETHRIN;55,41;;
RO;19;13820;BAYTEROID 25 EC;700;;;22;VR;DENATHONIUM BENZOATE (DENATONIO BENZOATO);0,63;;
RO;19;13823;ALVERDE;4;;;22;VR;DESMEDIPHAM;2,33;;
RO;19;13832;CHARTER;500;;;22;VR;DICAMBA;163,28;;
RO;19;13843;ZELIG 480 EC;550;;;22;VR;DICAMBA SALE DIMETILAMMINICO;1,56;;
RO;19;13846;BOLINA;258;;;22;VR;DICAMBA SALE SODICO;164,87;;
RO;19;13850;RENDER;24;;;22;VR;DIFENOCONAZOLE;167,97;;
RO;19;13852;DIQUA;90;;;22;VR;DIFLUBENZURON;77,29;;
RO;19;13857;CRODIX GEO/MINUET GEO;650;;;22;VR;DIFLUFENICAN;32,21;;
RO;19;13877;KITT PRONTO;8;;;22;VR;DIMETHENAMID-P;209,52;;
RO;19;13885;MICROCOPP NEUTRO FL;100;;;22;VR;DIMETHOATE;1.555,99;;
RO;19;13905;BANJO;5;;;22;VR;DIMETHOMORPH;6.180,53;;
RO;19;13926;SPONSOR;69,5;;;22;VR;DIQUAT;663,27;;
RO;19;13955;MITIGREEN;1506;;;22;VR;DITHIANON;7.838,73;;
RO;19;13981;CORAGEN;894,4;;;22;VR;DODECAN-1-OL;0,12;;
RO;19;14005;CLORTOSIP 500 SC;2951;;;22;VR;DODECYL ACETATE;3,18;;
RO;19;14021;BREK DUO;185;;;22;VR;DODINE;1.636,81;;
RO;19;14024;PERFIL 10 WP;3,5;;;22;VR;EMAMECTIN BENZOATE;192,41;;
RO;19;14034;CURENOX TOP MICRO;18,6;;;22;VR;EPTAMETILTRISILOSSANO, POLIALCHILENE OSSIDO MODIFICATO;184,8;;
RO;19;14036;FASTER WDG;1;;;22;VR;ESFENVALERATE;1,92;;
RO;19;14058;FEINZIN 70 DF;50,25;;;22;VR;ETHEPHON;89,32;;
RO;19;14091;APHOX;15;;;22;VR;ETHOFUMESATE;10,16;;
RO;19;14092;AGRORAT B;25;;;22;VR;ETHOPROPHOS;117;;
RO;19;14098;CRITTOX GD 75;80;;;22;VR;ETHOXYSULFURON;3,9;;
RO;19;14099;ASPOR WDG;150;;;22;VR;ETOFENPROX;416,71;;
RO;19;14101;CARAMBA;793;;;22;VR;ETOXAZOLE;1,84;;
RO;19;14102;BORDOFLOW NEW;10;;;22;VR;ETRIDIAZOLE;6;;
RO;19;14127;MEVAXIL COBRE;1,25;;;22;VR;FAMOXADONE;18;;
RO;19;14137;ALTACOR;9,2;;;22;VR;FENAMIDONE;695,08;;
RO;19;14163;SARMOX 440 WG;213,5;;;22;VR;FENAMIPHOS;45,05;;
RO;19;14164;TRIKA ZETA;3590;;;22;VR;FENBUCONAZOLE;80,07;;
RO;19;14166;ZETOR;7;;;22;VR;FENHEXAMID;1.756,99;;
RO;19;14178;TRI-BASE;191,5;;;22;VR;FENOXAPROP-P-ETHYL;7,63;;
RO;19;14182;ARES 25 WG;6;;;22;VR;FENPROPIDIN;0,38;;
RO;19;14187;SILWET FASTEX;9,5;;;22;VR;FENPYRAZAMINE;656;;
RO;19;14195;KENDO WITH ZEON TECHNOLOGY;36;;;22;VR;FENPYROXIMATE;0,15;;
RO;19;14208;CLOPIR CE;0,79;;;22;VR;FERRIC PHOSPHATE (FOSFATO FERRICO);15,54;;
RO;19;14257;UNDERLINE 0,2 G;10;;;22;VR;FLAZASULFURON;49,74;;
RO;19;14285;CUPRAVIT BLU FLOW NF;3;;;22;VR;FLONICAMID;268,29;;
RO;19;14290;KOHINOR 200 SL;147,75;;;22;VR;FLORASULAM;2,1;;
RO;19;14294;EXECUTIVE;15,2;;;22;VR;FLUAZIFOP-P-BUTYL;271,62;;
RO;19;14342;VOLCAN COMBI SC;52;;;22;VR;FLUAZINAM;1.560,55;;
RO;19;14350;ZOLFO RAMATO 5;7;;;22;VR;FLUDIOXONIL;821,42;;
RO;19;14373;GLINET;251;;;22;VR;FLUFENACET;205,53;;
RO;19;14376;MASTER QUICK;0,7;;;22;VR;FLUOPICOLIDE;1.044,13;;
RO;19;14381;PYRINET;9;;;22;VR;FLUOPYRAM;790,16;;
RO;19;14382;BROMYBLOC;36;;;22;VR;FLUROXYPYR;172,02;;
RO;19;14384;ETOPROSIP G;105;;;22;VR;FLUTRIAFOL;0,82;;
RO;19;14387;NERVURE SUPER;14;;;22;VR;FLUVALINATE;242,76;;
RO;19;14389;DESSICASH 200 SL;235;;;22;VR;FOLPET;42.789,20;;
RO;19;14405;MERLIN FLEXX;538;;;22;VR;FORAMSULFURON;77,6;;
RO;19;14407;RUNWAY;8;;;22;VR;FORCHLORFENURON;7,57;;
RO;19;14409;MOVENTO 48 SC;79,83;;;22;VR;FORMETANATE;1,5;;
RO;19;14414;DUSTY;354;;;22;VR;FOSETYL-ALUMINIUM;43.911,03;;
RO;19;14418;PULSAR 40 SL;1348;;;22;VR;GIBBERELLIC ACID (ACIDO GIBBERELLICO A3);806,08;;
RO;19;14419;TRUST SC;2,25;;;22;VR;GIBBERELLINS (A4+A7);17,49;;
RO;19;14420;TRUST WG;14;;;22;VR;GLUFOSINATE-AMMONIUM;2.144,70;;
RO;19;14423;PRIMISOL 80 WDG;3;;;22;VR;GLYPHOSATE (GLIFOSATE);39.624,79;;
RO;19;14431;LENTAGRAN 45 WP;16,6;;;22;VR;GLYPHOSATE ISOPROPYLAMINE (GLIFOSATE SALE ISOPROPILAMINICO);4,2;;
RO;19;14432;METRIC;82;;;22;VR;HALOSULFURON-METYL;18,86;;
RO;19;14441;VALZER SC;20;;;22;VR;HEXYTHIAZOX;3,2;;
RO;19;14461;CURIT DUO;2;;;22;VR;IMAZALIL;0,07;;
RO;19;14465;TAIFUN MK;39;;;22;VR;IMAZAMOX;67,94;;
RO;19;14472;PARTNER EC;511;;;22;VR;IMIDACLOPRID;835,18;;
RO;19;14488;ANTRACOL 70 WG;40;;;22;VR;INDOXACARB;276,49;;
RO;19;14493;IMPALA;6;;;22;VR;IODOSULFURON METHYL SODIUM;3,75;;
RO;19;14510;ELECTIS TRIO;69;;;22;VR;IOXYNIL;3,85;;
RO;19;14527;SUDOKU TOP;17;;;22;VR;IPRODIONE;852,68;;
RO;19;14543;FLUIZOL;73;;;22;VR;IPROVALICARB;866,65;;
RO;19;14550;HOOK 480 PLUS;236;;;22;VR;ISOXABEN;192,69;;
RO;19;14575;TRIMMER SX;11,72;;;22;VR;ISOXADIFEN ETHYL;96,13;;
RO;19;14577;FORUM R 3B;2537;;;22;VR;ISOXAFLUTOLE;404,15;;
RO;19;14579;RAMIN 30 DF;12;;;22;VR;KIESELGUR (TERRA DIATOMACEA);15;;
RO;19;14629;GAT TESSLA 25 WG;495;;;22;VR;KRESOXIM METHYL;28,06;;
RO;19;14636;BIOLID UP;230;;;22;VR;LAMBDA-CYHALOTHRIN;77,18;;
RO;19;14642;RIDOMIL GOLD R WG;3797;;;22;VR;LECANICILLIMUM MUSCARIUM (VE6);40,57;;
RO;19;14643;CENTIUM 36 CS;70;;;22;VR;LECITHIN (LECITINA);80;;
RO;19;14664;BERELEX 40 SG;0,73;;;22;VR;LENACIL;0,9;;
RO;19;14687;QUAD-GLOB 200 SL;15;;;22;VR;LINURON;110,92;;
RO;19;14693;VIP 80 EC;24,75;;;22;VR;LUFENURON;0,62;;
RO;19;14697;ENERVIN DUO;1;;;22;VR;MALEIC HYDRAZIDE (IDRAZIDE MALEICA);115,44;;
RO;19;14699;GEOXE;1,5;;;22;VR;MANCOZEB;35.597,72;;
RO;19;14724;CIP;2,25;;;22;VR;MANDIPROPAMID;610,09;;
RO;19;14728;CELIO;27,25;;;22;VR;MCPA;557,61;;
RO;19;14735;RANMAN TOP;22;;;22;VR;MCPA SODIUM (MCPA SALE SODICO);2,1;;
RO;19;14737;ROUNDUP PLATINUM;13332;;;22;VR;MCPA-DIMETHYLAMMONIUM (MCPA SALE DIMETILAMMINICO);94,38;;
RO;19;14739;DECIS PROTECT;46;;;22;VR;MECOPROP;48,87;;
RO;19;14758;KARATE WITH ZEON TECHNOLOGY 1.5 HOBBY;0,48;;;22;VR;MECOPROP-P;57;;
RO;19;14765;ELUMIS;1563;;;22;VR;MEFENPYR DIETHYL;11,56;;
RO;19;14769;COMET 250 EC;600;;;22;VR;MEPANIPYRIM;30;;
RO;19;14792;MELODY TREVI;96;;;22;VR;MEPTYLDINOCAP;662,24;;
RO;19;14803;ELECTIS ZR;91;;;22;VR;MESOSULFURON METHYL;3,85;;
RO;19;14812;ENERVIN TOP;24;;;22;VR;MESOTRIONE;302,95;;
RO;19;14815;ADENGO;3350;;;22;VR;METAFLUMIZONE;3,64;;
RO;19;14818;ACANTO;1430;;;22;VR;METALAXYL;2.390,79;;
RO;19;14837;GLIFOSAR FLASH;11405;;;22;VR;METALAXYL M;457,07;;
RO;19;14838;BARCLAY GALLUP BIOGRADE 360;10010;;;22;VR;METALDEHYDE (METALDEIDE);267,79;;
RO;19;14845;MYSTIC PLUS S;181;;;22;VR;METAM POTASSIUM (USI ESSENZIALI FINO AL 31.12.2014);105,5;;
RO;19;14846;ARES 250 EW;4;;;22;VR;METAM SODIUM (USI ESSENZIALI FINO AL 31.12.2014);23.608,53;;
RO;19;14879;LONTREL 72 SG;4,8;;;22;VR;METAMITRON;179,9;;
RO;19;14884;CORUM;5497;;;22;VR;METAZACHLOR;147,95;;
RO;19;14895;LANNATE 20 SL;5;;;22;VR;METHIOCARB;18,12;;
RO;19;14909;NURELLE 5;570;;;22;VR;METHOMYL;11;;
RO;19;14935;TRAXOS ONE;395;;;22;VR;METHOXYFENOZIDE;397,58;;
RO;19;14936;AMPLIGO;545;;;22;VR;METIRAM;16.529,63;;
RO;19;14940;TAKUMI;9,5;;;22;VR;METRAFENONE;497,14;;
RO;19;14944;FLUXYR 200 EC;17;;;22;VR;METRIBUZIN;142,68;;
RO;19;14946;BARCLAY GALLUP SUPER 450;1020;;;22;VR;METSULFURON METHYL;0,44;;
RO;19;14948;ACTARA HOBBY;0,04;;;22;VR;MILBEMECTIN;0,03;;
RO;19;14967;TIPTOR ULTRA;131;;;22;VR;MISCELA DI METIL OLEATO E METIL PALMITATO;180,75;;
RO;19;14972;DICARZOL 50 SP;4;;;22;VR;MYCLOBUTANIL;309,29;;
RO;19;14974;BELEM 0.8 MG;31536;;;22;VR;NAA;15,04;;
RO;19;14985;RETENGO PLUS;11;;;22;VR;NAD;19,91;;
RO;19;15006;TRAXOS PRONTO;354;;;22;VR;NAPROPAMIDE;1,68;;
RO;19;15007;AXIAL PRONTO;67;;;22;VR;N-DECANOLO (1-DECANOLO);7.410,20;;
RO;19;15010;AMISTAR PLUS;11;;;22;VR;NICOSULFURON;162,99;;
RO;19;15013;NATRIA LUMACHICIDA;16,5;;;22;VR;NONIL-FENIL-POLIOSSIETILENE ETANOLO;2;;
RO;19;15023;DERREX;470;;;22;VR;OXADIAZON;138,44;;
RO;19;15024;MESUROL 200 SC;44;;;22;VR;OXAMYL;57;;
RO;19;15030;COSSACK;93,6;;;22;VR;OXYFLUORFEN;141,37;;
RO;19;15041;OPINION ECNA;536,5;;;22;VR;PACLOBUTRAZOL;1,18;;
RO;19;15048;GASS;47;;;22;VR;PARAFFIN OIL/(CAS 64742-46-7);202,18;;
RO;19;15049;MODDUS;344;;;22;VR;PARAFFIN OIL/(CAS 8042-47-5);53.163,95;;
RO;19;15050;VERTIMEC PRO;25;;;22;VR;PARAFFIN OIL/(CAS 97862-82-3);8.319,99;;
RO;19;15052;KAIMO SORBIE;39;;;22;VR;PELARGONIC ACID (ACIDO PELARGONICO);0,28;;
RO;19;15053;ADMIRAL ECHO;4;;;22;VR;PENCONAZOLE;198,22;;
RO;19;15057;DICOTEX RTU;1,5;;;22;VR;PENCYCURON;19,24;;
RO;19;15058;PRINCIPAL MAIS;119,68;;;22;VR;PENDIMETHALIN;3.285,77;;
RO;19;15059;DECIS EVO;707,75;;;22;VR;PENOXSULAM;56,07;;
RO;19;15063;NIMBLE;0,3;;;22;VR;PETHOXAMID;250,75;;
RO;19;15067;MIG-40 SC;60;;;22;VR;PHENMEDIPHAM;7,75;;
RO;19;15094;FOSBEL 80 WG;1;;;22;VR;PHOSMET;226,97;;
RO;19;15107;SAMSON EXTRA 6 OD;208;;;22;VR;PICLORAM;0,55;;
RO;19;15111;MIRADOR SC/PRIORI;406;;;22;VR;PICOXYSTROBIN;15,75;;
RO;19;15112;SIMPLIA;366;;;22;VR;PINOLENE;37,44;;
RO;19;15124;ZANTARA;411;;;22;VR;PINOXADEN;5,28;;
RO;19;15135;OLEOSAN PLUS;2,25;;;22;VR;PIPERONYL BUTOXIDE (PIPERONIL BUTOSSIDO);4,42;;
RO;19;15139;INDIPENDENT SC-15;1806;;;22;VR;PIRIMICARB;19,95;;
RO;19;15142;ALCANCE SYNC TEC;70;;;22;VR;PIRIMIPHOS METHYL;7,73;;
RO;19;15168;ZORO 1.9 EW;182;;;22;VR;POLISILOSSANO;204,49;;
RO;19;15180;RIVET PLUS;104;;;22;VR;POTASSIUM HYDROGEN CARBONATE (IDROGENOCARBONATO DI POTASSIO);6.018,00;;
RO;19;15193;CONTATTO PIU' EXTRA;742;;;22;VR;POTASSIUM PHOSPHITE (FOSFITO O FOSFONATO DI POTASSIO);218,78;;
RO;19;15201;FLOXI 355 SC;62;;;22;VR;PROCHLORAZ;192,59;;
RO;19;15236;ZAMMO;28;;;22;VR;PROFOXYDIM;3,54;;
RO;19;15250;COPRANTOL DUO;225;;;22;VR;PROHEXADIONE CALCIUM;69,3;;
RO;19;15253;FALCON MK;2526;;;22;VR;PROPAMOCARB;640,22;;
RO;19;15256;FORUM R 3B FLOW;10;;;22;VR;PROPAMOCARB HYDROCHLORIDE;153,35;;
RO;19;15270;PROFELIS;0,26;;;22;VR;PROPAQUIZAFOP;157,33;;
RO;19;15285;PRIMMA STAR;5,09;;;22;VR;PROPICONAZOLE;128,57;;
RO;19;15286;KENDO ZEON 1.5;153;;;22;VR;PROPINEB;1.283,50;;
RO;19;15289;SERENADE NATRIA;0,3;;;22;VR;PROPOXYCARBAZONE;3,3;;
RO;19;15294;KENDO BI-ACTIVE;232;;;22;VR;PROPYZAMIDE;263,52;;
RO;19;15310;NISSHIN EXTRA 6 OD;138;;;22;VR;PROTHIOCONAZOLE;79,88;;
RO;19;15333;APPLAUD PLUS;4;;;22;VR;PYMETROZINE;7,3;;
RO;19;15334;SULFO' 80 DF;1220;;;22;VR;PYRACLOSTROBIN;313,83;;
RO;19;15335;U 46 ULTRA;43;;;22;VR;PYRAFLUFEN ETHYL;8,3;;
RO;19;15343;FEUDO RD WP;10;;;22;VR;PYRETHRIN I;12,89;;
RO;19;15349;ARES 430 SC;91;;;22;VR;PYRETHRINS;2,03;;
RO;19;15361;LIETO;30;;;22;VR;PYRIDABEN;3,88;;
RO;19;15368;BALENO 200;5;;;22;VR;PYRIDATE;0,9;;
RO;19;15384;LUNA EXPERIENCE;16;;;22;VR;PYRIMETHANIL;697,51;;
RO;19;15401;TAIFUN MK CL;4378;;;22;VR;PYRIPROXYFEN;146,08;;
RO;19;15406;DICUMBA;108;;;22;VR;PYROXSULAM;6;;
RO;19;15409;DECISION;11;;;22;VR;QUINOXYFEN;498,5;;
RO;19;15422;KELVIN DUO;84,78;;;22;VR;QUIZALOFOP-P (QUIZALOFOP ETILE D-ISOMERO);23,03;;
RO;19;15462;SCORE II;12;;;22;VR;QUIZALOFOP-P-ETILE;60,82;;
RO;19;15487;INSTANT;1355;;;22;VR;RAPE SEED OIL (OLIO DI COLZA);620,88;;
RO;19;15501;QUIZ;1252;;;22;VR;RIMSULFURON;6,38;;
RO;19;15507;CREW SUPERB;43;;;22;VR;SILICONI;3,64;;
RO;19;15514;CUPRAVIT BLU 35 WG;3,9;;;22;VR;S-METOLACHLOR;4.095,77;;
RO;19;15569;LOOP 40;1125;;;22;VR;SODIUM DIOCTYL SULFOSUCCINATE (AUTORIZZATO SOLO COME COADIUVANTE);72,39;;
RO;19;15572;ZOMINEX;3;;;22;VR;SORBITAN MONO OLEATO ETOSSILATO;213;;
RO;19;15573;PROMESS SL;248;;;22;VR;SORBITAN MONOLEATO;255,66;;
RO;19;15603;ERBIFEN K;50;;;22;VR;SOYA OIL (OLIO DI SOIA);116;;
RO;19;15621;BOTTO 50 EC;71;;;22;VR;SPINETORAM;5;;
RO;19;15623;COSMOS 550 EC;174;;;22;VR;SPINOSAD;96,65;;
RO;19;15627;PAPYRUS 400 SC;3;;;22;VR;SPIRODICLOFEN;16,61;;
RO;19;15630;PALMAS 45% WG;154;;;22;VR;SPIROMESIFEN;19,69;;
RO;19;15640;PROLINE STAR;1187;;;22;VR;SPIROTETRAMAT;106,61;;
RO;19;15654;ACCORD;269;;;22;VR;SPIROXAMINE;4.979,39;;
RO;19;15668;GHIBLI 240 OD;170,5;;;22;VR;SULCOTRIONE;470,02;;
RO;19;15680;MITRHA 40 SC;1705;;;22;VR;SULPHUR (ZOLFO);571.137,88;;
RO;19;15681;LUMADRY ESCA;196;;;22;VR;TEBUCONAZOLE;2.268,03;;
RO;19;15690;ALIAL RAMATO;226;;;22;VR;TEBUFENOZIDE;92,23;;
RO;19;15710;CLINCHER ONE;1025;;;22;VR;TEFLUTHRIN;113,14;;
RO;19;15726;ZAMOX 40;60;;;22;VR;TEMBOTRIONE;36,21;;
RO;19;15741;AVADEX FACTOR;50;;;22;VR;TERBUTHYLAZINE;3.460,24;;
RO;19;15751;VITENE TRIPLO R;10;;;22;VR;TETRACONAZOLE;74,64;;
RO;19;15763;CLORTOSIP 500 B;180;;;22;VR;TETRADECAN-1-OL;0,06;;
RO;19;15841;FLOCTER;660;;;22;VR;THIACLOPRID;349,02;;
RO;19;15842;AFICIONADO;636;;;22;VR;THIAMETHOXAM;101,82;;
RO;19;15845;ARAGON;2;;;22;VR;THIENCARBAZONE-METHYL;122,98;;
RO;19;15847;MAKURI;206,25;;;22;VR;THIFENSULFURON-METHYL;44,76;;
RO;19;15863;BALENO FLASH;183;;;22;VR;THIOPHANATE-METHYL;2.133,20;;
RO;19;15886;METAREX INOV;20;;;22;VR;THIRAM;10.696,76;;
RO;19;15891;BLAISE;748;;;22;VR;TOLCLOFOS-METHYL;957,84;;
RO;19;15900;TRIKA EXPERT;25010;;;22;VR;TRALKOXYDIM;1,04;;
RO;19;15901;ERCOLE;1250;;;22;VR;TRI-ALLATE;49,05;;
RO;19;15924;RUSTLER;156;;;22;VR;TRIBASIC COPPER SULPHATE (RAME SOLFATO TRIBASICO);11.755,09;;
RO;19;15942;BEAM RICE;297;;;22;VR;TRIBENURON-METILE;11,43;;
RO;19;15946;DIRIS NEW NOVEL FLO 480;80;;;22;VR;TRICHODERMA ASPERELLUM;12,42;;
RO;19;15961;RETENGO NEW;51;;;22;VR;TRICHODERMA GAMSII;10,82;;
RO;19;15964;ENOVIT METIL FL BETA;1619;;;22;VR;TRICHODERMA HARZIANUM;71,46;;
RO;19;15995;PACLOT;25;;;22;VR;TRICLOPYR;231,45;;
RO;19;16006;DIDICLOR 6;10350;;;22;VR;TRICYCLAZOLE;477;;
RO;19;16009;PLANTONE FORTE;4800;;;22;VR;TRIFLOXYSTROBIN;482,87;;
RO;19;16045;TELONE II 2014;29200;;;22;VR;TRIFLUMURON;65,63;;
TV;7;13;THIOPRON;4560;;;22;VR;TRIFLUSULFURON-METHYL;1,38;;
TV;7;40;ETRAVON SYNGENTA;859;;;22;VR;TRINEXAPAC ETHYL;0,26;;
TV;7;206;ALBENE;530;;;22;VR;TRISILOSSANO ETOSSILATO PROPOSSILATO;134,06;;
TV;7;361;BAGNANTE ANTISCHIUMA S;34;;;22;VR;ZETA CYPERMETHRIN;31,66;;
TV;7;449;MOCAP;300;;;22;VR;ZIRAM;16.173,56;;
TV;7;485;KENYATOX VERDE;0,5;;;22;VR;ZOXAMIDE;682,12;;
TV;7;599;ACUPRICO 76 WG;12;;;;;;;;
TV;7;619;VALGRAN;11;;;;;;;;
TV;7;630;REGLONE W;76;;;;;;;;
TV;7;747;ZOLFO SPRUZZABILE;450;;;;;;;;
TV;7;909;POLISOLFURO DI CALCIO POLISENIO;70;;;;;;;;
TV;7;1149;FITONEX MC 30;0,3;;;;;;;;
TV;7;1155;CHEMOL 90 EL;92;;;;;;;;
TV;7;1156;CHEMOL;301;;;;;;;;
TV;7;1466;BASIRAM L;9;;;;;;;;
TV;7;1544;MESUROL;1;;;;;;;;
TV;7;1562;ERBITOX E 30;86;;;;;;;;
TV;7;1583;MICROTHIOL DISPERSS;84465;;;;;;;;
TV;7;1600;ETRAVON;1;;;;;;;;
TV;7;1667;MALERTOX GRANO;5;;;;;;;;
TV;7;1714;KERB 80 EDF;9;;;;;;;;
TV;7;1823;ZOLFO 80 MICRONIZZATO;5885;;;;;;;;
TV;7;1850;IDRORAME FLOW;5192,5;;;;;;;;
TV;7;2173;MEZENE;15;;;;;;;;
TV;7;2191;WETTING PLUS;36;;;;;;;;
TV;7;2249;MALERBANE PRATI 400;2;;;;;;;;
TV;7;2259;PASTA LUMACHICIDA IN GRANI;172;;;;;;;;
TV;7;2307;VECTOR;50;;;;;;;;
TV;7;2353;BONALAN;2;;;;;;;;
TV;7;2357;BAGNANTE ADESIVO S;193;;;;;;;;
TV;7;2368;PRATI SPECIAL;233;;;;;;;;
TV;7;2634;BUGGY;1582;;;;;;;;
TV;7;2732;GOLTIX;5;;;;;;;;
TV;7;2923;TIOVIT JET;44229;;;;;;;;
TV;7;2950;ADESIL A;0,6;;;;;;;;
TV;7;2972;BIODAST;19;;;;;;;;
TV;7;2983;NIMROD;1,1;;;;;;;;
TV;7;2995;ESCARTOX;1668,6;;;;;;;;
TV;7;3065;OLIOCIN;428,15;;;;;;;;
TV;7;3082;OLEOTER ESTATE;7,5;;;;;;;;
TV;7;3102;OLEOTER;803,75;;;;;;;;
TV;7;3132;SEPR-OIL;34,5;;;;;;;;
TV;7;3188;POLTIGLIA CAFFARO 20;20;;;;;;;;
TV;7;3219;CARAKOL AGRO;6078;;;;;;;;
TV;7;3343;U46 M CLASS;11;;;;;;;;
TV;7;3366;ROGATOX EC;216;;;;;;;;
TV;7;3412;SYLLIT 65;26;;;;;;;;
TV;7;3503;AGRUMIN;262;;;;;;;;
TV;7;3553;CURZATE;362;;;;;;;;
TV;7;3555;CURZATE M;80;;;;;;;;
TV;7;3628;CUPROCAFFARO;1026;;;;;;;;
TV;7;3658;SIPCAMOL E;51,5;;;;;;;;
TV;7;3701;CUPROSAR 40 WDG;486;;;;;;;;
TV;7;3754;BAGNANTE SARIAF;2812;;;;;;;;
TV;7;3767;FENOXILENE MAX;15;;;;;;;;
TV;7;3771;ROVRAL WG;2;;;;;;;;
TV;7;3793;DITHANE M-45;7;;;;;;;;
TV;7;3800;CRITTAM WG;41;;;;;;;;
TV;7;3944;KOLSOL 80;1025;;;;;;;;
TV;7;4011;PIRETRIN;13,25;;;;;;;;
TV;7;4012;RELDAN 22;1129,83;;;;;;;;
TV;7;4157;IROL PLUS;1061;;;;;;;;
TV;7;4199;PENNCOZEB DG;5327;;;;;;;;
TV;7;4228;ROGOR L 20;103,25;;;;;;;;
TV;7;4275;ACUPRICO 500;5;;;;;;;;
TV;7;4283;ZOLVIS 90;5;;;;;;;;
TV;7;4292;ZOLVIS 80 MICRO;50;;;;;;;;
TV;7;4324;CUPROMIX MZ BLEU;53;;;;;;;;
TV;7;4552;DITHANE DG NEOTEC;3490;;;;;;;;
TV;7;4710;ALIETTE;6,15;;;;;;;;
TV;7;4833;FANDANGO 360 SL;75;;;;;;;;
TV;7;4896;RIGENAL P;2,8;;;;;;;;
TV;7;5152;TIOSPOR WG;2192;;;;;;;;
TV;7;5228;CARAKOL;595,5;;;;;;;;
TV;7;5245;ESCALIM;149;;;;;;;;
TV;7;5299;MIBIOL;210,5;;;;;;;;
TV;7;5414;RADICANTE POLVERE TALEE LEGNOSE;1,4;;;;;;;;
TV;7;5454;PIRETRIX 10;0,5;;;;;;;;
TV;7;5467;METADENE;325,5;;;;;;;;
TV;7;5509;CHIMIGOR 40;25;;;;;;;;
TV;7;5574;LUMAKIDIN 5G;1056;;;;;;;;
TV;7;5657;BAGNANTE SCAM;459;;;;;;;;
TV;7;5864;CIPOTRIL;1;;;;;;;;
TV;7;5881;PREVICUR;0,04;;;;;;;;
TV;7;6376;ANTISCHIUMA SHAUMSTOP;142,25;;;;;;;;
TV;7;6401;MONDAK 21 S;169;;;;;;;;
TV;7;6438;BI-FEN;2;;;;;;;;
TV;7;6556;K-OBIOL DP2;62;;;;;;;;
TV;7;6632;DIPPER;1;;;;;;;;
TV;7;6674;AFALON DS;209;;;;;;;;
TV;7;6704;TIOLENE 80 WG;20240;;;;;;;;
TV;7;6719;LIOSOL BETA;972;;;;;;;;
TV;7;6751;RASEN FLORANID;27;;;;;;;;
TV;7;6834;TEPETA COMBI;560;;;;;;;;
TV;7;6873;IDRORAME 193;1611;;;;;;;;
TV;7;6945;TOPAS 10 EC;299,25;;;;;;;;
TV;7;6947;TOPAS COMBI;1830;;;;;;;;
TV;7;6955;METACID;789,5;;;;;;;;
TV;7;7020;BAGNANTE CIFO;759;;;;;;;;
TV;7;7024;ZOLVIS SC;130;;;;;;;;
TV;7;7053;PASTA CAFFARO NC;282;;;;;;;;
TV;7;7055;PASTA CAFFARO BLU;366;;;;;;;;
TV;7;7101;LIMAVAL;5;;;;;;;;
TV;7;7368;TURFENE L;7;;;;;;;;
TV;7;7369;SYLLIT FLO;71,1;;;;;;;;
TV;7;7370;TETRASOL LIQUIDO;30;;;;;;;;
TV;7;7379;VENZAR;6;;;;;;;;
TV;7;7401;POLTIGLIA CAFFARO 20 DF NEW;194;;;;;;;;
TV;7;7530;BIOLID E;0,2;;;;;;;;
TV;7;7541;APOLLO SC;1,18;;;;;;;;
TV;7;7550;ZETA 80;1,6;;;;;;;;
TV;7;7555;KLARTAN 20 EW;3,17;;;;;;;;
TV;7;7581;ZELIG;2;;;;;;;;
TV;7;7611;ENOVIT METIL FL;1323;;;;;;;;
TV;7;7700;MATACAR FL;8,6;;;;;;;;
TV;7;7732;KESHET EW;4,8;;;;;;;;
TV;7;7733;BAYTEROID EW;6,4;;;;;;;;
TV;7;7736;ZOLFO SCORREVOLE TRIVENTILATO 95% S;6865;;;;;;;;
TV;7;7764;TIOLENE;10982;;;;;;;;
TV;7;7767;ACARISTOP 20 SC;0,26;;;;;;;;
TV;7;7876;PIRIMOR 17,5;16;;;;;;;;
TV;7;7888;CUPROXAT LIQUIDO;30;;;;;;;;
TV;7;7906;FALTEX LIQUIDO;660;;;;;;;;
TV;7;7916;POLYRAM DF;71669;;;;;;;;
TV;7;7919;TOUCHDOWN;4430;;;;;;;;
TV;7;7922;OPALENE;744;;;;;;;;
TV;7;7930;KERB FLO;8;;;;;;;;
TV;7;7958;RONSTAR FL;2;;;;;;;;
TV;7;7961;RIZOLEX  GOLD;7;;;;;;;;
TV;7;7965;TRIGARD 75 WP;4;;;;;;;;
TV;7;7984;STRATOS;1438;;;;;;;;
TV;7;7998;PRIMOSOL 80 WDG;32;;;;;;;;
TV;7;8001;AGRO-PYR;0,7;;;;;;;;
TV;7;8023;SUMIALFA ECHO;52;;;;;;;;
TV;7;8054;METIS ECHO;18;;;;;;;;
TV;7;8105;CIMORAM;6;;;;;;;;
TV;7;8111;GEOPYR;59;;;;;;;;
TV;7;8117;BASTA 200;4265;;;;;;;;
TV;7;8139;MANTA GOLD/FENOTRIX COMBI;3;;;;;;;;
TV;7;8146;GALLERY;89,5;;;;;;;;
TV;7;8156;DEVOX;663;;;;;;;;
TV;7;8157;ZETARAM 20 L;71;;;;;;;;
TV;7;8159;CLICK COMBI;110;;;;;;;;
TV;7;8184;CHALLENGE;84;;;;;;;;
TV;7;8189;FORCE;19950;;;;;;;;
TV;7;8201;GLISTER;2387,25;;;;;;;;
TV;7;8207;LONTREL 75 G;0,6;;;;;;;;
TV;7;8229;RAPAX;18,6;;;;;;;;
TV;7;8351;Z.M. 75 DG;640;;;;;;;;
TV;7;8376;ARIANE II;137;;;;;;;;
TV;7;8377;GLIFOSIM;126;;;;;;;;
TV;7;8382;ROUNDUP BIOFLOW;880;;;;;;;;
TV;7;8401;FALTEX FLOW;580;;;;;;;;
TV;7;8429;GLYFOS SL;552;;;;;;;;
TV;7;8498;FOLICUR WG;1;;;;;;;;
TV;7;8499;EFESTO;94,5;;;;;;;;
TV;7;8528;FEINZIN 35 DF;41,25;;;;;;;;
TV;7;8534;CITROLE;2;;;;;;;;
TV;7;8540;PAMPA/GHIBLI;530;;;;;;;;
TV;7;8542;FORUM 50 WP;4251,4;;;;;;;;
TV;7;8558;PIRETRO VERDE;2,29;;;;;;;;
TV;7;8565;ROUNDUP RTU;4;;;;;;;;
TV;7;8575;TECOGLIF;1324;;;;;;;;
TV;7;8601;FOLPAN 80 WDG;16728;;;;;;;;
TV;7;8617;BANVEL 480 S;5;;;;;;;;
TV;7;8646;ACTIVUS EC/PANDA;273;;;;;;;;
TV;7;8649;PIRIDANE 480;350;;;;;;;;
TV;7;8656;GLIFENE HP;1503,25;;;;;;;;
TV;7;8694;OROVIT M;443;;;;;;;;
TV;7;8721;NEXTER;130;;;;;;;;
TV;7;8726;OVISPRAY;3;;;;;;;;
TV;7;8729;FORUM R;362;;;;;;;;
TV;7;8731;ACROBAT R;1100;;;;;;;;
TV;7;8735;TREBON UP;469,05;;;;;;;;
TV;7;8743;GREENEX;16,6;;;;;;;;
TV;7;8793;EMINENT 40 EW;24;;;;;;;;
TV;7;8795;VERTIMEC EC;98,25;;;;;;;;
TV;7;8797;BINAL PRO/EMINENT COMBI;30;;;;;;;;
TV;7;8801;SCORE 25 EC;173,86;;;;;;;;
TV;7;8803;DOMARK COMBI PB;106;;;;;;;;
TV;7;8837;GERMON BEWURZELUNGSPUDER PER TALEE ERBACEE;0,04;;;;;;;;
TV;7;8841;CYREN 7,5 G;314,9;;;;;;;;
TV;7;8859;MASTIFF;9383;;;;;;;;
TV;7;8875;CIMOX 25 WP;298;;;;;;;;
TV;7;8882;ULTRA FINE OIL;100;;;;;;;;
TV;7;8899;ZOLFO VENTILATO RAMATO 5%;1345;;;;;;;;
TV;7;8900;ZOLFO VENTILATO RAMATO 3%;1375;;;;;;;;
TV;7;8909;FUNGIMAN COMBI;30;;;;;;;;
TV;7;8933;SOLEAS;28;;;;;;;;
TV;7;8934;SCALA;504,35;;;;;;;;
TV;7;8937;MASAI 20 WP;52;;;;;;;;
TV;7;8984;GLIPHOGAN TOP MK;1583;;;;;;;;
TV;7;8987;CONFIDOR 200 SL;66,98;;;;;;;;
TV;7;9005;AGIL;381;;;;;;;;
TV;7;9010;RAMEZIN COMBI WG;2011;;;;;;;;
TV;7;9012;CUPROCAFFARO MICRO;2173;;;;;;;;
TV;7;9036;ACTIVUS;1;;;;;;;;
TV;7;9038;OPINION;5,35;;;;;;;;
TV;7;9068;BAYCOR 300 EC;0,2;;;;;;;;
TV;7;9070;MICEXANIL BIANCO;34;;;;;;;;
TV;7;9126;CONCORDE COMBI;1227,5;;;;;;;;
TV;7;9131;PYRINEX ME;2937;;;;;;;;
TV;7;9148;SYLLIT 355 SC;218,75;;;;;;;;
TV;7;9153;CYREN 44 EC;42;;;;;;;;
TV;7;9171;GALBEN R 4-33;6;;;;;;;;
TV;7;9210;QUADRIS;234;;;;;;;;
TV;7;9279;MERLIN COMBI;43;;;;;;;;
TV;7;9286;OHAYO;12;;;;;;;;
TV;7;9306;PROPLANT;19;;;;;;;;
TV;7;9311;CUPROSSIL IDRO 25 WP;5572;;;;;;;;
TV;7;9330;GLIFO 41;34;;;;;;;;
TV;7;9342;DELTRIN;19;;;;;;;;
TV;7;9364;RAPIDO;1949;;;;;;;;
TV;7;9404;TETRAPLUS COMBI EC;3,7;;;;;;;;
TV;7;9411;RADIP ORMON;3;;;;;;;;
TV;7;9422;EVADE;348,55;;;;;;;;
TV;7;9443;ENDOGERME;10,5;;;;;;;;
TV;7;9444;CHLORCYRIN 220 EC;72;;;;;;;;
TV;7;9449;EMERALD COMBI;51;;;;;;;;
TV;7;9463;KLARO KIT;50;;;;;;;;
TV;7;9478;PIRET;0,65;;;;;;;;
TV;7;9578;SWITCH;3014,5;;;;;;;;
TV;7;9602;GLIFOSAR;1;;;;;;;;
TV;7;9612;OSSICLOR 30;611;;;;;;;;
TV;7;9627;POLTIGLIA BORDOLESE DISPERSS;1960;;;;;;;;
TV;7;9629;FOLTAN MGD;600;;;;;;;;
TV;7;9634;CARNIVAL;190;;;;;;;;
TV;7;9636;OSSIRAM COMBI WP;5;;;;;;;;
TV;7;9668;RUFAST E-FLO;265,98;;;;;;;;
TV;7;9673;SEPRA-BAIT;181;;;;;;;;
TV;7;9675;PANTOX 360;249;;;;;;;;
TV;7;9678;M70 DF;7350;;;;;;;;
TV;7;9694;SIMITAR 5 EW;1,5;;;;;;;;
TV;7;9705;PREVITER;12,97;;;;;;;;
TV;7;9724;TIOWETTING DF;58313;;;;;;;;
TV;7;9726;GLIFOSAN;101,1;;;;;;;;
TV;7;9730;CUPROSSIL IDRO 25 WP BLU;330;;;;;;;;
TV;7;9747;FURY;81,3;;;;;;;;
TV;7;9758;COPRANTOL WG;267;;;;;;;;
TV;7;9767;NUFOS 7,5 G;351;;;;;;;;
TV;7;9787;MICROBAGNABILE WG;13;;;;;;;;
TV;7;9800;MAVRIK 20 EW;1,59;;;;;;;;
TV;7;9802;COPRANTOL HI BIO;7841;;;;;;;;
TV;7;9832;TREK P;612;;;;;;;;
TV;7;9843;BASAGRAN SG;6;;;;;;;;
TV;7;9867;4 STAGIONI;44,25;;;;;;;;
TV;7;9880;SOL MICRO GD;31153;;;;;;;;
TV;7;9900;FLAVOS;3;;;;;;;;
TV;7;9938;MASTER;849,2;;;;;;;;
TV;7;9940;ZELIG GR;1884,5;;;;;;;;
TV;7;9941;BUMPER P;21;;;;;;;;
TV;7;9954;JOKER;1140;;;;;;;;
TV;7;9963;METIDANE 22;281;;;;;;;;
TV;7;9970;HUNTER;7,75;;;;;;;;
TV;7;9989;SVELLER;5;;;;;;;;
TV;7;9994;ARIUS SYSTEM;534;;;;;;;;
TV;7;9995;ARIUS;1313,75;;;;;;;;
TV;7;10005;SCOTTS WEEDCONTROL/EVERGREEN;4;;;;;;;;
TV;7;10029;KING;19,5;;;;;;;;
TV;7;10048;KUMULUS TECNO;26275;;;;;;;;
TV;7;10049;DURSBAN 75 WG;1025;;;;;;;;
TV;7;10057;ARPEL WDG;1815,5;;;;;;;;
TV;7;10080;COMET SC;21,1;;;;;;;;
TV;7;10089;TMTD 50 L;2;;;;;;;;
TV;7;10117;STRATOS ULTRA;5;;;;;;;;
TV;7;10118;AMISTAR;6;;;;;;;;
TV;7;10127;DECIS JET;85,83;;;;;;;;
TV;7;10141;SOFREVAL 80 MICRO;300;;;;;;;;
TV;7;10158;PIREFLOR;9,75;;;;;;;;
TV;7;10161;ORTIVA;0,03;;;;;;;;
TV;7;10183;GARLON EV;20,9;;;;;;;;
TV;7;10184;TIMBREL EV;0,2;;;;;;;;
TV;7;10187;NAUTILE DG;30;;;;;;;;
TV;7;10230;LUMAPLUS;170,5;;;;;;;;
TV;7;10233;BORDOSEP;45;;;;;;;;
TV;7;10236;SLOGAN R;970;;;;;;;;
TV;7;10257;BANG;7;;;;;;;;
TV;7;10263;DRIVER;120;;;;;;;;
TV;7;10267;OROVIT R 4-38;1705;;;;;;;;
TV;7;10272;CEREXIL M DG;170;;;;;;;;
TV;7;10275;STELLA E 10;6;;;;;;;;
TV;7;10285;TOMAHAWK;9;;;;;;;;
TV;7;10296;IPERION;14847;;;;;;;;
TV;7;10306;MISTRAL;6;;;;;;;;
TV;7;10329;FORUM MZ WG;1964;;;;;;;;
TV;7;10357;RIGRON SG;54;;;;;;;;
TV;7;10372;RASIKAL QUICK;589,5;;;;;;;;
TV;7;10373;CONTEST;42;;;;;;;;
TV;7;10404;CLINIC 360 SL;1311;;;;;;;;
TV;7;10415;ARIC 480 LS;24;;;;;;;;
TV;7;10423;LUMACHICIDA VEBI;1571,5;;;;;;;;
TV;7;10424;VEBIGLYF;549;;;;;;;;
TV;7;10425;SCUDEX;551,05;;;;;;;;
TV;7;10426;PROTIL EC;263,5;;;;;;;;
TV;7;10439;SPRAY DUNGER GLOBAL;62;;;;;;;;
TV;7;10447;NOVEL DUO;2;;;;;;;;
TV;7;10456;KLARO ULTRA;221,25;;;;;;;;
TV;7;10461;DICOTURF;5,25;;;;;;;;
TV;7;10465;ROUNDUP MAX;40;;;;;;;;
TV;7;10477;LAS VEGAS;106;;;;;;;;
TV;7;10494;PREMIUM TOP;35;;;;;;;;
TV;7;10504;KELLY WG;2371;;;;;;;;
TV;7;10509;MASTIFF ULTRA;20;;;;;;;;
TV;7;10518;PIRESAN PLUS;1;;;;;;;;
TV;7;10532;TELDOR;2;;;;;;;;
TV;7;10540;TERIAL 75 WG/ALISE' 75 WG;81;;;;;;;;
TV;7;10552;THIOCUR ZOLFO;6;;;;;;;;
TV;7;10560;PIRETRO NATURA;24;;;;;;;;
TV;7;10563;SWEEL WDG;13526;;;;;;;;
TV;7;10565;DICOTIL EXTRA;53,7;;;;;;;;
TV;7;10568;ZOOMER;556;;;;;;;;
TV;7;10573;KOCIDE 2000;14137;;;;;;;;
TV;7;10579;CARSON COP;2387;;;;;;;;
TV;7;10581;CITRIN EC;3,5;;;;;;;;
TV;7;10582;PAM;5;;;;;;;;
TV;7;10584;SHAMAL MK PLUS;3191;;;;;;;;
TV;7;10585;SULCOTREK;1321;;;;;;;;
TV;7;10587;FOLPAN SC;4253;;;;;;;;
TV;7;10588;BIOPIREN PLUS;38;;;;;;;;
TV;7;10595;RAME CAFFARO BLU WG;22;;;;;;;;
TV;7;10604;EMERALD 40 EW/DOMARK 40 EW;2;;;;;;;;
TV;7;10609;MESOZIN 35 WG;40;;;;;;;;
TV;7;10627;FRUPICA;9;;;;;;;;
TV;7;10628;MIDAURIL MZ;435;;;;;;;;
TV;7;10632;COBRE NORDOX SUPER 75 WG;261;;;;;;;;
TV;7;10638;MANCOZEB MANICA 75 WG;250;;;;;;;;
TV;7;10650;BELGARD;11;;;;;;;;
TV;7;10660;CRITTODINA;0,5;;;;;;;;
TV;7;10671;COPERNICO;20;;;;;;;;
TV;7;10701;CUMETA FLOW;11240;;;;;;;;
TV;7;10710;TOMAGAN;31;;;;;;;;
TV;7;10734;DUAL GOLD;2074,5;;;;;;;;
TV;7;10735;PRIMAGRAM GOLD;5356;;;;;;;;
TV;7;10741;METACINQUE;12;;;;;;;;
TV;7;10752;STEWARD;183,75;;;;;;;;
TV;7;10753;FOLICUR SE;100,75;;;;;;;;
TV;7;10771;MOST MICRO;52,2;;;;;;;;
TV;7;10780;LUMABLOC;18,5;;;;;;;;
TV;7;10784;FENICRIT;2,3;;;;;;;;
TV;7;10897;AMEGA PLUS;475;;;;;;;;
TV;7;10921;TIOFLOR DF;25;;;;;;;;
TV;7;10926;ALTOREX;5;;;;;;;;
TV;7;10929;CHIKARA 25 WG;17,95;;;;;;;;
TV;7;10938;MANCOSIM 75 DF;225;;;;;;;;
TV;7;10939;CP 40 AGRO;4;;;;;;;;
TV;7;10941;FLAG;20;;;;;;;;
TV;7;10944;KARATE ZEON;6;;;;;;;;
TV;7;10973;PYRINEX PRONTO;30,5;;;;;;;;
TV;7;10976;METEOR;145,8;;;;;;;;
TV;7;10985;MEVAXIL M;4950;;;;;;;;
TV;7;10986;KASKO R;12107;;;;;;;;
TV;7;10989;MEVAXIL R;27;;;;;;;;
TV;7;10998;RASIKAL ULTRA;10;;;;;;;;
TV;7;10999;BETANAL SE;6;;;;;;;;
TV;7;11011;DASH HC;397;;;;;;;;
TV;7;11014;AZIMUT;4,25;;;;;;;;
TV;7;11027;MET-BLOC;32,5;;;;;;;;
TV;7;11040;POLTIGLIA BORDOLESE DISPERSS BLU;1070;;;;;;;;
TV;7;11041;FOLMAK COMBI;1297;;;;;;;;
TV;7;11045;DODIPREV 35;21,25;;;;;;;;
TV;7;11062;BION 50 WG;3,5;;;;;;;;
TV;7;11072;WIND;79;;;;;;;;
TV;7;11102;HELIOSOUFRE S;2882,3;;;;;;;;
TV;7;11119;FLINT;138,98;;;;;;;;
TV;7;11127;HOPPER BLU;140;;;;;;;;
TV;7;11130;DISERBOFACILE;7;;;;;;;;
TV;7;11133;SHELTER;419,5;;;;;;;;
TV;7;11142;KIDO';8;;;;;;;;
TV;7;11147;KRUG;300;;;;;;;;
TV;7;11173;AVAUNT EC;192,85;;;;;;;;
TV;7;11190;PENCOR 10 EC;1,8;;;;;;;;
TV;7;11197;VITENE 45 WG;10,5;;;;;;;;
TV;7;11201;PROPYFLOR;9;;;;;;;;
TV;7;11206;CODACIDE;847,5;;;;;;;;
TV;7;11223;GALIGAN 500 SC;1,5;;;;;;;;
TV;7;11243;LEOPARD 5 EC;12,25;;;;;;;;
TV;7;11253;CALLISTO;664;;;;;;;;
TV;7;11257;COSTAR WG;15;;;;;;;;
TV;7;11258;FAZOR;110;;;;;;;;
TV;7;11284;CIMOTER 4-40;40;;;;;;;;
TV;7;11303;CHAMP DP;1830;;;;;;;;
TV;7;11307;AGRIRAT;17;;;;;;;;
TV;7;11310;CHIMIGOR 20;161;;;;;;;;
TV;7;11313;PROXAN SL;2;;;;;;;;
TV;7;11339;THIOVIT;135;;;;;;;;
TV;7;11341;STARANE GOLD;710;;;;;;;;
TV;7;11344;PICKILL EC;1;;;;;;;;
TV;7;11345;ZOLVIS 80 WDG;17293;;;;;;;;
TV;7;11353;FUSILADE MAX;217;;;;;;;;
TV;7;11377;OXYFLUOR;19;;;;;;;;
TV;7;11382;GARDENE PLUS;296;;;;;;;;
TV;7;11393;BEETLE;54;;;;;;;;
TV;7;11396;WIRK;96;;;;;;;;
TV;7;11400;ADINA 10;4,49;;;;;;;;
TV;7;11403;MELODY COMPACT;1164,25;;;;;;;;
TV;7;11416;OVIPRON TOP;584;;;;;;;;
TV;7;11418;ROUNDUP 450 PLUS;10;;;;;;;;
TV;7;11436;MELODY MED WG;60;;;;;;;;
TV;7;11449;GARDOPRIM GOLD;1795;;;;;;;;
TV;7;11483;COSAVET DF;2;;;;;;;;
TV;7;11497;CRITTOVIT WG;2184;;;;;;;;
TV;7;11499;BUSTER;17;;;;;;;;
TV;7;11504;THIAMON PLUS;6;;;;;;;;
TV;7;11523;SEPRADINA SC;21,75;;;;;;;;
TV;7;11525;FUNGIDINA;135,2;;;;;;;;
TV;7;11526;SULTAN;19;;;;;;;;
TV;7;11527;PYRINEX QUICK;281,76;;;;;;;;
TV;7;11561;NEEMAZAL T/S;150,35;;;;;;;;
TV;7;11569;CUPROXAT S.D.I.;494;;;;;;;;
TV;7;11586;TOP-AGAN;510;;;;;;;;
TV;7;11587;CAMBEL S;157;;;;;;;;
TV;7;11596;CALYPSO;62;;;;;;;;
TV;7;11600;CRUISER 350 FS;5;;;;;;;;
TV;7;11603;CLEANER 22;771;;;;;;;;
TV;7;11611;VYDATE 10L;60;;;;;;;;
TV;7;11614;ACTARA 25 WG;782,84;;;;;;;;
TV;7;11619;TIOFLOR WDG;13737;;;;;;;;
TV;7;11626;PITSTOP;3;;;;;;;;
TV;7;11637;CUPROFIX C DISPERSS;986;;;;;;;;
TV;7;11638;FLUORATE;89;;;;;;;;
TV;7;11642;PIKAR;11;;;;;;;;
TV;7;11649;COMMAND 36 CS;92,25;;;;;;;;
TV;7;11653;FOLIO GOLD 537,5 SC;3;;;;;;;;
TV;7;11654;GRIZZLY EC;10;;;;;;;;
TV;7;11659;HERBITOTAL S;6,5;;;;;;;;
TV;7;11660;SHOGUN;166;;;;;;;;
TV;7;11690;GOAL 480 SC;11,5;;;;;;;;
TV;7;11693;LASER;47,2;;;;;;;;
TV;7;11700;BOTANIGARD 22 WP;0,38;;;;;;;;
TV;7;11704;OLIO OGNISTAGIONE;31,25;;;;;;;;
TV;7;11710;GARDIUS;10,35;;;;;;;;
TV;7;11711;DUKE IDROSSIDO;3813,8;;;;;;;;
TV;7;11723;MAVRIK PRONTO USO;11,25;;;;;;;;
TV;7;11730;COSMOTRIN;5,65;;;;;;;;
TV;7;11744;CIPERBLOC;12;;;;;;;;
TV;7;11760;POLITHIOL;700;;;;;;;;
TV;7;11779;KOP-TWIN;145;;;;;;;;
TV;7;11786;AQ 10 WG;0,12;;;;;;;;
TV;7;11791;CLEAN-UP;1;;;;;;;;
TV;7;11796;GLIFAST;25,25;;;;;;;;
TV;7;11814;SPADA 200 EC;22,2;;;;;;;;
TV;7;11821;WEEDAZOL TL;10;;;;;;;;
TV;7;11857;MIDAURIL COMBI;3159;;;;;;;;
TV;7;11862;LOBBY;5;;;;;;;;
TV;7;11866;AGRO-OIL;800;;;;;;;;
TV;7;11870;CUPRITAL S.D.I.;4;;;;;;;;
TV;7;11872;RIFLE 4-24 R;1387;;;;;;;;
TV;7;11894;GRANEX;3,5;;;;;;;;
TV;7;11908;VENTUREX 35 L;150,37;;;;;;;;
TV;7;11921;RISCIO' 50 WP/RISCIO';4;;;;;;;;
TV;7;11931;MANZEB 75 WG;127;;;;;;;;
TV;7;11944;ASPECT;115;;;;;;;;
TV;7;11948;VINCARE;45;;;;;;;;
TV;7;11954;TERMINAL DUO;385;;;;;;;;
TV;7;11955;ACROBAT MZ WG;1300;;;;;;;;
TV;7;11979;BORDO 20 MICRO;208,2;;;;;;;;
TV;7;11997;MAVRIK CASA GIARDINO;0,6;;;;;;;;
TV;7;12010;TUAREG;1246;;;;;;;;
TV;7;12020;SUCCESS;6,87;;;;;;;;
TV;7;12023;MEGIC;54,25;;;;;;;;
TV;7;12037;CAMIX;64;;;;;;;;
TV;7;12043;PREVICUR ENERGY;6,55;;;;;;;;
TV;7;12044;CURZATE SYSTEM;4060;;;;;;;;
TV;7;12048;TIOSOL 80 WG;2196,2;;;;;;;;
TV;7;12067;CIPER;39,75;;;;;;;;
TV;7;12068;TEFLUSTAR;1040,35;;;;;;;;
TV;7;12069;EPIK;11,22;;;;;;;;
TV;7;12078;METALIM;550;;;;;;;;
TV;7;12083;DANADIM PROGRESS;39,5;;;;;;;;
TV;7;12084;GALEO;17;;;;;;;;
TV;7;12096;POLTIGLIA DISPERSS;40027;;;;;;;;
TV;7;12100;ASSET;100;;;;;;;;
TV;7;12106;TALENDO;209;;;;;;;;
TV;7;12138;R6 ERRESEI TREVI;367;;;;;;;;
TV;7;12172;FERRAMOL;581;;;;;;;;
TV;7;12174;V.I.P. FLOW;208;;;;;;;;
TV;7;12200;SILBOT R/DYMO R;3150;;;;;;;;
TV;7;12202;ZEMIX R;3882;;;;;;;;
TV;7;12206;GLUTEX CU 90;946;;;;;;;;
TV;7;12211;MEDOR;25,5;;;;;;;;
TV;7;12212;PENTHIUM EC;2,16;;;;;;;;
TV;7;12215;VEBIPHOS 7,5;246;;;;;;;;
TV;7;12225;TEPPEKI;1;;;;;;;;
TV;7;12243;MANTIR DG;905;;;;;;;;
TV;7;12245;ROUNDUP 360 POWER;3900;;;;;;;;
TV;7;12260;TECNOCONTROL EXTRA;1;;;;;;;;
TV;7;12263;VONDOZEB DG;4100;;;;;;;;
TV;7;12270;UNICORN DF;870,6;;;;;;;;
TV;7;12279;ERBY 5 EC;5,55;;;;;;;;
TV;7;12285;FORUM GOLD;10;;;;;;;;
TV;7;12297;TRIBASE TWIN;2,5;;;;;;;;
TV;7;12313;TOPAS HOBBY;0,41;;;;;;;;
TV;7;12314;SCORE HOBBY;1,4;;;;;;;;
TV;7;12315;ORTIVA HOBBY;1,42;;;;;;;;
TV;7;12317;DACOL L 20;39;;;;;;;;
TV;7;12318;VIVER;571;;;;;;;;
TV;7;12319;KRONOS;32;;;;;;;;
TV;7;12320;PERSHING;6150;;;;;;;;
TV;7;12322;SWITCH HOBBY/COMPO MUFFA STOP;0,76;;;;;;;;
TV;7;12323;VEBIZOLFO WG;122;;;;;;;;
TV;7;12325;MESUROL M PLUS;160;;;;;;;;
TV;7;12330;DEDALUS SE;197,6;;;;;;;;
TV;7;12344;VEBITHRIN 5 EC;8,6;;;;;;;;
TV;7;12361;ALGEDI;14,4;;;;;;;;
TV;7;12364;OROVIT TRIPLO;36;;;;;;;;
TV;7;12374;RAIDER 3B;609;;;;;;;;
TV;7;12378;TRIANUM G;750;;;;;;;;
TV;7;12381;NU-FILM P;25;;;;;;;;
TV;7;12383;RIDOMIL GOLD MZ PEPITE;7144;;;;;;;;
TV;7;12391;FUEGO;2;;;;;;;;
TV;7;12393;COPPERCIM WG;31,25;;;;;;;;
TV;7;12399;GANZO;63;;;;;;;;
TV;7;12437;DELAN 70 WG;136;;;;;;;;
TV;7;12451;MAISNET;5;;;;;;;;
TV;7;12452;EQUIP;18;;;;;;;;
TV;7;12453;MILDICUT;16637;;;;;;;;
TV;7;12461;FINALSAN ERBICIDA PROFESSIONAL;42;;;;;;;;
TV;7;12482;LUMAX;3824;;;;;;;;
TV;7;12491;CIPERTHRIN PLUS;35;;;;;;;;
TV;7;12504;FLOWBRIX;16453;;;;;;;;
TV;7;12505;FLOWBRIX BLU;1821;;;;;;;;
TV;7;12519;CORSARIO;9,25;;;;;;;;
TV;7;12525;BLUECONTACT;6,6;;;;;;;;
TV;7;12526;SWAN;0,5;;;;;;;;
TV;7;12528;CABRIO TOP;112;;;;;;;;
TV;7;12529;TUCANA 25 EC;342;;;;;;;;
TV;7;12534;FOXTAIL;108;;;;;;;;
TV;7;12540;REGRAN SL;2;;;;;;;;
TV;7;12550;SAHEL 75 WG;0,2;;;;;;;;
TV;7;12553;VEBIPYR;0,46;;;;;;;;
TV;7;12554;TERMINAL;15;;;;;;;;
TV;7;12557;DIETOL PLUS;151;;;;;;;;
TV;7;12560;METHIOR;5,2;;;;;;;;
TV;7;12566;PYGANIC 1.4;430,77;;;;;;;;
TV;7;12573;EKO OIL SPRAY;370,25;;;;;;;;
TV;7;12578;RANMAN;7;;;;;;;;
TV;7;12584;AVIATOR;2520;;;;;;;;
TV;7;12622;QUANTUM;4068;;;;;;;;
TV;7;12628;SERENADE MAX;313;;;;;;;;
TV;7;12629;BUGGY 360 SG N.E.T.;30;;;;;;;;
TV;7;12636;QUASAR 6/24 R;15039;;;;;;;;
TV;7;12647;GLITTER;599;;;;;;;;
TV;7;12650;NUPRID 200 SL;1,02;;;;;;;;
TV;7;12659;IMIDAN EC;20;;;;;;;;
TV;7;12670;RISOLUTIV SL;1427;;;;;;;;
TV;7;12671;HARMONY 50 SX;15,75;;;;;;;;
TV;7;12686;CHAMAN;81;;;;;;;;
TV;7;12696;TEBUZOL S DISPERSS;1990;;;;;;;;
TV;7;12710;CALIPER-EC;64;;;;;;;;
TV;7;12714;KELLY R DF;2590;;;;;;;;
TV;7;12722;OSSICLOR 20 FLOW;1736,75;;;;;;;;
TV;7;12723;OSSICLOR 20 BLU FLOW;45;;;;;;;;
TV;7;12730;BATER;110;;;;;;;;
TV;7;12731;MICLOTOP PROGRESS;131;;;;;;;;
TV;7;12734;JUPITER R DF;625,56;;;;;;;;
TV;7;12737;AIRONE PIU';2341;;;;;;;;
TV;7;12738;KING 360 HP;1770;;;;;;;;
TV;7;12741;GEMINISTAR;393;;;;;;;;
TV;7;12747;CUPRAVIT BLU WG;49;;;;;;;;
TV;7;12748;GRIFON PIU';2693;;;;;;;;
TV;7;12754;KUPRUM TOP 30 WG;7,4;;;;;;;;
TV;7;12756;DICOTEX;38,44;;;;;;;;
TV;7;12759;OSSICLOR 35 WG;941,2;;;;;;;;
TV;7;12768;SPINTOR FLY;23,25;;;;;;;;
TV;7;12779;RAMEDIT COMBI WG;923;;;;;;;;
TV;7;12784;FARO WG;614;;;;;;;;
TV;7;12806;FEDOR;10;;;;;;;;
TV;7;12808;GLOBAL SC;0,06;;;;;;;;
TV;7;12824;MERLIN EXPERT;15;;;;;;;;
TV;7;12827;PREMIER ZR/ELECTIS R;1071;;;;;;;;
TV;7;12828;SITOFEX;5;;;;;;;;
TV;7;12832;OPERA;45;;;;;;;;
TV;7;12837;ARIUS SYSTEM PLUS;1510;;;;;;;;
TV;7;12841;SUCCESSOR T;50;;;;;;;;
TV;7;12847;EAGLE;0,5;;;;;;;;
TV;7;12859;BORNEO;4,64;;;;;;;;
TV;7;12862;CANTUS;581;;;;;;;;
TV;7;12866;COLLIS;101;;;;;;;;
TV;7;12868;BELLIS;1;;;;;;;;
TV;7;12869;SIGNUM;5;;;;;;;;
TV;7;12878;RIDOMIL GOLD COMBI PEPITE;10602;;;;;;;;
TV;7;12883;PROSPER 300 CS;6729;;;;;;;;
TV;7;12886;KARATHANE STAR;545;;;;;;;;
TV;7;12888;LEPINOX PLUS;69;;;;;;;;
TV;7;12889;PICKER SC;5,6;;;;;;;;
TV;7;12903;DOLESE WG;12;;;;;;;;
TV;7;12910;DRIBBLING;38;;;;;;;;
TV;7;12916;CYMONE 25 WP;146,5;;;;;;;;
TV;7;12924;JUPITER WG;1070;;;;;;;;
TV;7;12931;FUNGI MZ DF;775;;;;;;;;
TV;7;12932;OXFORD COP;0,8;;;;;;;;
TV;7;12937;ROTAX POLVERE;3;;;;;;;;
TV;7;12940;KARATE ZEON 1.5;42;;;;;;;;
TV;7;12992;BAGNANTE PLUS;176;;;;;;;;
TV;7;13001;MAICOL 240;446;;;;;;;;
TV;7;13005;PROMAG;2,55;;;;;;;;
TV;7;13009;BUTILENE TP;5;;;;;;;;
TV;7;13018;GONDOR;4;;;;;;;;
TV;7;13020;MICRORAM 35 WG;918,8;;;;;;;;
TV;7;13026;SUSCON;4,45;;;;;;;;
TV;7;13039;POTCLEAN 2G;44;;;;;;;;
TV;7;13042;MICRORAM 20 FLOW;1,75;;;;;;;;
TV;7;13049;SULCOGAN;90;;;;;;;;
TV;7;13055;MACHO;1238;;;;;;;;
TV;7;13056;POSITRON M WG;130;;;;;;;;
TV;7;13062;DIPEL DF;27,5;;;;;;;;
TV;7;13064;VITENE ULTRA SC;655;;;;;;;;
TV;7;13065;DOMARK 125;322,75;;;;;;;;
TV;7;13068;NEORAM WG;160;;;;;;;;
TV;7;13072;MANNIX;2;;;;;;;;
TV;7;13083;CURZATE EFFE;1700;;;;;;;;
TV;7;13084;TELDOR PLUS;1834,4;;;;;;;;
TV;7;13093;STOMP AQUA;686;;;;;;;;
TV;7;13098;ROUNDUP POWER 2.0;137;;;;;;;;
TV;7;13107;BINAL CB;123;;;;;;;;
TV;7;13111;THIOCUR FORTE;1659,5;;;;;;;;
TV;7;13126;CABRIO DUO;173;;;;;;;;
TV;7;13127;VALIS F;1075;;;;;;;;
TV;7;13131;PROPY PRONTO;5,5;;;;;;;;
TV;7;13133;NIBER 35 WG;554;;;;;;;;
TV;7;13134;AMALINE;817;;;;;;;;
TV;7;13143;MEZENE WG;10;;;;;;;;
TV;7;13149;POLTIGLIA MANICA 20 WG;1753;;;;;;;;
TV;7;13150;CURAME 35 WG;21;;;;;;;;
TV;7;13152;OPTIX R DISPERSS;940;;;;;;;;
TV;7;13155;PRIMEXTRA GOLD;116;;;;;;;;
TV;7;13158;REMEDIER;541;;;;;;;;
TV;7;13160;FORUM TOP;5076,8;;;;;;;;
TV;7;13163;ZOLFO SCORREVOLE 95% S.C.M.;20;;;;;;;;
TV;7;13168;LAUDIS;65;;;;;;;;
TV;7;13172;CREW 40 OD;37;;;;;;;;
TV;7;13178;AZUL MZ 75 WG;1170;;;;;;;;
TV;7;13180;AZUL MZ 80 WP;26;;;;;;;;
TV;7;13182;RAMSOL-F2;921;;;;;;;;
TV;7;13185;SIATTOL;1,75;;;;;;;;
TV;7;13186;TITUS MAIS EXTRA;14,8;;;;;;;;
TV;7;13205;ZOLFO MANICA SCORREVOLE DOPPIO RAFFINATO;16700;;;;;;;;
TV;7;13211;ZOLFO VENTILATO SCORREVOLE 96%;1250;;;;;;;;
TV;7;13212;CONFIDOR 200 O-TEQ;7,5;;;;;;;;
TV;7;13213;R6 ERRESEI ALBIS;18271;;;;;;;;
TV;7;13214;ZOLFO RAMATO 3;2850;;;;;;;;
TV;7;13227;FUNGURAN-OH 250 SC;1295;;;;;;;;
TV;7;13236;BULLET;105;;;;;;;;
TV;7;13242;NICOGAN V.O.;590;;;;;;;;
TV;7;13249;ZOLFO VENTILATO STELLA RAMATO S;260;;;;;;;;
TV;7;13250;ZOLFO VENTILATO STELLA RAMATO B;6900;;;;;;;;
TV;7;13252;PLAYER 250 SC;417;;;;;;;;
TV;7;13253;PLAYER SC;60;;;;;;;;
TV;7;13255;PLAYER GR;6;;;;;;;;
TV;7;13261;VERDERAME 20 DF;4910;;;;;;;;
TV;7;13267;IMPERO;30,75;;;;;;;;
TV;7;13283;GARAK;120;;;;;;;;
TV;7;13290;ZOLFO MANICA DOPPIO RAFFINATO VENTILATO RAMATO 3% NEW;7180;;;;;;;;
TV;7;13296;POKER 7,5;51;;;;;;;;
TV;7;13298;QUANTUM F;155;;;;;;;;
TV;7;13299;MAGIO';171;;;;;;;;
TV;7;13307;BERLINA;15;;;;;;;;
TV;7;13309;DRAKE 26;6;;;;;;;;
TV;7;13313;CASPER;11;;;;;;;;
TV;7;13323;SULFY 80 WDG;50;;;;;;;;
TV;7;13324;CUPRIZOL S;12,75;;;;;;;;
TV;7;13327;GRANSTAR ULTRA SX;1,95;;;;;;;;
TV;7;13329;OMNEX 10 EC;2;;;;;;;;
TV;7;13352;DIREX 7,5 GR;405;;;;;;;;
TV;7;13354;DIFFERENCE;25;;;;;;;;
TV;7;13355;TRONE;28;;;;;;;;
TV;7;13361;DECIS ENERGY O-TEQ;17,11;;;;;;;;
TV;7;13365;ZOLFO DOPPIO VENTILATO SCORREVOLE 95% S ZOLFINDUSTRIA;844;;;;;;;;
TV;7;13370;WARRANT 200 SL;1,75;;;;;;;;
TV;7;13382;PERGADO SC;2584,5;;;;;;;;
TV;7;13386;PROSARO;5;;;;;;;;
TV;7;13389;AFFIRM;815;;;;;;;;
TV;7;13402;LUMA-KL;55;;;;;;;;
TV;7;13403;GLOXY;2;;;;;;;;
TV;7;13410;FRUTTENE 76 WG;4;;;;;;;;
TV;7;13429;PATROL 35 WP;384;;;;;;;;
TV;7;13430;TENOR SC;9,6;;;;;;;;
TV;7;13440;SATEL;14,22;;;;;;;;
TV;7;13455;ANTIGRAM GOLD;510;;;;;;;;
TV;7;13458;ZARADO;1;;;;;;;;
TV;7;13466;SPOTLIGHT PLUS;400;;;;;;;;
TV;7;13477;APHID/ZORRO;0,94;;;;;;;;
TV;7;13485;FOLPEC 80 WG ADVANCE;42;;;;;;;;
TV;7;13489;CYMBAL;219;;;;;;;;
TV;7;13491;CYMBAL 20;1;;;;;;;;
TV;7;13493;COBOX 35 WP/OSSICLOR 35 PB;94;;;;;;;;
TV;7;13505;CLICK DUO;310;;;;;;;;
TV;7;13521;HELIOCUIVRE S;1061,2;;;;;;;;
TV;7;13536;SAFRAN;38;;;;;;;;
TV;7;13540;QUASAR R FLOW;2052;;;;;;;;
TV;7;13542;FANTIC M NC;400;;;;;;;;
TV;7;13546;FLARE GOLD MZ PEPITE;225;;;;;;;;
TV;7;13560;FORZA;113;;;;;;;;
TV;7;13563;NICOGAN;1;;;;;;;;
TV;7;13576;RAMEPLANT WG;28,2;;;;;;;;
TV;7;13578;RAME CAFFARO BLU WG NEW;498;;;;;;;;
TV;7;13579;COPPER 12;106;;;;;;;;
TV;7;13581;TIOGEL 80 WDG;3431,4;;;;;;;;
TV;7;13585;SOLOFOL;10;;;;;;;;
TV;7;13586;VERDERAME 20 WG;25,2;;;;;;;;
TV;7;13590;NINJA;73;;;;;;;;
TV;7;13591;ZEFIR WG;414;;;;;;;;
TV;7;13592;VOLARE;117;;;;;;;;
TV;7;13600;ZOLFO S.A.I.M. DOPPIO VENTILATO SCORREVOLE 95% MARCA FLORISTELLA;3805;;;;;;;;
TV;7;13604;ZOLFO S.A.I.M. RAFFINATO DOPPIO VENTILATO RAMATO 5%;5940;;;;;;;;
TV;7;13607;NOBIL;6;;;;;;;;
TV;7;13610;CLINIC SPECTRUM;25,7;;;;;;;;
TV;7;13613;LEON 200 SL;1,6;;;;;;;;
TV;7;13635;POLTIGLIA 20 PB MANICA;3105;;;;;;;;
TV;7;13636;IT 200;0,5;;;;;;;;
TV;7;13637;PERGADO F;1782;;;;;;;;
TV;7;13640;IMPRINT;59,35;;;;;;;;
TV;7;13648;SIARAM 20 WG;1713;;;;;;;;
TV;7;13651;SPECTRO;11,4;;;;;;;;
TV;7;13687;BURT;532;;;;;;;;
TV;7;13689;FLINT MAX;3;;;;;;;;
TV;7;13691;TRIDAN COMBI T;3308;;;;;;;;
TV;7;13698;VIVANDO;1144,75;;;;;;;;
TV;7;13702;GEOTOX 7,5 C;664,5;;;;;;;;
TV;7;13705;AMECTIN EC;8,75;;;;;;;;
TV;7;13711;QUIZA 5 EC;3,6;;;;;;;;
TV;7;13714;FOLPEC 40 SC;40;;;;;;;;
TV;7;13719;THIAMON 80 PLUS;24750;;;;;;;;
TV;7;13721;AFIDINA QUICK;125,96;;;;;;;;
TV;7;13722;CAL-EX 1.9 EC;1;;;;;;;;
TV;7;13742;PERGADO MZ;940;;;;;;;;
TV;7;13743;KUKAR 22;156;;;;;;;;
TV;7;13765;SHERPA 100 EW;405;;;;;;;;
TV;7;13785;QUANTUM MZ;7404;;;;;;;;
TV;7;13786;QUANTUM R;4296,25;;;;;;;;
TV;7;13791;GEATER-STAR;29;;;;;;;;
TV;7;13792;STABILAN;1;;;;;;;;
TV;7;13793;RUNNER M;67;;;;;;;;
TV;7;13794;SPADA WDG;3;;;;;;;;
TV;7;13796;CELL;12;;;;;;;;
TV;7;13812;NOTO 40 OD;3;;;;;;;;
TV;7;13815;TUTOR 18-15;91;;;;;;;;
TV;7;13817;ALIAL WG;650;;;;;;;;
TV;7;13823;ALVERDE;1,63;;;;;;;;
TV;7;13843;ZELIG 480 EC;71;;;;;;;;
TV;7;13857;CRODIX GEO/MINUET GEO;50;;;;;;;;
TV;7;13858;MEDIATOR EXTRA SL;4,95;;;;;;;;
TV;7;13872;NANDO 500 SC;24;;;;;;;;
TV;7;13876;APACHE;31;;;;;;;;
TV;7;13877;KITT PRONTO;8;;;;;;;;
TV;7;13883;REBEX;106;;;;;;;;
TV;7;13892;RAMEZIN COMBI WG NC;254;;;;;;;;
TV;7;13900;PRORAM HI TECH;2493;;;;;;;;
TV;7;13901;VERDERAME 20 PB;13;;;;;;;;
TV;7;13905;BANJO;6;;;;;;;;
TV;7;13908;BORDO ISAGRO WG;4660;;;;;;;;
TV;7;13927;ZAMIR 18;143;;;;;;;;
TV;7;13928;DYNAMEC EC;18;;;;;;;;
TV;7;13929;RAIDER HI TECH;2769;;;;;;;;
TV;7;13955;MITIGREEN;136;;;;;;;;
TV;7;13981;CORAGEN;201;;;;;;;;
TV;7;13998;PYRUS 400 SC;1139,2;;;;;;;;
TV;7;14013;LABEL 35 WDG;24,5;;;;;;;;
TV;7;14020;LIDAL;1051;;;;;;;;
TV;7;14021;BREK DUO;285;;;;;;;;
TV;7;14023;SUPPORT 10EC;1098;;;;;;;;
TV;7;14024;PERFIL 10 WP;4;;;;;;;;
TV;7;14034;CURENOX TOP MICRO;168;;;;;;;;
TV;7;14042;SUPRAFOS EC;2;;;;;;;;
TV;7;14044;JOKER 480;1;;;;;;;;
TV;7;14052;PRODEO 80 WG;402;;;;;;;;
TV;7;14056;RODIBAIT;23,5;;;;;;;;
TV;7;14058;FEINZIN 70 DF;99,15;;;;;;;;
TV;7;14061;TRIANUM-P;17,5;;;;;;;;
TV;7;14062;ZOXIUM 240 SC;3880,9;;;;;;;;
TV;7;14074;TRINEX 250 EW;0,78;;;;;;;;
TV;7;14076;CYPRUS 25 DF;10,6;;;;;;;;
TV;7;14077;CHAMP 20 DF;1430;;;;;;;;
TV;7;14078;RAMCY 44 WG;3;;;;;;;;
TV;7;14080;MIZAR;63;;;;;;;;
TV;7;14092;AGRORAT B;47,35;;;;;;;;
TV;7;14098;CRITTOX GD 75;2970;;;;;;;;
TV;7;14101;CARAMBA;32;;;;;;;;
TV;7;14102;BORDOFLOW NEW;1908;;;;;;;;
TV;7;14119;VISIR PENCOTECH;845;;;;;;;;
TV;7;14123;ZETARAM NEW TECH;630;;;;;;;;
TV;7;14127;MEVAXIL COBRE;4458;;;;;;;;
TV;7;14128;ZIGNAL;449;;;;;;;;
TV;7;14154;PIRETRO ACTIGREEN;11,36;;;;;;;;
TV;7;14155;KOMPASS/GRIFON FL;500;;;;;;;;
TV;7;14156;CURZATE R WG;2205;;;;;;;;
TV;7;14163;SARMOX 440 WG;415;;;;;;;;
TV;7;14164;TRIKA ZETA;100;;;;;;;;
TV;7;14166;ZETOR;42;;;;;;;;
TV;7;14168;SILWET VELONEX;1;;;;;;;;
TV;7;14169;PERGADO R;1067;;;;;;;;
TV;7;14178;TRI-BASE;315,4;;;;;;;;
TV;7;14193;SARMOX 45 DG;382,1;;;;;;;;
TV;7;14248;CLOR QUICK;11,4;;;;;;;;
TV;7;14254;BILO 7,5 C;93;;;;;;;;
TV;7;14257;UNDERLINE 0,2 G;300;;;;;;;;
TV;7;14285;CUPRAVIT BLU FLOW NF;22;;;;;;;;
TV;7;14290;KOHINOR 200 SL;89,3;;;;;;;;
TV;7;14294;EXECUTIVE;1,1;;;;;;;;
TV;7;14348;AGRON;1584;;;;;;;;
TV;7;14350;ZOLFO RAMATO 5;1540;;;;;;;;
TV;7;14363;U 46 GIARDEN;4,5;;;;;;;;
TV;7;14368;RESOLVA 24H;6,5;;;;;;;;
TV;7;14369;RESOLVA 24H RTU;11;;;;;;;;
TV;7;14373;GLINET;140;;;;;;;;
TV;7;14376;MASTER QUICK;205;;;;;;;;
TV;7;14381;PYRINET;1142;;;;;;;;
TV;7;14387;NERVURE SUPER;1321;;;;;;;;
TV;7;14389;DESSICASH 200 SL;12;;;;;;;;
TV;7;14405;MERLIN FLEXX;832;;;;;;;;
TV;7;14407;RUNWAY;85,76;;;;;;;;
TV;7;14409;MOVENTO 48 SC;169,61;;;;;;;;
TV;7;14418;PULSAR 40 SL;357;;;;;;;;
TV;7;14419;TRUST SC;7,25;;;;;;;;
TV;7;14423;PRIMISOL 80 WDG;42;;;;;;;;
TV;7;14425;MYSTIC COMBI WG;260;;;;;;;;
TV;7;14431;LENTAGRAN 45 WP;1;;;;;;;;
TV;7;14432;METRIC;310;;;;;;;;
TV;7;14433;QUBIC R;142;;;;;;;;
TV;7;14461;CURIT DUO;333;;;;;;;;
TV;7;14462;KOBAN T;238;;;;;;;;
TV;7;14465;TAIFUN MK;1307;;;;;;;;
TV;7;14472;PARTNER EC;9;;;;;;;;
TV;7;14474;TEBUSIP COMBI;580,05;;;;;;;;
TV;7;14491;QUBIC MZ;1240;;;;;;;;
TV;7;14510;ELECTIS TRIO;3551;;;;;;;;
TV;7;14514;BOOSTER;583;;;;;;;;
TV;7;14577;FORUM R 3B;7343;;;;;;;;
TV;7;14579;RAMIN 30 DF;350;;;;;;;;
TV;7;14636;BIOLID UP;10;;;;;;;;
TV;7;14642;RIDOMIL GOLD R WG;24955;;;;;;;;
TV;7;14643;CENTIUM 36 CS;35;;;;;;;;
TV;7;14684;SUPERBO;2;;;;;;;;
TV;7;14686;KOCIDE OPTI;3835;;;;;;;;
TV;7;14698;TAIFUN PPO;4,5;;;;;;;;
TV;7;14735;RANMAN TOP;35,35;;;;;;;;
TV;7;14737;ROUNDUP PLATINUM;7634;;;;;;;;
TV;7;14739;DECIS PROTECT;79;;;;;;;;
TV;7;14758;KARATE WITH ZEON TECHNOLOGY 1.5 HOBBY;12,18;;;;;;;;
TV;7;14763;CALYPSO PLUS;1;;;;;;;;
TV;7;14765;ELUMIS;345;;;;;;;;
TV;7;14766;ACTARA 240 SC;3;;;;;;;;
TV;7;14769;COMET 250 EC;17,5;;;;;;;;
TV;7;14785;DRISCOLL;2,09;;;;;;;;
TV;7;14792;MELODY TREVI;8;;;;;;;;
TV;7;14796;ATOMINAL 10 EC;1;;;;;;;;
TV;7;14799;AFLOR 200 SL;8,48;;;;;;;;
TV;7;14802;POSITRON TRIO WG/CURIT TRIO;276;;;;;;;;
TV;7;14803;ELECTIS ZR;376;;;;;;;;
TV;7;14804;COPPER - DF;95;;;;;;;;
TV;7;14805;QUASAR MZ WG;991;;;;;;;;
TV;7;14806;LUNA PRIVILEGE;303;;;;;;;;
TV;7;14807;LUZINDO;1118,75;;;;;;;;
TV;7;14809;CUPRAVIT BIO EVOLUTION;78;;;;;;;;
TV;7;14812;ENERVIN TOP;10148;;;;;;;;
TV;7;14815;ADENGO;3707;;;;;;;;
TV;7;14818;ACANTO;233;;;;;;;;
TV;7;14826;PYREOS EXTRA SL;15,5;;;;;;;;
TV;7;14837;GLIFOSAR FLASH;4656;;;;;;;;
TV;7;14838;BARCLAY GALLUP BIOGRADE 360;5470;;;;;;;;
TV;7;14854;KARAMAT M;539,6;;;;;;;;
TV;7;14865;PICUS 200 SL;3;;;;;;;;
TV;7;14867;SYNERO;20;;;;;;;;
TV;7;14868;IDROX 22 NEW;1230;;;;;;;;
TV;7;14870;ASSORAM ELITE WG;743;;;;;;;;
TV;7;14879;LONTREL 72 SG;1,2;;;;;;;;
TV;7;14884;CORUM;953;;;;;;;;
TV;7;14890;SANBLIGHT;10;;;;;;;;
TV;7;14891;TRICO;72;;;;;;;;
TV;7;14895;LANNATE 20 SL;15;;;;;;;;
TV;7;14900;KENKIO;5264;;;;;;;;
TV;7;14901;CONCORDE 125;3,5;;;;;;;;
TV;7;14915;REPLAY;489;;;;;;;;
TV;7;14927;KALAHARI;81;;;;;;;;
TV;7;14931;GRISU;3;;;;;;;;
TV;7;14936;AMPLIGO;105;;;;;;;;
TV;7;14948;ACTARA HOBBY;2;;;;;;;;
TV;7;14951;BOTECTOR;306,4;;;;;;;;
TV;7;14974;BELEM 0.8 MG;1044;;;;;;;;
TV;7;14980;AFFINITY PLUS;64;;;;;;;;
TV;7;14985;RETENGO PLUS;2;;;;;;;;
TV;7;15007;AXIAL PRONTO;1;;;;;;;;
TV;7;15008;LBG - 01F34;632;;;;;;;;
TV;7;15013;NATRIA LUMACHICIDA;407;;;;;;;;
TV;7;15014;NATRIA ERBICIDA;13;;;;;;;;
TV;7;15019;RIVIERA;476;;;;;;;;
TV;7;15023;DERREX;320;;;;;;;;
TV;7;15034;DICOPHAR;18,2;;;;;;;;
TV;7;15037;BREZZA;250;;;;;;;;
TV;7;15041;OPINION ECNA;2;;;;;;;;
TV;7;15047;R6 ERRESEI BORDEAUX WG;628,5;;;;;;;;
TV;7;15050;VERTIMEC PRO;13;;;;;;;;
TV;7;15051;KYLEO;2;;;;;;;;
TV;7;15054;CONTENDER 80 WG;652;;;;;;;;
TV;7;15058;PRINCIPAL MAIS;206,8;;;;;;;;
TV;7;15059;DECIS EVO;81,75;;;;;;;;
TV;7;15062;PIRAMAX  EC;2;;;;;;;;
TV;7;15064;MAESTRO WG ADVANCE;10;;;;;;;;
TV;7;15071;EVOLUTION;81;;;;;;;;
TV;7;15084;DRUM;359;;;;;;;;
TV;7;15085;VITISAN 45 WG;136;;;;;;;;
TV;7;15088;CLARIDO;271;;;;;;;;
TV;7;15093;CENTURIO;90,5;;;;;;;;
TV;7;15094;FOSBEL 80 WG;3933;;;;;;;;
TV;7;15101;CIMORAM ULTRA WG;4449;;;;;;;;
TV;7;15102;VITENE R WG;1290;;;;;;;;
TV;7;15107;SAMSON EXTRA 6 OD;39;;;;;;;;
TV;7;15115;VELIERO;341;;;;;;;;
TV;7;15119;FORTEZZA;10;;;;;;;;
TV;7;15123;ALTAIR 4,5 EW;393;;;;;;;;
TV;7;15125;PROLECTUS;258;;;;;;;;
TV;7;15130;INTREPID;15328;;;;;;;;
TV;7;15135;OLEOSAN PLUS;20,5;;;;;;;;
TV;7;15139;INDIPENDENT SC-15;819;;;;;;;;
TV;7;15148;ENVIROMITE 480 SC;1,16;;;;;;;;
TV;7;15149;PRIMISOL MK;1841;;;;;;;;
TV;7;15177;ROTATE PLUS DF;1402;;;;;;;;
TV;7;15181;CIRRUS CS;320;;;;;;;;
TV;7;15184;SATEL GEO;106;;;;;;;;
TV;7;15200;QUALY;293;;;;;;;;
TV;7;15201;FLOXI 355 SC;13;;;;;;;;
TV;7;15222;FOLICUR COMBI WG;2584;;;;;;;;
TV;7;15253;FALCON MK;180;;;;;;;;
TV;7;15263;DYNALI;98;;;;;;;;
TV;7;15264;ENERVIN SC;474;;;;;;;;
TV;7;15274;ALIAL SYSTEM;455;;;;;;;;
TV;7;15275;KUSTI;204;;;;;;;;
TV;7;15289;SERENADE NATRIA;1,5;;;;;;;;
TV;7;15300;ARMETIL FLOW;42;;;;;;;;
TV;7;15302;AMYLO-X;551;;;;;;;;
TV;7;15309;FOLICUR 250 EW;4,25;;;;;;;;
TV;7;15310;NISSHIN EXTRA 6 OD;5;;;;;;;;
TV;7;15311;TIZCA;388;;;;;;;;
TV;7;15313;ZOLFO SC;130;;;;;;;;
TV;7;15317;FLARE GOLD COMBI PEPITE;5150;;;;;;;;
TV;7;15327;METAMAN 8-64 WG;96;;;;;;;;
TV;7;15333;APPLAUD PLUS;1995,22;;;;;;;;
TV;7;15340;FEUDO 50 WP;619,6;;;;;;;;
TV;7;15342;FEUDO MZ WDG;4550;;;;;;;;
TV;7;15343;FEUDO RD WP;1400;;;;;;;;
TV;7;15344;FILAN WG;158;;;;;;;;
TV;7;15348;RIDOMIL GOLD R LIQUIDO;4995;;;;;;;;
TV;7;15356;AVIATOR SC;1826;;;;;;;;
TV;7;15359;VITIL 8-64 WG;182;;;;;;;;
TV;7;15363;MEDEIRO 80 WG ADVANCE;365;;;;;;;;
TV;7;15364;DESIGN WG;3;;;;;;;;
TV;7;15371;BELEM PROTEZIONE;1044;;;;;;;;
TV;7;15388;MEXIL ORO R WG;4357;;;;;;;;
TV;7;15389;FLARE GOLD R WG;2950;;;;;;;;
TV;7;15392;QUANTUM MZ WDG;190;;;;;;;;
TV;7;15401;TAIFUN MK CL;2888;;;;;;;;
TV;7;15402;DELTASAP;2;;;;;;;;
TV;7;15404;MIDO;2;;;;;;;;
TV;7;15423;FORUM TEAM;1169;;;;;;;;
TV;7;15428;WINNER OD;114;;;;;;;;
TV;7;15436;MYCOTAL;2;;;;;;;;
TV;7;15448;REBEL TOP;53;;;;;;;;
TV;7;15449;CIDELY;1029,5;;;;;;;;
TV;7;15493;SIMUN 40 OD;43;;;;;;;;
TV;7;15498;ARPEL DUO;254;;;;;;;;
TV;7;15505;SILBOT 500 SC/MORFEUM 500 SC;24;;;;;;;;
TV;7;15507;CREW SUPERB;2;;;;;;;;
TV;7;15509;MOSAIKO COMBI;250;;;;;;;;
TV;7;15514;CUPRAVIT BLU 35 WG;466,1;;;;;;;;
TV;7;15531;GARAVEL;108;;;;;;;;
TV;7;15569;LOOP 40;378;;;;;;;;
TV;7;15570;TYLAL WG;17;;;;;;;;
TV;7;15572;ZOMINEX;639;;;;;;;;
TV;7;15574;KARMA 85;615;;;;;;;;
TV;7;15591;PREVINT TOP;4207;;;;;;;;
TV;7;15601;MOSAIKO;921;;;;;;;;
TV;7;15603;ERBIFEN K;60;;;;;;;;
TV;7;15621;BOTTO 50 EC;57;;;;;;;;
TV;7;15625;TERMINUS SC;207;;;;;;;;
TV;7;15627;PAPYRUS 400 SC;218;;;;;;;;
TV;7;15630;PALMAS 45% WG;182;;;;;;;;
TV;7;15639;RL 400;6;;;;;;;;
TV;7;15640;PROLINE STAR;17;;;;;;;;
TV;7;15644;LANDMASTER;2;;;;;;;;
TV;7;15646;VIVER 250 EC;21;;;;;;;;
TV;7;15651;FLANKER;258;;;;;;;;
TV;7;15652;VAREN;14;;;;;;;;
TV;7;15661;SENEGO;3;;;;;;;;
TV;7;15662;LESTRA;3,74;;;;;;;;
TV;7;15668;GHIBLI 240 OD;100,25;;;;;;;;
TV;7;15681;LUMADRY ESCA;2993;;;;;;;;
TV;7;15690;ALIAL RAMATO;790;;;;;;;;
TV;7;15722;ARMICARB 85;1485;;;;;;;;
TV;7;15726;ZAMOX 40;29;;;;;;;;
TV;7;15763;CLORTOSIP 500 B;40;;;;;;;;
TV;7;15844;SLOGAN TOP;1260;;;;;;;;
TV;7;15857;R6 ERRESEI PASADOBLE;640;;;;;;;;
TV;7;15892;BANG PLUS;132;;;;;;;;
TV;7;15900;TRIKA EXPERT;1700;;;;;;;;
TV;7;15901;ERCOLE;12010;;;;;;;;
TV;7;15912;CUPRO ISAGRO WG;215;;;;;;;;
TV;7;15922;KLARTAN PRONTO USO;20,25;;;;;;;;
TV;7;15936;IMAZAMOX 40;15;;;;;;;;
TV;7;15948;MULIGAN;3;;;;;;;;
TV;7;15949;PROMEX;21;;;;;;;;
TV;7;15961;RETENGO NEW;22;;;;;;;;
TV;7;15962;LECTRA MZ WG;890;;;;;;;;
TV;7;16000;MINUET GR;23,25;;;;;;;;
TV;8;13;THIOPRON;3110;;;;;;;;
TV;8;14;MICROTHIOL;100;;;;;;;;
TV;8;17;U 46 COMBI FLUID;1;;;;;;;;
TV;8;40;ETRAVON SYNGENTA;2853;;;;;;;;
TV;8;361;BAGNANTE ANTISCHIUMA S;55;;;;;;;;
TV;8;449;MOCAP;60;;;;;;;;
TV;8;485;KENYATOX VERDE;22,2;;;;;;;;
TV;8;630;REGLONE W;96;;;;;;;;
TV;8;844;MICROBAGNABILE 80;204;;;;;;;;
TV;8;886;SENCOR WG;1,5;;;;;;;;
TV;8;940;RONSTAR GRANULARE;10;;;;;;;;
TV;8;955;TORDON 101;1;;;;;;;;
TV;8;1156;CHEMOL;1545;;;;;;;;
TV;8;1466;BASIRAM L;30;;;;;;;;
TV;8;1544;MESUROL;9;;;;;;;;
TV;8;1562;ERBITOX E 30;24;;;;;;;;
TV;8;1573;BASAMID GRANULAT;180;;;;;;;;
TV;8;1583;MICROTHIOL DISPERSS;52393;;;;;;;;
TV;8;1600;ETRAVON;51;;;;;;;;
TV;8;1714;KERB 80 EDF;58;;;;;;;;
TV;8;1765;MICRO-DROP;3,3;;;;;;;;
TV;8;1823;ZOLFO 80 MICRONIZZATO;1210;;;;;;;;
TV;8;1850;IDRORAME FLOW;1302;;;;;;;;
TV;8;1903;SULFURENE;2350;;;;;;;;
TV;8;1990;BUTYRAC 118;8;;;;;;;;
TV;8;2029;TORDON 22K;3,5;;;;;;;;
TV;8;2191;WETTING PLUS;11;;;;;;;;
TV;8;2249;MALERBANE PRATI 400;53;;;;;;;;
TV;8;2259;PASTA LUMACHICIDA IN GRANI;245;;;;;;;;
TV;8;2272;SILLIM;50;;;;;;;;
TV;8;2353;BONALAN;273;;;;;;;;
TV;8;2357;BAGNANTE ADESIVO S;20;;;;;;;;
TV;8;2603;ESCACIDE;71;;;;;;;;
TV;8;2634;BUGGY;4236;;;;;;;;
TV;8;2923;TIOVIT JET;32880;;;;;;;;
TV;8;2934;MICROSOL 90;0,8;;;;;;;;
TV;8;2950;ADESIL A;41;;;;;;;;
TV;8;2972;BIODAST;19,5;;;;;;;;
TV;8;2983;NIMROD;0,3;;;;;;;;
TV;8;2995;ESCARTOX;267;;;;;;;;
TV;8;3065;OLIOCIN;513;;;;;;;;
TV;8;3082;OLEOTER ESTATE;9,5;;;;;;;;
TV;8;3102;OLEOTER;245;;;;;;;;
TV;8;3132;SEPR-OIL;30;;;;;;;;
TV;8;3219;CARAKOL AGRO;728;;;;;;;;
TV;8;3313;ARAGOL L 40;6;;;;;;;;
TV;8;3343;U46 M CLASS;39;;;;;;;;
TV;8;3366;ROGATOX EC;1;;;;;;;;
TV;8;3486;TRISCABOL DG;80;;;;;;;;
TV;8;3503;AGRUMIN;42;;;;;;;;
TV;8;3555;CURZATE M;279;;;;;;;;
TV;8;3640;CUPROSTAR/AIRONE;6495;;;;;;;;
TV;8;3658;SIPCAMOL E;145,25;;;;;;;;
TV;8;3701;CUPROSAR 40 WDG;15;;;;;;;;
TV;8;3754;BAGNANTE SARIAF;309;;;;;;;;
TV;8;3767;FENOXILENE MAX;57;;;;;;;;
TV;8;3771;ROVRAL WG;32;;;;;;;;
TV;8;3793;DITHANE M-45;219;;;;;;;;
TV;8;3800;CRITTAM WG;295;;;;;;;;
TV;8;3859;DURSBAN;83;;;;;;;;
TV;8;3911;PIRETRAN;4,4;;;;;;;;
TV;8;4011;PIRETRIN;1,25;;;;;;;;
TV;8;4012;RELDAN 22;1399,6;;;;;;;;
TV;8;4090;MALERBANE CEREALI;19;;;;;;;;
TV;8;4157;IROL PLUS;978;;;;;;;;
TV;8;4199;PENNCOZEB DG;1242;;;;;;;;
TV;8;4228;ROGOR L 20;393;;;;;;;;
TV;8;4264;VIC 19 L;7,8;;;;;;;;
TV;8;4283;ZOLVIS 90;25;;;;;;;;
TV;8;4292;ZOLVIS 80 MICRO;82;;;;;;;;
TV;8;4326;ROGOR L 40;38;;;;;;;;
TV;8;4426;DECIS;13;;;;;;;;
TV;8;4552;DITHANE DG NEOTEC;1306;;;;;;;;
TV;8;4686;DIMILIN 25 P.B.;47;;;;;;;;
TV;8;4710;ALIETTE;123,3;;;;;;;;
TV;8;4833;FANDANGO 360 SL;130;;;;;;;;
TV;8;4896;RIGENAL P;0,9;;;;;;;;
TV;8;5152;TIOSPOR WG;1070;;;;;;;;
TV;8;5228;CARAKOL;85;;;;;;;;
TV;8;5299;MIBIOL;150,5;;;;;;;;
TV;8;5414;RADICANTE POLVERE TALEE LEGNOSE;2,6;;;;;;;;
TV;8;5467;METADENE;215;;;;;;;;
TV;8;5574;LUMAKIDIN 5G;459;;;;;;;;
TV;8;5576;KOLFLOR OLIO B;3;;;;;;;;
TV;8;5755;TILT 25 EC;118,5;;;;;;;;
TV;8;5864;CIPOTRIL;7;;;;;;;;
TV;8;6324;MAXCEL;48;;;;;;;;
TV;8;6376;ANTISCHIUMA SHAUMSTOP;150,05;;;;;;;;
TV;8;6401;MONDAK 21 S;475;;;;;;;;
TV;8;6437;ETHREL;7;;;;;;;;
TV;8;6505;NOKAD;5,25;;;;;;;;
TV;8;6556;K-OBIOL DP2;424;;;;;;;;
TV;8;6674;AFALON DS;39;;;;;;;;
TV;8;6704;TIOLENE 80 WG;253;;;;;;;;
TV;8;6766;BUTISAN S;1;;;;;;;;
TV;8;6786;BAGNANTE AC;133;;;;;;;;
TV;8;6945;TOPAS 10 EC;267,59;;;;;;;;
TV;8;6947;TOPAS COMBI;399;;;;;;;;
TV;8;6955;METACID;139;;;;;;;;
TV;8;7053;PASTA CAFFARO NC;349;;;;;;;;
TV;8;7055;PASTA CAFFARO BLU;227;;;;;;;;
TV;8;7101;LIMAVAL;595;;;;;;;;
TV;8;7368;TURFENE L;388;;;;;;;;
TV;8;7369;SYLLIT FLO;59,71;;;;;;;;
TV;8;7401;POLTIGLIA CAFFARO 20 DF NEW;1176;;;;;;;;
TV;8;7530;BIOLID E;18;;;;;;;;
TV;8;7541;APOLLO SC;5,2;;;;;;;;
TV;8;7550;ZETA 80;1;;;;;;;;
TV;8;7555;KLARTAN 20 EW;42,59;;;;;;;;
TV;8;7581;ZELIG;8;;;;;;;;
TV;8;7608;DASKOR;34;;;;;;;;
TV;8;7611;ENOVIT METIL FL;995;;;;;;;;
TV;8;7664;COMPO LUMACHICIDA;46,5;;;;;;;;
TV;8;7700;MATACAR FL;14,4;;;;;;;;
TV;8;7732;KESHET EW;53,2;;;;;;;;
TV;8;7733;BAYTEROID EW;1;;;;;;;;
TV;8;7736;ZOLFO SCORREVOLE TRIVENTILATO 95% S;25;;;;;;;;
TV;8;7764;TIOLENE;2846;;;;;;;;
TV;8;7845;TMTD 50 SC;42;;;;;;;;
TV;8;7876;PIRIMOR 17,5;28;;;;;;;;
TV;8;7888;CUPROXAT LIQUIDO;207;;;;;;;;
TV;8;7889;NURELLE D;12;;;;;;;;
TV;8;7916;POLYRAM DF;18114;;;;;;;;
TV;8;7919;TOUCHDOWN;4566,25;;;;;;;;
TV;8;7922;OPALENE;659;;;;;;;;
TV;8;7930;KERB FLO;1;;;;;;;;
TV;8;7957;ROVRAL PLUS;352,05;;;;;;;;
TV;8;7958;RONSTAR FL;49;;;;;;;;
TV;8;7961;RIZOLEX  GOLD;127;;;;;;;;
TV;8;7963;RIZOLEX 50 PB;12;;;;;;;;
TV;8;7965;TRIGARD 75 WP;6,75;;;;;;;;
TV;8;7984;STRATOS;653;;;;;;;;
TV;8;7998;PRIMOSOL 80 WDG;280;;;;;;;;
TV;8;8001;AGRO-PYR;0,04;;;;;;;;
TV;8;8028;CALARIS;1;;;;;;;;
TV;8;8054;METIS ECHO;34;;;;;;;;
TV;8;8102;MERPAN 80 WDG;82;;;;;;;;
TV;8;8111;GEOPYR;12;;;;;;;;
TV;8;8117;BASTA 200;2410;;;;;;;;
TV;8;8146;GALLERY;48;;;;;;;;
TV;8;8159;CLICK COMBI;165;;;;;;;;
TV;8;8184;CHALLENGE;24;;;;;;;;
TV;8;8189;FORCE;22090;;;;;;;;
TV;8;8201;GLISTER;2985;;;;;;;;
TV;8;8207;LONTREL 75 G;1,4;;;;;;;;
TV;8;8229;RAPAX;67,9;;;;;;;;
TV;8;8290;WOXA WG;0,9;;;;;;;;
TV;8;8376;ARIANE II;396;;;;;;;;
TV;8;8382;ROUNDUP BIOFLOW;184;;;;;;;;
TV;8;8429;GLYFOS SL;283;;;;;;;;
TV;8;8465;OLIOVIT;2,75;;;;;;;;
TV;8;8498;FOLICUR WG;160;;;;;;;;
TV;8;8499;EFESTO;2023;;;;;;;;
TV;8;8528;FEINZIN 35 DF;106,25;;;;;;;;
TV;8;8534;CITROLE;11;;;;;;;;
TV;8;8540;PAMPA/GHIBLI;219;;;;;;;;
TV;8;8542;FORUM 50 WP;1714,7;;;;;;;;
TV;8;8547;LOGRAN;3,96;;;;;;;;
TV;8;8558;PIRETRO VERDE;5,18;;;;;;;;
TV;8;8565;ROUNDUP RTU;2;;;;;;;;
TV;8;8601;FOLPAN 80 WDG;3878;;;;;;;;
TV;8;8606;VITENE;1;;;;;;;;
TV;8;8646;ACTIVUS EC/PANDA;120;;;;;;;;
TV;8;8649;PIRIDANE 480;50;;;;;;;;
TV;8;8656;GLIFENE HP;138;;;;;;;;
TV;8;8706;AMID THIN W;5;;;;;;;;
TV;8;8721;NEXTER;60;;;;;;;;
TV;8;8726;OVISPRAY;8;;;;;;;;
TV;8;8729;FORUM R;238;;;;;;;;
TV;8;8731;ACROBAT R;791;;;;;;;;
TV;8;8735;TREBON UP;209,33;;;;;;;;
TV;8;8742;INDAR 5EW;84;;;;;;;;
TV;8;8743;GREENEX;226,2;;;;;;;;
TV;8;8792;DOMARK 4 EC;1;;;;;;;;
TV;8;8795;VERTIMEC EC;198,75;;;;;;;;
TV;8;8797;BINAL PRO/EMINENT COMBI;24;;;;;;;;
TV;8;8801;SCORE 25 EC;86,28;;;;;;;;
TV;8;8803;DOMARK COMBI PB;36;;;;;;;;
TV;8;8836;MIMIC;4;;;;;;;;
TV;8;8837;GERMON BEWURZELUNGSPUDER PER TALEE ERBACEE;0,07;;;;;;;;
TV;8;8838;GERMON BEWURZELUNGSPUDER PER TALEE LEGNOSE;0,01;;;;;;;;
TV;8;8841;CYREN 7,5 G;248,5;;;;;;;;
TV;8;8843;NISSHIN;957;;;;;;;;
TV;8;8859;MASTIFF;2418;;;;;;;;
TV;8;8882;ULTRA FINE OIL;95;;;;;;;;
TV;8;8888;PRIDE ULTRA;8;;;;;;;;
TV;8;8900;ZOLFO VENTILATO RAMATO 3%;100;;;;;;;;
TV;8;8909;FUNGIMAN COMBI;10;;;;;;;;
TV;8;8929;TOPIK 240 EC;0,25;;;;;;;;
TV;8;8933;SOLEAS;9;;;;;;;;
TV;8;8934;SCALA;199,4;;;;;;;;
TV;8;8937;MASAI 20 WP;7;;;;;;;;
TV;8;8984;GLIPHOGAN TOP MK;205;;;;;;;;
TV;8;8987;CONFIDOR 200 SL;70,08;;;;;;;;
TV;8;9005;AGIL;498;;;;;;;;
TV;8;9010;RAMEZIN COMBI WG;809;;;;;;;;
TV;8;9012;CUPROCAFFARO MICRO;2762;;;;;;;;
TV;8;9036;ACTIVUS;1,55;;;;;;;;
TV;8;9038;OPINION;20,2;;;;;;;;
TV;8;9126;CONCORDE COMBI;916;;;;;;;;
TV;8;9131;PYRINEX ME;730;;;;;;;;
TV;8;9148;SYLLIT 355 SC;71,5;;;;;;;;
TV;8;9153;CYREN 44 EC;50;;;;;;;;
TV;8;9180;STROBY WG;1,2;;;;;;;;
TV;8;9210;QUADRIS;33;;;;;;;;
TV;8;9212;EXICA;0,5;;;;;;;;
TV;8;9286;OHAYO;23;;;;;;;;
TV;8;9342;DELTRIN;26;;;;;;;;
TV;8;9371;PEAK;0,14;;;;;;;;
TV;8;9374;MATCH TOP;3;;;;;;;;
TV;8;9400;GLIFOGAN PRONTO;1;;;;;;;;
TV;8;9404;TETRAPLUS COMBI EC;8;;;;;;;;
TV;8;9422;EVADE;895,7;;;;;;;;
TV;8;9441;ORTIDOR;3,75;;;;;;;;
TV;8;9443;ENDOGERME;21,84;;;;;;;;
TV;8;9449;EMERALD COMBI;620;;;;;;;;
TV;8;9463;KLARO KIT;6;;;;;;;;
TV;8;9478;PIRET;0,22;;;;;;;;
TV;8;9509;PROMALIN NT;8;;;;;;;;
TV;8;9575;DRIBBLING 240 EC;13;;;;;;;;
TV;8;9578;SWITCH;1176;;;;;;;;
TV;8;9602;GLIFOSAR;77;;;;;;;;
TV;8;9612;OSSICLOR 30;533;;;;;;;;
TV;8;9636;OSSIRAM COMBI WP;50;;;;;;;;
TV;8;9668;RUFAST E-FLO;90,05;;;;;;;;
TV;8;9675;PANTOX 360;71;;;;;;;;
TV;8;9678;M70 DF;55;;;;;;;;
TV;8;9679;KRISTAL 32 WG;3;;;;;;;;
TV;8;9693;SPORTAK 45 EW;8;;;;;;;;
TV;8;9705;PREVITER;743,55;;;;;;;;
TV;8;9726;GLIFOSAN;2;;;;;;;;
TV;8;9730;CUPROSSIL IDRO 25 WP BLU;92;;;;;;;;
TV;8;9747;FURY;39,3;;;;;;;;
TV;8;9758;COPRANTOL WG;1383;;;;;;;;
TV;8;9767;NUFOS 7,5 G;45;;;;;;;;
TV;8;9787;MICROBAGNABILE WG;1448;;;;;;;;
TV;8;9800;MAVRIK 20 EW;16,73;;;;;;;;
TV;8;9802;COPRANTOL HI BIO;6667;;;;;;;;
TV;8;9832;TREK P;4178;;;;;;;;
TV;8;9843;BASAGRAN SG;9;;;;;;;;
TV;8;9867;4 STAGIONI;26;;;;;;;;
TV;8;9880;SOL MICRO GD;572;;;;;;;;
TV;8;9938;MASTER;0,5;;;;;;;;
TV;8;9940;ZELIG GR;846,5;;;;;;;;
TV;8;9941;BUMPER P;81,16;;;;;;;;
TV;8;9952;COLZANET;12;;;;;;;;
TV;8;9954;JOKER;2012,4;;;;;;;;
TV;8;9963;METIDANE 22;469;;;;;;;;
TV;8;9994;ARIUS SYSTEM;230;;;;;;;;
TV;8;9995;ARIUS;881,5;;;;;;;;
TV;8;10005;SCOTTS WEEDCONTROL/EVERGREEN;7,5;;;;;;;;
TV;8;10029;KING;1,62;;;;;;;;
TV;8;10048;KUMULUS TECNO;1538;;;;;;;;
TV;8;10049;DURSBAN 75 WG;719;;;;;;;;
TV;8;10057;ARPEL WDG;6;;;;;;;;
TV;8;10080;COMET SC;13;;;;;;;;
TV;8;10088;MAXIM;0,2;;;;;;;;
TV;8;10105;RIDOMIL GOLD SL;47,5;;;;;;;;
TV;8;10116;VAPOR GARD;21;;;;;;;;
TV;8;10117;STRATOS ULTRA;11;;;;;;;;
TV;8;10118;AMISTAR;154;;;;;;;;
TV;8;10127;DECIS JET;100,5;;;;;;;;
TV;8;10141;SOFREVAL 80 MICRO;400;;;;;;;;
TV;8;10154;BORDOFLOW SECTOR;19;;;;;;;;
TV;8;10158;PIREFLOR;7,75;;;;;;;;
TV;8;10161;ORTIVA;138,1;;;;;;;;
TV;8;10174;KASKO MZ;19;;;;;;;;
TV;8;10183;GARLON EV;21,8;;;;;;;;
TV;8;10184;TIMBREL EV;5,2;;;;;;;;
TV;8;10185;ZERGAN EV;14;;;;;;;;
TV;8;10236;SLOGAN R;1639;;;;;;;;
TV;8;10267;OROVIT R 4-38;30;;;;;;;;
TV;8;10272;CEREXIL M DG;1178;;;;;;;;
TV;8;10275;STELLA E 10;6,7;;;;;;;;
TV;8;10285;TOMAHAWK;31;;;;;;;;
TV;8;10296;IPERION;5107;;;;;;;;
TV;8;10297;SINIS 35 WG;108,5;;;;;;;;
TV;8;10305;OIKOS;386,04;;;;;;;;
TV;8;10306;MISTRAL;102;;;;;;;;
TV;8;10327;MADEX;11;;;;;;;;
TV;8;10329;FORUM MZ WG;1325;;;;;;;;
TV;8;10350;BLAST SG;21;;;;;;;;
TV;8;10357;RIGRON SG;18;;;;;;;;
TV;8;10372;RASIKAL QUICK;276,2;;;;;;;;
TV;8;10373;CONTEST;31;;;;;;;;
TV;8;10378;FLARE GOLD G;45;;;;;;;;
TV;8;10404;CLINIC 360 SL;3163;;;;;;;;
TV;8;10415;ARIC 480 LS;3,5;;;;;;;;
TV;8;10423;LUMACHICIDA VEBI;2266,25;;;;;;;;
TV;8;10424;VEBIGLYF;45,75;;;;;;;;
TV;8;10425;SCUDEX;306,12;;;;;;;;
TV;8;10426;PROTIL EC;82;;;;;;;;
TV;8;10439;SPRAY DUNGER GLOBAL;16;;;;;;;;
TV;8;10447;NOVEL DUO;159;;;;;;;;
TV;8;10456;KLARO ULTRA;37;;;;;;;;
TV;8;10461;DICOTURF;3;;;;;;;;
TV;8;10465;ROUNDUP MAX;120;;;;;;;;
TV;8;10479;NATURALIS;98;;;;;;;;
TV;8;10492;VEBIZOLFO FLOW;2,5;;;;;;;;
TV;8;10494;PREMIUM TOP;237,25;;;;;;;;
TV;8;10504;KELLY WG;526;;;;;;;;
TV;8;10509;MASTIFF ULTRA;10;;;;;;;;
TV;8;10552;THIOCUR ZOLFO;3;;;;;;;;
TV;8;10560;PIRETRO NATURA;3;;;;;;;;
TV;8;10563;SWEEL WDG;887;;;;;;;;
TV;8;10565;DICOTIL EXTRA;209,6;;;;;;;;
TV;8;10568;ZOOMER;1346;;;;;;;;
TV;8;10573;KOCIDE 2000;6500;;;;;;;;
TV;8;10579;CARSON COP;260;;;;;;;;
TV;8;10584;SHAMAL MK PLUS;40;;;;;;;;
TV;8;10585;SULCOTREK;384;;;;;;;;
TV;8;10587;FOLPAN SC;40;;;;;;;;
TV;8;10588;BIOPIREN PLUS;160;;;;;;;;
TV;8;10604;EMERALD 40 EW/DOMARK 40 EW;239;;;;;;;;
TV;8;10627;FRUPICA;17;;;;;;;;
TV;8;10632;COBRE NORDOX SUPER 75 WG;22;;;;;;;;
TV;8;10638;MANCOZEB MANICA 75 WG;143;;;;;;;;
TV;8;10690;FUNGIBEN COMBI;100;;;;;;;;
TV;8;10701;CUMETA FLOW;1096;;;;;;;;
TV;8;10734;DUAL GOLD;3485;;;;;;;;
TV;8;10735;PRIMAGRAM GOLD;16607;;;;;;;;
TV;8;10741;METACINQUE;6;;;;;;;;
TV;8;10752;STEWARD;156,5;;;;;;;;
TV;8;10753;FOLICUR SE;245,25;;;;;;;;
TV;8;10771;MOST MICRO;244,5;;;;;;;;
TV;8;10780;LUMABLOC;3;;;;;;;;
TV;8;10784;FENICRIT;4,8;;;;;;;;
TV;8;10794;SEPRALIM - G;120;;;;;;;;
TV;8;10816;PIRETRO GARDEN;11,25;;;;;;;;
TV;8;10878;PANESCA;11;;;;;;;;
TV;8;10897;AMEGA PLUS;365;;;;;;;;
TV;8;10926;ALTOREX;163;;;;;;;;
TV;8;10929;CHIKARA 25 WG;18,85;;;;;;;;
TV;8;10939;CP 40 AGRO;105;;;;;;;;
TV;8;10944;KARATE ZEON;74,5;;;;;;;;
TV;8;10973;PYRINEX PRONTO;6;;;;;;;;
TV;8;10976;METEOR;285,09;;;;;;;;
TV;8;10986;KASKO R;435;;;;;;;;
TV;8;10998;RASIKAL ULTRA;6;;;;;;;;
TV;8;11011;DASH HC;678;;;;;;;;
TV;8;11013;CIOPPER;37,5;;;;;;;;
TV;8;11030;PRIMO MAXX;3;;;;;;;;
TV;8;11040;POLTIGLIA BORDOLESE DISPERSS BLU;670;;;;;;;;
TV;8;11041;FOLMAK COMBI;177;;;;;;;;
TV;8;11045;DODIPREV 35;20,25;;;;;;;;
TV;8;11047;DICOPLUS;16;;;;;;;;
TV;8;11062;BION 50 WG;33;;;;;;;;
TV;8;11072;WIND;5;;;;;;;;
TV;8;11098;CADDY;4,25;;;;;;;;
TV;8;11102;HELIOSOUFRE S;536,1;;;;;;;;
TV;8;11106;MANFIL 75 WG;200;;;;;;;;
TV;8;11107;ECO-TRAP;1;;;;;;;;
TV;8;11119;FLINT;66,3;;;;;;;;
TV;8;11127;HOPPER BLU;20;;;;;;;;
TV;8;11130;DISERBOFACILE;12,5;;;;;;;;
TV;8;11133;SHELTER;189;;;;;;;;
TV;8;11145;KREIS;4;;;;;;;;
TV;8;11157;PROPYDOR;11;;;;;;;;
TV;8;11173;AVAUNT EC;545,25;;;;;;;;
TV;8;11186;CUTIS;0,52;;;;;;;;
TV;8;11190;PENCOR 10 EC;3;;;;;;;;
TV;8;11197;VITENE 45 WG;0,5;;;;;;;;
TV;8;11204;RIZOSOL 50;6;;;;;;;;
TV;8;11206;CODACIDE;1051,5;;;;;;;;
TV;8;11223;GALIGAN 500 SC;4;;;;;;;;
TV;8;11243;LEOPARD 5 EC;189,5;;;;;;;;
TV;8;11252;CONTANS WG;13,4;;;;;;;;
TV;8;11253;CALLISTO;958;;;;;;;;
TV;8;11257;COSTAR WG;14,25;;;;;;;;
TV;8;11290;BORDO 20;10;;;;;;;;
TV;8;11303;CHAMP DP;660;;;;;;;;
TV;8;11310;CHIMIGOR 20;129;;;;;;;;
TV;8;11313;PROXAN SL;6;;;;;;;;
TV;8;11341;STARANE GOLD;658;;;;;;;;
TV;8;11345;ZOLVIS 80 WDG;2727;;;;;;;;
TV;8;11353;FUSILADE MAX;33;;;;;;;;
TV;8;11359;SARCAP 800;5;;;;;;;;
TV;8;11360;GRIP 25;21;;;;;;;;
TV;8;11374;BAGNANTE AGN L;3;;;;;;;;
TV;8;11382;GARDENE PLUS;214;;;;;;;;
TV;8;11393;BEETLE;14;;;;;;;;
TV;8;11396;WIRK;1;;;;;;;;
TV;8;11400;ADINA 10;0,08;;;;;;;;
TV;8;11403;MELODY COMPACT;329;;;;;;;;
TV;8;11416;OVIPRON TOP;82;;;;;;;;
TV;8;11448;KICKER;5;;;;;;;;
TV;8;11449;GARDOPRIM GOLD;2110;;;;;;;;
TV;8;11497;CRITTOVIT WG;1458;;;;;;;;
TV;8;11499;BUSTER;8,2;;;;;;;;
TV;8;11505;READY GERMIPLUS;630;;;;;;;;
TV;8;11523;SEPRADINA SC;33,5;;;;;;;;
TV;8;11525;FUNGIDINA;45,5;;;;;;;;
TV;8;11526;SULTAN;73;;;;;;;;
TV;8;11527;PYRINEX QUICK;464,32;;;;;;;;
TV;8;11533;TOP-GUN;4;;;;;;;;
TV;8;11560;REGALIS;21;;;;;;;;
TV;8;11561;NEEMAZAL T/S;137,61;;;;;;;;
TV;8;11566;ZOLFO 80 WP;24;;;;;;;;
TV;8;11569;CUPROXAT S.D.I.;1371;;;;;;;;
TV;8;11586;TOP-AGAN;381;;;;;;;;
TV;8;11587;CAMBEL S;381;;;;;;;;
TV;8;11596;CALYPSO;13;;;;;;;;
TV;8;11600;CRUISER 350 FS;6;;;;;;;;
TV;8;11603;CLEANER 22;60;;;;;;;;
TV;8;11611;VYDATE 10L;35;;;;;;;;
TV;8;11614;ACTARA 25 WG;488,38;;;;;;;;
TV;8;11619;TIOFLOR WDG;3081;;;;;;;;
TV;8;11626;PITSTOP;106,5;;;;;;;;
TV;8;11637;CUPROFIX C DISPERSS;1160;;;;;;;;
TV;8;11638;FLUORATE;461;;;;;;;;
TV;8;11642;PIKAR;21,25;;;;;;;;
TV;8;11649;COMMAND 36 CS;438,75;;;;;;;;
TV;8;11653;FOLIO GOLD 537,5 SC;106;;;;;;;;
TV;8;11659;HERBITOTAL S;55;;;;;;;;
TV;8;11660;SHOGUN;209;;;;;;;;
TV;8;11668;PLENUM 50 WG;12,6;;;;;;;;
TV;8;11690;GOAL 480 SC;34,5;;;;;;;;
TV;8;11693;LASER;94,55;;;;;;;;
TV;8;11698;MINUET;23,9;;;;;;;;
TV;8;11700;BOTANIGARD 22 WP;0,15;;;;;;;;
TV;8;11701;BOTANIGARD SE;8;;;;;;;;
TV;8;11704;OLIO OGNISTAGIONE;121,75;;;;;;;;
TV;8;11710;GARDIUS;23,75;;;;;;;;
TV;8;11711;DUKE IDROSSIDO;1742;;;;;;;;
TV;8;11730;COSMOTRIN;2,8;;;;;;;;
TV;8;11735;DELICIA CONTRA-LUMACHE;7;;;;;;;;
TV;8;11760;POLITHIOL;260;;;;;;;;
TV;8;11779;KOP-TWIN;15;;;;;;;;
TV;8;11786;AQ 10 WG;2,63;;;;;;;;
TV;8;11791;CLEAN-UP;42;;;;;;;;
TV;8;11793;XENTARI;4,5;;;;;;;;
TV;8;11796;GLIFAST;7;;;;;;;;
TV;8;11814;SPADA 200 EC;691,2;;;;;;;;
TV;8;11815;SHARK;20;;;;;;;;
TV;8;11821;WEEDAZOL TL;55;;;;;;;;
TV;8;11838;RAGNOSTOP 10WP;0,5;;;;;;;;
TV;8;11857;MIDAURIL COMBI;564;;;;;;;;
TV;8;11870;CUPRITAL S.D.I.;4;;;;;;;;
TV;8;11872;RIFLE 4-24 R;401;;;;;;;;
TV;8;11885;ELICIO;13;;;;;;;;
TV;8;11894;GRANEX;10,75;;;;;;;;
TV;8;11908;VENTUREX 35 L;76,78;;;;;;;;
TV;8;11921;RISCIO' 50 WP/RISCIO';30;;;;;;;;
TV;8;11944;ASPECT;48;;;;;;;;
TV;8;11954;TERMINAL DUO;1838;;;;;;;;
TV;8;11955;ACROBAT MZ WG;503;;;;;;;;
TV;8;11964;POLTIGLIA CAFFARO 20 GD;71;;;;;;;;
TV;8;11979;BORDO 20 MICRO;72,6;;;;;;;;
TV;8;12001;SARMOX R 330 WG;2;;;;;;;;
TV;8;12010;TUAREG;1016;;;;;;;;
TV;8;12020;SUCCESS;10,23;;;;;;;;
TV;8;12023;MEGIC;49,5;;;;;;;;
TV;8;12030;SNOW;95;;;;;;;;
TV;8;12037;CAMIX;1232;;;;;;;;
TV;8;12043;PREVICUR ENERGY;180,1;;;;;;;;
TV;8;12044;CURZATE SYSTEM;407,5;;;;;;;;
TV;8;12046;FITOIL;11;;;;;;;;
TV;8;12048;TIOSOL 80 WG;6754,25;;;;;;;;
TV;8;12067;CIPER;9;;;;;;;;
TV;8;12068;TEFLUSTAR;1196,6;;;;;;;;
TV;8;12069;EPIK;183,61;;;;;;;;
TV;8;12078;METALIM;735;;;;;;;;
TV;8;12083;DANADIM PROGRESS;40,95;;;;;;;;
TV;8;12084;GALEO;246,25;;;;;;;;
TV;8;12096;POLTIGLIA DISPERSS;10430;;;;;;;;
TV;8;12106;TALENDO;2;;;;;;;;
TV;8;12114;AUXIGER LG;55;;;;;;;;
TV;8;12133;JUVINAL 10 EC;13,75;;;;;;;;
TV;8;12138;R6 ERRESEI TREVI;18;;;;;;;;
TV;8;12172;FERRAMOL;1425,5;;;;;;;;
TV;8;12174;V.I.P. FLOW;236;;;;;;;;
TV;8;12192;GRANSTAR 50 SX;0,06;;;;;;;;
TV;8;12200;SILBOT R/DYMO R;163;;;;;;;;
TV;8;12202;ZEMIX R;3886;;;;;;;;
TV;8;12211;MEDOR;526,5;;;;;;;;
TV;8;12212;PENTHIUM EC;331;;;;;;;;
TV;8;12215;VEBIPHOS 7,5;240,25;;;;;;;;
TV;8;12225;TEPPEKI;93,7;;;;;;;;
TV;8;12243;MANTIR DG;811;;;;;;;;
TV;8;12245;ROUNDUP 360 POWER;3518;;;;;;;;
TV;8;12260;TECNOCONTROL EXTRA;1;;;;;;;;
TV;8;12270;UNICORN DF;260;;;;;;;;
TV;8;12279;ERBY 5 EC;0,7;;;;;;;;
TV;8;12285;FORUM GOLD;67;;;;;;;;
TV;8;12314;SCORE HOBBY;0,36;;;;;;;;
TV;8;12317;DACOL L 20;142;;;;;;;;
TV;8;12318;VIVER;262;;;;;;;;
TV;8;12320;PERSHING;4,87;;;;;;;;
TV;8;12322;SWITCH HOBBY/COMPO MUFFA STOP;1,45;;;;;;;;
TV;8;12325;MESUROL M PLUS;2184;;;;;;;;
TV;8;12330;DEDALUS SE;477,3;;;;;;;;
TV;8;12361;ALGEDI;9,6;;;;;;;;
TV;8;12374;RAIDER 3B;12;;;;;;;;
TV;8;12381;NU-FILM P;4;;;;;;;;
TV;8;12383;RIDOMIL GOLD MZ PEPITE;2956;;;;;;;;
TV;8;12393;COPPERCIM WG;2;;;;;;;;
TV;8;12437;DELAN 70 WG;576;;;;;;;;
TV;8;12452;EQUIP;37;;;;;;;;
TV;8;12453;MILDICUT;3840;;;;;;;;
TV;8;12455;DAZIDE ENHANCE;87;;;;;;;;
TV;8;12460;FINALSAN ERBICIDA PROFESSIONAL PRONTO USO;3;;;;;;;;
TV;8;12482;LUMAX;12390;;;;;;;;
TV;8;12491;CIPERTHRIN PLUS;1;;;;;;;;
TV;8;12522;METRO;282;;;;;;;;
TV;8;12526;SWAN;2,5;;;;;;;;
TV;8;12528;CABRIO TOP;32;;;;;;;;
TV;8;12529;TUCANA 25 EC;35;;;;;;;;
TV;8;12534;FOXTAIL;510,4;;;;;;;;
TV;8;12540;REGRAN SL;5;;;;;;;;
TV;8;12553;VEBIPYR;0,08;;;;;;;;
TV;8;12557;DIETOL PLUS;36;;;;;;;;
TV;8;12560;METHIOR;2;;;;;;;;
TV;8;12564;ELECTIS MZ;21;;;;;;;;
TV;8;12566;PYGANIC 1.4;71,55;;;;;;;;
TV;8;12573;EKO OIL SPRAY;50,75;;;;;;;;
TV;8;12584;AVIATOR;80;;;;;;;;
TV;8;12590;DIASTAR MAXI;400;;;;;;;;
TV;8;12622;QUANTUM;815;;;;;;;;
TV;8;12625;EFUZIN 355 SC/FULLDINA 35 FL;40;;;;;;;;
TV;8;12627;DANADIM 400;17;;;;;;;;
TV;8;12628;SERENADE MAX;423;;;;;;;;
TV;8;12629;BUGGY 360 SG N.E.T.;11,9;;;;;;;;
TV;8;12636;QUASAR 6/24 R;3155;;;;;;;;
TV;8;12647;GLITTER;607;;;;;;;;
TV;8;12650;NUPRID 200 SL;16,47;;;;;;;;
TV;8;12661;SCUDEX WDG;1;;;;;;;;
TV;8;12671;HARMONY 50 SX;86,53;;;;;;;;
TV;8;12686;CHAMAN;137;;;;;;;;
TV;8;12696;TEBUZOL S DISPERSS;1570;;;;;;;;
TV;8;12710;CALIPER-EC;2;;;;;;;;
TV;8;12714;KELLY R DF;40;;;;;;;;
TV;8;12722;OSSICLOR 20 FLOW;17;;;;;;;;
TV;8;12723;OSSICLOR 20 BLU FLOW;53,25;;;;;;;;
TV;8;12734;JUPITER R DF;1218;;;;;;;;
TV;8;12737;AIRONE PIU';1300;;;;;;;;
TV;8;12738;KING 360 HP;375;;;;;;;;
TV;8;12741;GEMINISTAR;2;;;;;;;;
TV;8;12747;CUPRAVIT BLU WG;33,6;;;;;;;;
TV;8;12748;GRIFON PIU';1490;;;;;;;;
TV;8;12756;DICOTEX;97,6;;;;;;;;
TV;8;12759;OSSICLOR 35 WG;2934;;;;;;;;
TV;8;12768;SPINTOR FLY;262,25;;;;;;;;
TV;8;12770;ALAR 85 GOLD;649;;;;;;;;
TV;8;12779;RAMEDIT COMBI WG;902;;;;;;;;
TV;8;12784;FARO WG;92;;;;;;;;
TV;8;12806;FEDOR;10;;;;;;;;
TV;8;12808;GLOBAL SC;0,5;;;;;;;;
TV;8;12813;AMISTAR XTRA;40;;;;;;;;
TV;8;12824;MERLIN EXPERT;104;;;;;;;;
TV;8;12827;PREMIER ZR/ELECTIS R;20;;;;;;;;
TV;8;12828;SITOFEX;10;;;;;;;;
TV;8;12832;OPERA;36;;;;;;;;
TV;8;12837;ARIUS SYSTEM PLUS;2518;;;;;;;;
TV;8;12847;EAGLE;5;;;;;;;;
TV;8;12849;BENPROP PRO/GEMINI;2;;;;;;;;
TV;8;12853;SONG;7,5;;;;;;;;
TV;8;12858;PRODIGY;12;;;;;;;;
TV;8;12859;BORNEO;23,89;;;;;;;;
TV;8;12862;CANTUS;315;;;;;;;;
TV;8;12863;FLORAMITE 240 SC;38;;;;;;;;
TV;8;12866;COLLIS;1;;;;;;;;
TV;8;12868;BELLIS;12;;;;;;;;
TV;8;12869;SIGNUM;462;;;;;;;;
TV;8;12878;RIDOMIL GOLD COMBI PEPITE;5533;;;;;;;;
TV;8;12883;PROSPER 300 CS;2193;;;;;;;;
TV;8;12884;BATAM;3;;;;;;;;
TV;8;12886;KARATHANE STAR;147;;;;;;;;
TV;8;12888;LEPINOX PLUS;78;;;;;;;;
TV;8;12889;PICKER SC;0,2;;;;;;;;
TV;8;12903;DOLESE WG;12;;;;;;;;
TV;8;12910;DRIBBLING;4;;;;;;;;
TV;8;12916;CYMONE 25 WP;262;;;;;;;;
TV;8;12918;CALYPSO GARDEN PROTECTOR PPO;8,8;;;;;;;;
TV;8;12924;JUPITER WG;1502;;;;;;;;
TV;8;12931;FUNGI MZ DF;10;;;;;;;;
TV;8;12933;MOXYL 20 WP;276;;;;;;;;
TV;8;12940;KARATE ZEON 1.5;467;;;;;;;;
TV;8;12973;GLYFOS RAPID;61;;;;;;;;
TV;8;12992;BAGNANTE PLUS;31;;;;;;;;
TV;8;13001;MAICOL 240;5;;;;;;;;
TV;8;13005;PROMAG;2,3;;;;;;;;
TV;8;13018;GONDOR;5;;;;;;;;
TV;8;13020;MICRORAM 35 WG;52;;;;;;;;
TV;8;13026;SUSCON;434,18;;;;;;;;
TV;8;13039;POTCLEAN 2G;877;;;;;;;;
TV;8;13045;CALYPSO PROTECTOR AL;434;;;;;;;;
TV;8;13046;SWING;9;;;;;;;;
TV;8;13049;SULCOGAN;74;;;;;;;;
TV;8;13055;MACHO;10;;;;;;;;
TV;8;13058;OSSIRAM 20 FLOW;11;;;;;;;;
TV;8;13064;VITENE ULTRA SC;253;;;;;;;;
TV;8;13065;DOMARK 125;108,25;;;;;;;;
TV;8;13072;MANNIX;1;;;;;;;;
TV;8;13083;CURZATE EFFE;80;;;;;;;;
TV;8;13084;TELDOR PLUS;745,6;;;;;;;;
TV;8;13093;STOMP AQUA;1578;;;;;;;;
TV;8;13098;ROUNDUP POWER 2.0;356;;;;;;;;
TV;8;13107;BINAL CB;127;;;;;;;;
TV;8;13108;CURAME BORDEAUX;66;;;;;;;;
TV;8;13111;THIOCUR FORTE;1967,24;;;;;;;;
TV;8;13126;CABRIO DUO;15;;;;;;;;
TV;8;13129;BREAK-THRU S240;2;;;;;;;;
TV;8;13131;PROPY PRONTO;32;;;;;;;;
TV;8;13133;NIBER 35 WG;294,5;;;;;;;;
TV;8;13143;MEZENE WG;42;;;;;;;;
TV;8;13149;POLTIGLIA MANICA 20 WG;3093;;;;;;;;
TV;8;13150;CURAME 35 WG;190;;;;;;;;
TV;8;13158;REMEDIER;266;;;;;;;;
TV;8;13160;FORUM TOP;1505;;;;;;;;
TV;8;13167;POMARSOL 80 WG;291;;;;;;;;
TV;8;13168;LAUDIS;388;;;;;;;;
TV;8;13172;CREW 40 OD;50;;;;;;;;
TV;8;13178;AZUL MZ 75 WG;50;;;;;;;;
TV;8;13180;AZUL MZ 80 WP;20;;;;;;;;
TV;8;13185;SIATTOL;45,75;;;;;;;;
TV;8;13186;TITUS MAIS EXTRA;40,36;;;;;;;;
TV;8;13201;FOLICUR AE;3,6;;;;;;;;
TV;8;13205;ZOLFO MANICA SCORREVOLE DOPPIO RAFFINATO;4571;;;;;;;;
TV;8;13212;CONFIDOR 200 O-TEQ;47,73;;;;;;;;
TV;8;13213;R6 ERRESEI ALBIS;8284;;;;;;;;
TV;8;13214;ZOLFO RAMATO 3;250;;;;;;;;
TV;8;13215;COMPO FAZILO PRONTO USO;50,25;;;;;;;;
TV;8;13218;FINALSAN PLUS;660;;;;;;;;
TV;8;13222;DUOKAR 4,5 EW PRO;20;;;;;;;;
TV;8;13227;FUNGURAN-OH 250 SC;238;;;;;;;;
TV;8;13236;BULLET;1582;;;;;;;;
TV;8;13238;TOPAZIO;4;;;;;;;;
TV;8;13242;NICOGAN V.O.;319;;;;;;;;
TV;8;13244;ZOLFO VENTILATO STELLA;10;;;;;;;;
TV;8;13249;ZOLFO VENTILATO STELLA RAMATO S;1470;;;;;;;;
TV;8;13250;ZOLFO VENTILATO STELLA RAMATO B;10;;;;;;;;
TV;8;13253;PLAYER SC;272;;;;;;;;
TV;8;13255;PLAYER GR;846;;;;;;;;
TV;8;13261;VERDERAME 20 DF;100;;;;;;;;
TV;8;13263;BORDORAM 20 WG;3,6;;;;;;;;
TV;8;13267;IMPERO;55;;;;;;;;
TV;8;13290;ZOLFO MANICA DOPPIO RAFFINATO VENTILATO RAMATO 3% NEW;7267;;;;;;;;
TV;8;13292;ZOLFO A.&A. F.LLI ZANUCCOLI TRIVENTILATO 93% S;50;;;;;;;;
TV;8;13296;POKER 7,5;1807;;;;;;;;
TV;8;13297;TRAPPER GR;44;;;;;;;;
TV;8;13298;QUANTUM F;135;;;;;;;;
TV;8;13299;MAGIO';1041;;;;;;;;
TV;8;13313;CASPER;122;;;;;;;;
TV;8;13323;SULFY 80 WDG;4,4;;;;;;;;
TV;8;13324;CUPRIZOL S;30;;;;;;;;
TV;8;13327;GRANSTAR ULTRA SX;118,55;;;;;;;;
TV;8;13329;OMNEX 10 EC;79;;;;;;;;
TV;8;13350;TAU AL;144;;;;;;;;
TV;8;13352;DIREX 7,5 GR;165;;;;;;;;
TV;8;13355;TRONE;72;;;;;;;;
TV;8;13361;DECIS ENERGY O-TEQ;17,34;;;;;;;;
TV;8;13365;ZOLFO DOPPIO VENTILATO SCORREVOLE 95% S ZOLFINDUSTRIA;5576;;;;;;;;
TV;8;13370;WARRANT 200 SL;33,25;;;;;;;;
TV;8;13375;NUPRID 200 SC;23,25;;;;;;;;
TV;8;13382;PERGADO SC;923,5;;;;;;;;
TV;8;13386;PROSARO;6;;;;;;;;
TV;8;13387;FLORAMIX;12,72;;;;;;;;
TV;8;13389;AFFIRM;252;;;;;;;;
TV;8;13390;TEBUSIP 46;659;;;;;;;;
TV;8;13403;GLOXY;9;;;;;;;;
TV;8;13409;SILFUR WG;2;;;;;;;;
TV;8;13410;FRUTTENE 76 WG;137;;;;;;;;
TV;8;13417;HERCULES;3;;;;;;;;
TV;8;13440;SATEL;5,1;;;;;;;;
TV;8;13455;ANTIGRAM GOLD;1136;;;;;;;;
TV;8;13458;ZARADO;34;;;;;;;;
TV;8;13466;SPOTLIGHT PLUS;114;;;;;;;;
TV;8;13468;CLINER;9,2;;;;;;;;
TV;8;13477;APHID/ZORRO;1,75;;;;;;;;
TV;8;13489;CYMBAL;141,5;;;;;;;;
TV;8;13505;CLICK DUO;280;;;;;;;;
TV;8;13521;HELIOCUIVRE S;654;;;;;;;;
TV;8;13540;QUASAR R FLOW;97,75;;;;;;;;
TV;8;13542;FANTIC M NC;20;;;;;;;;
TV;8;13546;FLARE GOLD MZ PEPITE;660;;;;;;;;
TV;8;13560;FORZA;28;;;;;;;;
TV;8;13565;PASTA ISAGRO BLU;167;;;;;;;;
TV;8;13576;RAMEPLANT WG;58,8;;;;;;;;
TV;8;13578;RAME CAFFARO BLU WG NEW;206;;;;;;;;
TV;8;13579;COPPER 12;43,25;;;;;;;;
TV;8;13585;SOLOFOL;200;;;;;;;;
TV;8;13586;VERDERAME 20 WG;28,8;;;;;;;;
TV;8;13592;VOLARE;12;;;;;;;;
TV;8;13600;ZOLFO S.A.I.M. DOPPIO VENTILATO SCORREVOLE 95% MARCA FLORISTELLA;5120;;;;;;;;
TV;8;13604;ZOLFO S.A.I.M. RAFFINATO DOPPIO VENTILATO RAMATO 5%;4235;;;;;;;;
TV;8;13607;NOBIL;1,5;;;;;;;;
TV;8;13610;CLINIC SPECTRUM;21;;;;;;;;
TV;8;13613;LEON 200 SL;3;;;;;;;;
TV;8;13635;POLTIGLIA 20 PB MANICA;2133;;;;;;;;
TV;8;13637;PERGADO F;490;;;;;;;;
TV;8;13639;ACRAMITE 480 SC;0,7;;;;;;;;
TV;8;13640;IMPRINT;73;;;;;;;;
TV;8;13648;SIARAM 20 WG;1848;;;;;;;;
TV;8;13651;SPECTRO;24,6;;;;;;;;
TV;8;13667;AFIDANE 200 SL;21,25;;;;;;;;
TV;8;13683;COMPO DUAXO PRONTO USO;65,25;;;;;;;;
TV;8;13687;BURT;48;;;;;;;;
TV;8;13689;FLINT MAX;16,5;;;;;;;;
TV;8;13698;VIVANDO;359,25;;;;;;;;
TV;8;13702;GEOTOX 7,5 C;1339;;;;;;;;
TV;8;13711;QUIZA 5 EC;13,2;;;;;;;;
TV;8;13719;THIAMON 80 PLUS;3625;;;;;;;;
TV;8;13721;AFIDINA QUICK;144,8;;;;;;;;
TV;8;13731;MANNIX EC;2;;;;;;;;
TV;8;13736;TRACE;0,75;;;;;;;;
TV;8;13742;PERGADO MZ;450;;;;;;;;
TV;8;13743;KUKAR 22;468;;;;;;;;
TV;8;13760;ORYTIS EW;0,3;;;;;;;;
TV;8;13771;NIMROD 250 EW;93;;;;;;;;
TV;8;13785;QUANTUM MZ;1742;;;;;;;;
TV;8;13786;QUANTUM R;2576,5;;;;;;;;
TV;8;13791;GEATER-STAR;16,5;;;;;;;;
TV;8;13792;STABILAN;95;;;;;;;;
TV;8;13793;RUNNER M;32;;;;;;;;
TV;8;13794;SPADA WDG;22,75;;;;;;;;
TV;8;13812;NOTO 40 OD;391;;;;;;;;
TV;8;13815;TUTOR 18-15;398;;;;;;;;
TV;8;13817;ALIAL WG;160;;;;;;;;
TV;8;13818;ALIAL TRIPLE WP;10;;;;;;;;
TV;8;13820;BAYTEROID 25 EC;17;;;;;;;;
TV;8;13823;ALVERDE;1,78;;;;;;;;
TV;8;13849;WARRANT 5 GR;20;;;;;;;;
TV;8;13857;CRODIX GEO/MINUET GEO;951,5;;;;;;;;
TV;8;13858;MEDIATOR EXTRA SL;9,35;;;;;;;;
TV;8;13872;NANDO 500 SC;2,5;;;;;;;;
TV;8;13876;APACHE;160;;;;;;;;
TV;8;13877;KITT PRONTO;2;;;;;;;;
TV;8;13883;REBEX;11;;;;;;;;
TV;8;13888;FANTIC F NC WG;563;;;;;;;;
TV;8;13900;PRORAM HI TECH;62;;;;;;;;
TV;8;13905;BANJO;47;;;;;;;;
TV;8;13908;BORDO ISAGRO WG;674;;;;;;;;
TV;8;13926;SPONSOR;3,5;;;;;;;;
TV;8;13927;ZAMIR 18;23,5;;;;;;;;
TV;8;13928;DYNAMEC EC;6;;;;;;;;
TV;8;13929;RAIDER HI TECH;176;;;;;;;;
TV;8;13955;MITIGREEN;733;;;;;;;;
TV;8;13981;CORAGEN;183,3;;;;;;;;
TV;8;13998;PYRUS 400 SC;19,22;;;;;;;;
TV;8;14018;BASIC;291;;;;;;;;
TV;8;14020;LIDAL;75;;;;;;;;
TV;8;14021;BREK DUO;45;;;;;;;;
TV;8;14023;SUPPORT 10EC;103;;;;;;;;
TV;8;14024;PERFIL 10 WP;27;;;;;;;;
TV;8;14034;CURENOX TOP MICRO;72,6;;;;;;;;
TV;8;14042;SUPRAFOS EC;30;;;;;;;;
TV;8;14052;PRODEO 80 WG;25;;;;;;;;
TV;8;14056;RODIBAIT;56,8;;;;;;;;
TV;8;14058;FEINZIN 70 DF;267,75;;;;;;;;
TV;8;14062;ZOXIUM 240 SC;1890,4;;;;;;;;
TV;8;14076;CYPRUS 25 DF;13,8;;;;;;;;
TV;8;14077;CHAMP 20 DF;792;;;;;;;;
TV;8;14092;AGRORAT B;61,25;;;;;;;;
TV;8;14098;CRITTOX GD 75;170;;;;;;;;
TV;8;14099;ASPOR WDG;30;;;;;;;;
TV;8;14100;KANEMITE;9;;;;;;;;
TV;8;14102;BORDOFLOW NEW;1120;;;;;;;;
TV;8;14123;ZETARAM NEW TECH;1405;;;;;;;;
TV;8;14127;MEVAXIL COBRE;27;;;;;;;;
TV;8;14128;ZIGNAL;129;;;;;;;;
TV;8;14136;OBERON;26;;;;;;;;
TV;8;14137;ALTACOR;5,6;;;;;;;;
TV;8;14154;PIRETRO ACTIGREEN;6,65;;;;;;;;
TV;8;14156;CURZATE R WG;3123;;;;;;;;
TV;8;14163;SARMOX 440 WG;346;;;;;;;;
TV;8;14164;TRIKA ZETA;1630;;;;;;;;
TV;8;14165;NANDO MAXI;12;;;;;;;;
TV;8;14169;PERGADO R;2505;;;;;;;;
TV;8;14178;TRI-BASE;274,15;;;;;;;;
TV;8;14182;ARES 25 WG;10;;;;;;;;
TV;8;14193;SARMOX 45 DG;113;;;;;;;;
TV;8;14208;CLOPIR CE;4;;;;;;;;
TV;8;14237;NOTO OD;37;;;;;;;;
TV;8;14240;PYR PRONTO;11,25;;;;;;;;
TV;8;14248;CLOR QUICK;5,05;;;;;;;;
TV;8;14254;BILO 7,5 C;19;;;;;;;;
TV;8;14262;GREENEX NF;1,8;;;;;;;;
TV;8;14283;FLUOROX;0,05;;;;;;;;
TV;8;14290;KOHINOR 200 SL;657;;;;;;;;
TV;8;14333;DIMILIN SC-15;139;;;;;;;;
TV;8;14348;AGRON;1466;;;;;;;;
TV;8;14350;ZOLFO RAMATO 5;715;;;;;;;;
TV;8;14376;MASTER QUICK;15;;;;;;;;
TV;8;14381;PYRINET;8;;;;;;;;
TV;8;14387;NERVURE SUPER;126;;;;;;;;
TV;8;14392;QUID TOP;32;;;;;;;;
TV;8;14405;MERLIN FLEXX;4323;;;;;;;;
TV;8;14407;RUNWAY;169,35;;;;;;;;
TV;8;14409;MOVENTO 48 SC;102,78;;;;;;;;
TV;8;14410;FLINT MAX AL;96,75;;;;;;;;
TV;8;14418;PULSAR 40 SL;1412;;;;;;;;
TV;8;14419;TRUST SC;1,25;;;;;;;;
TV;8;14431;LENTAGRAN 45 WP;25,8;;;;;;;;
TV;8;14432;METRIC;535;;;;;;;;
TV;8;14433;QUBIC R;30;;;;;;;;
TV;8;14441;VALZER SC;56;;;;;;;;
TV;8;14461;CURIT DUO;108;;;;;;;;
TV;8;14465;TAIFUN MK;5995;;;;;;;;
TV;8;14474;TEBUSIP COMBI;303;;;;;;;;
TV;8;14488;ANTRACOL 70 WG;65;;;;;;;;
TV;8;14491;QUBIC MZ;20;;;;;;;;
TV;8;14510;ELECTIS TRIO;3038;;;;;;;;
TV;8;14514;BOOSTER;3;;;;;;;;
TV;8;14516;JAVA F;15;;;;;;;;
TV;8;14517;EMENDO F;5;;;;;;;;
TV;8;14527;SUDOKU TOP;14;;;;;;;;
TV;8;14550;HOOK 480 PLUS;49;;;;;;;;
TV;8;14573;BACTOSPEINE 32 WG;4;;;;;;;;
TV;8;14575;TRIMMER SX;0,02;;;;;;;;
TV;8;14577;FORUM R 3B;7340;;;;;;;;
TV;8;14579;RAMIN 30 DF;690;;;;;;;;
TV;8;14580;ROBO' EC;3,27;;;;;;;;
TV;8;14636;BIOLID UP;385,1;;;;;;;;
TV;8;14638;NETOR;50;;;;;;;;
TV;8;14642;RIDOMIL GOLD R WG;11283;;;;;;;;
TV;8;14643;CENTIUM 36 CS;29;;;;;;;;
TV;8;14655;VIVER WDG;70;;;;;;;;
TV;8;14664;BERELEX 40 SG;212;;;;;;;;
TV;8;14684;SUPERBO;49;;;;;;;;
TV;8;14686;KOCIDE OPTI;1625;;;;;;;;
TV;8;14697;ENERVIN DUO;4;;;;;;;;
TV;8;14724;CIP;6;;;;;;;;
TV;8;14728;CELIO;2;;;;;;;;
TV;8;14735;RANMAN TOP;2,5;;;;;;;;
TV;8;14737;ROUNDUP PLATINUM;4376;;;;;;;;
TV;8;14740;DECIS GIARDINO AL PPO;2;;;;;;;;
TV;8;14758;KARATE WITH ZEON TECHNOLOGY 1.5 HOBBY;24,06;;;;;;;;
TV;8;14764;SLUXX;15;;;;;;;;
TV;8;14765;ELUMIS;178;;;;;;;;
TV;8;14766;ACTARA 240 SC;1;;;;;;;;
TV;8;14785;DRISCOLL;47,69;;;;;;;;
TV;8;14792;MELODY TREVI;89;;;;;;;;
TV;8;14796;ATOMINAL 10 EC;3;;;;;;;;
TV;8;14799;AFLOR 200 SL;15,65;;;;;;;;
TV;8;14802;POSITRON TRIO WG/CURIT TRIO;37;;;;;;;;
TV;8;14803;ELECTIS ZR;463;;;;;;;;
TV;8;14804;COPPER - DF;118,5;;;;;;;;
TV;8;14806;LUNA PRIVILEGE;76;;;;;;;;
TV;8;14807;LUZINDO;225;;;;;;;;
TV;8;14812;ENERVIN TOP;2869;;;;;;;;
TV;8;14815;ADENGO;7089,5;;;;;;;;
TV;8;14818;ACANTO;44;;;;;;;;
TV;8;14826;PYREOS EXTRA SL;72,25;;;;;;;;
TV;8;14828;NUPRID SUPREME SC;9,25;;;;;;;;
TV;8;14837;GLIFOSAR FLASH;3721;;;;;;;;
TV;8;14850;ANTIMUSCHIO CONCENTRATO PROFESSIONAL;5;;;;;;;;
TV;8;14868;IDROX 22 NEW;15;;;;;;;;
TV;8;14870;ASSORAM ELITE WG;884;;;;;;;;
TV;8;14872;BELLIS DRUPACEE;10;;;;;;;;
TV;8;14876;GRANDSTAND;18,25;;;;;;;;
TV;8;14884;CORUM;188;;;;;;;;
TV;8;14891;TRICO;20;;;;;;;;
TV;8;14895;LANNATE 20 SL;242,5;;;;;;;;
TV;8;14900;KENKIO;345;;;;;;;;
TV;8;14915;REPLAY;55;;;;;;;;
TV;8;14936;AMPLIGO;216;;;;;;;;
TV;8;14948;ACTARA HOBBY;0,69;;;;;;;;
TV;8;14951;BOTECTOR;16;;;;;;;;
TV;8;14969;HOPPER 480;2171;;;;;;;;
TV;8;14972;DICARZOL 50 SP;95;;;;;;;;
TV;8;14973;MONTANA;80;;;;;;;;
TV;8;14974;BELEM 0.8 MG;9812;;;;;;;;
TV;8;14980;AFFINITY PLUS;30;;;;;;;;
TV;8;15006;TRAXOS PRONTO;7;;;;;;;;
TV;8;15013;NATRIA LUMACHICIDA;378;;;;;;;;
TV;8;15014;NATRIA ERBICIDA;2;;;;;;;;
TV;8;15019;RIVIERA;136;;;;;;;;
TV;8;15023;DERREX;60;;;;;;;;
TV;8;15024;MESUROL 200 SC;117;;;;;;;;
TV;8;15034;DICOPHAR;1;;;;;;;;
TV;8;15037;BREZZA;230;;;;;;;;
TV;8;15041;OPINION ECNA;8;;;;;;;;
TV;8;15047;R6 ERRESEI BORDEAUX WG;165;;;;;;;;
TV;8;15049;MODDUS;3;;;;;;;;
TV;8;15054;CONTENDER 80 WG;22;;;;;;;;
TV;8;15057;DICOTEX RTU;17;;;;;;;;
TV;8;15058;PRINCIPAL MAIS;328,6;;;;;;;;
TV;8;15059;DECIS EVO;391,75;;;;;;;;
TV;8;15064;MAESTRO WG ADVANCE;146;;;;;;;;
TV;8;15071;EVOLUTION;15;;;;;;;;
TV;8;15084;DRUM;2,5;;;;;;;;
TV;8;15093;CENTURIO;73;;;;;;;;
TV;8;15094;FOSBEL 80 WG;830;;;;;;;;
TV;8;15101;CIMORAM ULTRA WG;2;;;;;;;;
TV;8;15102;VITENE R WG;1000;;;;;;;;
TV;8;15107;SAMSON EXTRA 6 OD;3;;;;;;;;
TV;8;15115;VELIERO;21;;;;;;;;
TV;8;15123;ALTAIR 4,5 EW;40;;;;;;;;
TV;8;15124;ZANTARA;51;;;;;;;;
TV;8;15125;PROLECTUS;406;;;;;;;;
TV;8;15130;INTREPID;48;;;;;;;;
TV;8;15135;OLEOSAN PLUS;68,25;;;;;;;;
TV;8;15139;INDIPENDENT SC-15;29;;;;;;;;
TV;8;15142;ALCANCE SYNC TEC;10;;;;;;;;
TV;8;15177;ROTATE PLUS DF;67;;;;;;;;
TV;8;15181;CIRRUS CS;303;;;;;;;;
TV;8;15184;SATEL GEO;103;;;;;;;;
TV;8;15192;LIBERATE;8;;;;;;;;
TV;8;15200;QUALY;12;;;;;;;;
TV;8;15201;FLOXI 355 SC;318;;;;;;;;
TV;8;15221;ZETARAM PLUS;693,8;;;;;;;;
TV;8;15236;ZAMMO;72;;;;;;;;
TV;8;15253;FALCON MK;66;;;;;;;;
TV;8;15263;DYNALI;18;;;;;;;;
TV;8;15264;ENERVIN SC;1;;;;;;;;
TV;8;15274;ALIAL SYSTEM;20;;;;;;;;
TV;8;15275;KUSTI;7;;;;;;;;
TV;8;15279;VARGAS;28;;;;;;;;
TV;8;15285;PRIMMA STAR;2,4;;;;;;;;
TV;8;15289;SERENADE NATRIA;0,6;;;;;;;;
TV;8;15300;ARMETIL FLOW;72;;;;;;;;
TV;8;15302;AMYLO-X;620;;;;;;;;
TV;8;15303;MET52 GRANULARE;139;;;;;;;;
TV;8;15310;NISSHIN EXTRA 6 OD;128,5;;;;;;;;
TV;8;15311;TIZCA;25;;;;;;;;
TV;8;15313;ZOLFO SC;19;;;;;;;;
TV;8;15317;FLARE GOLD COMBI PEPITE;1450;;;;;;;;
TV;8;15318;OURAGAN;84;;;;;;;;
TV;8;15325;CORNER MZ WG;50;;;;;;;;
TV;8;15333;APPLAUD PLUS;475,68;;;;;;;;
TV;8;15340;FEUDO 50 WP;1362;;;;;;;;
TV;8;15342;FEUDO MZ WDG;789;;;;;;;;
TV;8;15343;FEUDO RD WP;2324;;;;;;;;
TV;8;15344;FILAN WG;101;;;;;;;;
TV;8;15348;RIDOMIL GOLD R LIQUIDO;280;;;;;;;;
TV;8;15356;AVIATOR SC;46;;;;;;;;
TV;8;15361;LIETO;94;;;;;;;;
TV;8;15368;BALENO 200;43;;;;;;;;
TV;8;15371;BELEM PROTEZIONE;2184;;;;;;;;
TV;8;15389;FLARE GOLD R WG;1760;;;;;;;;
TV;8;15395;ATHADO 40 SC;43;;;;;;;;
TV;8;15401;TAIFUN MK CL;1047;;;;;;;;
TV;8;15406;DICUMBA;151;;;;;;;;
TV;8;15423;FORUM TEAM;26;;;;;;;;
TV;8;15427;RIFOS 550 EC;5;;;;;;;;
TV;8;15448;REBEL TOP;7;;;;;;;;
TV;8;15449;CIDELY;490,25;;;;;;;;
TV;8;15451;ELIOS WG TOP;80;;;;;;;;
TV;8;15493;SIMUN 40 OD;363;;;;;;;;
TV;8;15497;KESHET 25 EC;2,92;;;;;;;;
TV;8;15499;SONG 70 WDG;214,5;;;;;;;;
TV;8;15505;SILBOT 500 SC/MORFEUM 500 SC;118;;;;;;;;
TV;8;15509;MOSAIKO COMBI;662;;;;;;;;
TV;8;15511;LUMADRY ESCA PPO;108;;;;;;;;
TV;8;15514;CUPRAVIT BLU 35 WG;606,4;;;;;;;;
TV;8;15524;INTERCEPT;360;;;;;;;;
TV;8;15531;GARAVEL;4;;;;;;;;
TV;8;15532;TOBAGO 200 SL;0,7;;;;;;;;
TV;8;15572;ZOMINEX;80;;;;;;;;
TV;8;15574;KARMA 85;105;;;;;;;;
TV;8;15591;PREVINT TOP;1591;;;;;;;;
TV;8;15601;MOSAIKO;296;;;;;;;;
TV;8;15603;ERBIFEN K;680;;;;;;;;
TV;8;15608;VERSAR;6;;;;;;;;
TV;8;15618;FULLDINA 355 SC;521;;;;;;;;
TV;8;15621;BOTTO 50 EC;210;;;;;;;;
TV;8;15622;CURZATE R WG BIANCO;76;;;;;;;;
TV;8;15627;PAPYRUS 400 SC;34;;;;;;;;
TV;8;15630;PALMAS 45% WG;90,5;;;;;;;;
TV;8;15640;PROLINE STAR;41;;;;;;;;
TV;8;15641;SIATTOL 200 SL;19,25;;;;;;;;
TV;8;15651;FLANKER;6;;;;;;;;
TV;8;15661;SENEGO;7,75;;;;;;;;
TV;8;15668;GHIBLI 240 OD;245,25;;;;;;;;
TV;8;15681;LUMADRY ESCA;552;;;;;;;;
TV;8;15711;ALSYSTIN;2;;;;;;;;
TV;8;15722;ARMICARB 85;40;;;;;;;;
TV;8;15741;AVADEX FACTOR;2;;;;;;;;
TV;8;15751;VITENE TRIPLO R;47;;;;;;;;
TV;8;15793;FUTURECO NOFLY WP;4,5;;;;;;;;
TV;8;15842;AFICIONADO;3;;;;;;;;
TV;8;15844;SLOGAN TOP;550;;;;;;;;
TV;8;15900;TRIKA EXPERT;8210;;;;;;;;
TV;8;15901;ERCOLE;27568;;;;;;;;
TV;8;15912;CUPRO ISAGRO WG;168;;;;;;;;
TV;8;15913;BORDO ISAGRO WG BLU;19;;;;;;;;
TV;8;15914;RAME ISAGRO WG BLU;144;;;;;;;;
TV;8;15931;GLORIAL JET;70;;;;;;;;
TV;8;15961;RETENGO NEW;2;;;;;;;;
TV;8;15962;LECTRA MZ WG;30;;;;;;;;
TV;8;16000;MINUET GR;2,25;;;;;;;;
TV;8;16049;DELEGATE WG;2;;;;;;;;
TV;9;13;THIOPRON;5920;;;;;;;;
TV;9;17;U 46 COMBI FLUID;36;;;;;;;;
TV;9;40;ETRAVON SYNGENTA;2809;;;;;;;;
TV;9;227;AGHERUD DICAMBA;5;;;;;;;;
TV;9;346;BAGIR MAX;13;;;;;;;;
TV;9;361;BAGNANTE ANTISCHIUMA S;558;;;;;;;;
TV;9;449;MOCAP;150;;;;;;;;
TV;9;485;KENYATOX VERDE;13;;;;;;;;
TV;9;599;ACUPRICO 76 WG;270;;;;;;;;
TV;9;630;REGLONE W;382;;;;;;;;
TV;9;747;ZOLFO SPRUZZABILE;980;;;;;;;;
TV;9;844;MICROBAGNABILE 80;47;;;;;;;;
TV;9;886;SENCOR WG;21,5;;;;;;;;
TV;9;909;POLISOLFURO DI CALCIO POLISENIO;3675;;;;;;;;
TV;9;940;RONSTAR GRANULARE;20;;;;;;;;
TV;9;1058;LINURON SIPCAM FLOW;1;;;;;;;;
TV;9;1155;CHEMOL 90 EL;118;;;;;;;;
TV;9;1156;CHEMOL;4048;;;;;;;;
TV;9;1187;MICOZEB 45;125;;;;;;;;
TV;9;1211;BASF MEHLTAUMITTEL;0,06;;;;;;;;
TV;9;1424;FUNGI MZ;1200;;;;;;;;
TV;9;1544;MESUROL;40;;;;;;;;
TV;9;1552;GIBERAL;1;;;;;;;;
TV;9;1562;ERBITOX E 30;157;;;;;;;;
TV;9;1573;BASAMID GRANULAT;240;;;;;;;;
TV;9;1583;MICROTHIOL DISPERSS;142993;;;;;;;;
TV;9;1600;ETRAVON;515;;;;;;;;
TV;9;1714;KERB 80 EDF;373;;;;;;;;
TV;9;1846;QUMRAN;5;;;;;;;;
TV;9;1850;IDRORAME FLOW;3083,25;;;;;;;;
TV;9;1947;SULFUR 80;75;;;;;;;;
TV;9;1990;BUTYRAC 118;17;;;;;;;;
TV;9;2029;TORDON 22K;1,1;;;;;;;;
TV;9;2191;WETTING PLUS;131;;;;;;;;
TV;9;2249;MALERBANE PRATI 400;228;;;;;;;;
TV;9;2259;PASTA LUMACHICIDA IN GRANI;143,4;;;;;;;;
TV;9;2260;GASTROTOX E;1204;;;;;;;;
TV;9;2272;SILLIM;110;;;;;;;;
TV;9;2307;VECTOR;113,85;;;;;;;;
TV;9;2353;BONALAN;1617,5;;;;;;;;
TV;9;2520;ACTELLIC;14;;;;;;;;
TV;9;2634;BUGGY;7105;;;;;;;;
TV;9;2732;GOLTIX;473;;;;;;;;
TV;9;2923;TIOVIT JET;83686;;;;;;;;
TV;9;2934;MICROSOL 90;36;;;;;;;;
TV;9;2950;ADESIL A;20;;;;;;;;
TV;9;2972;BIODAST;60,5;;;;;;;;
TV;9;2983;NIMROD;2,25;;;;;;;;
TV;9;2995;ESCARTOX;1931,5;;;;;;;;
TV;9;3065;OLIOCIN;1367,5;;;;;;;;
TV;9;3076;MESUROL ESCA;265;;;;;;;;
TV;9;3082;OLEOTER ESTATE;0,25;;;;;;;;
TV;9;3102;OLEOTER;2640;;;;;;;;
TV;9;3126;CUPRIZOL;25;;;;;;;;
TV;9;3132;SEPR-OIL;10;;;;;;;;
TV;9;3163;U 46 M STAR;4;;;;;;;;
TV;9;3219;CARAKOL AGRO;1859;;;;;;;;
TV;9;3313;ARAGOL L 40;4;;;;;;;;
TV;9;3343;U46 M CLASS;40;;;;;;;;
TV;9;3366;ROGATOX EC;322;;;;;;;;
TV;9;3455;EMMEDI;11;;;;;;;;
TV;9;3468;DACOL L 40;792;;;;;;;;
TV;9;3486;TRISCABOL DG;62;;;;;;;;
TV;9;3503;AGRUMIN;140;;;;;;;;
TV;9;3519;METAMBANE;12;;;;;;;;
TV;9;3553;CURZATE;161;;;;;;;;
TV;9;3555;CURZATE M;48;;;;;;;;
TV;9;3640;CUPROSTAR/AIRONE;40;;;;;;;;
TV;9;3658;SIPCAMOL E;1137,25;;;;;;;;
TV;9;3701;CUPROSAR 40 WDG;60;;;;;;;;
TV;9;3745;METAM;6000;;;;;;;;
TV;9;3754;BAGNANTE SARIAF;20;;;;;;;;
TV;9;3767;FENOXILENE MAX;648;;;;;;;;
TV;9;3771;ROVRAL WG;320;;;;;;;;
TV;9;3793;DITHANE M-45;1363;;;;;;;;
TV;9;3800;CRITTAM WG;115;;;;;;;;
TV;9;3859;DURSBAN;634;;;;;;;;
TV;9;3911;PIRETRAN;5,1;;;;;;;;
TV;9;4011;PIRETRIN;104;;;;;;;;
TV;9;4012;RELDAN 22;3504,58;;;;;;;;
TV;9;4157;IROL PLUS;1846;;;;;;;;
TV;9;4199;PENNCOZEB DG;13065;;;;;;;;
TV;9;4228;ROGOR L 20;437,3;;;;;;;;
TV;9;4283;ZOLVIS 90;400;;;;;;;;
TV;9;4326;ROGOR L 40;35;;;;;;;;
TV;9;4426;DECIS;33;;;;;;;;
TV;9;4461;IMIDAN WDG;16;;;;;;;;
TV;9;4552;DITHANE DG NEOTEC;8690;;;;;;;;
TV;9;4710;ALIETTE;483,55;;;;;;;;
TV;9;4794;SEPRALIM;40;;;;;;;;
TV;9;4833;FANDANGO 360 SL;90;;;;;;;;
TV;9;4896;RIGENAL P;1,45;;;;;;;;
TV;9;5152;TIOSPOR WG;1840;;;;;;;;
TV;9;5154;ARPEL TRIPLO BLU;30;;;;;;;;
TV;9;5228;CARAKOL;341;;;;;;;;
TV;9;5299;MIBIOL;241,5;;;;;;;;
TV;9;5343;LIMASANEX;20;;;;;;;;
TV;9;5346;OYLIR;22,5;;;;;;;;
TV;9;5414;RADICANTE POLVERE TALEE LEGNOSE;0,6;;;;;;;;
TV;9;5454;PIRETRIX 10;1,2;;;;;;;;
TV;9;5467;METADENE;101;;;;;;;;
TV;9;5509;CHIMIGOR 40;3;;;;;;;;
TV;9;5574;LUMAKIDIN 5G;288;;;;;;;;
TV;9;5576;KOLFLOR OLIO B;14;;;;;;;;
TV;9;5657;BAGNANTE SCAM;754;;;;;;;;
TV;9;5755;TILT 25 EC;2,5;;;;;;;;
TV;9;5796;GARLON;9,3;;;;;;;;
TV;9;5864;CIPOTRIL;27;;;;;;;;
TV;9;5881;PREVICUR;1,64;;;;;;;;
TV;9;5901;TALPACID;14;;;;;;;;
TV;9;6037;TECTO SC;1;;;;;;;;
TV;9;6277;OXAMYL DU PONT VYDATE 5G;200;;;;;;;;
TV;9;6298;FASTAC;180;;;;;;;;
TV;9;6321;STIMOLANTE 66F;2;;;;;;;;
TV;9;6322;OBSTHORMON 24A;3;;;;;;;;
TV;9;6324;MAXCEL;28;;;;;;;;
TV;9;6376;ANTISCHIUMA SHAUMSTOP;291,05;;;;;;;;
TV;9;6401;MONDAK 21 S;443;;;;;;;;
TV;9;6437;ETHREL;1;;;;;;;;
TV;9;6438;BI-FEN;5;;;;;;;;
TV;9;6505;NOKAD;20,5;;;;;;;;
TV;9;6556;K-OBIOL DP2;352;;;;;;;;
TV;9;6557;K-OBIOL EC 25;4;;;;;;;;
TV;9;6632;DIPPER;132;;;;;;;;
TV;9;6674;AFALON DS;1653,5;;;;;;;;
TV;9;6704;TIOLENE 80 WG;21792;;;;;;;;
TV;9;6719;LIOSOL BETA;2022;;;;;;;;
TV;9;6751;RASEN FLORANID;6;;;;;;;;
TV;9;6766;BUTISAN S;33;;;;;;;;
TV;9;6816;NU BAIT;168;;;;;;;;
TV;9;6834;TEPETA COMBI;7330;;;;;;;;
TV;9;6873;IDRORAME 193;2943;;;;;;;;
TV;9;6945;TOPAS 10 EC;170,48;;;;;;;;
TV;9;6947;TOPAS COMBI;605;;;;;;;;
TV;9;6955;METACID;432;;;;;;;;
TV;9;6956;TARGA FLO;48;;;;;;;;
TV;9;6978;BETTER 400;340;;;;;;;;
TV;9;7020;BAGNANTE CIFO;3;;;;;;;;
TV;9;7053;PASTA CAFFARO NC;138;;;;;;;;
TV;9;7055;PASTA CAFFARO BLU;1082;;;;;;;;
TV;9;7101;LIMAVAL;395;;;;;;;;
TV;9;7368;TURFENE L;111;;;;;;;;
TV;9;7369;SYLLIT FLO;107,84;;;;;;;;
TV;9;7370;TETRASOL LIQUIDO;340;;;;;;;;
TV;9;7379;VENZAR;58,5;;;;;;;;
TV;9;7390;CHIPCO GREEN;20;;;;;;;;
TV;9;7401;POLTIGLIA CAFFARO 20 DF NEW;79;;;;;;;;
TV;9;7411;DIRAGER;0,5;;;;;;;;
TV;9;7454;ORMONE AG COMPRESSE;2,1;;;;;;;;
TV;9;7483;DEVRINOL F;50;;;;;;;;
TV;9;7530;BIOLID E;191;;;;;;;;
TV;9;7541;APOLLO SC;0,5;;;;;;;;
TV;9;7555;KLARTAN 20 EW;19,98;;;;;;;;
TV;9;7581;ZELIG;556;;;;;;;;
TV;9;7587;IOTRIL;10;;;;;;;;
TV;9;7611;ENOVIT METIL FL;4117,75;;;;;;;;
TV;9;7700;MATACAR FL;15,4;;;;;;;;
TV;9;7732;KESHET EW;3,84;;;;;;;;
TV;9;7733;BAYTEROID EW;12,02;;;;;;;;
TV;9;7736;ZOLFO SCORREVOLE TRIVENTILATO 95% S;1845;;;;;;;;
TV;9;7764;TIOLENE;16106;;;;;;;;
TV;9;7767;ACARISTOP 20 SC;0,4;;;;;;;;
TV;9;7845;TMTD 50 SC;182;;;;;;;;
TV;9;7876;PIRIMOR 17,5;13;;;;;;;;
TV;9;7889;NURELLE D;142;;;;;;;;
TV;9;7906;FALTEX LIQUIDO;1700;;;;;;;;
TV;9;7916;POLYRAM DF;60320;;;;;;;;
TV;9;7919;TOUCHDOWN;17956,25;;;;;;;;
TV;9;7922;OPALENE;1300;;;;;;;;
TV;9;7930;KERB FLO;296,5;;;;;;;;
TV;9;7957;ROVRAL PLUS;652;;;;;;;;
TV;9;7958;RONSTAR FL;68;;;;;;;;
TV;9;7961;RIZOLEX  GOLD;484;;;;;;;;
TV;9;7963;RIZOLEX 50 PB;7;;;;;;;;
TV;9;7965;TRIGARD 75 WP;1,75;;;;;;;;
TV;9;7971;STARANE 21;8;;;;;;;;
TV;9;7984;STRATOS;5015,5;;;;;;;;
TV;9;7998;PRIMOSOL 80 WDG;4,8;;;;;;;;
TV;9;8001;AGRO-PYR;1,3;;;;;;;;
TV;9;8023;SUMIALFA ECHO;25;;;;;;;;
TV;9;8028;CALARIS;33;;;;;;;;
TV;9;8102;MERPAN 80 WDG;924;;;;;;;;
TV;9;8111;GEOPYR;26;;;;;;;;
TV;9;8117;BASTA 200;15690;;;;;;;;
TV;9;8130;TITUS;0,11;;;;;;;;
TV;9;8139;MANTA GOLD/FENOTRIX COMBI;9;;;;;;;;
TV;9;8146;GALLERY;170,6;;;;;;;;
TV;9;8155;CATOR;162;;;;;;;;
TV;9;8156;DEVOX;668;;;;;;;;
TV;9;8157;ZETARAM 20 L;291;;;;;;;;
TV;9;8159;CLICK COMBI;435;;;;;;;;
TV;9;8184;CHALLENGE;19;;;;;;;;
TV;9;8189;FORCE;21250;;;;;;;;
TV;9;8201;GLISTER;3413,75;;;;;;;;
TV;9;8207;LONTREL 75 G;1,8;;;;;;;;
TV;9;8229;RAPAX;78,5;;;;;;;;
TV;9;8320;DELFIN;1;;;;;;;;
TV;9;8351;Z.M. 75 DG;550;;;;;;;;
TV;9;8376;ARIANE II;126;;;;;;;;
TV;9;8377;GLIFOSIM;1035;;;;;;;;
TV;9;8382;ROUNDUP BIOFLOW;1336,2;;;;;;;;
TV;9;8401;FALTEX FLOW;4835;;;;;;;;
TV;9;8429;GLYFOS SL;8168,7;;;;;;;;
TV;9;8465;OLIOVIT;12;;;;;;;;
TV;9;8498;FOLICUR WG;116,5;;;;;;;;
TV;9;8499;EFESTO;1190;;;;;;;;
TV;9;8528;FEINZIN 35 DF;160;;;;;;;;
TV;9;8534;CITROLE;55;;;;;;;;
TV;9;8540;PAMPA/GHIBLI;754;;;;;;;;
TV;9;8542;FORUM 50 WP;3253,8;;;;;;;;
TV;9;8547;LOGRAN;13,88;;;;;;;;
TV;9;8558;PIRETRO VERDE;8,26;;;;;;;;
TV;9;8565;ROUNDUP RTU;2;;;;;;;;
TV;9;8581;LIQUIFOL 40;80;;;;;;;;
TV;9;8601;FOLPAN 80 WDG;56547;;;;;;;;
TV;9;8617;BANVEL 480 S;5;;;;;;;;
TV;9;8646;ACTIVUS EC/PANDA;3803;;;;;;;;
TV;9;8649;PIRIDANE 480;2346;;;;;;;;
TV;9;8656;GLIFENE HP;1362;;;;;;;;
TV;9;8706;AMID THIN W;16,5;;;;;;;;
TV;9;8721;NEXTER;64;;;;;;;;
TV;9;8729;FORUM R;1218;;;;;;;;
TV;9;8731;ACROBAT R;988;;;;;;;;
TV;9;8735;TREBON UP;499,93;;;;;;;;
TV;9;8737;TREBON STAR;9,75;;;;;;;;
TV;9;8742;INDAR 5EW;47;;;;;;;;
TV;9;8743;GREENEX;603,2;;;;;;;;
TV;9;8792;DOMARK 4 EC;1,5;;;;;;;;
TV;9;8795;VERTIMEC EC;42;;;;;;;;
TV;9;8797;BINAL PRO/EMINENT COMBI;978;;;;;;;;
TV;9;8801;SCORE 25 EC;569,82;;;;;;;;
TV;9;8803;DOMARK COMBI PB;25;;;;;;;;
TV;9;8836;MIMIC;56;;;;;;;;
TV;9;8841;CYREN 7,5 G;542,5;;;;;;;;
TV;9;8843;NISSHIN;129;;;;;;;;
TV;9;8859;MASTIFF;22410;;;;;;;;
TV;9;8882;ULTRA FINE OIL;92;;;;;;;;
TV;9;8883;GLIFO DISERBANTE TOTALE;18,5;;;;;;;;
TV;9;8884;BITRON DF;20;;;;;;;;
TV;9;8886;SAFARI;19,08;;;;;;;;
TV;9;8909;FUNGIMAN COMBI;3000;;;;;;;;
TV;9;8933;SOLEAS;193;;;;;;;;
TV;9;8934;SCALA;1695,05;;;;;;;;
TV;9;8937;MASAI 20 WP;47;;;;;;;;
TV;9;8945;ENOVIT METIL DF;6;;;;;;;;
TV;9;8984;GLIPHOGAN TOP MK;2294;;;;;;;;
TV;9;8987;CONFIDOR 200 SL;174,09;;;;;;;;
TV;9;9005;AGIL;1300;;;;;;;;
TV;9;9010;RAMEZIN COMBI WG;954;;;;;;;;
TV;9;9012;CUPROCAFFARO MICRO;17755;;;;;;;;
TV;9;9038;OPINION;0,5;;;;;;;;
TV;9;9070;MICEXANIL BIANCO;7000;;;;;;;;
TV;9;9079;REGRAN COMBI;14;;;;;;;;
TV;9;9086;POLTIGLIA BORDOLESE SCAM D.F.;2000;;;;;;;;
TV;9;9131;PYRINEX ME;3165;;;;;;;;
TV;9;9148;SYLLIT 355 SC;239,25;;;;;;;;
TV;9;9153;CYREN 44 EC;795;;;;;;;;
TV;9;9180;STROBY WG;5,4;;;;;;;;
TV;9;9181;GULLIVER;0,3;;;;;;;;
TV;9;9195;TERB FLO;5;;;;;;;;
TV;9;9210;QUADRIS;17;;;;;;;;
TV;9;9215;FITOVIS;3;;;;;;;;
TV;9;9279;MERLIN COMBI;4;;;;;;;;
TV;9;9286;OHAYO;11;;;;;;;;
TV;9;9298;METHAM NA 51;3000;;;;;;;;
TV;9;9306;PROPLANT;7;;;;;;;;
TV;9;9311;CUPROSSIL IDRO 25 WP;600;;;;;;;;
TV;9;9330;GLIFO 41;33,5;;;;;;;;
TV;9;9332;OPEN;9;;;;;;;;
TV;9;9339;BETANAL EXPERT;521;;;;;;;;
TV;9;9342;DELTRIN;28;;;;;;;;
TV;9;9364;RAPIDO;295;;;;;;;;
TV;9;9371;PEAK;0,28;;;;;;;;
TV;9;9373;CHORUS;35;;;;;;;;
TV;9;9374;MATCH TOP;5;;;;;;;;
TV;9;9400;GLIFOGAN PRONTO;31;;;;;;;;
TV;9;9404;TETRAPLUS COMBI EC;2,98;;;;;;;;
TV;9;9417;ASCO 23;96;;;;;;;;
TV;9;9422;EVADE;473,78;;;;;;;;
TV;9;9443;ENDOGERME;37,4;;;;;;;;
TV;9;9444;CHLORCYRIN 220 EC;164;;;;;;;;
TV;9;9463;KLARO KIT;485,75;;;;;;;;
TV;9;9478;PIRET;0,85;;;;;;;;
TV;9;9496;GALIGAN EC;156;;;;;;;;
TV;9;9509;PROMALIN NT;17;;;;;;;;
TV;9;9578;SWITCH;3495,3;;;;;;;;
TV;9;9602;GLIFOSAR;15;;;;;;;;
TV;9;9612;OSSICLOR 30;1352;;;;;;;;
TV;9;9627;POLTIGLIA BORDOLESE DISPERSS;2515;;;;;;;;
TV;9;9631;METRIN EC;2,11;;;;;;;;
TV;9;9634;CARNIVAL;168;;;;;;;;
TV;9;9655;PRIMIAL WG;5;;;;;;;;
TV;9;9668;RUFAST E-FLO;197,79;;;;;;;;
TV;9;9673;SEPRA-BAIT;64;;;;;;;;
TV;9;9675;PANTOX 360;15,75;;;;;;;;
TV;9;9678;M70 DF;11407;;;;;;;;
TV;9;9679;KRISTAL 32 WG;205;;;;;;;;
TV;9;9693;SPORTAK 45 EW;67;;;;;;;;
TV;9;9694;SIMITAR 5 EW;21,65;;;;;;;;
TV;9;9705;PREVITER;407,8;;;;;;;;
TV;9;9712;MATADOR;4;;;;;;;;
TV;9;9724;TIOWETTING DF;50668;;;;;;;;
TV;9;9726;GLIFOSAN;258,4;;;;;;;;
TV;9;9744;SCORE 10 WG;6;;;;;;;;
TV;9;9747;FURY;175,93;;;;;;;;
TV;9;9757;SPYRALE;277;;;;;;;;
TV;9;9758;COPRANTOL WG;61;;;;;;;;
TV;9;9767;NUFOS 7,5 G;28;;;;;;;;
TV;9;9787;MICROBAGNABILE WG;447;;;;;;;;
TV;9;9797;GROLEN;43;;;;;;;;
TV;9;9800;MAVRIK 20 EW;53,42;;;;;;;;
TV;9;9802;COPRANTOL HI BIO;11099;;;;;;;;
TV;9;9832;TREK P;3569;;;;;;;;
TV;9;9843;BASAGRAN SG;147;;;;;;;;
TV;9;9867;4 STAGIONI;55,5;;;;;;;;
TV;9;9872;AKRIS;235;;;;;;;;
TV;9;9938;MASTER;7,3;;;;;;;;
TV;9;9940;ZELIG GR;7620;;;;;;;;
TV;9;9941;BUMPER P;287;;;;;;;;
TV;9;9952;COLZANET;27;;;;;;;;
TV;9;9954;JOKER;2308,3;;;;;;;;
TV;9;9963;METIDANE 22;1439;;;;;;;;
TV;9;9970;HUNTER;4;;;;;;;;
TV;9;9984;CASSIOPEA;1;;;;;;;;
TV;9;9994;ARIUS SYSTEM;191;;;;;;;;
TV;9;9995;ARIUS;2144,5;;;;;;;;
TV;9;10005;SCOTTS WEEDCONTROL/EVERGREEN;65;;;;;;;;
TV;9;10029;KING;20,75;;;;;;;;
TV;9;10048;KUMULUS TECNO;32349;;;;;;;;
TV;9;10049;DURSBAN 75 WG;4089;;;;;;;;
TV;9;10057;ARPEL WDG;907;;;;;;;;
TV;9;10080;COMET SC;29,4;;;;;;;;
TV;9;10088;MAXIM;0,2;;;;;;;;
TV;9;10105;RIDOMIL GOLD SL;8,25;;;;;;;;
TV;9;10116;VAPOR GARD;26;;;;;;;;
TV;9;10117;STRATOS ULTRA;483;;;;;;;;
TV;9;10118;AMISTAR;397;;;;;;;;
TV;9;10119;EQUATION PRO;4,4;;;;;;;;
TV;9;10127;DECIS JET;517,23;;;;;;;;
TV;9;10141;SOFREVAL 80 MICRO;4875;;;;;;;;
TV;9;10154;BORDOFLOW SECTOR;242;;;;;;;;
TV;9;10158;PIREFLOR;0,12;;;;;;;;
TV;9;10161;ORTIVA;314,37;;;;;;;;
TV;9;10183;GARLON EV;49;;;;;;;;
TV;9;10184;TIMBREL EV;1,8;;;;;;;;
TV;9;10185;ZERGAN EV;3;;;;;;;;
TV;9;10209;GLYFOS ULTRA;2995;;;;;;;;
TV;9;10221;PIMIENTO 600;780;;;;;;;;
TV;9;10230;LUMAPLUS;240;;;;;;;;
TV;9;10233;BORDOSEP;84;;;;;;;;
TV;9;10236;SLOGAN R;1170;;;;;;;;
TV;9;10263;DRIVER;94,1;;;;;;;;
TV;9;10272;CEREXIL M DG;3450;;;;;;;;
TV;9;10275;STELLA E 10;3,3;;;;;;;;
TV;9;10285;TOMAHAWK;15;;;;;;;;
TV;9;10296;IPERION;20284;;;;;;;;
TV;9;10297;SINIS 35 WG;228;;;;;;;;
TV;9;10305;OIKOS;48;;;;;;;;
TV;9;10306;MISTRAL;184;;;;;;;;
TV;9;10317;PLENUM;0,9;;;;;;;;
TV;9;10324;NEMATHORIN 10 G;30;;;;;;;;
TV;9;10329;FORUM MZ WG;9846;;;;;;;;
TV;9;10342;RIFLE 44;60;;;;;;;;
TV;9;10350;BLAST SG;138;;;;;;;;
TV;9;10357;RIGRON SG;382,5;;;;;;;;
TV;9;10372;RASIKAL QUICK;975,9;;;;;;;;
TV;9;10373;CONTEST;189,85;;;;;;;;
TV;9;10379;CADOU WG;33,6;;;;;;;;
TV;9;10396;LIZOCIN;6,25;;;;;;;;
TV;9;10404;CLINIC 360 SL;5111;;;;;;;;
TV;9;10423;LUMACHICIDA VEBI;4813;;;;;;;;
TV;9;10424;VEBIGLYF;72;;;;;;;;
TV;9;10425;SCUDEX;5383,22;;;;;;;;
TV;9;10426;PROTIL EC;280;;;;;;;;
TV;9;10439;SPRAY DUNGER GLOBAL;412;;;;;;;;
TV;9;10442;DIFTOR 2000;0,72;;;;;;;;
TV;9;10447;NOVEL DUO;503;;;;;;;;
TV;9;10456;KLARO ULTRA;166,25;;;;;;;;
TV;9;10461;DICOTURF;3,25;;;;;;;;
TV;9;10465;ROUNDUP MAX;70;;;;;;;;
TV;9;10471;OLOVER;5,25;;;;;;;;
TV;9;10479;NATURALIS;8;;;;;;;;
TV;9;10491;VEBIRAME FLOW;2,5;;;;;;;;
TV;9;10492;VEBIZOLFO FLOW;5;;;;;;;;
TV;9;10493;RUNNER M 22;9;;;;;;;;
TV;9;10494;PREMIUM TOP;595,75;;;;;;;;
TV;9;10504;KELLY WG;1881;;;;;;;;
TV;9;10509;MASTIFF ULTRA;820;;;;;;;;
TV;9;10518;PIRESAN PLUS;13;;;;;;;;
TV;9;10532;TELDOR;9;;;;;;;;
TV;9;10540;TERIAL 75 WG/ALISE' 75 WG;1445;;;;;;;;
TV;9;10560;PIRETRO NATURA;30;;;;;;;;
TV;9;10563;SWEEL WDG;78315;;;;;;;;
TV;9;10565;DICOTIL EXTRA;151,55;;;;;;;;
TV;9;10568;ZOOMER;1883,3;;;;;;;;
TV;9;10573;KOCIDE 2000;19324;;;;;;;;
TV;9;10579;CARSON COP;2742;;;;;;;;
TV;9;10581;CITRIN EC;0,48;;;;;;;;
TV;9;10584;SHAMAL MK PLUS;13143;;;;;;;;
TV;9;10585;SULCOTREK;2969;;;;;;;;
TV;9;10587;FOLPAN SC;5630;;;;;;;;
TV;9;10588;BIOPIREN PLUS;170;;;;;;;;
TV;9;10589;LUMIX VERDE;3;;;;;;;;
TV;9;10609;MESOZIN 35 WG;5,5;;;;;;;;
TV;9;10627;FRUPICA;398;;;;;;;;
TV;9;10628;MIDAURIL MZ;200;;;;;;;;
TV;9;10632;COBRE NORDOX SUPER 75 WG;36,5;;;;;;;;
TV;9;10638;MANCOZEB MANICA 75 WG;1650;;;;;;;;
TV;9;10641;MANCOZEB MANICA 80 PB;425;;;;;;;;
TV;9;10671;COPERNICO;60;;;;;;;;
TV;9;10690;FUNGIBEN COMBI;2251,6;;;;;;;;
TV;9;10701;CUMETA FLOW;2400;;;;;;;;
TV;9;10710;TOMAGAN;2;;;;;;;;
TV;9;10734;DUAL GOLD;16679;;;;;;;;
TV;9;10735;PRIMAGRAM GOLD;8845;;;;;;;;
TV;9;10741;METACINQUE;167;;;;;;;;
TV;9;10752;STEWARD;273;;;;;;;;
TV;9;10753;FOLICUR SE;673,5;;;;;;;;
TV;9;10771;MOST MICRO;1350,6;;;;;;;;
TV;9;10780;LUMABLOC;12,5;;;;;;;;
TV;9;10784;FENICRIT;8;;;;;;;;
TV;9;10794;SEPRALIM - G;68;;;;;;;;
TV;9;10809;FUNGICIDA ANTIOIDICO LIQUIDO;1,5;;;;;;;;
TV;9;10864;KOLFLOR GIARDINO LUMACHICIDA;51,5;;;;;;;;
TV;9;10890;FLIPPER;0,7;;;;;;;;
TV;9;10897;AMEGA PLUS;387;;;;;;;;
TV;9;10926;ALTOREX;589;;;;;;;;
TV;9;10927;KOHINOR PLUS;74,1;;;;;;;;
TV;9;10929;CHIKARA 25 WG;29,75;;;;;;;;
TV;9;10936;NAAK 480;14;;;;;;;;
TV;9;10938;MANCOSIM 75 DF;40;;;;;;;;
TV;9;10939;CP 40 AGRO;324;;;;;;;;
TV;9;10944;KARATE ZEON;222,75;;;;;;;;
TV;9;10973;PYRINEX PRONTO;43;;;;;;;;
TV;9;10976;METEOR;1774,22;;;;;;;;
TV;9;10999;BETANAL SE;77;;;;;;;;
TV;9;11005;PIRECO;0,3;;;;;;;;
TV;9;11011;DASH HC;1834,4;;;;;;;;
TV;9;11014;AZIMUT;2,5;;;;;;;;
TV;9;11027;MET-BLOC;52;;;;;;;;
TV;9;11030;PRIMO MAXX;7;;;;;;;;
TV;9;11040;POLTIGLIA BORDOLESE DISPERSS BLU;2630;;;;;;;;
TV;9;11041;FOLMAK COMBI;12887;;;;;;;;
TV;9;11045;DODIPREV 35;33,5;;;;;;;;
TV;9;11047;DICOPLUS;33;;;;;;;;
TV;9;11059;BIOPOWER;206;;;;;;;;
TV;9;11062;BION 50 WG;44;;;;;;;;
TV;9;11070;ZOLFO DISPERSS;4,5;;;;;;;;
TV;9;11077;TOP-TEAM;6;;;;;;;;
TV;9;11098;CADDY;13,5;;;;;;;;
TV;9;11102;HELIOSOUFRE S;11412,5;;;;;;;;
TV;9;11104;CUPROFIX 30 DISPERSS;10;;;;;;;;
TV;9;11106;MANFIL 75 WG;450;;;;;;;;
TV;9;11107;ECO-TRAP;127;;;;;;;;
TV;9;11119;FLINT;244,58;;;;;;;;
TV;9;11120;ZENITH;130;;;;;;;;
TV;9;11127;HOPPER BLU;344;;;;;;;;
TV;9;11130;DISERBOFACILE;3,5;;;;;;;;
TV;9;11133;SHELTER;1132,5;;;;;;;;
TV;9;11138;MEVAXIL COMBI;500;;;;;;;;
TV;9;11147;KRUG;72;;;;;;;;
TV;9;11157;PROPYDOR;64,95;;;;;;;;
TV;9;11173;AVAUNT EC;1135,79;;;;;;;;
TV;9;11186;CUTIS;1,85;;;;;;;;
TV;9;11190;PENCOR 10 EC;20,6;;;;;;;;
TV;9;11196;SULFAR;85;;;;;;;;
TV;9;11197;VITENE 45 WG;18;;;;;;;;
TV;9;11204;RIZOSOL 50;10;;;;;;;;
TV;9;11206;CODACIDE;1324,1;;;;;;;;
TV;9;11223;GALIGAN 500 SC;93;;;;;;;;
TV;9;11243;LEOPARD 5 EC;969,65;;;;;;;;
TV;9;11252;CONTANS WG;14,8;;;;;;;;
TV;9;11253;CALLISTO;1690;;;;;;;;
TV;9;11257;COSTAR WG;3;;;;;;;;
TV;9;11282;KEMIFAM TRIO FL;22;;;;;;;;
TV;9;11284;CIMOTER 4-40;320;;;;;;;;
TV;9;11290;BORDO 20;1025;;;;;;;;
TV;9;11299;OKLAHOMA;648;;;;;;;;
TV;9;11301;SPHERE;6;;;;;;;;
TV;9;11303;CHAMP DP;7330;;;;;;;;
TV;9;11307;AGRIRAT;31;;;;;;;;
TV;9;11310;CHIMIGOR 20;24;;;;;;;;
TV;9;11338;FUGRAN;1;;;;;;;;
TV;9;11341;STARANE GOLD;1056,1;;;;;;;;
TV;9;11344;PICKILL EC;1,5;;;;;;;;
TV;9;11345;ZOLVIS 80 WDG;5388;;;;;;;;
TV;9;11353;FUSILADE MAX;327;;;;;;;;
TV;9;11360;GRIP 25;10,5;;;;;;;;
TV;9;11374;BAGNANTE AGN L;3;;;;;;;;
TV;9;11382;GARDENE PLUS;663;;;;;;;;
TV;9;11390;VITENE TRIPLO BLU;272;;;;;;;;
TV;9;11393;BEETLE;177,4;;;;;;;;
TV;9;11396;WIRK;616;;;;;;;;
TV;9;11400;ADINA 10;0,28;;;;;;;;
TV;9;11402;MELODY CARE;230;;;;;;;;
TV;9;11403;MELODY COMPACT;1083,5;;;;;;;;
TV;9;11416;OVIPRON TOP;882,5;;;;;;;;
TV;9;11418;ROUNDUP 450 PLUS;304;;;;;;;;
TV;9;11432;VERDEVIVO ANTICOCCINIGLIA;10,25;;;;;;;;
TV;9;11436;MELODY MED WG;414;;;;;;;;
TV;9;11448;KICKER;98;;;;;;;;
TV;9;11449;GARDOPRIM GOLD;2055;;;;;;;;
TV;9;11479;BRANCHER DIRADO;8;;;;;;;;
TV;9;11494;GLYFOS PRO;5,5;;;;;;;;
TV;9;11497;CRITTOVIT WG;3379;;;;;;;;
TV;9;11504;THIAMON PLUS;172;;;;;;;;
TV;9;11505;READY GERMIPLUS;133;;;;;;;;
TV;9;11523;SEPRADINA SC;44,65;;;;;;;;
TV;9;11525;FUNGIDINA;56,2;;;;;;;;
TV;9;11526;SULTAN;378;;;;;;;;
TV;9;11527;PYRINEX QUICK;509,69;;;;;;;;
TV;9;11560;REGALIS;4;;;;;;;;
TV;9;11561;NEEMAZAL T/S;29,64;;;;;;;;
TV;9;11566;ZOLFO 80 WP;12;;;;;;;;
TV;9;11569;CUPROXAT S.D.I.;8072;;;;;;;;
TV;9;11586;TOP-AGAN;1512,9;;;;;;;;
TV;9;11587;CAMBEL S;448;;;;;;;;
TV;9;11596;CALYPSO;218,5;;;;;;;;
TV;9;11611;VYDATE 10L;155;;;;;;;;
TV;9;11614;ACTARA 25 WG;1111,75;;;;;;;;
TV;9;11619;TIOFLOR WDG;3610;;;;;;;;
TV;9;11626;PITSTOP;2,5;;;;;;;;
TV;9;11637;CUPROFIX C DISPERSS;1580;;;;;;;;
TV;9;11638;FLUORATE;296,5;;;;;;;;
TV;9;11642;PIKAR;3;;;;;;;;
TV;9;11649;COMMAND 36 CS;533,15;;;;;;;;
TV;9;11653;FOLIO GOLD 537,5 SC;60;;;;;;;;
TV;9;11659;HERBITOTAL S;62;;;;;;;;
TV;9;11660;SHOGUN;296;;;;;;;;
TV;9;11666;FASER;200;;;;;;;;
TV;9;11668;PLENUM 50 WG;10,6;;;;;;;;
TV;9;11678;ACTELLIC 2P NEWPHARM;50;;;;;;;;
TV;9;11690;GOAL 480 SC;97,5;;;;;;;;
TV;9;11693;LASER;71,95;;;;;;;;
TV;9;11696;ARID;10;;;;;;;;
TV;9;11698;MINUET;17,9;;;;;;;;
TV;9;11700;BOTANIGARD 22 WP;0,05;;;;;;;;
TV;9;11703;GEOTOX  L;61;;;;;;;;
TV;9;11704;OLIO OGNISTAGIONE;45,75;;;;;;;;
TV;9;11710;GARDIUS;24,7;;;;;;;;
TV;9;11711;DUKE IDROSSIDO;21536;;;;;;;;
TV;9;11722;GEONEX;1;;;;;;;;
TV;9;11730;COSMOTRIN;5,25;;;;;;;;
TV;9;11735;DELICIA CONTRA-LUMACHE;85,5;;;;;;;;
TV;9;11744;CIPERBLOC;10;;;;;;;;
TV;9;11752;ENVIDOR 240 SC;3;;;;;;;;
TV;9;11760;POLITHIOL;5520;;;;;;;;
TV;9;11762;FORUM STAR;80;;;;;;;;
TV;9;11779;KOP-TWIN;835;;;;;;;;
TV;9;11786;AQ 10 WG;2,94;;;;;;;;
TV;9;11792;FUNGICIDA POLIVALENTE RTU;11,5;;;;;;;;
TV;9;11794;STOPPER;5,25;;;;;;;;
TV;9;11796;GLIFAST;47,2;;;;;;;;
TV;9;11814;SPADA 200 EC;83,15;;;;;;;;
TV;9;11821;WEEDAZOL TL;345;;;;;;;;
TV;9;11857;MIDAURIL COMBI;4496;;;;;;;;
TV;9;11862;LOBBY;44;;;;;;;;
TV;9;11870;CUPRITAL S.D.I.;14,75;;;;;;;;
TV;9;11871;AGROLIM;30;;;;;;;;
TV;9;11872;RIFLE 4-24 R;706;;;;;;;;
TV;9;11874;VITENE TRIPLO;48;;;;;;;;
TV;9;11883;CURIT;11;;;;;;;;
TV;9;11885;ELICIO;275;;;;;;;;
TV;9;11894;GRANEX;7;;;;;;;;
TV;9;11908;VENTUREX 35 L;153;;;;;;;;
TV;9;11921;RISCIO' 50 WP/RISCIO';128;;;;;;;;
TV;9;11931;MANZEB 75 WG;1045;;;;;;;;
TV;9;11944;ASPECT;80;;;;;;;;
TV;9;11946;AZA NEMA;1;;;;;;;;
TV;9;11948;VINCARE;2120;;;;;;;;
TV;9;11954;TERMINAL DUO;28;;;;;;;;
TV;9;11955;ACROBAT MZ WG;3057;;;;;;;;
TV;9;11964;POLTIGLIA CAFFARO 20 GD;210;;;;;;;;
TV;9;11979;BORDO 20 MICRO;176,8;;;;;;;;
TV;9;11991;NEEMIK;1;;;;;;;;
TV;9;11997;MAVRIK CASA GIARDINO;0,3;;;;;;;;
TV;9;12010;TUAREG;3999;;;;;;;;
TV;9;12017;COSMOS;1;;;;;;;;
TV;9;12020;SUCCESS;16;;;;;;;;
TV;9;12022;SPADA 25 WDG;1;;;;;;;;
TV;9;12023;MEGIC;32;;;;;;;;
TV;9;12030;SNOW;22;;;;;;;;
TV;9;12037;CAMIX;400;;;;;;;;
TV;9;12043;PREVICUR ENERGY;320,85;;;;;;;;
TV;9;12044;CURZATE SYSTEM;3397,5;;;;;;;;
TV;9;12046;FITOIL;38;;;;;;;;
TV;9;12048;TIOSOL 80 WG;44945;;;;;;;;
TV;9;12068;TEFLUSTAR;1237,15;;;;;;;;
TV;9;12069;EPIK;289,04;;;;;;;;
TV;9;12078;METALIM;16;;;;;;;;
TV;9;12083;DANADIM PROGRESS;19,25;;;;;;;;
TV;9;12084;GALEO;0,5;;;;;;;;
TV;9;12096;POLTIGLIA DISPERSS;85920,5;;;;;;;;
TV;9;12100;ASSET;162;;;;;;;;
TV;9;12106;TALENDO;176;;;;;;;;
TV;9;12114;AUXIGER LG;24;;;;;;;;
TV;9;12117;RAMBLER 10 EC/ADMIRAL 10 EC;32;;;;;;;;
TV;9;12133;JUVINAL 10 EC;6,75;;;;;;;;
TV;9;12138;R6 ERRESEI TREVI;2152;;;;;;;;
TV;9;12170;HELIOCUIVRE;8650;;;;;;;;
TV;9;12172;FERRAMOL;72;;;;;;;;
TV;9;12174;V.I.P. FLOW;2620,8;;;;;;;;
TV;9;12177;VITTORIA 24 SC;0,2;;;;;;;;
TV;9;12192;GRANSTAR 50 SX;0,28;;;;;;;;
TV;9;12199;SILBOT MZ 60;755;;;;;;;;
TV;9;12200;SILBOT R/DYMO R;1500;;;;;;;;
TV;9;12202;ZEMIX R;4089;;;;;;;;
TV;9;12211;MEDOR;145,5;;;;;;;;
TV;9;12212;PENTHIUM EC;75,55;;;;;;;;
TV;9;12215;VEBIPHOS 7,5;447;;;;;;;;
TV;9;12225;TEPPEKI;24,76;;;;;;;;
TV;9;12235;FERRAMOL ESCA LUMACHICIDA;5;;;;;;;;
TV;9;12243;MANTIR DG;569;;;;;;;;
TV;9;12245;ROUNDUP 360 POWER;7845;;;;;;;;
TV;9;12250;PENCOR COMBI;10;;;;;;;;
TV;9;12260;TECNOCONTROL EXTRA;4;;;;;;;;
TV;9;12262;VALBON;48;;;;;;;;
TV;9;12263;VONDOZEB DG;6350;;;;;;;;
TV;9;12270;UNICORN DF;743;;;;;;;;
TV;9;12285;FORUM GOLD;1511;;;;;;;;
TV;9;12297;TRIBASE TWIN;5,25;;;;;;;;
TV;9;12298;GUNNER SC;94;;;;;;;;
TV;9;12313;TOPAS HOBBY;1,63;;;;;;;;
TV;9;12314;SCORE HOBBY;1,28;;;;;;;;
TV;9;12315;ORTIVA HOBBY;4,07;;;;;;;;
TV;9;12317;DACOL L 20;12;;;;;;;;
TV;9;12318;VIVER;24;;;;;;;;
TV;9;12320;PERSHING;1;;;;;;;;
TV;9;12322;SWITCH HOBBY/COMPO MUFFA STOP;0,25;;;;;;;;
TV;9;12325;MESUROL M PLUS;2176,6;;;;;;;;
TV;9;12330;DEDALUS SE;1246,9;;;;;;;;
TV;9;12344;VEBITHRIN 5 EC;14,4;;;;;;;;
TV;9;12361;ALGEDI;16,4;;;;;;;;
TV;9;12364;OROVIT TRIPLO;50;;;;;;;;
TV;9;12381;NU-FILM P;496;;;;;;;;
TV;9;12383;RIDOMIL GOLD MZ PEPITE;6736;;;;;;;;
TV;9;12391;FUEGO;29;;;;;;;;
TV;9;12393;COPPERCIM WG;37,25;;;;;;;;
TV;9;12395;CUTRIL TOP;132;;;;;;;;
TV;9;12399;GANZO;374;;;;;;;;
TV;9;12420;TB 20 DG;6;;;;;;;;
TV;9;12437;DELAN 70 WG;851;;;;;;;;
TV;9;12452;EQUIP;498;;;;;;;;
TV;9;12453;MILDICUT;9139;;;;;;;;
TV;9;12455;DAZIDE ENHANCE;3;;;;;;;;
TV;9;12470;OLIOCIN GIARDINO;2;;;;;;;;
TV;9;12482;LUMAX;18034,1;;;;;;;;
TV;9;12491;CIPERTHRIN PLUS;377;;;;;;;;
TV;9;12504;FLOWBRIX;1995;;;;;;;;
TV;9;12505;FLOWBRIX BLU;6;;;;;;;;
TV;9;12514;VIPER;120;;;;;;;;
TV;9;12522;METRO;35;;;;;;;;
TV;9;12525;BLUECONTACT;3;;;;;;;;
TV;9;12526;SWAN;12;;;;;;;;
TV;9;12528;CABRIO TOP;918;;;;;;;;
TV;9;12529;TUCANA 25 EC;493;;;;;;;;
TV;9;12534;FOXTAIL;320,4;;;;;;;;
TV;9;12538;MYSTIC 25 WG;219;;;;;;;;
TV;9;12540;REGRAN SL;36;;;;;;;;
TV;9;12553;VEBIPYR;3,8;;;;;;;;
TV;9;12560;METHIOR;11,4;;;;;;;;
TV;9;12566;PYGANIC 1.4;1133,57;;;;;;;;
TV;9;12568;SPRINTEX NEW L;55;;;;;;;;
TV;9;12573;EKO OIL SPRAY;613,25;;;;;;;;
TV;9;12574;ICARUS EW;60;;;;;;;;
TV;9;12578;RANMAN;14;;;;;;;;
TV;9;12582;LINFA PIRETRO NATURALE;2,55;;;;;;;;
TV;9;12584;AVIATOR;5312;;;;;;;;
TV;9;12590;DIASTAR MAXI;1030;;;;;;;;
TV;9;12598;GRANSTAR POWER SX;97,01;;;;;;;;
TV;9;12622;QUANTUM;3587;;;;;;;;
TV;9;12625;EFUZIN 355 SC/FULLDINA 35 FL;263;;;;;;;;
TV;9;12627;DANADIM 400;240;;;;;;;;
TV;9;12628;SERENADE MAX;277;;;;;;;;
TV;9;12629;BUGGY 360 SG N.E.T.;753,5;;;;;;;;
TV;9;12636;QUASAR 6/24 R;11594;;;;;;;;
TV;9;12647;GLITTER;1046;;;;;;;;
TV;9;12650;NUPRID 200 SL;6,67;;;;;;;;
TV;9;12661;SCUDEX WDG;8;;;;;;;;
TV;9;12671;HARMONY 50 SX;113,49;;;;;;;;
TV;9;12686;CHAMAN;385,19;;;;;;;;
TV;9;12696;TEBUZOL S DISPERSS;1054;;;;;;;;
TV;9;12706;PERMIT;1,5;;;;;;;;
TV;9;12710;CALIPER-EC;116;;;;;;;;
TV;9;12714;KELLY R DF;1720;;;;;;;;
TV;9;12722;OSSICLOR 20 FLOW;17;;;;;;;;
TV;9;12723;OSSICLOR 20 BLU FLOW;90;;;;;;;;
TV;9;12730;BATER;210;;;;;;;;
TV;9;12731;MICLOTOP PROGRESS;36;;;;;;;;
TV;9;12734;JUPITER R DF;1016,8;;;;;;;;
TV;9;12737;AIRONE PIU';3277;;;;;;;;
TV;9;12738;KING 360 HP;8882;;;;;;;;
TV;9;12747;CUPRAVIT BLU WG;98,8;;;;;;;;
TV;9;12748;GRIFON PIU';5246;;;;;;;;
TV;9;12754;KUPRUM TOP 30 WG;69;;;;;;;;
TV;9;12756;DICOTEX;66;;;;;;;;
TV;9;12759;OSSICLOR 35 WG;11608,2;;;;;;;;
TV;9;12768;SPINTOR FLY;7,5;;;;;;;;
TV;9;12770;ALAR 85 GOLD;2;;;;;;;;
TV;9;12779;RAMEDIT COMBI WG;992;;;;;;;;
TV;9;12784;FARO WG;78;;;;;;;;
TV;9;12785;CHECKMATE CM-XL;1;;;;;;;;
TV;9;12788;ADIGOR;315;;;;;;;;
TV;9;12806;FEDOR;614;;;;;;;;
TV;9;12808;GLOBAL SC;1,3;;;;;;;;
TV;9;12813;AMISTAR XTRA;506,68;;;;;;;;
TV;9;12824;MERLIN EXPERT;36;;;;;;;;
TV;9;12827;PREMIER ZR/ELECTIS R;1656;;;;;;;;
TV;9;12828;SITOFEX;83;;;;;;;;
TV;9;12831;INSIGNIA;4;;;;;;;;
TV;9;12832;OPERA;486;;;;;;;;
TV;9;12834;ISONET L PLUS;1,9;;;;;;;;
TV;9;12835;ISONET LE;221;;;;;;;;
TV;9;12837;ARIUS SYSTEM PLUS;1392;;;;;;;;
TV;9;12843;CHECKMATE CM-F;8,13;;;;;;;;
TV;9;12844;CHECKMATE OFM-F;2,73;;;;;;;;
TV;9;12849;BENPROP PRO/GEMINI;0,1;;;;;;;;
TV;9;12850;PRADO;144;;;;;;;;
TV;9;12853;SONG;151;;;;;;;;
TV;9;12858;PRODIGY;65;;;;;;;;
TV;9;12859;BORNEO;10,98;;;;;;;;
TV;9;12862;CANTUS;541,6;;;;;;;;
TV;9;12863;FLORAMITE 240 SC;1,75;;;;;;;;
TV;9;12866;COLLIS;99;;;;;;;;
TV;9;12868;BELLIS;79;;;;;;;;
TV;9;12869;SIGNUM;1490;;;;;;;;
TV;9;12870;FANTIC M BLU;1;;;;;;;;
TV;9;12878;RIDOMIL GOLD COMBI PEPITE;15779;;;;;;;;
TV;9;12880;ATLANTIS WG;24,5;;;;;;;;
TV;9;12881;HUSSAR MAXX;12;;;;;;;;
TV;9;12883;PROSPER 300 CS;4313;;;;;;;;
TV;9;12884;BATAM;188;;;;;;;;
TV;9;12886;KARATHANE STAR;1964;;;;;;;;
TV;9;12888;LEPINOX PLUS;413;;;;;;;;
TV;9;12889;PICKER SC;2,6;;;;;;;;
TV;9;12901;FARO;1;;;;;;;;
TV;9;12903;DOLESE WG;13;;;;;;;;
TV;9;12910;DRIBBLING;182;;;;;;;;
TV;9;12916;CYMONE 25 WP;508;;;;;;;;
TV;9;12918;CALYPSO GARDEN PROTECTOR PPO;5,8;;;;;;;;
TV;9;12920;AGORA;27,79;;;;;;;;
TV;9;12924;JUPITER WG;1439;;;;;;;;
TV;9;12940;KARATE ZEON 1.5;623,5;;;;;;;;
TV;9;12973;GLYFOS RAPID;967;;;;;;;;
TV;9;12992;BAGNANTE PLUS;190;;;;;;;;
TV;9;12995;RADICO;1,6;;;;;;;;
TV;9;13005;PROMAG;7,6;;;;;;;;
TV;9;13018;GONDOR;40;;;;;;;;
TV;9;13020;MICRORAM 35 WG;13,05;;;;;;;;
TV;9;13026;SUSCON;3,15;;;;;;;;
TV;9;13039;POTCLEAN 2G;99,3;;;;;;;;
TV;9;13042;MICRORAM 20 FLOW;1820;;;;;;;;
TV;9;13045;CALYPSO PROTECTOR AL;116,4;;;;;;;;
TV;9;13049;SULCOGAN;93;;;;;;;;
TV;9;13055;MACHO;1646;;;;;;;;
TV;9;13061;BIOBIT DF;49;;;;;;;;
TV;9;13062;DIPEL DF;5;;;;;;;;
TV;9;13063;REGULEX 10 SG;0,2;;;;;;;;
TV;9;13064;VITENE ULTRA SC;1166;;;;;;;;
TV;9;13065;DOMARK 125;196,5;;;;;;;;
TV;9;13072;MANNIX;28,5;;;;;;;;
TV;9;13081;NISSORUN;0,4;;;;;;;;
TV;9;13083;CURZATE EFFE;2735;;;;;;;;
TV;9;13084;TELDOR PLUS;3409,5;;;;;;;;
TV;9;13093;STOMP AQUA;3910;;;;;;;;
TV;9;13098;ROUNDUP POWER 2.0;492;;;;;;;;
TV;9;13104;ALGOR PLATIN;115;;;;;;;;
TV;9;13107;BINAL CB;9;;;;;;;;
TV;9;13108;CURAME BORDEAUX;68;;;;;;;;
TV;9;13111;THIOCUR FORTE;1380,94;;;;;;;;
TV;9;13120;MYSTIC 430 SC;9;;;;;;;;
TV;9;13126;CABRIO DUO;108;;;;;;;;
TV;9;13127;VALIS F;615;;;;;;;;
TV;9;13128;GOLTIX 50 WG;179;;;;;;;;
TV;9;13129;BREAK-THRU S240;1;;;;;;;;
TV;9;13130;GUNNER WG;13;;;;;;;;
TV;9;13131;PROPY PRONTO;1,5;;;;;;;;
TV;9;13133;NIBER 35 WG;741,5;;;;;;;;
TV;9;13134;AMALINE;180;;;;;;;;
TV;9;13140;POLTIGLIA BORDOLESE 20 D.F. AGRISYSTEM;32;;;;;;;;
TV;9;13143;MEZENE WG;154;;;;;;;;
TV;9;13149;POLTIGLIA MANICA 20 WG;3666;;;;;;;;
TV;9;13150;CURAME 35 WG;539;;;;;;;;
TV;9;13152;OPTIX R DISPERSS;10;;;;;;;;
TV;9;13153;BANVEL S;4;;;;;;;;
TV;9;13158;REMEDIER;374;;;;;;;;
TV;9;13160;FORUM TOP;5830;;;;;;;;
TV;9;13167;POMARSOL 80 WG;464;;;;;;;;
TV;9;13168;LAUDIS;1298,2;;;;;;;;
TV;9;13172;CREW 40 OD;36;;;;;;;;
TV;9;13178;AZUL MZ 75 WG;7455;;;;;;;;
TV;9;13179;PLAYER COMBI SC;735;;;;;;;;
TV;9;13180;AZUL MZ 80 WP;367;;;;;;;;
TV;9;13182;RAMSOL-F2;8;;;;;;;;
TV;9;13185;SIATTOL;12,5;;;;;;;;
TV;9;13186;TITUS MAIS EXTRA;81,66;;;;;;;;
TV;9;13190;FUNGISOL 80 WDG;300;;;;;;;;
TV;9;13205;ZOLFO MANICA SCORREVOLE DOPPIO RAFFINATO;6735;;;;;;;;
TV;9;13212;CONFIDOR 200 O-TEQ;10,45;;;;;;;;
TV;9;13213;R6 ERRESEI ALBIS;17281;;;;;;;;
TV;9;13214;ZOLFO RAMATO 3;5625;;;;;;;;
TV;9;13215;COMPO FAZILO PRONTO USO;15,75;;;;;;;;
TV;9;13222;DUOKAR 4,5 EW PRO;1254;;;;;;;;
TV;9;13225;AGRIDIF/FRISBEE;5;;;;;;;;
TV;9;13236;BULLET;823;;;;;;;;
TV;9;13242;NICOGAN V.O.;1020;;;;;;;;
TV;9;13249;ZOLFO VENTILATO STELLA RAMATO S;2575;;;;;;;;
TV;9;13250;ZOLFO VENTILATO STELLA RAMATO B;5860;;;;;;;;
TV;9;13252;PLAYER 250 SC;956;;;;;;;;
TV;9;13253;PLAYER SC;2406;;;;;;;;
TV;9;13255;PLAYER GR;255;;;;;;;;
TV;9;13261;VERDERAME 20 DF;7;;;;;;;;
TV;9;13263;BORDORAM 20 WG;19;;;;;;;;
TV;9;13283;GARAK;36;;;;;;;;
TV;9;13290;ZOLFO MANICA DOPPIO RAFFINATO VENTILATO RAMATO 3% NEW;11377;;;;;;;;
TV;9;13296;POKER 7,5;184;;;;;;;;
TV;9;13297;TRAPPER GR;14;;;;;;;;
TV;9;13298;QUANTUM F;1830;;;;;;;;
TV;9;13299;MAGIO';94;;;;;;;;
TV;9;13307;BERLINA;10;;;;;;;;
TV;9;13309;DRAKE 26;57;;;;;;;;
TV;9;13313;CASPER;63;;;;;;;;
TV;9;13323;SULFY 80 WDG;39,6;;;;;;;;
TV;9;13324;CUPRIZOL S;17,5;;;;;;;;
TV;9;13327;GRANSTAR ULTRA SX;79,48;;;;;;;;
TV;9;13329;OMNEX 10 EC;360;;;;;;;;
TV;9;13350;TAU AL;35,5;;;;;;;;
TV;9;13352;DIREX 7,5 GR;390;;;;;;;;
TV;9;13354;DIFFERENCE;13;;;;;;;;
TV;9;13355;TRONE;11;;;;;;;;
TV;9;13361;DECIS ENERGY O-TEQ;75,58;;;;;;;;
TV;9;13364;OXYFLOWER;1,8;;;;;;;;
TV;9;13365;ZOLFO DOPPIO VENTILATO SCORREVOLE 95% S ZOLFINDUSTRIA;2480;;;;;;;;
TV;9;13367;DIVO;47;;;;;;;;
TV;9;13370;WARRANT 200 SL;345,5;;;;;;;;
TV;9;13375;NUPRID 200 SC;9;;;;;;;;
TV;9;13382;PERGADO SC;1143;;;;;;;;
TV;9;13385;PROLINE;1;;;;;;;;
TV;9;13386;PROSARO;526,8;;;;;;;;
TV;9;13387;FLORAMIX;91,69;;;;;;;;
TV;9;13389;AFFIRM;2655;;;;;;;;
TV;9;13390;TEBUSIP 46;516;;;;;;;;
TV;9;13391;CYTHRIN 50 EC;2,1;;;;;;;;
TV;9;13394;IMIDASECT;0,25;;;;;;;;
TV;9;13402;LUMA-KL;175;;;;;;;;
TV;9;13403;GLOXY;60;;;;;;;;
TV;9;13409;SILFUR WG;141;;;;;;;;
TV;9;13410;FRUTTENE 76 WG;457;;;;;;;;
TV;9;13414;ARES 5 SC;2,5;;;;;;;;
TV;9;13429;PATROL 35 WP;3800;;;;;;;;
TV;9;13440;SATEL;161,95;;;;;;;;
TV;9;13443;FUNGIBEN;1443;;;;;;;;
TV;9;13451;SPARVIERO;17,5;;;;;;;;
TV;9;13455;ANTIGRAM GOLD;3941;;;;;;;;
TV;9;13458;ZARADO;1144;;;;;;;;
TV;9;13466;SPOTLIGHT PLUS;1791;;;;;;;;
TV;9;13468;CLINER;61,97;;;;;;;;
TV;9;13472;ALIEN;216;;;;;;;;
TV;9;13477;APHID/ZORRO;1,25;;;;;;;;
TV;9;13485;FOLPEC 80 WG ADVANCE;8150;;;;;;;;
TV;9;13486;JUDO;1;;;;;;;;
TV;9;13489;CYMBAL;220,5;;;;;;;;
TV;9;13492;V.I.P. WDG;134;;;;;;;;
TV;9;13493;COBOX 35 WP/OSSICLOR 35 PB;1080;;;;;;;;
TV;9;13505;CLICK DUO;353;;;;;;;;
TV;9;13521;HELIOCUIVRE S;225,9;;;;;;;;
TV;9;13522;SPIDER KILL;1;;;;;;;;
TV;9;13536;SAFRAN;2;;;;;;;;
TV;9;13540;QUASAR R FLOW;3007,25;;;;;;;;
TV;9;13542;FANTIC M NC;15;;;;;;;;
TV;9;13544;STADIO M;60;;;;;;;;
TV;9;13546;FLARE GOLD MZ PEPITE;250;;;;;;;;
TV;9;13549;TIPTOR XCELL;110;;;;;;;;
TV;9;13551;GIOVE;4;;;;;;;;
TV;9;13555;SHUT TWIN;208;;;;;;;;
TV;9;13559;NEXOL 200 EW;8;;;;;;;;
TV;9;13560;FORZA;132;;;;;;;;
TV;9;13565;PASTA ISAGRO BLU;43;;;;;;;;
TV;9;13576;RAMEPLANT WG;313;;;;;;;;
TV;9;13578;RAME CAFFARO BLU WG NEW;834;;;;;;;;
TV;9;13579;COPPER 12;62,75;;;;;;;;
TV;9;13581;TIOGEL 80 WDG;10215;;;;;;;;
TV;9;13585;SOLOFOL;1595;;;;;;;;
TV;9;13586;VERDERAME 20 WG;56,8;;;;;;;;
TV;9;13592;VOLARE;131;;;;;;;;
TV;9;13600;ZOLFO S.A.I.M. DOPPIO VENTILATO SCORREVOLE 95% MARCA FLORISTELLA;2755;;;;;;;;
TV;9;13604;ZOLFO S.A.I.M. RAFFINATO DOPPIO VENTILATO RAMATO 5%;8870;;;;;;;;
TV;9;13607;NOBIL;1;;;;;;;;
TV;9;13608;MEXTROL SUPERB;108;;;;;;;;
TV;9;13610;CLINIC SPECTRUM;54,2;;;;;;;;
TV;9;13612;BABEL 400;594;;;;;;;;
TV;9;13635;POLTIGLIA 20 PB MANICA;4479;;;;;;;;
TV;9;13637;PERGADO F;4438;;;;;;;;
TV;9;13639;ACRAMITE 480 SC;0,4;;;;;;;;
TV;9;13640;IMPRINT;62,45;;;;;;;;
TV;9;13646;SENTRY;61;;;;;;;;
TV;9;13647;NEORAM BLU WG;3096;;;;;;;;
TV;9;13648;SIARAM 20 WG;12904;;;;;;;;
TV;9;13651;SPECTRO;11,5;;;;;;;;
TV;9;13682;FOLICUR GIARDINO;0,75;;;;;;;;
TV;9;13683;COMPO DUAXO PRONTO USO;18;;;;;;;;
TV;9;13691;TRIDAN COMBI T;70;;;;;;;;
TV;9;13698;VIVANDO;1514,1;;;;;;;;
TV;9;13702;GEOTOX 7,5 C;2358;;;;;;;;
TV;9;13709;U 46 PRATI;116;;;;;;;;
TV;9;13711;QUIZA 5 EC;1570,1;;;;;;;;
TV;9;13714;FOLPEC 40 SC;3260;;;;;;;;
TV;9;13716;CAPTAN ARVESTA 80 WG;14;;;;;;;;
TV;9;13719;THIAMON 80 PLUS;49768;;;;;;;;
TV;9;13720;ROTIOFEN QUICK;1,2;;;;;;;;
TV;9;13721;AFIDINA QUICK;37,92;;;;;;;;
TV;9;13722;CAL-EX 1.9 EC;52;;;;;;;;
TV;9;13741;SELECTA DISPERSS;19;;;;;;;;
TV;9;13742;PERGADO MZ;2845;;;;;;;;
TV;9;13743;KUKAR 22;2;;;;;;;;
TV;9;13760;ORYTIS EW;0,12;;;;;;;;
TV;9;13771;NIMROD 250 EW;188;;;;;;;;
TV;9;13775;VITASAN 80 WP;400;;;;;;;;
TV;9;13785;QUANTUM MZ;6727;;;;;;;;
TV;9;13786;QUANTUM R;5606,5;;;;;;;;
TV;9;13787;STINGS R;50;;;;;;;;
TV;9;13791;GEATER-STAR;79,5;;;;;;;;
TV;9;13792;STABILAN;7;;;;;;;;
TV;9;13793;RUNNER M;1272;;;;;;;;
TV;9;13794;SPADA WDG;9,5;;;;;;;;
TV;9;13797;ELIOS WG;67;;;;;;;;
TV;9;13801;TOUCHDOWN HOBBY;5,25;;;;;;;;
TV;9;13812;NOTO 40 OD;56;;;;;;;;
TV;9;13815;TUTOR 18-15;578;;;;;;;;
TV;9;13817;ALIAL WG;1539;;;;;;;;
TV;9;13818;ALIAL TRIPLE WP;1154;;;;;;;;
TV;9;13820;BAYTEROID 25 EC;25;;;;;;;;
TV;9;13823;ALVERDE;29,13;;;;;;;;
TV;9;13828;ELEGANT 05 EC;30;;;;;;;;
TV;9;13843;ZELIG 480 EC;5952;;;;;;;;
TV;9;13852;DIQUA;5;;;;;;;;
TV;9;13857;CRODIX GEO/MINUET GEO;2425,75;;;;;;;;
TV;9;13858;MEDIATOR EXTRA SL;16,14;;;;;;;;
TV;9;13859;MADEX 100;8,2;;;;;;;;
TV;9;13876;APACHE;733;;;;;;;;
TV;9;13877;KITT PRONTO;7,5;;;;;;;;
TV;9;13885;MICROCOPP NEUTRO FL;70;;;;;;;;
TV;9;13895;EUCRIT F PIU';5;;;;;;;;
TV;9;13901;VERDERAME 20 PB;600;;;;;;;;
TV;9;13905;BANJO;151;;;;;;;;
TV;9;13908;BORDO ISAGRO WG;28666;;;;;;;;
TV;9;13927;ZAMIR 18;96,5;;;;;;;;
TV;9;13928;DYNAMEC EC;42;;;;;;;;
TV;9;13955;MITIGREEN;126;;;;;;;;
TV;9;13981;CORAGEN;826,7;;;;;;;;
TV;9;13998;PYRUS 400 SC;2523,4;;;;;;;;
TV;9;14005;CLORTOSIP 500 SC;571;;;;;;;;
TV;9;14006;INDIPENDENT 25 PB;2;;;;;;;;
TV;9;14014;TB FLOW;17;;;;;;;;
TV;9;14018;BASIC;600;;;;;;;;
TV;9;14020;LIDAL;688;;;;;;;;
TV;9;14021;BREK DUO;30;;;;;;;;
TV;9;14023;SUPPORT 10EC;1890;;;;;;;;
TV;9;14024;PERFIL 10 WP;55,5;;;;;;;;
TV;9;14034;CURENOX TOP MICRO;227,6;;;;;;;;
TV;9;14035;WINCH 40 WDG;8,7;;;;;;;;
TV;9;14042;SUPRAFOS EC;76;;;;;;;;
TV;9;14044;JOKER 480;2;;;;;;;;
TV;9;14052;PRODEO 80 WG;331;;;;;;;;
TV;9;14056;RODIBAIT;42,3;;;;;;;;
TV;9;14058;FEINZIN 70 DF;1364,25;;;;;;;;
TV;9;14062;ZOXIUM 240 SC;2359,35;;;;;;;;
TV;9;14074;TRINEX 250 EW;0,2;;;;;;;;
TV;9;14076;CYPRUS 25 DF;38,4;;;;;;;;
TV;9;14077;CHAMP 20 DF;4810;;;;;;;;
TV;9;14078;RAMCY 44 WG;103;;;;;;;;
TV;9;14080;MIZAR;46;;;;;;;;
TV;9;14092;AGRORAT B;51,05;;;;;;;;
TV;9;14098;CRITTOX GD 75;4300;;;;;;;;
TV;9;14099;ASPOR WDG;9220;;;;;;;;
TV;9;14100;KANEMITE;3;;;;;;;;
TV;9;14101;CARAMBA;145;;;;;;;;
TV;9;14102;BORDOFLOW NEW;520;;;;;;;;
TV;9;14107;MICROBAGNABILE SC;5;;;;;;;;
TV;9;14123;ZETARAM NEW TECH;10224;;;;;;;;
TV;9;14127;MEVAXIL COBRE;1533,5;;;;;;;;
TV;9;14128;ZIGNAL;978;;;;;;;;
TV;9;14130;PERSHING 44 EC;18;;;;;;;;
TV;9;14135;GRENADIER 75 DF;1,05;;;;;;;;
TV;9;14136;OBERON;3;;;;;;;;
TV;9;14137;ALTACOR;24,6;;;;;;;;
TV;9;14154;PIRETRO ACTIGREEN;22,18;;;;;;;;
TV;9;14155;KOMPASS/GRIFON FL;1020;;;;;;;;
TV;9;14156;CURZATE R WG;2160;;;;;;;;
TV;9;14163;SARMOX 440 WG;243;;;;;;;;
TV;9;14164;TRIKA ZETA;2579;;;;;;;;
TV;9;14166;ZETOR;38;;;;;;;;
TV;9;14169;PERGADO R;3471;;;;;;;;
TV;9;14178;TRI-BASE;11,2;;;;;;;;
TV;9;14182;ARES 25 WG;387;;;;;;;;
TV;9;14184;GALATAS PLUS;29;;;;;;;;
TV;9;14193;SARMOX 45 DG;141,85;;;;;;;;
TV;9;14208;CLOPIR CE;6,5;;;;;;;;
TV;9;14241;PROP READY;7;;;;;;;;
TV;9;14245;GOLEM;18,75;;;;;;;;
TV;9;14248;CLOR QUICK;39,1;;;;;;;;
TV;9;14254;BILO 7,5 C;161;;;;;;;;
TV;9;14257;UNDERLINE 0,2 G;710;;;;;;;;
TV;9;14281;BUCTRIL UNIVERSAL;22;;;;;;;;
TV;9;14283;FLUOROX;0,2;;;;;;;;
TV;9;14285;CUPRAVIT BLU FLOW NF;8;;;;;;;;
TV;9;14290;KOHINOR 200 SL;396,05;;;;;;;;
TV;9;14294;EXECUTIVE;3;;;;;;;;
TV;9;14333;DIMILIN SC-15;17;;;;;;;;
TV;9;14336;NEMATHORIN 150 EC;5;;;;;;;;
TV;9;14348;AGRON;1463;;;;;;;;
TV;9;14350;ZOLFO RAMATO 5;40;;;;;;;;
TV;9;14363;U 46 GIARDEN;0,6;;;;;;;;
TV;9;14368;RESOLVA 24H;17,5;;;;;;;;
TV;9;14369;RESOLVA 24H RTU;66,5;;;;;;;;
TV;9;14373;GLINET;28;;;;;;;;
TV;9;14376;MASTER QUICK;4,08;;;;;;;;
TV;9;14381;PYRINET;9,3;;;;;;;;
TV;9;14382;BROMYBLOC;8;;;;;;;;
TV;9;14384;ETOPROSIP G;1080;;;;;;;;
TV;9;14387;NERVURE SUPER;1855;;;;;;;;
TV;9;14389;DESSICASH 200 SL;148;;;;;;;;
TV;9;14405;MERLIN FLEXX;2040;;;;;;;;
TV;9;14407;RUNWAY;281,45;;;;;;;;
TV;9;14409;MOVENTO 48 SC;433,82;;;;;;;;
TV;9;14410;FLINT MAX AL;52,5;;;;;;;;
TV;9;14411;USTINEX AL;12;;;;;;;;
TV;9;14418;PULSAR 40 SL;1013,09;;;;;;;;
TV;9;14419;TRUST SC;1;;;;;;;;
TV;9;14420;TRUST WG;85;;;;;;;;
TV;9;14423;PRIMISOL 80 WDG;130;;;;;;;;
TV;9;14425;MYSTIC COMBI WG;40;;;;;;;;
TV;9;14431;LENTAGRAN 45 WP;36,8;;;;;;;;
TV;9;14432;METRIC;334;;;;;;;;
TV;9;14433;QUBIC R;292;;;;;;;;
TV;9;14434;NUANCE;0,08;;;;;;;;
TV;9;14441;VALZER SC;1;;;;;;;;
TV;9;14459;DEDALUS WDG;98;;;;;;;;
TV;9;14461;CURIT DUO;415;;;;;;;;
TV;9;14465;TAIFUN MK;1831;;;;;;;;
TV;9;14469;ROMIN 600;50;;;;;;;;
TV;9;14472;PARTNER EC;118;;;;;;;;
TV;9;14474;TEBUSIP COMBI;1928,5;;;;;;;;
TV;9;14481;KORTHANE M;52,5;;;;;;;;
TV;9;14488;ANTRACOL 70 WG;1680;;;;;;;;
TV;9;14491;QUBIC MZ;3560;;;;;;;;
TV;9;14510;ELECTIS TRIO;1324;;;;;;;;
TV;9;14517;EMENDO F;60;;;;;;;;
TV;9;14525;MAROX SX;4;;;;;;;;
TV;9;14527;SUDOKU TOP;29;;;;;;;;
TV;9;14541;RAVENAS EXTRA;33;;;;;;;;
TV;9;14550;HOOK 480 PLUS;51;;;;;;;;
TV;9;14572;ARDITO 10 EC;3;;;;;;;;
TV;9;14575;TRIMMER SX;6,56;;;;;;;;
TV;9;14576;CUTRIL EVO;2530;;;;;;;;
TV;9;14577;FORUM R 3B;23061;;;;;;;;
TV;9;14579;RAMIN 30 DF;750;;;;;;;;
TV;9;14580;ROBO' EC;0,6;;;;;;;;
TV;9;14629;GAT TESSLA 25 WG;91;;;;;;;;
TV;9;14636;BIOLID UP;1090;;;;;;;;
TV;9;14638;NETOR;204;;;;;;;;
TV;9;14642;RIDOMIL GOLD R WG;16095;;;;;;;;
TV;9;14643;CENTIUM 36 CS;376;;;;;;;;
TV;9;14664;BERELEX 40 SG;0,18;;;;;;;;
TV;9;14684;SUPERBO;93;;;;;;;;
TV;9;14686;KOCIDE OPTI;5520;;;;;;;;
TV;9;14697;ENERVIN DUO;129;;;;;;;;
TV;9;14699;GEOXE;10,5;;;;;;;;
TV;9;14735;RANMAN TOP;10;;;;;;;;
TV;9;14737;ROUNDUP PLATINUM;13941;;;;;;;;
TV;9;14739;DECIS PROTECT;165;;;;;;;;
TV;9;14755;CEREBAS GOLD;88;;;;;;;;
TV;9;14756;ISOMEXX/PRESSING 20 WG;0,02;;;;;;;;
TV;9;14758;KARATE WITH ZEON TECHNOLOGY 1.5 HOBBY;54,42;;;;;;;;
TV;9;14764;SLUXX;390;;;;;;;;
TV;9;14765;ELUMIS;142;;;;;;;;
TV;9;14766;ACTARA 240 SC;102;;;;;;;;
TV;9;14769;COMET 250 EC;21;;;;;;;;
TV;9;14785;DRISCOLL;70,61;;;;;;;;
TV;9;14792;MELODY TREVI;314;;;;;;;;
TV;9;14794;MYSTIC CLASS;1360;;;;;;;;
TV;9;14796;ATOMINAL 10 EC;8;;;;;;;;
TV;9;14797;INFLOOR 200 SL;0,42;;;;;;;;
TV;9;14798;DIFLORON 200 SL;6,25;;;;;;;;
TV;9;14799;AFLOR 200 SL;25,12;;;;;;;;
TV;9;14802;POSITRON TRIO WG/CURIT TRIO;1117;;;;;;;;
TV;9;14803;ELECTIS ZR;13;;;;;;;;
TV;9;14804;COPPER - DF;17;;;;;;;;
TV;9;14805;QUASAR MZ WG;1930;;;;;;;;
TV;9;14806;LUNA PRIVILEGE;209;;;;;;;;
TV;9;14807;LUZINDO;511,25;;;;;;;;
TV;9;14809;CUPRAVIT BIO EVOLUTION;1063;;;;;;;;
TV;9;14812;ENERVIN TOP;12310;;;;;;;;
TV;9;14815;ADENGO;11686,08;;;;;;;;
TV;9;14818;ACANTO;406;;;;;;;;
TV;9;14826;PYREOS EXTRA SL;6,9;;;;;;;;
TV;9;14830;CUPROFIX ULTRA DISPERSS;1500;;;;;;;;
TV;9;14837;GLIFOSAR FLASH;1360;;;;;;;;
TV;9;14844;CLUSTER 500;16;;;;;;;;
TV;9;14845;MYSTIC PLUS S;192;;;;;;;;
TV;9;14857;ABOTRIL 500;1;;;;;;;;
TV;9;14867;SYNERO;34;;;;;;;;
TV;9;14868;IDROX 22 NEW;394;;;;;;;;
TV;9;14870;ASSORAM ELITE WG;10;;;;;;;;
TV;9;14872;BELLIS DRUPACEE;55;;;;;;;;
TV;9;14876;GRANDSTAND;25;;;;;;;;
TV;9;14879;LONTREL 72 SG;1,2;;;;;;;;
TV;9;14884;CORUM;4493,5;;;;;;;;
TV;9;14890;SANBLIGHT;195;;;;;;;;
TV;9;14891;TRICO;1;;;;;;;;
TV;9;14894;LANNATE 25 WP;20;;;;;;;;
TV;9;14895;LANNATE 20 SL;22,5;;;;;;;;
TV;9;14901;CONCORDE 125;94,5;;;;;;;;
TV;9;14909;NURELLE 5;26;;;;;;;;
TV;9;14915;REPLAY;30;;;;;;;;
TV;9;14931;GRISU;27;;;;;;;;
TV;9;14935;TRAXOS ONE;53;;;;;;;;
TV;9;14936;AMPLIGO;400,5;;;;;;;;
TV;9;14948;ACTARA HOBBY;1,35;;;;;;;;
TV;9;14951;BOTECTOR;113,4;;;;;;;;
TV;9;14967;TIPTOR ULTRA;40;;;;;;;;
TV;9;14969;HOPPER 480;160;;;;;;;;
TV;9;14972;DICARZOL 50 SP;2;;;;;;;;
TV;9;14974;BELEM 0.8 MG;912;;;;;;;;
TV;9;14980;AFFINITY PLUS;307;;;;;;;;
TV;9;14985;RETENGO PLUS;3;;;;;;;;
TV;9;15006;TRAXOS PRONTO;4;;;;;;;;
TV;9;15008;LBG - 01F34;1266;;;;;;;;
TV;9;15011;SPI EC;3,15;;;;;;;;
TV;9;15012;NATRIA ERBICIDA PRONTO USO;28,75;;;;;;;;
TV;9;15013;NATRIA LUMACHICIDA;329,5;;;;;;;;
TV;9;15014;NATRIA ERBICIDA;18,5;;;;;;;;
TV;9;15019;RIVIERA;479;;;;;;;;
TV;9;15023;DERREX;20;;;;;;;;
TV;9;15024;MESUROL 200 SC;40;;;;;;;;
TV;9;15034;DICOPHAR;10,8;;;;;;;;
TV;9;15036;PROPIFLOWER;25,5;;;;;;;;
TV;9;15037;BREZZA;296;;;;;;;;
TV;9;15041;OPINION ECNA;27,5;;;;;;;;
TV;9;15047;R6 ERRESEI BORDEAUX WG;5872,85;;;;;;;;
TV;9;15049;MODDUS;58;;;;;;;;
TV;9;15050;VERTIMEC PRO;99;;;;;;;;
TV;9;15052;KAIMO SORBIE;59;;;;;;;;
TV;9;15054;CONTENDER 80 WG;775;;;;;;;;
TV;9;15057;DICOTEX RTU;9,5;;;;;;;;
TV;9;15058;PRINCIPAL MAIS;157,08;;;;;;;;
TV;9;15059;DECIS EVO;654,75;;;;;;;;
TV;9;15063;NIMBLE;2,8;;;;;;;;
TV;9;15064;MAESTRO WG ADVANCE;80;;;;;;;;
TV;9;15068;RITMUS;60;;;;;;;;
TV;9;15071;EVOLUTION;299;;;;;;;;
TV;9;15073;ZETYL WP;1090;;;;;;;;
TV;9;15084;DRUM;471,5;;;;;;;;
TV;9;15085;VITISAN 45 WG;40;;;;;;;;
TV;9;15093;CENTURIO;85;;;;;;;;
TV;9;15094;FOSBEL 80 WG;8067;;;;;;;;
TV;9;15101;CIMORAM ULTRA WG;111;;;;;;;;
TV;9;15102;VITENE R WG;3999;;;;;;;;
TV;9;15107;SAMSON EXTRA 6 OD;95;;;;;;;;
TV;9;15111;MIRADOR SC/PRIORI;140;;;;;;;;
TV;9;15116;ELIOS R;480;;;;;;;;
TV;9;15119;FORTEZZA;15;;;;;;;;
TV;9;15123;ALTAIR 4,5 EW;1402;;;;;;;;
TV;9;15124;ZANTARA;33;;;;;;;;
TV;9;15125;PROLECTUS;160;;;;;;;;
TV;9;15130;INTREPID;732;;;;;;;;
TV;9;15135;OLEOSAN PLUS;9;;;;;;;;
TV;9;15148;ENVIROMITE 480 SC;1;;;;;;;;
TV;9;15149;PRIMISOL MK;9675;;;;;;;;
TV;9;15168;ZORO 1.9 EW;36;;;;;;;;
TV;9;15181;CIRRUS CS;270;;;;;;;;
TV;9;15184;SATEL GEO;47;;;;;;;;
TV;9;15200;QUALY;534;;;;;;;;
TV;9;15201;FLOXI 355 SC;389;;;;;;;;
TV;9;15214;DELTAPLAN SC;40;;;;;;;;
TV;9;15221;ZETARAM PLUS;2370,5;;;;;;;;
TV;9;15222;FOLICUR COMBI WG;5318;;;;;;;;
TV;9;15230;APPLAUD 25 WP;4;;;;;;;;
TV;9;15250;COPRANTOL DUO;240;;;;;;;;
TV;9;15253;FALCON MK;1511;;;;;;;;
TV;9;15256;FORUM R 3B FLOW;170;;;;;;;;
TV;9;15263;DYNALI;12,75;;;;;;;;
TV;9;15264;ENERVIN SC;597;;;;;;;;
TV;9;15274;ALIAL SYSTEM;70;;;;;;;;
TV;9;15275;KUSTI;193;;;;;;;;
TV;9;15285;PRIMMA STAR;50;;;;;;;;
TV;9;15289;SERENADE NATRIA;2,3;;;;;;;;
TV;9;15292;VERTIARO;10;;;;;;;;
TV;9;15293;BONECO;66,5;;;;;;;;
TV;9;15302;AMYLO-X;1860;;;;;;;;
TV;9;15307;DEDALUS 25 WDG;60;;;;;;;;
TV;9;15310;NISSHIN EXTRA 6 OD;100;;;;;;;;
TV;9;15311;TIZCA;318;;;;;;;;
TV;9;15317;FLARE GOLD COMBI PEPITE;2635;;;;;;;;
TV;9;15325;CORNER MZ WG;36;;;;;;;;
TV;9;15333;APPLAUD PLUS;4089,96;;;;;;;;
TV;9;15340;FEUDO 50 WP;578,2;;;;;;;;
TV;9;15342;FEUDO MZ WDG;525;;;;;;;;
TV;9;15343;FEUDO RD WP;38;;;;;;;;
TV;9;15344;FILAN WG;30;;;;;;;;
TV;9;15348;RIDOMIL GOLD R LIQUIDO;5710;;;;;;;;
TV;9;15356;AVIATOR SC;2518;;;;;;;;
TV;9;15359;VITIL 8-64 WG;4630;;;;;;;;
TV;9;15361;LIETO;464;;;;;;;;
TV;9;15364;DESIGN WG;20;;;;;;;;
TV;9;15371;BELEM PROTEZIONE;6994;;;;;;;;
TV;9;15389;FLARE GOLD R WG;1530;;;;;;;;
TV;9;15392;QUANTUM MZ WDG;1425;;;;;;;;
TV;9;15395;ATHADO 40 SC;555;;;;;;;;
TV;9;15401;TAIFUN MK CL;12213;;;;;;;;
TV;9;15406;DICUMBA;64;;;;;;;;
TV;9;15448;REBEL TOP;185,5;;;;;;;;
TV;9;15449;CIDELY;837;;;;;;;;
TV;9;15451;ELIOS WG TOP;46;;;;;;;;
TV;9;15493;SIMUN 40 OD;193;;;;;;;;
TV;9;15499;SONG 70 WDG;19,75;;;;;;;;
TV;9;15505;SILBOT 500 SC/MORFEUM 500 SC;1239;;;;;;;;
TV;9;15507;CREW SUPERB;20;;;;;;;;
TV;9;15509;MOSAIKO COMBI;142;;;;;;;;
TV;9;15514;CUPRAVIT BLU 35 WG;218,8;;;;;;;;
TV;9;15515;POLTIGLIA 20 PB GREEN;28;;;;;;;;
TV;9;15524;INTERCEPT;50;;;;;;;;
TV;9;15532;TOBAGO 200 SL;1,6;;;;;;;;
TV;9;15569;LOOP 40;407;;;;;;;;
TV;9;15570;TYLAL WG;40;;;;;;;;
TV;9;15572;ZOMINEX;210;;;;;;;;
TV;9;15573;PROMESS SL;33;;;;;;;;
TV;9;15574;KARMA 85;1355;;;;;;;;
TV;9;15591;PREVINT TOP;1172;;;;;;;;
TV;9;15601;MOSAIKO;12;;;;;;;;
TV;9;15603;ERBIFEN K;207;;;;;;;;
TV;9;15610;CYPERKILL 50 EC;93;;;;;;;;
TV;9;15618;FULLDINA 355 SC;122;;;;;;;;
TV;9;15621;BOTTO 50 EC;8;;;;;;;;
TV;9;15623;COSMOS 550 EC;400;;;;;;;;
TV;9;15627;PAPYRUS 400 SC;255;;;;;;;;
TV;9;15630;PALMAS 45% WG;508;;;;;;;;
TV;9;15640;PROLINE STAR;492;;;;;;;;
TV;9;15641;SIATTOL 200 SL;3,5;;;;;;;;
TV;9;15650;TB 25 WG;99;;;;;;;;
TV;9;15651;FLANKER;32;;;;;;;;
TV;9;15661;SENEGO;2,25;;;;;;;;
TV;9;15666;TURNER COMBI;34;;;;;;;;
TV;9;15668;GHIBLI 240 OD;287,5;;;;;;;;
TV;9;15681;LUMADRY ESCA;2079;;;;;;;;
TV;9;15687;MICLOCUR;252;;;;;;;;
TV;9;15690;ALIAL RAMATO;580;;;;;;;;
TV;9;15711;ALSYSTIN;6,5;;;;;;;;
TV;9;15722;ARMICARB 85;1305;;;;;;;;
TV;9;15741;AVADEX FACTOR;70;;;;;;;;
TV;9;15751;VITENE TRIPLO R;349;;;;;;;;
TV;9;15817;GLADIATOR;2;;;;;;;;
TV;9;15828;CLINIC PRONTO PPO;1;;;;;;;;
TV;9;15834;TRACER 120;1;;;;;;;;
TV;9;15841;FLOCTER;80;;;;;;;;
TV;9;15842;AFICIONADO;162;;;;;;;;
TV;9;15844;SLOGAN TOP;399;;;;;;;;
TV;9;15846;BIO ETEFON;1;;;;;;;;
TV;9;15857;R6 ERRESEI PASADOBLE;602;;;;;;;;
TV;9;15900;TRIKA EXPERT;20150,5;;;;;;;;
TV;9;15901;ERCOLE;45821;;;;;;;;
TV;9;15914;RAME ISAGRO WG BLU;410;;;;;;;;
TV;9;15936;IMAZAMOX 40;170;;;;;;;;
TV;9;15948;MULIGAN;1;;;;;;;;
TV;9;15949;PROMEX;9;;;;;;;;
TV;9;15961;RETENGO NEW;716;;;;;;;;
TV;9;15962;LECTRA MZ WG;9460;;;;;;;;
TV;9;15964;ENOVIT METIL FL BETA;310;;;;;;;;
TV;9;15995;PACLOT;7;;;;;;;;
TV;9;16006;DIDICLOR 6;2200;;;;;;;;
TV;9;16049;DELEGATE WG;8;;;;;;;;
TV;9;16051;LENNS;215;;;;;;;;
VE;10;13;THIOPRON;13600;;;;;;;;
VE;10;14;MICROTHIOL;75;;;;;;;;
VE;10;17;U 46 COMBI FLUID;258;;;;;;;;
VE;10;40;ETRAVON SYNGENTA;3962;;;;;;;;
VE;10;133;U 46 D-FLUID;257;;;;;;;;
VE;10;206;ALBENE;1281;;;;;;;;
VE;10;346;BAGIR MAX;4;;;;;;;;
VE;10;449;MOCAP;210;;;;;;;;
VE;10;485;KENYATOX VERDE;1;;;;;;;;
VE;10;630;REGLONE W;611;;;;;;;;
VE;10;747;ZOLFO SPRUZZABILE;2896;;;;;;;;
VE;10;779;TRIMANOC 80 WP;50;;;;;;;;
VE;10;909;POLISOLFURO DI CALCIO POLISENIO;150;;;;;;;;
VE;10;1156;CHEMOL;1947;;;;;;;;
VE;10;1187;MICOZEB 45;100;;;;;;;;
VE;10;1466;BASIRAM L;49;;;;;;;;
VE;10;1544;MESUROL;21;;;;;;;;
VE;10;1562;ERBITOX E 30;326;;;;;;;;
VE;10;1573;BASAMID GRANULAT;3980;;;;;;;;
VE;10;1583;MICROTHIOL DISPERSS;30085;;;;;;;;
VE;10;1600;ETRAVON;443;;;;;;;;
VE;10;1714;KERB 80 EDF;270;;;;;;;;
VE;10;1765;MICRO-DROP;50;;;;;;;;
VE;10;1850;IDRORAME FLOW;261;;;;;;;;
VE;10;1990;BUTYRAC 118;9;;;;;;;;
VE;10;2191;WETTING PLUS;1162;;;;;;;;
VE;10;2259;PASTA LUMACHICIDA IN GRANI;189;;;;;;;;
VE;10;2260;GASTROTOX E;889;;;;;;;;
VE;10;2291;ESCA REGINA N/TRIMAX;12,5;;;;;;;;
VE;10;2340;STOMP 330-E;10;;;;;;;;
VE;10;2353;BONALAN;134;;;;;;;;
VE;10;2518;ACTELLIC 2P;21;;;;;;;;
VE;10;2520;ACTELLIC;1188;;;;;;;;
VE;10;2525;LUMACID AGRO;20;;;;;;;;
VE;10;2634;BUGGY;5159;;;;;;;;
VE;10;2732;GOLTIX;600;;;;;;;;
VE;10;2863;COCCITOX FLUIDO;10;;;;;;;;
VE;10;2923;TIOVIT JET;35175;;;;;;;;
VE;10;2934;MICROSOL 90;189,5;;;;;;;;
VE;10;2950;ADESIL A;114;;;;;;;;
VE;10;2972;BIODAST;140;;;;;;;;
VE;10;2983;NIMROD;3;;;;;;;;
VE;10;2995;ESCARTOX;591,5;;;;;;;;
VE;10;3065;OLIOCIN;988,25;;;;;;;;
VE;10;3076;MESUROL ESCA;50;;;;;;;;
VE;10;3082;OLEOTER ESTATE;12;;;;;;;;
VE;10;3102;OLEOTER;421,25;;;;;;;;
VE;10;3132;SEPR-OIL;386;;;;;;;;
VE;10;3163;U 46 M STAR;18;;;;;;;;
VE;10;3219;CARAKOL AGRO;2215;;;;;;;;
VE;10;3313;ARAGOL L 40;12;;;;;;;;
VE;10;3343;U46 M CLASS;276;;;;;;;;
VE;10;3366;ROGATOX EC;27;;;;;;;;
VE;10;3397;ROGOR;76;;;;;;;;
VE;10;3412;SYLLIT 65;5;;;;;;;;
VE;10;3503;AGRUMIN;72,4;;;;;;;;
VE;10;3519;METAMBANE;56;;;;;;;;
VE;10;3640;CUPROSTAR/AIRONE;397;;;;;;;;
VE;10;3658;SIPCAMOL E;1541,75;;;;;;;;
VE;10;3754;BAGNANTE SARIAF;40;;;;;;;;
VE;10;3767;FENOXILENE MAX;1115;;;;;;;;
VE;10;3771;ROVRAL WG;17;;;;;;;;
VE;10;3793;DITHANE M-45;950;;;;;;;;
VE;10;3800;CRITTAM WG;210;;;;;;;;
VE;10;3859;DURSBAN;200;;;;;;;;
VE;10;3861;ROTIOFEN GOLD;6;;;;;;;;
VE;10;3911;PIRETRAN;2;;;;;;;;
VE;10;4012;RELDAN 22;1849,08;;;;;;;;
VE;10;4157;IROL PLUS;248;;;;;;;;
VE;10;4199;PENNCOZEB DG;16945;;;;;;;;
VE;10;4228;ROGOR L 20;259;;;;;;;;
VE;10;4283;ZOLVIS 90;130;;;;;;;;
VE;10;4292;ZOLVIS 80 MICRO;2;;;;;;;;
VE;10;4426;DECIS;62;;;;;;;;
VE;10;4461;IMIDAN WDG;9;;;;;;;;
VE;10;4552;DITHANE DG NEOTEC;3121;;;;;;;;
VE;10;4686;DIMILIN 25 P.B.;14;;;;;;;;
VE;10;4710;ALIETTE;165,7;;;;;;;;
VE;10;4896;RIGENAL P;2,7;;;;;;;;
VE;10;5152;TIOSPOR WG;811;;;;;;;;
VE;10;5228;CARAKOL;83;;;;;;;;
VE;10;5295;FITONEX;4;;;;;;;;
VE;10;5299;MIBIOL;352;;;;;;;;
VE;10;5343;LIMASANEX;12;;;;;;;;
VE;10;5414;RADICANTE POLVERE TALEE LEGNOSE;5;;;;;;;;
VE;10;5467;METADENE;190,5;;;;;;;;
VE;10;5574;LUMAKIDIN 5G;1130;;;;;;;;
VE;10;5576;KOLFLOR OLIO B;27,5;;;;;;;;
VE;10;5657;BAGNANTE SCAM;224;;;;;;;;
VE;10;5755;TILT 25 EC;3,5;;;;;;;;
VE;10;5758;GALBEN R 4-33 BLU;2;;;;;;;;
VE;10;5796;GARLON;60;;;;;;;;
VE;10;5864;CIPOTRIL;18;;;;;;;;
VE;10;5881;PREVICUR;1;;;;;;;;
VE;10;5901;TALPACID;1,61;;;;;;;;
VE;10;6136;GERMON L;1;;;;;;;;
VE;10;6277;OXAMYL DU PONT VYDATE 5G;180;;;;;;;;
VE;10;6321;STIMOLANTE 66F;4;;;;;;;;
VE;10;6322;OBSTHORMON 24A;81;;;;;;;;
VE;10;6324;MAXCEL;56;;;;;;;;
VE;10;6376;ANTISCHIUMA SHAUMSTOP;143,05;;;;;;;;
VE;10;6389;DUECI-FITO RADICANTE;0,1;;;;;;;;
VE;10;6401;MONDAK 21 S;1804;;;;;;;;
VE;10;6437;ETHREL;56;;;;;;;;
VE;10;6445;FASTAC 10 SC;1;;;;;;;;
VE;10;6473;TALPAX;0,1;;;;;;;;
VE;10;6555;K-OBIOL ULV 6;390;;;;;;;;
VE;10;6556;K-OBIOL DP2;499;;;;;;;;
VE;10;6557;K-OBIOL EC 25;506;;;;;;;;
VE;10;6632;DIPPER;9;;;;;;;;
VE;10;6674;AFALON DS;1554,99;;;;;;;;
VE;10;6719;LIOSOL BETA;45;;;;;;;;
VE;10;6766;BUTISAN S;80;;;;;;;;
VE;10;6834;TEPETA COMBI;130;;;;;;;;
VE;10;6945;TOPAS 10 EC;532,65;;;;;;;;
VE;10;6947;TOPAS COMBI;6235;;;;;;;;
VE;10;6955;METACID;631;;;;;;;;
VE;10;6956;TARGA FLO;5503;;;;;;;;
VE;10;6978;BETTER 400;1350;;;;;;;;
VE;10;7020;BAGNANTE CIFO;192;;;;;;;;
VE;10;7053;PASTA CAFFARO NC;481;;;;;;;;
VE;10;7055;PASTA CAFFARO BLU;738,5;;;;;;;;
VE;10;7057;MICEXANIL;54;;;;;;;;
VE;10;7101;LIMAVAL;25;;;;;;;;
VE;10;7368;TURFENE L;4;;;;;;;;
VE;10;7369;SYLLIT FLO;25,42;;;;;;;;
VE;10;7370;TETRASOL LIQUIDO;60;;;;;;;;
VE;10;7379;VENZAR;213;;;;;;;;
VE;10;7401;POLTIGLIA CAFFARO 20 DF NEW;1630;;;;;;;;
VE;10;7411;DIRAGER;2;;;;;;;;
VE;10;7483;DEVRINOL F;57;;;;;;;;
VE;10;7530;BIOLID E;18;;;;;;;;
VE;10;7541;APOLLO SC;1,5;;;;;;;;
VE;10;7543;ERBITOX COMBI;14;;;;;;;;
VE;10;7555;KLARTAN 20 EW;10,33;;;;;;;;
VE;10;7611;ENOVIT METIL FL;1261;;;;;;;;
VE;10;7700;MATACAR FL;23,4;;;;;;;;
VE;10;7733;BAYTEROID EW;36,03;;;;;;;;
VE;10;7767;ACARISTOP 20 SC;0,04;;;;;;;;
VE;10;7845;TMTD 50 SC;20;;;;;;;;
VE;10;7876;PIRIMOR 17,5;11;;;;;;;;
VE;10;7916;POLYRAM DF;14237;;;;;;;;
VE;10;7919;TOUCHDOWN;28296;;;;;;;;
VE;10;7922;OPALENE;110;;;;;;;;
VE;10;7930;KERB FLO;9,5;;;;;;;;
VE;10;7957;ROVRAL PLUS;195;;;;;;;;
VE;10;7958;RONSTAR FL;7;;;;;;;;
VE;10;7961;RIZOLEX  GOLD;2;;;;;;;;
VE;10;7963;RIZOLEX 50 PB;8;;;;;;;;
VE;10;7984;STRATOS;15694;;;;;;;;
VE;10;8001;AGRO-PYR;0,8;;;;;;;;
VE;10;8023;SUMIALFA ECHO;169,75;;;;;;;;
VE;10;8028;CALARIS;576;;;;;;;;
VE;10;8102;MERPAN 80 WDG;3555;;;;;;;;
VE;10;8111;GEOPYR;7;;;;;;;;
VE;10;8117;BASTA 200;5635;;;;;;;;
VE;10;8129;BETOZON 65 DF;14;;;;;;;;
VE;10;8139;MANTA GOLD/FENOTRIX COMBI;51;;;;;;;;
VE;10;8146;GALLERY;77,5;;;;;;;;
VE;10;8156;DEVOX;57;;;;;;;;
VE;10;8157;ZETARAM 20 L;63;;;;;;;;
VE;10;8159;CLICK COMBI;440;;;;;;;;
VE;10;8184;CHALLENGE;176;;;;;;;;
VE;10;8189;FORCE;29940;;;;;;;;
VE;10;8201;GLISTER;788,5;;;;;;;;
VE;10;8207;LONTREL 75 G;4,6;;;;;;;;
VE;10;8229;RAPAX;18,1;;;;;;;;
VE;10;8259;KARATE XPRESS;6;;;;;;;;
VE;10;8284;MICOSPOR MGD;15;;;;;;;;
VE;10;8320;DELFIN;6;;;;;;;;
VE;10;8340;TOPAS 10 WDG;8;;;;;;;;
VE;10;8351;Z.M. 75 DG;30;;;;;;;;
VE;10;8376;ARIANE II;56;;;;;;;;
VE;10;8382;ROUNDUP BIOFLOW;244,14;;;;;;;;
VE;10;8400;CAPTANE FLOW;15;;;;;;;;
VE;10;8429;GLYFOS SL;11102;;;;;;;;
VE;10;8483;ETOSATE 500;305;;;;;;;;
VE;10;8498;FOLICUR WG;195;;;;;;;;
VE;10;8499;EFESTO;3388;;;;;;;;
VE;10;8525;GRASP 40;22;;;;;;;;
VE;10;8528;FEINZIN 35 DF;44,25;;;;;;;;
VE;10;8530;VOLCAN;8;;;;;;;;
VE;10;8534;CITROLE;244;;;;;;;;
VE;10;8540;PAMPA/GHIBLI;2834;;;;;;;;
VE;10;8542;FORUM 50 WP;2086,64;;;;;;;;
VE;10;8547;LOGRAN;38,15;;;;;;;;
VE;10;8558;PIRETRO VERDE;0,26;;;;;;;;
VE;10;8565;ROUNDUP RTU;0,56;;;;;;;;
VE;10;8581;LIQUIFOL 40;7;;;;;;;;
VE;10;8601;FOLPAN 80 WDG;6461;;;;;;;;
VE;10;8617;BANVEL 480 S;25;;;;;;;;
VE;10;8646;ACTIVUS EC/PANDA;16;;;;;;;;
VE;10;8656;GLIFENE HP;1464,75;;;;;;;;
VE;10;8706;AMID THIN W;29;;;;;;;;
VE;10;8712;ALLEGANTE 4% AF 96;18;;;;;;;;
VE;10;8721;NEXTER;3;;;;;;;;
VE;10;8729;FORUM R;344;;;;;;;;
VE;10;8731;ACROBAT R;1000;;;;;;;;
VE;10;8735;TREBON UP;373,85;;;;;;;;
VE;10;8742;INDAR 5EW;45;;;;;;;;
VE;10;8743;GREENEX;54,8;;;;;;;;
VE;10;8795;VERTIMEC EC;360;;;;;;;;
VE;10;8797;BINAL PRO/EMINENT COMBI;119;;;;;;;;
VE;10;8801;SCORE 25 EC;510,92;;;;;;;;
VE;10;8836;MIMIC;44;;;;;;;;
VE;10;8838;GERMON BEWURZELUNGSPUDER PER TALEE LEGNOSE;0,33;;;;;;;;
VE;10;8841;CYREN 7,5 G;276;;;;;;;;
VE;10;8843;NISSHIN;107;;;;;;;;
VE;10;8859;MASTIFF;2549;;;;;;;;
VE;10;8882;ULTRA FINE OIL;28;;;;;;;;
VE;10;8884;BITRON DF;515;;;;;;;;
VE;10;8886;SAFARI;147,12;;;;;;;;
VE;10;8900;ZOLFO VENTILATO RAMATO 3%;975;;;;;;;;
VE;10;8933;SOLEAS;133;;;;;;;;
VE;10;8934;SCALA;1049,75;;;;;;;;
VE;10;8937;MASAI 20 WP;5;;;;;;;;
VE;10;8945;ENOVIT METIL DF;506;;;;;;;;
VE;10;8984;GLIPHOGAN TOP MK;1097;;;;;;;;
VE;10;8987;CONFIDOR 200 SL;193,81;;;;;;;;
VE;10;9005;AGIL;2785;;;;;;;;
VE;10;9010;RAMEZIN COMBI WG;1055;;;;;;;;
VE;10;9012;CUPROCAFFARO MICRO;8446;;;;;;;;
VE;10;9036;ACTIVUS;0,45;;;;;;;;
VE;10;9038;OPINION;3,8;;;;;;;;
VE;10;9070;MICEXANIL BIANCO;470;;;;;;;;
VE;10;9079;REGRAN COMBI;42;;;;;;;;
VE;10;9086;POLTIGLIA BORDOLESE SCAM D.F.;150;;;;;;;;
VE;10;9131;PYRINEX ME;412;;;;;;;;
VE;10;9148;SYLLIT 355 SC;48,75;;;;;;;;
VE;10;9153;CYREN 44 EC;30;;;;;;;;
VE;10;9180;STROBY WG;16,8;;;;;;;;
VE;10;9181;GULLIVER;6;;;;;;;;
VE;10;9212;EXICA;1;;;;;;;;
VE;10;9242;IRAM 50 DF;190;;;;;;;;
VE;10;9286;OHAYO;102;;;;;;;;
VE;10;9306;PROPLANT;19,25;;;;;;;;
VE;10;9311;CUPROSSIL IDRO 25 WP;404;;;;;;;;
VE;10;9322;GOLTIX STAR;437;;;;;;;;
VE;10;9332;OPEN;88;;;;;;;;
VE;10;9335;SILGLIF MK;232;;;;;;;;
VE;10;9339;BETANAL EXPERT;3767;;;;;;;;
VE;10;9342;DELTRIN;2,5;;;;;;;;
VE;10;9364;RAPIDO;3392;;;;;;;;
VE;10;9373;CHORUS;86;;;;;;;;
VE;10;9374;MATCH TOP;4;;;;;;;;
VE;10;9400;GLIFOGAN PRONTO;10,5;;;;;;;;
VE;10;9404;TETRAPLUS COMBI EC;1,58;;;;;;;;
VE;10;9411;RADIP ORMON;0,6;;;;;;;;
VE;10;9422;EVADE;309,5;;;;;;;;
VE;10;9443;ENDOGERME;16,4;;;;;;;;
VE;10;9444;CHLORCYRIN 220 EC;1;;;;;;;;
VE;10;9463;KLARO KIT;129,25;;;;;;;;
VE;10;9509;PROMALIN NT;100;;;;;;;;
VE;10;9531;SEQURA WG;68;;;;;;;;
VE;10;9550;PROFILE;21;;;;;;;;
VE;10;9568;LINK;2;;;;;;;;
VE;10;9578;SWITCH;2063,9;;;;;;;;
VE;10;9612;OSSICLOR 30;59;;;;;;;;
VE;10;9629;FOLTAN MGD;30;;;;;;;;
VE;10;9631;METRIN EC;8;;;;;;;;
VE;10;9634;CARNIVAL;1;;;;;;;;
VE;10;9636;OSSIRAM COMBI WP;16,3;;;;;;;;
VE;10;9655;PRIMIAL WG;8;;;;;;;;
VE;10;9668;RUFAST E-FLO;11,17;;;;;;;;
VE;10;9670;THIANOSAN 80 WG;60;;;;;;;;
VE;10;9673;SEPRA-BAIT;180,5;;;;;;;;
VE;10;9675;PANTOX 360;82,25;;;;;;;;
VE;10;9678;M70 DF;4000;;;;;;;;
VE;10;9679;KRISTAL 32 WG;10;;;;;;;;
VE;10;9693;SPORTAK 45 EW;76;;;;;;;;
VE;10;9695;PERLAN;23,5;;;;;;;;
VE;10;9696;NOVAGIB;12;;;;;;;;
VE;10;9705;PREVITER;217,65;;;;;;;;
VE;10;9724;TIOWETTING DF;2257;;;;;;;;
VE;10;9726;GLIFOSAN;94,5;;;;;;;;
VE;10;9730;CUPROSSIL IDRO 25 WP BLU;170;;;;;;;;
VE;10;9744;SCORE 10 WG;63;;;;;;;;
VE;10;9747;FURY;17,77;;;;;;;;
VE;10;9757;SPYRALE;957;;;;;;;;
VE;10;9758;COPRANTOL WG;1869;;;;;;;;
VE;10;9767;NUFOS 7,5 G;3606;;;;;;;;
VE;10;9787;MICROBAGNABILE WG;671;;;;;;;;
VE;10;9793;CONTATTO TWIN;1;;;;;;;;
VE;10;9800;MAVRIK 20 EW;104,8;;;;;;;;
VE;10;9802;COPRANTOL HI BIO;6121;;;;;;;;
VE;10;9813;DICLOPYR;6;;;;;;;;
VE;10;9832;TREK P;708;;;;;;;;
VE;10;9843;BASAGRAN SG;1863;;;;;;;;
VE;10;9867;4 STAGIONI;11;;;;;;;;
VE;10;9872;AKRIS;4080;;;;;;;;
VE;10;9919;CONTATTO PIU' EC;71;;;;;;;;
VE;10;9938;MASTER;14,8;;;;;;;;
VE;10;9940;ZELIG GR;1300;;;;;;;;
VE;10;9941;BUMPER P;379;;;;;;;;
VE;10;9954;JOKER;1304;;;;;;;;
VE;10;9994;ARIUS SYSTEM;45;;;;;;;;
VE;10;9995;ARIUS;233,75;;;;;;;;
VE;10;10005;SCOTTS WEEDCONTROL/EVERGREEN;19;;;;;;;;
VE;10;10029;KING;1,37;;;;;;;;
VE;10;10048;KUMULUS TECNO;27186;;;;;;;;
VE;10;10049;DURSBAN 75 WG;2278;;;;;;;;
VE;10;10057;ARPEL WDG;3359;;;;;;;;
VE;10;10080;COMET SC;1;;;;;;;;
VE;10;10105;RIDOMIL GOLD SL;11,25;;;;;;;;
VE;10;10116;VAPOR GARD;10;;;;;;;;
VE;10;10117;STRATOS ULTRA;5;;;;;;;;
VE;10;10118;AMISTAR;557;;;;;;;;
VE;10;10127;DECIS JET;222,6;;;;;;;;
VE;10;10158;PIREFLOR;0,96;;;;;;;;
VE;10;10161;ORTIVA;140,66;;;;;;;;
VE;10;10183;GARLON EV;104,3;;;;;;;;
VE;10;10184;TIMBREL EV;0,5;;;;;;;;
VE;10;10185;ZERGAN EV;1,2;;;;;;;;
VE;10;10187;NAUTILE DG;10;;;;;;;;
VE;10;10230;LUMAPLUS;12;;;;;;;;
VE;10;10233;BORDOSEP;383;;;;;;;;
VE;10;10236;SLOGAN R;650;;;;;;;;
VE;10;10263;DRIVER;12,2;;;;;;;;
VE;10;10272;CEREXIL M DG;512;;;;;;;;
VE;10;10275;STELLA E 10;1,2;;;;;;;;
VE;10;10296;IPERION;5283;;;;;;;;
VE;10;10297;SINIS 35 WG;182;;;;;;;;
VE;10;10305;OIKOS;37;;;;;;;;
VE;10;10306;MISTRAL;40;;;;;;;;
VE;10;10321;MERLIN DUO;6;;;;;;;;
VE;10;10324;NEMATHORIN 10 G;120;;;;;;;;
VE;10;10327;MADEX;0,04;;;;;;;;
VE;10;10329;FORUM MZ WG;6288;;;;;;;;
VE;10;10350;BLAST SG;132;;;;;;;;
VE;10;10357;RIGRON SG;2081;;;;;;;;
VE;10;10372;RASIKAL QUICK;182;;;;;;;;
VE;10;10373;CONTEST;2217,5;;;;;;;;
VE;10;10404;CLINIC 360 SL;670;;;;;;;;
VE;10;10415;ARIC 480 LS;52;;;;;;;;
VE;10;10423;LUMACHICIDA VEBI;9301;;;;;;;;
VE;10;10424;VEBIGLYF;221,5;;;;;;;;
VE;10;10425;SCUDEX;3;;;;;;;;
VE;10;10426;PROTIL EC;189;;;;;;;;
VE;10;10447;NOVEL DUO;492;;;;;;;;
VE;10;10456;KLARO ULTRA;37;;;;;;;;
VE;10;10465;ROUNDUP MAX;1140;;;;;;;;
VE;10;10479;NATURALIS;184;;;;;;;;
VE;10;10492;VEBIZOLFO FLOW;2,5;;;;;;;;
VE;10;10494;PREMIUM TOP;0,5;;;;;;;;
VE;10;10504;KELLY WG;657;;;;;;;;
VE;10;10518;PIRESAN PLUS;15;;;;;;;;
VE;10;10532;TELDOR;1;;;;;;;;
VE;10;10540;TERIAL 75 WG/ALISE' 75 WG;1138;;;;;;;;
VE;10;10560;PIRETRO NATURA;7;;;;;;;;
VE;10;10563;SWEEL WDG;10217;;;;;;;;
VE;10;10565;DICOTIL EXTRA;224,3;;;;;;;;
VE;10;10568;ZOOMER;145,5;;;;;;;;
VE;10;10573;KOCIDE 2000;4280;;;;;;;;
VE;10;10579;CARSON COP;67;;;;;;;;
VE;10;10584;SHAMAL MK PLUS;10;;;;;;;;
VE;10;10587;FOLPAN SC;5;;;;;;;;
VE;10;10588;BIOPIREN PLUS;48;;;;;;;;
VE;10;10604;EMERALD 40 EW/DOMARK 40 EW;8;;;;;;;;
VE;10;10609;MESOZIN 35 WG;114;;;;;;;;
VE;10;10627;FRUPICA;117;;;;;;;;
VE;10;10671;COPERNICO;4690;;;;;;;;
VE;10;10690;FUNGIBEN COMBI;593;;;;;;;;
VE;10;10710;TOMAGAN;73;;;;;;;;
VE;10;10715;SILGLIF NF;185;;;;;;;;
VE;10;10734;DUAL GOLD;6707;;;;;;;;
VE;10;10735;PRIMAGRAM GOLD;6946;;;;;;;;
VE;10;10741;METACINQUE;102;;;;;;;;
VE;10;10752;STEWARD;243,5;;;;;;;;
VE;10;10753;FOLICUR SE;158,7;;;;;;;;
VE;10;10758;BEETUP-TRIO;293;;;;;;;;
VE;10;10771;MOST MICRO;2243,6;;;;;;;;
VE;10;10780;LUMABLOC;17;;;;;;;;
VE;10;10897;AMEGA PLUS;84;;;;;;;;
VE;10;10926;ALTOREX;10;;;;;;;;
VE;10;10929;CHIKARA 25 WG;7,1;;;;;;;;
VE;10;10936;NAAK 480;262;;;;;;;;
VE;10;10938;MANCOSIM 75 DF;465;;;;;;;;
VE;10;10939;CP 40 AGRO;53;;;;;;;;
VE;10;10944;KARATE ZEON;1062,24;;;;;;;;
VE;10;10976;METEOR;331,17;;;;;;;;
VE;10;10986;KASKO R;15;;;;;;;;
VE;10;10999;BETANAL SE;230;;;;;;;;
VE;10;11011;DASH HC;16187;;;;;;;;
VE;10;11012;AURA;20;;;;;;;;
VE;10;11040;POLTIGLIA BORDOLESE DISPERSS BLU;90;;;;;;;;
VE;10;11041;FOLMAK COMBI;1144;;;;;;;;
VE;10;11044;TUREX;2;;;;;;;;
VE;10;11045;DODIPREV 35;49;;;;;;;;
VE;10;11047;DICOPLUS;5;;;;;;;;
VE;10;11059;BIOPOWER;871;;;;;;;;
VE;10;11062;BION 50 WG;2,5;;;;;;;;
VE;10;11077;TOP-TEAM;10;;;;;;;;
VE;10;11102;HELIOSOUFRE S;20;;;;;;;;
VE;10;11104;CUPROFIX 30 DISPERSS;140;;;;;;;;
VE;10;11108;BOLAS BT;1;;;;;;;;
VE;10;11119;FLINT;22,19;;;;;;;;
VE;10;11127;HOPPER BLU;2901;;;;;;;;
VE;10;11130;DISERBOFACILE;27;;;;;;;;
VE;10;11133;SHELTER;3;;;;;;;;
VE;10;11150;ALL SEASONS;3,5;;;;;;;;
VE;10;11160;SUGARBETA PLUS SE;49;;;;;;;;
VE;10;11173;AVAUNT EC;272;;;;;;;;
VE;10;11190;PENCOR 10 EC;9,37;;;;;;;;
VE;10;11204;RIZOSOL 50;15;;;;;;;;
VE;10;11206;CODACIDE;1535;;;;;;;;
VE;10;11223;GALIGAN 500 SC;4,5;;;;;;;;
VE;10;11246;VENTUREX 65 DG;101;;;;;;;;
VE;10;11253;CALLISTO;2507;;;;;;;;
VE;10;11257;COSTAR WG;5,25;;;;;;;;
VE;10;11282;KEMIFAM TRIO FL;703;;;;;;;;
VE;10;11284;CIMOTER 4-40;10;;;;;;;;
VE;10;11290;BORDO 20;50;;;;;;;;
VE;10;11301;SPHERE;458;;;;;;;;
VE;10;11307;AGRIRAT;57;;;;;;;;
VE;10;11313;PROXAN SL;28,1;;;;;;;;
VE;10;11339;THIOVIT;175;;;;;;;;
VE;10;11341;STARANE GOLD;2012;;;;;;;;
VE;10;11345;ZOLVIS 80 WDG;114;;;;;;;;
VE;10;11353;FUSILADE MAX;902;;;;;;;;
VE;10;11359;SARCAP 800;5;;;;;;;;
VE;10;11382;GARDENE PLUS;680,5;;;;;;;;
VE;10;11390;VITENE TRIPLO BLU;128;;;;;;;;
VE;10;11393;BEETLE;2,75;;;;;;;;
VE;10;11396;WIRK;182;;;;;;;;
VE;10;11402;MELODY CARE;30;;;;;;;;
VE;10;11403;MELODY COMPACT;333,5;;;;;;;;
VE;10;11414;TENDENCY 25;2;;;;;;;;
VE;10;11416;OVIPRON TOP;989;;;;;;;;
VE;10;11418;ROUNDUP 450 PLUS;178;;;;;;;;
VE;10;11436;MELODY MED WG;5;;;;;;;;
VE;10;11448;KICKER;205;;;;;;;;
VE;10;11449;GARDOPRIM GOLD;95;;;;;;;;
VE;10;11479;BRANCHER DIRADO;173;;;;;;;;
VE;10;11497;CRITTOVIT WG;8307;;;;;;;;
VE;10;11499;BUSTER;113,8;;;;;;;;
VE;10;11504;THIAMON PLUS;4525;;;;;;;;
VE;10;11513;EXILIS;1;;;;;;;;
VE;10;11523;SEPRADINA SC;183,8;;;;;;;;
VE;10;11525;FUNGIDINA;27,7;;;;;;;;
VE;10;11526;SULTAN;174;;;;;;;;
VE;10;11527;PYRINEX QUICK;82,69;;;;;;;;
VE;10;11533;TOP-GUN;35;;;;;;;;
VE;10;11534;BIOTIOL;0,4;;;;;;;;
VE;10;11549;ISOMATE OFM ROSSO FLEX;3;;;;;;;;
VE;10;11560;REGALIS;49;;;;;;;;
VE;10;11561;NEEMAZAL T/S;13,58;;;;;;;;
VE;10;11569;CUPROXAT S.D.I.;3742;;;;;;;;
VE;10;11586;TOP-AGAN;555;;;;;;;;
VE;10;11587;CAMBEL S;325;;;;;;;;
VE;10;11596;CALYPSO;280,5;;;;;;;;
VE;10;11597;OPUS;1;;;;;;;;
VE;10;11611;VYDATE 10L;130;;;;;;;;
VE;10;11614;ACTARA 25 WG;172,65;;;;;;;;
VE;10;11619;TIOFLOR WDG;645;;;;;;;;
VE;10;11626;PITSTOP;45;;;;;;;;
VE;10;11637;CUPROFIX C DISPERSS;34;;;;;;;;
VE;10;11638;FLUORATE;171,1;;;;;;;;
VE;10;11649;COMMAND 36 CS;663,24;;;;;;;;
VE;10;11653;FOLIO GOLD 537,5 SC;37;;;;;;;;
VE;10;11659;HERBITOTAL S;276;;;;;;;;
VE;10;11660;SHOGUN;184;;;;;;;;
VE;10;11668;PLENUM 50 WG;1,2;;;;;;;;
VE;10;11678;ACTELLIC 2P NEWPHARM;350;;;;;;;;
VE;10;11680;CICLONE;1040;;;;;;;;
VE;10;11687;ACTELLIC 5 NEWPHARM;630;;;;;;;;
VE;10;11690;GOAL 480 SC;92,5;;;;;;;;
VE;10;11693;LASER;198,5;;;;;;;;
VE;10;11694;CONSERVE SC;2,14;;;;;;;;
VE;10;11696;ARID;5;;;;;;;;
VE;10;11698;MINUET;452,02;;;;;;;;
VE;10;11700;BOTANIGARD 22 WP;0,05;;;;;;;;
VE;10;11704;OLIO OGNISTAGIONE;139;;;;;;;;
VE;10;11710;GARDIUS;29,92;;;;;;;;
VE;10;11711;DUKE IDROSSIDO;360;;;;;;;;
VE;10;11760;POLITHIOL;800;;;;;;;;
VE;10;11762;FORUM STAR;2695;;;;;;;;
VE;10;11788;NEMACUR 240 CS;40;;;;;;;;
VE;10;11796;GLIFAST;157,2;;;;;;;;
VE;10;11814;SPADA 200 EC;109,9;;;;;;;;
VE;10;11815;SHARK;50;;;;;;;;
VE;10;11821;WEEDAZOL TL;360;;;;;;;;
VE;10;11866;AGRO-OIL;3;;;;;;;;
VE;10;11870;CUPRITAL S.D.I.;3,25;;;;;;;;
VE;10;11871;AGROLIM;14;;;;;;;;
VE;10;11872;RIFLE 4-24 R;5;;;;;;;;
VE;10;11874;VITENE TRIPLO;858;;;;;;;;
VE;10;11885;ELICIO;10;;;;;;;;
VE;10;11894;GRANEX;20,7;;;;;;;;
VE;10;11908;VENTUREX 35 L;68,6;;;;;;;;
VE;10;11921;RISCIO' 50 WP/RISCIO';4;;;;;;;;
VE;10;11931;MANZEB 75 WG;790;;;;;;;;
VE;10;11948;VINCARE;160;;;;;;;;
VE;10;11954;TERMINAL DUO;499;;;;;;;;
VE;10;12010;TUAREG;6998;;;;;;;;
VE;10;12020;SUCCESS;39,04;;;;;;;;
VE;10;12023;MEGIC;21,75;;;;;;;;
VE;10;12030;SNOW;93;;;;;;;;
VE;10;12036;KINTO;150;;;;;;;;
VE;10;12037;CAMIX;125;;;;;;;;
VE;10;12041;MARTOS;3;;;;;;;;
VE;10;12043;PREVICUR ENERGY;64,49;;;;;;;;
VE;10;12044;CURZATE SYSTEM;65;;;;;;;;
VE;10;12048;TIOSOL 80 WG;19017;;;;;;;;
VE;10;12068;TEFLUSTAR;323,5;;;;;;;;
VE;10;12069;EPIK;413,58;;;;;;;;
VE;10;12078;METALIM;605;;;;;;;;
VE;10;12083;DANADIM PROGRESS;83;;;;;;;;
VE;10;12096;POLTIGLIA DISPERSS;32824;;;;;;;;
VE;10;12100;ASSET;26;;;;;;;;
VE;10;12106;TALENDO;34;;;;;;;;
VE;10;12114;AUXIGER LG;0,1;;;;;;;;
VE;10;12115;BARRACUDA;87;;;;;;;;
VE;10;12133;JUVINAL 10 EC;14;;;;;;;;
VE;10;12138;R6 ERRESEI TREVI;1409;;;;;;;;
VE;10;12170;HELIOCUIVRE;20;;;;;;;;
VE;10;12172;FERRAMOL;13;;;;;;;;
VE;10;12174;V.I.P. FLOW;16,85;;;;;;;;
VE;10;12177;VITTORIA 24 SC;63,8;;;;;;;;
VE;10;12199;SILBOT MZ 60;725;;;;;;;;
VE;10;12200;SILBOT R/DYMO R;650;;;;;;;;
VE;10;12202;ZEMIX R;29;;;;;;;;
VE;10;12211;MEDOR;131,5;;;;;;;;
VE;10;12212;PENTHIUM EC;14,05;;;;;;;;
VE;10;12215;VEBIPHOS 7,5;685;;;;;;;;
VE;10;12225;TEPPEKI;23,04;;;;;;;;
VE;10;12243;MANTIR DG;90;;;;;;;;
VE;10;12245;ROUNDUP 360 POWER;4437;;;;;;;;
VE;10;12260;TECNOCONTROL EXTRA;28;;;;;;;;
VE;10;12270;UNICORN DF;5;;;;;;;;
VE;10;12274;FORESTER/DESK;5;;;;;;;;
VE;10;12279;ERBY 5 EC;4,3;;;;;;;;
VE;10;12285;FORUM GOLD;1507;;;;;;;;
VE;10;12298;GUNNER SC;21;;;;;;;;
VE;10;12313;TOPAS HOBBY;14,16;;;;;;;;
VE;10;12314;SCORE HOBBY;3,02;;;;;;;;
VE;10;12315;ORTIVA HOBBY;5,72;;;;;;;;
VE;10;12317;DACOL L 20;22;;;;;;;;
VE;10;12318;VIVER;872;;;;;;;;
VE;10;12320;PERSHING;3;;;;;;;;
VE;10;12322;SWITCH HOBBY/COMPO MUFFA STOP;3,16;;;;;;;;
VE;10;12323;VEBIZOLFO WG;201;;;;;;;;
VE;10;12325;MESUROL M PLUS;598;;;;;;;;
VE;10;12330;DEDALUS SE;1211,5;;;;;;;;
VE;10;12344;VEBITHRIN 5 EC;23,05;;;;;;;;
VE;10;12361;ALGEDI;469,4;;;;;;;;
VE;10;12368;CARPOSTOP;143;;;;;;;;
VE;10;12375;SUGAR 500 SC;1250;;;;;;;;
VE;10;12381;NU-FILM P;2;;;;;;;;
VE;10;12383;RIDOMIL GOLD MZ PEPITE;1439;;;;;;;;
VE;10;12393;COPPERCIM WG;225,75;;;;;;;;
VE;10;12399;GANZO;153;;;;;;;;
VE;10;12406;PLIS;5;;;;;;;;
VE;10;12437;DELAN 70 WG;3300;;;;;;;;
VE;10;12452;EQUIP;415;;;;;;;;
VE;10;12453;MILDICUT;2756;;;;;;;;
VE;10;12459;VOLCAN SC;1135;;;;;;;;
VE;10;12482;LUMAX;22760;;;;;;;;
VE;10;12491;CIPERTHRIN PLUS;47;;;;;;;;
VE;10;12492;ASTROL NUOVO;220;;;;;;;;
VE;10;12504;FLOWBRIX;138;;;;;;;;
VE;10;12505;FLOWBRIX BLU;28;;;;;;;;
VE;10;12514;VIPER;65;;;;;;;;
VE;10;12519;CORSARIO;6,25;;;;;;;;
VE;10;12522;METRO;121,5;;;;;;;;
VE;10;12526;SWAN;3;;;;;;;;
VE;10;12529;TUCANA 25 EC;1155;;;;;;;;
VE;10;12530;CABRIO STAR;10;;;;;;;;
VE;10;12534;FOXTAIL;147,25;;;;;;;;
VE;10;12540;REGRAN SL;190;;;;;;;;
VE;10;12551;EMERALD DUO;15;;;;;;;;
VE;10;12553;VEBIPYR;3,12;;;;;;;;
VE;10;12560;METHIOR;27,6;;;;;;;;
VE;10;12561;MILLENIUM;2;;;;;;;;
VE;10;12566;PYGANIC 1.4;228,67;;;;;;;;
VE;10;12573;EKO OIL SPRAY;3533;;;;;;;;
VE;10;12584;AVIATOR;210;;;;;;;;
VE;10;12590;DIASTAR MAXI;800;;;;;;;;
VE;10;12598;GRANSTAR POWER SX;11,99;;;;;;;;
VE;10;12622;QUANTUM;119;;;;;;;;
VE;10;12625;EFUZIN 355 SC/FULLDINA 35 FL;128;;;;;;;;
VE;10;12627;DANADIM 400;300;;;;;;;;
VE;10;12628;SERENADE MAX;367;;;;;;;;
VE;10;12629;BUGGY 360 SG N.E.T.;6433,15;;;;;;;;
VE;10;12636;QUASAR 6/24 R;53;;;;;;;;
VE;10;12644;ALTIX;4;;;;;;;;
VE;10;12647;GLITTER;236;;;;;;;;
VE;10;12650;NUPRID 200 SL;1,57;;;;;;;;
VE;10;12670;RISOLUTIV SL;136;;;;;;;;
VE;10;12671;HARMONY 50 SX;317,08;;;;;;;;
VE;10;12686;CHAMAN;817;;;;;;;;
VE;10;12696;TEBUZOL S DISPERSS;1206;;;;;;;;
VE;10;12722;OSSICLOR 20 FLOW;53,75;;;;;;;;
VE;10;12723;OSSICLOR 20 BLU FLOW;114;;;;;;;;
VE;10;12734;JUPITER R DF;0,58;;;;;;;;
VE;10;12737;AIRONE PIU';29702;;;;;;;;
VE;10;12738;KING 360 HP;90;;;;;;;;
VE;10;12747;CUPRAVIT BLU WG;423,2;;;;;;;;
VE;10;12756;DICOTEX;73,7;;;;;;;;
VE;10;12759;OSSICLOR 35 WG;5668,8;;;;;;;;
VE;10;12763;PYGRAIN;7,5;;;;;;;;
VE;10;12770;ALAR 85 GOLD;11;;;;;;;;
VE;10;12778;PASTA SIAPA F NC;10;;;;;;;;
VE;10;12779;RAMEDIT COMBI WG;2185;;;;;;;;
VE;10;12784;FARO WG;135;;;;;;;;
VE;10;12788;ADIGOR;3;;;;;;;;
VE;10;12806;FEDOR;137;;;;;;;;
VE;10;12808;GLOBAL SC;0,41;;;;;;;;
VE;10;12813;AMISTAR XTRA;1796;;;;;;;;
VE;10;12824;MERLIN EXPERT;71;;;;;;;;
VE;10;12828;SITOFEX;1;;;;;;;;
VE;10;12831;INSIGNIA;15;;;;;;;;
VE;10;12832;OPERA;2421;;;;;;;;
VE;10;12833;ISOMATE C/OFM;8;;;;;;;;
VE;10;12837;ARIUS SYSTEM PLUS;1148;;;;;;;;
VE;10;12840;SUCCESSOR 600;40;;;;;;;;
VE;10;12844;CHECKMATE OFM-F;0,78;;;;;;;;
VE;10;12845;AXIAL;0,9;;;;;;;;
VE;10;12849;BENPROP PRO/GEMINI;194;;;;;;;;
VE;10;12853;SONG;38,5;;;;;;;;
VE;10;12855;RAME CAFFARO BLU WG-TECH;98;;;;;;;;
VE;10;12858;PRODIGY;74;;;;;;;;
VE;10;12859;BORNEO;3,28;;;;;;;;
VE;10;12860;MILBEKNOCK;0,06;;;;;;;;
VE;10;12862;CANTUS;650,2;;;;;;;;
VE;10;12866;COLLIS;543;;;;;;;;
VE;10;12868;BELLIS;241;;;;;;;;
VE;10;12869;SIGNUM;303;;;;;;;;
VE;10;12878;RIDOMIL GOLD COMBI PEPITE;5429;;;;;;;;
VE;10;12880;ATLANTIS WG;272;;;;;;;;
VE;10;12881;HUSSAR MAXX;73,8;;;;;;;;
VE;10;12883;PROSPER 300 CS;1350;;;;;;;;
VE;10;12884;BATAM;47;;;;;;;;
VE;10;12886;KARATHANE STAR;331;;;;;;;;
VE;10;12889;PICKER SC;1;;;;;;;;
VE;10;12903;DOLESE WG;12;;;;;;;;
VE;10;12924;JUPITER WG;8;;;;;;;;
VE;10;12933;MOXYL 20 WP;58;;;;;;;;
VE;10;12934;OXFORD;7;;;;;;;;
VE;10;12940;KARATE ZEON 1.5;896,5;;;;;;;;
VE;10;12951;COPPERCIM P.B.;2,75;;;;;;;;
VE;10;12953;ARAMO 50;1407;;;;;;;;
VE;10;12972;GLYFOS DAKAR;40;;;;;;;;
VE;10;12973;GLYFOS RAPID;1200;;;;;;;;
VE;10;12995;RADICO;0,8;;;;;;;;
VE;10;13005;PROMAG;2,1;;;;;;;;
VE;10;13016;BIOACT WG;4;;;;;;;;
VE;10;13020;MICRORAM 35 WG;430,75;;;;;;;;
VE;10;13025;MYSTIC 250 EW;36;;;;;;;;
VE;10;13026;SUSCON;0,1;;;;;;;;
VE;10;13039;POTCLEAN 2G;182;;;;;;;;
VE;10;13042;MICRORAM 20 FLOW;1,75;;;;;;;;
VE;10;13055;MACHO;903;;;;;;;;
VE;10;13058;OSSIRAM 20 FLOW;60,5;;;;;;;;
VE;10;13061;BIOBIT DF;42;;;;;;;;
VE;10;13062;DIPEL DF;76;;;;;;;;
VE;10;13063;REGULEX 10 SG;2,13;;;;;;;;
VE;10;13064;VITENE ULTRA SC;425;;;;;;;;
VE;10;13065;DOMARK 125;219,5;;;;;;;;
VE;10;13071;SIAFEN;110;;;;;;;;
VE;10;13084;TELDOR PLUS;918,8;;;;;;;;
VE;10;13093;STOMP AQUA;3761;;;;;;;;
VE;10;13098;ROUNDUP POWER 2.0;234;;;;;;;;
VE;10;13104;ALGOR PLATIN;50;;;;;;;;
VE;10;13106;IKANOS;109;;;;;;;;
VE;10;13107;BINAL CB;90;;;;;;;;
VE;10;13108;CURAME BORDEAUX;60;;;;;;;;
VE;10;13111;THIOCUR FORTE;1162,78;;;;;;;;
VE;10;13126;CABRIO DUO;12;;;;;;;;
VE;10;13127;VALIS F;390;;;;;;;;
VE;10;13128;GOLTIX 50 WG;1635;;;;;;;;
VE;10;13129;BREAK-THRU S240;136;;;;;;;;
VE;10;13130;GUNNER WG;2;;;;;;;;
VE;10;13133;NIBER 35 WG;168,5;;;;;;;;
VE;10;13143;MEZENE WG;210;;;;;;;;
VE;10;13149;POLTIGLIA MANICA 20 WG;4310;;;;;;;;
VE;10;13150;CURAME 35 WG;140;;;;;;;;
VE;10;13153;BANVEL S;528;;;;;;;;
VE;10;13158;REMEDIER;79;;;;;;;;
VE;10;13160;FORUM TOP;7034;;;;;;;;
VE;10;13167;POMARSOL 80 WG;2290;;;;;;;;
VE;10;13168;LAUDIS;6005;;;;;;;;
VE;10;13172;CREW 40 OD;91;;;;;;;;
VE;10;13178;AZUL MZ 75 WG;160;;;;;;;;
VE;10;13186;TITUS MAIS EXTRA;31,24;;;;;;;;
VE;10;13190;FUNGISOL 80 WDG;2525;;;;;;;;
VE;10;13205;ZOLFO MANICA SCORREVOLE DOPPIO RAFFINATO;8292;;;;;;;;
VE;10;13212;CONFIDOR 200 O-TEQ;17,1;;;;;;;;
VE;10;13213;R6 ERRESEI ALBIS;7539;;;;;;;;
VE;10;13222;DUOKAR 4,5 EW PRO;1498;;;;;;;;
VE;10;13236;BULLET;1477;;;;;;;;
VE;10;13242;NICOGAN V.O.;93;;;;;;;;
VE;10;13244;ZOLFO VENTILATO STELLA;30;;;;;;;;
VE;10;13249;ZOLFO VENTILATO STELLA RAMATO S;2010;;;;;;;;
VE;10;13253;PLAYER SC;20;;;;;;;;
VE;10;13255;PLAYER GR;10;;;;;;;;
VE;10;13263;BORDORAM 20 WG;4;;;;;;;;
VE;10;13267;IMPERO;116;;;;;;;;
VE;10;13283;GARAK;4;;;;;;;;
VE;10;13290;ZOLFO MANICA DOPPIO RAFFINATO VENTILATO RAMATO 3% NEW;4560;;;;;;;;
VE;10;13296;POKER 7,5;810;;;;;;;;
VE;10;13298;QUANTUM F;5;;;;;;;;
VE;10;13299;MAGIO';148;;;;;;;;
VE;10;13309;DRAKE 26;12;;;;;;;;
VE;10;13313;CASPER;375;;;;;;;;
VE;10;13323;SULFY 80 WDG;8,9;;;;;;;;
VE;10;13324;CUPRIZOL S;30;;;;;;;;
VE;10;13327;GRANSTAR ULTRA SX;106,45;;;;;;;;
VE;10;13348;SARCAP 80 WG;90;;;;;;;;
VE;10;13350;TAU AL;12;;;;;;;;
VE;10;13352;DIREX 7,5 GR;308;;;;;;;;
VE;10;13361;DECIS ENERGY O-TEQ;54,31;;;;;;;;
VE;10;13365;ZOLFO DOPPIO VENTILATO SCORREVOLE 95% S ZOLFINDUSTRIA;1;;;;;;;;
VE;10;13370;WARRANT 200 SL;15,25;;;;;;;;
VE;10;13375;NUPRID 200 SC;31,99;;;;;;;;
VE;10;13382;PERGADO SC;373;;;;;;;;
VE;10;13385;PROLINE;249;;;;;;;;
VE;10;13386;PROSARO;2212;;;;;;;;
VE;10;13387;FLORAMIX;133,56;;;;;;;;
VE;10;13389;AFFIRM;1955;;;;;;;;
VE;10;13390;TEBUSIP 46;1275;;;;;;;;
VE;10;13391;CYTHRIN 50 EC;11,9;;;;;;;;
VE;10;13394;IMIDASECT;14;;;;;;;;
VE;10;13402;LUMA-KL;20;;;;;;;;
VE;10;13403;GLOXY;7;;;;;;;;
VE;10;13409;SILFUR WG;500;;;;;;;;
VE;10;13410;FRUTTENE 76 WG;494;;;;;;;;
VE;10;13414;ARES 5 SC;10;;;;;;;;
VE;10;13428;CIFLOX EW;0,18;;;;;;;;
VE;10;13430;TENOR SC;11;;;;;;;;
VE;10;13440;SATEL;16,77;;;;;;;;
VE;10;13451;SPARVIERO;342,5;;;;;;;;
VE;10;13455;ANTIGRAM GOLD;307;;;;;;;;
VE;10;13458;ZARADO;48;;;;;;;;
VE;10;13466;SPOTLIGHT PLUS;381;;;;;;;;
VE;10;13468;CLINER;48,35;;;;;;;;
VE;10;13472;ALIEN;50;;;;;;;;
VE;10;13477;APHID/ZORRO;8,46;;;;;;;;
VE;10;13485;FOLPEC 80 WG ADVANCE;50;;;;;;;;
VE;10;13505;CLICK DUO;111;;;;;;;;
VE;10;13540;QUASAR R FLOW;3,25;;;;;;;;
VE;10;13544;STADIO M;5;;;;;;;;
VE;10;13545;SIDECAR M BLU;15;;;;;;;;
VE;10;13549;TIPTOR XCELL;1175;;;;;;;;
VE;10;13551;GIOVE;243;;;;;;;;
VE;10;13555;SHUT TWIN;112;;;;;;;;
VE;10;13576;RAMEPLANT WG;124;;;;;;;;
VE;10;13578;RAME CAFFARO BLU WG NEW;299;;;;;;;;
VE;10;13579;COPPER 12;252,75;;;;;;;;
VE;10;13581;TIOGEL 80 WDG;470;;;;;;;;
VE;10;13585;SOLOFOL;1190;;;;;;;;
VE;10;13592;VOLARE;29;;;;;;;;
VE;10;13593;TELLUS/RADIX;40;;;;;;;;
VE;10;13600;ZOLFO S.A.I.M. DOPPIO VENTILATO SCORREVOLE 95% MARCA FLORISTELLA;1050;;;;;;;;
VE;10;13604;ZOLFO S.A.I.M. RAFFINATO DOPPIO VENTILATO RAMATO 5%;400;;;;;;;;
VE;10;13607;NOBIL;4,25;;;;;;;;
VE;10;13610;CLINIC SPECTRUM;210,6;;;;;;;;
VE;10;13612;BABEL 400;118;;;;;;;;
VE;10;13635;POLTIGLIA 20 PB MANICA;776;;;;;;;;
VE;10;13637;PERGADO F;2267;;;;;;;;
VE;10;13639;ACRAMITE 480 SC;0,7;;;;;;;;
VE;10;13640;IMPRINT;70,6;;;;;;;;
VE;10;13646;SENTRY;272;;;;;;;;
VE;10;13647;NEORAM BLU WG;36;;;;;;;;
VE;10;13648;SIARAM 20 WG;357;;;;;;;;
VE;10;13651;SPECTRO;12,5;;;;;;;;
VE;10;13667;AFIDANE 200 SL;5;;;;;;;;
VE;10;13687;BURT;20;;;;;;;;
VE;10;13689;FLINT MAX;22;;;;;;;;
VE;10;13698;VIVANDO;664,15;;;;;;;;
VE;10;13702;GEOTOX 7,5 C;1891;;;;;;;;
VE;10;13707;IMPACT SUPREME;2040;;;;;;;;
VE;10;13709;U 46 PRATI;258;;;;;;;;
VE;10;13716;CAPTAN ARVESTA 80 WG;20;;;;;;;;
VE;10;13719;THIAMON 80 PLUS;5425;;;;;;;;
VE;10;13720;ROTIOFEN QUICK;1;;;;;;;;
VE;10;13721;AFIDINA QUICK;71,25;;;;;;;;
VE;10;13722;CAL-EX 1.9 EC;66;;;;;;;;
VE;10;13741;SELECTA DISPERSS;16;;;;;;;;
VE;10;13742;PERGADO MZ;1685;;;;;;;;
VE;10;13760;ORYTIS EW;0,8;;;;;;;;
VE;10;13771;NIMROD 250 EW;497;;;;;;;;
VE;10;13785;QUANTUM MZ;3390;;;;;;;;
VE;10;13786;QUANTUM R;764;;;;;;;;
VE;10;13791;GEATER-STAR;51,5;;;;;;;;
VE;10;13793;RUNNER M;722;;;;;;;;
VE;10;13794;SPADA WDG;532,75;;;;;;;;
VE;10;13797;ELIOS WG;11;;;;;;;;
VE;10;13801;TOUCHDOWN HOBBY;2,5;;;;;;;;
VE;10;13815;TUTOR 18-15;39;;;;;;;;
VE;10;13817;ALIAL WG;70;;;;;;;;
VE;10;13820;BAYTEROID 25 EC;19;;;;;;;;
VE;10;13823;ALVERDE;25,18;;;;;;;;
VE;10;13852;DIQUA;60;;;;;;;;
VE;10;13857;CRODIX GEO/MINUET GEO;8380;;;;;;;;
VE;10;13858;MEDIATOR EXTRA SL;14,16;;;;;;;;
VE;10;13859;MADEX 100;18,9;;;;;;;;
VE;10;13866;ALISE' EC;20;;;;;;;;
VE;10;13872;NANDO 500 SC;10;;;;;;;;
VE;10;13877;KITT PRONTO;31;;;;;;;;
VE;10;13885;MICROCOPP NEUTRO FL;808;;;;;;;;
VE;10;13901;VERDERAME 20 PB;95,75;;;;;;;;
VE;10;13905;BANJO;418;;;;;;;;
VE;10;13908;BORDO ISAGRO WG;1272;;;;;;;;
VE;10;13925;BOGARD;1;;;;;;;;
VE;10;13934;SULFOSAT WDG;25;;;;;;;;
VE;10;13981;CORAGEN;922,55;;;;;;;;
VE;10;13998;PYRUS 400 SC;206,7;;;;;;;;
VE;10;13999;FEZAN;0,55;;;;;;;;
VE;10;14005;CLORTOSIP 500 SC;6161;;;;;;;;
VE;10;14011;PERLAX;11;;;;;;;;
VE;10;14014;TB FLOW;111;;;;;;;;
VE;10;14023;SUPPORT 10EC;48;;;;;;;;
VE;10;14024;PERFIL 10 WP;63;;;;;;;;
VE;10;14033;FASTER 200 EC;1;;;;;;;;
VE;10;14034;CURENOX TOP MICRO;275,2;;;;;;;;
VE;10;14036;FASTER WDG;9;;;;;;;;
VE;10;14043;SUPRAFOS WG;1;;;;;;;;
VE;10;14052;PRODEO 80 WG;1405;;;;;;;;
VE;10;14056;RODIBAIT;47,3;;;;;;;;
VE;10;14058;FEINZIN 70 DF;72;;;;;;;;
VE;10;14062;ZOXIUM 240 SC;329,1;;;;;;;;
VE;10;14076;CYPRUS 25 DF;2;;;;;;;;
VE;10;14077;CHAMP 20 DF;212;;;;;;;;
VE;10;14080;MIZAR;44;;;;;;;;
VE;10;14092;AGRORAT B;107,45;;;;;;;;
VE;10;14098;CRITTOX GD 75;2680;;;;;;;;
VE;10;14100;KANEMITE;75;;;;;;;;
VE;10;14101;CARAMBA;1279;;;;;;;;
VE;10;14102;BORDOFLOW NEW;1200;;;;;;;;
VE;10;14123;ZETARAM NEW TECH;5373;;;;;;;;
VE;10;14127;MEVAXIL COBRE;1,75;;;;;;;;
VE;10;14135;GRENADIER 75 DF;1,53;;;;;;;;
VE;10;14136;OBERON;1;;;;;;;;
VE;10;14137;ALTACOR;3,7;;;;;;;;
VE;10;14154;PIRETRO ACTIGREEN;12,22;;;;;;;;
VE;10;14155;KOMPASS/GRIFON FL;300;;;;;;;;
VE;10;14156;CURZATE R WG;3;;;;;;;;
VE;10;14164;TRIKA ZETA;770;;;;;;;;
VE;10;14165;NANDO MAXI;98;;;;;;;;
VE;10;14168;SILWET VELONEX;41;;;;;;;;
VE;10;14169;PERGADO R;697;;;;;;;;
VE;10;14178;TRI-BASE;18,75;;;;;;;;
VE;10;14195;KENDO WITH ZEON TECHNOLOGY;36;;;;;;;;
VE;10;14240;PYR PRONTO;56,25;;;;;;;;
VE;10;14248;CLOR QUICK;26,8;;;;;;;;
VE;10;14254;BILO 7,5 C;174;;;;;;;;
VE;10;14257;UNDERLINE 0,2 G;110;;;;;;;;
VE;10;14281;BUCTRIL UNIVERSAL;87;;;;;;;;
VE;10;14285;CUPRAVIT BLU FLOW NF;23;;;;;;;;
VE;10;14290;KOHINOR 200 SL;64,2;;;;;;;;
VE;10;14333;DIMILIN SC-15;6;;;;;;;;
VE;10;14336;NEMATHORIN 150 EC;66;;;;;;;;
VE;10;14342;VOLCAN COMBI SC;5012;;;;;;;;
VE;10;14368;RESOLVA 24H;9;;;;;;;;
VE;10;14369;RESOLVA 24H RTU;53;;;;;;;;
VE;10;14376;MASTER QUICK;2,1;;;;;;;;
VE;10;14381;PYRINET;231;;;;;;;;
VE;10;14382;BROMYBLOC;10;;;;;;;;
VE;10;14384;ETOPROSIP G;105;;;;;;;;
VE;10;14387;NERVURE SUPER;6547;;;;;;;;
VE;10;14389;DESSICASH 200 SL;5;;;;;;;;
VE;10;14405;MERLIN FLEXX;894;;;;;;;;
VE;10;14407;RUNWAY;51,5;;;;;;;;
VE;10;14409;MOVENTO 48 SC;1478,13;;;;;;;;
VE;10;14418;PULSAR 40 SL;1444;;;;;;;;
VE;10;14419;TRUST SC;12,75;;;;;;;;
VE;10;14423;PRIMISOL 80 WDG;141;;;;;;;;
VE;10;14431;LENTAGRAN 45 WP;21,6;;;;;;;;
VE;10;14432;METRIC;437;;;;;;;;
VE;10;14434;NUANCE;5,82;;;;;;;;
VE;10;14441;VALZER SC;2;;;;;;;;
VE;10;14461;CURIT DUO;51;;;;;;;;
VE;10;14465;TAIFUN MK;1386;;;;;;;;
VE;10;14474;TEBUSIP COMBI;3929,4;;;;;;;;
VE;10;14491;QUBIC MZ;920;;;;;;;;
VE;10;14510;ELECTIS TRIO;233;;;;;;;;
VE;10;14514;BOOSTER;616;;;;;;;;
VE;10;14525;MAROX SX;9,2;;;;;;;;
VE;10;14527;SUDOKU TOP;173;;;;;;;;
VE;10;14548;TURIBEL;5;;;;;;;;
VE;10;14575;TRIMMER SX;2,64;;;;;;;;
VE;10;14577;FORUM R 3B;17732;;;;;;;;
VE;10;14580;ROBO' EC;0,9;;;;;;;;
VE;10;14581;ROBO' WDG;95;;;;;;;;
VE;10;14636;BIOLID UP;744,6;;;;;;;;
VE;10;14638;NETOR;2064;;;;;;;;
VE;10;14642;RIDOMIL GOLD R WG;3310;;;;;;;;
VE;10;14643;CENTIUM 36 CS;48;;;;;;;;
VE;10;14664;BERELEX 40 SG;0,12;;;;;;;;
VE;10;14686;KOCIDE OPTI;570;;;;;;;;
VE;10;14693;VIP 80 EC;9;;;;;;;;
VE;10;14697;ENERVIN DUO;15;;;;;;;;
VE;10;14698;TAIFUN PPO;11,25;;;;;;;;
VE;10;14699;GEOXE;79,5;;;;;;;;
VE;10;14735;RANMAN TOP;2,5;;;;;;;;
VE;10;14737;ROUNDUP PLATINUM;2193;;;;;;;;
VE;10;14739;DECIS PROTECT;78;;;;;;;;
VE;10;14757;BLESAL EXTRA;20;;;;;;;;
VE;10;14758;KARATE WITH ZEON TECHNOLOGY 1.5 HOBBY;43;;;;;;;;
VE;10;14764;SLUXX;45;;;;;;;;
VE;10;14765;ELUMIS;1929;;;;;;;;
VE;10;14768;CALIBAN TOP;23,2;;;;;;;;
VE;10;14769;COMET 250 EC;627,5;;;;;;;;
VE;10;14785;DRISCOLL;2,66;;;;;;;;
VE;10;14792;MELODY TREVI;2235;;;;;;;;
VE;10;14796;ATOMINAL 10 EC;70;;;;;;;;
VE;10;14799;AFLOR 200 SL;1,25;;;;;;;;
VE;10;14802;POSITRON TRIO WG/CURIT TRIO;33;;;;;;;;
VE;10;14803;ELECTIS ZR;420;;;;;;;;
VE;10;14804;COPPER - DF;115,75;;;;;;;;
VE;10;14806;LUNA PRIVILEGE;344;;;;;;;;
VE;10;14807;LUZINDO;480,25;;;;;;;;
VE;10;14812;ENERVIN TOP;7554;;;;;;;;
VE;10;14815;ADENGO;8936;;;;;;;;
VE;10;14818;ACANTO;158;;;;;;;;
VE;10;14826;PYREOS EXTRA SL;7;;;;;;;;
VE;10;14830;CUPROFIX ULTRA DISPERSS;395;;;;;;;;
VE;10;14837;GLIFOSAR FLASH;1452;;;;;;;;
VE;10;14838;BARCLAY GALLUP BIOGRADE 360;9635;;;;;;;;
VE;10;14854;KARAMAT M;25;;;;;;;;
VE;10;14867;SYNERO;10;;;;;;;;
VE;10;14868;IDROX 22 NEW;5500;;;;;;;;
VE;10;14870;ASSORAM ELITE WG;15;;;;;;;;
VE;10;14872;BELLIS DRUPACEE;12,5;;;;;;;;
VE;10;14876;GRANDSTAND;8,75;;;;;;;;
VE;10;14879;LONTREL 72 SG;18,3;;;;;;;;
VE;10;14884;CORUM;26889;;;;;;;;
VE;10;14901;CONCORDE 125;5;;;;;;;;
VE;10;14909;NURELLE 5;20;;;;;;;;
VE;10;14911;CARBOSAN G;125,2;;;;;;;;
VE;10;14915;REPLAY;6;;;;;;;;
VE;10;14928;HELARAT 100 CS;9;;;;;;;;
VE;10;14935;TRAXOS ONE;599;;;;;;;;
VE;10;14936;AMPLIGO;944,5;;;;;;;;
VE;10;14937;VOLIAM TARGO;22;;;;;;;;
VE;10;14940;TAKUMI;0,45;;;;;;;;
VE;10;14948;ACTARA HOBBY;9,35;;;;;;;;
VE;10;14951;BOTECTOR;6,4;;;;;;;;
VE;10;14967;TIPTOR ULTRA;826;;;;;;;;
VE;10;14969;HOPPER 480;8227;;;;;;;;
VE;10;14972;DICARZOL 50 SP;7;;;;;;;;
VE;10;14974;BELEM 0.8 MG;4968;;;;;;;;
VE;10;14980;AFFINITY PLUS;323;;;;;;;;
VE;10;14985;RETENGO PLUS;455;;;;;;;;
VE;10;15005;FONTELIS;32;;;;;;;;
VE;10;15006;TRAXOS PRONTO;194;;;;;;;;
VE;10;15007;AXIAL PRONTO;60;;;;;;;;
VE;10;15008;LBG - 01F34;1272;;;;;;;;
VE;10;15013;NATRIA LUMACHICIDA;164;;;;;;;;
VE;10;15024;MESUROL 200 SC;15;;;;;;;;
VE;10;15030;COSSACK;4,8;;;;;;;;
VE;10;15034;DICOPHAR;5,5;;;;;;;;
VE;10;15037;BREZZA;12;;;;;;;;
VE;10;15047;R6 ERRESEI BORDEAUX WG;1709;;;;;;;;
VE;10;15049;MODDUS;383;;;;;;;;
VE;10;15050;VERTIMEC PRO;234;;;;;;;;
VE;10;15053;ADMIRAL ECHO;6;;;;;;;;
VE;10;15058;PRINCIPAL MAIS;136,56;;;;;;;;
VE;10;15059;DECIS EVO;1900,35;;;;;;;;
VE;10;15062;PIRAMAX  EC;10;;;;;;;;
VE;10;15063;NIMBLE;6,4;;;;;;;;
VE;10;15064;MAESTRO WG ADVANCE;596;;;;;;;;
VE;10;15071;EVOLUTION;122;;;;;;;;
VE;10;15079;JUVINAL ECHO;16;;;;;;;;
VE;10;15084;DRUM;5;;;;;;;;
VE;10;15085;VITISAN 45 WG;7;;;;;;;;
VE;10;15093;CENTURIO;40,5;;;;;;;;
VE;10;15094;FOSBEL 80 WG;114;;;;;;;;
VE;10;15101;CIMORAM ULTRA WG;52;;;;;;;;
VE;10;15102;VITENE R WG;3131;;;;;;;;
VE;10;15107;SAMSON EXTRA 6 OD;17;;;;;;;;
VE;10;15111;MIRADOR SC/PRIORI;43;;;;;;;;
VE;10;15112;SIMPLIA;97;;;;;;;;
VE;10;15115;VELIERO;152;;;;;;;;
VE;10;15116;ELIOS R;1;;;;;;;;
VE;10;15124;ZANTARA;2703;;;;;;;;
VE;10;15125;PROLECTUS;163;;;;;;;;
VE;10;15130;INTREPID;318;;;;;;;;
VE;10;15135;OLEOSAN PLUS;127,5;;;;;;;;
VE;10;15149;PRIMISOL MK;9;;;;;;;;
VE;10;15168;ZORO 1.9 EW;86;;;;;;;;
VE;10;15180;RIVET PLUS;40;;;;;;;;
VE;10;15181;CIRRUS CS;149;;;;;;;;
VE;10;15184;SATEL GEO;178;;;;;;;;
VE;10;15193;CONTATTO PIU' EXTRA;44;;;;;;;;
VE;10;15201;FLOXI 355 SC;27;;;;;;;;
VE;10;15214;DELTAPLAN SC;5;;;;;;;;
VE;10;15221;ZETARAM PLUS;540;;;;;;;;
VE;10;15222;FOLICUR COMBI WG;616;;;;;;;;
VE;10;15250;COPRANTOL DUO;100;;;;;;;;
VE;10;15253;FALCON MK;872;;;;;;;;
VE;10;15263;DYNALI;261,25;;;;;;;;
VE;10;15264;ENERVIN SC;1228;;;;;;;;
VE;10;15286;KENDO ZEON 1.5;40;;;;;;;;
VE;10;15293;BONECO;2;;;;;;;;
VE;10;15294;KENDO BI-ACTIVE;209;;;;;;;;
VE;10;15300;ARMETIL FLOW;21;;;;;;;;
VE;10;15302;AMYLO-X;149;;;;;;;;
VE;10;15310;NISSHIN EXTRA 6 OD;224;;;;;;;;
VE;10;15327;METAMAN 8-64 WG;22;;;;;;;;
VE;10;15333;APPLAUD PLUS;1020,66;;;;;;;;
VE;10;15337;EXPRESS SUN;1,5;;;;;;;;
VE;10;15340;FEUDO 50 WP;224,4;;;;;;;;
VE;10;15343;FEUDO RD WP;380;;;;;;;;
VE;10;15344;FILAN WG;60;;;;;;;;
VE;10;15351;POWERSHUT;115;;;;;;;;
VE;10;15356;AVIATOR SC;120;;;;;;;;
VE;10;15359;VITIL 8-64 WG;350;;;;;;;;
VE;10;15361;LIETO;263;;;;;;;;
VE;10;15401;TAIFUN MK CL;3490;;;;;;;;
VE;10;15406;DICUMBA;659;;;;;;;;
VE;10;15422;KELVIN DUO;80,1;;;;;;;;
VE;10;15428;WINNER OD;18;;;;;;;;
VE;10;15448;REBEL TOP;261;;;;;;;;
VE;10;15449;CIDELY;359,5;;;;;;;;
VE;10;15499;SONG 70 WDG;282,25;;;;;;;;
VE;10;15501;QUIZ;150;;;;;;;;
VE;10;15505;SILBOT 500 SC/MORFEUM 500 SC;216;;;;;;;;
VE;10;15507;CREW SUPERB;364;;;;;;;;
VE;10;15514;CUPRAVIT BLU 35 WG;56;;;;;;;;
VE;10;15569;LOOP 40;5;;;;;;;;
VE;10;15572;ZOMINEX;54;;;;;;;;
VE;10;15591;PREVINT TOP;1635;;;;;;;;
VE;10;15597;CHECKMATE PUFFER CM;53,86;;;;;;;;
VE;10;15618;FULLDINA 355 SC;72;;;;;;;;
VE;10;15640;PROLINE STAR;635;;;;;;;;
VE;10;15641;SIATTOL 200 SL;39,25;;;;;;;;
VE;10;15654;ACCORD;23;;;;;;;;
VE;10;15661;SENEGO;3,5;;;;;;;;
VE;10;15666;TURNER COMBI;540;;;;;;;;
VE;10;15668;GHIBLI 240 OD;459,75;;;;;;;;
VE;10;15680;MITRHA 40 SC;484;;;;;;;;
VE;10;15681;LUMADRY ESCA;811;;;;;;;;
VE;10;15687;MICLOCUR;7;;;;;;;;
VE;10;15710;CLINCHER ONE;220;;;;;;;;
VE;10;15711;ALSYSTIN;1,5;;;;;;;;
VE;10;15722;ARMICARB 85;200;;;;;;;;
VE;10;15763;CLORTOSIP 500 B;1;;;;;;;;
VE;10;15803;TERVIGO SC;5;;;;;;;;
VE;10;15817;GLADIATOR;164;;;;;;;;
VE;10;15841;FLOCTER;230;;;;;;;;
VE;10;15842;AFICIONADO;312;;;;;;;;
VE;10;15844;SLOGAN TOP;2365;;;;;;;;
VE;10;15846;BIO ETEFON;15;;;;;;;;
VE;10;15899;SILICOSEC;15;;;;;;;;
VE;10;15900;TRIKA EXPERT;9560;;;;;;;;
VE;10;15901;ERCOLE;20898,5;;;;;;;;
VE;10;15931;GLORIAL JET;40;;;;;;;;
VE;10;15942;BEAM RICE;90;;;;;;;;
VE;10;15943;FACET 250 SC;160;;;;;;;;
VE;10;15947;PANIL NEW FLO 480;300;;;;;;;;
VE;10;15948;MULIGAN;7;;;;;;;;
VE;10;15949;PROMEX;33;;;;;;;;
VE;10;15961;RETENGO NEW;1511;;;;;;;;
VE;10;15964;ENOVIT METIL FL BETA;3011;;;;;;;;
VE;10;15995;PACLOT;7;;;;;;;;
VE;12;13;THIOPRON;30;;;;;;;;
VE;12;40;ETRAVON SYNGENTA;429;;;;;;;;
VE;12;206;ALBENE;7;;;;;;;;
VE;12;346;BAGIR MAX;22;;;;;;;;
VE;12;361;BAGNANTE ANTISCHIUMA S;8;;;;;;;;
VE;12;565;FUMATHANE 510;3000;;;;;;;;
VE;12;630;REGLONE W;25;;;;;;;;
VE;12;1156;CHEMOL;726;;;;;;;;
VE;12;1562;ERBITOX E 30;21;;;;;;;;
VE;12;1573;BASAMID GRANULAT;5460;;;;;;;;
VE;12;1714;KERB 80 EDF;22;;;;;;;;
VE;12;2191;WETTING PLUS;37;;;;;;;;
VE;12;2259;PASTA LUMACHICIDA IN GRANI;74,6;;;;;;;;
VE;12;2272;SILLIM;85,5;;;;;;;;
VE;12;2307;VECTOR;54;;;;;;;;
VE;12;2353;BONALAN;61;;;;;;;;
VE;12;2634;BUGGY;1443;;;;;;;;
VE;12;2923;TIOVIT JET;1296;;;;;;;;
VE;12;2934;MICROSOL 90;55;;;;;;;;
VE;12;2950;ADESIL A;67;;;;;;;;
VE;12;2995;ESCARTOX;220;;;;;;;;
VE;12;3065;OLIOCIN;80,75;;;;;;;;
VE;12;3082;OLEOTER ESTATE;148;;;;;;;;
VE;12;3102;OLEOTER;151;;;;;;;;
VE;12;3132;SEPR-OIL;93,5;;;;;;;;
VE;12;3219;CARAKOL AGRO;790;;;;;;;;
VE;12;3366;ROGATOX EC;8;;;;;;;;
VE;12;3503;AGRUMIN;5;;;;;;;;
VE;12;3519;METAMBANE;27;;;;;;;;
VE;12;3658;SIPCAMOL E;77,5;;;;;;;;
VE;12;3767;FENOXILENE MAX;72;;;;;;;;
VE;12;3800;CRITTAM WG;14;;;;;;;;
VE;12;3859;DURSBAN;1;;;;;;;;
VE;12;4011;PIRETRIN;2,65;;;;;;;;
VE;12;4012;RELDAN 22;146,4;;;;;;;;
VE;12;4090;MALERBANE CEREALI;103;;;;;;;;
VE;12;4228;ROGOR L 20;18;;;;;;;;
VE;12;4283;ZOLVIS 90;3;;;;;;;;
VE;12;4426;DECIS;7,25;;;;;;;;
VE;12;4552;DITHANE DG NEOTEC;104;;;;;;;;
VE;12;4710;ALIETTE;5,5;;;;;;;;
VE;12;5152;TIOSPOR WG;81;;;;;;;;
VE;12;5228;CARAKOL;762;;;;;;;;
VE;12;5299;MIBIOL;60;;;;;;;;
VE;12;5414;RADICANTE POLVERE TALEE LEGNOSE;8,4;;;;;;;;
VE;12;5467;METADENE;20;;;;;;;;
VE;12;5576;KOLFLOR OLIO B;504;;;;;;;;
VE;12;5657;BAGNANTE SCAM;40;;;;;;;;
VE;12;5755;TILT 25 EC;0,5;;;;;;;;
VE;12;5758;GALBEN R 4-33 BLU;29;;;;;;;;
VE;12;5864;CIPOTRIL;5;;;;;;;;
VE;12;5881;PREVICUR;1,31;;;;;;;;
VE;12;5901;TALPACID;0,1;;;;;;;;
VE;12;6221;IPIRON 45 SC;1;;;;;;;;
VE;12;6298;FASTAC;1;;;;;;;;
VE;12;6376;ANTISCHIUMA SHAUMSTOP;0,3;;;;;;;;
VE;12;6401;MONDAK 21 S;148;;;;;;;;
VE;12;6437;ETHREL;1;;;;;;;;
VE;12;6556;K-OBIOL DP2;25;;;;;;;;
VE;12;6632;DIPPER;240;;;;;;;;
VE;12;6674;AFALON DS;94;;;;;;;;
VE;12;6719;LIOSOL BETA;5;;;;;;;;
VE;12;6751;RASEN FLORANID;193,5;;;;;;;;
VE;12;6766;BUTISAN S;14;;;;;;;;
VE;12;6873;IDRORAME 193;0,5;;;;;;;;
VE;12;6945;TOPAS 10 EC;9,95;;;;;;;;
VE;12;6947;TOPAS COMBI;143;;;;;;;;
VE;12;6955;METACID;12;;;;;;;;
VE;12;6956;TARGA FLO;260;;;;;;;;
VE;12;6978;BETTER 400;45;;;;;;;;
VE;12;7053;PASTA CAFFARO NC;34,5;;;;;;;;
VE;12;7369;SYLLIT FLO;9,91;;;;;;;;
VE;12;7370;TETRASOL LIQUIDO;20;;;;;;;;
VE;12;7379;VENZAR;1,5;;;;;;;;
VE;12;7401;POLTIGLIA CAFFARO 20 DF NEW;222;;;;;;;;
VE;12;7555;KLARTAN 20 EW;5,98;;;;;;;;
VE;12;7581;ZELIG;11;;;;;;;;
VE;12;7611;ENOVIT METIL FL;98;;;;;;;;
VE;12;7700;MATACAR FL;1,6;;;;;;;;
VE;12;7733;BAYTEROID EW;21;;;;;;;;
VE;12;7764;TIOLENE;151;;;;;;;;
VE;12;7876;PIRIMOR 17,5;1;;;;;;;;
VE;12;7888;CUPROXAT LIQUIDO;30;;;;;;;;
VE;12;7916;POLYRAM DF;167;;;;;;;;
VE;12;7919;TOUCHDOWN;8026;;;;;;;;
VE;12;7930;KERB FLO;28,5;;;;;;;;
VE;12;7961;RIZOLEX  GOLD;2;;;;;;;;
VE;12;7965;TRIGARD 75 WP;0,1;;;;;;;;
VE;12;7984;STRATOS;254;;;;;;;;
VE;12;7998;PRIMOSOL 80 WDG;2;;;;;;;;
VE;12;8023;SUMIALFA ECHO;2;;;;;;;;
VE;12;8117;BASTA 200;220;;;;;;;;
VE;12;8146;GALLERY;1;;;;;;;;
VE;12;8184;CHALLENGE;1;;;;;;;;
VE;12;8189;FORCE;1520;;;;;;;;
VE;12;8201;GLISTER;31;;;;;;;;
VE;12;8207;LONTREL 75 G;0,1;;;;;;;;
VE;12;8229;RAPAX;3;;;;;;;;
VE;12;8284;MICOSPOR MGD;5;;;;;;;;
VE;12;8376;ARIANE II;39;;;;;;;;
VE;12;8429;GLYFOS SL;200;;;;;;;;
VE;12;8498;FOLICUR WG;5;;;;;;;;
VE;12;8499;EFESTO;757;;;;;;;;
VE;12;8534;CITROLE;17;;;;;;;;
VE;12;8540;PAMPA/GHIBLI;85;;;;;;;;
VE;12;8542;FORUM 50 WP;58,4;;;;;;;;
VE;12;8547;LOGRAN;0,22;;;;;;;;
VE;12;8601;FOLPAN 80 WDG;36;;;;;;;;
VE;12;8729;FORUM R;18;;;;;;;;
VE;12;8735;TREBON UP;43,23;;;;;;;;
VE;12;8743;GREENEX;12,2;;;;;;;;
VE;12;8795;VERTIMEC EC;8,5;;;;;;;;
VE;12;8801;SCORE 25 EC;13,69;;;;;;;;
VE;12;8803;DOMARK COMBI PB;9;;;;;;;;
VE;12;8836;MIMIC;1;;;;;;;;
VE;12;8841;CYREN 7,5 G;148;;;;;;;;
VE;12;8859;MASTIFF;161;;;;;;;;
VE;12;8875;CIMOX 25 WP;9;;;;;;;;
VE;12;8882;ULTRA FINE OIL;112;;;;;;;;
VE;12;8884;BITRON DF;8;;;;;;;;
VE;12;8886;SAFARI;0,24;;;;;;;;
VE;12;8934;SCALA;6;;;;;;;;
VE;12;8981;DIRADONE;0,24;;;;;;;;
VE;12;8987;CONFIDOR 200 SL;61,38;;;;;;;;
VE;12;9005;AGIL;150;;;;;;;;
VE;12;9010;RAMEZIN COMBI WG;227;;;;;;;;
VE;12;9131;PYRINEX ME;29;;;;;;;;
VE;12;9148;SYLLIT 355 SC;31;;;;;;;;
VE;12;9237;GRID;1,05;;;;;;;;
VE;12;9306;PROPLANT;17,5;;;;;;;;
VE;12;9332;OPEN;4,5;;;;;;;;
VE;12;9339;BETANAL EXPERT;10;;;;;;;;
VE;12;9364;RAPIDO;450;;;;;;;;
VE;12;9373;CHORUS;7;;;;;;;;
VE;12;9374;MATCH TOP;8;;;;;;;;
VE;12;9404;TETRAPLUS COMBI EC;0,8;;;;;;;;
VE;12;9411;RADIP ORMON;0,5;;;;;;;;
VE;12;9422;EVADE;238,5;;;;;;;;
VE;12;9443;ENDOGERME;11,8;;;;;;;;
VE;12;9448;RIFLE 4-24 R BLU;1;;;;;;;;
VE;12;9463;KLARO KIT;166;;;;;;;;
VE;12;9531;SEQURA WG;21;;;;;;;;
VE;12;9578;SWITCH;36,7;;;;;;;;
VE;12;9655;PRIMIAL WG;2;;;;;;;;
VE;12;9668;RUFAST E-FLO;5,6;;;;;;;;
VE;12;9673;SEPRA-BAIT;73;;;;;;;;
VE;12;9675;PANTOX 360;105;;;;;;;;
VE;12;9679;KRISTAL 32 WG;1;;;;;;;;
VE;12;9689;AURIGA;4;;;;;;;;
VE;12;9693;SPORTAK 45 EW;1;;;;;;;;
VE;12;9705;PREVITER;143,94;;;;;;;;
VE;12;9726;GLIFOSAN;177;;;;;;;;
VE;12;9730;CUPROSSIL IDRO 25 WP BLU;12;;;;;;;;
VE;12;9747;FURY;21,4;;;;;;;;
VE;12;9757;SPYRALE;36;;;;;;;;
VE;12;9758;COPRANTOL WG;329;;;;;;;;
VE;12;9787;MICROBAGNABILE WG;79;;;;;;;;
VE;12;9800;MAVRIK 20 EW;19,1;;;;;;;;
VE;12;9802;COPRANTOL HI BIO;70;;;;;;;;
VE;12;9843;BASAGRAN SG;36;;;;;;;;
VE;12;9938;MASTER;3,9;;;;;;;;
VE;12;9940;ZELIG GR;100;;;;;;;;
VE;12;9941;BUMPER P;149;;;;;;;;
VE;12;9954;JOKER;114;;;;;;;;
VE;12;9994;ARIUS SYSTEM;2;;;;;;;;
VE;12;9995;ARIUS;9,25;;;;;;;;
VE;12;10029;KING;7,25;;;;;;;;
VE;12;10048;KUMULUS TECNO;335;;;;;;;;
VE;12;10049;DURSBAN 75 WG;19;;;;;;;;
VE;12;10057;ARPEL WDG;30;;;;;;;;
VE;12;10080;COMET SC;10;;;;;;;;
VE;12;10105;RIDOMIL GOLD SL;0,25;;;;;;;;
VE;12;10106;RIDOMIL GOLD COMBI;64;;;;;;;;
VE;12;10118;AMISTAR;10;;;;;;;;
VE;12;10127;DECIS JET;17,41;;;;;;;;
VE;12;10154;BORDOFLOW SECTOR;18;;;;;;;;
VE;12;10161;ORTIVA;9,8;;;;;;;;
VE;12;10184;TIMBREL EV;1,2;;;;;;;;
VE;12;10230;LUMAPLUS;423;;;;;;;;
VE;12;10233;BORDOSEP;186;;;;;;;;
VE;12;10296;IPERION;107;;;;;;;;
VE;12;10306;MISTRAL;24;;;;;;;;
VE;12;10324;NEMATHORIN 10 G;70;;;;;;;;
VE;12;10350;BLAST SG;120;;;;;;;;
VE;12;10357;RIGRON SG;12;;;;;;;;
VE;12;10372;RASIKAL QUICK;5,5;;;;;;;;
VE;12;10373;CONTEST;32;;;;;;;;
VE;12;10423;LUMACHICIDA VEBI;526;;;;;;;;
VE;12;10424;VEBIGLYF;47;;;;;;;;
VE;12;10447;NOVEL DUO;157;;;;;;;;
VE;12;10456;KLARO ULTRA;32,5;;;;;;;;
VE;12;10465;ROUNDUP MAX;30;;;;;;;;
VE;12;10494;PREMIUM TOP;249;;;;;;;;
VE;12;10540;TERIAL 75 WG/ALISE' 75 WG;1;;;;;;;;
VE;12;10565;DICOTIL EXTRA;650,15;;;;;;;;
VE;12;10568;ZOOMER;167;;;;;;;;
VE;12;10588;BIOPIREN PLUS;2;;;;;;;;
VE;12;10595;RAME CAFFARO BLU WG;20;;;;;;;;
VE;12;10632;COBRE NORDOX SUPER 75 WG;2,5;;;;;;;;
VE;12;10701;CUMETA FLOW;21;;;;;;;;
VE;12;10734;DUAL GOLD;417;;;;;;;;
VE;12;10735;PRIMAGRAM GOLD;1168;;;;;;;;
VE;12;10752;STEWARD;0,75;;;;;;;;
VE;12;10753;FOLICUR SE;37,1;;;;;;;;
VE;12;10771;MOST MICRO;348,1;;;;;;;;
VE;12;10892;OSSICLOR 50 PB MANICA;80;;;;;;;;
VE;12;10897;AMEGA PLUS;67;;;;;;;;
VE;12;10926;ALTOREX;3;;;;;;;;
VE;12;10936;NAAK 480;12;;;;;;;;
VE;12;10939;CP 40 AGRO;4;;;;;;;;
VE;12;10944;KARATE ZEON;41,75;;;;;;;;
VE;12;10976;METEOR;34,44;;;;;;;;
VE;12;10999;BETANAL SE;7;;;;;;;;
VE;12;11011;DASH HC;338;;;;;;;;
VE;12;11059;BIOPOWER;160;;;;;;;;
VE;12;11072;WIND;6;;;;;;;;
VE;12;11076;CLINIC PRO;2;;;;;;;;
VE;12;11098;CADDY;0,75;;;;;;;;
VE;12;11107;ECO-TRAP;0,1;;;;;;;;
VE;12;11120;ZENITH;20;;;;;;;;
VE;12;11127;HOPPER BLU;253;;;;;;;;
VE;12;11173;AVAUNT EC;46;;;;;;;;
VE;12;11190;PENCOR 10 EC;14,9;;;;;;;;
VE;12;11197;VITENE 45 WG;1;;;;;;;;
VE;12;11204;RIZOSOL 50;8;;;;;;;;
VE;12;11206;CODACIDE;20;;;;;;;;
VE;12;11223;GALIGAN 500 SC;8;;;;;;;;
VE;12;11252;CONTANS WG;4;;;;;;;;
VE;12;11253;CALLISTO;86;;;;;;;;
VE;12;11282;KEMIFAM TRIO FL;5;;;;;;;;
VE;12;11301;SPHERE;19;;;;;;;;
VE;12;11307;AGRIRAT;12;;;;;;;;
VE;12;11310;CHIMIGOR 20;14;;;;;;;;
VE;12;11313;PROXAN SL;16;;;;;;;;
VE;12;11341;STARANE GOLD;249;;;;;;;;
VE;12;11353;FUSILADE MAX;160;;;;;;;;
VE;12;11360;GRIP 25;15,8;;;;;;;;
VE;12;11402;MELODY CARE;15;;;;;;;;
VE;12;11403;MELODY COMPACT;166,5;;;;;;;;
VE;12;11418;ROUNDUP 450 PLUS;25;;;;;;;;
VE;12;11448;KICKER;127;;;;;;;;
VE;12;11497;CRITTOVIT WG;200;;;;;;;;
VE;12;11499;BUSTER;0,4;;;;;;;;
VE;12;11523;SEPRADINA SC;61,25;;;;;;;;
VE;12;11525;FUNGIDINA;8;;;;;;;;
VE;12;11526;SULTAN;10;;;;;;;;
VE;12;11527;PYRINEX QUICK;56,45;;;;;;;;
VE;12;11561;NEEMAZAL T/S;0,57;;;;;;;;
VE;12;11569;CUPROXAT S.D.I.;369;;;;;;;;
VE;12;11596;CALYPSO;3,5;;;;;;;;
VE;12;11611;VYDATE 10L;15;;;;;;;;
VE;12;11614;ACTARA 25 WG;20,02;;;;;;;;
VE;12;11626;PITSTOP;3;;;;;;;;
VE;12;11638;FLUORATE;38,7;;;;;;;;
VE;12;11649;COMMAND 36 CS;123,5;;;;;;;;
VE;12;11653;FOLIO GOLD 537,5 SC;9;;;;;;;;
VE;12;11659;HERBITOTAL S;63;;;;;;;;
VE;12;11668;PLENUM 50 WG;3,2;;;;;;;;
VE;12;11680;CICLONE;260;;;;;;;;
VE;12;11690;GOAL 480 SC;1;;;;;;;;
VE;12;11693;LASER;10;;;;;;;;
VE;12;11698;MINUET;9,46;;;;;;;;
VE;12;11700;BOTANIGARD 22 WP;0,11;;;;;;;;
VE;12;11704;OLIO OGNISTAGIONE;22,25;;;;;;;;
VE;12;11710;GARDIUS;2;;;;;;;;
VE;12;11779;KOP-TWIN;148;;;;;;;;
VE;12;11786;AQ 10 WG;1,8;;;;;;;;
VE;12;11796;GLIFAST;209,1;;;;;;;;
VE;12;11885;ELICIO;6;;;;;;;;
VE;12;11908;VENTUREX 35 L;52,2;;;;;;;;
VE;12;11921;RISCIO' 50 WP/RISCIO';14;;;;;;;;
VE;12;12010;TUAREG;168;;;;;;;;
VE;12;12020;SUCCESS;6,76;;;;;;;;
VE;12;12043;PREVICUR ENERGY;8,45;;;;;;;;
VE;12;12048;TIOSOL 80 WG;633,4;;;;;;;;
VE;12;12068;TEFLUSTAR;86;;;;;;;;
VE;12;12069;EPIK;30;;;;;;;;
VE;12;12083;DANADIM PROGRESS;5,5;;;;;;;;
VE;12;12096;POLTIGLIA DISPERSS;120;;;;;;;;
VE;12;12114;AUXIGER LG;4;;;;;;;;
VE;12;12115;BARRACUDA;24;;;;;;;;
VE;12;12138;R6 ERRESEI TREVI;51;;;;;;;;
VE;12;12172;FERRAMOL;154;;;;;;;;
VE;12;12174;V.I.P. FLOW;19,3;;;;;;;;
VE;12;12177;VITTORIA 24 SC;5,6;;;;;;;;
VE;12;12212;PENTHIUM EC;23,5;;;;;;;;
VE;12;12215;VEBIPHOS 7,5;102;;;;;;;;
VE;12;12225;TEPPEKI;1,15;;;;;;;;
VE;12;12245;ROUNDUP 360 POWER;3;;;;;;;;
VE;12;12260;TECNOCONTROL EXTRA;20,25;;;;;;;;
VE;12;12279;ERBY 5 EC;0,65;;;;;;;;
VE;12;12313;TOPAS HOBBY;0,45;;;;;;;;
VE;12;12314;SCORE HOBBY;1,36;;;;;;;;
VE;12;12322;SWITCH HOBBY/COMPO MUFFA STOP;0,08;;;;;;;;
VE;12;12323;VEBIZOLFO WG;9;;;;;;;;
VE;12;12325;MESUROL M PLUS;164;;;;;;;;
VE;12;12344;VEBITHRIN 5 EC;72,3;;;;;;;;
VE;12;12361;ALGEDI;4,8;;;;;;;;
VE;12;12383;RIDOMIL GOLD MZ PEPITE;18;;;;;;;;
VE;12;12393;COPPERCIM WG;7,75;;;;;;;;
VE;12;12437;DELAN 70 WG;51;;;;;;;;
VE;12;12452;EQUIP;2;;;;;;;;
VE;12;12453;MILDICUT;95;;;;;;;;
VE;12;12459;VOLCAN SC;40;;;;;;;;
VE;12;12482;LUMAX;885;;;;;;;;
VE;12;12519;CORSARIO;0,25;;;;;;;;
VE;12;12534;FOXTAIL;43,55;;;;;;;;
VE;12;12573;EKO OIL SPRAY;16;;;;;;;;
VE;12;12578;RANMAN;2;;;;;;;;
VE;12;12622;QUANTUM;15,5;;;;;;;;
VE;12;12625;EFUZIN 355 SC/FULLDINA 35 FL;3;;;;;;;;
VE;12;12650;NUPRID 200 SL;4,77;;;;;;;;
VE;12;12670;RISOLUTIV SL;40;;;;;;;;
VE;12;12671;HARMONY 50 SX;4,1;;;;;;;;
VE;12;12673;CUPROZIN 35 WP;0,25;;;;;;;;
VE;12;12686;CHAMAN;110;;;;;;;;
VE;12;12722;OSSICLOR 20 FLOW;20;;;;;;;;
VE;12;12747;CUPRAVIT BLU WG;62,1;;;;;;;;
VE;12;12748;GRIFON PIU';20;;;;;;;;
VE;12;12756;DICOTEX;8,4;;;;;;;;
VE;12;12759;OSSICLOR 35 WG;709;;;;;;;;
VE;12;12768;SPINTOR FLY;52;;;;;;;;
VE;12;12778;PASTA SIAPA F NC;10;;;;;;;;
VE;12;12779;RAMEDIT COMBI WG;36;;;;;;;;
VE;12;12806;FEDOR;40;;;;;;;;
VE;12;12813;AMISTAR XTRA;132;;;;;;;;
VE;12;12824;MERLIN EXPERT;97;;;;;;;;
VE;12;12831;INSIGNIA;1;;;;;;;;
VE;12;12832;OPERA;100;;;;;;;;
VE;12;12837;ARIUS SYSTEM PLUS;14;;;;;;;;
VE;12;12847;EAGLE;10,8;;;;;;;;
VE;12;12853;SONG;1;;;;;;;;
VE;12;12859;BORNEO;4,23;;;;;;;;
VE;12;12868;BELLIS;2;;;;;;;;
VE;12;12869;SIGNUM;69;;;;;;;;
VE;12;12878;RIDOMIL GOLD COMBI PEPITE;120;;;;;;;;
VE;12;12880;ATLANTIS WG;54;;;;;;;;
VE;12;12881;HUSSAR MAXX;15;;;;;;;;
VE;12;12883;PROSPER 300 CS;28;;;;;;;;
VE;12;12886;KARATHANE STAR;9;;;;;;;;
VE;12;12889;PICKER SC;3,8;;;;;;;;
VE;12;12903;DOLESE WG;16;;;;;;;;
VE;12;12940;KARATE ZEON 1.5;109;;;;;;;;
VE;12;12953;ARAMO 50;60;;;;;;;;
VE;12;12996;CIMORAM BLU;1;;;;;;;;
VE;12;13020;MICRORAM 35 WG;57,5;;;;;;;;
VE;12;13025;MYSTIC 250 EW;7;;;;;;;;
VE;12;13042;MICRORAM 20 FLOW;48;;;;;;;;
VE;12;13055;MACHO;5;;;;;;;;
VE;12;13058;OSSIRAM 20 FLOW;12,5;;;;;;;;
VE;12;13061;BIOBIT DF;2;;;;;;;;
VE;12;13064;VITENE ULTRA SC;57;;;;;;;;
VE;12;13071;SIAFEN;5;;;;;;;;
VE;12;13084;TELDOR PLUS;17,5;;;;;;;;
VE;12;13093;STOMP AQUA;192;;;;;;;;
VE;12;13111;THIOCUR FORTE;33,19;;;;;;;;
VE;12;13126;CABRIO DUO;24;;;;;;;;
VE;12;13133;NIBER 35 WG;44,5;;;;;;;;
VE;12;13149;POLTIGLIA MANICA 20 WG;38;;;;;;;;
VE;12;13150;CURAME 35 WG;19;;;;;;;;
VE;12;13153;BANVEL S;40;;;;;;;;
VE;12;13158;REMEDIER;15;;;;;;;;
VE;12;13160;FORUM TOP;30;;;;;;;;
VE;12;13167;POMARSOL 80 WG;10;;;;;;;;
VE;12;13168;LAUDIS;362;;;;;;;;
VE;12;13186;TITUS MAIS EXTRA;0,32;;;;;;;;
VE;12;13212;CONFIDOR 200 O-TEQ;0,88;;;;;;;;
VE;12;13213;R6 ERRESEI ALBIS;31;;;;;;;;
VE;12;13222;DUOKAR 4,5 EW PRO;78;;;;;;;;
VE;12;13236;BULLET;301;;;;;;;;
VE;12;13313;CASPER;14;;;;;;;;
VE;12;13323;SULFY 80 WDG;2;;;;;;;;
VE;12;13327;GRANSTAR ULTRA SX;5,05;;;;;;;;
VE;12;13352;DIREX 7,5 GR;437;;;;;;;;
VE;12;13361;DECIS ENERGY O-TEQ;19,63;;;;;;;;
VE;12;13375;NUPRID 200 SC;1,1;;;;;;;;
VE;12;13378;ORTIVA TOP;6;;;;;;;;
VE;12;13382;PERGADO SC;25;;;;;;;;
VE;12;13385;PROLINE;17;;;;;;;;
VE;12;13386;PROSARO;55;;;;;;;;
VE;12;13387;FLORAMIX;1,06;;;;;;;;
VE;12;13389;AFFIRM;75;;;;;;;;
VE;12;13390;TEBUSIP 46;77;;;;;;;;
VE;12;13409;SILFUR WG;1;;;;;;;;
VE;12;13410;FRUTTENE 76 WG;15;;;;;;;;
VE;12;13451;SPARVIERO;42;;;;;;;;
VE;12;13455;ANTIGRAM GOLD;26;;;;;;;;
VE;12;13458;ZARADO;33;;;;;;;;
VE;12;13466;SPOTLIGHT PLUS;3;;;;;;;;
VE;12;13468;CLINER;9,25;;;;;;;;
VE;12;13472;ALIEN;5;;;;;;;;
VE;12;13489;CYMBAL;3;;;;;;;;
VE;12;13492;V.I.P. WDG;6;;;;;;;;
VE;12;13521;HELIOCUIVRE S;10;;;;;;;;
VE;12;13522;SPIDER KILL;1,02;;;;;;;;
VE;12;13540;QUASAR R FLOW;161;;;;;;;;
VE;12;13549;TIPTOR XCELL;210;;;;;;;;
VE;12;13555;SHUT TWIN;118;;;;;;;;
VE;12;13578;RAME CAFFARO BLU WG NEW;173;;;;;;;;
VE;12;13592;VOLARE;3;;;;;;;;
VE;12;13604;ZOLFO S.A.I.M. RAFFINATO DOPPIO VENTILATO RAMATO 5%;300;;;;;;;;
VE;12;13610;CLINIC SPECTRUM;2;;;;;;;;
VE;12;13635;POLTIGLIA 20 PB MANICA;2;;;;;;;;
VE;12;13637;PERGADO F;53;;;;;;;;
VE;12;13648;SIARAM 20 WG;94;;;;;;;;
VE;12;13691;TRIDAN COMBI T;180;;;;;;;;
VE;12;13698;VIVANDO;9,75;;;;;;;;
VE;12;13702;GEOTOX 7,5 C;335;;;;;;;;
VE;12;13721;AFIDINA QUICK;6;;;;;;;;
VE;12;13742;PERGADO MZ;3;;;;;;;;
VE;12;13771;NIMROD 250 EW;3;;;;;;;;
VE;12;13785;QUANTUM MZ;45;;;;;;;;
VE;12;13786;QUANTUM R;205,3;;;;;;;;
VE;12;13793;RUNNER M;88;;;;;;;;
VE;12;13815;TUTOR 18-15;1;;;;;;;;
VE;12;13820;BAYTEROID 25 EC;5;;;;;;;;
VE;12;13823;ALVERDE;4,11;;;;;;;;
VE;12;13838;XEDAVIR;9;;;;;;;;
VE;12;13857;CRODIX GEO/MINUET GEO;1203,75;;;;;;;;
VE;12;13858;MEDIATOR EXTRA SL;13,6;;;;;;;;
VE;12;13865;FUNGICIDA GARDEN;35;;;;;;;;
VE;12;13876;APACHE;1;;;;;;;;
VE;12;13885;MICROCOPP NEUTRO FL;14;;;;;;;;
VE;12;13981;CORAGEN;19;;;;;;;;
VE;12;14005;CLORTOSIP 500 SC;23;;;;;;;;
VE;12;14023;SUPPORT 10EC;2;;;;;;;;
VE;12;14034;CURENOX TOP MICRO;29,5;;;;;;;;
VE;12;14042;SUPRAFOS EC;5;;;;;;;;
VE;12;14052;PRODEO 80 WG;1;;;;;;;;
VE;12;14055;RAME IDROSSIDO FLOW AGRISYSTEM;86;;;;;;;;
VE;12;14058;FEINZIN 70 DF;1,25;;;;;;;;
VE;12;14062;ZOXIUM 240 SC;15;;;;;;;;
VE;12;14077;CHAMP 20 DF;10;;;;;;;;
VE;12;14080;MIZAR;4;;;;;;;;
VE;12;14092;AGRORAT B;46,2;;;;;;;;
VE;12;14098;CRITTOX GD 75;240;;;;;;;;
VE;12;14100;KANEMITE;5;;;;;;;;
VE;12;14101;CARAMBA;35;;;;;;;;
VE;12;14102;BORDOFLOW NEW;20;;;;;;;;
VE;12;14119;VISIR PENCOTECH;46;;;;;;;;
VE;12;14123;ZETARAM NEW TECH;12;;;;;;;;
VE;12;14127;MEVAXIL COBRE;3,5;;;;;;;;
VE;12;14136;OBERON;7;;;;;;;;
VE;12;14137;ALTACOR;0,6;;;;;;;;
VE;12;14154;PIRETRO ACTIGREEN;1,46;;;;;;;;
VE;12;14164;TRIKA ZETA;340;;;;;;;;
VE;12;14165;NANDO MAXI;1;;;;;;;;
VE;12;14168;SILWET VELONEX;4;;;;;;;;
VE;12;14169;PERGADO R;62;;;;;;;;
VE;12;14240;PYR PRONTO;10,5;;;;;;;;
VE;12;14248;CLOR QUICK;3,9;;;;;;;;
VE;12;14290;KOHINOR 200 SL;9,69;;;;;;;;
VE;12;14336;NEMATHORIN 150 EC;2;;;;;;;;
VE;12;14342;VOLCAN COMBI SC;20;;;;;;;;
VE;12;14368;RESOLVA 24H;3;;;;;;;;
VE;12;14381;PYRINET;13;;;;;;;;
VE;12;14384;ETOPROSIP G;300;;;;;;;;
VE;12;14387;NERVURE SUPER;25;;;;;;;;
VE;12;14405;MERLIN FLEXX;88;;;;;;;;
VE;12;14407;RUNWAY;27,5;;;;;;;;
VE;12;14409;MOVENTO 48 SC;20,2;;;;;;;;
VE;12;14418;PULSAR 40 SL;10;;;;;;;;
VE;12;14431;LENTAGRAN 45 WP;2,2;;;;;;;;
VE;12;14434;NUANCE;1,86;;;;;;;;
VE;12;14461;CURIT DUO;28;;;;;;;;
VE;12;14474;TEBUSIP COMBI;185;;;;;;;;
VE;12;14510;ELECTIS TRIO;143;;;;;;;;
VE;12;14525;MAROX SX;5,7;;;;;;;;
VE;12;14550;HOOK 480 PLUS;1;;;;;;;;
VE;12;14577;FORUM R 3B;293;;;;;;;;
VE;12;14636;BIOLID UP;102;;;;;;;;
VE;12;14638;NETOR;205;;;;;;;;
VE;12;14642;RIDOMIL GOLD R WG;685;;;;;;;;
VE;12;14643;CENTIUM 36 CS;12;;;;;;;;
VE;12;14697;ENERVIN DUO;12;;;;;;;;
VE;12;14699;GEOXE;1;;;;;;;;
VE;12;14724;CIP;96,5;;;;;;;;
VE;12;14735;RANMAN TOP;9;;;;;;;;
VE;12;14737;ROUNDUP PLATINUM;14;;;;;;;;
VE;12;14758;KARATE WITH ZEON TECHNOLOGY 1.5 HOBBY;8,16;;;;;;;;
VE;12;14764;SLUXX;65;;;;;;;;
VE;12;14765;ELUMIS;198;;;;;;;;
VE;12;14769;COMET 250 EC;3,4;;;;;;;;
VE;12;14785;DRISCOLL;9,62;;;;;;;;
VE;12;14792;MELODY TREVI;63;;;;;;;;
VE;12;14796;ATOMINAL 10 EC;3;;;;;;;;
VE;12;14799;AFLOR 200 SL;0,62;;;;;;;;
VE;12;14803;ELECTIS ZR;147;;;;;;;;
VE;12;14804;COPPER - DF;14,25;;;;;;;;
VE;12;14807;LUZINDO;6,75;;;;;;;;
VE;12;14809;CUPRAVIT BIO EVOLUTION;102;;;;;;;;
VE;12;14815;ADENGO;1054;;;;;;;;
VE;12;14838;BARCLAY GALLUP BIOGRADE 360;1485;;;;;;;;
VE;12;14879;LONTREL 72 SG;0,3;;;;;;;;
VE;12;14884;CORUM;683;;;;;;;;
VE;12;14901;CONCORDE 125;2;;;;;;;;
VE;12;14909;NURELLE 5;32;;;;;;;;
VE;12;14911;CARBOSAN G;14;;;;;;;;
VE;12;14915;REPLAY;12;;;;;;;;
VE;12;14935;TRAXOS ONE;33;;;;;;;;
VE;12;14936;AMPLIGO;39;;;;;;;;
VE;12;14937;VOLIAM TARGO;7;;;;;;;;
VE;12;14948;ACTARA HOBBY;0,24;;;;;;;;
VE;12;14967;TIPTOR ULTRA;175;;;;;;;;
VE;12;14969;HOPPER 480;20;;;;;;;;
VE;12;14974;BELEM 0.8 MG;1020;;;;;;;;
VE;12;14980;AFFINITY PLUS;1;;;;;;;;
VE;12;15007;AXIAL PRONTO;1;;;;;;;;
VE;12;15047;R6 ERRESEI BORDEAUX WG;118;;;;;;;;
VE;12;15049;MODDUS;78;;;;;;;;
VE;12;15058;PRINCIPAL MAIS;0,44;;;;;;;;
VE;12;15059;DECIS EVO;191;;;;;;;;
VE;12;15064;MAESTRO WG ADVANCE;20;;;;;;;;
VE;12;15071;EVOLUTION;2;;;;;;;;
VE;12;15101;CIMORAM ULTRA WG;80;;;;;;;;
VE;12;15102;VITENE R WG;157;;;;;;;;
VE;12;15112;SIMPLIA;14;;;;;;;;
VE;12;15116;ELIOS R;8;;;;;;;;
VE;12;15123;ALTAIR 4,5 EW;19;;;;;;;;
VE;12;15124;ZANTARA;9;;;;;;;;
VE;12;15201;FLOXI 355 SC;3;;;;;;;;
VE;12;15221;ZETARAM PLUS;1;;;;;;;;
VE;12;15222;FOLICUR COMBI WG;5;;;;;;;;
VE;12;15253;FALCON MK;127;;;;;;;;
VE;12;15289;SERENADE NATRIA;0,7;;;;;;;;
VE;12;15294;KENDO BI-ACTIVE;50;;;;;;;;
VE;12;15302;AMYLO-X;72;;;;;;;;
VE;12;15333;APPLAUD PLUS;50,06;;;;;;;;
VE;12;15340;FEUDO 50 WP;8;;;;;;;;
VE;12;15356;AVIATOR SC;1;;;;;;;;
VE;12;15361;LIETO;13;;;;;;;;
VE;12;15422;KELVIN DUO;3,06;;;;;;;;
VE;12;15449;CIDELY;13;;;;;;;;
VE;12;15451;ELIOS WG TOP;3;;;;;;;;
VE;12;15493;SIMUN 40 OD;9;;;;;;;;
VE;12;15499;SONG 70 WDG;26;;;;;;;;
VE;12;15514;CUPRAVIT BLU 35 WG;4,8;;;;;;;;
VE;12;15551;CLAIRSOL 23 L;100;;;;;;;;
VE;12;15572;ZOMINEX;10;;;;;;;;
VE;12;15591;PREVINT TOP;25;;;;;;;;
VE;12;15626;ORBIT 220 EC;10;;;;;;;;
VE;12;15627;PAPYRUS 400 SC;4;;;;;;;;
VE;12;15640;PROLINE STAR;175;;;;;;;;
VE;12;15641;SIATTOL 200 SL;2;;;;;;;;
VE;12;15680;MITRHA 40 SC;20;;;;;;;;
VE;12;15681;LUMADRY ESCA;184;;;;;;;;
VE;12;15711;ALSYSTIN;4;;;;;;;;
VE;12;15751;VITENE TRIPLO R;63;;;;;;;;
VE;12;15841;FLOCTER;10;;;;;;;;
VE;12;15842;AFICIONADO;138;;;;;;;;
VE;12;15845;ARAGON;19;;;;;;;;
VE;12;15901;ERCOLE;1883;;;;;;;;
VE;12;15964;ENOVIT METIL FL BETA;5;;;;;;;;
VE;12;16045;TELONE II 2014;4920;;;;;;;;
VE;13;13;THIOPRON;300;;;;;;;;
VE;13;17;U 46 COMBI FLUID;4;;;;;;;;
VE;13;40;ETRAVON SYNGENTA;1462;;;;;;;;
VE;13;133;U 46 D-FLUID;15;;;;;;;;
VE;13;346;BAGIR MAX;14;;;;;;;;
VE;13;361;BAGNANTE ANTISCHIUMA S;14;;;;;;;;
VE;13;565;FUMATHANE 510;2000;;;;;;;;
VE;13;630;REGLONE W;54;;;;;;;;
VE;13;886;SENCOR WG;9;;;;;;;;
VE;13;1156;CHEMOL;451;;;;;;;;
VE;13;1544;MESUROL;1;;;;;;;;
VE;13;1562;ERBITOX E 30;141;;;;;;;;
VE;13;1573;BASAMID GRANULAT;60;;;;;;;;
VE;13;1583;MICROTHIOL DISPERSS;1448;;;;;;;;
VE;13;1600;ETRAVON;8;;;;;;;;
VE;13;1714;KERB 80 EDF;57;;;;;;;;
VE;13;1765;MICRO-DROP;2,5;;;;;;;;
VE;13;1850;IDRORAME FLOW;148;;;;;;;;
VE;13;1979;PERFEKTHION;5;;;;;;;;
VE;13;2191;WETTING PLUS;39;;;;;;;;
VE;13;2260;GASTROTOX E;30;;;;;;;;
VE;13;2272;SILLIM;252,5;;;;;;;;
VE;13;2307;VECTOR;15;;;;;;;;
VE;13;2353;BONALAN;233;;;;;;;;
VE;13;2449;ZOLFO BAGNABILE BAYER;0,4;;;;;;;;
VE;13;2518;ACTELLIC 2P;7,3;;;;;;;;
VE;13;2520;ACTELLIC;1;;;;;;;;
VE;13;2634;BUGGY;4251;;;;;;;;
VE;13;2732;GOLTIX;42;;;;;;;;
VE;13;2923;TIOVIT JET;4368;;;;;;;;
VE;13;2934;MICROSOL 90;8;;;;;;;;
VE;13;2950;ADESIL A;61;;;;;;;;
VE;13;2972;BIODAST;10;;;;;;;;
VE;13;2995;ESCARTOX;2139,5;;;;;;;;
VE;13;3065;OLIOCIN;735,25;;;;;;;;
VE;13;3102;OLEOTER;158;;;;;;;;
VE;13;3132;SEPR-OIL;115,25;;;;;;;;
VE;13;3163;U 46 M STAR;59;;;;;;;;
VE;13;3219;CARAKOL AGRO;733,5;;;;;;;;
VE;13;3343;U46 M CLASS;1;;;;;;;;
VE;13;3366;ROGATOX EC;27;;;;;;;;
VE;13;3503;AGRUMIN;46;;;;;;;;
VE;13;3519;METAMBANE;1;;;;;;;;
VE;13;3658;SIPCAMOL E;203;;;;;;;;
VE;13;3754;BAGNANTE SARIAF;222;;;;;;;;
VE;13;3767;FENOXILENE MAX;273;;;;;;;;
VE;13;3771;ROVRAL WG;3;;;;;;;;
VE;13;3793;DITHANE M-45;125;;;;;;;;
VE;13;3800;CRITTAM WG;101;;;;;;;;
VE;13;4012;RELDAN 22;343,6;;;;;;;;
VE;13;4090;MALERBANE CEREALI;6;;;;;;;;
VE;13;4157;IROL PLUS;124;;;;;;;;
VE;13;4199;PENNCOZEB DG;300;;;;;;;;
VE;13;4228;ROGOR L 20;37,25;;;;;;;;
VE;13;4292;ZOLVIS 80 MICRO;50;;;;;;;;
VE;13;4426;DECIS;51;;;;;;;;
VE;13;4552;DITHANE DG NEOTEC;54;;;;;;;;
VE;13;4710;ALIETTE;77;;;;;;;;
VE;13;4833;FANDANGO 360 SL;640;;;;;;;;
VE;13;5152;TIOSPOR WG;260;;;;;;;;
VE;13;5228;CARAKOL;371,5;;;;;;;;
VE;13;5299;MIBIOL;349;;;;;;;;
VE;13;5467;METADENE;20;;;;;;;;
VE;13;5574;LUMAKIDIN 5G;230;;;;;;;;
VE;13;5657;BAGNANTE SCAM;23;;;;;;;;
VE;13;5755;TILT 25 EC;0,5;;;;;;;;
VE;13;5864;CIPOTRIL;1;;;;;;;;
VE;13;5881;PREVICUR;0,1;;;;;;;;
VE;13;6321;STIMOLANTE 66F;17;;;;;;;;
VE;13;6376;ANTISCHIUMA SHAUMSTOP;2,7;;;;;;;;
VE;13;6401;MONDAK 21 S;431;;;;;;;;
VE;13;6556;K-OBIOL DP2;303;;;;;;;;
VE;13;6674;AFALON DS;225;;;;;;;;
VE;13;6704;TIOLENE 80 WG;1726;;;;;;;;
VE;13;6766;BUTISAN S;6;;;;;;;;
VE;13;6945;TOPAS 10 EC;21,65;;;;;;;;
VE;13;6947;TOPAS COMBI;513;;;;;;;;
VE;13;6956;TARGA FLO;1835;;;;;;;;
VE;13;6978;BETTER 400;540;;;;;;;;
VE;13;7020;BAGNANTE CIFO;2;;;;;;;;
VE;13;7055;PASTA CAFFARO BLU;255,5;;;;;;;;
VE;13;7101;LIMAVAL;24;;;;;;;;
VE;13;7368;TURFENE L;46;;;;;;;;
VE;13;7369;SYLLIT FLO;26;;;;;;;;
VE;13;7379;VENZAR;40;;;;;;;;
VE;13;7401;POLTIGLIA CAFFARO 20 DF NEW;1002;;;;;;;;
VE;13;7530;BIOLID E;27;;;;;;;;
VE;13;7543;ERBITOX COMBI;5;;;;;;;;
VE;13;7555;KLARTAN 20 EW;4,65;;;;;;;;
VE;13;7611;ENOVIT METIL FL;33;;;;;;;;
VE;13;7700;MATACAR FL;0,4;;;;;;;;
VE;13;7733;BAYTEROID EW;12,24;;;;;;;;
VE;13;7764;TIOLENE;50;;;;;;;;
VE;13;7767;ACARISTOP 20 SC;0,6;;;;;;;;
VE;13;7876;PIRIMOR 17,5;5;;;;;;;;
VE;13;7916;POLYRAM DF;1689;;;;;;;;
VE;13;7919;TOUCHDOWN;4624;;;;;;;;
VE;13;7922;OPALENE;183;;;;;;;;
VE;13;7943;STARANE;1;;;;;;;;
VE;13;7957;ROVRAL PLUS;33;;;;;;;;
VE;13;7958;RONSTAR FL;8;;;;;;;;
VE;13;7961;RIZOLEX  GOLD;104;;;;;;;;
VE;13;7963;RIZOLEX 50 PB;15;;;;;;;;
VE;13;7984;STRATOS;532;;;;;;;;
VE;13;7998;PRIMOSOL 80 WDG;1;;;;;;;;
VE;13;8023;SUMIALFA ECHO;6;;;;;;;;
VE;13;8105;CIMORAM;21;;;;;;;;
VE;13;8117;BASTA 200;390;;;;;;;;
VE;13;8129;BETOZON 65 DF;14;;;;;;;;
VE;13;8139;MANTA GOLD/FENOTRIX COMBI;108;;;;;;;;
VE;13;8146;GALLERY;1,5;;;;;;;;
VE;13;8156;DEVOX;47;;;;;;;;
VE;13;8157;ZETARAM 20 L;40;;;;;;;;
VE;13;8189;FORCE;1380;;;;;;;;
VE;13;8201;GLISTER;218;;;;;;;;
VE;13;8207;LONTREL 75 G;0,8;;;;;;;;
VE;13;8229;RAPAX;14,15;;;;;;;;
VE;13;8376;ARIANE II;24;;;;;;;;
VE;13;8382;ROUNDUP BIOFLOW;30;;;;;;;;
VE;13;8429;GLYFOS SL;295;;;;;;;;
VE;13;8498;FOLICUR WG;24,4;;;;;;;;
VE;13;8499;EFESTO;426;;;;;;;;
VE;13;8528;FEINZIN 35 DF;41;;;;;;;;
VE;13;8534;CITROLE;97;;;;;;;;
VE;13;8540;PAMPA/GHIBLI;1049;;;;;;;;
VE;13;8542;FORUM 50 WP;418,6;;;;;;;;
VE;13;8547;LOGRAN;0,26;;;;;;;;
VE;13;8601;FOLPAN 80 WDG;25;;;;;;;;
VE;13;8656;GLIFENE HP;20;;;;;;;;
VE;13;8721;NEXTER;4;;;;;;;;
VE;13;8729;FORUM R;749;;;;;;;;
VE;13;8735;TREBON UP;29,28;;;;;;;;
VE;13;8743;GREENEX;14,3;;;;;;;;
VE;13;8795;VERTIMEC EC;6,5;;;;;;;;
VE;13;8797;BINAL PRO/EMINENT COMBI;315;;;;;;;;
VE;13;8801;SCORE 25 EC;48,45;;;;;;;;
VE;13;8803;DOMARK COMBI PB;21;;;;;;;;
VE;13;8838;GERMON BEWURZELUNGSPUDER PER TALEE LEGNOSE;0,5;;;;;;;;
VE;13;8841;CYREN 7,5 G;624,5;;;;;;;;
VE;13;8843;NISSHIN;37;;;;;;;;
VE;13;8859;MASTIFF;1265;;;;;;;;
VE;13;8875;CIMOX 25 WP;4;;;;;;;;
VE;13;8882;ULTRA FINE OIL;12;;;;;;;;
VE;13;8884;BITRON DF;137;;;;;;;;
VE;13;8886;SAFARI;9,36;;;;;;;;
VE;13;8934;SCALA;67,35;;;;;;;;
VE;13;8984;GLIPHOGAN TOP MK;742;;;;;;;;
VE;13;8987;CONFIDOR 200 SL;168,06;;;;;;;;
VE;13;9005;AGIL;1839;;;;;;;;
VE;13;9010;RAMEZIN COMBI WG;3750;;;;;;;;
VE;13;9012;CUPROCAFFARO MICRO;593;;;;;;;;
VE;13;9036;ACTIVUS;3,2;;;;;;;;
VE;13;9131;PYRINEX ME;5;;;;;;;;
VE;13;9148;SYLLIT 355 SC;49,5;;;;;;;;
VE;13;9171;GALBEN R 4-33;4;;;;;;;;
VE;13;9311;CUPROSSIL IDRO 25 WP;5;;;;;;;;
VE;13;9330;GLIFO 41;6,5;;;;;;;;
VE;13;9332;OPEN;1;;;;;;;;
VE;13;9335;SILGLIF MK;29;;;;;;;;
VE;13;9339;BETANAL EXPERT;699;;;;;;;;
VE;13;9364;RAPIDO;1390;;;;;;;;
VE;13;9373;CHORUS;2;;;;;;;;
VE;13;9374;MATCH TOP;2;;;;;;;;
VE;13;9400;GLIFOGAN PRONTO;24;;;;;;;;
VE;13;9404;TETRAPLUS COMBI EC;0,06;;;;;;;;
VE;13;9411;RADIP ORMON;0,4;;;;;;;;
VE;13;9422;EVADE;232,35;;;;;;;;
VE;13;9443;ENDOGERME;10,9;;;;;;;;
VE;13;9463;KLARO KIT;106,75;;;;;;;;
VE;13;9575;DRIBBLING 240 EC;1;;;;;;;;
VE;13;9578;SWITCH;85;;;;;;;;
VE;13;9612;OSSICLOR 30;30;;;;;;;;
VE;13;9631;METRIN EC;12;;;;;;;;
VE;13;9636;OSSIRAM COMBI WP;0,4;;;;;;;;
VE;13;9668;RUFAST E-FLO;5,19;;;;;;;;
VE;13;9673;SEPRA-BAIT;5;;;;;;;;
VE;13;9675;PANTOX 360;1838;;;;;;;;
VE;13;9679;KRISTAL 32 WG;1;;;;;;;;
VE;13;9693;SPORTAK 45 EW;178;;;;;;;;
VE;13;9705;PREVITER;64,7;;;;;;;;
VE;13;9723;DE-SPROUT N;200;;;;;;;;
VE;13;9724;TIOWETTING DF;194;;;;;;;;
VE;13;9726;GLIFOSAN;7,5;;;;;;;;
VE;13;9730;CUPROSSIL IDRO 25 WP BLU;59;;;;;;;;
VE;13;9747;FURY;27,5;;;;;;;;
VE;13;9757;SPYRALE;98;;;;;;;;
VE;13;9758;COPRANTOL WG;88;;;;;;;;
VE;13;9767;NUFOS 7,5 G;144;;;;;;;;
VE;13;9787;MICROBAGNABILE WG;406;;;;;;;;
VE;13;9797;GROLEN;2;;;;;;;;
VE;13;9800;MAVRIK 20 EW;17,27;;;;;;;;
VE;13;9802;COPRANTOL HI BIO;313;;;;;;;;
VE;13;9832;TREK P;243;;;;;;;;
VE;13;9843;BASAGRAN SG;36;;;;;;;;
VE;13;9867;4 STAGIONI;77,25;;;;;;;;
VE;13;9872;AKRIS;35;;;;;;;;
VE;13;9940;ZELIG GR;585;;;;;;;;
VE;13;9941;BUMPER P;336;;;;;;;;
VE;13;9952;COLZANET;3;;;;;;;;
VE;13;9954;JOKER;958;;;;;;;;
VE;13;9963;METIDANE 22;12;;;;;;;;
VE;13;9970;HUNTER;0,5;;;;;;;;
VE;13;10029;KING;33,37;;;;;;;;
VE;13;10048;KUMULUS TECNO;570;;;;;;;;
VE;13;10049;DURSBAN 75 WG;7;;;;;;;;
VE;13;10057;ARPEL WDG;52,5;;;;;;;;
VE;13;10105;RIDOMIL GOLD SL;2,25;;;;;;;;
VE;13;10118;AMISTAR;312;;;;;;;;
VE;13;10127;DECIS JET;211,51;;;;;;;;
VE;13;10154;BORDOFLOW SECTOR;10;;;;;;;;
VE;13;10161;ORTIVA;53,56;;;;;;;;
VE;13;10183;GARLON EV;30,8;;;;;;;;
VE;13;10184;TIMBREL EV;0,8;;;;;;;;
VE;13;10185;ZERGAN EV;32,75;;;;;;;;
VE;13;10224;EMME-H;30;;;;;;;;
VE;13;10230;LUMAPLUS;104;;;;;;;;
VE;13;10233;BORDOSEP;95;;;;;;;;
VE;13;10272;CEREXIL M DG;10;;;;;;;;
VE;13;10275;STELLA E 10;1,6;;;;;;;;
VE;13;10296;IPERION;630;;;;;;;;
VE;13;10297;SINIS 35 WG;1,5;;;;;;;;
VE;13;10305;OIKOS;2;;;;;;;;
VE;13;10306;MISTRAL;180;;;;;;;;
VE;13;10329;FORUM MZ WG;84;;;;;;;;
VE;13;10372;RASIKAL QUICK;361;;;;;;;;
VE;13;10373;CONTEST;15;;;;;;;;
VE;13;10404;CLINIC 360 SL;125;;;;;;;;
VE;13;10423;LUMACHICIDA VEBI;657,25;;;;;;;;
VE;13;10424;VEBIGLYF;123;;;;;;;;
VE;13;10426;PROTIL EC;28,5;;;;;;;;
VE;13;10447;NOVEL DUO;622;;;;;;;;
VE;13;10456;KLARO ULTRA;823,7;;;;;;;;
VE;13;10461;DICOTURF;5;;;;;;;;
VE;13;10465;ROUNDUP MAX;1200;;;;;;;;
VE;13;10477;LAS VEGAS;36;;;;;;;;
VE;13;10491;VEBIRAME FLOW;3;;;;;;;;
VE;13;10494;PREMIUM TOP;2688,75;;;;;;;;
VE;13;10518;PIRESAN PLUS;3;;;;;;;;
VE;13;10532;TELDOR;5;;;;;;;;
VE;13;10552;THIOCUR ZOLFO;2;;;;;;;;
VE;13;10560;PIRETRO NATURA;21;;;;;;;;
VE;13;10563;SWEEL WDG;24;;;;;;;;
VE;13;10565;DICOTIL EXTRA;46,5;;;;;;;;
VE;13;10568;ZOOMER;258,25;;;;;;;;
VE;13;10573;KOCIDE 2000;24;;;;;;;;
VE;13;10579;CARSON COP;9;;;;;;;;
VE;13;10584;SHAMAL MK PLUS;48;;;;;;;;
VE;13;10588;BIOPIREN PLUS;8;;;;;;;;
VE;13;10701;CUMETA FLOW;18;;;;;;;;
VE;13;10715;SILGLIF NF;87;;;;;;;;
VE;13;10734;DUAL GOLD;2987;;;;;;;;
VE;13;10735;PRIMAGRAM GOLD;5164;;;;;;;;
VE;13;10741;METACINQUE;1083;;;;;;;;
VE;13;10752;STEWARD;10,25;;;;;;;;
VE;13;10753;FOLICUR SE;341,65;;;;;;;;
VE;13;10758;BEETUP-TRIO;36;;;;;;;;
VE;13;10771;MOST MICRO;1628,4;;;;;;;;
VE;13;10865;AGROSAN B;76;;;;;;;;
VE;13;10897;AMEGA PLUS;498;;;;;;;;
VE;13;10926;ALTOREX;73;;;;;;;;
VE;13;10929;CHIKARA 25 WG;0,05;;;;;;;;
VE;13;10936;NAAK 480;4;;;;;;;;
VE;13;10939;CP 40 AGRO;27;;;;;;;;
VE;13;10944;KARATE ZEON;31,5;;;;;;;;
VE;13;10973;PYRINEX PRONTO;1;;;;;;;;
VE;13;10976;METEOR;543,51;;;;;;;;
VE;13;10986;KASKO R;84;;;;;;;;
VE;13;10999;BETANAL SE;117;;;;;;;;
VE;13;11011;DASH HC;640;;;;;;;;
VE;13;11045;DODIPREV 35;50,75;;;;;;;;
VE;13;11059;BIOPOWER;484;;;;;;;;
VE;13;11102;HELIOSOUFRE S;2,8;;;;;;;;
VE;13;11106;MANFIL 75 WG;25;;;;;;;;
VE;13;11119;FLINT;2,59;;;;;;;;
VE;13;11127;HOPPER BLU;50;;;;;;;;
VE;13;11150;ALL SEASONS;0,25;;;;;;;;
VE;13;11157;PROPYDOR;52;;;;;;;;
VE;13;11173;AVAUNT EC;394,5;;;;;;;;
VE;13;11190;PENCOR 10 EC;6,8;;;;;;;;
VE;13;11201;PROPYFLOR;7;;;;;;;;
VE;13;11204;RIZOSOL 50;12;;;;;;;;
VE;13;11206;CODACIDE;75;;;;;;;;
VE;13;11243;LEOPARD 5 EC;131;;;;;;;;
VE;13;11253;CALLISTO;971;;;;;;;;
VE;13;11282;KEMIFAM TRIO FL;58;;;;;;;;
VE;13;11301;SPHERE;79;;;;;;;;
VE;13;11307;AGRIRAT;32;;;;;;;;
VE;13;11310;CHIMIGOR 20;12;;;;;;;;
VE;13;11341;STARANE GOLD;144;;;;;;;;
VE;13;11345;ZOLVIS 80 WDG;122;;;;;;;;
VE;13;11353;FUSILADE MAX;30;;;;;;;;
VE;13;11355;TAMIFUM;550;;;;;;;;
VE;13;11360;GRIP 25;12,9;;;;;;;;
VE;13;11377;OXYFLUOR;7;;;;;;;;
VE;13;11382;GARDENE PLUS;48;;;;;;;;
VE;13;11393;BEETLE;33;;;;;;;;
VE;13;11403;MELODY COMPACT;531;;;;;;;;
VE;13;11416;OVIPRON TOP;69;;;;;;;;
VE;13;11418;ROUNDUP 450 PLUS;62;;;;;;;;
VE;13;11432;VERDEVIVO ANTICOCCINIGLIA;4;;;;;;;;
VE;13;11435;FLORANET;3;;;;;;;;
VE;13;11448;KICKER;61;;;;;;;;
VE;13;11449;GARDOPRIM GOLD;485;;;;;;;;
VE;13;11467;SLUGMET;12;;;;;;;;
VE;13;11497;CRITTOVIT WG;240;;;;;;;;
VE;13;11499;BUSTER;0,4;;;;;;;;
VE;13;11505;READY GERMIPLUS;84;;;;;;;;
VE;13;11523;SEPRADINA SC;63,2;;;;;;;;
VE;13;11525;FUNGIDINA;92,1;;;;;;;;
VE;13;11526;SULTAN;22;;;;;;;;
VE;13;11527;PYRINEX QUICK;85,45;;;;;;;;
VE;13;11561;NEEMAZAL T/S;25,92;;;;;;;;
VE;13;11569;CUPROXAT S.D.I.;334;;;;;;;;
VE;13;11586;TOP-AGAN;7;;;;;;;;
VE;13;11587;CAMBEL S;52;;;;;;;;
VE;13;11596;CALYPSO;5,5;;;;;;;;
VE;13;11611;VYDATE 10L;15;;;;;;;;
VE;13;11614;ACTARA 25 WG;14,91;;;;;;;;
VE;13;11619;TIOFLOR WDG;455;;;;;;;;
VE;13;11638;FLUORATE;240;;;;;;;;
VE;13;11649;COMMAND 36 CS;521,5;;;;;;;;
VE;13;11659;HERBITOTAL S;105,25;;;;;;;;
VE;13;11660;SHOGUN;13;;;;;;;;
VE;13;11668;PLENUM 50 WG;0,6;;;;;;;;
VE;13;11678;ACTELLIC 2P NEWPHARM;3;;;;;;;;
VE;13;11680;CICLONE;200;;;;;;;;
VE;13;11690;GOAL 480 SC;6,5;;;;;;;;
VE;13;11693;LASER;10,45;;;;;;;;
VE;13;11696;ARID;2;;;;;;;;
VE;13;11698;MINUET;425,35;;;;;;;;
VE;13;11700;BOTANIGARD 22 WP;0,02;;;;;;;;
VE;13;11704;OLIO OGNISTAGIONE;16,75;;;;;;;;
VE;13;11710;GARDIUS;3,5;;;;;;;;
VE;13;11711;DUKE IDROSSIDO;8;;;;;;;;
VE;13;11730;COSMOTRIN;0,8;;;;;;;;
VE;13;11744;CIPERBLOC;10;;;;;;;;
VE;13;11779;KOP-TWIN;33;;;;;;;;
VE;13;11796;GLIFAST;102,1;;;;;;;;
VE;13;11814;SPADA 200 EC;38;;;;;;;;
VE;13;11815;SHARK;17;;;;;;;;
VE;13;11829;PROTAK 43 EC;18;;;;;;;;
VE;13;11862;LOBBY;46;;;;;;;;
VE;13;11870;CUPRITAL S.D.I.;1;;;;;;;;
VE;13;11885;ELICIO;15;;;;;;;;
VE;13;11894;GRANEX;6,5;;;;;;;;
VE;13;11908;VENTUREX 35 L;33,7;;;;;;;;
VE;13;11921;RISCIO' 50 WP/RISCIO';30;;;;;;;;
VE;13;11954;TERMINAL DUO;425;;;;;;;;
VE;13;11979;BORDO 20 MICRO;113,5;;;;;;;;
VE;13;12010;TUAREG;2619;;;;;;;;
VE;13;12020;SUCCESS;18,04;;;;;;;;
VE;13;12030;SNOW;4;;;;;;;;
VE;13;12037;CAMIX;65;;;;;;;;
VE;13;12041;MARTOS;24;;;;;;;;
VE;13;12043;PREVICUR ENERGY;18,35;;;;;;;;
VE;13;12048;TIOSOL 80 WG;3750;;;;;;;;
VE;13;12067;CIPER;3,25;;;;;;;;
VE;13;12068;TEFLUSTAR;162,15;;;;;;;;
VE;13;12069;EPIK;21,08;;;;;;;;
VE;13;12083;DANADIM PROGRESS;9,95;;;;;;;;
VE;13;12084;GALEO;1;;;;;;;;
VE;13;12096;POLTIGLIA DISPERSS;847;;;;;;;;
VE;13;12100;ASSET;3;;;;;;;;
VE;13;12115;BARRACUDA;13;;;;;;;;
VE;13;12136;VERITAS;50;;;;;;;;
VE;13;12138;R6 ERRESEI TREVI;318;;;;;;;;
VE;13;12172;FERRAMOL;45;;;;;;;;
VE;13;12174;V.I.P. FLOW;100;;;;;;;;
VE;13;12177;VITTORIA 24 SC;6,4;;;;;;;;
VE;13;12192;GRANSTAR 50 SX;5,7;;;;;;;;
VE;13;12206;GLUTEX CU 90;102;;;;;;;;
VE;13;12211;MEDOR;114;;;;;;;;
VE;13;12212;PENTHIUM EC;26,3;;;;;;;;
VE;13;12215;VEBIPHOS 7,5;284;;;;;;;;
VE;13;12225;TEPPEKI;0,23;;;;;;;;
VE;13;12243;MANTIR DG;34;;;;;;;;
VE;13;12245;ROUNDUP 360 POWER;3055;;;;;;;;
VE;13;12270;UNICORN DF;18;;;;;;;;
VE;13;12297;TRIBASE TWIN;0,25;;;;;;;;
VE;13;12298;GUNNER SC;16;;;;;;;;
VE;13;12313;TOPAS HOBBY;0,08;;;;;;;;
VE;13;12314;SCORE HOBBY;0,44;;;;;;;;
VE;13;12318;VIVER;15;;;;;;;;
VE;13;12320;PERSHING;0,75;;;;;;;;
VE;13;12323;VEBIZOLFO WG;39;;;;;;;;
VE;13;12325;MESUROL M PLUS;1236,5;;;;;;;;
VE;13;12330;DEDALUS SE;164,35;;;;;;;;
VE;13;12344;VEBITHRIN 5 EC;1,3;;;;;;;;
VE;13;12361;ALGEDI;0,2;;;;;;;;
VE;13;12375;SUGAR 500 SC;140;;;;;;;;
VE;13;12383;RIDOMIL GOLD MZ PEPITE;66;;;;;;;;
VE;13;12393;COPPERCIM WG;13;;;;;;;;
VE;13;12437;DELAN 70 WG;22;;;;;;;;
VE;13;12452;EQUIP;273;;;;;;;;
VE;13;12453;MILDICUT;20;;;;;;;;
VE;13;12459;VOLCAN SC;5;;;;;;;;
VE;13;12482;LUMAX;695;;;;;;;;
VE;13;12504;FLOWBRIX;12;;;;;;;;
VE;13;12505;FLOWBRIX BLU;10;;;;;;;;
VE;13;12515;GIBRELIN TAB;1,5;;;;;;;;
VE;13;12519;CORSARIO;6,25;;;;;;;;
VE;13;12522;METRO;72;;;;;;;;
VE;13;12526;SWAN;2;;;;;;;;
VE;13;12534;FOXTAIL;96,35;;;;;;;;
VE;13;12553;VEBIPYR;3;;;;;;;;
VE;13;12556;IVORY;75;;;;;;;;
VE;13;12560;METHIOR;12;;;;;;;;
VE;13;12566;PYGANIC 1.4;12,45;;;;;;;;
VE;13;12573;EKO OIL SPRAY;431;;;;;;;;
VE;13;12590;DIASTAR MAXI;790;;;;;;;;
VE;13;12622;QUANTUM;50;;;;;;;;
VE;13;12625;EFUZIN 355 SC/FULLDINA 35 FL;11;;;;;;;;
VE;13;12628;SERENADE MAX;6;;;;;;;;
VE;13;12629;BUGGY 360 SG N.E.T.;99,15;;;;;;;;
VE;13;12636;QUASAR 6/24 R;390;;;;;;;;
VE;13;12647;GLITTER;3;;;;;;;;
VE;13;12650;NUPRID 200 SL;0,1;;;;;;;;
VE;13;12670;RISOLUTIV SL;636;;;;;;;;
VE;13;12671;HARMONY 50 SX;34,26;;;;;;;;
VE;13;12686;CHAMAN;254;;;;;;;;
VE;13;12722;OSSICLOR 20 FLOW;200;;;;;;;;
VE;13;12723;OSSICLOR 20 BLU FLOW;105;;;;;;;;
VE;13;12730;BATER;20;;;;;;;;
VE;13;12737;AIRONE PIU';43;;;;;;;;
VE;13;12747;CUPRAVIT BLU WG;255,3;;;;;;;;
VE;13;12756;DICOTEX;63,5;;;;;;;;
VE;13;12759;OSSICLOR 35 WG;2711;;;;;;;;
VE;13;12768;SPINTOR FLY;1;;;;;;;;
VE;13;12770;ALAR 85 GOLD;1;;;;;;;;
VE;13;12779;RAMEDIT COMBI WG;344;;;;;;;;
VE;13;12784;FARO WG;2;;;;;;;;
VE;13;12806;FEDOR;154;;;;;;;;
VE;13;12813;AMISTAR XTRA;111;;;;;;;;
VE;13;12831;INSIGNIA;0,75;;;;;;;;
VE;13;12832;OPERA;149;;;;;;;;
VE;13;12847;EAGLE;1,85;;;;;;;;
VE;13;12853;SONG;48,75;;;;;;;;
VE;13;12859;BORNEO;1,55;;;;;;;;
VE;13;12862;CANTUS;5;;;;;;;;
VE;13;12869;SIGNUM;304;;;;;;;;
VE;13;12878;RIDOMIL GOLD COMBI PEPITE;111;;;;;;;;
VE;13;12880;ATLANTIS WG;48,5;;;;;;;;
VE;13;12881;HUSSAR MAXX;54;;;;;;;;
VE;13;12883;PROSPER 300 CS;23;;;;;;;;
VE;13;12886;KARATHANE STAR;3;;;;;;;;
VE;13;12888;LEPINOX PLUS;1;;;;;;;;
VE;13;12940;KARATE ZEON 1.5;930,5;;;;;;;;
VE;13;12953;ARAMO 50;253;;;;;;;;
VE;13;12954;SPECTRUM;1;;;;;;;;
VE;13;12996;CIMORAM BLU;13;;;;;;;;
VE;13;13005;PROMAG;1,6;;;;;;;;
VE;13;13020;MICRORAM 35 WG;39,4;;;;;;;;
VE;13;13026;SUSCON;0,4;;;;;;;;
VE;13;13039;POTCLEAN 2G;12;;;;;;;;
VE;13;13049;SULCOGAN;30;;;;;;;;
VE;13;13058;OSSIRAM 20 FLOW;7,5;;;;;;;;
VE;13;13062;DIPEL DF;6;;;;;;;;
VE;13;13064;VITENE ULTRA SC;13;;;;;;;;
VE;13;13065;DOMARK 125;15,5;;;;;;;;
VE;13;13084;TELDOR PLUS;58,2;;;;;;;;
VE;13;13093;STOMP AQUA;1776;;;;;;;;
VE;13;13098;ROUNDUP POWER 2.0;939;;;;;;;;
VE;13;13106;IKANOS;29;;;;;;;;
VE;13;13111;THIOCUR FORTE;17,06;;;;;;;;
VE;13;13126;CABRIO DUO;10;;;;;;;;
VE;13;13128;GOLTIX 50 WG;320;;;;;;;;
VE;13;13129;BREAK-THRU S240;1,25;;;;;;;;
VE;13;13133;NIBER 35 WG;36,5;;;;;;;;
VE;13;13149;POLTIGLIA MANICA 20 WG;238;;;;;;;;
VE;13;13150;CURAME 35 WG;113;;;;;;;;
VE;13;13153;BANVEL S;503;;;;;;;;
VE;13;13158;REMEDIER;4;;;;;;;;
VE;13;13160;FORUM TOP;170;;;;;;;;
VE;13;13168;LAUDIS;866;;;;;;;;
VE;13;13186;TITUS MAIS EXTRA;14,36;;;;;;;;
VE;13;13205;ZOLFO MANICA SCORREVOLE DOPPIO RAFFINATO;260;;;;;;;;
VE;13;13212;CONFIDOR 200 O-TEQ;5,87;;;;;;;;
VE;13;13213;R6 ERRESEI ALBIS;732;;;;;;;;
VE;13;13222;DUOKAR 4,5 EW PRO;7;;;;;;;;
VE;13;13236;BULLET;279;;;;;;;;
VE;13;13242;NICOGAN V.O.;9;;;;;;;;
VE;13;13244;ZOLFO VENTILATO STELLA;100;;;;;;;;
VE;13;13255;PLAYER GR;106;;;;;;;;
VE;13;13256;BIOLARV;14;;;;;;;;
VE;13;13283;GARAK;36;;;;;;;;
VE;13;13290;ZOLFO MANICA DOPPIO RAFFINATO VENTILATO RAMATO 3% NEW;920;;;;;;;;
VE;13;13296;POKER 7,5;257;;;;;;;;
VE;13;13299;MAGIO';78;;;;;;;;
VE;13;13313;CASPER;31;;;;;;;;
VE;13;13323;SULFY 80 WDG;168,8;;;;;;;;
VE;13;13324;CUPRIZOL S;13,5;;;;;;;;
VE;13;13327;GRANSTAR ULTRA SX;13359,9;;;;;;;;
VE;13;13348;SARCAP 80 WG;5;;;;;;;;
VE;13;13352;DIREX 7,5 GR;977;;;;;;;;
VE;13;13354;DIFFERENCE;8;;;;;;;;
VE;13;13361;DECIS ENERGY O-TEQ;65,06;;;;;;;;
VE;13;13365;ZOLFO DOPPIO VENTILATO SCORREVOLE 95% S ZOLFINDUSTRIA;4;;;;;;;;
VE;13;13375;NUPRID 200 SC;17,75;;;;;;;;
VE;13;13382;PERGADO SC;35,5;;;;;;;;
VE;13;13385;PROLINE;151;;;;;;;;
VE;13;13386;PROSARO;197;;;;;;;;
VE;13;13387;FLORAMIX;2,65;;;;;;;;
VE;13;13389;AFFIRM;103;;;;;;;;
VE;13;13390;TEBUSIP 46;100;;;;;;;;
VE;13;13410;FRUTTENE 76 WG;80;;;;;;;;
VE;13;13440;SATEL;6,97;;;;;;;;
VE;13;13455;ANTIGRAM GOLD;526;;;;;;;;
VE;13;13458;ZARADO;7;;;;;;;;
VE;13;13466;SPOTLIGHT PLUS;1;;;;;;;;
VE;13;13468;CLINER;10,6;;;;;;;;
VE;13;13477;APHID/ZORRO;77;;;;;;;;
VE;13;13521;HELIOCUIVRE S;6;;;;;;;;
VE;13;13522;SPIDER KILL;1;;;;;;;;
VE;13;13540;QUASAR R FLOW;63;;;;;;;;
VE;13;13549;TIPTOR XCELL;627;;;;;;;;
VE;13;13560;FORZA;123;;;;;;;;
VE;13;13576;RAMEPLANT WG;494,8;;;;;;;;
VE;13;13578;RAME CAFFARO BLU WG NEW;350;;;;;;;;
VE;13;13579;COPPER 12;2;;;;;;;;
VE;13;13586;VERDERAME 20 WG;93;;;;;;;;
VE;13;13592;VOLARE;7;;;;;;;;
VE;13;13604;ZOLFO S.A.I.M. RAFFINATO DOPPIO VENTILATO RAMATO 5%;240;;;;;;;;
VE;13;13607;NOBIL;3,75;;;;;;;;
VE;13;13610;CLINIC SPECTRUM;35,5;;;;;;;;
VE;13;13612;BABEL 400;5;;;;;;;;
VE;13;13635;POLTIGLIA 20 PB MANICA;1391;;;;;;;;
VE;13;13640;IMPRINT;15,88;;;;;;;;
VE;13;13647;NEORAM BLU WG;120;;;;;;;;
VE;13;13648;SIARAM 20 WG;432;;;;;;;;
VE;13;13667;AFIDANE 200 SL;7,75;;;;;;;;
VE;13;13691;TRIDAN COMBI T;93;;;;;;;;
VE;13;13698;VIVANDO;8,5;;;;;;;;
VE;13;13702;GEOTOX 7,5 C;940,2;;;;;;;;
VE;13;13707;IMPACT SUPREME;51;;;;;;;;
VE;13;13709;U 46 PRATI;6;;;;;;;;
VE;13;13711;QUIZA 5 EC;5;;;;;;;;
VE;13;13721;AFIDINA QUICK;19,64;;;;;;;;
VE;13;13742;PERGADO MZ;25;;;;;;;;
VE;13;13743;KUKAR 22;80,75;;;;;;;;
VE;13;13771;NIMROD 250 EW;18;;;;;;;;
VE;13;13786;QUANTUM R;608,75;;;;;;;;
VE;13;13793;RUNNER M;524;;;;;;;;
VE;13;13797;ELIOS WG;2;;;;;;;;
VE;13;13815;TUTOR 18-15;3;;;;;;;;
VE;13;13820;BAYTEROID 25 EC;1;;;;;;;;
VE;13;13823;ALVERDE;1,57;;;;;;;;
VE;13;13857;CRODIX GEO/MINUET GEO;5807,25;;;;;;;;
VE;13;13858;MEDIATOR EXTRA SL;4,9;;;;;;;;
VE;13;13872;NANDO 500 SC;6;;;;;;;;
VE;13;13876;APACHE;55;;;;;;;;
VE;13;13877;KITT PRONTO;9;;;;;;;;
VE;13;13885;MICROCOPP NEUTRO FL;76;;;;;;;;
VE;13;13925;BOGARD;1,5;;;;;;;;
VE;13;13926;SPONSOR;5;;;;;;;;
VE;13;13955;MITIGREEN;82;;;;;;;;
VE;13;13981;CORAGEN;219;;;;;;;;
VE;13;14005;CLORTOSIP 500 SC;1092;;;;;;;;
VE;13;14014;TB FLOW;187;;;;;;;;
VE;13;14018;BASIC;26;;;;;;;;
VE;13;14029;MANTA DUO;1;;;;;;;;
VE;13;14034;CURENOX TOP MICRO;278,6;;;;;;;;
VE;13;14036;FASTER WDG;20;;;;;;;;
VE;13;14042;SUPRAFOS EC;26;;;;;;;;
VE;13;14043;SUPRAFOS WG;17;;;;;;;;
VE;13;14052;PRODEO 80 WG;21;;;;;;;;
VE;13;14055;RAME IDROSSIDO FLOW AGRISYSTEM;6;;;;;;;;
VE;13;14058;FEINZIN 70 DF;5,5;;;;;;;;
VE;13;14062;ZOXIUM 240 SC;1,7;;;;;;;;
VE;13;14074;TRINEX 250 EW;0,05;;;;;;;;
VE;13;14077;CHAMP 20 DF;43;;;;;;;;
VE;13;14080;MIZAR;28;;;;;;;;
VE;13;14092;AGRORAT B;166,05;;;;;;;;
VE;13;14098;CRITTOX GD 75;140;;;;;;;;
VE;13;14099;ASPOR WDG;10;;;;;;;;
VE;13;14101;CARAMBA;54;;;;;;;;
VE;13;14102;BORDOFLOW NEW;2;;;;;;;;
VE;13;14119;VISIR PENCOTECH;8;;;;;;;;
VE;13;14123;ZETARAM NEW TECH;48;;;;;;;;
VE;13;14127;MEVAXIL COBRE;9,25;;;;;;;;
VE;13;14137;ALTACOR;4,7;;;;;;;;
VE;13;14154;PIRETRO ACTIGREEN;7,68;;;;;;;;
VE;13;14156;CURZATE R WG;361;;;;;;;;
VE;13;14164;TRIKA ZETA;522;;;;;;;;
VE;13;14169;PERGADO R;203;;;;;;;;
VE;13;14178;TRI-BASE;3;;;;;;;;
VE;13;14248;CLOR QUICK;47,1;;;;;;;;
VE;13;14257;UNDERLINE 0,2 G;20;;;;;;;;
VE;13;14281;BUCTRIL UNIVERSAL;170;;;;;;;;
VE;13;14285;CUPRAVIT BLU FLOW NF;17;;;;;;;;
VE;13;14290;KOHINOR 200 SL;103,09;;;;;;;;
VE;13;14342;VOLCAN COMBI SC;671;;;;;;;;
VE;13;14350;ZOLFO RAMATO 5;9;;;;;;;;
VE;13;14363;U 46 GIARDEN;8;;;;;;;;
VE;13;14368;RESOLVA 24H;4;;;;;;;;
VE;13;14369;RESOLVA 24H RTU;1;;;;;;;;
VE;13;14381;PYRINET;12;;;;;;;;
VE;13;14386;OLIONET;10;;;;;;;;
VE;13;14387;NERVURE SUPER;56;;;;;;;;
VE;13;14405;MERLIN FLEXX;396;;;;;;;;
VE;13;14407;RUNWAY;65;;;;;;;;
VE;13;14409;MOVENTO 48 SC;61,97;;;;;;;;
VE;13;14410;FLINT MAX AL;24,75;;;;;;;;
VE;13;14411;USTINEX AL;3;;;;;;;;
VE;13;14418;PULSAR 40 SL;701;;;;;;;;
VE;13;14423;PRIMISOL 80 WDG;79;;;;;;;;
VE;13;14431;LENTAGRAN 45 WP;6,4;;;;;;;;
VE;13;14432;METRIC;11;;;;;;;;
VE;13;14434;NUANCE;5,36;;;;;;;;
VE;13;14461;CURIT DUO;50;;;;;;;;
VE;13;14465;TAIFUN MK;1808;;;;;;;;
VE;13;14474;TEBUSIP COMBI;2353,05;;;;;;;;
VE;13;14510;ELECTIS TRIO;141;;;;;;;;
VE;13;14514;BOOSTER;53;;;;;;;;
VE;13;14565;CURZATE M WHITE;10;;;;;;;;
VE;13;14577;FORUM R 3B;3153;;;;;;;;
VE;13;14636;BIOLID UP;177;;;;;;;;
VE;13;14638;NETOR;1;;;;;;;;
VE;13;14642;RIDOMIL GOLD R WG;313;;;;;;;;
VE;13;14643;CENTIUM 36 CS;98;;;;;;;;
VE;13;14693;VIP 80 EC;3;;;;;;;;
VE;13;14728;CELIO;7,5;;;;;;;;
VE;13;14735;RANMAN TOP;1,5;;;;;;;;
VE;13;14737;ROUNDUP PLATINUM;917;;;;;;;;
VE;13;14739;DECIS PROTECT;29;;;;;;;;
VE;13;14758;KARATE WITH ZEON TECHNOLOGY 1.5 HOBBY;9,06;;;;;;;;
VE;13;14764;SLUXX;5;;;;;;;;
VE;13;14765;ELUMIS;223;;;;;;;;
VE;13;14769;COMET 250 EC;33,6;;;;;;;;
VE;13;14785;DRISCOLL;27,24;;;;;;;;
VE;13;14792;MELODY TREVI;119;;;;;;;;
VE;13;14799;AFLOR 200 SL;8,04;;;;;;;;
VE;13;14804;COPPER - DF;5;;;;;;;;
VE;13;14807;LUZINDO;4,5;;;;;;;;
VE;13;14812;ENERVIN TOP;100;;;;;;;;
VE;13;14815;ADENGO;6418;;;;;;;;
VE;13;14826;PYREOS EXTRA SL;2,75;;;;;;;;
VE;13;14837;GLIFOSAR FLASH;1083;;;;;;;;
VE;13;14838;BARCLAY GALLUP BIOGRADE 360;2825;;;;;;;;
VE;13;14845;MYSTIC PLUS S;6;;;;;;;;
VE;13;14876;GRANDSTAND;37;;;;;;;;
VE;13;14879;LONTREL 72 SG;9;;;;;;;;
VE;13;14884;CORUM;1450;;;;;;;;
VE;13;14895;LANNATE 20 SL;22,5;;;;;;;;
VE;13;14901;CONCORDE 125;0,5;;;;;;;;
VE;13;14909;NURELLE 5;10;;;;;;;;
VE;13;14911;CARBOSAN G;5,2;;;;;;;;
VE;13;14935;TRAXOS ONE;38;;;;;;;;
VE;13;14936;AMPLIGO;132;;;;;;;;
VE;13;14974;BELEM 0.8 MG;5544;;;;;;;;
VE;13;15006;TRAXOS PRONTO;64;;;;;;;;
VE;13;15007;AXIAL PRONTO;64;;;;;;;;
VE;13;15012;NATRIA ERBICIDA PRONTO USO;1,5;;;;;;;;
VE;13;15013;NATRIA LUMACHICIDA;163,5;;;;;;;;
VE;13;15024;MESUROL 200 SC;18;;;;;;;;
VE;13;15034;DICOPHAR;9,9;;;;;;;;
VE;13;15037;BREZZA;14;;;;;;;;
VE;13;15047;R6 ERRESEI BORDEAUX WG;82;;;;;;;;
VE;13;15049;MODDUS;20;;;;;;;;
VE;13;15050;VERTIMEC PRO;8;;;;;;;;
VE;13;15058;PRINCIPAL MAIS;22,68;;;;;;;;
VE;13;15059;DECIS EVO;525;;;;;;;;
VE;13;15064;MAESTRO WG ADVANCE;29;;;;;;;;
VE;13;15067;MIG-40 SC;99;;;;;;;;
VE;13;15071;EVOLUTION;2;;;;;;;;
VE;13;15093;CENTURIO;49,5;;;;;;;;
VE;13;15094;FOSBEL 80 WG;12;;;;;;;;
VE;13;15101;CIMORAM ULTRA WG;243;;;;;;;;
VE;13;15102;VITENE R WG;2026;;;;;;;;
VE;13;15107;SAMSON EXTRA 6 OD;1;;;;;;;;
VE;13;15111;MIRADOR SC/PRIORI;12;;;;;;;;
VE;13;15112;SIMPLIA;38;;;;;;;;
VE;13;15116;ELIOS R;16;;;;;;;;
VE;13;15124;ZANTARA;312;;;;;;;;
VE;13;15135;OLEOSAN PLUS;4,5;;;;;;;;
VE;13;15148;ENVIROMITE 480 SC;0,68;;;;;;;;
VE;13;15168;ZORO 1.9 EW;2;;;;;;;;
VE;13;15180;RIVET PLUS;1;;;;;;;;
VE;13;15181;CIRRUS CS;1;;;;;;;;
VE;13;15184;SATEL GEO;14;;;;;;;;
VE;13;15201;FLOXI 355 SC;26;;;;;;;;
VE;13;15221;ZETARAM PLUS;715;;;;;;;;
VE;13;15222;FOLICUR COMBI WG;478;;;;;;;;
VE;13;15236;ZAMMO;21;;;;;;;;
VE;13;15250;COPRANTOL DUO;190;;;;;;;;
VE;13;15253;FALCON MK;894;;;;;;;;
VE;13;15285;PRIMMA STAR;2,78;;;;;;;;
VE;13;15286;KENDO ZEON 1.5;6;;;;;;;;
VE;13;15293;BONECO;29;;;;;;;;
VE;13;15294;KENDO BI-ACTIVE;88;;;;;;;;
VE;13;15302;AMYLO-X;46;;;;;;;;
VE;13;15313;ZOLFO SC;29;;;;;;;;
VE;13;15333;APPLAUD PLUS;27,04;;;;;;;;
VE;13;15340;FEUDO 50 WP;0,4;;;;;;;;
VE;13;15342;FEUDO MZ WDG;80;;;;;;;;
VE;13;15343;FEUDO RD WP;415;;;;;;;;
VE;13;15361;LIETO;2;;;;;;;;
VE;13;15371;BELEM PROTEZIONE;48;;;;;;;;
VE;13;15388;MEXIL ORO R WG;30;;;;;;;;
VE;13;15401;TAIFUN MK CL;354;;;;;;;;
VE;13;15402;DELTASAP;12;;;;;;;;
VE;13;15406;DICUMBA;22;;;;;;;;
VE;13;15449;CIDELY;8;;;;;;;;
VE;13;15451;ELIOS WG TOP;32;;;;;;;;
VE;13;15468;ACASTA;12;;;;;;;;
VE;13;15493;SIMUN 40 OD;198;;;;;;;;
VE;13;15498;ARPEL DUO;40;;;;;;;;
VE;13;15499;SONG 70 WDG;149,75;;;;;;;;
VE;13;15507;CREW SUPERB;24;;;;;;;;
VE;13;15514;CUPRAVIT BLU 35 WG;197,2;;;;;;;;
VE;13;15551;CLAIRSOL 23 L;40;;;;;;;;
VE;13;15569;LOOP 40;118;;;;;;;;
VE;13;15572;ZOMINEX;16;;;;;;;;
VE;13;15591;PREVINT TOP;9;;;;;;;;
VE;13;15618;FULLDINA 355 SC;28;;;;;;;;
VE;13;15621;BOTTO 50 EC;26;;;;;;;;
VE;13;15622;CURZATE R WG BIANCO;32;;;;;;;;
VE;13;15630;PALMAS 45% WG;3;;;;;;;;
VE;13;15640;PROLINE STAR;12;;;;;;;;
VE;13;15661;SENEGO;0,25;;;;;;;;
VE;13;15663;CUPRAVIT 35 WG;80;;;;;;;;
VE;13;15668;GHIBLI 240 OD;39,5;;;;;;;;
VE;13;15680;MITRHA 40 SC;137;;;;;;;;
VE;13;15681;LUMADRY ESCA;1164;;;;;;;;
VE;13;15711;ALSYSTIN;1;;;;;;;;
VE;13;15722;ARMICARB 85;60;;;;;;;;
VE;13;15751;VITENE TRIPLO R;226;;;;;;;;
VE;13;15842;AFICIONADO;66;;;;;;;;
VE;13;15900;TRIKA EXPERT;5300;;;;;;;;
VE;13;15901;ERCOLE;29360;;;;;;;;
VE;13;15931;GLORIAL JET;6;;;;;;;;
VE;13;15961;RETENGO NEW;60;;;;;;;;
VE;13;15964;ENOVIT METIL FL BETA;380;;;;;;;;
VE;14;13;THIOPRON;720;;;;;;;;
VE;14;40;ETRAVON SYNGENTA;1758;;;;;;;;
VE;14;206;ALBENE;587;;;;;;;;
VE;14;361;BAGNANTE ANTISCHIUMA S;195;;;;;;;;
VE;14;565;FUMATHANE 510;43220;;;;;;;;
VE;14;630;REGLONE W;257;;;;;;;;
VE;14;886;SENCOR WG;18;;;;;;;;
VE;14;1156;CHEMOL;10,5;;;;;;;;
VE;14;1562;ERBITOX E 30;283;;;;;;;;
VE;14;1573;BASAMID GRANULAT;4440;;;;;;;;
VE;14;1583;MICROTHIOL DISPERSS;105;;;;;;;;
VE;14;1714;KERB 80 EDF;947;;;;;;;;
VE;14;2260;GASTROTOX E;25;;;;;;;;
VE;14;2353;BONALAN;1492;;;;;;;;
VE;14;2634;BUGGY;5;;;;;;;;
VE;14;2732;GOLTIX;84;;;;;;;;
VE;14;2923;TIOVIT JET;2132;;;;;;;;
VE;14;2995;ESCARTOX;256;;;;;;;;
VE;14;3065;OLIOCIN;28;;;;;;;;
VE;14;3076;MESUROL ESCA;80;;;;;;;;
VE;14;3102;OLEOTER;23;;;;;;;;
VE;14;3132;SEPR-OIL;89;;;;;;;;
VE;14;3219;CARAKOL AGRO;51;;;;;;;;
VE;14;3313;ARAGOL L 40;33;;;;;;;;
VE;14;3343;U46 M CLASS;167;;;;;;;;
VE;14;3503;AGRUMIN;89;;;;;;;;
VE;14;3519;METAMBANE;26;;;;;;;;
VE;14;3553;CURZATE;6;;;;;;;;
VE;14;3640;CUPROSTAR/AIRONE;293;;;;;;;;
VE;14;3779;VAPAM;8200;;;;;;;;
VE;14;3861;ROTIOFEN GOLD;74;;;;;;;;
VE;14;4012;RELDAN 22;115,5;;;;;;;;
VE;14;4157;IROL PLUS;61;;;;;;;;
VE;14;4199;PENNCOZEB DG;1795;;;;;;;;
VE;14;4228;ROGOR L 20;302;;;;;;;;
VE;14;4292;ZOLVIS 80 MICRO;40;;;;;;;;
VE;14;4426;DECIS;6,5;;;;;;;;
VE;14;4710;ALIETTE;146;;;;;;;;
VE;14;5228;CARAKOL;84;;;;;;;;
VE;14;5299;MIBIOL;35;;;;;;;;
VE;14;5414;RADICANTE POLVERE TALEE LEGNOSE;0,7;;;;;;;;
VE;14;5864;CIPOTRIL;8;;;;;;;;
VE;14;6268;BAGNANTE DEMETRA;12;;;;;;;;
VE;14;6277;OXAMYL DU PONT VYDATE 5G;970;;;;;;;;
VE;14;6376;ANTISCHIUMA SHAUMSTOP;34,65;;;;;;;;
VE;14;6401;MONDAK 21 S;407;;;;;;;;
VE;14;6437;ETHREL;108;;;;;;;;
VE;14;6556;K-OBIOL DP2;24;;;;;;;;
VE;14;6557;K-OBIOL EC 25;4;;;;;;;;
VE;14;6674;AFALON DS;399;;;;;;;;
VE;14;6704;TIOLENE 80 WG;26;;;;;;;;
VE;14;6766;BUTISAN S;44;;;;;;;;
VE;14;6945;TOPAS 10 EC;74,5;;;;;;;;
VE;14;6956;TARGA FLO;701;;;;;;;;
VE;14;6978;BETTER 400;45;;;;;;;;
VE;14;7053;PASTA CAFFARO NC;185,5;;;;;;;;
VE;14;7055;PASTA CAFFARO BLU;224;;;;;;;;
VE;14;7379;VENZAR;36,5;;;;;;;;
VE;14;7543;ERBITOX COMBI;34;;;;;;;;
VE;14;7555;KLARTAN 20 EW;36;;;;;;;;
VE;14;7611;ENOVIT METIL FL;78;;;;;;;;
VE;14;7700;MATACAR FL;0,2;;;;;;;;
VE;14;7876;PIRIMOR 17,5;69;;;;;;;;
VE;14;7889;NURELLE D;3;;;;;;;;
VE;14;7916;POLYRAM DF;25;;;;;;;;
VE;14;7919;TOUCHDOWN;2686;;;;;;;;
VE;14;7930;KERB FLO;458,5;;;;;;;;
VE;14;7957;ROVRAL PLUS;93;;;;;;;;
VE;14;7958;RONSTAR FL;7;;;;;;;;
VE;14;7961;RIZOLEX  GOLD;192;;;;;;;;
VE;14;7963;RIZOLEX 50 PB;15;;;;;;;;
VE;14;7965;TRIGARD 75 WP;1,05;;;;;;;;
VE;14;7984;STRATOS;1918;;;;;;;;
VE;14;8028;CALARIS;2206;;;;;;;;
VE;14;8117;BASTA 200;395;;;;;;;;
VE;14;8139;MANTA GOLD/FENOTRIX COMBI;78;;;;;;;;
VE;14;8146;GALLERY;20;;;;;;;;
VE;14;8157;ZETARAM 20 L;10;;;;;;;;
VE;14;8184;CHALLENGE;72;;;;;;;;
VE;14;8189;FORCE;15660;;;;;;;;
VE;14;8201;GLISTER;24;;;;;;;;
VE;14;8207;LONTREL 75 G;0,1;;;;;;;;
VE;14;8382;ROUNDUP BIOFLOW;140;;;;;;;;
VE;14;8429;GLYFOS SL;322;;;;;;;;
VE;14;8498;FOLICUR WG;22;;;;;;;;
VE;14;8499;EFESTO;231;;;;;;;;
VE;14;8528;FEINZIN 35 DF;1;;;;;;;;
VE;14;8534;CITROLE;262;;;;;;;;
VE;14;8540;PAMPA/GHIBLI;1101;;;;;;;;
VE;14;8542;FORUM 50 WP;38;;;;;;;;
VE;14;8547;LOGRAN;4,25;;;;;;;;
VE;14;8646;ACTIVUS EC/PANDA;10;;;;;;;;
VE;14;8729;FORUM R;3;;;;;;;;
VE;14;8735;TREBON UP;5;;;;;;;;
VE;14;8743;GREENEX;1,8;;;;;;;;
VE;14;8793;EMINENT 40 EW;2;;;;;;;;
VE;14;8795;VERTIMEC EC;52,25;;;;;;;;
VE;14;8801;SCORE 25 EC;124,5;;;;;;;;
VE;14;8841;CYREN 7,5 G;101;;;;;;;;
VE;14;8859;MASTIFF;1150;;;;;;;;
VE;14;8884;BITRON DF;59;;;;;;;;
VE;14;8886;SAFARI;6,28;;;;;;;;
VE;14;8934;SCALA;7;;;;;;;;
VE;14;8987;CONFIDOR 200 SL;12,47;;;;;;;;
VE;14;9005;AGIL;403;;;;;;;;
VE;14;9010;RAMEZIN COMBI WG;24;;;;;;;;
VE;14;9079;REGRAN COMBI;13;;;;;;;;
VE;14;9131;PYRINEX ME;311;;;;;;;;
VE;14;9148;SYLLIT 355 SC;27;;;;;;;;
VE;14;9180;STROBY WG;2;;;;;;;;
VE;14;9286;OHAYO;22;;;;;;;;
VE;14;9298;METHAM NA 51;3050;;;;;;;;
VE;14;9332;OPEN;2;;;;;;;;
VE;14;9335;SILGLIF MK;8;;;;;;;;
VE;14;9339;BETANAL EXPERT;396;;;;;;;;
VE;14;9364;RAPIDO;110;;;;;;;;
VE;14;9374;MATCH TOP;2;;;;;;;;
VE;14;9422;EVADE;46,85;;;;;;;;
VE;14;9443;ENDOGERME;5,2;;;;;;;;
VE;14;9509;PROMALIN NT;10;;;;;;;;
VE;14;9578;SWITCH;209,9;;;;;;;;
VE;14;9634;CARNIVAL;26;;;;;;;;
VE;14;9668;RUFAST E-FLO;20,11;;;;;;;;
VE;14;9724;TIOWETTING DF;30;;;;;;;;
VE;14;9757;SPYRALE;128;;;;;;;;
VE;14;9767;NUFOS 7,5 G;1960;;;;;;;;
VE;14;9790;CONTATTO 320;6;;;;;;;;
VE;14;9800;MAVRIK 20 EW;5;;;;;;;;
VE;14;9802;COPRANTOL HI BIO;716;;;;;;;;
VE;14;9843;BASAGRAN SG;72;;;;;;;;
VE;14;9867;4 STAGIONI;6,25;;;;;;;;
VE;14;9940;ZELIG GR;2570;;;;;;;;
VE;14;9941;BUMPER P;769;;;;;;;;
VE;14;9954;JOKER;284;;;;;;;;
VE;14;9970;HUNTER;2,63;;;;;;;;
VE;14;10029;KING;95;;;;;;;;
VE;14;10048;KUMULUS TECNO;63;;;;;;;;
VE;14;10049;DURSBAN 75 WG;49;;;;;;;;
VE;14;10057;ARPEL WDG;10;;;;;;;;
VE;14;10105;RIDOMIL GOLD SL;2;;;;;;;;
VE;14;10117;STRATOS ULTRA;1;;;;;;;;
VE;14;10118;AMISTAR;173;;;;;;;;
VE;14;10127;DECIS JET;9,63;;;;;;;;
VE;14;10161;ORTIVA;512;;;;;;;;
VE;14;10199;DUKE;9;;;;;;;;
VE;14;10230;LUMAPLUS;217;;;;;;;;
VE;14;10233;BORDOSEP;11;;;;;;;;
VE;14;10285;TOMAHAWK;7;;;;;;;;
VE;14;10296;IPERION;220;;;;;;;;
VE;14;10329;FORUM MZ WG;22;;;;;;;;
VE;14;10357;RIGRON SG;27;;;;;;;;
VE;14;10372;RASIKAL QUICK;432;;;;;;;;
VE;14;10373;CONTEST;95;;;;;;;;
VE;14;10423;LUMACHICIDA VEBI;1015,5;;;;;;;;
VE;14;10447;NOVEL DUO;49;;;;;;;;
VE;14;10456;KLARO ULTRA;15;;;;;;;;
VE;14;10465;ROUNDUP MAX;1690;;;;;;;;
VE;14;10494;PREMIUM TOP;40;;;;;;;;
VE;14;10504;KELLY WG;141;;;;;;;;
VE;14;10540;TERIAL 75 WG/ALISE' 75 WG;10;;;;;;;;
VE;14;10552;THIOCUR ZOLFO;4;;;;;;;;
VE;14;10573;KOCIDE 2000;1130;;;;;;;;
VE;14;10585;SULCOTREK;3;;;;;;;;
VE;14;10715;SILGLIF NF;70;;;;;;;;
VE;14;10734;DUAL GOLD;8;;;;;;;;
VE;14;10735;PRIMAGRAM GOLD;1480;;;;;;;;
VE;14;10752;STEWARD;33,25;;;;;;;;
VE;14;10753;FOLICUR SE;15,2;;;;;;;;
VE;14;10771;MOST MICRO;703;;;;;;;;
VE;14;10892;OSSICLOR 50 PB MANICA;550;;;;;;;;
VE;14;10926;ALTOREX;44;;;;;;;;
VE;14;10929;CHIKARA 25 WG;1,2;;;;;;;;
VE;14;10939;CP 40 AGRO;19;;;;;;;;
VE;14;10944;KARATE ZEON;212;;;;;;;;
VE;14;10976;METEOR;795,5;;;;;;;;
VE;14;10999;BETANAL SE;113;;;;;;;;
VE;14;11011;DASH HC;907;;;;;;;;
VE;14;11059;BIOPOWER;20;;;;;;;;
VE;14;11062;BION 50 WG;8;;;;;;;;
VE;14;11104;CUPROFIX 30 DISPERSS;100;;;;;;;;
VE;14;11133;SHELTER;5;;;;;;;;
VE;14;11147;KRUG;5;;;;;;;;
VE;14;11173;AVAUNT EC;130,5;;;;;;;;
VE;14;11190;PENCOR 10 EC;1,2;;;;;;;;
VE;14;11197;VITENE 45 WG;2,5;;;;;;;;
VE;14;11206;CODACIDE;1025;;;;;;;;
VE;14;11243;LEOPARD 5 EC;111;;;;;;;;
VE;14;11253;CALLISTO;700;;;;;;;;
VE;14;11257;COSTAR WG;3,75;;;;;;;;
VE;14;11301;SPHERE;23;;;;;;;;
VE;14;11341;STARANE GOLD;176;;;;;;;;
VE;14;11344;PICKILL EC;3,5;;;;;;;;
VE;14;11345;ZOLVIS 80 WDG;13;;;;;;;;
VE;14;11353;FUSILADE MAX;66;;;;;;;;
VE;14;11402;MELODY CARE;2;;;;;;;;
VE;14;11403;MELODY COMPACT;282;;;;;;;;
VE;14;11436;MELODY MED WG;12;;;;;;;;
VE;14;11497;CRITTOVIT WG;200;;;;;;;;
VE;14;11523;SEPRADINA SC;40;;;;;;;;
VE;14;11525;FUNGIDINA;10,5;;;;;;;;
VE;14;11526;SULTAN;24;;;;;;;;
VE;14;11527;PYRINEX QUICK;63,86;;;;;;;;
VE;14;11561;NEEMAZAL T/S;1;;;;;;;;
VE;14;11569;CUPROXAT S.D.I.;303;;;;;;;;
VE;14;11586;TOP-AGAN;251;;;;;;;;
VE;14;11614;ACTARA 25 WG;98,1;;;;;;;;
VE;14;11619;TIOFLOR WDG;80;;;;;;;;
VE;14;11626;PITSTOP;168;;;;;;;;
VE;14;11649;COMMAND 36 CS;8,75;;;;;;;;
VE;14;11653;FOLIO GOLD 537,5 SC;94;;;;;;;;
VE;14;11660;SHOGUN;243;;;;;;;;
VE;14;11680;CICLONE;1960;;;;;;;;
VE;14;11693;LASER;4,5;;;;;;;;
VE;14;11698;MINUET;46;;;;;;;;
VE;14;11789;MANAGER;7;;;;;;;;
VE;14;11821;WEEDAZOL TL;60;;;;;;;;
VE;14;11908;VENTUREX 35 L;16,75;;;;;;;;
VE;14;11921;RISCIO' 50 WP/RISCIO';38;;;;;;;;
VE;14;11964;POLTIGLIA CAFFARO 20 GD;480;;;;;;;;
VE;14;11977;SULFUR 80 WG;3,75;;;;;;;;
VE;14;12010;TUAREG;1366;;;;;;;;
VE;14;12020;SUCCESS;295,75;;;;;;;;
VE;14;12023;MEGIC;2;;;;;;;;
VE;14;12037;CAMIX;25;;;;;;;;
VE;14;12043;PREVICUR ENERGY;129;;;;;;;;
VE;14;12048;TIOSOL 80 WG;89;;;;;;;;
VE;14;12068;TEFLUSTAR;7,15;;;;;;;;
VE;14;12069;EPIK;6;;;;;;;;
VE;14;12083;DANADIM PROGRESS;36;;;;;;;;
VE;14;12096;POLTIGLIA DISPERSS;3825;;;;;;;;
VE;14;12100;ASSET;2;;;;;;;;
VE;14;12138;R6 ERRESEI TREVI;33;;;;;;;;
VE;14;12245;ROUNDUP 360 POWER;244;;;;;;;;
VE;14;12297;TRIBASE TWIN;14;;;;;;;;
VE;14;12298;GUNNER SC;18;;;;;;;;
VE;14;12318;VIVER;145;;;;;;;;
VE;14;12323;VEBIZOLFO WG;72;;;;;;;;
VE;14;12330;DEDALUS SE;131;;;;;;;;
VE;14;12375;SUGAR 500 SC;125;;;;;;;;
VE;14;12383;RIDOMIL GOLD MZ PEPITE;13;;;;;;;;
VE;14;12393;COPPERCIM WG;54;;;;;;;;
VE;14;12437;DELAN 70 WG;20;;;;;;;;
VE;14;12452;EQUIP;205;;;;;;;;
VE;14;12482;LUMAX;1750;;;;;;;;
VE;14;12492;ASTROL NUOVO;20;;;;;;;;
VE;14;12504;FLOWBRIX;18;;;;;;;;
VE;14;12526;SWAN;0,6;;;;;;;;
VE;14;12528;CABRIO TOP;5;;;;;;;;
VE;14;12566;PYGANIC 1.4;18;;;;;;;;
VE;14;12573;EKO OIL SPRAY;192;;;;;;;;
VE;14;12625;EFUZIN 355 SC/FULLDINA 35 FL;241;;;;;;;;
VE;14;12647;GLITTER;15;;;;;;;;
VE;14;12671;HARMONY 50 SX;76,68;;;;;;;;
VE;14;12734;JUPITER R DF;40;;;;;;;;
VE;14;12737;AIRONE PIU';182;;;;;;;;
VE;14;12747;CUPRAVIT BLU WG;60;;;;;;;;
VE;14;12756;DICOTEX;3;;;;;;;;
VE;14;12759;OSSICLOR 35 WG;160;;;;;;;;
VE;14;12779;RAMEDIT COMBI WG;819;;;;;;;;
VE;14;12780;PASTA SIAPA F BLU;660;;;;;;;;
VE;14;12797;DAZOCLEAN;4860;;;;;;;;
VE;14;12806;FEDOR;30;;;;;;;;
VE;14;12813;AMISTAR XTRA;425;;;;;;;;
VE;14;12824;MERLIN EXPERT;4;;;;;;;;
VE;14;12832;OPERA;477;;;;;;;;
VE;14;12859;BORNEO;0,06;;;;;;;;
VE;14;12869;SIGNUM;1152;;;;;;;;
VE;14;12878;RIDOMIL GOLD COMBI PEPITE;324;;;;;;;;
VE;14;12880;ATLANTIS WG;10;;;;;;;;
VE;14;12933;MOXYL 20 WP;12;;;;;;;;
VE;14;12940;KARATE ZEON 1.5;224,5;;;;;;;;
VE;14;12953;ARAMO 50;1079;;;;;;;;
VE;14;12972;GLYFOS DAKAR;80;;;;;;;;
VE;14;12973;GLYFOS RAPID;100;;;;;;;;
VE;14;13020;MICRORAM 35 WG;2,2;;;;;;;;
VE;14;13058;OSSIRAM 20 FLOW;26,5;;;;;;;;
VE;14;13062;DIPEL DF;29;;;;;;;;
VE;14;13064;VITENE ULTRA SC;10;;;;;;;;
VE;14;13071;SIAFEN;3;;;;;;;;
VE;14;13072;MANNIX;3;;;;;;;;
VE;14;13084;TELDOR PLUS;53;;;;;;;;
VE;14;13093;STOMP AQUA;2052;;;;;;;;
VE;14;13120;MYSTIC 430 SC;206;;;;;;;;
VE;14;13126;CABRIO DUO;53;;;;;;;;
VE;14;13127;VALIS F;15;;;;;;;;
VE;14;13128;GOLTIX 50 WG;133;;;;;;;;
VE;14;13129;BREAK-THRU S240;7;;;;;;;;
VE;14;13133;NIBER 35 WG;96,5;;;;;;;;
VE;14;13149;POLTIGLIA MANICA 20 WG;60;;;;;;;;
VE;14;13153;BANVEL S;2162;;;;;;;;
VE;14;13158;REMEDIER;11;;;;;;;;
VE;14;13160;FORUM TOP;100;;;;;;;;
VE;14;13168;LAUDIS;9028;;;;;;;;
VE;14;13172;CREW 40 OD;151;;;;;;;;
VE;14;13186;TITUS MAIS EXTRA;392,62;;;;;;;;
VE;14;13212;CONFIDOR 200 O-TEQ;60,5;;;;;;;;
VE;14;13236;BULLET;12;;;;;;;;
VE;14;13253;PLAYER SC;310;;;;;;;;
VE;14;13313;CASPER;14;;;;;;;;
VE;14;13327;GRANSTAR ULTRA SX;100,8;;;;;;;;
VE;14;13352;DIREX 7,5 GR;32;;;;;;;;
VE;14;13361;DECIS ENERGY O-TEQ;65,96;;;;;;;;
VE;14;13375;NUPRID 200 SC;9;;;;;;;;
VE;14;13378;ORTIVA TOP;12;;;;;;;;
VE;14;13382;PERGADO SC;6;;;;;;;;
VE;14;13386;PROSARO;139;;;;;;;;
VE;14;13387;FLORAMIX;2,12;;;;;;;;
VE;14;13389;AFFIRM;575;;;;;;;;
VE;14;13402;LUMA-KL;20;;;;;;;;
VE;14;13410;FRUTTENE 76 WG;1;;;;;;;;
VE;14;13455;ANTIGRAM GOLD;45;;;;;;;;
VE;14;13493;COBOX 35 WP/OSSICLOR 35 PB;50;;;;;;;;
VE;14;13549;TIPTOR XCELL;200;;;;;;;;
VE;14;13576;RAMEPLANT WG;10;;;;;;;;
VE;14;13592;VOLARE;84;;;;;;;;
VE;14;13610;CLINIC SPECTRUM;16;;;;;;;;
VE;14;13637;PERGADO F;170;;;;;;;;
VE;14;13648;SIARAM 20 WG;1564;;;;;;;;
VE;14;13698;VIVANDO;0,5;;;;;;;;
VE;14;13702;GEOTOX 7,5 C;172;;;;;;;;
VE;14;13707;IMPACT SUPREME;208;;;;;;;;
VE;14;13742;PERGADO MZ;326;;;;;;;;
VE;14;13797;ELIOS WG;6;;;;;;;;
VE;14;13823;ALVERDE;1,24;;;;;;;;
VE;14;13843;ZELIG 480 EC;24;;;;;;;;
VE;14;13857;CRODIX GEO/MINUET GEO;1600;;;;;;;;
VE;14;13859;MADEX 100;14;;;;;;;;
VE;14;13876;APACHE;149;;;;;;;;
VE;14;13885;MICROCOPP NEUTRO FL;623;;;;;;;;
VE;14;13925;BOGARD;1;;;;;;;;
VE;14;13981;CORAGEN;283,9;;;;;;;;
VE;14;14005;CLORTOSIP 500 SC;272;;;;;;;;
VE;14;14034;CURENOX TOP MICRO;10;;;;;;;;
VE;14;14101;CARAMBA;17;;;;;;;;
VE;14;14102;BORDOFLOW NEW;110;;;;;;;;
VE;14;14123;ZETARAM NEW TECH;231;;;;;;;;
VE;14;14127;MEVAXIL COBRE;1,5;;;;;;;;
VE;14;14137;ALTACOR;5,2;;;;;;;;
VE;14;14156;CURZATE R WG;23;;;;;;;;
VE;14;14164;TRIKA ZETA;440;;;;;;;;
VE;14;14169;PERGADO R;400;;;;;;;;
VE;14;14178;TRI-BASE;6;;;;;;;;
VE;14;14195;KENDO WITH ZEON TECHNOLOGY;45;;;;;;;;
VE;14;14245;GOLEM;3,25;;;;;;;;
VE;14;14290;KOHINOR 200 SL;65;;;;;;;;
VE;14;14294;EXECUTIVE;4,7;;;;;;;;
VE;14;14342;VOLCAN COMBI SC;256;;;;;;;;
VE;14;14381;PYRINET;6;;;;;;;;
VE;14;14384;ETOPROSIP G;270;;;;;;;;
VE;14;14389;DESSICASH 200 SL;532;;;;;;;;
VE;14;14405;MERLIN FLEXX;276;;;;;;;;
VE;14;14407;RUNWAY;0,5;;;;;;;;
VE;14;14409;MOVENTO 48 SC;30,47;;;;;;;;
VE;14;14418;PULSAR 40 SL;1169;;;;;;;;
VE;14;14431;LENTAGRAN 45 WP;9;;;;;;;;
VE;14;14465;TAIFUN MK;533;;;;;;;;
VE;14;14488;ANTRACOL 70 WG;7;;;;;;;;
VE;14;14543;FLUIZOL;10;;;;;;;;
VE;14;14575;TRIMMER SX;0,14;;;;;;;;
VE;14;14577;FORUM R 3B;705;;;;;;;;
VE;14;14579;RAMIN 30 DF;28,75;;;;;;;;
VE;14;14636;BIOLID UP;26;;;;;;;;
VE;14;14642;RIDOMIL GOLD R WG;1526;;;;;;;;
VE;14;14643;CENTIUM 36 CS;5;;;;;;;;
VE;14;14693;VIP 80 EC;0,75;;;;;;;;
VE;14;14737;ROUNDUP PLATINUM;929;;;;;;;;
VE;14;14765;ELUMIS;510;;;;;;;;
VE;14;14766;ACTARA 240 SC;100;;;;;;;;
VE;14;14792;MELODY TREVI;130;;;;;;;;
VE;14;14807;LUZINDO;17;;;;;;;;
VE;14;14809;CUPRAVIT BIO EVOLUTION;6;;;;;;;;
VE;14;14815;ADENGO;126;;;;;;;;
VE;14;14818;ACANTO;68;;;;;;;;
VE;14;14838;BARCLAY GALLUP BIOGRADE 360;3395;;;;;;;;
VE;14;14884;CORUM;1343;;;;;;;;
VE;14;14895;LANNATE 20 SL;7,5;;;;;;;;
VE;14;14909;NURELLE 5;42;;;;;;;;
VE;14;14935;TRAXOS ONE;184;;;;;;;;
VE;14;14936;AMPLIGO;169;;;;;;;;
VE;14;14967;TIPTOR ULTRA;206;;;;;;;;
VE;14;14972;DICARZOL 50 SP;12;;;;;;;;
VE;14;14974;BELEM 0.8 MG;11004;;;;;;;;
VE;14;14980;AFFINITY PLUS;9;;;;;;;;
VE;14;15006;TRAXOS PRONTO;89;;;;;;;;
VE;14;15007;AXIAL PRONTO;5;;;;;;;;
VE;14;15010;AMISTAR PLUS;355;;;;;;;;
VE;14;15013;NATRIA LUMACHICIDA;10,5;;;;;;;;
VE;14;15047;R6 ERRESEI BORDEAUX WG;17;;;;;;;;
VE;14;15049;MODDUS;201;;;;;;;;
VE;14;15050;VERTIMEC PRO;64;;;;;;;;
VE;14;15058;PRINCIPAL MAIS;131,88;;;;;;;;
VE;14;15059;DECIS EVO;606,25;;;;;;;;
VE;14;15067;MIG-40 SC;10;;;;;;;;
VE;14;15084;DRUM;34,5;;;;;;;;
VE;14;15093;CENTURIO;44;;;;;;;;
VE;14;15101;CIMORAM ULTRA WG;122;;;;;;;;
VE;14;15112;SIMPLIA;236;;;;;;;;
VE;14;15139;INDIPENDENT SC-15;65;;;;;;;;
VE;14;15168;ZORO 1.9 EW;18;;;;;;;;
VE;14;15221;ZETARAM PLUS;19;;;;;;;;
VE;14;15253;FALCON MK;863;;;;;;;;
VE;14;15256;FORUM R 3B FLOW;50;;;;;;;;
VE;14;15286;KENDO ZEON 1.5;124;;;;;;;;
VE;14;15294;KENDO BI-ACTIVE;438;;;;;;;;
VE;14;15334;SULFO' 80 DF;40;;;;;;;;
VE;14;15348;RIDOMIL GOLD R LIQUIDO;121;;;;;;;;
VE;14;15361;LIETO;10;;;;;;;;
VE;14;15389;FLARE GOLD R WG;500;;;;;;;;
VE;14;15401;TAIFUN MK CL;605;;;;;;;;
VE;14;15449;CIDELY;65;;;;;;;;
VE;14;15498;ARPEL DUO;20;;;;;;;;
VE;14;15514;CUPRAVIT BLU 35 WG;51;;;;;;;;
VE;14;15515;POLTIGLIA 20 PB GREEN;170;;;;;;;;
VE;14;15574;KARMA 85;20;;;;;;;;
VE;14;15640;PROLINE STAR;282;;;;;;;;
VE;14;15668;GHIBLI 240 OD;342,25;;;;;;;;
VE;14;15680;MITRHA 40 SC;695;;;;;;;;
VE;14;15711;ALSYSTIN;34,5;;;;;;;;
VE;14;15842;AFICIONADO;702;;;;;;;;
VE;14;15901;ERCOLE;6680;;;;;;;;
VE;14;15964;ENOVIT METIL FL BETA;164;;;;;;;;
VE;14;16006;DIDICLOR 6;8700;;;;;;;;
VE;14;16045;TELONE II 2014;23020;;;;;;;;
VI;3;40;ETRAVON SYNGENTA;61;;;;;;;;
VI;3;206;ALBENE;12;;;;;;;;
VI;3;361;BAGNANTE ANTISCHIUMA S;446;;;;;;;;
VI;3;747;ZOLFO SPRUZZABILE;300;;;;;;;;
VI;3;886;SENCOR WG;0,5;;;;;;;;
VI;3;909;POLISOLFURO DI CALCIO POLISENIO;1500;;;;;;;;
VI;3;1156;CHEMOL;2864;;;;;;;;
VI;3;1573;BASAMID GRANULAT;100;;;;;;;;
VI;3;1583;MICROTHIOL DISPERSS;811;;;;;;;;
VI;3;1600;ETRAVON;70;;;;;;;;
VI;3;1850;IDRORAME FLOW;59,25;;;;;;;;
VI;3;2249;MALERBANE PRATI 400;14;;;;;;;;
VI;3;2259;PASTA LUMACHICIDA IN GRANI;556;;;;;;;;
VI;3;2307;VECTOR;70;;;;;;;;
VI;3;2634;BUGGY;1125;;;;;;;;
VI;3;2732;GOLTIX;2;;;;;;;;
VI;3;2923;TIOVIT JET;330;;;;;;;;
VI;3;2950;ADESIL A;0,5;;;;;;;;
VI;3;2972;BIODAST;2;;;;;;;;
VI;3;2995;ESCARTOX;1569;;;;;;;;
VI;3;3065;OLIOCIN;227,75;;;;;;;;
VI;3;3082;OLEOTER ESTATE;36;;;;;;;;
VI;3;3102;OLEOTER;105,5;;;;;;;;
VI;3;3132;SEPR-OIL;43;;;;;;;;
VI;3;3141;CUTHIOL;528;;;;;;;;
VI;3;3219;CARAKOL AGRO;1065;;;;;;;;
VI;3;3313;ARAGOL L 40;83;;;;;;;;
VI;3;3366;ROGATOX EC;204;;;;;;;;
VI;3;3397;ROGOR;2;;;;;;;;
VI;3;3486;TRISCABOL DG;5;;;;;;;;
VI;3;3555;CURZATE M;40;;;;;;;;
VI;3;3640;CUPROSTAR/AIRONE;10,5;;;;;;;;
VI;3;3658;SIPCAMOL E;253,25;;;;;;;;
VI;3;3701;CUPROSAR 40 WDG;245;;;;;;;;
VI;3;3754;BAGNANTE SARIAF;448;;;;;;;;
VI;3;3772;BORIAL PLUS;7;;;;;;;;
VI;3;3800;CRITTAM WG;1;;;;;;;;
VI;3;4012;RELDAN 22;89,35;;;;;;;;
VI;3;4199;PENNCOZEB DG;77;;;;;;;;
VI;3;4228;ROGOR L 20;338,55;;;;;;;;
VI;3;4326;ROGOR L 40;22;;;;;;;;
VI;3;4461;IMIDAN WDG;20;;;;;;;;
VI;3;4710;ALIETTE;74,9;;;;;;;;
VI;3;4896;RIGENAL P;3,3;;;;;;;;
VI;3;5228;CARAKOL;213,5;;;;;;;;
VI;3;5299;MIBIOL;198;;;;;;;;
VI;3;5467;METADENE;292;;;;;;;;
VI;3;5574;LUMAKIDIN 5G;252;;;;;;;;
VI;3;5657;BAGNANTE SCAM;81;;;;;;;;
VI;3;5758;GALBEN R 4-33 BLU;0,2;;;;;;;;
VI;3;6376;ANTISCHIUMA SHAUMSTOP;0,5;;;;;;;;
VI;3;6401;MONDAK 21 S;1;;;;;;;;
VI;3;6556;K-OBIOL DP2;29;;;;;;;;
VI;3;6674;AFALON DS;1;;;;;;;;
VI;3;6751;RASEN FLORANID;12;;;;;;;;
VI;3;6766;BUTISAN S;3;;;;;;;;
VI;3;6945;TOPAS 10 EC;10,93;;;;;;;;
VI;3;6947;TOPAS COMBI;123;;;;;;;;
VI;3;6955;METACID;168;;;;;;;;
VI;3;7053;PASTA CAFFARO NC;12;;;;;;;;
VI;3;7055;PASTA CAFFARO BLU;524,5;;;;;;;;
VI;3;7101;LIMAVAL;181;;;;;;;;
VI;3;7368;TURFENE L;10;;;;;;;;
VI;3;7369;SYLLIT FLO;17,55;;;;;;;;
VI;3;7370;TETRASOL LIQUIDO;5;;;;;;;;
VI;3;7379;VENZAR;0,5;;;;;;;;
VI;3;7401;POLTIGLIA CAFFARO 20 DF NEW;2,2;;;;;;;;
VI;3;7530;BIOLID E;31;;;;;;;;
VI;3;7550;ZETA 80;1,6;;;;;;;;
VI;3;7555;KLARTAN 20 EW;9,52;;;;;;;;
VI;3;7581;ZELIG;80;;;;;;;;
VI;3;7737;ZOLFO DOPPIO VENTILATO SCORREVOLE 95% S;20;;;;;;;;
VI;3;7916;POLYRAM DF;204;;;;;;;;
VI;3;7919;TOUCHDOWN;10;;;;;;;;
VI;3;7958;RONSTAR FL;4;;;;;;;;
VI;3;7971;STARANE 21;6;;;;;;;;
VI;3;7984;STRATOS;9;;;;;;;;
VI;3;8001;AGRO-PYR;2,86;;;;;;;;
VI;3;8117;BASTA 200;20;;;;;;;;
VI;3;8156;DEVOX;60;;;;;;;;
VI;3;8157;ZETARAM 20 L;274;;;;;;;;
VI;3;8189;FORCE;60;;;;;;;;
VI;3;8201;GLISTER;182,5;;;;;;;;
VI;3;8225;BLUE SHIELD;10;;;;;;;;
VI;3;8376;ARIANE II;124;;;;;;;;
VI;3;8377;GLIFOSIM;0,5;;;;;;;;
VI;3;8382;ROUNDUP BIOFLOW;285,32;;;;;;;;
VI;3;8429;GLYFOS SL;1027;;;;;;;;
VI;3;8443;CURZATE M DF BIANCO;5;;;;;;;;
VI;3;8498;FOLICUR WG;11;;;;;;;;
VI;3;8499;EFESTO;286;;;;;;;;
VI;3;8528;FEINZIN 35 DF;9,5;;;;;;;;
VI;3;8542;FORUM 50 WP;14,6;;;;;;;;
VI;3;8565;ROUNDUP RTU;37;;;;;;;;
VI;3;8646;ACTIVUS EC/PANDA;58;;;;;;;;
VI;3;8656;GLIFENE HP;0,75;;;;;;;;
VI;3;8690;DANADIM;78;;;;;;;;
VI;3;8729;FORUM R;30;;;;;;;;
VI;3;8731;ACROBAT R;13;;;;;;;;
VI;3;8735;TREBON UP;25;;;;;;;;
VI;3;8742;INDAR 5EW;36;;;;;;;;
VI;3;8743;GREENEX;28,2;;;;;;;;
VI;3;8793;EMINENT 40 EW;5;;;;;;;;
VI;3;8801;SCORE 25 EC;6,48;;;;;;;;
VI;3;8803;DOMARK COMBI PB;215;;;;;;;;
VI;3;8841;CYREN 7,5 G;353,5;;;;;;;;
VI;3;8843;NISSHIN;285;;;;;;;;
VI;3;8859;MASTIFF;625;;;;;;;;
VI;3;8883;GLIFO DISERBANTE TOTALE;5;;;;;;;;
VI;3;8934;SCALA;42,65;;;;;;;;
VI;3;8984;GLIPHOGAN TOP MK;571;;;;;;;;
VI;3;8987;CONFIDOR 200 SL;136,11;;;;;;;;
VI;3;9005;AGIL;7;;;;;;;;
VI;3;9012;CUPROCAFFARO MICRO;550;;;;;;;;
VI;3;9036;ACTIVUS;0,05;;;;;;;;
VI;3;9038;OPINION;9;;;;;;;;
VI;3;9131;PYRINEX ME;2;;;;;;;;
VI;3;9148;SYLLIT 355 SC;54;;;;;;;;
VI;3;9210;QUADRIS;1;;;;;;;;
VI;3;9330;GLIFO 41;6;;;;;;;;
VI;3;9335;SILGLIF MK;5;;;;;;;;
VI;3;9342;DELTRIN;63,5;;;;;;;;
VI;3;9364;RAPIDO;832;;;;;;;;
VI;3;9400;GLIFOGAN PRONTO;58;;;;;;;;
VI;3;9422;EVADE;414,7;;;;;;;;
VI;3;9443;ENDOGERME;34;;;;;;;;
VI;3;9449;EMERALD COMBI;153;;;;;;;;
VI;3;9463;KLARO KIT;114;;;;;;;;
VI;3;9478;PIRET;1,55;;;;;;;;
VI;3;9578;SWITCH;16,1;;;;;;;;
VI;3;9612;OSSICLOR 30;60;;;;;;;;
VI;3;9634;CARNIVAL;2;;;;;;;;
VI;3;9668;RUFAST E-FLO;7,74;;;;;;;;
VI;3;9675;PANTOX 360;72;;;;;;;;
VI;3;9689;AURIGA;4;;;;;;;;
VI;3;9705;PREVITER;13,45;;;;;;;;
VI;3;9713;HORIZON;1;;;;;;;;
VI;3;9747;FURY;14,16;;;;;;;;
VI;3;9767;NUFOS 7,5 G;109;;;;;;;;
VI;3;9787;MICROBAGNABILE WG;397;;;;;;;;
VI;3;9800;MAVRIK 20 EW;17,32;;;;;;;;
VI;3;9802;COPRANTOL HI BIO;24;;;;;;;;
VI;3;9843;BASAGRAN SG;9;;;;;;;;
VI;3;9867;4 STAGIONI;182,25;;;;;;;;
VI;3;9940;ZELIG GR;183;;;;;;;;
VI;3;9941;BUMPER P;1;;;;;;;;
VI;3;9954;JOKER;192;;;;;;;;
VI;3;9994;ARIUS SYSTEM;4;;;;;;;;
VI;3;10029;KING;0,65;;;;;;;;
VI;3;10048;KUMULUS TECNO;41;;;;;;;;
VI;3;10127;DECIS JET;22,56;;;;;;;;
VI;3;10158;PIREFLOR;0,45;;;;;;;;
VI;3;10161;ORTIVA;5;;;;;;;;
VI;3;10183;GARLON EV;32,9;;;;;;;;
VI;3;10185;ZERGAN EV;30;;;;;;;;
VI;3;10230;LUMAPLUS;34;;;;;;;;
VI;3;10263;DRIVER;13;;;;;;;;
VI;3;10296;IPERION;66;;;;;;;;
VI;3;10297;SINIS 35 WG;50,5;;;;;;;;
VI;3;10305;OIKOS;2,28;;;;;;;;
VI;3;10306;MISTRAL;5;;;;;;;;
VI;3;10327;MADEX;0,25;;;;;;;;
VI;3;10372;RASIKAL QUICK;24;;;;;;;;
VI;3;10423;LUMACHICIDA VEBI;334;;;;;;;;
VI;3;10424;VEBIGLYF;14,5;;;;;;;;
VI;3;10426;PROTIL EC;2;;;;;;;;
VI;3;10456;KLARO ULTRA;205,5;;;;;;;;
VI;3;10461;DICOTURF;7,5;;;;;;;;
VI;3;10465;ROUNDUP MAX;50;;;;;;;;
VI;3;10471;OLOVER;3;;;;;;;;
VI;3;10479;NATURALIS;1;;;;;;;;
VI;3;10494;PREMIUM TOP;624;;;;;;;;
VI;3;10532;TELDOR;1;;;;;;;;
VI;3;10560;PIRETRO NATURA;12;;;;;;;;
VI;3;10565;DICOTIL EXTRA;17,3;;;;;;;;
VI;3;10568;ZOOMER;460;;;;;;;;
VI;3;10584;SHAMAL MK PLUS;560;;;;;;;;
VI;3;10595;RAME CAFFARO BLU WG;36;;;;;;;;
VI;3;10632;COBRE NORDOX SUPER 75 WG;1,5;;;;;;;;
VI;3;10671;COPERNICO;401;;;;;;;;
VI;3;10715;SILGLIF NF;460;;;;;;;;
VI;3;10734;DUAL GOLD;24;;;;;;;;
VI;3;10735;PRIMAGRAM GOLD;904;;;;;;;;
VI;3;10741;METACINQUE;217;;;;;;;;
VI;3;10752;STEWARD;0,25;;;;;;;;
VI;3;10753;FOLICUR SE;142,15;;;;;;;;
VI;3;10771;MOST MICRO;3,7;;;;;;;;
VI;3;10882;MESUROL LUMACHE PLUS;35;;;;;;;;
VI;3;10926;ALTOREX;19;;;;;;;;
VI;3;10929;CHIKARA 25 WG;0,2;;;;;;;;
VI;3;10936;NAAK 480;94;;;;;;;;
VI;3;10973;PYRINEX PRONTO;10;;;;;;;;
VI;3;10976;METEOR;49,76;;;;;;;;
VI;3;11013;CIOPPER;2,5;;;;;;;;
VI;3;11045;DODIPREV 35;75,25;;;;;;;;
VI;3;11062;BION 50 WG;1;;;;;;;;
VI;3;11102;HELIOSOUFRE S;5,2;;;;;;;;
VI;3;11119;FLINT;22,6;;;;;;;;
VI;3;11130;DISERBOFACILE;7;;;;;;;;
VI;3;11145;KREIS;71;;;;;;;;
VI;3;11157;PROPYDOR;0,55;;;;;;;;
VI;3;11186;CUTIS;0,35;;;;;;;;
VI;3;11196;SULFAR;5;;;;;;;;
VI;3;11201;PROPYFLOR;15;;;;;;;;
VI;3;11206;CODACIDE;6;;;;;;;;
VI;3;11243;LEOPARD 5 EC;95;;;;;;;;
VI;3;11253;CALLISTO;3;;;;;;;;
VI;3;11307;AGRIRAT;66;;;;;;;;
VI;3;11341;STARANE GOLD;110;;;;;;;;
VI;3;11345;ZOLVIS 80 WDG;491;;;;;;;;
VI;3;11360;GRIP 25;9;;;;;;;;
VI;3;11374;BAGNANTE AGN L;10;;;;;;;;
VI;3;11382;GARDENE PLUS;346;;;;;;;;
VI;3;11403;MELODY COMPACT;197,25;;;;;;;;
VI;3;11418;ROUNDUP 450 PLUS;108;;;;;;;;
VI;3;11449;GARDOPRIM GOLD;540;;;;;;;;
VI;3;11499;BUSTER;1,3;;;;;;;;
VI;3;11505;READY GERMIPLUS;273;;;;;;;;
VI;3;11525;FUNGIDINA;18,2;;;;;;;;
VI;3;11526;SULTAN;27;;;;;;;;
VI;3;11527;PYRINEX QUICK;164,92;;;;;;;;
VI;3;11569;CUPROXAT S.D.I.;355;;;;;;;;
VI;3;11586;TOP-AGAN;4,8;;;;;;;;
VI;3;11587;CAMBEL S;45;;;;;;;;
VI;3;11614;ACTARA 25 WG;4,26;;;;;;;;
VI;3;11619;TIOFLOR WDG;108;;;;;;;;
VI;3;11626;PITSTOP;5;;;;;;;;
VI;3;11638;FLUORATE;88,6;;;;;;;;
VI;3;11642;PIKAR;0,25;;;;;;;;
VI;3;11649;COMMAND 36 CS;1;;;;;;;;
VI;3;11654;GRIZZLY EC;24;;;;;;;;
VI;3;11678;ACTELLIC 2P NEWPHARM;12;;;;;;;;
VI;3;11690;GOAL 480 SC;1;;;;;;;;
VI;3;11693;LASER;2;;;;;;;;
VI;3;11694;CONSERVE SC;1;;;;;;;;
VI;3;11704;OLIO OGNISTAGIONE;36;;;;;;;;
VI;3;11711;DUKE IDROSSIDO;2,4;;;;;;;;
VI;3;11730;COSMOTRIN;12;;;;;;;;
VI;3;11814;SPADA 200 EC;345,65;;;;;;;;
VI;3;11815;SHARK;8;;;;;;;;
VI;3;11871;AGROLIM;19;;;;;;;;
VI;3;11885;ELICIO;19;;;;;;;;
VI;3;11908;VENTUREX 35 L;12,1;;;;;;;;
VI;3;11921;RISCIO' 50 WP/RISCIO';20;;;;;;;;
VI;3;11954;TERMINAL DUO;256;;;;;;;;
VI;3;11964;POLTIGLIA CAFFARO 20 GD;12;;;;;;;;
VI;3;11979;BORDO 20 MICRO;56,4;;;;;;;;
VI;3;12001;SARMOX R 330 WG;44;;;;;;;;
VI;3;12010;TUAREG;32;;;;;;;;
VI;3;12020;SUCCESS;2,26;;;;;;;;
VI;3;12023;MEGIC;57,25;;;;;;;;
VI;3;12043;PREVICUR ENERGY;3,8;;;;;;;;
VI;3;12048;TIOSOL 80 WG;3738,2;;;;;;;;
VI;3;12068;TEFLUSTAR;121,4;;;;;;;;
VI;3;12069;EPIK;187,15;;;;;;;;
VI;3;12083;DANADIM PROGRESS;571,65;;;;;;;;
VI;3;12096;POLTIGLIA DISPERSS;189;;;;;;;;
VI;3;12138;R6 ERRESEI TREVI;12;;;;;;;;
VI;3;12172;FERRAMOL;80;;;;;;;;
VI;3;12174;V.I.P. FLOW;15,4;;;;;;;;
VI;3;12177;VITTORIA 24 SC;0,6;;;;;;;;
VI;3;12192;GRANSTAR 50 SX;1;;;;;;;;
VI;3;12200;SILBOT R/DYMO R;6;;;;;;;;
VI;3;12211;MEDOR;0,5;;;;;;;;
VI;3;12215;VEBIPHOS 7,5;32;;;;;;;;
VI;3;12235;FERRAMOL ESCA LUMACHICIDA;51;;;;;;;;
VI;3;12243;MANTIR DG;150;;;;;;;;
VI;3;12245;ROUNDUP 360 POWER;160;;;;;;;;
VI;3;12270;UNICORN DF;60;;;;;;;;
VI;3;12272;MAGNET OLI;297;;;;;;;;
VI;3;12314;SCORE HOBBY;2,06;;;;;;;;
VI;3;12317;DACOL L 20;154;;;;;;;;
VI;3;12318;VIVER;1967;;;;;;;;
VI;3;12322;SWITCH HOBBY/COMPO MUFFA STOP;0,76;;;;;;;;
VI;3;12323;VEBIZOLFO WG;108;;;;;;;;
VI;3;12325;MESUROL M PLUS;728;;;;;;;;
VI;3;12330;DEDALUS SE;341,85;;;;;;;;
VI;3;12344;VEBITHRIN 5 EC;6,2;;;;;;;;
VI;3;12393;COPPERCIM WG;48;;;;;;;;
VI;3;12452;EQUIP;1200;;;;;;;;
VI;3;12453;MILDICUT;22;;;;;;;;
VI;3;12482;LUMAX;265;;;;;;;;
VI;3;12491;CIPERTHRIN PLUS;3;;;;;;;;
VI;3;12504;FLOWBRIX;12;;;;;;;;
VI;3;12519;CORSARIO;12;;;;;;;;
VI;3;12522;METRO;10;;;;;;;;
VI;3;12526;SWAN;0,25;;;;;;;;
VI;3;12534;FOXTAIL;149,75;;;;;;;;
VI;3;12566;PYGANIC 1.4;11,59;;;;;;;;
VI;3;12573;EKO OIL SPRAY;168,2;;;;;;;;
VI;3;12582;LINFA PIRETRO NATURALE;1,13;;;;;;;;
VI;3;12619;BAGNANTE L;143;;;;;;;;
VI;3;12622;QUANTUM;0,5;;;;;;;;
VI;3;12627;DANADIM 400;9;;;;;;;;
VI;3;12647;GLITTER;23;;;;;;;;
VI;3;12650;NUPRID 200 SL;11,17;;;;;;;;
VI;3;12659;IMIDAN EC;3;;;;;;;;
VI;3;12670;RISOLUTIV SL;70;;;;;;;;
VI;3;12671;HARMONY 50 SX;1,83;;;;;;;;
VI;3;12722;OSSICLOR 20 FLOW;12,7;;;;;;;;
VI;3;12734;JUPITER R DF;39,06;;;;;;;;
VI;3;12737;AIRONE PIU';40;;;;;;;;
VI;3;12747;CUPRAVIT BLU WG;214,1;;;;;;;;
VI;3;12754;KUPRUM TOP 30 WG;3,2;;;;;;;;
VI;3;12756;DICOTEX;3,9;;;;;;;;
VI;3;12759;OSSICLOR 35 WG;967;;;;;;;;
VI;3;12768;SPINTOR FLY;209,75;;;;;;;;
VI;3;12770;ALAR 85 GOLD;9;;;;;;;;
VI;3;12779;RAMEDIT COMBI WG;42;;;;;;;;
VI;3;12808;GLOBAL SC;1,5;;;;;;;;
VI;3;12824;MERLIN EXPERT;25;;;;;;;;
VI;3;12828;SITOFEX;5;;;;;;;;
VI;3;12831;INSIGNIA;1,25;;;;;;;;
VI;3;12859;BORNEO;2,24;;;;;;;;
VI;3;12869;SIGNUM;32;;;;;;;;
VI;3;12883;PROSPER 300 CS;277,75;;;;;;;;
VI;3;12886;KARATHANE STAR;11;;;;;;;;
VI;3;12903;DOLESE WG;24;;;;;;;;
VI;3;12940;KARATE ZEON 1.5;46;;;;;;;;
VI;3;13020;MICRORAM 35 WG;10,2;;;;;;;;
VI;3;13039;POTCLEAN 2G;28;;;;;;;;
VI;3;13049;SULCOGAN;12;;;;;;;;
VI;3;13084;TELDOR PLUS;36;;;;;;;;
VI;3;13093;STOMP AQUA;167;;;;;;;;
VI;3;13098;ROUNDUP POWER 2.0;80;;;;;;;;
VI;3;13108;CURAME BORDEAUX;116;;;;;;;;
VI;3;13111;THIOCUR FORTE;6,88;;;;;;;;
VI;3;13143;MEZENE WG;57;;;;;;;;
VI;3;13149;POLTIGLIA MANICA 20 WG;654;;;;;;;;
VI;3;13153;BANVEL S;64;;;;;;;;
VI;3;13167;POMARSOL 80 WG;366;;;;;;;;
VI;3;13168;LAUDIS;153;;;;;;;;
VI;3;13172;CREW 40 OD;20;;;;;;;;
VI;3;13185;SIATTOL;79;;;;;;;;
VI;3;13186;TITUS MAIS EXTRA;0,4;;;;;;;;
VI;3;13205;ZOLFO MANICA SCORREVOLE DOPPIO RAFFINATO;444;;;;;;;;
VI;3;13212;CONFIDOR 200 O-TEQ;10,53;;;;;;;;
VI;3;13213;R6 ERRESEI ALBIS;1115;;;;;;;;
VI;3;13236;BULLET;4;;;;;;;;
VI;3;13244;ZOLFO VENTILATO STELLA;775;;;;;;;;
VI;3;13249;ZOLFO VENTILATO STELLA RAMATO S;595;;;;;;;;
VI;3;13250;ZOLFO VENTILATO STELLA RAMATO B;100;;;;;;;;
VI;3;13255;PLAYER GR;30;;;;;;;;
VI;3;13263;BORDORAM 20 WG;1;;;;;;;;
VI;3;13290;ZOLFO MANICA DOPPIO RAFFINATO VENTILATO RAMATO 3% NEW;1046;;;;;;;;
VI;3;13292;ZOLFO A.&A. F.LLI ZANUCCOLI TRIVENTILATO 93% S;100;;;;;;;;
VI;3;13296;POKER 7,5;53;;;;;;;;
VI;3;13313;CASPER;4;;;;;;;;
VI;3;13323;SULFY 80 WDG;62,5;;;;;;;;
VI;3;13324;CUPRIZOL S;20,75;;;;;;;;
VI;3;13350;TAU AL;12;;;;;;;;
VI;3;13352;DIREX 7,5 GR;587;;;;;;;;
VI;3;13361;DECIS ENERGY O-TEQ;9,4;;;;;;;;
VI;3;13365;ZOLFO DOPPIO VENTILATO SCORREVOLE 95% S ZOLFINDUSTRIA;20;;;;;;;;
VI;3;13370;WARRANT 200 SL;4,5;;;;;;;;
VI;3;13389;AFFIRM;3;;;;;;;;
VI;3;13390;TEBUSIP 46;15;;;;;;;;
VI;3;13403;GLOXY;3,2;;;;;;;;
VI;3;13410;FRUTTENE 76 WG;282;;;;;;;;
VI;3;13430;TENOR SC;1,8;;;;;;;;
VI;3;13440;SATEL;0,6;;;;;;;;
VI;3;13455;ANTIGRAM GOLD;164;;;;;;;;
VI;3;13466;SPOTLIGHT PLUS;2;;;;;;;;
VI;3;13468;CLINER;10,6;;;;;;;;
VI;3;13477;APHID/ZORRO;0,3;;;;;;;;
VI;3;13482;IMIDACHEM;36;;;;;;;;
VI;3;13505;CLICK DUO;1;;;;;;;;
VI;3;13540;QUASAR R FLOW;5;;;;;;;;
VI;3;13576;RAMEPLANT WG;214,4;;;;;;;;
VI;3;13578;RAME CAFFARO BLU WG NEW;953;;;;;;;;
VI;3;13579;COPPER 12;4;;;;;;;;
VI;3;13586;VERDERAME 20 WG;43,8;;;;;;;;
VI;3;13593;TELLUS/RADIX;1;;;;;;;;
VI;3;13607;NOBIL;0,75;;;;;;;;
VI;3;13610;CLINIC SPECTRUM;6;;;;;;;;
VI;3;13635;POLTIGLIA 20 PB MANICA;3003;;;;;;;;
VI;3;13640;IMPRINT;38,7;;;;;;;;
VI;3;13682;FOLICUR GIARDINO;0,6;;;;;;;;
VI;3;13702;GEOTOX 7,5 C;15;;;;;;;;
VI;3;13719;THIAMON 80 PLUS;46;;;;;;;;
VI;3;13743;KUKAR 22;158;;;;;;;;
VI;3;13785;QUANTUM MZ;10;;;;;;;;
VI;3;13786;QUANTUM R;34;;;;;;;;
VI;3;13794;SPADA WDG;11;;;;;;;;
VI;3;13815;TUTOR 18-15;120;;;;;;;;
VI;3;13817;ALIAL WG;23;;;;;;;;
VI;3;13823;ALVERDE;1,82;;;;;;;;
VI;3;13857;CRODIX GEO/MINUET GEO;725,25;;;;;;;;
VI;3;13858;MEDIATOR EXTRA SL;7,85;;;;;;;;
VI;3;13877;KITT PRONTO;54,5;;;;;;;;
VI;3;13901;VERDERAME 20 PB;10;;;;;;;;
VI;3;13926;SPONSOR;8;;;;;;;;
VI;3;13981;CORAGEN;3,3;;;;;;;;
VI;3;14024;PERFIL 10 WP;0,22;;;;;;;;
VI;3;14034;CURENOX TOP MICRO;263,9;;;;;;;;
VI;3;14044;JOKER 480;68;;;;;;;;
VI;3;14052;PRODEO 80 WG;24;;;;;;;;
VI;3;14056;RODIBAIT;21,8;;;;;;;;
VI;3;14058;FEINZIN 70 DF;14,25;;;;;;;;
VI;3;14074;TRINEX 250 EW;0,4;;;;;;;;
VI;3;14080;MIZAR;96;;;;;;;;
VI;3;14092;AGRORAT B;22,5;;;;;;;;
VI;3;14102;BORDOFLOW NEW;56;;;;;;;;
VI;3;14127;MEVAXIL COBRE;4;;;;;;;;
VI;3;14154;PIRETRO ACTIGREEN;0,9;;;;;;;;
VI;3;14156;CURZATE R WG;826;;;;;;;;
VI;3;14163;SARMOX 440 WG;190;;;;;;;;
VI;3;14168;SILWET VELONEX;12;;;;;;;;
VI;3;14169;PERGADO R;20;;;;;;;;
VI;3;14240;PYR PRONTO;16;;;;;;;;
VI;3;14248;CLOR QUICK;13;;;;;;;;
VI;3;14254;BILO 7,5 C;27;;;;;;;;
VI;3;14257;UNDERLINE 0,2 G;130;;;;;;;;
VI;3;14290;KOHINOR 200 SL;51,79;;;;;;;;
VI;3;14350;ZOLFO RAMATO 5;49;;;;;;;;
VI;3;14376;MASTER QUICK;0,48;;;;;;;;
VI;3;14405;MERLIN FLEXX;156;;;;;;;;
VI;3;14407;RUNWAY;39,35;;;;;;;;
VI;3;14409;MOVENTO 48 SC;11,55;;;;;;;;
VI;3;14418;PULSAR 40 SL;65;;;;;;;;
VI;3;14419;TRUST SC;18;;;;;;;;
VI;3;14423;PRIMISOL 80 WDG;100;;;;;;;;
VI;3;14431;LENTAGRAN 45 WP;7,6;;;;;;;;
VI;3;14444;PROPICON 250;2;;;;;;;;
VI;3;14474;TEBUSIP COMBI;23,2;;;;;;;;
VI;3;14488;ANTRACOL 70 WG;439;;;;;;;;
VI;3;14510;ELECTIS TRIO;262;;;;;;;;
VI;3;14559;AGREE WG;4;;;;;;;;
VI;3;14577;FORUM R 3B;125;;;;;;;;
VI;3;14579;RAMIN 30 DF;50;;;;;;;;
VI;3;14636;BIOLID UP;0,7;;;;;;;;
VI;3;14642;RIDOMIL GOLD R WG;30;;;;;;;;
VI;3;14643;CENTIUM 36 CS;22;;;;;;;;
VI;3;14735;RANMAN TOP;1,2;;;;;;;;
VI;3;14737;ROUNDUP PLATINUM;327;;;;;;;;
VI;3;14739;DECIS PROTECT;59;;;;;;;;
VI;3;14758;KARATE WITH ZEON TECHNOLOGY 1.5 HOBBY;7,86;;;;;;;;
VI;3;14764;SLUXX;15;;;;;;;;
VI;3;14785;DRISCOLL;85,5;;;;;;;;
VI;3;14792;MELODY TREVI;19;;;;;;;;
VI;3;14797;INFLOOR 200 SL;0,48;;;;;;;;
VI;3;14799;AFLOR 200 SL;2,4;;;;;;;;
VI;3;14804;COPPER - DF;15;;;;;;;;
VI;3;14809;CUPRAVIT BIO EVOLUTION;484;;;;;;;;
VI;3;14815;ADENGO;3894;;;;;;;;
VI;3;14826;PYREOS EXTRA SL;44;;;;;;;;
VI;3;14837;GLIFOSAR FLASH;116;;;;;;;;
VI;3;14838;BARCLAY GALLUP BIOGRADE 360;45;;;;;;;;
VI;3;14845;MYSTIC PLUS S;70;;;;;;;;
VI;3;14870;ASSORAM ELITE WG;69;;;;;;;;
VI;3;14876;GRANDSTAND;30;;;;;;;;
VI;3;14942;MAGNET MED;100;;;;;;;;
VI;3;14951;BOTECTOR;0,4;;;;;;;;
VI;3;14974;BELEM 0.8 MG;7356;;;;;;;;
VI;3;15013;NATRIA LUMACHICIDA;24;;;;;;;;
VI;3;15024;MESUROL 200 SC;5;;;;;;;;
VI;3;15034;DICOPHAR;1,7;;;;;;;;
VI;3;15037;BREZZA;41;;;;;;;;
VI;3;15047;R6 ERRESEI BORDEAUX WG;24;;;;;;;;
VI;3;15059;DECIS EVO;141,75;;;;;;;;
VI;3;15063;NIMBLE;0,7;;;;;;;;
VI;3;15083;AUDACE;25;;;;;;;;
VI;3;15093;CENTURIO;100;;;;;;;;
VI;3;15111;MIRADOR SC/PRIORI;2;;;;;;;;
VI;3;15135;OLEOSAN PLUS;10;;;;;;;;
VI;3;15177;ROTATE PLUS DF;18;;;;;;;;
VI;3;15184;SATEL GEO;10;;;;;;;;
VI;3;15201;FLOXI 355 SC;10;;;;;;;;
VI;3;15221;ZETARAM PLUS;5;;;;;;;;
VI;3;15222;FOLICUR COMBI WG;2412;;;;;;;;
VI;3;15236;ZAMMO;3;;;;;;;;
VI;3;15253;FALCON MK;51;;;;;;;;
VI;3;15256;FORUM R 3B FLOW;19;;;;;;;;
VI;3;15294;KENDO BI-ACTIVE;64;;;;;;;;
VI;3;15333;APPLAUD PLUS;46,76;;;;;;;;
VI;3;15343;FEUDO RD WP;237;;;;;;;;
VI;3;15388;MEXIL ORO R WG;20;;;;;;;;
VI;3;15389;FLARE GOLD R WG;10;;;;;;;;
VI;3;15401;TAIFUN MK CL;18;;;;;;;;
VI;3;15448;REBEL TOP;23,5;;;;;;;;
VI;3;15451;ELIOS WG TOP;48;;;;;;;;
VI;3;15514;CUPRAVIT BLU 35 WG;599,2;;;;;;;;
VI;3;15569;LOOP 40;2;;;;;;;;
VI;3;15573;PROMESS SL;21;;;;;;;;
VI;3;15574;KARMA 85;25;;;;;;;;
VI;3;15618;FULLDINA 355 SC;214;;;;;;;;
VI;3;15625;TERMINUS SC;12;;;;;;;;
VI;3;15651;FLANKER;19;;;;;;;;
VI;3;15681;LUMADRY ESCA;241;;;;;;;;
VI;3;15687;MICLOCUR;24;;;;;;;;
VI;3;15751;VITENE TRIPLO R;534;;;;;;;;
VI;3;15842;AFICIONADO;15;;;;;;;;
VI;3;15901;ERCOLE;3519;;;;;;;;
VI;3;15910;KARAKAS;22;;;;;;;;
VI;4;13;THIOPRON;50;;;;;;;;
VI;4;40;ETRAVON SYNGENTA;299;;;;;;;;
VI;4;630;REGLONE W;8;;;;;;;;
VI;4;886;SENCOR WG;1;;;;;;;;
VI;4;909;POLISOLFURO DI CALCIO POLISENIO;825;;;;;;;;
VI;4;1156;CHEMOL;868;;;;;;;;
VI;4;1179;KUMULUS DF;0,5;;;;;;;;
VI;4;1466;BASIRAM L;43;;;;;;;;
VI;4;1544;MESUROL;3;;;;;;;;
VI;4;1583;MICROTHIOL DISPERSS;313;;;;;;;;
VI;4;1600;ETRAVON;53;;;;;;;;
VI;4;1714;KERB 80 EDF;2;;;;;;;;
VI;4;1850;IDRORAME FLOW;28;;;;;;;;
VI;4;2029;TORDON 22K;2;;;;;;;;
VI;4;2249;MALERBANE PRATI 400;250;;;;;;;;
VI;4;2259;PASTA LUMACHICIDA IN GRANI;1088,9;;;;;;;;
VI;4;2272;SILLIM;98;;;;;;;;
VI;4;2307;VECTOR;13;;;;;;;;
VI;4;2340;STOMP 330-E;1;;;;;;;;
VI;4;2357;BAGNANTE ADESIVO S;11;;;;;;;;
VI;4;2368;PRATI SPECIAL;67;;;;;;;;
VI;4;2634;BUGGY;204,5;;;;;;;;
VI;4;2923;TIOVIT JET;5425;;;;;;;;
VI;4;2934;MICROSOL 90;9,7;;;;;;;;
VI;4;2950;ADESIL A;1;;;;;;;;
VI;4;2972;BIODAST;13,5;;;;;;;;
VI;4;2995;ESCARTOX;1421,5;;;;;;;;
VI;4;3065;OLIOCIN;835,25;;;;;;;;
VI;4;3082;OLEOTER ESTATE;5;;;;;;;;
VI;4;3102;OLEOTER;25;;;;;;;;
VI;4;3132;SEPR-OIL;400,25;;;;;;;;
VI;4;3219;CARAKOL AGRO;1587;;;;;;;;
VI;4;3343;U46 M CLASS;192;;;;;;;;
VI;4;3397;ROGOR;1;;;;;;;;
VI;4;3486;TRISCABOL DG;5;;;;;;;;
VI;4;3503;AGRUMIN;40,6;;;;;;;;
VI;4;3555;CURZATE M;117;;;;;;;;
VI;4;3658;SIPCAMOL E;223,25;;;;;;;;
VI;4;3701;CUPROSAR 40 WDG;30;;;;;;;;
VI;4;3754;BAGNANTE SARIAF;16;;;;;;;;
VI;4;3771;ROVRAL WG;1;;;;;;;;
VI;4;3800;CRITTAM WG;1;;;;;;;;
VI;4;4012;RELDAN 22;56,5;;;;;;;;
VI;4;4228;ROGOR L 20;174,75;;;;;;;;
VI;4;4264;VIC 19 L;0,6;;;;;;;;
VI;4;4686;DIMILIN 25 P.B.;3,5;;;;;;;;
VI;4;4710;ALIETTE;258,1;;;;;;;;
VI;4;4833;FANDANGO 360 SL;90;;;;;;;;
VI;4;4896;RIGENAL P;8,4;;;;;;;;
VI;4;5228;CARAKOL;2535,5;;;;;;;;
VI;4;5299;MIBIOL;293,5;;;;;;;;
VI;4;5414;RADICANTE POLVERE TALEE LEGNOSE;0,3;;;;;;;;
VI;4;5467;METADENE;155;;;;;;;;
VI;4;5574;LUMAKIDIN 5G;283;;;;;;;;
VI;4;5576;KOLFLOR OLIO B;48;;;;;;;;
VI;4;6321;STIMOLANTE 66F;3,62;;;;;;;;
VI;4;6401;MONDAK 21 S;90;;;;;;;;
VI;4;6556;K-OBIOL DP2;36;;;;;;;;
VI;4;6699;RUBIGAN 12 SC;0,3;;;;;;;;
VI;4;6751;RASEN FLORANID;129;;;;;;;;
VI;4;6816;NU BAIT;10;;;;;;;;
VI;4;6945;TOPAS 10 EC;119,27;;;;;;;;
VI;4;6947;TOPAS COMBI;1891;;;;;;;;
VI;4;6955;METACID;88;;;;;;;;
VI;4;7020;BAGNANTE CIFO;135;;;;;;;;
VI;4;7055;PASTA CAFFARO BLU;23;;;;;;;;
VI;4;7101;LIMAVAL;60;;;;;;;;
VI;4;7368;TURFENE L;11;;;;;;;;
VI;4;7369;SYLLIT FLO;49,68;;;;;;;;
VI;4;7401;POLTIGLIA CAFFARO 20 DF NEW;63;;;;;;;;
VI;4;7530;BIOLID E;2;;;;;;;;
VI;4;7555;KLARTAN 20 EW;9,65;;;;;;;;
VI;4;7611;ENOVIT METIL FL;23;;;;;;;;
VI;4;7664;COMPO LUMACHICIDA;1,5;;;;;;;;
VI;4;7732;KESHET EW;13,2;;;;;;;;
VI;4;7764;TIOLENE;7;;;;;;;;
VI;4;7767;ACARISTOP 20 SC;0,08;;;;;;;;
VI;4;7876;PIRIMOR 17,5;4;;;;;;;;
VI;4;7888;CUPROXAT LIQUIDO;15;;;;;;;;
VI;4;7916;POLYRAM DF;1025;;;;;;;;
VI;4;7919;TOUCHDOWN;1020,25;;;;;;;;
VI;4;7930;KERB FLO;1;;;;;;;;
VI;4;7958;RONSTAR FL;15;;;;;;;;
VI;4;7984;STRATOS;21;;;;;;;;
VI;4;7998;PRIMOSOL 80 WDG;3,4;;;;;;;;
VI;4;8001;AGRO-PYR;9,62;;;;;;;;
VI;4;8102;MERPAN 80 WDG;9;;;;;;;;
VI;4;8111;GEOPYR;11,2;;;;;;;;
VI;4;8117;BASTA 200;60;;;;;;;;
VI;4;8130;TITUS;0,11;;;;;;;;
VI;4;8184;CHALLENGE;3;;;;;;;;
VI;4;8189;FORCE;5620;;;;;;;;
VI;4;8201;GLISTER;36;;;;;;;;
VI;4;8225;BLUE SHIELD;70;;;;;;;;
VI;4;8229;RAPAX;1;;;;;;;;
VI;4;8376;ARIANE II;209;;;;;;;;
VI;4;8382;ROUNDUP BIOFLOW;505,52;;;;;;;;
VI;4;8429;GLYFOS SL;226;;;;;;;;
VI;4;8498;FOLICUR WG;6;;;;;;;;
VI;4;8499;EFESTO;163;;;;;;;;
VI;4;8528;FEINZIN 35 DF;0,5;;;;;;;;
VI;4;8540;PAMPA/GHIBLI;100;;;;;;;;
VI;4;8542;FORUM 50 WP;108,8;;;;;;;;
VI;4;8565;ROUNDUP RTU;90;;;;;;;;
VI;4;8601;FOLPAN 80 WDG;88;;;;;;;;
VI;4;8646;ACTIVUS EC/PANDA;244;;;;;;;;
VI;4;8656;GLIFENE HP;9,75;;;;;;;;
VI;4;8706;AMID THIN W;0,5;;;;;;;;
VI;4;8726;OVISPRAY;5;;;;;;;;
VI;4;8729;FORUM R;184;;;;;;;;
VI;4;8735;TREBON UP;9,14;;;;;;;;
VI;4;8742;INDAR 5EW;7;;;;;;;;
VI;4;8743;GREENEX;15,7;;;;;;;;
VI;4;8795;VERTIMEC EC;1,25;;;;;;;;
VI;4;8801;SCORE 25 EC;6,49;;;;;;;;
VI;4;8803;DOMARK COMBI PB;145;;;;;;;;
VI;4;8837;GERMON BEWURZELUNGSPUDER PER TALEE ERBACEE;0,81;;;;;;;;
VI;4;8838;GERMON BEWURZELUNGSPUDER PER TALEE LEGNOSE;0,83;;;;;;;;
VI;4;8841;CYREN 7,5 G;303,5;;;;;;;;
VI;4;8859;MASTIFF;696;;;;;;;;
VI;4;8882;ULTRA FINE OIL;12;;;;;;;;
VI;4;8909;FUNGIMAN COMBI;3;;;;;;;;
VI;4;8933;SOLEAS;19;;;;;;;;
VI;4;8934;SCALA;189,25;;;;;;;;
VI;4;8984;GLIPHOGAN TOP MK;1181;;;;;;;;
VI;4;8987;CONFIDOR 200 SL;183,34;;;;;;;;
VI;4;9005;AGIL;298;;;;;;;;
VI;4;9010;RAMEZIN COMBI WG;31;;;;;;;;
VI;4;9012;CUPROCAFFARO MICRO;198;;;;;;;;
VI;4;9036;ACTIVUS;1,5;;;;;;;;
VI;4;9038;OPINION;9,7;;;;;;;;
VI;4;9131;PYRINEX ME;514;;;;;;;;
VI;4;9148;SYLLIT 355 SC;12;;;;;;;;
VI;4;9210;QUADRIS;37;;;;;;;;
VI;4;9342;DELTRIN;1,5;;;;;;;;
VI;4;9364;RAPIDO;763;;;;;;;;
VI;4;9400;GLIFOGAN PRONTO;105;;;;;;;;
VI;4;9404;TETRAPLUS COMBI EC;0,97;;;;;;;;
VI;4;9411;RADIP ORMON;0,85;;;;;;;;
VI;4;9422;EVADE;656,8;;;;;;;;
VI;4;9443;ENDOGERME;7,5;;;;;;;;
VI;4;9448;RIFLE 4-24 R BLU;3;;;;;;;;
VI;4;9449;EMERALD COMBI;106;;;;;;;;
VI;4;9463;KLARO KIT;73;;;;;;;;
VI;4;9578;SWITCH;43,8;;;;;;;;
VI;4;9602;GLIFOSAR;3009;;;;;;;;
VI;4;9612;OSSICLOR 30;252;;;;;;;;
VI;4;9673;SEPRA-BAIT;41;;;;;;;;
VI;4;9675;PANTOX 360;1,5;;;;;;;;
VI;4;9689;AURIGA;1;;;;;;;;
VI;4;9705;PREVITER;5,7;;;;;;;;
VI;4;9726;GLIFOSAN;16,2;;;;;;;;
VI;4;9747;FURY;9,17;;;;;;;;
VI;4;9758;COPRANTOL WG;883;;;;;;;;
VI;4;9767;NUFOS 7,5 G;9;;;;;;;;
VI;4;9787;MICROBAGNABILE WG;329;;;;;;;;
VI;4;9800;MAVRIK 20 EW;31,38;;;;;;;;
VI;4;9802;COPRANTOL HI BIO;558;;;;;;;;
VI;4;9843;BASAGRAN SG;12;;;;;;;;
VI;4;9867;4 STAGIONI;61,75;;;;;;;;
VI;4;9940;ZELIG GR;1734,5;;;;;;;;
VI;4;9941;BUMPER P;55;;;;;;;;
VI;4;9954;JOKER;91;;;;;;;;
VI;4;9970;HUNTER;0,75;;;;;;;;
VI;4;9994;ARIUS SYSTEM;16;;;;;;;;
VI;4;10005;SCOTTS WEEDCONTROL/EVERGREEN;28;;;;;;;;
VI;4;10029;KING;10,9;;;;;;;;
VI;4;10048;KUMULUS TECNO;112;;;;;;;;
VI;4;10049;DURSBAN 75 WG;1;;;;;;;;
VI;4;10116;VAPOR GARD;1;;;;;;;;
VI;4;10127;DECIS JET;73,98;;;;;;;;
VI;4;10158;PIREFLOR;6;;;;;;;;
VI;4;10161;ORTIVA;13,44;;;;;;;;
VI;4;10183;GARLON EV;0,2;;;;;;;;
VI;4;10185;ZERGAN EV;20,95;;;;;;;;
VI;4;10199;DUKE;117;;;;;;;;
VI;4;10230;LUMAPLUS;467;;;;;;;;
VI;4;10233;BORDOSEP;261;;;;;;;;
VI;4;10257;BANG;7;;;;;;;;
VI;4;10267;OROVIT R 4-38;34;;;;;;;;
VI;4;10275;STELLA E 10;1;;;;;;;;
VI;4;10296;IPERION;12;;;;;;;;
VI;4;10297;SINIS 35 WG;1,5;;;;;;;;
VI;4;10305;OIKOS;6,4;;;;;;;;
VI;4;10306;MISTRAL;35;;;;;;;;
VI;4;10329;FORUM MZ WG;14;;;;;;;;
VI;4;10372;RASIKAL QUICK;169,7;;;;;;;;
VI;4;10423;LUMACHICIDA VEBI;852;;;;;;;;
VI;4;10424;VEBIGLYF;9;;;;;;;;
VI;4;10425;SCUDEX;102,81;;;;;;;;
VI;4;10426;PROTIL EC;62;;;;;;;;
VI;4;10447;NOVEL DUO;15;;;;;;;;
VI;4;10456;KLARO ULTRA;448,75;;;;;;;;
VI;4;10461;DICOTURF;4;;;;;;;;
VI;4;10471;OLOVER;2;;;;;;;;
VI;4;10494;PREMIUM TOP;532,25;;;;;;;;
VI;4;10532;TELDOR;2;;;;;;;;
VI;4;10560;PIRETRO NATURA;15,1;;;;;;;;
VI;4;10565;DICOTIL EXTRA;152,4;;;;;;;;
VI;4;10568;ZOOMER;136;;;;;;;;
VI;4;10579;CARSON COP;4;;;;;;;;
VI;4;10584;SHAMAL MK PLUS;380;;;;;;;;
VI;4;10588;BIOPIREN PLUS;1;;;;;;;;
VI;4;10609;MESOZIN 35 WG;2;;;;;;;;
VI;4;10632;COBRE NORDOX SUPER 75 WG;25;;;;;;;;
VI;4;10671;COPERNICO;20;;;;;;;;
VI;4;10715;SILGLIF NF;20;;;;;;;;
VI;4;10734;DUAL GOLD;326;;;;;;;;
VI;4;10735;PRIMAGRAM GOLD;3798;;;;;;;;
VI;4;10741;METACINQUE;202;;;;;;;;
VI;4;10753;FOLICUR SE;193,8;;;;;;;;
VI;4;10765;SERIT DF;1,8;;;;;;;;
VI;4;10771;MOST MICRO;85,5;;;;;;;;
VI;4;10897;AMEGA PLUS;17,25;;;;;;;;
VI;4;10926;ALTOREX;5;;;;;;;;
VI;4;10929;CHIKARA 25 WG;0,75;;;;;;;;
VI;4;10936;NAAK 480;14;;;;;;;;
VI;4;10973;PYRINEX PRONTO;54;;;;;;;;
VI;4;10976;METEOR;66,79;;;;;;;;
VI;4;10986;KASKO R;82;;;;;;;;
VI;4;11011;DASH HC;25;;;;;;;;
VI;4;11027;MET-BLOC;0,5;;;;;;;;
VI;4;11040;POLTIGLIA BORDOLESE DISPERSS BLU;24;;;;;;;;
VI;4;11045;DODIPREV 35;172,25;;;;;;;;
VI;4;11059;BIOPOWER;32;;;;;;;;
VI;4;11076;CLINIC PRO;12;;;;;;;;
VI;4;11077;TOP-TEAM;5,3;;;;;;;;
VI;4;11102;HELIOSOUFRE S;0,1;;;;;;;;
VI;4;11107;ECO-TRAP;1;;;;;;;;
VI;4;11119;FLINT;6,2;;;;;;;;
VI;4;11130;DISERBOFACILE;4,5;;;;;;;;
VI;4;11150;ALL SEASONS;6;;;;;;;;
VI;4;11157;PROPYDOR;4,75;;;;;;;;
VI;4;11173;AVAUNT EC;39;;;;;;;;
VI;4;11175;KRISTAL 32;1;;;;;;;;
VI;4;11190;PENCOR 10 EC;0,5;;;;;;;;
VI;4;11196;SULFAR;5;;;;;;;;
VI;4;11201;PROPYFLOR;6;;;;;;;;
VI;4;11204;RIZOSOL 50;2;;;;;;;;
VI;4;11206;CODACIDE;380;;;;;;;;
VI;4;11243;LEOPARD 5 EC;10;;;;;;;;
VI;4;11253;CALLISTO;51;;;;;;;;
VI;4;11307;AGRIRAT;18;;;;;;;;
VI;4;11341;STARANE GOLD;201;;;;;;;;
VI;4;11345;ZOLVIS 80 WDG;1404;;;;;;;;
VI;4;11360;GRIP 25;4,08;;;;;;;;
VI;4;11382;GARDENE PLUS;60,5;;;;;;;;
VI;4;11400;ADINA 10;0,16;;;;;;;;
VI;4;11403;MELODY COMPACT;486,5;;;;;;;;
VI;4;11418;ROUNDUP 450 PLUS;13;;;;;;;;
VI;4;11436;MELODY MED WG;20;;;;;;;;
VI;4;11449;GARDOPRIM GOLD;170;;;;;;;;
VI;4;11505;READY GERMIPLUS;474,2;;;;;;;;
VI;4;11523;SEPRADINA SC;317,1;;;;;;;;
VI;4;11525;FUNGIDINA;87,2;;;;;;;;
VI;4;11526;SULTAN;1;;;;;;;;
VI;4;11527;PYRINEX QUICK;920,55;;;;;;;;
VI;4;11561;NEEMAZAL T/S;28,28;;;;;;;;
VI;4;11569;CUPROXAT S.D.I.;23;;;;;;;;
VI;4;11586;TOP-AGAN;15;;;;;;;;
VI;4;11587;CAMBEL S;230;;;;;;;;
VI;4;11600;CRUISER 350 FS;10;;;;;;;;
VI;4;11614;ACTARA 25 WG;48,37;;;;;;;;
VI;4;11619;TIOFLOR WDG;346;;;;;;;;
VI;4;11626;PITSTOP;11,5;;;;;;;;
VI;4;11638;FLUORATE;453,1;;;;;;;;
VI;4;11642;PIKAR;21;;;;;;;;
VI;4;11649;COMMAND 36 CS;47;;;;;;;;
VI;4;11659;HERBITOTAL S;2,5;;;;;;;;
VI;4;11660;SHOGUN;60;;;;;;;;
VI;4;11693;LASER;0,25;;;;;;;;
VI;4;11696;ARID;5;;;;;;;;
VI;4;11698;MINUET;31;;;;;;;;
VI;4;11700;BOTANIGARD 22 WP;0,07;;;;;;;;
VI;4;11703;GEOTOX  L;1,5;;;;;;;;
VI;4;11704;OLIO OGNISTAGIONE;61,75;;;;;;;;
VI;4;11710;GARDIUS;5,72;;;;;;;;
VI;4;11730;COSMOTRIN;0,1;;;;;;;;
VI;4;11760;POLITHIOL;360;;;;;;;;
VI;4;11796;GLIFAST;10,2;;;;;;;;
VI;4;11814;SPADA 200 EC;280,9;;;;;;;;
VI;4;11815;SHARK;534;;;;;;;;
VI;4;11870;CUPRITAL S.D.I.;40,25;;;;;;;;
VI;4;11871;AGROLIM;40;;;;;;;;
VI;4;11872;RIFLE 4-24 R;11,5;;;;;;;;
VI;4;11894;GRANEX;0,6;;;;;;;;
VI;4;11948;VINCARE;1;;;;;;;;
VI;4;11954;TERMINAL DUO;951;;;;;;;;
VI;4;11964;POLTIGLIA CAFFARO 20 GD;4;;;;;;;;
VI;4;11979;BORDO 20 MICRO;124,8;;;;;;;;
VI;4;11991;NEEMIK;3;;;;;;;;
VI;4;12010;TUAREG;342;;;;;;;;
VI;4;12020;SUCCESS;30,36;;;;;;;;
VI;4;12023;MEGIC;17;;;;;;;;
VI;4;12037;CAMIX;120;;;;;;;;
VI;4;12040;BORDOFLOW;30;;;;;;;;
VI;4;12043;PREVICUR ENERGY;2,15;;;;;;;;
VI;4;12044;CURZATE SYSTEM;227;;;;;;;;
VI;4;12048;TIOSOL 80 WG;700,1;;;;;;;;
VI;4;12068;TEFLUSTAR;399,15;;;;;;;;
VI;4;12069;EPIK;77,11;;;;;;;;
VI;4;12083;DANADIM PROGRESS;3,25;;;;;;;;
VI;4;12084;GALEO;14,5;;;;;;;;
VI;4;12096;POLTIGLIA DISPERSS;612,5;;;;;;;;
VI;4;12100;ASSET;7;;;;;;;;
VI;4;12138;R6 ERRESEI TREVI;67;;;;;;;;
VI;4;12172;FERRAMOL;106,5;;;;;;;;
VI;4;12211;MEDOR;3;;;;;;;;
VI;4;12212;PENTHIUM EC;0,65;;;;;;;;
VI;4;12215;VEBIPHOS 7,5;27;;;;;;;;
VI;4;12243;MANTIR DG;40;;;;;;;;
VI;4;12245;ROUNDUP 360 POWER;369;;;;;;;;
VI;4;12270;UNICORN DF;81;;;;;;;;
VI;4;12279;ERBY 5 EC;0,05;;;;;;;;
VI;4;12297;TRIBASE TWIN;7;;;;;;;;
VI;4;12314;SCORE HOBBY;0,08;;;;;;;;
VI;4;12317;DACOL L 20;68;;;;;;;;
VI;4;12318;VIVER;362;;;;;;;;
VI;4;12322;SWITCH HOBBY/COMPO MUFFA STOP;0,69;;;;;;;;
VI;4;12323;VEBIZOLFO WG;95;;;;;;;;
VI;4;12325;MESUROL M PLUS;1436,5;;;;;;;;
VI;4;12330;DEDALUS SE;500,85;;;;;;;;
VI;4;12344;VEBITHRIN 5 EC;6,3;;;;;;;;
VI;4;12368;CARPOSTOP;4;;;;;;;;
VI;4;12383;RIDOMIL GOLD MZ PEPITE;294;;;;;;;;
VI;4;12393;COPPERCIM WG;4;;;;;;;;
VI;4;12411;ROUNDUP;1,54;;;;;;;;
VI;4;12437;DELAN 70 WG;16;;;;;;;;
VI;4;12452;EQUIP;245;;;;;;;;
VI;4;12453;MILDICUT;185;;;;;;;;
VI;4;12461;FINALSAN ERBICIDA PROFESSIONAL;3;;;;;;;;
VI;4;12482;LUMAX;2230;;;;;;;;
VI;4;12491;CIPERTHRIN PLUS;12;;;;;;;;
VI;4;12522;METRO;20;;;;;;;;
VI;4;12526;SWAN;1;;;;;;;;
VI;4;12534;FOXTAIL;284,55;;;;;;;;
VI;4;12540;REGRAN SL;1;;;;;;;;
VI;4;12553;VEBIPYR;0,24;;;;;;;;
VI;4;12557;DIETOL PLUS;9;;;;;;;;
VI;4;12566;PYGANIC 1.4;10,05;;;;;;;;
VI;4;12573;EKO OIL SPRAY;90,75;;;;;;;;
VI;4;12622;QUANTUM;4,5;;;;;;;;
VI;4;12625;EFUZIN 355 SC/FULLDINA 35 FL;9;;;;;;;;
VI;4;12627;DANADIM 400;5;;;;;;;;
VI;4;12647;GLITTER;20;;;;;;;;
VI;4;12671;HARMONY 50 SX;68,37;;;;;;;;
VI;4;12722;OSSICLOR 20 FLOW;115;;;;;;;;
VI;4;12734;JUPITER R DF;12,3;;;;;;;;
VI;4;12737;AIRONE PIU';12;;;;;;;;
VI;4;12741;GEMINISTAR;16;;;;;;;;
VI;4;12747;CUPRAVIT BLU WG;569;;;;;;;;
VI;4;12754;KUPRUM TOP 30 WG;3,5;;;;;;;;
VI;4;12756;DICOTEX;73,7;;;;;;;;
VI;4;12759;OSSICLOR 35 WG;682;;;;;;;;
VI;4;12768;SPINTOR FLY;22,25;;;;;;;;
VI;4;12779;RAMEDIT COMBI WG;12;;;;;;;;
VI;4;12808;GLOBAL SC;0,6;;;;;;;;
VI;4;12837;ARIUS SYSTEM PLUS;10;;;;;;;;
VI;4;12850;PRADO;2;;;;;;;;
VI;4;12859;BORNEO;2,43;;;;;;;;
VI;4;12862;CANTUS;13;;;;;;;;
VI;4;12869;SIGNUM;2;;;;;;;;
VI;4;12881;HUSSAR MAXX;7,2;;;;;;;;
VI;4;12883;PROSPER 300 CS;560;;;;;;;;
VI;4;12886;KARATHANE STAR;3;;;;;;;;
VI;4;12888;LEPINOX PLUS;10;;;;;;;;
VI;4;12903;DOLESE WG;34,6;;;;;;;;
VI;4;12920;AGORA;10;;;;;;;;
VI;4;12924;JUPITER WG;6;;;;;;;;
VI;4;12940;KARATE ZEON 1.5;103,9;;;;;;;;
VI;4;13012;FOLVIT 80 WDG;10;;;;;;;;
VI;4;13026;SUSCON;2,55;;;;;;;;
VI;4;13039;POTCLEAN 2G;104,5;;;;;;;;
VI;4;13045;CALYPSO PROTECTOR AL;2,5;;;;;;;;
VI;4;13058;OSSIRAM 20 FLOW;32,75;;;;;;;;
VI;4;13062;DIPEL DF;2;;;;;;;;
VI;4;13064;VITENE ULTRA SC;3;;;;;;;;
VI;4;13065;DOMARK 125;1;;;;;;;;
VI;4;13083;CURZATE EFFE;10;;;;;;;;
VI;4;13084;TELDOR PLUS;59,6;;;;;;;;
VI;4;13093;STOMP AQUA;504;;;;;;;;
VI;4;13098;ROUNDUP POWER 2.0;141;;;;;;;;
VI;4;13104;ALGOR PLATIN;15;;;;;;;;
VI;4;13111;THIOCUR FORTE;9,52;;;;;;;;
VI;4;13128;GOLTIX 50 WG;2;;;;;;;;
VI;4;13140;POLTIGLIA BORDOLESE 20 D.F. AGRISYSTEM;18;;;;;;;;
VI;4;13143;MEZENE WG;27;;;;;;;;
VI;4;13150;CURAME 35 WG;121;;;;;;;;
VI;4;13152;OPTIX R DISPERSS;168;;;;;;;;
VI;4;13153;BANVEL S;19;;;;;;;;
VI;4;13158;REMEDIER;26;;;;;;;;
VI;4;13167;POMARSOL 80 WG;34;;;;;;;;
VI;4;13168;LAUDIS;157;;;;;;;;
VI;4;13185;SIATTOL;24,25;;;;;;;;
VI;4;13186;TITUS MAIS EXTRA;11,5;;;;;;;;
VI;4;13205;ZOLFO MANICA SCORREVOLE DOPPIO RAFFINATO;720;;;;;;;;
VI;4;13212;CONFIDOR 200 O-TEQ;2,9;;;;;;;;
VI;4;13213;R6 ERRESEI ALBIS;666;;;;;;;;
VI;4;13222;DUOKAR 4,5 EW PRO;4;;;;;;;;
VI;4;13242;NICOGAN V.O.;12;;;;;;;;
VI;4;13244;ZOLFO VENTILATO STELLA;92;;;;;;;;
VI;4;13249;ZOLFO VENTILATO STELLA RAMATO S;25;;;;;;;;
VI;4;13250;ZOLFO VENTILATO STELLA RAMATO B;155;;;;;;;;
VI;4;13253;PLAYER SC;1;;;;;;;;
VI;4;13255;PLAYER GR;38;;;;;;;;
VI;4;13263;BORDORAM 20 WG;130,6;;;;;;;;
VI;4;13285;SEVERAL;0,06;;;;;;;;
VI;4;13290;ZOLFO MANICA DOPPIO RAFFINATO VENTILATO RAMATO 3% NEW;920;;;;;;;;
VI;4;13292;ZOLFO A.&A. F.LLI ZANUCCOLI TRIVENTILATO 93% S;45;;;;;;;;
VI;4;13296;POKER 7,5;138;;;;;;;;
VI;4;13299;MAGIO';133;;;;;;;;
VI;4;13313;CASPER;39;;;;;;;;
VI;4;13323;SULFY 80 WDG;53;;;;;;;;
VI;4;13324;CUPRIZOL S;10,75;;;;;;;;
VI;4;13327;GRANSTAR ULTRA SX;13,9;;;;;;;;
VI;4;13352;DIREX 7,5 GR;254;;;;;;;;
VI;4;13361;DECIS ENERGY O-TEQ;116,85;;;;;;;;
VI;4;13365;ZOLFO DOPPIO VENTILATO SCORREVOLE 95% S ZOLFINDUSTRIA;24;;;;;;;;
VI;4;13375;NUPRID 200 SC;15,5;;;;;;;;
VI;4;13382;PERGADO SC;19;;;;;;;;
VI;4;13389;AFFIRM;3;;;;;;;;
VI;4;13390;TEBUSIP 46;7;;;;;;;;
VI;4;13402;LUMA-KL;117,3;;;;;;;;
VI;4;13403;GLOXY;31;;;;;;;;
VI;4;13410;FRUTTENE 76 WG;83;;;;;;;;
VI;4;13430;TENOR SC;0,8;;;;;;;;
VI;4;13440;SATEL;9,03;;;;;;;;
VI;4;13455;ANTIGRAM GOLD;107;;;;;;;;
VI;4;13466;SPOTLIGHT PLUS;46;;;;;;;;
VI;4;13468;CLINER;66,45;;;;;;;;
VI;4;13521;HELIOCUIVRE S;1;;;;;;;;
VI;4;13522;SPIDER KILL;0,42;;;;;;;;
VI;4;13559;NEXOL 200 EW;0,2;;;;;;;;
VI;4;13563;NICOGAN;3;;;;;;;;
VI;4;13565;PASTA ISAGRO BLU;428;;;;;;;;
VI;4;13576;RAMEPLANT WG;101,4;;;;;;;;
VI;4;13578;RAME CAFFARO BLU WG NEW;76;;;;;;;;
VI;4;13586;VERDERAME 20 WG;20;;;;;;;;
VI;4;13598;ZOLFO RAMATO 5 SOLFOCHIMICA;10;;;;;;;;
VI;4;13610;CLINIC SPECTRUM;6;;;;;;;;
VI;4;13635;POLTIGLIA 20 PB MANICA;2741;;;;;;;;
VI;4;13651;SPECTRO;45,7;;;;;;;;
VI;4;13682;FOLICUR GIARDINO;0,7;;;;;;;;
VI;4;13689;FLINT MAX;0,5;;;;;;;;
VI;4;13698;VIVANDO;22,5;;;;;;;;
VI;4;13702;GEOTOX 7,5 C;72,9;;;;;;;;
VI;4;13719;THIAMON 80 PLUS;440;;;;;;;;
VI;4;13741;SELECTA DISPERSS;5;;;;;;;;
VI;4;13742;PERGADO MZ;55;;;;;;;;
VI;4;13743;KUKAR 22;159;;;;;;;;
VI;4;13771;NIMROD 250 EW;3;;;;;;;;
VI;4;13786;QUANTUM R;404,2;;;;;;;;
VI;4;13787;STINGS R;10;;;;;;;;
VI;4;13791;GEATER-STAR;47,5;;;;;;;;
VI;4;13793;RUNNER M;39;;;;;;;;
VI;4;13801;TOUCHDOWN HOBBY;5,25;;;;;;;;
VI;4;13812;NOTO 40 OD;24;;;;;;;;
VI;4;13823;ALVERDE;0,53;;;;;;;;
VI;4;13857;CRODIX GEO/MINUET GEO;4554,5;;;;;;;;
VI;4;13858;MEDIATOR EXTRA SL;1,2;;;;;;;;
VI;4;13859;MADEX 100;2,5;;;;;;;;
VI;4;13877;KITT PRONTO;24;;;;;;;;
VI;4;13900;PRORAM HI TECH;89;;;;;;;;
VI;4;13908;BORDO ISAGRO WG;24;;;;;;;;
VI;4;13955;MITIGREEN;388;;;;;;;;
VI;4;13981;CORAGEN;86,9;;;;;;;;
VI;4;14021;BREK DUO;60;;;;;;;;
VI;4;14034;CURENOX TOP MICRO;160,1;;;;;;;;
VI;4;14044;JOKER 480;13;;;;;;;;
VI;4;14052;PRODEO 80 WG;10;;;;;;;;
VI;4;14056;RODIBAIT;21,2;;;;;;;;
VI;4;14058;FEINZIN 70 DF;42,25;;;;;;;;
VI;4;14062;ZOXIUM 240 SC;10;;;;;;;;
VI;4;14076;CYPRUS 25 DF;0,6;;;;;;;;
VI;4;14080;MIZAR;12;;;;;;;;
VI;4;14092;AGRORAT B;46,6;;;;;;;;
VI;4;14099;ASPOR WDG;30;;;;;;;;
VI;4;14102;BORDOFLOW NEW;1941;;;;;;;;
VI;4;14127;MEVAXIL COBRE;9,25;;;;;;;;
VI;4;14154;PIRETRO ACTIGREEN;9,64;;;;;;;;
VI;4;14156;CURZATE R WG;3106;;;;;;;;
VI;4;14163;SARMOX 440 WG;487;;;;;;;;
VI;4;14164;TRIKA ZETA;19;;;;;;;;
VI;4;14169;PERGADO R;441;;;;;;;;
VI;4;14240;PYR PRONTO;15,25;;;;;;;;
VI;4;14248;CLOR QUICK;9,7;;;;;;;;
VI;4;14257;UNDERLINE 0,2 G;70;;;;;;;;
VI;4;14290;KOHINOR 200 SL;45,56;;;;;;;;
VI;4;14294;EXECUTIVE;2,4;;;;;;;;
VI;4;14350;ZOLFO RAMATO 5;21;;;;;;;;
VI;4;14368;RESOLVA 24H;2;;;;;;;;
VI;4;14369;RESOLVA 24H RTU;4;;;;;;;;
VI;4;14373;GLINET;32;;;;;;;;
VI;4;14376;MASTER QUICK;152;;;;;;;;
VI;4;14382;BROMYBLOC;84;;;;;;;;
VI;4;14405;MERLIN FLEXX;342;;;;;;;;
VI;4;14407;RUNWAY;38,25;;;;;;;;
VI;4;14409;MOVENTO 48 SC;23,01;;;;;;;;
VI;4;14414;DUSTY;13;;;;;;;;
VI;4;14418;PULSAR 40 SL;19;;;;;;;;
VI;4;14431;LENTAGRAN 45 WP;3,2;;;;;;;;
VI;4;14432;METRIC;84;;;;;;;;
VI;4;14441;VALZER SC;20;;;;;;;;
VI;4;14465;TAIFUN MK;80;;;;;;;;
VI;4;14474;TEBUSIP COMBI;137,35;;;;;;;;
VI;4;14488;ANTRACOL 70 WG;50;;;;;;;;
VI;4;14510;ELECTIS TRIO;758;;;;;;;;
VI;4;14577;FORUM R 3B;748;;;;;;;;
VI;4;14636;BIOLID UP;17,9;;;;;;;;
VI;4;14642;RIDOMIL GOLD R WG;1428;;;;;;;;
VI;4;14643;CENTIUM 36 CS;4;;;;;;;;
VI;4;14686;KOCIDE OPTI;57;;;;;;;;
VI;4;14735;RANMAN TOP;40,5;;;;;;;;
VI;4;14737;ROUNDUP PLATINUM;909;;;;;;;;
VI;4;14739;DECIS PROTECT;60;;;;;;;;
VI;4;14758;KARATE WITH ZEON TECHNOLOGY 1.5 HOBBY;33,86;;;;;;;;
VI;4;14764;SLUXX;20;;;;;;;;
VI;4;14792;MELODY TREVI;69;;;;;;;;
VI;4;14794;MYSTIC CLASS;23;;;;;;;;
VI;4;14799;AFLOR 200 SL;8,53;;;;;;;;
VI;4;14804;COPPER - DF;12,5;;;;;;;;
VI;4;14809;CUPRAVIT BIO EVOLUTION;29;;;;;;;;
VI;4;14812;ENERVIN TOP;484;;;;;;;;
VI;4;14815;ADENGO;4812;;;;;;;;
VI;4;14818;ACANTO;48;;;;;;;;
VI;4;14826;PYREOS EXTRA SL;5;;;;;;;;
VI;4;14837;GLIFOSAR FLASH;3769;;;;;;;;
VI;4;14838;BARCLAY GALLUP BIOGRADE 360;70;;;;;;;;
VI;4;14845;MYSTIC PLUS S;160;;;;;;;;
VI;4;14868;IDROX 22 NEW;60;;;;;;;;
VI;4;14870;ASSORAM ELITE WG;364;;;;;;;;
VI;4;14876;GRANDSTAND;22;;;;;;;;
VI;4;14879;LONTREL 72 SG;10;;;;;;;;
VI;4;14884;CORUM;61;;;;;;;;
VI;4;14891;TRICO;21;;;;;;;;
VI;4;14936;AMPLIGO;16,5;;;;;;;;
VI;4;14948;ACTARA HOBBY;1,96;;;;;;;;
VI;4;14951;BOTECTOR;4;;;;;;;;
VI;4;14974;BELEM 0.8 MG;4908;;;;;;;;
VI;4;15007;AXIAL PRONTO;51;;;;;;;;
VI;4;15008;LBG - 01F34;190;;;;;;;;
VI;4;15013;NATRIA LUMACHICIDA;102,5;;;;;;;;
VI;4;15023;DERREX;10;;;;;;;;
VI;4;15030;COSSACK;2,4;;;;;;;;
VI;4;15034;DICOPHAR;5,5;;;;;;;;
VI;4;15037;BREZZA;16;;;;;;;;
VI;4;15047;R6 ERRESEI BORDEAUX WG;120;;;;;;;;
VI;4;15050;VERTIMEC PRO;3;;;;;;;;
VI;4;15058;PRINCIPAL MAIS;142,76;;;;;;;;
VI;4;15059;DECIS EVO;206,75;;;;;;;;
VI;4;15064;MAESTRO WG ADVANCE;72;;;;;;;;
VI;4;15067;MIG-40 SC;1;;;;;;;;
VI;4;15093;CENTURIO;179,5;;;;;;;;
VI;4;15094;FOSBEL 80 WG;30;;;;;;;;
VI;4;15102;VITENE R WG;9;;;;;;;;
VI;4;15135;OLEOSAN PLUS;0,5;;;;;;;;
VI;4;15177;ROTATE PLUS DF;354;;;;;;;;
VI;4;15181;CIRRUS CS;93;;;;;;;;
VI;4;15184;SATEL GEO;85;;;;;;;;
VI;4;15221;ZETARAM PLUS;430;;;;;;;;
VI;4;15222;FOLICUR COMBI WG;913;;;;;;;;
VI;4;15250;COPRANTOL DUO;20;;;;;;;;
VI;4;15253;FALCON MK;24;;;;;;;;
VI;4;15261;EXOSEX OFM;10;;;;;;;;
VI;4;15285;PRIMMA STAR;2,2;;;;;;;;
VI;4;15289;SERENADE NATRIA;3,4;;;;;;;;
VI;4;15290;AXIDOR;41;;;;;;;;
VI;4;15294;KENDO BI-ACTIVE;29;;;;;;;;
VI;4;15313;ZOLFO SC;276;;;;;;;;
VI;4;15317;FLARE GOLD COMBI PEPITE;35;;;;;;;;
VI;4;15333;APPLAUD PLUS;27,72;;;;;;;;
VI;4;15340;FEUDO 50 WP;2,4;;;;;;;;
VI;4;15343;FEUDO RD WP;515;;;;;;;;
VI;4;15348;RIDOMIL GOLD R LIQUIDO;120;;;;;;;;
VI;4;15401;TAIFUN MK CL;77;;;;;;;;
VI;4;15448;REBEL TOP;2;;;;;;;;
VI;4;15449;CIDELY;68,5;;;;;;;;
VI;4;15509;MOSAIKO COMBI;551;;;;;;;;
VI;4;15514;CUPRAVIT BLU 35 WG;1804,7;;;;;;;;
VI;4;15532;TOBAGO 200 SL;0,1;;;;;;;;
VI;4;15572;ZOMINEX;17;;;;;;;;
VI;4;15573;PROMESS SL;10;;;;;;;;
VI;4;15603;ERBIFEN K;10;;;;;;;;
VI;4;15618;FULLDINA 355 SC;211;;;;;;;;
VI;4;15621;BOTTO 50 EC;10;;;;;;;;
VI;4;15622;CURZATE R WG BIANCO;44;;;;;;;;
VI;4;15640;PROLINE STAR;50;;;;;;;;
VI;4;15651;FLANKER;6;;;;;;;;
VI;4;15661;SENEGO;13,75;;;;;;;;
VI;4;15668;GHIBLI 240 OD;7;;;;;;;;
VI;4;15681;LUMADRY ESCA;1485;;;;;;;;
VI;4;15741;AVADEX FACTOR;16;;;;;;;;
VI;4;15751;VITENE TRIPLO R;18,5;;;;;;;;
VI;4;15842;AFICIONADO;3;;;;;;;;
VI;4;15857;R6 ERRESEI PASADOBLE;77;;;;;;;;
VI;4;15901;ERCOLE;11475;;;;;;;;
VI;4;15931;GLORIAL JET;12;;;;;;;;
VI;4;15961;RETENGO NEW;10;;;;;;;;
VI;4;16049;DELEGATE WG;1;;;;;;;;
VI;5;13;THIOPRON;1620;;;;;;;;
VI;5;17;U 46 COMBI FLUID;8;;;;;;;;
VI;5;40;ETRAVON SYNGENTA;459;;;;;;;;
VI;5;206;ALBENE;250;;;;;;;;
VI;5;346;BAGIR MAX;45;;;;;;;;
VI;5;361;BAGNANTE ANTISCHIUMA S;28;;;;;;;;
VI;5;449;MOCAP;210;;;;;;;;
VI;5;485;KENYATOX VERDE;4;;;;;;;;
VI;5;619;VALGRAN;43;;;;;;;;
VI;5;630;REGLONE W;534;;;;;;;;
VI;5;747;ZOLFO SPRUZZABILE;1195;;;;;;;;
VI;5;779;TRIMANOC 80 WP;9;;;;;;;;
VI;5;844;MICROBAGNABILE 80;3;;;;;;;;
VI;5;886;SENCOR WG;6,5;;;;;;;;
VI;5;909;POLISOLFURO DI CALCIO POLISENIO;100;;;;;;;;
VI;5;955;TORDON 101;1;;;;;;;;
VI;5;1156;CHEMOL;1920;;;;;;;;
VI;5;1424;FUNGI MZ;525;;;;;;;;
VI;5;1466;BASIRAM L;23;;;;;;;;
VI;5;1544;MESUROL;4;;;;;;;;
VI;5;1562;ERBITOX E 30;33;;;;;;;;
VI;5;1573;BASAMID GRANULAT;100;;;;;;;;
VI;5;1583;MICROTHIOL DISPERSS;41903;;;;;;;;
VI;5;1613;ANTRACOL;1190;;;;;;;;
VI;5;1714;KERB 80 EDF;23;;;;;;;;
VI;5;1850;IDRORAME FLOW;75;;;;;;;;
VI;5;1903;SULFURENE;150;;;;;;;;
VI;5;1947;SULFUR 80;250;;;;;;;;
VI;5;2191;WETTING PLUS;14;;;;;;;;
VI;5;2249;MALERBANE PRATI 400;27;;;;;;;;
VI;5;2259;PASTA LUMACHICIDA IN GRANI;72;;;;;;;;
VI;5;2307;VECTOR;218;;;;;;;;
VI;5;2353;BONALAN;82;;;;;;;;
VI;5;2518;ACTELLIC 2P;3;;;;;;;;
VI;5;2520;ACTELLIC;7;;;;;;;;
VI;5;2634;BUGGY;9199;;;;;;;;
VI;5;2732;GOLTIX;3;;;;;;;;
VI;5;2923;TIOVIT JET;18643;;;;;;;;
VI;5;2995;ESCARTOX;1800,5;;;;;;;;
VI;5;3065;OLIOCIN;320,25;;;;;;;;
VI;5;3102;OLEOTER;50;;;;;;;;
VI;5;3141;CUTHIOL;1;;;;;;;;
VI;5;3163;U 46 M STAR;21;;;;;;;;
VI;5;3219;CARAKOL AGRO;270;;;;;;;;
VI;5;3313;ARAGOL L 40;4;;;;;;;;
VI;5;3366;ROGATOX EC;361;;;;;;;;
VI;5;3397;ROGOR;32;;;;;;;;
VI;5;3486;TRISCABOL DG;5;;;;;;;;
VI;5;3503;AGRUMIN;9;;;;;;;;
VI;5;3519;METAMBANE;104;;;;;;;;
VI;5;3555;CURZATE M;37;;;;;;;;
VI;5;3628;CUPROCAFFARO;23;;;;;;;;
VI;5;3658;SIPCAMOL E;625;;;;;;;;
VI;5;3701;CUPROSAR 40 WDG;20;;;;;;;;
VI;5;3767;FENOXILENE MAX;131;;;;;;;;
VI;5;3771;ROVRAL WG;16;;;;;;;;
VI;5;3800;CRITTAM WG;128;;;;;;;;
VI;5;3817;DISERBONE KN;1;;;;;;;;
VI;5;3861;ROTIOFEN GOLD;37;;;;;;;;
VI;5;4012;RELDAN 22;301;;;;;;;;
VI;5;4199;PENNCOZEB DG;2623;;;;;;;;
VI;5;4228;ROGOR L 20;878,25;;;;;;;;
VI;5;4283;ZOLVIS 90;60;;;;;;;;
VI;5;4292;ZOLVIS 80 MICRO;290;;;;;;;;
VI;5;4326;ROGOR L 40;112;;;;;;;;
VI;5;4461;IMIDAN WDG;3;;;;;;;;
VI;5;4552;DITHANE DG NEOTEC;600;;;;;;;;
VI;5;4710;ALIETTE;38,55;;;;;;;;
VI;5;4833;FANDANGO 360 SL;30;;;;;;;;
VI;5;5152;TIOSPOR WG;990;;;;;;;;
VI;5;5154;ARPEL TRIPLO BLU;8;;;;;;;;
VI;5;5228;CARAKOL;100;;;;;;;;
VI;5;5299;MIBIOL;178;;;;;;;;
VI;5;5574;LUMAKIDIN 5G;156;;;;;;;;
VI;5;5576;KOLFLOR OLIO B;12;;;;;;;;
VI;5;5657;BAGNANTE SCAM;255;;;;;;;;
VI;5;5758;GALBEN R 4-33 BLU;120;;;;;;;;
VI;5;5796;GARLON;3;;;;;;;;
VI;5;5864;CIPOTRIL;2;;;;;;;;
VI;5;6376;ANTISCHIUMA SHAUMSTOP;10,3;;;;;;;;
VI;5;6401;MONDAK 21 S;11;;;;;;;;
VI;5;6438;BI-FEN;5;;;;;;;;
VI;5;6556;K-OBIOL DP2;31;;;;;;;;
VI;5;6557;K-OBIOL EC 25;1;;;;;;;;
VI;5;6674;AFALON DS;29;;;;;;;;
VI;5;6766;BUTISAN S;20;;;;;;;;
VI;5;6945;TOPAS 10 EC;8,25;;;;;;;;
VI;5;6947;TOPAS COMBI;1500;;;;;;;;
VI;5;6955;METACID;252;;;;;;;;
VI;5;6978;BETTER 400;400;;;;;;;;
VI;5;7053;PASTA CAFFARO NC;27;;;;;;;;
VI;5;7055;PASTA CAFFARO BLU;1332;;;;;;;;
VI;5;7368;TURFENE L;4;;;;;;;;
VI;5;7369;SYLLIT FLO;14,68;;;;;;;;
VI;5;7379;VENZAR;36,5;;;;;;;;
VI;5;7401;POLTIGLIA CAFFARO 20 DF NEW;179;;;;;;;;
VI;5;7483;DEVRINOL F;4;;;;;;;;
VI;5;7530;BIOLID E;55;;;;;;;;
VI;5;7543;ERBITOX COMBI;1;;;;;;;;
VI;5;7555;KLARTAN 20 EW;19,4;;;;;;;;
VI;5;7611;ENOVIT METIL FL;97;;;;;;;;
VI;5;7640;SPOLLONANTE G;1;;;;;;;;
VI;5;7700;MATACAR FL;0,8;;;;;;;;
VI;5;7733;BAYTEROID EW;1;;;;;;;;
VI;5;7845;TMTD 50 SC;20;;;;;;;;
VI;5;7876;PIRIMOR 17,5;8;;;;;;;;
VI;5;7889;NURELLE D;6;;;;;;;;
VI;5;7916;POLYRAM DF;13219;;;;;;;;
VI;5;7919;TOUCHDOWN;2653,5;;;;;;;;
VI;5;7930;KERB FLO;7,5;;;;;;;;
VI;5;7957;ROVRAL PLUS;7;;;;;;;;
VI;5;7958;RONSTAR FL;28;;;;;;;;
VI;5;7961;RIZOLEX  GOLD;22;;;;;;;;
VI;5;7963;RIZOLEX 50 PB;2;;;;;;;;
VI;5;7984;STRATOS;41;;;;;;;;
VI;5;8054;METIS ECHO;3;;;;;;;;
VI;5;8102;MERPAN 80 WDG;45;;;;;;;;
VI;5;8106;CIMOZEB;5;;;;;;;;
VI;5;8117;BASTA 200;825;;;;;;;;
VI;5;8139;MANTA GOLD/FENOTRIX COMBI;18;;;;;;;;
VI;5;8146;GALLERY;13;;;;;;;;
VI;5;8157;ZETARAM 20 L;60;;;;;;;;
VI;5;8184;CHALLENGE;8;;;;;;;;
VI;5;8189;FORCE;10060;;;;;;;;
VI;5;8201;GLISTER;2100;;;;;;;;
VI;5;8225;BLUE SHIELD;960;;;;;;;;
VI;5;8376;ARIANE II;446;;;;;;;;
VI;5;8382;ROUNDUP BIOFLOW;84;;;;;;;;
VI;5;8429;GLYFOS SL;930;;;;;;;;
VI;5;8498;FOLICUR WG;24;;;;;;;;
VI;5;8499;EFESTO;132;;;;;;;;
VI;5;8528;FEINZIN 35 DF;10;;;;;;;;
VI;5;8540;PAMPA/GHIBLI;64;;;;;;;;
VI;5;8542;FORUM 50 WP;56,6;;;;;;;;
VI;5;8547;LOGRAN;3,11;;;;;;;;
VI;5;8601;FOLPAN 80 WDG;4641;;;;;;;;
VI;5;8646;ACTIVUS EC/PANDA;276;;;;;;;;
VI;5;8706;AMID THIN W;0,5;;;;;;;;
VI;5;8729;FORUM R;610;;;;;;;;
VI;5;8731;ACROBAT R;180;;;;;;;;
VI;5;8735;TREBON UP;109,05;;;;;;;;
VI;5;8742;INDAR 5EW;120;;;;;;;;
VI;5;8743;GREENEX;9,8;;;;;;;;
VI;5;8795;VERTIMEC EC;7;;;;;;;;
VI;5;8801;SCORE 25 EC;8,25;;;;;;;;
VI;5;8803;DOMARK COMBI PB;106;;;;;;;;
VI;5;8836;MIMIC;5;;;;;;;;
VI;5;8837;GERMON BEWURZELUNGSPUDER PER TALEE ERBACEE;0,1;;;;;;;;
VI;5;8841;CYREN 7,5 G;473;;;;;;;;
VI;5;8843;NISSHIN;4;;;;;;;;
VI;5;8859;MASTIFF;4031;;;;;;;;
VI;5;8884;BITRON DF;174;;;;;;;;
VI;5;8886;SAFARI;4,56;;;;;;;;
VI;5;8900;ZOLFO VENTILATO RAMATO 3%;600;;;;;;;;
VI;5;8934;SCALA;74;;;;;;;;
VI;5;8945;ENOVIT METIL DF;2;;;;;;;;
VI;5;8984;GLIPHOGAN TOP MK;471;;;;;;;;
VI;5;8987;CONFIDOR 200 SL;36,57;;;;;;;;
VI;5;9005;AGIL;593;;;;;;;;
VI;5;9010;RAMEZIN COMBI WG;59;;;;;;;;
VI;5;9012;CUPROCAFFARO MICRO;20352;;;;;;;;
VI;5;9049;DISERBELLO;5;;;;;;;;
VI;5;9070;MICEXANIL BIANCO;1270;;;;;;;;
VI;5;9131;PYRINEX ME;1181;;;;;;;;
VI;5;9148;SYLLIT 355 SC;6;;;;;;;;
VI;5;9153;CYREN 44 EC;134;;;;;;;;
VI;5;9210;QUADRIS;3;;;;;;;;
VI;5;9244;ZIRAMIT 76 WG;180;;;;;;;;
VI;5;9280;TOPAS 200 EW;49,5;;;;;;;;
VI;5;9298;METHAM NA 51;210;;;;;;;;
VI;5;9306;PROPLANT;23;;;;;;;;
VI;5;9311;CUPROSSIL IDRO 25 WP;575;;;;;;;;
VI;5;9318;FANDANGO 360;210;;;;;;;;
VI;5;9322;GOLTIX STAR;16;;;;;;;;
VI;5;9330;GLIFO 41;2,5;;;;;;;;
VI;5;9339;BETANAL EXPERT;43;;;;;;;;
VI;5;9342;DELTRIN;67,5;;;;;;;;
VI;5;9364;RAPIDO;280;;;;;;;;
VI;5;9374;MATCH TOP;5;;;;;;;;
VI;5;9400;GLIFOGAN PRONTO;8;;;;;;;;
VI;5;9422;EVADE;85,65;;;;;;;;
VI;5;9443;ENDOGERME;16,5;;;;;;;;
VI;5;9449;EMERALD COMBI;133;;;;;;;;
VI;5;9463;KLARO KIT;103;;;;;;;;
VI;5;9478;PIRET;0,3;;;;;;;;
VI;5;9496;GALIGAN EC;15;;;;;;;;
VI;5;9578;SWITCH;712,9;;;;;;;;
VI;5;9612;OSSICLOR 30;8195;;;;;;;;
VI;5;9627;POLTIGLIA BORDOLESE DISPERSS;60;;;;;;;;
VI;5;9631;METRIN EC;51;;;;;;;;
VI;5;9668;RUFAST E-FLO;10,74;;;;;;;;
VI;5;9675;PANTOX 360;182;;;;;;;;
VI;5;9689;AURIGA;1;;;;;;;;
VI;5;9694;SIMITAR 5 EW;8;;;;;;;;
VI;5;9705;PREVITER;0,7;;;;;;;;
VI;5;9713;HORIZON;52;;;;;;;;
VI;5;9747;FURY;16;;;;;;;;
VI;5;9757;SPYRALE;10;;;;;;;;
VI;5;9758;COPRANTOL WG;2290;;;;;;;;
VI;5;9767;NUFOS 7,5 G;24;;;;;;;;
VI;5;9787;MICROBAGNABILE WG;336;;;;;;;;
VI;5;9790;CONTATTO 320;38;;;;;;;;
VI;5;9794;PLANET C;150;;;;;;;;
VI;5;9800;MAVRIK 20 EW;46,52;;;;;;;;
VI;5;9802;COPRANTOL HI BIO;66;;;;;;;;
VI;5;9832;TREK P;18;;;;;;;;
VI;5;9843;BASAGRAN SG;6;;;;;;;;
VI;5;9867;4 STAGIONI;53,2;;;;;;;;
VI;5;9872;AKRIS;150;;;;;;;;
VI;5;9940;ZELIG GR;1272;;;;;;;;
VI;5;9941;BUMPER P;18;;;;;;;;
VI;5;9954;JOKER;192;;;;;;;;
VI;5;9970;HUNTER;2,5;;;;;;;;
VI;5;9989;SVELLER;5;;;;;;;;
VI;5;9994;ARIUS SYSTEM;538;;;;;;;;
VI;5;9995;ARIUS;206;;;;;;;;
VI;5;10005;SCOTTS WEEDCONTROL/EVERGREEN;3;;;;;;;;
VI;5;10029;KING;2;;;;;;;;
VI;5;10048;KUMULUS TECNO;15475;;;;;;;;
VI;5;10049;DURSBAN 75 WG;459;;;;;;;;
VI;5;10057;ARPEL WDG;40,2;;;;;;;;
VI;5;10063;TOPIK 80 EC;1,5;;;;;;;;
VI;5;10088;MAXIM;0,3;;;;;;;;
VI;5;10116;VAPOR GARD;4;;;;;;;;
VI;5;10117;STRATOS ULTRA;29;;;;;;;;
VI;5;10127;DECIS JET;25,72;;;;;;;;
VI;5;10141;SOFREVAL 80 MICRO;75;;;;;;;;
VI;5;10154;BORDOFLOW SECTOR;38;;;;;;;;
VI;5;10161;ORTIVA;22,25;;;;;;;;
VI;5;10183;GARLON EV;12,4;;;;;;;;
VI;5;10185;ZERGAN EV;12,25;;;;;;;;
VI;5;10187;NAUTILE DG;61;;;;;;;;
VI;5;10199;DUKE;300;;;;;;;;
VI;5;10272;CEREXIL M DG;2170;;;;;;;;
VI;5;10296;IPERION;3737;;;;;;;;
VI;5;10297;SINIS 35 WG;87;;;;;;;;
VI;5;10305;OIKOS;2,1;;;;;;;;
VI;5;10306;MISTRAL;112;;;;;;;;
VI;5;10329;FORUM MZ WG;30;;;;;;;;
VI;5;10350;BLAST SG;3;;;;;;;;
VI;5;10372;RASIKAL QUICK;115;;;;;;;;
VI;5;10379;CADOU WG;7,2;;;;;;;;
VI;5;10404;CLINIC 360 SL;925;;;;;;;;
VI;5;10423;LUMACHICIDA VEBI;295;;;;;;;;
VI;5;10425;SCUDEX;6;;;;;;;;
VI;5;10426;PROTIL EC;65,5;;;;;;;;
VI;5;10456;KLARO ULTRA;317;;;;;;;;
VI;5;10461;DICOTURF;1,5;;;;;;;;
VI;5;10477;LAS VEGAS;21;;;;;;;;
VI;5;10479;NATURALIS;5;;;;;;;;
VI;5;10493;RUNNER M 22;374;;;;;;;;
VI;5;10494;PREMIUM TOP;110;;;;;;;;
VI;5;10504;KELLY WG;229;;;;;;;;
VI;5;10518;PIRESAN PLUS;1;;;;;;;;
VI;5;10532;TELDOR;24;;;;;;;;
VI;5;10540;TERIAL 75 WG/ALISE' 75 WG;248;;;;;;;;
VI;5;10560;PIRETRO NATURA;24;;;;;;;;
VI;5;10565;DICOTIL EXTRA;66,1;;;;;;;;
VI;5;10568;ZOOMER;779;;;;;;;;
VI;5;10573;KOCIDE 2000;840;;;;;;;;
VI;5;10582;PAM;9;;;;;;;;
VI;5;10584;SHAMAL MK PLUS;662;;;;;;;;
VI;5;10585;SULCOTREK;10;;;;;;;;
VI;5;10588;BIOPIREN PLUS;2;;;;;;;;
VI;5;10589;LUMIX VERDE;2;;;;;;;;
VI;5;10609;MESOZIN 35 WG;19;;;;;;;;
VI;5;10627;FRUPICA;68;;;;;;;;
VI;5;10632;COBRE NORDOX SUPER 75 WG;510;;;;;;;;
VI;5;10638;MANCOZEB MANICA 75 WG;1985;;;;;;;;
VI;5;10641;MANCOZEB MANICA 80 PB;450;;;;;;;;
VI;5;10671;COPERNICO;964;;;;;;;;
VI;5;10690;FUNGIBEN COMBI;50;;;;;;;;
VI;5;10701;CUMETA FLOW;60;;;;;;;;
VI;5;10715;SILGLIF NF;160;;;;;;;;
VI;5;10734;DUAL GOLD;725;;;;;;;;
VI;5;10735;PRIMAGRAM GOLD;652;;;;;;;;
VI;5;10752;STEWARD;57,5;;;;;;;;
VI;5;10753;FOLICUR SE;28,1;;;;;;;;
VI;5;10771;MOST MICRO;703,5;;;;;;;;
VI;5;10892;OSSICLOR 50 PB MANICA;200;;;;;;;;
VI;5;10897;AMEGA PLUS;25;;;;;;;;
VI;5;10926;ALTOREX;14;;;;;;;;
VI;5;10929;CHIKARA 25 WG;20,4;;;;;;;;
VI;5;10936;NAAK 480;16;;;;;;;;
VI;5;10938;MANCOSIM 75 DF;50;;;;;;;;
VI;5;10939;CP 40 AGRO;6;;;;;;;;
VI;5;10970;NECOLIM;24;;;;;;;;
VI;5;10973;PYRINEX PRONTO;10;;;;;;;;
VI;5;10976;METEOR;173,25;;;;;;;;
VI;5;10986;KASKO R;94;;;;;;;;
VI;5;10989;MEVAXIL R;10;;;;;;;;
VI;5;10999;BETANAL SE;14;;;;;;;;
VI;5;11011;DASH HC;98;;;;;;;;
VI;5;11030;PRIMO MAXX;1;;;;;;;;
VI;5;11041;FOLMAK COMBI;534;;;;;;;;
VI;5;11047;DICOPLUS;6;;;;;;;;
VI;5;11059;BIOPOWER;414;;;;;;;;
VI;5;11062;BION 50 WG;0,05;;;;;;;;
VI;5;11076;CLINIC PRO;10;;;;;;;;
VI;5;11102;HELIOSOUFRE S;360;;;;;;;;
VI;5;11105;CUPROFIX 30 DISPERSS BLU;20;;;;;;;;
VI;5;11106;MANFIL 75 WG;70;;;;;;;;
VI;5;11107;ECO-TRAP;5,6;;;;;;;;
VI;5;11119;FLINT;29,45;;;;;;;;
VI;5;11130;DISERBOFACILE;7;;;;;;;;
VI;5;11133;SHELTER;10;;;;;;;;
VI;5;11173;AVAUNT EC;353;;;;;;;;
VI;5;11197;VITENE 45 WG;35,5;;;;;;;;
VI;5;11206;CODACIDE;947,5;;;;;;;;
VI;5;11243;LEOPARD 5 EC;196;;;;;;;;
VI;5;11253;CALLISTO;195;;;;;;;;
VI;5;11257;COSTAR WG;3,75;;;;;;;;
VI;5;11258;FAZOR;5;;;;;;;;
VI;5;11282;KEMIFAM TRIO FL;168;;;;;;;;
VI;5;11301;SPHERE;206;;;;;;;;
VI;5;11339;THIOVIT;25;;;;;;;;
VI;5;11341;STARANE GOLD;82;;;;;;;;
VI;5;11345;ZOLVIS 80 WDG;32025;;;;;;;;
VI;5;11353;FUSILADE MAX;95;;;;;;;;
VI;5;11382;GARDENE PLUS;193;;;;;;;;
VI;5;11396;WIRK;127;;;;;;;;
VI;5;11403;MELODY COMPACT;1067;;;;;;;;
VI;5;11418;ROUNDUP 450 PLUS;43;;;;;;;;
VI;5;11435;FLORANET;36;;;;;;;;
VI;5;11436;MELODY MED WG;20;;;;;;;;
VI;5;11448;KICKER;379;;;;;;;;
VI;5;11449;GARDOPRIM GOLD;95;;;;;;;;
VI;5;11497;CRITTOVIT WG;4890;;;;;;;;
VI;5;11505;READY GERMIPLUS;7;;;;;;;;
VI;5;11525;FUNGIDINA;29,4;;;;;;;;
VI;5;11526;SULTAN;12;;;;;;;;
VI;5;11527;PYRINEX QUICK;181;;;;;;;;
VI;5;11548;ISONET L;30,48;;;;;;;;
VI;5;11561;NEEMAZAL T/S;7;;;;;;;;
VI;5;11569;CUPROXAT S.D.I.;30;;;;;;;;
VI;5;11586;TOP-AGAN;219;;;;;;;;
VI;5;11587;CAMBEL S;30;;;;;;;;
VI;5;11596;CALYPSO;4,5;;;;;;;;
VI;5;11600;CRUISER 350 FS;15,5;;;;;;;;
VI;5;11614;ACTARA 25 WG;350,66;;;;;;;;
VI;5;11619;TIOFLOR WDG;903;;;;;;;;
VI;5;11626;PITSTOP;5;;;;;;;;
VI;5;11638;FLUORATE;10,9;;;;;;;;
VI;5;11649;COMMAND 36 CS;80,75;;;;;;;;
VI;5;11653;FOLIO GOLD 537,5 SC;105;;;;;;;;
VI;5;11666;FASER;170;;;;;;;;
VI;5;11678;ACTELLIC 2P NEWPHARM;16;;;;;;;;
VI;5;11684;ACTELLIC 25 NEWPHARM;10;;;;;;;;
VI;5;11690;GOAL 480 SC;37;;;;;;;;
VI;5;11693;LASER;0,5;;;;;;;;
VI;5;11698;MINUET;67;;;;;;;;
VI;5;11703;GEOTOX  L;265;;;;;;;;
VI;5;11704;OLIO OGNISTAGIONE;25;;;;;;;;
VI;5;11710;GARDIUS;5;;;;;;;;
VI;5;11711;DUKE IDROSSIDO;30;;;;;;;;
VI;5;11730;COSMOTRIN;4,5;;;;;;;;
VI;5;11744;CIPERBLOC;6,5;;;;;;;;
VI;5;11752;ENVIDOR 240 SC;2;;;;;;;;
VI;5;11760;POLITHIOL;710;;;;;;;;
VI;5;11762;FORUM STAR;50;;;;;;;;
VI;5;11786;AQ 10 WG;0,87;;;;;;;;
VI;5;11788;NEMACUR 240 CS;25;;;;;;;;
VI;5;11794;STOPPER;2;;;;;;;;
VI;5;11814;SPADA 200 EC;358,75;;;;;;;;
VI;5;11821;WEEDAZOL TL;45;;;;;;;;
VI;5;11857;MIDAURIL COMBI;10;;;;;;;;
VI;5;11862;LOBBY;120;;;;;;;;
VI;5;11870;CUPRITAL S.D.I.;8,25;;;;;;;;
VI;5;11871;AGROLIM;40;;;;;;;;
VI;5;11894;GRANEX;1,25;;;;;;;;
VI;5;11908;VENTUREX 35 L;90,4;;;;;;;;
VI;5;11921;RISCIO' 50 WP/RISCIO';3;;;;;;;;
VI;5;11931;MANZEB 75 WG;1505;;;;;;;;
VI;5;11944;ASPECT;20;;;;;;;;
VI;5;11948;VINCARE;555;;;;;;;;
VI;5;11954;TERMINAL DUO;584;;;;;;;;
VI;5;11964;POLTIGLIA CAFFARO 20 GD;620;;;;;;;;
VI;5;11979;BORDO 20 MICRO;95,2;;;;;;;;
VI;5;11991;NEEMIK;18;;;;;;;;
VI;5;12010;TUAREG;345;;;;;;;;
VI;5;12020;SUCCESS;65,56;;;;;;;;
VI;5;12023;MEGIC;46;;;;;;;;
VI;5;12030;SNOW;72;;;;;;;;
VI;5;12040;BORDOFLOW;640;;;;;;;;
VI;5;12043;PREVICUR ENERGY;1,2;;;;;;;;
VI;5;12044;CURZATE SYSTEM;54,5;;;;;;;;
VI;5;12048;TIOSOL 80 WG;41816,5;;;;;;;;
VI;5;12068;TEFLUSTAR;747,25;;;;;;;;
VI;5;12069;EPIK;1095,5;;;;;;;;
VI;5;12083;DANADIM PROGRESS;88,25;;;;;;;;
VI;5;12084;GALEO;17;;;;;;;;
VI;5;12096;POLTIGLIA DISPERSS;44954;;;;;;;;
VI;5;12100;ASSET;45;;;;;;;;
VI;5;12106;TALENDO;3;;;;;;;;
VI;5;12114;AUXIGER LG;3;;;;;;;;
VI;5;12138;R6 ERRESEI TREVI;1176;;;;;;;;
VI;5;12172;FERRAMOL;15;;;;;;;;
VI;5;12174;V.I.P. FLOW;160;;;;;;;;
VI;5;12177;VITTORIA 24 SC;1,8;;;;;;;;
VI;5;12200;SILBOT R/DYMO R;10;;;;;;;;
VI;5;12202;ZEMIX R;90;;;;;;;;
VI;5;12207;ROUNDUP K QUATTROCENTO 50;5;;;;;;;;
VI;5;12208;ARPEL TRIPLO;4;;;;;;;;
VI;5;12211;MEDOR;2;;;;;;;;
VI;5;12215;VEBIPHOS 7,5;50;;;;;;;;
VI;5;12225;TEPPEKI;1;;;;;;;;
VI;5;12245;ROUNDUP 360 POWER;7074;;;;;;;;
VI;5;12263;VONDOZEB DG;475;;;;;;;;
VI;5;12270;UNICORN DF;986;;;;;;;;
VI;5;12296;GAIO SX;0,04;;;;;;;;
VI;5;12298;GUNNER SC;3;;;;;;;;
VI;5;12317;DACOL L 20;170;;;;;;;;
VI;5;12318;VIVER;80;;;;;;;;
VI;5;12320;PERSHING;6;;;;;;;;
VI;5;12323;VEBIZOLFO WG;13;;;;;;;;
VI;5;12325;MESUROL M PLUS;505;;;;;;;;
VI;5;12330;DEDALUS SE;225;;;;;;;;
VI;5;12344;VEBITHRIN 5 EC;7,4;;;;;;;;
VI;5;12356;RAK 2;2,02;;;;;;;;
VI;5;12381;NU-FILM P;10;;;;;;;;
VI;5;12383;RIDOMIL GOLD MZ PEPITE;426;;;;;;;;
VI;5;12393;COPPERCIM WG;7,25;;;;;;;;
VI;5;12399;GANZO;97;;;;;;;;
VI;5;12437;DELAN 70 WG;192;;;;;;;;
VI;5;12452;EQUIP;644;;;;;;;;
VI;5;12453;MILDICUT;2674;;;;;;;;
VI;5;12459;VOLCAN SC;105;;;;;;;;
VI;5;12482;LUMAX;2715;;;;;;;;
VI;5;12491;CIPERTHRIN PLUS;74;;;;;;;;
VI;5;12504;FLOWBRIX;127;;;;;;;;
VI;5;12522;METRO;0,5;;;;;;;;
VI;5;12526;SWAN;2,5;;;;;;;;
VI;5;12534;FOXTAIL;41,55;;;;;;;;
VI;5;12540;REGRAN SL;42;;;;;;;;
VI;5;12560;METHIOR;1;;;;;;;;
VI;5;12566;PYGANIC 1.4;61;;;;;;;;
VI;5;12573;EKO OIL SPRAY;361;;;;;;;;
VI;5;12584;AVIATOR;3;;;;;;;;
VI;5;12622;QUANTUM;938;;;;;;;;
VI;5;12625;EFUZIN 355 SC/FULLDINA 35 FL;51;;;;;;;;
VI;5;12627;DANADIM 400;52;;;;;;;;
VI;5;12628;SERENADE MAX;16;;;;;;;;
VI;5;12629;BUGGY 360 SG N.E.T.;66,18;;;;;;;;
VI;5;12636;QUASAR 6/24 R;63;;;;;;;;
VI;5;12647;GLITTER;119;;;;;;;;
VI;5;12650;NUPRID 200 SL;1;;;;;;;;
VI;5;12659;IMIDAN EC;62;;;;;;;;
VI;5;12671;HARMONY 50 SX;5,82;;;;;;;;
VI;5;12734;JUPITER R DF;122;;;;;;;;
VI;5;12737;AIRONE PIU';1244;;;;;;;;
VI;5;12747;CUPRAVIT BLU WG;9,5;;;;;;;;
VI;5;12756;DICOTEX;32,7;;;;;;;;
VI;5;12759;OSSICLOR 35 WG;11315;;;;;;;;
VI;5;12768;SPINTOR FLY;29;;;;;;;;
VI;5;12788;ADIGOR;1,5;;;;;;;;
VI;5;12806;FEDOR;5;;;;;;;;
VI;5;12813;AMISTAR XTRA;76;;;;;;;;
VI;5;12824;MERLIN EXPERT;173;;;;;;;;
VI;5;12828;SITOFEX;1;;;;;;;;
VI;5;12832;OPERA;9;;;;;;;;
VI;5;12837;ARIUS SYSTEM PLUS;227;;;;;;;;
VI;5;12845;AXIAL;0,45;;;;;;;;
VI;5;12849;BENPROP PRO/GEMINI;12;;;;;;;;
VI;5;12853;SONG;4;;;;;;;;
VI;5;12858;PRODIGY;459;;;;;;;;
VI;5;12862;CANTUS;353,2;;;;;;;;
VI;5;12869;SIGNUM;64;;;;;;;;
VI;5;12878;RIDOMIL GOLD COMBI PEPITE;2260;;;;;;;;
VI;5;12880;ATLANTIS WG;118,5;;;;;;;;
VI;5;12881;HUSSAR MAXX;46;;;;;;;;
VI;5;12883;PROSPER 300 CS;2766;;;;;;;;
VI;5;12886;KARATHANE STAR;279;;;;;;;;
VI;5;12888;LEPINOX PLUS;3;;;;;;;;
VI;5;12920;AGORA;24;;;;;;;;
VI;5;12924;JUPITER WG;265;;;;;;;;
VI;5;12933;MOXYL 20 WP;5;;;;;;;;
VI;5;12940;KARATE ZEON 1.5;168;;;;;;;;
VI;5;12973;GLYFOS RAPID;81;;;;;;;;
VI;5;12996;CIMORAM BLU;5;;;;;;;;
VI;5;13005;PROMAG;20;;;;;;;;
VI;5;13012;FOLVIT 80 WDG;2210;;;;;;;;
VI;5;13018;GONDOR;5;;;;;;;;
VI;5;13020;MICRORAM 35 WG;15;;;;;;;;
VI;5;13025;MYSTIC 250 EW;12;;;;;;;;
VI;5;13026;SUSCON;0,2;;;;;;;;
VI;5;13049;SULCOGAN;15;;;;;;;;
VI;5;13061;BIOBIT DF;10;;;;;;;;
VI;5;13064;VITENE ULTRA SC;20;;;;;;;;
VI;5;13065;DOMARK 125;9,5;;;;;;;;
VI;5;13084;TELDOR PLUS;966,4;;;;;;;;
VI;5;13093;STOMP AQUA;360;;;;;;;;
VI;5;13098;ROUNDUP POWER 2.0;1476;;;;;;;;
VI;5;13108;CURAME BORDEAUX;280;;;;;;;;
VI;5;13111;THIOCUR FORTE;61,05;;;;;;;;
VI;5;13126;CABRIO DUO;35;;;;;;;;
VI;5;13127;VALIS F;515;;;;;;;;
VI;5;13128;GOLTIX 50 WG;619;;;;;;;;
VI;5;13130;GUNNER WG;14,5;;;;;;;;
VI;5;13134;AMALINE;106;;;;;;;;
VI;5;13143;MEZENE WG;156;;;;;;;;
VI;5;13149;POLTIGLIA MANICA 20 WG;2160;;;;;;;;
VI;5;13150;CURAME 35 WG;930;;;;;;;;
VI;5;13152;OPTIX R DISPERSS;351;;;;;;;;
VI;5;13153;BANVEL S;4;;;;;;;;
VI;5;13158;REMEDIER;214;;;;;;;;
VI;5;13167;POMARSOL 80 WG;166;;;;;;;;
VI;5;13168;LAUDIS;396;;;;;;;;
VI;5;13186;TITUS MAIS EXTRA;12,86;;;;;;;;
VI;5;13205;ZOLFO MANICA SCORREVOLE DOPPIO RAFFINATO;5110;;;;;;;;
VI;5;13212;CONFIDOR 200 O-TEQ;38,57;;;;;;;;
VI;5;13213;R6 ERRESEI ALBIS;5287;;;;;;;;
VI;5;13214;ZOLFO RAMATO 3;20;;;;;;;;
VI;5;13222;DUOKAR 4,5 EW PRO;25;;;;;;;;
VI;5;13236;BULLET;536;;;;;;;;
VI;5;13242;NICOGAN V.O.;8;;;;;;;;
VI;5;13244;ZOLFO VENTILATO STELLA;340;;;;;;;;
VI;5;13249;ZOLFO VENTILATO STELLA RAMATO S;400;;;;;;;;
VI;5;13250;ZOLFO VENTILATO STELLA RAMATO B;70;;;;;;;;
VI;5;13267;IMPERO;9;;;;;;;;
VI;5;13290;ZOLFO MANICA DOPPIO RAFFINATO VENTILATO RAMATO 3% NEW;3375;;;;;;;;
VI;5;13292;ZOLFO A.&A. F.LLI ZANUCCOLI TRIVENTILATO 93% S;2650;;;;;;;;
VI;5;13296;POKER 7,5;58;;;;;;;;
VI;5;13299;MAGIO';23;;;;;;;;
VI;5;13311;DOMARK COMBI WG;21;;;;;;;;
VI;5;13313;CASPER;6;;;;;;;;
VI;5;13323;SULFY 80 WDG;166;;;;;;;;
VI;5;13327;GRANSTAR ULTRA SX;20,2;;;;;;;;
VI;5;13352;DIREX 7,5 GR;107;;;;;;;;
VI;5;13361;DECIS ENERGY O-TEQ;1,6;;;;;;;;
VI;5;13365;ZOLFO DOPPIO VENTILATO SCORREVOLE 95% S ZOLFINDUSTRIA;25;;;;;;;;
VI;5;13370;WARRANT 200 SL;27,25;;;;;;;;
VI;5;13375;NUPRID 200 SC;71;;;;;;;;
VI;5;13378;ORTIVA TOP;3;;;;;;;;
VI;5;13382;PERGADO SC;590;;;;;;;;
VI;5;13386;PROSARO;591;;;;;;;;
VI;5;13387;FLORAMIX;4,27;;;;;;;;
VI;5;13389;AFFIRM;1233;;;;;;;;
VI;5;13390;TEBUSIP 46;453;;;;;;;;
VI;5;13409;SILFUR WG;59;;;;;;;;
VI;5;13410;FRUTTENE 76 WG;20;;;;;;;;
VI;5;13440;SATEL;2,1;;;;;;;;
VI;5;13451;SPARVIERO;60,25;;;;;;;;
VI;5;13455;ANTIGRAM GOLD;118;;;;;;;;
VI;5;13466;SPOTLIGHT PLUS;235;;;;;;;;
VI;5;13468;CLINER;3,2;;;;;;;;
VI;5;13472;ALIEN;12;;;;;;;;
VI;5;13477;APHID/ZORRO;2,5;;;;;;;;
VI;5;13485;FOLPEC 80 WG ADVANCE;20;;;;;;;;
VI;5;13489;CYMBAL;95;;;;;;;;
VI;5;13505;CLICK DUO;20;;;;;;;;
VI;5;13521;HELIOCUIVRE S;60;;;;;;;;
VI;5;13536;SAFRAN;1;;;;;;;;
VI;5;13540;QUASAR R FLOW;4;;;;;;;;
VI;5;13560;FORZA;71;;;;;;;;
VI;5;13563;NICOGAN;9;;;;;;;;
VI;5;13565;PASTA ISAGRO BLU;50;;;;;;;;
VI;5;13576;RAMEPLANT WG;4,8;;;;;;;;
VI;5;13578;RAME CAFFARO BLU WG NEW;791;;;;;;;;
VI;5;13579;COPPER 12;1;;;;;;;;
VI;5;13581;TIOGEL 80 WDG;1;;;;;;;;
VI;5;13585;SOLOFOL;3305;;;;;;;;
VI;5;13586;VERDERAME 20 WG;5,6;;;;;;;;
VI;5;13590;NINJA;8;;;;;;;;
VI;5;13592;VOLARE;133;;;;;;;;
VI;5;13607;NOBIL;1;;;;;;;;
VI;5;13635;POLTIGLIA 20 PB MANICA;1541;;;;;;;;
VI;5;13637;PERGADO F;365;;;;;;;;
VI;5;13640;IMPRINT;100,5;;;;;;;;
VI;5;13646;SENTRY;1;;;;;;;;
VI;5;13647;NEORAM BLU WG;3576;;;;;;;;
VI;5;13648;SIARAM 20 WG;890;;;;;;;;
VI;5;13651;SPECTRO;1,8;;;;;;;;
VI;5;13689;FLINT MAX;5;;;;;;;;
VI;5;13691;TRIDAN COMBI T;256;;;;;;;;
VI;5;13698;VIVANDO;100;;;;;;;;
VI;5;13702;GEOTOX 7,5 C;608;;;;;;;;
VI;5;13707;IMPACT SUPREME;469;;;;;;;;
VI;5;13719;THIAMON 80 PLUS;1499;;;;;;;;
VI;5;13721;AFIDINA QUICK;9,45;;;;;;;;
VI;5;13722;CAL-EX 1.9 EC;21;;;;;;;;
VI;5;13742;PERGADO MZ;358;;;;;;;;
VI;5;13743;KUKAR 22;43;;;;;;;;
VI;5;13771;NIMROD 250 EW;392;;;;;;;;
VI;5;13775;VITASAN 80 WP;50;;;;;;;;
VI;5;13785;QUANTUM MZ;251,5;;;;;;;;
VI;5;13786;QUANTUM R;1172;;;;;;;;
VI;5;13791;GEATER-STAR;12;;;;;;;;
VI;5;13793;RUNNER M;246;;;;;;;;
VI;5;13794;SPADA WDG;58;;;;;;;;
VI;5;13801;TOUCHDOWN HOBBY;4,25;;;;;;;;
VI;5;13815;TUTOR 18-15;120;;;;;;;;
VI;5;13817;ALIAL WG;211;;;;;;;;
VI;5;13823;ALVERDE;7,65;;;;;;;;
VI;5;13846;BOLINA;5;;;;;;;;
VI;5;13857;CRODIX GEO/MINUET GEO;2742;;;;;;;;
VI;5;13858;MEDIATOR EXTRA SL;2,25;;;;;;;;
VI;5;13859;MADEX 100;0,2;;;;;;;;
VI;5;13899;ASCO 45 WG%;1,5;;;;;;;;
VI;5;13905;BANJO;48;;;;;;;;
VI;5;13908;BORDO ISAGRO WG;703;;;;;;;;
VI;5;13927;ZAMIR 18;18;;;;;;;;
VI;5;13955;MITIGREEN;21;;;;;;;;
VI;5;13981;CORAGEN;117,1;;;;;;;;
VI;5;13998;PYRUS 400 SC;1;;;;;;;;
VI;5;14005;CLORTOSIP 500 SC;479;;;;;;;;
VI;5;14020;LIDAL;19;;;;;;;;
VI;5;14021;BREK DUO;35;;;;;;;;
VI;5;14023;SUPPORT 10EC;6;;;;;;;;
VI;5;14034;CURENOX TOP MICRO;142,8;;;;;;;;
VI;5;14042;SUPRAFOS EC;12;;;;;;;;
VI;5;14044;JOKER 480;32;;;;;;;;
VI;5;14052;PRODEO 80 WG;6;;;;;;;;
VI;5;14062;ZOXIUM 240 SC;302;;;;;;;;
VI;5;14076;CYPRUS 25 DF;490;;;;;;;;
VI;5;14077;CHAMP 20 DF;470;;;;;;;;
VI;5;14078;RAMCY 44 WG;5;;;;;;;;
VI;5;14099;ASPOR WDG;4240;;;;;;;;
VI;5;14101;CARAMBA;48;;;;;;;;
VI;5;14102;BORDOFLOW NEW;3070;;;;;;;;
VI;5;14119;VISIR PENCOTECH;149;;;;;;;;
VI;5;14123;ZETARAM NEW TECH;1280;;;;;;;;
VI;5;14127;MEVAXIL COBRE;920;;;;;;;;
VI;5;14128;ZIGNAL;23;;;;;;;;
VI;5;14135;GRENADIER 75 DF;8,47;;;;;;;;
VI;5;14136;OBERON;0,5;;;;;;;;
VI;5;14137;ALTACOR;2,7;;;;;;;;
VI;5;14154;PIRETRO ACTIGREEN;1,06;;;;;;;;
VI;5;14156;CURZATE R WG;774;;;;;;;;
VI;5;14163;SARMOX 440 WG;131;;;;;;;;
VI;5;14164;TRIKA ZETA;1140;;;;;;;;
VI;5;14166;ZETOR;17;;;;;;;;
VI;5;14169;PERGADO R;730;;;;;;;;
VI;5;14195;KENDO WITH ZEON TECHNOLOGY;16;;;;;;;;
VI;5;14214;RAPSAN 500 SC;12;;;;;;;;
VI;5;14248;CLOR QUICK;29,2;;;;;;;;
VI;5;14254;BILO 7,5 C;21;;;;;;;;
VI;5;14257;UNDERLINE 0,2 G;180;;;;;;;;
VI;5;14285;CUPRAVIT BLU FLOW NF;10;;;;;;;;
VI;5;14290;KOHINOR 200 SL;94,25;;;;;;;;
VI;5;14294;EXECUTIVE;1,8;;;;;;;;
VI;5;14350;ZOLFO RAMATO 5;5;;;;;;;;
VI;5;14368;RESOLVA 24H;0,5;;;;;;;;
VI;5;14373;GLINET;135;;;;;;;;
VI;5;14384;ETOPROSIP G;525;;;;;;;;
VI;5;14389;DESSICASH 200 SL;157;;;;;;;;
VI;5;14405;MERLIN FLEXX;232;;;;;;;;
VI;5;14407;RUNWAY;65;;;;;;;;
VI;5;14409;MOVENTO 48 SC;135,4;;;;;;;;
VI;5;14418;PULSAR 40 SL;348;;;;;;;;
VI;5;14419;TRUST SC;1;;;;;;;;
VI;5;14423;PRIMISOL 80 WDG;2320;;;;;;;;
VI;5;14425;MYSTIC COMBI WG;291;;;;;;;;
VI;5;14431;LENTAGRAN 45 WP;5;;;;;;;;
VI;5;14433;QUBIC R;220;;;;;;;;
VI;5;14465;TAIFUN MK;5;;;;;;;;
VI;5;14469;ROMIN 600;20;;;;;;;;
VI;5;14474;TEBUSIP COMBI;308,4;;;;;;;;
VI;5;14488;ANTRACOL 70 WG;2004;;;;;;;;
VI;5;14510;ELECTIS TRIO;541;;;;;;;;
VI;5;14517;EMENDO F;30;;;;;;;;
VI;5;14521;DIMETHOAT ST40;2;;;;;;;;
VI;5;14541;RAVENAS EXTRA;1;;;;;;;;
VI;5;14547;BAC MK;1;;;;;;;;
VI;5;14559;AGREE WG;8;;;;;;;;
VI;5;14575;TRIMMER SX;0,6;;;;;;;;
VI;5;14576;CUTRIL EVO;15;;;;;;;;
VI;5;14577;FORUM R 3B;386;;;;;;;;
VI;5;14579;RAMIN 30 DF;160;;;;;;;;
VI;5;14629;GAT TESSLA 25 WG;15;;;;;;;;
VI;5;14636;BIOLID UP;488,5;;;;;;;;
VI;5;14640;OBOKE-SC;27;;;;;;;;
VI;5;14642;RIDOMIL GOLD R WG;2806;;;;;;;;
VI;5;14643;CENTIUM 36 CS;2;;;;;;;;
VI;5;14686;KOCIDE OPTI;320;;;;;;;;
VI;5;14735;RANMAN TOP;4;;;;;;;;
VI;5;14737;ROUNDUP PLATINUM;796;;;;;;;;
VI;5;14739;DECIS PROTECT;9;;;;;;;;
VI;5;14758;KARATE WITH ZEON TECHNOLOGY 1.5 HOBBY;10,56;;;;;;;;
VI;5;14765;ELUMIS;21;;;;;;;;
VI;5;14769;COMET 250 EC;43,6;;;;;;;;
VI;5;14785;DRISCOLL;1,25;;;;;;;;
VI;5;14792;MELODY TREVI;947;;;;;;;;
VI;5;14798;DIFLORON 200 SL;6;;;;;;;;
VI;5;14799;AFLOR 200 SL;5,4;;;;;;;;
VI;5;14803;ELECTIS ZR;10;;;;;;;;
VI;5;14804;COPPER - DF;17,25;;;;;;;;
VI;5;14806;LUNA PRIVILEGE;165;;;;;;;;
VI;5;14807;LUZINDO;74;;;;;;;;
VI;5;14809;CUPRAVIT BIO EVOLUTION;1356;;;;;;;;
VI;5;14812;ENERVIN TOP;170;;;;;;;;
VI;5;14815;ADENGO;5421;;;;;;;;
VI;5;14818;ACANTO;380;;;;;;;;
VI;5;14826;PYREOS EXTRA SL;7;;;;;;;;
VI;5;14830;CUPROFIX ULTRA DISPERSS;1230;;;;;;;;
VI;5;14837;GLIFOSAR FLASH;512;;;;;;;;
VI;5;14838;BARCLAY GALLUP BIOGRADE 360;385;;;;;;;;
VI;5;14845;MYSTIC PLUS S;117;;;;;;;;
VI;5;14867;SYNERO;6;;;;;;;;
VI;5;14870;ASSORAM ELITE WG;170;;;;;;;;
VI;5;14871;OXICU;710;;;;;;;;
VI;5;14878;FOXTROT;16;;;;;;;;
VI;5;14884;CORUM;296;;;;;;;;
VI;5;14890;SANBLIGHT;24;;;;;;;;
VI;5;14891;TRICO;32;;;;;;;;
VI;5;14927;KALAHARI;101;;;;;;;;
VI;5;14936;AMPLIGO;21,5;;;;;;;;
VI;5;14951;BOTECTOR;34;;;;;;;;
VI;5;14974;BELEM 0.8 MG;10448;;;;;;;;
VI;5;15007;AXIAL PRONTO;283;;;;;;;;
VI;5;15013;NATRIA LUMACHICIDA;194,5;;;;;;;;
VI;5;15023;DERREX;10;;;;;;;;
VI;5;15024;MESUROL 200 SC;3;;;;;;;;
VI;5;15030;COSSACK;48;;;;;;;;
VI;5;15034;DICOPHAR;4;;;;;;;;
VI;5;15037;BREZZA;113;;;;;;;;
VI;5;15041;OPINION ECNA;19;;;;;;;;
VI;5;15047;R6 ERRESEI BORDEAUX WG;262;;;;;;;;
VI;5;15049;MODDUS;7;;;;;;;;
VI;5;15050;VERTIMEC PRO;6;;;;;;;;
VI;5;15054;CONTENDER 80 WG;10;;;;;;;;
VI;5;15058;PRINCIPAL MAIS;61,16;;;;;;;;
VI;5;15059;DECIS EVO;181,5;;;;;;;;
VI;5;15064;MAESTRO WG ADVANCE;33;;;;;;;;
VI;5;15067;MIG-40 SC;53;;;;;;;;
VI;5;15071;EVOLUTION;153;;;;;;;;
VI;5;15079;JUVINAL ECHO;3,5;;;;;;;;
VI;5;15083;AUDACE;4;;;;;;;;
VI;5;15085;VITISAN 45 WG;13;;;;;;;;
VI;5;15093;CENTURIO;64;;;;;;;;
VI;5;15094;FOSBEL 80 WG;84;;;;;;;;
VI;5;15101;CIMORAM ULTRA WG;240;;;;;;;;
VI;5;15107;SAMSON EXTRA 6 OD;58;;;;;;;;
VI;5;15115;VELIERO;58;;;;;;;;
VI;5;15116;ELIOS R;56;;;;;;;;
VI;5;15125;PROLECTUS;193;;;;;;;;
VI;5;15130;INTREPID;47;;;;;;;;
VI;5;15135;OLEOSAN PLUS;12,75;;;;;;;;
VI;5;15138;BAROCCO 80 WG;4425;;;;;;;;
VI;5;15177;ROTATE PLUS DF;642;;;;;;;;
VI;5;15180;RIVET PLUS;9;;;;;;;;
VI;5;15181;CIRRUS CS;18,5;;;;;;;;
VI;5;15184;SATEL GEO;90;;;;;;;;
VI;5;15192;LIBERATE;8;;;;;;;;
VI;5;15193;CONTATTO PIU' EXTRA;69;;;;;;;;
VI;5;15201;FLOXI 355 SC;10;;;;;;;;
VI;5;15221;ZETARAM PLUS;2320;;;;;;;;
VI;5;15222;FOLICUR COMBI WG;830;;;;;;;;
VI;5;15230;APPLAUD 25 WP;10;;;;;;;;
VI;5;15232;CUSTODIA;124;;;;;;;;
VI;5;15236;ZAMMO;4;;;;;;;;
VI;5;15253;FALCON MK;54;;;;;;;;
VI;5;15256;FORUM R 3B FLOW;20;;;;;;;;
VI;5;15270;PROFELIS;0,38;;;;;;;;
VI;5;15285;PRIMMA STAR;0,16;;;;;;;;
VI;5;15294;KENDO BI-ACTIVE;73;;;;;;;;
VI;5;15302;AMYLO-X;818;;;;;;;;
VI;5;15317;FLARE GOLD COMBI PEPITE;320;;;;;;;;
VI;5;15333;APPLAUD PLUS;658,42;;;;;;;;
VI;5;15337;EXPRESS SUN;0,1;;;;;;;;
VI;5;15340;FEUDO 50 WP;10;;;;;;;;
VI;5;15342;FEUDO MZ WDG;54;;;;;;;;
VI;5;15343;FEUDO RD WP;216;;;;;;;;
VI;5;15348;RIDOMIL GOLD R LIQUIDO;55;;;;;;;;
VI;5;15356;AVIATOR SC;158;;;;;;;;
VI;5;15359;VITIL 8-64 WG;170;;;;;;;;
VI;5;15361;LIETO;31,5;;;;;;;;
VI;5;15370;FURY GEO;1,2;;;;;;;;
VI;5;15384;LUNA EXPERIENCE;6;;;;;;;;
VI;5;15389;FLARE GOLD R WG;230;;;;;;;;
VI;5;15401;TAIFUN MK CL;1019;;;;;;;;
VI;5;15448;REBEL TOP;201;;;;;;;;
VI;5;15449;CIDELY;268,5;;;;;;;;
VI;5;15451;ELIOS WG TOP;185;;;;;;;;
VI;5;15462;SCORE II;5;;;;;;;;
VI;5;15499;SONG 70 WDG;49,5;;;;;;;;
VI;5;15505;SILBOT 500 SC/MORFEUM 500 SC;38;;;;;;;;
VI;5;15509;MOSAIKO COMBI;359;;;;;;;;
VI;5;15514;CUPRAVIT BLU 35 WG;295,4;;;;;;;;
VI;5;15531;GARAVEL;8;;;;;;;;
VI;5;15570;TYLAL WG;45;;;;;;;;
VI;5;15572;ZOMINEX;205;;;;;;;;
VI;5;15574;KARMA 85;130;;;;;;;;
VI;5;15581;BARKAN;6;;;;;;;;
VI;5;15618;FULLDINA 355 SC;149;;;;;;;;
VI;5;15621;BOTTO 50 EC;29;;;;;;;;
VI;5;15622;CURZATE R WG BIANCO;36;;;;;;;;
VI;5;15627;PAPYRUS 400 SC;24;;;;;;;;
VI;5;15630;PALMAS 45% WG;2,5;;;;;;;;
VI;5;15640;PROLINE STAR;217;;;;;;;;
VI;5;15641;SIATTOL 200 SL;3,75;;;;;;;;
VI;5;15651;FLANKER;53;;;;;;;;
VI;5;15663;CUPRAVIT 35 WG;850;;;;;;;;
VI;5;15668;GHIBLI 240 OD;23;;;;;;;;
VI;5;15681;LUMADRY ESCA;420;;;;;;;;
VI;5;15722;ARMICARB 85;165;;;;;;;;
VI;5;15741;AVADEX FACTOR;2;;;;;;;;
VI;5;15751;VITENE TRIPLO R;300;;;;;;;;
VI;5;15817;GLADIATOR;54;;;;;;;;
VI;5;15832;VINTAGE C DISPERSS;5;;;;;;;;
VI;5;15834;TRACER 120;27;;;;;;;;
VI;5;15842;AFICIONADO;240;;;;;;;;
VI;5;15857;R6 ERRESEI PASADOBLE;310;;;;;;;;
VI;5;15900;TRIKA EXPERT;190;;;;;;;;
VI;5;15901;ERCOLE;6585;;;;;;;;
VI;5;15912;CUPRO ISAGRO WG;75;;;;;;;;
VI;5;15914;RAME ISAGRO WG BLU;276;;;;;;;;
VI;5;15926;MOJANG 600;25;;;;;;;;
VI;5;15927;MOJANG T;150;;;;;;;;
VI;5;15949;PROMEX;70;;;;;;;;
VI;5;15964;ENOVIT METIL FL BETA;312;;;;;;;;
VI;5;16000;MINUET GR;41;;;;;;;;
VI;5;16051;LENNS;55;;;;;;;;
VI;6;13;THIOPRON;1180;;;;;;;;
VI;6;17;U 46 COMBI FLUID;264;;;;;;;;
VI;6;40;ETRAVON SYNGENTA;595;;;;;;;;
VI;6;133;U 46 D-FLUID;72;;;;;;;;
VI;6;206;ALBENE;77;;;;;;;;
VI;6;361;BAGNANTE ANTISCHIUMA S;129;;;;;;;;
VI;6;449;MOCAP;945;;;;;;;;
VI;6;619;VALGRAN;108;;;;;;;;
VI;6;630;REGLONE W;449;;;;;;;;
VI;6;747;ZOLFO SPRUZZABILE;230;;;;;;;;
VI;6;779;TRIMANOC 80 WP;2;;;;;;;;
VI;6;844;MICROBAGNABILE 80;162;;;;;;;;
VI;6;886;SENCOR WG;30;;;;;;;;
VI;6;909;POLISOLFURO DI CALCIO POLISENIO;2152;;;;;;;;
VI;6;954;TRIPION CB;5;;;;;;;;
VI;6;1155;CHEMOL 90 EL;8,25;;;;;;;;
VI;6;1156;CHEMOL;713;;;;;;;;
VI;6;1187;MICOZEB 45;400;;;;;;;;
VI;6;1424;FUNGI MZ;25;;;;;;;;
VI;6;1544;MESUROL;1;;;;;;;;
VI;6;1573;BASAMID GRANULAT;4300;;;;;;;;
VI;6;1583;MICROTHIOL DISPERSS;18278;;;;;;;;
VI;6;1600;ETRAVON;185;;;;;;;;
VI;6;1635;ERBITOX LV 4;21;;;;;;;;
VI;6;1714;KERB 80 EDF;179;;;;;;;;
VI;6;1850;IDRORAME FLOW;226;;;;;;;;
VI;6;1936;LIQUIZOL M/TIOZOL MK;1;;;;;;;;
VI;6;2029;TORDON 22K;3,5;;;;;;;;
VI;6;2191;WETTING PLUS;345;;;;;;;;
VI;6;2249;MALERBANE PRATI 400;220;;;;;;;;
VI;6;2259;PASTA LUMACHICIDA IN GRANI;605,3;;;;;;;;
VI;6;2307;VECTOR;252;;;;;;;;
VI;6;2340;STOMP 330-E;1;;;;;;;;
VI;6;2353;BONALAN;305;;;;;;;;
VI;6;2634;BUGGY;3043;;;;;;;;
VI;6;2732;GOLTIX;491;;;;;;;;
VI;6;2896;TETROSSIL;275;;;;;;;;
VI;6;2923;TIOVIT JET;7229;;;;;;;;
VI;6;2934;MICROSOL 90;7,1;;;;;;;;
VI;6;2950;ADESIL A;2;;;;;;;;
VI;6;2983;NIMROD;1,25;;;;;;;;
VI;6;2995;ESCARTOX;2752,5;;;;;;;;
VI;6;3065;OLIOCIN;1197,5;;;;;;;;
VI;6;3082;OLEOTER ESTATE;24,25;;;;;;;;
VI;6;3102;OLEOTER;150;;;;;;;;
VI;6;3132;SEPR-OIL;3;;;;;;;;
VI;6;3141;CUTHIOL;165;;;;;;;;
VI;6;3163;U 46 M STAR;115;;;;;;;;
VI;6;3219;CARAKOL AGRO;2330;;;;;;;;
VI;6;3343;U46 M CLASS;33;;;;;;;;
VI;6;3397;ROGOR;65;;;;;;;;
VI;6;3412;SYLLIT 65;30;;;;;;;;
VI;6;3468;DACOL L 40;4;;;;;;;;
VI;6;3503;AGRUMIN;36,9;;;;;;;;
VI;6;3519;METAMBANE;20;;;;;;;;
VI;6;3542;VITEX 4/40 COMBI;4;;;;;;;;
VI;6;3628;CUPROCAFFARO;2280;;;;;;;;
VI;6;3640;CUPROSTAR/AIRONE;12;;;;;;;;
VI;6;3658;SIPCAMOL E;121,45;;;;;;;;
VI;6;3701;CUPROSAR 40 WDG;450;;;;;;;;
VI;6;3754;BAGNANTE SARIAF;469;;;;;;;;
VI;6;3771;ROVRAL WG;374;;;;;;;;
VI;6;3800;CRITTAM WG;323;;;;;;;;
VI;6;3859;DURSBAN;5;;;;;;;;
VI;6;3861;ROTIOFEN GOLD;314;;;;;;;;
VI;6;4011;PIRETRIN;0,2;;;;;;;;
VI;6;4012;RELDAN 22;863,6;;;;;;;;
VI;6;4199;PENNCOZEB DG;1345;;;;;;;;
VI;6;4228;ROGOR L 20;592,4;;;;;;;;
VI;6;4264;VIC 19 L;10,8;;;;;;;;
VI;6;4326;ROGOR L 40;156;;;;;;;;
VI;6;4426;DECIS;3;;;;;;;;
VI;6;4461;IMIDAN WDG;27;;;;;;;;
VI;6;4579;DISERBONE E54;96;;;;;;;;
VI;6;4710;ALIETTE;250,85;;;;;;;;
VI;6;4833;FANDANGO 360 SL;10;;;;;;;;
VI;6;4865;EUCRITT;10;;;;;;;;
VI;6;4896;RIGENAL P;8,6;;;;;;;;
VI;6;5152;TIOSPOR WG;120;;;;;;;;
VI;6;5228;CARAKOL;657,5;;;;;;;;
VI;6;5299;MIBIOL;400,5;;;;;;;;
VI;6;5346;OYLIR;13;;;;;;;;
VI;6;5467;METADENE;122,5;;;;;;;;
VI;6;5574;LUMAKIDIN 5G;717;;;;;;;;
VI;6;5657;BAGNANTE SCAM;24;;;;;;;;
VI;6;5755;TILT 25 EC;24;;;;;;;;
VI;6;5758;GALBEN R 4-33 BLU;72;;;;;;;;
VI;6;5796;GARLON;37;;;;;;;;
VI;6;5864;CIPOTRIL;284;;;;;;;;
VI;6;5901;TALPACID;0,72;;;;;;;;
VI;6;6162;DE-SPROUT;7280;;;;;;;;
VI;6;6298;FASTAC;1;;;;;;;;
VI;6;6321;STIMOLANTE 66F;3,74;;;;;;;;
VI;6;6322;OBSTHORMON 24A;5;;;;;;;;
VI;6;6376;ANTISCHIUMA SHAUMSTOP;31,8;;;;;;;;
VI;6;6401;MONDAK 21 S;176;;;;;;;;
VI;6;6437;ETHREL;1;;;;;;;;
VI;6;6556;K-OBIOL DP2;133;;;;;;;;
VI;6;6557;K-OBIOL EC 25;2;;;;;;;;
VI;6;6632;DIPPER;62,5;;;;;;;;
VI;6;6674;AFALON DS;102;;;;;;;;
VI;6;6719;LIOSOL BETA;21;;;;;;;;
VI;6;6751;RASEN FLORANID;15;;;;;;;;
VI;6;6766;BUTISAN S;3;;;;;;;;
VI;6;6945;TOPAS 10 EC;89,87;;;;;;;;
VI;6;6947;TOPAS COMBI;387;;;;;;;;
VI;6;6955;METACID;120;;;;;;;;
VI;6;6956;TARGA FLO;490;;;;;;;;
VI;6;6978;BETTER 400;185;;;;;;;;
VI;6;7053;PASTA CAFFARO NC;152;;;;;;;;
VI;6;7055;PASTA CAFFARO BLU;323,5;;;;;;;;
VI;6;7101;LIMAVAL;246;;;;;;;;
VI;6;7368;TURFENE L;155,4;;;;;;;;
VI;6;7369;SYLLIT FLO;35,07;;;;;;;;
VI;6;7379;VENZAR;25,8;;;;;;;;
VI;6;7401;POLTIGLIA CAFFARO 20 DF NEW;248;;;;;;;;
VI;6;7454;ORMONE AG COMPRESSE;0,2;;;;;;;;
VI;6;7483;DEVRINOL F;246;;;;;;;;
VI;6;7530;BIOLID E;93;;;;;;;;
VI;6;7534;ROYAL MH;1220;;;;;;;;
VI;6;7535;ROYAL MH 60G;10;;;;;;;;
VI;6;7541;APOLLO SC;1,5;;;;;;;;
VI;6;7550;ZETA 80;0,8;;;;;;;;
VI;6;7555;KLARTAN 20 EW;8,37;;;;;;;;
VI;6;7581;ZELIG;2;;;;;;;;
VI;6;7584;TOLUREX SC;100;;;;;;;;
VI;6;7587;IOTRIL;29;;;;;;;;
VI;6;7608;DASKOR;13;;;;;;;;
VI;6;7611;ENOVIT METIL FL;338;;;;;;;;
VI;6;7664;COMPO LUMACHICIDA;108;;;;;;;;
VI;6;7675;NURELLE 5 EC;12;;;;;;;;
VI;6;7700;MATACAR FL;4;;;;;;;;
VI;6;7732;KESHET EW;5,48;;;;;;;;
VI;6;7733;BAYTEROID EW;38,34;;;;;;;;
VI;6;7736;ZOLFO SCORREVOLE TRIVENTILATO 95% S;30;;;;;;;;
VI;6;7767;ACARISTOP 20 SC;1,96;;;;;;;;
VI;6;7845;TMTD 50 SC;37;;;;;;;;
VI;6;7876;PIRIMOR 17,5;36,4;;;;;;;;
VI;6;7889;NURELLE D;38;;;;;;;;
VI;6;7907;RAMEPLANT 50;460;;;;;;;;
VI;6;7916;POLYRAM DF;3813;;;;;;;;
VI;6;7919;TOUCHDOWN;4708,25;;;;;;;;
VI;6;7930;KERB FLO;19,5;;;;;;;;
VI;6;7957;ROVRAL PLUS;45;;;;;;;;
VI;6;7958;RONSTAR FL;121;;;;;;;;
VI;6;7961;RIZOLEX  GOLD;125;;;;;;;;
VI;6;7963;RIZOLEX 50 PB;25;;;;;;;;
VI;6;7965;TRIGARD 75 WP;0,5;;;;;;;;
VI;6;7971;STARANE 21;2;;;;;;;;
VI;6;7984;STRATOS;176;;;;;;;;
VI;6;8054;METIS ECHO;115;;;;;;;;
VI;6;8102;MERPAN 80 WDG;233;;;;;;;;
VI;6;8105;CIMORAM;10;;;;;;;;
VI;6;8111;GEOPYR;3,5;;;;;;;;
VI;6;8117;BASTA 200;940;;;;;;;;
VI;6;8130;TITUS;0,77;;;;;;;;
VI;6;8146;GALLERY;36;;;;;;;;
VI;6;8155;CATOR;180;;;;;;;;
VI;6;8156;DEVOX;6;;;;;;;;
VI;6;8184;CHALLENGE;75;;;;;;;;
VI;6;8189;FORCE;18820;;;;;;;;
VI;6;8201;GLISTER;5;;;;;;;;
VI;6;8207;LONTREL 75 G;0,7;;;;;;;;
VI;6;8225;BLUE SHIELD;460;;;;;;;;
VI;6;8259;KARATE XPRESS;1;;;;;;;;
VI;6;8351;Z.M. 75 DG;550;;;;;;;;
VI;6;8376;ARIANE II;1456;;;;;;;;
VI;6;8377;GLIFOSIM;2;;;;;;;;
VI;6;8382;ROUNDUP BIOFLOW;406,98;;;;;;;;
VI;6;8429;GLYFOS SL;5156;;;;;;;;
VI;6;8465;OLIOVIT;15;;;;;;;;
VI;6;8498;FOLICUR WG;7,5;;;;;;;;
VI;6;8499;EFESTO;56;;;;;;;;
VI;6;8525;GRASP 40;3;;;;;;;;
VI;6;8528;FEINZIN 35 DF;34,5;;;;;;;;
VI;6;8540;PAMPA/GHIBLI;229;;;;;;;;
VI;6;8542;FORUM 50 WP;110,4;;;;;;;;
VI;6;8546;DANITRON;1;;;;;;;;
VI;6;8547;LOGRAN;0,85;;;;;;;;
VI;6;8558;PIRETRO VERDE;5,4;;;;;;;;
VI;6;8565;ROUNDUP RTU;86;;;;;;;;
VI;6;8601;FOLPAN 80 WDG;288;;;;;;;;
VI;6;8646;ACTIVUS EC/PANDA;2456;;;;;;;;
VI;6;8656;GLIFENE HP;12,5;;;;;;;;
VI;6;8706;AMID THIN W;11,5;;;;;;;;
VI;6;8712;ALLEGANTE 4% AF 96;1;;;;;;;;
VI;6;8715;DIRAMID;1;;;;;;;;
VI;6;8721;NEXTER;7;;;;;;;;
VI;6;8729;FORUM R;819;;;;;;;;
VI;6;8731;ACROBAT R;900;;;;;;;;
VI;6;8735;TREBON UP;70,33;;;;;;;;
VI;6;8742;INDAR 5EW;93;;;;;;;;
VI;6;8743;GREENEX;93,6;;;;;;;;
VI;6;8795;VERTIMEC EC;40,5;;;;;;;;
VI;6;8796;SELECT;26;;;;;;;;
VI;6;8797;BINAL PRO/EMINENT COMBI;549;;;;;;;;
VI;6;8801;SCORE 25 EC;69,6;;;;;;;;
VI;6;8803;DOMARK COMBI PB;137;;;;;;;;
VI;6;8836;MIMIC;89;;;;;;;;
VI;6;8837;GERMON BEWURZELUNGSPUDER PER TALEE ERBACEE;1,67;;;;;;;;
VI;6;8838;GERMON BEWURZELUNGSPUDER PER TALEE LEGNOSE;2,1;;;;;;;;
VI;6;8841;CYREN 7,5 G;716;;;;;;;;
VI;6;8843;NISSHIN;30;;;;;;;;
VI;6;8859;MASTIFF;6334;;;;;;;;
VI;6;8875;CIMOX 25 WP;40;;;;;;;;
VI;6;8886;SAFARI;24,96;;;;;;;;
VI;6;8934;SCALA;810;;;;;;;;
VI;6;8937;MASAI 20 WP;1;;;;;;;;
VI;6;8945;ENOVIT METIL DF;27;;;;;;;;
VI;6;8984;GLIPHOGAN TOP MK;1603;;;;;;;;
VI;6;8987;CONFIDOR 200 SL;266,68;;;;;;;;
VI;6;9005;AGIL;1779;;;;;;;;
VI;6;9010;RAMEZIN COMBI WG;295;;;;;;;;
VI;6;9011;KLARO;2;;;;;;;;
VI;6;9012;CUPROCAFFARO MICRO;1156;;;;;;;;
VI;6;9036;ACTIVUS;1,6;;;;;;;;
VI;6;9038;OPINION;4,05;;;;;;;;
VI;6;9131;PYRINEX ME;1687;;;;;;;;
VI;6;9148;SYLLIT 355 SC;24;;;;;;;;
VI;6;9153;CYREN 44 EC;606;;;;;;;;
VI;6;9210;QUADRIS;8;;;;;;;;
VI;6;9267;ROYALTAC N;4840;;;;;;;;
VI;6;9280;TOPAS 200 EW;10;;;;;;;;
VI;6;9306;PROPLANT;5,25;;;;;;;;
VI;6;9311;CUPROSSIL IDRO 25 WP;430;;;;;;;;
VI;6;9318;FANDANGO 360;20;;;;;;;;
VI;6;9322;GOLTIX STAR;6;;;;;;;;
VI;6;9330;GLIFO 41;1;;;;;;;;
VI;6;9335;SILGLIF MK;45;;;;;;;;
VI;6;9339;BETANAL EXPERT;75;;;;;;;;
VI;6;9364;RAPIDO;288;;;;;;;;
VI;6;9374;MATCH TOP;10;;;;;;;;
VI;6;9400;GLIFOGAN PRONTO;38;;;;;;;;
VI;6;9422;EVADE;1061,05;;;;;;;;
VI;6;9443;ENDOGERME;21,6;;;;;;;;
VI;6;9449;EMERALD COMBI;93;;;;;;;;
VI;6;9463;KLARO KIT;428,5;;;;;;;;
VI;6;9478;PIRET;0,15;;;;;;;;
VI;6;9509;PROMALIN NT;0,5;;;;;;;;
VI;6;9550;PROFILE;12;;;;;;;;
VI;6;9578;SWITCH;362,64;;;;;;;;
VI;6;9612;OSSICLOR 30;2336;;;;;;;;
VI;6;9631;METRIN EC;155;;;;;;;;
VI;6;9634;CARNIVAL;117;;;;;;;;
VI;6;9636;OSSIRAM COMBI WP;12,6;;;;;;;;
VI;6;9668;RUFAST E-FLO;37,7;;;;;;;;
VI;6;9675;PANTOX 360;49,75;;;;;;;;
VI;6;9689;AURIGA;22;;;;;;;;
VI;6;9693;SPORTAK 45 EW;13;;;;;;;;
VI;6;9694;SIMITAR 5 EW;60;;;;;;;;
VI;6;9705;PREVITER;22,7;;;;;;;;
VI;6;9713;HORIZON;255;;;;;;;;
VI;6;9723;DE-SPROUT N;1310;;;;;;;;
VI;6;9724;TIOWETTING DF;6896;;;;;;;;
VI;6;9726;GLIFOSAN;25,25;;;;;;;;
VI;6;9747;FURY;68,95;;;;;;;;
VI;6;9757;SPYRALE;76;;;;;;;;
VI;6;9758;COPRANTOL WG;515;;;;;;;;
VI;6;9767;NUFOS 7,5 G;10;;;;;;;;
VI;6;9787;MICROBAGNABILE WG;1399;;;;;;;;
VI;6;9790;CONTATTO 320;51;;;;;;;;
VI;6;9794;PLANET C;100;;;;;;;;
VI;6;9800;MAVRIK 20 EW;43,81;;;;;;;;
VI;6;9802;COPRANTOL HI BIO;33;;;;;;;;
VI;6;9832;TREK P;525;;;;;;;;
VI;6;9843;BASAGRAN SG;474;;;;;;;;
VI;6;9867;4 STAGIONI;74,5;;;;;;;;
VI;6;9900;FLAVOS;72;;;;;;;;
VI;6;9938;MASTER;2,7;;;;;;;;
VI;6;9940;ZELIG GR;2396;;;;;;;;
VI;6;9941;BUMPER P;306,2;;;;;;;;
VI;6;9954;JOKER;882;;;;;;;;
VI;6;9963;METIDANE 22;78;;;;;;;;
VI;6;9970;HUNTER;9,75;;;;;;;;
VI;6;9989;SVELLER;15;;;;;;;;
VI;6;9994;ARIUS SYSTEM;707;;;;;;;;
VI;6;9995;ARIUS;162,25;;;;;;;;
VI;6;10029;KING;19,24;;;;;;;;
VI;6;10048;KUMULUS TECNO;125;;;;;;;;
VI;6;10049;DURSBAN 75 WG;293;;;;;;;;
VI;6;10057;ARPEL WDG;43;;;;;;;;
VI;6;10063;TOPIK 80 EC;0,75;;;;;;;;
VI;6;10105;RIDOMIL GOLD SL;13,75;;;;;;;;
VI;6;10116;VAPOR GARD;140;;;;;;;;
VI;6;10117;STRATOS ULTRA;130;;;;;;;;
VI;6;10118;AMISTAR;44;;;;;;;;
VI;6;10119;EQUATION PRO;1,2;;;;;;;;
VI;6;10127;DECIS JET;134,91;;;;;;;;
VI;6;10161;ORTIVA;53,33;;;;;;;;
VI;6;10184;TIMBREL EV;2,8;;;;;;;;
VI;6;10185;ZERGAN EV;177,75;;;;;;;;
VI;6;10187;NAUTILE DG;201;;;;;;;;
VI;6;10209;GLYFOS ULTRA;30;;;;;;;;
VI;6;10224;EMME-H;870;;;;;;;;
VI;6;10230;LUMAPLUS;89;;;;;;;;
VI;6;10233;BORDOSEP;17;;;;;;;;
VI;6;10263;DRIVER;3,4;;;;;;;;
VI;6;10272;CEREXIL M DG;1266;;;;;;;;
VI;6;10285;TOMAHAWK;7;;;;;;;;
VI;6;10296;IPERION;416;;;;;;;;
VI;6;10297;SINIS 35 WG;229,5;;;;;;;;
VI;6;10305;OIKOS;10;;;;;;;;
VI;6;10306;MISTRAL;325;;;;;;;;
VI;6;10329;FORUM MZ WG;784;;;;;;;;
VI;6;10350;BLAST SG;69;;;;;;;;
VI;6;10357;RIGRON SG;132;;;;;;;;
VI;6;10372;RASIKAL QUICK;159;;;;;;;;
VI;6;10373;CONTEST;13;;;;;;;;
VI;6;10396;LIZOCIN;1;;;;;;;;
VI;6;10404;CLINIC 360 SL;1751;;;;;;;;
VI;6;10415;ARIC 480 LS;1;;;;;;;;
VI;6;10423;LUMACHICIDA VEBI;995,25;;;;;;;;
VI;6;10424;VEBIGLYF;3,75;;;;;;;;
VI;6;10425;SCUDEX;36;;;;;;;;
VI;6;10426;PROTIL EC;22;;;;;;;;
VI;6;10447;NOVEL DUO;217;;;;;;;;
VI;6;10456;KLARO ULTRA;1230,5;;;;;;;;
VI;6;10461;DICOTURF;20,25;;;;;;;;
VI;6;10465;ROUNDUP MAX;170;;;;;;;;
VI;6;10471;OLOVER;10;;;;;;;;
VI;6;10478;ASPID;20;;;;;;;;
VI;6;10494;PREMIUM TOP;1296,15;;;;;;;;
VI;6;10504;KELLY WG;145;;;;;;;;
VI;6;10532;TELDOR;6;;;;;;;;
VI;6;10540;TERIAL 75 WG/ALISE' 75 WG;1;;;;;;;;
VI;6;10560;PIRETRO NATURA;8;;;;;;;;
VI;6;10565;DICOTIL EXTRA;143;;;;;;;;
VI;6;10568;ZOOMER;1240;;;;;;;;
VI;6;10573;KOCIDE 2000;90;;;;;;;;
VI;6;10579;CARSON COP;12;;;;;;;;
VI;6;10584;SHAMAL MK PLUS;2888,2;;;;;;;;
VI;6;10585;SULCOTREK;727;;;;;;;;
VI;6;10587;FOLPAN SC;10;;;;;;;;
VI;6;10604;EMERALD 40 EW/DOMARK 40 EW;22;;;;;;;;
VI;6;10609;MESOZIN 35 WG;4;;;;;;;;
VI;6;10632;COBRE NORDOX SUPER 75 WG;124;;;;;;;;
VI;6;10638;MANCOZEB MANICA 75 WG;49;;;;;;;;
VI;6;10671;COPERNICO;2943;;;;;;;;
VI;6;10690;FUNGIBEN COMBI;229;;;;;;;;
VI;6;10701;CUMETA FLOW;90;;;;;;;;
VI;6;10715;SILGLIF NF;1825;;;;;;;;
VI;6;10734;DUAL GOLD;917;;;;;;;;
VI;6;10735;PRIMAGRAM GOLD;2698;;;;;;;;
VI;6;10752;STEWARD;41,25;;;;;;;;
VI;6;10753;FOLICUR SE;152,8;;;;;;;;
VI;6;10758;BEETUP-TRIO;133;;;;;;;;
VI;6;10771;MOST MICRO;1579,8;;;;;;;;
VI;6;10784;FENICRIT;1,2;;;;;;;;
VI;6;10805;LUMACHICIDA METAFLOR;20;;;;;;;;
VI;6;10892;OSSICLOR 50 PB MANICA;2400;;;;;;;;
VI;6;10926;ALTOREX;21;;;;;;;;
VI;6;10927;KOHINOR PLUS;16,25;;;;;;;;
VI;6;10929;CHIKARA 25 WG;3,45;;;;;;;;
VI;6;10931;EMME-H 60 WS;64;;;;;;;;
VI;6;10936;NAAK 480;19;;;;;;;;
VI;6;10938;MANCOSIM 75 DF;100;;;;;;;;
VI;6;10939;CP 40 AGRO;3;;;;;;;;
VI;6;10944;KARATE ZEON;39,75;;;;;;;;
VI;6;10970;NECOLIM;48;;;;;;;;
VI;6;10973;PYRINEX PRONTO;11,5;;;;;;;;
VI;6;10976;METEOR;392,24;;;;;;;;
VI;6;10986;KASKO R;11;;;;;;;;
VI;6;10998;RASIKAL ULTRA;1;;;;;;;;
VI;6;10999;BETANAL SE;34;;;;;;;;
VI;6;11011;DASH HC;278;;;;;;;;
VI;6;11012;AURA;2;;;;;;;;
VI;6;11013;CIOPPER;22,5;;;;;;;;
VI;6;11027;MET-BLOC;24,5;;;;;;;;
VI;6;11030;PRIMO MAXX;14;;;;;;;;
VI;6;11041;FOLMAK COMBI;25;;;;;;;;
VI;6;11045;DODIPREV 35;36,75;;;;;;;;
VI;6;11047;DICOPLUS;42;;;;;;;;
VI;6;11059;BIOPOWER;653;;;;;;;;
VI;6;11076;CLINIC PRO;12;;;;;;;;
VI;6;11077;TOP-TEAM;3;;;;;;;;
VI;6;11088;BION MX;3;;;;;;;;
VI;6;11102;HELIOSOUFRE S;133;;;;;;;;
VI;6;11104;CUPROFIX 30 DISPERSS;680;;;;;;;;
VI;6;11107;ECO-TRAP;21;;;;;;;;
VI;6;11119;FLINT;32,8;;;;;;;;
VI;6;11120;ZENITH;45;;;;;;;;
VI;6;11130;DISERBOFACILE;13;;;;;;;;
VI;6;11133;SHELTER;128,5;;;;;;;;
VI;6;11157;PROPYDOR;14,8;;;;;;;;
VI;6;11173;AVAUNT EC;358;;;;;;;;
VI;6;11175;KRISTAL 32;5;;;;;;;;
VI;6;11186;CUTIS;9,4;;;;;;;;
VI;6;11190;PENCOR 10 EC;0,7;;;;;;;;
VI;6;11196;SULFAR;5;;;;;;;;
VI;6;11201;PROPYFLOR;8;;;;;;;;
VI;6;11206;CODACIDE;707,5;;;;;;;;
VI;6;11243;LEOPARD 5 EC;318;;;;;;;;
VI;6;11253;CALLISTO;585;;;;;;;;
VI;6;11257;COSTAR WG;0,75;;;;;;;;
VI;6;11301;SPHERE;11;;;;;;;;
VI;6;11303;CHAMP DP;100;;;;;;;;
VI;6;11307;AGRIRAT;68;;;;;;;;
VI;6;11313;PROXAN SL;0,5;;;;;;;;
VI;6;11341;STARANE GOLD;1115;;;;;;;;
VI;6;11345;ZOLVIS 80 WDG;287;;;;;;;;
VI;6;11353;FUSILADE MAX;100;;;;;;;;
VI;6;11359;SARCAP 800;16;;;;;;;;
VI;6;11360;GRIP 25;0,72;;;;;;;;
VI;6;11382;GARDENE PLUS;971,5;;;;;;;;
VI;6;11390;VITENE TRIPLO BLU;13;;;;;;;;
VI;6;11393;BEETLE;20,4;;;;;;;;
VI;6;11396;WIRK;6;;;;;;;;
VI;6;11403;MELODY COMPACT;298;;;;;;;;
VI;6;11416;OVIPRON TOP;55;;;;;;;;
VI;6;11418;ROUNDUP 450 PLUS;123;;;;;;;;
VI;6;11437;MELODY TRIO WG;218;;;;;;;;
VI;6;11449;GARDOPRIM GOLD;1395;;;;;;;;
VI;6;11479;BRANCHER DIRADO;17;;;;;;;;
VI;6;11483;COSAVET DF;6;;;;;;;;
VI;6;11497;CRITTOVIT WG;500;;;;;;;;
VI;6;11501;VITE FOL;9;;;;;;;;
VI;6;11505;READY GERMIPLUS;1232;;;;;;;;
VI;6;11523;SEPRADINA SC;3,25;;;;;;;;
VI;6;11525;FUNGIDINA;99,9;;;;;;;;
VI;6;11526;SULTAN;204;;;;;;;;
VI;6;11527;PYRINEX QUICK;757,84;;;;;;;;
VI;6;11534;BIOTIOL;4;;;;;;;;
VI;6;11560;REGALIS;3;;;;;;;;
VI;6;11561;NEEMAZAL T/S;73,92;;;;;;;;
VI;6;11569;CUPROXAT S.D.I.;301;;;;;;;;
VI;6;11586;TOP-AGAN;65;;;;;;;;
VI;6;11587;CAMBEL S;443;;;;;;;;
VI;6;11596;CALYPSO;14,5;;;;;;;;
VI;6;11611;VYDATE 10L;240;;;;;;;;
VI;6;11614;ACTARA 25 WG;116,15;;;;;;;;
VI;6;11619;TIOFLOR WDG;161;;;;;;;;
VI;6;11626;PITSTOP;1;;;;;;;;
VI;6;11637;CUPROFIX C DISPERSS;40;;;;;;;;
VI;6;11638;FLUORATE;9,2;;;;;;;;
VI;6;11649;COMMAND 36 CS;435,5;;;;;;;;
VI;6;11653;FOLIO GOLD 537,5 SC;397;;;;;;;;
VI;6;11659;HERBITOTAL S;5,75;;;;;;;;
VI;6;11660;SHOGUN;390;;;;;;;;
VI;6;11668;PLENUM 50 WG;12,2;;;;;;;;
VI;6;11678;ACTELLIC 2P NEWPHARM;7;;;;;;;;
VI;6;11687;ACTELLIC 5 NEWPHARM;550;;;;;;;;
VI;6;11690;GOAL 480 SC;1309,5;;;;;;;;
VI;6;11693;LASER;30,1;;;;;;;;
VI;6;11696;ARID;4;;;;;;;;
VI;6;11698;MINUET;50,29;;;;;;;;
VI;6;11700;BOTANIGARD 22 WP;0,31;;;;;;;;
VI;6;11704;OLIO OGNISTAGIONE;100,5;;;;;;;;
VI;6;11710;GARDIUS;10,5;;;;;;;;
VI;6;11711;DUKE IDROSSIDO;400;;;;;;;;
VI;6;11722;GEONEX;24;;;;;;;;
VI;6;11723;MAVRIK PRONTO USO;21,75;;;;;;;;
VI;6;11730;COSMOTRIN;0,55;;;;;;;;
VI;6;11735;DELICIA CONTRA-LUMACHE;40,8;;;;;;;;
VI;6;11752;ENVIDOR 240 SC;6;;;;;;;;
VI;6;11760;POLITHIOL;480;;;;;;;;
VI;6;11762;FORUM STAR;40;;;;;;;;
VI;6;11786;AQ 10 WG;0,69;;;;;;;;
VI;6;11788;NEMACUR 240 CS;85;;;;;;;;
VI;6;11794;STOPPER;6,25;;;;;;;;
VI;6;11796;GLIFAST;4,5;;;;;;;;
VI;6;11814;SPADA 200 EC;132,9;;;;;;;;
VI;6;11815;SHARK;60;;;;;;;;
VI;6;11821;WEEDAZOL TL;35;;;;;;;;
VI;6;11849;SKORPIO EC;10;;;;;;;;
VI;6;11870;CUPRITAL S.D.I.;7,25;;;;;;;;
VI;6;11885;ELICIO;63;;;;;;;;
VI;6;11894;GRANEX;3,6;;;;;;;;
VI;6;11908;VENTUREX 35 L;32,87;;;;;;;;
VI;6;11921;RISCIO' 50 WP/RISCIO';352;;;;;;;;
VI;6;11931;MANZEB 75 WG;622;;;;;;;;
VI;6;11954;TERMINAL DUO;476;;;;;;;;
VI;6;11964;POLTIGLIA CAFFARO 20 GD;2424;;;;;;;;
VI;6;11977;SULFUR 80 WG;183,25;;;;;;;;
VI;6;11979;BORDO 20 MICRO;189,6;;;;;;;;
VI;6;12010;TUAREG;1575;;;;;;;;
VI;6;12017;COSMOS;9;;;;;;;;
VI;6;12020;SUCCESS;22,83;;;;;;;;
VI;6;12023;MEGIC;32,75;;;;;;;;
VI;6;12030;SNOW;43;;;;;;;;
VI;6;12037;CAMIX;340;;;;;;;;
VI;6;12040;BORDOFLOW;13;;;;;;;;
VI;6;12041;MARTOS;1;;;;;;;;
VI;6;12043;PREVICUR ENERGY;1802,55;;;;;;;;
VI;6;12044;CURZATE SYSTEM;5;;;;;;;;
VI;6;12048;TIOSOL 80 WG;852,5;;;;;;;;
VI;6;12067;CIPER;44;;;;;;;;
VI;6;12068;TEFLUSTAR;578,8;;;;;;;;
VI;6;12069;EPIK;137,11;;;;;;;;
VI;6;12083;DANADIM PROGRESS;49,75;;;;;;;;
VI;6;12096;POLTIGLIA DISPERSS;13367;;;;;;;;
VI;6;12100;ASSET;63;;;;;;;;
VI;6;12133;JUVINAL 10 EC;25;;;;;;;;
VI;6;12136;VERITAS;61;;;;;;;;
VI;6;12138;R6 ERRESEI TREVI;214;;;;;;;;
VI;6;12172;FERRAMOL;495;;;;;;;;
VI;6;12174;V.I.P. FLOW;6,7;;;;;;;;
VI;6;12192;GRANSTAR 50 SX;0,2;;;;;;;;
VI;6;12200;SILBOT R/DYMO R;64;;;;;;;;
VI;6;12202;ZEMIX R;240;;;;;;;;
VI;6;12206;GLUTEX CU 90;6;;;;;;;;
VI;6;12207;ROUNDUP K QUATTROCENTO 50;2;;;;;;;;
VI;6;12211;MEDOR;76,5;;;;;;;;
VI;6;12212;PENTHIUM EC;0,9;;;;;;;;
VI;6;12215;VEBIPHOS 7,5;25,75;;;;;;;;
VI;6;12225;TEPPEKI;68,42;;;;;;;;
VI;6;12243;MANTIR DG;125;;;;;;;;
VI;6;12245;ROUNDUP 360 POWER;3146;;;;;;;;
VI;6;12260;TECNOCONTROL EXTRA;8;;;;;;;;
VI;6;12263;VONDOZEB DG;150;;;;;;;;
VI;6;12270;UNICORN DF;73;;;;;;;;
VI;6;12296;GAIO SX;4,74;;;;;;;;
VI;6;12313;TOPAS HOBBY;2,6;;;;;;;;
VI;6;12314;SCORE HOBBY;5,46;;;;;;;;
VI;6;12315;ORTIVA HOBBY;0,42;;;;;;;;
VI;6;12317;DACOL L 20;55;;;;;;;;
VI;6;12318;VIVER;240;;;;;;;;
VI;6;12320;PERSHING;30;;;;;;;;
VI;6;12322;SWITCH HOBBY/COMPO MUFFA STOP;2;;;;;;;;
VI;6;12323;VEBIZOLFO WG;9;;;;;;;;
VI;6;12325;MESUROL M PLUS;372,5;;;;;;;;
VI;6;12330;DEDALUS SE;2211,3;;;;;;;;
VI;6;12344;VEBITHRIN 5 EC;5,1;;;;;;;;
VI;6;12375;SUGAR 500 SC;40;;;;;;;;
VI;6;12381;NU-FILM P;12;;;;;;;;
VI;6;12383;RIDOMIL GOLD MZ PEPITE;28;;;;;;;;
VI;6;12393;COPPERCIM WG;12,5;;;;;;;;
VI;6;12399;GANZO;1;;;;;;;;
VI;6;12437;DELAN 70 WG;243;;;;;;;;
VI;6;12452;EQUIP;2010;;;;;;;;
VI;6;12453;MILDICUT;455;;;;;;;;
VI;6;12482;LUMAX;9720;;;;;;;;
VI;6;12491;CIPERTHRIN PLUS;227,25;;;;;;;;
VI;6;12498;TRAXOS;4;;;;;;;;
VI;6;12504;FLOWBRIX;929;;;;;;;;
VI;6;12505;FLOWBRIX BLU;654;;;;;;;;
VI;6;12514;VIPER;145;;;;;;;;
VI;6;12522;METRO;4;;;;;;;;
VI;6;12526;SWAN;1;;;;;;;;
VI;6;12528;CABRIO TOP;2;;;;;;;;
VI;6;12534;FOXTAIL;516,8;;;;;;;;
VI;6;12540;REGRAN SL;14;;;;;;;;
VI;6;12553;VEBIPYR;3,5;;;;;;;;
VI;6;12554;TERMINAL;2;;;;;;;;
VI;6;12566;PYGANIC 1.4;53,55;;;;;;;;
VI;6;12573;EKO OIL SPRAY;1817,5;;;;;;;;
VI;6;12582;LINFA PIRETRO NATURALE;28,9;;;;;;;;
VI;6;12584;AVIATOR;3;;;;;;;;
VI;6;12590;DIASTAR MAXI;1170;;;;;;;;
VI;6;12598;GRANSTAR POWER SX;10,9;;;;;;;;
VI;6;12619;BAGNANTE L;40;;;;;;;;
VI;6;12622;QUANTUM;257,5;;;;;;;;
VI;6;12625;EFUZIN 355 SC/FULLDINA 35 FL;66;;;;;;;;
VI;6;12627;DANADIM 400;18;;;;;;;;
VI;6;12628;SERENADE MAX;2;;;;;;;;
VI;6;12629;BUGGY 360 SG N.E.T.;15,1;;;;;;;;
VI;6;12636;QUASAR 6/24 R;2;;;;;;;;
VI;6;12647;GLITTER;346;;;;;;;;
VI;6;12650;NUPRID 200 SL;0,86;;;;;;;;
VI;6;12654;SPINTOR;5;;;;;;;;
VI;6;12659;IMIDAN EC;51;;;;;;;;
VI;6;12671;HARMONY 50 SX;469,95;;;;;;;;
VI;6;12686;CHAMAN;302;;;;;;;;
VI;6;12706;PERMIT;3,6;;;;;;;;
VI;6;12734;JUPITER R DF;344,32;;;;;;;;
VI;6;12737;AIRONE PIU';286;;;;;;;;
VI;6;12747;CUPRAVIT BLU WG;257,6;;;;;;;;
VI;6;12754;KUPRUM TOP 30 WG;24;;;;;;;;
VI;6;12756;DICOTEX;83,4;;;;;;;;
VI;6;12759;OSSICLOR 35 WG;485;;;;;;;;
VI;6;12768;SPINTOR FLY;175;;;;;;;;
VI;6;12770;ALAR 85 GOLD;93;;;;;;;;
VI;6;12779;RAMEDIT COMBI WG;314;;;;;;;;
VI;6;12808;GLOBAL SC;0,49;;;;;;;;
VI;6;12813;AMISTAR XTRA;78;;;;;;;;
VI;6;12824;MERLIN EXPERT;36;;;;;;;;
VI;6;12828;SITOFEX;4;;;;;;;;
VI;6;12831;INSIGNIA;36;;;;;;;;
VI;6;12832;OPERA;144;;;;;;;;
VI;6;12837;ARIUS SYSTEM PLUS;155;;;;;;;;
VI;6;12839;ECODIAN STAR;11;;;;;;;;
VI;6;12847;EAGLE;3;;;;;;;;
VI;6;12849;BENPROP PRO/GEMINI;14;;;;;;;;
VI;6;12858;PRODIGY;18;;;;;;;;
VI;6;12859;BORNEO;0,59;;;;;;;;
VI;6;12862;CANTUS;48;;;;;;;;
VI;6;12863;FLORAMITE 240 SC;3;;;;;;;;
VI;6;12865;DANTOP 50 WG;0,2;;;;;;;;
VI;6;12868;BELLIS;18;;;;;;;;
VI;6;12869;SIGNUM;460;;;;;;;;
VI;6;12878;RIDOMIL GOLD COMBI PEPITE;55;;;;;;;;
VI;6;12880;ATLANTIS WG;98;;;;;;;;
VI;6;12881;HUSSAR MAXX;12,6;;;;;;;;
VI;6;12883;PROSPER 300 CS;1679;;;;;;;;
VI;6;12884;BATAM;169;;;;;;;;
VI;6;12886;KARATHANE STAR;267;;;;;;;;
VI;6;12888;LEPINOX PLUS;31;;;;;;;;
VI;6;12903;DOLESE WG;20;;;;;;;;
VI;6;12918;CALYPSO GARDEN PROTECTOR PPO;31,7;;;;;;;;
VI;6;12920;AGORA;8;;;;;;;;
VI;6;12924;JUPITER WG;233;;;;;;;;
VI;6;12933;MOXYL 20 WP;38;;;;;;;;
VI;6;12940;KARATE ZEON 1.5;485;;;;;;;;
VI;6;12973;GLYFOS RAPID;393;;;;;;;;
VI;6;13005;PROMAG;0,5;;;;;;;;
VI;6;13012;FOLVIT 80 WDG;810;;;;;;;;
VI;6;13020;MICRORAM 35 WG;13;;;;;;;;
VI;6;13025;MYSTIC 250 EW;14;;;;;;;;
VI;6;13026;SUSCON;391,65;;;;;;;;
VI;6;13039;POTCLEAN 2G;969;;;;;;;;
VI;6;13045;CALYPSO PROTECTOR AL;675;;;;;;;;
VI;6;13049;SULCOGAN;152;;;;;;;;
VI;6;13055;MACHO;8;;;;;;;;
VI;6;13058;OSSIRAM 20 FLOW;1,5;;;;;;;;
VI;6;13061;BIOBIT DF;21;;;;;;;;
VI;6;13062;DIPEL DF;1;;;;;;;;
VI;6;13063;REGULEX 10 SG;4;;;;;;;;
VI;6;13064;VITENE ULTRA SC;19;;;;;;;;
VI;6;13065;DOMARK 125;46;;;;;;;;
VI;6;13084;TELDOR PLUS;297,3;;;;;;;;
VI;6;13093;STOMP AQUA;1002,5;;;;;;;;
VI;6;13095;DIRA-MAX LG;1;;;;;;;;
VI;6;13098;ROUNDUP POWER 2.0;1679;;;;;;;;
VI;6;13104;ALGOR PLATIN;40;;;;;;;;
VI;6;13111;THIOCUR FORTE;17,37;;;;;;;;
VI;6;13120;MYSTIC 430 SC;12;;;;;;;;
VI;6;13126;CABRIO DUO;2125;;;;;;;;
VI;6;13128;GOLTIX 50 WG;273;;;;;;;;
VI;6;13129;BREAK-THRU S240;22;;;;;;;;
VI;6;13131;PROPY PRONTO;0,5;;;;;;;;
VI;6;13143;MEZENE WG;313;;;;;;;;
VI;6;13149;POLTIGLIA MANICA 20 WG;324;;;;;;;;
VI;6;13152;OPTIX R DISPERSS;523;;;;;;;;
VI;6;13153;BANVEL S;257;;;;;;;;
VI;6;13155;PRIMEXTRA GOLD;10;;;;;;;;
VI;6;13158;REMEDIER;68;;;;;;;;
VI;6;13167;POMARSOL 80 WG;55;;;;;;;;
VI;6;13168;LAUDIS;990;;;;;;;;
VI;6;13172;CREW 40 OD;189;;;;;;;;
VI;6;13182;RAMSOL-F2;2;;;;;;;;
VI;6;13185;SIATTOL;7;;;;;;;;
VI;6;13186;TITUS MAIS EXTRA;15,3;;;;;;;;
VI;6;13190;FUNGISOL 80 WDG;25;;;;;;;;
VI;6;13205;ZOLFO MANICA SCORREVOLE DOPPIO RAFFINATO;125;;;;;;;;
VI;6;13212;CONFIDOR 200 O-TEQ;17;;;;;;;;
VI;6;13213;R6 ERRESEI ALBIS;2262;;;;;;;;
VI;6;13236;BULLET;825;;;;;;;;
VI;6;13242;NICOGAN V.O.;246;;;;;;;;
VI;6;13244;ZOLFO VENTILATO STELLA;370;;;;;;;;
VI;6;13249;ZOLFO VENTILATO STELLA RAMATO S;350;;;;;;;;
VI;6;13250;ZOLFO VENTILATO STELLA RAMATO B;1130;;;;;;;;
VI;6;13252;PLAYER 250 SC;8;;;;;;;;
VI;6;13255;PLAYER GR;595;;;;;;;;
VI;6;13263;BORDORAM 20 WG;82,5;;;;;;;;
VI;6;13285;SEVERAL;0,08;;;;;;;;
VI;6;13290;ZOLFO MANICA DOPPIO RAFFINATO VENTILATO RAMATO 3% NEW;15;;;;;;;;
VI;6;13292;ZOLFO A.&A. F.LLI ZANUCCOLI TRIVENTILATO 93% S;2675;;;;;;;;
VI;6;13296;POKER 7,5;100;;;;;;;;
VI;6;13299;MAGIO';993;;;;;;;;
VI;6;13308;DICARZOL 10 SP;5;;;;;;;;
VI;6;13313;CASPER;39;;;;;;;;
VI;6;13323;SULFY 80 WDG;27,2;;;;;;;;
VI;6;13324;CUPRIZOL S;21,75;;;;;;;;
VI;6;13327;GRANSTAR ULTRA SX;50,85;;;;;;;;
VI;6;13350;TAU AL;93,5;;;;;;;;
VI;6;13352;DIREX 7,5 GR;374;;;;;;;;
VI;6;13355;TRONE;58;;;;;;;;
VI;6;13361;DECIS ENERGY O-TEQ;57,59;;;;;;;;
VI;6;13370;WARRANT 200 SL;128,75;;;;;;;;
VI;6;13375;NUPRID 200 SC;28,75;;;;;;;;
VI;6;13378;ORTIVA TOP;1;;;;;;;;
VI;6;13382;PERGADO SC;200;;;;;;;;
VI;6;13386;PROSARO;71;;;;;;;;
VI;6;13387;FLORAMIX;7,95;;;;;;;;
VI;6;13389;AFFIRM;459;;;;;;;;
VI;6;13390;TEBUSIP 46;230;;;;;;;;
VI;6;13402;LUMA-KL;57,5;;;;;;;;
VI;6;13403;GLOXY;215;;;;;;;;
VI;6;13407;CIFOTRIN 18;0,5;;;;;;;;
VI;6;13409;SILFUR WG;716;;;;;;;;
VI;6;13410;FRUTTENE 76 WG;2;;;;;;;;
VI;6;13440;SATEL;9,38;;;;;;;;
VI;6;13443;FUNGIBEN;38;;;;;;;;
VI;6;13455;ANTIGRAM GOLD;2034;;;;;;;;
VI;6;13466;SPOTLIGHT PLUS;135;;;;;;;;
VI;6;13468;CLINER;35,5;;;;;;;;
VI;6;13485;FOLPEC 80 WG ADVANCE;70;;;;;;;;
VI;6;13486;JUDO;16;;;;;;;;
VI;6;13489;CYMBAL;69,5;;;;;;;;
VI;6;13493;COBOX 35 WP/OSSICLOR 35 PB;27;;;;;;;;
VI;6;13505;CLICK DUO;518;;;;;;;;
VI;6;13521;HELIOCUIVRE S;99;;;;;;;;
VI;6;13555;SHUT TWIN;195;;;;;;;;
VI;6;13560;FORZA;34;;;;;;;;
VI;6;13565;PASTA ISAGRO BLU;124;;;;;;;;
VI;6;13576;RAMEPLANT WG;304,2;;;;;;;;
VI;6;13578;RAME CAFFARO BLU WG NEW;821;;;;;;;;
VI;6;13581;TIOGEL 80 WDG;1,4;;;;;;;;
VI;6;13585;SOLOFOL;70;;;;;;;;
VI;6;13586;VERDERAME 20 WG;18,4;;;;;;;;
VI;6;13590;NINJA;17;;;;;;;;
VI;6;13592;VOLARE;1764;;;;;;;;
VI;6;13607;NOBIL;1;;;;;;;;
VI;6;13610;CLINIC SPECTRUM;4,4;;;;;;;;
VI;6;13635;POLTIGLIA 20 PB MANICA;3106;;;;;;;;
VI;6;13636;IT 200;0,75;;;;;;;;
VI;6;13637;PERGADO F;300;;;;;;;;
VI;6;13639;ACRAMITE 480 SC;3,25;;;;;;;;
VI;6;13640;IMPRINT;7,62;;;;;;;;
VI;6;13646;SENTRY;1;;;;;;;;
VI;6;13648;SIARAM 20 WG;978;;;;;;;;
VI;6;13651;SPECTRO;43,1;;;;;;;;
VI;6;13687;BURT;18;;;;;;;;
VI;6;13691;TRIDAN COMBI T;1013;;;;;;;;
VI;6;13698;VIVANDO;29,25;;;;;;;;
VI;6;13702;GEOTOX 7,5 C;947;;;;;;;;
VI;6;13707;IMPACT SUPREME;180;;;;;;;;
VI;6;13711;QUIZA 5 EC;0,5;;;;;;;;
VI;6;13719;THIAMON 80 PLUS;495;;;;;;;;
VI;6;13720;ROTIOFEN QUICK;0,6;;;;;;;;
VI;6;13721;AFIDINA QUICK;0,9;;;;;;;;
VI;6;13722;CAL-EX 1.9 EC;26;;;;;;;;
VI;6;13736;TRACE;207,75;;;;;;;;
VI;6;13742;PERGADO MZ;10;;;;;;;;
VI;6;13743;KUKAR 22;64;;;;;;;;
VI;6;13771;NIMROD 250 EW;65;;;;;;;;
VI;6;13785;QUANTUM MZ;275;;;;;;;;
VI;6;13786;QUANTUM R;376,55;;;;;;;;
VI;6;13791;GEATER-STAR;53;;;;;;;;
VI;6;13792;STABILAN;197;;;;;;;;
VI;6;13793;RUNNER M;7;;;;;;;;
VI;6;13794;SPADA WDG;12;;;;;;;;
VI;6;13796;CELL;12;;;;;;;;
VI;6;13801;TOUCHDOWN HOBBY;1,2;;;;;;;;
VI;6;13812;NOTO 40 OD;304;;;;;;;;
VI;6;13815;TUTOR 18-15;50;;;;;;;;
VI;6;13817;ALIAL WG;186;;;;;;;;
VI;6;13818;ALIAL TRIPLE WP;22;;;;;;;;
VI;6;13820;BAYTEROID 25 EC;37;;;;;;;;
VI;6;13823;ALVERDE;36,26;;;;;;;;
VI;6;13837;SILWET L-77;25,75;;;;;;;;
VI;6;13843;ZELIG 480 EC;233;;;;;;;;
VI;6;13849;WARRANT 5 GR;80;;;;;;;;
VI;6;13857;CRODIX GEO/MINUET GEO;931,5;;;;;;;;
VI;6;13858;MEDIATOR EXTRA SL;2,1;;;;;;;;
VI;6;13859;MADEX 100;2;;;;;;;;
VI;6;13872;NANDO 500 SC;1;;;;;;;;
VI;6;13877;KITT PRONTO;49,5;;;;;;;;
VI;6;13892;RAMEZIN COMBI WG NC;70;;;;;;;;
VI;6;13905;BANJO;72;;;;;;;;
VI;6;13908;BORDO ISAGRO WG;12;;;;;;;;
VI;6;13925;BOGARD;4,5;;;;;;;;
VI;6;13926;SPONSOR;17,5;;;;;;;;
VI;6;13927;ZAMIR 18;14,5;;;;;;;;
VI;6;13929;RAIDER HI TECH;30;;;;;;;;
VI;6;13955;MITIGREEN;373;;;;;;;;
VI;6;13981;CORAGEN;188,5;;;;;;;;
VI;6;13998;PYRUS 400 SC;0,02;;;;;;;;
VI;6;14005;CLORTOSIP 500 SC;387;;;;;;;;
VI;6;14018;BASIC;29,75;;;;;;;;
VI;6;14020;LIDAL;108;;;;;;;;
VI;6;14021;BREK DUO;85;;;;;;;;
VI;6;14023;SUPPORT 10EC;89;;;;;;;;
VI;6;14024;PERFIL 10 WP;2;;;;;;;;
VI;6;14034;CURENOX TOP MICRO;279;;;;;;;;
VI;6;14044;JOKER 480;131;;;;;;;;
VI;6;14052;PRODEO 80 WG;8;;;;;;;;
VI;6;14056;RODIBAIT;32,4;;;;;;;;
VI;6;14058;FEINZIN 70 DF;46;;;;;;;;
VI;6;14062;ZOXIUM 240 SC;10;;;;;;;;
VI;6;14076;CYPRUS 25 DF;2,4;;;;;;;;
VI;6;14077;CHAMP 20 DF;940;;;;;;;;
VI;6;14080;MIZAR;1;;;;;;;;
VI;6;14092;AGRORAT B;64,7;;;;;;;;
VI;6;14099;ASPOR WDG;2490;;;;;;;;
VI;6;14100;KANEMITE;10;;;;;;;;
VI;6;14102;BORDOFLOW NEW;57;;;;;;;;
VI;6;14123;ZETARAM NEW TECH;41;;;;;;;;
VI;6;14127;MEVAXIL COBRE;4;;;;;;;;
VI;6;14128;ZIGNAL;27;;;;;;;;
VI;6;14135;GRENADIER 75 DF;1,84;;;;;;;;
VI;6;14136;OBERON;33;;;;;;;;
VI;6;14137;ALTACOR;31,2;;;;;;;;
VI;6;14154;PIRETRO ACTIGREEN;8,74;;;;;;;;
VI;6;14156;CURZATE R WG;1030;;;;;;;;
VI;6;14163;SARMOX 440 WG;120;;;;;;;;
VI;6;14164;TRIKA ZETA;504;;;;;;;;
VI;6;14165;NANDO MAXI;12;;;;;;;;
VI;6;14166;ZETOR;1;;;;;;;;
VI;6;14168;SILWET VELONEX;108;;;;;;;;
VI;6;14169;PERGADO R;311;;;;;;;;
VI;6;14178;TRI-BASE;1447,4;;;;;;;;
VI;6;14182;ARES 25 WG;103;;;;;;;;
VI;6;14184;GALATAS PLUS;5;;;;;;;;
VI;6;14187;SILWET FASTEX;81;;;;;;;;
VI;6;14195;KENDO WITH ZEON TECHNOLOGY;71;;;;;;;;
VI;6;14207;TEBUSHA NEW/VIVER 25 NEW;9;;;;;;;;
VI;6;14208;CLOPIR CE;6;;;;;;;;
VI;6;14240;PYR PRONTO;22,5;;;;;;;;
VI;6;14248;CLOR QUICK;8,2;;;;;;;;
VI;6;14254;BILO 7,5 C;69;;;;;;;;
VI;6;14257;UNDERLINE 0,2 G;330;;;;;;;;
VI;6;14262;GREENEX NF;2,2;;;;;;;;
VI;6;14290;KOHINOR 200 SL;279,05;;;;;;;;
VI;6;14294;EXECUTIVE;9,7;;;;;;;;
VI;6;14333;DIMILIN SC-15;42;;;;;;;;
VI;6;14348;AGRON;100;;;;;;;;
VI;6;14350;ZOLFO RAMATO 5;24;;;;;;;;
VI;6;14363;U 46 GIARDEN;13;;;;;;;;
VI;6;14368;RESOLVA 24H;12,5;;;;;;;;
VI;6;14369;RESOLVA 24H RTU;128;;;;;;;;
VI;6;14370;AMISTAR;50;;;;;;;;
VI;6;14376;MASTER QUICK;1,6;;;;;;;;
VI;6;14384;ETOPROSIP G;45;;;;;;;;
VI;6;14387;NERVURE SUPER;75;;;;;;;;
VI;6;14389;DESSICASH 200 SL;145;;;;;;;;
VI;6;14405;MERLIN FLEXX;1008;;;;;;;;
VI;6;14406;LEIMAY;1;;;;;;;;
VI;6;14407;RUNWAY;109;;;;;;;;
VI;6;14409;MOVENTO 48 SC;198;;;;;;;;
VI;6;14410;FLINT MAX AL;249,75;;;;;;;;
VI;6;14411;USTINEX AL;10;;;;;;;;
VI;6;14414;DUSTY;15;;;;;;;;
VI;6;14418;PULSAR 40 SL;2318;;;;;;;;
VI;6;14431;LENTAGRAN 45 WP;7,6;;;;;;;;
VI;6;14432;METRIC;1;;;;;;;;
VI;6;14433;QUBIC R;62;;;;;;;;
VI;6;14434;NUANCE;1,18;;;;;;;;
VI;6;14461;CURIT DUO;4;;;;;;;;
VI;6;14463;MERPAN 480 SC;40;;;;;;;;
VI;6;14474;TEBUSIP COMBI;226;;;;;;;;
VI;6;14488;ANTRACOL 70 WG;148;;;;;;;;
VI;6;14491;QUBIC MZ;306;;;;;;;;
VI;6;14510;ELECTIS TRIO;336;;;;;;;;
VI;6;14527;SUDOKU TOP;12;;;;;;;;
VI;6;14559;AGREE WG;1;;;;;;;;
VI;6;14574;MONREV;0,4;;;;;;;;
VI;6;14575;TRIMMER SX;0,42;;;;;;;;
VI;6;14577;FORUM R 3B;455;;;;;;;;
VI;6;14579;RAMIN 30 DF;5,75;;;;;;;;
VI;6;14580;ROBO' EC;0,15;;;;;;;;
VI;6;14629;GAT TESSLA 25 WG;2;;;;;;;;
VI;6;14636;BIOLID UP;87,1;;;;;;;;
VI;6;14638;NETOR;210;;;;;;;;
VI;6;14642;RIDOMIL GOLD R WG;3218;;;;;;;;
VI;6;14643;CENTIUM 36 CS;89;;;;;;;;
VI;6;14664;BERELEX 40 SG;1,09;;;;;;;;
VI;6;14686;KOCIDE OPTI;65;;;;;;;;
VI;6;14697;ENERVIN DUO;120;;;;;;;;
VI;6;14724;CIP;101,25;;;;;;;;
VI;6;14728;CELIO;9;;;;;;;;
VI;6;14735;RANMAN TOP;32,5;;;;;;;;
VI;6;14737;ROUNDUP PLATINUM;3770;;;;;;;;
VI;6;14739;DECIS PROTECT;314;;;;;;;;
VI;6;14755;CEREBAS GOLD;40;;;;;;;;
VI;6;14758;KARATE WITH ZEON TECHNOLOGY 1.5 HOBBY;46,38;;;;;;;;
VI;6;14764;SLUXX;5;;;;;;;;
VI;6;14765;ELUMIS;61;;;;;;;;
VI;6;14769;COMET 250 EC;67;;;;;;;;
VI;6;14770;MISCANTI DUO;51;;;;;;;;
VI;6;14792;MELODY TREVI;2385;;;;;;;;
VI;6;14799;AFLOR 200 SL;24,08;;;;;;;;
VI;6;14803;ELECTIS ZR;20;;;;;;;;
VI;6;14804;COPPER - DF;13,75;;;;;;;;
VI;6;14806;LUNA PRIVILEGE;37;;;;;;;;
VI;6;14807;LUZINDO;0,25;;;;;;;;
VI;6;14809;CUPRAVIT BIO EVOLUTION;883;;;;;;;;
VI;6;14812;ENERVIN TOP;6;;;;;;;;
VI;6;14815;ADENGO;19644;;;;;;;;
VI;6;14816;RANCONA 15 ME;40;;;;;;;;
VI;6;14818;ACANTO;84;;;;;;;;
VI;6;14826;PYREOS EXTRA SL;139;;;;;;;;
VI;6;14837;GLIFOSAR FLASH;2592;;;;;;;;
VI;6;14838;BARCLAY GALLUP BIOGRADE 360;730;;;;;;;;
VI;6;14844;CLUSTER 500;10;;;;;;;;
VI;6;14845;MYSTIC PLUS S;413;;;;;;;;
VI;6;14862;FOLMAK WDG;60;;;;;;;;
VI;6;14867;SYNERO;33;;;;;;;;
VI;6;14870;ASSORAM ELITE WG;108;;;;;;;;
VI;6;14876;GRANDSTAND;37;;;;;;;;
VI;6;14879;LONTREL 72 SG;9,45;;;;;;;;
VI;6;14884;CORUM;897;;;;;;;;
VI;6;14895;LANNATE 20 SL;90;;;;;;;;
VI;6;14897;FLUROSTAR 200;12;;;;;;;;
VI;6;14909;NURELLE 5;25;;;;;;;;
VI;6;14935;TRAXOS ONE;81;;;;;;;;
VI;6;14936;AMPLIGO;168;;;;;;;;
VI;6;14937;VOLIAM TARGO;2;;;;;;;;
VI;6;14940;TAKUMI;9;;;;;;;;
VI;6;14948;ACTARA HOBBY;0,8;;;;;;;;
VI;6;14972;DICARZOL 50 SP;38;;;;;;;;
VI;6;14974;BELEM 0.8 MG;40872;;;;;;;;
VI;6;14985;RETENGO PLUS;10;;;;;;;;
VI;6;15007;AXIAL PRONTO;127;;;;;;;;
VI;6;15013;NATRIA LUMACHICIDA;38,5;;;;;;;;
VI;6;15019;RIVIERA;17;;;;;;;;
VI;6;15023;DERREX;200;;;;;;;;
VI;6;15024;MESUROL 200 SC;58;;;;;;;;
VI;6;15030;COSSACK;70,2;;;;;;;;
VI;6;15034;DICOPHAR;30,8;;;;;;;;
VI;6;15037;BREZZA;9;;;;;;;;
VI;6;15041;OPINION ECNA;175,5;;;;;;;;
VI;6;15047;R6 ERRESEI BORDEAUX WG;2569,5;;;;;;;;
VI;6;15049;MODDUS;17;;;;;;;;
VI;6;15050;VERTIMEC PRO;13;;;;;;;;
VI;6;15052;KAIMO SORBIE;1;;;;;;;;
VI;6;15054;CONTENDER 80 WG;10;;;;;;;;
VI;6;15058;PRINCIPAL MAIS;75,72;;;;;;;;
VI;6;15059;DECIS EVO;284,5;;;;;;;;
VI;6;15064;MAESTRO WG ADVANCE;3;;;;;;;;
VI;6;15067;MIG-40 SC;287;;;;;;;;
VI;6;15079;JUVINAL ECHO;3,25;;;;;;;;
VI;6;15083;AUDACE;33;;;;;;;;
VI;6;15088;CLARIDO;20;;;;;;;;
VI;6;15093;CENTURIO;178,5;;;;;;;;
VI;6;15094;FOSBEL 80 WG;5;;;;;;;;
VI;6;15101;CIMORAM ULTRA WG;111;;;;;;;;
VI;6;15102;VITENE R WG;89;;;;;;;;
VI;6;15107;SAMSON EXTRA 6 OD;3;;;;;;;;
VI;6;15111;MIRADOR SC/PRIORI;223;;;;;;;;
VI;6;15116;ELIOS R;8;;;;;;;;
VI;6;15122;ACTELLIC 50 NEWPHARM;11;;;;;;;;
VI;6;15124;ZANTARA;108;;;;;;;;
VI;6;15125;PROLECTUS;17;;;;;;;;
VI;6;15130;INTREPID;17;;;;;;;;
VI;6;15135;OLEOSAN PLUS;20,5;;;;;;;;
VI;6;15138;BAROCCO 80 WG;1825;;;;;;;;
VI;6;15145;TEMPLIER;6,66;;;;;;;;
VI;6;15149;PRIMISOL MK;795;;;;;;;;
VI;6;15177;ROTATE PLUS DF;624;;;;;;;;
VI;6;15180;RIVET PLUS;14;;;;;;;;
VI;6;15181;CIRRUS CS;199,5;;;;;;;;
VI;6;15184;SATEL GEO;32;;;;;;;;
VI;6;15192;LIBERATE;10;;;;;;;;
VI;6;15193;CONTATTO PIU' EXTRA;11;;;;;;;;
VI;6;15201;FLOXI 355 SC;22;;;;;;;;
VI;6;15221;ZETARAM PLUS;204,5;;;;;;;;
VI;6;15222;FOLICUR COMBI WG;199;;;;;;;;
VI;6;15232;CUSTODIA;40;;;;;;;;
VI;6;15236;ZAMMO;65;;;;;;;;
VI;6;15253;FALCON MK;1471;;;;;;;;
VI;6;15274;ALIAL SYSTEM;70;;;;;;;;
VI;6;15285;PRIMMA STAR;4,62;;;;;;;;
VI;6;15286;KENDO ZEON 1.5;1;;;;;;;;
VI;6;15294;KENDO BI-ACTIVE;309;;;;;;;;
VI;6;15301;PATAGERM;6,5;;;;;;;;
VI;6;15302;AMYLO-X;80;;;;;;;;
VI;6;15303;MET52 GRANULARE;20;;;;;;;;
VI;6;15310;NISSHIN EXTRA 6 OD;3;;;;;;;;
VI;6;15318;OURAGAN;830;;;;;;;;
VI;6;15333;APPLAUD PLUS;313,36;;;;;;;;
VI;6;15334;SULFO' 80 DF;150;;;;;;;;
VI;6;15342;FEUDO MZ WDG;11;;;;;;;;
VI;6;15343;FEUDO RD WP;217;;;;;;;;
VI;6;15348;RIDOMIL GOLD R LIQUIDO;25;;;;;;;;
VI;6;15356;AVIATOR SC;248;;;;;;;;
VI;6;15361;LIETO;3,5;;;;;;;;
VI;6;15371;BELEM PROTEZIONE;4500;;;;;;;;
VI;6;15384;LUNA EXPERIENCE;22;;;;;;;;
VI;6;15388;MEXIL ORO R WG;811;;;;;;;;
VI;6;15389;FLARE GOLD R WG;1350;;;;;;;;
VI;6;15401;TAIFUN MK CL;5084;;;;;;;;
VI;6;15416;DIFO;12;;;;;;;;
VI;6;15428;WINNER OD;8;;;;;;;;
VI;6;15448;REBEL TOP;30,5;;;;;;;;
VI;6;15449;CIDELY;132;;;;;;;;
VI;6;15462;SCORE II;6;;;;;;;;
VI;6;15499;SONG 70 WDG;4,5;;;;;;;;
VI;6;15501;QUIZ;44;;;;;;;;
VI;6;15505;SILBOT 500 SC/MORFEUM 500 SC;59;;;;;;;;
VI;6;15509;MOSAIKO COMBI;120;;;;;;;;
VI;6;15514;CUPRAVIT BLU 35 WG;408,4;;;;;;;;
VI;6;15532;TOBAGO 200 SL;1;;;;;;;;
VI;6;15569;LOOP 40;160;;;;;;;;
VI;6;15573;PROMESS SL;335;;;;;;;;
VI;6;15574;KARMA 85;165;;;;;;;;
VI;6;15603;ERBIFEN K;290;;;;;;;;
VI;6;15618;FULLDINA 355 SC;60;;;;;;;;
VI;6;15621;BOTTO 50 EC;2;;;;;;;;
VI;6;15625;TERMINUS SC;30;;;;;;;;
VI;6;15630;PALMAS 45% WG;34,5;;;;;;;;
VI;6;15639;RL 400;85;;;;;;;;
VI;6;15640;PROLINE STAR;204;;;;;;;;
VI;6;15641;SIATTOL 200 SL;11,75;;;;;;;;
VI;6;15646;VIVER 250 EC;24;;;;;;;;
VI;6;15651;FLANKER;5;;;;;;;;
VI;6;15652;VAREN;16;;;;;;;;
VI;6;15661;SENEGO;1,25;;;;;;;;
VI;6;15668;GHIBLI 240 OD;191;;;;;;;;
VI;6;15680;MITRHA 40 SC;87;;;;;;;;
VI;6;15681;LUMADRY ESCA;152;;;;;;;;
VI;6;15699;EMI 48;1;;;;;;;;
VI;6;15722;ARMICARB 85;345;;;;;;;;
VI;6;15741;AVADEX FACTOR;71;;;;;;;;
VI;6;15751;VITENE TRIPLO R;552;;;;;;;;
VI;6;15830;FUNGUSCLEAR ULTRA GUN;18,6;;;;;;;;
VI;6;15834;TRACER 120;21;;;;;;;;
VI;6;15842;AFICIONADO;210;;;;;;;;
VI;6;15900;TRIKA EXPERT;590;;;;;;;;
VI;6;15901;ERCOLE;20940,75;;;;;;;;
VI;6;15914;RAME ISAGRO WG BLU;110;;;;;;;;
VI;6;15922;KLARTAN PRONTO USO;36;;;;;;;;
VI;6;15923;ERBIKUS 400 WC;44;;;;;;;;
VI;6;15924;RUSTLER;18;;;;;;;;
VI;6;15931;GLORIAL JET;9;;;;;;;;
VI;6;15940;GOLDOR ESCA;140;;;;;;;;
VI;6;15942;BEAM RICE;31;;;;;;;;
VI;6;15949;PROMEX;25;;;;;;;;
VI;6;15961;RETENGO NEW;22;;;;;;;;
VI;6;15964;ENOVIT METIL FL BETA;230;;;;;;;;
VI;6;15995;PACLOT;1;;;;;;;;
VI;6;16006;DIDICLOR 6;600;;;;;;;;
VI;6;16009;PLANTONE FORTE;6400;;;;;;;;
VI;6;16049;DELEGATE WG;2;;;;;;;;
VR;20;13;THIOPRON;11035;;;;;;;;
VR;20;17;U 46 COMBI FLUID;78;;;;;;;;
VR;20;40;ETRAVON SYNGENTA;1395;;;;;;;;
VR;20;133;U 46 D-FLUID;2;;;;;;;;
VR;20;206;ALBENE;10475;;;;;;;;
VR;20;346;BAGIR MAX;1462;;;;;;;;
VR;20;361;BAGNANTE ANTISCHIUMA S;4048;;;;;;;;
VR;20;449;MOCAP;7740;;;;;;;;
VR;20;485;KENYATOX VERDE;0,95;;;;;;;;
VR;20;599;ACUPRICO 76 WG;725;;;;;;;;
VR;20;619;VALGRAN;22;;;;;;;;
VR;20;630;REGLONE W;1936;;;;;;;;
VR;20;747;ZOLFO SPRUZZABILE;23200;;;;;;;;
VR;20;779;TRIMANOC 80 WP;3875;;;;;;;;
VR;20;844;MICROBAGNABILE 80;14;;;;;;;;
VR;20;886;SENCOR WG;42;;;;;;;;
VR;20;909;POLISOLFURO DI CALCIO POLISENIO;11450;;;;;;;;
VR;20;1058;LINURON SIPCAM FLOW;2;;;;;;;;
VR;20;1156;CHEMOL;5321;;;;;;;;
VR;20;1544;MESUROL;3;;;;;;;;
VR;20;1562;ERBITOX E 30;719;;;;;;;;
VR;20;1573;BASAMID GRANULAT;5940;;;;;;;;
VR;20;1583;MICROTHIOL DISPERSS;156943;;;;;;;;
VR;20;1600;ETRAVON;75;;;;;;;;
VR;20;1673;CLUB;1;;;;;;;;
VR;20;1714;KERB 80 EDF;514;;;;;;;;
VR;20;1765;MICRO-DROP;5;;;;;;;;
VR;20;1823;ZOLFO 80 MICRONIZZATO;3000;;;;;;;;
VR;20;1850;IDRORAME FLOW;269,25;;;;;;;;
VR;20;1903;SULFURENE;3000;;;;;;;;
VR;20;1936;LIQUIZOL M/TIOZOL MK;30905;;;;;;;;
VR;20;1979;PERFEKTHION;121;;;;;;;;
VR;20;2249;MALERBANE PRATI 400;31;;;;;;;;
VR;20;2259;PASTA LUMACHICIDA IN GRANI;411;;;;;;;;
VR;20;2260;GASTROTOX E;645;;;;;;;;
VR;20;2307;VECTOR;1998;;;;;;;;
VR;20;2340;STOMP 330-E;9;;;;;;;;
VR;20;2353;BONALAN;994;;;;;;;;
VR;20;2454;DIMILIN;8;;;;;;;;
VR;20;2603;ESCACIDE;180;;;;;;;;
VR;20;2634;BUGGY;12464;;;;;;;;
VR;20;2732;GOLTIX;31;;;;;;;;
VR;20;2896;TETROSSIL;1550;;;;;;;;
VR;20;2923;TIOVIT JET;180690;;;;;;;;
VR;20;2934;MICROSOL 90;1,5;;;;;;;;
VR;20;2950;ADESIL A;1,2;;;;;;;;
VR;20;2983;NIMROD;32,2;;;;;;;;
VR;20;2995;ESCARTOX;2316,6;;;;;;;;
VR;20;3065;OLIOCIN;27276,25;;;;;;;;
VR;20;3076;MESUROL ESCA;160;;;;;;;;
VR;20;3082;OLEOTER ESTATE;15;;;;;;;;
VR;20;3102;OLEOTER;460;;;;;;;;
VR;20;3141;CUTHIOL;2516;;;;;;;;
VR;20;3188;POLTIGLIA CAFFARO 20;20;;;;;;;;
VR;20;3219;CARAKOL AGRO;2589;;;;;;;;
VR;20;3313;ARAGOL L 40;1176;;;;;;;;
VR;20;3343;U46 M CLASS;78;;;;;;;;
VR;20;3366;ROGATOX EC;793;;;;;;;;
VR;20;3397;ROGOR;1542;;;;;;;;
VR;20;3412;SYLLIT 65;45;;;;;;;;
VR;20;3468;DACOL L 40;80;;;;;;;;
VR;20;3503;AGRUMIN;142,4;;;;;;;;
VR;20;3519;METAMBANE;2;;;;;;;;
VR;20;3553;CURZATE;46;;;;;;;;
VR;20;3555;CURZATE M;80;;;;;;;;
VR;20;3640;CUPROSTAR/AIRONE;553;;;;;;;;
VR;20;3658;SIPCAMOL E;8838,5;;;;;;;;
VR;20;3754;BAGNANTE SARIAF;1240;;;;;;;;
VR;20;3767;FENOXILENE MAX;314;;;;;;;;
VR;20;3771;ROVRAL WG;1129;;;;;;;;
VR;20;3779;VAPAM;12130;;;;;;;;
VR;20;3793;DITHANE M-45;1625;;;;;;;;
VR;20;3800;CRITTAM WG;3412;;;;;;;;
VR;20;3859;DURSBAN;438;;;;;;;;
VR;20;3861;ROTIOFEN GOLD;222;;;;;;;;
VR;20;3911;PIRETRAN;0,8;;;;;;;;
VR;20;4012;RELDAN 22;3896,25;;;;;;;;
VR;20;4157;IROL PLUS;40;;;;;;;;
VR;20;4199;PENNCOZEB DG;25634;;;;;;;;
VR;20;4228;ROGOR L 20;1288;;;;;;;;
VR;20;4275;ACUPRICO 500;424;;;;;;;;
VR;20;4283;ZOLVIS 90;20;;;;;;;;
VR;20;4292;ZOLVIS 80 MICRO;10;;;;;;;;
VR;20;4326;ROGOR L 40;256;;;;;;;;
VR;20;4426;DECIS;199;;;;;;;;
VR;20;4461;IMIDAN WDG;528;;;;;;;;
VR;20;4552;DITHANE DG NEOTEC;3430;;;;;;;;
VR;20;4710;ALIETTE;202,85;;;;;;;;
VR;20;4794;SEPRALIM;20;;;;;;;;
VR;20;4896;RIGENAL P;12,1;;;;;;;;
VR;20;4949;RIDOMIL MULTI FW;1;;;;;;;;
VR;20;5152;TIOSPOR WG;8034;;;;;;;;
VR;20;5154;ARPEL TRIPLO BLU;52;;;;;;;;
VR;20;5228;CARAKOL;374,5;;;;;;;;
VR;20;5245;ESCALIM;60;;;;;;;;
VR;20;5299;MIBIOL;18;;;;;;;;
VR;20;5333;GIBRESOL;1,25;;;;;;;;
VR;20;5343;LIMASANEX;512;;;;;;;;
VR;20;5346;OYLIR;7;;;;;;;;
VR;20;5363;BERELEX;0,88;;;;;;;;
VR;20;5509;CHIMIGOR 40;149;;;;;;;;
VR;20;5576;KOLFLOR OLIO B;24;;;;;;;;
VR;20;5581;GIBBERELLINA CIFO;3,65;;;;;;;;
VR;20;5657;BAGNANTE SCAM;3;;;;;;;;
VR;20;5708;TERRAZOLE 25% EC;24;;;;;;;;
VR;20;5755;TILT 25 EC;59,5;;;;;;;;
VR;20;5758;GALBEN R 4-33 BLU;1,8;;;;;;;;
VR;20;5796;GARLON;10;;;;;;;;
VR;20;5864;CIPOTRIL;669;;;;;;;;
VR;20;5881;PREVICUR;0,08;;;;;;;;
VR;20;5901;TALPACID;7,28;;;;;;;;
VR;20;6037;TECTO SC;28;;;;;;;;
VR;20;6162;DE-SPROUT;15000;;;;;;;;
VR;20;6277;OXAMYL DU PONT VYDATE 5G;10;;;;;;;;
VR;20;6321;STIMOLANTE 66F;67,8;;;;;;;;
VR;20;6322;OBSTHORMON 24A;19,6;;;;;;;;
VR;20;6324;MAXCEL;138;;;;;;;;
VR;20;6376;ANTISCHIUMA SHAUMSTOP;201,5;;;;;;;;
VR;20;6389;DUECI-FITO RADICANTE;8,4;;;;;;;;
VR;20;6401;MONDAK 21 S;157;;;;;;;;
VR;20;6437;ETHREL;134;;;;;;;;
VR;20;6505;NOKAD;3,75;;;;;;;;
VR;20;6556;K-OBIOL DP2;5;;;;;;;;
VR;20;6674;AFALON DS;59;;;;;;;;
VR;20;6704;TIOLENE 80 WG;8125;;;;;;;;
VR;20;6766;BUTISAN S;22;;;;;;;;
VR;20;6786;BAGNANTE AC;140;;;;;;;;
VR;20;6842;ZOLFO TRIVENTILATO SCORREVOLE 93% S;125;;;;;;;;
VR;20;6938;REGULEX;1;;;;;;;;
VR;20;6945;TOPAS 10 EC;617,89;;;;;;;;
VR;20;6947;TOPAS COMBI;1446;;;;;;;;
VR;20;6955;METACID;90,5;;;;;;;;
VR;20;6956;TARGA FLO;36;;;;;;;;
VR;20;6978;BETTER 400;190;;;;;;;;
VR;20;7020;BAGNANTE CIFO;37;;;;;;;;
VR;20;7053;PASTA CAFFARO NC;230;;;;;;;;
VR;20;7055;PASTA CAFFARO BLU;841,5;;;;;;;;
VR;20;7101;LIMAVAL;165;;;;;;;;
VR;20;7215;LINURON CHIMIBERG;2;;;;;;;;
VR;20;7368;TURFENE L;53;;;;;;;;
VR;20;7369;SYLLIT FLO;55,46;;;;;;;;
VR;20;7370;TETRASOL LIQUIDO;916;;;;;;;;
VR;20;7379;VENZAR;2,5;;;;;;;;
VR;20;7390;CHIPCO GREEN;190;;;;;;;;
VR;20;7401;POLTIGLIA CAFFARO 20 DF NEW;2230;;;;;;;;
VR;20;7411;DIRAGER;0,55;;;;;;;;
VR;20;7454;ORMONE AG COMPRESSE;8,6;;;;;;;;
VR;20;7483;DEVRINOL F;16;;;;;;;;
VR;20;7515;GERMON BEWURZELUNGSPUDER H PER TALEE LEGNOSE;0,22;;;;;;;;
VR;20;7530;BIOLID E;68;;;;;;;;
VR;20;7534;ROYAL MH;20;;;;;;;;
VR;20;7541;APOLLO SC;43,49;;;;;;;;
VR;20;7543;ERBITOX COMBI;5;;;;;;;;
VR;20;7550;ZETA 80;5;;;;;;;;
VR;20;7555;KLARTAN 20 EW;49,62;;;;;;;;
VR;20;7581;ZELIG;231;;;;;;;;
VR;20;7587;IOTRIL;3;;;;;;;;
VR;20;7608;DASKOR;713;;;;;;;;
VR;20;7611;ENOVIT METIL FL;2309;;;;;;;;
VR;20;7675;NURELLE 5 EC;7;;;;;;;;
VR;20;7700;MATACAR FL;39,2;;;;;;;;
VR;20;7733;BAYTEROID EW;75,15;;;;;;;;
VR;20;7767;ACARISTOP 20 SC;0,06;;;;;;;;
VR;20;7845;TMTD 50 SC;2186;;;;;;;;
VR;20;7876;PIRIMOR 17,5;31;;;;;;;;
VR;20;7888;CUPROXAT LIQUIDO;10;;;;;;;;
VR;20;7889;NURELLE D;58;;;;;;;;
VR;20;7907;RAMEPLANT 50;60;;;;;;;;
VR;20;7916;POLYRAM DF;48911,7;;;;;;;;
VR;20;7919;TOUCHDOWN;15849;;;;;;;;
VR;20;7922;OPALENE;2795;;;;;;;;
VR;20;7930;KERB FLO;174,5;;;;;;;;
VR;20;7957;ROVRAL PLUS;560;;;;;;;;
VR;20;7958;RONSTAR FL;213;;;;;;;;
VR;20;7961;RIZOLEX  GOLD;779;;;;;;;;
VR;20;7963;RIZOLEX 50 PB;108;;;;;;;;
VR;20;7971;STARANE 21;1;;;;;;;;
VR;20;7984;STRATOS;145;;;;;;;;
VR;20;8001;AGRO-PYR;0,24;;;;;;;;
VR;20;8054;METIS ECHO;2;;;;;;;;
VR;20;8102;MERPAN 80 WDG;6514;;;;;;;;
VR;20;8117;BASTA 200;11635;;;;;;;;
VR;20;8130;TITUS;0,22;;;;;;;;
VR;20;8146;GALLERY;112,75;;;;;;;;
VR;20;8155;CATOR;5;;;;;;;;
VR;20;8156;DEVOX;533;;;;;;;;
VR;20;8184;CHALLENGE;553;;;;;;;;
VR;20;8189;FORCE;13190;;;;;;;;
VR;20;8201;GLISTER;133;;;;;;;;
VR;20;8207;LONTREL 75 G;0,6;;;;;;;;
VR;20;8225;BLUE SHIELD;3880;;;;;;;;
VR;20;8229;RAPAX;14,65;;;;;;;;
VR;20;8259;KARATE XPRESS;2;;;;;;;;
VR;20;8320;DELFIN;97;;;;;;;;
VR;20;8376;ARIANE II;473;;;;;;;;
VR;20;8377;GLIFOSIM;0,75;;;;;;;;
VR;20;8382;ROUNDUP BIOFLOW;2885,72;;;;;;;;
VR;20;8429;GLYFOS SL;1691;;;;;;;;
VR;20;8465;OLIOVIT;12,75;;;;;;;;
VR;20;8498;FOLICUR WG;570,5;;;;;;;;
VR;20;8499;EFESTO;186;;;;;;;;
VR;20;8528;FEINZIN 35 DF;29;;;;;;;;
VR;20;8540;PAMPA/GHIBLI;271;;;;;;;;
VR;20;8542;FORUM 50 WP;2162,2;;;;;;;;
VR;20;8546;DANITRON;52;;;;;;;;
VR;20;8547;LOGRAN;6,71;;;;;;;;
VR;20;8558;PIRETRO VERDE;0,3;;;;;;;;
VR;20;8565;ROUNDUP RTU;82;;;;;;;;
VR;20;8601;FOLPAN 80 WDG;30978;;;;;;;;
VR;20;8617;BANVEL 480 S;3;;;;;;;;
VR;20;8646;ACTIVUS EC/PANDA;2343;;;;;;;;
VR;20;8656;GLIFENE HP;3157;;;;;;;;
VR;20;8706;AMID THIN W;54;;;;;;;;
VR;20;8712;ALLEGANTE 4% AF 96;44;;;;;;;;
VR;20;8715;DIRAMID;82;;;;;;;;
VR;20;8721;NEXTER;4;;;;;;;;
VR;20;8729;FORUM R;1121;;;;;;;;
VR;20;8731;ACROBAT R;2030;;;;;;;;
VR;20;8735;TREBON UP;972,72;;;;;;;;
VR;20;8737;TREBON STAR;16,5;;;;;;;;
VR;20;8742;INDAR 5EW;539;;;;;;;;
VR;20;8743;GREENEX;55,8;;;;;;;;
VR;20;8792;DOMARK 4 EC;0,5;;;;;;;;
VR;20;8795;VERTIMEC EC;683;;;;;;;;
VR;20;8796;SELECT;80;;;;;;;;
VR;20;8801;SCORE 25 EC;355,51;;;;;;;;
VR;20;8803;DOMARK COMBI PB;15;;;;;;;;
VR;20;8836;MIMIC;1331;;;;;;;;
VR;20;8837;GERMON BEWURZELUNGSPUDER PER TALEE ERBACEE;2,8;;;;;;;;
VR;20;8838;GERMON BEWURZELUNGSPUDER PER TALEE LEGNOSE;0,4;;;;;;;;
VR;20;8841;CYREN 7,5 G;365;;;;;;;;
VR;20;8859;MASTIFF;17341;;;;;;;;
VR;20;8875;CIMOX 25 WP;563;;;;;;;;
VR;20;8883;GLIFO DISERBANTE TOTALE;1,75;;;;;;;;
VR;20;8886;SAFARI;2,52;;;;;;;;
VR;20;8899;ZOLFO VENTILATO RAMATO 5%;6900;;;;;;;;
VR;20;8933;SOLEAS;153;;;;;;;;
VR;20;8934;SCALA;1270,2;;;;;;;;
VR;20;8937;MASAI 20 WP;38;;;;;;;;
VR;20;8945;ENOVIT METIL DF;830;;;;;;;;
VR;20;8984;GLIPHOGAN TOP MK;5465;;;;;;;;
VR;20;8987;CONFIDOR 200 SL;1121,74;;;;;;;;
VR;20;9005;AGIL;695;;;;;;;;
VR;20;9010;RAMEZIN COMBI WG;2065;;;;;;;;
VR;20;9012;CUPROCAFFARO MICRO;5163;;;;;;;;
VR;20;9036;ACTIVUS;0,45;;;;;;;;
VR;20;9038;OPINION;2,4;;;;;;;;
VR;20;9070;MICEXANIL BIANCO;1820;;;;;;;;
VR;20;9086;POLTIGLIA BORDOLESE SCAM D.F.;20;;;;;;;;
VR;20;9131;PYRINEX ME;3799;;;;;;;;
VR;20;9148;SYLLIT 355 SC;272;;;;;;;;
VR;20;9153;CYREN 44 EC;758;;;;;;;;
VR;20;9180;STROBY WG;13,2;;;;;;;;
VR;20;9210;QUADRIS;17;;;;;;;;
VR;20;9244;ZIRAMIT 76 WG;830;;;;;;;;
VR;20;9267;ROYALTAC N;2020;;;;;;;;
VR;20;9280;TOPAS 200 EW;138,5;;;;;;;;
VR;20;9286;OHAYO;808;;;;;;;;
VR;20;9298;METHAM NA 51;128670;;;;;;;;
VR;20;9311;CUPROSSIL IDRO 25 WP;3355;;;;;;;;
VR;20;9322;GOLTIX STAR;110;;;;;;;;
VR;20;9330;GLIFO 41;78,5;;;;;;;;
VR;20;9332;OPEN;3;;;;;;;;
VR;20;9335;SILGLIF MK;60;;;;;;;;
VR;20;9339;BETANAL EXPERT;102;;;;;;;;
VR;20;9342;DELTRIN;259;;;;;;;;
VR;20;9373;CHORUS;34;;;;;;;;
VR;20;9374;MATCH TOP;238;;;;;;;;
VR;20;9400;GLIFOGAN PRONTO;9;;;;;;;;
VR;20;9411;RADIP ORMON;1,5;;;;;;;;
VR;20;9422;EVADE;249,7;;;;;;;;
VR;20;9443;ENDOGERME;42,3;;;;;;;;
VR;20;9449;EMERALD COMBI;108;;;;;;;;
VR;20;9463;KLARO KIT;23,18;;;;;;;;
VR;20;9477;AGREE;36;;;;;;;;
VR;20;9496;GALIGAN EC;98;;;;;;;;
VR;20;9509;PROMALIN NT;17;;;;;;;;
VR;20;9518;ROSATE 36;2020;;;;;;;;
VR;20;9531;SEQURA WG;397;;;;;;;;
VR;20;9578;SWITCH;7109,3;;;;;;;;
VR;20;9612;OSSICLOR 30;21387,5;;;;;;;;
VR;20;9627;POLTIGLIA BORDOLESE DISPERSS;5760;;;;;;;;
VR;20;9634;CARNIVAL;45;;;;;;;;
VR;20;9652;DOMARK 45 EW;88;;;;;;;;
VR;20;9655;PRIMIAL WG;132;;;;;;;;
VR;20;9668;RUFAST E-FLO;29,68;;;;;;;;
VR;20;9670;THIANOSAN 80 WG;500;;;;;;;;
VR;20;9673;SEPRA-BAIT;21;;;;;;;;
VR;20;9678;M70 DF;303;;;;;;;;
VR;20;9679;KRISTAL 32 WG;125;;;;;;;;
VR;20;9689;AURIGA;1;;;;;;;;
VR;20;9693;SPORTAK 45 EW;180;;;;;;;;
VR;20;9694;SIMITAR 5 EW;435;;;;;;;;
VR;20;9705;PREVITER;180,9;;;;;;;;
VR;20;9713;HORIZON;11;;;;;;;;
VR;20;9723;DE-SPROUT N;7890;;;;;;;;
VR;20;9724;TIOWETTING DF;23605;;;;;;;;
VR;20;9726;GLIFOSAN;3;;;;;;;;
VR;20;9744;SCORE 10 WG;319;;;;;;;;
VR;20;9747;FURY;322,85;;;;;;;;
VR;20;9757;SPYRALE;30;;;;;;;;
VR;20;9758;COPRANTOL WG;16874;;;;;;;;
VR;20;9767;NUFOS 7,5 G;19;;;;;;;;
VR;20;9787;MICROBAGNABILE WG;313,4;;;;;;;;
VR;20;9790;CONTATTO 320;21;;;;;;;;
VR;20;9793;CONTATTO TWIN;1;;;;;;;;
VR;20;9794;PLANET C;1360;;;;;;;;
VR;20;9800;MAVRIK 20 EW;797,82;;;;;;;;
VR;20;9802;COPRANTOL HI BIO;1630;;;;;;;;
VR;20;9832;TREK P;911;;;;;;;;
VR;20;9843;BASAGRAN SG;138;;;;;;;;
VR;20;9867;4 STAGIONI;25,75;;;;;;;;
VR;20;9900;FLAVOS;31;;;;;;;;
VR;20;9919;CONTATTO PIU' EC;5;;;;;;;;
VR;20;9938;MASTER;1,1;;;;;;;;
VR;20;9940;ZELIG GR;9145;;;;;;;;
VR;20;9941;BUMPER P;32,8;;;;;;;;
VR;20;9954;JOKER;198;;;;;;;;
VR;20;9970;HUNTER;4,7;;;;;;;;
VR;20;9994;ARIUS SYSTEM;1968;;;;;;;;
VR;20;9995;ARIUS;494;;;;;;;;
VR;20;10005;SCOTTS WEEDCONTROL/EVERGREEN;46;;;;;;;;
VR;20;10029;KING;3;;;;;;;;
VR;20;10048;KUMULUS TECNO;54497,8;;;;;;;;
VR;20;10049;DURSBAN 75 WG;4987;;;;;;;;
VR;20;10057;ARPEL WDG;5,4;;;;;;;;
VR;20;10063;TOPIK 80 EC;4,5;;;;;;;;
VR;20;10088;MAXIM;1,2;;;;;;;;
VR;20;10089;TMTD 50 L;142;;;;;;;;
VR;20;10105;RIDOMIL GOLD SL;24;;;;;;;;
VR;20;10108;RIDOMIL GOLD MZ;7;;;;;;;;
VR;20;10109;APRON XL;20;;;;;;;;
VR;20;10116;VAPOR GARD;122;;;;;;;;
VR;20;10117;STRATOS ULTRA;106;;;;;;;;
VR;20;10118;AMISTAR;2;;;;;;;;
VR;20;10119;EQUATION PRO;3,6;;;;;;;;
VR;20;10127;DECIS JET;120,25;;;;;;;;
VR;20;10141;SOFREVAL 80 MICRO;13025;;;;;;;;
VR;20;10154;BORDOFLOW SECTOR;190;;;;;;;;
VR;20;10158;PIREFLOR;0,16;;;;;;;;
VR;20;10161;ORTIVA;575,82;;;;;;;;
VR;20;10175;COMBI COP;600;;;;;;;;
VR;20;10184;TIMBREL EV;6,4;;;;;;;;
VR;20;10185;ZERGAN EV;11,5;;;;;;;;
VR;20;10187;NAUTILE DG;20;;;;;;;;
VR;20;10199;DUKE;8470;;;;;;;;
VR;20;10224;EMME-H;6760;;;;;;;;
VR;20;10228;SPOLEN;3067;;;;;;;;
VR;20;10263;DRIVER;29;;;;;;;;
VR;20;10272;CEREXIL M DG;12080;;;;;;;;
VR;20;10296;IPERION;2459;;;;;;;;
VR;20;10297;SINIS 35 WG;56;;;;;;;;
VR;20;10305;OIKOS;550;;;;;;;;
VR;20;10306;MISTRAL;682;;;;;;;;
VR;20;10327;MADEX;10,9;;;;;;;;
VR;20;10329;FORUM MZ WG;341;;;;;;;;
VR;20;10357;RIGRON SG;9;;;;;;;;
VR;20;10372;RASIKAL QUICK;144,4;;;;;;;;
VR;20;10373;CONTEST;45;;;;;;;;
VR;20;10378;FLARE GOLD G;250;;;;;;;;
VR;20;10396;LIZOCIN;0,68;;;;;;;;
VR;20;10404;CLINIC 360 SL;1015;;;;;;;;
VR;20;10425;SCUDEX;124;;;;;;;;
VR;20;10426;PROTIL EC;20;;;;;;;;
VR;20;10439;SPRAY DUNGER GLOBAL;371;;;;;;;;
VR;20;10456;KLARO ULTRA;60,25;;;;;;;;
VR;20;10465;ROUNDUP MAX;10;;;;;;;;
VR;20;10477;LAS VEGAS;170;;;;;;;;
VR;20;10479;NATURALIS;36;;;;;;;;
VR;20;10484;TROLER 370 HE;1;;;;;;;;
VR;20;10493;RUNNER M 22;1243;;;;;;;;
VR;20;10494;PREMIUM TOP;52;;;;;;;;
VR;20;10504;KELLY WG;7252;;;;;;;;
VR;20;10509;MASTIFF ULTRA;770;;;;;;;;
VR;20;10518;PIRESAN PLUS;21;;;;;;;;
VR;20;10532;TELDOR;43;;;;;;;;
VR;20;10540;TERIAL 75 WG/ALISE' 75 WG;1057;;;;;;;;
VR;20;10552;THIOCUR ZOLFO;43;;;;;;;;
VR;20;10560;PIRETRO NATURA;60;;;;;;;;
VR;20;10565;DICOTIL EXTRA;264,1;;;;;;;;
VR;20;10568;ZOOMER;4999,75;;;;;;;;
VR;20;10573;KOCIDE 2000;1914;;;;;;;;
VR;20;10579;CARSON COP;5;;;;;;;;
VR;20;10580;GI BIO PLUS;0,65;;;;;;;;
VR;20;10581;CITRIN EC;0,9;;;;;;;;
VR;20;10584;SHAMAL MK PLUS;7446;;;;;;;;
VR;20;10585;SULCOTREK;4;;;;;;;;
VR;20;10587;FOLPAN SC;15;;;;;;;;
VR;20;10588;BIOPIREN PLUS;38;;;;;;;;
VR;20;10589;LUMIX VERDE;1;;;;;;;;
VR;20;10604;EMERALD 40 EW/DOMARK 40 EW;705;;;;;;;;
VR;20;10609;MESOZIN 35 WG;30,5;;;;;;;;
VR;20;10627;FRUPICA;125;;;;;;;;
VR;20;10628;MIDAURIL MZ;1210;;;;;;;;
VR;20;10632;COBRE NORDOX SUPER 75 WG;2330;;;;;;;;
VR;20;10638;MANCOZEB MANICA 75 WG;2493;;;;;;;;
VR;20;10641;MANCOZEB MANICA 80 PB;3700;;;;;;;;
VR;20;10647;TRIAD;1;;;;;;;;
VR;20;10671;COPERNICO;29194;;;;;;;;
VR;20;10690;FUNGIBEN COMBI;27;;;;;;;;
VR;20;10701;CUMETA FLOW;510;;;;;;;;
VR;20;10734;DUAL GOLD;215;;;;;;;;
VR;20;10735;PRIMAGRAM GOLD;1337;;;;;;;;
VR;20;10736;SULFOLAC-DF;100;;;;;;;;
VR;20;10741;METACINQUE;18;;;;;;;;
VR;20;10752;STEWARD;1245,42;;;;;;;;
VR;20;10753;FOLICUR SE;205,2;;;;;;;;
VR;20;10771;MOST MICRO;1214,1;;;;;;;;
VR;20;10794;SEPRALIM - G;40;;;;;;;;
VR;20;10892;OSSICLOR 50 PB MANICA;10;;;;;;;;
VR;20;10897;AMEGA PLUS;2536;;;;;;;;
VR;20;10926;ALTOREX;82;;;;;;;;
VR;20;10927;KOHINOR PLUS;12;;;;;;;;
VR;20;10929;CHIKARA 25 WG;219,05;;;;;;;;
VR;20;10930;WOOD;21;;;;;;;;
VR;20;10931;EMME-H 60 WS;486;;;;;;;;
VR;20;10936;NAAK 480;41;;;;;;;;
VR;20;10938;MANCOSIM 75 DF;2195;;;;;;;;
VR;20;10939;CP 40 AGRO;11;;;;;;;;
VR;20;10944;KARATE ZEON;85,75;;;;;;;;
VR;20;10970;NECOLIM;4;;;;;;;;
VR;20;10973;PYRINEX PRONTO;27;;;;;;;;
VR;20;10976;METEOR;718,7;;;;;;;;
VR;20;10985;MEVAXIL M;80;;;;;;;;
VR;20;10986;KASKO R;4028;;;;;;;;
VR;20;10998;RASIKAL ULTRA;68;;;;;;;;
VR;20;10999;BETANAL SE;22;;;;;;;;
VR;20;11011;DASH HC;20;;;;;;;;
VR;20;11027;MET-BLOC;55;;;;;;;;
VR;20;11029;PANDAR 22;5;;;;;;;;
VR;20;11040;POLTIGLIA BORDOLESE DISPERSS BLU;2450;;;;;;;;
VR;20;11041;FOLMAK COMBI;6089;;;;;;;;
VR;20;11044;TUREX;23;;;;;;;;
VR;20;11045;DODIPREV 35;59;;;;;;;;
VR;20;11059;BIOPOWER;60;;;;;;;;
VR;20;11062;BION 50 WG;63;;;;;;;;
VR;20;11070;ZOLFO DISPERSS;5,4;;;;;;;;
VR;20;11076;CLINIC PRO;12;;;;;;;;
VR;20;11088;BION MX;65;;;;;;;;
VR;20;11098;CADDY;0,75;;;;;;;;
VR;20;11102;HELIOSOUFRE S;3954,1;;;;;;;;
VR;20;11104;CUPROFIX 30 DISPERSS;130;;;;;;;;
VR;20;11105;CUPROFIX 30 DISPERSS BLU;1;;;;;;;;
VR;20;11106;MANFIL 75 WG;480;;;;;;;;
VR;20;11107;ECO-TRAP;46;;;;;;;;
VR;20;11119;FLINT;304,66;;;;;;;;
VR;20;11127;HOPPER BLU;410;;;;;;;;
VR;20;11147;KRUG;0,5;;;;;;;;
VR;20;11150;ALL SEASONS;5,25;;;;;;;;
VR;20;11157;PROPYDOR;24;;;;;;;;
VR;20;11173;AVAUNT EC;939,75;;;;;;;;
VR;20;11179;VOLLEY R;15;;;;;;;;
VR;20;11186;CUTIS;3,43;;;;;;;;
VR;20;11197;VITENE 45 WG;23,5;;;;;;;;
VR;20;11204;RIZOSOL 50;33;;;;;;;;
VR;20;11206;CODACIDE;90;;;;;;;;
VR;20;11223;GALIGAN 500 SC;73;;;;;;;;
VR;20;11243;LEOPARD 5 EC;10;;;;;;;;
VR;20;11253;CALLISTO;179;;;;;;;;
VR;20;11255;DIVAM FLOW;31;;;;;;;;
VR;20;11257;COSTAR WG;63;;;;;;;;
VR;20;11258;FAZOR;630;;;;;;;;
VR;20;11301;SPHERE;2;;;;;;;;
VR;20;11310;CHIMIGOR 20;317;;;;;;;;
VR;20;11313;PROXAN SL;5;;;;;;;;
VR;20;11341;STARANE GOLD;238;;;;;;;;
VR;20;11345;ZOLVIS 80 WDG;13775;;;;;;;;
VR;20;11353;FUSILADE MAX;1094;;;;;;;;
VR;20;11355;TAMIFUM;16000;;;;;;;;
VR;20;11359;SARCAP 800;26;;;;;;;;
VR;20;11360;GRIP 25;1,5;;;;;;;;
VR;20;11382;GARDENE PLUS;86;;;;;;;;
VR;20;11393;BEETLE;3;;;;;;;;
VR;20;11396;WIRK;21;;;;;;;;
VR;20;11400;ADINA 10;0,25;;;;;;;;
VR;20;11403;MELODY COMPACT;561;;;;;;;;
VR;20;11414;TENDENCY 25;1,1;;;;;;;;
VR;20;11416;OVIPRON TOP;1887,75;;;;;;;;
VR;20;11418;ROUNDUP 450 PLUS;102;;;;;;;;
VR;20;11448;KICKER;92;;;;;;;;
VR;20;11449;GARDOPRIM GOLD;15;;;;;;;;
VR;20;11479;BRANCHER DIRADO;16;;;;;;;;
VR;20;11497;CRITTOVIT WG;52300;;;;;;;;
VR;20;11501;VITE FOL;103;;;;;;;;
VR;20;11504;THIAMON PLUS;84;;;;;;;;
VR;20;11505;READY GERMIPLUS;98;;;;;;;;
VR;20;11525;FUNGIDINA;4;;;;;;;;
VR;20;11526;SULTAN;118;;;;;;;;
VR;20;11527;PYRINEX QUICK;42,34;;;;;;;;
VR;20;11551;ISOMATE C PLUS;0,08;;;;;;;;
VR;20;11556;RAK 5+6;11625,57;;;;;;;;
VR;20;11560;REGALIS;412;;;;;;;;
VR;20;11561;NEEMAZAL T/S;318,89;;;;;;;;
VR;20;11569;CUPROXAT S.D.I.;6008;;;;;;;;
VR;20;11586;TOP-AGAN;1;;;;;;;;
VR;20;11587;CAMBEL S;35;;;;;;;;
VR;20;11596;CALYPSO;255,5;;;;;;;;
VR;20;11600;CRUISER 350 FS;71;;;;;;;;
VR;20;11611;VYDATE 10L;1215;;;;;;;;
VR;20;11614;ACTARA 25 WG;1020,87;;;;;;;;
VR;20;11619;TIOFLOR WDG;24537;;;;;;;;
VR;20;11626;PITSTOP;58;;;;;;;;
VR;20;11638;FLUORATE;35;;;;;;;;
VR;20;11642;PIKAR;567;;;;;;;;
VR;20;11649;COMMAND 36 CS;266,5;;;;;;;;
VR;20;11650;MASSOCUR 12-E;13;;;;;;;;
VR;20;11653;FOLIO GOLD 537,5 SC;3215;;;;;;;;
VR;20;11654;GRIZZLY EC;1;;;;;;;;
VR;20;11660;SHOGUN;28;;;;;;;;
VR;20;11668;PLENUM 50 WG;98,8;;;;;;;;
VR;20;11678;ACTELLIC 2P NEWPHARM;2;;;;;;;;
VR;20;11690;GOAL 480 SC;16,5;;;;;;;;
VR;20;11693;LASER;168,4;;;;;;;;
VR;20;11694;CONSERVE SC;0,1;;;;;;;;
VR;20;11696;ARID;6;;;;;;;;
VR;20;11698;MINUET;168,7;;;;;;;;
VR;20;11700;BOTANIGARD 22 WP;30,55;;;;;;;;
VR;20;11701;BOTANIGARD SE;34;;;;;;;;
VR;20;11704;OLIO OGNISTAGIONE;1,75;;;;;;;;
VR;20;11710;GARDIUS;0,95;;;;;;;;
VR;20;11711;DUKE IDROSSIDO;20552,5;;;;;;;;
VR;20;11722;GEONEX;3;;;;;;;;
VR;20;11730;COSMOTRIN;2,95;;;;;;;;
VR;20;11752;ENVIDOR 240 SC;78,5;;;;;;;;
VR;20;11760;POLITHIOL;6900;;;;;;;;
VR;20;11762;FORUM STAR;20;;;;;;;;
VR;20;11786;AQ 10 WG;7,71;;;;;;;;
VR;20;11788;NEMACUR 240 CS;25;;;;;;;;
VR;20;11793;XENTARI;23;;;;;;;;
VR;20;11794;STOPPER;1;;;;;;;;
VR;20;11806;KARIKA;16;;;;;;;;
VR;20;11814;SPADA 200 EC;756,1;;;;;;;;
VR;20;11815;SHARK;41;;;;;;;;
VR;20;11821;WEEDAZOL TL;20;;;;;;;;
VR;20;11857;MIDAURIL COMBI;1100;;;;;;;;
VR;20;11862;LOBBY;34;;;;;;;;
VR;20;11870;CUPRITAL S.D.I.;16,25;;;;;;;;
VR;20;11874;VITENE TRIPLO;1,5;;;;;;;;
VR;20;11883;CURIT;60;;;;;;;;
VR;20;11885;ELICIO;409;;;;;;;;
VR;20;11908;VENTUREX 35 L;252;;;;;;;;
VR;20;11921;RISCIO' 50 WP/RISCIO';1518;;;;;;;;
VR;20;11931;MANZEB 75 WG;5296;;;;;;;;
VR;20;11948;VINCARE;2682;;;;;;;;
VR;20;11954;TERMINAL DUO;185;;;;;;;;
VR;20;11964;POLTIGLIA CAFFARO 20 GD;10228,5;;;;;;;;
VR;20;11977;SULFUR 80 WG;250;;;;;;;;
VR;20;11979;BORDO 20 MICRO;263,6;;;;;;;;
VR;20;11991;NEEMIK;188;;;;;;;;
VR;20;12010;TUAREG;383;;;;;;;;
VR;20;12020;SUCCESS;445,43;;;;;;;;
VR;20;12023;MEGIC;206,75;;;;;;;;
VR;20;12037;CAMIX;10;;;;;;;;
VR;20;12043;PREVICUR ENERGY;436,3;;;;;;;;
VR;20;12048;TIOSOL 80 WG;76308,8;;;;;;;;
VR;20;12068;TEFLUSTAR;428,65;;;;;;;;
VR;20;12069;EPIK;2406,44;;;;;;;;
VR;20;12083;DANADIM PROGRESS;812,9;;;;;;;;
VR;20;12084;GALEO;47;;;;;;;;
VR;20;12096;POLTIGLIA DISPERSS;133504,5;;;;;;;;
VR;20;12100;ASSET;704;;;;;;;;
VR;20;12106;TALENDO;15,5;;;;;;;;
VR;20;12114;AUXIGER LG;571;;;;;;;;
VR;20;12133;JUVINAL 10 EC;92;;;;;;;;
VR;20;12136;VERITAS;302;;;;;;;;
VR;20;12138;R6 ERRESEI TREVI;4208;;;;;;;;
VR;20;12149;GERBA 4 LG;39;;;;;;;;
VR;20;12170;HELIOCUIVRE;550;;;;;;;;
VR;20;12172;FERRAMOL;217,5;;;;;;;;
VR;20;12174;V.I.P. FLOW;25;;;;;;;;
VR;20;12194;TEGOPLANT;13,5;;;;;;;;
VR;20;12200;SILBOT R/DYMO R;5950;;;;;;;;
VR;20;12202;ZEMIX R;980;;;;;;;;
VR;20;12225;TEPPEKI;179,48;;;;;;;;
VR;20;12243;MANTIR DG;9870;;;;;;;;
VR;20;12245;ROUNDUP 360 POWER;8098;;;;;;;;
VR;20;12262;VALBON;40;;;;;;;;
VR;20;12263;VONDOZEB DG;3775;;;;;;;;
VR;20;12270;UNICORN DF;50;;;;;;;;
VR;20;12285;FORUM GOLD;400;;;;;;;;
VR;20;12298;GUNNER SC;2;;;;;;;;
VR;20;12313;TOPAS HOBBY;2,66;;;;;;;;
VR;20;12317;DACOL L 20;346;;;;;;;;
VR;20;12318;VIVER;609;;;;;;;;
VR;20;12320;PERSHING;20;;;;;;;;
VR;20;12322;SWITCH HOBBY/COMPO MUFFA STOP;0,56;;;;;;;;
VR;20;12325;MESUROL M PLUS;1317,5;;;;;;;;
VR;20;12330;DEDALUS SE;2667,8;;;;;;;;
VR;20;12368;CARPOSTOP;57,5;;;;;;;;
VR;20;12376;FITAGIL;92;;;;;;;;
VR;20;12381;NU-FILM P;45;;;;;;;;
VR;20;12383;RIDOMIL GOLD MZ PEPITE;5578;;;;;;;;
VR;20;12391;FUEGO;10;;;;;;;;
VR;20;12395;CUTRIL TOP;144;;;;;;;;
VR;20;12437;DELAN 70 WG;5348;;;;;;;;
VR;20;12452;EQUIP;838;;;;;;;;
VR;20;12453;MILDICUT;19383;;;;;;;;
VR;20;12460;FINALSAN ERBICIDA PROFESSIONAL PRONTO USO;1;;;;;;;;
VR;20;12482;LUMAX;5325;;;;;;;;
VR;20;12491;CIPERTHRIN PLUS;61;;;;;;;;
VR;20;12504;FLOWBRIX;410;;;;;;;;
VR;20;12505;FLOWBRIX BLU;2758;;;;;;;;
VR;20;12519;CORSARIO;36;;;;;;;;
VR;20;12526;SWAN;7,75;;;;;;;;
VR;20;12528;CABRIO TOP;20;;;;;;;;
VR;20;12534;FOXTAIL;89,4;;;;;;;;
VR;20;12540;REGRAN SL;422;;;;;;;;
VR;20;12560;METHIOR;5,1;;;;;;;;
VR;20;12564;ELECTIS MZ;10;;;;;;;;
VR;20;12566;PYGANIC 1.4;38,6;;;;;;;;
VR;20;12568;SPRINTEX NEW L;15;;;;;;;;
VR;20;12573;EKO OIL SPRAY;10640,25;;;;;;;;
VR;20;12578;RANMAN;48,7;;;;;;;;
VR;20;12584;AVIATOR;1;;;;;;;;
VR;20;12590;DIASTAR MAXI;1040;;;;;;;;
VR;20;12598;GRANSTAR POWER SX;10,9;;;;;;;;
VR;20;12619;BAGNANTE L;10;;;;;;;;
VR;20;12622;QUANTUM;2753;;;;;;;;
VR;20;12625;EFUZIN 355 SC/FULLDINA 35 FL;730;;;;;;;;
VR;20;12627;DANADIM 400;1592;;;;;;;;
VR;20;12628;SERENADE MAX;2288;;;;;;;;
VR;20;12629;BUGGY 360 SG N.E.T.;5351,25;;;;;;;;
VR;20;12636;QUASAR 6/24 R;457;;;;;;;;
VR;20;12647;GLITTER;90;;;;;;;;
VR;20;12650;NUPRID 200 SL;1,1;;;;;;;;
VR;20;12659;IMIDAN EC;142;;;;;;;;
VR;20;12661;SCUDEX WDG;46;;;;;;;;
VR;20;12670;RISOLUTIV SL;1730;;;;;;;;
VR;20;12671;HARMONY 50 SX;14,52;;;;;;;;
VR;20;12686;CHAMAN;45;;;;;;;;
VR;20;12706;PERMIT;0,45;;;;;;;;
VR;20;12722;OSSICLOR 20 FLOW;4776;;;;;;;;
VR;20;12730;BATER;640;;;;;;;;
VR;20;12734;JUPITER R DF;1186;;;;;;;;
VR;20;12737;AIRONE PIU';16490;;;;;;;;
VR;20;12738;KING 360 HP;175;;;;;;;;
VR;20;12747;CUPRAVIT BLU WG;1837,8;;;;;;;;
VR;20;12748;GRIFON PIU';1910;;;;;;;;
VR;20;12754;KUPRUM TOP 30 WG;1587,2;;;;;;;;
VR;20;12756;DICOTEX;33,73;;;;;;;;
VR;20;12759;OSSICLOR 35 WG;7526,5;;;;;;;;
VR;20;12768;SPINTOR FLY;284;;;;;;;;
VR;20;12770;ALAR 85 GOLD;15;;;;;;;;
VR;20;12779;RAMEDIT COMBI WG;475;;;;;;;;
VR;20;12784;FARO WG;72;;;;;;;;
VR;20;12806;FEDOR;2;;;;;;;;
VR;20;12807;ZARGON SC;10;;;;;;;;
VR;20;12824;MERLIN EXPERT;2;;;;;;;;
VR;20;12827;PREMIER ZR/ELECTIS R;230;;;;;;;;
VR;20;12828;SITOFEX;150;;;;;;;;
VR;20;12831;INSIGNIA;1;;;;;;;;
VR;20;12832;OPERA;10;;;;;;;;
VR;20;12834;ISONET L PLUS;100419,44;;;;;;;;
VR;20;12837;ARIUS SYSTEM PLUS;3900;;;;;;;;
VR;20;12848;R6 ERRESEI SB-R42 WG;978;;;;;;;;
VR;20;12853;SONG;4,5;;;;;;;;
VR;20;12857;PROREX;114;;;;;;;;
VR;20;12858;PRODIGY;1483;;;;;;;;
VR;20;12859;BORNEO;68,06;;;;;;;;
VR;20;12860;MILBEKNOCK;27,3;;;;;;;;
VR;20;12862;CANTUS;1105,2;;;;;;;;
VR;20;12863;FLORAMITE 240 SC;10,5;;;;;;;;
VR;20;12865;DANTOP 50 WG;11,8;;;;;;;;
VR;20;12866;COLLIS;44;;;;;;;;
VR;20;12868;BELLIS;452;;;;;;;;
VR;20;12869;SIGNUM;2033;;;;;;;;
VR;20;12878;RIDOMIL GOLD COMBI PEPITE;972;;;;;;;;
VR;20;12881;HUSSAR MAXX;21,6;;;;;;;;
VR;20;12883;PROSPER 300 CS;7691;;;;;;;;
VR;20;12884;BATAM;108;;;;;;;;
VR;20;12886;KARATHANE STAR;550;;;;;;;;
VR;20;12888;LEPINOX PLUS;865;;;;;;;;
VR;20;12889;PICKER SC;0,2;;;;;;;;
VR;20;12900;MELTUS;1,68;;;;;;;;
VR;20;12901;FARO;10;;;;;;;;
VR;20;12903;DOLESE WG;12;;;;;;;;
VR;20;12920;AGORA;4;;;;;;;;
VR;20;12924;JUPITER WG;2393;;;;;;;;
VR;20;12930;GAVELAN;4;;;;;;;;
VR;20;12933;MOXYL 20 WP;143;;;;;;;;
VR;20;12934;OXFORD;2300;;;;;;;;
VR;20;12940;KARATE ZEON 1.5;1542,5;;;;;;;;
VR;20;12947;DEDALUS COMBI G;6;;;;;;;;
VR;20;12992;BAGNANTE PLUS;25;;;;;;;;
VR;20;13005;PROMAG;190,7;;;;;;;;
VR;20;13012;FOLVIT 80 WDG;13860;;;;;;;;
VR;20;13016;BIOACT WG;20;;;;;;;;
VR;20;13018;GONDOR;4;;;;;;;;
VR;20;13020;MICRORAM 35 WG;29,4;;;;;;;;
VR;20;13025;MYSTIC 250 EW;95;;;;;;;;
VR;20;13039;POTCLEAN 2G;172;;;;;;;;
VR;20;13042;MICRORAM 20 FLOW;79;;;;;;;;
VR;20;13046;SWING;0,5;;;;;;;;
VR;20;13055;MACHO;287;;;;;;;;
VR;20;13061;BIOBIT DF;217;;;;;;;;
VR;20;13062;DIPEL DF;62;;;;;;;;
VR;20;13063;REGULEX 10 SG;1,94;;;;;;;;
VR;20;13064;VITENE ULTRA SC;866;;;;;;;;
VR;20;13065;DOMARK 125;91;;;;;;;;
VR;20;13068;NEORAM WG;1576;;;;;;;;
VR;20;13072;MANNIX;37;;;;;;;;
VR;20;13084;TELDOR PLUS;5407,7;;;;;;;;
VR;20;13093;STOMP AQUA;2654;;;;;;;;
VR;20;13095;DIRA-MAX LG;6;;;;;;;;
VR;20;13098;ROUNDUP POWER 2.0;6037;;;;;;;;
VR;20;13101;SCHOLAR;12;;;;;;;;
VR;20;13108;CURAME BORDEAUX;8460;;;;;;;;
VR;20;13111;THIOCUR FORTE;286,58;;;;;;;;
VR;20;13120;MYSTIC 430 SC;1;;;;;;;;
VR;20;13126;CABRIO DUO;3781;;;;;;;;
VR;20;13127;VALIS F;1200;;;;;;;;
VR;20;13128;GOLTIX 50 WG;193;;;;;;;;
VR;20;13129;BREAK-THRU S240;88;;;;;;;;
VR;20;13130;GUNNER WG;519,5;;;;;;;;
VR;20;13133;NIBER 35 WG;48,5;;;;;;;;
VR;20;13143;MEZENE WG;4391;;;;;;;;
VR;20;13149;POLTIGLIA MANICA 20 WG;24959;;;;;;;;
VR;20;13150;CURAME 35 WG;60;;;;;;;;
VR;20;13152;OPTIX R DISPERSS;4816;;;;;;;;
VR;20;13153;BANVEL S;69;;;;;;;;
VR;20;13158;REMEDIER;513;;;;;;;;
VR;20;13159;ABLE;1;;;;;;;;
VR;20;13160;FORUM TOP;90;;;;;;;;
VR;20;13167;POMARSOL 80 WG;2160;;;;;;;;
VR;20;13168;LAUDIS;263;;;;;;;;
VR;20;13172;CREW 40 OD;4;;;;;;;;
VR;20;13179;PLAYER COMBI SC;1145;;;;;;;;
VR;20;13186;TITUS MAIS EXTRA;1,6;;;;;;;;
VR;20;13190;FUNGISOL 80 WDG;400;;;;;;;;
VR;20;13205;ZOLFO MANICA SCORREVOLE DOPPIO RAFFINATO;31357;;;;;;;;
VR;20;13212;CONFIDOR 200 O-TEQ;33,52;;;;;;;;
VR;20;13213;R6 ERRESEI ALBIS;11823;;;;;;;;
VR;20;13222;DUOKAR 4,5 EW PRO;324;;;;;;;;
VR;20;13227;FUNGURAN-OH 250 SC;1195;;;;;;;;
VR;20;13236;BULLET;7;;;;;;;;
VR;20;13242;NICOGAN V.O.;136;;;;;;;;
VR;20;13244;ZOLFO VENTILATO STELLA;55520;;;;;;;;
VR;20;13249;ZOLFO VENTILATO STELLA RAMATO S;33465;;;;;;;;
VR;20;13250;ZOLFO VENTILATO STELLA RAMATO B;1260;;;;;;;;
VR;20;13255;PLAYER GR;53;;;;;;;;
VR;20;13263;BORDORAM 20 WG;63,3;;;;;;;;
VR;20;13266;VIVER 25 WG;121;;;;;;;;
VR;20;13267;IMPERO;61;;;;;;;;
VR;20;13290;ZOLFO MANICA DOPPIO RAFFINATO VENTILATO RAMATO 3% NEW;32860;;;;;;;;
VR;20;13292;ZOLFO A.&A. F.LLI ZANUCCOLI TRIVENTILATO 93% S;26190;;;;;;;;
VR;20;13296;POKER 7,5;395;;;;;;;;
VR;20;13297;TRAPPER GR;111;;;;;;;;
VR;20;13299;MAGIO';5;;;;;;;;
VR;20;13307;BERLINA;5;;;;;;;;
VR;20;13308;DICARZOL 10 SP;300;;;;;;;;
VR;20;13313;CASPER;5;;;;;;;;
VR;20;13323;SULFY 80 WDG;36,6;;;;;;;;
VR;20;13327;GRANSTAR ULTRA SX;8,45;;;;;;;;
VR;20;13348;SARCAP 80 WG;4;;;;;;;;
VR;20;13350;TAU AL;6;;;;;;;;
VR;20;13352;DIREX 7,5 GR;453;;;;;;;;
VR;20;13354;DIFFERENCE;32;;;;;;;;
VR;20;13361;DECIS ENERGY O-TEQ;251,63;;;;;;;;
VR;20;13364;OXYFLOWER;0,5;;;;;;;;
VR;20;13365;ZOLFO DOPPIO VENTILATO SCORREVOLE 95% S ZOLFINDUSTRIA;3525;;;;;;;;
VR;20;13367;DIVO;24;;;;;;;;
VR;20;13370;WARRANT 200 SL;402;;;;;;;;
VR;20;13375;NUPRID 200 SC;406,5;;;;;;;;
VR;20;13378;ORTIVA TOP;7;;;;;;;;
VR;20;13382;PERGADO SC;2582,5;;;;;;;;
VR;20;13387;FLORAMIX;21,2;;;;;;;;
VR;20;13389;AFFIRM;20700,9;;;;;;;;
VR;20;13390;TEBUSIP 46;491;;;;;;;;
VR;20;13402;LUMA-KL;1369;;;;;;;;
VR;20;13405;TRINEX EW;0,14;;;;;;;;
VR;20;13409;SILFUR WG;4773;;;;;;;;
VR;20;13410;FRUTTENE 76 WG;1803;;;;;;;;
VR;20;13440;SATEL;327;;;;;;;;
VR;20;13443;FUNGIBEN;0,24;;;;;;;;
VR;20;13451;SPARVIERO;0,25;;;;;;;;
VR;20;13455;ANTIGRAM GOLD;191;;;;;;;;
VR;20;13466;SPOTLIGHT PLUS;1656;;;;;;;;
VR;20;13468;CLINER;38,15;;;;;;;;
VR;20;13472;ALIEN;60;;;;;;;;
VR;20;13489;CYMBAL;782,5;;;;;;;;
VR;20;13491;CYMBAL 20;118;;;;;;;;
VR;20;13493;COBOX 35 WP/OSSICLOR 35 PB;75;;;;;;;;
VR;20;13505;CLICK DUO;2029;;;;;;;;
VR;20;13521;HELIOCUIVRE S;2450;;;;;;;;
VR;20;13536;SAFRAN;8;;;;;;;;
VR;20;13547;MEXIL ORO MZ WG;495;;;;;;;;
VR;20;13560;FORZA;148;;;;;;;;
VR;20;13563;NICOGAN;4;;;;;;;;
VR;20;13565;PASTA ISAGRO BLU;162;;;;;;;;
VR;20;13572;ALISYSTEM;2;;;;;;;;
VR;20;13576;RAMEPLANT WG;18,6;;;;;;;;
VR;20;13577;CARPOSAN 40 CE;1409;;;;;;;;
VR;20;13578;RAME CAFFARO BLU WG NEW;148;;;;;;;;
VR;20;13585;SOLOFOL;13466;;;;;;;;
VR;20;13586;VERDERAME 20 WG;5,6;;;;;;;;
VR;20;13592;VOLARE;1199;;;;;;;;
VR;20;13593;TELLUS/RADIX;26;;;;;;;;
VR;20;13604;ZOLFO S.A.I.M. RAFFINATO DOPPIO VENTILATO RAMATO 5%;4875;;;;;;;;
VR;20;13607;NOBIL;1,25;;;;;;;;
VR;20;13635;POLTIGLIA 20 PB MANICA;21162;;;;;;;;
VR;20;13637;PERGADO F;373;;;;;;;;
VR;20;13639;ACRAMITE 480 SC;31,35;;;;;;;;
VR;20;13648;SIARAM 20 WG;21588;;;;;;;;
VR;20;13651;SPECTRO;4,2;;;;;;;;
VR;20;13667;AFIDANE 200 SL;148;;;;;;;;
VR;20;13670;VOLDER;620;;;;;;;;
VR;20;13671;SPONIX FLOW;1505;;;;;;;;
VR;20;13682;FOLICUR GIARDINO;5;;;;;;;;
VR;20;13689;FLINT MAX;77;;;;;;;;
VR;20;13698;VIVANDO;489,15;;;;;;;;
VR;20;13702;GEOTOX 7,5 C;261,9;;;;;;;;
VR;20;13707;IMPACT SUPREME;68;;;;;;;;
VR;20;13709;U 46 PRATI;1;;;;;;;;
VR;20;13716;CAPTAN ARVESTA 80 WG;101;;;;;;;;
VR;20;13719;THIAMON 80 PLUS;4242;;;;;;;;
VR;20;13720;ROTIOFEN QUICK;0,3;;;;;;;;
VR;20;13721;AFIDINA QUICK;19,62;;;;;;;;
VR;20;13722;CAL-EX 1.9 EC;130;;;;;;;;
VR;20;13736;TRACE;90;;;;;;;;
VR;20;13741;SELECTA DISPERSS;70;;;;;;;;
VR;20;13742;PERGADO MZ;1309;;;;;;;;
VR;20;13743;KUKAR 22;453;;;;;;;;
VR;20;13765;SHERPA 100 EW;12;;;;;;;;
VR;20;13771;NIMROD 250 EW;1374;;;;;;;;
VR;20;13785;QUANTUM MZ;587;;;;;;;;
VR;20;13786;QUANTUM R;170;;;;;;;;
VR;20;13787;STINGS R;1;;;;;;;;
VR;20;13791;GEATER-STAR;34;;;;;;;;
VR;20;13793;RUNNER M;779;;;;;;;;
VR;20;13794;SPADA WDG;29;;;;;;;;
VR;20;13796;CELL;5;;;;;;;;
VR;20;13812;NOTO 40 OD;9;;;;;;;;
VR;20;13815;TUTOR 18-15;4356;;;;;;;;
VR;20;13817;ALIAL WG;712;;;;;;;;
VR;20;13818;ALIAL TRIPLE WP;11;;;;;;;;
VR;20;13820;BAYTEROID 25 EC;20;;;;;;;;
VR;20;13823;ALVERDE;124,25;;;;;;;;
VR;20;13837;SILWET L-77;41;;;;;;;;
VR;20;13838;XEDAVIR;10;;;;;;;;
VR;20;13843;ZELIG 480 EC;1646;;;;;;;;
VR;20;13857;CRODIX GEO/MINUET GEO;739;;;;;;;;
VR;20;13858;MEDIATOR EXTRA SL;284;;;;;;;;
VR;20;13859;MADEX 100;20;;;;;;;;
VR;20;13866;ALISE' EC;47;;;;;;;;
VR;20;13872;NANDO 500 SC;1;;;;;;;;
VR;20;13877;KITT PRONTO;14;;;;;;;;
VR;20;13883;REBEX;34;;;;;;;;
VR;20;13889;EUCRIT PIU' MZ;45;;;;;;;;
VR;20;13899;ASCO 45 WG%;17;;;;;;;;
VR;20;13905;BANJO;2917;;;;;;;;
VR;20;13908;BORDO ISAGRO WG;1480;;;;;;;;
VR;20;13925;BOGARD;199;;;;;;;;
VR;20;13926;SPONSOR;29,5;;;;;;;;
VR;20;13927;ZAMIR 18;56,5;;;;;;;;
VR;20;13955;MITIGREEN;867;;;;;;;;
VR;20;13981;CORAGEN;623;;;;;;;;
VR;20;13998;PYRUS 400 SC;87,45;;;;;;;;
VR;20;13999;FEZAN;0,5;;;;;;;;
VR;20;14005;CLORTOSIP 500 SC;201;;;;;;;;
VR;20;14014;TB FLOW;85;;;;;;;;
VR;20;14020;LIDAL;3;;;;;;;;
VR;20;14023;SUPPORT 10EC;5;;;;;;;;
VR;20;14027;IMIDAN 23,5 WDG;142;;;;;;;;
VR;20;14033;FASTER 200 EC;21;;;;;;;;
VR;20;14034;CURENOX TOP MICRO;38,6;;;;;;;;
VR;20;14035;WINCH 40 WDG;4;;;;;;;;
VR;20;14042;SUPRAFOS EC;311;;;;;;;;
VR;20;14043;SUPRAFOS WG;30;;;;;;;;
VR;20;14044;JOKER 480;83;;;;;;;;
VR;20;14052;PRODEO 80 WG;122;;;;;;;;
VR;20;14056;RODIBAIT;26,9;;;;;;;;
VR;20;14057;CAP 480 SC;75;;;;;;;;
VR;20;14058;FEINZIN 70 DF;65,75;;;;;;;;
VR;20;14061;TRIANUM-P;1;;;;;;;;
VR;20;14062;ZOXIUM 240 SC;1784;;;;;;;;
VR;20;14074;TRINEX 250 EW;11;;;;;;;;
VR;20;14076;CYPRUS 25 DF;5522,3;;;;;;;;
VR;20;14077;CHAMP 20 DF;7720;;;;;;;;
VR;20;14080;MIZAR;12;;;;;;;;
VR;20;14085;PUNTIL MZ;960;;;;;;;;
VR;20;14091;APHOX;10;;;;;;;;
VR;20;14092;AGRORAT B;42,25;;;;;;;;
VR;20;14099;ASPOR WDG;8110;;;;;;;;
VR;20;14100;KANEMITE;30;;;;;;;;
VR;20;14102;BORDOFLOW NEW;32676;;;;;;;;
VR;20;14119;VISIR PENCOTECH;50;;;;;;;;
VR;20;14123;ZETARAM NEW TECH;5370;;;;;;;;
VR;20;14127;MEVAXIL COBRE;1011;;;;;;;;
VR;20;14128;ZIGNAL;23;;;;;;;;
VR;20;14136;OBERON;131;;;;;;;;
VR;20;14137;ALTACOR;108,7;;;;;;;;
VR;20;14154;PIRETRO ACTIGREEN;5,46;;;;;;;;
VR;20;14156;CURZATE R WG;503;;;;;;;;
VR;20;14164;TRIKA ZETA;1;;;;;;;;
VR;20;14165;NANDO MAXI;127;;;;;;;;
VR;20;14166;ZETOR;210;;;;;;;;
VR;20;14168;SILWET VELONEX;83;;;;;;;;
VR;20;14169;PERGADO R;4379;;;;;;;;
VR;20;14178;TRI-BASE;207,65;;;;;;;;
VR;20;14182;ARES 25 WG;20;;;;;;;;
VR;20;14184;GALATAS PLUS;2,5;;;;;;;;
VR;20;14187;SILWET FASTEX;549;;;;;;;;
VR;20;14193;SARMOX 45 DG;555,5;;;;;;;;
VR;20;14195;KENDO WITH ZEON TECHNOLOGY;226;;;;;;;;
VR;20;14207;TEBUSHA NEW/VIVER 25 NEW;5;;;;;;;;
VR;20;14208;CLOPIR CE;12,6;;;;;;;;
VR;20;14237;NOTO OD;36;;;;;;;;
VR;20;14245;GOLEM;1,75;;;;;;;;
VR;20;14254;BILO 7,5 C;30;;;;;;;;
VR;20;14257;UNDERLINE 0,2 G;910;;;;;;;;
VR;20;14283;FLUOROX;0,6;;;;;;;;
VR;20;14285;CUPRAVIT BLU FLOW NF;21;;;;;;;;
VR;20;14290;KOHINOR 200 SL;1201,92;;;;;;;;
VR;20;14294;EXECUTIVE;6,9;;;;;;;;
VR;20;14333;DIMILIN SC-15;10;;;;;;;;
VR;20;14336;NEMATHORIN 150 EC;76;;;;;;;;
VR;20;14350;ZOLFO RAMATO 5;9300;;;;;;;;
VR;20;14369;RESOLVA 24H RTU;43;;;;;;;;
VR;20;14373;GLINET;735;;;;;;;;
VR;20;14382;BROMYBLOC;87;;;;;;;;
VR;20;14384;ETOPROSIP G;11850;;;;;;;;
VR;20;14389;DESSICASH 200 SL;2159;;;;;;;;
VR;20;14398;KOHINOR 70 WDG;11,25;;;;;;;;
VR;20;14405;MERLIN FLEXX;862;;;;;;;;
VR;20;14407;RUNWAY;71,05;;;;;;;;
VR;20;14409;MOVENTO 48 SC;508,06;;;;;;;;
VR;20;14410;FLINT MAX AL;69,25;;;;;;;;
VR;20;14411;USTINEX AL;36;;;;;;;;
VR;20;14414;DUSTY;1405;;;;;;;;
VR;20;14418;PULSAR 40 SL;5;;;;;;;;
VR;20;14420;TRUST WG;149,5;;;;;;;;
VR;20;14423;PRIMISOL 80 WDG;24203,4;;;;;;;;
VR;20;14431;LENTAGRAN 45 WP;57,3;;;;;;;;
VR;20;14433;QUBIC R;859;;;;;;;;
VR;20;14459;DEDALUS WDG;50;;;;;;;;
VR;20;14461;CURIT DUO;36;;;;;;;;
VR;20;14463;MERPAN 480 SC;795;;;;;;;;
VR;20;14465;TAIFUN MK;1550;;;;;;;;
VR;20;14474;TEBUSIP COMBI;2634,25;;;;;;;;
VR;20;14481;KORTHANE M;10,5;;;;;;;;
VR;20;14488;ANTRACOL 70 WG;7929;;;;;;;;
VR;20;14491;QUBIC MZ;495;;;;;;;;
VR;20;14510;ELECTIS TRIO;2484;;;;;;;;
VR;20;14523;CARPO 600;350;;;;;;;;
VR;20;14559;AGREE WG;295;;;;;;;;
VR;20;14573;BACTOSPEINE 32 WG;132;;;;;;;;
VR;20;14575;TRIMMER SX;1,76;;;;;;;;
VR;20;14576;CUTRIL EVO;2555;;;;;;;;
VR;20;14577;FORUM R 3B;2380;;;;;;;;
VR;20;14579;RAMIN 30 DF;168;;;;;;;;
VR;20;14580;ROBO' EC;60;;;;;;;;
VR;20;14582;FENGIB;12;;;;;;;;
VR;20;14629;GAT TESSLA 25 WG;313,5;;;;;;;;
VR;20;14636;BIOLID UP;1337,2;;;;;;;;
VR;20;14638;NETOR;184;;;;;;;;
VR;20;14642;RIDOMIL GOLD R WG;17845;;;;;;;;
VR;20;14643;CENTIUM 36 CS;34;;;;;;;;
VR;20;14647;VIVAL;2310;;;;;;;;
VR;20;14650;ROGATOX 400;25;;;;;;;;
VR;20;14655;VIVER WDG;110;;;;;;;;
VR;20;14660;BTK 32 WG;0,5;;;;;;;;
VR;20;14664;BERELEX 40 SG;0,05;;;;;;;;
VR;20;14686;KOCIDE OPTI;2368,4;;;;;;;;
VR;20;14687;QUAD-GLOB 200 SL;599;;;;;;;;
VR;20;14693;VIP 80 EC;1,5;;;;;;;;
VR;20;14697;ENERVIN DUO;235;;;;;;;;
VR;20;14699;GEOXE;72;;;;;;;;
VR;20;14727;CARSON F;765;;;;;;;;
VR;20;14735;RANMAN TOP;105;;;;;;;;
VR;20;14737;ROUNDUP PLATINUM;3478;;;;;;;;
VR;20;14739;DECIS PROTECT;126;;;;;;;;
VR;20;14758;KARATE WITH ZEON TECHNOLOGY 1.5 HOBBY;20,2;;;;;;;;
VR;20;14763;CALYPSO PLUS;6,4;;;;;;;;
VR;20;14764;SLUXX;160;;;;;;;;
VR;20;14785;DRISCOLL;30,52;;;;;;;;
VR;20;14792;MELODY TREVI;6876;;;;;;;;
VR;20;14794;MYSTIC CLASS;150;;;;;;;;
VR;20;14796;ATOMINAL 10 EC;19;;;;;;;;
VR;20;14799;AFLOR 200 SL;1,08;;;;;;;;
VR;20;14800;PHORIX;3230;;;;;;;;
VR;20;14803;ELECTIS ZR;1040;;;;;;;;
VR;20;14806;LUNA PRIVILEGE;1370;;;;;;;;
VR;20;14807;LUZINDO;347,25;;;;;;;;
VR;20;14808;PROXANIL SC;12;;;;;;;;
VR;20;14809;CUPRAVIT BIO EVOLUTION;28652;;;;;;;;
VR;20;14812;ENERVIN TOP;757;;;;;;;;
VR;20;14815;ADENGO;3285;;;;;;;;
VR;20;14830;CUPROFIX ULTRA DISPERSS;2405;;;;;;;;
VR;20;14837;GLIFOSAR FLASH;440;;;;;;;;
VR;20;14838;BARCLAY GALLUP BIOGRADE 360;4810;;;;;;;;
VR;20;14844;CLUSTER 500;35;;;;;;;;
VR;20;14845;MYSTIC PLUS S;417;;;;;;;;
VR;20;14862;FOLMAK WDG;10;;;;;;;;
VR;20;14867;SYNERO;9;;;;;;;;
VR;20;14868;IDROX 22 NEW;8124;;;;;;;;
VR;20;14871;OXICU;3880;;;;;;;;
VR;20;14872;BELLIS DRUPACEE;167,5;;;;;;;;
VR;20;14879;LONTREL 72 SG;5,4;;;;;;;;
VR;20;14884;CORUM;79;;;;;;;;
VR;20;14890;SANBLIGHT;1510;;;;;;;;
VR;20;14894;LANNATE 25 WP;1;;;;;;;;
VR;20;14895;LANNATE 20 SL;240;;;;;;;;
VR;20;14900;KENKIO;7100;;;;;;;;
VR;20;14909;NURELLE 5;170;;;;;;;;
VR;20;14920;ZOLFO 80 WP ZOLFINDUSTRIA;31970;;;;;;;;
VR;20;14927;KALAHARI;240;;;;;;;;
VR;20;14931;GRISU;20;;;;;;;;
VR;20;14936;AMPLIGO;51,5;;;;;;;;
VR;20;14940;TAKUMI;33,1;;;;;;;;
VR;20;14944;FLUXYR 200 EC;8;;;;;;;;
VR;20;14948;ACTARA HOBBY;0,46;;;;;;;;
VR;20;14951;BOTECTOR;100,6;;;;;;;;
VR;20;14967;TIPTOR ULTRA;118;;;;;;;;
VR;20;14972;DICARZOL 50 SP;23;;;;;;;;
VR;20;14974;BELEM 0.8 MG;11894;;;;;;;;
VR;20;14980;AFFINITY PLUS;7;;;;;;;;
VR;20;15007;AXIAL PRONTO;7;;;;;;;;
VR;20;15008;LBG - 01F34;135;;;;;;;;
VR;20;15013;NATRIA LUMACHICIDA;225;;;;;;;;
VR;20;15019;RIVIERA;72;;;;;;;;
VR;20;15022;DEFENSE 80 WP;4860;;;;;;;;
VR;20;15023;DERREX;1250;;;;;;;;
VR;20;15024;MESUROL 200 SC;1306;;;;;;;;
VR;20;15030;COSSACK;6;;;;;;;;
VR;20;15034;DICOPHAR;40,8;;;;;;;;
VR;20;15037;BREZZA;75;;;;;;;;
VR;20;15041;OPINION ECNA;90,5;;;;;;;;
VR;20;15047;R6 ERRESEI BORDEAUX WG;4904;;;;;;;;
VR;20;15049;MODDUS;8;;;;;;;;
VR;20;15050;VERTIMEC PRO;161;;;;;;;;
VR;20;15053;ADMIRAL ECHO;31;;;;;;;;
VR;20;15054;CONTENDER 80 WG;521;;;;;;;;
VR;20;15058;PRINCIPAL MAIS;398,2;;;;;;;;
VR;20;15059;DECIS EVO;1449,5;;;;;;;;
VR;20;15062;PIRAMAX  EC;29;;;;;;;;
VR;20;15063;NIMBLE;0,3;;;;;;;;
VR;20;15067;MIG-40 SC;156;;;;;;;;
VR;20;15071;EVOLUTION;449;;;;;;;;
VR;20;15079;JUVINAL ECHO;128,75;;;;;;;;
VR;20;15083;AUDACE;155;;;;;;;;
VR;20;15084;DRUM;135;;;;;;;;
VR;20;15093;CENTURIO;46;;;;;;;;
VR;20;15094;FOSBEL 80 WG;2325,5;;;;;;;;
VR;20;15102;VITENE R WG;987;;;;;;;;
VR;20;15107;SAMSON EXTRA 6 OD;40;;;;;;;;
VR;20;15114;MACCANI;15;;;;;;;;
VR;20;15115;VELIERO;158;;;;;;;;
VR;20;15116;ELIOS R;595;;;;;;;;
VR;20;15125;PROLECTUS;2924;;;;;;;;
VR;20;15130;INTREPID;1203;;;;;;;;
VR;20;15135;OLEOSAN PLUS;38;;;;;;;;
VR;20;15138;BAROCCO 80 WG;27705;;;;;;;;
VR;20;15142;ALCANCE SYNC TEC;60;;;;;;;;
VR;20;15145;TEMPLIER;0,9;;;;;;;;
VR;20;15148;ENVIROMITE 480 SC;0,24;;;;;;;;
VR;20;15149;PRIMISOL MK;6480;;;;;;;;
VR;20;15168;ZORO 1.9 EW;245;;;;;;;;
VR;20;15177;ROTATE PLUS DF;11807;;;;;;;;
VR;20;15180;RIVET PLUS;52;;;;;;;;
VR;20;15193;CONTATTO PIU' EXTRA;10;;;;;;;;
VR;20;15201;FLOXI 355 SC;100;;;;;;;;
VR;20;15221;ZETARAM PLUS;2444,2;;;;;;;;
VR;20;15222;FOLICUR COMBI WG;824;;;;;;;;
VR;20;15232;CUSTODIA;82;;;;;;;;
VR;20;15236;ZAMMO;119;;;;;;;;
VR;20;15244;VERDE PYRIPROXIFEN;28;;;;;;;;
VR;20;15250;COPRANTOL DUO;80;;;;;;;;
VR;20;15253;FALCON MK;421;;;;;;;;
VR;20;15256;FORUM R 3B FLOW;250;;;;;;;;
VR;20;15270;PROFELIS;0,5;;;;;;;;
VR;20;15273;BITAM 15 EC;60;;;;;;;;
VR;20;15279;VARGAS;177;;;;;;;;
VR;20;15281;MICROMEGAS;288;;;;;;;;
VR;20;15285;PRIMMA STAR;0,37;;;;;;;;
VR;20;15286;KENDO ZEON 1.5;29;;;;;;;;
VR;20;15289;SERENADE NATRIA;1,8;;;;;;;;
VR;20;15290;AXIDOR;22;;;;;;;;
VR;20;15293;BONECO;4;;;;;;;;
VR;20;15294;KENDO BI-ACTIVE;60;;;;;;;;
VR;20;15300;ARMETIL FLOW;2929;;;;;;;;
VR;20;15302;AMYLO-X;2952,6;;;;;;;;
VR;20;15303;MET52 GRANULARE;10;;;;;;;;
VR;20;15307;DEDALUS 25 WDG;11,5;;;;;;;;
VR;20;15310;NISSHIN EXTRA 6 OD;151;;;;;;;;
VR;20;15313;ZOLFO SC;1557;;;;;;;;
VR;20;15325;CORNER MZ WG;1940;;;;;;;;
VR;20;15327;METAMAN 8-64 WG;1688;;;;;;;;
VR;20;15333;APPLAUD PLUS;801,54;;;;;;;;
VR;20;15337;EXPRESS SUN;1,4;;;;;;;;
VR;20;15340;FEUDO 50 WP;11,2;;;;;;;;
VR;20;15348;RIDOMIL GOLD R LIQUIDO;255;;;;;;;;
VR;20;15356;AVIATOR SC;184;;;;;;;;
VR;20;15359;VITIL 8-64 WG;36;;;;;;;;
VR;20;15361;LIETO;618,5;;;;;;;;
VR;20;15363;MEDEIRO 80 WG ADVANCE;1035;;;;;;;;
VR;20;15364;DESIGN WG;983,2;;;;;;;;
VR;20;15368;BALENO 200;70;;;;;;;;
VR;20;15371;BELEM PROTEZIONE;336;;;;;;;;
VR;20;15384;LUNA EXPERIENCE;414;;;;;;;;
VR;20;15389;FLARE GOLD R WG;3380;;;;;;;;
VR;20;15401;TAIFUN MK CL;18174;;;;;;;;
VR;20;15402;DELTASAP;7;;;;;;;;
VR;20;15411;DISHA;174;;;;;;;;
VR;20;15434;RAK 2 MAX;20,72;;;;;;;;
VR;20;15436;MYCOTAL;32,5;;;;;;;;
VR;20;15448;REBEL TOP;1231;;;;;;;;
VR;20;15449;CIDELY;511;;;;;;;;
VR;20;15451;ELIOS WG TOP;98;;;;;;;;
VR;20;15487;INSTANT;1078;;;;;;;;
VR;20;15493;SIMUN 40 OD;12;;;;;;;;
VR;20;15505;SILBOT 500 SC/MORFEUM 500 SC;870;;;;;;;;
VR;20;15509;MOSAIKO COMBI;86;;;;;;;;
VR;20;15514;CUPRAVIT BLU 35 WG;17617,9;;;;;;;;
VR;20;15532;TOBAGO 200 SL;2,1;;;;;;;;
VR;20;15570;TYLAL WG;10;;;;;;;;
VR;20;15572;ZOMINEX;668;;;;;;;;
VR;20;15573;PROMESS SL;803;;;;;;;;
VR;20;15574;KARMA 85;3410;;;;;;;;
VR;20;15581;BARKAN;52;;;;;;;;
VR;20;15596;LASCAR;25;;;;;;;;
VR;20;15618;FULLDINA 355 SC;58;;;;;;;;
VR;20;15623;COSMOS 550 EC;93;;;;;;;;
VR;20;15627;PAPYRUS 400 SC;191;;;;;;;;
VR;20;15630;PALMAS 45% WG;39,5;;;;;;;;
VR;20;15639;RL 400;283;;;;;;;;
VR;20;15640;PROLINE STAR;195;;;;;;;;
VR;20;15651;FLANKER;351;;;;;;;;
VR;20;15654;ACCORD;11;;;;;;;;
VR;20;15661;SENEGO;6,25;;;;;;;;
VR;20;15663;CUPRAVIT 35 WG;5000;;;;;;;;
VR;20;15668;GHIBLI 240 OD;51;;;;;;;;
VR;20;15680;MITRHA 40 SC;2;;;;;;;;
VR;20;15687;MICLOCUR;185,5;;;;;;;;
VR;20;15689;DIFENZONE;9;;;;;;;;
VR;20;15699;EMI 48;124;;;;;;;;
VR;20;15711;ALSYSTIN;66;;;;;;;;
VR;20;15722;ARMICARB 85;1455;;;;;;;;
VR;20;15740;VINETO;1923;;;;;;;;
VR;20;15741;AVADEX FACTOR;1;;;;;;;;
VR;20;15751;VITENE TRIPLO R;318;;;;;;;;
VR;20;15817;GLADIATOR;761;;;;;;;;
VR;20;15832;VINTAGE C DISPERSS;1100;;;;;;;;
VR;20;15834;TRACER 120;71;;;;;;;;
VR;20;15841;FLOCTER;1210;;;;;;;;
VR;20;15842;AFICIONADO;102;;;;;;;;
VR;20;15846;BIO ETEFON;43;;;;;;;;
VR;20;15857;R6 ERRESEI PASADOBLE;170;;;;;;;;
VR;20;15886;METAREX INOV;1360;;;;;;;;
VR;20;15901;ERCOLE;9697;;;;;;;;
VR;20;15912;CUPRO ISAGRO WG;1820;;;;;;;;
VR;20;15921;ARMOR 75 WP;82;;;;;;;;
VR;20;15924;RUSTLER;33;;;;;;;;
VR;20;15940;GOLDOR ESCA;860;;;;;;;;
VR;20;15948;MULIGAN;124;;;;;;;;
VR;20;15949;PROMEX;349;;;;;;;;
VR;20;15950;TERVIGO SC 1;145;;;;;;;;
VR;20;15954;D-D SOIL VI;7710;;;;;;;;
VR;20;15959;DIGEO VI;13700;;;;;;;;
VR;20;15960;MALERBANE PRATI 250;220;;;;;;;;
VR;20;15964;ENOVIT METIL FL BETA;76;;;;;;;;
VR;20;15995;PACLOT;26;;;;;;;;
VR;20;16006;DIDICLOR 6;3800;;;;;;;;
VR;20;16009;PLANTONE FORTE;40520;;;;;;;;
VR;20;16045;TELONE II 2014;14400;;;;;;;;
VR;20;16049;DELEGATE WG;59;;;;;;;;
VR;20;16051;LENNS;5;;;;;;;;
VR;21;13;THIOPRON;6660;;;;;;;;
VR;21;17;U 46 COMBI FLUID;252;;;;;;;;
VR;21;40;ETRAVON SYNGENTA;735;;;;;;;;
VR;21;133;U 46 D-FLUID;63;;;;;;;;
VR;21;206;ALBENE;12184;;;;;;;;
VR;21;346;BAGIR MAX;15;;;;;;;;
VR;21;361;BAGNANTE ANTISCHIUMA S;178;;;;;;;;
VR;21;449;MOCAP;15675;;;;;;;;
VR;21;485;KENYATOX VERDE;1;;;;;;;;
VR;21;565;FUMATHANE 510;12760;;;;;;;;
VR;21;619;VALGRAN;307;;;;;;;;
VR;21;630;REGLONE W;2461;;;;;;;;
VR;21;747;ZOLFO SPRUZZABILE;1290;;;;;;;;
VR;21;779;TRIMANOC 80 WP;700;;;;;;;;
VR;21;886;SENCOR WG;25;;;;;;;;
VR;21;909;POLISOLFURO DI CALCIO POLISENIO;17175;;;;;;;;
VR;21;916;RAMIN 50;975;;;;;;;;
VR;21;955;TORDON 101;1;;;;;;;;
VR;21;1147;FITONEX COMBI;12;;;;;;;;
VR;21;1155;CHEMOL 90 EL;420;;;;;;;;
VR;21;1156;CHEMOL;8893;;;;;;;;
VR;21;1362;PRUNIG;22;;;;;;;;
VR;21;1466;BASIRAM L;115;;;;;;;;
VR;21;1544;MESUROL;10;;;;;;;;
VR;21;1562;ERBITOX E 30;465;;;;;;;;
VR;21;1573;BASAMID GRANULAT;680;;;;;;;;
VR;21;1583;MICROTHIOL DISPERSS;16662;;;;;;;;
VR;21;1600;ETRAVON;60;;;;;;;;
VR;21;1714;KERB 80 EDF;121;;;;;;;;
VR;21;1765;MICRO-DROP;7;;;;;;;;
VR;21;1823;ZOLFO 80 MICRONIZZATO;2600;;;;;;;;
VR;21;1850;IDRORAME FLOW;496;;;;;;;;
VR;21;1995;TETRARAM;20;;;;;;;;
VR;21;2029;TORDON 22K;10,3;;;;;;;;
VR;21;2191;WETTING PLUS;336;;;;;;;;
VR;21;2249;MALERBANE PRATI 400;6;;;;;;;;
VR;21;2259;PASTA LUMACHICIDA IN GRANI;130,8;;;;;;;;
VR;21;2307;VECTOR;2531;;;;;;;;
VR;21;2340;STOMP 330-E;12;;;;;;;;
VR;21;2353;BONALAN;2879;;;;;;;;
VR;21;2454;DIMILIN;14;;;;;;;;
VR;21;2520;ACTELLIC;7;;;;;;;;
VR;21;2525;LUMACID AGRO;126;;;;;;;;
VR;21;2634;BUGGY;1857;;;;;;;;
VR;21;2640;DU-DIM 5 PB;16;;;;;;;;
VR;21;2732;GOLTIX;857;;;;;;;;
VR;21;2896;TETROSSIL;2375;;;;;;;;
VR;21;2923;TIOVIT JET;30011;;;;;;;;
VR;21;2950;ADESIL A;6;;;;;;;;
VR;21;2995;ESCARTOX;542,6;;;;;;;;
VR;21;3065;OLIOCIN;22176,5;;;;;;;;
VR;21;3076;MESUROL ESCA;125;;;;;;;;
VR;21;3082;OLEOTER ESTATE;163;;;;;;;;
VR;21;3102;OLEOTER;365;;;;;;;;
VR;21;3141;CUTHIOL;22;;;;;;;;
VR;21;3163;U 46 M STAR;1086;;;;;;;;
VR;21;3219;CARAKOL AGRO;435;;;;;;;;
VR;21;3313;ARAGOL L 40;412;;;;;;;;
VR;21;3343;U46 M CLASS;122;;;;;;;;
VR;21;3366;ROGATOX EC;179;;;;;;;;
VR;21;3412;SYLLIT 65;425;;;;;;;;
VR;21;3486;TRISCABOL DG;25;;;;;;;;
VR;21;3519;METAMBANE;138;;;;;;;;
VR;21;3658;SIPCAMOL E;17,25;;;;;;;;
VR;21;3754;BAGNANTE SARIAF;1955;;;;;;;;
VR;21;3767;FENOXILENE MAX;904;;;;;;;;
VR;21;3771;ROVRAL WG;541;;;;;;;;
VR;21;3772;BORIAL PLUS;1;;;;;;;;
VR;21;3793;DITHANE M-45;637;;;;;;;;
VR;21;3800;CRITTAM WG;4504;;;;;;;;
VR;21;3859;DURSBAN;93;;;;;;;;
VR;21;4012;RELDAN 22;3265;;;;;;;;
VR;21;4199;PENNCOZEB DG;3170;;;;;;;;
VR;21;4228;ROGOR L 20;95;;;;;;;;
VR;21;4326;ROGOR L 40;432;;;;;;;;
VR;21;4426;DECIS;34;;;;;;;;
VR;21;4461;IMIDAN WDG;425;;;;;;;;
VR;21;4552;DITHANE DG NEOTEC;1750;;;;;;;;
VR;21;4710;ALIETTE;1824,45;;;;;;;;
VR;21;4833;FANDANGO 360 SL;220;;;;;;;;
VR;21;4896;RIGENAL P;1,65;;;;;;;;
VR;21;5152;TIOSPOR WG;434;;;;;;;;
VR;21;5228;CARAKOL;655,5;;;;;;;;
VR;21;5245;ESCALIM;375;;;;;;;;
VR;21;5292;FIXORMON;4;;;;;;;;
VR;21;5299;MIBIOL;53,5;;;;;;;;
VR;21;5346;OYLIR;15;;;;;;;;
VR;21;5363;BERELEX;1;;;;;;;;
VR;21;5574;LUMAKIDIN 5G;36;;;;;;;;
VR;21;5657;BAGNANTE SCAM;471;;;;;;;;
VR;21;5708;TERRAZOLE 25% EC;5;;;;;;;;
VR;21;5756;GALBEN M 8-65;45;;;;;;;;
VR;21;5758;GALBEN R 4-33 BLU;483,5;;;;;;;;
VR;21;5796;GARLON;15;;;;;;;;
VR;21;5864;CIPOTRIL;15;;;;;;;;
VR;21;5881;PREVICUR;0,22;;;;;;;;
VR;21;5980;FITOP 80;2;;;;;;;;
VR;21;6001;BETAFIL;22;;;;;;;;
VR;21;6037;TECTO SC;32;;;;;;;;
VR;21;6058;GIBERLAN C;0,5;;;;;;;;
VR;21;6136;GERMON L;119;;;;;;;;
VR;21;6162;DE-SPROUT;34310;;;;;;;;
VR;21;6277;OXAMYL DU PONT VYDATE 5G;710;;;;;;;;
VR;21;6321;STIMOLANTE 66F;63,9;;;;;;;;
VR;21;6322;OBSTHORMON 24A;530,5;;;;;;;;
VR;21;6324;MAXCEL;140;;;;;;;;
VR;21;6376;ANTISCHIUMA SHAUMSTOP;374,4;;;;;;;;
VR;21;6401;MONDAK 21 S;11;;;;;;;;
VR;21;6437;ETHREL;143;;;;;;;;
VR;21;6505;NOKAD;58,5;;;;;;;;
VR;21;6556;K-OBIOL DP2;206;;;;;;;;
VR;21;6557;K-OBIOL EC 25;1;;;;;;;;
VR;21;6632;DIPPER;21;;;;;;;;
VR;21;6674;AFALON DS;813;;;;;;;;
VR;21;6751;RASEN FLORANID;6;;;;;;;;
VR;21;6766;BUTISAN S;8;;;;;;;;
VR;21;6786;BAGNANTE AC;10;;;;;;;;
VR;21;6825;ETOPROSIP 10 G;2265;;;;;;;;
VR;21;6873;IDRORAME 193;164;;;;;;;;
VR;21;6945;TOPAS 10 EC;188,25;;;;;;;;
VR;21;6955;METACID;156;;;;;;;;
VR;21;6956;TARGA FLO;629;;;;;;;;
VR;21;6978;BETTER 400;740;;;;;;;;
VR;21;7020;BAGNANTE CIFO;3;;;;;;;;
VR;21;7024;ZOLVIS SC;660;;;;;;;;
VR;21;7053;PASTA CAFFARO NC;23;;;;;;;;
VR;21;7055;PASTA CAFFARO BLU;3913,5;;;;;;;;
VR;21;7101;LIMAVAL;34;;;;;;;;
VR;21;7291;VOLCAN COMBI;616,5;;;;;;;;
VR;21;7368;TURFENE L;24;;;;;;;;
VR;21;7369;SYLLIT FLO;7,6;;;;;;;;
VR;21;7370;TETRASOL LIQUIDO;120;;;;;;;;
VR;21;7379;VENZAR;70,5;;;;;;;;
VR;21;7401;POLTIGLIA CAFFARO 20 DF NEW;169;;;;;;;;
VR;21;7411;DIRAGER;17,95;;;;;;;;
VR;21;7454;ORMONE AG COMPRESSE;21,75;;;;;;;;
VR;21;7483;DEVRINOL F;688;;;;;;;;
VR;21;7530;BIOLID E;196;;;;;;;;
VR;21;7534;ROYAL MH;14800;;;;;;;;
VR;21;7541;APOLLO SC;8,5;;;;;;;;
VR;21;7555;KLARTAN 20 EW;24,76;;;;;;;;
VR;21;7581;ZELIG;15;;;;;;;;
VR;21;7587;IOTRIL;30;;;;;;;;
VR;21;7608;DASKOR;323;;;;;;;;
VR;21;7611;ENOVIT METIL FL;6396;;;;;;;;
VR;21;7700;MATACAR FL;167;;;;;;;;
VR;21;7733;BAYTEROID EW;41;;;;;;;;
VR;21;7736;ZOLFO SCORREVOLE TRIVENTILATO 95% S;200;;;;;;;;
VR;21;7845;TMTD 50 SC;662;;;;;;;;
VR;21;7876;PIRIMOR 17,5;95;;;;;;;;
VR;21;7889;NURELLE D;31;;;;;;;;
VR;21;7907;RAMEPLANT 50;620;;;;;;;;
VR;21;7916;POLYRAM DF;10168;;;;;;;;
VR;21;7919;TOUCHDOWN;17445;;;;;;;;
VR;21;7930;KERB FLO;112,5;;;;;;;;
VR;21;7957;ROVRAL PLUS;543;;;;;;;;
VR;21;7958;RONSTAR FL;3687;;;;;;;;
VR;21;7961;RIZOLEX  GOLD;738;;;;;;;;
VR;21;7963;RIZOLEX 50 PB;438;;;;;;;;
VR;21;7965;TRIGARD 75 WP;0,75;;;;;;;;
VR;21;7984;STRATOS;1000;;;;;;;;
VR;21;8023;SUMIALFA ECHO;285,25;;;;;;;;
VR;21;8054;METIS ECHO;141;;;;;;;;
VR;21;8102;MERPAN 80 WDG;23642;;;;;;;;
VR;21;8105;CIMORAM;15;;;;;;;;
VR;21;8106;CIMOZEB;25;;;;;;;;
VR;21;8117;BASTA 200;12750;;;;;;;;
VR;21;8130;TITUS;0,33;;;;;;;;
VR;21;8139;MANTA GOLD/FENOTRIX COMBI;6;;;;;;;;
VR;21;8146;GALLERY;114,5;;;;;;;;
VR;21;8153;SIGMA 52 DF;13;;;;;;;;
VR;21;8155;CATOR;116;;;;;;;;
VR;21;8156;DEVOX;669;;;;;;;;
VR;21;8157;ZETARAM 20 L;210;;;;;;;;
VR;21;8184;CHALLENGE;2961;;;;;;;;
VR;21;8189;FORCE;35045;;;;;;;;
VR;21;8201;GLISTER;1444,2;;;;;;;;
VR;21;8225;BLUE SHIELD;190;;;;;;;;
VR;21;8229;RAPAX;2;;;;;;;;
VR;21;8284;MICOSPOR MGD;2082;;;;;;;;
VR;21;8309;TECTO 20 S;15;;;;;;;;
VR;21;8340;TOPAS 10 WDG;51;;;;;;;;
VR;21;8351;Z.M. 75 DG;1330;;;;;;;;
VR;21;8376;ARIANE II;1310;;;;;;;;
VR;21;8377;GLIFOSIM;19,5;;;;;;;;
VR;21;8382;ROUNDUP BIOFLOW;36,52;;;;;;;;
VR;21;8429;GLYFOS SL;8971;;;;;;;;
VR;21;8498;FOLICUR WG;287,5;;;;;;;;
VR;21;8499;EFESTO;677;;;;;;;;
VR;21;8524;WHIP S;1;;;;;;;;
VR;21;8528;FEINZIN 35 DF;65;;;;;;;;
VR;21;8540;PAMPA/GHIBLI;130;;;;;;;;
VR;21;8542;FORUM 50 WP;437,8;;;;;;;;
VR;21;8547;LOGRAN;11,77;;;;;;;;
VR;21;8558;PIRETRO VERDE;2,26;;;;;;;;
VR;21;8601;FOLPAN 80 WDG;3451;;;;;;;;
VR;21;8617;BANVEL 480 S;4;;;;;;;;
VR;21;8646;ACTIVUS EC/PANDA;2890;;;;;;;;
VR;21;8706;AMID THIN W;1010,2;;;;;;;;
VR;21;8712;ALLEGANTE 4% AF 96;366,5;;;;;;;;
VR;21;8715;DIRAMID;212;;;;;;;;
VR;21;8721;NEXTER;2;;;;;;;;
VR;21;8726;OVISPRAY;1;;;;;;;;
VR;21;8729;FORUM R;1183;;;;;;;;
VR;21;8731;ACROBAT R;2805;;;;;;;;
VR;21;8735;TREBON UP;838,02;;;;;;;;
VR;21;8742;INDAR 5EW;460;;;;;;;;
VR;21;8743;GREENEX;36,6;;;;;;;;
VR;21;8755;PROGIBB 40 SG;2,5;;;;;;;;
VR;21;8795;VERTIMEC EC;192,25;;;;;;;;
VR;21;8796;SELECT;27;;;;;;;;
VR;21;8797;BINAL PRO/EMINENT COMBI;1533;;;;;;;;
VR;21;8801;SCORE 25 EC;450;;;;;;;;
VR;21;8803;DOMARK COMBI PB;80;;;;;;;;
VR;21;8835;MIKADO;2;;;;;;;;
VR;21;8836;MIMIC;943;;;;;;;;
VR;21;8838;GERMON BEWURZELUNGSPUDER PER TALEE LEGNOSE;0,06;;;;;;;;
VR;21;8841;CYREN 7,5 G;3597,5;;;;;;;;
VR;21;8843;NISSHIN;319;;;;;;;;
VR;21;8859;MASTIFF;9694;;;;;;;;
VR;21;8875;CIMOX 25 WP;7;;;;;;;;
VR;21;8884;BITRON DF;126;;;;;;;;
VR;21;8886;SAFARI;2887,56;;;;;;;;
VR;21;8899;ZOLFO VENTILATO RAMATO 5%;150;;;;;;;;
VR;21;8929;TOPIK 240 EC;1;;;;;;;;
VR;21;8933;SOLEAS;50;;;;;;;;
VR;21;8934;SCALA;1486,2;;;;;;;;
VR;21;8937;MASAI 20 WP;11;;;;;;;;
VR;21;8945;ENOVIT METIL DF;760;;;;;;;;
VR;21;8984;GLIPHOGAN TOP MK;5077;;;;;;;;
VR;21;8987;CONFIDOR 200 SL;272,59;;;;;;;;
VR;21;9005;AGIL;3272;;;;;;;;
VR;21;9010;RAMEZIN COMBI WG;420;;;;;;;;
VR;21;9012;CUPROCAFFARO MICRO;22219;;;;;;;;
VR;21;9036;ACTIVUS;74,3;;;;;;;;
VR;21;9038;OPINION;9,6;;;;;;;;
VR;21;9051;CEREWEED 30E;5;;;;;;;;
VR;21;9079;REGRAN COMBI;130;;;;;;;;
VR;21;9086;POLTIGLIA BORDOLESE SCAM D.F.;450;;;;;;;;
VR;21;9089;CYMOXAN M;4;;;;;;;;
VR;21;9131;PYRINEX ME;1967;;;;;;;;
VR;21;9148;SYLLIT 355 SC;139;;;;;;;;
VR;21;9153;CYREN 44 EC;8957;;;;;;;;
VR;21;9171;GALBEN R 4-33;265;;;;;;;;
VR;21;9180;STROBY WG;55;;;;;;;;
VR;21;9210;QUADRIS;3;;;;;;;;
VR;21;9237;GRID;21,65;;;;;;;;
VR;21;9240;OSCAR;1;;;;;;;;
VR;21;9267;ROYALTAC N;168920;;;;;;;;
VR;21;9280;TOPAS 200 EW;159;;;;;;;;
VR;21;9286;OHAYO;560;;;;;;;;
VR;21;9298;METHAM NA 51;11595;;;;;;;;
VR;21;9306;PROPLANT;27;;;;;;;;
VR;21;9311;CUPROSSIL IDRO 25 WP;4863;;;;;;;;
VR;21;9322;GOLTIX STAR;15;;;;;;;;
VR;21;9330;GLIFO 41;6,5;;;;;;;;
VR;21;9332;OPEN;19;;;;;;;;
VR;21;9339;BETANAL EXPERT;1118;;;;;;;;
VR;21;9364;RAPIDO;120;;;;;;;;
VR;21;9373;CHORUS;139;;;;;;;;
VR;21;9374;MATCH TOP;95;;;;;;;;
VR;21;9396;SCUP R;15;;;;;;;;
VR;21;9410;SUMICIDIN ECHO;72;;;;;;;;
VR;21;9411;RADIP ORMON;0,7;;;;;;;;
VR;21;9422;EVADE;212,7;;;;;;;;
VR;21;9443;ENDOGERME;8;;;;;;;;
VR;21;9444;CHLORCYRIN 220 EC;95;;;;;;;;
VR;21;9449;EMERALD COMBI;10;;;;;;;;
VR;21;9463;KLARO KIT;12;;;;;;;;
VR;21;9477;AGREE;119;;;;;;;;
VR;21;9496;GALIGAN EC;451;;;;;;;;
VR;21;9509;PROMALIN NT;212,5;;;;;;;;
VR;21;9531;SEQURA WG;108;;;;;;;;
VR;21;9550;PROFILE;233;;;;;;;;
VR;21;9578;SWITCH;2602,1;;;;;;;;
VR;21;9612;OSSICLOR 30;274;;;;;;;;
VR;21;9627;POLTIGLIA BORDOLESE DISPERSS;415;;;;;;;;
VR;21;9631;METRIN EC;79;;;;;;;;
VR;21;9634;CARNIVAL;219;;;;;;;;
VR;21;9655;PRIMIAL WG;39;;;;;;;;
VR;21;9668;RUFAST E-FLO;33,71;;;;;;;;
VR;21;9670;THIANOSAN 80 WG;70;;;;;;;;
VR;21;9675;PANTOX 360;406;;;;;;;;
VR;21;9678;M70 DF;420;;;;;;;;
VR;21;9679;KRISTAL 32 WG;344;;;;;;;;
VR;21;9689;AURIGA;41;;;;;;;;
VR;21;9693;SPORTAK 45 EW;17;;;;;;;;
VR;21;9694;SIMITAR 5 EW;27;;;;;;;;
VR;21;9695;PERLAN;194;;;;;;;;
VR;21;9696;NOVAGIB;24;;;;;;;;
VR;21;9705;PREVITER;1150,65;;;;;;;;
VR;21;9713;HORIZON;37;;;;;;;;
VR;21;9723;DE-SPROUT N;5420;;;;;;;;
VR;21;9724;TIOWETTING DF;3641;;;;;;;;
VR;21;9726;GLIFOSAN;25;;;;;;;;
VR;21;9730;CUPROSSIL IDRO 25 WP BLU;319;;;;;;;;
VR;21;9741;METAMIX M WP;171;;;;;;;;
VR;21;9744;SCORE 10 WG;859;;;;;;;;
VR;21;9747;FURY;12;;;;;;;;
VR;21;9757;SPYRALE;57;;;;;;;;
VR;21;9758;COPRANTOL WG;299;;;;;;;;
VR;21;9767;NUFOS 7,5 G;4163;;;;;;;;
VR;21;9787;MICROBAGNABILE WG;3921;;;;;;;;
VR;21;9790;CONTATTO 320;90;;;;;;;;
VR;21;9794;PLANET C;1110;;;;;;;;
VR;21;9797;GROLEN;33;;;;;;;;
VR;21;9798;CLIOPHAR 100;6;;;;;;;;
VR;21;9800;MAVRIK 20 EW;822,54;;;;;;;;
VR;21;9802;COPRANTOL HI BIO;792;;;;;;;;
VR;21;9813;DICLOPYR;27;;;;;;;;
VR;21;9832;TREK P;1148;;;;;;;;
VR;21;9833;CLINCHER;70;;;;;;;;
VR;21;9843;BASAGRAN SG;696;;;;;;;;
VR;21;9867;4 STAGIONI;55,25;;;;;;;;
VR;21;9872;AKRIS;1260;;;;;;;;
VR;21;9900;FLAVOS;77;;;;;;;;
VR;21;9919;CONTATTO PIU' EC;5;;;;;;;;
VR;21;9938;MASTER;0,7;;;;;;;;
VR;21;9940;ZELIG GR;31601;;;;;;;;
VR;21;9941;BUMPER P;109;;;;;;;;
VR;21;9954;JOKER;2109;;;;;;;;
VR;21;9963;METIDANE 22;347;;;;;;;;
VR;21;9970;HUNTER;1,25;;;;;;;;
VR;21;9989;SVELLER;10;;;;;;;;
VR;21;9994;ARIUS SYSTEM;52;;;;;;;;
VR;21;9995;ARIUS;267,25;;;;;;;;
VR;21;10004;AGRIMIX PRO;7;;;;;;;;
VR;21;10048;KUMULUS TECNO;28225;;;;;;;;
VR;21;10049;DURSBAN 75 WG;6569;;;;;;;;
VR;21;10057;ARPEL WDG;499,5;;;;;;;;
VR;21;10063;TOPIK 80 EC;7,5;;;;;;;;
VR;21;10088;MAXIM;7,72;;;;;;;;
VR;21;10105;RIDOMIL GOLD SL;31;;;;;;;;
VR;21;10106;RIDOMIL GOLD COMBI;29;;;;;;;;
VR;21;10116;VAPOR GARD;22;;;;;;;;
VR;21;10117;STRATOS ULTRA;792;;;;;;;;
VR;21;10118;AMISTAR;426;;;;;;;;
VR;21;10127;DECIS JET;82,61;;;;;;;;
VR;21;10139;PYKOS;285;;;;;;;;
VR;21;10154;BORDOFLOW SECTOR;38;;;;;;;;
VR;21;10158;PIREFLOR;0,37;;;;;;;;
VR;21;10161;ORTIVA;804,7;;;;;;;;
VR;21;10183;GARLON EV;35,4;;;;;;;;
VR;21;10185;ZERGAN EV;30,2;;;;;;;;
VR;21;10196;NECTAR;0,5;;;;;;;;
VR;21;10199;DUKE;490;;;;;;;;
VR;21;10224;EMME-H;4630;;;;;;;;
VR;21;10263;DRIVER;47;;;;;;;;
VR;21;10272;CEREXIL M DG;1280;;;;;;;;
VR;21;10296;IPERION;1043;;;;;;;;
VR;21;10297;SINIS 35 WG;577,6;;;;;;;;
VR;21;10305;OIKOS;306;;;;;;;;
VR;21;10306;MISTRAL;118;;;;;;;;
VR;21;10319;CADOU WP;10,4;;;;;;;;
VR;21;10324;NEMATHORIN 10 G;10;;;;;;;;
VR;21;10329;FORUM MZ WG;2;;;;;;;;
VR;21;10350;BLAST SG;853;;;;;;;;
VR;21;10357;RIGRON SG;375;;;;;;;;
VR;21;10372;RASIKAL QUICK;119;;;;;;;;
VR;21;10373;CONTEST;261;;;;;;;;
VR;21;10390;DIRACTIN;6;;;;;;;;
VR;21;10396;LIZOCIN;6;;;;;;;;
VR;21;10404;CLINIC 360 SL;5437;;;;;;;;
VR;21;10415;ARIC 480 LS;56;;;;;;;;
VR;21;10423;LUMACHICIDA VEBI;826,75;;;;;;;;
VR;21;10424;VEBIGLYF;249;;;;;;;;
VR;21;10425;SCUDEX;1108;;;;;;;;
VR;21;10426;PROTIL EC;139;;;;;;;;
VR;21;10434;MAXIGIB BIO;0,08;;;;;;;;
VR;21;10435;HERGON L;87;;;;;;;;
VR;21;10439;SPRAY DUNGER GLOBAL;317;;;;;;;;
VR;21;10440;EXPANDER;275;;;;;;;;
VR;21;10447;NOVEL DUO;5;;;;;;;;
VR;21;10456;KLARO ULTRA;42;;;;;;;;
VR;21;10461;DICOTURF;1,75;;;;;;;;
VR;21;10465;ROUNDUP MAX;10;;;;;;;;
VR;21;10471;OLOVER;20;;;;;;;;
VR;21;10477;LAS VEGAS;283;;;;;;;;
VR;21;10479;NATURALIS;4;;;;;;;;
VR;21;10493;RUNNER M 22;1312;;;;;;;;
VR;21;10494;PREMIUM TOP;340;;;;;;;;
VR;21;10504;KELLY WG;2222;;;;;;;;
VR;21;10532;TELDOR;16;;;;;;;;
VR;21;10540;TERIAL 75 WG/ALISE' 75 WG;1753;;;;;;;;
VR;21;10565;DICOTIL EXTRA;51;;;;;;;;
VR;21;10568;ZOOMER;1270;;;;;;;;
VR;21;10573;KOCIDE 2000;2810;;;;;;;;
VR;21;10577;METRIPHAR 70 WG;128;;;;;;;;
VR;21;10579;CARSON COP;110;;;;;;;;
VR;21;10581;CITRIN EC;242;;;;;;;;
VR;21;10582;PAM;385;;;;;;;;
VR;21;10584;SHAMAL MK PLUS;4325;;;;;;;;
VR;21;10585;SULCOTREK;1075;;;;;;;;
VR;21;10588;BIOPIREN PLUS;1;;;;;;;;
VR;21;10595;RAME CAFFARO BLU WG;5;;;;;;;;
VR;21;10604;EMERALD 40 EW/DOMARK 40 EW;119,8;;;;;;;;
VR;21;10609;MESOZIN 35 WG;115;;;;;;;;
VR;21;10627;FRUPICA;29;;;;;;;;
VR;21;10632;COBRE NORDOX SUPER 75 WG;6832;;;;;;;;
VR;21;10641;MANCOZEB MANICA 80 PB;25;;;;;;;;
VR;21;10650;BELGARD;330;;;;;;;;
VR;21;10671;COPERNICO;2272;;;;;;;;
VR;21;10701;CUMETA FLOW;140;;;;;;;;
VR;21;10710;TOMAGAN;245;;;;;;;;
VR;21;10715;SILGLIF NF;53;;;;;;;;
VR;21;10734;DUAL GOLD;1115;;;;;;;;
VR;21;10735;PRIMAGRAM GOLD;740;;;;;;;;
VR;21;10752;STEWARD;518;;;;;;;;
VR;21;10753;FOLICUR SE;17,9;;;;;;;;
VR;21;10758;BEETUP-TRIO;177;;;;;;;;
VR;21;10771;MOST MICRO;5487,5;;;;;;;;
VR;21;10780;LUMABLOC;30;;;;;;;;
VR;21;10882;MESUROL LUMACHE PLUS;272,5;;;;;;;;
VR;21;10889;AGRIMIX GOLD;15;;;;;;;;
VR;21;10895;PRESIDIUM;1;;;;;;;;
VR;21;10926;ALTOREX;127;;;;;;;;
VR;21;10927;KOHINOR PLUS;0,5;;;;;;;;
VR;21;10929;CHIKARA 25 WG;141,25;;;;;;;;
VR;21;10931;EMME-H 60 WS;370;;;;;;;;
VR;21;10936;NAAK 480;279;;;;;;;;
VR;21;10938;MANCOSIM 75 DF;300;;;;;;;;
VR;21;10939;CP 40 AGRO;578;;;;;;;;
VR;21;10941;FLAG;19;;;;;;;;
VR;21;10944;KARATE ZEON;69;;;;;;;;
VR;21;10952;CARPOVIRUSINE PLUS;337;;;;;;;;
VR;21;10970;NECOLIM;100;;;;;;;;
VR;21;10976;METEOR;3197,21;;;;;;;;
VR;21;10985;MEVAXIL M;3337;;;;;;;;
VR;21;10986;KASKO R;3020;;;;;;;;
VR;21;10998;RASIKAL ULTRA;0,5;;;;;;;;
VR;21;10999;BETANAL SE;381;;;;;;;;
VR;21;11011;DASH HC;778;;;;;;;;
VR;21;11012;AURA;6;;;;;;;;
VR;21;11013;CIOPPER;5;;;;;;;;
VR;21;11014;AZIMUT;7,25;;;;;;;;
VR;21;11015;PYCHLOREX 480 EC;25;;;;;;;;
VR;21;11027;MET-BLOC;48;;;;;;;;
VR;21;11029;PANDAR 22;2;;;;;;;;
VR;21;11030;PRIMO MAXX;12;;;;;;;;
VR;21;11041;FOLMAK COMBI;406;;;;;;;;
VR;21;11044;TUREX;231;;;;;;;;
VR;21;11045;DODIPREV 35;9;;;;;;;;
VR;21;11047;DICOPLUS;2;;;;;;;;
VR;21;11059;BIOPOWER;579;;;;;;;;
VR;21;11062;BION 50 WG;84,5;;;;;;;;
VR;21;11098;CADDY;0,25;;;;;;;;
VR;21;11102;HELIOSOUFRE S;30;;;;;;;;
VR;21;11104;CUPROFIX 30 DISPERSS;430;;;;;;;;
VR;21;11105;CUPROFIX 30 DISPERSS BLU;67;;;;;;;;
VR;21;11106;MANFIL 75 WG;25;;;;;;;;
VR;21;11107;ECO-TRAP;25;;;;;;;;
VR;21;11119;FLINT;549,5;;;;;;;;
VR;21;11127;HOPPER BLU;335;;;;;;;;
VR;21;11130;DISERBOFACILE;16;;;;;;;;
VR;21;11157;PROPYDOR;4,15;;;;;;;;
VR;21;11160;SUGARBETA PLUS SE;52;;;;;;;;
VR;21;11173;AVAUNT EC;713,5;;;;;;;;
VR;21;11175;KRISTAL 32;8;;;;;;;;
VR;21;11179;VOLLEY R;10;;;;;;;;
VR;21;11182;GLIPHYT;1090;;;;;;;;
VR;21;11183;PROGERBALIN LG;814;;;;;;;;
VR;21;11185;GERLAGIB LG;603;;;;;;;;
VR;21;11186;CUTIS;0,8;;;;;;;;
VR;21;11196;SULFAR;25;;;;;;;;
VR;21;11197;VITENE 45 WG;36,5;;;;;;;;
VR;21;11206;CODACIDE;952,5;;;;;;;;
VR;21;11223;GALIGAN 500 SC;191,5;;;;;;;;
VR;21;11243;LEOPARD 5 EC;1005;;;;;;;;
VR;21;11253;CALLISTO;856;;;;;;;;
VR;21;11255;DIVAM FLOW;363;;;;;;;;
VR;21;11257;COSTAR WG;204,75;;;;;;;;
VR;21;11258;FAZOR;465;;;;;;;;
VR;21;11271;CUREX;65;;;;;;;;
VR;21;11282;KEMIFAM TRIO FL;87;;;;;;;;
VR;21;11284;CIMOTER 4-40;30;;;;;;;;
VR;21;11301;SPHERE;73;;;;;;;;
VR;21;11303;CHAMP DP;600;;;;;;;;
VR;21;11307;AGRIRAT;135;;;;;;;;
VR;21;11310;CHIMIGOR 20;2;;;;;;;;
VR;21;11313;PROXAN SL;85;;;;;;;;
VR;21;11339;THIOVIT;125;;;;;;;;
VR;21;11341;STARANE GOLD;1034;;;;;;;;
VR;21;11345;ZOLVIS 80 WDG;3553;;;;;;;;
VR;21;11353;FUSILADE MAX;1170;;;;;;;;
VR;21;11355;TAMIFUM;25350;;;;;;;;
VR;21;11359;SARCAP 800;10;;;;;;;;
VR;21;11360;GRIP 25;192;;;;;;;;
VR;21;11374;BAGNANTE AGN L;12;;;;;;;;
VR;21;11379;ROYAL MH 60G - TAB;5215;;;;;;;;
VR;21;11390;VITENE TRIPLO BLU;136;;;;;;;;
VR;21;11393;BEETLE;688;;;;;;;;
VR;21;11396;WIRK;12;;;;;;;;
VR;21;11403;MELODY COMPACT;183;;;;;;;;
VR;21;11414;TENDENCY 25;1;;;;;;;;
VR;21;11416;OVIPRON TOP;5070;;;;;;;;
VR;21;11418;ROUNDUP 450 PLUS;1040;;;;;;;;
VR;21;11435;FLORANET;8;;;;;;;;
VR;21;11448;KICKER;124;;;;;;;;
VR;21;11449;GARDOPRIM GOLD;165;;;;;;;;
VR;21;11479;BRANCHER DIRADO;53;;;;;;;;
VR;21;11497;CRITTOVIT WG;50;;;;;;;;
VR;21;11499;BUSTER;7,8;;;;;;;;
VR;21;11500;CAPTHENE 80 WDG;405;;;;;;;;
VR;21;11501;VITE FOL;10;;;;;;;;
VR;21;11510;NOIDIO GOLD;1;;;;;;;;
VR;21;11513;EXILIS;7;;;;;;;;
VR;21;11523;SEPRADINA SC;1,5;;;;;;;;
VR;21;11525;FUNGIDINA;5,5;;;;;;;;
VR;21;11526;SULTAN;543;;;;;;;;
VR;21;11527;PYRINEX QUICK;1028,52;;;;;;;;
VR;21;11534;BIOTIOL;1,5;;;;;;;;
VR;21;11535;BLAU;100;;;;;;;;
VR;21;11560;REGALIS;916;;;;;;;;
VR;21;11561;NEEMAZAL T/S;223,24;;;;;;;;
VR;21;11569;CUPROXAT S.D.I.;307;;;;;;;;
VR;21;11586;TOP-AGAN;243,4;;;;;;;;
VR;21;11587;CAMBEL S;188;;;;;;;;
VR;21;11596;CALYPSO;432;;;;;;;;
VR;21;11600;CRUISER 350 FS;90;;;;;;;;
VR;21;11611;VYDATE 10L;1405;;;;;;;;
VR;21;11614;ACTARA 25 WG;572,5;;;;;;;;
VR;21;11619;TIOFLOR WDG;5519;;;;;;;;
VR;21;11626;PITSTOP;181,5;;;;;;;;
VR;21;11637;CUPROFIX C DISPERSS;350;;;;;;;;
VR;21;11638;FLUORATE;217,5;;;;;;;;
VR;21;11642;PIKAR;123;;;;;;;;
VR;21;11649;COMMAND 36 CS;1363,5;;;;;;;;
VR;21;11650;MASSOCUR 12-E;6;;;;;;;;
VR;21;11653;FOLIO GOLD 537,5 SC;328;;;;;;;;
VR;21;11659;HERBITOTAL S;24;;;;;;;;
VR;21;11660;SHOGUN;8977;;;;;;;;
VR;21;11666;FASER;184;;;;;;;;
VR;21;11668;PLENUM 50 WG;34,4;;;;;;;;
VR;21;11678;ACTELLIC 2P NEWPHARM;10;;;;;;;;
VR;21;11679;GIBERAL COMPRESSE;0,43;;;;;;;;
VR;21;11684;ACTELLIC 25 NEWPHARM;8;;;;;;;;
VR;21;11687;ACTELLIC 5 NEWPHARM;55;;;;;;;;
VR;21;11690;GOAL 480 SC;307;;;;;;;;
VR;21;11693;LASER;637,1;;;;;;;;
VR;21;11698;MINUET;60;;;;;;;;
VR;21;11700;BOTANIGARD 22 WP;0,5;;;;;;;;
VR;21;11701;BOTANIGARD SE;46;;;;;;;;
VR;21;11704;OLIO OGNISTAGIONE;34,75;;;;;;;;
VR;21;11711;DUKE IDROSSIDO;7620;;;;;;;;
VR;21;11717;MICLOTER;7;;;;;;;;
VR;21;11722;GEONEX;112;;;;;;;;
VR;21;11730;COSMOTRIN;0,45;;;;;;;;
VR;21;11752;ENVIDOR 240 SC;69,5;;;;;;;;
VR;21;11760;POLITHIOL;3040;;;;;;;;
VR;21;11788;NEMACUR 240 CS;3360;;;;;;;;
VR;21;11789;MANAGER;5;;;;;;;;
VR;21;11793;XENTARI;21;;;;;;;;
VR;21;11794;STOPPER;132;;;;;;;;
VR;21;11806;KARIKA;1;;;;;;;;
VR;21;11814;SPADA 200 EC;33;;;;;;;;
VR;21;11821;WEEDAZOL TL;60;;;;;;;;
VR;21;11838;RAGNOSTOP 10WP;3,5;;;;;;;;
VR;21;11862;LOBBY;185;;;;;;;;
VR;21;11869;NEGHEV;55;;;;;;;;
VR;21;11870;CUPRITAL S.D.I.;13;;;;;;;;
VR;21;11885;ELICIO;692;;;;;;;;
VR;21;11908;VENTUREX 35 L;107,7;;;;;;;;
VR;21;11921;RISCIO' 50 WP/RISCIO';738;;;;;;;;
VR;21;11931;MANZEB 75 WG;4310;;;;;;;;
VR;21;11944;ASPECT;2575;;;;;;;;
VR;21;11946;AZA NEMA;9;;;;;;;;
VR;21;11948;VINCARE;134;;;;;;;;
VR;21;11954;TERMINAL DUO;69;;;;;;;;
VR;21;11964;POLTIGLIA CAFFARO 20 GD;3979;;;;;;;;
VR;21;11977;SULFUR 80 WG;75;;;;;;;;
VR;21;11979;BORDO 20 MICRO;23,8;;;;;;;;
VR;21;11991;NEEMIK;384;;;;;;;;
VR;21;12010;TUAREG;4158;;;;;;;;
VR;21;12017;COSMOS;43;;;;;;;;
VR;21;12020;SUCCESS;1053,19;;;;;;;;
VR;21;12023;MEGIC;126,5;;;;;;;;
VR;21;12025;GERBATHIN 2 LG;128;;;;;;;;
VR;21;12030;SNOW;114;;;;;;;;
VR;21;12037;CAMIX;2590;;;;;;;;
VR;21;12041;MARTOS;161;;;;;;;;
VR;21;12043;PREVICUR ENERGY;282;;;;;;;;
VR;21;12044;CURZATE SYSTEM;30;;;;;;;;
VR;21;12048;TIOSOL 80 WG;6212;;;;;;;;
VR;21;12067;CIPER;102;;;;;;;;
VR;21;12068;TEFLUSTAR;557,9;;;;;;;;
VR;21;12069;EPIK;2948,03;;;;;;;;
VR;21;12083;DANADIM PROGRESS;102;;;;;;;;
VR;21;12084;GALEO;53;;;;;;;;
VR;21;12090;MICROSED GEO/MICRONOL T5;8030;;;;;;;;
VR;21;12096;POLTIGLIA DISPERSS;28668;;;;;;;;
VR;21;12100;ASSET;278;;;;;;;;
VR;21;12106;TALENDO;21,75;;;;;;;;
VR;21;12114;AUXIGER LG;25;;;;;;;;
VR;21;12115;BARRACUDA;815;;;;;;;;
VR;21;12133;JUVINAL 10 EC;299;;;;;;;;
VR;21;12136;VERITAS;99;;;;;;;;
VR;21;12138;R6 ERRESEI TREVI;117;;;;;;;;
VR;21;12149;GERBA 4 LG;171;;;;;;;;
VR;21;12172;FERRAMOL;8;;;;;;;;
VR;21;12174;V.I.P. FLOW;2010;;;;;;;;
VR;21;12177;VITTORIA 24 SC;14;;;;;;;;
VR;21;12194;TEGOPLANT;4,25;;;;;;;;
VR;21;12200;SILBOT R/DYMO R;760;;;;;;;;
VR;21;12202;ZEMIX R;80;;;;;;;;
VR;21;12203;TOOLER;2,52;;;;;;;;
VR;21;12207;ROUNDUP K QUATTROCENTO 50;15;;;;;;;;
VR;21;12208;ARPEL TRIPLO;6;;;;;;;;
VR;21;12211;MEDOR;45;;;;;;;;
VR;21;12212;PENTHIUM EC;462;;;;;;;;
VR;21;12215;VEBIPHOS 7,5;415,5;;;;;;;;
VR;21;12225;TEPPEKI;660,16;;;;;;;;
VR;21;12243;MANTIR DG;6350;;;;;;;;
VR;21;12245;ROUNDUP 360 POWER;2518,5;;;;;;;;
VR;21;12249;ERMEX;76;;;;;;;;
VR;21;12262;VALBON;10;;;;;;;;
VR;21;12263;VONDOZEB DG;2175;;;;;;;;
VR;21;12285;FORUM GOLD;160;;;;;;;;
VR;21;12296;GAIO SX;2,42;;;;;;;;
VR;21;12298;GUNNER SC;124;;;;;;;;
VR;21;12317;DACOL L 20;18;;;;;;;;
VR;21;12318;VIVER;695;;;;;;;;
VR;21;12320;PERSHING;33,5;;;;;;;;
VR;21;12322;SWITCH HOBBY/COMPO MUFFA STOP;0,04;;;;;;;;
VR;21;12323;VEBIZOLFO WG;185;;;;;;;;
VR;21;12325;MESUROL M PLUS;85;;;;;;;;
VR;21;12330;DEDALUS SE;1856,85;;;;;;;;
VR;21;12344;VEBITHRIN 5 EC;3;;;;;;;;
VR;21;12364;OROVIT TRIPLO;3;;;;;;;;
VR;21;12368;CARPOSTOP;175,5;;;;;;;;
VR;21;12375;SUGAR 500 SC;18;;;;;;;;
VR;21;12376;FITAGIL;121;;;;;;;;
VR;21;12383;RIDOMIL GOLD MZ PEPITE;40;;;;;;;;
VR;21;12391;FUEGO;65;;;;;;;;
VR;21;12395;CUTRIL TOP;50;;;;;;;;
VR;21;12399;GANZO;144;;;;;;;;
VR;21;12406;PLIS;24,5;;;;;;;;
VR;21;12437;DELAN 70 WG;22327;;;;;;;;
VR;21;12451;MAISNET;5;;;;;;;;
VR;21;12452;EQUIP;3689;;;;;;;;
VR;21;12453;MILDICUT;3771;;;;;;;;
VR;21;12482;LUMAX;28536;;;;;;;;
VR;21;12489;DIFCOR 250;493,75;;;;;;;;
VR;21;12491;CIPERTHRIN PLUS;241,5;;;;;;;;
VR;21;12492;ASTROL NUOVO;2700;;;;;;;;
VR;21;12504;FLOWBRIX;239;;;;;;;;
VR;21;12505;FLOWBRIX BLU;16;;;;;;;;
VR;21;12514;VIPER;203;;;;;;;;
VR;21;12515;GIBRELIN TAB;1,95;;;;;;;;
VR;21;12517;CONFIDOR Q-TEQ;1;;;;;;;;
VR;21;12519;CORSARIO;626,5;;;;;;;;
VR;21;12522;METRO;71,5;;;;;;;;
VR;21;12526;SWAN;3;;;;;;;;
VR;21;12528;CABRIO TOP;2;;;;;;;;
VR;21;12534;FOXTAIL;104,2;;;;;;;;
VR;21;12538;MYSTIC 25 WG;38,5;;;;;;;;
VR;21;12540;REGRAN SL;1878;;;;;;;;
VR;21;12550;SAHEL 75 WG;1,4;;;;;;;;
VR;21;12554;TERMINAL;26;;;;;;;;
VR;21;12560;METHIOR;13;;;;;;;;
VR;21;12561;MILLENIUM;3000;;;;;;;;
VR;21;12566;PYGANIC 1.4;1,5;;;;;;;;
VR;21;12568;SPRINTEX NEW L;115;;;;;;;;
VR;21;12573;EKO OIL SPRAY;8451,5;;;;;;;;
VR;21;12578;RANMAN;1,75;;;;;;;;
VR;21;12582;LINFA PIRETRO NATURALE;1,5;;;;;;;;
VR;21;12584;AVIATOR;40;;;;;;;;
VR;21;12590;DIASTAR MAXI;4520;;;;;;;;
VR;21;12593;BIG STAR;0,1;;;;;;;;
VR;21;12598;GRANSTAR POWER SX;80,66;;;;;;;;
VR;21;12622;QUANTUM;427,5;;;;;;;;
VR;21;12625;EFUZIN 355 SC/FULLDINA 35 FL;3577;;;;;;;;
VR;21;12627;DANADIM 400;4116;;;;;;;;
VR;21;12628;SERENADE MAX;28;;;;;;;;
VR;21;12629;BUGGY 360 SG N.E.T.;4355,4;;;;;;;;
VR;21;12636;QUASAR 6/24 R;10;;;;;;;;
VR;21;12642;TRATON SX;16,31;;;;;;;;
VR;21;12647;GLITTER;581;;;;;;;;
VR;21;12650;NUPRID 200 SL;21,24;;;;;;;;
VR;21;12654;SPINTOR;131,5;;;;;;;;
VR;21;12659;IMIDAN EC;8;;;;;;;;
VR;21;12661;SCUDEX WDG;355;;;;;;;;
VR;21;12670;RISOLUTIV SL;3278;;;;;;;;
VR;21;12671;HARMONY 50 SX;6779,85;;;;;;;;
VR;21;12683;MEXTROL PLUS;15;;;;;;;;
VR;21;12686;CHAMAN;9;;;;;;;;
VR;21;12706;PERMIT;18,53;;;;;;;;
VR;21;12710;CALIPER-EC;2;;;;;;;;
VR;21;12722;OSSICLOR 20 FLOW;927;;;;;;;;
VR;21;12731;MICLOTOP PROGRESS;377;;;;;;;;
VR;21;12734;JUPITER R DF;290;;;;;;;;
VR;21;12737;AIRONE PIU';3430;;;;;;;;
VR;21;12747;CUPRAVIT BLU WG;34,2;;;;;;;;
VR;21;12748;GRIFON PIU';890;;;;;;;;
VR;21;12754;KUPRUM TOP 30 WG;512;;;;;;;;
VR;21;12756;DICOTEX;34;;;;;;;;
VR;21;12759;OSSICLOR 35 WG;10500;;;;;;;;
VR;21;12761;AGRIMIX TOP;150;;;;;;;;
VR;21;12768;SPINTOR FLY;2;;;;;;;;
VR;21;12770;ALAR 85 GOLD;16;;;;;;;;
VR;21;12779;RAMEDIT COMBI WG;451;;;;;;;;
VR;21;12784;FARO WG;219;;;;;;;;
VR;21;12806;FEDOR;26;;;;;;;;
VR;21;12808;GLOBAL SC;2,5;;;;;;;;
VR;21;12813;AMISTAR XTRA;221;;;;;;;;
VR;21;12824;MERLIN EXPERT;57;;;;;;;;
VR;21;12828;SITOFEX;254;;;;;;;;
VR;21;12832;OPERA;69;;;;;;;;
VR;21;12837;ARIUS SYSTEM PLUS;8;;;;;;;;
VR;21;12843;CHECKMATE CM-F;31,03;;;;;;;;
VR;21;12849;BENPROP PRO/GEMINI;360;;;;;;;;
VR;21;12853;SONG;1;;;;;;;;
VR;21;12857;PROREX;208;;;;;;;;
VR;21;12858;PRODIGY;1700;;;;;;;;
VR;21;12859;BORNEO;56,08;;;;;;;;
VR;21;12860;MILBEKNOCK;8,5;;;;;;;;
VR;21;12862;CANTUS;480;;;;;;;;
VR;21;12865;DANTOP 50 WG;24,4;;;;;;;;
VR;21;12866;COLLIS;4;;;;;;;;
VR;21;12868;BELLIS;1144;;;;;;;;
VR;21;12869;SIGNUM;1570;;;;;;;;
VR;21;12878;RIDOMIL GOLD COMBI PEPITE;2655;;;;;;;;
VR;21;12881;HUSSAR MAXX;69,2;;;;;;;;
VR;21;12883;PROSPER 300 CS;888;;;;;;;;
VR;21;12886;KARATHANE STAR;255;;;;;;;;
VR;21;12888;LEPINOX PLUS;201;;;;;;;;
VR;21;12889;PICKER SC;5,8;;;;;;;;
VR;21;12903;DOLESE WG;361;;;;;;;;
VR;21;12904;BRAITEX;212;;;;;;;;
VR;21;12920;AGORA;122;;;;;;;;
VR;21;12924;JUPITER WG;3489;;;;;;;;
VR;21;12933;MOXYL 20 WP;179;;;;;;;;
VR;21;12940;KARATE ZEON 1.5;264;;;;;;;;
VR;21;12953;ARAMO 50;42;;;;;;;;
VR;21;12954;SPECTRUM;81;;;;;;;;
VR;21;12972;GLYFOS DAKAR;50;;;;;;;;
VR;21;12989;GIBB PLUS;174;;;;;;;;
VR;21;12992;BAGNANTE PLUS;2415;;;;;;;;
VR;21;12996;CIMORAM BLU;3;;;;;;;;
VR;21;13005;PROMAG;576,35;;;;;;;;
VR;21;13012;FOLVIT 80 WDG;220;;;;;;;;
VR;21;13016;BIOACT WG;8;;;;;;;;
VR;21;13018;GONDOR;9;;;;;;;;
VR;21;13020;MICRORAM 35 WG;1365,8;;;;;;;;
VR;21;13025;MYSTIC 250 EW;695;;;;;;;;
VR;21;13026;SUSCON;0,55;;;;;;;;
VR;21;13039;POTCLEAN 2G;21;;;;;;;;
VR;21;13049;SULCOGAN;488;;;;;;;;
VR;21;13055;MACHO;24;;;;;;;;
VR;21;13061;BIOBIT DF;193;;;;;;;;
VR;21;13062;DIPEL DF;93;;;;;;;;
VR;21;13063;REGULEX 10 SG;0,74;;;;;;;;
VR;21;13064;VITENE ULTRA SC;212;;;;;;;;
VR;21;13065;DOMARK 125;551,25;;;;;;;;
VR;21;13068;NEORAM WG;474;;;;;;;;
VR;21;13081;NISSORUN;3;;;;;;;;
VR;21;13084;TELDOR PLUS;694,5;;;;;;;;
VR;21;13087;TASIS;91;;;;;;;;
VR;21;13090;SIRDATE R;10;;;;;;;;
VR;21;13093;STOMP AQUA;7159;;;;;;;;
VR;21;13095;DIRA-MAX LG;130;;;;;;;;
VR;21;13098;ROUNDUP POWER 2.0;774;;;;;;;;
VR;21;13101;SCHOLAR;1;;;;;;;;
VR;21;13104;ALGOR PLATIN;475;;;;;;;;
VR;21;13106;IKANOS;2234;;;;;;;;
VR;21;13111;THIOCUR FORTE;313,4;;;;;;;;
VR;21;13120;MYSTIC 430 SC;399;;;;;;;;
VR;21;13126;CABRIO DUO;3225;;;;;;;;
VR;21;13128;GOLTIX 50 WG;339;;;;;;;;
VR;21;13129;BREAK-THRU S240;124;;;;;;;;
VR;21;13130;GUNNER WG;1407;;;;;;;;
VR;21;13133;NIBER 35 WG;2,5;;;;;;;;
VR;21;13138;SYSTHANE 4,5 PLUS;20;;;;;;;;
VR;21;13143;MEZENE WG;4833;;;;;;;;
VR;21;13149;POLTIGLIA MANICA 20 WG;1065;;;;;;;;
VR;21;13152;OPTIX R DISPERSS;293;;;;;;;;
VR;21;13153;BANVEL S;154;;;;;;;;
VR;21;13158;REMEDIER;320;;;;;;;;
VR;21;13167;POMARSOL 80 WG;3402;;;;;;;;
VR;21;13168;LAUDIS;2456;;;;;;;;
VR;21;13172;CREW 40 OD;236;;;;;;;;
VR;21;13186;TITUS MAIS EXTRA;57,26;;;;;;;;
VR;21;13201;FOLICUR AE;1,6;;;;;;;;
VR;21;13205;ZOLFO MANICA SCORREVOLE DOPPIO RAFFINATO;11875;;;;;;;;
VR;21;13212;CONFIDOR 200 O-TEQ;4;;;;;;;;
VR;21;13213;R6 ERRESEI ALBIS;786;;;;;;;;
VR;21;13222;DUOKAR 4,5 EW PRO;95;;;;;;;;
VR;21;13225;AGRIDIF/FRISBEE;10;;;;;;;;
VR;21;13236;BULLET;265;;;;;;;;
VR;21;13242;NICOGAN V.O.;413;;;;;;;;
VR;21;13243;CIMOTER EXTRA;7;;;;;;;;
VR;21;13244;ZOLFO VENTILATO STELLA;2010;;;;;;;;
VR;21;13250;ZOLFO VENTILATO STELLA RAMATO B;190;;;;;;;;
VR;21;13255;PLAYER GR;2;;;;;;;;
VR;21;13263;BORDORAM 20 WG;4,4;;;;;;;;
VR;21;13267;IMPERO;124;;;;;;;;
VR;21;13290;ZOLFO MANICA DOPPIO RAFFINATO VENTILATO RAMATO 3% NEW;5300;;;;;;;;
VR;21;13292;ZOLFO A.&A. F.LLI ZANUCCOLI TRIVENTILATO 93% S;2110;;;;;;;;
VR;21;13296;POKER 7,5;480;;;;;;;;
VR;21;13299;MAGIO';89;;;;;;;;
VR;21;13307;BERLINA;155;;;;;;;;
VR;21;13308;DICARZOL 10 SP;20;;;;;;;;
VR;21;13309;DRAKE 26;3;;;;;;;;
VR;21;13313;CASPER;10;;;;;;;;
VR;21;13314;CABRIO EC;3;;;;;;;;
VR;21;13316;MERLIN GOLD;261;;;;;;;;
VR;21;13323;SULFY 80 WDG;27,6;;;;;;;;
VR;21;13327;GRANSTAR ULTRA SX;860,75;;;;;;;;
VR;21;13329;OMNEX 10 EC;11;;;;;;;;
VR;21;13332;VIP;40;;;;;;;;
VR;21;13350;TAU AL;6;;;;;;;;
VR;21;13352;DIREX 7,5 GR;518;;;;;;;;
VR;21;13354;DIFFERENCE;1;;;;;;;;
VR;21;13356;AGRIZOLE;142;;;;;;;;
VR;21;13361;DECIS ENERGY O-TEQ;32,15;;;;;;;;
VR;21;13364;OXYFLOWER;150;;;;;;;;
VR;21;13367;DIVO;427;;;;;;;;
VR;21;13370;WARRANT 200 SL;754;;;;;;;;
VR;21;13375;NUPRID 200 SC;475,5;;;;;;;;
VR;21;13382;PERGADO SC;1041,5;;;;;;;;
VR;21;13386;PROSARO;575;;;;;;;;
VR;21;13387;FLORAMIX;9,54;;;;;;;;
VR;21;13389;AFFIRM;25947;;;;;;;;
VR;21;13391;CYTHRIN 50 EC;5;;;;;;;;
VR;21;13394;IMIDASECT;16;;;;;;;;
VR;21;13402;LUMA-KL;310;;;;;;;;
VR;21;13403;GLOXY;73;;;;;;;;
VR;21;13405;TRINEX EW;0,08;;;;;;;;
VR;21;13409;SILFUR WG;7008;;;;;;;;
VR;21;13410;FRUTTENE 76 WG;2026;;;;;;;;
VR;21;13414;ARES 5 SC;780;;;;;;;;
VR;21;13427;HARMONY;1,06;;;;;;;;
VR;21;13440;SATEL;800,2;;;;;;;;
VR;21;13443;FUNGIBEN;544;;;;;;;;
VR;21;13447;HELMSTAR 75 WG;0,02;;;;;;;;
VR;21;13451;SPARVIERO;54,5;;;;;;;;
VR;21;13455;ANTIGRAM GOLD;445;;;;;;;;
VR;21;13466;SPOTLIGHT PLUS;768;;;;;;;;
VR;21;13468;CLINER;6,5;;;;;;;;
VR;21;13472;ALIEN;37;;;;;;;;
VR;21;13485;FOLPEC 80 WG ADVANCE;10;;;;;;;;
VR;21;13489;CYMBAL;1007,5;;;;;;;;
VR;21;13495;RYU-RUN WG;3;;;;;;;;
VR;21;13505;CLICK DUO;624;;;;;;;;
VR;21;13522;SPIDER KILL;8;;;;;;;;
VR;21;13529;AGTRIN EW;90;;;;;;;;
VR;21;13536;SAFRAN;6;;;;;;;;
VR;21;13540;QUASAR R FLOW;1;;;;;;;;
VR;21;13542;FANTIC M NC;1496;;;;;;;;
VR;21;13544;STADIO M;5;;;;;;;;
VR;21;13547;MEXIL ORO MZ WG;88;;;;;;;;
VR;21;13549;TIPTOR XCELL;86;;;;;;;;
VR;21;13552;ZOLVIS 80 SECTOR;1,8;;;;;;;;
VR;21;13555;SHUT TWIN;946;;;;;;;;
VR;21;13560;FORZA;36;;;;;;;;
VR;21;13563;NICOGAN;1;;;;;;;;
VR;21;13576;RAMEPLANT WG;34;;;;;;;;
VR;21;13577;CARPOSAN 40 CE;12;;;;;;;;
VR;21;13578;RAME CAFFARO BLU WG NEW;1072;;;;;;;;
VR;21;13579;COPPER 12;62;;;;;;;;
VR;21;13581;TIOGEL 80 WDG;804;;;;;;;;
VR;21;13585;SOLOFOL;895;;;;;;;;
VR;21;13586;VERDERAME 20 WG;14;;;;;;;;
VR;21;13592;VOLARE;707;;;;;;;;
VR;21;13608;MEXTROL SUPERB;1;;;;;;;;
VR;21;13610;CLINIC SPECTRUM;105;;;;;;;;
VR;21;13635;POLTIGLIA 20 PB MANICA;692;;;;;;;;
VR;21;13637;PERGADO F;20;;;;;;;;
VR;21;13639;ACRAMITE 480 SC;17,65;;;;;;;;
VR;21;13640;IMPRINT;462,2;;;;;;;;
VR;21;13646;SENTRY;385;;;;;;;;
VR;21;13648;SIARAM 20 WG;1875;;;;;;;;
VR;21;13651;SPECTRO;9;;;;;;;;
VR;21;13689;FLINT MAX;35,25;;;;;;;;
VR;21;13697;ZOLFO A.&A. F.LLI ZANUCCOLI TRIVENTILATO RAMATO 1,5;30;;;;;;;;
VR;21;13698;VIVANDO;566;;;;;;;;
VR;21;13701;RUBIN SX;49,8;;;;;;;;
VR;21;13702;GEOTOX 7,5 C;173;;;;;;;;
VR;21;13707;IMPACT SUPREME;1254;;;;;;;;
VR;21;13709;U 46 PRATI;13709;;;;;;;;
VR;21;13711;QUIZA 5 EC;304;;;;;;;;
VR;21;13716;CAPTAN ARVESTA 80 WG;39825;;;;;;;;
VR;21;13721;AFIDINA QUICK;1231,4;;;;;;;;
VR;21;13722;CAL-EX 1.9 EC;3449;;;;;;;;
VR;21;13736;TRACE;400,75;;;;;;;;
VR;21;13741;SELECTA DISPERSS;60;;;;;;;;
VR;21;13743;KUKAR 22;664;;;;;;;;
VR;21;13758;OPTIX WG;9;;;;;;;;
VR;21;13765;SHERPA 100 EW;142;;;;;;;;
VR;21;13771;NIMROD 250 EW;1603;;;;;;;;
VR;21;13785;QUANTUM MZ;542;;;;;;;;
VR;21;13786;QUANTUM R;4505;;;;;;;;
VR;21;13792;STABILAN;46;;;;;;;;
VR;21;13793;RUNNER M;320;;;;;;;;
VR;21;13794;SPADA WDG;426;;;;;;;;
VR;21;13796;CELL;232;;;;;;;;
VR;21;13797;ELIOS WG;98;;;;;;;;
VR;21;13812;NOTO 40 OD;406;;;;;;;;
VR;21;13817;ALIAL WG;1194;;;;;;;;
VR;21;13820;BAYTEROID 25 EC;43;;;;;;;;
VR;21;13823;ALVERDE;229,5;;;;;;;;
VR;21;13824;DARCOS;4;;;;;;;;
VR;21;13837;SILWET L-77;594,75;;;;;;;;
VR;21;13838;XEDAVIR;8;;;;;;;;
VR;21;13840;CYD-X;68,75;;;;;;;;
VR;21;13843;ZELIG 480 EC;6779;;;;;;;;
VR;21;13852;DIQUA;550;;;;;;;;
VR;21;13857;CRODIX GEO/MINUET GEO;4430;;;;;;;;
VR;21;13858;MEDIATOR EXTRA SL;32,26;;;;;;;;
VR;21;13859;MADEX 100;118;;;;;;;;
VR;21;13865;FUNGICIDA GARDEN;22;;;;;;;;
VR;21;13866;ALISE' EC;70;;;;;;;;
VR;21;13877;KITT PRONTO;8,5;;;;;;;;
VR;21;13883;REBEX;1;;;;;;;;
VR;21;13885;MICROCOPP NEUTRO FL;70;;;;;;;;
VR;21;13899;ASCO 45 WG%;122,5;;;;;;;;
VR;21;13901;VERDERAME 20 PB;369;;;;;;;;
VR;21;13905;BANJO;4605;;;;;;;;
VR;21;13908;BORDO ISAGRO WG;16730;;;;;;;;
VR;21;13925;BOGARD;368,5;;;;;;;;
VR;21;13926;SPONSOR;69,5;;;;;;;;
VR;21;13931;GEREPHON SL;138;;;;;;;;
VR;21;13955;MITIGREEN;380;;;;;;;;
VR;21;13981;CORAGEN;1747,42;;;;;;;;
VR;21;13998;PYRUS 400 SC;2;;;;;;;;
VR;21;14005;CLORTOSIP 500 SC;1229;;;;;;;;
VR;21;14006;INDIPENDENT 25 PB;171;;;;;;;;
VR;21;14021;BREK DUO;118;;;;;;;;
VR;21;14023;SUPPORT 10EC;928;;;;;;;;
VR;21;14033;FASTER 200 EC;56;;;;;;;;
VR;21;14034;CURENOX TOP MICRO;44,7;;;;;;;;
VR;21;14036;FASTER WDG;110;;;;;;;;
VR;21;14043;SUPRAFOS WG;44;;;;;;;;
VR;21;14044;JOKER 480;83;;;;;;;;
VR;21;14052;PRODEO 80 WG;77;;;;;;;;
VR;21;14055;RAME IDROSSIDO FLOW AGRISYSTEM;8;;;;;;;;
VR;21;14056;RODIBAIT;36,4;;;;;;;;
VR;21;14057;CAP 480 SC;10;;;;;;;;
VR;21;14058;FEINZIN 70 DF;1027,25;;;;;;;;
VR;21;14062;ZOXIUM 240 SC;817;;;;;;;;
VR;21;14074;TRINEX 250 EW;467;;;;;;;;
VR;21;14076;CYPRUS 25 DF;14,5;;;;;;;;
VR;21;14077;CHAMP 20 DF;1430;;;;;;;;
VR;21;14091;APHOX;20;;;;;;;;
VR;21;14092;AGRORAT B;13,3;;;;;;;;
VR;21;14098;CRITTOX GD 75;40;;;;;;;;
VR;21;14099;ASPOR WDG;5850;;;;;;;;
VR;21;14101;CARAMBA;4;;;;;;;;
VR;21;14102;BORDOFLOW NEW;740;;;;;;;;
VR;21;14107;MICROBAGNABILE SC;90;;;;;;;;
VR;21;14119;VISIR PENCOTECH;72;;;;;;;;
VR;21;14123;ZETARAM NEW TECH;50;;;;;;;;
VR;21;14127;MEVAXIL COBRE;189;;;;;;;;
VR;21;14128;ZIGNAL;258;;;;;;;;
VR;21;14135;GRENADIER 75 DF;310,32;;;;;;;;
VR;21;14136;OBERON;15;;;;;;;;
VR;21;14137;ALTACOR;68,9;;;;;;;;
VR;21;14154;PIRETRO ACTIGREEN;0,74;;;;;;;;
VR;21;14156;CURZATE R WG;271;;;;;;;;
VR;21;14158;CHLORCYRINE 550 EC;157;;;;;;;;
VR;21;14164;TRIKA ZETA;2977;;;;;;;;
VR;21;14165;NANDO MAXI;462;;;;;;;;
VR;21;14166;ZETOR;1442;;;;;;;;
VR;21;14168;SILWET VELONEX;204;;;;;;;;
VR;21;14169;PERGADO R;2150;;;;;;;;
VR;21;14178;TRI-BASE;653,8;;;;;;;;
VR;21;14182;ARES 25 WG;152;;;;;;;;
VR;21;14184;GALATAS PLUS;15;;;;;;;;
VR;21;14187;SILWET FASTEX;685,5;;;;;;;;
VR;21;14193;SARMOX 45 DG;50,5;;;;;;;;
VR;21;14195;KENDO WITH ZEON TECHNOLOGY;60;;;;;;;;
VR;21;14202;APOR 50 SC;5;;;;;;;;
VR;21;14214;RAPSAN 500 SC;692;;;;;;;;
VR;21;14218;VEDO BLU;3;;;;;;;;
VR;21;14245;GOLEM;47,75;;;;;;;;
VR;21;14248;CLOR QUICK;21,1;;;;;;;;
VR;21;14290;KOHINOR 200 SL;3413,05;;;;;;;;
VR;21;14294;EXECUTIVE;118,1;;;;;;;;
VR;21;14333;DIMILIN SC-15;2;;;;;;;;
VR;21;14336;NEMATHORIN 150 EC;25;;;;;;;;
VR;21;14342;VOLCAN COMBI SC;50;;;;;;;;
VR;21;14363;U 46 GIARDEN;4,5;;;;;;;;
VR;21;14370;AMISTAR;121;;;;;;;;
VR;21;14373;GLINET;579;;;;;;;;
VR;21;14377;BROS;86;;;;;;;;
VR;21;14381;PYRINET;60;;;;;;;;
VR;21;14384;ETOPROSIP G;360;;;;;;;;
VR;21;14386;OLIONET;8;;;;;;;;
VR;21;14389;DESSICASH 200 SL;13321;;;;;;;;
VR;21;14398;KOHINOR 70 WDG;17;;;;;;;;
VR;21;14405;MERLIN FLEXX;5561;;;;;;;;
VR;21;14407;RUNWAY;22,95;;;;;;;;
VR;21;14409;MOVENTO 48 SC;1399,32;;;;;;;;
VR;21;14416;VERTIMEC;16;;;;;;;;
VR;21;14418;PULSAR 40 SL;2294;;;;;;;;
VR;21;14419;TRUST SC;0,5;;;;;;;;
VR;21;14423;PRIMISOL 80 WDG;14;;;;;;;;
VR;21;14431;LENTAGRAN 45 WP;69,8;;;;;;;;
VR;21;14432;METRIC;109;;;;;;;;
VR;21;14433;QUBIC R;1241;;;;;;;;
VR;21;14434;NUANCE;1151,74;;;;;;;;
VR;21;14441;VALZER SC;337;;;;;;;;
VR;21;14459;DEDALUS WDG;223;;;;;;;;
VR;21;14461;CURIT DUO;158;;;;;;;;
VR;21;14462;KOBAN T;2244;;;;;;;;
VR;21;14463;MERPAN 480 SC;170;;;;;;;;
VR;21;14465;TAIFUN MK;16374;;;;;;;;
VR;21;14469;ROMIN 600;335;;;;;;;;
VR;21;14474;TEBUSIP COMBI;540,9;;;;;;;;
VR;21;14481;KORTHANE M;6;;;;;;;;
VR;21;14488;ANTRACOL 70 WG;880;;;;;;;;
VR;21;14491;QUBIC MZ;1340;;;;;;;;
VR;21;14500;TEPPEKI;34;;;;;;;;
VR;21;14510;ELECTIS TRIO;335;;;;;;;;
VR;21;14514;BOOSTER;21;;;;;;;;
VR;21;14523;CARPO 600;1,5;;;;;;;;
VR;21;14527;SUDOKU TOP;6;;;;;;;;
VR;21;14541;RAVENAS EXTRA;73;;;;;;;;
VR;21;14543;FLUIZOL;16;;;;;;;;
VR;21;14574;MONREV;116;;;;;;;;
VR;21;14575;TRIMMER SX;1,6;;;;;;;;
VR;21;14577;FORUM R 3B;2426;;;;;;;;
VR;21;14581;ROBO' WDG;417;;;;;;;;
VR;21;14582;FENGIB;7;;;;;;;;
VR;21;14629;GAT TESSLA 25 WG;144;;;;;;;;
VR;21;14636;BIOLID UP;1070,5;;;;;;;;
VR;21;14638;NETOR;485;;;;;;;;
VR;21;14640;OBOKE-SC;645;;;;;;;;
VR;21;14642;RIDOMIL GOLD R WG;9259;;;;;;;;
VR;21;14643;CENTIUM 36 CS;938;;;;;;;;
VR;21;14647;VIVAL;40;;;;;;;;
VR;21;14660;BTK 32 WG;5;;;;;;;;
VR;21;14664;BERELEX 40 SG;147,22;;;;;;;;
VR;21;14684;SUPERBO;27;;;;;;;;
VR;21;14687;QUAD-GLOB 200 SL;8964;;;;;;;;
VR;21;14693;VIP 80 EC;54,75;;;;;;;;
VR;21;14697;ENERVIN DUO;858;;;;;;;;
VR;21;14699;GEOXE;150,5;;;;;;;;
VR;21;14728;CELIO;3,5;;;;;;;;
VR;21;14735;RANMAN TOP;57;;;;;;;;
VR;21;14737;ROUNDUP PLATINUM;2376;;;;;;;;
VR;21;14739;DECIS PROTECT;12;;;;;;;;
VR;21;14758;KARATE WITH ZEON TECHNOLOGY 1.5 HOBBY;3,2;;;;;;;;
VR;21;14764;SLUXX;60;;;;;;;;
VR;21;14766;ACTARA 240 SC;24;;;;;;;;
VR;21;14768;CALIBAN TOP;59,6;;;;;;;;
VR;21;14770;MISCANTI DUO;12;;;;;;;;
VR;21;14772;BANDERA;48;;;;;;;;
VR;21;14785;DRISCOLL;100,7;;;;;;;;
VR;21;14792;MELODY TREVI;871;;;;;;;;
VR;21;14794;MYSTIC CLASS;100;;;;;;;;
VR;21;14796;ATOMINAL 10 EC;7;;;;;;;;
VR;21;14798;DIFLORON 200 SL;3;;;;;;;;
VR;21;14799;AFLOR 200 SL;1,95;;;;;;;;
VR;21;14803;ELECTIS ZR;46;;;;;;;;
VR;21;14804;COPPER - DF;15,5;;;;;;;;
VR;21;14806;LUNA PRIVILEGE;282;;;;;;;;
VR;21;14807;LUZINDO;28,25;;;;;;;;
VR;21;14808;PROXANIL SC;45;;;;;;;;
VR;21;14809;CUPRAVIT BIO EVOLUTION;3912;;;;;;;;
VR;21;14812;ENERVIN TOP;21;;;;;;;;
VR;21;14815;ADENGO;12316;;;;;;;;
VR;21;14818;ACANTO;140;;;;;;;;
VR;21;14826;PYREOS EXTRA SL;105,3;;;;;;;;
VR;21;14828;NUPRID SUPREME SC;385;;;;;;;;
VR;21;14837;GLIFOSAR FLASH;4325;;;;;;;;
VR;21;14838;BARCLAY GALLUP BIOGRADE 360;9520;;;;;;;;
VR;21;14845;MYSTIC PLUS S;336;;;;;;;;
VR;21;14857;ABOTRIL 500;36;;;;;;;;
VR;21;14867;SYNERO;60;;;;;;;;
VR;21;14868;IDROX 22 NEW;232;;;;;;;;
VR;21;14870;ASSORAM ELITE WG;40;;;;;;;;
VR;21;14871;OXICU;2160;;;;;;;;
VR;21;14872;BELLIS DRUPACEE;110;;;;;;;;
VR;21;14876;GRANDSTAND;5;;;;;;;;
VR;21;14878;FOXTROT;304;;;;;;;;
VR;21;14879;LONTREL 72 SG;8;;;;;;;;
VR;21;14884;CORUM;1989;;;;;;;;
VR;21;14894;LANNATE 25 WP;62;;;;;;;;
VR;21;14895;LANNATE 20 SL;317,5;;;;;;;;
VR;21;14896;HIMALAYA 60 SG;1000;;;;;;;;
VR;21;14897;FLUROSTAR 200;290;;;;;;;;
VR;21;14898;POLECI;3;;;;;;;;
VR;21;14915;REPLAY;7;;;;;;;;
VR;21;14916;SILWET SPRINTEX;387,25;;;;;;;;
VR;21;14927;KALAHARI;80;;;;;;;;
VR;21;14935;TRAXOS ONE;27;;;;;;;;
VR;21;14936;AMPLIGO;129,5;;;;;;;;
VR;21;14940;TAKUMI;65,9;;;;;;;;
VR;21;14941;SWAT DRIP;15;;;;;;;;
VR;21;14944;FLUXYR 200 EC;256;;;;;;;;
VR;21;14951;BOTECTOR;1,2;;;;;;;;
VR;21;14972;DICARZOL 50 SP;15;;;;;;;;
VR;21;14973;MONTANA;409;;;;;;;;
VR;21;14974;BELEM 0.8 MG;65171;;;;;;;;
VR;21;14977;SORPASSO 500 FL;40;;;;;;;;
VR;21;14980;AFFINITY PLUS;207;;;;;;;;
VR;21;14985;RETENGO PLUS;23;;;;;;;;
VR;21;15005;FONTELIS;29;;;;;;;;
VR;21;15006;TRAXOS PRONTO;44;;;;;;;;
VR;21;15007;AXIAL PRONTO;259;;;;;;;;
VR;21;15008;LBG - 01F34;1696;;;;;;;;
VR;21;15011;SPI EC;3;;;;;;;;
VR;21;15013;NATRIA LUMACHICIDA;23,5;;;;;;;;
VR;21;15019;RIVIERA;552;;;;;;;;
VR;21;15023;DERREX;102;;;;;;;;
VR;21;15024;MESUROL 200 SC;314;;;;;;;;
VR;21;15030;COSSACK;63;;;;;;;;
VR;21;15037;BREZZA;1224;;;;;;;;
VR;21;15041;OPINION ECNA;27;;;;;;;;
VR;21;15047;R6 ERRESEI BORDEAUX WG;2146;;;;;;;;
VR;21;15049;MODDUS;21;;;;;;;;
VR;21;15050;VERTIMEC PRO;96;;;;;;;;
VR;21;15052;KAIMO SORBIE;27,6;;;;;;;;
VR;21;15053;ADMIRAL ECHO;14;;;;;;;;
VR;21;15055;FOSIM;2;;;;;;;;
VR;21;15058;PRINCIPAL MAIS;227,48;;;;;;;;
VR;21;15059;DECIS EVO;824;;;;;;;;
VR;21;15061;SCOMRID;3;;;;;;;;
VR;21;15062;PIRAMAX  EC;22;;;;;;;;
VR;21;15063;NIMBLE;11,35;;;;;;;;
VR;21;15064;MAESTRO WG ADVANCE;15;;;;;;;;
VR;21;15067;MIG-40 SC;1282;;;;;;;;
VR;21;15071;EVOLUTION;69;;;;;;;;
VR;21;15079;JUVINAL ECHO;274;;;;;;;;
VR;21;15083;AUDACE;467;;;;;;;;
VR;21;15085;VITISAN 45 WG;249;;;;;;;;
VR;21;15088;CLARIDO;119;;;;;;;;
VR;21;15093;CENTURIO;127,5;;;;;;;;
VR;21;15094;FOSBEL 80 WG;2241;;;;;;;;
VR;21;15100;NECTAR PLUS;120;;;;;;;;
VR;21;15101;CIMORAM ULTRA WG;82;;;;;;;;
VR;21;15107;SAMSON EXTRA 6 OD;26;;;;;;;;
VR;21;15111;MIRADOR SC/PRIORI;328;;;;;;;;
VR;21;15114;MACCANI;1610;;;;;;;;
VR;21;15116;ELIOS R;68;;;;;;;;
VR;21;15122;ACTELLIC 50 NEWPHARM;5;;;;;;;;
VR;21;15124;ZANTARA;42;;;;;;;;
VR;21;15125;PROLECTUS;435;;;;;;;;
VR;21;15130;INTREPID;565;;;;;;;;
VR;21;15135;OLEOSAN PLUS;2,5;;;;;;;;
VR;21;15138;BAROCCO 80 WG;900;;;;;;;;
VR;21;15139;INDIPENDENT SC-15;537;;;;;;;;
VR;21;15145;TEMPLIER;11,7;;;;;;;;
VR;21;15147;EVO-TRIBASIC;1000;;;;;;;;
VR;21;15148;ENVIROMITE 480 SC;0,61;;;;;;;;
VR;21;15149;PRIMISOL MK;8609;;;;;;;;
VR;21;15165;LOOP;160;;;;;;;;
VR;21;15168;ZORO 1.9 EW;38;;;;;;;;
VR;21;15177;ROTATE PLUS DF;22;;;;;;;;
VR;21;15180;RIVET PLUS;23;;;;;;;;
VR;21;15181;CIRRUS CS;124;;;;;;;;
VR;21;15184;SATEL GEO;40;;;;;;;;
VR;21;15192;LIBERATE;58;;;;;;;;
VR;21;15193;CONTATTO PIU' EXTRA;334;;;;;;;;
VR;21;15199;SAKURA;44;;;;;;;;
VR;21;15201;FLOXI 355 SC;25;;;;;;;;
VR;21;15211;TRAMAN;747;;;;;;;;
VR;21;15214;DELTAPLAN SC;18;;;;;;;;
VR;21;15221;ZETARAM PLUS;4;;;;;;;;
VR;21;15232;CUSTODIA;488;;;;;;;;
VR;21;15236;ZAMMO;367;;;;;;;;
VR;21;15244;VERDE PYRIPROXIFEN;155;;;;;;;;
VR;21;15253;FALCON MK;1952;;;;;;;;
VR;21;15256;FORUM R 3B FLOW;160;;;;;;;;
VR;21;15264;ENERVIN SC;1272;;;;;;;;
VR;21;15270;PROFELIS;0,38;;;;;;;;
VR;21;15273;BITAM 15 EC;5;;;;;;;;
VR;21;15274;ALIAL SYSTEM;95;;;;;;;;
VR;21;15275;KUSTI;205;;;;;;;;
VR;21;15281;MICROMEGAS;73;;;;;;;;
VR;21;15285;PRIMMA STAR;2,6;;;;;;;;
VR;21;15290;AXIDOR;697;;;;;;;;
VR;21;15293;BONECO;270;;;;;;;;
VR;21;15294;KENDO BI-ACTIVE;281;;;;;;;;
VR;21;15302;AMYLO-X;979;;;;;;;;
VR;21;15304;EXOSEX GVM;1,3;;;;;;;;
VR;21;15307;DEDALUS 25 WDG;1558;;;;;;;;
VR;21;15310;NISSHIN EXTRA 6 OD;313;;;;;;;;
VR;21;15311;TIZCA;289;;;;;;;;
VR;21;15313;ZOLFO SC;220;;;;;;;;
VR;21;15315;DRUM SC;240;;;;;;;;
VR;21;15318;OURAGAN;693;;;;;;;;
VR;21;15325;CORNER MZ WG;300;;;;;;;;
VR;21;15327;METAMAN 8-64 WG;170;;;;;;;;
VR;21;15333;APPLAUD PLUS;292,98;;;;;;;;
VR;21;15335;U 46 ULTRA;68;;;;;;;;
VR;21;15337;EXPRESS SUN;6,1;;;;;;;;
VR;21;15340;FEUDO 50 WP;750;;;;;;;;
VR;21;15342;FEUDO MZ WDG;74;;;;;;;;
VR;21;15343;FEUDO RD WP;90;;;;;;;;
VR;21;15344;FILAN WG;399;;;;;;;;
VR;21;15348;RIDOMIL GOLD R LIQUIDO;221,5;;;;;;;;
VR;21;15353;CIDETRAK CM;1,5;;;;;;;;
VR;21;15356;AVIATOR SC;173;;;;;;;;
VR;21;15358;ZOLFO FLOW MCT;610;;;;;;;;
VR;21;15361;LIETO;109;;;;;;;;
VR;21;15364;DESIGN WG;45;;;;;;;;
VR;21;15371;BELEM PROTEZIONE;2030;;;;;;;;
VR;21;15384;LUNA EXPERIENCE;1087;;;;;;;;
VR;21;15386;TRACER FLY;6;;;;;;;;
VR;21;15388;MEXIL ORO R WG;234;;;;;;;;
VR;21;15389;FLARE GOLD R WG;2280;;;;;;;;
VR;21;15401;TAIFUN MK CL;37024;;;;;;;;
VR;21;15406;DICUMBA;609;;;;;;;;
VR;21;15407;RULER;65;;;;;;;;
VR;21;15409;DECISION;609;;;;;;;;
VR;21;15428;WINNER OD;1005;;;;;;;;
VR;21;15433;ATLAS;18;;;;;;;;
VR;21;15434;RAK 2 MAX;205;;;;;;;;
VR;21;15448;REBEL TOP;40;;;;;;;;
VR;21;15449;CIDELY;152;;;;;;;;
VR;21;15462;SCORE II;60;;;;;;;;
VR;21;15468;ACASTA;411;;;;;;;;
VR;21;15487;INSTANT;986;;;;;;;;
VR;21;15499;SONG 70 WDG;9,75;;;;;;;;
VR;21;15505;SILBOT 500 SC/MORFEUM 500 SC;96;;;;;;;;
VR;21;15507;CREW SUPERB;94;;;;;;;;
VR;21;15537;DELTAGRI;53;;;;;;;;
VR;21;15569;LOOP 40;130;;;;;;;;
VR;21;15572;ZOMINEX;8;;;;;;;;
VR;21;15573;PROMESS SL;22;;;;;;;;
VR;21;15574;KARMA 85;1370;;;;;;;;
VR;21;15581;BARKAN;173;;;;;;;;
VR;21;15596;LASCAR;60;;;;;;;;
VR;21;15597;CHECKMATE PUFFER CM;47,23;;;;;;;;
VR;21;15598;CARPOVIRUSINE EVO 2;588;;;;;;;;
VR;21;15603;ERBIFEN K;660;;;;;;;;
VR;21;15618;FULLDINA 355 SC;65;;;;;;;;
VR;21;15622;CURZATE R WG BIANCO;11;;;;;;;;
VR;21;15623;COSMOS 550 EC;790;;;;;;;;
VR;21;15625;TERMINUS SC;90;;;;;;;;
VR;21;15627;PAPYRUS 400 SC;21;;;;;;;;
VR;21;15630;PALMAS 45% WG;25,5;;;;;;;;
VR;21;15640;PROLINE STAR;757;;;;;;;;
VR;21;15641;SIATTOL 200 SL;34;;;;;;;;
VR;21;15650;TB 25 WG;22;;;;;;;;
VR;21;15651;FLANKER;10;;;;;;;;
VR;21;15654;ACCORD;87;;;;;;;;
VR;21;15661;SENEGO;6,25;;;;;;;;
VR;21;15668;GHIBLI 240 OD;24;;;;;;;;
VR;21;15680;MITRHA 40 SC;1792;;;;;;;;
VR;21;15681;LUMADRY ESCA;12;;;;;;;;
VR;21;15689;DIFENZONE;9;;;;;;;;
VR;21;15699;EMI 48;1284;;;;;;;;
VR;21;15710;CLINCHER ONE;35;;;;;;;;
VR;21;15711;ALSYSTIN;220,5;;;;;;;;
VR;21;15713;DIABLO SC;0,2;;;;;;;;
VR;21;15722;ARMICARB 85;50;;;;;;;;
VR;21;15741;AVADEX FACTOR;576;;;;;;;;
VR;21;15751;VITENE TRIPLO R;23;;;;;;;;
VR;21;15791;CHECKMATE PUFFER CM-O;9,82;;;;;;;;
VR;21;15817;GLADIATOR;612;;;;;;;;
VR;21;15834;TRACER 120;422;;;;;;;;
VR;21;15839;MAXCEL 2SL;212;;;;;;;;
VR;21;15841;FLOCTER;510;;;;;;;;
VR;21;15842;AFICIONADO;390;;;;;;;;
VR;21;15846;BIO ETEFON;532;;;;;;;;
VR;21;15857;R6 ERRESEI PASADOBLE;780;;;;;;;;
VR;21;15900;TRIKA EXPERT;53360;;;;;;;;
VR;21;15901;ERCOLE;43685;;;;;;;;
VR;21;15912;CUPRO ISAGRO WG;6160;;;;;;;;
VR;21;15924;RUSTLER;14;;;;;;;;
VR;21;15926;MOJANG 600;135;;;;;;;;
VR;21;15927;MOJANG T;130;;;;;;;;
VR;21;15936;IMAZAMOX 40;146;;;;;;;;
VR;21;15940;GOLDOR ESCA;1005;;;;;;;;
VR;21;15942;BEAM RICE;75;;;;;;;;
VR;21;15949;PROMEX;573;;;;;;;;
VR;21;15954;D-D SOIL VI;59340;;;;;;;;
VR;21;15958;GEOCLEAN;3075;;;;;;;;
VR;21;15959;DIGEO VI;155720;;;;;;;;
VR;21;15961;RETENGO NEW;20;;;;;;;;
VR;21;15964;ENOVIT METIL FL BETA;87;;;;;;;;
VR;21;15995;PACLOT;89;;;;;;;;
VR;21;16006;DIDICLOR 6;50000;;;;;;;;
VR;21;16009;PLANTONE FORTE;240;;;;;;;;
VR;21;16045;TELONE II 2014;21800;;;;;;;;
VR;21;16049;DELEGATE WG;44;;;;;;;;
VR;22;13;THIOPRON;11610;;;;;;;;
VR;22;17;U 46 COMBI FLUID;111;;;;;;;;
VR;22;40;ETRAVON SYNGENTA;1453;;;;;;;;
VR;22;206;ALBENE;6155;;;;;;;;
VR;22;346;BAGIR MAX;75;;;;;;;;
VR;22;361;BAGNANTE ANTISCHIUMA S;520;;;;;;;;
VR;22;449;MOCAP;660;;;;;;;;
VR;22;464;REGRAN S;30;;;;;;;;
VR;22;619;VALGRAN;502;;;;;;;;
VR;22;630;REGLONE W;2369;;;;;;;;
VR;22;747;ZOLFO SPRUZZABILE;5870;;;;;;;;
VR;22;909;POLISOLFURO DI CALCIO POLISENIO;9185;;;;;;;;
VR;22;1156;CHEMOL;36342,5;;;;;;;;
VR;22;1187;MICOZEB 45;10;;;;;;;;
VR;22;1544;MESUROL;2;;;;;;;;
VR;22;1562;ERBITOX E 30;217;;;;;;;;
VR;22;1573;BASAMID GRANULAT;2380;;;;;;;;
VR;22;1583;MICROTHIOL DISPERSS;186455;;;;;;;;
VR;22;1600;ETRAVON;10;;;;;;;;
VR;22;1613;ANTRACOL;30;;;;;;;;
VR;22;1714;KERB 80 EDF;242;;;;;;;;
VR;22;1765;MICRO-DROP;1409;;;;;;;;
VR;22;1850;IDRORAME FLOW;168;;;;;;;;
VR;22;1936;LIQUIZOL M/TIOZOL MK;190;;;;;;;;
VR;22;1979;PERFEKTHION;40;;;;;;;;
VR;22;2307;VECTOR;2576;;;;;;;;
VR;22;2340;STOMP 330-E;15;;;;;;;;
VR;22;2353;BONALAN;63;;;;;;;;
VR;22;2454;DIMILIN;1;;;;;;;;
VR;22;2518;ACTELLIC 2P;36;;;;;;;;
VR;22;2525;LUMACID AGRO;13;;;;;;;;
VR;22;2634;BUGGY;2555;;;;;;;;
VR;22;2732;GOLTIX;41;;;;;;;;
VR;22;2863;COCCITOX FLUIDO;1;;;;;;;;
VR;22;2896;TETROSSIL;1275;;;;;;;;
VR;22;2923;TIOVIT JET;163796;;;;;;;;
VR;22;2983;NIMROD;43;;;;;;;;
VR;22;2995;ESCARTOX;1715,9;;;;;;;;
VR;22;3065;OLIOCIN;23544,5;;;;;;;;
VR;22;3076;MESUROL ESCA;185;;;;;;;;
VR;22;3082;OLEOTER ESTATE;7;;;;;;;;
VR;22;3102;OLEOTER;28;;;;;;;;
VR;22;3141;CUTHIOL;24;;;;;;;;
VR;22;3219;CARAKOL AGRO;1406,5;;;;;;;;
VR;22;3313;ARAGOL L 40;30;;;;;;;;
VR;22;3343;U46 M CLASS;609;;;;;;;;
VR;22;3366;ROGATOX EC;326;;;;;;;;
VR;22;3397;ROGOR;733;;;;;;;;
VR;22;3412;SYLLIT 65;625;;;;;;;;
VR;22;3468;DACOL L 40;10;;;;;;;;
VR;22;3486;TRISCABOL DG;50;;;;;;;;
VR;22;3503;AGRUMIN;5;;;;;;;;
VR;22;3640;CUPROSTAR/AIRONE;330;;;;;;;;
VR;22;3658;SIPCAMOL E;250;;;;;;;;
VR;22;3754;BAGNANTE SARIAF;105;;;;;;;;
VR;22;3767;FENOXILENE MAX;108;;;;;;;;
VR;22;3771;ROVRAL WG;789;;;;;;;;
VR;22;3779;VAPAM;60150;;;;;;;;
VR;22;3793;DITHANE M-45;150;;;;;;;;
VR;22;3800;CRITTAM WG;6688;;;;;;;;
VR;22;3817;DISERBONE KN;72;;;;;;;;
VR;22;4012;RELDAN 22;3819;;;;;;;;
VR;22;4157;IROL PLUS;10;;;;;;;;
VR;22;4190;TETRASOL 80;710;;;;;;;;
VR;22;4199;PENNCOZEB DG;5246;;;;;;;;
VR;22;4228;ROGOR L 20;2325;;;;;;;;
VR;22;4324;CUPROMIX MZ BLEU;240;;;;;;;;
VR;22;4326;ROGOR L 40;178;;;;;;;;
VR;22;4426;DECIS;312;;;;;;;;
VR;22;4461;IMIDAN WDG;357;;;;;;;;
VR;22;4552;DITHANE DG NEOTEC;560;;;;;;;;
VR;22;4686;DIMILIN 25 P.B.;1,5;;;;;;;;
VR;22;4710;ALIETTE;7474,55;;;;;;;;
VR;22;4896;RIGENAL P;6,1;;;;;;;;
VR;22;5152;TIOSPOR WG;710;;;;;;;;
VR;22;5228;CARAKOL;410;;;;;;;;
VR;22;5292;FIXORMON;1;;;;;;;;
VR;22;5299;MIBIOL;121;;;;;;;;
VR;22;5343;LIMASANEX;19;;;;;;;;
VR;22;5346;OYLIR;50;;;;;;;;
VR;22;5363;BERELEX;1,2;;;;;;;;
VR;22;5494;GIBRELIN;4;;;;;;;;
VR;22;5512;DREAM/R6 ERRESEI BORDEAUX;10;;;;;;;;
VR;22;5581;GIBBERELLINA CIFO;0,05;;;;;;;;
VR;22;5657;BAGNANTE SCAM;24;;;;;;;;
VR;22;5708;TERRAZOLE 25% EC;24;;;;;;;;
VR;22;5796;GARLON;322;;;;;;;;
VR;22;5881;PREVICUR;2,45;;;;;;;;
VR;22;6162;DE-SPROUT;1000;;;;;;;;
VR;22;6298;FASTAC;3;;;;;;;;
VR;22;6321;STIMOLANTE 66F;46;;;;;;;;
VR;22;6322;OBSTHORMON 24A;143;;;;;;;;
VR;22;6324;MAXCEL;36;;;;;;;;
VR;22;6376;ANTISCHIUMA SHAUMSTOP;1175,25;;;;;;;;
VR;22;6389;DUECI-FITO RADICANTE;1,6;;;;;;;;
VR;22;6401;MONDAK 21 S;15;;;;;;;;
VR;22;6437;ETHREL;203;;;;;;;;
VR;22;6505;NOKAD;0,5;;;;;;;;
VR;22;6556;K-OBIOL DP2;55;;;;;;;;
VR;22;6632;DIPPER;31;;;;;;;;
VR;22;6674;AFALON DS;295;;;;;;;;
VR;22;6708;BAGNANTE NEUTRO;585;;;;;;;;
VR;22;6786;BAGNANTE AC;692;;;;;;;;
VR;22;6945;TOPAS 10 EC;250,25;;;;;;;;
VR;22;6947;TOPAS COMBI;515;;;;;;;;
VR;22;6955;METACID;23;;;;;;;;
VR;22;6956;TARGA FLO;470;;;;;;;;
VR;22;7020;BAGNANTE CIFO;55;;;;;;;;
VR;22;7055;PASTA CAFFARO BLU;94,5;;;;;;;;
VR;22;7368;TURFENE L;96,6;;;;;;;;
VR;22;7369;SYLLIT FLO;18,95;;;;;;;;
VR;22;7370;TETRASOL LIQUIDO;2172;;;;;;;;
VR;22;7379;VENZAR;1;;;;;;;;
VR;22;7401;POLTIGLIA CAFFARO 20 DF NEW;72;;;;;;;;
VR;22;7411;DIRAGER;8;;;;;;;;
VR;22;7454;ORMONE AG COMPRESSE;3,3;;;;;;;;
VR;22;7483;DEVRINOL F;4;;;;;;;;
VR;22;7530;BIOLID E;7;;;;;;;;
VR;22;7541;APOLLO SC;11;;;;;;;;
VR;22;7550;ZETA 80;2,6;;;;;;;;
VR;22;7555;KLARTAN 20 EW;45,55;;;;;;;;
VR;22;7581;ZELIG;915;;;;;;;;
VR;22;7597;ENERGIL 100 A;10;;;;;;;;
VR;22;7608;DASKOR;216;;;;;;;;
VR;22;7611;ENOVIT METIL FL;4065;;;;;;;;
VR;22;7700;MATACAR FL;6,8;;;;;;;;
VR;22;7732;KESHET EW;4;;;;;;;;
VR;22;7733;BAYTEROID EW;1042,09;;;;;;;;
VR;22;7737;ZOLFO DOPPIO VENTILATO SCORREVOLE 95% S;3;;;;;;;;
VR;22;7767;ACARISTOP 20 SC;0,62;;;;;;;;
VR;22;7845;TMTD 50 SC;217;;;;;;;;
VR;22;7876;PIRIMOR 17,5;114;;;;;;;;
VR;22;7907;RAMEPLANT 50;740;;;;;;;;
VR;22;7916;POLYRAM DF;20594;;;;;;;;
VR;22;7919;TOUCHDOWN;4707;;;;;;;;
VR;22;7930;KERB FLO;76;;;;;;;;
VR;22;7957;ROVRAL PLUS;604;;;;;;;;
VR;22;7958;RONSTAR FL;391;;;;;;;;
VR;22;7961;RIZOLEX  GOLD;130;;;;;;;;
VR;22;7963;RIZOLEX 50 PB;1;;;;;;;;
VR;22;7965;TRIGARD 75 WP;4;;;;;;;;
VR;22;7984;STRATOS;311;;;;;;;;
VR;22;8001;AGRO-PYR;1,06;;;;;;;;
VR;22;8023;SUMIALFA ECHO;84;;;;;;;;
VR;22;8102;MERPAN 80 WDG;12492;;;;;;;;
VR;22;8105;CIMORAM;2573;;;;;;;;
VR;22;8106;CIMOZEB;380;;;;;;;;
VR;22;8117;BASTA 200;11915;;;;;;;;
VR;22;8146;GALLERY;423,5;;;;;;;;
VR;22;8153;SIGMA 52 DF;11,7;;;;;;;;
VR;22;8155;CATOR;1024;;;;;;;;
VR;22;8156;DEVOX;1101;;;;;;;;
VR;22;8184;CHALLENGE;151;;;;;;;;
VR;22;8189;FORCE;18000;;;;;;;;
VR;22;8192;MONCEREN 250 SC;84;;;;;;;;
VR;22;8201;GLISTER;176;;;;;;;;
VR;22;8225;BLUE SHIELD;920;;;;;;;;
VR;22;8229;RAPAX;0,05;;;;;;;;
VR;22;8340;TOPAS 10 WDG;32;;;;;;;;
VR;22;8351;Z.M. 75 DG;510;;;;;;;;
VR;22;8376;ARIANE II;396;;;;;;;;
VR;22;8382;ROUNDUP BIOFLOW;603;;;;;;;;
VR;22;8429;GLYFOS SL;16485;;;;;;;;
VR;22;8479;ALAR 85 SG;1;;;;;;;;
VR;22;8498;FOLICUR WG;1119;;;;;;;;
VR;22;8525;GRASP 40;3;;;;;;;;
VR;22;8526;ATPLUS G;1,5;;;;;;;;
VR;22;8528;FEINZIN 35 DF;52,5;;;;;;;;
VR;22;8540;PAMPA/GHIBLI;74;;;;;;;;
VR;22;8542;FORUM 50 WP;1900,6;;;;;;;;
VR;22;8546;DANITRON;3;;;;;;;;
VR;22;8565;ROUNDUP RTU;3;;;;;;;;
VR;22;8601;FOLPAN 80 WDG;22353;;;;;;;;
VR;22;8646;ACTIVUS EC/PANDA;4299;;;;;;;;
VR;22;8706;AMID THIN W;184,5;;;;;;;;
VR;22;8712;ALLEGANTE 4% AF 96;7;;;;;;;;
VR;22;8715;DIRAMID;30;;;;;;;;
VR;22;8721;NEXTER;20;;;;;;;;
VR;22;8729;FORUM R;684;;;;;;;;
VR;22;8731;ACROBAT R;6145;;;;;;;;
VR;22;8735;TREBON UP;1389,02;;;;;;;;
VR;22;8742;INDAR 5EW;356;;;;;;;;
VR;22;8743;GREENEX;137,2;;;;;;;;
VR;22;8795;VERTIMEC EC;749;;;;;;;;
VR;22;8796;SELECT;83;;;;;;;;
VR;22;8797;BINAL PRO/EMINENT COMBI;309;;;;;;;;
VR;22;8801;SCORE 25 EC;160,5;;;;;;;;
VR;22;8836;MIMIC;401;;;;;;;;
VR;22;8841;CYREN 7,5 G;1110,5;;;;;;;;
VR;22;8843;NISSHIN;2;;;;;;;;
VR;22;8859;MASTIFF;24620;;;;;;;;
VR;22;8875;CIMOX 25 WP;100;;;;;;;;
VR;22;8882;ULTRA FINE OIL;104;;;;;;;;
VR;22;8886;SAFARI;2,76;;;;;;;;
VR;22;8934;SCALA;1424;;;;;;;;
VR;22;8945;ENOVIT METIL DF;448;;;;;;;;
VR;22;8984;GLIPHOGAN TOP MK;734;;;;;;;;
VR;22;8987;CONFIDOR 200 SL;238,83;;;;;;;;
VR;22;9005;AGIL;36;;;;;;;;
VR;22;9010;RAMEZIN COMBI WG;50;;;;;;;;
VR;22;9012;CUPROCAFFARO MICRO;15250;;;;;;;;
VR;22;9036;ACTIVUS;22,25;;;;;;;;
VR;22;9038;OPINION;8,9;;;;;;;;
VR;22;9070;MICEXANIL BIANCO;90;;;;;;;;
VR;22;9131;PYRINEX ME;2004,25;;;;;;;;
VR;22;9148;SYLLIT 355 SC;975;;;;;;;;
VR;22;9153;CYREN 44 EC;1638;;;;;;;;
VR;22;9180;STROBY WG;37,2;;;;;;;;
VR;22;9195;TERB FLO;465;;;;;;;;
VR;22;9210;QUADRIS;112;;;;;;;;
VR;22;9212;EXICA;5;;;;;;;;
VR;22;9279;MERLIN COMBI;5;;;;;;;;
VR;22;9280;TOPAS 200 EW;151;;;;;;;;
VR;22;9286;OHAYO;108;;;;;;;;
VR;22;9298;METHAM NA 51;210;;;;;;;;
VR;22;9311;CUPROSSIL IDRO 25 WP;950;;;;;;;;
VR;22;9322;GOLTIX STAR;2;;;;;;;;
VR;22;9330;GLIFO 41;11;;;;;;;;
VR;22;9335;SILGLIF MK;35;;;;;;;;
VR;22;9339;BETANAL EXPERT;16;;;;;;;;
VR;22;9342;DELTRIN;136,5;;;;;;;;
VR;22;9364;RAPIDO;281;;;;;;;;
VR;22;9373;CHORUS;601;;;;;;;;
VR;22;9374;MATCH TOP;14;;;;;;;;
VR;22;9396;SCUP R;105;;;;;;;;
VR;22;9400;GLIFOGAN PRONTO;5;;;;;;;;
VR;22;9410;SUMICIDIN ECHO;44;;;;;;;;
VR;22;9422;EVADE;352,95;;;;;;;;
VR;22;9443;ENDOGERME;10;;;;;;;;
VR;22;9463;KLARO KIT;39,25;;;;;;;;
VR;22;9477;AGREE;10;;;;;;;;
VR;22;9478;PIRET;4,25;;;;;;;;
VR;22;9496;GALIGAN EC;12;;;;;;;;
VR;22;9509;PROMALIN NT;201;;;;;;;;
VR;22;9560;SUNRICE;6,5;;;;;;;;
VR;22;9578;SWITCH;3164,4;;;;;;;;
VR;22;9602;GLIFOSAR;39;;;;;;;;
VR;22;9612;OSSICLOR 30;3365;;;;;;;;
VR;22;9627;POLTIGLIA BORDOLESE DISPERSS;480;;;;;;;;
VR;22;9634;CARNIVAL;14;;;;;;;;
VR;22;9655;PRIMIAL WG;591;;;;;;;;
VR;22;9668;RUFAST E-FLO;134,12;;;;;;;;
VR;22;9670;THIANOSAN 80 WG;30;;;;;;;;
VR;22;9675;PANTOX 360;26,5;;;;;;;;
VR;22;9678;M70 DF;3185;;;;;;;;
VR;22;9679;KRISTAL 32 WG;10;;;;;;;;
VR;22;9689;AURIGA;6;;;;;;;;
VR;22;9693;SPORTAK 45 EW;41;;;;;;;;
VR;22;9694;SIMITAR 5 EW;1245,3;;;;;;;;
VR;22;9695;PERLAN;0,5;;;;;;;;
VR;22;9705;PREVITER;179,36;;;;;;;;
VR;22;9713;HORIZON;3;;;;;;;;
VR;22;9723;DE-SPROUT N;8380;;;;;;;;
VR;22;9724;TIOWETTING DF;13367;;;;;;;;
VR;22;9744;SCORE 10 WG;252;;;;;;;;
VR;22;9747;FURY;3,15;;;;;;;;
VR;22;9757;SPYRALE;1;;;;;;;;
VR;22;9758;COPRANTOL WG;25;;;;;;;;
VR;22;9787;MICROBAGNABILE WG;3194;;;;;;;;
VR;22;9790;CONTATTO 320;2;;;;;;;;
VR;22;9794;PLANET C;150;;;;;;;;
VR;22;9798;CLIOPHAR 100;6;;;;;;;;
VR;22;9800;MAVRIK 20 EW;1010,19;;;;;;;;
VR;22;9802;COPRANTOL HI BIO;1300;;;;;;;;
VR;22;9813;DICLOPYR;13;;;;;;;;
VR;22;9832;TREK P;3170;;;;;;;;
VR;22;9833;CLINCHER;305;;;;;;;;
VR;22;9843;BASAGRAN SG;438;;;;;;;;
VR;22;9867;4 STAGIONI;102,5;;;;;;;;
VR;22;9872;AKRIS;20;;;;;;;;
VR;22;9919;CONTATTO PIU' EC;1;;;;;;;;
VR;22;9938;MASTER;3,2;;;;;;;;
VR;22;9940;ZELIG GR;8291;;;;;;;;
VR;22;9941;BUMPER P;22,4;;;;;;;;
VR;22;9954;JOKER;126;;;;;;;;
VR;22;9963;METIDANE 22;12;;;;;;;;
VR;22;9970;HUNTER;4,5;;;;;;;;
VR;22;9994;ARIUS SYSTEM;3042;;;;;;;;
VR;22;9995;ARIUS;946,5;;;;;;;;
VR;22;10005;SCOTTS WEEDCONTROL/EVERGREEN;6;;;;;;;;
VR;22;10048;KUMULUS TECNO;34050;;;;;;;;
VR;22;10049;DURSBAN 75 WG;4211;;;;;;;;
VR;22;10057;ARPEL WDG;739;;;;;;;;
VR;22;10088;MAXIM;149,16;;;;;;;;
VR;22;10105;RIDOMIL GOLD SL;30,5;;;;;;;;
VR;22;10116;VAPOR GARD;38;;;;;;;;
VR;22;10117;STRATOS ULTRA;36;;;;;;;;
VR;22;10118;AMISTAR;284;;;;;;;;
VR;22;10127;DECIS JET;393,04;;;;;;;;
VR;22;10139;PYKOS;38;;;;;;;;
VR;22;10141;SOFREVAL 80 MICRO;6880;;;;;;;;
VR;22;10161;ORTIVA;232;;;;;;;;
VR;22;10175;COMBI COP;70;;;;;;;;
VR;22;10183;GARLON EV;11,5;;;;;;;;
VR;22;10185;ZERGAN EV;281,6;;;;;;;;
VR;22;10187;NAUTILE DG;260;;;;;;;;
VR;22;10199;DUKE;1580;;;;;;;;
VR;22;10209;GLYFOS ULTRA;24;;;;;;;;
VR;22;10224;EMME-H;240;;;;;;;;
VR;22;10230;LUMAPLUS;219;;;;;;;;
VR;22;10236;SLOGAN R;240;;;;;;;;
VR;22;10263;DRIVER;8;;;;;;;;
VR;22;10272;CEREXIL M DG;10820;;;;;;;;
VR;22;10275;STELLA E 10;2,3;;;;;;;;
VR;22;10278;SARMOX M BIANCO;10;;;;;;;;
VR;22;10296;IPERION;2988;;;;;;;;
VR;22;10297;SINIS 35 WG;0,5;;;;;;;;
VR;22;10305;OIKOS;6,04;;;;;;;;
VR;22;10327;MADEX;5;;;;;;;;
VR;22;10329;FORUM MZ WG;1782;;;;;;;;
VR;22;10350;BLAST SG;51;;;;;;;;
VR;22;10357;RIGRON SG;306;;;;;;;;
VR;22;10372;RASIKAL QUICK;198,4;;;;;;;;
VR;22;10373;CONTEST;0,7;;;;;;;;
VR;22;10378;FLARE GOLD G;15;;;;;;;;
VR;22;10404;CLINIC 360 SL;240;;;;;;;;
VR;22;10423;LUMACHICIDA VEBI;376;;;;;;;;
VR;22;10425;SCUDEX;502;;;;;;;;
VR;22;10426;PROTIL EC;59;;;;;;;;
VR;22;10434;MAXIGIB BIO;0,05;;;;;;;;
VR;22;10435;HERGON L;10;;;;;;;;
VR;22;10439;SPRAY DUNGER GLOBAL;555;;;;;;;;
VR;22;10440;EXPANDER;47;;;;;;;;
VR;22;10447;NOVEL DUO;3;;;;;;;;
VR;22;10456;KLARO ULTRA;680;;;;;;;;
VR;22;10461;DICOTURF;2;;;;;;;;
VR;22;10465;ROUNDUP MAX;380;;;;;;;;
VR;22;10471;OLOVER;4,5;;;;;;;;
VR;22;10477;LAS VEGAS;559;;;;;;;;
VR;22;10478;ASPID;10;;;;;;;;
VR;22;10479;NATURALIS;24;;;;;;;;
VR;22;10492;VEBIZOLFO FLOW;13;;;;;;;;
VR;22;10493;RUNNER M 22;10;;;;;;;;
VR;22;10494;PREMIUM TOP;314,5;;;;;;;;
VR;22;10504;KELLY WG;3262;;;;;;;;
VR;22;10518;PIRESAN PLUS;30;;;;;;;;
VR;22;10532;TELDOR;2;;;;;;;;
VR;22;10540;TERIAL 75 WG/ALISE' 75 WG;793;;;;;;;;
VR;22;10552;THIOCUR ZOLFO;110;;;;;;;;
VR;22;10565;DICOTIL EXTRA;120,65;;;;;;;;
VR;22;10568;ZOOMER;1280,75;;;;;;;;
VR;22;10573;KOCIDE 2000;6101;;;;;;;;
VR;22;10575;LOGRADO 360;140;;;;;;;;
VR;22;10584;SHAMAL MK PLUS;8098;;;;;;;;
VR;22;10585;SULCOTREK;1541;;;;;;;;
VR;22;10587;FOLPAN SC;4220;;;;;;;;
VR;22;10588;BIOPIREN PLUS;19;;;;;;;;
VR;22;10589;LUMIX VERDE;5,5;;;;;;;;
VR;22;10627;FRUPICA;60;;;;;;;;
VR;22;10632;COBRE NORDOX SUPER 75 WG;9047;;;;;;;;
VR;22;10638;MANCOZEB MANICA 75 WG;1940;;;;;;;;
VR;22;10641;MANCOZEB MANICA 80 PB;850;;;;;;;;
VR;22;10671;COPERNICO;18812;;;;;;;;
VR;22;10690;FUNGIBEN COMBI;67;;;;;;;;
VR;22;10710;TOMAGAN;102;;;;;;;;
VR;22;10715;SILGLIF NF;31;;;;;;;;
VR;22;10734;DUAL GOLD;169;;;;;;;;
VR;22;10735;PRIMAGRAM GOLD;1218;;;;;;;;
VR;22;10736;SULFOLAC-DF;575;;;;;;;;
VR;22;10741;METACINQUE;30;;;;;;;;
VR;22;10752;STEWARD;363,9;;;;;;;;
VR;22;10753;FOLICUR SE;520,15;;;;;;;;
VR;22;10771;MOST MICRO;1294,9;;;;;;;;
VR;22;10876;LINFA FLORALIA;0,02;;;;;;;;
VR;22;10892;OSSICLOR 50 PB MANICA;2790;;;;;;;;
VR;22;10897;AMEGA PLUS;587;;;;;;;;
VR;22;10926;ALTOREX;47;;;;;;;;
VR;22;10927;KOHINOR PLUS;286;;;;;;;;
VR;22;10929;CHIKARA 25 WG;198,95;;;;;;;;
VR;22;10931;EMME-H 60 WS;128;;;;;;;;
VR;22;10936;NAAK 480;56;;;;;;;;
VR;22;10938;MANCOSIM 75 DF;390;;;;;;;;
VR;22;10939;CP 40 AGRO;10;;;;;;;;
VR;22;10944;KARATE ZEON;29;;;;;;;;
VR;22;10973;PYRINEX PRONTO;12;;;;;;;;
VR;22;10976;METEOR;332,96;;;;;;;;
VR;22;10985;MEVAXIL M;1480;;;;;;;;
VR;22;10986;KASKO R;2317;;;;;;;;
VR;22;10999;BETANAL SE;1;;;;;;;;
VR;22;11011;DASH HC;482;;;;;;;;
VR;22;11012;AURA;17;;;;;;;;
VR;22;11027;MET-BLOC;8;;;;;;;;
VR;22;11040;POLTIGLIA BORDOLESE DISPERSS BLU;5460;;;;;;;;
VR;22;11041;FOLMAK COMBI;10077;;;;;;;;
VR;22;11045;DODIPREV 35;29;;;;;;;;
VR;22;11047;DICOPLUS;7;;;;;;;;
VR;22;11059;BIOPOWER;420;;;;;;;;
VR;22;11062;BION 50 WG;324,15;;;;;;;;
VR;22;11072;WIND;14;;;;;;;;
VR;22;11098;CADDY;0,25;;;;;;;;
VR;22;11102;HELIOSOUFRE S;1671,6;;;;;;;;
VR;22;11104;CUPROFIX 30 DISPERSS;60;;;;;;;;
VR;22;11105;CUPROFIX 30 DISPERSS BLU;10;;;;;;;;
VR;22;11107;ECO-TRAP;45,32;;;;;;;;
VR;22;11119;FLINT;733,5;;;;;;;;
VR;22;11136;FITOGIB;0,02;;;;;;;;
VR;22;11147;KRUG;63,5;;;;;;;;
VR;22;11157;PROPYDOR;134,5;;;;;;;;
VR;22;11173;AVAUNT EC;1059;;;;;;;;
VR;22;11175;KRISTAL 32;17;;;;;;;;
VR;22;11183;PROGERBALIN LG;20;;;;;;;;
VR;22;11185;GERLAGIB LG;203;;;;;;;;
VR;22;11186;CUTIS;1,4;;;;;;;;
VR;22;11196;SULFAR;15;;;;;;;;
VR;22;11197;VITENE 45 WG;31,5;;;;;;;;
VR;22;11204;RIZOSOL 50;10;;;;;;;;
VR;22;11206;CODACIDE;572,5;;;;;;;;
VR;22;11223;GALIGAN 500 SC;6;;;;;;;;
VR;22;11231;CAPTANE 80 DF;100;;;;;;;;
VR;22;11233;VOLLEY MZ;50;;;;;;;;
VR;22;11243;LEOPARD 5 EC;526;;;;;;;;
VR;22;11246;VENTUREX 65 DG;91;;;;;;;;
VR;22;11253;CALLISTO;64;;;;;;;;
VR;22;11255;DIVAM FLOW;4;;;;;;;;
VR;22;11257;COSTAR WG;17,25;;;;;;;;
VR;22;11290;BORDO 20;10;;;;;;;;
VR;22;11301;SPHERE;47;;;;;;;;
VR;22;11307;AGRIRAT;129;;;;;;;;
VR;22;11313;PROXAN SL;224;;;;;;;;
VR;22;11341;STARANE GOLD;664;;;;;;;;
VR;22;11345;ZOLVIS 80 WDG;9466;;;;;;;;
VR;22;11353;FUSILADE MAX;567;;;;;;;;
VR;22;11355;TAMIFUM;250;;;;;;;;
VR;22;11359;SARCAP 800;8;;;;;;;;
VR;22;11360;GRIP 25;61;;;;;;;;
VR;22;11374;BAGNANTE AGN L;1;;;;;;;;
VR;22;11382;GARDENE PLUS;75,5;;;;;;;;
VR;22;11390;VITENE TRIPLO BLU;164;;;;;;;;
VR;22;11393;BEETLE;64,22;;;;;;;;
VR;22;11396;WIRK;7;;;;;;;;
VR;22;11400;ADINA 10;0,72;;;;;;;;
VR;22;11402;MELODY CARE;24;;;;;;;;
VR;22;11403;MELODY COMPACT;634,75;;;;;;;;
VR;22;11416;OVIPRON TOP;125;;;;;;;;
VR;22;11418;ROUNDUP 450 PLUS;10;;;;;;;;
VR;22;11435;FLORANET;12;;;;;;;;
VR;22;11436;MELODY MED WG;85;;;;;;;;
VR;22;11437;MELODY TRIO WG;15;;;;;;;;
VR;22;11448;KICKER;64;;;;;;;;
VR;22;11449;GARDOPRIM GOLD;130;;;;;;;;
VR;22;11477;ZOLFOBENTON 40;1620;;;;;;;;
VR;22;11479;BRANCHER DIRADO;191;;;;;;;;
VR;22;11494;GLYFOS PRO;5;;;;;;;;
VR;22;11497;CRITTOVIT WG;16450;;;;;;;;
VR;22;11499;BUSTER;0,5;;;;;;;;
VR;22;11500;CAPTHENE 80 WDG;25;;;;;;;;
VR;22;11501;VITE FOL;7;;;;;;;;
VR;22;11505;READY GERMIPLUS;95;;;;;;;;
VR;22;11525;FUNGIDINA;45;;;;;;;;
VR;22;11526;SULTAN;330;;;;;;;;
VR;22;11527;PYRINEX QUICK;475,89;;;;;;;;
VR;22;11548;ISONET L;1098;;;;;;;;
VR;22;11549;ISOMATE OFM ROSSO FLEX;35900,87;;;;;;;;
VR;22;11550;ISOMATE C LR;28,07;;;;;;;;
VR;22;11551;ISOMATE C PLUS;95,39;;;;;;;;
VR;22;11555;RAK 5;14112;;;;;;;;
VR;22;11556;RAK 5+6;49675,39;;;;;;;;
VR;22;11557;RAK 3;756;;;;;;;;
VR;22;11560;REGALIS;693;;;;;;;;
VR;22;11561;NEEMAZAL T/S;128,09;;;;;;;;
VR;22;11569;CUPROXAT S.D.I.;1404;;;;;;;;
VR;22;11586;TOP-AGAN;771;;;;;;;;
VR;22;11587;CAMBEL S;55;;;;;;;;
VR;22;11596;CALYPSO;863,5;;;;;;;;
VR;22;11600;CRUISER 350 FS;1,5;;;;;;;;
VR;22;11611;VYDATE 10L;570;;;;;;;;
VR;22;11614;ACTARA 25 WG;290,9;;;;;;;;
VR;22;11619;TIOFLOR WDG;36055;;;;;;;;
VR;22;11626;PITSTOP;52;;;;;;;;
VR;22;11637;CUPROFIX C DISPERSS;100;;;;;;;;
VR;22;11649;COMMAND 36 CS;109;;;;;;;;
VR;22;11653;FOLIO GOLD 537,5 SC;38;;;;;;;;
VR;22;11654;GRIZZLY EC;206;;;;;;;;
VR;22;11660;SHOGUN;890;;;;;;;;
VR;22;11668;PLENUM 50 WG;14,6;;;;;;;;
VR;22;11678;ACTELLIC 2P NEWPHARM;7;;;;;;;;
VR;22;11684;ACTELLIC 25 NEWPHARM;6;;;;;;;;
VR;22;11690;GOAL 480 SC;108,5;;;;;;;;
VR;22;11693;LASER;134,75;;;;;;;;
VR;22;11698;MINUET;13,92;;;;;;;;
VR;22;11701;BOTANIGARD SE;21;;;;;;;;
VR;22;11702;REMUS  L;5;;;;;;;;
VR;22;11704;OLIO OGNISTAGIONE;19;;;;;;;;
VR;22;11711;DUKE IDROSSIDO;22623,4;;;;;;;;
VR;22;11730;COSMOTRIN;1,3;;;;;;;;
VR;22;11752;ENVIDOR 240 SC;74,5;;;;;;;;
VR;22;11760;POLITHIOL;9320;;;;;;;;
VR;22;11762;FORUM STAR;620;;;;;;;;
VR;22;11788;NEMACUR 240 CS;195;;;;;;;;
VR;22;11789;MANAGER;1;;;;;;;;
VR;22;11793;XENTARI;33;;;;;;;;
VR;22;11794;STOPPER;73;;;;;;;;
VR;22;11814;SPADA 200 EC;178,5;;;;;;;;
VR;22;11821;WEEDAZOL TL;130;;;;;;;;
VR;22;11838;RAGNOSTOP 10WP;1,7;;;;;;;;
VR;22;11844;KORON WDG;29;;;;;;;;
VR;22;11862;LOBBY;912;;;;;;;;
VR;22;11870;CUPRITAL S.D.I.;3;;;;;;;;
VR;22;11885;ELICIO;24;;;;;;;;
VR;22;11908;VENTUREX 35 L;415;;;;;;;;
VR;22;11921;RISCIO' 50 WP/RISCIO';1929;;;;;;;;
VR;22;11922;MYRTOS SL;40;;;;;;;;
VR;22;11931;MANZEB 75 WG;6042;;;;;;;;
VR;22;11944;ASPECT;25;;;;;;;;
VR;22;11954;TERMINAL DUO;180;;;;;;;;
VR;22;11964;POLTIGLIA CAFFARO 20 GD;900;;;;;;;;
VR;22;11977;SULFUR 80 WG;1153;;;;;;;;
VR;22;11979;BORDO 20 MICRO;68,1;;;;;;;;
VR;22;11991;NEEMIK;5;;;;;;;;
VR;22;12010;TUAREG;640;;;;;;;;
VR;22;12017;COSMOS;30;;;;;;;;
VR;22;12020;SUCCESS;153,81;;;;;;;;
VR;22;12023;MEGIC;153;;;;;;;;
VR;22;12030;SNOW;8;;;;;;;;
VR;22;12043;PREVICUR ENERGY;518;;;;;;;;
VR;22;12044;CURZATE SYSTEM;5;;;;;;;;
VR;22;12046;FITOIL;290;;;;;;;;
VR;22;12048;TIOSOL 80 WG;6040;;;;;;;;
VR;22;12068;TEFLUSTAR;188,4;;;;;;;;
VR;22;12069;EPIK;823,09;;;;;;;;
VR;22;12083;DANADIM PROGRESS;379,25;;;;;;;;
VR;22;12084;GALEO;2,5;;;;;;;;
VR;22;12090;MICROSED GEO/MICRONOL T5;3048;;;;;;;;
VR;22;12096;POLTIGLIA DISPERSS;171705;;;;;;;;
VR;22;12100;ASSET;262;;;;;;;;
VR;22;12114;AUXIGER LG;117;;;;;;;;
VR;22;12133;JUVINAL 10 EC;196,75;;;;;;;;
VR;22;12138;R6 ERRESEI TREVI;3611;;;;;;;;
VR;22;12149;GERBA 4 LG;12;;;;;;;;
VR;22;12156;MAKE UP 80 WDG;5;;;;;;;;
VR;22;12172;FERRAMOL;408,5;;;;;;;;
VR;22;12174;V.I.P. FLOW;1532;;;;;;;;
VR;22;12194;TEGOPLANT;155,75;;;;;;;;
VR;22;12200;SILBOT R/DYMO R;4940;;;;;;;;
VR;22;12202;ZEMIX R;2550;;;;;;;;
VR;22;12208;ARPEL TRIPLO;20;;;;;;;;
VR;22;12211;MEDOR;57,5;;;;;;;;
VR;22;12212;PENTHIUM EC;188;;;;;;;;
VR;22;12215;VEBIPHOS 7,5;13;;;;;;;;
VR;22;12225;TEPPEKI;536,57;;;;;;;;
VR;22;12243;MANTIR DG;2320;;;;;;;;
VR;22;12245;ROUNDUP 360 POWER;11448;;;;;;;;
VR;22;12260;TECNOCONTROL EXTRA;1,5;;;;;;;;
VR;22;12263;VONDOZEB DG;600;;;;;;;;
VR;22;12272;MAGNET OLI;84,69;;;;;;;;
VR;22;12285;FORUM GOLD;735;;;;;;;;
VR;22;12297;TRIBASE TWIN;1,5;;;;;;;;
VR;22;12298;GUNNER SC;80;;;;;;;;
VR;22;12317;DACOL L 20;391;;;;;;;;
VR;22;12318;VIVER;1520;;;;;;;;
VR;22;12325;MESUROL M PLUS;138,5;;;;;;;;
VR;22;12330;DEDALUS SE;2815,65;;;;;;;;
VR;22;12344;VEBITHRIN 5 EC;1,3;;;;;;;;
VR;22;12368;CARPOSTOP;3;;;;;;;;
VR;22;12376;FITAGIL;51;;;;;;;;
VR;22;12378;TRIANUM G;4780;;;;;;;;
VR;22;12381;NU-FILM P;1;;;;;;;;
VR;22;12383;RIDOMIL GOLD MZ PEPITE;1539;;;;;;;;
VR;22;12393;COPPERCIM WG;8;;;;;;;;
VR;22;12399;GANZO;81;;;;;;;;
VR;22;12406;PLIS;4;;;;;;;;
VR;22;12437;DELAN 70 WG;10830;;;;;;;;
VR;22;12452;EQUIP;3374;;;;;;;;
VR;22;12453;MILDICUT;18307;;;;;;;;
VR;22;12482;LUMAX;9885;;;;;;;;
VR;22;12489;DIFCOR 250;92;;;;;;;;
VR;22;12491;CIPERTHRIN PLUS;89,25;;;;;;;;
VR;22;12492;ASTROL NUOVO;1615;;;;;;;;
VR;22;12504;FLOWBRIX;6240;;;;;;;;
VR;22;12505;FLOWBRIX BLU;510;;;;;;;;
VR;22;12514;VIPER;2670;;;;;;;;
VR;22;12519;CORSARIO;281,25;;;;;;;;
VR;22;12528;CABRIO TOP;22;;;;;;;;
VR;22;12529;TUCANA 25 EC;255;;;;;;;;
VR;22;12534;FOXTAIL;140,2;;;;;;;;
VR;22;12538;MYSTIC 25 WG;40;;;;;;;;
VR;22;12540;REGRAN SL;659;;;;;;;;
VR;22;12542;CUPROFIX F DISPERSS;40;;;;;;;;
VR;22;12550;SAHEL 75 WG;3,8;;;;;;;;
VR;22;12554;TERMINAL;2;;;;;;;;
VR;22;12560;METHIOR;7,25;;;;;;;;
VR;22;12564;ELECTIS MZ;10;;;;;;;;
VR;22;12566;PYGANIC 1.4;170,54;;;;;;;;
VR;22;12568;SPRINTEX NEW L;43;;;;;;;;
VR;22;12573;EKO OIL SPRAY;4279,5;;;;;;;;
VR;22;12578;RANMAN;1,75;;;;;;;;
VR;22;12584;AVIATOR;480;;;;;;;;
VR;22;12590;DIASTAR MAXI;1500;;;;;;;;
VR;22;12598;GRANSTAR POWER SX;68,51;;;;;;;;
VR;22;12622;QUANTUM;3464,5;;;;;;;;
VR;22;12625;EFUZIN 355 SC/FULLDINA 35 FL;1209;;;;;;;;
VR;22;12627;DANADIM 400;1099;;;;;;;;
VR;22;12628;SERENADE MAX;936;;;;;;;;
VR;22;12629;BUGGY 360 SG N.E.T.;601,75;;;;;;;;
VR;22;12642;TRATON SX;1,19;;;;;;;;
VR;22;12647;GLITTER;1496;;;;;;;;
VR;22;12650;NUPRID 200 SL;6;;;;;;;;
VR;22;12654;SPINTOR;32,5;;;;;;;;
VR;22;12659;IMIDAN EC;99;;;;;;;;
VR;22;12661;SCUDEX WDG;10;;;;;;;;
VR;22;12671;HARMONY 50 SX;73,95;;;;;;;;
VR;22;12692;SPRUZIT INSETTICIDA;3,5;;;;;;;;
VR;22;12706;PERMIT;25,15;;;;;;;;
VR;22;12722;OSSICLOR 20 FLOW;289,25;;;;;;;;
VR;22;12730;BATER;150;;;;;;;;
VR;22;12731;MICLOTOP PROGRESS;561;;;;;;;;
VR;22;12734;JUPITER R DF;582,7;;;;;;;;
VR;22;12737;AIRONE PIU';11232;;;;;;;;
VR;22;12738;KING 360 HP;2880;;;;;;;;
VR;22;12747;CUPRAVIT BLU WG;34,3;;;;;;;;
VR;22;12748;GRIFON PIU';10340;;;;;;;;
VR;22;12754;KUPRUM TOP 30 WG;2200;;;;;;;;
VR;22;12756;DICOTEX;33,41;;;;;;;;
VR;22;12759;OSSICLOR 35 WG;8130;;;;;;;;
VR;22;12768;SPINTOR FLY;528,75;;;;;;;;
VR;22;12770;ALAR 85 GOLD;33;;;;;;;;
VR;22;12779;RAMEDIT COMBI WG;395;;;;;;;;
VR;22;12783;ENOVIT METIL FLO;5;;;;;;;;
VR;22;12784;FARO WG;157;;;;;;;;
VR;22;12785;CHECKMATE CM-XL;400;;;;;;;;
VR;22;12806;FEDOR;479;;;;;;;;
VR;22;12813;AMISTAR XTRA;180;;;;;;;;
VR;22;12824;MERLIN EXPERT;13;;;;;;;;
VR;22;12827;PREMIER ZR/ELECTIS R;1610;;;;;;;;
VR;22;12828;SITOFEX;841,5;;;;;;;;
VR;22;12830;CHECKMATE SF-XL;1555,2;;;;;;;;
VR;22;12831;INSIGNIA;21,75;;;;;;;;
VR;22;12833;ISOMATE C/OFM;50;;;;;;;;
VR;22;12834;ISONET L PLUS;213,11;;;;;;;;
VR;22;12835;ISONET LE;167;;;;;;;;
VR;22;12836;ISONET Z;13;;;;;;;;
VR;22;12837;ARIUS SYSTEM PLUS;2694;;;;;;;;
VR;22;12843;CHECKMATE CM-F;15;;;;;;;;
VR;22;12844;CHECKMATE OFM-F;4,95;;;;;;;;
VR;22;12845;AXIAL;10;;;;;;;;
VR;22;12848;R6 ERRESEI SB-R42 WG;8;;;;;;;;
VR;22;12849;BENPROP PRO/GEMINI;33,5;;;;;;;;
VR;22;12857;PROREX;193;;;;;;;;
VR;22;12858;PRODIGY;1411;;;;;;;;
VR;22;12859;BORNEO;15,23;;;;;;;;
VR;22;12860;MILBEKNOCK;3;;;;;;;;
VR;22;12862;CANTUS;932;;;;;;;;
VR;22;12865;DANTOP 50 WG;2,6;;;;;;;;
VR;22;12866;COLLIS;104;;;;;;;;
VR;22;12868;BELLIS;701;;;;;;;;
VR;22;12869;SIGNUM;626;;;;;;;;
VR;22;12878;RIDOMIL GOLD COMBI PEPITE;259;;;;;;;;
VR;22;12880;ATLANTIS WG;12;;;;;;;;
VR;22;12881;HUSSAR MAXX;43,8;;;;;;;;
VR;22;12883;PROSPER 300 CS;13587;;;;;;;;
VR;22;12884;BATAM;1231;;;;;;;;
VR;22;12886;KARATHANE STAR;1826;;;;;;;;
VR;22;12888;LEPINOX PLUS;668;;;;;;;;
VR;22;12889;PICKER SC;4,8;;;;;;;;
VR;22;12903;DOLESE WG;162;;;;;;;;
VR;22;12918;CALYPSO GARDEN PROTECTOR PPO;18;;;;;;;;
VR;22;12920;AGORA;81;;;;;;;;
VR;22;12924;JUPITER WG;270;;;;;;;;
VR;22;12931;FUNGI MZ DF;1;;;;;;;;
VR;22;12933;MOXYL 20 WP;64;;;;;;;;
VR;22;12940;KARATE ZEON 1.5;570;;;;;;;;
VR;22;12947;DEDALUS COMBI G;25;;;;;;;;
VR;22;12954;SPECTRUM;320;;;;;;;;
VR;22;12972;GLYFOS DAKAR;20;;;;;;;;
VR;22;12992;BAGNANTE PLUS;160;;;;;;;;
VR;22;13005;PROMAG;0,6;;;;;;;;
VR;22;13012;FOLVIT 80 WDG;13950;;;;;;;;
VR;22;13025;MYSTIC 250 EW;161;;;;;;;;
VR;22;13039;POTCLEAN 2G;99;;;;;;;;
VR;22;13046;SWING;2;;;;;;;;
VR;22;13049;SULCOGAN;120;;;;;;;;
VR;22;13055;MACHO;1532;;;;;;;;
VR;22;13061;BIOBIT DF;28;;;;;;;;
VR;22;13062;DIPEL DF;251;;;;;;;;
VR;22;13063;REGULEX 10 SG;59;;;;;;;;
VR;22;13064;VITENE ULTRA SC;12;;;;;;;;
VR;22;13065;DOMARK 125;435;;;;;;;;
VR;22;13084;TELDOR PLUS;4112,4;;;;;;;;
VR;22;13087;TASIS;2;;;;;;;;
VR;22;13093;STOMP AQUA;3136;;;;;;;;
VR;22;13095;DIRA-MAX LG;37;;;;;;;;
VR;22;13098;ROUNDUP POWER 2.0;4238;;;;;;;;
VR;22;13101;SCHOLAR;31;;;;;;;;
VR;22;13104;ALGOR PLATIN;15;;;;;;;;
VR;22;13106;IKANOS;22;;;;;;;;
VR;22;13107;BINAL CB;55;;;;;;;;
VR;22;13111;THIOCUR FORTE;419,3;;;;;;;;
VR;22;13120;MYSTIC 430 SC;93;;;;;;;;
VR;22;13126;CABRIO DUO;259;;;;;;;;
VR;22;13128;GOLTIX 50 WG;300;;;;;;;;
VR;22;13129;BREAK-THRU S240;23;;;;;;;;
VR;22;13130;GUNNER WG;181;;;;;;;;
VR;22;13132;TRIPION E;10;;;;;;;;
VR;22;13138;SYSTHANE 4,5 PLUS;573;;;;;;;;
VR;22;13143;MEZENE WG;12345;;;;;;;;
VR;22;13149;POLTIGLIA MANICA 20 WG;29042;;;;;;;;
VR;22;13150;CURAME 35 WG;1200;;;;;;;;
VR;22;13152;OPTIX R DISPERSS;1833;;;;;;;;
VR;22;13153;BANVEL S;185;;;;;;;;
VR;22;13158;REMEDIER;541;;;;;;;;
VR;22;13160;FORUM TOP;1350;;;;;;;;
VR;22;13166;SPINNER WG;103,5;;;;;;;;
VR;22;13167;POMARSOL 80 WG;7273;;;;;;;;
VR;22;13168;LAUDIS;842;;;;;;;;
VR;22;13172;CREW 40 OD;258;;;;;;;;
VR;22;13180;AZUL MZ 80 WP;50;;;;;;;;
VR;22;13182;RAMSOL-F2;12;;;;;;;;
VR;22;13185;SIATTOL;173,75;;;;;;;;
VR;22;13186;TITUS MAIS EXTRA;17,12;;;;;;;;
VR;22;13205;ZOLFO MANICA SCORREVOLE DOPPIO RAFFINATO;19755;;;;;;;;
VR;22;13212;CONFIDOR 200 O-TEQ;13,65;;;;;;;;
VR;22;13213;R6 ERRESEI ALBIS;23059;;;;;;;;
VR;22;13222;DUOKAR 4,5 EW PRO;37;;;;;;;;
VR;22;13225;AGRIDIF/FRISBEE;2;;;;;;;;
VR;22;13236;BULLET;340;;;;;;;;
VR;22;13238;TOPAZIO;6;;;;;;;;
VR;22;13242;NICOGAN V.O.;39;;;;;;;;
VR;22;13244;ZOLFO VENTILATO STELLA;18995;;;;;;;;
VR;22;13249;ZOLFO VENTILATO STELLA RAMATO S;20975;;;;;;;;
VR;22;13255;PLAYER GR;99;;;;;;;;
VR;22;13263;BORDORAM 20 WG;14;;;;;;;;
VR;22;13266;VIVER 25 WG;1;;;;;;;;
VR;22;13267;IMPERO;1;;;;;;;;
VR;22;13290;ZOLFO MANICA DOPPIO RAFFINATO VENTILATO RAMATO 3% NEW;33070;;;;;;;;
VR;22;13292;ZOLFO A.&A. F.LLI ZANUCCOLI TRIVENTILATO 93% S;24145;;;;;;;;
VR;22;13296;POKER 7,5;1730;;;;;;;;
VR;22;13299;MAGIO';252;;;;;;;;
VR;22;13307;BERLINA;195;;;;;;;;
VR;22;13323;SULFY 80 WDG;207;;;;;;;;
VR;22;13327;GRANSTAR ULTRA SX;30,95;;;;;;;;
VR;22;13348;SARCAP 80 WG;24;;;;;;;;
VR;22;13350;TAU AL;11;;;;;;;;
VR;22;13352;DIREX 7,5 GR;308;;;;;;;;
VR;22;13361;DECIS ENERGY O-TEQ;97;;;;;;;;
VR;22;13365;ZOLFO DOPPIO VENTILATO SCORREVOLE 95% S ZOLFINDUSTRIA;20;;;;;;;;
VR;22;13367;DIVO;157;;;;;;;;
VR;22;13370;WARRANT 200 SL;262;;;;;;;;
VR;22;13375;NUPRID 200 SC;455,75;;;;;;;;
VR;22;13378;ORTIVA TOP;23;;;;;;;;
VR;22;13382;PERGADO SC;1697,5;;;;;;;;
VR;22;13386;PROSARO;9;;;;;;;;
VR;22;13387;FLORAMIX;8,48;;;;;;;;
VR;22;13389;AFFIRM;19241,2;;;;;;;;
VR;22;13394;IMIDASECT;6;;;;;;;;
VR;22;13402;LUMA-KL;246;;;;;;;;
VR;22;13403;GLOXY;1;;;;;;;;
VR;22;13409;SILFUR WG;4044;;;;;;;;
VR;22;13410;FRUTTENE 76 WG;2198;;;;;;;;
VR;22;13414;ARES 5 SC;520;;;;;;;;
VR;22;13430;TENOR SC;0,8;;;;;;;;
VR;22;13440;SATEL;1,82;;;;;;;;
VR;22;13455;ANTIGRAM GOLD;893;;;;;;;;
VR;22;13458;ZARADO;110;;;;;;;;
VR;22;13466;SPOTLIGHT PLUS;1674;;;;;;;;
VR;22;13468;CLINER;0,4;;;;;;;;
VR;22;13485;FOLPEC 80 WG ADVANCE;3530;;;;;;;;
VR;22;13489;CYMBAL;89;;;;;;;;
VR;22;13495;RYU-RUN WG;150;;;;;;;;
VR;22;13505;CLICK DUO;60;;;;;;;;
VR;22;13521;HELIOCUIVRE S;921;;;;;;;;
VR;22;13536;SAFRAN;5;;;;;;;;
VR;22;13542;FANTIC M NC;55;;;;;;;;
VR;22;13552;ZOLVIS 80 SECTOR;3,5;;;;;;;;
VR;22;13560;FORZA;539;;;;;;;;
VR;22;13563;NICOGAN;20;;;;;;;;
VR;22;13576;RAMEPLANT WG;407,4;;;;;;;;
VR;22;13579;COPPER 12;15;;;;;;;;
VR;22;13585;SOLOFOL;4405;;;;;;;;
VR;22;13586;VERDERAME 20 WG;112,4;;;;;;;;
VR;22;13592;VOLARE;72;;;;;;;;
VR;22;13604;ZOLFO S.A.I.M. RAFFINATO DOPPIO VENTILATO RAMATO 5%;1376;;;;;;;;
VR;22;13612;BABEL 400;60;;;;;;;;
VR;22;13635;POLTIGLIA 20 PB MANICA;6342;;;;;;;;
VR;22;13637;PERGADO F;560;;;;;;;;
VR;22;13639;ACRAMITE 480 SC;3,5;;;;;;;;
VR;22;13640;IMPRINT;1;;;;;;;;
VR;22;13646;SENTRY;1387;;;;;;;;
VR;22;13648;SIARAM 20 WG;10266;;;;;;;;
VR;22;13651;SPECTRO;2,8;;;;;;;;
VR;22;13689;FLINT MAX;327,5;;;;;;;;
VR;22;13691;TRIDAN COMBI T;1984;;;;;;;;
VR;22;13693;BACILLUS CHEMIA;40;;;;;;;;
VR;22;13698;VIVANDO;1172,5;;;;;;;;
VR;22;13702;GEOTOX 7,5 C;1021,5;;;;;;;;
VR;22;13707;IMPACT SUPREME;20;;;;;;;;
VR;22;13711;QUIZA 5 EC;77;;;;;;;;
VR;22;13721;AFIDINA QUICK;3;;;;;;;;
VR;22;13722;CAL-EX 1.9 EC;140;;;;;;;;
VR;22;13736;TRACE;50,25;;;;;;;;
VR;22;13741;SELECTA DISPERSS;333;;;;;;;;
VR;22;13742;PERGADO MZ;1085;;;;;;;;
VR;22;13743;KUKAR 22;355;;;;;;;;
VR;22;13758;OPTIX WG;102;;;;;;;;
VR;22;13771;NIMROD 250 EW;3457;;;;;;;;
VR;22;13784;STINGS MZ;560;;;;;;;;
VR;22;13785;QUANTUM MZ;3625;;;;;;;;
VR;22;13786;QUANTUM R;3626,71;;;;;;;;
VR;22;13787;STINGS R;2060;;;;;;;;
VR;22;13791;GEATER-STAR;12;;;;;;;;
VR;22;13792;STABILAN;1;;;;;;;;
VR;22;13793;RUNNER M;1131;;;;;;;;
VR;22;13794;SPADA WDG;125;;;;;;;;
VR;22;13796;CELL;74;;;;;;;;
VR;22;13812;NOTO 40 OD;806;;;;;;;;
VR;22;13815;TUTOR 18-15;13;;;;;;;;
VR;22;13817;ALIAL WG;101;;;;;;;;
VR;22;13818;ALIAL TRIPLE WP;1;;;;;;;;
VR;22;13820;BAYTEROID 25 EC;298;;;;;;;;
VR;22;13823;ALVERDE;16,54;;;;;;;;
VR;22;13838;XEDAVIR;57;;;;;;;;
VR;22;13842;CHECKMATE OFM;400;;;;;;;;
VR;22;13843;ZELIG 480 EC;3646;;;;;;;;
VR;22;13852;DIQUA;369;;;;;;;;
VR;22;13857;CRODIX GEO/MINUET GEO;2440;;;;;;;;
VR;22;13859;MADEX 100;168,6;;;;;;;;
VR;22;13865;FUNGICIDA GARDEN;27;;;;;;;;
VR;22;13877;KITT PRONTO;46;;;;;;;;
VR;22;13885;MICROCOPP NEUTRO FL;2820;;;;;;;;
VR;22;13888;FANTIC F NC WG;1900;;;;;;;;
VR;22;13905;BANJO;2222;;;;;;;;
VR;22;13908;BORDO ISAGRO WG;340;;;;;;;;
VR;22;13925;BOGARD;137;;;;;;;;
VR;22;13926;SPONSOR;13,5;;;;;;;;
VR;22;13927;ZAMIR 18;7,5;;;;;;;;
VR;22;13934;SULFOSAT WDG;6775;;;;;;;;
VR;22;13955;MITIGREEN;631;;;;;;;;
VR;22;13981;CORAGEN;463,4;;;;;;;;
VR;22;13998;PYRUS 400 SC;7;;;;;;;;
VR;22;14005;CLORTOSIP 500 SC;163;;;;;;;;
VR;22;14021;BREK DUO;311;;;;;;;;
VR;22;14023;SUPPORT 10EC;434;;;;;;;;
VR;22;14027;IMIDAN 23,5 WDG;59;;;;;;;;
VR;22;14034;CURENOX TOP MICRO;155,4;;;;;;;;
VR;22;14036;FASTER WDG;20;;;;;;;;
VR;22;14042;SUPRAFOS EC;260;;;;;;;;
VR;22;14044;JOKER 480;124;;;;;;;;
VR;22;14052;PRODEO 80 WG;113;;;;;;;;
VR;22;14056;RODIBAIT;31,6;;;;;;;;
VR;22;14058;FEINZIN 70 DF;40;;;;;;;;
VR;22;14061;TRIANUM-P;1175;;;;;;;;
VR;22;14062;ZOXIUM 240 SC;1519,2;;;;;;;;
VR;22;14074;TRINEX 250 EW;6,6;;;;;;;;
VR;22;14076;CYPRUS 25 DF;5,7;;;;;;;;
VR;22;14077;CHAMP 20 DF;1810;;;;;;;;
VR;22;14080;MIZAR;21;;;;;;;;
VR;22;14085;PUNTIL MZ;15;;;;;;;;
VR;22;14092;AGRORAT B;32;;;;;;;;
VR;22;14099;ASPOR WDG;5770;;;;;;;;
VR;22;14100;KANEMITE;12;;;;;;;;
VR;22;14102;BORDOFLOW NEW;6990;;;;;;;;
VR;22;14119;VISIR PENCOTECH;287;;;;;;;;
VR;22;14123;ZETARAM NEW TECH;460;;;;;;;;
VR;22;14127;MEVAXIL COBRE;3883,5;;;;;;;;
VR;22;14128;ZIGNAL;420;;;;;;;;
VR;22;14136;OBERON;86;;;;;;;;
VR;22;14137;ALTACOR;12,8;;;;;;;;
VR;22;14154;PIRETRO ACTIGREEN;7,22;;;;;;;;
VR;22;14156;CURZATE R WG;140;;;;;;;;
VR;22;14158;CHLORCYRINE 550 EC;30;;;;;;;;
VR;22;14163;SARMOX 440 WG;2255;;;;;;;;
VR;22;14164;TRIKA ZETA;1440;;;;;;;;
VR;22;14165;NANDO MAXI;535;;;;;;;;
VR;22;14166;ZETOR;878;;;;;;;;
VR;22;14168;SILWET VELONEX;3;;;;;;;;
VR;22;14169;PERGADO R;5225;;;;;;;;
VR;22;14178;TRI-BASE;18;;;;;;;;
VR;22;14187;SILWET FASTEX;217;;;;;;;;
VR;22;14193;SARMOX 45 DG;96;;;;;;;;
VR;22;14195;KENDO WITH ZEON TECHNOLOGY;129;;;;;;;;
VR;22;14207;TEBUSHA NEW/VIVER 25 NEW;7;;;;;;;;
VR;22;14214;RAPSAN 500 SC;4;;;;;;;;
VR;22;14245;GOLEM;11,5;;;;;;;;
VR;22;14248;CLOR QUICK;25,95;;;;;;;;
VR;22;14285;CUPRAVIT BLU FLOW NF;15;;;;;;;;
VR;22;14290;KOHINOR 200 SL;3145,56;;;;;;;;
VR;22;14294;EXECUTIVE;3,3;;;;;;;;
VR;22;14333;DIMILIN SC-15;67;;;;;;;;
VR;22;14348;AGRON;715;;;;;;;;
VR;22;14350;ZOLFO RAMATO 5;2;;;;;;;;
VR;22;14370;AMISTAR;5;;;;;;;;
VR;22;14373;GLINET;902;;;;;;;;
VR;22;14381;PYRINET;1;;;;;;;;
VR;22;14384;ETOPROSIP G;510;;;;;;;;
VR;22;14389;DESSICASH 200 SL;861;;;;;;;;
VR;22;14398;KOHINOR 70 WDG;5,5;;;;;;;;
VR;22;14405;MERLIN FLEXX;2282;;;;;;;;
VR;22;14406;LEIMAY;4;;;;;;;;
VR;22;14407;RUNWAY;47;;;;;;;;
VR;22;14409;MOVENTO 48 SC;2369,06;;;;;;;;
VR;22;14418;PULSAR 40 SL;539;;;;;;;;
VR;22;14419;TRUST SC;2,25;;;;;;;;
VR;22;14423;PRIMISOL 80 WDG;2610;;;;;;;;
VR;22;14425;MYSTIC COMBI WG;340;;;;;;;;
VR;22;14431;LENTAGRAN 45 WP;2;;;;;;;;
VR;22;14432;METRIC;40;;;;;;;;
VR;22;14433;QUBIC R;1954;;;;;;;;
VR;22;14434;NUANCE;0,8;;;;;;;;
VR;22;14441;VALZER SC;15;;;;;;;;
VR;22;14463;MERPAN 480 SC;525;;;;;;;;
VR;22;14465;TAIFUN MK;1912;;;;;;;;
VR;22;14469;ROMIN 600;55;;;;;;;;
VR;22;14474;TEBUSIP COMBI;23,7;;;;;;;;
VR;22;14488;ANTRACOL 70 WG;1330;;;;;;;;
VR;22;14491;QUBIC MZ;970;;;;;;;;
VR;22;14495;BIO-FUTUR;2;;;;;;;;
VR;22;14510;ELECTIS TRIO;1548;;;;;;;;
VR;22;14543;FLUIZOL;9;;;;;;;;
VR;22;14575;TRIMMER SX;0,6;;;;;;;;
VR;22;14577;FORUM R 3B;12485;;;;;;;;
VR;22;14629;GAT TESSLA 25 WG;25;;;;;;;;
VR;22;14636;BIOLID UP;58,5;;;;;;;;
VR;22;14639;LIRIUS PLUS;9;;;;;;;;
VR;22;14642;RIDOMIL GOLD R WG;13816;;;;;;;;
VR;22;14643;CENTIUM 36 CS;207;;;;;;;;
VR;22;14655;VIVER WDG;253;;;;;;;;
VR;22;14660;BTK 32 WG;24;;;;;;;;
VR;22;14664;BERELEX 40 SG;2010;;;;;;;;
VR;22;14684;SUPERBO;29;;;;;;;;
VR;22;14686;KOCIDE OPTI;735;;;;;;;;
VR;22;14687;QUAD-GLOB 200 SL;219;;;;;;;;
VR;22;14693;VIP 80 EC;13,5;;;;;;;;
VR;22;14697;ENERVIN DUO;106;;;;;;;;
VR;22;14699;GEOXE;48;;;;;;;;
VR;22;14709;ISOMATE A/OFM;12681,82;;;;;;;;
VR;22;14728;CELIO;6,25;;;;;;;;
VR;22;14735;RANMAN TOP;110,6;;;;;;;;
VR;22;14737;ROUNDUP PLATINUM;4257;;;;;;;;
VR;22;14739;DECIS PROTECT;7;;;;;;;;
VR;22;14755;CEREBAS GOLD;35;;;;;;;;
VR;22;14758;KARATE WITH ZEON TECHNOLOGY 1.5 HOBBY;1,1;;;;;;;;
VR;22;14764;SLUXX;15;;;;;;;;
VR;22;14768;CALIBAN TOP;23,6;;;;;;;;
VR;22;14769;COMET 250 EC;14;;;;;;;;
VR;22;14792;MELODY TREVI;13742;;;;;;;;
VR;22;14794;MYSTIC CLASS;4;;;;;;;;
VR;22;14799;AFLOR 200 SL;6,18;;;;;;;;
VR;22;14803;ELECTIS ZR;435;;;;;;;;
VR;22;14804;COPPER - DF;27,25;;;;;;;;
VR;22;14806;LUNA PRIVILEGE;1793;;;;;;;;
VR;22;14807;LUZINDO;143,25;;;;;;;;
VR;22;14809;CUPRAVIT BIO EVOLUTION;17396;;;;;;;;
VR;22;14812;ENERVIN TOP;2685;;;;;;;;
VR;22;14815;ADENGO;7686;;;;;;;;
VR;22;14818;ACANTO;70;;;;;;;;
VR;22;14826;PYREOS EXTRA SL;24;;;;;;;;
VR;22;14837;GLIFOSAR FLASH;7936;;;;;;;;
VR;22;14838;BARCLAY GALLUP BIOGRADE 360;5635;;;;;;;;
VR;22;14845;MYSTIC PLUS S;1464;;;;;;;;
VR;22;14862;FOLMAK WDG;30;;;;;;;;
VR;22;14867;SYNERO;78;;;;;;;;
VR;22;14868;IDROX 22 NEW;3890;;;;;;;;
VR;22;14870;ASSORAM ELITE WG;1200;;;;;;;;
VR;22;14871;OXICU;330;;;;;;;;
VR;22;14872;BELLIS DRUPACEE;1277,5;;;;;;;;
VR;22;14876;GRANDSTAND;76,25;;;;;;;;
VR;22;14884;CORUM;1129;;;;;;;;
VR;22;14890;SANBLIGHT;200;;;;;;;;
VR;22;14894;LANNATE 25 WP;26;;;;;;;;
VR;22;14895;LANNATE 20 SL;22,5;;;;;;;;
VR;22;14917;ALASKA 80 WG/BAROCCO;430;;;;;;;;
VR;22;14920;ZOLFO 80 WP ZOLFINDUSTRIA;2200;;;;;;;;
VR;22;14927;KALAHARI;80;;;;;;;;
VR;22;14940;TAKUMI;18,2;;;;;;;;
VR;22;14947;TRUSTEE 450;655;;;;;;;;
VR;22;14972;DICARZOL 50 SP;3;;;;;;;;
VR;22;14974;BELEM 0.8 MG;26806;;;;;;;;
VR;22;14980;AFFINITY PLUS;11;;;;;;;;
VR;22;15006;TRAXOS PRONTO;9;;;;;;;;
VR;22;15007;AXIAL PRONTO;80;;;;;;;;
VR;22;15008;LBG - 01F34;424;;;;;;;;
VR;22;15013;NATRIA LUMACHICIDA;80;;;;;;;;
VR;22;15014;NATRIA ERBICIDA;1,5;;;;;;;;
VR;22;15019;RIVIERA;80;;;;;;;;
VR;22;15023;DERREX;340;;;;;;;;
VR;22;15024;MESUROL 200 SC;54;;;;;;;;
VR;22;15030;COSSACK;72,6;;;;;;;;
VR;22;15034;DICOPHAR;134,4;;;;;;;;
VR;22;15037;BREZZA;374;;;;;;;;
VR;22;15041;OPINION ECNA;345,5;;;;;;;;
VR;22;15047;R6 ERRESEI BORDEAUX WG;13004;;;;;;;;
VR;22;15049;MODDUS;1;;;;;;;;
VR;22;15050;VERTIMEC PRO;262;;;;;;;;
VR;22;15051;KYLEO;218;;;;;;;;
VR;22;15052;KAIMO SORBIE;10,2;;;;;;;;
VR;22;15053;ADMIRAL ECHO;22;;;;;;;;
VR;22;15058;PRINCIPAL MAIS;130;;;;;;;;
VR;22;15059;DECIS EVO;572,75;;;;;;;;
VR;22;15061;SCOMRID;3,6;;;;;;;;
VR;22;15062;PIRAMAX  EC;10;;;;;;;;
VR;22;15063;NIMBLE;0,1;;;;;;;;
VR;22;15064;MAESTRO WG ADVANCE;125;;;;;;;;
VR;22;15067;MIG-40 SC;46;;;;;;;;
VR;22;15071;EVOLUTION;322;;;;;;;;
VR;22;15079;JUVINAL ECHO;57,75;;;;;;;;
VR;22;15083;AUDACE;103;;;;;;;;
VR;22;15085;VITISAN 45 WG;580;;;;;;;;
VR;22;15093;CENTURIO;46;;;;;;;;
VR;22;15094;FOSBEL 80 WG;6892;;;;;;;;
VR;22;15100;NECTAR PLUS;203;;;;;;;;
VR;22;15101;CIMORAM ULTRA WG;65;;;;;;;;
VR;22;15111;MIRADOR SC/PRIORI;563;;;;;;;;
VR;22;15112;SIMPLIA;333;;;;;;;;
VR;22;15114;MACCANI;4;;;;;;;;
VR;22;15115;VELIERO;310;;;;;;;;
VR;22;15122;ACTELLIC 50 NEWPHARM;11;;;;;;;;
VR;22;15125;PROLECTUS;1312;;;;;;;;
VR;22;15130;INTREPID;34;;;;;;;;
VR;22;15135;OLEOSAN PLUS;6,5;;;;;;;;
VR;22;15138;BAROCCO 80 WG;17900;;;;;;;;
VR;22;15139;INDIPENDENT SC-15;486;;;;;;;;
VR;22;15145;TEMPLIER;14,76;;;;;;;;
VR;22;15147;EVO-TRIBASIC;5,4;;;;;;;;
VR;22;15148;ENVIROMITE 480 SC;0,2;;;;;;;;
VR;22;15149;PRIMISOL MK;32540;;;;;;;;
VR;22;15168;ZORO 1.9 EW;9;;;;;;;;
VR;22;15177;ROTATE PLUS DF;10274;;;;;;;;
VR;22;15180;RIVET PLUS;120;;;;;;;;
VR;22;15181;CIRRUS CS;10,5;;;;;;;;
VR;22;15184;SATEL GEO;12;;;;;;;;
VR;22;15192;LIBERATE;160;;;;;;;;
VR;22;15193;CONTATTO PIU' EXTRA;42;;;;;;;;
VR;22;15199;SAKURA;21;;;;;;;;
VR;22;15200;QUALY;136;;;;;;;;
VR;22;15211;TRAMAN;147;;;;;;;;
VR;22;15221;ZETARAM PLUS;400;;;;;;;;
VR;22;15227;MESUROL EVOLUTION;208;;;;;;;;
VR;22;15232;CUSTODIA;76;;;;;;;;
VR;22;15236;ZAMMO;74;;;;;;;;
VR;22;15244;VERDE PYRIPROXIFEN;196;;;;;;;;
VR;22;15253;FALCON MK;696;;;;;;;;
VR;22;15256;FORUM R 3B FLOW;845;;;;;;;;
VR;22;15264;ENERVIN SC;228;;;;;;;;
VR;22;15273;BITAM 15 EC;92;;;;;;;;
VR;22;15274;ALIAL SYSTEM;450;;;;;;;;
VR;22;15285;PRIMMA STAR;2,22;;;;;;;;
VR;22;15289;SERENADE NATRIA;0,2;;;;;;;;
VR;22;15294;KENDO BI-ACTIVE;301;;;;;;;;
VR;22;15302;AMYLO-X;1505;;;;;;;;
VR;22;15307;DEDALUS 25 WDG;79;;;;;;;;
VR;22;15310;NISSHIN EXTRA 6 OD;64;;;;;;;;
VR;22;15313;ZOLFO SC;1810;;;;;;;;
VR;22;15333;APPLAUD PLUS;1099,3;;;;;;;;
VR;22;15335;U 46 ULTRA;18;;;;;;;;
VR;22;15337;EXPRESS SUN;0,3;;;;;;;;
VR;22;15340;FEUDO 50 WP;589,6;;;;;;;;
VR;22;15342;FEUDO MZ WDG;100;;;;;;;;
VR;22;15343;FEUDO RD WP;10;;;;;;;;
VR;22;15348;RIDOMIL GOLD R LIQUIDO;120;;;;;;;;
VR;22;15356;AVIATOR SC;39;;;;;;;;
VR;22;15361;LIETO;147,5;;;;;;;;
VR;22;15371;BELEM PROTEZIONE;14228;;;;;;;;
VR;22;15384;LUNA EXPERIENCE;240;;;;;;;;
VR;22;15389;FLARE GOLD R WG;5130;;;;;;;;
VR;22;15401;TAIFUN MK CL;28028;;;;;;;;
VR;22;15402;DELTASAP;313;;;;;;;;
VR;22;15406;DICUMBA;25;;;;;;;;
VR;22;15409;DECISION;7;;;;;;;;
VR;22;15416;DIFO;39;;;;;;;;
VR;22;15433;ATLAS;18;;;;;;;;
VR;22;15434;RAK 2 MAX;1764;;;;;;;;
VR;22;15436;MYCOTAL;365,5;;;;;;;;
VR;22;15448;REBEL TOP;443;;;;;;;;
VR;22;15449;CIDELY;654;;;;;;;;
VR;22;15451;ELIOS WG TOP;7;;;;;;;;
VR;22;15499;SONG 70 WDG;1,75;;;;;;;;
VR;22;15505;SILBOT 500 SC/MORFEUM 500 SC;843;;;;;;;;
VR;22;15507;CREW SUPERB;78;;;;;;;;
VR;22;15514;CUPRAVIT BLU 35 WG;8,9;;;;;;;;
VR;22;15515;POLTIGLIA 20 PB GREEN;1475;;;;;;;;
VR;22;15571;METSY;0,38;;;;;;;;
VR;22;15572;ZOMINEX;53;;;;;;;;
VR;22;15573;PROMESS SL;300;;;;;;;;
VR;22;15574;KARMA 85;3010;;;;;;;;
VR;22;15581;BARKAN;29;;;;;;;;
VR;22;15591;PREVINT TOP;180;;;;;;;;
VR;22;15596;LASCAR;277;;;;;;;;
VR;22;15603;ERBIFEN K;790;;;;;;;;
VR;22;15618;FULLDINA 355 SC;677;;;;;;;;
VR;22;15625;TERMINUS SC;648;;;;;;;;
VR;22;15630;PALMAS 45% WG;56;;;;;;;;
VR;22;15639;RL 400;200;;;;;;;;
VR;22;15640;PROLINE STAR;620;;;;;;;;
VR;22;15641;SIATTOL 200 SL;57,75;;;;;;;;
VR;22;15649;COMPO DISERBO FACILE RTU;8;;;;;;;;
VR;22;15654;ACCORD;1;;;;;;;;
VR;22;15663;CUPRAVIT 35 WG;16000;;;;;;;;
VR;22;15668;GHIBLI 240 OD;39;;;;;;;;
VR;22;15680;MITRHA 40 SC;25;;;;;;;;
VR;22;15681;LUMADRY ESCA;585;;;;;;;;
VR;22;15687;MICLOCUR;216;;;;;;;;
VR;22;15699;EMI 48;8;;;;;;;;
VR;22;15710;CLINCHER ONE;250;;;;;;;;
VR;22;15711;ALSYSTIN;167;;;;;;;;
VR;22;15722;ARMICARB 85;4070;;;;;;;;
VR;22;15740;VINETO;2049;;;;;;;;
VR;22;15741;AVADEX FACTOR;109;;;;;;;;
VR;22;15817;GLADIATOR;322;;;;;;;;
VR;22;15832;VINTAGE C DISPERSS;1290;;;;;;;;
VR;22;15834;TRACER 120;41;;;;;;;;
VR;22;15841;FLOCTER;80;;;;;;;;
VR;22;15842;AFICIONADO;447;;;;;;;;
VR;22;15845;ARAGON;204;;;;;;;;
VR;22;15846;BIO ETEFON;12;;;;;;;;
VR;22;15857;R6 ERRESEI PASADOBLE;510;;;;;;;;
VR;22;15863;BALENO FLASH;5;;;;;;;;
VR;22;15899;SILICOSEC;15;;;;;;;;
VR;22;15900;TRIKA EXPERT;210;;;;;;;;
VR;22;15901;ERCOLE;5790;;;;;;;;
VR;22;15913;BORDO ISAGRO WG BLU;1080;;;;;;;;
VR;22;15922;KLARTAN PRONTO USO;21;;;;;;;;
VR;22;15931;GLORIAL JET;40;;;;;;;;
VR;22;15942;BEAM RICE;636;;;;;;;;
VR;22;15949;PROMEX;586;;;;;;;;
VR;22;15950;TERVIGO SC 1;10;;;;;;;;
VR;22;15958;GEOCLEAN;3280;;;;;;;;
VR;22;15959;DIGEO VI;1460;;;;;;;;
VR;22;15961;RETENGO NEW;1;;;;;;;;
VR;22;15964;ENOVIT METIL FL BETA;30;;;;;;;;
VR;22;15995;PACLOT;5;;;;;;;;
VR;22;15998;ADIVENIR DUO;1000;;;;;;;;
VR;22;16000;MINUET GR;24,75;;;;;;;;
VR;22;16006;DIDICLOR 6;3600;;;;;;;;
VR;22;16049;DELEGATE WG;20;;;;;;;;
VR;22;16051;LENNS;30;;;;;;;;
