Provincia,"N. Reg.","Prodotto fitosanitario venduto*","Quantità(Kg o litri)"
BL,1850,IDRORAME FLOW,4.00
BL,2291,ESCA REGINA N,67.00
BL,2307,VECTOR,42.00
BL,2923,TIOVIT JET,93.00
BL,3102,OLEOTER,2.00
BL,3343,U46 M CLASS,5.00
BL,3486,TRISCABOL DG,1.00
BL,3503,AGRUMIN,6.00
BL,4710,ALIETTE,2.00
BL,6136,GERMON L,0.30
BL,7541,APOLLO SC,1.15
BL,7764,TIOLENE,30.00
BL,7916,POLYRAM DF,26.00
BL,8382,ROUNDUP BIOFLOW,1.00
BL,8801,SCORE 25 EC,0.50
BL,8838,GERMON BEWURZELUNGSPUDER PER TALEE ,0.20
BL,8934,SCALA,2.00
BL,9126,CONCORDE COMBI,3.00
BL,9210,QUADRIS,2.00
BL,9244,ZIRAMIT 76 WG,10.00
BL,9422,EVADE,2.25
BL,9449,EMERALD COMBI,7.00
BL,9578,SWITCH,0.25
BL,9668,RUFAST E-FLO,0.40
BL,9954,JOKER,626.00
BL,10117,STRATOS ULTRA,1.00
BL,10161,ORTIVA,3.00
BL,10305,OIKOS,0.60
BL,10585,SULCOTREK,225.00
BL,10604,EMERALD 40 EW,1.51
BL,10701,CUMETA FLOW,3.00
BL,10734,DUAL GOLD,30.00
BL,10735,PRIMAGRAM GOLD,40.00
BL,10771,MOST MICRO,843.00
BL,10890,FLiPPER,10.35
BL,10944,KARATE ZEON,3.00
BL,10976,METEOR,4.00
BL,11011,DASH HC,2.00
BL,11070,TIOGOLD DISPERSS,15.00
BL,11119,FLINT,1.00
BL,11133,SHELTER,0.50
BL,11206,CODACIDE,5.00
BL,11449,GARDOPRIM GOLD,3155.00
BL,11779,KOP-TWIN,15.00
BL,12020,SUCCESS,0.71
BL,12078,METALIM,3.00
BL,12114,AUXIGER LG,0.10
BL,12344,VEBITHRIN 5 EC,3.20
BL,12482,LUMAX,370.00
BL,12526,ALIETTE ORTO E GIARDINO,1.75
BL,12534,FOXTAIL,0.10
BL,12590,DIASTAR MAXI,180.00
BL,12671,HARMONY 50 SX,0.32
BL,12722,OSSICLOR 20 FLOW,1.00
BL,12738,KING 360 HP,9.00
BL,12759,OSSICLOR 35 WG,74.00
BL,12878,FOLPAN GOLD,7.00
BL,12886,KARATHANE STAR,2.00
BL,12916,SACRON 45 W,4.00
BL,12940,KARATE ZEON 15,4.50
BL,13012,FOLVIT 80 WDG,2.00
BL,13149,POLTIGLIA MANICA 20 WG,79.00
BL,13160,FORUM TOP,5.00
BL,13213,R6 ERRESEI ALBIS,6.00
BL,13218,FINALSAN PLUS,10.00
BL,13242,NICOGAN VO,36.00
BL,13244,ZOLFO VENTILATO STELLA,5.00
BL,13263,BORDORAM 20 WG,53.30
BL,13323,SULFY 80 WDG,0.60
BL,13382,PERGADO SC,1.00
BL,13389,AFFIRM,1.00
BL,13468,CLINER PFnPE,0.20
BL,13552,ZOLVIS 80 SECTOR,10.00
BL,13600,ZOLFO SAIM DOPPIO VENTILATO SCO,20.00
BL,13809,FORCE ULTRA,5200.00
BL,14058,FEINZIN 70 DF,29.25
BL,14154,PIRETRO ACTIGREEN,3.12
BL,14210,EVURE PRO,1.00
BL,14390,BOOM EFEKT,5.00
BL,14407,RUNWAY,2.50
BL,14409,MOVENTO 48 SC,3.00
BL,14479,SCHERMO 05 G,3.00
BL,14636,BIOLID UP,22.00
BL,14642,RIDOMIL GOLD R WG,42.00
BL,14737,ROUNDUP PLATINUM,310.00
BL,14812,ENERVIN TOP,14.00
BL,14891,TRICO,20.00
BL,14947,TRUSTEE 450,28.00
BL,14970,POLYSECT ULTRA SL,0.40
BL,15008,LBG - 01F34,4.00
BL,15013,NATRIA LUMACHICIDA,718.00
BL,15013,NATRIA LUMACHICIDA PFnPE,84.00
BL,15019,RIVIERA,4.00
BL,15047,R6 ERRESEI BORDEAUX WG,2.50
BL,15051,KYLEO,700.00
BL,15058,PRINCIPAL MAIS,14.96
BL,15096,GLIPHOGAN TOP CL,371.00
BL,15142,ALCANCE SYNC TEC,787.00
BL,15213,DEMETRINA FLOW,0.75
BL,15235,MOMENTUM,2.00
BL,15253,FALCON MK,64.00
BL,15264,ENERVIN SC,3.00
BL,15326,CUPROTEK DISPERSS,40.00
BL,15331,ZEFIR 25 WDG,1.00
BL,15363,MEDEIRO 80 WG ADVANCE,2.00
BL,15401,TAIFUN MK CL,430.00
BL,15405,SHAMAL MK PLUS CL,34.50
BL,15449,CIDELY,2.00
BL,15514,CUPRAVIT BLU 35 WG,5.00
BL,15612,SEMPRA,1.05
BL,15635,ADENGO XTRA,60.50
BL,15712,SATELITE,290.00
BL,15751,VITENE TRIPLO R PFnPE,3.00
BL,15844,SLOGAN TOP,2.00
BL,15898,FILAL WG,11.55
BL,15901,ERCOLE,120.00
BL,15990,SCIROCCO 125 EW,1.00
BL,16051,LENNS PFnPE,5.00
BL,16055,KENPYR,3.20
BL,16104,ELECTIS TRIO WDG PFnPE,1.00
BL,16273,SIVANTO PRIME,3.00
BL,16295,RAPAX AS,1.00
BL,16299,PASSAT SL,3.00
BL,16315,RADAR HP PFnPE,0.50
BL,16325,EPIK SL,20.23
BL,16335,LIETO SC,71.00
BL,16379,PREV-AM PLUS,16.00
BL,16381,CALLICORE,56.00
BL,16480,3LOGY,16.00
BL,16509,IBISCO,5.20
BL,16562,DELAN PRO,15.00
BL,16565,EXECUTIVE GOLD,0.30
BL,16578,MELODY COMPACT WG,2.00
BL,16596,SANIUM SL25 PFnPE,60.81
BL,16598,SANIUM AL PFnPE,32.00
BL,16630,NATUREN LIMEX,240.60
BL,16630,NATUREN LIMEX PFnPE,247.40
BL,16657,CENTURY PRO,20.00
BL,16690,KESTREL,3.25
BL,16774,ISOMATE C LR MAX TT,6.00
BL,16831,GLIFENE BIOGRADE,101.00
BL,16867,GLISTER STAR,5.00
BL,16886,CLOSER PFnPE,0.03
BL,16915,ALEAVI PFnPO,2.00
BL,16945,SERCADIS,0.60
BL,16957,ZORVEC VINABRIA,1.00
BL,16961,BENSEC TF,120.00
BL,16976,VITIKAPPA,76.20
BL,17038,TUAREG NEW,154.00
BL,17116,ACTIVUS ME,1.00
BL,17217,ARMICARB SPRAY,3.75
BL,17217,ARMICARB SPRAY PFnPE,21.75
BL,17248,ZORVEC VINABEL,2.00
BL,17284,RODEO PLUS,20.00
BL,17360,MAGO,8.00
BL,17377,REFINE SX,0.09
BL,17920,GHIBLI TM,717.00
BL,18213,BACILLUS CHEMIA PFnPE,3.32
BL,18214,ROMEO PFnPE,0.18
BL,18216,VITIKAPPA PFnPE,0.50
BL,18222,Ferramol,158.00
BL,18222,FERRAMOL PFnPE,2255.00
BL,18223,NATRIA LUMACHICIDA PFnPE,182.00
BL,18229,BAC MK PFnPE,1.10
BL,18235,CIOPPER PFnPE,3.80
BL,18239,FLIPPER PFNPE,2.95
BL,18242,LEPINOX PLUS PFnPE,0.85
BL,18244,MOMENTUM PFnPE,0.90
BL,18253,VERDERAME 20 WG PFnPE,0.63
BL,18257,3LOGY PFnPE,0.02
BL,18259,BARBARIAN BIOGRADE 360 PFnPE,320.22
BL,18261,BARCLAY GALLUP BIOGRADE 360 PFnPE,48.00
BL,18263,BIOLID UP PFnPE,18.10
BL,18269,Glifene Biograde PFnPE,235.50
BL,18270,Gliphogan Top CL PFnPE,826.50
BL,18277,SHAMAL MK PLUS CL PFnPE,48.00
BL,18284,WANAX PFnPE,0.30
PD,13,,8200.00
PD,13,THIOPRON,38895.00
PD,133,U 46 D-FLUID,108.00
PD,206,,100.00
PD,310,OLEOTER,26.00
PD,362,,15.00
PD,362,TREND 90,6.00
PD,599,ACUPRICO 76 WG,340.00
PD,747,ZOLFO SPRUZZABILE,50.00
PD,909,,1025.00
PD,909,POLISOLFURO DI CALCIO POLISENIO,2150.00
PD,1155,CHEMOL 90 EL,4.00
PD,1156,,2013.00
PD,1156,CHEMOL,5614.00
PD,1156,CHEMOL 1 L,6.00
PD,1562,,216.00
PD,1573,,80.00
PD,1573,BASAMID GRANULAT,40.00
PD,1583,,2673.00
PD,1583,MICROTHIOL DISPERSS,40385.00
PD,1850,IDRORAME FLOW,19.00
PD,1936,,120.00
PD,1936,LIQUIZOL M,450.00
PD,1947,SULFUR 80,10.00
PD,2191,,88.00
PD,2191,WETTING PLUS,100.00
PD,2260,,28.00
PD,2260,GASTROTOX E,13.00
PD,2291,ESCA REGINA N,175.00
PD,2307,,362.00
PD,2307,VECTOR,1691.00
PD,2353,,265.00
PD,2353,BONALAN,642.00
PD,2520,ACTELLIC,6.00
PD,2732,,978.00
PD,2732,GOLTIX,1179.00
PD,2923,,16874.00
PD,2923,TIOVIT JET,18175.00
PD,2934,MICROSOL 90,31.00
PD,3065,OLIOCIN,25.00
PD,3102,OLEOTER,85.00
PD,3141,CUTHIOL,5.00
PD,3163,U 46 M STAR,11.00
PD,3182,,89.00
PD,3343,,138.00
PD,3343,U46 M CLASS,424.00
PD,3412,SYLLIT 65,288.00
PD,3486,TRISCABOL DG,47.00
PD,3503,AGRUMIN,160.00
PD,3519,,21.00
PD,3519,METAMBANE,133.00
PD,3553,CURZATE,41.00
PD,3640,,780.00
PD,3640,CUPROSTAR,467.00
PD,3767,,208.00
PD,3767,FENOXILENE 200,1092.00
PD,3817,,390.00
PD,3817,DISERBONE KN,93.00
PD,4264,,14.00
PD,4264,VIC 400 SC,4.00
PD,4701,PIRIMOR 50,48.00
PD,4710,,41.00
PD,4710,ALIETTE,530.50
PD,5152,,110.00
PD,5152,TIOSPOR WG,1310.00
PD,5292,FIXORMON,95.00
PD,5574,LUMAKIDIN 5G,1120.00
PD,5574,Lumakidin 5G (FORMULAZIONE a umido),20.00
PD,5581,GIBBERELLINA CIFO,0.25
PD,6001,,10.00
PD,6136,GERMON L,98.00
PD,6321,,33.00
PD,6321,STIMOLANTE 66F,1.00
PD,6322,OBSTHORMON 24A,4.00
PD,6437,ETHREL,31.00
PD,6438,BI-FEN,19.00
PD,6555,K-OBIOL ULV 6,29055.00
PD,6556,,52.00
PD,6556,K-OBIOL DP2,1663.00
PD,6557,,2.00
PD,6557,K-OBIOL EC 25,5182.00
PD,6704,TIOLENE 80 WG,45.00
PD,6771,,1384.00
PD,6834,TEPETA COMBI FLOW,90.00
PD,6873,IDRORAME 193,10.00
PD,6945,,30.25
PD,6945,TOPAS 10 EC,64.00
PD,6956,,13.00
PD,6956,TARGA FLO,121.00
PD,7020,BAGNANTE CIFO,88.00
PD,7053,PASTA CAFFARO NC,767.00
PD,7055,PASTA CAFFARO BLU,95.50
PD,7368,TURFENE L,65.00
PD,7379,,63.50
PD,7379,VENZAR,41.00
PD,7401,POLTIGLIA CAFFARO 20 DF NEW,40.00
PD,7411,,6.00
PD,7483,,73.00
PD,7483,DEVRINOL F,141.00
PD,7515,GERMON BEWURZELUNGSPUDER H PER TALE,0.25
PD,7534,ROYAL MH,20.00
PD,7541,,1.00
PD,7541,APOLLO SC,1.60
PD,7640,SPOLLONANTE G,2.00
PD,7644,TENSIL,649.00
PD,7700,,8.60
PD,7700,MATACAR FL,6.60
PD,7736,,150.00
PD,7736,ZOLFO SCORREVOLE TRIVENTILATO 95% S,5050.00
PD,7737,,625.00
PD,7764,,45.00
PD,7911,AIRONE EXTRA,660.00
PD,7916,,3925.00
PD,7916,POLYRAM DF,12422.00
PD,7919,,3520.00
PD,7919,TOUCHDOWN,3074.00
PD,7922,OPALENE FLUID,110.00
PD,7930,,230.00
PD,7930,KERB FLO,739.00
PD,7961,,1.00
PD,7961,RIZOLEX  GOLD,80.00
PD,7983,,5.00
PD,8023,,397.00
PD,8023,SUMIALFA ECHO,84.00
PD,8028,,697.00
PD,8102,,380.00
PD,8102,MERPAN 80 WDG,1661.00
PD,8139,MANTA GOLD,21.00
PD,8146,,74.50
PD,8146,GALLERY,47.25
PD,8184,,238.00
PD,8184,CHALLENGE,935.58
PD,8189,,3310.00
PD,8229,BOLAS SC,7.00
PD,8259,,10.00
PD,8259,LAMDEX EXTRA,1465.00
PD,8320,,20.00
PD,8320,DELFIN,2.00
PD,8376,,322.00
PD,8376,ARIANE II,550.00
PD,8498,,23.00
PD,8498,FOLICUR WG,439.50
PD,8542,,3.00
PD,8542,FORUM 50 WP,106.00
PD,8546,DANITRON,3.00
PD,8558,PIRETRO VERDE,18.00
PD,8558,PIRETRO VERDE 500 ml,1.00
PD,8558,PIRETRO VERDE PFnPE,1.50
PD,8599,,1158.00
PD,8601,,190.00
PD,8601,FOLPAN 80 WDG,6822.00
PD,8601,FOLPAN 80 WDG 5 kg,5.00
PD,8617,,94.00
PD,8617,BANVEL 480 S,105.00
PD,8656,,1020.00
PD,8656,GLIFENE HP,2550.00
PD,8706,,3.50
PD,8706,AMID THIN W,19.50
PD,8712,ALLEGANTE 4% AF 96,5.00
PD,8735,,268.50
PD,8735,TREBON UP,708.50
PD,8795,,130.25
PD,8795,VERTIMEC EC,97.75
PD,8801,,48.25
PD,8801,SCORE 25 EC,430.25
PD,8836,MIMIC,102.00
PD,8837,GERMON BEWURZELUNGSPUDER PER TALEE ,0.50
PD,8843,NISSHIN,65.00
PD,8874,,161.00
PD,8874,ETOFUM - FL,47.00
PD,8886,,18.24
PD,8886,SAFARI,13.80
PD,8899,ZOLFO VENTILATO RAMATO 5%,675.00
PD,8929,,78.00
PD,8929,TOPIK 240 EC,45.00
PD,8934,SCALA,42.90
PD,9005,,475.00
PD,9005,AGIL,3058.00
PD,9010,,30.00
PD,9010,RAMEZIN COMBI WG,60.00
PD,9012,CUPROCAFFARO MICRO,1853.00
PD,9041,,18440.00
PD,9041,TIOFLOW 57,30.00
PD,9061,,52.00
PD,9061,PANTOPUR MC,199.00
PD,9210,QUADRIS,879.00
PD,9244,,500.00
PD,9244,ZIRAMIT 76 WG,640.00
PD,9306,PROPLANT,5.00
PD,9342,DELTRIN,8.50
PD,9371,,0.52
PD,9373,,5.00
PD,9373,CHORUS,30.00
PD,9420,OSSIRAM 70 FLOW,5.00
PD,9422,,221.25
PD,9422,EVADE,932.75
PD,9422,EVADE 1 L,16.00
PD,9449,EMERALD COMBI,33.00
PD,9449,EMERALD COMBI 1 kg,1.00
PD,9509,PROMALIN NT,34.00
PD,9569,ZETARAM 3B FL,140.00
PD,9575,,35.00
PD,9575,DRIBBLING 240 EC,39.00
PD,9578,,383.25
PD,9578,SWITCH,786.00
PD,9612,OSSICLOR 30,26.00
PD,9627,SOLUTION 20 DISPERSS,850.00
PD,9631,METRIN EC,30.00
PD,9655,PRIMIAL WG,1.00
PD,9679,KRISTAL 32 WG,424.00
PD,9695,,1.00
PD,9705,,28.00
PD,9705,PREVITER,59.00
PD,9723,,1180.00
PD,9723,DE-SPROUT N,80.00
PD,9724,TIOWETTING DF,4070.00
PD,9744,,30.00
PD,9744,SCORE 10 WG,27.00
PD,9757,,127.00
PD,9757,SPYRALE,112.00
PD,9787,MICROBAGNABILE WG 1 kg,1.00
PD,9790,,229.00
PD,9790,CONTATTO 320,76.00
PD,9800,,296.60
PD,9800,MAVRIK SMART,633.10
PD,9809,,135.00
PD,9809,MALVIN 80 WG,92.00
PD,9843,,804.00
PD,9843,BASAGRAN SG,594.00
PD,9872,AKRIS,30.00
PD,9954,,1177.00
PD,9954,JOKER,2402.50
PD,10009,GIBGRO 20%,0.10
PD,10029,KING,0.50
PD,10048,,150.00
PD,10048,KUMULUS TECNO,1925.00
PD,10105,,3.75
PD,10105,RIDOMIL GOLD SL,6.75
PD,10117,,1259.00
PD,10117,STRATOS ULTRA,1463.00
PD,10118,,129.00
PD,10118,AMISTAR,37.60
PD,10127,DECIS JET,1.00
PD,10142,VERNOIL,60.00
PD,10161,,41.00
PD,10161,ORTIVA,252.00
PD,10175,SPORAMIL R FLOW,173.00
PD,10220,DICOPUR COMBI,11.00
PD,10224,,1010.00
PD,10230,LUMAPLUS,0.50
PD,10296,,90.00
PD,10305,,90.00
PD,10305,OIKOS,161.00
PD,10306,MISTRAL,544.00
PD,10324,NEMATHORIN 10 G,490.00
PD,10350,,18.00
PD,10350,BLAST SG,331.40
PD,10357,RIGRON SG,9.00
PD,10381,,256.00
PD,10415,,1.50
PD,10415,ARIC 480 LS,74.50
PD,10439,SPRAY DUNGER GLOBAL,13.00
PD,10440,EXPANDER,84.00
PD,10461,,1.00
PD,10461,DICOTURF 500 ml,3.00
PD,10479,,103.00
PD,10479,NATURALIS,184.00
PD,10509,,135.00
PD,10560,PIRETRO NATURA,2.00
PD,10573,,60.00
PD,10573,KOCIDE 2000,3361.00
PD,10577,,759.50
PD,10577,METRIPHAR 70 WG,236.00
PD,10585,,35.00
PD,10585,SULCOTREK,1079.00
PD,10589,FLORA VERDE,0.22
PD,10589,FLORA VERDE PFnPE,1.20
PD,10604,,127.00
PD,10604,EMERALD 40 EW,557.75
PD,10604,EMERALD 40 EW 1 L,7.00
PD,10604,EMERALD 40 EW 250 ml,1.25
PD,10627,FRUPICA,4.00
PD,10632,COBRE NORDOX SUPER 75 WG,369.00
PD,10632,COBRE NORDOX SUPER 75 WG PFnPE,12.50
PD,10647,DINAPIC,15.00
PD,10701,,52.00
PD,10701,CUMETA FLOW,994.00
PD,10734,,849.00
PD,10734,DUAL GOLD,3962.00
PD,10735,,708.00
PD,10735,PRIMAGRAM GOLD,1860.00
PD,10741,,3.00
PD,10741,METACINQUE,546.00
PD,10771,,506.00
PD,10771,MOST MICRO,1887.00
PD,10816,PIRETRO GARDEN,12.00
PD,10816,PIRETRO GARDEN PFnPO,1.50
PD,10889,AGRIMIX GOLD,2.00
PD,10890,,50.00
PD,10890,FLiPPER,98.00
PD,10890,FLiPPER PFnPE,6.15
PD,10890,FLIPPER PFnPE 200 ml,10.80
PD,10890,FLIPPER PFnPE 50 ml,3.20
PD,10925,,13.00
PD,10926,,4.00
PD,10926,ALTOREX,23.00
PD,10929,,1.30
PD,10929,CHIKARA 25 WG,26.10
PD,10944,,122.75
PD,10944,KARATE ZEON,159.00
PD,10948,VITISAN WG,13.00
PD,10976,,432.75
PD,10976,METEOR,687.46
PD,10976,METEOR PFnPE,2.25
PD,10999,,154.00
PD,10999,BETANAL SE,117.00
PD,11011,,1439.00
PD,11011,DASH HC,2537.00
PD,11040,POLTIGLIA BORDOLESE DISPERSS BLU,20.00
PD,11044,TUREX,52.00
PD,11059,,16.00
PD,11059,BIOPOWER,302.00
PD,11062,,3.00
PD,11062,BION 50 WG,2.50
PD,11070,,17530.00
PD,11088,,11.00
PD,11088,BION MX,1.00
PD,11102,,10.00
PD,11102,HELIOSOUFRE S,30.00
PD,11107,ECO-TRAP,600.00
PD,11119,,12.60
PD,11119,FLINT,125.50
PD,11133,,0.50
PD,11133,SHELTER,227.00
PD,11165,,20.00
PD,11165,POLAK,14.00
PD,11183,PROGERBALIN LG,76.50
PD,11196,SULFAR,1060.00
PD,11197,VITENE 45 WG,4.00
PD,11206,,597.50
PD,11206,CODACIDE,3319.00
PD,11212,BATKUR,2.00
PD,11243,,1214.00
PD,11243,LEOPARD 5 EC,6815.00
PD,11252,,12.00
PD,11253,,209.00
PD,11253,CALLISTO,213.00
PD,11255,,1114.00
PD,11257,COSTAR WG,3.00
PD,11258,,85.00
PD,11258,FAZOR STAR,355.00
PD,11303,,360.00
PD,11303,CHAMP DP,80.00
PD,11341,,58.00
PD,11341,STARANE GOLD,1190.50
PD,11353,,481.00
PD,11353,FUSILADE MAX,391.00
PD,11393,,34.00
PD,11393,BEETLE,199.25
PD,11402,MELODY COMBI,480.00
PD,11416,,2.00
PD,11416,OVIPRON TOP,40.00
PD,11435,FLORANET,1.00
PD,11449,,18202.00
PD,11449,GARDOPRIM GOLD,25.00
PD,11479,BRANCHER DIRADO,20.00
PD,11497,,169.00
PD,11497,CRITTOVIT WG,3360.00
PD,11505,,77.00
PD,11505,READY GERMIPLUS,234.00
PD,11505,READY GERMIPLUS 7 kg,7.00
PD,11513,EXILIS,20.00
PD,11523,SEPRADINA 400 SC,2.00
PD,11526,,255.00
PD,11526,SULTAN,867.00
PD,11561,,15.00
PD,11561,NEEMAZAL T/S,17.05
PD,11569,,10.00
PD,11569,CUPROXAT SDI,1141.00
PD,11611,,240.00
PD,11611,VYDATE 10L,20.00
PD,11619,TIOFLOR WDG,120.00
PD,11637,CUPROFIX C DISPERSS,170.00
PD,11642,PIKAR,3.25
PD,11648,AZACTIVA,0.35
PD,11649,,60.00
PD,11649,COMMAND 36 CS,369.60
PD,11654,VERIN,7.00
PD,11678,ACTELLIC 2/P NEWPHARM,501.00
PD,11687,ACTELLIC 5 NEWPHARM,12605.00
PD,11690,GOAL 480 SC,2.00
PD,11693,,54.50
PD,11693,LASER,51.50
PD,11694,CONSERVE SC,0.65
PD,11711,MEXIRAM HI BIO,1070.00
PD,11735,DELICIA CONTRA-LUMACHE,1.80
PD,11760,,300.00
PD,11760,POLITHIOL,2300.00
PD,11762,FORUM STAR,160.00
PD,11767,BIG MAIS,107.00
PD,11779,KOP-TWIN,862.00
PD,11793,,157.00
PD,11793,XENTARI WG,33.50
PD,11794,PRESSING 500,0.75
PD,11802,TETRACAP 80 DG,15.00
PD,11854,BUGGY TF,5.00
PD,11857,MIDAURIL COMBI,340.00
PD,11872,RIFLE 3-18-R,271.00
PD,11908,VENTUREX 400 SC,10.00
PD,11944,,305.00
PD,11944,ASPECT,270.00
PD,11979,BORDO 20 MICRO,1.50
PD,11991,NEEMIK TEN,27.00
PD,11999,,280.00
PD,11999,BUSSOLA WG NC,385.00
PD,12010,TUAREG,105.00
PD,12023,,115.00
PD,12037,,35.00
PD,12037,CAMIX,1570.00
PD,12041,,826.00
PD,12041,MARTOS,39.00
PD,12043,,31.00
PD,12043,PREVICUR ENERGY,21.00
PD,12043,PREVICUR ENERGY 50 ml,0.05
PD,12048,TIOSOL 80 WG,1000.00
PD,12068,,1490.00
PD,12068,TEFLUSTAR,1530.00
PD,12090,,1830.00
PD,12096,,2250.00
PD,12096,POLTIGLIA DISPERSS,11945.00
PD,12106,,4.00
PD,12106,TALENDO,49.00
PD,12114,,12.10
PD,12114,AUXIGER LG,23.00
PD,12117,ENIFUL,5.00
PD,12133,JUVINAL GOLD,31.00
PD,12170,,60.00
PD,12170,HELIOCUIVRE,1695.00
PD,12172,FERRAMOL,145.00
PD,12172,FERRAMOL PFnPE,230.50
PD,12202,ZEMIX R WG,1.00
PD,12225,,3.64
PD,12225,TEPPEKI,54.11
PD,12235,FERRAMOL ESCA LUMACHICIDA (PFnPO),3.60
PD,12285,FORUM GOLD,140.00
PD,12319,,1.00
PD,12319,KRONOS,24.00
PD,12361,,9.00
PD,12361,ALGEDI,42.80
PD,12375,SUGAR 500 SC,265.00
PD,12381,,1.00
PD,12381,NU-FILM-P,137.00
PD,12395,,140.00
PD,12395,CUTRIL TOP,100.00
PD,12437,,211.00
PD,12437,DELAN 70 WG,339.00
PD,12452,,33.00
PD,12452,EQUIP,591.00
PD,12453,MILDICUT,220.00
PD,12482,,3815.00
PD,12482,LUMAX,11428.00
PD,12504,FLOWBRIX,3.00
PD,12528,,79.00
PD,12528,CABRIO TOP,221.00
PD,12529,,3.00
PD,12529,TUCANA 25 EC,4.00
PD,12534,,1.00
PD,12534,FOXTAIL,211.20
PD,12534,FOXTAIL 250 ml,0.25
PD,12538,,46.00
PD,12538,MYSTIC 25 WG,3.00
PD,12540,REGRAN EXTRA,9.00
PD,12548,XANILO 45 WG,58.50
PD,12566,,6.00
PD,12566,PYGANIC 14,36.00
PD,12590,,1570.00
PD,12590,DIASTAR MAXI,6670.00
PD,12622,,13.50
PD,12622,QUANTUM,63.50
PD,12628,SERENADE MAX,24.00
PD,12636,QUASAR 6-24 R,90.00
PD,12647,,24.00
PD,12647,GLITTER,311.00
PD,12661,NEXOL 10 WG,68.00
PD,12671,,48.78
PD,12671,HARMONY 50 SX,123.86
PD,12690,SPRUZIT INSETTICIDA CONCENTRATO PFn,0.12
PD,12722,OSSICLOR 20 FLOW,380.00
PD,12737,,41.00
PD,12737,AIRONE PIU',2180.00
PD,12738,KING 360 HP,290.00
PD,12748,,16.00
PD,12756,,22.00
PD,12756,DICOTEX,76.00
PD,12756,DICOTEX 1 L,2.00
PD,12759,,110.00
PD,12759,OSSICLOR 35 WG,549.00
PD,12759,OSSICLOR 35 WG PFnPE,0.70
PD,12763,PYGRAIN,2915.00
PD,12768,,12.00
PD,12768,SPINTOR FLY,21.00
PD,12770,,1.00
PD,12770,ALAR 85 GOLD,8.00
PD,12779,,81.00
PD,12788,ADIGOR,5.00
PD,12792,,776.00
PD,12792,MAGIC TANDEM,704.00
PD,12806,,39.00
PD,12806,FEDOR,331.00
PD,12828,SITOFEX,4.00
PD,12831,INSIGNIA,6.00
PD,12843,CHECKMATE CM-F,0.74
PD,12844,CHECKMATE OFM-F,1.17
PD,12856,CUPRORAM 25 FLOW,60.00
PD,12857,,43.50
PD,12857,PROREX,7.00
PD,12860,MILBEKNOCK,5.00
PD,12862,,9.00
PD,12862,CANTUS,113.00
PD,12866,,36.00
PD,12866,COLLIS,40.00
PD,12868,,7.00
PD,12868,BELLIS,28.00
PD,12869,,94.00
PD,12869,SIGNUM,1273.00
PD,12878,,444.00
PD,12878,FOLPAN GOLD,12644.00
PD,12878,FOLPAN GOLD 5 kg,5.00
PD,12883,,152.00
PD,12883,PROSPER 300 CS,1540.00
PD,12886,,194.00
PD,12886,KARATHANE STAR,1709.00
PD,12888,,272.00
PD,12888,LEPINOX PLUS,8.00
PD,12904,,24.00
PD,12916,SACRON 45 W,378.50
PD,12933,,161.00
PD,12940,,491.00
PD,12940,KARATE ZEON 15,1536.00
PD,12949,,865.00
PD,12949,AZUPEC 80 WG,93.00
PD,12960,,16.00
PD,12960,STARPROP,238.00
PD,12961,,83.00
PD,12961,HEREU,90.00
PD,12994,VIVER ELITE WG,40.50
PD,13012,,1055.00
PD,13012,FOLVIT 80 WDG,55.00
PD,13018,GONDOR,72.00
PD,13020,MICRORAM 35 WG,1205.00
PD,13061,,50.00
PD,13061,BIOBIT DF,33.00
PD,13062,,20.00
PD,13063,,1.20
PD,13063,REGULEX 10 SG,1.60
PD,13064,,66.00
PD,13064,VITENE ULTRA SC,277.00
PD,13065,,3.00
PD,13065,DOMARK 125,23.75
PD,13076,,17.00
PD,13084,,77.00
PD,13084,TELDOR PLUS,118.00
PD,13093,,511.00
PD,13093,STOMP AQUA,1446.00
PD,13098,,345.00
PD,13098,ROUNDUP POWER 20,6536.50
PD,13098,ROUNDUP POWER 20 PFnPE,420.50
PD,13104,ALGOR PLATIN,20.00
PD,13116,,45.00
PD,13120,,473.00
PD,13126,,270.00
PD,13126,CABRIO DUO,575.00
PD,13127,,40.00
PD,13149,,150.00
PD,13149,POLTIGLIA MANICA 20 WG,123.00
PD,13149,POLTIGLIA MANICA 20 WG PFnPE,108.00
PD,13150,CURAME 25 WG,727.00
PD,13154,,273.00
PD,13154,MONDAK 480 S,373.00
PD,13156,,2.00
PD,13156,CAMBEL 480 S,2.00
PD,13158,,141.00
PD,13158,REMEDIER,207.00
PD,13160,,75.00
PD,13160,FORUM TOP,646.00
PD,13168,,517.00
PD,13168,LAUDIS,3567.00
PD,13179,PLAYER COMBI SC,5.00
PD,13205,,200.00
PD,13205,ZOLFO MANICA SCORREVOLE DOPPIO RAFF,250.00
PD,13211,,25.00
PD,13211,ZOLFO VENTILATO SCORREVOLE 96%,8550.00
PD,13213,,520.00
PD,13213,R6 ERRESEI ALBIS,1309.00
PD,13218,,460.00
PD,13218,FINALSAN PLUS,230.00
PD,13218,FINALSAN PLUS 10 L,20.00
PD,13225,AGRIDIF 250,4.00
PD,13236,BULLET,1246.00
PD,13242,,1027.00
PD,13242,NICOGAN VO,2840.00
PD,13244,,1525.00
PD,13244,ZOLFO VENTILATO STELLA,2350.00
PD,13249,,175.00
PD,13249,ZOLFO VENTILATO STELLA RAMATO S,25.00
PD,13252,,3.00
PD,13252,PLAYER 250 SC,439.00
PD,13253,,20.00
PD,13253,PLAYER SC,12.00
PD,13254,PLAYER 25 WG,382.00
PD,13255,PLAYER GR,21.00
PD,13263,BORDORAM 20 WG,4.80
PD,13267,,1.00
PD,13285,,43.00
PD,13285,SEVERAL,3.00
PD,13290,,25.00
PD,13290,ZOLFO MANICA DOPPIO RAFFINATO VENTI,150.00
PD,13292,,6100.00
PD,13298,QUANTUM F,5.00
PD,13311,DOMARK COMBI WG,20.00
PD,13313,,121.00
PD,13313,CASPER,91.00
PD,13323,SULFY 80 WDG,15.00
PD,13327,,29.90
PD,13327,GRANSTAR ULTRA SX,76.80
PD,13329,OMNEX 10 EC,159.00
PD,13356,AGRIZOLE,9.00
PD,13367,,39.00
PD,13367,DIVO,74.00
PD,13377,COLUMBUS,147.00
PD,13382,,109.50
PD,13382,PERGADO SC,673.50
PD,13386,,71.00
PD,13386,PROSARO,762.00
PD,13387,,29.68
PD,13387,FLORAMIX,195.70
PD,13388,,16.50
PD,13388,BROADWAY,2.20
PD,13389,,1203.00
PD,13389,AFFIRM,2908.00
PD,13391,,335.00
PD,13391,CYTHRIN 50 EC,602.25
PD,13402,LUMA-KL,39.00
PD,13405,,6.00
PD,13447,HELMSTAR 75 WG,4.62
PD,13451,SPARVIERO,32.00
PD,13455,,463.00
PD,13455,ANTIGRAM GOLD,2801.00
PD,13466,,77.00
PD,13466,SPOTLIGHT PLUS,511.00
PD,13468,CLINER,0.20
PD,13468,CLINER PFnPE,0.25
PD,13471,,31.00
PD,13471,NICOZEA OD,104.00
PD,13472,,4.00
PD,13472,ALIEN,55.00
PD,13485,,853.00
PD,13485,FOLPEC 80 WG ADVANCE,761.00
PD,13486,JUDO,22.75
PD,13489,,3.00
PD,13489,CYMBAL,140.00
PD,13505,CLIVIS DUO,30.00
PD,13518,NISUS 3B,40.00
PD,13540,,20.00
PD,13540,QUASAR R FLOW,426.00
PD,13552,,212.50
PD,13552,ZOLVIS 80 SECTOR,10683.00
PD,13552,ZOLVIS 80 SECTOR PFnPE,49.50
PD,13560,FORZA,6.00
PD,13576,RAMEPLANT WG,49.00
PD,13576,RAMEPLANT WG PFnPE,5.00
PD,13578,RAME CAFFARO BLU WG NEW,747.00
PD,13586,,60.00
PD,13586,VERDERAME 20 WG,80.00
PD,13592,,4.00
PD,13592,VOLARE,108.00
PD,13600,,450.00
PD,13604,,150.00
PD,13635,POLTIGLIA 20 PB MANICA,17.00
PD,13637,,246.00
PD,13637,PERGADO F,435.00
PD,13639,,2.00
PD,13648,,30.00
PD,13689,,10.00
PD,13689,FLINT MAX,10.00
PD,13691,TRIDAN COMBI T,70.00
PD,13693,,2.40
PD,13693,BACILLUS CHEMIA,47.80
PD,13693,BACILLUS CHEMIA 100 g,1.00
PD,13693,BACILLUS CHEMIA PFnPE,0.90
PD,13693,BACILLUS CHEMIA PFnPE  100 g,7.00
PD,13698,,4.00
PD,13698,VIVANDO,97.25
PD,13700,ATLANTIS PRO,94.50
PD,13701,,219.60
PD,13705,AMECTIN EC,3.00
PD,13711,,4583.00
PD,13714,,40.00
PD,13714,FOLPEC 50 SC,74.00
PD,13741,,20.00
PD,13765,SHERPA 100 EW,5.00
PD,13771,,60.00
PD,13771,NIMROD 250 EW,262.00
PD,13782,DOURO 10 WG,23.00
PD,13789,PRIMERO,12.00
PD,13791,GEATER-STAR PFnPE,3.00
PD,13792,,274.00
PD,13792,STABILAN,127.00
PD,13809,,80200.00
PD,13809,FORCE ULTRA,53590.00
PD,13823,,28.00
PD,13823,ALVERDE,51.05
PD,13838,XEDAVIR,4.25
PD,13838,XEDAVIR PFnPE,3.00
PD,13841,,7390.00
PD,13841,FOCUS ULTRA,6614.00
PD,13856,COPRANTOL TRIO,17.00
PD,13876,APACHE,299.00
PD,13888,,360.00
PD,13888,FANTIC F NC WG,642.00
PD,13895,SAVIRAN STAR,750.00
PD,13899,DAUPHIN 45,0.50
PD,13901,VERDERAME 20 PB PFnPE,6.00
PD,13905,,9.00
PD,13905,BANJO,188.00
PD,13925,,26.50
PD,13927,,30.00
PD,13927,ZAMIR 18,57.00
PD,13930,MARINS 200 CLASS,60.00
PD,13955,SUDOKU,3.00
PD,13981,,108.60
PD,13981,CORAGEN,335.70
PD,13983,,16.00
PD,13983,HUSSAR MAXX PRO,133.00
PD,13998,,18.00
PD,13998,PYRUS 400 SC,2.00
PD,14018,BASIC,20.00
PD,14020,LIDAL,84.00
PD,14029,MANTA DUO,1.00
PD,14044,JOKER 480,355.00
PD,14058,,145.75
PD,14058,FEINZIN 70 DF,1552.25
PD,14062,,191.00
PD,14062,ZOXIUM 240 SC,699.00
PD,14100,KANEMITE,4.00
PD,14101,,229.00
PD,14101,CARAMBA,871.00
PD,14102,,120.00
PD,14102,BORDOFLOW NEW,5752.00
PD,14119,,21.00
PD,14119,VISIR PENCOTECH,59.00
PD,14122,KATAR,3.00
PD,14128,,17.00
PD,14135,GRENADIER 75 DF,0.23
PD,14137,,11.60
PD,14137,ALTACOR,59.60
PD,14154,,4.00
PD,14154,PIRETRO ACTIGREEN PFnPE,0.30
PD,14155,,1740.00
PD,14156,CURZATE R WG,21.00
PD,14165,,65.00
PD,14165,NANDO MAXI,153.00
PD,14166,,4.00
PD,14166,ZETOR,262.00
PD,14178,,1030.00
PD,14182,,142.00
PD,14182,ARES 25 WG,270.00
PD,14193,,10.00
PD,14193,SARMOX 45 DG,14.50
PD,14195,,633.00
PD,14204,75A,3.00
PD,14210,,149.00
PD,14210,EVURE PRO,288.80
PD,14214,RAPSAN 500 SC,5.00
PD,14217,TENAX EW,24.00
PD,14232,CYTHRIN MAX,60.50
PD,14257,UNDERLINE 0.2 G,30.00
PD,14262,,10.00
PD,14262,GREENEX NF,49.00
PD,14262,GREENEX NF 250 ml,2.50
PD,14262,GREENEX NF 40 ml,0.04
PD,14262,GREENEX NF 500 ml,1.00
PD,14262,GREENEX NF PFnPE,21.11
PD,14323,,13.00
PD,14323,BELPROMEC,6.00
PD,14348,,200.00
PD,14348,AGRON R WG,124.00
PD,14375,,186.00
PD,14375,LION 5 EC,1252.00
PD,14380,CLORMET,3.00
PD,14387,NERVURE SUPER,1.00
PD,14390,,759.00
PD,14390,BOOM EFEKT,5664.00
PD,14406,,14.00
PD,14406,LEIMAY,68.25
PD,14407,,30.50
PD,14407,RUNWAY,57.50
PD,14409,,303.00
PD,14409,MOVENTO 48 SC,443.00
PD,14414,,1.00
PD,14414,DUSTY,2.50
PD,14414,DUSTY PFnPE,3.00
PD,14418,PULSAR 40 SL,238.00
PD,14431,,46.00
PD,14431,LENTAGRAN 45 WP,324.00
PD,14432,METRIC,6.00
PD,14434,NUANCE,0.74
PD,14440,SOLAR 360,1125.00
PD,14479,,5600.00
PD,14479,SCHERMO 05 G,14010.00
PD,14523,CARPO 600,1.50
PD,14547,,2.50
PD,14547,BAC MK,135.50
PD,14547,BAC MK PFnPE,0.50
PD,14548,TURIBEL,34.00
PD,14549,LEPIBACK,89.00
PD,14559,,20.00
PD,14559,AGREE WG,14.00
PD,14577,,40.00
PD,14577,FORUM R 3B,28.00
PD,14582,,1.00
PD,14636,,1399.00
PD,14636,BIOLID UP,1658.10
PD,14636,BIOLID UP PFnPE,127.70
PD,14642,,190.00
PD,14642,RIDOMIL GOLD R WG,4318.00
PD,14660,BTK 32 WG,21.00
PD,14664,BERELEX 40 SG,1.64
PD,14683,,0.40
PD,14683,BERMERAX,1.95
PD,14684,,1.00
PD,14686,KOCIDE OPTI,155.00
PD,14692,BUZZ ULTRA DF,26.00
PD,14697,,16.00
PD,14697,ENERVIN DUO,162.00
PD,14699,GEOXE,6.00
PD,14709,,10.00
PD,14728,CELIO,1.25
PD,14735,,16.00
PD,14735,RANMAN TOP,52.00
PD,14737,,3095.00
PD,14737,ROUNDUP PLATINUM,18467.00
PD,14737,ROUNDUP PLATINUM 5 L,40.00
PD,14737,ROUNDUP PLATINUM PFnPE,30.00
PD,14759,SULCOCAP,2.00
PD,14764,,110.00
PD,14764,SLUXX,55.00
PD,14764,SLUXX HP,5.00
PD,14765,,167.00
PD,14765,ELUMIS,769.00
PD,14769,COMET 250 EC,219.00
PD,14785,DRISCOLL,7.30
PD,14794,,3.00
PD,14794,AVALON SC,818.00
PD,14801,,6.00
PD,14812,,158.00
PD,14812,ENERVIN TOP,265.00
PD,14830,,510.00
PD,14830,CUPROFIX ULTRA DISPERSS,280.00
PD,14836,BARBARIAN BIOGRADE 360 PFnPE,33.50
PD,14837,TARTAN,1.00
PD,14838,,209.00
PD,14838,BARCLAY GALLUP BIOGRADE 360,4773.00
PD,14845,,44.00
PD,14845,MYSTIC PLUS S,2.00
PD,14846,,80.00
PD,14846,AVALON 250 EW,261.00
PD,14867,,4.00
PD,14867,SYNERO,5.00
PD,14869,CUPROBEL HYDRO,10.00
PD,14872,,22.50
PD,14872,BELLIS DRUPACEE,20.00
PD,14876,GRANDSTAND,25.00
PD,14879,,3.45
PD,14879,LONTREL 72 SG,7.65
PD,14884,,514.00
PD,14884,CORUM,6357.00
PD,14891,TRICO,5.00
PD,14897,,4.00
PD,14897,FLUROSTAR 200,57.00
PD,14900,KENKIO,20.00
PD,14918,,257.00
PD,14918,RIVIOR,70.00
PD,14919,EMERALD 125 PFnPE,0.15
PD,14935,,2288.00
PD,14935,TIMELINE TRIO,861.00
PD,14936,,1.00
PD,14936,AMPLIGO,604.00
PD,14938,DEDICATE,1.75
PD,14944,FLUXYR 200 EC,12.00
PD,14947,Trustee 450 PFnPE LQ btl 500 ml IT,2210.59
PD,14967,,95.00
PD,14967,TIPTOR ULTRA,227.00
PD,14969,,3660.00
PD,14969,HOPPER 480,20.00
PD,14970,POLYSECT ULTRA SL,1.00
PD,14972,DICARZOL 50 SP,12.00
PD,14980,,10.00
PD,15005,,11.00
PD,15005,FONTELIS,1.00
PD,15008,LBG - 01F34,12.00
PD,15013,NATRIA LUMACHICIDA,137.50
PD,15013,NATRIA LUMACHICIDA 1 kg,1.00
PD,15013,NATRIA LUMACHICIDA PFnPE,173.00
PD,15013,NATRIA LUMACHICIDA PFnPE 1 kg,153.00
PD,15023,,60.00
PD,15039,,0.50
PD,15039,GAMIT 36 CS,2.00
PD,15044,,807.00
PD,15047,R6 ERRESEI BORDEAUX WG,79.00
PD,15048,MOXYL 45 WG,72.00
PD,15049,,114.00
PD,15049,MODDUS,226.00
PD,15050,,96.00
PD,15050,VERTIMEC PRO,11.00
PD,15051,,3715.00
PD,15051,KYLEO,3630.00
PD,15052,,5.00
PD,15052,KAIMO SORBIE,82.00
PD,15056,,105.00
PD,15056,TOMCATO,509.00
PD,15058,,2.64
PD,15058,PRINCIPAL MAIS,264.52
PD,15059,,476.50
PD,15059,DECIS EVO,1263.25
PD,15059,DECIS EVO 1 L,6.00
PD,15062,,307.00
PD,15062,PIRAMAX  EC,164.00
PD,15063,NIMBLE,7.70
PD,15071,,41.00
PD,15071,EVOLUTION,172.00
PD,15083,,17.00
PD,15083,AUDACE,234.00
PD,15084,DRUM,7.00
PD,15096,,181.50
PD,15096,GLIPHOGAN TOP CL,5146.00
PD,15096,GLIPHOGAN TOP CL PFnPE,1222.50
PD,15096,GLIPHOGAN TOP CL PFnPE 500 ml,60.00
PD,15096,GLIPHOGAN TOP CL PFnPE da ML 500,48.50
PD,15100,NECTAR PLUS,68.00
PD,15101,CIMORAM ULTRA WG,558.00
PD,15102,CURZATE ERRE EVO,25.00
PD,15111,MIRADOR SC,156.00
PD,15115,,1357.00
PD,15115,PROSPER 500 EC,169.00
PD,15116,ELIOS R,32.00
PD,15119,FORTEZZA,6.00
PD,15120,,770.00
PD,15121,BIOCUPRO,20.00
PD,15122,ACTELLIC 50 NEWPHARM,2496.00
PD,15125,PROLECTUS,1.00
PD,15126,TALENDO EXTRA,10.00
PD,15127,,25.00
PD,15127,SANVINO,108.00
PD,15130,,65.00
PD,15130,INTREPID,186.00
PD,15142,,6993.00
PD,15142,ALCANCE SYNC TEC,4018.00
PD,15149,COSAVET DF EDGE,6270.00
PD,15177,,43.00
PD,15177,ROTATE PLUS DF,640.00
PD,15186,WEEDAGRO 600 D,2.00
PD,15198,,208.00
PD,15198,AZBANY,312.00
PD,15201,,4.00
PD,15201,FLOXY 400 SC,156.00
PD,15213,DEMETRINA FLOW,28.80
PD,15213,DEMETRINA FLOW PFnPE,8.10
PD,15221,ZETARAM PLUS,319.00
PD,15222,FOLICUR COMBI WG,30.00
PD,15223,PANTANI,120.00
PD,15229,,230.00
PD,15229,STOPPER P,20.00
PD,15232,,20.00
PD,15233,DALET TRIO,840.00
PD,15235,,272.00
PD,15235,MOMENTUM,233.00
PD,15247,STOY,25.00
PD,15250,COPRANTOL DUO,40.00
PD,15251,,866.00
PD,15251,AIRONE LIQUIDO,3040.00
PD,15253,,303.00
PD,15253,FALCON MK,20.00
PD,15263,DYNALI,96.00
PD,15264,,87.00
PD,15264,ENERVIN SC,1350.00
PD,15265,,337.00
PD,15265,PROMAN FLOW,1951.00
PD,15266,,10.00
PD,15266,QUARTET,2180.00
PD,15267,KUSABI,106.50
PD,15270,PROFELIS,0.03
PD,15275,DURAVIS,901.00
PD,15279,VARGAS,20.00
PD,15281,MICROMEGAS,40.00
PD,15285,PRIMMA STAR,2.80
PD,15291,,0.50
PD,15291,TURFENE PLUS,26.50
PD,15291,TURFENE PLUS PFnPE,1.00
PD,15293,,1.00
PD,15293,MAVITA 250 EC,168.00
PD,15294,,1435.00
PD,15299,METIX R,8.00
PD,15302,,53.00
PD,15302,AMYLO-X,221.00
PD,15307,,130.50
PD,15307,DEDALUS 25 WDG,12.50
PD,15310,NISSHIN EXTRA 6 OD,4.00
PD,15313,THIAMON FLOWZOLFO SC,250.00
PD,15315,,5.00
PD,15317,,5902.00
PD,15326,,2840.00
PD,15331,ZEFIR 25 WDG,3.00
PD,15335,,2.00
PD,15335,U 46 ULTRA,5.00
PD,15337,,2.14
PD,15337,EXPRESS,6.30
PD,15344,FILAN WG,7.00
PD,15346,,119.00
PD,15348,,24.00
PD,15348,RIDOMIL GOLD R LIQUIDO,428.00
PD,15349,,206.00
PD,15349,ARES 430 SC,338.00
PD,15356,,329.00
PD,15356,SPHINX SC,8.00
PD,15358,ZOLFO FLOW MCT,2370.00
PD,15363,,30.00
PD,15363,MEDEIRO 80 WG ADVANCE,110.00
PD,15369,MAGMA TRIPLE,65.00
PD,15374,NISHA,31.00
PD,15375,NIC 4,6.00
PD,15378,,237.00
PD,15378,TRAXOS PRONTO 60,789.00
PD,15379,,374.25
PD,15379,AXIAL PRONTO 60,753.50
PD,15384,,24.00
PD,15384,LUNA EXPERIENCE,291.00
PD,15389,,380.00
PD,15398,KAMIKAZE,2.00
PD,15401,,9175.00
PD,15401,TAIFUN MK CL,11769.00
PD,15401,TAIFUN MK CL PFnPE,108.00
PD,15402,DELTASAP,121.00
PD,15405,,321.50
PD,15405,SHAMAL MK PLUS CL,2320.00
PD,15409,DECISION,247.00
PD,15411,DISHA,6.00
PD,15416,DIZOLE,23.00
PD,15422,,8.10
PD,15422,TITUS DUO,53.55
PD,15448,,4.00
PD,15448,REBEL TOP,50.00
PD,15449,,301.00
PD,15449,CIDELY,383.00
PD,15451,ELIOS WG TOP,5.00
PD,15483,,220.00
PD,15483,WISH,3.00
PD,15491,,97.50
PD,15491,SWORD UP,432.00
PD,15493,SIMUN 40 OD,87.00
PD,15498,ARPEL DUO,92.50
PD,15499,SONG 70 WDG,468.50
PD,15501,QUIZ,95.00
PD,15507,,125.00
PD,15507,CREW SUPERB,57.00
PD,15513,,25.00
PD,15513,OSSICLOR 35 WG GREEN,2147.00
PD,15514,CUPRAVIT BLU 35 WG,5.00
PD,15515,POLTIGLIA 20 PB GREEN,20.00
PD,15534,PREVINT DUO,5.00
PD,15536,,257.00
PD,15536,ANTAL,2.00
PD,15537,DELTAGRI,213.00
PD,15543,LUMACHICIDA FER,58.00
PD,15546,,57.30
PD,15546,BIATHLON 4D,155.25
PD,15549,,133.00
PD,15549,PROLECTUS 50 WG,3.00
PD,15550,,132.00
PD,15550,MERLIN FLEXX XTRA,134.00
PD,15553,,4.50
PD,15553,REGALIS PLUS,4.50
PD,15562,BELURE-T,1.54
PD,15566,,28.00
PD,15566,VISION PLUS,78.00
PD,15567,BELPROIL-A,12.00
PD,15574,,50.00
PD,15574,KARMA 85,575.00
PD,15583,,140.00
PD,15591,PREVINT TOP,1.00
PD,15597,CHECKMATE PUFFER CM,3.38
PD,15598,CARPOVIRUSINE EVO 2,62.00
PD,15610,CYPERKILL 50 EC,73.00
PD,15612,,0.30
PD,15612,SEMPRA,7.15
PD,15618,FULLDINA 400 SC,4.00
PD,15621,BOTTO 50 EC,197.00
PD,15622,CURZATE R WG BIANCO,1.00
PD,15629,BADGER 45% WG,7.50
PD,15630,,290.00
PD,15630,CARSON 45% WG,255.50
PD,15635,,566.00
PD,15635,ADENGO XTRA,1556.50
PD,15635,ADENGO XTRA   da LT 0.500,1.50
PD,15654,ACCORD,230.00
PD,15655,KEETON 25 WG,2.00
PD,15662,LESTRA,5.96
PD,15663,CUPRAVIT 35 WG,10.00
PD,15664,KORING 25 WG,35.00
PD,15665,,11.80
PD,15665,KEMPO SORBIE,19.20
PD,15668,,12.25
PD,15668,GHIBLI 240 OD,0.25
PD,15674,,7.55
PD,15674,AMADEUS TOP,29.05
PD,15689,,42.00
PD,15689,DIFENZONE,212.00
PD,15693,LISTEGO,35.00
PD,15712,SATELITE,1609.00
PD,15713,,4.60
PD,15713,DIABLO SC,4.00
PD,15718,GRANSTAR TRIO,0.60
PD,15722,,75.00
PD,15722,ARMICARB 85,380.00
PD,15725,DUAXO PFnPE,5.40
PD,15736,KOPRON 35 WG,97.00
PD,15738,,2.00
PD,15741,,660.00
PD,15741,AVADEX FACTOR,40.00
PD,15744,REBOOT,65.00
PD,15748,,156.00
PD,15748,SYLLIT 544 SC,88.00
PD,15751,,30.00
PD,15751,VITENE TRIPLO R,63.00
PD,15751,VITENE TRIPLO R PFnPE,0.50
PD,15752,,2.00
PD,15752,CIDELY TOP,14.00
PD,15753,PYXIDES DUO,283.00
PD,15754,,200.00
PD,15754,SHARPEN 33% EC,22.00
PD,15769,,3098.00
PD,15780,OSSICLOR 50 PB GREEN,190.00
PD,15806,,10.00
PD,15806,ONYX,6.00
PD,15808,,3.00
PD,15808,CYMBAL FLOW,377.00
PD,15831,,10.00
PD,15834,,6.00
PD,15834,TRACER 120,1.00
PD,15836,RATRON GW,22.00
PD,15837,RATRON GL,7.50
PD,15838,,1110.00
PD,15838,ROUNDUP ULTRAMAX,2560.00
PD,15847,,7.50
PD,15856,,1.00
PD,15856,AZAKA,28.00
PD,15868,CENTURION PRO,260.00
PD,15869,,576.00
PD,15869,OPTIX STAR DISPERSS,2262.00
PD,15870,CLIOPHAR 600 SL,2.40
PD,15886,,170.00
PD,15886,METAREX INOV,85.00
PD,15890,CURZATE 60 WG,4.00
PD,15892,BANG PLUS,183.00
PD,15897,ALFIL WG,110.00
PD,15898,,2.50
PD,15898,FILAL WG,7.00
PD,15898,FILAL WG 250 g,1.25
PD,15898,FILAL WG PFnPE,11.25
PD,15899,SILICOSEC,3030.00
PD,15900,,1290.00
PD,15900,TRIKA EXPERT,5440.00
PD,15901,,13130.00
PD,15901,ERCOLE,23807.00
PD,15907,PRESIDIUM ONE,249.00
PD,15910,KARAKAS,23.00
PD,15911,,36.00
PD,15911,SPIROX,642.00
PD,15915,,171.00
PD,15915,STARANE HD,93.00
PD,15926,,295.00
PD,15926,MOJANG 600,2013.00
PD,15930,,0.75
PD,15930,TOMIRIS 125 EW,38.00
PD,15948,,6.00
PD,15948,SINSAJO,26.00
PD,15961,RETENGO NEW,144.00
PD,15965,BORDER,95.00
PD,15975,HIATUS,1.80
PD,15990,,8.00
PD,15990,SCIROCCO 125 EW,95.00
PD,15990,SCIROCCO 125 EW PFnPE,1.00
PD,16007,,2067.00
PD,16007,REWARD,51.00
PD,16023,DIMBO 480 SL,113.00
PD,16032,,73.00
PD,16032,RADAR 10 EC,41.00
PD,16034,,2.00
PD,16034,DOURO 100 EC,37.00
PD,16037,,25.00
PD,16037,MOJANG TX,125.00
PD,16038,CABRIO WG,16.00
PD,16050,RADIANT SC,1.25
PD,16051,LENNS,25.00
PD,16051,LENNS PFnPE,1.25
PD,16054,,39.00
PD,16054,SINSTAR,48.00
PD,16056,SARACEN,0.50
PD,16065,SERRATE,3.00
PD,16066,,3.75
PD,16066,RADIANT PRO,75.13
PD,16068,,100.00
PD,16068,FOLDER 80 WG,1250.00
PD,16071,MESOZIN 70 WG,60.75
PD,16074,,12.00
PD,16074,GLORIAL 25 EC,60.00
PD,16076,,36.00
PD,16076,SOLIS,183.00
PD,16084,BREVIS,9.50
PD,16085,,5.44
PD,16085,TRIMUR,3.56
PD,16086,NEMGUARD GRANULES,9.00
PD,16089,BUGUIS,385.24
PD,16092,,12.00
PD,16092,CICLOPE,165.00
PD,16098,,92.75
PD,16098,NIBER 70 DF,2.75
PD,16099,,10.25
PD,16099,SINIS 70 DF,2.75
PD,16101,TOPAS COMBI LIQUIDO,298.00
PD,16104,ELECTIS TRIO WDG,166.00
PD,16107,,79.00
PD,16117,SERBY,6.00
PD,16149,,37.00
PD,16161,,36.00
PD,16161,CENTURY SL,758.00
PD,16167,MARACANA,45.00
PD,16170,,670.00
PD,16170,TRICUP FLOW,1860.00
PD,16171,,11.80
PD,16172,,7.00
PD,16172,CAL-EX 1.9 EW,2.00
PD,16178,,4310.00
PD,16191,,648.00
PD,16191,TRIMAXX,622.00
PD,16194,ETRAVON PRO,9.00
PD,16197,COPPERFIELD 17 WG,600.00
PD,16198,EVORAM 15,3630.00
PD,16199,CUPRORAM 35 WG BLU,99.00
PD,16200,CUPRORAM 35 WG NC,50.00
PD,16204,,180.00
PD,16205,IDROX 20,5410.00
PD,16210,PowerRam Idro 20 HiBio,4.00
PD,16221,,0.60
PD,16221,MADEX TOP,18.00
PD,16224,,185.00
PD,16224,CUPRORAM 37.5 WG,90.00
PD,16226,,330.00
PD,16226,CIMOTER RAME WG,72.00
PD,16229,RAM CYM 44 WG,17.00
PD,16232,MINERVE,14.60
PD,16248,FERREX,132.00
PD,16249,CARDINAL 50 WG,1.00
PD,16251,,20.00
PD,16251,AFFIRM OPTI,30.00
PD,16252,,245.00
PD,16252,AMISTAR GOLD,15.00
PD,16261,,5.00
PD,16261,BELOUKHA,40.00
PD,16271,,185.00
PD,16271,FRESCO,300.00
PD,16273,,87.00
PD,16273,SIVANTO PRIME,1175.00
PD,16277,,130.00
PD,16277,ALMADA 50 SC,420.00
PD,16277,ALMADA 50 SC 1 L,2.00
PD,16279,ERCOLE GR,470.00
PD,16280,,20.00
PD,16282,DIMIX,59.00
PD,16283,,1.00
PD,16283,QUANTUM R-OK,142.00
PD,16285,,1616.00
PD,16285,KALIMBA,287.00
PD,16287,,369.00
PD,16287,SOLIGOR,630.00
PD,16288,,537.75
PD,16288,AMPEXIO,98.50
PD,16290,,4.63
PD,16290,AMADEUS ULTRA,5.26
PD,16293,,3.00
PD,16293,PACLOT NEW,6.00
PD,16295,RAPAX AS,44.75
PD,16296,PERGADO D,329.00
PD,16299,,4177.00
PD,16305,BONZI,6.00
PD,16312,TOMIGAN,30.00
PD,16314,ZOXIS 250 SC,197.00
PD,16323,PENDIWIN,47.00
PD,16325,,2462.00
PD,16325,EPIK SL,3819.84
PD,16325,EPIK SL 1 L,1.00
PD,16325,EPIK SL PFnPE,0.15
PD,16335,,359.00
PD,16335,LIETO SC,4254.00
PD,16336,DELAN SC,46.00
PD,16354,SHARDIF 250 EC,60.00
PD,16361,FULL 80 WG,11.00
PD,16363,,429.70
PD,16363,SIRTAKI,1406.80
PD,16364,,2032.00
PD,16364,BISMARK,6788.00
PD,16369,,10.00
PD,16369,ORTIVA TOP SC,445.00
PD,16379,,277.00
PD,16379,PREV-AM PLUS,1707.00
PD,16381,,46.00
PD,16381,CALLICORE,89.00
PD,16384,,3263.00
PD,16384,ELATUS ERA,755.00
PD,16385,,192.75
PD,16385,ELATUS PLUS,206.25
PD,16387,HERBITOTAL CL,198.00
PD,16395,,77.00
PD,16395,MOHICAN 500 SC,6.00
PD,16396,,7.00
PD,16396,TEMSA 100,167.00
PD,16402,ENVIROMITE FL,0.75
PD,16415,MADEX TWIN,5.70
PD,16420,EXPEDIENT 10 EC,1.00
PD,16438,,88.50
PD,16438,VELUM PRIME,12.00
PD,16448,,10.00
PD,16448,NEALTA,2.00
PD,16457,,445.00
PD,16457,POLTIGLIA 20 WG GREEN,5403.00
PD,16459,SOLEIL 50 WG,18.00
PD,16461,CENTURION 240 NEO,949.00
PD,16463,KATOUN,25.00
PD,16470,COLUMBO 08 MG,329.00
PD,16472,,146.00
PD,16472,CONVISO ONE,24.00
PD,16474,,6.10
PD,16474,MATSUDA 25 WG,0.50
PD,16475,CLEAVE,108.00
PD,16480,,412.00
PD,16480,3LOGY,1482.50
PD,16481,,1439.70
PD,16485,ROMULAN,6.00
PD,16492,,52.00
PD,16492,VASCO,20.00
PD,16500,TRIBAL,5.79
PD,16501,INSTRATA ELITE,9.00
PD,16509,IBISCO,1.20
PD,16509,IBISCO PFnPE 200 ml,4.00
PD,16509,IBISCO PFnPE 50 ml,2.40
PD,16527,TELLUS WP,1.00
PD,16531,TEMPORIS STAR,148.00
PD,16532,ROSBAY,0.40
PD,16536,,10.00
PD,16538,KITAMBA,873.00
PD,16543,AuRam Idro 22 HiBio,150.00
PD,16545,COPRANTOL HI BIO 20,1500.00
PD,16562,,240.00
PD,16562,DELAN PRO,1985.00
PD,16563,,22.00
PD,16563,DOROTRIN 25 EC,129.00
PD,16564,,120.00
PD,16565,EXECUTIVE GOLD,0.30
PD,16566,KUPPER 20 WG,28.00
PD,16567,,3790.00
PD,16570,,12.00
PD,16570,SENCOR 600 SC,71.00
PD,16573,FIGHTER,377.00
PD,16575,TRIMMER 50 WG,20.30
PD,16577,,27.00
PD,16577,U46 COMBI DUO,96.00
PD,16578,,2.00
PD,16578,MELODY COMPACT WG,70.00
PD,16596,SANIUM SL25 PFnPE,78.02
PD,16596,SANIUM SL25 PFnPE 100 ml,9.70
PD,16596,SANIUM SL25 PFnPE 5 ml,0.95
PD,16597,SANIUM SL25 GIARDINO PFnPO,1.20
PD,16598,SANIUM AL PFnPE,217.00
PD,16598,SANIUM AL PFnPE da ml 800,10.40
PD,16599,SANIUM AL PFnPO,18.60
PD,16606,PHYTO SARCAN,100.00
PD,16607,,230.00
PD,16616,,1659.00
PD,16616,VALLEY,1987.00
PD,16618,COLZA POWER,6.00
PD,16618,COLZA POWER PFnPE,4.25
PD,16619,ACTELLIC SMOKE GENERATOR,198.70
PD,16625,,0.20
PD,16625,MAINSPRING,0.80
PD,16630,NATUREN LIMEX,12.00
PD,16630,NATUREN LIMEX PFnPE,478.55
PD,16630,NATUREN LIMEX PFnPE da KG 1,7.00
PD,16632,,1.50
PD,16632,LUNA SENSATION,2.50
PD,16640,MAZA 4% SL,44.00
PD,16643,,180.00
PD,16643,SUCCESS GR,2112.00
PD,16654,POLYVERSUM,10.00
PD,16657,CENTURY PRO,490.00
PD,16658,,97.00
PD,16658,DAGONIS,440.00
PD,16660,,162.00
PD,16663,ACTLET F,282.00
PD,16667,,225.00
PD,16667,REVOLUTION,894.00
PD,16690,,323.50
PD,16690,KESTREL,678.50
PD,16694,CHANON,35.00
PD,16699,RIMURON,0.30
PD,16701,,0.10
PD,16735,LOBETEC,30406.43
PD,16744,JOYSTICK,5.00
PD,16754,SIMBA,130.00
PD,16755,DANEVA,55.00
PD,16776,,45.00
PD,16776,ASSET FIVE,933.00
PD,16779,,164.00
PD,16779,TONALE,1384.00
PD,16780,,20.00
PD,16780,SERENADE ASO,160.00
PD,16783,,4258.00
PD,16785,GOLDWIND,4.20
PD,16787,,7068.00
PD,16787,CLINIC ST,1788.00
PD,16789,TESSIOR,50.00
PD,16790,,25.00
PD,16790,NORDOX ENERGY,125.00
PD,16793,,21.00
PD,16793,NIMBUS 250 EC,35.00
PD,16796,JOICE 55 D,282.00
PD,16797,,25.00
PD,16797,DEMETRINA 25 EC,84.70
PD,16802,,999.00
PD,16802,ZYPAR,3632.00
PD,16813,,76.90
PD,16816,,17.00
PD,16816,EXALT 25 SC,127.00
PD,16819,NATUR BREAKER,124.00
PD,16827,MAISOT,46.00
PD,16828,,79.50
PD,16828,MAKURI MAX,13.00
PD,16830,,360.00
PD,16830,FANDANGO 360 TF,315.00
PD,16831,GLIFENE BIOGRADE,9205.00
PD,16833,PANTOX 360 SUPER,5735.00
PD,16835,,42.75
PD,16836,STALLION IT SYNC,170.00
PD,16841,,2460.00
PD,16842,CUPRAVIT BIO ADVANCED,190.00
PD,16843,,1750.00
PD,16846,,8.00
PD,16846,VESTICOR,77.30
PD,16857,SHORTTRACK,4.00
PD,16858,KENJA,41.00
PD,16867,,917.00
PD,16867,GLISTER STAR,1446.00
PD,16882,,17.00
PD,16882,PROPULSE,57.00
PD,16886,,16.75
PD,16886,CLOSER,9.75
PD,16886,CLOSER 10 ml,0.01
PD,16886,CLOSER 25 ml,0.15
PD,16886,CLOSER PFnPE,0.08
PD,16895,,2.70
PD,16895,ZORVEC ENICADE,15.75
PD,16896,,2.00
PD,16896,ZORVEC ZELAVIN,23.60
PD,16897,KATOUN GOLD,30.00
PD,16902,,70.00
PD,16902,AVIATOR XPRO,543.00
PD,16904,,231.00
PD,16904,KIDEKA 100 SC,345.00
PD,16906,,104.00
PD,16907,WHISPER,610.00
PD,16916,BUGGY G,110.00
PD,16917,LOGRADO PLUS,1218.00
PD,16921,PROBEL 1.8,26.00
PD,16939,SARUMO,1.00
PD,16945,,51.90
PD,16945,SERCADIS,281.00
PD,16946,,26.00
PD,16946,DARAMUN,73.00
PD,16950,MANAMID 100 SC,139.00
PD,16951,ESQUIVE WP,6.00
PD,16957,,122.00
PD,16957,ZORVEC VINABRIA,2239.00
PD,16961,,10980.00
PD,16963,,7.00
PD,16963,AVENOX 240,52.25
PD,16968,,45.00
PD,16968,PENDINOVA,3.00
PD,16976,,220.00
PD,16976,VITIKAPPA,449.00
PD,16976,VITIKAPPA  PFnPE 100 g,14.20
PD,16976,VITIKAPPA PFnPE,10.20
PD,16976,VITIKAPPA PFnPE 500 g,14.00
PD,16988,,800.00
PD,16988,NAIF,4220.00
PD,17003,,730.00
PD,17003,PRIAXOR,402.00
PD,17005,CLOMATE,113.00
PD,17006,MONCUT,102.00
PD,17014,DELEGATE WDG,9.10
PD,17026,,225.00
PD,17038,,1636.00
PD,17038,TUAREG NEW,6431.63
PD,17058,,52.00
PD,17058,ROMEO,234.75
PD,17059,VINTEC,0.40
PD,17060,DERBY,23.00
PD,17065,KAURITIL ULTRA WG,165.00
PD,17066,,492.00
PD,17066,PRAXIM,470.00
PD,17069,TIOVIT L,95.00
PD,17075,,18.75
PD,17075,MOVIDA,3.12
PD,17076,,10.00
PD,17076,GAZELLE,91.00
PD,17077,,2.00
PD,17078,,1342.00
PD,17078,QUANTUM L,2936.00
PD,17079,,440.00
PD,17079,FORCE EVO,2810.00
PD,17081,CUPROSSIL IDRO NEW 20 WG,679.00
PD,17087,FOLDIM,152.00
PD,17091,,473.00
PD,17091,CHAMP 20 WG,590.00
PD,17099,,3.00
PD,17099,ZAKEO 250 SC,144.00
PD,17107,,10.00
PD,17112,,41.00
PD,17112,DIFCOR,201.00
PD,17113,MIKAL F,120.00
PD,17115,,5.00
PD,17115,ZETROLA,664.00
PD,17116,,420.00
PD,17116,ACTIVUS ME,694.00
PD,17117,MITOR,57.00
PD,17119,SQUARE EC,62.00
PD,17121,ATLANTIS ACTIV,35.64
PD,17123,AVANA,100.00
PD,17125,,5.00
PD,17128,JURA EC,10.00
PD,17164,,5.00
PD,17165,,20.00
PD,17178,,90.00
PD,17178,TOTAL GREEN L,44.00
PD,17193,MAZICA,3.96
PD,17194,DICARINI,35.64
PD,17203,PENDI 40,67.00
PD,17204,,108.00
PD,17204,CYPRUS 25 WG,20.00
PD,17209,,8.00
PD,17209,DAVAI,827.00
PD,17211,,29.00
PD,17212,,99.00
PD,17212,ISERAN,601.00
PD,17217,ARMICARB SPRAY PFnPE,71.75
PD,17234,MAYA 70 WG,21.00
PD,17242,NEXTER 10 SC,2.00
PD,17248,,284.00
PD,17248,ZORVEC VINABEL,870.00
PD,17254,,26.90
PD,17254,SIAGRAN ULTRA,0.30
PD,17261,POKER GEO,260.00
PD,17264,ZOLFO LIQUIDO 80 SC,30.00
PD,17265,,24.00
PD,17265,FILDER 500 SC,135.00
PD,17266,DELTAKILL EC,20.00
PD,17270,,125.00
PD,17270,ASCRA XPRO,260.00
PD,17272,,1.50
PD,17272,SERIFEL,30.50
PD,17275,NOTO CLASS,1.00
PD,17278,,70.00
PD,17278,KIDEKA,169.00
PD,17284,RODEO PLUS,7680.00
PD,17293,DIAGONAL,2.00
PD,17294,,3.30
PD,17294,ZORVEC EPICALTRIN,6.90
PD,17298,MARQUIS,87.00
PD,17301,DESMON,41.00
PD,17304,KAN-DOO,46.00
PD,17311,VINIFOL WDG,122.50
PD,17317,,7.00
PD,17319,,77.00
PD,17319,FOXPRO,12.00
PD,17320,,12.50
PD,17320,SENIOR 75 WG,220.50
PD,17327,SHERPA 08 MG,72.00
PD,17328,RHIZOPON AA POLVERE 0.5%,9.50
PD,17337,,16.00
PD,17337,VANGUARD,495.00
PD,17343,ALTER 80,2.00
PD,17345,,40.00
PD,17345,ARPEL WG,56.00
PD,17346,,220.00
PD,17346,EXOSET 240 EC,1509.49
PD,17350,SONATA,15.00
PD,17355,,16.00
PD,17358,,922.00
PD,17358,BLAISE ULTRA,2194.00
PD,17360,,33.00
PD,17360,MAGO,1707.00
PD,17366,,3.00
PD,17368,,2.00
PD,17368,ALETIL DF,268.00
PD,17369,ECOMIX,650.00
PD,17371,,180.00
PD,17372,COPRANTOL 30 WG,263.00
PD,17377,,1.83
PD,17377,REFINE SX,5.90
PD,17378,,10.80
PD,17378,GACHINKO,63.00
PD,17389,SHARK PF,11.50
PD,17402,BOTECTOR NEW,14.00
PD,17407,WINTECH,263.00
PD,17421,,12.00
PD,17422,ENVITA SC,1561.00
PD,17436,,34.00
PD,17436,WARDEN F,168.00
PD,17451,,51.00
PD,17451,TEKKEN,676.00
PD,17452,,83.00
PD,17452,TARCAN,107.00
PD,17454,,411.00
PD,17455,PALIO,57.00
PD,17461,,155.70
PD,17461,ORONDIS,19.60
PD,17469,,84.73
PD,17469,TAEGRO,51.48
PD,17470,,25.00
PD,17470,LIMOCIDE,309.00
PD,17471,,94.10
PD,17472,,958.00
PD,17472,JADE,3206.00
PD,17475,RODAL 240,4.50
PD,17478,EMPIRE,1.00
PD,17489,BELTHIRUL,16.00
PD,17496,,85.00
PD,17497,,15.00
PD,17497,CALDERA,102.00
PD,17500,ELAND WG,1.00
PD,17501,SWOOSH,150.00
PD,17502,LINCE,64.00
PD,17508,,605.00
PD,17508,POLYCOM 70 DF,1670.00
PD,17511,DELMUS,48.00
PD,17523,LUMIX BIO,2.00
PD,17529,MEDOR 70 WDG,2.00
PD,17531,MEXIL R FLOW,115.00
PD,17532,CONTENDER PLUS,50.00
PD,17537,XADION,24.00
PD,17541,CHANTICO,70.00
PD,17549,SENPAI,15.00
PD,17551,CYPERFOR 100 EW,6.00
PD,17552,COLUMBO PRO,192.00
PD,17586,AXIAL ONE,384.00
PD,17597,,294.50
PD,17597,SHINKON,31.87
PD,17598,,17.12
PD,17598,AFINTO,16.44
PD,17601,ANDROMEDA,140.00
PD,17605,BACK 100 SC,96.00
PD,17611,POTCLEAN ULTRA 1G 7 kg,14.00
PD,17612,,330.00
PD,17612,RABONA,167.25
PD,17633,TROLLER 50 SC,14.50
PD,17634,,1226.00
PD,17634,FRAXION,76.00
PD,17650,IRONMAX PRO,30.00
PD,17655,,897.00
PD,17656,BIOVIS,31.00
PD,17657,EXTASE R,120.00
PD,17665,,2.00
PD,17666,PROSARO PLUS,105.00
PD,17671,,15.00
PD,17680,,11.00
PD,17680,GALILEO,60.00
PD,17683,,85.00
PD,17687,,229.00
PD,17689,,23.00
PD,17693,HATTRICK 30 WG,90.00
PD,17696,SUPRACAFFARO 30 WG,600.00
PD,17697,SUPRACAFFARO FLOW,520.00
PD,17698,,40.00
PD,17699,IDROX 15,1100.00
PD,17709,MIDAURIL R FLOW,200.00
PD,17742,PRIVIUM,25.00
PD,17744,CHOUCAS,59.00
PD,17745,PREDILECTO,16.00
PD,17746,,66.00
PD,17746,CLEMATIS,112.00
PD,17749,,20.00
PD,17749,DRONE,39.00
PD,17751,PRAKTIS,83.00
PD,17752,,45.00
PD,17752,STAVENTO,258.00
PD,17754,,78.00
PD,17754,REVYCARE,824.00
PD,17760,,26.84
PD,17769,VULPIN,29.75
PD,17798,BOX,9.50
PD,17803,,306.00
PD,17803,CERERIS,165.00
PD,17804,ESSEN’CIEL,65.00
PD,17807,PARLEAF,632.50
PD,17810,,24.00
PD,17813,,10.00
PD,17813,NYMEO,100.00
PD,17819,,645.00
PD,17824,,1753.00
PD,17824,MIRADOR TURBO,1514.00
PD,17826,,94.00
PD,17826,DOMARK 125 PLUS,128.00
PD,17840,,750.00
PD,17840,OLIOCIN PLUS,225.00
PD,17855,FITOPYR 2EC PRO,67.00
PD,17863,,30.00
PD,17863,AFFLANK,5.00
PD,17864,PHYTON,2.90
PD,17865,,266.00
PD,17880,,11.00
PD,17880,AZULEO,23.00
PD,17882,FERREX PFNPE,1.00
PD,17888,,12.60
PD,17888,VOLIAM,123.90
PD,17890,GEATER MAXI,2070.00
PD,17894,,620.00
PD,17894,TRIKA ENERGY,870.00
PD,17896,FORTUNE DISPERSS,21855.00
PD,17897,,7830.00
PD,17897,MICRONOL ENERGY,100.00
PD,17913,,1290.00
PD,17920,,200.00
PD,17920,GHIBLI TM,579.00
PD,17921,,1645.00
PD,17923,ARNOS SC,21.00
PD,17931,,135.00
PD,17932,ORO-QUIN,386.00
PD,17938,,2390.00
PD,17938,CLINIC TF,1625.00
PD,17945,,24.30
PD,17945,LUMEO,136.80
PD,17946,,337.00
PD,17947,,101.25
PD,17947,CODAL,570.00
PD,17949,PATRIOT ULTRA,14.00
PD,17951,,495.00
PD,17951,AUDACE SC,724.40
PD,17952,PLANTIVAX SL,72.00
PD,17963,TIOVIT 800 L,460.00
PD,17985,,12.00
PD,17994,SPORAMIL COMBI WP,74.00
PD,18001,MIKONOS,320.00
PD,18002,Vitanica TC Protect,50.00
PD,18003,CUNEB,490.00
PD,18021,PECARI 300,15.80
PD,18022,,2205.00
PD,18043,VIBALLA SF1,21.00
PD,18049,REVYSTAR XL BEET,28.00
PD,18082,,1.00
PD,18082,SERCADIS SC,24.90
PD,18083,LIRONAS,25.00
PD,18084,,21245.00
PD,18092,,799.00
PD,18092,REVYSTAR XL,777.00
PD,18119,SINALA,359.00
PD,18133,,26.00
PD,18133,TACOS,423.00
PD,18137,,2.00
PD,18137,REVYSION,2243.00
PD,18138,,1144.00
PD,18143,,45.00
PD,18143,QUESTAR,7.50
PD,18145,BOTRYBEL,40.00
PD,18148,BUGGY GOLD,1140.00
PD,18152,,379.00
PD,18152,NAVIGATOR,3.00
PD,18166,MERISTO,15.00
PD,18181,,30.00
PD,18181,UNIVOQ,35.00
PD,18182,,2100.00
PD,18213,BACILLUS CHEMIA PFnPE,8.80
PD,18213,BACILLUS CHEMIA PFnPE 10 g,0.16
PD,18213,Bacillus thuringiensis PFnPE PW box,0.01
PD,18216,VITIKAPPA,30.00
PD,18216,VITIKAPPA PFnPE,78.45
PD,18222,,289.00
PD,18222,ESCA LUMACHICIDA FERRAMOL PFNPE,11.00
PD,18222,FERRAMOL,26.00
PD,18222,Ferramol lumachicida da gr 500,26.00
PD,18222,Ferramol lumachicida da KG 1,28.00
PD,18222,FERRAMOL PFNPE,5454.90
PD,18222,FERRAMOL PFnPE 1 kg,12.00
PD,18224,SAPULI,50.00
PD,18224,SAPULI',26.00
PD,18229,BAC  MK PFNPE,2.00
PD,18229,BAC MK PFnPE,3.55
PD,18232,,23.00
PD,18232,BORDOFLOW NEW,12.00
PD,18232,BORDOFLOW NEW PFnPE,12.15
PD,18235,CIOPPER PFnPE,21.00
PD,18239,FLIPPER PFNPE,3.50
PD,18241,IDRORAME FLOW PFnPE,109.00
PD,18241,Idrorame flow PFnPE SC blt 1 l IT,17.92
PD,18241,Idrorame flow PFnPE SC box 25 ml IT,0.06
PD,18242,LEPINOX PLUS,3.00
PD,18242,LEPINOX PLUS PFnPE,50.70
PD,18244,MOMENTUM  PFnPE,4.32
PD,18244,MOMENTUM PFnPE,20.06
PD,18245,,101.00
PD,18245,KOLLANT POLTIGLIA MANICA 20 WG PFNP,30.00
PD,18245,POLTIGLIA MANICA 20 WG PFNPE,199.50
PD,18251,TIOLENE PFnPE,38.00
PD,18251,Tiolene PFnPE SC blt 1 l IT,4.28
PD,18253,,15.00
PD,18253,VERDERAME 20 WG PFnPE,209.50
PD,18253,VERDERAME 20WG,45.50
PD,18254,ZOLVIS 80 SECTOR PFnPE,20.50
PD,18256,NISUS 3B PFnPE,82.00
PD,18257,3LOGY PFnPE,2.68
PD,18259,BARBARIAN BIOGRADE 360,120.00
PD,18259,BARBARIAN BIOGRADE 360 PFNPE,680.00
PD,18259,Barbarian Biograde 360 PFnPE LQ btl,859.27
PD,18261,BARCLAY GALLUP BIOGRADE 360 PFnPE,46.50
PD,18261,GALLUP BIOGRADE PFnPE,87.50
PD,18263,,192.20
PD,18263,BIOLID UP KB VITHAL,10.00
PD,18263,BIOLID UP PFnPE,290.40
PD,18265,BORDORAM 20 WG PFnPE,34.80
PD,18266,COBRE NORDOX SUPER 75 WG PFnPE,1.10
PD,18268,FILAL WG PFnPE,4.75
PD,18269,GLIFENE BIOGRADE da ML 500,210.50
PD,18269,GLIFENE BIOGRADE PFnPE,1032.00
PD,18269,GLIFENE PFNPE,150.00
PD,18270,,1.00
PD,18270,CLIPHOGAN TOP PFNPE,7.00
PD,18270,GLIPHOGAN TOP CL PFNPE,5364.50
PD,18270,GLIPHOGAN TOP PFNPE,444.00
PD,18270,KOLLANT GLIPHOGAN TOP CL - PFNPE,48.00
PD,18277,,426.25
PD,18277,SHAMAL,80.00
PD,18277,SHAMAL MK PLUS CL PFnPE,2813.60
PD,18279,TAIFUN MK CL PFnPE,51.00
PD,18282,TRUSTEE 450 PFNPE,43.50
PD,18282,TRUSTEE 450 PFnPE 500 ml,464.00
PD,18282,Trustee 450TM PFnPE LQ btl 500 ml I,687.42
PD,18283,XEDAVIR PFnPE,4.25
PD,18284,WANAX PFnPE,1.50
PD,18288,BEMOTIUS,1.00
PD,18323,,51.00
PD,18323,VIBALLA SF2,61.00
PD,18342,,3975.00
PD,18342,AF-X1 2023,4872.50
PD,18383,EXIREL 2023,17.00
RO,13,,6900.00
RO,13,THIOPRON,12190.00
RO,133,U 46 D-FLUID,37.00
RO,206,ALBENE,20.00
RO,362,TREND 90,20.00
RO,565,FUMATHANE 510,19000.00
RO,599,,170.00
RO,599,ACUPRICO 76 WG,2940.00
RO,909,,2353.75
RO,909,POLISOLFURO DI CALCIO POLISENIO,3575.00
RO,1155,CHEMOL 90 EL,5.00
RO,1156,,2675.00
RO,1156,CHEMOL,24553.00
RO,1562,,192.00
RO,1573,,20.00
RO,1573,BASAMID GRANULAT,600.00
RO,1583,,3525.00
RO,1583,MICROTHIOL DISPERSS,7165.00
RO,1850,IDRORAME FLOW,22.50
RO,1903,SULFURENE,650.00
RO,2191,,120.00
RO,2191,WETTING PLUS,756.00
RO,2260,GASTROTOX E,30.00
RO,2272,SILLIM,46.00
RO,2291,ESCA REGINA N,82.00
RO,2307,,40.00
RO,2307,VECTOR,818.00
RO,2353,,249.00
RO,2353,BONALAN,532.00
RO,2603,ESCACIDE,100.00
RO,2732,,262.00
RO,2732,GOLTIX,2670.00
RO,2923,,2538.00
RO,2923,TIOVIT JET,4091.00
RO,2983,NIMROD,24.00
RO,3082,OLEOTER ESTATE,25.00
RO,3102,OLEOTER  lt 1,1.00
RO,3132,SEPR-OIL,5.00
RO,3163,U 46 M STAR,123.00
RO,3182,AFITIN L,3.00
RO,3343,,40.00
RO,3343,U46 M CLASS,113.00
RO,3412,SYLLIT 65,985.00
RO,3486,TRISCABOL DG,26.00
RO,3503,AGRUMIN,67.00
RO,3519,,374.00
RO,3519,METAMBANE,173.00
RO,3553,,219.00
RO,3553,CURZATE,304.00
RO,3640,,70.00
RO,3745,METAM,2125.00
RO,3767,,36.00
RO,3767,FENOXILENE 200,813.00
RO,3779,,1000.00
RO,3779,VAPAM,210.00
RO,3817,,412.00
RO,3817,DISERBONE KN,2308.00
RO,3817,DISERBONE KN LT 1,2.00
RO,4701,,1.00
RO,4701,PIRIMOR 50,170.00
RO,4710,,324.00
RO,4710,ALIETTE,1378.00
RO,5152,TIOSPOR WG,197.00
RO,5228,CARAKOL,2.00
RO,5292,FIXORMON,23.00
RO,5333,GIBRESOL,2.00
RO,5574,LUMAKIDIN 5G,20.00
RO,6001,,20.00
RO,6001,BETAFIL FL,10.00
RO,6321,STIMOLANTE 66F,35.60
RO,6322,OBSTHORMON 24A,86.60
RO,6437,,1.00
RO,6437,ETHREL,128.00
RO,6438,BI-FEN,61.00
RO,6556,,71.00
RO,6556,K-OBIOL DP2,56.00
RO,6557,,5.00
RO,6771,,800.00
RO,6771,COESIL,5.00
RO,6873,IDRORAME 193,5.00
RO,6945,,2.00
RO,6945,TOPAS 10 EC,80.00
RO,7020,BAGNANTE CIFO,1003.00
RO,7368,TURFENE L,83.00
RO,7379,,31.50
RO,7379,VENZAR,112.00
RO,7401,POLTIGLIA CAFFARO 20 DF NEW,6.00
RO,7483,,12.00
RO,7483,DEVRINOL F,372.00
RO,7541,APOLLO SC,4.00
RO,7644,TENSIL,611.00
RO,7644,TENSIL COADIUVANTE LT 1,10.00
RO,7700,,53.40
RO,7700,MATACAR FL,178.00
RO,7736,ZOLFO SCORREVOLE TRIVENTILATO 95% S,675.00
RO,7764,TIOLENE,453.00
RO,7764,TIOLENE LT 5,20.00
RO,7764,TIOLENE PFnPE,11.00
RO,7916,,980.00
RO,7916,POLYRAM DF,5738.00
RO,7919,,2060.00
RO,7919,TOUCHDOWN,5580.00
RO,7930,,470.00
RO,7930,KERB FLO,2448.00
RO,7961,RIZOLEX  GOLD,12.00
RO,7984,STRATOS,260.00
RO,8023,SUMIALFA ECHO,120.00
RO,8102,,741.00
RO,8102,MERPAN 80 WDG,5706.00
RO,8139,MANTA GOLD,723.00
RO,8146,,2.50
RO,8146,GALLERY,27.50
RO,8184,,1146.00
RO,8184,CHALLENGE,1091.00
RO,8189,,6180.00
RO,8189,LEBRON 0.5 G,260.00
RO,8259,LAMDEX EXTRA,2373.00
RO,8320,DELFIN,68.00
RO,8376,,696.00
RO,8376,ARIANE II,2002.00
RO,8498,,8.50
RO,8498,FOLICUR WG,379.50
RO,8498,FOLICUR WG GR 500,6.00
RO,8542,FORUM 50 WP,6.00
RO,8546,DANITRON,20.00
RO,8599,,1296.00
RO,8599,GOLD BEET,1028.00
RO,8601,,215.00
RO,8601,FOLPAN 80 WDG,1895.00
RO,8617,BANVEL 480 S,737.00
RO,8656,GLIFENE HP,3421.00
RO,8706,,5.00
RO,8706,AMID THIN W,80.50
RO,8712,,19.00
RO,8712,ALLEGANTE 4% AF 96,37.00
RO,8717,GERAMID NEU,27.00
RO,8735,,144.50
RO,8735,TREBON UP,589.00
RO,8795,,205.00
RO,8795,VERTIMEC EC,716.00
RO,8801,SCORE 25 EC,224.00
RO,8836,,3.00
RO,8836,MIMIC,68.00
RO,8874,,285.00
RO,8874,ETOFUM - FL,325.00
RO,8886,,11.04
RO,8886,SAFARI,30.76
RO,8929,,161.50
RO,8929,TOPIK 240 EC,1036.00
RO,8934,,8.00
RO,8934,SCALA,79.00
RO,9005,AGIL,4589.00
RO,9005,AGIL LT 1,12.00
RO,9005,AGIL LT 5,5.00
RO,9012,,30.00
RO,9012,CUPROCAFFARO MICRO,961.00
RO,9041,,3100.00
RO,9041,TIOFLOW 57,500.00
RO,9061,PANTOPUR MC,92.00
RO,9210,QUADRIS,20.00
RO,9244,,390.00
RO,9244,ZIRAMIT 76 WG,2140.00
RO,9286,OHAYO,12.00
RO,9373,,3.00
RO,9373,CHORUS,25.00
RO,9422,,39.00
RO,9422,EVADE,211.75
RO,9449,EMERALD COMBI,10.00
RO,9509,PROMALIN NT,136.00
RO,9569,ZETARAM 3B FL,120.00
RO,9578,,89.00
RO,9578,SWITCH,1039.25
RO,9612,OSSICLOR 30,400.00
RO,9627,SOLUTION 20 DISPERSS,2010.00
RO,9631,METRIN EC,23.00
RO,9655,PRIMIAL WG,4.00
RO,9679,,144.00
RO,9679,KRISTAL 32 WG,421.00
RO,9705,,106.00
RO,9705,PREVITER,137.00
RO,9724,TIOWETTING DF,639.00
RO,9744,,20.00
RO,9744,SCORE 10 WG,266.00
RO,9757,,152.00
RO,9757,SPYRALE,305.00
RO,9758,COPRANTOL WG,10.00
RO,9787,MICROBAGNABILE WG,115.00
RO,9790,,355.00
RO,9790,CONTATTO 320,440.00
RO,9800,,271.70
RO,9800,MAVRIK SMART,1738.95
RO,9809,,390.00
RO,9809,MALVIN 80 WG,345.00
RO,9843,,156.00
RO,9843,BASAGRAN SG,546.00
RO,9872,AKRIS,190.00
RO,9954,,239.00
RO,9954,JOKER,5418.00
RO,9954,JOKER LT 1,11.00
RO,10009,,1.64
RO,10048,KUMULUS TECNO,75.00
RO,10088,,0.20
RO,10105,,0.25
RO,10105,RIDOMIL GOLD SL,54.50
RO,10117,,944.00
RO,10117,STRATOS ULTRA,871.00
RO,10118,AMISTAR,260.00
RO,10127,DECIS JET,0.03
RO,10161,,1145.00
RO,10161,ORTIVA,542.00
RO,10175,SPORAMIL R FLOW,2.00
RO,10220,,102.00
RO,10220,DICOPUR COMBI,134.00
RO,10226,NOXIS M,78.00
RO,10296,,200.00
RO,10296,IPERION,200.00
RO,10305,,159.00
RO,10305,OIKOS,79.00
RO,10306,MISTRAL,143.00
RO,10324,NEMATHORIN 10 G,40.00
RO,10350,BLAST SG,957.00
RO,10350,BLAST SG KG 3,3.00
RO,10357,RIGRON SG,9.00
RO,10381,,30.00
RO,10415,ARIC 480 LS,20.50
RO,10423,LUMACHICIDA VEBI,8.00
RO,10439,SPRAY DUNGER GLOBAL,27.00
RO,10440,EXPANDER,76.00
RO,10461,DICOTURF,1.50
RO,10479,,38.00
RO,10479,NATURALIS,21.00
RO,10506,LALSTOP K61 WP,67.50
RO,10560,,1.00
RO,10560,PIRETRO NATURA,1.00
RO,10573,,1600.00
RO,10573,KOCIDE 2000,2927.00
RO,10577,,731.50
RO,10577,METRIPHAR 70 WG,680.00
RO,10577,METRIPHAR 70 WG GR 250,1.00
RO,10577,METRIPHAR 70 WG GR 500,3.00
RO,10585,SULCOTREK,20.00
RO,10588,,2.00
RO,10604,EMERALD 40 EW,147.00
RO,10627,FRUPICA,2.00
RO,10632,,20.00
RO,10632,COBRE NORDOX SUPER 75 WG,386.00
RO,10701,CUMETA FLOW,1749.00
RO,10734,,242.00
RO,10734,DUAL GOLD,1099.00
RO,10735,,45.00
RO,10735,PRIMAGRAM GOLD,1093.00
RO,10741,,95.00
RO,10741,METACINQUE,400.00
RO,10771,,1520.00
RO,10771,MOST MICRO,1879.00
RO,10771,MOST MICRO LT 1,5.00
RO,10771,MOST MICRO LT 5,20.00
RO,10889,,2.00
RO,10890,FLiPPER,95.00
RO,10926,,2.00
RO,10926,ALTOREX,27.00
RO,10929,CHIKARA 25 WG,11.20
RO,10944,,57.25
RO,10944,KARATE ZEON,192.75
RO,10952,CARPOVIRUSINE PLUS,10.00
RO,10976,,174.00
RO,10976,METEOR,572.50
RO,10976,METEOR PFnPE,4.25
RO,10999,,1.00
RO,10999,BETANAL SE,781.00
RO,11011,,889.00
RO,11011,DASH HC,2300.00
RO,11011,DASH HC LT 1,10.00
RO,11040,POLTIGLIA BORDOLESE DISPERSS BLU,1680.00
RO,11044,TUREX,5.00
RO,11059,,11.00
RO,11059,BIOPOWER,469.00
RO,11062,,3.00
RO,11062,BION 50 WG,19.00
RO,11070,,475.00
RO,11102,HELIOSOUFRE S,50.00
RO,11119,,14.50
RO,11119,FLINT,114.00
RO,11120,,170.00
RO,11133,SHELTER,1.00
RO,11165,POLAK,59.00
RO,11183,PROGERBALIN LG,40.50
RO,11185,GERLAGIB LG,16.00
RO,11196,SULFAR,3490.00
RO,11206,,1562.50
RO,11206,CODACIDE,3795.00
RO,11243,,534.00
RO,11243,LEOPARD 5 EC,7163.00
RO,11243,LEOPARD 5 EC LT 1,3.00
RO,11243,LEOPARD 5 EC LT 5,20.00
RO,11252,LALSTOP Contans WG,92.00
RO,11253,CALLISTO,168.60
RO,11255,,394.00
RO,11257,COSTAR WG,111.00
RO,11258,,445.00
RO,11258,FAZOR STAR,50.00
RO,11303,,2000.00
RO,11303,CHAMP DP,390.00
RO,11341,STARANE GOLD,67.00
RO,11341,STARANE GOLD LT 1,4.00
RO,11353,,3.00
RO,11353,FUSILADE MAX,1013.00
RO,11355,TAMIFUM,5000.00
RO,11393,BEETLE,2148.00
RO,11416,OVIPRON TOP,20.00
RO,11435,FLORANET,150.00
RO,11449,,5680.00
RO,11449,GARDOPRIM GOLD,155.00
RO,11479,BRANCHER DIRADO,103.00
RO,11500,CAPTHENE 80 WDG,85.00
RO,11505,READY GERMIPLUS,105.00
RO,11526,,204.00
RO,11526,SULTAN,1142.00
RO,11549,,3.00
RO,11549,ISOMATE OFM ROSSO FLEX,4.47
RO,11551,ISOMATE C PLUS,3.60
RO,11552,,18.50
RO,11561,,20.00
RO,11561,NEEMAZAL T/S,104.00
RO,11569,CUPROXAT SDI,58.00
RO,11611,,35.00
RO,11611,VYDATE 10L,300.00
RO,11619,TIOFLOR WDG,9.00
RO,11637,CUPROFIX C DISPERSS,40.00
RO,11649,,222.00
RO,11649,COMMAND 36 CS,689.00
RO,11660,SHOGUN,16.00
RO,11678,ACTELLIC 2/P NEWPHARM,6.00
RO,11679,GIBERAL COMPRESSE,4.74
RO,11693,,21.50
RO,11693,LASER,296.90
RO,11701,BOTANIGARD OD,20.00
RO,11760,,3800.00
RO,11760,POLITHIOL,1420.00
RO,11762,FORUM STAR,45.00
RO,11767,BIG MAIS,24.00
RO,11779,KOP-TWIN,40.00
RO,11789,MANAGER,5.00
RO,11793,XENTARI WG,4.00
RO,11794,PRESSING 500,24.75
RO,11862,LOBBY,120.00
RO,11872,RIFLE 3-18-R,83.00
RO,11944,ASPECT,20.00
RO,11964,POLTIGLIA CAFFARO 20 GD,80.00
RO,11991,NEEMIK TEN,696.00
RO,12010,,10.00
RO,12010,TUAREG,5.00
RO,12023,,306.00
RO,12023,KLARTAN SMART,142.00
RO,12037,,5.00
RO,12037,CAMIX,115.00
RO,12043,,4.00
RO,12043,PREVICUR ENERGY,397.00
RO,12044,CURZATE SYSTEM,2.50
RO,12048,TIOSOL 80 WG,6.00
RO,12067,CIPER,1.00
RO,12068,TEFLUSTAR,2330.00
RO,12069,,225.00
RO,12069,EPIK,12.00
RO,12090,,4150.00
RO,12090,MICROSED GEO,5990.00
RO,12090,MICROSED GEO KG 10,40.00
RO,12096,,2685.00
RO,12096,POLTIGLIA DISPERSS,7210.00
RO,12100,ASSET DUO,9.00
RO,12114,AUXIGER LG,211.00
RO,12117,ENIFUL,91.00
RO,12133,JUVINAL GOLD,92.00
RO,12170,,50.00
RO,12170,HELIOCUIVRE,610.00
RO,12172,FERRAMOL,14.00
RO,12172,FERRAMOL PFnPE,29.00
RO,12225,,27.64
RO,12225,TEPPEKI,135.34
RO,12233,KAPLAN,2655.00
RO,12285,FORUM GOLD,60.00
RO,12296,GAIO SX,3.84
RO,12319,,15.00
RO,12319,KRONOS,76.00
RO,12361,,1.20
RO,12361,ALGEDI,50.40
RO,12368,CARPOSTOP,5.00
RO,12375,,45.00
RO,12375,SUGAR 500 SC,2400.00
RO,12376,FITAGIL,17.00
RO,12381,,26.00
RO,12381,NU-FILM-P,12.00
RO,12385,ARMETIL COBRE SC,8.00
RO,12395,CUTRIL TOP,177.00
RO,12437,,127.00
RO,12437,DELAN 70 WG,982.00
RO,12452,,221.00
RO,12452,EQUIP,1721.00
RO,12452,EQUIP LT 1,8.00
RO,12452,EQUIP LT 5,10.00
RO,12453,,90.00
RO,12453,MILDICUT,15.00
RO,12482,,500.00
RO,12482,LUMAX,9245.00
RO,12489,DIFCOR 250,119.00
RO,12504,FLOWBRIX,7.00
RO,12514,VIPER,40.00
RO,12528,CABRIO TOP,20.00
RO,12534,FOXTAIL,21.75
RO,12534,FOXTAIL CONF DA 1LT,16.00
RO,12538,,31.00
RO,12538,MYSTIC 25 WG,20.00
RO,12540,REGRAN EXTRA,300.00
RO,12548,XANILO 45 WG,83.50
RO,12566,PYGANIC 14,21.00
RO,12568,SPRINTEX NEW L,200.00
RO,12573,,108.00
RO,12590,,2000.00
RO,12590,DIASTAR MAXI,29039.00
RO,12647,GLITTER,124.00
RO,12661,NEXOL 10 WG,26.00
RO,12671,,22.02
RO,12671,HARMONY 50 SX,58.27
RO,12671,HARMONY 50 SX CONF DA 20GR,0.02
RO,12671,HARMONY 50 SX GR 20,0.26
RO,12678,CERALL,4330.00
RO,12706,,0.15
RO,12722,OSSICLOR 20 FLOW,1.00
RO,12737,AIRONE PIU',3593.00
RO,12748,,12.00
RO,12756,DICOTEX,18.00
RO,12759,,30.00
RO,12759,OSSICLOR 35 WG,120.00
RO,12761,,13.00
RO,12785,CHECKMATE CM-XL,4.00
RO,12788,ADIGOR,512.00
RO,12792,,173.00
RO,12792,MAGIC TANDEM,2383.00
RO,12806,,984.00
RO,12806,FEDOR,2642.00
RO,12828,,7.00
RO,12828,SITOFEX,10.00
RO,12833,ISOMATE C/OFM,4.90
RO,12836,ISONET Z,0.02
RO,12843,,4.44
RO,12843,CHECKMATE CM-F,5.91
RO,12847,EAGLE,0.10
RO,12857,,13.50
RO,12857,PROREX,111.50
RO,12862,,1.00
RO,12862,CANTUS,51.00
RO,12866,,13.00
RO,12866,COLLIS,96.00
RO,12868,,10.00
RO,12868,BELLIS,120.00
RO,12869,,139.00
RO,12869,SIGNUM,2523.00
RO,12869,SIGNUM KG 1,1.00
RO,12878,FOLPAN GOLD,2356.00
RO,12883,PROSPER 300 CS,32.00
RO,12886,,158.00
RO,12886,KARATHANE STAR,450.00
RO,12888,,1.00
RO,12888,LEPINOX PLUS,40.00
RO,12904,BRAITEX,30.00
RO,12916,SACRON 45 W,93.00
RO,12933,,44.00
RO,12933,MOXYL 20 WP,8.00
RO,12940,,94.00
RO,12940,KARATE ZEON 15,1272.00
RO,12940,KARATE ZEON 15 CONF DA 1 LT,4.00
RO,12949,AZUPEC 80 WG,100.00
RO,12960,STARPROP,88.00
RO,12961,,2.00
RO,12994,VIVER ELITE WG,1313.50
RO,13012,,5.00
RO,13012,FOLVIT 80 WDG,20.00
RO,13020,MICRORAM 35 WG,3780.00
RO,13061,BIOBIT DF,18.00
RO,13062,DiPel DF,3.00
RO,13063,REGULEX 10 SG,0.11
RO,13064,VITENE ULTRA SC,101.50
RO,13065,DOMARK 125,31.00
RO,13068,NEORAM WG,80.00
RO,13076,BRAITEX  PRO,38.00
RO,13084,,13.00
RO,13084,TELDOR PLUS,26.00
RO,13093,,360.00
RO,13093,STOMP AQUA,3179.00
RO,13098,,25.00
RO,13098,ROUNDUP POWER 20,5974.50
RO,13098,ROUNDUP POWER 20 LT 5,20.00
RO,13104,,4180.00
RO,13104,ALGOR PLATIN,140.00
RO,13116,MEDOR 35 CLASS,137.00
RO,13120,,733.00
RO,13120,MYSTIC 430 SC,72.00
RO,13126,,717.00
RO,13126,CABRIO DUO,1423.00
RO,13127,,180.00
RO,13149,,360.00
RO,13149,POLTIGLIA MANICA 20 WG,15.00
RO,13149,POLTIGLIA MANICA 20 WG PFnPE,3.00
RO,13150,CURAME 25 WG,12.00
RO,13154,,12.00
RO,13154,MONDAK 480 S,176.00
RO,13156,CAMBEL 480 S,193.00
RO,13158,,27.00
RO,13158,REMEDIER,43.00
RO,13160,,395.00
RO,13168,,1219.00
RO,13168,LAUDIS,11852.00
RO,13168,LAUDIS LT 1,18.00
RO,13213,R6 ERRESEI ALBIS,329.00
RO,13218,FINALSAN PLUS,2410.00
RO,13225,,42.00
RO,13236,BULLET,123.00
RO,13242,,14.00
RO,13242,NICOGAN VO,4407.00
RO,13244,,625.00
RO,13244,ZOLFO VENTILATO STELLA,425.00
RO,13250,,500.00
RO,13252,,3.00
RO,13252,PLAYER 250 SC,254.00
RO,13254,,132.00
RO,13254,PLAYER 25 WG,1884.00
RO,13285,,10.00
RO,13285,SEVERAL,2.00
RO,13299,MAGIO',2.00
RO,13313,,23.00
RO,13313,CASPER,67.00
RO,13327,,5.00
RO,13327,GRANSTAR ULTRA SX,248.95
RO,13329,OMNEX 10 EC,142.00
RO,13367,,109.00
RO,13367,DIVO,834.00
RO,13377,COLUMBUS,117.00
RO,13382,,154.00
RO,13382,PERGADO SC,385.50
RO,13386,,110.00
RO,13386,PROSARO,4409.00
RO,13387,,39.75
RO,13387,FLORAMIX,271.36
RO,13388,,11.00
RO,13388,BROADWAY,1.10
RO,13389,,445.00
RO,13389,AFFIRM,4295.00
RO,13391,,519.00
RO,13391,CYTHRIN 50 EC,84.00
RO,13447,HELMSTAR 75 WG,2.46
RO,13447,HELMSTAR 75 WG GR 10,0.18
RO,13451,SPARVIERO,617.00
RO,13455,,11.00
RO,13455,ANTIGRAM GOLD,4876.00
RO,13466,,44.00
RO,13466,SPOTLIGHT PLUS,1082.00
RO,13471,NICOZEA OD,239.00
RO,13485,,1700.00
RO,13486,JUDO,6.00
RO,13489,,25.50
RO,13489,CYMBAL,37.00
RO,13491,CYMBAL 45 WG,2.50
RO,13505,CLIVIS DUO,15.00
RO,13540,QUASAR R FLOW,35.00
RO,13552,ZOLVIS 80 SECTOR,273.50
RO,13552,ZOLVIS 80 SECTOR KG 10,10.00
RO,13560,FORZA,2559.00
RO,13578,RAME CAFFARO BLU WG NEW,170.00
RO,13586,VERDERAME 20 WG,1.00
RO,13592,,726.00
RO,13592,VOLARE,729.00
RO,13635,,35.00
RO,13635,POLTIGLIA 20 PB MANICA,520.00
RO,13637,PERGADO F,5.00
RO,13648,,30.00
RO,13689,,3.00
RO,13689,FLINT MAX,15.50
RO,13693,BACILLUS CHEMIA,35.80
RO,13698,VIVANDO,1012.75
RO,13700,,4.50
RO,13700,ATLANTIS PRO,76.50
RO,13701,,229.80
RO,13701,MAROX PRIME SX,20.00
RO,13705,,56.00
RO,13711,,5319.00
RO,13714,FOLPEC 50 SC,50.00
RO,13741,SELECTA DISPERSS,275.00
RO,13753,GAL-GONE,121.00
RO,13771,,313.00
RO,13771,NIMROD 250 EW,436.00
RO,13782,DOURO 10 WG,5.00
RO,13789,PRIMERO,1.00
RO,13792,STABILAN,370.00
RO,13796,CELL,272.00
RO,13807,RAVENAS,2.50
RO,13809,,22970.00
RO,13809,FORCE ULTRA,34210.00
RO,13823,,120.00
RO,13823,ALVERDE,553.00
RO,13838,XEDAVIR,5.00
RO,13841,,3000.00
RO,13841,FOCUS ULTRA,11559.00
RO,13841,FOCUS ULTRA LT 1,5.00
RO,13841,FOCUS ULTRA LT 5,30.00
RO,13842,CHECKMATE OFM,1.20
RO,13885,MICROCOPP NEUTRO FL,10.00
RO,13888,FANTIC F NC WG,129.00
RO,13895,SAVIRAN STAR,125.00
RO,13905,,5.00
RO,13905,BANJO,1017.00
RO,13925,BOGARD,7.00
RO,13927,ZAMIR 18,213.00
RO,13930,MARINS 200 CLASS,561.00
RO,13981,,39.80
RO,13981,CORAGEN,1052.25
RO,13983,HUSSAR MAXX PRO,207.00
RO,13998,PYRUS 400 SC,18.00
RO,14018,BASIC,1.00
RO,14044,JOKER 480,17.00
RO,14058,,158.00
RO,14058,FEINZIN 70 DF,2230.00
RO,14058,FEINZIN 70 DF GR 250,6.50
RO,14061,TRIANUM-P,16.00
RO,14062,,242.00
RO,14062,ZOXIUM 240 SC,175.00
RO,14091,APHOX,7.00
RO,14100,KANEMITE,30.00
RO,14101,CARAMBA,3868.00
RO,14102,BORDOFLOW NEW,60.00
RO,14122,KATAR,252.00
RO,14135,GRENADIER 75 DF,2.11
RO,14136,OBERON,29.50
RO,14137,,96.90
RO,14137,ALTACOR,186.90
RO,14155,,1750.00
RO,14156,CURZATE R WG,18.00
RO,14156,CURZATE R WG KG 10,10.00
RO,14165,,29.00
RO,14165,NANDO MAXI,2872.00
RO,14166,,1.00
RO,14166,ZETOR,945.00
RO,14182,ARES 25 WG,1521.00
RO,14193,SARMOX 45 DG,29.00
RO,14195,,835.00
RO,14195,KENDO WITH ZEON TECHNOLOGY,40.00
RO,14204,,6.00
RO,14204,75A,13.00
RO,14210,,23.00
RO,14210,EVURE PRO,163.00
RO,14214,,2.00
RO,14214,RAPSAN 500 SC,12.00
RO,14217,TENAX EW,68.00
RO,14232,CYTHRIN MAX,4.00
RO,14245,,23.50
RO,14262,GREENEX NF,21.50
RO,14294,,0.10
RO,14294,EXECUTIVE,1.80
RO,14323,,276.00
RO,14323,BELPROMEC,48.00
RO,14336,NEMATHORIN 150 EC,75.00
RO,14375,LION 5 EC,2144.00
RO,14390,BOOM EFEKT,9576.00
RO,14405,MERLIN FLEXX,40.00
RO,14406,LEIMAY,8.25
RO,14407,RUNWAY,3.00
RO,14409,,376.00
RO,14409,MOVENTO 48 SC,2642.00
RO,14418,,20.00
RO,14418,PULSAR 40 SL,75.00
RO,14431,,67.00
RO,14431,LENTAGRAN 45 WP,138.00
RO,14434,NUANCE,0.14
RO,14440,SOLAR 360,4460.00
RO,14479,,12650.00
RO,14479,SCHERMO 05 G,24477.00
RO,14523,CARPO 600,367.00
RO,14547,BAC MK,3.50
RO,14549,LEPIBACK,208.00
RO,14559,AGREE WG,233.00
RO,14576,CUTRIL EVO,180.00
RO,14577,FORUM R 3B,206.00
RO,14579,RAMIN 30 DF,200.00
RO,14582,FENGIB,40.00
RO,14636,,563.00
RO,14636,BIOLID UP,3363.00
RO,14636,BIOLID UP PFnPE,20.00
RO,14642,,200.00
RO,14642,RIDOMIL GOLD R WG,4219.00
RO,14660,BTK 32 WG,130.00
RO,14664,,0.05
RO,14664,BERELEX 40 SG,5.09
RO,14683,,0.15
RO,14683,BERMERAX,0.96
RO,14684,SUPERBO,5.00
RO,14686,,30.00
RO,14697,,97.00
RO,14697,ENERVIN DUO,294.00
RO,14699,,18.00
RO,14699,GEOXE,245.00
RO,14709,,8.00
RO,14728,CELIO,119.00
RO,14735,,74.00
RO,14735,RANMAN TOP,527.00
RO,14737,,1615.00
RO,14737,ROUNDUP PLATINUM,42456.00
RO,14737,ROUNDUP PLATINUM LT 15,75.00
RO,14737,ROUNDUP PLATINUM LT 5,80.00
RO,14764,SLUXX HP,35.00
RO,14765,ELUMIS,895.00
RO,14769,COMET 250 EC,1931.00
RO,14769,COMET 250 EC LT 1,27.00
RO,14794,AVALON SC,700.00
RO,14801,,5.00
RO,14812,ENERVIN TOP,241.00
RO,14830,CUPROFIX ULTRA DISPERSS,560.00
RO,14836,BARBARIAN BIOGRADE 360,510.00
RO,14837,TARTAN,10.00
RO,14838,BARCLAY GALLUP BIOGRADE 360,14316.00
RO,14845,,5.00
RO,14846,,270.00
RO,14846,AVALON 250 EW,512.00
RO,14854,KARAMAT M,1.00
RO,14867,SYNERO,37.00
RO,14872,BELLIS DRUPACEE,112.00
RO,14879,,2.10
RO,14879,LONTREL 72 SG,9.00
RO,14884,,370.00
RO,14884,CORUM,4100.00
RO,14884,CORUM LT 1,13.00
RO,14884,CORUM LT 5,30.00
RO,14891,TRICO,5.00
RO,14897,FLUROSTAR 200,39.00
RO,14900,KENKIO,75.00
RO,14916,SILWET SPRINTEX,2.00
RO,14918,,63.00
RO,14918,RIVIOR,1120.00
RO,14935,,2241.00
RO,14935,TIMELINE TRIO,1981.00
RO,14936,AMPLIGO,797.49
RO,14940,,10.20
RO,14940,TAKUMI,2.06
RO,14944,FLUXYR 200 EC,63.00
RO,14947,TRUSTEE 450,120.00
RO,14967,TIPTOR ULTRA,546.00
RO,14967,TIPTOR ULTRA LT 1,42.00
RO,14969,,2060.00
RO,14969,HOPPER 480,2765.00
RO,14972,DICARZOL 50 SP,192.00
RO,14980,,149.00
RO,14980,AFFINITY PLUS,2.00
RO,15005,,23.00
RO,15005,FONTELIS,57.00
RO,15013,NATRIA LUMACHICIDA,13.00
RO,15013,NATRIA LUMACHICIDA PFnPE,30.00
RO,15023,,60.00
RO,15023,DERREX,600.00
RO,15037,BREZZA,1.00
RO,15039,,27.00
RO,15039,GAMIT 36 CS,291.00
RO,15044,,818.00
RO,15044,LAUDIS  WG,20.00
RO,15047,R6 ERRESEI BORDEAUX WG,13.00
RO,15048,,3.00
RO,15049,,1.00
RO,15049,MODDUS,75.00
RO,15050,,5.00
RO,15050,VERTIMEC PRO,864.00
RO,15051,,3105.00
RO,15051,KYLEO,22735.00
RO,15052,KAIMO SORBIE,79.80
RO,15056,,195.00
RO,15056,TOMCATO,144.00
RO,15058,,3.08
RO,15058,PRINCIPAL MAIS,45.76
RO,15059,,366.50
RO,15059,DECIS EVO,1362.50
RO,15059,DECIS EVO LT 1,11.00
RO,15059,DECIS EVO ML 250,0.25
RO,15062,,595.00
RO,15062,PIRAMAX  EC,173.00
RO,15063,NIMBLE,17.80
RO,15071,EVOLUTION,178.00
RO,15083,AUDACE,768.00
RO,15084,DRUM,16.50
RO,15089,MARKER DUO,320.00
RO,15096,GLIPHOGAN TOP CL,968.50
RO,15096,GLIPHOGAN TOP CL PFnPE,946.50
RO,15101,CIMORAM ULTRA WG,33.00
RO,15111,MIRADOR SC,817.00
RO,15115,,90.00
RO,15115,PROSPER 500 EC,47.00
RO,15119,,200.00
RO,15119,FORTEZZA,153.00
RO,15122,ACTELLIC 50 NEWPHARM,4.00
RO,15130,INTREPID,80.00
RO,15142,,2315.00
RO,15142,ALCANCE SYNC TEC,5667.00
RO,15149,,2000.00
RO,15149,COSAVET DF EDGE,30.00
RO,15177,,11.00
RO,15198,,220.00
RO,15198,AZBANY,187.00
RO,15199,SAKURA,1225.00
RO,15200,QUALY,36.00
RO,15201,FLOXY 400 SC,11.00
RO,15223,PANTANI,5.00
RO,15229,,435.00
RO,15229,STOPPER P,45.00
RO,15232,CUSTODIA ULTRA,1.00
RO,15233,DALET TRIO,25.00
RO,15235,,1.00
RO,15235,MOMENTUM,185.00
RO,15235,MOMENTUM PFnPE,3.50
RO,15251,AIRONE LIQUIDO,9809.00
RO,15251,AIRONE LIQUIDO PFnPE,910.00
RO,15253,,61.00
RO,15253,FALCON MK,222.00
RO,15264,ENERVIN SC,213.00
RO,15265,,519.00
RO,15265,PROMAN FLOW,911.00
RO,15275,DURAVIS,651.00
RO,15275,DURAVIS KG 1,26.00
RO,15291,TURFENE PLUS,4.50
RO,15293,MAVITA 250 EC,91.00
RO,15294,,486.00
RO,15294,KENDO BI-ACTIVE,14.10
RO,15302,,61.00
RO,15302,AMYLO-X,193.00
RO,15307,,134.00
RO,15307,DEDALUS 25 WDG,20.00
RO,15310,NISSHIN EXTRA 6 OD,6.00
RO,15315,,189.00
RO,15315,EMBRACE,387.00
RO,15317,,107.00
RO,15326,,3540.00
RO,15326,CUPROTEK DISPERSS,3750.00
RO,15331,ZEFIR 25 WDG,9.00
RO,15335,U 46 ULTRA,80.00
RO,15337,,1.10
RO,15337,EXPRESS,1.70
RO,15344,,56.00
RO,15344,FILAN WG,18.00
RO,15348,,3.00
RO,15348,RIDOMIL GOLD R LIQUIDO,461.00
RO,15349,,3.00
RO,15349,ARES 430 SC,1319.00
RO,15356,,12.00
RO,15358,ZOLFO FLOW MCT,110.00
RO,15363,MEDEIRO 80 WG ADVANCE,30.00
RO,15365,RAME ZOLFO FLOW MCT,2.00
RO,15369,MAGMA TRIPLE,33.00
RO,15373,BELEM SUOLO INSETTI,1152.00
RO,15375,NIC 4,4.00
RO,15378,,128.00
RO,15378,TRAXOS PRONTO 60,2150.50
RO,15379,,110.25
RO,15379,AXIAL PRONTO 60,866.00
RO,15384,,71.00
RO,15384,LUNA EXPERIENCE,346.00
RO,15389,,1540.00
RO,15389,FLARE GOLD R WG,80.00
RO,15398,KAMIKAZE,2.00
RO,15401,,4600.00
RO,15401,TAIFUN MK CL,50888.00
RO,15401,TAIFUN MK CL CONF DA 500ml PFnPE,0.50
RO,15402,DELTASAP,5.00
RO,15405,,12.00
RO,15405,SHAMAL MK PLUS CL,540.00
RO,15409,DECISION,580.00
RO,15410,DECA,98.00
RO,15416,DIZOLE,50.00
RO,15419,ELECTIS R FLOW,59.00
RO,15422,,9.00
RO,15422,TITUS DUO,13.72
RO,15448,REBEL TOP,6.00
RO,15449,CIDELY,18.00
RO,15468,ACASTA,9.00
RO,15483,WISH,10.00
RO,15491,SWORD UP,918.00
RO,15493,SIMUN 40 OD,1.00
RO,15499,SONG 70 WDG,1.75
RO,15501,QUIZ,622.00
RO,15507,CREW SUPERB,180.00
RO,15513,OSSICLOR 35 WG GREEN,26.00
RO,15536,,221.00
RO,15536,ANTAL,120.00
RO,15537,,8.00
RO,15537,DELTAGRI,37.00
RO,15546,,5.20
RO,15546,BIATHLON 4D,686.95
RO,15546,BIATHLON 4D GR 100,3.50
RO,15546,BIATHLON 4D GR 350,2.45
RO,15549,,3.00
RO,15549,PROLECTUS 50 WG,33.00
RO,15550,,63.00
RO,15550,MERLIN FLEXX XTRA,76.00
RO,15553,,16.50
RO,15553,REGALIS PLUS,63.00
RO,15556,TERVIGO,45.00
RO,15562,BELURE-T,0.60
RO,15566,,109.00
RO,15566,VISION PLUS,961.00
RO,15574,KARMA 85,130.00
RO,15583,,254.00
RO,15583,PIRAT,28.00
RO,15598,,60.00
RO,15598,CARPOVIRUSINE EVO 2,72.00
RO,15610,CYPERKILL 50 EC,74.00
RO,15612,,6.15
RO,15612,SEMPRA,12.90
RO,15621,BOTTO 50 EC,225.00
RO,15621,BOTTO 50 EC ml 250,0.75
RO,15630,,250.00
RO,15630,CARSON 45 WG,26.00
RO,15630,CARSON 45% WG,82.00
RO,15635,,370.50
RO,15635,ADENGO XTRA,3089.50
RO,15635,ADENGO XTRA ML 0500,8.00
RO,15640,,3.00
RO,15640,PROLINE STAR,7.00
RO,15642,HYDRA PLUS,96.00
RO,15654,ACCORD,296.00
RO,15655,,17.00
RO,15655,KEETON 25 WG,26.00
RO,15664,KORING 25 WG KG 1,5.00
RO,15665,KEMPO SORBIE,89.10
RO,15668,GHIBLI 240 OD,9.25
RO,15674,,9.05
RO,15674,AMADEUS TOP,25.20
RO,15689,,551.00
RO,15689,DIFENZONE,28.00
RO,15693,LISTEGO,8.00
RO,15710,CLINCHER ONE,173.00
RO,15712,,980.00
RO,15712,SATELITE,3205.00
RO,15718,,8.90
RO,15718,GRANSTAR TRIO,4.80
RO,15722,ARMICARB 85,60.00
RO,15741,,80.00
RO,15741,AVADEX FACTOR,1190.00
RO,15744,REBOOT,43.50
RO,15745,SHARPEN 40% SC,52.00
RO,15748,,177.00
RO,15748,SYLLIT 544 SC,647.00
RO,15752,,1.00
RO,15752,CIDELY TOP,86.00
RO,15753,PYXIDES DUO,174.00
RO,15754,SHARPEN 33% EC,43.00
RO,15769,,3028.00
RO,15769,MERO,80.00
RO,15790,,5.00
RO,15806,ONYX,28.00
RO,15831,VACCIPLANT,10.00
RO,15836,RATRON GW,3.00
RO,15837,,14.00
RO,15837,RATRON GL,26.25
RO,15838,,370.00
RO,15838,ROUNDUP ULTRAMAX,6420.00
RO,15856,AZAKA,26.00
RO,15868,CENTURION PRO,1320.00
RO,15869,,1200.00
RO,15869,OPTIX STAR DISPERSS,1824.00
RO,15882,ATILLA,30.00
RO,15886,,175.00
RO,15886,METAREX INOV,185.00
RO,15888,AZOX 25 SC,73.00
RO,15890,CURZATE 60 WG,1.20
RO,15892,BANG PLUS,63.00
RO,15897,ALFIL WG,40.00
RO,15899,,165.00
RO,15900,,4450.00
RO,15900,TRIKA EXPERT,19110.00
RO,15901,,5900.00
RO,15901,ERCOLE,22810.00
RO,15901,ERCOLE KG 10,70.00
RO,15907,,19.00
RO,15907,PRESIDIUM ONE,1262.00
RO,15911,SPIROX,78.00
RO,15915,,103.00
RO,15915,STARANE HD,112.00
RO,15926,,770.00
RO,15926,MOJANG 600,3170.00
RO,15948,,36.00
RO,15948,SINSAJO,200.00
RO,15961,RETENGO NEW,27.00
RO,15986,VEGAS 50 WG,7.20
RO,15990,SCIROCCO 125 EW,121.00
RO,16007,,2003.00
RO,16007,REWARD,109.00
RO,16023,DIMBO 480 SL,31.00
RO,16032,,18.00
RO,16032,RADAR 10 EC,14.00
RO,16033,HEREU SC,26.00
RO,16034,DOURO 100 EC,14.00
RO,16037,MOJANG TX,150.00
RO,16038,CABRIO WG,46.00
RO,16051,LENNS,120.00
RO,16054,SINSTAR,35.00
RO,16056,SARACEN,0.50
RO,16063,ARIGO,5.28
RO,16064,CREDIT 540,1125.00
RO,16065,SERRATE,156.00
RO,16071,MESOZIN 70 WG,17.50
RO,16074,GLORIAL 25 EC,8.00
RO,16076,SOLIS,225.00
RO,16076,SOLIS LT 1,1.00
RO,16084,BREVIS,51.50
RO,16085,TRIMUR,2.63
RO,16089,BUGUIS,242.78
RO,16089,BUGUIS ML 630,19.53
RO,16092,,15.00
RO,16098,NIBER 70 DF,3.75
RO,16099,SINIS 70 DF,10.00
RO,16101,TOPAS COMBI LIQUIDO,50.00
RO,16104,ELECTIS TRIO WDG,233.00
RO,16108,ATELIER,15.00
RO,16132,,3.20
RO,16142,MINECTO ALPHA,7.00
RO,16149,,3.00
RO,16157,ATLANTIS FLEX,6.60
RO,16166,POKER MAX,2.00
RO,16167,MARACANA,1.00
RO,16170,TRICUP FLOW,280.00
RO,16171,,12.20
RO,16178,,30.00
RO,16181,,30.00
RO,16182,CLICK PRO,150.00
RO,16191,,205.00
RO,16191,TRIMAXX,498.00
RO,16198,EVORAM 15,1090.00
RO,16199,CUPRORAM 35 WG BLU,11.00
RO,16205,IDROX 20,10.00
RO,16208,CLEANCLASTER,16.00
RO,16221,,19.80
RO,16221,MADEX TOP,3.60
RO,16224,,150.00
RO,16224,CUPRORAM 37.5 WG,830.00
RO,16226,,80.00
RO,16226,CIMOTER RAME WG,66.00
RO,16232,MINERVE,51.20
RO,16248,FERREX,642.00
RO,16249,CARDINAL 50 WG,86.00
RO,16251,,104.00
RO,16251,AFFIRM OPTI,905.00
RO,16252,,20.00
RO,16252,AMISTAR GOLD,30.00
RO,16261,,10.00
RO,16261,BELOUKHA,15.00
RO,16271,FRESCO,165.00
RO,16273,,105.00
RO,16273,SIVANTO PRIME,380.00
RO,16277,ALMADA 50 SC,4.00
RO,16280,ALMADA HYDRO,60.00
RO,16282,DIMIX,2.00
RO,16283,QUANTUM R-OK,50.00
RO,16285,,1053.00
RO,16285,KALIMBA,442.00
RO,16287,,44.00
RO,16287,SOLIGOR,4413.00
RO,16288,AMPEXIO,8.00
RO,16290,,4.20
RO,16290,AMADEUS ULTRA,49.21
RO,16293,PACLOT NEW,50.00
RO,16295,,92.00
RO,16299,,2655.00
RO,16299,PASSAT SL,670.00
RO,16301,KRESOSTAR,12.00
RO,16305,BONZI,3.00
RO,16312,TOMIGAN,48.00
RO,16314,,62.00
RO,16314,ZOXIS 250 SC,619.00
RO,16322,PENNY,57.00
RO,16323,PENDIWIN,80.00
RO,16325,,713.00
RO,16325,EPIK SL,6399.90
RO,16325,EPIK SL PFnPE,23.00
RO,16335,LIETO SC,377.00
RO,16336,,20.00
RO,16336,DELAN SC,157.00
RO,16354,SHARDIF 250 EC,140.00
RO,16363,,293.20
RO,16363,SIRTAKI,1699.21
RO,16363,SIRTAKI ML 300,3.00
RO,16364,,898.00
RO,16364,BISMARK,5112.00
RO,16369,,30.00
RO,16369,ORTIVA TOP SC,288.00
RO,16379,,2287.00
RO,16379,PREV-AM PLUS,2080.00
RO,16381,,44.00
RO,16381,CALLICORE,373.00
RO,16384,,1362.00
RO,16384,ELATUS ERA,3145.00
RO,16385,,47.25
RO,16385,ELATUS PLUS,675.00
RO,16395,MOHICAN 500 SC,40.00
RO,16396,TEMSA 100,2.00
RO,16396,TEMSA 100 LT 1,2.00
RO,16402,ENVIROMITE FL,0.75
RO,16415,,4.90
RO,16415,MADEX TWIN,10.60
RO,16422,,2.00
RO,16433,FLINT RISO,23.00
RO,16438,,80.50
RO,16438,VELUM PRIME,30.00
RO,16442,R6 ERRESEI ALBIS EASY,160.00
RO,16448,,1.00
RO,16448,NEALTA,14.00
RO,16455,GRIMS 10,119.00
RO,16457,,2550.00
RO,16457,POLTIGLIA 20 WG GREEN,1258.00
RO,16458,OSSICLOR 30 GREEN,130.00
RO,16461,,270.00
RO,16461,CENTURION 240 NEO,461.00
RO,16472,,146.00
RO,16472,CONVISO ONE,121.00
RO,16473,PRIMO MAXX II,1.00
RO,16474,,4.90
RO,16474,MATSUDA 25 WG,8.40
RO,16477,RIVAL,156.00
RO,16480,,224.00
RO,16480,3LOGY,342.00
RO,16481,,423.00
RO,16481,CALLISTO 480,17.10
RO,16485,,55.00
RO,16485,ROMULAN,69.00
RO,16492,,54.00
RO,16492,VASCO,335.00
RO,16500,TRIBAL,3.03
RO,16509,IBISCO,65.00
RO,16510,ISONET T,0.01
RO,16523,MISTER C,29.30
RO,16527,TELLUS WP,9.00
RO,16538,KITAMBA,787.00
RO,16548,CHECKMATE PUFFER OFM,1.92
RO,16558,CARPOVIR,34.50
RO,16562,,205.00
RO,16562,DELAN PRO,1705.00
RO,16563,,14.00
RO,16565,EXECUTIVE GOLD,9.90
RO,16567,,70.00
RO,16570,SENCOR 600 SC,2.00
RO,16573,,244.00
RO,16573,FIGHTER,86.00
RO,16575,TRIMMER 50 WG,17.86
RO,16577,,72.00
RO,16577,U46 COMBI DUO,151.00
RO,16578,MELODY COMPACT WG,30.00
RO,16596,SANIUM SL25 PFnPE,17.68
RO,16598,SANIUM AL PFnPE,111.50
RO,16607,VEXTAMITRON 700 SC,50.00
RO,16609,,460.00
RO,16616,,728.00
RO,16616,VALLEY,2825.00
RO,16616,VALLEY LT 1,15.00
RO,16624,,42.00
RO,16624,LUNA CARE,660.00
RO,16625,MAINSPRING,1.40
RO,16630,LIMEX ESCA,12.00
RO,16630,NATUREN LIMEX PFnPE,161.95
RO,16632,LUNA SENSATION,5.00
RO,16640,MAZA 4% SL,7.00
RO,16643,,48.00
RO,16643,SUCCESS GR,4452.00
RO,16654,,2.50
RO,16654,POLYVERSUM,53.00
RO,16657,,200.00
RO,16657,CENTURY PRO,505.00
RO,16658,,128.00
RO,16658,DAGONIS,1210.00
RO,16660,ACTLET C,100.00
RO,16667,,3.00
RO,16667,REVOLUTION,154.00
RO,16690,,424.00
RO,16690,KESTREL,1256.50
RO,16694,CHANON,320.00
RO,16698,BEYOND PLUS,22.00
RO,16699,RIMURON,6.00
RO,16701,,11.40
RO,16701,PLAZA,4.30
RO,16732,TUSAL,11.00
RO,16734,T34 BIOCONTROL,1.00
RO,16735,LOBETEC,8.69
RO,16742,,11.00
RO,16744,JOYSTICK,2.40
RO,16751,,100.00
RO,16751,REQUIEM prime,10.00
RO,16757,DICASH,8.00
RO,16761,DELMUR,15.00
RO,16774,ISOMATE C LR MAX TT,0.83
RO,16776,,154.50
RO,16776,ASSET FIVE,1259.25
RO,16779,TONALE,990.00
RO,16780,,720.00
RO,16780,SERENADE ASO,320.00
RO,16781,CYMBAL 35 WG,1.00
RO,16783,,1227.00
RO,16783,NICARAGUA,205.00
RO,16784,CUPROBEL TRI,490.00
RO,16785,GOLDWIND,3.60
RO,16787,,1640.00
RO,16787,CLINIC ST,3580.00
RO,16792,PROFILE PLUS,1.50
RO,16796,JOICE 55 D,956.00
RO,16797,DEMETRINA 25 EC,321.00
RO,16802,,118.00
RO,16802,ZYPAR,5721.70
RO,16802,ZYPAR LT 1,1.00
RO,16808,NEXT,59.00
RO,16813,,21.40
RO,16813,XANADU,5.90
RO,16814,TREZAC,2.00
RO,16816,,13.00
RO,16816,EXALT 25 SC,318.00
RO,16818,,84.00
RO,16818,FLUAZINOVA PLUS,90.00
RO,16819,,20.00
RO,16827,MAISOT,337.00
RO,16830,FANDANGO 360 TF,2225.00
RO,16831,GLIFENE BIOGRADE,6335.00
RO,16831,GLIFENE BIOGRADE PFnPE,2.00
RO,16833,PANTOX 360 SUPER,10864.00
RO,16833,PANTOX 360 SUPER LT 20,60.00
RO,16836,STALLION IT SYNC,40.00
RO,16841,,20.00
RO,16843,,100.00
RO,16846,VESTICOR,130.40
RO,16857,SHORTTRACK,32.00
RO,16867,,1.00
RO,16867,GLISTER STAR,1362.00
RO,16868,PACIFICA XPERT,73.50
RO,16882,,216.00
RO,16882,PROPULSE,800.00
RO,16886,,4.00
RO,16886,CLOSER,56.75
RO,16892,NEXY,0.50
RO,16895,,139.05
RO,16895,ZORVEC ENICADE,13.05
RO,16896,,25.40
RO,16896,ZORVEC ZELAVIN,8.00
RO,16897,KATOUN GOLD,40.00
RO,16902,AVIATOR XPRO,575.00
RO,16904,KIDEKA 100 SC,719.00
RO,16916,,10.00
RO,16917,LOGRADO PLUS,2507.00
RO,16925,WISH TOP,204.00
RO,16945,,102.00
RO,16945,SERCADIS,239.50
RO,16946,DARAMUN,80.00
RO,16952,DIRIMAL,15.00
RO,16957,ZORVEC VINABRIA,147.00
RO,16961,,9020.00
RO,16963,AVENOX 240,219.00
RO,16968,,305.00
RO,16968,PENDINOVA,47.00
RO,16976,,25.00
RO,16976,VITIKAPPA,1350.00
RO,16988,,350.00
RO,16988,NAIF,6490.00
RO,17003,,148.00
RO,17003,PRIAXOR,1388.00
RO,17005,CLOMATE,250.00
RO,17006,,10.00
RO,17006,MONCUT,90.00
RO,17007,ERADICOAT,80.00
RO,17014,,4.00
RO,17014,DELEGATE WDG,83.20
RO,17020,NORIOS,5.00
RO,17024,,20.00
RO,17026,,880.00
RO,17026,DUPLOSAN SUPER,150.00
RO,17038,TUAREG NEW,4877.00
RO,17038,TUAREG NEW CONF DA 1LT,3.00
RO,17049,VOYAGER,39.00
RO,17058,,2.00
RO,17058,ROMEO,15.00
RO,17060,DERBY,18.00
RO,17066,,343.00
RO,17066,PRAXIM,396.00
RO,17075,,74.39
RO,17076,GAZELLE,1056.00
RO,17078,,332.00
RO,17078,QUANTUM L,777.00
RO,17079,,2760.00
RO,17079,FORCE EVO,3080.00
RO,17081,CUPROSSIL IDRO NEW 20 WG,129.00
RO,17091,CHAMP 20 WG,60.00
RO,17093,MOSAIKO MICRO FLOW,90.00
RO,17099,ZAKEO 250 SC,213.00
RO,17112,,265.00
RO,17112,DIFCOR,172.00
RO,17115,,367.00
RO,17115,ZETROLA,769.00
RO,17116,,1410.00
RO,17116,ACTIVUS ME,3078.00
RO,17116,ACTIVUS ME LT 1,16.00
RO,17116,ACTIVUS ME LT 5,20.00
RO,17117,,16.00
RO,17117,MITOR,1043.00
RO,17121,,3.30
RO,17121,ATLANTIS ACTIV,3.30
RO,17127,NEMATYL,80.00
RO,17128,JURA EC,110.00
RO,17137,,1030.00
RO,17137,VYDATE 10G,1520.00
RO,17140,POMAX SC,5.00
RO,17164,,54.00
RO,17165,WASAN,240.00
RO,17170,BELKAP EXTRA,12.00
RO,17178,,29.00
RO,17178,TOTAL GREEN L,1780.00
RO,17203,PENDI 40,20.00
RO,17204,,20.00
RO,17205,CIDIAL,23.00
RO,17209,,65.00
RO,17209,DAVAI,1323.00
RO,17209,DAVAI LT 1,2.00
RO,17211,GENKOTSU,2.00
RO,17212,ISERAN,314.00
RO,17217,ARMICARB SPRAY PFnPE,15.00
RO,17222,CURBATUR EC 250,941.00
RO,17226,,11.67
RO,17226,CHECKMATE PUFFER FRUIT MULTI,49.43
RO,17234,MAYA 70 WG,29.00
RO,17242,NEXTER 10 SC,16.00
RO,17248,ZORVEC VINABEL,87.00
RO,17254,SIAGRAN ULTRA,8.40
RO,17261,POKER GEO,9620.00
RO,17265,,63.00
RO,17265,FILDER 500 SC,32.00
RO,17266,DELTAKILL EC,51.00
RO,17268,KUKI 70,1079.00
RO,17270,,470.00
RO,17270,ASCRA XPRO,1097.00
RO,17272,SERIFEL,24.00
RO,17275,NOTO CLASS,1083.00
RO,17278,KIDEKA,75.00
RO,17284,RODEO PLUS,13385.00
RO,17284,RODEO PLUS LT 20,120.00
RO,17284,RODEO PLUS LT 5,15.00
RO,17294,,56.70
RO,17301,DESMON,817.00
RO,17304,KAN-DOO,853.00
RO,17307,TAZER,58.00
RO,17313,,82.00
RO,17319,,593.00
RO,17319,FOXPRO,164.00
RO,17320,SENIOR 75 WG,255.50
RO,17337,,7.00
RO,17340,APHOX 50,31.50
RO,17343,ALTER 80,1.00
RO,17346,EXOSET 240 EC,1577.40
RO,17355,,13.65
RO,17358,BLAISE ULTRA,2153.00
RO,17360,,120.00
RO,17360,MAGO,2371.00
RO,17366,LOYANT 25 Neo EC,266.40
RO,17368,ALETIL DF,29.00
RO,17369,,230.00
RO,17369,ECOMIX,478.00
RO,17369,ECOMIX LT 1,5.00
RO,17371,FLARE GOLD R LIQUIDO,80.00
RO,17377,,0.99
RO,17377,REFINE SX,17.26
RO,17378,,556.20
RO,17378,GACHINKO,52.20
RO,17387,WARDEN C,28.00
RO,17388,ACARELTE GOLD,160.00
RO,17389,SHARK PF,41.50
RO,17398,,125.00
RO,17398,DOMITREL 400 CS,36.00
RO,17403,BLOSSOM PROTECT NEW,10.50
RO,17407,WINTECH,640.00
RO,17411,ATONIK,27.00
RO,17421,AGRIZOLE 250,23.00
RO,17422,,259.00
RO,17422,ENVITA SC,184.00
RO,17432,,258.00
RO,17432,AGHARTA,72.00
RO,17451,TEKKEN,1004.00
RO,17452,TARCAN,69.25
RO,17454,ENCARIT,69.00
RO,17455,PALIO,111.50
RO,17462,ORONDIS VEG,11.25
RO,17469,TAEGRO,74.00
RO,17470,LIMOCIDE,40.00
RO,17471,,84.30
RO,17471,ORDEXO,7.00
RO,17472,,358.00
RO,17472,JADE,6959.00
RO,17472,JADE LT 1,22.00
RO,17496,,426.00
RO,17496,OPTIMO WG,70.00
RO,17497,CALDERA,115.00
RO,17503,BORDOLESE 20,820.00
RO,17508,,80.00
RO,17508,POLYCOM 70 DF,5015.00
RO,17512,DELTATHRIN,20.00
RO,17513,METREX,98.50
RO,17529,MEDOR 70 WDG,93.25
RO,17531,MEXIL R FLOW,102.00
RO,17548,ENELSE,4.00
RO,17551,CYPERFOR 100 EW,4.00
RO,17552,COLUMBO PRO,540.00
RO,17586,AXIAL ONE,660.00
RO,17598,,30.62
RO,17598,AFINTO,40.20
RO,17600,INPUL,1.50
RO,17601,ANDROMEDA,546.00
RO,17612,,150.75
RO,17612,RABONA,103.50
RO,17633,TROLLER 50 SC,46.00
RO,17634,,936.00
RO,17651,,60.00
RO,17651,METAREX ONE,5.00
RO,17655,,406.00
RO,17655,EARLEX,2.00
RO,17656,BIOVIS,358.00
RO,17665,PYRUS PRO,80.00
RO,17666,PROSARO PLUS,98.00
RO,17671,,2.00
RO,17671,VENZAR SC,68.00
RO,17675,TUTATEC,30.83
RO,17680,GALILEO,92.00
RO,17683,MALLEN,5.00
RO,17687,ELTIRA,43.00
RO,17693,HATTRICK 30 WG,100.00
RO,17705,SUPERBO 18 EC,18.00
RO,17709,MIDAURIL R FLOW,340.00
RO,17730,CLIVIS MICRO,300.00
RO,17743,SHALLOW,135.00
RO,17744,CHOUCAS,5.00
RO,17745,PREDILECTO,19.00
RO,17746,,224.00
RO,17746,CLEMATIS,268.00
RO,17746,CLEMATIS LT 1,12.00
RO,17749,,11.00
RO,17749,DRONE,135.00
RO,17751,PRAKTIS,436.00
RO,17752,,190.00
RO,17752,STAVENTO,899.00
RO,17754,REVYCARE,6114.00
RO,17760,,7.48
RO,17760,NIRVANA,68.64
RO,17798,BOX,2.50
RO,17803,,310.00
RO,17803,CERERIS,605.00
RO,17805,,72.00
RO,17807,PARLEAF,582.50
RO,17807,PARLEAF LT 2.5,2.50
RO,17808,ANTENE S,163.00
RO,17813,NYMEO,230.00
RO,17824,,2238.00
RO,17824,MIRADOR TURBO,1086.00
RO,17826,,18.00
RO,17826,DOMARK 125 PLUS,298.00
RO,17840,,125.00
RO,17840,OLIOCIN PLUS,250.00
RO,17863,AFFLANK,900.00
RO,17864,PHYTON,3.10
RO,17865,,67.00
RO,17865,RIAMBA,20.00
RO,17880,,189.00
RO,17888,,74.00
RO,17888,VOLIAM,348.00
RO,17889,SIMPLY,870.00
RO,17890,GEATER MAXI,80.00
RO,17894,TRIKA ENERGY,70.00
RO,17896,FORTUNE DISPERSS,19710.00
RO,17897,MICRONOL ENERGY,1250.00
RO,17913,,2290.00
RO,17918,CORELLO 75 WG,24.00
RO,17920,,45.00
RO,17920,GHIBLI TM,507.00
RO,17921,,1920.00
RO,17921,BALAYA,255.00
RO,17923,ARNOS SC,3.00
RO,17924,,300.00
RO,17924,STRALE 250 EC,588.00
RO,17925,,70.00
RO,17932,ORO-QUIN,585.00
RO,17938,,520.00
RO,17938,CLINIC TF,10393.00
RO,17945,LUMEO,96.30
RO,17946,,447.00
RO,17947,CODAL,401.75
RO,17951,AUDACE SC,1966.85
RO,17952,PLANTIVAX SL,294.00
RO,17961,SOILGUARD 05 GR,100.00
RO,17994,SPORAMIL COMBI WP,12.00
RO,18001,,640.00
RO,18022,,3844.00
RO,18022,PROLINE PLUS,392.00
RO,18082,SERCADIS SC,85.10
RO,18084,,18790.00
RO,18092,,772.00
RO,18092,REVYSTAR XL,3191.00
RO,18092,REVYSTAR XL BEET,27.00
RO,18108,GLIALKA PLUS,625.00
RO,18109,KASKO MET,3.00
RO,18119,,1790.00
RO,18119,SINALA,35.00
RO,18125,ALLSTAR,16.00
RO,18133,TACOS,74.00
RO,18134,DOMARK CEREALI,2195.00
RO,18137,,22.00
RO,18137,REVYSION,1154.00
RO,18138,,19.00
RO,18143,QUESTAR,1290.00
RO,18143,QUESTAR T 75,60.00
RO,18148,BAGGY GOLD SC,100.00
RO,18148,BUGGY GOLD,1740.00
RO,18152,,58.00
RO,18152,NAVIGATOR,3.00
RO,18166,MERISTO,4.00
RO,18181,UNIVOQ,440.00
RO,18212,IBISCO PFnPE,1.20
RO,18213,BACILLUS CHEMIA PFnPE,0.20
RO,18216,VITIKAPPA  gr 100,0.70
RO,18216,VITIKAPPA PFnPE,5.00
RO,18222,FERRAMOL LUMACHICIDA,65.00
RO,18222,FERRAMOL PFePE,119.00
RO,18222,FERRAMOL PFnPE,1715.50
RO,18223,NATRIA LUMACHICIDA PFnPE,109.00
RO,18224,SAPULI',3125.00
RO,18229,BAC MK PFnPE,4.50
RO,18232,BORDOFLOW NEW ML50,0.35
RO,18232,BORDOFLOW NEW PFnPE,3.85
RO,18235,CIOPPER PFnPE,4.20
RO,18241,IDRORAME FLOW,10.00
RO,18241,IDRORAME FLOW PFNPE,34.00
RO,18242,LEPINOX PLUS g 10,0.84
RO,18242,LEPINOX PLUS PFEPE BIO,0.23
RO,18242,LEPINOX PLUS PFnPE,11.60
RO,18244,MOMENTUM PFnPE,5.72
RO,18245,,3.50
RO,18245,POLTIGLIA MANICA 20 WG PFnPE,41.50
RO,18251,TIOLENE PFnPE,1.00
RO,18253,VERDERAME 20 WG gr500,7.00
RO,18253,VERDERAME 20 WG PFnPE,10.00
RO,18254,ZOLVIS 80 SECTOR PFnPE,81.50
RO,18259,BARBARIAN BIOGRADE 360 PFnPE,36.00
RO,18261,BARCLAY GALLUP BIOGRADE 360 PFnPE,164.00
RO,18263,BIOLID UP PFnPE,65.20
RO,18266,COBRE NORDOX SUPER 75 WG PFnPE,2.40
RO,18269,GLIFENE BIOGRADE PF E PE,10.00
RO,18269,GLIFENE BIOGRADE PFnPE,389.50
RO,18270,GLIPHOGAN TOP CL,102.00
RO,18270,GLIPHOGAN TOP CL PFnPE,1467.50
RO,18277,SHAMAL MK PLUS CL DISERBANTE TOTALE,271.00
RO,18277,SHAMAL MK PLUS CL PFnPE,98.00
RO,18284,WANAX PFnPE,6.00
RO,18288,BEMOTIUS,24.00
RO,18319,TUTAVIR ER2,0.50
RO,18323,,12.00
RO,18323,VIBALLA SF2,49.00
RO,18325,,4.00
RO,18325,BENEVIA 2023,1.00
RO,18342,,13250.00
RO,18342,AF-X1 2023,9925.00
RO,18373,AURA 2023,50.00
RO,18383,,2.00
RO,18383,EXIREL 2023,1.00
RO,18386,,38130.00
RO,18388,GEOCLEAN 2023,205.00
RO,18389,,2400.00
RO,18426,,20.00
RO,18426,VERIMARK 2023,30.00
TV,13,,14310.00
TV,13,THIOPRON,157590.00
TV,13,THIOPRON LT 10,30.00
TV,206,,52.00
TV,206,ALBENE,588.00
TV,298,CUPRIN,20.00
TV,599,ACUPRICO 76 WG,360.00
TV,599,ACUPRICO 76 WG KG 10,30.00
TV,599,ACUPRICO 76 WG KG 5,10.00
TV,619,VALGRAN,3.00
TV,909,,50.00
TV,909,POLISOLFURO DI CALCIO POLISENIO,50.00
TV,1155,,57.00
TV,1155,CHEMOL 90 EL,18.00
TV,1156,,625.00
TV,1156,CHEMOL,1870.00
TV,1156,CHEMOL LT 1,44.00
TV,1156,CHEMOL LT 25,600.00
TV,1156,CHEMOL LT 5,175.00
TV,1573,BASAMID GRANULAT,460.00
TV,1583,,49289.00
TV,1583,MICROTHIOL DISPERSS,426677.00
TV,1583,MICROTHIOL DISPERSS DA 15 CHILI,915.00
TV,1583,MICROTHIOL DISPERSS KG 15,285.00
TV,1850,,270.00
TV,1850,IDRORAME FLOW,1548.00
TV,1903,SULFURENE,50.00
TV,1936,,7180.00
TV,1936,LIQUIZOL M,19270.00
TV,2191,WETTING PLUS,335.00
TV,2259,PASTA LUMACHICIDA IN GRANI,15.00
TV,2291,,72.00
TV,2291,ESCA REGINA N,198.50
TV,2291,ESCA REGINA N PFnPE,15.00
TV,2307,VECTOR,7522.00
TV,2353,,16.00
TV,2353,BONALAN,1627.00
TV,2353,BONALAN LT 1,45.00
TV,2353,BONALAN LT 5,145.00
TV,2518,ACTELLIC 2/P,0.20
TV,2732,,65.00
TV,2732,GOLTIX,13.00
TV,2923,,4534.00
TV,2923,TIOVIT JET,78085.00
TV,2923,TIOVIT JET DA 1 CHILO,383.00
TV,2923,TIOVIT JET DA 10 CHILI,180.00
TV,2923,TIOVIT JET DA 25 CHILI,1025.00
TV,2923,TIOVIT JET KG 1,98.00
TV,2923,TIOVIT JET KG 10,290.00
TV,2923,TIOVIT JET KG 25,1025.00
TV,3065,OLIOCIN,275.00
TV,3102,OLEOTER,577.50
TV,3102,OLEOTER PFnPE,5.50
TV,3132,SEPR-OIL,1.25
TV,3182,,228.00
TV,3182,AFITIN L,17.00
TV,3343,,22.00
TV,3343,U46 M CLASS,1292.00
TV,3412,,93.00
TV,3412,SYLLIT 65,129.00
TV,3486,TRISCABOL DG,45.00
TV,3503,,35.00
TV,3503,AGRUMIN,4850.00
TV,3503,AGRUMIN LT 20,10.00
TV,3553,CURZATE,224.00
TV,3640,CUPROSTAR,1380.00
TV,3658,SIPCAMOL E,0.25
TV,3754,BAGNANTE SARIAF,14.00
TV,3767,,38.00
TV,3767,FENOXILENE 200,307.00
TV,4701,PIRIMOR 50,27.00
TV,4710,,72.00
TV,4710,ALIETTE,1929.00
TV,4710,ALIETTE KG 6,84.00
TV,4710,ALIETTE PFnPE,66.00
TV,4896,RIGENAL P,1.10
TV,5152,TIOSPOR WG,16711.00
TV,5299,MIBIOL,8.00
TV,5414,RADICANTE POLVERE TALEE LEGNOSE,0.30
TV,5574,LUMAKIDIN 5G,160.00
TV,6136,GERMON L,21.50
TV,6321,STIMOLANTE 66F,1.02
TV,6322,OBSTHORMON 24A,6.00
TV,6389,DUECI-FITO RADICANTE,1.20
TV,6437,ETHREL,112.00
TV,6438,BI-FEN,16.00
TV,6556,K-OBIOL DP2,186.00
TV,6834,,1640.00
TV,6834,TEPETA COMBI FLOW,5610.00
TV,6873,IDRORAME 193,14.00
TV,6945,TOPAS 10 EC,158.25
TV,6956,TARGA FLO,9.00
TV,7020,,570.00
TV,7020,BAGNANTE CIFO,3283.00
TV,7053,PASTA CAFFARO NC,584.50
TV,7055,PASTA CAFFARO BLU,10.00
TV,7055,PASTA CAFFARO BLU PFnPE,3.00
TV,7368,,2.00
TV,7368,TURFENE L,622.00
TV,7379,VENZAR,11.00
TV,7401,POLTIGLIA CAFFARO 20 DF NEW,60.00
TV,7411,,0.50
TV,7541,APOLLO SC,2.55
TV,7700,,1.00
TV,7700,MATACAR FL,19.00
TV,7736,ZOLFO SCORREVOLE TRIVENTILATO 95% S,13050.00
TV,7737,,200.00
TV,7764,,3580.00
TV,7764,TIOLENE,18595.00
TV,7911,,1283.00
TV,7911,AIRONE EXTRA,12531.00
TV,7911,AIRONE EXTRA KG 10,120.00
TV,7916,,18576.00
TV,7916,POLYRAM DF,105631.00
TV,7916,POLYRAM DF DA 2 CHILI,122.00
TV,7916,POLYRAM DF DA 25 CHILI,75.00
TV,7916,POLYRAM DF KG 10,25.00
TV,7916,POLYRAM DF KG 2,62.00
TV,7919,,370.00
TV,7919,TOUCHDOWN,1895.00
TV,7922,,25.00
TV,7922,OPALENE FLUID,5.50
TV,7930,,76.00
TV,7930,KERB FLO,1866.00
TV,7961,RIZOLEX  GOLD,12.00
TV,7983,ZODIAC DFF,90.00
TV,7984,STRATOS,2.00
TV,8023,SUMIALFA ECHO,5.00
TV,8102,,255.00
TV,8102,MERPAN 80 WDG,1629.00
TV,8139,,54.00
TV,8146,,23.00
TV,8146,GALLERY,432.50
TV,8146,GALLERY ML 500,1.00
TV,8184,CHALLENGE,385.00
TV,8225,BLUE SHIELD HI BIO,9550.00
TV,8259,,86.00
TV,8259,LAMDEX EXTRA,347.00
TV,8320,DELFIN,42.00
TV,8376,ARIANE II,103.00
TV,8376,ARIANE II LT 1,76.00
TV,8376,ARIANE II LT 5,90.00
TV,8382,ROUNDUP BIOFLOW,7.50
TV,8498,,4.00
TV,8498,FOLICUR WG,255.50
TV,8498,FOLICUR WG GR 500,57.00
TV,8542,,24.00
TV,8542,FORUM 50 WP,369.00
TV,8546,DANITRON,2.00
TV,8581,,60.00
TV,8581,FOLIANE SC,3010.00
TV,8599,GOLD BEET,780.00
TV,8601,,16837.00
TV,8601,FOLPAN 80 WDG,36805.00
TV,8601,FOLPAN 80 WDG DA 5 CHILI,25.00
TV,8601,FOLPAN 80 WDG KG 1,14.00
TV,8601,FOLPAN 80 WDG KG 5,40.00
TV,8656,,2045.00
TV,8656,GLIFENE HP,9366.00
TV,8656,GLIFENE HP LT 1,60.00
TV,8656,GLIFENE HP LT 20,540.00
TV,8656,GLIFENE HP LT 5,255.00
TV,8656,GLIFENE HP PFnPE,100.00
TV,8661,KENTAN DF,240.00
TV,8706,AMID THIN W,8.50
TV,8715,DIRAMID,14.00
TV,8735,,1934.00
TV,8735,TREBON UP,11387.50
TV,8735,TREBON UP 0.5,17.50
TV,8735,TREBON UP DA 0.5 LITRI,10.00
TV,8735,TREBON UP ML 500,61.00
TV,8795,,4.50
TV,8795,VERTIMEC EC,170.00
TV,8801,,136.00
TV,8801,SCORE 25 EC,1471.75
TV,8836,MIMIC,170.00
TV,8837,GERMON BEWURZELUNGSPUDER PER TALEE ,0.10
TV,8838,GERMON BEWURZELUNGSPUDER PER TALEE ,0.70
TV,8874,ETOFUM - FL,123.00
TV,8882,,79.00
TV,8882,ULTRA FINE OIL,719.00
TV,8886,SAFARI,7.68
TV,8888,PRIDE ULTRA,16.00
TV,8899,,1300.00
TV,8899,ZOLFO VENTILATO RAMATO 5%,4825.00
TV,8900,ZOLFO VENTILATO RAMATO 3%,225.00
TV,8933,SOLEAS,1.00
TV,8934,,106.00
TV,8934,SCALA,487.00
TV,8937,,8.00
TV,8937,SHIRUDO,153.70
TV,9005,,255.00
TV,9005,AGIL,2007.00
TV,9005,AGIL DA 5 LITRI,5.00
TV,9005,AGIL ERBICIDA PROPAQUIZAFOS LT 1,6.00
TV,9005,AGIL ERBICIDA PROPAQUIZAFOS LT 5,5.00
TV,9005,AGIL LT 1,84.00
TV,9005,AGIL LT 5,295.00
TV,9010,RAMEZIN COMBI WG,230.00
TV,9012,CUPROCAFFARO MICRO,3037.00
TV,9126,CONCORDE COMBI,170.50
TV,9148,SYLLIT 400 SC,8.00
TV,9210,,2290.00
TV,9210,QUADRIS,18132.00
TV,9210,QUADRIS DA 1 LITRO,39.00
TV,9210,QUADRIS LT 1,95.00
TV,9244,,170.00
TV,9244,ZIRAMIT 76 WG,90.00
TV,9280,TOPAS 200 EW,53.00
TV,9286,OHAYO,92.00
TV,9342,DELTRIN,104.00
TV,9342,DELTRIN PFnPE,30.50
TV,9373,CHORUS,7.00
TV,9411,RADIP ORMON,2.20
TV,9422,,153.00
TV,9422,EVADE,1363.50
TV,9422,EVADE LT 1,70.00
TV,9422,EVADE LT 5,170.00
TV,9448,RIFLE 3-18 R BLU,1003.00
TV,9449,EMERALD COMBI,18.00
TV,9509,PROMALIN NT,8.00
TV,9569,,24.00
TV,9569,ZETARAM 3B FL,2674.00
TV,9575,DRIBBLING 240 EC,180.00
TV,9578,,1004.25
TV,9578,SWITCH,7414.50
TV,9578,SWITCH DA 0.250 CHILI,0.75
TV,9578,SWITCH DA 1 CHILO,6.00
TV,9578,SWITCH KG 1,4.00
TV,9627,SOLUTION 20 DISPERSS,2700.00
TV,9655,PRIMIAL WG,2.00
TV,9679,,3.00
TV,9679,KRISTAL 32 WG,1.00
TV,9695,PERLAN,7.50
TV,9705,,6.00
TV,9705,PREVITER,1217.00
TV,9723,DE-SPROUT N,10.00
TV,9724,TIOWETTING DF,14501.00
TV,9744,,415.00
TV,9744,SCORE 10 WG,2264.00
TV,9757,,1.00
TV,9757,SPYRALE,153.00
TV,9790,CONTATTO 320,204.00
TV,9794,PLANET C,10.00
TV,9800,,601.15
TV,9800,MAVRIK SMART,5038.65
TV,9800,MAVRIK SMART LT 0.15,4.35
TV,9800,MAVRIK SMART LT 1,8.00
TV,9809,MALVIN 80 WG,7.00
TV,9843,,36.00
TV,9843,BASAGRAN SG,375.50
TV,9843,BASAGRAN SG KG 3,18.00
TV,9872,AKRIS,420.00
TV,9952,COLZANET,2.00
TV,9954,,499.00
TV,9954,JOKER,4065.00
TV,9954,JOKER LT 1,92.00
TV,9954,JOKER LT 5,40.00
TV,10048,,2875.00
TV,10048,KUMULUS TECNO,46575.00
TV,10105,,1.00
TV,10105,RIDOMIL GOLD SL,58.00
TV,10109,APRON XL,10.00
TV,10117,,617.00
TV,10117,STRATOS ULTRA,10205.00
TV,10117,STRATOS ULTRA LT 1,20.00
TV,10117,STRATOS ULTRA LT 5,25.00
TV,10118,,5.00
TV,10118,AMISTAR,280.00
TV,10142,VERNOIL,200.00
TV,10158,PIREFLOR,632.00
TV,10161,,6.00
TV,10161,ORTIVA,454.00
TV,10175,SPORAMIL R FLOW,1356.00
TV,10209,,6.00
TV,10209,GLYFOS ULTRA,3.00
TV,10226,NOXIS M,20.00
TV,10263,DRIVER,8.00
TV,10296,,93.00
TV,10305,,96.00
TV,10305,OIKOS,683.00
TV,10306,,15.00
TV,10306,MISTRAL,266.00
TV,10350,,9.00
TV,10350,BLAST SG,54.00
TV,10350,BLAST SG KG 3,21.00
TV,10357,RIGRON SG,12.00
TV,10381,,0.05
TV,10381,CONCORDE 40 EW,44.00
TV,10415,ARIC 480 LS,142.00
TV,10423,,4.00
TV,10423,LUMACHICIDA VEBI,295.00
TV,10425,SCUDEX,83.50
TV,10439,,33.00
TV,10439,SPRAY DUNGER GLOBAL,654.00
TV,10461,DICOTURF,5.00
TV,10474,TERDIM,135.00
TV,10479,,791.00
TV,10479,NATURALIS,594.00
TV,10573,,580.00
TV,10573,KOCIDE 2000,11021.00
TV,10573,KOCIDE 2000 DA 1 KG,63.00
TV,10573,KOCIDE 2000 KG 10,100.00
TV,10585,,155.00
TV,10585,SULCOTREK,1776.50
TV,10588,,1420.00
TV,10588,BIOPIREN PLUS,2519.00
TV,10604,,84.00
TV,10604,EMERALD 40 EW,502.80
TV,10627,FRUPICA,13.00
TV,10632,,30.00
TV,10632,COBRE NORDOX SUPER 75 WG,526.00
TV,10647,,100.00
TV,10701,,394.00
TV,10701,CUMETA FLOW,14575.50
TV,10734,,661.00
TV,10734,DUAL GOLD,6230.70
TV,10734,DUAL GOLD LT 1,28.00
TV,10735,,241.00
TV,10735,PRIMAGRAM GOLD,5084.00
TV,10735,PRIMAGRAM GOLD LT 1,70.00
TV,10735,PRIMAGRAM GOLD LT 20,160.00
TV,10735,PRIMAGRAM GOLD LT 5,90.00
TV,10741,,35.00
TV,10741,METACINQUE,1925.00
TV,10741,METACINQUE PFnPE,10.00
TV,10771,,266.00
TV,10771,MOST MICRO,3280.20
TV,10771,MOST MICRO LT 1,15.00
TV,10771,MOST MICRO LT 5,295.00
TV,10890,,65.00
TV,10890,FLiPPER,2597.60
TV,10890,FLiPPER PFnPE,28.90
TV,10926,,1.00
TV,10926,ALTOREX,337.00
TV,10926,ALTOREX LT 1,1.00
TV,10929,,35.55
TV,10929,CHIKARA 25 WG,93.30
TV,10929,CHIKARA 25 WG GR 50,0.10
TV,10944,,131.00
TV,10944,KARATE ZEON,633.50
TV,10948,VITISAN WG,102.50
TV,10976,,318.00
TV,10976,METEOR,5786.00
TV,10976,METEOR LT 1,22.00
TV,10976,METEOR PFnPE,6.00
TV,10999,BETANAL SE,182.00
TV,11011,,183.00
TV,11011,DASH HC,1542.00
TV,11011,DASH HC LT 1,2.00
TV,11013,CiOPPER,5.00
TV,11041,METIX COMBI,30.00
TV,11044,TUREX,26.00
TV,11059,BIOPOWER,360.00
TV,11062,,30.50
TV,11062,BION 50 WG,58.50
TV,11062,BION 50 WG GR 500,2.50
TV,11070,TIOGOLD DISPERSS,318915.00
TV,11102,,19320.00
TV,11102,HELIOSOUFRE S,7992.00
TV,11107,,135.00
TV,11107,ECO-TRAP,5.00
TV,11119,,358.50
TV,11119,FLINT,2398.25
TV,11120,ZENITH,37.00
TV,11133,,17.00
TV,11133,SHELTER,3408.00
TV,11133,SHELTER DA 0.5 CHILI,1.50
TV,11150,,2075.00
TV,11150,ALL SEASONS,2800.00
TV,11150,ALL SEASONS LT 25,100.00
TV,11183,PROGERBALIN LG,0.50
TV,11197,,410.00
TV,11197,VITENE 45 WG,699.00
TV,11206,,102.50
TV,11206,CODACIDE,6539.50
TV,11206,CODACIDE DA 2.5 LITRI,12.50
TV,11206,CODACIDE LT 10,190.00
TV,11206,CODACIDE LT 2.50,57.50
TV,11243,,261.00
TV,11243,LEOPARD 5 EC,5194.00
TV,11243,LEOPARD 5 EC LT 1,30.00
TV,11252,CONTANS WG,32.00
TV,11252,CONTANS WG KG 4,76.00
TV,11252,LALSTOP Contans WG,28.00
TV,11253,,5.00
TV,11253,CALLISTO,4.00
TV,11255,DIVAM FLOW,781.00
TV,11257,COSTAR WG,488.25
TV,11257,COSTAR WG GR 750,7.50
TV,11258,FAZOR STAR,60.00
TV,11299,OKLAHOMA,150.00
TV,11303,,200.00
TV,11303,CHAMP DP,390.00
TV,11341,,259.00
TV,11341,STARANE GOLD,3405.50
TV,11341,STARANE GOLD DA 1 LITRO,10.00
TV,11353,,338.00
TV,11353,FUSILADE MAX,496.00
TV,11393,BEETLE,2.00
TV,11402,MELODY COMBI,100.00
TV,11416,OVIPRON TOP,97.00
TV,11449,GARDOPRIM GOLD,1715.00
TV,11479,,1.00
TV,11479,BRANCHER DIRADO,27.00
TV,11497,CRITTOVIT WG,8903.00
TV,11501,PARIFOL,606.00
TV,11505,READY GERMIDRIPLUS,189.00
TV,11505,READY GERMIPLUS,714.00
TV,11505,READY GERMIPLUS KG 7,1148.00
TV,11525,FUNGIDINA 400 SC,23.00
TV,11526,,18.00
TV,11526,SULTAN,1030.00
TV,11561,,1.00
TV,11561,NEEMAZAL T/S,87.00
TV,11569,,40.00
TV,11569,CUPROXAT SDI,2342.00
TV,11611,,5.00
TV,11611,VYDATE 10L,10.00
TV,11619,TIOFLOR WDG,446.00
TV,11637,,90.00
TV,11637,CUPROFIX C DISPERSS,450.00
TV,11648,AZACTIVA,0.30
TV,11649,COMMAND 36 CS,141.80
TV,11654,,9.00
TV,11654,VERIN,141.00
TV,11660,SHOGUN,2.00
TV,11687,,30.00
TV,11690,GOAL 480 SC,96.00
TV,11693,,16.00
TV,11693,LASER,202.45
TV,11693,LASER ML 500,9.00
TV,11711,,2330.00
TV,11711,MEXIRAM HI BIO,26270.00
TV,11711,MEXIRAM HI BIO KG 10,30.00
TV,11735,DELICIA CONTRA-LUMACHE,35.00
TV,11760,,4980.00
TV,11760,POLITHIOL,39020.00
TV,11762,,10.00
TV,11762,FORUM STAR,160.00
TV,11767,BIG MAIS,12.00
TV,11779,KOP-TWIN,1990.00
TV,11786,,1.83
TV,11786,AQ 10 WG,107.83
TV,11786,AQ 10 WG GR 30,0.12
TV,11789,MANAGER,1.00
TV,11793,,4.00
TV,11793,XENTARI WG,10.00
TV,11802,TETRACAP 80 DG,1.00
TV,11852,SEVEN,1.68
TV,11852,SEVEN PFnPE,36.00
TV,11854,BUGGY TF,92.00
TV,11857,,570.00
TV,11857,MIDAURIL COMBI,1705.00
TV,11872,RIFLE 3-18-R,951.00
TV,11908,VENTUREX 400 SC,4.00
TV,11908,VENTUREX 400 SC LT 1,49.00
TV,11908,VENTUREX 400 SC LT 5,55.00
TV,11944,,10.00
TV,11944,ASPECT,75.00
TV,11991,,38.00
TV,11991,NEEMIK TEN,7.00
TV,11999,,3960.00
TV,11999,BUSSOLA WG NC,60.00
TV,12010,TUAREG,42.00
TV,12020,SUCCESS,3.88
TV,12023,KLARTAN SMART,3.00
TV,12025,GERBATHIN 2 LG,27.00
TV,12037,CAMIX,340.00
TV,12041,,601.00
TV,12041,MARTOS,126.00
TV,12043,PREVICUR ENERGY,85.00
TV,12043,PREVICUR ENERGY LT 1,17.00
TV,12043,PREVICUR ENERGY LT 5,35.00
TV,12043,PREVICUR ENERGY PFnPE,1.00
TV,12044,CURZATE SYSTEM,1097.50
TV,12044,CURZATE SYSTEM 2.5 CHILI,10.00
TV,12048,,111.00
TV,12048,TIOSOL 80 WG,24748.00
TV,12067,CIPER,4.00
TV,12078,METALIM,16.00
TV,12096,,19890.00
TV,12096,POLTIGLIA DISPERSS,98553.00
TV,12096,POLTIGLIA DISPERSS  DA 15 CHILI,45.00
TV,12096,POLTIGLIA DISPERSS KG 15,60.00
TV,12100,,35.00
TV,12100,ASSET DUO,20.00
TV,12106,,167.00
TV,12106,TALENDO,531.00
TV,12106,TALENDO LT 1,1.00
TV,12114,AUXIGER LG,34.40
TV,12133,JUVINAL GOLD,21.00
TV,12156,MAKE UP 80 WDG,1.00
TV,12170,,7080.00
TV,12170,HELIOCUIVRE,5400.00
TV,12172,FERRAMOL,210.00
TV,12172,FERRAMOL PFnPE,449.00
TV,12202,ZEMIX R WG,11.00
TV,12225,,35.50
TV,12225,TEPPEKI,32.56
TV,12235,FERRAMOL ESCA LUMACHICIDA (PFnPO),8.40
TV,12235,FERRAMOL ESCA LUMACHICIDA PFnPO,3.00
TV,12285,,258.00
TV,12285,FORUM GOLD,1614.00
TV,12319,KRONOS,325.00
TV,12323,VEBIZOLFO WG,1.50
TV,12374,,880.00
TV,12381,,625.00
TV,12381,NU-FILM-P,1279.00
TV,12437,,1.00
TV,12437,DELAN 70 WG,246.00
TV,12452,,50.00
TV,12452,EQUIP,38.00
TV,12453,,270.00
TV,12453,MILDICUT,5777.00
TV,12453,MILDICUT DA 15 LITRI,15.00
TV,12455,DAZIDE ENHANCE,48.00
TV,12461,FINALSAN ERBICIDA PROFESSIONAL,2.00
TV,12482,,610.00
TV,12482,LUMAX,22435.00
TV,12482,LUMAX LT 20,1520.00
TV,12482,LUMAX LT 5,375.00
TV,12491,CIPERTHRIN PLUS,5.00
TV,12522,METRO,0.50
TV,12528,,119.00
TV,12528,CABRIO TOP,4897.00
TV,12528,CABRIO TOP DA 5 CHILI,5.00
TV,12528,CABRIO TOP KG 1,5.00
TV,12528,CABRIO TOP KG 3,20.00
TV,12529,,46.00
TV,12529,TUCANA 25 EC,320.00
TV,12529,TUCANA 25 EC DA 1 LITRO,14.00
TV,12529,TUCANA 25 EC LT 1,2.00
TV,12534,,19.00
TV,12534,FOXTAIL,376.50
TV,12548,,21.00
TV,12548,XANILO 45 WG,701.00
TV,12566,,125.10
TV,12566,PYGANIC 14,545.00
TV,12568,SPRINTEX NEW L,12.00
TV,12590,DIASTAR MAXI,3580.00
TV,12622,,396.50
TV,12622,QUANTUM,97.00
TV,12622,QUANTUM GR 500,0.50
TV,12622,QUANTUM KG 0.5,5.00
TV,12625,EFUZIN 355 SC,2.00
TV,12628,SERENADE MAX,22.00
TV,12636,QUASAR 6-24 R,170.00
TV,12644,ALTIX,20.00
TV,12647,GLITTER,304.00
TV,12647,GLITTER LT 1,85.00
TV,12647,GLITTER LT 5,300.00
TV,12662,METAFOL 700 SC,215.00
TV,12671,,105.76
TV,12671,HARMONY 50 SX,58.23
TV,12671,HARMONY 50 SX DA 0.016 CHILI,0.03
TV,12671,HARMONY 50 SX GR 20,4.14
TV,12737,,7873.00
TV,12737,AIRONE PIU',21734.00
TV,12738,KING 360 HP,4269.00
TV,12748,GRIFON PIU',8898.00
TV,12754,VERDRAM HI BIO,1141.00
TV,12756,,17.00
TV,12756,Dicotex,311.00
TV,12759,OSSICLOR 35 WG,1296.00
TV,12759,OSSICLOR 35 WG PFnPE,4.50
TV,12768,,40.00
TV,12768,SPINTOR FLY,66.00
TV,12770,ALAR 85 GOLD,27.00
TV,12779,RAMEDIT COMBI WG,700.00
TV,12792,,24.00
TV,12792,MAGIC TANDEM,165.00
TV,12806,FEDOR,531.00
TV,12828,SITOFEX,159.00
TV,12831,INSIGNIA,30.00
TV,12833,ISOMATE C/OFM,1.00
TV,12835,,35.60
TV,12835,ISONET LE,419.00
TV,12842,MENNO Florades,560.00
TV,12859,BORNEO,6.64
TV,12860,MILBEKNOCK,14.00
TV,12862,,70.00
TV,12862,CANTUS,716.00
TV,12866,COLLIS,20.00
TV,12868,BELLIS,56.00
TV,12869,,89.00
TV,12869,SIGNUM,2200.00
TV,12873,FANTIC F WG,2465.00
TV,12878,,8826.00
TV,12878,FOLPAN GOLD,45432.00
TV,12878,FOLPAN GOLD DA 5 CHILI,30.00
TV,12878,FOLPAN GOLD KG 1,11.00
TV,12878,FOLPAN GOLD KG 5,20.00
TV,12883,,1450.00
TV,12883,PROSPER 300 CS,2978.00
TV,12883,PROSPER 300 CS DA 1 LITRO,25.00
TV,12883,PROSPER 300 CS LT 1,7.00
TV,12886,,2006.00
TV,12886,KARATHANE STAR,13826.00
TV,12886,KARATHANE STAR  DA 1 LITRO,13.00
TV,12886,KARATHANE STAR LT 1,13.00
TV,12888,,64.00
TV,12888,LEPINOX PLUS,166.00
TV,12889,AVOGADRO,9.20
TV,12916,SACRON 45 W,426.00
TV,12933,,198.00
TV,12940,,55.00
TV,12940,KARATE ZEON 15,723.00
TV,12949,,6695.00
TV,12949,AZUPEC 80 WG,36820.00
TV,12960,STARPROP,10.00
TV,12961,HEREU,5.00
TV,12994,VIVER ELITE WG,321.50
TV,13012,,4935.00
TV,13012,FOLVIT 80 WDG,54989.00
TV,13012,FOLVIT 80 WDG KG 5,75.00
TV,13018,,47.00
TV,13018,GONDOR,179.00
TV,13020,MICRORAM 35 WG,219.70
TV,13020,MICRORAM 35 WG PFnPE,1.80
TV,13061,,91.00
TV,13061,BIOBIT DF,222.00
TV,13064,,2169.00
TV,13064,VITENE ULTRA SC,6772.50
TV,13065,,445.50
TV,13065,DOMARK 125,517.50
TV,13065,DOMARK 125 PFnPE,0.25
TV,13068,NEORAM WG,140.00
TV,13083,,590.00
TV,13083,CURZATE EFFE,1185.00
TV,13084,,315.00
TV,13084,TELDOR PLUS,2007.00
TV,13093,,225.00
TV,13093,STOMP AQUA,1192.00
TV,13093,STOMP AQUA LT 1,89.00
TV,13093,STOMP AQUA LT 5,30.00
TV,13098,,20.00
TV,13098,ROUNDUP POWER 20,3133.00
TV,13098,ROUNDUP POWER 20 PFnPE,3.50
TV,13108,,5485.00
TV,13108,CURAME BORDEAUX,6760.00
TV,13116,,31.00
TV,13116,MEDOR 35 CLASS,64.00
TV,13120,MYSTIC 430 SC,60.00
TV,13126,,1.00
TV,13126,CABRIO DUO,191.00
TV,13127,VALIS F,544.00
TV,13149,,5.00
TV,13149,POLTIGLIA MANICA 20 WG,858.50
TV,13149,POLTIGLIA MANICA 20 WG KG 1,47.00
TV,13149,POLTIGLIA MANICA 20 WG PFnPE,15.00
TV,13150,CURAME 25 WG,1332.00
TV,13152,,60.00
TV,13152,OPTIX R DISPERSS,6956.00
TV,13154,,38.00
TV,13154,MONDAK 480 S,328.00
TV,13156,CAMBEL 480 S,95.00
TV,13158,,32.00
TV,13158,REMEDIER,919.00
TV,13159,PRIMIAL,231.00
TV,13160,,2656.00
TV,13160,FORUM TOP,26356.00
TV,13160,FORUM TOP KG 1,29.00
TV,13160,FORUM TOP KG 5,130.00
TV,13168,,87.00
TV,13168,LAUDIS,1448.00
TV,13179,PLAYER COMBI SC,5.00
TV,13205,,2150.00
TV,13205,ZOLFO MANICA SCORREVOLE DOPPIO RAFF,21435.00
TV,13211,ZOLFO VENTILATO SCORREVOLE 96%,1650.00
TV,13213,,3191.00
TV,13213,R6 ERRESEI ALBIS,22374.00
TV,13213,R6 ERRESEI ALBIS KG 1,3.00
TV,13213,R6 ERRESEI ALBIS KG 10,20.00
TV,13218,FINALSAN PLUS,2120.00
TV,13236,,162.00
TV,13236,BULLET,670.00
TV,13236,BULLET LT 1,97.00
TV,13236,BULLET LT 5,85.00
TV,13242,,82.00
TV,13242,NICOGAN VO,4744.50
TV,13242,NICOGAN VO DA 1 LITRO,2.00
TV,13242,NICOGAN VO LT 1,12.00
TV,13242,NICOGAN VO LT 5,65.00
TV,13244,,350.00
TV,13244,ZOLFO VENTILATO STELLA,14185.00
TV,13249,,300.00
TV,13249,ZOLFO VENTILATO STELLA RAMATO S,2950.00
TV,13250,ZOLFO VENTILATO STELLA RAMATO B,1535.00
TV,13252,PLAYER 250 SC,1125.00
TV,13253,PLAYER SC,1115.00
TV,13254,PLAYER 25 WG,12.00
TV,13255,Player GR,126.00
TV,13255,PLAYER GR KG 7,49.00
TV,13263,BORDORAM 20 WG,147.40
TV,13263,BORDORAM 20 WG PFnPE,65.70
TV,13285,SEVERAL,1977.00
TV,13290,,2005.12
TV,13290,ZOLFO MANICA DOPPIO RAFFINATO VENTI,15870.00
TV,13298,QUANTUM F,20.00
TV,13299,MAGIO',2.00
TV,13308,DICARZOL 10 SP,6.00
TV,13313,CASPER,90.00
TV,13327,,6.10
TV,13327,GRANSTAR ULTRA SX,76.55
TV,13327,GRANSTAR ULTRA SX GR 200,4.00
TV,13327,GRANSTAR ULTRA SX GR 50,1.50
TV,13335,,12.00
TV,13367,DIVO,7.00
TV,13377,COLUMBUS,114.00
TV,13377,COLUMBUS LT 3,39.00
TV,13382,,2385.00
TV,13382,PERGADO SC,9470.00
TV,13382,PERGADO SC DA 0.5 LITRI,22.50
TV,13382,PERGADO SC DA 1 LITRO,27.00
TV,13382,PERGADO SC ML 500,10.50
TV,13386,,1.00
TV,13386,PROSARO,1301.00
TV,13387,,13.78
TV,13387,FLORAMIX,105.47
TV,13387,FLORAMIX GR 530,17.49
TV,13388,BROADWAY,176.00
TV,13389,,1292.00
TV,13389,AFFIRM,10023.00
TV,13389,AFFIRM KG 1,24.00
TV,13389,AFFIRM KG 10,40.00
TV,13389,AFFIRM KG 5,35.00
TV,13391,CYTHRIN 50 EC,228.00
TV,13405,,23.00
TV,13430,TENOR SC,9.60
TV,13451,SPARVIERO,36.00
TV,13455,,426.00
TV,13455,ANTIGRAM GOLD,3695.00
TV,13455,ANTIGRAM GOLD DA 1 LITRO,1.00
TV,13455,ANTIGRAM GOLD LT 1,87.00
TV,13455,ANTIGRAM GOLD LT 20,60.00
TV,13455,ANTIGRAM GOLD LT 5,170.00
TV,13466,,558.00
TV,13466,SPOTLIGHT PLUS,8961.00
TV,13468,CLINER PFnPE,1.50
TV,13471,,70.00
TV,13471,NICOZEA OD,69.00
TV,13472,,3.00
TV,13472,ALIEN,38.00
TV,13485,,16715.00
TV,13485,FOLPEC 80 WG ADVANCE,43587.00
TV,13485,FOLPEC 80 WG ADVANCE KG 1,12.00
TV,13485,FOLPEC 80 WG ADVANCE KG 10,40.00
TV,13486,JUDO,17.00
TV,13489,,219.00
TV,13489,CYMBAL,2233.00
TV,13491,CYMBAL 45 WG,5.00
TV,13540,,1810.00
TV,13540,QUASAR R FLOW,4267.00
TV,13552,,5250.00
TV,13552,ZOLFIS 80,5.00
TV,13552,ZOLVIS 80 SECTOR,9401.50
TV,13560,FORZA,104.00
TV,13576,,2.00
TV,13576,RAMEPLANT WG PFnPE,36.00
TV,13578,RAME CAFFARO BLU WG NEW,620.00
TV,13585,SOLOFOL,25885.00
TV,13586,,600.00
TV,13586,VERDERAME 20 WG,820.00
TV,13592,VOLARE,225.00
TV,13600,,400.00
TV,13600,ZOLFO SAIM DOPPIO VENTILATO SCO,7595.00
TV,13604,,275.00
TV,13604,ZOLFO SAIM RAFFINATO DOPPIO VEN,2280.00
TV,13635,POLTIGLIA 20 PB MANICA,370.00
TV,13635,POLTIGLIA 20 PB MANICA PFnPE,2.00
TV,13637,,855.00
TV,13637,PERGADO F,9853.00
TV,13647,NEORAM BLU WG,150.00
TV,13651,SPECTRO,8.00
TV,13689,,0.50
TV,13689,FLINT MAX,25.00
TV,13689,FLINT MAX GR 500,6.00
TV,13693,BACILLUS CHEMIA,11.00
TV,13698,,512.50
TV,13698,VIVANDO,4041.25
TV,13698,VIVANDO DA 0.250 LITRI,9.25
TV,13698,VIVANDO DA 1 LITRO,5.00
TV,13700,ATLANTIS PRO,112.50
TV,13714,,6540.00
TV,13714,FOLPEC 50 SC,10875.00
TV,13719,,50.00
TV,13719,THIAMON 80 PLUS,5925.00
TV,13741,SELECTA DISPERSS,5.00
TV,13753,GAL-GONE,371.00
TV,13771,NIMROD 250 EW,108.00
TV,13792,,11.00
TV,13792,STABILAN,98.00
TV,13796,,60.00
TV,13796,CELL,2479.00
TV,13809,,260.00
TV,13809,FORCE ULTRA,109360.00
TV,13809,FORCE ULTRA DA 10 CHILI,180.00
TV,13809,FORCE ULTRA KG 10,40.00
TV,13812,NOTO 40 OD,2.00
TV,13823,ALVERDE,25.00
TV,13838,XEDAVIR,3.75
TV,13838,XEDAVIR PFnPE,1.25
TV,13841,,840.00
TV,13841,FOCUS ULTRA,1456.00
TV,13841,FOCUS ULTRA LT 1,20.00
TV,13841,FOCUS ULTRA LT 5,65.00
TV,13888,,1351.00
TV,13888,FANTIC F NC WG,6215.00
TV,13895,,50.00
TV,13895,SAVIRAN STAR,1100.00
TV,13905,,59.00
TV,13905,BANJO,211.00
TV,13926,,122.50
TV,13926,SPONSOR,388.50
TV,13927,ZAMIR 18,637.50
TV,13930,MARINS 200 CLASS,52.00
TV,13955,SUDOKU,47.00
TV,13981,,53.85
TV,13981,CORAGEN,530.80
TV,13983,HUSSAR MAXX PRO,3.00
TV,13998,,89.00
TV,13998,PYRUS 400 SC,607.00
TV,14018,BASIC,81.00
TV,14018,BASIC DA 1 LITRO,24.00
TV,14020,LIDAL,143.00
TV,14020,LIDAL DA 1 LITRO,32.00
TV,14024,PERFIL 10 WP,23.50
TV,14044,JOKER 480,139.00
TV,14058,,110.50
TV,14058,FEINZIN 70 DF,2243.00
TV,14058,FEINZIN 70 DF 0.25,6.75
TV,14058,FEINZIN 70 DF DA 0.250 CHILI,2.75
TV,14058,FEINZIN 70 DF GR 250,180.75
TV,14061,,11.50
TV,14062,,2381.00
TV,14062,ZOXIUM 240 SC,18697.00
TV,14062,ZOXIUM 240 SC DA 1 LITRO,56.00
TV,14062,ZOXIUM 240 SC LT 1,20.00
TV,14062,ZOXIUM 240 SC LT 5,5.00
TV,14100,KANEMITE,17.00
TV,14101,,120.00
TV,14101,CARAMBA,10.00
TV,14102,,2020.00
TV,14102,BORDOFLOW NEW,4696.00
TV,14119,,15.00
TV,14119,VISIR PENCOTECH,299.00
TV,14128,ZIGNAL,6.00
TV,14136,OBERON,18.50
TV,14137,,0.40
TV,14137,ALTACOR,94.10
TV,14137,ALTACOR GR 100,0.40
TV,14137,ALTACOR GR 300,6.60
TV,14154,PIRETRO ACTIGREEN,925.48
TV,14154,PIRETRO ACTIGREEN PFnPE,0.30
TV,14156,CURZATE R WG,160.00
TV,14156,CURZATE R WG KG 10,10.00
TV,14165,,1520.00
TV,14165,NANDO MAXI,1292.00
TV,14165,NANDO MAXI LT 1,2.00
TV,14166,,200.00
TV,14166,ZETOR,21.00
TV,14169,,15.00
TV,14182,,2.00
TV,14182,ARES 25 WG,8.00
TV,14193,,10.00
TV,14193,SARMOX 45 DG,839.00
TV,14195,KENDO WITH ZEON TECHNOLOGY,14.00
TV,14210,,964.50
TV,14210,EVURE PRO,2431.70
TV,14210,EVURE PRO DA 1 LITRO,46.00
TV,14210,EVURE PRO LT 1,10.00
TV,14214,,2.00
TV,14214,RAPSAN 500 SC,131.00
TV,14217,TENAX EW,9.00
TV,14232,CYTHRIN MAX,1.00
TV,14257,,6.00
TV,14257,UNDERLINE 0.2 G,3.00
TV,14262,,21.50
TV,14262,GREENEX NF,187.43
TV,14262,GREENEX NF PFnPE,0.50
TV,14263,BIOTEN,4.00
TV,14294,EXECUTIVE,0.10
TV,14294,EXECUTIVE GR 100,0.10
TV,14323,BELPROMEC,135.00
TV,14323,BELPROMEC LT 1,1.00
TV,14336,NEMATHORIN 150 EC,19.00
TV,14348,,10.00
TV,14348,AGRON R WG,270.00
TV,14350,ZOLFO RAMATO 5,650.00
TV,14387,NERVURE SUPER,16.00
TV,14390,,315.00
TV,14390,BOOM EFEKT,2250.00
TV,14390,BOOM EFEKT DA 5 LITRI,10.00
TV,14390,BOOM EFEKT LT 20,620.00
TV,14406,,1355.50
TV,14406,LEIMAY,2192.25
TV,14406,LEIMAY DA 0.750 LITRI,12.00
TV,14407,,7.50
TV,14407,RUNWAY,82.50
TV,14407,RUNWAY ML 500,13.50
TV,14409,,2775.00
TV,14409,MOVENTO 48 SC,12812.00
TV,14409,MOVENTO 48 SC LT 1,30.00
TV,14409,MOVENTO 48 SC LT 5,45.00
TV,14414,,18.00
TV,14414,DUSTY,23.50
TV,14418,,131.00
TV,14418,PULSAR 40 SL,320.00
TV,14418,PULSAR 40 SL LT 1,96.00
TV,14418,PULSAR 40 SL LT 5,225.00
TV,14431,LENTAGRAN 45 WP,132.00
TV,14432,METRIC,7.00
TV,14440,SOLAR 360,100.00
TV,14474,TEBUSIP COMBI,87.00
TV,14479,,280.00
TV,14479,SCHERMO 05 G,5264.00
TV,14547,BAC MK,35.00
TV,14548,,2.00
TV,14549,LEPIBACK,7.00
TV,14559,,6.00
TV,14576,CUTRIL EVO,440.00
TV,14577,,209.00
TV,14577,FORUM R 3B,501.00
TV,14579,RAMIN 30 DF,500.00
TV,14579,RAMIN 30 DF KG 1,12.00
TV,14579,RAMIN 30 DF KG 10,100.00
TV,14582,FENGIB,3.00
TV,14629,,8.00
TV,14636,,241.00
TV,14636,BIOLID UP,5272.00
TV,14636,BIOLID UP LT 1,4.00
TV,14636,BIOLID UP LT 5,25.00
TV,14636,BIOLID UP PFnPE,261.90
TV,14642,,6330.00
TV,14642,RIDOMIL GOLD R WG,61520.00
TV,14642,RIDOMIL GOLD R WG DA 1 CHILI,179.00
TV,14642,RIDOMIL GOLD R WG DA 5 CHILI,400.00
TV,14642,RIDOMIL GOLD R WG KG 1,9.00
TV,14642,RIDOMIL GOLD R WG KG 5,55.00
TV,14664,BERELEX 40 SG,0.31
TV,14679,,10.00
TV,14684,SUPERBO,18.00
TV,14686,,235.00
TV,14686,KOCIDE OPTI,7035.00
TV,14697,,1264.00
TV,14697,ENERVIN DUO,4498.00
TV,14697,ENERVIN DUO LT 1,18.00
TV,14699,GEOXE,38.00
TV,14709,ISOMATE A/OFM,52.00
TV,14735,,1.00
TV,14735,RANMAN TOP,1.00
TV,14737,,1496.00
TV,14737,ROUNDUP PLATINUM,14768.00
TV,14737,ROUNDUP PLATINUM LT 1,14.00
TV,14737,ROUNDUP PLATINUM LT 15,300.00
TV,14737,ROUNDUP PLATINUM LT 5,190.00
TV,14764,SLUXX,110.00
TV,14764,SLUXX HP,150.00
TV,14765,,66.00
TV,14765,ELUMIS,19.00
TV,14769,COMET 250 EC,188.00
TV,14772,BANDERA,325.00
TV,14785,DRISCOLL,15.01
TV,14785,DRISCOLL LT 1,12.00
TV,14785,DRISCOLL ML 500,0.50
TV,14794,AVALON SC,120.00
TV,14812,,1458.00
TV,14812,ENERVIN TOP,23186.00
TV,14812,ENERVIN TOP KG 1,2.00
TV,14812,ENERVIN TOP KG 5,95.00
TV,14830,,635.00
TV,14830,CUPROFIX ULTRA DISPERSS,3645.00
TV,14836,BARBARIAN BIOGRADE 360,11801.50
TV,14836,BARBARIAN BIOGRADE 360 PFnPE,342.00
TV,14836,BARBARIAN BIOGRADE 360 PFnPE ML 500,360.00
TV,14838,,310.00
TV,14838,BARCLAY GALLUP BIOGRADE 360,3630.00
TV,14838,BARCLAY GALLUP BIOGRADE 360 DA 0.50,24.00
TV,14838,BARCLAY GALLUP BIOGRADE 360 LT 1,31.00
TV,14838,BARCLAY GALLUP BIOGRADE 360 LT 20,800.00
TV,14838,BARCLAY GALLUP BIOGRADE 360 PFnPE,470.00
TV,14846,,54.00
TV,14846,AVALON 250 EW,213.00
TV,14867,,2.00
TV,14867,SYNERO,16.00
TV,14869,,2000.00
TV,14869,CUPROBEL HYDRO,29420.00
TV,14869,CUPROBEL HYDRO DA 10 CHILI,50.00
TV,14872,,2.50
TV,14872,BELLIS DRUPACEE,77.50
TV,14876,GRANDSTAND,8.00
TV,14879,LONTREL 72 SG,3.45
TV,14879,LONTREL 72 SG GR 150,0.30
TV,14879,LONTREL 72 SG KG 0.15,0.15
TV,14884,,1135.00
TV,14884,CORUM,2904.00
TV,14884,CORUM LT 1,4.00
TV,14891,,105.00
TV,14891,TRICO,298.50
TV,14897,FLUROSTAR 200,59.00
TV,14900,KENKIO,30.00
TV,14916,SILWET SPRINTEX,60.00
TV,14918,RIVIOR,172.00
TV,14919,,0.15
TV,14919,EMERALD 125,1.17
TV,14920,,1650.00
TV,14920,ZOLFO 80 WP ZOLFINDUSTRIA,100.00
TV,14920,ZOLFO 80 WP ZOLFINDUSTRIA (PFnPE),4020.00
TV,14935,TIMELINE TRIO,224.00
TV,14936,,61.00
TV,14936,AMPLIGO,288.00
TV,14938,DEDICATE,133.50
TV,14938,DEDICATE ML 250,10.50
TV,14947,,34.00
TV,14947,TRUSTEE 450,215.00
TV,14947,TRUSTEE 450 PFnPE,910.00
TV,14967,,176.00
TV,14967,TIPTOR ULTRA,19.00
TV,14972,DICARZOL 50 SP,58.00
TV,15005,FONTELIS,9.00
TV,15008,LBG - 01F34,330.00
TV,15013,NATRIA LUMACHICIDA,1019.00
TV,15013,NATRIA LUMACHICIDA PFnPE,363.50
TV,15037,,318.00
TV,15037,BREZZA,1434.00
TV,15037,BREZZA DA 1 LITRO,9.00
TV,15037,BREZZA LT 1,12.00
TV,15039,GAMIT 36 CS,15.00
TV,15047,,1700.00
TV,15047,R6 ERRESEI BORDEAUX WG,2260.50
TV,15049,MODDUS,15.00
TV,15050,,17.00
TV,15050,VERTIMEC PRO,371.00
TV,15051,,115.00
TV,15051,KYLEO,550.00
TV,15052,,193.10
TV,15052,KAIMO SORBIE,58.30
TV,15056,,4630.00
TV,15056,TOMCATO,290.00
TV,15058,,19.36
TV,15058,PRINCIPAL MAIS,1187.76
TV,15058,PRINCIPAL MAIS DA 0.440 CHILI,6.16
TV,15058,PRINCIPAL MAIS GR 440,11.44
TV,15059,,880.50
TV,15059,DECIS EVO,5010.75
TV,15059,DECIS EVO LT 1,77.00
TV,15059,DECIS EVO LT 5,60.00
TV,15062,PIRAMAX  EC,757.00
TV,15063,,0.60
TV,15064,MAESTRO WG ADVANCE,1.00
TV,15070,OS-169,12.00
TV,15071,,447.00
TV,15071,EVOLUTION,2230.00
TV,15083,AUDACE,239.00
TV,15084,DRUM,688.50
TV,15085,VITISAN 45 WG,3.50
TV,15094,FOSBEL 80 WG,3.00
TV,15096,,1126.00
TV,15096,GLIPHOGAN TOP CL,1746.50
TV,15096,GLIPHOGAN TOP CL PFnPE,1873.00
TV,15096,GLIPHOGAN TOP CL PFnPE ML 500,672.50
TV,15101,CIMORAM ULTRA WG,285.00
TV,15102,,50.00
TV,15102,CURZATE ERRE EVO,1407.00
TV,15102,CURZATE ERRE EVO DA 1 CHILO,100.00
TV,15102,CURZATE ERRE EVO DA 10 CHILI,200.00
TV,15102,CURZATE ERRE EVO KG 1,34.00
TV,15111,MIRADOR SC,61.00
TV,15115,,111.00
TV,15115,PROSPER 500 EC,1020.00
TV,15115,PROSPER 500 EC DA 1 LITRO,12.00
TV,15116,ELIOS R,26.00
TV,15121,,570.00
TV,15121,BIOCUPRO,14920.00
TV,15121,BIOCUPRO DA 10 LITRI,10.00
TV,15124,ZANTARA,39.00
TV,15126,,5.00
TV,15126,TALENDO EXTRA,94.00
TV,15127,,20.00
TV,15127,SANVINO,877.00
TV,15130,,529.00
TV,15130,INTREPID,3472.00
TV,15142,,242.00
TV,15142,ALCANCE SYNC TEC,5105.00
TV,15142,ALCANCE SYNC TEC  DA 5 LITRI,15.00
TV,15142,ALCANCE SYNC TEC DA 1 LITRO,11.00
TV,15142,ALCANCE SYNC TEC LT 1,61.00
TV,15142,ALCANCE SYNC TEC LT 5,650.00
TV,15149,,38360.00
TV,15149,COSAVET DF EDGE,44995.00
TV,15149,COSAVET DF EDGE KG 10,20.00
TV,15149,COSAVET DF EDGE KG 25,1425.00
TV,15168,ZORO 19 EW,2.00
TV,15177,ROTATE PLUS DF,390.00
TV,15186,WEEDAGRO 600 D,345.00
TV,15191,CYMOPUR 45 WG,1.00
TV,15196,FOSBEL EXTRA,851.00
TV,15199,SAKURA,1.00
TV,15200,QUALY,74.00
TV,15201,,21.00
TV,15201,FLOXY 400 SC,248.00
TV,15213,,0.06
TV,15213,DEMETRINA FLOW,7.01
TV,15213,DEMETRINA FLOW PFnPE,1.48
TV,15221,,590.00
TV,15221,ZETARAM PLUS,900.00
TV,15222,FOLICUR COMBI WG,270.00
TV,15223,PANTANI,22.00
TV,15229,STOPPER P,85.00
TV,15232,,40.00
TV,15233,DALET TRIO,475.00
TV,15235,,106.00
TV,15235,MOMENTUM,478.00
TV,15235,MOMENTUM KG 5,45.00
TV,15235,MOMENTUM PFnPE,7.00
TV,15247,,9.00
TV,15251,,2720.00
TV,15251,AIRONE LIQUIDO,8844.00
TV,15253,,29.00
TV,15253,FALCON MK,1755.00
TV,15260,PRORADIX,2.00
TV,15263,DYNALI,1561.00
TV,15264,,4639.50
TV,15264,ENERVIN SC,35580.50
TV,15264,ENERVIN SC DA 3 LITRI,9.00
TV,15264,ENERVIN SC LT 3,30.00
TV,15265,PROMAN FLOW,2005.00
TV,15266,,2820.50
TV,15266,QUARTET,20820.00
TV,15267,KUSABI,371.00
TV,15275,DURAVIS,78.00
TV,15280,,548.00
TV,15281,MICROMEGAS,53.00
TV,15285,PRIMMA STAR,0.08
TV,15291,,2.00
TV,15291,TURFENE PLUS,21.20
TV,15292,VERTIARO,23.00
TV,15293,,23.00
TV,15293,MAVITA 250 EC,629.00
TV,15299,METIX R,180.00
TV,15302,,489.00
TV,15302,AMYLO-X,1712.00
TV,15303,LALGUARD M52 GR,240.00
TV,15307,DEDALUS 25 WDG,19.50
TV,15313,THIAMON FLOW,770.00
TV,15313,THIAMON FLOWZOLFO SC,2170.00
TV,15317,SESTO GOLD,17692.00
TV,15326,CUPROTEK DISPERSS,43760.00
TV,15330,PINDARUS 25 WDG,6.50
TV,15331,ZEFIR 25 WDG,11.50
TV,15333,APPLAUD PLUS PFnPE,0.06
TV,15335,,2.00
TV,15337,EXPRESS,4.20
TV,15344,,10.00
TV,15344,FILAN WG,1294.00
TV,15346,FLEXITY,545.00
TV,15348,,205.00
TV,15348,RIDOMIL GOLD R LIQUIDO,5196.00
TV,15349,,53.00
TV,15349,ARES 430 SC,53.00
TV,15351,,10.00
TV,15351,POWERSHUT,90.00
TV,15356,SPHINX SC,1.00
TV,15358,ZOLFO FLOW MCT,34630.00
TV,15361,LIETO,171.00
TV,15361,LIETO SC LT 1,43.00
TV,15361,LIETO SC LT 10,130.00
TV,15363,,1230.00
TV,15363,MEDEIRO 80 WG ADVANCE,5955.50
TV,15378,,4.00
TV,15378,TRAXOS PRONTO 60,65.00
TV,15379,,117.18
TV,15379,AXIAL PRONTO 60,217.00
TV,15379,AXIAL PRONTO 60 ML 750,24.75
TV,15384,LUNA EXPERIENCE,55.00
TV,15389,FLARE GOLD R WG,15550.00
TV,15393,SYNEIS FLY,25.00
TV,15401,,2791.00
TV,15401,TAIFUN MK CL,46041.00
TV,15401,TAIFUN MK CL LT 1,76.00
TV,15401,TAIFUN MK CL LT 20,1280.00
TV,15401,TAIFUN MK CL LT 5,610.00
TV,15401,TAIFUN MK CL PFnPE,152.00
TV,15402,DELTASAP,1609.00
TV,15405,SHAMAL MK PLUS CL,2540.00
TV,15409,,9.00
TV,15409,DECISION,359.00
TV,15410,DECA,212.00
TV,15411,DISHA,2.00
TV,15416,DIZOLE,64.00
TV,15417,DITTO,7.00
TV,15419,ELECTIS R FLOW,8966.00
TV,15422,TITUS DUO,98.10
TV,15422,TITUS DUO GR 180,4.68
TV,15433,ATLAS,670.00
TV,15438,SANMITE 10 SC,12.00
TV,15448,,971.00
TV,15448,REBEL TOP,926.00
TV,15449,,220.00
TV,15449,CIDELY,6294.00
TV,15449,CIDELY DA 0.500 LITRI,18.00
TV,15449,CIDELY DA 1 LITRO,31.00
TV,15449,CIDELY LT 1,10.00
TV,15449,CIDELY ML 500,0.50
TV,15451,,74.00
TV,15451,ELIOS WG TOP,76.00
TV,15483,WISH,40.00
TV,15491,,3.00
TV,15491,SWORD UP,1563.50
TV,15491,SWORD UP DA 0.5 LITRI,3.00
TV,15493,SIMUN 40 OD,3.00
TV,15498,ARPEL DUO,550.00
TV,15499,,12.75
TV,15499,SONG 70 WDG,83.00
TV,15501,QUIZ,6.00
TV,15507,,320.00
TV,15513,,30.00
TV,15513,OSSICLOR 35 WG GREEN,2640.00
TV,15513,OSSICLOR 35 WG GREEN KG 10,150.00
TV,15513,OSSICLOR 35 WG GREEN KG 25,125.00
TV,15515,POLTIGLIA 20 PB GREEN,113.00
TV,15536,,64.00
TV,15543,LUMACHICIDA FER,7.00
TV,15543,LUMACHICIDA FER PFnPE,90.50
TV,15546,,13.30
TV,15549,,11.00
TV,15549,PROLECTUS 50 WG,267.00
TV,15550,MERLIN FLEXX XTRA,22.00
TV,15553,REGALIS PLUS,12.00
TV,15556,TERVIGO,20.00
TV,15566,VISION PLUS,38.00
TV,15571,METSY,4.32
TV,15574,,35.00
TV,15574,KARMA 85,2066.00
TV,15580,,10.00
TV,15580,ESTUDER,25.00
TV,15581,BARKAN,2.00
TV,15583,PIRAT,38.00
TV,15591,,9.00
TV,15591,PREVINT TOP KG 1,1.00
TV,15597,,81.00
TV,15598,CARPOVIRUSINE EVO 2,2.00
TV,15610,,18.00
TV,15610,CYPERKILL 50 EC,56.00
TV,15612,SEMPRA,4.87
TV,15612,SEMPRA GR 150,0.30
TV,15621,BOTTO 50 EC,198.25
TV,15622,CURZATE R WG BIANCO,52.00
TV,15629,,141.50
TV,15629,BADGER 45% WG,142.00
TV,15629,BADGER 45% WG DA 0.5 CHILI,10.00
TV,15630,CARSON 45% WG,128.00
TV,15635,,471.50
TV,15635,ADENGO XTRA,2732.00
TV,15635,ADENGO XTRA DA 0.5 LITRI,4.00
TV,15635,ADENGO XTRA LT 5,75.00
TV,15635,ADENGO XTRA ML 500,10.50
TV,15635,ADENGO XTRA SC465 LT 0.5,2.00
TV,15640,PROLINE STAR,5.00
TV,15654,ACCORD,131.00
TV,15655,KEETON 25 WG,11.00
TV,15663,CUPRAVIT 35 WG,30.00
TV,15664,KORING 25 WG,58.00
TV,15665,,0.90
TV,15665,KEMPO SORBIE,248.00
TV,15665,KEMPO SORBIE GR 300,0.90
TV,15665,KEMPO SORBIE KG 1,5.00
TV,15668,GHIBLI 240 OD,30.25
TV,15674,AMADEUS TOP,2.60
TV,15680,MITHRA 40 SC,10.00
TV,15712,,120.00
TV,15712,SATELITE,21181.00
TV,15713,,3.00
TV,15713,DIABLO SC,8.60
TV,15715,VIDERYO F,1000.00
TV,15722,,295.00
TV,15722,ARMICARB 85,4810.00
TV,15725,DUAXO,3.80
TV,15736,,25.00
TV,15741,,140.00
TV,15741,AVADEX FACTOR,110.00
TV,15743,,260.00
TV,15743,TWINGO,1760.00
TV,15744,,41.50
TV,15744,REBOOT,1216.00
TV,15744,REBOOT DA 0.5 CHILI,1.50
TV,15745,SHARPEN 40% SC,1019.00
TV,15748,,14.00
TV,15748,SYLLIT 544 SC,374.00
TV,15748,SYLLIT 544 SC LT 1,1.00
TV,15751,,3.50
TV,15751,VITENE TRIPLO R,291.00
TV,15751,VITENE TRIPLO R PFnPE,2.50
TV,15752,CIDELY TOP,3.00
TV,15754,,5.00
TV,15754,SHARPEN 33% EC,8.00
TV,15765,DIABLO GR 500,1.00
TV,15769,MERO,14.00
TV,15780,OSSICLOR 50 PB GREEN,150.00
TV,15806,ONYX,53.00
TV,15808,,979.00
TV,15808,CYMBAL FLOW,5124.00
TV,15808,CYMBAL FLOW LT 1,13.00
TV,15831,,10.00
TV,15831,VACCIPLANT,1672.00
TV,15834,TRACER 120,1.00
TV,15836,RATRON GW,40.00
TV,15836,RATRON GW KG 5,40.00
TV,15837,RATRON GL,1.50
TV,15837,RATRON GL GR 750,2.25
TV,15838,,30.00
TV,15838,ROUNDUP ULTRAMAX,210.00
TV,15844,SLOGAN TOP,5.00
TV,15856,AZAKA,307.00
TV,15869,OPTIX STAR DISPERSS,4660.00
TV,15886,METAREX INOV,100.00
TV,15888,AZOX 25 SC,324.00
TV,15890,CURZATE 60 WG,2.80
TV,15893,GIAGUAR SL PFnPE,1.35
TV,15897,,140.00
TV,15897,ALFIL WG,165.00
TV,15898,FILAL WG,12.25
TV,15898,FILAL WG PFnPE,57.00
TV,15900,,550.00
TV,15900,TRIKA EXPERT,8340.00
TV,15901,,1490.00
TV,15901,ERCOLE,28940.00
TV,15901,ERCOLE KG 10,30.00
TV,15901,ERCOLE PFnPE,50.00
TV,15907,,289.00
TV,15907,PRESIDIUM ONE,1918.00
TV,15910,KARAKAS,47.00
TV,15911,,587.00
TV,15911,SPIROX,5813.00
TV,15912,CUPRO ISAGRO WG,40.00
TV,15915,STARANE HD,160.00
TV,15917,ZENITH GOLD,1.60
TV,15926,MOJANG 600,104.00
TV,15948,,325.00
TV,15948,SINSAJO,2019.00
TV,15961,RETENGO NEW,1.00
TV,15967,BIOPOLYSECT SL,1.00
TV,15968,BIOPOLYSECT AL,24.00
TV,15990,,5.00
TV,15990,SCIROCCO 125 EW,1166.00
TV,15990,SCIROCCO 125 EW LT 1,7.00
TV,16007,REWARD,120.00
TV,16023,,25.00
TV,16023,DIMBO 480 SL,111.00
TV,16033,,34.00
TV,16033,HEREU SC,189.50
TV,16034,,6.00
TV,16034,DOURO 100 EC,307.00
TV,16035,THEOREM,1.50
TV,16036,PIRECRIS,993.00
TV,16050,RADIANT SC,25.50
TV,16051,,60.00
TV,16051,LENNS,160.00
TV,16051,LENNS PFnPE,9.25
TV,16054,,1556.00
TV,16054,SINSTAR,4641.00
TV,16055,KENPYR,2.00
TV,16063,ARIGO,52.14
TV,16064,CREDIT 540,1085.00
TV,16066,,103.00
TV,16066,RADIANT PRO,103.25
TV,16068,,730.00
TV,16068,FOLDER 80 WG,29290.00
TV,16071,,1.50
TV,16071,MESOZIN 70 WG,160.75
TV,16074,,23.00
TV,16074,GLORIAL 25 EC,41.00
TV,16076,,69.00
TV,16076,SOLIS,710.00
TV,16083,STIKER FLOW,14.70
TV,16084,BREVIS,34.00
TV,16085,,0.67
TV,16085,TRIMUR,0.25
TV,16086,NEMGUARD GRANULES,10.00
TV,16098,,189.75
TV,16098,NIBER 70 DF,46.50
TV,16101,TOPAS COMBI LIQUIDO,75.00
TV,16104,,162.00
TV,16104,ELECTIS TRIO WDG,4108.00
TV,16104,ELECTIS TRIO WDG PFnPE,0.50
TV,16110,CABRIO OLIVO,3.00
TV,16126,,1.20
TV,16126,FLANCO SC,0.20
TV,16130,PAPYRUS,89.00
TV,16140,ALMADA F,2908.00
TV,16142,MINECTO ALPHA,4.00
TV,16149,BABEL,77.00
TV,16161,,1390.00
TV,16161,CENTURY SL,2946.00
TV,16167,,140.00
TV,16167,MARACANA,1033.00
TV,16170,TRICUP FLOW,500.00
TV,16171,,10.40
TV,16172,CAL-EX 1.9 EW,5.00
TV,16178,FOLIANE 80 WG,29099.00
TV,16182,CLICK PRO,425.00
TV,16189,RISOLUTIV ROW LT 5,95.00
TV,16191,,26.00
TV,16191,TRIMAXX,99.00
TV,16194,ETRAVON PRO,75.00
TV,16194,ETRAVON PRO DA 1 LITRO,3.00
TV,16197,COPPERFIELD 17 WG,27980.00
TV,16198,EVORAM 15,21605.00
TV,16199,CUPRORAM 35 WG BLU,100.00
TV,16200,CUPRORAM 35 WG NC,38.00
TV,16204,,1086.00
TV,16204,ALMADA TRIO,222.00
TV,16205,,510.00
TV,16205,IDROX 20,4225.00
TV,16221,MADEX TOP,0.50
TV,16224,,10.00
TV,16224,CUPRORAM 37.5 WG,558.00
TV,16226,,100.00
TV,16226,CIMOTER RAME WG,620.00
TV,16227,TANGO F PLUS,260.00
TV,16228,POLTIGLIA 20 DF,140.00
TV,16235,,600.00
TV,16235,KEYFOL WG,95.00
TV,16247,,1520.00
TV,16247,CUPROBEL OXY,100.00
TV,16248,FERREX,6.00
TV,16251,AFFIRM OPTI,2.00
TV,16252,AMISTAR GOLD,10.00
TV,16259,LABEL 70 DF,6.00
TV,16261,,65.00
TV,16261,BELOUKHA,145.00
TV,16271,FRESCO,125.00
TV,16273,,2888.75
TV,16273,SIVANTO PRIME,15311.75
TV,16273,SIVANTO PRIME DA 1 LITRO,28.00
TV,16273,SIVANTO PRIME SL200 LT 1,15.00
TV,16273,SIVANTO PRIME SL200 ML 250,3.50
TV,16277,,1471.00
TV,16277,ALMADA 50 SC,1876.00
TV,16279,,30.00
TV,16279,ERCOLE GR,590.00
TV,16279,ERCOLE GR KG 10,3630.00
TV,16282,,14.00
TV,16283,,20.00
TV,16283,QUANTUM R-OK,35.00
TV,16285,,1.00
TV,16285,KALIMBA,435.00
TV,16287,,50.00
TV,16287,SOLIGOR,501.00
TV,16288,,373.50
TV,16288,AMPEXIO,2211.00
TV,16288,AMPEXIO DA 0.750 CHILI,0.75
TV,16288,AMPEXIO GR 750,11.95
TV,16293,PACLOT NEW,26.00
TV,16295,,26.00
TV,16295,RAPAX AS,77.00
TV,16296,,278.00
TV,16296,PERGADO D,423.00
TV,16299,PASSAT SL,3264.00
TV,16305,BONZI,99.00
TV,16315,RADAR HP,891.00
TV,16315,RADAR HP ML 500,3.50
TV,16322,PENNY,1.00
TV,16325,,2050.04
TV,16325,EPIK SL,19615.47
TV,16325,EPIK SL DA 1 LITRO,52.00
TV,16325,EPIK SL DA 5 LITRI,30.00
TV,16325,EPIK SL LT 1,100.00
TV,16325,EPIK SL LT 5,110.00
TV,16325,EPIK SL ML 250,4.75
TV,16325,EPIK SL PFnPE,1.16
TV,16335,,17256.00
TV,16335,LIETO SC,86922.00
TV,16336,DELAN SC,154.00
TV,16361,FULL 80 WG,182.00
TV,16363,,219.70
TV,16363,SIRTAKI,886.40
TV,16363,SIRTAKI ML 300,10.80
TV,16364,,898.00
TV,16364,BISMARK,4871.00
TV,16364,BISMARK LT 1,59.00
TV,16364,BISMARK LT 10,130.00
TV,16364,BISMARK LT 5,105.00
TV,16369,ORTIVA TOP SC,4.00
TV,16379,,682.00
TV,16379,PREV-AM PLUS,10326.00
TV,16379,PREV-AM PLUS LT 1,2.00
TV,16381,CALLICORE,537.00
TV,16384,ELATUS ERA,3.00
TV,16385,ELATUS PLUS,115.75
TV,16395,,1.00
TV,16395,MOHICAN 500 SC,20.00
TV,16396,TEMSA 100,9.00
TV,16401,KHAPO 80 WG,15.00
TV,16402,ENVIROMITE FL,6.75
TV,16403,CAPITAL SH,61.00
TV,16404,BRAI,5.00
TV,16418,NATRIA INSETTICIDA ABBATTENTE (PFnP,6.00
TV,16422,,6.00
TV,16422,SPIROSTAR,3813.00
TV,16422,SPIROSTAR LT 1,12.00
TV,16434,OLIOCIN NATRIA,9.00
TV,16434,OLIOCIN NATRIA PFnPE,39.50
TV,16438,VELUM PRIME,21.50
TV,16439,CHECKMATE PUFFER LB,49.00
TV,16448,NEALTA,11.00
TV,16457,,180.00
TV,16457,POLTIGLIA 20 WG GREEN,10891.50
TV,16457,POLTIGLIA 20 WG GREEN KG 1,40.00
TV,16457,POLTIGLIA 20 WG GREEN KG 10,130.00
TV,16459,SOLEIL 50 WG,503.00
TV,16461,CENTURION 240 NEO,232.00
TV,16470,COLUMBO 08 MG PFnPE,405.60
TV,16473,,2.00
TV,16473,Primo Maxx II,1.00
TV,16474,MATSUDA 25 WG,16.50
TV,16476,ALIBI FLORA,11.00
TV,16477,RIVAL,7.00
TV,16480,,1464.00
TV,16480,3LOGY,17579.00
TV,16480,3LOGY LT 4,16.00
TV,16480,3LOGY PFnPE,22.00
TV,16481,CALLISTO 480,3.60
TV,16485,ROMULAN,6.00
TV,16492,,48.00
TV,16492,VASCO,407.00
TV,16500,TRIBAL,6.20
TV,16501,,1.00
TV,16501,INSTRATA ELITE,25.00
TV,16509,,50.00
TV,16509,IBISCO,957.00
TV,16509,IBISCO PFnPE,1.20
TV,16527,,29.00
TV,16527,TELLUS WP,20.00
TV,16538,KITAMBA,1120.00
TV,16543,AuRam Idro 22 HiBio,3870.00
TV,16545,,2023.00
TV,16545,COPRANTOL HI BIO 20,581.00
TV,16545,COPRANTOL HI BIO 20 DA 10 CHILI,390.00
TV,16552,ISONET L A PLUS,280.00
TV,16553,ELEGANT 2DF,27.00
TV,16562,,4780.00
TV,16562,DELAN PRO,62050.00
TV,16562,DELAN PRO LT 5,10.00
TV,16564,MEXIRAM TRI HI BIO,860.00
TV,16565,EXECUTIVE GOLD,4.10
TV,16566,,670.00
TV,16566,KUPPER 20 WG,980.00
TV,16570,SENCOR 600 SC,42.00
TV,16572,DAKOFAKA,23.80
TV,16573,FIGHTER,121.00
TV,16575,TRIMMER 50 WG,0.98
TV,16577,U46 COMBI DUO,2.00
TV,16578,,20.00
TV,16578,MELODY COMPACT WG,29.00
TV,16596,SANIUM SL25 PFnPE,499.00
TV,16596,SANIUM SL25 PFnPE ML 100,6.20
TV,16598,SANIUM AL PFnPE,273.20
TV,16599,SANIUM AL PFnPO,19.20
TV,16606,,200.00
TV,16606,PHYTO SARCAN,4975.00
TV,16607,VEXTAMITRON 700 SC,50.00
TV,16608,,310.00
TV,16609,SAVIAL FORTE,5835.00
TV,16616,,47.00
TV,16616,VALLEY,841.00
TV,16618,COLZA POWER,0.17
TV,16618,COLZA POWER PFnPE,43.25
TV,16619,,10.00
TV,16625,MAINSPRING,16.00
TV,16630,NATUREN LIMEX,41.00
TV,16630,NATUREN LIMEX PFnPE,2846.90
TV,16641,RINIDI,5.28
TV,16643,,60.00
TV,16643,SUCCESS GR,8172.00
TV,16654,,5.20
TV,16654,POLYVERSUM,58.80
TV,16657,,1830.00
TV,16657,CENTURY PRO,40125.00
TV,16658,,3.00
TV,16658,DAGONIS,1585.00
TV,16660,,3627.00
TV,16660,ACTLET C,2502.00
TV,16663,,872.00
TV,16663,ACTLET F,18675.00
TV,16667,,991.00
TV,16667,REVOLUTION,3607.00
TV,16667,REVOLUTION LT 1,11.00
TV,16690,,630.25
TV,16690,KESTREL,1458.75
TV,16694,,5.00
TV,16694,CHANON,15.00
TV,16701,PLAZA,0.10
TV,16734,T34 BIOCONTROL,7.25
TV,16735,LOBETEC,1600.00
TV,16741,SOLVIT,1.00
TV,16742,,60.00
TV,16742,NEMGUARD SC,1.00
TV,16744,JOYSTICK,6.80
TV,16751,REQUIEM prime,80.00
TV,16754,SIMBA,27.00
TV,16755,DANEVA,1.00
TV,16761,DELMUR,5.00
TV,16772,AMYLO X LC,226.00
TV,16774,ISOMATE C LR MAX TT,18.00
TV,16776,ASSET FIVE,935.25
TV,16779,TONALE,1608.00
TV,16779,TONALE LT 10,140.00
TV,16779,TONALE LT 2,104.00
TV,16780,,5.00
TV,16780,SERENADE ASO,4010.00
TV,16784,CUPROBEL TRI,80.00
TV,16785,,5.30
TV,16785,GOLDWIND,5.20
TV,16785,JOGG,0.05
TV,16787,,2886.00
TV,16787,CLINIC ST,5923.00
TV,16789,TESSIOR,20.00
TV,16790,,1395.00
TV,16790,NORDOX ENERGY,2401.00
TV,16790,NORDOX ENERGY KG 5,140.00
TV,16797,,10.00
TV,16797,DEMETRINA 25 EC,4.00
TV,16799,ALEXIN 75 LS,5891.00
TV,16802,,87.00
TV,16802,ZYPAR,1844.00
TV,16802,ZYPAR LT 1,47.00
TV,16802,ZYPAR LT 3,60.00
TV,16814,TREZAC,4.00
TV,16816,EXALT 25 SC,9.00
TV,16819,,267.00
TV,16819,NATUR BREAKER,33.00
TV,16820,VALIANT FLASH,2778.00
TV,16828,,3.00
TV,16828,MAKURI MAX,2.50
TV,16829,,8.00
TV,16831,,880.00
TV,16831,GLIFENE BIOGRADE,2832.00
TV,16831,GLIFENE BIOGRADE LT 5,100.00
TV,16831,GLIFENE BIOGRADE PFnPE ML 500,30.00
TV,16833,PANTOX 360 SUPER,3896.00
TV,16835,,41.00
TV,16835,RAVANE PLUS 100 CS,43.00
TV,16836,STALLION IT SYNC,295.00
TV,16842,CUPRAVIT BIO ADVANCED,740.00
TV,16846,,38.00
TV,16846,VESTICOR,109.90
TV,16857,SHORTTRACK,358.00
TV,16858,KENJA,202.00
TV,16867,GLISTER STAR,4030.00
TV,16867,GLISTER STAR DA 5 LITRI,20.00
TV,16867,GLISTER STAR LT 20,540.00
TV,16882,,5.00
TV,16882,PROPULSE,5.00
TV,16886,CLOSER,54.86
TV,16886,CLOSER PFnPE,0.36
TV,16890,WEEDMASTER 540,400.00
TV,16891,CAPRENO,2.00
TV,16895,ZORVEC ENICADE,7.20
TV,16896,,10.60
TV,16896,ZORVEC ZELAVIN,28.00
TV,16902,,77.00
TV,16902,AVIATOR XPRO,523.00
TV,16904,,78.00
TV,16904,KIDEKA 100 SC,79.00
TV,16906,GHIBLI PLUS,68.00
TV,16907,,2160.00
TV,16907,WHISPER,2500.00
TV,16916,,1100.00
TV,16916,BUGGY G,1111.00
TV,16917,LOGRADO PLUS,925.00
TV,16921,PROBEL 1.8,1.00
TV,16925,WISH TOP,1.00
TV,16933,TEC FORT,11.00
TV,16935,VERDRAM IDRO HI BIO,400.00
TV,16939,SARUMO,178.00
TV,16939,SARUMO DA 1 LITRO,12.00
TV,16945,,373.60
TV,16945,SERCADIS,1734.50
TV,16945,SERCADIS LT 0.3,0.30
TV,16946,,325.00
TV,16946,DARAMUN,6391.00
TV,16947,,120.00
TV,16947,BRIONFLO 100 SC,356.00
TV,16950,,650.00
TV,16950,MANAMID 100 SC,3485.00
TV,16951,,149.00
TV,16951,ESQUIVE WP,174.00
TV,16952,DIRIMAL,160.00
TV,16957,,9138.00
TV,16957,ZORVEC VINABRIA,43386.00
TV,16957,ZORVEC VINABRIA DA 1 LITRO,32.00
TV,16957,ZORVEC VINABRIA DA 5 LITRI,60.00
TV,16960,ACTLET EVO,430.00
TV,16961,BENSEC TF,18515.00
TV,16963,,10.50
TV,16963,AVENOX 240,101.00
TV,16976,,1260.00
TV,16976,VITIKAPPA,3044.90
TV,16976,VITIKAPPA PFnPE,26.80
TV,16988,,3460.00
TV,16988,NAIF,2450.00
TV,17003,PRIAXOR,89.00
TV,17005,CLOMATE,19.00
TV,17006,MONCUT,2.00
TV,17007,ERADICOAT,250.00
TV,17010,TIXAL TRI,1640.00
TV,17014,,0.50
TV,17014,DELEGATE WDG,10.60
TV,17014,DELEGATE WDG GR 500,1.50
TV,17019,AIRONE L BLU,7.00
TV,17026,DUPLOSAN SUPER,25.00
TV,17038,,827.00
TV,17038,TUAREG NEW,6231.00
TV,17038,TUAREG NEW LT 1,54.00
TV,17038,TUAREG NEW LT 5,130.00
TV,17058,,544.00
TV,17058,ROMEO,821.00
TV,17058,ROMEO PFnPE,0.03
TV,17059,VINTEC,3.80
TV,17065,KAURITIL ULTRA WG,10125.00
TV,17065,KAURITIL ULTRA WG KG 5,10.00
TV,17066,PRAXIM,686.00
TV,17075,,62.50
TV,17075,MOVIDA,36.89
TV,17077,FIDELITY,131.00
TV,17078,,2441.00
TV,17078,QUANTUM L,19264.00
TV,17078,QUANTUM L DA 1 LITRO,42.00
TV,17078,QUANTUM L LT 1,12.00
TV,17079,,350.00
TV,17079,FORCE EVO,600.00
TV,17080,,20.00
TV,17081,CUPROSSIL IDRO NEW 20 WG,17530.00
TV,17082,,180.00
TV,17087,FOLDIM,189.00
TV,17091,,684.00
TV,17091,CHAMP 20 WG,7123.00
TV,17093,LANDING,7393.00
TV,17097,SPANDIS,6.00
TV,17099,ZAKEO 250 SC,215.00
TV,17107,SPYRIT 50 SC,1069.00
TV,17111,FLOVINE,60.00
TV,17112,DIFCOR,442.00
TV,17113,MIKAL F,2711.00
TV,17116,ACTIVUS ME,594.00
TV,17116,ACTIVUS ME LT 1,2.00
TV,17117,MITOR,651.00
TV,17118,,1.00
TV,17118,BIOACT PRIME DC,11.00
TV,17119,,5.00
TV,17119,SQUARE EC,44.00
TV,17121,ATLANTIS ACTIV,88.44
TV,17125,LOCK UP,100.00
TV,17129,,250.00
TV,17129,COSAVET FLOW,540.00
TV,17141,SELECTRUM,5.00
TV,17143,GRANMET GR BIPESCO 5,4.00
TV,17147,PEDIMENT,30.00
TV,17168,VERDRAM TRI HI BIO,470.00
TV,17170,BELKAP EXTRA,2980.00
TV,17178,TOTAL GREEN L,1348.00
TV,17193,,19.80
TV,17194,DICARINI,15.40
TV,17195,MAIZIUM GR 440,10.56
TV,17203,PENDI 40,156.00
TV,17204,CYPRUS 25 WG,443.00
TV,17205,CIDIAL,108.00
TV,17209,,5.00
TV,17209,DAVAI,631.00
TV,17211,,204.00
TV,17211,GENKOTSU,1207.00
TV,17211,GENKOTSU LT 1,15.00
TV,17212,,8.00
TV,17212,ISERAN,414.00
TV,17217,ARMICARB RTU PFnPE,7.50
TV,17217,ARMICARB SPRAY,42.00
TV,17217,ARMICARB SPRAY PFNPE,237.75
TV,17237,,118.00
TV,17248,,2310.00
TV,17248,ZORVEC VINABEL,5152.00
TV,17248,ZORVEC VINABEL DA 1 LITRO,1.00
TV,17248,ZORVEC VINABEL LT 1,30.00
TV,17254,SIAGRAN ULTRA,1.20
TV,17265,,72.00
TV,17265,FILDER 500 SC,79.00
TV,17270,ASCRA XPRO,328.00
TV,17270,ASCRA XPRO LT 1,11.00
TV,17270,ASCRA XPRO LT 5,20.00
TV,17272,,56.50
TV,17272,SERIFEL,448.00
TV,17275,NOTO CLASS,2.00
TV,17278,KIDEKA,8.00
TV,17281,PETALIN,516.00
TV,17284,RODEO PLUS,2145.00
TV,17294,ZORVEC EPICALTRIN,14.40
TV,17295,IMPERO 18 EC,88.00
TV,17296,TARLYS,224.00
TV,17298,MARQUIS,46.00
TV,17301,,35.00
TV,17301,DESMON,42.00
TV,17304,KAN-DOO,18.00
TV,17306,HIGHTOP,30.00
TV,17307,TAZER,8.00
TV,17309,TAYREX,197.00
TV,17311,VINIFOL WDG,5034.50
TV,17317,,342.28
TV,17317,NABUCCO,3212.25
TV,17319,,36.00
TV,17319,FOXPRO,41.00
TV,17320,SENIOR 75 WG,35.00
TV,17320,SENIOR 75 WG GR 500,2.50
TV,17323,CONTENDER 800,15.00
TV,17324,PICKER FLOW,0.80
TV,17327,SHERPA 08 MG,24.00
TV,17328,RHIZOPON AA POLVERE 0.5%,1.50
TV,17329,RHIZOPON AA POLVERE 1%,2.50
TV,17337,,50.00
TV,17337,VANGUARD,195.00
TV,17340,APHOX 50,5.00
TV,17345,,710.00
TV,17345,ARPEL WG,284.00
TV,17346,,110.00
TV,17346,EXOSET 240 EC,1416.00
TV,17350,SONATA,4295.00
TV,17355,ECOFOX,39.00
TV,17358,BLAISE ULTRA,27.00
TV,17360,,4326.00
TV,17360,MAGO,33325.00
TV,17360,MAGO DA 1 LITRO,29.00
TV,17360,MAGO LT 1,74.00
TV,17360,MAGO LT 20,80.00
TV,17360,MAGO LT 5,55.00
TV,17368,ALETIL DF,65.00
TV,17372,COPRANTOL 30 WG,82.00
TV,17377,REFINE SX,14.44
TV,17378,GACHINKO,332.80
TV,17387,,2200.00
TV,17389,SHARK PF,1.00
TV,17402,,8.00
TV,17402,BOTECTOR NEW,7.00
TV,17407,WINTECH,302.00
TV,17409,XINTECH 50,5.00
TV,17421,AGRIZOLE 250,83.00
TV,17422,,1041.00
TV,17422,ENVITA SC,3815.00
TV,17436,,1275.00
TV,17436,WARDEN F,1813.00
TV,17451,,15.00
TV,17451,TEKKEN,523.00
TV,17454,ENCARIT,12.00
TV,17455,,12.00
TV,17455,PALIO,135.50
TV,17461,,253.62
TV,17461,ORONDIS,3991.45
TV,17461,ORONDIS DA 0.1 LITRI,2.10
TV,17469,,30.71
TV,17469,TAEGRO,243.87
TV,17470,,75.00
TV,17470,LIMOCIDE,897.00
TV,17472,,46.00
TV,17472,JADE,1112.00
TV,17472,JADE LT 1,29.00
TV,17472,JADE LT 5,65.00
TV,17478,EMPIRE,8.00
TV,17479,TRIBASIC FLOW NEW,1000.00
TV,17497,CALDERA,3.00
TV,17502,LINCE,96.00
TV,17508,,295.00
TV,17508,POLYCOM 70 DF,10780.00
TV,17508,POLYCOM 70 DF KG 10,140.00
TV,17513,METREX,7.50
TV,17522,REGNUM 25 EC,33.00
TV,17524,ALCOBAN,3.00
TV,17529,MEDOR 70 WDG,3.50
TV,17531,MEXIL R FLOW LT 1,12.00
TV,17531,MEXIL R FLOW LT 5,20.00
TV,17532,CONTENDER PLUS,1369.00
TV,17541,CHANTICO,965.50
TV,17541,CHANTICO DA 0.5 LITRI,12.00
TV,17541,CHANTICO DA 2 LITRI,6.00
TV,17548,ENELSE,65.00
TV,17549,,3.00
TV,17549,SENPAI,5792.00
TV,17552,COLUMBO PRO,36.00
TV,17552,COLUMBO PRO KG 12,60.00
TV,17572,SUBVERT,3.15
TV,17586,AXIAL ONE,224.00
TV,17597,,206.46
TV,17597,SHINKON,4971.91
TV,17597,SHINKON DA 0.375 LITRI,4.50
TV,17597,SHINKON DA 0.9375 LITRI,11.25
TV,17598,AFINTO,4.38
TV,17601,,14.00
TV,17601,ANDROMEDA,250.00
TV,17605,,5.00
TV,17605,BACK 100 SC,2578.00
TV,17611,Pot Clean Ultra 1g,21.00
TV,17611,POTCLEAN ULTRA 1G,77.00
TV,17631,GRIFON EXTRA,140.00
TV,17634,FRAXION,46.00
TV,17642,BUSSOLA WG BLU,1830.00
TV,17657,EXTASE R,70.00
TV,17665,PYRUS PRO,1167.00
TV,17666,PROSARO PLUS,172.00
TV,17670,FREQUENT,251.00
TV,17676,BIOOtwin L E,615.10
TV,17680,GALILEO,196.50
TV,17681,FRAMEX,409.50
TV,17687,,308.00
TV,17687,ELTIRA,2.00
TV,17689,,167.00
TV,17689,MOXYL MK,0.50
TV,17693,HATTRICK 30 WG,349.00
TV,17696,SUPRACAFFARO 30 WG,1730.00
TV,17697,SUPRACAFFARO FLOW (prima si chiamav,220.00
TV,17698,,3488.00
TV,17698,ASSORAM ELITE 20 WD,4060.00
TV,17699,IDROX 15,6260.00
TV,17705,SUPERBO 18 EC,43.00
TV,17709,MIDAURIL R FLOW,412.00
TV,17715,,2893.00
TV,17715,CHECKMATE VBM-PRO,6.00
TV,17743,,2.00
TV,17743,SHALLOW,58.00
TV,17744,CHOUCAS,2.00
TV,17745,PREDILECTO,15.00
TV,17746,CLEMATIS,875.00
TV,17749,DRONE,39.00
TV,17751,,31.00
TV,17751,PRAKTIS,72.00
TV,17752,STAVENTO,121.00
TV,17754,,68.00
TV,17754,REVYCARE,499.00
TV,17760,,42.24
TV,17760,NIRVANA,5.72
TV,17769,VULPIN,117.25
TV,17782,SUNPOWER,30.00
TV,17796,,51.00
TV,17796,SIVIL TOP,297.00
TV,17797,,33.00
TV,17797,FENERGY SC,207.00
TV,17798,BOX GR 500,2.00
TV,17804,ESSEN’CIEL,40.00
TV,17807,,112.50
TV,17807,PARLEAF,980.00
TV,17808,,20.00
TV,17808,ANTENE S,1210.00
TV,17811,MISTER L E,38.48
TV,17814,,24.00
TV,17814,Cheprec,268.00
TV,17824,,210.00
TV,17824,MIRADOR TURBO,129.00
TV,17826,,731.50
TV,17826,DOMARK 125 PLUS,1962.75
TV,17840,OLIOCIN PLUS,50.00
TV,17847,CEDROZ LT 5,5.00
TV,17855,FITOPYR 2EC PRO,40.00
TV,17863,AFFLANK,170.00
TV,17873,,75852.00
TV,17873,CELADA VMB 180,297.53
TV,17880,AZULEO,48.00
TV,17888,VOLIAM,373.00
TV,17894,TRIKA ENERGY,1680.00
TV,17896,FORTUNE DISPERSS,34320.00
TV,17897,,710.00
TV,17920,GHIBLI TM,588.00
TV,17923,,144.00
TV,17923,ARNOS SC,639.00
TV,17924,STRALE 250 EC,11.00
TV,17932,,365.00
TV,17932,ORO-QUIN,1187.00
TV,17936,PROMINENT NEW,2002.00
TV,17938,,4080.00
TV,17938,CLINIC TF,4485.00
TV,17945,,19.00
TV,17945,LUMEO,475.70
TV,17947,,19.00
TV,17947,CODAL,1976.75
TV,17949,PATRIOT ULTRA,222.00
TV,17951,,9.00
TV,17951,AUDACE SC,1804.00
TV,17956,REVYSION SC,1866.00
TV,17957,Heritage,0.10
TV,17962,ACELEPRYN 200 SC,1.80
TV,17963,,310.00
TV,17963,TIOVIT 800 L,3190.00
TV,17994,SPORAMIL COMBI WP,206.00
TV,18001,MIKONOS,1566.00
TV,18002,Vitanica TC Protect,43.00
TV,18003,,250.00
TV,18003,CUNEB,3650.00
TV,18082,,67.50
TV,18082,SERCADIS SC,119.00
TV,18092,,11.00
TV,18092,REVYSTAR XL,503.00
TV,18109,KASKO MET,50.00
TV,18119,SINALA,1110.00
TV,18137,,2013.00
TV,18137,REVYSION,20909.30
TV,18137,REVYSION LT 1,7.00
TV,18143,QUESTAR,255.00
TV,18145,BOTRYBEL,1255.00
TV,18148,,880.00
TV,18148,BUGGY GOLD,60.00
TV,18153,ERADICOAT MAX,80.00
TV,18181,UNIVOQ,375.00
TV,18182,,18725.00
TV,18182,ZOLVIS 80 ULTRA,47950.00
TV,18206,,3.75
TV,18206,ZONGRUUM,361.30
TV,18212,IBISCO PFnPE,0.90
TV,18213,BACILLUS CHEMIA PFnPE,13.28
TV,18213,VITHAL BACILLUS PFnPE,0.20
TV,18214,ROMEO PFnPE,0.40
TV,18216,VITIKAPPA,9.00
TV,18216,VITIKAPPA PFnPE,20.30
TV,18222,ESCA LUMACHICIDA LINEA SEPRABAIT FE,3.00
TV,18222,FERRAMOL,4.00
TV,18222,FERRAMOL LUMACHICIDA PFnPE,72.00
TV,18222,FERRAMOL PFnPE,3255.50
TV,18222,FERROMOL,87.00
TV,18222,FERROMOL ESCA,132.00
TV,18223,NATRIA LUMACHICIDA PFnPE,410.00
TV,18229,BAC MK PFnPE,5.20
TV,18229,BAC MK PFnPE DA 0.05 CHILI,1.00
TV,18232,BORDOFLOW NEW PFnPE,17.05
TV,18235,CIOPPER PFNPE,41.60
TV,18235,VITHAL CIOPPER PFnPE,2.40
TV,18239,FLIPPER PFnPE,17.65
TV,18239,FLIPPER PFnPE 50ML,0.95
TV,18241,IDRORAME FLOW PEnPE,1.50
TV,18241,IDRORAME FLOW PFnPE,403.50
TV,18241,VITHAL RAME LIQUIDO PFnPE,5.00
TV,18242,LEPINOX,0.20
TV,18242,LEPINOX PLUS,1.20
TV,18242,LEPINOX PLUS PFNPE,46.99
TV,18244,MOMENTUM PFnPE,71.69
TV,18245,POLTIGLIA 20WG,18.00
TV,18245,POLTIGLIA BORDOLESE PFnPE,18.00
TV,18245,POLTIGLIA MANICA 20 WG PFNPE,185.94
TV,18251,TIOLENE PFnPE,80.90
TV,18253,VERDERAME 20 WG PFnPE,59.32
TV,18256,NISUS 3B PFnPE,13.00
TV,18257,3LOGY PFnPE,3.50
TV,18257,VITHAL 3 LOGY PFnPE,0.40
TV,18258,ALFIL WG PFnPE,7.00
TV,18259,BARBARIAN BIOGRADE 360,74.50
TV,18259,BARBARIAN BIOGRADE 360 PFNPE,2306.00
TV,18261,BARCLAY GALLUP BIOGRADE 360 PFnPE,56.50
TV,18263,BIOLID UP PFnPE,490.00
TV,18266,COBRE NORDOX SUPER 75 WG PFnPE,0.30
TV,18268,FILAL WG PFNPE,4.00
TV,18269,GLIFENE BIOGRADE,100.00
TV,18269,GLIFENE BIOGRADE PFnPE,544.00
TV,18269,GLIFENE BIOGRADE PFnPE DA 0.500 LIT,80.00
TV,18270,,131.50
TV,18270,ADAMA DISERBANTE GLIPHOGAN TOP,12.50
TV,18270,GLIPHOGAN,144.00
TV,18270,GLIPHOGAN  TOP CL PFnPE,278.50
TV,18270,GLIPHOGAN TOP CL,151.50
TV,18270,GLIPHOGAN TOP CL PFnPE,8764.50
TV,18270,GLIPHOGAN TOP CL PFnPE DA 0.500 LIT,180.00
TV,18270,GLIPHOGAN TOP PFnPE,273.50
TV,18274,,1.00
TV,18274,Nemguard Granules PFnPE,7.25
TV,18277,SHAMAL MK PLUS CL PFnPE,607.50
TV,18277,SHAMAL MK PLUS PFnPE,4.80
TV,18279,TAIFUN MK CL PFnPE,1011.50
TV,18282,TRUSTEE 450 PFNPE,414.50
TV,18283,XEDAVIR PFNPE,6.00
TV,18284,ADAMA WANAX PFnPE,0.40
TV,18284,WANAX PFNPE,13.10
TV,18288,BEMOTIUS,25.00
TV,18290,FOLPETIS 50 SC,1296.00
TV,18319,,0.02
TV,18319,TUTAVIR ER2,2.90
TV,18323,VIBALLA SF2,28.00
TV,18342,AF-X1 2023,1287.50
TV,18383,EXIREL 2023,30.00
VE,13,,15360.00
VE,13,THIOPRON,3070.00
VE,133,,2.00
VE,206,,125.00
VE,206,ALBENE,12.00
VE,599,,240.00
VE,599,ACUPRICO 76 WG,20.00
VE,619,,28.00
VE,619,VALGRAN,10.00
VE,909,,300.00
VE,909,POLISOLFURO DI CALCIO POLISENIO,75.00
VE,1156,,6039.00
VE,1156,CHEMOL,467.00
VE,1562,,43.00
VE,1562,ERBITOX M PRO,18.00
VE,1573,,5120.00
VE,1573,BASAMID GRANULAT,1120.00
VE,1583,,78980.00
VE,1583,MICROTHIOL DISPERSS,34140.00
VE,1823,ZOLFO 80 MICRONIZZATO,9.00
VE,1936,,2460.00
VE,2191,,1140.00
VE,2191,WETTING PLUS,720.00
VE,2260,,214.00
VE,2260,GASTROTOX E,80.00
VE,2291,,744.00
VE,2291,ESCA REGINA N,50.00
VE,2307,,1563.00
VE,2307,VECTOR,535.00
VE,2353,,812.00
VE,2353,BONALAN,148.00
VE,2732,,1373.00
VE,2732,GOLTIX,441.00
VE,2923,,39023.00
VE,2923,TIOVIT JET,8372.00
VE,3102,,322.00
VE,3102,OLEOTER,15.00
VE,3132,,9.00
VE,3182,,2.00
VE,3343,,206.00
VE,3343,U46 M CLASS,141.00
VE,3412,,776.00
VE,3412,SYLLIT 65,88.00
VE,3486,,19.00
VE,3486,TRISCABOL DG,8.00
VE,3503,,145.00
VE,3503,AGRUMIN,20.00
VE,3519,,20.00
VE,3519,METAMBANE,202.00
VE,3553,,10.00
VE,3640,,2080.00
VE,3767,,676.00
VE,3767,FENOXILENE 200,44.00
VE,3817,,62.00
VE,3817,DISERBONE KN,9.00
VE,4701,,41.00
VE,4701,PIRIMOR 50,10.00
VE,4710,,1028.00
VE,4710,ALIETTE,89.50
VE,4896,RIGENAL P,0.10
VE,5414,,0.38
VE,5414,RADICANTE POLVERE TALEE LEGNOSE PFn,1.10
VE,5574,,329.00
VE,6162,DE-SPROUT,10.00
VE,6321,STIMOLANTE 66F,4.00
VE,6322,,33.00
VE,6322,OBSTHORMON 24A,14.00
VE,6437,,91.00
VE,6437,ETHREL,5.00
VE,6438,,6.00
VE,6438,BI-FEN,12.00
VE,6555,,210.00
VE,6556,,84.00
VE,6556,K-OBIOL DP2,7.00
VE,6557,,41.00
VE,6704,TIOLENE 80 WG,10.00
VE,6771,,2003.00
VE,6945,,74.75
VE,6945,TOPAS 10 EC,50.50
VE,6956,TARGA FLO,746.00
VE,7020,,276.00
VE,7020,BAGNANTE CIFO,176.00
VE,7053,,113.00
VE,7053,PASTA CAFFARO NC,13.00
VE,7055,,101.50
VE,7055,PASTA CAFFARO BLU,49.00
VE,7368,,96.00
VE,7368,TURFENE L,28.00
VE,7379,,185.50
VE,7379,VENZAR,66.00
VE,7401,POLTIGLIA CAFFARO 20 DF NEW,68.00
VE,7411,,3.00
VE,7483,,17.00
VE,7483,DEVRINOL F,2.00
VE,7541,,3.50
VE,7700,,43.00
VE,7700,MATACAR FL,9.00
VE,7764,,226.50
VE,7764,TIOLENE PFnPE,15.00
VE,7911,,190.00
VE,7916,,13644.00
VE,7916,POLYRAM DF,3066.00
VE,7919,,26569.00
VE,7919,TOUCHDOWN,8346.00
VE,7922,OPALENE FLUID,2.00
VE,7930,,2719.00
VE,7930,KERB FLO,316.00
VE,8023,SUMIALFA ECHO,83.00
VE,8028,,537.00
VE,8102,,5781.00
VE,8102,MERPAN 80 WDG,757.00
VE,8146,,79.00
VE,8146,GALLERY,21.00
VE,8184,,599.00
VE,8184,CHALLENGE,22.00
VE,8189,,1290.00
VE,8259,,1.00
VE,8320,,10.00
VE,8320,DELFIN,57.00
VE,8376,,468.00
VE,8376,ARIANE II,9.00
VE,8498,,72.50
VE,8498,FOLICUR WG,56.50
VE,8542,,254.00
VE,8542,FORUM 50 WP,184.00
VE,8558,,836.50
VE,8558,PIRETRO VERDE,63.00
VE,8558,PIRETRO VERDE PFnPE,0.50
VE,8599,,1697.00
VE,8599,GOLD BEET,150.00
VE,8601,,9713.00
VE,8601,FOLPAN 80 WDG,5886.00
VE,8617,,58.00
VE,8617,BANVEL 480 S,18.00
VE,8656,,3065.00
VE,8656,GLIFENE HP,4862.00
VE,8706,,11.50
VE,8706,AMID THIN W,8.00
VE,8712,,3.00
VE,8735,,1991.00
VE,8735,TREBON UP,798.00
VE,8743,,2.00
VE,8795,,177.75
VE,8795,VERTIMEC EC,156.25
VE,8801,,539.00
VE,8801,SCORE 25 EC,145.25
VE,8836,,36.00
VE,8874,,331.00
VE,8874,ETOFUM - FL,6.00
VE,8882,,113.00
VE,8886,,67.20
VE,8886,SAFARI,21.72
VE,8929,,23.00
VE,8929,TOPIK 240 EC,0.50
VE,8933,,1.00
VE,8934,,285.00
VE,8934,SCALA,137.00
VE,8937,,8.00
VE,9005,,951.00
VE,9005,AGIL,1838.00
VE,9010,RAMEZIN COMBI WG,450.00
VE,9012,,110.00
VE,9012,CUPROCAFFARO MICRO,200.00
VE,9041,,10000.00
VE,9061,,3.00
VE,9126,,7.00
VE,9126,CONCORDE COMBI,3.00
VE,9210,,5790.00
VE,9210,QUADRIS,1439.00
VE,9244,,240.00
VE,9244,ZIRAMIT 76 WG,210.00
VE,9280,TOPAS 200 EW,0.50
VE,9342,,1.50
VE,9342,DELTRIN,14.00
VE,9373,,73.00
VE,9373,CHORUS,3.00
VE,9411,RADIP ORMON,0.80
VE,9422,,291.75
VE,9422,EVADE,133.00
VE,9449,EMERALD COMBI,16.00
VE,9509,,65.50
VE,9569,,717.00
VE,9569,ZETARAM 3B FL,30.00
VE,9578,,1368.00
VE,9578,SWITCH,222.25
VE,9612,OSSICLOR 30,11.00
VE,9631,,36.00
VE,9679,,1.00
VE,9695,PERLAN,5.00
VE,9705,,124.00
VE,9705,PREVITER,29.00
VE,9723,,2290.00
VE,9744,,413.00
VE,9744,SCORE 10 WG,30.00
VE,9757,,303.00
VE,9757,SPYRALE,85.00
VE,9787,MICROBAGNABILE WG,11.00
VE,9790,,471.00
VE,9800,,410.55
VE,9800,MAVRIK SMART,13.20
VE,9843,,3231.00
VE,9843,BASAGRAN SG,1341.00
VE,9872,,145.00
VE,9872,AKRIS,200.00
VE,9954,,2721.00
VE,9954,JOKER,1071.00
VE,10048,,8075.00
VE,10048,KUMULUS TECNO,9225.00
VE,10105,,8.75
VE,10105,RIDOMIL GOLD SL,3.25
VE,10117,,2367.00
VE,10117,STRATOS ULTRA,667.00
VE,10118,,1866.60
VE,10118,AMISTAR,163.80
VE,10161,,485.00
VE,10161,ORTIVA,29.00
VE,10220,,6.00
VE,10220,DICOPUR COMBI,52.00
VE,10221,,14.00
VE,10224,,1500.00
VE,10233,,11.00
VE,10305,,96.00
VE,10305,OIKOS,12.30
VE,10306,,88.00
VE,10306,MISTRAL,53.00
VE,10350,,717.00
VE,10350,BLAST SG,147.00
VE,10381,,170.50
VE,10415,,10.00
VE,10415,ARIC 480 LS,13.00
VE,10423,,54.00
VE,10439,,2.00
VE,10461,DICOTURF,1.00
VE,10479,,90.00
VE,10479,NATURALIS,96.00
VE,10569,GOLTIX 700 SC,164.00
VE,10573,,492.00
VE,10573,KOCIDE 2000,23.00
VE,10577,,513.50
VE,10577,METRIPHAR 70 WG,28.00
VE,10585,,25.00
VE,10588,,242.00
VE,10588,BIOPIREN PLUS,72.00
VE,10589,FLORA VERDE PFnPE,1.10
VE,10604,,10.75
VE,10604,EMERALD 40 EW,1.25
VE,10627,,3.00
VE,10632,,330.00
VE,10632,COBRE NORDOX SUPER 75 WG,683.00
VE,10647,,40.00
VE,10701,,0.50
VE,10701,CUMETA FLOW,20.00
VE,10734,,4802.00
VE,10734,DUAL GOLD,2506.00
VE,10735,,2796.00
VE,10735,PRIMAGRAM GOLD,963.00
VE,10741,METACINQUE,129.00
VE,10771,,2428.00
VE,10771,MOST MICRO,918.00
VE,10816,PIRETRO GARDEN,16.50
VE,10878,PANESCA,14.00
VE,10890,,480.00
VE,10890,FLiPPER,64.20
VE,10890,FLiPPER ML 200,3.00
VE,10890,FLiPPER ML 50,1.20
VE,10890,FLiPPER PFnPE,13.70
VE,10926,,46.00
VE,10926,ALTOREX,1.00
VE,10929,CHIKARA 25 WG,4.00
VE,10944,,558.25
VE,10944,KARATE ZEON,251.20
VE,10948,,42.50
VE,10948,VITISAN WG,15.00
VE,10952,,269.00
VE,10976,,1187.75
VE,10976,METEOR,862.83
VE,10976,METEOR PFnPE,1.00
VE,10999,,610.00
VE,10999,BETANAL SE,574.00
VE,11011,,5207.00
VE,11011,DASH HC,2226.00
VE,11059,,194.00
VE,11059,BIOPOWER,35.00
VE,11062,,43.00
VE,11062,BION 50 WG,2.00
VE,11070,,26985.00
VE,11088,,6.00
VE,11102,,310.00
VE,11102,HELIOSOUFRE S,12.00
VE,11119,,206.15
VE,11119,FLINT,11.00
VE,11133,SHELTER,41.00
VE,11150,,1725.00
VE,11190,,4.00
VE,11196,,30.00
VE,11197,,7.00
VE,11206,,5287.50
VE,11206,CODACIDE,2292.50
VE,11212,BATKUR,12.00
VE,11243,,872.00
VE,11243,LEOPARD 5 EC,1915.00
VE,11253,,239.00
VE,11253,CALLISTO,132.00
VE,11255,,424.00
VE,11257,,48.75
VE,11258,,80.00
VE,11303,,840.00
VE,11303,CHAMP DP,210.00
VE,11341,,790.00
VE,11341,STARANE GOLD,525.00
VE,11353,,118.00
VE,11353,FUSILADE MAX,40.00
VE,11355,,9360.00
VE,11393,BEETLE,10.00
VE,11416,,275.00
VE,11448,,155.00
VE,11448,KICKER,8.00
VE,11449,,7333.00
VE,11449,GARDOPRIM GOLD,230.00
VE,11479,,223.00
VE,11479,BRANCHER DIRADO,10.00
VE,11497,,3.00
VE,11505,,182.00
VE,11505,READY GERMIPLUS,14.00
VE,11526,,402.00
VE,11526,SULTAN,365.00
VE,11549,,2.25
VE,11554,ECODIAN CIDIA,5.00
VE,11561,,90.00
VE,11561,NEEMAZAL T/S,2.85
VE,11569,,237.00
VE,11569,CUPROXAT SDI,2.00
VE,11611,,75.00
VE,11619,TIOFLOR WDG,539.00
VE,11637,,15.00
VE,11649,,95.80
VE,11649,COMMAND 36 CS,21.00
VE,11654,,189.00
VE,11654,VERIN,1.00
VE,11678,,22.00
VE,11678,ACTELLIC 2/P NEWPHARM,7.00
VE,11687,,300.00
VE,11690,,56.50
VE,11690,GOAL 480 SC,2.00
VE,11693,,81.00
VE,11693,LASER,25.25
VE,11693,LASER PFnPE,0.60
VE,11711,,70.00
VE,11711,MEXIRAM HI BIO,660.00
VE,11760,,5160.00
VE,11760,POLITHIOL,640.00
VE,11762,,385.00
VE,11762,FORUM STAR,610.00
VE,11767,,29.00
VE,11767,BIG MAIS,80.00
VE,11779,,140.00
VE,11786,,0.15
VE,11793,,0.50
VE,11793,XENTARI WG,2.00
VE,11802,,20.00
VE,11854,,19.00
VE,11872,RIFLE 3-18-R,16.00
VE,11944,,340.00
VE,11991,NEEMIK TEN,12.00
VE,11999,,120.00
VE,12010,TUAREG,73.00
VE,12023,,371.00
VE,12037,,2860.00
VE,12037,CAMIX,240.00
VE,12043,,102.00
VE,12043,PREVICUR ENERGY,12.00
VE,12044,,97.50
VE,12048,,313.00
VE,12048,TIOSOL 80 WG,150.00
VE,12067,CIPER,1.00
VE,12068,,11.00
VE,12068,TEFLUSTAR,5.00
VE,12069,EPIK,1.00
VE,12090,,990.00
VE,12096,,28395.00
VE,12096,POLTIGLIA DISPERSS,6556.00
VE,12100,,213.00
VE,12100,ASSET DUO,30.00
VE,12106,,60.00
VE,12106,TALENDO,67.50
VE,12114,,49.00
VE,12114,AUXIGER LG,5.00
VE,12133,JUVINAL GOLD,1.00
VE,12170,,545.00
VE,12170,HELIOCUIVRE,5.00
VE,12172,,9.00
VE,12172,FERRAMOL,381.50
VE,12172,FERRAMOL PFnPE,103.00
VE,12225,,21.31
VE,12225,TEPPEKI,11.09
VE,12233,,197.00
VE,12233,KAPLAN,1.00
VE,12235,FERRAMOL ESCA LUMACHICIDA (PFnPO),15.00
VE,12285,,648.00
VE,12285,FORUM GOLD,112.00
VE,12319,KRONOS,5.00
VE,12323,,1.50
VE,12323,VEBIZOLFO WG,8.50
VE,12344,,3.00
VE,12361,,28.80
VE,12361,ALGEDI,76.00
VE,12375,,500.00
VE,12375,SUGAR 500 SC,5.00
VE,12381,,137.00
VE,12381,NU-FILM-P,6.00
VE,12437,,435.00
VE,12437,DELAN 70 WG,58.00
VE,12452,,102.00
VE,12452,EQUIP,10.00
VE,12453,,970.00
VE,12453,MILDICUT,333.00
VE,12482,,11175.00
VE,12482,LUMAX,5010.00
VE,12522,METRO,2.50
VE,12528,,25.00
VE,12528,CABRIO TOP,1.00
VE,12529,,26.00
VE,12529,TUCANA 25 EC,11.00
VE,12534,,78.50
VE,12534,FOXTAIL,54.50
VE,12540,,12.00
VE,12548,XANILO 45 WG,73.50
VE,12566,,17.00
VE,12566,PYGANIC 14 PFnPE,1.00
VE,12573,EKO OIL SPRAY,30.00
VE,12590,,2150.00
VE,12590,DIASTAR MAXI,410.00
VE,12622,,56.00
VE,12622,QUANTUM,76.00
VE,12625,,2.00
VE,12628,,19.00
VE,12661,NEXOL 10 WG,6.00
VE,12662,,445.00
VE,12662,METAFOL 700 SC,295.00
VE,12671,,99.11
VE,12671,HARMONY 50 SX,43.08
VE,12690,SPRUZIT INSETTICIDA CONCENTRATO PFn,0.24
VE,12691,SPRUZIT INSETTICIDA PRONTO USO (PFn,11.25
VE,12696,,100.00
VE,12722,OSSICLOR 20 FLOW,19.00
VE,12737,,5210.00
VE,12737,AIRONE PIU',5672.00
VE,12738,KING 360 HP,90.00
VE,12748,,580.00
VE,12754,,80.00
VE,12756,,11.40
VE,12756,DICOTEX,19.00
VE,12759,,189.50
VE,12759,OSSICLOR 35 WG,137.00
VE,12763,,45.50
VE,12768,,0.25
VE,12770,,2.00
VE,12779,,181.00
VE,12785,,1596.00
VE,12788,,127.00
VE,12788,ADIGOR,164.00
VE,12792,,1873.00
VE,12792,MAGIC TANDEM,872.00
VE,12793,ZOLFO AFEPASA 80 WG,100.00
VE,12806,,256.00
VE,12806,FEDOR,142.00
VE,12828,,1.00
VE,12831,,1.00
VE,12834,,2.73
VE,12835,,0.86
VE,12839,ECODIAN STAR,11.00
VE,12843,,1.47
VE,12843,CHECKMATE CM-F,1.00
VE,12844,,1.56
VE,12862,,361.00
VE,12862,CANTUS,357.00
VE,12866,,36.00
VE,12866,COLLIS,11.00
VE,12868,,14.00
VE,12868,BELLIS,4.00
VE,12869,,1393.00
VE,12869,SIGNUM,168.00
VE,12878,,3722.00
VE,12878,FOLPAN GOLD,4242.00
VE,12883,,303.00
VE,12883,PROSPER 300 CS,763.00
VE,12886,,1411.00
VE,12886,KARATHANE STAR,913.00
VE,12888,,43.00
VE,12916,SACRON 45 W,19.00
VE,12933,,27.00
VE,12940,,669.50
VE,12940,KARATE ZEON 15,282.00
VE,12961,,23.00
VE,12994,,4.00
VE,12994,VIVER ELITE WG,182.50
VE,13012,,1904.00
VE,13012,FOLVIT 80 WDG,1745.00
VE,13018,,35.00
VE,13061,,99.00
VE,13061,BIOBIT DF,81.00
VE,13062,,558.00
VE,13063,,0.10
VE,13064,,1972.00
VE,13064,VITENE ULTRA SC,286.00
VE,13065,,21.00
VE,13065,DOMARK 125,113.18
VE,13065,DOMARK 125 PFnPE,0.50
VE,13076,,9.00
VE,13083,,125.00
VE,13083,CURZATE EFFE,130.00
VE,13084,,231.00
VE,13084,TELDOR PLUS,81.00
VE,13085,ECODIAN COMBI,11.00
VE,13093,,1240.00
VE,13093,STOMP AQUA,497.00
VE,13095,,3.00
VE,13098,,1283.50
VE,13098,ROUNDUP POWER 20,4308.00
VE,13098,ROUNDUP POWER 20 PFnPE,17.00
VE,13108,CURAME BORDEAUX,518.00
VE,13120,,250.00
VE,13120,MYSTIC 430 SC,4.00
VE,13126,,658.00
VE,13126,CABRIO DUO,55.00
VE,13127,,105.00
VE,13127,VALIS F,360.00
VE,13149,,1247.00
VE,13149,POLTIGLIA MANICA 20 WG,245.50
VE,13149,POLTIGLIA MANICA 20 WG PFnPE,84.50
VE,13150,CURAME 25 WG,68.00
VE,13154,,2803.00
VE,13154,MONDAK 480 S,852.00
VE,13156,,17.00
VE,13156,CAMBEL 480 S,55.00
VE,13158,,67.00
VE,13158,REMEDIER,61.00
VE,13159,,166.00
VE,13159,PRIMIAL,5.00
VE,13160,,2151.00
VE,13160,FORUM TOP,1147.00
VE,13168,,8659.00
VE,13168,LAUDIS,2847.00
VE,13205,,60.00
VE,13205,ZOLFO MANICA SCORREVOLE DOPPIO RAFF,10.00
VE,13213,,1904.00
VE,13213,R6 ERRESEI ALBIS,1535.00
VE,13218,,10.00
VE,13218,FINALSAN PLUS,90.00
VE,13236,,400.00
VE,13236,BULLET,42.00
VE,13242,,230.00
VE,13242,NICOGAN VO,480.00
VE,13244,,3475.00
VE,13249,,445.00
VE,13249,ZOLFO VENTILATO STELLA RAMATO S,50.00
VE,13252,,245.00
VE,13252,PLAYER 250 SC,443.00
VE,13253,,1420.00
VE,13253,PLAYER SC,265.00
VE,13285,,1.00
VE,13285,SEVERAL,292.00
VE,13290,,250.00
VE,13290,ZOLFO MANICA DOPPIO RAFFINATO VENTI,2700.00
VE,13299,MAGIO',3.00
VE,13311,,10.00
VE,13313,,246.00
VE,13313,CASPER,15.00
VE,13323,SULFY 80 WDG PFnPE,1.00
VE,13327,,53.35
VE,13327,GRANSTAR ULTRA SX,43.20
VE,13377,,36.00
VE,13382,,1276.50
VE,13382,PERGADO SC,219.00
VE,13386,,950.00
VE,13386,PROSARO,662.00
VE,13387,,169.60
VE,13387,FLORAMIX,108.14
VE,13388,,3.30
VE,13389,,3642.00
VE,13389,AFFIRM,1705.00
VE,13391,,12.00
VE,13451,,376.00
VE,13451,SPARVIERO,9.00
VE,13455,,63.00
VE,13455,ANTIGRAM GOLD,105.00
VE,13466,,951.00
VE,13466,SPOTLIGHT PLUS,548.00
VE,13472,,190.00
VE,13485,,3286.00
VE,13485,FOLPEC 80 WG ADVANCE,38.00
VE,13486,,130.00
VE,13486,JUDO,14.25
VE,13489,,58.50
VE,13489,CYMBAL,135.50
VE,13518,NISUS 3B,10.00
VE,13540,,203.00
VE,13552,,1248.00
VE,13552,ZOLVIS 80 SECTOR,1609.50
VE,13552,ZOLVIS 80 SECTOR PFnPE,790.00
VE,13576,RAMEPLANT WG,16.00
VE,13585,SOLOFOL,65.00
VE,13586,,3.50
VE,13586,VERDERAME 20 WG PFnPE,20.50
VE,13592,,127.00
VE,13592,VOLARE,33.00
VE,13604,,125.00
VE,13635,,374.50
VE,13635,POLTIGLIA 20 PB MANICA PFnPE,1.50
VE,13637,,6106.00
VE,13637,PERGADO F,1557.00
VE,13689,,21.00
VE,13689,FLINT MAX,7.50
VE,13693,,2.40
VE,13693,BACILLUS CHEMIA,0.60
VE,13698,,452.75
VE,13698,VIVANDO,275.75
VE,13700,,189.00
VE,13700,ATLANTIS PRO,4.50
VE,13701,,108.20
VE,13711,,2503.00
VE,13711,QUIZA 5 EC,55.00
VE,13714,,250.00
VE,13741,,20.00
VE,13771,,275.00
VE,13771,NIMROD 250 EW,15.00
VE,13782,,9.00
VE,13791,GEATER-STAR PFnPE,11.50
VE,13792,,832.00
VE,13792,STABILAN,90.00
VE,13796,,12.00
VE,13796,CELL,72.00
VE,13809,,63560.00
VE,13809,FORCE ULTRA,14590.00
VE,13823,,48.00
VE,13823,ALVERDE,5.00
VE,13838,,0.75
VE,13838,FUNGICIDA PRATO VITHAL GR 250,0.25
VE,13838,XEDAVIR,2.75
VE,13838,XEDAVIR PFnPE,4.75
VE,13841,,22472.00
VE,13841,FOCUS ULTRA,6567.00
VE,13856,,465.00
VE,13876,,1184.00
VE,13876,APACHE,252.00
VE,13888,,445.00
VE,13895,,170.00
VE,13895,SAVIRAN STAR,10.00
VE,13905,,11.00
VE,13925,,135.00
VE,13926,,42.00
VE,13927,,102.00
VE,13927,ZAMIR 18,21.00
VE,13930,MARINS 200 CLASS,6.00
VE,13981,,1772.60
VE,13981,CORAGEN,227.30
VE,13983,,17.00
VE,13998,,86.00
VE,13998,PYRUS 400 SC,21.00
VE,14020,LIDAL,15.00
VE,14044,JOKER 480,76.00
VE,14058,,755.50
VE,14058,FEINZIN 70 DF,280.25
VE,14062,,1181.00
VE,14062,ZOXIUM 240 SC,295.00
VE,14074,TRINEX 250 EW,3.00
VE,14100,,31.00
VE,14100,KANEMITE,3.00
VE,14101,,913.00
VE,14101,CARAMBA,291.00
VE,14102,,2590.00
VE,14102,BORDOFLOW NEW,590.00
VE,14109,,931.00
VE,14119,VISIR PENCOTECH,15.00
VE,14136,,4.00
VE,14136,OBERON,3.50
VE,14137,,76.20
VE,14137,ALTACOR,3.70
VE,14154,PIRETRO ACTIGREEN,0.44
VE,14155,,2570.00
VE,14156,CURZATE R WG,80.00
VE,14165,,1630.00
VE,14165,NANDO MAXI,103.00
VE,14166,,37.00
VE,14168,,5.00
VE,14169,PERGADO R,20.00
VE,14178,,130.00
VE,14182,,64.00
VE,14182,ARES 25 WG,311.00
VE,14193,,23.00
VE,14193,SARMOX 45 DG,70.00
VE,14195,,400.00
VE,14210,,564.30
VE,14210,EVURE PRO,347.60
VE,14262,,7.76
VE,14262,GREENEX NF,2.00
VE,14294,,0.30
VE,14323,,72.00
VE,14323,BELPROMEC,20.00
VE,14336,,78.00
VE,14336,NEMATHORIN 150 EC,7.00
VE,14375,,2277.00
VE,14375,LION 5 EC,384.00
VE,14380,,6.00
VE,14387,NERVURE SUPER,143.00
VE,14390,,4350.00
VE,14390,BOOM EFEKT,2044.00
VE,14406,,292.50
VE,14406,LEIMAY,194.00
VE,14407,,25.50
VE,14407,RUNWAY,13.50
VE,14409,,4771.00
VE,14409,MOVENTO 48 SC,656.00
VE,14414,DUSTY,13.50
VE,14414,DUSTY PFnPE,11.00
VE,14418,,176.00
VE,14418,PULSAR 40 SL,19.00
VE,14431,,105.00
VE,14431,LENTAGRAN 45 WP,4.00
VE,14434,,2.72
VE,14434,NUANCE,4.10
VE,14474,TEBUSIP COMBI,10.00
VE,14479,,7780.00
VE,14479,SCHERMO 05 G,2054.00
VE,14523,,13.50
VE,14547,BAC MK,7.75
VE,14548,TURIBEL,6.00
VE,14559,,367.00
VE,14577,,634.00
VE,14577,FORUM R 3B,964.00
VE,14636,,3659.30
VE,14636,BIOLID UP,1181.50
VE,14636,BIOLID UP ML 500,22.00
VE,14636,BIOLID UP PFnPE,70.70
VE,14642,,14615.00
VE,14642,RIDOMIL GOLD R WG,3609.00
VE,14664,,0.52
VE,14664,BERELEX 40 SG,0.04
VE,14679,,15.00
VE,14679,CHEMOL PLUS,20.00
VE,14686,,865.00
VE,14686,KOCIDE OPTI,285.00
VE,14697,,337.00
VE,14697,ENERVIN DUO,254.00
VE,14699,,79.00
VE,14699,GEOXE,2.50
VE,14709,,20.80
VE,14735,,3.50
VE,14735,RANMAN TOP,9.50
VE,14737,,8728.50
VE,14737,ROUNDUP PLATINUM,1891.00
VE,14764,SLUXX,45.00
VE,14765,,5962.00
VE,14765,ELUMIS,2686.00
VE,14767,HERBICLEAN AL PFnPO,69.00
VE,14769,COMET 250 EC,25.00
VE,14785,,23.50
VE,14809,,4.00
VE,14812,,859.00
VE,14812,ENERVIN TOP,567.00
VE,14838,,10.00
VE,14838,BARCLAY GALLUP BIOGRADE 360,800.00
VE,14845,,90.00
VE,14846,,96.00
VE,14846,AVALON 250 EW,87.00
VE,14867,,4.00
VE,14872,,40.00
VE,14872,BELLIS DRUPACEE,7.50
VE,14879,,5.70
VE,14879,LONTREL 72 SG,32.85
VE,14884,,12356.00
VE,14884,CORUM,6374.00
VE,14897,,23.00
VE,14918,,1123.00
VE,14918,RIVIOR,131.00
VE,14919,,0.40
VE,14935,,1054.00
VE,14935,TIMELINE TRIO,466.00
VE,14936,,969.50
VE,14936,AMPLIGO,410.00
VE,14937,VOLIAM TARGO,17.00
VE,14938,DEDICATE,3.75
VE,14940,,0.50
VE,14947,,1615.50
VE,14967,,18.00
VE,14967,TIPTOR ULTRA,26.00
VE,14969,,3940.00
VE,14969,HOPPER 480,1695.00
VE,14972,,3.00
VE,14980,,55.00
VE,15005,,11.00
VE,15005,FONTELIS,11.00
VE,15013,LUMACHE PFnPE GR 500,10.00
VE,15013,NATRIA LUMACHICIDA,348.00
VE,15013,NATRIA LUMACHICIDA PFnPE,135.00
VE,15015,NATRIA LUMACHICIDA GIARDINO (PFnPO),17.00
VE,15023,,380.00
VE,15023,DERREX PFnPE,40.00
VE,15037,,36.00
VE,15037,BREZZA,15.00
VE,15039,,1.00
VE,15044,,604.00
VE,15047,,1.00
VE,15047,R6 ERRESEI BORDEAUX WG,14.00
VE,15049,,379.00
VE,15049,MODDUS,260.00
VE,15050,,414.00
VE,15050,VERTIMEC PRO,311.00
VE,15051,,4280.00
VE,15051,KYLEO,3055.00
VE,15052,,61.00
VE,15056,,1605.00
VE,15056,TOMCATO,348.00
VE,15058,,379.72
VE,15058,PRINCIPAL MAIS,363.48
VE,15059,,2600.00
VE,15059,DECIS EVO,729.50
VE,15062,,339.00
VE,15062,PIRAMAX  EC,4.00
VE,15064,,7.00
VE,15071,,370.00
VE,15071,EVOLUTION,120.00
VE,15083,,2.00
VE,15083,AUDACE,100.00
VE,15096,,1535.50
VE,15096,GLIPHOGAN TOP CL,2315.00
VE,15096,GLIPHOGAN TOP CL PFnPE,705.00
VE,15102,,28.00
VE,15102,CURZATE ERRE EVO,40.00
VE,15111,,7.00
VE,15115,,1074.00
VE,15115,PROSPER 500 EC,7.00
VE,15116,ELIOS R,6.00
VE,15121,,3360.00
VE,15121,BIOCUPRO,160.00
VE,15122,,26.00
VE,15122,ACTELLIC 50 NEWPHARM,13.00
VE,15127,,35.00
VE,15127,SANVINO,301.00
VE,15130,,640.00
VE,15130,INTREPID,245.00
VE,15142,,7398.00
VE,15142,ALCANCE SYNC TEC,1902.00
VE,15149,,225.00
VE,15149,COSAVET DF EDGE,1215.00
VE,15168,ZORO 19 EW,5.00
VE,15199,,1.00
VE,15199,SAKURA,23.00
VE,15200,,7.00
VE,15201,FLOXY 400 SC,17.00
VE,15213,DEMETRINA FLOW,8.92
VE,15213,DEMETRINA FLOW PFnPE,0.05
VE,15221,,576.00
VE,15222,,32.00
VE,15222,FOLICUR COMBI WG,117.00
VE,15223,PANTANI,56.00
VE,15229,,45.00
VE,15229,STOPPER P,40.00
VE,15232,,1.00
VE,15233,DALET TRIO,235.00
VE,15235,,65.00
VE,15235,MOMENTUM,138.50
VE,15235,MOMENTUM PFnPE,3.50
VE,15247,,11.00
VE,15250,,280.00
VE,15250,COPRANTOL DUO,15.00
VE,15251,,945.00
VE,15251,AIRONE LIQUIDO,661.00
VE,15253,,22.00
VE,15263,,127.00
VE,15263,DYNALI,30.00
VE,15264,,4597.00
VE,15264,ENERVIN SC,1164.00
VE,15265,,97.00
VE,15266,,6500.00
VE,15266,QUARTET,153.38
VE,15267,KUSABI,126.00
VE,15280,,14.00
VE,15285,PRIMMA STAR,0.01
VE,15291,,5.10
VE,15291,TURFENE PLUS PFnPE,2.60
VE,15292,,22.00
VE,15292,VERTIARO,15.50
VE,15293,,49.00
VE,15293,MAVITA 250 EC,37.00
VE,15294,,1256.00
VE,15297,HERBISTOP PRONTO USO GIARDINO (PFnP,3.00
VE,15298,,15.00
VE,15302,,71.00
VE,15302,AMYLO-X,128.00
VE,15307,,44.00
VE,15317,,4352.00
VE,15326,,9100.00
VE,15331,,0.00
VE,15335,,103.00
VE,15337,,5.60
VE,15337,EXPRESS,4.30
VE,15344,,36.00
VE,15346,,115.00
VE,15348,,75.00
VE,15348,RIDOMIL GOLD R LIQUIDO,120.00
VE,15349,,33.00
VE,15351,,115.00
VE,15356,,219.00
VE,15358,,330.00
VE,15358,ZOLFO FLOW MCT,799.50
VE,15358,ZOLFO FLOW MCT PFnPE,5.50
VE,15369,,79.00
VE,15369,MAGMA TRIPLE,5.00
VE,15374,,55.00
VE,15375,NIC 4,36.00
VE,15378,,803.00
VE,15378,TRAXOS PRONTO 60,17.00
VE,15379,,350.25
VE,15379,AXIAL PRONTO 60,68.25
VE,15384,,116.00
VE,15384,LUNA EXPERIENCE,2.00
VE,15389,,2150.00
VE,15401,,7833.00
VE,15401,TAIFUN MK CL,3019.50
VE,15402,,124.00
VE,15402,DELTASAP,2.00
VE,15405,,37.50
VE,15409,,200.00
VE,15409,DECISION,66.00
VE,15419,,75.00
VE,15419,ELECTIS R FLOW,110.00
VE,15422,,69.48
VE,15422,TITUS DUO,21.94
VE,15433,,134.00
VE,15433,ATLAS,13.00
VE,15438,,1.00
VE,15448,,293.00
VE,15448,REBEL TOP,23.00
VE,15449,,837.00
VE,15449,CIDELY,306.00
VE,15451,,75.00
VE,15483,,12.00
VE,15483,WISH,7.00
VE,15491,,59.50
VE,15491,SWORD UP,1.00
VE,15493,SIMUN 40 OD,127.00
VE,15499,,492.25
VE,15499,SONG 70 WDG,234.50
VE,15501,QUIZ,5.00
VE,15513,,1304.00
VE,15536,,137.00
VE,15543,LUMACHICIDA FER,60.50
VE,15543,LUMACHICIDA FER PFnPE,49.00
VE,15546,,124.35
VE,15546,BIATHLON 4D,8.40
VE,15549,,112.00
VE,15550,,115.00
VE,15553,,36.00
VE,15553,REGALIS PLUS,1.50
VE,15566,,487.00
VE,15566,VISION PLUS,91.00
VE,15567,BELPROIL-A,20.00
VE,15574,,40.00
VE,15574,KARMA 85,55.00
VE,15581,,11.00
VE,15583,,188.00
VE,15598,,158.00
VE,15610,,22.00
VE,15610,CYPERKILL 50 EC,2.00
VE,15612,,8.40
VE,15612,SEMPRA,6.90
VE,15621,,24.00
VE,15630,,430.50
VE,15633,,46.00
VE,15635,,2097.00
VE,15635,ADENGO XTRA,497.00
VE,15642,HYDRA PLUS,8.00
VE,15650,TB 25 WG,2.00
VE,15662,LESTRA,2.77
VE,15665,,50.40
VE,15665,KEMPO SORBIE,26.00
VE,15668,,7.50
VE,15668,GHIBLI 240 OD,20.50
VE,15670,ZOLFO VENTILATO RAMATO S MCT,10.00
VE,15674,,26.60
VE,15674,AMADEUS TOP,57.20
VE,15689,,25.00
VE,15693,,70.00
VE,15710,,60.00
VE,15712,,7980.00
VE,15712,SATELITE,2070.00
VE,15713,,1.00
VE,15713,DIABLO SC,0.40
VE,15718,GRANSTAR TRIO,0.40
VE,15722,,205.00
VE,15722,ARMICARB 85,15.00
VE,15736,,580.00
VE,15736,KOPRON 35 WG,20.00
VE,15741,,20.00
VE,15741,AVADEX FACTOR,40.00
VE,15744,,16.50
VE,15744,REBOOT,30.00
VE,15748,,111.00
VE,15748,SYLLIT 544 SC,11.00
VE,15751,VITENE TRIPLO R,134.50
VE,15752,,11.00
VE,15769,,2532.00
VE,15780,,260.00
VE,15790,,160.00
VE,15808,CYMBAL FLOW,113.00
VE,15831,,132.00
VE,15836,,182.00
VE,15836,RATRON GW,5.00
VE,15837,,13.75
VE,15838,,380.00
VE,15838,ROUNDUP ULTRAMAX,900.00
VE,15856,,133.00
VE,15869,,676.00
VE,15869,OPTIX STAR DISPERSS,150.00
VE,15886,,165.00
VE,15886,METAREX INOV,30.00
VE,15890,CURZATE 60 WG,2.00
VE,15898,,34.50
VE,15899,,45.00
VE,15900,,11080.00
VE,15900,TRIKA EXPERT,2210.00
VE,15901,,15230.00
VE,15901,ERCOLE,16410.00
VE,15907,,120.00
VE,15907,PRESIDIUM ONE,13.00
VE,15910,KARAKAS,1.00
VE,15911,,633.00
VE,15911,SPIROX,50.00
VE,15915,,173.00
VE,15915,STARANE HD,65.00
VE,15926,,494.00
VE,15926,MOJANG 600,80.00
VE,15928,SULGRAN DF PFnPE,7.00
VE,15948,,227.00
VE,15961,,1637.00
VE,15961,RETENGO NEW,56.00
VE,15990,SCIROCCO 125 EW,1.30
VE,15990,SCIROCCO 125 EW PFnPE,0.20
VE,16004,KORING 430 SC,1.00
VE,16007,,1298.00
VE,16023,,84.00
VE,16032,,144.00
VE,16033,,1.00
VE,16034,,6.00
VE,16035,,4.50
VE,16051,,40.00
VE,16051,LENNS,325.00
VE,16054,,16.00
VE,16065,,31.50
VE,16065,SERRATE,34.75
VE,16066,,24.00
VE,16068,,505.00
VE,16071,,34.00
VE,16071,MESOZIN 70 WG,61.00
VE,16074,GLORIAL 25 EC,122.00
VE,16076,,672.00
VE,16076,SOLIS,85.00
VE,16084,,24.00
VE,16084,BREVIS,5.00
VE,16085,,2.15
VE,16085,TRIMUR,12.29
VE,16092,,90.00
VE,16098,NIBER 70 DF,67.75
VE,16101,,160.00
VE,16101,TOPAS COMBI LIQUIDO,8.00
VE,16104,,600.00
VE,16104,ELECTIS TRIO WDG,458.00
VE,16107,RADAR COMBI FLOW,1.00
VE,16142,,3.00
VE,16149,,1.00
VE,16155,DINIRO,28.00
VE,16157,ATLANTIS FLEX,4.62
VE,16161,,820.00
VE,16161,CENTURY SL,20.00
VE,16171,,69.40
VE,16171,HADDEN,4.00
VE,16172,,48.00
VE,16178,,5860.00
VE,16182,,315.00
VE,16182,CLICK PRO,4.50
VE,16191,,414.00
VE,16191,TRIMAXX,6.00
VE,16194,,914.00
VE,16194,ETRAVON PRO,540.00
VE,16200,CUPRORAM 35 WG NC,20.00
VE,16205,,10.00
VE,16210,PowerRam Idro 20 HiBio,2.00
VE,16221,,1.50
VE,16221,MADEX TOP,0.40
VE,16224,CUPRORAM 37.5 WG,520.00
VE,16226,,710.00
VE,16226,CIMOTER RAME WG,150.00
VE,16235,KEYFOL WG,15.00
VE,16242,,50.00
VE,16249,,1.00
VE,16251,,869.00
VE,16251,AFFIRM OPTI,19.00
VE,16252,,200.00
VE,16252,AMISTAR GOLD,15.00
VE,16261,,0.40
VE,16261,BELOUKHA,110.00
VE,16271,,185.00
VE,16273,,1017.00
VE,16273,SIVANTO PRIME,385.00
VE,16277,,199.00
VE,16277,ALMADA 50 SC,55.00
VE,16279,,1310.00
VE,16279,ERCOLE GR,20.00
VE,16283,,31.00
VE,16285,,1086.00
VE,16287,,1006.00
VE,16287,SOLIGOR,399.00
VE,16288,,907.75
VE,16288,AMPEXIO,211.75
VE,16290,,27.73
VE,16290,AMADEUS ULTRA,5.59
VE,16293,,14.00
VE,16295,,70.00
VE,16296,,87.00
VE,16296,PERGADO D,63.00
VE,16299,,4907.00
VE,16303,,30.00
VE,16304,,57.00
VE,16312,,24.00
VE,16314,,1.00
VE,16314,ZOXIS 250 SC,36.00
VE,16315,RADAR HP,5.00
VE,16325,,5552.47
VE,16325,EPIK SL,1911.00
VE,16335,,9245.00
VE,16335,LIETO SC,3078.00
VE,16336,,11.00
VE,16363,,1036.90
VE,16363,SIRTAKI,670.90
VE,16364,,6328.00
VE,16364,BISMARK,3248.00
VE,16369,,89.00
VE,16379,,1205.00
VE,16379,PREV-AM PLUS,118.00
VE,16381,,51.00
VE,16381,CALLICORE,13.00
VE,16384,,4018.00
VE,16384,ELATUS ERA,1245.00
VE,16385,,655.50
VE,16385,ELATUS PLUS,82.50
VE,16395,,50.00
VE,16395,MOHICAN 500 SC,60.00
VE,16402,,0.50
VE,16402,ENVIROMITE FL,2.75
VE,16418,NATRIA INSETTICIDA ABBATTENTE (PFnP,113.00
VE,16420,,65.00
VE,16433,,40.00
VE,16438,,57.50
VE,16438,VELUM PRIME,6.00
VE,16444,DIXIE MAIS,3.60
VE,16457,,656.00
VE,16457,POLTIGLIA 20 WG GREEN,1292.00
VE,16459,,72.50
VE,16459,SOLEIL 50 WG,28.50
VE,16459,SOLEIL 50 WG PFnPE,7.50
VE,16460,VELIERO 500 EC,78.00
VE,16461,,334.00
VE,16461,CENTURION 240 NEO,74.00
VE,16472,,439.00
VE,16472,CONVISO ONE,3.00
VE,16480,,4498.00
VE,16480,3LOGY,848.00
VE,16481,,724.90
VE,16492,,1018.00
VE,16500,,0.64
VE,16501,INSTRATA ELITE,2.00
VE,16509,,128.00
VE,16509,IBISCO,1.00
VE,16509,IBISCO PFnPE,4.00
VE,16510,,19.00
VE,16527,,688.00
VE,16527,TELLUS WP,2.00
VE,16529,,73.00
VE,16538,,49.00
VE,16538,KITAMBA,480.00
VE,16540,PRIAM TOP,398.00
VE,16545,,4762.00
VE,16545,COPRANTOL HI BIO 20,107.00
VE,16562,,15035.00
VE,16562,DELAN PRO,2965.00
VE,16563,,90.00
VE,16564,,10.00
VE,16564,MEXIRAM TRI HI BIO,50.00
VE,16565,EXECUTIVE GOLD,4.00
VE,16567,,1430.00
VE,16570,,171.00
VE,16573,,593.00
VE,16573,FIGHTER,595.00
VE,16575,TRIMMER 50 WG,0.32
VE,16577,,38.00
VE,16577,U46 COMBI DUO,17.00
VE,16578,,2.00
VE,16578,MELODY COMPACT WG,12.00
VE,16596,,32.09
VE,16596,SANIUM PFnPE ML 5,0.60
VE,16596,SANIUM SL25 PFnPE,89.46
VE,16598,,419.20
VE,16598,SANIUM AL PE ML 800,124.80
VE,16598,SANIUM AL PFnPE,309.60
VE,16599,,5.60
VE,16599,SANIUM AL PFnPO,132.00
VE,16606,PHYTO SARCAN,150.00
VE,16607,,550.00
VE,16607,VEXTAMITRON 700 SC,200.00
VE,16616,,1978.00
VE,16616,VALLEY,572.00
VE,16618,COLZA POWER,0.25
VE,16630,,178.00
VE,16630,NATUREN LIMEX,691.80
VE,16630,NATUREN LIMEX GR 500,42.00
VE,16630,NATUREN LIMEX PFnPE,310.40
VE,16632,,16.00
VE,16640,,12.00
VE,16643,,4620.00
VE,16643,SUCCESS GR,252.00
VE,16654,POLYVERSUM,2.00
VE,16657,,1660.00
VE,16657,CENTURY PRO,2200.00
VE,16658,,716.00
VE,16658,DAGONIS,43.00
VE,16660,,200.00
VE,16663,,330.00
VE,16667,,822.00
VE,16667,REVOLUTION,191.00
VE,16690,,522.75
VE,16690,KESTREL,113.50
VE,16701,,2.20
VE,16742,,10.00
VE,16742,NEMGUARD SC,5.00
VE,16744,,0.60
VE,16747,SANIUM PIN PFnPO,1.12
VE,16751,,25.00
VE,16753,MERPLUS,20.00
VE,16754,SIMBA,10.00
VE,16755,,25.00
VE,16761,,7.00
VE,16772,,38.00
VE,16772,AMYLO X LC,1.00
VE,16776,,40.50
VE,16776,ASSET FIVE,6.75
VE,16779,,404.00
VE,16779,TONALE,498.00
VE,16780,,95.00
VE,16780,SERENADE ASO,45.00
VE,16783,,1895.00
VE,16785,,6.25
VE,16787,,4737.00
VE,16787,CLINIC ST,1219.00
VE,16792,,60.00
VE,16794,,138.00
VE,16794,SILGLIF ST,39.00
VE,16796,JOICE 55 D,224.00
VE,16797,,10.00
VE,16802,,2434.00
VE,16802,ZYPAR,828.00
VE,16813,,16.30
VE,16816,,5.00
VE,16818,,60.00
VE,16819,NATUR BREAKER,220.00
VE,16827,MAISOT,115.00
VE,16828,MAKURI MAX,6.00
VE,16831,,1860.00
VE,16831,GLIFENE BIOGRADE,425.00
VE,16833,,0.00
VE,16833,PANTOX 360 SUPER,200.00
VE,16835,,38.00
VE,16835,RAVANE PLUS 100 CS,5.00
VE,16842,,11.00
VE,16843,,5490.00
VE,16846,,43.80
VE,16847,CIRCUS  WG,1.90
VE,16857,,8.00
VE,16857,SHORTTRACK,2.00
VE,16858,,20.00
VE,16867,,22.00
VE,16867,GLISTER STAR,1280.00
VE,16882,,609.00
VE,16882,PROPULSE,390.00
VE,16886,,43.25
VE,16886,CLOSER,3.77
VE,16895,,9.45
VE,16896,ZORVEC ZELAVIN,0.20
VE,16902,,436.00
VE,16902,AVIATOR XPRO,15.00
VE,16904,,2.00
VE,16904,KIDEKA 100 SC,35.00
VE,16906,,1270.00
VE,16906,GHIBLI PLUS,583.00
VE,16907,,30.00
VE,16907,WHISPER,200.00
VE,16916,,5894.00
VE,16916,BUGGY G,152.00
VE,16917,,240.00
VE,16917,LOGRADO PLUS,15.00
VE,16935,,700.00
VE,16935,VERDRAM IDRO HI BIO,490.00
VE,16939,,44.00
VE,16945,,50.70
VE,16945,SERCADIS,147.70
VE,16950,,8.00
VE,16950,MANAMID 100 SC,355.00
VE,16951,,10.00
VE,16951,ESQUIVE WP,10.00
VE,16952,DIRIMAL,20.00
VE,16957,,6020.00
VE,16957,ZORVEC VINABRIA,1548.00
VE,16961,,10120.00
VE,16961,BENSEC TF,1745.00
VE,16963,,7.25
VE,16963,AVENOX 240,50.00
VE,16968,,220.00
VE,16976,,1015.00
VE,16976,VITIKAPPA PFnPE,33.00
VE,16988,,7490.00
VE,17003,,907.00
VE,17003,PRIAXOR,107.00
VE,17005,,156.00
VE,17005,CLOMATE,25.00
VE,17007,,5.00
VE,17010,TIXAL TRI,40.00
VE,17014,,35.50
VE,17024,,50.00
VE,17038,,6908.00
VE,17038,TUAREG NEW,4187.00
VE,17058,,96.00
VE,17058,ROMEO,36.00
VE,17058,ROMEO PFnPE,0.02
VE,17060,,71.00
VE,17065,,355.00
VE,17065,KAURITIL ULTRA WG,1025.00
VE,17066,,864.00
VE,17066,PRAXIM,5.00
VE,17069,,2210.00
VE,17069,TIOVIT L,75.00
VE,17075,MOVIDA,0.63
VE,17076,,118.00
VE,17076,GAZELLE,6.00
VE,17078,,2323.00
VE,17078,QUANTUM L,879.00
VE,17079,,1120.00
VE,17079,FORCE EVO,2440.00
VE,17081,,3880.00
VE,17081,CUPROSSIL IDRO NEW 20 WG,94.00
VE,17091,,10.00
VE,17091,CHAMP 20 WG,40.00
VE,17099,,25.00
VE,17112,,1.00
VE,17112,DIFCOR,1.00
VE,17115,,986.00
VE,17115,ZETROLA,594.00
VE,17116,,1084.00
VE,17116,ACTIVUS ME,62.00
VE,17117,,142.00
VE,17117,MITOR,3.00
VE,17119,SQUARE EC,15.00
VE,17121,,18.48
VE,17121,ATLANTIS ACTIV,5.94
VE,17125,,7.00
VE,17125,LOCK UP,4.00
VE,17164,,60.00
VE,17165,,4.00
VE,17178,,12.00
VE,17189,,550.00
VE,17203,PENDI 40,205.00
VE,17209,,422.00
VE,17209,DAVAI,149.00
VE,17211,,2.00
VE,17212,,27.00
VE,17212,ISERAN,255.00
VE,17217,,29.25
VE,17217,ARMICARB AL PFnPE,27.00
VE,17217,ARMICARB PFnPE ML 750,27.75
VE,17217,ARMICARB SPRAY,26.25
VE,17217,ARMICARB SPRAY PFnPE,49.50
VE,17226,,3.07
VE,17248,,322.00
VE,17248,ZORVEC VINABEL,463.00
VE,17254,SIAGRAN ULTRA,0.10
VE,17261,,100.00
VE,17261,POKER GEO,900.00
VE,17270,,453.00
VE,17272,,30.00
VE,17272,SERIFEL,1.50
VE,17273,,50.00
VE,17275,NOTO CLASS,4.00
VE,17278,KIDEKA,11.00
VE,17281,PETALIN,689.00
VE,17293,,23.00
VE,17294,,29.90
VE,17295,,70.00
VE,17304,KAN-DOO,91.00
VE,17306,,35.00
VE,17311,,17.50
VE,17311,VINIFOL WDG,255.00
VE,17317,,16.50
VE,17317,NABUCCO,10.75
VE,17319,,33.00
VE,17319,FOXPRO,1.00
VE,17320,,22.00
VE,17320,SENIOR 75 WG,29.50
VE,17332,,5.00
VE,17337,,12.00
VE,17337,VANGUARD,15.00
VE,17345,,740.00
VE,17345,ARPEL WG,15.00
VE,17346,,2389.00
VE,17346,EXOSET 240 EC,1451.00
VE,17354,,123.00
VE,17355,,1.00
VE,17358,BLAISE ULTRA,461.00
VE,17360,,3355.00
VE,17360,MAGO,1247.00
VE,17366,,162.00
VE,17368,,21.00
VE,17368,ALETIL DF,391.00
VE,17371,,210.00
VE,17372,,717.00
VE,17372,COPRANTOL 30 WG,79.00
VE,17377,,17.40
VE,17377,REFINE SX,10.69
VE,17378,,23.40
VE,17398,,505.00
VE,17402,BOTECTOR NEW,12.00
VE,17409,,84.00
VE,17422,,477.00
VE,17422,ENVITA SC,264.00
VE,17427,,75.00
VE,17432,,24.00
VE,17451,,190.00
VE,17451,TEKKEN,56.00
VE,17454,,510.00
VE,17455,,22.00
VE,17461,,726.37
VE,17461,ORONDIS,130.90
VE,17462,,2.50
VE,17469,,222.42
VE,17469,TAEGRO,486.00
VE,17470,,1889.00
VE,17470,LIMOCIDE,282.00
VE,17471,,90.10
VE,17472,,3421.00
VE,17472,JADE,2528.00
VE,17478,,33.00
VE,17496,,304.00
VE,17497,,94.00
VE,17500,ELAND WG,1.50
VE,17502,LINCE,115.00
VE,17508,,2555.00
VE,17508,POLYCOM 70 DF,1260.00
VE,17513,,21.00
VE,17522,,8.00
VE,17523,LUMIX BIO,11.00
VE,17529,,13.75
VE,17533,,75.00
VE,17541,,424.00
VE,17541,CHANTICO,10.00
VE,17549,,5.00
VE,17549,SENPAI,10.00
VE,17551,CYPERFOR 100 EW,5.00
VE,17557,,7.00
VE,17586,,311.00
VE,17586,AXIAL ONE,209.00
VE,17597,,417.73
VE,17597,SHINKON,143.26
VE,17598,,9.24
VE,17598,AFINTO,0.56
VE,17605,BACK 100 SC,1.00
VE,17612,,17.25
VE,17634,,517.00
VE,17642,,2360.00
VE,17650,,380.00
VE,17650,IRONMAX PRO,5.00
VE,17651,,175.00
VE,17655,,474.00
VE,17655,EARLEX,12.00
VE,17665,,103.00
VE,17665,PYRUS PRO,115.00
VE,17671,,8.00
VE,17675,,5.00
VE,17677,,47.00
VE,17680,,25.00
VE,17693,HATTRICK 30 WG,20.00
VE,17699,IDROX 15,1800.00
VE,17742,PRIVIUM,158.00
VE,17743,,192.00
VE,17744,,7.00
VE,17745,,9.00
VE,17746,,78.00
VE,17749,,75.00
VE,17751,,359.00
VE,17751,PRAKTIS,72.00
VE,17752,,310.00
VE,17752,STAVENTO,385.00
VE,17754,,1538.00
VE,17754,REVYCARE,259.00
VE,17760,,8.80
VE,17769,,0.25
VE,17769,VULPIN,4.00
VE,17803,,341.00
VE,17807,PARLEAF,22.50
VE,17808,ANTENE S,1320.00
VE,17810,,16.00
VE,17814,,3.00
VE,17816,,2.25
VE,17819,,90.00
VE,17820,,15.00
VE,17824,,1006.00
VE,17826,,303.75
VE,17826,DOMARK 125 PLUS,283.75
VE,17840,,1350.00
VE,17840,OLIOCIN PLUS,300.00
VE,17863,,240.00
VE,17863,AFFLANK,715.00
VE,17865,,513.00
VE,17880,,19.00
VE,17888,,106.50
VE,17888,VOLIAM,57.70
VE,17891,BLESAL TOP,36.00
VE,17894,TRIKA ENERGY,40.00
VE,17913,,534.00
VE,17918,CORELLO 75 WG,2.00
VE,17920,,685.00
VE,17920,GHIBLI TM,106.00
VE,17921,,452.00
VE,17923,,90.00
VE,17924,,18.00
VE,17931,,4.00
VE,17932,,2667.00
VE,17932,ORO-QUIN,530.00
VE,17938,,1680.00
VE,17938,CLINIC TF,1220.00
VE,17945,,90.00
VE,17945,LUMEO,76.50
VE,17946,,349.00
VE,17947,,1165.50
VE,17947,CODAL,318.75
VE,17951,,2010.00
VE,17951,AUDACE SC,1194.00
VE,17962,ACELEPRYN 200 SC,0.60
VE,17963,,1080.00
VE,17963,TIOVIT 800 L,620.00
VE,18001,,235.00
VE,18001,MIKONOS,20.00
VE,18021,,83.20
VE,18021,PECARI 300,50.05
VE,18022,,1410.00
VE,18082,,548.30
VE,18082,SERCADIS SC,3.60
VE,18084,,8230.00
VE,18092,,2580.00
VE,18092,REVYSTAR XL,767.00
VE,18109,,15.00
VE,18119,SINALA,32.00
VE,18125,,8.00
VE,18137,,3879.00
VE,18137,REVYSION,1079.00
VE,18138,,225.00
VE,18143,,1460.00
VE,18143,QUESTAR,1072.50
VE,18148,,7520.00
VE,18148,BUGGY GOLD,4020.00
VE,18152,,209.00
VE,18181,,560.00
VE,18181,UNIVOQ,10.00
VE,18181,UNIVOQ BTLHPE,60.00
VE,18212,,2.10
VE,18212,IBISCO PFnPE,0.50
VE,18213,,7.51
VE,18213,BACILLUS CHEMIA PFnPE,4.95
VE,18213,BACILLUS THURINGIENSIS PFNPE PW BOX,0.20
VE,18214,ROMEO PFnPE,0.05
VE,18216,,27.00
VE,18216,VITIKAPPA PFnPE,65.70
VE,18222,,939.50
VE,18222,Ferramol,198.50
VE,18222,FERRAMOL ESCA LUMACHICIDA PFnPE,73.50
VE,18222,FERRAMOL PFNPE,5297.00
VE,18222,FERROMOL PFnPE,200.00
VE,18222,FERRRAMOL ESCA LUMACHICIDA PFnPE,33.50
VE,18223,,259.50
VE,18223,NATRIA LUMACHICIDA PFNPE,141.50
VE,18224,,75.00
VE,18229,,6.00
VE,18229,BAC MK PFNPE,12.40
VE,18232,BORDOFLOW NEW PFnPE,0.10
VE,18235,CIOPPER PFnPE,44.60
VE,18239,,24.10
VE,18239,FLIPPER PFnPE,6.55
VE,18241,IDRORAME FLOW PFNPE,78.70
VE,18241,IDRORAME FLOW PFNPE SC BLT 1 LT IT,1.00
VE,18242,,2.40
VE,18242,LEPINOX PLUS PFNPE,79.49
VE,18244,,12.60
VE,18244,MOMENTUM PFNPE,26.34
VE,18245,,153.00
VE,18245,POLTIGLIA MANICA 20 WG PFnPE,155.00
VE,18245,POLTIGLIA MANICA 20 WG PFNPE WG BOX,3.45
VE,18245,POLTIGLIA MANICA 20 WG PFNPE WG ENV,10.00
VE,18253,,15.47
VE,18253,VERDERAME 20 WG PFnPE,41.28
VE,18254,ZOLVIS 80 SECTOR PFnPE,78.00
VE,18256,NISUS 3B PFNPE,1.00
VE,18257,,1.62
VE,18257,3LOGY PFnPE,14.70
VE,18257,VITHAL 3LOGY PFnPE ML 100,0.70
VE,18259,BARBARIAN BIOGRADE 360 PFnPE,431.50
VE,18259,BARBARIAN BIOGRADE 360 PFNPE LQ BTL,254.50
VE,18259,VITHAL DISERBO TOT BARBARIAN BIOGRA,300.00
VE,18259,VITHAL DISERBO TOTALE ML 500,310.00
VE,18261,,110.00
VE,18261,BARCLAY GALLUP BIOGRADE 360 PFnPE,93.00
VE,18261,GALLUP BIOGRADE 360 PFnPE,56.50
VE,18263,,283.50
VE,18263,BIOLID UP PFnPE,358.50
VE,18266,COBRE NORDOX SUPER 75 WG PFnPE,42.00
VE,18266,COBRE NORDOX SUPER 75WG PFnPE,0.40
VE,18269,,1586.00
VE,18269,GLIFENE BIOGRADE PFnPE,370.00
VE,18270,,849.00
VE,18270,GLIPHOGAN TOP CL,19.00
VE,18270,GLIPHOGAN TOP CL PFNPE,11246.50
VE,18274,NEMGUARD GRANULES PFnPE,13.25
VE,18277,,78.00
VE,18277,SHAMAL MK PLUS CL PFnPE,1481.50
VE,18279,TAIFUN MK CL PFnPE,30.00
VE,18282,,1377.50
VE,18282,TRUSTEE 450 PFnPE,550.00
VE,18282,VEBI TRUSTEE 450 TM ML 500,23.50
VE,18283,,1.25
VE,18284,WANAX PFNPE,1.20
VE,18288,,52.00
VE,18319,,0.10
VE,18323,,102.00
VE,18323,VIBALLA SF2,30.00
VE,18342,,8025.00
VE,18373,,40.00
VE,18386,,3280.00
VE,18387,,17340.00
VE,18426,,32.50
VI,13,THIOPRON,8280.00
VI,133,U 46 D-FLUID,41.00
VI,206,ALBENE,97.00
VI,747,ZOLFO SPRUZZABILE,10.00
VI,909,,275.00
VI,909,POLISOLFURO DI CALCIO POLISENIO,600.00
VI,1155,CHEMOL 90 EL,20.00
VI,1156,,725.00
VI,1156,CHEMOL,2966.00
VI,1464,RIDOMIL GOLD R WG,26.00
VI,1562,,1.00
VI,1573,BASAMID GRANULAT,380.00
VI,1583,,315.00
VI,1583,MICROTHIOL DISPERSS,57675.00
VI,1850,IDRORAME FLOW,1151.00
VI,1850,IDRORAME FLOW PFnPE,20.00
VI,2191,WETTING PLUS,386.00
VI,2259,PASTA LUMACHICIDA IN GRANI,1.00
VI,2260,GASTROTOX E,13.00
VI,2291,,77.00
VI,2291,ESCA REGINA N,393.50
VI,2291,ESCA REGINA N PFnPE,0.50
VI,2307,,11.00
VI,2307,VECTOR,589.00
VI,2307,VECTOR X LT 1,129.00
VI,2307,VECTOR X LT 5,30.00
VI,2353,,3.00
VI,2353,BONALAN,109.00
VI,2353,BONALAN X LT 1,14.00
VI,2732,GOLTIX,147.00
VI,2732,GOLTIX X KG 1,2.00
VI,2923,,17086.00
VI,2923,TIOVIT JET,25043.00
VI,2923,TIOVIT JET X KG 1,8.00
VI,2923,TIOVIT JET X KG 10,240.00
VI,3065,OLIOCIN,50.00
VI,3102,,125.00
VI,3102,OLEOTER,18.50
VI,3132,SEPR-OIL PFnPE,1.00
VI,3163,U 46 M STAR,57.00
VI,3163,U 46 M STAR X LT 1,13.00
VI,3182,,129.00
VI,3343,,27.00
VI,3343,U46 M CLASS,274.00
VI,3486,TRISCABOL DG,343.00
VI,3503,AGRUMIN,852.00
VI,3519,METAMBANE,13.00
VI,3553,CURZATE,37.00
VI,3640,,820.00
VI,3767,,31.00
VI,3767,FENOXILENE 200,62.00
VI,3817,,193.00
VI,3817,DISERBONE KN,48.00
VI,4701,,1.00
VI,4701,PIRIMOR 50,24.00
VI,4710,,2.00
VI,4710,ALIETTE,156.60
VI,4896,RIGENAL P PFnPE,1.00
VI,5152,TIOSPOR WG,1449.00
VI,5228,CARAKOL X KG 1,1.00
VI,5574,LUMAKIDIN 5G,155.00
VI,6321,STIMOLANTE 66F,4.00
VI,6437,,38.00
VI,6555,K-OBIOL ULV 6,240.00
VI,6556,,13.00
VI,6556,K-OBIOL DP2,22.00
VI,6557,K-OBIOL EC 25,2.00
VI,6751,RASEN FLORANID,84.00
VI,6771,,342.00
VI,6816,NU BAIT,1.00
VI,6945,,7.00
VI,6945,TOPAS 10 EC,479.00
VI,6945,TOPAS 10 EC X ML 250,0.50
VI,6956,TARGA FLO,107.00
VI,6956,TARGA FLO X LT 1,6.00
VI,7020,BAGNANTE CIFO,219.00
VI,7053,PASTA CAFFARO NC,93.00
VI,7055,PASTA CAFFARO BLU,70.45
VI,7368,,1.00
VI,7368,TURFENE L,137.00
VI,7379,,2.00
VI,7379,VENZAR,8.50
VI,7401,POLTIGLIA CAFFARO 20 DF NEW,22.00
VI,7483,,75.00
VI,7483,DEVRINOL F,72.00
VI,7541,APOLLO SC,0.50
VI,7644,TENSIL X LT 1,92.00
VI,7644,TENSIL X LT 5,95.00
VI,7700,,1.60
VI,7700,MATACAR FL,6.80
VI,7736,ZOLFO SCORREVOLE TRIVENTILATO 95% S,4475.00
VI,7764,TIOLENE,70.00
VI,7911,AIRONE EXTRA,450.00
VI,7916,,2745.00
VI,7916,POLYRAM DF,9903.00
VI,7916,POLYRAM DF X KG 2,10.00
VI,7919,,640.00
VI,7919,TOUCHDOWN,2620.00
VI,7919,TOUCHDOWN X LT 20,820.00
VI,7930,,5.00
VI,7930,KERB FLO,140.00
VI,7930,KERB FLO X LT 1,7.00
VI,7961,RIZOLEX  GOLD,21.00
VI,8001,,1.10
VI,8001,AGRO-PYR PFnPE,0.32
VI,8023,SUMIALFA ECHO,25.00
VI,8102,,41.00
VI,8102,MERPAN 80 WDG,203.00
VI,8146,,11.50
VI,8146,GALLERY,55.00
VI,8184,,221.00
VI,8184,CHALLENGE,336.00
VI,8189,,1880.00
VI,8259,LAMDEX EXTRA,68.00
VI,8376,,557.00
VI,8376,ARIANE II,207.00
VI,8498,,9.50
VI,8498,FOLICUR WG,282.00
VI,8542,FORUM 50 WP,45.00
VI,8542,FORUM 50 WP X KG 1,9.00
VI,8546,DANITRON,5.00
VI,8558,PIRETRO VERDE,488.90
VI,8558,PIRETRO VERDE PFnPE,3.60
VI,8599,,106.00
VI,8601,,83.00
VI,8601,FOLPAN 80 WDG,11773.00
VI,8601,FOLPAN 80 WDG X KG 1,6.00
VI,8617,,5.00
VI,8617,BANVEL 480 S,138.00
VI,8656,GLIFENE HP,3050.00
VI,8706,AMID THIN W,2.50
VI,8735,,210.00
VI,8735,TREBON UP,587.00
VI,8735,TREBON UP X ML 500,6.00
VI,8795,,28.00
VI,8795,VERTIMEC EC,118.75
VI,8801,SCORE 25 EC,102.50
VI,8801,SCORE 25 EC X LT 1,2.00
VI,8836,MIMIC,66.00
VI,8838,GERMON BEWURZELUNGSPUDER PER TALEE ,1.00
VI,8874,ETOFUM - FL,7.00
VI,8886,,0.24
VI,8886,SAFARI,0.84
VI,8899,ZOLFO VENTILATO RAMATO 5%,775.00
VI,8929,,55.50
VI,8929,TOPIK 240 EC,12.00
VI,8934,,58.00
VI,8934,SCALA,67.00
VI,8937,SHIRUDO,10.00
VI,9005,AGIL,846.00
VI,9005,AGIL X LT 1,74.00
VI,9005,AGIL X LT 5,90.00
VI,9012,CUPROCAFFARO MICRO,685.00
VI,9041,,10260.00
VI,9210,,16.00
VI,9210,QUADRIS,506.00
VI,9210,QUADRIS X LT 1,6.00
VI,9244,,100.00
VI,9244,ZIRAMIT 76 WG,470.00
VI,9280,TOPAS 200 EW,42.50
VI,9342,DELTRIN,27.00
VI,9371,PEAK,0.08
VI,9422,,78.75
VI,9422,EVADE,1318.35
VI,9449,EMERALD COMBI,136.00
VI,9449,EMERALD COMBI X KG 1,27.00
VI,9569,ZETARAM 3B FL,2180.00
VI,9569,ZETARAM 3B FL X LT 1,10.00
VI,9575,DRIBBLING 240 EC,24.00
VI,9578,,97.00
VI,9578,SWITCH,452.75
VI,9578,SWITCH X KG 0.25,1.00
VI,9599,CAPITOL,20.00
VI,9612,OSSICLOR 30,360.00
VI,9627,SOLUTION 20 DISPERSS,1290.00
VI,9631,METRIN EC,1.00
VI,9705,PREVITER,84.00
VI,9723,,2360.00
VI,9723,DE-SPROUT N X LT 10,10.00
VI,9724,TIOWETTING DF,425.00
VI,9744,,56.00
VI,9757,SPYRALE,9.00
VI,9787,MICROBAGNABILE WG,37.00
VI,9790,,7.00
VI,9790,CONTATTO 320,23.00
VI,9800,,123.00
VI,9800,MAVRIK SMART,740.15
VI,9800,MAVRIK SMART X LT 1,5.00
VI,9809,MALVIN 80 WG,25.00
VI,9843,,357.00
VI,9843,BASAGRAN SG,905.80
VI,9843,BASAGRAN SG X KG 3,3.00
VI,9872,AKRIS,120.00
VI,9954,,453.00
VI,9954,JOKER,1318.00
VI,9954,JOKER X LT 1,55.00
VI,9954,JOKER X LT 5,70.00
VI,10029,KING,23.00
VI,10048,KUMULUS TECNO,575.00
VI,10105,,0.75
VI,10105,RIDOMIL GOLD SL,7.50
VI,10117,,84.00
VI,10117,STRATOS ULTRA,788.00
VI,10117,STRATOS ULTRA X LT 1,69.00
VI,10118,,160.00
VI,10118,AMISTAR,89.80
VI,10161,,45.00
VI,10161,ORTIVA,85.00
VI,10220,DICOPUR COMBI,61.00
VI,10221,PIMIENTO 600,36.00
VI,10224,,370.00
VI,10296,,30.00
VI,10296,IPERION,620.00
VI,10305,,13.00
VI,10305,OIKOS,50.22
VI,10305,OIKOS PFnPE,0.16
VI,10306,MISTRAL,203.00
VI,10350,,6.00
VI,10350,BLAST SG,60.00
VI,10357,RIGRON SG,6.00
VI,10381,,18.00
VI,10415,,8.50
VI,10423,LUMACHICIDA VEBI,4.00
VI,10425,SCUDEX,18.00
VI,10439,,5.00
VI,10461,DICOTURF,19.50
VI,10479,,113.00
VI,10479,NATURALIS,101.00
VI,10560,PIRETRO NATURA,14.00
VI,10573,,70.00
VI,10573,KOCIDE 2000,493.00
VI,10573,KOCIDE 2000 X KG 1,2.00
VI,10573,KOCIDE 2000 X KG 10,150.00
VI,10577,,444.25
VI,10577,METRIPHAR 70 WG,138.50
VI,10585,,400.00
VI,10585,SULCOTREK X LT 5,15.00
VI,10588,BIOPIREN PLUS,2.00
VI,10589,FLORA VERDE,0.40
VI,10604,EMERALD 40 EW,200.53
VI,10632,COBRE NORDOX SUPER 75 WG,202.00
VI,10647,DINAPIC,40.00
VI,10701,CUMETA FLOW,135.00
VI,10734,,692.00
VI,10734,DUAL GOLD,1924.80
VI,10735,,68.00
VI,10735,PRIMAGRAM GOLD,1487.00
VI,10735,PRIMAGRAM GOLD X LT 1,11.00
VI,10741,METACINQUE,737.00
VI,10741,METACINQUE X KG 5,5.00
VI,10771,,36.00
VI,10771,MOST MICRO,889.30
VI,10816,PIRETRO GARDEN,2.25
VI,10890,,5.55
VI,10890,FLiPPER,230.55
VI,10890,FLiPPER PFnPE,5.85
VI,10926,,3.00
VI,10926,ALTOREX,47.00
VI,10929,CHIKARA 25 WG,11.05
VI,10929,CHIKARA 25 WG X GR 50,0.20
VI,10944,,6.25
VI,10944,KARATE ZEON,74.09
VI,10948,VITISAN WG,25.50
VI,10976,,174.50
VI,10976,METEOR,151.49
VI,10976,METEOR PFnPE,4.00
VI,10976,METEOR X LT 1,109.00
VI,10999,BETANAL SE,2.00
VI,11011,,329.00
VI,11011,DASH HC,842.00
VI,11011,DASH HC X LT 1,132.00
VI,11011,DASH HC X LT 5,95.00
VI,11040,POLTIGLIA BORDOLESE DISPERSS BLU,10.00
VI,11045,DODIPREV 400 SC,29.00
VI,11059,BIOPOWER,346.00
VI,11062,,1.00
VI,11070,,29835.00
VI,11088,,33.00
VI,11102,,180.00
VI,11102,HELIOSOUFRE S,1015.00
VI,11107,ECO-TRAP,8.20
VI,11107,ECO-TRAP (PEZZI),200.00
VI,11119,FLINT,125.60
VI,11133,SHELTER,94.00
VI,11196,SULFAR,10.00
VI,11197,VITENE 45 WG,32.00
VI,11206,CODACIDE,2630.00
VI,11206,CODACIDE X LT 2.5,15.00
VI,11243,,1.00
VI,11243,LEOPARD 5 EC,929.00
VI,11243,LEOPARD 5 EC X LT 1,182.00
VI,11243,LEOPARD 5 EC X LT 5,170.00
VI,11253,CALLISTO,75.00
VI,11255,,675.00
VI,11257,,6.00
VI,11257,COSTAR WG,0.75
VI,11258,,15.00
VI,11258,FAZOR STAR,20.00
VI,11303,CHAMP DP,330.00
VI,11341,STARANE GOLD,371.00
VI,11353,,5.00
VI,11353,FUSILADE MAX,327.00
VI,11353,FUSILADE MAX X LT 5,80.00
VI,11359,SARCAP 800,2.00
VI,11402,MELODY COMBI,25.00
VI,11449,,9696.00
VI,11449,GARDOPRIM GOLD,115.00
VI,11505,READY GERMIPLUS,1428.00
VI,11526,,83.00
VI,11526,SULTAN,260.00
VI,11526,SULTAN X LT 1,3.00
VI,11548,ISONET L TT,400.00
VI,11549,,2.00
VI,11549,ISOMATE OFM ROSSO FLEX,0.30
VI,11551,,10.00
VI,11561,,33.00
VI,11561,NEEMAZAL T/S,34.25
VI,11569,CUPROXAT SDI,92.00
VI,11611,,1300.00
VI,11611,VYDATE 10L,10.00
VI,11619,TIOFLOR WDG,49.00
VI,11649,,50.00
VI,11649,COMMAND 36 CS,4.00
VI,11660,SHOGUN,7.00
VI,11678,ACTELLIC 2/P NEWPHARM,3.00
VI,11687,ACTELLIC 5 NEWPHARM,300.00
VI,11693,,5.50
VI,11693,LASER,14.78
VI,11694,CONSERVE SC,0.42
VI,11700,BOTANIGARD 22 WP,0.03
VI,11711,MEXIRAM HI BIO,120.00
VI,11760,,580.00
VI,11760,POLITHIOL,1960.00
VI,11767,BIG MAIS,5.00
VI,11779,KOP-TWIN,16.00
VI,11786,AQ 10 WG,4.61
VI,11793,XENTARI WG,1.00
VI,11794,,1.50
VI,11802,TETRACAP 80 DG,49.00
VI,11852,,65.62
VI,11857,MIDAURIL COMBI,365.00
VI,11862,LOBBY,6.00
VI,11870,,15.00
VI,11944,ASPECT,140.00
VI,11964,POLTIGLIA CAFFARO 20 GD,10.00
VI,11991,NEEMIK TEN,2.00
VI,11999,,2580.00
VI,12010,,15.00
VI,12010,TUAREG,18.00
VI,12020,SUCCESS,0.67
VI,12023,,187.00
VI,12037,CAMIX,475.00
VI,12041,MARTOS,165.00
VI,12043,,7.00
VI,12043,PREVICUR ENERGY,58.60
VI,12044,CURZATE SYSTEM,12.50
VI,12048,,18.00
VI,12048,TIOSOL 80 WG,22265.00
VI,12048,TIOSOL 80 WG PFnPE,9.70
VI,12068,TEFLUSTAR,20.00
VI,12090,MICROSED GEO,330.00
VI,12096,,150.00
VI,12096,POLTIGLIA DISPERSS,13985.00
VI,12096,POLTIGLIA DISPERSS X KG 15,75.00
VI,12106,TALENDO,13.00
VI,12114,AUXIGER LG,3.10
VI,12133,JUVINAL GOLD,6.00
VI,12170,,95.00
VI,12170,HELIOCUIVRE,210.00
VI,12172,FERRAMOL,339.50
VI,12172,FERRAMOL PFnPE,536.00
VI,12192,GRANSTAR 50 SX GR 20,0.06
VI,12202,,27.00
VI,12203,TOOLER,1.75
VI,12225,TEPPEKI,8.98
VI,12225,TEPPEKI PFnPE,0.06
VI,12235,FERRAMOL ESCA LUMACHICIDA PFnPO,9.60
VI,12325,,23.50
VI,12344,VEBITHRIN 5 EC,5.00
VI,12361,,1.60
VI,12361,ALGEDI,0.80
VI,12381,,134.00
VI,12381,NU-FILM-P,213.00
VI,12437,,8.00
VI,12437,DELAN 70 WG,28.00
VI,12452,,14.00
VI,12452,EQUIP,741.00
VI,12453,MILDICUT,625.00
VI,12482,,1280.00
VI,12482,LUMAX,5495.00
VI,12482,LUMAX X LT 20,1240.00
VI,12482,LUMAX X LT 5,560.00
VI,12514,VIPER,45.00
VI,12522,METRO,0.50
VI,12529,,23.00
VI,12534,,6.50
VI,12534,FOXTAIL,479.20
VI,12534,FOXTAIL PFnPE,0.50
VI,12538,,6.00
VI,12540,REGRAN EXTRA,47.00
VI,12566,PYGANIC 14,14.06
VI,12573,EKO OIL SPRAY,87.00
VI,12590,,250.00
VI,12590,DIASTAR MAXI X KG 10,120.00
VI,12625,,1.00
VI,12647,GLITTER,27.00
VI,12671,,12.47
VI,12671,HARMONY 50 SX,30.48
VI,12671,HARMONY 50 SX X GR 20,2.40
VI,12706,,0.15
VI,12722,OSSICLOR 20 FLOW,486.00
VI,12737,AIRONE PIU',2220.00
VI,12754,VERDRAM HI BIO,133.00
VI,12756,DICOTEX,249.00
VI,12759,OSSICLOR 35 WG,416.20
VI,12759,OSSICLOR 35 WG PFnPE,6.00
VI,12768,,26.00
VI,12768,SPINTOR FLY,107.00
VI,12768,SPINTOR FLY PFnPE,0.50
VI,12770,ALAR 85 GOLD,52.00
VI,12792,,28.00
VI,12792,MAGIC TANDEM,53.00
VI,12806,FEDOR,163.00
VI,12828,,1.00
VI,12831,INSIGNIA,131.26
VI,12836,ISONET Z,0.75
VI,12858,PRODIGY,1.00
VI,12859,BORNEO PFnPE,0.01
VI,12860,MILBEKNOCK,5.00
VI,12862,,6.00
VI,12862,CANTUS,194.00
VI,12862,CANTUS X KG 1,1.00
VI,12868,,2.00
VI,12869,SIGNUM,139.00
VI,12878,FOLPAN GOLD,7441.00
VI,12878,FOLPAN GOLD X KG 1,32.00
VI,12883,PROSPER 300 CS,3884.00
VI,12883,PROSPER 300 CS X LT 1,10.00
VI,12886,,196.00
VI,12886,KARATHANE STAR,1810.00
VI,12886,KARATHANE STAR X LT 1,6.00
VI,12888,,62.00
VI,12888,LEPINOX PLUS,17.00
VI,12916,SACRON 45 WG,67.50
VI,12933,,10.00
VI,12940,,4.00
VI,12940,KARATE ZEON 15,650.50
VI,12940,KARATE ZEON 15 X LT 1,28.00
VI,12961,,1.00
VI,12961,HEREU,18.00
VI,12994,VIVER ELITE WG,37.50
VI,13012,,1113.00
VI,13012,FOLVIT 80 WDG,185.00
VI,13018,GONDOR,81.00
VI,13020,MICRORAM 35 WG PFnPE,5.00
VI,13061,BIOBIT DF,131.00
VI,13062,,8.00
VI,13064,VITENE ULTRA SC,751.00
VI,13065,,1.00
VI,13065,DOMARK 125,75.00
VI,13083,CURZATE EFFE,40.00
VI,13084,,28.00
VI,13084,TELDOR PLUS,223.00
VI,13093,,2.00
VI,13093,STOMP AQUA,685.00
VI,13095,DIRA-MAX LG,2.00
VI,13098,ROUNDUP POWER 20,7969.00
VI,13098,ROUNDUP POWER 20 PFnPE,3.00
VI,13098,ROUNDUP POWER 20 X LT 1,12.00
VI,13098,ROUNDUP POWER 20 X LT 5,30.00
VI,13116,MEDOR 35 CLASS,6.50
VI,13120,,31.00
VI,13120,MYSTIC 430 SC,6.00
VI,13126,,303.00
VI,13126,CABRIO DUO,269.00
VI,13126,CABRIO DUO LT 5,5.00
VI,13127,VALIS F,115.00
VI,13143,MEZENE WG,1.00
VI,13149,,1150.00
VI,13149,POLTIGLIA MANICA 20 WG,1377.00
VI,13149,POLTIGLIA MANICA 20 WG PFnPE,161.00
VI,13150,CURAME 25 WG,25.00
VI,13154,,8.00
VI,13154,MONDAK 480 S,3.00
VI,13156,CAMBEL 480 S,27.00
VI,13158,,63.00
VI,13158,REMEDIER,113.00
VI,13159,PRIMIAL,14.00
VI,13160,FORUM TOP,404.00
VI,13168,,20.00
VI,13168,LAUDIS,516.00
VI,13168,LAUDIS X LT 1,156.00
VI,13168,LAUDIS X LT 5,190.00
VI,13205,ZOLFO MANICA SCORREVOLE DOPPIO RAFF,237.00
VI,13211,,50.00
VI,13211,ZOLFO VENTILATO SCORREVOLE 96%,50.00
VI,13213,,18.00
VI,13213,R6 ERRESEI ALBIS,1197.00
VI,13213,R6 ERRESEI ALBIS X KG 1,12.00
VI,13218,FINALSAN PLUS,570.00
VI,13218,FINALSAN PLUS PFnPE,6.50
VI,13219,FINALSAN ULTIMA (PFnPO),0.50
VI,13236,BULLET,1580.00
VI,13236,BULLET X LT 5,20.00
VI,13242,,166.00
VI,13242,NICOGAN VO,589.00
VI,13242,NICOGAN VO X LT 1,231.00
VI,13242,NICOGAN VO X LT 5,80.00
VI,13244,,575.00
VI,13244,ZOLFO VENTILATO STELLA,6980.00
VI,13249,,1575.00
VI,13250,ZOLFO VENTILATO STELLA RAMATO B,1610.00
VI,13252,PLAYER 250 SC,4.00
VI,13255,PLAYER GR,98.00
VI,13263,,25.80
VI,13263,BORDORAM 20 WG,64.00
VI,13263,BORDORAM 20 WG PFnPE,18.60
VI,13285,,2.00
VI,13285,SEVERAL,6.00
VI,13290,ZOLFO MANICA DOPPIO RAFFINATO VENTI,1310.00
VI,13292,,4650.00
VI,13298,QUANTUM F,10.00
VI,13311,DOMARK COMBI WG,21.00
VI,13313,,53.00
VI,13313,CASPER,31.00
VI,13324,CUPRIZOL S,3.50
VI,13327,,0.35
VI,13327,GRANSTAR ULTRA SX,24.40
VI,13327,GRANSTAR ULTRA SX X GR 50,4.45
VI,13367,,3.00
VI,13367,DIVO,18.75
VI,13377,COLUMBUS,96.00
VI,13382,,21.00
VI,13382,PERGADO SC,920.50
VI,13382,PERGADO SC X ML 500,7.00
VI,13386,,10.00
VI,13386,PROSARO,846.00
VI,13386,PROSARO X LT 1,169.00
VI,13386,PROSARO X LT 5,115.00
VI,13387,FLORAMIX,51.52
VI,13388,,2.20
VI,13389,,794.00
VI,13389,AFFIRM,1983.00
VI,13389,AFFIRM X KG 1,13.00
VI,13447,HELMSTAR 75 WG,1.15
VI,13451,SPARVIERO X LT 1,12.00
VI,13455,,7.00
VI,13455,ANTIGRAM GOLD,1039.00
VI,13455,ANTIGRAM GOLD X LT 1,105.00
VI,13455,ANTIGRAM GOLD X LT 5,55.00
VI,13466,SPOTLIGHT PLUS,313.00
VI,13468,CLINER,3.75
VI,13468,CLINER PFnPE,0.10
VI,13471,,5.00
VI,13471,NICOZEA OD,24.00
VI,13485,,10.00
VI,13485,FOLPEC 80 WG ADVANCE,396.00
VI,13485,FOLPEC 80 WG ADVANCE X KG 1,35.00
VI,13489,CYMBAL,347.00
VI,13540,QUASAR R FLOW,149.00
VI,13552,,10.50
VI,13552,ZOLVIS 80 SECTOR,15376.50
VI,13552,ZOLVIS 80 SECTOR PFnPE,269.50
VI,13552,ZOLVIS 80 SECTOR X KG 10,170.00
VI,13560,FORZA,9.00
VI,13578,RAME CAFFARO BLU WG NEW,332.00
VI,13586,,0.50
VI,13586,VERDERAME 20 WG,30.00
VI,13592,,552.00
VI,13592,VOLARE,54.00
VI,13600,,1800.00
VI,13600,ZOLFO SAIM DOPPIO VENTILATO SCO,450.00
VI,13604,,200.00
VI,13635,,20.00
VI,13635,POLTIGLIA 20 PB MANICA,35.00
VI,13637,PERGADO F,196.00
VI,13651,SPECTRO,1.50
VI,13689,,1.50
VI,13689,FLINT MAX,8.00
VI,13693,BACILLUS CHEMIA,32.40
VI,13693,BACILLUS CHEMIA PFnPE,1.50
VI,13698,,12.50
VI,13698,VIVANDO,223.75
VI,13698,VIVANDO X LT 0.25,6.00
VI,13701,,28.20
VI,13711,,1199.00
VI,13714,FOLPEC 50 SC,70.00
VI,13753,GAL-GONE,29.00
VI,13771,,385.00
VI,13771,NIMROD 250 EW,29.00
VI,13791,,18.00
VI,13791,GEATER-STAR,20.00
VI,13791,GEATER-STAR PFnPE,4.00
VI,13792,STABILAN,22.00
VI,13796,CELL,1.00
VI,13809,,43980.00
VI,13809,FORCE ULTRA,55450.00
VI,13809,FORCE ULTRA X KG 10,5420.00
VI,13812,NOTO 40 OD,3.00
VI,13817,,35.00
VI,13823,,7.00
VI,13823,ALVERDE,13.00
VI,13838,,12.00
VI,13838,XEDAVIR,8.00
VI,13841,,1033.00
VI,13841,FOCUS ULTRA,837.00
VI,13841,FOCUS ULTRA X LT 5,40.00
VI,13888,FANTIC F NC WG,200.00
VI,13895,SAVIRAN STAR,5.00
VI,13905,,12.00
VI,13905,BANJO,10.00
VI,13925,,5.50
VI,13930,MARINS 200 CLASS,10.00
VI,13981,,12.60
VI,13981,CORAGEN,155.80
VI,13983,HUSSAR MAXX PRO,124.00
VI,13998,PYRUS 400 SC,5.00
VI,14018,BASIC,124.00
VI,14020,LIDAL,30.00
VI,14044,JOKER 480,16.50
VI,14058,,53.50
VI,14058,FEINZIN 70 DF,589.00
VI,14058,FEINZIN 70 DF X GR 250,45.75
VI,14062,,161.00
VI,14062,ZOXIUM 240 SC,1193.00
VI,14062,ZOXIUM 240 SC X LT 1,20.00
VI,14074,TRINEX 250 EW,0.50
VI,14101,CARAMBA,120.00
VI,14102,,100.00
VI,14102,BORDOFLOW NEW,2735.00
VI,14128,ZIGNAL,1.00
VI,14136,OBERON,2.50
VI,14137,,1.60
VI,14137,ALTACOR,2.30
VI,14155,,310.00
VI,14155,GRIFON 280 LIQUIDO,520.00
VI,14156,CURZATE R WG,180.00
VI,14165,NANDO MAXI,264.00
VI,14166,ZETOR,3.00
VI,14178,,80.00
VI,14178,TRI-BASE X LT 1,8.00
VI,14182,ARES 25 WG,55.00
VI,14193,,7.50
VI,14195,,373.00
VI,14210,,1.00
VI,14210,EVURE PRO,185.00
VI,14214,RAPSAN 500 SC,1.00
VI,14245,THIRAS,10.00
VI,14257,UNDERLINE 0.2 G,11.50
VI,14257,UNDERLINE 0.2 G PFnPE,5.00
VI,14262,GREENEX NF,211.25
VI,14262,GREENEX NF PFnPE,6.62
VI,14294,,0.10
VI,14294,EXECUTIVE,0.40
VI,14375,LION 5 EC,320.00
VI,14387,NERVURE SUPER,2.00
VI,14390,,40.00
VI,14390,BOOM EFEKT,6166.00
VI,14406,,9.00
VI,14406,LEIMAY,26.75
VI,14407,,5.00
VI,14407,RUNWAY,52.50
VI,14409,,435.00
VI,14409,MOVENTO 48 SC,558.00
VI,14409,MOVENTO 48 SC X LT 1,4.00
VI,14414,DUSTY,5.98
VI,14414,DUSTY PFnPE,1.50
VI,14418,PULSAR 40 SL,716.00
VI,14418,PULSAR 40 SL X LT 1,4.00
VI,14431,,25.00
VI,14431,LENTAGRAN 45 WP,20.00
VI,14432,METRIC,1.00
VI,14434,NUANCE,1.58
VI,14474,,2.50
VI,14479,,2240.00
VI,14479,SCHERMO 05 G,5347.00
VI,14547,BAC MK X KG 1,1.00
VI,14559,,1.00
VI,14559,AGREE WG,4.00
VI,14577,,20.00
VI,14577,FORUM R 3B,596.00
VI,14629,GAT TESSLA 25 WG,160.00
VI,14636,,534.70
VI,14636,BIOLID UP,1073.50
VI,14636,BIOLID UP PFnPE,236.00
VI,14636,BIOLID UP X LT 1,13.00
VI,14642,RIDOMIL GOLD R WG,2635.00
VI,14679,CHEMOL PLUS,19.00
VI,14683,,0.05
VI,14697,,17.00
VI,14697,ENERVIN DUO,2.00
VI,14728,CELIO,1.00
VI,14735,,26.00
VI,14735,RANMAN TOP,41.00
VI,14737,,1130.00
VI,14737,ROUNDUP PLATINUM,3528.50
VI,14737,ROUNDUP PLATINUM 5 LT,15.00
VI,14737,ROUNDUP PLATINUM PFnPE,3.00
VI,14737,ROUNDUP PLATINUM X LT 5,30.00
VI,14764,SLUXX,15.00
VI,14764,SLUXX HP,60.00
VI,14765,ELUMIS,1.00
VI,14785,DRISCOLL,2.50
VI,14794,AVALON SC,3.00
VI,14801,,1.00
VI,14812,,59.00
VI,14812,ENERVIN TOP,645.00
VI,14836,BARBARIAN BIOGRADE 360,42.00
VI,14838,BARCLAY GALLUP BIOGRADE 360,153.00
VI,14846,AVALON 250 EW,96.00
VI,14867,SYNERO,7.00
VI,14872,,7.50
VI,14876,,308.50
VI,14876,GRANDSTAND,40.00
VI,14879,,1.50
VI,14879,LONTREL 72 SG,0.30
VI,14884,CORUM,1818.00
VI,14884,CORUM X LT 1,112.00
VI,14884,CORUM X LT 5,290.00
VI,14891,TRICO,149.00
VI,14897,,4.00
VI,14897,FLUROSTAR 200,4.00
VI,14914,YSAYO,20.00
VI,14918,,11.00
VI,14918,RIVIOR,1.00
VI,14919,,1.31
VI,14919,EMERALD 125,0.17
VI,14919,EMERALD 125 PFnPE,1.31
VI,14935,,824.00
VI,14935,TIMELINE TRIO,170.00
VI,14935,TIMELINE TRIO X LT 1,182.00
VI,14935,TIMELINE TRIO X LT 5,95.00
VI,14936,AMPLIGO,95.50
VI,14938,DEDICATE,27.50
VI,14945,ASCOT,20.00
VI,14947,TRUSTEE 450,33.00
VI,14967,TIPTOR ULTRA,14.00
VI,14969,,900.00
VI,14969,HOPPER 480,840.00
VI,14972,DICARZOL 50 SP,5.00
VI,14980,,40.00
VI,15013,NATRIA LUMACHICIDA,66.00
VI,15023,,220.00
VI,15037,BREZZA,11.00
VI,15039,,5.50
VI,15044,,172.00
VI,15047,R6 ERRESEI BORDEAUX WG,43.50
VI,15049,MODDUS X LT 1,16.00
VI,15050,,1.00
VI,15050,VERTIMEC PRO,42.00
VI,15051,,1290.00
VI,15051,KYLEO,730.00
VI,15052,KAIMO SORBIE,12.60
VI,15056,,60.00
VI,15056,TOMCATO,2994.00
VI,15058,PRINCIPAL MAIS,239.40
VI,15059,,17.00
VI,15059,DECIS EVO,1873.76
VI,15059,DECIS EVO X ML 250,1.75
VI,15062,,526.00
VI,15062,PIRAMAX  EC,55.00
VI,15062,PIRAMAX  EC X LT 1,2.00
VI,15071,EVOLUTION,7.00
VI,15071,EVOLUTION X LT 1,3.00
VI,15083,,1.00
VI,15083,AUDACE,198.00
VI,15084,DRUM,73.00
VI,15096,GLIPHOGAN TOP CL,2515.50
VI,15096,GLIPHOGAN TOP CL PFnPE,910.00
VI,15101,CIMORAM ULTRA WG,200.00
VI,15102,CURZATE ERRE EVO,459.00
VI,15111,MIRADOR SC X LT 1,7.00
VI,15115,,1422.00
VI,15115,PROSPER 500 EC,93.00
VI,15116,ELIOS R,8.00
VI,15120,,480.00
VI,15121,BIOCUPRO,100.00
VI,15122,ACTELLIC 50 NEWPHARM,8.00
VI,15125,PROLECTUS,2.00
VI,15127,SANVINO,10.00
VI,15130,,73.00
VI,15130,INTREPID,358.00
VI,15138,BAROCCO 80 WG,3350.00
VI,15142,,4438.00
VI,15142,ALCANCE SYNC TEC,2358.00
VI,15149,COSAVET DF EDGE,11370.00
VI,15177,,9.00
VI,15198,AZBANY,70.00
VI,15201,FLOXY 400 SC,207.00
VI,15213,,5.49
VI,15213,DEMETRINA FLOW,32.61
VI,15213,DEMETRINA FLOW PFnPE,1.10
VI,15221,ZETARAM PLUS,874.00
VI,15222,FOLICUR COMBI WG,447.00
VI,15229,,110.00
VI,15229,STOPPER P,35.00
VI,15233,DALET TRIO,10.00
VI,15233,DALET TRIO X KG 1,17.00
VI,15235,,40.00
VI,15235,MOMENTUM,112.00
VI,15247,STOY,122.00
VI,15251,AIRONE LIQUIDO,1130.00
VI,15253,,91.00
VI,15264,,15.00
VI,15264,ENERVIN SC,165.00
VI,15265,,230.00
VI,15265,PROMAN FLOW,1441.00
VI,15265,PROMAN FLOW X LT 1,49.00
VI,15266,QUARTET,260.00
VI,15267,KUSABI,18.00
VI,15270,PROFELIS,1.99
VI,15275,DURAVIS,29.00
VI,15285,PRIMMA STAR,0.54
VI,15291,,3.30
VI,15291,TURFENE PLUS,13.50
VI,15294,,328.00
VI,15295,HERBISTOP PFnPE,4.50
VI,15298,HERBISTOP PRONTO USO,17.00
VI,15302,,50.00
VI,15302,AMYLO-X,320.00
VI,15303,LALGUARD M52 GR,100.00
VI,15307,,86.50
VI,15317,,4291.00
VI,15326,,4280.00
VI,15333,,0.08
VI,15333,APPLAUD PLUS PFnPE,0.24
VI,15335,U 46 ULTRA,8.00
VI,15337,,0.90
VI,15337,EXPRESS,3.80
VI,15344,,25.00
VI,15344,FILAN WG,3.00
VI,15346,,70.00
VI,15348,RIDOMIL GOLD R LIQUIDO,111.00
VI,15349,ARES 430 SC,87.00
VI,15356,,36.00
VI,15358,ZOLFO FLOW MCT,2120.00
VI,15363,MEDEIRO 80 WG ADVANCE,36.00
VI,15365,RAME ZOLFO FLOW MCT,1.00
VI,15369,MAGMA TRIPLE,64.00
VI,15371,BELEM PROTEZIONE,12.00
VI,15378,TRAXOS PRONTO 60,68.00
VI,15378,TRAXOS PRONTO 60 X LT 1,33.00
VI,15379,,87.00
VI,15379,AXIAL PRONTO 60,767.75
VI,15384,,12.00
VI,15384,LUNA EXPERIENCE,19.00
VI,15389,,4010.00
VI,15398,KAMIKAZE,63.00
VI,15398,KAMIKAZE X LT 1,31.00
VI,15401,TAIFUN MK CL,12647.00
VI,15401,TAIFUN MK CL PFnPE,513.50
VI,15401,TAIFUN MK CL X LT 20,940.00
VI,15402,DELTASAP,225.00
VI,15405,,197.50
VI,15405,SHAMAL MK PLUS CL,69.50
VI,15405,SHAMAL MK PLUS CL PFnPE,228.00
VI,15409,DECISION,269.00
VI,15419,ELECTIS R FLOW,3.00
VI,15422,,1.98
VI,15422,TITUS DUO,41.22
VI,15433,ATLAS,14.00
VI,15433,ATLAS X LT 1,13.00
VI,15448,REBEL TOP,77.00
VI,15449,,205.00
VI,15449,CIDELY,353.50
VI,15449,CIDELY X LT 1,6.00
VI,15491,,68.50
VI,15491,SWORD UP,39.50
VI,15499,SONG 70 WDG,38.25
VI,15501,QUIZ,204.00
VI,15507,,10.00
VI,15507,CREW SUPERB,8.00
VI,15513,OSSICLOR 35 WG GREEN,991.00
VI,15514,CUPRAVIT BLU 35 WG,165.00
VI,15536,,18.00
VI,15536,ANTAL,8.00
VI,15542,ANTILUMACHE FER,2.20
VI,15543,LUMACHICIDA FER PFnPE,52.50
VI,15546,BIATHLON 4D,56.65
VI,15546,BIATHLON 4D X GR 100,4.10
VI,15546,BIATHLON 4D X GR 350,1.05
VI,15549,,159.00
VI,15549,PROLECTUS 50 WG,7.00
VI,15550,,265.00
VI,15550,MERLIN FLEXX XTRA,30.00
VI,15553,REGALIS PLUS,4.50
VI,15573,PROMESS SL,3.00
VI,15574,KARMA 85,120.00
VI,15583,,5.00
VI,15598,,3.00
VI,15610,CYPERKILL 50 EC,14.00
VI,15612,,6.15
VI,15612,SEMPRA,6.45
VI,15618,FULLDINA 400 SC,12.00
VI,15621,BOTTO 50 EC,1.10
VI,15622,CURZATE R WG BIANCO,19.00
VI,15630,,341.50
VI,15630,CARSON 45% WG,52.50
VI,15630,CARSON 45% WG X KG 0.5,4.00
VI,15635,,715.50
VI,15635,ADENGO XTRA,1905.54
VI,15635,ADENGO XTRA X ML 500,28.00
VI,15654,ACCORD,3.00
VI,15661,SENEGO,0.25
VI,15663,CUPRAVIT 35 WG,505.00
VI,15665,KEMPO SORBIE,7.30
VI,15668,GHIBLI 240 OD,10.50
VI,15668,GHIBLI 240 OD X LT 0.25,1.75
VI,15674,,4.65
VI,15674,AMADEUS TOP X GR 50,0.35
VI,15689,,3.00
VI,15693,LISTEGO,1.00
VI,15710,CLINCHER ONE,253.00
VI,15712,SATELITE,1775.00
VI,15713,DIABLO SC,0.40
VI,15718,GRANSTAR TRIO,0.05
VI,15722,,5.00
VI,15722,ARMICARB 85,120.00
VI,15725,DUAXO,11.79
VI,15741,,20.00
VI,15741,AVADEX FACTOR,50.00
VI,15748,,9.00
VI,15748,SYLLIT 544 SC,31.00
VI,15751,,0.50
VI,15751,VITENE TRIPLO R,101.50
VI,15759,DECIS TRAP,4.00
VI,15769,,678.00
VI,15790,AMISTAR TOP,10.00
VI,15806,,10.00
VI,15806,ONYX,1.00
VI,15808,,2.00
VI,15808,CYMBAL FLOW,27.00
VI,15831,,12.00
VI,15831,VACCIPLANT,9.00
VI,15834,TRACER 120,1.00
VI,15836,RATRON GW,22.00
VI,15837,RATRON GL,5.00
VI,15838,,200.00
VI,15838,ROUNDUP ULTRAMAX,110.00
VI,15847,MAKURI,1.50
VI,15869,,5.00
VI,15869,OPTIX STAR DISPERSS,36.00
VI,15870,CLIOPHAR 600 SL,4.80
VI,15886,,100.00
VI,15892,BANG PLUS,4.00
VI,15893,GIAGUAR SL,0.10
VI,15897,ALFIL WG,120.00
VI,15898,,24.15
VI,15898,FILAL WG,19.25
VI,15898,FILAL WG PFnPE,37.75
VI,15900,TRIKA EXPERT,900.00
VI,15900,TRIKA EXPERT X KG 10,200.00
VI,15901,,2590.00
VI,15901,ERCOLE,15176.06
VI,15907,,507.00
VI,15907,PRESIDIUM ONE,43.00
VI,15911,,4.00
VI,15915,,206.00
VI,15915,STARANE HD,58.00
VI,15916,CITADEL,1.00
VI,15926,,250.00
VI,15948,,20.00
VI,15948,SINSAJO,29.00
VI,15974,BYZANCE,5.00
VI,15975,HIATUS X GR 200,13.00
VI,15990,SCIROCCO 125 EW,72.00
VI,16007,,354.00
VI,16007,REWARD,130.00
VI,16023,DIMBO 480 SL,39.00
VI,16032,,75.00
VI,16033,HEREU SC,18.00
VI,16034,DOURO 100 EC,178.00
VI,16051,LENNS,46.25
VI,16055,KENPYR,0.48
VI,16066,RADIANT PRO,7.75
VI,16068,FOLDER 80 WG,570.00
VI,16074,GLORIAL 25 EC,4.00
VI,16076,SOLIS,273.00
VI,16083,STIKER FLOW,2.80
VI,16085,TRIMUR,1.79
VI,16092,CICLOPE,5.00
VI,16098,NIBER 70 DF,19.25
VI,16101,TOPAS COMBI LIQUIDO,937.00
VI,16104,ELECTIS TRIO WDG,34.00
VI,16117,SERBY PFnPE,1.00
VI,16132,,2.40
VI,16142,,1.00
VI,16149,,2.00
VI,16157,ATLANTIS FLEX,66.66
VI,16161,CENTURY SL,59.00
VI,16161,CENTURY SL X LT 4,12.00
VI,16167,MARACANA,7.00
VI,16170,,30.00
VI,16178,,3810.00
VI,16191,,20.00
VI,16191,TRIMAXX,10.00
VI,16191,TRIMAXX X LT 1,9.00
VI,16194,ETRAVON PRO,3.00
VI,16197,COPPERFIELD 17 WG,1410.00
VI,16198,EVORAM 15,20.00
VI,16200,CUPRORAM 35 WG NC,10.00
VI,16205,IDROX 20,135.00
VI,16210,PowerRam Idro 20 HiBio,36.00
VI,16221,,2.00
VI,16224,,10.00
VI,16224,CUPRORAM 37.5 WG,5645.00
VI,16249,CARDINAL 50 WG,2.00
VI,16251,,10.00
VI,16251,AFFIRM OPTI,83.00
VI,16271,,35.00
VI,16271,FRESCO,15.00
VI,16273,,15.00
VI,16273,SIVANTO PRIME,827.70
VI,16277,ALMADA 50 SC,310.00
VI,16279,ERCOLE GR,70.00
VI,16280,ALMADA HYDRO,10.00
VI,16282,DIMIX,14.00
VI,16283,QUANTUM R-OK,0.40
VI,16285,,705.00
VI,16285,KALIMBA,42.00
VI,16287,SOLIGOR,330.00
VI,16288,,447.00
VI,16288,AMPEXIO,0.75
VI,16290,,0.60
VI,16290,AMADEUS ULTRA,0.72
VI,16296,PERGADO D,940.00
VI,16299,,1796.00
VI,16299,PASSAT SL,1.00
VI,16305,BONZI,1.00
VI,16312,,8.00
VI,16312,TOMIGAN,207.00
VI,16312,TOMIGAN X LT 1,46.00
VI,16314,ZOXIS 250 SC,15.00
VI,16315,RADAR HP,2.45
VI,16325,,1041.00
VI,16325,EPIK SL,5761.86
VI,16325,EPIK SL PFnPE,0.19
VI,16325,EPIK SL X LT 1,48.00
VI,16335,,170.00
VI,16335,LIETO SC,6526.50
VI,16336,DELAN SC,2.00
VI,16361,FULL 80 WG,24.00
VI,16363,,73.00
VI,16363,SIRTAKI,107.20
VI,16363,SIRTAKI X ML 300,5.40
VI,16364,,1373.00
VI,16364,BISMARK,4266.00
VI,16364,BISMARK X LT 1,181.00
VI,16364,BISMARK X LT 5,415.00
VI,16369,ORTIVA TOP SC,14.00
VI,16379,,177.00
VI,16379,PREV-AM PLUS,521.00
VI,16381,,13.00
VI,16381,CALLICORE,1.00
VI,16384,,611.00
VI,16384,ELATUS ERA,1.00
VI,16385,,8.25
VI,16395,MOHICAN 500 SC,14.00
VI,16396,TEMSA 100,2.00
VI,16402,ENVIROMITE FL,0.25
VI,16416,FENOTRIX 300 SC,1.00
VI,16433,FLINT RISO,7.00
VI,16438,,14.50
VI,16439,CHECKMATE PUFFER LB,81.99
VI,16457,,77.00
VI,16457,POLTIGLIA 20 WG GREEN,4083.00
VI,16458,OSSICLOR 30 GREEN,20.00
VI,16461,CENTURION 240 NEO,71.00
VI,16461,CENTURION 240 NEO X LT 1,7.00
VI,16470,COLUMBO 08 MG,24.00
VI,16472,,40.00
VI,16473,PRIMO MAXX II,7.00
VI,16474,,0.90
VI,16474,MATSUDA 25 WG,0.90
VI,16480,,44.75
VI,16480,3LOGY,870.00
VI,16481,,677.70
VI,16481,CALLISTO 480,8.10
VI,16492,,4.00
VI,16492,VASCO,35.00
VI,16492,VASCO X LT 1,1.00
VI,16500,TRIBAL,1.17
VI,16501,INSTRATA ELITE,30.00
VI,16509,IBISCO,4.50
VI,16527,TELLUS WP,48.00
VI,16529,ZERMAT SC,132.00
VI,16538,KITAMBA,8.00
VI,16543,AuRam Idro 22 HiBio,150.00
VI,16545,COPRANTOL HI BIO 20,30.00
VI,16562,,940.00
VI,16562,DELAN PRO,5600.00
VI,16562,DELAN PRO X LT 5,5.00
VI,16564,MEXIRAM TRI HI BIO,960.00
VI,16565,EXECUTIVE GOLD,1.80
VI,16566,KUPPER 20 WG,110.00
VI,16567,,4740.00
VI,16570,SENCOR 600 SC,292.00
VI,16572,DAKOFAKA,520.00
VI,16577,,1.00
VI,16577,U46 COMBI DUO,136.00
VI,16578,MELODY COMPACT WG,8.00
VI,16580,VIPER ON,25.00
VI,16596,SANIUM SL25 PFnPE,49.95
VI,16597,SANIUM SL25 GIARDINO PFnPO,0.10
VI,16598,SANIUM AL PFnPE,511.00
VI,16607,VEXTAMITRON 700 SC,40.00
VI,16616,,336.00
VI,16616,VALLEY,185.00
VI,16616,VALLEY X LT 1,18.00
VI,16618,COLZA POWER,34.00
VI,16618,COLZA POWER PFNPE,9.50
VI,16619,ACTELLIC SMOKE GENERATOR,0.36
VI,16625,MAINSPRING,1.40
VI,16630,,240.45
VI,16630,NATUREN LIMEX,339.00
VI,16630,NATUREN LIMEX PFnPE,1458.15
VI,16632,,0.50
VI,16641,RINIDI,7.92
VI,16643,,132.00
VI,16643,SUCCESS GR,1248.00
VI,16657,,20.00
VI,16657,CENTURY PRO,15.00
VI,16658,,21.00
VI,16658,DAGONIS,8.00
VI,16660,ACTLET C,17.00
VI,16663,ACTLET F,457.00
VI,16667,,4.00
VI,16667,REVOLUTION,1776.00
VI,16690,,160.00
VI,16690,KESTREL,230.50
VI,16699,,0.40
VI,16701,,0.10
VI,16701,PLAZA,1.90
VI,16754,SIMBA,4.00
VI,16776,,30.00
VI,16776,ASSET FIVE,124.00
VI,16779,,30.00
VI,16779,TONALE,136.00
VI,16780,,15.00
VI,16780,SERENADE ASO,75.00
VI,16783,,1917.00
VI,16787,,3569.00
VI,16787,CLINIC ST,467.00
VI,16790,NORDOX ENERGY,130.00
VI,16802,,10.00
VI,16802,ZYPAR,1509.00
VI,16813,,18.50
VI,16816,EXALT 25 SC,7.00
VI,16819,NATUR BREAKER,247.00
VI,16828,MAKURI MAX,1.50
VI,16831,GLIFENE BIOGRADE,1090.00
VI,16833,PANTOX 360 SUPER,1600.00
VI,16841,,690.00
VI,16842,CUPRAVIT BIO ADVANCED,2725.00
VI,16843,,3828.00
VI,16857,SHORTTRACK,8.00
VI,16858,KENJA,5.00
VI,16867,,12.00
VI,16867,GLISTER STAR,85.00
VI,16867,GLISTER STAR 1 LT,1.00
VI,16886,CLOSER,8.04
VI,16886,CLOSER PFnPE,0.35
VI,16895,ZORVEC ENICADE,4.50
VI,16897,KATOUN GOLD,100.00
VI,16901,BELOUKHA GARDEN PFnPE,0.20
VI,16902,AVIATOR XPRO,156.00
VI,16904,,1.00
VI,16904,KIDEKA 100 SC,96.00
VI,16904,KIDEKA 100 SC X LT 1,30.00
VI,16916,BUGGY G,610.00
VI,16917,LOGRADO PLUS,4780.00
VI,16917,LOGRADO PLUS X LT 20,1100.00
VI,16917,LOGRADO PLUS X LT 5,890.00
VI,16939,SARUMO,1.00
VI,16945,,53.00
VI,16945,SERCADIS,21.20
VI,16946,DARAMUN,10.00
VI,16950,MANAMID 100 SC,202.00
VI,16951,,2.00
VI,16951,ESQUIVE WP,229.00
VI,16957,ZORVEC VINABRIA,292.00
VI,16961,,5940.00
VI,16963,AVENOX 240,11.75
VI,16963,AVENOX 240 X ML 250,18.25
VI,16968,,37.00
VI,16976,,80.00
VI,16976,VITIKAPPA,14.70
VI,16976,VITIKAPPA PFnPE,6.80
VI,16988,,40.00
VI,16988,NAIF,50.00
VI,17005,CLOMATE,319.00
VI,17006,MONCUT,8.00
VI,17014,,0.50
VI,17014,DELEGATE WDG,5.10
VI,17026,,430.00
VI,17038,TUAREG NEW,1860.00
VI,17058,,33.00
VI,17058,ROMEO,45.00
VI,17058,ROMEO PFnPE,0.17
VI,17060,DERBY,11.00
VI,17066,,329.00
VI,17069,TIOVIT L,40.00
VI,17078,,997.00
VI,17078,QUANTUM L,1776.00
VI,17079,,20.00
VI,17079,FORCE EVO,960.00
VI,17081,CUPROSSIL IDRO NEW 20 WG,5.00
VI,17091,CHAMP 20 WG,850.00
VI,17112,,4.00
VI,17112,DIFCOR,15.00
VI,17113,MIKAL F,66.00
VI,17115,ZETROLA,230.00
VI,17116,,238.00
VI,17116,ACTIVUS ME,65.00
VI,17116,ACTIVUS ME X LT 1,112.00
VI,17116,ACTIVUS ME X LT 5,60.00
VI,17117,,1.00
VI,17117,MITOR,6.00
VI,17118,BIOACT PRIME DC,1.00
VI,17119,SQUARE EC,7.00
VI,17123,AVANA,10.00
VI,17128,JURA EC,20.00
VI,17164,,35.00
VI,17170,BELKAP EXTRA,10.00
VI,17178,,3.00
VI,17189,BLUE SHIELD TRI HI BIO,140.00
VI,17195,MAIZIUM,1.32
VI,17203,PENDI 40,93.00
VI,17204,,10.00
VI,17204,CYPRUS 25 WG,2170.00
VI,17209,,61.00
VI,17209,DAVAI,9.00
VI,17209,DAVAI X LT 1,13.00
VI,17212,ISERAN,155.00
VI,17217,ARMICARB SPRAY,47.25
VI,17217,ARMICARB SPRAY  PFnPE,9.75
VI,17217,ARMICARB SPRAY PFnPE,262.50
VI,17242,NEXTER 10 SC,5.00
VI,17248,ZORVEC VINABEL,244.00
VI,17270,ASCRA XPRO,11.00
VI,17270,ASCRA XPRO X LT 1,131.00
VI,17270,ASCRA XPRO X LT 5,35.00
VI,17272,SERIFEL,2.50
VI,17273,FLYPACK DACUS TRAP,339.50
VI,17273,FLYPACK DACUS TRAP (PEZZI),925.00
VI,17275,NOTO CLASS,5.00
VI,17278,KIDEKA,42.00
VI,17284,RODEO PLUS,375.00
VI,17293,DIAGONAL,113.00
VI,17294,ZORVEC EPICALTRIN,6.30
VI,17306,HIGHTOP,10.00
VI,17307,TAZER X LT 1,84.00
VI,17319,FOXPRO,5.00
VI,17320,SENIOR 75 WG,50.50
VI,17326,BELEM PRO,36.00
VI,17337,,5.00
VI,17345,ARPEL WG,20.00
VI,17346,EXOSET 240 EC,1127.30
VI,17350,,5.00
VI,17350,SONATA,75.00
VI,17354,MURAL 480 SL,142.00
VI,17355,,8.00
VI,17358,BLAISE ULTRA,36.00
VI,17360,MAGO,641.00
VI,17366,LOYANT 25 Neo EC,140.00
VI,17368,ALETIL DF,4.00
VI,17372,COPRANTOL 30 WG,64.00
VI,17377,,0.81
VI,17377,REFINE SX,1.35
VI,17378,GACHINKO,18.00
VI,17398,DOMITREL 400 CS,7.00
VI,17407,WINTECH,64.00
VI,17422,ENVITA SC,338.00
VI,17427,TALISMAN 40 OD,155.00
VI,17432,,4.00
VI,17451,TEKKEN,195.00
VI,17451,TEKKEN X LT 1,177.00
VI,17454,,105.00
VI,17454,ENCARIT,27.00
VI,17455,PALIO,14.50
VI,17461,,106.30
VI,17461,ORONDIS,3.00
VI,17469,,84.36
VI,17469,TAEGRO,130.65
VI,17470,LIMOCIDE,375.00
VI,17470,LIMOCIDE X LT 1,2.00
VI,17471,,116.20
VI,17472,,84.00
VI,17472,JADE,813.00
VI,17489,BELTHIRUL,6.00
VI,17496,,113.00
VI,17500,ELAND WG,1.00
VI,17508,,260.00
VI,17508,POLYCOM 70 DF,660.00
VI,17532,CONTENDER PLUS,76.00
VI,17541,CHANTICO,1.50
VI,17552,COLUMBO PRO,60.00
VI,17586,AXIAL ONE,35.00
VI,17597,,196.75
VI,17597,SHINKON,4.13
VI,17598,AFINTO,0.42
VI,17601,ANDROMEDA,4.00
VI,17605,BACK 100 SC,80.00
VI,17605,BACK 100 SC X LT 1,6.00
VI,17611,POTCLEAN,18.00
VI,17612,,273.75
VI,17631,,50.00
VI,17634,,128.00
VI,17634,FRAXION,131.00
VI,17634,FRAXION X LT 1,22.00
VI,17642,BUSSOLA,195.00
VI,17642,BUSSOLA WG BLU,40.00
VI,17655,,161.00
VI,17657,EXTASE R,20.00
VI,17670,FREQUENT,42.00
VI,17680,,21.00
VI,17680,GALILEO,21.00
VI,17689,MOXYL MK,62.50
VI,17693,HATTRICK 30 WG,1760.00
VI,17697,SUPRACAFFARO FLOW,650.00
VI,17699,IDROX 15,450.00
VI,17744,CHOUCAS,7.00
VI,17745,PREDILECTO,21.00
VI,17746,,79.00
VI,17746,CLEMATIS,46.00
VI,17749,,67.00
VI,17749,DRONE,5.00
VI,17751,PRAKTIS,55.00
VI,17752,,28.00
VI,17754,REVYCARE,204.00
VI,17760,,51.92
VI,17760,NIRVANA,3.96
VI,17769,VULPIN,6.25
VI,17797,FENERGY SC,14.00
VI,17804,ESSEN’CIEL,20.00
VI,17807,PARLEAF,20.00
VI,17810,,9.00
VI,17819,,304.00
VI,17824,,202.00
VI,17824,MIRADOR TURBO,367.00
VI,17824,MIRADOR TURBO X LT 1,35.00
VI,17824,MIRADOR TURBO X LT 5,20.00
VI,17826,,3.00
VI,17826,DOMARK 125 PLUS,52.00
VI,17840,,75.00
VI,17840,OLIOCIN PLUS,25.00
VI,17865,,317.00
VI,17880,AZULEO,21.00
VI,17888,,9.00
VI,17888,VOLIAM,7.60
VI,17894,TRIKA ENERGY,8390.00
VI,17896,FORTUNE DISPERSS,4785.00
VI,17913,,1946.00
VI,17920,,62.00
VI,17920,GHIBLI TM,83.00
VI,17921,,128.00
VI,17923,ARNOS SC,90.00
VI,17925,,105.00
VI,17936,PROMINENT NEW,82.00
VI,17938,CLINIC TF,1100.00
VI,17945,LUMEO,64.20
VI,17946,,192.00
VI,17947,CODAL,238.05
VI,17951,,27.00
VI,17951,AUDACE SC,636.00
VI,17957,HERITAGE,1.00
VI,17962,ACELEPRYN 200 SC,1.80
VI,17985,KARATETRAP B,4.58
VI,17985,KARATETRAP B (PEZZI),8.00
VI,18014,ATTRAXOR,7.50
VI,18015,MISTER L,14.22
VI,18022,,1001.00
VI,18082,SERCADIS SC,4.00
VI,18084,,7510.00
VI,18092,,8.00
VI,18092,REVYSTAR XL,161.00
VI,18109,KASKO MET,2.00
VI,18119,SINALA,26.00
VI,18137,REVYSION,335.00
VI,18138,,172.00
VI,18148,BUGGY GOLD,1280.00
VI,18152,,161.00
VI,18182,ZOLVIS 80 ULTRA,1000.00
VI,18206,,3.75
VI,18213,BACILLUS CHEMIA PFnPE,10.16
VI,18213,BACILLUS PFNPE,0.07
VI,18216,VITIKAPPA,9.50
VI,18216,VITIKAPPA PFnPE,62.45
VI,18222,,60.00
VI,18222,FERRAMOL,254.50
VI,18222,FERRAMOL ESCA PFnPE,140.00
VI,18222,FERRAMOL LUMACHICIDA PFnPE,141.00
VI,18222,FERRAMOL PFNPE,4138.10
VI,18223,NATRIA LUMACHICIDA PFnPE,10.50
VI,18224,SAPULI',50.00
VI,18232,BORDOFLOW NEW PFnPE,7.80
VI,18235,,12.40
VI,18235,CIOPPER   PFnPE,3.40
VI,18235,CIOPPER PFnPE,55.00
VI,18239,FLIPPER PFNPE,11.20
VI,18241,IDRORAME FLOW  PFnPE,4.00
VI,18241,IDRORAME FLOW PFnPE,34.00
VI,18242,LEPINOX PLUS  PFnPE,2.85
VI,18242,LEPINOX PLUS PFnPE,23.63
VI,18244,MOMENTUM PFnPE,71.30
VI,18245,,19.50
VI,18245,POLTIGLIA 20 WG PFNPE,0.50
VI,18245,poltiglia manica,0.60
VI,18245,POLTIGLIA MANICA 20 WG  PFnPE,6.00
VI,18245,POLTIGLIA MANICA 20 WG PFnPE,252.50
VI,18245,POLTIGLIA MANICA 20WG PFNPE,6.00
VI,18245,POLTIGLIAMANICA 20WG PFNPE,2.00
VI,18253,POLTIGLIA BORDOLESE BLU PFnPE,0.50
VI,18253,VERDERAME 20 WG PFnPE,91.40
VI,18254,ZOLVIS 80 SECTOR PFnPE,71.00
VI,18256,NISUS 3B PFnPE,8.00
VI,18257,,2.50
VI,18257,3LOGY PFnPE,2.50
VI,18259,barbarian,64.00
VI,18259,BARBARIAN BIOGRADE 360 PFNPE,1133.00
VI,18259,VITHAL DISERBO 500 ML PFnPE,14.00
VI,18263,,10.00
VI,18263,BIOLI UP PFnPE,0.80
VI,18263,BIOLID UP  PFNPE,13.00
VI,18263,BIOLID UP PFnPE,412.10
VI,18266,COBRE NORDOX SUPER 75 WG PFnPE,6.40
VI,18268,FILAL WG PFnPE,1.25
VI,18269,GLIFENE BIOGRADE PFnPE,22.00
VI,18270,GLIPHOGAN TOP CL,4.50
VI,18270,GLIPHOGAN TOP CL  PFNPE,24.00
VI,18270,GLIPHOGAN TOP CL PFNPE,5761.50
VI,18270,GLIPHOGAN TOP PFNPE,19.50
VI,18274,NEMGUARD GRANULES PFnPE,1.50
VI,18277,,35.00
VI,18277,SHAMAL MK PLUS CL PFNPE,944.20
VI,18277,SHAMAL MK PLUS PFnPE,96.50
VI,18279,TAIFUN MK CL PFnPE,96.00
VI,18281,TRICO PFNPE,3.50
VI,18282,TRUSTEE 450 PFnPE,48.00
VI,18283,XEDAVIR PFnPE,2.50
VI,18284,WANAX  PFnPE,14.40
VI,18284,WANAX PFNPE,10.70
VI,18290,FOLPETIS 50 SC,189.00
VI,18323,,6.00
VI,18323,VIBALLA SF2,63.20
VI,18342,,3200.00
VI,18342,AF-X1 2023,225.00
VI,18383,,6.00
VI,18383,EXIREL 2023,32.00
VR,13,,35770.00
VR,13,THIOPRON,74741.00
VR,17,U 46 COMBI FLUID,132.00
VR,133,U 46 D-FLUID,132.00
VR,206,ALBENE,1630.00
VR,362,TREND 90,3.00
VR,565,,400.00
VR,565,FUMATHANE 510,58085.00
VR,599,,1110.00
VR,599,ACUPRICO 76 WG,5020.00
VR,619,VALGRAN,128.00
VR,747,,1690.00
VR,747,ZOLFO SPRUZZABILE,380.00
VR,909,,38925.00
VR,909,POLISOLFURO DI CALCIO POLISENIO,49750.00
VR,1155,CHEMOL 90 EL,983.00
VR,1156,,45226.00
VR,1156,CHEMOL,64113.00
VR,1562,,380.00
VR,1562,ERBITOX M PRO,19.00
VR,1573,,900.00
VR,1573,BASAMID GRANULAT,2647.00
VR,1583,,210292.00
VR,1583,MICROTHIOL DISPERSS,239553.00
VR,1823,,250.00
VR,1823,ZOLFO 80 MICRONIZZATO,1125.00
VR,1831,,10.00
VR,1903,SULFURENE,1700.00
VR,1936,,55700.00
VR,1936,LIQUIZOL M,7530.00
VR,2191,WETTING PLUS,124.00
VR,2260,,1201.00
VR,2260,GASTROTOX E,127.00
VR,2291,ESCA REGINA N,244.00
VR,2291,ESCA REGINA N PFnPE,62.00
VR,2307,,4209.00
VR,2307,VECTOR,3653.00
VR,2353,,425.00
VR,2353,BONALAN,1810.00
VR,2518,ACTELLIC 2/P,3.00
VR,2525,LUMACID AGRO,80.00
VR,2603,ESCACIDE,1059.00
VR,2732,,279.00
VR,2732,GOLTIX,891.00
VR,2923,,216631.00
VR,2923,TIOVIT JET,144566.00
VR,2983,NIMROD,0.50
VR,2995,ESCARTOX,126.00
VR,3065,OLIOCIN,12.00
VR,3102,,2550.00
VR,3102,OLEOTER,12864.00
VR,3141,,4.00
VR,3182,,368.00
VR,3343,,1197.00
VR,3343,U46 M CLASS,711.00
VR,3411,AMADENE,30.00
VR,3412,,196.00
VR,3412,SYLLIT 65,290.00
VR,3486,TRISCABOL DG,620.00
VR,3519,,64.00
VR,3519,METAMBANE,197.00
VR,3553,,48.00
VR,3553,CURZATE,169.00
VR,3640,,1170.00
VR,3745,,10025.00
VR,3745,METAM,6375.00
VR,3767,,2367.00
VR,3767,FENOXILENE 200,3210.00
VR,3779,,10000.00
VR,3779,VAPAM,45720.00
VR,3817,,231.00
VR,3817,DISERBONE KN,212.00
VR,4090,MALERBANE CEREALI,30.00
VR,4264,VIC 400 SC,5.00
VR,4701,,602.00
VR,4701,PIRIMOR 50,632.00
VR,4710,,4662.00
VR,4710,ALIETTE,2055.00
VR,4710,ALIETTE PFnPE,2.50
VR,5152,TIOSPOR WG,38358.00
VR,5292,,1.00
VR,5292,FIXORMON,8.00
VR,5349,GI-TRE,1.03
VR,5574,LUMAKIDIN 5G,15.00
VR,5581,GIBBERELLINA CIFO,0.95
VR,5796,GARLON,24.00
VR,5980,FITOP 80,34.00
VR,6037,,12.00
VR,6037,TECTO SC,7.00
VR,6058,GIBERLAN C,0.25
VR,6136,,36.00
VR,6136,GERMON L,178.00
VR,6321,,60.30
VR,6321,STIMOLANTE 66F,30.00
VR,6322,,390.00
VR,6322,OBSTHORMON 24A,491.00
VR,6437,,520.00
VR,6437,ETHREL,865.00
VR,6438,BI-FEN,107.00
VR,6505,NOKAD,1.00
VR,6556,,74.00
VR,6556,K-OBIOL DP2,225.00
VR,6557,,11.00
VR,6557,K-OBIOL EC 25,3.00
VR,6771,,5853.00
VR,6873,IDRORAME 193,2555.00
VR,6945,,216.00
VR,6945,TOPAS 10 EC,691.50
VR,6956,,90.00
VR,6956,TARGA FLO,419.00
VR,7020,,62.00
VR,7020,BAGNANTE CIFO,1902.00
VR,7053,PASTA CAFFARO NC,63.00
VR,7055,PASTA CAFFARO BLU,477.00
VR,7368,,68.00
VR,7368,TURFENE L,49.00
VR,7379,,11.00
VR,7379,VENZAR,87.50
VR,7401,POLTIGLIA CAFFARO 20 DF NEW,830.00
VR,7411,,3.50
VR,7411,DIRAGER,130.10
VR,7454,ORMONE AG COMPRESSE,0.95
VR,7483,,95.00
VR,7483,DEVRINOL F,1500.00
VR,7534,ROYAL MH,4420.00
VR,7541,,18.00
VR,7541,APOLLO SC,109.30
VR,7555,KLARTAN 20 EW,6.00
VR,7700,,139.40
VR,7700,MATACAR FL,171.80
VR,7736,ZOLFO SCORREVOLE TRIVENTILATO 95% S,27600.00
VR,7737,,5650.00
VR,7764,TIOLENE,5990.00
VR,7876,PIRIMOR 17.5,5.00
VR,7911,,12200.00
VR,7911,AIRONE EXTRA,10430.00
VR,7916,,43867.00
VR,7916,POLYRAM DF,53174.00
VR,7919,,14420.00
VR,7919,TOUCHDOWN,15609.00
VR,7930,,363.00
VR,7930,KERB FLO,5069.00
VR,7961,,21.00
VR,7961,RIZOLEX  GOLD,963.00
VR,7983,ZODIAC DFF,95.00
VR,8023,,758.00
VR,8023,SUMIALFA ECHO,22.00
VR,8102,,9746.00
VR,8102,MERPAN 80 WDG,5358.00
VR,8139,,144.00
VR,8146,,119.00
VR,8146,GALLERY,433.50
VR,8157,ZETARAM 20 L,10.00
VR,8184,,1085.00
VR,8184,CHALLENGE,2911.00
VR,8189,,9640.00
VR,8229,,805.00
VR,8229,BOLAS SC,148.00
VR,8259,,923.00
VR,8259,LAMDEX EXTRA,1879.00
VR,8320,,117.00
VR,8320,DELFIN,243.00
VR,8376,,330.00
VR,8376,ARIANE II,326.00
VR,8498,,206.50
VR,8498,FOLICUR WG,512.50
VR,8542,,1110.00
VR,8542,FORUM 50 WP,1650.00
VR,8546,,149.00
VR,8546,DANITRON,174.00
VR,8558,PIRETRO VERDE,203.20
VR,8558,PIRETRO VERDE PFnPE,2.00
VR,8599,,404.00
VR,8599,GOLD BEET,20.00
VR,8601,,23680.00
VR,8601,FOLPAN 80 WDG,59075.00
VR,8617,BANVEL 480 S,191.00
VR,8656,GLIFENE HP,11955.00
VR,8706,,404.00
VR,8706,AMID THIN W,467.00
VR,8712,,91.00
VR,8712,ALLEGANTE 4% AF 96,133.40
VR,8715,,20.00
VR,8715,DIRAMID,257.00
VR,8717,,12.00
VR,8721,,10.00
VR,8721,NEXTER,4.00
VR,8735,,4536.50
VR,8735,TREBON UP,4293.00
VR,8755,,0.12
VR,8795,,1274.25
VR,8795,VERTIMEC EC,2206.50
VR,8801,,50.25
VR,8801,SCORE 25 EC,518.25
VR,8836,,921.00
VR,8836,MIMIC,1166.00
VR,8837,GERMON BEWURZELUNGSPUDER PER TALEE ,4.50
VR,8838,GERMON BEWURZELUNGSPUDER PER TALEE ,0.50
VR,8874,,39.00
VR,8874,ETOFUM - FL,81.00
VR,8882,ULTRA FINE OIL,120.00
VR,8882,ULTRA FINE OIL PLUS,4.00
VR,8886,,1.92
VR,8886,SAFARI,9.80
VR,8899,ZOLFO VENTILATO RAMATO 5%,5275.00
VR,8929,,82.50
VR,8929,TOPIK 240 EC,2.50
VR,8934,,153.00
VR,8934,SCALA,1474.00
VR,8937,,24.00
VR,8937,SHIRUDO,112.00
VR,9005,,15.00
VR,9005,AGIL,5114.00
VR,9010,RAMEZIN COMBI WG,320.00
VR,9012,,2180.00
VR,9012,CUPROCAFFARO MICRO,6970.00
VR,9041,,108240.00
VR,9061,PANTOPUR MC,416.00
VR,9086,POLTIGLIA BORDOLESE SCAM DF,7.50
VR,9148,SYLLIT 400 SC,3.00
VR,9210,,30.00
VR,9210,QUADRIS,523.00
VR,9244,,8660.00
VR,9244,ZIRAMIT 76 WG,3180.00
VR,9267,ROYALTAC N,67480.00
VR,9280,,14.00
VR,9280,TOPAS 200 EW,6.25
VR,9286,,27.00
VR,9286,OHAYO,1147.00
VR,9298,,2050.00
VR,9298,METHAM NA 51,6025.00
VR,9306,PROPLANT,65.00
VR,9342,DELTRIN,19.00
VR,9371,PEAK,0.24
VR,9373,,109.00
VR,9373,CHORUS,78.00
VR,9411,RADIP ORMON,1.10
VR,9420,OSSIRAM 70 FLOW,105.00
VR,9422,,495.00
VR,9422,EVADE,862.85
VR,9449,EMERALD COMBI,1.00
VR,9509,,11.00
VR,9509,PROMALIN NT,38.00
VR,9531,,122.00
VR,9569,,190.00
VR,9569,ZETARAM 3B FL,440.00
VR,9575,DRIBBLING 240 EC,75.00
VR,9578,,4749.00
VR,9578,SWITCH,5622.00
VR,9597,,34.50
VR,9612,OSSICLOR 30,80.00
VR,9627,SOLUTION 20 DISPERSS,3020.00
VR,9631,METRIN EC,150.00
VR,9655,PRIMIAL WG,57.00
VR,9679,,227.00
VR,9679,KRISTAL 32 WG,376.00
VR,9695,,121.50
VR,9695,PERLAN,188.50
VR,9696,NOVAGIB,12.00
VR,9705,,676.00
VR,9705,PREVITER,1349.00
VR,9723,,7590.00
VR,9723,DE-SPROUT N,38940.00
VR,9724,TIOWETTING DF,32634.00
VR,9742,METAMIX R LIQUIDO,435.00
VR,9744,,1120.00
VR,9744,SCORE 10 WG,374.00
VR,9757,,110.00
VR,9757,SPYRALE,192.00
VR,9787,MICROBAGNABILE WG,243.00
VR,9790,,76.00
VR,9790,CONTATTO 320,21.00
VR,9798,CLIOPHAR 100,1.00
VR,9800,,1174.30
VR,9800,MAVRIK SMART,3538.25
VR,9809,,6015.00
VR,9809,MALVIN 80 WG,4714.00
VR,9843,,1056.00
VR,9843,BASAGRAN SG,2427.00
VR,9872,AKRIS,1515.00
VR,9954,,410.00
VR,9954,JOKER,1243.00
VR,10004,AGRIMIX PRO,31.50
VR,10048,,500.00
VR,10048,KUMULUS TECNO,12825.00
VR,10088,,0.20
VR,10088,MAXIM,0.10
VR,10105,,29.75
VR,10105,RIDOMIL GOLD SL,138.75
VR,10109,APRON XL,5.00
VR,10117,,4292.00
VR,10117,STRATOS ULTRA,8165.00
VR,10118,,253.00
VR,10118,AMISTAR,48.00
VR,10142,,200.00
VR,10142,VERNOIL,20.00
VR,10154,,17.00
VR,10158,PIREFLOR,227.00
VR,10161,,793.00
VR,10161,ORTIVA,1196.00
VR,10199,LERAM HI BIO,130.00
VR,10220,,2.00
VR,10220,DICOPUR COMBI,16.00
VR,10224,,2970.00
VR,10224,EMME-H,11110.00
VR,10226,NOXIS M,10.00
VR,10263,DRIVER,7.00
VR,10296,,1320.00
VR,10296,IPERION,52.00
VR,10305,,513.00
VR,10305,OIKOS,1249.30
VR,10306,MISTRAL,731.00
VR,10324,,420.00
VR,10324,NEMATHORIN 10 G,180.00
VR,10338,,4000.00
VR,10350,,66.00
VR,10350,BLAST SG,453.00
VR,10357,RIGRON SG,92.00
VR,10368,TRISCABOL 76 WG,25.00
VR,10381,,2229.00
VR,10415,,2.00
VR,10415,ARIC 480 LS,33.50
VR,10425,SCUDEX,142.00
VR,10439,,1182.00
VR,10439,SPRAY DUNGER GLOBAL,552.00
VR,10440,EXPANDER,212.00
VR,10461,DICOTURF,3.00
VR,10474,TERDIM,390.00
VR,10477,,8.00
VR,10479,,321.00
VR,10479,NATURALIS,793.00
VR,10506,LALSTOP K61 WP,4.90
VR,10509,,80.00
VR,10543,,24.00
VR,10543,POLYKRON GLOBAL,30.00
VR,10573,,4480.00
VR,10573,KOCIDE 2000,4339.00
VR,10577,,507.00
VR,10577,METRIPHAR 70 WG,267.40
VR,10585,,745.00
VR,10585,SULCOTREK,2430.00
VR,10588,,1433.00
VR,10588,BIOPIREN PLUS,151.00
VR,10604,,520.00
VR,10604,EMERALD 40 EW,621.25
VR,10604,EMERALD 40 EW PFnPE,2.00
VR,10627,FRUPICA,5.00
VR,10632,,150.00
VR,10632,COBRE NORDOX SUPER 75 WG,1264.00
VR,10647,DINAPIC,155.00
VR,10701,,380.00
VR,10701,CUMETA FLOW,3843.50
VR,10710,,3.00
VR,10734,,2369.00
VR,10734,DUAL GOLD,1496.00
VR,10735,,15.00
VR,10735,PRIMAGRAM GOLD,2108.00
VR,10741,,11.00
VR,10741,METACINQUE,2211.00
VR,10771,,2397.00
VR,10771,MOST MICRO,12679.00
VR,10816,PIRETRO GARDEN PFnPO,5.00
VR,10889,AGRIMIX GOLD,30.00
VR,10890,,630.00
VR,10890,FLiPPER,3127.45
VR,10890,FLiPPER PFnPE,7.30
VR,10925,,4.00
VR,10925,BEYOND,35.00
VR,10926,,136.00
VR,10926,ALTOREX,213.00
VR,10929,,23.00
VR,10929,CHIKARA 25 WG,50.25
VR,10944,,469.25
VR,10944,KARATE ZEON,618.75
VR,10948,VITISAN WG,1144.50
VR,10952,CARPOVIRUSINE PLUS,7.00
VR,10976,,310.25
VR,10976,METEOR,831.62
VR,10999,,74.00
VR,10999,BETANAL SE,100.00
VR,11011,,810.00
VR,11011,DASH HC,1745.00
VR,11040,POLTIGLIA BORDOLESE DISPERSS BLU,480.00
VR,11045,DODIPREV 400 SC,10.00
VR,11059,,113.00
VR,11059,BIOPOWER,234.00
VR,11062,,135.00
VR,11062,BION 50 WG,59.05
VR,11070,,294100.00
VR,11088,,176.00
VR,11088,BION MX,554.00
VR,11102,,2280.00
VR,11102,HELIOSOUFRE S,6837.00
VR,11107,,31.20
VR,11107,ECO-TRAP,108.22
VR,11119,,181.00
VR,11119,FLINT,382.65
VR,11133,,249.50
VR,11133,SHELTER,570.00
VR,11150,,23425.00
VR,11150,ALL SEASONS,6525.00
VR,11165,,24.00
VR,11165,POLAK,58.00
VR,11183,,7.50
VR,11183,PROGERBALIN LG,275.50
VR,11185,,112.00
VR,11185,GERLAGIB LG,496.00
VR,11196,,390.00
VR,11196,SULFAR,1970.00
VR,11197,,245.00
VR,11197,VITENE 45 WG,467.00
VR,11206,,730.00
VR,11206,CODACIDE,4737.50
VR,11231,MICOSPOR 80 WDG,24.00
VR,11243,,237.00
VR,11243,LEOPARD 5 EC,4798.00
VR,11252,LALSTOP Contans WG,52.00
VR,11253,,2.00
VR,11253,CALLISTO,104.00
VR,11255,,539.00
VR,11257,,690.00
VR,11257,COSTAR WG,394.50
VR,11258,,445.00
VR,11258,FAZOR STAR,1975.00
VR,11303,,1290.00
VR,11303,CHAMP DP,3670.00
VR,11341,,219.00
VR,11341,STARANE GOLD,1284.00
VR,11353,,2445.00
VR,11353,FUSILADE MAX,5066.00
VR,11355,TAMIFUM,52680.00
VR,11359,SARCAP 800,579.00
VR,11379,,840.00
VR,11379,ROYAL MH STAR - TAB,6165.00
VR,11393,,98.00
VR,11393,BEETLE,414.00
VR,11402,,835.00
VR,11416,,1465.00
VR,11416,OVIPRON TOP,515.00
VR,11448,,40.00
VR,11448,KICKER,32.00
VR,11449,,16164.00
VR,11449,GARDOPRIM GOLD,220.00
VR,11479,,163.00
VR,11479,BRANCHER DIRADO,204.00
VR,11497,,102.00
VR,11497,CRITTOVIT WG,6429.00
VR,11501,PARIFOL,679.00
VR,11505,,14.00
VR,11505,READY GERMIPLUS,364.00
VR,11513,EXILIS,20.00
VR,11525,FUNGIDINA 400 SC,215.00
VR,11526,,368.00
VR,11526,SULTAN,1092.00
VR,11548,,26.98
VR,11548,ISONET L TT,20.81
VR,11549,,71.00
VR,11549,ISOMATE OFM ROSSO FLEX,402.56
VR,11551,,8.50
VR,11551,ISOMATE C PLUS,4202.74
VR,11552,,19.00
VR,11552,ISOMATE C TT,8700.16
VR,11555,RAK 5,2.69
VR,11561,,514.00
VR,11561,NEEMAZAL T/S,1141.21
VR,11569,,1454.00
VR,11569,CUPROXAT SDI,2644.00
VR,11611,,23710.00
VR,11611,VYDATE 10L,38320.00
VR,11619,TIOFLOR WDG,15467.00
VR,11637,,75.00
VR,11642,PIKAR,3.00
VR,11648,AZACTIVA,0.35
VR,11649,,161.00
VR,11649,COMMAND 36 CS,122.40
VR,11654,,8.00
VR,11660,SHOGUN,10.00
VR,11678,,11.00
VR,11678,ACTELLIC 2/P NEWPHARM,10.00
VR,11679,GIBERAL COMPRESSE,0.47
VR,11687,,14.50
VR,11690,,14.00
VR,11690,GOAL 480 SC,1.00
VR,11693,,444.75
VR,11693,LASER,1016.55
VR,11701,BOTANIGARD OD,108.00
VR,11760,,23300.00
VR,11760,POLITHIOL,19280.00
VR,11762,FORUM STAR,185.00
VR,11767,BIG MAIS,35.00
VR,11779,,40.00
VR,11779,KOP-TWIN,811.00
VR,11786,,2.16
VR,11786,AQ 10 WG,13.19
VR,11793,,65.00
VR,11793,XENTARI WG,460.00
VR,11794,,9.75
VR,11802,,140.00
VR,11806,KARIKA,3.00
VR,11857,MIDAURIL COMBI,2855.00
VR,11862,,78.00
VR,11862,LOBBY,400.00
VR,11908,VENTUREX 400 SC,5.00
VR,11926,NOIDIO GOLD 10 EC,4.00
VR,11944,,102.50
VR,11944,ASPECT,1790.00
VR,11948,,20.00
VR,11964,,990.00
VR,11964,POLTIGLIA CAFFARO 20 GD,1450.00
VR,11979,BORDO 20 MICRO,1.50
VR,11991,,43.00
VR,11991,NEEMIK TEN,1313.00
VR,11999,,34680.00
VR,11999,BUSSOLA WG NC,1820.00
VR,12010,,9.00
VR,12010,TUAREG,4.00
VR,12020,SUCCESS,0.06
VR,12023,,1635.00
VR,12037,,250.00
VR,12037,CAMIX,1875.00
VR,12041,,663.00
VR,12041,MARTOS,54.00
VR,12043,,618.00
VR,12043,PREVICUR ENERGY,1170.00
VR,12048,TIOSOL 80 WG,7607.00
VR,12048,TIOSOL 80 WG PFnPE,400.00
VR,12066,FLORBAC WG,1.50
VR,12067,,9.00
VR,12068,TEFLUSTAR,790.00
VR,12079,QUIVER-TOP,320.00
VR,12090,,3860.00
VR,12090,MICROSED GEO,3150.00
VR,12096,,61060.00
VR,12096,POLTIGLIA DISPERSS,60910.00
VR,12100,ASSET DUO,497.00
VR,12106,,92.00
VR,12106,TALENDO,82.00
VR,12113,VIRGO,12.00
VR,12114,,348.00
VR,12114,AUXIGER LG,1267.50
VR,12115,BARRACUDA,2.00
VR,12133,,93.00
VR,12133,JUVINAL GOLD,353.00
VR,12149,,36.00
VR,12149,GERBA 4 LG,376.00
VR,12156,MAKE UP 80 WDG,189.00
VR,12170,,1680.00
VR,12170,HELIOCUIVRE,1000.00
VR,12172,FERRAMOL,115.50
VR,12172,FERRAMOL PFnPE,388.50
VR,12203,,2.45
VR,12203,TOOLER,41.65
VR,12225,,107.56
VR,12225,TEPPEKI,700.73
VR,12233,KAPLAN,6855.00
VR,12285,FORUM GOLD,1735.00
VR,12306,,2.00
VR,12319,,33.00
VR,12323,VEBIZOLFO WG,1.00
VR,12361,,14.00
VR,12361,ALGEDI,24.00
VR,12368,CARPOSTOP,12.00
VR,12376,,120.00
VR,12376,FITAGIL,189.00
VR,12378,TRIANUM-G,11675.00
VR,12381,,841.00
VR,12381,NU-FILM-P,857.00
VR,12395,CUTRIL TOP,15.00
VR,12437,,3306.00
VR,12437,DELAN 70 WG,4538.00
VR,12452,,346.00
VR,12452,EQUIP,2272.00
VR,12453,,47.00
VR,12453,MILDICUT,617.00
VR,12482,,5660.00
VR,12482,LUMAX,14376.00
VR,12504,FLOWBRIX,111.00
VR,12514,,225.00
VR,12514,VIPER,110.00
VR,12515,,1.20
VR,12515,GIBRELIN TAB,17.59
VR,12522,METRO,108.00
VR,12528,,7.00
VR,12528,CABRIO TOP,4.00
VR,12529,,216.00
VR,12529,TUCANA 25 EC,630.00
VR,12534,,54.00
VR,12534,FOXTAIL,324.95
VR,12534,FOXTAIL PFnPE,14.50
VR,12538,,20.00
VR,12538,MYSTIC 25 WG,3.00
VR,12540,REGRAN EXTRA,844.00
VR,12548,XANILO 45 WG,752.00
VR,12566,,18.00
VR,12566,PYGANIC 14,186.00
VR,12568,,47.00
VR,12568,SPRINTEX NEW L,423.00
VR,12573,EKO OIL SPRAY,223.00
VR,12590,,1540.00
VR,12590,DIASTAR MAXI,1600.00
VR,12622,QUANTUM,35.50
VR,12625,EFUZIN 400 SC,60.00
VR,12628,,1.00
VR,12647,,243.00
VR,12647,GLITTER,113.00
VR,12669,BOVERAL,66.00
VR,12671,,20.60
VR,12671,HARMONY 50 SX,40.21
VR,12706,,1.50
VR,12706,PERMIT,7.35
VR,12722,,260.00
VR,12722,OSSICLOR 20 FLOW,1608.00
VR,12737,,800.00
VR,12737,AIRONE PIU',11821.00
VR,12748,,350.00
VR,12748,GRIFON PIU',6480.00
VR,12754,VERDRAM HI BIO,490.00
VR,12756,DICOTEX,308.00
VR,12759,,510.00
VR,12759,OSSICLOR 35 WG,678.50
VR,12761,AGRIMIX TOP,24.00
VR,12768,,144.00
VR,12768,SPINTOR FLY,266.00
VR,12768,SPINTOR FLY PFnPE,2.50
VR,12770,,9.00
VR,12770,ALAR 85 GOLD,1.00
VR,12779,RAMEDIT COMBI WG,17.00
VR,12785,CHECKMATE CM-XL,800.05
VR,12788,,8.00
VR,12792,,77.00
VR,12792,MAGIC TANDEM,712.00
VR,12806,,50.00
VR,12806,FEDOR,849.00
VR,12828,,474.00
VR,12828,SITOFEX,293.25
VR,12830,,0.00
VR,12831,INSIGNIA,36.00
VR,12833,,10.04
VR,12833,ISOMATE C/OFM,1300.25
VR,12834,,9.03
VR,12834,ISONET L PLUS,44.29
VR,12836,ISONET Z,0.05
VR,12840,SUCCESSOR 600,1800.00
VR,12843,CHECKMATE CM-F,12.56
VR,12844,CHECKMATE OFM-F,1.56
VR,12857,,227.00
VR,12857,PROREX,12.00
VR,12858,PRODIGY,13.00
VR,12859,,1.00
VR,12859,BORNEO,2.54
VR,12860,,7.00
VR,12860,MILBEKNOCK,359.00
VR,12862,,2085.00
VR,12862,CANTUS,1803.00
VR,12866,,7.00
VR,12866,COLLIS,36.00
VR,12868,,420.00
VR,12868,BELLIS,889.00
VR,12869,,444.00
VR,12869,SIGNUM,5292.00
VR,12878,,10682.00
VR,12878,FOLPAN GOLD,29302.00
VR,12883,,2509.00
VR,12883,PROSPER 300 CS,4149.00
VR,12886,,4223.00
VR,12886,KARATHANE STAR,5525.00
VR,12888,,1421.00
VR,12888,LEPINOX PLUS,648.00
VR,12904,,2.00
VR,12904,BRAITEX,10.00
VR,12916,,411.00
VR,12916,SACRON 45 W,280.00
VR,12924,JUPITER WG,2.00
VR,12933,,744.00
VR,12933,MOXYL 20 WP,71.00
VR,12940,,1028.50
VR,12940,KARATE ZEON 15,3958.00
VR,12949,,10800.00
VR,12949,AZUPEC 80 WG,260.00
VR,12960,,21.00
VR,12960,STARPROP,265.00
VR,12961,,151.00
VR,12961,HEREU,123.00
VR,12989,GIBB PLUS,3.00
VR,12994,,3.00
VR,12994,VIVER ELITE WG,761.00
VR,13012,,7272.00
VR,13012,FOLVIT 80 WDG,775.00
VR,13018,,8.00
VR,13018,GONDOR,203.00
VR,13020,,4.00
VR,13020,MICRORAM 35 WG,3370.00
VR,13042,MICRORAM 20 FLOW,40.00
VR,13061,,260.00
VR,13061,BIOBIT DF,1463.00
VR,13062,,40.00
VR,13062,DiPel DF,61.00
VR,13063,,33.40
VR,13063,REGULEX 10 SG,3.40
VR,13064,VITENE ULTRA SC,2706.00
VR,13065,DOMARK 125,373.80
VR,13068,NEORAM WG,630.00
VR,13076,,69.00
VR,13076,BRAITEX  PRO,600.00
VR,13084,,537.00
VR,13084,TELDOR PLUS,1903.00
VR,13084,TELDOR PLUS PFnPE,2.00
VR,13093,,1111.00
VR,13093,STOMP AQUA,4162.00
VR,13095,,296.00
VR,13095,DIRA-MAX LG,366.00
VR,13098,,20284.50
VR,13098,ROUNDUP POWER 20,12107.00
VR,13098,ROUNDUP POWER 20 PFnPE,9.00
VR,13104,ALGOR PLATIN,20.00
VR,13106,,695.00
VR,13106,IKANOS,43.00
VR,13108,CURAME BORDEAUX,215.00
VR,13116,,16.00
VR,13116,MEDOR 35 CLASS,345.00
VR,13120,,369.00
VR,13120,MYSTIC 430 SC,276.00
VR,13126,,1691.00
VR,13126,CABRIO DUO,4593.00
VR,13127,VALIS F,1809.00
VR,13149,,6820.00
VR,13149,POLTIGLIA MANICA 20 WG,343.50
VR,13149,POLTIGLIA MANICA 20 WG PFnPE,18.00
VR,13149,POLTIGLIA MANICA 20 WG PFnPE (vendu,8.00
VR,13150,CURAME 25 WG,270.00
VR,13152,,900.00
VR,13152,OPTIX R DISPERSS,1650.00
VR,13154,,285.00
VR,13154,MONDAK 480 S,368.00
VR,13156,CAMBEL 480 S,36.00
VR,13158,,382.00
VR,13158,REMEDIER,720.00
VR,13159,PRIMIAL,191.00
VR,13160,,202.00
VR,13160,FORUM TOP,175.00
VR,13168,,1595.00
VR,13168,LAUDIS,5612.00
VR,13205,ZOLFO MANICA SCORREVOLE DOPPIO RAFF,960.00
VR,13211,,700.00
VR,13211,ZOLFO VENTILATO SCORREVOLE 96%,6225.00
VR,13213,,192.00
VR,13213,R6 ERRESEI ALBIS,1723.00
VR,13218,,150.00
VR,13218,FINALSAN PLUS,4860.00
VR,13225,AGRIDIF 250,60.00
VR,13236,BULLET,519.00
VR,13242,,69.00
VR,13242,NICOGAN VO,737.00
VR,13244,,23700.00
VR,13244,ZOLFO VENTILATO STELLA,22125.00
VR,13249,,19325.00
VR,13249,ZOLFO VENTILATO STELLA RAMATO S,225.00
VR,13250,,700.00
VR,13250,ZOLFO VENTILATO STELLA RAMATO B,3950.00
VR,13252,,20.00
VR,13254,PLAYER 25 WG,75.00
VR,13255,PLAYER GR,84.00
VR,13263,BORDORAM 20 WG,3.50
VR,13285,,255.00
VR,13285,SEVERAL,758.00
VR,13290,,275.00
VR,13290,ZOLFO MANICA DOPPIO RAFFINATO VENTI,675.00
VR,13292,,41410.00
VR,13298,,355.00
VR,13311,DOMARK COMBI WG,875.00
VR,13313,,99.00
VR,13313,CASPER,176.00
VR,13323,SULFY 80 WDG PFnPE,1.60
VR,13327,,13.65
VR,13327,GRANSTAR ULTRA SX,41.87
VR,13329,OMNEX 10 EC,459.00
VR,13335,DUPLOSAN KV,3.00
VR,13367,,24.00
VR,13367,DIVO,103.75
VR,13377,COLUMBUS,117.00
VR,13378,ORTIVA TOP,24.00
VR,13382,,1206.00
VR,13382,PERGADO SC,3418.50
VR,13382,PERGADO SC PFnPE,33.00
VR,13386,,198.00
VR,13386,PROSARO,2048.00
VR,13387,,4.77
VR,13387,FLORAMIX,39.22
VR,13388,,12.65
VR,13389,,36999.00
VR,13389,AFFIRM,39375.00
VR,13391,,238.00
VR,13391,CYTHRIN 50 EC,1392.50
VR,13451,SPARVIERO,31.00
VR,13455,,257.00
VR,13455,ANTIGRAM GOLD,3406.00
VR,13466,,157.00
VR,13466,SPOTLIGHT PLUS,4733.00
VR,13471,,1.00
VR,13471,NICOZEA OD,1813.00
VR,13472,,135.00
VR,13472,ALIEN,434.00
VR,13485,,12569.00
VR,13485,FOLPEC 80 WG ADVANCE,8354.00
VR,13486,,27.00
VR,13486,JUDO,29.00
VR,13489,,602.00
VR,13489,CYMBAL,1238.50
VR,13505,CLIVIS DUO,25.00
VR,13518,,1600.00
VR,13540,,560.00
VR,13540,QUASAR R FLOW,100.00
VR,13552,,1840.50
VR,13552,ZOLVIS 80 SECTOR,8872.00
VR,13552,ZOLVIS 80 SECTOR PFnPE (venduto fin,1.00
VR,13560,,793.00
VR,13560,FORZA,1163.00
VR,13576,RAMEPLANT WG,6.50
VR,13578,RAME CAFFARO BLU WG NEW,1932.00
VR,13585,SOLOFOL,35.00
VR,13586,,6836.50
VR,13586,VERDERAME 20 WG,25.00
VR,13592,,529.00
VR,13592,VOLARE,2107.00
VR,13600,,26550.00
VR,13604,,13800.00
VR,13635,,400.00
VR,13635,POLTIGLIA 20 PB MANICA,3614.00
VR,13637,,81.00
VR,13637,PERGADO F,1908.00
VR,13648,SIARAM 20 WG,3.00
VR,13689,,74.00
VR,13689,FLINT MAX,30.50
VR,13693,BACILLUS CHEMIA,186.00
VR,13693,BACILLUS CHEMIA PFnPE,9.50
VR,13698,,425.75
VR,13698,VIVANDO,1801.50
VR,13701,,73.00
VR,13705,AMECTIN EC,89.00
VR,13711,,2733.00
VR,13714,,30.00
VR,13716,,390.00
VR,13716,CAPTAN ARVESTA 80 WG,348.00
VR,13736,TRACE,18.00
VR,13741,,639.00
VR,13741,SELECTA DISPERSS,743.00
VR,13753,,55.00
VR,13753,GAL-GONE,359.00
VR,13771,,2933.00
VR,13771,NIMROD 250 EW,3143.00
VR,13782,DOURO 10 WG,941.00
VR,13789,PRIMERO,412.00
VR,13792,,8.00
VR,13792,STABILAN,1282.00
VR,13796,CELL,112.00
VR,13809,,60760.00
VR,13809,FORCE ULTRA,101360.00
VR,13817,,10.00
VR,13823,,421.00
VR,13823,ALVERDE,571.00
VR,13838,,1.00
VR,13838,XEDAVIR,153.25
VR,13838,XEDAVIR PFnPE,3.75
VR,13841,,904.00
VR,13841,FOCUS ULTRA,7713.00
VR,13842,CHECKMATE OFM,0.43
VR,13856,COPRANTOL TRIO,130.00
VR,13885,,20.00
VR,13888,,3481.00
VR,13888,FANTIC F NC WG,4837.00
VR,13895,,6415.00
VR,13895,SAVIRAN STAR,2885.00
VR,13899,DAUPHIN 45,21.50
VR,13905,,1661.00
VR,13905,BANJO,5126.00
VR,13925,,65.50
VR,13925,BOGARD,2.00
VR,13926,SPONSOR,26.00
VR,13927,,3.00
VR,13927,ZAMIR 18,119.50
VR,13930,MARINS 200 CLASS,51.00
VR,13981,,234.20
VR,13981,CORAGEN,1387.80
VR,13983,,118.00
VR,13983,HUSSAR MAXX PRO,148.00
VR,13998,,228.00
VR,13998,PYRUS 400 SC,67.00
VR,14018,BASIC,1054.00
VR,14020,LIDAL,53.00
VR,14034,,740.00
VR,14044,,320.00
VR,14044,JOKER 480,89.00
VR,14058,,107.50
VR,14058,FEINZIN 70 DF,887.75
VR,14061,TRIANUM-P,2727.50
VR,14062,,4168.00
VR,14062,ZOXIUM 240 SC,3491.00
VR,14074,TRINEX 250 EW,24.00
VR,14100,,70.00
VR,14100,KANEMITE,151.00
VR,14101,,695.00
VR,14101,CARAMBA,722.00
VR,14102,,34500.00
VR,14102,BORDOFLOW NEW,23587.00
VR,14119,,801.00
VR,14119,VISIR PENCOTECH,174.00
VR,14122,KATAR,36.00
VR,14128,,1.00
VR,14128,ZIGNAL,10.00
VR,14135,GRENADIER 75 DF,12.07
VR,14136,,65.00
VR,14136,OBERON,116.50
VR,14137,,122.90
VR,14137,ALTACOR,457.70
VR,14154,PIRETRO ACTIGREEN,882.10
VR,14155,,610.00
VR,14155,GRIFON 280 LIQUIDO,40.00
VR,14156,CURZATE R WG,38.00
VR,14165,,3574.00
VR,14165,NANDO MAXI,7534.00
VR,14166,,408.00
VR,14166,ZETOR,462.00
VR,14169,,210.00
VR,14178,,2580.00
VR,14178,TRI-BASE,150.00
VR,14182,,530.00
VR,14182,ARES 25 WG,3072.00
VR,14193,,39.00
VR,14193,SARMOX 45 DG,133.50
VR,14195,,1596.00
VR,14204,75A,20.00
VR,14210,,1942.00
VR,14210,EVURE PRO,615.90
VR,14214,RAPSAN 500 SC,211.00
VR,14232,CYTHRIN MAX,13.50
VR,14245,,3.00
VR,14257,UNDERLINE 0.2 G,0.50
VR,14257,UNDERLINE 0.2 G PFnPE,7.50
VR,14262,,0.44
VR,14262,GREENEX NF,108.50
VR,14262,GREENEX NF PFnPE,0.36
VR,14294,,2.40
VR,14294,EXECUTIVE,2.30
VR,14323,,538.00
VR,14323,BELPROMEC,1074.00
VR,14336,,40.00
VR,14336,NEMATHORIN 150 EC,135.00
VR,14350,ZOLFO RAMATO 5,4775.00
VR,14375,,225.00
VR,14375,LION 5 EC,295.00
VR,14380,CLORMET,10.00
VR,14387,NERVURE SUPER,1.00
VR,14390,,760.00
VR,14390,BOOM EFEKT,17722.00
VR,14405,MERLIN FLEXX,4.00
VR,14406,,70.50
VR,14406,LEIMAY,235.00
VR,14407,,30.00
VR,14407,RUNWAY,29.50
VR,14409,,5745.00
VR,14409,MOVENTO 48 SC,6611.00
VR,14414,DUSTY,19.50
VR,14414,DUSTY PFnPE,2.50
VR,14418,PULSAR 40 SL,440.00
VR,14431,,478.00
VR,14431,LENTAGRAN 45 WP,586.00
VR,14432,METRIC,1.00
VR,14434,,0.44
VR,14479,,19270.00
VR,14479,SCHERMO 05 G,59001.00
VR,14523,CARPO 600,282.50
VR,14530,GOBBI GIB 4LG,24.00
VR,14533,GIBER GOBBI 20,4.10
VR,14540,,3.00
VR,14547,BAC MK,296.00
VR,14548,TURIBEL,1.00
VR,14549,LEPIBACK,273.00
VR,14559,,647.00
VR,14559,AGREE WG,700.00
VR,14577,,1215.00
VR,14577,FORUM R 3B,199.00
VR,14636,,5660.00
VR,14636,BIOLID UP,3752.00
VR,14636,BIOLID UP PFnPE,21.70
VR,14642,,5254.00
VR,14642,RIDOMIL GOLD R WG,17705.00
VR,14660,BTK 32 WG,441.50
VR,14664,,1125.52
VR,14664,BERELEX 40 SG,1.74
VR,14679,CHEMOL PLUS,2.00
VR,14683,,6.50
VR,14683,BERMERAX,0.10
VR,14684,,26.00
VR,14684,SUPERBO,5.00
VR,14685,,20.00
VR,14686,,200.00
VR,14686,KOCIDE OPTI,580.00
VR,14697,,2305.00
VR,14697,ENERVIN DUO,1269.00
VR,14699,,236.00
VR,14699,GEOXE,346.50
VR,14709,,157.29
VR,14709,ISOMATE A/OFM,62211.08
VR,14728,CELIO,47.00
VR,14735,,206.00
VR,14735,RANMAN TOP,536.00
VR,14737,,5080.00
VR,14737,ROUNDUP PLATINUM,17362.48
VR,14764,,190.00
VR,14764,SLUXX,145.00
VR,14764,SLUXX HP,30.00
VR,14765,,68.00
VR,14769,,5.00
VR,14769,COMET 250 EC,43.00
VR,14785,DRISCOLL,0.90
VR,14794,AVALON SC,1815.00
VR,14801,,419.00
VR,14801,ADMIRAL GOLD,413.00
VR,14808,,15.00
VR,14812,,327.00
VR,14812,ENERVIN TOP,977.00
VR,14830,,15.00
VR,14830,CUPROFIX ULTRA DISPERSS,165.00
VR,14836,,1600.00
VR,14836,BARBARIAN BIOGRADE 360,1319.00
VR,14837,TARTAN,1190.00
VR,14838,,611.00
VR,14838,BARCLAY GALLUP BIOGRADE 360,4521.00
VR,14845,,570.00
VR,14845,MYSTIC PLUS S,152.00
VR,14846,AVALON 250 EW,376.00
VR,14867,,81.00
VR,14867,SYNERO,375.00
VR,14869,,1570.00
VR,14869,CUPROBEL HYDRO,6620.00
VR,14872,,641.50
VR,14872,BELLIS DRUPACEE,313.50
VR,14876,,7.00
VR,14876,GRANDSTAND,2.00
VR,14879,,1.50
VR,14879,LONTREL 72 SG,19.35
VR,14884,,1618.00
VR,14884,CORUM,4355.00
VR,14891,,55.00
VR,14891,TRICO,183.50
VR,14897,,13.00
VR,14897,FLUROSTAR 200,1756.00
VR,14912,PATRIOT GOLD,3.00
VR,14916,SILWET SPRINTEX,83.00
VR,14918,,226.00
VR,14918,RIVIOR,372.00
VR,14920,,3025.00
VR,14920,ZOLFO 80 WP ZOLFINDUSTRIA,4175.00
VR,14920,ZOLFO 80 WP ZOLFINDUSTRIA (PFnPE),6260.00
VR,14935,,812.00
VR,14935,TIMELINE TRIO,424.00
VR,14936,,333.00
VR,14936,AMPLIGO,118.50
VR,14938,DEDICATE,0.25
VR,14940,,38.50
VR,14940,TAKUMI,36.65
VR,14944,,75.00
VR,14944,FLUXYR 200 EC,115.00
VR,14966,CELEST TRIO,1000.00
VR,14967,,158.00
VR,14969,,4580.00
VR,14969,HOPPER 480,465.00
VR,14972,,114.00
VR,14972,DICARZOL 50 SP,197.00
VR,14980,,56.00
VR,14987,KUPRIK FLO,100.00
VR,15005,,220.00
VR,15005,FONTELIS,419.00
VR,15008,,118.00
VR,15008,LBG - 01F34,16.00
VR,15013,NATRIA LUMACHICIDA,133.00
VR,15013,NATRIA LUMACHICIDA PFnPE,55.50
VR,15023,,100.00
VR,15023,DERREX,1060.00
VR,15037,,145.00
VR,15037,BREZZA,599.00
VR,15039,,47.50
VR,15044,,469.00
VR,15047,R6 ERRESEI BORDEAUX WG,1686.00
VR,15048,,62.00
VR,15048,MOXYL 45 WG,652.00
VR,15049,,15.00
VR,15050,,409.00
VR,15050,VERTIMEC PRO,514.00
VR,15051,,1240.00
VR,15051,KYLEO,7525.00
VR,15052,,18.00
VR,15052,KAIMO SORBIE,609.70
VR,15056,,875.00
VR,15056,TOMCATO,1891.00
VR,15058,,5.72
VR,15058,PRINCIPAL MAIS,253.80
VR,15059,,3670.75
VR,15059,DECIS EVO,5169.50
VR,15062,,2790.00
VR,15062,PIRAMAX  EC,1125.00
VR,15063,NIMBLE,90.50
VR,15071,,98.00
VR,15071,EVOLUTION,607.00
VR,15083,,2.00
VR,15083,AUDACE,396.00
VR,15083,AUDACE SC,2.00
VR,15084,DRUM,64.50
VR,15096,,420.00
VR,15096,GLIPHOGAN TOP CL,2754.50
VR,15096,GLIPHOGAN TOP CL PFnPE,525.00
VR,15096,GLIPHOGAN TOP CL PFnPE (venduto fin,20.00
VR,15100,NECTAR PLUS,166.00
VR,15101,CIMORAM ULTRA WG,3.00
VR,15102,CURZATE ERRE EVO,15.00
VR,15111,,52.00
VR,15111,MIRADOR SC,528.00
VR,15114,MACCANI,26.00
VR,15115,,9562.00
VR,15115,PROSPER 500 EC,310.00
VR,15116,ELIOS R,366.00
VR,15119,,70.00
VR,15119,FORTEZZA,1589.00
VR,15120,,3390.00
VR,15121,BIOCUPRO,890.00
VR,15122,,1.00
VR,15122,ACTELLIC 50 NEWPHARM,9.00
VR,15124,ZANTARA,45.00
VR,15127,,280.00
VR,15130,,1688.00
VR,15130,INTREPID,1787.00
VR,15138,BAROCCO 80 WG,75.00
VR,15142,,4896.00
VR,15142,ALCANCE SYNC TEC,3342.00
VR,15148,,3.50
VR,15149,,15360.00
VR,15149,COSAVET DF EDGE,5700.00
VR,15168,ZORO 19 EW,2.00
VR,15177,,73.00
VR,15177,ROTATE PLUS DF,50.00
VR,15198,,99.00
VR,15198,AZBANY,843.00
VR,15199,SAKURA,4171.00
VR,15200,,51.00
VR,15200,QUALY,42.00
VR,15201,,312.00
VR,15201,FLOXY 400 SC,674.00
VR,15213,DEMETRINA FLOW,1.40
VR,15221,ZETARAM PLUS,8370.00
VR,15229,,1460.00
VR,15229,STOPPER P,75.00
VR,15232,CUSTODIA ULTRA,7.00
VR,15235,,2466.00
VR,15235,MOMENTUM,711.50
VR,15235,MOMENTUM PFnPE,12.00
VR,15247,STOY,116.00
VR,15250,COPRANTOL DUO,5.00
VR,15251,,30.00
VR,15251,AIRONE LIQUIDO,7364.00
VR,15253,,411.00
VR,15253,FALCON MK,192.00
VR,15263,,625.00
VR,15263,DYNALI,54.00
VR,15264,,2685.00
VR,15264,ENERVIN SC,7743.00
VR,15265,,805.00
VR,15265,PROMAN FLOW,1634.00
VR,15266,,20.00
VR,15266,QUARTET,2770.00
VR,15267,,68.00
VR,15267,KUSABI,21.50
VR,15270,PROFELIS,0.25
VR,15275,DURAVIS,1093.00
VR,15279,VARGAS,125.00
VR,15280,MARISOL,125.00
VR,15285,PRIMMA STAR,0.10
VR,15288,OCEAL,0.80
VR,15291,TURFENE PLUS,50.00
VR,15294,,1012.00
VR,15302,,2496.00
VR,15302,AMYLO-X,5118.00
VR,15307,,894.00
VR,15307,DEDALUS 25 WDG,352.50
VR,15310,,6.00
VR,15310,NISSHIN EXTRA 6 OD,73.00
VR,15311,TIZCA,1.00
VR,15315,,1714.00
VR,15315,EMBRACE,109.00
VR,15317,,28538.00
VR,15317,SESTO GOLD,101.00
VR,15326,,44510.00
VR,15326,CUPROTEK DISPERSS,90.00
VR,15330,PINDARUS 25 WDG,152.00
VR,15331,,535.00
VR,15331,ZEFIR 25 WDG,143.00
VR,15333,APPLAUD PLUS,1.00
VR,15335,,32.00
VR,15335,U 46 ULTRA,1222.00
VR,15337,,5.20
VR,15337,EXPRESS,7.70
VR,15344,,177.00
VR,15344,FILAN WG,1166.00
VR,15346,,443.25
VR,15348,,51.00
VR,15348,RIDOMIL GOLD R LIQUIDO,5703.00
VR,15349,,144.00
VR,15349,ARES 430 SC,454.00
VR,15356,,1160.00
VR,15356,SPHINX SC,35.00
VR,15358,ZOLFO FLOW MCT,9340.00
VR,15363,,1670.00
VR,15363,MEDEIRO 80 WG ADVANCE,3419.00
VR,15369,MAGMA TRIPLE,10.00
VR,15374,NISHA,113.00
VR,15375,NIC 4,22.00
VR,15378,,116.00
VR,15378,TRAXOS PRONTO 60,218.00
VR,15379,,295.50
VR,15379,AXIAL PRONTO 60,358.25
VR,15384,,1532.00
VR,15384,LUNA EXPERIENCE,1216.00
VR,15386,,8.00
VR,15389,,7210.00
VR,15389,FLARE GOLD R WG,10.00
VR,15398,KAMIKAZE,48.00
VR,15401,,705.00
VR,15401,TAIFUN,10.00
VR,15401,TAIFUN MK CL,60922.00
VR,15401,TAIFUN MK CL PFnPE,220.00
VR,15402,,128.00
VR,15402,DELTASAP,1111.00
VR,15405,,7396.50
VR,15405,SHAMAL MK PLUS CL,308.50
VR,15409,,238.00
VR,15409,DECISION,1067.00
VR,15410,DECA,1.00
VR,15411,DISHA,17.00
VR,15416,,111.00
VR,15416,DIZOLE,201.00
VR,15417,DITTO,4.00
VR,15419,ELECTIS R FLOW,4186.00
VR,15422,,15.12
VR,15422,TITUS DUO,163.20
VR,15433,ATLAS,1025.00
VR,15434,,101.89
VR,15434,RAK 2 MAX,110.62
VR,15436,MYCOTAL,1047.50
VR,15438,SANMITE 10 SC,49.00
VR,15448,,1617.00
VR,15448,REBEL TOP,1662.00
VR,15449,,3459.00
VR,15449,CIDELY,1429.00
VR,15451,ELIOS WG TOP,108.00
VR,15468,ACASTA,11.00
VR,15483,,45.00
VR,15483,WISH,318.00
VR,15487,INSTANT,10.00
VR,15491,,1088.00
VR,15491,SWORD UP,1626.00
VR,15499,,19.50
VR,15499,SONG 70 WDG,46.00
VR,15502,ARAMIS PLUS,0.50
VR,15507,,47.00
VR,15507,CREW SUPERB,393.00
VR,15513,,850.00
VR,15513,OSSICLOR 35 WG GREEN,6279.00
VR,15514,CUPRAVIT BLU 35 WG,2.00
VR,15515,,1500.00
VR,15534,PREVINT DUO,255.00
VR,15536,,1484.00
VR,15536,ANTAL,1763.00
VR,15537,,108.00
VR,15537,DELTAGRI,536.00
VR,15543,LUMACHICIDA FER PFnPE,12.00
VR,15546,,102.35
VR,15546,BIATHLON 4D,156.20
VR,15549,,1774.00
VR,15549,PROLECTUS 50 WG,363.00
VR,15550,,758.00
VR,15550,MERLIN FLEXX XTRA,807.00
VR,15553,,538.50
VR,15553,REGALIS PLUS,606.50
VR,15554,PROMANAL NEU,10.00
VR,15556,,25.00
VR,15556,TERVIGO,125.00
VR,15564,BONALAN 600 WG,150.00
VR,15566,,866.00
VR,15566,VISION PLUS,225.00
VR,15567,BELPROIL-A,40.00
VR,15573,PROMESS SL,1.00
VR,15574,,790.00
VR,15574,KARMA 85,2110.00
VR,15581,BARKAN,1.00
VR,15583,,523.00
VR,15583,PIRAT,9.00
VR,15586,TOPNET,84.00
VR,15597,CHECKMATE PUFFER CM,18.30
VR,15598,,595.00
VR,15598,CARPOVIRUSINE EVO 2,1901.00
VR,15610,,4.00
VR,15610,CYPERKILL 50 EC,60.00
VR,15612,,25.65
VR,15612,SEMPRA,62.18
VR,15621,BOTTO 50 EC,3.00
VR,15627,PAPYRUS 400 SC,23.00
VR,15630,,1886.50
VR,15630,CARSON 45% WG,1124.00
VR,15633,REVUS TOP,123.00
VR,15635,,1210.75
VR,15635,ADENGO XTRA,3019.00
VR,15640,,36.00
VR,15653,MULTI,186.00
VR,15654,ACCORD,2452.00
VR,15655,KEETON 25 WG,309.00
VR,15662,LESTRA,0.10
VR,15663,CUPRAVIT 35 WG,1010.00
VR,15664,KORING 25 WG,60.00
VR,15665,,241.00
VR,15665,KEMPO SORBIE,253.40
VR,15668,,9.50
VR,15674,,5.50
VR,15674,AMADEUS TOP,49.70
VR,15678,,2.00
VR,15680,MITHRA 40 SC,69.00
VR,15689,,390.00
VR,15689,DIFENZONE,186.00
VR,15693,LISTEGO,16.00
VR,15710,,866.00
VR,15710,CLINCHER ONE,2000.00
VR,15712,,20.00
VR,15712,SATELITE,23044.00
VR,15713,,0.20
VR,15713,ACAROIL SC,0.20
VR,15713,DIABLO SC,20.80
VR,15715,VIDERYO F,5.00
VR,15718,GRANSTAR TRIO,2.85
VR,15722,,275.00
VR,15722,ARMICARB 85,1700.00
VR,15736,KOPRON 35 WG,1125.00
VR,15741,,400.00
VR,15741,AVADEX FACTOR,550.00
VR,15743,TWINGO,570.00
VR,15744,,17.50
VR,15744,REBOOT,355.00
VR,15748,,1438.00
VR,15748,SYLLIT 544 SC,440.00
VR,15752,,380.00
VR,15752,CIDELY TOP,285.00
VR,15754,SHARPEN 33% EC,711.00
VR,15759,,30.00
VR,15769,,1620.00
VR,15779,ABANTO,9.00
VR,15780,OSSICLOR 50 PB GREEN,40.00
VR,15790,,540.00
VR,15790,AMISTAR TOP,1050.00
VR,15806,,1008.00
VR,15806,ONYX,17.00
VR,15808,CYMBAL FLOW,122.00
VR,15817,GLADIATOR,6.00
VR,15831,,197.00
VR,15831,VACCIPLANT,4.00
VR,15834,,14.00
VR,15834,TRACER 120,12.00
VR,15836,,84.00
VR,15836,RATRON GW,463.00
VR,15837,,9.00
VR,15837,RATRON GL,7.50
VR,15838,,300.00
VR,15838,ROUNDUP ULTRAMAX,550.00
VR,15839,,4.00
VR,15839,MAXCEL 2 SL,8.00
VR,15847,,2.25
VR,15847,MAKURI,2.25
VR,15856,,180.00
VR,15856,AZAKA,16.00
VR,15868,,15.00
VR,15869,,8582.00
VR,15869,OPTIX STAR DISPERSS,5744.00
VR,15870,CLIOPHAR 600 SL,6.20
VR,15876,LEGADO,505.00
VR,15886,,290.00
VR,15886,METAREX INOV,1870.00
VR,15888,AZOX 25 SC,729.00
VR,15890,CURZATE 60 WG,137.20
VR,15893,GIAGUAR SL,0.15
VR,15897,,5.00
VR,15897,ALFIL WG,160.00
VR,15898,FILAL WG,13.25
VR,15898,FILAL WG PFnPE,3.00
VR,15898,FILAL WG PFnPE (venduto fino al 21/,0.50
VR,15900,,9900.00
VR,15900,TRIKA EXPERT,14360.00
VR,15901,,21680.00
VR,15901,ERCOLE,25851.00
VR,15907,,56.00
VR,15907,PRESIDIUM ONE,1901.00
VR,15910,KARAKAS,22.50
VR,15911,,3379.00
VR,15911,SPIROX,3725.00
VR,15915,,331.00
VR,15915,STARANE HD,22.00
VR,15916,CITADEL,0.40
VR,15926,,680.00
VR,15926,MOJANG 600,2147.00
VR,15928,SULGRAN DF PFnPE,3.00
VR,15948,,2309.00
VR,15948,SINSAJO,953.00
VR,15961,RETENGO NEW,128.00
VR,15974,BYZANCE,9.00
VR,15990,,688.20
VR,15990,SCIROCCO 125 EW,530.90
VR,16007,,1757.00
VR,16007,REWARD,550.00
VR,16010,ACRUX 10 WP,2.00
VR,16023,DIMBO 480 SL,225.00
VR,16032,,344.00
VR,16032,RADAR 10 EC,49.00
VR,16033,HEREU SC,125.00
VR,16034,,6.00
VR,16034,DOURO 100 EC,607.00
VR,16035,THEOREM,5.50
VR,16037,MOJANG TX,922.00
VR,16038,,20.00
VR,16038,CABRIO WG,9.00
VR,16041,BATTLE DELTA,11.00
VR,16042,TOSCANA,0.02
VR,16050,RADIANT SC,43.50
VR,16051,,365.00
VR,16051,LENNS,775.00
VR,16054,SINSTAR,11.00
VR,16056,SARACEN,0.75
VR,16064,CREDIT 540,12360.00
VR,16066,,223.50
VR,16066,RADIANT PRO,112.00
VR,16067,,2.00
VR,16068,,10530.00
VR,16068,FOLDER 80 WG,5140.00
VR,16071,MESOZIN 70 WG,48.75
VR,16074,,275.00
VR,16074,GLORIAL 25 EC,2198.00
VR,16076,,517.00
VR,16076,SOLIS,292.00
VR,16083,STIKER FLOW,9.25
VR,16084,,151.50
VR,16084,BREVIS,52.50
VR,16085,,2.25
VR,16086,NEMGUARD GRANULES,25.00
VR,16088,,60.00
VR,16088,NEMADATE,10420.00
VR,16089,BUGUIS,252.00
VR,16092,CICLOPE,672.00
VR,16098,,359.50
VR,16098,NIBER 70 DF,171.75
VR,16099,,4.50
VR,16099,SINIS 70 DF,2.00
VR,16101,TOPAS COMBI LIQUIDO,2188.00
VR,16104,,1.00
VR,16104,ELECTIS TRIO WDG,618.00
VR,16126,FLANCO SC,3.40
VR,16132,,16.00
VR,16132,HELM SURFER PLUS,24.00
VR,16140,ALMADA F,328.00
VR,16142,,69.00
VR,16142,MINECTO ALPHA,52.50
VR,16149,,15.00
VR,16149,BABEL,1.00
VR,16161,,60.00
VR,16161,CENTURY SL,1337.00
VR,16161,CENTURY SL  ENERVIN PRO PACK,12.00
VR,16167,,45.00
VR,16167,MARACANA,235.00
VR,16170,,70.00
VR,16170,TRICUP FLOW,2080.00
VR,16171,,34.80
VR,16171,HADDEN,1.20
VR,16178,,36310.00
VR,16178,FOLIANE 80 WG,250.00
VR,16181,DELTAMIX 25,441.00
VR,16182,CLICK PRO,50.00
VR,16187,TANGO R PLUS,962.00
VR,16191,,129.00
VR,16191,TRIMAXX,408.00
VR,16194,,407.00
VR,16194,ETRAVON PRO,203.00
VR,16197,COPPERFIELD 17 WG,1670.00
VR,16198,EVORAM 15,5000.00
VR,16200,CUPRORAM 35 WG NC,1435.00
VR,16204,,24.00
VR,16204,ALMADA TRIO,300.00
VR,16205,,4030.00
VR,16205,IDROX 20,8994.00
VR,16210,PowerRam Idro 20 HiBio,130.00
VR,16221,,74.50
VR,16221,MADEX TOP,41.30
VR,16224,,795.00
VR,16224,CUPRORAM 37.5 WG,1460.00
VR,16226,,100.00
VR,16227,,5.00
VR,16235,,230.00
VR,16235,KEYFOL WG,160.00
VR,16237,,36.00
VR,16247,CUPROBEL OXY,4010.00
VR,16248,,330.00
VR,16248,FERREX,18.00
VR,16249,CARDINAL 50 WG,85.00
VR,16251,,2736.00
VR,16251,AFFIRM OPTI,5302.00
VR,16252,,10.00
VR,16252,AMISTAR GOLD,40.00
VR,16261,,40.00
VR,16261,BELOUKHA,1693.20
VR,16271,,45.00
VR,16271,FRESCO,1475.00
VR,16273,,1871.00
VR,16273,SIVANTO PRIME,3717.75
VR,16277,,7.00
VR,16277,ALMADA 50 SC,1729.00
VR,16279,ERCOLE GR,2260.00
VR,16282,DIMIX,3.00
VR,16283,QUANTUM R-OK,25.00
VR,16285,,1200.00
VR,16285,KALIMBA,333.00
VR,16287,,337.00
VR,16287,SOLIGOR,498.00
VR,16288,,4099.50
VR,16288,AMPEXIO,384.00
VR,16293,,111.00
VR,16293,PACLOT NEW,36.00
VR,16295,,24.00
VR,16295,RAPAX AS,57.00
VR,16296,,1505.00
VR,16296,PERGADO D,595.00
VR,16299,,1731.00
VR,16305,BONZI,3.00
VR,16312,,99.00
VR,16312,TOMIGAN,29.00
VR,16313,OMNERA   LQM,327.00
VR,16314,,87.00
VR,16314,ZOXIS 250 SC,2076.00
VR,16322,PENNY,4.00
VR,16323,PENDIWIN,131.00
VR,16325,,25666.00
VR,16325,EPIK SL,30425.00
VR,16335,,12789.00
VR,16335,LIETO SC,15075.00
VR,16336,,202.00
VR,16336,DELAN SC,147.00
VR,16354,SHARDIF 250 EC,2320.00
VR,16361,FULL 80 WG,50.00
VR,16362,,500.00
VR,16363,,706.00
VR,16363,SIRTAKI,1401.30
VR,16364,,1915.00
VR,16364,BISMARK,4864.00
VR,16369,,71.00
VR,16369,ORTIVA TOP SC,168.00
VR,16376,PROXIMO,13.00
VR,16379,,1930.00
VR,16379,PREV-AM PLUS,6368.00
VR,16381,CALLICORE,1583.00
VR,16384,,1909.00
VR,16384,ELATUS ERA,42.00
VR,16385,,169.50
VR,16385,ELATUS PLUS,278.25
VR,16395,,38.00
VR,16395,MOHICAN 500 SC,87.00
VR,16396,TEMSA 100,145.00
VR,16399,DELTAM 15 EW HOBBY PFNPE,1.00
VR,16401,KHAPO 80 WG,590.00
VR,16402,,84.00
VR,16402,ENVIROMITE FL,76.25
VR,16410,AVENGER,40.00
VR,16415,,3.40
VR,16415,MADEX TWIN,4.00
VR,16419,BENTADOR,95.00
VR,16422,SPIROSTAR,1130.00
VR,16423,CORDOBA,59.50
VR,16433,,70.00
VR,16433,FLINT RISO,153.00
VR,16438,,786.00
VR,16438,VELUM PRIME,1094.50
VR,16439,CHECKMATE PUFFER LB,257.57
VR,16448,,121.00
VR,16448,NEALTA,233.00
VR,16457,,10025.00
VR,16457,POLTIGLIA 20 WG GREEN,38172.00
VR,16458,OSSICLOR 30 GREEN,20.00
VR,16459,SOLEIL 50 WG,3.00
VR,16461,,1.00
VR,16461,CENTURION 240 NEO,907.00
VR,16470,COLUMBO 08 MG,12.50
VR,16472,,22.00
VR,16474,,11.90
VR,16474,MATSUDA 25 WG,5.90
VR,16477,RIVAL,3.00
VR,16480,,7438.00
VR,16480,3LOGY,4916.00
VR,16481,,1217.30
VR,16481,CALLISTO 480,3.60
VR,16485,,60.00
VR,16485,ROMULAN,231.00
VR,16492,,2221.00
VR,16492,VASCO,1084.00
VR,16500,TRIBAL,2.16
VR,16501,INSTRATA ELITE,7.00
VR,16506,FORZANET 75,210.93
VR,16509,,40.00
VR,16509,IBISCO,359.90
VR,16510,,0.00
VR,16510,ISONET T,1.12
VR,16523,MISTER C,4.98
VR,16527,,138.00
VR,16527,TELLUS WP,65.00
VR,16529,ZERMAT SC,2.00
VR,16532,ROSBAY,22.50
VR,16538,,132.00
VR,16538,KITAMBA,345.00
VR,16543,AuRam Idro 22 HiBio,1730.00
VR,16545,,24890.00
VR,16545,COPRANTOL HI BIO 20,1110.00
VR,16558,,3.50
VR,16558,CARPOVIR,33.00
VR,16562,,26190.00
VR,16562,DELAN PRO,13980.00
VR,16563,,148.00
VR,16564,MEXIRAM TRI HI BIO,2270.00
VR,16565,,44.20
VR,16565,EXECUTIVE GOLD,6.00
VR,16566,KUPPER 20 WG,630.00
VR,16567,,29980.00
VR,16570,,25.00
VR,16570,SENCOR 600 SC,37.00
VR,16572,,0.25
VR,16572,DAKOFAKA,96.39
VR,16573,,116.00
VR,16573,FIGHTER,107.00
VR,16575,TRIMMER 50 WG,0.50
VR,16577,,169.00
VR,16577,U46 COMBI DUO,601.00
VR,16580,,150.00
VR,16580,VIPER ON,635.00
VR,16596,SANIUM SL25 PFnPE,173.55
VR,16598,SANIUM AL PFnPE,167.20
VR,16606,PHYTO SARCAN,1330.00
VR,16607,VEXTAMITRON 700 SC,1180.00
VR,16616,,527.00
VR,16616,VALLEY,1311.00
VR,16624,,96.00
VR,16625,,0.40
VR,16625,MAINSPRING,1.20
VR,16630,NATUREN LIMEX PFnPE,587.20
VR,16632,,156.00
VR,16632,LUNA SENSATION,294.00
VR,16640,MAZA 4% SL,26.00
VR,16641,RINIDI,171.16
VR,16643,,564.00
VR,16643,SUCCESS GR,2832.00
VR,16645,KUDOS,60.00
VR,16654,,5.50
VR,16654,POLYVERSUM,74.90
VR,16654,POLYVERSUM PFnPE,0.10
VR,16657,,1415.00
VR,16657,CENTURY PRO,7910.00
VR,16658,,448.00
VR,16658,DAGONIS,1828.00
VR,16660,,1218.00
VR,16660,ACTLET C,2010.00
VR,16663,,288.00
VR,16663,ACTLET F,894.00
VR,16667,,4599.00
VR,16667,REVOLUTION,7339.00
VR,16690,,3109.75
VR,16690,KESTREL,4248.50
VR,16694,,125.00
VR,16694,CHANON,385.00
VR,16699,RIMURON,5.70
VR,16701,,25.80
VR,16701,PLAZA,41.30
VR,16732,,113.00
VR,16732,TUSAL,40.00
VR,16734,T34 BIOCONTROL,44.00
VR,16735,,4.20
VR,16735,LOBETEC,0.04
VR,16742,NEMGUARD SC,35.00
VR,16744,JOYSTICK,1.40
VR,16751,,45.00
VR,16751,REQUIEM prime,390.00
VR,16754,SIMBA,74.00
VR,16756,SUDOKU ULTRA OD,5.00
VR,16763,,245.00
VR,16767,MISSITO,40.00
VR,16772,AMYLO X LC,97.00
VR,16774,,0.78
VR,16776,,1345.50
VR,16776,ASSET FIVE,1985.07
VR,16779,,18.00
VR,16779,TONALE,4712.00
VR,16780,,215.00
VR,16780,SERENADE ASO,3860.00
VR,16783,,5448.00
VR,16783,NICARAGUA,1.00
VR,16784,CUPROBEL TRI,4410.00
VR,16785,GOLDWIND,3.40
VR,16787,,16614.00
VR,16787,CLINIC ST,5453.00
VR,16789,,70.00
VR,16789,TESSIOR,40.00
VR,16790,,530.00
VR,16790,NORDOX ENERGY,1408.00
VR,16792,PROFILE PLUS,136.50
VR,16793,NIMBUS 250 EC,4.00
VR,16797,DEMETRINA 25 EC,58.00
VR,16799,ALEXIN 75 LS,5.00
VR,16802,,146.00
VR,16802,ZYPAR,2263.00
VR,16803,,364.00
VR,16803,BENTA 480 SL,55.00
VR,16813,,42.90
VR,16816,,381.00
VR,16816,EXALT 25 SC,1071.00
VR,16818,FLUAZINOVA PLUS,2200.00
VR,16819,NATUR BREAKER,229.00
VR,16820,,6.00
VR,16820,VALIANT FLASH,4434.00
VR,16828,,125.00
VR,16828,MAKURI MAX,174.00
VR,16830,FANDANGO 360 TF,2025.00
VR,16831,GLIFENE BIOGRADE,9690.50
VR,16832,MARKATE PLUS 100 CS,70.00
VR,16833,PANTOX 360 SUPER,3820.00
VR,16835,,22.00
VR,16835,RAVANE PLUS 100 CS,113.25
VR,16836,STALLION IT SYNC,1433.00
VR,16837,CONTOR,14.10
VR,16841,,22660.00
VR,16842,CUPRAVIT BIO ADVANCED,5511.00
VR,16843,,18880.00
VR,16843,COPPERLAND NEW,1250.00
VR,16846,,352.50
VR,16846,VESTICOR,681.60
VR,16857,SHORTTRACK,9.00
VR,16858,,12.00
VR,16858,KENJA,104.00
VR,16867,,1388.00
VR,16867,GLISTER STAR,9522.00
VR,16868,,4.00
VR,16870,DISCO,177.00
VR,16882,,40.00
VR,16882,PROPULSE,6.00
VR,16886,,87.00
VR,16886,CLOSER,371.00
VR,16886,CLOSER PFnPE,0.52
VR,16889,ELECTIS ZR WDG,240.00
VR,16890,WEEDMASTER 540,70.00
VR,16895,,32.85
VR,16895,ZORVEC ENICADE,22.95
VR,16896,,58.80
VR,16896,ZORVEC ZELAVIN,2.60
VR,16897,KATOUN GOLD,30.00
VR,16901,BELOUKHA GARDEN,12.40
VR,16902,,167.00
VR,16902,AVIATOR XPRO,300.00
VR,16904,,183.00
VR,16904,KIDEKA 100 SC,112.00
VR,16906,,10.00
VR,16916,,101.00
VR,16916,BUGGY G,7.00
VR,16917,LOGRADO PLUS,7939.00
VR,16921,PROBEL 1.8,301.00
VR,16922,,240.00
VR,16922,ABINE,60.00
VR,16925,WISH TOP,113.00
VR,16939,,262.00
VR,16939,SARUMO,1167.00
VR,16945,,346.00
VR,16945,SERCADIS,993.20
VR,16947,,50.00
VR,16947,BRIONFLO 100 SC,8.00
VR,16950,,189.00
VR,16950,MANAMID 100 SC,879.00
VR,16951,,210.00
VR,16951,ESQUIVE WP,210.00
VR,16952,DIRIMAL,100.00
VR,16957,,1991.00
VR,16957,ZORVEC VINABRIA,4030.00
VR,16960,ACTLET EVO,500.00
VR,16961,,27620.00
VR,16961,BENSEC TF,16850.00
VR,16963,,2.75
VR,16963,AVENOX 240,73.75
VR,16968,,635.00
VR,16968,PENDINOVA,51.00
VR,16976,,7105.00
VR,16976,VITIKAPPA,2248.00
VR,16976,VITIKAPPA PFnPE,12.00
VR,16988,,1720.00
VR,16992,SPARROW,6.00
VR,17003,,821.00
VR,17005,CLOMATE,468.00
VR,17006,MONCUT,345.00
VR,17007,ERADICOAT,415.00
VR,17010,TIXAL TRI,450.00
VR,17014,,127.50
VR,17014,DELEGATE WDG,210.00
VR,17016,TRACE 240,10.50
VR,17020,NORIOS,6.00
VR,17023,RIVIERA R WG,140.00
VR,17026,,1325.00
VR,17038,,357.00
VR,17038,TUAREG NEW,3789.00
VR,17058,,392.00
VR,17058,ROMEO,510.00
VR,17059,VINTEC,10.40
VR,17060,DERBY,50.00
VR,17065,KAURITIL ULTRA WG,1420.00
VR,17066,,52.00
VR,17066,PRAXIM,45.00
VR,17071,PELER,20.00
VR,17075,,168.75
VR,17075,MOVIDA,6.27
VR,17076,,1065.00
VR,17076,GAZELLE,892.00
VR,17078,,9356.00
VR,17078,QUANTUM L,5227.00
VR,17079,,20.00
VR,17079,FORCE EVO,4170.00
VR,17080,KUPROS 25 WG,1420.00
VR,17081,CUPROSSIL IDRO NEW 20 WG,60.00
VR,17091,,90.00
VR,17091,CHAMP 20 WG,2570.00
VR,17094,ANTHEM EKO,117.00
VR,17107,SPYRIT 50 SC,69.00
VR,17111,,30.00
VR,17111,FLOVINE,5.00
VR,17112,,1024.00
VR,17112,DIFCOR,282.00
VR,17115,,365.00
VR,17115,ZETROLA,1860.00
VR,17116,,761.00
VR,17116,ACTIVUS ME,1408.00
VR,17117,,715.00
VR,17117,MITOR,40.00
VR,17118,,10.00
VR,17118,BIOACT PRIME DC,8.00
VR,17119,SQUARE EC,1.00
VR,17121,ATLANTIS ACTIV,77.88
VR,17123,,60.00
VR,17125,,35.00
VR,17125,LOCK UP,56.00
VR,17127,NEMATYL,6170.00
VR,17128,JURA EC,560.00
VR,17129,,6600.00
VR,17129,COSAVET FLOW,3470.00
VR,17130,FLOMILL,110.00
VR,17136,IRAM 20 WG,550.00
VR,17137,VYDATE 10G,6235.00
VR,17140,POMAX SC,5.00
VR,17142,AUGET WP,504.00
VR,17149,,60.00
VR,17164,,165.00
VR,17165,WASAN,11.00
VR,17178,,270.00
VR,17178,TOTAL GREEN L,275.00
VR,17193,,7.48
VR,17194,DICARINI,97.40
VR,17195,MAIZIUM,19.36
VR,17196,THRIMAZ,13.20
VR,17203,PENDI 40,1191.00
VR,17204,,30.00
VR,17204,CYPRUS 25 WG,40.00
VR,17205,CIDIAL,547.00
VR,17209,DAVAI,456.00
VR,17211,,0.00
VR,17211,GENKOTSU,171.00
VR,17212,,4.00
VR,17212,ISERAN,564.00
VR,17217,ARMICARB SPRAY,80.25
VR,17217,ARMICARB SPRAY PFnPE,41.25
VR,17224,,20.00
VR,17224,EKOOIL S,350.00
VR,17226,CHECKMATE PUFFER FRUIT MULTI,3.38
VR,17234,MAYA 70 WG,288.50
VR,17242,NEXTER 10 SC,5.00
VR,17248,,4313.00
VR,17248,ZORVEC VINABEL,2188.00
VR,17254,,50.00
VR,17254,SIAGRAN ULTRA,12.30
VR,17261,POKER GEO,10260.00
VR,17264,ZOLFO LIQUIDO 80 SC,1060.00
VR,17265,FILDER 500 SC,297.00
VR,17266,DELTAKILL EC,116.00
VR,17268,,950.00
VR,17268,KUKI 70,3209.00
VR,17270,ASCRA XPRO,615.00
VR,17272,,1043.00
VR,17272,SERIFEL,1112.00
VR,17273,,0.00
VR,17273,FLYPACK DACUS TRAP,237.00
VR,17275,NOTO CLASS,67.00
VR,17278,KIDEKA,56.00
VR,17281,PETALIN,656.00
VR,17284,RODEO PLUS,9520.00
VR,17292,,15.20
VR,17292,BIOOtwin L,2.92
VR,17293,DIAGONAL,182.00
VR,17294,,10.20
VR,17294,ZORVEC EPICALTRIN,0.60
VR,17295,IMPERO 18 EC,68.00
VR,17298,MARQUIS,25.00
VR,17301,DESMON,103.00
VR,17304,KAN-DOO,540.00
VR,17311,VINIFOL WDG,452.50
VR,17313,ARTINA EC,48.00
VR,17317,,338.50
VR,17317,NABUCCO,207.50
VR,17319,,247.00
VR,17319,FOXPRO,151.00
VR,17320,SENIOR 75 WG,1347.00
VR,17326,BELEM PRO,1752.00
VR,17327,SHERPA 08 MG,6540.00
VR,17329,RHIZOPON AA POLVERE 1%,2.00
VR,17330,RHIZOPON AA POLVERE 2%,1.00
VR,17332,HANUKYS,15.00
VR,17333,V10,6.40
VR,17337,,87.00
VR,17337,VANGUARD,462.00
VR,17340,APHOX 50,4.50
VR,17343,ALTER 80,90.00
VR,17345,ARPEL WG,75.00
VR,17346,,53.00
VR,17346,EXOSET 240 EC,2708.00
VR,17350,,145.00
VR,17350,SONATA,605.00
VR,17355,,33.00
VR,17355,ECOFOX,77.00
VR,17358,BLAISE ULTRA,177.00
VR,17360,,6487.00
VR,17360,MAGO,13116.00
VR,17366,,367.80
VR,17366,LOYANT 25 Neo EC,815.60
VR,17368,,871.00
VR,17368,ALETIL DF,1401.00
VR,17369,ECOMIX,401.00
VR,17371,,1840.00
VR,17372,COPRANTOL 30 WG,6066.00
VR,17377,,1.02
VR,17377,REFINE SX,18.97
VR,17378,,131.40
VR,17378,GACHINKO,91.80
VR,17387,WARDEN C,670.00
VR,17389,,4.00
VR,17398,,140.00
VR,17398,DOMITREL 400 CS,482.00
VR,17402,,8.00
VR,17402,BOTECTOR NEW,8.80
VR,17403,,13.50
VR,17407,WINTECH,338.00
VR,17409,XINTECH 50,194.00
VR,17410,DRONSAR,93.00
VR,17421,,75.00
VR,17421,AGRIZOLE 250,26.00
VR,17422,,2273.00
VR,17422,ENVITA SC,2918.00
VR,17432,,2306.00
VR,17436,,2070.00
VR,17436,WARDEN F,1948.00
VR,17441,,3.00
VR,17441,EFFIELD SC,12.00
VR,17451,,68.00
VR,17451,TEKKEN,627.00
VR,17454,,357.60
VR,17454,ENCARIT,12.00
VR,17455,PALIO,58.50
VR,17456,IVENOL MASSO',1275.00
VR,17461,,734.00
VR,17461,ORONDIS,310.40
VR,17462,,0.20
VR,17465,CAMPLAN,47.20
VR,17469,,678.58
VR,17469,TAEGRO,143.76
VR,17470,,4505.00
VR,17470,LIMOCIDE,1087.00
VR,17471,,766.50
VR,17472,,125.00
VR,17472,JADE,1046.00
VR,17475,RODAL 240,20.00
VR,17478,EMPIRE,108.00
VR,17479,TRIBASIC FLOW NEW,30.00
VR,17489,BELTHIRUL,413.00
VR,17496,,737.00
VR,17496,OPTIMO WG,3.00
VR,17497,,690.00
VR,17497,CALDERA,710.00
VR,17498,PULSAR EVO,200.00
VR,17502,LINCE,292.00
VR,17503,BORDOLESE 20,12860.00
VR,17505,,1.40
VR,17508,,7810.00
VR,17508,POLYCOM 70 DF,6360.00
VR,17511,,3.00
VR,17512,DELTATHRIN,1526.00
VR,17522,REGNUM 25 EC,357.00
VR,17524,ALCOBAN,671.00
VR,17529,MEDOR 70 WDG,134.00
VR,17531,MEXIL R FLOW,43.00
VR,17532,CONTENDER PLUS,831.00
VR,17533,WOLFRAM,970.00
VR,17535,MINSK,6.40
VR,17537,XADION,5.00
VR,17538,CORTO WG,59.00
VR,17548,ENELSE,110.00
VR,17549,,137.00
VR,17549,SENPAI,603.00
VR,17551,CYPERFOR 100 EW,138.00
VR,17552,COLUMBO PRO,636.00
VR,17557,FLY-OFF,751.00
VR,17572,SUBVERT,24.30
VR,17586,AXIAL ONE,33.00
VR,17597,,1378.24
VR,17597,SHINKON,454.63
VR,17598,,529.30
VR,17598,AFINTO,133.14
VR,17600,,3.75
VR,17600,INPUL,1.25
VR,17601,,948.00
VR,17601,ANDROMEDA,78.00
VR,17605,,175.00
VR,17611,POTCLEAN ULTRA 1G,21.00
VR,17612,,897.00
VR,17612,RABONA,53.25
VR,17615,,35.00
VR,17631,,580.00
VR,17631,GRIFON EXTRA,2300.00
VR,17634,,353.00
VR,17634,FRAXION,12.00
VR,17640,VIRIDIS MIX,1065.00
VR,17642,BUSSOLA WG BLU,1280.00
VR,17646,,2.30
VR,17646,JOCOTO 25 WG,0.10
VR,17651,METAREX ONE,295.00
VR,17655,,271.00
VR,17656,BIOVIS,39.00
VR,17657,EXTASE R,2500.00
VR,17665,,46.00
VR,17665,PYRUS PRO,10.00
VR,17671,VENZAR SC,40.00
VR,17675,,0.02
VR,17675,TUTATEC,0.08
VR,17677,,1.85
VR,17677,BIOOtwin L+,97.84
VR,17680,,73.00
VR,17680,GALILEO,282.00
VR,17683,,890.00
VR,17687,,829.00
VR,17687,ELTIRA,159.00
VR,17689,,127.00
VR,17689,MOXYL MK,61.50
VR,17693,,1675.00
VR,17693,HATTRICK 30 WG,1045.00
VR,17697,SUPRACAFFARO FLOW,440.00
VR,17698,,1120.00
VR,17698,ASSORAM ELITE 20 WD,3112.00
VR,17699,,2010.00
VR,17699,IDROX 15,540.00
VR,17715,CHECKMATE VBM-PRO,76.22
VR,17742,PRIVIUM,4.00
VR,17743,SHALLOW,201.00
VR,17744,CHOUCAS,96.00
VR,17745,,3.00
VR,17745,PREDILECTO,65.00
VR,17746,,164.00
VR,17746,CLEMATIS,1598.00
VR,17749,,56.00
VR,17749,DRONE,357.00
VR,17751,PRAKTIS,281.00
VR,17752,STAVENTO,571.00
VR,17754,,475.00
VR,17754,REVYCARE,1422.00
VR,17760,,285.56
VR,17769,VULPIN,40.25
VR,17782,SUNPOWER,360.00
VR,17797,FENERGY SC,79.00
VR,17798,BOX,130.50
VR,17803,,62.00
VR,17804,,115.00
VR,17804,ESSEN’CIEL,2335.00
VR,17805,,29.00
VR,17805,BROKER,1.00
VR,17810,,128.00
VR,17814,Cheprec,2.00
VR,17819,,3782.00
VR,17820,,50.00
VR,17823,,185.00
VR,17823,BOILER,300.00
VR,17824,,819.00
VR,17824,MIRADOR TURBO,15.00
VR,17826,,181.00
VR,17826,DOMARK 125 PLUS,953.50
VR,17834,CELADA LB 400,1.40
VR,17840,,2350.00
VR,17840,OLIOCIN PLUS,3625.00
VR,17847,CEDROZ,102.00
VR,17855,,230.00
VR,17855,FITOPYR 2EC PRO,35.00
VR,17863,AFFLANK,320.00
VR,17865,,2334.00
VR,17865,RIAMBA,1.00
VR,17873,,6.66
VR,17873,CELADA VMB 180,4.03
VR,17880,,34.00
VR,17880,AZULEO,2.00
VR,17882,FERREX PFNPE,18.00
VR,17888,,1162.00
VR,17888,VOLIAM,333.40
VR,17891,BLESAL TOP,40.00
VR,17894,TRIKA ENERGY,8170.00
VR,17896,FORTUNE DISPERSS,123105.00
VR,17897,,3940.00
VR,17897,MICRONOL ENERGY,1430.00
VR,17913,,2579.00
VR,17920,,14.00
VR,17920,GHIBLI TM,368.00
VR,17921,,1105.00
VR,17923,ARNOS SC,66.00
VR,17925,,195.00
VR,17931,,789.00
VR,17932,ORO-QUIN,666.00
VR,17938,,13700.00
VR,17938,CLINIC TF,37582.00
VR,17944,HOKONZA,1.00
VR,17945,,119.70
VR,17945,LUMEO,298.05
VR,17946,,130.00
VR,17947,,528.75
VR,17947,CODAL,1222.50
VR,17949,PATRIOT ULTRA,31.00
VR,17951,,18.00
VR,17952,PLANTIVAX SL,5.00
VR,17957,HERITAGE,0.20
VR,17963,,1040.00
VR,17963,TIOVIT 800 L,1430.00
VR,17966,,20.00
VR,17985,,18.00
VR,18001,MIKONOS,4926.00
VR,18003,CUNEB,10.00
VR,18011,OIZISA 480 SL,172.00
VR,18021,PECARI 300,285.35
VR,18022,,1690.00
VR,18082,,183.00
VR,18082,SERCADIS SC,530.30
VR,18083,LIRONAS,70.00
VR,18084,,25275.00
VR,18084,SITRIN,200.00
VR,18092,,277.00
VR,18092,REVYSTAR XL,509.00
VR,18097,MECTINA,1000.00
VR,18109,,35.00
VR,18109,KASKO MET,281.00
VR,18119,,1193.00
VR,18119,SINALA,168.00
VR,18125,ALLSTAR,10.00
VR,18126,BOTREFIN Plus,121.00
VR,18134,DOMARK CEREALI,75.00
VR,18137,,6234.00
VR,18137,REVYSION,4596.00
VR,18138,,2640.00
VR,18143,QUESTAR,480.00
VR,18145,,100.00
VR,18145,BOTRYBEL,65.00
VR,18148,,2563.00
VR,18148,BUGGY GOLD,2480.00
VR,18152,,369.00
VR,18166,MERISTO,3.00
VR,18181,UNIVOQ,955.00
VR,18182,,50950.00
VR,18182,ZOLVIS 80 ULTRA,37600.00
VR,18206,ZONGRUUM,3.75
VR,18212,IBISCO PFnPE,1.20
VR,18213,BACILLUS CHEMIA PFnPE,19.67
VR,18216,VITIKAPPA,15.25
VR,18216,VITIKAPPA PFnPE,11.50
VR,18222,,146.00
VR,18222,FERRAMOL,173.50
VR,18222,FERRAMOL PFnPE,1637.50
VR,18222,KOLLAN FERRAMOL ESCA LUMACHICIDA PF,48.00
VR,18223,NATRIA LUMACHICIDA PFnPE,149.00
VR,18224,,1750.00
VR,18224,SAPULI',17350.00
VR,18232,,4.00
VR,18232,Bordoflow new PFnPE,0.80
VR,18235,CIOPPER PFnPE,22.60
VR,18239,FLIPPER PFNPE,6.45
VR,18241,IDRORAME FLOW PFnPE,24.50
VR,18242,LEPINOX PLUS PFNPE,23.84
VR,18244,MOMENTUM,3.60
VR,18244,MOMENTUM PFnPE,19.44
VR,18245,,71.50
VR,18245,KOLLANT POLTIGLIA 20 WG PFnPE,12.00
VR,18245,POLTIGLIA MANICA 20 WG PFnPE,65.50
VR,18253,,19.00
VR,18253,VERDERAME 20 WG PFNPE,0.45
VR,18259,BARBARIAN BIOGRADE 360 PFnPE,134.50
VR,18263,,129.80
VR,18263,BIOLID UP PFnPE,217.80
VR,18263,KB VITHAL BIOLID UP PFnPE,8.00
VR,18265,BORDORAM 20 WG PFnPE,4.20
VR,18266,COBRE NORDOX SUPER 75 WG PFnPE,2.80
VR,18270,GLIPHOGAN TOP,76.00
VR,18270,GLIPHOGAN TOP CL,52.00
VR,18270,GLIPHOGAN TOP CL PFnPE,3133.50
VR,18270,KOLLANT GLIPHOGAN TOP CL PFnPE,72.00
VR,18274,NEMGUARD GRANULES PFNPE,12.50
VR,18277,,66.50
VR,18277,SHAMAL MK PLUS CL,8.20
VR,18277,SHAMAL MK PLUS CL PFnPE,128.00
VR,18282,TRUSTEE 450 PFnPE,55.25
VR,18283,XEDAVIR PFnPE,3.00
VR,18284,WANAX PFnPE,18.30
VR,18290,,500.00
VR,18290,FOLPETIS 50 SC,1450.00
VR,18319,TUTAVIR ER2,2.90
VR,18323,,27.00
VR,18323,VIBALLA SF2,83.00
VR,18325,,50.00
VR,18325,BENEVIA 2023,18.00
VR,18342,,10875.00
VR,18342,AF-X1 2023,9814.50
VR,18369,Halvetic,10.00
VR,18373,AURA 2023,180.00
VR,18383,,110.00
VR,18383,EXIREL 2023,240.00
VR,18386,,2665.00
VR,18386,D-D SOIL XVII,10865.00
VR,18387,DIGEO XVII,67420.00
VR,18388,GEOCLEAN 2023,11275.00
VR,18389,,800.00
VR,18389,TELONE II 2023,200.00
"Prodotti fitosanitari venduti nell'anno 2023 (fonte dati: Autorità regionale competente, dichiarazioni di vendita pf 2023. art. 16 D.Lgs 150/2012) * non indicato nel tracciato ministeriale utilizzato",,,