Prodotti fitosanitari venduti nell'anno 2019 (fonte dati: Autorità regionale competente, dichiarazioni di vendita p.f. 2017, art. 16 D.Lgs. 150/2012);;;
Provincia;N. Reg. ; Prodotto fitosanitario venduto;"Quantità 
(Kg o litri)"
BL;13;THIOPRON;20,00
BL;1583;MICROTHIOL DISPERSS;63,00
BL;1850;IDRORAME FLOW;19,00
BL;2259;PASTA LUMACHICIDA IN GRANI;516,50
BL;2272;SILLIM;182,00
BL;2272;SILLIM PFnPE;120,00
BL;2307;VECTOR;80,00
BL;2923;TIOVIT JET;25,00
BL;2995;ESCARTOX;420,00
BL;2995;ESCARTOX 1 kg;224,00
BL;2995;ESCARTOX PFNPE;240,00
BL;3065;OLIOCIN PFnPE;44,50
BL;3102;OLEOTER;6,00
BL;3132;SEPR-OIL PFnPE;24,50
BL;3219;CARAKOL AGRO PFnPE;118,00
BL;4710;ALIETTE;2,40
BL;4710;ALIETTE PFnPE;5,30
BL;4896;RIGENAL P;1,30
BL;5228;CARAKOL;66,00
BL;5299;MIBIOL;4,00
BL;5299;MIBIOL PFnPE 0.5 Lt;26,00
BL;5414;RADICANTE POLVERE TALEE LEGNOSE PFn;0,30
BL;5574;LUMAKIDIN 5G PFnPE;25,00
BL;6321;STIMOLANTE 66F;9,00
BL;6389;DUECI-FITO RADICANTE;0,30
BL;6751;RASEN FLORANID PFnPE;4,50
BL;6873;IDRORAME 193;3,00
BL;6945;TOPAS 10 EC;3,00
BL;7369;SYLLIT FLO;2,50
BL;7401;POLTIGLIA CAFFARO 20 DF NEW;8,00
BL;7541;APOLLO SC PFnPE;0,05
BL;7555;KLARTAN 20 EW;0,02
BL;7611;ENOVIT METIL FL;2,00
BL;7764;TIOLENE;3,00
BL;7916;POLYRAM DF;36,00
BL;7922;OPALENE;49,00
BL;8146;GALLERY;1,50
BL;8229;RAPAX;0,35
BL;8382;ROUNDUP BIOFLOW;25,60
BL;8382;ROUNDUP BIOFLOW PFnPE;141,30
BL;8795;VERTIMEC EC;5,00
BL;8801;SCORE 25 EC;3,00
BL;8837;GERMON BEWURZELUNGSPUDER PER TALEE ;4,00
BL;8838;GERMON BEWURZELUNGSPUDER PER TALEE ;87,00
BL;8841;CYREN 5 G;159,50
BL;8841;CYREN 5 G PFNPE;24,00
BL;8934;SCALA;5,00
BL;9210;QUADRIS;4,00
BL;9244;ZIRAMIT 76 WG;1,00
BL;9342;DELTRIN;5,50
BL;9411;RADIP ORMON PFnPE;1,60
BL;9422;EVADE;6,85
BL;9668;RUFAST E-FLO;0,01
BL;9679;KRISTAL 32 WG;4,00
BL;9767;NUFOS 5 G;29,00
BL;9954;JOKER;646,00
BL;10117;STRATOS ULTRA;30,00
BL;10127;DECIS JET;0,29
BL;10127;DECIS JET PFnPE;4,47
BL;10230;LUMAPLUS;155,00
BL;10233;BORDOSEP PFnPE;62,00
BL;10263;DRIVER;2,00
BL;10456;KLARO ULTRA;8,50
BL;10479;NATURALIS;5,00
BL;10509;MASTIFF ULTRA;48,50
BL;10604;EMERALD 40 EW PFnPE;4,69
BL;10632;COBRE NORDOX SUPER 75 WG;20,50
BL;10701;CUMETA FLOW;51,50
BL;10734;DUAL GOLD;19,00
BL;10735;PRIMAGRAM GOLD;132,00
BL;10771;MOST MICRO;12,00
BL;10890;FLiPPER;0,15
BL;10926;ALTOREX;5,00
BL;10970;NECOLIM;36,00
BL;10976;METEOR;2,41
BL;10976;METEOR PFNPE;0,10
BL;11011;DASH HC;13,00
BL;11133;SHELTER;1,00
BL;11190;PENCOR 10 EC;0,10
BL;11206;CODACIDE;5,00
BL;11253;CALLISTO;24,00
BL;11449;GARDOPRIM GOLD;280,00
BL;11497;CRITTOVIT WG;35,00
BL;11505;READY GERMIPLUS;14,00
BL;11525;FUNGIDINA 400 SC;5,00
BL;11561;NEEMAZAL T/S;15,17
BL;11649;COMMAND 36 CS;1,00
BL;11694;CONSERVE SC;1,68
BL;11702;REMUS  L PFnPE;12,00
BL;11722;GEONEX;18,00
BL;11779;KOP-TWIN;10,00
BL;11870;CUPRITAL S.D.I.;1,50
BL;12010;TUAREG;9,00
BL;12020;SUCCESS;16,99
BL;12043;PREVICUR ENERGY;2,20
BL;12043;PREVICUR ENERGY PFnPE;0,15
BL;12048;TIOSOL 80 WG;5,00
BL;12068;TEFLUSTAR;362,00
BL;12078;METALIM;10,00
BL;12096;POLTIGLIA DISPERSS;4,00
BL;12114;AUXIGER LG;21,00
BL;12172;FERRAMOL PFnPE;10,00
BL;12225;TEPPEKI PFnPE;0,15
BL;12315;ORTIVA HOBBY PFnPE;0,22
BL;12323;VEBIZOLFO WG PFnPE;5,00
BL;12325;MESUROL M PLUS PFnPE;816,00
BL;12344;VEBITHRIN 5 EC;2,55
BL;12437;DELAN 70 WG;7,00
BL;12482;LUMAX;3.970,00
BL;12526;ALIETTE ORTO E GIARDINO PFnPE;8,50
BL;12534;FOXTAIL;3,70
BL;12566;PYGANIC 1.4;2,16
BL;12566;PYGANIC 1.4 PFNPE;0,60
BL;12590;DIASTAR MAXI;140,00
BL;12671;HARMONY 50 SX;0,48
BL;12722;OSSICLOR 20 FLOW;2,50
BL;12738;KING 360 HP;10,00
BL;12756;DICOTEX;10,90
BL;12759;OSSICLOR 35 WG;62,70
BL;12779;RAMEDIT COMBI WG;1,00
BL;12847;EAGLE;2,00
BL;12859;BORNEO;0,18
BL;12862;CANTUS;1,00
BL;12878;FOLPAN GOLD;1,00
BL;12940;KARATE ZEON 1.5;4,50
BL;13020;MICRORAM 35 WG;5,00
BL;13062;DIPEL DF;0,21
BL;13065;DOMARK 125 PFnPE;11,35
BL;13084;TELDOR PLUS PFnPE;1,10
BL;13093;STOMP AQUA;1,00
BL;13138;SYSTHANE 2,5 EC PLUS;2,00
BL;13149;POLTIGLIA MANICA 20 WG;207,00
BL;13149;POLTIGLIA MANICA 20 WG PFNPE;45,00
BL;13156;CAMBEL 480 S;3,00
BL;13186;TITUS MAIS EXTRA;0,16
BL;13213;R6 ERRESEI ALBIS;12,00
BL;13263;BORDORAM 20 WG;8,60
BL;13290;ZOLFO MANICA DOPPIO RAFFINATO VENTI;15,00
BL;13299;MAGIO';2,00
BL;13313;CASPER;1,00
BL;13323;SULFY 80 WDG;1,00
BL;13323;SULFY 80 WDG PFnPE;14,00
BL;13323;SULFY 80 WDG PFnPE 200 gr;9,60
BL;13324;CUPRIZOL S;2,50
BL;13389;AFFIRM;3,00
BL;13440;SATEL;0,40
BL;13466;SPOTLIGHT PLUS;3,00
BL;13468;CLINER;1,80
BL;13521;HELIOCUIVRE S;3,00
BL;13540;QUASAR R FLOW;14,75
BL;13552;ZOLVIS 80 SECTOR PFnPE;10,00
BL;13586;VERDERAME 20 WG;53,00
BL;13600;ZOLFO S.A.I.M. DOPPIO VENTILATO SCO;20,00
BL;13635;POLTIGLIA 20 PB MANICA;200,00
BL;13648;SIARAM 20 WG;21,00
BL;13791;GEATER-STAR;4,00
BL;13809;FORCE ULTRA;5.150,00
BL;13812;NOTO 40 OD;3,00
BL;13815;TUTOR 18-15;22,70
BL;13927;ZAMIR 18;2,50
BL;13955;MITIGREEN;1,00
BL;13981;CORAGEN;1,80
BL;14052;HALLIG 80 WG;12,00
BL;14062;ZOXIUM 240 SC;3,00
BL;14074;TRINEX 250 EW;0,75
BL;14076;CYPRUS 25 DF;17,00
BL;14154;PIRETRO ACTIGREEN;0,40
BL;14154;PIRETRO ACTIGREEN PFnPE;5,90
BL;14208;RELDAN LO;2,00
BL;14262;GREENEX NF PFnPE;0,49
BL;14294;EXECUTIVE;0,20
BL;14407;RUNWAY;0,50
BL;14414;DUSTY PFnPE;6,50
BL;14431;LENTAGRAN 45 WP;1,00
BL;14636;BIOLID UP;22,20
BL;14642;RIDOMIL GOLD R WG;101,00
BL;14737;ROUNDUP PLATINUM;465,00
BL;14739;DECIS PROTECT PFnPE;17,00
BL;14760;RASIKAL PRO;23,00
BL;14812;ENERVIN TOP;10,00
BL;14837;GLIFOSAR FLASH PFnPE;16,00
BL;14885;ROUNDUP RAPIDO;9,00
BL;14891;TRICO;8,00
BL;14891;TRICO PFnPE;45,50
BL;14891;TRICO PFnPE 0.5;4,50
BL;14901;CONCORDE 125;0,35
BL;14919;EMERALD 125;2,40
BL;14947;TRUSTEE 450;309,00
BL;14947;TRUSTEE 450 PFnPE;7,00
BL;14970;POLYSECT ULTRA SL;3,90
BL;15013;NATRIA LUMACHICIDA;8,50
BL;15013;NATRIA LUMACHICIDA PFnPE;25,00
BL;15019;RIVIERA;5,00
BL;15023;DERREX;20,00
BL;15047;R6 ERRESEI BORDEAUX WG;32,75
BL;15058;PRINCIPAL MAIS;4,40
BL;15093;CENTURIO;78,70
BL;15093;CENTURIO PFNPE;24,00
BL;15096;GLIPHOGAN TOP CL;234,00
BL;15096;GLIPHOGAN TOP CL 0.5 lt;199,00
BL;15096;GLIPHOGAN TOP CL PFnPE;714,00
BL;15142;ALCANCE SYNC TEC;180,00
BL;15201;FLOXY 400 SC;4,00
BL;15213;DEMETRINA FLOW;7,73
BL;15213;DEMETRINA FLOW PFNPE;1,52
BL;15253;FALCON MK;78,00
BL;15263;DYNALI;3,00
BL;15289;SERENADE NATRIA PFnPE;1,60
BL;15291;TURFENE PLUS;2,00
BL;15326;CUPROTEK DISPERSS;10,00
BL;15346;FLEXITY;3,00
BL;15356;SPHINX SC;4,00
BL;15389;FLARE GOLD R WG;40,00
BL;15401;TAIFUN MK CL;24,00
BL;15401;TAIFUN MK CL PFnPE;134,00
BL;15405;SHAMAL MK PLUS CL;107,00
BL;15405;SHAMAL MK PLUS CL PFnPE;96,00
BL;15505;SILBOT 500 SC;32,00
BL;15514;CUPRAVIT BLU 35 WG;349,90
BL;15621;BOTTO 50 EC;16,60
BL;15621;BOTTO 50 EC PFNPE;2,40
BL;15654;ACCORD;1,00
BL;15668;GHIBLI 240 OD;172,75
BL;15725;DUAXO;3,80
BL;15725;DUAXO PFnPE;2,00
BL;15751;VITENE TRIPLO R PFnPE;10,50
BL;15779;ABANTO;0,14
BL;15844;SLOGAN TOP;6,00
BL;15859;KATANGA EXPRESS;9,00
BL;15901;ERCOLE;348,00
BL;15901;ERCOLE PFnPE;26,00
BL;15907;PRESIDIUM ONE PFnPE;5,40
BL;15933;AXIENDO PRONTO USO;10,50
BL;16037;MOJANG TX;45,00
BL;16051;LENNS 0.5 lt;13,00
BL;16071;MESOZIN 70 WG;2,25
BL;16099;SINIS 70 DF;23,00
BL;16104;ELECTIS TRIO WDG PFnPE;205,00
BL;16161;CENTURY SL;40,00
BL;16166;POKER MAX PFnPE;48,00
BL;16188;MEDIATOR PLUS;1,00
BL;16273;SIVANTO PRIME;2,00
BL;16288;AMPEXIO;2,25
BL;16299;PASSAT SL;73,00
BL;16325;EPIK SL;38,14
BL;16325;EPIK SL PFNPE;0,72
BL;16335;LIETO SC;6,00
BL;16381;CALLICORE;43,00
BL;16399;DECIS 15 EW HOBBY;4,00
BL;16399;DECIS 15 EW HOBBY PFnPE;300,56
BL;16416;FENOTRIX 300 SC;29,00
BL;16431;PREVICUR ENERGY ORTO PFnPE;0,05
BL;16434;OLIOCIN NATRIA PFnPE;102,50
BL;16483;TEMIDE 50 WG;2,00
BL;16497;DECIS PROTECT EW PFnPE;10,50
BL;16578;MELODY COMPACT WG;3,00
BL;16630;NATUREN LIMEX;4,05
BL;16737;ZELIG G.50;12,00
BL;16787;CLINIC ST;5,00
BL;16836;STALLION IT SYNC;10,00
BL;16886;CLOSER;24,00
BL;16896;ZORVEC ZELAVIN;1,60
BL;16945;SERCADIS;1,20
BL;17072;DIREX 50 GR PFnPE;61,20
BL;17075;MOVIDA;5,00
PD;13;;11.390,00
PD;13;THIOPRON;21.527,00
PD;13;THIOPRON ZOLFO;40,00
PD;17;;9,00
PD;17;U 46 COMBI FLUID;6,00
PD;17;U 46 COMBI-FLUID;10,00
PD;133;U 46 D-FLUID;20,00
PD;206;;75,00
PD;206;ALBENE;55,00
PD;449;;5.100,00
PD;449;MOCAP;1.500,00
PD;599;;99,00
PD;599;ACUPRICO 76 WG;205,00
PD;619;VALGRAN;14,00
PD;630;;1.694,00
PD;630;REGLONE;140,00
PD;630;REGLONE W;809,00
PD;630;REGLONE W (T+N);0,00
PD;630;REGLONE W1;106,00
PD;747;;240,00
PD;747;ZOLFO SPRUZZABILE;1.090,00
PD;886;SENCOR WG;0,50
PD;909;;3.100,00
PD;909;POLISOLFURO DI CALCIO POLISENIO;3.250,00
PD;1147;FITONEX COMBI;5,00
PD;1155;;30,00
PD;1155;CHEMOL 90;27,00
PD;1155;CHEMOL 90 EL;105,00
PD;1156;;2.735,00
PD;1156;CHEMOL;6.606,00
PD;1562;;517,00
PD;1573;;100,00
PD;1573;BASAMID GRANULAT;20,00
PD;1583;;12.358,00
PD;1583;MICROTHIOL DISPERSS;68.819,00
PD;1714;;308,00
PD;1714;KERB 80 EDF;360,00
PD;1850;;53,50
PD;1850;IDRORAME FLOW;28,00
PD;1850;IDRORAME FLOW PFnPE;3,50
PD;1936;LIQUIZOL M;664,00
PD;2191;;32,00
PD;2191;WETTING PLUS;349,00
PD;2249;;4,00
PD;2249;MALERBANE PRATI 400;1,00
PD;2259;PASTA LUMACHICIDA IN GRANI;358,70
PD;2259;PASTA LUMACHICIDA IN GRANI PFnPE 50;24,50
PD;2260;GASTROTOX E;60,00
PD;2272;SILLIM;24,50
PD;2307;;849,00
PD;2307;VECTOR;1.846,30
PD;2353;;264,00
PD;2353;BONALAN;184,00
PD;2518;ACTELLIC 2P;6,80
PD;2520;;5,00
PD;2520;ACTELLIC;2,00
PD;2732;;1.999,00
PD;2732;GOLTIX;1.667,00
PD;2923;;5.734,00
PD;2923;TIOVIT JET;27.712,00
PD;2934;MICROSOL 90;75,00
PD;2995;;193,50
PD;2995;ESCARTOX;2.927,00
PD;3065;;27,00
PD;3065;OLIOCIN;472,50
PD;3065;OLIOCIN PFnPE;3,50
PD;3082;OLEOTER ESTATE;10,00
PD;3102;;37,00
PD;3102;OLEOTER;542,50
PD;3102;OLEOTER PFnPE 500 ml;9,50
PD;3132;SEPR-OIL;20,00
PD;3132;SEPR-OIL PFnPE;4,00
PD;3163;U 46 M STAR;53,00
PD;3219;;96,00
PD;3219;CARAKOL AGRO;5,00
PD;3219;CARAKOL AGRO PFnPE;652,50
PD;3412;SYLLIT 65;12,00
PD;3468;;55,00
PD;3468;DACOL 40 ST;0,00
PD;3468;DACOL L 40;17,00
PD;3468;DACOL L 40 ST;46,00
PD;3468;DACOL L40 ST;16,00
PD;3486;TRISCABOL DG;4,00
PD;3503;AGRUMIN;485,00
PD;3519;;2,00
PD;3519;METAMBANE;4,00
PD;3553;CURZATE;16,00
PD;3640;;253,00
PD;3640;CUPROSTAR;8,00
PD;3658;SIPCAMOL E;6,75
PD;3754;BAGNANTE SARIAF;46,00
PD;3767;;163,00
PD;3767;FENOXILENE 200;587,00
PD;3793;DITHANE M-45;22,00
PD;3800;;340,00
PD;3817;DISERBONE KN;13,00
PD;3859;DURSBAN;113,00
PD;4012;;46,50
PD;4012;RELDAN 22;823,00
PD;4199;;7.697,00
PD;4199;PENNCOZEB DG;11.644,00
PD;4228;;512,00
PD;4228;ROGOR 400 ST;125,00
PD;4326;;422,00
PD;4326;ROGOR L 40;0,00
PD;4326;ROGOR L 40 ST;21,00
PD;4326;ROGOR L40 ST;25,00
PD;4426;DECIS;1,00
PD;4552;;230,00
PD;4552;DITHANE DG NEOTEC;1.879,00
PD;4701;;10,00
PD;4701;PIRIMOR 50;32,00
PD;4710;;91,00
PD;4710;ALIETTE;1.132,00
PD;4710;ALIETTE 150 gr;24,00
PD;4710;ALIETTE PFnPE;15,60
PD;4710;FUNGHICIDA ALIETTE G 150;0,75
PD;4896;RIGENAL P;8,30
PD;4896;RIGENAL P PFnPE;7,30
PD;4896;RIGENAL P PFnPE 100 g;2,40
PD;5152;TIOSPOR WG;7.525,00
PD;5228;;203,00
PD;5228;CARAKOL PFnPE;836,00
PD;5292;FIXORMON;25,00
PD;5299;;51,75
PD;5299;MIBIOL;4.068,50
PD;5299;MIBIOL PFnPE;385,25
PD;5333;GIBRESOL;0,25
PD;5414;RADICANTE POLVERE TALEE LEGNOSE;0,60
PD;5414;RADICANTE POLVERE TALEE LEGNOSE PFn;0,60
PD;5467;METADENE PFnPE 1 kg;8,00
PD;5574;;25,50
PD;5574;LUMAKIDIN 5G;12,00
PD;5574;LUMAKIDIN 5G PFnPE;16,00
PD;5755;;4,50
PD;5755;TILT 25 EC;6,50
PD;6001;BETAFIL FL;50,00
PD;6092;FRUGON TF;1,00
PD;6136;;34,00
PD;6136;GERMON L;108,00
PD;6298;FASTAC;5,00
PD;6321;;26,00
PD;6321;STIMOLANTE 66F;27,50
PD;6322;;19,00
PD;6322;OBSTHORMON 24A;7,30
PD;6389;DUECI-FITO RADICANTE;1,60
PD;6389;DUECI-FITO RADICANTE PFnPE;1,85
PD;6437;ETHREL;12,00
PD;6438;;29,00
PD;6505;;0,50
PD;6555;K-OBIOL ULV 6;41.260,00
PD;6556;;96,00
PD;6556;K-OBIOL DP2;1.528,00
PD;6557;;6,00
PD;6557;K-OBIOL EC 25;2.137,00
PD;6704;TIOLENE 80 WG;2.721,00
PD;6751;RASEN FLORANID PFnPE;597,00
PD;6771;;2.502,00
PD;6873;IDRORAME 193;762,00
PD;6945;;10,00
PD;6945;TOPAS 10 EC;80,00
PD;6956;;108,00
PD;6956;TARGA FLO;1.198,00
PD;6978;;315,00
PD;6978;BETTER 400;640,00
PD;7020;BAGNANTE CIFO;28,00
PD;7053;;17,00
PD;7053;PASTA CAFFARO NC;1.046,00
PD;7055;;24,00
PD;7055;PASTA CAFFARO BLU;11,50
PD;7055;PASTA CAFFARO BLU PFnPE;12,00
PD;7101;LIMAVAL PFnPE;5,50
PD;7368;;19,00
PD;7368;TURFENE L;22,00
PD;7379;;125,50
PD;7379;VENZAR;135,00
PD;7401;POLTIGLIA CAFFARO 20 DF NEW;6,00
PD;7401;POLTIGLIA CAFFARO 20 DF NEW PFnPE;12,00
PD;7483;;13,00
PD;7483;DEVRINOL F;62,00
PD;7530;BIOLID E;2,00
PD;7534;;1.480,00
PD;7535;;200,00
PD;7541;;5,25
PD;7555;KLARTAN 20 EW;37,44
PD;7608;;32,00
PD;7608;DASKOR 440 EC;170,00
PD;7611;;2.142,00
PD;7611;ENOVIT METIL FL;2.487,00
PD;7700;;17,80
PD;7700;MATACAR FL;27,60
PD;7764;TIOLENE;244,50
PD;7764;TIOLENE PFnPE;1,00
PD;7876;;2,00
PD;7876;PIRIMOR 17,5;5,00
PD;7911;AIRONE EXTRA;90,00
PD;7916;;3.683,00
PD;7916;POLYRAM DF;4.297,00
PD;7919;;2.480,00
PD;7919;TOUCHDOWN;1.352,00
PD;7922;OPALENE;161,00
PD;7958;;123,00
PD;7958;RONSTAR FL;104,00
PD;7961;;40,00
PD;7961;RIZOLEX  GOLD;23,00
PD;8023;SUMIALFA ECHO;1,00
PD;8028;;1.627,00
PD;8102;;508,00
PD;8102;MERPAN 80 WDG;1.285,00
PD;8106;CIMOZEB;516,00
PD;8117;;230,00
PD;8117;BASTA 200;625,00
PD;8130;TITUS;0,96
PD;8139;;18,00
PD;8139;MANTA GOLD;18,00
PD;8146;;61,00
PD;8146;GALLERY;34,00
PD;8155;;150,00
PD;8155;CATOR;187,00
PD;8184;;312,00
PD;8184;CHALLENGE;507,00
PD;8229;RAPAX;2,90
PD;8259;;193,00
PD;8259;LAMDEX EXTRA;866,00
PD;8351;Z.M. 75 DG;120,00
PD;8376;;892,00
PD;8376;ARIANE II;1.345,00
PD;8382;ROUNDUP BIOFLOW;12,00
PD;8382;ROUNDUP BIOFLOW PFnPE;11,56
PD;8401;FALTEX FLOW;95,00
PD;8498;;53,00
PD;8498;FOLICUR WG;361,50
PD;8542;FORUM 50 WP;37,00
PD;8546;DANITRON;7,00
PD;8558;PIRETRO VERDE;325,50
PD;8558;PIRETRO VERDE PFnPE;38,11
PD;8558;PIRETRO VERDE PFnPE 50 ml;0,50
PD;8599;;1.735,00
PD;8601;;138,00
PD;8601;FOLPAN 80 WDG;3.210,00
PD;8617;;46,00
PD;8617;BANVEL 480 S;9,00
PD;8646;PENDIGAN;7,00
PD;8649;PIRIDANE 480;76,00
PD;8656;GLIFENE HP;1.905,00
PD;8690;;1,00
PD;8690;PERFEKTHION TOP;154,00
PD;8706;;2,50
PD;8706;AMID THIN W;19,00
PD;8711;ALLEGANTE 2% AF 96;1,00
PD;8712;;2,00
PD;8712;ALLEGANTE 4% AF 96;6,00
PD;8721;NEXTER;1,00
PD;8729;FORUM R;20,00
PD;8731;FORUM R WP;1,00
PD;8735;;227,00
PD;8735;TREBON UP;415,00
PD;8742;;40,00
PD;8742;INDAR 5 EW;13,00
PD;8743;GREENEX;0,50
PD;8793;EMINENT 40 EW PFNPE;0,50
PD;8795;;421,00
PD;8795;VERTIMEC EC;419,25
PD;8797;;181,00
PD;8797;BINAL PRO;152,00
PD;8801;;23,00
PD;8801;SCORE 25 EC;230,25
PD;8836;MIMIC;69,00
PD;8837;GERMON BEWURZELUNGSPUDER PER TALEE ;0,16
PD;8838;;12,50
PD;8838;GERMON BEWURZELUNGSPUDER PER TALEE ;2,32
PD;8841;;48,00
PD;8841;CYREN 5 G;1.665,50
PD;8841;CYREN 5 G PFnPE;53,50
PD;8843;NISSHIN;10,00
PD;8874;;260,00
PD;8874;ETOFUM - FL;109,00
PD;8886;;29,16
PD;8886;SAFARI;36,84
PD;8888;PRIDE ULTRA;1,00
PD;8909;FUNGIMAN COMBI;21,00
PD;8929;;10,00
PD;8933;SOLEAS;76,00
PD;8934;;88,00
PD;8934;SCALA;89,10
PD;8937;;3,00
PD;8987;CONFIDOR 200 SL;3,75
PD;9005;;409,00
PD;9005;AGIL;3.698,00
PD;9010;;220,00
PD;9010;RAMEZIN COMBI WG;1.269,00
PD;9012;;492,00
PD;9012;CUPROCAFFARO MICRO;2.967,00
PD;9012;CUPROCAFFARO MICRO PFnPE;4,00
PD;9041;;9.420,00
PD;9126;CONCORDE COMBI PFnPE;116,00
PD;9131;;18,00
PD;9131;PYRINEX ME;0,30
PD;9148;SYLLIT 400 SC;33,00
PD;9210;;6,00
PD;9210;QUADRIS;61,00
PD;9244;;40,00
PD;9244;ZIRAMIT 76 WG;545,00
PD;9267;;5.980,00
PD;9267;ROYALTAC N;460,00
PD;9280;TOPAS 200 EW;1,00
PD;9286;OHAYO;3,00
PD;9298;;175,00
PD;9298;METHAM NA 51;0,00
PD;9306;;32,00
PD;9306;PROPLANT;5,00
PD;9311;CUPROSSIL IDRO 25 WP;24,00
PD;9322;GOLTIX STAR;15,00
PD;9339;;506,00
PD;9339;BENATAL EXPERT;30,00
PD;9339;BETANAL EXPERT;1.174,00
PD;9342;;1,50
PD;9342;DELTRIN;70,50
PD;9342;DELTRIN PFnPE;30,00
PD;9371;;2,44
PD;9371;PEAK;0,40
PD;9373;;36,00
PD;9373;CHORUS;45,00
PD;9374;;4,00
PD;9374;MATCH TOP;7,00
PD;9410;;303,00
PD;9410;SUMICIDIN ECHO;4,00
PD;9411;RADIP ORMON PFnPE;7,00
PD;9420;OSSIRAM 70 FLOW;525,00
PD;9422;;308,45
PD;9422;EVADE;537,10
PD;9422;EVADE 1 lt;4,00
PD;9422;EVADE 250 ml;1,75
PD;9448;RIFLE 3-18 R BLU;354,00
PD;9449;EMERALD COMBI;138,00
PD;9449;EMERALD COMBI PFnPE;2,50
PD;9463;KLARO KIT;5,00
PD;9509;;5,00
PD;9509;PROMALIN NT;16,00
PD;9531;SEQURA WG;25,00
PD;9575;DRIBBLING 240 EC;27,00
PD;9578;;444,00
PD;9578;SWITCH;826,75
PD;9612;OSSICLOR 30;484,00
PD;9627;;12,00
PD;9631;METRIN EC;531,00
PD;9634;;115,00
PD;9634;CARNIVAL RIO;129,00
PD;9655;PRIMIAL WG;10,00
PD;9668;;12,70
PD;9668;RUFAST E-FLO;40,47
PD;9678;M70 DF;37,00
PD;9679;KRISTAL 32 WG;144,00
PD;9694;;4,00
PD;9694;SIMITAR 5 EW;10,00
PD;9695;;4,50
PD;9695;PERLAN;0,50
PD;9696;;36,00
PD;9705;;46,00
PD;9705;PREVITER;28,95
PD;9723;;310,00
PD;9723;DE-SPROUT N;100,00
PD;9724;TIOWETTING DF;5.032,00
PD;9724;TIOWETTING DF PFnPE;4,00
PD;9730;CUPROSSIL IDRO 25 WP BLU;10,00
PD;9744;;25,00
PD;9744;SCORE 10 WG;15,00
PD;9747;FURY;0,02
PD;9757;;449,00
PD;9757;SPYRALE;344,00
PD;9767;NUFOS 5 G;63,00
PD;9767;NUFOS 5 G PFnPE;12,00
PD;9787;MICROBAGNABILE WG;347,00
PD;9790;;473,00
PD;9790;CONTATTO 320;101,00
PD;9800;;145,51
PD;9800;MAVRIK 20 EW;137,02
PD;9802;COPREN HI BIO;692,00
PD;9809;;140,00
PD;9809;MALVIN 80 WG;17,00
PD;9813;DICLOPYR;7,00
PD;9843;;66,00
PD;9843;BASAGRAN SG;168,00
PD;9872;;140,00
PD;9872;AKRIS;440,00
PD;9880;SOL MICRO GD;50,00
PD;9900;;1,00
PD;9905;THIOCUR 20 EW;83,00
PD;9941;;2.396,00
PD;9941;BUMPER P;90,00
PD;9954;;1.152,00
PD;9954;JOKER;3.223,00
PD;9954;JOKER 1 lt;3,00
PD;9963;;103,00
PD;9963;METIDANE 22;192,00
PD;9995;;5,00
PD;9995;ARIUS;54,00
PD;10005;SCOTTS WEEDCONTROL PFnPE;15,00
PD;10029;KING;2,88
PD;10048;KUMULUS TECNO;560,00
PD;10049;;450,00
PD;10049;DURSBAN 75 WG;219,00
PD;10057;;69,00
PD;10057;ARPEL WDG;27,00
PD;10088;;10,00
PD;10088;MAXIM;0,04
PD;10105;;13,00
PD;10105;RIDOMIL GOLD SL;6,25
PD;10117;;1.186,00
PD;10117;STRATOS ULTRA;1.179,00
PD;10118;;692,00
PD;10118;AMISTAR;514,00
PD;10119;EQUATION PRO;2,00
PD;10127;;6,00
PD;10127;DECIS JET;8,63
PD;10127;DECIS JET PFnPE;60,89
PD;10127;DECIS JET PFnPE 100 ml;0,40
PD;10127;DECIS JET PFnPE 250 ml;5,00
PD;10127;DECIS JET PFnPE 50 ml;2,40
PD;10141;SOFREVAL 80 MICRO;175,00
PD;10158;PIREFLOR PFnPE;0,90
PD;10161;;116,00
PD;10161;ORTIVA;206,60
PD;10175;SPORAMIL R FLOW;123,00
PD;10183;GARLON EV;2,40
PD;10183;GARLON EV 500 ml;70,00
PD;10184;TIMBREL EV;2,50
PD;10209;;2.597,00
PD;10209;GLYFOS ULTRA;216,00
PD;10224;EMME-H;70,00
PD;10230;;12,50
PD;10230;LUMAPLUS;760,00
PD;10233;BORDOSEP PFnPE;32,50
PD;10263;DRIVER;22,50
PD;10263;DRIVER PFnPE;5,00
PD;10272;;50,00
PD;10272;CEREXIL M DG;220,00
PD;10275;;6,00
PD;10296;;6.243,00
PD;10305;;3,00
PD;10305;OIKOS;33,00
PD;10305;OIKOS 50 ml;1,00
PD;10305;OIKOS PFnPE;1,66
PD;10306;;10,00
PD;10306;MISTRAL;275,00
PD;10324;;20,00
PD;10329;;70,00
PD;10329;FORUM MZ WG;265,00
PD;10342;RIFLE 44;10,00
PD;10350;;45,00
PD;10350;BLAST SG;42,00
PD;10357;RIGRON SG;228,00
PD;10373;;557,00
PD;10373;CONTEST;83,00
PD;10381;;189,00
PD;10381;CONCORDE 40 EW PFnPE;13,01
PD;10381;CONCORDE 40 EW PFnPE 250 ml;6,00
PD;10396;LIZOCIN 25 ML;0,25
PD;10415;;30,50
PD;10415;ARIC 480 LS;323,00
PD;10423;;225,00
PD;10423;LUMACHICIDA VEBI;54,25
PD;10425;;5,00
PD;10425;SCUDEX;78,50
PD;10439;;54,00
PD;10439;SPRAY DUNGER GLOBAL;0,00
PD;10440;EXPANDER;48,00
PD;10447;;1,00
PD;10447;NOVEL DUO;632,00
PD;10456;;550,00
PD;10456;KLARO ULTRA;2.095,25
PD;10461;DICOTURF;9,75
PD;10479;;2,00
PD;10479;NATURALIS;15,00
PD;10483;;75,00
PD;10493;;1.596,00
PD;10493;RUNNER LO;1.477,00
PD;10493;RUNNER LO 1 lt;2,00
PD;10504;;164,00
PD;10509;;40,00
PD;10532;TELDOR;7,00
PD;10540;TERIAL 75 WG;22,00
PD;10560;;2,00
PD;10560;PIRETRO NATURA;33,00
PD;10563;ACOIDAL;72,00
PD;10563;ACOIDAL 10 KG;170,00
PD;10563;ACOIDAL 25 KG;75,00
PD;10568;ZOOMER;28,00
PD;10573;;250,00
PD;10573;KOCIDE 2000;1.943,00
PD;10581;CITRIN EC;0,16
PD;10585;;420,00
PD;10585;SULCOTREK;1.405,00
PD;10588;BIOPIREN PLUS;14,00
PD;10589;FLORA VERDE;30,35
PD;10589;FLORA VERDE PFnPE;6,00
PD;10595;CUPRO ISAGRO BLU;345,00
PD;10604;;161,10
PD;10604;EMERALD 40 EW;616,35
PD;10604;EMERALD 40 EW 250 ml;17,00
PD;10604;EMERALD 40 EW PFnPE;76,73
PD;10604;EMERALD 40 EW PFnPE 250 ml;6,50
PD;10604;EMERALD 40 EW PFnPE 50 ml;1,30
PD;10627;FRUPICA;2,00
PD;10628;MIDAURIL MZ;135,00
PD;10632;COBRE NORDOX SUPER 75 WG;369,00
PD;10701;;14,50
PD;10701;CUMETA FLOW;737,00
PD;10701;CUMETA FLOW PFnPE;60,50
PD;10710;;5,00
PD;10734;;1.365,00
PD;10734;DUAL GOLD;3.993,00
PD;10735;;1.479,00
PD;10735;PRIMAGRAM GOLD;6.068,00
PD;10741;;115,00
PD;10741;METACINQUE PFnPE;263,50
PD;10752;;102,75
PD;10752;STEWARD;107,75
PD;10753;FOLICUR SE;1,00
PD;10758;;366,00
PD;10758;BETASANA TRIO;233,00
PD;10758;BETASANA TRIO SC;268,00
PD;10771;;3.237,00
PD;10771;MOST MICRO;1.225,30
PD;10890;;175,60
PD;10890;FLiPPER;843,15
PD;10925;;4,00
PD;10926;;206,00
PD;10926;ALTOREX;41,00
PD;10929;CHIKARA 25 WG;22,30
PD;10931;EMME-H 60 WS;4,00
PD;10939;;44,00
PD;10939;CP 40 AGRO;6,00
PD;10939;CP40;12,00
PD;10941;FLAG;60,00
PD;10944;;59,00
PD;10944;KARATE ZEON;130,50
PD;10952;CARPOVIRUSINE PLUS;27,00
PD;10976;;3.523,25
PD;10976;METEOR;728,22
PD;10976;METEOR PFnPE;94,96
PD;10976;METEOR PFnPE 250 ml;9,75
PD;10985;MEVAXIL M;48,00
PD;10986;KASKO R;6,00
PD;10999;;274,00
PD;10999;BETANAL SE;415,00
PD;11011;;1.695,00
PD;11011;DASH HC;2.556,00
PD;11029;;313,00
PD;11029;PYRINEX M 22;721,00
PD;11041;VITIL COMBI;20,00
PD;11059;;45,00
PD;11059;BIOPOWER;41,00
PD;11062;;5,50
PD;11062;BION 50 WG;10,00
PD;11070;;21.250,00
PD;11102;;130,00
PD;11102;HELIOSOUFRE S;88,20
PD;11106;MANFIL 75 WG;168,00
PD;11107;;1,00
PD;11107;ECO-TRAP;8,00
PD;11119;;9,00
PD;11119;FLINT;73,50
PD;11133;;5,50
PD;11133;SHELTER;224,00
PD;11157;PROPYDOR;18,00
PD;11157;PROPYDOR PFnPE;17,75
PD;11165;POLAK;23,00
PD;11173;;349,00
PD;11173;AVAUNT;28,00
PD;11173;AVAUNT EC;654,00
PD;11183;PROGERBALIN LG;4,00
PD;11185;;15,00
PD;11196;SULFAR;90,00
PD;11206;;185,00
PD;11206;CODACIDE;970,00
PD;11212;BATKUR;31,00
PD;11231;;10,00
PD;11231;MICOSPOR 80 WDG;15,00
PD;11233;SPORAMIL M;62,00
PD;11243;;5.002,00
PD;11243;LEOPARD 5 EC;4.189,00
PD;11253;;80,00
PD;11253;CALLISTO;361,00
PD;11257;COSTAR WG;29,63
PD;11258;;140,00
PD;11258;FAZOR STAR;5,00
PD;11301;SPHERE;23,00
PD;11303;;200,00
PD;11303;CHAMP DP;480,00
PD;11313;PROXAN SL;9,00
PD;11341;;137,00
PD;11341;STARANE GOLD;1.090,00
PD;11353;;155,00
PD;11353;FUSILADE MAX;405,00
PD;11359;SARCAP 800;167,00
PD;11360;;21,00
PD;11360;GRIP 25;18,00
PD;11379;;300,00
PD;11382;;24,00
PD;11382;GARDENE PLUS;16,50
PD;11390;;34,00
PD;11393;BEETLE;210,00
PD;11393;BEETLE LT 0,25;6,25
PD;11393;BEETLE LT 1;7,00
PD;11402;;60,00
PD;11402;MELODY COMBI;1.225,00
PD;11416;;140,00
PD;11416;OVIPRON TOP;108,00
PD;11448;;197,00
PD;11448;KICKER;6,00
PD;11449;;24.840,00
PD;11449;GARDOPRIM GOLD;20,00
PD;11479;;4,00
PD;11479;BRANCHER DIRADO;31,00
PD;11497;;8.860,00
PD;11499;BUSTER;9,50
PD;11501;VITE FOL;385,00
PD;11504;THIAMON PLUS;1,00
PD;11505;;92,00
PD;11505;READY GERMIPLUS;290,00
PD;11505;READY GERMIPLUS 7 kg;9,00
PD;11523;SEPRADINA 400 SC;29,00
PD;11525;FUNGIDINA 400 SC;27,00
PD;11526;;152,00
PD;11526;SULTAN;394,00
PD;11534;BIOTIOL;3,20
PD;11561;;122,00
PD;11561;NEEMAZAL T/S;34,77
PD;11561;NEEMAZAL T/S PFnPE;4,80
PD;11561;NEEMAZAL T/S PFnPE 75 ml;1,65
PD;11569;CUPROXAT S.D.I.;301,00
PD;11587;CAMBEL S;73,00
PD;11596;;43,50
PD;11596;CALYPSO;44,00
PD;11611;;5,00
PD;11614;ACTARA 25 WG;2,50
PD;11619;TIOFLOR WDG;894,50
PD;11619;TIOFLOR WDG PFnPE;237,50
PD;11626;PITSTOP;3,00
PD;11637;CUPROFIX C DISPERSS;903,00
PD;11649;;63,00
PD;11649;COMMAND 36 CS;291,00
PD;11650;MASSOCUR 12-E;80,00
PD;11653;;114,00
PD;11653;FOLIO GOLD;59,00
PD;11653;FOLIO GOLD 537,5 SC;47,00
PD;11653;FOLIO GOLD 537.5 SC;24,00
PD;11654;;6,00
PD;11654;GRIZZLY EC;9,00
PD;11660;;287,00
PD;11660;SHOGUN;338,50
PD;11668;;0,50
PD;11678;ACTELLIC 2P NEWPHARM;1.844,00
PD;11687;ACTELLIC 5 NEWPHARM;28.665,00
PD;11690;GOAL 480 SC;1,50
PD;11693;;23,25
PD;11693;LASER;79,05
PD;11693;LASER PFnPE;0,10
PD;11694;CONSERVE SC;0,35
PD;11711;;30,00
PD;11711;MEXIRAM HI BIO;90,00
PD;11732;;50,00
PD;11732;ALLEATO 80 WG;42,00
PD;11735;DELICIA CONTRA-LUMACHE;5,30
PD;11752;;28,00
PD;11752;ENVIDOR 240 SC;0,50
PD;11760;;20,00
PD;11760;POLITHIOL;380,00
PD;11773;DIMISTAR 40 ST;8,00
PD;11774;FORCE 20 CS;30,00
PD;11786;;1,56
PD;11786;AQ 10 WG;0,30
PD;11789;;1.287,00
PD;11793;XENTARI WG;13,50
PD;11794;;121,50
PD;11802;;75,00
PD;11802;TETRACAP 80 DG;30,00
PD;11814;SPADA 200 EC;89,00
PD;11854;BUGGY TF;1.952,00
PD;11866;AGRO-OIL PFnPE;7,00
PD;11870;CUPRITAL S.D.I. PFnPE;8,75
PD;11872;RIFLE 3-18-R;25,00
PD;11908;VENTUREX 400 SC;42,00
PD;11926;NOIDIO GOLD 10 EC;2,00
PD;11944;;150,00
PD;11944;ASPECT;740,00
PD;11955;;20,00
PD;11955;ACROBAT MZ WG;360,00
PD;11964;;10,00
PD;11964;POLTIGLIA CAFFARO 20 GD;240,00
PD;11979;BORDO 20 MICRO;22,70
PD;11991;;40,00
PD;11991;NEEMIK TEN;205,00
PD;12010;;2.560,00
PD;12010;TUAREG;3.550,00
PD;12020;;3,76
PD;12020;INSETTICIDA SUCCESS L 50;1,20
PD;12020;SUCCESS;4,68
PD;12020;SUCCESS PFnPE;0,40
PD;12020;SUCCESS PFnPE 10 ml;0,10
PD;12020;SUCCESS PFnPE 50 ml;1,20
PD;12037;CAMIX;95,00
PD;12043;;52,05
PD;12043;PREVICUR ENERGY;92,00
PD;12043;PREVICUR ENERGY PFnPE;2,20
PD;12043;PREVICUR ENERGY PFnPE 50 ml;0,15
PD;12048;;150,00
PD;12048;TIOSOL 80 WG;1.475,00
PD;12048;TIOSOL 80 WG PFnPE;49,90
PD;12067;;104,00
PD;12067;CIPER;118,00
PD;12068;;1.220,70
PD;12068;TEFLUSTAR;6.934,55
PD;12068;TEFLUSTAR PFnPE;47,35
PD;12068;TEFLUSTAR PFnPE 1 kg;15,00
PD;12069;EPIK;19,00
PD;12069;EPIK PFNPE;2,00
PD;12096;;2.405,00
PD;12096;POLTIGLIA DISPERSS;20.688,00
PD;12100;;118,00
PD;12100;ASSET;664,00
PD;12106;TALENDO;22,00
PD;12114;;6,50
PD;12114;AUXIGER LG;27,00
PD;12115;BARRACUDA;40,00
PD;12133;;2,00
PD;12133;JUVINAL GOLD;22,00
PD;12136;VERITAS WG;8,00
PD;12138;;1,00
PD;12138;R6 ERRESEI TREVI;20,00
PD;12149;;1,00
PD;12170;;160,00
PD;12170;HELIOCUIVRE;305,00
PD;12172;;64,50
PD;12172;FERRAMOL;15,50
PD;12172;FERRAMOL PFnPE;37,00
PD;12172;FERRAMOL PFnPE 1 kg;31,00
PD;12199;;130,00
PD;12202;;60,00
PD;12212;;40,00
PD;12225;;32,33
PD;12225;TEPPEKI;44,43
PD;12225;TEPPEKI 10 gr;40,00
PD;12225;TEPPEKI PFnPE;8,84
PD;12243;MANTIR DG;1.493,00
PD;12263;;60,00
PD;12263;VONDOZEB DG;440,00
PD;12285;;20,00
PD;12285;FORUM GOLD;419,00
PD;12297;;80,00
PD;12297;TRIBASE TWIN;42,00
PD;12315;ORTIVA HOBBY PFnPE;2,66
PD;12315;ORTIVA HOBBY PFnPE 50 ml;1,35
PD;12319;;21,00
PD;12319;KRONOS;5,00
PD;12323;VEBIZOLFO WG PFnPE;7,50
PD;12325;;1,00
PD;12325;LUMACHICIDA MESUROL BAJER KG1;16,00
PD;12325;MESUROL M PLUS;1,00
PD;12325;MESUROL M PLUS PFnPE;129,00
PD;12344;VEBITHRIN 5 EC;81,11
PD;12344;VEBITHRIN 5 EC PFnPE;36,60
PD;12361;;46,88
PD;12361;ALGEDI;21,40
PD;12375;;200,00
PD;12375;SUGAR 500 SC;1.068,00
PD;12376;;8,00
PD;12380;;7,00
PD;12380;VIVENDI 100;12,00
PD;12381;;26,00
PD;12381;NU-FILM-P;467,00
PD;12383;;454,00
PD;12383;RIDOMIL GOLD MZ PEPITE;3.494,00
PD;12385;ARMETIL COBRE SC;17,00
PD;12395;CUTRIL TOP;430,00
PD;12399;;5,00
PD;12437;;349,00
PD;12437;DELAN 70 WG;300,00
PD;12452;;57,00
PD;12452;EQUIP;260,00
PD;12453;;180,00
PD;12453;MILDICUT;532,00
PD;12461;;251,00
PD;12461;FINALSAN ERBICIDA PROFESSIONAL;6,00
PD;12482;;7.250,00
PD;12482;LUMAX;22.140,00
PD;12482;LUMAX      da      LT     5;5,00
PD;12489;DIFCOR 250;17,00
PD;12493;MANCOZEB PLUS 75 WG;2.313,00
PD;12504;FLOWBRIX;4,00
PD;12505;FLOWBRIX TRACE;7,00
PD;12522;;123,50
PD;12522;METRO;53,00
PD;12526;ALIETTE ORTO E GIARDINO;6,25
PD;12526;ALIETTE ORTO E GIARDINO PFnPE;33,00
PD;12526;ALIETTE ORTO E GIARDINO PFnPE  250 ;8,00
PD;12529;;9,00
PD;12534;;173,95
PD;12534;DISERBANTE FOXTAIL 100 ML;0,70
PD;12534;FOXTAIL;374,85
PD;12534;FOXTAIL 1 lt;1,00
PD;12534;FOXTAIL 250 ml;25,00
PD;12534;FOXTAIL PFnPE;18,50
PD;12534;FOXTAIL PFnPE 500 ml;13,50
PD;12538;;127,00
PD;12538;MYSTIC 25 WG;460,00
PD;12540;;112,00
PD;12540;REGRAN EXTRA;1,00
PD;12566;;10,10
PD;12566;PYGANIC 1.4;60,07
PD;12566;PYGANIC 1.4 PFnPE;1,10
PD;12573;;3,00
PD;12573;EKO OIL SPRAY;20,00
PD;12590;;4.330,00
PD;12590;DIASTAR MAXI;11.550,00
PD;12622;;239,75
PD;12622;QUANTUM;986,50
PD;12622;QUANTUM PFnPE;49,50
PD;12625;;21,00
PD;12627;DANADIM 400 ST;90,00
PD;12628;;8,00
PD;12628;SERENADE MAX;62,00
PD;12636;QUASAR 6-24 R;259,00
PD;12642;TRATON SX;0,56
PD;12647;GLITTER;549,00
PD;12661;NEXOL 10 WG;29,00
PD;12662;;65,00
PD;12671;;51,19
PD;12671;HARMONY 50 SX;173,39
PD;12692;;2,50
PD;12692;SPRUZIT INSETTICIDA PFnPE;0,50
PD;12722;;112,00
PD;12722;OSSICLOR 20 FLOW;520,00
PD;12731;;8,00
PD;12734;JUPITER R DF;110,00
PD;12737;;20,00
PD;12737;AIRONE PIU';2.406,00
PD;12737;AIRONE PIU' PFnPE;187,00
PD;12747;RAMETTE PFnPE;19,20
PD;12748;;100,00
PD;12756;;74,00
PD;12756;DICOTEX;208,90
PD;12756;DICOTEX PFnPE;24,00
PD;12756;DICOTEX PFnPE 500 ml;24,00
PD;12759;;9,80
PD;12759;OSSICLOR 35 WG;1.772,90
PD;12759;OSSICLOR 35 WG 200 gr;8,00
PD;12759;OSSICLOR 35 WG 500 gr;18,00
PD;12759;OSSICLOR 35 WG PFnPE;99,50
PD;12763;PYGRAIN;6.551,00
PD;12768;SPINTOR FLY;20,00
PD;12770;;8,00
PD;12770;ALAR 85 GOLD;10,00
PD;12778;;440,00
PD;12779;;1.659,00
PD;12780;;130,00
PD;12784;;300,00
PD;12788;ADIGOR;1,00
PD;12806;;55,00
PD;12806;FEDOR;758,00
PD;12808;GLOBAL SC;0,50
PD;12813;;13,00
PD;12813;MIRADOR XTRA;585,00
PD;12828;SITOFEX;6,00
PD;12831;;6,00
PD;12831;INSIGNIA;2,00
PD;12837;;66,00
PD;12837;ARIUS SISTEM PLUS;45,00
PD;12837;ARIUS SYSTEM PLUS;426,00
PD;12844;CHECKMATE OFM-F;0,78
PD;12847;EAGLE;20,40
PD;12847;EAGLE PFnPE;12,70
PD;12849;BENPROP PRO;5,00
PD;12850;PRADO;1,00
PD;12855;CRIORAM WG PFnPE;12,00
PD;12855;CRIORAM WG PFnPE 500 g;4,00
PD;12856;CUPRORAM 25 FLOW;34,00
PD;12857;;114,00
PD;12857;PROREX;8,50
PD;12859;;0,86
PD;12859;BORNEO;4,51
PD;12859;BORNEO ACARICIDA 5 ML;0,15
PD;12859;BORNEO PFnPE;0,18
PD;12859;BORNEO PFnPE 40 ml;0,44
PD;12859;BORNEO PFnPE 5 ML;0,05
PD;12860;MILBEKNOCK;2,00
PD;12862;;41,00
PD;12862;CANTUS;58,00
PD;12866;;26,00
PD;12866;COLLIS;134,00
PD;12868;;16,00
PD;12868;BELLIS;41,00
PD;12869;;285,00
PD;12869;SIGNUM;697,00
PD;12878;;852,00
PD;12878;FOLPAN GOLD;7.845,00
PD;12883;;257,00
PD;12883;PROSPER 300 CS;2.690,00
PD;12886;;105,00
PD;12886;KARATHANE STAR;994,00
PD;12888;;182,00
PD;12888;LEPINOX PLUS;184,00
PD;12903;;1,00
PD;12904;;196,00
PD;12916;SACRON 45 WG;90,50
PD;12924;;85,00
PD;12924;JUPITER WG;124,00
PD;12933;;328,00
PD;12933;MOXYL 20 WP;23,00
PD;12940;;499,00
PD;12940;KARATE ZEON 1,5;27,00
PD;12940;KARATE ZEON 1.5;1.307,50
PD;12940;KARATE ZEON 1.5 1 lt;1,00
PD;12949;AZUPEC 80 WG;29,00
PD;12960;;82,00
PD;12960;STARPROP;73,00
PD;12961;;65,00
PD;12961;HEREU;54,00
PD;12972;;200,00
PD;12972;GLYFOS DAKAR;610,00
PD;12994;VIVER ELITE WG;14,50
PD;13005;PROMAG;0,25
PD;13012;;3.040,00
PD;13012;FOLVIT 80 WDG;10,00
PD;13020;;3.305,00
PD;13020;MICRORAM 35 WG;866,00
PD;13025;MYSTIC 250 EW;98,00
PD;13039;;460,00
PD;13049;SULCOGAN;13,00
PD;13055;MACHO;40,00
PD;13061;;116,00
PD;13061;BIOBIT DF;156,00
PD;13062;;45,00
PD;13063;REGULEX 10 SG;0,20
PD;13064;;72,00
PD;13064;VITENE ULTRA SC;430,00
PD;13065;;5,00
PD;13065;DOMARK 125;206,00
PD;13065;DOMARK 125 PFnPE;36,95
PD;13076;;6,00
PD;13076;BRAITEX  PRO;20,00
PD;13081;NISSORUN;1,00
PD;13084;;134,50
PD;13084;TELDOR PLUS;206,30
PD;13084;TELDOR PLUS PFnPE;2,20
PD;13093;;1.623,00
PD;13093;STOMP AQUA;2.526,00
PD;13093;STOMP AQUA 1 lt;2,00
PD;13098;;614,00
PD;13098;ROUNDUP POWER 2.0;29.826,00
PD;13098;ROUNDUP POWER 2.0 5 lt;10,00
PD;13098;ROUNDUP POWER 2.0 PFnPE;4.678,00
PD;13104;ALGOR PLATIN;25,00
PD;13106;;6.348,00
PD;13108;;10,00
PD;13108;CURAME BORDEAUX;1.320,00
PD;13108;CURAME BORDEAUX PFnPE;418,00
PD;13111;;35,00
PD;13111;THIOCUR FORTE;127,00
PD;13116;MEDOR 35 CLASS;88,50
PD;13120;;132,00
PD;13126;;218,00
PD;13126;CABRIO DUO;343,00
PD;13128;;222,00
PD;13128;GOLTIX 50 WG;434,00
PD;13143;;51,00
PD;13143;MEZENE WG;119,00
PD;13149;;300,00
PD;13149;POLTIGLIA MANICA 20 WG;747,00
PD;13149;POLTIGLIA MANICA 20 WG PFnPE;38,50
PD;13150;CURAME 25 WG;147,00
PD;13152;;80,00
PD;13152;OPTIX R DISPERSS;15,00
PD;13153;BANVEL S;11,00
PD;13154;;36,00
PD;13154;MONDAK 480 S;25,00
PD;13156;;35,00
PD;13156;CAMBEL 480 S;60,00
PD;13158;REMEDIER;213,00
PD;13158;REMEDIER PFnPE;10,00
PD;13160;;175,00
PD;13160;FORUM TOP;329,00
PD;13167;;34,00
PD;13168;;6.319,00
PD;13168;LAUDIS;4.470,00
PD;13179;PLAYER COMBI SC;19,00
PD;13186;;6,40
PD;13186;TITUS MAIS EXTRA;34,24
PD;13205;;1.100,00
PD;13205;ZOLFO MANICA SCORREVOLE DOPPIO RAFF;1.620,00
PD;13211;ZOLFO VENTILATO SCORREVOLE 96%;1.550,00
PD;13213;;826,00
PD;13213;R6 ERRESEI ALBIS;2.249,00
PD;13218;;350,00
PD;13218;FINALSAN PLUS;1.110,00
PD;13218;FINALSAN PLUS 10 lt;10,00
PD;13225;;4,00
PD;13225;AGRIDIF 250;16,00
PD;13236;;75,00
PD;13236;BULLET;1.476,00
PD;13242;;22,00
PD;13242;NICOGAN V.O.;1.858,00
PD;13244;;1.625,00
PD;13244;ZOLFO VENTILATO STELLA;7.275,00
PD;13249;;1.275,00
PD;13249;ZOLFO VENTILATO STELLA RAMATO S;1.550,00
PD;13250;ZOLFO VENTILATO STELLA RAMATO B;975,00
PD;13252;PLAYER 250 SC;187,00
PD;13253;;246,00
PD;13253;PLAYER SC;110,00
PD;13254;PLAYER 25 WG;31,00
PD;13255;PLAYER GR;21,00
PD;13255;PLAYER GR 1 kg;1,00
PD;13263;BORDORAM 20 WG;48,60
PD;13267;;9,00
PD;13267;IMPERO;5,75
PD;13285;;287,00
PD;13292;;1.425,00
PD;13298;;72,00
PD;13298;QUANTUM F;66,00
PD;13299;MAGIO';170,00
PD;13313;;60,00
PD;13313;CASPER;108,00
PD;13322;CUPROL S;1,00
PD;13323;;46,10
PD;13323;SULFY 80 WDG;212,00
PD;13323;SULFY 80 WDG PFnPE;18,70
PD;13324;CUPRIZOL S;13,75
PD;13327;;142,60
PD;13327;GRANSTAR ULTRA SX;63,05
PD;13327;GRANSTAR ULTRA SX 50 gr;14,00
PD;13329;;62,00
PD;13329;OMNEX 10 EC;31,00
PD;13335;;150,00
PD;13354;DIFFERENCE;3,00
PD;13354;DIFFERENCE 250 ml;0,25
PD;13356;AGRIZOLE;12,00
PD;13367;;105,00
PD;13367;DIVO;81,75
PD;13370;;20,00
PD;13370;WARRANT 200 SL;44,00
PD;13375;NUPRID 200 SC;4,00
PD;13377;;3,00
PD;13382;;64,50
PD;13382;PERGADO SC;322,50
PD;13386;;253,00
PD;13386;PROSARO;1.297,00
PD;13387;;36,04
PD;13387;FLORAMIX;71,34
PD;13389;;1.601,00
PD;13389;AFFIRM;1.790,00
PD;13391;;232,00
PD;13391;CYTHRIN 50 EC;66,00
PD;13394;IMIDASECT;29,00
PD;13402;LUMA-KL;103,00
PD;13402;LUMA-KL PFnPE;26,00
PD;13409;SILFUR WG;12,00
PD;13430;TENOR SC;4,25
PD;13440;SATEL;1,00
PD;13447;;0,33
PD;13447;HELMSTAR 75 WG;10,35
PD;13451;;16,00
PD;13451;SPARVIERO;37,00
PD;13455;;720,00
PD;13455;ANTIGRAM GOLD;2.105,00
PD;13466;;321,00
PD;13466;SPOTLIGHT PLUS;171,00
PD;13468;CLINER;82,60
PD;13468;CLINER PFnPE 100 ml;0,50
PD;13468;CLINER PFnPE 250 ml;3,00
PD;13471;NICOZEA OD;30,00
PD;13472;ALIEN;319,00
PD;13477;TOREADOR;0,25
PD;13485;FOLPEC 80 WG ADVANCE;1.040,00
PD;13486;JUDO;69,00
PD;13489;;42,50
PD;13489;CYMBAL;84,00
PD;13500;CIPREN 10 WG;20,00
PD;13505;CLIVIS DUO;55,00
PD;13521;HELIOCUIVRE S;75,00
PD;13540;QUASAR R FLOW;211,00
PD;13542;FANTIC M NC;12,00
PD;13546;;445,00
PD;13547;MEXIL ORO MZ WG;527,00
PD;13552;;27,50
PD;13552;ZOLVIS 80 SECTOR;2.449,50
PD;13552;ZOLVIS 80 SECTOR PFnPE;1.485,00
PD;13560;FORZA;30,00
PD;13576;;328,00
PD;13576;RAMEPLANT WG;216,80
PD;13576;RAMEPLANT WG PFnPE;49,00
PD;13578;RAME CAFFARO BLU WG NEW;1.853,00
PD;13581;TIOGEL 80 WDG;74,00
PD;13585;;145,00
PD;13585;SOLOFOL;20,00
PD;13586;;222,50
PD;13586;VERDERAME 20 WG;323,00
PD;13586;VERDERAME 20 WG PFnPE;5,00
PD;13592;;28,00
PD;13592;VOLARE;54,00
PD;13635;POLTIGLIA 20 PB MANICA;279,00
PD;13635;POLTIGLIA 20 PB MANICA 1 kg;1,00
PD;13637;;75,00
PD;13637;PERGADO F;20,00
PD;13639;;1,00
PD;13639;ACRAMITE 480 SC;6,50
PD;13640;IMPRINT;0,75
PD;13647;NEORAM BLU WG PFnPE;19,50
PD;13648;;311,00
PD;13651;SPECTRO;10,00
PD;13667;AFIDANE 200 SL;1,00
PD;13687;BURT;5,00
PD;13689;;16,50
PD;13689;FLINT MAX;26,00
PD;13691;TRIDAN COMBI T;289,00
PD;13693;BACILLUS CHEMIA;5,00
PD;13693;BACILLUS CHEMIA PFnPE;1,00
PD;13698;;189,50
PD;13698;VIVANDO;306,25
PD;13700;ATLANTIS PRO;27,00
PD;13709;;29,00
PD;13709;U 46 PRATI;60,00
PD;13711;;487,00
PD;13716;CAPTAN ARVESTA 80 WG;30,00
PD;13719;THIAMON 80 PLUS;350,00
PD;13736;;146,25
PD;13736;TRACE;176,25
PD;13741;SELECTA DISPERSS;35,00
PD;13742;;11,00
PD;13743;KUKAR 22;1,00
PD;13765;SHERPA 100 EW;17,00
PD;13771;;208,00
PD;13771;NIMROD 250 EW;240,00
PD;13784;RIVIERA MZ;64,00
PD;13785;;10,00
PD;13785;QUANTUM MZ;41,00
PD;13786;;10,00
PD;13786;QUANTUM R;35,00
PD;13787;RIVIERA R;261,00
PD;13789;PRIMERO;283,00
PD;13791;GEATER-STAR;25,00
PD;13791;GEATER-STAR PFnPE;12,00
PD;13792;;84,00
PD;13792;STABILAN;336,00
PD;13794;;43,00
PD;13794;SPADA WDG;34,00
PD;13796;CELL;1,00
PD;13801;TOUCHDOWN HOBBY PFnPE;4,25
PD;13809;;65.900,00
PD;13809;FORCE ULTRA;57.900,00
PD;13812;NOTO 40 OD;50,00
PD;13815;;5,00
PD;13815;TUTOR 18-15;48,50
PD;13815;TUTOR 18-15 PFnPE;1,20
PD;13817;ALIAL WG;10,00
PD;13820;;76,00
PD;13820;BAYTEROID 25 EC;132,00
PD;13823;;2,00
PD;13823;ALVERDE;5,61
PD;13838;XEDAVIR;7,50
PD;13841;;4.408,00
PD;13841;FOCUS ULTRA;3.321,00
PD;13843;;328,00
PD;13843;ZELIG 480 EC;159,00
PD;13852;DIQUA;200,00
PD;13876;APACHE;54,00
PD;13885;;567,00
PD;13888;FANTIC F NC WG;315,00
PD;13895;;125,00
PD;13895;SAVIRAN STAR;275,00
PD;13899;;0,50
PD;13905;;24,00
PD;13905;BANJO;154,00
PD;13913;;110,00
PD;13925;;0,50
PD;13926;;24,50
PD;13926;SPONSOR;15,50
PD;13927;ZAMIR 18;5,00
PD;13930;MARINS 200 CLASS;2,00
PD;13955;MITIGREEN;54,00
PD;13981;;194,00
PD;13981;CORAGEN;443,60
PD;13983;;44,00
PD;13983;HUSSAR MAXX PRO;15,00
PD;13998;PYRUS 400 SC;6,10
PD;14005;;2.536,00
PD;14005;CLORTOSIP 500;319,00
PD;14005;CLORTOSIP 500  SC;170,00
PD;14005;CLORTOSIP 500 SC;1.983,00
PD;14005;CLORTOSIP 500SC;18,00
PD;14020;LIDAL;39,00
PD;14021;BREK DUO;45,00
PD;14024;PERFIL 10 WP;1,00
PD;14042;SUPRAFOS EC;27,00
PD;14052;;8,00
PD;14058;;65,25
PD;14058;FEINZIN 70 DF;759,25
PD;14062;;194,00
PD;14062;ZOXIUM 240 SC;300,00
PD;14074;TRINEX 250 EW;0,30
PD;14077;;250,00
PD;14077;CHAMP 20 DF;250,00
PD;14098;;2.240,00
PD;14099;ASPOR WDG;1.190,00
PD;14100;;11,50
PD;14100;KANEMITE;1,00
PD;14101;;1.998,00
PD;14101;CARAMBA;112,00
PD;14102;;230,00
PD;14102;BORDOFLOW NEW;4.485,00
PD;14119;;240,00
PD;14119;VISIR PENCOTECH;60,00
PD;14122;;55,00
PD;14122;KATAR;21,00
PD;14135;GRENADIER 75 DF;4,13
PD;14136;;0,50
PD;14136;OBERON;1,50
PD;14137;;8,85
PD;14137;ALTACOR;31,40
PD;14154;;106,00
PD;14154;PIRETRO ACTIGREEN;1,56
PD;14154;PIRETRO ACTIGREEN PFnPE;7,64
PD;14155;;540,00
PD;14156;CURZATE R WG;804,00
PD;14163;SARMOX 440 WG;24,00
PD;14165;;182,00
PD;14165;NANDO MAXI;165,00
PD;14166;;49,00
PD;14166;ZETOR;128,00
PD;14169;;55,00
PD;14169;PERGADO R;240,00
PD;14178;;1.440,00
PD;14178;TRI-BASE;513,00
PD;14182;;74,00
PD;14182;ARES 25 WG;461,00
PD;14195;;620,00
PD;14204;75A;5,00
PD;14208;;340,00
PD;14208;RELDAN LO;862,00
PD;14210;EVURE;84,00
PD;14232;;4,00
PD;14257;UNDERLINE 0,2 G;150,00
PD;14262;;210,40
PD;14262;DISERBANTE GREENEX ML 40;0,50
PD;14262;GREENEX NF;36,78
PD;14262;GREENEX NF PFnPE;90,63
PD;14262;GREENEX NF PFnPE 250 ml;6,00
PD;14262;GREENEX NF PFnPE 40 ml;1,92
PD;14262;GREENEX NF PFnPE 500 ml;9,50
PD;14263;;4,00
PD;14263;BIOTEN;0,15
PD;14273;NIFURON;611,00
PD;14290;;10,00
PD;14290;KOHINOR 200 SL;2,40
PD;14294;EXECUTIVE;1,00
PD;14323;;11,00
PD;14323;BELPROMEC;5,00
PD;14332;TANGO MZ PLUS;38,00
PD;14350;ZOLFO RAMATO 5;3,00
PD;14370;AMISTAR /IP;3,00
PD;14375;;1.450,00
PD;14375;LION 5 EC;3.861,00
PD;14380;CLORMET;12,00
PD;14387;;156,00
PD;14387;NERVURE SUPER;710,00
PD;14405;;190,00
PD;14405;MERLIN FLEXX;965,00
PD;14406;;17,25
PD;14406;LEIMAY;145,75
PD;14407;;45,50
PD;14407;RUNWAY;41,00
PD;14409;;338,00
PD;14409;MOVENTO 48 SC;290,75
PD;14414;;94,45
PD;14414;DUSTY;91,90
PD;14414;DUSTY 500 ml;31,00
PD;14414;DUSTY PFnPE;497,90
PD;14418;;95,00
PD;14418;PULSAR 40 SL;402,00
PD;14426;;5,00
PD;14426;GEODIS;10,00
PD;14431;;11,00
PD;14431;LENTAGRAN 45 WP;247,00
PD;14432;;11,00
PD;14432;METRIC;1.232,00
PD;14468;ROMIN T;30,00
PD;14472;;1,00
PD;14472;PARTNER EC;156,00
PD;14479;;16.550,00
PD;14479;SCHERMO 0.5 G;11.060,00
PD;14523;CARPO 600;25,00
PD;14540;SEPARO;5,00
PD;14543;;2,00
PD;14543;FLUIZOL;29,00
PD;14548;TURIBEL;18,00
PD;14559;AGREE WG;7,00
PD;14565;CURZATE M WHITE;6,00
PD;14573;BACTOSPEINE 32 WG;4,00
PD;14575;;0,04
PD;14576;CUTRIL EVO;80,00
PD;14577;;152,00
PD;14577;FORUM R 3B;585,00
PD;14579;RAMIN 30 DF 1 KG;5,00
PD;14579;RAMIN 30 DF 10 KG;130,00
PD;14582;;10,00
PD;14636;;2.025,50
PD;14636;BIOLID UP;1.689,00
PD;14636;BIOLID UP PFnPE;17,00
PD;14638;NETOR;4.265,00
PD;14640;OBOKE-SC;36,00
PD;14642;;681,00
PD;14642;RIDOMIL GOLD R WG;5.227,00
PD;14643;CENTIUM 36 CS;30,00
PD;14650;ROGATOX 40;4,00
PD;14650;ROGATOX 40 ST;16,00
PD;14660;BTK 32 WG PFnPE 500 g;8,00
PD;14664;;0,07
PD;14664;BERELEX 40 SG;1,13
PD;14684;;42,00
PD;14685;;10,00
PD;14687;;72,00
PD;14687;QUAD GLOBE;6,00
PD;14687;QUAD-GLOB;7,00
PD;14687;QUAD-GLOB 200 SL;6,00
PD;14692;;4,50
PD;14693;;2,25
PD;14697;;62,00
PD;14697;ENERVIN DUO;164,00
PD;14699;;3,00
PD;14699;GEOXE;2,50
PD;14730;;43,00
PD;14730;CHIMIGOR 40;47,00
PD;14730;CHIMIGOR 40 ST;28,00
PD;14735;;9,50
PD;14735;RANMAN TOP;68,00
PD;14737;;775,00
PD;14737;ROUNDUP PLATINUM;16.475,50
PD;14737;ROUNDUP PLATINUM 5 lt;15,00
PD;14737;ROUNDUP PLATINUM PFnPE;3.074,00
PD;14737;ROUNDUP PLATINUM PFnPE     da    ml;40,00
PD;14737;ROUNDUP PLATINUM PFnPE 500 ml;433,00
PD;14739;;1,00
PD;14739;DECIS PROTECT PFnPE;106,00
PD;14758;KARATE WITH ZEON TECHNOLOGY 1.5 HOB;0,02
PD;14760;RASIKAL PRO;2,50
PD;14764;SLUXX;50,00
PD;14765;;38,00
PD;14765;ELUMIS;1.316,00
PD;14769;COMET 250 EC;87,00
PD;14785;;1,55
PD;14785;DRISCOLL;21,25
PD;14785;DRISCOLL PFnPE;51,47
PD;14785;DRISCOLL PFnPE 10 ml;0,17
PD;14785;DRISCOLL PFnPE 50 ml;0,05
PD;14794;;93,00
PD;14794;AVALON SC;763,00
PD;14799;AFLOR 200 SL;15,85
PD;14805;QUASAR MZ WG;563,00
PD;14809;CUPRAVIT BIO EVOLUTION;90,00
PD;14812;;2.272,00
PD;14812;ENERVIN TOP;81,00
PD;14815;;2.118,00
PD;14815;ADENGO;4.148,00
PD;14819;;14,00
PD;14830;;90,00
PD;14830;CUPROFIX ULTRA DISPERSS;415,00
PD;14836;BARBARIAN BIOGRADE 360;48,50
PD;14836;BARBARIAN BIOGRADE 360 500 ml;120,00
PD;14836;BARBARIAN BIOGRADE 360 PFnPE;546,00
PD;14836;BARBARIAN BIOGRADE 360 PFnPE    da ;34,00
PD;14837;GLIFOSAR FLASH;344,00
PD;14837;GLIFOSAR FLASH PFnPE;409,00
PD;14838;BARCLAY GALLUP BIOGRADE 360;1.700,00
PD;14838;BARCLAY GALLUP BIOGRADE 360 lt 20;3,00
PD;14845;;23,00
PD;14845;MYSTIC PLUS S;105,00
PD;14846;AVALON 250 EW;16,00
PD;14854;KARAMAT M;346,00
PD;14867;;1,00
PD;14867;SYNERO;45,00
PD;14872;;20,00
PD;14872;BELLIS DRUPACEE;17,50
PD;14876;;21,00
PD;14876;GRANDSTAND;54,00
PD;14878;FOXTROT;33,00
PD;14879;;0,75
PD;14879;LONTREL 72 SG;6,90
PD;14884;;942,00
PD;14884;CORUM;6.512,00
PD;14885;ROUNDUP RAPIDO;4,00
PD;14891;TRICO;20,00
PD;14894;LANNATE 25 WP;5,00
PD;14894;LANNATE25WP;11,00
PD;14895;;273,00
PD;14895;LANNATE 20 SL;18,00
PD;14895;LANNATE 20SL;9,00
PD;14897;;278,00
PD;14897;FLUROSTAR 200;32,00
PD;14900;KENKIO;2.415,00
PD;14909;;1,00
PD;14909;NURELLE 5;7,00
PD;14914;;30,00
PD;14918;RIVIOR;28,00
PD;14919;;20,75
PD;14919;EMERALD 125;0,42
PD;14919;EMERALD 125 PFnPE;16,39
PD;14920;ZOLFO 80 WP ZOLFINDUSTRIA;50,00
PD;14935;;1.790,00
PD;14935;TIMELINE TRIO;791,00
PD;14935;TIMELINE TRIO 1 lt;6,00
PD;14936;;13,50
PD;14936;AMPLIGO;593,00
PD;14937;;25,00
PD;14938;DEDICATE;7,75
PD;14940;TAKUMI;2,40
PD;14944;FLUXYR 200 EC;203,00
PD;14947;TRUSTEE 450;3,00
PD;14947;TRUSTEE 450 PFnPE;403,00
PD;14947;TRUSTEE 450 PFnPE         da      m;46,00
PD;14951;;100,00
PD;14951;BOTECTOR;39,20
PD;14966;;3.000,00
PD;14967;TIPTOR ULTRA;928,00
PD;14972;DICARZOL 50 SP;5,00
PD;14986;;35,00
PD;14986;OPERA NEW;275,00
PD;15005;;12,00
PD;15005;FONTELIS;5,00
PD;15008;LBG - 01F34;684,00
PD;15009;TALISMA UL;8.240,00
PD;15013;LUMACHICIDA BAYER NATRIA G500;10,00
PD;15013;LUMACHICIDA NATRIA  KG 1;6,00
PD;15013;NATRIA LUMACHICIDA;38,70
PD;15013;NATRIA LUMACHICIDA PFnPE;13,50
PD;15019;;553,00
PD;15019;RIVIERA;163,00
PD;15023;DERREX;20,00
PD;15024;;320,00
PD;15024;MESUROL 200 SC;39,00
PD;15034;;133,00
PD;15034;DICOPHAR;4,50
PD;15034;DICOPHAR PFnPE;12,00
PD;15037;BREZZA;35,00
PD;15041;;46,00
PD;15041;OPINION ECNA;24,00
PD;15047;R6 ERRESEI BORDEAUX PFnPE;36,00
PD;15047;R6 ERRESEI BORDEAUX WG;422,00
PD;15047;R6 ERRESEI BORDEAUX WG PFnPE;1,00
PD;15048;;301,00
PD;15048;MOXYL 45 WG;70,00
PD;15049;;132,00
PD;15049;MODDUS;273,00
PD;15050;;74,00
PD;15050;VERTIMEC PRO;104,00
PD;15051;;1.415,00
PD;15051;KYLEO;1.370,00
PD;15054;CONTENDER 80 WG;2,00
PD;15057;;1,00
PD;15057;DICOTEX RTU;13,50
PD;15058;;7,04
PD;15058;PRINCIPAL MAIS;61,16
PD;15059;;298,50
PD;15059;DECIS EVO;1.337,75
PD;15062;PIRAMAX  EC;284,00
PD;15063;;22,80
PD;15070;;10,00
PD;15070;OS-169;60,00
PD;15071;;60,00
PD;15071;EVOLUTION;118,00
PD;15083;;63,00
PD;15084;;54,50
PD;15084;DRUM;11,50
PD;15085;VITISAN 45 WG;4,50
PD;15093;;145,00
PD;15093;CENTURIO;649,10
PD;15093;CENTURIO PFnPE;69,00
PD;15096;;789,50
PD;15096;GLIPHOGAN;10,00
PD;15096;GLIPHOGAN TOP CL;2.121,50
PD;15096;GLIPHOGAN TOP CL 500 ml;450,00
PD;15096;GLIPHOGAN TOP CL PFnPE;3.137,00
PD;15101;CIMORAM ULTRA WG;715,00
PD;15102;VITENE R WG;60,00
PD;15111;MIRADOR SC;118,00
PD;15115;;52,00
PD;15122;;2,00
PD;15122;ACTELLIC 50 NEWPHARM;2.304,00
PD;15124;;222,00
PD;15124;ZANTARA;673,00
PD;15125;;20,00
PD;15125;PROLECTUS;11,00
PD;15126;TALENDO EXTRA;50,00
PD;15127;;11,00
PD;15127;SANVINO;388,00
PD;15130;;80,00
PD;15130;INTREPID;200,00
PD;15135;OLEOSAN PLUS;13,00
PD;15138;BAROCCO 80 WG;0,00
PD;15142;;300,00
PD;15142;ALCANCE SYNC TEC;910,00
PD;15177;;1.204,00
PD;15177;ROTATE PLUS DF;551,00
PD;15181;CIRRUS CS;11,50
PD;15184;SATEL GEO;24,00
PD;15191;CYMOPUR 45 WG;37,50
PD;15193;;880,00
PD;15193;CONTATTO PIU' EXTRA;122,00
PD;15196;FOSBEL EXTRA;226,00
PD;15198;AZBANY;4,00
PD;15199;;71,00
PD;15199;SAKURA;4,00
PD;15201;FLOXY 400 SC;135,00
PD;15213;;7,52
PD;15213;DEMETRINA FLOW;127,75
PD;15213;DEMETRINA FLOW 10 ml;61,00
PD;15213;DEMETRINA FLOW 100 ml;8,00
PD;15213;DEMETRINA FLOW 50 ml;18,00
PD;15213;DEMETRINA FLOW PFnPE;9,39
PD;15221;ZETARAM PLUS;820,00
PD;15222;FOLICUR COMBI WG;34,00
PD;15227;;0,40
PD;15227;MESUROL EVOLUTION;7,00
PD;15229;;345,00
PD;15232;;403,00
PD;15232;AMISTAR ULTRA;65,00
PD;15234;MOMENTUM F;10,00
PD;15235;;204,00
PD;15235;MOMENTUM;376,00
PD;15235;MOMENTUM PFnPE;46,00
PD;15237;;69,00
PD;15250;COPRANTOL DUO;445,00
PD;15251;;931,00
PD;15251;AIRONE LIQUIDO;732,00
PD;15253;;2.011,00
PD;15253;FALCON MK;19,00
PD;15263;;7,00
PD;15263;DYNALI;41,00
PD;15264;ENERVIN SC;541,00
PD;15265;;1,00
PD;15266;;110,00
PD;15266;QUARTET;300,00
PD;15267;KUSABI;6,00
PD;15270;PROFELIS;1,19
PD;15281;MICROMEGAS;49,00
PD;15285;PRIMMA STAR;0,72
PD;15289;SERENADE NATRIA PFnPE;2,40
PD;15291;;152,00
PD;15291;TURFENE PLUS;194,15
PD;15291;TURFENE PLUS  PFnPE;60,00
PD;15291;TURFENE PLUS 500 ml;9,00
PD;15291;TURFENE PLUS PFnPE;29,20
PD;15291;TURFENE PLUS PFnPE 100 ml;1,90
PD;15292;VERTIARO;1,50
PD;15294;;1.413,00
PD;15302;;229,00
PD;15302;AMYLO-X;482,00
PD;15307;;370,50
PD;15307;DEDALUS 25 WDG;0,50
PD;15311;TIZCA;11,00
PD;15315;ALEF;24,00
PD;15317;;4.279,00
PD;15325;;593,00
PD;15325;CORNER MZ WG;741,00
PD;15326;;3.510,00
PD;15333;APPLAUD PLUS;7,08
PD;15333;APPLAUD PLUS PFnPE 100 g;1,00
PD;15333;APPLAUD PLUS PFnPE 20 g;0,12
PD;15337;EXPRESS;0,10
PD;15340;FEUDO 50 WP;11,00
PD;15344;FILAN WG;4,00
PD;15348;;45,00
PD;15348;RIDOMIL GOLD R LIQUIDO;310,00
PD;15349;;26,00
PD;15349;ARES 430 SC;41,00
PD;15350;MOXIL 5-68 WG;40,00
PD;15356;SPHINX SC;541,00
PD;15358;ZOLFO FLOW MCT;48,00
PD;15358;ZOLFO FLOW MCT PFnPE;108,00
PD;15359;VITIL 8-64 WG;180,00
PD;15363;MEDEIRO 80 WG ADVANCE;3,00
PD;15365;RAME ZOLFO FLOW MCT;5,00
PD;15370;;16.190,00
PD;15370;FURY GEO;2.020,00
PD;15371;;24,00
PD;15378;;268,00
PD;15378;TRAXOS PRONTO 60;902,00
PD;15379;;125,25
PD;15379;AXIAL PRONTO 60;324,75
PD;15384;;31,00
PD;15384;LUNA EXPERIENCE;72,00
PD;15388;MEXIL ORO R WG;1.175,00
PD;15389;;1.570,00
PD;15392;;25,00
PD;15392;QUANTUM MZ WDG;13,00
PD;15401;;1.101,50
PD;15401;TAIFUN MK CL;6.007,50
PD;15401;TAIFUN MK CL 500 ml;273,00
PD;15401;TAIFUN MK CL PFnPE;1.337,00
PD;15401;TAIFUN MK CL PFnPE        da      m;72,00
PD;15402;DELTASAP;142,00
PD;15405;SHAMAL MK PLUS CL;2.428,00
PD;15405;SHAMAL MK PLUS CL PFnPE;720,00
PD;15407;RULER;24,00
PD;15408;;106,00
PD;15409;DECISION;12,00
PD;15411;DISHA;134,00
PD;15416;;56,00
PD;15416;DIZOLE;77,00
PD;15419;ELECTIS R FLOW;8,00
PD;15420;;669,00
PD;15421;TALISMA EC;84,00
PD;15427;RIFOS 550 EC;17,00
PD;15433;ATLAS;5,00
PD;15438;SANMITE 10 SC;3,00
PD;15448;REBEL TOP;9,00
PD;15449;;269,00
PD;15449;CIDELY;451,00
PD;15455;TELDOR PLUS ORTO;1,00
PD;15455;TELDOR PLUS ORTO PFnPE;0,90
PD;15468;ACASTA;19,00
PD;15483;WISH;10,00
PD;15493;;566,00
PD;15493;SIMUN 40 OD;430,00
PD;15493;SIMUN 40 OD     da    LT     1;4,00
PD;15498;ARPEL DUO;4,00
PD;15499;;13,75
PD;15499;SONG 70 WDG;297,50
PD;15501;QUIZ;491,00
PD;15505;;914,00
PD;15507;;710,00
PD;15507;CREW SUPERB;205,00
PD;15513;;600,00
PD;15513;OSSICLOR 35 WG GREEN;775,00
PD;15514;;25,40
PD;15514;CUPRAVIT BAYER G 100;2,00
PD;15514;CUPRAVIT BAYER G 500;3,00
PD;15514;CUPRAVIT BLU 35 WG;66,80
PD;15514;CUPRAVIT BLU 35 WG PFnPE 500 g;36,50
PD;15515;POLTIGLIA 20 PB GREEN;390,00
PD;15533;CRUZADO-R;20,00
PD;15537;;107,00
PD;15537;DELTAGRI;21,00
PD;15543;LUMACHICIDA FER;18,50
PD;15546;;29,45
PD;15546;BIATHLON 4D;99,40
PD;15549;;137,00
PD;15549;PROLECTUS 50 WG;10,00
PD;15550;;185,00
PD;15550;MERLIN FLEXX XTRA;224,00
PD;15553;;277,50
PD;15553;REGALIS PLUS;18,00
PD;15562;BELURE-T;0,22
PD;15566;;265,00
PD;15566;VISION PLUS;40,00
PD;15571;METSY;0,06
PD;15573;;12,00
PD;15573;PROMESS SL;23,00
PD;15573;PROMESS SL 1 lt;3,00
PD;15574;;90,00
PD;15574;KARMA 85;160,00
PD;15580;ESTUDER;4,00
PD;15583;PIRAT;23,00
PD;15591;;94,00
PD;15591;PREVINT TOP;162,00
PD;15596;;16,00
PD;15596;LASCAR;5,00
PD;15598;;165,00
PD;15598;CARPOVIRUSINE EVO 2;150,00
PD;15608;;60,00
PD;15608;VERSAR;18,00
PD;15610;CYPERKILL 50 EC;82,00
PD;15612;;19,20
PD;15612;SEMPRA;1,57
PD;15618;FULLDINA 400 SC;15,00
PD;15621;;43,00
PD;15621;BOTTO 50 EC;622,30
PD;15623;COSMOS 550 EC;102,00
PD;15626;;133,00
PD;15630;PALMAS 45% WG;1,50
PD;15633;;10,00
PD;15635;;534,50
PD;15635;ADENGO XTRA;1.396,00
PD;15635;ADENGO XTRA 0,500 lt;3,00
PD;15640;;82,00
PD;15655;;4,00
PD;15663;CUPRAVIT 35 WG;120,00
PD;15664;KORING 25 WG;7,00
PD;15668;;233,00
PD;15668;GHIBLI 240 OD;130,75
PD;15674;;5,75
PD;15674;AMADEUS TOP;8,15
PD;15677;KARDON 100;59,00
PD;15680;MITHRA 40 SC;33,00
PD;15681;LUMADRY ESCA;1,00
PD;15682;METHOMEX;23,00
PD;15689;;134,00
PD;15689;DIFENZONE;55,00
PD;15693;;36,00
PD;15711;;12,00
PD;15711;ALSYSTIN;10,50
PD;15713;;16,60
PD;15713;DIABLO SC;0,50
PD;15718;;2,25
PD;15722;;110,00
PD;15722;ARMICARB 85;465,00
PD;15725;DUAXO PFnPE;13,80
PD;15736;KOPRON 35 WG;258,00
PD;15738;;1,00
PD;15741;;1.620,00
PD;15741;AVADEX FACTOR;7,00
PD;15748;;136,00
PD;15748;SYLLIT 544 SC;56,00
PD;15751;;43,00
PD;15751;VITENE TRIPLO R;85,00
PD;15751;VITENE TRIPLO R PFnPE;168,50
PD;15752;CIDELY TOP;25,00
PD;15753;;37,00
PD;15753;PYXIDES DUO;457,00
PD;15758;;1.328,00
PD;15758;QUILT XCEL;60,00
PD;15779;ABANTO;0,80
PD;15780;OSSICLOR 50 PB GREEN;200,00
PD;15817;;9,00
PD;15817;GLADIATOR;30,00
PD;15834;;10,00
PD;15834;TRACER 120;46,00
PD;15838;ROUNDUP ULTRAMAX;2.700,00
PD;15839;;10,00
PD;15844;;10,00
PD;15844;SLOGAN TOP;79,00
PD;15845;ARAGON;309,00
PD;15847;;81,00
PD;15847;MAKURI;13,50
PD;15856;AZAKA;107,15
PD;15859;;155,00
PD;15863;BALENO FLASH;63,00
PD;15864;MONDARE PIU';165,00
PD;15874;;17,00
PD;15874;LAIZOX;220,00
PD;15886;;25,00
PD;15886;METAREX INOV;10,00
PD;15891;;204,00
PD;15891;BLAISE;1.195,00
PD;15892;BANG PLUS;48,00
PD;15893;GIAGUAR SL PFnPE;0,65
PD;15894;DUOKAR 20 EW;12,00
PD;15897;ALFIL WG;470,00
PD;15899;SILICOSEC;2.205,00
PD;15900;;1.820,00
PD;15900;TRIKA EXPERT;4.700,00
PD;15900;TRIKA EXPERT PFnPE;34,00
PD;15901;;2.750,00
PD;15901;ERCOLE;9.789,00
PD;15901;ERCOLE  1 kg;23,00
PD;15901;ERCOLE kg 10;1,00
PD;15901;ERCOLE PFnPE;358,25
PD;15901;ERCOLE PFnPE 1 kg;15,00
PD;15907;;117,00
PD;15907;PRESIDIUM ONE;736,00
PD;15907;PRESIDIUM ONE PFnPE;37,80
PD;15911;;8,00
PD;15912;CUPRO ISAGRO WG;1.020,00
PD;15915;;11,00
PD;15915;STARANE HD;1,00
PD;15929;JALISCO;3,25
PD;15929;JALISCO PFnPE;0,15
PD;15932;AXIENDO CONCENTRATO;19,80
PD;15933;AXIENDO PRONTO USO;9,00
PD;15933;AXIENDO PRONTO USO PFnPE;9,00
PD;15948;SINSAJO;12,00
PD;15949;;9,00
PD;15961;;208,00
PD;15961;RETENGO NEW;73,00
PD;15965;;31,00
PD;15965;BORDER;369,00
PD;15975;HIATUS;4,60
PD;15983;KUKAR;103,00
PD;15984;SUNDEK;90,00
PD;15990;;46,60
PD;15990;SCIROCCO 125 EW;86,40
PD;15990;SCIROCCO 125 EW PFnPE;11,20
PD;15996;;124,00
PD;15996;PATRIOT DRY;112,00
PD;16000;MINUET GR;81,75
PD;16023;DIMBO 480 SL;39,00
PD;16028;TRIBE 75 WG;0,09
PD;16030;CONTENDER WG;51,00
PD;16032;;27,00
PD;16034;DOURO 100 EC;4,00
PD;16037;;75,00
PD;16037;MOJANG TX;50,00
PD;16038;;3,00
PD;16042;;0,83
PD;16042;TOSCANA;5,45
PD;16051;;20,00
PD;16051;LENNS;76,50
PD;16051;LENNS PFnPE;6,00
PD;16054;;94,00
PD;16055;KENPYR;0,12
PD;16063;ARIGO;6,93
PD;16065;SERRATE;0,25
PD;16067;;1,00
PD;16071;MESOZIN 70 WG;118,75
PD;16074;;35,00
PD;16074;GLORIAL 25 EC;16,00
PD;16076;;175,00
PD;16084;;6,50
PD;16084;BREVIS;3,50
PD;16085;TRIMUR;12,34
PD;16089;;39,00
PD;16089;BUGUIS;408,00
PD;16092;CICLOPE;68,00
PD;16098;;388,00
PD;16099;;32,50
PD;16099;SINIS 70 DF;41,75
PD;16101;;103,00
PD;16101;TOPAS COMBI LIQUIDO;1.098,00
PD;16104;ELECTIS TRIO WDG;205,50
PD;16104;ELECTIS TRIO WDG PFnPE;77,50
PD;16106;BARCLAY PROPYZ;11,00
PD;16110;CABRIO OLIVO;7,00
PD;16114;;222,00
PD;16114;SIMITAR   EVO;102,00
PD;16117;;2,50
PD;16117;SERBY;285,30
PD;16117;SERBY PFnPE;5,50
PD;16124;;1,00
PD;16136;LUMA-GOLD;36,90
PD;16136;LUMA-GOLD PFnPE;26,45
PD;16137;OSIRIS;325,00
PD;16139;;1.219,00
PD;16139;SEGURIS XTRA;132,00
PD;16149;;154,00
PD;16161;;15,00
PD;16166;POKER MAX;18,50
PD;16166;POKER MAX PFnPE;32,50
PD;16170;TRICUP FLO;3.730,00
PD;16171;;3,40
PD;16171;HADDEN;2,00
PD;16172;;15,00
PD;16172;CAL-EX 1,9 EW;60,00
PD;16181;DELTAMIX 25;4,00
PD;16187;TANGO R PLUS;50,00
PD;16188;MEDIATOR PLUS;11,00
PD;16189;RISOLUTIV ROW;10,00
PD;16191;;285,00
PD;16191;TRIMAXX;87,00
PD;16194;;84,00
PD;16194;ETRAVON PRO;189,00
PD;16205;IDROX 20;9.476,00
PD;16207;;1,00
PD;16210;;100,00
PD;16210;ZETARAM HI TECH;200,00
PD;16221;;1,50
PD;16221;MADEX TOP;18,60
PD;16223;;5,00
PD;16223;CUSTOM;185,00
PD;16226;CIMOTER RAME WG;4,00
PD;16227;;40,00
PD;16227;FOLPAN COMBI;205,00
PD;16228;POLTIGLIA 20 DF KG 10;20,00
PD;16229;RAM CYM 44 WG;63,00
PD;16229;RAM CYM 44 WG 10 KG;30,00
PD;16232;MINERVE;13,60
PD;16250;SPYRIT MZ;20,00
PD;16251;;26,00
PD;16251;AFFIRM OPTI;50,00
PD;16252;AMISTAR GOLD;60,00
PD;16260;;2.900,00
PD;16260;WELTER MZ WG;80,00
PD;16273;;140,00
PD;16273;SIVANTO PRIME;576,00
PD;16277;;2,00
PD;16277;ALMADA 50 SC;132,00
PD;16279;;10.170,00
PD;16279;ERCOLE GR;22.300,00
PD;16282;;15,00
PD;16282;DIMIX;48,00
PD;16283;;16,00
PD;16283;QUANTUM R-OK;685,60
PD;16283;QUANTUM R-OK 1 kg;6,00
PD;16283;QUANTUM R-OK 10 KG;30,00
PD;16285;;1.981,00
PD;16285;KALIMBA;60,00
PD;16287;;452,00
PD;16287;SOLIGOR;303,00
PD;16288;;137,25
PD;16288;AMPEXIO;24,75
PD;16290;;0,13
PD;16290;AMADEUS ULTRA;20,55
PD;16293;;11,00
PD;16293;PACLOT NEW;12,00
PD;16295;;2,75
PD;16295;RAPAX AS;82,45
PD;16296;;19,00
PD;16296;PERGADO D;636,00
PD;16297;;31,00
PD;16298;MOLLER HI BIO;1.740,00
PD;16299;;4.608,00
PD;16305;;2,00
PD;16305;BONZI;11,00
PD;16314;;68,00
PD;16314;ZOXIS 250 SC;9,00
PD;16315;RADAR HP;8,00
PD;16318;REFLECT;3,00
PD;16321;PENDIPHAR;1,00
PD;16325;;2.225,00
PD;16325;EPIK SL;3.460,47
PD;16325;EPIK SL  PFnPE;4,95
PD;16325;EPIK SL PFnPE;4,70
PD;16335;;1.108,00
PD;16335;LIETO SC;4.657,00
PD;16336;;131,00
PD;16336;DELAN SC;162,00
PD;16363;;207,70
PD;16363;SIRTAKI;1.028,30
PD;16363;SIRTAKI lt 0,300;12,00
PD;16364;;4.827,00
PD;16364;BISMARK;4.614,00
PD;16364;BISMARK 1 lt;10,00
PD;16369;ORTIVA TOP SC;4,00
PD;16379;;618,00
PD;16379;PREV-AM PLUS;949,00
PD;16381;CALLICORE;250,00
PD;16384;;1.314,00
PD;16384;ELATUS ERA;471,00
PD;16385;ELATUS PLUS;21,00
PD;16395;MOHICAN 500 SC;5,00
PD;16396;TEMSA 100;268,00
PD;16399;;70,49
PD;16399;DECIS 15 EW HOBBY;18,13
PD;16399;DECIS 15 EW HOBBY PFnPE;59,92
PD;16399;DECIS 15 EW HOBBY PFnPE 250 ml;2,75
PD;16399;DECIS 250 ML;3,50
PD;16405;;124,00
PD;16413;SEQUAT;8,00
PD;16415;MADEX TWIN;3,70
PD;16416;;152,00
PD;16416;FENOTRIX 300 SC;48,00
PD;16417;;3,00
PD;16420;EXPEDIENT 10 EC;1,00
PD;16431;PREVICUR ENERGY ORTO PFnPE;1,20
PD;16434;;10,00
PD;16434;OLIOCIN NATRIA;20,00
PD;16434;OLIOCIN NATRIA PFnPE;150,40
PD;16434;OLIOCIN NATRIA PFnPE 500 ml;30,50
PD;16438;;84,50
PD;16438;VELUM PRIME;5,00
PD;16443;;30,00
PD;16443;DOPPLER;2,00
PD;16457;POLTIGLIA 20 WG GREEN;405,00
PD;16459;SOLEIL 50 WG;177,00
PD;16460;;1.352,00
PD;16460;VELIERO 500 EC;403,00
PD;16462;R6 ERRESEI ALBIS ORTO 500 gr;1,50
PD;16465;;2,83
PD;16465;HARASS;31,14
PD;16465;HARRAS;2,35
PD;16472;;246,00
PD;16480;;432,00
PD;16480;3LOGY;2.132,00
PD;16481;;1.732,60
PD;16483;;12,00
PD;16483;TEMIDE 50 WG;96,00
PD;16485;ROMULAN;2,00
PD;16490;GEMINI GEO;1.170,00
PD;16497;DECIS 500 ML;2,00
PD;16497;DECIS PROTECT EW;20,00
PD;16497;DECIS PROTECT EW PFnPE;86,00
PD;16497;DECIS PROTECT EW PFnPE 500 ml;10,00
PD;16498;;183,00
PD;16498;CETUS 360 CS;22,00
PD;16498;CETUS 360CS;10,00
PD;16503;BINARY T;130,00
PD;16513;AZOCIP;182,00
PD;16515;ERIBEA 50 EC;16,00
PD;16517;KISHAR;248,00
PD;16532;ROSBAY;10,20
PD;16535;TEMIDE MZ;8,00
PD;16536;;55,00
PD;16538;KITAMBA;17,00
PD;16545;COPRANTOL HI BIO 2.0;749,00
PD;16557;;380,00
PD;16557;AKUNA;300,00
PD;16561;RIKALI;219,00
PD;16562;;250,00
PD;16562;DELAN PRO;2.540,00
PD;16565;EXECUTIVE GOLD;3,90
PD;16567;;3.516,00
PD;16570;;9,00
PD;16570;SENCOR 600 SC;66,00
PD;16577;;71,00
PD;16577;U46 COMBI DUO;148,00
PD;16578;MELODY COMPACT WG;464,00
PD;16616;;465,00
PD;16616;VALLEY;510,00
PD;16619;ACTELLIC SMOKE GENERATOR;437,59
PD;16630;NATUREN LIMEX PFnPE;1,35
PD;16632;;1,00
PD;16635;;116,00
PD;16635;SEGURIS ERA;392,00
PD;16640;;12,00
PD;16641;RINIDI;5,28
PD;16647;;395,00
PD;16647;TAG PRO;357,50
PD;16654;POLYVERSUM;13,00
PD;16658;;52,00
PD;16658;DAGONIS;351,00
PD;16674;;60,00
PD;16690;;28,00
PD;16690;KESTREL;52,75
PD;16699;;0,10
PD;16703;;51,00
PD;16703;SPADA 50 WG;74,00
PD;16709;;56,50
PD;16737;;51,00
PD;16737;PISON;680,00
PD;16740;RED FOX;60,00
PD;16754;SIMBA;56,00
PD;16755;DANEVA;5,00
PD;16772;AMYLO X LC;1,00
PD;16779;;140,00
PD;16779;TONALE;1.592,00
PD;16781;;2,00
PD;16781;CYMBAL 35 WG;93,00
PD;16787;;78.464,00
PD;16787;CLINIC ST;3.087,00
PD;16789;TESSIOR;10,00
PD;16790;NORDOX ENERGY;395,00
PD;16793;NIMBUS 250 EC;173,00
PD;16796;JOICE 55 D;170,00
PD;16797;DEMETRINA 25 EC;0,00
PD;16799;ALEXIN 75 LS;40,00
PD;16802;;201,00
PD;16802;ZYPAR;658,00
PD;16819;NATUR BREAKER;106,00
PD;16820;;630,00
PD;16827;MAISOT;275,00
PD;16829;;179,00
PD;16829;ARITO;5,00
PD;16830;;235,00
PD;16830;FANDANGO 360 TF;6.290,00
PD;16831;GLIFENE BIOGRADE;39,50
PD;16831;GLIFENE BIOGRADE PFnPE;0,00
PD;16833;;5,00
PD;16833;PANTOX 360 SUPER;2.261,00
PD;16833;PANTOX 360 SUPER PFnPE;110,50
PD;16833;PANTOX 360 SUPER PFnPE 500 ml;72,00
PD;16836;STALLION IT SYNC;150,00
PD;16841;;1.330,00
PD;16843;;210,00
PD;16847;;0,10
PD;16857;;1,00
PD;16857;SHORTTRACK;11,00
PD;16867;GLISTER STAR;858,00
PD;16874;;120,00
PD;16886;;73,15
PD;16886;CLOSER;66,80
PD;16886;CLOSER PFnPE 10 ml;0,48
PD;16886;CLOSER PFnPE 25 ml;0,27
PD;16886;CLOSER PFnPE 40 ml;1,92
PD;16895;;1,35
PD;16895;ZORVEC ENICADE;9,45
PD;16896;;106,20
PD;16896;ZORVEC ZELAVIN;528,80
PD;16897;KATOUN GOLD;70,00
PD;16902;;22,00
PD;16902;AVIATOR XPRO;207,00
PD;16904;;2.452,00
PD;16904;KIDEKA 100 SC;11,00
PD;16917;LOGRADO PLUS;2.052,00
PD;16917;LOGRADO PLUS      da LT    5;5,00
PD;16922;ABINE;27,00
PD;16924;ALIAS DG;120,00
PD;16925;WISH TOP;48,00
PD;16926;FILDER 69 WG;40,00
PD;16945;;140,70
PD;16945;SERCADIS;133,60
PD;16952;;5,00
PD;16952;DIRIMAL;45,00
PD;16954;;5,40
PD;16961;BENSEC TF;320,00
PD;16962;AMPERA;125,00
PD;16963;AVENOX 240;1,00
PD;16976;;175,00
PD;16976;VITIKAPPA;595,00
PD;16988;NAIF;290,00
PD;16991;ROSATE 360 TF;1.380,00
PD;17003;PRIAXOR;320,00
PD;17006;;21,00
PD;17007;ERADICOAT;30,00
PD;17014;DELEGATE WDG;0,50
PD;17018;GEOTOX 5 C;2.840,00
PD;17024;;959,00
PD;17058;;65,00
PD;17058;ROMEO;484,00
PD;17059;VINTEC;1,40
PD;17065;KAURITIL ULTRA WG;2.030,00
PD;17069;;195,00
PD;17069;TIOVIT L;120,00
PD;17072;;2.106,00
PD;17072;DIREX 50 GR;191,00
PD;17072;DIREX 50 GR 1 kg;57,00
PD;17072;DIREX 50 GR PFnPE;459,00
PD;17074;OMES 50 GR;1.740,00
PD;17075;;270,01
PD;17075;MOVIDA;968,19
PD;17078;;294,00
PD;17078;QUANTUM L;965,00
PD;17079;;4.930,00
PD;17079;FORCE EVO;5.080,00
PD;17081;CUPROSSIL IDRO NEW 20 WG;1.285,00
PD;17087;FOLDIM;128,00
PD;17091;;250,00
PD;17091;CHAMP 20 WG;1.930,00
PD;17092;FAXER EC;40,00
PD;17093;MOSAIKO MICRO FLOW;114,00
PD;17094;;30,00
PD;17094;ACTIVUS EKO;246,00
PD;17097;SPANDIS;2,00
PD;17099;;9,00
PD;17099;ZAKEO 250 SC;51,00
PD;17107;SPYRIT 50 SC;337,00
PD;17108;;7,00
PD;17108;FEUDO 500 SC;7,00
PD;17111;;115,00
PD;17111;FLOVINE;1.025,00
PD;17112;;2,00
PD;17112;DIFCOR;3,00
PD;17113;MIKAL F;258,00
PD;17115;;51,00
PD;17115;ZETROLA;204,00
PD;17116;ACTIVUS ME;100,00
PD;17119;SQUARE EC;100,00
PD;17123;;100,00
PD;17130;FLOMILL;400,00
PD;17136;IRAM 20 WG;100,00
PD;17141;;10,00
PD;17141;SELECTRUM;238,00
PD;17151;ALTAIR 2,5 EW;22,00
PD;17163;ALMADA MZ;24,00
PD;17188;;30,00
PD;17193;MAZICA;0,88
PD;17195;MAIZIUM;15,40
PD;17203;RADICAL MASSO;428,00
PD;17205;CIDIAL;30,00
PD;17236;;13,00
PD;17236;GALILEO STAR;186,00
PD;17265;FILDER 500 SC;12,00
PD;17266;DELTAKILL EC;122,00
PD;17268;;20,00
PD;17268;KUKI 70;68,00
PD;17272;SERIFEL;2,00
PD;17275;NOTO CLASS;21,00
PD;17277;SKALFIX;1,00
PD;17298;MARQUIS;12,00
PD;17309;TAYREX;12,00
PD;17317;NABUCCO;5,75
PD;17323;CONTENDER 800;136,00
PD;17326;;2.304,00
PD;17337;;307,00
PD;17340;APHOX 50;8,50
PD;17345;ARPEL WG;45,00
PD;17346;EXOSET 240 EC;166,00
PD;17360;MAGO;7,00
PD;17367;CYPRONIL;106,00
PD;17378;GACHINKO;40,50
PD;17424;;5.000,00
PD;17424;AF-X1 2019;12.150,00
PD;17430;EXIREL 2019;1,00
RO;13;;5.390,00
RO;13;THIOPRON;16.390,00
RO;17;U 46 COMBI FLUID;9,00
RO;133;U 46 D-FLUID;7,00
RO;206;;25,00
RO;206;ALBENE;632,00
RO;449;;1.650,00
RO;449;MOCAP;4.650,00
RO;449;MOKAP;150,00
RO;565;FUMATHANE 510;22.000,00
RO;599;ACUPRICO 76 WG;3.258,00
RO;619;VALGRAN;9,00
RO;630;;3.017,00
RO;630;REGLONE;330,00
RO;630;REGLONE W;3.885,00
RO;779;TRIMANOC 80 WP;100,00
RO;909;;10.875,00
RO;909;POLISOLFURO DI CALCIO POLISENIO;4.650,00
RO;1155;CHEMOL 90 EL;290,00
RO;1156;;2.400,00
RO;1156;CHEMOL;29.160,00
RO;1562;;505,00
RO;1573;BASAMID GRANULAT;1.840,00
RO;1583;;3.180,00
RO;1583;MICROTHIOL DISPERSS;14.336,00
RO;1714;;575,00
RO;1714;KERB 80 EDF;1.180,00
RO;1850;IDRORAME FLOW;7,00
RO;1850;IDRORAME FLOW  PFnPE;2,50
RO;1850;IDRORAME FLOW PFnPE;16,00
RO;2191;;308,00
RO;2191;WETTING PLUS;549,00
RO;2249;MALERBANE PRATI 400;646,00
RO;2259;PASTA LUMACHICIDA IN GRANI;12,00
RO;2260;GASTROTOX E;55,00
RO;2272;SILLIM;35,00
RO;2272;SILLIM PFnPE;73,00
RO;2307;;240,00
RO;2307;VECTOR;615,00
RO;2353;;297,00
RO;2353;BONALAN;841,00
RO;2368;PRATI SPECIAL;2,00
RO;2520;;5,00
RO;2603;ESCACIDE;488,00
RO;2732;;391,00
RO;2732;GOLTIX;2.975,00
RO;2923;;1.540,00
RO;2923;TIOVIT JET;4.026,00
RO;2923;TIOVIT JET KG. 10;40,00
RO;2934;MICROSOL 90 PFnPE;4,25
RO;2983;NIMROD;171,00
RO;2995;;23,00
RO;2995;ESCARTOX;152,50
RO;2995;ESCARTOX PFnPE;262,50
RO;2995;Excartox meta;92,00
RO;3065;;2.075,40
RO;3065;OLIOCIN;2,50
RO;3065;OLIOCIN PFnPE;15,25
RO;3102;OLEOTER;429,50
RO;3102;OLEOTER PFnPE;9,50
RO;3132;SEPR-OIL;13,00
RO;3132;SEPR-OIL PFnPE;7,50
RO;3163;U 46 M STAR;36,00
RO;3219;;4,00
RO;3219;CARAKOL AGRO;110,00
RO;3219;CARAKOL AGRO PFnPE;170,00
RO;3343;;95,00
RO;3343;U46 M CLASS;151,00
RO;3412;SYLLIT 65;448,00
RO;3468;DACOL L 40 ST;8,00
RO;3468;DACOL L40 ST;8,00
RO;3486;TRISCABOL DG;5,00
RO;3519;;838,00
RO;3519;METAMBANE;239,00
RO;3553;CURZATE;28,00
RO;3640;CUPROSTAR;54,00
RO;3745;METAM;9.520,00
RO;3754;BAGNANTE SARIAF;72,00
RO;3767;;56,00
RO;3767;FENOXILENE 200;1.978,00
RO;3779;;5.000,00
RO;3793;DITHANE M-45;62,00
RO;3800;;340,00
RO;3800;CRITTAM WG;280,00
RO;3817;;33,00
RO;3817;DISERBONE KN;726,00
RO;3817;DISERBONE KN LT. 1;12,00
RO;3859;;70,00
RO;3859;DURSBAN;417,00
RO;4012;;46,00
RO;4012;RELDAN 22;1.775,75
RO;4090;MALERBANE CEREALI;104,00
RO;4190;TETRASOL 80;20,00
RO;4199;;1.891,00
RO;4199;PENNCOZEB DG;14.961,00
RO;4199;PENNCOZEB DG KG. 1;3,00
RO;4199;PENNCOZEB DG KG. 10;30,00
RO;4228;;857,00
RO;4228;ROGOR 400 ST;2,00
RO;4326;;194,00
RO;4326;ROGOR L 40 ST;394,00
RO;4326;ROGOR L40 ST;163,00
RO;4326;ROGOR L40ST;135,00
RO;4552;DITHANE DG NEOTEC;1.269,00
RO;4701;;43,00
RO;4701;PIRIMOR 50;5,00
RO;4710;;79,00
RO;4710;ALIETTE;2.436,00
RO;4710;ALIETTE PFnPE;1,50
RO;5152;TIOSPOR WG;124,00
RO;5154;ARPEL TRIPLO BLU;101,00
RO;5228;;3,00
RO;5228;CARAKOL PFnPE;414,50
RO;5292;;1,00
RO;5292;FIXORMON;113,00
RO;5299;;17,50
RO;5299;MIBIOL;16,50
RO;5299;MIBIOL PFnPE;61,00
RO;5333;GIBRESOL;10,25
RO;5381;MANCOZEB PLUS 80 WP;75,00
RO;5574;LUMAKIDIN 5G;67,00
RO;5574;LUMAKIDIN 5G PFnPE;218,00
RO;5755;;1,00
RO;5755;TILT 25 EC;6,50
RO;5758;GALBEN R 4-33 BLU;30,00
RO;5796;;10,00
RO;5796;GARLON;115,00
RO;6001;BETAFIL FL;342,00
RO;6092;;4,00
RO;6277;;110,00
RO;6277;VYDATE 5G;1.690,00
RO;6298;FASTAC;147,00
RO;6321;;35,00
RO;6321;STIMOLANTE 66F;29,00
RO;6322;OBSTHORMON 24A;99,90
RO;6389;DUECI-FITO RADICANTE PFnPE;0,85
RO;6437;;1,00
RO;6437;ETHREL;184,00
RO;6438;BI-FEN;216,00
RO;6556;;44,00
RO;6556;K-OBIOL DP2;39,00
RO;6557;;5,00
RO;6557;K-OBIOL EC 25;7,00
RO;6704;TIOLENE 80 WG;17,00
RO;6738;GLEAN 75 PX;0,05
RO;6751;RASEN FLORANID PFnPE;1,50
RO;6771;;4.032,00
RO;6873;IDRORAME 193;90,00
RO;6945;TOPAS 10 EC;53,00
RO;6956;TARGA FLO;25,00
RO;6978;BETTER 400;1.530,00
RO;6978;BETTER 400 *;45,00
RO;7020;BAGNANTE CIFO;946,00
RO;7055;PASTA CAFFARO BLU;7,00
RO;7101;LIMAVAL;4,00
RO;7101;LIMAVAL PFnPE;40,00
RO;7368;TURFENE L;16,00
RO;7370;TETRASOL L;400,00
RO;7370;TETRASOL LIQUIDO;520,00
RO;7379;;76,50
RO;7379;VENZAR;178,00
RO;7401;POLTIGLIA CAFFARO 20 DF NEW;90,00
RO;7401;POLTIGLIA CAFFARO 20 DF NEW PFnPE;12,00
RO;7441;LONDAX 60 DF;11,00
RO;7483;DEVRINOL F;172,00
RO;7541;;0,15
RO;7541;APOLLO SC;2,50
RO;7555;KLARTAN 20 EW;98,00
RO;7608;DASKOR 440 EC;492,00
RO;7611;;1.993,00
RO;7611;ENOVIT METIL FL;6.672,00
RO;7700;;86,60
RO;7700;MATACAR FL;441,20
RO;7764;TIOLENE;10,50
RO;7845;TMTD 50 SC;1,00
RO;7864;TAU AL 240 EW;0,14
RO;7876;PIRIMOR 17,5;18,00
RO;7916;;275,00
RO;7916;POLYRAM DF;5.600,00
RO;7919;;6.300,00
RO;7919;TOUCHDOWN;380,00
RO;7922;OPALENE;904,00
RO;7958;;158,00
RO;7958;RONSTAR FL;471,00
RO;7961;;46,00
RO;7961;RIZOLEX  GOLD;211,00
RO;8023;SUMIALFA ECHO;220,00
RO;8028;;19,00
RO;8054;;14,00
RO;8102;;2.134,00
RO;8102;MERPAN 80 WDG;17.503,00
RO;8117;;40,00
RO;8117;BASTA 200;80,00
RO;8139;MANTA GOLD;726,00
RO;8146;;1,50
RO;8146;GALLERY;71,50
RO;8155;CATOR;69,00
RO;8184;;663,00
RO;8184;CHALLENGE;452,00
RO;8189;LEBRON 0,5 G;300,00
RO;8229;RAPAX;1,15
RO;8259;LAMDEX EXTRA;2.706,00
RO;8259;LAMDEX EXTRA KG. 1;32,00
RO;8320;DELFIN;152,00
RO;8360;PULL 52 DF;2,70
RO;8376;;1.043,00
RO;8376;ARIANE II;530,00
RO;8498;;11,00
RO;8498;FOLICUR WG;427,00
RO;8542;FORUM 50 WP;7,20
RO;8546;DANITRON;2,00
RO;8558;PIRETRO VERDE;10,15
RO;8558;PIRETRO VERDE PFnPE;1,50
RO;8599;;2.065,00
RO;8599;GOLD BEET;610,00
RO;8601;;175,00
RO;8601;FOLPAN 80 WDG;261,00
RO;8646;PENDIGAN;1.005,00
RO;8649;PIRIDANE 480;1.005,00
RO;8656;GLIFENE HP;6.170,00
RO;8661;KENTAN DF;3.039,00
RO;8690;;197,00
RO;8690;PERFEKTHION TOP;2.161,00
RO;8690;PERFEKTION TOP;66,00
RO;8706;;40,50
RO;8706;AMID THIN W;104,50
RO;8712;;81,00
RO;8712;ALLEGANTE 4% AF 96;80,00
RO;8735;;210,50
RO;8735;TREBON UP;1.127,00
RO;8742;INDAR 5 EW;173,00
RO;8795;;813,00
RO;8795;VERTIMEC EC;948,00
RO;8797;BINAL PRO;1.212,00
RO;8801;SCORE 25 EC;238,50
RO;8836;MIMIC;79,00
RO;8838;GERMON BEWURZELUNGSPUDER PER TALEE ;0,50
RO;8841;;7,00
RO;8841;cyren 0rto;37,00
RO;8841;CYREN 5 G;94,00
RO;8843;NISSHIN;5,00
RO;8874;;149,00
RO;8874;ETOFUM - FL;492,00
RO;8882;ULTRA FINE OIL;40,00
RO;8886;;15,12
RO;8886;SAFARI;53,16
RO;8929;;45,00
RO;8929;TOPIK 240 EC;189,50
RO;8934;SCALA;12,20
RO;8937;MASAI 20 WP;1,00
RO;8945;FARO DF;6,00
RO;8987;CONFIDOR;7,00
RO;8987;CONFIDOR 200 SL;25,50
RO;9005;AGIL;7.868,00
RO;9005;AGIL LT. 1;21,00
RO;9005;AGIL LT. 5;20,00
RO;9010;RAMEZIN COMBI WG;227,00
RO;9010;RAMEZIN COMBI WG KG. 10;20,00
RO;9012;;342,00
RO;9012;CUPROCAFFARO MICRO;301,00
RO;9041;;2.400,00
RO;9181;GULLIVER;2,50
RO;9244;;190,00
RO;9244;ZIRAMIT 76 WG;210,00
RO;9279;;25,00
RO;9280;TOPAS 200 EW;1,50
RO;9286;;57,00
RO;9306;;19,00
RO;9306;PROPLANT;29,00
RO;9339;BETANAL EXPERT;2.467,00
RO;9339;BETANAL EXPERT *;71,00
RO;9339;BETANAL EXPET;35,00
RO;9342;DELTRIN;50,50
RO;9373;CHORUS;12,00
RO;9374;MATCH TOP;22,00
RO;9422;;36,00
RO;9422;EVADE;110,25
RO;9443;ENDOGERME;19,20
RO;9449;EMERALD COMBI;5,00
RO;9509;;37,50
RO;9509;PROMALIN NT;148,00
RO;9531;;6,00
RO;9569;ZETARAM 3B FL;40,00
RO;9575;DRIBBLING 240 EC;7,00
RO;9578;;136,75
RO;9578;SWITCH;993,00
RO;9612;OSSICLOR 30;425,00
RO;9631;METRIN EC;1.249,00
RO;9634;CARNIVAL RIO;314,00
RO;9668;;1,15
RO;9668;RUFAST;0,34
RO;9668;RUFAST E-FLO;84,30
RO;9668;RUFAST E-FLO PFnPE;0,41
RO;9670;THIANOSAN 80 WG;130,00
RO;9678;M70 DF;37,00
RO;9679;KRISTAL 32 WG;2.446,00
RO;9705;;28,00
RO;9705;PREVITER;72,00
RO;9705;PREVITER PFnPE;0,65
RO;9724;TIOWETTING DF;674,00
RO;9744;;13,00
RO;9744;SCORE 10 WG;277,00
RO;9757;;102,00
RO;9757;SPYRALE;811,00
RO;9758;COPRANTOL WG;10,00
RO;9767;NUFOS 5 G PFnPE;94,00
RO;9787;MICROBAGNABILE WG;121,00
RO;9790;;223,00
RO;9790;CONTATTO 320;210,00
RO;9794;PLANET C;30,00
RO;9798;CLIOPHAR 100;12,00
RO;9800;;179,90
RO;9800;MAVRIK 20 EW;1.001,85
RO;9802;COPREN HI BIO;160,00
RO;9809;MALVIN 80 WG;30,00
RO;9813;DICLOPYR;2,00
RO;9843;;69,00
RO;9843;BASAGRAN SG;603,00
RO;9872;AKRIS;715,00
RO;9900;FLAVOS;25,00
RO;9905;THIOCUR 20 EW;14,50
RO;9938;MASTER;0,50
RO;9941;;3.118,00
RO;9941;BUMPER P;1.806,00
RO;9952;;29,00
RO;9954;;395,00
RO;9954;JOKER;4.745,00
RO;9954;JOKER LT. 1;26,00
RO;9963;;50,00
RO;9963;METIDANE 22;216,00
RO;9995;;32,00
RO;9995;ARIUS;20,00
RO;10005;SCOTTS WEEDCONTROL PFnPE;4,00
RO;10049;;293,00
RO;10049;DURSBAN 75 WG;1.579,00
RO;10057;ARPEL WDG;4,00
RO;10089;TMTD 50 L;220,00
RO;10105;RIDOMIL GOLD SL;22,50
RO;10117;;3.090,00
RO;10117;STRATOS ULTRA;1.534,00
RO;10118;;17,00
RO;10118;AMISTAR;73,00
RO;10127;DECIS JET;20,22
RO;10127;DECIS JET PFnPE;4,14
RO;10161;;1.094,00
RO;10161;ORTIVA;388,00
RO;10175;SPORAMIL R FLOW;63,00
RO;10185;ZERGAN EV;1,00
RO;10199;LERAM HI BIO;50,00
RO;10209;GLYFOS ULTRA;19.110,00
RO;10220;DICOPUR COMBI;93,00
RO;10230;LUMAPLUS;34,50
RO;10263;DRIVER;12,00
RO;10272;CEREXIL M DG;37,00
RO;10285;TOMAHAWK;1,00
RO;10296;;1.663,00
RO;10305;;109,00
RO;10305;OIKOS;280,00
RO;10306;MISTRAL;65,00
RO;10329;FORUM MZ WG;73,00
RO;10350;;27,00
RO;10350;BLAST SG;105,00
RO;10357;RIGRON SG;787,00
RO;10357;RIGRON SG KG. 3;3,00
RO;10373;;46,00
RO;10373;CONTEST;219,00
RO;10381;;62,00
RO;10381;CONCORDE 40 EW;0,75
RO;10381;CONCORDE 40 EW PFnPE;3,25
RO;10396;LIZOCIN PROPOC;0,43
RO;10415;;2,50
RO;10415;ARIC 480 LS;3,50
RO;10423;;196,00
RO;10423;LUMACHICIDA VEBI;93,00
RO;10423;LUMACHICIDA VEBI PFnPE;30,00
RO;10426;PROTIL EC;4,00
RO;10435;HERGON L;1,00
RO;10439;;4,00
RO;10439;SPRAY DUNGER GLOBAL;221,00
RO;10440;EXPANDER;111,00
RO;10456;;120,50
RO;10456;KLARO ULTRA;66,50
RO;10461;DICOTURF;0,75
RO;10479;;30,00
RO;10479;NATURALIS;16,00
RO;10483;EMBLEM;190,00
RO;10485;ALFA;13,00
RO;10493;;779,00
RO;10493;RUNNER LO;3.939,00
RO;10504;;95,00
RO;10509;;80,00
RO;10509;MASTIFF ULTRA;15.330,00
RO;10540;TERIAL 75 WG;33,00
RO;10563;ACOIDAL;129,00
RO;10573;;350,00
RO;10573;KOCIDE 2000;2.699,00
RO;10585;SULCOTREK;594,00
RO;10588;;15,00
RO;10589;FLORA VERDE;0,20
RO;10589;FLORA VERDE PFnPE;2,13
RO;10604;EMERALD 40 EW;144,06
RO;10604;EMERALD 40 EW PFnPE;24,88
RO;10627;;1,00
RO;10628;MIDAURIL MZ;27,00
RO;10632;;10,00
RO;10632;COBRE NORDOX SUPER 75 WG;139,00
RO;10701;CUMETA FLOW;101,00
RO;10701;CUMETA FLOW PFnPE;10,00
RO;10710;TOMAGAN;3,00
RO;10734;;54,00
RO;10734;DUAL GOLD;510,00
RO;10734;DUAL GOLD LT. 1;2,00
RO;10735;;19,00
RO;10735;PRIMAGRAM GOLD;4.136,00
RO;10735;PRIMAGRAM GOLD LT. 1;11,00
RO;10735;PRIMAGRAM GOLD LT. 5;95,00
RO;10752;;57,25
RO;10752;STEWARD;228,00
RO;10752;STEWARD GR. 250;0,25
RO;10758;;184,00
RO;10758;BETASANA TRIO;279,00
RO;10758;BETASANA TRIO SC;1.387,00
RO;10771;;2.375,00
RO;10771;MOST MICRO;2.735,00
RO;10890;FLIPPER;392,25
RO;10925;BEYOND;20,00
RO;10926;;9,00
RO;10926;ALTOREX;39,00
RO;10929;CHIKARA 25 WG;5,80
RO;10939;CP 40 AGRO;26,00
RO;10944;;202,75
RO;10944;KARATE ZEON;169,00
RO;10952;CARPOVIRUSINE PLUS;298,00
RO;10976;;1.295,01
RO;10976;METEOR;1.430,65
RO;10976;METEOR  PFnPE;1,75
RO;10976;METEOR PFnPE;14,79
RO;10985;MEVAXIL M;2,00
RO;10986;KASKO R;3,00
RO;10999;;7,00
RO;10999;BETANAL SE;1.066,00
RO;11011;;1.350,00
RO;11011;DASH HC;3.836,00
RO;11011;DASH HC LT. 1;1,00
RO;11012;;4,00
RO;11012;AURA;112,00
RO;11029;;264,00
RO;11029;PYRINEX M 22;1.030,00
RO;11040;POLTIGLIA BORDOLESE DISPERSS BLU;60,00
RO;11044;TUREX;6,00
RO;11059;;12,00
RO;11059;BIOPOWER;744,00
RO;11062;;8,50
RO;11062;BION 50 WG;58,00
RO;11070;;1.800,00
RO;11119;;18,00
RO;11119;FLINT;240,50
RO;11120;;125,00
RO;11133;SHELTER;6,50
RO;11157;PROPYDOR;19,00
RO;11165;POLAK;13,00
RO;11173;;275,00
RO;11173;AVAUNT EC;1.925,00
RO;11183;PROGERBALIN LG;93,50
RO;11185;GERLAGIB LG;28,00
RO;11196;SULFAR;4.070,00
RO;11206;;302,50
RO;11206;CODACIDE;3.546,00
RO;11233;SPORAMIL M;17,00
RO;11243;;2.527,00
RO;11243;LEOPARD 5 EC;8.738,00
RO;11252;CONTANS WG;4,00
RO;11253;;10,00
RO;11253;CALLISTO;253,00
RO;11257;COSTAR WG;0,75
RO;11258;;430,00
RO;11258;FAZOR STAR;20,00
RO;11301;SPHERE;22,00
RO;11301;SPHERE SC;40,00
RO;11303;CHAMP DP;90,00
RO;11341;STARANE GOLD;220,00
RO;11341;STARANE GOLD LT. 1;17,00
RO;11353;;10,00
RO;11353;FUSILADE MAX;817,00
RO;11359;SARCAP 800;3.410,00
RO;11360;;9,50
RO;11360;GRIP 25;2,00
RO;11382;;15,00
RO;11382;GARDENE PLUS;263,00
RO;11393;BEETLE;76,00
RO;11396;WIRK;1,00
RO;11416;;340,00
RO;11427;AGRIGOLF GOLD;3,00
RO;11448;KICKER;55,00
RO;11449;;9.213,00
RO;11449;GARDOPRIM GOLD;70,00
RO;11479;BRANCHER DIRADO;221,00
RO;11497;;584,00
RO;11499;BUSTER;52,00
RO;11500;CAPTHENE 80 WDG;75,00
RO;11505;READY GERMIPLUS;35,00
RO;11523;SEPRADINA 400 SC;1,00
RO;11525;FUNGIDINA 400 SC;7,00
RO;11526;;184,00
RO;11526;SULTAN;669,00
RO;11561;;131,30
RO;11561;NEEMAZAL T/S;245,33
RO;11561;NEEMAZAL T/S PFnPE;2,25
RO;11569;CUPROXAT S.D.I.;530,00
RO;11587;CAMBEL S;29,00
RO;11596;;18,00
RO;11596;CALYPSO;732,50
RO;11611;VYDATE 10L;130,00
RO;11619;TIOFLOR WDG;264,50
RO;11649;;139,00
RO;11649;COMMAND 36 CS;375,00
RO;11649;COMMAND 36 CS LT. 1;3,00
RO;11653;;294,00
RO;11653;FOLIO GOLD;5,00
RO;11653;FOLIO GOLD 537,5;6,00
RO;11653;FOLIO GOLD 537,5 SC;502,00
RO;11654;GRIZZLY EC;3,00
RO;11660;SHOGUN;716,00
RO;11668;;0,25
RO;11668;PLENUM 50 WG;22,75
RO;11690;GOAL 480 SC;8,00
RO;11693;;51,00
RO;11693;LASER;261,25
RO;11701;BOTANIGARD SE;100,00
RO;11711;;1.410,00
RO;11732;;189,00
RO;11732;ALLEATO 80 WG;577,00
RO;11735;DELICIA CONTRA-LUMACHE;26,80
RO;11752;ENVIDOR 240 SC;107,50
RO;11760;POLITHIOL;4.620,00
RO;11788;;15,00
RO;11788;NEMACUR 240 CS;20,00
RO;11789;;2.047,00
RO;11789;MANAGER;306,00
RO;11794;;12,75
RO;11794;PRESSING 500;60,75
RO;11802;TETRACAP 80 DG;848,00
RO;11814;;20,00
RO;11814;SPADA 200 EC;155,00
RO;11862;LOBBY;372,00
RO;11866;AGRO-OIL PFnPE;8,00
RO;11931;MANZEB 75 WG;25,00
RO;11944;ASPECT;735,00
RO;11991;NEEMIK TEN;1.701,00
RO;12010;;702,00
RO;12010;TUAREG;4.021,00
RO;12010;TUAREG LT. 1;10,00
RO;12010;TUAREG LT. 5;10,00
RO;12020;SUCCESS;1,82
RO;12020;SUCCESS PFnPE;1,04
RO;12020;SUCCESS PSnPE;0,15
RO;12023;MEGIC 240;247,00
RO;12037;;15,00
RO;12040;BORDOFLOW;1,00
RO;12043;;1,00
RO;12043;PREVICUR ENERGY;374,00
RO;12048;TIOSOL 80 WG;178,00
RO;12048;TIOSOL 80 WG PFnPE;6,50
RO;12067;CIPER;317,00
RO;12068;;10,00
RO;12068;TEFLUSTAR;14.884,00
RO;12068;TEFLUSTAR  PFnPE;24,00
RO;12068;TEFLUSTAR PFnPE;140,00
RO;12090;MICROSED GEO;13.060,00
RO;12096;;2.625,00
RO;12096;POLTIGLIA DISPERSS;21.927,00
RO;12100;;435,00
RO;12100;ASSET;3.427,00
RO;12113;VIRGO;2,00
RO;12114;;7,00
RO;12114;AUXIGER LG;152,00
RO;12115;BARRACUDA;108,00
RO;12133;JUVINAL GOLD;40,00
RO;12138;R6 ERRESEI TREVI;49,00
RO;12170;;145,00
RO;12170;HELIOCUIVRE;20,00
RO;12172;;6,00
RO;12174;V.I.P. FLOW;45,00
RO;12202;;33,00
RO;12212;;160,00
RO;12212;PENTHIUM EC;189,00
RO;12225;;48,69
RO;12225;TEPPEKI;139,04
RO;12225;TEPPEKI PFnPE;2,05
RO;12243;MANTIR DG;2.820,00
RO;12263;VONDOZEB DG;260,00
RO;12285;FORUM GOLD;54,00
RO;12315;ORTIVA HOBBY PFnPE;2,40
RO;12319;;11,00
RO;12319;KRONOS;87,00
RO;12323;VEBIZOLFO WG PFnPE;2,00
RO;12325;MESUROL M PLUS;50,50
RO;12325;MESUROL M PLUS PFnPE;220,50
RO;12344;VEBITHRIN 5 EC;20,10
RO;12344;VEBITHRIN 5 EC PFnPE;15,60
RO;12361;;4,00
RO;12361;ALGEDI;16,80
RO;12368;;2,50
RO;12368;CARPOSTOP;273,00
RO;12375;SUGAR 500 SC;4.699,00
RO;12376;FITAGIL;10,00
RO;12381;;8,00
RO;12383;;70,00
RO;12383;RIDOMIL GOLD MZ PEPITE;284,00
RO;12385;ARMETIL COBRE SC;5,00
RO;12395;;31,00
RO;12395;CUTRIL TOP;2.368,00
RO;12399;;1,00
RO;12437;;328,00
RO;12437;DELAN 70 WG;1.451,00
RO;12452;;260,00
RO;12452;EQUIP;2.981,00
RO;12452;EQUIP LT. 1;11,00
RO;12452;EQUIP LT. 5;10,00
RO;12453;;360,00
RO;12482;;1.645,00
RO;12482;LUMAX;22.890,00
RO;12489;DIFCOR 250;20,00
RO;12491;CIPERTHRIN PLUS;12,00
RO;12493;MANCOZEB PLUS 75 WG;25,00
RO;12504;FLOWBRIX;88,00
RO;12514;;55,00
RO;12514;VIPER;335,00
RO;12522;METRO;109,00
RO;12526;ALIETTE ORTO E GIARDINO PFnPE;12,25
RO;12534;;30,25
RO;12534;FOXTAIL;58,25
RO;12534;FOXTAIL  PFnPE;2,75
RO;12534;FOXTAIL PFnPE;4,60
RO;12538;;57,00
RO;12538;MYSTIC 25 WG;276,00
RO;12538;MYSTIC 25 WG KG. 1;31,00
RO;12540;;17,00
RO;12540;REGRAN EXTRA;24,00
RO;12566;PYGANIC 1.4;5,85
RO;12566;PYGANIC 1.4 PFnPE;2,55
RO;12568;SPRINTEX NEW L;3,25
RO;12573;;1,00
RO;12573;EKO OIL SPRAY;0,75
RO;12590;;1.260,00
RO;12590;DIASTAR MAXI;7.620,00
RO;12598;;38,15
RO;12598;GRANSTAR POWER SX;30,52
RO;12622;QUANTUM;18,00
RO;12622;QUANTUM PFnPE;4,00
RO;12627;DANADIM 400 ST;415,00
RO;12628;;74,00
RO;12628;SERENADE MAX;393,00
RO;12642;TRATON SX;10,38
RO;12647;GLITTER;145,00
RO;12654;;0,50
RO;12661;NEXOL 10 WG;189,00
RO;12662;METAFOL 700 SC;135,00
RO;12671;;24,80
RO;12671;HARMONY 50 SX;82,20
RO;12671;HARMONY 50 SX GR. 20;0,20
RO;12671;HARMONY 50 SX GR. 50;0,05
RO;12678;CERALL;400,00
RO;12692;;0,50
RO;12706;;4,65
RO;12706;PERMIT;0,15
RO;12722;;29,50
RO;12734;JUPITER R DF;8,00
RO;12737;AIRONE PIU';2.479,00
RO;12747;RAMETTE PFnPE;4,60
RO;12748;;99,00
RO;12756;DICOTEX;11,60
RO;12759;;300,00
RO;12759;OSSICLOR 35 WG;122,50
RO;12759;OSSICLOR 35 WG PFnPE;56,00
RO;12761;;14,00
RO;12768;SPINTOR FLY;1,00
RO;12770;;1,00
RO;12770;ALAR 85 GOLD;17,00
RO;12779;;444,00
RO;12779;RAMEDIT COMBI WG;52,00
RO;12784;;100,00
RO;12784;CERCOBIN WG;410,00
RO;12788;ADIGOR;50,00
RO;12790;IMPACT 250 SC;60,00
RO;12806;;343,00
RO;12806;FEDOR;1.577,00
RO;12813;;36,00
RO;12813;MIRADOR XTRA;1.684,00
RO;12828;;2,00
RO;12828;SITOFEX;40,00
RO;12837;;515,00
RO;12837;ARIUS SYSTEM PLUS;25,00
RO;12840;SUCCESSOR 600;115,00
RO;12844;CHECKMATE OFM-F;5,46
RO;12847;EAGLE;15,65
RO;12849;BEMPROP PRO LT. 1;2,00
RO;12849;BENPROP PRO;44,00
RO;12857;;8,50
RO;12857;PROREX;314,50
RO;12858;;1,00
RO;12859;;0,50
RO;12859;BORNEO;28,50
RO;12859;BORNEO PFnPE;0,36
RO;12862;;19,00
RO;12862;CANTUS;344,00
RO;12866;;7,00
RO;12866;COLLIS;52,00
RO;12868;;74,00
RO;12868;BELLIS;527,00
RO;12869;;418,00
RO;12869;SIGNUM;2.385,00
RO;12869;SIGNUM KG. 1;3,00
RO;12878;FOLPAN GOLD;1.049,00
RO;12883;PROSPER 300 CS;101,00
RO;12886;;115,00
RO;12886;KARATHANE STAR;289,00
RO;12888;;10,00
RO;12888;LEPINOX PLUS;157,00
RO;12904;BRAITEX;2,00
RO;12916;SACRON 45 W;17,00
RO;12916;SACRON 45 WG;35,00
RO;12924;JUPITER WG;18,00
RO;12933;;76,00
RO;12933;MOXYL 20 WP;48,00
RO;12940;;548,00
RO;12940;KARATE ZEON 1.5;1.978,00
RO;12960;STARPROP;19,00
RO;12961;;2,00
RO;12972;;2.440,00
RO;12972;GLYFOS DAKAR;19.530,00
RO;12994;VIVER ELITE WG;600,00
RO;13012;;50,00
RO;13018;GONDOR;10,00
RO;13020;MICRORAM 35 WG;6.279,25
RO;13025;MYSTIC 250 EW;26,00
RO;13049;SULCOGAN;39,00
RO;13061;;122,00
RO;13061;BIOBIT DF;31,00
RO;13062;;48,00
RO;13062;DIPEL DF;0,28
RO;13063;REGULEX 10 SG;1,30
RO;13064;VITENE ULTRA SC;71,00
RO;13065;DOMARK 125;1.326,00
RO;13076;BRAITEX  PRO;33,00
RO;13084;;16,00
RO;13084;TELDOR PLUS;45,20
RO;13084;TELDOR PLUS PFnPE;0,50
RO;13093;;622,00
RO;13093;STOMP AQUA;4.434,00
RO;13093;STOMP AQUA LT. 1;4,00
RO;13095;;2,00
RO;13095;DIRA-MAX LG;13,00
RO;13098;;56,00
RO;13098;ROUNDUP POWER 2.0;17.710,50
RO;13098;ROUNDUP POWER 2.0 lt. 20;300,00
RO;13098;ROUNDUP POWER 2.0 lt. 5;95,00
RO;13098;ROUNDUP POWER 2.0 PFnPE;859,50
RO;13098;ROUNDUP POWER 2.0 PFnPE LT. 0,500;56,00
RO;13104;ALGOR PLATIN;310,00
RO;13106;;2.036,00
RO;13108;CURAME BORDEAUX;270,50
RO;13108;CURAME BORDEAUX PFnPE;34,50
RO;13111;;2,00
RO;13111;THIOCUR FORTE;105,00
RO;13116;MEDOR 35 CLASS;80,00
RO;13120;;102,00
RO;13120;MYSTIC 430 SC;759,00
RO;13126;;1.096,00
RO;13126;CABRIO DUO;1.683,00
RO;13128;;15,00
RO;13128;GOLTIX 50 WG;586,00
RO;13138;SYSTHANE 2,5 EC PLUS;430,00
RO;13143;;402,00
RO;13143;MEZENE WG;397,00
RO;13149;;1.515,00
RO;13149;POLTIGLIA MANICA 20 WG;1.091,00
RO;13150;CURAME 25 WG;80,00
RO;13152;OPTIX R DISPERSS;72,00
RO;13153;BANVEL S;80,00
RO;13154;MONDAK 480 S;4,00
RO;13156;CAMBEL 480 S;1.061,00
RO;13158;REMEDIER;37,00
RO;13158;REMEDIER PFnPE;2,00
RO;13160;;95,00
RO;13160;FORUM TOP;10,00
RO;13167;POMARSOL 80 WG;130,00
RO;13168;;5.185,00
RO;13168;LAUDIS;9.043,00
RO;13168;LAUDIS LT. 1;29,00
RO;13168;LAUDIS LT. 5;20,00
RO;13186;;6,40
RO;13186;TITUS MAIS EXTRA;2,72
RO;13205;;100,00
RO;13211;ZOLFO VENTILATO SCORREVOLE 96%;250,00
RO;13213;;20,00
RO;13213;R6 ERRESEI ALBIS;328,00
RO;13218;;10,00
RO;13218;FINALSAN PLUS;460,00
RO;13225;;25,00
RO;13236;BULLET;296,00
RO;13242;NICOGAN V.O.;2.654,00
RO;13242;NICOGAN V.O. LT. 1;5,00
RO;13244;;25,00
RO;13244;ZOLFO VENTILATO STELLA;15,00
RO;13252;PLAYER 250 SC;67,00
RO;13254;PLAYER 25 WG;330,00
RO;13263;BORDORAM 20 WG PFnPE;3,50
RO;13267;IMPERO;60,00
RO;13285;;249,00
RO;13299;MAGIO';649,00
RO;13307;BERLINA;2,00
RO;13313;;20,00
RO;13313;CASPER;48,00
RO;13323;SULFY 80 WDG PFnPE;21,00
RO;13324;CUPRIZOL S;3,25
RO;13327;;128,40
RO;13327;GRANSTAR ULTRA SX;154,35
RO;13329;OMNEX 10 EC;134,00
RO;13332;VIP;2,00
RO;13335;DUPLOSAN KV;3,00
RO;13356;AGRIZOLE;1,00
RO;13361;DECIS ENERGY O-TEQ;1,00
RO;13367;DIVO;919,00
RO;13370;WARRANT 200 SL;81,00
RO;13378;ORTIVA TOP;4,00
RO;13382;;78,00
RO;13382;PERGADO SC;150,50
RO;13386;;108,00
RO;13386;PROSARO;5.893,00
RO;13387;;55,65
RO;13387;FLORAMIX;253,34
RO;13389;;1.023,00
RO;13389;AFFIRM;5.176,00
RO;13391;;667,00
RO;13391;CYTHRIN 50 EC;103,90
RO;13391;CYTHRIN 50 EC PFnPE;11,04
RO;13402;LUMA-KL;75,00
RO;13409;SILFUR WG;10,00
RO;13410;FRUTTENE 76 WG;3,00
RO;13447;HELMSTAR 75 WG;5,32
RO;13447;HELMSTAR 75 WG GR. 10;1,19
RO;13451;SPARVIERO;46,00
RO;13455;;8,00
RO;13455;ANTIGRAM GOLD;2.954,00
RO;13466;;170,00
RO;13466;SPOTLIGHT PLUS;561,00
RO;13468;CLINER;0,25
RO;13471;NICOZEA OD;83,00
RO;13472;ALIEN;7,00
RO;13486;JUDO;340,00
RO;13489;;342,50
RO;13489;CYMBAL;134,00
RO;13500;CIPREN 10 WG;0,40
RO;13540;QUASAR R FLOW;53,00
RO;13552;ZOLVIS 80 SECTOR;451,00
RO;13552;ZOLVIS 80 SECTOR PFnPE;218,50
RO;13560;FORZA;1.331,00
RO;13576;;49,50
RO;13576;RAMEPLANT WG;104,80
RO;13576;RAMEPLANT WG PFnPE;60,00
RO;13578;RAME CAFFARO BLU WG NEW;90,00
RO;13585;SOLOFOL;25,00
RO;13586;;13,50
RO;13586;VERDERAME 20 WG;12,00
RO;13586;VERDERAME 20 WG PFnPE;18,50
RO;13592;;1.135,00
RO;13592;VOLARE;177,00
RO;13635;POLTIGLIA 20 PB MANICA;157,00
RO;13639;ACRAMITE 480 SC;2,75
RO;13648;;2.479,00
RO;13648;SIARAM 20 WG;20,00
RO;13667;AFIDANE 200 SL;1,00
RO;13687;BURT;9,00
RO;13689;;8,50
RO;13689;FLINT MAX;19,00
RO;13691;TRIDAN COMBI T;20,00
RO;13693;BACILLUS CHEMIA;18,00
RO;13693;BACILLUS CHEMIA PFnPE;2,40
RO;13698;VIVANDO;49,00
RO;13700;ATLANTIS PRO;63,00
RO;13701;MAROX PRIME SX;9,00
RO;13701;RUBIN SX;0,20
RO;13709;U 46 PRATI;137,00
RO;13716;CAPTAN ARVESTA 80 WG;1.020,00
RO;13719;THIAMON 80 PLUS;1.600,00
RO;13736;;38,25
RO;13736;TRACE;228,75
RO;13736;TRACE LT. 0,750;12,75
RO;13741;;250,00
RO;13741;SELECTA DISPERSS;259,00
RO;13742;PERGADO MZ;10,00
RO;13753;GAL-GONE;249,00
RO;13765;SHERPA 100 EW;4,00
RO;13771;;239,00
RO;13771;NIMROD 250 EW;456,25
RO;13787;RIVIERA R;81,00
RO;13789;PRIMERO;278,00
RO;13792;STABILAN;37,00
RO;13794;;1.439,00
RO;13794;SPADA WDG;1.124,00
RO;13796;CELL;141,00
RO;13809;;12.080,00
RO;13809;FORCE ULTRA;18.710,00
RO;13812;NOTO 40 OD;2.588,00
RO;13815;TUTOR 18-15;2,20
RO;13820;BAYTEROID 25 EC;255,00
RO;13820;BAYTEROID 25 EC LT. 1;2,00
RO;13823;;46,00
RO;13823;ALVERDE;381,00
RO;13841;;2.240,00
RO;13841;FOCUS ULTRA;9.856,00
RO;13841;FOCUS ULTRA LT. 1;2,00
RO;13841;FOCUS ULTRA LT. 5;20,00
RO;13852;DIQUA;200,00
RO;13877;KITT PRONTO;2,50
RO;13885;;37,00
RO;13885;MICROCOPP NEUTRO FL;520,00
RO;13888;FANTIC F NC WG;39,00
RO;13905;;155,00
RO;13905;BANJO;961,00
RO;13913;ORIUS P;265,00
RO;13925;;0,50
RO;13926;SPONSOR;3,50
RO;13930;MARINS 200 CLASS;489,00
RO;13955;MITIGREEN;1.480,00
RO;13981;;225,40
RO;13981;CORAGEN;2.095,70
RO;13981;CORAGEN ML. 300;0,30
RO;13983;HUSSAR MAXX PRO;432,00
RO;13998;PYRUS 400 SC;115,00
RO;14005;;1.720,00
RO;14005;CLORTOSIP 500 SC;6.347,00
RO;14005;CLORTOSIP 500 SC *;55,00
RO;14005;CLORTOSIP 500 SC LT. 1;11,00
RO;14005;CLORTOSIP 500SC;165,00
RO;14021;BREK DUO;410,00
RO;14024;PERFIL 10 WP;3,50
RO;14058;;235,50
RO;14058;FEINZIN 70 DF;1.367,55
RO;14058;FEINZIN 70 DF GR. 250;3,75
RO;14061;TRIANUM-P;1,00
RO;14062;;37,00
RO;14062;ZOXIUM 240 SC;94,00
RO;14074;TRINEX 250 EW;0,50
RO;14077;;20,00
RO;14077;CHAMP 20 DF;18,00
RO;14093;ANTARKTIS;14,00
RO;14098;;1.950,00
RO;14099;ASPOR WDG;500,00
RO;14101;;2.809,00
RO;14101;CARAMBA;315,00
RO;14101;CARAMBA LT. 1;10,00
RO;14102;;490,00
RO;14102;BORDOFLOW NEW;100,00
RO;14107;MICROBAGNABILE SC;20,00
RO;14109;NICOSH;26,00
RO;14122;KATAR;313,00
RO;14134;FINY;4,70
RO;14135;GRENADIER 75 DF;0,24
RO;14136;OBERON;20,50
RO;14137;;88,00
RO;14137;ALTACOR;119,90
RO;14154;PIRETRO ACTIGREEN PFnPE;1,32
RO;14155;;350,00
RO;14156;;109,00
RO;14156;CURZATE R WG;178,00
RO;14164;TRIKA ZETA;30,00
RO;14165;;2.790,00
RO;14165;NANDO MAXI;2.576,00
RO;14166;;73,00
RO;14166;ZETOR;1.407,00
RO;14169;PERGADO R;100,00
RO;14178;TRI-BASE;34,00
RO;14182;;80,00
RO;14182;ARES 25 WG;3.553,00
RO;14182;ARES 25 WG KG. 1;6,00
RO;14193;SARMOX 45 DG;89,00
RO;14195;;501,00
RO;14195;KENDO WITH ZEON TECHNOLOGY;8,00
RO;14204;75A;2.909,00
RO;14208;;208,00
RO;14208;RELDAN LO;1.682,00
RO;14210;;12,00
RO;14210;EVURE;7,00
RO;14214;;12,00
RO;14214;RAPSAN 500 SC;236,00
RO;14232;CYTHRIN MAX;18,50
RO;14245;GOLEM;11,00
RO;14245;THIRAS;6,75
RO;14262;GREENEX NF;60,18
RO;14262;GREENEX NF PFnPE;1,69
RO;14273;NIFURON;9,00
RO;14281;BUCTRIL UNIVERSAL;8,00
RO;14290;KOHINOR 200 SL;3,08
RO;14294;;0,60
RO;14294;EXECUTIVE;2,70
RO;14323;;43,00
RO;14323;BELPROMEC;316,00
RO;14336;NEMATHORIN 150 EC;10,00
RO;14375;LION 5 EC;3.017,00
RO;14375;LION 5 EC LT. 1;2,00
RO;14375;LION 5 EC LT. 5;40,00
RO;14380;CLORMET;8,00
RO;14387;NERVURE SUPER;240,00
RO;14405;;25,00
RO;14405;MERLIN FLEXX;1.830,00
RO;14405;MERLIN FLEXX LT. 2;34,00
RO;14406;LEIMAY;13,50
RO;14407;RUNWAY;5,00
RO;14409;;148,00
RO;14409;MOVENTO 48 SC;3.864,00
RO;14414;;2,55
RO;14414;DUSTY PFnPE;31,20
RO;14418;PULSAR 40 SL;519,00
RO;14423;PRIMISOL 80 WDG;10,00
RO;14426;;50,00
RO;14426;GEODIS;325,00
RO;14431;;8,00
RO;14431;LENTAGRAN 45 WP;192,00
RO;14432;METRIC;97,00
RO;14472;PARTNER EC;722,00
RO;14479;;23.550,00
RO;14479;SCHERMO 0.5 G;41.840,00
RO;14523;CARPO 600;68,00
RO;14525;;7,00
RO;14543;;21,00
RO;14543;FLUIZOL;92,00
RO;14559;AGREE WG;176,00
RO;14575;TRIMMER SX;12,25
RO;14576;CUTRIL EVO;480,00
RO;14577;;180,00
RO;14577;FORUM R 3B;547,00
RO;14579;RAMIN 30 DF;93,00
RO;14582;FENGIB;5,00
RO;14636;;1.128,00
RO;14636;BIOLID UP;3.395,00
RO;14638;;520,00
RO;14638;NETOR;315,00
RO;14642;;516,00
RO;14642;RIDOMIL GOLD R WG;3.666,00
RO;14643;CENTIUM 36 CS;63,00
RO;14663;ACCEL 40 SG;0,10
RO;14664;;0,02
RO;14664;BERELEX 40 SG;37,73
RO;14683;GIB-BIO;1,55
RO;14684;;10,00
RO;14684;SUPERBO;4.856,00
RO;14685;;10,00
RO;14687;;83,00
RO;14687;QUAD-GLOB 200 SL;224,00
RO;14692;;57,00
RO;14697;;103,00
RO;14697;ENERVIN DUO;143,00
RO;14699;;11,00
RO;14699;GEOXE;224,50
RO;14728;CELIO;91,00
RO;14735;;42,00
RO;14735;RANMAN TOP;226,50
RO;14737;;1.250,00
RO;14737;ROUNDUP PLATINUM;26.920,50
RO;14737;ROUNDUP PLATINUM LT. 1;16,00
RO;14737;ROUNDUP PLATINUM LT. 15;150,00
RO;14737;ROUNDUP PLATINUM LT. 5;30,00
RO;14737;ROUNDUP PLATINUM PFnPE;622,50
RO;14739;DECIS PROTECT;24,00
RO;14739;DECIS PROTECT PFnPE;26,00
RO;14759;SULCOCAP;3,00
RO;14760;RASIKAL PRO PFnPE;143,50
RO;14764;SLUXX;27,50
RO;14765;ELUMIS;1.592,00
RO;14769;COMET 250 EC;702,00
RO;14772;BANDERA;105,00
RO;14785;DRISCOLL;5,93
RO;14785;DRISCOLL PFnPE;12,03
RO;14794;AVALON SC;909,00
RO;14799;AFLOR 200 SL;0,20
RO;14812;;79,00
RO;14812;ENERVIN TOP;25,00
RO;14815;;676,00
RO;14815;ADENGO;3.026,00
RO;14815;ADENGO LT. 2;8,00
RO;14819;VALIS M;483,00
RO;14830;CUPROFIX ULTRA DISPERSS;235,00
RO;14836;BARBARIAN BIOGRADE 360 PFnPE;219,00
RO;14837;GLIFOSAR FLASH;10.880,00
RO;14837;GLIFOSAR FLASH PFnPE;10,00
RO;14838;BARCLAY GALLUP BIOGRADE 360;1.160,00
RO;14845;;2,00
RO;14845;MYSTIC PLUS S;3,00
RO;14846;AVALON 250 EW;275,00
RO;14854;KARAMAT M;3,00
RO;14867;;1,00
RO;14867;SYNERO;17,00
RO;14872;;2,50
RO;14872;BELLIS DRUPACEE;106,00
RO;14876;;2,00
RO;14879;;4,65
RO;14879;LONTREL 72 SG;14,85
RO;14884;;99,00
RO;14884;CORUM;8.966,00
RO;14884;CORUM LT. 1;7,00
RO;14884;CORUM LT. 5;20,00
RO;14891;;340,00
RO;14891;TRICO;1,00
RO;14895;;3,00
RO;14895;LANNATE 20 SL;51,00
RO;14895;LANNATE 20SL;221,00
RO;14897;;229,00
RO;14897;FLUROSTAR 200;202,00
RO;14897;FLUROSTAR 200  LT. 1;3,00
RO;14898;POLECI;56,00
RO;14900;KENKIO;240,00
RO;14909;NURELLE 5;8,00
RO;14919;EMERALD 125 PFnPE;1,25
RO;14935;;1.555,00
RO;14935;TIMELINE TRIO;1.157,00
RO;14936;AMPLIGO;841,50
RO;14940;;10,50
RO;14940;TAKUMI;0,65
RO;14944;FLUXYR 200 EC;309,00
RO;14947;TRUSTEE 450 PFnPE;4,00
RO;14950;BONI PROTECT;3,00
RO;14967;TIPTOR ULTRA;1.000,00
RO;14972;DICARZOL 50 SP;83,00
RO;14974;BELEM 0.8 MG;672,00
RO;14986;;685,00
RO;14986;OPERA NEW;5.495,00
RO;15005;;43,00
RO;15005;FONTELIS;241,00
RO;15008;LBG - 01F34;32,00
RO;15013;NATRIA LUMACHICIDA;6,00
RO;15013;NATRIA LUMACHICIDA PFnPE;10,50
RO;15019;RIVIERA;8,00
RO;15020;CYFLUTREX;1.770,00
RO;15023;DERREX;80,00
RO;15024;;47,00
RO;15024;MESUROL 200 SC;846,00
RO;15034;;31,00
RO;15034;DICOPHAR;12,50
RO;15037;BREZZA;1,00
RO;15041;OPINION ECNA;13,50
RO;15047;R6 ERRESEI BORDEAUX WG;74,00
RO;15048;;40,00
RO;15049;;10,00
RO;15049;MODDUS;240,00
RO;15050;;5,00
RO;15050;VERTIMEC PRO;511,00
RO;15051;;2.920,00
RO;15051;KYLEO;10.282,00
RO;15052;KAIMO SORBIE;199,00
RO;15057;DICOTEX RTU;1,00
RO;15058;;11,88
RO;15058;PRINCIPAL MAIS;216,04
RO;15059;;85,00
RO;15059;DECIS EVO;2.058,75
RO;15059;DECIS EVO LT. 1;2,00
RO;15059;DECIS EVO ML. 250;1,00
RO;15062;;2,00
RO;15062;PIRAMAX  EC;11,00
RO;15063;NIMBLE;1,60
RO;15070;OS-169;19,00
RO;15071;;1,00
RO;15071;EVOLUTION;183,00
RO;15083;;150,00
RO;15093;;1.398,00
RO;15093;CENTURIO;476,00
RO;15096;GLIPHOGAN TOP CL;72,50
RO;15096;GLIPHOGAN TOP CL PFnPE;2.733,50
RO;15101;CIMORAM ULTRA WG;24,00
RO;15111;MIRADOR SC;102,00
RO;15115;;6,00
RO;15122;ACTELLIC 50 NEWPHARM;11,00
RO;15123;ALTAIR 2,5 EC;1,00
RO;15124;ZANTARA;1.212,00
RO;15125;;5,00
RO;15130;;4,00
RO;15130;INTREPID;169,00
RO;15142;ALCANCE SYNC TEC;1.890,00
RO;15168;;5,00
RO;15177;;133,00
RO;15181;CIRRUS CS;254,50
RO;15184;SATEL GEO;12,00
RO;15187;NAUTIUS;18,40
RO;15193;;1.260,00
RO;15193;CONTATTO PIU EXTRA;8,00
RO;15193;CONTATTO PIU' EXTRA;173,00
RO;15198;;90,00
RO;15198;AZBANY;530,00
RO;15198;AZBANY LT. 1;1,00
RO;15199;;202,00
RO;15199;SAKURA;650,00
RO;15200;QUALY;27,00
RO;15213;DEMETRINA FLOW PFnPE;1,50
RO;15221;ZETARAM PLUS;80,00
RO;15227;MESUROL EVOLUTION;0,35
RO;15227;MESUROL EVOLUTION PFnPE;1,05
RO;15229;;370,00
RO;15232;;40,00
RO;15232;AMISTAR ULTRA;1.201,00
RO;15235;;175,00
RO;15235;MOMENTUM;1.695,00
RO;15235;MOMENTUM PFnPE;21,00
RO;15237;CHIKARA DUO;5,00
RO;15251;AIRONE LIQUIDO;3.053,00
RO;15253;;2.136,00
RO;15264;ENERVIN SC;24,00
RO;15265;PROMAN FLOW;10,00
RO;15270;PROFELIS;0,24
RO;15288;OCEAL;18,00
RO;15289;SERENADE NATRIA;0,20
RO;15291;TURFENE PLUS;1,50
RO;15291;TURFENE PLUS   PFnPE;3,00
RO;15291;TURFENE PLUS PFnPE;40,40
RO;15293;MAVITA 250 EC;9,00
RO;15294;;484,00
RO;15302;;85,00
RO;15302;AMYLO-X;148,00
RO;15307;;623,00
RO;15307;DEDALUS 25 WDG;57,00
RO;15310;NISSHIN EXTRA 6 OD;2,00
RO;15317;;40,00
RO;15325;CORNER MZ WG;4,00
RO;15326;;2.020,00
RO;15330;PINDARUS 25 WDG;38,50
RO;15335;;5,00
RO;15335;U 46 ULTRA;225,00
RO;15337;EXPRESS;1,50
RO;15344;FILAN WG;141,00
RO;15346;;2,00
RO;15348;RIDOMIL GOLD R LIQUIDO;1.415,00
RO;15349;ARES 430 SC;1.372,00
RO;15349;ARES 430 SC LT. 1;2,00
RO;15350;MOXIL 5-68 WG;6,00
RO;15356;;24,00
RO;15356;SPHINX SC;1,00
RO;15358;ZOLFO FLOW MCT;10,50
RO;15358;ZOLFO FLOW MCT PFNPE;5,50
RO;15359;VITIL 8-64 WG;78,00
RO;15365;RAME ZOLFO FLOW MCT;4,00
RO;15370;;10.370,00
RO;15370;FURY GEO;16.850,00
RO;15371;;324,00
RO;15371;BELEM PROTEZIONE;432,00
RO;15378;;50,00
RO;15378;TRAXOS PRONTO 60;1.855,00
RO;15379;;123,75
RO;15379;AXIAL PRONTO 60;488,50
RO;15384;;52,00
RO;15384;LUNA EXPERIENCE;1.102,00
RO;15388;MEXIL ORO R WG;149,00
RO;15389;;2.170,00
RO;15392;QUANTUM MZ WDG;1,00
RO;15401;;400,00
RO;15401;TAIFUN MK CL;44.714,00
RO;15401;TAIFUN MK CL LT. 5;5,00
RO;15401;TAIFUN MK CL PFnPE;1.296,00
RO;15402;DELTASAP;4,00
RO;15405;SHAMAL MK PLUS CL;392,00
RO;15405;SHAMAL MK PLUS CL PFnPE;72,00
RO;15408;;66,00
RO;15409;DECISION;426,00
RO;15410;DECA;2,00
RO;15411;DISHA;12,00
RO;15416;;386,00
RO;15417;DITTO;3,50
RO;15419;ELECTIS R FLOW;50,00
RO;15420;;1.824,00
RO;15420;DIQUASH;260,00
RO;15433;ATLAS;4,00
RO;15438;SANMITE 10 SC;3,00
RO;15449;CIDELY;20,00
RO;15451;ELIOS WG TOP;125,00
RO;15452;PRO;5,00
RO;15455;TELDOR PLUS ORTO PFnPE;2,40
RO;15468;ACASTA;405,00
RO;15483;WISH;170,00
RO;15493;SIMUN 40 OD;114,00
RO;15496;AGTRIN 25 EC;259,00
RO;15497;KESHET 25 EC;35,00
RO;15499;SONG 70 WDG;72,50
RO;15501;QUIZ;92,00
RO;15505;;15,00
RO;15507;CREW SUPERB;505,00
RO;15513;OSSICLOR 35 WG GREEN;620,00
RO;15514;CUPRAVIT BLU 35 WG;38,70
RO;15514;CUPRAVIT BLU 35 WG PFnPE;26,00
RO;15515;POLTIGLIA 20 PB GREEN;635,00
RO;15534;PREVINT DUO;41,00
RO;15536;ANTAL;84,00
RO;15537;;10,00
RO;15546;;16,55
RO;15546;BIATHLON 4D;585,70
RO;15546;BIATHLON 4D GR. 100;0,50
RO;15546;BIATHLON 4D GR. 350;0,35
RO;15549;PROLECTUS 50 WG;75,00
RO;15550;;15,00
RO;15550;MERLIN FLEXX XTRA;173,00
RO;15553;;13,50
RO;15553;REGALIS PLUS;175,50
RO;15556;TERVIGO;105,00
RO;15562;BELURE-T;0,34
RO;15566;;108,00
RO;15566;VISION PLUS;848,00
RO;15573;;1,00
RO;15573;PROMESS SL;16,00
RO;15574;KARMA 85;395,00
RO;15580;ESTUDER;70,00
RO;15583;;79,00
RO;15583;PIRAT;389,00
RO;15587;;12,00
RO;15587;COSSACK PRO;194,00
RO;15591;;117,00
RO;15591;PREVINT TOP;220,00
RO;15596;;6,00
RO;15596;LASCAR;2,00
RO;15598;;184,00
RO;15598;CARPOVIRUSINE EVO 2;394,00
RO;15608;VERSAR;2,00
RO;15610;CYPERKILL 50 EC;42,00
RO;15612;;0,15
RO;15612;SEMPRA;2,85
RO;15618;FULLDINA 400 SC;10,00
RO;15621;BOTTO 50 EC;451,35
RO;15621;BOTTO 50 EC PFnPE;1,20
RO;15623;COSMOS 550 EC;22,00
RO;15626;;240,00
RO;15626;ORBIT 440 EC;72,00
RO;15627;PAPYRUS 400 SC;1,00
RO;15635;;292,00
RO;15635;ADENGO XTRA;1.149,00
RO;15635;ADENGO XTRA ML 0,500;8,00
RO;15640;;3,00
RO;15640;PROLINE STAR;479,00
RO;15654;ACCORD;353,00
RO;15663;CUPRAVIT 35 WG;40,00
RO;15664;KORING 25 WG;10,00
RO;15668;;31,50
RO;15668;GHIBLI 240 OD;8,50
RO;15680;MITHRA 40 SC;5,00
RO;15689;;289,00
RO;15689;DIFENZONE;385,00
RO;15690;ALIAL RAMATO;36,00
RO;15694;DINAL;2,00
RO;15710;;35,00
RO;15710;CLINCHER ONE;675,00
RO;15711;;4,00
RO;15711;ALSYSTIN;190,50
RO;15713;DIABLO SC;0,40
RO;15713;DIABLO SC  PFnPE;0,40
RO;15718;;7,40
RO;15722;;10,00
RO;15722;ARMICARB 85;10,00
RO;15738;;3,00
RO;15741;;170,00
RO;15741;AVADEX FACTOR;750,00
RO;15748;;253,00
RO;15748;SYLLIT 544 SC;52,00
RO;15751;;34,00
RO;15751;VITENE TRIPLO R PFnPE;14,50
RO;15752;CIDELY TOP;56,00
RO;15753;PYXIDES DUO;680,00
RO;15758;;1,00
RO;15779;ABANTO;0,08
RO;15780;OSSICLOR 50 PB GREEN;1.920,00
RO;15829;RAJAH;12,00
RO;15831;VACCIPLANT;30,00
RO;15834;TRACER 120;901,00
RO;15838;ROUNDUP ULTRAMAX;1.350,00
RO;15839;;14,00
RO;15842;;42,00
RO;15842;AFICIONADO;258,00
RO;15843;ZOLEX 250;95,00
RO;15844;;20,00
RO;15845;ARAGON;619,00
RO;15847;MAKURI;233,75
RO;15856;AZAKA;59,00
RO;15859;KATANGA EXPRESS;362,00
RO;15864;MONDARE PIU';200,00
RO;15874;LAIZOX;263,00
RO;15877;CONSENTO SC;124,00
RO;15882;;20,00
RO;15882;ATILLA;420,00
RO;15886;;40,00
RO;15886;METAREX INOV;375,00
RO;15890;CURZATE 60 WG;42,40
RO;15891;BLAISE;1.304,00
RO;15897;ALFIL WG;130,00
RO;15899;;195,00
RO;15900;;4.670,00
RO;15900;TRIKA EXPERT;47.409,00
RO;15901;ERCOLE;1.953,00
RO;15901;ERCOLE KG. 10;630,00
RO;15901;ERCOLE PFnPE;66,50
RO;15907;;41,00
RO;15907;PRESIDIUM ONE;1.112,00
RO;15907;PRESIDIUM ONE PFnPE;6,60
RO;15911;SPIROX;57,00
RO;15915;;44,00
RO;15915;STARANE HD;4,00
RO;15924;RUSTLER;2,00
RO;15926;MOJANG 600;80,00
RO;15932;AXIENDO CONCENTRATO;0,60
RO;15948;SINSAJO;99,00
RO;15949;;5,00
RO;15949;PROMEX;148,00
RO;15961;;32,00
RO;15965;BORDER;255,00
RO;15975;HIATUS;2,80
RO;15983;KUKAR;1.085,00
RO;15984;;20,00
RO;15984;SUNDEK;842,00
RO;15989;COMRADE;816,00
RO;15990;;5,10
RO;15990;SCIROCCO 125 EW;19,50
RO;15990;SCIROCCO 125 EW PFnPE;9,50
RO;15996;;40,00
RO;15996;PATRIOT DRY;58,00
RO;16000;MINUET GR;3,75
RO;16004;KORING 430 SC;3,00
RO;16010;ACRUX 10 WP;8,50
RO;16023;DIMBO 480 SL;140,00
RO;16028;TRIBE 75 WG;0,09
RO;16031;LUNA DEVOTION;1,00
RO;16032;;13,00
RO;16033;HEREU SC;24,00
RO;16037;MOJANG TX;1.365,00
RO;16038;CABRIO WG;4,00
RO;16041;BATTLE DELTA;81,00
RO;16042;TOSCANA;12,25
RO;16051;LENNS;103,50
RO;16054;;19,00
RO;16063;ARIGO;9,51
RO;16065;SERRATE;139,00
RO;16071;;91,00
RO;16071;MESOZIN 70 WG;399,25
RO;16074;GLORIAL 25 EC;1,00
RO;16075;AGHERUD M;27,00
RO;16076;MITIGREEN FULL;106,00
RO;16084;BREVIS;23,50
RO;16085;TRIMUR;13,36
RO;16086;NEMGUARD GRANULES;10,00
RO;16089;BUGUIS;1.103,00
RO;16092;CICLOPE;27,00
RO;16098;;543,25
RO;16099;SINIS 70 DF;64,75
RO;16101;TOPAS COMBI LIQUIDO;67,00
RO;16104;ELECTIS TRIO WDG;254,50
RO;16114;;6,00
RO;16117;SERBY;9,50
RO;16117;SERBY PFnPE;12,00
RO;16124;;3,00
RO;16126;FLANCO SC  PFnPE;0,80
RO;16131;POTTOK;0,80
RO;16132;;75,60
RO;16136;LUMA-GOLD;2,25
RO;16136;LUMA-GOLD PFnPE;13,25
RO;16137;OSIRIS;9.165,00
RO;16139;;1.249,00
RO;16139;SEGURIS XTRA;246,00
RO;16149;;26,00
RO;16157;ATLANTIS FLEX;30,00
RO;16166;POKER MAX;8.613,50
RO;16170;TRICUP FLO;21,00
RO;16170;TRICUP FLOW;545,00
RO;16171;HADDEN;35,80
RO;16172;;40,00
RO;16172;CAL-EX 1,9 EW;147,00
RO;16182;CLICK PRO;243,00
RO;16188;MEDIATOR PLUS;28,00
RO;16191;;119,00
RO;16191;TRIMAXX;865,00
RO;16205;IDROX 20;480,00
RO;16208;CLEANCLASTER;40,00
RO;16210;ZETARAM HI TECH;100,00
RO;16221;;22,40
RO;16221;MADEX TOP;9,60
RO;16227;FOLPAN COMBI;110,00
RO;16229;RAM CYM 44 WG;345,00
RO;16232;MINERVE;59,20
RO;16251;;42,00
RO;16251;AFFIRM OPTI;343,00
RO;16252;AMISTAR GOLD;10,00
RO;16255;PANTOX MAX;35,00
RO;16273;;37,00
RO;16273;SIVANTO PRIME;146,00
RO;16277;ALMADA 50 SC;5,00
RO;16279;;1.780,00
RO;16279;ERCOLE GR;8.200,00
RO;16283;QUANTUM R-OK;347,00
RO;16285;;1.151,00
RO;16285;KALIMBA;277,00
RO;16287;SOLIGOR;2.244,00
RO;16290;AMADEUS ULTRA;11,17
RO;16293;;3,00
RO;16293;PACLOT NEW;118,00
RO;16297;;9,00
RO;16298;MOLLER HI BIO;460,00
RO;16299;;3.162,00
RO;16305;BONZI;3,00
RO;16313;OMNERA   LQM;407,00
RO;16314;;5,00
RO;16314;ZOXIS 250 SC;107,00
RO;16315;RADAR HP;6,50
RO;16318;;46,00
RO;16318;REFLECT;271,00
RO;16321;PENDIPHAR;8,00
RO;16322;PENNY;210,00
RO;16325;;1.051,00
RO;16325;EPIK SL;5.412,35
RO;16325;EPIK SL PFnPE;3,17
RO;16335;LIETO SC;828,00
RO;16335;LIETO SC PFnPE;10,00
RO;16336;DELAN SC;448,00
RO;16353;SIRAZOL;54,25
RO;16363;;177,60
RO;16363;SIRTAKI;929,70
RO;16363;SIRTAKI ML. 300;1,50
RO;16364;;1.097,00
RO;16364;BISMARK;4.086,00
RO;16369;ORTIVA TOP SC;289,00
RO;16379;;310,00
RO;16379;PREV-AM PLUS;581,00
RO;16384;;975,00
RO;16384;ELATUS ERA;1.526,00
RO;16387;SILGLIF CL PLUS;140,00
RO;16395;MOHICAN 500 SC;41,00
RO;16396;TEMSA 100;196,00
RO;16399;DECIS 15 EW HOBBY;3,64
RO;16399;DECIS 15 EW HOBBY PFnPE;51,20
RO;16402;ENVIROMITE FL;5,75
RO;16413;SEQUAT;30,00
RO;16415;;1,40
RO;16415;MADEX TWIN;1,80
RO;16416;FENOTRIX 300 SC;517,00
RO;16417;;11,00
RO;16420;EXPEDIENT 10 EC;306,00
RO;16431;PREVICUR ENERGY ORTO PFnPE;2,35
RO;16434;OLIOCIN NATRIA PFnPE;22,00
RO;16438;;8,50
RO;16438;VELUM PRIME;104,00
RO;16444;DIXIE MAIS;194,40
RO;16457;POLTIGLIA 20 WG GREEN;720,00
RO;16458;OSSICLOR 30 GREEN;460,00
RO;16459;SOLEIL 50 WG;6,50
RO;16460;VELIERO 500 EC;4,00
RO;16465;HARASS;7,36
RO;16465;HARASS GR. 25;0,05
RO;16465;HARRAS;0,05
RO;16472;;8,00
RO;16477;RIVAL;2,00
RO;16480;3LOGY;256,00
RO;16481;;671,70
RO;16483;TEMIDE 50 WG;5,50
RO;16485;;4,00
RO;16485;ROMULAN;20,00
RO;16490;GEMINI GEO;250,00
RO;16492;VASCO;49,00
RO;16497;DECIS PROTECT EW PFnPE;22,00
RO;16498;;75,00
RO;16498;CETUS 360 CS;211,00
RO;16503;BINARY T;635,00
RO;16509;IBISCO;9,00
RO;16514;CIPROXY;23,00
RO;16517;KISHAR;146,00
RO;16517;KISHAR LT. 1;42,00
RO;16517;KISHAR LT. 5;20,00
RO;16519;REMBO' 10 EC;5,00
RO;16527;TELLUS WP;11,00
RO;16529;ZERMAT SC;504,00
RO;16534;TIXAL R SC;24,00
RO;16535;TEMIDE MZ;1,00
RO;16538;KITAMBA;100,00
RO;16541;ARYSOIL;8.640,00
RO;16557;;5,00
RO;16557;AKUNA;16,00
RO;16561;RIKALI;733,00
RO;16562;;40,00
RO;16562;DELAN PRO;510,00
RO;16564;MEXIRAM TRI HI BIO;140,00
RO;16565;EXECUTIVE GOLD;13,80
RO;16566;KUPPER 20 WG;210,00
RO;16567;;223,00
RO;16570;;4,00
RO;16570;SENCOR 600 SC;53,00
RO;16575;TRIMMER 50 WG;4,26
RO;16577;;212,00
RO;16577;U46 COMBI DUO;642,00
RO;16578;MELODY COMPACT WG;38,00
RO;16615;;48,00
RO;16615;RUFAST ADVANCE;137,00
RO;16616;;564,00
RO;16616;VALLEY;1.375,00
RO;16632;;4,50
RO;16632;LUNA SENSATION;7,50
RO;16635;SEGURIS ERA;664,00
RO;16640;MAZA 4% SL;47,00
RO;16647;;320,00
RO;16647;TAG PRO;1.275,00
RO;16654;POLYVERSUM;18,50
RO;16657;CENTURY PRO;180,00
RO;16658;;179,00
RO;16658;DAGONIS;555,00
RO;16674;PROCEED;632,00
RO;16690;;65,75
RO;16690;KESTREL;187,25
RO;16698;BEYOND PLUS;15,00
RO;16699;;18,70
RO;16699;RIMURON;0,20
RO;16703;;31,00
RO;16703;SPADA 50 WG;1.332,00
RO;16732;;18,00
RO;16732;TUSAL;90,00
RO;16737;;7,00
RO;16737;PISON;270,00
RO;16744;JOYSTICK;2,40
RO;16755;DANEVA;242,00
RO;16776;ASSET FIVE;201,00
RO;16778;EVORELLE EXPRESS;0,15
RO;16779;TONALE;648,00
RO;16780;SERENADE ASO;20,00
RO;16781;;103,00
RO;16781;CYMBAL 35 WG;16,00
RO;16784;TRIBA 30 WG;40,00
RO;16787;;32.278,00
RO;16787;CLINIC ST;2.074,00
RO;16792;PROFILE PLUS;15,00
RO;16793;NIMBUS 250 EC;41,00
RO;16796;JOICE 55 D;153,00
RO;16802;ZYPAR;1.991,00
RO;16808;NEXT;80,00
RO;16827;MAISOT;295,00
RO;16828;MAKURI MAX;13,50
RO;16830;;4.460,00
RO;16830;FANDANGO 360 TF;15.110,00
RO;16831;GLIFENE BIOGRADE;3.360,00
RO;16833;PANTOX 360 SUPER;7.949,00
RO;16833;PANTOX 360 SUPER PFnPE;238,50
RO;16835;RAVANE PLUS 100 CS;11,00
RO;16836;STALLION IT SYNC;810,00
RO;16841;;30,00
RO;16842;CUPRAVIT BIO ADVANCED;10,00
RO;16843;;100,00
RO;16857;SHORTTRACK;35,00
RO;16867;GLISTER STAR;2.728,00
RO;16870;DISCO;4,00
RO;16886;;32,00
RO;16886;CLOSER;215,22
RO;16886;CLOSER PFnPE;1,48
RO;16890;WEEDMASTER 540;460,00
RO;16895;;130,95
RO;16895;ZORVEC ENICADE;39,90
RO;16896;;16,40
RO;16896;ZORVEC ZELAVIN;39,40
RO;16902;AVIATOR XPRO;811,00
RO;16904;;728,00
RO;16904;KIDEKA 100 SC;556,00
RO;16917;LOGRADO PLUS;375,00
RO;16922;ABINE;708,00
RO;16945;;180,80
RO;16945;SERCADIS;418,96
RO;16952;DIRIMAL;15,00
RO;16954;;522,00
RO;16963;AVENOX 240;14,00
RO;16966;BILO 50 GR;90,00
RO;16968;PENDINOVA;88,00
RO;16976;;25,00
RO;16976;VITIKAPPA;695,00
RO;16988;NAIF;1.190,00
RO;16991;ROSATE 360 TF;4.040,00
RO;16991;ROSATE 360 TF LT. 20;40,00
RO;17003;;3,00
RO;17003;PRIAXOR;901,00
RO;17006;MONCUT;9,00
RO;17007;ERADICOAT;35,00
RO;17010;TIXAL TRI;10,00
RO;17014;;2,00
RO;17014;DELEGATE WDG;107,00
RO;17018;GEOTOX 5 C;10,00
RO;17019;AIRONE L BLU;70,00
RO;17020;NORIOS;1.035,00
RO;17023;RIVIERA R WG;93,00
RO;17024;;1.046,00
RO;17058;;31,00
RO;17058;ROMEO;183,00
RO;17060;DERBY;32,00
RO;17072;;2.112,00
RO;17072;DIREX 50 GR;1.102,00
RO;17072;DIREX 50 GR PFnPE;466,05
RO;17075;;46,88
RO;17075;MOVIDA;55,63
RO;17076;GAZELLE;1.148,00
RO;17078;;114,00
RO;17078;QUANTUM L;363,00
RO;17079;;7.190,00
RO;17079;FORCE EVO;5.930,00
RO;17081;CUPROSSIL IDRO NEW 20 WG;278,00
RO;17091;CHAMP 20 WG;50,00
RO;17092;FAXER EC;55,00
RO;17093;MOSAIKO MICRO FLOW;50,00
RO;17094;;254,00
RO;17094;ACTIVUS EKO;195,00
RO;17094;ACTIVUS EKO LT. 1;5,00
RO;17094;ACTIVUS EKO LT. 5;20,00
RO;17099;ZAKEO 250 SC;200,00
RO;17108;FEUDO 500 SC;9,00
RO;17111;FLOVINE;135,00
RO;17112;;9,00
RO;17115;;520,00
RO;17115;ZETROLA;552,00
RO;17116;ACTIVUS ME;66,00
RO;17117;MITOR;93,00
RO;17137;VYDATE 10G;50,00
RO;17141;SELECTRUM;520,00
RO;17163;ALMADA MZ;550,00
RO;17178;TOTAL GREEN L;365,00
RO;17179;PPZ-400;386,00
RO;17205;CIDIAL;84,00
RO;17234;MAYA 70 WG;52,50
RO;17236;;3,00
RO;17236;GALILEO STAR;522,00
RO;17261;POKER GEO;4.890,00
RO;17264;ZOLFO LIQUIDO 80 SC;1.700,00
RO;17265;FILDER 500 SC;35,00
RO;17268;KUKI 70;32,00
RO;17275;NOTO CLASS;111,00
RO;17285;COSMOS 440 EC;12,00
RO;17332;HANUKYS;15,00
RO;17340;APHOX 50;37,00
RO;17346;EXOSET 240 EC;924,00
RO;17360;MAGO;60,00
RO;17361;;23.575,00
RO;17361;D-D SOIL XI;8.990,00
RO;17362;DIGEO XI;180,00
RO;17363;GEOCLEAN NEMA;4.020,00
RO;17364;;26.200,00
RO;17364;TELONE II 2019;18.920,00
RO;17378;;3,60
RO;17378;GACHINKO;150,60
RO;17416;EXALT 2019;80,00
RO;17424;;15.350,00
RO;17424;AF-X1 2019;3.344,03
RO;17431;VERIMARK 2019;10,00
TV;13;;12.550,00
TV;13;THIIOPRON;1.820,00
TV;13;THIOPRON;69.620,00
TV;13;THIOPRON ZOLFO X10;470,00
TV;17;;2,00
TV;17;U 46 COMBI FLUID;106,00
TV;133;U 46 D-FLUID;196,00
TV;189;;600,00
TV;206;ALBENE;56,00
TV;449;;45,00
TV;449;MOCAP;45,00
TV;449;MOCAP KG 15;60,00
TV;599;;15,00
TV;599;ACUPRICO 76 WG;1.215,00
TV;599;ACUPRICO 76 WG KG 5;20,00
TV;599;ACUPRICO 76 WG KG. 1;5,00
TV;630;;440,00
TV;630;REGLONE W;359,00
TV;630;REGLONE W LT 5;20,00
TV;909;;825,00
TV;909;POLISOLFURO DI CALCIO POLISENIO;875,00
TV;1155;;227,00
TV;1155;CHEMOL 90 EL;1,00
TV;1155;CHEMOL 90 EL PFnPE;10,00
TV;1156;;335,00
TV;1156;CHEMOL;1.750,00
TV;1156;CHEMOL L5;20,00
TV;1156;CHEMOL LT 25;175,00
TV;1156;CHEMOL LT 5;90,00
TV;1156;CHEMOL OLIO MINERALE DA 1 LT;3,00
TV;1156;CHEMOL PFnPE;42,00
TV;1562;ERBITOX M PRO;10,00
TV;1573;BASAMID GRANULAT;1.300,00
TV;1573;BASAMID GRANULAT KG 20;200,00
TV;1583;;85.927,00
TV;1583;MICROTHIOL DISPERSS;213.023,00
TV;1583;MICROTHIOL DISPERSS KG 15;600,00
TV;1583;MICROTHIOL DISPERSS KG 25;1.075,00
TV;1714;;207,00
TV;1714;KERB 80 EDF;665,00
TV;1714;KERB 80 EDF KG. 1;4,00
TV;1850;IDRORAME FLOW;2.961,00
TV;1850;IDRORAME FLOW PFnPe;54,00
TV;1903;SULFURENE;250,00
TV;1936;;200,00
TV;1936;LIQUIZOL M;600,00
TV;2191;WETTING PLUS;56,00
TV;2249;MALERBANE PRATI 400;74,00
TV;2259;PASTA LUMACHICIDA IN GRANI;140,70
TV;2272;SILLIM;54,50
TV;2272;SILLIM PFnPE;164,50
TV;2307;VECTOR;6.824,00
TV;2353;;24,00
TV;2353;BONALAN;2.117,00
TV;2353;BONALAN 1 KG;8,00
TV;2353;BONALAN LT 5;45,00
TV;2353;BONALAN LT. 5;25,00
TV;2518;;1,80
TV;2518;ACTELLIC 2P;3,10
TV;2732;;99,00
TV;2732;GOLTIX;475,00
TV;2923;;1.814,00
TV;2923;TIOVIT JET;64.334,00
TV;2923;TIOVIT JET DA 1 KG;552,00
TV;2923;TIOVIT JET DA 10 KG;1.270,00
TV;2923;TIOVIT JET KG 25;150,00
TV;2995;;55,50
TV;2995;ESCARTOX;428,50
TV;2995;ESCARTOX PFnPE;153,00
TV;2995;LUMACHICIDA META ESCARTOX;165,00
TV;2995;LUMACHIDA META KG. 5;20,00
TV;2995;ZAPI LUMACHICIDA ESCARTOX KG. 5;10,00
TV;3065;OLIOCIN;315,50
TV;3065;OLIOCIN PFnPE;76,25
TV;3082;OLEOTER ESTATE;13,25
TV;3102;;213,00
TV;3102;OLEOTER;3.471,45
TV;3102;OLEOTER 5 LT;50,00
TV;3102;OLEOTER DA 5 LT;15,00
TV;3102;OLEOTER LT 0,5;12,00
TV;3102;OLEOTER LT 25;25,00
TV;3102;OLEOTER LT 5;20,00
TV;3102;OLEOTER LT. 1;17,00
TV;3102;OLEOTER PFnPE DA ,0500 LITRI;36,00
TV;3126;CUPRIZOL;18,00
TV;3132;SEPR-OIL;22,00
TV;3132;SEPR-OIL LT 1;36,00
TV;3132;SEPR-OIL PFnPE;27,50
TV;3219;;49,00
TV;3219;CARAKOL AGRO;1.027,00
TV;3219;CARAKOL AGRO PFnPE;2.447,00
TV;3219;CARAKOL AGRO PFnPE DA 1 KG;30,00
TV;3343;U46 M CLASS;73,00
TV;3412;SYLLIT 65;35,00
TV;3468;;4,00
TV;3468;DACOL L 40;5,00
TV;3468;DACOL L 40 ST;44,00
TV;3468;DACOL ST L 40;10,00
TV;3503;;180,00
TV;3503;AGRUMIN;1.274,00
TV;3503;AGRUMIN LT 20;40,00
TV;3503;AGRUMIN LT 5;10,00
TV;3553;;304,00
TV;3553;CURZATE;924,00
TV;3555;CURZATE M;460,00
TV;3555;CURZATE M COLORED DA 1 KG.;20,00
TV;3555;CURZATE M COLORED DA 10 KG;40,00
TV;3640;;50,00
TV;3640;CUPROSTAR;873,00
TV;3658;SIPCAMOL E;10,50
TV;3754;;8,00
TV;3754;BAGNANTE SARIAF;735,00
TV;3754;BAGNANTE SARIAF LITRI;52,00
TV;3754;BAGNANTE SARIAF LT 5;20,00
TV;3754;BAGNANTE SARIAF LT. 1;11,00
TV;3767;;14,00
TV;3767;FENOXILENE 200;126,00
TV;3793;DITHANE M-45;54,00
TV;3793;DITHANE M-45 DA 1 KG;11,00
TV;3800;CRITTAM WG;1.194,00
TV;3817;DISERBONE KN;17,00
TV;4012;;123,00
TV;4012;RELDAN 22;455,25
TV;4012;RELDAN 22 DA 5 LT;5,00
TV;4199;;4.886,00
TV;4199;PENNCOZEB DG;8.504,00
TV;4199;PENNCOZEB DG DA 10 KG;10,00
TV;4228;ROGOR 400 ST;20,00
TV;4326;ROGOR L;1,00
TV;4326;ROGOR L 40;14,00
TV;4426;DECIS;1,25
TV;4552;;1.721,00
TV;4552;DITHANE DG NEOTEC;17.407,00
TV;4552;DITHANE DG NEOTEC DA 25 KG;80,00
TV;4701;PIRIMOR 50;85,00
TV;4710;ALIETTE;1.117,50
TV;4710;ALIETTE PFnPE;146,80
TV;4710;ALIETTE WG 80 ML 250;9,50
TV;4896;;0,20
TV;4896;RIGENAL P;0,50
TV;4896;RIGENAL P PFnPE;3,40
TV;5152;TIOSPOR WG;21.428,00
TV;5152;TIOSPOR WG PFnPE;34,00
TV;5228;CARAKOL PFnPE;39,50
TV;5282;GIBAIFAR;0,25
TV;5299;;123,50
TV;5299;MIBIOL;217,25
TV;5299;MIBIOL PFnPE;190,75
TV;5381;MANCOZEB PLUS 80 WP;425,00
TV;5414;RADICANTE POLVERE TALEE LEGNOSE;1,00
TV;5414;RADICANTE POLVERE TALEE LEGNOSE PFn;3,00
TV;5467;METADENE;157,00
TV;5574;LUMAKIDIN 5G;379,00
TV;5574;LUMAKIDIN 5G PFnPE;859,00
TV;5574;LUMAKIDIN 5G PFnPE DA 1 KG;36,00
TV;5755;;5,00
TV;6001;BETAFIL FL;15,00
TV;6136;GERMON L;17,00
TV;6166;GERMON E;17,30
TV;6298;FASTAC;23,00
TV;6321;STIMOLANTE 66F;48,00
TV;6322;OBSTHORMON 24A;8,00
TV;6324;;4,00
TV;6389;DUECI-FITO RADICANTE PFnPE;1,95
TV;6401;MONDAK 21 S;19,00
TV;6437;ETHREL;8,00
TV;6438;BI-FEN;6,00
TV;6556;K-OBIOL DP2;172,00
TV;6556;K-OBIOL DP2 1 KG;10,00
TV;6704;TIOLENE 80 WG;4.187,00
TV;6704;TIOLENE 80 WG KG 10;10,00
TV;6751;RASEN FLORANID PFnPE;21,00
TV;6834;TEPETA COMBI FLOW;7.235,00
TV;6873;;80,00
TV;6873;IDRORAME 193;1.972,00
TV;6873;IDRORAME 193 LT 5;5,00
TV;6945;TOPAS 10 EC;155,25
TV;6956;TARGA FLO;5,00
TV;6978;BETTER 400;90,00
TV;7020;;2,00
TV;7020;BAGNANTE CIFO;2.626,20
TV;7053;PASTA CAFFARO NC;1.808,50
TV;7055;PASTA CAFFARO BLU;376,00
TV;7055;PASTA CAFFARO BLU PFnPE;53,50
TV;7101;LIMAVAL;5,00
TV;7101;LIMAVAL PFnPE;102,00
TV;7368;;7,00
TV;7368;TURFENE L;555,00
TV;7368;TURFENE L LT 1;4,00
TV;7369;SYLLIT FLO;16,10
TV;7369;SYLLIT FLOW;0,25
TV;7379;;2,00
TV;7379;VENZAR;26,00
TV;7401;;10,00
TV;7401;POLTIGLIA CAFFARO 20 DF NEW;319,00
TV;7401;POLTIGLIA CAFFARO 20 DF NEW KG. 1;16,00
TV;7401;POLTIGLIA CAFFARO 20 DF NEW PFnPE;50,00
TV;7454;ORMONE AG COMPRESSE;0,05
TV;7541;;1,00
TV;7541;APOLLO SC;11,15
TV;7541;APOLLO SC PFnPE;0,15
TV;7555;KLARTAN 20 EW;12,33
TV;7555;KLARTAN 20 EW DA 1 LT;20,00
TV;7555;KLARTAN 20 EW PFnPE;1,20
TV;7608;DASKOR 440 EC;139,00
TV;7608;DASKOR 440 EC LT. 1;1,00
TV;7611;;1.406,00
TV;7611;ENOVIT METIL 5 LT;25,00
TV;7611;ENOVIT METIL FL;9.639,00
TV;7611;ENOVIT METIL FL LT 1;5,00
TV;7611;ENOVIT METIL FL LT 5;20,00
TV;7611;ENOVIT METIL FL X5;25,00
TV;7611;ENOVIT METIL LT 1;5,00
TV;7700;;15,00
TV;7700;MATACAR FL;151,80
TV;7736;ZOLFO SCORREVOLE TRIVENTILATO 95% S;1.350,00
TV;7737;;1.675,00
TV;7764;;953,00
TV;7764;TIOLENE;24.832,70
TV;7764;TIOLENE SC X20;900,00
TV;7864;TAU AL 240 EW;1,02
TV;7876;PIRIMOR 17,5;6,12
TV;7911;AIRONE EXTRA;10.098,00
TV;7911;AIRONE EXTRA 10KG;10,00
TV;7911;AIRONE EXTRA DA 1 LT;21,00
TV;7916;;8.930,00
TV;7916;POLYRAM DF;90.630,00
TV;7916;POLYRAM DF 10 KG;110,00
TV;7916;POLYRAM DF 2 KG;4,00
TV;7916;POLYRAM DF DA 10 KG;80,00
TV;7916;POLYRAM DF DA 2 KG;134,00
TV;7916;POLYRAM DF DA 25 KG;25,00
TV;7916;POLYRAM DF KG 10;170,00
TV;7916;POLYRAM DF KG 25;50,00
TV;7916;POLYRAM DF X10;120,00
TV;7916;POLYRAM DF X25;225,00
TV;7919;;220,00
TV;7919;TOUCHDOWN;2.574,00
TV;7922;OPALENE;2.280,00
TV;7922;OPALENE PFnPe;6,50
TV;7943;STARANE;7,00
TV;7958;;47,00
TV;7958;RONSTAR  FL;9,00
TV;7958;RONSTAR FL;156,00
TV;7961;;1,00
TV;7961;RIZOLEX  GOLD;52,00
TV;7965;TRIGARD 75 WP;1,50
TV;7984;STRATOS;2,00
TV;8001;AGRO-PYR PFnPE;8,54
TV;8023;SUMIALFA ECHO;28,00
TV;8028;CALARIS;17,00
TV;8102;;102,00
TV;8102;MERPAN 80 WDG;781,00
TV;8117;;2.350,00
TV;8117;BASTA 200;475,00
TV;8117;BASTA 200 5 LT.;20,00
TV;8117;BASTA 200 LT 5;15,00
TV;8139;;6,00
TV;8146;;52,50
TV;8146;GALLERY;271,00
TV;8155;CATOR;17,00
TV;8184;;161,00
TV;8184;CHALLENGE;271,00
TV;8189;LEBRON 0,5 G;10,00
TV;8229;;5,60
TV;8229;RAPAX;29,65
TV;8259;;54,00
TV;8259;LAMDEX EXTRA;58,00
TV;8320;DELFIN;16,00
TV;8351;Z.M. 75 DG;100,00
TV;8376;ARIANE II;68,00
TV;8376;ARIANE II LT 5;40,00
TV;8382;ROUNDUP BIOFLOW;27,80
TV;8382;ROUNDUP BIOFLOW ML 500;91,50
TV;8382;ROUNDUP BIOFLOW PFnPE;114,50
TV;8401;;1.065,00
TV;8401;FALTEX FLOW;8.085,00
TV;8401;FALTEX FLOW LT 5;270,00
TV;8498;;7,50
TV;8498;FOLICUR WG;411,45
TV;8498;FOLICUR WG 500 GR.;30,50
TV;8542;;6,60
TV;8542;FORUM 50 WP;1.735,60
TV;8542;FORUM 50 WP DA 1,2 KG;19,20
TV;8542;FORUM 50 WP X1;1,00
TV;8542;FORUM 50W;3,60
TV;8546;DANITRON;7,00
TV;8558;PIRETRO VERDE;1,19
TV;8558;PIRETRO VERDE PFnPE;15,23
TV;8562;RIFLE 44 BLU;20,00
TV;8565;ROUNDUP RTU;12,00
TV;8599;GOLD BEET;290,00
TV;8601;;11.163,00
TV;8601;FOLPAN 80 WDG;53.189,00
TV;8601;FOLPAN 80 WDG 5 KG;280,00
TV;8601;FOLPAN 80 WDG DA 5 KG;30,00
TV;8601;FOLPAN 80 WDG KG 1;9,00
TV;8601;FOLPAN 80 WDG KG 5;5,00
TV;8601;FOLPAN 80 WDG KG. 1;56,00
TV;8601;FOLPAN 80 WDG X5;260,00
TV;8617;BANVEL 480 S;4,00
TV;8649;;3,00
TV;8649;PIRIDANE 480;70,00
TV;8656;;1.084,00
TV;8656;GLIFENE HP;2.206,00
TV;8656;GLIFENE HP LT 5;80,00
TV;8661;KENTAN DF;140,00
TV;8690;PERFEKTHION TOP;21,00
TV;8706;;1,50
TV;8706;AMID THIN W;8,00
TV;8712;ALLEGANTE 4% AF 96;1,00
TV;8715;DIRAMID;10,00
TV;8729;FORUM R;3,00
TV;8731;FORUM R WP;10,00
TV;8735;;58,50
TV;8735;TREBON UP;1.282,15
TV;8735;TREBON UP 0,500;1,00
TV;8735;TREBON UP 500 ML;6,00
TV;8742;;4,00
TV;8742;INDAR 5 EW;90,00
TV;8743;GREENEX;5,08
TV;8795;;215,00
TV;8795;VERTIMEC EC;490,75
TV;8795;VERTIMEC EC LT. 1;1,00
TV;8797;BINAL PRO;267,00
TV;8801;;328,75
TV;8801;SCORE 25;3,75
TV;8801;SCORE 25 EC;1.929,25
TV;8801;SCORE 25 EC DA 1 LT;4,00
TV;8801;SCORE 25 EC LT 1;2,00
TV;8836;MIMIC;16,00
TV;8837;GERMON BEWURZELUNGSPUDER PER TALEE ;4,50
TV;8838;GERMON BEWURZELUNGSPUDER PER TALEE ;121,00
TV;8841;;35,50
TV;8841;CYREN 5 G;476,50
TV;8841;CYREN 5 G PFnPE;116,00
TV;8841;ZAPI ANTIFORMICA ORTO CYREN 5 G.;72,00
TV;8882;;78,00
TV;8882;ULTRA FINE OIL;310,00
TV;8886;;0,48
TV;8886;SAFARI;6,24
TV;8888;PRIDE ULTRA;32,00
TV;8909;;820,00
TV;8909;FUNGIMAN COMBI;2.880,00
TV;8933;;1,00
TV;8933;SOLEAS;221,00
TV;8934;;8,00
TV;8934;SCALA;943,30
TV;8937;;57,00
TV;8937;MASAI 20 WP;616,80
TV;8945;FARO DF;31,00
TV;8987;CONFIDOR 200 SL;1,00
TV;8987;CONFIDOR SL;0,75
TV;9005;;344,00
TV;9005;AGIL;1.521,00
TV;9005;AGIL DA 1 LT;10,00
TV;9005;AGIL DA 5 LT;5,00
TV;9005;AGIL LT 1;24,00
TV;9005;AGIL LT 5;160,00
TV;9010;;100,00
TV;9010;RAMEZIN COMBI WG;409,00
TV;9012;;536,00
TV;9012;CUPROCAFFARO MICRO;26.149,00
TV;9012;CUPROCAFFARO MICRO X KG.;20,00
TV;9126;;7,00
TV;9126;CONCORDE COMBI;240,00
TV;9126;CONCORDE COMBI PFnPE;10,00
TV;9131;;0,40
TV;9131;PYRINEX ME;69,80
TV;9148;SYLLIT 400 SC;75,00
TV;9210;;467,00
TV;9210;QUADRIS;11.445,00
TV;9210;QUADRIS DA 1 LT;24,00
TV;9210;QUADRIS LT 1;10,00
TV;9210;QUADRIS X1;10,00
TV;9244;;5,00
TV;9244;ZIRAMIT 76 WG;110,00
TV;9280;TOPAS 200 EW;40,00
TV;9286;OHAYO;3,00
TV;9306;PROPLANT;1,00
TV;9311;CUPROSSIL IDRO 25 WP;40,00
TV;9339;;1,00
TV;9339;BETANAL EXPERT;3,00
TV;9342;;20,00
TV;9342;DELTRIN;129,00
TV;9373;;6,00
TV;9373;CHORUS;14,00
TV;9374;MATCH TOP;168,00
TV;9376;BROMOTRIL;9,00
TV;9411;RADIP ORMON PFnPE;4,20
TV;9420;OSSIRAM 70 FLOW;19,00
TV;9422;;177,00
TV;9422;EVADE;1.054,20
TV;9422;EVADE 1 LT.;3,00
TV;9422;EVADE DISERBO ML. 500;1,50
TV;9422;EVADE LT 5;100,00
TV;9443;;0,60
TV;9443;ENDOGERME KG 0.5;16,00
TV;9448;RIFLE 3-18 R BLU;760,00
TV;9449;EMERALD COMBI;173,00
TV;9449;EMERALD COMBI PFnPE;46,00
TV;9509;PROMALIN NT;4,50
TV;9569;;730,00
TV;9569;ZETARAM 3B FL;1.355,00
TV;9569;ZETARAM 3B FL LT 10;10,00
TV;9575;DRIBBLING 240 EC;18,00
TV;9578;;670,50
TV;9578;SWITCH;6.465,50
TV;9578;SWITCH DA 1 KG;10,00
TV;9578;SWITCH DA 250 GR;2,75
TV;9578;SWITCH GR 250;0,50
TV;9578;SWITCH KG 1;7,00
TV;9578;SWITCH KG. 1;3,00
TV;9578;SWITCH X1;29,00
TV;9612;OSSICLOR 30;1,00
TV;9627;;221,00
TV;9627;POLTIGLIA BORDOLESE DISPERSS;40,00
TV;9655;;1,00
TV;9655;PRIMIAL WG;12,00
TV;9668;;6,28
TV;9668;RUFAST E-FLO;138,81
TV;9678;;50,00
TV;9679;KRISTAL 32 WG;37,00
TV;9693;;3,00
TV;9693;SPORTAK 45 EW;13,00
TV;9694;SIMITAR 5 EW;1,00
TV;9695;;3,00
TV;9705;;0,20
TV;9705;PREVITER;3.580,65
TV;9705;PREVITER - venduto fino a 16/03/19 ;1,80
TV;9705;PREVITER LT 1;4,00
TV;9705;PREVITER PFnPE;0,23
TV;9724;TIOWETTING DF;65.778,00
TV;9724;TIOWETTING DF X25;3.475,00
TV;9744;;94,00
TV;9744;SCORE 10 WG;2.344,00
TV;9747;;0,13
TV;9747;FURY;0,04
TV;9757;;42,00
TV;9757;SPYRALE;224,00
TV;9758;COPRANTOL WG;222,00
TV;9767;;2,00
TV;9767;NUFOS 5 G;1.016,00
TV;9767;NUFOS 5 G KG 1;41,00
TV;9767;NUFOS 5 G pfnpe;19,00
TV;9767;NUFOS 5 G PFnPE DA 1 KG;12,00
TV;9787;MICROBAGNABILE WG;51,00
TV;9787;MICROBAGNABILE WG KG 10;430,00
TV;9787;MICROBAGNABILE WG KG 25;425,00
TV;9790;CONTATTO 320;42,00
TV;9794;PLANET C;1.000,00
TV;9800;;230,81
TV;9800;MAVRIK 20 EW;776,15
TV;9800;MAVRIK 20 EW LT. 1;3,00
TV;9802;COPREN HI BIO;452,00
TV;9809;;30,00
TV;9843;;3,00
TV;9843;BASAGRAN SG;171,00
TV;9872;AKRIS;400,00
TV;9900;FLAVOS;1,00
TV;9905;THIOCUR 20 EW;178,50
TV;9941;BUMPER P;131,00
TV;9954;;429,00
TV;9954;JOKER;4.642,00
TV;9954;JOKER DA 1 LT;18,00
TV;9954;JOKER KG. 1;21,00
TV;9954;JOKER LT 1;6,00
TV;9963;;47,00
TV;9963;METIDANE 22;1.759,00
TV;9995;;289,25
TV;9995;ARIUS;988,25
TV;9995;ARIUS DA 1 LT;19,00
TV;9995;ARIUS DA 250  ML;6,00
TV;9995;ARIUS LT 0,25;0,75
TV;9995;ARIUS LT 1;20,00
TV;9995;ARIUS X1;6,00
TV;10004;AGRIMIX PRO;2,00
TV;10005;SCOTTS WEEDCONTROL;11,00
TV;10029;KING;410,92
TV;10048;;400,00
TV;10048;KUMULUS TECNO;36.175,00
TV;10049;;69,00
TV;10049;DURSBAN 75 WG;343,00
TV;10055;PROVADO PIN;6,90
TV;10057;ARPEL WDG;257,00
TV;10105;;1,00
TV;10105;RIDOMIL GOLD SL;78,50
TV;10106;RIDOMIL GOLD COMBI WP;1.819,00
TV;10106;RIDOMIL GOLD COMBI WP KG10;20,00
TV;10109;APRON XL;5,00
TV;10117;;869,00
TV;10117;STRATOS ULTRA;8.571,00
TV;10117;STRATOS ULTRA LT 5;20,00
TV;10117;STRATOS ULTRA X5;5,00
TV;10118;;5,00
TV;10118;AMISTAR;73,00
TV;10119;EQUATION PRO;1,20
TV;10127;;4,70
TV;10127;DECIS JET;59,98
TV;10127;DECIS JET ML 10;0,20
TV;10127;DECIS JET ML 100;0,50
TV;10127;DECIS JET ML 50;2,50
TV;10127;DECIS JET PFnPE;152,54
TV;10127;DECIS JET PFnPE ML 250;25,00
TV;10127;DECIS JET PFnPE ML 50;2,40
TV;10142;VERNOIL;3.320,00
TV;10154;BORDOFLOW SECTOR;58,00
TV;10158;PIREFLOR;0,14
TV;10161;;16,00
TV;10161;ORTIVA;242,89
TV;10183;GARLON EV;45,80
TV;10183;GARLON EV ML 100;0,40
TV;10183;GARLON EV ML 500;3,00
TV;10184;TIMBREL EV;0,60
TV;10209;;330,00
TV;10209;GLYFOS ULTRA;10.337,00
TV;10209;GLYFOS ULTRA DA 5 LT;55,00
TV;10209;GLYFOS ULTRA LT 5;580,00
TV;10209;GLYFOS ULTRA X20;100,00
TV;10230;;10,00
TV;10230;LUMAPLUS;1.266,50
TV;10230;LUMAPLUS PFnPE;133,00
TV;10233;BORDOSEP PFnPE;39,00
TV;10263;;2,25
TV;10263;DRIVER;42,75
TV;10263;DRIVER PFnPE DA ,0250 LITRI;5,00
TV;10263;SEPRAGOLF DRIVER PFnPE;22,50
TV;10272;;2.720,00
TV;10272;CEREXIL M DG;1.488,00
TV;10275;STELLA EC;91,00
TV;10296;IPERION;12.940,00
TV;10305;;41,00
TV;10305;OIKOS;395,72
TV;10305;OIKOS PFnPE;31,93
TV;10305;OIKOS PFnPE ML 50;0,05
TV;10306;MISTRAL;127,00
TV;10329;;791,00
TV;10329;FORUM MZ WG;14.911,00
TV;10342;RIFLE 44;40,00
TV;10350;;111,00
TV;10350;BLAST SG;84,00
TV;10357;RIGRON SG;111,00
TV;10373;CONTEST;86,00
TV;10381;CONCORDE 40 EW;326,00
TV;10381;CONCORDE 40 EW PFnPE;80,35
TV;10396;;10,00
TV;10396;LIZOCIN;204,00
TV;10423;;4,00
TV;10423;LUMACHICIDA VEBI;2.794,25
TV;10423;LUMACHICIDA VEBI KG 1;24,00
TV;10423;LUMACHICIDA VEBI PFnPE DA 1 KG;12,00
TV;10425;;36,00
TV;10425;SCUDEX;156,50
TV;10426;PROTIL EC;33,00
TV;10439;SPRAY DUNGER GLOBAL;270,00
TV;10447;;12,00
TV;10447;NOVEL DUO;74,00
TV;10447;NOVEL DUO LT 1;9,00
TV;10456;;3,25
TV;10456;KLARO ULTRA;51,25
TV;10456;KLARO ULTRA PFnPE;24,00
TV;10461;;5,00
TV;10461;DICOTURF;9,25
TV;10479;;25,00
TV;10479;NATURALIS;51,00
TV;10493;;1.707,00
TV;10493;RUNNER LO;5.606,00
TV;10493;RUNNER LO LT 1;17,00
TV;10493;RUNNER LO LT 5;5,00
TV;10493;RUNNER LO X1;42,00
TV;10504;KELLY WG;60,00
TV;10509;MASTIFF ULTRA;2.918,00
TV;10560;PIRETRO NATURA;288,00
TV;10573;;1.420,00
TV;10573;KOCIDE 2000;15.696,00
TV;10573;KOCIDE 2000 KG 10;70,00
TV;10585;;945,00
TV;10585;SULCOTREK;5.125,00
TV;10585;SULCOTREK LT 5;25,00
TV;10587;;1.065,00
TV;10587;FOLPAN SC;2.492,00
TV;10587;FOLPAN SC DA 5 LT;10,00
TV;10588;;8,00
TV;10588;BIOPIREN PLUS;373,00
TV;10589;FLORA VERDE PFnPE;1,20
TV;10595;CUPRO ISAGRO BLU;13,00
TV;10595;CUPRO ISAGRO BLU DA 1 KG.;2,00
TV;10595;CUPRO ISAGRO BLU KG 10;20,00
TV;10604;;172,25
TV;10604;EMERALD 40 EW;933,09
TV;10604;EMERALD 40 EW PFnPE;100,81
TV;10604;EMERALD 40 EW PFnPE DA 10 ML;0,21
TV;10627;;4,00
TV;10627;FRUPICA;23,00
TV;10627;FRUPICA X1;6,00
TV;10628;;255,00
TV;10632;;689,00
TV;10632;COBRE NORDOX SUPER 75 WG;75,00
TV;10671;CUAGRO HI BIO;50,00
TV;10690;FUNGIBEN COMBI;1,00
TV;10701;;47,50
TV;10701;CUMETA FLOW;22.585,50
TV;10701;CUMETA FLOW PFnPe;45,50
TV;10710;;2,00
TV;10710;TOMAGAN;40,00
TV;10734;;151,00
TV;10734;DUAL GOLD;4.895,00
TV;10734;DUAL GOLD DA 1 LT;7,00
TV;10734;DUAL GOLD LT 20;20,00
TV;10735;;1.196,00
TV;10735;PRIMAGRAM GOLD;9.734,00
TV;10735;PRIMAGRAM GOLD DA 1 LT;17,00
TV;10735;PRIMAGRAM GOLD DA 5 LT;15,00
TV;10735;PRIMAGRAM GOLD LT 1;16,00
TV;10735;PRIMAGRAM GOLD LT 20;160,00
TV;10735;PRIMAGRAM GOLD LT 5;95,00
TV;10741;METACINQUE PFnPE;148,00
TV;10752;;82,50
TV;10752;STEWARD;1.194,00
TV;10752;STEWARD 30WG X0,250;1,00
TV;10752;STEWARD 30WG X0,500;26,50
TV;10752;STEWARD GR 250;0,50
TV;10758;;15,00
TV;10758;BETASANA TRIO SC;130,00
TV;10771;;670,50
TV;10771;MOST MICRO;2.237,60
TV;10771;MOST MICRO LT 1;3,00
TV;10771;MOST MICRO ML 100;1,40
TV;10780;LUMABLOC;13,50
TV;10890;;850,00
TV;10890;FLiPPER;3.910,00
TV;10890;FLIPPER X10;30,00
TV;10926;;7,00
TV;10926;ALTOREX;346,00
TV;10926;ALTOREX X LT.;2,00
TV;10929;;10,15
TV;10929;CHIKARA 25 WG;57,81
TV;10939;;53,00
TV;10939;CP 40 1 LT;3,00
TV;10939;CP 40 AGRO;311,00
TV;10944;;23,75
TV;10944;KARATE ZEON;230,00
TV;10966;MYCLOS;195,00
TV;10976;;16,36
TV;10976;METEOR;1.226,52
TV;10976;METEOR 60ML;1,40
TV;10976;METEOR PFnPE;11,02
TV;10985;MEVAXIL M;411,00
TV;10986;KASKO R;10,00
TV;10999;BETANAL SE;6,00
TV;11011;;415,00
TV;11011;DASH HC;1.679,50
TV;11011;DASH HC LT 1;3,00
TV;11011;DASH HC LT 5;5,00
TV;11027;MET-BLOC;2,00
TV;11027;MET-BLOC PFnPE;14,50
TV;11029;PYRINEX M 22;1.974,00
TV;11029;PYRINEX M22 X5;95,00
TV;11041;VITIL COMBI;515,00
TV;11044;TUREX;4,00
TV;11045;DODIPREV 400 SC;1,75
TV;11059;BIOPOWER;149,00
TV;11062;;0,50
TV;11062;BION 50 WG;88,00
TV;11070;TIOGOLD DISPERSS;182.750,00
TV;11098;;0,50
TV;11102;;17.800,00
TV;11102;HELIOSOUFRE S;8.875,00
TV;11102;HELIOSOUFRE S X LT 10;70,00
TV;11106;;72,00
TV;11106;MANFIL 75 WG;320,00
TV;11107;;63,00
TV;11107;ECO-TRAP;7,00
TV;11119;;210,40
TV;11119;FLINT;2.362,23
TV;11119;FLINT 50WG X0,500;10,00
TV;11133;SHELTER;4.354,50
TV;11157;PROPYDOR 1L;2,00
TV;11157;PROPYDOR PFnPE;12,00
TV;11173;;163,00
TV;11173;AVAUNT EC;726,00
TV;11173;AVAUNT EC (TWIN PACK MAIS);7,00
TV;11183;PROGERBALIN LG;4,50
TV;11190;PENCOR 10 EC;4,00
TV;11196;SULFAR;400,00
TV;11204;RIZOSOL 50;1,00
TV;11206;;67,50
TV;11206;CODACIDE;2.126,40
TV;11206;CODACIDE DA 2,5 LT;37,50
TV;11206;CODACIDE LT 10;50,00
TV;11206;CODACIDE LT 2,5;5,00
TV;11206;CODACIDE X2,5L;10,00
TV;11212;BATKUR;5,00
TV;11243;;549,00
TV;11243;LEOPARD 5 EC;1.974,30
TV;11252;CONTANS WG;93,00
TV;11253;;7,00
TV;11253;CALLISTO;421,80
TV;11257;;5,25
TV;11257;COSTAR WG;273,00
TV;11258;FAZOR STAR;120,00
TV;11284;CIMOTER MZ;1.080,00
TV;11299;OKLAHOMA;8,00
TV;11301;SPHERE;7,00
TV;11301;SPHERE SC;5,00
TV;11303;;1.560,00
TV;11303;CHAMP DP;3.140,00
TV;11303;CHAMP DP X10;480,00
TV;11341;;496,00
TV;11341;STARANE GOLD;1.857,00
TV;11353;;150,00
TV;11353;FUSILADE MAX;403,00
TV;11360;GRIP 25;11,75
TV;11382;GARDENE PLUS;85,50
TV;11390;VITENE TRIPLO BLU;478,00
TV;11393;;9,00
TV;11393;BEETLE;23,00
TV;11402;MELODY COMBI;635,00
TV;11416;;20,00
TV;11416;OVIPRON TOP;599,00
TV;11448;;119,00
TV;11448;KICKER;4,00
TV;11449;GARDOPRIM GOLD;3.970,00
TV;11479;;2,00
TV;11479;BRANCHER DIRADO;10,00
TV;11483;COSAVET DF;45,00
TV;11497;CRITTOVIT WG;2.662,00
TV;11499;BUSTER;2,00
TV;11501;VITE FOL;6.290,00
TV;11505;READY GERMIPLUS;90.331,00
TV;11523;SEPRADINA 400 SC;10,10
TV;11525;;6,13
TV;11525;FUNGIDINA 400 SC;0,60
TV;11526;;156,00
TV;11526;SULTAN;425,00
TV;11561;;61,41
TV;11561;NEEMAZAL;20,00
TV;11561;NEEMAZAL T/S;466,62
TV;11561;NEEMAZAL T/S 75ML;1,80
TV;11561;NEEMAZAL T/S PFnPE;3,05
TV;11569;;30,00
TV;11569;CUPROXAT S.D.I.;10.059,00
TV;11569;CUPROXAT S.D.I. LT 10;220,00
TV;11569;CUPROXAT S.D.I. PFnPE;10,00
TV;11587;CAMBEL S;71,00
TV;11596;;0,50
TV;11596;CALYPSO;208,00
TV;11614;ACTARA 25 WG;0,26
TV;11619;TIOFLOR WDG;36.735,50
TV;11619;TIOFLOR WDG PFnPE;233,00
TV;11637;CUPROFIX C DISPERSS;1.872,00
TV;11642;PIKAR;7,00
TV;11649;COMMAND 36 CS;215,00
TV;11653;FOLIO GOLD;4,00
TV;11653;FOLIO GOLD 537,5 SC;12,00
TV;11653;FOLIO GOLD 537.5 SC;5,00
TV;11654;;42,00
TV;11660;SHOGUN;728,00
TV;11668;;0,75
TV;11693;;16,25
TV;11693;LASER;342,80
TV;11693;LASER LT 0,25;0,25
TV;11694;CONSERVE SC;5,94
TV;11701;BOTANIGARD SE;15,00
TV;11704;OLIO OGNISTAGIONE;9,25
TV;11711;;784,00
TV;11711;MEXIRAM HI BIO;32.826,00
TV;11722;GEONEX;33,50
TV;11730;COSMOTRIN;10,60
TV;11732;ALLEATO 80 WG;75,00
TV;11735;DELICIA CONTRA-LUMACHE;24,50
TV;11752;ENVIDOR 240 SC;13,50
TV;11760;;2.080,00
TV;11760;POLITHIOL;13.540,00
TV;11760;POLITHIOL X20;40,00
TV;11762;;480,00
TV;11762;FORUM STAR;1.860,00
TV;11779;;3.500,00
TV;11779;KOP-TWIN;131,00
TV;11786;;4,29
TV;11786;AQ 10  GR. 30;0,12
TV;11786;AQ 10 WG;19,92
TV;11794;PRESSING 500;12,25
TV;11814;;6,00
TV;11814;SPADA 200 EC;257,00
TV;11814;SPADA 200 EC DA 1 LT;3,00
TV;11854;;2.463,00
TV;11854;BUGGY TF;8.336,00
TV;11854;BUGGY TF LT 20;920,00
TV;11857;;1.675,00
TV;11857;MIDAURIL COMBI;4.780,00
TV;11862;LOBBY;17,00
TV;11870;CUPRITAL S.D.I. PFnPE;12,25
TV;11872;RIFLE 3-18-R;350,00
TV;11874;VITENE TRIPLO;806,00
TV;11908;VENTUREX 400 SC;7,00
TV;11917;;10,00
TV;11917;HOPPER GREEN;392,00
TV;11944;ASPECT;145,00
TV;11944;ASPECT (MERLIN PLATINUM XTRA);100,00
TV;11948;VINCARE;25,00
TV;11955;ACROBAT MZ WG;230,00
TV;11964;POLTIGLIA CAFFARO 20 GD;1.442,00
TV;11979;;28,50
TV;11979;BORDO 20 MICRO PFnPE;12,00
TV;11991;;78,00
TV;12010;;105,00
TV;12010;TUAREG;3.356,70
TV;12010;TUAREG (COMBI SOIA);15,00
TV;12010;TUAREG DA 1 LT;2,00
TV;12010;TUAREG LT 1;26,00
TV;12010;TUAREG LT 5;100,00
TV;12020;SUCCESS;22,39
TV;12020;SUCCESS  PFnPE;0,44
TV;12020;SUCCESS 10ML;0,45
TV;12020;SUCCESS PFnPE;0,56
TV;12020;SUCCESS SC 120 ML 10;0,29
TV;12023;MEGIC 240;24,50
TV;12037;CAMIX;40,00
TV;12041;MARTOS;12,00
TV;12043;;10,30
TV;12043;PREVICUR ENERGY;240,80
TV;12043;PREVICUR ENERGY LT 5;20,00
TV;12043;PREVICUR ENERGY ML 50;0,50
TV;12043;PREVICUR ENERGY PFnPE;12,30
TV;12043;PREVICUR ENERGY PFnPE ML 50;0,45
TV;12044;;1.912,50
TV;12044;CURZATE SYSTEM;8.152,50
TV;12044;CURZATE SYSTEM DA 2,5 KG;75,00
TV;12048;;18.109,00
TV;12048;TIOSOL 80 WG;62.207,00
TV;12048;TIOSOL 80 WG KG 10;20,00
TV;12048;TIOSOL 80 WG PFnPE;2.036,90
TV;12067;CIPER;1,00
TV;12068;;30,00
TV;12068;TEFLUSTAR;519,55
TV;12068;TEFLUSTAR PFnPE;44,00
TV;12068;TEFLUSTAR PFnPE DA 1 KG;20,00
TV;12069;EPIK;1,82
TV;12078;METALIM;32,00
TV;12078;METALIM PFnPE;42,00
TV;12096;;17.495,00
TV;12096;POLTIGLIA DISPERSS;99.141,00
TV;12096;POLTIGLIA DISPERSS DA 15 KG;15,00
TV;12096;POLTIGLIA DISPERSS KG 15;255,00
TV;12096;POLTIGLIA DISPERSS X15;825,00
TV;12100;;83,00
TV;12100;ASSET;584,00
TV;12106;;205,00
TV;12106;TALENDO;190,00
TV;12114;AUXIGER LG;48,10
TV;12136;VERITAS;10,00
TV;12138;R6 ERRESEI TREVI;8,00
TV;12170;;8.640,00
TV;12170;HELIOCUIVRE;2.555,00
TV;12172;FERRAMOL;5,00
TV;12172;FERRAMOL PFnPE;498,00
TV;12174;;30,00
TV;12202;ZEMIX R WG;539,00
TV;12208;KEEPER TRIPLO NC;576,00
TV;12225;;2,49
TV;12225;TEPPEKI;66,93
TV;12225;TEPPEKI PFnPE;102,48
TV;12243;;185,00
TV;12243;MANTIR DG;9.408,00
TV;12243;MANTIR DG KG 1;23,00
TV;12243;MANTIR DG KG 25;200,00
TV;12262;VALBON;380,00
TV;12263;;100,00
TV;12263;VONDOZEB DG;23.380,00
TV;12285;;1.787,00
TV;12285;FORUM GOLD;10.438,00
TV;12297;;6,00
TV;12297;TRIBASE TWIN;4.124,00
TV;12315;ORTIVA HOBBY PFnPE;21,22
TV;12318;;2,00
TV;12319;KRONOS;324,00
TV;12323;VEBIZOLFO WG;67,50
TV;12323;VEBIZOLFO WG PFnPE;112,15
TV;12325;MESUROL M PLUS;305,00
TV;12325;MESUROL M PLUS PFnPE;928,20
TV;12344;VEBITHRIN 5 EC;203,70
TV;12344;VEBITHRIN 5 EC ML 100;14,40
TV;12344;VEBITHRIN 5 EC ML 500;3,50
TV;12361;;2,00
TV;12361;ALGEDI;2,80
TV;12381;;655,00
TV;12381;NU-FILM-P;1.037,00
TV;12383;;1.120,00
TV;12383;RIDOMIL GOLD MZ PEPITE;18.837,00
TV;12383;RIDOMIL GOLD MZ PEPITE KG 5;30,00
TV;12383;RIDOMIL GOLD MZ PEPITE X5;150,00
TV;12395;CUTRIL TOP;106,00
TV;12399;;71,00
TV;12399;GANZO;74,00
TV;12437;;24,00
TV;12437;DELAN 70 WG;246,00
TV;12452;;1,00
TV;12452;EQUIP;72,00
TV;12453;;5.652,00
TV;12453;MILDICUT;50.114,00
TV;12453;MILDICUT DA 1 LT;2,00
TV;12453;MILDICUT DA 15 LT;15,00
TV;12453;MILDICUT LT 1;46,00
TV;12453;MILDICUT LT 15;45,00
TV;12453;MILDICUT X15;840,00
TV;12455;DAZIDE ENHANCE;54,00
TV;12471;AKTOR TRIPLO BLU;50,00
TV;12482;;2.120,00
TV;12482;LUMAX;39.126,00
TV;12482;LUMAX DA 20 LT;60,00
TV;12482;LUMAX DA 5 LT;90,00
TV;12482;LUMAX LT 20;2.760,00
TV;12482;LUMAX LT 5;805,00
TV;12482;LUMAX X20;20,00
TV;12489;;2,00
TV;12493;;1.450,00
TV;12493;MANCOZEB PLUS 75 WG;2.695,00
TV;12505;FLOWBRIX;12,00
TV;12514;;10,00
TV;12514;VIPER;5,00
TV;12522;;461,50
TV;12522;METRO;79,00
TV;12526;ALIETTE ORTO E GIARDINO;1,25
TV;12526;ALIETTE ORTO E GIARDINO PFnPE;33,00
TV;12528;;25,00
TV;12528;CABRIO TOP;161,00
TV;12529;;477,00
TV;12529;TUCANA 25 EC;1.027,00
TV;12529;TUCANA 25 EC LT 1;1,00
TV;12534;;17,10
TV;12534;FOXTAIL;493,60
TV;12534;FOXTAIL FPnPE;2,70
TV;12534;FOXTAIL LT 1;5,00
TV;12534;FOXTAIL ML 250;1,50
TV;12534;FOXTAIL ML 500;36,50
TV;12534;FOXTAIL PEnPE;8,00
TV;12534;FOXTAIL PFnPE;38,00
TV;12534;FOXTAIL X0,5;0,50
TV;12538;;173,00
TV;12538;MYSTIC 25 WG;6,00
TV;12540;;17,00
TV;12540;REGRAN EXTRA;1,00
TV;12566;;1.188,12
TV;12566;PYGANIC 1.4;1.317,22
TV;12566;PYGANIC 1.4 PFnPE;1,55
TV;12566;PYGANIC 1.4 X5;135,00
TV;12573;EKO OIL SPRAY;10,00
TV;12584;SPHINX MZ;30,00
TV;12590;DIASTAR MAXI;1.700,00
TV;12598;GRANSTAR POWER SX;9,81
TV;12622;;1.508,00
TV;12622;QUANTUM;7.319,00
TV;12622;QUANTUM 0,5;85,00
TV;12622;QUANTUM KG 0,5;17,00
TV;12622;QUANTUM PFnPE;820,50
TV;12625;EFUZIN 400 SC;39,00
TV;12627;;15,00
TV;12628;;21,00
TV;12628;SERENADE MAX;874,00
TV;12636;QUASAR 6-24 R;1.313,00
TV;12647;;49,00
TV;12647;GLITTER;198,00
TV;12647;GLITTER LT 5;200,00
TV;12650;NUPRID 200 SL;0,18
TV;12662;METAFOL 700 SC;310,00
TV;12671;;2,50
TV;12671;HARMONY 50 SX;212,65
TV;12671;HARMONY 50 SX (COMBI SOIA);0,15
TV;12671;HARMONY 50 SX DA 16 GR;0,06
TV;12671;HARMONY 50 SX GR 20;2,18
TV;12671;HARMONY 50 SX GR 50;1,25
TV;12692;SPRUZIT INSETTICIDA PFnPE;4,50
TV;12696;;186,00
TV;12696;TEBUZOL S DISPERSS;20,00
TV;12722;;10,60
TV;12722;OSSICLOR 20 FLOW;206,50
TV;12722;OSSICLOR 20 FLOW PFnPE;6,00
TV;12731;;19,00
TV;12731;MICLOTOP PROGRESS;1.055,00
TV;12734;JUPITER R DF;0,04
TV;12737;;4.040,00
TV;12737;AIRONE PIU';7.697,00
TV;12737;AIRONE PIU' PFnPE;3.442,50
TV;12738;KING 360 HP;7.125,00
TV;12738;KING 360 HP X10;10,00
TV;12747;RAMETTE;0,10
TV;12747;RAMETTE PFnPE;2,20
TV;12748;GRIFON PIU';4.756,00
TV;12754;;640,00
TV;12754;VERDRAM HI BIO;494,20
TV;12756;;0,80
TV;12756;DICOTEX;14.217,05
TV;12756;DICOTEX ML 500;180,00
TV;12756;DICOTEX PFnPE;3,50
TV;12759;;312,50
TV;12759;OSSICLOR 35 WG;5.938,85
TV;12759;OSSICLOR 35 WG KG 1;10,00
TV;12759;OSSICLOR 35 WG PFnPE;180,40
TV;12759;OSSICLOR 35 WG X0,5;26,00
TV;12768;;5,25
TV;12768;SPINTOR FLY;96,75
TV;12768;SPINTOR FLY DA 1 LT;2,00
TV;12770;ALAR 85 GOLD;766,00
TV;12779;RAMEDIT COMBI WG;1.002,00
TV;12784;;29,00
TV;12784;CERCOBIN WG;201,00
TV;12806;;319,00
TV;12806;FEDOR;946,00
TV;12813;MIRADOR XTRA;170,00
TV;12824;MERLIN EXPERT;10,00
TV;12828;SITOFEX;97,00
TV;12831;INSIGNIA;26,00
TV;12832;OPERA;4,00
TV;12837;;250,00
TV;12837;ARIUS SYSTEM PLUS;849,00
TV;12841;SUCCESSOR T;40,00
TV;12847;EAGLE;11,12
TV;12847;EAGLE PFnPE;3,20
TV;12855;CRIORAM WG;15,00
TV;12855;CRIORAM WG PFnPE;58,00
TV;12856;CUPRORAM 25 FLOW;950,00
TV;12859;;1,00
TV;12859;BORNEO;31,73
TV;12859;BORNEO DA 500 ML;0,50
TV;12859;BORNEO PFnPE;1,01
TV;12860;MILBEKNOCK;10,00
TV;12862;;248,00
TV;12862;CANTUS;2.796,00
TV;12862;CANTUS KG. 1;5,00
TV;12866;;31,00
TV;12866;COLLIS;160,00
TV;12868;;17,00
TV;12868;BELLIS;79,00
TV;12869;;97,00
TV;12869;SIGNUM;2.293,00
TV;12869;SIGNUM X1;1,00
TV;12878;;6.512,00
TV;12878;FOLPAN GOLD;27.342,00
TV;12878;FOLPAN GOLD DA 5 KG;35,00
TV;12878;FOLPAN GOLD X5;280,00
TV;12883;;303,00
TV;12883;PROSPER 300 CS;3.170,00
TV;12883;PROSPER 300 CS 1 L;1,00
TV;12883;PROSPER 300 CS DA 1 LT;1,00
TV;12883;PROSPER 300 CS LT 1;7,00
TV;12886;;728,00
TV;12886;KARATHANE STAR;4.578,00
TV;12886;KARATHANE STAR DA 1 LT;13,00
TV;12886;KARATHANE STAR LT 1;1,00
TV;12888;;85,00
TV;12888;LEPINOX PLUS;193,00
TV;12903;DOLESE WG PFnPE;15,00
TV;12916;;4,00
TV;12916;SACRON 45 W;430,50
TV;12924;;20,00
TV;12924;JUPITER WG;55,00
TV;12933;MOXYL 20 WP;12,00
TV;12940;;6,00
TV;12940;KARATE ZEON 1,5 ML 500;0,50
TV;12940;KARATE ZEON 1.5;447,00
TV;12949;AZUPEC 80 WG;4.070,00
TV;12960;STARPROP;34,00
TV;12961;;78,00
TV;12994;;24,50
TV;12994;VIVER ELITE WG;334,00
TV;13005;PROMAG;0,70
TV;13012;;120,00
TV;13012;FOLVIT 80 WDG;31.035,00
TV;13012;FOLVIT 80 WDG KG 5;5,00
TV;13018;;117,00
TV;13018;GONDOR;659,00
TV;13020;;495,00
TV;13020;MICRORAM 35 WG;409,00
TV;13020;MICRORAM 35 WG PFnPE;9,00
TV;13025;;136,00
TV;13025;MYSTIC 250 EW;36,00
TV;13026;SUSCON;10,00
TV;13039;POTCLEAN;30,00
TV;13039;POTCLEAN 2G;102.541,00
TV;13039;POTCLEAN 2G KG 10;100,00
TV;13055;;520,00
TV;13055;MACHO;1.552,00
TV;13055;MACHO LT 1;86,00
TV;13055;MACHO X1;5,00
TV;13055;MACHO X5;180,00
TV;13061;;193,00
TV;13062;DIPEL DF;12,39
TV;13062;DIPEL DF WG5412;0,16
TV;13064;;1.857,00
TV;13064;VITENE ULTRA SC;5.307,00
TV;13064;VITENE ULTRA SC X1;189,00
TV;13065;;367,00
TV;13065;DOMARK 125;1.543,60
TV;13065;DOMARK 125 DA 250 ML;12,00
TV;13065;DOMARK 125 LT 1;4,00
TV;13065;DOMARK 125 PFnPE;30,75
TV;13065;DOMARK 125 PFnPE DA 100 GR;1,60
TV;13083;;600,00
TV;13083;CURZATE EFFE;3.905,00
TV;13083;CURZATE EFFE DA 5 LITRI;95,00
TV;13083;CURZATE EFFE LT 5;10,00
TV;13084;;167,30
TV;13084;TELDOR PLUS;2.265,60
TV;13084;TELDOR PLUS LT 1;8,00
TV;13084;TELDOR PLUS PFnPE;14,70
TV;13087;TASIS;36,00
TV;13093;;215,00
TV;13093;STOMP AQUA;4.389,00
TV;13093;STOMP AQUA DA 1 LT;1,00
TV;13093;STOMP AQUA LT 1;4,00
TV;13093;STOMP AQUA LT 5;140,00
TV;13098;;120,00
TV;13098;ROUNDUP POWER 2.0;1.409,50
TV;13098;ROUNDUP POWER 2.0 PFnPE;389,00
TV;13104;;20,00
TV;13106;IKANOS;1.099,00
TV;13108;;222,00
TV;13108;CURAME BORDEAUX;7.096,50
TV;13111;;106,00
TV;13111;THIOCUR FORTE;305,00
TV;13116;MEDOR 35 CLASS;9,50
TV;13126;;18,00
TV;13126;CABRIO DUO;190,00
TV;13126;CABRIO DUO LT 1;1,00
TV;13138;SYSTHANE 2,5 EC PLUS;4,00
TV;13143;;16,00
TV;13149;;1.091,00
TV;13149;POLTIGLIA MANICA 20 WG;1.648,00
TV;13149;POLTIGLIA MANICA 20 WG KG 10;140,00
TV;13149;POLTIGLIA MANICA 20 WG PFnPE;205,00
TV;13150;;140,00
TV;13150;CURAME 25 WG;33,00
TV;13150;CURAME 35 WG;310,00
TV;13152;;830,00
TV;13152;OPTIX R DISPERSS;10.222,00
TV;13154;;57,00
TV;13154;MONDAK 480 S;263,00
TV;13156;;4,00
TV;13156;CAMBEL 480 S;400,00
TV;13158;;59,00
TV;13158;REMEDIER;805,00
TV;13158;REMEDIER DA 1 KG;4,00
TV;13158;REMEDIER PFnPE;246,00
TV;13160;;3.814,00
TV;13160;FORUM TOP;29.442,00
TV;13160;FORUM TOP KG 5;220,00
TV;13167;POMARSOL 80 WG;9,00
TV;13168;;458,00
TV;13168;LAUDIS;1.625,00
TV;13179;PLAYER COMBI SC;672,00
TV;13186;;2,72
TV;13186;TITUS MAIS EXTRA;86,12
TV;13186;TITUS MAIS EXTRA DA 160 GR;0,16
TV;13205;;1.280,00
TV;13205;ZOLFO MANICA SCORREV DOPPIO RAFFIN ;29,00
TV;13205;ZOLFO MANICA SCORREVOLE DOPPIO RAFF;21.585,00
TV;13205;ZOLFO SEMPLICE KG 10;50,00
TV;13211;ZOLFO VENTILATO SCORREVOLE 96%;2.150,00
TV;13213;;1.108,00
TV;13213;R6 ALBIS X10;70,00
TV;13213;R6 ERRESEI ALBIS;26.966,00
TV;13213;R6 ERRESEI ALBIS DA 1 KG;17,00
TV;13213;R6 ERRESEI ALBIS DA 10 KG;30,00
TV;13213;R6 ERRESEI ALBIS KG 1;111,00
TV;13213;R6 ERRESEI ALBIS KG 10;80,00
TV;13218;;620,00
TV;13218;FINALSAN PLUS;1.270,00
TV;13218;FINALSAN PLUS PFnPE;20,00
TV;13218;FINALSAN PLUS ULTIMA LT 10;20,00
TV;13236;;240,00
TV;13236;BULLET;1.392,00
TV;13236;BULLET LT 5;120,00
TV;13242;;286,00
TV;13242;NICOGAN V.O.;2.360,00
TV;13242;NICOGAN V.O. DA 1 LT;28,00
TV;13244;ZOLFO VENTILATO STELLA;350,00
TV;13249;;750,00
TV;13249;ZOLFO VENTILATO STELLA RAMATO S;1.920,00
TV;13249;ZOLFO VENTILATO STELLA RAMATO S DA ;350,00
TV;13250;ZOLFO VENTILATO STELLA RAMATO B;1.060,00
TV;13252;PLAYER 250 SC;1.288,00
TV;13253;PLAYER SC;1.649,00
TV;13253;PLAYER SC LT 5;10,00
TV;13254;PLAYER 25 WG;3,00
TV;13255;PLAYER GR;13.085,00
TV;13263;BORDORAM 20 WG;172,10
TV;13267;;14,00
TV;13267;IMPERO;47,00
TV;13267;IMPERO DA 1 LT;4,00
TV;13267;IMPERO LT 1;2,00
TV;13285;SEVERAL;946,00
TV;13285;SEVERAL DA 1 LT;2,00
TV;13290;;5.320,00
TV;13290;ZOLFO MANICA DOPPIO RAFFINATO VENTI;13.040,00
TV;13298;QUANTUM F;205,00
TV;13299;MAGIO';3.249,00
TV;13311;DOMARK COMBI WG;423,00
TV;13313;;19,00
TV;13313;CASPER;189,00
TV;13323;;209,40
TV;13323;SULFY 80 WDG;17,40
TV;13323;SULFY 80 WDG PFnPE;40,20
TV;13324;CUPRIZOL S;94,25
TV;13324;CUPRIZOL S GR 250;4,75
TV;13327;;5,75
TV;13327;GRANSTAR ULTRA SX;172,85
TV;13327;GRANSTAR ULTRA SX GR 50;1,30
TV;13329;;19,00
TV;13335;;56,00
TV;13335;DUPLOSAN KV;3,00
TV;13354;DIFFERENCE;5,75
TV;13361;;3,00
TV;13361;DECIS ENERGY O-TEQ;3,00
TV;13361;DECIS ENERGY O-TEQ ML 100;0,80
TV;13365;ZOLFO DOPPIO VENTILATO;7,00
TV;13367;DIVO;11,00
TV;13375;NUPRID 200 SC;0,06
TV;13382;;93,00
TV;13382;PERGADO SC;2.692,50
TV;13382;PERGADO SC DA 1 LT;7,00
TV;13382;PERGADO SC DA 500 ML;13,00
TV;13382;PERGADO SC LT 1;4,00
TV;13382;PERGADO SC ML 500;1,00
TV;13382;PERGADO SC PFnPE;35,50
TV;13382;PERGADO SC X1;66,00
TV;13386;;13,00
TV;13386;PROSARO;1.062,50
TV;13387;FLORAMIX;71,02
TV;13389;;1.573,00
TV;13389;AFFIRM;5.512,00
TV;13389;AFFIRM KG 1;5,00
TV;13389;AFFIRM KG 10;70,00
TV;13389;AFFIRM KG 5;25,00
TV;13390;TEBUSIP 46;3,00
TV;13391;;1,00
TV;13391;CYTHRIN 50 EC;135,98
TV;13430;TENOR SC;46,80
TV;13440;SATEL;4,30
TV;13451;;4,00
TV;13451;SPARVIERO;34,00
TV;13455;;1.036,00
TV;13455;ANTIGRAM GOLD;3.600,00
TV;13455;ANTIGRAM GOLD LT 1;22,00
TV;13455;ANTIGRAM GOLD LT 5;325,00
TV;13466;;227,00
TV;13466;SPOTLIGHT PLUS;5.643,00
TV;13466;SPOTLIGHT PLUS X1;9,00
TV;13468;;2,00
TV;13468;CLINER;106,95
TV;13468;CLINER PFnPE DA 100 ML;4,60
TV;13471;NICOZEA OD;7,00
TV;13472;;18,00
TV;13472;ALIEN;248,00
TV;13485;;440,00
TV;13485;FOLPEC 80 WG ADVANCE;16.250,00
TV;13486;JUDO;2,00
TV;13489;;91,50
TV;13489;CYMBAL;874,00
TV;13500;CIPREN 10 WG;0,40
TV;13518;NISUS 3B;1.000,00
TV;13521;;50,00
TV;13521;HELIOCUIVRE S;1.297,00
TV;13540;QUASAR R FLOW;13.977,00
TV;13546;FLARE GOLD MZ PEPITE;2.050,00
TV;13552;;55,50
TV;13552;ZOLVIS 80 SECTOR;66.894,00
TV;13552;ZOLVIS 80 SECTOR PFnPE;255,25
TV;13560;FORZA;47,00
TV;13576;;21,80
TV;13576;RAMEPLANT WG;52,70
TV;13576;RAMEPLANT WG FPnPE;19,00
TV;13576;RAMEPLANT WG PFnPE;103,90
TV;13576;RAMEPLANT WG X0,5;26,50
TV;13577;CARPOSAN 40 CE;11,00
TV;13578;RAME CAFFARO BLU WG NEW;428,00
TV;13579;COPPER 12;11,50
TV;13579;COPPER 12 ML 500;1,50
TV;13585;;7.688,00
TV;13585;SOLOFOL;5.995,00
TV;13586;;11.580,30
TV;13586;VERDERAME 20 WG;72,50
TV;13586;VERDERAME 20 WG FPnPE;6,00
TV;13586;VERDERAME 20 WG PFnPE;16,00
TV;13592;;4,00
TV;13592;VOLARE;160,55
TV;13600;ZOLFO S.A.I.M. DOPPIO VENTILATO SCO;3.540,00
TV;13604;ZOLFO S.A.I.M. RAFFINATO DOPPIO VEN;15.075,00
TV;13612;BABEL 400;361,00
TV;13635;;10,00
TV;13635;POLTIGLIA 20 PB MANICA;397,00
TV;13635;POLTIGLIA 20 PB MANICA GR 500;5,50
TV;13635;POLTIGLIA 20 PB MANICA PFnPE;6,00
TV;13637;;255,00
TV;13637;PERGADO F;1.230,00
TV;13637;PERGADO F X5;80,00
TV;13639;ACRAMITE 480 SC;4,50
TV;13647;NEORAM BLU WG;1.210,00
TV;13647;NEORAM BLU WG PFnPE;158,00
TV;13648;SIARAM 20 WG;1.784,00
TV;13651;SPECTRO;1,00
TV;13687;;3,00
TV;13687;BURT;19,00
TV;13689;;20,00
TV;13689;FLINT MAX;68,00
TV;13689;FLINT MAX gr 500;1,00
TV;13689;FLINT MAX X0,500;0,50
TV;13691;TRIDAN COMBI T;200,00
TV;13693;BACILLUS CHEMIA;3,40
TV;13693;BACILLUS CHEMIA PFnPE;0,10
TV;13698;;645,75
TV;13698;VIVANDO;4.104,25
TV;13698;VIVANDO X1;44,00
TV;13700;ATLANTIS PRO;135,00
TV;13709;U 46 PRATI;312,00
TV;13711;;1.416,00
TV;13711;QUIZA 5 EC;103,20
TV;13714;FOLPEC 50 SC;6.690,00
TV;13716;CAPTAN ARVESTA 80 WG;59,00
TV;13719;;29.200,00
TV;13719;THIAMON 80 PLUS;59.575,00
TV;13719;THIAMON 80 PLUS DA 25 KG;2.055,00
TV;13742;PERGADO MZ;90,00
TV;13743;KUKAR 22;7,00
TV;13765;SHERPA 100 EW;1,00
TV;13771;NIMROD 250 EW;33,00
TV;13779;;70,00
TV;13779;MOXIMATE M;706,00
TV;13785;;90,00
TV;13785;QUANTUM MZ;12,00
TV;13786;;20,00
TV;13786;QUANTUM R;140,00
TV;13786;QUANTUM R KG 5;15,00
TV;13787;;4,00
TV;13787;RIVIERA R;10,00
TV;13789;PRIMERO;2,00
TV;13791;GEATER-STAR;133,00
TV;13792;STABILAN;190,00
TV;13794;SPADA WDG;361,00
TV;13794;SPADA WDG DA 1 KG;14,00
TV;13796;CELL;29,00
TV;13801;TOUCHDOWN HOBBY;0,25
TV;13801;TOUCHDOWN HOBBY PFnPE;70,50
TV;13809;;8.660,00
TV;13809;FORCE ULTRA;101.605,60
TV;13809;FORCE ULTRA DA 10 KG;640,00
TV;13809;FORCE ULTRA KG 10;4.800,00
TV;13812;NOTO 40 OD;191,00
TV;13815;TUTOR 18-15;224,70
TV;13817;ALIAL WG;1,00
TV;13818;ALIAL TRIPLE WP;140,00
TV;13820;BAYTEROID 25 EC;2,00
TV;13823;ALVERDE;10,18
TV;13838;;1,50
TV;13838;XEDAVIR PFnPE;17,00
TV;13841;;513,00
TV;13841;FOCUS ULTRA;1.875,00
TV;13841;FOCUS ULTRA LT 5;40,00
TV;13843;ZELIG 480 EC;20,00
TV;13858;MEDIATOR EXTRA SL;0,04
TV;13877;;1,00
TV;13885;MICROCOPP NEUTRO FL;90,00
TV;13888;;835,00
TV;13888;FANTIC F NC WG;1.178,00
TV;13895;;235,00
TV;13895;SAVIRAN STAR;780,00
TV;13905;BANJO;199,00
TV;13913;ORIUS P;105,00
TV;13926;;23,50
TV;13926;SPONSOR;703,00
TV;13927;ZAMIR 18;181,00
TV;13955;MITIGREEN;372,00
TV;13981;;127,90
TV;13981;CORAGEN;837,90
TV;13981;CORAGEN (TWIN PACK MAIS);2,80
TV;13981;CORAGEN ML 500;1,00
TV;13983;HUSSAR MAXX PRO;3,00
TV;13998;;161,00
TV;13998;PYRUS 400 SC;615,00
TV;14005;;30,00
TV;14005;CLORTOSIP 500 SC;196,00
TV;14005;CLORTOSIP 500 SC LT. 5;15,00
TV;14005;CLORTOSIP 500SC;400,00
TV;14005;CLOSTOSIP 500 SC;5,00
TV;14018;BASIC;116,00
TV;14018;BASIC PFnPE;16,00
TV;14020;;1.077,00
TV;14020;LIDAL;647,00
TV;14020;LIDAL DA 1 LT;77,00
TV;14021;;5,00
TV;14021;BREK DUO;140,00
TV;14024;PERFIL 10 WP;72,50
TV;14042;SUPRAFOS EC;139,00
TV;14052;HALLIG 80 WG;4,00
TV;14058;;31,75
TV;14058;FEINZIN 70 DF;882,25
TV;14058;FEINZIN 70 DF GR. 250;28,50
TV;14058;FEINZIN 70 DF KG 0,25;5,50
TV;14061;;3,00
TV;14061;TRIANUM-P;0,50
TV;14062;;1.910,00
TV;14062;ZOXIUM 240 SC;17.636,30
TV;14062;ZOXIUM 240 SC DA 1 LITRO;26,00
TV;14062;ZOXIUM 240 SC LT 1;14,00
TV;14062;ZOXIUM 240 SC X1;12,00
TV;14062;ZOXIUM 240 SC X5;30,00
TV;14076;CYPRUS 25 DF;2.814,60
TV;14076;CYPRUS 25 DF PFnPE;1,20
TV;14077;;11,00
TV;14077;CHAMP 20 DF;356,00
TV;14091;APHOX;20,00
TV;14099;ASPOR WDG;610,00
TV;14100;KANEMITE;76,00
TV;14101;CARAMBA;44,00
TV;14102;BORDOFLOW NEW;913,00
TV;14119;;24,00
TV;14119;VISIR PENCOTECH;402,00
TV;14122;KATAR;13,00
TV;14127;MEVAXIL COBRE;490,25
TV;14128;ZIGNAL;205,00
TV;14136;OBERON;21,50
TV;14137;;0,50
TV;14137;ALTACOR;64,20
TV;14137;ALTACOR GR 100;0,50
TV;14137;ALTACOR GR 300;3,90
TV;14154;;0,06
TV;14154;PIRETRO ACTIGREEN;6,33
TV;14154;PIRETRO ACTIGREEN PFnPE;26,29
TV;14156;;330,00
TV;14156;CURZATE R WG;5.267,00
TV;14156;CURZATE R WG DA 1 KG;285,00
TV;14156;CURZATE R WG DA 10 KG;260,00
TV;14156;CURZATE R WG KG 1;26,00
TV;14156;CURZATE R WG KG 10;300,00
TV;14163;SARMOX 440 WG;12,00
TV;14165;;1.525,00
TV;14165;NANDO MAXI;1.383,00
TV;14166;;267,00
TV;14166;ZETOR;127,00
TV;14168;SILWET VELONEX;7,00
TV;14169;;70,00
TV;14169;PERGADO R;1.940,00
TV;14178;;0,60
TV;14178;TRI-BASE;114,60
TV;14182;ARES 25 WG;60,00
TV;14190;MAVRIK EW;10,65
TV;14190;MAVRIK EW ML 100;0,90
TV;14193;;80,00
TV;14193;SARMOX 45 DG;1.116,50
TV;14208;;330,00
TV;14208;RELDAN LO;4.484,00
TV;14208;RELDAN LO DA 1 LT;40,00
TV;14208;RELDAN LO DA 5 LT;35,00
TV;14208;RELDAN LO LT 5;30,00
TV;14210;;48,00
TV;14210;EVURE;591,00
TV;14214;RAPSAN 500 SC;219,00
TV;14232;;3,50
TV;14257;UNDERLINE 0,2 G;50,00
TV;14262;;0,20
TV;14262;GREENEX NF;142,89
TV;14262;GREENEX NF PFnPE;4.668,13
TV;14262;GREENEX NF PFnPE DA 40 ML;1,92
TV;14263;;0,06
TV;14263;BIOTEN;898,30
TV;14263;BIOTEN GR 50;0,55
TV;14281;BUCTRIL UNIVERSAL;88,00
TV;14283;FLUOROX;0,05
TV;14290;;10,50
TV;14290;KOHINOR 200 SL;0,71
TV;14294;;0,10
TV;14294;EXECUTIVE;0,70
TV;14323;BELPROMEC;520,00
TV;14332;TANGO MZ PLUS;594,00
TV;14336;NEMATHORIN 150 EC;19,00
TV;14348;;463,00
TV;14348;AGRON R WG;999,05
TV;14350;ZOLFO RAMATO 5;569,00
TV;14387;NERVURE SUPER;61,00
TV;14389;DESSICASH 200 SL;5,00
TV;14405;MERLIN FLEXX;866,00
TV;14406;;901,50
TV;14406;LEIMAY;1.296,50
TV;14406;LEIMAY PFnPE;23,50
TV;14406;LEIMAY X0,750;24,00
TV;14407;;14,80
TV;14407;RUNWAY;100,50
TV;14409;;591,00
TV;14409;MOVENTO 48 SC;4.672,00
TV;14409;MOVENTO 48 SC LT 5;15,00
TV;14409;MOVENTO 48SC L1;4,00
TV;14409;MOVENTO 48SC L5;10,00
TV;14414;;15,50
TV;14414;DUSTY;40,00
TV;14414;DUSTY PFnPE;443,50
TV;14418;;250,00
TV;14418;PULSAR 40 SL;569,00
TV;14418;PULSAR 40 SL DA 1 LT;2,00
TV;14418;PULSAR 40 SL LT 5;120,00
TV;14419;TRUST SC;4,00
TV;14426;GEODIS;5,00
TV;14431;;8,00
TV;14431;LENTAGRAN 45 WP;148,00
TV;14431;LENTAGRAN 45 WP GR 200;0,80
TV;14432;;1,00
TV;14432;METRIC;1.912,00
TV;14432;METRIC LT 5;120,00
TV;14434;;0,16
TV;14461;CURIT DUO;20,00
TV;14462;KOBAN T;5,00
TV;14472;PARTNER EC;179,00
TV;14474;TEBUSIP COMBI;1,00
TV;14479;;1.330,00
TV;14479;SCHERMO 0.5 G;8.020,00
TV;14510;ELECTIS TRIO;6,00
TV;14525;MAROX SX;0,60
TV;14559;AGREE WG;379,00
TV;14573;BACTOSPEINE 32 WG;8,00
TV;14575;TRIMMER SX;2,10
TV;14576;CUTRIL EVO;170,00
TV;14577;;4.580,00
TV;14577;FORUM R 3B;5.569,00
TV;14577;FORUM R 3B KG 1;3,00
TV;14577;FORUM R 3B KG 10;30,00
TV;14577;FORUM R 3B X10;20,00
TV;14579;;10,00
TV;14579;RAMIN 30 DF;1.030,00
TV;14579;RAMIN 30 DF DA 10 KG;60,00
TV;14636;;6,00
TV;14636;BIOLID UP;1.990,10
TV;14636;BIOLID UP LT 5;10,00
TV;14636;BIOLID UP ML 500;18,50
TV;14636;BIOLID UP PFnPE;10,50
TV;14636;BIOLID UP X25;25,00
TV;14636;BIOLID UP X5;20,00
TV;14638;;30,00
TV;14638;NETOR;145,00
TV;14638;NETOR LT 5;65,00
TV;14642;;13.447,00
TV;14642;RIDOMIL GOLD R WG;72.593,95
TV;14642;RIDOMIL GOLD R WG DA 1 KG;193,00
TV;14642;RIDOMIL GOLD R WG DA 5 KG;320,00
TV;14642;RIDOMIL GOLD R WG KG 1;24,00
TV;14642;RIDOMIL GOLD R WG KG 10;20,00
TV;14642;RIDOMIL GOLD R WG KG 5;5,00
TV;14642;RIDOMIL GOLD RWG X10;270,00
TV;14643;CENTIUM 36 CS;87,00
TV;14664;BERELEX 40 SG;68,06
TV;14679;;200,00
TV;14679;CHEMOL PLUS;122,00
TV;14684;SUPERBO;149,00
TV;14685;ACROBAT R 3B;10,00
TV;14686;KOCIDE OPTI;6.180,00
TV;14686;KOCIDE OPTI DA 5 KG;95,00
TV;14697;;1.760,00
TV;14697;ENERVIN DUO;4.454,00
TV;14697;ENERVIN DUO DA 1 LT;10,00
TV;14699;;3,00
TV;14699;GEOXE;12,00
TV;14730;;28,00
TV;14730;CHIMIGOR 40 ST;57,00
TV;14730;CHIMIGOR 40 ST LT 1;2,00
TV;14730;CHIMIROGOR 40 ST;3,00
TV;14730;CHIMIROGOR 40ST;3,00
TV;14735;;2,50
TV;14735;RANMAN TOP;4,50
TV;14737;;2.216,00
TV;14737;ROUNDUP PLATINUM;11.363,00
TV;14737;ROUNDUP PLATINUM LT 15;330,00
TV;14737;ROUNDUP PLATINUM LT 5;20,00
TV;14737;ROUNDUP PLATINUM PFnPE;183,00
TV;14739;;4,00
TV;14739;DECIS PROTECT;97,50
TV;14739;DECIS PROTECT PFnPE;276,00
TV;14758;KARATE WITH ZEON TECHNOLOGY 1.5 HOB;4,80
TV;14760;RASIKAL PRO;1.332,00
TV;14764;SLUXX;200,00
TV;14764;SLUXX PFnPE;20,00
TV;14765;;9,00
TV;14765;ELUMIS;53,00
TV;14769;;11,00
TV;14769;COMET 250 EC;202,00
TV;14772;;85,00
TV;14772;BANDERA;2,00
TV;14785;DRISCOLL;42,63
TV;14785;DRISCOLL ML 500;23,50
TV;14785;DRISCOLL PFnPE;53,12
TV;14785;DRISCOLL PFnPE ML 50;0,25
TV;14794;AVALON SC;81,00
TV;14797;SIATTOL 200 PLUS;0,20
TV;14799;AFLOR 200 SL;0,03
TV;14805;;50,00
TV;14805;QUASAR MZ WG;1.351,00
TV;14809;CUPRAVIT BIO EVOLUTION;1.131,00
TV;14812;;4.755,00
TV;14812;ENERVIN TOP;54.816,00
TV;14812;ENERVIN TOP KG 1;13,00
TV;14812;ENERVIN TOP KG 5;175,00
TV;14812;ENERVIN TOP X5;30,00
TV;14815;;1.864,00
TV;14815;ADENGO;4.278,00
TV;14815;ADENGO DA 10 LT;10,00
TV;14815;ADENGO DA 2 LITRI;50,00
TV;14815;ADENGO LT 10;230,00
TV;14815;ADENGO LT 2;24,00
TV;14830;;5,00
TV;14830;CUPROFIX ULTRA DISPERSS;4.290,00
TV;14836;BARBARIAN BIOGRADE 360;503,50
TV;14836;BARBARIAN BIOGRADE 360 PFnPE;1.308,50
TV;14837;;1.037,00
TV;14837;GLIFOSAR FLASH;9.079,00
TV;14837;GLIFOSAR FLASH DA 1 LT;15,00
TV;14837;GLIFOSAR FLASH PFnPE;565,00
TV;14837;GLIFOSAR FLASH PFnPE da 500 ml;40,00
TV;14838;BARCLAY GALLUP BIOGRADE 360;1.769,00
TV;14845;MYSTIC PLUS S;30,00
TV;14846;AVALON 250 EW;302,00
TV;14854;KARAMAT M;47,00
TV;14872;BELLIS DRUPACEE;70,00
TV;14876;GRANDSTAND;90,00
TV;14879;;3,45
TV;14879;LONTREL 72 SG;3,75
TV;14884;;1.227,00
TV;14884;CORUM;3.277,00
TV;14884;CORUM LT 1;5,00
TV;14884;CORUM LT 5;15,00
TV;14885;ROUNDUP RAPIDO;29,00
TV;14891;;3,00
TV;14891;TRICO;271,00
TV;14891;TRICO PFnPE;21,50
TV;14895;;6,00
TV;14895;LANNATE 20 SL;14,00
TV;14897;FLUROSTAR 200;102,00
TV;14898;;9,00
TV;14900;KENKIO;1.905,00
TV;14901;CONCORDE 125;3,50
TV;14919;;0,25
TV;14919;EMERALD 125;13,15
TV;14919;EMERALD 125 PFnPE;8,48
TV;14919;EMERALD 125 PFnPE ML 50;0,30
TV;14920;ZOLFO 80 WP ZOLFINDUSTRIA;7.610,00
TV;14925;SWING EX-TRA;10,50
TV;14935;TIMELINE TRIO;95,00
TV;14936;;17,00
TV;14936;AMPLIGO;217,00
TV;14938;DEDICATE;784,25
TV;14938;DEDICATE ML 250;4,75
TV;14940;TAKUMI;0,75
TV;14947;;11,00
TV;14947;TRUSTEE 450;898,50
TV;14947;TRUSTEE 450 LQ ML 500;90,00
TV;14947;TRUSTEE 450 PFnPE;1.624,00
TV;14947;TRUSTEE 450 PFnPE DA 0,500 LITRI;132,00
TV;14951;BOTECTOR;25,20
TV;14967;;25,00
TV;14967;TIPTOR ULTRA;17,00
TV;14969;HOPPER 480;640,00
TV;14970;POLYSECT ULTRA SL;6,90
TV;14972;;2,00
TV;14972;DICARZOL 50 SP;90,00
TV;14980;AFFINITY PLUS;1,00
TV;14983;EXEMPTOR;3.131,00
TV;15005;;9,00
TV;15005;FONTELIS;26,00
TV;15008;;12,00
TV;15008;LBG - 01F34;4.438,00
TV;15013;;3,00
TV;15013;NATRIA LUMACHICIDA;124,50
TV;15013;NATRIA LUMACHICIDA PFnPE;188,80
TV;15019;RIVIERA;1.185,00
TV;15023;DERREX;400,00
TV;15024;;1,00
TV;15024;MESUROL 200 SC;404,00
TV;15034;DICOPHAR;18,10
TV;15034;DICOPHAR PFnPE;8,30
TV;15034;DICOPHAR X0,5;2,50
TV;15037;;63,00
TV;15037;BREZZA;1.090,00
TV;15037;BREZZA LT 1;13,00
TV;15041;;1,00
TV;15041;OPINION ECNA;89,50
TV;15047;;10,00
TV;15047;R6 ERRESEI BORDEAUX WG;12.199,00
TV;15047;R6 ERRESEI BORDEAUX WG PFnPE;18,00
TV;15048;MOXYL 45 WG;1.718,00
TV;15049;;6,00
TV;15049;MODDUS;2,00
TV;15050;VERTIMEC PRO;427,00
TV;15051;;20,00
TV;15051;KYLEO;85,00
TV;15052;;4,00
TV;15057;;7,00
TV;15057;DICOTEX RTU;24,00
TV;15058;;13,64
TV;15058;PRINCIPAL MAIS;335,88
TV;15058;PRINCIPAL MAIS DA 440 GR;4,40
TV;15058;PRINCIPAL MAIS GR 440;1,32
TV;15059;;185,75
TV;15059;DECIS EVO;1.042,25
TV;15059;DECIS EVO DA 1 LT;1,00
TV;15059;DECIS EVO LT 5;20,00
TV;15062;;15,00
TV;15062;PIRAMAX  EC;114,00
TV;15063;;1,70
TV;15064;MAESTRO WG ADVANCE;15,00
TV;15070;OS-169;68,00
TV;15071;;958,00
TV;15071;EVOLUTION;1.799,00
TV;15079;JUVINAL ECHO;10,00
TV;15084;;308,50
TV;15084;DRUM;148,00
TV;15085;VITISAN 45 WG;9,00
TV;15093;;55,50
TV;15093;CENTURIO;366,40
TV;15093;CENTURIO PFnPE;13,50
TV;15094;FOSBEL 80 WG;1,00
TV;15096;;2.111,00
TV;15096;GLIPHOGAN TOP CL;1.027,70
TV;15096;GLIPHOGAN TOP CL PFnPE;6.104,50
TV;15096;GLIPHOGAN TOP CL PFnPE DA 0,500 LIT;96,00
TV;15096;GLIPHOSAN TOP CL 500;48,00
TV;15101;CIMORAM ULTRA WG;115,00
TV;15102;VITENE R WG;180,00
TV;15111;MIRADOR SC;40,00
TV;15115;;30,00
TV;15115;PROSPER 500 EC;348,00
TV;15115;PROSPER 500 EC DA 1 LT;3,00
TV;15115;PROSPER 500EC X1;135,00
TV;15116;ELIOS R;64,00
TV;15120;;3.630,00
TV;15123;ALTAIR 2,5 EC;352,00
TV;15124;ZANTARA;207,00
TV;15125;;85,00
TV;15125;PROLECTUS;27,00
TV;15127;;820,00
TV;15127;SANVINO;2.435,00
TV;15130;;371,00
TV;15130;INTREPID;1.931,00
TV;15130;INTREPID DA 1 LT;1,00
TV;15135;OLEOSAN PLUS;13,50
TV;15138;BAROCCO 80 WG;4.475,00
TV;15142;;105,00
TV;15142;ALCANCE SYNC TEC;2.220,00
TV;15142;ALCANCE SYNC TEC DA 5 LT;75,00
TV;15149;;2.000,00
TV;15149;CONSAVET DF EDGE;11.340,00
TV;15149;CONSAVET DF EDGE KG 10;10,00
TV;15149;CONSAVET DF EDGE X KG.;200,00
TV;15149;COSAVET DF EDGE;172.720,00
TV;15168;;46,00
TV;15168;ZORO 1.9 EW;48,00
TV;15181;;2,00
TV;15181;CIRRUS CS;218,10
TV;15184;SATEL GEO;209,00
TV;15193;;5,00
TV;15193;CONTATTO PI' EXTRA;5,00
TV;15193;CONTATTO PIU' EXTRA;200,00
TV;15196;FOSBEL EXTRA;2.059,00
TV;15199;;2,00
TV;15199;SAKURA;13,00
TV;15200;QUALY;1.815,00
TV;15201;FLOXY 400 SC;254,00
TV;15213;;25,36
TV;15213;DEMETRINA FLOW;69,58
TV;15213;DEMETRINA FLOW pfnpe;3,12
TV;15221;;1.954,00
TV;15221;ZETARAM PLUS;1.160,00
TV;15222;;1.100,00
TV;15222;FOLICUR COMBI WG;2.722,00
TV;15223;;20,00
TV;15223;PANTANI;80,00
TV;15227;MESUROL EVOLUTION PFnPE;3,45
TV;15232;AMISTAR ULTRA;50,00
TV;15233;DALET TRIO;340,00
TV;15234;MOMENTUM F;10,00
TV;15235;;7,50
TV;15235;MOMENTUM;4.033,00
TV;15235;MOMENTUM KG 1;2,00
TV;15235;MOMENTUM KG 5;10,00
TV;15235;MOMENTUM PFnPE;73,50
TV;15237;CHIKARA DUO;185,80
TV;15250;COPRANTOL DUO;13.520,00
TV;15251;AIRONE LIQUIDO;3.623,00
TV;15251;AIRONE LIQUIDO DA 1 LT;65,00
TV;15252;VITIPEC R;82,00
TV;15252;VITIPEC R DA 1 KG;52,00
TV;15253;FALCON MK;865,00
TV;15260;PRORADIX;0,96
TV;15263;;101,00
TV;15263;DYNALI;735,00
TV;15264;;31,50
TV;15264;ENERVIN SC;4.940,50
TV;15265;;1,00
TV;15265;PROMAN FLOW;20,00
TV;15266;;390,00
TV;15266;QUARTET;11.540,00
TV;15267;KUSABI;351,00
TV;15274;ALIAL SYSTEM;8,00
TV;15285;PRIMMA STAR;0,69
TV;15289;;0,10
TV;15289;SERENADE NATRIA;0,40
TV;15289;SERENADE NATRIA PFnPE;2,10
TV;15290;AXIDOR;100,00
TV;15291;;6,00
TV;15291;TURFENE PLUS;226,80
TV;15293;MAVITA 250 EC;63,00
TV;15296;HERBISTOP GIARDINO;0,10
TV;15302;;868,00
TV;15302;AMYLO-X;1.440,00
TV;15302;AMYLO-X KG 1;16,00
TV;15303;MET52 GRANULARE;5.060,00
TV;15307;DEDALUS 25 WDG;0,50
TV;15310;;106,00
TV;15310;NISSHIN EXTRA 6 OD;403,00
TV;15311;;370,00
TV;15311;TIZCA;123,00
TV;15313;ZOLFO SC;113,00
TV;15315;ALEF;50,00
TV;15317;SESTO GOLD;15.485,00
TV;15325;;20,00
TV;15325;CORNER MZ WG;1.460,00
TV;15325;CORNER MZ WG 10KG;30,00
TV;15326;CUPROTEK DISPERSS;52.990,00
TV;15327;METAMAN 8-64 WG;110,00
TV;15330;PINDARUS 25 WDG;21,50
TV;15331;ZEFIR 25 WDG;126,50
TV;15333;APPLAUD PLUS;42,40
TV;15333;APPLAUD PLUS PFnPE DA 20 GR;0,44
TV;15333;APPLAUD PLUS PFnPE DA 50 GR;1,20
TV;15335;;5,00
TV;15337;EXPRESS;5,20
TV;15340;;2,00
TV;15340;FEUDO 50 WP;184,60
TV;15344;;17,00
TV;15344;FILAN WG;649,00
TV;15344;FILAN WG DA 1 KG;2,00
TV;15346;FLEXITY;1.523,00
TV;15348;;146,00
TV;15348;RIDOMIL GOLD R LIQUIDO;8.339,00
TV;15349;;14,00
TV;15349;ARES 430 SC;145,00
TV;15351;POWERSHUT;3,00
TV;15356;;1,00
TV;15356;SPHINX SC;2.097,00
TV;15356;SPHINX SC X1;90,00
TV;15358;ZOLFO FLOW MCT;11.720,00
TV;15358;ZOLFO FLOW MCT PFnPE;36,50
TV;15358;ZOLFO FLOW MCT X0,5;38,00
TV;15359;VITIL 8-64 WG;1.640,00
TV;15361;LIETO;87,00
TV;15363;MEDEIRO 80 WG ADVANCE;7.564,00
TV;15365;;2,00
TV;15370;;10,00
TV;15370;FURY GEO;330,00
TV;15370;FURY GEO KG10;140,00
TV;15378;;3,00
TV;15378;TRAXOS PRONTO 60;107,00
TV;15379;;22,50
TV;15379;AXIAL PRONTO 60;131,00
TV;15384;;16,00
TV;15384;LUNA EXPERIENCE;37,00
TV;15389;FLARE GOLD R WG;14.780,00
TV;15392;QUANTUM MZ WDG KG 10;10,00
TV;15401;;87,50
TV;15401;TAIFUN MK CL;9.656,00
TV;15401;TAIFUN MK CL PFnPE;3.397,50
TV;15401;TAIFUN MK CL PFnPE ML 500;1.170,50
TV;15402;DELTASAP;28,00
TV;15405;;5,00
TV;15405;SHAMAL MK PLUS CL;3.679,50
TV;15405;SHAMAL MK PLUS CL PFnPE;613,50
TV;15407;;10,00
TV;15416;DIZOLE;39,00
TV;15419;;200,00
TV;15419;ELECTIS R FLOW;8.207,00
TV;15427;RIFOS 550 EC;10,00
TV;15433;ATLAS;138,00
TV;15448;;241,00
TV;15448;REBEL TOP;705,00
TV;15448;REBEL TOP PFnPE;4,00
TV;15449;;85,00
TV;15449;CIDELY;4.589,00
TV;15449;CIDELY DA 1 LT;40,00
TV;15449;CIDELY LT 1;1,00
TV;15451;;515,00
TV;15451;ELIOS WG TOP;1.495,00
TV;15455;TELDOR PLUS ORTO PFnPE;3,10
TV;15493;;20,00
TV;15493;SIMUN 40 OD;64,00
TV;15497;KESHET 25 EC;4,00
TV;15498;ARPEL DUO;38,00
TV;15499;;5,25
TV;15499;SONG 70 WDG;305,75
TV;15505;SILBOT 500 SC;3.905,00
TV;15507;;284,00
TV;15507;CREW SUPERB;9,00
TV;15513;;300,00
TV;15513;OSSICLOR 35 WG GREEN;253,00
TV;15514;CUPRAVIT BLU 35 WG;824,90
TV;15514;CUPRAVIT BLU 35 WG GR 500;24,50
TV;15514;CUPRAVIT BLU 35 WG PFnPE;15,00
TV;15514;CUPRAVIT BLU 35 WG PFnPE DA 100 GR;4,80
TV;15515;POLTIGLIA 20 PB GREEN;25,00
TV;15524;INTERCEPT;14.950,00
TV;15534;PREVINT DUO;217,00
TV;15537;DELTAGRI;69,00
TV;15542;ANTILUMACHE FER;2,00
TV;15543;LUMACHICIDA FER PFnPE;16,00
TV;15546;;25,00
TV;15546;BIATHLON 4D;57,00
TV;15549;;2,00
TV;15549;PROLECTUS 50 WG;143,00
TV;15550;;12,00
TV;15550;MERLIN FLEXX XTRA;42,00
TV;15550;MERLIN FLEXX XTRA (MERLIN PLATINUM ;20,00
TV;15553;REGALIS PLUS;16,50
TV;15566;;15,00
TV;15566;VISION PLUS;46,00
TV;15572;ZOMINEX;3,00
TV;15573;;4,00
TV;15573;PROMESS SL;2,00
TV;15574;;415,00
TV;15574;KARMA 85;1.632,00
TV;15580;;10,00
TV;15581;BARKAN;48,00
TV;15581;BARKAN DA 1 LT;15,00
TV;15583;PIRAT;377,00
TV;15588;SAMSON;45,00
TV;15591;;2.064,00
TV;15591;PREVINT TOP;18.502,00
TV;15591;PREVINT TOP DA 1 KG;96,00
TV;15591;PREVINT TOP DA 5 KG;65,00
TV;15591;PREVINT TOP X5;420,00
TV;15596;;29,00
TV;15596;LASCAR;8,00
TV;15596;LASCAR DA 1 LT;2,00
TV;15610;CYPERKILL 50 EC;146,00
TV;15621;;2,52
TV;15621;BOTTO 50 EC;326,95
TV;15621;BOTTO 50 EC ML 250;0,75
TV;15621;BOTTO 50 EC PFnPE;33,95
TV;15623;COSMOS 550 EC;6,00
TV;15626;ORBIT 440 EC;71,00
TV;15630;PALMAS 45% WG;15,00
TV;15633;REVUS TOP;12,00
TV;15635;;165,00
TV;15635;ADENGO XTRA;2.011,00
TV;15635;ADENGO XTRA DA LT 0,5;3,00
TV;15640;PROLINE STAR;240,00
TV;15642;HYDRA PLUS;105,00
TV;15651;FLANKER;296,00
TV;15654;;3,00
TV;15654;ACCORD;4,00
TV;15661;SENEGO;3,00
TV;15668;;17,75
TV;15668;GHIBLI 240 OD;405,75
TV;15674;AMADEUS TOP;5,80
TV;15674;AMADEUS TOP GR 250;0,75
TV;15677;KARDON 100;14,00
TV;15687;MICLOCUR;165,00
TV;15690;ALIAL RAMATO;50,00
TV;15693;LISTEGO;6,00
TV;15711;ALSYSTIN;6,50
TV;15713;;8,40
TV;15713;DIABLO SC;41,40
TV;15722;;450,00
TV;15722;ARMICARB 85;1.482,00
TV;15722;ARMICARB 85 PFnPE;245,00
TV;15725;DUAXO;5,00
TV;15725;DUAXO PFnPE;105,60
TV;15736;;500,00
TV;15741;AVADEX FACTOR;80,00
TV;15743;TWINGO;4.000,00
TV;15744;REBOOT;40,50
TV;15748;;38,00
TV;15748;SYLLIT 544 SC;286,00
TV;15748;SYLLIT 544 SC LT 5;20,00
TV;15751;VITENE TRIPLO R;1.337,00
TV;15751;VITENE TRIPLO R PFnPE;243,50
TV;15751;VITENE TRIPLO R PFnPE GR 500;13,00
TV;15753;PYXIDES DUO;9,00
TV;15779;ABANTO;8,37
TV;15779;ABANTO ML 50;0,50
TV;15780;OSSICLOR 50 PB GREEN;240,00
TV;15793;FUTURECO NOFLY WP;0,50
TV;15806;ONYX;47,00
TV;15817;;39,00
TV;15817;GLADIATOR;2.164,00
TV;15830;FUNGUSCLEAR ULTRA GUN;5,00
TV;15831;VACCIPLANT;6,00
TV;15834;TRACER 120;5,00
TV;15838;ROUNDUP ULTRAMAX;40,00
TV;15839;MAXCEL 2 SL;24,00
TV;15842;AFICIONADO;18,00
TV;15844;;1.225,00
TV;15844;SLOGAN TOP;4.758,00
TV;15844;SLOGAN TOP 5KG;475,00
TV;15844;SLOGAN TOP DA 1 KG;253,00
TV;15844;SLOGAN TOP DA 5 KG;185,00
TV;15845;ARAGON;15,00
TV;15856;;11,00
TV;15856;AZAKA;270,00
TV;15858;FUNGUSCLEAR ULTRA ML 100;0,30
TV;15859;KATANGA EXPRESS;1.258,00
TV;15859;KATANGA EXPRESS DA 1 KG;3,00
TV;15886;METAREX INOV;25,00
TV;15894;;280,00
TV;15894;DUO-CAR20 EW;7,00
TV;15894;DUOKAR 20 EW;213,00
TV;15895;ALTAIR 20 EW;506,00
TV;15897;ALFIL WG;3.740,00
TV;15900;;3.340,00
TV;15900;TRIKA EXPERT;7.380,00
TV;15900;TRIKA EXPERT PFnPE;740,00
TV;15901;;80,00
TV;15901;ERCOLE;7.047,00
TV;15901;ERCOLE PFnPE;367,50
TV;15907;;1.213,00
TV;15907;PRESIDIUM ONE;5.252,40
TV;15907;PRESIDIUM ONE DA 1 LT;89,00
TV;15907;PRESIDIUM ONE LT 1;20,00
TV;15907;PRESIDIUM ONE LT 5;10,00
TV;15907;PRESIDIUM ONE PFnPE;80,80
TV;15907;PRESIDIUM ONE PFnPE DA 200 ML;38,60
TV;15910;KARAKAS;6,00
TV;15911;;38,00
TV;15911;SPIROX;3.840,00
TV;15912;CUPRO ISAGRO WG;40,00
TV;15912;CUPRO ISAGRO WG DA 1 KG.;28,00
TV;15912;CUPRO ISAGRO WG DA 10 KG.;70,00
TV;15915;;17,00
TV;15915;STARANE HD;10,00
TV;15917;ZENITH GOLD;23,00
TV;15924;RUSTLER;9,00
TV;15926;MOJANG 600;65,00
TV;15927;MOJANG T;45,00
TV;15929;JALISCO GR 500;2,50
TV;15932;AXIENDO CONCENTRATO;11,90
TV;15933;AXIENDO PRONTO USO;76,80
TV;15949;PROMEX;82,00
TV;15961;RETENGO NEW;139,00
TV;15962;LECTRA MZ WG;8.560,00
TV;15965;BORDER;58,00
TV;15983;KUKAR;89,00
TV;15990;;1,70
TV;15990;SCIROCCO 125 EW;260,50
TV;15990;SCIROCCO 125 EW PFnPE;14,90
TV;15996;;42,00
TV;15996;PATRIOT DRY;319,00
TV;15996;PATRIOT DRY PFnPE;5,00
TV;16000;;27,00
TV;16000;MINUET GR;218,25
TV;16010;ACRUX 10 WP;1,00
TV;16030;;91,00
TV;16030;CONTENDER WG;290,00
TV;16030;CONTENDER WG KG 10;20,00
TV;16032;RADAR 10 EC;4,00
TV;16033;;11,00
TV;16033;HEREU SC;118,00
TV;16034;DOURO 100 EC;499,00
TV;16035;THEOREM;1.152,00
TV;16037;MOJANG TX;750,00
TV;16037;MOJANG TX 5L;25,00
TV;16042;;1,65
TV;16042;TOSCANA;22,65
TV;16050;;5,75
TV;16050;RADIANT SC;95,50
TV;16050;RADIANT SC X0,250L;0,75
TV;16051;;410,00
TV;16051;LENNS;616,00
TV;16051;LENNS PFnPE;84,00
TV;16054;SINSTAR;1.336,00
TV;16055;KENPYR;5,00
TV;16063;ARIGO;68,97
TV;16064;CREDIT 540;1.305,00
TV;16068;;877,00
TV;16068;FOLDER 80 WG;5.150,00
TV;16068;FOLDER 80WG KG 10;410,00
TV;16071;;5,75
TV;16071;MESOZIN 70 WG;316,50
TV;16071;MESOZIN 70 WG DA 250 GR;7,00
TV;16071;MESOZIN 70 WG GR 250;125,00
TV;16074;GLORIAL 25 EC;60,00
TV;16074;GLORIAL 25 EC DA 1 LT;2,00
TV;16076;MITIGREEN FULL;16,00
TV;16076;STARSHIP;6,00
TV;16083;STIKER FLOW;3,50
TV;16083;STIKER FLOW ML 100;0,10
TV;16084;;0,50
TV;16084;BREVIS;3,50
TV;16086;NEMGUARD GRANULES;10,00
TV;16086;NEMGUARD GRANULES PFnPE;2,00
TV;16092;CICLOPE;23,00
TV;16098;NIBER 70 DF;456,75
TV;16099;SINIS 70 DF;111,50
TV;16101;TOPAS COMBI LIQUIDO;151,00
TV;16104;;282,00
TV;16104;ELECTIS TRIO WDG;6.372,00
TV;16104;ELECTIS TRIO WDG 10KG;120,00
TV;16104;ELECTIS TRIO WDG DA 1 KG;147,00
TV;16104;ELECTIS TRIO WDG DA 4 KG;128,00
TV;16104;ELECTIS TRIO WDG KG 10;10,00
TV;16104;ELECTIS TRIO WDG KG 4;16,00
TV;16104;ELECTIS TRIO WDG PFnPE;375,50
TV;16104;ELECTIS TRIO WDG PFnPE DA 500 GR;75,00
TV;16110;CABRIO OLIVO;2,00
TV;16114;;171,00
TV;16114;SIMITAR   EVO;4.868,00
TV;16114;SIMITAR   EVO DA 3 LT;18,00
TV;16117;SERBY;0,50
TV;16126;;7,20
TV;16126;FLANCO SC;4,00
TV;16130;;67,00
TV;16136;LUMA-GOLD;61,50
TV;16136;LUMA-GOLD PFnPE;57,60
TV;16137;;20,00
TV;16149;BABEL;1.308,00
TV;16149;BABEL DA 1 LT;5,00
TV;16157;ATLANTIS FLEX;15,84
TV;16161;;1.710,00
TV;16161;CENTURY SL;38.885,00
TV;16161;CENTURY SL 5L;40,00
TV;16161;CENTURY SL DA 5 LT;40,00
TV;16161;CENTURY SL LT 5;10,00
TV;16166;;7,50
TV;16166;POKER MAX;253,50
TV;16166;POKER MAX PFnPE;50,50
TV;16166;POKER MAX PFnPE DA 500 GR;20,00
TV;16167;MARACANA;18,00
TV;16171;;3,00
TV;16172;CAL-EX 1,9 EW;271,00
TV;16178;FOLIANE 80 WG;15.060,00
TV;16182;CLICK PRO;21,00
TV;16187;TANGO R PLUS;20,00
TV;16188;MEDIATOR PLUS;8,95
TV;16188;MEDIATOR PLUS ML 50;1,40
TV;16191;;52,00
TV;16191;TRIMAXX;123,00
TV;16194;;214,00
TV;16194;ETRAVON PRO;79,00
TV;16194;ETRAVON PRO DA 1 LT;5,00
TV;16198;EVORAM 15;10.480,00
TV;16204;ALMADA TRIO;360,00
TV;16205;;900,00
TV;16205;IDROX 20;10.900,00
TV;16210;;720,00
TV;16210;ZETARAM HI TECH;2.571,00
TV;16213;UNICORN PLUS DF;459,00
TV;16221;;1,50
TV;16221;MADEX TOP;20,60
TV;16223;CUSTOM;110,00
TV;16224;CUPRORAM 37,5 WG;470,00
TV;16225;POLTIGLIA BLU 20 WG;32,00
TV;16226;CIMOTER RAME WG;51,00
TV;16227;FOLPAN COMBI;5,00
TV;16229;RAM CYM 44 WG;150,00
TV;16229;RAM CYM 44 WG DA 10 KG;30,00
TV;16247;OXYRAM EVO;3.470,00
TV;16250;SPYRIT MZ;4.025,00
TV;16251;AFFIRM OPTI;21,00
TV;16252;;5,00
TV;16252;AMISTAR GOLD;35,00
TV;16254;;160,00
TV;16259;LABEL 70 DF;12,00
TV;16260;;200,00
TV;16261;;400,00
TV;16261;BELOUKHA;1.703,60
TV;16263;SUNJET FLORA;96,00
TV;16273;;1.980,00
TV;16273;SIVANTO PRIME;6.813,00
TV;16273;SIVANTO PRIME DA 1 LT;2,00
TV;16273;SIVANTO PRIME SL200 LT 1;1,00
TV;16273;SIVANTO PRIME X1;16,00
TV;16279;;8.650,00
TV;16279;ERCOLE GR;25.786,00
TV;16279;ERCOLE GR DA 10 KG;40,00
TV;16279;ERCOLE GR KG 10;20,00
TV;16282;;7,00
TV;16282;DIMIX;65,00
TV;16283;;862,00
TV;16283;QUANTUM R-OK;2.605,50
TV;16283;QUANTUM R-OK DA 1 KG;10,00
TV;16285;;164,00
TV;16285;KALIMBA;71,00
TV;16287;;81,00
TV;16288;;397,00
TV;16288;AMPEXIO;1.983,25
TV;16288;AMPEXIO DA 750 GR.;4,50
TV;16293;;4,00
TV;16293;PACLOT NEW;45,00
TV;16295;;10,00
TV;16295;RAPAX AS;147,75
TV;16295;RAPAX AS PFnPE;3,25
TV;16296;;437,00
TV;16296;PERGADO D;3.163,00
TV;16297;SUPPORT 100 EC;7,00
TV;16299;PASSAT SL;2.401,00
TV;16305;BONZI;191,00
TV;16315;RADAR HP;297,00
TV;16321;PENDIPHAR;140,00
TV;16323;;4,00
TV;16325;;6.121,15
TV;16325;EPIK SL;31.868,35
TV;16325;EPIK SL DA 1 LT;91,00
TV;16325;EPIK SL DA 5 LT;60,00
TV;16325;EPIK SL LT 1;69,00
TV;16325;EPIK SL LT 5;25,00
TV;16325;EPIK SL LT1;42,00
TV;16325;EPIK SL LT5;55,00
TV;16325;EPIK SL ML 100;0,80
TV;16325;EPIK SL PFnPE;1,51
TV;16325;EPIK SL PFnPE DA 15 ML;1,44
TV;16335;;13.991,00
TV;16335;LIETO SC;49.508,00
TV;16335;LIETO SC 1L;3,00
TV;16335;LIETO SC LT 1;30,00
TV;16335;LIETO SC X10;20,00
TV;16336;DELAN SC;245,00
TV;16363;;55,50
TV;16363;SIRTAKI;982,60
TV;16363;SIRTAKI ML 300;9,00
TV;16364;;409,00
TV;16364;BISMARK;3.657,00
TV;16364;BISMARK LT 10;60,00
TV;16364;BISMARK LT 5;65,00
TV;16369;ORTIVA TOP SC;11,00
TV;16370;CORELLO;5,00
TV;16379;;614,00
TV;16379;PREV-AM PLUS;5.780,00
TV;16379;PREV-AM PLUS LT 1;2,00
TV;16379;PREV-AM PLUS X1L;48,00
TV;16379;PREV-AM PLUS X5;140,00
TV;16381;CALLICORE;409,00
TV;16384;ELATUS ERA;38,00
TV;16384;ELATUS ERA LT 5;10,00
TV;16387;SILGLIF CL PLUS;670,00
TV;16395;;2,00
TV;16395;MOHICAN 500 SC;48,00
TV;16396;;93,00
TV;16396;TEMSA 100;349,00
TV;16396;TEMSA 100 DA 1 LT;9,00
TV;16396;TEMSA 100 LT 1;7,00
TV;16399;;21,40
TV;16399;DECIS 15 EW HOBBY;101,09
TV;16399;DECIS 15 EW HOBBY PFnPE;1.645,56
TV;16399;DECIS 15 EW HOBBY PFnPE DA 10 ML;1,91
TV;16399;DECIS 15 EW HOBBY PFnPE DA 50 ML;1,80
TV;16399;DECIS 15EW;3,13
TV;16416;FENOTRIX 300 SC;106,00
TV;16417;ADMIRAL ECHO PLUS;3,00
TV;16431;PREVICUR ENERGY ORTO PFnPE;2,20
TV;16431;PREVICUR ENERGY ORTO PFnPE PFnPE;1,00
TV;16432;VOLARE ORTO;0,55
TV;16434;OLIOCIN NATRIA;31,00
TV;16434;OLIOCIN NATRIA PFnPE;448,00
TV;16438;VELUM PRIME;18,00
TV;16443;;249,00
TV;16443;DOPPLER;22,00
TV;16444;DIXIE MAIS;13,80
TV;16457;POLTIGLIA 20 WG GREEN;979,50
TV;16459;;1.142,00
TV;16459;SOLEIL 50 WG;5.052,50
TV;16459;SOLEIL 50 WG KG 0,5;5,00
TV;16460;VELIERO 500 EC;695,00
TV;16462;R6 ERRESEI ALBIS ORTO;5,50
TV;16465;;2,93
TV;16465;HARASS;5,34
TV;16465;HARASS 75%;0,52
TV;16465;HARRAS;0,78
TV;16474;MATSUDA 25 WG;6,50
TV;16477;RIVAL;2,00
TV;16480;;2.976,00
TV;16480;3LOGY;11.125,00
TV;16480;3LOGY LT 4;8,00
TV;16480;3LOGY PFnPE;91,00
TV;16480;3LOGY TRILOGY X4;16,00
TV;16483;TEMIDE 50 WG;300,50
TV;16484;CIRCUIT ACCESS 36 CS;18,00
TV;16485;ROMULAN;6,00
TV;16492;VASCO;234,00
TV;16494;GULP MAX;9,00
TV;16495;FLINT ORTO;0,45
TV;16495;FLINT ORTO PFnPE;2,05
TV;16497;;8,00
TV;16497;DECIS PROTECT EW;58,00
TV;16497;DECIS PROTECT EW ML 500;1,50
TV;16497;DECIS PROTECT EW PFnPE;184,00
TV;16497;DECIS PROTECT EW PFnPE DA 500 ML;10,00
TV;16497;DECIS PROTECT EW PFnPE ML 500;34,50
TV;16498;CETUS 360 CS;93,00
TV;16503;BINARY;95,00
TV;16509;IBISCO;350,00
TV;16514;;12,00
TV;16527;;168,00
TV;16527;TELLUS WP;42,00
TV;16535;TEMIDE MZ;141,00
TV;16538;KITAMBA;50,00
TV;16545;;966,00
TV;16545;COPRANTOL HI BIO 2.0;2.720,00
TV;16545;COPRANTOL HI BIO 2.0 DA 1 KG;244,00
TV;16545;COPRANTOL HI BIO 2.0 DA 10 KG.;590,00
TV;16545;COPRANTOL HI BIO 2.0 KG 1;12,00
TV;16549;TIOGEL WG;3.342,00
TV;16561;RIKALI;206,00
TV;16562;;3.705,00
TV;16562;DELAN PRO;48.950,00
TV;16562;DELAN PRO X10;40,00
TV;16562;DELAN PRO X5;40,00
TV;16565;EXECUTIVE GOLD;3,20
TV;16566;;1.460,00
TV;16566;KUPPER 20 WG;1.590,00
TV;16566;KUPPER 20WG X10;940,00
TV;16570;SENCOR 600 SC;36,00
TV;16571;COPPER COMBI WG;10,50
TV;16577;U46 COMBI DUO;1,00
TV;16578;MELODY COMPACT WG;108,00
TV;16584;;5,00
TV;16616;;13,00
TV;16616;VALLEY;133,00
TV;16619;ACTELLIC SMOKE GENERATOR;0,63
TV;16630;NATUREN LIMEX PFnPE;1,35
TV;16632;LUNA SENSATION;1,00
TV;16635;SEGURIS ERA;16,00
TV;16647;TAG PRO;95,00
TV;16654;;2,50
TV;16654;POLYVERSUM;111,00
TV;16654;POLYVERSUM DA 500 GR;0,50
TV;16657;CENTURY PRO;70,00
TV;16658;;34,00
TV;16658;DAGONIS;1.341,00
TV;16660;ACTLET C;730,00
TV;16690;;59,00
TV;16690;KESTREL;293,00
TV;16703;SPADA 50 WG;99,00
TV;16703;SPADA 50WDG;3,00
TV;16707;TOTERBANE DUO;622,00
TV;16709;BULDOCK RTU PFnPE;18,00
TV;16737;PISON;3,00
TV;16737;ZELIG;2,00
TV;16737;ZELIG GR 50;8,00
TV;16742;NEMGUARD SC;7,00
TV;16754;SIMBA;48,00
TV;16772;AMYLO X LC;229,00
TV;16773;;160,00
TV;16779;TONALE;1.726,00
TV;16779;TONALE LT 10;140,00
TV;16779;TONALE LT 2;96,00
TV;16780;SERENADE ASO;90,00
TV;16781;CYMBAL 35 WG;1.581,00
TV;16785;JOGG;5,15
TV;16787;;15.476,00
TV;16787;CLINIC ST;28.191,00
TV;16787;CLINIC ST DA 5 LT;40,00
TV;16789;;25,00
TV;16789;TESSIOR;140,00
TV;16790;;1.295,00
TV;16790;NORDOX ENERGY;15,00
TV;16794;SILGLIF ST;26.720,00
TV;16800;AMADEUS SX GR 50;1,00
TV;16802;ZYPAR;796,00
TV;16802;ZYPAR LT 3;12,00
TV;16819;NATUR BREAKER;8,00
TV;16820;;6.144,00
TV;16829;;118,00
TV;16830;FANDANGO 360 TF;3.150,00
TV;16831;;400,00
TV;16831;GLIFENE BIOGRADE;5.640,00
TV;16831;GLIFENE BIOGRADE PFnPE;10,00
TV;16833;;85,00
TV;16833;PANTOX 360 SUPER;471,50
TV;16833;PANTOX 360 SUPER PFnPE;426,00
TV;16836;STALLION IT SYNC;1.170,00
TV;16841;EVO TRIBASIC NEW;50,00
TV;16842;CUPRAVIT BIO ADVANCED;33,00
TV;16843;COPPERLAND NEW;6.330,00
TV;16857;SHORTTRACK;3,00
TV;16867;GLISTER STAR;1.206,00
TV;16867;GLISTER STAR DA 1 LT;12,00
TV;16867;GLISTER STAR DA 5 LT;60,00
TV;16874;;1.464,00
TV;16886;;2,46
TV;16886;CLOSER;451,65
TV;16886;CLOSER DA 1 LT;1,00
TV;16886;CLOSER PFnPE;0,96
TV;16886;CLOSER PFnPE DA 40 ML;0,60
TV;16895;ZORVEC ENICADE;21,15
TV;16896;;3.168,40
TV;16896;ZORVEC ZELAVIN;9.277,93
TV;16896;ZORVEC ZELAVIN  DA 0,800 LITRI;0,80
TV;16896;ZORVEC ZELAVIN 0,200;0,80
TV;16896;ZORVEC ZELAVIN BRIA 4 HA;21,00
TV;16896;ZORVEC ZELAVIN DA 0,200 LITRI;13,40
TV;16896;ZORVEC ZELAVIN DA 0,800 LITRI;8,80
TV;16896;ZORVEC ZELAVIN VEL;2,00
TV;16896;ZORVEC ZELAVIN VEL 1 HA;11,00
TV;16896;ZORVEC ZELAVIN VEL 4 HA;27,00
TV;16897;KATOUN GOLD;40,00
TV;16901;BELOUKHA GARDEN;46,00
TV;16902;AVIATOR XPRO;205,00
TV;16904;;104,00
TV;16904;KIDEKA 100 SC;11,00
TV;16922;;108,00
TV;16922;ABINE;17,00
TV;16924;;530,00
TV;16924;ALIAS DG;9.200,00
TV;16924;ALIAS DG KG10;40,00
TV;16938;GOLDSTAR;1,00
TV;16945;;128,50
TV;16945;SERCADIS;2.397,40
TV;16945;SERCADIS DA 300 ML;0,30
TV;16951;ESQUIVE WP;35,00
TV;16952;;80,00
TV;16952;DIRIMAL;2.085,00
TV;16952;DIRIMAL 5L;40,00
TV;16954;;5,40
TV;16954;MOONLIGHT;12,60
TV;16957;ZORVEC VINABRIA;152,00
TV;16959;;7.860,00
TV;16959;DENEB 75 DG;5.900,00
TV;16959;DENEB 75 DG KG 20;20,00
TV;16966;BILO 50 GR;9,00
TV;16976;;520,00
TV;16976;VITIKAPPA;530,00
TV;16991;ROSATE 360 TF;200,00
TV;17003;PRIAXOR;155,00
TV;17007;ERADICOAT;780,00
TV;17014;;1,00
TV;17014;DELEGATE WDG;16,10
TV;17018;GEOTOX 5 C;12,00
TV;17019;AIRONE L BLU;36,00
TV;17022;THITAN GR 50;10,00
TV;17023;RIVIERA R WG;276,00
TV;17026;DUPLOSAN SUPER;100,00
TV;17058;;291,00
TV;17058;ROMEO;2.982,00
TV;17059;VINTEC;2,00
TV;17065;KAURITIL ULTRA WG;3.720,00
TV;17069;TIOVIT L;5.325,00
TV;17069;TIOVIT L DA 5 LT;20,00
TV;17072;;8,50
TV;17072;DIREX 50 GR;161,10
TV;17072;DIREX 50 GR PFnPE;1.064,50
TV;17072;DIREX GR50 DA KG;24,00
TV;17074;OMES 50 GR;260,00
TV;17075;;2.611,88
TV;17075;MOVIDA;23.266,25
TV;17075;MOVIDA DA 0,625 LITRI;41,87
TV;17075;MOVIDA DA 2,5 LITRI;27,50
TV;17075;MOVIDA LT 0,625;2,50
TV;17076;GAZELLE;1,00
TV;17078;;1.865,00
TV;17078;QUANTUM L;3.873,00
TV;17078;QUANTUM L DA 1 LT;11,00
TV;17078;QUANTUM L LT 1;2,00
TV;17079;FORCE EVO;440,00
TV;17081;CUPROSSIL IDRO NEW 20 WG;190,00
TV;17087;FOLDIM;60,00
TV;17091;;2.142,00
TV;17091;CHAMP 20 WG;7.251,00
TV;17093;MOSAIKO MICRO FLOW;2.662,00
TV;17093;MOSAIKO MICRO FLOW DA 1 LT;17,00
TV;17093;MOSAIKO MICRO FLOW DA 10 LT;30,00
TV;17094;ACTIVUS EKO;36,00
TV;17097;SPANDIS;35,00
TV;17099;ZAKEO 250 SC;72,00
TV;17107;SPYRIT 50 SC;323,00
TV;17108;;445,00
TV;17108;FEUDO 500 SC;2.136,00
TV;17111;;735,00
TV;17111;FLOVINE;9.560,00
TV;17111;FLOVINE DA 5 KG;5,00
TV;17113;MIKAL F;120,00
TV;17115;ZETROLA;4,00
TV;17116;ACTIVUS ME;132,00
TV;17119;SQUARE EC;53,00
TV;17130;FLOMILL;150,00
TV;17141;;435,00
TV;17141;SELECTRUM;1.540,00
TV;17147;PEDIMENT;20,00
TV;17163;ALMADA MZ;300,00
TV;17168;VERDRAM TRI HI BIO;170,00
TV;17170;BELKAP EXTRA;1.180,00
TV;17179;PPZ-400;60,00
TV;17188;;16,00
TV;17205;CIDIAL;32,00
TV;17264;ZOLFO LIQUIDO 80 SC;400,00
TV;17265;FILDER 500 SC;75,00
TV;17275;NOTO CLASS;704,00
TV;17276;SKIANTO PRIME;33,00
TV;17295;IMPERO 18 EC;118,00
TV;17296;TARLYS;568,00
TV;17311;VINIFOL WDG;1.340,00
TV;17317;NABUCCO;1.386,00
TV;17317;NABUCCO DA 1 LT;17,00
TV;17317;NABUCCO DA 250 ML;6,00
TV;17319;FOXPRO;48,00
TV;17323;;136,00
TV;17323;CONTENDER 800;555,00
TV;17327;SHERPA 0.8 MG;4.548,00
TV;17336;FAIRPLAY;770,00
TV;17343;ALTER 80;42,00
TV;17344;;147,00
TV;17346;EXOSET 240 EC;369,00
TV;17360;;954,00
TV;17360;MAGO;10.588,00
TV;17360;MAGO DA 1 LT;18,00
TV;17360;MAGO LT 1;47,00
TV;17360;MAGO LT 5;75,00
TV;17362;DIGEO XI;1.600,00
TV;17364;TELONE II 2019;60,00
TV;17368;ALETIL DF;149,00
TV;17375;MOXYL COMBI WG;70,00
TV;17378;GACHINKO;95,40
TV;17424;AF-X1 2019;1.144,50
TV;17430;EXIREL 2019;14,00
VE;13;;20.120,00
VE;13;THIOPRON;1.790,00
VE;17;;2,00
VE;17;U 46 COMBI FLUID;59,00
VE;133;;103,00
VE;189;;75,00
VE;449;;2.760,00
VE;449;MOCAP;75,00
VE;565;;2.260,00
VE;599;;83,00
VE;599;ACUPRICO 76 WG;214,00
VE;630;;1.337,00
VE;630;REGLONE;1,00
VE;630;REGLONE W;221,00
VE;909;;250,00
VE;909;POLISOLFURO DI CALCIO POLISENIO;125,00
VE;1155;;150,00
VE;1156;;1.352,00
VE;1156;CHEMOL;205,50
VE;1562;;202,00
VE;1573;;7.140,00
VE;1573;BASAMID GRANULAT;1.760,00
VE;1583;;41.795,00
VE;1583;MICROTHIOL DISPERSS;10.301,00
VE;1714;;1.203,00
VE;1714;KERB 80 EDF;284,00
VE;1823;ZOLFO 80 MICRONIZZATO;26,00
VE;1850;IDRORAME FLOW;33,75
VE;1850;IDRORAME FLOW ML. 250;1,75
VE;1850;IDRORAME FLOW PFnPE;3,00
VE;2191;;469,00
VE;2191;WETTING PLUS;97,00
VE;2249;;15,00
VE;2259;;40,00
VE;2259;PASTA LUMACHICIDA IN GRANI;45,00
VE;2259;PASTA LUMACHICIDA IN GRANI PFnPE;16,00
VE;2260;;9,00
VE;2272;SILLIM;75,00
VE;2307;;1.458,00
VE;2307;VECTOR;528,00
VE;2353;;918,00
VE;2353;BONALAN;194,00
VE;2518;;2,20
VE;2520;;11,00
VE;2732;;4.485,00
VE;2732;GOLTIX;1.784,00
VE;2923;;31.413,00
VE;2923;TIOVIT JET;18.042,00
VE;2934;;21,20
VE;2934;MICROSOL 90;40,50
VE;2995;;486,00
VE;2995;ESCARTOX;1.573,50
VE;2995;ESCARTOX PFnPE;13,00
VE;3065;;263,60
VE;3065;OLIOCIN;29,00
VE;3082;;10,00
VE;3082;OLEOTER ESTATE;360,00
VE;3102;;912,50
VE;3102;OLEOTER;373,25
VE;3102;OLEOTER PFnPE;50,00
VE;3132;;85,50
VE;3132;SEPR-OIL;62,50
VE;3132;SEPR-OIL PFnPE;59,00
VE;3163;U 46 M STAR;22,00
VE;3219;;120,00
VE;3219;CARAKOL AGRO;820,00
VE;3219;CARAKOL AGRO KG. 1;89,00
VE;3219;CARAKOL AGRO PFnPE;804,00
VE;3219;CARAKOL AGRO x 1 kg;50,00
VE;3343;;125,00
VE;3412;;48,00
VE;3503;;45,00
VE;3503;AGRUMIN;29,00
VE;3519;METAMBANE;2,00
VE;3553;;11,00
VE;3640;;454,00
VE;3754;;7,00
VE;3767;;387,00
VE;3767;FENOXILENE 200;287,00
VE;3800;;15,00
VE;3817;;12,00
VE;3817;DISERBONE KN;2,00
VE;4012;;1.331,25
VE;4012;RELDAN 22;87,00
VE;4090;MALERBANE CEREALI;10,00
VE;4199;;9.329,00
VE;4199;PENNCOZEB DG;3.409,00
VE;4228;;126,00
VE;4326;;10,00
VE;4552;;3.397,00
VE;4552;DITHANE DG NEOTEC;896,00
VE;4701;;13,00
VE;4710;;546,00
VE;4710;ALIETTE;89,90
VE;4710;ALIETTE GR. 150;1,20
VE;4710;ALIETTE PFnPE;5,75
VE;4896;;5,10
VE;4896;RIGENAL P PFnPE;3,10
VE;5152;;9,00
VE;5228;;22,00
VE;5228;CARAKOL PFnPE;159,50
VE;5228;CARAKOL x 500 gr;43,00
VE;5299;;19,00
VE;5299;MIBIOL;84,00
VE;5299;MIBIOL PFnPE;182,00
VE;5414;;7,20
VE;5414;RADICANTE POLVERE TALEE LEGNOSE;9,10
VE;5414;RADICANTE POLVERE TALEE LEGNOSE PFn;3,30
VE;5467;METADENE;58,50
VE;5494;GIBRELIN;1,00
VE;5574;;1.092,00
VE;5574;LUMAKIDIN 5G;472,00
VE;5574;LUMAKIDIN 5G PFnPE;216,00
VE;5574;LUMAKIDIN 5G x 1 kg;11,00
VE;5755;;6,00
VE;5755;TILT 25 EC;7,00
VE;5796;;0,50
VE;5796;GARLON;60,00
VE;6001;BETAFIL FL;190,00
VE;6136;;5,00
VE;6162;DE-SPROUT;260,00
VE;6277;;170,00
VE;6277;VYDATE 5G;20,00
VE;6321;;7,30
VE;6321;STIMOLANTE 66F;6,00
VE;6322;;59,00
VE;6322;OBSTHORMON 24A;5,00
VE;6401;;65,00
VE;6401;MONDAK 21 S;50,00
VE;6437;;98,00
VE;6437;ETHREL;21,00
VE;6438;;80,00
VE;6438;BI-FEN;54,00
VE;6555;;360,00
VE;6556;;800,00
VE;6556;K-OBIOL DP2;21,00
VE;6557;;43,00
VE;6557;K-OBIOL EC 25;2,00
VE;6704;TIOLENE 80 WG;1.070,00
VE;6751;;96,50
VE;6751;RASEN FLORANID PFnPE;9,00
VE;6751;RASEN FLORANID x 1,5 kg;4,50
VE;6766;BUTISAN S;1,00
VE;6771;;1.719,00
VE;6945;;39,00
VE;6945;TOPAS 10 EC;27,00
VE;6956;;2.335,00
VE;6956;TARGA FLO;212,00
VE;6978;;1.215,00
VE;6978;BETTER 400;300,00
VE;7020;;1.301,00
VE;7020;BAGNANTE CIFO;296,00
VE;7053;;97,00
VE;7053;PASTA CAFFARO NC;1,00
VE;7055;;373,00
VE;7055;PASTA CAFFARO BLU;33,00
VE;7055;PASTA CAFFARO BLU GR. 500;81,00
VE;7055;PASTA CAFFARO BLU PFnPE;12,00
VE;7368;;41,00
VE;7368;TURFENE L;10,00
VE;7369;SYLLIT FLO;2,00
VE;7370;TETRASOL LIQUIDO;2,00
VE;7379;;218,50
VE;7379;VENZAR;87,00
VE;7401;POLTIGLIA CAFFARO 20 DF NEW;623,00
VE;7401;POLTIGLIA CAFFARO 20 DF NEW PFnPE;12,00
VE;7411;;1,50
VE;7411;DIRAGER;2,00
VE;7483;;5,00
VE;7534;;980,00
VE;7541;;2,70
VE;7541;APOLLO SC;1,00
VE;7541;APOLLO SC PFnPE;0,95
VE;7541;APOLLO SC x 50 ml;0,65
VE;7555;;7,00
VE;7555;KLARTAN 20 EW;8,90
VE;7555;KLARTAN 20 EW ML. 250;0,50
VE;7555;KLARTAN 20 EW x 100 ml;0,70
VE;7555;KLARTAN 20 EW x 50 ml;0,15
VE;7608;DASKOR 440 EC;1,00
VE;7611;;4.962,00
VE;7611;ENOVIT METIL FL;970,00
VE;7700;;417,80
VE;7700;MATACAR FL;102,60
VE;7764;;7,00
VE;7764;TIOLENE;0,60
VE;7864;TAU AL 240 EW;0,05
VE;7876;;4,00
VE;7911;;60,00
VE;7916;;6.855,00
VE;7916;POLYRAM DF;2.895,00
VE;7919;;19.417,75
VE;7919;TOUCHDOWN;8.452,00
VE;7922;OPALENE;35,00
VE;7922;OPALENE PFnPE;0,50
VE;7958;;90,00
VE;7961;;21,00
VE;7961;RIZOLEX  GOLD;29,00
VE;7984;;20,00
VE;8001;;3,40
VE;8028;;1.444,00
VE;8028;CALARIS;3,00
VE;8064;;10,00
VE;8102;;1.718,00
VE;8102;MERPAN 80 WDG;623,00
VE;8117;;740,00
VE;8117;BASTA 200;230,00
VE;8146;;50,50
VE;8146;GALLERY;7,00
VE;8184;;191,00
VE;8229;;54,05
VE;8229;RAPAX;1,05
VE;8259;LAMDEX EXTRA;49,00
VE;8284;;15,00
VE;8340;TOPAS 2,5 WG;10,00
VE;8376;;32,00
VE;8376;ARIANE II;31,00
VE;8382;;25,00
VE;8382;ROUNDUP BIOFLOW PFnPE;37,20
VE;8498;;83,50
VE;8498;FOLICUR WG;85,50
VE;8542;;254,00
VE;8542;FORUM 50 WP;319,00
VE;8546;;12,00
VE;8565;;2,00
VE;8599;;1.140,00
VE;8601;;5.697,00
VE;8601;FOLPAN 80 WDG;2.157,00
VE;8649;;7,00
VE;8649;PIRIDANE 480;2,00
VE;8656;;110,00
VE;8656;GLIFENE HP;1.575,00
VE;8690;;30,00
VE;8706;;38,00
VE;8706;AMID THIN W;2,00
VE;8712;;7,00
VE;8712;ALLEGANTE 4% AF 96;10,00
VE;8735;;487,00
VE;8735;TREBON UP;111,50
VE;8742;;25,00
VE;8742;INDAR 5 EW;2,00
VE;8743;GREENEX ML. 100;0,20
VE;8795;;1.905,50
VE;8795;VERTIMEC EC;662,25
VE;8797;;37,00
VE;8797;BINAL PRO;110,00
VE;8801;;484,00
VE;8801;SCORE 25 EC;311,25
VE;8836;;7,00
VE;8837;;0,03
VE;8841;;166,50
VE;8841;CYREN 5 G;970,00
VE;8843;;30,00
VE;8843;NISSHIN;15,00
VE;8874;;59,00
VE;8874;ETOFUM - FL;5,00
VE;8882;;15,00
VE;8886;;80,40
VE;8886;SAFARI;34,44
VE;8929;;2,50
VE;8933;;70,00
VE;8933;SOLEAS;84,00
VE;8934;;611,00
VE;8934;SCALA;132,15
VE;8937;;2,00
VE;8987;;18,25
VE;8987;CONFIDOR 200 SL;1,75
VE;9005;;1.075,00
VE;9005;AGIL;2.053,00
VE;9010;RAMEZIN COMBI WG;355,00
VE;9012;;1.370,00
VE;9012;CUPROCAFFARO MICRO;769,00
VE;9038;;0,05
VE;9041;;5.150,00
VE;9126;;54,00
VE;9126;CONCORDE COMBI PFnPE;5,50
VE;9131;;1,90
VE;9131;PYRINEX ME;1,30
VE;9148;;5,00
VE;9181;;6,00
VE;9210;;1.677,00
VE;9210;QUADRIS;1.565,00
VE;9244;;10,00
VE;9267;;2.220,00
VE;9280;;0,50
VE;9286;OHAYO;59,00
VE;9298;METHAM NA 51;150,00
VE;9306;;36,75
VE;9322;;10,00
VE;9339;;2.135,00
VE;9339;BETANAL EXPERT;770,00
VE;9342;;37,00
VE;9342;DELTRIN;93,50
VE;9342;DELTRIN PFnPE;28,50
VE;9373;;20,00
VE;9373;CHORUS;1,00
VE;9374;;6,00
VE;9399;;0,60
VE;9399;MEDAL 25;0,16
VE;9411;RADIP ORMON PFnPE;1,40
VE;9422;;215,00
VE;9422;EVADE;59,55
VE;9443;ENDOGERME;0,40
VE;9443;ENDOGERME x 100 gr;2,20
VE;9449;EMERALD COMBI;29,00
VE;9509;;2,50
VE;9531;;5,00
VE;9531;SEQURA WG;7,00
VE;9569;;1.750,00
VE;9578;;1.469,75
VE;9578;SWITCH;380,50
VE;9612;OSSICLOR 30;9,00
VE;9627;POLTIGLIA BORDOLESE DISPERSS;60,00
VE;9631;METRIN EC;11,00
VE;9634;;9,00
VE;9634;CARNIVAL RIO;8,00
VE;9636;;65,00
VE;9655;;280,00
VE;9655;PRIMIAL WG;5,00
VE;9668;;7,81
VE;9668;RUFAST E-FLO;0,26
VE;9678;;1.180,00
VE;9678;M70 DF;1.132,00
VE;9679;;290,00
VE;9693;SPORTAK 45 EW;84,00
VE;9695;;32,00
VE;9695;PERLAN;12,00
VE;9696;;14,00
VE;9705;;134,40
VE;9705;PREVITER;60,46
VE;9723;;40,00
VE;9724;;30,00
VE;9724;TIOWETTING DF;40,00
VE;9744;;260,00
VE;9744;SCORE 10 WG;12,00
VE;9747;;0,40
VE;9747;FURY;0,41
VE;9757;;1.196,00
VE;9757;SPYRALE;248,00
VE;9758;;518,00
VE;9758;COPRANTOL WG;187,00
VE;9767;;673,00
VE;9767;NUFOS 5 G;644,00
VE;9790;;111,00
VE;9800;;169,81
VE;9800;MAVRIK 20 EW;17,90
VE;9843;;855,00
VE;9843;BASAGRAN SG;483,00
VE;9872;;1.075,00
VE;9905;;77,50
VE;9905;THIOCUR 20 EW;2,00
VE;9941;;1.082,00
VE;9954;;3.399,00
VE;9954;JOKER;1.718,00
VE;9963;;47,00
VE;9963;METIDANE 22;1,00
VE;9995;;10,00
VE;9995;ARIUS;101,00
VE;10029;;3,74
VE;10048;;11.900,00
VE;10048;KUMULUS TECNO;11.850,00
VE;10049;;947,00
VE;10049;DURSBAN 75 WG;141,00
VE;10057;;1.735,00
VE;10057;ARPEL WDG;40,00
VE;10088;;0,10
VE;10105;;2,50
VE;10105;RIDOMIL GOLD SL;0,25
VE;10117;;3.264,00
VE;10117;STRATOS ULTRA;409,00
VE;10118;;345,40
VE;10118;AMISTAR;104,80
VE;10119;;4,00
VE;10127;;96,30
VE;10127;DECIS JET;28,92
VE;10127;DECIS JET ML. 250;5,00
VE;10127;DECIS JET ML. 50;2,40
VE;10127;DECIS JET NP EC ML 10;0,80
VE;10127;DECIS JET PFnPE;59,43
VE;10161;;535,02
VE;10161;ORTIVA;14,00
VE;10183;;15,80
VE;10183;GARLON EV;13,00
VE;10187;;250,00
VE;10209;;11.471,00
VE;10209;GLYFOS ULTRA;1.378,00
VE;10220;DICOPUR COMBI;6,00
VE;10230;LUMAPLUS;1.192,50
VE;10233;BORDOSEP;29,00
VE;10263;;48,50
VE;10263;DRIVER;80,25
VE;10263;DRIVER PFnPE;3,75
VE;10272;;670,00
VE;10275;;31,00
VE;10285;;1,00
VE;10296;;1.596,00
VE;10305;;72,95
VE;10305;OIKOS;12,00
VE;10305;OIKOS PFnPE;4,50
VE;10306;;3,00
VE;10324;NEMATHORIN 10 G;10,00
VE;10329;;1.308,00
VE;10329;FORUM MZ WG;1.017,00
VE;10350;;996,00
VE;10350;BLAST SG;33,00
VE;10357;;1.035,00
VE;10357;RIGRON SG;495,00
VE;10373;;794,00
VE;10373;CONTEST;411,00
VE;10381;;208,00
VE;10381;CONCORDE 40 EW PFnPE;5,05
VE;10415;;1,50
VE;10415;ARIC 480 LS;82,00
VE;10423;;2.562,25
VE;10423;LUMACHICIDA VEBI;486,00
VE;10423;LUMACHICIDA VEBI PFnPE;60,00
VE;10426;;0,50
VE;10426;PROTIL EC;21,00
VE;10439;;7,00
VE;10447;;347,00
VE;10447;NOVEL DUO;519,00
VE;10456;;30,00
VE;10456;KLARO ULTRA;284,75
VE;10461;DICOTURF;4,75
VE;10474;;35,00
VE;10479;;73,00
VE;10493;;3.055,00
VE;10493;RUNNER LO;244,00
VE;10504;;64,00
VE;10509;MASTIFF ULTRA;2.840,00
VE;10532;TELDOR;2,00
VE;10540;;113,00
VE;10540;TERIAL 75 WG;1,00
VE;10560;PIRETRO NATURA;5,00
VE;10573;;1.308,00
VE;10585;;622,00
VE;10589;FLORA VERDE PFnPE;1,16
VE;10604;;110,53
VE;10604;EMERALD 40 EW;17,20
VE;10604;EMERALD 40 EW LT. 1,0;2,00
VE;10604;EMERALD 40 EW ML. 250;6,10
VE;10604;EMERALD 40 EW PFnPE;60,64
VE;10627;;36,00
VE;10628;;25,00
VE;10632;;15,00
VE;10701;CUMETA FLOW;119,50
VE;10701;CUMETA FLOW PFnPE;133,50
VE;10734;;3.162,00
VE;10734;DUAL GOLD;3.001,00
VE;10735;;3.906,00
VE;10735;PRIMAGRAM GOLD;924,00
VE;10741;;34,00
VE;10741;METACINQUE;20,00
VE;10741;METACINQUE PFnPE;436,00
VE;10741;METACINQUE x 1 kg;50,00
VE;10752;;374,25
VE;10752;STEWARD;61,00
VE;10758;;971,00
VE;10758;BETASANA TRIO SC;437,00
VE;10771;;2.593,30
VE;10771;MOST MICRO;1.377,00
VE;10890;;690,00
VE;10890;FLiPPER;2,10
VE;10892;;20,00
VE;10926;;18,00
VE;10929;;13,65
VE;10936;NAAK 480;1,00
VE;10939;;12,00
VE;10939;CP40 AGRO;4,00
VE;10944;;505,25
VE;10944;KARATE ZEON;112,75
VE;10952;;2,00
VE;10976;;1.752,00
VE;10976;METEOR;317,33
VE;10976;METEOR PFnPE;22,32
VE;10976;METEOR x 10 ml;0,64
VE;10976;METEOR x 200 ml;1,00
VE;10976;METEOR x 30 ml;1,35
VE;10999;;678,00
VE;10999;BETANAL SE;122,00
VE;11011;;5.259,00
VE;11011;DASH HC;2.653,00
VE;11012;AURA;80,00
VE;11029;;475,00
VE;11029;PYRINEX M 22;187,00
VE;11059;;631,00
VE;11059;BIOPOWER;249,00
VE;11062;;7,00
VE;11070;;17.550,00
VE;11102;;25,00
VE;11106;;597,00
VE;11106;MANFIL 75 WG;40,00
VE;11119;;322,20
VE;11119;FLINT;74,70
VE;11133;SHELTER;1,00
VE;11157;PROPYDOR PFnPE;5,00
VE;11173;;870,00
VE;11173;AVAUNT EC;885,00
VE;11183;;0,50
VE;11185;GERLAGIB LG;2,00
VE;11196;;100,00
VE;11206;;2.492,50
VE;11206;CODACIDE;1.093,60
VE;11212;BATKUR;36,00
VE;11243;;3.811,00
VE;11243;LEOPARD 5 EC;1.656,00
VE;11252;;4,00
VE;11253;;676,00
VE;11253;CALLISTO;272,00
VE;11257;;4,50
VE;11284;CIMOTER MZ;210,00
VE;11301;;1,00
VE;11301;SPHERE;26,00
VE;11301;SPHERE SC;7,00
VE;11303;;2.055,00
VE;11313;;2,00
VE;11313;PROXAN SL;1,00
VE;11341;;1.441,00
VE;11341;STARANE GOLD;746,00
VE;11353;;54,00
VE;11353;FUSILADE MAX;86,00
VE;11355;;7.000,00
VE;11360;;23,50
VE;11360;GRIP 25;4,50
VE;11382;GARDENE PLUS;67,00
VE;11390;;4,00
VE;11402;;5,00
VE;11416;;757,00
VE;11416;OVIPRON TOP;30,00
VE;11448;;243,00
VE;11449;;12.634,00
VE;11449;GARDOPRIM GOLD;20,00
VE;11479;;235,00
VE;11479;BRANCHER DIRADO;6,00
VE;11497;;16.603,00
VE;11499;BUSTER;1,00
VE;11501;VITE FOL;10,00
VE;11505;;24,00
VE;11505;READY GERMIPLUS;77,00
VE;11523;;3,00
VE;11525;FUNGIDINA 400 SC;18,50
VE;11526;;167,00
VE;11526;SULTAN;150,00
VE;11533;TOP-GUN;56,00
VE;11561;;86,55
VE;11561;NEEMAZAL T/S;10,28
VE;11561;NEEMAZAL T/S PFnPE;2,59
VE;11569;;1.042,00
VE;11569;CUPROXAT S.D.I.;73,00
VE;11596;;410,00
VE;11596;CALYPSO;26,50
VE;11611;;50,00
VE;11614;;11,20
VE;11619;;157,00
VE;11619;TIOFLOR WDG;2.560,00
VE;11619;TIOFLOR WDG PFnPE;51,00
VE;11637;CUPROFIX C DISPERSS;10,00
VE;11649;;20,00
VE;11649;COMMAND 36 CS;20,00
VE;11653;;113,00
VE;11660;;14,00
VE;11660;SHOGUN;16,00
VE;11668;;3,00
VE;11668;PLENUM 50WG;0,20
VE;11678;;492,00
VE;11678;ACTELLIC 2P NEWPHARM;4,00
VE;11687;;200,00
VE;11690;;0,50
VE;11690;GOAL 480 SC;16,50
VE;11693;;75,00
VE;11693;LASER;33,00
VE;11694;;5,12
VE;11694;CONSERVE SC;10,85
VE;11700;BOTANIGARD 22 WP;0,01
VE;11711;;270,00
VE;11711;MEXIRAM HI BIO;570,00
VE;11722;GEONEX PFnPE;12,00
VE;11730;COSMOTRIN;3,35
VE;11732;;155,00
VE;11752;;13,50
VE;11760;;1.280,00
VE;11762;;2.180,00
VE;11762;FORUM STAR;2.215,00
VE;11779;KOP-TWIN;5,00
VE;11786;;11,70
VE;11788;;5,00
VE;11789;;295,00
VE;11793;;0,50
VE;11794;;2,25
VE;11814;;20,00
VE;11814;SPADA 200 EC;9,00
VE;11854;;19.404,00
VE;11854;BUGGY TF;2.344,00
VE;11857;;665,00
VE;11857;MIDAURIL COMBI;120,00
VE;11866;AGRO-OIL PFnPE;6,50
VE;11870;CUPRITAL S.D.I.;4,75
VE;11870;CUPRITAL S.D.I. PFnPE;20,00
VE;11872;RIFLE 3-18-R;20,00
VE;11874;;152,00
VE;11911;;0,04
VE;11917;HOPPER GREEN;500,00
VE;11948;;70,00
VE;11979;BORDO 20 MICRO;5,00
VE;11991;NEEMIK TEN;21,00
VE;12010;;3.071,00
VE;12010;TUAREG;1.963,85
VE;12020;;6,08
VE;12020;SUCCESS;8,63
VE;12020;SUCCESS PFnPE;2,72
VE;12023;;6,00
VE;12037;;215,00
VE;12041;;7,00
VE;12041;MARTOS;200,00
VE;12043;;70,30
VE;12043;PREVICUR ENERGY;3,95
VE;12043;PREVICUR ENERGY PFnPE;1,20
VE;12044;;2,50
VE;12048;;14.003,00
VE;12048;TIOSOL 80 WG;301,00
VE;12048;TIOSOL 80 WG PFnPE;5,00
VE;12067;CIPER;2,00
VE;12068;;149,40
VE;12068;TEFLUSTAR;116,90
VE;12068;TEFLUSTAR GR. 350;8,40
VE;12068;TEFLUSTAR KG. 1;20,00
VE;12068;TEFLUSTAR PFnPE;87,35
VE;12078;METALIM;20,00
VE;12078;METALIM PFnPE;22,00
VE;12090;MICROSED GEO;100,00
VE;12096;;33.293,00
VE;12096;POLTIGLIA DISPERSS;7.356,00
VE;12100;;51,00
VE;12100;ASSET;17,00
VE;12106;;16,00
VE;12114;;2,00
VE;12114;AUXIGER LG;18,00
VE;12136;;1,00
VE;12138;R 6 TREVI;21,00
VE;12138;R6 ERRESEI TREVI;40,00
VE;12149;;30,00
VE;12170;;120,00
VE;12170;HELIOCUIVRE;20,00
VE;12172;;143,00
VE;12172;BIOESCA LUMACHICIDA FERRAMOL;3,00
VE;12172;FERRAMOL;11,00
VE;12172;FERRAMOL PFnPE;144,50
VE;12172;FERRAMOL x 1 kg;4,00
VE;12199;;225,00
VE;12202;;180,00
VE;12208;;24,00
VE;12212;PENTHIUM EC;0,50
VE;12225;;39,58
VE;12225;TEPPEKI;9,49
VE;12225;TEPPEKI PFnPE;10,81
VE;12225;TEPPEKI x 10 gr;0,53
VE;12243;;570,00
VE;12243;MANTIR DG;348,00
VE;12262;;20,00
VE;12263;;240,00
VE;12263;VONDOZEB DG;80,00
VE;12285;;4.478,00
VE;12285;FORUM GOLD;1.174,00
VE;12297;TRIBASE TWIN;57,00
VE;12315;;1,22
VE;12315;ORTIVA HOBBY;0,05
VE;12315;ORTIVA HOBBY PFnPE;6,04
VE;12323;;623,50
VE;12323;VEBIZOLFO WG PFnPE;70,00
VE;12325;;177,50
VE;12325;MESUROL M PLUS;143,50
VE;12325;MESUROL M PLUS PFnPE;37,00
VE;12344;;118,55
VE;12344;VEBITHRIN 5 EC;54,50
VE;12344;VEBITHRIN 5 EC PFnPE;0,90
VE;12361;;102,00
VE;12361;ALGEDI;112,60
VE;12368;;33,00
VE;12375;;1.425,00
VE;12381;;27,00
VE;12383;;2.645,00
VE;12383;RIDOMIL GOLD MZ PEPITE;1.133,00
VE;12399;;5,00
VE;12437;;421,00
VE;12437;DELAN 70 WG;39,00
VE;12452;;121,00
VE;12453;;1.260,00
VE;12453;MILDICUT;877,00
VE;12461;;22,00
VE;12482;;18.270,00
VE;12482;LUMAX;7.085,00
VE;12493;;800,00
VE;12493;MANCOZEB PLUS 75 WG;1.055,00
VE;12522;;161,50
VE;12522;METRO;10,00
VE;12526;;9,00
VE;12526;ALIETTE ORTO E GIARDINO PFnPE;14,50
VE;12528;;7,00
VE;12529;;421,00
VE;12529;TUCANA 25 EC;263,00
VE;12534;;184,35
VE;12534;FOXTAIL;72,95
VE;12534;FOXTAIL PFnPE;1,90
VE;12534;FOXTAIL x 250 ml;0,75
VE;12538;;21,00
VE;12538;MYSTIC 25 WG;11,00
VE;12540;REGRAN EXTRA;2,00
VE;12566;;226,10
VE;12566;PYGANIC 1.4;59,63
VE;12566;PYGANIC 1.4 PFnPE;1,20
VE;12573;EKO OIL SPRAY;49,00
VE;12584;;20,00
VE;12590;;10.650,00
VE;12590;DIASTAR MAXI;1.260,00
VE;12598;GRANSTAR POWER SX;9,81
VE;12622;;319,00
VE;12622;QUANTUM;176,00
VE;12622;QUANTUM PFnPE;8,50
VE;12627;;27,00
VE;12627;DANADIM 400 ST;1,00
VE;12628;;257,00
VE;12636;QUASAR 6-24 R;64,00
VE;12647;;60,00
VE;12662;METAFOL 700 SC;115,00
VE;12671;;83,19
VE;12671;HARMONY 50 SX;49,53
VE;12692;;8,00
VE;12692;SPRUZIT INSETTICIDA PFnPE;14,75
VE;12706;;0,60
VE;12722;;100,00
VE;12722;OSSICLOR 20 FLOW;79,25
VE;12723;;15,00
VE;12737;;5.258,50
VE;12737;AIRONE PIU';1.958,00
VE;12737;AIRONE PIU' PFnPE;63,00
VE;12738;;10,00
VE;12738;KING 360 HP;465,00
VE;12748;;2.140,00
VE;12754;;140,00
VE;12756;;29,10
VE;12756;DICOTEX;97,95
VE;12756;DICOTEX PFnPE;3,00
VE;12759;;1.928,80
VE;12759;OSSICLOR 35 WG;649,65
VE;12759;OSSICLOR 35 WG PFnPE;345,00
VE;12763;;80,00
VE;12768;;1,00
VE;12768;SPINTOR FLY;0,25
VE;12770;;9,00
VE;12770;ALAR 85 GOLD;2,00
VE;12779;;1.518,00
VE;12784;;67,00
VE;12788;;214,00
VE;12788;ADIGOR;102,00
VE;12790;;5,00
VE;12793;ZOLFO AFEPASA 80 WG;75,00
VE;12806;;642,00
VE;12806;FEDOR;163,00
VE;12813;;479,00
VE;12813;MIRADOR XTRA;2,00
VE;12828;;1,00
VE;12831;;2,00
VE;12832;;24,00
VE;12837;;252,00
VE;12837;ARIUS SYSTEM PLUS;314,00
VE;12844;;0,78
VE;12847;EAGLE;125,87
VE;12847;EAGLE PFnPE;15,05
VE;12855;CRIORAM WG PFnPE;25,00
VE;12857;;22,00
VE;12859;;0,92
VE;12859;BORNEO;0,37
VE;12859;BORNEO PFnPE;0,43
VE;12862;;1.070,00
VE;12862;CANTUS;616,00
VE;12866;;135,00
VE;12866;COLLIS;105,00
VE;12868;;32,00
VE;12868;BELLIS;32,00
VE;12869;;1.640,00
VE;12869;SIGNUM;279,00
VE;12878;;4.850,00
VE;12878;FOLPAN GOLD;1.605,00
VE;12883;;444,00
VE;12883;PROSPER 300 CS;470,00
VE;12886;;826,00
VE;12886;KARATHANE STAR;646,00
VE;12888;;57,00
VE;12888;LEPINOX PLUS;11,00
VE;12924;;1,00
VE;12933;;373,00
VE;12940;;581,00
VE;12940;KARATE ZEON 1.5;359,00
VE;12961;;46,00
VE;12972;;1.130,00
VE;12972;GLYFOS DAKAR;110,00
VE;12994;VIVER ELITE WG;202,50
VE;13012;;3.215,00
VE;13012;FOLVIT 80 WDG;260,00
VE;13018;;15,00
VE;13020;;73,25
VE;13020;MICRORAM 35 WG;27,90
VE;13039;;30,00
VE;13049;SULCOGAN;235,00
VE;13055;;903,00
VE;13055;MACHO;6,00
VE;13058;OSSIRAM 20 SC;9,00
VE;13061;;9,00
VE;13061;BIOBIT DF;30,00
VE;13062;;27,25
VE;13062;DIPEL DF;0,36
VE;13064;;1.702,00
VE;13064;VITENE ULTRA SC;194,00
VE;13065;;103,75
VE;13065;DOMARK 125;101,95
VE;13083;;15,00
VE;13084;;389,63
VE;13084;TELDOR PLUS;103,20
VE;13084;TELDOR PLUS PFnPE;4,50
VE;13093;;2.909,00
VE;13093;STOMP AQUA;1.021,00
VE;13098;;3.155,00
VE;13098;ROUNDUP POWER 2.0;10.406,50
VE;13098;ROUNDUP POWER 2.0 LT. 0,5;408,00
VE;13098;ROUNDUP POWER 2.0 PFnPE;3.077,50
VE;13106;;1.952,00
VE;13106;IKANOS;32,00
VE;13108;;14,00
VE;13108;CURAME BORDEAUX;684,00
VE;13108;CURAME BORDEAUX PFnPE;90,00
VE;13111;;14,00
VE;13111;THIOCUR FORTE;1,00
VE;13120;;166,00
VE;13126;;644,00
VE;13126;CABRIO DUO;46,00
VE;13127;;15,00
VE;13127;VALIS F;10,00
VE;13128;;970,00
VE;13128;GOLTIX 50 WG;195,00
VE;13143;;19,00
VE;13143;MEZENE WG;86,00
VE;13149;;3.914,50
VE;13149;POLTIGLIA MANICA 20 WG;249,00
VE;13149;POLTIGLIA MANICA 20 WG PFnPE;68,50
VE;13150;CURAME 25 WG;40,00
VE;13152;;30,00
VE;13153;;1,00
VE;13154;;2.276,00
VE;13154;MONDAK 480 S;364,00
VE;13155;;20,00
VE;13156;CAMBEL 480 S;192,00
VE;13158;;56,00
VE;13158;REMEDIER;27,00
VE;13160;;4.983,00
VE;13160;FORUM TOP;2.069,00
VE;13167;;376,00
VE;13167;POMARSOL 80 WG;150,00
VE;13168;;16.028,00
VE;13168;LAUDIS;3.068,00
VE;13179;PLAYER COMBI SC;89,00
VE;13186;;63,68
VE;13186;TITUS MAIS EXTRA;2,88
VE;13205;;2.365,00
VE;13205;ZOLFO MANICA SCORREVOLE DOPPIO RAFF;2.335,00
VE;13213;;3.749,00
VE;13213;R6 ERRESEI ALBIS;1.926,00
VE;13218;;20,00
VE;13218;FINALSAN PLUS;110,00
VE;13222;;5,00
VE;13236;;772,00
VE;13236;BULLET;46,00
VE;13242;;382,00
VE;13242;NICOGAN V.O.;720,00
VE;13244;;600,00
VE;13244;ZOLFO VENTILATO STELLA;2.350,00
VE;13249;;3.530,00
VE;13252;;214,00
VE;13252;PLAYER 250 SC;20,00
VE;13253;PLAYER SC;310,00
VE;13255;;3,00
VE;13255;PLAYER GR;112,00
VE;13256;BIOLARV;14,00
VE;13263;;10,00
VE;13263;BORDORAM 20 WG;3,50
VE;13285;;172,00
VE;13285;SEVERAL;8,00
VE;13290;;4.480,00
VE;13290;ZOLFO MANICA DOPPIO RAFFINATO VENTI;385,00
VE;13298;;165,00
VE;13298;QUANTUM F;300,00
VE;13299;;40,00
VE;13299;MAGIO';1.095,00
VE;13308;;6,00
VE;13311;DOMARK COMBI WG;5,00
VE;13313;;190,00
VE;13313;CASPER;7,00
VE;13323;SULFY 80 WDG;8,00
VE;13323;SULFY 80 WDG PFnPE;87,50
VE;13324;;44,25
VE;13324;CUPRIZOL S;15,10
VE;13327;;143,00
VE;13327;GRANSTAR ULTRA SX;31,55
VE;13361;;1,00
VE;13382;;150,00
VE;13382;PERGADO SC;47,00
VE;13382;PERGADO SC PFnPE;36,00
VE;13386;;2.744,00
VE;13386;PROSARO;704,80
VE;13387;;187,09
VE;13387;FLORAMIX;54,59
VE;13389;;4.345,00
VE;13389;AFFIRM;1.064,00
VE;13390;;5,00
VE;13391;;135,25
VE;13391;CYTHRIN 50 EC;38,49
VE;13391;CYTHRIN 50 EC PFnPE;6,00
VE;13447;HELMSTAR 75 WG;0,04
VE;13451;;235,00
VE;13451;SPARVIERO;30,00
VE;13455;;407,00
VE;13455;ANTIGRAM GOLD;174,00
VE;13466;;1.108,00
VE;13466;SPOTLIGHT PLUS;238,00
VE;13468;;36,95
VE;13468;CLINER;13,85
VE;13468;CLINER ML. 100;2,80
VE;13471;;25,00
VE;13472;;108,00
VE;13472;ALIEN;60,00
VE;13477;TOREADOR;0,25
VE;13485;;440,00
VE;13485;FOLPEC 80 WG ADVANCE;20,00
VE;13486;;169,00
VE;13486;JUDO;12,00
VE;13489;;19,50
VE;13489;CYMBAL;39,00
VE;13521;;45,00
VE;13522;SPIDER KILL;0,21
VE;13540;;130,00
VE;13540;QUASAR R FLOW;116,00
VE;13542;;6,00
VE;13552;;574,50
VE;13552;ZOLVIS 80 SECTOR;938,00
VE;13552;ZOLVIS 80 SECTOR PFnPE;1.244,00
VE;13560;FORZA;9,00
VE;13576;;189,50
VE;13576;RAMEPLANT WG;84,00
VE;13576;RAMEPLANT WG PFnPE;51,80
VE;13578;RAME CAFFARO BLU WG NEW;3,00
VE;13579;;20,00
VE;13585;;925,00
VE;13585;SOLOFOL;615,00
VE;13586;;42,00
VE;13586;VERDERAME 20 WG;133,90
VE;13592;;124,05
VE;13592;VOLARE;2,20
VE;13635;;809,00
VE;13635;POLTIGLIA 20 PB MANICA;213,00
VE;13637;;350,00
VE;13637;PERGADO F;75,00
VE;13639;;1,50
VE;13639;ACRAMITE 480 SC;5,25
VE;13640;;11,00
VE;13640;IMPRINT;1,00
VE;13647;NEORAM BLU WG;68,00
VE;13647;NEORAM BLU WG PFnPE;176,00
VE;13648;;359,00
VE;13651;SPECTRO;10,00
VE;13689;;12,50
VE;13693;;1,90
VE;13693;BACILLUS CHEMIA PFnPE;0,48
VE;13698;;467,75
VE;13698;VIVANDO;378,25
VE;13699;INTENSITY;2,40
VE;13700;;558,00
VE;13700;ATLANTIS PRO;292,50
VE;13709;;11,00
VE;13709;U 46 PRATI;3,00
VE;13711;;392,00
VE;13716;;10,00
VE;13722;;124,00
VE;13736;;24,75
VE;13736;TRACE;5,25
VE;13741;;70,00
VE;13741;SELECTA DISPERSS;6,00
VE;13742;;220,00
VE;13742;PERGADO MZ;60,00
VE;13743;KUKAR 22;1,00
VE;13765;;4,00
VE;13771;;236,00
VE;13771;NIMROD 250 EW;16,00
VE;13785;;346,00
VE;13785;QUANTUM MZ;5,00
VE;13789;;73,00
VE;13789;PRIMERO;44,00
VE;13791;;9,00
VE;13791;GEATER-STAR;23,00
VE;13792;;377,00
VE;13792;STABILAN;16,00
VE;13794;;370,00
VE;13794;SPADA WDG;90,00
VE;13809;;57.550,00
VE;13809;FORCE ULTRA;24.160,00
VE;13812;NOTO 40 OD;5,00
VE;13815;;49,00
VE;13815;TUTOR 18-15;78,70
VE;13815;TUTOR 18-15 PFnPE;10,00
VE;13820;;62,00
VE;13823;;3,00
VE;13838;XEDAVIR;34,50
VE;13838;XEDAVIR x 500 gr;1,00
VE;13841;;18.131,00
VE;13841;FOCUS ULTRA;7.709,00
VE;13843;;18,00
VE;13843;ZELIG 480 EC;48,00
VE;13876;;321,00
VE;13876;APACHE;65,00
VE;13885;;615,00
VE;13888;;30,00
VE;13905;;8,00
VE;13913;ORIUS P;160,00
VE;13925;;85,00
VE;13981;;1.793,70
VE;13981;CORAGEN;427,10
VE;13983;;119,00
VE;13998;;38,00
VE;13998;PYRUS 400 SC;3,00
VE;14005;;5.863,00
VE;14005;CLORTOSIP 500 SC;1.971,00
VE;14018;;10,00
VE;14021;BREK DUO;70,00
VE;14058;;428,25
VE;14058;FEINZIN 70 DF;183,25
VE;14062;;831,00
VE;14062;ZOXIUM 240 SC;52,00
VE;14062;ZOXIUM 240 SC PFnPE;4,00
VE;14074;TRINEX 250 EW;10,50
VE;14077;;16,00
VE;14077;CHAMP 20 DF;20,00
VE;14098;;4.530,00
VE;14099;;770,00
VE;14099;ASPOR WDG;20,00
VE;14100;;38,00
VE;14100;KANEMITE;0,05
VE;14101;;1.204,00
VE;14101;CARAMBA;1,00
VE;14102;;372,00
VE;14102;BORDOFLOW NEW;350,00
VE;14109;;4,00
VE;14109;NICOSH;215,00
VE;14119;;9,00
VE;14128;;10,00
VE;14135;;1,16
VE;14136;;0,50
VE;14136;OBERON;2,00
VE;14137;;52,80
VE;14137;ALTACOR;3,70
VE;14154;;13,10
VE;14154;PIRETRO ACTIGREEN;5,10
VE;14154;PIRETRO ACTIGREEN PFnPE;5,38
VE;14155;;1.480,00
VE;14156;;620,00
VE;14156;CURZATE R WG;12,00
VE;14163;SARMOX 440 WG;21,00
VE;14165;;1.358,00
VE;14165;NANDO MAXI;205,00
VE;14166;;71,00
VE;14169;;1.150,00
VE;14169;PERGADO R;130,00
VE;14178;;20,00
VE;14178;TRI-BASE;70,00
VE;14182;;92,00
VE;14182;ARES 25 WG;33,00
VE;14184;GALATAS PLUS PFnPE;8,50
VE;14193;SARMOX 45 DG;35,00
VE;14195;;299,00
VE;14208;;415,00
VE;14208;RELDAN LO;667,00
VE;14210;;71,00
VE;14210;EVURE;35,00
VE;14257;UNDERLINE 0,2 G PFnPE;12,00
VE;14262;;24,01
VE;14262;GREENEX NF;7,17
VE;14262;GREENEX NF FW 87,2 - ML. 40;0,40
VE;14262;GREENEX NF PFnPE;37,78
VE;14263;BIOTEN;0,30
VE;14273;NIFURON;20,00
VE;14281;;141,00
VE;14281;BUCTRIL UNIVERSAL;163,00
VE;14290;KOHINOR 200 SL;1,00
VE;14294;;0,10
VE;14336;;60,00
VE;14336;NEMATHORIN 150 EC;2,00
VE;14375;;611,00
VE;14375;LION 5 EC;1.360,00
VE;14386;OLIONET;1,00
VE;14387;;1.049,00
VE;14387;NERVURE SUPER;661,00
VE;14405;;155,00
VE;14406;;41,00
VE;14406;LEIMAY;12,00
VE;14407;;8,00
VE;14407;RUNWAY;12,50
VE;14409;;2.547,25
VE;14409;MOVENTO 48 SC;416,00
VE;14414;;87,30
VE;14414;DUSTY;8,00
VE;14414;DUSTY PFnPE;400,50
VE;14414;DUSTY x 500 ml;9,00
VE;14418;;69,00
VE;14418;PULSAR 40 SL;63,00
VE;14426;;2,00
VE;14426;GEODIS;1,00
VE;14431;;81,00
VE;14431;LENTAGRAN 45 WP;14,00
VE;14432;;12,00
VE;14432;METRIC;669,00
VE;14434;;5,66
VE;14434;NUANCE;3,70
VE;14472;PARTNER EC;15,00
VE;14474;;371,00
VE;14474;TEBUSIP COMBI;80,00
VE;14479;;11.480,00
VE;14479;SCHERMO 0.5 G;2.170,00
VE;14510;;68,00
VE;14523;;4,00
VE;14525;;7,00
VE;14543;;12,00
VE;14548;;82,00
VE;14549;LEPIBACK;2,00
VE;14559;;42,00
VE;14575;;0,02
VE;14577;;2.635,00
VE;14577;FORUM R 3B;4.756,00
VE;14636;;2.623,00
VE;14636;BIOLID UP;1.456,40
VE;14636;BIOLID UP PFnPE;1,50
VE;14636;BIOLID UPML. 500;10,00
VE;14638;;3.595,00
VE;14642;;11.892,00
VE;14642;RIDOMIL GOLD R WG;4.987,00
VE;14643;CENTIUM 36 CS;1,00
VE;14664;BERELEX 40 SG;0,03
VE;14684;;44,00
VE;14684;SUPERBO;39,00
VE;14686;;820,00
VE;14687;;82,00
VE;14697;;360,00
VE;14697;ENERVIN DUO;6,00
VE;14699;;200,00
VE;14699;GEOXE;3,00
VE;14735;;3,50
VE;14735;RANMAN TOP;1,50
VE;14737;;7.404,00
VE;14737;ROUNDUP PLATINUM;2.721,00
VE;14737;ROUNDUP PLATINUM LT. 0,5;27,00
VE;14737;ROUNDUP PLATINUM PFnPE;593,50
VE;14739;;120,50
VE;14739;DECIS PROTECT;6,00
VE;14739;DECIS PROTECT AL LT. 1,0;48,00
VE;14739;DECIS PROTECT PFnPE;51,00
VE;14760;;65,50
VE;14760;RASIKAL PRO;49,50
VE;14760;RASIKAL PRO PFnPE;84,00
VE;14764;;660,00
VE;14764;SLUXX;60,00
VE;14765;;5.623,00
VE;14765;ELUMIS;2.690,00
VE;14769;;20,00
VE;14769;COMET 250 EC;12,00
VE;14772;;1.187,00
VE;14772;BANDERA;30,00
VE;14785;;56,54
VE;14785;DRISCOLL;9,02
VE;14785;DRISCOLL PFnPE;18,04
VE;14805;QUASAR MZ WG;14,00
VE;14809;CUPRAVIT BIO EVOLUTION;8,00
VE;14812;;9.562,00
VE;14812;ENERVIN TOP;3.074,00
VE;14815;;1.558,00
VE;14815;ADENGO;1.578,00
VE;14836;;229,50
VE;14836;BARBARIAN BIOGRADE 360;16,50
VE;14836;BARBARIAN BIOGRADE 360 PFnPE;132,00
VE;14837;;2.575,00
VE;14837;GLIFOSAR FLASH;1.246,00
VE;14837;GLIFOSAR FLASH PFnPE;333,00
VE;14838;;867,00
VE;14838;BARCLAY GALLUP BIOGRADE 360;103,00
VE;14854;KARAMAT M;2,00
VE;14867;;2,00
VE;14872;;22,50
VE;14876;;43,50
VE;14876;GRANDSTAND;1,50
VE;14879;;32,35
VE;14879;LONTREL 72 SG;0,75
VE;14884;;12.440,00
VE;14884;CORUM;8.290,00
VE;14891;;50,00
VE;14895;;14,00
VE;14895;LANNATE;1,00
VE;14895;LANNATE 20 SL;30,00
VE;14897;;257,00
VE;14900;;600,00
VE;14914;;1.140,00
VE;14918;;583,75
VE;14918;RIVIOR;147,00
VE;14919;;4,39
VE;14919;EMERALD 125;0,55
VE;14919;EMERALD 125 ITAL ML. 250;1,25
VE;14919;EMERALD 125 PFnPE;5,17
VE;14935;;610,00
VE;14935;TIMELINE TRIO;92,00
VE;14936;;957,00
VE;14936;AMPLIGO;374,50
VE;14937;VOLIAM TARGO;12,00
VE;14938;DEDICATE;1,75
VE;14940;;0,45
VE;14947;;3.347,50
VE;14947;TRUSTEE 450;516,50
VE;14947;TRUSTEE 450 PFnPE;927,00
VE;14951;;0,80
VE;14951;BOTECTOR;5,20
VE;14967;;1.269,00
VE;14967;TIPTOR ULTRA;368,00
VE;14969;;1.080,00
VE;14972;;3,00
VE;14986;;1.390,00
VE;14986;OPERA NEW;200,00
VE;15005;;23,00
VE;15005;FONTELIS;69,00
VE;15008;;52,00
VE;15008;LBG - 01F34;238,00
VE;15013;;65,80
VE;15013;NATRIA LUMACHICIDA;43,50
VE;15013;NATRIA LUMACHICIDA PFnPE;22,00
VE;15019;;460,00
VE;15023;;260,00
VE;15024;;51,00
VE;15024;MESUROL 200 SC;1,00
VE;15034;;78,50
VE;15034;DICOPHAR;24,00
VE;15034;DICOPHAR PFnPE;37,70
VE;15036;PROPIFLOWER;16,00
VE;15037;;8,00
VE;15041;;4,00
VE;15041;OPINION ECNA;13,00
VE;15047;;29,00
VE;15047;R6 ERRESEI BORDEAUX WG;91,25
VE;15048;;131,00
VE;15048;MOXYL 45 WG;60,00
VE;15049;;447,00
VE;15049;MODDUS;125,00
VE;15050;;33,00
VE;15050;VERTIMEC PRO;27,00
VE;15051;;3.250,00
VE;15051;KYLEO;2.475,00
VE;15058;;403,04
VE;15058;PRINCIPAL MAIS;278,96
VE;15059;;1.985,00
VE;15059;DECIS EVO;697,75
VE;15062;;2,00
VE;15064;;11,00
VE;15064;MAESTRO WG ADVANCE;393,00
VE;15070;OS-169;10,00
VE;15071;;294,00
VE;15071;EVOLUTION;199,00
VE;15083;;56,00
VE;15083;AUDACE;16,00
VE;15084;;1,00
VE;15085;;13,00
VE;15093;;278,30
VE;15093;CENTURIO;144,20
VE;15093;CENTURIO PFnPE;24,00
VE;15093;CENTURIO x 1 kg;6,00
VE;15096;;934,50
VE;15096;GLIPHOGAN TOP CL;1.637,00
VE;15096;GLIPHOGAN TOP CL - sterminal x 500 ;5,50
VE;15096;GLIPHOGAN TOP CL PFnPE;5.846,00
VE;15096;GLIPHOGAN TOP x 500 ml;132,00
VE;15101;CIMORAM ULTRA WG;20,00
VE;15102;;4,00
VE;15111;MIRADOR SC;4,00
VE;15115;;415,00
VE;15115;PROSPER 500 EC;150,00
VE;15122;;5,00
VE;15122;ACTELLIC 50 NEWPHARM;6,00
VE;15124;;1.674,00
VE;15124;ZANTARA;543,00
VE;15125;;31,00
VE;15127;;69,00
VE;15127;SANVINO;192,00
VE;15130;;698,00
VE;15130;INTREPID;124,00
VE;15135;;71,00
VE;15135;OLEOSAN PLUS;16,00
VE;15142;;685,00
VE;15142;ALCANCE SYNC TEC;1.220,00
VE;15149;;2.030,00
VE;15149;CONSAVET DF EDGE;1.385,00
VE;15168;;25,00
VE;15168;ZORO 1.9 EW;9,00
VE;15177;;977,00
VE;15181;;51,00
VE;15181;CIRRUS CS;39,90
VE;15184;;46,00
VE;15193;;423,00
VE;15193;CONTATTO PIU' EXTRA;92,00
VE;15196;;20,00
VE;15196;FOSBEL EXTRA;280,00
VE;15199;;10,00
VE;15200;;36,00
VE;15201;FLOXY 400 SC;3,00
VE;15211;;3,00
VE;15213;;5,63
VE;15213;DEMETRINA FLOW;70,67
VE;15213;DEMETRINA FLOW ML. 20;4,80
VE;15221;;292,00
VE;15221;ZETARAM PLUS;12,00
VE;15222;;112,00
VE;15222;FOLICUR COMBI WG;346,00
VE;15227;;2,80
VE;15227;MESUROL EVOLUTION PFnPE;5,30
VE;15229;;10,00
VE;15232;;59,00
VE;15235;;203,00
VE;15235;MOMENTUM;145,00
VE;15235;MOMENTUM PFnPE;16,00
VE;15237;;77,00
VE;15250;;145,00
VE;15250;COPRANTOL DUO;195,00
VE;15251;;565,00
VE;15251;AIRONE LIQUIDO;36,00
VE;15253;;892,00
VE;15263;;468,00
VE;15263;DYNALI;206,00
VE;15264;;417,00
VE;15264;ENERVIN SC;226,50
VE;15266;;1.680,00
VE;15266;QUARTET;1.530,00
VE;15270;PROFELIS;0,10
VE;15285;PRIMMA STAR;2,79
VE;15288;;223,50
VE;15288;OCEAL;10,50
VE;15289;;3,40
VE;15289;SERENADE NATRIA;0,80
VE;15289;SERENADE NATRIA GR. 200;0,20
VE;15291;;176,60
VE;15291;TURFENE PLUS;67,60
VE;15291;TURFENE PLUS ML. 100;1,00
VE;15291;TURFENE PLUS PFnPE;4,00
VE;15291;TURFENE PLUS x 100 ml;0,60
VE;15291;TURFENE PLUS x 500 ml;3,00
VE;15293;;31,00
VE;15293;MAVITA 250 EC;68,00
VE;15294;;1.261,00
VE;15296;;2,00
VE;15297;;3,00
VE;15298;HERBISTOP PRONTO USO;9,00
VE;15298;HERBISTOP PRONTO USO PFnPE;12,00
VE;15302;;1.146,00
VE;15302;AMYLO-X;10,00
VE;15307;;95,00
VE;15311;;88,00
VE;15315;;138,00
VE;15315;ALEF;29,00
VE;15317;;2.349,00
VE;15325;;20,00
VE;15325;CORNER MZ WG;6,00
VE;15326;;11.330,00
VE;15327;;270,00
VE;15327;METAMAN 8-64 WG;10,00
VE;15331;;4,00
VE;15333;;3,56
VE;15333;APPLAUD PLUS;2,56
VE;15333;APPLAUD PLUS x 50 gr;0,30
VE;15335;;99,00
VE;15335;U 46 ULTRA;3,00
VE;15337;;1,40
VE;15337;EXPRESS;0,10
VE;15340;;5,00
VE;15340;FEUDO 50 WP;35,00
VE;15344;;4,00
VE;15348;;150,00
VE;15348;RIDOMIL GOLD R LIQUIDO;215,00
VE;15349;;243,00
VE;15349;ARES 430 SC;107,00
VE;15358;;4.580,00
VE;15358;ZOLFO FLOW MCT;2.352,00
VE;15363;;20,00
VE;15370;;3.650,00
VE;15370;FURY GEO;840,00
VE;15371;;84,00
VE;15378;;100,00
VE;15378;TRAXOS PRONTO 60;30,00
VE;15379;;300,00
VE;15379;AXIAL PRONTO 60;76,50
VE;15384;;112,00
VE;15384;LUNA EXPERIENCE;44,00
VE;15389;;4.570,00
VE;15391;KOLEOS 69 WG;7,00
VE;15401;;1.916,00
VE;15401;TAIFUN MK CL;388,50
VE;15401;TAIFUN MK CL PFnPE;1.876,50
VE;15402;DELTASAP;62,00
VE;15405;;24,00
VE;15405;SHAMAL MK PLUS CL;1.080,00
VE;15405;SHAMAL MK PLUS CL PFnPE;713,50
VE;15408;;33,00
VE;15411;;24,00
VE;15416;;107,00
VE;15419;;1.030,00
VE;15420;;217,00
VE;15422;;11,88
VE;15422;KELVIN DUO;38,34
VE;15433;;52,00
VE;15448;;225,00
VE;15448;REBEL TOP;154,00
VE;15449;;600,00
VE;15449;CIDELY;402,00
VE;15451;;106,00
VE;15455;;0,10
VE;15455;TELDOR PLUS ORTO PFnPE;3,20
VE;15468;;43,00
VE;15493;;5,00
VE;15493;SIMUN 40 OD;437,00
VE;15499;;522,00
VE;15499;SONG 70 WDG;271,25
VE;15505;;668,00
VE;15507;CREW SUPERB;299,00
VE;15513;;125,00
VE;15514;;14,00
VE;15514;CUPRAVIT BLU 35 WG;223,10
VE;15514;CUPRAVIT BLU 35 WG PFnPE;100,05
VE;15534;PREVINT DUO;10,00
VE;15537;;55,00
VE;15537;DELTAGRI;1,00
VE;15543;;24,00
VE;15543;LUMACHICIDA FER;3,00
VE;15543;LUMACHICIDA FER PFnPE;72,50
VE;15546;;115,55
VE;15546;BIATHLON 4D;39,40
VE;15549;;202,00
VE;15549;PROLECTUS 50 WG;1,00
VE;15550;;160,00
VE;15553;;46,50
VE;15553;REGALIS PLUS;9,00
VE;15556;;5,00
VE;15566;;590,00
VE;15566;VISION PLUS;95,00
VE;15573;;120,00
VE;15573;PROMESS SL;8,00
VE;15574;;200,00
VE;15583;;13,00
VE;15583;PIRAT;23,00
VE;15584;REFRAIN;12,00
VE;15591;;528,00
VE;15591;PREVINT TOP;476,00
VE;15596;;129,00
VE;15596;LASCAR;25,00
VE;15598;;43,00
VE;15610;;34,00
VE;15610;CYPERKILL 50 EC;3,00
VE;15612;;1,35
VE;15618;FULLDINA 400 SC;4,00
VE;15621;;0,70
VE;15621;BOTTO 50 EC;44,40
VE;15626;;78,00
VE;15626;ORBIT 440 EC;7,00
VE;15633;;39,00
VE;15635;;1.300,50
VE;15635;ADENGO XTRA;583,70
VE;15651;;5,00
VE;15651;FLANKER;10,00
VE;15655;;1,00
VE;15668;;465,50
VE;15668;GHIBLI 240 OD;10,75
VE;15674;;17,90
VE;15674;AMADEUS TOP;6,10
VE;15677;;1,50
VE;15680;;10,00
VE;15689;;52,00
VE;15710;CLINCHER ONE;80,00
VE;15711;;1,00
VE;15711;ALSYSTIN;6,50
VE;15713;DIABLO SC;1,40
VE;15722;;345,00
VE;15722;ARMICARB 85 PFnPE;10,00
VE;15725;;34,20
VE;15725;DUAXO PFnPE;22,60
VE;15736;;500,00
VE;15741;;30,00
VE;15743;;1,00
VE;15744;;3,00
VE;15746;;70,00
VE;15748;;197,00
VE;15748;SYLLIT 544 SC;32,00
VE;15751;;74,00
VE;15751;VITENE TRIPLO R;196,00
VE;15751;VITENE TRIPLO R PFnPE;690,00
VE;15752;;12,00
VE;15753;CALLISTO PLUS;20,00
VE;15753;PYXIDES DUO;52,00
VE;15758;;2.832,00
VE;15758;QUILT X CELT;110,00
VE;15758;QUILT XCEL;309,00
VE;15779;;1,93
VE;15779;ABANTO ML. 20;0,06
VE;15780;;410,00
VE;15790;;300,00
VE;15817;;157,00
VE;15817;GLADIATOR;213,00
VE;15831;;11,00
VE;15834;;29,00
VE;15834;TRACER 120;14,00
VE;15838;;710,00
VE;15838;ROUNDUP ULTRAMAX;790,00
VE;15841;FLOCTER;30,00
VE;15842;;468,00
VE;15844;;1.072,00
VE;15844;SLOGAN TOP;478,00
VE;15845;;61,00
VE;15847;MAKURI;1,50
VE;15856;;73,00
VE;15864;;45,00
VE;15877;;44,00
VE;15886;;5,00
VE;15886;METAREX INOV;40,00
VE;15888;;300,00
VE;15890;CURZATE 60 WG;6,00
VE;15891;;24,00
VE;15891;BLAISE;76,00
VE;15894;;443,50
VE;15894;DUOKAR 20 EW;3,00
VE;15900;;8.340,00
VE;15900;TRIKA EXPERT;4.880,00
VE;15901;;1.927,00
VE;15901;ERCOLE;2.370,00
VE;15901;ERCOLE KG. 1;20,00
VE;15901;ERCOLE PFnPE;176,00
VE;15907;;492,00
VE;15907;PRESIDIUM ONE;100,40
VE;15907;PRESIDIUM ONE PFnPE;27,80
VE;15910;;47,50
VE;15911;;80,00
VE;15911;SPIROX;94,00
VE;15912;;510,00
VE;15912;CUPRO ISAGRO WG;98,00
VE;15915;;55,00
VE;15915;STARANE HD;20,00
VE;15917;;8,20
VE;15923;;24,00
VE;15932;;0,20
VE;15932;AXIENDO CONCENTRATO;2,50
VE;15933;;17,25
VE;15949;;1,00
VE;15961;;438,00
VE;15961;RETENGO NEW;88,00
VE;15962;;90,00
VE;15962;LECTRA MZ WG;260,00
VE;15965;BORDER;166,00
VE;15983;KUKAR;10,00
VE;15984;;235,00
VE;15990;;16,20
VE;15990;SCIROCCO 125 EW;4,10
VE;15990;SCIROCCO 125 EW PFnPE;26,70
VE;15996;;140,00
VE;15996;PATRIOT DRY;14,00
VE;16000;MINUET GR;56,25
VE;16004;KORING 430 SC;12,00
VE;16012;SEPRABAIT;11,00
VE;16023;;76,00
VE;16032;;34,00
VE;16033;;13,00
VE;16034;;109,00
VE;16035;;2,50
VE;16037;MOJANG TX;60,00
VE;16038;;1,00
VE;16042;;0,08
VE;16050;;21,00
VE;16050;RADIANT SC;1,25
VE;16051;;293,50
VE;16051;LENNS;78,00
VE;16051;LENNS PFnPE;2,00
VE;16054;;152,00
VE;16055;;1,00
VE;16063;;1,98
VE;16063;ARIGO;14,52
VE;16065;;53,25
VE;16065;SERRATE;23,50
VE;16071;;121,00
VE;16071;MESOZIN 70 WG;108,25
VE;16074;GLORIAL 25 EC;44,00
VE;16083;;0,20
VE;16083;STIKER FLOW;0,50
VE;16084;;12,00
VE;16085;TRIMUR;4,10
VE;16086;;0,25
VE;16086;NEMGUARD GRANULES x 250 gr;1,50
VE;16088;;15,00
VE;16088;NEMADATE;10,00
VE;16089;BUGUIS;2,00
VE;16098;;151,25
VE;16098;NIBER 70 DF;7,00
VE;16099;SINIS 70 DF;13,75
VE;16101;;567,00
VE;16101;TOPAS COMBI LIQUIDO;29,00
VE;16104;;751,00
VE;16104;ELECTIS TRIO WDG;651,50
VE;16104;ELECTIS TRIO WDG PFnPE;35,50
VE;16107;RADAR COMBI FLOW;4,00
VE;16114;;763,00
VE;16114;SIMITAR   EVO;517,00
VE;16117;;10,00
VE;16117;SERBY;16,00
VE;16124;;3,00
VE;16126;;1,60
VE;16136;LUMA-GOLD PFnPE;23,00
VE;16137;;2.315,00
VE;16137;OSIRIS;2.210,00
VE;16139;;635,00
VE;16139;SEGURIS XTRA;68,00
VE;16149;;113,00
VE;16149;BABEL;39,00
VE;16155;DINIRO;54,00
VE;16157;;9,90
VE;16157;ATLANTIS FLEX;15,18
VE;16161;;6.130,00
VE;16161;CENTURY SL;4.400,00
VE;16166;POKER MAX;780,00
VE;16166;POKER MAX PFnPE;40,00
VE;16169;VARADERO 400 SC;21,00
VE;16170;TRICUP FLO;30,00
VE;16171;;5,00
VE;16171;HADDEN;1,20
VE;16172;;31,00
VE;16182;CLICK PRO;9,00
VE;16187;;6,00
VE;16188;MEDIATOR PLUS;1,50
VE;16191;;251,00
VE;16191;TRIMAXX;72,00
VE;16194;;378,00
VE;16194;ETRAVON PRO;170,00
VE;16205;;210,00
VE;16205;IDROX 20;2.000,00
VE;16208;CLEANCLASTER;200,00
VE;16210;;102,00
VE;16221;;17,90
VE;16221;MADEX TOP;1,60
VE;16226;CIMOTER RAME WG;3,00
VE;16227;;86,00
VE;16232;;1,50
VE;16242;;15,00
VE;16251;;85,00
VE;16251;AFFIRM OPTI;5,00
VE;16252;;60,00
VE;16252;AMISTAR GOLD;30,00
VE;16259;LABEL 70 DF;2,00
VE;16260;;815,00
VE;16261;;252,60
VE;16273;;622,00
VE;16273;SIVANTO PRIME;112,00
VE;16279;;22.470,00
VE;16279;ERCOLE GR;20.330,00
VE;16279;ERCOLE GR PFnPE;7,00
VE;16283;;240,00
VE;16283;QUANTUM R-OK;5,60
VE;16285;;982,00
VE;16285;KALIMBA;52,00
VE;16287;;115,00
VE;16287;SOLIGOR;10,00
VE;16288;;457,00
VE;16288;AMPEXIO;261,50
VE;16290;;3,55
VE;16290;AMADEUS ULTRA;3,78
VE;16293;;8,00
VE;16295;;1,65
VE;16295;RAPAX AS x 50 ml;1,20
VE;16296;;557,00
VE;16296;PERGADO D;39,00
VE;16297;;65,00
VE;16299;;4.343,00
VE;16305;;2,00
VE;16315;RADAR HP PFnPE;3,50
VE;16318;;26,00
VE;16318;REFLECT;4,00
VE;16325;;5.471,42
VE;16325;EPIK SL;2.776,94
VE;16325;EPIK SL - anticimici x 50 ml;0,30
VE;16325;EPIK SL ML. 15;2,16
VE;16325;EPIK SL PFnPE;0,51
VE;16335;;8.869,50
VE;16335;LIETO SC;4.757,00
VE;16336;;421,00
VE;16363;;937,50
VE;16363;SIRTAKI;517,60
VE;16364;;7.411,00
VE;16364;BISMARK;3.711,00
VE;16369;;105,00
VE;16369;ORTIVA TOP SC;2,00
VE;16379;;588,00
VE;16379;PREV-AM PLUS;66,00
VE;16381;;116,00
VE;16384;;2.020,00
VE;16384;ELATUS ERA;228,00
VE;16385;;55,50
VE;16385;ELATUS PLUS;68,25
VE;16395;;41,00
VE;16396;;120,00
VE;16396;TEMSA 100;234,00
VE;16399;;52,46
VE;16399;DECIS 15 EW HOBBY;27,28
VE;16399;DECIS 15 EW HOBBY ML. 0,5;0,35
VE;16399;DECIS 15 EW HOBBY ML. 250;9,25
VE;16399;DECIS 15 EW HOBBY PFnPE;133,29
VE;16416;FENOTRIX 300 SC;67,00
VE;16431;;2,05
VE;16431;PREVICUR ENERGY ORTO PFnPE;1,00
VE;16434;;224,50
VE;16434;OLIOCIN NATRIA;70,00
VE;16434;OLIOCIN NATRIA ML. 500;13,50
VE;16434;OLIOCIN NATRIA PFnPE;279,00
VE;16438;;20,50
VE;16438;VELUM PRIME;4,00
VE;16443;;30,00
VE;16444;DIXIE MAIS;7,20
VE;16457;;200,00
VE;16457;POLTIGLIA 20 WG GREEN;1.405,00
VE;16459;;458,50
VE;16459;SOLEIL 50 WG;48,50
VE;16460;;488,00
VE;16465;;10,01
VE;16465;HARASS;9,94
VE;16465;HARRAS;0,38
VE;16472;;124,00
VE;16480;;3.404,00
VE;16480;3LOGY;1.076,00
VE;16481;;910,50
VE;16483;TEMIDE 50 WG;6,00
VE;16495;;0,50
VE;16495;FLINT ORTO;0,20
VE;16497;;76,20
VE;16497;DECIS PROTECT EW;28,00
VE;16497;DECIS PROTECT EW PFnPE;170,00
VE;16498;;66,00
VE;16498;CETUS 360 CS;4,00
VE;16503;BINARY;200,00
VE;16503;BINARY T;45,00
VE;16509;;1,00
VE;16509;IBISCO;72,00
VE;16527;;657,00
VE;16533;;10,00
VE;16533;CURZEB PLUS WP;160,00
VE;16534;;37,00
VE;16534;TIXAL R SC;51,00
VE;16538;KITAMBA;117,00
VE;16545;;577,00
VE;16545;COPRANTOL HI BIO 2.0;3.033,00
VE;16549;TIOGEL WG;20,00
VE;16561;;206,00
VE;16561;RIKALI;290,00
VE;16562;;9.555,00
VE;16562;DELAN PRO;3.720,00
VE;16565;EXECUTIVE GOLD;1,20
VE;16567;;1.900,00
VE;16569;ASTREL WDG;24,00
VE;16570;;93,00
VE;16570;SENCOR 600 SC;11,00
VE;16577;;64,00
VE;16578;;18,00
VE;16578;MELODY COMPACT WG;22,00
VE;16611;;320,00
VE;16611;DECIS TRAP NOCE;20,00
VE;16616;;918,00
VE;16616;VALLEY;285,00
VE;16630;;17,10
VE;16632;;11,50
VE;16635;SEGURIS ERA;45,00
VE;16641;;10,12
VE;16647;;1.020,00
VE;16647;TAG PRO;890,00
VE;16654;;5,00
VE;16658;;246,00
VE;16690;;66,00
VE;16699;;0,80
VE;16703;;693,00
VE;16703;SPADA 50 WG;177,00
VE;16709;;27,50
VE;16737;;13,00
VE;16737;PISON;60,00
VE;16742;;42,00
VE;16754;;30,00
VE;16754;SIMBA;49,00
VE;16772;AMYLO X LC;52,00
VE;16779;;1.010,00
VE;16779;TONALE;722,00
VE;16781;CYMBAL 35 WG;30,00
VE;16787;;31.441,00
VE;16787;CLINIC 360 ST;100,00
VE;16787;CLINIC ST;740,00
VE;16792;;31,00
VE;16793;;22,00
VE;16797;DEMETRINA 25 EC;18,00
VE;16800;;8,20
VE;16800;AMADEUS SX;5,20
VE;16802;;561,00
VE;16802;ZYPAR;291,00
VE;16827;MAISOT;2,00
VE;16829;;36,00
VE;16830;;865,00
VE;16830;FANDANGO 360 TF;3.000,00
VE;16831;;7.300,00
VE;16831;GLIFENE BIOGRADE;460,00
VE;16831;GLIFENE BIOGRADE PFnPE;110,00
VE;16833;;112,00
VE;16833;PANTOX 360 SUPER;1.974,00
VE;16833;PANTOX 360 SUPER PFnPE;485,50
VE;16835;;48,00
VE;16836;;180,00
VE;16842;;5,00
VE;16843;;1.950,00
VE;16867;;1.767,00
VE;16867;GLISTER STAR;1.500,00
VE;16886;;79,84
VE;16886;CLOSER;29,10
VE;16886;CLOSER PFnPE;2,68
VE;16895;;4,95
VE;16896;;2.238,77
VE;16896;ZORVEC ZELAVIN;388,60
VE;16897;;100,00
VE;16902;;63,00
VE;16904;;759,00
VE;16904;KIDEKA 100 SC;14,00
VE;16916;;57,00
VE;16917;;1.040,00
VE;16917;LOGRADO PLUS;100,00
VE;16945;;439,00
VE;16945;SERCADIS;150,40
VE;16952;;155,00
VE;16952;DIRIMAL;160,00
VE;16954;;5,40
VE;16959;;1.970,00
VE;16959;DENEB 75 DG;540,00
VE;16966;BILO 50 GR;4,00
VE;16968;PENDINOVA;30,00
VE;16976;;430,00
VE;16991;;1.480,00
VE;17003;;744,00
VE;17003;PRIAXOR;338,00
VE;17006;;16,00
VE;17007;;40,00
VE;17014;;13,50
VE;17018;;440,00
VE;17018;GEOTOX 5 C;17,00
VE;17024;;1.219,00
VE;17058;;244,00
VE;17065;;985,00
VE;17069;;3.640,00
VE;17072;;436,00
VE;17072;DIREX 50 GR;371,00
VE;17072;DIREX 50 GR PFnPE;1.018,00
VE;17072;DIREX 50 GR x 1 kg;120,00
VE;17075;;927,50
VE;17075;MOVIDA;935,00
VE;17077;;4,50
VE;17077;FIDELITY;44,00
VE;17078;;131,00
VE;17078;QUANTUM L;106,00
VE;17079;;7.650,00
VE;17079;FORCE EVO;380,00
VE;17081;;60,00
VE;17081;CUPROSSIL IDRO NEW 20 WG;30,00
VE;17099;;21,00
VE;17107;SPYRIT 50 SC;5,00
VE;17108;;0,50
VE;17108;FEUDO 500 SC;12,00
VE;17111;;345,00
VE;17111;FLOVINE;440,00
VE;17112;DIFCOR;20,00
VE;17115;;169,00
VE;17115;ZETROLA;2,00
VE;17141;;185,00
VE;17141;SELECTRUM;285,00
VE;17234;;5,00
VE;17261;POKER GEO;790,00
VE;17264;ZOLFO LIQUIDO 80 SC;260,00
VE;17265;FILDER 500 SC;132,00
VE;17295;IMPERO 18 EC;24,00
VE;17311;;167,50
VE;17311;VINIFOL WDG;40,00
VE;17319;FOXPRO;8,00
VE;17326;;312,00
VE;17337;;142,00
VE;17344;;21,00
VE;17345;;60,00
VE;17346;;322,00
VE;17346;EXOSET 240 EC;173,00
VE;17360;;381,00
VE;17360;MAGO;153,00
VE;17361;;22.755,00
VE;17362;;7.200,00
VE;17364;;32.340,00
VE;17364;TELONE II 2019;6.720,00
VE;17368;ALETIL DF;40,00
VE;17372;;130,00
VE;17378;;3,60
VE;17383;;100,00
VE;17406;OLEOTER 4 STAGIONI PFnPE;30,00
VE;17416;;2,00
VE;17424;;12.325,00
VE;17424;AF-X1 2019;4.575,00
VI;13;;2.480,00
VI;13;THIOPRON;10.500,00
VI;189;;50,00
VI;206;;25,00
VI;206;ALBENE;395,00
VI;449;;1.110,00
VI;449;MOCAP;11.210,00
VI;449;MOCAP GR;525,00
VI;599;;72,00
VI;599;ACUPRICO 76 WG;337,00
VI;630;;2.280,00
VI;630;REGLONE;10,00
VI;630;REGLONE W;375,00
VI;747;;100,00
VI;779;TRIMANOC 80 WP;89,00
VI;909;;325,00
VI;909;POLISOLFURO DI CALCIO POLISENIO;1.397,00
VI;1156;;681,00
VI;1156;CHEMOL;3.762,25
VI;1156;CHEMOL PFnPE;14,00
VI;1562;;47,00
VI;1573;;1.440,00
VI;1573;BASAMID GRANULAT;460,00
VI;1583;;7.324,00
VI;1583;MICROTHIOL DISPERSS;45.310,00
VI;1714;;3,00
VI;1714;KERB 80 EDF;181,00
VI;1823;ZOLFO 80 MICRONIZZATO;300,00
VI;1850;IDRORAME FLOW;598,00
VI;1850;IDRORAME FLOW PFnPE;16,50
VI;1936;LIQUIZOL M;1,00
VI;2191;WETTING PLUS;75,00
VI;2249;;64,00
VI;2249;MALERBANE PRATI 400;477,00
VI;2259;;340,00
VI;2259;PASTA LUMACHICIDA IN GRANI;804,10
VI;2259;PASTA LUMACHICIDA IN GRANI PFnPE;55,10
VI;2272;SILLIM;4,00
VI;2272;SILLIM (SEPRABAIT) PFnPE;9,00
VI;2307;;364,00
VI;2307;VECTOR;920,00
VI;2353;;28,00
VI;2353;BONALAN;328,00
VI;2518;ACTELLIC 2P;2,40
VI;2520;ACTELLIC;24,00
VI;2732;;63,00
VI;2732;GOLTIX;662,00
VI;2923;;950,00
VI;2923;TIOVIT JET;16.661,40
VI;2923;TIOVIT JET 10kg;420,00
VI;2934;MICROSOL 90;6,50
VI;2934;MICROSOL 90 PFnPE;1,75
VI;2995;;257,50
VI;2995;ESCARTOX;2.073,80
VI;2995;ESCARTOX PFnPE;407,00
VI;3065;;11,20
VI;3065;OLIOCIN;513,00
VI;3065;OLIOCIN PFnPE;28,50
VI;3102;;60,00
VI;3102;OLEOTER;221,00
VI;3102;OLEOTER PFnPE;119,50
VI;3132;SEPR-OIL;101,50
VI;3132;SEPR-OIL PFnPE;161,75
VI;3141;CUTHIOL;7,00
VI;3219;;44,00
VI;3219;CARAKOL AGRO;154,00
VI;3219;CARAKOL AGRO PFnPE;1.413,50
VI;3343;U46 M CLASS;40,00
VI;3366;ROKAR 400 ST;24,00
VI;3468;;4,00
VI;3468;DACOL;21,00
VI;3468;DACOL L 40;31,00
VI;3468;DACOL L 40 ST;179,00
VI;3555;CURZATE M;466,00
VI;3640;;150,00
VI;3754;BAGNANTE SARIAF;349,00
VI;3767;;3,00
VI;3767;FENOXILENE 200;94,00
VI;3779;;3.000,00
VI;3793;DITHANE M-45;61,00
VI;3800;;155,00
VI;3817;;14,00
VI;3859;DURSBAN;10,00
VI;4012;;2,50
VI;4012;RELDAN 22;173,25
VI;4199;;1.106,00
VI;4199;PENNCOZEB DG;2.190,00
VI;4228;;44,00
VI;4228;ROGOR;5,00
VI;4228;ROGOR 400 ST;10,00
VI;4326;;4,00
VI;4326;ROGOR;1,00
VI;4326;ROGOR L 40;5,00
VI;4326;ROGOR L 40 ST;208,00
VI;4326;ROGOR L 40 ST LT 1;2,00
VI;4326;ROGOR L40 ST;28,00
VI;4552;DITHANE DG NEOTEC;530,00
VI;4701;PIRIMOR 50;34,00
VI;4710;;67,45
VI;4710;ALIETTE;216,40
VI;4710;ALIETTE PFnPE;89,55
VI;4896;RIGENAL P;6,90
VI;4896;RIGENAL P PFnPE;30,30
VI;5152;TIOSPOR WG;1.094,00
VI;5228;;28,00
VI;5228;CARAKOL;272,00
VI;5228;CARAKOL PFnPE;490,50
VI;5299;;226,00
VI;5299;MIBIOL;91,50
VI;5299;MIBIOL PFnPE;451,25
VI;5381;MANCOZEB PLUS 80 WP;100,00
VI;5414;RADICANTE POLVERE TALEE LEGNOSE;0,10
VI;5414;RADICANTE POLVERE TALEE LEGNOSE PFn;5,90
VI;5467;METADENE;337,50
VI;5574;LUMAKIDIN 5G;307,00
VI;5574;LUMAKIDIN 5G PFnPE;728,00
VI;5755;TILT 25 EC;11,50
VI;5759;GALBEN M 8-65 BLU;24,00
VI;5796;;7,00
VI;5796;GARLON;17,00
VI;6321;STIMOLANTE 66F;17,60
VI;6389;DUECI-FITO RADICANTE;4,80
VI;6389;DUECI-FITO RADICANTE PFnPE;2,40
VI;6401;MONDAK 21 S;2,00
VI;6437;;8,00
VI;6437;ETHREL;1,00
VI;6438;BI-FEN;26,00
VI;6555;K-OBIOL ULV 6;200,00
VI;6556;;37,00
VI;6556;K-OBIOL DP2;72,00
VI;6751;;13,50
VI;6751;RASEN FLORANID;31,00
VI;6751;RASEN FLORANID PFnPE;91,50
VI;6771;;252,00
VI;6816;NU BAIT;2,00
VI;6945;;1,50
VI;6945;TOPAS 10 EC;151,50
VI;6956;;13,00
VI;6956;TARGA FLO;132,00
VI;6978;BETTER;70,00
VI;6978;BETTER 400;25,00
VI;7020;BAGNANTE CIFO;67,00
VI;7053;PASTA CAFFARO NC;79,00
VI;7055;PASTA CAFFARO BLU;314,50
VI;7055;PASTA CAFFARO BLU PFnPE;55,50
VI;7101;LIMAVAL;55,00
VI;7101;LIMAVAL PFnPE;68,00
VI;7368;;5,00
VI;7368;TURFENE L;76,00
VI;7369;;1,00
VI;7379;;5,00
VI;7379;VENZAR;30,50
VI;7401;POLTIGLIA CAFFARO 20 DF NEW;371,00
VI;7401;POLTIGLIA CAFFARO 20 DF NEW PFnPE;70,90
VI;7483;;2,00
VI;7483;DEVRINOL F;432,00
VI;7530;BIOLID E;4,90
VI;7534;ROYAL MH;20,00
VI;7541;;1,40
VI;7541;APOLLO SC;0,60
VI;7550;ZETA 80;0,30
VI;7555;KLARTAN 20 EW;24,79
VI;7608;DASKOR 440 EC;215,00
VI;7611;;118,00
VI;7611;ENOVIT METIL FL;907,00
VI;7700;;6,20
VI;7700;MATACAR FL;14,00
VI;7736;ZOLFO SCORREVOLE TRIVENTILATO 95% S;200,00
VI;7764;TIOLENE PFnPE;0,90
VI;7864;TAU AL 240 EW;0,13
VI;7876;PIRIMOR 17,5;10,00
VI;7911;AIRONE EXTRA;206,00
VI;7916;;4.022,00
VI;7916;POLYRAM DF;13.659,50
VI;7919;;1.215,00
VI;7919;TOUCHDOWN;1.548,00
VI;7922;OPALENE;63,00
VI;7958;RONSTAR FL;24,00
VI;7961;;5,00
VI;7961;RIZOLEX  GOLD;51,00
VI;7965;TRIGARD 75 WP;3,00
VI;7984;STRATOS;15,00
VI;8001;;1,50
VI;8001;AGRO-PYR;3,48
VI;8001;AGRO-PYR PFnPE;8,22
VI;8102;;59,00
VI;8102;MERPAN 80 WDG;331,00
VI;8117;BASTA 200;30,00
VI;8146;;2,50
VI;8146;GALLERY;50,00
VI;8184;;122,00
VI;8184;CHALLENGE;335,00
VI;8229;RAPAX;2,05
VI;8259;LAMDEX EXTRA;2,00
VI;8320;DELFIN;6,00
VI;8376;;1.469,00
VI;8376;ARIANE II;210,00
VI;8382;;449,46
VI;8382;ROUNDUP BIOFLOW;82,96
VI;8382;ROUNDUP BIOFLOW PFnPE;705,12
VI;8498;;62,00
VI;8498;FOLICUR WG;242,00
VI;8542;FORUM 50 WP;134,20
VI;8546;DANITRON;1,00
VI;8558;PIRETRO VERDE;43,18
VI;8558;PIRETRO VERDE PFnPE;28,28
VI;8565;;17,00
VI;8599;;115,00
VI;8601;;82,00
VI;8601;FOLPAN 80 WDG;7.201,00
VI;8617;;25,00
VI;8646;PENDIGAN;8,00
VI;8656;GLIFENE BIOGRADE;200,00
VI;8656;GLIFENE HP;460,00
VI;8690;PERFEKHION TOP;12,00
VI;8690;PERFEKTION TOP;15,00
VI;8706;;2,50
VI;8706;AMID THIN W;3,50
VI;8735;;36,00
VI;8735;TREBON UP;173,00
VI;8742;;8,00
VI;8742;INDAR 5 EW;27,00
VI;8742;indar 5EW;6,00
VI;8795;;89,00
VI;8795;VERTIMEC EC;189,75
VI;8796;SELECT;1,00
VI;8797;BINAL PRO;684,00
VI;8801;;14,50
VI;8801;SCORE 25 EC;193,25
VI;8836;MIMIC;2,00
VI;8837;GERMON BEWURZELUNGSPUDER PER TALEE ;10,66
VI;8838;GERMON BEWURZELUNGSPUDER PER TALEE ;1,22
VI;8841;;87,00
VI;8841;CYREN 5 G;831,00
VI;8841;CYREN 5 G PFnPE;248,00
VI;8843;NISSHIN;15,00
VI;8882;ULTRA FINE OIL;20,00
VI;8886;;0,24
VI;8886;SAFARI;5,76
VI;8929;;12,00
VI;8933;SOLEAS;3,00
VI;8934;;40,00
VI;8934;SCALA;125,00
VI;8937;MASAI 20 WP;10,00
VI;8987;CONFIDOR;1,75
VI;8987;CONFIDOR 200 SL;1,00
VI;9005;;800,00
VI;9005;AGIL;1.734,65
VI;9010;;309,00
VI;9010;RAMEZIN COMBI WG;58,00
VI;9012;CUPROCAFFARO MICRO;8.626,00
VI;9041;;5.290,00
VI;9126;CONCORDE COMBI PFnPE;18,00
VI;9131;;20,00
VI;9131;PYRINEX ME;37,90
VI;9131;PYRINEX ME PFnPE;1,40
VI;9148;SYLLIT 400 SC;35,00
VI;9153;CYREN 44 EC;55,00
VI;9210;QUADRIS;92,00
VI;9244;ZIRAMIT 76 WG;760,00
VI;9267;ROYALTAC N;620,00
VI;9280;TOPAS 200 EW;61,00
VI;9306;;1,00
VI;9339;BETANAL EXPERT;342,00
VI;9342;DELTRIN;62,50
VI;9342;DELTRIN PFnPE;7,50
VI;9371;PEAK;0,68
VI;9373;;3,00
VI;9374;;2,00
VI;9374;MATCH TOP;38,00
VI;9410;;234,00
VI;9411;RADIP ORMON PFnPE;4,40
VI;9422;;64,60
VI;9422;EVADE;1.090,94
VI;9422;EVADE PFnPE;0,90
VI;9443;ENDOGERME ANTIGERMOGLIANTE;1,00
VI;9443;ENDOGERME CHLORCYRIN;5,60
VI;9449;EMERALD COMBI;104,00
VI;9509;PROMALIN NT;10,00
VI;9569;ZETARAM 3B FL;687,00
VI;9575;DRIBBLING 240 EC;25,00
VI;9578;;105,25
VI;9578;SWITCH;659,50
VI;9578;SWITCH gr250;1,25
VI;9612;OSSICLOR 30;922,00
VI;9631;METRIN EC;43,00
VI;9634;CARNIVAL RIO;18,00
VI;9636;OSSIRAM COMBI WP;0,10
VI;9668;;0,15
VI;9668;RUFAST E-FLO;40,43
VI;9668;RUFAST E-FLO PFnPE;0,19
VI;9678;M70 DF;3,00
VI;9679;;2,00
VI;9695;PERLAN;0,50
VI;9705;PREVITER;61,20
VI;9705;PREVITER PFnPE;0,10
VI;9723;;10.400,00
VI;9724;TIOWETTING DF;10.846,00
VI;9724;TIOWETTING DF PFnPE;4,00
VI;9744;;28,00
VI;9747;;0,96
VI;9747;FURY;2,59
VI;9747;FURY PFnPE;0,78
VI;9757;SPYRALE;94,00
VI;9758;COPRANTOL WG;462,00
VI;9767;NUFOS 5 G;472,00
VI;9767;NUFOS 5 G PFnPE;63,00
VI;9787;MICROBAGNABILE WG;293,00
VI;9790;;5,00
VI;9790;CONTATTO 320;38,00
VI;9800;;53,65
VI;9800;MAVRIK 20 EW;93,51
VI;9800;MAVRIK 20 EW PFnPE;3,17
VI;9813;DICLOPYR;1,00
VI;9843;;108,00
VI;9843;BASAGRAN SG;915,00
VI;9872;;480,00
VI;9872;AKRIS;200,00
VI;9905;THIOCUR 20 EW;0,50
VI;9941;;77,00
VI;9954;;359,00
VI;9954;JOKER;1.825,00
VI;9954;JOKER 5LT;5,00
VI;9963;;74,00
VI;9963;METIDANE 22;260,00
VI;9995;;8,00
VI;9995;ARIUS;23,00
VI;9995;ARIUS LT 1;22,00
VI;10005;;10,00
VI;10005;SCOTTS WEEDCONTROL PFnPE;51,00
VI;10029;KING;11,62
VI;10048;KUMULUS TECNO;250,00
VI;10049;;21,00
VI;10049;DURSBAN 75 WG;49,00
VI;10057;ARPEL WDG;370,00
VI;10105;;0,75
VI;10105;RIDOMIL GOLD SL;14,25
VI;10106;;50,00
VI;10106;RIDOMIL GOLD COMBI WP;200,00
VI;10117;;210,00
VI;10117;STRATOS ULTRA;906,00
VI;10118;;207,00
VI;10118;AMISTAR;7,00
VI;10119;EQUATION PRO;8,00
VI;10127;;30,00
VI;10127;DECIS JET;16,08
VI;10127;DECIS JET PFnPE;126,26
VI;10154;BORDOFLOW SECTOR;384,00
VI;10158;PIREFLOR;0,08
VI;10161;;23,00
VI;10161;ORTIVA;43,00
VI;10183;GARLON EV;16,00
VI;10209;GLYFOS ULTRA;860,00
VI;10224;;2.070,00
VI;10230;;3,00
VI;10230;LUMAPLUS;779,00
VI;10230;LUMAPLUS PFnPE;527,50
VI;10233;BORDOSEP;18,00
VI;10233;BORDOSEP PFnPE;42,50
VI;10263;DRIVER;13,25
VI;10263;SEPRAGOLF DRIVER PFnPE;8,25
VI;10272;CEREXIL M DG;1,00
VI;10296;;567,00
VI;10305;;19,54
VI;10305;OIKOS;23,78
VI;10305;OIKOS PFnPE;2,85
VI;10306;MISTRAL;110,00
VI;10329;;49,00
VI;10329;FORUM MZ WG;147,00
VI;10350;;39,00
VI;10350;BLAST SG;9,00
VI;10357;RIGRON SG;306,00
VI;10357;RIGRON SG  3KG;24,00
VI;10373;;94,00
VI;10373;CONTEST;38,00
VI;10381;CONCORDE 40 EW;6,00
VI;10381;CONCORDE 40 EW PFnPE;10,15
VI;10396;LIZOCIN;7,00
VI;10415;;20,50
VI;10423;LUMACHICIDA VEBI;110,00
VI;10423;LUMACHICIDA VEBI PFnPE;205,00
VI;10425;SCUDEX;20,50
VI;10426;PROTIL;5,50
VI;10426;PROTIL EC;26,50
VI;10439;;44,00
VI;10447;NOVEL DUO;68,00
VI;10456;;190,50
VI;10456;KLARO ULTRA;829,75
VI;10456;KLARO ULTRA PFnPE;40,75
VI;10461;DICOTURF;22,75
VI;10461;DICOTURF PFnPE;10,00
VI;10479;;1,00
VI;10479;NATURALIS;42,00
VI;10493;;1.018,00
VI;10493;RUNNER LO;2.332,00
VI;10504;;114,00
VI;10509;;230,00
VI;10509;MASTIFF ULTRA;5,00
VI;10540;TERIAL 75 WG;1,00
VI;10560;PIRETRO NATURA;288,00
VI;10573;;50,00
VI;10573;KOCIDE 2000;1.249,00
VI;10573;KOCIDE 2000  KG 10;140,00
VI;10573;KOCIDE 2000 KG1;35,00
VI;10585;;412,00
VI;10585;SULCOTREK;319,00
VI;10585;SULCOTREK 5LT;30,00
VI;10588;BIOPIREN PLUS;38,00
VI;10589;FLORA VERDE;2,18
VI;10589;FLORA VERDE PFnPE;0,45
VI;10595;CUPRO ISAGRO BLU;6,00
VI;10604;;23,60
VI;10604;EMERALD 40 EW;247,33
VI;10604;EMERALD 40 EW PFnPE;52,71
VI;10628;MIDAURIL MZ;460,00
VI;10632;;30,00
VI;10632;COBRE NORDOX SUPER 75 WG;431,00
VI;10701;CUMETA FLOW;251,00
VI;10701;CUMETA FLOW pfnpe;58,00
VI;10710;TOMAGAN;17,00
VI;10734;;659,00
VI;10734;DUAL GOLD;988,00
VI;10734;DUAL GOLD  5LT;50,00
VI;10735;;680,00
VI;10735;PRIMAGRAM GOLD;2.792,00
VI;10741;;10,00
VI;10741;METACINQUE PFnPE;128,00
VI;10752;;19,75
VI;10752;STEWARD;99,50
VI;10752;STEWARD 250GR;1,00
VI;10758;;10,00
VI;10758;BETASANA TRIO SC;50,00
VI;10771;;291,20
VI;10771;MOST MICRO;1.350,90
VI;10771;MOST MICRO PFnPE;2,10
VI;10780;LUMABLOC;12,00
VI;10816;PIRETRO GARDEN;4,00
VI;10890;;30,00
VI;10890;FLiPPER;375,55
VI;10926;;3,00
VI;10926;ALTOREX;19,00
VI;10929;;0,20
VI;10929;CHIKARA 25 WG;18,25
VI;10939;CP 40 AGRO;1,00
VI;10944;;129,25
VI;10944;KARATE ZEON;39,72
VI;10976;;649,05
VI;10976;METEOR;616,87
VI;10976;METEOR  PFnPE;19,75
VI;10976;METEOR PFnPE;43,24
VI;10999;BETANAL SE;89,00
VI;11011;;861,00
VI;11011;DASH HC;557,00
VI;11012;AURA;3,00
VI;11029;;209,00
VI;11029;PYRINEX M 22;294,00
VI;11044;TUREX;1,00
VI;11045;DODIPREV 400 SC;1,50
VI;11059;BIOPOWER;549,00
VI;11062;;23,50
VI;11062;BION 50 WG;2,00
VI;11070;;32.725,00
VI;11088;BION MX;6,00
VI;11102;;200,00
VI;11102;HELIOSOUFRE S;626,00
VI;11106;MANFIL 75 WG;168,00
VI;11107;;8,00
VI;11107;ECO-TRAP;2,00
VI;11119;;9,00
VI;11119;FLINT;17,50
VI;11120;ZENITH;92,00
VI;11133;SHELTER;69,50
VI;11157;;2,00
VI;11157;PROPYDOR PFnPE;10,50
VI;11173;;313,00
VI;11173;AVAUNT EC;314,00
VI;11173;AVAUNT EC  1LT;7,00
VI;11196;SULFAR;10,00
VI;11206;;222,50
VI;11206;CODACIDE;1.887,50
VI;11231;MICOSPOR 80 WDG;15,00
VI;11243;;962,00
VI;11243;LEOPARD 5 EC;484,00
VI;11253;;35,00
VI;11253;CALLISTO;230,00
VI;11257;COSTAR WG;14,25
VI;11258;;15,00
VI;11258;FAZOR STAR;120,00
VI;11301;sphere;12,00
VI;11303;;680,00
VI;11303;CHAMP DP;360,00
VI;11341;;184,00
VI;11341;STARANE GOLD;690,00
VI;11353;;22,00
VI;11353;FUSILADE MAX;122,00
VI;11353;FUSILADE MAX 5LT;50,00
VI;11359;SARCAP 800;17,00
VI;11360;;11,50
VI;11360;GRIP 25;8,50
VI;11382;GARDENE PLUS;36,00
VI;11390;VITENE TRIPLO BLU;29,00
VI;11402;MELODY COMBI;50,00
VI;11427;AGRIGOLF GOLD;210,00
VI;11448;;323,00
VI;11448;KICKER;771,00
VI;11449;;16.179,00
VI;11449;GARDOPRIM GOLD;501,00
VI;11497;;5.530,00
VI;11501;VITE FOL;3.570,00
VI;11505;;7,00
VI;11505;READY GERMIPLUS;1.403,80
VI;11523;SEPRADINA 400 SC;0,50
VI;11525;FUNGIDINA;5,70
VI;11525;FUNGIDINA 400 SC;2,50
VI;11526;;52,00
VI;11526;SULTAN;221,00
VI;11561;;287,40
VI;11561;NEEMAZAL SOLABIOL;0,45
VI;11561;NEEMAZAL T/S;112,42
VI;11561;NEEMAZAL T/S PFnPE;2,92
VI;11569;CUPROXAT S.D.I.;1.038,00
VI;11596;;5,50
VI;11596;CALYPSO;40,00
VI;11611;VYDATE 10L;15,00
VI;11619;TIOFLOR WDG;1.890,00
VI;11619;TIOFLOR WDG PFnPE;584,00
VI;11642;PIKAR;3,25
VI;11649;;2,00
VI;11649;COMMAND 36 CS;51,00
VI;11653;;65,00
VI;11653;FOLIO GOLD;44,00
VI;11653;FOLIO GOLD 537,5 SC;106,00
VI;11654;GRIZZLY EC;1,00
VI;11660;;13,00
VI;11660;SHOGUN;184,00
VI;11678;ACTELLIC 2P NEWPHARM;4,00
VI;11687;ACTELLIC 5 NEWPHARM;375,00
VI;11690;GOAL 480 SC;1,00
VI;11693;;8,00
VI;11693;LASER;43,55
VI;11693;LASER 0,100lt;0,20
VI;11693;LASER PFnPE;0,20
VI;11694;CONSERVE SC;1,44
VI;11694;CONSERVE SC PFnPE;0,08
VI;11711;MEXIRAM HI BIO;500,00
VI;11730;COSMOTRIN;1,35
VI;11732;ALLEATO 80 WG;13,00
VI;11735;DELICIA CONTRA-LUMACHE;1,20
VI;11752;ENVIDOR 240 SC;3,00
VI;11760;;540,00
VI;11760;POLITHIOL;640,00
VI;11786;;0,57
VI;11786;AQ 10 WG;3,77
VI;11789;;125,00
VI;11794;;8,25
VI;11802;TETRACAP 80 DG;29,00
VI;11814;;24,00
VI;11814;SPADA 200 EC;477,00
VI;11854;BUGGY TF;10.410,00
VI;11857;MIDAURIL COMBI;993,00
VI;11866;AGRO-OIL;4,75
VI;11866;AGRO-OIL PFnPE;2,25
VI;11870;;28,00
VI;11870;CUPRITAL S.D.I.;9,50
VI;11870;CUPRITAL S.D.I. PFnPE;54,50
VI;11908;VENTUREX 400 SC;0,30
VI;11944;ASPECT;665,00
VI;11955;ACROBAT MZ WG;10,00
VI;11964;POLTIGLIA CAFFARO 20 GD;270,00
VI;11979;BORDO 20 MICRO;20,00
VI;11991;;10,00
VI;12010;;332,00
VI;12010;TUAREG;1.982,20
VI;12010;TUAREG  5LT;45,00
VI;12020;;0,19
VI;12020;SUCCESS;8,78
VI;12020;SUCCESS  PFnPE;1,82
VI;12020;SUCCESS PFnPE;2,55
VI;12023;MEGIC 240;14,00
VI;12037;;5,00
VI;12037;CAMIX;140,00
VI;12043;;40,00
VI;12043;PREVICUR ENERGY;182,35
VI;12043;PREVICUR ENERGY PFnPE;3,35
VI;12044;CURZATE SYSTEM;115,00
VI;12048;;18,40
VI;12048;TIOSOL 80 WG;47.839,40
VI;12048;TIOSOL 80 WG PFnPE;56,10
VI;12067;CIPER;1,00
VI;12068;;21,75
VI;12068;TEFLUSTAR;245,90
VI;12068;TEFLUSTAR PFnPE;4,00
VI;12069;;0,01
VI;12090;MICROSED GEO;50,00
VI;12096;;3.211,00
VI;12096;POLTIGLIA DISPERSS;12.077,00
VI;12100;;59,00
VI;12100;ASSET;57,00
VI;12114;AUXIGER LG;16,40
VI;12114;AUXIGER LG PFnPE;0,10
VI;12133;JUVINAL GOLD;18,00
VI;12170;;105,00
VI;12170;HELIOCUIVRE;75,00
VI;12172;;54,50
VI;12172;FERRAMOL;163,00
VI;12172;FERRAMOL PFnPE;286,50
VI;12174;V.I.P. FLOW;2,00
VI;12202;;287,00
VI;12225;;5,05
VI;12225;TEPPEKI;46,03
VI;12225;TEPPEKI PFnPE;13,89
VI;12243;MANTIR DG;2.455,00
VI;12263;;100,00
VI;12263;VONDOZEB DG;1.820,00
VI;12285;;2,00
VI;12296;GAIO SX;1,32
VI;12297;TRIBASE TWIN;2,00
VI;12315;ORTIVA HOBBY;12,11
VI;12315;ORTIVA HOBBY PFnPE;2,48
VI;12323;VEBIZOLFO WG;11,50
VI;12323;VEBIZOLFO WG PFnPE;134,50
VI;12325;;1,00
VI;12325;MESUROL M PLUS PFnPE;562,50
VI;12344;VEBITHRIN 5 EC;36,00
VI;12344;VEBITHRIN 5 EC PFnPE;26,55
VI;12361;;1,00
VI;12381;;101,00
VI;12381;NU-FILM-P;113,00
VI;12383;;189,00
VI;12383;RIDOMIL GOLD MZ PEPITE;3.415,00
VI;12399;;1,00
VI;12399;GANZO;18,00
VI;12437;;29,00
VI;12437;DELAN 70 WG;106,00
VI;12452;;2,00
VI;12452;EQUIP;892,00
VI;12453;;55,00
VI;12453;MILDICUT;3.746,00
VI;12461;;21,00
VI;12461;FINALSAN ERBICIDA PROFESSIONAL;13,00
VI;12482;;4.755,00
VI;12482;LUMAX;10.545,00
VI;12482;LUMAX 20LT;1.580,00
VI;12482;LUMAX 5LT;800,00
VI;12489;;1,00
VI;12493;MANCOZEB PLUS 75 WG;1.823,00
VI;12504;FLOWBRIX;108,00
VI;12514;;30,00
VI;12514;VIPER;65,00
VI;12522;;191,50
VI;12522;METRO;41,00
VI;12526;ALIETTE ORTO E GIARDINO;6,63
VI;12526;ALIETTE ORTO E GIARDINO PFnPE;37,75
VI;12528;;3,00
VI;12529;;16,00
VI;12534;;90,20
VI;12534;FOXTAIL;614,30
VI;12534;FOXTAIL  250ML;0,25
VI;12534;FOXTAIL (GRAMINICIDA) PFnPE;21,00
VI;12534;FOXTAIL PFnPE;54,65
VI;12538;;269,00
VI;12538;MYSTIC 25 WG;201,00
VI;12540;;18,00
VI;12540;REGRAN EXTRA;10,00
VI;12566;PYGANIC 1.4;287,35
VI;12566;PYGANIC 1.4 PFnPE;2,68
VI;12573;EKO OIL SPRAY;59,00
VI;12584;SPHINX MZ;10,00
VI;12590;DIASTAR MAXI;540,00
VI;12598;;11,99
VI;12622;;95,00
VI;12622;QUANTUM;1.652,00
VI;12622;QUANTUM gr500;9,50
VI;12622;QUANTUM PFnPE;66,50
VI;12625;EFUZIN 400 SC;22,00
VI;12627;DANADIM 400 ST;237,00
VI;12628;;2,00
VI;12628;SERENADE MAX;43,00
VI;12636;QUASAR 6-24 R;326,00
VI;12642;TRATON SX;0,28
VI;12647;GLITTER;29,00
VI;12671;;12,60
VI;12671;HARMONY 50 SX;21,99
VI;12671;HARMONY 50 SX   20GR;1,18
VI;12671;HARMONY 50 SX  50GR;0,45
VI;12692;SPRUZIT INSETTICIDA;0,50
VI;12692;SPRUZIT INSETTICIDA PFnPE;0,50
VI;12706;;3,00
VI;12706;PERMIT;1,50
VI;12722;;91,70
VI;12722;OSSICLOR 20 FLOW;126,00
VI;12723;OSSICLOR 20 BLU FLOW;223,00
VI;12734;;40,00
VI;12734;JUPITER R DF;134,00
VI;12737;AIRONE PIU';3.107,00
VI;12737;AIRONE PIU' PFnPE;200,00
VI;12756;;3,50
VI;12756;DICOTEX;134,30
VI;12756;DICOTEX PFnPE;24,00
VI;12759;;271,50
VI;12759;OSSICLOR 35 WG;1.072,00
VI;12759;OSSICLOR 35 WG PFnPE;398,40
VI;12768;;20,00
VI;12768;SPINTOR FLY;84,00
VI;12770;ALAR 85 GOLD;37,00
VI;12779;;88,00
VI;12790;;25,00
VI;12793;;125,00
VI;12806;;56,00
VI;12806;FEDOR;288,00
VI;12813;MIRADOR XTRA;171,00
VI;12813;MIRADOR XTRA 5lt;30,00
VI;12828;;1,00
VI;12828;SITOFEX;3,00
VI;12831;INSIGNIA;86,00
VI;12837;;72,00
VI;12837;ARIUS SISTEM PLUS;20,00
VI;12837;ARIUS SYSTEM PLUS;3,00
VI;12847;EAGLE;9,80
VI;12855;CRIORAM WG;14,00
VI;12855;CRIORAM WG PFnPE;36,00
VI;12858;PRODIGY;9,00
VI;12859;;0,05
VI;12859;BORNEO;1,01
VI;12859;BORNEO PFnPE;0,14
VI;12860;MILBEKNOCK;3,00
VI;12862;;31,00
VI;12862;CANTUS;316,00
VI;12866;;4,00
VI;12868;;11,00
VI;12868;BELLIS;3,00
VI;12869;;364,00
VI;12869;SIGNUM;583,00
VI;12878;;195,00
VI;12878;FOLPAN GOLD;3.840,00
VI;12878;FOLPAN GOLD 5kg;40,00
VI;12883;;26,00
VI;12883;PROSPER 300 CS;3.910,00
VI;12886;;60,00
VI;12886;KARATHANE STAR;922,00
VI;12888;;91,00
VI;12888;LEPINOX PLUS;58,00
VI;12903;DOLESE WG PFnPE;11,50
VI;12916;SACRON 45 W;14,00
VI;12924;JUPITER WG;5,00
VI;12933;;286,00
VI;12940;;9,00
VI;12940;KARATE ZEON 1.5;766,06
VI;12949;AZUPEC 80 WG;152,00
VI;12960;;4,00
VI;12961;;7,00
VI;12961;HEREU;63,00
VI;12972;GLYFOS DAKAR;30,00
VI;12994;VIVER ELITE WG;76,50
VI;13012;;2.090,00
VI;13018;GONDOR;59,00
VI;13020;;400,00
VI;13039;;70,00
VI;13039;POT CLEAN 25G;20,00
VI;13039;POT CLEAN 2G;13,00
VI;13039;POTCLEAN 2 G;10,00
VI;13039;POTCLEAN 2G;880,00
VI;13055;MACHO;154,00
VI;13058;OSSIRAM 20 SC;3,00
VI;13061;;14,00
VI;13061;BIOBIT DF;211,00
VI;13062;;10,00
VI;13062;DIPEL DF;1,90
VI;13062;DIPEL DF PFnPE;0,14
VI;13063;REGULEX 10 SG;0,10
VI;13064;VITENE ULTRA SC;493,00
VI;13065;;3,00
VI;13065;DOMARK 125;115,25
VI;13065;DOMARK 125 PFnPE;26,35
VI;13083;CURZATE EFFE;45,00
VI;13084;;83,60
VI;13084;TELDOR PLUS;334,50
VI;13084;TELDOR PLUS PFnPE;3,70
VI;13093;;279,00
VI;13093;STOMP AQUA;1.293,00
VI;13095;DIRA-MAX LG;3,00
VI;13098;;20,00
VI;13098;ROUNDUP POWER 2.0;16.834,00
VI;13098;ROUNDUP POWER 2.0 5LT;130,00
VI;13098;ROUNDUP POWER 2.0 PFnPE;1.582,50
VI;13104;ALGOR PLATIN;305,00
VI;13106;;1.858,00
VI;13108;CURAME BORDEAUX;605,00
VI;13108;CURAME BORDEAUX PFnPE;103,00
VI;13111;THIOCUR FORTE;8,00
VI;13116;MEDOR 35 CLASS;140,00
VI;13120;;6,00
VI;13126;;182,00
VI;13126;CABRIO DUO;2.282,00
VI;13128;GOLTIX 50 WG;606,00
VI;13143;MEZENE WG;469,00
VI;13149;;25,00
VI;13149;POLTIGLIA MANICA 20 WG;797,00
VI;13149;POLTIGLIA MANICA 20 WG PFnPE;336,00
VI;13152;;34,00
VI;13152;OPTIX R DISPERSS;120,00
VI;13154;MONDAK 480 S;64,00
VI;13155;PRIMEXTRA GOLD;40,00
VI;13156;CAMBEL 480 S;328,00
VI;13158;REMEDIER;279,00
VI;13158;REMEDIER PFnPE;10,00
VI;13160;;25,00
VI;13160;FORUM TOP;742,50
VI;13167;pomarsol 80 WG;18,00
VI;13168;;508,00
VI;13168;LAUDIS;850,00
VI;13186;;2,40
VI;13186;TITUS MAIS EXTRA;38,72
VI;13205;;650,00
VI;13205;ZOLFO MANICA SCORREVOLE DOPPIO RAFF;10.630,00
VI;13211;;375,00
VI;13211;ZOLFO VENTILATO SCORREVOLE 96%;2.275,00
VI;13213;;68,00
VI;13213;R6 ERRESEI ALBIS;3.664,00
VI;13213;R6 ERRESEI ALBIS 10kg;50,00
VI;13218;;20,00
VI;13218;FINALSAN PLUS;650,00
VI;13236;BULLET;676,00
VI;13242;;2,00
VI;13242;NICOGAN V.O.;252,00
VI;13242;NICOGAN V.O. 5LT;75,00
VI;13244;ZOLFO VENTILATO STELLA;1.794,00
VI;13249;;925,00
VI;13250;ZOLFO VENTILATO STELLA RAMATO B;2.005,00
VI;13252;PLAYER 250 SC;9,00
VI;13255;PLAYER GR;154,00
VI;13263;;50,00
VI;13263;BORDORAM;5,60
VI;13263;BORDORAM 20 WG;166,90
VI;13263;BORDORAM 20 WG PFnPE;4,60
VI;13267;IMPERO;6,00
VI;13285;;317,00
VI;13285;SEVERAL;19,00
VI;13290;;375,00
VI;13290;ZOLFO MANICA DOPPIO RAFFINATO VENTI;4.015,00
VI;13292;;3.850,00
VI;13298;QUANTUM F;95,00
VI;13299;MAGIO';1.039,00
VI;13311;DOMARK COMBI WG;80,00
VI;13313;;26,00
VI;13313;CASPER;66,00
VI;13323;;343,50
VI;13323;SULFY 80 WDG;42,00
VI;13323;SULFY 80 WDG PFnPE;136,50
VI;13324;CUPRIZOL S;16,75
VI;13324;CUPRIZOL S PFnPE;30,05
VI;13327;;9,55
VI;13327;GRANSTAR ULTRA SX;28,75
VI;13327;GRANSTAR ULTRA SX  GR50;5,00
VI;13329;;37,00
VI;13335;;144,00
VI;13335;DUPLOSAN KV;10,00
VI;13361;DECIS ENERGY O-TEQ;0,25
VI;13367;DIVO;17,00
VI;13370;WARRANT 200 SL;83,00
VI;13377;COLUMBUS;12,00
VI;13378;ORTIVA TOP;4,00
VI;13382;;25,50
VI;13382;PERGADO SC;877,50
VI;13382;PERGADO SC PFnPE;8,50
VI;13386;;6,00
VI;13386;PROSARO;1.049,00
VI;13387;;30,21
VI;13387;FLORAMIX;7,95
VI;13389;;675,00
VI;13389;AFFIRM;3.055,00
VI;13390;TEBUSIP 46;3,00
VI;13391;cythrin 50 ec;4,80
VI;13394;IMIDASECT;21,00
VI;13402;LUMA-KL;45,00
VI;13409;SILFUR WG;72,00
VI;13451;SPARVIERO;49,00
VI;13455;;613,00
VI;13455;ANTIGRAM GOLD;1.031,00
VI;13455;ANTIGRAM GOLD 5LT;125,00
VI;13466;;338,00
VI;13466;SPOTLIGHT PLUS;367,00
VI;13468;;10,20
VI;13468;CLINER;60,50
VI;13468;CLINER PFnPE;13,70
VI;13472;ALIEN;20,00
VI;13485;FOLPEC 80 WG ADVANCE;340,00
VI;13489;CYMBAL;143,00
VI;13500;CIPREN 10 WG;1,20
VI;13521;HELIOCUIVRE S;60,00
VI;13522;SPIDER KILL;0,06
VI;13540;QUASAR R FLOW;133,00
VI;13542;FANTIC M NC;18,00
VI;13546;;325,00
VI;13552;ZOLVIS 80 SECTOR;22.519,50
VI;13552;ZOLVIS 80 SECTOR PFnPE;171,00
VI;13560;FORZA;133,00
VI;13576;;145,50
VI;13576;RAMEPLANT WG;420,30
VI;13576;RAMEPLANT WG  PFnPE;79,00
VI;13576;RAMEPLANT WG PFnPE;49,30
VI;13578;RAME CAFFARO BLU WG NEW;691,00
VI;13585;;145,00
VI;13585;SOLOFOL;230,00
VI;13586;;1.465,90
VI;13586;VERDERAME 20 WG;231,20
VI;13592;;51,00
VI;13592;VOLARE;275,00
VI;13635;POLTIGLIA 20 PB MANICA;1.412,50
VI;13635;POLTIGLIA 20 PB MANICA PFnPE;15,50
VI;13637;PERGADO F;10,00
VI;13639;;0,50
VI;13639;ACRAMITE 480 SC;1,00
VI;13647;NEORAM BLU WG PFnPE;72,00
VI;13648;;217,00
VI;13651;SPECTRO;24,80
VI;13689;;3,50
VI;13689;FLINT MAX;1,00
VI;13691;TRIDAN COMBI T;12,00
VI;13693;BACILLUS CHEMIA;1,00
VI;13693;BACILLUS CHEMIA PFnPE;0,50
VI;13698;;37,75
VI;13698;VIVANDO;1.039,25
VI;13698;VIVANDO   0,250lt;2,75
VI;13700;ATLANTIS PRO;18,00
VI;13709;;129,00
VI;13709;U 46 PRATI;13,00
VI;13711;;759,00
VI;13716;CAPTAN ARVESTA 80 WG;15,00
VI;13719;THIAMON 80 PLUS;475,00
VI;13736;;75,75
VI;13736;TRACE;72,75
VI;13736;TRACE   750ML;54,00
VI;13741;;8,00
VI;13765;SHERPA 100 EW;1,00
VI;13771;;63,00
VI;13771;NIMROD 250 EW;98,00
VI;13782;DOURO 10 WG;2,00
VI;13785;;104,00
VI;13786;QUANTUM R;17,00
VI;13787;RIVIERA R;2,00
VI;13791;GEATER-STAR;49,00
VI;13791;GEATER-STAR PFnPE;7,00
VI;13792;STABILAN;93,00
VI;13794;;2,00
VI;13794;SPADA WDG;13,00
VI;13796;CELL;87,00
VI;13801;TOUCHDOWN HOBBY;2,75
VI;13801;TOUCHDOWN HOBBY PFnPE;42,75
VI;13809;;50.030,00
VI;13809;FORCE ULTRA;58.320,00
VI;13809;FORCE ULTRA 10kg;7.510,00
VI;13812;NOTO 40 OD;25,00
VI;13815;TUTOR 18-15;12,40
VI;13817;;7,00
VI;13820;;1,00
VI;13820;BAYTEROID 25 EC;51,75
VI;13823;ALVERDE;55,00
VI;13838;XEDAVIR;6,00
VI;13838;XEDAVIR PFnPE;35,00
VI;13841;;550,00
VI;13841;FOCUS ULTRA;581,00
VI;13843;;237,00
VI;13843;ZELIG 480 EC;6,00
VI;13857;CRODIX GEO;60,00
VI;13877;KITT PRONTO;3,50
VI;13888;FANTIC F NC WG;90,00
VI;13895;SAVIRAN STAR;35,00
VI;13905;;3,00
VI;13905;BANJO;14,00
VI;13913;ORIUS P;40,00
VI;13930;MARINS 200 CLASS;370,00
VI;13955;MITIGREEN;205,00
VI;13981;;121,80
VI;13981;CORAGEN;130,00
VI;13981;CORAGEN ML400;2,80
VI;13983;HUSSAR MAXX PRO;103,00
VI;14005;;115,00
VI;14005;CLORTOSIP 500;262,00
VI;14005;CLORTOSIP 500 CS;13,00
VI;14005;CLORTOSIP 500 SC;537,00
VI;14018;BASIC;1,50
VI;14018;BASIC PFnPE;6,00
VI;14020;LIDAL;174,00
VI;14021;BREK DUO;90,00
VI;14042;SUPRAFOS EC;7,00
VI;14052;;7,00
VI;14058;;91,75
VI;14058;FEINZIN 70 DF;268,00
VI;14061;;31,50
VI;14062;;129,00
VI;14062;ZOXIUM 240 SC;821,00
VI;14074;TRINEX 250 EW;0,25
VI;14076;CYPRUS 25 DF;5.450,00
VI;14077;;8,00
VI;14077;CHAMP 20 DF;190,00
VI;14098;;1.900,00
VI;14099;ASPOR WDG;1.590,00
VI;14100;KANEMITE;14,00
VI;14101;;795,00
VI;14102;;50,00
VI;14102;BORDOFLOW NEW;1.988,00
VI;14135;GRENADIER 75 DF;2,06
VI;14136;;1,00
VI;14136;OBERON;33,00
VI;14137;;0,20
VI;14137;ALTACOR;31,10
VI;14154;;53,00
VI;14154;PIRETRO ACTIGREEN;1,44
VI;14154;PIRETRO ACTIGREEN PFnPE;13,86
VI;14155;;500,00
VI;14156;CURZATE R WG;1.549,00
VI;14163;SARMOX 440 WG;17,00
VI;14165;;14,00
VI;14165;NANDO MAXI;125,00
VI;14166;;1,00
VI;14166;ZETOR;121,00
VI;14169;PERGADO R;335,00
VI;14178;;2.910,00
VI;14178;TRI-BASE;84,40
VI;14178;TRI-BASE PFnPE;3,00
VI;14182;;183,00
VI;14182;ARES 25 WG;80,00
VI;14190;mavrik EW;2,00
VI;14193;SARMOX 45 DG;16,50
VI;14195;;347,00
VI;14208;;372,00
VI;14208;RELDAN LO;246,00
VI;14210;;9,00
VI;14210;EVURE;32,00
VI;14240;PYR PRONTO;0,75
VI;14245;GOLEM;4,00
VI;14262;;12,80
VI;14262;GREENEX NF;130,08
VI;14262;GREENEX NF PFnPE;127,82
VI;14281;BUCTRIL UNIVERSAL;76,00
VI;14290;KOHINOR 200 SL;1,00
VI;14294;;0,10
VI;14294;EXECUTIVE;4,40
VI;14348;;50,00
VI;14350;ZOLFO RAMATO 5;39,00
VI;14350;ZOLFO RAMATO 5 PFnPE;10,00
VI;14375;LION 5 EC;911,00
VI;14387;NERVURE SUPER;44,00
VI;14405;;100,00
VI;14405;MERLIN FLEXX;101,00
VI;14406;;38,25
VI;14406;LEIMAY;21,00
VI;14407;;6,50
VI;14407;RUNWAY;43,50
VI;14409;;109,00
VI;14409;MOVENTO 48 SC;657,00
VI;14414;;3,00
VI;14414;DUSTY;79,00
VI;14414;DUSTY PFnPE;592,50
VI;14418;;70,00
VI;14418;PULSAR 40 SL;80,00
VI;14423;PRIMISOL 80 WDG;7,50
VI;14426;GEODIS;12,00
VI;14431;;5,00
VI;14431;LENTAGRAN 45 WP;12,00
VI;14432;METRIC;434,00
VI;14474;TEBUSIP COMBI;30,00
VI;14479;;14.000,00
VI;14479;SCHERMO 0.5 G;7.350,00
VI;14543;;14,00
VI;14543;FLUIZOL;8,00
VI;14547;BAC MK PFnPE;8,00
VI;14559;AGREE WG;45,00
VI;14565;CURZATE M WHITE;119,00
VI;14573;BACTOSPEINE 32 WG;12,00
VI;14577;;74,00
VI;14577;FORUM R 3B;854,00
VI;14579;RAMIN 30 DF;130,00
VI;14636;;412,60
VI;14636;BIOLID UP;1.333,90
VI;14636;BIOLID UP PFnPE;47,10
VI;14638;;5,00
VI;14638;NETOR;60,00
VI;14642;;256,00
VI;14642;RIDOMIL GOLD R WG;4.196,00
VI;14650;ROGATOX 40 ST;6,00
VI;14664;;0,77
VI;14664;BERELEX 40 SG;0,05
VI;14679;CHEMOL PLUS;153,00
VI;14684;SUPERBO;3,00
VI;14686;KOCIDE OPTI;20,00
VI;14687;;26,00
VI;14687;QUAD GLOB 200 SL;5,00
VI;14697;;47,00
VI;14697;ENERVIN DUO;135,00
VI;14699;GEOXE;50,00
VI;14728;CELIO;28,85
VI;14730;CHIMIGOR;38,00
VI;14730;CHIMIGOR 40 ST;1,00
VI;14735;;12,00
VI;14735;RANMAN TOP;51,00
VI;14737;;61,00
VI;14737;ROUNDUP PLATINUM;4.013,60
VI;14737;ROUNDUP PLATINUM PFnPE;731,50
VI;14739;DECIS PROTECT;55,00
VI;14739;DECIS PROTECT AL PFnPE;1,00
VI;14739;DECIS PROTECT PFnPE;134,50
VI;14753;PIKE 20 WG;0,96
VI;14760;RASIKAL PRO;236,50
VI;14764;SLUXX;165,00
VI;14765;ELUMIS;5,00
VI;14772;;5,00
VI;14785;;3,55
VI;14785;DRISCOLL;15,78
VI;14785;DRISCOLL PFnPE;9,02
VI;14797;SIATTOL 200 PLUS;2,75
VI;14799;AFLOR 200 SL;0,67
VI;14809;CUPRAVIT BIO EVOLUTION;324,00
VI;14812;;1.957,00
VI;14812;ENERVIN TOP;1.128,00
VI;14815;;2.898,00
VI;14815;ADENGO;1.647,50
VI;14830;CUPROFIX ULTRA DISPERSS;15,00
VI;14836;BARBARIAN BIOGRADE 360;50,50
VI;14836;BARBARIAN BIOGRADE 360 PFnPE;74,50
VI;14837;GLIFOSAR FLASH;11.000,00
VI;14837;GLIFOSAR FLASH PFnPE;391,00
VI;14838;;20,00
VI;14838;BARCLAY GALLUP BIOGRADE 360;1.100,00
VI;14845;MYSTIC PLUS S;466,00
VI;14846;AVALON 250 EW;29,00
VI;14854;KARAMAT M;19,00
VI;14867;SYNERO;15,00
VI;14872;;10,00
VI;14876;;6,00
VI;14876;GRANDSTAND;168,75
VI;14878;FOXTROT;35,00
VI;14879;;0,30
VI;14879;LONTREL 72 SG;3,00
VI;14884;;1.547,00
VI;14884;CORUM;1.925,00
VI;14884;CORUM 5LT;45,00
VI;14885;ROUNDUP RAPIDO;30,00
VI;14891;TRICO;176,50
VI;14891;TRICO PFnPE;20,50
VI;14895;LANNATE 20 SL;132,00
VI;14897;;225,00
VI;14897;FLUROSTAR 200;40,00
VI;14914;;510,00
VI;14919;;3,11
VI;14919;EMERALD 125;2,69
VI;14919;EMERALD 125 PFnPE;16,40
VI;14920;;50,00
VI;14935;;342,00
VI;14935;TIMELINE TRIO;152,00
VI;14935;TIMELINE TRIO 5LT;74,00
VI;14936;;24,50
VI;14936;AMPLIGO;39,00
VI;14938;dedicate;2,00
VI;14947;TRUSTEE 450;80,00
VI;14947;TRUSTEE 450 PFnPE;401,50
VI;14951;;1,60
VI;14951;BOTECTOR;19,20
VI;14967;TIPTOR ULTRA;95,00
VI;14969;HOPPER 480;2.302,00
VI;14969;HOPPER 480 5LT;600,00
VI;14970;POLYSECT ULTRA SL;0,60
VI;14972;DICARZOL 50 SP;9,00
VI;14983;EXEMPTOR;25,00
VI;14986;OPERA NEW;165,00
VI;15005;;3,00
VI;15005;FONTELIS;21,00
VI;15008;LBG - 01F34;200,00
VI;15013;;49,00
VI;15013;NATRIA LUMACHICIDA;3,00
VI;15013;NATRIA LUMACHICIDA PFnPE;57,00
VI;15019;;824,00
VI;15023;;800,00
VI;15023;derrex;20,00
VI;15024;;2,00
VI;15024;MESUROL 200 SC;26,00
VI;15034;;34,00
VI;15034;DICOPHAR;19,20
VI;15034;DICOPHAR pfnpe;24,00
VI;15037;BREZZA;70,00
VI;15041;;1,00
VI;15041;OPINION;1,00
VI;15041;OPINION ECNA;14,50
VI;15047;R6 ERRESEI BORDEAUX WG;153,00
VI;15049;MODDUS;9,00
VI;15050;;63,00
VI;15050;VERTIMEC PRO;39,00
VI;15051;;620,00
VI;15051;KYLEO;280,00
VI;15052;;32,00
VI;15057;DICOTEX RTU;5,00
VI;15058;;22,88
VI;15058;PRINCIPAL MAIS;311,08
VI;15059;;14,00
VI;15059;DECIS EVO;774,70
VI;15059;DECIS EVO   250ML;1,25
VI;15062;PIRAMAX  EC;62,00
VI;15063;;7,40
VI;15064;MAESTRO WG ADVANCE;50,00
VI;15071;;71,00
VI;15071;EVOLUTION;671,00
VI;15083;;59,00
VI;15083;AUDACE;23,00
VI;15084;;109,00
VI;15093;;77,00
VI;15093;CENTURIO;1.021,70
VI;15093;CENTURIO PFnPE;79,00
VI;15096;;11,50
VI;15096;GLIPHOGAN TOP CL;1.560,00
VI;15096;GLIPHOGAN TOP CL PFnPE;3.418,90
VI;15101;CIMORAM ULTRA WG;40,00
VI;15111;MIRADOR SC;46,00
VI;15115;;5,00
VI;15122;ACTELLIC 50 NEWPHARM;34,00
VI;15124;ZANTARA;42,00
VI;15125;;4,00
VI;15125;PROLECTUS;3,00
VI;15127;;5,00
VI;15130;;12,00
VI;15130;INTREPID;768,00
VI;15135;OLEOSAN PLUS;31,25
VI;15138;BAROCCO 80 WG;1.225,00
VI;15142;ALCANCE SYNC TEC;1.455,00
VI;15149;CONSAVET DF EDGE;825,00
VI;15177;;279,00
VI;15177;ROTATE PLUS DF;48,00
VI;15181;CIRRUS CS;8,00
VI;15184;SATEL GEO;24,00
VI;15184;SATEL GEO PFnPE;12,00
VI;15193;;31,00
VI;15193;CONTATTO PIU' EXTRA;23,00
VI;15196;FOSBEL EXTRA;1,00
VI;15198;AZBANY;109,00
VI;15201;FLOXY 400 SC;69,00
VI;15213;;12,22
VI;15213;DEMETRINA;2,75
VI;15213;DEMETRINA FLOW;86,07
VI;15213;DEMETRINA FLOW PFnPE;11,79
VI;15221;;8,50
VI;15221;ZETARAM PLUS;1.739,00
VI;15222;FOLICUR COMBI WG;799,00
VI;15227;MESUROL EVOLUTION;1,40
VI;15227;MESUROL EVOLUTION PFnPE;12,95
VI;15229;;80,00
VI;15232;AMISTAR ULTRA;191,00
VI;15235;;25,00
VI;15235;MOMENTUM;242,00
VI;15235;MOMENTUM PFnPE;62,50
VI;15236;ZAMMO;10,00
VI;15237;;42,00
VI;15237;CHIKARA DUO;17,40
VI;15250;COPRANTOL DUO;45,00
VI;15251;;50,00
VI;15251;AIRONE LIQUIDO;157,00
VI;15253;;1.364,00
VI;15263;;10,00
VI;15263;DYNALI;4,00
VI;15264;ENERVIN SC;252,00
VI;15266;QUARTET;340,00
VI;15267;;9,00
VI;15267;KUSABI;13,00
VI;15270;PROFELIS;1,94
VI;15285;PRIMMA STAR;2,90
VI;15289;;1,00
VI;15289;SERENADE NATRIA PFnPE;0,40
VI;15290;AXIDOR;45,00
VI;15291;;131,50
VI;15291;TURFENE PLUS;452,81
VI;15291;TURFENE PLUS PFnPE;182,20
VI;15294;;374,00
VI;15302;;227,00
VI;15302;AMYLO-X;559,00
VI;15307;;82,00
VI;15313;ZOLFO SC;2.349,00
VI;15317;;3.633,00
VI;15317;SESTO GOLD;60,00
VI;15325;CORNER MZ WG;7,00
VI;15326;;2.795,00
VI;15333;;2,60
VI;15333;APPLAUD PLUS;9,87
VI;15333;APPLAUD PLUS PFnPE;0,06
VI;15335;U 46 ULTRA;46,00
VI;15337;EXPRESS;0,20
VI;15340;FEUDO 50 WP;1,00
VI;15348;;136,00
VI;15348;RIDOMIL GOLD R LIQUIDO;129,00
VI;15349;;12,00
VI;15349;ARES 430 SC;33,00
VI;15356;SPHINX SC;369,00
VI;15358;ZOLFO FLOW MCT;42,00
VI;15358;ZOLFO FLOW MCT PFnPE;59,50
VI;15365;RAME ZOLFO FLOW;11,00
VI;15365;RAME ZOLFO FLOW MCT;1,00
VI;15370;;3.740,00
VI;15378;;11,00
VI;15378;TRAXOS PRONTO 60;370,00
VI;15379;;81,75
VI;15379;AXIAL PRONTO 60;709,12
VI;15379;AXIAL PRONTO 60   0,75LT;9,00
VI;15384;;58,00
VI;15384;LUNA EXPERIENCE;7,00
VI;15389;;750,00
VI;15401;TAIFUN MK CL;7.205,50
VI;15401;TAIFUN MK CL PFnPE;1.147,00
VI;15402;DELTASAP;42,00
VI;15405;SHAMAL MK PLUS CL;60,00
VI;15405;SHAMAL MK PLUS CL PFnPE;349,00
VI;15407;;75,00
VI;15408;;125,00
VI;15419;ELECTIS R FLOW;14,00
VI;15420;;13,00
VI;15427;RIFOS 550 EC;37,00
VI;15433;ATLAS;12,00
VI;15438;SANMITE 10 SC;11,00
VI;15448;REBEL TOP;100,50
VI;15449;;146,00
VI;15449;CIDELY;639,00
VI;15455;TELDOR PLUS ORTO PFnPE;4,20
VI;15493;SIMUN 40 OD;1,00
VI;15499;SONG 70 WDG;45,75
VI;15505;;131,00
VI;15505;SILBOT 500 SC;7,00
VI;15507;;333,00
VI;15507;CREW SUPERB;706,00
VI;15513;OSSICLOR 35 WG GREEN;2.590,00
VI;15514;;51,30
VI;15514;CUPRAVIT BLU 35 WG;806,70
VI;15514;CUPRAVIT BLU 35 WG  PFnPE;7,40
VI;15514;CUPRAVIT BLU 35 WG PFnPE;96,00
VI;15515;POLTIGLIA 20 PB GREEN;270,00
VI;15524;INTERCEPT;160,00
VI;15534;PREVINT DUO;15,00
VI;15537;;22,00
VI;15542;ANTILUMACHE FER;5,00
VI;15543;LUMACHICIDA FER;9,00
VI;15543;LUMACHICIDA FER PFnPE;18,50
VI;15546;BIATHLON 4D;53,30
VI;15549;;208,00
VI;15549;PROLECTUS 50 WG;9,00
VI;15550;;12,00
VI;15550;MERLIN FLEXX XTRA;166,00
VI;15553;REGALIS PLUS;4,00
VI;15556;TERVIGO;20,00
VI;15566;;3,00
VI;15566;VISION PLUS;5,00
VI;15573;;1,00
VI;15573;PROMESS SL;338,00
VI;15574;KARMA 85;30,00
VI;15583;;2,00
VI;15583;PIRAT;87,00
VI;15591;PREVINT TOP;89,00
VI;15596;LASCAR;1,00
VI;15598;;1,00
VI;15610;CYPERKILL 50 EC;3,00
VI;15612;;0,75
VI;15612;SEMPRA;2,55
VI;15618;FULLDINA 400 SC;88,00
VI;15621;BOTTO 50 EC;86,20
VI;15621;BOTTO 50 EC PFnPE;15,45
VI;15623;COSMOS 550 EC;28,00
VI;15630;PALMAS 45% WG;28,50
VI;15633;REVUS TOP;13,00
VI;15635;;721,50
VI;15635;ADENGO XTRA;2.748,00
VI;15635;ADENGO XTRA  500ML;12,50
VI;15651;FLANKER;9,00
VI;15655;;4,00
VI;15661;SENEGO;0,50
VI;15663;CUPRAVIT 35 WG;500,00
VI;15668;;18,50
VI;15668;GHIBLI 240 OD;80,50
VI;15674;AMADEUS TOP;0,95
VI;15689;;17,00
VI;15710;;10,00
VI;15710;CLINCHER ONE;25,00
VI;15711;;1,00
VI;15711;ALSYSTIN;20,00
VI;15722;;30,00
VI;15722;ARMICARB 85;105,00
VI;15722;ARMICARB 85 PFnPE;305,00
VI;15725;DUAXO;5,40
VI;15725;DUAXO PFnPE;58,20
VI;15741;;110,00
VI;15748;;34,00
VI;15748;SYLLIT 544 SC;74,00
VI;15751;;7,00
VI;15751;VITENE TRIPLO R;143,00
VI;15751;VITENE TRIPLO R PFnPE;161,00
VI;15758;;15,00
VI;15758;QUILT XCEL;10,00
VI;15779;ABANTO;0,38
VI;15790;;15,00
VI;15834;;7,00
VI;15834;TRACER 120;27,87
VI;15838;ROUNDUP ULTRAMAX;250,00
VI;15844;SLOGAN TOP;42,00
VI;15845;ARAGON;6,00
VI;15847;;139,50
VI;15847;MAKURI;11,25
VI;15856;AZAKA;1,60
VI;15877;;2,00
VI;15891;BLAISE;134,00
VI;15893;GIAGUAR SL PFnPE;0,10
VI;15900;;900,00
VI;15900;TRIKA EXPERT;430,00
VI;15900;TRIKA EXPERT PFnPE;20,00
VI;15901;;192,50
VI;15901;ERCOLE;300,00
VI;15901;ERCOLE PFnPE;577,25
VI;15907;;22,00
VI;15907;PRESIDIUM ONE;691,20
VI;15907;PRESIDIUM ONE PFnPE;43,20
VI;15910;KARAKAS;5,50
VI;15911;;18,00
VI;15912;CUPRO ISAGRO WG;280,00
VI;15913;BORDO ISAGRO WG BLU;40,00
VI;15932;AXIENDO CONCENTRATO;20,40
VI;15933;AXIENDO PRONTO USO;185,25
VI;15933;AXIENDO PRONTO USO PFnPE;9,75
VI;15949;;4,00
VI;15949;PROMEX;7,00
VI;15961;;379,00
VI;15961;RETENGO NEW;64,00
VI;15975;HIATUS  200GR;11,80
VI;15983;KUKAR;18,00
VI;15984;;26,00
VI;15984;SUNDEK;34,00
VI;15989;COMRADE;180,00
VI;15990;;8,20
VI;15990;SCIROCCO 125 EW;19,50
VI;15990;SCIROCCO 125 EW PFnPE;27,90
VI;15996;;326,00
VI;15996;PATRIOT DRY;7,00
VI;16000;MINUET GR;43,25
VI;16030;CONTENDER WG;5,00
VI;16032;;58,00
VI;16034;DOURO 100 EC;91,00
VI;16035;;0,50
VI;16035;THEOREM;63,50
VI;16042;;3,57
VI;16042;TOSCANA;0,47
VI;16050;RADIANT SC;1,50
VI;16051;;10,00
VI;16051;LENNS;75,00
VI;16051;LENNS PFnPE;7,00
VI;16054;SINSTAR;10,00
VI;16055;KENPYR;3,00
VI;16055;KENPYR PFnPE;2,76
VI;16063;ARIGO;13,55
VI;16068;;80,00
VI;16071;MESOZIN 70 WG;193,25
VI;16074;GLORIAL 25 EC;67,00
VI;16075;AGHERUD M;1,00
VI;16076;MITIGREEN FULL;66,00
VI;16083;STIKER FLOW;0,90
VI;16084;;3,00
VI;16084;BREVIS;1,50
VI;16085;TRIMUR;0,36
VI;16086;;0,75
VI;16086;NEMGUARD GRANULES;1,50
VI;16086;NEMGUARD GRANULES PFnPE;6,00
VI;16098;;228,50
VI;16099;SINIS 70 DF;53,50
VI;16101;TOPAS COMBI LIQUIDO;1.046,00
VI;16104;ELECTIS TRIO WDG;566,00
VI;16104;ELECTIS TRIO WDG PFnPE;220,50
VI;16110;CABRIO OLIVO;3,00
VI;16114;;9,00
VI;16114;SIMITAR   EVO;83,00
VI;16114;simitar evo;30,00
VI;16117;;1,50
VI;16117;SERBY;105,00
VI;16117;SERBY PFnPE;11,50
VI;16124;JUVINAL ECHO PLUS;14,00
VI;16126;FLANCO SC;16,40
VI;16136;LUMA-GOLD;2,75
VI;16136;LUMA-GOLD PFnPE;3,40
VI;16137;;20,00
VI;16137;OSIRIS;280,00
VI;16139;;150,00
VI;16139;SEGURIS XTRA;20,00
VI;16149;;3,00
VI;16149;BABEL;38,00
VI;16157;ATLANTIS FLEX;136,62
VI;16161;;35,00
VI;16161;CENTURY SL;40,00
VI;16166;POKER MAX;37,50
VI;16166;POKER MAX PFnPE;177,00
VI;16170;TRICUP FLO;818,00
VI;16171;;0,40
VI;16172;;15,00
VI;16172;CAL-EX 1,9 EW;4,00
VI;16182;CLICK PRO;45,00
VI;16188;MEDIATOR PLUS;31,25
VI;16191;;53,00
VI;16191;TRIMAXX;26,00
VI;16194;ETRAVON PRO;62,00
VI;16205;IDROX 20;1.232,00
VI;16210;ZETARAM HI TECH;121,00
VI;16221;;3,00
VI;16221;MADEX TOP;0,70
VI;16227;;12,00
VI;16227;FOLPAN COMBI;10,00
VI;16247;;10,00
VI;16260;;389,00
VI;16260;WELTER MZ WG;20,00
VI;16261;BELOUKHA;15,00
VI;16263;SUNJET FLORA;1,00
VI;16271;;40,00
VI;16273;;19,00
VI;16273;SIVANTO PRIME;693,00
VI;16277;;10,00
VI;16277;ALMADA 50 SC;219,00
VI;16279;;1.640,00
VI;16279;ERCOLE GR;23.320,00
VI;16282;;10,00
VI;16283;QUANTUM R-OK;112,50
VI;16285;;731,00
VI;16287;SOLIGOR;344,00
VI;16288;;317,50
VI;16288;AMPEXIO;2,25
VI;16295;;0,05
VI;16296;;178,00
VI;16296;PERGADO D;1.395,00
VI;16299;;1.640,00
VI;16305;;2,00
VI;16305;BONZI;8,00
VI;16314;;20,00
VI;16315;RADAR HP PFnPE;60,00
VI;16325;;964,97
VI;16325;EPIK SL;5.943,68
VI;16325;EPIK SL  PFnPE;2,88
VI;16325;EPIK SL PFnPE;20,29
VI;16335;;80,00
VI;16335;LIETO SC;5.063,50
VI;16335;LIETO SC PFnPE;9,00
VI;16336;DELAN SC;114,00
VI;16363;;138,40
VI;16363;SIRTAKI;394,00
VI;16364;;3.038,00
VI;16364;BISMARK;2.940,00
VI;16364;BISMARK  5LT;270,00
VI;16369;ORTIVA TOP SC;7,00
VI;16379;;335,00
VI;16379;PREV-AM PLUS;928,00
VI;16381;CALLICORE;13,00
VI;16384;;154,00
VI;16384;ELATUS ERA;79,00
VI;16395;MOHICAN 500 SC;54,00
VI;16396;TEMSA 100;90,00
VI;16399;;18,36
VI;16399;DECIS 15 EW HOBBY;15,55
VI;16399;DECIS 15 EW HOBBY PFnPE;91,59
VI;16413;SEQUAT;30,00
VI;16415;MADEX TWIN;0,10
VI;16416;;8,00
VI;16417;;1,00
VI;16431;PREVICUR ENERGY ORTO PFnPE;1,00
VI;16434;OLIOCIN NATRIA;6,00
VI;16434;OLIOCIN NATRIA PFnPE;140,00
VI;16438;;5,50
VI;16438;VELUM PRIME;22,00
VI;16443;;164,00
VI;16444;DIXIE MAIS;36,00
VI;16457;POLTIGLIA 20 WG GREEN;2.265,00
VI;16458;ossiclor 30 green;60,00
VI;16460;;1.381,00
VI;16460;VELIERO 500 EC;413,00
VI;16462;R6 ERRESEI ALBIS ORTO;5,00
VI;16465;;3,38
VI;16465;HARASS;2,68
VI;16465;HARRASS;0,75
VI;16480;;22,00
VI;16480;3LOGY;1.172,00
VI;16480;3LOGY PFnPE;6,00
VI;16481;;1.025,80
VI;16481;CALLISTO 480;1,20
VI;16483;TEMIDE 50 WG;51,00
VI;16490;GEMINI GEO;10,00
VI;16495;FLINT ORTO PFnPE;1,75
VI;16497;DECIS PROTECT EW PFnPE;75,50
VI;16498;;42,00
VI;16498;CETUS 360 CS;16,00
VI;16503;BINARY T;145,00
VI;16509;IBISCO;9,00
VI;16514;CIPROXY;91,00
VI;16517;KISHAR;53,00
VI;16517;KISHAR 5lt;25,00
VI;16527;TELLUS WP;12,00
VI;16545;COPRANTOL HI BIO 2.0;369,00
VI;16561;RIKALI;372,00
VI;16562;;460,00
VI;16562;DELAN PRO;3.145,00
VI;16564;MEXIRAM TRI HI BIO;3.694,00
VI;16565;EXECUTIVE GOLD;4,10
VI;16566;KUPPER 20 WG;330,00
VI;16567;;4.161,00
VI;16569;ASTREL WDG;5,00
VI;16570;;4,00
VI;16570;SENCOR 600 SC;21,00
VI;16573;DELTACOM;14,00
VI;16577;;77,00
VI;16577;U46 COMBI DUO;80,00
VI;16578;MELODY COMPACT WG;132,00
VI;16616;;230,00
VI;16616;VALLEY;59,00
VI;16630;;27,45
VI;16630;NATUREN LIMEX;0,45
VI;16630;NATUREN LIMEX PFnPE;90,10
VI;16632;;0,50
VI;16632;LUNA SENSATION;0,50
VI;16647;;20,00
VI;16647;TAG PRO;110,00
VI;16654;POLYVERSUM;19,30
VI;16658;DAGONIS;32,00
VI;16690;;161,00
VI;16690;KESTREL;140,25
VI;16699;;0,70
VI;16699;RIMURON;2,60
VI;16701;PLAZA;3,80
VI;16703;;21,00
VI;16703;SPADA 50 WG;166,00
VI;16709;;0,50
VI;16732;;2,00
VI;16732;TUSAL;2,00
VI;16737;;3,00
VI;16737;PISON;310,00
VI;16742;NEMGUARD SC;1,00
VI;16772;;103,00
VI;16779;TONALE;932,00
VI;16785;JOGG;1,00
VI;16787;;25.427,00
VI;16787;CLINIC ST;80,00
VI;16790;NORDOX ENERGY;105,00
VI;16797;DEMETRINA 25 EC;8,00
VI;16800;AMADEUS SX;0,75
VI;16802;ZYPAR;490,00
VI;16819;NATUR BREAKER;2,00
VI;16820;;144,00
VI;16829;;176,00
VI;16830;FANDANGO 360 TF;1.405,00
VI;16831;GLIFENE BIOGRADE;500,00
VI;16833;;28,00
VI;16833;PANTOX 360 SUPER;10,00
VI;16833;PANTOX 360 SUPER PFnPE;5,00
VI;16836;STALLION IT SYNC;200,00
VI;16841;;710,00
VI;16842;CUPRAVIT BIO ADVANCED;1.897,00
VI;16843;;2.509,00
VI;16857;SHORTTRACK;40,00
VI;16874;;60,00
VI;16886;;8,41
VI;16886;CLOSER;58,50
VI;16886;CLOSER  PFnPE;0,96
VI;16886;CLOSER PFnPE;4,49
VI;16895;;1,35
VI;16895;ZORVEC ENICADE;0,45
VI;16896;;142,40
VI;16896;ZORVEC ZELAVIN;114,40
VI;16896;ZORVEC ZELAVIN   LT0,20;1,80
VI;16897;KATOUN GOLD;70,00
VI;16902;AVIATOR XPRO;277,00
VI;16902;AVIATOR XPRO  5lt;40,00
VI;16904;;385,00
VI;16904;KIDEKA 100 SC;187,00
VI;16916;BUGGY G;800,00
VI;16917;LOGRADO PLUS;755,00
VI;16926;FILDER 69 WG;50,00
VI;16945;;206,20
VI;16945;SERCADIS;34,10
VI;16945;SERCADIS  0,3lt;0,90
VI;16951;ESQUIVE WP;16,00
VI;16952;DIRIMAL;100,00
VI;16959;DENEB 75 DG;72,00
VI;16966;BILO 50 GR;2,00
VI;16976;;250,00
VI;16976;VITIKAPPA;20,00
VI;16991;ROSATE 360 TF;80,00
VI;17003;PRIAXOR;16,00
VI;17006;MONCUT;75,00
VI;17007;;5,00
VI;17007;ERADICOAT;45,00
VI;17014;DELEGATE WDG;1,00
VI;17018;GEOTOX 5 C;0,60
VI;17019;AIRONE L BLU;890,00
VI;17024;;19,00
VI;17058;;57,00
VI;17058;ROMEO;89,00
VI;17059;VINTEC;1,60
VI;17069;TIOVIT L;105,00
VI;17072;;116,00
VI;17072;DIREX 50 GR;646,60
VI;17072;DIREX 50 GR PFnPE;920,00
VI;17072;direx50 gr;10,00
VI;17075;;16,25
VI;17075;MOVIDA;323,77
VI;17075;MOVIDA  LT 0,625;5,63
VI;17078;;3,00
VI;17078;QUANTUM L;82,00
VI;17079;FORCE EVO;1.470,00
VI;17081;CUPROSSIL IDRO NEW 20 WG;1.696,00
VI;17091;;470,00
VI;17091;CHAMP 20 WG;740,00
VI;17093;MOSAIKO MICRO FLOW;19,00
VI;17094;;316,00
VI;17094;ACTIVUS EKO;71,00
VI;17099;ZAKEO 250 SC;12,00
VI;17107;SPYRIT 50 SC;21,00
VI;17108;;12,00
VI;17108;FEUDO 500 SC;120,00
VI;17111;;15,00
VI;17111;FLOVINE;135,00
VI;17113;MIKAL F;30,00
VI;17118;BIOACT PRIME DC;1,00
VI;17128;JURA EC;140,00
VI;17141;;5,00
VI;17141;SELECTRUM;10,00
VI;17184;NEPTUNE;162,00
VI;17188;;22,00
VI;17205;CIDIAL;5,00
VI;17236;;6,00
VI;17261;POKER GEO;500,00
VI;17264;ZOLFO LIQUIDO 80 SC;260,00
VI;17272;SERIFEL;2,00
VI;17275;NOTO CLASS;199,00
VI;17294;ZORVEC EPICALTRIN;6,00
VI;17310;ITERAL;12,00
VI;17323;CONTENDER 800;110,00
VI;17327;SHERPA 0.8 MG;10,00
VI;17337;;195,00
VI;17346;EXOSET 240 EC;124,00
VI;17360;MAGO;286,00
VI;17364;TELONE II 2019;260,00
VI;17372;COPRANTOL 30 WG;30,00
VI;17378;;5,40
VI;17378;GACHINKO;1,80
VI;17424;;5.100,00
VI;17424;AF-X1 2019;450,00
VI;17430;;1,00
VI;17430;EXIREL;3,00
VI;17430;EXIREL 2019;3,00
VR;13;;63.630,00
VR;13;THIOPRON;45.810,00
VR;17;U46 COMBI FLUID;349,00
VR;133;U 46 D-FLUID;50,00
VR;189;;2.960,00
VR;189;MICOZEB 75 WDG;40,00
VR;206;ALBENE;16.300,00
VR;449;;24.780,00
VR;449;MOCAP;76.007,00
VR;449;MOCAP GRANULARE;3.930,00
VR;565;FUMATHANE 510;20.920,00
VR;599;;3.208,00
VR;599;ACUPRICO 76 WG;1.420,00
VR;599;ACUPRICO 76WG;1.297,00
VR;619;VALGRAN;200,00
VR;630;;7.124,00
VR;630;REGLONE;371,00
VR;630;REGLONE W;12.149,00
VR;747;;14.785,00
VR;747;ZOLFO SPRUZZABILE;2.150,00
VR;779;;2.075,00
VR;779;TRIMANOC 80 WP;69,00
VR;886;;0,50
VR;909;;45.235,00
VR;909;POLISOLFURO CALCIO POLISENIO;100,00
VR;909;POLISOLFURO DI CALCIO POLISENIO;91.001,00
VR;1155;;535,00
VR;1155;CHEMOL 90 EL;2.214,00
VR;1156;;99.130,00
VR;1156;CHEMOL;50.343,75
VR;1156;CHEMOL PFnPE;6,25
VR;1562;;1.061,00
VR;1562;ERBITOX M PRO;59,00
VR;1573;;8.640,00
VR;1573;BASAMID GRANULAT;8.360,00
VR;1583;;216.813,00
VR;1583;MICROTHIOL DISPERS;475,00
VR;1583;MICROTHIOL DISPERSS;47.155,00
VR;1714;;818,00
VR;1714;KERB 80 EDF;1.831,00
VR;1823;ZOLFO 80 MICRONIZZATO;625,00
VR;1850;IDRORAME FLOW;83,50
VR;1850;IDRORAME FLOW PFNPE;10,00
VR;1903;;375,00
VR;1936;;65.293,00
VR;1936;LIQUIZOL M;6,00
VR;2191;WETTING PLUS;1.190,00
VR;2249;;32,00
VR;2249;MALERBANE PRATI 400;44,00
VR;2259;PASTA LUMACHICIDA IN GRANI;285,90
VR;2259;PASTA LUMACHICIDA IN GRANI PFNPE;128,50
VR;2260;;483,00
VR;2260;GASTROTOX E;47,00
VR;2272;SILLIM;9,00
VR;2272;SILLIM PFnPE;62,00
VR;2307;;4.938,00
VR;2307;VECTOR;2.294,00
VR;2353;;616,00
VR;2353;BONALAN;3.284,00
VR;2518;ACTELLIC 2P;24,00
VR;2525;LUMACID AGRO;10,00
VR;2603;ESCACIDE;10,00
VR;2732;;499,00
VR;2732;GOLTIX;554,00
VR;2896;TETROSSIL;260,00
VR;2923;;98.468,00
VR;2923;TIOVIT JET;134.517,00
VR;2934;MICROSOL 90;5,00
VR;2934;MICROSOL 90 - ZOLFO BAGNABILE 500GR;3,00
VR;2995;;339,50
VR;2995;ESCARTOX;1.163,50
VR;2995;ESCARTOX da 0.500 Kg;49,00
VR;2995;ESCARTOX META PFnPE;65,50
VR;2995;ESCARTOX PFnPE;100,00
VR;3065;;4.430,60
VR;3065;OLIOCIN;17.259,50
VR;3065;OLIOCIN PFnPE;39,50
VR;3065;OLIOCIN PFnPE da 100ml;2,00
VR;3082;OLEOTER ESTATE;1.070,25
VR;3102;;4.422,00
VR;3102;OLEOTER;17.458,75
VR;3102;OLEOTER PFNPE;7,50
VR;3141;;12,00
VR;3163;U 46 M STAR;58,00
VR;3219;;168,00
VR;3219;CARAKOL AGRO;261,00
VR;3219;CARAKOL AGRO PFnPE;1.343,00
VR;3343;;818,00
VR;3343;U46 M CLASS;492,00
VR;3366;ROKAR 400 ST;544,00
VR;3412;;527,00
VR;3412;SYLLIT 65;72,00
VR;3468;;1.249,00
VR;3468;DACOL  L 40;4,00
VR;3468;DACOL L 40 ST;5,00
VR;3468;DACOL L40;172,00
VR;3468;DACOL L40 ST;45,00
VR;3486;TRISCABOL DG;12,00
VR;3503;AGRUMIN;35,00
VR;3519;;180,00
VR;3519;METAMBANE;5,00
VR;3553;;946,00
VR;3553;CURZATE;531,00
VR;3553;CURZATE 20WP;20,00
VR;3555;CURZATE M;332,00
VR;3640;;1.270,00
VR;3640;CUPROSTAR;210,00
VR;3658;SIPCAMOL E;2,25
VR;3754;;1.130,00
VR;3754;BAGNANTE SARIAF;537,00
VR;3767;;1.503,00
VR;3767;FENOXILENE 200;1.481,00
VR;3767;FENOXILENE MAX;77,00
VR;3779;;2.000,00
VR;3779;VAPAM;104.640,00
VR;3793;DITHANE M-45;211,00
VR;3800;;4.540,00
VR;3800;CRITTAM WG;735,00
VR;3817;;26,00
VR;3859;;114,00
VR;3859;DURSBAN;16.335,00
VR;3861;ROTIOFEN GOLD;3,00
VR;4012;;2.271,75
VR;4012;RELDAN;5,00
VR;4012;RELDAN 22;1.306,75
VR;4199;;27.131,00
VR;4199;PENNCOZEB DG;8.129,00
VR;4228;;623,00
VR;4228;ROGOR 400 ST;5,00
VR;4326;;1.282,00
VR;4326;ROGOR L 40 ST;1.846,00
VR;4426;DECIS;1,55
VR;4461;;75,00
VR;4461;IMIDAN WDG;7,00
VR;4552;DITHANE DG NEOTEC;3.080,00
VR;4701;;812,00
VR;4701;PIRIMOR 50;419,00
VR;4710;;2.754,00
VR;4710;ALIETTE;1.885,45
VR;4710;ALIETTE PFnPE;85,75
VR;4710;ALIETTE PFnPE da 0.150 Kg;1,80
VR;4710;ALIETTE WDG;54,00
VR;4896;RIGENAL P;16,90
VR;4896;RIGENAL P PFnPE;13,40
VR;5152;TIOSPOR WG;18.068,00
VR;5228;;45,00
VR;5228;CARAKOL;70,00
VR;5228;CARAKOL PFnPE;321,00
VR;5292;;1,00
VR;5292;FIXORMON;10,00
VR;5299;;23,50
VR;5299;MIBIOL;164,25
VR;5299;MIBIOL PFnPE;161,50
VR;5349;GI-TRE;0,03
VR;5414;RADICANTE POLVERE TALEE LEGNOSE PFn;0,90
VR;5467;METADENE;111,00
VR;5574;LUMAKIDIN 5G PFnPE;59,00
VR;5581;;0,10
VR;5581;GIBBERELLINA CIFO;1,85
VR;5755;TILT 25 EC;13,00
VR;5755;TILT 25EC;2,00
VR;5796;;181,00
VR;5796;GARLON;554,00
VR;5980;FITOP 80;24,00
VR;6037;;25,00
VR;6037;TECTO SC;11,00
VR;6058;GIBERLAN C;0,25
VR;6136;;90,00
VR;6136;GERMON L;59,00
VR;6321;;35,00
VR;6321;STIMOLANTE 66F;56,00
VR;6322;;678,00
VR;6322;OBSTHORMON 24A;581,00
VR;6389;DUECI-FITO RADICANTE;2,00
VR;6389;DUECI-FITO RADICANTE PFnPE;0,20
VR;6401;MONDAK 21 S;3,00
VR;6437;;1.166,00
VR;6437;ETHREL;723,00
VR;6438;BI-FEN;1,00
VR;6505;;0,75
VR;6555;;15,00
VR;6556;;280,00
VR;6556;K-OBIOL DP2;164,00
VR;6557;;11,00
VR;6557;K-OBIOL EC 25;8,00
VR;6751;;30,00
VR;6751;RASEN FLORANID PFnPE;72,00
VR;6766;BUTISAN S;2,00
VR;6771;;6.672,00
VR;6873;IDRORAME 193;1.490,00
VR;6945;;47,00
VR;6945;TOPAS 10 EC;845,25
VR;6956;;65,00
VR;6956;TARGA FLO;37,00
VR;6978;;55,00
VR;6978;BETTER 400;195,00
VR;7020;BAGNANTE CIFO;4.213,00
VR;7053;PASTA CAFFARO NC;77,00
VR;7055;;23,50
VR;7055;PASTA CAFFARO BLU;1.292,50
VR;7055;PASTA CAFFARO BLU PFnPE;26,50
VR;7066;MATACAR;5,00
VR;7101;LIMAVAL;75,00
VR;7101;LIMAVAL PFnPE;248,50
VR;7368;;163,00
VR;7368;TURFENE L;165,10
VR;7369;SYLLIT FLO;1,25
VR;7370;TETRASOL L;20,00
VR;7370;TETRASOL LIQUIDO;145,00
VR;7379;;43,00
VR;7379;VENZAR;104,00
VR;7401;POLTIGLIA CAFFARO 20 DF NEW;274,00
VR;7401;POLTIGLIA CAFFARO 20 DF NEW PFnPE;42,00
VR;7411;;15,90
VR;7411;DIRAGER;66,90
VR;7454;ORMONE AG COMPRESSE;42,70
VR;7483;;727,00
VR;7483;DEVRINOL F;311,00
VR;7534;;9.900,00
VR;7534;ROYAL MH;460,00
VR;7535;;4.230,00
VR;7541;;32,25
VR;7541;APOLLO SC;112,50
VR;7541;APOLLO SC PFnPE;6,40
VR;7555;KLARTAN 20 EW;91,00
VR;7597;ENERGIL 100 A;5,00
VR;7608;;112,00
VR;7608;DASKOR 440 EC;749,00
VR;7611;;9.998,00
VR;7611;ENOVIT METIL FL;10.737,00
VR;7640;SPOLLONANTE G;5,00
VR;7675;NURELLE 5 EC;2,00
VR;7700;;132,20
VR;7700;MATACAR FL;233,40
VR;7736;ZOLFO SCORREVOLE TRIVENTILATO 95% S;5.700,00
VR;7737;;6.375,00
VR;7764;TIOLENE;1.608,40
VR;7876;;96,00
VR;7876;PIRIMOR 17,5;267,00
VR;7888;CUPROXAT LIQUIDO;1,00
VR;7911;;4.400,00
VR;7911;AIRONE EXTRA;5.660,00
VR;7916;;51.966,00
VR;7916;POLYRAM DF;51.401,00
VR;7919;;7.045,00
VR;7919;TOUCHDOWN;15.787,00
VR;7922;OPALENE;4.178,00
VR;7922;OPALENE PFNPE;14,00
VR;7930;KERB FLO;3,00
VR;7958;;2.607,00
VR;7958;RONSTAR;8,00
VR;7958;RONSTAR FL;2.464,00
VR;7961;;786,00
VR;7961;RIZOLEX  GOLD;767,00
VR;7965;TRIGARD 75 WP;1,00
VR;7983;;465,00
VR;8001;;0,32
VR;8001;AGRO-PYR PFnPE;6,42
VR;8023;SUMIALFA ECHO;151,00
VR;8028;;48,00
VR;8054;;13,00
VR;8067;AGRIGOLF;14,00
VR;8102;;32.495,00
VR;8102;MERPAN 80 WDG;16.022,00
VR;8106;CIMOZEB;90,00
VR;8117;;3.175,00
VR;8117;BASTA;30,00
VR;8117;BASTA 200;730,00
VR;8139;;39,00
VR;8139;MANTA GOLD;18,00
VR;8146;;222,00
VR;8146;GALLERY;383,50
VR;8153;SIGMA 52 DF;0,30
VR;8155;;2.114,00
VR;8155;CATOR;1.463,00
VR;8184;;2.164,00
VR;8184;CHALLENGE;3.527,00
VR;8189;LEBRON 0,5 G;10,00
VR;8229;RAPAX;10,40
VR;8259;;1.122,00
VR;8259;LAMDEX EXTRA;988,00
VR;8284;;10,00
VR;8284;MICOSPOR MGD;85,00
VR;8320;;151,00
VR;8320;DELFIN;93,00
VR;8340;TOPAS 2,5 WG;2,00
VR;8351;;2.260,00
VR;8351;Z.M. 75 DG;1.830,00
VR;8360;PULL 52 DF;19,30
VR;8376;;1.143,00
VR;8376;ARIANE II;210,00
VR;8382;;13,50
VR;8382;ROUNDUP BIOFLOW;89,10
VR;8382;ROUNDUP BIOFLOW PFnPE;234,70
VR;8498;;1.226,00
VR;8498;FOLICUR;187,50
VR;8498;FOLICUR WG;1.051,00
VR;8542;;674,00
VR;8542;FORUM 50 WP;1.431,00
VR;8546;;112,00
VR;8546;DANITRON;363,00
VR;8558;PIRETRO VERDE;112,60
VR;8558;PIRETRO VERDE 500ml;3,00
VR;8558;PIRETRO VERDE PFnPE;22,75
VR;8599;;265,00
VR;8601;;20.271,00
VR;8601;FOLPAN 80 WDG;19.469,00
VR;8617;;12,00
VR;8617;BANVEL 480 S;61,00
VR;8646;PENDIGAN;1.550,00
VR;8649;PIRIDANE 480;355,00
VR;8656;GLIFENE HP;3.145,00
VR;8690;;393,00
VR;8690;PERFEKTHION;108,00
VR;8690;PERFEKTHION TOP;2.762,00
VR;8706;;595,00
VR;8706;AMID THIN W;843,00
VR;8712;;134,00
VR;8712;ALLEGANTE 4% AF 96;209,00
VR;8715;;18,00
VR;8715;DIRAMID;135,00
VR;8717;;28,00
VR;8721;;6,00
VR;8721;NEXTER;42,00
VR;8729;FORUM R;5,00
VR;8731;FORUM R WP;70,00
VR;8735;;3.451,00
VR;8735;TREBON UP;3.571,00
VR;8742;;433,00
VR;8742;INDAR 5 EW;716,00
VR;8743;GREENEX;10,10
VR;8795;;1.333,00
VR;8795;VERTIMEC EC;2.141,25
VR;8796;SELECT;504,00
VR;8797;BINAL PRO;150,00
VR;8801;;155,50
VR;8801;SCORE 25 EC;692,00
VR;8836;;282,00
VR;8836;MIMIC;549,00
VR;8838;;0,50
VR;8838;GERMON BEWURZELUNGSPUDER PER TALEE ;1,10
VR;8841;;146,00
VR;8841;CYREN 5 G;440,50
VR;8841;CYREN 5 G da 1.00 Kg;12,00
VR;8841;CYREN 5 G PFnPE;83,00
VR;8843;NISSHIN;3,00
VR;8874;;52,00
VR;8874;ETOFUM - FL;23,00
VR;8875;CIMOX 45 WG;6,00
VR;8882;;101,00
VR;8882;ULTRA FINE OIL;310,00
VR;8886;;7,44
VR;8886;SAFARI;8,84
VR;8929;;21,00
VR;8929;TOPIK 240 EC;8,00
VR;8933;SOLEAS;13,00
VR;8934;;389,05
VR;8934;SCALA;2.237,00
VR;8937;;173,00
VR;8937;MASAI 20 WP;137,00
VR;8945;FARO DF;100,00
VR;8987;;2,00
VR;8987;CONFIDOR 200 SL;34,75
VR;8987;CONFIDOR SL;2,00
VR;9005;;887,00
VR;9005;AGIL;6.125,00
VR;9010;;44,00
VR;9010;RAMEZIN COMBI WG;115,00
VR;9012;;3.970,00
VR;9012;CUPROCAFFARO MICRO;7.879,00
VR;9012;CUPROCAFFARO MICRO PFnPE;30,00
VR;9041;;35.490,00
VR;9126;CONCORDE COMBI PFnPE;10,00
VR;9131;PYRINEX ME;16,70
VR;9148;SYLLIT 400 SC;217,00
VR;9153;CYREN 44 EC;15,00
VR;9171;;40,00
VR;9171;GALBEN R 4-33;300,00
VR;9180;STROBY WG;1,20
VR;9210;;1,00
VR;9210;QUADRIS;245,00
VR;9244;;2.525,00
VR;9244;ZIRAMIT 76 WG;325,00
VR;9267;;77.920,00
VR;9267;ROYALTAC N;17.620,00
VR;9279;;105,00
VR;9280;;102,50
VR;9280;TOPAS 200 EW;76,00
VR;9286;;115,00
VR;9286;OHAYO;74,00
VR;9288;CELEST;200,00
VR;9298;;22.420,00
VR;9298;METHAM NA 51;51.580,00
VR;9306;;71,00
VR;9306;PROPLANT;81,00
VR;9311;CUPROSSIL IDRO 25 WP;190,00
VR;9339;;226,00
VR;9339;BETANAL EXPERT;279,00
VR;9342;;86,50
VR;9342;DELTRIN;54,50
VR;9373;;252,00
VR;9373;CHORUS;88,00
VR;9374;;63,00
VR;9374;MATCH TOP;124,00
VR;9376;BROMOTRIL;11,00
VR;9410;;2.179,00
VR;9411;RADIP ORMON PFnPE;3,00
VR;9420;;100,00
VR;9420;OSSIRAM 70 FLOW;1.350,00
VR;9422;;394,70
VR;9422;EVADE;872,85
VR;9443;ENDOGERME;20,00
VR;9449;;179,00
VR;9449;EMERALD COMBI;22,00
VR;9477;;185,00
VR;9509;;71,50
VR;9509;PROMALIN NT;49,00
VR;9531;SEQURA WG;263,00
VR;9550;PROFILE;3,50
VR;9569;ZETARAM 3B FL;520,00
VR;9575;;4,00
VR;9575;DRIBBLING 240 EC;131,00
VR;9578;;4.324,00
VR;9578;SWITCH;5.693,00
VR;9612;;525,00
VR;9612;OSSICLOR 30;93,00
VR;9631;METRIN EC;470,00
VR;9634;;106,00
VR;9634;CARNIVAL RIO;286,00
VR;9655;PRIMIAL WG;96,00
VR;9668;;112,17
VR;9668;RUFAST E-FLO;313,72
VR;9678;M70 DF;159,00
VR;9679;;273,00
VR;9679;KRISTAL 32 WG;1.157,00
VR;9693;SPORTAK 45 EW;83,00
VR;9694;;24,00
VR;9694;SIMITAR 5 EW;2,00
VR;9695;;133,50
VR;9695;PERLAN;107,00
VR;9696;;7,00
VR;9705;;473,00
VR;9705;PREVITER;927,20
VR;9705;PREVITER 200ml;1,00
VR;9723;;8.840,00
VR;9723;DE-SPROUT N;32.200,00
VR;9724;TIOWETTING DF;24.789,00
VR;9742;;280,00
VR;9744;;1.382,00
VR;9744;SCORE 10 WG;1.339,00
VR;9747;;1,04
VR;9747;FURY;0,40
VR;9757;;59,00
VR;9757;SPYRALE;71,00
VR;9758;COPRANTOL WG;5.981,00
VR;9767;NUFOS 5 G;279,00
VR;9787;MICROBAGNABILE WG;3.449,60
VR;9787;MICROBAGNABILE WG GRENN;800,00
VR;9790;;22,00
VR;9790;CONTATTO 320;60,00
VR;9794;PLANET C;683,00
VR;9800;;1.528,05
VR;9800;MAVRIK 20 EW;1.378,48
VR;9809;;333,00
VR;9809;MALVIN 80 WG;1.012,00
VR;9813;DICLOPYR;2,00
VR;9843;;672,00
VR;9843;BASAGRAN SG;489,00
VR;9872;;15,00
VR;9872;AKRIS;985,00
VR;9882;COBRE NORDOX 50;743,00
VR;9905;;2,50
VR;9905;THIOCUR 20 EW;11,00
VR;9941;;373,00
VR;9941;BUMPER;60,00
VR;9941;BUMPER P;473,00
VR;9952;;18,00
VR;9954;;1.161,00
VR;9954;JOKER;1.915,00
VR;9963;;1.490,00
VR;9963;METIDANE 22;875,00
VR;9995;;205,00
VR;9995;ARIUS;156,00
VR;10005;SCOTTS WEEDCONTROL;5,00
VR;10005;SCOTTS WEEDCONTROL PFnPE;16,00
VR;10029;KING;1,63
VR;10029;KING PFNPE;1,13
VR;10048;;28.175,00
VR;10048;KUMULUS TECNO;19.250,00
VR;10049;;4.901,00
VR;10049;DURSBAN 75 WG;8.827,00
VR;10057;;1.750,00
VR;10057;ARPEL WDG;338,00
VR;10088;;8,30
VR;10088;MAXIM;0,30
VR;10105;;55,75
VR;10105;RIDOMIL GOLD SL;89,50
VR;10106;;10,00
VR;10106;RIDOMIL GOLD COMBI WP;4.810,00
VR;10109;APRON XL;5,00
VR;10117;;1.642,00
VR;10117;STRATOS ULTRA;3.301,00
VR;10118;;235,00
VR;10118;AMISTAR;421,00
VR;10119;EQUATION PRO;9,60
VR;10127;;29,50
VR;10127;DECIS JET;45,32
VR;10127;DECIS JET PFnPE;36,53
VR;10139;;36,00
VR;10139;PYKOS;58,00
VR;10142;;400,00
VR;10142;VERNOIL;1.080,00
VR;10154;;130,00
VR;10154;BORDOFLOW SECTOR;249,00
VR;10158;PIREFLOR;0,38
VR;10161;;430,00
VR;10161;ORTIVA;804,00
VR;10185;ZERGAN EV;2,50
VR;10196;NECTAR;9,50
VR;10209;GLYFOS ULTRA;3.201,00
VR;10224;;1.340,00
VR;10224;EMME-H;15.010,00
VR;10230;LUMAPLUS;173,50
VR;10263;;73,00
VR;10263;DRIVER;13,00
VR;10272;;960,00
VR;10272;CEREXIL M DG;4.235,00
VR;10275;STELLA EC;18,00
VR;10296;;6.957,00
VR;10305;;586,00
VR;10305;OIKOS;1.527,30
VR;10305;OIKOS PFnPE;11,92
VR;10306;;30,00
VR;10306;MISTRAL;1.062,00
VR;10316;FLARE GOLD;25,00
VR;10324;;30,00
VR;10329;;770,00
VR;10329;FORUM MZ WG;311,00
VR;10350;;726,00
VR;10350;BLAST SG;524,00
VR;10357;;15,00
VR;10357;RIGRON SG;1.515,00
VR;10373;;81,00
VR;10373;CONTEST;358,00
VR;10381;;153,00
VR;10381;CONCORDE 40 EW PFnPE;30,30
VR;10396;;6,00
VR;10396;LIZOCIN;42,00
VR;10398;STIKER;0,50
VR;10415;;57,50
VR;10415;ARIC 480 LS;16,50
VR;10423;;1.155,00
VR;10423;LUMACHICIDA VEBI;45,75
VR;10425;;373,00
VR;10425;SCUDEX;33,00
VR;10426;;10,00
VR;10426;PROTIL EC;1,00
VR;10439;;737,00
VR;10439;SPRAY DUNGER GLOBAL;331,00
VR;10440;;111,00
VR;10440;EXPANDER;145,00
VR;10456;;169,50
VR;10456;KLARO ULTRA;376,75
VR;10456;KLARO ULTRA  PFnPE;6,25
VR;10461;DICOTURF;5,00
VR;10474;TERDIM;1.365,00
VR;10477;;932,00
VR;10477;LAS VEGAS;100,00
VR;10479;;56,00
VR;10479;NATURALIS;375,00
VR;10493;;15.605,00
VR;10493;RUNNER LO;14.056,00
VR;10504;;1.242,00
VR;10506;MYCOSTOP;2,28
VR;10509;;400,00
VR;10509;MASTIFF ULTRA;448,00
VR;10540;;37,00
VR;10540;TERIAL 75 WG;192,00
VR;10543;POLYKRON GLOBAL;22,00
VR;10560;;77,00
VR;10560;PIRETRO NATURA;76,00
VR;10563;ACOIDAL;4,00
VR;10568;ZOOMER;37,00
VR;10573;;3.980,00
VR;10573;KOCIDE 2000;10.102,00
VR;10582;PAM;146,00
VR;10585;;2.960,00
VR;10585;SULCOTREK;2.616,00
VR;10588;;102,00
VR;10588;BIOPIREN PLUS;140,00
VR;10589;FLORA VERDE;503,00
VR;10589;FLORA VERDE PFnPE;2,73
VR;10604;;139,60
VR;10604;EMERALD 40 EW;231,27
VR;10604;EMERALD 40 EW PFnPE;42,57
VR;10604;EMERALD 40 EW PFnPE da 0.010 L;0,18
VR;10627;;5,00
VR;10627;FRUPICA;12,00
VR;10628;MIDAURIL MZ;3.620,00
VR;10632;;2.350,00
VR;10632;COBRE NORDOX SUPER 75 WG;1.612,00
VR;10650;BELGARD;13,00
VR;10701;;190,00
VR;10701;CUMETA FLOW;4.329,50
VR;10701;CUMETA FLOW PFNPE;9,50
VR;10710;TOMAGAN;2,00
VR;10734;;746,00
VR;10734;DUAL GOLD;756,00
VR;10735;;1.195,00
VR;10735;PRIMAGRAM GOLD;2.820,00
VR;10741;;80,00
VR;10741;METACINQUE PFnPE;3,00
VR;10752;;898,25
VR;10752;STEWARD;1.015,55
VR;10753;FOLICUR SE;10,00
VR;10758;;50,00
VR;10771;;6.506,00
VR;10771;MOST MICRO;5.887,30
VR;10771;MOST MICRO PFnPE;3,80
VR;10780;LUMABLOC;6,00
VR;10816;PIRETRO GARDEN;3,00
VR;10889;;22,00
VR;10890;;1.590,60
VR;10890;FLiPPER;2.545,25
VR;10890;FLiPPER PFnPE;0,60
VR;10925;;199,00
VR;10926;;139,00
VR;10926;ALTOREX;86,00
VR;10929;;40,95
VR;10929;CHIKARA 25 WG;31,80
VR;10939;;1,00
VR;10944;;285,00
VR;10944;KARATE ZEON;541,75
VR;10952;CARPOVIRUSINE PLUS;398,00
VR;10973;PYRINEX PRONTO;3,00
VR;10976;;3.395,98
VR;10976;METEOR;907,58
VR;10976;METEOR 10 ml;0,33
VR;10976;METEOR 200ml;0,80
VR;10976;METEOR 250ml;3,25
VR;10976;METEOR 30ml;0,24
VR;10976;METEOR 60ml;3,30
VR;10976;METEOR ml 250;10,00
VR;10976;METEOR ML60;1,26
VR;10976;METEOR PFNPE;29,22
VR;10985;MEVAXIL M;77,00
VR;10999;;256,00
VR;10999;BETANAL SE;499,00
VR;11011;;1.045,00
VR;11011;DASH HC;760,00
VR;11012;;41,00
VR;11012;AURA;37,00
VR;11013;;84,00
VR;11027;MET-BLOC;8,00
VR;11027;MET-BLOC PFnPE;29,50
VR;11029;;6.747,00
VR;11029;PYRINEX M 22;14.441,00
VR;11030;PRIMO MAXX;15,00
VR;11040;POLTIGLIA BORDOLESE DISPERSS BLU;80,00
VR;11044;TUREX;277,00
VR;11059;;196,00
VR;11059;BIOPOWER;259,00
VR;11062;;178,00
VR;11062;BION 50 WG;107,00
VR;11070;;247.625,00
VR;11070;TIOGOLD DISPERSS;100,00
VR;11088;;82,00
VR;11088;BION MX;125,00
VR;11102;;15.770,00
VR;11102;HELIOSOUFRE S;5.452,00
VR;11106;;80,00
VR;11106;MANFIL 75 WG;1.220,00
VR;11107;;8,06
VR;11107;ECO-TRAP;11,31
VR;11119;;457,00
VR;11119;FLINT;479,50
VR;11133;SHELTER;59,50
VR;11157;;195,00
VR;11157;PROPYDOR;9,00
VR;11157;PROPYDOR PFnPE;11,25
VR;11165;POLAK;403,00
VR;11173;;2.637,00
VR;11173;AVAUNT EC;1.399,00
VR;11183;;174,50
VR;11183;PROGERBALIN LG;1.499,50
VR;11185;;475,00
VR;11185;GERLAGIB LG;834,00
VR;11196;;250,00
VR;11196;SULFAR;450,00
VR;11206;;867,50
VR;11206;CODACIDE;1.056,50
VR;11212;;1,00
VR;11231;;980,00
VR;11231;MICOSPOR 80 WDG;334,00
VR;11243;;1.993,00
VR;11243;LEOPARD 5 EC;855,00
VR;11253;;81,00
VR;11253;CALLISTO;121,00
VR;11257;;159,00
VR;11257;COSTAR WG;451,50
VR;11258;;130,00
VR;11258;FAZOR STAR;1.640,00
VR;11301;SPHERE;2,00
VR;11303;;1.270,00
VR;11303;CHAMP DP;5.300,00
VR;11313;PROXAN SL;7,00
VR;11338;FUGRAN;76,00
VR;11341;;13,00
VR;11341;STARANE GOLD;911,00
VR;11353;;2.560,00
VR;11353;FUSILADE MAX;2.446,00
VR;11355;;1.050,00
VR;11355;TAMIFUM;33.000,00
VR;11359;SARCAP 800;3.087,00
VR;11360;;44,50
VR;11360;GRIP 25;8,50
VR;11360;GRIP 25 PFNPE;0,30
VR;11379;;1.985,00
VR;11379;ROYAL MH STAR - TAB;500,00
VR;11390;VITENE TRIPLO BLU;3,00
VR;11393;;50,00
VR;11393;BEETLE;168,00
VR;11396;WIRK;1,00
VR;11402;;165,00
VR;11402;MELODY COMBI;75,00
VR;11416;;2.895,00
VR;11416;OVIPRON TOP;2.400,00
VR;11427;AGRIGOLF GOLD;52,00
VR;11448;;865,00
VR;11448;KICKER;186,00
VR;11449;;25.826,00
VR;11449;GARDOPRIM GOLD;80,00
VR;11477;ZOLFOBENTON 40;40,00
VR;11479;;305,00
VR;11479;BRANCHER DIRADO;79,00
VR;11497;;73.192,00
VR;11497;CRITTOVIT WG;734,00
VR;11499;BUSTER;4,00
VR;11501;;2.370,00
VR;11501;VITE FOL;5.090,00
VR;11504;THIAMON PLUS;475,00
VR;11505;;36,00
VR;11505;READY GERMIPLUS;908,00
VR;11513;EXILIS;1,00
VR;11525;FUNGIDINA 400 SC;25,00
VR;11526;;361,00
VR;11526;SULTAN;1.059,00
VR;11534;BIOTIOL;3,80
VR;11561;;1.929,22
VR;11561;NEEMAZAL T/S;1.689,69
VR;11561;NEEMAZAL T/S PFnPE;2,82
VR;11569;;2.418,00
VR;11569;CUPROXAT S.D.I.;5.430,00
VR;11587;CAMBEL S;1,00
VR;11596;;1.142,00
VR;11596;CALYPSO;725,50
VR;11611;;800,00
VR;11611;VYDATE 10L;1.340,00
VR;11614;ACTARA 25 WG;0,10
VR;11619;;14,00
VR;11619;TIOFLOR WDG;53.503,00
VR;11619;TIOFLOR WDG PFnPE;194,00
VR;11636;MEXIL ORO MZ;320,00
VR;11642;PIKAR;2,00
VR;11649;;323,00
VR;11649;COMMAND 36 CS;361,00
VR;11653;;285,00
VR;11653;FOLIO GOLD;37,00
VR;11653;FOLIO GOLD 537,5 SC;2.213,00
VR;11654;;29,00
VR;11660;;1.433,00
VR;11660;SHOGUN;722,00
VR;11668;;88,00
VR;11668;PLENUM 50 WG;303,50
VR;11678;ACTELLIC 2P NEWPHARM;22,00
VR;11679;GIBERAL COMPRESSE;0,07
VR;11687;;151,00
VR;11690;;35,00
VR;11690;GOAL 480 SC;14,00
VR;11693;;784,75
VR;11693;LASER;1.372,40
VR;11694;CONSERVE SC;0,55
VR;11701;BOTANIGARD SE;174,00
VR;11711;;22.190,00
VR;11711;MEXIRAM HI BIO;5.340,00
VR;11722;GEONEX;18,00
VR;11730;COSMOTRIN;2,45
VR;11730;COSMOTRIN PFNPE;3,15
VR;11732;;1.190,00
VR;11732;ALLEATO 80 WG;436,00
VR;11752;;205,00
VR;11752;ENVIDOR 240 SC;314,50
VR;11760;;26.940,00
VR;11760;POLITHIOL;5.440,00
VR;11762;FORUM STAR;225,00
VR;11779;KOP-TWIN;20,00
VR;11786;;3,09
VR;11786;AQ 10;1,65
VR;11786;AQ 10 WG;20,94
VR;11788;;80,00
VR;11788;NEMACUR 240 CS;160,00
VR;11789;;785,00
VR;11789;MANAGER;55,00
VR;11793;XENTARI WG;184,00
VR;11794;;60,75
VR;11794;PRESSING 500;408,00
VR;11802;TETRACAP 80 DG;625,00
VR;11814;;318,00
VR;11814;SPADA 200 EC;826,00
VR;11829;PROCHLORUS;62,00
VR;11854;;1.247,00
VR;11854;BUGGY TF;726,00
VR;11857;MIDAURIL COMBI;250,00
VR;11862;;403,00
VR;11862;LOBBY;451,00
VR;11866;AGRO-OIL;3,00
VR;11866;AGRO-OIL PFnPE;15,75
VR;11870;CUPRITAL S.D.I. PFnPE;1,25
VR;11885;;20,00
VR;11908;VENTUREX 400 SC;46,00
VR;11917;HOPPER GREEN;1.250,00
VR;11921;RIZOLEX CAP;12,00
VR;11926;;706,00
VR;11926;NOIDIO GOLD 10 EC;69,00
VR;11944;;195,00
VR;11944;ASPECT;1.783,00
VR;11948;;100,00
VR;11964;;1.600,00
VR;11964;POLTIGLIA CAFFARO 20 GD;1.470,00
VR;11979;BORDO 20 MICRO;47,50
VR;11991;;391,00
VR;11991;NEEMIK TEN;2.871,00
VR;12010;;698,00
VR;12010;TUAREG;2.173,00
VR;12017;COSMOS;12,00
VR;12020;;0,66
VR;12020;SUCCESS;1,52
VR;12020;SUCCESS da 50 ml;1,20
VR;12020;SUCCESS PFNPE;0,65
VR;12037;;250,00
VR;12037;CAMIX;435,00
VR;12043;;493,00
VR;12043;PREVICUR ENERGY;1.064,70
VR;12043;PREVICUR ENERGY PFnPE;3,50
VR;12044;CURZATE SYSTEM;5,00
VR;12048;TIOSOL 80 WG;51.581,00
VR;12048;TIOSOL 80 WG PFnPE;14,70
VR;12067;;226,00
VR;12067;CIPER;180,00
VR;12068;;11,40
VR;12068;TEFLUSTAR;947,00
VR;12068;TEFLUSTAR PFNPE;42,00
VR;12069;EPIK;15,07
VR;12090;MICROSED GEO;5.910,00
VR;12096;;59.804,00
VR;12096;POLTIGLIA DISPERSS;56.843,00
VR;12100;;1.518,00
VR;12100;ASSET;4.000,00
VR;12106;;156,00
VR;12106;TALENDO;59,75
VR;12113;;2,50
VR;12113;VIRGO;478,00
VR;12114;;259,10
VR;12114;AUXIGER LG;647,50
VR;12115;BARRACUDA;147,00
VR;12133;;406,00
VR;12133;JUVINAL GOLD;440,00
VR;12136;;9,00
VR;12138;;240,00
VR;12138;R 6 ERRESEI TREVI;664,00
VR;12138;R6 ERRESI TREVI;48,00
VR;12138;R6TREVI;16,00
VR;12149;;149,00
VR;12149;GERBA 4 LG;72,00
VR;12170;;2.935,00
VR;12170;HELIOCUIVRE;2.105,00
VR;12172;;80,00
VR;12172;FERRAMOL;78,00
VR;12172;FERRAMOL PFnPE;28,00
VR;12174;V.I.P. FLOW;351,00
VR;12199;;155,00
VR;12202;;3.040,00
VR;12212;;745,00
VR;12212;PENTHIUM EC;476,00
VR;12225;;475,89
VR;12225;TEPPEKI;573,29
VR;12225;TEPPEKI PFnPE;9,60
VR;12243;;110,00
VR;12243;MANTIR DG;12.221,00
VR;12262;VALBON;4,00
VR;12263;;100,00
VR;12263;VONDOZEB DG;5.190,00
VR;12285;;905,00
VR;12285;FORUM GOLD;1.488,00
VR;12297;;10,00
VR;12315;ORTIVA HOBBY PFnPE;1,95
VR;12323;VEBIZOLFO WG PFnPE;6,00
VR;12325;;9,00
VR;12325;MESUROL M PLUS;130,50
VR;12325;MESUROL M PLUS PFnPE;500,50
VR;12344;VEBITHRIN 5 EC;11,80
VR;12361;;11,00
VR;12368;;31,50
VR;12368;CARPOSTOP;251,50
VR;12375;SUGAR 500 SC;4,00
VR;12376;;54,00
VR;12376;FITAGIL;229,00
VR;12378;;5,00
VR;12378;TRIANUM-G;14.440,00
VR;12381;;1.388,00
VR;12381;NU-FILM-P;846,00
VR;12383;;2.741,00
VR;12383;RIDOMIL GOLD MZ PEPITE;10.564,00
VR;12395;CUTRIL TOP;80,00
VR;12399;;9,00
VR;12399;GANZO;80,00
VR;12437;;9.589,00
VR;12437;DELAN 70 WG;8.654,00
VR;12452;;46,00
VR;12452;EQUIP;1.938,00
VR;12453;;5.345,00
VR;12453;MILDICUT;7.901,00
VR;12461;;2,00
VR;12461;FINALSAN ERBICIDA PROFESSIONAL;10,00
VR;12482;;7.780,00
VR;12482;LUMAX;19.930,00
VR;12489;;154,00
VR;12489;DIFCOR 250;168,00
VR;12493;;600,00
VR;12493;MANCOZEB PLUS 75 WG;3.006,00
VR;12504;FLOWBRIX;320,00
VR;12514;;875,00
VR;12514;VIPER;1.685,00
VR;12515;GIBRELIN TAB;281,73
VR;12522;;417,50
VR;12522;METRO;6,50
VR;12526;ALIETTE ORTO E GIARDINO;5,00
VR;12526;ALIETTE ORTO E GIARDINO PFnPE;6,25
VR;12528;;450,00
VR;12528;CABRIO TOP;2,00
VR;12529;;884,00
VR;12529;TUCANA 25 EC;6,00
VR;12534;;515,75
VR;12534;FOXTAIL;462,82
VR;12534;FOXTAIL da 0.100 L;1,80
VR;12534;FOXTAIL PFNPE;50,85
VR;12538;;875,00
VR;12538;MYSTIC 25 WG;432,00
VR;12540;;363,00
VR;12540;REGRAN EXTRA;1.380,00
VR;12566;;81,05
VR;12566;PYGANIC 1.4;241,65
VR;12566;PYGANIC 1.4 da 0.025 L;0,53
VR;12566;PYGANIC 1.4 PFnPE;8,55
VR;12568;;35,00
VR;12568;SPRINTEX NEW L;48,00
VR;12573;;4,00
VR;12573;EKO OIL SPRAY;395,00
VR;12574;ICARUS EW;95,00
VR;12590;;9.290,00
VR;12590;DIASTAR MAXI;5.650,00
VR;12598;;4,36
VR;12598;GRANSTAR POWER SX;89,38
VR;12622;;1.712,50
VR;12622;QUANTUM;1.960,00
VR;12622;QUANTUM PFnPE;30,50
VR;12622;QUANTUM WG;55,00
VR;12625;EFUZIN 400 SC;134,00
VR;12627;;8,00
VR;12627;DANADIM 400 ST;119,00
VR;12627;DANADIN 400;4,00
VR;12628;;215,00
VR;12628;SERENADE MAX;1.533,00
VR;12636;QUASAR 6-24 R;190,00
VR;12642;TRATON SX;2,24
VR;12647;GLITTER;473,00
VR;12661;;50,00
VR;12661;NEXOL 10 WG;27,00
VR;12671;;11,99
VR;12671;HARMONY 50 SX;44,59
VR;12692;;0,50
VR;12692;SPRUZIT INSETTICIDA PFnPE;1,00
VR;12706;;16,20
VR;12706;PERMIT;18,30
VR;12722;;162,50
VR;12722;OSSICLOR 20 FLOW;1.147,60
VR;12722;OSSICLOR 20 FLOW da 0.500 L;4,00
VR;12723;OSSICLOR 20 BLU FLOW;985,00
VR;12734;;300,00
VR;12734;JUPITER R DF;120,00
VR;12737;;298,00
VR;12737;AIRONE PIU';14.430,00
VR;12737;AIRONE PIU' PFnPE;48,00
VR;12738;KING 360 HP;660,00
VR;12747;RAMETTE;16,20
VR;12747;RAMETTE PFnPE;16,40
VR;12748;;200,00
VR;12748;GRIFON PIU';14.530,00
VR;12754;;16.200,00
VR;12754;VERDRAM HI BIO;11.011,00
VR;12756;DICOTEX;435,30
VR;12756;DICOTEX PFNPE;0,90
VR;12759;;58,30
VR;12759;OSSICLOR 35 WG;2.929,20
VR;12759;OSSICLOR 35 WG da 0.200 Kg;3,00
VR;12759;OSSICLOR 35 WG PFnPE;26,80
VR;12761;AGRIMIX TOP;27,00
VR;12768;;81,00
VR;12768;SPINTOR FLY;111,00
VR;12770;;15,00
VR;12770;ALAR 85 GOLD;7,00
VR;12779;;1.105,00
VR;12779;RAMEDIT COMBI WG;10,00
VR;12784;CERCOBIN WG;200,00
VR;12790;;38,00
VR;12790;IMPACT 250 SC;146,00
VR;12793;;175,00
VR;12806;;23,00
VR;12806;FEDOR;453,00
VR;12813;;165,00
VR;12813;MIRADOR XTRA;38,00
VR;12828;;679,50
VR;12828;SITOFEX;440,75
VR;12831;INSIGNIA;93,00
VR;12832;OPERA;1,00
VR;12837;;774,00
VR;12837;ARIUS SISTEM PLUS;2,00
VR;12837;ARIUS SYSTEM PLUS;468,00
VR;12840;SUCCESSOR 600;2.345,00
VR;12844;CHECKMATE OFM-F;0,39
VR;12849;BENPROP PRO;72,00
VR;12855;CRIORAM WG PFnPE;16,50
VR;12857;;246,50
VR;12857;PROREX;1,00
VR;12858;;17,00
VR;12858;PRODIGY;39,00
VR;12859;;34,63
VR;12859;BORNEO;122,35
VR;12859;BORNEO PFNPE;0,24
VR;12860;;5,00
VR;12860;MILBEKNOCK;67,00
VR;12862;;1.592,00
VR;12862;CANTUS;1.844,00
VR;12866;;213,00
VR;12866;COLLIS;68,00
VR;12868;;1.001,00
VR;12868;BELLIS;799,00
VR;12869;;1.013,00
VR;12869;SIGNUM;3.794,00
VR;12878;;12.305,00
VR;12878;FOLPAN GOLD;22.751,00
VR;12878;RIDOMIL GOLD COMBI PEPITE;5,00
VR;12883;;3.298,00
VR;12883;PROSPER 300 CS;7.747,25
VR;12886;;2.436,00
VR;12886;KARATHANE STAR;1.704,00
VR;12888;;2.672,00
VR;12888;LEPINOX PLUS;944,00
VR;12904;;150,00
VR;12916;;297,50
VR;12916;SACRON 45 W;18,00
VR;12924;;560,00
VR;12924;JUPITER WG;189,00
VR;12933;;1.642,00
VR;12940;;847,00
VR;12940;KARATE ZEON 1.5;2.745,50
VR;12949;AZUPEC 80 WG;1.798,00
VR;12960;STARPROP;117,00
VR;12961;;159,00
VR;12961;HEREU;63,00
VR;12972;;70,00
VR;12989;GIBB PLUS;2,00
VR;12994;;130,00
VR;12994;VIVER ELITE WG;1.268,50
VR;13012;;25.665,00
VR;13012;FOLVIT 80 WDG;435,00
VR;13016;;4,00
VR;13016;BIOACT WG;16,00
VR;13018;;942,00
VR;13018;GONDOR;53,00
VR;13020;;6.840,00
VR;13020;MICRORAM 35 WG;2,55
VR;13025;MYSTIC 250 EW;31,00
VR;13039;POT CLEAN;690,00
VR;13039;POTCLEAN;20,00
VR;13039;POTCLEAN 2G;30,00
VR;13049;;24,00
VR;13049;SULCOGAN;6,00
VR;13055;MACHO;406,00
VR;13061;;2.012,00
VR;13061;BIOBIT DF;3.020,00
VR;13062;;221,80
VR;13062;DIPEL DF;1,34
VR;13063;;24,10
VR;13063;REGULEX 10 SG;0,70
VR;13064;;243,00
VR;13064;VITENE ULTRA SC;2.196,00
VR;13065;;331,00
VR;13065;DOMARK 125;1.166,25
VR;13065;DOMARK 125 PFnPE;24,00
VR;13068;;1.340,00
VR;13068;NEORAM WG;20,00
VR;13076;BRAITEX  PRO;457,00
VR;13083;CURZATE EFFE;90,00
VR;13084;;884,30
VR;13084;TELDOR PLUS;2.772,50
VR;13084;TELDOR PLUS PFnPE;11,20
VR;13087;;3,00
VR;13087;TASIS;131,00
VR;13093;;2.746,00
VR;13093;STOMP AQUA;6.139,00
VR;13095;;224,00
VR;13095;DIRA-MAX LG;157,00
VR;13098;;16.035,00
VR;13098;ROUNDUP POWER 2.0;17.731,50
VR;13098;ROUNDUP POWER 2.0 PFnPE;727,00
VR;13098;ROUNDUP POWER 2.0 PFnPE da 0.500 L;54,00
VR;13101;;12,00
VR;13104;ALGOR PLATIN;107,00
VR;13106;;3.887,00
VR;13106;IKANOS;1.417,00
VR;13108;CURAME BORDEAUX;3.850,00
VR;13108;CURAME BORDEAUX PFnPE;7,00
VR;13111;;409,00
VR;13111;THIOCUR FORTE;104,00
VR;13116;MEDOR 35 CLASS;153,00
VR;13120;;146,00
VR;13126;;1.383,00
VR;13126;CABRIO DUO;7.010,00
VR;13127;;300,00
VR;13127;VALIS F;1.079,00
VR;13128;;25,00
VR;13128;GOLTIX 50 WG;409,00
VR;13138;;75,00
VR;13143;;2.185,00
VR;13143;MEZENE WG;8.027,00
VR;13149;;13.235,00
VR;13149;POLTIGLIA MANICA 20 WG;5.374,00
VR;13150;;190,00
VR;13150;CURAME 25 WG;220,00
VR;13152;;1.556,00
VR;13152;OPTIX R DISPERSS;300,00
VR;13153;;1,00
VR;13154;;51,00
VR;13154;MONDAK 480 S;213,00
VR;13156;CAMBEL 480 S;291,00
VR;13158;;169,00
VR;13158;REMEDIER;649,00
VR;13160;;185,00
VR;13160;FORUM TOP;1.260,00
VR;13167;POMARSOL 80 WG;582,00
VR;13168;;2.312,00
VR;13168;LAUDIS;2.079,00
VR;13171;ALLIANCE;2,25
VR;13179;PLAYER COMBI SC;570,00
VR;13186;;0,32
VR;13186;TITUS MAIS EXTRA;30,40
VR;13205;;5.370,00
VR;13205;ZOLFO MANICA SCORREVOLE DOPPIO RAFF;21.815,00
VR;13211;;2.100,00
VR;13211;ZOLFO VENTILATO SCORREVOLE 96%;5.100,00
VR;13212;;34,00
VR;13213;;1.492,00
VR;13213;R6 ALBIS;12,00
VR;13213;R6 ERRESEI ALBIS;3.083,00
VR;13218;;320,00
VR;13218;FINALSAN PLUS;810,00
VR;13222;DUOKAR 2,5 EC PRO;8,00
VR;13222;DUOKAR 4,5 EW PRO;23,00
VR;13225;AGRIDIF 250;94,00
VR;13236;BULLET;261,00
VR;13242;;117,00
VR;13242;NICOGAN V.O.;321,00
VR;13244;;32.304,00
VR;13244;ZOLFO VENTILATO STELLA;14.190,00
VR;13249;;19.950,00
VR;13249;ZOLFO VENTILATO STELLA RAMATO S;2.200,00
VR;13250;ZOLFO VENTILATO STELLA RAMATO B;6.575,00
VR;13252;PLAYER 250 SC;24,00
VR;13253;PLAYER SC;54,00
VR;13254;PLAYER 25 WG;17,00
VR;13255;PLAYER GR;122,00
VR;13263;BORDORAM 20 WG;76,50
VR;13263;BORDORAM 20 WG PFNPE;35,20
VR;13267;;18,00
VR;13267;IMPERO;12,00
VR;13285;;2.595,00
VR;13285;SEVERAL;496,00
VR;13290;;945,00
VR;13290;ZOLFO MANICA DOPPIO RAFFINATO VENTI;7.135,00
VR;13292;;34.555,00
VR;13292;ZOLFO A.&A. F.LLI ZANUCCOLI TRIVENT;725,00
VR;13298;;950,00
VR;13299;MAGIO';735,00
VR;13307;BERLINA;20,00
VR;13308;DICARZOL 10 SP;9,00
VR;13311;DOMARK COMBI WG;10,00
VR;13313;;56,00
VR;13313;CASPER;22,00
VR;13323;;14,50
VR;13323;SULFY 80 WDG;78,60
VR;13323;SULFY 80 WDG PFnPE;32,70
VR;13327;;56,60
VR;13327;GRANSTAR ULTRA SX;76,90
VR;13329;;477,00
VR;13335;;799,00
VR;13354;DIFFERENCE;16,75
VR;13361;DECIS ENERGY O-TEQ;1,70
VR;13367;;92,00
VR;13367;DIVO;532,25
VR;13370;;6,00
VR;13370;WARRANT 200 SL;143,00
VR;13377;;72,00
VR;13377;COLUMBUS;89,00
VR;13378;;10,00
VR;13378;ORTIVA TOP;5,00
VR;13382;;673,00
VR;13382;PERGADO SC;2.358,25
VR;13386;;536,00
VR;13386;PROSARO;1.712,00
VR;13387;;28,09
VR;13387;FLORAMIX;39,75
VR;13389;;35.834,00
VR;13389;AFFIRM;33.571,00
VR;13390;TEBUSIP 46;1,00
VR;13391;;29,00
VR;13391;CYTHRIN 50 EC;759,79
VR;13394;;36,00
VR;13394;IMIDASECT;42,00
VR;13402;LUMA-KL;1.799,00
VR;13402;LUMA-KL PFnPE;8,00
VR;13409;;30,00
VR;13409;SILFUR WG;361,00
VR;13451;SPARVIERO;22,00
VR;13455;;2.918,00
VR;13455;ANTIGRAM GOLD;524,00
VR;13466;;3.181,00
VR;13466;SPOTLIGHT PLUS;2.087,00
VR;13468;;2,20
VR;13468;CLINER;22,20
VR;13468;CLINER PFnPE;11,75
VR;13471;NICOZEA OD;1.559,00
VR;13472;;275,00
VR;13472;ALIEN;91,00
VR;13485;FOLPEC 80 WG ADVANCE;4.792,00
VR;13486;;145,00
VR;13489;;181,00
VR;13489;CYMBAL;2.660,00
VR;13505;CLIVIS DUO;70,00
VR;13521;;1.615,00
VR;13521;HELIOCUIVRE S;236,00
VR;13542;FANTIC M NC;769,00
VR;13546;;4.245,00
VR;13546;FLARE GOLD MZ PEPITE;80,00
VR;13547;MEXIL ORO MZ WG;778,00
VR;13552;;26.775,00
VR;13552;ZOLVIS 80 SECTOR;50.425,00
VR;13552;ZOLVIS 80 SECTOR PFnPE;204,00
VR;13560;;473,00
VR;13560;FORZA;975,00
VR;13576;;166,50
VR;13576;RAMEPLANT WG;96,40
VR;13576;RAMEPLANT WG 500gr;20,00
VR;13576;RAMEPLANT WG da 0.200 Kg;4,80
VR;13576;RAMEPLANT WG PFNPE;203,50
VR;13577;CARPOSAN 40 CE;207,00
VR;13578;;62,00
VR;13578;RAME CAFFARO BLU WG NEW;2.346,00
VR;13585;;5.190,00
VR;13585;SOLOFOL;1.310,00
VR;13586;;11.831,50
VR;13586;VERDERAME 20 WG;45,30
VR;13586;VERDERAME 20 WG PFnPE;7,00
VR;13592;;285,00
VR;13592;VOLARE;4.615,00
VR;13593;RADIX SOIL;30,00
VR;13635;;62,00
VR;13635;POLTIGLIA 20 PB MANICA;389,50
VR;13637;;1,00
VR;13639;;77,75
VR;13639;ACRAMITE 480 SC;209,50
VR;13640;IMPRINT;60,00
VR;13647;NEORAM BLU WG PFnPE;38,00
VR;13648;;1.578,00
VR;13651;SPECTRO;15,25
VR;13671;SPONIX FLOW;1.300,00
VR;13689;;111,00
VR;13689;FLINT MAX;63,00
VR;13693;BACILLUS CHEMIA;65,00
VR;13693;BACILLUS CHEMIA PFnPE;8,00
VR;13698;;1.661,25
VR;13698;VIVANDO;1.980,75
VR;13700;ATLANTIS PRO;130,50
VR;13709;;16,00
VR;13709;U 46 PRATI;95,00
VR;13711;;2.804,00
VR;13714;FOLPEC 50 SC;280,00
VR;13716;CAPTAN ARVESTA 80 WG;8.919,00
VR;13719;THIAMON 80 PLUS;6.900,00
VR;13722;CAL-EX 1.9 EC;93,00
VR;13736;;43,50
VR;13736;TRACE;75,75
VR;13741;;1.464,00
VR;13741;SELECTA DISPERSS;316,00
VR;13742;;32,00
VR;13742;PERGADO MZ;167,00
VR;13753;GAL-GONE;19,00
VR;13765;;82,00
VR;13771;;1.755,00
VR;13771;NIMROD 250 EW;2.389,00
VR;13782;;110,00
VR;13782;DOURO 10 WG;1.232,00
VR;13784;RIVIERA MZ;17,00
VR;13785;;10,00
VR;13785;QUANTUM MZ;65,00
VR;13786;;32,00
VR;13786;QUANTUM R;510,00
VR;13787;RIVIERA R;203,00
VR;13791;GEATER-STAR PFNPE;34,00
VR;13792;;6,00
VR;13792;STABILAN;45,00
VR;13793;RUNNER M;1,00
VR;13794;;407,00
VR;13794;SPADA WDG;374,00
VR;13796;CELL;290,00
VR;13801;TOUCHDOWN HOBBY;9,75
VR;13801;TOUCHDOWN HOBBY PFnPE;3,00
VR;13809;;35.590,00
VR;13809;FORCE ULTRA;36.870,00
VR;13812;NOTO 40 OD;103,00
VR;13817;ALIAL WG;6,00
VR;13820;;936,00
VR;13820;BAYTEROID 25 EC;130,00
VR;13823;;169,00
VR;13823;ALVERDE;517,10
VR;13824;DARCOS;5,00
VR;13837;;8,00
VR;13838;XEDAVIR;225,00
VR;13841;;1.731,00
VR;13841;FOCUS ULTRA;2.480,00
VR;13843;;8.149,00
VR;13843;ZELIG 480 EC;327,00
VR;13852;DIQUA;10,00
VR;13877;KITT PRONTO;1,00
VR;13883;REBEX;680,00
VR;13885;MICROCOPP NEUTRO FL;50,00
VR;13888;FANTIC F NC WG;2.986,00
VR;13895;;35,00
VR;13895;SAVIRAN STAR;20,00
VR;13899;DAUPHIN 45;65,00
VR;13905;;4.974,00
VR;13905;BANJO;5.598,00
VR;13908;BORDO ISAGRO WG;320,00
VR;13913;;490,00
VR;13913;ORIUS P;500,00
VR;13925;;42,00
VR;13926;;0,50
VR;13926;SPONSOR;37,50
VR;13927;;0,50
VR;13927;ZAMIR 18;8,00
VR;13930;MARINS 200 CLASS;136,00
VR;13955;MITIGREEN;804,00
VR;13981;;1.680,50
VR;13981;CORAGEN;2.081,30
VR;13983;;69,00
VR;13983;HUSSAR MAXX PRO;389,25
VR;13998;;103,00
VR;13998;PYRUS 400 SC;32,00
VR;14005;;571,00
VR;14005;CLORTOSIP 500;5,00
VR;14005;CLORTOSIP 500 SC;398,00
VR;14005;CLORTOSIP 500SC;153,00
VR;14018;BASIC;67,00
VR;14018;BASIC PFnPE;3,00
VR;14021;BREK DUO;340,00
VR;14042;;170,00
VR;14042;SUPRAFOS EC;920,00
VR;14044;;1,00
VR;14044;JOKER 480;184,00
VR;14052;;26,00
VR;14058;;245,50
VR;14058;FEINZIN 70 DF;1.183,25
VR;14061;TRIANUM-P;3.762,00
VR;14062;;2.731,00
VR;14062;ZOXIUM 240 SC;2.737,00
VR;14076;CYPRUS 25 DF;511,40
VR;14077;;792,00
VR;14077;CHAMP 20 DF;230,00
VR;14085;PUNTIL MZ;210,00
VR;14091;APHOX;39,00
VR;14093;;21,00
VR;14098;;18.410,00
VR;14098;CRITTOX GD 75;2.240,00
VR;14099;;790,00
VR;14099;ASPOR WDG;12.990,00
VR;14100;;172,00
VR;14100;KANEMITE;435,00
VR;14101;;1.220,00
VR;14101;CARAMBA;7,00
VR;14102;;32.600,00
VR;14102;BORDOFLOW NEW;28.676,00
VR;14119;;147,00
VR;14119;VISIR PENCOTECH;4.339,00
VR;14135;GRENADIER 75 DF;55,20
VR;14136;;68,00
VR;14136;OBERON;248,50
VR;14137;;64,60
VR;14137;ALTACOR;298,40
VR;14154;;80,00
VR;14154;PIRETRO ACTIGREEN;9,56
VR;14154;PIRETRO ACTIGREEN PFnPE;7,76
VR;14155;;90,00
VR;14156;CURZATE R WG;1.021,00
VR;14165;;7.152,00
VR;14165;NANDO MAXI;7.292,00
VR;14166;;1.666,00
VR;14166;ZETOR;7.067,00
VR;14168;SILWET VELONEX;4,00
VR;14169;PERGADO R;50,00
VR;14178;;5.170,00
VR;14178;TRI-BASE;360,00
VR;14178;TRI-BASE PFnPE;2,40
VR;14182;;1.073,00
VR;14182;ARES 25 WG;2.516,00
VR;14193;SARMOX 45 DG;313,50
VR;14195;;1.554,00
VR;14204;75A;60,00
VR;14208;;2.098,00
VR;14208;RELDAN LO;2.728,00
VR;14210;;491,00
VR;14210;EVURE;416,00
VR;14214;RAPSAN 500 SC;44,00
VR;14232;;59,00
VR;14240;PYR PRONTO;3,75
VR;14262;;52,60
VR;14262;GREENEX NF;32,49
VR;14262;GREENEX NF PFnPE;318,70
VR;14263;BIOTEN;10,05
VR;14273;NIFURON;104,00
VR;14281;BUCTRIL UNIVERSAL;3,00
VR;14290;KOHINOR 200 SL;51,60
VR;14294;;15,30
VR;14294;EXECUTIVE;3,20
VR;14323;;1.352,00
VR;14323;BELPROMEC;423,00
VR;14336;;67,00
VR;14336;NEMATHORIN 150 EC;16,00
VR;14348;;1.810,00
VR;14350;ZOLFO RAMATO 5;2.943,00
VR;14370;AMISTAR /IP;5,00
VR;14375;LION 5 EC;1.179,00
VR;14380;CLORMET;30,00
VR;14387;NERVURE SUPER;125,00
VR;14392;WYLOM OP;45,00
VR;14405;;133,00
VR;14405;MERLIN FLEXX;272,00
VR;14406;;290,25
VR;14406;LEIMAY;570,00
VR;14407;;11,00
VR;14407;RUNWAY;35,00
VR;14409;;3.003,00
VR;14409;MOVENTO 48 SC;4.058,00
VR;14414;;2,40
VR;14414;DUSTY;36,50
VR;14414;DUSTY PFnPE;424,05
VR;14414;DUSTY PFnPE 500 ml;6,50
VR;14414;DUSTY PFnPE da 0.500 L;3,50
VR;14418;;364,00
VR;14418;PULSAR 40 SL;437,00
VR;14426;;20,00
VR;14426;GEODIS;60,00
VR;14431;;370,00
VR;14431;LENTAGRAN 45 WP;155,00
VR;14432;METRIC;12,00
VR;14434;NUANCE;3,60
VR;14469;ROMIN 600;180,00
VR;14479;;25.320,00
VR;14479;SCHERMO 0.5 G;39.675,00
VR;14523;CARPO 600;264,00
VR;14525;;0,60
VR;14527;SUDOKU TOP;527,00
VR;14540;;19,00
VR;14543;;426,00
VR;14543;FLUIZOL;44,00
VR;14559;;170,00
VR;14559;AGREE WG;577,00
VR;14565;CURZATE M WHITE;10,00
VR;14573;BACTOSPEINE 32 WG;723,00
VR;14575;TRIMMER SX;0,10
VR;14576;CUTRIL EVO;1.730,00
VR;14577;;1.076,00
VR;14577;FORUM R 3B;1.277,00
VR;14582;;6,00
VR;14582;FENGIB;4,00
VR;14631;ESTEL;3,00
VR;14636;;7.271,50
VR;14636;BIOLID UP;6.517,10
VR;14636;BIOLID UP PFNPE;2,60
VR;14638;;370,00
VR;14638;NETOR;500,00
VR;14640;OBOKE-SC;9,00
VR;14642;;9.815,00
VR;14642;RIDOMIL GOLD R WG;15.832,00
VR;14643;CENTIUM 36 CS;13,00
VR;14650;ROGATOX 40 ST;351,00
VR;14650;ROGATOX 40ST;2,00
VR;14660;BTK 32 WG;215,50
VR;14663;ACCEL 40 SG;1,48
VR;14664;;17,73
VR;14664;BERELEX 40 SG;27,02
VR;14684;SUPERBO;780,00
VR;14685;;20,00
VR;14686;;875,00
VR;14686;KOCIDE OPTI;2.480,00
VR;14687;;258,00
VR;14687;QUAD GLOB 200 SL;7.056,00
VR;14687;QUAD-GLOB;31,00
VR;14687;QUAD-GLOB 200 SL;145,00
VR;14687;QUAD-GLOB 200SL;10,00
VR;14697;;2.323,00
VR;14697;ENERVIN DUO;671,00
VR;14699;;349,00
VR;14699;GEOXE;259,00
VR;14728;CELIO;22,75
VR;14730;CHIMIGOR 40 ST;108,00
VR;14735;;124,50
VR;14735;RANMAN TOP;132,50
VR;14737;;3.785,00
VR;14737;ROUNDUP PLATINUM;6.101,00
VR;14737;ROUNDUP PLATINUM PFnPE;394,00
VR;14739;DECIS PROTECT;95,00
VR;14739;DECIS PROTECT PFnPE;109,00
VR;14760;RASIKAL PRO;153,05
VR;14760;RASIKAL PRO PFnPE;48,00
VR;14764;;140,00
VR;14764;SLUXX;240,00
VR;14764;SLUXX PFnPE;1,00
VR;14765;;1,00
VR;14765;ELUMIS;1,00
VR;14769;;30,00
VR;14772;;420,00
VR;14785;;23,45
VR;14785;DRISCOLL;79,20
VR;14785;DRISCOLL PFnPE;22,37
VR;14794;;20,00
VR;14794;AVALON SC;1.135,00
VR;14797;SIATTOL 200 PLUS;3,00
VR;14801;;803,00
VR;14801;ADMIRAL GOLD;106,00
VR;14809;;600,00
VR;14809;CUPRAVIT BIO EVOLUTION;194,00
VR;14812;;15.587,00
VR;14812;ENERVIN TOP;756,00
VR;14815;;5.922,00
VR;14815;ADENGO;2.927,00
VR;14819;VALIS M;380,00
VR;14828;;2,00
VR;14828;NUPRID SUPREME SC;274,00
VR;14830;;80,00
VR;14830;CUPROFIX ULTRA DISPERSS;5,00
VR;14836;BARBARIAN BIOGRADE 360;3,50
VR;14836;BARBARIAN BIOGRADE 360 PFnPE;231,50
VR;14837;;20,00
VR;14837;GLIFOSAR FLASH;10.233,00
VR;14837;GLIFOSAR FLASH PFnPE;179,00
VR;14838;;6.205,00
VR;14838;BARCLAY GALLUP BIOGRADE 360;33.882,00
VR;14838;BARCLAY GALLUP BIOGRADE 360 PFnPE;60,00
VR;14845;;12,00
VR;14845;MYSTIC PLUS S;483,00
VR;14846;AVALON 250 EW;144,00
VR;14854;;72,00
VR;14867;;130,00
VR;14867;SYNERO;59,00
VR;14872;;892,50
VR;14872;BELLIS DRUPACEE;547,00
VR;14876;;185,00
VR;14876;GRANDSTAND;47,75
VR;14878;FOXTROT;14,00
VR;14879;;3,15
VR;14879;LONTREL 72 SG;34,60
VR;14884;;1.545,00
VR;14884;CORUM;3.342,00
VR;14885;ROUNDUP RAPIDO;20,00
VR;14891;;54,00
VR;14891;TRICO PFnPE;30,00
VR;14894;;2,00
VR;14895;;223,00
VR;14895;LANNATE 20 SL;488,00
VR;14895;LANNATE 20SL;499,00
VR;14895;LANNTE 20 SL;2,00
VR;14897;;535,00
VR;14897;FLUROSTAR 200;1.251,00
VR;14900;KENKIO;2.980,00
VR;14914;;1.190,00
VR;14914;YSAYO;20,00
VR;14916;;6,00
VR;14916;SILWET SPRINTEX;135,00
VR;14919;;10,50
VR;14919;EMERALD 125 PFnPE;10,98
VR;14920;;5.425,00
VR;14920;ZOLFO 80 WP ZOLFINDUSTRIA;6.450,00
VR;14925;;41,00
VR;14935;;748,00
VR;14935;TIMELINE TRIO;327,00
VR;14936;;25,00
VR;14936;AMPLIGO;116,50
VR;14937;;24,00
VR;14937;VOLIAM TARGO;6,00
VR;14938;DEDICATE;25,00
VR;14940;;28,00
VR;14940;TAKUMI;60,90
VR;14944;;356,00
VR;14944;FLUXYR 200 EC;4,00
VR;14947;TRUSTEE 450;24,00
VR;14947;TRUSTEE 450 PFnPE;25,75
VR;14951;;320,40
VR;14951;BOTECTOR;105,60
VR;14966;CELEST TRIO;2.000,00
VR;14967;TIPTOR ULTRA;295,00
VR;14969;HOPPER 480;3.243,00
VR;14970;;0,80
VR;14970;POLYSECT ULTRA SL;8,30
VR;14972;;82,00
VR;14972;DICARZOL 50 SP;178,00
VR;14980;;40,00
VR;15005;;446,00
VR;15005;FONTELIS;1.245,00
VR;15008;;1.392,00
VR;15008;LBG - 01F34;1.165,00
VR;15013;;24,00
VR;15013;NATRIA LUMACHICIDA;60,60
VR;15013;NATRIA LUMACHICIDA PFnPE;16,50
VR;15019;;3.490,00
VR;15019;RIVIERA;568,00
VR;15023;;40,00
VR;15023;DERREX;1.120,00
VR;15024;;123,00
VR;15024;MESUROL 200 SC;1.095,00
VR;15034;;188,00
VR;15034;DICOPHAR;42,10
VR;15034;DICOPHAR PFNPE;22,50
VR;15037;;15,00
VR;15037;BREZZA;550,00
VR;15041;;22,50
VR;15041;OPINION ECNA;33,00
VR;15047;;973,20
VR;15047;R6 ERRESEI BORDEAUX WG;6.442,25
VR;15048;;319,00
VR;15048;MOXYL 45 WG;67,00
VR;15049;;11,00
VR;15049;MODDUS;9,00
VR;15050;;252,00
VR;15050;VERTIMEC PRO;164,00
VR;15051;;1.410,00
VR;15051;KYLEO;4.395,00
VR;15052;KAIMO SORBIE;66,40
VR;15054;CONTENDER 80 WG;835,00
VR;15057;DICOTEX RTU;138,00
VR;15058;;3,08
VR;15058;PRINCIPAL MAIS;46,32
VR;15059;;2.710,50
VR;15059;DECIS EVO;4.304,50
VR;15062;;3,00
VR;15062;PIRAMAX  EC;342,00
VR;15063;;95,00
VR;15063;NIMBLE;31,00
VR;15064;MAESTRO WG ADVANCE;250,00
VR;15071;;2.233,00
VR;15071;EVOLUTION;1.153,00
VR;15083;;487,00
VR;15083;AUDACE;76,00
VR;15084;;449,50
VR;15085;VITISAN 45 WG;41,00
VR;15093;;1.822,00
VR;15093;CENTURIO;1.093,50
VR;15093;CENTURIO PFnPE;65,00
VR;15096;;218,00
VR;15096;GLIPHOGAN TOP CL;533,00
VR;15096;GLIPHOGAN TOP CL PFnPE;1.551,50
VR;15100;NECTAR PLUS;193,00
VR;15101;CIMORAM ULTRA WG;1.025,00
VR;15107;;13,00
VR;15111;;64,00
VR;15111;MIRADOR SC;37,00
VR;15112;SIMPLIA;3,00
VR;15114;MACCANI;45,00
VR;15115;;47,00
VR;15116;ELIOS R;40,00
VR;15120;;7.080,00
VR;15122;;4,00
VR;15122;ACTELLIC 50 NEWPHARM;1,00
VR;15124;;183,00
VR;15124;ZANTARA;48,00
VR;15125;;46,00
VR;15125;PROLECTUS;49,00
VR;15127;;450,00
VR;15130;;2.291,00
VR;15130;INTREPID;1.590,00
VR;15135;OLEOSAN PLUS;23,95
VR;15138;BAROCCO 80 WG;16.750,00
VR;15142;;10,00
VR;15142;ALCANCE SYNC TEC;1.130,00
VR;15149;;16.800,00
VR;15149;CONSAVET DF EDGE;90.688,00
VR;15168;ZORO 1.9 EW;30,00
VR;15177;;1.349,00
VR;15177;ROTATE PLUS DF;1.352,00
VR;15181;CIRRUS CS;466,00
VR;15184;SATEL GEO;10,00
VR;15187;NAUTIUS;67,00
VR;15192;LIBERATE;10,00
VR;15193;;41,00
VR;15193;CONTATTO PIU EXTRA;30,00
VR;15198;;20,00
VR;15198;AZBANY;827,00
VR;15199;;4,00
VR;15199;SAKURA;185,00
VR;15200;;1.762,00
VR;15201;FLOXY 355 SC;7,00
VR;15201;FLOXY 400 SC;156,00
VR;15211;;124,00
VR;15213;;11,57
VR;15213;DEMETRINA FLOW;53,56
VR;15213;DEMETRINA FLOW da 0.10 L;0,32
VR;15213;DEMETRINA FLOW PFNPE;15,44
VR;15219;VITIPEC MZ;366,00
VR;15221;;710,00
VR;15221;ZETARAM PLUS;1.245,00
VR;15222;;210,00
VR;15222;FOLICUR COMBI WG;87,00
VR;15227;MESUROL EVOLUTION;25,50
VR;15227;MESUROL EVOLUTION PFnPE;0,35
VR;15229;;600,00
VR;15232;;673,00
VR;15233;DALET TRIO;120,00
VR;15235;;3.948,50
VR;15235;MOMENTUM;3.186,00
VR;15235;MOMENTUM 500gr;0,50
VR;15235;MOMENTUM PFnPE;25,00
VR;15236;ZAMMO;68,00
VR;15237;;669,00
VR;15237;CHIKARA DUO;416,00
VR;15250;;585,00
VR;15250;COPRANTOL DUO;805,00
VR;15251;;30,00
VR;15251;AIRONE LIQUIDO;2.562,00
VR;15253;;2.680,00
VR;15253;FALCON MK;163,00
VR;15260;PRORADIX;1,80
VR;15263;;210,00
VR;15263;DYNALI;55,00
VR;15264;;1.044,00
VR;15264;ENERVIN SC;968,00
VR;15265;;245,00
VR;15265;PROMAN FLOW;50,00
VR;15266;;20,00
VR;15266;QUARTET;320,00
VR;15267;KUSABI;249,20
VR;15270;PROFELIS;0,07
VR;15280;MARISOL;20,00
VR;15281;MICROMEGAS;109,00
VR;15285;PRIMMA STAR;2,19
VR;15288;;19,50
VR;15289;;0,40
VR;15289;SERENADE NATRIA PFnPE;6,90
VR;15291;TURFENE 100 ml;0,90
VR;15291;TURFENE PLUS;212,10
VR;15291;TURFENE PLUS da 0.500 L;2,00
VR;15291;TURFENE PLUS PFNPE;59,70
VR;15294;;958,00
VR;15296;HERBISTOP GIARDINO;13,50
VR;15302;;10.309,00
VR;15302;AMYLO-X;5.850,00
VR;15307;;1.859,50
VR;15307;DEDALUS 25 WDG;583,00
VR;15310;;121,00
VR;15310;NISSHIN EXTRA 6 OD;53,00
VR;15313;ZOLFO SC;2.120,00
VR;15314;;2.660,00
VR;15315;;1.439,00
VR;15315;ALEF;988,00
VR;15317;;23.336,00
VR;15317;SESTO GOLD;220,00
VR;15325;;1.430,00
VR;15325;CORNER MZ WG;485,00
VR;15326;;52.540,00
VR;15326;CUPROTEK DISPERSS;150,00
VR;15330;PINDARUS 25 WDG;77,50
VR;15331;ZEFIR 25 WDG;314,50
VR;15333;APPLAUD PLUS;8,94
VR;15333;APPLAUD PLUS PFnPE;1,20
VR;15335;;115,00
VR;15335;U 46 ULTRA;665,00
VR;15337;;3,60
VR;15337;EXPRESS;15,90
VR;15340;FEUDO 50 WP;7,00
VR;15344;FILAN WG;198,00
VR;15348;;5.629,00
VR;15348;RIDOMIL GOLD R LIQUIDO;2.598,00
VR;15349;;962,00
VR;15349;ARES 430 SC;341,00
VR;15351;POWERSHUT;36,00
VR;15356;SPHINX SC;480,00
VR;15358;ZOLFO FLOW MCT;12,00
VR;15359;VITIL 8-64 WG;100,00
VR;15361;;2,25
VR;15363;;1.114,00
VR;15363;MEDEIRO 80 WG ADVANCE;704,00
VR;15365;RAME ZOLFO FLOW MCT;38,00
VR;15370;;19.310,00
VR;15370;FURY GEO;3.480,00
VR;15371;;24,00
VR;15371;BELEM PROTEZIONE;48,00
VR;15378;;43,00
VR;15378;TRAXOS PRONTO 60;139,00
VR;15379;;254,25
VR;15379;AXIAL PRONTO 60;124,50
VR;15384;;1.758,00
VR;15384;LUNA EXPERIENCE;917,00
VR;15386;;4,00
VR;15388;MEXIL ORO R WG;4.248,00
VR;15389;;7.710,00
VR;15389;FLARE GOLD R WG;50,00
VR;15392;QUANTUM MZ WDG;170,00
VR;15401;;20.924,00
VR;15401;TAIFUN MK CL;37.701,00
VR;15401;TAIFUN MK CL 500;328,00
VR;15401;TAIFUN MK CL PFnPE;1.279,00
VR;15401;TAIFUN MK CL PFnPE da 0.500 L;15,00
VR;15402;DELTASAP;1.221,00
VR;15405;SHAMAL MK PLUS CL;447,00
VR;15405;SHAMAL MK PLUS CL PFnPE;279,50
VR;15407;;388,00
VR;15408;;1.385,00
VR;15408;MAXIMA;25,00
VR;15409;DECISION;383,00
VR;15411;DISHA;86,00
VR;15416;;49,00
VR;15416;DIZOLE;212,00
VR;15417;DITTO;19,50
VR;15419;ELECTIS R FLOW;4.016,00
VR;15420;;2.075,00
VR;15420;DIQUASH;1.085,00
VR;15427;RIFOS 550 EC;31,00
VR;15433;ATLAS;197,00
VR;15436;MYCOTAL;209,50
VR;15438;SANMITE 10 SC;7,00
VR;15448;;1.089,00
VR;15448;REBEL TOP;1.773,00
VR;15449;;2.010,00
VR;15449;CIDELY;2.353,00
VR;15451;;135,00
VR;15451;ELIOS WG TOP;943,00
VR;15455;TELDOR PLUS ORTO PFnPE;2,60
VR;15483;WISH;9,00
VR;15487;INSTANT;1.242,00
VR;15493;SIMUN 40 OD;27,00
VR;15499;;10,75
VR;15499;SONG 70 WDG;80,00
VR;15502;ARAMIS PLUS;0,50
VR;15505;;3.627,00
VR;15505;SILBOT 500 SC;28,00
VR;15507;;2.146,00
VR;15507;CREW SUPERB;1.778,00
VR;15513;;6.285,00
VR;15513;OSSICLOR 35 WG GREEN;7.566,50
VR;15514;;1,20
VR;15514;CUPRAVIT BLU 35 WG;131,90
VR;15515;;1.870,00
VR;15515;POLTIGLIA 20 PB GREEN;3.690,00
VR;15534;PREVINT DUO;215,00
VR;15536;ANTAL;9,00
VR;15537;;1.387,00
VR;15537;DELTAGRI;266,00
VR;15542;ANTILUMACHE FER;26,00
VR;15546;;11,15
VR;15549;;3.212,00
VR;15549;PROLECTUS 50 WG;416,00
VR;15550;;13,00
VR;15550;MERLIN FLEXX XTRA;646,00
VR;15553;;1.209,00
VR;15553;REGALIS PLUS;518,50
VR;15554;;360,00
VR;15554;PROMANAL NEU;560,00
VR;15556;;5,00
VR;15556;TERVIGO;110,00
VR;15563;TRAILER;10,50
VR;15566;;2.578,00
VR;15566;VISION PLUS;1.241,00
VR;15569;;3,00
VR;15573;;70,00
VR;15573;PROMESS SL;503,00
VR;15574;;285,00
VR;15574;KARMA 85;1.305,00
VR;15576;CLERANDA;5,00
VR;15577;ROUNDUP GEL;0,20
VR;15580;ESTUDER;661,00
VR;15581;BARKAN;143,00
VR;15583;;223,00
VR;15583;PIRAT;509,00
VR;15591;;175,00
VR;15591;PREVINT TOP;459,00
VR;15596;;386,00
VR;15596;LASCAR;737,00
VR;15598;;2.100,00
VR;15598;CARPOVIRUSINE EVO 2;3.481,00
VR;15612;;1,50
VR;15612;SEMPRA;17,25
VR;15618;FULLDINA 400 SC;4,00
VR;15621;;9,50
VR;15621;BOTTO 50 EC;277,85
VR;15621;BOTTO 50 EC da 0.10 L;2,00
VR;15621;BOTTO 50 EC PFnPE;11,45
VR;15623;COSMOS 550 EC;33,00
VR;15625;TERMINUS SC;133,00
VR;15626;;174,00
VR;15626;ORBIT 440 EC;12,00
VR;15627;PAPYRUS 400 SC;86,00
VR;15633;;4,00
VR;15635;;653,00
VR;15635;ADENGO XTRA;1.328,50
VR;15640;;29,00
VR;15642;;5,00
VR;15654;ACCORD;209,00
VR;15655;;2,00
VR;15655;KEETON 25 WG;741,00
VR;15661;SENEGO;0,50
VR;15663;CUPRAVIT 35 WG;7.090,00
VR;15664;KORING 25 WG;558,00
VR;15668;;130,75
VR;15668;GHIBLI 240 OD;34,25
VR;15674;AMADEUS TOP;9,50
VR;15678;;2,00
VR;15680;MITHRA 40 SC;36,00
VR;15682;METHOMEX;43,00
VR;15689;;1.125,00
VR;15689;DIFENZONE;82,50
VR;15693;LISTEGO;10,00
VR;15710;;400,00
VR;15710;CLINCHER ONE;755,00
VR;15711;;268,50
VR;15711;ALSYSTIN;156,00
VR;15713;;11,80
VR;15713;DIABLO SC;202,20
VR;15718;GRANSTAR TRIO;2,50
VR;15722;;4.575,00
VR;15722;ARMICARB 85;3.970,00
VR;15722;ARMICARB 85 PFnPE;70,00
VR;15725;DUAXO PFnPE;1,40
VR;15736;KOPRON 35 WG;1.746,00
VR;15741;;667,00
VR;15741;AVADEX FACTOR;504,00
VR;15743;TWINGO;1.500,00
VR;15744;REBOOT;381,00
VR;15745;SHARPEN 40% SC;21,00
VR;15748;;1.818,00
VR;15748;SYLLIT 544 SC;262,00
VR;15751;;49,00
VR;15751;VITENE TRIPLO R;201,50
VR;15751;VITENE TRIPLO R PFnPE;116,50
VR;15752;;15,00
VR;15752;CIDELY TOP;81,00
VR;15753;PYXIDES DUO;70,00
VR;15754;;40,00
VR;15754;SHARPEN 33% EC;355,00
VR;15758;QUILT XCEL;15,00
VR;15779;ABANTO;303,00
VR;15780;;880,00
VR;15780;OSSICLOR 50 PB GREEN;220,00
VR;15790;;735,00
VR;15790;AMISTAR TOP;295,00
VR;15817;;70,00
VR;15817;GLADIATOR;5,00
VR;15829;RAJAH;313,00
VR;15831;;231,00
VR;15831;VACCIPLANT;452,00
VR;15834;;235,00
VR;15834;TRACER 120;1.138,00
VR;15838;;100,00
VR;15838;ROUNDUP ULTRAMAX;140,00
VR;15839;;126,00
VR;15839;MAXCEL 2 SL;52,00
VR;15841;FLOCTER;320,00
VR;15842;;3,00
VR;15844;SLOGAN TOP;5,00
VR;15845;;104,00
VR;15845;ARAGON;1.389,00
VR;15847;;765,00
VR;15847;MAKURI;781,75
VR;15856;;72,00
VR;15856;AZAKA;24,00
VR;15859;KATANGA EXPRESS;15,00
VR;15862;SUBITEX;10,00
VR;15863;;120,00
VR;15863;BALENO FLASH;5,00
VR;15869;;1.040,00
VR;15877;;75,00
VR;15877;CONSENTO;80,00
VR;15882;;80,00
VR;15882;ATILLA;10,00
VR;15883;MARTO';1,00
VR;15885;METAREX M;8,25
VR;15886;;515,00
VR;15886;METAREX INOV;1.645,00
VR;15888;AZOX 25 SC;364,00
VR;15890;CURZATE 60 WG;32,00
VR;15894;;2,50
VR;15894;DUOKAR 20 EW;0,50
VR;15897;ALFIL WG;360,00
VR;15900;;13.400,00
VR;15900;TRIKA EXPERT;24.340,00
VR;15900;TRIKA EXPERT PFnPE;190,00
VR;15901;;0,80
VR;15901;ERCOLE;9.862,00
VR;15901;ERCOLE PFnPE;300,50
VR;15907;;1.305,00
VR;15907;PRESIDIUM ONE;3.515,60
VR;15907;PRESIDIUM ONE PFnPE;33,60
VR;15911;;13,00
VR;15911;SPIROX;83,00
VR;15912;;2.060,00
VR;15912;CUPRO ISAGRO WG;1.819,00
VR;15915;STARANE HD;4,00
VR;15921;ARMOR 75 WP;451,75
VR;15923;ERBIKUS 400 SC;13,00
VR;15927;MOJANG T;55,00
VR;15929;JALISCO;0,25
VR;15929;JALISCO PFNPE;1,15
VR;15932;AXIENDO CONCENTRATO;1,20
VR;15933;AXIENDO PRONTO USO PFnPE;9,00
VR;15948;SINSAJO;33,00
VR;15949;;477,00
VR;15949;PROMEX;76,00
VR;15961;;22,00
VR;15961;RETENGO NEW;20,00
VR;15968;BIOPOLYSECT AL;1,60
VR;15975;;0,20
VR;15983;KUKAR;2.308,00
VR;15984;;3.825,00
VR;15984;SUNDEK;3.532,00
VR;15989;COMRADE;411,00
VR;15990;;30,90
VR;15990;SCIROCCO 125 EW PFnPE;9,70
VR;15996;;518,00
VR;15996;PATRIOT DRY;254,00
VR;16010;ACRUX 10 WP;100,00
VR;16023;DIMBO 480 SL;299,00
VR;16031;LUNA DEVOTION;2,00
VR;16032;;245,00
VR;16033;HEREU SC;45,00
VR;16034;;108,00
VR;16034;DOURO 100 EC;4.723,00
VR;16035;;1,00
VR;16037;MOJANG TX;1.755,00
VR;16038;;2,00
VR;16042;;8,47
VR;16042;TOSCANA;0,10
VR;16050;;205,25
VR;16050;RADIANT SC;310,75
VR;16051;;1.310,00
VR;16051;LENNS;906,50
VR;16054;;1,00
VR;16054;SINSTAR;86,00
VR;16063;ARIGO;107,97
VR;16064;CREDIT 540;8.675,00
VR;16067;;91,00
VR;16067;REVOLUX;81,00
VR;16068;;100,00
VR;16068;FOLDER 80 WG;2.840,00
VR;16071;MESOZIN 70 WG;37,50
VR;16074;;60,00
VR;16074;GLORIAL 25 EC;1.708,00
VR;16075;AGHERUD M;118,00
VR;16084;;150,50
VR;16084;BREVIS;86,50
VR;16085;TRIMUR;0,14
VR;16086;;2,75
VR;16086;NEMGUARD GRANULES;5,00
VR;16088;;10,00
VR;16088;NEMADATE;280,00
VR;16092;CICLOPE;377,00
VR;16094;AFROMYL;15,00
VR;16098;;277,25
VR;16099;;10,00
VR;16099;SINIS 70 DF;61,50
VR;16101;TOPAS COMBI LIQUIDO;1.912,00
VR;16104;ELECTIS TRIO WDG;3.544,00
VR;16104;ELECTIS TRIO WDG PFnPE;62,00
VR;16106;BARCLAY PROPYZ;335,00
VR;16110;;1,00
VR;16110;CABRIO OLIVO;5,00
VR;16114;;1.960,00
VR;16114;SIMITAR   EVO;1.361,00
VR;16117;;11,50
VR;16117;SERBY;23,75
VR;16117;SERBY PFnPE;14,50
VR;16124;;208,00
VR;16124;JUVINAL ECHO PLUS;19,00
VR;16126;FLANCO SC;99,80
VR;16132;;24,00
VR;16132;HELM SURFER PLUS;0,80
VR;16136;LUMA-GOLD;10,00
VR;16136;LUMA-GOLD PFnPE;68,50
VR;16139;;1.122,00
VR;16139;SEGURIS XTRA;471,00
VR;16149;;342,00
VR;16149;BABEL;392,00
VR;16155;DINIRO;132,00
VR;16159;;10,00
VR;16161;;2.710,00
VR;16161;CENTURY SL;1.755,00
VR;16166;POKER MAX;1.400,00
VR;16166;POKER MAX PFnPE;14,50
VR;16167;MARACANA;11,00
VR;16170;;200,00
VR;16170;TRICUP FLO;662,00
VR;16171;;3,80
VR;16172;;500,00
VR;16172;CAL-EX 1,9 EW;386,00
VR;16178;FOLIANE 80 WG;100,00
VR;16179;;51,00
VR;16181;;168,00
VR;16181;DELTAMIX 25;3,00
VR;16182;CLICK PRO;288,50
VR;16188;;125,00
VR;16188;MEDIATOR PLUS;140,40
VR;16191;;256,00
VR;16191;TRIMAXX;38,00
VR;16194;;16,00
VR;16194;ETRAVON PRO;125,00
VR;16205;;9.120,00
VR;16205;IDROX 20;13.114,00
VR;16207;PIVAK 1,9 EW;35,00
VR;16210;ZETARAM HI TECH;140,00
VR;16221;;201,10
VR;16221;MADEX TOP;77,10
VR;16223;CUSTOM;1,00
VR;16227;;13,00
VR;16227;FOLPAN COMBI;244,00
VR;16243;POLYSECT ULTRA AL;98,40
VR;16247;;1.240,00
VR;16247;OXYRAM EVO;30,00
VR;16249;;46,00
VR;16251;;2.563,00
VR;16251;AFFIRM OPTI;2.374,00
VR;16252;AMISTAR GOLD;20,00
VR;16260;;10.035,00
VR;16260;WELTER MZ WG;10,00
VR;16261;;70,00
VR;16261;BELOUKHA;80,00
VR;16271;FRESCO;40,00
VR;16273;;1.496,00
VR;16273;SIVANTO PRIME;1.453,00
VR;16277;;37,00
VR;16277;ALMADA 50 SC;1.184,00
VR;16278;COIMBRA;1.093,00
VR;16279;;34.040,00
VR;16279;ERCOLE GR;14.400,00
VR;16282;;192,00
VR;16282;DIMIX;178,00
VR;16283;;2.470,00
VR;16283;QUANTUM R-OK;3.111,00
VR;16285;;1.017,00
VR;16285;KALIMBA;133,00
VR;16287;;873,00
VR;16287;SOLIGOR;44,00
VR;16288;;2.831,75
VR;16288;AMPEXIO;97,50
VR;16293;;186,00
VR;16293;PACLOT NEW;48,00
VR;16295;;285,55
VR;16295;RAPAX AS;141,00
VR;16295;RAPAX AS PFnPE;1,10
VR;16296;;1.510,00
VR;16296;PERGADO D;228,00
VR;16297;;94,00
VR;16299;;1.924,00
VR;16299;PASSAT SL;311,00
VR;16305;BONZI;6,00
VR;16314;;751,00
VR;16314;ZOXIS 250 SC;1.134,00
VR;16318;;12,00
VR;16318;REFLECT;128,00
VR;16320;;8,00
VR;16323;PENDIWIN;126,00
VR;16325;;15.234,00
VR;16325;EPIK SL;18.205,09
VR;16325;EPIK SL da 0.015 L;0,72
VR;16325;EPIK SL PFnPE;9,52
VR;16335;;7.583,00
VR;16335;LIETO SC;13.960,50
VR;16336;;2.817,00
VR;16336;DELAN SC;4.529,00
VR;16353;SIRAZOL;10,00
VR;16363;;311,00
VR;16363;SIRTAKI;1.155,10
VR;16364;;3.509,00
VR;16364;BISMARK;2.585,00
VR;16369;;2,00
VR;16369;ORTIVA TOP SC;232,00
VR;16376;PROXIMO;20,00
VR;16379;;3.164,00
VR;16379;PREV-AM PLUS;6.284,00
VR;16381;CALLICORE;954,00
VR;16384;;659,00
VR;16384;ELATUS ERA;255,00
VR;16394;VITIPEC R WDG;320,00
VR;16395;;14,00
VR;16395;MOHICAN 500 SC;133,00
VR;16396;TEMSA 100;309,00
VR;16399;;59,13
VR;16399;DECIS 15 EW HOBBY;235,12
VR;16399;DECIS 15 EW HOBBY PFnPE;83,41
VR;16399;DECIS 15 EW HOBBY PFnPE da 0.050 L;1,20
VR;16402;ENVIROMITE FL;51,50
VR;16405;IMAGE GOLD;15,00
VR;16413;SEQUAT;395,00
VR;16415;;25,40
VR;16415;MADEX TWIN;40,40
VR;16416;;164,00
VR;16416;FENOTRIX 300 SC;453,00
VR;16417;;158,00
VR;16420;EXPEDIENT 10 EC;116,00
VR;16423;CORDOBA;44,00
VR;16431;PREVICUR ENERGY ORTO PFnPE;0,30
VR;16431;PREVICUR ENERGY ORTO PFnPE PFnPE;0,75
VR;16434;OLIOCIN NATRIA;26,00
VR;16434;OLIOCIN NATRIA PFnPE;38,50
VR;16438;;140,50
VR;16438;VELUM PRIME;375,50
VR;16443;;738,00
VR;16443;DOPPLER;8,00
VR;16444;DIXIE MAIS;219,60
VR;16457;;13.940,00
VR;16457;POLTIGLIA 20 WG GREEN;13.375,00
VR;16458;OSSICLOR 30 GREEN;590,00
VR;16459;SOLEIL 50 WG;1.153,00
VR;16460;;7.308,00
VR;16460;VELIERO 500 EC;1.419,00
VR;16461;CENTURION 240 EC;124,00
VR;16462;;1,80
VR;16465;;8,25
VR;16465;HARASS 75 WG;0,10
VR;16474;;0,20
VR;16474;MATSUDA 25 WG;6,70
VR;16480;;5.472,00
VR;16480;3LOGY;4.072,00
VR;16480;3LOGY PFnPE;0,75
VR;16481;;1.893,90
VR;16485;;65,00
VR;16485;ROMULAN;92,00
VR;16486;;1,00
VR;16486;RAGTIME 250;5,00
VR;16490;GEMINI GEO;2.910,00
VR;16492;;160,00
VR;16492;VASCO;283,00
VR;16494;GULP MAX;16,00
VR;16495;FLINT ORTO;2,20
VR;16495;FLINT ORTO PFnPE;0,30
VR;16497;;6,60
VR;16497;DECIS PROTECT EW;42,00
VR;16497;DECIS PROTECT EW PFnPE;44,00
VR;16498;;348,00
VR;16498;CETUS 360 CS;117,00
VR;16506;FORZANET 75;31,92
VR;16509;IBISCO;122,00
VR;16513;AZOCIP;55,00
VR;16515;ERIBEA 50 EC;137,00
VR;16517;KISHAR;170,00
VR;16519;REMBO' 10 EC;55,00
VR;16527;;98,00
VR;16527;TELLUS WP;37,00
VR;16532;ROSBAY;83,80
VR;16534;;260,00
VR;16536;;345,00
VR;16538;;1.610,00
VR;16538;KITAMBA;1.120,00
VR;16545;COPRANTOL HI BIO 2.0;590,00
VR;16547;SOLICITOR 400 SC;88,00
VR;16557;AKUNA;250,00
VR;16558;;145,50
VR;16562;;20.260,00
VR;16562;DELAN PRO;5.840,00
VR;16564;;2.080,00
VR;16564;MEXIRAM TRI HI BIO;5.896,00
VR;16565;;1,00
VR;16565;EXECUTIVE GOLD;5,80
VR;16566;KUPPER 20 WG;1.270,00
VR;16567;;32.029,00
VR;16567;TRICOPPERLAND;910,00
VR;16569;ASTREL WDG;191,00
VR;16570;;54,00
VR;16570;SENCOR 600 SC;69,00
VR;16572;DAKOFAKA;4.100,00
VR;16573;DELTACOM;22,00
VR;16575;TRIMMER 50 WG;0,70
VR;16577;;33,00
VR;16577;U46 COMBI DUO;449,00
VR;16578;MELODY COMPACT WG;40,00
VR;16580;VIPER ON;285,00
VR;16585;PENDICOL 33 EC;80,00
VR;16615;;130,00
VR;16615;RUFAST ADVANCE;28,00
VR;16616;;588,00
VR;16616;VALLEY;423,00
VR;16630;NATUREN LIMEX PFnPE;56,25
VR;16632;;90,00
VR;16632;LUNA SENSATION;303,00
VR;16635;;100,00
VR;16641;RINIDI;24,00
VR;16647;TAG PRO;60,00
VR;16654;;19,50
VR;16654;POLYVERSUM;180,20
VR;16654;POLYVERSUM PFnPE;2,40
VR;16658;;112,00
VR;16658;DAGONIS;535,00
VR;16660;ACTLET C;250,00
VR;16690;;1.271,50
VR;16690;KESTREL;1.176,00
VR;16690;KESTRTEL;12,00
VR;16699;;16,00
VR;16699;RIMURON;6,50
VR;16701;;3,00
VR;16701;PLAZA;22,90
VR;16703;;2.819,00
VR;16703;SPADA 50 WG;1.997,00
VR;16709;;9,00
VR;16732;;31,00
VR;16732;TUSAL;179,00
VR;16737;PISON;2.056,00
VR;16740;RED FOX;600,00
VR;16742;NEMGUARD SC;53,00
VR;16744;JOYSTICK;7,40
VR;16754;SIMBA;24,00
VR;16772;AMYLO X LC;78,00
VR;16773;PROFILUX;1.500,00
VR;16776;;51,00
VR;16776;ASSET FIVE;412,00
VR;16777;SPOLEN 2.0;2.621,00
VR;16778;EVORELLE EXPRESS;3,75
VR;16779;;760,00
VR;16779;TONALE;4.888,00
VR;16780;;160,00
VR;16780;SERENADE ASO;60,00
VR;16781;;292,00
VR;16781;CYMBAL 35 WG;783,00
VR;16785;JOGG;19,80
VR;16787;;125.017,00
VR;16787;CLINIC ST;12.611,00
VR;16789;;135,00
VR;16789;TESSIOR;110,00
VR;16790;;4.140,00
VR;16790;NORDOX ENERGY;2.615,00
VR;16792;PROFILE PLUS;121,50
VR;16793;NIMBUS 250 EC;906,00
VR;16797;DEMETRINA 25 EC;25,00
VR;16799;ALEXIN 75 LS;32,00
VR;16800;AMADEUS SX;12,15
VR;16802;;3,00
VR;16802;ZYPAR;692,00
VR;16819;NATUR BREAKER;15,00
VR;16820;;4.914,00
VR;16829;;2.682,00
VR;16830;FANDANGO 360 TF;4.565,00
VR;16831;GLIFENE BIOGRADE;780,00
VR;16831;GLIFENE BIOGRADE PFnPE;129,50
VR;16833;;700,00
VR;16833;PANTOX 360 SUPER;990,00
VR;16833;PANTOX 360 SUPER PFnPE;167,00
VR;16835;RAVANE PLUS 100 CS;40,00
VR;16836;STALLION IT SYNC;344,00
VR;16841;;21.190,00
VR;16842;;30,00
VR;16842;CUPRAVIT BIO ADVANCED;2.861,00
VR;16843;;20.824,00
VR;16843;COPPERLAND NEW;2.680,00
VR;16847;;3,50
VR;16847;CIRCUS  WG;6,00
VR;16857;SHORTTRACK;14,00
VR;16867;GLISTER STAR;1.966,00
VR;16874;;110,00
VR;16886;;847,97
VR;16886;CLOSER;657,43
VR;16886;CLOSER PFNPE;1,58
VR;16890;WEEDMASTER 540;725,00
VR;16895;;15,30
VR;16895;ZORVEC ENICADE;36,45
VR;16896;;1.098,60
VR;16896;ZORVEC ZELAVIN;1.544,48
VR;16897;;10,00
VR;16901;BELOUKHA GARDEN;5,80
VR;16901;BELOUKHA GARDEN da 200ml;2,40
VR;16904;;715,00
VR;16904;KIDEKA 100 SC;553,00
VR;16917;LOGRADO PLUS;2.100,00
VR;16921;PROBEL 1,8;357,00
VR;16922;ABINE;93,00
VR;16924;ALIAS DG;30,00
VR;16925;WISH TOP;498,00
VR;16926;FILDER 69 WG;50,00
VR;16935;VERDRAM IDRO HI BIO;1.000,00
VR;16939;SARUMO;699,00
VR;16945;;1.992,60
VR;16945;SERCADIS;653,70
VR;16951;;40,00
VR;16951;ESQUIVE WP;19,00
VR;16952;;490,00
VR;16952;DIRIMAL;545,00
VR;16954;;61,20
VR;16954;MOONLIGHT;73,80
VR;16959;DENEB 75 DG;3.234,00
VR;16962;AMPERA;35,00
VR;16966;BILO 50 GR;33,00
VR;16967;CLINIC UP;60,00
VR;16976;;6.790,00
VR;16976;VITIKAPPA;990,00
VR;16991;;860,00
VR;16991;ROSATE 360 TF;41.100,00
VR;17006;;33,00
VR;17006;MONCUT;162,00
VR;17007;;205,00
VR;17007;ERADICOAT;620,00
VR;17010;TIXAL TRI;70,00
VR;17014;;174,00
VR;17014;DELEGATE WDG;216,10
VR;17018;;710,00
VR;17018;GEOTOX 5 C;7.744,25
VR;17020;NORIOS;43,00
VR;17024;;1.472,00
VR;17024;SILBOT R WG;140,00
VR;17058;;1.295,00
VR;17058;ROMEO;662,00
VR;17059;;0,05
VR;17059;VINTEC;18,20
VR;17060;DERBY;15,00
VR;17065;KAURITIL ULTRA WG;1.635,00
VR;17069;;145,00
VR;17069;TIOVIT L;2.175,00
VR;17071;TOPAS 33 SC;15,00
VR;17072;;4.034,00
VR;17072;DIREX 50 GR;6.306,00
VR;17072;DIREX 50 GR PFnPE;805,10
VR;17074;OMES 50 GR;960,00
VR;17075;;3.380,67
VR;17075;MOVIDA;3.364,38
VR;17076;;178,00
VR;17076;GAZELLE;502,00
VR;17077;FIDELITY;36,50
VR;17078;;1.316,00
VR;17078;QUANTUM L;572,00
VR;17079;;2.070,00
VR;17079;FORCE EVO;4.000,00
VR;17081;CUPROSSIL IDRO NEW 20 WG;2.990,00
VR;17087;FOLDIM;15,00
VR;17091;;5.330,00
VR;17091;CHAMP 20 WG;2.460,00
VR;17092;;20,00
VR;17092;FAXER EC;5,00
VR;17093;MOSAIKO MICRO FLOW;3.240,00
VR;17094;;519,00
VR;17094;ACTIVUS EKO;1.028,00
VR;17099;;12,00
VR;17099;ZAKEO 250 SC;398,00
VR;17107;;257,00
VR;17107;SPYRIT 50 SC;341,00
VR;17108;;36,00
VR;17108;FEUDO 500 SC;437,00
VR;17111;;105,00
VR;17111;FLOVINE;861,00
VR;17112;;46,00
VR;17112;DIFCOR;85,00
VR;17115;ZETROLA;561,00
VR;17116;ACTIVUS ME;158,00
VR;17117;;1.346,00
VR;17117;MITOR;64,00
VR;17118;;20,50
VR;17118;BIOACT PRIME DC;18,00
VR;17123;;20,00
VR;17125;;1,00
VR;17125;LOCK UP;16,00
VR;17129;COSAVET FLOW;2.000,00
VR;17137;;100,00
VR;17140;POMAX SC;40,00
VR;17141;;340,00
VR;17141;SELECTRUM;770,00
VR;17147;PEDIMENT;2,00
VR;17168;;80,00
VR;17168;VERDRAM TRI HI BIO;3.600,00
VR;17178;TOTAL GREEN L;97,00
VR;17184;NEPTUNE 40 SC;360,00
VR;17188;;200,00
VR;17195;MAIZIUM;53,28
VR;17203;RADICAL MASSO;170,00
VR;17205;CIDIAL;43,00
VR;17236;GALILEO STAR;156,00
VR;17261;POKER GEO;2.430,00
VR;17264;ZOLFO LIQUIDO 80 SC;1.590,00
VR;17265;FILDER 500 SC;75,00
VR;17266;DELTAKILL EC;66,00
VR;17266;DELTAKILL EC PF;36,00
VR;17268;;116,00
VR;17268;KUKI 70;10,00
VR;17272;SERIFEL;103,00
VR;17275;NOTO CLASS;472,00
VR;17276;SKIANTO PRIME;55,00
VR;17281;PETALIN;40,00
VR;17282;NEMASOL 10L;170,00
VR;17285;;204,00
VR;17285;COSMOS 440 EC;603,00
VR;17295;IMPERO 18 EC;784,00
VR;17298;MARQUIS;8,00
VR;17299;IMPROVE;1.000,00
VR;17311;VINIFOL WDG;5,00
VR;17315;WINCH;140,00
VR;17317;NABUCCO;66,00
VR;17323;CONTENDER 800;37,00
VR;17326;;48,00
VR;17337;;7.924,00
VR;17337;VANGUARD;10,00
VR;17340;APHOX 50;115,50
VR;17344;;29,00
VR;17345;ARPEL WG;245,00
VR;17346;;20,00
VR;17346;EXOSET 240 EC;264,00
VR;17360;;40,00
VR;17360;MAGO;4.145,00
VR;17361;;12.505,00
VR;17361;D-D SOIL XI;54.100,00
VR;17362;DIGEO XI;321.880,00
VR;17363;;159.480,00
VR;17363;GEOCLEAN NEMA;410,00
VR;17364;TELONE II 2019;6.860,00
VR;17367;CYPRONIL;20,00
VR;17368;ALETIL DF;184,00
VR;17372;COPRANTOL 30 WG;10,00
VR;17375;;480,00
VR;17378;GACHINKO;57,60
VR;17416;;18,00
VR;17416;EXALT 2019;142,00
VR;17424;;5.037,50
VR;17424;AF-X1 2019;10.953,50
VR;17429;BENEVIA 2019;59,00
VR;17430;;112,00
VR;17430;EXIREL 2019;141,00
VR;17431;VERIMARK 2019;37,00
;;;
