Provincia di vendita,N. Reg. , Prodotto fitosanitario venduto*,"Quantità 
(Kg o litri)"
BL,13,THIOPRON,30
BL,1850,IDRORAME FLOW,20
BL,2259,PASTA LUMACHICIDA IN GRANI,75
BL,2260,GASTROTOX E,120
BL,2291,ESCA REGINA N,40
BL,2307,VECTOR,88
BL,2923,TIOVIT JET,23
BL,3102,OLEOTER,7
BL,3486,TRISCABOL DG,5
BL,3503,AGRUMIN,10
BL,4701,PIRIMOR 50,10
BL,4710,ALIETTE,2
BL,6136,GERMON L,0.2
BL,6322,OBSTHORMON 24A,5
BL,6437,ETHREL,5
BL,7368,TURFENE L,1
BL,7736,ZOLFO SCORREVOLE TRIVENTILATO 95% S,25
BL,7764,TIOLENE,298
BL,7916,POLYRAM DF,2
BL,7930,KERB FLO,1
BL,8601,FOLPAN 80 WDG,20
BL,8735,TREBON UP,2
BL,8801,SCORE 25 EC,14.25
BL,8934,SCALA,1
BL,9005,AGIL,40
BL,9126,CONCORDE COMBI,1
BL,9210,QUADRIS,8
BL,9422,EVADE,6.75
BL,9448,RIFLE 3-18 R BLU,15
BL,9449,EMERALD COMBI,6
BL,9578,SWITCH,4
BL,9954,JOKER,436
BL,10029,KING,10
BL,10117,STRATOS ULTRA,1
BL,10161,ORTIVA,7
BL,10305,OIKOS,0.5
BL,10306,MISTRAL,20
BL,10585,SULCOTREK,30
BL,10701,CUMETA FLOW,31
BL,10734,DUAL GOLD,89
BL,10735,PRIMAGRAM GOLD,6
BL,10771,MOST MICRO,37
BL,10890,FLiPPER,0.4
BL,10976,METEOR,18
BL,11070,TIOGOLD DISPERSS,330
BL,11102,HELIOSOUFRE S,10
BL,11119,FLINT,0.5
BL,11133,SHELTER,10.5
BL,11206,CODACIDE,25
BL,11243,LEOPARD 5 EC,8
BL,11341,STARANE GOLD,17
BL,11449,GARDOPRIM GOLD,70
BL,11693,LASER,0.5
BL,11760,POLITHIOL,20
BL,11779,KOP-TWIN,30
BL,11999,BUSSOLA WG NC,80
BL,12020,SUCCESS,0.1
BL,12078,METALIM,27
BL,12096,POLTIGLIA DISPERSS,60
BL,12170,HELIOCUIVRE,10
BL,12323,VEBIZOLFO WG,5
BL,12381,NU-FILM-P,6
BL,12437,DELAN 70 WG,120
BL,12482,LUMAX,50
BL,12534,FOXTAIL,1.25
BL,12590,DIASTAR MAXI,160
BL,12671,HARMONY 50 SX,0.5
BL,12738,KING 360 HP,43
BL,12748,GRIFON PIU',20
BL,12756,DICOTEX,1
BL,12759,OSSICLOR 35 WG,18
BL,12862,CANTUS,1
BL,12940,KARATE ZEON 1.5,2.5
BL,13012,FOLVIT 80 WDG,52
BL,13098,ROUNDUP POWER 2.0,20
BL,13149,POLTIGLIA MANICA 20 WG,15
BL,13150,CURAME 25 WG,9
BL,13158,REMEDIER,2
BL,13168,LAUDIS,1
BL,13213,R6 ERRESEI ALBIS,7
BL,13242,NICOGAN V.O.,8
BL,13244,ZOLFO VENTILATO STELLA,5
BL,13252,PLAYER 250 SC,1
BL,13253,PLAYER SC,19
BL,13327,GRANSTAR ULTRA SX,0.25
BL,13382,PERGADO SC,15
BL,13389,AFFIRM,7
BL,13466,SPOTLIGHT PLUS,5
BL,13716,CAPTAN ARVESTA 80 WG,100
BL,13771,NIMROD 250 EW,12
BL,13809,FORCE ULTRA,5670
BL,13838,XEDAVIR,0.25
BL,13888,FANTIC F NC WG,5
BL,13981,CORAGEN,5
BL,14058,FEINZIN 70 DF,32
BL,14154,PIRETRO ACTIGREEN,31
BL,14165,NANDO MAXI,122
BL,14262,GREENEX NF,1
BL,14390,BOOM EFEKT,60
BL,14407,RUNWAY,5
BL,14479,SCHERMO 0.5 G,15
BL,14636,BIOLID UP,13.8
BL,14642,RIDOMIL GOLD R WG,47
BL,14737,ROUNDUP PLATINUM,184
BL,14812,ENERVIN TOP,5
BL,14879,LONTREL 72 SG,0.3
BL,14891,TRICO,31
BL,15013,NATRIA LUMACHICIDA,238
BL,15013,NATRIA LUMACHICIDA 1kg,28
BL,15013,NATRIA LUMACHICIDA 500g,20
BL,15023,DERREX,20
BL,15058,PRINCIPAL MAIS,16.72
BL,15059,DECIS EVO,13
BL,15096,GLIPHOGAN TOP CL,39.5
BL,15142,ALCANCE SYNC TEC,225
BL,15149,COSAVET DF EDGE,25
BL,15201,FLOXY 400 SC,2
BL,15213,DEMETRINA FLOW,0.85
BL,15233,DALET TRIO,17
BL,15253,FALCON MK,42
BL,15263,DYNALI,4
BL,15264,ENERVIN SC,24
BL,15265,PROMAN FLOW,41
BL,15317,SESTO GOLD,4
BL,15326,CUPROTEK DISPERSS,30
BL,15331,ZEFIR 25 WDG,1
BL,15363,MEDEIRO 80 WG ADVANCE,4
BL,15401,TAIFUN MK CL,130
BL,15449,CIDELY,7
BL,15505,SILBOT 500 SC,2
BL,15514,CUPRAVIT BLU 35 WG,8
BL,15543,LUMACHICIDA FER PFNPE,450.5
BL,15553,REGALIS PLUS,15
BL,15612,SEMPRA,0.45
BL,15635,ADENGO XTRA,344.5
BL,15712,SATELITE,610
BL,15901,ERCOLE,301
BL,15930,TOMIRIS 125 EW,4
BL,15990,SCIROCCO 125 EW,1
BL,16055,KENPYR,1.2
BL,16197,COPPERFIELD 17 WG,90
BL,16273,SIVANTO PRIME,10
BL,16315,RADAR HP,8.15
BL,16325,EPIK SL,66.5
BL,16335,LIETO SC,62
BL,16379,PREV-AM PLUS,23
BL,16381,CALLICORE,45
BL,16403,CAPITAL SH,25
BL,16416,FENOTRIX 300 SC,1
BL,16422,SPIROSTAR,5
BL,16425,LASER 120 SC,2
BL,16474,MATSUDA 25 WG,1
BL,16480,3LOGY,24
BL,16481,CALLISTO 480,57.6
BL,16509,IBISCO,2
BL,16562,DELAN PRO,10
BL,16565,EXECUTIVE GOLD,0.2
BL,16596,SANIUM SL25 PFNPE,1.38
BL,16598,SANIUM AL PFNPE,72.8
BL,16599,SANIUM AL PFnPO,0.16
BL,16609,SAVIAL FORTE,30
BL,16618,COLZA POWER PFNPE,7.83
BL,16630,NATUREN LIMEX PFNPE,1255.5
BL,16663,ACTLET F,30
BL,16667,REVOLUTION,2
BL,16690,KESTREL,6
BL,16774,ISOMATE C LR MAX TT,6
BL,16790,NORDOX ENERGY,5
BL,16792,PROFILE PLUS,6
BL,16831,GLIFENE BIOGRADE,60
BL,16886,CLOSER,9
BL,16915,ALEAVI PFnPO,2.4
BL,16945,SERCADIS,12.4
BL,16946,DARAMUN,13
BL,16957,ZORVEC VINABRIA,9
BL,17038,TUAREG NEW,227
BL,17058,ROMEO,4.5
BL,17075,MOVIDA,0.7
BL,17078,QUANTUM L,1
BL,17107,SPYRIT 50 SC,5
BL,17116,ACTIVUS ME,2
BL,17211,GENKOTSU,3
BL,17217,ARMICARB SPRAY PFNPE,117.75
BL,17296,TARLYS,9
BL,17317,NABUCCO,2
BL,17323,CONTENDER 800,30
BL,17360,MAGO,11
BL,17377,REFINE SX,0.03
BL,17422,ENVITA SC,4
BL,17435,RIDOMIL GOLD COMBI WG,18
BL,17454,ENCARIT,192
BL,17665,PYRUS PRO,1
BL,17826,DOMARK 125 PLUS,13
BL,17920,GHIBLI TM,440
BL,18001,MIKONOS,5
BL,18003,CUNEB,2.5
BL,18137,REVYSION,27
BL,18139,IRONITE PFNPE,131
BL,18181,UNIVOQ,11
BL,18213,BACILLUS CHEMIA PFNPE,11.89
BL,18216,VITIKAPPA PFNPE,26.2
BL,18222,FERRAMOL PFNPE,628
BL,18222,FERRAMOL PFNPE 1kg,252
BL,18222,FERRAMOL PFNPE 500g,36
BL,18223,NATRIA LUMACHICIDA PFNPE,695.5
BL,18229,BAC MK PFNPE,0.9
BL,18232,BORDOFLOW NEW PFNPE,12.8
BL,18235,CIOPPER PFNPE,25
BL,18239,FLIPPER PFNPE,11.55
BL,18241,IDRORAME FLOW PFNPE,26
BL,18242,LEPINOX PLUS PFNPE,3.18
BL,18244,MOMENTUM PFNPE,0.72
BL,18245,POLTIGLIA MANICA 20 WG PFNPE,112.5
BL,18248,SULGRAN DF PFNPE,1.5
BL,18251,TIOLENE PFNPE,23
BL,18253,VERDERAME 20 WG PFNPE,134
BL,18257,3LOGY PFNPE,0.04
BL,18259,BARBARIAN BIOGRADE 360 PFNPE,1126.5
BL,18261,BARCLAY GALLUP BIOGRADE 360 PFNPE,86
BL,18263,BIOLID UP PFNPE,55.5
BL,18267,CONTENDER 80 WG PFNPE,2.8
BL,18269,GLIFENE BIOGRADE PFNPE,255.5
BL,18270,GLIPHOGAN TOP CL PFNPE,406.5
BL,18279,TAIFUN MK CL PFNPE,39.5
BL,18282,TRUSTEE 450 PFNPE,18
BL,18284,WANAX PFNPE,0.5
BL,18292,YUKON,20
BL,18318,PRINCIPAL FORTE,4.8
BL,18720,U46 D-MAX,50.5
PD,13,,6780
PD,13,THIOPRON,44532
PD,133,U 46 D-FLUID,34
PD,206,ALBENE,9
PD,362,,2
PD,362,TREND 90,14
PD,599,ACUPRICO 76 WG,330
PD,909,,3725
PD,909,POLISOLFURO DI CALCIO POLISENIO,815
PD,1155,,6
PD,1156,,591
PD,1156,CHEMOL,5227
PD,1562,,138
PD,1573,,120
PD,1583,,2400
PD,1583,MICROTHIOL DISPERSS,59625
PD,1583,MICROTHIOL DISPRESS 15 KG.,180
PD,1850,IDRORAME FLOW,136
PD,1903,SULFURENE,150
PD,1936,,60
PD,1936,LIQUIZOL M,211
PD,2191,,36
PD,2191,WETTING PLUS,95
PD,2259,,55
PD,2259,PASTA LUMACHICIDA IN GRANI,25
PD,2260,,128
PD,2260,GASTROTOX E,247
PD,2291,ESCA REGINA N,77
PD,2307,,233
PD,2307,VECTOR,1435
PD,2518,ACTELLIC 2/P,6
PD,2603,ESCACIDE,10
PD,2732,,1542
PD,2732,GOLTIX,1241
PD,2923,,6858
PD,2923,TIOVIT JET,5277
PD,2934,MICROSOL 90,5
PD,2995,,2
PD,3102,,250
PD,3102,OLEOTER,231
PD,3182,,26
PD,3343,,117
PD,3343,U46 M CLASS,89
PD,3412,,18
PD,3412,SYLLIT 65,29
PD,3486,TRISCABOL DG,45
PD,3503,AGRUMIN,204
PD,3519,,29
PD,3519,METAMBANE,85
PD,3553,CURZATE,66
PD,3640,,180
PD,3640,CUPRAVIT DUO,10
PD,3640,CUPROSTAR,12
PD,3767,,199
PD,3767,FENOXILENE 200,1382
PD,3817,,66
PD,3817,DISERBONE KN,32
PD,4264,VIC 400 SC,51
PD,4701,,33
PD,4701,PIRIMOR 50,32
PD,4710,,287
PD,4710,ALIETTE,665.25
PD,5152,,1140
PD,5152,TIOSPOR WG,1018
PD,5292,FIXORMON,10
PD,5574,LUMAKIDIN 5G,170
PD,5796,GARLON,2
PD,6136,GERMON L,62
PD,6321,,21
PD,6322,,12
PD,6322,OBSTHORMON 24A,2
PD,6437,ETHREL,26
PD,6555,K-OBIOL ULV 6,21380.3
PD,6556,,47
PD,6556,K-OBIOL DP2,67
PD,6557,,4
PD,6557,K-OBIOL EC 25,5286.64
PD,6771,,1015
PD,6873,,10
PD,6873,IDRORAME 193,970
PD,6945,,38
PD,6945,TOPAS 10 EC,184
PD,6956,TARGA FLO,41
PD,7020,BAGNANTE CIFO,131
PD,7053,PASTA CAFFARO NC,633
PD,7055,PASTA CAFFARO BLU,99.5
PD,7368,TURFENE L,55
PD,7379,,18.5
PD,7379,VENZAR,28.5
PD,7401,POLTIGLIA CAFFARO 20 DF NEW,31
PD,7483,,36
PD,7483,DEVRINOL F,65
PD,7530,BIOLID E,6
PD,7534,ROYAL MH,20
PD,7541,APOLLO SC,1
PD,7541,APOLLO SC 50 ml,0.5
PD,7644,TENSIL,898
PD,7700,,30.6
PD,7700,MATACAR FL,25
PD,7736,,125
PD,7736,ZOLFO SCORREVOLE TRIVENTILATO 95% S,6825
PD,7737,,325
PD,7764,,20
PD,7764,TIOLENE,130
PD,7876,,3
PD,7911,AIRONE EXTRA,110
PD,7916,,3439
PD,7916,POLYRAM DF,10038
PD,7919,,4700
PD,7919,TOUCHDOWN,4214
PD,7922,OPALENE FLUID,57
PD,7930,,393
PD,7930,KERB FLO,620
PD,7961,,9
PD,8023,SUMIALFA ECHO,194
PD,8028,,511
PD,8102,,643
PD,8102,MERPAN 80 WDG,2270
PD,8139,MANTA GOLD,21
PD,8146,,71.5
PD,8146,GALLERY,91
PD,8184,,269
PD,8184,CHALLENGE,761
PD,8189,,5780
PD,8189,LEBRON 0.5 G,330
PD,8229,BOLAS SC,12
PD,8259,,25
PD,8259,LAMDEX EXTRA,1204
PD,8376,,384
PD,8376,ARIANE II,330
PD,8498,,24
PD,8498,FOLICUR WG,323.5
PD,8542,FORUM 50 WP,36
PD,8546,,58
PD,8546,DANITRON,11
PD,8558,PIRETRO VERDE,37
PD,8581,,36
PD,8581,FOLIANE SC,41
PD,8599,,508
PD,8601,,304
PD,8601,FOLPAN 80 WDG,15007
PD,8617,,15
PD,8617,BANVEL 480 S,53
PD,8656,GLIFENE HP,40
PD,8706,,8
PD,8706,AMID THIN W,14
PD,8712,,3
PD,8712,ALLEGANTE 4% AF 96,3
PD,8735,,410
PD,8735,TREBON UP,720
PD,8795,,10
PD,8795,VERTIMEC EC,47.75
PD,8801,,27.75
PD,8801,SCORE 25 EC,434.5
PD,8836,,8
PD,8836,MIMIC,68
PD,8837,GERMON BEWURZELUNGSPUDER PER TALEE ,0.5
PD,8838,,2
PD,8874,,446
PD,8874,ETOFUM - FL,68
PD,8886,,203.76
PD,8886,SAFARI,16.32
PD,8888,PRIDE ULTRA,3
PD,8899,ZOLFO VENTILATO RAMATO 5%,550
PD,8929,,22
PD,8929,TOPIK 240 EC,269.5
PD,8933,SOLEAS,5
PD,8934,,10
PD,8934,SCALA,47.5
PD,8937,SHIRUDO,4
PD,9005,,759
PD,9005,AGIL,2381
PD,9012,CUPROCAFFARO MICRO,1634
PD,9041,,21580
PD,9061,,14
PD,9061,PANTOPUR MC,22
PD,9210,,11
PD,9210,QUADRIS,704
PD,9244,,480
PD,9244,ZIRAMIT 76 WG,720
PD,9267,ROYALTAC N,20
PD,9306,PROPLANT,20
PD,9373,,18
PD,9373,CHORUS,41
PD,9411,,6
PD,9422,,312
PD,9422,EVADE,981.5
PD,9422,EVADE 1 L,19
PD,9448,RIFLE 3-18 R BLU,426
PD,9449,EMERALD COMBI,16
PD,9509,PROMALIN NT,21
PD,9569,ZETARAM 3B FL,414
PD,9575,,25
PD,9575,DRIBBLING 240 EC,10
PD,9578,,154
PD,9578,SWITCH,806.25
PD,9599,,10
PD,9599,CAPITOL,270
PD,9612,OSSICLOR 30,7
PD,9627,SOLUTION 20 DISPERSS,2830
PD,9631,METRIN EC,31
PD,9679,,8
PD,9679,KRISTAL 32 WG,218
PD,9695,,3
PD,9705,,69
PD,9705,PREVITER,75
PD,9723,,170
PD,9723,DE-SPROUT N,160
PD,9724,TIOWETTING DF,4159
PD,9757,,95
PD,9757,SPYRALE,96
PD,9790,,147
PD,9790,CONTATTO 320,35
PD,9800,,179.2
PD,9800,MAVRIK SMART,715.05
PD,9809,MALVIN 80 WG,1
PD,9843,,402
PD,9843,BASAGRAN SG,609
PD,9872,AKRIS,60
PD,9954,,1491
PD,9954,JOKER,2348.94
PD,10048,KUMULUS TECNO,1225
PD,10117,,1350
PD,10117,STRATOS ULTRA,1063
PD,10118,,141
PD,10118,AMISTAR,134
PD,10142,VERNOIL,40
PD,10161,,54
PD,10161,ORTIVA,143
PD,10175,SPORAMIL R FLOW,287
PD,10220,,1
PD,10220,DICOPUR COMBI,2
PD,10224,,10
PD,10224,EMME-H,20
PD,10226,NOXIS M,2
PD,10230,LUMAPLUS,1.5
PD,10296,,10
PD,10305,,13
PD,10305,OIKOS,55
PD,10306,MISTRAL,581
PD,10350,,123
PD,10350,BLAST SG,603
PD,10357,RIGRON SG,6
PD,10381,,193
PD,10381,CONCORDE 40 EW 1 L,1
PD,10415,,2.5
PD,10415,ARIC 480 L.S.,12.5
PD,10423,LUMACHICIDA VEBI,312
PD,10439,,2
PD,10439,SPRAY DUNGER GLOBAL,11
PD,10440,EXPANDER,24
PD,10461,DICOTURF,0.5
PD,10461,DICOTURF 500 ml,5.5
PD,10479,,99
PD,10479,NATURALIS,202
PD,10560,PIRETRO NATURA,1
PD,10573,,151
PD,10573,KOCIDE 2000,6742
PD,10573,KOCIDE 2000 KG. 10,170
PD,10577,,992
PD,10577,METRIPHAR 70 WG,704.5
PD,10585,,65
PD,10585,SULCOTREK,490
PD,10588,BIOPIREN PLUS,1
PD,10604,,1.25
PD,10604,EMERALD 40 EW,269
PD,10604,EMERALD 40 EW 250 ml,2.5
PD,10627,FRUPICA,7
PD,10632,COBRE NORDOX SUPER 75 WG,326
PD,10671,CUAGRO HI BIO,100
PD,10701,,98.25
PD,10701,CUMETA FLOW,1675.5
PD,10734,,837
PD,10734,DUAL GOLD,2206
PD,10735,,492
PD,10735,PRIMAGRAM GOLD,1038
PD,10741,,83
PD,10741,METACINQUE,794
PD,10771,,956
PD,10771,MOST MICRO,2107
PD,10771,MOST MICRO 1 L,6
PD,10889,AGRIMIX GOLD,2
PD,10890,,25
PD,10890,FLiPPER,65.25
PD,10925,,5
PD,10926,,3
PD,10926,ALTOREX,27
PD,10929,,2.6
PD,10929,CHIKARA 25 WG,12.96
PD,10944,,138
PD,10944,KARATE ZEON,94.5
PD,10948,VITISAN WG,259.5
PD,10952,CARPOVIRUSINE PLUS,2
PD,10976,,248.1
PD,10976,METEOR,704
PD,10999,,562
PD,10999,BETANAL SE,133
PD,11011,,1815
PD,11011,DASH HC,2533
PD,11040,POLTIGLIA BORDOLESE DISPERSS BLU,40
PD,11059,BIOPOWER,156
PD,11062,,4.5
PD,11062,BION 50 WG,8.5
PD,11070,,30840
PD,11088,,55
PD,11088,BION MX,1
PD,11102,,120
PD,11102,HELIOSOUFRE S,60
PD,11107,ECO-TRAP CON. 100,1300
PD,11119,,2
PD,11119,FLINT,196.05
PD,11133,SHELTER,154.05
PD,11147,,117
PD,11165,,172
PD,11165,POLAK,10
PD,11183,PROGERBALIN LG,23
PD,11197,VITENE 45 WG,10
PD,11206,,697.5
PD,11206,CODACIDE,2119
PD,11243,,2108
PD,11243,LEOPARD 5 EC,8036
PD,11253,,249
PD,11253,CALLISTO,273
PD,11255,,1587
PD,11257,,1
PD,11257,COSTAR WG,25.5
PD,11258,,5
PD,11258,FAZOR STAR,120
PD,11303,,130
PD,11303,CHAMP DP,50
PD,11341,,44
PD,11341,STARANE GOLD,799
PD,11353,,464
PD,11353,FUSILADE MAX,393
PD,11379,,410
PD,11393,,162
PD,11393,BEETLE,244
PD,11402,MELODY COMBI,570
PD,11416,,2
PD,11416,OVIPRON TOP,60
PD,11435,FLORANET,84
PD,11449,,160
PD,11449,GARDOPRIM GOLD,90
PD,11479,BRANCHER DIRADO,147
PD,11497,,5
PD,11505,,21
PD,11505,READY GERMIPLUS,245
PD,11523,SEPRADINA 400 SC,1
PD,11525,FUNGIDINA 400 SC,17
PD,11526,,426
PD,11526,SULTAN,558
PD,11556,,0.02
PD,11561,,2
PD,11561,NEEMAZAL T/S,2
PD,11569,CUPROXAT S.D.I.,391
PD,11619,TIOFLOR WDG,11
PD,11637,,152
PD,11637,CUPROFIX C DISPERSS,660
PD,11642,PIKAR,1
PD,11649,,468.2
PD,11649,COMMAND 36 CS,544.8
PD,11660,SHOGUN,1
PD,11678,,1
PD,11678,ACTELLIC 2/P NEWPHARM,623
PD,11679,GIBERAL COMPRESSE,1.3
PD,11687,ACTELLIC 5 NEWPHARM,10380
PD,11690,,3
PD,11693,,40.5
PD,11693,LASER,31.25
PD,11735,DELICIA CONTRA-LUMACHE,1.8
PD,11760,,360
PD,11760,POLITHIOL,2560
PD,11767,BIG MAIS,19
PD,11779,KOP-TWIN,460
PD,11793,,150
PD,11793,XENTARI WG,3
PD,11793,XENTARI WG 500 g,0.5
PD,11794,,1
PD,11857,MIDAURIL COMBI,1115
PD,11872,RIFLE 3-18-R,2
PD,11926,NOIDIO GOLD 10 EC,1
PD,11944,,510
PD,11944,ASPECT,55
PD,11964,POLTIGLIA CAFFARO 20 GD,50
PD,11991,,6
PD,11991,NEEMIK TEN,66
PD,11999,,690
PD,11999,BUSSOLA WG NC,370
PD,12010,TUAREG,60
PD,12020,,0.25
PD,12020,SUCCESS,0.1
PD,12020,SUCCESS 50 ml,0.15
PD,12023,,258
PD,12037,,40
PD,12037,CAMIX,1005
PD,12041,,1012
PD,12041,MARTOS,66
PD,12043,,48
PD,12043,PREVICUR ENERGY,14
PD,12044,CURZATE SYSTEM,5
PD,12048,TIOSOL 80 WG,1080
PD,12068,,3020
PD,12068,TEFLUSTAR,2200
PD,12090,,990
PD,12096,,4845
PD,12096,POLTIGLIA DISPERSS,9680
PD,12106,,12
PD,12106,TALENDO,133
PD,12114,,1
PD,12114,AUXIGER LG,31
PD,12117,ENIFUL,7
PD,12133,,3
PD,12133,JUVINAL GOLD,29
PD,12170,,75
PD,12170,HELIOCUIVRE,640
PD,12172,FERRAMOL,41
PD,12225,,7.06
PD,12225,TEPPEKI,34.74
PD,12235,,1.8
PD,12285,FORUM GOLD,219
PD,12319,KRONOS,45
PD,12344,VEBITHRIN 5 EC,1.4
PD,12361,,0.4
PD,12361,ALGEDI,31.6
PD,12375,SUGAR 500 SC,51
PD,12376,FITAGIL,4
PD,12381,,7
PD,12381,NU-FILM-P,49
PD,12395,,140
PD,12395,CUTRIL TOP,100
PD,12437,,197
PD,12437,DELAN 70 WG,223
PD,12452,,249
PD,12452,EQUIP,385
PD,12453,,45
PD,12453,MILDICUT,254
PD,12461,FINALSAN ERBICIDA PROFESSIONAL,1
PD,12482,,2110
PD,12482,LUMAX,4467
PD,12504,FLOWBRIX,4
PD,12528,,101
PD,12528,CABRIO TOP,121
PD,12529,,8
PD,12529,TUCANA 25 EC,14
PD,12534,,73
PD,12534,FOXTAIL,221.25
PD,12534,FOXTAIL 250 ml,2.75
PD,12538,,66
PD,12540,,219
PD,12540,REGRAN EXTRA,4
PD,12548,XANILO 45 WG,88.5
PD,12566,,1
PD,12566,PYGANIC 1.4,17
PD,12590,,2020
PD,12590,DIASTAR MAXI,4150
PD,12622,,1
PD,12622,QUANTUM,72
PD,12628,SERENADE MAX,1
PD,12647,,122
PD,12647,GLITTER,241
PD,12661,NEXOL 10 WG,63
PD,12662,,410
PD,12671,,605.9
PD,12671,HARMONY 50 SX,48.44
PD,12671,HARMONY 50 SX gr.20,1
PD,12706,,0.15
PD,12722,,30
PD,12722,OSSICLOR 20 FLOW,611
PD,12737,AIRONE PIU',2440
PD,12738,KING 360 HP,240
PD,12748,,8
PD,12754,VERDRAM HI BIO,362
PD,12756,,22
PD,12756,DICOTEX,14
PD,12756,DICOTEX 1 L,5
PD,12759,OSSICLOR 35 WG,407.7
PD,12759,OSSICLOR 35 WG 1 KG.,5
PD,12761,AGRIMIX TOP,2
PD,12763,PYGRAIN,1834.9
PD,12768,,5
PD,12768,SPINTOR FLY,8
PD,12770,ALAR 85 GOLD,8
PD,12779,,13
PD,12788,ADIGOR,3
PD,12792,,576
PD,12792,MAGIC TANDEM,509
PD,12806,,103
PD,12806,FEDOR,720
PD,12828,SITOFEX,4
PD,12831,INSIGNIA,3
PD,12831,INSIGNIA 1 kg,1
PD,12833,ISOMATE C/OFM,0.19
PD,12843,,1.48
PD,12857,,12
PD,12857,PROREX,5.5
PD,12860,MILBEKNOCK,6
PD,12862,,50
PD,12862,CANTUS,139
PD,12863,FLORAMITE 240 SC,0.25
PD,12866,,24
PD,12866,COLLIS,26
PD,12868,,7
PD,12868,BELLIS,23
PD,12869,,97
PD,12869,SIGNUM,1302
PD,12869,SIGNUM 1 kg,1
PD,12878,,879
PD,12878,FOLPAN GOLD,12640
PD,12883,,156
PD,12883,PROSPER 300 CS,2375
PD,12886,,297
PD,12886,KARATHANE STAR,2657
PD,12886,KARATHANE STAR 1 LT,17
PD,12888,LEPINOX PLUS,10
PD,12888,LEPINOX PLUS 1 kg,2
PD,12904,,8
PD,12916,SACRON 45 W,744
PD,12933,,177
PD,12940,,380
PD,12940,KARATE ZEON 1.5,1015.5
PD,12949,,450
PD,12960,STARPROP,93
PD,12961,,210
PD,12961,HEREU,57
PD,12994,VIVER ELITE WG,0.5
PD,13012,,3763
PD,13012,FOLVIT 80 WDG,57
PD,13018,GONDOR,81
PD,13020,MICRORAM 35 WG,490
PD,13061,,168
PD,13061,BIOBIT DF,34
PD,13062,,13
PD,13063,,3
PD,13063,REGULEX 10 SG,0.2
PD,13064,,70
PD,13064,VITENE ULTRA SC,450
PD,13065,DOMARK 125,33
PD,13076,,5
PD,13084,,51
PD,13084,TELDOR PLUS,88
PD,13093,,678
PD,13093,STOMP AQUA,1567
PD,13098,,315
PD,13098,ROUNDUP POWER 2.0,6089
PD,13106,IKANOS,49
PD,13116,,2.5
PD,13116,MEDOR 35 CLASS,109
PD,13120,,560
PD,13120,MYSTIC 430 SC,15
PD,13126,,299
PD,13126,CABRIO DUO,928
PD,13127,VALIS F,50
PD,13149,,491
PD,13149,POLTIGLIA MANICA 20 WG,44
PD,13150,CURAME 25 WG,249
PD,13154,,207
PD,13154,MONDAK 480 S,173
PD,13158,,150
PD,13158,REMEDIER,364
PD,13160,,281
PD,13160,FORUM TOP,279
PD,13168,,949
PD,13168,LAUDIS,4273
PD,13179,PLAYER COMBI SC,7
PD,13205,,225
PD,13211,ZOLFO VENTILATO SCORREVOLE 96%,4075
PD,13213,,50
PD,13213,R6 ERRESEI ALBIS,69
PD,13218,,50
PD,13218,FINALSAN PLUS,1060
PD,13218,FINALSAN PLUS 10 L,30
PD,13225,AGRIDIF 250,6
PD,13236,BULLET,943
PD,13242,,1147
PD,13242,NICOGAN V.O.,2540
PD,13244,,350
PD,13244,ZOLFO VENTILATO SCORREVOLE KG.25,250
PD,13244,ZOLFO VENTILATO STELLA,2075
PD,13249,,50
PD,13249,ZOLFO VENTILATO STELLA RAMATO S,425
PD,13252,,30
PD,13252,PLAYER 250 SC,376
PD,13253,PLAYER SC,9
PD,13254,PLAYER 25 WG,477
PD,13255,PLAYER GR,73
PD,13285,,70
PD,13285,SEVERAL,1
PD,13290,,250
PD,13298,,5
PD,13298,QUANTUM F,10
PD,13311,DOMARK COMBI WG,8
PD,13313,,58
PD,13313,CASPER,98
PD,13323,SULFY 80 WDG,12.5
PD,13324,CUPRIZOL S,0.24
PD,13327,,19.15
PD,13327,GRANSTAR ULTRA SX,47.65
PD,13329,OMNEX 10 EC,83
PD,13356,AGRIZOLE,1
PD,13367,,51
PD,13367,DIVO,88.5
PD,13377,COLUMBUS,18
PD,13382,,329.5
PD,13382,PERGADO SC,861.5
PD,13386,,53
PD,13386,PROSARO,362
PD,13387,,10.07
PD,13387,FLORAMIX,111.3
PD,13388,,19.08
PD,13389,,1162
PD,13389,AFFIRM,1609
PD,13391,,392
PD,13391,CYTHRIN 50 EC,360.5
PD,13402,LUMA-KL,1
PD,13447,HELMSTAR 75 WG,2.8
PD,13451,SPARVIERO,74
PD,13455,,483
PD,13455,ANTIGRAM GOLD,3105
PD,13466,,139
PD,13466,SPOTLIGHT PLUS,419
PD,13471,,10
PD,13471,NICOZEA OD,38
PD,13472,ALIEN,33
PD,13485,,400
PD,13485,FOLPEC 80 WG ADVANCE,1374
PD,13486,JUDO,0.75
PD,13489,,293.5
PD,13489,CYMBAL,105
PD,13518,NISUS 3B,350
PD,13540,,100
PD,13540,QUASAR R FLOW,845
PD,13552,ZOLVIS 80 SECTOR,8133
PD,13560,,200
PD,13560,FORZA,14
PD,13576,,4
PD,13576,RAMEPLANT WG,16
PD,13578,RAME CAFFARO BLU WG NEW,346
PD,13579,,210
PD,13581,ZOLVIS OTTANTA WG,2750
PD,13586,VERDERAME 20 WG,40
PD,13592,,1
PD,13592,VOLARE,153
PD,13600,,7260
PD,13604,,600
PD,13635,POLTIGLIA 20 PB MANICA,226
PD,13637,,52
PD,13637,PERGADO F,317
PD,13689,,16
PD,13689,FLINT MAX,28
PD,13691,TRIDAN COMBI T,30
PD,13693,BACILLUS CHEMIA,70
PD,13698,,4
PD,13698,VIVANDO,142.25
PD,13700,ATLANTIS PRO,13.5
PD,13701,,69.6
PD,13711,,3773
PD,13714,,680
PD,13714,FOLPEC 50 SC,239
PD,13753,,7
PD,13753,GAL-GONE,1
PD,13763,,210
PD,13771,,121
PD,13771,NIMROD 250 EW,523
PD,13782,DOURO 10 WG,17
PD,13789,PRIMERO,58
PD,13792,,47
PD,13792,STABILAN,4
PD,13796,CELL,30
PD,13809,,84460
PD,13809,FORCE ULTRA,51153
PD,13817,,24
PD,13823,,25
PD,13823,ALVERDE,47.1
PD,13838,XEDAVIR,2.25
PD,13841,,9034
PD,13841,FOCUS ULTRA,7011
PD,13856,COPRANTOL TRIO,3
PD,13876,APACHE,115
PD,13888,,486
PD,13888,FANTIC F NC WG,1525
PD,13895,SAVIRAN STAR,965
PD,13905,,80
PD,13905,BANJO,132
PD,13925,,28
PD,13927,ZAMIR 18,45
PD,13981,,167
PD,13981,CORAGEN,201.9
PD,14018,BASIC,20
PD,14020,LIDAL,234
PD,14044,JOKER 480,515
PD,14058,,529.5
PD,14058,FEINZIN 70 DF,2013.5
PD,14062,,231
PD,14062,ZOXIUM 240 SC,997
PD,14100,KANEMITE,11
PD,14101,,98
PD,14101,CARAMBA,711
PD,14102,,10
PD,14102,BORDOFLOW NEW,6677
PD,14119,VISIR PENCOTECH,84
PD,14122,KATAR,5
PD,14135,GRENADIER 75 DF,0.09
PD,14136,,0.5
PD,14137,,10.7
PD,14137,ALTACOR,51.6
PD,14154,,5
PD,14155,,2740
PD,14156,CURZATE R WG,70
PD,14165,,109
PD,14165,NANDO MAXI,103
PD,14169,,10
PD,14178,,270
PD,14182,,100
PD,14182,ARES 25 WG,300
PD,14193,SARMOX 45 DG,151.5
PD,14195,,664
PD,14204,75A,36
PD,14210,,82
PD,14210,EVURE PRO,300
PD,14217,TENAX EW,24
PD,14245,,2
PD,14245,THIRAS,12.5
PD,14257,UNDERLINE 0.2 G,4.5
PD,14262,,23.98
PD,14262,GREENEX NF,84.02
PD,14262,GREENEX NF 250 ml,3
PD,14323,,8
PD,14348,AGRON R WG,12
PD,14375,,249
PD,14375,LION 5 EC,855
PD,14390,,165
PD,14390,BOOM EFEKT,3969
PD,14405,,10
PD,14405,MERLIN FLEXX,4
PD,14406,,38
PD,14406,LEIMAY,103.5
PD,14407,,32.94
PD,14407,RUNWAY,68.5
PD,14409,,379
PD,14409,MOVENTO 48 SC,835
PD,14414,,1
PD,14414,DUSTY,16.5
PD,14418,PULSAR 40 SL,242
PD,14431,,20
PD,14431,LENTAGRAN 45 WP,415
PD,14434,NUANCE,0.48
PD,14440,SOLAR 360,13261
PD,14479,,3190
PD,14479,SCHERMO 0.5 G,11085
PD,14533,GIBER GOBBI 20,0.05
PD,14547,BAC MK,40.5
PD,14577,FORUM R 3B,11
PD,14629,GAT TESSLA 25 WG,450
PD,14636,,1242
PD,14636,BIOLID UP,1674.3
PD,14642,,539
PD,14642,RIDOMIL GOLD R WG,2943
PD,14660,BTK 32 WG,20
PD,14664,,0.01
PD,14664,BERELEX 40 SG,1.44
PD,14683,,0.2
PD,14683,BERMERAX,1.4
PD,14686,KOCIDE OPTI,45
PD,14692,BUZZ ULTRA DF,8
PD,14697,,108
PD,14697,ENERVIN DUO,290
PD,14699,GEOXE,13
PD,14735,,22
PD,14735,RANMAN TOP,46.5
PD,14737,,4232
PD,14737,ROUNDUP PLATINUM,15771
PD,14737,ROUNDUP PLATINUM 1 L,12
PD,14737,ROUNDUP PLATINUM 5 L,45
PD,14759,SULCOCAP,2
PD,14764,,55
PD,14764,SLUXX HP,50
PD,14765,,212
PD,14765,ELUMIS,637
PD,14769,COMET 250 EC,319
PD,14785,DRISCOLL,4.2
PD,14794,AVALON SC,869
PD,14801,,9
PD,14812,,51
PD,14812,ENERVIN TOP,75
PD,14830,,280
PD,14830,CUPROFIX ULTRA DISPERSS,1200
PD,14837,TARTAN,440
PD,14838,BARCLAY GALLUP BIOGRADE 360,76
PD,14845,,30
PD,14846,,92
PD,14846,AVALON 250 EW,163
PD,14867,,4
PD,14867,SYNERO,3
PD,14872,,42.5
PD,14872,BELLIS DRUPACEE,25
PD,14876,,3
PD,14876,GRANDSTAND,44
PD,14879,,3.6
PD,14879,LONTREL 72 SG,4.2
PD,14884,,544
PD,14884,CORUM,5970
PD,14891,TRICO,5
PD,14897,,5
PD,14897,FLUROSTAR 200,16
PD,14918,,111
PD,14918,RIVIOR,199
PD,14935,,2459
PD,14935,TIMELINE TRIO,806
PD,14936,,6
PD,14936,AMPLIGO,621.5
PD,14938,DEDICATE,0.5
PD,14944,FLUXYR 200 EC,12
PD,14967,TIPTOR ULTRA,412
PD,14969,,480
PD,14972,,1
PD,14972,DICARZOL 50 SP,28
PD,14980,,63
PD,15005,FONTELIS,2
PD,15008,LBG - 01F34,4
PD,15013,,0.5
PD,15013,NATRIA LUMACHICIDA,38
PD,15039,,0.5
PD,15039,GAMIT 36 CS,6
PD,15047,R6 ERRESEI BORDEAUX WG,405
PD,15048,,3
PD,15048,INDOXAN 45 WDG,315
PD,15049,,4
PD,15049,MODDUS,193
PD,15051,,2545
PD,15051,KYLEO,1905
PD,15052,,5
PD,15052,KAIMO SORBIE,43.7
PD,15056,,645
PD,15056,TOMCATO,808
PD,15058,,11.88
PD,15058,PRINCIPAL MAIS,163.68
PD,15059,,639
PD,15059,DECIS EVO,1101.5
PD,15059,DECIS EVO 1 L,6
PD,15062,,310
PD,15062,PIRAMAX  EC,291
PD,15063,NIMBLE,5.4
PD,15071,EVOLUTION,96
PD,15083,AUDACE,73
PD,15084,DRUM,13
PD,15085,VITISAN 45 WG,0.5
PD,15089,MARKER DUO,65
PD,15096,,5
PD,15096,GLIPHOGAN TOP CL,1685.5
PD,15100,NECTAR PLUS,19
PD,15101,CIMORAM ULTRA WG,318
PD,15102,CURZATE ERRE EVO,93
PD,15111,MIRADOR SC,28
PD,15115,,1258
PD,15115,PROSPER 500 EC,238
PD,15120,,490
PD,15121,BIOCUPRO,130
PD,15122,,3
PD,15122,ACTELLIC 50 NEWPHARM,2792
PD,15125,,3
PD,15125,PROLECTUS,1
PD,15126,TALENDO EXTRA,22
PD,15127,,1
PD,15127,SANVINO,118
PD,15130,,55
PD,15130,INTREPID,178
PD,15142,,2618
PD,15142,ALCANCE SYNC TEC,2766
PD,15149,COSAVET DF EDGE,1785
PD,15177,,32
PD,15177,ROTATE PLUS DF,850
PD,15196,FOSBEL EXTRA,10
PD,15198,,52
PD,15198,AZBANY,39
PD,15199,,108
PD,15201,,43
PD,15201,FLOXY 400 SC,228
PD,15213,DEMETRINA FLOW,40.55
PD,15222,FOLICUR COMBI WG,2
PD,15223,PANTANI,81
PD,15229,,105
PD,15229,STOPPER P,40
PD,15233,DALET TRIO,972
PD,15235,,29.5
PD,15235,MOMENTUM,8
PD,15247,STOY,429
PD,15250,COPRANTOL DUO,5
PD,15251,,1031
PD,15251,AIRONE LIQUIDO,6650
PD,15251,AIRONE LIQUIDO DA 10 LT,70
PD,15253,,177
PD,15263,DYNALI,131
PD,15264,,75
PD,15264,ENERVIN SC,2343
PD,15265,,468
PD,15265,PROMAN FLOW,2635
PD,15266,QUARTET,130
PD,15267,KUSABI,123
PD,15270,PROFELIS,0.09
PD,15275,DURAVIS,1355
PD,15281,MICROMEGAS,234
PD,15291,TURFENE PLUS,3
PD,15293,MAVITA 250 EC,225
PD,15294,,1535
PD,15299,METIX R,14
PD,15302,,34
PD,15302,AMYLO-X,283
PD,15307,,67
PD,15307,DEDALUS 25 WDG,2
PD,15310,NISSHIN EXTRA 6 OD,84
PD,15313,THIAMON FLOW,200
PD,15315,,1
PD,15317,,7257
PD,15331,ZEFIR 25 WDG,1.5
PD,15335,,58
PD,15335,U 46 ULTRA,39
PD,15337,,1.3
PD,15337,EXPRESS,3.6
PD,15344,,5
PD,15344,FILAN WG,7
PD,15346,,104.5
PD,15348,,57
PD,15348,RIDOMIL GOLD R LIQUIDO,1325
PD,15349,,94
PD,15349,ARES 430 SC,245
PD,15356,,124
PD,15356,SPHINX SC,38
PD,15358,,210
PD,15358,ZOLFO FLOW MCT,3200
PD,15363,,40
PD,15363,MEDEIRO 80 WG ADVANCE,20
PD,15369,MAGMA TRIPLE,137
PD,15374,NISHA,29
PD,15378,,224
PD,15378,TRAXOS PRONTO 60,804
PD,15379,,123.75
PD,15379,AXIAL PRONTO 60,466
PD,15384,,18
PD,15384,LUNA EXPERIENCE,128
PD,15389,,500
PD,15398,KAMIKAZE,36
PD,15401,,11645
PD,15401,TAIFUN MK CL,13865
PD,15402,DELTASAP,26
PD,15405,SHAMAL MK PLUS CL,692
PD,15409,DECISION,26
PD,15410,DECA,192
PD,15411,DISHA,38
PD,15422,,10.08
PD,15422,TITUS DUO,33.9
PD,15433,ATLAS,15
PD,15448,REBEL TOP,138
PD,15449,,302
PD,15449,CIDELY,632
PD,15483,WISH,93
PD,15491,,52
PD,15491,SWORD UP,375.5
PD,15493,SIMUN 40 OD,50
PD,15498,ARPEL DUO,15
PD,15499,SONG 70 WDG,189
PD,15501,QUIZ,121
PD,15507,,2
PD,15507,CREW SUPERB,19
PD,15513,,75
PD,15513,OSSICLOR 35 WG GREEN,2924
PD,15515,POLTIGLIA 20 PB GREEN,10
PD,15536,,303
PD,15537,,24
PD,15537,DELTAGRI,108
PD,15543,,675
PD,15543,LUMACHICIDA FER PFNPE,3711
PD,15546,,330.2
PD,15546,BIATHLON 4D,123
PD,15549,,118
PD,15549,PROLECTUS 50 WG,12
PD,15550,,282
PD,15550,MERLIN FLEXX XTRA,91
PD,15553,,1.5
PD,15553,REGALIS PLUS,9
PD,15562,BELURE-T,0.12
PD,15563,TRAILER,4.38
PD,15566,,24
PD,15566,VISION PLUS,193
PD,15567,BELPROIL-A,8
PD,15574,,25
PD,15574,KARMA 85,320
PD,15583,,77
PD,15583,PIRAT,15
PD,15597,CHECKMATE PUFFER CM,3.38
PD,15598,,10
PD,15598,CARPOVIRUSINE EVO 2,43
PD,15610,CYPERKILL 50 EC,224
PD,15612,,0.15
PD,15612,SEMPRA,4.8
PD,15618,FULLDINA 400 SC,3
PD,15621,,0.1
PD,15621,BOTTO 50 EC,85
PD,15629,BADGER 45% WG,5
PD,15630,,81
PD,15630,CARSON 45% WG,243.5
PD,15633,,3
PD,15635,,1540.5
PD,15635,ADENGO XTRA,2268.98
PD,15654,ACCORD,42
PD,15662,LESTRA,5.73
PD,15663,CUPRAVIT 35 WG,10
PD,15664,KORING 25 WG,88
PD,15665,,9.9
PD,15665,KEMPO SORBIE,135.3
PD,15668,,6
PD,15674,AMADEUS TOP,10.7
PD,15680,MITHRA 40 SC,13
PD,15689,,33
PD,15689,DIFENZONE,5
PD,15693,LISTEGO,11
PD,15712,,14160
PD,15712,SATELITE,144
PD,15713,,0.2
PD,15713,ACAROIL SC,1.8
PD,15715,VIDERYO F,105
PD,15718,GRANSTAR TRIO,3.65
PD,15722,,5
PD,15722,ARMICARB 85,75
PD,15725,DUAXO,1.6
PD,15736,KOPRON 35 WG,120
PD,15741,,10
PD,15741,AVADEX FACTOR,260
PD,15744,REBOOT,58
PD,15748,,262
PD,15748,SYLLIT 544 SC,133
PD,15748,SYLLIT 554 SC 1 LT.,1
PD,15751,VITENE TRIPLO R,17.5
PD,15752,,3
PD,15752,CIDELY TOP,5
PD,15753,PYXIDES DUO,132
PD,15754,,95
PD,15754,SHARPEN 33% EC,24
PD,15765,ACAROIL,0.5
PD,15769,,2660
PD,15780,OSSICLOR 50 PB GREEN,140
PD,15806,ONYX,100
PD,15808,,56
PD,15808,CYMBAL FLOW,276
PD,15836,RATRON GW,32
PD,15837,,1.5
PD,15837,RATRON GL,0.75
PD,15838,,6950
PD,15838,ROUNDUP ULTRAMAX,3420
PD,15856,AZAKA,34
PD,15868,CENTURION PRO,250
PD,15869,,680
PD,15869,OPTIX STAR DISPERSS,3842
PD,15870,CLIOPHAR 600 SL,2.4
PD,15884,,20
PD,15886,,10
PD,15886,METAREX INOV,30
PD,15892,BANG PLUS,289
PD,15897,ALFIL WG,38
PD,15898,FILAL WG,0.5
PD,15899,SILICOSEC,4563
PD,15900,,3330
PD,15900,TRIKA EXPERT,5960
PD,15901,,12450
PD,15901,ERCOLE,26048
PD,15907,PRESIDIUM ONE,9
PD,15910,KARAKAS,0.5
PD,15911,,1
PD,15911,SPIROX,436
PD,15915,,187
PD,15915,STARANE HD,38
PD,15926,,4091
PD,15926,MOJANG 600,3436
PD,15930,,0.75
PD,15930,TOMIRIS 125 EW,35
PD,15948,,1
PD,15948,SINSAJO,34
PD,15961,RETENGO NEW,130
PD,15965,BORDER,106
PD,15990,,4.2
PD,15990,SCIROCCO 125 EW,32
PD,16007,,2248
PD,16007,REWARD,125
PD,16023,,2
PD,16023,DIMBO 480 SL,19
PD,16028,TRIBE 75 WG,1.7
PD,16032,,33
PD,16032,RADAR 10 EC,1
PD,16033,HEREU SC,7
PD,16034,,15
PD,16034,DOURO 100 EC,40.25
PD,16037,MOJANG TX,130
PD,16038,CABRIO WG,4
PD,16050,RADIANT SC,6
PD,16051,,15
PD,16051,LENNS,35
PD,16054,,16
PD,16054,SINSTAR,21
PD,16056,,13.75
PD,16064,CREDIT 540,40
PD,16065,SERRATE,0.5
PD,16066,,6.25
PD,16066,RADIANT PRO,70.69
PD,16068,FOLDER 80 WG,990
PD,16071,MESOZIN 70 WG,9.25
PD,16074,GLORIAL 25 EC,102
PD,16076,,20
PD,16076,SOLIS,620
PD,16083,STIKER FLOW,12
PD,16084,BREVIS,16
PD,16085,,2.71
PD,16085,TRIMUR,1.45
PD,16089,BUGUIS,102.06
PD,16092,,120
PD,16092,CICLOPE,358
PD,16098,NIBER 70 DF,1.25
PD,16101,TOPAS COMBI LIQUIDO,209
PD,16104,ELECTIS TRIO WDG,79
PD,16107,,30
PD,16107,RADAR COMBI FLOW,1
PD,16140,ALMADA F,156
PD,16142,MINECTO ALPHA,1
PD,16149,,9
PD,16161,CENTURY SL,16
PD,16167,MARACANA,12
PD,16170,,1500
PD,16170,TRICUP FLOW,2770
PD,16171,,19.4
PD,16178,,4050
PD,16179,FOLLOW 80 WG,56
PD,16181,DELTAMIX 25,2
PD,16187,,3
PD,16191,,418
PD,16191,TRIMAXX,475
PD,16194,ETRAVON PRO,31
PD,16197,COPPERFIELD 17 WG,520
PD,16198,EVORAM 15,650
PD,16199,CUPRORAM 35 WG BLU,44
PD,16200,CUPRORAM 35 WG NC,270
PD,16205,IDROX 20,990
PD,16210,PowerRam Idro 20 HiBio,10
PD,16221,MADEX TOP,8.1
PD,16224,,35
PD,16224,CUPRORAM 37.5 WG,10
PD,16226,,68
PD,16226,CIMOTER RAME WG,50
PD,16232,MINERVE,0.8
PD,16235,KEYFOL WG,61
PD,16237,GOLBEX WG,1805
PD,16242,CAPTAIN 80 WG,300
PD,16248,FERREX,102
PD,16251,,25
PD,16251,AFFIRM OPTI,255
PD,16252,AMISTAR GOLD,5
PD,16271,,220
PD,16271,FRESCO,365
PD,16273,,102
PD,16273,SIVANTO PRIME,1134.7
PD,16277,,808
PD,16277,ALMADA 50 SC,1952
PD,16277,ALMADA 50 SC 1 LT,32
PD,16279,ERCOLE GR,410
PD,16280,,80
PD,16282,,9
PD,16282,DIMIX,10
PD,16285,,261
PD,16285,KALIMBA,169
PD,16287,,161
PD,16287,SOLIGOR,710
PD,16288,,458.5
PD,16288,AMPEXIO,38.5
PD,16290,AMADEUS ULTRA,12.58
PD,16293,,3
PD,16293,PACLOT NEW,4
PD,16295,RAPAX AS,40
PD,16296,PERGADO D,77
PD,16299,,4698
PD,16299,PASSAT SL,5
PD,16305,BONZI,33
PD,16312,TOMIGAN,50
PD,16314,ZOXIS 250 SC,273
PD,16323,PENDIWIN,40
PD,16325,,2469
PD,16325,EPIK SL,3544.19
PD,16325,EPIK SL 1 L,2
PD,16325,EPIK SL 1 LT.,23
PD,16335,,207
PD,16335,LIETO SC,5621
PD,16336,,9
PD,16336,DELAN SC,13
PD,16361,FULL 80 WG,1
PD,16363,,481
PD,16363,SIRTAKI,1881.3
PD,16364,,4741
PD,16364,BISMARK,11221
PD,16369,,8
PD,16369,ORTIVA TOP SC,176
PD,16379,,178
PD,16379,PREV-AM PLUS,553
PD,16381,,86
PD,16381,CALLICORE,38
PD,16384,,2108
PD,16384,ELATUS ERA,580
PD,16385,,88.5
PD,16385,ELATUS PLUS,85.5
PD,16395,,1
PD,16395,MOHICAN 500 SC,6
PD,16396,TEMSA 100,186
PD,16415,MADEX TWIN,2.6
PD,16425,,22
PD,16425,LASER 120 SC,38
PD,16425,LASER 120SC,56
PD,16427,,191
PD,16438,,70.5
PD,16438,VELUM PRIME,11
PD,16439,,16
PD,16442,,342
PD,16442,PROFILER,249
PD,16448,NEALTA,6
PD,16457,,845
PD,16457,POLTIGLIA 20 WG GREEN,3839
PD,16458,OSSICLOR 30 GREEN,30
PD,16459,SOLEIL 50 WG,66
PD,16461,CENTURION 240 NEO,661
PD,16462,R6 ERRESEI ALBIS ORTO 500 g,1
PD,16470,,0.6
PD,16470,COLUMBO 0.8 MG,51
PD,16472,,148
PD,16472,CONVISO ONE,14
PD,16474,,4.4
PD,16475,CLEAVE,40
PD,16477,RIVAL,1
PD,16480,,309
PD,16480,3LOGY,1344.5
PD,16481,,8464.52
PD,16481,CALLISTO 480,145.8
PD,16485,ROMULAN,3
PD,16492,,1
PD,16492,VASCO,11
PD,16498,,214
PD,16500,TRIBAL,1.21
PD,16501,,4
PD,16501,INSTRATA ELITE,10
PD,16523,MISTER C,9.26
PD,16527,TELLUS WP,2
PD,16531,TEMPORIS STAR,123
PD,16532,ROSBAY,0.4
PD,16538,KITAMBA,182
PD,16545,COPRANTOL HI BIO 2.0,1194
PD,16562,,310
PD,16562,DELAN PRO,2330
PD,16563,,4
PD,16563,DOROTRIN 25 EC,133
PD,16564,,50
PD,16565,,6
PD,16565,EXECUTIVE GOLD,0.3
PD,16566,KUPPER 20 WG,9
PD,16567,,370
PD,16570,,46
PD,16570,SENCOR 600 SC,294
PD,16573,FIGHTER,511
PD,16575,TRIMMER 50 WG,7.79
PD,16577,,28
PD,16577,U46 COMBI DUO,166
PD,16596,SANIUM SL25 PFNPE,46.84
PD,16596,SANIUM SL25 PFNPE 5 ml,0.06
PD,16597,,409
PD,16598,,117.6
PD,16598,SANIUM AL PFNPE,301.8
PD,16598,SANIUM AL PFNPE da ml 800,8.8
PD,16606,PHYTO SARCAN,165
PD,16607,,160
PD,16609,SAVIAL FORTE,375
PD,16616,,1397
PD,16616,VALLEY,2339
PD,16618,COLZA POWER PFNPE,208.32
PD,16618,COLZA POWER PFNPE ml.170,4.08
PD,16619,ACTELLIC SMOKE GENERATOR,156.1
PD,16625,MAINSPRING,1.6
PD,16630,NATUREN LIMEX PFNPE,1548.15
PD,16630,NATUREN LIMEX PFnPE da KG 1,17
PD,16632,,0.5
PD,16632,LUNA SENSATION,1
PD,16640,MAZA 4% SL,7
PD,16643,,444
PD,16643,SUCCESS GR,1860
PD,16654,POLYVERSUM,7
PD,16657,,100
PD,16657,CENTURY PRO,3250
PD,16658,,69
PD,16658,DAGONIS,513
PD,16660,,200
PD,16660,ACTLET C,226
PD,16663,ACTLET F,492
PD,16667,,368
PD,16667,REVOLUTION,823
PD,16690,,504
PD,16690,KESTREL,599.5
PD,16690,KESTREL LT 1x12 CLP,1
PD,16694,CHANON,5
PD,16701,,0.2
PD,16732,,2
PD,16735,LOBETEC,5.96
PD,16749,FOLPAN ENERGY,580
PD,16754,SIMBA,45
PD,16755,DANEVA,3
PD,16776,,100.75
PD,16776,ASSET FIVE,676.25
PD,16776,ASSET FIVE ML 750,14.25
PD,16779,,16
PD,16779,TONALE,922
PD,16780,,10
PD,16780,SERENADE ASO,95
PD,16783,,4154
PD,16785,GOLDWIND,1.4
PD,16787,,10680
PD,16787,CLINIC ST,1008
PD,16789,,5
PD,16790,NORDOX ENERGY,201
PD,16792,PROFILE PLUS,11
PD,16793,,35
PD,16793,NIMBUS 250 EC,14
PD,16796,JOICE 55 D,168
PD,16797,,24
PD,16797,DEMETRINA 25 EC,46
PD,16799,ALEXIN 75 LS,132
PD,16802,,1034
PD,16802,ZYPAR,2344
PD,16813,,56
PD,16814,,6.5
PD,16814,TREZAC,0.5
PD,16816,,10
PD,16816,EXALT 25 SC,248
PD,16818,FLUAZINOVA PLUS,50
PD,16819,NATUR BREAKER,48
PD,16820,,534
PD,16827,MAISOT,58
PD,16828,,78.5
PD,16828,MAKURI MAX,17
PD,16831,,305
PD,16831,GLIFENE BIOGRADE,7210
PD,16832,MARKATE PLUS 100 CS,1
PD,16833,,100
PD,16833,PANTOX 360 SUPER,715
PD,16835,,215
PD,16836,STALLION IT SYNC,705
PD,16841,,2850
PD,16842,,10
PD,16842,CUPRAVIT BIO ADVANCED,50
PD,16843,,1140
PD,16846,,2
PD,16846,VESTICOR,64.2
PD,16857,,1
PD,16857,SHORTTRACK,5
PD,16858,KENJA,80
PD,16867,,3
PD,16867,GLISTER STAR,20
PD,16882,,95
PD,16882,PROPULSE,180
PD,16886,,137.1
PD,16886,CLOSER,387.16
PD,16886,CLOSER 25 ml,0.05
PD,16895,,9
PD,16895,ZORVEC ENICADE,10.8
PD,16896,,20
PD,16896,ZORVEC ZELAVIN,0.6
PD,16897,KATOUN GOLD,10
PD,16902,AVIATOR XPRO,261
PD,16904,,39
PD,16904,KIDEKA 100 SC,238
PD,16916,BUGGY G,2
PD,16917,LOGRADO PLUS,961
PD,16925,WISH TOP,3
PD,16939,SARUMO,321
PD,16945,,24.9
PD,16945,SERCADIS,226.5
PD,16946,,22
PD,16946,DARAMUN,45
PD,16950,MANAMID 100 SC,1369
PD,16951,ESQUIVE WP,8
PD,16957,,319
PD,16957,ZORVEC VINABRIA,2075
PD,16963,,10
PD,16963,AVENOX 240,15.5
PD,16968,,1
PD,16968,PENDINOVA,5
PD,16976,,120
PD,16976,VITIKAPPA,63.5
PD,16988,,4600
PD,16988,NAIF,3420
PD,17003,,401
PD,17003,PRIAXOR,373
PD,17005,CLOMATE,161.5
PD,17006,MONCUT,113
PD,17008,LALGUARD M52 OD,11
PD,17010,TIXAL TRI,20
PD,17014,DELEGATE WDG,10.7
PD,17026,,50
PD,17038,,2640
PD,17038,TUAREG NEW,4836
PD,17058,,20
PD,17058,ROMEO,98
PD,17059,VINTEC,1
PD,17060,DERBY,12
PD,17065,KAURITIL ULTRA WG,545
PD,17066,,824
PD,17066,PRAXIM,1792
PD,17069,,10
PD,17069,TIOVIT L,70
PD,17075,,135.75
PD,17075,MOVIDA,253.4
PD,17076,GAZELLE,95
PD,17078,,579
PD,17078,QUANTUM L,1724
PD,17079,,140
PD,17079,FORCE EVO,940
PD,17081,CUPROSSIL IDRO NEW 20 WG,1209
PD,17087,FOLDIM,153
PD,17091,,310
PD,17091,CHAMP 20 WG,430
PD,17093,,100
PD,17093,LANDING,274
PD,17094,ANTHEM EKO,6
PD,17099,,3
PD,17099,ZAKEO 250 SC,246
PD,17107,,2
PD,17107,SPYRIT 50 SC,1695
PD,17112,,45
PD,17112,DIFCOR,273
PD,17113,MIKAL F,811
PD,17115,,716
PD,17115,ZETROLA,864
PD,17116,,221
PD,17116,ACTIVUS ME,602
PD,17119,SQUARE EC,75
PD,17121,ATLANTIS ACTIV,48.18
PD,17129,COSAVET FLOW,80
PD,17131,DEPEND,670
PD,17164,,45
PD,17165,WASAN,7
PD,17170,BELKAP EXTRA,324
PD,17178,,368
PD,17178,TOTAL GREEN L,32
PD,17193,MAZICA,0.88
PD,17194,DICARINI,86.16
PD,17203,PENDI 40,3
PD,17203,PETANCK SC,6
PD,17204,,99
PD,17209,,39
PD,17209,DAVAI,912
PD,17211,GENKOTSU,239
PD,17212,,7
PD,17212,ISERAN,1096
PD,17217,ARMICARB SPRAY PFNPE,77.25
PD,17222,CURBATUR EC 250,3
PD,17234,,28.5
PD,17248,,139
PD,17248,ZORVEC VINABEL,701
PD,17254,,5.7
PD,17261,POKER GEO,460
PD,17265,FILDER 500 SC,2
PD,17266,DELTAKILL EC,8
PD,17268,,10
PD,17268,KUKI 70,198
PD,17270,,7
PD,17270,ASCRA XPRO,372
PD,17272,SERIFEL,49
PD,17275,NOTO CLASS,15
PD,17278,,298
PD,17278,KIDEKA,446
PD,17281,PETALIN,10
PD,17284,RODEO PLUS,7540
PD,17293,DIAGONAL,101
PD,17294,,3.6
PD,17294,ZORVEC EPICALTRIN,2.1
PD,17298,MARQUIS,62
PD,17304,KAN-DOO,95
PD,17309,TAYREX,6
PD,17311,VINIFOL WDG,10
PD,17313,ARTINA EC,65
PD,17317,,5
PD,17319,,59
PD,17319,FOXPRO,22
PD,17320,,2
PD,17320,SENIOR 75 WG,60
PD,17323,CONTENDER 800,206
PD,17328,RHIZOPON AA POLVERE 0.5%,12
PD,17337,,5
PD,17337,VANGUARD,5
PD,17343,ALTER 80,1
PD,17344,DIPIRIL,2
PD,17345,ARPEL WG,90
PD,17346,,322
PD,17346,EXOSET 240 EC,1197
PD,17353,KAMBA 480 SL,29
PD,17355,,5
PD,17358,,717
PD,17358,BLAISE ULTRA,1676
PD,17360,,32
PD,17360,MAGO,3254
PD,17368,,10
PD,17368,ALETIL DF,29
PD,17369,ECOMIX,883
PD,17371,,220
PD,17372,COPRANTOL 30 WG,186
PD,17377,,0.48
PD,17377,REFINE SX,142.14
PD,17378,,8
PD,17378,GACHINKO,44.1
PD,17389,SHARK PF,8
PD,17398,,615
PD,17398,DOMITREL 400 CS,15
PD,17407,WINTECH,949
PD,17422,,82
PD,17422,ENVITA SC,2034
PD,17435,,1698
PD,17435,RIDOMIL GOLD COMBI WG,1068
PD,17436,,1068
PD,17436,WARDEN F,168
PD,17443,MICROSAP CU PLUS,12
PD,17451,,49
PD,17451,TEKKEN,463
PD,17452,,37.5
PD,17452,TARCAN,36.25
PD,17454,,298
PD,17454,ENCARIT,488
PD,17455,PALIO,133
PD,17461,,220.51
PD,17461,ORONDIS,15.2
PD,17469,,63.64
PD,17469,TAEGRO,18.07
PD,17470,,80
PD,17470,LIMOCIDE,617
PD,17471,,103
PD,17472,,1067
PD,17472,JADE,2084
PD,17475,RODAL 240,4.5
PD,17478,EMPIRE,3.5
PD,17489,BELTHIRUL,34
PD,17496,,276
PD,17497,,10
PD,17497,CALDERA,127
PD,17501,SWOOSH,35
PD,17502,LINCE,157
PD,17503,BORDOLESE 20,245
PD,17508,,285
PD,17508,POLYCOM 70 DF,1515
PD,17512,DELTATHRIN,24
PD,17523,LUMIX BIO,3
PD,17524,ALCOBAN,3
PD,17529,MEDOR 70 WDG,3
PD,17531,MEXIL R FLOW,165
PD,17532,CONTENDER PLUS,122
PD,17541,,82
PD,17541,CHANTICO,248.5
PD,17549,SENPAI,58
PD,17551,CYPERFOR 100 EW,11
PD,17556,BANK,283.5
PD,17586,AXIAL ONE,293
PD,17597,,22
PD,17597,SHINKON,17.64
PD,17598,,19
PD,17598,AFINTO,13.36
PD,17600,,1
PD,17601,ANDROMEDA,102
PD,17611,,7
PD,17612,,452.36
PD,17612,RABONA,119.25
PD,17615,WARDEN EVO,40
PD,17631,,30
PD,17633,TROLLER 50 SC,17
PD,17634,,1536
PD,17634,FRAXION,82
PD,17650,IRONMAX PRO,150
PD,17651,,405
PD,17651,METAREX ONE,120
PD,17655,,685
PD,17657,EXTASE R,15
PD,17665,,20
PD,17666,,45
PD,17666,PROSARO PLUS,448
PD,17671,,27
PD,17671,VENZAR SC,11
PD,17680,,7
PD,17680,GALILEO,1052
PD,17687,,6
PD,17689,,298
PD,17689,MOXYL MK,20
PD,17690,VANTEX,5
PD,17692,CURAME 25 WG GREEN,576
PD,17693,,2890
PD,17693,HATTRICK 30 WG,25
PD,17696,SUPRACAFFARO 30 WG,30
PD,17698,ASSORAM ELITE 20 WDG,280
PD,17699,IDROX 15,3370
PD,17709,MIDAURIL R FLOW,240
PD,17742,PRIVIUM,32
PD,17744,CHOUCAS,262
PD,17746,,112
PD,17746,CLEMATIS,172
PD,17749,,15
PD,17749,DRONE,112
PD,17751,PRAKTIS,30
PD,17752,,5
PD,17752,STAVENTO,311
PD,17754,,67
PD,17754,REVYCARE,1111
PD,17769,VULPIN,11.25
PD,17781,EUSKATEL,4.8
PD,17797,,17
PD,17798,BOX,8.5
PD,17803,,313
PD,17803,CERERIS,3
PD,17804,ESSEN’CIEL,690
PD,17807,PARLEAF,332.5
PD,17808,,20
PD,17810,,75
PD,17813,,45
PD,17813,NYMEO,15
PD,17819,,77
PD,17820,,115
PD,17824,,1440
PD,17824,MIRADOR TURBO,1255
PD,17826,,48
PD,17826,DOMARK 125 PLUS,16
PD,17840,,100
PD,17840,OLIOCIN PLUS,25
PD,17855,FITOPYR 2EC PRO,4
PD,17863,,10
PD,17865,,223
PD,17873,,1008
PD,17880,,12
PD,17880,AZULEO,7
PD,17888,,20.2
PD,17888,VOLIAM,160.9
PD,17890,GEATER MAXI,1850
PD,17894,,290
PD,17894,TRIKA ENERGY,170
PD,17896,FORTUNE DISPERSS,38160
PD,17896,FORTUNE DISPERSS 15 KG.,330
PD,17897,,910
PD,17913,,1325
PD,17920,,750
PD,17920,GHIBLI TM,409
PD,17921,,3266
PD,17922,,75
PD,17923,ARNOS SC,36
PD,17924,,56
PD,17931,,507
PD,17932,ORO-QUIN,208
PD,17938,,7205
PD,17938,CLINIC TF,245
PD,17944,HOKONZA,71
PD,17945,,53.1
PD,17945,LUMEO,270.9
PD,17946,,695
PD,17947,,221.25
PD,17947,CODAL,1128.75
PD,17949,PATRIOT ULTRA,10
PD,17951,,483
PD,17951,AUDACE SC,621.5
PD,17952,PLANTIVAX SL,46
PD,17961,SOILGUARD 0.5 GR,840
PD,17976,,7
PD,17976,MESOCORE 100 SC,78
PD,17985,,1.8
PD,18001,,40
PD,18001,MIKONOS,110
PD,18002,Vitanica TC Protect,33
PD,18003,,101
PD,18003,CUNEB,70
PD,18021,PECARI 300,52.65
PD,18022,,529
PD,18044,PATTON FLEX,322
PD,18070,,1040
PD,18070,JANERO 480 SL,91
PD,18072,SONAVIO,32
PD,18074,,4110
PD,18074,ROUNDUP FUTURE,6467
PD,18081,,35
PD,18081,DIFECOL,139
PD,18082,,7.7
PD,18082,SERCADIS SC,110.2
PD,18083,,240
PD,18083,LIRONAS,15
PD,18084,,28495
PD,18084,SITRIN,120
PD,18092,,1265
PD,18092,REVYSTAR XL,546
PD,18103,PALATOR,3
PD,18109,KASKO MET,382
PD,18119,,21
PD,18119,SINALA,667
PD,18121,MIKAL PREMIUM,180
PD,18125,ALLSTAR,3
PD,18126,BOTREFIN Plus,20
PD,18133,,22
PD,18133,TACOS,336
PD,18137,,263
PD,18137,REVYSION,2648
PD,18139,IRONITE PFNPE,845.5
PD,18139,IRONITE PFNPE 1 kg,2
PD,18139,IRONITE PFNPE box 1kg,13
PD,18139,IRONITE PFNPE box 500g,0.1
PD,18139,IRONITE PFNPE da gr 500,18
PD,18143,,15
PD,18148,BUGGY GOLD,1320
PD,18149,EXITUL,63
PD,18152,,724
PD,18153,ERADICOAT MAX,20
PD,18155,REVYSTAR,13
PD,18160,PYROGAL,9
PD,18166,,9
PD,18166,MERISTO,99
PD,18172,,35
PD,18181,,917
PD,18181,UNIVOQ,958
PD,18182,,2575
PD,18190,MOTIF,4
PD,18206,,120.06
PD,18206,ZONGRUUM,16.88
PD,18207,GRAND TOTAL,1469
PD,18213,BACILLUS CHEMIA PFNPE,9.64
PD,18213,BACILLUS CHEMIA PFNPE  100 g,3.7
PD,18213,BACILLUS CHEMIA PFNPE 10 g,0.04
PD,18213,BACILLUS CHEMIA PFNPE 100 g,1.1
PD,18213,BACILLUS CHEMIA PFNPE 50 g,1.2
PD,18216,,3
PD,18216,VITIKAPPA PFNPE,82.45
PD,18222,,214.5
PD,18222,FERRAMOL PFNPE,5091.5
PD,18222,FERRAMOL PFNPE da Kg 1,119
PD,18222,FERRAMOL PFNPE Kg,144
PD,18222,FERRAMOL PFNPEda gr 500,76
PD,18223,NATRIA LUMACHICIDA PFNPE,133
PD,18223,NATRIA LUMACHICIDA PFNPE 1 kg,131
PD,18223,NATRIA LUMACHICIDA PFNPE 500 g,76.5
PD,18224,SAPULI',250
PD,18229,BAC MK PFNPE,5.3
PD,18229,BAC MK PFNPE da gr 50,2
PD,18232,BORDOFLOW NEW PFNPE,104.1
PD,18232,BORDOFLOW NEW PFNPE gr.50,1.2
PD,18235,,52.2
PD,18235,CIOPPER PFNPE,70.6
PD,18235,CIOPPER PFNPE da ml 200,8.8
PD,18239,,1.1
PD,18239,FLIPPER PFNPE,10.45
PD,18241,IDRORAME FLOW PFNPE,118.68
PD,18242,,20.05
PD,18242,LEPINOX PLUS PFNPE,89.05
PD,18242,LEPINOX PLUS PFNPE 50 g,0.75
PD,18244,,44.72
PD,18244,MOMENTUM PFNPE,123.03
PD,18244,MOMENTUM PFNPE 180 g,3.42
PD,18245,,54.5
PD,18245,POLTIGLIA MANICA 20 WG PFNPE,447
PD,18251,TIOLENE PFNPE,239
PD,18253,,6.5
PD,18253,VERDERAME 20 WG PFNPE,258
PD,18254,ZOLVIS 80 SECTOR PFNPE,130
PD,18256,NISUS 3B PFNPE,75
PD,18257,,0.5
PD,18257,3LOGY PFNPE,8.92
PD,18259,BARBARIAN BIOGRADE 360 PFNPE,1958.38
PD,18259,BARBARIAN BIOGRADE 360 PFNPE da ml ,171.5
PD,18261,BARCLAY GALLUP BIOGRADE 360 PFNPE,1398.5
PD,18263,,20
PD,18263,BIOLID UP PFNPE,372.5
PD,18266,COBRE NORDOX SUPER 75 WG PFNPE,2.8
PD,18267,,10.8
PD,18267,CONTENDER 80 WG PFNPE,95.8
PD,18268,FILAL WG PFNPE,0.5
PD,18269,,113.5
PD,18269,GLIFENE BIOGRADE PFNPE,2731
PD,18270,,4230
PD,18270,GLIPHOGAN TOP CL PFNPE,6205.62
PD,18277,,414
PD,18277,SHAMAL MK PLUS CL PFNPE,4232.2
PD,18277,SHAMAL MK PLUS CL PFNPE ML 500,132
PD,18282,TRUSTEE 450  PFNPE 500 ml,0.5
PD,18282,TRUSTEE 450 PFNPE,78
PD,18282,TRUSTEE 450 PFNPE 500 ml,476.5
PD,18282,TRUSTEE 450 PFNPE da ml 500,79
PD,18283,XEDAVIR PFNPE,17.25
PD,18284,,26
PD,18284,WANAX PFNPE,5.3
PD,18287,V-DIM 240 EC,112
PD,18288,BEMOTIUS,42
PD,18292,,500
PD,18292,YUKON,700
PD,18293,,40
PD,18293,MELODY FLEX,200
PD,18299,DEED,63
PD,18304,CLOWN,31
PD,18310,MELVAR,565
PD,18318,PRINCIPAL FORTE,18
PD,18321,NITIDE,12
PD,18332,LOGRADO 360 SL,1669
PD,18369,,10
PD,18369,Halvetic,90
PD,18379,STELLAR,2000
PD,18399,RISTER,130
PD,18409,,1
PD,18409,LADIVA,4.25
PD,18459,FURY STAR,1640
PD,18490,,117
PD,18490,BRIXTON,747
PD,18495,KYLEO TOP,40
PD,18525,,110
PD,18530,,780
PD,18544,,1720
PD,18554,,156
PD,18593,,250
PD,18593,AF-X1 2024,2262.5
PD,18606,EXIREL 2024,16
PD,18663,,12
RO,13,,5410
RO,13,THIOPRON,17770
RO,133,U 46 D-FLUID,5
RO,206,ALBENE,17
RO,565,FUMATHANE 510,16000
RO,599,,150
RO,599,ACUPRICO 76 WG,2750
RO,619,VALGRAN,140
RO,909,,4965
RO,909,POLISOLFURO DI CALCIO POLISENIO,2275
RO,1155,CHEMOL 90 EL,1000
RO,1156,,2275
RO,1156,CHEMOL,15383
RO,1562,,199
RO,1573,,20
RO,1573,BASAMID GRANULAT,1020
RO,1583,,2835
RO,1583,MICROTHIOL DISPERSS,6085
RO,2191,,124
RO,2191,WETTING PLUS,382
RO,2259,PASTA LUMACHICIDA IN GRANI,20
RO,2260,,6
RO,2260,GASTROTOX E,52
RO,2272,SILLIM,11
RO,2291,ESCA REGINA,12
RO,2291,ESCA REGINA N,30
RO,2307,,16
RO,2307,VECTOR,299
RO,2603,ESCACIDE,132
RO,2732,,259
RO,2732,GOLTIX,3245
RO,2923,,2287
RO,2923,TIOVIT JET,557
RO,3082,OLEOTER ESTATE,25
RO,3102,OLEOTER,107
RO,3132,SEPR-OIL,5
RO,3163,U 46 M STAR,209
RO,3182,AFITIN L,7
RO,3343,,25
RO,3343,U46 M CLASS,139
RO,3412,,4
RO,3412,SYLLIT 65,293
RO,3486,TRISCABOL DG,36
RO,3503,AGRUMIN,88
RO,3519,,395
RO,3519,METAMBANE,357
RO,3553,,161
RO,3553,CURZATE,699
RO,3640,,5
RO,3745,METAM,9840
RO,3767,,75
RO,3767,FENOXILENE 200,1425
RO,3779,VAPAM,495
RO,3817,,59
RO,3817,DISERBONE KN,2989
RO,3817,DISERBONE KN LT. 1,5
RO,4090,MALERBANE CEREALI,109
RO,4701,,1
RO,4701,PIRIMOR 50,150
RO,4710,,270
RO,4710,ALIETTE,1487
RO,5152,TIOSPOR WG,309
RO,5292,FIXORMON,80
RO,5333,GIBRESOL,1.25
RO,5574,LUMAKIDIN 5G,65
RO,6001,,5
RO,6037,TECTO SC,2
RO,6321,STIMOLANTE 66F,58.6
RO,6322,,1
RO,6322,OBSTHORMON 24A,43.9
RO,6437,,3
RO,6437,ETHREL,119
RO,6438,BI-FEN,4
RO,6556,,29
RO,6556,K-OBIOL DP2,18
RO,6557,,3
RO,6557,K-OBIOL EC 25,6
RO,6771,,939
RO,6945,,4
RO,6945,TOPAS 10 EC,82
RO,7020,BAGNANTE CIFO,845
RO,7368,TURFENE L,148
RO,7379,,20.5
RO,7379,VENZAR,70.5
RO,7401,POLTIGLIA CAFFARO 20 DF NEW,35
RO,7483,DEVRINOL F,369
RO,7541,APOLLO SC,5
RO,7644,TENSIL,1685
RO,7700,,57.2
RO,7700,MATACAR FL,167.2
RO,7741,,1775
RO,7764,TIOLENE,22
RO,7764,TIOLENE PFNPE,29
RO,7916,,925
RO,7916,POLYRAM DF,4339
RO,7919,,920
RO,7919,TOUCHDOWN,6520
RO,7930,,120
RO,7930,KERB FLO,2855
RO,7961,RIZOLEX  GOLD,17
RO,7984,STRATOS,366
RO,8023,SUMIALFA ECHO,91
RO,8028,,28
RO,8102,,677
RO,8102,MERPAN 80 WDG,9583
RO,8139,MANTA GOLD,513
RO,8146,,23.5
RO,8146,GALLERY,28.5
RO,8184,,905
RO,8184,CHALLENGE,697
RO,8189,,15710
RO,8259,,80
RO,8259,LAMDEX EXTRA,2417
RO,8320,DELFIN,2
RO,8376,,737
RO,8376,ARIANE II,1774
RO,8498,,3
RO,8498,FOLICUR WG,280.5
RO,8498,FOLICUR WG GR. 500,3
RO,8542,FORUM 50 WP,1
RO,8546,,96
RO,8546,DANITRON,28
RO,8599,,387
RO,8599,GOLD BEET,252
RO,8601,,2035
RO,8601,FOLPAN 80 WDG,4779
RO,8617,BANVEL 480 S,196
RO,8656,GLIFENE HP,550
RO,8706,,10
RO,8706,AMID THIN W,114.5
RO,8712,,1
RO,8712,ALLEGANTE 4% AF 96,39
RO,8717,GERAMID NEU,13
RO,8735,,218.5
RO,8735,TREBON UP,807.5
RO,8795,,37
RO,8795,VERTIMEC EC,410
RO,8801,,8
RO,8801,SCORE 25 EC,288.75
RO,8836,MIMIC,63
RO,8838,GERMON BEWURZELUNGSPUDER PER TALEE ,3
RO,8874,,129
RO,8874,ETOFUM - FL,270
RO,8886,,12.36
RO,8886,SAFARI,37.8
RO,8888,PRIDE ULTRA,12
RO,8929,,84.75
RO,8929,TOPIK 240 EC,686
RO,8929,TOPIK 240 EC ML. 500,4
RO,8934,,9
RO,8934,SCALA,95
RO,9005,AGIL,6361
RO,9005,AGIL LT. 1,11
RO,9005,AGIL LT. 5,25
RO,9012,CUPROCAFFARO MICRO,1300
RO,9041,,4750
RO,9041,TIOFLOW 57,410
RO,9061,PANTOPUR MC,96
RO,9210,QUADRIS,11
RO,9244,,180
RO,9244,ZIRAMIT 76 WG,1900
RO,9286,OHAYO,7
RO,9306,PROPLANT,8
RO,9373,CHORUS,51
RO,9380,,4880
RO,9422,,41
RO,9422,EVADE,119
RO,9448,RIFLE 3-18 R BLU,7
RO,9449,EMERALD COMBI,13
RO,9509,PROMALIN NT,106
RO,9569,ZETARAM 3B FL,210
RO,9575,DRIBBLING 240 EC,20
RO,9578,,73
RO,9578,SWITCH,985.5
RO,9612,OSSICLOR 30,280
RO,9627,SOLUTION 20 DISPERSS,1700
RO,9631,METRIN EC,100
RO,9655,PRIMIAL WG,6
RO,9679,,256
RO,9679,KRISTAL 32 WG,229
RO,9705,,109
RO,9705,PREVITER,80
RO,9724,TIOWETTING DF,238
RO,9757,,153
RO,9757,SPYRALE,282
RO,9758,COPRANTOL WG,10
RO,9787,MICROBAGNABILE WG,32
RO,9790,,147
RO,9790,CONTATTO 320,520
RO,9800,,287.55
RO,9800,MAVRIK SMART,1716
RO,9809,,60
RO,9809,MALVIN 80 WG,150
RO,9843,,132
RO,9843,BASAGRAN SG,1506
RO,9843,BASAGRAN SG KG. 3,15
RO,9872,AKRIS,20
RO,9954,,168
RO,9954,JOKER,5529
RO,9954,JOKER LT. 1,8
RO,10048,,1000
RO,10048,KUMULUS TECNO,1000
RO,10117,,524
RO,10117,STRATOS ULTRA,1430
RO,10118,,35
RO,10118,AMISTAR,26.4
RO,10158,,84
RO,10161,,1037
RO,10161,ORTIVA,468
RO,10199,LERAM HI BIO,435
RO,10220,,288
RO,10220,DICOPUR COMBI,137
RO,10296,,10
RO,10305,,266
RO,10305,OIKOS,121
RO,10306,MISTRAL,117
RO,10324,NEMATHORIN 10 G,10
RO,10350,,96
RO,10350,BLAST SG,603
RO,10357,RIGRON SG,9
RO,10381,CONCORDE 40 EW,40
RO,10415,ARIC 480 L.S.,7.5
RO,10423,LUMACHICIDA VEBI,203
RO,10425,SCUDEX,1
RO,10439,SPRAY DUNGER GLOBAL,37
RO,10440,EXPANDER,19
RO,10461,DICOTURF,0.5
RO,10479,,10
RO,10479,NATURALIS,28
RO,10506,,1
RO,10506,LALSTOP K61 WP,1051.1
RO,10532,TELDOR,1
RO,10573,,2590
RO,10573,KOCIDE 2000,3076
RO,10577,,1031.5
RO,10577,METRIPHAR 70 WG,1301
RO,10577,METRIPHAR 70 WG GR. 500,8
RO,10585,SULCOTREK,120
RO,10588,,3
RO,10604,EMERALD 40 EW,77
RO,10632,COBRE NORDOX SUPER 75 WG,380
RO,10701,CUMETA FLOW,717
RO,10734,,410
RO,10734,DUAL GOLD,1734
RO,10735,,40
RO,10735,PRIMAGRAM GOLD,419
RO,10741,,159
RO,10741,METACINQUE,542
RO,10771,,1520
RO,10771,MOST MICRO,2223
RO,10771,MOST MICRO LT. 1,3
RO,10771,MOST MICRO LT. 5,15
RO,10889,,3
RO,10890,,10
RO,10890,FLiPPER,235
RO,10892,OSSICLOR 50 PB MANICA,50
RO,10926,,39
RO,10926,ALTOREX,9
RO,10929,CHIKARA 25 WG,8.9
RO,10944,,78
RO,10944,KARATE ZEON,265.5
RO,10952,,18
RO,10952,CARPOVIRUSINE PLUS,9
RO,10976,,18.4
RO,10976,METEOR,463.25
RO,10999,,5
RO,10999,BETANAL SE,604
RO,11011,,1304
RO,11011,DASH HC,3165
RO,11011,DASH HC LT. 1,5
RO,11011,DASH HC LT. 5,5
RO,11040,POLTIGLIA BORDOLESE DISPERSS BLU,1970
RO,11044,TUREX,30
RO,11059,,12
RO,11059,BIOPOWER,258
RO,11062,,6
RO,11062,BION 50 WG,72
RO,11070,,1010
RO,11088,BION MX,120
RO,11102,,60
RO,11102,HELIOSOUFRE S,780
RO,11119,,8
RO,11119,FLINT,101.5
RO,11120,,60
RO,11133,,358
RO,11133,SHELTER,7.5
RO,11147,,30
RO,11147,KRUG,65.5
RO,11165,POLAK,3
RO,11183,PROGERBALIN LG,36.05
RO,11185,GERLAGIB LG,13
RO,11196,SULFAR,1920
RO,11197,,250
RO,11206,,600
RO,11206,CODACIDE,6147.5
RO,11243,,172
RO,11243,LEOPARD 5 EC,8506
RO,11243,LEOPARD 5 EC LT. 5,25
RO,11252,LALSTOP Contans WG,32
RO,11253,CALLISTO,71.6
RO,11255,,512
RO,11257,COSTAR WG,171
RO,11258,,240
RO,11258,FAZOR STAR,240
RO,11303,CHAMP DP,790
RO,11341,STARANE GOLD,255
RO,11341,STARANE GOLD LT. 1,4
RO,11353,,42
RO,11353,FUSILADE MAX,880
RO,11393,BEETLE,1104
RO,11416,OVIPRON TOP,70
RO,11435,FLORANET,146
RO,11449,,35
RO,11449,GARDOPRIM GOLD,85
RO,11479,BRANCHER DIRADO,87
RO,11500,CAPTHENE 80 WDG,120
RO,11526,,157
RO,11526,SULTAN,924
RO,11549,ISOMATE OFM ROSSO FLEX,4.78
RO,11551,ISOMATE C PLUS,0.2
RO,11552,,5.8
RO,11561,,183
RO,11561,NEEMAZAL T/S,55
RO,11569,CUPROXAT S.D.I.,10
RO,11637,,70
RO,11637,CUPROFIX C DISPERSS,68
RO,11649,,416
RO,11649,COMMAND 36 CS,1394.2
RO,11678,ACTELLIC 2/P NEWPHARM,5
RO,11679,GIBERAL COMPRESSE,2.66
RO,11690,GOAL 480 SC,2
RO,11693,LASER,135.7
RO,11760,,8500
RO,11760,POLITHIOL,1600
RO,11786,AQ 10 WG,0.15
RO,11789,MANAGER,299
RO,11794,,1
RO,11794,PRESSING 500,6
RO,11857,MIDAURIL COMBI,810
RO,11862,LOBBY,9
RO,11872,RIFLE 3-18-R,27
RO,11991,NEEMIK TEN,400
RO,11999,,40
RO,12010,,35
RO,12010,TUAREG,33
RO,12023,,276
RO,12023,KLARTAN SMART,38
RO,12037,CAMIX,620
RO,12043,,6
RO,12043,PREVICUR ENERGY,336
RO,12067,CIPER,1
RO,12068,,170
RO,12068,TEFLUSTAR,2120
RO,12069,,67
RO,12090,,1460
RO,12090,MICROSED GEO,2870
RO,12096,,275
RO,12096,POLTIGLIA DISPERSS,9205
RO,12100,ASSET DUO,4
RO,12106,TALENDO,17
RO,12113,VIRGO,4
RO,12114,,12
RO,12114,AUXIGER LG,157
RO,12117,ENIFUL,34
RO,12133,JUVINAL GOLD,23
RO,12149,,7
RO,12170,,10
RO,12170,HELIOCUIVRE,255
RO,12225,,8.2
RO,12225,TEPPEKI,160.94
RO,12233,KAPLAN,745
RO,12285,FORUM GOLD,81
RO,12296,GAIO SX,1.88
RO,12319,,23
RO,12319,KRONOS,79
RO,12361,ALGEDI,65.8
RO,12368,CARPOSTOP,2
RO,12375,SUGAR 500 SC,2833
RO,12376,FITAGIL,16
RO,12381,,4
RO,12381,NU-FILM-P,4
RO,12385,ARMETIL COBRE SC,4
RO,12395,,1
RO,12395,CUTRIL TOP,207
RO,12437,,127
RO,12437,DELAN 70 WG,928
RO,12451,,11
RO,12452,,269
RO,12452,EQUIP,1149
RO,12452,EQUIP LT. 1,3
RO,12452,EQUIP LT. 5,20
RO,12453,MILDICUT,30
RO,12482,,365
RO,12482,LUMAX,7515
RO,12489,DIFCOR 250,76
RO,12514,VIPER,15
RO,12528,CABRIO TOP,5
RO,12534,,9.75
RO,12534,FOXTAIL,20.25
RO,12538,,32
RO,12540,REGRAN EXTRA,10
RO,12548,XANILO 45 WG,37.5
RO,12566,,12
RO,12573,EKO OIL SPRAY,1
RO,12590,,2780
RO,12590,DIASTAR MAXI,16950
RO,12636,QUASAR 6-24 R,30
RO,12647,GLITTER,185
RO,12661,NEXOL 10 WG,27
RO,12662,,525
RO,12671,,282.73
RO,12671,HARMONY 50 SX,55.86
RO,12671,HARMONY 50 SX GR. 20,0.56
RO,12678,CEDOMON PLUS,5600
RO,12722,OSSICLOR 20 FLOW,200
RO,12737,AIRONE PIU',2811
RO,12748,,40
RO,12754,VERDRAM HI BIO,280
RO,12756,DICOTEX,57
RO,12759,,20
RO,12759,OSSICLOR 35 WG,20
RO,12761,,28
RO,12770,ALAR 85 GOLD,1
RO,12785,CHECKMATE CM-XL,2.7
RO,12788,ADIGOR,328
RO,12792,,401
RO,12792,MAGIC TANDEM,2819
RO,12806,,1028
RO,12806,FEDOR,2161
RO,12828,,4
RO,12828,SITOFEX,25
RO,12831,INSIGNIA,1
RO,12833,ISOMATE C/OFM,7.97
RO,12843,CHECKMATE CM-F,0.74
RO,12847,EAGLE,1.55
RO,12857,,5.5
RO,12857,PROREX,77
RO,12860,MILBEKNOCK,21
RO,12862,CANTUS,38
RO,12866,,23
RO,12866,COLLIS,118
RO,12868,,57
RO,12868,BELLIS,73
RO,12869,,51
RO,12869,SIGNUM,3159
RO,12878,,120
RO,12878,FOLPAN GOLD,3370
RO,12883,PROSPER 300 CS,22
RO,12886,,154
RO,12886,KARATHANE STAR,615
RO,12888,LEPINOX PLUS,79
RO,12904,BRAITEX,67
RO,12916,,168
RO,12916,SACRON 45 W,178
RO,12933,,63
RO,12933,MOXYL 20 WP,20
RO,12940,,85
RO,12940,KARATE ZEON 1.5,1853
RO,12949,AZUPEC 80 WG,20
RO,12960,STARPROP,79
RO,12961,,2
RO,12994,VIVER ELITE WG,1305.5
RO,13012,,5
RO,13012,FOLVIT 80 WDG,24
RO,13020,MICRORAM 35 WG,2505
RO,13061,BIOBIT DF,10
RO,13063,REGULEX 10 SG,1.1
RO,13064,VITENE ULTRA SC,180.5
RO,13065,DOMARK 125,4
RO,13076,BRAITEX  PRO,124
RO,13084,,53
RO,13084,TELDOR PLUS,46
RO,13093,,7
RO,13093,STOMP AQUA,2415
RO,13095,DIRA-MAX LG,2
RO,13098,,2
RO,13098,ROUNDUP POWER 2.0,2998
RO,13104,,585
RO,13104,ALGOR PLATIN,165
RO,13116,MEDOR 35 CLASS,53
RO,13120,,505
RO,13120,MYSTIC 430 SC,100
RO,13126,,907
RO,13126,CABRIO DUO,1361
RO,13127,,200
RO,13149,POLTIGLIA MANICA 20 WG,4
RO,13150,CURAME 25 WG,27
RO,13154,MONDAK 480 S,185
RO,13158,,1
RO,13158,REMEDIER,109
RO,13160,,1455
RO,13166,,79
RO,13168,,919
RO,13168,LAUDIS,8966
RO,13168,LAUDIS LT. 1,9
RO,13213,R6 ERRESEI ALBIS,8
RO,13218,,20
RO,13218,FINALSAN PLUS,150
RO,13225,,63
RO,13236,BULLET,125
RO,13242,,19
RO,13242,NICOGAN V.O.,4649
RO,13244,ZOLFO VENTILATO STELLA,125
RO,13252,PLAYER 250 SC,67
RO,13254,,14
RO,13254,PLAYER 25 WG,2183
RO,13254,PLAYER 25 WG KG. 1,5
RO,13313,,18
RO,13313,CASPER,58
RO,13327,,0.1
RO,13327,GRANSTAR ULTRA SX,71.15
RO,13329,OMNEX 10 EC,159
RO,13367,,179
RO,13367,DIVO,482
RO,13382,,852.5
RO,13382,PERGADO SC,559
RO,13386,,55
RO,13386,PROSARO,4107
RO,13386,PROSARO LT. 1,12
RO,13386,PROSARO LT. 5,20
RO,13387,,27.56
RO,13387,FLORAMIX,199.81
RO,13388,,1.59
RO,13389,,496
RO,13389,AFFIRM,3562
RO,13391,,557
RO,13391,CYTHRIN 50 EC,823
RO,13447,HELMSTAR 75 WG,1.38
RO,13447,HELMSTAR 75 WG GR. 10,0.1
RO,13451,SPARVIERO,427
RO,13455,,50
RO,13455,ANTIGRAM GOLD,4686
RO,13466,,93
RO,13466,SPOTLIGHT PLUS,749
RO,13471,NICOZEA OD,161
RO,13485,FOLPEC 80 WG ADVANCE,100
RO,13489,,95.5
RO,13489,CYMBAL,163
RO,13540,QUASAR R FLOW,189
RO,13552,ZOLVIS 80 SECTOR,261
RO,13560,FORZA,1626
RO,13576,,5.5
RO,13578,RAME CAFFARO BLU WG NEW,69
RO,13581,ZOLVIS OTTANTA WG,100
RO,13586,VERDERAME 20 WG,10
RO,13592,,695
RO,13592,VOLARE,388
RO,13600,,50
RO,13635,,10
RO,13635,POLTIGLIA 20 PB MANICA,700
RO,13689,,9
RO,13689,FLINT MAX,20.5
RO,13693,BACILLUS CHEMIA,36.2
RO,13698,VIVANDO,960.25
RO,13701,,140
RO,13701,MAROX PRIME SX,11
RO,13711,,4290
RO,13714,FOLPEC 50 SC,40
RO,13741,SELECTA DISPERSS,165
RO,13753,GAL-GONE,76
RO,13771,,271
RO,13771,NIMROD 250 EW,579
RO,13782,DOURO 10 WG,30
RO,13789,PRIMERO,979
RO,13792,STABILAN,230
RO,13796,CELL,489
RO,13807,RAVENAS,23
RO,13809,,18830
RO,13809,FORCE ULTRA,30840
RO,13823,,113
RO,13823,ALVERDE,538
RO,13841,,3241
RO,13841,FOCUS ULTRA,9762
RO,13841,FOCUS ULTRA LT. 1,8
RO,13841,FOCUS ULTRA LT. 5,35
RO,13888,FANTIC F NC WG,711
RO,13895,SAVIRAN STAR,20
RO,13899,,524.5
RO,13905,,73
RO,13905,BANJO,978
RO,13925,,27
RO,13925,BOGARD,18
RO,13926,SPONSOR,2
RO,13930,MARINS 200 CLASS,68
RO,13981,,93.2
RO,13981,CORAGEN,940.14
RO,13983,HUSSAR MAXX PRO,92
RO,14024,PERFIL 10 WP,0.5
RO,14044,JOKER 480,11
RO,14058,,237.75
RO,14058,FEINZIN 70 DF,2259.25
RO,14058,FEINZIN 70 DF GR. 250,0.75
RO,14061,TRIANUM-P,4.5
RO,14062,,275
RO,14062,ZOXIUM 240 SC,1108
RO,14074,TRINEX 250 EW,11
RO,14093,ANTARKTIS,2
RO,14100,KANEMITE,42
RO,14101,CARAMBA,2923
RO,14109,NICOSH,81
RO,14122,KATAR,118
RO,14128,,1
RO,14128,ZIGNAL,1
RO,14135,GRENADIER 75 DF,2.13
RO,14136,OBERON,24
RO,14137,,113.9
RO,14137,ALTACOR,170.5
RO,14155,,1400
RO,14156,CURZATE R WG,10
RO,14165,,284
RO,14165,NANDO MAXI,2535
RO,14178,TRI-BASE,10
RO,14182,,210
RO,14182,ARES 25 WG,897
RO,14193,,893
RO,14193,SARMOX 45 DG,3.5
RO,14195,,747
RO,14195,KENDO WITH ZEON TECHNOLOGY,23
RO,14204,,10
RO,14204,75A,29
RO,14210,,13
RO,14210,EVURE PRO,26
RO,14214,,1
RO,14217,TENAX EW,4
RO,14232,CYTHRIN MAX,33.5
RO,14245,,0.5
RO,14245,THIRAS,0.5
RO,14262,GREENEX NF,23.5
RO,14294,EXECUTIVE,501.6
RO,14336,NEMATHORIN 150 EC,75
RO,14375,LION 5 EC,976
RO,14387,NERVURE SUPER,5
RO,14390,BOOM EFEKT,3568
RO,14406,LEIMAY,11
RO,14407,RUNWAY,6.5
RO,14409,,284
RO,14409,MOVENTO 48 SC,4207
RO,14418,,2
RO,14418,PULSAR 40 SL,46
RO,14431,,192
RO,14431,LENTAGRAN 45 WP,199
RO,14440,SOLAR 360,21675
RO,14440,SOLAR 360 LT. 20,200
RO,14440,SOLAR 360 LT. 5,55
RO,14479,,300
RO,14479,SCHERMO 0.5 G,29113
RO,14479,SCHERMO 0.5 G KG. 10,20
RO,14523,,2.5
RO,14523,CARPO 600,417
RO,14549,LEPIBACK,3
RO,14559,AGREE WG,160
RO,14576,CUTRIL EVO,200
RO,14577,FORUM R 3B,70
RO,14582,FENGIB,24
RO,14629,GAT TESSLA 25 WG,353
RO,14636,,1034
RO,14636,BIOLID UP,3001
RO,14642,,248
RO,14642,RIDOMIL GOLD R WG,4096
RO,14660,BTK 32 WG,80
RO,14664,BERELEX 40 SG,5.02
RO,14683,BERMERAX,1.28
RO,14686,,1140
RO,14697,,11
RO,14697,ENERVIN DUO,721
RO,14699,,30
RO,14699,GEOXE,253.5
RO,14728,CELIO,319
RO,14735,,52.5
RO,14735,RANMAN TOP,393
RO,14737,,7185
RO,14737,ROUNDUP PLATINUM,30206.5
RO,14737,ROUNDUP PLATINUM LT. 15,45
RO,14737,ROUNDUP PLATINUM LT. 5,5
RO,14764,SLUXX HP,15
RO,14765,ELUMIS,1322
RO,14769,COMET 250 EC,773
RO,14769,COMET 250 EC LT. 1,3
RO,14794,AVALON SC,940
RO,14801,,6
RO,14801,ADMIRAL GOLD,2
RO,14812,,2
RO,14812,ENERVIN TOP,131
RO,14830,,2400
RO,14830,CUPROFIX ULTRA DISPERSS,315
RO,14836,BARBARIAN BIOGRADE 360,35
RO,14837,TARTAN,370
RO,14838,BARCLAY GALLUP BIOGRADE 360,9581
RO,14845,,2
RO,14846,,264
RO,14846,AVALON 250 EW,295
RO,14854,KARAMAT M,8
RO,14867,SYNERO,38
RO,14872,BELLIS DRUPACEE,85.5
RO,14876,GRANDSTAND,2
RO,14879,,6.15
RO,14879,LONTREL 72 SG,13.05
RO,14884,,237
RO,14884,CORUM,5496
RO,14884,CORUM LT. 1,24
RO,14884,CORUM LT. 5,50
RO,14891,TRICO,5
RO,14897,FLUROSTAR 200,10
RO,14916,SILWET SPRINTEX,1
RO,14918,,105
RO,14918,RIVIOR,208
RO,14935,,2026
RO,14935,TIMELINE TRIO,1737
RO,14935,TIMELINE TRIO LT. 1,7
RO,14936,AMPLIGO,524
RO,14940,,9.1
RO,14940,TAKUMI,75
RO,14944,FLUXYR 200 EC,28
RO,14967,TIPTOR ULTRA,339
RO,14969,HOPPER 480,2625
RO,14972,DICARZOL 50 SP,175
RO,14980,,74
RO,14980,AFFINITY PLUS,5
RO,15005,,20
RO,15005,FONTELIS,41
RO,15019,RIVIERA,1
RO,15023,,60
RO,15023,DERREX,1000
RO,15037,BREZZA,1
RO,15039,,1.5
RO,15039,GAMIT 36 CS,19
RO,15044,LAUDIS  WG,85
RO,15047,,10
RO,15047,R6 ERRESEI BORDEAUX WG,111
RO,15048,,1
RO,15048,INDOXAN 45 WDG,193
RO,15049,MODDUS,100
RO,15051,,4560
RO,15051,KYLEO,18545
RO,15052,KAIMO SORBIE,86.6
RO,15056,TOMCATO,44
RO,15058,PRINCIPAL MAIS,80
RO,15059,,403
RO,15059,DECIS EVO,2503
RO,15059,DECIS EVO ML. 250,1.75
RO,15062,,317
RO,15062,PIRAMAX  EC,365
RO,15063,NIMBLE,16.1
RO,15083,AUDACE,546
RO,15084,DRUM,13.5
RO,15089,MARKER DUO,400
RO,15096,GLIPHOGAN TOP CL,1015.5
RO,15101,CIMORAM ULTRA WG,140
RO,15102,CURZATE ERRE EVO,5
RO,15111,MIRADOR SC,27
RO,15111,MIRADOR SC LT. 1,12
RO,15115,,33
RO,15115,PROSPER 500 EC,50
RO,15122,,1
RO,15130,,1
RO,15130,INTREPID,98
RO,15142,,400
RO,15142,ALCANCE SYNC TEC,8266
RO,15149,,3975
RO,15149,COSAVET DF EDGE,40
RO,15198,,393
RO,15198,AZBANY,76
RO,15199,SAKURA,1987
RO,15201,FLOXY 400 SC,11
RO,15229,,340
RO,15229,STOPPER P,135
RO,15233,DALET TRIO,4
RO,15235,,11
RO,15235,MOMENTUM,3
RO,15251,AIRONE LIQUIDO,7857
RO,15253,,72
RO,15253,FALCON MK,15
RO,15264,ENERVIN SC,240
RO,15265,,760
RO,15265,PROMAN FLOW,1099
RO,15265,PROMAN FLOW LT. 1,9
RO,15265,PROMAN FLOW LT. 5,20
RO,15275,DURAVIS,785
RO,15275,DURAVIS KG. 1,19
RO,15291,TURFENE PLUS,9
RO,15293,MAVITA 250 EC,103
RO,15294,,417
RO,15294,KENDO BI-ACTIVE,31
RO,15299,METIX R,21
RO,15302,,41
RO,15302,AMYLO-X,120
RO,15307,,99.5
RO,15311,,125
RO,15313,THIAMON FLOW,750
RO,15315,,97
RO,15315,EMBRACE,25
RO,15317,,149
RO,15326,CUPROTEK DISPERSS,1080
RO,15330,PINDARUS 25 WDG,27
RO,15335,,67
RO,15337,EXPRESS,3.8
RO,15344,,48
RO,15344,FILAN WG,48
RO,15346,,7
RO,15348,,2
RO,15348,RIDOMIL GOLD R LIQUIDO,1211
RO,15349,,8
RO,15349,ARES 430 SC,1694
RO,15358,ZOLFO FLOW MCT,1200
RO,15363,MEDEIRO 80 WG ADVANCE,10
RO,15365,RAME ZOLFO FLOW MCT,2
RO,15369,MAGMA TRIPLE,42
RO,15375,NIC 4,7
RO,15378,,71
RO,15378,TRAXOS PRONTO 60,851
RO,15378,TRAXOS PRONTO 60 LT. 1,5
RO,15378,TRAXOS PRONTO 60 LT. 5,5
RO,15379,,156.77
RO,15379,AXIAL PRONTO 60,525.75
RO,15384,,51
RO,15384,LUNA EXPERIENCE,571
RO,15389,,2800
RO,15389,FLARE GOLD R WG,10
RO,15398,KAMIKAZE,10
RO,15401,,1065
RO,15401,TAIFUN MK CL,45273
RO,15402,DELTASAP,2
RO,15409,DECISION,9
RO,15410,DECA,482
RO,15411,DISHA,10
RO,15419,ELECTIS R FLOW,41
RO,15422,,4.86
RO,15422,TITUS DUO,23.94
RO,15436,MYCOTAL,0.5
RO,15438,SANMITE 10 SC,8
RO,15448,REBEL TOP,1
RO,15449,CIDELY,62
RO,15483,WISH,81
RO,15491,SWORD UP,232.5
RO,15493,SIMUN 40 OD,17
RO,15501,,27
RO,15501,QUIZ,45
RO,15507,CREW SUPERB,161
RO,15513,OSSICLOR 35 WG GREEN,1082
RO,15514,CUPRAVIT BLU 35 WG,1
RO,15536,,388
RO,15536,ANTAL,1
RO,15537,DELTAGRI,3
RO,15543,,26
RO,15543,LUMACHICIDA FER PFNPE,802.7
RO,15546,,16.45
RO,15546,BIATHLON 4D,576.15
RO,15546,BIATHLON 4D GR. 100,2.5
RO,15546,BIATHLON 4D GR. 350,1.05
RO,15549,,1
RO,15549,PROLECTUS 50 WG,43
RO,15550,,121
RO,15550,MERLIN FLEXX XTRA,26
RO,15553,,30
RO,15553,REGALIS PLUS,76.5
RO,15563,TRAILER,12.06
RO,15566,,168
RO,15566,VISION PLUS,654
RO,15574,KARMA 85,370
RO,15583,,602
RO,15583,PIRAT,323
RO,15589,KARDA,400
RO,15591,,3
RO,15598,,31
RO,15598,CARPOVIRUSINE EVO 2,61
RO,15610,CYPERKILL 50 EC,82
RO,15612,,4.95
RO,15612,SEMPRA,12.7
RO,15621,BOTTO 50 EC,185
RO,15629,BADGER 45% WG,1.5
RO,15630,,57
RO,15630,CARSON 45% WG,33
RO,15633,REVUS TOP,1
RO,15635,,971.5
RO,15635,ADENGO XTRA,3519.5
RO,15635,ADENGO XTRA ML. 0.500,3
RO,15642,HYDRA PLUS,148
RO,15654,ACCORD,38
RO,15655,KEETON 25 WG,294
RO,15665,KEMPO SORBIE,318
RO,15668,GHIBLI 240 OD,1
RO,15674,,0.1
RO,15674,AMADEUS TOP,0.25
RO,15680,MITHRA 40 SC,55
RO,15689,,12
RO,15689,DIFENZONE,217
RO,15693,,12
RO,15710,CLINCHER ONE,168
RO,15712,,11260
RO,15712,SATELITE,4095
RO,15715,VIDERYO F,5
RO,15718,,21.7
RO,15718,GRANSTAR TRIO,7.4
RO,15722,ARMICARB 85,15
RO,15736,KOPRON 35 WG,300
RO,15741,,10
RO,15741,AVADEX FACTOR,1000
RO,15744,,320
RO,15744,REBOOT,90
RO,15748,,133
RO,15748,SYLLIT 544 SC,470
RO,15751,VITENE TRIPLO R,5
RO,15752,,5
RO,15752,CIDELY TOP,74
RO,15753,PYXIDES DUO,37
RO,15754,SHARPEN 33% EC,14
RO,15769,,2790
RO,15769,MERO,436
RO,15790,AMISTAR TOP,10
RO,15806,ONYX,7
RO,15808,CYMBAL FLOW,1
RO,15831,VACCIPLANT,13
RO,15834,,1
RO,15836,,6
RO,15836,RATRON GW,13
RO,15837,,9.75
RO,15837,RATRON GL,3
RO,15838,,390
RO,15838,ROUNDUP ULTRAMAX,8310
RO,15856,AZAKA,107
RO,15868,CENTURION PRO,870
RO,15869,,1559
RO,15869,OPTIX STAR DISPERSS,2787
RO,15870,,6.8
RO,15870,CLIOPHAR 600 SL,6.6
RO,15882,ATILLA,50
RO,15888,AZOX 25 SC,111
RO,15892,BANG PLUS,60
RO,15900,,3580
RO,15900,TRIKA EXPERT,17330
RO,15901,,7880
RO,15901,ERCOLE,20830
RO,15907,PRESIDIUM ONE,384
RO,15911,SPIROX,91
RO,15915,,89
RO,15915,STARANE HD,200
RO,15926,,2225
RO,15926,MOJANG 600,6944
RO,15948,,89
RO,15948,SINSAJO,123
RO,15986,VEGAS 50 WG,6
RO,15990,,1
RO,15990,SCIROCCO 125 EW,3
RO,16007,,3011
RO,16007,REWARD,316
RO,16023,DIMBO 480 SL,96
RO,16027,METOMOR F,1500
RO,16032,,30
RO,16032,RADAR 10 EC,13
RO,16033,HEREU SC,19
RO,16034,DOURO 100 EC,12
RO,16037,MOJANG TX,5
RO,16038,CABRIO WG,111
RO,16041,BATTLE DELTA,7
RO,16042,TOSCANA,0.03
RO,16051,LENNS,125
RO,16054,,4
RO,16054,SINSTAR,12
RO,16056,SARACEN,0.25
RO,16063,ARIGO,8.25
RO,16064,CREDIT 540,640
RO,16065,SERRATE,98.25
RO,16071,MESOZIN 70 WG,3.5
RO,16074,GLORIAL 25 EC,308
RO,16076,SOLIS,140
RO,16076,SOLIS LT. 1,3
RO,16083,STIKER FLOW,0.25
RO,16084,BREVIS,31
RO,16085,TRIMUR,1.67
RO,16086,NEMGUARD GRANULES,175
RO,16089,BUGUIS,4.41
RO,16089,BUGUIS ML. 630,3.78
RO,16092,,316
RO,16092,CICLOPE,8
RO,16101,TOPAS COMBI LIQUIDO,50
RO,16104,ELECTIS TRIO WDG,203.5
RO,16108,ATELIER,5
RO,16132,,1.6
RO,16140,ALMADA F,52
RO,16142,MINECTO ALPHA,11
RO,16157,ATLANTIS FLEX,6.6
RO,16167,MARACANA,3
RO,16170,,20
RO,16170,TRICUP FLOW,138
RO,16171,,5.4
RO,16178,,50
RO,16181,,39
RO,16182,CLICK PRO,210
RO,16187,TANGO R PLUS,20
RO,16191,,227
RO,16191,TRIMAXX,415
RO,16198,EVORAM 15,100
RO,16199,CUPRORAM 35 WG BLU,2
RO,16200,,10
RO,16200,CUPRORAM 35 WG NC,880
RO,16205,IDROX 20,10
RO,16208,CLEANCLASTER,20
RO,16221,,21.4
RO,16221,MADEX TOP,9.4
RO,16224,,45
RO,16224,CUPRORAM 37.5 WG,220
RO,16226,,10
RO,16226,CIMOTER RAME WG,1327
RO,16232,MINERVE,114.8
RO,16235,,215
RO,16235,KEYFOL WG,50
RO,16237,GOLBEX WG,725
RO,16242,,185
RO,16248,FERREX,1314
RO,16249,CARDINAL 50 WG,60
RO,16251,,176
RO,16251,AFFIRM OPTI,1486
RO,16252,,595
RO,16252,AMISTAR GOLD,10
RO,16261,BELOUKHA,180
RO,16271,FRESCO,690
RO,16273,,118
RO,16273,SIVANTO PRIME,264
RO,16277,,130
RO,16277,ALMADA 50 SC,830
RO,16280,,210
RO,16280,ALMADA HYDRO,60
RO,16285,,281
RO,16285,KALIMBA,369
RO,16287,,48
RO,16287,SOLIGOR,3629
RO,16288,AMPEXIO,8.25
RO,16290,,0.5
RO,16290,AMADEUS ULTRA,44.71
RO,16293,,1
RO,16293,PACLOT NEW,29
RO,16295,,141
RO,16295,RAPAX AS,24
RO,16299,,3317
RO,16299,PASSAT SL,1547
RO,16305,BONZI,15
RO,16312,,4
RO,16312,TOMIGAN,19
RO,16312,TOMIGAN LT. 1,3
RO,16314,,65
RO,16314,ZOXIS 250 SC,2473
RO,16320,,2
RO,16323,PENDIWIN,8
RO,16325,,978
RO,16325,EPIK SL,6726
RO,16335,LIETO SC,58
RO,16336,,122
RO,16336,DELAN SC,257
RO,16354,SHARDIF 250 EC,8
RO,16363,,342.4
RO,16363,SIRTAKI,2329.1
RO,16363,SIRTAKI ML. 300,2.4
RO,16364,,2530
RO,16364,BISMARK,7710
RO,16369,,5
RO,16369,ORTIVA TOP SC,395
RO,16376,PROXIMO,51
RO,16379,,747
RO,16379,PREV-AM PLUS,526
RO,16381,,28
RO,16381,CALLICORE,546
RO,16384,,1117
RO,16384,ELATUS ERA,2355
RO,16385,,78.75
RO,16385,ELATUS PLUS,233.25
RO,16395,MOHICAN 500 SC,143
RO,16396,TEMSA 100,3
RO,16415,MADEX TWIN,0.4
RO,16425,,40
RO,16425,LASER 120 SC,157
RO,16433,FLINT RISO,24
RO,16438,,217.5
RO,16438,VELUM PRIME,80
RO,16442,PROFILER,315
RO,16442,R6 ERRESEI ALBIS EASY,150
RO,16457,,2450
RO,16457,POLTIGLIA 20 WG GREEN,648
RO,16458,OSSICLOR 30 GREEN,140
RO,16461,,460
RO,16461,CENTURION 240 NEO,613
RO,16472,,238
RO,16472,CONVISO ONE,315
RO,16474,,19.2
RO,16474,MATSUDA 25 WG,107
RO,16477,RIVAL,22
RO,16480,,208
RO,16480,3LOGY,220
RO,16481,,3875.97
RO,16481,CALLISTO 480,12.6
RO,16485,,35
RO,16485,ROMULAN,71
RO,16498,,171
RO,16500,TRIBAL,2.21
RO,16509,IBISCO,18
RO,16523,MISTER C,8.4
RO,16527,TELLUS WP,1
RO,16538,KITAMBA,5
RO,16562,,210
RO,16562,DELAN PRO,1520
RO,16565,EXECUTIVE GOLD,8.7
RO,16566,KUPPER 20 WG,410
RO,16567,,20
RO,16570,SENCOR 600 SC,594
RO,16573,,169
RO,16573,FIGHTER,88
RO,16575,TRIMMER 50 WG,3.56
RO,16577,,2
RO,16577,U46 COMBI DUO,33
RO,16578,MELODY COMPACT WG,41
RO,16596,SANIUM SL25 PFNPE,0.57
RO,16597,SANIUM SL25 PFnPO,0.6
RO,16598,SANIUM AL PFNPE,38.28
RO,16599,SANIUM AL PFnPO,20
RO,16607,,180
RO,16609,,880
RO,16616,,1230
RO,16616,VALLEY,3163
RO,16616,VALLEY LT. 1,29
RO,16618,COLZA POWER PFNPE,58.14
RO,16624,,42
RO,16624,LUNA CARE,714
RO,16625,MAINSPRING,0.8
RO,16630,NATUREN LIMEX PFNPE,382.15
RO,16632,LUNA SENSATION,11.5
RO,16640,,24
RO,16640,MAZA 4% SL,3
RO,16643,,48
RO,16643,SUCCESS GR,1776
RO,16654,POLYVERSUM,30.5
RO,16657,,885
RO,16657,CENTURY PRO,1090
RO,16658,,124
RO,16658,DAGONIS,1307
RO,16660,ACTLET C,50
RO,16667,,729
RO,16667,REVOLUTION,565
RO,16690,,523
RO,16690,KESTREL,1502
RO,16694,CHANON,105
RO,16699,,1.3
RO,16699,RIMURON,2.9
RO,16701,,17.8
RO,16701,PLAZA,907.9
RO,16734,T34 BIOCONTROL,2
RO,16735,LOBETEC,7.48
RO,16742,NEMGUARD SC,52
RO,16749,FOLPAN ENERGY,5
RO,16753,,55
RO,16753,MERPLUS,35
RO,16757,DICASH,16
RO,16761,DELMUR,6
RO,16774,ISOMATE C LR MAX TT,0.86
RO,16776,,467
RO,16776,ASSET FIVE,746.75
RO,16779,TONALE,426
RO,16780,,280
RO,16780,SERENADE ASO,455
RO,16783,,2152
RO,16783,NICARAGUA,204
RO,16787,,1960
RO,16787,CLINIC ST,5160
RO,16792,PROFILE PLUS,45
RO,16796,JOICE 55 D,1205
RO,16797,DEMETRINA 25 EC,101
RO,16802,,44
RO,16802,ZYPAR,5659
RO,16802,ZYPAR LT. 1,16
RO,16808,NEXT,31
RO,16813,,12.5
RO,16813,XANADU,0.8
RO,16814,TREZAC,2
RO,16816,,40
RO,16816,EXALT 25 SC,479
RO,16818,,10
RO,16818,FLUAZINOVA PLUS,505
RO,16819,,5
RO,16819,NATUR BREAKER,2
RO,16827,MAISOT,710
RO,16828,MAKURI MAX,20.5
RO,16830,FANDANGO 360 TF,200
RO,16831,GLIFENE BIOGRADE,10225
RO,16832,,16
RO,16833,,180
RO,16833,PANTOX 360 SUPER,4087
RO,16836,STALLION IT SYNC,15
RO,16841,,30
RO,16843,,30
RO,16846,,2
RO,16846,VESTICOR,133.1
RO,16857,SHORTTRACK,39
RO,16858,KENJA,7
RO,16867,,5
RO,16867,GLISTER STAR,563
RO,16868,,6
RO,16868,PACIFICA XPERT,2
RO,16882,,319
RO,16882,PROPULSE,1722
RO,16886,,40
RO,16886,CLOSER,199.5
RO,16891,CAPRENO,12
RO,16892,NEXY,0.17
RO,16895,,141
RO,16895,ZORVEC ENICADE,4.05
RO,16896,,3.2
RO,16896,ZORVEC ZELAVIN,0.2
RO,16897,KATOUN GOLD,10
RO,16902,AVIATOR XPRO,312
RO,16904,KIDEKA 100 SC,297
RO,16906,GHIBLI PLUS,36
RO,16916,,90
RO,16917,LOGRADO PLUS,100
RO,16925,WISH TOP,15
RO,16939,SARUMO,4
RO,16945,,23
RO,16945,SERCADIS,82.9
RO,16946,DARAMUN,20
RO,16950,MANAMID 100 SC,611
RO,16957,,500
RO,16957,ZORVEC VINABRIA,289
RO,16958,PROLIANT,3.4
RO,16963,AVENOX 240,109.5
RO,16968,,35
RO,16968,PENDINOVA,15
RO,16976,,1335
RO,16976,VITIKAPPA,970
RO,16988,,660
RO,16988,NAIF,4560
RO,16994,GRIMS DUO,204
RO,17003,PRIAXOR,1956
RO,17005,CLOMATE,122.5
RO,17006,MONCUT,53
RO,17008,LALGUARD M52 OD,115
RO,17014,,3
RO,17014,DELEGATE WDG,176.8
RO,17020,NORIOS,5
RO,17026,,630
RO,17026,DUPLOSAN SUPER,150
RO,17038,TUAREG NEW,6228
RO,17049,VOYAGER,23
RO,17058,,6
RO,17058,ROMEO,1
RO,17060,DERBY,35
RO,17066,,94
RO,17066,PRAXIM,770
RO,17075,MOVIDA,0.63
RO,17076,GAZELLE,1243
RO,17078,,281
RO,17078,QUANTUM L,299
RO,17079,,1660
RO,17079,FORCE EVO,6900
RO,17081,CUPROSSIL IDRO NEW 20 WG,247
RO,17099,ZAKEO 250 SC,194
RO,17107,SPYRIT 50 SC,194
RO,17112,,8
RO,17112,DIFCOR,66
RO,17115,,1738
RO,17115,ZETROLA,1597
RO,17116,,570
RO,17116,ACTIVUS ME,2253
RO,17116,ACTIVUS ME LT. 1,16
RO,17116,ACTIVUS ME LT. 5,20
RO,17121,ATLANTIS ACTIV,47.52
RO,17123,AVANA,10
RO,17128,JURA EC,40
RO,17129,COSAVET FLOW,10
RO,17149,,20
RO,17149,AZ 250 SC,645
RO,17164,,285
RO,17165,,161
RO,17165,WASAN,9
RO,17168,VERDRAM TRI HI BIO,500
RO,17170,BELKAP EXTRA,24
RO,17178,TOTAL GREEN L,2895
RO,17193,MAZICA,16.28
RO,17194,DICARINI,19.92
RO,17203,PETANCK,170
RO,17204,,175
RO,17205,CIDIAL,27
RO,17209,,140
RO,17209,DAVAI,1288
RO,17209,DAVAI LT. 1,10
RO,17211,GENKOTSU,3
RO,17212,ISERAN,377
RO,17217,ARMICARB SPRAY PFNPE,51.75
RO,17222,CURBATUR EC 250,322
RO,17226,,3.07
RO,17226,CHECKMATE PUFFER FRUIT MULTI,42.36
RO,17234,MAYA 70 WG,275.5
RO,17242,NEXTER 10 SC,4
RO,17248,ZORVEC VINABEL,121
RO,17254,SIAGRAN ULTRA,14.2
RO,17255,CHAMANE,369
RO,17261,POKER GEO,6940
RO,17266,DELTAKILL EC,87
RO,17268,,6
RO,17268,KUKI 70,211
RO,17270,,648
RO,17270,ASCRA XPRO,1852
RO,17272,SERIFEL,9
RO,17275,NOTO CLASS,157
RO,17278,KIDEKA,386
RO,17281,PETALIN,46
RO,17284,RODEO PLUS,19685
RO,17284,RODEO PLUS LT. 20,100
RO,17284,RODEO PLUS LT. 5,5
RO,17293,DIAGONAL,2
RO,17294,,38
RO,17304,KAN-DOO,380
RO,17307,TAZER,39
RO,17313,,118
RO,17313,ARTINA EC,216
RO,17319,,45
RO,17319,FOXPRO,123
RO,17320,SENIOR 75 WG,247
RO,17320,SENIOR 75 WG GR. 500,1.5
RO,17325,BUTIK,6
RO,17327,SHERPA 0.8 MG,708
RO,17330,RHIZOPON AA POLVERE 2%,6
RO,17340,APHOX 50,5
RO,17346,EXOSET 240 EC,2761
RO,17358,BLAISE ULTRA,1312
RO,17360,,85
RO,17360,MAGO,2435
RO,17366,LOYANT 25 Neo EC,251.4
RO,17368,ALETIL DF,1
RO,17369,ECOMIX,387
RO,17369,ECOMIX LT. 1,14
RO,17371,,30
RO,17371,FLARE GOLD R LIQUIDO,120
RO,17377,,0.24
RO,17377,REFINE SX,27.43
RO,17378,,282
RO,17378,GACHINKO,15.3
RO,17389,SHARK PF,10
RO,17398,,1670
RO,17398,DOMITREL 400 CS,105
RO,17403,BLOSSOM PROTECT NEW,15
RO,17407,WINTECH,930
RO,17411,ATONIK,16
RO,17421,AGRIZOLE 250,42
RO,17422,,1131
RO,17422,ENVITA SC,408
RO,17432,,44
RO,17432,AGHARTA,84
RO,17435,,24
RO,17435,RIDOMIL GOLD COMBI WG,24
RO,17451,TEKKEN,1037
RO,17452,TARCAN,93.25
RO,17454,ENCARIT,144
RO,17455,PALIO,118
RO,17461,,91
RO,17462,ORONDIS VEG,13.25
RO,17469,TAEGRO,81.4
RO,17471,,321
RO,17471,ORDEXO,5
RO,17472,,112
RO,17472,JADE,5513
RO,17472,JADE LT. 1,2
RO,17475,RODAL 240,22
RO,17478,EMPIRE,50
RO,17496,,667
RO,17496,OPTIMO WG,53
RO,17497,CALDERA,210
RO,17498,PULSAR EVO,10
RO,17503,BORDOLESE 20,1225
RO,17508,,75
RO,17508,POLYCOM 70 DF,4695
RO,17513,METREX,48.5
RO,17524,ALCOBAN,130
RO,17529,MEDOR 70 WDG,4.75
RO,17551,CYPERFOR 100 EW,37
RO,17552,COLUMBO PRO,12
RO,17586,AXIAL ONE,942
RO,17597,,25.5
RO,17598,,32.7
RO,17598,AFINTO,13.32
RO,17600,INPUL,0.75
RO,17601,ANDROMEDA,426
RO,17605,BACK 100 SC,15
RO,17612,,282.75
RO,17612,RABONA,117.25
RO,17615,WARDEN EVO,27
RO,17633,TROLLER 50 SC,9.25
RO,17634,,1593
RO,17634,FRAXION,125
RO,17651,,445
RO,17651,METAREX ONE,405
RO,17655,,646
RO,17656,,63
RO,17656,BIOVIS,3
RO,17660,ACTIGAN EKO,200
RO,17661,PRESTIGAN EKO,10
RO,17665,,20
RO,17665,PYRUS PRO,91
RO,17666,,131
RO,17666,PROSARO PLUS,1110
RO,17671,,37
RO,17671,VENZAR SC,139
RO,17675,TUTATEC,0.13
RO,17680,GALILEO,406
RO,17687,ELTIRA,185
RO,17693,,20
RO,17693,HATTRICK 30 WG,170
RO,17697,SUPRACAFFARO FLOW,160
RO,17709,MIDAURIL R FLOW,228
RO,17730,CLIVIS MICRO,285
RO,17743,SHALLOW,356
RO,17744,CHOUCAS,99
RO,17745,PREDILECTO,4
RO,17746,,211
RO,17746,CLEMATIS,238
RO,17746,CLEMATIS LT. 1,9
RO,17749,,6
RO,17749,DRONE,29
RO,17751,PRAKTIS,369
RO,17752,,250
RO,17752,STAVENTO,322
RO,17754,REVYCARE,5588
RO,17754,REVYCARE LT. 1,24
RO,17754,REVYCARE LT. 5,10
RO,17760,NIRVANA,188.48
RO,17781,EUSKATEL,12
RO,17785,,103
RO,17785,ZORVEC ENTECTA,20.75
RO,17798,BOX,29.5
RO,17803,,243
RO,17803,CERERIS,43
RO,17805,,10
RO,17807,PARLEAF,652.5
RO,17807,PARLEAF LT. 2.5,22.5
RO,17808,ANTENE S,17
RO,17812,,12.6
RO,17813,NYMEO,1060
RO,17820,,60
RO,17824,,1385
RO,17824,MIRADOR TURBO,892
RO,17826,,3
RO,17826,DOMARK 125 PLUS,38
RO,17840,,400
RO,17840,OLIOCIN PLUS,25
RO,17847,CEDROZ,20
RO,17863,AFFLANK,1145
RO,17864,PHYTON,1.7
RO,17865,,69
RO,17865,RIAMBA,9
RO,17880,,73
RO,17888,,60.5
RO,17888,VOLIAM,540.05
RO,17889,SIMPLY,580
RO,17890,GEATER MAXI,4410
RO,17894,TRIKA ENERGY,450
RO,17896,FORTUNE DISPERSS,20850
RO,17897,MICRONOL ENERGY,80
RO,17912,CLAVITUS 13SL,1
RO,17913,,3643
RO,17913,BILOXA 120 EC,55
RO,17918,CORELLO 75 WG,37
RO,17920,,62
RO,17920,GHIBLI TM,178
RO,17921,,2591
RO,17921,BALAYA,226
RO,17923,ARNOS SC,3
RO,17924,STRALE 250 EC,439
RO,17931,,7
RO,17932,ORO-QUIN,410
RO,17938,,5005
RO,17938,CLINIC TF,5825
RO,17944,HOKONZA,239
RO,17945,LUMEO,133.2
RO,17946,,822
RO,17946,PEXET DUO,15
RO,17947,CODAL,1181.25
RO,17949,,30
RO,17951,,33
RO,17951,AUDACE SC,1773.61
RO,17952,PLANTIVAX SL,319
RO,17961,SOILGUARD 0.5 GR,470
RO,17976,MESOCORE 100 SC,9
RO,17979,VELIFER,10
RO,17984,KARATETRAP C,0.27
RO,17985,KARATETRAP B,0.19
RO,17998,,20
RO,18001,MIKONOS,20
RO,18011,OIZISA 480 SL,243
RO,18021,PECARI 300,435.5
RO,18022,,415
RO,18022,PROLINE PLUS,170
RO,18044,PATTON FLEX,1821
RO,18070,,868
RO,18070,JANERO 480 SL,104
RO,18072,,434
RO,18072,SONAVIO,122
RO,18074,,6650
RO,18074,ROUNDUP FUTURE,9883
RO,18081,,601
RO,18081,DIFECOL,229
RO,18082,SERCADIS SC,104.5
RO,18083,LIRONAS,1471
RO,18084,,17865
RO,18084,SITRIN,5
RO,18092,,606
RO,18092,REVYSTAR XL,2650
RO,18108,GLIALKA PLUS,2550
RO,18109,,3
RO,18109,KASKO MET,341
RO,18119,,1635
RO,18119,SINALA,64
RO,18125,ALLSTAR,57
RO,18131,MONTANA 450,680
RO,18133,TACOS,48
RO,18134,DOMARK CEREALI,1505
RO,18137,,100
RO,18137,REVYSION,1752
RO,18139,IRONITE PFNPE,60
RO,18143,QUESTAR,1717.5
RO,18147,AUDACE EC,76
RO,18148,BUGGY GOLD,10200
RO,18149,EXITUL,35
RO,18152,,617
RO,18155,REVYSTAR,10
RO,18156,APYZA WG,20
RO,18172,MIKONOS EVO,40
RO,18181,,623
RO,18181,UNIVOQ,4844
RO,18190,MODIF,18
RO,18206,,148.05
RO,18213,BACILLUS CHEMIA PFNPE,21.78
RO,18216,VITIKAPPA PFNPE,21.3
RO,18222,,22
RO,18222,FERRAMOL PFNPE,1782.05
RO,18223,NATRIA LUMACHICIDA PFNPE,5
RO,18224,,1000
RO,18224,SAPULI',3500
RO,18225,,1
RO,18225,SIMPELL,22.75
RO,18229,BAC MK PFNPE,6
RO,18232,BORDOFLOW NEW PFNPE,145.15
RO,18235,,3
RO,18235,CIOPPER PFNPE,31.6
RO,18239,FLIPPER PFNPE,4
RO,18241,IDRORAME FLOW PFNPE,10.5
RO,18242,,0.35
RO,18242,LEPINOX PLUS PFNPE,15.97
RO,18244,MOMENTUM PFNPE,7.7
RO,18245,,6
RO,18245,POLTIGLIA MANICA 20 WG PFNPE,62
RO,18251,TIOLENE PFNPE,30
RO,18253,VERDERAME 20 WG PFNPE,34.5
RO,18254,ZOLVIS 80 SECTOR PFNPE,51
RO,18256,NISUS 3B PFNPE,4
RO,18257,3LOGY PFNPE,1.3
RO,18259,BARBARIAN BIOGRADE 360 PFNPE,804.5
RO,18261,,1.5
RO,18261,BARCLAY GALLUP BIOGRADE 360 PFNPE,282.5
RO,18263,BIOLID UP PFNPE,111.3
RO,18266,COBRE NORDOX SUPER 75 WG PFNPE,2.4
RO,18267,CONTENDER 80 WG PFNPE,18.6
RO,18269,GLIFENE BIOGRADE PFNPE,389
RO,18270,,956.5
RO,18270,GLIPHOGAN TOP CL PFNPE,2263.5
RO,18274,NEMGUARD GRANULES PFNPE,0.25
RO,18277,,48
RO,18277,SHAMAL MK PLUS CL PFNPE,691.5
RO,18283,XEDAVIR PFNPE,2
RO,18284,,3
RO,18284,WANAX PFNPE,5.6
RO,18287,V-DIM 240 EC,7
RO,18292,YUKON,6750
RO,18299,DEED,138
RO,18304,CLOWN,1
RO,18310,,347
RO,18310,MELVAR,150
RO,18313,FERRONITE PFNPE,12
RO,18318,PRINCIPAL FORTE,57.68
RO,18332,LOGRADO 360 SL,223
RO,18369,,660
RO,18369,HALVETIC,810
RO,18379,STELLAR,1380
RO,18399,RISTER,2690
RO,18417,NIMBUS COMBI,16
RO,18425,PRECISE,15
RO,18445,PANTERA TOP,634
RO,18449,DIXY,1
RO,18459,FURY STAR,9410
RO,18490,BRIXTON,1121
RO,18495,KYLEO TOP,1065
RO,18525,,100
RO,18528,ORONDIS ULTRA VEG,66.5
RO,18530,WEEDMASTER PRO 540,2735
RO,18544,,1700
RO,18593,,6650
RO,18593,AF-X1 2024,2012.5
RO,18604,AURA 2024,75
RO,18606,EXIREL 2024,3
RO,18607,BENEVIA 2024,4
RO,18608,,15
RO,18608,VERIMARK 2024,50
RO,18619,SPEAR-LEP,40
RO,18674,,31570
RO,18674,D-D SOIL XIX,615
RO,18678,,400
RO,18714,,15
TV,13,,18500
TV,13,THIOPRON,149019
TV,13,THIOPRON DA 10 LT,40
TV,13,THIOPRON LT 10,150
TV,17,U 46 COMBI FLUID,1
TV,133,U 46 D-FLUID,1
TV,206,ALBENE,30
TV,599,ACUPRICO 76 WG,610
TV,619,VALGRAN,4
TV,747,,450
TV,747,ZOLFO SPRUZZABILE,1150
TV,909,POLISOLFURO DI CALCIO POLISENIO,25
TV,1155,,3
TV,1155,CHEMOL 90 EL,11
TV,1156,,35
TV,1156,CHEMOL,2474
TV,1156,CHEMOL LT 1,52
TV,1156,CHEMOL LT 25,375
TV,1156,CHEMOL LT 5,120
TV,1573,BASAMID GRANULAT,380
TV,1583,,98045
TV,1583,MICROTHIOL DISPERSS,735786
TV,1583,MICROTHIOL DISPERSS DA 15 KG,1545
TV,1583,MICROTHIOL DISPERSS KG 15,1590
TV,1850,IDRORAME FLOW,767
TV,1850,IDRORAME FLOW PFnPE,12
TV,1936,,9300
TV,1936,LIQUIZOL M,9720
TV,2191,WETTING PLUS,164
TV,2259,PASTA LUMACHICIDA IN GRANI,549
TV,2260,GASTROTOX E,1020
TV,2291,,35
TV,2291,ESCA REGINA N,99
TV,2307,,94
TV,2307,VECTOR,7384
TV,2518,,2
TV,2603,ESCACIDE,132
TV,2732,,170
TV,2732,GOLTIX,1
TV,2923,,1436
TV,2923,TIOVIT JET,6384
TV,2923,TIOVIT JET DA 1 KG,280
TV,2923,TIOVIT JET DA 25 KG,475
TV,2923,TIOVIT JET KG 1,86
TV,2923,TIOVIT JET KG 10,280
TV,2923,TIOVIT JET KG 25,925
TV,3065,OLIOCIN,4
TV,3102,OLEOTER,558
TV,3102,OLEOTER ML 500,3
TV,3132,SEPR-OIL PFNPE,0.75
TV,3182,,121
TV,3182,AFITIN L,23
TV,3343,,37
TV,3343,U46 M CLASS,1367
TV,3412,,3
TV,3412,SYLLIT 65,37
TV,3486,,2
TV,3486,TRISCABOL DG,50
TV,3503,,411
TV,3503,AGRUMIN,2776
TV,3503,AGRUMIN LT 1,10
TV,3553,,200
TV,3553,CURZATE,2503
TV,3553,CURZATE KG 1,61
TV,3658,SIPCAMOL E,0.75
TV,3745,METAM,0.8
TV,3767,,60
TV,3767,FENOXILENE 200,369
TV,4701,PIRIMOR 50,22
TV,4710,ALIETTE,6340
TV,4710,ALIETTE KG 1,3
TV,5152,,14720
TV,5152,TIOSPOR WG,67273
TV,5574,LUMAKIDIN 5G,50
TV,5574,LUMAKIDIN 5G KG 5,200
TV,6136,GERMON L,24.1
TV,6321,STIMOLANTE 66F,2.16
TV,6322,OBSTHORMON 24A,15
TV,6437,,3
TV,6437,ETHREL,1
TV,6556,K-OBIOL DP2,130
TV,6557,,3
TV,6834,,2940
TV,6834,TEPETA COMBI FLOW,3510
TV,6873,IDRORAME 193,5
TV,6945,TOPAS 10 EC,150
TV,6945,TOPAS 10 EC LT 1,1
TV,6956,TARGA FLO,1
TV,7020,,421
TV,7020,BAGNANTE CIFO,3796
TV,7053,PASTA CAFFARO NC,309
TV,7055,PASTA CAFFARO BLU,10
TV,7368,TURFENE L,461
TV,7401,POLTIGLIA CAFFARO 20 DF NEW,698
TV,7411,DIRAGER,0.5
TV,7483,DEVRINOL F,11
TV,7541,APOLLO SC,2
TV,7555,KLARTAN 20 EW,2
TV,7644,TENSIL,105
TV,7700,,11.8
TV,7700,MATACAR FL,58.2
TV,7736,ZOLFO SCORREVOLE TRIVENTILATO 95% S,8750
TV,7764,,9120
TV,7764,TIOLENE,13347
TV,7764,TIOLENE PFn PE,8
TV,7911,,1100
TV,7911,AIRONE EXTRA,8452
TV,7911,AIRONE EXTRA KG 1,3
TV,7911,AIRONE EXTRA KG 10,20
TV,7916,,13373
TV,7916,POLYRAM DF,96106.5
TV,7916,POLYRAM DF DA 2 KG,86
TV,7916,POLYRAM DF KG 2,92
TV,7919,,190
TV,7919,TOUCHDOWN,1090
TV,7922,,175
TV,7922,OPALENE FLUID,61
TV,7930,,77
TV,7930,KERB FLO,2629
TV,7961,RIZOLEX  GOLD,10
TV,7983,ZODIAC DFF,48
TV,7984,STRATOS,13
TV,8023,,116
TV,8023,SUMIALFA ECHO,1226
TV,8102,,181
TV,8102,MERPAN 80 WDG,1774
TV,8139,MANTA GOLD,9
TV,8146,,39
TV,8146,GALLERY,422
TV,8157,ZETARAM 20 L,2
TV,8184,CHALLENGE,326
TV,8225,BLUE SHIELD HI BIO,9540
TV,8229,BOLAS SC,3
TV,8259,,99
TV,8259,LAMDEX EXTRA,313
TV,8320,DELFIN,14
TV,8376,ARIANE II,78
TV,8376,ARIANE II LT 1,124
TV,8376,ARIANE II LT 5,90
TV,8498,FOLICUR WG,279.5
TV,8542,,216
TV,8542,FORUM 50 WP,2426
TV,8546,DANITRON,33
TV,8581,,3786
TV,8581,FOLIANE SC,5792
TV,8599,GOLD BEET,25
TV,8601,,19048
TV,8601,FOLPAN 80 WDG,86111
TV,8601,FOLPAN 80 WDG DA 1 KG,30
TV,8601,FOLPAN 80 WDG KG 1,17
TV,8601,FOLPAN 80 WDG KG 5,180
TV,8601,FOLPAN 80 WDG XDA 5 KG,185
TV,8656,,2376
TV,8656,GLIFENE HP,489
TV,8656,GLIFENE HP LT 5,5
TV,8706,AMID THIN W,2.5
TV,8715,DIRAMID,8
TV,8735,,2600.5
TV,8735,TREBON UP,8146.3
TV,8735,TREBON UP 0.5,14
TV,8735,TREBON UP DA 0.5 LT,4
TV,8735,TREBON UP ML 500,74
TV,8795,VERTIMEC EC,155
TV,8801,,124.25
TV,8801,SCORE 25 EC,1507.75
TV,8836,MIMIC,319
TV,8838,GERMON BEWURZELUNGSPUDER PER TALEE ,2.2
TV,8874,ETOFUM FL,2
TV,8882,,4
TV,8882,ULTRA FINE OIL,641
TV,8886,SAFARI,13.92
TV,8899,,1125
TV,8899,ZOLFO VENTILATO RAMATO 5%,6125
TV,8900,ZOLFO VENTILATO RAMATO 3%,100
TV,8934,,103
TV,8934,SCALA,104
TV,8937,,20
TV,8937,SHIRUDO,220.1
TV,9005,,229
TV,9005,AGIL,1958
TV,9005,AGIL DA 1 LT,2
TV,9005,AGIL LT 1,66
TV,9005,AGIL LT 5,185
TV,9010,RAMEZIN COMBI WG,70
TV,9012,CUPROCAFFARO MICRO,2042
TV,9126,CONCORDE COMBI,847
TV,9148,SYLLIT 400 SC,6
TV,9210,,885
TV,9210,QUADRIS,16098
TV,9210,QUADRIS LT 1,41
TV,9244,ZIRAMIT 76 WG,70
TV,9286,OHAYO,51
TV,9342,DELTRIN,6.5
TV,9371,PEAK GR 40,0.08
TV,9373,CHORUS,7
TV,9420,OSSIRAM 70 FLOW,10
TV,9422,,212
TV,9422,EVADE,1954.25
TV,9422,EVADE LT 1,95
TV,9422,EVADE LT 5,115
TV,9448,RIFLE 3-18 R BLU,397
TV,9449,EMERALD COMBI,151.5
TV,9509,PROMALIN NT,5
TV,9569,,39
TV,9569,ZETARAM 3B FL,590
TV,9575,DRIBBLING 240 EC,110
TV,9578,,381
TV,9578,SWITCH,5834.5
TV,9578,SWITCH DA  DA 1 KG,6
TV,9578,SWITCH DA 0.25 KG,0.75
TV,9578,SWITCH GR 250,0.75
TV,9578,SWITCH KG 1,43
TV,9627,SOLUTION 20 DISPERSS,7525
TV,9705,,2
TV,9705,PREVITER,1149
TV,9723,DE-SPROUT N,40
TV,9724,TIOWETTING DF,1126
TV,9757,SPYRALE,29
TV,9790,CONTATTO 320,43
TV,9800,,356.5
TV,9800,MAVRIK SMART,4972.5
TV,9800,MAVRIK SMART LT 0.15,4.95
TV,9800,MAVRIK SMART LT 1,4
TV,9843,,48
TV,9843,BASAGRAN SG,474
TV,9954,,317
TV,9954,JOKER,2837
TV,9954,JOKER LT 1,67
TV,9954,JOKER LT 5,40
TV,10048,KUMULUS TECNO,19325
TV,10117,,557
TV,10117,STRATOS ULTRA,11663
TV,10117,STRATOS ULTRA DA 5 LT,5
TV,10117,STRATOS ULTRA LT 1,40
TV,10117,STRATOS ULTRA LT 5,75
TV,10118,,14
TV,10118,AMISTAR,285
TV,10142,VERNOIL,100
TV,10158,PIREFLOR,656
TV,10161,,4
TV,10161,ORTIVA,636
TV,10175,SPORAMIL R FLOW,891
TV,10209,GLYFOS ULTRA,10
TV,10263,DRIVER,5
TV,10296,,3
TV,10305,,42
TV,10305,OIKOS,405
TV,10306,MISTRAL,335
TV,10350,BLAST SG,108
TV,10357,RIGRON SG,18
TV,10381,CONCORDE 40 EW,834
TV,10415,ARIC 480 L.S.,66
TV,10423,,8
TV,10423,LUMACHICIDA VEBI,56
TV,10423,LUMACHICIDA VEBI KG 5,125
TV,10425,SCUDEX,133
TV,10439,,8
TV,10439,SPRAY DUNGER GLOBAL,587
TV,10461,DICOTURF,15
TV,10474,TERDIM,235
TV,10479,,1215
TV,10479,NATURALIS,614
TV,10573,,250
TV,10573,KOCIDE 2000,11625
TV,10573,KOCIDE 2000 DA 1 KG,8
TV,10577,,3
TV,10577,METRIPHAR 70 WG,151
TV,10577,METRIPHAR 70WG,18.5
TV,10585,,65
TV,10585,SULCOTREK,895
TV,10588,,339
TV,10588,BIOPIREN PLUS,1556
TV,10604,,165
TV,10604,EMERALD 40 EW,1102
TV,10604,EMERALD 40 EW PFNPE,2.5
TV,10627,FRUPICA,3
TV,10632,,60
TV,10632,COBRE NORDOX SUPER 75 WG,424.2
TV,10671,CUAGRO HI BIO,34920
TV,10701,,480
TV,10701,CUMETA FLOW,9502
TV,10734,,284
TV,10734,DUAL GOLD,4493
TV,10734,DUAL GOLD LT 1,95
TV,10734,DUAL GOLD LT 5,165
TV,10735,,84
TV,10735,PRIMAGRAM GOLD,1513
TV,10735,PRIMAGRAM GOLD LT 1,65
TV,10735,PRIMAGRAM GOLD LT 20,180
TV,10735,PRIMAGRAM GOLD LT 5,85
TV,10741,,180
TV,10741,METACINQUE,2004
TV,10741,METACINQUE KG 1,68
TV,10771,,406
TV,10771,MOST MICRO,3812
TV,10771,MOST MICRO LT 1,21
TV,10771,MOST MICRO LT 5,210
TV,10816,PIRETRO GARDEN PFnPO,42
TV,10890,FLiPPER,1607.4
TV,10926,ALTOREX,273
TV,10929,,94.9
TV,10929,CHIKARA 25 WG,56.7
TV,10929,CHIKARA 25 WG GR 50,0.5
TV,10944,,18
TV,10944,KARATE ZEON,457.75
TV,10948,VITISAN WG,30.5
TV,10976,,191
TV,10976,METEOR,5666.75
TV,10976,METEOR LT 1,3
TV,10999,BETANAL SE,36
TV,11011,,83
TV,11011,DASH HC,1412
TV,11011,DASH HC LT 1,6
TV,11011,DASH HC LT 5,15
TV,11040,,250
TV,11041,METIX COMBI KG 1,5
TV,11041,METIX COMBI KG 10,30
TV,11044,TUREX,14
TV,11059,BIOPOWER,194
TV,11062,BION 50 WG,71
TV,11070,TIOGOLD DISPERSS,350310
TV,11102,,27930
TV,11102,HELIOSOUFRE S,11999
TV,11107,,9
TV,11107,ECO-TRAP,4
TV,11119,,401.8
TV,11119,FLINT,3052.6
TV,11119,FLINT DA 1 KG,1
TV,11120,ZENITH,65
TV,11133,,231.5
TV,11133,SHELTER,7020
TV,11133,SHELTER DA 0.5 KG,8.5
TV,11133,SHELTER GR 500,2.5
TV,11150,,1225
TV,11183,PROGERBALIN LG,4.5
TV,11196,SULFAR,20
TV,11197,,773
TV,11197,VITENE 45 WG,615
TV,11206,,22.5
TV,11206,CODACIDE,5263.35
TV,11206,CODACIDE DA 2.5 LT,5
TV,11206,CODACIDE LT 10,130
TV,11206,CODACIDE LT 2.5,55
TV,11243,,219
TV,11243,LEOPARD 5 EC,5534
TV,11252,LALSTOP Contans WG,216
TV,11253,CALLISTO,12
TV,11255,DIVAM FLOW,715
TV,11257,COSTAR WG,402
TV,11257,COSTAR WG GR 750,1.5
TV,11258,FAZOR STAR,80
TV,11299,OKLAHOMA,94
TV,11341,,57
TV,11341,STARANE GOLD,2439
TV,11341,STARANE GOLD DA 1 LT,9
TV,11353,,187
TV,11353,FUSILADE MAX,866
TV,11359,SARCAP 800,75
TV,11393,BEETLE,45
TV,11402,MELODY COMBI,345
TV,11416,OVIPRON TOP,2
TV,11448,KICKER,2
TV,11449,GARDOPRIM GOLD,1150
TV,11479,BRANCHER DIRADO,21
TV,11497,CRITTOVIT WG,3325
TV,11501,PARIFOL,494
TV,11505,,7
TV,11505,READY GERMIPLUS,678.65
TV,11505,READY GERMIPLUS KG 7,1260
TV,11523,SEPRADINA 400 SC,13
TV,11525,FUNGIDINA 400 SC,3
TV,11526,,8
TV,11526,SULTAN,339
TV,11549,ISOMATE OFM ROSSO FLEX,16.6
TV,11552,ISOMATE C TT,3.75
TV,11561,,1
TV,11561,NEEMAZAL T/S,61
TV,11569,,10
TV,11569,CUPROXAT S.D.I.,469
TV,11619,TIOFLOR WDG,199
TV,11637,,5011
TV,11637,CUPROFIX C DISPERSS,460
TV,11649,COMMAND 36 CS,122.8
TV,11654,,97
TV,11654,VERIN,5
TV,11678,ACTELLIC 2/P NEWPHARM,16
TV,11687,ACTELLIC 5 NEWPHARM,5
TV,11690,,1
TV,11693,,5.5
TV,11693,LASER,123.75
TV,11711,MEXIRAM HI BIO,510
TV,11711,MEXIRAM HI BIO KG 10,30
TV,11735,DELICIA CONTRA-LUMACHE,7
TV,11760,,3500
TV,11760,POLITHIOL,26620
TV,11767,BIG MAIS,1
TV,11779,KOP-TWIN,2273
TV,11786,AQ 10 WG,4.79
TV,11793,,28.5
TV,11793,XENTARI WG,24
TV,11852,SEVEN PFNPE,0.28
TV,11857,,1120
TV,11857,MIDAURIL COMBI,2480
TV,11862,LOBBY,7
TV,11872,RIFLE 3-18-R,191
TV,11908,VENTUREX 400 SC,19
TV,11908,VENTUREX 400 SC LT 1,24
TV,11908,VENTUREX 400 SC LT 5,195
TV,11964,POLTIGLIA CAFFARO 20 GD,1010
TV,11991,NEEMIK TEN,5
TV,11999,,1735
TV,11999,BUSSOLA WG NC,14355
TV,12010,TUAREG,20
TV,12025,GERBATHIN 2 LG,5
TV,12037,CAMIX,245
TV,12041,,361
TV,12043,PREVICUR ENERGY,97
TV,12043,PREVICUR ENERGY LT 1,15
TV,12043,PREVICUR ENERGY LT 5,35
TV,12044,CURZATE SYSTEM,1010
TV,12044,CURZATE SYSTEM DA 2.5 KG,10
TV,12048,TIOSOL 80 WG,3770
TV,12078,METALIM,144
TV,12096,,17131
TV,12096,POLTIGLIA DISPERSS,75774
TV,12096,POLTIGLIA DISPERSS DA 15 KG,75
TV,12096,POLTIGLIA DISPERSS KG 15,675
TV,12100,,11
TV,12100,ASSET DUO,77
TV,12106,,189
TV,12106,TALENDO,1421
TV,12114,AUXIGER LG,27.3
TV,12133,JUVINAL GOLD,4
TV,12149,GERBA 4 LG,8
TV,12156,MAKE UP 80 WDG,4
TV,12170,,10115
TV,12170,HELIOCUIVRE,8153
TV,12172,FERRAMOL,153
TV,12225,,12
TV,12225,TEPPEKI,35.48
TV,12285,,314
TV,12285,FORUM GOLD,3533
TV,12319,KRONOS,342
TV,12375,SUGAR 500 SC,90
TV,12381,,325
TV,12381,NU-FILM-P,1575
TV,12437,DELAN 70 WG,308
TV,12452,EQUIP,32
TV,12453,,30
TV,12453,MILDICUT,5689
TV,12482,,370
TV,12482,LUMAX,8000
TV,12482,LUMAX LT 20,1040
TV,12482,LUMAX LT 5,330
TV,12489,,3
TV,12528,,10
TV,12528,CABRIO TOP,4770
TV,12528,CABRIO TOP KG 1,4
TV,12528,CABRIO TOP KG 3,3
TV,12529,,97
TV,12529,TUCANA 25 EC,425
TV,12529,TUCANA 25 EC DA 1 LT,6
TV,12529,TUCANA 25 EC LT 1,2
TV,12534,,7
TV,12534,FOXTAIL,469.75
TV,12534,FOXTAIL PFNPE,0.5
TV,12548,XANILO 45 WG,317.5
TV,12566,,765.05
TV,12566,PYGANIC 1.4,811
TV,12590,DIASTAR MAXI,4190
TV,12622,,1.5
TV,12622,QUANTUM,1.5
TV,12625,EFUZIN 400 SC,1
TV,12647,GLITTER,191
TV,12647,GLITTER LT 1,18
TV,12647,GLITTER LT 5,145
TV,12662,METAFOL 700 SC,55
TV,12662,METAFOL 700SC,670
TV,12669,ARBIOGY,6
TV,12671,,202.82
TV,12671,HARMONY 50 SX,95.82
TV,12671,HARMONY 50 SX DA 16 GR,0.02
TV,12671,HARMONY 50 SX GR 10,3.06
TV,12671,HARMONY 50 SX GR 20,0.58
TV,12690,SPRUZIT INSETTICIDA CONCENTRATO PFn,0.84
TV,12691,SPRUZIT INSETTICIDA PRONTO USO PFnP,6
TV,12706,PERMIT,0.45
TV,12737,,5419
TV,12737,AIRONE PIU',16758
TV,12738,KING 360 HP,1761
TV,12748,GRIFON PIU',11815
TV,12754,,24
TV,12754,VERDRAM HI BIO,2031
TV,12756,,34
TV,12756,DICOTEX,417
TV,12759,OSSICLOR 35 WG,435.5
TV,12763,PYGRAIN,0.1
TV,12768,SPINTOR FLY,114.5
TV,12770,ALAR 85 GOLD,102
TV,12779,RAMEDIT COMBI WG,130
TV,12792,MAGIC TANDEM,432
TV,12806,FEDOR,710
TV,12828,SITOFEX,148
TV,12831,INSIGNIA,33
TV,12835,,88.21
TV,12835,ISONET LE,121.95
TV,12836,ISONET Z,3.3
TV,12859,BORNEO,2.5
TV,12860,MILBEKNOCK,14
TV,12862,,61
TV,12862,CANTUS,334
TV,12866,COLLIS,5
TV,12868,BELLIS,72
TV,12869,,71
TV,12869,SIGNUM,2254
TV,12873,FANTIC F WG,890
TV,12878,,7889
TV,12878,FOLPAN GOLD,40427
TV,12878,FOLPAN GOLD KG 1,40
TV,12878,FOLPAN GOLD KG 5,95
TV,12883,,2378
TV,12883,PROSPER 300 CS,7366
TV,12883,PROSPER 300 CS LT 1,9
TV,12886,,1682
TV,12886,KARATHANE STAR,17912
TV,12886,KARATHANE STAR DA 1 LT,14
TV,12888,,80
TV,12888,LEPINOX PLUS,128.3
TV,12889,AVOGADRO,13.2
TV,12916,SACRON 45 W,2067.5
TV,12933,,255
TV,12940,,11
TV,12940,KARATE ZEON 1.5,478.5
TV,12940,KARATE ZEON 1.5 ML 500,12.5
TV,12949,AZUPEC 80 WG,5321
TV,12960,STARPROP,12
TV,12961,HEREU,75
TV,12994,VIVER ELITE WG,305.5
TV,13012,,3355
TV,13012,FOLVIT 80 WDG,47749
TV,13012,FOLVIT 80 WDG DA 1 KG,20
TV,13012,FOLVIT 80 WDG KG 1,10
TV,13012,FOLVIT 80 WDG KG 5,30
TV,13018,,103
TV,13018,GONDOR,54
TV,13020,MICRORAM 35 WG,100
TV,13061,,133
TV,13061,BIOBIT DF,166
TV,13064,,3736
TV,13064,VITENE ULTRA SC,20276
TV,13064,VITENE ULTRA SC DA 1 LT,5
TV,13065,,670
TV,13065,DOMARK 125,130.75
TV,13068,NEORAM WG,260
TV,13084,,110
TV,13084,TELDOR PLUS,1018
TV,13093,,120
TV,13093,STOMP AQUA,14168
TV,13093,STOMP AQUA LT 1,89
TV,13093,STOMP AQUA LT 5,60
TV,13098,,200
TV,13098,ROUNDUP POWER 2.0,1401
TV,13104,ALGOR PLATIN,140
TV,13106,,86
TV,13106,IKANOS,704
TV,13108,CURAME BORDEAUX,138
TV,13116,MEDOR 35 CLASS,11
TV,13120,,24
TV,13120,MYSTIC 430 SC,96
TV,13126,CABRIO DUO,233
TV,13127,VALIS F,1439
TV,13149,,6
TV,13149,POLTIGLIA MANICA 20 WG,460.5
TV,13150,CURAME 25 WG,11
TV,13152,OPTIX R DISPERSS,7321
TV,13154,,18
TV,13154,MONDAK 480 S,38
TV,13156,CAMBEL 480 S,10
TV,13158,,17
TV,13158,REMEDIER,921
TV,13159,PRIMIAL,177
TV,13160,,2153
TV,13160,FORUM TOP,31314
TV,13160,FORUM TOP KG 5,65
TV,13168,,98
TV,13168,LAUDIS,1463
TV,13179,PLAYER COMBI SC,47
TV,13205,,200
TV,13205,ZOLFO MANICA SCORREVOLE DOPPIO RAFF,775
TV,13211,,925
TV,13211,ZOLFO VENTILATO SCORREVOLE 96%,675
TV,13213,,906
TV,13213,R6 ERRESEI ALBIS,53
TV,13218,FINALSAN PLUS,250
TV,13236,,3
TV,13236,BULLET,266
TV,13236,BULLET LT 1,80
TV,13236,BULLET LT 5,120
TV,13242,,147
TV,13242,NICOGAN V.O.,3317.5
TV,13244,,225
TV,13244,ZOLFO VENTILATO STELLA,11605
TV,13249,ZOLFO VENTILATO STELLA RAMATO S,2550
TV,13249,ZOLFO VENTILATO STELLA RAMATO S DA ,200
TV,13250,ZOLFO VENTILATO STELLA RAMATO B,585
TV,13252,PLAYER 250 SC,572
TV,13253,PLAYER SC,619
TV,13254,PLAYER 25 WG,18
TV,13255,PLAYER GR,182
TV,13263,BORDORAM 20 WG,11
TV,13263,BORDORAM 20 WG PFNPE,0.6
TV,13285,,365
TV,13285,SEVERAL,1924
TV,13290,,995
TV,13290,ZOLFO MANICA DOPPIO RAFFINATO VENTI,5450
TV,13313,CASPER,80
TV,13327,,2
TV,13327,GRANSTAR ULTRA SX,53.99
TV,13327,GRANSTAR ULTRA SX GR 200,4
TV,13327,GRANSTAR ULTRA SX GR 50,0.7
TV,13335,,4
TV,13367,DIVO,11
TV,13377,COLUMBUS,135
TV,13382,,3322.5
TV,13382,PERGADO SC,20035
TV,13382,PERGADO SC DA 0.5 LT,33.5
TV,13382,PERGADO SC DA 1 LT,46
TV,13382,PERGADO SC LT 1,37
TV,13382,PERGADO SC ML 500,15.5
TV,13386,,5
TV,13386,PROSARO,385
TV,13387,,6.36
TV,13387,FLORAMIX,56.18
TV,13387,FLORAMIX GR 530,14.84
TV,13388,BROADWAY,153.45
TV,13389,,726
TV,13389,AFFIRM,12104
TV,13389,AFFIRM KG 1,16
TV,13389,AFFIRM KG 10,20
TV,13389,AFFIRM KG 5,10
TV,13391,CYTHRIN 50 EC,184
TV,13405,,8
TV,13430,TENOR SC,1.4
TV,13451,,5
TV,13451,SPARVIERO,7
TV,13455,,203
TV,13455,ANTIGRAM GOLD,3465
TV,13455,ANTIGRAM GOLD DA 1 LT,1
TV,13455,ANTIGRAM GOLD LT 1,70
TV,13455,ANTIGRAM GOLD LT 20,60
TV,13455,ANTIGRAM GOLD LT 5,80
TV,13466,,816
TV,13466,SPOTLIGHT PLUS,9769
TV,13471,NICOZEA OD,98
TV,13472,ALIEN,7
TV,13485,,23226
TV,13485,FOLPEC 80 WG ADVANCE,70795
TV,13485,FOLPEC 80 WG ADVANCE KG 10,90
TV,13486,,248
TV,13486,JUDO,66
TV,13489,,454
TV,13489,CYMBAL,101
TV,13540,,3250
TV,13540,QUASAR R FLOW,3232
TV,13552,ZOLVIS 80 SECTOR,2206
TV,13560,,113
TV,13560,FORZA,8
TV,13581,,3475
TV,13581,ZOLVIS OTTANTA WG,1200
TV,13585,SOLOFOL,41540
TV,13586,,100
TV,13586,VERDERAME 20 WG,380
TV,13592,,1
TV,13592,VOLARE,100.1
TV,13600,ZOLFO S.A.I.M. DOPPIO VENTILATO SCO,3800
TV,13604,ZOLFO S.A.I.M. RAFFINATO DOPPIO VEN,4500
TV,13635,POLTIGLIA 20 PB MANICA,108.5
TV,13637,,2066
TV,13637,PERGADO F,10228
TV,13689,,1
TV,13689,FLINT MAX,25.5
TV,13689,FLINT MAX GR 500,6.5
TV,13693,BACILLUS CHEMIA,15
TV,13693,BACILLUS CHEMIA PFNPE,8.66
TV,13698,,471.25
TV,13698,VIVANDO,5020.5
TV,13698,VIVANDO DA 0.25 LT,6
TV,13698,VIVANDO DA 1 LT,17
TV,13700,ATLANTIS PRO,72
TV,13714,,3212
TV,13714,FOLPEC 50 SC,10957
TV,13714,FOLPEC 50 SC LT 10,20
TV,13753,GAL-GONE,349
TV,13771,NIMROD 250 EW,24
TV,13792,,10
TV,13792,STABILAN,110
TV,13796,CELL,2988
TV,13796,CELL DA 1 LT,12
TV,13809,,4030
TV,13809,FORCE ULTRA,118610
TV,13809,FORCE ULTRA DA 10 KG,280
TV,13809,FORCE ULTRA KG 10,10
TV,13812,,1
TV,13823,ALVERDE,37
TV,13838,XEDAVIR,4.25
TV,13841,,633
TV,13841,FOCUS ULTRA,1987
TV,13841,FOCUS ULTRA LT 1,87
TV,13841,FOCUS ULTRA LT 5,170
TV,13876,APACHE,2
TV,13888,,1292
TV,13888,FANTIC F NC WG,22793
TV,13895,,45
TV,13895,SAVIRAN STAR,2620
TV,13905,,27
TV,13905,BANJO,470
TV,13926,,64
TV,13926,SPONSOR,516
TV,13927,ZAMIR 18,2
TV,13955,SUDOKU,2
TV,13981,,109.3
TV,13981,CORAGEN,695.4
TV,13983,HUSSAR MAXX PRO,24
TV,13998,,23
TV,13998,PYRUS 400 SC,375
TV,13998,PYRUS 400 SC DA 1 LT,8
TV,14020,LIDAL,59
TV,14020,LIDAL DA 1 LT,52
TV,14024,PERFIL 10 WP,21.5
TV,14044,JOKER 480,99
TV,14058,,546.22
TV,14058,FEINZIN 70 DF,2169.75
TV,14058,FEINZIN 70 DF 0.25,6.75
TV,14058,FEINZIN 70 DF DA 0.25 KG,1
TV,14058,FEINZIN 70 DF GR 250,233.5
TV,14058,FEINZIN 70DF,7.5
TV,14061,,1.5
TV,14061,TRIANUM-P,484
TV,14062,,727
TV,14062,ZOXIUM 240 SC,7586
TV,14062,ZOXIUM 240 SC DA 1 LT,58
TV,14062,ZOXIUM 240 SC LT 1,5
TV,14062,ZOXIUM 240 SC LT 5,10
TV,14100,KANEMITE,24
TV,14101,,71
TV,14101,CARAMBA,7
TV,14102,,1672
TV,14102,BORDOFLOW NEW,20648
TV,14107,MICROBAGNABILE SC,250
TV,14119,VISIR PENCOTECH,238
TV,14122,KATAR,2
TV,14128,ZIGNAL,12
TV,14136,OBERON,4
TV,14137,,0.1
TV,14137,ALTACOR,83.3
TV,14137,ALTACOR GR 100,1.5
TV,14137,ALTACOR GR 300,12.3
TV,14154,PIRETRO ACTIGREEN,1125
TV,14155,GRIFON 280,200
TV,14156,CURZATE R WG,10
TV,14163,SARMOX 440 WG,1
TV,14165,,3158
TV,14165,NANDO MAXI,11529
TV,14165,NANDO MAXI LT 1,14
TV,14169,PERGADO R,145
TV,14182,,101
TV,14193,SARMOX 45 DG,1541.5
TV,14195,KENDO WITH ZEON TECNOLOGY,12
TV,14210,,316.6
TV,14210,EVURE PRO,1837.9
TV,14210,EVURE PRO DA 1 LT,13
TV,14210,EVURE PRO LT 1,1
TV,14214,RAPSAN 500 SC,179
TV,14257,UNDERLINE 0.2 G,4
TV,14262,,23
TV,14262,GREENEX NF,200.41
TV,14262,GREENEX NF ML 500,98.5
TV,14294,EXECUTIVE,3
TV,14323,BELPROMEC LT 1,2
TV,14336,NEMATHORIN 150 EC,58
TV,14348,,240
TV,14348,AGRON R WG,20
TV,14375,,1
TV,14390,,1335
TV,14390,BOOM EFEKT,6123
TV,14390,BOOM EFEKT DA 5 LT,45
TV,14406,,455.5
TV,14406,LEIMAY,1813
TV,14407,,22
TV,14407,RUNWAY,127.5
TV,14407,RUNWAY ML 500,5.5
TV,14409,,3416
TV,14409,MOVENTO 48 SC,22484
TV,14409,MOVENTO 48 SC LT 1,91
TV,14409,MOVENTO 48 SC LT 5,100
TV,14409,MOVENTO 48SC,1
TV,14414,,8
TV,14414,DUSTY,51
TV,14418,,106
TV,14418,PULSAR 40 SL,247
TV,14418,PULSAR 40 SL LT 1,94
TV,14418,PULSAR 40 SL LT 5,175
TV,14431,LENTAGRAN 45 WP,135
TV,14432,METRIC,7
TV,14440,,100
TV,14440,SOLAR 360,1430
TV,14474,TEBUSIP COMBI,20
TV,14479,SCHERMO 0.5 G,1991.5
TV,14479,SCHERMO 0.5 G KG 10,2920
TV,14547,BAC MK,9
TV,14549,LEPIBACK,5
TV,14559,AGREE WG,1
TV,14576,CUTRIL EVO,340
TV,14577,,427
TV,14577,FORUM R 3B,48
TV,14579,,250
TV,14579,RAMIN 30 DF,620
TV,14579,RAMIN 30 DF KG 1,12
TV,14579,RAMIN 30 DF KG 10,80
TV,14582,FENGIB,9
TV,14629,,80
TV,14629,GAT TESSLA 25 WG,88
TV,14636,,311
TV,14636,BIOLID UP,3651
TV,14636,BIOLID UP  PFNPE,71.6
TV,14636,BIOLID UP LT 1,14
TV,14636,BIOLID UP LT 5,15
TV,14636,BIOLID UP PFNPE,4
TV,14642,,4959
TV,14642,RIDOMIL GOLD R WG,48750
TV,14642,RIDOMIL GOLD R WG DA 1 KG,86
TV,14642,RIDOMIL GOLD R WG DA 5 KG,60
TV,14642,RIDOMIL GOLD R WG KG 1,26
TV,14642,RIDOMIL GOLD R WG KG 5,145
TV,14664,BERELEX 40 SG,0.29
TV,14679,CHEMOL PLUS,12
TV,14686,,315
TV,14686,KOCIDE OPTI,9735
TV,14697,,1979
TV,14697,ENERVIN DUO,5159
TV,14697,ENERVIN DUO LT 1,10
TV,14699,GEOXE,50
TV,14709,ISOMATE A/OFM,13
TV,14735,,0.5
TV,14735,RANMAN TOP,1
TV,14737,,664
TV,14737,ROUNDUP PLATINUM,13638
TV,14737,ROUNDUP PLATINUM LT 1,22
TV,14737,ROUNDUP PLATINUM LT 15,300
TV,14737,ROUNDUP PLATINUM LT 5,100
TV,14764,SLUXX HP,301
TV,14765,,39
TV,14765,ELUMIS,9
TV,14769,COMET 250 EC,44
TV,14772,BANDERA,245
TV,14785,DRISCOLL,1.2
TV,14785,DRISCOLL ML 500,2.5
TV,14794,AVALON SC,100
TV,14812,,4989
TV,14812,ENERVIN TOP,36007
TV,14812,ENERVIN TOP KG 1,16
TV,14812,ENERVIN TOP KG 5,165
TV,14830,,920
TV,14830,CUPROFIX ULTRA DISPERSS,2990
TV,14836,BARBARIAN BIOGRADE 360,1715
TV,14836,BARBARIAN BIOGRADE 360 PFNPE,142
TV,14838,,60
TV,14838,BARCLAY GALLUP BIOGRADE 360,702
TV,14838,BARCLAY GALLUP BIOGRADE 360 DA 0.5 ,48
TV,14846,,37
TV,14846,AVALON 250 EW,194
TV,14867,SYNERO,6
TV,14869,CUPROBEL HYDRO,210
TV,14872,BELLIS DRUPACEE,83.5
TV,14876,GRANDSTAND,6
TV,14879,LONTREL 72 SG,1.95
TV,14879,LONTREL 72SG,1.8
TV,14884,,779
TV,14884,CORUM,3202
TV,14884,CORUM LT 1,5
TV,14891,,130
TV,14891,TRICO,224.5
TV,14891,TRICO PFNPE,20
TV,14897,FLUROSTAR 200,95
TV,14920,,1500
TV,14920,ZOLFO 80 WP ZOLFINDUSTRIA,3325
TV,14935,,20
TV,14935,TIMELINE TRIO,84
TV,14936,,15
TV,14936,AMPLIGO,194
TV,14938,DEDICATE,14.75
TV,14938,DEDICATE ML 250,14
TV,14947,TRUSTEE 450,210
TV,14947,TRUSTEE 450 PFNPE,934.5
TV,14967,,79
TV,14972,,3
TV,14972,DICARZOL 50 SP,56
TV,15005,FONTELIS,16
TV,15013,NATRIA LUMACHICIDA,175
TV,15037,,29
TV,15037,BREZZA,872
TV,15037,BREZZA DA 1 LT,1
TV,15037,BREZZA LT 1,12
TV,15039,GAMIT 36 CS,2.5
TV,15047,R6 ERRESEI BORDEAUX WG,6339
TV,15048,,10
TV,15048,MOXYL 45 WG,1
TV,15049,MODDUS,1
TV,15051,,135
TV,15051,KYLEO,1770
TV,15052,,129.9
TV,15052,KAIMO SORBIE,65.3
TV,15054,CONTENDER 80 WG,368
TV,15056,,20
TV,15058,,1.32
TV,15058,PRINCIPAL MAIS,712.8
TV,15058,PRINCIPAL MAIS DA 0.44 KG,0.44
TV,15059,,1025.25
TV,15059,DECIS EVO,5090.25
TV,15059,DECIS EVO LT 1,68
TV,15059,DECIS EVO LT 5,80
TV,15062,PIRAMAX  EC,1069
TV,15063,NIMBLE,1.2
TV,15070,OS-169,1
TV,15071,,226
TV,15071,EVOLUTION,1450
TV,15071,EVOLUTION LT 1,3
TV,15071,EVOLUTION LT 5,20
TV,15072,,490
TV,15096,,219
TV,15096,GLIPHOGAN TOP CL,403
TV,15096,GLIPHOGAN TOP CL pfnpe,158
TV,15102,,941
TV,15102,CURZATE ERRE EVO,1387
TV,15102,CURZATE ERRE EVO DA 1 KG,150
TV,15102,CURZATE ERRE EVO DA 10 KG,100
TV,15102,CURZATE ERRE EVO KG 1,35
TV,15102,CURZATE ERRE EVO KG 10,80
TV,15111,,1
TV,15111,MIRADOR SC,1
TV,15115,,115
TV,15115,PROSPER 500 EC,7365
TV,15115,PROSPER 500 EC DA 1 LT,4
TV,15116,ELIOS R,2
TV,15121,,1920
TV,15121,BIOCUPRO,2930
TV,15124,ZANTARA,12
TV,15126,TALENDO EXTRA,67
TV,15127,,5
TV,15127,SANVINO,27
TV,15129,PROMINENT,10
TV,15130,,242
TV,15130,INTREPID,2697
TV,15130,INTREPID DA 1 LT,1
TV,15142,,85
TV,15142,ALCANCE SYNC TEC,6322.5
TV,15142,ALCANCE SYNC TEC DA 1 LT,3
TV,15142,ALCANCE SYNC TEC LT 1,50
TV,15142,ALCANCE SYNC TEC LT 5,930
TV,15149,,9375
TV,15149,COSAVET DF EDGE,51736
TV,15149,COSAVET DF EDGE KG 10,40
TV,15149,COSAVET DF EDGE KG 25,900
TV,15186,WEEDAGRO 600 D,12
TV,15196,FOSBEL EXTRA,243
TV,15200,QUALY,20
TV,15201,,22
TV,15201,FLOXY 400 SC,376
TV,15213,,0.01
TV,15213,DEMETRINA FLOW,11.3
TV,15213,DEMETRINA FLOW PFNPE,0.4
TV,15221,,133
TV,15221,ZETARAM PLUS,34
TV,15222,FOLICUR COMBI WG,287
TV,15223,PANTANI,9
TV,15229,STOPPER P,25
TV,15232,,30
TV,15233,DALET TRIO,2020
TV,15235,MOMENTUM,412.5
TV,15235,MOMENTUM DA 1 KG,10
TV,15235,MOMENTUM KG 1,6
TV,15235,MOMENTUM KG 5,15
TV,15251,,1040
TV,15251,AIRONE LIQUIDO,7954
TV,15253,,8
TV,15253,FALCON MK,1505
TV,15260,PRORADIX,0.5
TV,15263,,30
TV,15263,DYNALI,214
TV,15264,,4356
TV,15264,ENERVIN SC,55409
TV,15264,ENERVIN SC DA 3 LT,6
TV,15264,ENERVIN SC LT 3,57
TV,15265,PROMAN FLOW,2947
TV,15266,,2500
TV,15266,QUARTET,7960
TV,15267,KUSABI,303
TV,15275,DURAVIS,47
TV,15281,MICROMEGAS,3
TV,15291,,0.5
TV,15291,TURFENE PLUS,59.2
TV,15292,,20
TV,15292,VERTIARO,6.5
TV,15293,,38
TV,15293,MAVITA 250 EC,496
TV,15299,,1070
TV,15299,METIX R,190
TV,15302,,179
TV,15302,AMYLO-X,597
TV,15303,LALGUARD M52 GR,20
TV,15313,THIAMON FLOW,880
TV,15317,SESTO GOLD,19657
TV,15326,CUPROTEK DISPERSS,31950
TV,15330,PINDARUS 25 WDG,25.5
TV,15331,ZEFIR 25 WDG,67
TV,15337,,0.6
TV,15337,EXPRESS,0.8
TV,15337,EXPRESS GR 100,0.1
TV,15344,,1
TV,15344,FILAN WG,253
TV,15346,FLEXITY,480
TV,15348,,40
TV,15348,RIDOMIL GOLD R LIQUIDO,1824
TV,15349,,49
TV,15349,ARES 430 SC,189
TV,15351,,15
TV,15351,POWERSHUT,10
TV,15358,ZOLFO FLOW MCT,2990
TV,15361,LIETO,20
TV,15361,LIETO SC LT 1,26
TV,15361,LIETO SC LT 10,90
TV,15363,,4024
TV,15363,MEDEIRO 80 WG ADVANCE,7971
TV,15378,,8
TV,15378,TRAXOS PRONTO 60,178
TV,15379,AXIAL PRONTO 60,102.41
TV,15379,AXIAL PRONTO 60 ML 750,27
TV,15384,LUNA EXPERIENCE,48
TV,15389,FLARE GOLD R WG,12940
TV,15393,SYNEIS FLY,2
TV,15401,,713
TV,15401,TAIFUN MK CL,64669.5
TV,15401,TAIFUN MK CL LT 1,10
TV,15401,TAIFUN MK CL LT 20,260
TV,15401,TAIFUN MK CL LT 5,60
TV,15402,DELTASAP,4129
TV,15405,SHAMAL MK PLUS CL,4652
TV,15409,,6
TV,15409,DECISION,33
TV,15410,DECA,244
TV,15416,DIZOLE,71
TV,15417,DITTO,2.5
TV,15419,ELECTIS R FLOW,4340
TV,15422,TITUS DUO,58.68
TV,15422,TITUS DUO GR 180,0.54
TV,15433,ATLAS,354
TV,15436,MYCOTAL,0.33
TV,15438,SANMITE 10 SC,6
TV,15448,,823
TV,15448,REBEL TOP,769
TV,15449,,63
TV,15449,CIDELY,6652
TV,15449,CIDELY   DA 0.5 LT,3
TV,15449,CIDELY DA 1 LT,36
TV,15449,CIDELY LT 0.5,0.5
TV,15449,CIDELY LT 1,8
TV,15451,ELIOS WG TOP,9
TV,15491,SWORD UP,1098
TV,15493,,1
TV,15499,,3
TV,15499,SONG 70 WDG,117.25
TV,15501,QUIZ,1
TV,15507,,154
TV,15513,,384
TV,15513,OSSICLOR 35 WG GREEN,3817
TV,15513,OSSICLOR 35 WG GREEN KG 10,390
TV,15513,OSSICLOR 35 WG GREEN KG 25,50
TV,15515,POLTIGLIA 20 PB GREEN,1
TV,15536,,6
TV,15543,,111.4
TV,15543,LUMACHICIDA FER PFNPE,25244.5
TV,15546,,46
TV,15546,BIATHLON 4D,8.7
TV,15549,,25
TV,15549,PROLECTUS 50 WG,206
TV,15550,MERLIN FLEXX XTRA,2
TV,15553,REGALIS PLUS,21
TV,15566,VISION PLUS,32
TV,15571,METSY,1.2
TV,15574,KARMA 85,590
TV,15576,CLERANDA,200
TV,15580,ESTUDER,82
TV,15581,BARKAN,1
TV,15583,PIRAT,105
TV,15586,TOPNET,15
TV,15591,PREVINT TOP,1
TV,15597,,24.86
TV,15610,,17
TV,15610,CYPERKILL 50 EC,21
TV,15612,SEMPRA,7.8
TV,15612,SEMPRA GR 150,0.6
TV,15621,BOTTO 50 EC,42
TV,15622,CURZATE R WG BIANCO,11
TV,15629,,44
TV,15629,BADGER 45% WG,168
TV,15630,CARSON 45% WG,397
TV,15635,,338
TV,15635,ADENGO XTRA,3992.19
TV,15635,ADENGO XTRA DA 0.5 LT,4.5
TV,15635,ADENGO XTRA LT 5,140
TV,15635,ADENGO XTRA ML 500,6.5
TV,15635,ADENGO XTRA SC465 LT 0.5,3
TV,15654,ACCORD,39
TV,15655,KEETON 25 WG,2
TV,15664,KORING 25 WG,272
TV,15665,KEMPO SORBIE,112
TV,15665,KEMPO SORBIE KG 1,6
TV,15668,GHIBLI 240 OD,4.25
TV,15674,AMADEUS TOP,0.15
TV,15712,SATELITE,49670
TV,15713,,158
TV,15713,ACAROIL SC,17.8
TV,15715,VIDERYO F,1910
TV,15718,GRANSTAR TRIO,0.5
TV,15722,ARMICARB 85,360
TV,15736,KOPRON 35 WG,140
TV,15741,,140
TV,15741,AVADEX FACTOR,40
TV,15743,TWINGO,10
TV,15744,,58
TV,15744,REBOOT,7037.5
TV,15745,RADICAL MASSO' PLUS,211
TV,15745,SHARPEN 40% SC,230
TV,15748,,4
TV,15748,SYLLIT 544 SC,456
TV,15751,VITENE TRIPLO R,29
TV,15752,CIDELY TOP,1
TV,15754,,5
TV,15754,SHARPEN 33% EC,40
TV,15765,ACAROIL GR 500,4
TV,15767,CLOCY-CU,119
TV,15769,MERO,8
TV,15779,ABANTO,11
TV,15780,OSSICLOR 50 PB GREEN,110
TV,15806,ONYX,40
TV,15808,,88
TV,15808,CYMBAL FLOW,8412
TV,15808,CYMBAL FLOW LT 1,2
TV,15831,,31
TV,15831,VACCIPLANT,1939
TV,15836,RATRON GW,99
TV,15837,RATRON GL GR 750,4.5
TV,15838,,30
TV,15838,ROUNDUP ULTRAMAX,420
TV,15844,SLOGAN TOP,10
TV,15847,,1.5
TV,15856,AZAKA,231
TV,15869,,850
TV,15869,OPTIX STAR DISPERSS,10536
TV,15869,OPTIX STAR DISPERSS DA 1 KG,12
TV,15870,CLIOPHAR 600 SL,37
TV,15886,METAREX INOV,30
TV,15888,AZOX 25 SC,202
TV,15893,GIAGUAR SL,0.1
TV,15897,ALFIL WG,1280
TV,15898,FILAL WG,1
TV,15898,FILAL WG PFNPE,1
TV,15899,SILICOSEC,8
TV,15900,,290
TV,15900,TRIKA EXPERT,9230
TV,15901,,2060
TV,15901,ERCOLE,29486
TV,15907,,140
TV,15907,PRESIDIUM ONE,57
TV,15910,KARAKAS,21
TV,15911,,939
TV,15911,SPIROX,637
TV,15915,,3
TV,15915,STARANE HD,112
TV,15916,CITADEL,1.4
TV,15926,MOJANG 600,578
TV,15930,TOMIRIS 125 EW,50
TV,15948,,24
TV,15948,SINSAJO,266
TV,15961,RETENGO NEW,61
TV,15990,,1
TV,15990,SCIROCCO 125 EW,843.1
TV,15990,SCIROCCO 125 EW LT 1,3
TV,16007,REWARD,825
TV,16023,,35
TV,16023,DIMBO 480 SL,104
TV,16027,,3940
TV,16027,METOMOR F,3550
TV,16032,RADAR 10 EC,3
TV,16033,,5
TV,16033,HEREU SC,183.5
TV,16034,,11
TV,16034,DOURO 100 EC,610
TV,16035,THEOREM,1
TV,16036,PIRECRIS,318
TV,16038,CABRIO WG,32
TV,16042,,1
TV,16050,RADIANT SC,108
TV,16051,,488
TV,16051,LENNS,801
TV,16054,,1467
TV,16054,SINSTAR,6142
TV,16063,ARIGO,6.93
TV,16064,CREDIT 540,760
TV,16066,,110.5
TV,16066,RADIANT PRO,158.5
TV,16068,FOLDER 80 WG,39665
TV,16071,MESOZIN 70 WG,24.25
TV,16074,,51
TV,16074,GLORIAL 25 EC,23
TV,16076,,37
TV,16076,SOLIS,733
TV,16083,STIKER FLOW,18
TV,16084,BREVIS,29
TV,16086,NEMGUARD GRANULES,21
TV,16092,CICLOPE,12
TV,16098,,91.25
TV,16098,NIBER 70 DF,0.75
TV,16099,SINIS 70 DF,0.25
TV,16101,TOPAS COMBI LIQUIDO,50
TV,16104,,462
TV,16104,ELECTIS TRIO WDG,3566
TV,16104,ELECTIS TRIO WDG DA 4 KG,4
TV,16104,ELECTIS TRIO WDG KG 1,15
TV,16104,ELECTIS TRIO WDG KG 4,32
TV,16110,CABRIO OLIVO,15
TV,16130,PAPYRUS,2
TV,16140,,2596
TV,16140,ALMADA F,5412
TV,16142,MINECTO ALPHA,10
TV,16161,,5
TV,16161,CENTURY SL,338
TV,16166,POKER MAX PFNPE,1
TV,16167,,72
TV,16167,MARACANA,286
TV,16170,,210
TV,16170,TRICUP FLOW,1503
TV,16170,TRICUP FLOW LT 1,12
TV,16170,TRICUP FLOW LT 10,40
TV,16178,,4230
TV,16178,FOLIANE 80 WG,27540
TV,16179,,500
TV,16179,FOLLOW 80 WG,8517
TV,16182,CLICK PRO,255
TV,16191,TRIMAXX,22
TV,16194,ETRAVON PRO,14
TV,16194,ETRAVON PRO DA 1 LT,9
TV,16197,,5780
TV,16197,COPPERFIELD 17 WG,9450
TV,16198,,1775
TV,16198,EVORAM 15,6530
TV,16200,CUPRORAM 35 WG NC,763
TV,16204,,1530
TV,16204,ALMADA TRIO,162
TV,16205,,530
TV,16205,IDROX 20,130
TV,16208,,148
TV,16221,MADEX TOP,1.1
TV,16224,,720
TV,16226,,130
TV,16226,CIMOTER RAME WG,3326
TV,16226,CIMOTER RAME WG KG 1,9
TV,16235,KEYFOL WG,1765
TV,16237,GOLBEX WG,955
TV,16247,,360
TV,16249,CARDINAL 50 WG,3
TV,16251,AFFIRM OPTI,20
TV,16252,,5
TV,16259,LABEL 70 DF,4
TV,16261,,25
TV,16261,BELOUKHA,225
TV,16271,FRESCO,50
TV,16273,,1721.25
TV,16273,SIVANTO PRIME,13553.4
TV,16273,SIVANTO PRIME DA 1 LT,20
TV,16273,SIVANTO PRIME SL 200 ML 250,22
TV,16273,SIVANTO PRIME SL200 LT 1,20
TV,16277,,1398
TV,16277,ALMADA 50 SC,8284
TV,16279,,10
TV,16279,ERCOLE GR,1640
TV,16279,ERCOLE GR KG 10,3130
TV,16280,ALMADA HYDRO,1000
TV,16282,,8
TV,16283,,200
TV,16283,QUANTUM R-OK,40
TV,16285,KALIMBA,206
TV,16287,SOLIGOR,488
TV,16288,,139.25
TV,16288,AMPEXIO,1851.75
TV,16288,AMPEXIO GR 730,6
TV,16288,AMPEXIO KG 4,4
TV,16293,PACLOT NEW,48
TV,16295,RAPAX AS,64
TV,16296,PERGADO D,47
TV,16299,PASSAT SL,2999
TV,16305,BONZI,119
TV,16315,RADAR HP,966
TV,16315,RADAR HP ML 500,5.5
TV,16317,INSECTOIL KEY,2900
TV,16323,PENDIWIN,6
TV,16325,,1800
TV,16325,EPIK SL,10893.5
TV,16325,EPIK SL DA 1 LT,45
TV,16325,EPIK SL DA 5 LT,10
TV,16325,EPIK SL LT 1,139
TV,16325,EPIK SL LT 5,140
TV,16325,EPIK SL ML 250,4.75
TV,16325,EPIK SL PFNPE,0.3
TV,16335,,14379
TV,16335,LIETO SC,62487
TV,16336,DELAN SC,69
TV,16361,FULL 80 WG,4810
TV,16363,,138.1
TV,16363,SIRTAKI,985.6
TV,16363,SIRTAKI ML 300,8.4
TV,16364,,1239
TV,16364,BISMARK,7861
TV,16364,BISMARK LT 1,98
TV,16364,BISMARK LT 10,150
TV,16364,BISMARK LT 5,125
TV,16369,ORTIVA TOP SC,10
TV,16379,,671
TV,16379,PREV-AM PLUS,7362
TV,16379,PREV-AM PLUS LT 1,4
TV,16381,CALLICORE,694
TV,16384,,2
TV,16384,ELATUS ERA,21
TV,16385,ELATUS PLUS,9
TV,16387,,830
TV,16387,HERBITOTAL CL,1480
TV,16395,MOHICAN 500 SC,14
TV,16396,TEMSA 100,33
TV,16401,KHAPO 80 WG,5
TV,16403,CAPITAL SH,50
TV,16422,SPIROSTAR,2320
TV,16422,SPIROSTAR LT 1,4
TV,16425,LASER 120,3
TV,16425,LASER 120 SC,143
TV,16425,SYNEIS SC,24
TV,16438,VELUM PRIME,20.5
TV,16442,,2063
TV,16442,PROFILER,31458
TV,16442,PROFILER WG,1020
TV,16442,PROFILER WG 71.11,670
TV,16442,R6 ERRESEI ALBIS EASY,1061
TV,16448,NEALTA,5
TV,16457,,430
TV,16457,POLTIGLIA 20 WG GREEN,10055
TV,16457,POLTIGLIA 20 WG GREEN KG 1,102
TV,16457,POLTIGLIA 20 WG GREEN KG 10,80
TV,16459,SOLEIL 50 WG,1.5
TV,16461,CENTURION 240 NEO,255
TV,16470,COLUMBO 0.8 MG,70
TV,16473,PRIMO MAXX II,2
TV,16474,MATSUDA 25 WG,40.5
TV,16476,ALIBI FLORA,8
TV,16477,RIVAL,17
TV,16480,,724
TV,16480,3LOGY,10133
TV,16480,3LOGY LT 4,76
TV,16481,CALLISTO 480,525.8
TV,16481,CALLISTO 480 (LUMESTRA PACK 3 HA),52.2
TV,16485,ROMULAN,3
TV,16500,TRIBAL,186.02
TV,16501,INSTRATA ELITE,32
TV,16509,,13
TV,16509,IBISCO,712
TV,16527,,2
TV,16527,TELLUS WP,17
TV,16531,TEMPORIS STAR,49
TV,16531,TEMPORIS STAR DA 1 LT,6
TV,16538,KITAMBA,60
TV,16542,LAOTTA,2
TV,16543,AURAM IDRO 22 HI BIO,9105
TV,16543,AuRam Idro 22 HiBio,1230
TV,16545,COPRANTOL HI BIO 2.0,770
TV,16545,COPRANTOL HI BIO 2.0 DA 10 KG,410
TV,16552,,113.4
TV,16562,,7030
TV,16562,DELAN PRO,84785
TV,16562,DELAN PRO LT 5,25
TV,16563,DOROTRIN 25 EC,185
TV,16564,MEXIRAM TRI HI BIO,360
TV,16565,EXECUTIVE GOLD,3
TV,16566,KUPPER 20 WG,650
TV,16570,SENCOR 600 SC,81.25
TV,16572,DAKOFAKA,27.2
TV,16573,FIGHTER,9
TV,16575,TRIMMER 50 WG,2.62
TV,16577,U46 COMBI DUO,282
TV,16578,MELODY COMPACT WG,10
TV,16596,,0.03
TV,16596,SANIUM SL25 PFNPE,49.86
TV,16597,SANIUM SL25 PFnPO,5.15
TV,16598,SANIUM AL PFNPE,823
TV,16606,,328
TV,16606,PHYTO SARCAN,485
TV,16607,VEXTAMITRON 700 SC,320
TV,16608,FOSIKA,1015
TV,16609,SAVIAL FORTE,16025
TV,16616,,55
TV,16616,VALLEY,1096
TV,16618,,8.24
TV,16618,COLZA POWER PFNPE,104.85
TV,16625,MAINSPRING,11
TV,16630,NATUREN LIMEX PFNPE,4461.4
TV,16630,VITHAL LUMACHICIDA LIMEX,16
TV,16632,LUNA SENSATION,4
TV,16641,,27
TV,16641,RINIDI,9.24
TV,16641,RINIDI DA 0.440 KG,6.6
TV,16643,SUCCESS GR,2088
TV,16654,,1.5
TV,16654,POLYVERSUM,13.5
TV,16657,,3390
TV,16657,CENTURY PRO,53025
TV,16658,DAGONIS,1573
TV,16660,,305
TV,16660,ACTLET C,2813
TV,16663,,444
TV,16663,ACTLET F,29625
TV,16667,,1800
TV,16667,REVOLUTION,7777
TV,16667,REVOLUTION DA 1 LT,22
TV,16667,REVOLUTION LT 1,11
TV,16690,,561
TV,16690,KESTREL,1440
TV,16694,,5
TV,16694,CHANON,5
TV,16742,NEMGUARD SC,5
TV,16744,JOYSTICK,2
TV,16749,,2105
TV,16749,FOLPAN ENERGY,13880
TV,16751,REQUIEM prime,35
TV,16754,SIMBA,45
TV,16757,DICASH,20
TV,16772,AMYLO X LC,120
TV,16774,ISOMATE C LR MAX TT,60
TV,16776,,20
TV,16776,ASSET FIVE,796
TV,16779,TONALE,646
TV,16779,TONALE LT 10,140
TV,16779,TONALE LT 2,50
TV,16780,,10
TV,16780,SERENADE ASO,2365
TV,16785,,4.6
TV,16785,JOGG,0.6
TV,16787,,1207
TV,16787,CLINIC ST,7557
TV,16789,TESSIOR,50
TV,16790,,10
TV,16790,NORDOX ENERGY,3217
TV,16790,NORDOX ENERGY KG 5,10
TV,16797,,215
TV,16799,ALEXIN 75 LS,20644
TV,16802,,22
TV,16802,ZYPAR,1349
TV,16802,ZYPAR LT 1,18
TV,16802,ZYPAR LT 3,51
TV,16803,BENTA 480 SL,12
TV,16814,TREZAC,6.5
TV,16816,EXALT 25 SC,32
TV,16819,,126
TV,16819,NATUR BREAKER,4
TV,16820,VALIANT FLASH,6960
TV,16828,,1
TV,16831,,7710
TV,16831,GLIFENE BIOGRADE,7602.75
TV,16831,GLIFENE BIOGRADE LT 5,5
TV,16831,GLIFENE BIOGRADE PFNPE,15
TV,16833,PANTOX 360 SUPER,7205
TV,16835,,83.5
TV,16835,RAVANE PLUS 100 CS,33.75
TV,16836,STALLION IT SYNC,295
TV,16842,CUPRAVIT BIO ADVANCED,812
TV,16846,,44.1
TV,16846,VESTICOR,113.9
TV,16854,EMCEE,200
TV,16857,SHORTTRACK,372
TV,16858,KENJA,88
TV,16867,,182
TV,16867,GLISTER STAR,160
TV,16867,GLISTER STAR LT 1,64
TV,16867,GLISTER STAR LT 20,2680
TV,16867,GLISTER STAR LT 5,1000
TV,16874,,40
TV,16882,,3
TV,16882,PROPULSE,133
TV,16886,,547.75
TV,16886,CLOSER,2870
TV,16886,CLOSER 120SC LT 1,2
TV,16891,CAPRENO,1
TV,16895,ZORVEC ENICADE,0.45
TV,16896,ZORVEC ZELAVIN,4.2
TV,16897,KATOUN GOLD,70
TV,16901,BELOUKHA GARDEN PFnPO,2.2
TV,16902,,79
TV,16902,AVIATOR XPRO,299
TV,16904,KIDEKA 100 SC,183
TV,16906,GHIBLI PLUS,98
TV,16907,WHISPER,1410
TV,16917,LOGRADO PLUS,437
TV,16921,PROBEL 1.8,11.25
TV,16935,VERDRAM IDRO HI BIO,8710
TV,16935,VERDRAM IDRO HI BIO DA 10 KG,130
TV,16939,SARUMO,205
TV,16945,,576
TV,16945,SERCADIS,1606.9
TV,16945,SERCADIS LT 0.3,1.5
TV,16945,SERCADIS LT 1,2
TV,16946,,1780
TV,16946,DARAMUN,9447
TV,16946,DARAMUN DA 1 LT,38
TV,16946,DARAMUN LT 1,44
TV,16947,,130
TV,16947,BRIONFLO 100 SC,1334
TV,16950,,130
TV,16950,MANAMID 100 SC,6384
TV,16950,MANAMID 100 SC DA 1 LT,8
TV,16951,,124
TV,16951,ESQUIVE WP,194
TV,16957,,4822
TV,16957,ZORVEC VINABRIA,40340
TV,16957,ZORVEC VINABRIA DA 1 LT,83
TV,16958,PROLIANT,1.9
TV,16960,ACTLET EVO,285
TV,16963,,2.25
TV,16963,AVENOX 240,52.5
TV,16974,GALLUP 360-K,77
TV,16976,,200
TV,16976,VITIKAPPA,931.2
TV,16976,VITIKAPPA PFnPE,4
TV,16988,,1880
TV,16988,NAIF,1600
TV,17003,PRIAXOR,99
TV,17005,CLOMATE,57
TV,17005,CLOMATE LT 1,2
TV,17007,ERADICOAT,10
TV,17010,TIXAL TRI,260
TV,17014,DELEGATE WDG,16.3
TV,17038,,531
TV,17038,TUAREG NEW,5784.5
TV,17038,TUAREG NEW LT 1,46
TV,17038,TUAREG NEW LT 5,115
TV,17058,,370
TV,17058,ROMEO,603
TV,17065,KAURITIL ULTRA WG,9435
TV,17066,PRAXIM,2498
TV,17069,TIOVIT 800 L,830
TV,17069,TIOVIT L,190
TV,17075,,3363.97
TV,17075,MOVIDA,6011.06
TV,17077,FIDELITY,159.5
TV,17078,,904
TV,17078,QUANTUM L,7251
TV,17078,QUANTUM L LT 1,3
TV,17079,,70
TV,17079,FORCE EVO,860
TV,17080,,60
TV,17081,CUPROSSIL IDRO NEW 20 WG,7690
TV,17087,,425
TV,17087,FOLDIM,950
TV,17090,,10
TV,17091,,1565
TV,17091,CHAMP 20 WG,4404
TV,17093,LANDING,4959
TV,17097,SPANDIS,7
TV,17099,ZAKEO 250 SC,25
TV,17107,,180
TV,17107,SPYRIT 50 SC,6482
TV,17107,SPYRIT 50 SC DA 1 LT,12
TV,17111,FLOVINE,20
TV,17112,DIFCOR,224
TV,17113,MIKAL F,3460
TV,17115,ZETROLA,31
TV,17116,,83
TV,17116,ACTIVUS ME,1261
TV,17116,ACTIVUS ME LT 1,1
TV,17118,BIOACT PRIME DC,5
TV,17119,SQUARE EC,46
TV,17121,ATLANTIS ACTIV,40.26
TV,17125,,9
TV,17125,LOCK UP,88
TV,17129,COSAVET FLOW,20
TV,17130,FLOMILL,1260
TV,17131,DEPEND,2396
TV,17143,GRANMET GR BIPESCO 5,5
TV,17147,PEDIMENT,14.5
TV,17165,WASAN,35
TV,17170,BELKAP EXTRA,3698
TV,17178,TOTAL GREEN L,487
TV,17193,MAZICA,15.84
TV,17195,MAIZIUM GR 440,5.28
TV,17204,CYPRUS 25 WG,160
TV,17209,,4
TV,17209,DAVAI,870
TV,17209,DAVAI LT 1,5
TV,17211,,392
TV,17211,GENKOTSU,2215
TV,17211,GENKOTSU LT 1,13
TV,17212,,67
TV,17212,ISERAN,1003
TV,17217,ARMICARB SPRAY PFNPE,371.5
TV,17234,,6
TV,17234,MAYA 70 WG,3.5
TV,17237,CHECKMATE PUFFER LB/EA,2.43
TV,17248,,574
TV,17248,ZORVEC VINABEL,2071
TV,17248,ZORVEC VINABEL LT 1,7
TV,17265,FILDER 500 SC,3
TV,17270,ASCRA XPRO,156
TV,17270,ASCRA XPRO LT 1,2
TV,17270,ASCRA XPRO LT 5,30
TV,17272,SERIFEL,106
TV,17273,FLYPACK DACUS TRAP,77
TV,17275,NOTO CLASS,2
TV,17278,,78
TV,17278,KIDEKA,66
TV,17281,PETALIN,72
TV,17284,,60
TV,17284,RODEO PLUS,1761
TV,17293,DIAGONAL,20
TV,17294,ZORVEC EPICALTRIN,2.1
TV,17296,TARLYS,103
TV,17298,MARQUIS,6
TV,17301,DESMON,11
TV,17304,KAN-DOO,72
TV,17306,HIGHTOP,14
TV,17307,TAZER,5
TV,17309,TAYREX,94
TV,17311,VINIFOL WDG,436
TV,17317,,308
TV,17317,NABUCCO,1993
TV,17319,FOXPRO,21
TV,17320,,7.5
TV,17320,SENIOR 75 WG,7.5
TV,17320,SENIOR 75 WG GR 500,2.5
TV,17323,,1178
TV,17323,CONTENDER 800,5182
TV,17328,RHIZOPON AA POLVERE 0.5%,0.4
TV,17329,RHIZOPON AA POLVERE 1%,2
TV,17337,VANGUARD,5
TV,17345,ARPEL WG,10
TV,17346,,313
TV,17346,EXOSET 240 EC,1218
TV,17350,SONATA,1470
TV,17353,KAMBA 480 SL,22
TV,17355,ECOFOX,81
TV,17360,,4117
TV,17360,MAGO,44561
TV,17360,MAGO DA 1 LT,15
TV,17360,MAGO LT 1,62
TV,17360,MAGO LT 20,80
TV,17360,MAGO LT 5,135
TV,17372,COPRANTOL 30 WG,23
TV,17372,COPRANTOL 30 WG DA 1 KG,12
TV,17373,CYCLO MAX SC,888
TV,17377,,2.29
TV,17377,REFINE SX,30.64
TV,17378,GACHINKO,1253.7
TV,17387,,4000
TV,17387,WARDEN C,637
TV,17402,,4
TV,17402,BOTECTOR NEW,4
TV,17407,WINTECH,17
TV,17409,XINTECH 50,3
TV,17410,DRONSAR,152
TV,17411,ATONIK,6
TV,17421,AGRIZOLE 250,43
TV,17422,,1798
TV,17422,ENVITA SC,11853
TV,17422,ENVITA SC DA 1 LT,15
TV,17422,ENVITA SC LT 1,10
TV,17427,TALISMAN 40 OD,5
TV,17435,,761
TV,17435,BOLTEX F,70
TV,17435,RIDOMIL GOLD COMBI WG,18668
TV,17435,RIDOMILD GOLD COMBI WG KG 6,30
TV,17436,,1450
TV,17436,WARDEN F,1428
TV,17441,,25
TV,17441,EFFIELD SC,31
TV,17451,,51
TV,17451,TEKKEN,76
TV,17454,ENCARIT,1586
TV,17454,ENCARIT (LUMESTRA PACK 3 HA),174
TV,17455,PALIO,20
TV,17461,,541.75
TV,17461,ORONDIS,2780.44
TV,17461,ORONDIS (ORONDIS FORTE PACK),0.8
TV,17461,ORONDIS DA 1 LT,1
TV,17462,ORONDIS VEG,0.2
TV,17469,,3
TV,17469,TAEGRO,83.62
TV,17469,TAEGRO DA 0.37 KG,0.37
TV,17470,,165
TV,17470,LIMOCIDE,343
TV,17472,,12
TV,17472,JADE,670
TV,17472,JADE LT 1,31
TV,17472,JADE LT 5,15
TV,17478,EMPIRE,4
TV,17502,LINCE,52
TV,17508,,985
TV,17508,POLYCOM 70 DF,6655
TV,17508,POLYCOM 70 DF KG 10,120
TV,17513,METREX,9
TV,17522,REGNUM 25 EC,147
TV,17529,MEDOR 70 WDG,1.75
TV,17531,MEXIL R FLOW LT 1,18
TV,17531,MEXIL R FLOW LT 5,20
TV,17532,CONTENDER PLUS,16
TV,17541,,732.5
TV,17541,CHANTICO,1016
TV,17548,ENELSE,3
TV,17549,SENPAI,3907
TV,17552,COLUMBO PRO,12
TV,17572,SUBVERT,1.8
TV,17586,AXIAL ONE,197
TV,17597,,66.75
TV,17597,SHINKON,1318.86
TV,17597,SHINKON DA 0.9375,13.13
TV,17598,AFINTO,0.7
TV,17601,ANDROMEDA,414
TV,17605,BACK 100 SC,1820
TV,17611,POTCLEAN ULTRA 1G,77
TV,17611,POTCLEAN ULTRA 1G KG 7,21
TV,17615,,100
TV,17615,WARDEN EVO,256
TV,17631,,240
TV,17631,GRIFON EXTRA,1460
TV,17634,FRAXION,45
TV,17642,BUSSOLA WG BLU,200
TV,17651,METAREX ONE,100
TV,17657,EXTASE R,5
TV,17665,,311
TV,17665,PYRUS PRO,3759
TV,17666,PROSARO PLUS,737
TV,17669,NISSORUN PLUS,51
TV,17671,VENZAR SC,5
TV,17676,BIOOtwin L E,2688.35
TV,17680,GALILEO,2751.25
TV,17681,FRAMEX,361.5
TV,17687,,15
TV,17689,,471.5
TV,17689,MOXYL MK,1157.75
TV,17690,VANTEX,1070.5
TV,17692,CURAME 25 WG GREEN,310
TV,17693,HATTRICK 30 WG,56
TV,17696,SUPRACAFFARO 30 WG,260
TV,17697,SUPRACAFFARO FLOW,1026
TV,17698,,3844
TV,17698,ASSORAM ELITE 20 WDG,37385
TV,17698,ASSORAM ELITE 20 WDG DA 1 KG,123
TV,17699,IDROX 15,22770
TV,17704,,5
TV,17704,COMBIRAM 25 WG,1005
TV,17705,SUPERBO 18 EC,1
TV,17709,MIDAURIL R FLOW,354
TV,17715,CHECKMATE VBM-PRO,1
TV,17741,SUNNY,348
TV,17743,SHALLOW,22
TV,17744,CHOUCAS,85
TV,17745,PREDILECTO,3
TV,17746,,6
TV,17746,CLEMATIS,797
TV,17746,CLEMATIS LT 1,86
TV,17749,DRONE,13
TV,17751,,27
TV,17751,PRAKTIS,44
TV,17752,STAVENTO,193
TV,17754,,11
TV,17754,REVYCARE,322
TV,17760,,1
TV,17769,VULPIN,33
TV,17782,SUNPOWER,180
TV,17796,,76
TV,17796,SIVIL TOP,452
TV,17797,,88
TV,17797,FENERGY SC,292
TV,17797,FENERGY SC LT1,2
TV,17798,BOX GR 500,3
TV,17807,,35
TV,17807,PARLEAF,3385
TV,17808,ANTENE S,2550
TV,17814,,25
TV,17814,Cheprec,239
TV,17816,COLZA POWER RTU PFnPO,23
TV,17824,,4
TV,17824,MIRADOR TURBO,286
TV,17826,,492
TV,17826,DOMARK 125 PLUS,1861
TV,17826,DOMARK 125 PLUS LT 1,12
TV,17834,,7
TV,17855,FITOPYR 2EC PRO,60
TV,17873,,34070.4
TV,17873,CELADA VMB 180,11882.36
TV,17880,AZULEO,7
TV,17888,,7
TV,17888,VOLIAM,221
TV,17894,TRIKA ENERGY,1510
TV,17896,FORTUNE DISPERSS,35805
TV,17920,,10
TV,17920,GHIBLI TM,434
TV,17923,,36
TV,17923,ARNOS SC,330
TV,17924,STRALE 250 EC,19
TV,17932,,985
TV,17932,ORO-QUIN,1558
TV,17936,PROMINENT NEW,2155
TV,17938,,6189
TV,17938,CLINIC TF,3495
TV,17940,VITIPEC F WG,1300
TV,17944,HOKONZA,48
TV,17945,LUMEO,206.4
TV,17947,CODAL,830.55
TV,17949,PATRIOT ULTRA,82
TV,17951,AUDACE SC,2076
TV,17956,REVYSION SC,2071
TV,17957,HERITAGE GR 100,0.4
TV,17962,ACELEPRYN 200 SC,1
TV,17963,,650
TV,17963,TIOVIT 800 L,22870
TV,17994,SPORAMIL COMBI WP,854
TV,17999,BIOMAGNET ORO,1000
TV,18001,,3470
TV,18001,MIKONOS,11113
TV,18002,Vitanica TC Protect,44
TV,18003,CUNEB,17225
TV,18046,SINPRO,1001
TV,18070,,12
TV,18070,JANERO 480 SL,284
TV,18072,SONAVIO,254
TV,18074,,445
TV,18074,ROUNDUP FUTURE,3506.65
TV,18081,DIFECOL,731
TV,18082,,76.26
TV,18082,SERCADIS SC,948.9
TV,18092,,40
TV,18092,REVYSTAR,138
TV,18092,REVYSTAR XL,42
TV,18103,PALATOR,1162
TV,18109,KASKO MET,219
TV,18119,SINALA,1154
TV,18121,MIKAL PREMIUM,594
TV,18125,ALLSTAR,2.5
TV,18126,,273
TV,18126,BOTREFIN Plus,219
TV,18129,,43
TV,18137,,2885
TV,18137,REVYSION,26703
TV,18139,IRONITE PFNPE,223
TV,18139,IRONITE PFNPE DA 1 KG,60
TV,18139,IRONITE PFNPE GR 500,44
TV,18139,IRONITE PFNPE KG 1,122
TV,18145,BOTRYBEL,355
TV,18148,,2240
TV,18148,BUGGY GOLD,460
TV,18153,ERADICOAT MAX,210
TV,18158,PAPYRUS GOLD,94
TV,18160,,32
TV,18160,PYROGAL,716
TV,18164,EXPLOYO VIT,16
TV,18164,LOBESIA PRO SPRAY,12
TV,18172,,600
TV,18172,MIKONOS EVO,6775
TV,18181,,75
TV,18181,UNIVOQ,607
TV,18182,,9475
TV,18182,ZOLVIS 80 ULTRA,31025
TV,18190,MODIF,30
TV,18190,MOTIF,75
TV,18206,,680.52
TV,18206,ZONGRUUM,2910.62
TV,18206,ZONGRUUM (ORONDIS FORTE PACK),1.5
TV,18207,GRAND TOTAL,52
TV,18212,IBISCO PFNPE,0
TV,18213,BACILLUS CHEMIA PFNPE,32.21
TV,18215,ARMICARB 85 PFNPE,108
TV,18216,VITIKAPPA PFNPE,135.95
TV,18222,FERRAMOL PFNPE,6770.5
TV,18222,FERRAMOL PFNPE DA 1 KG,168
TV,18223,NATRIA LUMACHICIDA PFNPE,2110
TV,18224,,50
TV,18224,SAPULI',480
TV,18225,SIMPELL,1.75
TV,18229,BAC MK PFNPE,3.25
TV,18229,BAC MK PFNPE DA KG.0.05,2
TV,18232,BORDOFLOW NEW PFNPE,30.15
TV,18233,BORDOFLOW SECTOR PFNPE,41.1
TV,18235,,3
TV,18235,CIOPPER PFNPE,111.7
TV,18235,CIOPPER PFNPE DA 0.2 LT,4.8
TV,18239,FLIPPER PFNPE,53.05
TV,18239,FLIPPER PFNPE ML 200,0.8
TV,18241,IDRORAME FLOW PFNPE,297.2
TV,18242,,0.73
TV,18242,LEPINOX PLUS PFNPE,43.39
TV,18242,LEPINOX PLUS PFNPE GR 50,0.2
TV,18242,LEPINOX PLUS PFNPE wg 50g,0.6
TV,18244,MOMENTUM PFNPE,118.58
TV,18245,POLTIGLIA MANICA 20 WG PFNPE,879.85
TV,18245,POLTIGLIA MANICA 20 WG PFNPE GR 500,7.5
TV,18245,POLTIGLIA MANICA 20 WG PFNPE KG 1,66
TV,18248,SULGRAN DF PFNPE,4.8
TV,18251,TIOLENE PFNPE,90.5
TV,18253,VERDERAME 20 WG PFNPE,195.53
TV,18254,ZOLVIS 80 SECTOR PFNPE,59
TV,18256,NISUS 3B PFNPE,8.5
TV,18257,3LOGY PFNPE,9.3
TV,18259,BARBARIAN BIOGRADE 360 PFNPE,5167.5
TV,18259,BARBARIAN BIOGRADE 360 PFNPE DA 0.5,206
TV,18259,BARBARIAN BIOGRADE 360 PFNPE ML 500,1252
TV,18259,VITHAL DISERBO TOTALE,65
TV,18261,BARCLAY GALLUP BIOGRADE 360 PFNPE,1054
TV,18263,,2.5
TV,18263,BIOLID UP PFNPE,708.2
TV,18263,BIOLID UP PFNPE ML 500,25
TV,18266,COBRE NORDOX SUPER 75 WG PFNPE,2.16
TV,18267,CONTENDER 80 WG PFNPE,66
TV,18267,CONTENDER 80 WG PFNPE GR 200,1.4
TV,18269,,1.5
TV,18269,GLIFENE BIOGRADE PFNPE,1186.5
TV,18269,GLIFENE BIOGRADE PFNPE DA 0.5 LT,10
TV,18270,GLIPHOGAN TOP CL PFNPE,10219.8
TV,18274,,1
TV,18274,NEMGUARD GRANULES PFNPE,13.75
TV,18277,,182
TV,18277,SHAMAL MK PLUS CL PFNPE,534.5
TV,18277,SHAMAL MK PLUS CL PFNPE 500ml,60
TV,18279,TAIFUN MK CL PFNPE,251
TV,18279,TAIFUN MK CL PFNPE DA 0.5 LT,20
TV,18282,,9.5
TV,18282,TRUSTEE 450 PFNPE,243.5
TV,18283,XEDAVIR PFNPE,6.25
TV,18284,WANAX PFNPE,37.4
TV,18287,,107
TV,18287,V-DIM 240 EC,293
TV,18288,BEMOTIUS,24
TV,18290,,4517
TV,18290,FOLPETIS 50 SC,5177
TV,18292,YUKON,6024
TV,18299,DEED,15
TV,18318,PRINCIPAL FORTE,144.96
TV,18332,LOGRADO 360 SL,812
TV,18369,Halvetic,160
TV,18379,STELLAR,930
TV,18393,TORERO F WG,96
TV,18394,FALTEX 50 SC,8646
TV,18394,FALTEX 50 SC DA 10 LT,40
TV,18395,,1500
TV,18409,LADIVA,6
TV,18416,EXIREL BAIT,3
TV,18490,,26
TV,18490,BRIXTON,548
TV,18490,BRIXTON LT 1,5
TV,18490,BRIXTON LT 5,15
TV,18495,KYLEO TOP,35
TV,18525,QUEEN,95
TV,18530,,45
TV,18552,DIVIN,48
TV,18600,LIQUIZOL PLATINUM,9050
TV,18606,EXIREL 2024,17
TV,18683,RIDOMIL GOLD SL 2024,5
TV,18720,U46 D-MAX,193
VE,13,,12840
VE,13,THIOPRON,5280
VE,133,,3
VE,133,U 46 D-FLUID,12
VE,206,,290
VE,565,,2000
VE,599,,450
VE,599,ACUPRICO 76 WG,100
VE,619,,57
VE,909,,100
VE,1156,,4094
VE,1156,CHEMOL,385
VE,1562,,96
VE,1573,,4000
VE,1573,BASAMID GRANULAT,2380
VE,1583,,100770
VE,1583,MICROTHIOL DISPERSS,45280
VE,1823,ZOLFO 80 MICRONIZZATO,1
VE,1850,IDRORAME FLOW,4
VE,1936,,150
VE,2191,,722
VE,2191,WETTING PLUS,644
VE,2259,,168
VE,2260,,309
VE,2260,GASTROTOX E,135
VE,2291,,425
VE,2307,,2288
VE,2307,VECTOR,536
VE,2732,,1917
VE,2732,GOLTIX,757
VE,2923,,17730
VE,2923,TIOVIT JET,3391
VE,3102,,705
VE,3102,OLEOTER,75
VE,3163,,1
VE,3182,,43
VE,3343,,113
VE,3343,U46 M CLASS,259
VE,3412,,370
VE,3412,SYLLIT 65,197
VE,3486,,30
VE,3486,TRISCABOL DG,5
VE,3503,,279
VE,3503,AGRUMIN,30
VE,3519,,6
VE,3519,METAMBANE,47
VE,3553,,39
VE,3553,CURZATE,215
VE,3640,,5
VE,3767,,552
VE,3767,FENOXILENE 200,254
VE,3817,,21
VE,3817,DISERBONE KN,4
VE,4264,,20
VE,4264,VIC 400 SC,1
VE,4701,,82
VE,4701,PIRIMOR 50,8
VE,4710,,809
VE,4710,ALIETTE,270
VE,5152,,750
VE,5152,TIOSPOR WG,680
VE,5414,,0.5
VE,5574,,117
VE,6162,DE-SPROUT,100
VE,6322,,30
VE,6322,OBSTHORMON 24A,15
VE,6437,,164
VE,6437,ETHREL,2
VE,6555,,375
VE,6556,,30
VE,6557,,45
VE,6771,,1926
VE,6945,,76.75
VE,6945,TOPAS 10 EC,152.75
VE,6956,TARGA FLO,53
VE,7020,,335
VE,7020,BAGNANTE CIFO,211
VE,7053,,100
VE,7053,PASTA CAFFARO NC,8
VE,7055,PASTA CAFFARO BLU,116
VE,7368,,46
VE,7368,TURFENE L,18
VE,7379,,40
VE,7379,VENZAR,10
VE,7401,POLTIGLIA CAFFARO 20 DF NEW,12
VE,7411,,2
VE,7411,DIRAGER,0.5
VE,7483,,98
VE,7483,DEVRINOL F,2
VE,7541,,1.5
VE,7700,,228.2
VE,7700,MATACAR FL,42.2
VE,7764,,3343
VE,7911,,90
VE,7916,,13921
VE,7916,POLYRAM DF,4972
VE,7919,,23193
VE,7919,TOUCHDOWN,4780
VE,7930,,2501
VE,7930,KERB FLO,228
VE,8023,,72
VE,8023,SUMIALFA ECHO,97
VE,8028,,915
VE,8028,CALARIS,24
VE,8102,,4765
VE,8102,MERPAN 80 WDG,533
VE,8146,,60
VE,8146,GALLERY,6.5
VE,8184,,273
VE,8184,CHALLENGE,43
VE,8189,,1400
VE,8229,,1
VE,8259,LAMDEX EXTRA,22
VE,8320,DELFIN,3
VE,8376,,252
VE,8376,ARIANE II,10
VE,8498,,75
VE,8498,FOLICUR WG,59
VE,8542,,264.4
VE,8542,FORUM 50 WP,252
VE,8546,,317
VE,8558,,803
VE,8558,PIRETRO VERDE,10
VE,8581,FOLIANE SC,50
VE,8599,,1245
VE,8599,GOLD BEET,80
VE,8601,,11211
VE,8601,FOLPAN 80 WDG,10007
VE,8617,,13
VE,8656,,1760
VE,8656,GLIFENE HP,2903
VE,8706,,30.5
VE,8706,AMID THIN W,2.5
VE,8712,,2
VE,8712,ALLEGANTE 4% AF 96,2
VE,8735,,1980.5
VE,8735,TREBON UP,763
VE,8743,,5.5
VE,8795,,37.5
VE,8795,VERTIMEC EC,13
VE,8801,,611
VE,8801,SCORE 25 EC,160.25
VE,8836,,87
VE,8843,NISSHIN,1
VE,8874,,265
VE,8874,ETOFUM - FL,12
VE,8882,,172
VE,8886,,51.6
VE,8886,SAFARI,42.24
VE,8929,,3.5
VE,8933,,4
VE,8934,,544
VE,8934,SCALA,91
VE,8937,,3
VE,9005,,1510
VE,9005,AGIL,1703
VE,9010,RAMEZIN COMBI WG,180
VE,9041,,9240
VE,9126,,0.5
VE,9210,,6401
VE,9210,QUADRIS,977
VE,9244,,380
VE,9244,ZIRAMIT 76 WG,80
VE,9280,,1
VE,9280,TOPAS 200 EW,0.5
VE,9342,DELTRIN,24.5
VE,9373,,94
VE,9373,CHORUS,3
VE,9380,,4820
VE,9380,FREEWAY 360,4060
VE,9422,,346.5
VE,9422,EVADE,115.5
VE,9477,,1
VE,9509,,44.5
VE,9531,,24
VE,9569,,703
VE,9569,ZETARAM 3B FL,20
VE,9578,,1277.5
VE,9578,SWITCH,264
VE,9612,OSSICLOR 30,10
VE,9631,,5
VE,9695,PERLAN,7.5
VE,9696,,5
VE,9705,,120
VE,9705,PREVITER,33
VE,9723,,2190
VE,9757,,111
VE,9757,SPYRALE,58
VE,9790,,923
VE,9790,CONTATTO 320,24
VE,9800,,219.65
VE,9800,MAVRIK SMART,73.35
VE,9843,,3480.2
VE,9843,BASAGRAN SG,1086
VE,9954,,1995
VE,9954,JOKER,1126
VE,10048,,500
VE,10048,KUMULUS TECNO,9400
VE,10117,,2047
VE,10117,STRATOS ULTRA,707
VE,10118,,1983
VE,10118,AMISTAR,86.6
VE,10154,,10
VE,10161,,585
VE,10161,ORTIVA,22
VE,10220,,7
VE,10221,,15
VE,10224,,1250
VE,10263,,1
VE,10305,,83
VE,10305,OIKOS,5
VE,10306,,75
VE,10306,MISTRAL,60
VE,10350,,465
VE,10350,BLAST SG,477
VE,10381,,165
VE,10415,ARIC 480 L.S.,25
VE,10423,,1698
VE,10423,LUMACHICIDA VEBI,108
VE,10439,,1
VE,10461,DICOTURF,0.5
VE,10479,,40
VE,10479,NATURALIS,2
VE,10573,,440
VE,10573,KOCIDE 2000,52
VE,10577,,1086.5
VE,10577,METRIPHAR 70 WG,177.5
VE,10585,,17
VE,10588,,285
VE,10588,BIOPIREN PLUS,21
VE,10604,,9.75
VE,10604,EMERALD 40 EW,3
VE,10632,,351
VE,10632,COBRE NORDOX SUPER 75 WG,316
VE,10647,,5
VE,10701,,450.25
VE,10701,CUMETA FLOW,20
VE,10734,,5543
VE,10734,DUAL GOLD,3180
VE,10735,,3898
VE,10735,PRIMAGRAM GOLD,546
VE,10741,,189
VE,10741,METACINQUE,485
VE,10771,,3138
VE,10771,MOST MICRO,1340
VE,10816,,47.25
VE,10890,,180
VE,10890,FLiPPER,85
VE,10890,FLiPPER PFNPE,0.4
VE,10890,SLB FLiPPER ML. 200,5
VE,10926,,71
VE,10929,,4.85
VE,10929,CHIKARA 25 WG,0.05
VE,10944,,658
VE,10944,KARATE ZEON,196.25
VE,10948,,25
VE,10948,VITISAN WG,19.5
VE,10952,,206
VE,10976,,1250.2
VE,10976,METEOR,558.25
VE,10999,,458
VE,10999,BETANAL SE,788
VE,11011,,4350
VE,11011,DASH HC,1908
VE,11040,,60
VE,11040,POLTIGLIA BORDOLESE DISPERSS BLU,20
VE,11059,,184
VE,11059,BIOPOWER,20
VE,11062,,59
VE,11062,BION 50 WG,3
VE,11070,,44980
VE,11070,TIOGOLD DISPERSS,60
VE,11088,,29
VE,11102,,240
VE,11102,HELIOSOUFRE S,30
VE,11119,,269.95
VE,11119,FLINT,4.45
VE,11133,,34.5
VE,11133,SHELTER,117
VE,11147,,504
VE,11150,,775
VE,11190,,1
VE,11196,,60
VE,11197,,581
VE,11197,VITENE 45 WG,22
VE,11206,,5887.2
VE,11206,CODACIDE,3032.5
VE,11243,,1408
VE,11243,LEOPARD 5 EC,1972
VE,11252,,4
VE,11253,,81
VE,11253,CALLISTO,120.7
VE,11255,,453
VE,11257,,21
VE,11257,COSTAR WG,7.5
VE,11258,,50
VE,11341,,507
VE,11341,STARANE GOLD,582
VE,11353,,307
VE,11353,FUSILADE MAX,11
VE,11355,,13410
VE,11393,,24
VE,11393,BEETLE,17
VE,11402,,10
VE,11416,,20
VE,11448,,455
VE,11448,KICKER,6
VE,11449,,195
VE,11479,,37
VE,11479,BRANCHER DIRADO,8
VE,11505,,98
VE,11505,READY GERMIPLUS,14
VE,11526,,159
VE,11526,SULTAN,133
VE,11549,,2.25
VE,11552,,20
VE,11554,ECODIAN CIDIA,5
VE,11561,,60
VE,11561,NEEMAZAL T/S,4
VE,11569,,405
VE,11611,VYDATE 10L,10
VE,11619,TIOFLOR WDG,16
VE,11637,,392
VE,11649,,1992.8
VE,11649,COMMAND 36 CS,67.6
VE,11654,,407
VE,11678,,17
VE,11687,,300
VE,11690,,37
VE,11690,GOAL 480 SC,0.5
VE,11693,,38.25
VE,11693,LASER,10.95
VE,11730,COSMOTRIN,190
VE,11760,,2300
VE,11760,POLITHIOL,480
VE,11762,,20
VE,11762,FORUM STAR,15
VE,11767,,43
VE,11779,,35
VE,11793,XENTARI WG,3
VE,11802,,20
VE,11857,,175
VE,11870,,0.5
VE,11872,RIFLE 3-18-R,51
VE,11944,,190
VE,11991,NEEMIK TEN,7
VE,11999,,180
VE,12010,TUAREG,31
VE,12020,,0.08
VE,12023,,457
VE,12037,,1735
VE,12037,CAMIX,485
VE,12043,,122
VE,12043,PREVICUR ENERGY,12
VE,12048,,20
VE,12048,TIOSOL 80 WG,340
VE,12090,,290
VE,12096,,28157
VE,12096,POLTIGLIA DISPERSS,6662
VE,12100,,98
VE,12106,,183.5
VE,12106,TALENDO,78.5
VE,12114,,44
VE,12133,,25
VE,12133,JUVINAL GOLD,1
VE,12170,,500
VE,12170,HELIOCUIVRE,530
VE,12225,,11.76
VE,12225,TEPPEKI,4.82
VE,12233,,175
VE,12233,KAPLAN,2
VE,12285,,2473
VE,12285,FORUM GOLD,707
VE,12296,,2
VE,12319,,3
VE,12319,KRONOS,20
VE,12361,,12.6
VE,12361,ALGEDI,77.6
VE,12381,,11
VE,12381,NU-FILM-P,1
VE,12437,,336
VE,12437,DELAN 70 WG,62
VE,12452,,36
VE,12453,,1289
VE,12453,MILDICUT,196
VE,12482,,9500
VE,12482,LUMAX,5300
VE,12522,METRO,24.5
VE,12528,,13
VE,12528,CABRIO TOP,110
VE,12529,,75
VE,12529,TUCANA 25 EC,16
VE,12534,,172.25
VE,12534,FOXTAIL,15.5
VE,12548,XANILO 45 WG,26.5
VE,12566,,45
VE,12573,EKO OIL SPRAY,100
VE,12590,,2000
VE,12590,DIASTAR MAXI,40
VE,12622,QUANTUM,8.5
VE,12625,EFUZIN 400 SC,4
VE,12628,,8
VE,12647,,212
VE,12661,NEXOL 10 WG,7
VE,12662,,1325
VE,12671,,350.93
VE,12671,HARMONY 50 SX,47.56
VE,12722,,115
VE,12737,,2733
VE,12737,AIRONE PIU',4234
VE,12738,KING 360 HP,20
VE,12748,,462
VE,12754,,10
VE,12756,,88.6
VE,12756,DICOTEX,32
VE,12759,,71
VE,12759,OSSICLOR 35 WG,129
VE,12763,,40
VE,12770,,1
VE,12779,,10
VE,12785,,1200
VE,12788,,79
VE,12788,ADIGOR,111
VE,12792,,2138
VE,12792,Magic Tandem,880
VE,12806,,229
VE,12806,FEDOR,371
VE,12828,SITOFEX,1
VE,12834,,10.49
VE,12835,ISONET LE,156
VE,12839,ECODIAN STAR,8
VE,12862,,543
VE,12862,CANTUS,155
VE,12866,,13
VE,12866,COLLIS,8
VE,12868,,15
VE,12868,BELLIS,6
VE,12869,,1401
VE,12869,SIGNUM,156
VE,12878,,5764
VE,12878,FOLPAN GOLD,3595
VE,12883,,1885
VE,12883,PROSPER 300 CS,902
VE,12886,,1950
VE,12886,KARATHANE STAR,1066
VE,12888,,14
VE,12916,SACRON 45 W,16
VE,12933,,46
VE,12933,MOXYL 20 WP,19
VE,12940,,465.5
VE,12940,KARATE ZEON 1.5,157
VE,12961,,9
VE,12994,,12.5
VE,12994,VIVER ELITE WG,54.5
VE,13012,,6280
VE,13012,FOLVIT 80 WDG,617
VE,13018,,39
VE,13061,,1007
VE,13061,BIOBIT DF,96
VE,13062,,10
VE,13063,,0.1
VE,13064,,2526
VE,13064,VITENE ULTRA SC,768
VE,13065,DOMARK 125,2
VE,13076,,4
VE,13084,,222
VE,13084,TELDOR PLUS,43
VE,13085,ECODIAN COMBI,11
VE,13093,,1486
VE,13093,STOMP AQUA,456
VE,13095,,6
VE,13098,,1863
VE,13098,ROUNDUP POWER 2.0,4860
VE,13104,,55
VE,13106,IKANOS,8
VE,13116,,1.5
VE,13120,,216
VE,13126,,592
VE,13126,CABRIO DUO,25
VE,13127,,5
VE,13127,VALIS F,572
VE,13149,,1851
VE,13150,CURAME 25 WG,440
VE,13152,,1
VE,13154,,2663
VE,13154,MONDAK 480 S,500
VE,13158,,70
VE,13158,REMEDIER,58
VE,13159,,285
VE,13159,PRIMIAL,4
VE,13160,,1808
VE,13160,FORUM TOP,704
VE,13168,,9565
VE,13168,LAUDIS,2516
VE,13205,,10
VE,13213,,2
VE,13213,R6 ERRESEI ALBIS,96
VE,13218,,30
VE,13218,FINALSAN PLUS,190
VE,13236,,188
VE,13236,BULLET,18
VE,13242,,21
VE,13242,NICOGAN V.O.,652
VE,13244,,1125
VE,13249,,150
VE,13252,,181
VE,13252,PLAYER 250 SC,339
VE,13253,,540
VE,13253,PLAYER SC,88
VE,13255,PLAYER GR,7
VE,13285,SEVERAL,13
VE,13290,ZOLFO MANICA DOPPIO RAFFINATO VENTI,120
VE,13299,MAGIO',2
VE,13313,,95
VE,13313,CASPER,34
VE,13327,,36.5
VE,13327,GRANSTAR ULTRA SX,25.35
VE,13367,,24
VE,13377,,126
VE,13382,,1922.5
VE,13382,PERGADO SC,531
VE,13386,,451
VE,13386,PROSARO,355
VE,13387,,148.93
VE,13387,FLORAMIX,106.53
VE,13388,,2.12
VE,13389,,3361
VE,13389,AFFIRM,2892
VE,13391,,23
VE,13447,HELMSTAR 75 WG,0.53
VE,13451,,260
VE,13451,SPARVIERO,8
VE,13455,,158
VE,13455,ANTIGRAM GOLD,115
VE,13466,,1059
VE,13466,SPOTLIGHT PLUS,607
VE,13471,NICOZEA OD,67
VE,13472,,10
VE,13485,,4661
VE,13485,FOLPEC 80 WG ADVANCE,6
VE,13486,,129
VE,13486,JUDO,9.75
VE,13489,,613.5
VE,13489,CYMBAL,38.5
VE,13540,,60
VE,13540,QUASAR R FLOW,150
VE,13552,,3.5
VE,13552,ZOLVIS 80 SECTOR,387
VE,13560,FORZA,3
VE,13578,RAME CAFFARO BLU WG NEW,24
VE,13579,,20
VE,13581,,3234
VE,13581,ZOLVIS OTTANTA WG,570
VE,13586,VERDERAME 20 WG,30
VE,13592,,198
VE,13592,VOLARE,16
VE,13600,,200
VE,13635,,195
VE,13637,,6887
VE,13637,PERGADO F,2139
VE,13689,,47.5
VE,13689,FLINT MAX,26.5
VE,13693,BACILLUS CHEMIA,2.1
VE,13698,,444.5
VE,13698,VIVANDO,280.25
VE,13700,,716.18
VE,13701,,91.6
VE,13711,,2338
VE,13714,,500
VE,13741,,22
VE,13771,,288
VE,13771,NIMROD 250 EW,46
VE,13782,,1
VE,13789,,44
VE,13792,,789
VE,13792,STABILAN,55
VE,13796,,28
VE,13796,CELL,26
VE,13809,,67470
VE,13809,FORCE ULTRA,12430
VE,13823,,57
VE,13823,ALVERDE,11
VE,13838,,0.5
VE,13838,XEDAVIR,1.25
VE,13838,XEDAVIR PFnPE,1.25
VE,13841,,19554
VE,13841,FOCUS ULTRA,8529
VE,13856,,470
VE,13876,,1440
VE,13876,APACHE,83
VE,13888,,1015
VE,13888,FANTIC F NC WG,520
VE,13895,,5
VE,13895,SAVIRAN STAR,10
VE,13905,,61
VE,13905,BANJO,2
VE,13925,,118.5
VE,13926,,22.5
VE,13927,,3
VE,13927,ZAMIR 18,10.5
VE,13930,MARINS 200 CLASS,39
VE,13981,,3731.3
VE,13981,CORAGEN,369.9
VE,13998,,38
VE,13998,PYRUS 400 SC,4
VE,14020,LIDAL,1
VE,14044,JOKER 480,136
VE,14058,,960.25
VE,14058,FEINZIN 70 DF,550.75
VE,14061,,1
VE,14062,,492
VE,14062,ZOXIUM 240 SC,240
VE,14100,,222
VE,14100,KANEMITE,4
VE,14101,,946
VE,14101,CARAMBA,309
VE,14102,,3876
VE,14102,BORDOFLOW NEW,550
VE,14109,,374
VE,14119,VISIR PENCOTECH,4
VE,14136,OBERON,1
VE,14137,,50.7
VE,14137,ALTACOR,5.5
VE,14155,,510
VE,14156,CURZATE R WG,590
VE,14165,,2179
VE,14165,NANDO MAXI,77
VE,14169,,40
VE,14169,PERGADO R,10
VE,14178,,210
VE,14182,,24
VE,14182,ARES 25 WG,338
VE,14193,SARMOX 45 DG,42.5
VE,14195,,355
VE,14195,KENDO WITH ZEON TECHNOLOGY,12
VE,14210,,328.3
VE,14210,EVURE PRO,320
VE,14257,,1
VE,14262,,4.08
VE,14262,GREENEX NF,16.5
VE,14294,,1.5
VE,14336,,74
VE,14336,NEMATHORIN 150 EC,1
VE,14375,,808
VE,14375,LION 5 EC,711
VE,14387,NERVURE SUPER,30
VE,14390,,2449
VE,14390,BOOM EFEKT,3097
VE,14406,,266.25
VE,14406,LEIMAY,297.75
VE,14407,,27.03
VE,14407,RUNWAY,8
VE,14409,,9352.25
VE,14409,MOVENTO 48 SC,937
VE,14418,,163
VE,14418,PULSAR 40 SL,11
VE,14431,,132
VE,14431,LENTAGRAN 45 WP,2
VE,14434,,0.76
VE,14434,NUANCE,0.06
VE,14474,TEBUSIP COMBI,20
VE,14479,,1150
VE,14479,SCHERMO 0.5 G,2323
VE,14523,,5
VE,14547,BAC MK,0.35
VE,14548,,6
VE,14559,,75
VE,14577,,890
VE,14577,FORUM R 3B,347
VE,14636,,2747
VE,14636,BIOLID UP,1312.5
VE,14636,BIOLID UP ML. 500,8
VE,14636,BIOLID UP PFNPE,0.5
VE,14642,,7459
VE,14642,RIDOMIL GOLD R WG,3092
VE,14664,,0.05
VE,14664,BERELEX 40 SG,0.01
VE,14679,,5
VE,14686,,215
VE,14686,KOCIDE OPTI,480
VE,14697,,765
VE,14697,ENERVIN DUO,410
VE,14699,,89
VE,14699,GEOXE,5
VE,14709,,6.18
VE,14735,,25
VE,14737,,10363
VE,14737,ROUNDUP PLATINUM,2790
VE,14764,,100
VE,14764,SLUXX HP,150
VE,14765,,5050
VE,14765,ELUMIS,2094
VE,14769,COMET 250 EC,3
VE,14772,,17
VE,14785,,16.5
VE,14809,,3
VE,14812,,1372
VE,14812,ENERVIN TOP,365
VE,14838,BARCLAY GALLUP BIOGRADE 360,298
VE,14845,,60
VE,14846,,104
VE,14846,AVALON 250 EW,75
VE,14867,,7
VE,14867,SYNERO,4
VE,14869,,4420
VE,14869,CUPROBEL HYDRO,410
VE,14872,,13.5
VE,14872,BELLIS DRUPACEE,2.5
VE,14876,,37
VE,14879,,15.15
VE,14879,LONTREL 72 SG,9
VE,14884,,10622
VE,14884,CORUM,7052
VE,14914,,10
VE,14918,,519.5
VE,14918,RIVIOR,208.8
VE,14919,,0.02
VE,14935,,1167
VE,14935,TIMELINE TRIO,449
VE,14936,,990
VE,14936,AMPLIGO,484.5
VE,14938,DEDICATE,1.5
VE,14944,,3
VE,14947,,204
VE,14967,,83
VE,14969,,900
VE,14969,HOPPER 480,830
VE,14972,,3
VE,14980,,49
VE,15005,,30
VE,15005,FONTELIS,26
VE,15013,NATRIA LUMACHICIDA,474
VE,15023,,400
VE,15037,,13
VE,15037,BREZZA,24
VE,15039,,3
VE,15047,,200
VE,15047,R6 ERRESEI BORDEAUX WG,2.5
VE,15048,INDOXAN 45 WDG,20
VE,15049,,251
VE,15049,MODDUS,168
VE,15051,,4250
VE,15051,KYLEO,1335
VE,15052,,45
VE,15056,,655
VE,15056,TOMCATO,701
VE,15058,,262.24
VE,15058,PRINCIPAL MAIS,178.64
VE,15059,,2303.25
VE,15059,DECIS EVO,816
VE,15062,,399
VE,15062,PIRAMAX  EC,70
VE,15071,,262
VE,15071,EVOLUTION,47
VE,15083,,1
VE,15083,AUDACE,15
VE,15096,,110
VE,15096,GLIPHOGAN TOP CL,661
VE,15102,,734
VE,15102,CURZATE ERRE EVO,33
VE,15115,,1678
VE,15115,PROSPER 500 EC,75
VE,15120,,10
VE,15121,,4820
VE,15121,BIOCUPRO,20
VE,15122,,3
VE,15127,,20
VE,15130,,605
VE,15130,INTREPID,302
VE,15142,,7948
VE,15142,ALCANCE SYNC TEC,2690
VE,15149,,1185
VE,15149,COSAVET DF EDGE,1975
VE,15199,SAKURA,58
VE,15200,,14
VE,15201,,9
VE,15201,FLOXY 400 SC,25
VE,15213,DEMETRINA FLOW,1
VE,15221,,35
VE,15222,,70
VE,15222,FOLICUR COMBI WG,84
VE,15223,PANTANI,176
VE,15229,,185
VE,15229,STOPPER P,160
VE,15233,,300
VE,15233,DALET TRIO,200
VE,15235,,5
VE,15247,,14
VE,15250,,65
VE,15251,,1663
VE,15251,AIRONE LIQUIDO,796
VE,15253,,4
VE,15263,,172
VE,15263,DYNALI,18
VE,15264,,3496.5
VE,15264,ENERVIN SC,1074
VE,15265,,213
VE,15265,PROMAN FLOW,32
VE,15266,,4020
VE,15266,QUARTET,1660
VE,15267,KUSABI,81
VE,15291,,1
VE,15291,TURFENE PLUS,1
VE,15292,,97
VE,15292,VERTIARO,19.5
VE,15293,,117
VE,15293,MAVITA 250 EC,51
VE,15294,,972
VE,15298,,16
VE,15302,,73
VE,15302,AMYLO-X,59
VE,15307,,36.5
VE,15317,,4107
VE,15317,SESTO GOLD,4
VE,15335,,81
VE,15337,,1.4
VE,15337,EXPRESS,0.3
VE,15346,,83
VE,15348,,60
VE,15348,RIDOMIL GOLD R LIQUIDO,140
VE,15349,ARES 430 SC,12
VE,15356,,24
VE,15358,,230
VE,15358,ZOLFO FLOW MCT,391.5
VE,15363,,20
VE,15369,,144
VE,15369,MAGMA TRIPLE,7
VE,15378,,829
VE,15378,TRAXOS PRONTO 60,271
VE,15379,,177
VE,15379,AXIAL PRONTO 60,21.37
VE,15384,,54
VE,15384,LUNA EXPERIENCE,18
VE,15389,,5800
VE,15401,,10012
VE,15401,TAIFUN MK CL,4019.75
VE,15402,,32
VE,15402,DELTASAP,22
VE,15409,,217
VE,15409,DECISION,6
VE,15410,,171
VE,15410,DECA,147
VE,15419,,65
VE,15419,ELECTIS R FLOW,160
VE,15422,,41.04
VE,15422,TITUS DUO,6.94
VE,15438,SANMITE 10 SC,4
VE,15448,,384
VE,15448,REBEL TOP,24
VE,15449,,1083
VE,15449,CIDELY,489
VE,15451,,20
VE,15483,WISH,2
VE,15491,,16.5
VE,15491,SWORD UP,3
VE,15493,SIMUN 40 OD,100
VE,15499,,542
VE,15499,SONG 70 WDG,269
VE,15501,,1
VE,15513,,1258
VE,15513,OSSICLOR 35 WG GREEN,24
VE,15536,,315
VE,15536,ANTAL,5
VE,15543,,18
VE,15543,LUMACHICIDA FER PFNPE,1388.9
VE,15546,,93.35
VE,15546,BIATHLON 4D,17.45
VE,15549,,63
VE,15550,,47
VE,15553,,22.5
VE,15553,REGALIS PLUS,6
VE,15566,,292
VE,15566,VISION PLUS,85
VE,15574,,30
VE,15574,KARMA 85,15
VE,15583,,265
VE,15591,PREVINT TOP,1
VE,15598,,157
VE,15610,,24
VE,15612,,4.2
VE,15612,SEMPRA,8.4
VE,15621,,16
VE,15622,CURZATE R WG BIANCO,29
VE,15630,,6
VE,15633,,12
VE,15635,,2431
VE,15635,ADENGO XTRA,757
VE,15650,TB 25 WG,9
VE,15654,,360
VE,15662,LESTRA,0.5
VE,15665,,24
VE,15665,KEMPO SORBIE,22.6
VE,15668,,0.25
VE,15668,GHIBLI 240 OD,1
VE,15674,,11.75
VE,15674,AMADEUS TOP,44.6
VE,15689,,22
VE,15693,,96
VE,15712,,10860
VE,15712,SATELITE,1497
VE,15722,,70
VE,15741,,250
VE,15744,,24.5
VE,15744,REBOOT,14
VE,15748,,62
VE,15748,SYLLIT 544 SC,13
VE,15751,,5
VE,15752,,16
VE,15753,,10
VE,15769,,1342
VE,15780,,180
VE,15790,,240
VE,15790,AMISTAR TOP,700
VE,15808,,60
VE,15808,CYMBAL FLOW,1
VE,15831,,44
VE,15836,,58
VE,15836,RATRON GW,53
VE,15837,,1028.75
VE,15837,RATRON GL,6.75
VE,15838,,1260
VE,15838,ROUNDUP ULTRAMAX,490
VE,15856,,193
VE,15869,,1785
VE,15886,,70
VE,15890,CURZATE 60 WG,5.6
VE,15897,ALFIL WG,593
VE,15898,,5.5
VE,15900,,8120
VE,15900,TRIKA EXPERT,1940
VE,15901,,24630
VE,15901,ERCOLE,12310
VE,15907,,15
VE,15910,KARAKAS,48
VE,15911,,76
VE,15911,SPIROX,18
VE,15915,,200
VE,15915,STARANE HD,27
VE,15926,,5599
VE,15926,MOJANG 600,461
VE,15948,,5
VE,15961,,1517
VE,15961,RETENGO NEW,146
VE,15990,SCIROCCO 125 EW,2.25
VE,16007,,1518
VE,16007,REWARD,520
VE,16023,,203
VE,16027,METOMOR F,690
VE,16032,,117
VE,16033,,49
VE,16034,,71
VE,16035,THEOREM,0.5
VE,16038,,4
VE,16038,CABRIO WG,16
VE,16051,,65
VE,16051,LENNS,315
VE,16054,,11
VE,16065,,18.75
VE,16065,SERRATE,26.25
VE,16066,,52.75
VE,16066,RADIANT PRO,4
VE,16068,,7
VE,16068,FOLDER 80 WG,40
VE,16071,,3.75
VE,16071,MESOZIN 70 WG,23.75
VE,16074,,12
VE,16074,GLORIAL 25 EC,98
VE,16076,,519
VE,16076,SOLIS,82
VE,16084,,25
VE,16085,,0.79
VE,16085,TRIMUR,8.03
VE,16089,,61.74
VE,16092,,220
VE,16092,CICLOPE,15
VE,16098,,9
VE,16098,NIBER 70 DF,10.75
VE,16099,SINIS 70 DF,0.75
VE,16101,,107
VE,16101,TOPAS COMBI LIQUIDO,5
VE,16104,,430
VE,16104,ELECTIS TRIO WDG,403
VE,16142,,4.5
VE,16149,,1
VE,16155,DINIRO,1
VE,16157,ATLANTIS FLEX,0.66
VE,16167,,3
VE,16167,MARACANA,8
VE,16170,,10
VE,16171,,131.2
VE,16178,,10050
VE,16179,,600
VE,16179,FOLLOW 80 WG,600
VE,16182,,60
VE,16182,CLICK PRO,5
VE,16191,,529
VE,16191,TRIMAXX,31
VE,16194,,509
VE,16194,ETRAVON PRO,68
VE,16200,,460
VE,16200,CUPRORAM 35 WG NC,680
VE,16204,,42
VE,16221,,0.2
VE,16226,,55
VE,16226,CIMOTER RAME WG,189
VE,16235,KEYFOL WG,485
VE,16242,,55
VE,16247,,340
VE,16249,,2
VE,16251,,671
VE,16251,AFFIRM OPTI,5
VE,16252,,80
VE,16252,AMISTAR GOLD,15
VE,16255,,240
VE,16261,,20
VE,16261,BELOUKHA,4.38
VE,16271,,210
VE,16273,,928.5
VE,16273,SIVANTO PRIME,376.25
VE,16277,,2641
VE,16277,ALMADA 50 SC,166
VE,16279,,850
VE,16279,ERCOLE GR,10
VE,16285,,237
VE,16287,,464
VE,16287,SOLIGOR,168
VE,16288,,1155.25
VE,16288,AMPEXIO,124.25
VE,16290,,18.66
VE,16290,AMADEUS ULTRA,0.33
VE,16295,,1
VE,16295,RAPAX AS,12
VE,16296,,7
VE,16296,PERGADO D,35
VE,16299,,4557
VE,16299,PASSAT SL,7
VE,16303,,55
VE,16304,,28
VE,16325,,4247.95
VE,16325,EPIK SL,2499
VE,16335,,11000
VE,16335,LIETO SC,3985
VE,16336,,4
VE,16361,,635
VE,16362,,530
VE,16363,,1252.9
VE,16363,SIRTAKI,683.8
VE,16364,,8202
VE,16364,BISMARK,6218
VE,16369,,80
VE,16379,,290
VE,16379,PREV-AM PLUS,93
VE,16381,,100
VE,16381,CALLICORE,39
VE,16384,,3124
VE,16384,ELATUS ERA,1120
VE,16385,,240.5
VE,16385,ELATUS PLUS,134.25
VE,16387,,395
VE,16395,,21
VE,16403,CAPITAL SH,10
VE,16420,,2
VE,16425,,70
VE,16425,LASER 120 SC,5
VE,16427,,123
VE,16433,,40
VE,16438,,55.5
VE,16438,VELUM PRIME,6
VE,16442,,1732
VE,16442,PROFILER,1691
VE,16457,,482
VE,16457,POLTIGLIA 20 WG GREEN,2715
VE,16459,,10
VE,16460,,10
VE,16461,,576
VE,16461,CENTURION 240 NEO,10
VE,16472,,430
VE,16472,CONVISO ONE,29
VE,16474,,4.85
VE,16480,,3248
VE,16480,3LOGY,730.2
VE,16481,,5083.42
VE,16481,CALLISTO 480,6.9
VE,16492,,25
VE,16495,,0.05
VE,16498,,386
VE,16501,,1
VE,16501,INSTRATA ELITE,1
VE,16509,,10
VE,16509,IBISCO,35
VE,16510,,4.72
VE,16527,,500
VE,16527,TELLUS WP,4
VE,16538,KITAMBA,50
VE,16540,PRIAM TOP,461
VE,16542,LAOTTA,3
VE,16545,,2430
VE,16545,COPRANTOL HI BIO 2.0,115
VE,16562,,13710
VE,16562,DELAN PRO,4020
VE,16563,,3
VE,16563,DOROTRIN 25 EC,56
VE,16564,,50
VE,16565,,2.7
VE,16565,EXECUTIVE GOLD,7
VE,16567,,380
VE,16570,,336
VE,16570,SENCOR 600 SC,27
VE,16573,,455
VE,16573,FIGHTER,466
VE,16575,TRIMMER 50 WG,0.1
VE,16577,,65
VE,16577,U46 COMBI DUO,26
VE,16596,,3.51
VE,16596,SANIUM SL25 PFNPE,7.88
VE,16597,,95
VE,16598,,453.6
VE,16598,PG SANIUM AL PFNPE ML. 800,79.2
VE,16598,SANIUM AL PFNPE,471.2
VE,16606,,20
VE,16606,PHYTO SARCAN,185
VE,16607,,1740
VE,16607,VEXTAMITRON 700 SC,770
VE,16608,,80
VE,16616,,2456
VE,16616,VALLEY,690
VE,16618,,21.2
VE,16618,COLZA POWER PFNPE,144.42
VE,16619,,0.9
VE,16624,,18
VE,16630,,822.7
VE,16630,KB NATUREN LIMEX PFNPE GR. 450,5.4
VE,16630,LUMACHICIDA LIMEX PFNPE KG. 1,24
VE,16630,NATUREN LIMEX PFNPE,1438.1
VE,16632,,13.5
VE,16643,,2640
VE,16643,SUCCESS GR,288
VE,16654,,1.5
VE,16657,,6110
VE,16657,CENTURY PRO,3870
VE,16658,,601
VE,16658,DAGONIS,43
VE,16663,,516
VE,16667,,1847
VE,16667,REVOLUTION,543
VE,16690,,781.25
VE,16690,KESTREL,150
VE,16699,,0.6
VE,16701,,3.9
VE,16701,PLAZA,4
VE,16742,,165
VE,16747,,0.04
VE,16749,,2575
VE,16751,,10
VE,16753,MERPLUS,105
VE,16754,SIMBA,19
VE,16755,,75
VE,16761,,10
VE,16772,,34
VE,16776,,96.75
VE,16776,ASSET FIVE,9
VE,16779,,322
VE,16779,TONALE,446
VE,16780,,180
VE,16780,SERENADE ASO,15
VE,16783,,1217
VE,16783,NICARAGUA,48
VE,16785,,4.2
VE,16787,,833
VE,16787,CLINIC ST,1069
VE,16792,,2.5
VE,16794,,29
VE,16794,SILGLIF ST,7
VE,16796,JOICE 55 D,149
VE,16797,,14
VE,16799,ALEXIN 75 LS,20
VE,16802,,1916
VE,16802,ZYPAR,631
VE,16813,,15.8
VE,16816,,10
VE,16818,,76
VE,16819,NATUR BREAKER,230
VE,16820,,42
VE,16827,,3
VE,16827,MAISOT,28
VE,16828,MAKURI MAX,6
VE,16831,,11036
VE,16831,GLIFENE BIOGRADE,2397
VE,16831,GLIFENE BIOGRADE PFNPE,12
VE,16833,PANTOX 360 SUPER,1660
VE,16835,,33.5
VE,16842,,6
VE,16843,,2130
VE,16846,,42.7
VE,16846,VESTICOR,1.5
VE,16847,CIRCUS  WG,0.1
VE,16857,,2
VE,16858,KENJA,2
VE,16867,,60
VE,16867,GLISTER STAR,500
VE,16882,,588
VE,16882,PROPULSE,454
VE,16886,,470.75
VE,16886,CLOSER,92
VE,16886,CLOSER 120 SL,2.75
VE,16891,,1
VE,16895,,14.8
VE,16896,,3
VE,16902,,549
VE,16904,KIDEKA 100 SC,1
VE,16906,,1350
VE,16906,GHIBLI PLUS,225
VE,16907,WHISPER,80
VE,16916,,20
VE,16916,BUGGY G,43
VE,16925,WISH TOP,430
VE,16933,,3
VE,16935,,190
VE,16935,VERDRAM IDRO HI BIO,1530
VE,16939,,34
VE,16945,,54.6
VE,16945,SERCADIS,252.5
VE,16950,MANAMID 100 SC,575
VE,16951,,44
VE,16951,ESQUIVE WP,2
VE,16957,,5954
VE,16957,ZORVEC VINABRIA,1341
VE,16958,,2.8
VE,16963,,25.5
VE,16963,AVENOX 240,8.5
VE,16976,,960
VE,16976,VITIKAPPA,6.3
VE,16988,,5330
VE,17003,,452
VE,17003,PRIAXOR,34
VE,17005,,46
VE,17005,CLOMATE,42
VE,17006,,14
VE,17007,ERADICOAT,5
VE,17010,TIXAL TRI,110
VE,17014,,71.5
VE,17026,,200
VE,17038,,8376
VE,17038,TUAREG NEW,4861
VE,17058,,31
VE,17058,ROMEO,25.07
VE,17060,,72
VE,17065,,170
VE,17065,KAURITIL ULTRA WG,345
VE,17066,,2007
VE,17066,PRAXIM,33
VE,17069,,10
VE,17075,,3182.45
VE,17075,MOVIDA,36.4
VE,17076,,197
VE,17077,,7
VE,17078,,955
VE,17078,QUANTUM L,309
VE,17079,,1500
VE,17079,FORCE EVO,2280
VE,17081,,940
VE,17091,,12
VE,17091,CHAMP 20 WG,240
VE,17099,,17
VE,17107,,193
VE,17107,SPYRIT 50 SC,3
VE,17115,,536
VE,17115,ZETROLA,244
VE,17116,,176
VE,17116,ACTIVUS ME,372
VE,17118,,2
VE,17119,SQUARE EC,22
VE,17121,,0.66
VE,17121,ATLANTIS ACTIV,5.94
VE,17125,LOCK UP,19
VE,17164,,318
VE,17165,,200
VE,17168,VERDRAM TRI HI BIO,915
VE,17178,,23
VE,17178,TOTAL GREEN L,13
VE,17189,,680
VE,17203,PENDI 40,35
VE,17203,PETANCK SC,2
VE,17204,CYPRUS 25 WG,7
VE,17209,,356
VE,17209,DAVAI,161
VE,17211,,30
VE,17212,,74
VE,17212,ISERAN,128
VE,17217,,108
VE,17217,ARMICARB SPRAY PFNPE,141
VE,17217,ARMICARB SPRAY PFNPE ML. 750,25.5
VE,17234,,549.5
VE,17234,MAYA 70 WG,62.5
VE,17248,,62.25
VE,17248,ZORVEC VINABEL,76
VE,17254,,1.2
VE,17261,POKER GEO,870
VE,17270,,1159
VE,17270,ASCRA XPRO,6
VE,17272,,21
VE,17272,SERIFEL,4
VE,17275,,7
VE,17278,KIDEKA,2
VE,17281,PETALIN,19
VE,17293,,72
VE,17294,,10.8
VE,17304,KAN-DOO,170
VE,17306,,7
VE,17311,,10
VE,17317,,26
VE,17320,,25.5
VE,17320,SENIOR 75 WG,20
VE,17337,VANGUARD,80
VE,17345,,4
VE,17346,,2545
VE,17346,EXOSET 240 EC,2211
VE,17350,,10
VE,17354,,90
VE,17355,,1
VE,17358,,30
VE,17358,BLAISE ULTRA,9
VE,17360,,2833
VE,17360,MAGO,1530
VE,17366,,43.2
VE,17368,,1
VE,17368,ALETIL DF,5
VE,17371,,370
VE,17372,,254
VE,17372,COPRANTOL 30 WG,104
VE,17377,,96.06
VE,17377,REFINE SX,41.07
VE,17378,,33.2
VE,17396,,18
VE,17398,,641
VE,17402,BOTECTOR NEW,6
VE,17422,,1243
VE,17422,ENVITA SC,315
VE,17427,,190
VE,17427,TALISMAN 40 OD,240
VE,17432,,7
VE,17435,,2652
VE,17435,BOLTEX F,54
VE,17435,RIDOMIL GOLD COMBI WG,2260
VE,17435,RIDONIL GOLD COMBI,3
VE,17438,,4
VE,17451,,90
VE,17451,TEKKEN,102
VE,17454,,235
VE,17454,ENCARIT,31.7
VE,17455,,71
VE,17455,PALIO,77.5
VE,17461,,404.05
VE,17461,ORONDIS,119.1
VE,17462,,2.5
VE,17462,ORONDIS VEG,0.6
VE,17469,,172.05
VE,17469,TAEGRO,332
VE,17470,,812
VE,17470,LIMOCIDE,259
VE,17471,,183.8
VE,17472,,2748
VE,17472,JADE,1468
VE,17489,BELTHIRUL,1
VE,17496,,452
VE,17497,,204
VE,17500,ELAND WG,0.5
VE,17502,LINCE,43
VE,17508,,1940
VE,17508,POLYCOM 70 DF,785
VE,17522,,3
VE,17523,LUMIX BIO,5
VE,17529,,8.75
VE,17533,,20
VE,17541,,1791.5
VE,17541,CHANTICO,126.5
VE,17549,,40
VE,17551,CYPERFOR 100 EW,10
VE,17557,,1
VE,17580,,770
VE,17586,,416
VE,17586,AXIAL ONE,357
VE,17597,,134.43
VE,17597,SHINKON,113.51
VE,17598,,9.84
VE,17598,AFINTO,0.28
VE,17601,,4
VE,17611,,28
VE,17612,,99.77
VE,17634,,497
VE,17634,FRAXION,13
VE,17642,,1280
VE,17650,,175
VE,17650,IRONMAX PRO,15
VE,17651,,455
VE,17655,,384
VE,17657,,20
VE,17661,PRESTIGAN EKO,60
VE,17665,,196
VE,17665,PYRUS PRO,94
VE,17666,,474
VE,17666,PROSARO PLUS,636
VE,17671,,162
VE,17671,VENZAR SC,188
VE,17676,,58.27
VE,17677,,23.64
VE,17680,,13
VE,17689,,53.5
VE,17689,MOXYL MK,6
VE,17693,,426
VE,17698,,50
VE,17698,ASSORAM ELITE 20 WDG,100
VE,17699,IDROX 15,730
VE,17715,,13
VE,17743,,231
VE,17743,SHALLOW,3
VE,17744,,7
VE,17745,PREDILECTO,12
VE,17746,,102
VE,17746,CLEMATIS,24
VE,17749,,10
VE,17751,,327
VE,17752,,411
VE,17752,STAVENTO,424
VE,17754,,2218
VE,17754,REVYCARE,434
VE,17760,,4.84
VE,17769,,0.25
VE,17769,VULPIN,1
VE,17785,,15.5
VE,17803,,75
VE,17804,,10
VE,17807,,135
VE,17807,PARLEAF,15
VE,17808,ANTENE S,670
VE,17816,,42.75
VE,17819,,7
VE,17820,,20
VE,17824,,1089
VE,17824,MIRADOR TURBO,73
VE,17826,,1203
VE,17826,DOMARK 125 PLUS,365.25
VE,17840,,375
VE,17840,OLIOCIN PLUS,150
VE,17863,,195
VE,17863,AFFLANK,545
VE,17865,,384
VE,17873,,0.2
VE,17880,,36
VE,17888,,185
VE,17888,VOLIAM,60.5
VE,17890,GEATER MAXI,350
VE,17894,,660
VE,17913,,553
VE,17920,,782
VE,17920,GHIBLI TM,17
VE,17921,,791
VE,17922,,408
VE,17923,,12
VE,17925,,100
VE,17931,,315
VE,17932,,3206
VE,17932,ORO-QUIN,856
VE,17938,,11687
VE,17938,CLINIC TF,535
VE,17944,,2
VE,17945,,486
VE,17945,LUMEO,162.2
VE,17946,,182
VE,17947,,3056.25
VE,17947,CODAL,748.5
VE,17951,,1866
VE,17951,AUDACE SC,1902
VE,17957,HERITAGE,0.3
VE,17961,,3910
VE,17963,,2890
VE,17963,TIOVIT 800 L,930
VE,17976,,15
VE,17998,,20
VE,18001,,1210
VE,18001,MIKONOS,115
VE,18003,,378
VE,18003,CUNEB,517.5
VE,18009,,8
VE,18021,,193.05
VE,18021,PECARI 300,109.85
VE,18022,,190
VE,18038,ACTICLASTER,8
VE,18044,PATTON FLEX,60
VE,18070,,536
VE,18070,JANERO 480 SL,26
VE,18072,,59
VE,18072,SONAVIO,1
VE,18074,,10978
VE,18074,ROUNDUP FUTURE,735
VE,18081,,33
VE,18082,,518.1
VE,18082,SERCADIS SC,106.3
VE,18083,,235
VE,18083,LIRONAS,6
VE,18084,,15995
VE,18092,,1534
VE,18092,REVYSTAR XL,748
VE,18103,,20
VE,18109,,101
VE,18109,KASKO MET,30
VE,18111,,435
VE,18119,SINALA,6
VE,18125,,6.25
VE,18133,,60
VE,18134,DOMARK CEREALI,35
VE,18137,,4437
VE,18137,REVYSION,808
VE,18139,,1439
VE,18139,IRONITE PFNPE,557
VE,18143,,417.5
VE,18143,QUESTAR,817.5
VE,18147,AUDACE EC,6
VE,18148,,7580
VE,18148,BUGGY GOLD,3620
VE,18152,,665
VE,18153,,10
VE,18155,,15
VE,18156,,8
VE,18160,PYROGAL,41
VE,18163,,7
VE,18164,,1368
VE,18172,,635
VE,18181,,3805
VE,18181,UNIVOQ,751
VE,18182,,1975
VE,18182,ZOLVIS 80 ULTRA,975
VE,18206,,739.11
VE,18206,ZONGRUUM,10.13
VE,18213,,10.04
VE,18213,BACILLUS CHEMIA PFNPE,28
VE,18214,ROMEO PFNPE,0.58
VE,18216,,35
VE,18216,VITIKAPPA PFNPE,58.65
VE,18222,,1290
VE,18222,FERRAMOL PFNPE,8646.7
VE,18223,,433.5
VE,18223,NATRIA LUMACHICIDA PFNPE,661
VE,18223,SLB LUMAKE PFNPE GR. 500,10
VE,18224,,351
VE,18224,SAPULI',50
VE,18225,,5
VE,18229,,2.5
VE,18229,BAC MK PFNPE,19.15
VE,18232,,39.5
VE,18232,BORDOFLOW NEW PFNPE,12.75
VE,18235,,91
VE,18235,CIOPPER PFNPE,60.5
VE,18239,,45.2
VE,18239,FLIPPER PFNPE,27.7
VE,18239,SLB FLIPPER PFNPE ML. 50,2.4
VE,18241,,30.35
VE,18241,IDRORAME FLOW PFNPE,21.28
VE,18242,,10.85
VE,18242,LEPINOX PLUS PFNPE,47.06
VE,18244,,33.57
VE,18244,MOMENTUM PFNPE,40.95
VE,18245,,207.9
VE,18245,POLTIGLIA MANICA 20 WG PFNPE,318.89
VE,18251,,3
VE,18251,TIOLENE PFNPE,6
VE,18253,,13.83
VE,18253,VERDERAME 20 WG PFNPE,40.98
VE,18256,NISUS 3B PFNPE,16.5
VE,18257,,2.46
VE,18257,3LOGY PFNPE,6.48
VE,18257,VITHAL 3 3LOGY PFNPE ML. 100,1.2
VE,18259,,415.5
VE,18259,BARBARIAN BIOGRADE 360 PFNPE,3393
VE,18259,BarbarianBiograde 360PFnPE,344
VE,18261,,738.5
VE,18261,BARCLAY GALLUP BIOGRADE 360 PFNPE,302
VE,18263,,385.7
VE,18263,BIOLID UP PFNPE,283.5
VE,18263,VITHAL BIOLID ML. 500,19.5
VE,18266,COBRE NORDOX SUPER 75 WG PFNPE,9.1
VE,18267,,5.2
VE,18267,CONTENDER 80 WG PFNPE,7.2
VE,18269,,520
VE,18269,GLIFENE BIOGRADE PFNPE,793.5
VE,18269,GLIFOSATE BIOGRADE ML. 500,50
VE,18270,,2466
VE,18270,GLIPHOGAN TOP CL PFNPE,10264.1
VE,18274,NEMGUARD GRANULES PFNPE,8.25
VE,18277,,55.5
VE,18277,SHAMAL MK PLUS CL PFNPE,1092
VE,18282,,2299
VE,18282,TRUSTEE 450 PFNPE,674
VE,18282,VEBI TRUSTEE 450 TM ML. 500,5.5
VE,18283,XEDAVIR PFNPE,2.5
VE,18284,,34.9
VE,18284,WANAX PFNPE,15.8
VE,18287,,700
VE,18288,,17
VE,18290,,310
VE,18290,FOLPETIS 50 SC,27
VE,18292,,5030
VE,18292,YUKON,950
VE,18307,,43
VE,18313,FERRONITE PFNPE,315
VE,18318,,78.72
VE,18318,PRINCIPAL FORTE,79.76
VE,18332,LOGRADO 360 SL,1405
VE,18369,,740
VE,18369,HALVETIC,780
VE,18393,,324
VE,18393,CURZATE EFFE WG,390
VE,18394,,1182
VE,18394,FALTEX 50 SC,12
VE,18409,,2
VE,18427,,20
VE,18443,BONAFIDE,230
VE,18445,,300
VE,18445,PANTERA TOP,55
VE,18459,FURY STAR,700
VE,18461,,260
VE,18490,,548
VE,18490,BRIXTON,668
VE,18495,,40
VE,18523,DIABLO SC,0.2
VE,18525,,320
VE,18530,,1745
VE,18530,WEEDMASTER PRO 540,10
VE,18544,,5440
VE,18573,,7.9
VE,18573,TUTAVIR ER3,1
VE,18593,,4262.5
VE,18604,,40
VE,18608,,31
VE,18619,,45
VE,18674,,9020
VE,18679,,20200
VE,18679,DGEO XIX,2000
VI,13,THIOPRON,8990
VI,13,THIOPRON X LT 10,220
VI,133,U 46 D-FLUID,10
VI,206,ALBENE,26
VI,599,ACUPRICO 76 WG,110
VI,909,,190
VI,909,POLISOLFURO DI CALCIO POLISENIO,250
VI,1155,,1
VI,1155,CHEMOL 90 EL,5
VI,1156,,100
VI,1156,CHEMOL,2615
VI,1562,,6
VI,1573,BASAMID GRANULAT,280
VI,1583,MICROTHIOL DISPERSS,87977
VI,1583,MICROTHIOL DISPERSS X KG 15,390
VI,1850,IDRORAME FLOW,1060.25
VI,2191,WETTING PLUS,80
VI,2259,PASTA LUMACHICIDA IN GRANI,85
VI,2260,,10
VI,2291,ESCA REGINA N,78
VI,2307,,14.7
VI,2307,VECTOR,586
VI,2307,VECTOR X LT 1,155
VI,2307,VECTOR X LT 5,55
VI,2732,GOLTIX,112
VI,2732,GOLTIX X KG 1,3
VI,2923,,2478
VI,2923,TIOVIT JET,11596
VI,2923,TIOVIT JET X KG 1,14
VI,2983,NIMROD,0.1
VI,3102,,25
VI,3102,OLEOTER,39
VI,3163,U 46 M STAR,16
VI,3163,U 46 M STAR X LT 1,14
VI,3182,,55
VI,3343,,18
VI,3343,U46 M CLASS,430
VI,3486,TRISCABOL DG,327
VI,3503,AGRUMIN,220
VI,3553,CURZATE,57
VI,3640,,20
VI,3767,,42
VI,3767,FENOXILENE 200,198
VI,3767,FENOXILENE 200 X LT 1,3
VI,3779,VAPAM,200
VI,3817,,18
VI,3817,DISERBONE KN,77
VI,4701,,3
VI,4701,PIRIMOR 50,13
VI,4710,,1
VI,4710,ALIETTE,207.5
VI,4896,RIGENAL P,0.6
VI,5152,TIOSPOR WG,8072
VI,5574,LUMAKIDIN 5G,475
VI,6321,STIMOLANTE 66F,3
VI,6437,,33
VI,6555,K-OBIOL ULV 6,45
VI,6556,,11
VI,6556,K-OBIOL DP2,22
VI,6557,K-OBIOL EC 25,11
VI,6771,,199
VI,6816,NU BAIT,4
VI,6873,IDRORAME 193,80
VI,6945,,7
VI,6945,TOPAS 10 EC,306
VI,6956,TARGA FLO,16
VI,7020,BAGNANTE CIFO,234
VI,7020,BAGNANTE CIFO NEW,141
VI,7053,PASTA CAFFARO NC,143
VI,7055,PASTA CAFFARO BLU,23
VI,7368,TURFENE L,176
VI,7379,VENZAR,9.5
VI,7401,POLTIGLIA CAFFARO 20 DF NEW,97
VI,7483,,240
VI,7483,DEVRINOL F,8
VI,7644,TENSIL,3
VI,7700,,2.8
VI,7700,MATACAR FL,6.2
VI,7700,MATACAR FL X ML 200,0.4
VI,7736,ZOLFO SCORREVOLE TRIVENTILATO 95% S,4105
VI,7764,TIOLENE,10
VI,7911,AIRONE EXTRA,490
VI,7916,,1695
VI,7916,POLYRAM DF,9507
VI,7916,POLYRAM DF X KG 10,60
VI,7919,,830
VI,7919,TOUCHDOWN,2409
VI,7919,TOUCHDOWN X LT 20,1220
VI,7930,,4
VI,7930,KERB FLO,203
VI,7930,KERB FLO X LT 1,5
VI,7961,RIZOLEX  GOLD,28
VI,8023,SUMIALFA ECHO,333
VI,8102,,100
VI,8102,MERPAN 80 WDG,795
VI,8146,,1.5
VI,8146,GALLERY,44.5
VI,8184,,490
VI,8184,CHALLENGE,206
VI,8184,CHALLENGE X LT 1,4
VI,8189,,6110
VI,8259,LAMDEX EXTRA,21
VI,8376,,225
VI,8376,ARIANE II,216
VI,8382,ROUNDUP BIOFLOW,5.04
VI,8498,FOLICUR WG,357.5
VI,8542,FORUM 50 WP,128
VI,8542,FORUM 50 WP X KG 1,13
VI,8546,DANITRON,4
VI,8558,PIRETRO VERDE,330.55
VI,8599,,39
VI,8601,,34
VI,8601,FOLPAN 80 WDG,18774.1
VI,8601,FOLPAN 80 WDG X KG 1,29
VI,8601,FOLPAN 80 WDG X KG 5,20
VI,8617,,7
VI,8617,BANVEL 480 S,79
VI,8656,GLIFENE HP,10
VI,8706,,7
VI,8706,AMID THIN W,3
VI,8735,,206
VI,8735,TREBON UP,850.7
VI,8735,TREBON UP X ML 500,2.5
VI,8795,VERTIMEC EC,57.25
VI,8796,SELECT,4
VI,8801,SCORE 25 EC,152.25
VI,8836,,34
VI,8836,MIMIC,50
VI,8837,GERMON BEWURZELUNGSPUDER PER TALEE ,1.3
VI,8838,GERMON BEWURZELUNGSPUDER PER TALEE ,2.7
VI,8874,ETOFUM - FL,3
VI,8899,ZOLFO VENTILATO RAMATO 5%,650
VI,8929,,17.5
VI,8929,TOPIK 240 EC,17.5
VI,8934,,22
VI,8934,SCALA,38
VI,9005,AGIL,543
VI,9005,AGIL X LT 1,134
VI,9012,CUPROCAFFARO MICRO,626
VI,9041,,10140
VI,9210,,40
VI,9210,QUADRIS,652
VI,9210,QUADRIS X LT 1,2
VI,9244,,140
VI,9244,ZIRAMIT 76 WG,170
VI,9280,TOPAS 200 EW,55.5
VI,9342,DELTRIN,15
VI,9371,PEAK,0.2
VI,9422,,50
VI,9422,EVADE,1356.45
VI,9449,EMERALD COMBI,1568
VI,9449,EMERALD COMBI X KG 1,10
VI,9449,EMERALD COMBI X KG 5,5
VI,9477,,12
VI,9531,,12
VI,9569,ZETARAM 3B FL,1564
VI,9569,ZETARAM 3B FL X LT 1,3
VI,9578,,22
VI,9578,SWITCH,496.5
VI,9599,CAPITOL,30
VI,9612,OSSICLOR 30,175
VI,9627,SOLUTION 20 DISPERSS,240
VI,9705,PREVITER,116
VI,9723,,2270
VI,9724,TIOWETTING DF,10
VI,9790,CONTATTO 320,2
VI,9800,,91.35
VI,9800,MAVRIK SMART,537.45
VI,9843,,226.7
VI,9843,BASAGRAN SG,650
VI,9843,BASAGRAN SG X KG 3,15
VI,9954,,259
VI,9954,JOKER,944
VI,9954,JOKER X LT 1,43
VI,9954,JOKER X LT 5,40
VI,10029,KING,41
VI,10048,KUMULUS TECNO,75
VI,10106,RIDOMIL GOLD COMBI WP,38
VI,10117,,175
VI,10117,STRATOS ULTRA,534
VI,10117,STRATOS ULTRA X LT 1,24
VI,10117,STRATOS ULTRA X LT 5,75
VI,10118,,222
VI,10118,AMISTAR,69
VI,10161,,68
VI,10161,ORTIVA,84
VI,10220,DICOPUR COMBI,2
VI,10224,,640
VI,10296,,40
VI,10296,IPERION,920
VI,10305,OIKOS,35
VI,10306,,12
VI,10306,MISTRAL,114
VI,10324,,50
VI,10357,RIGRON SG,3
VI,10381,,53
VI,10381,CONCORDE 40 EW,4
VI,10415,,2
VI,10423,LUMACHICIDA VEBI,184
VI,10425,SCUDEX,1
VI,10439,,4
VI,10474,TERDIM,30
VI,10479,,82
VI,10479,NATURALIS,122
VI,10560,PIRETRO NATURA,24
VI,10573,,70
VI,10573,KOCIDE 2000,862
VI,10573,KOCIDE 2000 X KG 1,2
VI,10573,KOCIDE 2000 X KG 10,110
VI,10577,,439
VI,10577,METRIPHAR 70 WG,129
VI,10577,METRIPHAR 70 WG X KG 0.5,53.5
VI,10585,,80
VI,10585,SULCOTREK X LT 5,85
VI,10588,BIOPIREN PLUS,31
VI,10589,FLORA VERDE PFNPE,0.4
VI,10604,EMERALD 40 EW,267.79
VI,10627,,10
VI,10632,COBRE NORDOX SUPER 75 WG,141
VI,10647,DINAPIC,45
VI,10671,CUAGRO HI BIO,10
VI,10701,CUMETA FLOW PFNPE,4
VI,10734,,749
VI,10734,DUAL GOLD,1069
VI,10735,,90
VI,10735,PRIMAGRAM GOLD,243
VI,10735,PRIMAGRAM GOLD X LT 1,24
VI,10741,,56
VI,10741,METACINQUE,1756
VI,10741,METACINQUE X KG 1,3
VI,10771,,14
VI,10771,MOST MICRO,1019.7
VI,10890,,0.8
VI,10890,FLiPPER,224.55
VI,10926,,15
VI,10926,ALTOREX,43
VI,10929,CHIKARA 25 WG,8.25
VI,10944,,2
VI,10944,KARATE ZEON,27.25
VI,10948,VITISAN WG,15
VI,10976,,14
VI,10976,METEOR,59
VI,10976,METEOR X LT 1,40
VI,10999,BETANAL SE,9
VI,11011,,380
VI,11011,DASH HC,479
VI,11011,DASH HC X LT 1,260
VI,11011,DASH HC X LT 5,40
VI,11040,POLTIGLIA BORDOLESE DISPERSS BLU,30
VI,11045,DODIPREV 400 SC,19
VI,11059,,196
VI,11059,BIOPOWER,157
VI,11062,,1
VI,11070,,51120
VI,11070,TIOGOLD DISPERSS,3900
VI,11088,,109
VI,11102,,10
VI,11102,HELIOSOUFRE S,1021
VI,11107,,1
VI,11107,ECO-TRAP,124.6
VI,11107,ECO-TRAP (PZ),400
VI,11119,FLINT,73.4
VI,11133,SHELTER,1029
VI,11147,,99.5
VI,11165,,6
VI,11197,VITENE 45 WG,107
VI,11206,,168.5
VI,11206,CODACIDE,2269.5
VI,11206,CODACIDE X LT 2.5,20
VI,11243,,5
VI,11243,LEOPARD 5 EC,873.5
VI,11243,LEOPARD 5 EC X LT 1,159
VI,11243,LEOPARD 5 EC X LT 5,120
VI,11253,CALLISTO,25
VI,11255,,716
VI,11258,,45
VI,11258,FAZOR STAR,35
VI,11303,CHAMP DP,180
VI,11341,,14.3
VI,11341,STARANE GOLD,416
VI,11353,,100
VI,11353,FUSILADE MAX,531
VI,11353,FUSILADE MAX X LT 1,66
VI,11353,FUSILADE MAX X LT 5,90
VI,11359,SARCAP 800,1
VI,11379,,400
VI,11393,BEETLE,1
VI,11402,MELODY COMBI,15
VI,11448,KICKER,1
VI,11449,,140
VI,11449,GARDOPRIM GOLD,65
VI,11505,READY GERMIPLUS,941.5
VI,11526,,57
VI,11526,SULTAN,197
VI,11526,SULTAN X LT 1,6
VI,11549,ISOMATE OFM ROSSO FLEX,0.3
VI,11551,,0.09
VI,11561,,27
VI,11561,NEEMAZAL T/S,17.16
VI,11569,CUPROXAT S.D.I.,513
VI,11619,TIOFLOR WDG,71
VI,11649,,205
VI,11649,COMMAND 36 CS,13
VI,11649,COMMAND 36 CS X LT 0.8,14.4
VI,11687,ACTELLIC 5 NEWPHARM,75
VI,11693,LASER,12.68
VI,11694,CONSERVE SC,1.03
VI,11700,BOTANIGARD 22 WP,0.02
VI,11760,,840
VI,11760,POLITHIOL,900
VI,11779,KOP-TWIN,764
VI,11786,AQ 10 WG,0.1
VI,11793,XENTARI WG,20
VI,11802,TETRACAP 80 DG,72
VI,11857,MIDAURIL COMBI,210
VI,11908,VENTUREX 400 SC,2
VI,11944,ASPECT,100
VI,11964,POLTIGLIA CAFFARO 20 GD,50
VI,11999,,2000
VI,11999,BUSSOLA WG NC,60
VI,12010,TUAREG,65
VI,12020,SUCCESS,0.08
VI,12023,,127
VI,12037,CAMIX,155
VI,12043,,3
VI,12043,PREVICUR ENERGY,44.6
VI,12048,TIOSOL 80 WG,12587
VI,12068,TEFLUSTAR,600
VI,12090,,10
VI,12090,MICROSED GEO,670
VI,12090,MICROSED GEO X KG 10,370
VI,12096,,1420
VI,12096,POLTIGLIA DISPERSS,11075
VI,12096,POLTIGLIA DISPERSS X KG 15,15
VI,12106,TALENDO,66
VI,12114,AUXIGER LG,5.09
VI,12133,JUVINAL GOLD,11
VI,12170,,215
VI,12170,HELIOCUIVRE,140
VI,12225,TEPPEKI,8.6
VI,12225,TEPPEKI PFNPE,0.07
VI,12361,ALGEDI,0.4
VI,12368,,2
VI,12381,,113
VI,12381,NU-FILM-P,208
VI,12437,,54
VI,12437,DELAN 70 WG,39
VI,12452,EQUIP,625
VI,12453,,60
VI,12453,MILDICUT,1216
VI,12482,,445
VI,12482,LUMAX,2550
VI,12482,LUMAX X LT 20,2140
VI,12482,LUMAX X LT 5,145
VI,12514,VIPER,60
VI,12529,,10
VI,12534,,23.25
VI,12534,FOXTAIL,500.75
VI,12538,,15
VI,12540,REGRAN EXTRA,5
VI,12566,PYGANIC 1.4,29
VI,12573,EKO OIL SPRAY,79
VI,12590,,420
VI,12590,DIASTAR MAXI,950
VI,12590,DIASTAR MAXI X KG 10,40
VI,12622,QUANTUM,2.5
VI,12636,QUASAR 6-24 R,20
VI,12671,,108.21
VI,12671,HARMONY 50 SX,16.54
VI,12671,HARMONY 50 SX X GR 10,0.42
VI,12671,HARMONY 50 SX X GR 20,0.54
VI,12722,OSSICLOR 20 FLOW,542
VI,12737,AIRONE PIU',4300
VI,12754,VERDRAM HI BIO,524
VI,12756,,20
VI,12756,DICOTEX,91
VI,12759,OSSICLOR 35 WG,13406.2
VI,12768,,16
VI,12768,SPINTOR FLY,186
VI,12770,ALAR 85 GOLD,3
VI,12792,,23
VI,12792,MAGIC TANDEM,27
VI,12806,FEDOR,95
VI,12831,INSIGNIA,62.2
VI,12833,,0.03
VI,12834,,0.09
VI,12836,ISONET Z,4.65
VI,12859,BORNEO,0.5
VI,12860,MILBEKNOCK,1
VI,12862,,15
VI,12862,CANTUS,128
VI,12862,CANTUS X KG 1,2
VI,12863,FLORAMITE 240 SC,2
VI,12866,,1
VI,12866,COLLIS,1
VI,12868,,3
VI,12869,SIGNUM,94
VI,12878,FOLPAN GOLD,5701
VI,12878,FOLPAN GOLD X KG 1,25
VI,12878,FOLPAN GOLD X KG 5,20
VI,12883,PROSPER 300 CS,4900
VI,12883,PROSPER 300 CS X LT 1,26
VI,12886,,390
VI,12886,KARATHANE STAR,2152.8
VI,12886,KARATHANE STAR X LT 1,10
VI,12888,,2
VI,12888,LEPINOX PLUS,9.2
VI,12916,SACRON 45 W,24
VI,12933,,33
VI,12940,,8
VI,12940,KARATE ZEON 1.5,558
VI,12940,KARATE ZEON 1.5 X LT 1,270
VI,12949,AZUPEC 80 WG,5
VI,12961,,19
VI,12961,HEREU,15
VI,12994,VIVER ELITE WG,34
VI,13012,,2492
VI,13012,FOLVIT 80 WDG,24
VI,13018,GONDOR,136.5
VI,13020,MICRORAM 35 WG,0.5
VI,13061,BIOBIT DF,237
VI,13064,VITENE ULTRA SC,3181.5
VI,13065,DOMARK 125,11
VI,13084,,33
VI,13084,TELDOR PLUS,148
VI,13093,,88
VI,13093,STOMP AQUA,383
VI,13098,ROUNDUP POWER 2.0,8810
VI,13098,ROUNDUP POWER 2.0 X LT 1,32
VI,13098,ROUNDUP POWER 2.0 X LT 5,5
VI,13106,IKANOS,13
VI,13120,,88
VI,13120,MYSTIC 430 SC,17
VI,13126,,1057
VI,13126,CABRIO DUO,1843
VI,13127,VALIS F,70
VI,13143,MEZENE WG,1
VI,13149,,480
VI,13149,POLTIGLIA MANICA 20 WG,92
VI,13150,CURAME 25 WG,149
VI,13152,OPTIX R DISPERSS,150
VI,13154,,11
VI,13154,MONDAK 480 S,7
VI,13156,CAMBEL 480 S,17
VI,13158,,28
VI,13158,REMEDIER,121
VI,13159,PRIMIAL,1
VI,13160,FORUM TOP,525
VI,13168,,40
VI,13168,LAUDIS,908
VI,13168,LAUDIS X LT 1,116
VI,13168,LAUDIS X LT 5,365
VI,13179,PLAYER COMBI SC,39
VI,13205,ZOLFO MANICA SCORREVOLE DOPPIO RAFF,25
VI,13213,R6 ERRESEI ALBIS,394
VI,13213,R6 ERRESEI ALBIS X KG 1,2
VI,13218,FINALSAN PLUS,151
VI,13236,BULLET,1145
VI,13236,BULLET X LT 5,20
VI,13242,,4
VI,13242,NICOGAN V.O.,714
VI,13242,NICOGAN V.O. X LT 1,78
VI,13242,NICOGAN V.O. X LT 5,40
VI,13244,ZOLFO VENTILATO STELLA,3935
VI,13249,,175
VI,13250,ZOLFO VENTILATO STELLA RAMATO B,675
VI,13252,PLAYER 250 SC,27
VI,13252,PLAYER 250 SC X LT 1,10
VI,13253,PLAYER SC,70
VI,13255,PLAYER GR,91
VI,13285,,7
VI,13285,SEVERAL,3
VI,13290,ZOLFO MANICA DOPPIO RAFFINATO VENTI,525
VI,13292,,1125
VI,13311,DOMARK COMBI WG,8
VI,13313,,51
VI,13313,CASPER,30
VI,13327,,3.4
VI,13327,GRANSTAR ULTRA SX,6
VI,13327,GRANSTAR ULTRA SX X GR 50,6.8
VI,13377,COLUMBUS,93.02
VI,13382,,243.5
VI,13382,PERGADO SC,2158
VI,13382,PERGADO SC X LT 1,9
VI,13382,PERGADO SC X ML 500,1
VI,13386,PROSARO,150
VI,13386,PROSARO X LT 1,53
VI,13386,PROSARO X LT 5,50
VI,13387,FLORAMIX,41.69
VI,13389,,575
VI,13389,AFFIRM,2416
VI,13389,AFFIRM X KG 1,9
VI,13391,CYTHRIN 50 EC,1
VI,13447,HELMSTAR 75 WG,0.13
VI,13451,SPARVIERO X LT 1,7
VI,13455,,9
VI,13455,ANTIGRAM GOLD,643
VI,13455,ANTIGRAM GOLD X LT 1,294
VI,13455,ANTIGRAM GOLD X LT 5,160
VI,13466,,10
VI,13466,SPOTLIGHT PLUS,240
VI,13471,NICOZEA OD X LT 1,93
VI,13471,NICOZEA OD X LT 5,105
VI,13485,,900
VI,13485,FOLPEC 80 WG ADVANCE,419
VI,13485,FOLPEC 80 WG ADVANCE X KG 1,3
VI,13489,,294.5
VI,13489,CYMBAL,253.45
VI,13540,QUASAR R FLOW,184
VI,13540,QUASAR R FLOW X LT 1,8
VI,13540,QUASAR R FLOW X LT 10,10
VI,13552,ZOLVIS 80 SECTOR,1044
VI,13560,FORZA,10
VI,13576,,2
VI,13578,RAME CAFFARO BLU WG NEW,430
VI,13579,,30
VI,13581,ZOLVIS OTTANTA WG,2208.8
VI,13586,VERDERAME 20 WG,6
VI,13592,,237
VI,13592,VOLARE,208
VI,13600,,2200
VI,13604,,175
VI,13635,POLTIGLIA 20 PB MANICA,38
VI,13637,PERGADO F,934
VI,13648,,40
VI,13689,,4.5
VI,13689,FLINT MAX,13
VI,13693,BACILLUS CHEMIA,22.2
VI,13698,,1.5
VI,13698,VIVANDO,436
VI,13698,VIVANDO X LT 0.25,11
VI,13698,VIVANDO X LT 1,1
VI,13701,,7.2
VI,13711,,783
VI,13714,,160
VI,13714,FOLPEC 50 SC,30
VI,13753,GAL-GONE,7
VI,13765,,1
VI,13771,,188
VI,13771,NIMROD 250 EW,2
VI,13789,PRIMERO,5
VI,13792,STABILAN,24
VI,13796,CELL,482
VI,13809,,50470
VI,13809,FORCE ULTRA,61530
VI,13809,FORCE ULTRA X KG 10,5040
VI,13812,NOTO 40 OD,3
VI,13817,,54
VI,13823,,5
VI,13823,ALVERDE,32.75
VI,13838,,4.75
VI,13838,XEDAVIR,1.25
VI,13841,,897
VI,13841,FOCUS ULTRA,591
VI,13841,FOCUS ULTRA X LT 1,34
VI,13841,FOCUS ULTRA X LT 5,30
VI,13888,,335
VI,13888,FANTIC F NC WG,157
VI,13895,SAVIRAN STAR,20
VI,13905,,27
VI,13905,BANJO,25
VI,13925,,18
VI,13930,MARINS 200 CLASS,32
VI,13981,,12.8
VI,13981,CORAGEN,135.9
VI,13981,CORAGEN X ML 500,8.5
VI,13983,HUSSAR MAXX PRO,137
VI,13998,PYRUS 400 SC,4
VI,14018,BASIC,3
VI,14020,LIDAL,79
VI,14044,,3
VI,14044,JOKER 480,10
VI,14058,,116.5
VI,14058,FEINZIN 70 DF,671.75
VI,14058,FEINZIN 70 DF X GR 250,47
VI,14062,,149
VI,14062,ZOXIUM 240 SC,870
VI,14062,ZOXIUM 240 SC X LT 1,16
VI,14074,TRINEX 250 EW,3.5
VI,14100,,1
VI,14100,KANEMITE,5
VI,14101,,30
VI,14101,CARAMBA,2
VI,14102,BORDOFLOW NEW,2452
VI,14137,,3.1
VI,14137,ALTACOR,3.8
VI,14155,,330
VI,14156,CURZATE R WG,24
VI,14165,,12
VI,14165,NANDO MAXI,1705
VI,14169,PERGADO R,40
VI,14178,,10
VI,14178,TRI-BASE,10
VI,14182,ARES 25 WG,17
VI,14193,,15
VI,14195,,469
VI,14210,EVURE PRO,88.4
VI,14245,THIRAS,20.25
VI,14245,THIRAS X ML 250,10
VI,14257,UNDERLINE 0.2 G,10
VI,14262,,2.5
VI,14262,GREENEX NF,124
VI,14390,BOOM EFEKT,3922
VI,14390,BOOM EFEKT X LT 20,1400
VI,14405,MERLIN FLEXX,15
VI,14406,LEIMAY,92.25
VI,14407,,5.3
VI,14407,RUNWAY,47
VI,14409,,614
VI,14409,MOVENTO 48 SC,600
VI,14409,MOVENTO 48 SC X LT 1,3
VI,14414,DUSTY,0.02
VI,14418,PULSAR 40 SL,223
VI,14418,PULSAR 40 SL X LT 1,15
VI,14431,,5
VI,14431,LENTAGRAN 45 WP,14
VI,14432,METRIC,1
VI,14434,NUANCE,1.5
VI,14440,SOLAR 360,396
VI,14479,,1150
VI,14479,SCHERMO 0.5 G,1891
VI,14479,SCHERMO 0.5 G X KG 10,290
VI,14547,BAC MK,1
VI,14547,BAC MK X KG 1,4
VI,14549,LEPIBACK,17
VI,14559,AGREE WG,3
VI,14577,FORUM R 3B,10
VI,14582,FENGIB,4
VI,14636,,238
VI,14636,BIOLID UP,782.5
VI,14636,BIOLID UP PFNPE,8.5
VI,14636,BIOLID UP X LT 1,10
VI,14636,BIOLID UP X LT 5,10
VI,14642,,820
VI,14642,RIDOMIL GOLD R WG,3242
VI,14664,BERELEX 40 SG,0.03
VI,14679,CHEMOL PLUS,65
VI,14683,,0.1
VI,14697,,7
VI,14697,ENERVIN DUO,15
VI,14699,,3
VI,14728,CELIO,1
VI,14735,,154.5
VI,14735,RANMAN TOP,176.5
VI,14737,,1090
VI,14737,ROUNDUP PLATINUM,1742
VI,14737,ROUNDUP PLATINUM 5 LT,15
VI,14737,ROUNDUP PLATINUM X LT 5,85
VI,14753,PIKE 20 WG,0.06
VI,14758,KARATE WITH ZEON TECHNOLOGY 1.5 HOB,1
VI,14764,,20
VI,14764,SLUXX HP,125
VI,14765,ELUMIS,12
VI,14769,COMET 250 EC,1
VI,14794,AVALON SC,1
VI,14812,,35
VI,14812,ENERVIN TOP,561
VI,14845,MYSTIC PLUS S,12
VI,14846,AVALON 250 EW,134
VI,14867,SYNERO,20
VI,14869,CUPROBEL HYDRO,20
VI,14876,,2
VI,14876,GRANDSTAND,8
VI,14879,,0.75
VI,14879,LONTREL 72 SG,0.6
VI,14884,CORUM,1372
VI,14884,CORUM X LT 1,114
VI,14884,CORUM X LT 5,460
VI,14891,TRICO,105.5
VI,14897,,9
VI,14897,FLUROSTAR 200,5
VI,14897,FLUROSTAR 200 X LT 1,4
VI,14914,,10
VI,14918,,9
VI,14919,EMERALD 125 PFNPE,0.39
VI,14920,ZOLFO 80 WP ZOLFINDUSTRIA,925
VI,14935,,599
VI,14935,TIMELINE TRIO,69
VI,14935,TIMELINE TRIO X LT 1,193
VI,14935,TIMELINE TRIO X LT 5,55
VI,14936,AMPLIGO,18.5
VI,14938,DEDICATE,4.25
VI,14967,TIPTOR ULTRA X LT 1,39
VI,14969,,60
VI,14969,HOPPER 480,42
VI,14972,DICARZOL 50 SP,1
VI,14980,,45
VI,15013,NATRIA LUMACHICIDA,176.5
VI,15023,,80
VI,15037,,20
VI,15037,BREZZA,6
VI,15047,R6 ERRESEI BORDEAUX WG,33
VI,15048,MOXYL 45 WG,96
VI,15049,MODDUS,12
VI,15049,MODDUS X LT 1,16
VI,15051,,180
VI,15051,KYLEO,730
VI,15051,KYLEO X LT 5,55
VI,15052,KAIMO SORBIE,13.8
VI,15056,TOMCATO,609
VI,15058,PRINCIPAL MAIS,114.08
VI,15059,,68
VI,15059,DECIS EVO,1962
VI,15059,DECIS EVO X ML 250,1.25
VI,15062,,579
VI,15062,PIRAMAX  EC,57
VI,15062,PIRAMAX  EC X LT 1,4
VI,15071,EVOLUTION,11
VI,15083,AUDACE,189
VI,15084,DRUM,6.5
VI,15096,GLIPHOGAN TOP CL,587
VI,15096,GLIPHOGAN TOP CL X LT 1,2
VI,15101,CIMORAM ULTRA WG,1
VI,15102,CURZATE ERRE EVO,1111
VI,15111,MIRADOR SC,12
VI,15115,,1338
VI,15115,PROSPER 500 EC,153
VI,15120,,290
VI,15121,BIOCUPRO,270
VI,15122,ACTELLIC 50 NEWPHARM,5
VI,15125,PROLECTUS,1
VI,15127,SANVINO,50
VI,15130,,12
VI,15130,INTREPID,260
VI,15142,,610
VI,15142,ALCANCE SYNC TEC,2737
VI,15149,COSAVET DF EDGE,7900
VI,15149,COSAVET DF EDGE X KG 25,100
VI,15177,,11
VI,15198,,1
VI,15198,AZBANY,50
VI,15199,SAKURA,42
VI,15199,SAKURA X LT 5,50
VI,15201,FLOXY 400 SC,242
VI,15213,DEMETRINA FLOW,1.6
VI,15221,ZETARAM PLUS,432
VI,15222,FOLICUR COMBI WG,223
VI,15229,,30
VI,15229,STOPPER P,15
VI,15233,DALET TRIO X KG 1,1
VI,15235,,29
VI,15235,MOMENTUM,7.5
VI,15247,STOY,34
VI,15251,AIRONE LIQUIDO,1940
VI,15253,,105
VI,15263,,28
VI,15264,ENERVIN SC,132
VI,15265,,419
VI,15265,PROMAN FLOW,1439
VI,15265,PROMAN FLOW X LT 1,26
VI,15265,PROMAN FLOW X LT 5,30
VI,15266,QUARTET,80
VI,15275,DURAVIS,71
VI,15291,TURFENE PLUS,53
VI,15294,,322
VI,15298,HERBISTOP PRONTO USO PFNPE,6
VI,15302,,29
VI,15302,AMYLO-X,146
VI,15302,AMYLO-X X KG 1,1
VI,15303,LALGUARD M52 GR,40
VI,15307,,81
VI,15307,DEDALUS 25 WDG,2
VI,15317,,4227
VI,15333,APPLAUD PLUS,0.2
VI,15335,U 46 ULTRA,140
VI,15337,,0.1
VI,15337,EXPRESS,2.3
VI,15344,,7
VI,15344,FILAN WG,6
VI,15346,,76.25
VI,15348,RIDOMIL GOLD R LIQUIDO,73
VI,15349,ARES 430 SC,179
VI,15349,ARES 430 SC X LT 1,14
VI,15358,ZOLFO FLOW MCT,2620
VI,15363,MEDEIRO 80 WG ADVANCE,38
VI,15369,MAGMA TRIPLE,190
VI,15378,TRAXOS PRONTO 60,37
VI,15378,TRAXOS PRONTO 60 X LT 1,20
VI,15379,,70.25
VI,15379,AXIAL PRONTO 60,646.25
VI,15379,AXIAL PRONTO 60 X LT 0.75,5.25
VI,15384,,4
VI,15384,LUNA EXPERIENCE,15
VI,15389,,6950
VI,15398,KAMIKAZE X LT 1,4
VI,15401,TAIFUN MK CL,12961
VI,15401,TAIFUN MK CL X LT 20,780
VI,15402,DELTASAP,117
VI,15409,DECISION,20.25
VI,15410,DECA,1
VI,15410,DECA X LT 1,14
VI,15422,,28.44
VI,15422,TITUS DUO,32.04
VI,15433,ATLAS,1
VI,15433,ATLAS X LT 1,12
VI,15448,REBEL TOP,197
VI,15449,,449
VI,15449,CIDELY,750.5
VI,15449,CIDELY X LT 1,2
VI,15483,WISH,10
VI,15491,,30.5
VI,15491,SWORD UP,40.5
VI,15507,CREW SUPERB,2
VI,15513,OSSICLOR 35 WG GREEN,3168
VI,15513,OSSICLOR 35 WG GREEN X KG 10,210
VI,15514,CUPRAVIT BLU 35 WG,171
VI,15536,,75
VI,15536,ANTAL,211
VI,15543,,120
VI,15543,LUMACHICIDA FER PFNPE,2734.9
VI,15546,BIATHLON 4D,37.95
VI,15546,BIATHLON 4D X GR 100,3
VI,15549,,108
VI,15549,PROLECTUS 50 WG,10
VI,15550,,466
VI,15550,MERLIN FLEXX XTRA,21
VI,15550,MERLIN FLEXX XTRA X LT 1,15
VI,15553,REGALIS PLUS,1.5
VI,15562,BELURE-T,0.32
VI,15563,TRAILER,0.02
VI,15574,,20
VI,15574,KARMA 85,75
VI,15583,,13
VI,15598,,7
VI,15610,CYPERKILL 50 EC,9
VI,15612,,1.05
VI,15612,SEMPRA,17.7
VI,15612,SEMPRA X GR 150,0.15
VI,15621,BOTTO 50 EC,2.25
VI,15630,,61.5
VI,15630,CARSON 45% WG,123
VI,15630,CARSON 45% WG X KG 0.5,8
VI,15635,,1307.76
VI,15635,ADENGO XTRA,2421.5
VI,15635,ADENGO XTRA X LT 5,5
VI,15635,ADENGO XTRA X ML 500,30.5
VI,15654,ACCORD,5
VI,15663,CUPRAVIT 35 WG,80
VI,15665,KEMPO SORBIE,6.1
VI,15668,GHIBLI 240 OD,0.75
VI,15674,,1.1
VI,15674,AMADEUS TOP X GR 50,1.05
VI,15689,,4
VI,15710,,5
VI,15710,CLINCHER ONE,70
VI,15712,,2100
VI,15712,SATELITE,3770
VI,15712,SATELITE X LT 5,195
VI,15715,VIDERYO F,80
VI,15722,ARMICARB 85,50
VI,15725,DUAXO,2.8
VI,15744,REBOOT,50
VI,15748,,29
VI,15748,SYLLIT 544 SC,71
VI,15751,VITENE TRIPLO R,42.5
VI,15759,DECIS TRAP,1
VI,15769,,648
VI,15790,AMISTAR TOP,5
VI,15806,,1
VI,15806,ONYX,1
VI,15808,,10
VI,15808,CYMBAL FLOW,109
VI,15834,TRACER 120,1
VI,15836,RATRON GW,6
VI,15837,RATRON GL,3
VI,15838,,250
VI,15838,ROUNDUP ULTRAMAX,40
VI,15869,,70
VI,15869,OPTIX STAR DISPERSS,41
VI,15893,GIAGUAR SL,0.1
VI,15897,ALFIL WG,70
VI,15898,FILAL WG,1.25
VI,15899,SILICOSEC,15
VI,15900,TRIKA EXPERT,600
VI,15900,TRIKA EXPERT X KG 10,1260
VI,15901,,2600
VI,15901,ERCOLE,13082.5
VI,15907,,330
VI,15907,PRESIDIUM ONE,50
VI,15911,,1
VI,15915,,55
VI,15915,STARANE HD,43
VI,15926,,1909.4
VI,15926,MOJANG 600 X LT 4,72
VI,15948,,1
VI,15948,SINSAJO,20
VI,15961,,3
VI,15961,RETENGO NEW,138
VI,15967,BIOPOLYSECT SL PFnPO,1.2
VI,15975,HIATUS X GR 200,1.8
VI,16007,,402
VI,16007,REWARD,105
VI,16007,REWARD X LT 1,4
VI,16007,REWARD X LT 5,5
VI,16032,,50
VI,16033,HEREU SC,1
VI,16034,DOURO 100 EC,119
VI,16038,CABRIO WG,6
VI,16051,,5
VI,16051,LENNS,55
VI,16064,CREDIT 540,20
VI,16066,RADIANT PRO,21
VI,16068,FOLDER 80 WG,10
VI,16074,GLORIAL 25 EC,6
VI,16076,SOLIS,180
VI,16083,STIKER FLOW,1.25
VI,16084,,12
VI,16092,,17
VI,16098,NIBER 70 DF,5.75
VI,16099,SINIS 70 DF,0.5
VI,16101,TOPAS COMBI LIQUIDO,845
VI,16101,TOPAS COMBI LIQUIDO X LT 1,4
VI,16104,ELECTIS TRIO WDG,13
VI,16107,RADAR COMBI FLOW,595
VI,16110,CABRIO OLIVO,2
VI,16132,,0.8
VI,16149,,2
VI,16157,ATLANTIS FLEX,6.6
VI,16161,CENTURY SL,5
VI,16167,MARACANA,1
VI,16170,TRICUP FLOW,180
VI,16178,,2955
VI,16191,,25
VI,16194,ETRAVON PRO,8
VI,16197,COPPERFIELD 17 WG,210
VI,16198,EVORAM 15,30
VI,16200,CUPRORAM 35 WG NC,3100
VI,16205,IDROX 20,40
VI,16208,CLEANCLASTER,4
VI,16221,,1.5
VI,16221,MADEX TOP,0.5
VI,16224,,10
VI,16224,CUPRORAM 37.5 WG,11
VI,16232,MINERVE,4
VI,16235,KEYFOL WG,135
VI,16249,CARDINAL 50 WG,3
VI,16251,,15
VI,16251,AFFIRM OPTI,27
VI,16261,BELOUKHA,30
VI,16271,,25
VI,16271,FRESCO,15
VI,16273,,68
VI,16273,SIVANTO PRIME,1012.55
VI,16277,,439
VI,16277,ALMADA 50 SC,828
VI,16279,ERCOLE GR,90
VI,16279,ERCOLE GR X KG 10,100
VI,16285,,378
VI,16285,KALIMBA,4
VI,16287,SOLIGOR,127
VI,16288,,749
VI,16288,AMPEXIO,25.25
VI,16290,AMADEUS ULTRA,0.65
VI,16296,PERGADO D,3
VI,16299,,1493
VI,16305,BONZI,8
VI,16312,,2
VI,16312,TOMIGAN,122
VI,16312,TOMIGAN X LT 1,26
VI,16314,ZOXIS 250 SC,66
VI,16315,RADAR HP,1.5
VI,16325,,755
VI,16325,EPIK SL,5359.48
VI,16325,EPIK SL PFNPE,0.17
VI,16325,EPIK SL X LT 1,27
VI,16335,,90
VI,16335,LIETO SC,8686
VI,16336,DELAN SC,47
VI,16363,,37
VI,16363,SIRTAKI,256.3
VI,16363,SIRTAKI X ML 300,16.2
VI,16364,,2575
VI,16364,BISMARK,5862
VI,16364,BISMARK X LT 1,157
VI,16364,BISMARK X LT 5,675
VI,16369,ORTIVA TOP SC,16
VI,16379,,3567
VI,16379,PREV-AM PLUS,335
VI,16381,,34
VI,16384,,200
VI,16385,,9
VI,16395,MOHICAN 500 SC,21
VI,16396,TEMSA 100,8
VI,16425,,12
VI,16425,LASER 120 SC,4
VI,16427,,105
VI,16433,FLINT RISO,21
VI,16438,,31
VI,16439,,252
VI,16439,CHECKMATE PUFFER LB,62.94
VI,16442,PROFILER,118
VI,16442,PROFILER WG,700
VI,16442,R6 ERRESEI ALBIS EASY,42
VI,16457,POLTIGLIA 20 WG GREEN,1095
VI,16461,,67
VI,16461,CENTURION 240 NEO,284
VI,16470,COLUMBO 0.8 MG,3
VI,16472,,70
VI,16473,PRIMO MAXX II,3
VI,16474,,1.85
VI,16474,MATSUDA 25 WG,0.3
VI,16475,CLEAVE,36
VI,16480,,4
VI,16480,3LOGY,392
VI,16481,,2715.82
VI,16481,CALLISTO 480,207.9
VI,16492,VASCO,2
VI,16498,,70
VI,16500,TRIBAL,0.92
VI,16501,,1
VI,16501,INSTRATA ELITE,15
VI,16509,IBISCO,0.55
VI,16527,TELLUS WP,35
VI,16531,TEMPORIS STAR,3
VI,16531,TEMPORIS STAR X LT 1,29
VI,16538,KITAMBA,10
VI,16562,,400
VI,16562,DELAN PRO,5745
VI,16562,DELAN PRO X LT 5,75
VI,16563,,2
VI,16564,MEXIRAM TRI HI BIO,2
VI,16565,EXECUTIVE GOLD,1.9
VI,16566,KUPPER 20 WG,797
VI,16567,,740
VI,16570,,3.5
VI,16570,SENCOR 600 SC,383
VI,16572,DAKOFAKA,70
VI,16573,FIGHTER,1
VI,16577,U46 COMBI DUO,134
VI,16578,MELODY COMPACT WG,6
VI,16580,,5
VI,16580,VIPER ON,75
VI,16596,,0.44
VI,16596,SANIUM SL25 PFNPE,23.01
VI,16597,,31
VI,16597,SANIUM SL25 PFnPO,0.15
VI,16598,,47.2
VI,16598,SANIUM AL PFNPE,582.53
VI,16607,VEXTAMITRON 700 SC,20
VI,16608,FOSIKA,15
VI,16609,,290
VI,16609,SAVIAL FORTE,35
VI,16609,SAVIAL FORTE X LT 5,20
VI,16616,,227
VI,16616,VALLEY,253
VI,16616,VALLEY X LT 1,20
VI,16618,COLZA POWER PFNPE,89.75
VI,16625,MAINSPRING,1
VI,16630,,221
VI,16630,NATUREN LIMEX PFNPE,4360.9
VI,16640,MAZA 4% SL X LT 1,1
VI,16641,RINIDI,4.4
VI,16643,,48
VI,16643,SUCCESS GR,228
VI,16657,,100
VI,16657,CENTURY PRO X LT 10,20
VI,16658,,36
VI,16658,DAGONIS,48
VI,16663,ACTLET F,425
VI,16667,,52
VI,16667,REVOLUTION,2455.5
VI,16667,REVOLUTION X LT 1,1
VI,16690,,201
VI,16690,KESTREL,287
VI,16699,,0.2
VI,16701,,0.4
VI,16701,PLAZA,0.2
VI,16749,,120
VI,16749,FOLPAN ENERGY,190
VI,16754,SIMBA,6
VI,16774,ISOMATE C LR MAX TT,0.15
VI,16776,,95
VI,16776,ASSET FIVE,151.5
VI,16779,TONALE,294
VI,16780,,25
VI,16780,SERENADE ASO,30
VI,16783,,839
VI,16785,GOLDWIND,1.6
VI,16787,,1865
VI,16787,CLINIC ST,354
VI,16787,CLINIC ST X LT 20,700
VI,16789,,40
VI,16790,NORDOX ENERGY,50
VI,16793,NIMBUS 250 EC,16
VI,16799,ALEXIN 75 LS,100
VI,16802,,105
VI,16802,ZYPAR,1157
VI,16802,ZYPAR X LT 1,59
VI,16813,,2.1
VI,16816,EXALT 25 SC,1
VI,16819,NATUR BREAKER,315
VI,16820,,510.01
VI,16828,MAKURI MAX X LT 0.5,20
VI,16831,GLIFENE BIOGRADE,3510
VI,16833,PANTOX 360 SUPER,740
VI,16833,PANTOX 360 SUPER X LT 20,320
VI,16841,,2230
VI,16842,CUPRAVIT BIO ADVANCED,3096
VI,16843,,2991
VI,16843,COPPERLAND NEW,430
VI,16846,VESTICOR,0.3
VI,16857,SHORTTRACK,7
VI,16858,KENJA,1
VI,16867,GLISTER STAR 1 LT,4
VI,16868,,97.5
VI,16882,PROPULSE,7
VI,16886,,30
VI,16886,CLOSER,43.2
VI,16895,,4
VI,16896,ZORVEC ZELAVIN,2.2
VI,16897,KATOUN GOLD,110
VI,16902,AVIATOR XPRO,89
VI,16904,,31
VI,16904,KIDEKA 100 SC,13
VI,16904,KIDEKA 100 SC X LT 1,7
VI,16917,LOGRADO PLUS,1200
VI,16917,LOGRADO PLUS X LT 5,510
VI,16925,WISH TOP,87
VI,16939,SARUMO,36
VI,16945,,5
VI,16945,SERCADIS,6
VI,16947,BRIONFLO 100 SC,144
VI,16950,MANAMID 100 SC,160
VI,16951,ESQUIVE WP,161
VI,16957,ZORVEC VINABRIA,1042
VI,16963,AVENOX 240,15.5
VI,16963,AVENOX 240 X ML 250,8
VI,16976,,75
VI,16976,VITIKAPPA,31
VI,17005,CLOMATE,113
VI,17006,MONCUT,34
VI,17014,,1
VI,17014,DELEGATE WDG,4.3
VI,17026,,150
VI,17026,DUPLOSAN SUPER X LT 5,30
VI,17038,,37
VI,17038,TUAREG NEW,1876
VI,17058,,9
VI,17058,ROMEO,14
VI,17060,DERBY,3
VI,17065,KAURITIL ULTRA WG,5
VI,17066,,557
VI,17069,,130
VI,17069,TIOVIT L,30
VI,17075,,20
VI,17075,MOVIDA,134.28
VI,17076,,3
VI,17076,GAZELLE,1
VI,17078,,239
VI,17078,QUANTUM L,598
VI,17079,,120
VI,17079,FORCE EVO,180
VI,17081,CUPROSSIL IDRO NEW 20 WG,113
VI,17081,CUPROSSIL IDRO NEW 20 WG X KG 10,100
VI,17091,CHAMP 20 WG,2538
VI,17095,ANTILUMACHE NATURAL PFNPO,2.4
VI,17107,SPYRIT 50 SC,586
VI,17112,,2
VI,17112,DIFCOR,13
VI,17113,MIKAL F,159.4
VI,17115,,51
VI,17115,ZETROLA,53
VI,17116,,5
VI,17116,ACTIVUS ME,58
VI,17116,ACTIVUS ME X LT 1,37
VI,17118,BIOACT PRIME DC,20.5
VI,17125,LOCK UP,17
VI,17128,JURA EC,80
VI,17129,COSAVET FLOW,400
VI,17130,FLOMILL,1210
VI,17164,,238
VI,17178,,145
VI,17189,BLUE SHIELD TRI HI BIO,20
VI,17203,PENDI 40,27
VI,17204,,10
VI,17204,CYPRUS 25 WG,3000
VI,17205,CIDIAL,12
VI,17209,,14
VI,17209,DAVAI,24
VI,17209,DAVAI X LT 1,10
VI,17212,ISERAN,83
VI,17217,,1.5
VI,17217,ARMICARB SPRAY PFNPE,373.5
VI,17242,NEXTER 10 SC,2
VI,17242,NEXTER 10 SC X LT 1,1
VI,17248,ZORVEC VINABEL,188
VI,17270,ASCRA XPRO,21
VI,17270,ASCRA XPRO X LT 1,175
VI,17270,ASCRA XPRO X LT 5,35
VI,17272,,0.5
VI,17273,FLYPACK DACUS TRAP,457
VI,17273,FLYPACK DACUS TRAP (PZ),1050
VI,17278,KIDEKA,101
VI,17284,RODEO PLUS,715
VI,17292,,36
VI,17293,DIAGONAL,50
VI,17294,ZORVEC EPICALTRIN,0.6
VI,17307,TAZER X LT 1,2
VI,17317,NABUCCO,1
VI,17319,FOXPRO,52
VI,17320,SENIOR 75 WG,33.5
VI,17337,,1
VI,17345,ARPEL WG,4
VI,17346,,190.3
VI,17346,EXOSET 240 EC,905
VI,17350,,65
VI,17350,SONATA,112.5
VI,17354,MURAL 480 SL,12
VI,17358,BLAISE ULTRA,10
VI,17360,,60
VI,17360,MAGO,1200
VI,17366,LOYANT 25 Neo EC,96
VI,17368,ALETIL DF,1
VI,17369,ECOMIX,59
VI,17372,COPRANTOL 30 WG,20
VI,17377,REFINE SX,4.46
VI,17377,REFINE SX X GR 10,2.25
VI,17378,,8
VI,17387,WARDEN C,208
VI,17388,ACARELTE GOLD,3.4
VI,17398,,407
VI,17398,DOMITREL 400 CS,33
VI,17407,WINTECH,66
VI,17422,ENVITA SC,909
VI,17427,TALISMAN 40 OD,5
VI,17432,,47
VI,17435,,516
VI,17435,RIDOMIL GOLD COMBI WG,3328
VI,17436,WARDEN F,511
VI,17451,TEKKEN,83
VI,17451,TEKKEN X LT 1,118
VI,17454,,454
VI,17454,ENCARIT,693
VI,17455,PALIO,8
VI,17461,,86.25
VI,17461,ORONDIS,70.8
VI,17469,,23.68
VI,17469,TAEGRO,13.69
VI,17470,LIMOCIDE,746
VI,17471,,148.2
VI,17472,,42
VI,17472,JADE,769
VI,17489,BELTHIRUL,3
VI,17496,,55
VI,17500,ELAND WG,0.5
VI,17502,LINCE,2
VI,17508,,1920
VI,17508,POLYCOM 70 DF,550
VI,17541,CHANTICO,138
VI,17586,AXIAL ONE,6
VI,17597,,4
VI,17598,AFINTO,0.42
VI,17605,BACK 100 SC,12
VI,17605,BACK 100 SC X LT 1,3
VI,17609,TRI-SOIL,10
VI,17611,POTCLEAN ULTRA 1G,21
VI,17612,,223.55
VI,17615,WARDEN EVO,49
VI,17634,,212
VI,17634,FRAXION,10
VI,17634,FRAXION X LT 1,11
VI,17642,BUSSOLA WG BLU,50
VI,17651,,100
VI,17655,,143
VI,17657,EXTASE R,10
VI,17665,PYRUS PRO,51
VI,17666,PROSARO PLUS,200
VI,17666,PROSARO PLUS X LT 1,85
VI,17666,PROSARO PLUS X LT 5,240
VI,17670,FREQUENT,6
VI,17671,VENZAR SC,2
VI,17677,,6.9
VI,17680,GALILEO,13
VI,17681,FRAMEX X LT 1,7
VI,17689,,69.5
VI,17689,MOXYL MK,659.5
VI,17693,,1430
VI,17693,HATTRICK 30 WG,1225
VI,17697,SUPRACAFFARO FLOW,1658
VI,17699,IDROX 15,820
VI,17715,,3
VI,17743,SHALLOW,1
VI,17744,CHOUCAS,45
VI,17746,,77
VI,17746,CLEMATIS,7
VI,17749,,18
VI,17749,DRONE,12
VI,17751,PRAKTIS,80
VI,17752,,122
VI,17752,STAVENTO,44
VI,17752,STAVENTO X LT 1,52
VI,17754,REVYCARE,158
VI,17760,,42.68
VI,17785,,5
VI,17785,ZORVEC ENTECTA,10
VI,17797,FENERGY SC,16
VI,17810,,53
VI,17819,,44
VI,17820,,10
VI,17824,,311
VI,17824,MIRADOR TURBO,169
VI,17824,MIRADOR TURBO X LT 1,22
VI,17824,MIRADOR TURBO X LT 5,75
VI,17826,,11
VI,17826,DOMARK 125 PLUS,108.25
VI,17840,,425
VI,17840,OLIOCIN PLUS,25
VI,17865,,276
VI,17873,,0.06
VI,17880,AZULEO,2
VI,17888,,25
VI,17888,VOLIAM,2.5
VI,17891,BLESAL TOP,24
VI,17894,TRIKA ENERGY,8680
VI,17896,FORTUNE DISPERSS,7815
VI,17913,,1738
VI,17920,,28
VI,17920,GHIBLI TM,19
VI,17921,,540
VI,17922,,6
VI,17923,ARNOS SC,9
VI,17925,,10
VI,17931,,774
VI,17936,PROMINENT NEW,14
VI,17938,,2419
VI,17938,CLINIC TF,3719
VI,17944,HOKONZA,14
VI,17945,LUMEO,104
VI,17946,,145
VI,17947,CODAL,427.5
VI,17951,,12
VI,17951,AUDACE SC,403.5
VI,17951,AUDACE SC X LT 3,51
VI,17961,SOILGUARD 0.5 GR,770
VI,17962,ACELEPRYN 200 SC,1.2
VI,17963,TIOVIT 800 L,520
VI,17971,FUSILADE FORTE,10
VI,17976,MESOCORE 100 SC,49
VI,17985,KARATETRAP B,12.22
VI,17985,KARATETRAP B (PZ),50
VI,17998,,20
VI,18000,,1560
VI,18000,DECIS TRAP DROSOPHILA,40
VI,18000,DECIS TRAP DROSOPHILA (PZ),60
VI,18001,MIKONOS,100
VI,18003,,20
VI,18011,OIZISA 480 SL,153
VI,18014,ATTRAXOR,12
VI,18015,MISTER L,25.92
VI,18022,,175
VI,18038,ACTICLASTER,32
VI,18044,PATTON FLEX,156
VI,18056,JOUST,9
VI,18070,,107
VI,18072,,1
VI,18072,SONAVIO,3
VI,18074,,2991.7
VI,18074,ROUNDUP FUTURE,1042.5
VI,18081,,24
VI,18082,SERCADIS SC,84
VI,18084,,9380
VI,18092,,13
VI,18092,REVYSTAR XL,122
VI,18103,,3
VI,18109,KASKO MET,1
VI,18119,SINALA,258
VI,18119,SINALA X LT 5,75
VI,18137,REVYSION,1694
VI,18137,REVYSION X LT 1,14
VI,18139,IRONITE PFNPE,511
VI,18145,BOTRYBEL,10
VI,18148,BUGGY GOLD,5760
VI,18152,,254
VI,18155,REVYSTAR,6
VI,18160,PYROGAL,5
VI,18172,MIKONOS EVO,10
VI,18181,,5
VI,18181,UNIVOQ,227
VI,18181,UNIVOQ X LT 1,22
VI,18181,UNIVOQ X LT 5,85
VI,18182,ZOLVIS 80 ULTRA,22925
VI,18190,MOTIF,10
VI,18206,,41.27
VI,18206,ZONGRUUM,141.19
VI,18207,GRAND TOTAL,375
VI,18213,,1.44
VI,18213,BACILLUS CHEMIA PFNPE,27.36
VI,18216,VITIKAPPA PFNPE,235.2
VI,18222,,63.5
VI,18222,FERRAMOL PFNPE,6949
VI,18223,NATRIA LUMACHICIDA PFNPE,160
VI,18224,SAPULI',175
VI,18225,,19.5
VI,18225,SIMPELL,12.25
VI,18232,BORDOFLOW NEW PFNPE,113.1
VI,18233,,10.1
VI,18233,BORDOFLOW SECTOR PFNPE,141.15
VI,18235,,37.2
VI,18235,CIOPPER PFNPE,124.2
VI,18239,,1.5
VI,18239,FLIPPER PFNPE,16.45
VI,18241,IDRORAME FLOW PFNPE,186.55
VI,18242,,1.35
VI,18242,LEPINOX PLUS PFNPE,53.72
VI,18244,MOMENTUM PFNPE,133.61
VI,18245,,28
VI,18245,POLTIGLIA MANICA 20 WG PFNPE,531.65
VI,18251,,3
VI,18251,TIOLENE PFNPE,17
VI,18253,,10.5
VI,18253,VERDERAME 20 WG PFNPE,207.66
VI,18254,ZOLVIS 80 SECTOR PFNPE,8
VI,18256,NISUS 3B PFNPE,11
VI,18257,,0.3
VI,18257,3LOGY PFNPE,8.54
VI,18259,,214.5
VI,18259,BARBARIAN BIOGRADE 360 PFNPE,1883.5
VI,18259,VITHAL DISERBO 500 ML PFnPE,20.5
VI,18259,VITHAL DISERBO TOTALE PFNPE ML 500,190
VI,18263,,18.1
VI,18263,BIOLID UP PFNPE,846.1
VI,18266,,0.4
VI,18266,COBRE NORDOX SUPER 75 WG PFNPE,31.6
VI,18267,,13.15
VI,18267,CONTENDER 80 WG PFNPE,95.9
VI,18267,CONTENDER WG,4
VI,18269,GLIFENE BIOGRADE PFNPE,1840.5
VI,18270,,570.5
VI,18270,GLIPHOGAN TOP CL PFNPE,5864.4
VI,18274,NEMGUARD GRANULES PFNPE,3.75
VI,18277,,20.5
VI,18277,SHAMAL MK PLUS CL PFNPE,1322.6
VI,18282,TRUSTEE 450 PFNPE,24.5
VI,18283,XEDAVIR PFNPE,13.25
VI,18284,,9.9
VI,18284,WANAX PFNPE,92.7
VI,18290,FOLPETIS 50 SC,1616
VI,18318,PRINCIPAL FORTE,98.88
VI,18321,NITIDE,2
VI,18332,LOGRADO 360 SL,1020
VI,18369,Halvetic,2
VI,18393,CURZATE EFFE WG,30
VI,18394,,80
VI,18461,AGIXA,20
VI,18490,,1
VI,18490,BRIXTON,101
VI,18525,,10
VI,18593,,1350
VI,18593,AF-X1 2024,125
VI,18606,,2
VI,18606,EXIREL 2024,32
VR,13,,48930
VR,13,THIOPRON,96340
VR,133,U 46 D-FLUID,59
VR,206,ALBENE,145
VR,565,FUMATHANE 510,81005
VR,599,,1230
VR,599,ACUPRICO 76 WG,3060
VR,619,VALGRAN,173
VR,747,,410
VR,747,ZOLFO SPRUZZABILE,1000
VR,909,,38100
VR,909,POLISOLFURO DI CALCIO POLISENIO,25643
VR,1155,CHEMOL 90 EL,1034
VR,1156,,13218
VR,1156,CHEMOL,56254
VR,1562,,551
VR,1562,ERBITOX M PRO,16
VR,1573,,1820
VR,1573,BASAMID GRANULAT,3940
VR,1583,,312725
VR,1583,MICROTHIOL DISPERSS,359810
VR,1823,,200
VR,1823,ZOLFO 80 MICRONIZZATO,1050
VR,1850,IDRORAME FLOW,2583.5
VR,1936,,25990
VR,1936,LIQUIZOL M,3971
VR,2191,,100
VR,2191,WETTING PLUS,1036
VR,2259,PASTA LUMACHICIDA IN GRANI,25
VR,2260,,1880
VR,2260,GASTROTOX E,109
VR,2291,ESCA REGINA N,68
VR,2307,,5188
VR,2307,VECTOR,3017
VR,2518,ACTELLIC 2/P,3
VR,2525,LUMACID AGRO,10
VR,2603,ESCACIDE,878
VR,2732,,96
VR,2732,GOLTIX,1402
VR,2923,,52487
VR,2923,TIOVIT JET,46705
VR,2983,NIMROD,0.7
VR,3102,,13115
VR,3102,OLEOTER,14227
VR,3141,,7
VR,3163,U 46 M STAR,70
VR,3182,,661
VR,3343,,1348
VR,3343,U46 M CLASS,756
VR,3411,AMADENE,20
VR,3412,,193
VR,3412,SYLLIT 65,735
VR,3486,,33
VR,3486,TRISCABOL DG,703
VR,3503,AGRUMIN,10
VR,3519,,49
VR,3519,METAMBANE,472
VR,3553,,1219
VR,3553,CURZATE,295
VR,3640,,40
VR,3745,,1605
VR,3745,METAM,200
VR,3767,,3346
VR,3767,FENOXILENE 200,3656
VR,3779,,8840
VR,3779,VAPAM,59255
VR,3817,,36
VR,3817,DISERBONE KN,127
VR,4264,VIC 400 SC,11
VR,4701,,570
VR,4701,PIRIMOR 50,629
VR,4710,,10470
VR,4710,ALIETTE,2392.6
VR,5152,,18540
VR,5152,TIOSPOR WG,46691
VR,5349,GI-TRE,0.15
VR,5581,,0.2
VR,5581,GIBBERELLINA CIFO,1.21
VR,5796,,3
VR,6037,TECTO SC,29
VR,6136,,121
VR,6136,GERMON L,250
VR,6321,,18.8
VR,6321,STIMOLANTE 66F,46
VR,6322,,167
VR,6322,OBSTHORMON 24A,600
VR,6437,,564
VR,6437,ETHREL,1089
VR,6555,,55
VR,6556,,82
VR,6556,K-OBIOL DP2,100
VR,6557,,27
VR,6557,K-OBIOL EC 25,54
VR,6771,,5017
VR,6873,IDRORAME 193,5115
VR,6945,,330
VR,6945,TOPAS 10 EC,843.25
VR,6956,TARGA FLO,60
VR,7020,,16
VR,7020,BAGNANTE CIFO,2121
VR,7053,PASTA CAFFARO NC,65
VR,7055,,1
VR,7055,PASTA CAFFARO BLU,330.5
VR,7368,,65
VR,7368,TURFENE L,67
VR,7379,,10.5
VR,7379,VENZAR,22.5
VR,7401,,880
VR,7401,POLTIGLIA CAFFARO 20 DF NEW,611
VR,7411,DIRAGER,60.5
VR,7454,ORMONE AG COMPRESSE,1.35
VR,7483,,271
VR,7483,DEVRINOL F,2035
VR,7534,ROYAL MH,3900
VR,7541,,23.5
VR,7541,APOLLO SC,92
VR,7555,KLARTAN 20 EW,5
VR,7597,ENERGIL 100 A,16
VR,7644,TENSIL,269
VR,7700,,268.6
VR,7700,MATACAR FL,162.2
VR,7736,ZOLFO SCORREVOLE TRIVENTILATO 95% S,20400
VR,7737,,6150.35
VR,7764,TIOLENE,9870
VR,7876,PIRIMOR 17.5,9
VR,7911,,10200
VR,7911,AIRONE EXTRA,7430
VR,7916,,36974
VR,7916,POLYRAM DF,53429
VR,7919,,7395
VR,7919,TOUCHDOWN,20826
VR,7930,,228
VR,7930,KERB FLO,5447
VR,7961,,42
VR,7961,RIZOLEX  GOLD,396
VR,7983,ZODIAC DFF,40
VR,8023,,722
VR,8023,SUMIALFA ECHO,451
VR,8102,,18806
VR,8102,MERPAN 80 WDG,10267
VR,8146,,152.5
VR,8146,GALLERY,238.5
VR,8184,,1590
VR,8184,CHALLENGE,3435
VR,8189,,19760
VR,8229,,683
VR,8229,BOLAS SC,104
VR,8259,,1583
VR,8259,LAMDEX EXTRA,1936
VR,8320,,17
VR,8320,DELFIN,46
VR,8360,,42
VR,8360,PULL 52 DF,0.8
VR,8376,,240
VR,8376,ARIANE II,418
VR,8498,,427.5
VR,8498,FOLICUR WG,522
VR,8542,,854
VR,8542,FORUM 50 WP,1100
VR,8546,,313
VR,8546,DANITRON,164
VR,8557,AUXIGIB,18
VR,8557,AUXIGIB FITOSPRINT,17
VR,8558,PIRETRO VERDE,477
VR,8581,FOLIANE SC,858
VR,8599,,207
VR,8601,,42599
VR,8601,FOLPAN 80 WDG,95254
VR,8617,BANVEL 480 S,14
VR,8656,GLIFENE HP,2348
VR,8706,,447
VR,8706,AMID THIN W,1087.5
VR,8712,,18
VR,8712,ALLEGANTE 4% AF 96,297.1
VR,8715,,115
VR,8715,DIRAMID,277
VR,8717,,19
VR,8721,,26
VR,8721,NEXTER,1
VR,8735,,6462
VR,8735,TREBON UP,3578.35
VR,8755,,0.44
VR,8795,,604
VR,8795,VERTIMEC EC,927
VR,8801,,148
VR,8801,SCORE 25 EC,609.5
VR,8836,,1039
VR,8836,MIMIC,1342
VR,8837,GERMON BEWURZELUNGSPUDER PER TALEE ,4.01
VR,8874,,104
VR,8874,ETOFUM - FL,22
VR,8882,ULTRA FINE OIL,100
VR,8886,,2.04
VR,8886,SAFARI,3
VR,8899,ZOLFO VENTILATO RAMATO 5%,7150
VR,8929,,10.5
VR,8934,,152
VR,8934,SCALA,2954
VR,8937,,27
VR,8937,SHIRUDO,261
VR,9005,,162
VR,9005,AGIL,4992
VR,9010,RAMEZIN COMBI WG,210
VR,9012,,30
VR,9012,CUPROCAFFARO MICRO,6797
VR,9041,,143190
VR,9041,TIOFLOW 57,190
VR,9061,PANTOPUR MC,43
VR,9210,,29
VR,9210,QUADRIS,872
VR,9244,,8570
VR,9244,ZIRAMIT 76 WG,5520
VR,9267,ROYALTAC N,32480
VR,9280,,7.5
VR,9280,TOPAS 200 EW,14
VR,9286,,175
VR,9286,OHAYO,733
VR,9298,METHAM NA 51,725
VR,9306,PROPLANT,7
VR,9342,DELTRIN,3.5
VR,9371,PEAK,0.72
VR,9373,,221
VR,9373,CHORUS,124
VR,9380,FREEWAY,1480
VR,9380,FREEWAY 360,2800
VR,9411,RADIP ORMON,1.6
VR,9420,OSSIRAM 70 FLOW,525
VR,9422,,419
VR,9422,EVADE,1067
VR,9477,,284
VR,9509,,4.5
VR,9509,PROMALIN NT,114
VR,9531,,608
VR,9569,,170
VR,9569,ZETARAM 3B FL,280
VR,9575,DRIBBLING 240 EC,265
VR,9578,,2443
VR,9578,SWITCH,5222
VR,9627,SOLUTION 20 DISPERSS,18990
VR,9631,METRIN EC,95
VR,9655,,12
VR,9655,PRIMIAL WG,6
VR,9679,,154
VR,9679,KRISTAL 32 WG,396
VR,9695,,64.5
VR,9695,PERLAN,40
VR,9705,,596
VR,9705,PREVITER,1263
VR,9723,,15860
VR,9723,DE-SPROUT N,85090
VR,9724,TIOWETTING DF,6241
VR,9757,,87
VR,9757,SPYRALE,101
VR,9787,MICROBAGNABILE WG,145
VR,9790,,137
VR,9790,CONTATTO 320,43
VR,9800,,512
VR,9800,MAVRIK SMART,2992.8
VR,9809,MALVIN 80 WG,70
VR,9843,,792
VR,9843,BASAGRAN SG,2337
VR,9872,AKRIS,15
VR,9954,,251
VR,9954,JOKER,763
VR,10004,AGRIMIX PRO,56
VR,10009,GIBGRO 20%,3
VR,10048,,1800
VR,10048,KUMULUS TECNO,10525
VR,10088,,2
VR,10117,,4793
VR,10117,STRATOS ULTRA,7667
VR,10118,,62
VR,10118,AMISTAR,20
VR,10139,PYKOS,29
VR,10142,,6600
VR,10142,VERNOIL,380
VR,10154,,6
VR,10158,PIREFLOR,209
VR,10161,,963
VR,10161,ORTIVA,761
VR,10196,NECTAR,1.5
VR,10199,LERAM HI BIO,20
VR,10220,DICOPUR COMBI,120
VR,10221,PIMIENTO 600,2
VR,10224,,1380
VR,10224,EMME-H,42380
VR,10263,DRIVER,1
VR,10296,,220
VR,10305,,311
VR,10305,OIKOS,1131.2
VR,10306,MISTRAL,726
VR,10324,,800
VR,10324,NEMATHORIN 10 G,340
VR,10338,,2000
VR,10350,,531
VR,10350,BLAST SG,396
VR,10357,,3
VR,10357,RIGRON SG,3
VR,10368,TRISCABOL 76 WG,23
VR,10381,,3731
VR,10415,,0.5
VR,10415,ARIC 480 L.S.,31
VR,10423,LUMACHICIDA VEBI,3
VR,10425,SCUDEX,178
VR,10435,HERGON L,1
VR,10439,,1204
VR,10439,SPRAY DUNGER GLOBAL,575
VR,10440,EXPANDER,166
VR,10479,,182
VR,10479,NATURALIS,737
VR,10506,LALSTOP K61 WP,15.1
VR,10543,POLYKRON GLOBAL,100
VR,10573,,22140
VR,10573,KOCIDE 2000,5048
VR,10577,,762.5
VR,10577,METRIPHAR 70 WG,421.5
VR,10585,,510
VR,10585,SULCOTREK,1220
VR,10588,,708
VR,10588,BIOPIREN PLUS,1012
VR,10604,,1117
VR,10604,EMERALD 40 EW,275.25
VR,10627,FRUPICA,14
VR,10632,,192
VR,10632,COBRE NORDOX SUPER 75 WG,1821.84
VR,10650,BELGARD,4
VR,10671,CUAGRO HI BIO,2790
VR,10701,,641.25
VR,10701,CUMETA FLOW,7291.5
VR,10710,TOMAGAN,1
VR,10734,,1469
VR,10734,DUAL GOLD,1097
VR,10735,,236
VR,10735,PRIMAGRAM GOLD,787
VR,10741,,187
VR,10741,METACINQUE,5928
VR,10771,,3415
VR,10771,MOST MICRO,15628
VR,10889,AGRIMIX GOLD,69
VR,10890,,315
VR,10890,FLiPPER,2661.4
VR,10925,BEYOND,3
VR,10926,,102
VR,10926,ALTOREX,104
VR,10929,,59.8
VR,10929,CHIKARA 25 WG,50.3
VR,10944,,434.25
VR,10944,KARATE ZEON,858
VR,10948,VITISAN WG,1013.5
VR,10976,,82.02
VR,10976,METEOR,3104.85
VR,10999,,64
VR,10999,BETANAL SE,194
VR,11011,,947
VR,11011,DASH HC,1147
VR,11040,,110
VR,11040,POLTIGLIA BORDOLESE DISPERSS BLU,1510
VR,11045,DODIPREV 400 SC,2
VR,11059,,94
VR,11059,BIOPOWER,223
VR,11062,,350
VR,11062,BION 50 WG,89.45
VR,11070,,402571
VR,11070,TIOGOLD DISPERSS,15
VR,11088,,229
VR,11088,BION MX,505
VR,11102,,1930
VR,11102,HELIOSOUFRE S,7881
VR,11107,,154
VR,11107,ECO-TRAP,304.44
VR,11119,,302
VR,11119,FLINT,504.55
VR,11133,SHELTER,1471
VR,11147,,1551.5
VR,11147,KRUG,40
VR,11150,,225
VR,11150,ALL SEASONS,1650
VR,11165,,50
VR,11165,POLAK,30
VR,11183,,4
VR,11183,PROGERBALIN LG,420
VR,11185,,118
VR,11185,GERLAGIB LG,364
VR,11196,,1120
VR,11196,SULFAR,1020
VR,11197,,1915
VR,11197,VITENE 45 WG,1651
VR,11206,,203.75
VR,11206,CODACIDE,4464
VR,11231,MICOSPOR 80 WDG,26
VR,11243,,286
VR,11243,LEOPARD 5 EC,3593
VR,11252,LALSTOP Contans WG,96
VR,11253,,9
VR,11253,CALLISTO,97
VR,11255,,611
VR,11257,,249
VR,11257,COSTAR WG,346.5
VR,11258,,420
VR,11258,FAZOR STAR,1265
VR,11303,,480
VR,11303,CHAMP DP,210
VR,11341,,59
VR,11341,STARANE GOLD,1167
VR,11345,ZOLVIS 80 WDG,70
VR,11353,,2284
VR,11353,FUSILADE MAX,4155
VR,11355,TAMIFUM,81680
VR,11359,SARCAP 800,776
VR,11379,,1690
VR,11379,ROYAL MH STAR - TAB,2850
VR,11393,,74
VR,11393,BEETLE,438
VR,11416,,960
VR,11416,OVIPRON TOP,2900
VR,11448,,94
VR,11449,,380
VR,11449,GARDOPRIM GOLD,100
VR,11479,,71
VR,11479,BRANCHER DIRADO,202
VR,11497,,40
VR,11497,CRITTOVIT WG,10488
VR,11501,PARIFOL,158
VR,11505,,6
VR,11505,READY GERMIPLUS,175
VR,11513,,5
VR,11525,FUNGIDINA 400 SC,88
VR,11526,,284
VR,11526,SULTAN,1160
VR,11548,,43.38
VR,11548,ISONET L TT,22.49
VR,11549,,0.5
VR,11549,ISOMATE OFM ROSSO FLEX,1.6
VR,11551,,0.27
VR,11551,ISOMATE C PLUS,5303
VR,11552,,2
VR,11552,ISOMATE C TT,8200.12
VR,11555,RAK 5,1.79
VR,11556,RAK 5+6,1
VR,11561,,856.15
VR,11561,NEEMAZAL T/S,932
VR,11569,,1909
VR,11569,CUPROXAT S.D.I.,1883
VR,11619,TIOFLOR WDG,108
VR,11637,,643
VR,11642,PIKAR,1
VR,11649,,226
VR,11649,COMMAND 36 CS,233.6
VR,11654,,1
VR,11678,ACTELLIC 2/P NEWPHARM,12
VR,11679,GIBERAL COMPRESSE,0.1
VR,11690,GOAL 480 SC,14.5
VR,11693,,55.5
VR,11693,LASER,543.75
VR,11694,CONSERVE SC,0.1
VR,11701,BOTANIGARD OD,109
VR,11730,COSMOTRIN,120
VR,11760,,17145
VR,11760,POLITHIOL,17465
VR,11762,,20
VR,11779,,40
VR,11779,KOP-TWIN,1995
VR,11786,AQ 10 WG,0.04
VR,11789,,3
VR,11793,,93
VR,11793,XENTARI WG,657
VR,11794,,6.5
VR,11802,,65
VR,11802,TETRACAP 80 DG,10
VR,11806,KARIKA,5
VR,11857,,70
VR,11857,MIDAURIL COMBI,2380
VR,11862,,5
VR,11862,LOBBY,20
VR,11872,RIFLE 3-18-R,10
VR,11908,VENTUREX 400 SC,3
VR,11926,NOIDIO GOLD 10 EC,25
VR,11944,,20
VR,11944,ASPECT,120
VR,11948,,55
VR,11964,,840
VR,11964,POLTIGLIA CAFFARO 20 GD,1700
VR,11991,,22
VR,11991,NEEMIK TEN,861
VR,11999,,15645
VR,11999,BUSSOLA WG NC,9290
VR,12020,,0.75
VR,12023,,2175
VR,12025,GERBATHIN 2 LG,2
VR,12037,,735
VR,12037,CAMIX,735
VR,12041,,553
VR,12041,MARTOS,37
VR,12043,,508
VR,12043,PREVICUR ENERGY,931
VR,12048,TIOSOL 80 WG,1521
VR,12066,FLORBAC WG,5.5
VR,12068,TEFLUSTAR,510
VR,12069,EPIK,60
VR,12079,QUIVER-TOP,70
VR,12090,,1710
VR,12090,MICROSED GEO,3810
VR,12096,,69125
VR,12096,POLTIGLIA DISPERSS,75070
VR,12100,ASSET DUO,63
VR,12106,,31
VR,12106,TALENDO,509
VR,12113,VIRGO,3
VR,12114,,562
VR,12114,AUXIGER LG,1857.5
VR,12115,BARRACUDA,1
VR,12133,,89
VR,12133,JUVINAL GOLD,378
VR,12149,,64
VR,12149,GERBA 4 LG,397
VR,12156,MAKE UP 80 WDG,203
VR,12170,,2270
VR,12170,HELIOCUIVRE,1400
VR,12172,FERRAMOL,15
VR,12174,,5
VR,12203,,14
VR,12203,TOOLER,24.15
VR,12225,,147.04
VR,12225,TEPPEKI,649.25
VR,12233,KAPLAN,6135
VR,12285,,2
VR,12285,FORUM GOLD,1062
VR,12319,,2
VR,12361,,8.6
VR,12361,ALGEDI,3
VR,12368,,1.5
VR,12368,CARPOSTOP,0.5
VR,12376,,108
VR,12376,FITAGIL,163
VR,12378,TRIANUM-G,12035
VR,12381,,845
VR,12381,NU-FILM-P,834
VR,12437,,4153
VR,12437,DELAN 70 WG,5313
VR,12452,,160
VR,12452,EQUIP,1664
VR,12453,,105
VR,12453,MILDICUT,525
VR,12461,FINALSAN ERBICIDA PROFESSIONAL,10
VR,12482,,1275
VR,12482,LUMAX,7215
VR,12489,DIFCOR 250,24
VR,12504,FLOWBRIX,74
VR,12514,,240
VR,12514,VIPER,155
VR,12515,,0.3
VR,12515,GIBRELIN TAB,26.37
VR,12522,METRO,2
VR,12528,,53
VR,12529,,133
VR,12529,TUCANA 25 EC,551
VR,12534,,257
VR,12534,FOXTAIL,272
VR,12538,,40
VR,12540,REGRAN EXTRA,875
VR,12548,XANILO 45 WG,1182
VR,12566,,3
VR,12566,PYGANIC 1.4,33
VR,12568,,20
VR,12568,SPRINTEX NEW L,263
VR,12573,EKO OIL SPRAY,171
VR,12590,,1130
VR,12590,DIASTAR MAXI,1390
VR,12622,,0.5
VR,12625,EFUZIN 400 SC,24
VR,12628,SERENADE MAX,1
VR,12647,,238
VR,12647,GLITTER,19
VR,12662,,320
VR,12662,METAFOL 700 SC,15
VR,12669,ARBIOGY,1
VR,12671,,828.65
VR,12671,HARMONY 50 SX,32.46
VR,12706,,0.6
VR,12722,,240
VR,12722,OSSICLOR 20 FLOW,1259
VR,12737,,80
VR,12737,AIRONE PIU',16755
VR,12748,,4240
VR,12748,GRIFON PIU',7890
VR,12754,VERDRAM HI BIO,100
VR,12756,,43
VR,12756,DICOTEX,337
VR,12759,,690
VR,12759,OSSICLOR 35 WG,1173
VR,12761,AGRIMIX TOP,42
VR,12768,,172
VR,12768,SPINTOR FLY,194
VR,12770,,1
VR,12770,ALAR 85 GOLD,1
VR,12785,,10
VR,12785,CHECKMATE CM-XL,800
VR,12792,,172
VR,12792,MAGIC TANDEM,698
VR,12806,,7
VR,12806,FEDOR,514
VR,12828,,593
VR,12828,SITOFEX,285.75
VR,12830,,1200
VR,12831,INSIGNIA,48
VR,12833,,0.24
VR,12833,ISOMATE C/OFM,600.53
VR,12834,,1295.09
VR,12834,ISONET L PLUS,42.3
VR,12835,,100
VR,12836,ISONET Z,0.08
VR,12840,SUCCESSOR 600,1190
VR,12843,,5.91
VR,12843,CHECKMATE CM-F,9.61
VR,12857,,140
VR,12857,PROREX,4.5
VR,12858,PRODIGY,1
VR,12859,,0.5
VR,12859,BORNEO,2
VR,12860,,44
VR,12860,MILBEKNOCK,922
VR,12862,,2854
VR,12862,CANTUS,633
VR,12863,,11
VR,12863,FLORAMITE 240 SC,33.75
VR,12866,,23
VR,12866,COLLIS,258
VR,12868,,417
VR,12868,BELLIS,683
VR,12869,,645
VR,12869,SIGNUM,7331
VR,12878,,10206
VR,12878,FOLPAN GOLD,17241
VR,12883,,6309
VR,12883,PROSPER 300 CS,7536
VR,12886,,8414
VR,12886,KARATHANE STAR,8115
VR,12888,,45
VR,12888,LEPINOX PLUS,192
VR,12904,BRAITEX,1
VR,12916,,496
VR,12916,SACRON 45 W,1998.5
VR,12933,,339
VR,12933,MOXYL 20 WP,398
VR,12940,,615
VR,12940,KARATE ZEON 1.5,3336
VR,12949,,25
VR,12949,AZUPEC 80 WG,175
VR,12960,STARPROP,348
VR,12961,,117
VR,12961,HEREU,247
VR,12989,GIBB PLUS,2
VR,12994,,63.5
VR,12994,VIVER ELITE WG,601.5
VR,13012,,20658
VR,13012,FOLVIT 80 WDG,331
VR,13018,GONDOR,3
VR,13020,,4
VR,13020,MICRORAM 35 WG,9600
VR,13061,,176
VR,13061,BIOBIT DF,2066
VR,13062,,100
VR,13062,DiPel DF,15
VR,13063,,10.1
VR,13063,REGULEX 10 SG,0.4
VR,13064,,152
VR,13064,VITENE ULTRA SC,4816
VR,13065,DOMARK 125,47.2
VR,13076,,123
VR,13076,BRAITEX  PRO,492
VR,13084,,271
VR,13084,TELDOR PLUS,2055
VR,13093,,759
VR,13093,STOMP AQUA,3038
VR,13095,,378
VR,13095,DIRA-MAX LG,759
VR,13098,,27738.5
VR,13098,ROUNDUP POWER 2.0,10312
VR,13106,,132
VR,13106,IKANOS,1052
VR,13116,,4.5
VR,13116,MEDOR 35 CLASS,66
VR,13120,,248
VR,13120,MYSTIC 430 SC,302
VR,13126,,1190
VR,13126,CABRIO DUO,9368
VR,13127,VALIS F,381
VR,13132,,105
VR,13149,,7155
VR,13149,POLTIGLIA MANICA 20 WG,2436.5
VR,13150,CURAME 25 WG,25
VR,13152,,2960
VR,13152,OPTIX R DISPERSS,2461
VR,13154,,296
VR,13154,MONDAK 480 S,274
VR,13158,,689
VR,13158,REMEDIER,924
VR,13159,PRIMIAL,113
VR,13160,,33
VR,13160,FORUM TOP,734
VR,13168,,1589
VR,13168,LAUDIS,4404
VR,13171,ALLIANCE,0.23
VR,13205,ZOLFO MANICA SCORREVOLE DOPPIO RAFF,75
VR,13211,ZOLFO VENTILATO SCORREVOLE 96%,850
VR,13213,,40
VR,13213,R6 ERRESEI ALBIS,29
VR,13218,,260
VR,13218,FINALSAN PLUS,1010
VR,13225,AGRIDIF 250,78
VR,13236,,200
VR,13236,BULLET,619
VR,13242,,211
VR,13242,NICOGAN V.O.,537
VR,13244,,9750
VR,13244,ZOLFO VENTILATO STELLA,31225
VR,13249,,12300
VR,13249,ZOLFO VENTILATO STELLA RAMATO S,425
VR,13250,ZOLFO VENTILATO STELLA RAMATO B,11375
VR,13254,PLAYER 25 WG,153
VR,13255,PLAYER GR,7
VR,13285,,205
VR,13285,SEVERAL,425
VR,13290,,295
VR,13290,ZOLFO MANICA DOPPIO RAFFINATO VENTI,1550
VR,13292,,24675
VR,13311,DOMARK COMBI WG,10
VR,13313,,27
VR,13313,CASPER,45
VR,13323,SULFY 80 WDG,1.2
VR,13327,,4.35
VR,13327,GRANSTAR ULTRA SX,25.2
VR,13329,OMNEX 10 EC,814
VR,13335,DUPLOSAN KV,4
VR,13367,,140
VR,13367,DIVO,1288.25
VR,13377,COLUMBUS,102
VR,13378,ORTIVA TOP,28
VR,13382,,3243
VR,13382,PERGADO SC,5916.5
VR,13386,,61
VR,13386,PROSARO,238
VR,13387,,2.65
VR,13387,FLORAMIX,46.58
VR,13389,,43000
VR,13389,AFFIRM,40383
VR,13391,,97
VR,13391,CYTHRIN 50 EC,770.25
VR,13402,LUMA-KL,65
VR,13447,HELMSTAR 75 WG,0.02
VR,13451,,16
VR,13451,SPARVIERO,46
VR,13455,,218
VR,13455,ANTIGRAM GOLD,5220
VR,13466,,190
VR,13466,SPOTLIGHT PLUS,2803
VR,13471,NICOZEA OD,770
VR,13472,ALIEN,91
VR,13485,,17733
VR,13485,FOLPEC 80 WG ADVANCE,8601
VR,13486,JUDO,202
VR,13489,,3116
VR,13489,CYMBAL,609.5
VR,13505,CLIVIS DUO,5
VR,13518,,2880
VR,13518,NISUS 3B,60
VR,13540,,2400
VR,13540,QUASAR R FLOW,4270
VR,13552,ZOLVIS 80 SECTOR,395
VR,13560,,926
VR,13560,FORZA,715
VR,13576,,10.5
VR,13576,RAMEPLANT WG,1
VR,13578,RAME CAFFARO BLU WG NEW,240
VR,13579,,470
VR,13581,,52265
VR,13581,ZOLVIS OTTANTA WG,30645
VR,13586,,210
VR,13586,VERDERAME 20 WG,10
VR,13592,,597
VR,13592,VOLARE,3115
VR,13600,,12950
VR,13604,,20550
VR,13637,,231
VR,13637,PERGADO F,1240
VR,13648,SIARAM 20 WG,5
VR,13689,,68
VR,13689,FLINT MAX,92
VR,13693,BACILLUS CHEMIA,203.4
VR,13698,,300
VR,13698,VIVANDO,1518.5
VR,13700,ATLANTIS PRO,945
VR,13701,,46.2
VR,13711,,1949
VR,13714,,1490
VR,13716,CAPTAN ARVESTA 80 WG,780
VR,13736,TRACE,12.75
VR,13741,,515
VR,13741,SELECTA DISPERSS,836
VR,13753,,80
VR,13753,GAL-GONE,187
VR,13763,,280
VR,13771,,2288
VR,13771,NIMROD 250 EW,2879
VR,13782,DOURO 10 WG,598
VR,13789,PRIMERO,4
VR,13792,STABILAN,598
VR,13796,CELL,160
VR,13809,,72220
VR,13809,FORCE ULTRA,96053
VR,13823,,155
VR,13823,ALVERDE,1150.5
VR,13838,,20
VR,13838,XEDAVIR,200.25
VR,13841,,1167
VR,13841,FOCUS ULTRA,5335
VR,13856,COPRANTOL TRIO,23
VR,13888,,5911
VR,13888,FANTIC F NC WG,12035
VR,13895,,7280
VR,13895,SAVIRAN STAR,90
VR,13899,DAUPHIN 45,102
VR,13905,,3683
VR,13905,BANJO,3944
VR,13925,,56.5
VR,13925,BOGARD,1.5
VR,13926,SPONSOR,36.5
VR,13927,ZAMIR 18,324
VR,13930,MARINS 200 CLASS,100
VR,13981,,561.8
VR,13981,CORAGEN,1080.45
VR,13983,,134
VR,13983,HUSSAR MAXX PRO,175
VR,13998,,143
VR,13998,PYRUS 400 SC,4
VR,14018,BASIC,174
VR,14034,,4380
VR,14044,,102
VR,14044,JOKER 480,27
VR,14058,,1885.25
VR,14058,FEINZIN 70 DF,1321.25
VR,14061,TRIANUM-P,3061.5
VR,14062,,2992
VR,14062,ZOXIUM 240 SC,3957
VR,14091,APHOX,1
VR,14100,,85
VR,14100,KANEMITE,257
VR,14101,,648
VR,14101,CARAMBA,391
VR,14102,,31315
VR,14102,BORDOFLOW NEW,20463
VR,14119,,1080
VR,14119,VISIR PENCOTECH,131
VR,14122,KATAR,44
VR,14128,,135
VR,14128,ZIGNAL,309
VR,14136,,25
VR,14136,OBERON,65
VR,14137,,93.8
VR,14137,ALTACOR,444.8
VR,14154,PIRETRO ACTIGREEN,645.1
VR,14155,,480
VR,14165,,5213
VR,14165,NANDO MAXI,12100
VR,14169,,115
VR,14169,PERGADO R,10
VR,14178,,130
VR,14178,TRI-BASE,30
VR,14182,,488
VR,14182,ARES 25 WG,2641
VR,14193,,37.5
VR,14193,SARMOX 45 DG,378
VR,14195,,1605
VR,14195,KENDO WITH ZEON TECHNOLOGY,1
VR,14204,75A,30
VR,14210,,1652
VR,14210,EVURE PRO,558.5
VR,14214,RAPSAN 500 SC,83
VR,14232,CYTHRIN MAX,20.5
VR,14245,THIRAS,98.75
VR,14262,,20.9
VR,14262,GREENEX NF,151.25
VR,14294,,39.2
VR,14294,EXECUTIVE,13.7
VR,14323,BELPROMEC,2
VR,14336,NEMATHORIN 150 EC,77
VR,14375,,177
VR,14375,LION 5 EC,144
VR,14380,CLORMET,64
VR,14387,NERVURE SUPER,5
VR,14390,,440
VR,14390,BOOM EFEKT,8626
VR,14405,,2
VR,14406,,67.5
VR,14406,LEIMAY,552.75
VR,14407,,16.13
VR,14407,RUNWAY,19.5
VR,14409,,8447
VR,14409,MOVENTO 48 SC,6796
VR,14414,,1
VR,14414,DUSTY,7.5
VR,14418,PULSAR 40 SL,335
VR,14431,,119
VR,14431,LENTAGRAN 45 WP,599
VR,14440,SOLAR 360,11690
VR,14479,,9380
VR,14479,SCHERMO 0.5 G,44159
VR,14523,CARPO 600,215.5
VR,14527,SUDOKU TOP,12
VR,14533,GIBER GOBBI 20,0.65
VR,14547,BAC MK,114
VR,14559,,511
VR,14559,AGREE WG,290
VR,14577,,30
VR,14577,FORUM R 3B,381
VR,14582,,1
VR,14629,GAT TESSLA 25 WG,4
VR,14636,,4568
VR,14636,BIOLID UP,3812.5
VR,14642,,8564
VR,14642,RIDOMIL GOLD R WG,12145
VR,14660,BTK 32 WG,150
VR,14664,,1.42
VR,14664,BERELEX 40 SG,4.17
VR,14679,CHEMOL PLUS,1
VR,14683,,5.15
VR,14683,BERMERAX,0.07
VR,14686,,605
VR,14686,KOCIDE OPTI,985
VR,14697,,4116
VR,14697,ENERVIN DUO,2578
VR,14699,,320
VR,14699,GEOXE,399
VR,14708,DACUS TRAP,139
VR,14709,,3.42
VR,14709,ISOMATE A/OFM,48609.41
VR,14728,CELIO,28
VR,14735,,702.5
VR,14735,RANMAN TOP,610
VR,14737,,6380
VR,14737,ROUNDUP PLATINUM,11988
VR,14764,,90
VR,14764,SLUXX HP,275
VR,14765,,88
VR,14765,ELUMIS,127
VR,14769,COMET 250 EC,15
VR,14785,DRISCOLL,5.1
VR,14794,,40
VR,14794,AVALON SC,1225
VR,14801,,498
VR,14801,ADMIRAL GOLD,548
VR,14812,,485
VR,14812,ENERVIN TOP,373
VR,14830,CUPROFIX ULTRA DISPERSS,135
VR,14836,BARBARIAN BIOGRADE 360,690
VR,14837,TARTAN,9601
VR,14838,,81
VR,14838,BARCLAY GALLUP BIOGRADE 360,953
VR,14845,,1
VR,14845,MYSTIC PLUS S,109
VR,14846,AVALON 250 EW,796
VR,14867,,74
VR,14867,SYNERO,105
VR,14869,CUPROBEL HYDRO,4210
VR,14872,,677
VR,14872,BELLIS DRUPACEE,334.5
VR,14876,,154
VR,14876,GRANDSTAND,16
VR,14879,,5.65
VR,14879,LONTREL 72 SG,16.55
VR,14884,,1994
VR,14884,CORUM,4182
VR,14891,,10
VR,14891,TRICO,155.5
VR,14897,,20
VR,14897,FLUROSTAR 200,253
VR,14913,BIOTRIX,60
VR,14916,SILWET SPRINTEX,37
VR,14918,,197
VR,14918,RIVIOR,322.9
VR,14920,,350
VR,14920,ZOLFO 80 WP ZOLFINDUSTRIA,2665
VR,14930,AFRATRIN,109
VR,14935,,638
VR,14935,TIMELINE TRIO,829
VR,14936,,345.5
VR,14936,AMPLIGO,226
VR,14938,DEDICATE,0.25
VR,14940,,55.9
VR,14940,TAKUMI,59.25
VR,14944,,60
VR,14944,FLUXYR 200 EC,867
VR,14967,,115
VR,14967,TIPTOR ULTRA,659
VR,14969,,40
VR,14969,HOPPER 480,40
VR,14972,,45
VR,14972,DICARZOL 50 SP,219
VR,14980,,81
VR,15005,,351
VR,15005,FONTELIS,280
VR,15013,NATRIA LUMACHICIDA,111
VR,15023,,20
VR,15023,DERREX,1240
VR,15037,,49
VR,15037,BREZZA,472
VR,15039,,28
VR,15047,,140
VR,15047,R6 ERRESEI BORDEAUX WG,742
VR,15048,,382
VR,15048,MOXYL 45 WG,235
VR,15049,,2
VR,15051,,2060
VR,15051,KYLEO,7625
VR,15052,,82
VR,15052,KAIMO SORBIE,641.7
VR,15056,,30
VR,15056,TOMCATO,1427
VR,15058,,21
VR,15058,PRINCIPAL MAIS,79.2
VR,15059,,4127
VR,15059,DECIS EVO,4843.5
VR,15062,,2636
VR,15062,PIRAMAX  EC,879
VR,15063,NIMBLE,64
VR,15071,,138
VR,15071,EVOLUTION,501
VR,15083,AUDACE,295.5
VR,15084,DRUM,11
VR,15085,VITISAN 45 WG,0.5
VR,15089,MARKER DUO,20
VR,15096,,5
VR,15096,GLIPHOGAN TOP CL,1140
VR,15100,NECTAR PLUS,224
VR,15101,CIMORAM ULTRA WG,4
VR,15102,CURZATE ERRE EVO,15
VR,15111,MIRADOR SC,513
VR,15114,MACCANI,21
VR,15115,,10345
VR,15115,PROSPER 500 EC,462
VR,15116,ELIOS R,24
VR,15120,,10830
VR,15122,,6
VR,15122,ACTELLIC 50 NEWPHARM,102
VR,15124,ZANTARA,15
VR,15125,,6
VR,15130,,722
VR,15130,INTREPID,974
VR,15142,,1029
VR,15142,ALCANCE SYNC TEC,6885
VR,15149,,25300
VR,15149,COSAVET DF EDGE,72540
VR,15198,,457
VR,15198,AZBANY,1034
VR,15199,SAKURA,3480
VR,15201,,182
VR,15201,FLOXY 400 SC,418
VR,15221,ZETARAM PLUS,152
VR,15222,FOLICUR COMBI WG,11
VR,15229,,1745
VR,15229,STOPPER P,55
VR,15232,CUSTODIA ULTRA,9
VR,15235,,840
VR,15235,MOMENTUM,4.5
VR,15250,COPRANTOL DUO,25
VR,15251,,270
VR,15251,AIRONE LIQUIDO,10344
VR,15253,,277
VR,15253,FALCON MK,9
VR,15263,,481
VR,15263,DYNALI,1
VR,15264,,2535
VR,15264,ENERVIN SC,7201
VR,15265,,1265
VR,15265,PROMAN FLOW,2053
VR,15266,,1470
VR,15266,QUARTET,4000
VR,15267,,26
VR,15267,KUSABI,11
VR,15275,DURAVIS,1106
VR,15279,VARGAS,225
VR,15281,MICROMEGAS,43
VR,15288,OCEAL,5
VR,15291,TURFENE PLUS,53.5
VR,15294,,926
VR,15302,,2265
VR,15302,AMYLO-X,3385
VR,15307,,773.5
VR,15307,DEDALUS 25 WDG,149
VR,15313,THIAMON FLOW,2780
VR,15315,,346
VR,15317,,18008
VR,15317,SESTO GOLD,471
VR,15326,,570
VR,15326,CUPROTEK DISPERSS,50
VR,15330,PINDARUS 25 WDG,322
VR,15331,,578
VR,15331,ZEFIR 25 WDG,599.5
VR,15335,,16
VR,15335,U 46 ULTRA,323
VR,15337,,30.7
VR,15337,EXPRESS,4.8
VR,15344,,14
VR,15344,FILAN WG,302
VR,15346,,586.25
VR,15346,FLEXITY,38
VR,15348,,310
VR,15348,RIDOMIL GOLD R LIQUIDO,5593
VR,15349,,297
VR,15349,ARES 430 SC,669
VR,15356,,10
VR,15358,,1520
VR,15358,ZOLFO FLOW MCT,7100
VR,15363,,421
VR,15363,MEDEIRO 80 WG ADVANCE,3963
VR,15365,RAME ZOLFO FLOW MCT,30
VR,15371,,12
VR,15375,NIC 4,20
VR,15378,,44
VR,15378,TRAXOS PRONTO 60,149
VR,15379,,249
VR,15379,AXIAL PRONTO 60,183
VR,15384,,1521
VR,15384,LUNA EXPERIENCE,1480
VR,15386,TRACER FLY,2
VR,15389,,7630
VR,15389,FLARE GOLD R WG,90
VR,15398,KAMIKAZE,45
VR,15401,,2215
VR,15401,TAIFUN MK CL,17425
VR,15402,,500
VR,15402,DELTASAP,1286
VR,15405,,1720
VR,15405,SHAMAL MK PLUS CL,151
VR,15409,,32
VR,15409,DECISION,799.5
VR,15410,DECA,633
VR,15411,DISHA,60
VR,15416,,143
VR,15416,DIZOLE,105
VR,15417,DITTO,20
VR,15419,ELECTIS R FLOW,929
VR,15422,,0.9
VR,15422,TITUS DUO,67.5
VR,15433,ATLAS,1213
VR,15434,,7235.46
VR,15434,RAK 2 MAX,211.17
VR,15436,MYCOTAL,758.5
VR,15438,SANMITE 10 SC,78
VR,15448,,1830
VR,15448,REBEL TOP,1596
VR,15449,,4466
VR,15449,CIDELY,1783
VR,15468,ACASTA,16
VR,15483,WISH,17
VR,15491,,329.5
VR,15491,SWORD UP,1713.5
VR,15493,SIMUN 40 OD,2
VR,15494,DELSTAR,12
VR,15499,,55
VR,15499,SONG 70 WDG,94
VR,15507,,8
VR,15507,CREW SUPERB,1558
VR,15513,,1561
VR,15513,OSSICLOR 35 WG GREEN,8363
VR,15514,CUPRAVIT BLU 35 WG,11
VR,15515,,700
VR,15534,PREVINT DUO,350
VR,15536,,1489
VR,15536,ANTAL,1117
VR,15537,,263
VR,15537,DELTAGRI,698
VR,15543,,168
VR,15543,LUMACHICIDA FER PFNPE,415.75
VR,15546,,1092.9
VR,15546,BIATHLON 4D,119.65
VR,15549,,1291
VR,15549,PROLECTUS 50 WG,487
VR,15550,,908
VR,15550,MERLIN FLEXX XTRA,66
VR,15553,,449.97
VR,15553,REGALIS PLUS,397.5
VR,15554,PROMANAL NEU,10
VR,15566,,1179
VR,15566,VISION PLUS,405
VR,15574,,485
VR,15574,KARMA 85,1060
VR,15576,CLERANDA,5
VR,15583,,388
VR,15583,PIRAT,535
VR,15586,TOPNET,148
VR,15589,KARDA,2286
VR,15597,CHECKMATE PUFFER CM,19.83
VR,15598,,694
VR,15598,CARPOVIRUSINE EVO 2,1430
VR,15610,,2
VR,15610,CYPERKILL 50 EC,20
VR,15612,,21.15
VR,15612,SEMPRA,69.5
VR,15621,BOTTO 50 EC,3
VR,15629,,150
VR,15630,,150
VR,15630,CARSON 45% WG,285.5
VR,15633,REVUS TOP,244
VR,15635,,1887
VR,15635,ADENGO XTRA,3288
VR,15640,,271
VR,15653,MULTI,114
VR,15654,ACCORD,1112
VR,15655,KEETON 25 WG,273
VR,15661,SENEGO,2.5
VR,15662,LESTRA,0.4
VR,15663,CUPRAVIT 35 WG,1020
VR,15664,KORING 25 WG,100
VR,15665,,136
VR,15665,KEMPO SORBIE,66
VR,15674,AMADEUS TOP,52.65
VR,15678,,2
VR,15680,MITHRA 40 SC,331
VR,15689,,33
VR,15689,DIFENZONE,54
VR,15693,LISTEGO,1
VR,15710,,505
VR,15710,CLINCHER ONE,1041
VR,15712,,20745
VR,15712,SATELITE,29472
VR,15713,DIABLO SC,3
VR,15715,VIDERYO F,2735
VR,15718,,0.25
VR,15718,GRANSTAR TRIO,1
VR,15722,,130
VR,15722,ARMICARB 85,1040
VR,15725,DUAXO,2
VR,15736,KOPRON 35 WG,450
VR,15741,,140
VR,15741,AVADEX FACTOR,780
VR,15743,TWINGO,400
VR,15744,REBOOT,585
VR,15748,,2085
VR,15748,SYLLIT 544 SC,653
VR,15752,,293
VR,15752,CIDELY TOP,385
VR,15754,SHARPEN 33% EC,385
VR,15759,,6.25
VR,15769,,1808
VR,15769,MERO,24
VR,15779,ABANTO,5
VR,15780,OSSICLOR 50 PB GREEN,120
VR,15790,,1190
VR,15790,AMISTAR TOP,1440
VR,15806,,861
VR,15806,ONYX,118
VR,15808,,499
VR,15808,CYMBAL FLOW,1444
VR,15831,,440
VR,15831,VACCIPLANT,128
VR,15834,,6
VR,15834,TRACER 120,6
VR,15836,,16
VR,15836,RATRON GW,310
VR,15837,,31.4
VR,15837,RATRON GL,63
VR,15838,,350
VR,15838,ROUNDUP ULTRAMAX,830
VR,15839,MAXCEL 2 SL,6
VR,15847,MAKURI,6
VR,15869,,13237
VR,15869,OPTIX STAR DISPERSS,4964
VR,15870,CLIOPHAR 600 SL,4.6
VR,15876,LEGADO,55
VR,15886,,20
VR,15886,METAREX INOV,176
VR,15888,AZOX 25 SC,9
VR,15890,,4.8
VR,15890,CURZATE 60 WG,156.8
VR,15893,GIAGUAR SL,0.15
VR,15897,ALFIL WG,80
VR,15900,,21270
VR,15900,TRIKA EXPERT,20510
VR,15901,,22720
VR,15901,ERCOLE,41292
VR,15907,,6
VR,15907,PRESIDIUM ONE,61
VR,15910,KARAKAS,12
VR,15911,,1248
VR,15911,SPIROX,1946
VR,15915,,357
VR,15915,STARANE HD,56
VR,15926,,2260
VR,15926,MOJANG 600,3846
VR,15948,,895
VR,15948,SINSAJO,475
VR,15961,RETENGO NEW,31
VR,15990,,892.7
VR,15990,SCIROCCO 125 EW,223.1
VR,16007,,1902
VR,16007,REWARD,2119
VR,16023,DIMBO 480 SL,328
VR,16027,,900
VR,16027,METOMOR F,3200
VR,16032,,283
VR,16032,RADAR 10 EC,83
VR,16033,HEREU SC,124
VR,16034,,26
VR,16034,DOURO 100 EC,1113
VR,16035,THEOREM,6
VR,16036,PIRECRIS,20
VR,16037,MOJANG TX,385
VR,16038,,31
VR,16038,CABRIO WG,32
VR,16041,BATTLE DELTA,1
VR,16042,,2
VR,16042,TOSCANA,0.02
VR,16050,,8
VR,16050,RADIANT SC,2.75
VR,16051,,455
VR,16051,LENNS,65
VR,16054,,157
VR,16056,,69.5
VR,16056,SARACEN,2.25
VR,16059,INFISS,12
VR,16063,ARIGO,1.65
VR,16064,CREDIT 540,37280
VR,16066,,248.75
VR,16066,RADIANT PRO,123
VR,16068,,12836
VR,16068,FOLDER 80 WG,10003
VR,16074,,515
VR,16074,GLORIAL 25 EC,1269
VR,16076,,257
VR,16076,SOLIS,690
VR,16083,STIKER FLOW,17.5
VR,16084,,216.5
VR,16084,BREVIS,33
VR,16085,,3.66
VR,16086,,0.25
VR,16089,BUGUIS,105.84
VR,16092,,113
VR,16092,CICLOPE,928
VR,16098,,17
VR,16098,NIBER 70 DF,59
VR,16101,TOPAS COMBI LIQUIDO,1838
VR,16104,,158
VR,16104,ELECTIS TRIO WDG,851
VR,16126,FLANCO SC,4.4
VR,16132,,8.4
VR,16132,HELM SURFER PLUS,3.2
VR,16140,,1282
VR,16140,ALMADA F,1184
VR,16142,,41
VR,16142,MINECTO ALPHA,144.5
VR,16149,,1
VR,16161,,50
VR,16161,CENTURY SL,233
VR,16167,,2
VR,16167,MARACANA,206
VR,16170,,2630
VR,16170,TRICUP FLOW,990
VR,16171,,8.4
VR,16171,HADDEN,1.6
VR,16178,,39960
VR,16179,FOLLOW 80 WG,1830
VR,16181,DELTAMIX 25,490
VR,16182,CLICK PRO,90
VR,16187,TANGO R PLUS,3817
VR,16191,,104
VR,16191,TRIMAXX,296
VR,16194,,432
VR,16194,ETRAVON PRO,143
VR,16197,COPPERFIELD 17 WG,2930
VR,16199,CUPRORAM 35 WG BLU,320
VR,16200,,800
VR,16200,CUPRORAM 35 WG NC,2625
VR,16204,,162
VR,16205,,525
VR,16205,IDROX 20,530
VR,16208,,1
VR,16221,,65.5
VR,16221,MADEX TOP,49.8
VR,16224,,470
VR,16224,CUPRORAM 37.5 WG,730
VR,16226,,955
VR,16227,,5
VR,16235,,1550
VR,16235,KEYFOL WG,2063
VR,16237,,4775
VR,16237,GOLBEX WG,2369
VR,16242,CAPTAIN 80 WG,400
VR,16247,CUPROBEL OXY,4310
VR,16248,,440
VR,16248,FERREX,52
VR,16249,,12
VR,16249,CARDINAL 50 WG,69
VR,16251,,3206
VR,16251,AFFIRM OPTI,4413
VR,16252,AMISTAR GOLD,185
VR,16259,LABEL 70 DF,1.75
VR,16261,,50
VR,16261,BELOUKHA,10092
VR,16271,,10
VR,16271,FRESCO,580
VR,16273,,1939.5
VR,16273,SIVANTO PRIME,4193.75
VR,16277,,4370
VR,16277,ALMADA 50 SC,4678
VR,16279,,300
VR,16279,ERCOLE GR,1440
VR,16280,,200
VR,16280,ALMADA HYDRO,2050
VR,16283,QUANTUM R-OK,31
VR,16285,,403
VR,16285,KALIMBA,244
VR,16287,,231
VR,16287,SOLIGOR,864
VR,16288,,5611
VR,16288,AMPEXIO,508.75
VR,16293,,117
VR,16293,PACLOT NEW,57
VR,16295,RAPAX AS,113
VR,16296,,1323
VR,16296,PERGADO D,5
VR,16299,,1762
VR,16304,KALTOR,12
VR,16305,BONZI,1
VR,16312,,186
VR,16312,TOMIGAN,43
VR,16313,OMNERA   LQM,132
VR,16314,ZOXIS 250 SC,775
VR,16317,,8375
VR,16317,INSECTOIL KEY,100
VR,16322,PENNY,150
VR,16323,PENDIWIN,67
VR,16325,,24567.5
VR,16325,EPIK SL,32819.75
VR,16335,,18734
VR,16335,LIETO SC,24051
VR,16336,,459
VR,16336,DELAN SC,172
VR,16354,SHARDIF 250 EC,1069
VR,16361,FULL 80 WG,10
VR,16362,,540
VR,16363,,853
VR,16363,SIRTAKI,1854
VR,16364,,5869
VR,16364,BISMARK,5808
VR,16369,,64
VR,16369,ORTIVA TOP SC,124
VR,16376,PROXIMO,118
VR,16379,,133
VR,16379,PREV-AM PLUS,4017
VR,16381,CALLICORE,738
VR,16384,,1175
VR,16384,ELATUS ERA,107
VR,16385,,154.5
VR,16385,ELATUS PLUS,237.25
VR,16387,HERBITOTAL CL,845
VR,16395,,16
VR,16395,MOHICAN 500 SC,166
VR,16396,TEMSA 100,6
VR,16403,CAPITAL SH,2380
VR,16410,AVENGER,635
VR,16415,,9.7
VR,16415,MADEX TWIN,2
VR,16416,,10
VR,16416,FENOTRIX 300 SC,10
VR,16419,BENTADOR,55
VR,16422,SPIROSTAR,697
VR,16423,CORDOBA,161
VR,16425,,397
VR,16425,LAISER 120SC,14
VR,16425,LASER 120,59
VR,16425,LASER 120 SC,20
VR,16427,,1940
VR,16433,,78
VR,16433,FLINT RISO,81
VR,16438,,789
VR,16438,VELUM PRIME,1456.5
VR,16439,,632.8
VR,16439,CHECKMATE PUFFER LB,261.26
VR,16442,,220
VR,16442,PROFILER,1351
VR,16442,PROFILER WG 71.11,424
VR,16448,,139
VR,16448,NEALTA,211
VR,16455,GRIMS 10,17
VR,16457,,16760
VR,16457,POLTIGLIA 20 WG GREEN,24026
VR,16461,CENTURION 240 NEO,1331
VR,16470,COLUMBO 0.8 MG,12
VR,16472,,52
VR,16474,,16.1
VR,16474,MATSUDA 25 WG,4.3
VR,16477,RIVAL,31
VR,16480,,6147
VR,16480,3LOGY,2677.5
VR,16481,,8164.41
VR,16481,CALLISTO 480,535.5
VR,16485,,49
VR,16485,ROMULAN,196
VR,16492,,140
VR,16492,VASCO,973
VR,16498,,77
VR,16500,TRIBAL,0.5
VR,16501,,19
VR,16501,INSTRATA ELITE,7
VR,16506,FORZANET 75,1.06
VR,16509,,165
VR,16509,IBISCO,503
VR,16510,,43.6
VR,16510,ISONET T,0.86
VR,16523,,10.08
VR,16523,MISTER C,4.94
VR,16527,,94
VR,16527,TELLUS WP,43
VR,16531,TEMPORIS STAR,4
VR,16532,ROSBAY,12
VR,16538,,255
VR,16538,KITAMBA,9
VR,16542,LAOTTA,196
VR,16543,AuRam Idro 22 HiBio,580
VR,16545,,2120
VR,16545,COPRANTOL HI BIO 2.0,2220
VR,16552,,5.33
VR,16552,ISONET L A PLUS,0.17
VR,16558,,8
VR,16558,CARPOVIR,23.5
VR,16562,,36395
VR,16562,DELAN PRO,20905
VR,16563,,5
VR,16563,DOROTRIN 25 EC,3320
VR,16565,,163.6
VR,16565,EXECUTIVE GOLD,5.6
VR,16566,KUPPER 20 WG,250
VR,16567,,1090
VR,16570,,32
VR,16570,SENCOR 600 SC,93
VR,16572,,0.24
VR,16572,DAKOFAKA,232.48
VR,16573,FIGHTER,208
VR,16577,,204
VR,16577,U46 COMBI DUO,427
VR,16580,,440
VR,16580,VIPER ON,1260
VR,16596,SANIUM SL25 PFNPE,130.6
VR,16597,,492
VR,16597,SANIUM SL25 PFnPO,0.96
VR,16598,,140
VR,16598,SANIUM AL PFNPE,187.66
VR,16606,PHYTO SARCAN,1055
VR,16607,,10
VR,16607,VEXTAMITRON 700 SC,1710
VR,16609,,5660
VR,16609,SAVIAL FORTE,2290
VR,16616,,596
VR,16616,VALLEY,1103
VR,16618,COLZA POWER PFNPE,35.55
VR,16624,,138
VR,16625,,1.4
VR,16625,MAINSPRING,0.6
VR,16630,NATUREN LIMEX PFNPE,1846.75
VR,16632,,145
VR,16632,LUNA SENSATION,221
VR,16640,MAZA 4% SL,6
VR,16641,,247
VR,16641,RINIDI,10.56
VR,16643,,2508
VR,16643,SUCCESS GR,1776
VR,16654,,18
VR,16654,POLYVERSUM,32.5
VR,16657,,10585
VR,16657,CENTURY PRO,23180
VR,16658,,401
VR,16658,DAGONIS,2558
VR,16660,,141
VR,16660,ACTLET C,5454
VR,16663,,54
VR,16663,ACTLET F,4439
VR,16667,,6884
VR,16667,REVOLUTION,13627
VR,16690,,4374.5
VR,16690,KESTREL,4413.25
VR,16691,GRASSROOTER,48
VR,16694,,145
VR,16694,CHANON,403
VR,16699,,4.1
VR,16699,RIMURON,1.1
VR,16701,,21.4
VR,16701,PLAZA,13.4
VR,16732,,109
VR,16732,TUSAL,42
VR,16734,T34 BIOCONTROL,39
VR,16735,,4.2
VR,16735,LOBETEC,0.92
VR,16740,RED FOX,20
VR,16742,,20
VR,16742,NEMGUARD SC,13
VR,16744,JOYSTICK,0.2
VR,16749,,13305
VR,16749,FOLPAN ENERGY,6075
VR,16751,,40
VR,16751,REQUIEM prime,340
VR,16754,SIMBA,26
VR,16756,SUDOKU ULTRA OD,15
VR,16763,,270
VR,16771,PIXXARO,1
VR,16772,,76
VR,16772,AMYLO X LC,94
VR,16774,,0.23
VR,16776,,964.25
VR,16776,ASSET FIVE,2038.5
VR,16779,,10
VR,16779,TONALE,2594
VR,16780,,190
VR,16780,SERENADE ASO,2190
VR,16783,,3445
VR,16784,CUPROBEL TRI,390
VR,16785,GOLDWIND,12.4
VR,16787,,14471
VR,16787,CLINIC ST,13486
VR,16789,TESSIOR,115
VR,16790,,1105
VR,16790,NORDOX ENERGY,1242
VR,16792,PROFILE PLUS,112
VR,16793,NIMBUS 250 EC,22
VR,16797,DEMETRINA 25 EC,2
VR,16802,,183
VR,16802,ZYPAR,2547
VR,16813,,39.2
VR,16816,,138
VR,16816,EXALT 25 SC,826
VR,16818,FLUAZINOVA PLUS,2470
VR,16819,,809
VR,16819,NATUR BREAKER,480
VR,16820,,1464.01
VR,16820,VALIANT FLASH,5922
VR,16828,,114
VR,16828,MAKURI MAX,149
VR,16829,ARITO,1
VR,16831,GLIFENE BIOGRADE,18424
VR,16832,MARKATE PLUS 100 CS,243
VR,16833,,140
VR,16833,PANTOX 360 SUPER,8330
VR,16835,,62
VR,16835,RAVANE PLUS 100 CS,86.5
VR,16836,STALLION IT SYNC,910
VR,16837,CONTOR,7.4
VR,16841,,20780
VR,16842,,10
VR,16842,CUPRAVIT BIO ADVANCED,12442
VR,16843,,21671
VR,16843,COPPERLAND NEW,60
VR,16846,,303.9
VR,16846,VESTICOR,572.8
VR,16857,SHORTTRACK,32
VR,16858,,52
VR,16858,KENJA,99
VR,16867,,1522
VR,16867,GLISTER STAR,3072
VR,16868,,1
VR,16870,DISCO,253
VR,16882,,79
VR,16882,PROPULSE,50
VR,16886,,725
VR,16886,CLOSER,959
VR,16889,ELECTIS ZR WDG,45
VR,16891,CAPRENO,3
VR,16895,,80
VR,16895,ZORVEC ENICADE,36.45
VR,16896,,35
VR,16896,ZORVEC ZELAVIN,0.6
VR,16897,,50
VR,16902,,161
VR,16902,AVIATOR XPRO,112
VR,16904,KIDEKA 100 SC,714
VR,16906,,5
VR,16906,GHIBLI PLUS,277
VR,16916,BUGGY G,106
VR,16917,LOGRADO PLUS,1243
VR,16921,PROBEL 1.8,195
VR,16925,WISH TOP,919
VR,16939,SARUMO,712
VR,16945,,30.5
VR,16945,SERCADIS,269.4
VR,16946,,300
VR,16946,DARAMUN,125
VR,16947,,15
VR,16947,BRIONFLO 100 SC,280
VR,16950,,703
VR,16950,MANAMID 100 SC,2611
VR,16951,,70
VR,16951,ESQUIVE WP,476
VR,16957,,726
VR,16957,ZORVEC VINABRIA,3341
VR,16958,PROLIANT,3.8
VR,16963,AVENOX 240,21.5
VR,16968,,150
VR,16968,PENDINOVA,10
VR,16976,,3305
VR,16976,VITIKAPPA,3852.5
VR,16988,,770
VR,16992,SPARROW,20.5
VR,17003,,1999
VR,17003,PRIAXOR,52
VR,17005,CLOMATE,449.5
VR,17006,,66
VR,17006,MONCUT,493
VR,17007,ERADICOAT,130
VR,17008,LALGUARD M52 OD,48
VR,17014,,91.8
VR,17014,DELEGATE WDG,497.8
VR,17023,RIVIERA R WG,390
VR,17026,,805
VR,17038,,401
VR,17038,TUAREG NEW,3760
VR,17058,,50
VR,17058,ROMEO,331
VR,17059,VINTEC,1.6
VR,17063,CHRYZOTOP VERDE 0.25%,8.4
VR,17065,KAURITIL ULTRA WG,1755
VR,17066,,309
VR,17066,PRAXIM,1051
VR,17075,,1859.75
VR,17075,MOVIDA,1504.38
VR,17076,,913
VR,17076,GAZELLE,1376
VR,17077,,39.5
VR,17078,,2949
VR,17078,QUANTUM L,2562
VR,17079,,120
VR,17079,FORCE EVO,5230
VR,17081,CUPROSSIL IDRO NEW 20 WG,1730
VR,17089,DIMEFOL,1240
VR,17091,,2050
VR,17091,CHAMP 20 WG,9850
VR,17094,ANTHEM EKO,43
VR,17099,ZAKEO 250 SC,10
VR,17107,,1594
VR,17107,SPYRIT 50 SC,1393
VR,17111,,5
VR,17112,,482
VR,17112,DIFCOR,200
VR,17115,,918
VR,17115,ZETROLA,1466
VR,17116,,258
VR,17116,ACTIVUS ME,1379
VR,17118,,9
VR,17119,SQUARE EC,4
VR,17121,,1
VR,17122,IDROX 25 WG,2400
VR,17125,,64
VR,17125,LOCK UP,54
VR,17128,JURA EC,450
VR,17129,,10250
VR,17129,COSAVET FLOW,1140
VR,17136,IRAM 20 WG,400
VR,17140,POMAX SC,10
VR,17142,AUGET WP,512
VR,17149,,256
VR,17164,,316
VR,17164,ORVEGO,11
VR,17165,WASAN,53
VR,17170,BELKAP EXTRA,52
VR,17178,,719
VR,17178,TOTAL GREEN L,565
VR,17188,,1
VR,17193,,4
VR,17194,DICARINI,139.04
VR,17195,MAIZIUM,10.12
VR,17196,THRIMAZ,41.32
VR,17203,PENDI 40,233
VR,17203,PETANCK SC,428
VR,17204,,953
VR,17204,CYPRUS 25 WG,820
VR,17205,CIDIAL,176
VR,17209,,107
VR,17209,DAVAI,729
VR,17211,,63
VR,17211,GENKOTSU,366
VR,17212,,42
VR,17212,ISERAN,2222.85
VR,17217,,0.75
VR,17217,ARMICARB,18
VR,17217,ARMICARB SPRAY PFNPE,225.75
VR,17224,EkoOil S,260
VR,17234,MAYA 70 WG,601.5
VR,17242,,45
VR,17242,NEXTER 10 SC,2
VR,17248,,2793
VR,17248,ZORVEC VINABEL,2223
VR,17254,,39.8
VR,17254,SIAGRAN ULTRA,8.1
VR,17261,POKER GEO,20860
VR,17264,ZOLFO LIQUIDO 80 SC,150
VR,17265,FILDER 500 SC,3
VR,17266,DELTAKILL EC,104
VR,17268,,966
VR,17268,KUKI 70,695
VR,17270,ASCRA XPRO,629
VR,17272,,517
VR,17272,SERIFEL,951.5
VR,17273,,0
VR,17273,FLYPACK DACUS TRAP,0.01
VR,17275,NOTO CLASS,5
VR,17278,,274
VR,17278,KIDEKA,180
VR,17281,PETALIN,48
VR,17284,RODEO PLUS,17050
VR,17292,,150.21
VR,17292,BIOOtwin L,45.1
VR,17293,DIAGONAL,946
VR,17294,ZORVEC EPICALTRIN,39.6
VR,17304,KAN-DOO,3
VR,17306,HIGHTOP,1
VR,17311,VINIFOL WDG,25
VR,17317,,521
VR,17317,NABUCCO,681.75
VR,17319,,92
VR,17319,FOXPRO,177
VR,17320,SENIOR 75 WG,274.5
VR,17323,CONTENDER 800,3208
VR,17325,BUTIK,7
VR,17326,BELEM PRO,612
VR,17327,SHERPA 0.8 MG,7788
VR,17329,RHIZOPON AA POLVERE 1%,2
VR,17333,V10,8.8
VR,17337,,9
VR,17337,VANGUARD,216
VR,17343,ALTER 80,25
VR,17344,DIPIRIL,68
VR,17345,ARPEL WG,24
VR,17346,,52
VR,17346,EXOSET 240 EC,3040
VR,17350,,245
VR,17350,SONATA,2710
VR,17353,,9
VR,17353,KAMBA 480 SL,284
VR,17354,MURAL 480 SL,33
VR,17355,,4
VR,17358,BLAISE ULTRA,21
VR,17360,,7933
VR,17360,MAGO,15015
VR,17366,,135
VR,17366,LOYANT 25 Neo EC,626.8
VR,17368,,3
VR,17368,ALETIL DF,43
VR,17369,ECOMIX,319
VR,17371,,2670
VR,17372,,600
VR,17372,COPRANTOL 30 WG,6384
VR,17377,,11.11
VR,17377,REFINE SX,24.26
VR,17378,,94
VR,17378,GACHINKO,145.8
VR,17387,WARDEN C,30
VR,17388,ACARELTE GOLD,40
VR,17389,,2
VR,17396,ORASO PRO,94
VR,17398,,2659
VR,17398,DOMITREL 400 CS,1225
VR,17402,BOTECTOR NEW,1.2
VR,17403,,15
VR,17403,BLOSSOM PROTECT NEW,30
VR,17407,WINTECH,894
VR,17409,XINTECH 50,247
VR,17410,DRONSAR,47
VR,17411,ATONIK,5
VR,17421,,170
VR,17421,AGRIZOLE 250,68
VR,17422,,6735
VR,17422,ENVITA SC,6023
VR,17427,TALISMAN 40 OD,1769
VR,17432,,2566
VR,17432,AGHARTA,31
VR,17435,,17993
VR,17435,RIDOMIL GOLD COMBI WG,18337
VR,17436,,3242
VR,17436,WARDEN F,521
VR,17441,,58
VR,17441,EFFIELD SC,30
VR,17451,,42
VR,17451,TEKKEN,688
VR,17454,,100
VR,17454,ENCARIT,1785
VR,17455,PALIO,38
VR,17461,,2033.67
VR,17461,ORONDIS,377.65
VR,17462,ORONDIS VEG,14
VR,17465,CAMPLAN,23.2
VR,17469,,439.56
VR,17469,TAEGRO,77.15
VR,17470,,6020
VR,17470,LIMOCIDE,2446
VR,17471,,1070.3
VR,17472,,197
VR,17472,JADE,813
VR,17478,EMPIRE,5
VR,17489,BELTHIRUL,130
VR,17496,,766
VR,17496,OPTIMO WG,5
VR,17497,,1315
VR,17497,CALDERA,3040
VR,17502,LINCE,223
VR,17503,BORDOLESE 20,550
VR,17508,,8090
VR,17508,POLYCOM 70 DF,5285
VR,17512,DELTATHRIN,1342
VR,17522,REGNUM 25 EC,169
VR,17524,ALCOBAN,152
VR,17529,MEDOR 70 WDG,65
VR,17531,MEXIL R FLOW,16
VR,17533,WOLFRAM,902
VR,17537,XADION,198
VR,17538,CORTO WG,101
VR,17541,CHANTICO,144
VR,17548,,20
VR,17548,ENELSE,39
VR,17549,,40
VR,17549,SENPAI,166
VR,17551,CYPERFOR 100 EW,4
VR,17552,COLUMBO PRO,480
VR,17557,FLY-OFF,205
VR,17559,,0.07
VR,17572,SUBVERT,62.55
VR,17580,GOLTIX SUPER,35
VR,17586,,203
VR,17586,AXIAL ONE,22
VR,17597,,256
VR,17597,SHINKON,29
VR,17598,,451.5
VR,17598,AFINTO,84.5
VR,17600,,170
VR,17600,INPUL,19
VR,17601,,1080
VR,17601,ANDROMEDA,24
VR,17605,BACK 100 SC,291
VR,17611,POTCLEAN ULTRA 1G,4
VR,17612,,972.99
VR,17612,RABONA,27.75
VR,17631,,1630
VR,17631,GRIFON EXTRA,3650
VR,17632,KOMPASS ULTRA,4760
VR,17634,,57
VR,17634,FRAXION,44
VR,17640,VIRIDIS MIX,35
VR,17642,BUSSOLA WG BLU,1140
VR,17646,,2
VR,17646,JOCOTO 25 WG,1.1
VR,17647,,470
VR,17647,BOLTEX C,870
VR,17650,IRONMAX PRO,25
VR,17651,,1165
VR,17651,METAREX ONE,2440
VR,17655,,184
VR,17656,BIOVIS,26
VR,17660,ACTIGAN EKO,291
VR,17661,,170
VR,17665,,82
VR,17665,PYRUS PRO,55
VR,17666,PROSARO PLUS,1205
VR,17669,NISSORUN PLUS,2
VR,17671,,12
VR,17671,VENZAR SC,102
VR,17675,,0.01
VR,17675,TUTATEC,0.56
VR,17676,,0.05
VR,17677,,149.4
VR,17677,BIOOtwin L+,0.76
VR,17680,,7
VR,17680,GALILEO,2833
VR,17682,CASINO ROYALE,6
VR,17687,,12
VR,17687,ELTIRA,170
VR,17689,,378
VR,17689,MOXYL MK,881.5
VR,17690,VANTEX,1256.5
VR,17692,CURAME 25 WG GREEN,300
VR,17693,,20425
VR,17693,HATTRICK 30 WG,3961
VR,17696,SUPRACAFFARO 30 WG,2200
VR,17697,SUPRACAFFARO FLOW,5509
VR,17698,,9740
VR,17698,ASSORAM ELITE 20 WDG,14033
VR,17699,,2040
VR,17699,IDROX 15,5040
VR,17715,,13
VR,17743,SHALLOW,473
VR,17744,CHOUCAS,198
VR,17746,,184
VR,17746,CLEMATIS,1668
VR,17749,DRONE,198
VR,17751,PRAKTIS,135
VR,17752,,36
VR,17752,STAVENTO,1027
VR,17754,,300
VR,17754,REVYCARE,1161
VR,17760,,103.16
VR,17760,NIRVANA,6.6
VR,17769,VULPIN,43.25
VR,17781,EUSKATEL,4
VR,17782,SUNPOWER,600
VR,17785,,36
VR,17785,ZORVEC ENTECTA,4.5
VR,17797,,118
VR,17797,FENERGY SC,152
VR,17798,BOX,1.5
VR,17803,,90
VR,17804,,735
VR,17804,ESSEN’CIEL,1260
VR,17805,,227
VR,17808,ANTENE S,390
VR,17810,,248
VR,17814,Cheprec,1
VR,17819,,293
VR,17820,,345
VR,17823,,90
VR,17823,BOILER,70
VR,17824,,593
VR,17824,MIRADOR TURBO,353
VR,17826,,566
VR,17826,DOMARK 125 PLUS,1576.75
VR,17834,CELADA LB 400,2.5
VR,17840,,20350
VR,17840,OLIOCIN PLUS,1325
VR,17847,CEDROZ,235
VR,17855,,210
VR,17855,FITOPYR 2EC PRO,28
VR,17863,AFFLANK,20
VR,17865,,1716
VR,17865,RIAMBA,5
VR,17873,,3.86
VR,17873,CELADA VMB 180,12.89
VR,17880,AZULEO,132
VR,17888,,983
VR,17888,VOLIAM,412.3
VR,17891,BLESAL TOP,793
VR,17894,TRIKA ENERGY,3320
VR,17896,FORTUNE DISPERSS,174540
VR,17897,,720
VR,17897,MICRONOL ENERGY,710
VR,17913,,2572
VR,17917,ZORIONA,1002
VR,17920,,51
VR,17920,GHIBLI TM,320
VR,17921,,1256
VR,17922,,456
VR,17923,ARNOS SC,114
VR,17925,,25
VR,17931,,3910
VR,17932,ORO-QUIN,1527
VR,17938,,14205
VR,17938,CLINIC TF,8361
VR,17940,VITIPEC F WG,98
VR,17944,HOKONZA,99
VR,17945,,91.8
VR,17945,LUMEO,864.25
VR,17946,,128
VR,17947,,33.75
VR,17947,CODAL,3638.45
VR,17949,PATRIOT ULTRA,25
VR,17951,,132
VR,17951,AUDACE SC,844.5
VR,17957,,0.1
VR,17961,SOILGUARD 0.5 GR,330
VR,17962,,0.6
VR,17963,,1940
VR,17963,TIOVIT 800 L,6850
VR,17966,,10
VR,17969,MESIMET,5
VR,17971,FUSILADE FORTE,65
VR,17976,MESOCORE 100 SC,31
VR,17979,VELIFER,4
VR,17985,,43.35
VR,17985,KARATETRAP B,0.49
VR,17998,,15140
VR,17999,BIOMAGNET ORO,33.5
VR,18000,,2600
VR,18000,DECIS TRAP DROSOPHILA,0.91
VR,18001,MIKONOS,4611
VR,18003,,1836
VR,18003,CUNEB,3620
VR,18011,OIZISA 480 SL,119
VR,18015,,3.6
VR,18015,MISTER L,20.16
VR,18021,,114.4
VR,18021,PECARI 300,377.65
VR,18022,,451
VR,18023,DAMAN,72
VR,18056,,182
VR,18056,JOUST,36
VR,18070,,478
VR,18070,JANERO 480 SL,18
VR,18072,,200
VR,18072,SONAVIO,11
VR,18074,,9165
VR,18074,ROUNDUP FUTURE,5031
VR,18081,,1199
VR,18081,DIFECOL,933
VR,18082,,449.7
VR,18082,SERCADIS SC,1712.6
VR,18083,,372
VR,18083,LIRONAS,185
VR,18084,,38090
VR,18084,SITRIN,65
VR,18092,,648
VR,18092,REVYSTAR XL,389
VR,18097,MECTINA,10
VR,18103,,294
VR,18103,PALATOR,1353
VR,18109,,301
VR,18109,KASKO MET,1466
VR,18119,,382
VR,18119,SINALA,2040
VR,18121,MIKAL PREMIUM,1680
VR,18125,,0.5
VR,18125,ALLSTAR,32
VR,18126,,242
VR,18126,BOTREFIN Plus,628
VR,18131,MONTANA 450,600
VR,18134,DOMARK CEREALI,135
VR,18137,,8958
VR,18137,REVYSION,7947
VR,18140,STAMPA,41
VR,18143,QUESTAR,30
VR,18145,BOTRYBEL,35
VR,18148,,4620
VR,18148,BUGGY GOLD,13140
VR,18149,EXITUL,1235
VR,18152,,330
VR,18152,NAVIGATOR,8
VR,18153,ERADICOAT MAX,610
VR,18156,APYZA WG,299.5
VR,18158,PAPYRUS GOLD,225
VR,18162,ERUNE,51
VR,18164,EXPLOYO VIT,82
VR,18172,MIKONOS EVO,2380
VR,18181,,440
VR,18181,UNIVOQ,2506
VR,18182,,31350
VR,18182,ZOLVIS 80 ULTRA,29200
VR,18190,MODIF,626
VR,18190,MOTIF,684
VR,18206,,1054.1
VR,18206,ZONGRUUM,547.18
VR,18207,GRAND TOTAL,960
VR,18213,BACILLUS CHEMIA PFNPE,15.18
VR,18216,,9.5
VR,18216,VITIKAPPA PFNPE,147.4
VR,18222,,425.5
VR,18222,FERRAMOL PFNPE,3090.2
VR,18223,NATRIA LUMACHICIDA PFNPE,566
VR,18224,,175
VR,18224,SAPULI',34224
VR,18225,,122.25
VR,18225,SIMPELL,600.75
VR,18232,BORDOFLOW NEW PFNPE,23
VR,18233,BORDOFLOW SECTOR PFNPE,10.3
VR,18235,,179
VR,18235,CIOPPER PFNPE,54.7
VR,18239,,0.1
VR,18239,FLIPPER PFNPE,24.05
VR,18241,IDRORAME FLOW PFNPE,63.25
VR,18242,,30.95
VR,18242,LEPINOX PLUS PFNPE,38.45
VR,18244,,61.75
VR,18244,MOMENTUM PFNPE,48.86
VR,18245,,84
VR,18245,POLTIGLIA MANICA 20 WG PFNPE,207.01
VR,18253,,21
VR,18253,VERDERAME 20 WG PFNPE,32.93
VR,18257,3LOGY PFNPE,1.68
VR,18259,BARBARIAN BIOGRADE 360 PFNPE,759
VR,18259,DISERBO TOTALE BARBARIAN,114
VR,18261,,36
VR,18263,,6.5
VR,18263,BIOLID UP PFNPE,435.5
VR,18266,COBRE NORDOX SUPER 75 WG PFNPE,3.61
VR,18267,CONTENDER 80 WG PFNPE,15.6
VR,18269,GLIFENE BIOGRADE PFNPE,908.5
VR,18270,,2259.5
VR,18270,GLIPHOGAN TOP CL PFNPE,4119.5
VR,18274,NEMGUARD GRANULES PFNPE,0.5
VR,18277,,107
VR,18277,SHAMAL MK PLUS CL PFNPE,110.5
VR,18282,TRUSTEE 450 PFNPE,25.5
VR,18283,XEDAVIR PFNPE,6.25
VR,18284,,32
VR,18284,WANAX PFNPE,31.7
VR,18286,ERBICIDA PREMIUM GREEN PFNPE,10.5
VR,18287,V-DIM 240 EC,467
VR,18288,BEMOTIUS,11
VR,18290,,440
VR,18290,FOLPETIS 50 SC,1538
VR,18292,YUKON,1920
VR,18293,MELODY FLEX,140
VR,18299,DEED,227
VR,18310,MELVAR,114
VR,18318,PRINCIPAL FORTE,236.82
VR,18332,LOGRADO 360 SL,3268
VR,18369,,410
VR,18369,Halvetic,570
VR,18379,STELLAR,7970
VR,18394,,1190
VR,18395,FOLTAN 50 WG,1200
VR,18397,,259
VR,18397,TERAPROX,106
VR,18399,RISTER,2800
VR,18402,ELEDURA,100
VR,18424,,0.6
VR,18427,TRIARIO GR,560
VR,18428,TRIARIO WG,395
VR,18460,NOVIXID,440
VR,18461,AGIXA,435
VR,18490,,883
VR,18490,BRIXTON,2069
VR,18495,KYLEO TOP,25
VR,18523,DIABLO SC,0.4
VR,18528,,171
VR,18530,WEEDMASTER PRO 540,915
VR,18544,,12800
VR,18554,AZBANY DUO,224
VR,18555,TEXAS PRO,348
VR,18573,TUTAVIR ER3,6.7
VR,18593,,3812.5
VR,18593,AF-X1 2024,7662.5
VR,18600,,14380
VR,18603,,20
VR,18604,AURA 2024,112
VR,18606,,75
VR,18606,EXIREL 2024,287
VR,18607,,37
VR,18607,BENEVIA 2024,33
VR,18608,VERIMARK 2024,2
VR,18619,SPEAR-LEP,10
VR,18630,,3280
VR,18630,D-D SOIL XVIII,820
VR,18631,DIGEO XVIII,11600
VR,18633,GEOCLEAN 2024,41820
VR,18635,TELONE II 2024,36600
VR,18663,,20
VR,18663,VIBALLA SF3,20
VR,18674,,33620
VR,18674,D-D SOIL XIX,2460
VR,18675,GEOCLEAN ORTO 2024,35260
VR,18677,TELONE EC 2024 A,7240
VR,18679,DGEO XIX,70000
"Prodotti fitosanitari venduti nell'anno 2024 (fonte dati: Autorità regionale competente, dichiarazioni di vendita pf 2024. art. 16 D.Lgs 150/2012)",,,
