crop_code,crop_it,area_code,area_it,year,superficie_totale_ha,superficie_in_produzione_ha,produzione_raccolta_q,produzione_totale_q,resa_calculada_t_ha,dataflow,source_url
APPLE,mela,IT,Italia,2024,55381,,23985387,24191418,43.31,IT1:101_1015(1.0),"https://esploradati.istat.it/SDMXWS/rest/data/IT1,101_1015,1.0/"
APPLE,mela,IT,Italia,2025,55110,,24129162,24300051,43.78,IT1:101_1015(1.0),"https://esploradati.istat.it/SDMXWS/rest/data/IT1,101_1015,1.0/"
APPLE,mela,IT,Italia,2026,55012,,23913152,24112030,43.47,IT1:101_1015(1.0),"https://esploradati.istat.it/SDMXWS/rest/data/IT1,101_1015,1.0/"
APPLE,mela,ITC1,Piemonte,2024,6829,,1550962,1550962,22.71,IT1:101_1015(1.0),"https://esploradati.istat.it/SDMXWS/rest/data/IT1,101_1015,1.0/"
APPLE,mela,ITC1,Piemonte,2025,6698,,1732075,1732075,25.86,IT1:101_1015(1.0),"https://esploradati.istat.it/SDMXWS/rest/data/IT1,101_1015,1.0/"
APPLE,mela,ITC1,Piemonte,2026,6711,,1569750,1569750,23.39,IT1:101_1015(1.0),"https://esploradati.istat.it/SDMXWS/rest/data/IT1,101_1015,1.0/"
APPLE,mela,ITC2,Valle d'Aosta / Vallée d'Aoste,2024,190,,55000,55000,28.95,IT1:101_1015(1.0),"https://esploradati.istat.it/SDMXWS/rest/data/IT1,101_1015,1.0/"
APPLE,mela,ITC2,Valle d'Aosta / Vallée d'Aoste,2025,200,,55000,55000,27.5,IT1:101_1015(1.0),"https://esploradati.istat.it/SDMXWS/rest/data/IT1,101_1015,1.0/"
APPLE,mela,ITC2,Valle d'Aosta / Vallée d'Aoste,2026,210,,55000,55000,26.19,IT1:101_1015(1.0),"https://esploradati.istat.it/SDMXWS/rest/data/IT1,101_1015,1.0/"
APPLE,mela,ITC3,Liguria,2024,31,,3400,3700,10.97,IT1:101_1015(1.0),"https://esploradati.istat.it/SDMXWS/rest/data/IT1,101_1015,1.0/"
APPLE,mela,ITC3,Liguria,2025,31,,3488,3638,11.25,IT1:101_1015(1.0),"https://esploradati.istat.it/SDMXWS/rest/data/IT1,101_1015,1.0/"
APPLE,mela,ITC3,Liguria,2026,32,,2808,2818,8.78,IT1:101_1015(1.0),"https://esploradati.istat.it/SDMXWS/rest/data/IT1,101_1015,1.0/"
APPLE,mela,ITC4,Lombardia,2024,1349,,442404,442404,32.79,IT1:101_1015(1.0),"https://esploradati.istat.it/SDMXWS/rest/data/IT1,101_1015,1.0/"
APPLE,mela,ITC4,Lombardia,2025,1288,,413204,413204,32.08,IT1:101_1015(1.0),"https://esploradati.istat.it/SDMXWS/rest/data/IT1,101_1015,1.0/"
APPLE,mela,ITC4,Lombardia,2026,1288,,413204,413204,32.08,IT1:101_1015(1.0),"https://esploradati.istat.it/SDMXWS/rest/data/IT1,101_1015,1.0/"
APPLE,mela,ITD1,Provincia Autonoma Bolzano / Bozen,2024,17511,,10408330,10408330,59.44,IT1:101_1015(1.0),"https://esploradati.istat.it/SDMXWS/rest/data/IT1,101_1015,1.0/"
APPLE,mela,ITD1,Provincia Autonoma Bolzano / Bozen,2025,17474,,10569800,10569800,60.49,IT1:101_1015(1.0),"https://esploradati.istat.it/SDMXWS/rest/data/IT1,101_1015,1.0/"
APPLE,mela,ITD1,Provincia Autonoma Bolzano / Bozen,2026,17366,,10018600,10018600,57.69,IT1:101_1015(1.0),"https://esploradati.istat.it/SDMXWS/rest/data/IT1,101_1015,1.0/"
APPLE,mela,ITD2,Provincia Autonoma Trento,2024,9744,,4777710,4777710,49.03,IT1:101_1015(1.0),"https://esploradati.istat.it/SDMXWS/rest/data/IT1,101_1015,1.0/"
APPLE,mela,ITD2,Provincia Autonoma Trento,2025,9835,,4777710,4777710,48.58,IT1:101_1015(1.0),"https://esploradati.istat.it/SDMXWS/rest/data/IT1,101_1015,1.0/"
APPLE,mela,ITD2,Provincia Autonoma Trento,2026,9900,,5173000,5173000,52.25,IT1:101_1015(1.0),"https://esploradati.istat.it/SDMXWS/rest/data/IT1,101_1015,1.0/"
APPLE,mela,ITD3,Veneto,2024,5573,,2860055,3031575,51.32,IT1:101_1015(1.0),"https://esploradati.istat.it/SDMXWS/rest/data/IT1,101_1015,1.0/"
APPLE,mela,ITD3,Veneto,2025,5571,,2573521,2727992,46.19,IT1:101_1015(1.0),"https://esploradati.istat.it/SDMXWS/rest/data/IT1,101_1015,1.0/"
APPLE,mela,ITD3,Veneto,2026,5571,,3002724,3182869,53.9,IT1:101_1015(1.0),"https://esploradati.istat.it/SDMXWS/rest/data/IT1,101_1015,1.0/"
APPLE,mela,ITD4,Friuli-Venezia Giulia,2024,1097,,591887,597865,53.96,IT1:101_1015(1.0),"https://esploradati.istat.it/SDMXWS/rest/data/IT1,101_1015,1.0/"
APPLE,mela,ITD4,Friuli-Venezia Giulia,2025,1079,,651608,658190,60.39,IT1:101_1015(1.0),"https://esploradati.istat.it/SDMXWS/rest/data/IT1,101_1015,1.0/"
APPLE,mela,ITD4,Friuli-Venezia Giulia,2026,1079,,583242,589134,54.05,IT1:101_1015(1.0),"https://esploradati.istat.it/SDMXWS/rest/data/IT1,101_1015,1.0/"
APPLE,mela,ITD5,Emilia-Romagna,2024,5241,,1842245,1842245,35.15,IT1:101_1015(1.0),"https://esploradati.istat.it/SDMXWS/rest/data/IT1,101_1015,1.0/"
APPLE,mela,ITD5,Emilia-Romagna,2025,5092,,1840961,1840961,36.15,IT1:101_1015(1.0),"https://esploradati.istat.it/SDMXWS/rest/data/IT1,101_1015,1.0/"
APPLE,mela,ITD5,Emilia-Romagna,2026,5068,,1920445,1920445,37.89,IT1:101_1015(1.0),"https://esploradati.istat.it/SDMXWS/rest/data/IT1,101_1015,1.0/"
APPLE,mela,ITDA,Trentino Alto Adige / Südtirol,2024,27255,,15186040,15186040,55.72,IT1:101_1015(1.0),"https://esploradati.istat.it/SDMXWS/rest/data/IT1,101_1015,1.0/"
APPLE,mela,ITDA,Trentino Alto Adige / Südtirol,2025,27309,,15347510,15347510,56.2,IT1:101_1015(1.0),"https://esploradati.istat.it/SDMXWS/rest/data/IT1,101_1015,1.0/"
APPLE,mela,ITDA,Trentino Alto Adige / Südtirol,2026,27266,,15191600,15191600,55.72,IT1:101_1015(1.0),"https://esploradati.istat.it/SDMXWS/rest/data/IT1,101_1015,1.0/"
APPLE,mela,ITE1,Toscana,2024,689,,178852,179387,25.96,IT1:101_1015(1.0),"https://esploradati.istat.it/SDMXWS/rest/data/IT1,101_1015,1.0/"
APPLE,mela,ITE1,Toscana,2025,697,,187665,187910,26.92,IT1:101_1015(1.0),"https://esploradati.istat.it/SDMXWS/rest/data/IT1,101_1015,1.0/"
APPLE,mela,ITE1,Toscana,2026,700,,190020,190230,27.15,IT1:101_1015(1.0),"https://esploradati.istat.it/SDMXWS/rest/data/IT1,101_1015,1.0/"
APPLE,mela,ITE2,Umbria,2024,246,,44640,44640,18.15,IT1:101_1015(1.0),"https://esploradati.istat.it/SDMXWS/rest/data/IT1,101_1015,1.0/"
APPLE,mela,ITE2,Umbria,2025,248,,45000,45000,18.15,IT1:101_1015(1.0),"https://esploradati.istat.it/SDMXWS/rest/data/IT1,101_1015,1.0/"
APPLE,mela,ITE2,Umbria,2026,248,,45000,45000,18.15,IT1:101_1015(1.0),"https://esploradati.istat.it/SDMXWS/rest/data/IT1,101_1015,1.0/"
APPLE,mela,ITE3,Marche,2024,191,,45950,45950,24.06,IT1:101_1015(1.0),"https://esploradati.istat.it/SDMXWS/rest/data/IT1,101_1015,1.0/"
APPLE,mela,ITE3,Marche,2025,211,,56720,56720,26.88,IT1:101_1015(1.0),"https://esploradati.istat.it/SDMXWS/rest/data/IT1,101_1015,1.0/"
APPLE,mela,ITE3,Marche,2026,204,,59450,59450,29.14,IT1:101_1015(1.0),"https://esploradati.istat.it/SDMXWS/rest/data/IT1,101_1015,1.0/"
APPLE,mela,ITE4,Lazio,2024,397,,47258,51360,11.9,IT1:101_1015(1.0),"https://esploradati.istat.it/SDMXWS/rest/data/IT1,101_1015,1.0/"
APPLE,mela,ITE4,Lazio,2025,389,,46703,50330,12.01,IT1:101_1015(1.0),"https://esploradati.istat.it/SDMXWS/rest/data/IT1,101_1015,1.0/"
APPLE,mela,ITE4,Lazio,2026,370,,39686,41880,10.73,IT1:101_1015(1.0),"https://esploradati.istat.it/SDMXWS/rest/data/IT1,101_1015,1.0/"
APPLE,mela,ITF1,Abruzzo,2024,508,,122398,123398,24.09,IT1:101_1015(1.0),"https://esploradati.istat.it/SDMXWS/rest/data/IT1,101_1015,1.0/"
APPLE,mela,ITF1,Abruzzo,2025,508,,122900,123900,24.19,IT1:101_1015(1.0),"https://esploradati.istat.it/SDMXWS/rest/data/IT1,101_1015,1.0/"
APPLE,mela,ITF1,Abruzzo,2026,357,,87500,87500,24.51,IT1:101_1015(1.0),"https://esploradati.istat.it/SDMXWS/rest/data/IT1,101_1015,1.0/"
APPLE,mela,ITF2,Molise,2024,170,,31400,31400,18.47,IT1:101_1015(1.0),"https://esploradati.istat.it/SDMXWS/rest/data/IT1,101_1015,1.0/"
APPLE,mela,ITF2,Molise,2025,170,,34800,34800,20.47,IT1:101_1015(1.0),"https://esploradati.istat.it/SDMXWS/rest/data/IT1,101_1015,1.0/"
APPLE,mela,ITF2,Molise,2026,170,,36500,36500,21.47,IT1:101_1015(1.0),"https://esploradati.istat.it/SDMXWS/rest/data/IT1,101_1015,1.0/"
APPLE,mela,ITF3,Campania,2024,3450,,563590,565590,16.34,IT1:101_1015(1.0),"https://esploradati.istat.it/SDMXWS/rest/data/IT1,101_1015,1.0/"
APPLE,mela,ITF3,Campania,2025,3449,,575500,575500,16.69,IT1:101_1015(1.0),"https://esploradati.istat.it/SDMXWS/rest/data/IT1,101_1015,1.0/"
APPLE,mela,ITF3,Campania,2026,3470,,263400,267400,7.59,IT1:101_1015(1.0),"https://esploradati.istat.it/SDMXWS/rest/data/IT1,101_1015,1.0/"
APPLE,mela,ITF4,Puglia,2024,288,,55350,58250,19.22,IT1:101_1015(1.0),"https://esploradati.istat.it/SDMXWS/rest/data/IT1,101_1015,1.0/"
APPLE,mela,ITF4,Puglia,2025,293,,56360,58350,19.24,IT1:101_1015(1.0),"https://esploradati.istat.it/SDMXWS/rest/data/IT1,101_1015,1.0/"
APPLE,mela,ITF4,Puglia,2026,283,,58060,59450,20.52,IT1:101_1015(1.0),"https://esploradati.istat.it/SDMXWS/rest/data/IT1,101_1015,1.0/"
APPLE,mela,ITF5,Basilicata,2024,425,,83888,84108,19.74,IT1:101_1015(1.0),"https://esploradati.istat.it/SDMXWS/rest/data/IT1,101_1015,1.0/"
APPLE,mela,ITF5,Basilicata,2025,425,,83888,84108,19.74,IT1:101_1015(1.0),"https://esploradati.istat.it/SDMXWS/rest/data/IT1,101_1015,1.0/"
APPLE,mela,ITF5,Basilicata,2026,429,,87308,88688,20.35,IT1:101_1015(1.0),"https://esploradati.istat.it/SDMXWS/rest/data/IT1,101_1015,1.0/"
APPLE,mela,ITF6,Calabria,2024,527,,94405,95100,17.91,IT1:101_1015(1.0),"https://esploradati.istat.it/SDMXWS/rest/data/IT1,101_1015,1.0/"
APPLE,mela,ITF6,Calabria,2025,527,,93935,94540,17.82,IT1:101_1015(1.0),"https://esploradati.istat.it/SDMXWS/rest/data/IT1,101_1015,1.0/"
APPLE,mela,ITF6,Calabria,2026,594,,104937,105897,17.67,IT1:101_1015(1.0),"https://esploradati.istat.it/SDMXWS/rest/data/IT1,101_1015,1.0/"
APPLE,mela,ITG1,Sicilia,2024,675,,136910,152731,20.28,IT1:101_1015(1.0),"https://esploradati.istat.it/SDMXWS/rest/data/IT1,101_1015,1.0/"
APPLE,mela,ITG1,Sicilia,2025,675,,161939,163938,23.99,IT1:101_1015(1.0),"https://esploradati.istat.it/SDMXWS/rest/data/IT1,101_1015,1.0/"
APPLE,mela,ITG1,Sicilia,2026,712,,156471,158208,21.98,IT1:101_1015(1.0),"https://esploradati.istat.it/SDMXWS/rest/data/IT1,101_1015,1.0/"
APPLE,mela,ITG2,Sardegna,2024,250,,48753,49713,19.5,IT1:101_1015(1.0),"https://esploradati.istat.it/SDMXWS/rest/data/IT1,101_1015,1.0/"
APPLE,mela,ITG2,Sardegna,2025,250,,46385,46385,18.55,IT1:101_1015(1.0),"https://esploradati.istat.it/SDMXWS/rest/data/IT1,101_1015,1.0/"
APPLE,mela,ITG2,Sardegna,2026,250,,46047,47007,18.42,IT1:101_1015(1.0),"https://esploradati.istat.it/SDMXWS/rest/data/IT1,101_1015,1.0/"
BARLEY,orzo,IT,Italia,2024,239079,,8915186,8992796,3.73,IT1:101_1015(1.0),"https://esploradati.istat.it/SDMXWS/rest/data/IT1,101_1015,1.0/"
BARLEY,orzo,IT,Italia,2025,228832,,8439955,8504597,3.69,IT1:101_1015(1.0),"https://esploradati.istat.it/SDMXWS/rest/data/IT1,101_1015,1.0/"
BARLEY,orzo,IT,Italia,2026,230670,,9366129,9435804,4.06,IT1:101_1015(1.0),"https://esploradati.istat.it/SDMXWS/rest/data/IT1,101_1015,1.0/"
BARLEY,orzo,ITC1,Piemonte,2024,17161,,952862,952862,5.55,IT1:101_1015(1.0),"https://esploradati.istat.it/SDMXWS/rest/data/IT1,101_1015,1.0/"
BARLEY,orzo,ITC1,Piemonte,2025,22196,,810733,810733,3.65,IT1:101_1015(1.0),"https://esploradati.istat.it/SDMXWS/rest/data/IT1,101_1015,1.0/"
BARLEY,orzo,ITC1,Piemonte,2026,14075,,821654,821654,5.84,IT1:101_1015(1.0),"https://esploradati.istat.it/SDMXWS/rest/data/IT1,101_1015,1.0/"
BARLEY,orzo,ITC3,Liguria,2024,96,,2947,2947,3.07,IT1:101_1015(1.0),"https://esploradati.istat.it/SDMXWS/rest/data/IT1,101_1015,1.0/"
BARLEY,orzo,ITC3,Liguria,2025,146,,5300,5300,3.63,IT1:101_1015(1.0),"https://esploradati.istat.it/SDMXWS/rest/data/IT1,101_1015,1.0/"
BARLEY,orzo,ITC3,Liguria,2026,101,,3322,3322,3.29,IT1:101_1015(1.0),"https://esploradati.istat.it/SDMXWS/rest/data/IT1,101_1015,1.0/"
BARLEY,orzo,ITC4,Lombardia,2024,24289,,1401467,1401467,5.77,IT1:101_1015(1.0),"https://esploradati.istat.it/SDMXWS/rest/data/IT1,101_1015,1.0/"
BARLEY,orzo,ITC4,Lombardia,2025,19912,,1259395,1259395,6.32,IT1:101_1015(1.0),"https://esploradati.istat.it/SDMXWS/rest/data/IT1,101_1015,1.0/"
BARLEY,orzo,ITC4,Lombardia,2026,19518,,1242632,1242632,6.37,IT1:101_1015(1.0),"https://esploradati.istat.it/SDMXWS/rest/data/IT1,101_1015,1.0/"
BARLEY,orzo,ITD1,Provincia Autonoma Bolzano / Bozen,2024,50,,1850,1850,3.7,IT1:101_1015(1.0),"https://esploradati.istat.it/SDMXWS/rest/data/IT1,101_1015,1.0/"
BARLEY,orzo,ITD1,Provincia Autonoma Bolzano / Bozen,2025,42,,1470,1470,3.5,IT1:101_1015(1.0),"https://esploradati.istat.it/SDMXWS/rest/data/IT1,101_1015,1.0/"
BARLEY,orzo,ITD1,Provincia Autonoma Bolzano / Bozen,2026,35,,1225,1225,3.5,IT1:101_1015(1.0),"https://esploradati.istat.it/SDMXWS/rest/data/IT1,101_1015,1.0/"
BARLEY,orzo,ITD2,Provincia Autonoma Trento,2024,4,,150,150,3.75,IT1:101_1015(1.0),"https://esploradati.istat.it/SDMXWS/rest/data/IT1,101_1015,1.0/"
BARLEY,orzo,ITD2,Provincia Autonoma Trento,2025,4,,150,150,3.75,IT1:101_1015(1.0),"https://esploradati.istat.it/SDMXWS/rest/data/IT1,101_1015,1.0/"
BARLEY,orzo,ITD2,Provincia Autonoma Trento,2026,5,,200,200,4.0,IT1:101_1015(1.0),"https://esploradati.istat.it/SDMXWS/rest/data/IT1,101_1015,1.0/"
BARLEY,orzo,ITD3,Veneto,2024,16014,,663605,676870,4.14,IT1:101_1015(1.0),"https://esploradati.istat.it/SDMXWS/rest/data/IT1,101_1015,1.0/"
BARLEY,orzo,ITD3,Veneto,2025,12626,,570361,581767,4.52,IT1:101_1015(1.0),"https://esploradati.istat.it/SDMXWS/rest/data/IT1,101_1015,1.0/"
BARLEY,orzo,ITD3,Veneto,2026,12626,,679789,693385,5.38,IT1:101_1015(1.0),"https://esploradati.istat.it/SDMXWS/rest/data/IT1,101_1015,1.0/"
BARLEY,orzo,ITD4,Friuli-Venezia Giulia,2024,10162,,352113,355670,3.46,IT1:101_1015(1.0),"https://esploradati.istat.it/SDMXWS/rest/data/IT1,101_1015,1.0/"
BARLEY,orzo,ITD4,Friuli-Venezia Giulia,2025,7952,,328386,331703,4.13,IT1:101_1015(1.0),"https://esploradati.istat.it/SDMXWS/rest/data/IT1,101_1015,1.0/"
BARLEY,orzo,ITD4,Friuli-Venezia Giulia,2026,7952,,354261,357840,4.45,IT1:101_1015(1.0),"https://esploradati.istat.it/SDMXWS/rest/data/IT1,101_1015,1.0/"
BARLEY,orzo,ITD5,Emilia-Romagna,2024,17424,,859914,868845,4.94,IT1:101_1015(1.0),"https://esploradati.istat.it/SDMXWS/rest/data/IT1,101_1015,1.0/"
BARLEY,orzo,ITD5,Emilia-Romagna,2025,14782,,704648,704648,4.77,IT1:101_1015(1.0),"https://esploradati.istat.it/SDMXWS/rest/data/IT1,101_1015,1.0/"
BARLEY,orzo,ITD5,Emilia-Romagna,2026,15611,,952032,952032,6.1,IT1:101_1015(1.0),"https://esploradati.istat.it/SDMXWS/rest/data/IT1,101_1015,1.0/"
BARLEY,orzo,ITDA,Trentino Alto Adige / Südtirol,2024,54,,2000,2000,3.7,IT1:101_1015(1.0),"https://esploradati.istat.it/SDMXWS/rest/data/IT1,101_1015,1.0/"
BARLEY,orzo,ITDA,Trentino Alto Adige / Südtirol,2025,46,,1620,1620,3.52,IT1:101_1015(1.0),"https://esploradati.istat.it/SDMXWS/rest/data/IT1,101_1015,1.0/"
BARLEY,orzo,ITDA,Trentino Alto Adige / Südtirol,2026,40,,1425,1425,3.56,IT1:101_1015(1.0),"https://esploradati.istat.it/SDMXWS/rest/data/IT1,101_1015,1.0/"
BARLEY,orzo,ITE1,Toscana,2024,14861,,450754,450954,3.03,IT1:101_1015(1.0),"https://esploradati.istat.it/SDMXWS/rest/data/IT1,101_1015,1.0/"
BARLEY,orzo,ITE1,Toscana,2025,11823,,353657,353872,2.99,IT1:101_1015(1.0),"https://esploradati.istat.it/SDMXWS/rest/data/IT1,101_1015,1.0/"
BARLEY,orzo,ITE1,Toscana,2026,11494,,349749,349809,3.04,IT1:101_1015(1.0),"https://esploradati.istat.it/SDMXWS/rest/data/IT1,101_1015,1.0/"
BARLEY,orzo,ITE2,Umbria,2024,16100,,610000,610000,3.79,IT1:101_1015(1.0),"https://esploradati.istat.it/SDMXWS/rest/data/IT1,101_1015,1.0/"
BARLEY,orzo,ITE2,Umbria,2025,16700,,670000,670000,4.01,IT1:101_1015(1.0),"https://esploradati.istat.it/SDMXWS/rest/data/IT1,101_1015,1.0/"
BARLEY,orzo,ITE2,Umbria,2026,18000,,742000,742000,4.12,IT1:101_1015(1.0),"https://esploradati.istat.it/SDMXWS/rest/data/IT1,101_1015,1.0/"
BARLEY,orzo,ITE3,Marche,2024,10944,,461221,461221,4.21,IT1:101_1015(1.0),"https://esploradati.istat.it/SDMXWS/rest/data/IT1,101_1015,1.0/"
BARLEY,orzo,ITE3,Marche,2025,10639,,461365,461365,4.34,IT1:101_1015(1.0),"https://esploradati.istat.it/SDMXWS/rest/data/IT1,101_1015,1.0/"
BARLEY,orzo,ITE3,Marche,2026,11819,,629359,629359,5.32,IT1:101_1015(1.0),"https://esploradati.istat.it/SDMXWS/rest/data/IT1,101_1015,1.0/"
BARLEY,orzo,ITE4,Lazio,2024,16265,,605080,613180,3.72,IT1:101_1015(1.0),"https://esploradati.istat.it/SDMXWS/rest/data/IT1,101_1015,1.0/"
BARLEY,orzo,ITE4,Lazio,2025,16270,,607040,623300,3.73,IT1:101_1015(1.0),"https://esploradati.istat.it/SDMXWS/rest/data/IT1,101_1015,1.0/"
BARLEY,orzo,ITE4,Lazio,2026,16375,,643400,659500,3.93,IT1:101_1015(1.0),"https://esploradati.istat.it/SDMXWS/rest/data/IT1,101_1015,1.0/"
BARLEY,orzo,ITF1,Abruzzo,2024,20450,,632000,632000,3.09,IT1:101_1015(1.0),"https://esploradati.istat.it/SDMXWS/rest/data/IT1,101_1015,1.0/"
BARLEY,orzo,ITF1,Abruzzo,2025,20450,,634000,634000,3.1,IT1:101_1015(1.0),"https://esploradati.istat.it/SDMXWS/rest/data/IT1,101_1015,1.0/"
BARLEY,orzo,ITF1,Abruzzo,2026,20250,,693500,693500,3.42,IT1:101_1015(1.0),"https://esploradati.istat.it/SDMXWS/rest/data/IT1,101_1015,1.0/"
BARLEY,orzo,ITF2,Molise,2024,1860,,70040,70040,3.77,IT1:101_1015(1.0),"https://esploradati.istat.it/SDMXWS/rest/data/IT1,101_1015,1.0/"
BARLEY,orzo,ITF2,Molise,2025,1860,,72060,72060,3.87,IT1:101_1015(1.0),"https://esploradati.istat.it/SDMXWS/rest/data/IT1,101_1015,1.0/"
BARLEY,orzo,ITF2,Molise,2026,1970,,76320,76320,3.87,IT1:101_1015(1.0),"https://esploradati.istat.it/SDMXWS/rest/data/IT1,101_1015,1.0/"
BARLEY,orzo,ITF3,Campania,2024,12602,,403127,405801,3.2,IT1:101_1015(1.0),"https://esploradati.istat.it/SDMXWS/rest/data/IT1,101_1015,1.0/"
BARLEY,orzo,ITF3,Campania,2025,12785,,486550,486550,3.81,IT1:101_1015(1.0),"https://esploradati.istat.it/SDMXWS/rest/data/IT1,101_1015,1.0/"
BARLEY,orzo,ITF3,Campania,2026,12700,,479000,479000,3.77,IT1:101_1015(1.0),"https://esploradati.istat.it/SDMXWS/rest/data/IT1,101_1015,1.0/"
BARLEY,orzo,ITF4,Puglia,2024,19050,,434500,470000,2.28,IT1:101_1015(1.0),"https://esploradati.istat.it/SDMXWS/rest/data/IT1,101_1015,1.0/"
BARLEY,orzo,ITF4,Puglia,2025,19150,,448700,477000,2.34,IT1:101_1015(1.0),"https://esploradati.istat.it/SDMXWS/rest/data/IT1,101_1015,1.0/"
BARLEY,orzo,ITF4,Puglia,2026,31400,,830000,859000,2.64,IT1:101_1015(1.0),"https://esploradati.istat.it/SDMXWS/rest/data/IT1,101_1015,1.0/"
BARLEY,orzo,ITF5,Basilicata,2024,17185,,410890,410896,2.39,IT1:101_1015(1.0),"https://esploradati.istat.it/SDMXWS/rest/data/IT1,101_1015,1.0/"
BARLEY,orzo,ITF5,Basilicata,2025,17185,,410890,410896,2.39,IT1:101_1015(1.0),"https://esploradati.istat.it/SDMXWS/rest/data/IT1,101_1015,1.0/"
BARLEY,orzo,ITF5,Basilicata,2026,17280,,436791,438596,2.53,IT1:101_1015(1.0),"https://esploradati.istat.it/SDMXWS/rest/data/IT1,101_1015,1.0/"
BARLEY,orzo,ITF6,Calabria,2024,7819,,216957,221645,2.77,IT1:101_1015(1.0),"https://esploradati.istat.it/SDMXWS/rest/data/IT1,101_1015,1.0/"
BARLEY,orzo,ITF6,Calabria,2025,7819,,218477,223001,2.79,IT1:101_1015(1.0),"https://esploradati.istat.it/SDMXWS/rest/data/IT1,101_1015,1.0/"
BARLEY,orzo,ITF6,Calabria,2026,7876,,219267,223926,2.78,IT1:101_1015(1.0),"https://esploradati.istat.it/SDMXWS/rest/data/IT1,101_1015,1.0/"
BARLEY,orzo,ITG1,Sicilia,2024,4896,,125636,126325,2.57,IT1:101_1015(1.0),"https://esploradati.istat.it/SDMXWS/rest/data/IT1,101_1015,1.0/"
BARLEY,orzo,ITG1,Sicilia,2025,4779,,127508,128122,2.67,IT1:101_1015(1.0),"https://esploradati.istat.it/SDMXWS/rest/data/IT1,101_1015,1.0/"
BARLEY,orzo,ITG1,Sicilia,2026,2953,,78239,79115,2.65,IT1:101_1015(1.0),"https://esploradati.istat.it/SDMXWS/rest/data/IT1,101_1015,1.0/"
BARLEY,orzo,ITG2,Sardegna,2024,11847,,260073,260073,2.2,IT1:101_1015(1.0),"https://esploradati.istat.it/SDMXWS/rest/data/IT1,101_1015,1.0/"
BARLEY,orzo,ITG2,Sardegna,2025,11712,,269265,269265,2.3,IT1:101_1015(1.0),"https://esploradati.istat.it/SDMXWS/rest/data/IT1,101_1015,1.0/"
BARLEY,orzo,ITG2,Sardegna,2026,8630,,133389,133389,1.55,IT1:101_1015(1.0),"https://esploradati.istat.it/SDMXWS/rest/data/IT1,101_1015,1.0/"
BEETS,barbabietola da zucchero,IT,Italia,2024,29230,,15344390,17436041,52.5,IT1:101_1015(1.0),"https://esploradati.istat.it/SDMXWS/rest/data/IT1,101_1015,1.0/"
BEETS,barbabietola da zucchero,IT,Italia,2025,18680,,9140281,10133687,48.93,IT1:101_1015(1.0),"https://esploradati.istat.it/SDMXWS/rest/data/IT1,101_1015,1.0/"
BEETS,barbabietola da zucchero,ITC1,Piemonte,2024,389,,150515,183470,38.69,IT1:101_1015(1.0),"https://esploradati.istat.it/SDMXWS/rest/data/IT1,101_1015,1.0/"
BEETS,barbabietola da zucchero,ITC1,Piemonte,2025,331,,146074,167477,44.13,IT1:101_1015(1.0),"https://esploradati.istat.it/SDMXWS/rest/data/IT1,101_1015,1.0/"
BEETS,barbabietola da zucchero,ITC4,Lombardia,2024,2046,,888495,1025868,43.43,IT1:101_1015(1.0),"https://esploradati.istat.it/SDMXWS/rest/data/IT1,101_1015,1.0/"
BEETS,barbabietola da zucchero,ITC4,Lombardia,2025,1098,,527008,588806,48.0,IT1:101_1015(1.0),"https://esploradati.istat.it/SDMXWS/rest/data/IT1,101_1015,1.0/"
BEETS,barbabietola da zucchero,ITD3,Veneto,2024,7697,,3604735,3929357,46.83,IT1:101_1015(1.0),"https://esploradati.istat.it/SDMXWS/rest/data/IT1,101_1015,1.0/"
BEETS,barbabietola da zucchero,ITD3,Veneto,2025,4734,,2629434,2862745,55.54,IT1:101_1015(1.0),"https://esploradati.istat.it/SDMXWS/rest/data/IT1,101_1015,1.0/"
BEETS,barbabietola da zucchero,ITD4,Friuli-Venezia Giulia,2024,319,,112403,121061,35.24,IT1:101_1015(1.0),"https://esploradati.istat.it/SDMXWS/rest/data/IT1,101_1015,1.0/"
BEETS,barbabietola da zucchero,ITD4,Friuli-Venezia Giulia,2025,393,,219797,238846,55.93,IT1:101_1015(1.0),"https://esploradati.istat.it/SDMXWS/rest/data/IT1,101_1015,1.0/"
BEETS,barbabietola da zucchero,ITD5,Emilia-Romagna,2024,16363,,9541612,10962354,58.31,IT1:101_1015(1.0),"https://esploradati.istat.it/SDMXWS/rest/data/IT1,101_1015,1.0/"
BEETS,barbabietola da zucchero,ITD5,Emilia-Romagna,2025,9810,,4675877,5233046,47.66,IT1:101_1015(1.0),"https://esploradati.istat.it/SDMXWS/rest/data/IT1,101_1015,1.0/"
BEETS,barbabietola da zucchero,ITE1,Toscana,2025,5,,2915,3203,58.3,IT1:101_1015(1.0),"https://esploradati.istat.it/SDMXWS/rest/data/IT1,101_1015,1.0/"
BEETS,barbabietola da zucchero,ITE2,Umbria,2024,18,,14226,18128,79.03,IT1:101_1015(1.0),"https://esploradati.istat.it/SDMXWS/rest/data/IT1,101_1015,1.0/"
BEETS,barbabietola da zucchero,ITE3,Marche,2024,2398,,1032404,1195803,43.05,IT1:101_1015(1.0),"https://esploradati.istat.it/SDMXWS/rest/data/IT1,101_1015,1.0/"
BEETS,barbabietola da zucchero,ITE3,Marche,2025,2309,,939176,1039564,40.67,IT1:101_1015(1.0),"https://esploradati.istat.it/SDMXWS/rest/data/IT1,101_1015,1.0/"
COMMEAT,frumento tenero,IT,Italia,2024,520314,,25629663,25820218,4.93,IT1:101_1015(1.0),"https://esploradati.istat.it/SDMXWS/rest/data/IT1,101_1015,1.0/"
COMMEAT,frumento tenero,IT,Italia,2025,511242,,25108532,25243733,4.91,IT1:101_1015(1.0),"https://esploradati.istat.it/SDMXWS/rest/data/IT1,101_1015,1.0/"
COMMEAT,frumento tenero,IT,Italia,2026,531743,,29568933,29723768,5.56,IT1:101_1015(1.0),"https://esploradati.istat.it/SDMXWS/rest/data/IT1,101_1015,1.0/"
COMMEAT,frumento tenero,ITC1,Piemonte,2024,72711,,3952285,3952285,5.44,IT1:101_1015(1.0),"https://esploradati.istat.it/SDMXWS/rest/data/IT1,101_1015,1.0/"
COMMEAT,frumento tenero,ITC1,Piemonte,2025,67887,,3878703,3878703,5.71,IT1:101_1015(1.0),"https://esploradati.istat.it/SDMXWS/rest/data/IT1,101_1015,1.0/"
COMMEAT,frumento tenero,ITC1,Piemonte,2026,74452,,3914208,3914208,5.26,IT1:101_1015(1.0),"https://esploradati.istat.it/SDMXWS/rest/data/IT1,101_1015,1.0/"
COMMEAT,frumento tenero,ITC2,Valle d'Aosta / Vallée d'Aoste,2024,5,,190,190,3.8,IT1:101_1015(1.0),"https://esploradati.istat.it/SDMXWS/rest/data/IT1,101_1015,1.0/"
COMMEAT,frumento tenero,ITC2,Valle d'Aosta / Vallée d'Aoste,2025,5,,190,190,3.8,IT1:101_1015(1.0),"https://esploradati.istat.it/SDMXWS/rest/data/IT1,101_1015,1.0/"
COMMEAT,frumento tenero,ITC2,Valle d'Aosta / Vallée d'Aoste,2026,8,,295,295,3.69,IT1:101_1015(1.0),"https://esploradati.istat.it/SDMXWS/rest/data/IT1,101_1015,1.0/"
COMMEAT,frumento tenero,ITC3,Liguria,2024,133,,4336,4336,3.26,IT1:101_1015(1.0),"https://esploradati.istat.it/SDMXWS/rest/data/IT1,101_1015,1.0/"
COMMEAT,frumento tenero,ITC3,Liguria,2025,130,,4240,4240,3.26,IT1:101_1015(1.0),"https://esploradati.istat.it/SDMXWS/rest/data/IT1,101_1015,1.0/"
COMMEAT,frumento tenero,ITC3,Liguria,2026,160,,5800,5800,3.62,IT1:101_1015(1.0),"https://esploradati.istat.it/SDMXWS/rest/data/IT1,101_1015,1.0/"
COMMEAT,frumento tenero,ITC4,Lombardia,2024,63103,,3253068,3253068,5.16,IT1:101_1015(1.0),"https://esploradati.istat.it/SDMXWS/rest/data/IT1,101_1015,1.0/"
COMMEAT,frumento tenero,ITC4,Lombardia,2025,53395,,3338405,3338405,6.25,IT1:101_1015(1.0),"https://esploradati.istat.it/SDMXWS/rest/data/IT1,101_1015,1.0/"
COMMEAT,frumento tenero,ITC4,Lombardia,2026,56906,,3542966,3542966,6.23,IT1:101_1015(1.0),"https://esploradati.istat.it/SDMXWS/rest/data/IT1,101_1015,1.0/"
COMMEAT,frumento tenero,ITD1,Provincia Autonoma Bolzano / Bozen,2024,50,,1400,1400,2.8,IT1:101_1015(1.0),"https://esploradati.istat.it/SDMXWS/rest/data/IT1,101_1015,1.0/"
COMMEAT,frumento tenero,ITD1,Provincia Autonoma Bolzano / Bozen,2025,50,,1800,1800,3.6,IT1:101_1015(1.0),"https://esploradati.istat.it/SDMXWS/rest/data/IT1,101_1015,1.0/"
COMMEAT,frumento tenero,ITD1,Provincia Autonoma Bolzano / Bozen,2026,50,,2000,2000,4.0,IT1:101_1015(1.0),"https://esploradati.istat.it/SDMXWS/rest/data/IT1,101_1015,1.0/"
COMMEAT,frumento tenero,ITD2,Provincia Autonoma Trento,2024,58,,2360,2360,4.07,IT1:101_1015(1.0),"https://esploradati.istat.it/SDMXWS/rest/data/IT1,101_1015,1.0/"
COMMEAT,frumento tenero,ITD2,Provincia Autonoma Trento,2025,58,,2360,2360,4.07,IT1:101_1015(1.0),"https://esploradati.istat.it/SDMXWS/rest/data/IT1,101_1015,1.0/"
COMMEAT,frumento tenero,ITD2,Provincia Autonoma Trento,2026,49,,2000,2000,4.08,IT1:101_1015(1.0),"https://esploradati.istat.it/SDMXWS/rest/data/IT1,101_1015,1.0/"
COMMEAT,frumento tenero,ITD3,Veneto,2024,94672,,5089200,5191000,5.38,IT1:101_1015(1.0),"https://esploradati.istat.it/SDMXWS/rest/data/IT1,101_1015,1.0/"
COMMEAT,frumento tenero,ITD3,Veneto,2025,91220,,4794843,4890740,5.26,IT1:101_1015(1.0),"https://esploradati.istat.it/SDMXWS/rest/data/IT1,101_1015,1.0/"
COMMEAT,frumento tenero,ITD3,Veneto,2026,91220,,5834993,5951693,6.4,IT1:101_1015(1.0),"https://esploradati.istat.it/SDMXWS/rest/data/IT1,101_1015,1.0/"
COMMEAT,frumento tenero,ITD4,Friuli-Venezia Giulia,2024,11281,,334918,338301,2.97,IT1:101_1015(1.0),"https://esploradati.istat.it/SDMXWS/rest/data/IT1,101_1015,1.0/"
COMMEAT,frumento tenero,ITD4,Friuli-Venezia Giulia,2025,14223,,628003,634345,4.42,IT1:101_1015(1.0),"https://esploradati.istat.it/SDMXWS/rest/data/IT1,101_1015,1.0/"
COMMEAT,frumento tenero,ITD4,Friuli-Venezia Giulia,2026,14406,,798668,806736,5.54,IT1:101_1015(1.0),"https://esploradati.istat.it/SDMXWS/rest/data/IT1,101_1015,1.0/"
COMMEAT,frumento tenero,ITD5,Emilia-Romagna,2024,131521,,7806027,7806027,5.94,IT1:101_1015(1.0),"https://esploradati.istat.it/SDMXWS/rest/data/IT1,101_1015,1.0/"
COMMEAT,frumento tenero,ITD5,Emilia-Romagna,2025,130006,,6951861,6951861,5.35,IT1:101_1015(1.0),"https://esploradati.istat.it/SDMXWS/rest/data/IT1,101_1015,1.0/"
COMMEAT,frumento tenero,ITD5,Emilia-Romagna,2026,131438,,9308576,9308576,7.08,IT1:101_1015(1.0),"https://esploradati.istat.it/SDMXWS/rest/data/IT1,101_1015,1.0/"
COMMEAT,frumento tenero,ITDA,Trentino Alto Adige / Südtirol,2024,108,,3760,3760,3.48,IT1:101_1015(1.0),"https://esploradati.istat.it/SDMXWS/rest/data/IT1,101_1015,1.0/"
COMMEAT,frumento tenero,ITDA,Trentino Alto Adige / Südtirol,2025,108,,4160,4160,3.85,IT1:101_1015(1.0),"https://esploradati.istat.it/SDMXWS/rest/data/IT1,101_1015,1.0/"
COMMEAT,frumento tenero,ITDA,Trentino Alto Adige / Südtirol,2026,99,,4000,4000,4.04,IT1:101_1015(1.0),"https://esploradati.istat.it/SDMXWS/rest/data/IT1,101_1015,1.0/"
COMMEAT,frumento tenero,ITE1,Toscana,2024,27096,,867306,868456,3.2,IT1:101_1015(1.0),"https://esploradati.istat.it/SDMXWS/rest/data/IT1,101_1015,1.0/"
COMMEAT,frumento tenero,ITE1,Toscana,2025,30345,,967665,967780,3.19,IT1:101_1015(1.0),"https://esploradati.istat.it/SDMXWS/rest/data/IT1,101_1015,1.0/"
COMMEAT,frumento tenero,ITE1,Toscana,2026,34070,,1240279,1240344,3.64,IT1:101_1015(1.0),"https://esploradati.istat.it/SDMXWS/rest/data/IT1,101_1015,1.0/"
COMMEAT,frumento tenero,ITE2,Umbria,2024,28900,,1300000,1300000,4.5,IT1:101_1015(1.0),"https://esploradati.istat.it/SDMXWS/rest/data/IT1,101_1015,1.0/"
COMMEAT,frumento tenero,ITE2,Umbria,2025,31300,,1455000,1455000,4.65,IT1:101_1015(1.0),"https://esploradati.istat.it/SDMXWS/rest/data/IT1,101_1015,1.0/"
COMMEAT,frumento tenero,ITE2,Umbria,2026,31500,,1536000,1536000,4.88,IT1:101_1015(1.0),"https://esploradati.istat.it/SDMXWS/rest/data/IT1,101_1015,1.0/"
COMMEAT,frumento tenero,ITE3,Marche,2024,14161,,633006,633006,4.47,IT1:101_1015(1.0),"https://esploradati.istat.it/SDMXWS/rest/data/IT1,101_1015,1.0/"
COMMEAT,frumento tenero,ITE3,Marche,2025,17682,,757383,757383,4.28,IT1:101_1015(1.0),"https://esploradati.istat.it/SDMXWS/rest/data/IT1,101_1015,1.0/"
COMMEAT,frumento tenero,ITE3,Marche,2026,20346,,737576,737576,3.63,IT1:101_1015(1.0),"https://esploradati.istat.it/SDMXWS/rest/data/IT1,101_1015,1.0/"
COMMEAT,frumento tenero,ITE4,Lazio,2024,11560,,384080,391700,3.32,IT1:101_1015(1.0),"https://esploradati.istat.it/SDMXWS/rest/data/IT1,101_1015,1.0/"
COMMEAT,frumento tenero,ITE4,Lazio,2025,11180,,352380,361100,3.15,IT1:101_1015(1.0),"https://esploradati.istat.it/SDMXWS/rest/data/IT1,101_1015,1.0/"
COMMEAT,frumento tenero,ITE4,Lazio,2026,11178,,413468,426700,3.7,IT1:101_1015(1.0),"https://esploradati.istat.it/SDMXWS/rest/data/IT1,101_1015,1.0/"
COMMEAT,frumento tenero,ITF1,Abruzzo,2024,22770,,738360,738360,3.24,IT1:101_1015(1.0),"https://esploradati.istat.it/SDMXWS/rest/data/IT1,101_1015,1.0/"
COMMEAT,frumento tenero,ITF1,Abruzzo,2025,22370,,718360,718360,3.21,IT1:101_1015(1.0),"https://esploradati.istat.it/SDMXWS/rest/data/IT1,101_1015,1.0/"
COMMEAT,frumento tenero,ITF1,Abruzzo,2026,23710,,954000,954000,4.02,IT1:101_1015(1.0),"https://esploradati.istat.it/SDMXWS/rest/data/IT1,101_1015,1.0/"
COMMEAT,frumento tenero,ITF2,Molise,2024,2700,,101100,101100,3.74,IT1:101_1015(1.0),"https://esploradati.istat.it/SDMXWS/rest/data/IT1,101_1015,1.0/"
COMMEAT,frumento tenero,ITF2,Molise,2025,2600,,87400,87400,3.36,IT1:101_1015(1.0),"https://esploradati.istat.it/SDMXWS/rest/data/IT1,101_1015,1.0/"
COMMEAT,frumento tenero,ITF2,Molise,2026,2700,,90800,90800,3.36,IT1:101_1015(1.0),"https://esploradati.istat.it/SDMXWS/rest/data/IT1,101_1015,1.0/"
COMMEAT,frumento tenero,ITF3,Campania,2024,15803,,504664,504664,3.19,IT1:101_1015(1.0),"https://esploradati.istat.it/SDMXWS/rest/data/IT1,101_1015,1.0/"
COMMEAT,frumento tenero,ITF3,Campania,2025,15520,,520850,520850,3.36,IT1:101_1015(1.0),"https://esploradati.istat.it/SDMXWS/rest/data/IT1,101_1015,1.0/"
COMMEAT,frumento tenero,ITF3,Campania,2026,15900,,539700,539700,3.39,IT1:101_1015(1.0),"https://esploradati.istat.it/SDMXWS/rest/data/IT1,101_1015,1.0/"
COMMEAT,frumento tenero,ITF4,Puglia,2024,7250,,164000,236700,2.26,IT1:101_1015(1.0),"https://esploradati.istat.it/SDMXWS/rest/data/IT1,101_1015,1.0/"
COMMEAT,frumento tenero,ITF4,Puglia,2025,6730,,154175,174500,2.29,IT1:101_1015(1.0),"https://esploradati.istat.it/SDMXWS/rest/data/IT1,101_1015,1.0/"
COMMEAT,frumento tenero,ITF4,Puglia,2026,6700,,161900,174000,2.42,IT1:101_1015(1.0),"https://esploradati.istat.it/SDMXWS/rest/data/IT1,101_1015,1.0/"
COMMEAT,frumento tenero,ITF5,Basilicata,2024,6925,,208560,208560,3.01,IT1:101_1015(1.0),"https://esploradati.istat.it/SDMXWS/rest/data/IT1,101_1015,1.0/"
COMMEAT,frumento tenero,ITF5,Basilicata,2025,6925,,208560,208560,3.01,IT1:101_1015(1.0),"https://esploradati.istat.it/SDMXWS/rest/data/IT1,101_1015,1.0/"
COMMEAT,frumento tenero,ITF5,Basilicata,2026,7328,,199205,199623,2.72,IT1:101_1015(1.0),"https://esploradati.istat.it/SDMXWS/rest/data/IT1,101_1015,1.0/"
COMMEAT,frumento tenero,ITF6,Calabria,2024,9227,,274536,278338,2.98,IT1:101_1015(1.0),"https://esploradati.istat.it/SDMXWS/rest/data/IT1,101_1015,1.0/"
COMMEAT,frumento tenero,ITF6,Calabria,2025,9227,,274036,277738,2.97,IT1:101_1015(1.0),"https://esploradati.istat.it/SDMXWS/rest/data/IT1,101_1015,1.0/"
COMMEAT,frumento tenero,ITF6,Calabria,2026,9238,,274281,278433,2.97,IT1:101_1015(1.0),"https://esploradati.istat.it/SDMXWS/rest/data/IT1,101_1015,1.0/"
COMMEAT,frumento tenero,ITG1,Sicilia,2024,110,,1700,1800,1.55,IT1:101_1015(1.0),"https://esploradati.istat.it/SDMXWS/rest/data/IT1,101_1015,1.0/"
COMMEAT,frumento tenero,ITG1,Sicilia,2025,110,,3300,3400,3.0,IT1:101_1015(1.0),"https://esploradati.istat.it/SDMXWS/rest/data/IT1,101_1015,1.0/"
COMMEAT,frumento tenero,ITG1,Sicilia,2026,110,,3300,3400,3.0,IT1:101_1015(1.0),"https://esploradati.istat.it/SDMXWS/rest/data/IT1,101_1015,1.0/"
COMMEAT,frumento tenero,ITG2,Sardegna,2024,278,,8567,8567,3.08,IT1:101_1015(1.0),"https://esploradati.istat.it/SDMXWS/rest/data/IT1,101_1015,1.0/"
COMMEAT,frumento tenero,ITG2,Sardegna,2025,279,,9018,9018,3.23,IT1:101_1015(1.0),"https://esploradati.istat.it/SDMXWS/rest/data/IT1,101_1015,1.0/"
COMMEAT,frumento tenero,ITG2,Sardegna,2026,274,,8918,8918,3.25,IT1:101_1015(1.0),"https://esploradati.istat.it/SDMXWS/rest/data/IT1,101_1015,1.0/"
KIWI,kiwi,IT,Italia,2024,24680,,4639073,4718069,18.8,IT1:101_1015(1.0),"https://esploradati.istat.it/SDMXWS/rest/data/IT1,101_1015,1.0/"
KIWI,kiwi,IT,Italia,2025,24693,,5120372,5192783,20.74,IT1:101_1015(1.0),"https://esploradati.istat.it/SDMXWS/rest/data/IT1,101_1015,1.0/"
KIWI,kiwi,IT,Italia,2026,24651,,4733602,4800486,19.2,IT1:101_1015(1.0),"https://esploradati.istat.it/SDMXWS/rest/data/IT1,101_1015,1.0/"
KIWI,kiwi,ITC1,Piemonte,2024,3038,,538715,538715,17.73,IT1:101_1015(1.0),"https://esploradati.istat.it/SDMXWS/rest/data/IT1,101_1015,1.0/"
KIWI,kiwi,ITC1,Piemonte,2025,2943,,647664,647664,22.01,IT1:101_1015(1.0),"https://esploradati.istat.it/SDMXWS/rest/data/IT1,101_1015,1.0/"
KIWI,kiwi,ITC1,Piemonte,2026,2826,,484331,484331,17.14,IT1:101_1015(1.0),"https://esploradati.istat.it/SDMXWS/rest/data/IT1,101_1015,1.0/"
KIWI,kiwi,ITC2,Valle d'Aosta / Vallée d'Aoste,2024,1,,200,200,20.0,IT1:101_1015(1.0),"https://esploradati.istat.it/SDMXWS/rest/data/IT1,101_1015,1.0/"
KIWI,kiwi,ITC2,Valle d'Aosta / Vallée d'Aoste,2025,1,,200,200,20.0,IT1:101_1015(1.0),"https://esploradati.istat.it/SDMXWS/rest/data/IT1,101_1015,1.0/"
KIWI,kiwi,ITC2,Valle d'Aosta / Vallée d'Aoste,2026,1,,200,200,20.0,IT1:101_1015(1.0),"https://esploradati.istat.it/SDMXWS/rest/data/IT1,101_1015,1.0/"
KIWI,kiwi,ITC3,Liguria,2024,23,,810,833,3.52,IT1:101_1015(1.0),"https://esploradati.istat.it/SDMXWS/rest/data/IT1,101_1015,1.0/"
KIWI,kiwi,ITC3,Liguria,2025,23,,800,823,3.48,IT1:101_1015(1.0),"https://esploradati.istat.it/SDMXWS/rest/data/IT1,101_1015,1.0/"
KIWI,kiwi,ITC3,Liguria,2026,20,,638,658,3.19,IT1:101_1015(1.0),"https://esploradati.istat.it/SDMXWS/rest/data/IT1,101_1015,1.0/"
KIWI,kiwi,ITC4,Lombardia,2024,700,,86261,86261,12.32,IT1:101_1015(1.0),"https://esploradati.istat.it/SDMXWS/rest/data/IT1,101_1015,1.0/"
KIWI,kiwi,ITC4,Lombardia,2025,674,,98990,98990,14.69,IT1:101_1015(1.0),"https://esploradati.istat.it/SDMXWS/rest/data/IT1,101_1015,1.0/"
KIWI,kiwi,ITC4,Lombardia,2026,658,,96240,96240,14.63,IT1:101_1015(1.0),"https://esploradati.istat.it/SDMXWS/rest/data/IT1,101_1015,1.0/"
KIWI,kiwi,ITD1,Provincia Autonoma Bolzano / Bozen,2024,4,,1000,1000,25.0,IT1:101_1015(1.0),"https://esploradati.istat.it/SDMXWS/rest/data/IT1,101_1015,1.0/"
KIWI,kiwi,ITD1,Provincia Autonoma Bolzano / Bozen,2025,4,,1000,1000,25.0,IT1:101_1015(1.0),"https://esploradati.istat.it/SDMXWS/rest/data/IT1,101_1015,1.0/"
KIWI,kiwi,ITD1,Provincia Autonoma Bolzano / Bozen,2026,4,,1000,1000,25.0,IT1:101_1015(1.0),"https://esploradati.istat.it/SDMXWS/rest/data/IT1,101_1015,1.0/"
KIWI,kiwi,ITD2,Provincia Autonoma Trento,2024,50,,10590,10590,21.18,IT1:101_1015(1.0),"https://esploradati.istat.it/SDMXWS/rest/data/IT1,101_1015,1.0/"
KIWI,kiwi,ITD2,Provincia Autonoma Trento,2025,50,,10590,10590,21.18,IT1:101_1015(1.0),"https://esploradati.istat.it/SDMXWS/rest/data/IT1,101_1015,1.0/"
KIWI,kiwi,ITD2,Provincia Autonoma Trento,2026,60,,13400,13400,22.33,IT1:101_1015(1.0),"https://esploradati.istat.it/SDMXWS/rest/data/IT1,101_1015,1.0/"
KIWI,kiwi,ITD3,Veneto,2024,2662,,430111,451680,16.16,IT1:101_1015(1.0),"https://esploradati.istat.it/SDMXWS/rest/data/IT1,101_1015,1.0/"
KIWI,kiwi,ITD3,Veneto,2025,2559,,481451,505510,18.81,IT1:101_1015(1.0),"https://esploradati.istat.it/SDMXWS/rest/data/IT1,101_1015,1.0/"
KIWI,kiwi,ITD3,Veneto,2026,2560,,504346,529564,19.7,IT1:101_1015(1.0),"https://esploradati.istat.it/SDMXWS/rest/data/IT1,101_1015,1.0/"
KIWI,kiwi,ITD4,Friuli-Venezia Giulia,2024,473,,84520,85374,17.87,IT1:101_1015(1.0),"https://esploradati.istat.it/SDMXWS/rest/data/IT1,101_1015,1.0/"
KIWI,kiwi,ITD4,Friuli-Venezia Giulia,2025,455,,120721,121940,26.53,IT1:101_1015(1.0),"https://esploradati.istat.it/SDMXWS/rest/data/IT1,101_1015,1.0/"
KIWI,kiwi,ITD4,Friuli-Venezia Giulia,2026,455,,32433,32760,7.13,IT1:101_1015(1.0),"https://esploradati.istat.it/SDMXWS/rest/data/IT1,101_1015,1.0/"
KIWI,kiwi,ITD5,Emilia-Romagna,2024,4286,,707664,707664,16.51,IT1:101_1015(1.0),"https://esploradati.istat.it/SDMXWS/rest/data/IT1,101_1015,1.0/"
KIWI,kiwi,ITD5,Emilia-Romagna,2025,4470,,757312,757312,16.94,IT1:101_1015(1.0),"https://esploradati.istat.it/SDMXWS/rest/data/IT1,101_1015,1.0/"
KIWI,kiwi,ITD5,Emilia-Romagna,2026,4491,,763910,763910,17.01,IT1:101_1015(1.0),"https://esploradati.istat.it/SDMXWS/rest/data/IT1,101_1015,1.0/"
KIWI,kiwi,ITDA,Trentino Alto Adige / Südtirol,2024,54,,11590,11590,21.46,IT1:101_1015(1.0),"https://esploradati.istat.it/SDMXWS/rest/data/IT1,101_1015,1.0/"
KIWI,kiwi,ITDA,Trentino Alto Adige / Südtirol,2025,54,,11590,11590,21.46,IT1:101_1015(1.0),"https://esploradati.istat.it/SDMXWS/rest/data/IT1,101_1015,1.0/"
KIWI,kiwi,ITDA,Trentino Alto Adige / Südtirol,2026,64,,14400,14400,22.5,IT1:101_1015(1.0),"https://esploradati.istat.it/SDMXWS/rest/data/IT1,101_1015,1.0/"
KIWI,kiwi,ITE1,Toscana,2024,73,,14530,14685,19.9,IT1:101_1015(1.0),"https://esploradati.istat.it/SDMXWS/rest/data/IT1,101_1015,1.0/"
KIWI,kiwi,ITE1,Toscana,2025,88,,15745,15905,17.89,IT1:101_1015(1.0),"https://esploradati.istat.it/SDMXWS/rest/data/IT1,101_1015,1.0/"
KIWI,kiwi,ITE1,Toscana,2026,91,,15855,15870,17.42,IT1:101_1015(1.0),"https://esploradati.istat.it/SDMXWS/rest/data/IT1,101_1015,1.0/"
KIWI,kiwi,ITE2,Umbria,2024,1,,100,100,10.0,IT1:101_1015(1.0),"https://esploradati.istat.it/SDMXWS/rest/data/IT1,101_1015,1.0/"
KIWI,kiwi,ITE2,Umbria,2025,1,,100,100,10.0,IT1:101_1015(1.0),"https://esploradati.istat.it/SDMXWS/rest/data/IT1,101_1015,1.0/"
KIWI,kiwi,ITE2,Umbria,2026,1,,100,100,10.0,IT1:101_1015(1.0),"https://esploradati.istat.it/SDMXWS/rest/data/IT1,101_1015,1.0/"
KIWI,kiwi,ITE3,Marche,2024,43,,4353,4353,10.12,IT1:101_1015(1.0),"https://esploradati.istat.it/SDMXWS/rest/data/IT1,101_1015,1.0/"
KIWI,kiwi,ITE3,Marche,2025,51,,5760,5760,11.29,IT1:101_1015(1.0),"https://esploradati.istat.it/SDMXWS/rest/data/IT1,101_1015,1.0/"
KIWI,kiwi,ITE3,Marche,2026,50,,5137,5137,10.27,IT1:101_1015(1.0),"https://esploradati.istat.it/SDMXWS/rest/data/IT1,101_1015,1.0/"
KIWI,kiwi,ITE4,Lazio,2024,9419,,1905760,1956000,20.23,IT1:101_1015(1.0),"https://esploradati.istat.it/SDMXWS/rest/data/IT1,101_1015,1.0/"
KIWI,kiwi,ITE4,Lazio,2025,9464,,2079720,2125500,21.98,IT1:101_1015(1.0),"https://esploradati.istat.it/SDMXWS/rest/data/IT1,101_1015,1.0/"
KIWI,kiwi,ITE4,Lazio,2026,9467,,2067830,2106500,21.84,IT1:101_1015(1.0),"https://esploradati.istat.it/SDMXWS/rest/data/IT1,101_1015,1.0/"
KIWI,kiwi,ITF1,Abruzzo,2024,168,,41349,41349,24.61,IT1:101_1015(1.0),"https://esploradati.istat.it/SDMXWS/rest/data/IT1,101_1015,1.0/"
KIWI,kiwi,ITF1,Abruzzo,2025,168,,42349,42349,25.21,IT1:101_1015(1.0),"https://esploradati.istat.it/SDMXWS/rest/data/IT1,101_1015,1.0/"
KIWI,kiwi,ITF1,Abruzzo,2026,185,,41000,41000,22.16,IT1:101_1015(1.0),"https://esploradati.istat.it/SDMXWS/rest/data/IT1,101_1015,1.0/"
KIWI,kiwi,ITF2,Molise,2024,30,,6210,6210,20.7,IT1:101_1015(1.0),"https://esploradati.istat.it/SDMXWS/rest/data/IT1,101_1015,1.0/"
KIWI,kiwi,ITF2,Molise,2025,30,,6510,6510,21.7,IT1:101_1015(1.0),"https://esploradati.istat.it/SDMXWS/rest/data/IT1,101_1015,1.0/"
KIWI,kiwi,ITF2,Molise,2026,30,,6510,6510,21.7,IT1:101_1015(1.0),"https://esploradati.istat.it/SDMXWS/rest/data/IT1,101_1015,1.0/"
KIWI,kiwi,ITF3,Campania,2024,1463,,254000,256000,17.36,IT1:101_1015(1.0),"https://esploradati.istat.it/SDMXWS/rest/data/IT1,101_1015,1.0/"
KIWI,kiwi,ITF3,Campania,2025,1468,,295100,295100,20.1,IT1:101_1015(1.0),"https://esploradati.istat.it/SDMXWS/rest/data/IT1,101_1015,1.0/"
KIWI,kiwi,ITF3,Campania,2026,1468,,296600,296600,20.2,IT1:101_1015(1.0),"https://esploradati.istat.it/SDMXWS/rest/data/IT1,101_1015,1.0/"
KIWI,kiwi,ITF4,Puglia,2024,142,,33600,35420,23.66,IT1:101_1015(1.0),"https://esploradati.istat.it/SDMXWS/rest/data/IT1,101_1015,1.0/"
KIWI,kiwi,ITF4,Puglia,2025,137,,35000,35380,25.55,IT1:101_1015(1.0),"https://esploradati.istat.it/SDMXWS/rest/data/IT1,101_1015,1.0/"
KIWI,kiwi,ITF4,Puglia,2026,165,,40230,41540,24.38,IT1:101_1015(1.0),"https://esploradati.istat.it/SDMXWS/rest/data/IT1,101_1015,1.0/"
KIWI,kiwi,ITF5,Basilicata,2024,454,,75840,76050,16.7,IT1:101_1015(1.0),"https://esploradati.istat.it/SDMXWS/rest/data/IT1,101_1015,1.0/"
KIWI,kiwi,ITF5,Basilicata,2025,454,,75840,76050,16.7,IT1:101_1015(1.0),"https://esploradati.istat.it/SDMXWS/rest/data/IT1,101_1015,1.0/"
KIWI,kiwi,ITF5,Basilicata,2026,472,,79114,79336,16.76,IT1:101_1015(1.0),"https://esploradati.istat.it/SDMXWS/rest/data/IT1,101_1015,1.0/"
KIWI,kiwi,ITF6,Calabria,2024,1579,,434640,434965,27.53,IT1:101_1015(1.0),"https://esploradati.istat.it/SDMXWS/rest/data/IT1,101_1015,1.0/"
KIWI,kiwi,ITF6,Calabria,2025,1579,,434440,434780,27.51,IT1:101_1015(1.0),"https://esploradati.istat.it/SDMXWS/rest/data/IT1,101_1015,1.0/"
KIWI,kiwi,ITF6,Calabria,2026,1585,,275728,276630,17.4,IT1:101_1015(1.0),"https://esploradati.istat.it/SDMXWS/rest/data/IT1,101_1015,1.0/"
KIWI,kiwi,ITG1,Sicilia,2024,71,,8820,10620,12.42,IT1:101_1015(1.0),"https://esploradati.istat.it/SDMXWS/rest/data/IT1,101_1015,1.0/"
KIWI,kiwi,ITG1,Sicilia,2025,74,,11080,11320,14.97,IT1:101_1015(1.0),"https://esploradati.istat.it/SDMXWS/rest/data/IT1,101_1015,1.0/"
KIWI,kiwi,ITG1,Sicilia,2026,62,,9000,9200,14.52,IT1:101_1015(1.0),"https://esploradati.istat.it/SDMXWS/rest/data/IT1,101_1015,1.0/"
MAIZE,mais,IT,Italia,2024,495354,,49244977,49709742,9.94,IT1:101_1015(1.0),"https://esploradati.istat.it/SDMXWS/rest/data/IT1,101_1015,1.0/"
MAIZE,mais,IT,Italia,2025,540945,,55111196,56620427,10.19,IT1:101_1015(1.0),"https://esploradati.istat.it/SDMXWS/rest/data/IT1,101_1015,1.0/"
MAIZE,mais,IT,Italia,2026,530296,,54376129,54837817,10.25,IT1:101_1015(1.0),"https://esploradati.istat.it/SDMXWS/rest/data/IT1,101_1015,1.0/"
MAIZE,mais,ITC1,Piemonte,2024,115746,,13549475,13549475,11.71,IT1:101_1015(1.0),"https://esploradati.istat.it/SDMXWS/rest/data/IT1,101_1015,1.0/"
MAIZE,mais,ITC1,Piemonte,2025,127293,,14965982,14965982,11.76,IT1:101_1015(1.0),"https://esploradati.istat.it/SDMXWS/rest/data/IT1,101_1015,1.0/"
MAIZE,mais,ITC1,Piemonte,2026,116856,,13134511,13134511,11.24,IT1:101_1015(1.0),"https://esploradati.istat.it/SDMXWS/rest/data/IT1,101_1015,1.0/"
MAIZE,mais,ITC2,Valle d'Aosta / Vallée d'Aoste,2024,6,,450,450,7.5,IT1:101_1015(1.0),"https://esploradati.istat.it/SDMXWS/rest/data/IT1,101_1015,1.0/"
MAIZE,mais,ITC2,Valle d'Aosta / Vallée d'Aoste,2025,6,,450,450,7.5,IT1:101_1015(1.0),"https://esploradati.istat.it/SDMXWS/rest/data/IT1,101_1015,1.0/"
MAIZE,mais,ITC2,Valle d'Aosta / Vallée d'Aoste,2026,6,,450,450,7.5,IT1:101_1015(1.0),"https://esploradati.istat.it/SDMXWS/rest/data/IT1,101_1015,1.0/"
MAIZE,mais,ITC3,Liguria,2024,80,,5600,5600,7.0,IT1:101_1015(1.0),"https://esploradati.istat.it/SDMXWS/rest/data/IT1,101_1015,1.0/"
MAIZE,mais,ITC3,Liguria,2025,91,,5960,6160,6.55,IT1:101_1015(1.0),"https://esploradati.istat.it/SDMXWS/rest/data/IT1,101_1015,1.0/"
MAIZE,mais,ITC3,Liguria,2026,83,,5810,5810,7.0,IT1:101_1015(1.0),"https://esploradati.istat.it/SDMXWS/rest/data/IT1,101_1015,1.0/"
MAIZE,mais,ITC4,Lombardia,2024,115820,,12402643,12402643,10.71,IT1:101_1015(1.0),"https://esploradati.istat.it/SDMXWS/rest/data/IT1,101_1015,1.0/"
MAIZE,mais,ITC4,Lombardia,2025,124998,,14816871,14816871,11.85,IT1:101_1015(1.0),"https://esploradati.istat.it/SDMXWS/rest/data/IT1,101_1015,1.0/"
MAIZE,mais,ITC4,Lombardia,2026,122545,,14459186,14459186,11.8,IT1:101_1015(1.0),"https://esploradati.istat.it/SDMXWS/rest/data/IT1,101_1015,1.0/"
MAIZE,mais,ITD1,Provincia Autonoma Bolzano / Bozen,2024,6,,420,420,7.0,IT1:101_1015(1.0),"https://esploradati.istat.it/SDMXWS/rest/data/IT1,101_1015,1.0/"
MAIZE,mais,ITD1,Provincia Autonoma Bolzano / Bozen,2025,6,,420,420,7.0,IT1:101_1015(1.0),"https://esploradati.istat.it/SDMXWS/rest/data/IT1,101_1015,1.0/"
MAIZE,mais,ITD1,Provincia Autonoma Bolzano / Bozen,2026,7,,490,490,7.0,IT1:101_1015(1.0),"https://esploradati.istat.it/SDMXWS/rest/data/IT1,101_1015,1.0/"
MAIZE,mais,ITD2,Provincia Autonoma Trento,2024,346,,16250,16250,4.7,IT1:101_1015(1.0),"https://esploradati.istat.it/SDMXWS/rest/data/IT1,101_1015,1.0/"
MAIZE,mais,ITD2,Provincia Autonoma Trento,2025,415,,17430,17430,4.2,IT1:101_1015(1.0),"https://esploradati.istat.it/SDMXWS/rest/data/IT1,101_1015,1.0/"
MAIZE,mais,ITD2,Provincia Autonoma Trento,2026,370,,19500,19500,5.27,IT1:101_1015(1.0),"https://esploradati.istat.it/SDMXWS/rest/data/IT1,101_1015,1.0/"
MAIZE,mais,ITD3,Veneto,2024,122909,,12022470,12382120,9.78,IT1:101_1015(1.0),"https://esploradati.istat.it/SDMXWS/rest/data/IT1,101_1015,1.0/"
MAIZE,mais,ITD3,Veneto,2025,140425,,13745036,15187386,9.79,IT1:101_1015(1.0),"https://esploradati.istat.it/SDMXWS/rest/data/IT1,101_1015,1.0/"
MAIZE,mais,ITD3,Veneto,2026,140425,,13340947,13740896,9.5,IT1:101_1015(1.0),"https://esploradati.istat.it/SDMXWS/rest/data/IT1,101_1015,1.0/"
MAIZE,mais,ITD4,Friuli-Venezia Giulia,2024,33058,,1891645,1910752,5.72,IT1:101_1015(1.0),"https://esploradati.istat.it/SDMXWS/rest/data/IT1,101_1015,1.0/"
MAIZE,mais,ITD4,Friuli-Venezia Giulia,2025,37108,,1987961,2008041,5.36,IT1:101_1015(1.0),"https://esploradati.istat.it/SDMXWS/rest/data/IT1,101_1015,1.0/"
MAIZE,mais,ITD4,Friuli-Venezia Giulia,2026,37243,,4018892,4059487,10.79,IT1:101_1015(1.0),"https://esploradati.istat.it/SDMXWS/rest/data/IT1,101_1015,1.0/"
MAIZE,mais,ITD5,Emilia-Romagna,2024,51408,,5084252,5129605,9.89,IT1:101_1015(1.0),"https://esploradati.istat.it/SDMXWS/rest/data/IT1,101_1015,1.0/"
MAIZE,mais,ITD5,Emilia-Romagna,2025,59885,,5713497,5713497,9.54,IT1:101_1015(1.0),"https://esploradati.istat.it/SDMXWS/rest/data/IT1,101_1015,1.0/"
MAIZE,mais,ITD5,Emilia-Romagna,2026,57470,,5251218,5251218,9.14,IT1:101_1015(1.0),"https://esploradati.istat.it/SDMXWS/rest/data/IT1,101_1015,1.0/"
MAIZE,mais,ITDA,Trentino Alto Adige / Südtirol,2024,352,,16670,16670,4.74,IT1:101_1015(1.0),"https://esploradati.istat.it/SDMXWS/rest/data/IT1,101_1015,1.0/"
MAIZE,mais,ITDA,Trentino Alto Adige / Südtirol,2025,421,,17850,17850,4.24,IT1:101_1015(1.0),"https://esploradati.istat.it/SDMXWS/rest/data/IT1,101_1015,1.0/"
MAIZE,mais,ITDA,Trentino Alto Adige / Südtirol,2026,377,,19990,19990,5.3,IT1:101_1015(1.0),"https://esploradati.istat.it/SDMXWS/rest/data/IT1,101_1015,1.0/"
MAIZE,mais,ITE1,Toscana,2024,6210,,505680,507740,8.14,IT1:101_1015(1.0),"https://esploradati.istat.it/SDMXWS/rest/data/IT1,101_1015,1.0/"
MAIZE,mais,ITE1,Toscana,2025,4143,,323162,324170,7.8,IT1:101_1015(1.0),"https://esploradati.istat.it/SDMXWS/rest/data/IT1,101_1015,1.0/"
MAIZE,mais,ITE1,Toscana,2026,4454,,364070,367640,8.17,IT1:101_1015(1.0),"https://esploradati.istat.it/SDMXWS/rest/data/IT1,101_1015,1.0/"
MAIZE,mais,ITE2,Umbria,2024,4580,,406500,406500,8.88,IT1:101_1015(1.0),"https://esploradati.istat.it/SDMXWS/rest/data/IT1,101_1015,1.0/"
MAIZE,mais,ITE2,Umbria,2025,3700,,334000,334000,9.03,IT1:101_1015(1.0),"https://esploradati.istat.it/SDMXWS/rest/data/IT1,101_1015,1.0/"
MAIZE,mais,ITE2,Umbria,2026,3980,,362000,362000,9.1,IT1:101_1015(1.0),"https://esploradati.istat.it/SDMXWS/rest/data/IT1,101_1015,1.0/"
MAIZE,mais,ITE3,Marche,2024,2351,,176141,176141,7.49,IT1:101_1015(1.0),"https://esploradati.istat.it/SDMXWS/rest/data/IT1,101_1015,1.0/"
MAIZE,mais,ITE3,Marche,2025,2004,,146532,146532,7.31,IT1:101_1015(1.0),"https://esploradati.istat.it/SDMXWS/rest/data/IT1,101_1015,1.0/"
MAIZE,mais,ITE3,Marche,2026,1739,,134697,134697,7.75,IT1:101_1015(1.0),"https://esploradati.istat.it/SDMXWS/rest/data/IT1,101_1015,1.0/"
MAIZE,mais,ITE4,Lazio,2024,13225,,1131700,1164500,8.56,IT1:101_1015(1.0),"https://esploradati.istat.it/SDMXWS/rest/data/IT1,101_1015,1.0/"
MAIZE,mais,ITE4,Lazio,2025,13092,,1121252,1161760,8.56,IT1:101_1015(1.0),"https://esploradati.istat.it/SDMXWS/rest/data/IT1,101_1015,1.0/"
MAIZE,mais,ITE4,Lazio,2026,14007,,1220565,1232500,8.71,IT1:101_1015(1.0),"https://esploradati.istat.it/SDMXWS/rest/data/IT1,101_1015,1.0/"
MAIZE,mais,ITF1,Abruzzo,2024,7480,,611100,611100,8.17,IT1:101_1015(1.0),"https://esploradati.istat.it/SDMXWS/rest/data/IT1,101_1015,1.0/"
MAIZE,mais,ITF1,Abruzzo,2025,7480,,614100,614100,8.21,IT1:101_1015(1.0),"https://esploradati.istat.it/SDMXWS/rest/data/IT1,101_1015,1.0/"
MAIZE,mais,ITF1,Abruzzo,2026,9990,,660000,660000,6.61,IT1:101_1015(1.0),"https://esploradati.istat.it/SDMXWS/rest/data/IT1,101_1015,1.0/"
MAIZE,mais,ITF2,Molise,2024,1250,,55000,55000,4.4,IT1:101_1015(1.0),"https://esploradati.istat.it/SDMXWS/rest/data/IT1,101_1015,1.0/"
MAIZE,mais,ITF2,Molise,2025,1250,,55000,55000,4.4,IT1:101_1015(1.0),"https://esploradati.istat.it/SDMXWS/rest/data/IT1,101_1015,1.0/"
MAIZE,mais,ITF2,Molise,2026,1250,,61100,61100,4.89,IT1:101_1015(1.0),"https://esploradati.istat.it/SDMXWS/rest/data/IT1,101_1015,1.0/"
MAIZE,mais,ITF3,Campania,2024,12500,,885767,886767,7.09,IT1:101_1015(1.0),"https://esploradati.istat.it/SDMXWS/rest/data/IT1,101_1015,1.0/"
MAIZE,mais,ITF3,Campania,2025,10750,,769300,769800,7.16,IT1:101_1015(1.0),"https://esploradati.istat.it/SDMXWS/rest/data/IT1,101_1015,1.0/"
MAIZE,mais,ITF3,Campania,2026,10900,,787000,787000,7.22,IT1:101_1015(1.0),"https://esploradati.istat.it/SDMXWS/rest/data/IT1,101_1015,1.0/"
MAIZE,mais,ITF4,Puglia,2024,820,,50100,51200,6.11,IT1:101_1015(1.0),"https://esploradati.istat.it/SDMXWS/rest/data/IT1,101_1015,1.0/"
MAIZE,mais,ITF4,Puglia,2025,800,,48800,50000,6.1,IT1:101_1015(1.0),"https://esploradati.istat.it/SDMXWS/rest/data/IT1,101_1015,1.0/"
MAIZE,mais,ITF4,Puglia,2026,610,,38300,40500,6.28,IT1:101_1015(1.0),"https://esploradati.istat.it/SDMXWS/rest/data/IT1,101_1015,1.0/"
MAIZE,mais,ITF5,Basilicata,2024,821,,38450,38457,4.68,IT1:101_1015(1.0),"https://esploradati.istat.it/SDMXWS/rest/data/IT1,101_1015,1.0/"
MAIZE,mais,ITF5,Basilicata,2025,821,,38450,38457,4.68,IT1:101_1015(1.0),"https://esploradati.istat.it/SDMXWS/rest/data/IT1,101_1015,1.0/"
MAIZE,mais,ITF5,Basilicata,2026,880,,39504,40016,4.49,IT1:101_1015(1.0),"https://esploradati.istat.it/SDMXWS/rest/data/IT1,101_1015,1.0/"
MAIZE,mais,ITF6,Calabria,2024,4123,,183588,186276,4.45,IT1:101_1015(1.0),"https://esploradati.istat.it/SDMXWS/rest/data/IT1,101_1015,1.0/"
MAIZE,mais,ITF6,Calabria,2025,4123,,183123,185501,4.44,IT1:101_1015(1.0),"https://esploradati.istat.it/SDMXWS/rest/data/IT1,101_1015,1.0/"
MAIZE,mais,ITF6,Calabria,2026,4575,,224499,227026,4.91,IT1:101_1015(1.0),"https://esploradati.istat.it/SDMXWS/rest/data/IT1,101_1015,1.0/"
MAIZE,mais,ITG1,Sicilia,2024,200,,10550,11550,5.28,IT1:101_1015(1.0),"https://esploradati.istat.it/SDMXWS/rest/data/IT1,101_1015,1.0/"
MAIZE,mais,ITG1,Sicilia,2025,180,,11250,12250,6.25,IT1:101_1015(1.0),"https://esploradati.istat.it/SDMXWS/rest/data/IT1,101_1015,1.0/"
MAIZE,mais,ITG1,Sicilia,2026,260,,13000,13400,5.0,IT1:101_1015(1.0),"https://esploradati.istat.it/SDMXWS/rest/data/IT1,101_1015,1.0/"
MAIZE,mais,ITG2,Sardegna,2024,2415,,217196,217196,8.99,IT1:101_1015(1.0),"https://esploradati.istat.it/SDMXWS/rest/data/IT1,101_1015,1.0/"
MAIZE,mais,ITG2,Sardegna,2025,2375,,212620,212620,8.95,IT1:101_1015(1.0),"https://esploradati.istat.it/SDMXWS/rest/data/IT1,101_1015,1.0/"
MAIZE,mais,ITG2,Sardegna,2026,2646,,240390,240390,9.09,IT1:101_1015(1.0),"https://esploradati.istat.it/SDMXWS/rest/data/IT1,101_1015,1.0/"
OFTP,pomodoro da trasformazione in piena aria,IT,Italia,2024,76746,,48208652,49193795,62.82,IT1:101_1015(1.0),"https://esploradati.istat.it/SDMXWS/rest/data/IT1,101_1015,1.0/"
OFTP,pomodoro da trasformazione in piena aria,IT,Italia,2025,81365,,54159407,55511121,66.56,IT1:101_1015(1.0),"https://esploradati.istat.it/SDMXWS/rest/data/IT1,101_1015,1.0/"
OFTP,pomodoro da trasformazione in piena aria,IT,Italia,2026,90105,,60808583,61532808,67.49,IT1:101_1015(1.0),"https://esploradati.istat.it/SDMXWS/rest/data/IT1,101_1015,1.0/"
OFTP,pomodoro da trasformazione in piena aria,ITC1,Piemonte,2024,3257,,1620814,1620814,49.76,IT1:101_1015(1.0),"https://esploradati.istat.it/SDMXWS/rest/data/IT1,101_1015,1.0/"
OFTP,pomodoro da trasformazione in piena aria,ITC1,Piemonte,2025,4036,,2011178,2011178,49.83,IT1:101_1015(1.0),"https://esploradati.istat.it/SDMXWS/rest/data/IT1,101_1015,1.0/"
OFTP,pomodoro da trasformazione in piena aria,ITC1,Piemonte,2026,4027,,1870428,1870428,46.45,IT1:101_1015(1.0),"https://esploradati.istat.it/SDMXWS/rest/data/IT1,101_1015,1.0/"
OFTP,pomodoro da trasformazione in piena aria,ITC4,Lombardia,2024,8750,,4940730,4940730,56.47,IT1:101_1015(1.0),"https://esploradati.istat.it/SDMXWS/rest/data/IT1,101_1015,1.0/"
OFTP,pomodoro da trasformazione in piena aria,ITC4,Lombardia,2025,10011,,6627020,6627020,66.2,IT1:101_1015(1.0),"https://esploradati.istat.it/SDMXWS/rest/data/IT1,101_1015,1.0/"
OFTP,pomodoro da trasformazione in piena aria,ITC4,Lombardia,2026,11001,,7285390,7285390,66.22,IT1:101_1015(1.0),"https://esploradati.istat.it/SDMXWS/rest/data/IT1,101_1015,1.0/"
OFTP,pomodoro da trasformazione in piena aria,ITD2,Provincia Autonoma Trento,2024,2,,500,500,25.0,IT1:101_1015(1.0),"https://esploradati.istat.it/SDMXWS/rest/data/IT1,101_1015,1.0/"
OFTP,pomodoro da trasformazione in piena aria,ITD2,Provincia Autonoma Trento,2025,3,,750,750,25.0,IT1:101_1015(1.0),"https://esploradati.istat.it/SDMXWS/rest/data/IT1,101_1015,1.0/"
OFTP,pomodoro da trasformazione in piena aria,ITD2,Provincia Autonoma Trento,2026,3,,100,100,3.33,IT1:101_1015(1.0),"https://esploradati.istat.it/SDMXWS/rest/data/IT1,101_1015,1.0/"
OFTP,pomodoro da trasformazione in piena aria,ITD3,Veneto,2024,2341,,1250460,1313005,53.42,IT1:101_1015(1.0),"https://esploradati.istat.it/SDMXWS/rest/data/IT1,101_1015,1.0/"
OFTP,pomodoro da trasformazione in piena aria,ITD3,Veneto,2025,2934,,1766895,1852241,60.22,IT1:101_1015(1.0),"https://esploradati.istat.it/SDMXWS/rest/data/IT1,101_1015,1.0/"
OFTP,pomodoro da trasformazione in piena aria,ITD3,Veneto,2026,2720,,1587284,1666648,58.36,IT1:101_1015(1.0),"https://esploradati.istat.it/SDMXWS/rest/data/IT1,101_1015,1.0/"
OFTP,pomodoro da trasformazione in piena aria,ITD5,Emilia-Romagna,2024,27232,,17049320,17175720,62.61,IT1:101_1015(1.0),"https://esploradati.istat.it/SDMXWS/rest/data/IT1,101_1015,1.0/"
OFTP,pomodoro da trasformazione in piena aria,ITD5,Emilia-Romagna,2025,28811,,20104036,20104036,69.78,IT1:101_1015(1.0),"https://esploradati.istat.it/SDMXWS/rest/data/IT1,101_1015,1.0/"
OFTP,pomodoro da trasformazione in piena aria,ITD5,Emilia-Romagna,2026,28810,,21570316,21570316,74.87,IT1:101_1015(1.0),"https://esploradati.istat.it/SDMXWS/rest/data/IT1,101_1015,1.0/"
OFTP,pomodoro da trasformazione in piena aria,ITDA,Trentino Alto Adige / Südtirol,2024,2,,500,500,25.0,IT1:101_1015(1.0),"https://esploradati.istat.it/SDMXWS/rest/data/IT1,101_1015,1.0/"
OFTP,pomodoro da trasformazione in piena aria,ITDA,Trentino Alto Adige / Südtirol,2025,3,,750,750,25.0,IT1:101_1015(1.0),"https://esploradati.istat.it/SDMXWS/rest/data/IT1,101_1015,1.0/"
OFTP,pomodoro da trasformazione in piena aria,ITDA,Trentino Alto Adige / Südtirol,2026,3,,100,100,3.33,IT1:101_1015(1.0),"https://esploradati.istat.it/SDMXWS/rest/data/IT1,101_1015,1.0/"
OFTP,pomodoro da trasformazione in piena aria,ITE1,Toscana,2024,2313,,1429370,1430370,61.8,IT1:101_1015(1.0),"https://esploradati.istat.it/SDMXWS/rest/data/IT1,101_1015,1.0/"
OFTP,pomodoro da trasformazione in piena aria,ITE1,Toscana,2025,2271,,1350040,1355040,59.45,IT1:101_1015(1.0),"https://esploradati.istat.it/SDMXWS/rest/data/IT1,101_1015,1.0/"
OFTP,pomodoro da trasformazione in piena aria,ITE1,Toscana,2026,2160,,1444660,1444710,66.88,IT1:101_1015(1.0),"https://esploradati.istat.it/SDMXWS/rest/data/IT1,101_1015,1.0/"
OFTP,pomodoro da trasformazione in piena aria,ITE2,Umbria,2024,211,,125625,125625,59.54,IT1:101_1015(1.0),"https://esploradati.istat.it/SDMXWS/rest/data/IT1,101_1015,1.0/"
OFTP,pomodoro da trasformazione in piena aria,ITE2,Umbria,2025,216,,130625,130625,60.47,IT1:101_1015(1.0),"https://esploradati.istat.it/SDMXWS/rest/data/IT1,101_1015,1.0/"
OFTP,pomodoro da trasformazione in piena aria,ITE2,Umbria,2026,221,,132625,132625,60.01,IT1:101_1015(1.0),"https://esploradati.istat.it/SDMXWS/rest/data/IT1,101_1015,1.0/"
OFTP,pomodoro da trasformazione in piena aria,ITE3,Marche,2024,8,,4150,4150,51.88,IT1:101_1015(1.0),"https://esploradati.istat.it/SDMXWS/rest/data/IT1,101_1015,1.0/"
OFTP,pomodoro da trasformazione in piena aria,ITE3,Marche,2025,15,,6850,6850,45.67,IT1:101_1015(1.0),"https://esploradati.istat.it/SDMXWS/rest/data/IT1,101_1015,1.0/"
OFTP,pomodoro da trasformazione in piena aria,ITE3,Marche,2026,5,,2870,2870,57.4,IT1:101_1015(1.0),"https://esploradati.istat.it/SDMXWS/rest/data/IT1,101_1015,1.0/"
OFTP,pomodoro da trasformazione in piena aria,ITE4,Lazio,2024,1757,,1455070,1465000,82.82,IT1:101_1015(1.0),"https://esploradati.istat.it/SDMXWS/rest/data/IT1,101_1015,1.0/"
OFTP,pomodoro da trasformazione in piena aria,ITE4,Lazio,2025,2027,,1644450,1655750,81.13,IT1:101_1015(1.0),"https://esploradati.istat.it/SDMXWS/rest/data/IT1,101_1015,1.0/"
OFTP,pomodoro da trasformazione in piena aria,ITE4,Lazio,2026,1955,,1382050,1403800,70.69,IT1:101_1015(1.0),"https://esploradati.istat.it/SDMXWS/rest/data/IT1,101_1015,1.0/"
OFTP,pomodoro da trasformazione in piena aria,ITF1,Abruzzo,2024,1280,,585000,585000,45.7,IT1:101_1015(1.0),"https://esploradati.istat.it/SDMXWS/rest/data/IT1,101_1015,1.0/"
OFTP,pomodoro da trasformazione in piena aria,ITF1,Abruzzo,2025,1280,,625000,625000,48.83,IT1:101_1015(1.0),"https://esploradati.istat.it/SDMXWS/rest/data/IT1,101_1015,1.0/"
OFTP,pomodoro da trasformazione in piena aria,ITF1,Abruzzo,2026,1192,,576190,576190,48.34,IT1:101_1015(1.0),"https://esploradati.istat.it/SDMXWS/rest/data/IT1,101_1015,1.0/"
OFTP,pomodoro da trasformazione in piena aria,ITF2,Molise,2024,940,,561000,561000,59.68,IT1:101_1015(1.0),"https://esploradati.istat.it/SDMXWS/rest/data/IT1,101_1015,1.0/"
OFTP,pomodoro da trasformazione in piena aria,ITF2,Molise,2025,940,,560000,560000,59.57,IT1:101_1015(1.0),"https://esploradati.istat.it/SDMXWS/rest/data/IT1,101_1015,1.0/"
OFTP,pomodoro da trasformazione in piena aria,ITF2,Molise,2026,940,,560000,560000,59.57,IT1:101_1015(1.0),"https://esploradati.istat.it/SDMXWS/rest/data/IT1,101_1015,1.0/"
OFTP,pomodoro da trasformazione in piena aria,ITF3,Campania,2024,3720,,2197500,2232500,59.07,IT1:101_1015(1.0),"https://esploradati.istat.it/SDMXWS/rest/data/IT1,101_1015,1.0/"
OFTP,pomodoro da trasformazione in piena aria,ITF3,Campania,2025,3698,,2222400,2272400,60.1,IT1:101_1015(1.0),"https://esploradati.istat.it/SDMXWS/rest/data/IT1,101_1015,1.0/"
OFTP,pomodoro da trasformazione in piena aria,ITF3,Campania,2026,3750,,2357000,2357000,62.85,IT1:101_1015(1.0),"https://esploradati.istat.it/SDMXWS/rest/data/IT1,101_1015,1.0/"
OFTP,pomodoro da trasformazione in piena aria,ITF4,Puglia,2024,15370,,13607600,14337800,88.53,IT1:101_1015(1.0),"https://esploradati.istat.it/SDMXWS/rest/data/IT1,101_1015,1.0/"
OFTP,pomodoro da trasformazione in piena aria,ITF4,Puglia,2025,15470,,13697800,14877900,88.54,IT1:101_1015(1.0),"https://esploradati.istat.it/SDMXWS/rest/data/IT1,101_1015,1.0/"
OFTP,pomodoro da trasformazione in piena aria,ITF4,Puglia,2026,20730,,17889000,18480200,86.3,IT1:101_1015(1.0),"https://esploradati.istat.it/SDMXWS/rest/data/IT1,101_1015,1.0/"
OFTP,pomodoro da trasformazione in piena aria,ITF5,Basilicata,2024,2083,,1152725,1160563,55.34,IT1:101_1015(1.0),"https://esploradati.istat.it/SDMXWS/rest/data/IT1,101_1015,1.0/"
OFTP,pomodoro da trasformazione in piena aria,ITF5,Basilicata,2025,2083,,1152725,1160563,55.34,IT1:101_1015(1.0),"https://esploradati.istat.it/SDMXWS/rest/data/IT1,101_1015,1.0/"
OFTP,pomodoro da trasformazione in piena aria,ITF5,Basilicata,2026,2025,,1169912,1170753,57.77,IT1:101_1015(1.0),"https://esploradati.istat.it/SDMXWS/rest/data/IT1,101_1015,1.0/"
OFTP,pomodoro da trasformazione in piena aria,ITF6,Calabria,2024,2682,,1086390,1098620,40.51,IT1:101_1015(1.0),"https://esploradati.istat.it/SDMXWS/rest/data/IT1,101_1015,1.0/"
OFTP,pomodoro da trasformazione in piena aria,ITF6,Calabria,2025,2682,,1087140,1099270,40.53,IT1:101_1015(1.0),"https://esploradati.istat.it/SDMXWS/rest/data/IT1,101_1015,1.0/"
OFTP,pomodoro da trasformazione in piena aria,ITF6,Calabria,2026,2791,,1208580,1231600,43.3,IT1:101_1015(1.0),"https://esploradati.istat.it/SDMXWS/rest/data/IT1,101_1015,1.0/"
OFTP,pomodoro da trasformazione in piena aria,ITG1,Sicilia,2024,4350,,717500,717500,16.49,IT1:101_1015(1.0),"https://esploradati.istat.it/SDMXWS/rest/data/IT1,101_1015,1.0/"
OFTP,pomodoro da trasformazione in piena aria,ITG1,Sicilia,2025,4400,,716300,716300,16.28,IT1:101_1015(1.0),"https://esploradati.istat.it/SDMXWS/rest/data/IT1,101_1015,1.0/"
OFTP,pomodoro da trasformazione in piena aria,ITG1,Sicilia,2026,7245,,1268500,1276500,17.51,IT1:101_1015(1.0),"https://esploradati.istat.it/SDMXWS/rest/data/IT1,101_1015,1.0/"
OFTP,pomodoro da trasformazione in piena aria,ITG2,Sardegna,2024,450,,424898,424898,94.42,IT1:101_1015(1.0),"https://esploradati.istat.it/SDMXWS/rest/data/IT1,101_1015,1.0/"
OFTP,pomodoro da trasformazione in piena aria,ITG2,Sardegna,2025,488,,456198,456198,93.48,IT1:101_1015(1.0),"https://esploradati.istat.it/SDMXWS/rest/data/IT1,101_1015,1.0/"
OFTP,pomodoro da trasformazione in piena aria,ITG2,Sardegna,2026,530,,503678,503678,95.03,IT1:101_1015(1.0),"https://esploradati.istat.it/SDMXWS/rest/data/IT1,101_1015,1.0/"
OFTTOT,pomodoro da consumo fresco o da mensa,IT,Italia,2024,17372,,5181914,5402903,29.83,IT1:101_1015(1.0),"https://esploradati.istat.it/SDMXWS/rest/data/IT1,101_1015,1.0/"
OFTTOT,pomodoro da consumo fresco o da mensa,IT,Italia,2025,17253,,5261734,5464882,30.5,IT1:101_1015(1.0),"https://esploradati.istat.it/SDMXWS/rest/data/IT1,101_1015,1.0/"
OFTTOT,pomodoro da consumo fresco o da mensa,IT,Italia,2026,17201,,5609200,5687181,32.61,IT1:101_1015(1.0),"https://esploradati.istat.it/SDMXWS/rest/data/IT1,101_1015,1.0/"
OFTTOT,pomodoro da consumo fresco o da mensa,ITC1,Piemonte,2024,280,,124881,124881,44.6,IT1:101_1015(1.0),"https://esploradati.istat.it/SDMXWS/rest/data/IT1,101_1015,1.0/"
OFTTOT,pomodoro da consumo fresco o da mensa,ITC1,Piemonte,2025,220,,111108,111108,50.5,IT1:101_1015(1.0),"https://esploradati.istat.it/SDMXWS/rest/data/IT1,101_1015,1.0/"
OFTTOT,pomodoro da consumo fresco o da mensa,ITC1,Piemonte,2026,225,,91173,91173,40.52,IT1:101_1015(1.0),"https://esploradati.istat.it/SDMXWS/rest/data/IT1,101_1015,1.0/"
OFTTOT,pomodoro da consumo fresco o da mensa,ITC3,Liguria,2024,128,,17730,17830,13.85,IT1:101_1015(1.0),"https://esploradati.istat.it/SDMXWS/rest/data/IT1,101_1015,1.0/"
OFTTOT,pomodoro da consumo fresco o da mensa,ITC3,Liguria,2025,128,,16680,16780,13.03,IT1:101_1015(1.0),"https://esploradati.istat.it/SDMXWS/rest/data/IT1,101_1015,1.0/"
OFTTOT,pomodoro da consumo fresco o da mensa,ITC3,Liguria,2026,135,,61325,61525,45.43,IT1:101_1015(1.0),"https://esploradati.istat.it/SDMXWS/rest/data/IT1,101_1015,1.0/"
OFTTOT,pomodoro da consumo fresco o da mensa,ITC4,Lombardia,2024,152,,49986,49986,32.89,IT1:101_1015(1.0),"https://esploradati.istat.it/SDMXWS/rest/data/IT1,101_1015,1.0/"
OFTTOT,pomodoro da consumo fresco o da mensa,ITC4,Lombardia,2025,154,,57264,57264,37.18,IT1:101_1015(1.0),"https://esploradati.istat.it/SDMXWS/rest/data/IT1,101_1015,1.0/"
OFTTOT,pomodoro da consumo fresco o da mensa,ITC4,Lombardia,2026,122,,45499,45499,37.29,IT1:101_1015(1.0),"https://esploradati.istat.it/SDMXWS/rest/data/IT1,101_1015,1.0/"
OFTTOT,pomodoro da consumo fresco o da mensa,ITD2,Provincia Autonoma Trento,2024,5,,1600,1600,32.0,IT1:101_1015(1.0),"https://esploradati.istat.it/SDMXWS/rest/data/IT1,101_1015,1.0/"
OFTTOT,pomodoro da consumo fresco o da mensa,ITD2,Provincia Autonoma Trento,2025,6,,1600,1600,26.67,IT1:101_1015(1.0),"https://esploradati.istat.it/SDMXWS/rest/data/IT1,101_1015,1.0/"
OFTTOT,pomodoro da consumo fresco o da mensa,ITD2,Provincia Autonoma Trento,2026,7,,1750,1750,25.0,IT1:101_1015(1.0),"https://esploradati.istat.it/SDMXWS/rest/data/IT1,101_1015,1.0/"
OFTTOT,pomodoro da consumo fresco o da mensa,ITD3,Veneto,2024,17,,5225,5530,30.74,IT1:101_1015(1.0),"https://esploradati.istat.it/SDMXWS/rest/data/IT1,101_1015,1.0/"
OFTTOT,pomodoro da consumo fresco o da mensa,ITD3,Veneto,2025,14,,4178,4321,29.84,IT1:101_1015(1.0),"https://esploradati.istat.it/SDMXWS/rest/data/IT1,101_1015,1.0/"
OFTTOT,pomodoro da consumo fresco o da mensa,ITD3,Veneto,2026,14,,3753,3885,26.81,IT1:101_1015(1.0),"https://esploradati.istat.it/SDMXWS/rest/data/IT1,101_1015,1.0/"
OFTTOT,pomodoro da consumo fresco o da mensa,ITD4,Friuli-Venezia Giulia,2024,34,,9762,9860,28.71,IT1:101_1015(1.0),"https://esploradati.istat.it/SDMXWS/rest/data/IT1,101_1015,1.0/"
OFTTOT,pomodoro da consumo fresco o da mensa,ITD4,Friuli-Venezia Giulia,2025,33,,9867,9966,29.9,IT1:101_1015(1.0),"https://esploradati.istat.it/SDMXWS/rest/data/IT1,101_1015,1.0/"
OFTTOT,pomodoro da consumo fresco o da mensa,ITD4,Friuli-Venezia Giulia,2026,33,,11801,11920,35.76,IT1:101_1015(1.0),"https://esploradati.istat.it/SDMXWS/rest/data/IT1,101_1015,1.0/"
OFTTOT,pomodoro da consumo fresco o da mensa,ITD5,Emilia-Romagna,2024,269,,142310,142310,52.9,IT1:101_1015(1.0),"https://esploradati.istat.it/SDMXWS/rest/data/IT1,101_1015,1.0/"
OFTTOT,pomodoro da consumo fresco o da mensa,ITD5,Emilia-Romagna,2025,259,,146180,146180,56.44,IT1:101_1015(1.0),"https://esploradati.istat.it/SDMXWS/rest/data/IT1,101_1015,1.0/"
OFTTOT,pomodoro da consumo fresco o da mensa,ITD5,Emilia-Romagna,2026,236,,142228,142228,60.27,IT1:101_1015(1.0),"https://esploradati.istat.it/SDMXWS/rest/data/IT1,101_1015,1.0/"
OFTTOT,pomodoro da consumo fresco o da mensa,ITDA,Trentino Alto Adige / Südtirol,2024,5,,1600,1600,32.0,IT1:101_1015(1.0),"https://esploradati.istat.it/SDMXWS/rest/data/IT1,101_1015,1.0/"
OFTTOT,pomodoro da consumo fresco o da mensa,ITDA,Trentino Alto Adige / Südtirol,2025,6,,1600,1600,26.67,IT1:101_1015(1.0),"https://esploradati.istat.it/SDMXWS/rest/data/IT1,101_1015,1.0/"
OFTTOT,pomodoro da consumo fresco o da mensa,ITDA,Trentino Alto Adige / Südtirol,2026,7,,1750,1750,25.0,IT1:101_1015(1.0),"https://esploradati.istat.it/SDMXWS/rest/data/IT1,101_1015,1.0/"
OFTTOT,pomodoro da consumo fresco o da mensa,ITE1,Toscana,2024,553,,202690,204790,36.65,IT1:101_1015(1.0),"https://esploradati.istat.it/SDMXWS/rest/data/IT1,101_1015,1.0/"
OFTTOT,pomodoro da consumo fresco o da mensa,ITE1,Toscana,2025,462,,176750,176950,38.26,IT1:101_1015(1.0),"https://esploradati.istat.it/SDMXWS/rest/data/IT1,101_1015,1.0/"
OFTTOT,pomodoro da consumo fresco o da mensa,ITE1,Toscana,2026,543,,274260,274400,50.51,IT1:101_1015(1.0),"https://esploradati.istat.it/SDMXWS/rest/data/IT1,101_1015,1.0/"
OFTTOT,pomodoro da consumo fresco o da mensa,ITE2,Umbria,2024,73,,36500,36500,50.0,IT1:101_1015(1.0),"https://esploradati.istat.it/SDMXWS/rest/data/IT1,101_1015,1.0/"
OFTTOT,pomodoro da consumo fresco o da mensa,ITE2,Umbria,2025,72,,36000,36000,50.0,IT1:101_1015(1.0),"https://esploradati.istat.it/SDMXWS/rest/data/IT1,101_1015,1.0/"
OFTTOT,pomodoro da consumo fresco o da mensa,ITE2,Umbria,2026,72,,36000,36000,50.0,IT1:101_1015(1.0),"https://esploradati.istat.it/SDMXWS/rest/data/IT1,101_1015,1.0/"
OFTTOT,pomodoro da consumo fresco o da mensa,ITE3,Marche,2024,109,,54753,54753,50.23,IT1:101_1015(1.0),"https://esploradati.istat.it/SDMXWS/rest/data/IT1,101_1015,1.0/"
OFTTOT,pomodoro da consumo fresco o da mensa,ITE3,Marche,2025,122,,64806,64806,53.12,IT1:101_1015(1.0),"https://esploradati.istat.it/SDMXWS/rest/data/IT1,101_1015,1.0/"
OFTTOT,pomodoro da consumo fresco o da mensa,ITE3,Marche,2026,113,,61735,61735,54.63,IT1:101_1015(1.0),"https://esploradati.istat.it/SDMXWS/rest/data/IT1,101_1015,1.0/"
OFTTOT,pomodoro da consumo fresco o da mensa,ITE4,Lazio,2024,1116,,444170,465000,39.8,IT1:101_1015(1.0),"https://esploradati.istat.it/SDMXWS/rest/data/IT1,101_1015,1.0/"
OFTTOT,pomodoro da consumo fresco o da mensa,ITE4,Lazio,2025,1118,,429960,458800,38.46,IT1:101_1015(1.0),"https://esploradati.istat.it/SDMXWS/rest/data/IT1,101_1015,1.0/"
OFTTOT,pomodoro da consumo fresco o da mensa,ITE4,Lazio,2026,1106,,431120,452000,38.98,IT1:101_1015(1.0),"https://esploradati.istat.it/SDMXWS/rest/data/IT1,101_1015,1.0/"
OFTTOT,pomodoro da consumo fresco o da mensa,ITF1,Abruzzo,2024,1240,,537000,537000,43.31,IT1:101_1015(1.0),"https://esploradati.istat.it/SDMXWS/rest/data/IT1,101_1015,1.0/"
OFTTOT,pomodoro da consumo fresco o da mensa,ITF1,Abruzzo,2025,1240,,537000,537000,43.31,IT1:101_1015(1.0),"https://esploradati.istat.it/SDMXWS/rest/data/IT1,101_1015,1.0/"
OFTTOT,pomodoro da consumo fresco o da mensa,ITF1,Abruzzo,2026,1376,,555000,555000,40.33,IT1:101_1015(1.0),"https://esploradati.istat.it/SDMXWS/rest/data/IT1,101_1015,1.0/"
OFTTOT,pomodoro da consumo fresco o da mensa,ITF2,Molise,2024,30,,5800,5800,19.33,IT1:101_1015(1.0),"https://esploradati.istat.it/SDMXWS/rest/data/IT1,101_1015,1.0/"
OFTTOT,pomodoro da consumo fresco o da mensa,ITF2,Molise,2025,30,,6400,6400,21.33,IT1:101_1015(1.0),"https://esploradati.istat.it/SDMXWS/rest/data/IT1,101_1015,1.0/"
OFTTOT,pomodoro da consumo fresco o da mensa,ITF2,Molise,2026,30,,6600,6600,22.0,IT1:101_1015(1.0),"https://esploradati.istat.it/SDMXWS/rest/data/IT1,101_1015,1.0/"
OFTTOT,pomodoro da consumo fresco o da mensa,ITF3,Campania,2024,1085,,533000,546000,49.12,IT1:101_1015(1.0),"https://esploradati.istat.it/SDMXWS/rest/data/IT1,101_1015,1.0/"
OFTTOT,pomodoro da consumo fresco o da mensa,ITF3,Campania,2025,1075,,539500,547500,50.19,IT1:101_1015(1.0),"https://esploradati.istat.it/SDMXWS/rest/data/IT1,101_1015,1.0/"
OFTTOT,pomodoro da consumo fresco o da mensa,ITF3,Campania,2026,1005,,574500,574500,57.16,IT1:101_1015(1.0),"https://esploradati.istat.it/SDMXWS/rest/data/IT1,101_1015,1.0/"
OFTTOT,pomodoro da consumo fresco o da mensa,ITF4,Puglia,2024,1405,,660950,745050,47.04,IT1:101_1015(1.0),"https://esploradati.istat.it/SDMXWS/rest/data/IT1,101_1015,1.0/"
OFTTOT,pomodoro da consumo fresco o da mensa,ITF4,Puglia,2025,1405,,681050,760150,48.47,IT1:101_1015(1.0),"https://esploradati.istat.it/SDMXWS/rest/data/IT1,101_1015,1.0/"
OFTTOT,pomodoro da consumo fresco o da mensa,ITF4,Puglia,2026,1890,,984700,994000,52.1,IT1:101_1015(1.0),"https://esploradati.istat.it/SDMXWS/rest/data/IT1,101_1015,1.0/"
OFTTOT,pomodoro da consumo fresco o da mensa,ITF5,Basilicata,2024,884,,365454,366001,41.34,IT1:101_1015(1.0),"https://esploradati.istat.it/SDMXWS/rest/data/IT1,101_1015,1.0/"
OFTTOT,pomodoro da consumo fresco o da mensa,ITF5,Basilicata,2025,884,,365454,366001,41.34,IT1:101_1015(1.0),"https://esploradati.istat.it/SDMXWS/rest/data/IT1,101_1015,1.0/"
OFTTOT,pomodoro da consumo fresco o da mensa,ITF5,Basilicata,2026,667,,270505,272049,40.56,IT1:101_1015(1.0),"https://esploradati.istat.it/SDMXWS/rest/data/IT1,101_1015,1.0/"
OFTTOT,pomodoro da consumo fresco o da mensa,ITF6,Calabria,2024,1939,,421966,475060,21.76,IT1:101_1015(1.0),"https://esploradati.istat.it/SDMXWS/rest/data/IT1,101_1015,1.0/"
OFTTOT,pomodoro da consumo fresco o da mensa,ITF6,Calabria,2025,1939,,422211,475320,21.77,IT1:101_1015(1.0),"https://esploradati.istat.it/SDMXWS/rest/data/IT1,101_1015,1.0/"
OFTTOT,pomodoro da consumo fresco o da mensa,ITF6,Calabria,2026,1955,,467616,484975,23.92,IT1:101_1015(1.0),"https://esploradati.istat.it/SDMXWS/rest/data/IT1,101_1015,1.0/"
OFTTOT,pomodoro da consumo fresco o da mensa,ITG1,Sicilia,2024,7880,,1499215,1546030,19.03,IT1:101_1015(1.0),"https://esploradati.istat.it/SDMXWS/rest/data/IT1,101_1015,1.0/"
OFTTOT,pomodoro da consumo fresco o da mensa,ITG1,Sicilia,2025,7907,,1552636,1585646,19.64,IT1:101_1015(1.0),"https://esploradati.istat.it/SDMXWS/rest/data/IT1,101_1015,1.0/"
OFTTOT,pomodoro da consumo fresco o da mensa,ITG1,Sicilia,2026,7493,,1523143,1551450,20.33,IT1:101_1015(1.0),"https://esploradati.istat.it/SDMXWS/rest/data/IT1,101_1015,1.0/"
OFTTOT,pomodoro da consumo fresco o da mensa,ITG2,Sardegna,2024,173,,68922,68922,39.84,IT1:101_1015(1.0),"https://esploradati.istat.it/SDMXWS/rest/data/IT1,101_1015,1.0/"
OFTTOT,pomodoro da consumo fresco o da mensa,ITG2,Sardegna,2025,185,,103090,103090,55.72,IT1:101_1015(1.0),"https://esploradati.istat.it/SDMXWS/rest/data/IT1,101_1015,1.0/"
OFTTOT,pomodoro da consumo fresco o da mensa,ITG2,Sardegna,2026,179,,66492,66492,37.15,IT1:101_1015(1.0),"https://esploradati.istat.it/SDMXWS/rest/data/IT1,101_1015,1.0/"
OLIVTAB_OIL,olive da tavola e da olio,IT,Italia,2024,1113664,,22996772,25824161,2.06,IT1:101_1015(1.0),"https://esploradati.istat.it/SDMXWS/rest/data/IT1,101_1015,1.0/"
OLIVTAB_OIL,olive da tavola e da olio,IT,Italia,2025,1107789,,24357826,27354611,2.2,IT1:101_1015(1.0),"https://esploradati.istat.it/SDMXWS/rest/data/IT1,101_1015,1.0/"
OLIVTAB_OIL,olive da tavola e da olio,IT,Italia,2026,1109392,,24883536,27601314,2.24,IT1:101_1015(1.0),"https://esploradati.istat.it/SDMXWS/rest/data/IT1,101_1015,1.0/"
OLIVTAB_OIL,olive da tavola e da olio,ITC1,Piemonte,2024,205,,1141,1141,0.56,IT1:101_1015(1.0),"https://esploradati.istat.it/SDMXWS/rest/data/IT1,101_1015,1.0/"
OLIVTAB_OIL,olive da tavola e da olio,ITC1,Piemonte,2025,269,,1601,1601,0.6,IT1:101_1015(1.0),"https://esploradati.istat.it/SDMXWS/rest/data/IT1,101_1015,1.0/"
OLIVTAB_OIL,olive da tavola e da olio,ITC1,Piemonte,2026,282,,6254,6254,2.22,IT1:101_1015(1.0),"https://esploradati.istat.it/SDMXWS/rest/data/IT1,101_1015,1.0/"
OLIVTAB_OIL,olive da tavola e da olio,ITC2,Valle d'Aosta / Vallée d'Aoste,2024,1,,40,40,4.0,IT1:101_1015(1.0),"https://esploradati.istat.it/SDMXWS/rest/data/IT1,101_1015,1.0/"
OLIVTAB_OIL,olive da tavola e da olio,ITC2,Valle d'Aosta / Vallée d'Aoste,2025,1,,40,40,4.0,IT1:101_1015(1.0),"https://esploradati.istat.it/SDMXWS/rest/data/IT1,101_1015,1.0/"
OLIVTAB_OIL,olive da tavola e da olio,ITC2,Valle d'Aosta / Vallée d'Aoste,2026,1,,40,40,4.0,IT1:101_1015(1.0),"https://esploradati.istat.it/SDMXWS/rest/data/IT1,101_1015,1.0/"
OLIVTAB_OIL,olive da tavola e da olio,ITC3,Liguria,2024,19230,,310150,317650,1.61,IT1:101_1015(1.0),"https://esploradati.istat.it/SDMXWS/rest/data/IT1,101_1015,1.0/"
OLIVTAB_OIL,olive da tavola e da olio,ITC3,Liguria,2025,19231,,201613,209613,1.05,IT1:101_1015(1.0),"https://esploradati.istat.it/SDMXWS/rest/data/IT1,101_1015,1.0/"
OLIVTAB_OIL,olive da tavola e da olio,ITC3,Liguria,2026,16248,,253000,275000,1.56,IT1:101_1015(1.0),"https://esploradati.istat.it/SDMXWS/rest/data/IT1,101_1015,1.0/"
OLIVTAB_OIL,olive da tavola e da olio,ITC4,Lombardia,2024,2382,,71084,71084,2.98,IT1:101_1015(1.0),"https://esploradati.istat.it/SDMXWS/rest/data/IT1,101_1015,1.0/"
OLIVTAB_OIL,olive da tavola e da olio,ITC4,Lombardia,2025,2390,,22057,22057,0.92,IT1:101_1015(1.0),"https://esploradati.istat.it/SDMXWS/rest/data/IT1,101_1015,1.0/"
OLIVTAB_OIL,olive da tavola e da olio,ITC4,Lombardia,2026,2390,,22057,22057,0.92,IT1:101_1015(1.0),"https://esploradati.istat.it/SDMXWS/rest/data/IT1,101_1015,1.0/"
OLIVTAB_OIL,olive da tavola e da olio,ITD1,Provincia Autonoma Bolzano / Bozen,2024,3,,54,54,1.8,IT1:101_1015(1.0),"https://esploradati.istat.it/SDMXWS/rest/data/IT1,101_1015,1.0/"
OLIVTAB_OIL,olive da tavola e da olio,ITD1,Provincia Autonoma Bolzano / Bozen,2025,3,,60,60,2.0,IT1:101_1015(1.0),"https://esploradati.istat.it/SDMXWS/rest/data/IT1,101_1015,1.0/"
OLIVTAB_OIL,olive da tavola e da olio,ITD2,Provincia Autonoma Trento,2024,390,,34540,34540,8.86,IT1:101_1015(1.0),"https://esploradati.istat.it/SDMXWS/rest/data/IT1,101_1015,1.0/"
OLIVTAB_OIL,olive da tavola e da olio,ITD2,Provincia Autonoma Trento,2025,400,,12160,12160,3.04,IT1:101_1015(1.0),"https://esploradati.istat.it/SDMXWS/rest/data/IT1,101_1015,1.0/"
OLIVTAB_OIL,olive da tavola e da olio,ITD2,Provincia Autonoma Trento,2026,400,,12160,12160,3.04,IT1:101_1015(1.0),"https://esploradati.istat.it/SDMXWS/rest/data/IT1,101_1015,1.0/"
OLIVTAB_OIL,olive da tavola e da olio,ITD3,Veneto,2024,5294,,160480,168505,3.03,IT1:101_1015(1.0),"https://esploradati.istat.it/SDMXWS/rest/data/IT1,101_1015,1.0/"
OLIVTAB_OIL,olive da tavola e da olio,ITD3,Veneto,2025,5506,,70244,73758,1.28,IT1:101_1015(1.0),"https://esploradati.istat.it/SDMXWS/rest/data/IT1,101_1015,1.0/"
OLIVTAB_OIL,olive da tavola e da olio,ITD3,Veneto,2026,5506,,70250,73762,1.28,IT1:101_1015(1.0),"https://esploradati.istat.it/SDMXWS/rest/data/IT1,101_1015,1.0/"
OLIVTAB_OIL,olive da tavola e da olio,ITD4,Friuli-Venezia Giulia,2024,350,,6084,6146,1.74,IT1:101_1015(1.0),"https://esploradati.istat.it/SDMXWS/rest/data/IT1,101_1015,1.0/"
OLIVTAB_OIL,olive da tavola e da olio,ITD4,Friuli-Venezia Giulia,2025,416,,8521,8609,2.05,IT1:101_1015(1.0),"https://esploradati.istat.it/SDMXWS/rest/data/IT1,101_1015,1.0/"
OLIVTAB_OIL,olive da tavola e da olio,ITD4,Friuli-Venezia Giulia,2026,416,,7770,7848,1.87,IT1:101_1015(1.0),"https://esploradati.istat.it/SDMXWS/rest/data/IT1,101_1015,1.0/"
OLIVTAB_OIL,olive da tavola e da olio,ITD5,Emilia-Romagna,2024,4573,,136908,136908,2.99,IT1:101_1015(1.0),"https://esploradati.istat.it/SDMXWS/rest/data/IT1,101_1015,1.0/"
OLIVTAB_OIL,olive da tavola e da olio,ITD5,Emilia-Romagna,2025,4679,,41609,41609,0.89,IT1:101_1015(1.0),"https://esploradati.istat.it/SDMXWS/rest/data/IT1,101_1015,1.0/"
OLIVTAB_OIL,olive da tavola e da olio,ITD5,Emilia-Romagna,2026,4693,,77202,77202,1.65,IT1:101_1015(1.0),"https://esploradati.istat.it/SDMXWS/rest/data/IT1,101_1015,1.0/"
OLIVTAB_OIL,olive da tavola e da olio,ITDA,Trentino Alto Adige / Südtirol,2024,393,,34594,34594,8.8,IT1:101_1015(1.0),"https://esploradati.istat.it/SDMXWS/rest/data/IT1,101_1015,1.0/"
OLIVTAB_OIL,olive da tavola e da olio,ITDA,Trentino Alto Adige / Südtirol,2025,403,,12220,12220,3.03,IT1:101_1015(1.0),"https://esploradati.istat.it/SDMXWS/rest/data/IT1,101_1015,1.0/"
OLIVTAB_OIL,olive da tavola e da olio,ITDA,Trentino Alto Adige / Südtirol,2026,400,,12160,12160,3.04,IT1:101_1015(1.0),"https://esploradati.istat.it/SDMXWS/rest/data/IT1,101_1015,1.0/"
OLIVTAB_OIL,olive da tavola e da olio,ITE1,Toscana,2024,81944,,1051375,1055984,1.28,IT1:101_1015(1.0),"https://esploradati.istat.it/SDMXWS/rest/data/IT1,101_1015,1.0/"
OLIVTAB_OIL,olive da tavola e da olio,ITE1,Toscana,2025,81729,,895369,897775,1.1,IT1:101_1015(1.0),"https://esploradati.istat.it/SDMXWS/rest/data/IT1,101_1015,1.0/"
OLIVTAB_OIL,olive da tavola e da olio,ITE1,Toscana,2026,86997,,1233525,1234145,1.42,IT1:101_1015(1.0),"https://esploradati.istat.it/SDMXWS/rest/data/IT1,101_1015,1.0/"
OLIVTAB_OIL,olive da tavola e da olio,ITE2,Umbria,2024,27191,,538510,538510,1.98,IT1:101_1015(1.0),"https://esploradati.istat.it/SDMXWS/rest/data/IT1,101_1015,1.0/"
OLIVTAB_OIL,olive da tavola e da olio,ITE2,Umbria,2025,27391,,420010,420010,1.53,IT1:101_1015(1.0),"https://esploradati.istat.it/SDMXWS/rest/data/IT1,101_1015,1.0/"
OLIVTAB_OIL,olive da tavola e da olio,ITE2,Umbria,2026,27390,,475000,475000,1.73,IT1:101_1015(1.0),"https://esploradati.istat.it/SDMXWS/rest/data/IT1,101_1015,1.0/"
OLIVTAB_OIL,olive da tavola e da olio,ITE3,Marche,2024,6867,,261946,261946,3.81,IT1:101_1015(1.0),"https://esploradati.istat.it/SDMXWS/rest/data/IT1,101_1015,1.0/"
OLIVTAB_OIL,olive da tavola e da olio,ITE3,Marche,2025,7352,,139146,139146,1.89,IT1:101_1015(1.0),"https://esploradati.istat.it/SDMXWS/rest/data/IT1,101_1015,1.0/"
OLIVTAB_OIL,olive da tavola e da olio,ITE3,Marche,2026,8370,,333703,333703,3.99,IT1:101_1015(1.0),"https://esploradati.istat.it/SDMXWS/rest/data/IT1,101_1015,1.0/"
OLIVTAB_OIL,olive da tavola e da olio,ITE4,Lazio,2024,82917,,1091370,1142040,1.32,IT1:101_1015(1.0),"https://esploradati.istat.it/SDMXWS/rest/data/IT1,101_1015,1.0/"
OLIVTAB_OIL,olive da tavola e da olio,ITE4,Lazio,2025,78991,,974710,1065540,1.23,IT1:101_1015(1.0),"https://esploradati.istat.it/SDMXWS/rest/data/IT1,101_1015,1.0/"
OLIVTAB_OIL,olive da tavola e da olio,ITE4,Lazio,2026,78803,,1632188,1745760,2.07,IT1:101_1015(1.0),"https://esploradati.istat.it/SDMXWS/rest/data/IT1,101_1015,1.0/"
OLIVTAB_OIL,olive da tavola e da olio,ITF1,Abruzzo,2024,38860,,1104520,1124520,2.84,IT1:101_1015(1.0),"https://esploradati.istat.it/SDMXWS/rest/data/IT1,101_1015,1.0/"
OLIVTAB_OIL,olive da tavola e da olio,ITF1,Abruzzo,2025,38830,,1325520,1345520,3.41,IT1:101_1015(1.0),"https://esploradati.istat.it/SDMXWS/rest/data/IT1,101_1015,1.0/"
OLIVTAB_OIL,olive da tavola e da olio,ITF1,Abruzzo,2026,38734,,1339700,1339700,3.46,IT1:101_1015(1.0),"https://esploradati.istat.it/SDMXWS/rest/data/IT1,101_1015,1.0/"
OLIVTAB_OIL,olive da tavola e da olio,ITF2,Molise,2024,14325,,596740,596740,4.17,IT1:101_1015(1.0),"https://esploradati.istat.it/SDMXWS/rest/data/IT1,101_1015,1.0/"
OLIVTAB_OIL,olive da tavola e da olio,ITF2,Molise,2025,14325,,584910,584910,4.08,IT1:101_1015(1.0),"https://esploradati.istat.it/SDMXWS/rest/data/IT1,101_1015,1.0/"
OLIVTAB_OIL,olive da tavola e da olio,ITF2,Molise,2026,14325,,596420,596420,4.16,IT1:101_1015(1.0),"https://esploradati.istat.it/SDMXWS/rest/data/IT1,101_1015,1.0/"
OLIVTAB_OIL,olive da tavola e da olio,ITF3,Campania,2024,68171,,1244275,1250275,1.83,IT1:101_1015(1.0),"https://esploradati.istat.it/SDMXWS/rest/data/IT1,101_1015,1.0/"
OLIVTAB_OIL,olive da tavola e da olio,ITF3,Campania,2025,68171,,1258875,1259825,1.85,IT1:101_1015(1.0),"https://esploradati.istat.it/SDMXWS/rest/data/IT1,101_1015,1.0/"
OLIVTAB_OIL,olive da tavola e da olio,ITF3,Campania,2026,67910,,1745000,1745000,2.57,IT1:101_1015(1.0),"https://esploradati.istat.it/SDMXWS/rest/data/IT1,101_1015,1.0/"
OLIVTAB_OIL,olive da tavola e da olio,ITF4,Puglia,2024,347800,,6780200,8993100,1.95,IT1:101_1015(1.0),"https://esploradati.istat.it/SDMXWS/rest/data/IT1,101_1015,1.0/"
OLIVTAB_OIL,olive da tavola e da olio,ITF4,Puglia,2025,347350,,9048900,11471040,2.61,IT1:101_1015(1.0),"https://esploradati.istat.it/SDMXWS/rest/data/IT1,101_1015,1.0/"
OLIVTAB_OIL,olive da tavola e da olio,ITF4,Puglia,2026,344850,,6554200,8945000,1.9,IT1:101_1015(1.0),"https://esploradati.istat.it/SDMXWS/rest/data/IT1,101_1015,1.0/"
OLIVTAB_OIL,olive da tavola e da olio,ITF5,Basilicata,2024,26086,,290794,307357,1.11,IT1:101_1015(1.0),"https://esploradati.istat.it/SDMXWS/rest/data/IT1,101_1015,1.0/"
OLIVTAB_OIL,olive da tavola e da olio,ITF5,Basilicata,2025,26086,,290794,307357,1.11,IT1:101_1015(1.0),"https://esploradati.istat.it/SDMXWS/rest/data/IT1,101_1015,1.0/"
OLIVTAB_OIL,olive da tavola e da olio,ITF5,Basilicata,2026,26593,,304976,307076,1.15,IT1:101_1015(1.0),"https://esploradati.istat.it/SDMXWS/rest/data/IT1,101_1015,1.0/"
OLIVTAB_OIL,olive da tavola e da olio,ITF6,Calabria,2024,184682,,5440306,5901554,2.95,IT1:101_1015(1.0),"https://esploradati.istat.it/SDMXWS/rest/data/IT1,101_1015,1.0/"
OLIVTAB_OIL,olive da tavola e da olio,ITF6,Calabria,2025,184682,,5462806,5829979,2.96,IT1:101_1015(1.0),"https://esploradati.istat.it/SDMXWS/rest/data/IT1,101_1015,1.0/"
OLIVTAB_OIL,olive da tavola e da olio,ITF6,Calabria,2026,184394,,6464362,6529281,3.51,IT1:101_1015(1.0),"https://esploradati.istat.it/SDMXWS/rest/data/IT1,101_1015,1.0/"
OLIVTAB_OIL,olive da tavola e da olio,ITG1,Sicilia,2024,161747,,3171322,3192171,1.96,IT1:101_1015(1.0),"https://esploradati.istat.it/SDMXWS/rest/data/IT1,101_1015,1.0/"
OLIVTAB_OIL,olive da tavola e da olio,ITG1,Sicilia,2025,161751,,3067369,3132490,1.9,IT1:101_1015(1.0),"https://esploradati.istat.it/SDMXWS/rest/data/IT1,101_1015,1.0/"
OLIVTAB_OIL,olive da tavola e da olio,ITG1,Sicilia,2026,162826,,3226419,3327924,1.98,IT1:101_1015(1.0),"https://esploradati.istat.it/SDMXWS/rest/data/IT1,101_1015,1.0/"
OLIVTAB_OIL,olive da tavola e da olio,ITG2,Sardegna,2024,40646,,704933,723896,1.73,IT1:101_1015(1.0),"https://esploradati.istat.it/SDMXWS/rest/data/IT1,101_1015,1.0/"
OLIVTAB_OIL,olive da tavola e da olio,ITG2,Sardegna,2025,38236,,531512,531512,1.39,IT1:101_1015(1.0),"https://esploradati.istat.it/SDMXWS/rest/data/IT1,101_1015,1.0/"
OLIVTAB_OIL,olive da tavola e da olio,ITG2,Sardegna,2026,38264,,529310,547982,1.38,IT1:101_1015(1.0),"https://esploradati.istat.it/SDMXWS/rest/data/IT1,101_1015,1.0/"
PEACH,pesca,IT,Italia,2024,36962,,7332229,7444525,19.84,IT1:101_1015(1.0),"https://esploradati.istat.it/SDMXWS/rest/data/IT1,101_1015,1.0/"
PEACH,pesca,IT,Italia,2025,36152,,7182168,7300100,19.87,IT1:101_1015(1.0),"https://esploradati.istat.it/SDMXWS/rest/data/IT1,101_1015,1.0/"
PEACH,pesca,IT,Italia,2026,36744,,7375209,7511355,20.07,IT1:101_1015(1.0),"https://esploradati.istat.it/SDMXWS/rest/data/IT1,101_1015,1.0/"
PEACH,pesca,ITC1,Piemonte,2024,1267,,220913,220913,17.44,IT1:101_1015(1.0),"https://esploradati.istat.it/SDMXWS/rest/data/IT1,101_1015,1.0/"
PEACH,pesca,ITC1,Piemonte,2025,1195,,197332,197332,16.51,IT1:101_1015(1.0),"https://esploradati.istat.it/SDMXWS/rest/data/IT1,101_1015,1.0/"
PEACH,pesca,ITC1,Piemonte,2026,1213,,252940,252940,20.85,IT1:101_1015(1.0),"https://esploradati.istat.it/SDMXWS/rest/data/IT1,101_1015,1.0/"
PEACH,pesca,ITC3,Liguria,2024,103,,5540,5550,5.38,IT1:101_1015(1.0),"https://esploradati.istat.it/SDMXWS/rest/data/IT1,101_1015,1.0/"
PEACH,pesca,ITC3,Liguria,2025,103,,5460,5480,5.3,IT1:101_1015(1.0),"https://esploradati.istat.it/SDMXWS/rest/data/IT1,101_1015,1.0/"
PEACH,pesca,ITC3,Liguria,2026,73,,4070,4170,5.58,IT1:101_1015(1.0),"https://esploradati.istat.it/SDMXWS/rest/data/IT1,101_1015,1.0/"
PEACH,pesca,ITC4,Lombardia,2024,221,,29246,29246,13.23,IT1:101_1015(1.0),"https://esploradati.istat.it/SDMXWS/rest/data/IT1,101_1015,1.0/"
PEACH,pesca,ITC4,Lombardia,2025,206,,24827,24827,12.05,IT1:101_1015(1.0),"https://esploradati.istat.it/SDMXWS/rest/data/IT1,101_1015,1.0/"
PEACH,pesca,ITC4,Lombardia,2026,206,,24827,24827,12.05,IT1:101_1015(1.0),"https://esploradati.istat.it/SDMXWS/rest/data/IT1,101_1015,1.0/"
PEACH,pesca,ITD2,Provincia Autonoma Trento,2024,6,,500,500,8.33,IT1:101_1015(1.0),"https://esploradati.istat.it/SDMXWS/rest/data/IT1,101_1015,1.0/"
PEACH,pesca,ITD2,Provincia Autonoma Trento,2025,6,,500,500,8.33,IT1:101_1015(1.0),"https://esploradati.istat.it/SDMXWS/rest/data/IT1,101_1015,1.0/"
PEACH,pesca,ITD2,Provincia Autonoma Trento,2026,5,,580,580,11.6,IT1:101_1015(1.0),"https://esploradati.istat.it/SDMXWS/rest/data/IT1,101_1015,1.0/"
PEACH,pesca,ITD3,Veneto,2024,711,,144815,158625,20.37,IT1:101_1015(1.0),"https://esploradati.istat.it/SDMXWS/rest/data/IT1,101_1015,1.0/"
PEACH,pesca,ITD3,Veneto,2025,611,,121001,132519,19.8,IT1:101_1015(1.0),"https://esploradati.istat.it/SDMXWS/rest/data/IT1,101_1015,1.0/"
PEACH,pesca,ITD3,Veneto,2026,611,,161007,176342,26.35,IT1:101_1015(1.0),"https://esploradati.istat.it/SDMXWS/rest/data/IT1,101_1015,1.0/"
PEACH,pesca,ITD4,Friuli-Venezia Giulia,2024,101,,9954,10055,9.86,IT1:101_1015(1.0),"https://esploradati.istat.it/SDMXWS/rest/data/IT1,101_1015,1.0/"
PEACH,pesca,ITD4,Friuli-Venezia Giulia,2025,92,,9122,9215,9.92,IT1:101_1015(1.0),"https://esploradati.istat.it/SDMXWS/rest/data/IT1,101_1015,1.0/"
PEACH,pesca,ITD4,Friuli-Venezia Giulia,2026,92,,22860,23092,24.85,IT1:101_1015(1.0),"https://esploradati.istat.it/SDMXWS/rest/data/IT1,101_1015,1.0/"
PEACH,pesca,ITD5,Emilia-Romagna,2024,2437,,528882,528882,21.7,IT1:101_1015(1.0),"https://esploradati.istat.it/SDMXWS/rest/data/IT1,101_1015,1.0/"
PEACH,pesca,ITD5,Emilia-Romagna,2025,2218,,467302,467302,21.07,IT1:101_1015(1.0),"https://esploradati.istat.it/SDMXWS/rest/data/IT1,101_1015,1.0/"
PEACH,pesca,ITD5,Emilia-Romagna,2026,2104,,480275,480275,22.83,IT1:101_1015(1.0),"https://esploradati.istat.it/SDMXWS/rest/data/IT1,101_1015,1.0/"
PEACH,pesca,ITDA,Trentino Alto Adige / Südtirol,2024,6,,500,500,8.33,IT1:101_1015(1.0),"https://esploradati.istat.it/SDMXWS/rest/data/IT1,101_1015,1.0/"
PEACH,pesca,ITDA,Trentino Alto Adige / Südtirol,2025,6,,500,500,8.33,IT1:101_1015(1.0),"https://esploradati.istat.it/SDMXWS/rest/data/IT1,101_1015,1.0/"
PEACH,pesca,ITDA,Trentino Alto Adige / Südtirol,2026,5,,580,580,11.6,IT1:101_1015(1.0),"https://esploradati.istat.it/SDMXWS/rest/data/IT1,101_1015,1.0/"
PEACH,pesca,ITE1,Toscana,2024,373,,70365,71695,18.86,IT1:101_1015(1.0),"https://esploradati.istat.it/SDMXWS/rest/data/IT1,101_1015,1.0/"
PEACH,pesca,ITE1,Toscana,2025,339,,65145,65165,19.22,IT1:101_1015(1.0),"https://esploradati.istat.it/SDMXWS/rest/data/IT1,101_1015,1.0/"
PEACH,pesca,ITE1,Toscana,2026,325,,71510,71715,22.0,IT1:101_1015(1.0),"https://esploradati.istat.it/SDMXWS/rest/data/IT1,101_1015,1.0/"
PEACH,pesca,ITE2,Umbria,2024,76,,10350,10350,13.62,IT1:101_1015(1.0),"https://esploradati.istat.it/SDMXWS/rest/data/IT1,101_1015,1.0/"
PEACH,pesca,ITE2,Umbria,2025,61,,8350,8350,13.69,IT1:101_1015(1.0),"https://esploradati.istat.it/SDMXWS/rest/data/IT1,101_1015,1.0/"
PEACH,pesca,ITE2,Umbria,2026,61,,8350,8350,13.69,IT1:101_1015(1.0),"https://esploradati.istat.it/SDMXWS/rest/data/IT1,101_1015,1.0/"
PEACH,pesca,ITE3,Marche,2024,402,,76225,76225,18.96,IT1:101_1015(1.0),"https://esploradati.istat.it/SDMXWS/rest/data/IT1,101_1015,1.0/"
PEACH,pesca,ITE3,Marche,2025,392,,83480,83480,21.3,IT1:101_1015(1.0),"https://esploradati.istat.it/SDMXWS/rest/data/IT1,101_1015,1.0/"
PEACH,pesca,ITE3,Marche,2026,375,,81141,81141,21.64,IT1:101_1015(1.0),"https://esploradati.istat.it/SDMXWS/rest/data/IT1,101_1015,1.0/"
PEACH,pesca,ITE4,Lazio,2024,1623,,195108,216800,12.02,IT1:101_1015(1.0),"https://esploradati.istat.it/SDMXWS/rest/data/IT1,101_1015,1.0/"
PEACH,pesca,ITE4,Lazio,2025,1618,,185305,205350,11.45,IT1:101_1015(1.0),"https://esploradati.istat.it/SDMXWS/rest/data/IT1,101_1015,1.0/"
PEACH,pesca,ITE4,Lazio,2026,1602,,182660,200650,11.4,IT1:101_1015(1.0),"https://esploradati.istat.it/SDMXWS/rest/data/IT1,101_1015,1.0/"
PEACH,pesca,ITF1,Abruzzo,2024,1705,,244000,244000,14.31,IT1:101_1015(1.0),"https://esploradati.istat.it/SDMXWS/rest/data/IT1,101_1015,1.0/"
PEACH,pesca,ITF1,Abruzzo,2025,1695,,264100,264100,15.58,IT1:101_1015(1.0),"https://esploradati.istat.it/SDMXWS/rest/data/IT1,101_1015,1.0/"
PEACH,pesca,ITF1,Abruzzo,2026,1659,,318550,318550,19.2,IT1:101_1015(1.0),"https://esploradati.istat.it/SDMXWS/rest/data/IT1,101_1015,1.0/"
PEACH,pesca,ITF2,Molise,2024,90,,14000,14000,15.56,IT1:101_1015(1.0),"https://esploradati.istat.it/SDMXWS/rest/data/IT1,101_1015,1.0/"
PEACH,pesca,ITF2,Molise,2025,90,,15750,15750,17.5,IT1:101_1015(1.0),"https://esploradati.istat.it/SDMXWS/rest/data/IT1,101_1015,1.0/"
PEACH,pesca,ITF2,Molise,2026,90,,16700,16700,18.56,IT1:101_1015(1.0),"https://esploradati.istat.it/SDMXWS/rest/data/IT1,101_1015,1.0/"
PEACH,pesca,ITF3,Campania,2024,14222,,3155180,3166180,22.19,IT1:101_1015(1.0),"https://esploradati.istat.it/SDMXWS/rest/data/IT1,101_1015,1.0/"
PEACH,pesca,ITF3,Campania,2025,13982,,3053180,3088180,21.84,IT1:101_1015(1.0),"https://esploradati.istat.it/SDMXWS/rest/data/IT1,101_1015,1.0/"
PEACH,pesca,ITF3,Campania,2026,13982,,2978600,3033700,21.3,IT1:101_1015(1.0),"https://esploradati.istat.it/SDMXWS/rest/data/IT1,101_1015,1.0/"
PEACH,pesca,ITF4,Puglia,2024,3190,,645000,661500,20.22,IT1:101_1015(1.0),"https://esploradati.istat.it/SDMXWS/rest/data/IT1,101_1015,1.0/"
PEACH,pesca,ITF4,Puglia,2025,3130,,641500,650500,20.5,IT1:101_1015(1.0),"https://esploradati.istat.it/SDMXWS/rest/data/IT1,101_1015,1.0/"
PEACH,pesca,ITF4,Puglia,2026,3090,,610300,628500,19.75,IT1:101_1015(1.0),"https://esploradati.istat.it/SDMXWS/rest/data/IT1,101_1015,1.0/"
PEACH,pesca,ITF5,Basilicata,2024,1862,,335700,345702,18.03,IT1:101_1015(1.0),"https://esploradati.istat.it/SDMXWS/rest/data/IT1,101_1015,1.0/"
PEACH,pesca,ITF5,Basilicata,2025,1862,,335700,345702,18.03,IT1:101_1015(1.0),"https://esploradati.istat.it/SDMXWS/rest/data/IT1,101_1015,1.0/"
PEACH,pesca,ITF5,Basilicata,2026,2532,,457780,461900,18.08,IT1:101_1015(1.0),"https://esploradati.istat.it/SDMXWS/rest/data/IT1,101_1015,1.0/"
PEACH,pesca,ITF6,Calabria,2024,1746,,511857,518340,29.32,IT1:101_1015(1.0),"https://esploradati.istat.it/SDMXWS/rest/data/IT1,101_1015,1.0/"
PEACH,pesca,ITF6,Calabria,2025,1746,,511837,518315,29.31,IT1:101_1015(1.0),"https://esploradati.istat.it/SDMXWS/rest/data/IT1,101_1015,1.0/"
PEACH,pesca,ITF6,Calabria,2026,1746,,512756,520140,29.37,IT1:101_1015(1.0),"https://esploradati.istat.it/SDMXWS/rest/data/IT1,101_1015,1.0/"
PEACH,pesca,ITG1,Sicilia,2024,6005,,1030227,1056883,17.16,IT1:101_1015(1.0),"https://esploradati.istat.it/SDMXWS/rest/data/IT1,101_1015,1.0/"
PEACH,pesca,ITG1,Sicilia,2025,5988,,1068134,1093890,17.84,IT1:101_1015(1.0),"https://esploradati.istat.it/SDMXWS/rest/data/IT1,101_1015,1.0/"
PEACH,pesca,ITG1,Sicilia,2026,6180,,1069758,1087238,17.31,IT1:101_1015(1.0),"https://esploradati.istat.it/SDMXWS/rest/data/IT1,101_1015,1.0/"
PEACH,pesca,ITG2,Sardegna,2024,822,,104367,109079,12.7,IT1:101_1015(1.0),"https://esploradati.istat.it/SDMXWS/rest/data/IT1,101_1015,1.0/"
PEACH,pesca,ITG2,Sardegna,2025,818,,124143,124143,15.18,IT1:101_1015(1.0),"https://esploradati.istat.it/SDMXWS/rest/data/IT1,101_1015,1.0/"
PEACH,pesca,ITG2,Sardegna,2026,798,,120545,120545,15.11,IT1:101_1015(1.0),"https://esploradati.istat.it/SDMXWS/rest/data/IT1,101_1015,1.0/"
POTA,patata comune,IT,Italia,2024,32781,,10058006,10203612,30.68,IT1:101_1015(1.0),"https://esploradati.istat.it/SDMXWS/rest/data/IT1,101_1015,1.0/"
POTA,patata comune,IT,Italia,2025,33253,,10200377,10350222,30.68,IT1:101_1015(1.0),"https://esploradati.istat.it/SDMXWS/rest/data/IT1,101_1015,1.0/"
POTA,patata comune,IT,Italia,2026,31818,,9872526,10021598,31.03,IT1:101_1015(1.0),"https://esploradati.istat.it/SDMXWS/rest/data/IT1,101_1015,1.0/"
POTA,patata comune,ITC1,Piemonte,2024,945,,245733,245733,26.0,IT1:101_1015(1.0),"https://esploradati.istat.it/SDMXWS/rest/data/IT1,101_1015,1.0/"
POTA,patata comune,ITC1,Piemonte,2025,989,,291523,291523,29.48,IT1:101_1015(1.0),"https://esploradati.istat.it/SDMXWS/rest/data/IT1,101_1015,1.0/"
POTA,patata comune,ITC1,Piemonte,2026,833,,205160,205160,24.63,IT1:101_1015(1.0),"https://esploradati.istat.it/SDMXWS/rest/data/IT1,101_1015,1.0/"
POTA,patata comune,ITC2,Valle d'Aosta / Vallée d'Aoste,2024,75,,16800,16800,22.4,IT1:101_1015(1.0),"https://esploradati.istat.it/SDMXWS/rest/data/IT1,101_1015,1.0/"
POTA,patata comune,ITC2,Valle d'Aosta / Vallée d'Aoste,2025,75,,16000,16000,21.33,IT1:101_1015(1.0),"https://esploradati.istat.it/SDMXWS/rest/data/IT1,101_1015,1.0/"
POTA,patata comune,ITC2,Valle d'Aosta / Vallée d'Aoste,2026,80,,18000,18000,22.5,IT1:101_1015(1.0),"https://esploradati.istat.it/SDMXWS/rest/data/IT1,101_1015,1.0/"
POTA,patata comune,ITC3,Liguria,2024,759,,54500,54700,7.18,IT1:101_1015(1.0),"https://esploradati.istat.it/SDMXWS/rest/data/IT1,101_1015,1.0/"
POTA,patata comune,ITC3,Liguria,2025,757,,53320,53520,7.04,IT1:101_1015(1.0),"https://esploradati.istat.it/SDMXWS/rest/data/IT1,101_1015,1.0/"
POTA,patata comune,ITC3,Liguria,2026,551,,99150,99200,17.99,IT1:101_1015(1.0),"https://esploradati.istat.it/SDMXWS/rest/data/IT1,101_1015,1.0/"
POTA,patata comune,ITC4,Lombardia,2024,441,,108759,108995,24.66,IT1:101_1015(1.0),"https://esploradati.istat.it/SDMXWS/rest/data/IT1,101_1015,1.0/"
POTA,patata comune,ITC4,Lombardia,2025,608,,165499,165499,27.22,IT1:101_1015(1.0),"https://esploradati.istat.it/SDMXWS/rest/data/IT1,101_1015,1.0/"
POTA,patata comune,ITC4,Lombardia,2026,641,,173033,173033,26.99,IT1:101_1015(1.0),"https://esploradati.istat.it/SDMXWS/rest/data/IT1,101_1015,1.0/"
POTA,patata comune,ITD1,Provincia Autonoma Bolzano / Bozen,2024,290,,92800,92800,32.0,IT1:101_1015(1.0),"https://esploradati.istat.it/SDMXWS/rest/data/IT1,101_1015,1.0/"
POTA,patata comune,ITD1,Provincia Autonoma Bolzano / Bozen,2025,275,,96250,96250,35.0,IT1:101_1015(1.0),"https://esploradati.istat.it/SDMXWS/rest/data/IT1,101_1015,1.0/"
POTA,patata comune,ITD1,Provincia Autonoma Bolzano / Bozen,2026,241,,85555,85555,35.5,IT1:101_1015(1.0),"https://esploradati.istat.it/SDMXWS/rest/data/IT1,101_1015,1.0/"
POTA,patata comune,ITD2,Provincia Autonoma Trento,2024,340,,68000,68000,20.0,IT1:101_1015(1.0),"https://esploradati.istat.it/SDMXWS/rest/data/IT1,101_1015,1.0/"
POTA,patata comune,ITD2,Provincia Autonoma Trento,2025,339,,44000,44000,12.98,IT1:101_1015(1.0),"https://esploradati.istat.it/SDMXWS/rest/data/IT1,101_1015,1.0/"
POTA,patata comune,ITD2,Provincia Autonoma Trento,2026,362,,72400,72400,20.0,IT1:101_1015(1.0),"https://esploradati.istat.it/SDMXWS/rest/data/IT1,101_1015,1.0/"
POTA,patata comune,ITD3,Veneto,2024,3593,,1387150,1470380,38.61,IT1:101_1015(1.0),"https://esploradati.istat.it/SDMXWS/rest/data/IT1,101_1015,1.0/"
POTA,patata comune,ITD3,Veneto,2025,4022,,1717473,1818521,42.7,IT1:101_1015(1.0),"https://esploradati.istat.it/SDMXWS/rest/data/IT1,101_1015,1.0/"
POTA,patata comune,ITD3,Veneto,2026,4022,,1676067,1776631,41.67,IT1:101_1015(1.0),"https://esploradati.istat.it/SDMXWS/rest/data/IT1,101_1015,1.0/"
POTA,patata comune,ITD4,Friuli-Venezia Giulia,2024,279,,68781,69475,24.65,IT1:101_1015(1.0),"https://esploradati.istat.it/SDMXWS/rest/data/IT1,101_1015,1.0/"
POTA,patata comune,ITD4,Friuli-Venezia Giulia,2025,341,,131660,132990,38.61,IT1:101_1015(1.0),"https://esploradati.istat.it/SDMXWS/rest/data/IT1,101_1015,1.0/"
POTA,patata comune,ITD4,Friuli-Venezia Giulia,2026,343,,132432,133770,38.61,IT1:101_1015(1.0),"https://esploradati.istat.it/SDMXWS/rest/data/IT1,101_1015,1.0/"
POTA,patata comune,ITD5,Emilia-Romagna,2024,3879,,1626345,1626345,41.93,IT1:101_1015(1.0),"https://esploradati.istat.it/SDMXWS/rest/data/IT1,101_1015,1.0/"
POTA,patata comune,ITD5,Emilia-Romagna,2025,3817,,1311742,1311742,34.37,IT1:101_1015(1.0),"https://esploradati.istat.it/SDMXWS/rest/data/IT1,101_1015,1.0/"
POTA,patata comune,ITD5,Emilia-Romagna,2026,3512,,1394802,1394802,39.72,IT1:101_1015(1.0),"https://esploradati.istat.it/SDMXWS/rest/data/IT1,101_1015,1.0/"
POTA,patata comune,ITDA,Trentino Alto Adige / Südtirol,2024,630,,160800,160800,25.52,IT1:101_1015(1.0),"https://esploradati.istat.it/SDMXWS/rest/data/IT1,101_1015,1.0/"
POTA,patata comune,ITDA,Trentino Alto Adige / Südtirol,2025,614,,140250,140250,22.84,IT1:101_1015(1.0),"https://esploradati.istat.it/SDMXWS/rest/data/IT1,101_1015,1.0/"
POTA,patata comune,ITDA,Trentino Alto Adige / Südtirol,2026,603,,157955,157955,26.19,IT1:101_1015(1.0),"https://esploradati.istat.it/SDMXWS/rest/data/IT1,101_1015,1.0/"
POTA,patata comune,ITE1,Toscana,2024,704,,142985,143625,20.31,IT1:101_1015(1.0),"https://esploradati.istat.it/SDMXWS/rest/data/IT1,101_1015,1.0/"
POTA,patata comune,ITE1,Toscana,2025,506,,96560,96890,19.08,IT1:101_1015(1.0),"https://esploradati.istat.it/SDMXWS/rest/data/IT1,101_1015,1.0/"
POTA,patata comune,ITE1,Toscana,2026,493,,104260,104490,21.15,IT1:101_1015(1.0),"https://esploradati.istat.it/SDMXWS/rest/data/IT1,101_1015,1.0/"
POTA,patata comune,ITE2,Umbria,2024,310,,62000,62000,20.0,IT1:101_1015(1.0),"https://esploradati.istat.it/SDMXWS/rest/data/IT1,101_1015,1.0/"
POTA,patata comune,ITE2,Umbria,2025,260,,52000,52000,20.0,IT1:101_1015(1.0),"https://esploradati.istat.it/SDMXWS/rest/data/IT1,101_1015,1.0/"
POTA,patata comune,ITE2,Umbria,2026,221,,44200,44200,20.0,IT1:101_1015(1.0),"https://esploradati.istat.it/SDMXWS/rest/data/IT1,101_1015,1.0/"
POTA,patata comune,ITE3,Marche,2024,178,,41102,41102,23.09,IT1:101_1015(1.0),"https://esploradati.istat.it/SDMXWS/rest/data/IT1,101_1015,1.0/"
POTA,patata comune,ITE3,Marche,2025,210,,59588,59588,28.38,IT1:101_1015(1.0),"https://esploradati.istat.it/SDMXWS/rest/data/IT1,101_1015,1.0/"
POTA,patata comune,ITE3,Marche,2026,220,,54592,54592,24.81,IT1:101_1015(1.0),"https://esploradati.istat.it/SDMXWS/rest/data/IT1,101_1015,1.0/"
POTA,patata comune,ITE4,Lazio,2024,2154,,628280,641400,29.17,IT1:101_1015(1.0),"https://esploradati.istat.it/SDMXWS/rest/data/IT1,101_1015,1.0/"
POTA,patata comune,ITE4,Lazio,2025,2161,,637688,651800,29.51,IT1:101_1015(1.0),"https://esploradati.istat.it/SDMXWS/rest/data/IT1,101_1015,1.0/"
POTA,patata comune,ITE4,Lazio,2026,2166,,627190,641270,28.96,IT1:101_1015(1.0),"https://esploradati.istat.it/SDMXWS/rest/data/IT1,101_1015,1.0/"
POTA,patata comune,ITF1,Abruzzo,2024,4570,,1705000,1705000,37.31,IT1:101_1015(1.0),"https://esploradati.istat.it/SDMXWS/rest/data/IT1,101_1015,1.0/"
POTA,patata comune,ITF1,Abruzzo,2025,4570,,1705000,1705000,37.31,IT1:101_1015(1.0),"https://esploradati.istat.it/SDMXWS/rest/data/IT1,101_1015,1.0/"
POTA,patata comune,ITF1,Abruzzo,2026,3890,,1286550,1286550,33.07,IT1:101_1015(1.0),"https://esploradati.istat.it/SDMXWS/rest/data/IT1,101_1015,1.0/"
POTA,patata comune,ITF2,Molise,2024,85,,13150,13150,15.47,IT1:101_1015(1.0),"https://esploradati.istat.it/SDMXWS/rest/data/IT1,101_1015,1.0/"
POTA,patata comune,ITF2,Molise,2025,85,,14775,14775,17.38,IT1:101_1015(1.0),"https://esploradati.istat.it/SDMXWS/rest/data/IT1,101_1015,1.0/"
POTA,patata comune,ITF2,Molise,2026,85,,15550,15550,18.29,IT1:101_1015(1.0),"https://esploradati.istat.it/SDMXWS/rest/data/IT1,101_1015,1.0/"
POTA,patata comune,ITF3,Campania,2024,5475,,1655500,1675500,30.24,IT1:101_1015(1.0),"https://esploradati.istat.it/SDMXWS/rest/data/IT1,101_1015,1.0/"
POTA,patata comune,ITF3,Campania,2025,5458,,1637000,1642000,29.99,IT1:101_1015(1.0),"https://esploradati.istat.it/SDMXWS/rest/data/IT1,101_1015,1.0/"
POTA,patata comune,ITF3,Campania,2026,5530,,1708000,1708000,30.89,IT1:101_1015(1.0),"https://esploradati.istat.it/SDMXWS/rest/data/IT1,101_1015,1.0/"
POTA,patata comune,ITF4,Puglia,2024,885,,252900,266000,28.58,IT1:101_1015(1.0),"https://esploradati.istat.it/SDMXWS/rest/data/IT1,101_1015,1.0/"
POTA,patata comune,ITF4,Puglia,2025,865,,242950,256000,28.09,IT1:101_1015(1.0),"https://esploradati.istat.it/SDMXWS/rest/data/IT1,101_1015,1.0/"
POTA,patata comune,ITF4,Puglia,2026,930,,273050,288000,29.36,IT1:101_1015(1.0),"https://esploradati.istat.it/SDMXWS/rest/data/IT1,101_1015,1.0/"
POTA,patata comune,ITF5,Basilicata,2024,105,,19754,19853,18.81,IT1:101_1015(1.0),"https://esploradati.istat.it/SDMXWS/rest/data/IT1,101_1015,1.0/"
POTA,patata comune,ITF5,Basilicata,2025,105,,19754,19853,18.81,IT1:101_1015(1.0),"https://esploradati.istat.it/SDMXWS/rest/data/IT1,101_1015,1.0/"
POTA,patata comune,ITF5,Basilicata,2026,102,,17347,17506,17.01,IT1:101_1015(1.0),"https://esploradati.istat.it/SDMXWS/rest/data/IT1,101_1015,1.0/"
POTA,patata comune,ITF6,Calabria,2024,4711,,1234855,1239985,26.21,IT1:101_1015(1.0),"https://esploradati.istat.it/SDMXWS/rest/data/IT1,101_1015,1.0/"
POTA,patata comune,ITF6,Calabria,2025,4711,,1234775,1239885,26.21,IT1:101_1015(1.0),"https://esploradati.istat.it/SDMXWS/rest/data/IT1,101_1015,1.0/"
POTA,patata comune,ITF6,Calabria,2026,4776,,1263875,1276925,26.46,IT1:101_1015(1.0),"https://esploradati.istat.it/SDMXWS/rest/data/IT1,101_1015,1.0/"
POTA,patata comune,ITG1,Sicilia,2024,2307,,399328,408485,17.31,IT1:101_1015(1.0),"https://esploradati.istat.it/SDMXWS/rest/data/IT1,101_1015,1.0/"
POTA,patata comune,ITG1,Sicilia,2025,2293,,407530,417096,17.77,IT1:101_1015(1.0),"https://esploradati.istat.it/SDMXWS/rest/data/IT1,101_1015,1.0/"
POTA,patata comune,ITG1,Sicilia,2026,2132,,394758,399409,18.52,IT1:101_1015(1.0),"https://esploradati.istat.it/SDMXWS/rest/data/IT1,101_1015,1.0/"
POTA,patata comune,ITG2,Sardegna,2024,696,,234284,234284,33.66,IT1:101_1015(1.0),"https://esploradati.istat.it/SDMXWS/rest/data/IT1,101_1015,1.0/"
POTA,patata comune,ITG2,Sardegna,2025,806,,265290,265290,32.91,IT1:101_1015(1.0),"https://esploradati.istat.it/SDMXWS/rest/data/IT1,101_1015,1.0/"
POTA,patata comune,ITG2,Sardegna,2026,688,,226555,226555,32.93,IT1:101_1015(1.0),"https://esploradati.istat.it/SDMXWS/rest/data/IT1,101_1015,1.0/"
RICE,riso,IT,Italia,2024,226130,,14487562,14487562,6.41,IT1:101_1015(1.0),"https://esploradati.istat.it/SDMXWS/rest/data/IT1,101_1015,1.0/"
RICE,riso,IT,Italia,2025,231347,,13851501,13851501,5.99,IT1:101_1015(1.0),"https://esploradati.istat.it/SDMXWS/rest/data/IT1,101_1015,1.0/"
RICE,riso,ITC1,Piemonte,2024,117671,,7912903,7912903,6.72,IT1:101_1015(1.0),"https://esploradati.istat.it/SDMXWS/rest/data/IT1,101_1015,1.0/"
RICE,riso,ITC1,Piemonte,2025,120236,,7041418,7041418,5.86,IT1:101_1015(1.0),"https://esploradati.istat.it/SDMXWS/rest/data/IT1,101_1015,1.0/"
RICE,riso,ITC4,Lombardia,2024,95513,,5844423,5844423,6.12,IT1:101_1015(1.0),"https://esploradati.istat.it/SDMXWS/rest/data/IT1,101_1015,1.0/"
RICE,riso,ITC4,Lombardia,2025,100308,,6217707,6217707,6.2,IT1:101_1015(1.0),"https://esploradati.istat.it/SDMXWS/rest/data/IT1,101_1015,1.0/"
RICE,riso,ITD1,Provincia Autonoma Bolzano / Bozen,2024,2,,119,119,5.95,IT1:101_1015(1.0),"https://esploradati.istat.it/SDMXWS/rest/data/IT1,101_1015,1.0/"
RICE,riso,ITD1,Provincia Autonoma Bolzano / Bozen,2025,10,,182,182,1.82,IT1:101_1015(1.0),"https://esploradati.istat.it/SDMXWS/rest/data/IT1,101_1015,1.0/"
RICE,riso,ITD3,Veneto,2024,3350,,154636,154636,4.62,IT1:101_1015(1.0),"https://esploradati.istat.it/SDMXWS/rest/data/IT1,101_1015,1.0/"
RICE,riso,ITD3,Veneto,2025,4154,,218286,218286,5.25,IT1:101_1015(1.0),"https://esploradati.istat.it/SDMXWS/rest/data/IT1,101_1015,1.0/"
RICE,riso,ITD4,Friuli-Venezia Giulia,2024,15,,,,,IT1:101_1015(1.0),"https://esploradati.istat.it/SDMXWS/rest/data/IT1,101_1015,1.0/"
RICE,riso,ITD4,Friuli-Venezia Giulia,2025,28,,1156,1156,4.13,IT1:101_1015(1.0),"https://esploradati.istat.it/SDMXWS/rest/data/IT1,101_1015,1.0/"
RICE,riso,ITD5,Emilia-Romagna,2024,5249,,266764,266764,5.08,IT1:101_1015(1.0),"https://esploradati.istat.it/SDMXWS/rest/data/IT1,101_1015,1.0/"
RICE,riso,ITD5,Emilia-Romagna,2025,5522,,318558,318558,5.77,IT1:101_1015(1.0),"https://esploradati.istat.it/SDMXWS/rest/data/IT1,101_1015,1.0/"
RICE,riso,ITDA,Trentino Alto Adige / Südtirol,2024,2,,119,119,5.95,IT1:101_1015(1.0),"https://esploradati.istat.it/SDMXWS/rest/data/IT1,101_1015,1.0/"
RICE,riso,ITDA,Trentino Alto Adige / Südtirol,2025,10,,182,182,1.82,IT1:101_1015(1.0),"https://esploradati.istat.it/SDMXWS/rest/data/IT1,101_1015,1.0/"
RICE,riso,ITE1,Toscana,2024,331,,16727,16727,5.05,IT1:101_1015(1.0),"https://esploradati.istat.it/SDMXWS/rest/data/IT1,101_1015,1.0/"
RICE,riso,ITE1,Toscana,2025,383,,17908,17908,4.68,IT1:101_1015(1.0),"https://esploradati.istat.it/SDMXWS/rest/data/IT1,101_1015,1.0/"
RICE,riso,ITE4,Lazio,2024,14,,885,885,6.32,IT1:101_1015(1.0),"https://esploradati.istat.it/SDMXWS/rest/data/IT1,101_1015,1.0/"
RICE,riso,ITE4,Lazio,2025,14,,802,802,5.73,IT1:101_1015(1.0),"https://esploradati.istat.it/SDMXWS/rest/data/IT1,101_1015,1.0/"
RICE,riso,ITF1,Abruzzo,2025,3,,74,74,2.47,IT1:101_1015(1.0),"https://esploradati.istat.it/SDMXWS/rest/data/IT1,101_1015,1.0/"
RICE,riso,ITF3,Campania,2024,3,,26,26,0.87,IT1:101_1015(1.0),"https://esploradati.istat.it/SDMXWS/rest/data/IT1,101_1015,1.0/"
RICE,riso,ITF3,Campania,2025,1,,,,,IT1:101_1015(1.0),"https://esploradati.istat.it/SDMXWS/rest/data/IT1,101_1015,1.0/"
RICE,riso,ITF6,Calabria,2024,327,,18690,18690,5.72,IT1:101_1015(1.0),"https://esploradati.istat.it/SDMXWS/rest/data/IT1,101_1015,1.0/"
RICE,riso,ITF6,Calabria,2025,368,,14453,14453,3.93,IT1:101_1015(1.0),"https://esploradati.istat.it/SDMXWS/rest/data/IT1,101_1015,1.0/"
RICE,riso,ITG1,Sicilia,2024,55,,1403,1403,2.55,IT1:101_1015(1.0),"https://esploradati.istat.it/SDMXWS/rest/data/IT1,101_1015,1.0/"
RICE,riso,ITG1,Sicilia,2025,41,,1003,1003,2.45,IT1:101_1015(1.0),"https://esploradati.istat.it/SDMXWS/rest/data/IT1,101_1015,1.0/"
RICE,riso,ITG2,Sardegna,2024,3600,,270986,270986,7.53,IT1:101_1015(1.0),"https://esploradati.istat.it/SDMXWS/rest/data/IT1,101_1015,1.0/"
RICE,riso,ITG2,Sardegna,2025,279,,19954,19954,7.15,IT1:101_1015(1.0),"https://esploradati.istat.it/SDMXWS/rest/data/IT1,101_1015,1.0/"
SOYA,soia,IT,Italia,2024,336743,,10805915,10994471,3.21,IT1:101_1015(1.0),"https://esploradati.istat.it/SDMXWS/rest/data/IT1,101_1015,1.0/"
SOYA,soia,IT,Italia,2025,297775,,10603981,10786109,3.56,IT1:101_1015(1.0),"https://esploradati.istat.it/SDMXWS/rest/data/IT1,101_1015,1.0/"
SOYA,soia,IT,Italia,2026,291260,,9450227,9609301,3.24,IT1:101_1015(1.0),"https://esploradati.istat.it/SDMXWS/rest/data/IT1,101_1015,1.0/"
SOYA,soia,ITC1,Piemonte,2024,12370,,416536,416536,3.37,IT1:101_1015(1.0),"https://esploradati.istat.it/SDMXWS/rest/data/IT1,101_1015,1.0/"
SOYA,soia,ITC1,Piemonte,2025,11223,,379410,379410,3.38,IT1:101_1015(1.0),"https://esploradati.istat.it/SDMXWS/rest/data/IT1,101_1015,1.0/"
SOYA,soia,ITC1,Piemonte,2026,9398,,271511,271511,2.89,IT1:101_1015(1.0),"https://esploradati.istat.it/SDMXWS/rest/data/IT1,101_1015,1.0/"
SOYA,soia,ITC4,Lombardia,2024,52502,,1651506,1651506,3.15,IT1:101_1015(1.0),"https://esploradati.istat.it/SDMXWS/rest/data/IT1,101_1015,1.0/"
SOYA,soia,ITC4,Lombardia,2025,40116,,1481489,1481489,3.69,IT1:101_1015(1.0),"https://esploradati.istat.it/SDMXWS/rest/data/IT1,101_1015,1.0/"
SOYA,soia,ITC4,Lombardia,2026,35141,,1290395,1290395,3.67,IT1:101_1015(1.0),"https://esploradati.istat.it/SDMXWS/rest/data/IT1,101_1015,1.0/"
SOYA,soia,ITD3,Veneto,2024,160139,,5299688,5458692,3.31,IT1:101_1015(1.0),"https://esploradati.istat.it/SDMXWS/rest/data/IT1,101_1015,1.0/"
SOYA,soia,ITD3,Veneto,2025,142693,,5515795,5681268,3.87,IT1:101_1015(1.0),"https://esploradati.istat.it/SDMXWS/rest/data/IT1,101_1015,1.0/"
SOYA,soia,ITD3,Veneto,2026,142693,,4730179,4872083,3.31,IT1:101_1015(1.0),"https://esploradati.istat.it/SDMXWS/rest/data/IT1,101_1015,1.0/"
SOYA,soia,ITD4,Friuli-Venezia Giulia,2024,66586,,1750597,1768280,2.63,IT1:101_1015(1.0),"https://esploradati.istat.it/SDMXWS/rest/data/IT1,101_1015,1.0/"
SOYA,soia,ITD4,Friuli-Venezia Giulia,2025,60916,,1631560,1648041,2.68,IT1:101_1015(1.0),"https://esploradati.istat.it/SDMXWS/rest/data/IT1,101_1015,1.0/"
SOYA,soia,ITD4,Friuli-Venezia Giulia,2026,60916,,1688592,1705648,2.77,IT1:101_1015(1.0),"https://esploradati.istat.it/SDMXWS/rest/data/IT1,101_1015,1.0/"
SOYA,soia,ITD5,Emilia-Romagna,2024,44356,,1668548,1680146,3.76,IT1:101_1015(1.0),"https://esploradati.istat.it/SDMXWS/rest/data/IT1,101_1015,1.0/"
SOYA,soia,ITD5,Emilia-Romagna,2025,41907,,1574274,1574274,3.76,IT1:101_1015(1.0),"https://esploradati.istat.it/SDMXWS/rest/data/IT1,101_1015,1.0/"
SOYA,soia,ITD5,Emilia-Romagna,2026,42255,,1443537,1443537,3.42,IT1:101_1015(1.0),"https://esploradati.istat.it/SDMXWS/rest/data/IT1,101_1015,1.0/"
SOYA,soia,ITE1,Toscana,2024,393,,8510,8720,2.17,IT1:101_1015(1.0),"https://esploradati.istat.it/SDMXWS/rest/data/IT1,101_1015,1.0/"
SOYA,soia,ITE1,Toscana,2025,537,,11604,11604,2.16,IT1:101_1015(1.0),"https://esploradati.istat.it/SDMXWS/rest/data/IT1,101_1015,1.0/"
SOYA,soia,ITE1,Toscana,2026,463,,15218,15268,3.29,IT1:101_1015(1.0),"https://esploradati.istat.it/SDMXWS/rest/data/IT1,101_1015,1.0/"
SOYA,soia,ITE2,Umbria,2024,111,,3350,3350,3.02,IT1:101_1015(1.0),"https://esploradati.istat.it/SDMXWS/rest/data/IT1,101_1015,1.0/"
SOYA,soia,ITE2,Umbria,2025,80,,2400,2400,3.0,IT1:101_1015(1.0),"https://esploradati.istat.it/SDMXWS/rest/data/IT1,101_1015,1.0/"
SOYA,soia,ITE2,Umbria,2026,80,,2400,2400,3.0,IT1:101_1015(1.0),"https://esploradati.istat.it/SDMXWS/rest/data/IT1,101_1015,1.0/"
SOYA,soia,ITE3,Marche,2024,64,,1456,1456,2.27,IT1:101_1015(1.0),"https://esploradati.istat.it/SDMXWS/rest/data/IT1,101_1015,1.0/"
SOYA,soia,ITE3,Marche,2025,62,,1573,1573,2.54,IT1:101_1015(1.0),"https://esploradati.istat.it/SDMXWS/rest/data/IT1,101_1015,1.0/"
SOYA,soia,ITE3,Marche,2026,58,,1769,1769,3.05,IT1:101_1015(1.0),"https://esploradati.istat.it/SDMXWS/rest/data/IT1,101_1015,1.0/"
SOYA,soia,ITE4,Lazio,2024,122,,2774,2835,2.27,IT1:101_1015(1.0),"https://esploradati.istat.it/SDMXWS/rest/data/IT1,101_1015,1.0/"
SOYA,soia,ITE4,Lazio,2025,141,,2946,3120,2.09,IT1:101_1015(1.0),"https://esploradati.istat.it/SDMXWS/rest/data/IT1,101_1015,1.0/"
SOYA,soia,ITE4,Lazio,2026,136,,2976,3040,2.19,IT1:101_1015(1.0),"https://esploradati.istat.it/SDMXWS/rest/data/IT1,101_1015,1.0/"
SOYA,soia,ITF1,Abruzzo,2024,60,,1950,1950,3.25,IT1:101_1015(1.0),"https://esploradati.istat.it/SDMXWS/rest/data/IT1,101_1015,1.0/"
SOYA,soia,ITF1,Abruzzo,2025,60,,1930,1930,3.22,IT1:101_1015(1.0),"https://esploradati.istat.it/SDMXWS/rest/data/IT1,101_1015,1.0/"
SOYA,soia,ITF1,Abruzzo,2026,60,,1860,1860,3.1,IT1:101_1015(1.0),"https://esploradati.istat.it/SDMXWS/rest/data/IT1,101_1015,1.0/"
SOYA,soia,ITF6,Calabria,2024,40,,1000,1000,2.5,IT1:101_1015(1.0),"https://esploradati.istat.it/SDMXWS/rest/data/IT1,101_1015,1.0/"
SOYA,soia,ITF6,Calabria,2025,40,,1000,1000,2.5,IT1:101_1015(1.0),"https://esploradati.istat.it/SDMXWS/rest/data/IT1,101_1015,1.0/"
SOYA,soia,ITF6,Calabria,2026,60,,1790,1790,2.98,IT1:101_1015(1.0),"https://esploradati.istat.it/SDMXWS/rest/data/IT1,101_1015,1.0/"
SUNFLO,girasole,IT,Italia,2024,110402,,2858228,2870592,2.59,IT1:101_1015(1.0),"https://esploradati.istat.it/SDMXWS/rest/data/IT1,101_1015,1.0/"
SUNFLO,girasole,IT,Italia,2025,109397,,2904825,2917631,2.66,IT1:101_1015(1.0),"https://esploradati.istat.it/SDMXWS/rest/data/IT1,101_1015,1.0/"
SUNFLO,girasole,IT,Italia,2026,123183,,3273402,3446724,2.66,IT1:101_1015(1.0),"https://esploradati.istat.it/SDMXWS/rest/data/IT1,101_1015,1.0/"
SUNFLO,girasole,ITC1,Piemonte,2024,5303,,144553,144553,2.73,IT1:101_1015(1.0),"https://esploradati.istat.it/SDMXWS/rest/data/IT1,101_1015,1.0/"
SUNFLO,girasole,ITC1,Piemonte,2025,7409,,213563,213563,2.88,IT1:101_1015(1.0),"https://esploradati.istat.it/SDMXWS/rest/data/IT1,101_1015,1.0/"
SUNFLO,girasole,ITC1,Piemonte,2026,9053,,257099,257099,2.84,IT1:101_1015(1.0),"https://esploradati.istat.it/SDMXWS/rest/data/IT1,101_1015,1.0/"
SUNFLO,girasole,ITC4,Lombardia,2024,2099,,64996,64996,3.1,IT1:101_1015(1.0),"https://esploradati.istat.it/SDMXWS/rest/data/IT1,101_1015,1.0/"
SUNFLO,girasole,ITC4,Lombardia,2025,2340,,86117,86117,3.68,IT1:101_1015(1.0),"https://esploradati.istat.it/SDMXWS/rest/data/IT1,101_1015,1.0/"
SUNFLO,girasole,ITC4,Lombardia,2026,2845,,104419,104419,3.67,IT1:101_1015(1.0),"https://esploradati.istat.it/SDMXWS/rest/data/IT1,101_1015,1.0/"
SUNFLO,girasole,ITD3,Veneto,2024,3458,,107633,113030,3.11,IT1:101_1015(1.0),"https://esploradati.istat.it/SDMXWS/rest/data/IT1,101_1015,1.0/"
SUNFLO,girasole,ITD3,Veneto,2025,4591,,146380,153698,3.19,IT1:101_1015(1.0),"https://esploradati.istat.it/SDMXWS/rest/data/IT1,101_1015,1.0/"
SUNFLO,girasole,ITD3,Veneto,2026,4592,,147363,154729,3.21,IT1:101_1015(1.0),"https://esploradati.istat.it/SDMXWS/rest/data/IT1,101_1015,1.0/"
SUNFLO,girasole,ITD4,Friuli-Venezia Giulia,2024,2048,,52033,52559,2.54,IT1:101_1015(1.0),"https://esploradati.istat.it/SDMXWS/rest/data/IT1,101_1015,1.0/"
SUNFLO,girasole,ITD4,Friuli-Venezia Giulia,2025,1781,,44610,45059,2.5,IT1:101_1015(1.0),"https://esploradati.istat.it/SDMXWS/rest/data/IT1,101_1015,1.0/"
SUNFLO,girasole,ITD4,Friuli-Venezia Giulia,2026,1781,,61712,62335,3.47,IT1:101_1015(1.0),"https://esploradati.istat.it/SDMXWS/rest/data/IT1,101_1015,1.0/"
SUNFLO,girasole,ITD5,Emilia-Romagna,2024,15131,,450030,450030,2.97,IT1:101_1015(1.0),"https://esploradati.istat.it/SDMXWS/rest/data/IT1,101_1015,1.0/"
SUNFLO,girasole,ITD5,Emilia-Romagna,2025,16800,,485888,485888,2.89,IT1:101_1015(1.0),"https://esploradati.istat.it/SDMXWS/rest/data/IT1,101_1015,1.0/"
SUNFLO,girasole,ITD5,Emilia-Romagna,2026,17245,,542271,542271,3.14,IT1:101_1015(1.0),"https://esploradati.istat.it/SDMXWS/rest/data/IT1,101_1015,1.0/"
SUNFLO,girasole,ITE1,Toscana,2024,20958,,558640,560440,2.67,IT1:101_1015(1.0),"https://esploradati.istat.it/SDMXWS/rest/data/IT1,101_1015,1.0/"
SUNFLO,girasole,ITE1,Toscana,2025,17735,,458552,458644,2.59,IT1:101_1015(1.0),"https://esploradati.istat.it/SDMXWS/rest/data/IT1,101_1015,1.0/"
SUNFLO,girasole,ITE1,Toscana,2026,21016,,562960,563220,2.68,IT1:101_1015(1.0),"https://esploradati.istat.it/SDMXWS/rest/data/IT1,101_1015,1.0/"
SUNFLO,girasole,ITE2,Umbria,2024,15400,,365000,365000,2.37,IT1:101_1015(1.0),"https://esploradati.istat.it/SDMXWS/rest/data/IT1,101_1015,1.0/"
SUNFLO,girasole,ITE2,Umbria,2025,14300,,342000,342000,2.39,IT1:101_1015(1.0),"https://esploradati.istat.it/SDMXWS/rest/data/IT1,101_1015,1.0/"
SUNFLO,girasole,ITE2,Umbria,2026,16800,,397400,397400,2.37,IT1:101_1015(1.0),"https://esploradati.istat.it/SDMXWS/rest/data/IT1,101_1015,1.0/"
SUNFLO,girasole,ITE3,Marche,2024,35077,,890820,890820,2.54,IT1:101_1015(1.0),"https://esploradati.istat.it/SDMXWS/rest/data/IT1,101_1015,1.0/"
SUNFLO,girasole,ITE3,Marche,2025,33558,,901058,901058,2.69,IT1:101_1015(1.0),"https://esploradati.istat.it/SDMXWS/rest/data/IT1,101_1015,1.0/"
SUNFLO,girasole,ITE3,Marche,2026,37414,,947505,1108633,2.53,IT1:101_1015(1.0),"https://esploradati.istat.it/SDMXWS/rest/data/IT1,101_1015,1.0/"
SUNFLO,girasole,ITE4,Lazio,2024,2941,,66790,69700,2.27,IT1:101_1015(1.0),"https://esploradati.istat.it/SDMXWS/rest/data/IT1,101_1015,1.0/"
SUNFLO,girasole,ITE4,Lazio,2025,2762,,63984,66900,2.32,IT1:101_1015(1.0),"https://esploradati.istat.it/SDMXWS/rest/data/IT1,101_1015,1.0/"
SUNFLO,girasole,ITE4,Lazio,2026,2766,,44868,46690,1.62,IT1:101_1015(1.0),"https://esploradati.istat.it/SDMXWS/rest/data/IT1,101_1015,1.0/"
SUNFLO,girasole,ITF1,Abruzzo,2024,3888,,76850,76850,1.98,IT1:101_1015(1.0),"https://esploradati.istat.it/SDMXWS/rest/data/IT1,101_1015,1.0/"
SUNFLO,girasole,ITF1,Abruzzo,2025,3888,,76850,76850,1.98,IT1:101_1015(1.0),"https://esploradati.istat.it/SDMXWS/rest/data/IT1,101_1015,1.0/"
SUNFLO,girasole,ITF1,Abruzzo,2026,3965,,78600,78600,1.98,IT1:101_1015(1.0),"https://esploradati.istat.it/SDMXWS/rest/data/IT1,101_1015,1.0/"
SUNFLO,girasole,ITF2,Molise,2024,1910,,37870,37870,1.98,IT1:101_1015(1.0),"https://esploradati.istat.it/SDMXWS/rest/data/IT1,101_1015,1.0/"
SUNFLO,girasole,ITF2,Molise,2025,2020,,40040,40040,1.98,IT1:101_1015(1.0),"https://esploradati.istat.it/SDMXWS/rest/data/IT1,101_1015,1.0/"
SUNFLO,girasole,ITF2,Molise,2026,2020,,40100,40100,1.99,IT1:101_1015(1.0),"https://esploradati.istat.it/SDMXWS/rest/data/IT1,101_1015,1.0/"
SUNFLO,girasole,ITF3,Campania,2024,174,,4320,4320,2.48,IT1:101_1015(1.0),"https://esploradati.istat.it/SDMXWS/rest/data/IT1,101_1015,1.0/"
SUNFLO,girasole,ITF3,Campania,2025,168,,4090,4090,2.43,IT1:101_1015(1.0),"https://esploradati.istat.it/SDMXWS/rest/data/IT1,101_1015,1.0/"
SUNFLO,girasole,ITF3,Campania,2026,180,,4400,4400,2.44,IT1:101_1015(1.0),"https://esploradati.istat.it/SDMXWS/rest/data/IT1,101_1015,1.0/"
SUNFLO,girasole,ITF4,Puglia,2024,1920,,36800,38500,1.92,IT1:101_1015(1.0),"https://esploradati.istat.it/SDMXWS/rest/data/IT1,101_1015,1.0/"
SUNFLO,girasole,ITF4,Puglia,2025,1930,,39400,41400,2.04,IT1:101_1015(1.0),"https://esploradati.istat.it/SDMXWS/rest/data/IT1,101_1015,1.0/"
SUNFLO,girasole,ITF4,Puglia,2026,3400,,82400,84500,2.42,IT1:101_1015(1.0),"https://esploradati.istat.it/SDMXWS/rest/data/IT1,101_1015,1.0/"
SUNFLO,girasole,ITF5,Basilicata,2024,49,,561,586,1.14,IT1:101_1015(1.0),"https://esploradati.istat.it/SDMXWS/rest/data/IT1,101_1015,1.0/"
SUNFLO,girasole,ITF5,Basilicata,2025,49,,561,586,1.14,IT1:101_1015(1.0),"https://esploradati.istat.it/SDMXWS/rest/data/IT1,101_1015,1.0/"
SUNFLO,girasole,ITF5,Basilicata,2026,37,,388,411,1.05,IT1:101_1015(1.0),"https://esploradati.istat.it/SDMXWS/rest/data/IT1,101_1015,1.0/"
SUNFLO,girasole,ITF6,Calabria,2024,46,,1332,1338,2.9,IT1:101_1015(1.0),"https://esploradati.istat.it/SDMXWS/rest/data/IT1,101_1015,1.0/"
SUNFLO,girasole,ITF6,Calabria,2025,46,,1332,1338,2.9,IT1:101_1015(1.0),"https://esploradati.istat.it/SDMXWS/rest/data/IT1,101_1015,1.0/"
SUNFLO,girasole,ITF6,Calabria,2026,49,,1517,1517,3.1,IT1:101_1015(1.0),"https://esploradati.istat.it/SDMXWS/rest/data/IT1,101_1015,1.0/"
SUNFLO,girasole,ITG2,Sardegna,2025,20,,400,400,2.0,IT1:101_1015(1.0),"https://esploradati.istat.it/SDMXWS/rest/data/IT1,101_1015,1.0/"
SUNFLO,girasole,ITG2,Sardegna,2026,20,,400,400,2.0,IT1:101_1015(1.0),"https://esploradati.istat.it/SDMXWS/rest/data/IT1,101_1015,1.0/"
TABLEGRAPES,uva da tavola,IT,Italia,2024,47514,,10026934,10417944,21.1,IT1:101_1015(1.0),"https://esploradati.istat.it/SDMXWS/rest/data/IT1,101_1015,1.0/"
TABLEGRAPES,uva da tavola,IT,Italia,2025,47062,,9775960,10644513,20.77,IT1:101_1015(1.0),"https://esploradati.istat.it/SDMXWS/rest/data/IT1,101_1015,1.0/"
TABLEGRAPES,uva da tavola,IT,Italia,2026,40790,,8800946,9446006,21.58,IT1:101_1015(1.0),"https://esploradati.istat.it/SDMXWS/rest/data/IT1,101_1015,1.0/"
TABLEGRAPES,uva da tavola,ITC1,Piemonte,2026,192,,10386,10386,5.41,IT1:101_1015(1.0),"https://esploradati.istat.it/SDMXWS/rest/data/IT1,101_1015,1.0/"
TABLEGRAPES,uva da tavola,ITC3,Liguria,2024,2,,140,150,7.0,IT1:101_1015(1.0),"https://esploradati.istat.it/SDMXWS/rest/data/IT1,101_1015,1.0/"
TABLEGRAPES,uva da tavola,ITC3,Liguria,2025,2,,140,150,7.0,IT1:101_1015(1.0),"https://esploradati.istat.it/SDMXWS/rest/data/IT1,101_1015,1.0/"
TABLEGRAPES,uva da tavola,ITC3,Liguria,2026,2,,300,350,15.0,IT1:101_1015(1.0),"https://esploradati.istat.it/SDMXWS/rest/data/IT1,101_1015,1.0/"
TABLEGRAPES,uva da tavola,ITC4,Lombardia,2024,16,,360,360,2.25,IT1:101_1015(1.0),"https://esploradati.istat.it/SDMXWS/rest/data/IT1,101_1015,1.0/"
TABLEGRAPES,uva da tavola,ITC4,Lombardia,2025,17,,1272,1272,7.48,IT1:101_1015(1.0),"https://esploradati.istat.it/SDMXWS/rest/data/IT1,101_1015,1.0/"
TABLEGRAPES,uva da tavola,ITC4,Lombardia,2026,17,,1272,1272,7.48,IT1:101_1015(1.0),"https://esploradati.istat.it/SDMXWS/rest/data/IT1,101_1015,1.0/"
TABLEGRAPES,uva da tavola,ITD1,Provincia Autonoma Bolzano / Bozen,2024,80,,5028,5028,6.29,IT1:101_1015(1.0),"https://esploradati.istat.it/SDMXWS/rest/data/IT1,101_1015,1.0/"
TABLEGRAPES,uva da tavola,ITD1,Provincia Autonoma Bolzano / Bozen,2025,28,,5800,5800,20.71,IT1:101_1015(1.0),"https://esploradati.istat.it/SDMXWS/rest/data/IT1,101_1015,1.0/"
TABLEGRAPES,uva da tavola,ITD2,Provincia Autonoma Trento,2024,4,,400,400,10.0,IT1:101_1015(1.0),"https://esploradati.istat.it/SDMXWS/rest/data/IT1,101_1015,1.0/"
TABLEGRAPES,uva da tavola,ITD2,Provincia Autonoma Trento,2025,4,,400,400,10.0,IT1:101_1015(1.0),"https://esploradati.istat.it/SDMXWS/rest/data/IT1,101_1015,1.0/"
TABLEGRAPES,uva da tavola,ITD2,Provincia Autonoma Trento,2026,3,,300,300,10.0,IT1:101_1015(1.0),"https://esploradati.istat.it/SDMXWS/rest/data/IT1,101_1015,1.0/"
TABLEGRAPES,uva da tavola,ITD3,Veneto,2024,68,,17000,17000,25.0,IT1:101_1015(1.0),"https://esploradati.istat.it/SDMXWS/rest/data/IT1,101_1015,1.0/"
TABLEGRAPES,uva da tavola,ITD3,Veneto,2025,70,,17500,17500,25.0,IT1:101_1015(1.0),"https://esploradati.istat.it/SDMXWS/rest/data/IT1,101_1015,1.0/"
TABLEGRAPES,uva da tavola,ITD3,Veneto,2026,70,,17500,17500,25.0,IT1:101_1015(1.0),"https://esploradati.istat.it/SDMXWS/rest/data/IT1,101_1015,1.0/"
TABLEGRAPES,uva da tavola,ITD4,Friuli-Venezia Giulia,2024,7,,880,889,12.57,IT1:101_1015(1.0),"https://esploradati.istat.it/SDMXWS/rest/data/IT1,101_1015,1.0/"
TABLEGRAPES,uva da tavola,ITD4,Friuli-Venezia Giulia,2025,6,,856,864,14.27,IT1:101_1015(1.0),"https://esploradati.istat.it/SDMXWS/rest/data/IT1,101_1015,1.0/"
TABLEGRAPES,uva da tavola,ITD4,Friuli-Venezia Giulia,2026,6,,1134,1146,18.9,IT1:101_1015(1.0),"https://esploradati.istat.it/SDMXWS/rest/data/IT1,101_1015,1.0/"
TABLEGRAPES,uva da tavola,ITD5,Emilia-Romagna,2024,40,,3230,3230,8.07,IT1:101_1015(1.0),"https://esploradati.istat.it/SDMXWS/rest/data/IT1,101_1015,1.0/"
TABLEGRAPES,uva da tavola,ITD5,Emilia-Romagna,2025,45,,3805,3805,8.46,IT1:101_1015(1.0),"https://esploradati.istat.it/SDMXWS/rest/data/IT1,101_1015,1.0/"
TABLEGRAPES,uva da tavola,ITD5,Emilia-Romagna,2026,43,,4178,4178,9.72,IT1:101_1015(1.0),"https://esploradati.istat.it/SDMXWS/rest/data/IT1,101_1015,1.0/"
TABLEGRAPES,uva da tavola,ITDA,Trentino Alto Adige / Südtirol,2024,84,,5428,5428,6.46,IT1:101_1015(1.0),"https://esploradati.istat.it/SDMXWS/rest/data/IT1,101_1015,1.0/"
TABLEGRAPES,uva da tavola,ITDA,Trentino Alto Adige / Südtirol,2025,32,,6200,6200,19.38,IT1:101_1015(1.0),"https://esploradati.istat.it/SDMXWS/rest/data/IT1,101_1015,1.0/"
TABLEGRAPES,uva da tavola,ITDA,Trentino Alto Adige / Südtirol,2026,3,,300,300,10.0,IT1:101_1015(1.0),"https://esploradati.istat.it/SDMXWS/rest/data/IT1,101_1015,1.0/"
TABLEGRAPES,uva da tavola,ITE1,Toscana,2024,55,,6965,6975,12.66,IT1:101_1015(1.0),"https://esploradati.istat.it/SDMXWS/rest/data/IT1,101_1015,1.0/"
TABLEGRAPES,uva da tavola,ITE1,Toscana,2025,45,,5695,5695,12.66,IT1:101_1015(1.0),"https://esploradati.istat.it/SDMXWS/rest/data/IT1,101_1015,1.0/"
TABLEGRAPES,uva da tavola,ITE1,Toscana,2026,39,,7300,7310,18.72,IT1:101_1015(1.0),"https://esploradati.istat.it/SDMXWS/rest/data/IT1,101_1015,1.0/"
TABLEGRAPES,uva da tavola,ITE2,Umbria,2024,11,,720,720,6.55,IT1:101_1015(1.0),"https://esploradati.istat.it/SDMXWS/rest/data/IT1,101_1015,1.0/"
TABLEGRAPES,uva da tavola,ITE2,Umbria,2025,9,,620,620,6.89,IT1:101_1015(1.0),"https://esploradati.istat.it/SDMXWS/rest/data/IT1,101_1015,1.0/"
TABLEGRAPES,uva da tavola,ITE2,Umbria,2026,10,,650,650,6.5,IT1:101_1015(1.0),"https://esploradati.istat.it/SDMXWS/rest/data/IT1,101_1015,1.0/"
TABLEGRAPES,uva da tavola,ITE3,Marche,2024,8,,560,560,7.0,IT1:101_1015(1.0),"https://esploradati.istat.it/SDMXWS/rest/data/IT1,101_1015,1.0/"
TABLEGRAPES,uva da tavola,ITE3,Marche,2025,13,,1350,1350,10.38,IT1:101_1015(1.0),"https://esploradati.istat.it/SDMXWS/rest/data/IT1,101_1015,1.0/"
TABLEGRAPES,uva da tavola,ITE3,Marche,2026,13,,1530,1530,11.77,IT1:101_1015(1.0),"https://esploradati.istat.it/SDMXWS/rest/data/IT1,101_1015,1.0/"
TABLEGRAPES,uva da tavola,ITE4,Lazio,2024,977,,172263,184935,17.63,IT1:101_1015(1.0),"https://esploradati.istat.it/SDMXWS/rest/data/IT1,101_1015,1.0/"
TABLEGRAPES,uva da tavola,ITE4,Lazio,2025,980,,246477,252869,25.15,IT1:101_1015(1.0),"https://esploradati.istat.it/SDMXWS/rest/data/IT1,101_1015,1.0/"
TABLEGRAPES,uva da tavola,ITE4,Lazio,2026,988,,173280,183430,17.54,IT1:101_1015(1.0),"https://esploradati.istat.it/SDMXWS/rest/data/IT1,101_1015,1.0/"
TABLEGRAPES,uva da tavola,ITF1,Abruzzo,2024,464,,103209,103209,22.24,IT1:101_1015(1.0),"https://esploradati.istat.it/SDMXWS/rest/data/IT1,101_1015,1.0/"
TABLEGRAPES,uva da tavola,ITF1,Abruzzo,2025,544,,123410,123410,22.69,IT1:101_1015(1.0),"https://esploradati.istat.it/SDMXWS/rest/data/IT1,101_1015,1.0/"
TABLEGRAPES,uva da tavola,ITF1,Abruzzo,2026,543,,126221,126221,23.25,IT1:101_1015(1.0),"https://esploradati.istat.it/SDMXWS/rest/data/IT1,101_1015,1.0/"
TABLEGRAPES,uva da tavola,ITF2,Molise,2024,45,,5850,5850,13.0,IT1:101_1015(1.0),"https://esploradati.istat.it/SDMXWS/rest/data/IT1,101_1015,1.0/"
TABLEGRAPES,uva da tavola,ITF2,Molise,2025,45,,6300,6300,14.0,IT1:101_1015(1.0),"https://esploradati.istat.it/SDMXWS/rest/data/IT1,101_1015,1.0/"
TABLEGRAPES,uva da tavola,ITF2,Molise,2026,45,,4950,4950,11.0,IT1:101_1015(1.0),"https://esploradati.istat.it/SDMXWS/rest/data/IT1,101_1015,1.0/"
TABLEGRAPES,uva da tavola,ITF3,Campania,2024,61,,9750,9750,15.98,IT1:101_1015(1.0),"https://esploradati.istat.it/SDMXWS/rest/data/IT1,101_1015,1.0/"
TABLEGRAPES,uva da tavola,ITF3,Campania,2025,64,,9400,9400,14.69,IT1:101_1015(1.0),"https://esploradati.istat.it/SDMXWS/rest/data/IT1,101_1015,1.0/"
TABLEGRAPES,uva da tavola,ITF3,Campania,2026,59,,9700,9700,16.44,IT1:101_1015(1.0),"https://esploradati.istat.it/SDMXWS/rest/data/IT1,101_1015,1.0/"
TABLEGRAPES,uva da tavola,ITF4,Puglia,2024,25455,,5670000,5926000,22.27,IT1:101_1015(1.0),"https://esploradati.istat.it/SDMXWS/rest/data/IT1,101_1015,1.0/"
TABLEGRAPES,uva da tavola,ITF4,Puglia,2025,24935,,5370000,6126000,21.54,IT1:101_1015(1.0),"https://esploradati.istat.it/SDMXWS/rest/data/IT1,101_1015,1.0/"
TABLEGRAPES,uva da tavola,ITF4,Puglia,2026,25385,,5629550,6137550,22.18,IT1:101_1015(1.0),"https://esploradati.istat.it/SDMXWS/rest/data/IT1,101_1015,1.0/"
TABLEGRAPES,uva da tavola,ITF5,Basilicata,2024,489,,123471,124228,25.25,IT1:101_1015(1.0),"https://esploradati.istat.it/SDMXWS/rest/data/IT1,101_1015,1.0/"
TABLEGRAPES,uva da tavola,ITF5,Basilicata,2025,489,,123471,124228,25.25,IT1:101_1015(1.0),"https://esploradati.istat.it/SDMXWS/rest/data/IT1,101_1015,1.0/"
TABLEGRAPES,uva da tavola,ITF5,Basilicata,2026,529,,109184,109400,20.64,IT1:101_1015(1.0),"https://esploradati.istat.it/SDMXWS/rest/data/IT1,101_1015,1.0/"
TABLEGRAPES,uva da tavola,ITF6,Calabria,2024,328,,54972,55840,16.76,IT1:101_1015(1.0),"https://esploradati.istat.it/SDMXWS/rest/data/IT1,101_1015,1.0/"
TABLEGRAPES,uva da tavola,ITF6,Calabria,2025,328,,54769,55720,16.7,IT1:101_1015(1.0),"https://esploradati.istat.it/SDMXWS/rest/data/IT1,101_1015,1.0/"
TABLEGRAPES,uva da tavola,ITF6,Calabria,2026,331,,51424,52360,15.54,IT1:101_1015(1.0),"https://esploradati.istat.it/SDMXWS/rest/data/IT1,101_1015,1.0/"
TABLEGRAPES,uva da tavola,ITG1,Sicilia,2024,18845,,3828516,3949200,20.32,IT1:101_1015(1.0),"https://esploradati.istat.it/SDMXWS/rest/data/IT1,101_1015,1.0/"
TABLEGRAPES,uva da tavola,ITG1,Sicilia,2025,18877,,3781075,3885510,20.03,IT1:101_1015(1.0),"https://esploradati.istat.it/SDMXWS/rest/data/IT1,101_1015,1.0/"
TABLEGRAPES,uva da tavola,ITG1,Sicilia,2026,12084,,2635274,2760960,21.81,IT1:101_1015(1.0),"https://esploradati.istat.it/SDMXWS/rest/data/IT1,101_1015,1.0/"
TABLEGRAPES,uva da tavola,ITG2,Sardegna,2024,559,,23620,23620,4.23,IT1:101_1015(1.0),"https://esploradati.istat.it/SDMXWS/rest/data/IT1,101_1015,1.0/"
TABLEGRAPES,uva da tavola,ITG2,Sardegna,2025,561,,23620,23620,4.21,IT1:101_1015(1.0),"https://esploradati.istat.it/SDMXWS/rest/data/IT1,101_1015,1.0/"
TABLEGRAPES,uva da tavola,ITG2,Sardegna,2026,431,,16813,16813,3.9,IT1:101_1015(1.0),"https://esploradati.istat.it/SDMXWS/rest/data/IT1,101_1015,1.0/"
WHEATD,frumento duro,IT,Italia,2024,1177436,,35000739,36033466,2.97,IT1:101_1015(1.0),"https://esploradati.istat.it/SDMXWS/rest/data/IT1,101_1015,1.0/"
WHEATD,frumento duro,IT,Italia,2025,1134227,,36182505,36676267,3.19,IT1:101_1015(1.0),"https://esploradati.istat.it/SDMXWS/rest/data/IT1,101_1015,1.0/"
WHEATD,frumento duro,IT,Italia,2026,1123500,,39020884,39513628,3.47,IT1:101_1015(1.0),"https://esploradati.istat.it/SDMXWS/rest/data/IT1,101_1015,1.0/"
WHEATD,frumento duro,ITC1,Piemonte,2024,2455,,88462,88462,3.6,IT1:101_1015(1.0),"https://esploradati.istat.it/SDMXWS/rest/data/IT1,101_1015,1.0/"
WHEATD,frumento duro,ITC1,Piemonte,2025,1974,,113450,113450,5.75,IT1:101_1015(1.0),"https://esploradati.istat.it/SDMXWS/rest/data/IT1,101_1015,1.0/"
WHEATD,frumento duro,ITC1,Piemonte,2026,1284,,57822,57822,4.5,IT1:101_1015(1.0),"https://esploradati.istat.it/SDMXWS/rest/data/IT1,101_1015,1.0/"
WHEATD,frumento duro,ITC3,Liguria,2026,60,,1800,1800,3.0,IT1:101_1015(1.0),"https://esploradati.istat.it/SDMXWS/rest/data/IT1,101_1015,1.0/"
WHEATD,frumento duro,ITC4,Lombardia,2024,16308,,765015,765015,4.69,IT1:101_1015(1.0),"https://esploradati.istat.it/SDMXWS/rest/data/IT1,101_1015,1.0/"
WHEATD,frumento duro,ITC4,Lombardia,2025,10317,,562154,562154,5.45,IT1:101_1015(1.0),"https://esploradati.istat.it/SDMXWS/rest/data/IT1,101_1015,1.0/"
WHEATD,frumento duro,ITC4,Lombardia,2026,8030,,436510,436510,5.44,IT1:101_1015(1.0),"https://esploradati.istat.it/SDMXWS/rest/data/IT1,101_1015,1.0/"
WHEATD,frumento duro,ITD2,Provincia Autonoma Trento,2024,6,,200,200,3.33,IT1:101_1015(1.0),"https://esploradati.istat.it/SDMXWS/rest/data/IT1,101_1015,1.0/"
WHEATD,frumento duro,ITD2,Provincia Autonoma Trento,2025,15,,500,500,3.33,IT1:101_1015(1.0),"https://esploradati.istat.it/SDMXWS/rest/data/IT1,101_1015,1.0/"
WHEATD,frumento duro,ITD2,Provincia Autonoma Trento,2026,18,,700,700,3.89,IT1:101_1015(1.0),"https://esploradati.istat.it/SDMXWS/rest/data/IT1,101_1015,1.0/"
WHEATD,frumento duro,ITD3,Veneto,2024,16648,,773380,788835,4.65,IT1:101_1015(1.0),"https://esploradati.istat.it/SDMXWS/rest/data/IT1,101_1015,1.0/"
WHEATD,frumento duro,ITD3,Veneto,2025,14208,,665582,678814,4.68,IT1:101_1015(1.0),"https://esploradati.istat.it/SDMXWS/rest/data/IT1,101_1015,1.0/"
WHEATD,frumento duro,ITD3,Veneto,2026,14208,,792513,808364,5.58,IT1:101_1015(1.0),"https://esploradati.istat.it/SDMXWS/rest/data/IT1,101_1015,1.0/"
WHEATD,frumento duro,ITD4,Friuli-Venezia Giulia,2024,33,,881,890,2.67,IT1:101_1015(1.0),"https://esploradati.istat.it/SDMXWS/rest/data/IT1,101_1015,1.0/"
WHEATD,frumento duro,ITD4,Friuli-Venezia Giulia,2025,53,,2151,2173,4.06,IT1:101_1015(1.0),"https://esploradati.istat.it/SDMXWS/rest/data/IT1,101_1015,1.0/"
WHEATD,frumento duro,ITD4,Friuli-Venezia Giulia,2026,60,,2257,2280,3.76,IT1:101_1015(1.0),"https://esploradati.istat.it/SDMXWS/rest/data/IT1,101_1015,1.0/"
WHEATD,frumento duro,ITD5,Emilia-Romagna,2024,69541,,3842504,3842504,5.53,IT1:101_1015(1.0),"https://esploradati.istat.it/SDMXWS/rest/data/IT1,101_1015,1.0/"
WHEATD,frumento duro,ITD5,Emilia-Romagna,2025,68065,,3450926,3450926,5.07,IT1:101_1015(1.0),"https://esploradati.istat.it/SDMXWS/rest/data/IT1,101_1015,1.0/"
WHEATD,frumento duro,ITD5,Emilia-Romagna,2026,67634,,4501389,4501389,6.66,IT1:101_1015(1.0),"https://esploradati.istat.it/SDMXWS/rest/data/IT1,101_1015,1.0/"
WHEATD,frumento duro,ITDA,Trentino Alto Adige / Südtirol,2024,6,,200,200,3.33,IT1:101_1015(1.0),"https://esploradati.istat.it/SDMXWS/rest/data/IT1,101_1015,1.0/"
WHEATD,frumento duro,ITDA,Trentino Alto Adige / Südtirol,2025,15,,500,500,3.33,IT1:101_1015(1.0),"https://esploradati.istat.it/SDMXWS/rest/data/IT1,101_1015,1.0/"
WHEATD,frumento duro,ITDA,Trentino Alto Adige / Südtirol,2026,18,,700,700,3.89,IT1:101_1015(1.0),"https://esploradati.istat.it/SDMXWS/rest/data/IT1,101_1015,1.0/"
WHEATD,frumento duro,ITE1,Toscana,2024,43661,,1375085,1375585,3.15,IT1:101_1015(1.0),"https://esploradati.istat.it/SDMXWS/rest/data/IT1,101_1015,1.0/"
WHEATD,frumento duro,ITE1,Toscana,2025,47741,,1563245,1563270,3.27,IT1:101_1015(1.0),"https://esploradati.istat.it/SDMXWS/rest/data/IT1,101_1015,1.0/"
WHEATD,frumento duro,ITE1,Toscana,2026,34189,,1125660,1125675,3.29,IT1:101_1015(1.0),"https://esploradati.istat.it/SDMXWS/rest/data/IT1,101_1015,1.0/"
WHEATD,frumento duro,ITE2,Umbria,2024,15300,,629000,629000,4.11,IT1:101_1015(1.0),"https://esploradati.istat.it/SDMXWS/rest/data/IT1,101_1015,1.0/"
WHEATD,frumento duro,ITE2,Umbria,2025,15450,,670000,670000,4.34,IT1:101_1015(1.0),"https://esploradati.istat.it/SDMXWS/rest/data/IT1,101_1015,1.0/"
WHEATD,frumento duro,ITE2,Umbria,2026,14600,,662500,662500,4.54,IT1:101_1015(1.0),"https://esploradati.istat.it/SDMXWS/rest/data/IT1,101_1015,1.0/"
WHEATD,frumento duro,ITE3,Marche,2024,72818,,3106373,3106373,4.27,IT1:101_1015(1.0),"https://esploradati.istat.it/SDMXWS/rest/data/IT1,101_1015,1.0/"
WHEATD,frumento duro,ITE3,Marche,2025,79072,,3669670,3669670,4.64,IT1:101_1015(1.0),"https://esploradati.istat.it/SDMXWS/rest/data/IT1,101_1015,1.0/"
WHEATD,frumento duro,ITE3,Marche,2026,77592,,4609380,4609380,5.94,IT1:101_1015(1.0),"https://esploradati.istat.it/SDMXWS/rest/data/IT1,101_1015,1.0/"
WHEATD,frumento duro,ITE4,Lazio,2024,39560,,1299180,1311240,3.28,IT1:101_1015(1.0),"https://esploradati.istat.it/SDMXWS/rest/data/IT1,101_1015,1.0/"
WHEATD,frumento duro,ITE4,Lazio,2025,39548,,1295842,1320900,3.28,IT1:101_1015(1.0),"https://esploradati.istat.it/SDMXWS/rest/data/IT1,101_1015,1.0/"
WHEATD,frumento duro,ITE4,Lazio,2026,39539,,1306680,1335900,3.3,IT1:101_1015(1.0),"https://esploradati.istat.it/SDMXWS/rest/data/IT1,101_1015,1.0/"
WHEATD,frumento duro,ITF1,Abruzzo,2024,35190,,1115400,1115400,3.17,IT1:101_1015(1.0),"https://esploradati.istat.it/SDMXWS/rest/data/IT1,101_1015,1.0/"
WHEATD,frumento duro,ITF1,Abruzzo,2025,35190,,1115400,1115400,3.17,IT1:101_1015(1.0),"https://esploradati.istat.it/SDMXWS/rest/data/IT1,101_1015,1.0/"
WHEATD,frumento duro,ITF1,Abruzzo,2026,37200,,1311900,1311900,3.53,IT1:101_1015(1.0),"https://esploradati.istat.it/SDMXWS/rest/data/IT1,101_1015,1.0/"
WHEATD,frumento duro,ITF2,Molise,2024,44700,,1559400,1559400,3.49,IT1:101_1015(1.0),"https://esploradati.istat.it/SDMXWS/rest/data/IT1,101_1015,1.0/"
WHEATD,frumento duro,ITF2,Molise,2025,43800,,1529400,1529400,3.49,IT1:101_1015(1.0),"https://esploradati.istat.it/SDMXWS/rest/data/IT1,101_1015,1.0/"
WHEATD,frumento duro,ITF2,Molise,2026,43900,,1532700,1532700,3.49,IT1:101_1015(1.0),"https://esploradati.istat.it/SDMXWS/rest/data/IT1,101_1015,1.0/"
WHEATD,frumento duro,ITF3,Campania,2024,52603,,1559185,1559185,2.96,IT1:101_1015(1.0),"https://esploradati.istat.it/SDMXWS/rest/data/IT1,101_1015,1.0/"
WHEATD,frumento duro,ITF3,Campania,2025,46874,,1551065,1551065,3.31,IT1:101_1015(1.0),"https://esploradati.istat.it/SDMXWS/rest/data/IT1,101_1015,1.0/"
WHEATD,frumento duro,ITF3,Campania,2026,47000,,1556500,1556500,3.31,IT1:101_1015(1.0),"https://esploradati.istat.it/SDMXWS/rest/data/IT1,101_1015,1.0/"
WHEATD,frumento duro,ITF4,Puglia,2024,338500,,7635500,8614000,2.26,IT1:101_1015(1.0),"https://esploradati.istat.it/SDMXWS/rest/data/IT1,101_1015,1.0/"
WHEATD,frumento duro,ITF4,Puglia,2025,294300,,7870000,8303500,2.67,IT1:101_1015(1.0),"https://esploradati.istat.it/SDMXWS/rest/data/IT1,101_1015,1.0/"
WHEATD,frumento duro,ITF4,Puglia,2026,300600,,8309000,8674000,2.76,IT1:101_1015(1.0),"https://esploradati.istat.it/SDMXWS/rest/data/IT1,101_1015,1.0/"
WHEATD,frumento duro,ITF5,Basilicata,2024,115160,,2879000,2879000,2.5,IT1:101_1015(1.0),"https://esploradati.istat.it/SDMXWS/rest/data/IT1,101_1015,1.0/"
WHEATD,frumento duro,ITF5,Basilicata,2025,115160,,2879000,2879000,2.5,IT1:101_1015(1.0),"https://esploradati.istat.it/SDMXWS/rest/data/IT1,101_1015,1.0/"
WHEATD,frumento duro,ITF5,Basilicata,2026,115236,,3205775,3267300,2.78,IT1:101_1015(1.0),"https://esploradati.istat.it/SDMXWS/rest/data/IT1,101_1015,1.0/"
WHEATD,frumento duro,ITF6,Calabria,2024,23092,,611398,624173,2.65,IT1:101_1015(1.0),"https://esploradati.istat.it/SDMXWS/rest/data/IT1,101_1015,1.0/"
WHEATD,frumento duro,ITF6,Calabria,2025,23092,,647863,656613,2.81,IT1:101_1015(1.0),"https://esploradati.istat.it/SDMXWS/rest/data/IT1,101_1015,1.0/"
WHEATD,frumento duro,ITF6,Calabria,2026,23937,,622858,635658,2.6,IT1:101_1015(1.0),"https://esploradati.istat.it/SDMXWS/rest/data/IT1,101_1015,1.0/"
WHEATD,frumento duro,ITG1,Sicilia,2024,277545,,7394140,7407315,2.66,IT1:101_1015(1.0),"https://esploradati.istat.it/SDMXWS/rest/data/IT1,101_1015,1.0/"
WHEATD,frumento duro,ITG1,Sicilia,2025,275895,,7916740,7929915,2.87,IT1:101_1015(1.0),"https://esploradati.istat.it/SDMXWS/rest/data/IT1,101_1015,1.0/"
WHEATD,frumento duro,ITG1,Sicilia,2026,274740,,8346345,8354655,3.04,IT1:101_1015(1.0),"https://esploradati.istat.it/SDMXWS/rest/data/IT1,101_1015,1.0/"
WHEATD,frumento duro,ITG2,Sardegna,2024,14316,,366636,366889,2.56,IT1:101_1015(1.0),"https://esploradati.istat.it/SDMXWS/rest/data/IT1,101_1015,1.0/"
WHEATD,frumento duro,ITG2,Sardegna,2025,23473,,679517,679517,2.89,IT1:101_1015(1.0),"https://esploradati.istat.it/SDMXWS/rest/data/IT1,101_1015,1.0/"
WHEATD,frumento duro,ITG2,Sardegna,2026,23673,,638595,638595,2.7,IT1:101_1015(1.0),"https://esploradati.istat.it/SDMXWS/rest/data/IT1,101_1015,1.0/"
WINEES,uva da vino,IT,Italia,2024,692663,,66101872,66824985,9.54,IT1:101_1015(1.0),"https://esploradati.istat.it/SDMXWS/rest/data/IT1,101_1015,1.0/"
WINEES,uva da vino,IT,Italia,2025,694333,,66793717,68349416,9.62,IT1:101_1015(1.0),"https://esploradati.istat.it/SDMXWS/rest/data/IT1,101_1015,1.0/"
WINEES,uva da vino,IT,Italia,2026,681842,,71076128,72319222,10.42,IT1:101_1015(1.0),"https://esploradati.istat.it/SDMXWS/rest/data/IT1,101_1015,1.0/"
WINEES,uva da vino,ITC1,Piemonte,2024,44129,,3069732,3069732,6.96,IT1:101_1015(1.0),"https://esploradati.istat.it/SDMXWS/rest/data/IT1,101_1015,1.0/"
WINEES,uva da vino,ITC1,Piemonte,2025,43967,,2903457,2903457,6.6,IT1:101_1015(1.0),"https://esploradati.istat.it/SDMXWS/rest/data/IT1,101_1015,1.0/"
WINEES,uva da vino,ITC1,Piemonte,2026,42649,,3101410,3101410,7.27,IT1:101_1015(1.0),"https://esploradati.istat.it/SDMXWS/rest/data/IT1,101_1015,1.0/"
WINEES,uva da vino,ITC2,Valle d'Aosta / Vallée d'Aoste,2024,452,,21149,21149,4.68,IT1:101_1015(1.0),"https://esploradati.istat.it/SDMXWS/rest/data/IT1,101_1015,1.0/"
WINEES,uva da vino,ITC2,Valle d'Aosta / Vallée d'Aoste,2025,460,,30000,30000,6.52,IT1:101_1015(1.0),"https://esploradati.istat.it/SDMXWS/rest/data/IT1,101_1015,1.0/"
WINEES,uva da vino,ITC2,Valle d'Aosta / Vallée d'Aoste,2026,480,,32000,32000,6.67,IT1:101_1015(1.0),"https://esploradati.istat.it/SDMXWS/rest/data/IT1,101_1015,1.0/"
WINEES,uva da vino,ITC3,Liguria,2024,1784,,124582,124802,6.98,IT1:101_1015(1.0),"https://esploradati.istat.it/SDMXWS/rest/data/IT1,101_1015,1.0/"
WINEES,uva da vino,ITC3,Liguria,2025,1786,,124539,124759,6.97,IT1:101_1015(1.0),"https://esploradati.istat.it/SDMXWS/rest/data/IT1,101_1015,1.0/"
WINEES,uva da vino,ITC3,Liguria,2026,1698,,109360,109510,6.44,IT1:101_1015(1.0),"https://esploradati.istat.it/SDMXWS/rest/data/IT1,101_1015,1.0/"
WINEES,uva da vino,ITC4,Lombardia,2024,22757,,1559245,1559245,6.85,IT1:101_1015(1.0),"https://esploradati.istat.it/SDMXWS/rest/data/IT1,101_1015,1.0/"
WINEES,uva da vino,ITC4,Lombardia,2025,22484,,1834126,1834126,8.16,IT1:101_1015(1.0),"https://esploradati.istat.it/SDMXWS/rest/data/IT1,101_1015,1.0/"
WINEES,uva da vino,ITC4,Lombardia,2026,22484,,1834126,1834126,8.16,IT1:101_1015(1.0),"https://esploradati.istat.it/SDMXWS/rest/data/IT1,101_1015,1.0/"
WINEES,uva da vino,ITD1,Provincia Autonoma Bolzano / Bozen,2024,5851,,431792,431792,7.38,IT1:101_1015(1.0),"https://esploradati.istat.it/SDMXWS/rest/data/IT1,101_1015,1.0/"
WINEES,uva da vino,ITD1,Provincia Autonoma Bolzano / Bozen,2025,5876,,467829,467829,7.96,IT1:101_1015(1.0),"https://esploradati.istat.it/SDMXWS/rest/data/IT1,101_1015,1.0/"
WINEES,uva da vino,ITD1,Provincia Autonoma Bolzano / Bozen,2026,5848,,475317,475317,8.13,IT1:101_1015(1.0),"https://esploradati.istat.it/SDMXWS/rest/data/IT1,101_1015,1.0/"
WINEES,uva da vino,ITD2,Provincia Autonoma Trento,2024,10044,,1061025,1082523,10.56,IT1:101_1015(1.0),"https://esploradati.istat.it/SDMXWS/rest/data/IT1,101_1015,1.0/"
WINEES,uva da vino,ITD2,Provincia Autonoma Trento,2025,10196,,1188166,1188166,11.65,IT1:101_1015(1.0),"https://esploradati.istat.it/SDMXWS/rest/data/IT1,101_1015,1.0/"
WINEES,uva da vino,ITD2,Provincia Autonoma Trento,2026,10122,,1188266,1188266,11.74,IT1:101_1015(1.0),"https://esploradati.istat.it/SDMXWS/rest/data/IT1,101_1015,1.0/"
WINEES,uva da vino,ITD3,Veneto,2024,103502,,13732900,13732900,13.27,IT1:101_1015(1.0),"https://esploradati.istat.it/SDMXWS/rest/data/IT1,101_1015,1.0/"
WINEES,uva da vino,ITD3,Veneto,2025,104398,,14662869,14662869,14.05,IT1:101_1015(1.0),"https://esploradati.istat.it/SDMXWS/rest/data/IT1,101_1015,1.0/"
WINEES,uva da vino,ITD3,Veneto,2026,104398,,14662869,14662869,14.05,IT1:101_1015(1.0),"https://esploradati.istat.it/SDMXWS/rest/data/IT1,101_1015,1.0/"
WINEES,uva da vino,ITD4,Friuli-Venezia Giulia,2024,30379,,3277713,3310820,10.79,IT1:101_1015(1.0),"https://esploradati.istat.it/SDMXWS/rest/data/IT1,101_1015,1.0/"
WINEES,uva da vino,ITD4,Friuli-Venezia Giulia,2025,30574,,3212181,3244627,10.51,IT1:101_1015(1.0),"https://esploradati.istat.it/SDMXWS/rest/data/IT1,101_1015,1.0/"
WINEES,uva da vino,ITD4,Friuli-Venezia Giulia,2026,30467,,3791098,3829392,12.44,IT1:101_1015(1.0),"https://esploradati.istat.it/SDMXWS/rest/data/IT1,101_1015,1.0/"
WINEES,uva da vino,ITD5,Emilia-Romagna,2024,53448,,9049412,9049412,16.93,IT1:101_1015(1.0),"https://esploradati.istat.it/SDMXWS/rest/data/IT1,101_1015,1.0/"
WINEES,uva da vino,ITD5,Emilia-Romagna,2025,53169,,7956201,7956201,14.96,IT1:101_1015(1.0),"https://esploradati.istat.it/SDMXWS/rest/data/IT1,101_1015,1.0/"
WINEES,uva da vino,ITD5,Emilia-Romagna,2026,52769,,8645306,8645306,16.38,IT1:101_1015(1.0),"https://esploradati.istat.it/SDMXWS/rest/data/IT1,101_1015,1.0/"
WINEES,uva da vino,ITDA,Trentino Alto Adige / Südtirol,2024,15895,,1492817,1514315,9.39,IT1:101_1015(1.0),"https://esploradati.istat.it/SDMXWS/rest/data/IT1,101_1015,1.0/"
WINEES,uva da vino,ITDA,Trentino Alto Adige / Südtirol,2025,16072,,1655995,1655995,10.3,IT1:101_1015(1.0),"https://esploradati.istat.it/SDMXWS/rest/data/IT1,101_1015,1.0/"
WINEES,uva da vino,ITDA,Trentino Alto Adige / Südtirol,2026,15970,,1663583,1663583,10.42,IT1:101_1015(1.0),"https://esploradati.istat.it/SDMXWS/rest/data/IT1,101_1015,1.0/"
WINEES,uva da vino,ITE1,Toscana,2024,59576,,3962341,3964594,6.65,IT1:101_1015(1.0),"https://esploradati.istat.it/SDMXWS/rest/data/IT1,101_1015,1.0/"
WINEES,uva da vino,ITE1,Toscana,2025,60785,,4029136,4230158,6.63,IT1:101_1015(1.0),"https://esploradati.istat.it/SDMXWS/rest/data/IT1,101_1015,1.0/"
WINEES,uva da vino,ITE1,Toscana,2026,63168,,4470025,4470165,7.08,IT1:101_1015(1.0),"https://esploradati.istat.it/SDMXWS/rest/data/IT1,101_1015,1.0/"
WINEES,uva da vino,ITE2,Umbria,2024,12400,,933200,933200,7.53,IT1:101_1015(1.0),"https://esploradati.istat.it/SDMXWS/rest/data/IT1,101_1015,1.0/"
WINEES,uva da vino,ITE2,Umbria,2025,12400,,972500,972500,7.84,IT1:101_1015(1.0),"https://esploradati.istat.it/SDMXWS/rest/data/IT1,101_1015,1.0/"
WINEES,uva da vino,ITE2,Umbria,2026,12400,,910000,910000,7.34,IT1:101_1015(1.0),"https://esploradati.istat.it/SDMXWS/rest/data/IT1,101_1015,1.0/"
WINEES,uva da vino,ITE3,Marche,2024,15397,,1235470,1235470,8.02,IT1:101_1015(1.0),"https://esploradati.istat.it/SDMXWS/rest/data/IT1,101_1015,1.0/"
WINEES,uva da vino,ITE3,Marche,2025,14916,,1772736,1772836,11.88,IT1:101_1015(1.0),"https://esploradati.istat.it/SDMXWS/rest/data/IT1,101_1015,1.0/"
WINEES,uva da vino,ITE3,Marche,2026,14818,,1683470,1683470,11.36,IT1:101_1015(1.0),"https://esploradati.istat.it/SDMXWS/rest/data/IT1,101_1015,1.0/"
WINEES,uva da vino,ITE4,Lazio,2024,20469,,2047787,2110379,10.0,IT1:101_1015(1.0),"https://esploradati.istat.it/SDMXWS/rest/data/IT1,101_1015,1.0/"
WINEES,uva da vino,ITE4,Lazio,2025,20500,,1958751,2033364,9.55,IT1:101_1015(1.0),"https://esploradati.istat.it/SDMXWS/rest/data/IT1,101_1015,1.0/"
WINEES,uva da vino,ITE4,Lazio,2026,20478,,2143832,2193400,10.47,IT1:101_1015(1.0),"https://esploradati.istat.it/SDMXWS/rest/data/IT1,101_1015,1.0/"
WINEES,uva da vino,ITF1,Abruzzo,2024,32390,,4594688,4594688,14.19,IT1:101_1015(1.0),"https://esploradati.istat.it/SDMXWS/rest/data/IT1,101_1015,1.0/"
WINEES,uva da vino,ITF1,Abruzzo,2025,32990,,4999700,4999700,15.16,IT1:101_1015(1.0),"https://esploradati.istat.it/SDMXWS/rest/data/IT1,101_1015,1.0/"
WINEES,uva da vino,ITF1,Abruzzo,2026,32850,,5250200,5250200,15.98,IT1:101_1015(1.0),"https://esploradati.istat.it/SDMXWS/rest/data/IT1,101_1015,1.0/"
WINEES,uva da vino,ITF2,Molise,2024,5432,,753705,753705,13.88,IT1:101_1015(1.0),"https://esploradati.istat.it/SDMXWS/rest/data/IT1,101_1015,1.0/"
WINEES,uva da vino,ITF2,Molise,2025,5432,,768515,768515,14.15,IT1:101_1015(1.0),"https://esploradati.istat.it/SDMXWS/rest/data/IT1,101_1015,1.0/"
WINEES,uva da vino,ITF2,Molise,2026,5432,,648020,648020,11.93,IT1:101_1015(1.0),"https://esploradati.istat.it/SDMXWS/rest/data/IT1,101_1015,1.0/"
WINEES,uva da vino,ITF3,Campania,2024,25079,,2038789,2040505,8.13,IT1:101_1015(1.0),"https://esploradati.istat.it/SDMXWS/rest/data/IT1,101_1015,1.0/"
WINEES,uva da vino,ITF3,Campania,2025,24749,,2202500,2208100,8.9,IT1:101_1015(1.0),"https://esploradati.istat.it/SDMXWS/rest/data/IT1,101_1015,1.0/"
WINEES,uva da vino,ITF3,Campania,2026,25054,,2272000,2272000,9.07,IT1:101_1015(1.0),"https://esploradati.istat.it/SDMXWS/rest/data/IT1,101_1015,1.0/"
WINEES,uva da vino,ITF4,Puglia,2024,93625,,11542000,11968000,12.33,IT1:101_1015(1.0),"https://esploradati.istat.it/SDMXWS/rest/data/IT1,101_1015,1.0/"
WINEES,uva da vino,ITF4,Puglia,2025,93655,,10937200,11964000,11.68,IT1:101_1015(1.0),"https://esploradati.istat.it/SDMXWS/rest/data/IT1,101_1015,1.0/"
WINEES,uva da vino,ITF4,Puglia,2026,93000,,12288000,13346000,13.21,IT1:101_1015(1.0),"https://esploradati.istat.it/SDMXWS/rest/data/IT1,101_1015,1.0/"
WINEES,uva da vino,ITF5,Basilicata,2024,2027,,155429,182278,7.67,IT1:101_1015(1.0),"https://esploradati.istat.it/SDMXWS/rest/data/IT1,101_1015,1.0/"
WINEES,uva da vino,ITF5,Basilicata,2025,2027,,155429,182278,7.67,IT1:101_1015(1.0),"https://esploradati.istat.it/SDMXWS/rest/data/IT1,101_1015,1.0/"
WINEES,uva da vino,ITF5,Basilicata,2026,1964,,96736,97375,4.93,IT1:101_1015(1.0),"https://esploradati.istat.it/SDMXWS/rest/data/IT1,101_1015,1.0/"
WINEES,uva da vino,ITF6,Calabria,2024,8921,,388259,390101,4.35,IT1:101_1015(1.0),"https://esploradati.istat.it/SDMXWS/rest/data/IT1,101_1015,1.0/"
WINEES,uva da vino,ITF6,Calabria,2025,8922,,387030,388375,4.34,IT1:101_1015(1.0),"https://esploradati.istat.it/SDMXWS/rest/data/IT1,101_1015,1.0/"
WINEES,uva da vino,ITF6,Calabria,2026,9121,,381129,381742,4.18,IT1:101_1015(1.0),"https://esploradati.istat.it/SDMXWS/rest/data/IT1,101_1015,1.0/"
WINEES,uva da vino,ITG1,Sicilia,2024,118292,,5541794,5688830,4.68,IT1:101_1015(1.0),"https://esploradati.istat.it/SDMXWS/rest/data/IT1,101_1015,1.0/"
WINEES,uva da vino,ITG1,Sicilia,2025,118329,,5642785,5829489,4.77,IT1:101_1015(1.0),"https://esploradati.istat.it/SDMXWS/rest/data/IT1,101_1015,1.0/"
WINEES,uva da vino,ITG1,Sicilia,2026,105922,,6469780,6565470,6.11,IT1:101_1015(1.0),"https://esploradati.istat.it/SDMXWS/rest/data/IT1,101_1015,1.0/"
WINEES,uva da vino,ITG2,Sardegna,2024,26709,,580860,580860,2.17,IT1:101_1015(1.0),"https://esploradati.istat.it/SDMXWS/rest/data/IT1,101_1015,1.0/"
WINEES,uva da vino,ITG2,Sardegna,2025,26718,,588067,588067,2.2,IT1:101_1015(1.0),"https://esploradati.istat.it/SDMXWS/rest/data/IT1,101_1015,1.0/"
WINEES,uva da vino,ITG2,Sardegna,2026,26720,,623184,623184,2.33,IT1:101_1015(1.0),"https://esploradati.istat.it/SDMXWS/rest/data/IT1,101_1015,1.0/"
