DATAFLOW,FREQ: Frequenza,REF_AREA: Territorio,DATA_TYPE: Indicatore,TYPE_OF_CROP: Tipo di coltivazione,DESTINATION_WINEGRAPES: Destinazione dell'uva da vino,TIME_PERIOD: Tempo,OBS_VALUE,OBS_STATUS: Stato dell'osservazione,NOTE_DS: Nota del dataset,NOTE_REF_AREA: Territorio,NOTE_DATA_TYPE: Indicatore,NOTE_TYPE_OF_CROP_EUCODE: Codice Eurostat,NOTE_TYPE_OF_CROP: Tipo di coltivazione,NOTE_DESTINATION_WINEGRAPES: Destinazione dell'uva da vino,NOTE_TIME_PERIOD: Tempo,BASE_PER: Anno base,UNIT_MEAS: Unità di misura,UNIT_MULT: Unità di moltiplicazione
IT1:101_1015(1.0),A: annuale,IT: Italia,ART: superficie totale - ettari,APPLE: mela,ALL: tutte le voci,2024,55381,,,,,F1110: F1110,,,,,,
IT1:101_1015(1.0),A: annuale,IT: Italia,ART: superficie totale - ettari,APPLE: mela,ALL: tutte le voci,2025,55110,,,,,F1110: F1110,,,,,,
IT1:101_1015(1.0),A: annuale,IT: Italia,ART: superficie totale - ettari,APPLE: mela,ALL: tutte le voci,2026,55012,,,,,F1110: F1110,,,,,,
IT1:101_1015(1.0),A: annuale,IT: Italia,ART: superficie totale - ettari,BARLEY: orzo,ALL: tutte le voci,2024,239079,,,,,C1300: C1300,,,,,,
IT1:101_1015(1.0),A: annuale,IT: Italia,ART: superficie totale - ettari,BARLEY: orzo,ALL: tutte le voci,2025,228832,,,,,C1300: C1300,,,,,,
IT1:101_1015(1.0),A: annuale,IT: Italia,ART: superficie totale - ettari,BARLEY: orzo,ALL: tutte le voci,2026,230670,,,,,C1300: C1300,,,,,,
IT1:101_1015(1.0),A: annuale,IT: Italia,ART: superficie totale - ettari,KIWI: kiwi,ALL: tutte le voci,2024,24680,,,,,F2200: F2200,,,,,,
IT1:101_1015(1.0),A: annuale,IT: Italia,ART: superficie totale - ettari,KIWI: kiwi,ALL: tutte le voci,2025,24693,,,,,F2200: F2200,,,,,,
IT1:101_1015(1.0),A: annuale,IT: Italia,ART: superficie totale - ettari,KIWI: kiwi,ALL: tutte le voci,2026,24651,,,,,F2200: F2200,,,,,,
IT1:101_1015(1.0),A: annuale,IT: Italia,ART: superficie totale - ettari,PEACH: pesca,ALL: tutte le voci,2024,36962,,,,,F1210: F1210,,,,,,
IT1:101_1015(1.0),A: annuale,IT: Italia,ART: superficie totale - ettari,PEACH: pesca,ALL: tutte le voci,2025,36152,,,,,F1210: F1210,,,,,,
IT1:101_1015(1.0),A: annuale,IT: Italia,ART: superficie totale - ettari,PEACH: pesca,ALL: tutte le voci,2026,36744,,,,,F1210: F1210,,,,,,
IT1:101_1015(1.0),A: annuale,IT: Italia,ART: superficie totale - ettari,POTA: patata comune,ALL: tutte le voci,2024,32781,,,,,R1000_II: R1000_II,,,,,,
IT1:101_1015(1.0),A: annuale,IT: Italia,ART: superficie totale - ettari,POTA: patata comune,ALL: tutte le voci,2025,33253,,,,,R1000_II: R1000_II,,,,,,
IT1:101_1015(1.0),A: annuale,IT: Italia,ART: superficie totale - ettari,POTA: patata comune,ALL: tutte le voci,2026,31818,,,,,R1000_II: R1000_II,,,,,,
IT1:101_1015(1.0),A: annuale,IT: Italia,ART: superficie totale - ettari,SUNFLO: girasole,ALL: tutte le voci,2024,110402,,,,,I1120: I1120,,,,,,
IT1:101_1015(1.0),A: annuale,IT: Italia,ART: superficie totale - ettari,SUNFLO: girasole,ALL: tutte le voci,2025,109397,,,,,I1120: I1120,,,,,,
IT1:101_1015(1.0),A: annuale,IT: Italia,ART: superficie totale - ettari,SUNFLO: girasole,ALL: tutte le voci,2026,123183,,,,,I1120: I1120,,,,,,
IT1:101_1015(1.0),A: annuale,IT: Italia,HP_Q_EXT: produzione raccolta - quintali,APPLE: mela,ALL: tutte le voci,2024,23985387,,,,"TIPO_DATO5__HP_Q_EXT_N1: Per tutte le coltivazioni foraggere temporanee e permanenti, a partire dal 2020 i valori di produzione sono espressi in quintali;<br />Dal 2020 sono diffusi i valori di produzione raccolta in quanto necessari per il calcolo della resa. <br />La serie storica e di conseguenza l'attendibilità dei dati diffusi negli anni precedenti non vengono compromessi perché, per le foraggere, i valori di produzione totale e raccolta coincidono.",F1110: F1110,,,,,,
IT1:101_1015(1.0),A: annuale,IT: Italia,HP_Q_EXT: produzione raccolta - quintali,APPLE: mela,ALL: tutte le voci,2025,24129162,,,,"TIPO_DATO5__HP_Q_EXT_N1: Per tutte le coltivazioni foraggere temporanee e permanenti, a partire dal 2020 i valori di produzione sono espressi in quintali;<br />Dal 2020 sono diffusi i valori di produzione raccolta in quanto necessari per il calcolo della resa. <br />La serie storica e di conseguenza l'attendibilità dei dati diffusi negli anni precedenti non vengono compromessi perché, per le foraggere, i valori di produzione totale e raccolta coincidono.",F1110: F1110,,,,,,
IT1:101_1015(1.0),A: annuale,IT: Italia,HP_Q_EXT: produzione raccolta - quintali,APPLE: mela,ALL: tutte le voci,2026,23913152,,,,"TIPO_DATO5__HP_Q_EXT_N1: Per tutte le coltivazioni foraggere temporanee e permanenti, a partire dal 2020 i valori di produzione sono espressi in quintali;<br />Dal 2020 sono diffusi i valori di produzione raccolta in quanto necessari per il calcolo della resa. <br />La serie storica e di conseguenza l'attendibilità dei dati diffusi negli anni precedenti non vengono compromessi perché, per le foraggere, i valori di produzione totale e raccolta coincidono.",F1110: F1110,,,,,,
IT1:101_1015(1.0),A: annuale,IT: Italia,HP_Q_EXT: produzione raccolta - quintali,BARLEY: orzo,ALL: tutte le voci,2024,8915186,,,,"TIPO_DATO5__HP_Q_EXT_N1: Per tutte le coltivazioni foraggere temporanee e permanenti, a partire dal 2020 i valori di produzione sono espressi in quintali;<br />Dal 2020 sono diffusi i valori di produzione raccolta in quanto necessari per il calcolo della resa. <br />La serie storica e di conseguenza l'attendibilità dei dati diffusi negli anni precedenti non vengono compromessi perché, per le foraggere, i valori di produzione totale e raccolta coincidono.",C1300: C1300,,,,,,
IT1:101_1015(1.0),A: annuale,IT: Italia,HP_Q_EXT: produzione raccolta - quintali,BARLEY: orzo,ALL: tutte le voci,2025,8439955,,,,"TIPO_DATO5__HP_Q_EXT_N1: Per tutte le coltivazioni foraggere temporanee e permanenti, a partire dal 2020 i valori di produzione sono espressi in quintali;<br />Dal 2020 sono diffusi i valori di produzione raccolta in quanto necessari per il calcolo della resa. <br />La serie storica e di conseguenza l'attendibilità dei dati diffusi negli anni precedenti non vengono compromessi perché, per le foraggere, i valori di produzione totale e raccolta coincidono.",C1300: C1300,,,,,,
IT1:101_1015(1.0),A: annuale,IT: Italia,HP_Q_EXT: produzione raccolta - quintali,BARLEY: orzo,ALL: tutte le voci,2026,9366129,,,,"TIPO_DATO5__HP_Q_EXT_N1: Per tutte le coltivazioni foraggere temporanee e permanenti, a partire dal 2020 i valori di produzione sono espressi in quintali;<br />Dal 2020 sono diffusi i valori di produzione raccolta in quanto necessari per il calcolo della resa. <br />La serie storica e di conseguenza l'attendibilità dei dati diffusi negli anni precedenti non vengono compromessi perché, per le foraggere, i valori di produzione totale e raccolta coincidono.",C1300: C1300,,,,,,
IT1:101_1015(1.0),A: annuale,IT: Italia,HP_Q_EXT: produzione raccolta - quintali,KIWI: kiwi,ALL: tutte le voci,2024,4639073,,,,"TIPO_DATO5__HP_Q_EXT_N1: Per tutte le coltivazioni foraggere temporanee e permanenti, a partire dal 2020 i valori di produzione sono espressi in quintali;<br />Dal 2020 sono diffusi i valori di produzione raccolta in quanto necessari per il calcolo della resa. <br />La serie storica e di conseguenza l'attendibilità dei dati diffusi negli anni precedenti non vengono compromessi perché, per le foraggere, i valori di produzione totale e raccolta coincidono.",F2200: F2200,,,,,,
IT1:101_1015(1.0),A: annuale,IT: Italia,HP_Q_EXT: produzione raccolta - quintali,KIWI: kiwi,ALL: tutte le voci,2025,5120372,,,,"TIPO_DATO5__HP_Q_EXT_N1: Per tutte le coltivazioni foraggere temporanee e permanenti, a partire dal 2020 i valori di produzione sono espressi in quintali;<br />Dal 2020 sono diffusi i valori di produzione raccolta in quanto necessari per il calcolo della resa. <br />La serie storica e di conseguenza l'attendibilità dei dati diffusi negli anni precedenti non vengono compromessi perché, per le foraggere, i valori di produzione totale e raccolta coincidono.",F2200: F2200,,,,,,
IT1:101_1015(1.0),A: annuale,IT: Italia,HP_Q_EXT: produzione raccolta - quintali,KIWI: kiwi,ALL: tutte le voci,2026,4733602,,,,"TIPO_DATO5__HP_Q_EXT_N1: Per tutte le coltivazioni foraggere temporanee e permanenti, a partire dal 2020 i valori di produzione sono espressi in quintali;<br />Dal 2020 sono diffusi i valori di produzione raccolta in quanto necessari per il calcolo della resa. <br />La serie storica e di conseguenza l'attendibilità dei dati diffusi negli anni precedenti non vengono compromessi perché, per le foraggere, i valori di produzione totale e raccolta coincidono.",F2200: F2200,,,,,,
IT1:101_1015(1.0),A: annuale,IT: Italia,HP_Q_EXT: produzione raccolta - quintali,PEACH: pesca,ALL: tutte le voci,2024,7332229,,,,"TIPO_DATO5__HP_Q_EXT_N1: Per tutte le coltivazioni foraggere temporanee e permanenti, a partire dal 2020 i valori di produzione sono espressi in quintali;<br />Dal 2020 sono diffusi i valori di produzione raccolta in quanto necessari per il calcolo della resa. <br />La serie storica e di conseguenza l'attendibilità dei dati diffusi negli anni precedenti non vengono compromessi perché, per le foraggere, i valori di produzione totale e raccolta coincidono.",F1210: F1210,,,,,,
IT1:101_1015(1.0),A: annuale,IT: Italia,HP_Q_EXT: produzione raccolta - quintali,PEACH: pesca,ALL: tutte le voci,2025,7182168,,,,"TIPO_DATO5__HP_Q_EXT_N1: Per tutte le coltivazioni foraggere temporanee e permanenti, a partire dal 2020 i valori di produzione sono espressi in quintali;<br />Dal 2020 sono diffusi i valori di produzione raccolta in quanto necessari per il calcolo della resa. <br />La serie storica e di conseguenza l'attendibilità dei dati diffusi negli anni precedenti non vengono compromessi perché, per le foraggere, i valori di produzione totale e raccolta coincidono.",F1210: F1210,,,,,,
IT1:101_1015(1.0),A: annuale,IT: Italia,HP_Q_EXT: produzione raccolta - quintali,PEACH: pesca,ALL: tutte le voci,2026,7375209,,,,"TIPO_DATO5__HP_Q_EXT_N1: Per tutte le coltivazioni foraggere temporanee e permanenti, a partire dal 2020 i valori di produzione sono espressi in quintali;<br />Dal 2020 sono diffusi i valori di produzione raccolta in quanto necessari per il calcolo della resa. <br />La serie storica e di conseguenza l'attendibilità dei dati diffusi negli anni precedenti non vengono compromessi perché, per le foraggere, i valori di produzione totale e raccolta coincidono.",F1210: F1210,,,,,,
IT1:101_1015(1.0),A: annuale,IT: Italia,HP_Q_EXT: produzione raccolta - quintali,POTA: patata comune,ALL: tutte le voci,2024,10058006,,,,"TIPO_DATO5__HP_Q_EXT_N1: Per tutte le coltivazioni foraggere temporanee e permanenti, a partire dal 2020 i valori di produzione sono espressi in quintali;<br />Dal 2020 sono diffusi i valori di produzione raccolta in quanto necessari per il calcolo della resa. <br />La serie storica e di conseguenza l'attendibilità dei dati diffusi negli anni precedenti non vengono compromessi perché, per le foraggere, i valori di produzione totale e raccolta coincidono.",R1000_II: R1000_II,,,,,,
IT1:101_1015(1.0),A: annuale,IT: Italia,HP_Q_EXT: produzione raccolta - quintali,POTA: patata comune,ALL: tutte le voci,2025,10200377,,,,"TIPO_DATO5__HP_Q_EXT_N1: Per tutte le coltivazioni foraggere temporanee e permanenti, a partire dal 2020 i valori di produzione sono espressi in quintali;<br />Dal 2020 sono diffusi i valori di produzione raccolta in quanto necessari per il calcolo della resa. <br />La serie storica e di conseguenza l'attendibilità dei dati diffusi negli anni precedenti non vengono compromessi perché, per le foraggere, i valori di produzione totale e raccolta coincidono.",R1000_II: R1000_II,,,,,,
IT1:101_1015(1.0),A: annuale,IT: Italia,HP_Q_EXT: produzione raccolta - quintali,POTA: patata comune,ALL: tutte le voci,2026,9872526,,,,"TIPO_DATO5__HP_Q_EXT_N1: Per tutte le coltivazioni foraggere temporanee e permanenti, a partire dal 2020 i valori di produzione sono espressi in quintali;<br />Dal 2020 sono diffusi i valori di produzione raccolta in quanto necessari per il calcolo della resa. <br />La serie storica e di conseguenza l'attendibilità dei dati diffusi negli anni precedenti non vengono compromessi perché, per le foraggere, i valori di produzione totale e raccolta coincidono.",R1000_II: R1000_II,,,,,,
IT1:101_1015(1.0),A: annuale,IT: Italia,HP_Q_EXT: produzione raccolta - quintali,SUNFLO: girasole,ALL: tutte le voci,2024,2858228,,,,"TIPO_DATO5__HP_Q_EXT_N1: Per tutte le coltivazioni foraggere temporanee e permanenti, a partire dal 2020 i valori di produzione sono espressi in quintali;<br />Dal 2020 sono diffusi i valori di produzione raccolta in quanto necessari per il calcolo della resa. <br />La serie storica e di conseguenza l'attendibilità dei dati diffusi negli anni precedenti non vengono compromessi perché, per le foraggere, i valori di produzione totale e raccolta coincidono.",I1120: I1120,,,,,,
IT1:101_1015(1.0),A: annuale,IT: Italia,HP_Q_EXT: produzione raccolta - quintali,SUNFLO: girasole,ALL: tutte le voci,2025,2904825,,,,"TIPO_DATO5__HP_Q_EXT_N1: Per tutte le coltivazioni foraggere temporanee e permanenti, a partire dal 2020 i valori di produzione sono espressi in quintali;<br />Dal 2020 sono diffusi i valori di produzione raccolta in quanto necessari per il calcolo della resa. <br />La serie storica e di conseguenza l'attendibilità dei dati diffusi negli anni precedenti non vengono compromessi perché, per le foraggere, i valori di produzione totale e raccolta coincidono.",I1120: I1120,,,,,,
IT1:101_1015(1.0),A: annuale,IT: Italia,HP_Q_EXT: produzione raccolta - quintali,SUNFLO: girasole,ALL: tutte le voci,2026,3273402,,,,"TIPO_DATO5__HP_Q_EXT_N1: Per tutte le coltivazioni foraggere temporanee e permanenti, a partire dal 2020 i valori di produzione sono espressi in quintali;<br />Dal 2020 sono diffusi i valori di produzione raccolta in quanto necessari per il calcolo della resa. <br />La serie storica e di conseguenza l'attendibilità dei dati diffusi negli anni precedenti non vengono compromessi perché, per le foraggere, i valori di produzione totale e raccolta coincidono.",I1120: I1120,,,,,,
IT1:101_1015(1.0),A: annuale,IT: Italia,TP_QUIN_EXT: produzione totale - quintali,APPLE: mela,ALL: tutte le voci,2024,24191418,,,,,F1110: F1110,,,,,,
IT1:101_1015(1.0),A: annuale,IT: Italia,TP_QUIN_EXT: produzione totale - quintali,APPLE: mela,ALL: tutte le voci,2025,24300051,,,,,F1110: F1110,,,,,,
IT1:101_1015(1.0),A: annuale,IT: Italia,TP_QUIN_EXT: produzione totale - quintali,APPLE: mela,ALL: tutte le voci,2026,24112030,,,,,F1110: F1110,,,,,,
IT1:101_1015(1.0),A: annuale,IT: Italia,TP_QUIN_EXT: produzione totale - quintali,BARLEY: orzo,ALL: tutte le voci,2024,8992796,,,,,C1300: C1300,,,,,,
IT1:101_1015(1.0),A: annuale,IT: Italia,TP_QUIN_EXT: produzione totale - quintali,BARLEY: orzo,ALL: tutte le voci,2025,8504597,,,,,C1300: C1300,,,,,,
IT1:101_1015(1.0),A: annuale,IT: Italia,TP_QUIN_EXT: produzione totale - quintali,BARLEY: orzo,ALL: tutte le voci,2026,9435804,,,,,C1300: C1300,,,,,,
IT1:101_1015(1.0),A: annuale,IT: Italia,TP_QUIN_EXT: produzione totale - quintali,KIWI: kiwi,ALL: tutte le voci,2024,4718069,,,,,F2200: F2200,,,,,,
IT1:101_1015(1.0),A: annuale,IT: Italia,TP_QUIN_EXT: produzione totale - quintali,KIWI: kiwi,ALL: tutte le voci,2025,5192783,,,,,F2200: F2200,,,,,,
IT1:101_1015(1.0),A: annuale,IT: Italia,TP_QUIN_EXT: produzione totale - quintali,KIWI: kiwi,ALL: tutte le voci,2026,4800486,,,,,F2200: F2200,,,,,,
IT1:101_1015(1.0),A: annuale,IT: Italia,TP_QUIN_EXT: produzione totale - quintali,PEACH: pesca,ALL: tutte le voci,2024,7444525,,,,,F1210: F1210,,,,,,
IT1:101_1015(1.0),A: annuale,IT: Italia,TP_QUIN_EXT: produzione totale - quintali,PEACH: pesca,ALL: tutte le voci,2025,7300100,,,,,F1210: F1210,,,,,,
IT1:101_1015(1.0),A: annuale,IT: Italia,TP_QUIN_EXT: produzione totale - quintali,PEACH: pesca,ALL: tutte le voci,2026,7511355,,,,,F1210: F1210,,,,,,
IT1:101_1015(1.0),A: annuale,IT: Italia,TP_QUIN_EXT: produzione totale - quintali,POTA: patata comune,ALL: tutte le voci,2024,10203612,,,,,R1000_II: R1000_II,,,,,,
IT1:101_1015(1.0),A: annuale,IT: Italia,TP_QUIN_EXT: produzione totale - quintali,POTA: patata comune,ALL: tutte le voci,2025,10350222,,,,,R1000_II: R1000_II,,,,,,
IT1:101_1015(1.0),A: annuale,IT: Italia,TP_QUIN_EXT: produzione totale - quintali,POTA: patata comune,ALL: tutte le voci,2026,10021598,,,,,R1000_II: R1000_II,,,,,,
IT1:101_1015(1.0),A: annuale,IT: Italia,TP_QUIN_EXT: produzione totale - quintali,SUNFLO: girasole,ALL: tutte le voci,2024,2870592,,,,,I1120: I1120,,,,,,
IT1:101_1015(1.0),A: annuale,IT: Italia,TP_QUIN_EXT: produzione totale - quintali,SUNFLO: girasole,ALL: tutte le voci,2025,2917631,,,,,I1120: I1120,,,,,,
IT1:101_1015(1.0),A: annuale,IT: Italia,TP_QUIN_EXT: produzione totale - quintali,SUNFLO: girasole,ALL: tutte le voci,2026,3446724,,,,,I1120: I1120,,,,,,
IT1:101_1015(1.0),A: annuale,ITC1: Piemonte,ART: superficie totale - ettari,APPLE: mela,ALL: tutte le voci,2024,6829,,,,,F1110: F1110,,,,,,
IT1:101_1015(1.0),A: annuale,ITC1: Piemonte,ART: superficie totale - ettari,APPLE: mela,ALL: tutte le voci,2025,6698,,,,,F1110: F1110,,,,,,
IT1:101_1015(1.0),A: annuale,ITC1: Piemonte,ART: superficie totale - ettari,APPLE: mela,ALL: tutte le voci,2026,6711,,,,,F1110: F1110,,,,,,
IT1:101_1015(1.0),A: annuale,ITC1: Piemonte,ART: superficie totale - ettari,BARLEY: orzo,ALL: tutte le voci,2024,17161,,,,,C1300: C1300,,,,,,
IT1:101_1015(1.0),A: annuale,ITC1: Piemonte,ART: superficie totale - ettari,BARLEY: orzo,ALL: tutte le voci,2025,22196,,,,,C1300: C1300,,,,,,
IT1:101_1015(1.0),A: annuale,ITC1: Piemonte,ART: superficie totale - ettari,BARLEY: orzo,ALL: tutte le voci,2026,14075,,,,,C1300: C1300,,,,,,
IT1:101_1015(1.0),A: annuale,ITC1: Piemonte,ART: superficie totale - ettari,KIWI: kiwi,ALL: tutte le voci,2024,3038,,,,,F2200: F2200,,,,,,
IT1:101_1015(1.0),A: annuale,ITC1: Piemonte,ART: superficie totale - ettari,KIWI: kiwi,ALL: tutte le voci,2025,2943,,,,,F2200: F2200,,,,,,
IT1:101_1015(1.0),A: annuale,ITC1: Piemonte,ART: superficie totale - ettari,KIWI: kiwi,ALL: tutte le voci,2026,2826,,,,,F2200: F2200,,,,,,
IT1:101_1015(1.0),A: annuale,ITC1: Piemonte,ART: superficie totale - ettari,PEACH: pesca,ALL: tutte le voci,2024,1267,,,,,F1210: F1210,,,,,,
IT1:101_1015(1.0),A: annuale,ITC1: Piemonte,ART: superficie totale - ettari,PEACH: pesca,ALL: tutte le voci,2025,1195,,,,,F1210: F1210,,,,,,
IT1:101_1015(1.0),A: annuale,ITC1: Piemonte,ART: superficie totale - ettari,PEACH: pesca,ALL: tutte le voci,2026,1213,,,,,F1210: F1210,,,,,,
IT1:101_1015(1.0),A: annuale,ITC1: Piemonte,ART: superficie totale - ettari,POTA: patata comune,ALL: tutte le voci,2024,945,,,,,R1000_II: R1000_II,,,,,,
IT1:101_1015(1.0),A: annuale,ITC1: Piemonte,ART: superficie totale - ettari,POTA: patata comune,ALL: tutte le voci,2025,989,,,,,R1000_II: R1000_II,,,,,,
IT1:101_1015(1.0),A: annuale,ITC1: Piemonte,ART: superficie totale - ettari,POTA: patata comune,ALL: tutte le voci,2026,833,,,,,R1000_II: R1000_II,,,,,,
IT1:101_1015(1.0),A: annuale,ITC1: Piemonte,ART: superficie totale - ettari,SUNFLO: girasole,ALL: tutte le voci,2024,5303,,,,,I1120: I1120,,,,,,
IT1:101_1015(1.0),A: annuale,ITC1: Piemonte,ART: superficie totale - ettari,SUNFLO: girasole,ALL: tutte le voci,2025,7409,,,,,I1120: I1120,,,,,,
IT1:101_1015(1.0),A: annuale,ITC1: Piemonte,ART: superficie totale - ettari,SUNFLO: girasole,ALL: tutte le voci,2026,9053,,,,,I1120: I1120,,,,,,
IT1:101_1015(1.0),A: annuale,ITC1: Piemonte,HP_Q_EXT: produzione raccolta - quintali,APPLE: mela,ALL: tutte le voci,2024,1550962,,,,"TIPO_DATO5__HP_Q_EXT_N1: Per tutte le coltivazioni foraggere temporanee e permanenti, a partire dal 2020 i valori di produzione sono espressi in quintali;<br />Dal 2020 sono diffusi i valori di produzione raccolta in quanto necessari per il calcolo della resa. <br />La serie storica e di conseguenza l'attendibilità dei dati diffusi negli anni precedenti non vengono compromessi perché, per le foraggere, i valori di produzione totale e raccolta coincidono.",F1110: F1110,,,,,,
IT1:101_1015(1.0),A: annuale,ITC1: Piemonte,HP_Q_EXT: produzione raccolta - quintali,APPLE: mela,ALL: tutte le voci,2025,1732075,,,,"TIPO_DATO5__HP_Q_EXT_N1: Per tutte le coltivazioni foraggere temporanee e permanenti, a partire dal 2020 i valori di produzione sono espressi in quintali;<br />Dal 2020 sono diffusi i valori di produzione raccolta in quanto necessari per il calcolo della resa. <br />La serie storica e di conseguenza l'attendibilità dei dati diffusi negli anni precedenti non vengono compromessi perché, per le foraggere, i valori di produzione totale e raccolta coincidono.",F1110: F1110,,,,,,
IT1:101_1015(1.0),A: annuale,ITC1: Piemonte,HP_Q_EXT: produzione raccolta - quintali,APPLE: mela,ALL: tutte le voci,2026,1569750,,,,"TIPO_DATO5__HP_Q_EXT_N1: Per tutte le coltivazioni foraggere temporanee e permanenti, a partire dal 2020 i valori di produzione sono espressi in quintali;<br />Dal 2020 sono diffusi i valori di produzione raccolta in quanto necessari per il calcolo della resa. <br />La serie storica e di conseguenza l'attendibilità dei dati diffusi negli anni precedenti non vengono compromessi perché, per le foraggere, i valori di produzione totale e raccolta coincidono.",F1110: F1110,,,,,,
IT1:101_1015(1.0),A: annuale,ITC1: Piemonte,HP_Q_EXT: produzione raccolta - quintali,BARLEY: orzo,ALL: tutte le voci,2024,952862,,,,"TIPO_DATO5__HP_Q_EXT_N1: Per tutte le coltivazioni foraggere temporanee e permanenti, a partire dal 2020 i valori di produzione sono espressi in quintali;<br />Dal 2020 sono diffusi i valori di produzione raccolta in quanto necessari per il calcolo della resa. <br />La serie storica e di conseguenza l'attendibilità dei dati diffusi negli anni precedenti non vengono compromessi perché, per le foraggere, i valori di produzione totale e raccolta coincidono.",C1300: C1300,,,,,,
IT1:101_1015(1.0),A: annuale,ITC1: Piemonte,HP_Q_EXT: produzione raccolta - quintali,BARLEY: orzo,ALL: tutte le voci,2025,810733,,,,"TIPO_DATO5__HP_Q_EXT_N1: Per tutte le coltivazioni foraggere temporanee e permanenti, a partire dal 2020 i valori di produzione sono espressi in quintali;<br />Dal 2020 sono diffusi i valori di produzione raccolta in quanto necessari per il calcolo della resa. <br />La serie storica e di conseguenza l'attendibilità dei dati diffusi negli anni precedenti non vengono compromessi perché, per le foraggere, i valori di produzione totale e raccolta coincidono.",C1300: C1300,,,,,,
IT1:101_1015(1.0),A: annuale,ITC1: Piemonte,HP_Q_EXT: produzione raccolta - quintali,BARLEY: orzo,ALL: tutte le voci,2026,821654,,,,"TIPO_DATO5__HP_Q_EXT_N1: Per tutte le coltivazioni foraggere temporanee e permanenti, a partire dal 2020 i valori di produzione sono espressi in quintali;<br />Dal 2020 sono diffusi i valori di produzione raccolta in quanto necessari per il calcolo della resa. <br />La serie storica e di conseguenza l'attendibilità dei dati diffusi negli anni precedenti non vengono compromessi perché, per le foraggere, i valori di produzione totale e raccolta coincidono.",C1300: C1300,,,,,,
IT1:101_1015(1.0),A: annuale,ITC1: Piemonte,HP_Q_EXT: produzione raccolta - quintali,KIWI: kiwi,ALL: tutte le voci,2024,538715,,,,"TIPO_DATO5__HP_Q_EXT_N1: Per tutte le coltivazioni foraggere temporanee e permanenti, a partire dal 2020 i valori di produzione sono espressi in quintali;<br />Dal 2020 sono diffusi i valori di produzione raccolta in quanto necessari per il calcolo della resa. <br />La serie storica e di conseguenza l'attendibilità dei dati diffusi negli anni precedenti non vengono compromessi perché, per le foraggere, i valori di produzione totale e raccolta coincidono.",F2200: F2200,,,,,,
IT1:101_1015(1.0),A: annuale,ITC1: Piemonte,HP_Q_EXT: produzione raccolta - quintali,KIWI: kiwi,ALL: tutte le voci,2025,647664,,,,"TIPO_DATO5__HP_Q_EXT_N1: Per tutte le coltivazioni foraggere temporanee e permanenti, a partire dal 2020 i valori di produzione sono espressi in quintali;<br />Dal 2020 sono diffusi i valori di produzione raccolta in quanto necessari per il calcolo della resa. <br />La serie storica e di conseguenza l'attendibilità dei dati diffusi negli anni precedenti non vengono compromessi perché, per le foraggere, i valori di produzione totale e raccolta coincidono.",F2200: F2200,,,,,,
IT1:101_1015(1.0),A: annuale,ITC1: Piemonte,HP_Q_EXT: produzione raccolta - quintali,KIWI: kiwi,ALL: tutte le voci,2026,484331,,,,"TIPO_DATO5__HP_Q_EXT_N1: Per tutte le coltivazioni foraggere temporanee e permanenti, a partire dal 2020 i valori di produzione sono espressi in quintali;<br />Dal 2020 sono diffusi i valori di produzione raccolta in quanto necessari per il calcolo della resa. <br />La serie storica e di conseguenza l'attendibilità dei dati diffusi negli anni precedenti non vengono compromessi perché, per le foraggere, i valori di produzione totale e raccolta coincidono.",F2200: F2200,,,,,,
IT1:101_1015(1.0),A: annuale,ITC1: Piemonte,HP_Q_EXT: produzione raccolta - quintali,PEACH: pesca,ALL: tutte le voci,2024,220913,,,,"TIPO_DATO5__HP_Q_EXT_N1: Per tutte le coltivazioni foraggere temporanee e permanenti, a partire dal 2020 i valori di produzione sono espressi in quintali;<br />Dal 2020 sono diffusi i valori di produzione raccolta in quanto necessari per il calcolo della resa. <br />La serie storica e di conseguenza l'attendibilità dei dati diffusi negli anni precedenti non vengono compromessi perché, per le foraggere, i valori di produzione totale e raccolta coincidono.",F1210: F1210,,,,,,
IT1:101_1015(1.0),A: annuale,ITC1: Piemonte,HP_Q_EXT: produzione raccolta - quintali,PEACH: pesca,ALL: tutte le voci,2025,197332,,,,"TIPO_DATO5__HP_Q_EXT_N1: Per tutte le coltivazioni foraggere temporanee e permanenti, a partire dal 2020 i valori di produzione sono espressi in quintali;<br />Dal 2020 sono diffusi i valori di produzione raccolta in quanto necessari per il calcolo della resa. <br />La serie storica e di conseguenza l'attendibilità dei dati diffusi negli anni precedenti non vengono compromessi perché, per le foraggere, i valori di produzione totale e raccolta coincidono.",F1210: F1210,,,,,,
IT1:101_1015(1.0),A: annuale,ITC1: Piemonte,HP_Q_EXT: produzione raccolta - quintali,PEACH: pesca,ALL: tutte le voci,2026,252940,,,,"TIPO_DATO5__HP_Q_EXT_N1: Per tutte le coltivazioni foraggere temporanee e permanenti, a partire dal 2020 i valori di produzione sono espressi in quintali;<br />Dal 2020 sono diffusi i valori di produzione raccolta in quanto necessari per il calcolo della resa. <br />La serie storica e di conseguenza l'attendibilità dei dati diffusi negli anni precedenti non vengono compromessi perché, per le foraggere, i valori di produzione totale e raccolta coincidono.",F1210: F1210,,,,,,
IT1:101_1015(1.0),A: annuale,ITC1: Piemonte,HP_Q_EXT: produzione raccolta - quintali,POTA: patata comune,ALL: tutte le voci,2024,245733,,,,"TIPO_DATO5__HP_Q_EXT_N1: Per tutte le coltivazioni foraggere temporanee e permanenti, a partire dal 2020 i valori di produzione sono espressi in quintali;<br />Dal 2020 sono diffusi i valori di produzione raccolta in quanto necessari per il calcolo della resa. <br />La serie storica e di conseguenza l'attendibilità dei dati diffusi negli anni precedenti non vengono compromessi perché, per le foraggere, i valori di produzione totale e raccolta coincidono.",R1000_II: R1000_II,,,,,,
IT1:101_1015(1.0),A: annuale,ITC1: Piemonte,HP_Q_EXT: produzione raccolta - quintali,POTA: patata comune,ALL: tutte le voci,2025,291523,,,,"TIPO_DATO5__HP_Q_EXT_N1: Per tutte le coltivazioni foraggere temporanee e permanenti, a partire dal 2020 i valori di produzione sono espressi in quintali;<br />Dal 2020 sono diffusi i valori di produzione raccolta in quanto necessari per il calcolo della resa. <br />La serie storica e di conseguenza l'attendibilità dei dati diffusi negli anni precedenti non vengono compromessi perché, per le foraggere, i valori di produzione totale e raccolta coincidono.",R1000_II: R1000_II,,,,,,
IT1:101_1015(1.0),A: annuale,ITC1: Piemonte,HP_Q_EXT: produzione raccolta - quintali,POTA: patata comune,ALL: tutte le voci,2026,205160,,,,"TIPO_DATO5__HP_Q_EXT_N1: Per tutte le coltivazioni foraggere temporanee e permanenti, a partire dal 2020 i valori di produzione sono espressi in quintali;<br />Dal 2020 sono diffusi i valori di produzione raccolta in quanto necessari per il calcolo della resa. <br />La serie storica e di conseguenza l'attendibilità dei dati diffusi negli anni precedenti non vengono compromessi perché, per le foraggere, i valori di produzione totale e raccolta coincidono.",R1000_II: R1000_II,,,,,,
IT1:101_1015(1.0),A: annuale,ITC1: Piemonte,HP_Q_EXT: produzione raccolta - quintali,SUNFLO: girasole,ALL: tutte le voci,2024,144553,,,,"TIPO_DATO5__HP_Q_EXT_N1: Per tutte le coltivazioni foraggere temporanee e permanenti, a partire dal 2020 i valori di produzione sono espressi in quintali;<br />Dal 2020 sono diffusi i valori di produzione raccolta in quanto necessari per il calcolo della resa. <br />La serie storica e di conseguenza l'attendibilità dei dati diffusi negli anni precedenti non vengono compromessi perché, per le foraggere, i valori di produzione totale e raccolta coincidono.",I1120: I1120,,,,,,
IT1:101_1015(1.0),A: annuale,ITC1: Piemonte,HP_Q_EXT: produzione raccolta - quintali,SUNFLO: girasole,ALL: tutte le voci,2025,213563,,,,"TIPO_DATO5__HP_Q_EXT_N1: Per tutte le coltivazioni foraggere temporanee e permanenti, a partire dal 2020 i valori di produzione sono espressi in quintali;<br />Dal 2020 sono diffusi i valori di produzione raccolta in quanto necessari per il calcolo della resa. <br />La serie storica e di conseguenza l'attendibilità dei dati diffusi negli anni precedenti non vengono compromessi perché, per le foraggere, i valori di produzione totale e raccolta coincidono.",I1120: I1120,,,,,,
IT1:101_1015(1.0),A: annuale,ITC1: Piemonte,HP_Q_EXT: produzione raccolta - quintali,SUNFLO: girasole,ALL: tutte le voci,2026,257099,,,,"TIPO_DATO5__HP_Q_EXT_N1: Per tutte le coltivazioni foraggere temporanee e permanenti, a partire dal 2020 i valori di produzione sono espressi in quintali;<br />Dal 2020 sono diffusi i valori di produzione raccolta in quanto necessari per il calcolo della resa. <br />La serie storica e di conseguenza l'attendibilità dei dati diffusi negli anni precedenti non vengono compromessi perché, per le foraggere, i valori di produzione totale e raccolta coincidono.",I1120: I1120,,,,,,
IT1:101_1015(1.0),A: annuale,ITC1: Piemonte,TP_QUIN_EXT: produzione totale - quintali,APPLE: mela,ALL: tutte le voci,2024,1550962,,,,,F1110: F1110,,,,,,
IT1:101_1015(1.0),A: annuale,ITC1: Piemonte,TP_QUIN_EXT: produzione totale - quintali,APPLE: mela,ALL: tutte le voci,2025,1732075,,,,,F1110: F1110,,,,,,
IT1:101_1015(1.0),A: annuale,ITC1: Piemonte,TP_QUIN_EXT: produzione totale - quintali,APPLE: mela,ALL: tutte le voci,2026,1569750,,,,,F1110: F1110,,,,,,
IT1:101_1015(1.0),A: annuale,ITC1: Piemonte,TP_QUIN_EXT: produzione totale - quintali,BARLEY: orzo,ALL: tutte le voci,2024,952862,,,,,C1300: C1300,,,,,,
IT1:101_1015(1.0),A: annuale,ITC1: Piemonte,TP_QUIN_EXT: produzione totale - quintali,BARLEY: orzo,ALL: tutte le voci,2025,810733,,,,,C1300: C1300,,,,,,
IT1:101_1015(1.0),A: annuale,ITC1: Piemonte,TP_QUIN_EXT: produzione totale - quintali,BARLEY: orzo,ALL: tutte le voci,2026,821654,,,,,C1300: C1300,,,,,,
IT1:101_1015(1.0),A: annuale,ITC1: Piemonte,TP_QUIN_EXT: produzione totale - quintali,KIWI: kiwi,ALL: tutte le voci,2024,538715,,,,,F2200: F2200,,,,,,
IT1:101_1015(1.0),A: annuale,ITC1: Piemonte,TP_QUIN_EXT: produzione totale - quintali,KIWI: kiwi,ALL: tutte le voci,2025,647664,,,,,F2200: F2200,,,,,,
IT1:101_1015(1.0),A: annuale,ITC1: Piemonte,TP_QUIN_EXT: produzione totale - quintali,KIWI: kiwi,ALL: tutte le voci,2026,484331,,,,,F2200: F2200,,,,,,
IT1:101_1015(1.0),A: annuale,ITC1: Piemonte,TP_QUIN_EXT: produzione totale - quintali,PEACH: pesca,ALL: tutte le voci,2024,220913,,,,,F1210: F1210,,,,,,
IT1:101_1015(1.0),A: annuale,ITC1: Piemonte,TP_QUIN_EXT: produzione totale - quintali,PEACH: pesca,ALL: tutte le voci,2025,197332,,,,,F1210: F1210,,,,,,
IT1:101_1015(1.0),A: annuale,ITC1: Piemonte,TP_QUIN_EXT: produzione totale - quintali,PEACH: pesca,ALL: tutte le voci,2026,252940,,,,,F1210: F1210,,,,,,
IT1:101_1015(1.0),A: annuale,ITC1: Piemonte,TP_QUIN_EXT: produzione totale - quintali,POTA: patata comune,ALL: tutte le voci,2024,245733,,,,,R1000_II: R1000_II,,,,,,
IT1:101_1015(1.0),A: annuale,ITC1: Piemonte,TP_QUIN_EXT: produzione totale - quintali,POTA: patata comune,ALL: tutte le voci,2025,291523,,,,,R1000_II: R1000_II,,,,,,
IT1:101_1015(1.0),A: annuale,ITC1: Piemonte,TP_QUIN_EXT: produzione totale - quintali,POTA: patata comune,ALL: tutte le voci,2026,205160,,,,,R1000_II: R1000_II,,,,,,
IT1:101_1015(1.0),A: annuale,ITC1: Piemonte,TP_QUIN_EXT: produzione totale - quintali,SUNFLO: girasole,ALL: tutte le voci,2024,144553,,,,,I1120: I1120,,,,,,
IT1:101_1015(1.0),A: annuale,ITC1: Piemonte,TP_QUIN_EXT: produzione totale - quintali,SUNFLO: girasole,ALL: tutte le voci,2025,213563,,,,,I1120: I1120,,,,,,
IT1:101_1015(1.0),A: annuale,ITC1: Piemonte,TP_QUIN_EXT: produzione totale - quintali,SUNFLO: girasole,ALL: tutte le voci,2026,257099,,,,,I1120: I1120,,,,,,
IT1:101_1015(1.0),A: annuale,ITC2: Valle d'Aosta / Vallée d'Aoste,ART: superficie totale - ettari,APPLE: mela,ALL: tutte le voci,2024,190,,,,,F1110: F1110,,,,,,
IT1:101_1015(1.0),A: annuale,ITC2: Valle d'Aosta / Vallée d'Aoste,ART: superficie totale - ettari,APPLE: mela,ALL: tutte le voci,2025,200,,,,,F1110: F1110,,,,,,
IT1:101_1015(1.0),A: annuale,ITC2: Valle d'Aosta / Vallée d'Aoste,ART: superficie totale - ettari,APPLE: mela,ALL: tutte le voci,2026,210,,,,,F1110: F1110,,,,,,
IT1:101_1015(1.0),A: annuale,ITC2: Valle d'Aosta / Vallée d'Aoste,ART: superficie totale - ettari,KIWI: kiwi,ALL: tutte le voci,2024,1,,,,,F2200: F2200,,,,,,
IT1:101_1015(1.0),A: annuale,ITC2: Valle d'Aosta / Vallée d'Aoste,ART: superficie totale - ettari,KIWI: kiwi,ALL: tutte le voci,2025,1,,,,,F2200: F2200,,,,,,
IT1:101_1015(1.0),A: annuale,ITC2: Valle d'Aosta / Vallée d'Aoste,ART: superficie totale - ettari,KIWI: kiwi,ALL: tutte le voci,2026,1,,,,,F2200: F2200,,,,,,
IT1:101_1015(1.0),A: annuale,ITC2: Valle d'Aosta / Vallée d'Aoste,ART: superficie totale - ettari,POTA: patata comune,ALL: tutte le voci,2024,75,,,,,R1000_II: R1000_II,,,,,,
IT1:101_1015(1.0),A: annuale,ITC2: Valle d'Aosta / Vallée d'Aoste,ART: superficie totale - ettari,POTA: patata comune,ALL: tutte le voci,2025,75,,,,,R1000_II: R1000_II,,,,,,
IT1:101_1015(1.0),A: annuale,ITC2: Valle d'Aosta / Vallée d'Aoste,ART: superficie totale - ettari,POTA: patata comune,ALL: tutte le voci,2026,80,,,,,R1000_II: R1000_II,,,,,,
IT1:101_1015(1.0),A: annuale,ITC2: Valle d'Aosta / Vallée d'Aoste,HP_Q_EXT: produzione raccolta - quintali,APPLE: mela,ALL: tutte le voci,2024,55000,,,,"TIPO_DATO5__HP_Q_EXT_N1: Per tutte le coltivazioni foraggere temporanee e permanenti, a partire dal 2020 i valori di produzione sono espressi in quintali;<br />Dal 2020 sono diffusi i valori di produzione raccolta in quanto necessari per il calcolo della resa. <br />La serie storica e di conseguenza l'attendibilità dei dati diffusi negli anni precedenti non vengono compromessi perché, per le foraggere, i valori di produzione totale e raccolta coincidono.",F1110: F1110,,,,,,
IT1:101_1015(1.0),A: annuale,ITC2: Valle d'Aosta / Vallée d'Aoste,HP_Q_EXT: produzione raccolta - quintali,APPLE: mela,ALL: tutte le voci,2025,55000,,,,"TIPO_DATO5__HP_Q_EXT_N1: Per tutte le coltivazioni foraggere temporanee e permanenti, a partire dal 2020 i valori di produzione sono espressi in quintali;<br />Dal 2020 sono diffusi i valori di produzione raccolta in quanto necessari per il calcolo della resa. <br />La serie storica e di conseguenza l'attendibilità dei dati diffusi negli anni precedenti non vengono compromessi perché, per le foraggere, i valori di produzione totale e raccolta coincidono.",F1110: F1110,,,,,,
IT1:101_1015(1.0),A: annuale,ITC2: Valle d'Aosta / Vallée d'Aoste,HP_Q_EXT: produzione raccolta - quintali,APPLE: mela,ALL: tutte le voci,2026,55000,,,,"TIPO_DATO5__HP_Q_EXT_N1: Per tutte le coltivazioni foraggere temporanee e permanenti, a partire dal 2020 i valori di produzione sono espressi in quintali;<br />Dal 2020 sono diffusi i valori di produzione raccolta in quanto necessari per il calcolo della resa. <br />La serie storica e di conseguenza l'attendibilità dei dati diffusi negli anni precedenti non vengono compromessi perché, per le foraggere, i valori di produzione totale e raccolta coincidono.",F1110: F1110,,,,,,
IT1:101_1015(1.0),A: annuale,ITC2: Valle d'Aosta / Vallée d'Aoste,HP_Q_EXT: produzione raccolta - quintali,KIWI: kiwi,ALL: tutte le voci,2024,200,,,,"TIPO_DATO5__HP_Q_EXT_N1: Per tutte le coltivazioni foraggere temporanee e permanenti, a partire dal 2020 i valori di produzione sono espressi in quintali;<br />Dal 2020 sono diffusi i valori di produzione raccolta in quanto necessari per il calcolo della resa. <br />La serie storica e di conseguenza l'attendibilità dei dati diffusi negli anni precedenti non vengono compromessi perché, per le foraggere, i valori di produzione totale e raccolta coincidono.",F2200: F2200,,,,,,
IT1:101_1015(1.0),A: annuale,ITC2: Valle d'Aosta / Vallée d'Aoste,HP_Q_EXT: produzione raccolta - quintali,KIWI: kiwi,ALL: tutte le voci,2025,200,,,,"TIPO_DATO5__HP_Q_EXT_N1: Per tutte le coltivazioni foraggere temporanee e permanenti, a partire dal 2020 i valori di produzione sono espressi in quintali;<br />Dal 2020 sono diffusi i valori di produzione raccolta in quanto necessari per il calcolo della resa. <br />La serie storica e di conseguenza l'attendibilità dei dati diffusi negli anni precedenti non vengono compromessi perché, per le foraggere, i valori di produzione totale e raccolta coincidono.",F2200: F2200,,,,,,
IT1:101_1015(1.0),A: annuale,ITC2: Valle d'Aosta / Vallée d'Aoste,HP_Q_EXT: produzione raccolta - quintali,KIWI: kiwi,ALL: tutte le voci,2026,200,,,,"TIPO_DATO5__HP_Q_EXT_N1: Per tutte le coltivazioni foraggere temporanee e permanenti, a partire dal 2020 i valori di produzione sono espressi in quintali;<br />Dal 2020 sono diffusi i valori di produzione raccolta in quanto necessari per il calcolo della resa. <br />La serie storica e di conseguenza l'attendibilità dei dati diffusi negli anni precedenti non vengono compromessi perché, per le foraggere, i valori di produzione totale e raccolta coincidono.",F2200: F2200,,,,,,
IT1:101_1015(1.0),A: annuale,ITC2: Valle d'Aosta / Vallée d'Aoste,HP_Q_EXT: produzione raccolta - quintali,POTA: patata comune,ALL: tutte le voci,2024,16800,,,,"TIPO_DATO5__HP_Q_EXT_N1: Per tutte le coltivazioni foraggere temporanee e permanenti, a partire dal 2020 i valori di produzione sono espressi in quintali;<br />Dal 2020 sono diffusi i valori di produzione raccolta in quanto necessari per il calcolo della resa. <br />La serie storica e di conseguenza l'attendibilità dei dati diffusi negli anni precedenti non vengono compromessi perché, per le foraggere, i valori di produzione totale e raccolta coincidono.",R1000_II: R1000_II,,,,,,
IT1:101_1015(1.0),A: annuale,ITC2: Valle d'Aosta / Vallée d'Aoste,HP_Q_EXT: produzione raccolta - quintali,POTA: patata comune,ALL: tutte le voci,2025,16000,,,,"TIPO_DATO5__HP_Q_EXT_N1: Per tutte le coltivazioni foraggere temporanee e permanenti, a partire dal 2020 i valori di produzione sono espressi in quintali;<br />Dal 2020 sono diffusi i valori di produzione raccolta in quanto necessari per il calcolo della resa. <br />La serie storica e di conseguenza l'attendibilità dei dati diffusi negli anni precedenti non vengono compromessi perché, per le foraggere, i valori di produzione totale e raccolta coincidono.",R1000_II: R1000_II,,,,,,
IT1:101_1015(1.0),A: annuale,ITC2: Valle d'Aosta / Vallée d'Aoste,HP_Q_EXT: produzione raccolta - quintali,POTA: patata comune,ALL: tutte le voci,2026,18000,,,,"TIPO_DATO5__HP_Q_EXT_N1: Per tutte le coltivazioni foraggere temporanee e permanenti, a partire dal 2020 i valori di produzione sono espressi in quintali;<br />Dal 2020 sono diffusi i valori di produzione raccolta in quanto necessari per il calcolo della resa. <br />La serie storica e di conseguenza l'attendibilità dei dati diffusi negli anni precedenti non vengono compromessi perché, per le foraggere, i valori di produzione totale e raccolta coincidono.",R1000_II: R1000_II,,,,,,
IT1:101_1015(1.0),A: annuale,ITC2: Valle d'Aosta / Vallée d'Aoste,TP_QUIN_EXT: produzione totale - quintali,APPLE: mela,ALL: tutte le voci,2024,55000,,,,,F1110: F1110,,,,,,
IT1:101_1015(1.0),A: annuale,ITC2: Valle d'Aosta / Vallée d'Aoste,TP_QUIN_EXT: produzione totale - quintali,APPLE: mela,ALL: tutte le voci,2025,55000,,,,,F1110: F1110,,,,,,
IT1:101_1015(1.0),A: annuale,ITC2: Valle d'Aosta / Vallée d'Aoste,TP_QUIN_EXT: produzione totale - quintali,APPLE: mela,ALL: tutte le voci,2026,55000,,,,,F1110: F1110,,,,,,
IT1:101_1015(1.0),A: annuale,ITC2: Valle d'Aosta / Vallée d'Aoste,TP_QUIN_EXT: produzione totale - quintali,KIWI: kiwi,ALL: tutte le voci,2024,200,,,,,F2200: F2200,,,,,,
IT1:101_1015(1.0),A: annuale,ITC2: Valle d'Aosta / Vallée d'Aoste,TP_QUIN_EXT: produzione totale - quintali,KIWI: kiwi,ALL: tutte le voci,2025,200,,,,,F2200: F2200,,,,,,
IT1:101_1015(1.0),A: annuale,ITC2: Valle d'Aosta / Vallée d'Aoste,TP_QUIN_EXT: produzione totale - quintali,KIWI: kiwi,ALL: tutte le voci,2026,200,,,,,F2200: F2200,,,,,,
IT1:101_1015(1.0),A: annuale,ITC2: Valle d'Aosta / Vallée d'Aoste,TP_QUIN_EXT: produzione totale - quintali,POTA: patata comune,ALL: tutte le voci,2024,16800,,,,,R1000_II: R1000_II,,,,,,
IT1:101_1015(1.0),A: annuale,ITC2: Valle d'Aosta / Vallée d'Aoste,TP_QUIN_EXT: produzione totale - quintali,POTA: patata comune,ALL: tutte le voci,2025,16000,,,,,R1000_II: R1000_II,,,,,,
IT1:101_1015(1.0),A: annuale,ITC2: Valle d'Aosta / Vallée d'Aoste,TP_QUIN_EXT: produzione totale - quintali,POTA: patata comune,ALL: tutte le voci,2026,18000,,,,,R1000_II: R1000_II,,,,,,
IT1:101_1015(1.0),A: annuale,ITC3: Liguria,ART: superficie totale - ettari,APPLE: mela,ALL: tutte le voci,2024,31,,,,,F1110: F1110,,,,,,
IT1:101_1015(1.0),A: annuale,ITC3: Liguria,ART: superficie totale - ettari,APPLE: mela,ALL: tutte le voci,2025,31,,,,,F1110: F1110,,,,,,
IT1:101_1015(1.0),A: annuale,ITC3: Liguria,ART: superficie totale - ettari,APPLE: mela,ALL: tutte le voci,2026,32,,,,,F1110: F1110,,,,,,
IT1:101_1015(1.0),A: annuale,ITC3: Liguria,ART: superficie totale - ettari,BARLEY: orzo,ALL: tutte le voci,2024,96,,,,,C1300: C1300,,,,,,
IT1:101_1015(1.0),A: annuale,ITC3: Liguria,ART: superficie totale - ettari,BARLEY: orzo,ALL: tutte le voci,2025,146,,,,,C1300: C1300,,,,,,
IT1:101_1015(1.0),A: annuale,ITC3: Liguria,ART: superficie totale - ettari,BARLEY: orzo,ALL: tutte le voci,2026,101,,,,,C1300: C1300,,,,,,
IT1:101_1015(1.0),A: annuale,ITC3: Liguria,ART: superficie totale - ettari,KIWI: kiwi,ALL: tutte le voci,2024,23,,,,,F2200: F2200,,,,,,
IT1:101_1015(1.0),A: annuale,ITC3: Liguria,ART: superficie totale - ettari,KIWI: kiwi,ALL: tutte le voci,2025,23,,,,,F2200: F2200,,,,,,
IT1:101_1015(1.0),A: annuale,ITC3: Liguria,ART: superficie totale - ettari,KIWI: kiwi,ALL: tutte le voci,2026,20,,,,,F2200: F2200,,,,,,
IT1:101_1015(1.0),A: annuale,ITC3: Liguria,ART: superficie totale - ettari,PEACH: pesca,ALL: tutte le voci,2024,103,,,,,F1210: F1210,,,,,,
IT1:101_1015(1.0),A: annuale,ITC3: Liguria,ART: superficie totale - ettari,PEACH: pesca,ALL: tutte le voci,2025,103,,,,,F1210: F1210,,,,,,
IT1:101_1015(1.0),A: annuale,ITC3: Liguria,ART: superficie totale - ettari,PEACH: pesca,ALL: tutte le voci,2026,73,,,,,F1210: F1210,,,,,,
IT1:101_1015(1.0),A: annuale,ITC3: Liguria,ART: superficie totale - ettari,POTA: patata comune,ALL: tutte le voci,2024,759,,,,,R1000_II: R1000_II,,,,,,
IT1:101_1015(1.0),A: annuale,ITC3: Liguria,ART: superficie totale - ettari,POTA: patata comune,ALL: tutte le voci,2025,757,,,,,R1000_II: R1000_II,,,,,,
IT1:101_1015(1.0),A: annuale,ITC3: Liguria,ART: superficie totale - ettari,POTA: patata comune,ALL: tutte le voci,2026,551,,,,,R1000_II: R1000_II,,,,,,
IT1:101_1015(1.0),A: annuale,ITC3: Liguria,HP_Q_EXT: produzione raccolta - quintali,APPLE: mela,ALL: tutte le voci,2024,3400,,,,"TIPO_DATO5__HP_Q_EXT_N1: Per tutte le coltivazioni foraggere temporanee e permanenti, a partire dal 2020 i valori di produzione sono espressi in quintali;<br />Dal 2020 sono diffusi i valori di produzione raccolta in quanto necessari per il calcolo della resa. <br />La serie storica e di conseguenza l'attendibilità dei dati diffusi negli anni precedenti non vengono compromessi perché, per le foraggere, i valori di produzione totale e raccolta coincidono.",F1110: F1110,,,,,,
IT1:101_1015(1.0),A: annuale,ITC3: Liguria,HP_Q_EXT: produzione raccolta - quintali,APPLE: mela,ALL: tutte le voci,2025,3488,,,,"TIPO_DATO5__HP_Q_EXT_N1: Per tutte le coltivazioni foraggere temporanee e permanenti, a partire dal 2020 i valori di produzione sono espressi in quintali;<br />Dal 2020 sono diffusi i valori di produzione raccolta in quanto necessari per il calcolo della resa. <br />La serie storica e di conseguenza l'attendibilità dei dati diffusi negli anni precedenti non vengono compromessi perché, per le foraggere, i valori di produzione totale e raccolta coincidono.",F1110: F1110,,,,,,
IT1:101_1015(1.0),A: annuale,ITC3: Liguria,HP_Q_EXT: produzione raccolta - quintali,APPLE: mela,ALL: tutte le voci,2026,2808,,,,"TIPO_DATO5__HP_Q_EXT_N1: Per tutte le coltivazioni foraggere temporanee e permanenti, a partire dal 2020 i valori di produzione sono espressi in quintali;<br />Dal 2020 sono diffusi i valori di produzione raccolta in quanto necessari per il calcolo della resa. <br />La serie storica e di conseguenza l'attendibilità dei dati diffusi negli anni precedenti non vengono compromessi perché, per le foraggere, i valori di produzione totale e raccolta coincidono.",F1110: F1110,,,,,,
IT1:101_1015(1.0),A: annuale,ITC3: Liguria,HP_Q_EXT: produzione raccolta - quintali,BARLEY: orzo,ALL: tutte le voci,2024,2947,,,,"TIPO_DATO5__HP_Q_EXT_N1: Per tutte le coltivazioni foraggere temporanee e permanenti, a partire dal 2020 i valori di produzione sono espressi in quintali;<br />Dal 2020 sono diffusi i valori di produzione raccolta in quanto necessari per il calcolo della resa. <br />La serie storica e di conseguenza l'attendibilità dei dati diffusi negli anni precedenti non vengono compromessi perché, per le foraggere, i valori di produzione totale e raccolta coincidono.",C1300: C1300,,,,,,
IT1:101_1015(1.0),A: annuale,ITC3: Liguria,HP_Q_EXT: produzione raccolta - quintali,BARLEY: orzo,ALL: tutte le voci,2025,5300,,,,"TIPO_DATO5__HP_Q_EXT_N1: Per tutte le coltivazioni foraggere temporanee e permanenti, a partire dal 2020 i valori di produzione sono espressi in quintali;<br />Dal 2020 sono diffusi i valori di produzione raccolta in quanto necessari per il calcolo della resa. <br />La serie storica e di conseguenza l'attendibilità dei dati diffusi negli anni precedenti non vengono compromessi perché, per le foraggere, i valori di produzione totale e raccolta coincidono.",C1300: C1300,,,,,,
IT1:101_1015(1.0),A: annuale,ITC3: Liguria,HP_Q_EXT: produzione raccolta - quintali,BARLEY: orzo,ALL: tutte le voci,2026,3322,,,,"TIPO_DATO5__HP_Q_EXT_N1: Per tutte le coltivazioni foraggere temporanee e permanenti, a partire dal 2020 i valori di produzione sono espressi in quintali;<br />Dal 2020 sono diffusi i valori di produzione raccolta in quanto necessari per il calcolo della resa. <br />La serie storica e di conseguenza l'attendibilità dei dati diffusi negli anni precedenti non vengono compromessi perché, per le foraggere, i valori di produzione totale e raccolta coincidono.",C1300: C1300,,,,,,
IT1:101_1015(1.0),A: annuale,ITC3: Liguria,HP_Q_EXT: produzione raccolta - quintali,KIWI: kiwi,ALL: tutte le voci,2024,810,,,,"TIPO_DATO5__HP_Q_EXT_N1: Per tutte le coltivazioni foraggere temporanee e permanenti, a partire dal 2020 i valori di produzione sono espressi in quintali;<br />Dal 2020 sono diffusi i valori di produzione raccolta in quanto necessari per il calcolo della resa. <br />La serie storica e di conseguenza l'attendibilità dei dati diffusi negli anni precedenti non vengono compromessi perché, per le foraggere, i valori di produzione totale e raccolta coincidono.",F2200: F2200,,,,,,
IT1:101_1015(1.0),A: annuale,ITC3: Liguria,HP_Q_EXT: produzione raccolta - quintali,KIWI: kiwi,ALL: tutte le voci,2025,800,,,,"TIPO_DATO5__HP_Q_EXT_N1: Per tutte le coltivazioni foraggere temporanee e permanenti, a partire dal 2020 i valori di produzione sono espressi in quintali;<br />Dal 2020 sono diffusi i valori di produzione raccolta in quanto necessari per il calcolo della resa. <br />La serie storica e di conseguenza l'attendibilità dei dati diffusi negli anni precedenti non vengono compromessi perché, per le foraggere, i valori di produzione totale e raccolta coincidono.",F2200: F2200,,,,,,
IT1:101_1015(1.0),A: annuale,ITC3: Liguria,HP_Q_EXT: produzione raccolta - quintali,KIWI: kiwi,ALL: tutte le voci,2026,638,,,,"TIPO_DATO5__HP_Q_EXT_N1: Per tutte le coltivazioni foraggere temporanee e permanenti, a partire dal 2020 i valori di produzione sono espressi in quintali;<br />Dal 2020 sono diffusi i valori di produzione raccolta in quanto necessari per il calcolo della resa. <br />La serie storica e di conseguenza l'attendibilità dei dati diffusi negli anni precedenti non vengono compromessi perché, per le foraggere, i valori di produzione totale e raccolta coincidono.",F2200: F2200,,,,,,
IT1:101_1015(1.0),A: annuale,ITC3: Liguria,HP_Q_EXT: produzione raccolta - quintali,PEACH: pesca,ALL: tutte le voci,2024,5540,,,,"TIPO_DATO5__HP_Q_EXT_N1: Per tutte le coltivazioni foraggere temporanee e permanenti, a partire dal 2020 i valori di produzione sono espressi in quintali;<br />Dal 2020 sono diffusi i valori di produzione raccolta in quanto necessari per il calcolo della resa. <br />La serie storica e di conseguenza l'attendibilità dei dati diffusi negli anni precedenti non vengono compromessi perché, per le foraggere, i valori di produzione totale e raccolta coincidono.",F1210: F1210,,,,,,
IT1:101_1015(1.0),A: annuale,ITC3: Liguria,HP_Q_EXT: produzione raccolta - quintali,PEACH: pesca,ALL: tutte le voci,2025,5460,,,,"TIPO_DATO5__HP_Q_EXT_N1: Per tutte le coltivazioni foraggere temporanee e permanenti, a partire dal 2020 i valori di produzione sono espressi in quintali;<br />Dal 2020 sono diffusi i valori di produzione raccolta in quanto necessari per il calcolo della resa. <br />La serie storica e di conseguenza l'attendibilità dei dati diffusi negli anni precedenti non vengono compromessi perché, per le foraggere, i valori di produzione totale e raccolta coincidono.",F1210: F1210,,,,,,
IT1:101_1015(1.0),A: annuale,ITC3: Liguria,HP_Q_EXT: produzione raccolta - quintali,PEACH: pesca,ALL: tutte le voci,2026,4070,,,,"TIPO_DATO5__HP_Q_EXT_N1: Per tutte le coltivazioni foraggere temporanee e permanenti, a partire dal 2020 i valori di produzione sono espressi in quintali;<br />Dal 2020 sono diffusi i valori di produzione raccolta in quanto necessari per il calcolo della resa. <br />La serie storica e di conseguenza l'attendibilità dei dati diffusi negli anni precedenti non vengono compromessi perché, per le foraggere, i valori di produzione totale e raccolta coincidono.",F1210: F1210,,,,,,
IT1:101_1015(1.0),A: annuale,ITC3: Liguria,HP_Q_EXT: produzione raccolta - quintali,POTA: patata comune,ALL: tutte le voci,2024,54500,,,,"TIPO_DATO5__HP_Q_EXT_N1: Per tutte le coltivazioni foraggere temporanee e permanenti, a partire dal 2020 i valori di produzione sono espressi in quintali;<br />Dal 2020 sono diffusi i valori di produzione raccolta in quanto necessari per il calcolo della resa. <br />La serie storica e di conseguenza l'attendibilità dei dati diffusi negli anni precedenti non vengono compromessi perché, per le foraggere, i valori di produzione totale e raccolta coincidono.",R1000_II: R1000_II,,,,,,
IT1:101_1015(1.0),A: annuale,ITC3: Liguria,HP_Q_EXT: produzione raccolta - quintali,POTA: patata comune,ALL: tutte le voci,2025,53320,,,,"TIPO_DATO5__HP_Q_EXT_N1: Per tutte le coltivazioni foraggere temporanee e permanenti, a partire dal 2020 i valori di produzione sono espressi in quintali;<br />Dal 2020 sono diffusi i valori di produzione raccolta in quanto necessari per il calcolo della resa. <br />La serie storica e di conseguenza l'attendibilità dei dati diffusi negli anni precedenti non vengono compromessi perché, per le foraggere, i valori di produzione totale e raccolta coincidono.",R1000_II: R1000_II,,,,,,
IT1:101_1015(1.0),A: annuale,ITC3: Liguria,HP_Q_EXT: produzione raccolta - quintali,POTA: patata comune,ALL: tutte le voci,2026,99150,,,,"TIPO_DATO5__HP_Q_EXT_N1: Per tutte le coltivazioni foraggere temporanee e permanenti, a partire dal 2020 i valori di produzione sono espressi in quintali;<br />Dal 2020 sono diffusi i valori di produzione raccolta in quanto necessari per il calcolo della resa. <br />La serie storica e di conseguenza l'attendibilità dei dati diffusi negli anni precedenti non vengono compromessi perché, per le foraggere, i valori di produzione totale e raccolta coincidono.",R1000_II: R1000_II,,,,,,
IT1:101_1015(1.0),A: annuale,ITC3: Liguria,TP_QUIN_EXT: produzione totale - quintali,APPLE: mela,ALL: tutte le voci,2024,3700,,,,,F1110: F1110,,,,,,
IT1:101_1015(1.0),A: annuale,ITC3: Liguria,TP_QUIN_EXT: produzione totale - quintali,APPLE: mela,ALL: tutte le voci,2025,3638,,,,,F1110: F1110,,,,,,
IT1:101_1015(1.0),A: annuale,ITC3: Liguria,TP_QUIN_EXT: produzione totale - quintali,APPLE: mela,ALL: tutte le voci,2026,2818,,,,,F1110: F1110,,,,,,
IT1:101_1015(1.0),A: annuale,ITC3: Liguria,TP_QUIN_EXT: produzione totale - quintali,BARLEY: orzo,ALL: tutte le voci,2024,2947,,,,,C1300: C1300,,,,,,
IT1:101_1015(1.0),A: annuale,ITC3: Liguria,TP_QUIN_EXT: produzione totale - quintali,BARLEY: orzo,ALL: tutte le voci,2025,5300,,,,,C1300: C1300,,,,,,
IT1:101_1015(1.0),A: annuale,ITC3: Liguria,TP_QUIN_EXT: produzione totale - quintali,BARLEY: orzo,ALL: tutte le voci,2026,3322,,,,,C1300: C1300,,,,,,
IT1:101_1015(1.0),A: annuale,ITC3: Liguria,TP_QUIN_EXT: produzione totale - quintali,KIWI: kiwi,ALL: tutte le voci,2024,833,,,,,F2200: F2200,,,,,,
IT1:101_1015(1.0),A: annuale,ITC3: Liguria,TP_QUIN_EXT: produzione totale - quintali,KIWI: kiwi,ALL: tutte le voci,2025,823,,,,,F2200: F2200,,,,,,
IT1:101_1015(1.0),A: annuale,ITC3: Liguria,TP_QUIN_EXT: produzione totale - quintali,KIWI: kiwi,ALL: tutte le voci,2026,658,,,,,F2200: F2200,,,,,,
IT1:101_1015(1.0),A: annuale,ITC3: Liguria,TP_QUIN_EXT: produzione totale - quintali,PEACH: pesca,ALL: tutte le voci,2024,5550,,,,,F1210: F1210,,,,,,
IT1:101_1015(1.0),A: annuale,ITC3: Liguria,TP_QUIN_EXT: produzione totale - quintali,PEACH: pesca,ALL: tutte le voci,2025,5480,,,,,F1210: F1210,,,,,,
IT1:101_1015(1.0),A: annuale,ITC3: Liguria,TP_QUIN_EXT: produzione totale - quintali,PEACH: pesca,ALL: tutte le voci,2026,4170,,,,,F1210: F1210,,,,,,
IT1:101_1015(1.0),A: annuale,ITC3: Liguria,TP_QUIN_EXT: produzione totale - quintali,POTA: patata comune,ALL: tutte le voci,2024,54700,,,,,R1000_II: R1000_II,,,,,,
IT1:101_1015(1.0),A: annuale,ITC3: Liguria,TP_QUIN_EXT: produzione totale - quintali,POTA: patata comune,ALL: tutte le voci,2025,53520,,,,,R1000_II: R1000_II,,,,,,
IT1:101_1015(1.0),A: annuale,ITC3: Liguria,TP_QUIN_EXT: produzione totale - quintali,POTA: patata comune,ALL: tutte le voci,2026,99200,,,,,R1000_II: R1000_II,,,,,,
IT1:101_1015(1.0),A: annuale,ITC4: Lombardia,ART: superficie totale - ettari,APPLE: mela,ALL: tutte le voci,2024,1349,,,,,F1110: F1110,,,,,,
IT1:101_1015(1.0),A: annuale,ITC4: Lombardia,ART: superficie totale - ettari,APPLE: mela,ALL: tutte le voci,2025,1288,,,,,F1110: F1110,,,,,,
IT1:101_1015(1.0),A: annuale,ITC4: Lombardia,ART: superficie totale - ettari,APPLE: mela,ALL: tutte le voci,2026,1288,,,,,F1110: F1110,,,,,,
IT1:101_1015(1.0),A: annuale,ITC4: Lombardia,ART: superficie totale - ettari,BARLEY: orzo,ALL: tutte le voci,2024,24289,,,,,C1300: C1300,,,,,,
IT1:101_1015(1.0),A: annuale,ITC4: Lombardia,ART: superficie totale - ettari,BARLEY: orzo,ALL: tutte le voci,2025,19912,,,,,C1300: C1300,,,,,,
IT1:101_1015(1.0),A: annuale,ITC4: Lombardia,ART: superficie totale - ettari,BARLEY: orzo,ALL: tutte le voci,2026,19518,,,,,C1300: C1300,,,,,,
IT1:101_1015(1.0),A: annuale,ITC4: Lombardia,ART: superficie totale - ettari,KIWI: kiwi,ALL: tutte le voci,2024,700,,,,,F2200: F2200,,,,,,
IT1:101_1015(1.0),A: annuale,ITC4: Lombardia,ART: superficie totale - ettari,KIWI: kiwi,ALL: tutte le voci,2025,674,,,,,F2200: F2200,,,,,,
IT1:101_1015(1.0),A: annuale,ITC4: Lombardia,ART: superficie totale - ettari,KIWI: kiwi,ALL: tutte le voci,2026,658,,,,,F2200: F2200,,,,,,
IT1:101_1015(1.0),A: annuale,ITC4: Lombardia,ART: superficie totale - ettari,PEACH: pesca,ALL: tutte le voci,2024,221,,,,,F1210: F1210,,,,,,
IT1:101_1015(1.0),A: annuale,ITC4: Lombardia,ART: superficie totale - ettari,PEACH: pesca,ALL: tutte le voci,2025,206,,,,,F1210: F1210,,,,,,
IT1:101_1015(1.0),A: annuale,ITC4: Lombardia,ART: superficie totale - ettari,PEACH: pesca,ALL: tutte le voci,2026,206,,,,,F1210: F1210,,,,,,
IT1:101_1015(1.0),A: annuale,ITC4: Lombardia,ART: superficie totale - ettari,POTA: patata comune,ALL: tutte le voci,2024,441,,,,,R1000_II: R1000_II,,,,,,
IT1:101_1015(1.0),A: annuale,ITC4: Lombardia,ART: superficie totale - ettari,POTA: patata comune,ALL: tutte le voci,2025,608,,,,,R1000_II: R1000_II,,,,,,
IT1:101_1015(1.0),A: annuale,ITC4: Lombardia,ART: superficie totale - ettari,POTA: patata comune,ALL: tutte le voci,2026,641,,,,,R1000_II: R1000_II,,,,,,
IT1:101_1015(1.0),A: annuale,ITC4: Lombardia,ART: superficie totale - ettari,SUNFLO: girasole,ALL: tutte le voci,2024,2099,,,,,I1120: I1120,,,,,,
IT1:101_1015(1.0),A: annuale,ITC4: Lombardia,ART: superficie totale - ettari,SUNFLO: girasole,ALL: tutte le voci,2025,2340,,,,,I1120: I1120,,,,,,
IT1:101_1015(1.0),A: annuale,ITC4: Lombardia,ART: superficie totale - ettari,SUNFLO: girasole,ALL: tutte le voci,2026,2845,,,,,I1120: I1120,,,,,,
IT1:101_1015(1.0),A: annuale,ITC4: Lombardia,HP_Q_EXT: produzione raccolta - quintali,APPLE: mela,ALL: tutte le voci,2024,442404,,,,"TIPO_DATO5__HP_Q_EXT_N1: Per tutte le coltivazioni foraggere temporanee e permanenti, a partire dal 2020 i valori di produzione sono espressi in quintali;<br />Dal 2020 sono diffusi i valori di produzione raccolta in quanto necessari per il calcolo della resa. <br />La serie storica e di conseguenza l'attendibilità dei dati diffusi negli anni precedenti non vengono compromessi perché, per le foraggere, i valori di produzione totale e raccolta coincidono.",F1110: F1110,,,,,,
IT1:101_1015(1.0),A: annuale,ITC4: Lombardia,HP_Q_EXT: produzione raccolta - quintali,APPLE: mela,ALL: tutte le voci,2025,413204,,,,"TIPO_DATO5__HP_Q_EXT_N1: Per tutte le coltivazioni foraggere temporanee e permanenti, a partire dal 2020 i valori di produzione sono espressi in quintali;<br />Dal 2020 sono diffusi i valori di produzione raccolta in quanto necessari per il calcolo della resa. <br />La serie storica e di conseguenza l'attendibilità dei dati diffusi negli anni precedenti non vengono compromessi perché, per le foraggere, i valori di produzione totale e raccolta coincidono.",F1110: F1110,,,,,,
IT1:101_1015(1.0),A: annuale,ITC4: Lombardia,HP_Q_EXT: produzione raccolta - quintali,APPLE: mela,ALL: tutte le voci,2026,413204,,,,"TIPO_DATO5__HP_Q_EXT_N1: Per tutte le coltivazioni foraggere temporanee e permanenti, a partire dal 2020 i valori di produzione sono espressi in quintali;<br />Dal 2020 sono diffusi i valori di produzione raccolta in quanto necessari per il calcolo della resa. <br />La serie storica e di conseguenza l'attendibilità dei dati diffusi negli anni precedenti non vengono compromessi perché, per le foraggere, i valori di produzione totale e raccolta coincidono.",F1110: F1110,,,,,,
IT1:101_1015(1.0),A: annuale,ITC4: Lombardia,HP_Q_EXT: produzione raccolta - quintali,BARLEY: orzo,ALL: tutte le voci,2024,1401467,,,,"TIPO_DATO5__HP_Q_EXT_N1: Per tutte le coltivazioni foraggere temporanee e permanenti, a partire dal 2020 i valori di produzione sono espressi in quintali;<br />Dal 2020 sono diffusi i valori di produzione raccolta in quanto necessari per il calcolo della resa. <br />La serie storica e di conseguenza l'attendibilità dei dati diffusi negli anni precedenti non vengono compromessi perché, per le foraggere, i valori di produzione totale e raccolta coincidono.",C1300: C1300,,,,,,
IT1:101_1015(1.0),A: annuale,ITC4: Lombardia,HP_Q_EXT: produzione raccolta - quintali,BARLEY: orzo,ALL: tutte le voci,2025,1259395,,,,"TIPO_DATO5__HP_Q_EXT_N1: Per tutte le coltivazioni foraggere temporanee e permanenti, a partire dal 2020 i valori di produzione sono espressi in quintali;<br />Dal 2020 sono diffusi i valori di produzione raccolta in quanto necessari per il calcolo della resa. <br />La serie storica e di conseguenza l'attendibilità dei dati diffusi negli anni precedenti non vengono compromessi perché, per le foraggere, i valori di produzione totale e raccolta coincidono.",C1300: C1300,,,,,,
IT1:101_1015(1.0),A: annuale,ITC4: Lombardia,HP_Q_EXT: produzione raccolta - quintali,BARLEY: orzo,ALL: tutte le voci,2026,1242632,,,,"TIPO_DATO5__HP_Q_EXT_N1: Per tutte le coltivazioni foraggere temporanee e permanenti, a partire dal 2020 i valori di produzione sono espressi in quintali;<br />Dal 2020 sono diffusi i valori di produzione raccolta in quanto necessari per il calcolo della resa. <br />La serie storica e di conseguenza l'attendibilità dei dati diffusi negli anni precedenti non vengono compromessi perché, per le foraggere, i valori di produzione totale e raccolta coincidono.",C1300: C1300,,,,,,
IT1:101_1015(1.0),A: annuale,ITC4: Lombardia,HP_Q_EXT: produzione raccolta - quintali,KIWI: kiwi,ALL: tutte le voci,2024,86261,,,,"TIPO_DATO5__HP_Q_EXT_N1: Per tutte le coltivazioni foraggere temporanee e permanenti, a partire dal 2020 i valori di produzione sono espressi in quintali;<br />Dal 2020 sono diffusi i valori di produzione raccolta in quanto necessari per il calcolo della resa. <br />La serie storica e di conseguenza l'attendibilità dei dati diffusi negli anni precedenti non vengono compromessi perché, per le foraggere, i valori di produzione totale e raccolta coincidono.",F2200: F2200,,,,,,
IT1:101_1015(1.0),A: annuale,ITC4: Lombardia,HP_Q_EXT: produzione raccolta - quintali,KIWI: kiwi,ALL: tutte le voci,2025,98990,,,,"TIPO_DATO5__HP_Q_EXT_N1: Per tutte le coltivazioni foraggere temporanee e permanenti, a partire dal 2020 i valori di produzione sono espressi in quintali;<br />Dal 2020 sono diffusi i valori di produzione raccolta in quanto necessari per il calcolo della resa. <br />La serie storica e di conseguenza l'attendibilità dei dati diffusi negli anni precedenti non vengono compromessi perché, per le foraggere, i valori di produzione totale e raccolta coincidono.",F2200: F2200,,,,,,
IT1:101_1015(1.0),A: annuale,ITC4: Lombardia,HP_Q_EXT: produzione raccolta - quintali,KIWI: kiwi,ALL: tutte le voci,2026,96240,,,,"TIPO_DATO5__HP_Q_EXT_N1: Per tutte le coltivazioni foraggere temporanee e permanenti, a partire dal 2020 i valori di produzione sono espressi in quintali;<br />Dal 2020 sono diffusi i valori di produzione raccolta in quanto necessari per il calcolo della resa. <br />La serie storica e di conseguenza l'attendibilità dei dati diffusi negli anni precedenti non vengono compromessi perché, per le foraggere, i valori di produzione totale e raccolta coincidono.",F2200: F2200,,,,,,
IT1:101_1015(1.0),A: annuale,ITC4: Lombardia,HP_Q_EXT: produzione raccolta - quintali,PEACH: pesca,ALL: tutte le voci,2024,29246,,,,"TIPO_DATO5__HP_Q_EXT_N1: Per tutte le coltivazioni foraggere temporanee e permanenti, a partire dal 2020 i valori di produzione sono espressi in quintali;<br />Dal 2020 sono diffusi i valori di produzione raccolta in quanto necessari per il calcolo della resa. <br />La serie storica e di conseguenza l'attendibilità dei dati diffusi negli anni precedenti non vengono compromessi perché, per le foraggere, i valori di produzione totale e raccolta coincidono.",F1210: F1210,,,,,,
IT1:101_1015(1.0),A: annuale,ITC4: Lombardia,HP_Q_EXT: produzione raccolta - quintali,PEACH: pesca,ALL: tutte le voci,2025,24827,,,,"TIPO_DATO5__HP_Q_EXT_N1: Per tutte le coltivazioni foraggere temporanee e permanenti, a partire dal 2020 i valori di produzione sono espressi in quintali;<br />Dal 2020 sono diffusi i valori di produzione raccolta in quanto necessari per il calcolo della resa. <br />La serie storica e di conseguenza l'attendibilità dei dati diffusi negli anni precedenti non vengono compromessi perché, per le foraggere, i valori di produzione totale e raccolta coincidono.",F1210: F1210,,,,,,
IT1:101_1015(1.0),A: annuale,ITC4: Lombardia,HP_Q_EXT: produzione raccolta - quintali,PEACH: pesca,ALL: tutte le voci,2026,24827,,,,"TIPO_DATO5__HP_Q_EXT_N1: Per tutte le coltivazioni foraggere temporanee e permanenti, a partire dal 2020 i valori di produzione sono espressi in quintali;<br />Dal 2020 sono diffusi i valori di produzione raccolta in quanto necessari per il calcolo della resa. <br />La serie storica e di conseguenza l'attendibilità dei dati diffusi negli anni precedenti non vengono compromessi perché, per le foraggere, i valori di produzione totale e raccolta coincidono.",F1210: F1210,,,,,,
IT1:101_1015(1.0),A: annuale,ITC4: Lombardia,HP_Q_EXT: produzione raccolta - quintali,POTA: patata comune,ALL: tutte le voci,2024,108759,,,,"TIPO_DATO5__HP_Q_EXT_N1: Per tutte le coltivazioni foraggere temporanee e permanenti, a partire dal 2020 i valori di produzione sono espressi in quintali;<br />Dal 2020 sono diffusi i valori di produzione raccolta in quanto necessari per il calcolo della resa. <br />La serie storica e di conseguenza l'attendibilità dei dati diffusi negli anni precedenti non vengono compromessi perché, per le foraggere, i valori di produzione totale e raccolta coincidono.",R1000_II: R1000_II,,,,,,
IT1:101_1015(1.0),A: annuale,ITC4: Lombardia,HP_Q_EXT: produzione raccolta - quintali,POTA: patata comune,ALL: tutte le voci,2025,165499,,,,"TIPO_DATO5__HP_Q_EXT_N1: Per tutte le coltivazioni foraggere temporanee e permanenti, a partire dal 2020 i valori di produzione sono espressi in quintali;<br />Dal 2020 sono diffusi i valori di produzione raccolta in quanto necessari per il calcolo della resa. <br />La serie storica e di conseguenza l'attendibilità dei dati diffusi negli anni precedenti non vengono compromessi perché, per le foraggere, i valori di produzione totale e raccolta coincidono.",R1000_II: R1000_II,,,,,,
IT1:101_1015(1.0),A: annuale,ITC4: Lombardia,HP_Q_EXT: produzione raccolta - quintali,POTA: patata comune,ALL: tutte le voci,2026,173033,,,,"TIPO_DATO5__HP_Q_EXT_N1: Per tutte le coltivazioni foraggere temporanee e permanenti, a partire dal 2020 i valori di produzione sono espressi in quintali;<br />Dal 2020 sono diffusi i valori di produzione raccolta in quanto necessari per il calcolo della resa. <br />La serie storica e di conseguenza l'attendibilità dei dati diffusi negli anni precedenti non vengono compromessi perché, per le foraggere, i valori di produzione totale e raccolta coincidono.",R1000_II: R1000_II,,,,,,
IT1:101_1015(1.0),A: annuale,ITC4: Lombardia,HP_Q_EXT: produzione raccolta - quintali,SUNFLO: girasole,ALL: tutte le voci,2024,64996,,,,"TIPO_DATO5__HP_Q_EXT_N1: Per tutte le coltivazioni foraggere temporanee e permanenti, a partire dal 2020 i valori di produzione sono espressi in quintali;<br />Dal 2020 sono diffusi i valori di produzione raccolta in quanto necessari per il calcolo della resa. <br />La serie storica e di conseguenza l'attendibilità dei dati diffusi negli anni precedenti non vengono compromessi perché, per le foraggere, i valori di produzione totale e raccolta coincidono.",I1120: I1120,,,,,,
IT1:101_1015(1.0),A: annuale,ITC4: Lombardia,HP_Q_EXT: produzione raccolta - quintali,SUNFLO: girasole,ALL: tutte le voci,2025,86117,,,,"TIPO_DATO5__HP_Q_EXT_N1: Per tutte le coltivazioni foraggere temporanee e permanenti, a partire dal 2020 i valori di produzione sono espressi in quintali;<br />Dal 2020 sono diffusi i valori di produzione raccolta in quanto necessari per il calcolo della resa. <br />La serie storica e di conseguenza l'attendibilità dei dati diffusi negli anni precedenti non vengono compromessi perché, per le foraggere, i valori di produzione totale e raccolta coincidono.",I1120: I1120,,,,,,
IT1:101_1015(1.0),A: annuale,ITC4: Lombardia,HP_Q_EXT: produzione raccolta - quintali,SUNFLO: girasole,ALL: tutte le voci,2026,104419,,,,"TIPO_DATO5__HP_Q_EXT_N1: Per tutte le coltivazioni foraggere temporanee e permanenti, a partire dal 2020 i valori di produzione sono espressi in quintali;<br />Dal 2020 sono diffusi i valori di produzione raccolta in quanto necessari per il calcolo della resa. <br />La serie storica e di conseguenza l'attendibilità dei dati diffusi negli anni precedenti non vengono compromessi perché, per le foraggere, i valori di produzione totale e raccolta coincidono.",I1120: I1120,,,,,,
IT1:101_1015(1.0),A: annuale,ITC4: Lombardia,TP_QUIN_EXT: produzione totale - quintali,APPLE: mela,ALL: tutte le voci,2024,442404,,,,,F1110: F1110,,,,,,
IT1:101_1015(1.0),A: annuale,ITC4: Lombardia,TP_QUIN_EXT: produzione totale - quintali,APPLE: mela,ALL: tutte le voci,2025,413204,,,,,F1110: F1110,,,,,,
IT1:101_1015(1.0),A: annuale,ITC4: Lombardia,TP_QUIN_EXT: produzione totale - quintali,APPLE: mela,ALL: tutte le voci,2026,413204,,,,,F1110: F1110,,,,,,
IT1:101_1015(1.0),A: annuale,ITC4: Lombardia,TP_QUIN_EXT: produzione totale - quintali,BARLEY: orzo,ALL: tutte le voci,2024,1401467,,,,,C1300: C1300,,,,,,
IT1:101_1015(1.0),A: annuale,ITC4: Lombardia,TP_QUIN_EXT: produzione totale - quintali,BARLEY: orzo,ALL: tutte le voci,2025,1259395,,,,,C1300: C1300,,,,,,
IT1:101_1015(1.0),A: annuale,ITC4: Lombardia,TP_QUIN_EXT: produzione totale - quintali,BARLEY: orzo,ALL: tutte le voci,2026,1242632,,,,,C1300: C1300,,,,,,
IT1:101_1015(1.0),A: annuale,ITC4: Lombardia,TP_QUIN_EXT: produzione totale - quintali,KIWI: kiwi,ALL: tutte le voci,2024,86261,,,,,F2200: F2200,,,,,,
IT1:101_1015(1.0),A: annuale,ITC4: Lombardia,TP_QUIN_EXT: produzione totale - quintali,KIWI: kiwi,ALL: tutte le voci,2025,98990,,,,,F2200: F2200,,,,,,
IT1:101_1015(1.0),A: annuale,ITC4: Lombardia,TP_QUIN_EXT: produzione totale - quintali,KIWI: kiwi,ALL: tutte le voci,2026,96240,,,,,F2200: F2200,,,,,,
IT1:101_1015(1.0),A: annuale,ITC4: Lombardia,TP_QUIN_EXT: produzione totale - quintali,PEACH: pesca,ALL: tutte le voci,2024,29246,,,,,F1210: F1210,,,,,,
IT1:101_1015(1.0),A: annuale,ITC4: Lombardia,TP_QUIN_EXT: produzione totale - quintali,PEACH: pesca,ALL: tutte le voci,2025,24827,,,,,F1210: F1210,,,,,,
IT1:101_1015(1.0),A: annuale,ITC4: Lombardia,TP_QUIN_EXT: produzione totale - quintali,PEACH: pesca,ALL: tutte le voci,2026,24827,,,,,F1210: F1210,,,,,,
IT1:101_1015(1.0),A: annuale,ITC4: Lombardia,TP_QUIN_EXT: produzione totale - quintali,POTA: patata comune,ALL: tutte le voci,2024,108995,,,,,R1000_II: R1000_II,,,,,,
IT1:101_1015(1.0),A: annuale,ITC4: Lombardia,TP_QUIN_EXT: produzione totale - quintali,POTA: patata comune,ALL: tutte le voci,2025,165499,,,,,R1000_II: R1000_II,,,,,,
IT1:101_1015(1.0),A: annuale,ITC4: Lombardia,TP_QUIN_EXT: produzione totale - quintali,POTA: patata comune,ALL: tutte le voci,2026,173033,,,,,R1000_II: R1000_II,,,,,,
IT1:101_1015(1.0),A: annuale,ITC4: Lombardia,TP_QUIN_EXT: produzione totale - quintali,SUNFLO: girasole,ALL: tutte le voci,2024,64996,,,,,I1120: I1120,,,,,,
IT1:101_1015(1.0),A: annuale,ITC4: Lombardia,TP_QUIN_EXT: produzione totale - quintali,SUNFLO: girasole,ALL: tutte le voci,2025,86117,,,,,I1120: I1120,,,,,,
IT1:101_1015(1.0),A: annuale,ITC4: Lombardia,TP_QUIN_EXT: produzione totale - quintali,SUNFLO: girasole,ALL: tutte le voci,2026,104419,,,,,I1120: I1120,,,,,,
IT1:101_1015(1.0),A: annuale,ITD1: Provincia Autonoma Bolzano / Bozen,ART: superficie totale - ettari,APPLE: mela,ALL: tutte le voci,2024,17511,,,,,F1110: F1110,,,,,,
IT1:101_1015(1.0),A: annuale,ITD1: Provincia Autonoma Bolzano / Bozen,ART: superficie totale - ettari,APPLE: mela,ALL: tutte le voci,2025,17474,,,,,F1110: F1110,,,,,,
IT1:101_1015(1.0),A: annuale,ITD1: Provincia Autonoma Bolzano / Bozen,ART: superficie totale - ettari,APPLE: mela,ALL: tutte le voci,2026,17366,,,,,F1110: F1110,,,,,,
IT1:101_1015(1.0),A: annuale,ITD1: Provincia Autonoma Bolzano / Bozen,ART: superficie totale - ettari,BARLEY: orzo,ALL: tutte le voci,2024,50,,,,,C1300: C1300,,,,,,
IT1:101_1015(1.0),A: annuale,ITD1: Provincia Autonoma Bolzano / Bozen,ART: superficie totale - ettari,BARLEY: orzo,ALL: tutte le voci,2025,42,,,,,C1300: C1300,,,,,,
IT1:101_1015(1.0),A: annuale,ITD1: Provincia Autonoma Bolzano / Bozen,ART: superficie totale - ettari,BARLEY: orzo,ALL: tutte le voci,2026,35,,,,,C1300: C1300,,,,,,
IT1:101_1015(1.0),A: annuale,ITD1: Provincia Autonoma Bolzano / Bozen,ART: superficie totale - ettari,KIWI: kiwi,ALL: tutte le voci,2024,4,,,,,F2200: F2200,,,,,,
IT1:101_1015(1.0),A: annuale,ITD1: Provincia Autonoma Bolzano / Bozen,ART: superficie totale - ettari,KIWI: kiwi,ALL: tutte le voci,2025,4,,,,,F2200: F2200,,,,,,
IT1:101_1015(1.0),A: annuale,ITD1: Provincia Autonoma Bolzano / Bozen,ART: superficie totale - ettari,KIWI: kiwi,ALL: tutte le voci,2026,4,,,,,F2200: F2200,,,,,,
IT1:101_1015(1.0),A: annuale,ITD1: Provincia Autonoma Bolzano / Bozen,ART: superficie totale - ettari,POTA: patata comune,ALL: tutte le voci,2024,290,,,,,R1000_II: R1000_II,,,,,,
IT1:101_1015(1.0),A: annuale,ITD1: Provincia Autonoma Bolzano / Bozen,ART: superficie totale - ettari,POTA: patata comune,ALL: tutte le voci,2025,275,,,,,R1000_II: R1000_II,,,,,,
IT1:101_1015(1.0),A: annuale,ITD1: Provincia Autonoma Bolzano / Bozen,ART: superficie totale - ettari,POTA: patata comune,ALL: tutte le voci,2026,241,,,,,R1000_II: R1000_II,,,,,,
IT1:101_1015(1.0),A: annuale,ITD1: Provincia Autonoma Bolzano / Bozen,HP_Q_EXT: produzione raccolta - quintali,APPLE: mela,ALL: tutte le voci,2024,10408330,,,,"TIPO_DATO5__HP_Q_EXT_N1: Per tutte le coltivazioni foraggere temporanee e permanenti, a partire dal 2020 i valori di produzione sono espressi in quintali;<br />Dal 2020 sono diffusi i valori di produzione raccolta in quanto necessari per il calcolo della resa. <br />La serie storica e di conseguenza l'attendibilità dei dati diffusi negli anni precedenti non vengono compromessi perché, per le foraggere, i valori di produzione totale e raccolta coincidono.",F1110: F1110,,,,,,
IT1:101_1015(1.0),A: annuale,ITD1: Provincia Autonoma Bolzano / Bozen,HP_Q_EXT: produzione raccolta - quintali,APPLE: mela,ALL: tutte le voci,2025,10569800,,,,"TIPO_DATO5__HP_Q_EXT_N1: Per tutte le coltivazioni foraggere temporanee e permanenti, a partire dal 2020 i valori di produzione sono espressi in quintali;<br />Dal 2020 sono diffusi i valori di produzione raccolta in quanto necessari per il calcolo della resa. <br />La serie storica e di conseguenza l'attendibilità dei dati diffusi negli anni precedenti non vengono compromessi perché, per le foraggere, i valori di produzione totale e raccolta coincidono.",F1110: F1110,,,,,,
IT1:101_1015(1.0),A: annuale,ITD1: Provincia Autonoma Bolzano / Bozen,HP_Q_EXT: produzione raccolta - quintali,APPLE: mela,ALL: tutte le voci,2026,10018600,,,,"TIPO_DATO5__HP_Q_EXT_N1: Per tutte le coltivazioni foraggere temporanee e permanenti, a partire dal 2020 i valori di produzione sono espressi in quintali;<br />Dal 2020 sono diffusi i valori di produzione raccolta in quanto necessari per il calcolo della resa. <br />La serie storica e di conseguenza l'attendibilità dei dati diffusi negli anni precedenti non vengono compromessi perché, per le foraggere, i valori di produzione totale e raccolta coincidono.",F1110: F1110,,,,,,
IT1:101_1015(1.0),A: annuale,ITD1: Provincia Autonoma Bolzano / Bozen,HP_Q_EXT: produzione raccolta - quintali,BARLEY: orzo,ALL: tutte le voci,2024,1850,,,,"TIPO_DATO5__HP_Q_EXT_N1: Per tutte le coltivazioni foraggere temporanee e permanenti, a partire dal 2020 i valori di produzione sono espressi in quintali;<br />Dal 2020 sono diffusi i valori di produzione raccolta in quanto necessari per il calcolo della resa. <br />La serie storica e di conseguenza l'attendibilità dei dati diffusi negli anni precedenti non vengono compromessi perché, per le foraggere, i valori di produzione totale e raccolta coincidono.",C1300: C1300,,,,,,
IT1:101_1015(1.0),A: annuale,ITD1: Provincia Autonoma Bolzano / Bozen,HP_Q_EXT: produzione raccolta - quintali,BARLEY: orzo,ALL: tutte le voci,2025,1470,,,,"TIPO_DATO5__HP_Q_EXT_N1: Per tutte le coltivazioni foraggere temporanee e permanenti, a partire dal 2020 i valori di produzione sono espressi in quintali;<br />Dal 2020 sono diffusi i valori di produzione raccolta in quanto necessari per il calcolo della resa. <br />La serie storica e di conseguenza l'attendibilità dei dati diffusi negli anni precedenti non vengono compromessi perché, per le foraggere, i valori di produzione totale e raccolta coincidono.",C1300: C1300,,,,,,
IT1:101_1015(1.0),A: annuale,ITD1: Provincia Autonoma Bolzano / Bozen,HP_Q_EXT: produzione raccolta - quintali,BARLEY: orzo,ALL: tutte le voci,2026,1225,,,,"TIPO_DATO5__HP_Q_EXT_N1: Per tutte le coltivazioni foraggere temporanee e permanenti, a partire dal 2020 i valori di produzione sono espressi in quintali;<br />Dal 2020 sono diffusi i valori di produzione raccolta in quanto necessari per il calcolo della resa. <br />La serie storica e di conseguenza l'attendibilità dei dati diffusi negli anni precedenti non vengono compromessi perché, per le foraggere, i valori di produzione totale e raccolta coincidono.",C1300: C1300,,,,,,
IT1:101_1015(1.0),A: annuale,ITD1: Provincia Autonoma Bolzano / Bozen,HP_Q_EXT: produzione raccolta - quintali,KIWI: kiwi,ALL: tutte le voci,2024,1000,,,,"TIPO_DATO5__HP_Q_EXT_N1: Per tutte le coltivazioni foraggere temporanee e permanenti, a partire dal 2020 i valori di produzione sono espressi in quintali;<br />Dal 2020 sono diffusi i valori di produzione raccolta in quanto necessari per il calcolo della resa. <br />La serie storica e di conseguenza l'attendibilità dei dati diffusi negli anni precedenti non vengono compromessi perché, per le foraggere, i valori di produzione totale e raccolta coincidono.",F2200: F2200,,,,,,
IT1:101_1015(1.0),A: annuale,ITD1: Provincia Autonoma Bolzano / Bozen,HP_Q_EXT: produzione raccolta - quintali,KIWI: kiwi,ALL: tutte le voci,2025,1000,,,,"TIPO_DATO5__HP_Q_EXT_N1: Per tutte le coltivazioni foraggere temporanee e permanenti, a partire dal 2020 i valori di produzione sono espressi in quintali;<br />Dal 2020 sono diffusi i valori di produzione raccolta in quanto necessari per il calcolo della resa. <br />La serie storica e di conseguenza l'attendibilità dei dati diffusi negli anni precedenti non vengono compromessi perché, per le foraggere, i valori di produzione totale e raccolta coincidono.",F2200: F2200,,,,,,
IT1:101_1015(1.0),A: annuale,ITD1: Provincia Autonoma Bolzano / Bozen,HP_Q_EXT: produzione raccolta - quintali,KIWI: kiwi,ALL: tutte le voci,2026,1000,,,,"TIPO_DATO5__HP_Q_EXT_N1: Per tutte le coltivazioni foraggere temporanee e permanenti, a partire dal 2020 i valori di produzione sono espressi in quintali;<br />Dal 2020 sono diffusi i valori di produzione raccolta in quanto necessari per il calcolo della resa. <br />La serie storica e di conseguenza l'attendibilità dei dati diffusi negli anni precedenti non vengono compromessi perché, per le foraggere, i valori di produzione totale e raccolta coincidono.",F2200: F2200,,,,,,
IT1:101_1015(1.0),A: annuale,ITD1: Provincia Autonoma Bolzano / Bozen,HP_Q_EXT: produzione raccolta - quintali,POTA: patata comune,ALL: tutte le voci,2024,92800,,,,"TIPO_DATO5__HP_Q_EXT_N1: Per tutte le coltivazioni foraggere temporanee e permanenti, a partire dal 2020 i valori di produzione sono espressi in quintali;<br />Dal 2020 sono diffusi i valori di produzione raccolta in quanto necessari per il calcolo della resa. <br />La serie storica e di conseguenza l'attendibilità dei dati diffusi negli anni precedenti non vengono compromessi perché, per le foraggere, i valori di produzione totale e raccolta coincidono.",R1000_II: R1000_II,,,,,,
IT1:101_1015(1.0),A: annuale,ITD1: Provincia Autonoma Bolzano / Bozen,HP_Q_EXT: produzione raccolta - quintali,POTA: patata comune,ALL: tutte le voci,2025,96250,,,,"TIPO_DATO5__HP_Q_EXT_N1: Per tutte le coltivazioni foraggere temporanee e permanenti, a partire dal 2020 i valori di produzione sono espressi in quintali;<br />Dal 2020 sono diffusi i valori di produzione raccolta in quanto necessari per il calcolo della resa. <br />La serie storica e di conseguenza l'attendibilità dei dati diffusi negli anni precedenti non vengono compromessi perché, per le foraggere, i valori di produzione totale e raccolta coincidono.",R1000_II: R1000_II,,,,,,
IT1:101_1015(1.0),A: annuale,ITD1: Provincia Autonoma Bolzano / Bozen,HP_Q_EXT: produzione raccolta - quintali,POTA: patata comune,ALL: tutte le voci,2026,85555,,,,"TIPO_DATO5__HP_Q_EXT_N1: Per tutte le coltivazioni foraggere temporanee e permanenti, a partire dal 2020 i valori di produzione sono espressi in quintali;<br />Dal 2020 sono diffusi i valori di produzione raccolta in quanto necessari per il calcolo della resa. <br />La serie storica e di conseguenza l'attendibilità dei dati diffusi negli anni precedenti non vengono compromessi perché, per le foraggere, i valori di produzione totale e raccolta coincidono.",R1000_II: R1000_II,,,,,,
IT1:101_1015(1.0),A: annuale,ITD1: Provincia Autonoma Bolzano / Bozen,TP_QUIN_EXT: produzione totale - quintali,APPLE: mela,ALL: tutte le voci,2024,10408330,,,,,F1110: F1110,,,,,,
IT1:101_1015(1.0),A: annuale,ITD1: Provincia Autonoma Bolzano / Bozen,TP_QUIN_EXT: produzione totale - quintali,APPLE: mela,ALL: tutte le voci,2025,10569800,,,,,F1110: F1110,,,,,,
IT1:101_1015(1.0),A: annuale,ITD1: Provincia Autonoma Bolzano / Bozen,TP_QUIN_EXT: produzione totale - quintali,APPLE: mela,ALL: tutte le voci,2026,10018600,,,,,F1110: F1110,,,,,,
IT1:101_1015(1.0),A: annuale,ITD1: Provincia Autonoma Bolzano / Bozen,TP_QUIN_EXT: produzione totale - quintali,BARLEY: orzo,ALL: tutte le voci,2024,1850,,,,,C1300: C1300,,,,,,
IT1:101_1015(1.0),A: annuale,ITD1: Provincia Autonoma Bolzano / Bozen,TP_QUIN_EXT: produzione totale - quintali,BARLEY: orzo,ALL: tutte le voci,2025,1470,,,,,C1300: C1300,,,,,,
IT1:101_1015(1.0),A: annuale,ITD1: Provincia Autonoma Bolzano / Bozen,TP_QUIN_EXT: produzione totale - quintali,BARLEY: orzo,ALL: tutte le voci,2026,1225,,,,,C1300: C1300,,,,,,
IT1:101_1015(1.0),A: annuale,ITD1: Provincia Autonoma Bolzano / Bozen,TP_QUIN_EXT: produzione totale - quintali,KIWI: kiwi,ALL: tutte le voci,2024,1000,,,,,F2200: F2200,,,,,,
IT1:101_1015(1.0),A: annuale,ITD1: Provincia Autonoma Bolzano / Bozen,TP_QUIN_EXT: produzione totale - quintali,KIWI: kiwi,ALL: tutte le voci,2025,1000,,,,,F2200: F2200,,,,,,
IT1:101_1015(1.0),A: annuale,ITD1: Provincia Autonoma Bolzano / Bozen,TP_QUIN_EXT: produzione totale - quintali,KIWI: kiwi,ALL: tutte le voci,2026,1000,,,,,F2200: F2200,,,,,,
IT1:101_1015(1.0),A: annuale,ITD1: Provincia Autonoma Bolzano / Bozen,TP_QUIN_EXT: produzione totale - quintali,POTA: patata comune,ALL: tutte le voci,2024,92800,,,,,R1000_II: R1000_II,,,,,,
IT1:101_1015(1.0),A: annuale,ITD1: Provincia Autonoma Bolzano / Bozen,TP_QUIN_EXT: produzione totale - quintali,POTA: patata comune,ALL: tutte le voci,2025,96250,,,,,R1000_II: R1000_II,,,,,,
IT1:101_1015(1.0),A: annuale,ITD1: Provincia Autonoma Bolzano / Bozen,TP_QUIN_EXT: produzione totale - quintali,POTA: patata comune,ALL: tutte le voci,2026,85555,,,,,R1000_II: R1000_II,,,,,,
IT1:101_1015(1.0),A: annuale,ITD2: Provincia Autonoma Trento,ART: superficie totale - ettari,APPLE: mela,ALL: tutte le voci,2024,9744,,,,,F1110: F1110,,,,,,
IT1:101_1015(1.0),A: annuale,ITD2: Provincia Autonoma Trento,ART: superficie totale - ettari,APPLE: mela,ALL: tutte le voci,2025,9835,,,,,F1110: F1110,,,,,,
IT1:101_1015(1.0),A: annuale,ITD2: Provincia Autonoma Trento,ART: superficie totale - ettari,APPLE: mela,ALL: tutte le voci,2026,9900,,,,,F1110: F1110,,,,,,
IT1:101_1015(1.0),A: annuale,ITD2: Provincia Autonoma Trento,ART: superficie totale - ettari,BARLEY: orzo,ALL: tutte le voci,2024,4,,,,,C1300: C1300,,,,,,
IT1:101_1015(1.0),A: annuale,ITD2: Provincia Autonoma Trento,ART: superficie totale - ettari,BARLEY: orzo,ALL: tutte le voci,2025,4,,,,,C1300: C1300,,,,,,
IT1:101_1015(1.0),A: annuale,ITD2: Provincia Autonoma Trento,ART: superficie totale - ettari,BARLEY: orzo,ALL: tutte le voci,2026,5,,,,,C1300: C1300,,,,,,
IT1:101_1015(1.0),A: annuale,ITD2: Provincia Autonoma Trento,ART: superficie totale - ettari,KIWI: kiwi,ALL: tutte le voci,2024,50,,,,,F2200: F2200,,,,,,
IT1:101_1015(1.0),A: annuale,ITD2: Provincia Autonoma Trento,ART: superficie totale - ettari,KIWI: kiwi,ALL: tutte le voci,2025,50,,,,,F2200: F2200,,,,,,
IT1:101_1015(1.0),A: annuale,ITD2: Provincia Autonoma Trento,ART: superficie totale - ettari,KIWI: kiwi,ALL: tutte le voci,2026,60,,,,,F2200: F2200,,,,,,
IT1:101_1015(1.0),A: annuale,ITD2: Provincia Autonoma Trento,ART: superficie totale - ettari,PEACH: pesca,ALL: tutte le voci,2024,6,,,,,F1210: F1210,,,,,,
IT1:101_1015(1.0),A: annuale,ITD2: Provincia Autonoma Trento,ART: superficie totale - ettari,PEACH: pesca,ALL: tutte le voci,2025,6,,,,,F1210: F1210,,,,,,
IT1:101_1015(1.0),A: annuale,ITD2: Provincia Autonoma Trento,ART: superficie totale - ettari,PEACH: pesca,ALL: tutte le voci,2026,5,,,,,F1210: F1210,,,,,,
IT1:101_1015(1.0),A: annuale,ITD2: Provincia Autonoma Trento,ART: superficie totale - ettari,POTA: patata comune,ALL: tutte le voci,2024,340,,,,,R1000_II: R1000_II,,,,,,
IT1:101_1015(1.0),A: annuale,ITD2: Provincia Autonoma Trento,ART: superficie totale - ettari,POTA: patata comune,ALL: tutte le voci,2025,339,,,,,R1000_II: R1000_II,,,,,,
IT1:101_1015(1.0),A: annuale,ITD2: Provincia Autonoma Trento,ART: superficie totale - ettari,POTA: patata comune,ALL: tutte le voci,2026,362,,,,,R1000_II: R1000_II,,,,,,
IT1:101_1015(1.0),A: annuale,ITD2: Provincia Autonoma Trento,HP_Q_EXT: produzione raccolta - quintali,APPLE: mela,ALL: tutte le voci,2024,4777710,,,,"TIPO_DATO5__HP_Q_EXT_N1: Per tutte le coltivazioni foraggere temporanee e permanenti, a partire dal 2020 i valori di produzione sono espressi in quintali;<br />Dal 2020 sono diffusi i valori di produzione raccolta in quanto necessari per il calcolo della resa. <br />La serie storica e di conseguenza l'attendibilità dei dati diffusi negli anni precedenti non vengono compromessi perché, per le foraggere, i valori di produzione totale e raccolta coincidono.",F1110: F1110,,,,,,
IT1:101_1015(1.0),A: annuale,ITD2: Provincia Autonoma Trento,HP_Q_EXT: produzione raccolta - quintali,APPLE: mela,ALL: tutte le voci,2025,4777710,,,,"TIPO_DATO5__HP_Q_EXT_N1: Per tutte le coltivazioni foraggere temporanee e permanenti, a partire dal 2020 i valori di produzione sono espressi in quintali;<br />Dal 2020 sono diffusi i valori di produzione raccolta in quanto necessari per il calcolo della resa. <br />La serie storica e di conseguenza l'attendibilità dei dati diffusi negli anni precedenti non vengono compromessi perché, per le foraggere, i valori di produzione totale e raccolta coincidono.",F1110: F1110,,,,,,
IT1:101_1015(1.0),A: annuale,ITD2: Provincia Autonoma Trento,HP_Q_EXT: produzione raccolta - quintali,APPLE: mela,ALL: tutte le voci,2026,5173000,,,,"TIPO_DATO5__HP_Q_EXT_N1: Per tutte le coltivazioni foraggere temporanee e permanenti, a partire dal 2020 i valori di produzione sono espressi in quintali;<br />Dal 2020 sono diffusi i valori di produzione raccolta in quanto necessari per il calcolo della resa. <br />La serie storica e di conseguenza l'attendibilità dei dati diffusi negli anni precedenti non vengono compromessi perché, per le foraggere, i valori di produzione totale e raccolta coincidono.",F1110: F1110,,,,,,
IT1:101_1015(1.0),A: annuale,ITD2: Provincia Autonoma Trento,HP_Q_EXT: produzione raccolta - quintali,BARLEY: orzo,ALL: tutte le voci,2024,150,,,,"TIPO_DATO5__HP_Q_EXT_N1: Per tutte le coltivazioni foraggere temporanee e permanenti, a partire dal 2020 i valori di produzione sono espressi in quintali;<br />Dal 2020 sono diffusi i valori di produzione raccolta in quanto necessari per il calcolo della resa. <br />La serie storica e di conseguenza l'attendibilità dei dati diffusi negli anni precedenti non vengono compromessi perché, per le foraggere, i valori di produzione totale e raccolta coincidono.",C1300: C1300,,,,,,
IT1:101_1015(1.0),A: annuale,ITD2: Provincia Autonoma Trento,HP_Q_EXT: produzione raccolta - quintali,BARLEY: orzo,ALL: tutte le voci,2025,150,,,,"TIPO_DATO5__HP_Q_EXT_N1: Per tutte le coltivazioni foraggere temporanee e permanenti, a partire dal 2020 i valori di produzione sono espressi in quintali;<br />Dal 2020 sono diffusi i valori di produzione raccolta in quanto necessari per il calcolo della resa. <br />La serie storica e di conseguenza l'attendibilità dei dati diffusi negli anni precedenti non vengono compromessi perché, per le foraggere, i valori di produzione totale e raccolta coincidono.",C1300: C1300,,,,,,
IT1:101_1015(1.0),A: annuale,ITD2: Provincia Autonoma Trento,HP_Q_EXT: produzione raccolta - quintali,BARLEY: orzo,ALL: tutte le voci,2026,200,,,,"TIPO_DATO5__HP_Q_EXT_N1: Per tutte le coltivazioni foraggere temporanee e permanenti, a partire dal 2020 i valori di produzione sono espressi in quintali;<br />Dal 2020 sono diffusi i valori di produzione raccolta in quanto necessari per il calcolo della resa. <br />La serie storica e di conseguenza l'attendibilità dei dati diffusi negli anni precedenti non vengono compromessi perché, per le foraggere, i valori di produzione totale e raccolta coincidono.",C1300: C1300,,,,,,
IT1:101_1015(1.0),A: annuale,ITD2: Provincia Autonoma Trento,HP_Q_EXT: produzione raccolta - quintali,KIWI: kiwi,ALL: tutte le voci,2024,10590,,,,"TIPO_DATO5__HP_Q_EXT_N1: Per tutte le coltivazioni foraggere temporanee e permanenti, a partire dal 2020 i valori di produzione sono espressi in quintali;<br />Dal 2020 sono diffusi i valori di produzione raccolta in quanto necessari per il calcolo della resa. <br />La serie storica e di conseguenza l'attendibilità dei dati diffusi negli anni precedenti non vengono compromessi perché, per le foraggere, i valori di produzione totale e raccolta coincidono.",F2200: F2200,,,,,,
IT1:101_1015(1.0),A: annuale,ITD2: Provincia Autonoma Trento,HP_Q_EXT: produzione raccolta - quintali,KIWI: kiwi,ALL: tutte le voci,2025,10590,,,,"TIPO_DATO5__HP_Q_EXT_N1: Per tutte le coltivazioni foraggere temporanee e permanenti, a partire dal 2020 i valori di produzione sono espressi in quintali;<br />Dal 2020 sono diffusi i valori di produzione raccolta in quanto necessari per il calcolo della resa. <br />La serie storica e di conseguenza l'attendibilità dei dati diffusi negli anni precedenti non vengono compromessi perché, per le foraggere, i valori di produzione totale e raccolta coincidono.",F2200: F2200,,,,,,
IT1:101_1015(1.0),A: annuale,ITD2: Provincia Autonoma Trento,HP_Q_EXT: produzione raccolta - quintali,KIWI: kiwi,ALL: tutte le voci,2026,13400,,,,"TIPO_DATO5__HP_Q_EXT_N1: Per tutte le coltivazioni foraggere temporanee e permanenti, a partire dal 2020 i valori di produzione sono espressi in quintali;<br />Dal 2020 sono diffusi i valori di produzione raccolta in quanto necessari per il calcolo della resa. <br />La serie storica e di conseguenza l'attendibilità dei dati diffusi negli anni precedenti non vengono compromessi perché, per le foraggere, i valori di produzione totale e raccolta coincidono.",F2200: F2200,,,,,,
IT1:101_1015(1.0),A: annuale,ITD2: Provincia Autonoma Trento,HP_Q_EXT: produzione raccolta - quintali,PEACH: pesca,ALL: tutte le voci,2024,500,,,,"TIPO_DATO5__HP_Q_EXT_N1: Per tutte le coltivazioni foraggere temporanee e permanenti, a partire dal 2020 i valori di produzione sono espressi in quintali;<br />Dal 2020 sono diffusi i valori di produzione raccolta in quanto necessari per il calcolo della resa. <br />La serie storica e di conseguenza l'attendibilità dei dati diffusi negli anni precedenti non vengono compromessi perché, per le foraggere, i valori di produzione totale e raccolta coincidono.",F1210: F1210,,,,,,
IT1:101_1015(1.0),A: annuale,ITD2: Provincia Autonoma Trento,HP_Q_EXT: produzione raccolta - quintali,PEACH: pesca,ALL: tutte le voci,2025,500,,,,"TIPO_DATO5__HP_Q_EXT_N1: Per tutte le coltivazioni foraggere temporanee e permanenti, a partire dal 2020 i valori di produzione sono espressi in quintali;<br />Dal 2020 sono diffusi i valori di produzione raccolta in quanto necessari per il calcolo della resa. <br />La serie storica e di conseguenza l'attendibilità dei dati diffusi negli anni precedenti non vengono compromessi perché, per le foraggere, i valori di produzione totale e raccolta coincidono.",F1210: F1210,,,,,,
IT1:101_1015(1.0),A: annuale,ITD2: Provincia Autonoma Trento,HP_Q_EXT: produzione raccolta - quintali,PEACH: pesca,ALL: tutte le voci,2026,580,,,,"TIPO_DATO5__HP_Q_EXT_N1: Per tutte le coltivazioni foraggere temporanee e permanenti, a partire dal 2020 i valori di produzione sono espressi in quintali;<br />Dal 2020 sono diffusi i valori di produzione raccolta in quanto necessari per il calcolo della resa. <br />La serie storica e di conseguenza l'attendibilità dei dati diffusi negli anni precedenti non vengono compromessi perché, per le foraggere, i valori di produzione totale e raccolta coincidono.",F1210: F1210,,,,,,
IT1:101_1015(1.0),A: annuale,ITD2: Provincia Autonoma Trento,HP_Q_EXT: produzione raccolta - quintali,POTA: patata comune,ALL: tutte le voci,2024,68000,,,,"TIPO_DATO5__HP_Q_EXT_N1: Per tutte le coltivazioni foraggere temporanee e permanenti, a partire dal 2020 i valori di produzione sono espressi in quintali;<br />Dal 2020 sono diffusi i valori di produzione raccolta in quanto necessari per il calcolo della resa. <br />La serie storica e di conseguenza l'attendibilità dei dati diffusi negli anni precedenti non vengono compromessi perché, per le foraggere, i valori di produzione totale e raccolta coincidono.",R1000_II: R1000_II,,,,,,
IT1:101_1015(1.0),A: annuale,ITD2: Provincia Autonoma Trento,HP_Q_EXT: produzione raccolta - quintali,POTA: patata comune,ALL: tutte le voci,2025,44000,,,,"TIPO_DATO5__HP_Q_EXT_N1: Per tutte le coltivazioni foraggere temporanee e permanenti, a partire dal 2020 i valori di produzione sono espressi in quintali;<br />Dal 2020 sono diffusi i valori di produzione raccolta in quanto necessari per il calcolo della resa. <br />La serie storica e di conseguenza l'attendibilità dei dati diffusi negli anni precedenti non vengono compromessi perché, per le foraggere, i valori di produzione totale e raccolta coincidono.",R1000_II: R1000_II,,,,,,
IT1:101_1015(1.0),A: annuale,ITD2: Provincia Autonoma Trento,HP_Q_EXT: produzione raccolta - quintali,POTA: patata comune,ALL: tutte le voci,2026,72400,,,,"TIPO_DATO5__HP_Q_EXT_N1: Per tutte le coltivazioni foraggere temporanee e permanenti, a partire dal 2020 i valori di produzione sono espressi in quintali;<br />Dal 2020 sono diffusi i valori di produzione raccolta in quanto necessari per il calcolo della resa. <br />La serie storica e di conseguenza l'attendibilità dei dati diffusi negli anni precedenti non vengono compromessi perché, per le foraggere, i valori di produzione totale e raccolta coincidono.",R1000_II: R1000_II,,,,,,
IT1:101_1015(1.0),A: annuale,ITD2: Provincia Autonoma Trento,TP_QUIN_EXT: produzione totale - quintali,APPLE: mela,ALL: tutte le voci,2024,4777710,,,,,F1110: F1110,,,,,,
IT1:101_1015(1.0),A: annuale,ITD2: Provincia Autonoma Trento,TP_QUIN_EXT: produzione totale - quintali,APPLE: mela,ALL: tutte le voci,2025,4777710,,,,,F1110: F1110,,,,,,
IT1:101_1015(1.0),A: annuale,ITD2: Provincia Autonoma Trento,TP_QUIN_EXT: produzione totale - quintali,APPLE: mela,ALL: tutte le voci,2026,5173000,,,,,F1110: F1110,,,,,,
IT1:101_1015(1.0),A: annuale,ITD2: Provincia Autonoma Trento,TP_QUIN_EXT: produzione totale - quintali,BARLEY: orzo,ALL: tutte le voci,2024,150,,,,,C1300: C1300,,,,,,
IT1:101_1015(1.0),A: annuale,ITD2: Provincia Autonoma Trento,TP_QUIN_EXT: produzione totale - quintali,BARLEY: orzo,ALL: tutte le voci,2025,150,,,,,C1300: C1300,,,,,,
IT1:101_1015(1.0),A: annuale,ITD2: Provincia Autonoma Trento,TP_QUIN_EXT: produzione totale - quintali,BARLEY: orzo,ALL: tutte le voci,2026,200,,,,,C1300: C1300,,,,,,
IT1:101_1015(1.0),A: annuale,ITD2: Provincia Autonoma Trento,TP_QUIN_EXT: produzione totale - quintali,KIWI: kiwi,ALL: tutte le voci,2024,10590,,,,,F2200: F2200,,,,,,
IT1:101_1015(1.0),A: annuale,ITD2: Provincia Autonoma Trento,TP_QUIN_EXT: produzione totale - quintali,KIWI: kiwi,ALL: tutte le voci,2025,10590,,,,,F2200: F2200,,,,,,
IT1:101_1015(1.0),A: annuale,ITD2: Provincia Autonoma Trento,TP_QUIN_EXT: produzione totale - quintali,KIWI: kiwi,ALL: tutte le voci,2026,13400,,,,,F2200: F2200,,,,,,
IT1:101_1015(1.0),A: annuale,ITD2: Provincia Autonoma Trento,TP_QUIN_EXT: produzione totale - quintali,PEACH: pesca,ALL: tutte le voci,2024,500,,,,,F1210: F1210,,,,,,
IT1:101_1015(1.0),A: annuale,ITD2: Provincia Autonoma Trento,TP_QUIN_EXT: produzione totale - quintali,PEACH: pesca,ALL: tutte le voci,2025,500,,,,,F1210: F1210,,,,,,
IT1:101_1015(1.0),A: annuale,ITD2: Provincia Autonoma Trento,TP_QUIN_EXT: produzione totale - quintali,PEACH: pesca,ALL: tutte le voci,2026,580,,,,,F1210: F1210,,,,,,
IT1:101_1015(1.0),A: annuale,ITD2: Provincia Autonoma Trento,TP_QUIN_EXT: produzione totale - quintali,POTA: patata comune,ALL: tutte le voci,2024,68000,,,,,R1000_II: R1000_II,,,,,,
IT1:101_1015(1.0),A: annuale,ITD2: Provincia Autonoma Trento,TP_QUIN_EXT: produzione totale - quintali,POTA: patata comune,ALL: tutte le voci,2025,44000,,,,,R1000_II: R1000_II,,,,,,
IT1:101_1015(1.0),A: annuale,ITD2: Provincia Autonoma Trento,TP_QUIN_EXT: produzione totale - quintali,POTA: patata comune,ALL: tutte le voci,2026,72400,,,,,R1000_II: R1000_II,,,,,,
IT1:101_1015(1.0),A: annuale,ITD3: Veneto,ART: superficie totale - ettari,APPLE: mela,ALL: tutte le voci,2024,5573,,,,,F1110: F1110,,,,,,
IT1:101_1015(1.0),A: annuale,ITD3: Veneto,ART: superficie totale - ettari,APPLE: mela,ALL: tutte le voci,2025,5571,,,,,F1110: F1110,,,,,,
IT1:101_1015(1.0),A: annuale,ITD3: Veneto,ART: superficie totale - ettari,APPLE: mela,ALL: tutte le voci,2026,5571,,,,,F1110: F1110,,,,,,
IT1:101_1015(1.0),A: annuale,ITD3: Veneto,ART: superficie totale - ettari,BARLEY: orzo,ALL: tutte le voci,2024,16014,,,,,C1300: C1300,,,,,,
IT1:101_1015(1.0),A: annuale,ITD3: Veneto,ART: superficie totale - ettari,BARLEY: orzo,ALL: tutte le voci,2025,12626,,,,,C1300: C1300,,,,,,
IT1:101_1015(1.0),A: annuale,ITD3: Veneto,ART: superficie totale - ettari,BARLEY: orzo,ALL: tutte le voci,2026,12626,,,,,C1300: C1300,,,,,,
IT1:101_1015(1.0),A: annuale,ITD3: Veneto,ART: superficie totale - ettari,KIWI: kiwi,ALL: tutte le voci,2024,2662,,,,,F2200: F2200,,,,,,
IT1:101_1015(1.0),A: annuale,ITD3: Veneto,ART: superficie totale - ettari,KIWI: kiwi,ALL: tutte le voci,2025,2559,,,,,F2200: F2200,,,,,,
IT1:101_1015(1.0),A: annuale,ITD3: Veneto,ART: superficie totale - ettari,KIWI: kiwi,ALL: tutte le voci,2026,2560,,,,,F2200: F2200,,,,,,
IT1:101_1015(1.0),A: annuale,ITD3: Veneto,ART: superficie totale - ettari,PEACH: pesca,ALL: tutte le voci,2024,711,,,,,F1210: F1210,,,,,,
IT1:101_1015(1.0),A: annuale,ITD3: Veneto,ART: superficie totale - ettari,PEACH: pesca,ALL: tutte le voci,2025,611,,,,,F1210: F1210,,,,,,
IT1:101_1015(1.0),A: annuale,ITD3: Veneto,ART: superficie totale - ettari,PEACH: pesca,ALL: tutte le voci,2026,611,,,,,F1210: F1210,,,,,,
IT1:101_1015(1.0),A: annuale,ITD3: Veneto,ART: superficie totale - ettari,POTA: patata comune,ALL: tutte le voci,2024,3593,,,,,R1000_II: R1000_II,,,,,,
IT1:101_1015(1.0),A: annuale,ITD3: Veneto,ART: superficie totale - ettari,POTA: patata comune,ALL: tutte le voci,2025,4022,,,,,R1000_II: R1000_II,,,,,,
IT1:101_1015(1.0),A: annuale,ITD3: Veneto,ART: superficie totale - ettari,POTA: patata comune,ALL: tutte le voci,2026,4022,,,,,R1000_II: R1000_II,,,,,,
IT1:101_1015(1.0),A: annuale,ITD3: Veneto,ART: superficie totale - ettari,SUNFLO: girasole,ALL: tutte le voci,2024,3458,,,,,I1120: I1120,,,,,,
IT1:101_1015(1.0),A: annuale,ITD3: Veneto,ART: superficie totale - ettari,SUNFLO: girasole,ALL: tutte le voci,2025,4591,,,,,I1120: I1120,,,,,,
IT1:101_1015(1.0),A: annuale,ITD3: Veneto,ART: superficie totale - ettari,SUNFLO: girasole,ALL: tutte le voci,2026,4592,,,,,I1120: I1120,,,,,,
IT1:101_1015(1.0),A: annuale,ITD3: Veneto,HP_Q_EXT: produzione raccolta - quintali,APPLE: mela,ALL: tutte le voci,2024,2860055,,,,"TIPO_DATO5__HP_Q_EXT_N1: Per tutte le coltivazioni foraggere temporanee e permanenti, a partire dal 2020 i valori di produzione sono espressi in quintali;<br />Dal 2020 sono diffusi i valori di produzione raccolta in quanto necessari per il calcolo della resa. <br />La serie storica e di conseguenza l'attendibilità dei dati diffusi negli anni precedenti non vengono compromessi perché, per le foraggere, i valori di produzione totale e raccolta coincidono.",F1110: F1110,,,,,,
IT1:101_1015(1.0),A: annuale,ITD3: Veneto,HP_Q_EXT: produzione raccolta - quintali,APPLE: mela,ALL: tutte le voci,2025,2573521,,,,"TIPO_DATO5__HP_Q_EXT_N1: Per tutte le coltivazioni foraggere temporanee e permanenti, a partire dal 2020 i valori di produzione sono espressi in quintali;<br />Dal 2020 sono diffusi i valori di produzione raccolta in quanto necessari per il calcolo della resa. <br />La serie storica e di conseguenza l'attendibilità dei dati diffusi negli anni precedenti non vengono compromessi perché, per le foraggere, i valori di produzione totale e raccolta coincidono.",F1110: F1110,,,,,,
IT1:101_1015(1.0),A: annuale,ITD3: Veneto,HP_Q_EXT: produzione raccolta - quintali,APPLE: mela,ALL: tutte le voci,2026,3002724,,,,"TIPO_DATO5__HP_Q_EXT_N1: Per tutte le coltivazioni foraggere temporanee e permanenti, a partire dal 2020 i valori di produzione sono espressi in quintali;<br />Dal 2020 sono diffusi i valori di produzione raccolta in quanto necessari per il calcolo della resa. <br />La serie storica e di conseguenza l'attendibilità dei dati diffusi negli anni precedenti non vengono compromessi perché, per le foraggere, i valori di produzione totale e raccolta coincidono.",F1110: F1110,,,,,,
IT1:101_1015(1.0),A: annuale,ITD3: Veneto,HP_Q_EXT: produzione raccolta - quintali,BARLEY: orzo,ALL: tutte le voci,2024,663605,,,,"TIPO_DATO5__HP_Q_EXT_N1: Per tutte le coltivazioni foraggere temporanee e permanenti, a partire dal 2020 i valori di produzione sono espressi in quintali;<br />Dal 2020 sono diffusi i valori di produzione raccolta in quanto necessari per il calcolo della resa. <br />La serie storica e di conseguenza l'attendibilità dei dati diffusi negli anni precedenti non vengono compromessi perché, per le foraggere, i valori di produzione totale e raccolta coincidono.",C1300: C1300,,,,,,
IT1:101_1015(1.0),A: annuale,ITD3: Veneto,HP_Q_EXT: produzione raccolta - quintali,BARLEY: orzo,ALL: tutte le voci,2025,570361,,,,"TIPO_DATO5__HP_Q_EXT_N1: Per tutte le coltivazioni foraggere temporanee e permanenti, a partire dal 2020 i valori di produzione sono espressi in quintali;<br />Dal 2020 sono diffusi i valori di produzione raccolta in quanto necessari per il calcolo della resa. <br />La serie storica e di conseguenza l'attendibilità dei dati diffusi negli anni precedenti non vengono compromessi perché, per le foraggere, i valori di produzione totale e raccolta coincidono.",C1300: C1300,,,,,,
IT1:101_1015(1.0),A: annuale,ITD3: Veneto,HP_Q_EXT: produzione raccolta - quintali,BARLEY: orzo,ALL: tutte le voci,2026,679789,,,,"TIPO_DATO5__HP_Q_EXT_N1: Per tutte le coltivazioni foraggere temporanee e permanenti, a partire dal 2020 i valori di produzione sono espressi in quintali;<br />Dal 2020 sono diffusi i valori di produzione raccolta in quanto necessari per il calcolo della resa. <br />La serie storica e di conseguenza l'attendibilità dei dati diffusi negli anni precedenti non vengono compromessi perché, per le foraggere, i valori di produzione totale e raccolta coincidono.",C1300: C1300,,,,,,
IT1:101_1015(1.0),A: annuale,ITD3: Veneto,HP_Q_EXT: produzione raccolta - quintali,KIWI: kiwi,ALL: tutte le voci,2024,430111,,,,"TIPO_DATO5__HP_Q_EXT_N1: Per tutte le coltivazioni foraggere temporanee e permanenti, a partire dal 2020 i valori di produzione sono espressi in quintali;<br />Dal 2020 sono diffusi i valori di produzione raccolta in quanto necessari per il calcolo della resa. <br />La serie storica e di conseguenza l'attendibilità dei dati diffusi negli anni precedenti non vengono compromessi perché, per le foraggere, i valori di produzione totale e raccolta coincidono.",F2200: F2200,,,,,,
IT1:101_1015(1.0),A: annuale,ITD3: Veneto,HP_Q_EXT: produzione raccolta - quintali,KIWI: kiwi,ALL: tutte le voci,2025,481451,,,,"TIPO_DATO5__HP_Q_EXT_N1: Per tutte le coltivazioni foraggere temporanee e permanenti, a partire dal 2020 i valori di produzione sono espressi in quintali;<br />Dal 2020 sono diffusi i valori di produzione raccolta in quanto necessari per il calcolo della resa. <br />La serie storica e di conseguenza l'attendibilità dei dati diffusi negli anni precedenti non vengono compromessi perché, per le foraggere, i valori di produzione totale e raccolta coincidono.",F2200: F2200,,,,,,
IT1:101_1015(1.0),A: annuale,ITD3: Veneto,HP_Q_EXT: produzione raccolta - quintali,KIWI: kiwi,ALL: tutte le voci,2026,504346,,,,"TIPO_DATO5__HP_Q_EXT_N1: Per tutte le coltivazioni foraggere temporanee e permanenti, a partire dal 2020 i valori di produzione sono espressi in quintali;<br />Dal 2020 sono diffusi i valori di produzione raccolta in quanto necessari per il calcolo della resa. <br />La serie storica e di conseguenza l'attendibilità dei dati diffusi negli anni precedenti non vengono compromessi perché, per le foraggere, i valori di produzione totale e raccolta coincidono.",F2200: F2200,,,,,,
IT1:101_1015(1.0),A: annuale,ITD3: Veneto,HP_Q_EXT: produzione raccolta - quintali,PEACH: pesca,ALL: tutte le voci,2024,144815,,,,"TIPO_DATO5__HP_Q_EXT_N1: Per tutte le coltivazioni foraggere temporanee e permanenti, a partire dal 2020 i valori di produzione sono espressi in quintali;<br />Dal 2020 sono diffusi i valori di produzione raccolta in quanto necessari per il calcolo della resa. <br />La serie storica e di conseguenza l'attendibilità dei dati diffusi negli anni precedenti non vengono compromessi perché, per le foraggere, i valori di produzione totale e raccolta coincidono.",F1210: F1210,,,,,,
IT1:101_1015(1.0),A: annuale,ITD3: Veneto,HP_Q_EXT: produzione raccolta - quintali,PEACH: pesca,ALL: tutte le voci,2025,121001,,,,"TIPO_DATO5__HP_Q_EXT_N1: Per tutte le coltivazioni foraggere temporanee e permanenti, a partire dal 2020 i valori di produzione sono espressi in quintali;<br />Dal 2020 sono diffusi i valori di produzione raccolta in quanto necessari per il calcolo della resa. <br />La serie storica e di conseguenza l'attendibilità dei dati diffusi negli anni precedenti non vengono compromessi perché, per le foraggere, i valori di produzione totale e raccolta coincidono.",F1210: F1210,,,,,,
IT1:101_1015(1.0),A: annuale,ITD3: Veneto,HP_Q_EXT: produzione raccolta - quintali,PEACH: pesca,ALL: tutte le voci,2026,161007,,,,"TIPO_DATO5__HP_Q_EXT_N1: Per tutte le coltivazioni foraggere temporanee e permanenti, a partire dal 2020 i valori di produzione sono espressi in quintali;<br />Dal 2020 sono diffusi i valori di produzione raccolta in quanto necessari per il calcolo della resa. <br />La serie storica e di conseguenza l'attendibilità dei dati diffusi negli anni precedenti non vengono compromessi perché, per le foraggere, i valori di produzione totale e raccolta coincidono.",F1210: F1210,,,,,,
IT1:101_1015(1.0),A: annuale,ITD3: Veneto,HP_Q_EXT: produzione raccolta - quintali,POTA: patata comune,ALL: tutte le voci,2024,1387150,,,,"TIPO_DATO5__HP_Q_EXT_N1: Per tutte le coltivazioni foraggere temporanee e permanenti, a partire dal 2020 i valori di produzione sono espressi in quintali;<br />Dal 2020 sono diffusi i valori di produzione raccolta in quanto necessari per il calcolo della resa. <br />La serie storica e di conseguenza l'attendibilità dei dati diffusi negli anni precedenti non vengono compromessi perché, per le foraggere, i valori di produzione totale e raccolta coincidono.",R1000_II: R1000_II,,,,,,
IT1:101_1015(1.0),A: annuale,ITD3: Veneto,HP_Q_EXT: produzione raccolta - quintali,POTA: patata comune,ALL: tutte le voci,2025,1717473,,,,"TIPO_DATO5__HP_Q_EXT_N1: Per tutte le coltivazioni foraggere temporanee e permanenti, a partire dal 2020 i valori di produzione sono espressi in quintali;<br />Dal 2020 sono diffusi i valori di produzione raccolta in quanto necessari per il calcolo della resa. <br />La serie storica e di conseguenza l'attendibilità dei dati diffusi negli anni precedenti non vengono compromessi perché, per le foraggere, i valori di produzione totale e raccolta coincidono.",R1000_II: R1000_II,,,,,,
IT1:101_1015(1.0),A: annuale,ITD3: Veneto,HP_Q_EXT: produzione raccolta - quintali,POTA: patata comune,ALL: tutte le voci,2026,1676067,,,,"TIPO_DATO5__HP_Q_EXT_N1: Per tutte le coltivazioni foraggere temporanee e permanenti, a partire dal 2020 i valori di produzione sono espressi in quintali;<br />Dal 2020 sono diffusi i valori di produzione raccolta in quanto necessari per il calcolo della resa. <br />La serie storica e di conseguenza l'attendibilità dei dati diffusi negli anni precedenti non vengono compromessi perché, per le foraggere, i valori di produzione totale e raccolta coincidono.",R1000_II: R1000_II,,,,,,
IT1:101_1015(1.0),A: annuale,ITD3: Veneto,HP_Q_EXT: produzione raccolta - quintali,SUNFLO: girasole,ALL: tutte le voci,2024,107633,,,,"TIPO_DATO5__HP_Q_EXT_N1: Per tutte le coltivazioni foraggere temporanee e permanenti, a partire dal 2020 i valori di produzione sono espressi in quintali;<br />Dal 2020 sono diffusi i valori di produzione raccolta in quanto necessari per il calcolo della resa. <br />La serie storica e di conseguenza l'attendibilità dei dati diffusi negli anni precedenti non vengono compromessi perché, per le foraggere, i valori di produzione totale e raccolta coincidono.",I1120: I1120,,,,,,
IT1:101_1015(1.0),A: annuale,ITD3: Veneto,HP_Q_EXT: produzione raccolta - quintali,SUNFLO: girasole,ALL: tutte le voci,2025,146380,,,,"TIPO_DATO5__HP_Q_EXT_N1: Per tutte le coltivazioni foraggere temporanee e permanenti, a partire dal 2020 i valori di produzione sono espressi in quintali;<br />Dal 2020 sono diffusi i valori di produzione raccolta in quanto necessari per il calcolo della resa. <br />La serie storica e di conseguenza l'attendibilità dei dati diffusi negli anni precedenti non vengono compromessi perché, per le foraggere, i valori di produzione totale e raccolta coincidono.",I1120: I1120,,,,,,
IT1:101_1015(1.0),A: annuale,ITD3: Veneto,HP_Q_EXT: produzione raccolta - quintali,SUNFLO: girasole,ALL: tutte le voci,2026,147363,,,,"TIPO_DATO5__HP_Q_EXT_N1: Per tutte le coltivazioni foraggere temporanee e permanenti, a partire dal 2020 i valori di produzione sono espressi in quintali;<br />Dal 2020 sono diffusi i valori di produzione raccolta in quanto necessari per il calcolo della resa. <br />La serie storica e di conseguenza l'attendibilità dei dati diffusi negli anni precedenti non vengono compromessi perché, per le foraggere, i valori di produzione totale e raccolta coincidono.",I1120: I1120,,,,,,
IT1:101_1015(1.0),A: annuale,ITD3: Veneto,TP_QUIN_EXT: produzione totale - quintali,APPLE: mela,ALL: tutte le voci,2024,3031575,,,,,F1110: F1110,,,,,,
IT1:101_1015(1.0),A: annuale,ITD3: Veneto,TP_QUIN_EXT: produzione totale - quintali,APPLE: mela,ALL: tutte le voci,2025,2727992,,,,,F1110: F1110,,,,,,
IT1:101_1015(1.0),A: annuale,ITD3: Veneto,TP_QUIN_EXT: produzione totale - quintali,APPLE: mela,ALL: tutte le voci,2026,3182869,,,,,F1110: F1110,,,,,,
IT1:101_1015(1.0),A: annuale,ITD3: Veneto,TP_QUIN_EXT: produzione totale - quintali,BARLEY: orzo,ALL: tutte le voci,2024,676870,,,,,C1300: C1300,,,,,,
IT1:101_1015(1.0),A: annuale,ITD3: Veneto,TP_QUIN_EXT: produzione totale - quintali,BARLEY: orzo,ALL: tutte le voci,2025,581767,,,,,C1300: C1300,,,,,,
IT1:101_1015(1.0),A: annuale,ITD3: Veneto,TP_QUIN_EXT: produzione totale - quintali,BARLEY: orzo,ALL: tutte le voci,2026,693385,,,,,C1300: C1300,,,,,,
IT1:101_1015(1.0),A: annuale,ITD3: Veneto,TP_QUIN_EXT: produzione totale - quintali,KIWI: kiwi,ALL: tutte le voci,2024,451680,,,,,F2200: F2200,,,,,,
IT1:101_1015(1.0),A: annuale,ITD3: Veneto,TP_QUIN_EXT: produzione totale - quintali,KIWI: kiwi,ALL: tutte le voci,2025,505510,,,,,F2200: F2200,,,,,,
IT1:101_1015(1.0),A: annuale,ITD3: Veneto,TP_QUIN_EXT: produzione totale - quintali,KIWI: kiwi,ALL: tutte le voci,2026,529564,,,,,F2200: F2200,,,,,,
IT1:101_1015(1.0),A: annuale,ITD3: Veneto,TP_QUIN_EXT: produzione totale - quintali,PEACH: pesca,ALL: tutte le voci,2024,158625,,,,,F1210: F1210,,,,,,
IT1:101_1015(1.0),A: annuale,ITD3: Veneto,TP_QUIN_EXT: produzione totale - quintali,PEACH: pesca,ALL: tutte le voci,2025,132519,,,,,F1210: F1210,,,,,,
IT1:101_1015(1.0),A: annuale,ITD3: Veneto,TP_QUIN_EXT: produzione totale - quintali,PEACH: pesca,ALL: tutte le voci,2026,176342,,,,,F1210: F1210,,,,,,
IT1:101_1015(1.0),A: annuale,ITD3: Veneto,TP_QUIN_EXT: produzione totale - quintali,POTA: patata comune,ALL: tutte le voci,2024,1470380,,,,,R1000_II: R1000_II,,,,,,
IT1:101_1015(1.0),A: annuale,ITD3: Veneto,TP_QUIN_EXT: produzione totale - quintali,POTA: patata comune,ALL: tutte le voci,2025,1818521,,,,,R1000_II: R1000_II,,,,,,
IT1:101_1015(1.0),A: annuale,ITD3: Veneto,TP_QUIN_EXT: produzione totale - quintali,POTA: patata comune,ALL: tutte le voci,2026,1776631,,,,,R1000_II: R1000_II,,,,,,
IT1:101_1015(1.0),A: annuale,ITD3: Veneto,TP_QUIN_EXT: produzione totale - quintali,SUNFLO: girasole,ALL: tutte le voci,2024,113030,,,,,I1120: I1120,,,,,,
IT1:101_1015(1.0),A: annuale,ITD3: Veneto,TP_QUIN_EXT: produzione totale - quintali,SUNFLO: girasole,ALL: tutte le voci,2025,153698,,,,,I1120: I1120,,,,,,
IT1:101_1015(1.0),A: annuale,ITD3: Veneto,TP_QUIN_EXT: produzione totale - quintali,SUNFLO: girasole,ALL: tutte le voci,2026,154729,,,,,I1120: I1120,,,,,,
IT1:101_1015(1.0),A: annuale,ITD4: Friuli-Venezia Giulia,ART: superficie totale - ettari,APPLE: mela,ALL: tutte le voci,2024,1097,,,,,F1110: F1110,,,,,,
IT1:101_1015(1.0),A: annuale,ITD4: Friuli-Venezia Giulia,ART: superficie totale - ettari,APPLE: mela,ALL: tutte le voci,2025,1079,,,,,F1110: F1110,,,,,,
IT1:101_1015(1.0),A: annuale,ITD4: Friuli-Venezia Giulia,ART: superficie totale - ettari,APPLE: mela,ALL: tutte le voci,2026,1079,,,,,F1110: F1110,,,,,,
IT1:101_1015(1.0),A: annuale,ITD4: Friuli-Venezia Giulia,ART: superficie totale - ettari,BARLEY: orzo,ALL: tutte le voci,2024,10162,,,,,C1300: C1300,,,,,,
IT1:101_1015(1.0),A: annuale,ITD4: Friuli-Venezia Giulia,ART: superficie totale - ettari,BARLEY: orzo,ALL: tutte le voci,2025,7952,,,,,C1300: C1300,,,,,,
IT1:101_1015(1.0),A: annuale,ITD4: Friuli-Venezia Giulia,ART: superficie totale - ettari,BARLEY: orzo,ALL: tutte le voci,2026,7952,,,,,C1300: C1300,,,,,,
IT1:101_1015(1.0),A: annuale,ITD4: Friuli-Venezia Giulia,ART: superficie totale - ettari,KIWI: kiwi,ALL: tutte le voci,2024,473,,,,,F2200: F2200,,,,,,
IT1:101_1015(1.0),A: annuale,ITD4: Friuli-Venezia Giulia,ART: superficie totale - ettari,KIWI: kiwi,ALL: tutte le voci,2025,455,,,,,F2200: F2200,,,,,,
IT1:101_1015(1.0),A: annuale,ITD4: Friuli-Venezia Giulia,ART: superficie totale - ettari,KIWI: kiwi,ALL: tutte le voci,2026,455,,,,,F2200: F2200,,,,,,
IT1:101_1015(1.0),A: annuale,ITD4: Friuli-Venezia Giulia,ART: superficie totale - ettari,PEACH: pesca,ALL: tutte le voci,2024,101,,,,,F1210: F1210,,,,,,
IT1:101_1015(1.0),A: annuale,ITD4: Friuli-Venezia Giulia,ART: superficie totale - ettari,PEACH: pesca,ALL: tutte le voci,2025,92,,,,,F1210: F1210,,,,,,
IT1:101_1015(1.0),A: annuale,ITD4: Friuli-Venezia Giulia,ART: superficie totale - ettari,PEACH: pesca,ALL: tutte le voci,2026,92,,,,,F1210: F1210,,,,,,
IT1:101_1015(1.0),A: annuale,ITD4: Friuli-Venezia Giulia,ART: superficie totale - ettari,POTA: patata comune,ALL: tutte le voci,2024,279,,,,,R1000_II: R1000_II,,,,,,
IT1:101_1015(1.0),A: annuale,ITD4: Friuli-Venezia Giulia,ART: superficie totale - ettari,POTA: patata comune,ALL: tutte le voci,2025,341,,,,,R1000_II: R1000_II,,,,,,
IT1:101_1015(1.0),A: annuale,ITD4: Friuli-Venezia Giulia,ART: superficie totale - ettari,POTA: patata comune,ALL: tutte le voci,2026,343,,,,,R1000_II: R1000_II,,,,,,
IT1:101_1015(1.0),A: annuale,ITD4: Friuli-Venezia Giulia,ART: superficie totale - ettari,SUNFLO: girasole,ALL: tutte le voci,2024,2048,,,,,I1120: I1120,,,,,,
IT1:101_1015(1.0),A: annuale,ITD4: Friuli-Venezia Giulia,ART: superficie totale - ettari,SUNFLO: girasole,ALL: tutte le voci,2025,1781,,,,,I1120: I1120,,,,,,
IT1:101_1015(1.0),A: annuale,ITD4: Friuli-Venezia Giulia,ART: superficie totale - ettari,SUNFLO: girasole,ALL: tutte le voci,2026,1781,,,,,I1120: I1120,,,,,,
IT1:101_1015(1.0),A: annuale,ITD4: Friuli-Venezia Giulia,HP_Q_EXT: produzione raccolta - quintali,APPLE: mela,ALL: tutte le voci,2024,591887,,,,"TIPO_DATO5__HP_Q_EXT_N1: Per tutte le coltivazioni foraggere temporanee e permanenti, a partire dal 2020 i valori di produzione sono espressi in quintali;<br />Dal 2020 sono diffusi i valori di produzione raccolta in quanto necessari per il calcolo della resa. <br />La serie storica e di conseguenza l'attendibilità dei dati diffusi negli anni precedenti non vengono compromessi perché, per le foraggere, i valori di produzione totale e raccolta coincidono.",F1110: F1110,,,,,,
IT1:101_1015(1.0),A: annuale,ITD4: Friuli-Venezia Giulia,HP_Q_EXT: produzione raccolta - quintali,APPLE: mela,ALL: tutte le voci,2025,651608,,,,"TIPO_DATO5__HP_Q_EXT_N1: Per tutte le coltivazioni foraggere temporanee e permanenti, a partire dal 2020 i valori di produzione sono espressi in quintali;<br />Dal 2020 sono diffusi i valori di produzione raccolta in quanto necessari per il calcolo della resa. <br />La serie storica e di conseguenza l'attendibilità dei dati diffusi negli anni precedenti non vengono compromessi perché, per le foraggere, i valori di produzione totale e raccolta coincidono.",F1110: F1110,,,,,,
IT1:101_1015(1.0),A: annuale,ITD4: Friuli-Venezia Giulia,HP_Q_EXT: produzione raccolta - quintali,APPLE: mela,ALL: tutte le voci,2026,583242,,,,"TIPO_DATO5__HP_Q_EXT_N1: Per tutte le coltivazioni foraggere temporanee e permanenti, a partire dal 2020 i valori di produzione sono espressi in quintali;<br />Dal 2020 sono diffusi i valori di produzione raccolta in quanto necessari per il calcolo della resa. <br />La serie storica e di conseguenza l'attendibilità dei dati diffusi negli anni precedenti non vengono compromessi perché, per le foraggere, i valori di produzione totale e raccolta coincidono.",F1110: F1110,,,,,,
IT1:101_1015(1.0),A: annuale,ITD4: Friuli-Venezia Giulia,HP_Q_EXT: produzione raccolta - quintali,BARLEY: orzo,ALL: tutte le voci,2024,352113,,,,"TIPO_DATO5__HP_Q_EXT_N1: Per tutte le coltivazioni foraggere temporanee e permanenti, a partire dal 2020 i valori di produzione sono espressi in quintali;<br />Dal 2020 sono diffusi i valori di produzione raccolta in quanto necessari per il calcolo della resa. <br />La serie storica e di conseguenza l'attendibilità dei dati diffusi negli anni precedenti non vengono compromessi perché, per le foraggere, i valori di produzione totale e raccolta coincidono.",C1300: C1300,,,,,,
IT1:101_1015(1.0),A: annuale,ITD4: Friuli-Venezia Giulia,HP_Q_EXT: produzione raccolta - quintali,BARLEY: orzo,ALL: tutte le voci,2025,328386,,,,"TIPO_DATO5__HP_Q_EXT_N1: Per tutte le coltivazioni foraggere temporanee e permanenti, a partire dal 2020 i valori di produzione sono espressi in quintali;<br />Dal 2020 sono diffusi i valori di produzione raccolta in quanto necessari per il calcolo della resa. <br />La serie storica e di conseguenza l'attendibilità dei dati diffusi negli anni precedenti non vengono compromessi perché, per le foraggere, i valori di produzione totale e raccolta coincidono.",C1300: C1300,,,,,,
IT1:101_1015(1.0),A: annuale,ITD4: Friuli-Venezia Giulia,HP_Q_EXT: produzione raccolta - quintali,BARLEY: orzo,ALL: tutte le voci,2026,354261,,,,"TIPO_DATO5__HP_Q_EXT_N1: Per tutte le coltivazioni foraggere temporanee e permanenti, a partire dal 2020 i valori di produzione sono espressi in quintali;<br />Dal 2020 sono diffusi i valori di produzione raccolta in quanto necessari per il calcolo della resa. <br />La serie storica e di conseguenza l'attendibilità dei dati diffusi negli anni precedenti non vengono compromessi perché, per le foraggere, i valori di produzione totale e raccolta coincidono.",C1300: C1300,,,,,,
IT1:101_1015(1.0),A: annuale,ITD4: Friuli-Venezia Giulia,HP_Q_EXT: produzione raccolta - quintali,KIWI: kiwi,ALL: tutte le voci,2024,84520,,,,"TIPO_DATO5__HP_Q_EXT_N1: Per tutte le coltivazioni foraggere temporanee e permanenti, a partire dal 2020 i valori di produzione sono espressi in quintali;<br />Dal 2020 sono diffusi i valori di produzione raccolta in quanto necessari per il calcolo della resa. <br />La serie storica e di conseguenza l'attendibilità dei dati diffusi negli anni precedenti non vengono compromessi perché, per le foraggere, i valori di produzione totale e raccolta coincidono.",F2200: F2200,,,,,,
IT1:101_1015(1.0),A: annuale,ITD4: Friuli-Venezia Giulia,HP_Q_EXT: produzione raccolta - quintali,KIWI: kiwi,ALL: tutte le voci,2025,120721,,,,"TIPO_DATO5__HP_Q_EXT_N1: Per tutte le coltivazioni foraggere temporanee e permanenti, a partire dal 2020 i valori di produzione sono espressi in quintali;<br />Dal 2020 sono diffusi i valori di produzione raccolta in quanto necessari per il calcolo della resa. <br />La serie storica e di conseguenza l'attendibilità dei dati diffusi negli anni precedenti non vengono compromessi perché, per le foraggere, i valori di produzione totale e raccolta coincidono.",F2200: F2200,,,,,,
IT1:101_1015(1.0),A: annuale,ITD4: Friuli-Venezia Giulia,HP_Q_EXT: produzione raccolta - quintali,KIWI: kiwi,ALL: tutte le voci,2026,32433,,,,"TIPO_DATO5__HP_Q_EXT_N1: Per tutte le coltivazioni foraggere temporanee e permanenti, a partire dal 2020 i valori di produzione sono espressi in quintali;<br />Dal 2020 sono diffusi i valori di produzione raccolta in quanto necessari per il calcolo della resa. <br />La serie storica e di conseguenza l'attendibilità dei dati diffusi negli anni precedenti non vengono compromessi perché, per le foraggere, i valori di produzione totale e raccolta coincidono.",F2200: F2200,,,,,,
IT1:101_1015(1.0),A: annuale,ITD4: Friuli-Venezia Giulia,HP_Q_EXT: produzione raccolta - quintali,PEACH: pesca,ALL: tutte le voci,2024,9954,,,,"TIPO_DATO5__HP_Q_EXT_N1: Per tutte le coltivazioni foraggere temporanee e permanenti, a partire dal 2020 i valori di produzione sono espressi in quintali;<br />Dal 2020 sono diffusi i valori di produzione raccolta in quanto necessari per il calcolo della resa. <br />La serie storica e di conseguenza l'attendibilità dei dati diffusi negli anni precedenti non vengono compromessi perché, per le foraggere, i valori di produzione totale e raccolta coincidono.",F1210: F1210,,,,,,
IT1:101_1015(1.0),A: annuale,ITD4: Friuli-Venezia Giulia,HP_Q_EXT: produzione raccolta - quintali,PEACH: pesca,ALL: tutte le voci,2025,9122,,,,"TIPO_DATO5__HP_Q_EXT_N1: Per tutte le coltivazioni foraggere temporanee e permanenti, a partire dal 2020 i valori di produzione sono espressi in quintali;<br />Dal 2020 sono diffusi i valori di produzione raccolta in quanto necessari per il calcolo della resa. <br />La serie storica e di conseguenza l'attendibilità dei dati diffusi negli anni precedenti non vengono compromessi perché, per le foraggere, i valori di produzione totale e raccolta coincidono.",F1210: F1210,,,,,,
IT1:101_1015(1.0),A: annuale,ITD4: Friuli-Venezia Giulia,HP_Q_EXT: produzione raccolta - quintali,PEACH: pesca,ALL: tutte le voci,2026,22860,,,,"TIPO_DATO5__HP_Q_EXT_N1: Per tutte le coltivazioni foraggere temporanee e permanenti, a partire dal 2020 i valori di produzione sono espressi in quintali;<br />Dal 2020 sono diffusi i valori di produzione raccolta in quanto necessari per il calcolo della resa. <br />La serie storica e di conseguenza l'attendibilità dei dati diffusi negli anni precedenti non vengono compromessi perché, per le foraggere, i valori di produzione totale e raccolta coincidono.",F1210: F1210,,,,,,
IT1:101_1015(1.0),A: annuale,ITD4: Friuli-Venezia Giulia,HP_Q_EXT: produzione raccolta - quintali,POTA: patata comune,ALL: tutte le voci,2024,68781,,,,"TIPO_DATO5__HP_Q_EXT_N1: Per tutte le coltivazioni foraggere temporanee e permanenti, a partire dal 2020 i valori di produzione sono espressi in quintali;<br />Dal 2020 sono diffusi i valori di produzione raccolta in quanto necessari per il calcolo della resa. <br />La serie storica e di conseguenza l'attendibilità dei dati diffusi negli anni precedenti non vengono compromessi perché, per le foraggere, i valori di produzione totale e raccolta coincidono.",R1000_II: R1000_II,,,,,,
IT1:101_1015(1.0),A: annuale,ITD4: Friuli-Venezia Giulia,HP_Q_EXT: produzione raccolta - quintali,POTA: patata comune,ALL: tutte le voci,2025,131660,,,,"TIPO_DATO5__HP_Q_EXT_N1: Per tutte le coltivazioni foraggere temporanee e permanenti, a partire dal 2020 i valori di produzione sono espressi in quintali;<br />Dal 2020 sono diffusi i valori di produzione raccolta in quanto necessari per il calcolo della resa. <br />La serie storica e di conseguenza l'attendibilità dei dati diffusi negli anni precedenti non vengono compromessi perché, per le foraggere, i valori di produzione totale e raccolta coincidono.",R1000_II: R1000_II,,,,,,
IT1:101_1015(1.0),A: annuale,ITD4: Friuli-Venezia Giulia,HP_Q_EXT: produzione raccolta - quintali,POTA: patata comune,ALL: tutte le voci,2026,132432,,,,"TIPO_DATO5__HP_Q_EXT_N1: Per tutte le coltivazioni foraggere temporanee e permanenti, a partire dal 2020 i valori di produzione sono espressi in quintali;<br />Dal 2020 sono diffusi i valori di produzione raccolta in quanto necessari per il calcolo della resa. <br />La serie storica e di conseguenza l'attendibilità dei dati diffusi negli anni precedenti non vengono compromessi perché, per le foraggere, i valori di produzione totale e raccolta coincidono.",R1000_II: R1000_II,,,,,,
IT1:101_1015(1.0),A: annuale,ITD4: Friuli-Venezia Giulia,HP_Q_EXT: produzione raccolta - quintali,SUNFLO: girasole,ALL: tutte le voci,2024,52033,,,,"TIPO_DATO5__HP_Q_EXT_N1: Per tutte le coltivazioni foraggere temporanee e permanenti, a partire dal 2020 i valori di produzione sono espressi in quintali;<br />Dal 2020 sono diffusi i valori di produzione raccolta in quanto necessari per il calcolo della resa. <br />La serie storica e di conseguenza l'attendibilità dei dati diffusi negli anni precedenti non vengono compromessi perché, per le foraggere, i valori di produzione totale e raccolta coincidono.",I1120: I1120,,,,,,
IT1:101_1015(1.0),A: annuale,ITD4: Friuli-Venezia Giulia,HP_Q_EXT: produzione raccolta - quintali,SUNFLO: girasole,ALL: tutte le voci,2025,44610,,,,"TIPO_DATO5__HP_Q_EXT_N1: Per tutte le coltivazioni foraggere temporanee e permanenti, a partire dal 2020 i valori di produzione sono espressi in quintali;<br />Dal 2020 sono diffusi i valori di produzione raccolta in quanto necessari per il calcolo della resa. <br />La serie storica e di conseguenza l'attendibilità dei dati diffusi negli anni precedenti non vengono compromessi perché, per le foraggere, i valori di produzione totale e raccolta coincidono.",I1120: I1120,,,,,,
IT1:101_1015(1.0),A: annuale,ITD4: Friuli-Venezia Giulia,HP_Q_EXT: produzione raccolta - quintali,SUNFLO: girasole,ALL: tutte le voci,2026,61712,,,,"TIPO_DATO5__HP_Q_EXT_N1: Per tutte le coltivazioni foraggere temporanee e permanenti, a partire dal 2020 i valori di produzione sono espressi in quintali;<br />Dal 2020 sono diffusi i valori di produzione raccolta in quanto necessari per il calcolo della resa. <br />La serie storica e di conseguenza l'attendibilità dei dati diffusi negli anni precedenti non vengono compromessi perché, per le foraggere, i valori di produzione totale e raccolta coincidono.",I1120: I1120,,,,,,
IT1:101_1015(1.0),A: annuale,ITD4: Friuli-Venezia Giulia,TP_QUIN_EXT: produzione totale - quintali,APPLE: mela,ALL: tutte le voci,2024,597865,,,,,F1110: F1110,,,,,,
IT1:101_1015(1.0),A: annuale,ITD4: Friuli-Venezia Giulia,TP_QUIN_EXT: produzione totale - quintali,APPLE: mela,ALL: tutte le voci,2025,658190,,,,,F1110: F1110,,,,,,
IT1:101_1015(1.0),A: annuale,ITD4: Friuli-Venezia Giulia,TP_QUIN_EXT: produzione totale - quintali,APPLE: mela,ALL: tutte le voci,2026,589134,,,,,F1110: F1110,,,,,,
IT1:101_1015(1.0),A: annuale,ITD4: Friuli-Venezia Giulia,TP_QUIN_EXT: produzione totale - quintali,BARLEY: orzo,ALL: tutte le voci,2024,355670,,,,,C1300: C1300,,,,,,
IT1:101_1015(1.0),A: annuale,ITD4: Friuli-Venezia Giulia,TP_QUIN_EXT: produzione totale - quintali,BARLEY: orzo,ALL: tutte le voci,2025,331703,,,,,C1300: C1300,,,,,,
IT1:101_1015(1.0),A: annuale,ITD4: Friuli-Venezia Giulia,TP_QUIN_EXT: produzione totale - quintali,BARLEY: orzo,ALL: tutte le voci,2026,357840,,,,,C1300: C1300,,,,,,
IT1:101_1015(1.0),A: annuale,ITD4: Friuli-Venezia Giulia,TP_QUIN_EXT: produzione totale - quintali,KIWI: kiwi,ALL: tutte le voci,2024,85374,,,,,F2200: F2200,,,,,,
IT1:101_1015(1.0),A: annuale,ITD4: Friuli-Venezia Giulia,TP_QUIN_EXT: produzione totale - quintali,KIWI: kiwi,ALL: tutte le voci,2025,121940,,,,,F2200: F2200,,,,,,
IT1:101_1015(1.0),A: annuale,ITD4: Friuli-Venezia Giulia,TP_QUIN_EXT: produzione totale - quintali,KIWI: kiwi,ALL: tutte le voci,2026,32760,,,,,F2200: F2200,,,,,,
IT1:101_1015(1.0),A: annuale,ITD4: Friuli-Venezia Giulia,TP_QUIN_EXT: produzione totale - quintali,PEACH: pesca,ALL: tutte le voci,2024,10055,,,,,F1210: F1210,,,,,,
IT1:101_1015(1.0),A: annuale,ITD4: Friuli-Venezia Giulia,TP_QUIN_EXT: produzione totale - quintali,PEACH: pesca,ALL: tutte le voci,2025,9215,,,,,F1210: F1210,,,,,,
IT1:101_1015(1.0),A: annuale,ITD4: Friuli-Venezia Giulia,TP_QUIN_EXT: produzione totale - quintali,PEACH: pesca,ALL: tutte le voci,2026,23092,,,,,F1210: F1210,,,,,,
IT1:101_1015(1.0),A: annuale,ITD4: Friuli-Venezia Giulia,TP_QUIN_EXT: produzione totale - quintali,POTA: patata comune,ALL: tutte le voci,2024,69475,,,,,R1000_II: R1000_II,,,,,,
IT1:101_1015(1.0),A: annuale,ITD4: Friuli-Venezia Giulia,TP_QUIN_EXT: produzione totale - quintali,POTA: patata comune,ALL: tutte le voci,2025,132990,,,,,R1000_II: R1000_II,,,,,,
IT1:101_1015(1.0),A: annuale,ITD4: Friuli-Venezia Giulia,TP_QUIN_EXT: produzione totale - quintali,POTA: patata comune,ALL: tutte le voci,2026,133770,,,,,R1000_II: R1000_II,,,,,,
IT1:101_1015(1.0),A: annuale,ITD4: Friuli-Venezia Giulia,TP_QUIN_EXT: produzione totale - quintali,SUNFLO: girasole,ALL: tutte le voci,2024,52559,,,,,I1120: I1120,,,,,,
IT1:101_1015(1.0),A: annuale,ITD4: Friuli-Venezia Giulia,TP_QUIN_EXT: produzione totale - quintali,SUNFLO: girasole,ALL: tutte le voci,2025,45059,,,,,I1120: I1120,,,,,,
IT1:101_1015(1.0),A: annuale,ITD4: Friuli-Venezia Giulia,TP_QUIN_EXT: produzione totale - quintali,SUNFLO: girasole,ALL: tutte le voci,2026,62335,,,,,I1120: I1120,,,,,,
IT1:101_1015(1.0),A: annuale,ITD5: Emilia-Romagna,ART: superficie totale - ettari,APPLE: mela,ALL: tutte le voci,2024,5241,,,,,F1110: F1110,,,,,,
IT1:101_1015(1.0),A: annuale,ITD5: Emilia-Romagna,ART: superficie totale - ettari,APPLE: mela,ALL: tutte le voci,2025,5092,,,,,F1110: F1110,,,,,,
IT1:101_1015(1.0),A: annuale,ITD5: Emilia-Romagna,ART: superficie totale - ettari,APPLE: mela,ALL: tutte le voci,2026,5068,,,,,F1110: F1110,,,,,,
IT1:101_1015(1.0),A: annuale,ITD5: Emilia-Romagna,ART: superficie totale - ettari,BARLEY: orzo,ALL: tutte le voci,2024,17424,,,,,C1300: C1300,,,,,,
IT1:101_1015(1.0),A: annuale,ITD5: Emilia-Romagna,ART: superficie totale - ettari,BARLEY: orzo,ALL: tutte le voci,2025,14782,,,,,C1300: C1300,,,,,,
IT1:101_1015(1.0),A: annuale,ITD5: Emilia-Romagna,ART: superficie totale - ettari,BARLEY: orzo,ALL: tutte le voci,2026,15611,,,,,C1300: C1300,,,,,,
IT1:101_1015(1.0),A: annuale,ITD5: Emilia-Romagna,ART: superficie totale - ettari,KIWI: kiwi,ALL: tutte le voci,2024,4286,,,,,F2200: F2200,,,,,,
IT1:101_1015(1.0),A: annuale,ITD5: Emilia-Romagna,ART: superficie totale - ettari,KIWI: kiwi,ALL: tutte le voci,2025,4470,,,,,F2200: F2200,,,,,,
IT1:101_1015(1.0),A: annuale,ITD5: Emilia-Romagna,ART: superficie totale - ettari,KIWI: kiwi,ALL: tutte le voci,2026,4491,,,,,F2200: F2200,,,,,,
IT1:101_1015(1.0),A: annuale,ITD5: Emilia-Romagna,ART: superficie totale - ettari,PEACH: pesca,ALL: tutte le voci,2024,2437,,,,,F1210: F1210,,,,,,
IT1:101_1015(1.0),A: annuale,ITD5: Emilia-Romagna,ART: superficie totale - ettari,PEACH: pesca,ALL: tutte le voci,2025,2218,,,,,F1210: F1210,,,,,,
IT1:101_1015(1.0),A: annuale,ITD5: Emilia-Romagna,ART: superficie totale - ettari,PEACH: pesca,ALL: tutte le voci,2026,2104,,,,,F1210: F1210,,,,,,
IT1:101_1015(1.0),A: annuale,ITD5: Emilia-Romagna,ART: superficie totale - ettari,POTA: patata comune,ALL: tutte le voci,2024,3879,,,,,R1000_II: R1000_II,,,,,,
IT1:101_1015(1.0),A: annuale,ITD5: Emilia-Romagna,ART: superficie totale - ettari,POTA: patata comune,ALL: tutte le voci,2025,3817,,,,,R1000_II: R1000_II,,,,,,
IT1:101_1015(1.0),A: annuale,ITD5: Emilia-Romagna,ART: superficie totale - ettari,POTA: patata comune,ALL: tutte le voci,2026,3512,,,,,R1000_II: R1000_II,,,,,,
IT1:101_1015(1.0),A: annuale,ITD5: Emilia-Romagna,ART: superficie totale - ettari,SUNFLO: girasole,ALL: tutte le voci,2024,15131,,,,,I1120: I1120,,,,,,
IT1:101_1015(1.0),A: annuale,ITD5: Emilia-Romagna,ART: superficie totale - ettari,SUNFLO: girasole,ALL: tutte le voci,2025,16800,,,,,I1120: I1120,,,,,,
IT1:101_1015(1.0),A: annuale,ITD5: Emilia-Romagna,ART: superficie totale - ettari,SUNFLO: girasole,ALL: tutte le voci,2026,17245,,,,,I1120: I1120,,,,,,
IT1:101_1015(1.0),A: annuale,ITD5: Emilia-Romagna,HP_Q_EXT: produzione raccolta - quintali,APPLE: mela,ALL: tutte le voci,2024,1842245,,,,"TIPO_DATO5__HP_Q_EXT_N1: Per tutte le coltivazioni foraggere temporanee e permanenti, a partire dal 2020 i valori di produzione sono espressi in quintali;<br />Dal 2020 sono diffusi i valori di produzione raccolta in quanto necessari per il calcolo della resa. <br />La serie storica e di conseguenza l'attendibilità dei dati diffusi negli anni precedenti non vengono compromessi perché, per le foraggere, i valori di produzione totale e raccolta coincidono.",F1110: F1110,,,,,,
IT1:101_1015(1.0),A: annuale,ITD5: Emilia-Romagna,HP_Q_EXT: produzione raccolta - quintali,APPLE: mela,ALL: tutte le voci,2025,1840961,,,,"TIPO_DATO5__HP_Q_EXT_N1: Per tutte le coltivazioni foraggere temporanee e permanenti, a partire dal 2020 i valori di produzione sono espressi in quintali;<br />Dal 2020 sono diffusi i valori di produzione raccolta in quanto necessari per il calcolo della resa. <br />La serie storica e di conseguenza l'attendibilità dei dati diffusi negli anni precedenti non vengono compromessi perché, per le foraggere, i valori di produzione totale e raccolta coincidono.",F1110: F1110,,,,,,
IT1:101_1015(1.0),A: annuale,ITD5: Emilia-Romagna,HP_Q_EXT: produzione raccolta - quintali,APPLE: mela,ALL: tutte le voci,2026,1920445,,,,"TIPO_DATO5__HP_Q_EXT_N1: Per tutte le coltivazioni foraggere temporanee e permanenti, a partire dal 2020 i valori di produzione sono espressi in quintali;<br />Dal 2020 sono diffusi i valori di produzione raccolta in quanto necessari per il calcolo della resa. <br />La serie storica e di conseguenza l'attendibilità dei dati diffusi negli anni precedenti non vengono compromessi perché, per le foraggere, i valori di produzione totale e raccolta coincidono.",F1110: F1110,,,,,,
IT1:101_1015(1.0),A: annuale,ITD5: Emilia-Romagna,HP_Q_EXT: produzione raccolta - quintali,BARLEY: orzo,ALL: tutte le voci,2024,859914,,,,"TIPO_DATO5__HP_Q_EXT_N1: Per tutte le coltivazioni foraggere temporanee e permanenti, a partire dal 2020 i valori di produzione sono espressi in quintali;<br />Dal 2020 sono diffusi i valori di produzione raccolta in quanto necessari per il calcolo della resa. <br />La serie storica e di conseguenza l'attendibilità dei dati diffusi negli anni precedenti non vengono compromessi perché, per le foraggere, i valori di produzione totale e raccolta coincidono.",C1300: C1300,,,,,,
IT1:101_1015(1.0),A: annuale,ITD5: Emilia-Romagna,HP_Q_EXT: produzione raccolta - quintali,BARLEY: orzo,ALL: tutte le voci,2025,704648,,,,"TIPO_DATO5__HP_Q_EXT_N1: Per tutte le coltivazioni foraggere temporanee e permanenti, a partire dal 2020 i valori di produzione sono espressi in quintali;<br />Dal 2020 sono diffusi i valori di produzione raccolta in quanto necessari per il calcolo della resa. <br />La serie storica e di conseguenza l'attendibilità dei dati diffusi negli anni precedenti non vengono compromessi perché, per le foraggere, i valori di produzione totale e raccolta coincidono.",C1300: C1300,,,,,,
IT1:101_1015(1.0),A: annuale,ITD5: Emilia-Romagna,HP_Q_EXT: produzione raccolta - quintali,BARLEY: orzo,ALL: tutte le voci,2026,952032,,,,"TIPO_DATO5__HP_Q_EXT_N1: Per tutte le coltivazioni foraggere temporanee e permanenti, a partire dal 2020 i valori di produzione sono espressi in quintali;<br />Dal 2020 sono diffusi i valori di produzione raccolta in quanto necessari per il calcolo della resa. <br />La serie storica e di conseguenza l'attendibilità dei dati diffusi negli anni precedenti non vengono compromessi perché, per le foraggere, i valori di produzione totale e raccolta coincidono.",C1300: C1300,,,,,,
IT1:101_1015(1.0),A: annuale,ITD5: Emilia-Romagna,HP_Q_EXT: produzione raccolta - quintali,KIWI: kiwi,ALL: tutte le voci,2024,707664,,,,"TIPO_DATO5__HP_Q_EXT_N1: Per tutte le coltivazioni foraggere temporanee e permanenti, a partire dal 2020 i valori di produzione sono espressi in quintali;<br />Dal 2020 sono diffusi i valori di produzione raccolta in quanto necessari per il calcolo della resa. <br />La serie storica e di conseguenza l'attendibilità dei dati diffusi negli anni precedenti non vengono compromessi perché, per le foraggere, i valori di produzione totale e raccolta coincidono.",F2200: F2200,,,,,,
IT1:101_1015(1.0),A: annuale,ITD5: Emilia-Romagna,HP_Q_EXT: produzione raccolta - quintali,KIWI: kiwi,ALL: tutte le voci,2025,757312,,,,"TIPO_DATO5__HP_Q_EXT_N1: Per tutte le coltivazioni foraggere temporanee e permanenti, a partire dal 2020 i valori di produzione sono espressi in quintali;<br />Dal 2020 sono diffusi i valori di produzione raccolta in quanto necessari per il calcolo della resa. <br />La serie storica e di conseguenza l'attendibilità dei dati diffusi negli anni precedenti non vengono compromessi perché, per le foraggere, i valori di produzione totale e raccolta coincidono.",F2200: F2200,,,,,,
IT1:101_1015(1.0),A: annuale,ITD5: Emilia-Romagna,HP_Q_EXT: produzione raccolta - quintali,KIWI: kiwi,ALL: tutte le voci,2026,763910,,,,"TIPO_DATO5__HP_Q_EXT_N1: Per tutte le coltivazioni foraggere temporanee e permanenti, a partire dal 2020 i valori di produzione sono espressi in quintali;<br />Dal 2020 sono diffusi i valori di produzione raccolta in quanto necessari per il calcolo della resa. <br />La serie storica e di conseguenza l'attendibilità dei dati diffusi negli anni precedenti non vengono compromessi perché, per le foraggere, i valori di produzione totale e raccolta coincidono.",F2200: F2200,,,,,,
IT1:101_1015(1.0),A: annuale,ITD5: Emilia-Romagna,HP_Q_EXT: produzione raccolta - quintali,PEACH: pesca,ALL: tutte le voci,2024,528882,,,,"TIPO_DATO5__HP_Q_EXT_N1: Per tutte le coltivazioni foraggere temporanee e permanenti, a partire dal 2020 i valori di produzione sono espressi in quintali;<br />Dal 2020 sono diffusi i valori di produzione raccolta in quanto necessari per il calcolo della resa. <br />La serie storica e di conseguenza l'attendibilità dei dati diffusi negli anni precedenti non vengono compromessi perché, per le foraggere, i valori di produzione totale e raccolta coincidono.",F1210: F1210,,,,,,
IT1:101_1015(1.0),A: annuale,ITD5: Emilia-Romagna,HP_Q_EXT: produzione raccolta - quintali,PEACH: pesca,ALL: tutte le voci,2025,467302,,,,"TIPO_DATO5__HP_Q_EXT_N1: Per tutte le coltivazioni foraggere temporanee e permanenti, a partire dal 2020 i valori di produzione sono espressi in quintali;<br />Dal 2020 sono diffusi i valori di produzione raccolta in quanto necessari per il calcolo della resa. <br />La serie storica e di conseguenza l'attendibilità dei dati diffusi negli anni precedenti non vengono compromessi perché, per le foraggere, i valori di produzione totale e raccolta coincidono.",F1210: F1210,,,,,,
IT1:101_1015(1.0),A: annuale,ITD5: Emilia-Romagna,HP_Q_EXT: produzione raccolta - quintali,PEACH: pesca,ALL: tutte le voci,2026,480275,,,,"TIPO_DATO5__HP_Q_EXT_N1: Per tutte le coltivazioni foraggere temporanee e permanenti, a partire dal 2020 i valori di produzione sono espressi in quintali;<br />Dal 2020 sono diffusi i valori di produzione raccolta in quanto necessari per il calcolo della resa. <br />La serie storica e di conseguenza l'attendibilità dei dati diffusi negli anni precedenti non vengono compromessi perché, per le foraggere, i valori di produzione totale e raccolta coincidono.",F1210: F1210,,,,,,
IT1:101_1015(1.0),A: annuale,ITD5: Emilia-Romagna,HP_Q_EXT: produzione raccolta - quintali,POTA: patata comune,ALL: tutte le voci,2024,1626345,,,,"TIPO_DATO5__HP_Q_EXT_N1: Per tutte le coltivazioni foraggere temporanee e permanenti, a partire dal 2020 i valori di produzione sono espressi in quintali;<br />Dal 2020 sono diffusi i valori di produzione raccolta in quanto necessari per il calcolo della resa. <br />La serie storica e di conseguenza l'attendibilità dei dati diffusi negli anni precedenti non vengono compromessi perché, per le foraggere, i valori di produzione totale e raccolta coincidono.",R1000_II: R1000_II,,,,,,
IT1:101_1015(1.0),A: annuale,ITD5: Emilia-Romagna,HP_Q_EXT: produzione raccolta - quintali,POTA: patata comune,ALL: tutte le voci,2025,1311742,,,,"TIPO_DATO5__HP_Q_EXT_N1: Per tutte le coltivazioni foraggere temporanee e permanenti, a partire dal 2020 i valori di produzione sono espressi in quintali;<br />Dal 2020 sono diffusi i valori di produzione raccolta in quanto necessari per il calcolo della resa. <br />La serie storica e di conseguenza l'attendibilità dei dati diffusi negli anni precedenti non vengono compromessi perché, per le foraggere, i valori di produzione totale e raccolta coincidono.",R1000_II: R1000_II,,,,,,
IT1:101_1015(1.0),A: annuale,ITD5: Emilia-Romagna,HP_Q_EXT: produzione raccolta - quintali,POTA: patata comune,ALL: tutte le voci,2026,1394802,,,,"TIPO_DATO5__HP_Q_EXT_N1: Per tutte le coltivazioni foraggere temporanee e permanenti, a partire dal 2020 i valori di produzione sono espressi in quintali;<br />Dal 2020 sono diffusi i valori di produzione raccolta in quanto necessari per il calcolo della resa. <br />La serie storica e di conseguenza l'attendibilità dei dati diffusi negli anni precedenti non vengono compromessi perché, per le foraggere, i valori di produzione totale e raccolta coincidono.",R1000_II: R1000_II,,,,,,
IT1:101_1015(1.0),A: annuale,ITD5: Emilia-Romagna,HP_Q_EXT: produzione raccolta - quintali,SUNFLO: girasole,ALL: tutte le voci,2024,450030,,,,"TIPO_DATO5__HP_Q_EXT_N1: Per tutte le coltivazioni foraggere temporanee e permanenti, a partire dal 2020 i valori di produzione sono espressi in quintali;<br />Dal 2020 sono diffusi i valori di produzione raccolta in quanto necessari per il calcolo della resa. <br />La serie storica e di conseguenza l'attendibilità dei dati diffusi negli anni precedenti non vengono compromessi perché, per le foraggere, i valori di produzione totale e raccolta coincidono.",I1120: I1120,,,,,,
IT1:101_1015(1.0),A: annuale,ITD5: Emilia-Romagna,HP_Q_EXT: produzione raccolta - quintali,SUNFLO: girasole,ALL: tutte le voci,2025,485888,,,,"TIPO_DATO5__HP_Q_EXT_N1: Per tutte le coltivazioni foraggere temporanee e permanenti, a partire dal 2020 i valori di produzione sono espressi in quintali;<br />Dal 2020 sono diffusi i valori di produzione raccolta in quanto necessari per il calcolo della resa. <br />La serie storica e di conseguenza l'attendibilità dei dati diffusi negli anni precedenti non vengono compromessi perché, per le foraggere, i valori di produzione totale e raccolta coincidono.",I1120: I1120,,,,,,
IT1:101_1015(1.0),A: annuale,ITD5: Emilia-Romagna,HP_Q_EXT: produzione raccolta - quintali,SUNFLO: girasole,ALL: tutte le voci,2026,542271,,,,"TIPO_DATO5__HP_Q_EXT_N1: Per tutte le coltivazioni foraggere temporanee e permanenti, a partire dal 2020 i valori di produzione sono espressi in quintali;<br />Dal 2020 sono diffusi i valori di produzione raccolta in quanto necessari per il calcolo della resa. <br />La serie storica e di conseguenza l'attendibilità dei dati diffusi negli anni precedenti non vengono compromessi perché, per le foraggere, i valori di produzione totale e raccolta coincidono.",I1120: I1120,,,,,,
IT1:101_1015(1.0),A: annuale,ITD5: Emilia-Romagna,TP_QUIN_EXT: produzione totale - quintali,APPLE: mela,ALL: tutte le voci,2024,1842245,,,,,F1110: F1110,,,,,,
IT1:101_1015(1.0),A: annuale,ITD5: Emilia-Romagna,TP_QUIN_EXT: produzione totale - quintali,APPLE: mela,ALL: tutte le voci,2025,1840961,,,,,F1110: F1110,,,,,,
IT1:101_1015(1.0),A: annuale,ITD5: Emilia-Romagna,TP_QUIN_EXT: produzione totale - quintali,APPLE: mela,ALL: tutte le voci,2026,1920445,,,,,F1110: F1110,,,,,,
IT1:101_1015(1.0),A: annuale,ITD5: Emilia-Romagna,TP_QUIN_EXT: produzione totale - quintali,BARLEY: orzo,ALL: tutte le voci,2024,868845,,,,,C1300: C1300,,,,,,
IT1:101_1015(1.0),A: annuale,ITD5: Emilia-Romagna,TP_QUIN_EXT: produzione totale - quintali,BARLEY: orzo,ALL: tutte le voci,2025,704648,,,,,C1300: C1300,,,,,,
IT1:101_1015(1.0),A: annuale,ITD5: Emilia-Romagna,TP_QUIN_EXT: produzione totale - quintali,BARLEY: orzo,ALL: tutte le voci,2026,952032,,,,,C1300: C1300,,,,,,
IT1:101_1015(1.0),A: annuale,ITD5: Emilia-Romagna,TP_QUIN_EXT: produzione totale - quintali,KIWI: kiwi,ALL: tutte le voci,2024,707664,,,,,F2200: F2200,,,,,,
IT1:101_1015(1.0),A: annuale,ITD5: Emilia-Romagna,TP_QUIN_EXT: produzione totale - quintali,KIWI: kiwi,ALL: tutte le voci,2025,757312,,,,,F2200: F2200,,,,,,
IT1:101_1015(1.0),A: annuale,ITD5: Emilia-Romagna,TP_QUIN_EXT: produzione totale - quintali,KIWI: kiwi,ALL: tutte le voci,2026,763910,,,,,F2200: F2200,,,,,,
IT1:101_1015(1.0),A: annuale,ITD5: Emilia-Romagna,TP_QUIN_EXT: produzione totale - quintali,PEACH: pesca,ALL: tutte le voci,2024,528882,,,,,F1210: F1210,,,,,,
IT1:101_1015(1.0),A: annuale,ITD5: Emilia-Romagna,TP_QUIN_EXT: produzione totale - quintali,PEACH: pesca,ALL: tutte le voci,2025,467302,,,,,F1210: F1210,,,,,,
IT1:101_1015(1.0),A: annuale,ITD5: Emilia-Romagna,TP_QUIN_EXT: produzione totale - quintali,PEACH: pesca,ALL: tutte le voci,2026,480275,,,,,F1210: F1210,,,,,,
IT1:101_1015(1.0),A: annuale,ITD5: Emilia-Romagna,TP_QUIN_EXT: produzione totale - quintali,POTA: patata comune,ALL: tutte le voci,2024,1626345,,,,,R1000_II: R1000_II,,,,,,
IT1:101_1015(1.0),A: annuale,ITD5: Emilia-Romagna,TP_QUIN_EXT: produzione totale - quintali,POTA: patata comune,ALL: tutte le voci,2025,1311742,,,,,R1000_II: R1000_II,,,,,,
IT1:101_1015(1.0),A: annuale,ITD5: Emilia-Romagna,TP_QUIN_EXT: produzione totale - quintali,POTA: patata comune,ALL: tutte le voci,2026,1394802,,,,,R1000_II: R1000_II,,,,,,
IT1:101_1015(1.0),A: annuale,ITD5: Emilia-Romagna,TP_QUIN_EXT: produzione totale - quintali,SUNFLO: girasole,ALL: tutte le voci,2024,450030,,,,,I1120: I1120,,,,,,
IT1:101_1015(1.0),A: annuale,ITD5: Emilia-Romagna,TP_QUIN_EXT: produzione totale - quintali,SUNFLO: girasole,ALL: tutte le voci,2025,485888,,,,,I1120: I1120,,,,,,
IT1:101_1015(1.0),A: annuale,ITD5: Emilia-Romagna,TP_QUIN_EXT: produzione totale - quintali,SUNFLO: girasole,ALL: tutte le voci,2026,542271,,,,,I1120: I1120,,,,,,
IT1:101_1015(1.0),A: annuale,ITDA: Trentino Alto Adige / Südtirol,ART: superficie totale - ettari,APPLE: mela,ALL: tutte le voci,2024,27255,,,,,F1110: F1110,,,,,,
IT1:101_1015(1.0),A: annuale,ITDA: Trentino Alto Adige / Südtirol,ART: superficie totale - ettari,APPLE: mela,ALL: tutte le voci,2025,27309,,,,,F1110: F1110,,,,,,
IT1:101_1015(1.0),A: annuale,ITDA: Trentino Alto Adige / Südtirol,ART: superficie totale - ettari,APPLE: mela,ALL: tutte le voci,2026,27266,,,,,F1110: F1110,,,,,,
IT1:101_1015(1.0),A: annuale,ITDA: Trentino Alto Adige / Südtirol,ART: superficie totale - ettari,BARLEY: orzo,ALL: tutte le voci,2024,54,,,,,C1300: C1300,,,,,,
IT1:101_1015(1.0),A: annuale,ITDA: Trentino Alto Adige / Südtirol,ART: superficie totale - ettari,BARLEY: orzo,ALL: tutte le voci,2025,46,,,,,C1300: C1300,,,,,,
IT1:101_1015(1.0),A: annuale,ITDA: Trentino Alto Adige / Südtirol,ART: superficie totale - ettari,BARLEY: orzo,ALL: tutte le voci,2026,40,,,,,C1300: C1300,,,,,,
IT1:101_1015(1.0),A: annuale,ITDA: Trentino Alto Adige / Südtirol,ART: superficie totale - ettari,KIWI: kiwi,ALL: tutte le voci,2024,54,,,,,F2200: F2200,,,,,,
IT1:101_1015(1.0),A: annuale,ITDA: Trentino Alto Adige / Südtirol,ART: superficie totale - ettari,KIWI: kiwi,ALL: tutte le voci,2025,54,,,,,F2200: F2200,,,,,,
IT1:101_1015(1.0),A: annuale,ITDA: Trentino Alto Adige / Südtirol,ART: superficie totale - ettari,KIWI: kiwi,ALL: tutte le voci,2026,64,,,,,F2200: F2200,,,,,,
IT1:101_1015(1.0),A: annuale,ITDA: Trentino Alto Adige / Südtirol,ART: superficie totale - ettari,PEACH: pesca,ALL: tutte le voci,2024,6,,,,,F1210: F1210,,,,,,
IT1:101_1015(1.0),A: annuale,ITDA: Trentino Alto Adige / Südtirol,ART: superficie totale - ettari,PEACH: pesca,ALL: tutte le voci,2025,6,,,,,F1210: F1210,,,,,,
IT1:101_1015(1.0),A: annuale,ITDA: Trentino Alto Adige / Südtirol,ART: superficie totale - ettari,PEACH: pesca,ALL: tutte le voci,2026,5,,,,,F1210: F1210,,,,,,
IT1:101_1015(1.0),A: annuale,ITDA: Trentino Alto Adige / Südtirol,ART: superficie totale - ettari,POTA: patata comune,ALL: tutte le voci,2024,630,,,,,R1000_II: R1000_II,,,,,,
IT1:101_1015(1.0),A: annuale,ITDA: Trentino Alto Adige / Südtirol,ART: superficie totale - ettari,POTA: patata comune,ALL: tutte le voci,2025,614,,,,,R1000_II: R1000_II,,,,,,
IT1:101_1015(1.0),A: annuale,ITDA: Trentino Alto Adige / Südtirol,ART: superficie totale - ettari,POTA: patata comune,ALL: tutte le voci,2026,603,,,,,R1000_II: R1000_II,,,,,,
IT1:101_1015(1.0),A: annuale,ITDA: Trentino Alto Adige / Südtirol,HP_Q_EXT: produzione raccolta - quintali,APPLE: mela,ALL: tutte le voci,2024,15186040,,,,"TIPO_DATO5__HP_Q_EXT_N1: Per tutte le coltivazioni foraggere temporanee e permanenti, a partire dal 2020 i valori di produzione sono espressi in quintali;<br />Dal 2020 sono diffusi i valori di produzione raccolta in quanto necessari per il calcolo della resa. <br />La serie storica e di conseguenza l'attendibilità dei dati diffusi negli anni precedenti non vengono compromessi perché, per le foraggere, i valori di produzione totale e raccolta coincidono.",F1110: F1110,,,,,,
IT1:101_1015(1.0),A: annuale,ITDA: Trentino Alto Adige / Südtirol,HP_Q_EXT: produzione raccolta - quintali,APPLE: mela,ALL: tutte le voci,2025,15347510,,,,"TIPO_DATO5__HP_Q_EXT_N1: Per tutte le coltivazioni foraggere temporanee e permanenti, a partire dal 2020 i valori di produzione sono espressi in quintali;<br />Dal 2020 sono diffusi i valori di produzione raccolta in quanto necessari per il calcolo della resa. <br />La serie storica e di conseguenza l'attendibilità dei dati diffusi negli anni precedenti non vengono compromessi perché, per le foraggere, i valori di produzione totale e raccolta coincidono.",F1110: F1110,,,,,,
IT1:101_1015(1.0),A: annuale,ITDA: Trentino Alto Adige / Südtirol,HP_Q_EXT: produzione raccolta - quintali,APPLE: mela,ALL: tutte le voci,2026,15191600,,,,"TIPO_DATO5__HP_Q_EXT_N1: Per tutte le coltivazioni foraggere temporanee e permanenti, a partire dal 2020 i valori di produzione sono espressi in quintali;<br />Dal 2020 sono diffusi i valori di produzione raccolta in quanto necessari per il calcolo della resa. <br />La serie storica e di conseguenza l'attendibilità dei dati diffusi negli anni precedenti non vengono compromessi perché, per le foraggere, i valori di produzione totale e raccolta coincidono.",F1110: F1110,,,,,,
IT1:101_1015(1.0),A: annuale,ITDA: Trentino Alto Adige / Südtirol,HP_Q_EXT: produzione raccolta - quintali,BARLEY: orzo,ALL: tutte le voci,2024,2000,,,,"TIPO_DATO5__HP_Q_EXT_N1: Per tutte le coltivazioni foraggere temporanee e permanenti, a partire dal 2020 i valori di produzione sono espressi in quintali;<br />Dal 2020 sono diffusi i valori di produzione raccolta in quanto necessari per il calcolo della resa. <br />La serie storica e di conseguenza l'attendibilità dei dati diffusi negli anni precedenti non vengono compromessi perché, per le foraggere, i valori di produzione totale e raccolta coincidono.",C1300: C1300,,,,,,
IT1:101_1015(1.0),A: annuale,ITDA: Trentino Alto Adige / Südtirol,HP_Q_EXT: produzione raccolta - quintali,BARLEY: orzo,ALL: tutte le voci,2025,1620,,,,"TIPO_DATO5__HP_Q_EXT_N1: Per tutte le coltivazioni foraggere temporanee e permanenti, a partire dal 2020 i valori di produzione sono espressi in quintali;<br />Dal 2020 sono diffusi i valori di produzione raccolta in quanto necessari per il calcolo della resa. <br />La serie storica e di conseguenza l'attendibilità dei dati diffusi negli anni precedenti non vengono compromessi perché, per le foraggere, i valori di produzione totale e raccolta coincidono.",C1300: C1300,,,,,,
IT1:101_1015(1.0),A: annuale,ITDA: Trentino Alto Adige / Südtirol,HP_Q_EXT: produzione raccolta - quintali,BARLEY: orzo,ALL: tutte le voci,2026,1425,,,,"TIPO_DATO5__HP_Q_EXT_N1: Per tutte le coltivazioni foraggere temporanee e permanenti, a partire dal 2020 i valori di produzione sono espressi in quintali;<br />Dal 2020 sono diffusi i valori di produzione raccolta in quanto necessari per il calcolo della resa. <br />La serie storica e di conseguenza l'attendibilità dei dati diffusi negli anni precedenti non vengono compromessi perché, per le foraggere, i valori di produzione totale e raccolta coincidono.",C1300: C1300,,,,,,
IT1:101_1015(1.0),A: annuale,ITDA: Trentino Alto Adige / Südtirol,HP_Q_EXT: produzione raccolta - quintali,KIWI: kiwi,ALL: tutte le voci,2024,11590,,,,"TIPO_DATO5__HP_Q_EXT_N1: Per tutte le coltivazioni foraggere temporanee e permanenti, a partire dal 2020 i valori di produzione sono espressi in quintali;<br />Dal 2020 sono diffusi i valori di produzione raccolta in quanto necessari per il calcolo della resa. <br />La serie storica e di conseguenza l'attendibilità dei dati diffusi negli anni precedenti non vengono compromessi perché, per le foraggere, i valori di produzione totale e raccolta coincidono.",F2200: F2200,,,,,,
IT1:101_1015(1.0),A: annuale,ITDA: Trentino Alto Adige / Südtirol,HP_Q_EXT: produzione raccolta - quintali,KIWI: kiwi,ALL: tutte le voci,2025,11590,,,,"TIPO_DATO5__HP_Q_EXT_N1: Per tutte le coltivazioni foraggere temporanee e permanenti, a partire dal 2020 i valori di produzione sono espressi in quintali;<br />Dal 2020 sono diffusi i valori di produzione raccolta in quanto necessari per il calcolo della resa. <br />La serie storica e di conseguenza l'attendibilità dei dati diffusi negli anni precedenti non vengono compromessi perché, per le foraggere, i valori di produzione totale e raccolta coincidono.",F2200: F2200,,,,,,
IT1:101_1015(1.0),A: annuale,ITDA: Trentino Alto Adige / Südtirol,HP_Q_EXT: produzione raccolta - quintali,KIWI: kiwi,ALL: tutte le voci,2026,14400,,,,"TIPO_DATO5__HP_Q_EXT_N1: Per tutte le coltivazioni foraggere temporanee e permanenti, a partire dal 2020 i valori di produzione sono espressi in quintali;<br />Dal 2020 sono diffusi i valori di produzione raccolta in quanto necessari per il calcolo della resa. <br />La serie storica e di conseguenza l'attendibilità dei dati diffusi negli anni precedenti non vengono compromessi perché, per le foraggere, i valori di produzione totale e raccolta coincidono.",F2200: F2200,,,,,,
IT1:101_1015(1.0),A: annuale,ITDA: Trentino Alto Adige / Südtirol,HP_Q_EXT: produzione raccolta - quintali,PEACH: pesca,ALL: tutte le voci,2024,500,,,,"TIPO_DATO5__HP_Q_EXT_N1: Per tutte le coltivazioni foraggere temporanee e permanenti, a partire dal 2020 i valori di produzione sono espressi in quintali;<br />Dal 2020 sono diffusi i valori di produzione raccolta in quanto necessari per il calcolo della resa. <br />La serie storica e di conseguenza l'attendibilità dei dati diffusi negli anni precedenti non vengono compromessi perché, per le foraggere, i valori di produzione totale e raccolta coincidono.",F1210: F1210,,,,,,
IT1:101_1015(1.0),A: annuale,ITDA: Trentino Alto Adige / Südtirol,HP_Q_EXT: produzione raccolta - quintali,PEACH: pesca,ALL: tutte le voci,2025,500,,,,"TIPO_DATO5__HP_Q_EXT_N1: Per tutte le coltivazioni foraggere temporanee e permanenti, a partire dal 2020 i valori di produzione sono espressi in quintali;<br />Dal 2020 sono diffusi i valori di produzione raccolta in quanto necessari per il calcolo della resa. <br />La serie storica e di conseguenza l'attendibilità dei dati diffusi negli anni precedenti non vengono compromessi perché, per le foraggere, i valori di produzione totale e raccolta coincidono.",F1210: F1210,,,,,,
IT1:101_1015(1.0),A: annuale,ITDA: Trentino Alto Adige / Südtirol,HP_Q_EXT: produzione raccolta - quintali,PEACH: pesca,ALL: tutte le voci,2026,580,,,,"TIPO_DATO5__HP_Q_EXT_N1: Per tutte le coltivazioni foraggere temporanee e permanenti, a partire dal 2020 i valori di produzione sono espressi in quintali;<br />Dal 2020 sono diffusi i valori di produzione raccolta in quanto necessari per il calcolo della resa. <br />La serie storica e di conseguenza l'attendibilità dei dati diffusi negli anni precedenti non vengono compromessi perché, per le foraggere, i valori di produzione totale e raccolta coincidono.",F1210: F1210,,,,,,
IT1:101_1015(1.0),A: annuale,ITDA: Trentino Alto Adige / Südtirol,HP_Q_EXT: produzione raccolta - quintali,POTA: patata comune,ALL: tutte le voci,2024,160800,,,,"TIPO_DATO5__HP_Q_EXT_N1: Per tutte le coltivazioni foraggere temporanee e permanenti, a partire dal 2020 i valori di produzione sono espressi in quintali;<br />Dal 2020 sono diffusi i valori di produzione raccolta in quanto necessari per il calcolo della resa. <br />La serie storica e di conseguenza l'attendibilità dei dati diffusi negli anni precedenti non vengono compromessi perché, per le foraggere, i valori di produzione totale e raccolta coincidono.",R1000_II: R1000_II,,,,,,
IT1:101_1015(1.0),A: annuale,ITDA: Trentino Alto Adige / Südtirol,HP_Q_EXT: produzione raccolta - quintali,POTA: patata comune,ALL: tutte le voci,2025,140250,,,,"TIPO_DATO5__HP_Q_EXT_N1: Per tutte le coltivazioni foraggere temporanee e permanenti, a partire dal 2020 i valori di produzione sono espressi in quintali;<br />Dal 2020 sono diffusi i valori di produzione raccolta in quanto necessari per il calcolo della resa. <br />La serie storica e di conseguenza l'attendibilità dei dati diffusi negli anni precedenti non vengono compromessi perché, per le foraggere, i valori di produzione totale e raccolta coincidono.",R1000_II: R1000_II,,,,,,
IT1:101_1015(1.0),A: annuale,ITDA: Trentino Alto Adige / Südtirol,HP_Q_EXT: produzione raccolta - quintali,POTA: patata comune,ALL: tutte le voci,2026,157955,,,,"TIPO_DATO5__HP_Q_EXT_N1: Per tutte le coltivazioni foraggere temporanee e permanenti, a partire dal 2020 i valori di produzione sono espressi in quintali;<br />Dal 2020 sono diffusi i valori di produzione raccolta in quanto necessari per il calcolo della resa. <br />La serie storica e di conseguenza l'attendibilità dei dati diffusi negli anni precedenti non vengono compromessi perché, per le foraggere, i valori di produzione totale e raccolta coincidono.",R1000_II: R1000_II,,,,,,
IT1:101_1015(1.0),A: annuale,ITDA: Trentino Alto Adige / Südtirol,TP_QUIN_EXT: produzione totale - quintali,APPLE: mela,ALL: tutte le voci,2024,15186040,,,,,F1110: F1110,,,,,,
IT1:101_1015(1.0),A: annuale,ITDA: Trentino Alto Adige / Südtirol,TP_QUIN_EXT: produzione totale - quintali,APPLE: mela,ALL: tutte le voci,2025,15347510,,,,,F1110: F1110,,,,,,
IT1:101_1015(1.0),A: annuale,ITDA: Trentino Alto Adige / Südtirol,TP_QUIN_EXT: produzione totale - quintali,APPLE: mela,ALL: tutte le voci,2026,15191600,,,,,F1110: F1110,,,,,,
IT1:101_1015(1.0),A: annuale,ITDA: Trentino Alto Adige / Südtirol,TP_QUIN_EXT: produzione totale - quintali,BARLEY: orzo,ALL: tutte le voci,2024,2000,,,,,C1300: C1300,,,,,,
IT1:101_1015(1.0),A: annuale,ITDA: Trentino Alto Adige / Südtirol,TP_QUIN_EXT: produzione totale - quintali,BARLEY: orzo,ALL: tutte le voci,2025,1620,,,,,C1300: C1300,,,,,,
IT1:101_1015(1.0),A: annuale,ITDA: Trentino Alto Adige / Südtirol,TP_QUIN_EXT: produzione totale - quintali,BARLEY: orzo,ALL: tutte le voci,2026,1425,,,,,C1300: C1300,,,,,,
IT1:101_1015(1.0),A: annuale,ITDA: Trentino Alto Adige / Südtirol,TP_QUIN_EXT: produzione totale - quintali,KIWI: kiwi,ALL: tutte le voci,2024,11590,,,,,F2200: F2200,,,,,,
IT1:101_1015(1.0),A: annuale,ITDA: Trentino Alto Adige / Südtirol,TP_QUIN_EXT: produzione totale - quintali,KIWI: kiwi,ALL: tutte le voci,2025,11590,,,,,F2200: F2200,,,,,,
IT1:101_1015(1.0),A: annuale,ITDA: Trentino Alto Adige / Südtirol,TP_QUIN_EXT: produzione totale - quintali,KIWI: kiwi,ALL: tutte le voci,2026,14400,,,,,F2200: F2200,,,,,,
IT1:101_1015(1.0),A: annuale,ITDA: Trentino Alto Adige / Südtirol,TP_QUIN_EXT: produzione totale - quintali,PEACH: pesca,ALL: tutte le voci,2024,500,,,,,F1210: F1210,,,,,,
IT1:101_1015(1.0),A: annuale,ITDA: Trentino Alto Adige / Südtirol,TP_QUIN_EXT: produzione totale - quintali,PEACH: pesca,ALL: tutte le voci,2025,500,,,,,F1210: F1210,,,,,,
IT1:101_1015(1.0),A: annuale,ITDA: Trentino Alto Adige / Südtirol,TP_QUIN_EXT: produzione totale - quintali,PEACH: pesca,ALL: tutte le voci,2026,580,,,,,F1210: F1210,,,,,,
IT1:101_1015(1.0),A: annuale,ITDA: Trentino Alto Adige / Südtirol,TP_QUIN_EXT: produzione totale - quintali,POTA: patata comune,ALL: tutte le voci,2024,160800,,,,,R1000_II: R1000_II,,,,,,
IT1:101_1015(1.0),A: annuale,ITDA: Trentino Alto Adige / Südtirol,TP_QUIN_EXT: produzione totale - quintali,POTA: patata comune,ALL: tutte le voci,2025,140250,,,,,R1000_II: R1000_II,,,,,,
IT1:101_1015(1.0),A: annuale,ITDA: Trentino Alto Adige / Südtirol,TP_QUIN_EXT: produzione totale - quintali,POTA: patata comune,ALL: tutte le voci,2026,157955,,,,,R1000_II: R1000_II,,,,,,
IT1:101_1015(1.0),A: annuale,ITE1: Toscana,ART: superficie totale - ettari,APPLE: mela,ALL: tutte le voci,2024,689,,,,,F1110: F1110,,,,,,
IT1:101_1015(1.0),A: annuale,ITE1: Toscana,ART: superficie totale - ettari,APPLE: mela,ALL: tutte le voci,2025,697,,,,,F1110: F1110,,,,,,
IT1:101_1015(1.0),A: annuale,ITE1: Toscana,ART: superficie totale - ettari,APPLE: mela,ALL: tutte le voci,2026,700,,,,,F1110: F1110,,,,,,
IT1:101_1015(1.0),A: annuale,ITE1: Toscana,ART: superficie totale - ettari,BARLEY: orzo,ALL: tutte le voci,2024,14861,,,,,C1300: C1300,,,,,,
IT1:101_1015(1.0),A: annuale,ITE1: Toscana,ART: superficie totale - ettari,BARLEY: orzo,ALL: tutte le voci,2025,11823,,,,,C1300: C1300,,,,,,
IT1:101_1015(1.0),A: annuale,ITE1: Toscana,ART: superficie totale - ettari,BARLEY: orzo,ALL: tutte le voci,2026,11494,,,,,C1300: C1300,,,,,,
IT1:101_1015(1.0),A: annuale,ITE1: Toscana,ART: superficie totale - ettari,KIWI: kiwi,ALL: tutte le voci,2024,73,,,,,F2200: F2200,,,,,,
IT1:101_1015(1.0),A: annuale,ITE1: Toscana,ART: superficie totale - ettari,KIWI: kiwi,ALL: tutte le voci,2025,88,,,,,F2200: F2200,,,,,,
IT1:101_1015(1.0),A: annuale,ITE1: Toscana,ART: superficie totale - ettari,KIWI: kiwi,ALL: tutte le voci,2026,91,,,,,F2200: F2200,,,,,,
IT1:101_1015(1.0),A: annuale,ITE1: Toscana,ART: superficie totale - ettari,PEACH: pesca,ALL: tutte le voci,2024,373,,,,,F1210: F1210,,,,,,
IT1:101_1015(1.0),A: annuale,ITE1: Toscana,ART: superficie totale - ettari,PEACH: pesca,ALL: tutte le voci,2025,339,,,,,F1210: F1210,,,,,,
IT1:101_1015(1.0),A: annuale,ITE1: Toscana,ART: superficie totale - ettari,PEACH: pesca,ALL: tutte le voci,2026,325,,,,,F1210: F1210,,,,,,
IT1:101_1015(1.0),A: annuale,ITE1: Toscana,ART: superficie totale - ettari,POTA: patata comune,ALL: tutte le voci,2024,704,,,,,R1000_II: R1000_II,,,,,,
IT1:101_1015(1.0),A: annuale,ITE1: Toscana,ART: superficie totale - ettari,POTA: patata comune,ALL: tutte le voci,2025,506,,,,,R1000_II: R1000_II,,,,,,
IT1:101_1015(1.0),A: annuale,ITE1: Toscana,ART: superficie totale - ettari,POTA: patata comune,ALL: tutte le voci,2026,493,,,,,R1000_II: R1000_II,,,,,,
IT1:101_1015(1.0),A: annuale,ITE1: Toscana,ART: superficie totale - ettari,SUNFLO: girasole,ALL: tutte le voci,2024,20958,,,,,I1120: I1120,,,,,,
IT1:101_1015(1.0),A: annuale,ITE1: Toscana,ART: superficie totale - ettari,SUNFLO: girasole,ALL: tutte le voci,2025,17735,,,,,I1120: I1120,,,,,,
IT1:101_1015(1.0),A: annuale,ITE1: Toscana,ART: superficie totale - ettari,SUNFLO: girasole,ALL: tutte le voci,2026,21016,,,,,I1120: I1120,,,,,,
IT1:101_1015(1.0),A: annuale,ITE1: Toscana,HP_Q_EXT: produzione raccolta - quintali,APPLE: mela,ALL: tutte le voci,2024,178852,,,,"TIPO_DATO5__HP_Q_EXT_N1: Per tutte le coltivazioni foraggere temporanee e permanenti, a partire dal 2020 i valori di produzione sono espressi in quintali;<br />Dal 2020 sono diffusi i valori di produzione raccolta in quanto necessari per il calcolo della resa. <br />La serie storica e di conseguenza l'attendibilità dei dati diffusi negli anni precedenti non vengono compromessi perché, per le foraggere, i valori di produzione totale e raccolta coincidono.",F1110: F1110,,,,,,
IT1:101_1015(1.0),A: annuale,ITE1: Toscana,HP_Q_EXT: produzione raccolta - quintali,APPLE: mela,ALL: tutte le voci,2025,187665,,,,"TIPO_DATO5__HP_Q_EXT_N1: Per tutte le coltivazioni foraggere temporanee e permanenti, a partire dal 2020 i valori di produzione sono espressi in quintali;<br />Dal 2020 sono diffusi i valori di produzione raccolta in quanto necessari per il calcolo della resa. <br />La serie storica e di conseguenza l'attendibilità dei dati diffusi negli anni precedenti non vengono compromessi perché, per le foraggere, i valori di produzione totale e raccolta coincidono.",F1110: F1110,,,,,,
IT1:101_1015(1.0),A: annuale,ITE1: Toscana,HP_Q_EXT: produzione raccolta - quintali,APPLE: mela,ALL: tutte le voci,2026,190020,,,,"TIPO_DATO5__HP_Q_EXT_N1: Per tutte le coltivazioni foraggere temporanee e permanenti, a partire dal 2020 i valori di produzione sono espressi in quintali;<br />Dal 2020 sono diffusi i valori di produzione raccolta in quanto necessari per il calcolo della resa. <br />La serie storica e di conseguenza l'attendibilità dei dati diffusi negli anni precedenti non vengono compromessi perché, per le foraggere, i valori di produzione totale e raccolta coincidono.",F1110: F1110,,,,,,
IT1:101_1015(1.0),A: annuale,ITE1: Toscana,HP_Q_EXT: produzione raccolta - quintali,BARLEY: orzo,ALL: tutte le voci,2024,450754,,,,"TIPO_DATO5__HP_Q_EXT_N1: Per tutte le coltivazioni foraggere temporanee e permanenti, a partire dal 2020 i valori di produzione sono espressi in quintali;<br />Dal 2020 sono diffusi i valori di produzione raccolta in quanto necessari per il calcolo della resa. <br />La serie storica e di conseguenza l'attendibilità dei dati diffusi negli anni precedenti non vengono compromessi perché, per le foraggere, i valori di produzione totale e raccolta coincidono.",C1300: C1300,,,,,,
IT1:101_1015(1.0),A: annuale,ITE1: Toscana,HP_Q_EXT: produzione raccolta - quintali,BARLEY: orzo,ALL: tutte le voci,2025,353657,,,,"TIPO_DATO5__HP_Q_EXT_N1: Per tutte le coltivazioni foraggere temporanee e permanenti, a partire dal 2020 i valori di produzione sono espressi in quintali;<br />Dal 2020 sono diffusi i valori di produzione raccolta in quanto necessari per il calcolo della resa. <br />La serie storica e di conseguenza l'attendibilità dei dati diffusi negli anni precedenti non vengono compromessi perché, per le foraggere, i valori di produzione totale e raccolta coincidono.",C1300: C1300,,,,,,
IT1:101_1015(1.0),A: annuale,ITE1: Toscana,HP_Q_EXT: produzione raccolta - quintali,BARLEY: orzo,ALL: tutte le voci,2026,349749,,,,"TIPO_DATO5__HP_Q_EXT_N1: Per tutte le coltivazioni foraggere temporanee e permanenti, a partire dal 2020 i valori di produzione sono espressi in quintali;<br />Dal 2020 sono diffusi i valori di produzione raccolta in quanto necessari per il calcolo della resa. <br />La serie storica e di conseguenza l'attendibilità dei dati diffusi negli anni precedenti non vengono compromessi perché, per le foraggere, i valori di produzione totale e raccolta coincidono.",C1300: C1300,,,,,,
IT1:101_1015(1.0),A: annuale,ITE1: Toscana,HP_Q_EXT: produzione raccolta - quintali,KIWI: kiwi,ALL: tutte le voci,2024,14530,,,,"TIPO_DATO5__HP_Q_EXT_N1: Per tutte le coltivazioni foraggere temporanee e permanenti, a partire dal 2020 i valori di produzione sono espressi in quintali;<br />Dal 2020 sono diffusi i valori di produzione raccolta in quanto necessari per il calcolo della resa. <br />La serie storica e di conseguenza l'attendibilità dei dati diffusi negli anni precedenti non vengono compromessi perché, per le foraggere, i valori di produzione totale e raccolta coincidono.",F2200: F2200,,,,,,
IT1:101_1015(1.0),A: annuale,ITE1: Toscana,HP_Q_EXT: produzione raccolta - quintali,KIWI: kiwi,ALL: tutte le voci,2025,15745,,,,"TIPO_DATO5__HP_Q_EXT_N1: Per tutte le coltivazioni foraggere temporanee e permanenti, a partire dal 2020 i valori di produzione sono espressi in quintali;<br />Dal 2020 sono diffusi i valori di produzione raccolta in quanto necessari per il calcolo della resa. <br />La serie storica e di conseguenza l'attendibilità dei dati diffusi negli anni precedenti non vengono compromessi perché, per le foraggere, i valori di produzione totale e raccolta coincidono.",F2200: F2200,,,,,,
IT1:101_1015(1.0),A: annuale,ITE1: Toscana,HP_Q_EXT: produzione raccolta - quintali,KIWI: kiwi,ALL: tutte le voci,2026,15855,,,,"TIPO_DATO5__HP_Q_EXT_N1: Per tutte le coltivazioni foraggere temporanee e permanenti, a partire dal 2020 i valori di produzione sono espressi in quintali;<br />Dal 2020 sono diffusi i valori di produzione raccolta in quanto necessari per il calcolo della resa. <br />La serie storica e di conseguenza l'attendibilità dei dati diffusi negli anni precedenti non vengono compromessi perché, per le foraggere, i valori di produzione totale e raccolta coincidono.",F2200: F2200,,,,,,
IT1:101_1015(1.0),A: annuale,ITE1: Toscana,HP_Q_EXT: produzione raccolta - quintali,PEACH: pesca,ALL: tutte le voci,2024,70365,,,,"TIPO_DATO5__HP_Q_EXT_N1: Per tutte le coltivazioni foraggere temporanee e permanenti, a partire dal 2020 i valori di produzione sono espressi in quintali;<br />Dal 2020 sono diffusi i valori di produzione raccolta in quanto necessari per il calcolo della resa. <br />La serie storica e di conseguenza l'attendibilità dei dati diffusi negli anni precedenti non vengono compromessi perché, per le foraggere, i valori di produzione totale e raccolta coincidono.",F1210: F1210,,,,,,
IT1:101_1015(1.0),A: annuale,ITE1: Toscana,HP_Q_EXT: produzione raccolta - quintali,PEACH: pesca,ALL: tutte le voci,2025,65145,,,,"TIPO_DATO5__HP_Q_EXT_N1: Per tutte le coltivazioni foraggere temporanee e permanenti, a partire dal 2020 i valori di produzione sono espressi in quintali;<br />Dal 2020 sono diffusi i valori di produzione raccolta in quanto necessari per il calcolo della resa. <br />La serie storica e di conseguenza l'attendibilità dei dati diffusi negli anni precedenti non vengono compromessi perché, per le foraggere, i valori di produzione totale e raccolta coincidono.",F1210: F1210,,,,,,
IT1:101_1015(1.0),A: annuale,ITE1: Toscana,HP_Q_EXT: produzione raccolta - quintali,PEACH: pesca,ALL: tutte le voci,2026,71510,,,,"TIPO_DATO5__HP_Q_EXT_N1: Per tutte le coltivazioni foraggere temporanee e permanenti, a partire dal 2020 i valori di produzione sono espressi in quintali;<br />Dal 2020 sono diffusi i valori di produzione raccolta in quanto necessari per il calcolo della resa. <br />La serie storica e di conseguenza l'attendibilità dei dati diffusi negli anni precedenti non vengono compromessi perché, per le foraggere, i valori di produzione totale e raccolta coincidono.",F1210: F1210,,,,,,
IT1:101_1015(1.0),A: annuale,ITE1: Toscana,HP_Q_EXT: produzione raccolta - quintali,POTA: patata comune,ALL: tutte le voci,2024,142985,,,,"TIPO_DATO5__HP_Q_EXT_N1: Per tutte le coltivazioni foraggere temporanee e permanenti, a partire dal 2020 i valori di produzione sono espressi in quintali;<br />Dal 2020 sono diffusi i valori di produzione raccolta in quanto necessari per il calcolo della resa. <br />La serie storica e di conseguenza l'attendibilità dei dati diffusi negli anni precedenti non vengono compromessi perché, per le foraggere, i valori di produzione totale e raccolta coincidono.",R1000_II: R1000_II,,,,,,
IT1:101_1015(1.0),A: annuale,ITE1: Toscana,HP_Q_EXT: produzione raccolta - quintali,POTA: patata comune,ALL: tutte le voci,2025,96560,,,,"TIPO_DATO5__HP_Q_EXT_N1: Per tutte le coltivazioni foraggere temporanee e permanenti, a partire dal 2020 i valori di produzione sono espressi in quintali;<br />Dal 2020 sono diffusi i valori di produzione raccolta in quanto necessari per il calcolo della resa. <br />La serie storica e di conseguenza l'attendibilità dei dati diffusi negli anni precedenti non vengono compromessi perché, per le foraggere, i valori di produzione totale e raccolta coincidono.",R1000_II: R1000_II,,,,,,
IT1:101_1015(1.0),A: annuale,ITE1: Toscana,HP_Q_EXT: produzione raccolta - quintali,POTA: patata comune,ALL: tutte le voci,2026,104260,,,,"TIPO_DATO5__HP_Q_EXT_N1: Per tutte le coltivazioni foraggere temporanee e permanenti, a partire dal 2020 i valori di produzione sono espressi in quintali;<br />Dal 2020 sono diffusi i valori di produzione raccolta in quanto necessari per il calcolo della resa. <br />La serie storica e di conseguenza l'attendibilità dei dati diffusi negli anni precedenti non vengono compromessi perché, per le foraggere, i valori di produzione totale e raccolta coincidono.",R1000_II: R1000_II,,,,,,
IT1:101_1015(1.0),A: annuale,ITE1: Toscana,HP_Q_EXT: produzione raccolta - quintali,SUNFLO: girasole,ALL: tutte le voci,2024,558640,,,,"TIPO_DATO5__HP_Q_EXT_N1: Per tutte le coltivazioni foraggere temporanee e permanenti, a partire dal 2020 i valori di produzione sono espressi in quintali;<br />Dal 2020 sono diffusi i valori di produzione raccolta in quanto necessari per il calcolo della resa. <br />La serie storica e di conseguenza l'attendibilità dei dati diffusi negli anni precedenti non vengono compromessi perché, per le foraggere, i valori di produzione totale e raccolta coincidono.",I1120: I1120,,,,,,
IT1:101_1015(1.0),A: annuale,ITE1: Toscana,HP_Q_EXT: produzione raccolta - quintali,SUNFLO: girasole,ALL: tutte le voci,2025,458552,,,,"TIPO_DATO5__HP_Q_EXT_N1: Per tutte le coltivazioni foraggere temporanee e permanenti, a partire dal 2020 i valori di produzione sono espressi in quintali;<br />Dal 2020 sono diffusi i valori di produzione raccolta in quanto necessari per il calcolo della resa. <br />La serie storica e di conseguenza l'attendibilità dei dati diffusi negli anni precedenti non vengono compromessi perché, per le foraggere, i valori di produzione totale e raccolta coincidono.",I1120: I1120,,,,,,
IT1:101_1015(1.0),A: annuale,ITE1: Toscana,HP_Q_EXT: produzione raccolta - quintali,SUNFLO: girasole,ALL: tutte le voci,2026,562960,,,,"TIPO_DATO5__HP_Q_EXT_N1: Per tutte le coltivazioni foraggere temporanee e permanenti, a partire dal 2020 i valori di produzione sono espressi in quintali;<br />Dal 2020 sono diffusi i valori di produzione raccolta in quanto necessari per il calcolo della resa. <br />La serie storica e di conseguenza l'attendibilità dei dati diffusi negli anni precedenti non vengono compromessi perché, per le foraggere, i valori di produzione totale e raccolta coincidono.",I1120: I1120,,,,,,
IT1:101_1015(1.0),A: annuale,ITE1: Toscana,TP_QUIN_EXT: produzione totale - quintali,APPLE: mela,ALL: tutte le voci,2024,179387,,,,,F1110: F1110,,,,,,
IT1:101_1015(1.0),A: annuale,ITE1: Toscana,TP_QUIN_EXT: produzione totale - quintali,APPLE: mela,ALL: tutte le voci,2025,187910,,,,,F1110: F1110,,,,,,
IT1:101_1015(1.0),A: annuale,ITE1: Toscana,TP_QUIN_EXT: produzione totale - quintali,APPLE: mela,ALL: tutte le voci,2026,190230,,,,,F1110: F1110,,,,,,
IT1:101_1015(1.0),A: annuale,ITE1: Toscana,TP_QUIN_EXT: produzione totale - quintali,BARLEY: orzo,ALL: tutte le voci,2024,450954,,,,,C1300: C1300,,,,,,
IT1:101_1015(1.0),A: annuale,ITE1: Toscana,TP_QUIN_EXT: produzione totale - quintali,BARLEY: orzo,ALL: tutte le voci,2025,353872,,,,,C1300: C1300,,,,,,
IT1:101_1015(1.0),A: annuale,ITE1: Toscana,TP_QUIN_EXT: produzione totale - quintali,BARLEY: orzo,ALL: tutte le voci,2026,349809,,,,,C1300: C1300,,,,,,
IT1:101_1015(1.0),A: annuale,ITE1: Toscana,TP_QUIN_EXT: produzione totale - quintali,KIWI: kiwi,ALL: tutte le voci,2024,14685,,,,,F2200: F2200,,,,,,
IT1:101_1015(1.0),A: annuale,ITE1: Toscana,TP_QUIN_EXT: produzione totale - quintali,KIWI: kiwi,ALL: tutte le voci,2025,15905,,,,,F2200: F2200,,,,,,
IT1:101_1015(1.0),A: annuale,ITE1: Toscana,TP_QUIN_EXT: produzione totale - quintali,KIWI: kiwi,ALL: tutte le voci,2026,15870,,,,,F2200: F2200,,,,,,
IT1:101_1015(1.0),A: annuale,ITE1: Toscana,TP_QUIN_EXT: produzione totale - quintali,PEACH: pesca,ALL: tutte le voci,2024,71695,,,,,F1210: F1210,,,,,,
IT1:101_1015(1.0),A: annuale,ITE1: Toscana,TP_QUIN_EXT: produzione totale - quintali,PEACH: pesca,ALL: tutte le voci,2025,65165,,,,,F1210: F1210,,,,,,
IT1:101_1015(1.0),A: annuale,ITE1: Toscana,TP_QUIN_EXT: produzione totale - quintali,PEACH: pesca,ALL: tutte le voci,2026,71715,,,,,F1210: F1210,,,,,,
IT1:101_1015(1.0),A: annuale,ITE1: Toscana,TP_QUIN_EXT: produzione totale - quintali,POTA: patata comune,ALL: tutte le voci,2024,143625,,,,,R1000_II: R1000_II,,,,,,
IT1:101_1015(1.0),A: annuale,ITE1: Toscana,TP_QUIN_EXT: produzione totale - quintali,POTA: patata comune,ALL: tutte le voci,2025,96890,,,,,R1000_II: R1000_II,,,,,,
IT1:101_1015(1.0),A: annuale,ITE1: Toscana,TP_QUIN_EXT: produzione totale - quintali,POTA: patata comune,ALL: tutte le voci,2026,104490,,,,,R1000_II: R1000_II,,,,,,
IT1:101_1015(1.0),A: annuale,ITE1: Toscana,TP_QUIN_EXT: produzione totale - quintali,SUNFLO: girasole,ALL: tutte le voci,2024,560440,,,,,I1120: I1120,,,,,,
IT1:101_1015(1.0),A: annuale,ITE1: Toscana,TP_QUIN_EXT: produzione totale - quintali,SUNFLO: girasole,ALL: tutte le voci,2025,458644,,,,,I1120: I1120,,,,,,
IT1:101_1015(1.0),A: annuale,ITE1: Toscana,TP_QUIN_EXT: produzione totale - quintali,SUNFLO: girasole,ALL: tutte le voci,2026,563220,,,,,I1120: I1120,,,,,,
IT1:101_1015(1.0),A: annuale,ITE2: Umbria,ART: superficie totale - ettari,APPLE: mela,ALL: tutte le voci,2024,246,,,,,F1110: F1110,,,,,,
IT1:101_1015(1.0),A: annuale,ITE2: Umbria,ART: superficie totale - ettari,APPLE: mela,ALL: tutte le voci,2025,248,,,,,F1110: F1110,,,,,,
IT1:101_1015(1.0),A: annuale,ITE2: Umbria,ART: superficie totale - ettari,APPLE: mela,ALL: tutte le voci,2026,248,,,,,F1110: F1110,,,,,,
IT1:101_1015(1.0),A: annuale,ITE2: Umbria,ART: superficie totale - ettari,BARLEY: orzo,ALL: tutte le voci,2024,16100,,,,,C1300: C1300,,,,,,
IT1:101_1015(1.0),A: annuale,ITE2: Umbria,ART: superficie totale - ettari,BARLEY: orzo,ALL: tutte le voci,2025,16700,,,,,C1300: C1300,,,,,,
IT1:101_1015(1.0),A: annuale,ITE2: Umbria,ART: superficie totale - ettari,BARLEY: orzo,ALL: tutte le voci,2026,18000,,,,,C1300: C1300,,,,,,
IT1:101_1015(1.0),A: annuale,ITE2: Umbria,ART: superficie totale - ettari,KIWI: kiwi,ALL: tutte le voci,2024,1,,,,,F2200: F2200,,,,,,
IT1:101_1015(1.0),A: annuale,ITE2: Umbria,ART: superficie totale - ettari,KIWI: kiwi,ALL: tutte le voci,2025,1,,,,,F2200: F2200,,,,,,
IT1:101_1015(1.0),A: annuale,ITE2: Umbria,ART: superficie totale - ettari,KIWI: kiwi,ALL: tutte le voci,2026,1,,,,,F2200: F2200,,,,,,
IT1:101_1015(1.0),A: annuale,ITE2: Umbria,ART: superficie totale - ettari,PEACH: pesca,ALL: tutte le voci,2024,76,,,,,F1210: F1210,,,,,,
IT1:101_1015(1.0),A: annuale,ITE2: Umbria,ART: superficie totale - ettari,PEACH: pesca,ALL: tutte le voci,2025,61,,,,,F1210: F1210,,,,,,
IT1:101_1015(1.0),A: annuale,ITE2: Umbria,ART: superficie totale - ettari,PEACH: pesca,ALL: tutte le voci,2026,61,,,,,F1210: F1210,,,,,,
IT1:101_1015(1.0),A: annuale,ITE2: Umbria,ART: superficie totale - ettari,POTA: patata comune,ALL: tutte le voci,2024,310,,,,,R1000_II: R1000_II,,,,,,
IT1:101_1015(1.0),A: annuale,ITE2: Umbria,ART: superficie totale - ettari,POTA: patata comune,ALL: tutte le voci,2025,260,,,,,R1000_II: R1000_II,,,,,,
IT1:101_1015(1.0),A: annuale,ITE2: Umbria,ART: superficie totale - ettari,POTA: patata comune,ALL: tutte le voci,2026,221,,,,,R1000_II: R1000_II,,,,,,
IT1:101_1015(1.0),A: annuale,ITE2: Umbria,ART: superficie totale - ettari,SUNFLO: girasole,ALL: tutte le voci,2024,15400,,,,,I1120: I1120,,,,,,
IT1:101_1015(1.0),A: annuale,ITE2: Umbria,ART: superficie totale - ettari,SUNFLO: girasole,ALL: tutte le voci,2025,14300,,,,,I1120: I1120,,,,,,
IT1:101_1015(1.0),A: annuale,ITE2: Umbria,ART: superficie totale - ettari,SUNFLO: girasole,ALL: tutte le voci,2026,16800,,,,,I1120: I1120,,,,,,
IT1:101_1015(1.0),A: annuale,ITE2: Umbria,HP_Q_EXT: produzione raccolta - quintali,APPLE: mela,ALL: tutte le voci,2024,44640,,,,"TIPO_DATO5__HP_Q_EXT_N1: Per tutte le coltivazioni foraggere temporanee e permanenti, a partire dal 2020 i valori di produzione sono espressi in quintali;<br />Dal 2020 sono diffusi i valori di produzione raccolta in quanto necessari per il calcolo della resa. <br />La serie storica e di conseguenza l'attendibilità dei dati diffusi negli anni precedenti non vengono compromessi perché, per le foraggere, i valori di produzione totale e raccolta coincidono.",F1110: F1110,,,,,,
IT1:101_1015(1.0),A: annuale,ITE2: Umbria,HP_Q_EXT: produzione raccolta - quintali,APPLE: mela,ALL: tutte le voci,2025,45000,,,,"TIPO_DATO5__HP_Q_EXT_N1: Per tutte le coltivazioni foraggere temporanee e permanenti, a partire dal 2020 i valori di produzione sono espressi in quintali;<br />Dal 2020 sono diffusi i valori di produzione raccolta in quanto necessari per il calcolo della resa. <br />La serie storica e di conseguenza l'attendibilità dei dati diffusi negli anni precedenti non vengono compromessi perché, per le foraggere, i valori di produzione totale e raccolta coincidono.",F1110: F1110,,,,,,
IT1:101_1015(1.0),A: annuale,ITE2: Umbria,HP_Q_EXT: produzione raccolta - quintali,APPLE: mela,ALL: tutte le voci,2026,45000,,,,"TIPO_DATO5__HP_Q_EXT_N1: Per tutte le coltivazioni foraggere temporanee e permanenti, a partire dal 2020 i valori di produzione sono espressi in quintali;<br />Dal 2020 sono diffusi i valori di produzione raccolta in quanto necessari per il calcolo della resa. <br />La serie storica e di conseguenza l'attendibilità dei dati diffusi negli anni precedenti non vengono compromessi perché, per le foraggere, i valori di produzione totale e raccolta coincidono.",F1110: F1110,,,,,,
IT1:101_1015(1.0),A: annuale,ITE2: Umbria,HP_Q_EXT: produzione raccolta - quintali,BARLEY: orzo,ALL: tutte le voci,2024,610000,,,,"TIPO_DATO5__HP_Q_EXT_N1: Per tutte le coltivazioni foraggere temporanee e permanenti, a partire dal 2020 i valori di produzione sono espressi in quintali;<br />Dal 2020 sono diffusi i valori di produzione raccolta in quanto necessari per il calcolo della resa. <br />La serie storica e di conseguenza l'attendibilità dei dati diffusi negli anni precedenti non vengono compromessi perché, per le foraggere, i valori di produzione totale e raccolta coincidono.",C1300: C1300,,,,,,
IT1:101_1015(1.0),A: annuale,ITE2: Umbria,HP_Q_EXT: produzione raccolta - quintali,BARLEY: orzo,ALL: tutte le voci,2025,670000,,,,"TIPO_DATO5__HP_Q_EXT_N1: Per tutte le coltivazioni foraggere temporanee e permanenti, a partire dal 2020 i valori di produzione sono espressi in quintali;<br />Dal 2020 sono diffusi i valori di produzione raccolta in quanto necessari per il calcolo della resa. <br />La serie storica e di conseguenza l'attendibilità dei dati diffusi negli anni precedenti non vengono compromessi perché, per le foraggere, i valori di produzione totale e raccolta coincidono.",C1300: C1300,,,,,,
IT1:101_1015(1.0),A: annuale,ITE2: Umbria,HP_Q_EXT: produzione raccolta - quintali,BARLEY: orzo,ALL: tutte le voci,2026,742000,,,,"TIPO_DATO5__HP_Q_EXT_N1: Per tutte le coltivazioni foraggere temporanee e permanenti, a partire dal 2020 i valori di produzione sono espressi in quintali;<br />Dal 2020 sono diffusi i valori di produzione raccolta in quanto necessari per il calcolo della resa. <br />La serie storica e di conseguenza l'attendibilità dei dati diffusi negli anni precedenti non vengono compromessi perché, per le foraggere, i valori di produzione totale e raccolta coincidono.",C1300: C1300,,,,,,
IT1:101_1015(1.0),A: annuale,ITE2: Umbria,HP_Q_EXT: produzione raccolta - quintali,KIWI: kiwi,ALL: tutte le voci,2024,100,,,,"TIPO_DATO5__HP_Q_EXT_N1: Per tutte le coltivazioni foraggere temporanee e permanenti, a partire dal 2020 i valori di produzione sono espressi in quintali;<br />Dal 2020 sono diffusi i valori di produzione raccolta in quanto necessari per il calcolo della resa. <br />La serie storica e di conseguenza l'attendibilità dei dati diffusi negli anni precedenti non vengono compromessi perché, per le foraggere, i valori di produzione totale e raccolta coincidono.",F2200: F2200,,,,,,
IT1:101_1015(1.0),A: annuale,ITE2: Umbria,HP_Q_EXT: produzione raccolta - quintali,KIWI: kiwi,ALL: tutte le voci,2025,100,,,,"TIPO_DATO5__HP_Q_EXT_N1: Per tutte le coltivazioni foraggere temporanee e permanenti, a partire dal 2020 i valori di produzione sono espressi in quintali;<br />Dal 2020 sono diffusi i valori di produzione raccolta in quanto necessari per il calcolo della resa. <br />La serie storica e di conseguenza l'attendibilità dei dati diffusi negli anni precedenti non vengono compromessi perché, per le foraggere, i valori di produzione totale e raccolta coincidono.",F2200: F2200,,,,,,
IT1:101_1015(1.0),A: annuale,ITE2: Umbria,HP_Q_EXT: produzione raccolta - quintali,KIWI: kiwi,ALL: tutte le voci,2026,100,,,,"TIPO_DATO5__HP_Q_EXT_N1: Per tutte le coltivazioni foraggere temporanee e permanenti, a partire dal 2020 i valori di produzione sono espressi in quintali;<br />Dal 2020 sono diffusi i valori di produzione raccolta in quanto necessari per il calcolo della resa. <br />La serie storica e di conseguenza l'attendibilità dei dati diffusi negli anni precedenti non vengono compromessi perché, per le foraggere, i valori di produzione totale e raccolta coincidono.",F2200: F2200,,,,,,
IT1:101_1015(1.0),A: annuale,ITE2: Umbria,HP_Q_EXT: produzione raccolta - quintali,PEACH: pesca,ALL: tutte le voci,2024,10350,,,,"TIPO_DATO5__HP_Q_EXT_N1: Per tutte le coltivazioni foraggere temporanee e permanenti, a partire dal 2020 i valori di produzione sono espressi in quintali;<br />Dal 2020 sono diffusi i valori di produzione raccolta in quanto necessari per il calcolo della resa. <br />La serie storica e di conseguenza l'attendibilità dei dati diffusi negli anni precedenti non vengono compromessi perché, per le foraggere, i valori di produzione totale e raccolta coincidono.",F1210: F1210,,,,,,
IT1:101_1015(1.0),A: annuale,ITE2: Umbria,HP_Q_EXT: produzione raccolta - quintali,PEACH: pesca,ALL: tutte le voci,2025,8350,,,,"TIPO_DATO5__HP_Q_EXT_N1: Per tutte le coltivazioni foraggere temporanee e permanenti, a partire dal 2020 i valori di produzione sono espressi in quintali;<br />Dal 2020 sono diffusi i valori di produzione raccolta in quanto necessari per il calcolo della resa. <br />La serie storica e di conseguenza l'attendibilità dei dati diffusi negli anni precedenti non vengono compromessi perché, per le foraggere, i valori di produzione totale e raccolta coincidono.",F1210: F1210,,,,,,
IT1:101_1015(1.0),A: annuale,ITE2: Umbria,HP_Q_EXT: produzione raccolta - quintali,PEACH: pesca,ALL: tutte le voci,2026,8350,,,,"TIPO_DATO5__HP_Q_EXT_N1: Per tutte le coltivazioni foraggere temporanee e permanenti, a partire dal 2020 i valori di produzione sono espressi in quintali;<br />Dal 2020 sono diffusi i valori di produzione raccolta in quanto necessari per il calcolo della resa. <br />La serie storica e di conseguenza l'attendibilità dei dati diffusi negli anni precedenti non vengono compromessi perché, per le foraggere, i valori di produzione totale e raccolta coincidono.",F1210: F1210,,,,,,
IT1:101_1015(1.0),A: annuale,ITE2: Umbria,HP_Q_EXT: produzione raccolta - quintali,POTA: patata comune,ALL: tutte le voci,2024,62000,,,,"TIPO_DATO5__HP_Q_EXT_N1: Per tutte le coltivazioni foraggere temporanee e permanenti, a partire dal 2020 i valori di produzione sono espressi in quintali;<br />Dal 2020 sono diffusi i valori di produzione raccolta in quanto necessari per il calcolo della resa. <br />La serie storica e di conseguenza l'attendibilità dei dati diffusi negli anni precedenti non vengono compromessi perché, per le foraggere, i valori di produzione totale e raccolta coincidono.",R1000_II: R1000_II,,,,,,
IT1:101_1015(1.0),A: annuale,ITE2: Umbria,HP_Q_EXT: produzione raccolta - quintali,POTA: patata comune,ALL: tutte le voci,2025,52000,,,,"TIPO_DATO5__HP_Q_EXT_N1: Per tutte le coltivazioni foraggere temporanee e permanenti, a partire dal 2020 i valori di produzione sono espressi in quintali;<br />Dal 2020 sono diffusi i valori di produzione raccolta in quanto necessari per il calcolo della resa. <br />La serie storica e di conseguenza l'attendibilità dei dati diffusi negli anni precedenti non vengono compromessi perché, per le foraggere, i valori di produzione totale e raccolta coincidono.",R1000_II: R1000_II,,,,,,
IT1:101_1015(1.0),A: annuale,ITE2: Umbria,HP_Q_EXT: produzione raccolta - quintali,POTA: patata comune,ALL: tutte le voci,2026,44200,,,,"TIPO_DATO5__HP_Q_EXT_N1: Per tutte le coltivazioni foraggere temporanee e permanenti, a partire dal 2020 i valori di produzione sono espressi in quintali;<br />Dal 2020 sono diffusi i valori di produzione raccolta in quanto necessari per il calcolo della resa. <br />La serie storica e di conseguenza l'attendibilità dei dati diffusi negli anni precedenti non vengono compromessi perché, per le foraggere, i valori di produzione totale e raccolta coincidono.",R1000_II: R1000_II,,,,,,
IT1:101_1015(1.0),A: annuale,ITE2: Umbria,HP_Q_EXT: produzione raccolta - quintali,SUNFLO: girasole,ALL: tutte le voci,2024,365000,,,,"TIPO_DATO5__HP_Q_EXT_N1: Per tutte le coltivazioni foraggere temporanee e permanenti, a partire dal 2020 i valori di produzione sono espressi in quintali;<br />Dal 2020 sono diffusi i valori di produzione raccolta in quanto necessari per il calcolo della resa. <br />La serie storica e di conseguenza l'attendibilità dei dati diffusi negli anni precedenti non vengono compromessi perché, per le foraggere, i valori di produzione totale e raccolta coincidono.",I1120: I1120,,,,,,
IT1:101_1015(1.0),A: annuale,ITE2: Umbria,HP_Q_EXT: produzione raccolta - quintali,SUNFLO: girasole,ALL: tutte le voci,2025,342000,,,,"TIPO_DATO5__HP_Q_EXT_N1: Per tutte le coltivazioni foraggere temporanee e permanenti, a partire dal 2020 i valori di produzione sono espressi in quintali;<br />Dal 2020 sono diffusi i valori di produzione raccolta in quanto necessari per il calcolo della resa. <br />La serie storica e di conseguenza l'attendibilità dei dati diffusi negli anni precedenti non vengono compromessi perché, per le foraggere, i valori di produzione totale e raccolta coincidono.",I1120: I1120,,,,,,
IT1:101_1015(1.0),A: annuale,ITE2: Umbria,HP_Q_EXT: produzione raccolta - quintali,SUNFLO: girasole,ALL: tutte le voci,2026,397400,,,,"TIPO_DATO5__HP_Q_EXT_N1: Per tutte le coltivazioni foraggere temporanee e permanenti, a partire dal 2020 i valori di produzione sono espressi in quintali;<br />Dal 2020 sono diffusi i valori di produzione raccolta in quanto necessari per il calcolo della resa. <br />La serie storica e di conseguenza l'attendibilità dei dati diffusi negli anni precedenti non vengono compromessi perché, per le foraggere, i valori di produzione totale e raccolta coincidono.",I1120: I1120,,,,,,
IT1:101_1015(1.0),A: annuale,ITE2: Umbria,TP_QUIN_EXT: produzione totale - quintali,APPLE: mela,ALL: tutte le voci,2024,44640,,,,,F1110: F1110,,,,,,
IT1:101_1015(1.0),A: annuale,ITE2: Umbria,TP_QUIN_EXT: produzione totale - quintali,APPLE: mela,ALL: tutte le voci,2025,45000,,,,,F1110: F1110,,,,,,
IT1:101_1015(1.0),A: annuale,ITE2: Umbria,TP_QUIN_EXT: produzione totale - quintali,APPLE: mela,ALL: tutte le voci,2026,45000,,,,,F1110: F1110,,,,,,
IT1:101_1015(1.0),A: annuale,ITE2: Umbria,TP_QUIN_EXT: produzione totale - quintali,BARLEY: orzo,ALL: tutte le voci,2024,610000,,,,,C1300: C1300,,,,,,
IT1:101_1015(1.0),A: annuale,ITE2: Umbria,TP_QUIN_EXT: produzione totale - quintali,BARLEY: orzo,ALL: tutte le voci,2025,670000,,,,,C1300: C1300,,,,,,
IT1:101_1015(1.0),A: annuale,ITE2: Umbria,TP_QUIN_EXT: produzione totale - quintali,BARLEY: orzo,ALL: tutte le voci,2026,742000,,,,,C1300: C1300,,,,,,
IT1:101_1015(1.0),A: annuale,ITE2: Umbria,TP_QUIN_EXT: produzione totale - quintali,KIWI: kiwi,ALL: tutte le voci,2024,100,,,,,F2200: F2200,,,,,,
IT1:101_1015(1.0),A: annuale,ITE2: Umbria,TP_QUIN_EXT: produzione totale - quintali,KIWI: kiwi,ALL: tutte le voci,2025,100,,,,,F2200: F2200,,,,,,
IT1:101_1015(1.0),A: annuale,ITE2: Umbria,TP_QUIN_EXT: produzione totale - quintali,KIWI: kiwi,ALL: tutte le voci,2026,100,,,,,F2200: F2200,,,,,,
IT1:101_1015(1.0),A: annuale,ITE2: Umbria,TP_QUIN_EXT: produzione totale - quintali,PEACH: pesca,ALL: tutte le voci,2024,10350,,,,,F1210: F1210,,,,,,
IT1:101_1015(1.0),A: annuale,ITE2: Umbria,TP_QUIN_EXT: produzione totale - quintali,PEACH: pesca,ALL: tutte le voci,2025,8350,,,,,F1210: F1210,,,,,,
IT1:101_1015(1.0),A: annuale,ITE2: Umbria,TP_QUIN_EXT: produzione totale - quintali,PEACH: pesca,ALL: tutte le voci,2026,8350,,,,,F1210: F1210,,,,,,
IT1:101_1015(1.0),A: annuale,ITE2: Umbria,TP_QUIN_EXT: produzione totale - quintali,POTA: patata comune,ALL: tutte le voci,2024,62000,,,,,R1000_II: R1000_II,,,,,,
IT1:101_1015(1.0),A: annuale,ITE2: Umbria,TP_QUIN_EXT: produzione totale - quintali,POTA: patata comune,ALL: tutte le voci,2025,52000,,,,,R1000_II: R1000_II,,,,,,
IT1:101_1015(1.0),A: annuale,ITE2: Umbria,TP_QUIN_EXT: produzione totale - quintali,POTA: patata comune,ALL: tutte le voci,2026,44200,,,,,R1000_II: R1000_II,,,,,,
IT1:101_1015(1.0),A: annuale,ITE2: Umbria,TP_QUIN_EXT: produzione totale - quintali,SUNFLO: girasole,ALL: tutte le voci,2024,365000,,,,,I1120: I1120,,,,,,
IT1:101_1015(1.0),A: annuale,ITE2: Umbria,TP_QUIN_EXT: produzione totale - quintali,SUNFLO: girasole,ALL: tutte le voci,2025,342000,,,,,I1120: I1120,,,,,,
IT1:101_1015(1.0),A: annuale,ITE2: Umbria,TP_QUIN_EXT: produzione totale - quintali,SUNFLO: girasole,ALL: tutte le voci,2026,397400,,,,,I1120: I1120,,,,,,
IT1:101_1015(1.0),A: annuale,ITE3: Marche,ART: superficie totale - ettari,APPLE: mela,ALL: tutte le voci,2024,191,,,,,F1110: F1110,,,,,,
IT1:101_1015(1.0),A: annuale,ITE3: Marche,ART: superficie totale - ettari,APPLE: mela,ALL: tutte le voci,2025,211,,,,,F1110: F1110,,,,,,
IT1:101_1015(1.0),A: annuale,ITE3: Marche,ART: superficie totale - ettari,APPLE: mela,ALL: tutte le voci,2026,204,,,,,F1110: F1110,,,,,,
IT1:101_1015(1.0),A: annuale,ITE3: Marche,ART: superficie totale - ettari,BARLEY: orzo,ALL: tutte le voci,2024,10944,,,,,C1300: C1300,,,,,,
IT1:101_1015(1.0),A: annuale,ITE3: Marche,ART: superficie totale - ettari,BARLEY: orzo,ALL: tutte le voci,2025,10639,,,,,C1300: C1300,,,,,,
IT1:101_1015(1.0),A: annuale,ITE3: Marche,ART: superficie totale - ettari,BARLEY: orzo,ALL: tutte le voci,2026,11819,,,,,C1300: C1300,,,,,,
IT1:101_1015(1.0),A: annuale,ITE3: Marche,ART: superficie totale - ettari,KIWI: kiwi,ALL: tutte le voci,2024,43,,,,,F2200: F2200,,,,,,
IT1:101_1015(1.0),A: annuale,ITE3: Marche,ART: superficie totale - ettari,KIWI: kiwi,ALL: tutte le voci,2025,51,,,,,F2200: F2200,,,,,,
IT1:101_1015(1.0),A: annuale,ITE3: Marche,ART: superficie totale - ettari,KIWI: kiwi,ALL: tutte le voci,2026,50,,,,,F2200: F2200,,,,,,
IT1:101_1015(1.0),A: annuale,ITE3: Marche,ART: superficie totale - ettari,PEACH: pesca,ALL: tutte le voci,2024,402,,,,,F1210: F1210,,,,,,
IT1:101_1015(1.0),A: annuale,ITE3: Marche,ART: superficie totale - ettari,PEACH: pesca,ALL: tutte le voci,2025,392,,,,,F1210: F1210,,,,,,
IT1:101_1015(1.0),A: annuale,ITE3: Marche,ART: superficie totale - ettari,PEACH: pesca,ALL: tutte le voci,2026,375,,,,,F1210: F1210,,,,,,
IT1:101_1015(1.0),A: annuale,ITE3: Marche,ART: superficie totale - ettari,POTA: patata comune,ALL: tutte le voci,2024,178,,,,,R1000_II: R1000_II,,,,,,
IT1:101_1015(1.0),A: annuale,ITE3: Marche,ART: superficie totale - ettari,POTA: patata comune,ALL: tutte le voci,2025,210,,,,,R1000_II: R1000_II,,,,,,
IT1:101_1015(1.0),A: annuale,ITE3: Marche,ART: superficie totale - ettari,POTA: patata comune,ALL: tutte le voci,2026,220,,,,,R1000_II: R1000_II,,,,,,
IT1:101_1015(1.0),A: annuale,ITE3: Marche,ART: superficie totale - ettari,SUNFLO: girasole,ALL: tutte le voci,2024,35077,,,,,I1120: I1120,,,,,,
IT1:101_1015(1.0),A: annuale,ITE3: Marche,ART: superficie totale - ettari,SUNFLO: girasole,ALL: tutte le voci,2025,33558,,,,,I1120: I1120,,,,,,
IT1:101_1015(1.0),A: annuale,ITE3: Marche,ART: superficie totale - ettari,SUNFLO: girasole,ALL: tutte le voci,2026,37414,,,,,I1120: I1120,,,,,,
IT1:101_1015(1.0),A: annuale,ITE3: Marche,HP_Q_EXT: produzione raccolta - quintali,APPLE: mela,ALL: tutte le voci,2024,45950,,,,"TIPO_DATO5__HP_Q_EXT_N1: Per tutte le coltivazioni foraggere temporanee e permanenti, a partire dal 2020 i valori di produzione sono espressi in quintali;<br />Dal 2020 sono diffusi i valori di produzione raccolta in quanto necessari per il calcolo della resa. <br />La serie storica e di conseguenza l'attendibilità dei dati diffusi negli anni precedenti non vengono compromessi perché, per le foraggere, i valori di produzione totale e raccolta coincidono.",F1110: F1110,,,,,,
IT1:101_1015(1.0),A: annuale,ITE3: Marche,HP_Q_EXT: produzione raccolta - quintali,APPLE: mela,ALL: tutte le voci,2025,56720,,,,"TIPO_DATO5__HP_Q_EXT_N1: Per tutte le coltivazioni foraggere temporanee e permanenti, a partire dal 2020 i valori di produzione sono espressi in quintali;<br />Dal 2020 sono diffusi i valori di produzione raccolta in quanto necessari per il calcolo della resa. <br />La serie storica e di conseguenza l'attendibilità dei dati diffusi negli anni precedenti non vengono compromessi perché, per le foraggere, i valori di produzione totale e raccolta coincidono.",F1110: F1110,,,,,,
IT1:101_1015(1.0),A: annuale,ITE3: Marche,HP_Q_EXT: produzione raccolta - quintali,APPLE: mela,ALL: tutte le voci,2026,59450,,,,"TIPO_DATO5__HP_Q_EXT_N1: Per tutte le coltivazioni foraggere temporanee e permanenti, a partire dal 2020 i valori di produzione sono espressi in quintali;<br />Dal 2020 sono diffusi i valori di produzione raccolta in quanto necessari per il calcolo della resa. <br />La serie storica e di conseguenza l'attendibilità dei dati diffusi negli anni precedenti non vengono compromessi perché, per le foraggere, i valori di produzione totale e raccolta coincidono.",F1110: F1110,,,,,,
IT1:101_1015(1.0),A: annuale,ITE3: Marche,HP_Q_EXT: produzione raccolta - quintali,BARLEY: orzo,ALL: tutte le voci,2024,461221,,,,"TIPO_DATO5__HP_Q_EXT_N1: Per tutte le coltivazioni foraggere temporanee e permanenti, a partire dal 2020 i valori di produzione sono espressi in quintali;<br />Dal 2020 sono diffusi i valori di produzione raccolta in quanto necessari per il calcolo della resa. <br />La serie storica e di conseguenza l'attendibilità dei dati diffusi negli anni precedenti non vengono compromessi perché, per le foraggere, i valori di produzione totale e raccolta coincidono.",C1300: C1300,,,,,,
IT1:101_1015(1.0),A: annuale,ITE3: Marche,HP_Q_EXT: produzione raccolta - quintali,BARLEY: orzo,ALL: tutte le voci,2025,461365,,,,"TIPO_DATO5__HP_Q_EXT_N1: Per tutte le coltivazioni foraggere temporanee e permanenti, a partire dal 2020 i valori di produzione sono espressi in quintali;<br />Dal 2020 sono diffusi i valori di produzione raccolta in quanto necessari per il calcolo della resa. <br />La serie storica e di conseguenza l'attendibilità dei dati diffusi negli anni precedenti non vengono compromessi perché, per le foraggere, i valori di produzione totale e raccolta coincidono.",C1300: C1300,,,,,,
IT1:101_1015(1.0),A: annuale,ITE3: Marche,HP_Q_EXT: produzione raccolta - quintali,BARLEY: orzo,ALL: tutte le voci,2026,629359,,,,"TIPO_DATO5__HP_Q_EXT_N1: Per tutte le coltivazioni foraggere temporanee e permanenti, a partire dal 2020 i valori di produzione sono espressi in quintali;<br />Dal 2020 sono diffusi i valori di produzione raccolta in quanto necessari per il calcolo della resa. <br />La serie storica e di conseguenza l'attendibilità dei dati diffusi negli anni precedenti non vengono compromessi perché, per le foraggere, i valori di produzione totale e raccolta coincidono.",C1300: C1300,,,,,,
IT1:101_1015(1.0),A: annuale,ITE3: Marche,HP_Q_EXT: produzione raccolta - quintali,KIWI: kiwi,ALL: tutte le voci,2024,4353,,,,"TIPO_DATO5__HP_Q_EXT_N1: Per tutte le coltivazioni foraggere temporanee e permanenti, a partire dal 2020 i valori di produzione sono espressi in quintali;<br />Dal 2020 sono diffusi i valori di produzione raccolta in quanto necessari per il calcolo della resa. <br />La serie storica e di conseguenza l'attendibilità dei dati diffusi negli anni precedenti non vengono compromessi perché, per le foraggere, i valori di produzione totale e raccolta coincidono.",F2200: F2200,,,,,,
IT1:101_1015(1.0),A: annuale,ITE3: Marche,HP_Q_EXT: produzione raccolta - quintali,KIWI: kiwi,ALL: tutte le voci,2025,5760,,,,"TIPO_DATO5__HP_Q_EXT_N1: Per tutte le coltivazioni foraggere temporanee e permanenti, a partire dal 2020 i valori di produzione sono espressi in quintali;<br />Dal 2020 sono diffusi i valori di produzione raccolta in quanto necessari per il calcolo della resa. <br />La serie storica e di conseguenza l'attendibilità dei dati diffusi negli anni precedenti non vengono compromessi perché, per le foraggere, i valori di produzione totale e raccolta coincidono.",F2200: F2200,,,,,,
IT1:101_1015(1.0),A: annuale,ITE3: Marche,HP_Q_EXT: produzione raccolta - quintali,KIWI: kiwi,ALL: tutte le voci,2026,5137,,,,"TIPO_DATO5__HP_Q_EXT_N1: Per tutte le coltivazioni foraggere temporanee e permanenti, a partire dal 2020 i valori di produzione sono espressi in quintali;<br />Dal 2020 sono diffusi i valori di produzione raccolta in quanto necessari per il calcolo della resa. <br />La serie storica e di conseguenza l'attendibilità dei dati diffusi negli anni precedenti non vengono compromessi perché, per le foraggere, i valori di produzione totale e raccolta coincidono.",F2200: F2200,,,,,,
IT1:101_1015(1.0),A: annuale,ITE3: Marche,HP_Q_EXT: produzione raccolta - quintali,PEACH: pesca,ALL: tutte le voci,2024,76225,,,,"TIPO_DATO5__HP_Q_EXT_N1: Per tutte le coltivazioni foraggere temporanee e permanenti, a partire dal 2020 i valori di produzione sono espressi in quintali;<br />Dal 2020 sono diffusi i valori di produzione raccolta in quanto necessari per il calcolo della resa. <br />La serie storica e di conseguenza l'attendibilità dei dati diffusi negli anni precedenti non vengono compromessi perché, per le foraggere, i valori di produzione totale e raccolta coincidono.",F1210: F1210,,,,,,
IT1:101_1015(1.0),A: annuale,ITE3: Marche,HP_Q_EXT: produzione raccolta - quintali,PEACH: pesca,ALL: tutte le voci,2025,83480,,,,"TIPO_DATO5__HP_Q_EXT_N1: Per tutte le coltivazioni foraggere temporanee e permanenti, a partire dal 2020 i valori di produzione sono espressi in quintali;<br />Dal 2020 sono diffusi i valori di produzione raccolta in quanto necessari per il calcolo della resa. <br />La serie storica e di conseguenza l'attendibilità dei dati diffusi negli anni precedenti non vengono compromessi perché, per le foraggere, i valori di produzione totale e raccolta coincidono.",F1210: F1210,,,,,,
IT1:101_1015(1.0),A: annuale,ITE3: Marche,HP_Q_EXT: produzione raccolta - quintali,PEACH: pesca,ALL: tutte le voci,2026,81141,,,,"TIPO_DATO5__HP_Q_EXT_N1: Per tutte le coltivazioni foraggere temporanee e permanenti, a partire dal 2020 i valori di produzione sono espressi in quintali;<br />Dal 2020 sono diffusi i valori di produzione raccolta in quanto necessari per il calcolo della resa. <br />La serie storica e di conseguenza l'attendibilità dei dati diffusi negli anni precedenti non vengono compromessi perché, per le foraggere, i valori di produzione totale e raccolta coincidono.",F1210: F1210,,,,,,
IT1:101_1015(1.0),A: annuale,ITE3: Marche,HP_Q_EXT: produzione raccolta - quintali,POTA: patata comune,ALL: tutte le voci,2024,41102,,,,"TIPO_DATO5__HP_Q_EXT_N1: Per tutte le coltivazioni foraggere temporanee e permanenti, a partire dal 2020 i valori di produzione sono espressi in quintali;<br />Dal 2020 sono diffusi i valori di produzione raccolta in quanto necessari per il calcolo della resa. <br />La serie storica e di conseguenza l'attendibilità dei dati diffusi negli anni precedenti non vengono compromessi perché, per le foraggere, i valori di produzione totale e raccolta coincidono.",R1000_II: R1000_II,,,,,,
IT1:101_1015(1.0),A: annuale,ITE3: Marche,HP_Q_EXT: produzione raccolta - quintali,POTA: patata comune,ALL: tutte le voci,2025,59588,,,,"TIPO_DATO5__HP_Q_EXT_N1: Per tutte le coltivazioni foraggere temporanee e permanenti, a partire dal 2020 i valori di produzione sono espressi in quintali;<br />Dal 2020 sono diffusi i valori di produzione raccolta in quanto necessari per il calcolo della resa. <br />La serie storica e di conseguenza l'attendibilità dei dati diffusi negli anni precedenti non vengono compromessi perché, per le foraggere, i valori di produzione totale e raccolta coincidono.",R1000_II: R1000_II,,,,,,
IT1:101_1015(1.0),A: annuale,ITE3: Marche,HP_Q_EXT: produzione raccolta - quintali,POTA: patata comune,ALL: tutte le voci,2026,54592,,,,"TIPO_DATO5__HP_Q_EXT_N1: Per tutte le coltivazioni foraggere temporanee e permanenti, a partire dal 2020 i valori di produzione sono espressi in quintali;<br />Dal 2020 sono diffusi i valori di produzione raccolta in quanto necessari per il calcolo della resa. <br />La serie storica e di conseguenza l'attendibilità dei dati diffusi negli anni precedenti non vengono compromessi perché, per le foraggere, i valori di produzione totale e raccolta coincidono.",R1000_II: R1000_II,,,,,,
IT1:101_1015(1.0),A: annuale,ITE3: Marche,HP_Q_EXT: produzione raccolta - quintali,SUNFLO: girasole,ALL: tutte le voci,2024,890820,,,,"TIPO_DATO5__HP_Q_EXT_N1: Per tutte le coltivazioni foraggere temporanee e permanenti, a partire dal 2020 i valori di produzione sono espressi in quintali;<br />Dal 2020 sono diffusi i valori di produzione raccolta in quanto necessari per il calcolo della resa. <br />La serie storica e di conseguenza l'attendibilità dei dati diffusi negli anni precedenti non vengono compromessi perché, per le foraggere, i valori di produzione totale e raccolta coincidono.",I1120: I1120,,,,,,
IT1:101_1015(1.0),A: annuale,ITE3: Marche,HP_Q_EXT: produzione raccolta - quintali,SUNFLO: girasole,ALL: tutte le voci,2025,901058,,,,"TIPO_DATO5__HP_Q_EXT_N1: Per tutte le coltivazioni foraggere temporanee e permanenti, a partire dal 2020 i valori di produzione sono espressi in quintali;<br />Dal 2020 sono diffusi i valori di produzione raccolta in quanto necessari per il calcolo della resa. <br />La serie storica e di conseguenza l'attendibilità dei dati diffusi negli anni precedenti non vengono compromessi perché, per le foraggere, i valori di produzione totale e raccolta coincidono.",I1120: I1120,,,,,,
IT1:101_1015(1.0),A: annuale,ITE3: Marche,HP_Q_EXT: produzione raccolta - quintali,SUNFLO: girasole,ALL: tutte le voci,2026,947505,,,,"TIPO_DATO5__HP_Q_EXT_N1: Per tutte le coltivazioni foraggere temporanee e permanenti, a partire dal 2020 i valori di produzione sono espressi in quintali;<br />Dal 2020 sono diffusi i valori di produzione raccolta in quanto necessari per il calcolo della resa. <br />La serie storica e di conseguenza l'attendibilità dei dati diffusi negli anni precedenti non vengono compromessi perché, per le foraggere, i valori di produzione totale e raccolta coincidono.",I1120: I1120,,,,,,
IT1:101_1015(1.0),A: annuale,ITE3: Marche,TP_QUIN_EXT: produzione totale - quintali,APPLE: mela,ALL: tutte le voci,2024,45950,,,,,F1110: F1110,,,,,,
IT1:101_1015(1.0),A: annuale,ITE3: Marche,TP_QUIN_EXT: produzione totale - quintali,APPLE: mela,ALL: tutte le voci,2025,56720,,,,,F1110: F1110,,,,,,
IT1:101_1015(1.0),A: annuale,ITE3: Marche,TP_QUIN_EXT: produzione totale - quintali,APPLE: mela,ALL: tutte le voci,2026,59450,,,,,F1110: F1110,,,,,,
IT1:101_1015(1.0),A: annuale,ITE3: Marche,TP_QUIN_EXT: produzione totale - quintali,BARLEY: orzo,ALL: tutte le voci,2024,461221,,,,,C1300: C1300,,,,,,
IT1:101_1015(1.0),A: annuale,ITE3: Marche,TP_QUIN_EXT: produzione totale - quintali,BARLEY: orzo,ALL: tutte le voci,2025,461365,,,,,C1300: C1300,,,,,,
IT1:101_1015(1.0),A: annuale,ITE3: Marche,TP_QUIN_EXT: produzione totale - quintali,BARLEY: orzo,ALL: tutte le voci,2026,629359,,,,,C1300: C1300,,,,,,
IT1:101_1015(1.0),A: annuale,ITE3: Marche,TP_QUIN_EXT: produzione totale - quintali,KIWI: kiwi,ALL: tutte le voci,2024,4353,,,,,F2200: F2200,,,,,,
IT1:101_1015(1.0),A: annuale,ITE3: Marche,TP_QUIN_EXT: produzione totale - quintali,KIWI: kiwi,ALL: tutte le voci,2025,5760,,,,,F2200: F2200,,,,,,
IT1:101_1015(1.0),A: annuale,ITE3: Marche,TP_QUIN_EXT: produzione totale - quintali,KIWI: kiwi,ALL: tutte le voci,2026,5137,,,,,F2200: F2200,,,,,,
IT1:101_1015(1.0),A: annuale,ITE3: Marche,TP_QUIN_EXT: produzione totale - quintali,PEACH: pesca,ALL: tutte le voci,2024,76225,,,,,F1210: F1210,,,,,,
IT1:101_1015(1.0),A: annuale,ITE3: Marche,TP_QUIN_EXT: produzione totale - quintali,PEACH: pesca,ALL: tutte le voci,2025,83480,,,,,F1210: F1210,,,,,,
IT1:101_1015(1.0),A: annuale,ITE3: Marche,TP_QUIN_EXT: produzione totale - quintali,PEACH: pesca,ALL: tutte le voci,2026,81141,,,,,F1210: F1210,,,,,,
IT1:101_1015(1.0),A: annuale,ITE3: Marche,TP_QUIN_EXT: produzione totale - quintali,POTA: patata comune,ALL: tutte le voci,2024,41102,,,,,R1000_II: R1000_II,,,,,,
IT1:101_1015(1.0),A: annuale,ITE3: Marche,TP_QUIN_EXT: produzione totale - quintali,POTA: patata comune,ALL: tutte le voci,2025,59588,,,,,R1000_II: R1000_II,,,,,,
IT1:101_1015(1.0),A: annuale,ITE3: Marche,TP_QUIN_EXT: produzione totale - quintali,POTA: patata comune,ALL: tutte le voci,2026,54592,,,,,R1000_II: R1000_II,,,,,,
IT1:101_1015(1.0),A: annuale,ITE3: Marche,TP_QUIN_EXT: produzione totale - quintali,SUNFLO: girasole,ALL: tutte le voci,2024,890820,,,,,I1120: I1120,,,,,,
IT1:101_1015(1.0),A: annuale,ITE3: Marche,TP_QUIN_EXT: produzione totale - quintali,SUNFLO: girasole,ALL: tutte le voci,2025,901058,,,,,I1120: I1120,,,,,,
IT1:101_1015(1.0),A: annuale,ITE3: Marche,TP_QUIN_EXT: produzione totale - quintali,SUNFLO: girasole,ALL: tutte le voci,2026,1108633,,,,,I1120: I1120,,,,,,
IT1:101_1015(1.0),A: annuale,ITE4: Lazio,ART: superficie totale - ettari,APPLE: mela,ALL: tutte le voci,2024,397,,,,,F1110: F1110,,,,,,
IT1:101_1015(1.0),A: annuale,ITE4: Lazio,ART: superficie totale - ettari,APPLE: mela,ALL: tutte le voci,2025,389,,,,,F1110: F1110,,,,,,
IT1:101_1015(1.0),A: annuale,ITE4: Lazio,ART: superficie totale - ettari,APPLE: mela,ALL: tutte le voci,2026,370,,,,,F1110: F1110,,,,,,
IT1:101_1015(1.0),A: annuale,ITE4: Lazio,ART: superficie totale - ettari,BARLEY: orzo,ALL: tutte le voci,2024,16265,,,,,C1300: C1300,,,,,,
IT1:101_1015(1.0),A: annuale,ITE4: Lazio,ART: superficie totale - ettari,BARLEY: orzo,ALL: tutte le voci,2025,16270,,,,,C1300: C1300,,,,,,
IT1:101_1015(1.0),A: annuale,ITE4: Lazio,ART: superficie totale - ettari,BARLEY: orzo,ALL: tutte le voci,2026,16375,,,,,C1300: C1300,,,,,,
IT1:101_1015(1.0),A: annuale,ITE4: Lazio,ART: superficie totale - ettari,KIWI: kiwi,ALL: tutte le voci,2024,9419,,,,,F2200: F2200,,,,,,
IT1:101_1015(1.0),A: annuale,ITE4: Lazio,ART: superficie totale - ettari,KIWI: kiwi,ALL: tutte le voci,2025,9464,,,,,F2200: F2200,,,,,,
IT1:101_1015(1.0),A: annuale,ITE4: Lazio,ART: superficie totale - ettari,KIWI: kiwi,ALL: tutte le voci,2026,9467,,,,,F2200: F2200,,,,,,
IT1:101_1015(1.0),A: annuale,ITE4: Lazio,ART: superficie totale - ettari,PEACH: pesca,ALL: tutte le voci,2024,1623,,,,,F1210: F1210,,,,,,
IT1:101_1015(1.0),A: annuale,ITE4: Lazio,ART: superficie totale - ettari,PEACH: pesca,ALL: tutte le voci,2025,1618,,,,,F1210: F1210,,,,,,
IT1:101_1015(1.0),A: annuale,ITE4: Lazio,ART: superficie totale - ettari,PEACH: pesca,ALL: tutte le voci,2026,1602,,,,,F1210: F1210,,,,,,
IT1:101_1015(1.0),A: annuale,ITE4: Lazio,ART: superficie totale - ettari,POTA: patata comune,ALL: tutte le voci,2024,2154,,,,,R1000_II: R1000_II,,,,,,
IT1:101_1015(1.0),A: annuale,ITE4: Lazio,ART: superficie totale - ettari,POTA: patata comune,ALL: tutte le voci,2025,2161,,,,,R1000_II: R1000_II,,,,,,
IT1:101_1015(1.0),A: annuale,ITE4: Lazio,ART: superficie totale - ettari,POTA: patata comune,ALL: tutte le voci,2026,2166,,,,,R1000_II: R1000_II,,,,,,
IT1:101_1015(1.0),A: annuale,ITE4: Lazio,ART: superficie totale - ettari,SUNFLO: girasole,ALL: tutte le voci,2024,2941,,,,,I1120: I1120,,,,,,
IT1:101_1015(1.0),A: annuale,ITE4: Lazio,ART: superficie totale - ettari,SUNFLO: girasole,ALL: tutte le voci,2025,2762,,,,,I1120: I1120,,,,,,
IT1:101_1015(1.0),A: annuale,ITE4: Lazio,ART: superficie totale - ettari,SUNFLO: girasole,ALL: tutte le voci,2026,2766,,,,,I1120: I1120,,,,,,
IT1:101_1015(1.0),A: annuale,ITE4: Lazio,HP_Q_EXT: produzione raccolta - quintali,APPLE: mela,ALL: tutte le voci,2024,47258,,,,"TIPO_DATO5__HP_Q_EXT_N1: Per tutte le coltivazioni foraggere temporanee e permanenti, a partire dal 2020 i valori di produzione sono espressi in quintali;<br />Dal 2020 sono diffusi i valori di produzione raccolta in quanto necessari per il calcolo della resa. <br />La serie storica e di conseguenza l'attendibilità dei dati diffusi negli anni precedenti non vengono compromessi perché, per le foraggere, i valori di produzione totale e raccolta coincidono.",F1110: F1110,,,,,,
IT1:101_1015(1.0),A: annuale,ITE4: Lazio,HP_Q_EXT: produzione raccolta - quintali,APPLE: mela,ALL: tutte le voci,2025,46703,,,,"TIPO_DATO5__HP_Q_EXT_N1: Per tutte le coltivazioni foraggere temporanee e permanenti, a partire dal 2020 i valori di produzione sono espressi in quintali;<br />Dal 2020 sono diffusi i valori di produzione raccolta in quanto necessari per il calcolo della resa. <br />La serie storica e di conseguenza l'attendibilità dei dati diffusi negli anni precedenti non vengono compromessi perché, per le foraggere, i valori di produzione totale e raccolta coincidono.",F1110: F1110,,,,,,
IT1:101_1015(1.0),A: annuale,ITE4: Lazio,HP_Q_EXT: produzione raccolta - quintali,APPLE: mela,ALL: tutte le voci,2026,39686,,,,"TIPO_DATO5__HP_Q_EXT_N1: Per tutte le coltivazioni foraggere temporanee e permanenti, a partire dal 2020 i valori di produzione sono espressi in quintali;<br />Dal 2020 sono diffusi i valori di produzione raccolta in quanto necessari per il calcolo della resa. <br />La serie storica e di conseguenza l'attendibilità dei dati diffusi negli anni precedenti non vengono compromessi perché, per le foraggere, i valori di produzione totale e raccolta coincidono.",F1110: F1110,,,,,,
IT1:101_1015(1.0),A: annuale,ITE4: Lazio,HP_Q_EXT: produzione raccolta - quintali,BARLEY: orzo,ALL: tutte le voci,2024,605080,,,,"TIPO_DATO5__HP_Q_EXT_N1: Per tutte le coltivazioni foraggere temporanee e permanenti, a partire dal 2020 i valori di produzione sono espressi in quintali;<br />Dal 2020 sono diffusi i valori di produzione raccolta in quanto necessari per il calcolo della resa. <br />La serie storica e di conseguenza l'attendibilità dei dati diffusi negli anni precedenti non vengono compromessi perché, per le foraggere, i valori di produzione totale e raccolta coincidono.",C1300: C1300,,,,,,
IT1:101_1015(1.0),A: annuale,ITE4: Lazio,HP_Q_EXT: produzione raccolta - quintali,BARLEY: orzo,ALL: tutte le voci,2025,607040,,,,"TIPO_DATO5__HP_Q_EXT_N1: Per tutte le coltivazioni foraggere temporanee e permanenti, a partire dal 2020 i valori di produzione sono espressi in quintali;<br />Dal 2020 sono diffusi i valori di produzione raccolta in quanto necessari per il calcolo della resa. <br />La serie storica e di conseguenza l'attendibilità dei dati diffusi negli anni precedenti non vengono compromessi perché, per le foraggere, i valori di produzione totale e raccolta coincidono.",C1300: C1300,,,,,,
IT1:101_1015(1.0),A: annuale,ITE4: Lazio,HP_Q_EXT: produzione raccolta - quintali,BARLEY: orzo,ALL: tutte le voci,2026,643400,,,,"TIPO_DATO5__HP_Q_EXT_N1: Per tutte le coltivazioni foraggere temporanee e permanenti, a partire dal 2020 i valori di produzione sono espressi in quintali;<br />Dal 2020 sono diffusi i valori di produzione raccolta in quanto necessari per il calcolo della resa. <br />La serie storica e di conseguenza l'attendibilità dei dati diffusi negli anni precedenti non vengono compromessi perché, per le foraggere, i valori di produzione totale e raccolta coincidono.",C1300: C1300,,,,,,
IT1:101_1015(1.0),A: annuale,ITE4: Lazio,HP_Q_EXT: produzione raccolta - quintali,KIWI: kiwi,ALL: tutte le voci,2024,1905760,,,,"TIPO_DATO5__HP_Q_EXT_N1: Per tutte le coltivazioni foraggere temporanee e permanenti, a partire dal 2020 i valori di produzione sono espressi in quintali;<br />Dal 2020 sono diffusi i valori di produzione raccolta in quanto necessari per il calcolo della resa. <br />La serie storica e di conseguenza l'attendibilità dei dati diffusi negli anni precedenti non vengono compromessi perché, per le foraggere, i valori di produzione totale e raccolta coincidono.",F2200: F2200,,,,,,
IT1:101_1015(1.0),A: annuale,ITE4: Lazio,HP_Q_EXT: produzione raccolta - quintali,KIWI: kiwi,ALL: tutte le voci,2025,2079720,,,,"TIPO_DATO5__HP_Q_EXT_N1: Per tutte le coltivazioni foraggere temporanee e permanenti, a partire dal 2020 i valori di produzione sono espressi in quintali;<br />Dal 2020 sono diffusi i valori di produzione raccolta in quanto necessari per il calcolo della resa. <br />La serie storica e di conseguenza l'attendibilità dei dati diffusi negli anni precedenti non vengono compromessi perché, per le foraggere, i valori di produzione totale e raccolta coincidono.",F2200: F2200,,,,,,
IT1:101_1015(1.0),A: annuale,ITE4: Lazio,HP_Q_EXT: produzione raccolta - quintali,KIWI: kiwi,ALL: tutte le voci,2026,2067830,,,,"TIPO_DATO5__HP_Q_EXT_N1: Per tutte le coltivazioni foraggere temporanee e permanenti, a partire dal 2020 i valori di produzione sono espressi in quintali;<br />Dal 2020 sono diffusi i valori di produzione raccolta in quanto necessari per il calcolo della resa. <br />La serie storica e di conseguenza l'attendibilità dei dati diffusi negli anni precedenti non vengono compromessi perché, per le foraggere, i valori di produzione totale e raccolta coincidono.",F2200: F2200,,,,,,
IT1:101_1015(1.0),A: annuale,ITE4: Lazio,HP_Q_EXT: produzione raccolta - quintali,PEACH: pesca,ALL: tutte le voci,2024,195108,,,,"TIPO_DATO5__HP_Q_EXT_N1: Per tutte le coltivazioni foraggere temporanee e permanenti, a partire dal 2020 i valori di produzione sono espressi in quintali;<br />Dal 2020 sono diffusi i valori di produzione raccolta in quanto necessari per il calcolo della resa. <br />La serie storica e di conseguenza l'attendibilità dei dati diffusi negli anni precedenti non vengono compromessi perché, per le foraggere, i valori di produzione totale e raccolta coincidono.",F1210: F1210,,,,,,
IT1:101_1015(1.0),A: annuale,ITE4: Lazio,HP_Q_EXT: produzione raccolta - quintali,PEACH: pesca,ALL: tutte le voci,2025,185305,,,,"TIPO_DATO5__HP_Q_EXT_N1: Per tutte le coltivazioni foraggere temporanee e permanenti, a partire dal 2020 i valori di produzione sono espressi in quintali;<br />Dal 2020 sono diffusi i valori di produzione raccolta in quanto necessari per il calcolo della resa. <br />La serie storica e di conseguenza l'attendibilità dei dati diffusi negli anni precedenti non vengono compromessi perché, per le foraggere, i valori di produzione totale e raccolta coincidono.",F1210: F1210,,,,,,
IT1:101_1015(1.0),A: annuale,ITE4: Lazio,HP_Q_EXT: produzione raccolta - quintali,PEACH: pesca,ALL: tutte le voci,2026,182660,,,,"TIPO_DATO5__HP_Q_EXT_N1: Per tutte le coltivazioni foraggere temporanee e permanenti, a partire dal 2020 i valori di produzione sono espressi in quintali;<br />Dal 2020 sono diffusi i valori di produzione raccolta in quanto necessari per il calcolo della resa. <br />La serie storica e di conseguenza l'attendibilità dei dati diffusi negli anni precedenti non vengono compromessi perché, per le foraggere, i valori di produzione totale e raccolta coincidono.",F1210: F1210,,,,,,
IT1:101_1015(1.0),A: annuale,ITE4: Lazio,HP_Q_EXT: produzione raccolta - quintali,POTA: patata comune,ALL: tutte le voci,2024,628280,,,,"TIPO_DATO5__HP_Q_EXT_N1: Per tutte le coltivazioni foraggere temporanee e permanenti, a partire dal 2020 i valori di produzione sono espressi in quintali;<br />Dal 2020 sono diffusi i valori di produzione raccolta in quanto necessari per il calcolo della resa. <br />La serie storica e di conseguenza l'attendibilità dei dati diffusi negli anni precedenti non vengono compromessi perché, per le foraggere, i valori di produzione totale e raccolta coincidono.",R1000_II: R1000_II,,,,,,
IT1:101_1015(1.0),A: annuale,ITE4: Lazio,HP_Q_EXT: produzione raccolta - quintali,POTA: patata comune,ALL: tutte le voci,2025,637688,,,,"TIPO_DATO5__HP_Q_EXT_N1: Per tutte le coltivazioni foraggere temporanee e permanenti, a partire dal 2020 i valori di produzione sono espressi in quintali;<br />Dal 2020 sono diffusi i valori di produzione raccolta in quanto necessari per il calcolo della resa. <br />La serie storica e di conseguenza l'attendibilità dei dati diffusi negli anni precedenti non vengono compromessi perché, per le foraggere, i valori di produzione totale e raccolta coincidono.",R1000_II: R1000_II,,,,,,
IT1:101_1015(1.0),A: annuale,ITE4: Lazio,HP_Q_EXT: produzione raccolta - quintali,POTA: patata comune,ALL: tutte le voci,2026,627190,,,,"TIPO_DATO5__HP_Q_EXT_N1: Per tutte le coltivazioni foraggere temporanee e permanenti, a partire dal 2020 i valori di produzione sono espressi in quintali;<br />Dal 2020 sono diffusi i valori di produzione raccolta in quanto necessari per il calcolo della resa. <br />La serie storica e di conseguenza l'attendibilità dei dati diffusi negli anni precedenti non vengono compromessi perché, per le foraggere, i valori di produzione totale e raccolta coincidono.",R1000_II: R1000_II,,,,,,
IT1:101_1015(1.0),A: annuale,ITE4: Lazio,HP_Q_EXT: produzione raccolta - quintali,SUNFLO: girasole,ALL: tutte le voci,2024,66790,,,,"TIPO_DATO5__HP_Q_EXT_N1: Per tutte le coltivazioni foraggere temporanee e permanenti, a partire dal 2020 i valori di produzione sono espressi in quintali;<br />Dal 2020 sono diffusi i valori di produzione raccolta in quanto necessari per il calcolo della resa. <br />La serie storica e di conseguenza l'attendibilità dei dati diffusi negli anni precedenti non vengono compromessi perché, per le foraggere, i valori di produzione totale e raccolta coincidono.",I1120: I1120,,,,,,
IT1:101_1015(1.0),A: annuale,ITE4: Lazio,HP_Q_EXT: produzione raccolta - quintali,SUNFLO: girasole,ALL: tutte le voci,2025,63984,,,,"TIPO_DATO5__HP_Q_EXT_N1: Per tutte le coltivazioni foraggere temporanee e permanenti, a partire dal 2020 i valori di produzione sono espressi in quintali;<br />Dal 2020 sono diffusi i valori di produzione raccolta in quanto necessari per il calcolo della resa. <br />La serie storica e di conseguenza l'attendibilità dei dati diffusi negli anni precedenti non vengono compromessi perché, per le foraggere, i valori di produzione totale e raccolta coincidono.",I1120: I1120,,,,,,
IT1:101_1015(1.0),A: annuale,ITE4: Lazio,HP_Q_EXT: produzione raccolta - quintali,SUNFLO: girasole,ALL: tutte le voci,2026,44868,,,,"TIPO_DATO5__HP_Q_EXT_N1: Per tutte le coltivazioni foraggere temporanee e permanenti, a partire dal 2020 i valori di produzione sono espressi in quintali;<br />Dal 2020 sono diffusi i valori di produzione raccolta in quanto necessari per il calcolo della resa. <br />La serie storica e di conseguenza l'attendibilità dei dati diffusi negli anni precedenti non vengono compromessi perché, per le foraggere, i valori di produzione totale e raccolta coincidono.",I1120: I1120,,,,,,
IT1:101_1015(1.0),A: annuale,ITE4: Lazio,TP_QUIN_EXT: produzione totale - quintali,APPLE: mela,ALL: tutte le voci,2024,51360,,,,,F1110: F1110,,,,,,
IT1:101_1015(1.0),A: annuale,ITE4: Lazio,TP_QUIN_EXT: produzione totale - quintali,APPLE: mela,ALL: tutte le voci,2025,50330,,,,,F1110: F1110,,,,,,
IT1:101_1015(1.0),A: annuale,ITE4: Lazio,TP_QUIN_EXT: produzione totale - quintali,APPLE: mela,ALL: tutte le voci,2026,41880,,,,,F1110: F1110,,,,,,
IT1:101_1015(1.0),A: annuale,ITE4: Lazio,TP_QUIN_EXT: produzione totale - quintali,BARLEY: orzo,ALL: tutte le voci,2024,613180,,,,,C1300: C1300,,,,,,
IT1:101_1015(1.0),A: annuale,ITE4: Lazio,TP_QUIN_EXT: produzione totale - quintali,BARLEY: orzo,ALL: tutte le voci,2025,623300,,,,,C1300: C1300,,,,,,
IT1:101_1015(1.0),A: annuale,ITE4: Lazio,TP_QUIN_EXT: produzione totale - quintali,BARLEY: orzo,ALL: tutte le voci,2026,659500,,,,,C1300: C1300,,,,,,
IT1:101_1015(1.0),A: annuale,ITE4: Lazio,TP_QUIN_EXT: produzione totale - quintali,KIWI: kiwi,ALL: tutte le voci,2024,1956000,,,,,F2200: F2200,,,,,,
IT1:101_1015(1.0),A: annuale,ITE4: Lazio,TP_QUIN_EXT: produzione totale - quintali,KIWI: kiwi,ALL: tutte le voci,2025,2125500,,,,,F2200: F2200,,,,,,
IT1:101_1015(1.0),A: annuale,ITE4: Lazio,TP_QUIN_EXT: produzione totale - quintali,KIWI: kiwi,ALL: tutte le voci,2026,2106500,,,,,F2200: F2200,,,,,,
IT1:101_1015(1.0),A: annuale,ITE4: Lazio,TP_QUIN_EXT: produzione totale - quintali,PEACH: pesca,ALL: tutte le voci,2024,216800,,,,,F1210: F1210,,,,,,
IT1:101_1015(1.0),A: annuale,ITE4: Lazio,TP_QUIN_EXT: produzione totale - quintali,PEACH: pesca,ALL: tutte le voci,2025,205350,,,,,F1210: F1210,,,,,,
IT1:101_1015(1.0),A: annuale,ITE4: Lazio,TP_QUIN_EXT: produzione totale - quintali,PEACH: pesca,ALL: tutte le voci,2026,200650,,,,,F1210: F1210,,,,,,
IT1:101_1015(1.0),A: annuale,ITE4: Lazio,TP_QUIN_EXT: produzione totale - quintali,POTA: patata comune,ALL: tutte le voci,2024,641400,,,,,R1000_II: R1000_II,,,,,,
IT1:101_1015(1.0),A: annuale,ITE4: Lazio,TP_QUIN_EXT: produzione totale - quintali,POTA: patata comune,ALL: tutte le voci,2025,651800,,,,,R1000_II: R1000_II,,,,,,
IT1:101_1015(1.0),A: annuale,ITE4: Lazio,TP_QUIN_EXT: produzione totale - quintali,POTA: patata comune,ALL: tutte le voci,2026,641270,,,,,R1000_II: R1000_II,,,,,,
IT1:101_1015(1.0),A: annuale,ITE4: Lazio,TP_QUIN_EXT: produzione totale - quintali,SUNFLO: girasole,ALL: tutte le voci,2024,69700,,,,,I1120: I1120,,,,,,
IT1:101_1015(1.0),A: annuale,ITE4: Lazio,TP_QUIN_EXT: produzione totale - quintali,SUNFLO: girasole,ALL: tutte le voci,2025,66900,,,,,I1120: I1120,,,,,,
IT1:101_1015(1.0),A: annuale,ITE4: Lazio,TP_QUIN_EXT: produzione totale - quintali,SUNFLO: girasole,ALL: tutte le voci,2026,46690,,,,,I1120: I1120,,,,,,
IT1:101_1015(1.0),A: annuale,ITF1: Abruzzo,ART: superficie totale - ettari,APPLE: mela,ALL: tutte le voci,2024,508,,,,,F1110: F1110,,,,,,
IT1:101_1015(1.0),A: annuale,ITF1: Abruzzo,ART: superficie totale - ettari,APPLE: mela,ALL: tutte le voci,2025,508,,,,,F1110: F1110,,,,,,
IT1:101_1015(1.0),A: annuale,ITF1: Abruzzo,ART: superficie totale - ettari,APPLE: mela,ALL: tutte le voci,2026,357,,,,,F1110: F1110,,,,,,
IT1:101_1015(1.0),A: annuale,ITF1: Abruzzo,ART: superficie totale - ettari,BARLEY: orzo,ALL: tutte le voci,2024,20450,,,,,C1300: C1300,,,,,,
IT1:101_1015(1.0),A: annuale,ITF1: Abruzzo,ART: superficie totale - ettari,BARLEY: orzo,ALL: tutte le voci,2025,20450,,,,,C1300: C1300,,,,,,
IT1:101_1015(1.0),A: annuale,ITF1: Abruzzo,ART: superficie totale - ettari,BARLEY: orzo,ALL: tutte le voci,2026,20250,,,,,C1300: C1300,,,,,,
IT1:101_1015(1.0),A: annuale,ITF1: Abruzzo,ART: superficie totale - ettari,KIWI: kiwi,ALL: tutte le voci,2024,168,,,,,F2200: F2200,,,,,,
IT1:101_1015(1.0),A: annuale,ITF1: Abruzzo,ART: superficie totale - ettari,KIWI: kiwi,ALL: tutte le voci,2025,168,,,,,F2200: F2200,,,,,,
IT1:101_1015(1.0),A: annuale,ITF1: Abruzzo,ART: superficie totale - ettari,KIWI: kiwi,ALL: tutte le voci,2026,185,,,,,F2200: F2200,,,,,,
IT1:101_1015(1.0),A: annuale,ITF1: Abruzzo,ART: superficie totale - ettari,PEACH: pesca,ALL: tutte le voci,2024,1705,,,,,F1210: F1210,,,,,,
IT1:101_1015(1.0),A: annuale,ITF1: Abruzzo,ART: superficie totale - ettari,PEACH: pesca,ALL: tutte le voci,2025,1695,,,,,F1210: F1210,,,,,,
IT1:101_1015(1.0),A: annuale,ITF1: Abruzzo,ART: superficie totale - ettari,PEACH: pesca,ALL: tutte le voci,2026,1659,,,,,F1210: F1210,,,,,,
IT1:101_1015(1.0),A: annuale,ITF1: Abruzzo,ART: superficie totale - ettari,POTA: patata comune,ALL: tutte le voci,2024,4570,,,,,R1000_II: R1000_II,,,,,,
IT1:101_1015(1.0),A: annuale,ITF1: Abruzzo,ART: superficie totale - ettari,POTA: patata comune,ALL: tutte le voci,2025,4570,,,,,R1000_II: R1000_II,,,,,,
IT1:101_1015(1.0),A: annuale,ITF1: Abruzzo,ART: superficie totale - ettari,POTA: patata comune,ALL: tutte le voci,2026,3890,,,,,R1000_II: R1000_II,,,,,,
IT1:101_1015(1.0),A: annuale,ITF1: Abruzzo,ART: superficie totale - ettari,SUNFLO: girasole,ALL: tutte le voci,2024,3888,,,,,I1120: I1120,,,,,,
IT1:101_1015(1.0),A: annuale,ITF1: Abruzzo,ART: superficie totale - ettari,SUNFLO: girasole,ALL: tutte le voci,2025,3888,,,,,I1120: I1120,,,,,,
IT1:101_1015(1.0),A: annuale,ITF1: Abruzzo,ART: superficie totale - ettari,SUNFLO: girasole,ALL: tutte le voci,2026,3965,,,,,I1120: I1120,,,,,,
IT1:101_1015(1.0),A: annuale,ITF1: Abruzzo,HP_Q_EXT: produzione raccolta - quintali,APPLE: mela,ALL: tutte le voci,2024,122398,,,,"TIPO_DATO5__HP_Q_EXT_N1: Per tutte le coltivazioni foraggere temporanee e permanenti, a partire dal 2020 i valori di produzione sono espressi in quintali;<br />Dal 2020 sono diffusi i valori di produzione raccolta in quanto necessari per il calcolo della resa. <br />La serie storica e di conseguenza l'attendibilità dei dati diffusi negli anni precedenti non vengono compromessi perché, per le foraggere, i valori di produzione totale e raccolta coincidono.",F1110: F1110,,,,,,
IT1:101_1015(1.0),A: annuale,ITF1: Abruzzo,HP_Q_EXT: produzione raccolta - quintali,APPLE: mela,ALL: tutte le voci,2025,122900,,,,"TIPO_DATO5__HP_Q_EXT_N1: Per tutte le coltivazioni foraggere temporanee e permanenti, a partire dal 2020 i valori di produzione sono espressi in quintali;<br />Dal 2020 sono diffusi i valori di produzione raccolta in quanto necessari per il calcolo della resa. <br />La serie storica e di conseguenza l'attendibilità dei dati diffusi negli anni precedenti non vengono compromessi perché, per le foraggere, i valori di produzione totale e raccolta coincidono.",F1110: F1110,,,,,,
IT1:101_1015(1.0),A: annuale,ITF1: Abruzzo,HP_Q_EXT: produzione raccolta - quintali,APPLE: mela,ALL: tutte le voci,2026,87500,,,,"TIPO_DATO5__HP_Q_EXT_N1: Per tutte le coltivazioni foraggere temporanee e permanenti, a partire dal 2020 i valori di produzione sono espressi in quintali;<br />Dal 2020 sono diffusi i valori di produzione raccolta in quanto necessari per il calcolo della resa. <br />La serie storica e di conseguenza l'attendibilità dei dati diffusi negli anni precedenti non vengono compromessi perché, per le foraggere, i valori di produzione totale e raccolta coincidono.",F1110: F1110,,,,,,
IT1:101_1015(1.0),A: annuale,ITF1: Abruzzo,HP_Q_EXT: produzione raccolta - quintali,BARLEY: orzo,ALL: tutte le voci,2024,632000,,,,"TIPO_DATO5__HP_Q_EXT_N1: Per tutte le coltivazioni foraggere temporanee e permanenti, a partire dal 2020 i valori di produzione sono espressi in quintali;<br />Dal 2020 sono diffusi i valori di produzione raccolta in quanto necessari per il calcolo della resa. <br />La serie storica e di conseguenza l'attendibilità dei dati diffusi negli anni precedenti non vengono compromessi perché, per le foraggere, i valori di produzione totale e raccolta coincidono.",C1300: C1300,,,,,,
IT1:101_1015(1.0),A: annuale,ITF1: Abruzzo,HP_Q_EXT: produzione raccolta - quintali,BARLEY: orzo,ALL: tutte le voci,2025,634000,,,,"TIPO_DATO5__HP_Q_EXT_N1: Per tutte le coltivazioni foraggere temporanee e permanenti, a partire dal 2020 i valori di produzione sono espressi in quintali;<br />Dal 2020 sono diffusi i valori di produzione raccolta in quanto necessari per il calcolo della resa. <br />La serie storica e di conseguenza l'attendibilità dei dati diffusi negli anni precedenti non vengono compromessi perché, per le foraggere, i valori di produzione totale e raccolta coincidono.",C1300: C1300,,,,,,
IT1:101_1015(1.0),A: annuale,ITF1: Abruzzo,HP_Q_EXT: produzione raccolta - quintali,BARLEY: orzo,ALL: tutte le voci,2026,693500,,,,"TIPO_DATO5__HP_Q_EXT_N1: Per tutte le coltivazioni foraggere temporanee e permanenti, a partire dal 2020 i valori di produzione sono espressi in quintali;<br />Dal 2020 sono diffusi i valori di produzione raccolta in quanto necessari per il calcolo della resa. <br />La serie storica e di conseguenza l'attendibilità dei dati diffusi negli anni precedenti non vengono compromessi perché, per le foraggere, i valori di produzione totale e raccolta coincidono.",C1300: C1300,,,,,,
IT1:101_1015(1.0),A: annuale,ITF1: Abruzzo,HP_Q_EXT: produzione raccolta - quintali,KIWI: kiwi,ALL: tutte le voci,2024,41349,,,,"TIPO_DATO5__HP_Q_EXT_N1: Per tutte le coltivazioni foraggere temporanee e permanenti, a partire dal 2020 i valori di produzione sono espressi in quintali;<br />Dal 2020 sono diffusi i valori di produzione raccolta in quanto necessari per il calcolo della resa. <br />La serie storica e di conseguenza l'attendibilità dei dati diffusi negli anni precedenti non vengono compromessi perché, per le foraggere, i valori di produzione totale e raccolta coincidono.",F2200: F2200,,,,,,
IT1:101_1015(1.0),A: annuale,ITF1: Abruzzo,HP_Q_EXT: produzione raccolta - quintali,KIWI: kiwi,ALL: tutte le voci,2025,42349,,,,"TIPO_DATO5__HP_Q_EXT_N1: Per tutte le coltivazioni foraggere temporanee e permanenti, a partire dal 2020 i valori di produzione sono espressi in quintali;<br />Dal 2020 sono diffusi i valori di produzione raccolta in quanto necessari per il calcolo della resa. <br />La serie storica e di conseguenza l'attendibilità dei dati diffusi negli anni precedenti non vengono compromessi perché, per le foraggere, i valori di produzione totale e raccolta coincidono.",F2200: F2200,,,,,,
IT1:101_1015(1.0),A: annuale,ITF1: Abruzzo,HP_Q_EXT: produzione raccolta - quintali,KIWI: kiwi,ALL: tutte le voci,2026,41000,,,,"TIPO_DATO5__HP_Q_EXT_N1: Per tutte le coltivazioni foraggere temporanee e permanenti, a partire dal 2020 i valori di produzione sono espressi in quintali;<br />Dal 2020 sono diffusi i valori di produzione raccolta in quanto necessari per il calcolo della resa. <br />La serie storica e di conseguenza l'attendibilità dei dati diffusi negli anni precedenti non vengono compromessi perché, per le foraggere, i valori di produzione totale e raccolta coincidono.",F2200: F2200,,,,,,
IT1:101_1015(1.0),A: annuale,ITF1: Abruzzo,HP_Q_EXT: produzione raccolta - quintali,PEACH: pesca,ALL: tutte le voci,2024,244000,,,,"TIPO_DATO5__HP_Q_EXT_N1: Per tutte le coltivazioni foraggere temporanee e permanenti, a partire dal 2020 i valori di produzione sono espressi in quintali;<br />Dal 2020 sono diffusi i valori di produzione raccolta in quanto necessari per il calcolo della resa. <br />La serie storica e di conseguenza l'attendibilità dei dati diffusi negli anni precedenti non vengono compromessi perché, per le foraggere, i valori di produzione totale e raccolta coincidono.",F1210: F1210,,,,,,
IT1:101_1015(1.0),A: annuale,ITF1: Abruzzo,HP_Q_EXT: produzione raccolta - quintali,PEACH: pesca,ALL: tutte le voci,2025,264100,,,,"TIPO_DATO5__HP_Q_EXT_N1: Per tutte le coltivazioni foraggere temporanee e permanenti, a partire dal 2020 i valori di produzione sono espressi in quintali;<br />Dal 2020 sono diffusi i valori di produzione raccolta in quanto necessari per il calcolo della resa. <br />La serie storica e di conseguenza l'attendibilità dei dati diffusi negli anni precedenti non vengono compromessi perché, per le foraggere, i valori di produzione totale e raccolta coincidono.",F1210: F1210,,,,,,
IT1:101_1015(1.0),A: annuale,ITF1: Abruzzo,HP_Q_EXT: produzione raccolta - quintali,PEACH: pesca,ALL: tutte le voci,2026,318550,,,,"TIPO_DATO5__HP_Q_EXT_N1: Per tutte le coltivazioni foraggere temporanee e permanenti, a partire dal 2020 i valori di produzione sono espressi in quintali;<br />Dal 2020 sono diffusi i valori di produzione raccolta in quanto necessari per il calcolo della resa. <br />La serie storica e di conseguenza l'attendibilità dei dati diffusi negli anni precedenti non vengono compromessi perché, per le foraggere, i valori di produzione totale e raccolta coincidono.",F1210: F1210,,,,,,
IT1:101_1015(1.0),A: annuale,ITF1: Abruzzo,HP_Q_EXT: produzione raccolta - quintali,POTA: patata comune,ALL: tutte le voci,2024,1705000,,,,"TIPO_DATO5__HP_Q_EXT_N1: Per tutte le coltivazioni foraggere temporanee e permanenti, a partire dal 2020 i valori di produzione sono espressi in quintali;<br />Dal 2020 sono diffusi i valori di produzione raccolta in quanto necessari per il calcolo della resa. <br />La serie storica e di conseguenza l'attendibilità dei dati diffusi negli anni precedenti non vengono compromessi perché, per le foraggere, i valori di produzione totale e raccolta coincidono.",R1000_II: R1000_II,,,,,,
IT1:101_1015(1.0),A: annuale,ITF1: Abruzzo,HP_Q_EXT: produzione raccolta - quintali,POTA: patata comune,ALL: tutte le voci,2025,1705000,,,,"TIPO_DATO5__HP_Q_EXT_N1: Per tutte le coltivazioni foraggere temporanee e permanenti, a partire dal 2020 i valori di produzione sono espressi in quintali;<br />Dal 2020 sono diffusi i valori di produzione raccolta in quanto necessari per il calcolo della resa. <br />La serie storica e di conseguenza l'attendibilità dei dati diffusi negli anni precedenti non vengono compromessi perché, per le foraggere, i valori di produzione totale e raccolta coincidono.",R1000_II: R1000_II,,,,,,
IT1:101_1015(1.0),A: annuale,ITF1: Abruzzo,HP_Q_EXT: produzione raccolta - quintali,POTA: patata comune,ALL: tutte le voci,2026,1286550,,,,"TIPO_DATO5__HP_Q_EXT_N1: Per tutte le coltivazioni foraggere temporanee e permanenti, a partire dal 2020 i valori di produzione sono espressi in quintali;<br />Dal 2020 sono diffusi i valori di produzione raccolta in quanto necessari per il calcolo della resa. <br />La serie storica e di conseguenza l'attendibilità dei dati diffusi negli anni precedenti non vengono compromessi perché, per le foraggere, i valori di produzione totale e raccolta coincidono.",R1000_II: R1000_II,,,,,,
IT1:101_1015(1.0),A: annuale,ITF1: Abruzzo,HP_Q_EXT: produzione raccolta - quintali,SUNFLO: girasole,ALL: tutte le voci,2024,76850,,,,"TIPO_DATO5__HP_Q_EXT_N1: Per tutte le coltivazioni foraggere temporanee e permanenti, a partire dal 2020 i valori di produzione sono espressi in quintali;<br />Dal 2020 sono diffusi i valori di produzione raccolta in quanto necessari per il calcolo della resa. <br />La serie storica e di conseguenza l'attendibilità dei dati diffusi negli anni precedenti non vengono compromessi perché, per le foraggere, i valori di produzione totale e raccolta coincidono.",I1120: I1120,,,,,,
IT1:101_1015(1.0),A: annuale,ITF1: Abruzzo,HP_Q_EXT: produzione raccolta - quintali,SUNFLO: girasole,ALL: tutte le voci,2025,76850,,,,"TIPO_DATO5__HP_Q_EXT_N1: Per tutte le coltivazioni foraggere temporanee e permanenti, a partire dal 2020 i valori di produzione sono espressi in quintali;<br />Dal 2020 sono diffusi i valori di produzione raccolta in quanto necessari per il calcolo della resa. <br />La serie storica e di conseguenza l'attendibilità dei dati diffusi negli anni precedenti non vengono compromessi perché, per le foraggere, i valori di produzione totale e raccolta coincidono.",I1120: I1120,,,,,,
IT1:101_1015(1.0),A: annuale,ITF1: Abruzzo,HP_Q_EXT: produzione raccolta - quintali,SUNFLO: girasole,ALL: tutte le voci,2026,78600,,,,"TIPO_DATO5__HP_Q_EXT_N1: Per tutte le coltivazioni foraggere temporanee e permanenti, a partire dal 2020 i valori di produzione sono espressi in quintali;<br />Dal 2020 sono diffusi i valori di produzione raccolta in quanto necessari per il calcolo della resa. <br />La serie storica e di conseguenza l'attendibilità dei dati diffusi negli anni precedenti non vengono compromessi perché, per le foraggere, i valori di produzione totale e raccolta coincidono.",I1120: I1120,,,,,,
IT1:101_1015(1.0),A: annuale,ITF1: Abruzzo,TP_QUIN_EXT: produzione totale - quintali,APPLE: mela,ALL: tutte le voci,2024,123398,,,,,F1110: F1110,,,,,,
IT1:101_1015(1.0),A: annuale,ITF1: Abruzzo,TP_QUIN_EXT: produzione totale - quintali,APPLE: mela,ALL: tutte le voci,2025,123900,,,,,F1110: F1110,,,,,,
IT1:101_1015(1.0),A: annuale,ITF1: Abruzzo,TP_QUIN_EXT: produzione totale - quintali,APPLE: mela,ALL: tutte le voci,2026,87500,,,,,F1110: F1110,,,,,,
IT1:101_1015(1.0),A: annuale,ITF1: Abruzzo,TP_QUIN_EXT: produzione totale - quintali,BARLEY: orzo,ALL: tutte le voci,2024,632000,,,,,C1300: C1300,,,,,,
IT1:101_1015(1.0),A: annuale,ITF1: Abruzzo,TP_QUIN_EXT: produzione totale - quintali,BARLEY: orzo,ALL: tutte le voci,2025,634000,,,,,C1300: C1300,,,,,,
IT1:101_1015(1.0),A: annuale,ITF1: Abruzzo,TP_QUIN_EXT: produzione totale - quintali,BARLEY: orzo,ALL: tutte le voci,2026,693500,,,,,C1300: C1300,,,,,,
IT1:101_1015(1.0),A: annuale,ITF1: Abruzzo,TP_QUIN_EXT: produzione totale - quintali,KIWI: kiwi,ALL: tutte le voci,2024,41349,,,,,F2200: F2200,,,,,,
IT1:101_1015(1.0),A: annuale,ITF1: Abruzzo,TP_QUIN_EXT: produzione totale - quintali,KIWI: kiwi,ALL: tutte le voci,2025,42349,,,,,F2200: F2200,,,,,,
IT1:101_1015(1.0),A: annuale,ITF1: Abruzzo,TP_QUIN_EXT: produzione totale - quintali,KIWI: kiwi,ALL: tutte le voci,2026,41000,,,,,F2200: F2200,,,,,,
IT1:101_1015(1.0),A: annuale,ITF1: Abruzzo,TP_QUIN_EXT: produzione totale - quintali,PEACH: pesca,ALL: tutte le voci,2024,244000,,,,,F1210: F1210,,,,,,
IT1:101_1015(1.0),A: annuale,ITF1: Abruzzo,TP_QUIN_EXT: produzione totale - quintali,PEACH: pesca,ALL: tutte le voci,2025,264100,,,,,F1210: F1210,,,,,,
IT1:101_1015(1.0),A: annuale,ITF1: Abruzzo,TP_QUIN_EXT: produzione totale - quintali,PEACH: pesca,ALL: tutte le voci,2026,318550,,,,,F1210: F1210,,,,,,
IT1:101_1015(1.0),A: annuale,ITF1: Abruzzo,TP_QUIN_EXT: produzione totale - quintali,POTA: patata comune,ALL: tutte le voci,2024,1705000,,,,,R1000_II: R1000_II,,,,,,
IT1:101_1015(1.0),A: annuale,ITF1: Abruzzo,TP_QUIN_EXT: produzione totale - quintali,POTA: patata comune,ALL: tutte le voci,2025,1705000,,,,,R1000_II: R1000_II,,,,,,
IT1:101_1015(1.0),A: annuale,ITF1: Abruzzo,TP_QUIN_EXT: produzione totale - quintali,POTA: patata comune,ALL: tutte le voci,2026,1286550,,,,,R1000_II: R1000_II,,,,,,
IT1:101_1015(1.0),A: annuale,ITF1: Abruzzo,TP_QUIN_EXT: produzione totale - quintali,SUNFLO: girasole,ALL: tutte le voci,2024,76850,,,,,I1120: I1120,,,,,,
IT1:101_1015(1.0),A: annuale,ITF1: Abruzzo,TP_QUIN_EXT: produzione totale - quintali,SUNFLO: girasole,ALL: tutte le voci,2025,76850,,,,,I1120: I1120,,,,,,
IT1:101_1015(1.0),A: annuale,ITF1: Abruzzo,TP_QUIN_EXT: produzione totale - quintali,SUNFLO: girasole,ALL: tutte le voci,2026,78600,,,,,I1120: I1120,,,,,,
IT1:101_1015(1.0),A: annuale,ITF2: Molise,ART: superficie totale - ettari,APPLE: mela,ALL: tutte le voci,2024,170,,,,,F1110: F1110,,,,,,
IT1:101_1015(1.0),A: annuale,ITF2: Molise,ART: superficie totale - ettari,APPLE: mela,ALL: tutte le voci,2025,170,,,,,F1110: F1110,,,,,,
IT1:101_1015(1.0),A: annuale,ITF2: Molise,ART: superficie totale - ettari,APPLE: mela,ALL: tutte le voci,2026,170,,,,,F1110: F1110,,,,,,
IT1:101_1015(1.0),A: annuale,ITF2: Molise,ART: superficie totale - ettari,BARLEY: orzo,ALL: tutte le voci,2024,1860,,,,,C1300: C1300,,,,,,
IT1:101_1015(1.0),A: annuale,ITF2: Molise,ART: superficie totale - ettari,BARLEY: orzo,ALL: tutte le voci,2025,1860,,,,,C1300: C1300,,,,,,
IT1:101_1015(1.0),A: annuale,ITF2: Molise,ART: superficie totale - ettari,BARLEY: orzo,ALL: tutte le voci,2026,1970,,,,,C1300: C1300,,,,,,
IT1:101_1015(1.0),A: annuale,ITF2: Molise,ART: superficie totale - ettari,KIWI: kiwi,ALL: tutte le voci,2024,30,,,,,F2200: F2200,,,,,,
IT1:101_1015(1.0),A: annuale,ITF2: Molise,ART: superficie totale - ettari,KIWI: kiwi,ALL: tutte le voci,2025,30,,,,,F2200: F2200,,,,,,
IT1:101_1015(1.0),A: annuale,ITF2: Molise,ART: superficie totale - ettari,KIWI: kiwi,ALL: tutte le voci,2026,30,,,,,F2200: F2200,,,,,,
IT1:101_1015(1.0),A: annuale,ITF2: Molise,ART: superficie totale - ettari,PEACH: pesca,ALL: tutte le voci,2024,90,,,,,F1210: F1210,,,,,,
IT1:101_1015(1.0),A: annuale,ITF2: Molise,ART: superficie totale - ettari,PEACH: pesca,ALL: tutte le voci,2025,90,,,,,F1210: F1210,,,,,,
IT1:101_1015(1.0),A: annuale,ITF2: Molise,ART: superficie totale - ettari,PEACH: pesca,ALL: tutte le voci,2026,90,,,,,F1210: F1210,,,,,,
IT1:101_1015(1.0),A: annuale,ITF2: Molise,ART: superficie totale - ettari,POTA: patata comune,ALL: tutte le voci,2024,85,,,,,R1000_II: R1000_II,,,,,,
IT1:101_1015(1.0),A: annuale,ITF2: Molise,ART: superficie totale - ettari,POTA: patata comune,ALL: tutte le voci,2025,85,,,,,R1000_II: R1000_II,,,,,,
IT1:101_1015(1.0),A: annuale,ITF2: Molise,ART: superficie totale - ettari,POTA: patata comune,ALL: tutte le voci,2026,85,,,,,R1000_II: R1000_II,,,,,,
IT1:101_1015(1.0),A: annuale,ITF2: Molise,ART: superficie totale - ettari,SUNFLO: girasole,ALL: tutte le voci,2024,1910,,,,,I1120: I1120,,,,,,
IT1:101_1015(1.0),A: annuale,ITF2: Molise,ART: superficie totale - ettari,SUNFLO: girasole,ALL: tutte le voci,2025,2020,,,,,I1120: I1120,,,,,,
IT1:101_1015(1.0),A: annuale,ITF2: Molise,ART: superficie totale - ettari,SUNFLO: girasole,ALL: tutte le voci,2026,2020,,,,,I1120: I1120,,,,,,
IT1:101_1015(1.0),A: annuale,ITF2: Molise,HP_Q_EXT: produzione raccolta - quintali,APPLE: mela,ALL: tutte le voci,2024,31400,,,,"TIPO_DATO5__HP_Q_EXT_N1: Per tutte le coltivazioni foraggere temporanee e permanenti, a partire dal 2020 i valori di produzione sono espressi in quintali;<br />Dal 2020 sono diffusi i valori di produzione raccolta in quanto necessari per il calcolo della resa. <br />La serie storica e di conseguenza l'attendibilità dei dati diffusi negli anni precedenti non vengono compromessi perché, per le foraggere, i valori di produzione totale e raccolta coincidono.",F1110: F1110,,,,,,
IT1:101_1015(1.0),A: annuale,ITF2: Molise,HP_Q_EXT: produzione raccolta - quintali,APPLE: mela,ALL: tutte le voci,2025,34800,,,,"TIPO_DATO5__HP_Q_EXT_N1: Per tutte le coltivazioni foraggere temporanee e permanenti, a partire dal 2020 i valori di produzione sono espressi in quintali;<br />Dal 2020 sono diffusi i valori di produzione raccolta in quanto necessari per il calcolo della resa. <br />La serie storica e di conseguenza l'attendibilità dei dati diffusi negli anni precedenti non vengono compromessi perché, per le foraggere, i valori di produzione totale e raccolta coincidono.",F1110: F1110,,,,,,
IT1:101_1015(1.0),A: annuale,ITF2: Molise,HP_Q_EXT: produzione raccolta - quintali,APPLE: mela,ALL: tutte le voci,2026,36500,,,,"TIPO_DATO5__HP_Q_EXT_N1: Per tutte le coltivazioni foraggere temporanee e permanenti, a partire dal 2020 i valori di produzione sono espressi in quintali;<br />Dal 2020 sono diffusi i valori di produzione raccolta in quanto necessari per il calcolo della resa. <br />La serie storica e di conseguenza l'attendibilità dei dati diffusi negli anni precedenti non vengono compromessi perché, per le foraggere, i valori di produzione totale e raccolta coincidono.",F1110: F1110,,,,,,
IT1:101_1015(1.0),A: annuale,ITF2: Molise,HP_Q_EXT: produzione raccolta - quintali,BARLEY: orzo,ALL: tutte le voci,2024,70040,,,,"TIPO_DATO5__HP_Q_EXT_N1: Per tutte le coltivazioni foraggere temporanee e permanenti, a partire dal 2020 i valori di produzione sono espressi in quintali;<br />Dal 2020 sono diffusi i valori di produzione raccolta in quanto necessari per il calcolo della resa. <br />La serie storica e di conseguenza l'attendibilità dei dati diffusi negli anni precedenti non vengono compromessi perché, per le foraggere, i valori di produzione totale e raccolta coincidono.",C1300: C1300,,,,,,
IT1:101_1015(1.0),A: annuale,ITF2: Molise,HP_Q_EXT: produzione raccolta - quintali,BARLEY: orzo,ALL: tutte le voci,2025,72060,,,,"TIPO_DATO5__HP_Q_EXT_N1: Per tutte le coltivazioni foraggere temporanee e permanenti, a partire dal 2020 i valori di produzione sono espressi in quintali;<br />Dal 2020 sono diffusi i valori di produzione raccolta in quanto necessari per il calcolo della resa. <br />La serie storica e di conseguenza l'attendibilità dei dati diffusi negli anni precedenti non vengono compromessi perché, per le foraggere, i valori di produzione totale e raccolta coincidono.",C1300: C1300,,,,,,
IT1:101_1015(1.0),A: annuale,ITF2: Molise,HP_Q_EXT: produzione raccolta - quintali,BARLEY: orzo,ALL: tutte le voci,2026,76320,,,,"TIPO_DATO5__HP_Q_EXT_N1: Per tutte le coltivazioni foraggere temporanee e permanenti, a partire dal 2020 i valori di produzione sono espressi in quintali;<br />Dal 2020 sono diffusi i valori di produzione raccolta in quanto necessari per il calcolo della resa. <br />La serie storica e di conseguenza l'attendibilità dei dati diffusi negli anni precedenti non vengono compromessi perché, per le foraggere, i valori di produzione totale e raccolta coincidono.",C1300: C1300,,,,,,
IT1:101_1015(1.0),A: annuale,ITF2: Molise,HP_Q_EXT: produzione raccolta - quintali,KIWI: kiwi,ALL: tutte le voci,2024,6210,,,,"TIPO_DATO5__HP_Q_EXT_N1: Per tutte le coltivazioni foraggere temporanee e permanenti, a partire dal 2020 i valori di produzione sono espressi in quintali;<br />Dal 2020 sono diffusi i valori di produzione raccolta in quanto necessari per il calcolo della resa. <br />La serie storica e di conseguenza l'attendibilità dei dati diffusi negli anni precedenti non vengono compromessi perché, per le foraggere, i valori di produzione totale e raccolta coincidono.",F2200: F2200,,,,,,
IT1:101_1015(1.0),A: annuale,ITF2: Molise,HP_Q_EXT: produzione raccolta - quintali,KIWI: kiwi,ALL: tutte le voci,2025,6510,,,,"TIPO_DATO5__HP_Q_EXT_N1: Per tutte le coltivazioni foraggere temporanee e permanenti, a partire dal 2020 i valori di produzione sono espressi in quintali;<br />Dal 2020 sono diffusi i valori di produzione raccolta in quanto necessari per il calcolo della resa. <br />La serie storica e di conseguenza l'attendibilità dei dati diffusi negli anni precedenti non vengono compromessi perché, per le foraggere, i valori di produzione totale e raccolta coincidono.",F2200: F2200,,,,,,
IT1:101_1015(1.0),A: annuale,ITF2: Molise,HP_Q_EXT: produzione raccolta - quintali,KIWI: kiwi,ALL: tutte le voci,2026,6510,,,,"TIPO_DATO5__HP_Q_EXT_N1: Per tutte le coltivazioni foraggere temporanee e permanenti, a partire dal 2020 i valori di produzione sono espressi in quintali;<br />Dal 2020 sono diffusi i valori di produzione raccolta in quanto necessari per il calcolo della resa. <br />La serie storica e di conseguenza l'attendibilità dei dati diffusi negli anni precedenti non vengono compromessi perché, per le foraggere, i valori di produzione totale e raccolta coincidono.",F2200: F2200,,,,,,
IT1:101_1015(1.0),A: annuale,ITF2: Molise,HP_Q_EXT: produzione raccolta - quintali,PEACH: pesca,ALL: tutte le voci,2024,14000,,,,"TIPO_DATO5__HP_Q_EXT_N1: Per tutte le coltivazioni foraggere temporanee e permanenti, a partire dal 2020 i valori di produzione sono espressi in quintali;<br />Dal 2020 sono diffusi i valori di produzione raccolta in quanto necessari per il calcolo della resa. <br />La serie storica e di conseguenza l'attendibilità dei dati diffusi negli anni precedenti non vengono compromessi perché, per le foraggere, i valori di produzione totale e raccolta coincidono.",F1210: F1210,,,,,,
IT1:101_1015(1.0),A: annuale,ITF2: Molise,HP_Q_EXT: produzione raccolta - quintali,PEACH: pesca,ALL: tutte le voci,2025,15750,,,,"TIPO_DATO5__HP_Q_EXT_N1: Per tutte le coltivazioni foraggere temporanee e permanenti, a partire dal 2020 i valori di produzione sono espressi in quintali;<br />Dal 2020 sono diffusi i valori di produzione raccolta in quanto necessari per il calcolo della resa. <br />La serie storica e di conseguenza l'attendibilità dei dati diffusi negli anni precedenti non vengono compromessi perché, per le foraggere, i valori di produzione totale e raccolta coincidono.",F1210: F1210,,,,,,
IT1:101_1015(1.0),A: annuale,ITF2: Molise,HP_Q_EXT: produzione raccolta - quintali,PEACH: pesca,ALL: tutte le voci,2026,16700,,,,"TIPO_DATO5__HP_Q_EXT_N1: Per tutte le coltivazioni foraggere temporanee e permanenti, a partire dal 2020 i valori di produzione sono espressi in quintali;<br />Dal 2020 sono diffusi i valori di produzione raccolta in quanto necessari per il calcolo della resa. <br />La serie storica e di conseguenza l'attendibilità dei dati diffusi negli anni precedenti non vengono compromessi perché, per le foraggere, i valori di produzione totale e raccolta coincidono.",F1210: F1210,,,,,,
IT1:101_1015(1.0),A: annuale,ITF2: Molise,HP_Q_EXT: produzione raccolta - quintali,POTA: patata comune,ALL: tutte le voci,2024,13150,,,,"TIPO_DATO5__HP_Q_EXT_N1: Per tutte le coltivazioni foraggere temporanee e permanenti, a partire dal 2020 i valori di produzione sono espressi in quintali;<br />Dal 2020 sono diffusi i valori di produzione raccolta in quanto necessari per il calcolo della resa. <br />La serie storica e di conseguenza l'attendibilità dei dati diffusi negli anni precedenti non vengono compromessi perché, per le foraggere, i valori di produzione totale e raccolta coincidono.",R1000_II: R1000_II,,,,,,
IT1:101_1015(1.0),A: annuale,ITF2: Molise,HP_Q_EXT: produzione raccolta - quintali,POTA: patata comune,ALL: tutte le voci,2025,14775,,,,"TIPO_DATO5__HP_Q_EXT_N1: Per tutte le coltivazioni foraggere temporanee e permanenti, a partire dal 2020 i valori di produzione sono espressi in quintali;<br />Dal 2020 sono diffusi i valori di produzione raccolta in quanto necessari per il calcolo della resa. <br />La serie storica e di conseguenza l'attendibilità dei dati diffusi negli anni precedenti non vengono compromessi perché, per le foraggere, i valori di produzione totale e raccolta coincidono.",R1000_II: R1000_II,,,,,,
IT1:101_1015(1.0),A: annuale,ITF2: Molise,HP_Q_EXT: produzione raccolta - quintali,POTA: patata comune,ALL: tutte le voci,2026,15550,,,,"TIPO_DATO5__HP_Q_EXT_N1: Per tutte le coltivazioni foraggere temporanee e permanenti, a partire dal 2020 i valori di produzione sono espressi in quintali;<br />Dal 2020 sono diffusi i valori di produzione raccolta in quanto necessari per il calcolo della resa. <br />La serie storica e di conseguenza l'attendibilità dei dati diffusi negli anni precedenti non vengono compromessi perché, per le foraggere, i valori di produzione totale e raccolta coincidono.",R1000_II: R1000_II,,,,,,
IT1:101_1015(1.0),A: annuale,ITF2: Molise,HP_Q_EXT: produzione raccolta - quintali,SUNFLO: girasole,ALL: tutte le voci,2024,37870,,,,"TIPO_DATO5__HP_Q_EXT_N1: Per tutte le coltivazioni foraggere temporanee e permanenti, a partire dal 2020 i valori di produzione sono espressi in quintali;<br />Dal 2020 sono diffusi i valori di produzione raccolta in quanto necessari per il calcolo della resa. <br />La serie storica e di conseguenza l'attendibilità dei dati diffusi negli anni precedenti non vengono compromessi perché, per le foraggere, i valori di produzione totale e raccolta coincidono.",I1120: I1120,,,,,,
IT1:101_1015(1.0),A: annuale,ITF2: Molise,HP_Q_EXT: produzione raccolta - quintali,SUNFLO: girasole,ALL: tutte le voci,2025,40040,,,,"TIPO_DATO5__HP_Q_EXT_N1: Per tutte le coltivazioni foraggere temporanee e permanenti, a partire dal 2020 i valori di produzione sono espressi in quintali;<br />Dal 2020 sono diffusi i valori di produzione raccolta in quanto necessari per il calcolo della resa. <br />La serie storica e di conseguenza l'attendibilità dei dati diffusi negli anni precedenti non vengono compromessi perché, per le foraggere, i valori di produzione totale e raccolta coincidono.",I1120: I1120,,,,,,
IT1:101_1015(1.0),A: annuale,ITF2: Molise,HP_Q_EXT: produzione raccolta - quintali,SUNFLO: girasole,ALL: tutte le voci,2026,40100,,,,"TIPO_DATO5__HP_Q_EXT_N1: Per tutte le coltivazioni foraggere temporanee e permanenti, a partire dal 2020 i valori di produzione sono espressi in quintali;<br />Dal 2020 sono diffusi i valori di produzione raccolta in quanto necessari per il calcolo della resa. <br />La serie storica e di conseguenza l'attendibilità dei dati diffusi negli anni precedenti non vengono compromessi perché, per le foraggere, i valori di produzione totale e raccolta coincidono.",I1120: I1120,,,,,,
IT1:101_1015(1.0),A: annuale,ITF2: Molise,TP_QUIN_EXT: produzione totale - quintali,APPLE: mela,ALL: tutte le voci,2024,31400,,,,,F1110: F1110,,,,,,
IT1:101_1015(1.0),A: annuale,ITF2: Molise,TP_QUIN_EXT: produzione totale - quintali,APPLE: mela,ALL: tutte le voci,2025,34800,,,,,F1110: F1110,,,,,,
IT1:101_1015(1.0),A: annuale,ITF2: Molise,TP_QUIN_EXT: produzione totale - quintali,APPLE: mela,ALL: tutte le voci,2026,36500,,,,,F1110: F1110,,,,,,
IT1:101_1015(1.0),A: annuale,ITF2: Molise,TP_QUIN_EXT: produzione totale - quintali,BARLEY: orzo,ALL: tutte le voci,2024,70040,,,,,C1300: C1300,,,,,,
IT1:101_1015(1.0),A: annuale,ITF2: Molise,TP_QUIN_EXT: produzione totale - quintali,BARLEY: orzo,ALL: tutte le voci,2025,72060,,,,,C1300: C1300,,,,,,
IT1:101_1015(1.0),A: annuale,ITF2: Molise,TP_QUIN_EXT: produzione totale - quintali,BARLEY: orzo,ALL: tutte le voci,2026,76320,,,,,C1300: C1300,,,,,,
IT1:101_1015(1.0),A: annuale,ITF2: Molise,TP_QUIN_EXT: produzione totale - quintali,KIWI: kiwi,ALL: tutte le voci,2024,6210,,,,,F2200: F2200,,,,,,
IT1:101_1015(1.0),A: annuale,ITF2: Molise,TP_QUIN_EXT: produzione totale - quintali,KIWI: kiwi,ALL: tutte le voci,2025,6510,,,,,F2200: F2200,,,,,,
IT1:101_1015(1.0),A: annuale,ITF2: Molise,TP_QUIN_EXT: produzione totale - quintali,KIWI: kiwi,ALL: tutte le voci,2026,6510,,,,,F2200: F2200,,,,,,
IT1:101_1015(1.0),A: annuale,ITF2: Molise,TP_QUIN_EXT: produzione totale - quintali,PEACH: pesca,ALL: tutte le voci,2024,14000,,,,,F1210: F1210,,,,,,
IT1:101_1015(1.0),A: annuale,ITF2: Molise,TP_QUIN_EXT: produzione totale - quintali,PEACH: pesca,ALL: tutte le voci,2025,15750,,,,,F1210: F1210,,,,,,
IT1:101_1015(1.0),A: annuale,ITF2: Molise,TP_QUIN_EXT: produzione totale - quintali,PEACH: pesca,ALL: tutte le voci,2026,16700,,,,,F1210: F1210,,,,,,
IT1:101_1015(1.0),A: annuale,ITF2: Molise,TP_QUIN_EXT: produzione totale - quintali,POTA: patata comune,ALL: tutte le voci,2024,13150,,,,,R1000_II: R1000_II,,,,,,
IT1:101_1015(1.0),A: annuale,ITF2: Molise,TP_QUIN_EXT: produzione totale - quintali,POTA: patata comune,ALL: tutte le voci,2025,14775,,,,,R1000_II: R1000_II,,,,,,
IT1:101_1015(1.0),A: annuale,ITF2: Molise,TP_QUIN_EXT: produzione totale - quintali,POTA: patata comune,ALL: tutte le voci,2026,15550,,,,,R1000_II: R1000_II,,,,,,
IT1:101_1015(1.0),A: annuale,ITF2: Molise,TP_QUIN_EXT: produzione totale - quintali,SUNFLO: girasole,ALL: tutte le voci,2024,37870,,,,,I1120: I1120,,,,,,
IT1:101_1015(1.0),A: annuale,ITF2: Molise,TP_QUIN_EXT: produzione totale - quintali,SUNFLO: girasole,ALL: tutte le voci,2025,40040,,,,,I1120: I1120,,,,,,
IT1:101_1015(1.0),A: annuale,ITF2: Molise,TP_QUIN_EXT: produzione totale - quintali,SUNFLO: girasole,ALL: tutte le voci,2026,40100,,,,,I1120: I1120,,,,,,
IT1:101_1015(1.0),A: annuale,ITF3: Campania,ART: superficie totale - ettari,APPLE: mela,ALL: tutte le voci,2024,3450,,,,,F1110: F1110,,,,,,
IT1:101_1015(1.0),A: annuale,ITF3: Campania,ART: superficie totale - ettari,APPLE: mela,ALL: tutte le voci,2025,3449,,,,,F1110: F1110,,,,,,
IT1:101_1015(1.0),A: annuale,ITF3: Campania,ART: superficie totale - ettari,APPLE: mela,ALL: tutte le voci,2026,3470,,,,,F1110: F1110,,,,,,
IT1:101_1015(1.0),A: annuale,ITF3: Campania,ART: superficie totale - ettari,BARLEY: orzo,ALL: tutte le voci,2024,12602,,,,,C1300: C1300,,,,,,
IT1:101_1015(1.0),A: annuale,ITF3: Campania,ART: superficie totale - ettari,BARLEY: orzo,ALL: tutte le voci,2025,12785,,,,,C1300: C1300,,,,,,
IT1:101_1015(1.0),A: annuale,ITF3: Campania,ART: superficie totale - ettari,BARLEY: orzo,ALL: tutte le voci,2026,12700,,,,,C1300: C1300,,,,,,
IT1:101_1015(1.0),A: annuale,ITF3: Campania,ART: superficie totale - ettari,KIWI: kiwi,ALL: tutte le voci,2024,1463,,,,,F2200: F2200,,,,,,
IT1:101_1015(1.0),A: annuale,ITF3: Campania,ART: superficie totale - ettari,KIWI: kiwi,ALL: tutte le voci,2025,1468,,,,,F2200: F2200,,,,,,
IT1:101_1015(1.0),A: annuale,ITF3: Campania,ART: superficie totale - ettari,KIWI: kiwi,ALL: tutte le voci,2026,1468,,,,,F2200: F2200,,,,,,
IT1:101_1015(1.0),A: annuale,ITF3: Campania,ART: superficie totale - ettari,PEACH: pesca,ALL: tutte le voci,2024,14222,,,,,F1210: F1210,,,,,,
IT1:101_1015(1.0),A: annuale,ITF3: Campania,ART: superficie totale - ettari,PEACH: pesca,ALL: tutte le voci,2025,13982,,,,,F1210: F1210,,,,,,
IT1:101_1015(1.0),A: annuale,ITF3: Campania,ART: superficie totale - ettari,PEACH: pesca,ALL: tutte le voci,2026,13982,,,,,F1210: F1210,,,,,,
IT1:101_1015(1.0),A: annuale,ITF3: Campania,ART: superficie totale - ettari,POTA: patata comune,ALL: tutte le voci,2024,5475,,,,,R1000_II: R1000_II,,,,,,
IT1:101_1015(1.0),A: annuale,ITF3: Campania,ART: superficie totale - ettari,POTA: patata comune,ALL: tutte le voci,2025,5458,,,,,R1000_II: R1000_II,,,,,,
IT1:101_1015(1.0),A: annuale,ITF3: Campania,ART: superficie totale - ettari,POTA: patata comune,ALL: tutte le voci,2026,5530,,,,,R1000_II: R1000_II,,,,,,
IT1:101_1015(1.0),A: annuale,ITF3: Campania,ART: superficie totale - ettari,SUNFLO: girasole,ALL: tutte le voci,2024,174,,,,,I1120: I1120,,,,,,
IT1:101_1015(1.0),A: annuale,ITF3: Campania,ART: superficie totale - ettari,SUNFLO: girasole,ALL: tutte le voci,2025,168,,,,,I1120: I1120,,,,,,
IT1:101_1015(1.0),A: annuale,ITF3: Campania,ART: superficie totale - ettari,SUNFLO: girasole,ALL: tutte le voci,2026,180,,,,,I1120: I1120,,,,,,
IT1:101_1015(1.0),A: annuale,ITF3: Campania,HP_Q_EXT: produzione raccolta - quintali,APPLE: mela,ALL: tutte le voci,2024,563590,,,,"TIPO_DATO5__HP_Q_EXT_N1: Per tutte le coltivazioni foraggere temporanee e permanenti, a partire dal 2020 i valori di produzione sono espressi in quintali;<br />Dal 2020 sono diffusi i valori di produzione raccolta in quanto necessari per il calcolo della resa. <br />La serie storica e di conseguenza l'attendibilità dei dati diffusi negli anni precedenti non vengono compromessi perché, per le foraggere, i valori di produzione totale e raccolta coincidono.",F1110: F1110,,,,,,
IT1:101_1015(1.0),A: annuale,ITF3: Campania,HP_Q_EXT: produzione raccolta - quintali,APPLE: mela,ALL: tutte le voci,2025,575500,,,,"TIPO_DATO5__HP_Q_EXT_N1: Per tutte le coltivazioni foraggere temporanee e permanenti, a partire dal 2020 i valori di produzione sono espressi in quintali;<br />Dal 2020 sono diffusi i valori di produzione raccolta in quanto necessari per il calcolo della resa. <br />La serie storica e di conseguenza l'attendibilità dei dati diffusi negli anni precedenti non vengono compromessi perché, per le foraggere, i valori di produzione totale e raccolta coincidono.",F1110: F1110,,,,,,
IT1:101_1015(1.0),A: annuale,ITF3: Campania,HP_Q_EXT: produzione raccolta - quintali,APPLE: mela,ALL: tutte le voci,2026,263400,,,,"TIPO_DATO5__HP_Q_EXT_N1: Per tutte le coltivazioni foraggere temporanee e permanenti, a partire dal 2020 i valori di produzione sono espressi in quintali;<br />Dal 2020 sono diffusi i valori di produzione raccolta in quanto necessari per il calcolo della resa. <br />La serie storica e di conseguenza l'attendibilità dei dati diffusi negli anni precedenti non vengono compromessi perché, per le foraggere, i valori di produzione totale e raccolta coincidono.",F1110: F1110,,,,,,
IT1:101_1015(1.0),A: annuale,ITF3: Campania,HP_Q_EXT: produzione raccolta - quintali,BARLEY: orzo,ALL: tutte le voci,2024,403127,,,,"TIPO_DATO5__HP_Q_EXT_N1: Per tutte le coltivazioni foraggere temporanee e permanenti, a partire dal 2020 i valori di produzione sono espressi in quintali;<br />Dal 2020 sono diffusi i valori di produzione raccolta in quanto necessari per il calcolo della resa. <br />La serie storica e di conseguenza l'attendibilità dei dati diffusi negli anni precedenti non vengono compromessi perché, per le foraggere, i valori di produzione totale e raccolta coincidono.",C1300: C1300,,,,,,
IT1:101_1015(1.0),A: annuale,ITF3: Campania,HP_Q_EXT: produzione raccolta - quintali,BARLEY: orzo,ALL: tutte le voci,2025,486550,,,,"TIPO_DATO5__HP_Q_EXT_N1: Per tutte le coltivazioni foraggere temporanee e permanenti, a partire dal 2020 i valori di produzione sono espressi in quintali;<br />Dal 2020 sono diffusi i valori di produzione raccolta in quanto necessari per il calcolo della resa. <br />La serie storica e di conseguenza l'attendibilità dei dati diffusi negli anni precedenti non vengono compromessi perché, per le foraggere, i valori di produzione totale e raccolta coincidono.",C1300: C1300,,,,,,
IT1:101_1015(1.0),A: annuale,ITF3: Campania,HP_Q_EXT: produzione raccolta - quintali,BARLEY: orzo,ALL: tutte le voci,2026,479000,,,,"TIPO_DATO5__HP_Q_EXT_N1: Per tutte le coltivazioni foraggere temporanee e permanenti, a partire dal 2020 i valori di produzione sono espressi in quintali;<br />Dal 2020 sono diffusi i valori di produzione raccolta in quanto necessari per il calcolo della resa. <br />La serie storica e di conseguenza l'attendibilità dei dati diffusi negli anni precedenti non vengono compromessi perché, per le foraggere, i valori di produzione totale e raccolta coincidono.",C1300: C1300,,,,,,
IT1:101_1015(1.0),A: annuale,ITF3: Campania,HP_Q_EXT: produzione raccolta - quintali,KIWI: kiwi,ALL: tutte le voci,2024,254000,,,,"TIPO_DATO5__HP_Q_EXT_N1: Per tutte le coltivazioni foraggere temporanee e permanenti, a partire dal 2020 i valori di produzione sono espressi in quintali;<br />Dal 2020 sono diffusi i valori di produzione raccolta in quanto necessari per il calcolo della resa. <br />La serie storica e di conseguenza l'attendibilità dei dati diffusi negli anni precedenti non vengono compromessi perché, per le foraggere, i valori di produzione totale e raccolta coincidono.",F2200: F2200,,,,,,
IT1:101_1015(1.0),A: annuale,ITF3: Campania,HP_Q_EXT: produzione raccolta - quintali,KIWI: kiwi,ALL: tutte le voci,2025,295100,,,,"TIPO_DATO5__HP_Q_EXT_N1: Per tutte le coltivazioni foraggere temporanee e permanenti, a partire dal 2020 i valori di produzione sono espressi in quintali;<br />Dal 2020 sono diffusi i valori di produzione raccolta in quanto necessari per il calcolo della resa. <br />La serie storica e di conseguenza l'attendibilità dei dati diffusi negli anni precedenti non vengono compromessi perché, per le foraggere, i valori di produzione totale e raccolta coincidono.",F2200: F2200,,,,,,
IT1:101_1015(1.0),A: annuale,ITF3: Campania,HP_Q_EXT: produzione raccolta - quintali,KIWI: kiwi,ALL: tutte le voci,2026,296600,,,,"TIPO_DATO5__HP_Q_EXT_N1: Per tutte le coltivazioni foraggere temporanee e permanenti, a partire dal 2020 i valori di produzione sono espressi in quintali;<br />Dal 2020 sono diffusi i valori di produzione raccolta in quanto necessari per il calcolo della resa. <br />La serie storica e di conseguenza l'attendibilità dei dati diffusi negli anni precedenti non vengono compromessi perché, per le foraggere, i valori di produzione totale e raccolta coincidono.",F2200: F2200,,,,,,
IT1:101_1015(1.0),A: annuale,ITF3: Campania,HP_Q_EXT: produzione raccolta - quintali,PEACH: pesca,ALL: tutte le voci,2024,3155180,,,,"TIPO_DATO5__HP_Q_EXT_N1: Per tutte le coltivazioni foraggere temporanee e permanenti, a partire dal 2020 i valori di produzione sono espressi in quintali;<br />Dal 2020 sono diffusi i valori di produzione raccolta in quanto necessari per il calcolo della resa. <br />La serie storica e di conseguenza l'attendibilità dei dati diffusi negli anni precedenti non vengono compromessi perché, per le foraggere, i valori di produzione totale e raccolta coincidono.",F1210: F1210,,,,,,
IT1:101_1015(1.0),A: annuale,ITF3: Campania,HP_Q_EXT: produzione raccolta - quintali,PEACH: pesca,ALL: tutte le voci,2025,3053180,,,,"TIPO_DATO5__HP_Q_EXT_N1: Per tutte le coltivazioni foraggere temporanee e permanenti, a partire dal 2020 i valori di produzione sono espressi in quintali;<br />Dal 2020 sono diffusi i valori di produzione raccolta in quanto necessari per il calcolo della resa. <br />La serie storica e di conseguenza l'attendibilità dei dati diffusi negli anni precedenti non vengono compromessi perché, per le foraggere, i valori di produzione totale e raccolta coincidono.",F1210: F1210,,,,,,
IT1:101_1015(1.0),A: annuale,ITF3: Campania,HP_Q_EXT: produzione raccolta - quintali,PEACH: pesca,ALL: tutte le voci,2026,2978600,,,,"TIPO_DATO5__HP_Q_EXT_N1: Per tutte le coltivazioni foraggere temporanee e permanenti, a partire dal 2020 i valori di produzione sono espressi in quintali;<br />Dal 2020 sono diffusi i valori di produzione raccolta in quanto necessari per il calcolo della resa. <br />La serie storica e di conseguenza l'attendibilità dei dati diffusi negli anni precedenti non vengono compromessi perché, per le foraggere, i valori di produzione totale e raccolta coincidono.",F1210: F1210,,,,,,
IT1:101_1015(1.0),A: annuale,ITF3: Campania,HP_Q_EXT: produzione raccolta - quintali,POTA: patata comune,ALL: tutte le voci,2024,1655500,,,,"TIPO_DATO5__HP_Q_EXT_N1: Per tutte le coltivazioni foraggere temporanee e permanenti, a partire dal 2020 i valori di produzione sono espressi in quintali;<br />Dal 2020 sono diffusi i valori di produzione raccolta in quanto necessari per il calcolo della resa. <br />La serie storica e di conseguenza l'attendibilità dei dati diffusi negli anni precedenti non vengono compromessi perché, per le foraggere, i valori di produzione totale e raccolta coincidono.",R1000_II: R1000_II,,,,,,
IT1:101_1015(1.0),A: annuale,ITF3: Campania,HP_Q_EXT: produzione raccolta - quintali,POTA: patata comune,ALL: tutte le voci,2025,1637000,,,,"TIPO_DATO5__HP_Q_EXT_N1: Per tutte le coltivazioni foraggere temporanee e permanenti, a partire dal 2020 i valori di produzione sono espressi in quintali;<br />Dal 2020 sono diffusi i valori di produzione raccolta in quanto necessari per il calcolo della resa. <br />La serie storica e di conseguenza l'attendibilità dei dati diffusi negli anni precedenti non vengono compromessi perché, per le foraggere, i valori di produzione totale e raccolta coincidono.",R1000_II: R1000_II,,,,,,
IT1:101_1015(1.0),A: annuale,ITF3: Campania,HP_Q_EXT: produzione raccolta - quintali,POTA: patata comune,ALL: tutte le voci,2026,1708000,,,,"TIPO_DATO5__HP_Q_EXT_N1: Per tutte le coltivazioni foraggere temporanee e permanenti, a partire dal 2020 i valori di produzione sono espressi in quintali;<br />Dal 2020 sono diffusi i valori di produzione raccolta in quanto necessari per il calcolo della resa. <br />La serie storica e di conseguenza l'attendibilità dei dati diffusi negli anni precedenti non vengono compromessi perché, per le foraggere, i valori di produzione totale e raccolta coincidono.",R1000_II: R1000_II,,,,,,
IT1:101_1015(1.0),A: annuale,ITF3: Campania,HP_Q_EXT: produzione raccolta - quintali,SUNFLO: girasole,ALL: tutte le voci,2024,4320,,,,"TIPO_DATO5__HP_Q_EXT_N1: Per tutte le coltivazioni foraggere temporanee e permanenti, a partire dal 2020 i valori di produzione sono espressi in quintali;<br />Dal 2020 sono diffusi i valori di produzione raccolta in quanto necessari per il calcolo della resa. <br />La serie storica e di conseguenza l'attendibilità dei dati diffusi negli anni precedenti non vengono compromessi perché, per le foraggere, i valori di produzione totale e raccolta coincidono.",I1120: I1120,,,,,,
IT1:101_1015(1.0),A: annuale,ITF3: Campania,HP_Q_EXT: produzione raccolta - quintali,SUNFLO: girasole,ALL: tutte le voci,2025,4090,,,,"TIPO_DATO5__HP_Q_EXT_N1: Per tutte le coltivazioni foraggere temporanee e permanenti, a partire dal 2020 i valori di produzione sono espressi in quintali;<br />Dal 2020 sono diffusi i valori di produzione raccolta in quanto necessari per il calcolo della resa. <br />La serie storica e di conseguenza l'attendibilità dei dati diffusi negli anni precedenti non vengono compromessi perché, per le foraggere, i valori di produzione totale e raccolta coincidono.",I1120: I1120,,,,,,
IT1:101_1015(1.0),A: annuale,ITF3: Campania,HP_Q_EXT: produzione raccolta - quintali,SUNFLO: girasole,ALL: tutte le voci,2026,4400,,,,"TIPO_DATO5__HP_Q_EXT_N1: Per tutte le coltivazioni foraggere temporanee e permanenti, a partire dal 2020 i valori di produzione sono espressi in quintali;<br />Dal 2020 sono diffusi i valori di produzione raccolta in quanto necessari per il calcolo della resa. <br />La serie storica e di conseguenza l'attendibilità dei dati diffusi negli anni precedenti non vengono compromessi perché, per le foraggere, i valori di produzione totale e raccolta coincidono.",I1120: I1120,,,,,,
IT1:101_1015(1.0),A: annuale,ITF3: Campania,TP_QUIN_EXT: produzione totale - quintali,APPLE: mela,ALL: tutte le voci,2024,565590,,,,,F1110: F1110,,,,,,
IT1:101_1015(1.0),A: annuale,ITF3: Campania,TP_QUIN_EXT: produzione totale - quintali,APPLE: mela,ALL: tutte le voci,2025,575500,,,,,F1110: F1110,,,,,,
IT1:101_1015(1.0),A: annuale,ITF3: Campania,TP_QUIN_EXT: produzione totale - quintali,APPLE: mela,ALL: tutte le voci,2026,267400,,,,,F1110: F1110,,,,,,
IT1:101_1015(1.0),A: annuale,ITF3: Campania,TP_QUIN_EXT: produzione totale - quintali,BARLEY: orzo,ALL: tutte le voci,2024,405801,,,,,C1300: C1300,,,,,,
IT1:101_1015(1.0),A: annuale,ITF3: Campania,TP_QUIN_EXT: produzione totale - quintali,BARLEY: orzo,ALL: tutte le voci,2025,486550,,,,,C1300: C1300,,,,,,
IT1:101_1015(1.0),A: annuale,ITF3: Campania,TP_QUIN_EXT: produzione totale - quintali,BARLEY: orzo,ALL: tutte le voci,2026,479000,,,,,C1300: C1300,,,,,,
IT1:101_1015(1.0),A: annuale,ITF3: Campania,TP_QUIN_EXT: produzione totale - quintali,KIWI: kiwi,ALL: tutte le voci,2024,256000,,,,,F2200: F2200,,,,,,
IT1:101_1015(1.0),A: annuale,ITF3: Campania,TP_QUIN_EXT: produzione totale - quintali,KIWI: kiwi,ALL: tutte le voci,2025,295100,,,,,F2200: F2200,,,,,,
IT1:101_1015(1.0),A: annuale,ITF3: Campania,TP_QUIN_EXT: produzione totale - quintali,KIWI: kiwi,ALL: tutte le voci,2026,296600,,,,,F2200: F2200,,,,,,
IT1:101_1015(1.0),A: annuale,ITF3: Campania,TP_QUIN_EXT: produzione totale - quintali,PEACH: pesca,ALL: tutte le voci,2024,3166180,,,,,F1210: F1210,,,,,,
IT1:101_1015(1.0),A: annuale,ITF3: Campania,TP_QUIN_EXT: produzione totale - quintali,PEACH: pesca,ALL: tutte le voci,2025,3088180,,,,,F1210: F1210,,,,,,
IT1:101_1015(1.0),A: annuale,ITF3: Campania,TP_QUIN_EXT: produzione totale - quintali,PEACH: pesca,ALL: tutte le voci,2026,3033700,,,,,F1210: F1210,,,,,,
IT1:101_1015(1.0),A: annuale,ITF3: Campania,TP_QUIN_EXT: produzione totale - quintali,POTA: patata comune,ALL: tutte le voci,2024,1675500,,,,,R1000_II: R1000_II,,,,,,
IT1:101_1015(1.0),A: annuale,ITF3: Campania,TP_QUIN_EXT: produzione totale - quintali,POTA: patata comune,ALL: tutte le voci,2025,1642000,,,,,R1000_II: R1000_II,,,,,,
IT1:101_1015(1.0),A: annuale,ITF3: Campania,TP_QUIN_EXT: produzione totale - quintali,POTA: patata comune,ALL: tutte le voci,2026,1708000,,,,,R1000_II: R1000_II,,,,,,
IT1:101_1015(1.0),A: annuale,ITF3: Campania,TP_QUIN_EXT: produzione totale - quintali,SUNFLO: girasole,ALL: tutte le voci,2024,4320,,,,,I1120: I1120,,,,,,
IT1:101_1015(1.0),A: annuale,ITF3: Campania,TP_QUIN_EXT: produzione totale - quintali,SUNFLO: girasole,ALL: tutte le voci,2025,4090,,,,,I1120: I1120,,,,,,
IT1:101_1015(1.0),A: annuale,ITF3: Campania,TP_QUIN_EXT: produzione totale - quintali,SUNFLO: girasole,ALL: tutte le voci,2026,4400,,,,,I1120: I1120,,,,,,
IT1:101_1015(1.0),A: annuale,ITF4: Puglia,ART: superficie totale - ettari,APPLE: mela,ALL: tutte le voci,2024,288,,,,,F1110: F1110,,,,,,
IT1:101_1015(1.0),A: annuale,ITF4: Puglia,ART: superficie totale - ettari,APPLE: mela,ALL: tutte le voci,2025,293,,,,,F1110: F1110,,,,,,
IT1:101_1015(1.0),A: annuale,ITF4: Puglia,ART: superficie totale - ettari,APPLE: mela,ALL: tutte le voci,2026,283,,,,,F1110: F1110,,,,,,
IT1:101_1015(1.0),A: annuale,ITF4: Puglia,ART: superficie totale - ettari,BARLEY: orzo,ALL: tutte le voci,2024,19050,,,,,C1300: C1300,,,,,,
IT1:101_1015(1.0),A: annuale,ITF4: Puglia,ART: superficie totale - ettari,BARLEY: orzo,ALL: tutte le voci,2025,19150,,,,,C1300: C1300,,,,,,
IT1:101_1015(1.0),A: annuale,ITF4: Puglia,ART: superficie totale - ettari,BARLEY: orzo,ALL: tutte le voci,2026,31400,,,,,C1300: C1300,,,,,,
IT1:101_1015(1.0),A: annuale,ITF4: Puglia,ART: superficie totale - ettari,KIWI: kiwi,ALL: tutte le voci,2024,142,,,,,F2200: F2200,,,,,,
IT1:101_1015(1.0),A: annuale,ITF4: Puglia,ART: superficie totale - ettari,KIWI: kiwi,ALL: tutte le voci,2025,137,,,,,F2200: F2200,,,,,,
IT1:101_1015(1.0),A: annuale,ITF4: Puglia,ART: superficie totale - ettari,KIWI: kiwi,ALL: tutte le voci,2026,165,,,,,F2200: F2200,,,,,,
IT1:101_1015(1.0),A: annuale,ITF4: Puglia,ART: superficie totale - ettari,PEACH: pesca,ALL: tutte le voci,2024,3190,,,,,F1210: F1210,,,,,,
IT1:101_1015(1.0),A: annuale,ITF4: Puglia,ART: superficie totale - ettari,PEACH: pesca,ALL: tutte le voci,2025,3130,,,,,F1210: F1210,,,,,,
IT1:101_1015(1.0),A: annuale,ITF4: Puglia,ART: superficie totale - ettari,PEACH: pesca,ALL: tutte le voci,2026,3090,,,,,F1210: F1210,,,,,,
IT1:101_1015(1.0),A: annuale,ITF4: Puglia,ART: superficie totale - ettari,POTA: patata comune,ALL: tutte le voci,2024,885,,,,,R1000_II: R1000_II,,,,,,
IT1:101_1015(1.0),A: annuale,ITF4: Puglia,ART: superficie totale - ettari,POTA: patata comune,ALL: tutte le voci,2025,865,,,,,R1000_II: R1000_II,,,,,,
IT1:101_1015(1.0),A: annuale,ITF4: Puglia,ART: superficie totale - ettari,POTA: patata comune,ALL: tutte le voci,2026,930,,,,,R1000_II: R1000_II,,,,,,
IT1:101_1015(1.0),A: annuale,ITF4: Puglia,ART: superficie totale - ettari,SUNFLO: girasole,ALL: tutte le voci,2024,1920,,,,,I1120: I1120,,,,,,
IT1:101_1015(1.0),A: annuale,ITF4: Puglia,ART: superficie totale - ettari,SUNFLO: girasole,ALL: tutte le voci,2025,1930,,,,,I1120: I1120,,,,,,
IT1:101_1015(1.0),A: annuale,ITF4: Puglia,ART: superficie totale - ettari,SUNFLO: girasole,ALL: tutte le voci,2026,3400,,,,,I1120: I1120,,,,,,
IT1:101_1015(1.0),A: annuale,ITF4: Puglia,HP_Q_EXT: produzione raccolta - quintali,APPLE: mela,ALL: tutte le voci,2024,55350,,,,"TIPO_DATO5__HP_Q_EXT_N1: Per tutte le coltivazioni foraggere temporanee e permanenti, a partire dal 2020 i valori di produzione sono espressi in quintali;<br />Dal 2020 sono diffusi i valori di produzione raccolta in quanto necessari per il calcolo della resa. <br />La serie storica e di conseguenza l'attendibilità dei dati diffusi negli anni precedenti non vengono compromessi perché, per le foraggere, i valori di produzione totale e raccolta coincidono.",F1110: F1110,,,,,,
IT1:101_1015(1.0),A: annuale,ITF4: Puglia,HP_Q_EXT: produzione raccolta - quintali,APPLE: mela,ALL: tutte le voci,2025,56360,,,,"TIPO_DATO5__HP_Q_EXT_N1: Per tutte le coltivazioni foraggere temporanee e permanenti, a partire dal 2020 i valori di produzione sono espressi in quintali;<br />Dal 2020 sono diffusi i valori di produzione raccolta in quanto necessari per il calcolo della resa. <br />La serie storica e di conseguenza l'attendibilità dei dati diffusi negli anni precedenti non vengono compromessi perché, per le foraggere, i valori di produzione totale e raccolta coincidono.",F1110: F1110,,,,,,
IT1:101_1015(1.0),A: annuale,ITF4: Puglia,HP_Q_EXT: produzione raccolta - quintali,APPLE: mela,ALL: tutte le voci,2026,58060,,,,"TIPO_DATO5__HP_Q_EXT_N1: Per tutte le coltivazioni foraggere temporanee e permanenti, a partire dal 2020 i valori di produzione sono espressi in quintali;<br />Dal 2020 sono diffusi i valori di produzione raccolta in quanto necessari per il calcolo della resa. <br />La serie storica e di conseguenza l'attendibilità dei dati diffusi negli anni precedenti non vengono compromessi perché, per le foraggere, i valori di produzione totale e raccolta coincidono.",F1110: F1110,,,,,,
IT1:101_1015(1.0),A: annuale,ITF4: Puglia,HP_Q_EXT: produzione raccolta - quintali,BARLEY: orzo,ALL: tutte le voci,2024,434500,,,,"TIPO_DATO5__HP_Q_EXT_N1: Per tutte le coltivazioni foraggere temporanee e permanenti, a partire dal 2020 i valori di produzione sono espressi in quintali;<br />Dal 2020 sono diffusi i valori di produzione raccolta in quanto necessari per il calcolo della resa. <br />La serie storica e di conseguenza l'attendibilità dei dati diffusi negli anni precedenti non vengono compromessi perché, per le foraggere, i valori di produzione totale e raccolta coincidono.",C1300: C1300,,,,,,
IT1:101_1015(1.0),A: annuale,ITF4: Puglia,HP_Q_EXT: produzione raccolta - quintali,BARLEY: orzo,ALL: tutte le voci,2025,448700,,,,"TIPO_DATO5__HP_Q_EXT_N1: Per tutte le coltivazioni foraggere temporanee e permanenti, a partire dal 2020 i valori di produzione sono espressi in quintali;<br />Dal 2020 sono diffusi i valori di produzione raccolta in quanto necessari per il calcolo della resa. <br />La serie storica e di conseguenza l'attendibilità dei dati diffusi negli anni precedenti non vengono compromessi perché, per le foraggere, i valori di produzione totale e raccolta coincidono.",C1300: C1300,,,,,,
IT1:101_1015(1.0),A: annuale,ITF4: Puglia,HP_Q_EXT: produzione raccolta - quintali,BARLEY: orzo,ALL: tutte le voci,2026,830000,,,,"TIPO_DATO5__HP_Q_EXT_N1: Per tutte le coltivazioni foraggere temporanee e permanenti, a partire dal 2020 i valori di produzione sono espressi in quintali;<br />Dal 2020 sono diffusi i valori di produzione raccolta in quanto necessari per il calcolo della resa. <br />La serie storica e di conseguenza l'attendibilità dei dati diffusi negli anni precedenti non vengono compromessi perché, per le foraggere, i valori di produzione totale e raccolta coincidono.",C1300: C1300,,,,,,
IT1:101_1015(1.0),A: annuale,ITF4: Puglia,HP_Q_EXT: produzione raccolta - quintali,KIWI: kiwi,ALL: tutte le voci,2024,33600,,,,"TIPO_DATO5__HP_Q_EXT_N1: Per tutte le coltivazioni foraggere temporanee e permanenti, a partire dal 2020 i valori di produzione sono espressi in quintali;<br />Dal 2020 sono diffusi i valori di produzione raccolta in quanto necessari per il calcolo della resa. <br />La serie storica e di conseguenza l'attendibilità dei dati diffusi negli anni precedenti non vengono compromessi perché, per le foraggere, i valori di produzione totale e raccolta coincidono.",F2200: F2200,,,,,,
IT1:101_1015(1.0),A: annuale,ITF4: Puglia,HP_Q_EXT: produzione raccolta - quintali,KIWI: kiwi,ALL: tutte le voci,2025,35000,,,,"TIPO_DATO5__HP_Q_EXT_N1: Per tutte le coltivazioni foraggere temporanee e permanenti, a partire dal 2020 i valori di produzione sono espressi in quintali;<br />Dal 2020 sono diffusi i valori di produzione raccolta in quanto necessari per il calcolo della resa. <br />La serie storica e di conseguenza l'attendibilità dei dati diffusi negli anni precedenti non vengono compromessi perché, per le foraggere, i valori di produzione totale e raccolta coincidono.",F2200: F2200,,,,,,
IT1:101_1015(1.0),A: annuale,ITF4: Puglia,HP_Q_EXT: produzione raccolta - quintali,KIWI: kiwi,ALL: tutte le voci,2026,40230,,,,"TIPO_DATO5__HP_Q_EXT_N1: Per tutte le coltivazioni foraggere temporanee e permanenti, a partire dal 2020 i valori di produzione sono espressi in quintali;<br />Dal 2020 sono diffusi i valori di produzione raccolta in quanto necessari per il calcolo della resa. <br />La serie storica e di conseguenza l'attendibilità dei dati diffusi negli anni precedenti non vengono compromessi perché, per le foraggere, i valori di produzione totale e raccolta coincidono.",F2200: F2200,,,,,,
IT1:101_1015(1.0),A: annuale,ITF4: Puglia,HP_Q_EXT: produzione raccolta - quintali,PEACH: pesca,ALL: tutte le voci,2024,645000,,,,"TIPO_DATO5__HP_Q_EXT_N1: Per tutte le coltivazioni foraggere temporanee e permanenti, a partire dal 2020 i valori di produzione sono espressi in quintali;<br />Dal 2020 sono diffusi i valori di produzione raccolta in quanto necessari per il calcolo della resa. <br />La serie storica e di conseguenza l'attendibilità dei dati diffusi negli anni precedenti non vengono compromessi perché, per le foraggere, i valori di produzione totale e raccolta coincidono.",F1210: F1210,,,,,,
IT1:101_1015(1.0),A: annuale,ITF4: Puglia,HP_Q_EXT: produzione raccolta - quintali,PEACH: pesca,ALL: tutte le voci,2025,641500,,,,"TIPO_DATO5__HP_Q_EXT_N1: Per tutte le coltivazioni foraggere temporanee e permanenti, a partire dal 2020 i valori di produzione sono espressi in quintali;<br />Dal 2020 sono diffusi i valori di produzione raccolta in quanto necessari per il calcolo della resa. <br />La serie storica e di conseguenza l'attendibilità dei dati diffusi negli anni precedenti non vengono compromessi perché, per le foraggere, i valori di produzione totale e raccolta coincidono.",F1210: F1210,,,,,,
IT1:101_1015(1.0),A: annuale,ITF4: Puglia,HP_Q_EXT: produzione raccolta - quintali,PEACH: pesca,ALL: tutte le voci,2026,610300,,,,"TIPO_DATO5__HP_Q_EXT_N1: Per tutte le coltivazioni foraggere temporanee e permanenti, a partire dal 2020 i valori di produzione sono espressi in quintali;<br />Dal 2020 sono diffusi i valori di produzione raccolta in quanto necessari per il calcolo della resa. <br />La serie storica e di conseguenza l'attendibilità dei dati diffusi negli anni precedenti non vengono compromessi perché, per le foraggere, i valori di produzione totale e raccolta coincidono.",F1210: F1210,,,,,,
IT1:101_1015(1.0),A: annuale,ITF4: Puglia,HP_Q_EXT: produzione raccolta - quintali,POTA: patata comune,ALL: tutte le voci,2024,252900,,,,"TIPO_DATO5__HP_Q_EXT_N1: Per tutte le coltivazioni foraggere temporanee e permanenti, a partire dal 2020 i valori di produzione sono espressi in quintali;<br />Dal 2020 sono diffusi i valori di produzione raccolta in quanto necessari per il calcolo della resa. <br />La serie storica e di conseguenza l'attendibilità dei dati diffusi negli anni precedenti non vengono compromessi perché, per le foraggere, i valori di produzione totale e raccolta coincidono.",R1000_II: R1000_II,,,,,,
IT1:101_1015(1.0),A: annuale,ITF4: Puglia,HP_Q_EXT: produzione raccolta - quintali,POTA: patata comune,ALL: tutte le voci,2025,242950,,,,"TIPO_DATO5__HP_Q_EXT_N1: Per tutte le coltivazioni foraggere temporanee e permanenti, a partire dal 2020 i valori di produzione sono espressi in quintali;<br />Dal 2020 sono diffusi i valori di produzione raccolta in quanto necessari per il calcolo della resa. <br />La serie storica e di conseguenza l'attendibilità dei dati diffusi negli anni precedenti non vengono compromessi perché, per le foraggere, i valori di produzione totale e raccolta coincidono.",R1000_II: R1000_II,,,,,,
IT1:101_1015(1.0),A: annuale,ITF4: Puglia,HP_Q_EXT: produzione raccolta - quintali,POTA: patata comune,ALL: tutte le voci,2026,273050,,,,"TIPO_DATO5__HP_Q_EXT_N1: Per tutte le coltivazioni foraggere temporanee e permanenti, a partire dal 2020 i valori di produzione sono espressi in quintali;<br />Dal 2020 sono diffusi i valori di produzione raccolta in quanto necessari per il calcolo della resa. <br />La serie storica e di conseguenza l'attendibilità dei dati diffusi negli anni precedenti non vengono compromessi perché, per le foraggere, i valori di produzione totale e raccolta coincidono.",R1000_II: R1000_II,,,,,,
IT1:101_1015(1.0),A: annuale,ITF4: Puglia,HP_Q_EXT: produzione raccolta - quintali,SUNFLO: girasole,ALL: tutte le voci,2024,36800,,,,"TIPO_DATO5__HP_Q_EXT_N1: Per tutte le coltivazioni foraggere temporanee e permanenti, a partire dal 2020 i valori di produzione sono espressi in quintali;<br />Dal 2020 sono diffusi i valori di produzione raccolta in quanto necessari per il calcolo della resa. <br />La serie storica e di conseguenza l'attendibilità dei dati diffusi negli anni precedenti non vengono compromessi perché, per le foraggere, i valori di produzione totale e raccolta coincidono.",I1120: I1120,,,,,,
IT1:101_1015(1.0),A: annuale,ITF4: Puglia,HP_Q_EXT: produzione raccolta - quintali,SUNFLO: girasole,ALL: tutte le voci,2025,39400,,,,"TIPO_DATO5__HP_Q_EXT_N1: Per tutte le coltivazioni foraggere temporanee e permanenti, a partire dal 2020 i valori di produzione sono espressi in quintali;<br />Dal 2020 sono diffusi i valori di produzione raccolta in quanto necessari per il calcolo della resa. <br />La serie storica e di conseguenza l'attendibilità dei dati diffusi negli anni precedenti non vengono compromessi perché, per le foraggere, i valori di produzione totale e raccolta coincidono.",I1120: I1120,,,,,,
IT1:101_1015(1.0),A: annuale,ITF4: Puglia,HP_Q_EXT: produzione raccolta - quintali,SUNFLO: girasole,ALL: tutte le voci,2026,82400,,,,"TIPO_DATO5__HP_Q_EXT_N1: Per tutte le coltivazioni foraggere temporanee e permanenti, a partire dal 2020 i valori di produzione sono espressi in quintali;<br />Dal 2020 sono diffusi i valori di produzione raccolta in quanto necessari per il calcolo della resa. <br />La serie storica e di conseguenza l'attendibilità dei dati diffusi negli anni precedenti non vengono compromessi perché, per le foraggere, i valori di produzione totale e raccolta coincidono.",I1120: I1120,,,,,,
IT1:101_1015(1.0),A: annuale,ITF4: Puglia,TP_QUIN_EXT: produzione totale - quintali,APPLE: mela,ALL: tutte le voci,2024,58250,,,,,F1110: F1110,,,,,,
IT1:101_1015(1.0),A: annuale,ITF4: Puglia,TP_QUIN_EXT: produzione totale - quintali,APPLE: mela,ALL: tutte le voci,2025,58350,,,,,F1110: F1110,,,,,,
IT1:101_1015(1.0),A: annuale,ITF4: Puglia,TP_QUIN_EXT: produzione totale - quintali,APPLE: mela,ALL: tutte le voci,2026,59450,,,,,F1110: F1110,,,,,,
IT1:101_1015(1.0),A: annuale,ITF4: Puglia,TP_QUIN_EXT: produzione totale - quintali,BARLEY: orzo,ALL: tutte le voci,2024,470000,,,,,C1300: C1300,,,,,,
IT1:101_1015(1.0),A: annuale,ITF4: Puglia,TP_QUIN_EXT: produzione totale - quintali,BARLEY: orzo,ALL: tutte le voci,2025,477000,,,,,C1300: C1300,,,,,,
IT1:101_1015(1.0),A: annuale,ITF4: Puglia,TP_QUIN_EXT: produzione totale - quintali,BARLEY: orzo,ALL: tutte le voci,2026,859000,,,,,C1300: C1300,,,,,,
IT1:101_1015(1.0),A: annuale,ITF4: Puglia,TP_QUIN_EXT: produzione totale - quintali,KIWI: kiwi,ALL: tutte le voci,2024,35420,,,,,F2200: F2200,,,,,,
IT1:101_1015(1.0),A: annuale,ITF4: Puglia,TP_QUIN_EXT: produzione totale - quintali,KIWI: kiwi,ALL: tutte le voci,2025,35380,,,,,F2200: F2200,,,,,,
IT1:101_1015(1.0),A: annuale,ITF4: Puglia,TP_QUIN_EXT: produzione totale - quintali,KIWI: kiwi,ALL: tutte le voci,2026,41540,,,,,F2200: F2200,,,,,,
IT1:101_1015(1.0),A: annuale,ITF4: Puglia,TP_QUIN_EXT: produzione totale - quintali,PEACH: pesca,ALL: tutte le voci,2024,661500,,,,,F1210: F1210,,,,,,
IT1:101_1015(1.0),A: annuale,ITF4: Puglia,TP_QUIN_EXT: produzione totale - quintali,PEACH: pesca,ALL: tutte le voci,2025,650500,,,,,F1210: F1210,,,,,,
IT1:101_1015(1.0),A: annuale,ITF4: Puglia,TP_QUIN_EXT: produzione totale - quintali,PEACH: pesca,ALL: tutte le voci,2026,628500,,,,,F1210: F1210,,,,,,
IT1:101_1015(1.0),A: annuale,ITF4: Puglia,TP_QUIN_EXT: produzione totale - quintali,POTA: patata comune,ALL: tutte le voci,2024,266000,,,,,R1000_II: R1000_II,,,,,,
IT1:101_1015(1.0),A: annuale,ITF4: Puglia,TP_QUIN_EXT: produzione totale - quintali,POTA: patata comune,ALL: tutte le voci,2025,256000,,,,,R1000_II: R1000_II,,,,,,
IT1:101_1015(1.0),A: annuale,ITF4: Puglia,TP_QUIN_EXT: produzione totale - quintali,POTA: patata comune,ALL: tutte le voci,2026,288000,,,,,R1000_II: R1000_II,,,,,,
IT1:101_1015(1.0),A: annuale,ITF4: Puglia,TP_QUIN_EXT: produzione totale - quintali,SUNFLO: girasole,ALL: tutte le voci,2024,38500,,,,,I1120: I1120,,,,,,
IT1:101_1015(1.0),A: annuale,ITF4: Puglia,TP_QUIN_EXT: produzione totale - quintali,SUNFLO: girasole,ALL: tutte le voci,2025,41400,,,,,I1120: I1120,,,,,,
IT1:101_1015(1.0),A: annuale,ITF4: Puglia,TP_QUIN_EXT: produzione totale - quintali,SUNFLO: girasole,ALL: tutte le voci,2026,84500,,,,,I1120: I1120,,,,,,
IT1:101_1015(1.0),A: annuale,ITF5: Basilicata,ART: superficie totale - ettari,APPLE: mela,ALL: tutte le voci,2024,425,,,,,F1110: F1110,,,,,,
IT1:101_1015(1.0),A: annuale,ITF5: Basilicata,ART: superficie totale - ettari,APPLE: mela,ALL: tutte le voci,2025,425,,,,,F1110: F1110,,,,,,
IT1:101_1015(1.0),A: annuale,ITF5: Basilicata,ART: superficie totale - ettari,APPLE: mela,ALL: tutte le voci,2026,429,,,,,F1110: F1110,,,,,,
IT1:101_1015(1.0),A: annuale,ITF5: Basilicata,ART: superficie totale - ettari,BARLEY: orzo,ALL: tutte le voci,2024,17185,,,,,C1300: C1300,,,,,,
IT1:101_1015(1.0),A: annuale,ITF5: Basilicata,ART: superficie totale - ettari,BARLEY: orzo,ALL: tutte le voci,2025,17185,,,,,C1300: C1300,,,,,,
IT1:101_1015(1.0),A: annuale,ITF5: Basilicata,ART: superficie totale - ettari,BARLEY: orzo,ALL: tutte le voci,2026,17280,,,,,C1300: C1300,,,,,,
IT1:101_1015(1.0),A: annuale,ITF5: Basilicata,ART: superficie totale - ettari,KIWI: kiwi,ALL: tutte le voci,2024,454,,,,,F2200: F2200,,,,,,
IT1:101_1015(1.0),A: annuale,ITF5: Basilicata,ART: superficie totale - ettari,KIWI: kiwi,ALL: tutte le voci,2025,454,,,,,F2200: F2200,,,,,,
IT1:101_1015(1.0),A: annuale,ITF5: Basilicata,ART: superficie totale - ettari,KIWI: kiwi,ALL: tutte le voci,2026,472,,,,,F2200: F2200,,,,,,
IT1:101_1015(1.0),A: annuale,ITF5: Basilicata,ART: superficie totale - ettari,PEACH: pesca,ALL: tutte le voci,2024,1862,,,,,F1210: F1210,,,,,,
IT1:101_1015(1.0),A: annuale,ITF5: Basilicata,ART: superficie totale - ettari,PEACH: pesca,ALL: tutte le voci,2025,1862,,,,,F1210: F1210,,,,,,
IT1:101_1015(1.0),A: annuale,ITF5: Basilicata,ART: superficie totale - ettari,PEACH: pesca,ALL: tutte le voci,2026,2532,,,,,F1210: F1210,,,,,,
IT1:101_1015(1.0),A: annuale,ITF5: Basilicata,ART: superficie totale - ettari,POTA: patata comune,ALL: tutte le voci,2024,105,,,,,R1000_II: R1000_II,,,,,,
IT1:101_1015(1.0),A: annuale,ITF5: Basilicata,ART: superficie totale - ettari,POTA: patata comune,ALL: tutte le voci,2025,105,,,,,R1000_II: R1000_II,,,,,,
IT1:101_1015(1.0),A: annuale,ITF5: Basilicata,ART: superficie totale - ettari,POTA: patata comune,ALL: tutte le voci,2026,102,,,,,R1000_II: R1000_II,,,,,,
IT1:101_1015(1.0),A: annuale,ITF5: Basilicata,ART: superficie totale - ettari,SUNFLO: girasole,ALL: tutte le voci,2024,49,,,,,I1120: I1120,,,,,,
IT1:101_1015(1.0),A: annuale,ITF5: Basilicata,ART: superficie totale - ettari,SUNFLO: girasole,ALL: tutte le voci,2025,49,,,,,I1120: I1120,,,,,,
IT1:101_1015(1.0),A: annuale,ITF5: Basilicata,ART: superficie totale - ettari,SUNFLO: girasole,ALL: tutte le voci,2026,37,,,,,I1120: I1120,,,,,,
IT1:101_1015(1.0),A: annuale,ITF5: Basilicata,HP_Q_EXT: produzione raccolta - quintali,APPLE: mela,ALL: tutte le voci,2024,83888,,,,"TIPO_DATO5__HP_Q_EXT_N1: Per tutte le coltivazioni foraggere temporanee e permanenti, a partire dal 2020 i valori di produzione sono espressi in quintali;<br />Dal 2020 sono diffusi i valori di produzione raccolta in quanto necessari per il calcolo della resa. <br />La serie storica e di conseguenza l'attendibilità dei dati diffusi negli anni precedenti non vengono compromessi perché, per le foraggere, i valori di produzione totale e raccolta coincidono.",F1110: F1110,,,,,,
IT1:101_1015(1.0),A: annuale,ITF5: Basilicata,HP_Q_EXT: produzione raccolta - quintali,APPLE: mela,ALL: tutte le voci,2025,83888,,,,"TIPO_DATO5__HP_Q_EXT_N1: Per tutte le coltivazioni foraggere temporanee e permanenti, a partire dal 2020 i valori di produzione sono espressi in quintali;<br />Dal 2020 sono diffusi i valori di produzione raccolta in quanto necessari per il calcolo della resa. <br />La serie storica e di conseguenza l'attendibilità dei dati diffusi negli anni precedenti non vengono compromessi perché, per le foraggere, i valori di produzione totale e raccolta coincidono.",F1110: F1110,,,,,,
IT1:101_1015(1.0),A: annuale,ITF5: Basilicata,HP_Q_EXT: produzione raccolta - quintali,APPLE: mela,ALL: tutte le voci,2026,87308,,,,"TIPO_DATO5__HP_Q_EXT_N1: Per tutte le coltivazioni foraggere temporanee e permanenti, a partire dal 2020 i valori di produzione sono espressi in quintali;<br />Dal 2020 sono diffusi i valori di produzione raccolta in quanto necessari per il calcolo della resa. <br />La serie storica e di conseguenza l'attendibilità dei dati diffusi negli anni precedenti non vengono compromessi perché, per le foraggere, i valori di produzione totale e raccolta coincidono.",F1110: F1110,,,,,,
IT1:101_1015(1.0),A: annuale,ITF5: Basilicata,HP_Q_EXT: produzione raccolta - quintali,BARLEY: orzo,ALL: tutte le voci,2024,410890,,,,"TIPO_DATO5__HP_Q_EXT_N1: Per tutte le coltivazioni foraggere temporanee e permanenti, a partire dal 2020 i valori di produzione sono espressi in quintali;<br />Dal 2020 sono diffusi i valori di produzione raccolta in quanto necessari per il calcolo della resa. <br />La serie storica e di conseguenza l'attendibilità dei dati diffusi negli anni precedenti non vengono compromessi perché, per le foraggere, i valori di produzione totale e raccolta coincidono.",C1300: C1300,,,,,,
IT1:101_1015(1.0),A: annuale,ITF5: Basilicata,HP_Q_EXT: produzione raccolta - quintali,BARLEY: orzo,ALL: tutte le voci,2025,410890,,,,"TIPO_DATO5__HP_Q_EXT_N1: Per tutte le coltivazioni foraggere temporanee e permanenti, a partire dal 2020 i valori di produzione sono espressi in quintali;<br />Dal 2020 sono diffusi i valori di produzione raccolta in quanto necessari per il calcolo della resa. <br />La serie storica e di conseguenza l'attendibilità dei dati diffusi negli anni precedenti non vengono compromessi perché, per le foraggere, i valori di produzione totale e raccolta coincidono.",C1300: C1300,,,,,,
IT1:101_1015(1.0),A: annuale,ITF5: Basilicata,HP_Q_EXT: produzione raccolta - quintali,BARLEY: orzo,ALL: tutte le voci,2026,436791,,,,"TIPO_DATO5__HP_Q_EXT_N1: Per tutte le coltivazioni foraggere temporanee e permanenti, a partire dal 2020 i valori di produzione sono espressi in quintali;<br />Dal 2020 sono diffusi i valori di produzione raccolta in quanto necessari per il calcolo della resa. <br />La serie storica e di conseguenza l'attendibilità dei dati diffusi negli anni precedenti non vengono compromessi perché, per le foraggere, i valori di produzione totale e raccolta coincidono.",C1300: C1300,,,,,,
IT1:101_1015(1.0),A: annuale,ITF5: Basilicata,HP_Q_EXT: produzione raccolta - quintali,KIWI: kiwi,ALL: tutte le voci,2024,75840,,,,"TIPO_DATO5__HP_Q_EXT_N1: Per tutte le coltivazioni foraggere temporanee e permanenti, a partire dal 2020 i valori di produzione sono espressi in quintali;<br />Dal 2020 sono diffusi i valori di produzione raccolta in quanto necessari per il calcolo della resa. <br />La serie storica e di conseguenza l'attendibilità dei dati diffusi negli anni precedenti non vengono compromessi perché, per le foraggere, i valori di produzione totale e raccolta coincidono.",F2200: F2200,,,,,,
IT1:101_1015(1.0),A: annuale,ITF5: Basilicata,HP_Q_EXT: produzione raccolta - quintali,KIWI: kiwi,ALL: tutte le voci,2025,75840,,,,"TIPO_DATO5__HP_Q_EXT_N1: Per tutte le coltivazioni foraggere temporanee e permanenti, a partire dal 2020 i valori di produzione sono espressi in quintali;<br />Dal 2020 sono diffusi i valori di produzione raccolta in quanto necessari per il calcolo della resa. <br />La serie storica e di conseguenza l'attendibilità dei dati diffusi negli anni precedenti non vengono compromessi perché, per le foraggere, i valori di produzione totale e raccolta coincidono.",F2200: F2200,,,,,,
IT1:101_1015(1.0),A: annuale,ITF5: Basilicata,HP_Q_EXT: produzione raccolta - quintali,KIWI: kiwi,ALL: tutte le voci,2026,79114,,,,"TIPO_DATO5__HP_Q_EXT_N1: Per tutte le coltivazioni foraggere temporanee e permanenti, a partire dal 2020 i valori di produzione sono espressi in quintali;<br />Dal 2020 sono diffusi i valori di produzione raccolta in quanto necessari per il calcolo della resa. <br />La serie storica e di conseguenza l'attendibilità dei dati diffusi negli anni precedenti non vengono compromessi perché, per le foraggere, i valori di produzione totale e raccolta coincidono.",F2200: F2200,,,,,,
IT1:101_1015(1.0),A: annuale,ITF5: Basilicata,HP_Q_EXT: produzione raccolta - quintali,PEACH: pesca,ALL: tutte le voci,2024,335700,,,,"TIPO_DATO5__HP_Q_EXT_N1: Per tutte le coltivazioni foraggere temporanee e permanenti, a partire dal 2020 i valori di produzione sono espressi in quintali;<br />Dal 2020 sono diffusi i valori di produzione raccolta in quanto necessari per il calcolo della resa. <br />La serie storica e di conseguenza l'attendibilità dei dati diffusi negli anni precedenti non vengono compromessi perché, per le foraggere, i valori di produzione totale e raccolta coincidono.",F1210: F1210,,,,,,
IT1:101_1015(1.0),A: annuale,ITF5: Basilicata,HP_Q_EXT: produzione raccolta - quintali,PEACH: pesca,ALL: tutte le voci,2025,335700,,,,"TIPO_DATO5__HP_Q_EXT_N1: Per tutte le coltivazioni foraggere temporanee e permanenti, a partire dal 2020 i valori di produzione sono espressi in quintali;<br />Dal 2020 sono diffusi i valori di produzione raccolta in quanto necessari per il calcolo della resa. <br />La serie storica e di conseguenza l'attendibilità dei dati diffusi negli anni precedenti non vengono compromessi perché, per le foraggere, i valori di produzione totale e raccolta coincidono.",F1210: F1210,,,,,,
IT1:101_1015(1.0),A: annuale,ITF5: Basilicata,HP_Q_EXT: produzione raccolta - quintali,PEACH: pesca,ALL: tutte le voci,2026,457780,,,,"TIPO_DATO5__HP_Q_EXT_N1: Per tutte le coltivazioni foraggere temporanee e permanenti, a partire dal 2020 i valori di produzione sono espressi in quintali;<br />Dal 2020 sono diffusi i valori di produzione raccolta in quanto necessari per il calcolo della resa. <br />La serie storica e di conseguenza l'attendibilità dei dati diffusi negli anni precedenti non vengono compromessi perché, per le foraggere, i valori di produzione totale e raccolta coincidono.",F1210: F1210,,,,,,
IT1:101_1015(1.0),A: annuale,ITF5: Basilicata,HP_Q_EXT: produzione raccolta - quintali,POTA: patata comune,ALL: tutte le voci,2024,19754,,,,"TIPO_DATO5__HP_Q_EXT_N1: Per tutte le coltivazioni foraggere temporanee e permanenti, a partire dal 2020 i valori di produzione sono espressi in quintali;<br />Dal 2020 sono diffusi i valori di produzione raccolta in quanto necessari per il calcolo della resa. <br />La serie storica e di conseguenza l'attendibilità dei dati diffusi negli anni precedenti non vengono compromessi perché, per le foraggere, i valori di produzione totale e raccolta coincidono.",R1000_II: R1000_II,,,,,,
IT1:101_1015(1.0),A: annuale,ITF5: Basilicata,HP_Q_EXT: produzione raccolta - quintali,POTA: patata comune,ALL: tutte le voci,2025,19754,,,,"TIPO_DATO5__HP_Q_EXT_N1: Per tutte le coltivazioni foraggere temporanee e permanenti, a partire dal 2020 i valori di produzione sono espressi in quintali;<br />Dal 2020 sono diffusi i valori di produzione raccolta in quanto necessari per il calcolo della resa. <br />La serie storica e di conseguenza l'attendibilità dei dati diffusi negli anni precedenti non vengono compromessi perché, per le foraggere, i valori di produzione totale e raccolta coincidono.",R1000_II: R1000_II,,,,,,
IT1:101_1015(1.0),A: annuale,ITF5: Basilicata,HP_Q_EXT: produzione raccolta - quintali,POTA: patata comune,ALL: tutte le voci,2026,17347,,,,"TIPO_DATO5__HP_Q_EXT_N1: Per tutte le coltivazioni foraggere temporanee e permanenti, a partire dal 2020 i valori di produzione sono espressi in quintali;<br />Dal 2020 sono diffusi i valori di produzione raccolta in quanto necessari per il calcolo della resa. <br />La serie storica e di conseguenza l'attendibilità dei dati diffusi negli anni precedenti non vengono compromessi perché, per le foraggere, i valori di produzione totale e raccolta coincidono.",R1000_II: R1000_II,,,,,,
IT1:101_1015(1.0),A: annuale,ITF5: Basilicata,HP_Q_EXT: produzione raccolta - quintali,SUNFLO: girasole,ALL: tutte le voci,2024,561,,,,"TIPO_DATO5__HP_Q_EXT_N1: Per tutte le coltivazioni foraggere temporanee e permanenti, a partire dal 2020 i valori di produzione sono espressi in quintali;<br />Dal 2020 sono diffusi i valori di produzione raccolta in quanto necessari per il calcolo della resa. <br />La serie storica e di conseguenza l'attendibilità dei dati diffusi negli anni precedenti non vengono compromessi perché, per le foraggere, i valori di produzione totale e raccolta coincidono.",I1120: I1120,,,,,,
IT1:101_1015(1.0),A: annuale,ITF5: Basilicata,HP_Q_EXT: produzione raccolta - quintali,SUNFLO: girasole,ALL: tutte le voci,2025,561,,,,"TIPO_DATO5__HP_Q_EXT_N1: Per tutte le coltivazioni foraggere temporanee e permanenti, a partire dal 2020 i valori di produzione sono espressi in quintali;<br />Dal 2020 sono diffusi i valori di produzione raccolta in quanto necessari per il calcolo della resa. <br />La serie storica e di conseguenza l'attendibilità dei dati diffusi negli anni precedenti non vengono compromessi perché, per le foraggere, i valori di produzione totale e raccolta coincidono.",I1120: I1120,,,,,,
IT1:101_1015(1.0),A: annuale,ITF5: Basilicata,HP_Q_EXT: produzione raccolta - quintali,SUNFLO: girasole,ALL: tutte le voci,2026,388,,,,"TIPO_DATO5__HP_Q_EXT_N1: Per tutte le coltivazioni foraggere temporanee e permanenti, a partire dal 2020 i valori di produzione sono espressi in quintali;<br />Dal 2020 sono diffusi i valori di produzione raccolta in quanto necessari per il calcolo della resa. <br />La serie storica e di conseguenza l'attendibilità dei dati diffusi negli anni precedenti non vengono compromessi perché, per le foraggere, i valori di produzione totale e raccolta coincidono.",I1120: I1120,,,,,,
IT1:101_1015(1.0),A: annuale,ITF5: Basilicata,TP_QUIN_EXT: produzione totale - quintali,APPLE: mela,ALL: tutte le voci,2024,84108,,,,,F1110: F1110,,,,,,
IT1:101_1015(1.0),A: annuale,ITF5: Basilicata,TP_QUIN_EXT: produzione totale - quintali,APPLE: mela,ALL: tutte le voci,2025,84108,,,,,F1110: F1110,,,,,,
IT1:101_1015(1.0),A: annuale,ITF5: Basilicata,TP_QUIN_EXT: produzione totale - quintali,APPLE: mela,ALL: tutte le voci,2026,88688,,,,,F1110: F1110,,,,,,
IT1:101_1015(1.0),A: annuale,ITF5: Basilicata,TP_QUIN_EXT: produzione totale - quintali,BARLEY: orzo,ALL: tutte le voci,2024,410896,,,,,C1300: C1300,,,,,,
IT1:101_1015(1.0),A: annuale,ITF5: Basilicata,TP_QUIN_EXT: produzione totale - quintali,BARLEY: orzo,ALL: tutte le voci,2025,410896,,,,,C1300: C1300,,,,,,
IT1:101_1015(1.0),A: annuale,ITF5: Basilicata,TP_QUIN_EXT: produzione totale - quintali,BARLEY: orzo,ALL: tutte le voci,2026,438596,,,,,C1300: C1300,,,,,,
IT1:101_1015(1.0),A: annuale,ITF5: Basilicata,TP_QUIN_EXT: produzione totale - quintali,KIWI: kiwi,ALL: tutte le voci,2024,76050,,,,,F2200: F2200,,,,,,
IT1:101_1015(1.0),A: annuale,ITF5: Basilicata,TP_QUIN_EXT: produzione totale - quintali,KIWI: kiwi,ALL: tutte le voci,2025,76050,,,,,F2200: F2200,,,,,,
IT1:101_1015(1.0),A: annuale,ITF5: Basilicata,TP_QUIN_EXT: produzione totale - quintali,KIWI: kiwi,ALL: tutte le voci,2026,79336,,,,,F2200: F2200,,,,,,
IT1:101_1015(1.0),A: annuale,ITF5: Basilicata,TP_QUIN_EXT: produzione totale - quintali,PEACH: pesca,ALL: tutte le voci,2024,345702,,,,,F1210: F1210,,,,,,
IT1:101_1015(1.0),A: annuale,ITF5: Basilicata,TP_QUIN_EXT: produzione totale - quintali,PEACH: pesca,ALL: tutte le voci,2025,345702,,,,,F1210: F1210,,,,,,
IT1:101_1015(1.0),A: annuale,ITF5: Basilicata,TP_QUIN_EXT: produzione totale - quintali,PEACH: pesca,ALL: tutte le voci,2026,461900,,,,,F1210: F1210,,,,,,
IT1:101_1015(1.0),A: annuale,ITF5: Basilicata,TP_QUIN_EXT: produzione totale - quintali,POTA: patata comune,ALL: tutte le voci,2024,19853,,,,,R1000_II: R1000_II,,,,,,
IT1:101_1015(1.0),A: annuale,ITF5: Basilicata,TP_QUIN_EXT: produzione totale - quintali,POTA: patata comune,ALL: tutte le voci,2025,19853,,,,,R1000_II: R1000_II,,,,,,
IT1:101_1015(1.0),A: annuale,ITF5: Basilicata,TP_QUIN_EXT: produzione totale - quintali,POTA: patata comune,ALL: tutte le voci,2026,17506,,,,,R1000_II: R1000_II,,,,,,
IT1:101_1015(1.0),A: annuale,ITF5: Basilicata,TP_QUIN_EXT: produzione totale - quintali,SUNFLO: girasole,ALL: tutte le voci,2024,586,,,,,I1120: I1120,,,,,,
IT1:101_1015(1.0),A: annuale,ITF5: Basilicata,TP_QUIN_EXT: produzione totale - quintali,SUNFLO: girasole,ALL: tutte le voci,2025,586,,,,,I1120: I1120,,,,,,
IT1:101_1015(1.0),A: annuale,ITF5: Basilicata,TP_QUIN_EXT: produzione totale - quintali,SUNFLO: girasole,ALL: tutte le voci,2026,411,,,,,I1120: I1120,,,,,,
IT1:101_1015(1.0),A: annuale,ITF6: Calabria,ART: superficie totale - ettari,APPLE: mela,ALL: tutte le voci,2024,527,,,,,F1110: F1110,,,,,,
IT1:101_1015(1.0),A: annuale,ITF6: Calabria,ART: superficie totale - ettari,APPLE: mela,ALL: tutte le voci,2025,527,,,,,F1110: F1110,,,,,,
IT1:101_1015(1.0),A: annuale,ITF6: Calabria,ART: superficie totale - ettari,APPLE: mela,ALL: tutte le voci,2026,594,,,,,F1110: F1110,,,,,,
IT1:101_1015(1.0),A: annuale,ITF6: Calabria,ART: superficie totale - ettari,BARLEY: orzo,ALL: tutte le voci,2024,7819,,,,,C1300: C1300,,,,,,
IT1:101_1015(1.0),A: annuale,ITF6: Calabria,ART: superficie totale - ettari,BARLEY: orzo,ALL: tutte le voci,2025,7819,,,,,C1300: C1300,,,,,,
IT1:101_1015(1.0),A: annuale,ITF6: Calabria,ART: superficie totale - ettari,BARLEY: orzo,ALL: tutte le voci,2026,7876,,,,,C1300: C1300,,,,,,
IT1:101_1015(1.0),A: annuale,ITF6: Calabria,ART: superficie totale - ettari,KIWI: kiwi,ALL: tutte le voci,2024,1579,,,,,F2200: F2200,,,,,,
IT1:101_1015(1.0),A: annuale,ITF6: Calabria,ART: superficie totale - ettari,KIWI: kiwi,ALL: tutte le voci,2025,1579,,,,,F2200: F2200,,,,,,
IT1:101_1015(1.0),A: annuale,ITF6: Calabria,ART: superficie totale - ettari,KIWI: kiwi,ALL: tutte le voci,2026,1585,,,,,F2200: F2200,,,,,,
IT1:101_1015(1.0),A: annuale,ITF6: Calabria,ART: superficie totale - ettari,PEACH: pesca,ALL: tutte le voci,2024,1746,,,,,F1210: F1210,,,,,,
IT1:101_1015(1.0),A: annuale,ITF6: Calabria,ART: superficie totale - ettari,PEACH: pesca,ALL: tutte le voci,2025,1746,,,,,F1210: F1210,,,,,,
IT1:101_1015(1.0),A: annuale,ITF6: Calabria,ART: superficie totale - ettari,PEACH: pesca,ALL: tutte le voci,2026,1746,,,,,F1210: F1210,,,,,,
IT1:101_1015(1.0),A: annuale,ITF6: Calabria,ART: superficie totale - ettari,POTA: patata comune,ALL: tutte le voci,2024,4711,,,,,R1000_II: R1000_II,,,,,,
IT1:101_1015(1.0),A: annuale,ITF6: Calabria,ART: superficie totale - ettari,POTA: patata comune,ALL: tutte le voci,2025,4711,,,,,R1000_II: R1000_II,,,,,,
IT1:101_1015(1.0),A: annuale,ITF6: Calabria,ART: superficie totale - ettari,POTA: patata comune,ALL: tutte le voci,2026,4776,,,,,R1000_II: R1000_II,,,,,,
IT1:101_1015(1.0),A: annuale,ITF6: Calabria,ART: superficie totale - ettari,SUNFLO: girasole,ALL: tutte le voci,2024,46,,,,,I1120: I1120,,,,,,
IT1:101_1015(1.0),A: annuale,ITF6: Calabria,ART: superficie totale - ettari,SUNFLO: girasole,ALL: tutte le voci,2025,46,,,,,I1120: I1120,,,,,,
IT1:101_1015(1.0),A: annuale,ITF6: Calabria,ART: superficie totale - ettari,SUNFLO: girasole,ALL: tutte le voci,2026,49,,,,,I1120: I1120,,,,,,
IT1:101_1015(1.0),A: annuale,ITF6: Calabria,HP_Q_EXT: produzione raccolta - quintali,APPLE: mela,ALL: tutte le voci,2024,94405,,,,"TIPO_DATO5__HP_Q_EXT_N1: Per tutte le coltivazioni foraggere temporanee e permanenti, a partire dal 2020 i valori di produzione sono espressi in quintali;<br />Dal 2020 sono diffusi i valori di produzione raccolta in quanto necessari per il calcolo della resa. <br />La serie storica e di conseguenza l'attendibilità dei dati diffusi negli anni precedenti non vengono compromessi perché, per le foraggere, i valori di produzione totale e raccolta coincidono.",F1110: F1110,,,,,,
IT1:101_1015(1.0),A: annuale,ITF6: Calabria,HP_Q_EXT: produzione raccolta - quintali,APPLE: mela,ALL: tutte le voci,2025,93935,,,,"TIPO_DATO5__HP_Q_EXT_N1: Per tutte le coltivazioni foraggere temporanee e permanenti, a partire dal 2020 i valori di produzione sono espressi in quintali;<br />Dal 2020 sono diffusi i valori di produzione raccolta in quanto necessari per il calcolo della resa. <br />La serie storica e di conseguenza l'attendibilità dei dati diffusi negli anni precedenti non vengono compromessi perché, per le foraggere, i valori di produzione totale e raccolta coincidono.",F1110: F1110,,,,,,
IT1:101_1015(1.0),A: annuale,ITF6: Calabria,HP_Q_EXT: produzione raccolta - quintali,APPLE: mela,ALL: tutte le voci,2026,104937,,,,"TIPO_DATO5__HP_Q_EXT_N1: Per tutte le coltivazioni foraggere temporanee e permanenti, a partire dal 2020 i valori di produzione sono espressi in quintali;<br />Dal 2020 sono diffusi i valori di produzione raccolta in quanto necessari per il calcolo della resa. <br />La serie storica e di conseguenza l'attendibilità dei dati diffusi negli anni precedenti non vengono compromessi perché, per le foraggere, i valori di produzione totale e raccolta coincidono.",F1110: F1110,,,,,,
IT1:101_1015(1.0),A: annuale,ITF6: Calabria,HP_Q_EXT: produzione raccolta - quintali,BARLEY: orzo,ALL: tutte le voci,2024,216957,,,,"TIPO_DATO5__HP_Q_EXT_N1: Per tutte le coltivazioni foraggere temporanee e permanenti, a partire dal 2020 i valori di produzione sono espressi in quintali;<br />Dal 2020 sono diffusi i valori di produzione raccolta in quanto necessari per il calcolo della resa. <br />La serie storica e di conseguenza l'attendibilità dei dati diffusi negli anni precedenti non vengono compromessi perché, per le foraggere, i valori di produzione totale e raccolta coincidono.",C1300: C1300,,,,,,
IT1:101_1015(1.0),A: annuale,ITF6: Calabria,HP_Q_EXT: produzione raccolta - quintali,BARLEY: orzo,ALL: tutte le voci,2025,218477,,,,"TIPO_DATO5__HP_Q_EXT_N1: Per tutte le coltivazioni foraggere temporanee e permanenti, a partire dal 2020 i valori di produzione sono espressi in quintali;<br />Dal 2020 sono diffusi i valori di produzione raccolta in quanto necessari per il calcolo della resa. <br />La serie storica e di conseguenza l'attendibilità dei dati diffusi negli anni precedenti non vengono compromessi perché, per le foraggere, i valori di produzione totale e raccolta coincidono.",C1300: C1300,,,,,,
IT1:101_1015(1.0),A: annuale,ITF6: Calabria,HP_Q_EXT: produzione raccolta - quintali,BARLEY: orzo,ALL: tutte le voci,2026,219267,,,,"TIPO_DATO5__HP_Q_EXT_N1: Per tutte le coltivazioni foraggere temporanee e permanenti, a partire dal 2020 i valori di produzione sono espressi in quintali;<br />Dal 2020 sono diffusi i valori di produzione raccolta in quanto necessari per il calcolo della resa. <br />La serie storica e di conseguenza l'attendibilità dei dati diffusi negli anni precedenti non vengono compromessi perché, per le foraggere, i valori di produzione totale e raccolta coincidono.",C1300: C1300,,,,,,
IT1:101_1015(1.0),A: annuale,ITF6: Calabria,HP_Q_EXT: produzione raccolta - quintali,KIWI: kiwi,ALL: tutte le voci,2024,434640,,,,"TIPO_DATO5__HP_Q_EXT_N1: Per tutte le coltivazioni foraggere temporanee e permanenti, a partire dal 2020 i valori di produzione sono espressi in quintali;<br />Dal 2020 sono diffusi i valori di produzione raccolta in quanto necessari per il calcolo della resa. <br />La serie storica e di conseguenza l'attendibilità dei dati diffusi negli anni precedenti non vengono compromessi perché, per le foraggere, i valori di produzione totale e raccolta coincidono.",F2200: F2200,,,,,,
IT1:101_1015(1.0),A: annuale,ITF6: Calabria,HP_Q_EXT: produzione raccolta - quintali,KIWI: kiwi,ALL: tutte le voci,2025,434440,,,,"TIPO_DATO5__HP_Q_EXT_N1: Per tutte le coltivazioni foraggere temporanee e permanenti, a partire dal 2020 i valori di produzione sono espressi in quintali;<br />Dal 2020 sono diffusi i valori di produzione raccolta in quanto necessari per il calcolo della resa. <br />La serie storica e di conseguenza l'attendibilità dei dati diffusi negli anni precedenti non vengono compromessi perché, per le foraggere, i valori di produzione totale e raccolta coincidono.",F2200: F2200,,,,,,
IT1:101_1015(1.0),A: annuale,ITF6: Calabria,HP_Q_EXT: produzione raccolta - quintali,KIWI: kiwi,ALL: tutte le voci,2026,275728,,,,"TIPO_DATO5__HP_Q_EXT_N1: Per tutte le coltivazioni foraggere temporanee e permanenti, a partire dal 2020 i valori di produzione sono espressi in quintali;<br />Dal 2020 sono diffusi i valori di produzione raccolta in quanto necessari per il calcolo della resa. <br />La serie storica e di conseguenza l'attendibilità dei dati diffusi negli anni precedenti non vengono compromessi perché, per le foraggere, i valori di produzione totale e raccolta coincidono.",F2200: F2200,,,,,,
IT1:101_1015(1.0),A: annuale,ITF6: Calabria,HP_Q_EXT: produzione raccolta - quintali,PEACH: pesca,ALL: tutte le voci,2024,511857,,,,"TIPO_DATO5__HP_Q_EXT_N1: Per tutte le coltivazioni foraggere temporanee e permanenti, a partire dal 2020 i valori di produzione sono espressi in quintali;<br />Dal 2020 sono diffusi i valori di produzione raccolta in quanto necessari per il calcolo della resa. <br />La serie storica e di conseguenza l'attendibilità dei dati diffusi negli anni precedenti non vengono compromessi perché, per le foraggere, i valori di produzione totale e raccolta coincidono.",F1210: F1210,,,,,,
IT1:101_1015(1.0),A: annuale,ITF6: Calabria,HP_Q_EXT: produzione raccolta - quintali,PEACH: pesca,ALL: tutte le voci,2025,511837,,,,"TIPO_DATO5__HP_Q_EXT_N1: Per tutte le coltivazioni foraggere temporanee e permanenti, a partire dal 2020 i valori di produzione sono espressi in quintali;<br />Dal 2020 sono diffusi i valori di produzione raccolta in quanto necessari per il calcolo della resa. <br />La serie storica e di conseguenza l'attendibilità dei dati diffusi negli anni precedenti non vengono compromessi perché, per le foraggere, i valori di produzione totale e raccolta coincidono.",F1210: F1210,,,,,,
IT1:101_1015(1.0),A: annuale,ITF6: Calabria,HP_Q_EXT: produzione raccolta - quintali,PEACH: pesca,ALL: tutte le voci,2026,512756,,,,"TIPO_DATO5__HP_Q_EXT_N1: Per tutte le coltivazioni foraggere temporanee e permanenti, a partire dal 2020 i valori di produzione sono espressi in quintali;<br />Dal 2020 sono diffusi i valori di produzione raccolta in quanto necessari per il calcolo della resa. <br />La serie storica e di conseguenza l'attendibilità dei dati diffusi negli anni precedenti non vengono compromessi perché, per le foraggere, i valori di produzione totale e raccolta coincidono.",F1210: F1210,,,,,,
IT1:101_1015(1.0),A: annuale,ITF6: Calabria,HP_Q_EXT: produzione raccolta - quintali,POTA: patata comune,ALL: tutte le voci,2024,1234855,,,,"TIPO_DATO5__HP_Q_EXT_N1: Per tutte le coltivazioni foraggere temporanee e permanenti, a partire dal 2020 i valori di produzione sono espressi in quintali;<br />Dal 2020 sono diffusi i valori di produzione raccolta in quanto necessari per il calcolo della resa. <br />La serie storica e di conseguenza l'attendibilità dei dati diffusi negli anni precedenti non vengono compromessi perché, per le foraggere, i valori di produzione totale e raccolta coincidono.",R1000_II: R1000_II,,,,,,
IT1:101_1015(1.0),A: annuale,ITF6: Calabria,HP_Q_EXT: produzione raccolta - quintali,POTA: patata comune,ALL: tutte le voci,2025,1234775,,,,"TIPO_DATO5__HP_Q_EXT_N1: Per tutte le coltivazioni foraggere temporanee e permanenti, a partire dal 2020 i valori di produzione sono espressi in quintali;<br />Dal 2020 sono diffusi i valori di produzione raccolta in quanto necessari per il calcolo della resa. <br />La serie storica e di conseguenza l'attendibilità dei dati diffusi negli anni precedenti non vengono compromessi perché, per le foraggere, i valori di produzione totale e raccolta coincidono.",R1000_II: R1000_II,,,,,,
IT1:101_1015(1.0),A: annuale,ITF6: Calabria,HP_Q_EXT: produzione raccolta - quintali,POTA: patata comune,ALL: tutte le voci,2026,1263875,,,,"TIPO_DATO5__HP_Q_EXT_N1: Per tutte le coltivazioni foraggere temporanee e permanenti, a partire dal 2020 i valori di produzione sono espressi in quintali;<br />Dal 2020 sono diffusi i valori di produzione raccolta in quanto necessari per il calcolo della resa. <br />La serie storica e di conseguenza l'attendibilità dei dati diffusi negli anni precedenti non vengono compromessi perché, per le foraggere, i valori di produzione totale e raccolta coincidono.",R1000_II: R1000_II,,,,,,
IT1:101_1015(1.0),A: annuale,ITF6: Calabria,HP_Q_EXT: produzione raccolta - quintali,SUNFLO: girasole,ALL: tutte le voci,2024,1332,,,,"TIPO_DATO5__HP_Q_EXT_N1: Per tutte le coltivazioni foraggere temporanee e permanenti, a partire dal 2020 i valori di produzione sono espressi in quintali;<br />Dal 2020 sono diffusi i valori di produzione raccolta in quanto necessari per il calcolo della resa. <br />La serie storica e di conseguenza l'attendibilità dei dati diffusi negli anni precedenti non vengono compromessi perché, per le foraggere, i valori di produzione totale e raccolta coincidono.",I1120: I1120,,,,,,
IT1:101_1015(1.0),A: annuale,ITF6: Calabria,HP_Q_EXT: produzione raccolta - quintali,SUNFLO: girasole,ALL: tutte le voci,2025,1332,,,,"TIPO_DATO5__HP_Q_EXT_N1: Per tutte le coltivazioni foraggere temporanee e permanenti, a partire dal 2020 i valori di produzione sono espressi in quintali;<br />Dal 2020 sono diffusi i valori di produzione raccolta in quanto necessari per il calcolo della resa. <br />La serie storica e di conseguenza l'attendibilità dei dati diffusi negli anni precedenti non vengono compromessi perché, per le foraggere, i valori di produzione totale e raccolta coincidono.",I1120: I1120,,,,,,
IT1:101_1015(1.0),A: annuale,ITF6: Calabria,HP_Q_EXT: produzione raccolta - quintali,SUNFLO: girasole,ALL: tutte le voci,2026,1517,,,,"TIPO_DATO5__HP_Q_EXT_N1: Per tutte le coltivazioni foraggere temporanee e permanenti, a partire dal 2020 i valori di produzione sono espressi in quintali;<br />Dal 2020 sono diffusi i valori di produzione raccolta in quanto necessari per il calcolo della resa. <br />La serie storica e di conseguenza l'attendibilità dei dati diffusi negli anni precedenti non vengono compromessi perché, per le foraggere, i valori di produzione totale e raccolta coincidono.",I1120: I1120,,,,,,
IT1:101_1015(1.0),A: annuale,ITF6: Calabria,TP_QUIN_EXT: produzione totale - quintali,APPLE: mela,ALL: tutte le voci,2024,95100,,,,,F1110: F1110,,,,,,
IT1:101_1015(1.0),A: annuale,ITF6: Calabria,TP_QUIN_EXT: produzione totale - quintali,APPLE: mela,ALL: tutte le voci,2025,94540,,,,,F1110: F1110,,,,,,
IT1:101_1015(1.0),A: annuale,ITF6: Calabria,TP_QUIN_EXT: produzione totale - quintali,APPLE: mela,ALL: tutte le voci,2026,105897,,,,,F1110: F1110,,,,,,
IT1:101_1015(1.0),A: annuale,ITF6: Calabria,TP_QUIN_EXT: produzione totale - quintali,BARLEY: orzo,ALL: tutte le voci,2024,221645,,,,,C1300: C1300,,,,,,
IT1:101_1015(1.0),A: annuale,ITF6: Calabria,TP_QUIN_EXT: produzione totale - quintali,BARLEY: orzo,ALL: tutte le voci,2025,223001,,,,,C1300: C1300,,,,,,
IT1:101_1015(1.0),A: annuale,ITF6: Calabria,TP_QUIN_EXT: produzione totale - quintali,BARLEY: orzo,ALL: tutte le voci,2026,223926,,,,,C1300: C1300,,,,,,
IT1:101_1015(1.0),A: annuale,ITF6: Calabria,TP_QUIN_EXT: produzione totale - quintali,KIWI: kiwi,ALL: tutte le voci,2024,434965,,,,,F2200: F2200,,,,,,
IT1:101_1015(1.0),A: annuale,ITF6: Calabria,TP_QUIN_EXT: produzione totale - quintali,KIWI: kiwi,ALL: tutte le voci,2025,434780,,,,,F2200: F2200,,,,,,
IT1:101_1015(1.0),A: annuale,ITF6: Calabria,TP_QUIN_EXT: produzione totale - quintali,KIWI: kiwi,ALL: tutte le voci,2026,276630,,,,,F2200: F2200,,,,,,
IT1:101_1015(1.0),A: annuale,ITF6: Calabria,TP_QUIN_EXT: produzione totale - quintali,PEACH: pesca,ALL: tutte le voci,2024,518340,,,,,F1210: F1210,,,,,,
IT1:101_1015(1.0),A: annuale,ITF6: Calabria,TP_QUIN_EXT: produzione totale - quintali,PEACH: pesca,ALL: tutte le voci,2025,518315,,,,,F1210: F1210,,,,,,
IT1:101_1015(1.0),A: annuale,ITF6: Calabria,TP_QUIN_EXT: produzione totale - quintali,PEACH: pesca,ALL: tutte le voci,2026,520140,,,,,F1210: F1210,,,,,,
IT1:101_1015(1.0),A: annuale,ITF6: Calabria,TP_QUIN_EXT: produzione totale - quintali,POTA: patata comune,ALL: tutte le voci,2024,1239985,,,,,R1000_II: R1000_II,,,,,,
IT1:101_1015(1.0),A: annuale,ITF6: Calabria,TP_QUIN_EXT: produzione totale - quintali,POTA: patata comune,ALL: tutte le voci,2025,1239885,,,,,R1000_II: R1000_II,,,,,,
IT1:101_1015(1.0),A: annuale,ITF6: Calabria,TP_QUIN_EXT: produzione totale - quintali,POTA: patata comune,ALL: tutte le voci,2026,1276925,,,,,R1000_II: R1000_II,,,,,,
IT1:101_1015(1.0),A: annuale,ITF6: Calabria,TP_QUIN_EXT: produzione totale - quintali,SUNFLO: girasole,ALL: tutte le voci,2024,1338,,,,,I1120: I1120,,,,,,
IT1:101_1015(1.0),A: annuale,ITF6: Calabria,TP_QUIN_EXT: produzione totale - quintali,SUNFLO: girasole,ALL: tutte le voci,2025,1338,,,,,I1120: I1120,,,,,,
IT1:101_1015(1.0),A: annuale,ITF6: Calabria,TP_QUIN_EXT: produzione totale - quintali,SUNFLO: girasole,ALL: tutte le voci,2026,1517,,,,,I1120: I1120,,,,,,
IT1:101_1015(1.0),A: annuale,ITG1: Sicilia,ART: superficie totale - ettari,APPLE: mela,ALL: tutte le voci,2024,675,,,,,F1110: F1110,,,,,,
IT1:101_1015(1.0),A: annuale,ITG1: Sicilia,ART: superficie totale - ettari,APPLE: mela,ALL: tutte le voci,2025,675,,,,,F1110: F1110,,,,,,
IT1:101_1015(1.0),A: annuale,ITG1: Sicilia,ART: superficie totale - ettari,APPLE: mela,ALL: tutte le voci,2026,712,,,,,F1110: F1110,,,,,,
IT1:101_1015(1.0),A: annuale,ITG1: Sicilia,ART: superficie totale - ettari,BARLEY: orzo,ALL: tutte le voci,2024,4896,,,,,C1300: C1300,,,,,,
IT1:101_1015(1.0),A: annuale,ITG1: Sicilia,ART: superficie totale - ettari,BARLEY: orzo,ALL: tutte le voci,2025,4779,,,,,C1300: C1300,,,,,,
IT1:101_1015(1.0),A: annuale,ITG1: Sicilia,ART: superficie totale - ettari,BARLEY: orzo,ALL: tutte le voci,2026,2953,,,,,C1300: C1300,,,,,,
IT1:101_1015(1.0),A: annuale,ITG1: Sicilia,ART: superficie totale - ettari,KIWI: kiwi,ALL: tutte le voci,2024,71,,,,,F2200: F2200,,,,,,
IT1:101_1015(1.0),A: annuale,ITG1: Sicilia,ART: superficie totale - ettari,KIWI: kiwi,ALL: tutte le voci,2025,74,,,,,F2200: F2200,,,,,,
IT1:101_1015(1.0),A: annuale,ITG1: Sicilia,ART: superficie totale - ettari,KIWI: kiwi,ALL: tutte le voci,2026,62,,,,,F2200: F2200,,,,,,
IT1:101_1015(1.0),A: annuale,ITG1: Sicilia,ART: superficie totale - ettari,PEACH: pesca,ALL: tutte le voci,2024,6005,,,,,F1210: F1210,,,,,,
IT1:101_1015(1.0),A: annuale,ITG1: Sicilia,ART: superficie totale - ettari,PEACH: pesca,ALL: tutte le voci,2025,5988,,,,,F1210: F1210,,,,,,
IT1:101_1015(1.0),A: annuale,ITG1: Sicilia,ART: superficie totale - ettari,PEACH: pesca,ALL: tutte le voci,2026,6180,,,,,F1210: F1210,,,,,,
IT1:101_1015(1.0),A: annuale,ITG1: Sicilia,ART: superficie totale - ettari,POTA: patata comune,ALL: tutte le voci,2024,2307,,,,,R1000_II: R1000_II,,,,,,
IT1:101_1015(1.0),A: annuale,ITG1: Sicilia,ART: superficie totale - ettari,POTA: patata comune,ALL: tutte le voci,2025,2293,,,,,R1000_II: R1000_II,,,,,,
IT1:101_1015(1.0),A: annuale,ITG1: Sicilia,ART: superficie totale - ettari,POTA: patata comune,ALL: tutte le voci,2026,2132,,,,,R1000_II: R1000_II,,,,,,
IT1:101_1015(1.0),A: annuale,ITG1: Sicilia,HP_Q_EXT: produzione raccolta - quintali,APPLE: mela,ALL: tutte le voci,2024,136910,,,,"TIPO_DATO5__HP_Q_EXT_N1: Per tutte le coltivazioni foraggere temporanee e permanenti, a partire dal 2020 i valori di produzione sono espressi in quintali;<br />Dal 2020 sono diffusi i valori di produzione raccolta in quanto necessari per il calcolo della resa. <br />La serie storica e di conseguenza l'attendibilità dei dati diffusi negli anni precedenti non vengono compromessi perché, per le foraggere, i valori di produzione totale e raccolta coincidono.",F1110: F1110,,,,,,
IT1:101_1015(1.0),A: annuale,ITG1: Sicilia,HP_Q_EXT: produzione raccolta - quintali,APPLE: mela,ALL: tutte le voci,2025,161939,,,,"TIPO_DATO5__HP_Q_EXT_N1: Per tutte le coltivazioni foraggere temporanee e permanenti, a partire dal 2020 i valori di produzione sono espressi in quintali;<br />Dal 2020 sono diffusi i valori di produzione raccolta in quanto necessari per il calcolo della resa. <br />La serie storica e di conseguenza l'attendibilità dei dati diffusi negli anni precedenti non vengono compromessi perché, per le foraggere, i valori di produzione totale e raccolta coincidono.",F1110: F1110,,,,,,
IT1:101_1015(1.0),A: annuale,ITG1: Sicilia,HP_Q_EXT: produzione raccolta - quintali,APPLE: mela,ALL: tutte le voci,2026,156471,,,,"TIPO_DATO5__HP_Q_EXT_N1: Per tutte le coltivazioni foraggere temporanee e permanenti, a partire dal 2020 i valori di produzione sono espressi in quintali;<br />Dal 2020 sono diffusi i valori di produzione raccolta in quanto necessari per il calcolo della resa. <br />La serie storica e di conseguenza l'attendibilità dei dati diffusi negli anni precedenti non vengono compromessi perché, per le foraggere, i valori di produzione totale e raccolta coincidono.",F1110: F1110,,,,,,
IT1:101_1015(1.0),A: annuale,ITG1: Sicilia,HP_Q_EXT: produzione raccolta - quintali,BARLEY: orzo,ALL: tutte le voci,2024,125636,,,,"TIPO_DATO5__HP_Q_EXT_N1: Per tutte le coltivazioni foraggere temporanee e permanenti, a partire dal 2020 i valori di produzione sono espressi in quintali;<br />Dal 2020 sono diffusi i valori di produzione raccolta in quanto necessari per il calcolo della resa. <br />La serie storica e di conseguenza l'attendibilità dei dati diffusi negli anni precedenti non vengono compromessi perché, per le foraggere, i valori di produzione totale e raccolta coincidono.",C1300: C1300,,,,,,
IT1:101_1015(1.0),A: annuale,ITG1: Sicilia,HP_Q_EXT: produzione raccolta - quintali,BARLEY: orzo,ALL: tutte le voci,2025,127508,,,,"TIPO_DATO5__HP_Q_EXT_N1: Per tutte le coltivazioni foraggere temporanee e permanenti, a partire dal 2020 i valori di produzione sono espressi in quintali;<br />Dal 2020 sono diffusi i valori di produzione raccolta in quanto necessari per il calcolo della resa. <br />La serie storica e di conseguenza l'attendibilità dei dati diffusi negli anni precedenti non vengono compromessi perché, per le foraggere, i valori di produzione totale e raccolta coincidono.",C1300: C1300,,,,,,
IT1:101_1015(1.0),A: annuale,ITG1: Sicilia,HP_Q_EXT: produzione raccolta - quintali,BARLEY: orzo,ALL: tutte le voci,2026,78239,,,,"TIPO_DATO5__HP_Q_EXT_N1: Per tutte le coltivazioni foraggere temporanee e permanenti, a partire dal 2020 i valori di produzione sono espressi in quintali;<br />Dal 2020 sono diffusi i valori di produzione raccolta in quanto necessari per il calcolo della resa. <br />La serie storica e di conseguenza l'attendibilità dei dati diffusi negli anni precedenti non vengono compromessi perché, per le foraggere, i valori di produzione totale e raccolta coincidono.",C1300: C1300,,,,,,
IT1:101_1015(1.0),A: annuale,ITG1: Sicilia,HP_Q_EXT: produzione raccolta - quintali,KIWI: kiwi,ALL: tutte le voci,2024,8820,,,,"TIPO_DATO5__HP_Q_EXT_N1: Per tutte le coltivazioni foraggere temporanee e permanenti, a partire dal 2020 i valori di produzione sono espressi in quintali;<br />Dal 2020 sono diffusi i valori di produzione raccolta in quanto necessari per il calcolo della resa. <br />La serie storica e di conseguenza l'attendibilità dei dati diffusi negli anni precedenti non vengono compromessi perché, per le foraggere, i valori di produzione totale e raccolta coincidono.",F2200: F2200,,,,,,
IT1:101_1015(1.0),A: annuale,ITG1: Sicilia,HP_Q_EXT: produzione raccolta - quintali,KIWI: kiwi,ALL: tutte le voci,2025,11080,,,,"TIPO_DATO5__HP_Q_EXT_N1: Per tutte le coltivazioni foraggere temporanee e permanenti, a partire dal 2020 i valori di produzione sono espressi in quintali;<br />Dal 2020 sono diffusi i valori di produzione raccolta in quanto necessari per il calcolo della resa. <br />La serie storica e di conseguenza l'attendibilità dei dati diffusi negli anni precedenti non vengono compromessi perché, per le foraggere, i valori di produzione totale e raccolta coincidono.",F2200: F2200,,,,,,
IT1:101_1015(1.0),A: annuale,ITG1: Sicilia,HP_Q_EXT: produzione raccolta - quintali,KIWI: kiwi,ALL: tutte le voci,2026,9000,,,,"TIPO_DATO5__HP_Q_EXT_N1: Per tutte le coltivazioni foraggere temporanee e permanenti, a partire dal 2020 i valori di produzione sono espressi in quintali;<br />Dal 2020 sono diffusi i valori di produzione raccolta in quanto necessari per il calcolo della resa. <br />La serie storica e di conseguenza l'attendibilità dei dati diffusi negli anni precedenti non vengono compromessi perché, per le foraggere, i valori di produzione totale e raccolta coincidono.",F2200: F2200,,,,,,
IT1:101_1015(1.0),A: annuale,ITG1: Sicilia,HP_Q_EXT: produzione raccolta - quintali,PEACH: pesca,ALL: tutte le voci,2024,1030227,,,,"TIPO_DATO5__HP_Q_EXT_N1: Per tutte le coltivazioni foraggere temporanee e permanenti, a partire dal 2020 i valori di produzione sono espressi in quintali;<br />Dal 2020 sono diffusi i valori di produzione raccolta in quanto necessari per il calcolo della resa. <br />La serie storica e di conseguenza l'attendibilità dei dati diffusi negli anni precedenti non vengono compromessi perché, per le foraggere, i valori di produzione totale e raccolta coincidono.",F1210: F1210,,,,,,
IT1:101_1015(1.0),A: annuale,ITG1: Sicilia,HP_Q_EXT: produzione raccolta - quintali,PEACH: pesca,ALL: tutte le voci,2025,1068134,,,,"TIPO_DATO5__HP_Q_EXT_N1: Per tutte le coltivazioni foraggere temporanee e permanenti, a partire dal 2020 i valori di produzione sono espressi in quintali;<br />Dal 2020 sono diffusi i valori di produzione raccolta in quanto necessari per il calcolo della resa. <br />La serie storica e di conseguenza l'attendibilità dei dati diffusi negli anni precedenti non vengono compromessi perché, per le foraggere, i valori di produzione totale e raccolta coincidono.",F1210: F1210,,,,,,
IT1:101_1015(1.0),A: annuale,ITG1: Sicilia,HP_Q_EXT: produzione raccolta - quintali,PEACH: pesca,ALL: tutte le voci,2026,1069758,,,,"TIPO_DATO5__HP_Q_EXT_N1: Per tutte le coltivazioni foraggere temporanee e permanenti, a partire dal 2020 i valori di produzione sono espressi in quintali;<br />Dal 2020 sono diffusi i valori di produzione raccolta in quanto necessari per il calcolo della resa. <br />La serie storica e di conseguenza l'attendibilità dei dati diffusi negli anni precedenti non vengono compromessi perché, per le foraggere, i valori di produzione totale e raccolta coincidono.",F1210: F1210,,,,,,
IT1:101_1015(1.0),A: annuale,ITG1: Sicilia,HP_Q_EXT: produzione raccolta - quintali,POTA: patata comune,ALL: tutte le voci,2024,399328,,,,"TIPO_DATO5__HP_Q_EXT_N1: Per tutte le coltivazioni foraggere temporanee e permanenti, a partire dal 2020 i valori di produzione sono espressi in quintali;<br />Dal 2020 sono diffusi i valori di produzione raccolta in quanto necessari per il calcolo della resa. <br />La serie storica e di conseguenza l'attendibilità dei dati diffusi negli anni precedenti non vengono compromessi perché, per le foraggere, i valori di produzione totale e raccolta coincidono.",R1000_II: R1000_II,,,,,,
IT1:101_1015(1.0),A: annuale,ITG1: Sicilia,HP_Q_EXT: produzione raccolta - quintali,POTA: patata comune,ALL: tutte le voci,2025,407530,,,,"TIPO_DATO5__HP_Q_EXT_N1: Per tutte le coltivazioni foraggere temporanee e permanenti, a partire dal 2020 i valori di produzione sono espressi in quintali;<br />Dal 2020 sono diffusi i valori di produzione raccolta in quanto necessari per il calcolo della resa. <br />La serie storica e di conseguenza l'attendibilità dei dati diffusi negli anni precedenti non vengono compromessi perché, per le foraggere, i valori di produzione totale e raccolta coincidono.",R1000_II: R1000_II,,,,,,
IT1:101_1015(1.0),A: annuale,ITG1: Sicilia,HP_Q_EXT: produzione raccolta - quintali,POTA: patata comune,ALL: tutte le voci,2026,394758,,,,"TIPO_DATO5__HP_Q_EXT_N1: Per tutte le coltivazioni foraggere temporanee e permanenti, a partire dal 2020 i valori di produzione sono espressi in quintali;<br />Dal 2020 sono diffusi i valori di produzione raccolta in quanto necessari per il calcolo della resa. <br />La serie storica e di conseguenza l'attendibilità dei dati diffusi negli anni precedenti non vengono compromessi perché, per le foraggere, i valori di produzione totale e raccolta coincidono.",R1000_II: R1000_II,,,,,,
IT1:101_1015(1.0),A: annuale,ITG1: Sicilia,TP_QUIN_EXT: produzione totale - quintali,APPLE: mela,ALL: tutte le voci,2024,152731,,,,,F1110: F1110,,,,,,
IT1:101_1015(1.0),A: annuale,ITG1: Sicilia,TP_QUIN_EXT: produzione totale - quintali,APPLE: mela,ALL: tutte le voci,2025,163938,,,,,F1110: F1110,,,,,,
IT1:101_1015(1.0),A: annuale,ITG1: Sicilia,TP_QUIN_EXT: produzione totale - quintali,APPLE: mela,ALL: tutte le voci,2026,158208,,,,,F1110: F1110,,,,,,
IT1:101_1015(1.0),A: annuale,ITG1: Sicilia,TP_QUIN_EXT: produzione totale - quintali,BARLEY: orzo,ALL: tutte le voci,2024,126325,,,,,C1300: C1300,,,,,,
IT1:101_1015(1.0),A: annuale,ITG1: Sicilia,TP_QUIN_EXT: produzione totale - quintali,BARLEY: orzo,ALL: tutte le voci,2025,128122,,,,,C1300: C1300,,,,,,
IT1:101_1015(1.0),A: annuale,ITG1: Sicilia,TP_QUIN_EXT: produzione totale - quintali,BARLEY: orzo,ALL: tutte le voci,2026,79115,,,,,C1300: C1300,,,,,,
IT1:101_1015(1.0),A: annuale,ITG1: Sicilia,TP_QUIN_EXT: produzione totale - quintali,KIWI: kiwi,ALL: tutte le voci,2024,10620,,,,,F2200: F2200,,,,,,
IT1:101_1015(1.0),A: annuale,ITG1: Sicilia,TP_QUIN_EXT: produzione totale - quintali,KIWI: kiwi,ALL: tutte le voci,2025,11320,,,,,F2200: F2200,,,,,,
IT1:101_1015(1.0),A: annuale,ITG1: Sicilia,TP_QUIN_EXT: produzione totale - quintali,KIWI: kiwi,ALL: tutte le voci,2026,9200,,,,,F2200: F2200,,,,,,
IT1:101_1015(1.0),A: annuale,ITG1: Sicilia,TP_QUIN_EXT: produzione totale - quintali,PEACH: pesca,ALL: tutte le voci,2024,1056883,,,,,F1210: F1210,,,,,,
IT1:101_1015(1.0),A: annuale,ITG1: Sicilia,TP_QUIN_EXT: produzione totale - quintali,PEACH: pesca,ALL: tutte le voci,2025,1093890,,,,,F1210: F1210,,,,,,
IT1:101_1015(1.0),A: annuale,ITG1: Sicilia,TP_QUIN_EXT: produzione totale - quintali,PEACH: pesca,ALL: tutte le voci,2026,1087238,,,,,F1210: F1210,,,,,,
IT1:101_1015(1.0),A: annuale,ITG1: Sicilia,TP_QUIN_EXT: produzione totale - quintali,POTA: patata comune,ALL: tutte le voci,2024,408485,,,,,R1000_II: R1000_II,,,,,,
IT1:101_1015(1.0),A: annuale,ITG1: Sicilia,TP_QUIN_EXT: produzione totale - quintali,POTA: patata comune,ALL: tutte le voci,2025,417096,,,,,R1000_II: R1000_II,,,,,,
IT1:101_1015(1.0),A: annuale,ITG1: Sicilia,TP_QUIN_EXT: produzione totale - quintali,POTA: patata comune,ALL: tutte le voci,2026,399409,,,,,R1000_II: R1000_II,,,,,,
IT1:101_1015(1.0),A: annuale,ITG2: Sardegna,ART: superficie totale - ettari,APPLE: mela,ALL: tutte le voci,2024,250,,,,,F1110: F1110,,,,,,
IT1:101_1015(1.0),A: annuale,ITG2: Sardegna,ART: superficie totale - ettari,APPLE: mela,ALL: tutte le voci,2025,250,,,,,F1110: F1110,,,,,,
IT1:101_1015(1.0),A: annuale,ITG2: Sardegna,ART: superficie totale - ettari,APPLE: mela,ALL: tutte le voci,2026,250,,,,,F1110: F1110,,,,,,
IT1:101_1015(1.0),A: annuale,ITG2: Sardegna,ART: superficie totale - ettari,BARLEY: orzo,ALL: tutte le voci,2024,11847,,,,,C1300: C1300,,,,,,
IT1:101_1015(1.0),A: annuale,ITG2: Sardegna,ART: superficie totale - ettari,BARLEY: orzo,ALL: tutte le voci,2025,11712,,,,,C1300: C1300,,,,,,
IT1:101_1015(1.0),A: annuale,ITG2: Sardegna,ART: superficie totale - ettari,BARLEY: orzo,ALL: tutte le voci,2026,8630,,,,,C1300: C1300,,,,,,
IT1:101_1015(1.0),A: annuale,ITG2: Sardegna,ART: superficie totale - ettari,PEACH: pesca,ALL: tutte le voci,2024,822,,,,,F1210: F1210,,,,,,
IT1:101_1015(1.0),A: annuale,ITG2: Sardegna,ART: superficie totale - ettari,PEACH: pesca,ALL: tutte le voci,2025,818,,,,,F1210: F1210,,,,,,
IT1:101_1015(1.0),A: annuale,ITG2: Sardegna,ART: superficie totale - ettari,PEACH: pesca,ALL: tutte le voci,2026,798,,,,,F1210: F1210,,,,,,
IT1:101_1015(1.0),A: annuale,ITG2: Sardegna,ART: superficie totale - ettari,POTA: patata comune,ALL: tutte le voci,2024,696,,,,,R1000_II: R1000_II,,,,,,
IT1:101_1015(1.0),A: annuale,ITG2: Sardegna,ART: superficie totale - ettari,POTA: patata comune,ALL: tutte le voci,2025,806,,,,,R1000_II: R1000_II,,,,,,
IT1:101_1015(1.0),A: annuale,ITG2: Sardegna,ART: superficie totale - ettari,POTA: patata comune,ALL: tutte le voci,2026,688,,,,,R1000_II: R1000_II,,,,,,
IT1:101_1015(1.0),A: annuale,ITG2: Sardegna,ART: superficie totale - ettari,SUNFLO: girasole,ALL: tutte le voci,2025,20,,,,,I1120: I1120,,,,,,
IT1:101_1015(1.0),A: annuale,ITG2: Sardegna,ART: superficie totale - ettari,SUNFLO: girasole,ALL: tutte le voci,2026,20,,,,,I1120: I1120,,,,,,
IT1:101_1015(1.0),A: annuale,ITG2: Sardegna,HP_Q_EXT: produzione raccolta - quintali,APPLE: mela,ALL: tutte le voci,2024,48753,,,,"TIPO_DATO5__HP_Q_EXT_N1: Per tutte le coltivazioni foraggere temporanee e permanenti, a partire dal 2020 i valori di produzione sono espressi in quintali;<br />Dal 2020 sono diffusi i valori di produzione raccolta in quanto necessari per il calcolo della resa. <br />La serie storica e di conseguenza l'attendibilità dei dati diffusi negli anni precedenti non vengono compromessi perché, per le foraggere, i valori di produzione totale e raccolta coincidono.",F1110: F1110,,,,,,
IT1:101_1015(1.0),A: annuale,ITG2: Sardegna,HP_Q_EXT: produzione raccolta - quintali,APPLE: mela,ALL: tutte le voci,2025,46385,,,,"TIPO_DATO5__HP_Q_EXT_N1: Per tutte le coltivazioni foraggere temporanee e permanenti, a partire dal 2020 i valori di produzione sono espressi in quintali;<br />Dal 2020 sono diffusi i valori di produzione raccolta in quanto necessari per il calcolo della resa. <br />La serie storica e di conseguenza l'attendibilità dei dati diffusi negli anni precedenti non vengono compromessi perché, per le foraggere, i valori di produzione totale e raccolta coincidono.",F1110: F1110,,,,,,
IT1:101_1015(1.0),A: annuale,ITG2: Sardegna,HP_Q_EXT: produzione raccolta - quintali,APPLE: mela,ALL: tutte le voci,2026,46047,,,,"TIPO_DATO5__HP_Q_EXT_N1: Per tutte le coltivazioni foraggere temporanee e permanenti, a partire dal 2020 i valori di produzione sono espressi in quintali;<br />Dal 2020 sono diffusi i valori di produzione raccolta in quanto necessari per il calcolo della resa. <br />La serie storica e di conseguenza l'attendibilità dei dati diffusi negli anni precedenti non vengono compromessi perché, per le foraggere, i valori di produzione totale e raccolta coincidono.",F1110: F1110,,,,,,
IT1:101_1015(1.0),A: annuale,ITG2: Sardegna,HP_Q_EXT: produzione raccolta - quintali,BARLEY: orzo,ALL: tutte le voci,2024,260073,,,,"TIPO_DATO5__HP_Q_EXT_N1: Per tutte le coltivazioni foraggere temporanee e permanenti, a partire dal 2020 i valori di produzione sono espressi in quintali;<br />Dal 2020 sono diffusi i valori di produzione raccolta in quanto necessari per il calcolo della resa. <br />La serie storica e di conseguenza l'attendibilità dei dati diffusi negli anni precedenti non vengono compromessi perché, per le foraggere, i valori di produzione totale e raccolta coincidono.",C1300: C1300,,,,,,
IT1:101_1015(1.0),A: annuale,ITG2: Sardegna,HP_Q_EXT: produzione raccolta - quintali,BARLEY: orzo,ALL: tutte le voci,2025,269265,,,,"TIPO_DATO5__HP_Q_EXT_N1: Per tutte le coltivazioni foraggere temporanee e permanenti, a partire dal 2020 i valori di produzione sono espressi in quintali;<br />Dal 2020 sono diffusi i valori di produzione raccolta in quanto necessari per il calcolo della resa. <br />La serie storica e di conseguenza l'attendibilità dei dati diffusi negli anni precedenti non vengono compromessi perché, per le foraggere, i valori di produzione totale e raccolta coincidono.",C1300: C1300,,,,,,
IT1:101_1015(1.0),A: annuale,ITG2: Sardegna,HP_Q_EXT: produzione raccolta - quintali,BARLEY: orzo,ALL: tutte le voci,2026,133389,,,,"TIPO_DATO5__HP_Q_EXT_N1: Per tutte le coltivazioni foraggere temporanee e permanenti, a partire dal 2020 i valori di produzione sono espressi in quintali;<br />Dal 2020 sono diffusi i valori di produzione raccolta in quanto necessari per il calcolo della resa. <br />La serie storica e di conseguenza l'attendibilità dei dati diffusi negli anni precedenti non vengono compromessi perché, per le foraggere, i valori di produzione totale e raccolta coincidono.",C1300: C1300,,,,,,
IT1:101_1015(1.0),A: annuale,ITG2: Sardegna,HP_Q_EXT: produzione raccolta - quintali,PEACH: pesca,ALL: tutte le voci,2024,104367,,,,"TIPO_DATO5__HP_Q_EXT_N1: Per tutte le coltivazioni foraggere temporanee e permanenti, a partire dal 2020 i valori di produzione sono espressi in quintali;<br />Dal 2020 sono diffusi i valori di produzione raccolta in quanto necessari per il calcolo della resa. <br />La serie storica e di conseguenza l'attendibilità dei dati diffusi negli anni precedenti non vengono compromessi perché, per le foraggere, i valori di produzione totale e raccolta coincidono.",F1210: F1210,,,,,,
IT1:101_1015(1.0),A: annuale,ITG2: Sardegna,HP_Q_EXT: produzione raccolta - quintali,PEACH: pesca,ALL: tutte le voci,2025,124143,,,,"TIPO_DATO5__HP_Q_EXT_N1: Per tutte le coltivazioni foraggere temporanee e permanenti, a partire dal 2020 i valori di produzione sono espressi in quintali;<br />Dal 2020 sono diffusi i valori di produzione raccolta in quanto necessari per il calcolo della resa. <br />La serie storica e di conseguenza l'attendibilità dei dati diffusi negli anni precedenti non vengono compromessi perché, per le foraggere, i valori di produzione totale e raccolta coincidono.",F1210: F1210,,,,,,
IT1:101_1015(1.0),A: annuale,ITG2: Sardegna,HP_Q_EXT: produzione raccolta - quintali,PEACH: pesca,ALL: tutte le voci,2026,120545,,,,"TIPO_DATO5__HP_Q_EXT_N1: Per tutte le coltivazioni foraggere temporanee e permanenti, a partire dal 2020 i valori di produzione sono espressi in quintali;<br />Dal 2020 sono diffusi i valori di produzione raccolta in quanto necessari per il calcolo della resa. <br />La serie storica e di conseguenza l'attendibilità dei dati diffusi negli anni precedenti non vengono compromessi perché, per le foraggere, i valori di produzione totale e raccolta coincidono.",F1210: F1210,,,,,,
IT1:101_1015(1.0),A: annuale,ITG2: Sardegna,HP_Q_EXT: produzione raccolta - quintali,POTA: patata comune,ALL: tutte le voci,2024,234284,,,,"TIPO_DATO5__HP_Q_EXT_N1: Per tutte le coltivazioni foraggere temporanee e permanenti, a partire dal 2020 i valori di produzione sono espressi in quintali;<br />Dal 2020 sono diffusi i valori di produzione raccolta in quanto necessari per il calcolo della resa. <br />La serie storica e di conseguenza l'attendibilità dei dati diffusi negli anni precedenti non vengono compromessi perché, per le foraggere, i valori di produzione totale e raccolta coincidono.",R1000_II: R1000_II,,,,,,
IT1:101_1015(1.0),A: annuale,ITG2: Sardegna,HP_Q_EXT: produzione raccolta - quintali,POTA: patata comune,ALL: tutte le voci,2025,265290,,,,"TIPO_DATO5__HP_Q_EXT_N1: Per tutte le coltivazioni foraggere temporanee e permanenti, a partire dal 2020 i valori di produzione sono espressi in quintali;<br />Dal 2020 sono diffusi i valori di produzione raccolta in quanto necessari per il calcolo della resa. <br />La serie storica e di conseguenza l'attendibilità dei dati diffusi negli anni precedenti non vengono compromessi perché, per le foraggere, i valori di produzione totale e raccolta coincidono.",R1000_II: R1000_II,,,,,,
IT1:101_1015(1.0),A: annuale,ITG2: Sardegna,HP_Q_EXT: produzione raccolta - quintali,POTA: patata comune,ALL: tutte le voci,2026,226555,,,,"TIPO_DATO5__HP_Q_EXT_N1: Per tutte le coltivazioni foraggere temporanee e permanenti, a partire dal 2020 i valori di produzione sono espressi in quintali;<br />Dal 2020 sono diffusi i valori di produzione raccolta in quanto necessari per il calcolo della resa. <br />La serie storica e di conseguenza l'attendibilità dei dati diffusi negli anni precedenti non vengono compromessi perché, per le foraggere, i valori di produzione totale e raccolta coincidono.",R1000_II: R1000_II,,,,,,
IT1:101_1015(1.0),A: annuale,ITG2: Sardegna,HP_Q_EXT: produzione raccolta - quintali,SUNFLO: girasole,ALL: tutte le voci,2025,400,,,,"TIPO_DATO5__HP_Q_EXT_N1: Per tutte le coltivazioni foraggere temporanee e permanenti, a partire dal 2020 i valori di produzione sono espressi in quintali;<br />Dal 2020 sono diffusi i valori di produzione raccolta in quanto necessari per il calcolo della resa. <br />La serie storica e di conseguenza l'attendibilità dei dati diffusi negli anni precedenti non vengono compromessi perché, per le foraggere, i valori di produzione totale e raccolta coincidono.",I1120: I1120,,,,,,
IT1:101_1015(1.0),A: annuale,ITG2: Sardegna,HP_Q_EXT: produzione raccolta - quintali,SUNFLO: girasole,ALL: tutte le voci,2026,400,,,,"TIPO_DATO5__HP_Q_EXT_N1: Per tutte le coltivazioni foraggere temporanee e permanenti, a partire dal 2020 i valori di produzione sono espressi in quintali;<br />Dal 2020 sono diffusi i valori di produzione raccolta in quanto necessari per il calcolo della resa. <br />La serie storica e di conseguenza l'attendibilità dei dati diffusi negli anni precedenti non vengono compromessi perché, per le foraggere, i valori di produzione totale e raccolta coincidono.",I1120: I1120,,,,,,
IT1:101_1015(1.0),A: annuale,ITG2: Sardegna,TP_QUIN_EXT: produzione totale - quintali,APPLE: mela,ALL: tutte le voci,2024,49713,,,,,F1110: F1110,,,,,,
IT1:101_1015(1.0),A: annuale,ITG2: Sardegna,TP_QUIN_EXT: produzione totale - quintali,APPLE: mela,ALL: tutte le voci,2025,46385,,,,,F1110: F1110,,,,,,
IT1:101_1015(1.0),A: annuale,ITG2: Sardegna,TP_QUIN_EXT: produzione totale - quintali,APPLE: mela,ALL: tutte le voci,2026,47007,,,,,F1110: F1110,,,,,,
IT1:101_1015(1.0),A: annuale,ITG2: Sardegna,TP_QUIN_EXT: produzione totale - quintali,BARLEY: orzo,ALL: tutte le voci,2024,260073,,,,,C1300: C1300,,,,,,
IT1:101_1015(1.0),A: annuale,ITG2: Sardegna,TP_QUIN_EXT: produzione totale - quintali,BARLEY: orzo,ALL: tutte le voci,2025,269265,,,,,C1300: C1300,,,,,,
IT1:101_1015(1.0),A: annuale,ITG2: Sardegna,TP_QUIN_EXT: produzione totale - quintali,BARLEY: orzo,ALL: tutte le voci,2026,133389,,,,,C1300: C1300,,,,,,
IT1:101_1015(1.0),A: annuale,ITG2: Sardegna,TP_QUIN_EXT: produzione totale - quintali,PEACH: pesca,ALL: tutte le voci,2024,109079,,,,,F1210: F1210,,,,,,
IT1:101_1015(1.0),A: annuale,ITG2: Sardegna,TP_QUIN_EXT: produzione totale - quintali,PEACH: pesca,ALL: tutte le voci,2025,124143,,,,,F1210: F1210,,,,,,
IT1:101_1015(1.0),A: annuale,ITG2: Sardegna,TP_QUIN_EXT: produzione totale - quintali,PEACH: pesca,ALL: tutte le voci,2026,120545,,,,,F1210: F1210,,,,,,
IT1:101_1015(1.0),A: annuale,ITG2: Sardegna,TP_QUIN_EXT: produzione totale - quintali,POTA: patata comune,ALL: tutte le voci,2024,234284,,,,,R1000_II: R1000_II,,,,,,
IT1:101_1015(1.0),A: annuale,ITG2: Sardegna,TP_QUIN_EXT: produzione totale - quintali,POTA: patata comune,ALL: tutte le voci,2025,265290,,,,,R1000_II: R1000_II,,,,,,
IT1:101_1015(1.0),A: annuale,ITG2: Sardegna,TP_QUIN_EXT: produzione totale - quintali,POTA: patata comune,ALL: tutte le voci,2026,226555,,,,,R1000_II: R1000_II,,,,,,
IT1:101_1015(1.0),A: annuale,ITG2: Sardegna,TP_QUIN_EXT: produzione totale - quintali,SUNFLO: girasole,ALL: tutte le voci,2025,400,,,,,I1120: I1120,,,,,,
IT1:101_1015(1.0),A: annuale,ITG2: Sardegna,TP_QUIN_EXT: produzione totale - quintali,SUNFLO: girasole,ALL: tutte le voci,2026,400,,,,,I1120: I1120,,,,,,
