DATAFLOW,FREQ: Frequenza,REF_AREA: Territorio,DATA_TYPE: Indicatore,TYPE_OF_CROP: Tipo di coltivazione,DESTINATION_WINEGRAPES: Destinazione dell'uva da vino,TIME_PERIOD: Tempo,OBS_VALUE,OBS_STATUS: Stato dell'osservazione,NOTE_DS: Nota del dataset,NOTE_REF_AREA: Territorio,NOTE_DATA_TYPE: Indicatore,NOTE_TYPE_OF_CROP_EUCODE: Codice Eurostat,NOTE_TYPE_OF_CROP: Tipo di coltivazione,NOTE_DESTINATION_WINEGRAPES: Destinazione dell'uva da vino,NOTE_TIME_PERIOD: Tempo,BASE_PER: Anno base,UNIT_MEAS: Unità di misura,UNIT_MULT: Unità di moltiplicazione
IT1:101_1015(1.0),A: annuale,IT: Italia,ART: superficie totale - ettari,OLIVTAB_OIL: olive da tavola e da olio,ALL: tutte le voci,2024,1113664,,,,,O1000: O1000,,,,,,
IT1:101_1015(1.0),A: annuale,IT: Italia,ART: superficie totale - ettari,OLIVTAB_OIL: olive da tavola e da olio,ALL: tutte le voci,2025,1107789,,,,,O1000: O1000,,,,,,
IT1:101_1015(1.0),A: annuale,IT: Italia,ART: superficie totale - ettari,OLIVTAB_OIL: olive da tavola e da olio,ALL: tutte le voci,2026,1109392,,,,,O1000: O1000,,,,,,
IT1:101_1015(1.0),A: annuale,IT: Italia,ART: superficie totale - ettari,TABLEGRAPES: uva da tavola,ALL: tutte le voci,2024,47514,,,,,W1200: W1200,,,,,,
IT1:101_1015(1.0),A: annuale,IT: Italia,ART: superficie totale - ettari,TABLEGRAPES: uva da tavola,ALL: tutte le voci,2025,47062,,,,,W1200: W1200,,,,,,
IT1:101_1015(1.0),A: annuale,IT: Italia,ART: superficie totale - ettari,TABLEGRAPES: uva da tavola,ALL: tutte le voci,2026,40790,,,,,W1200: W1200,,,,,,
IT1:101_1015(1.0),A: annuale,IT: Italia,ART: superficie totale - ettari,WINEES: uva da vino,ALL: tutte le voci,2024,692663,,,,,W1100: W1100,,,,,,
IT1:101_1015(1.0),A: annuale,IT: Italia,ART: superficie totale - ettari,WINEES: uva da vino,ALL: tutte le voci,2025,694333,,,,,W1100: W1100,,,,,,
IT1:101_1015(1.0),A: annuale,IT: Italia,ART: superficie totale - ettari,WINEES: uva da vino,ALL: tutte le voci,2026,681842,,,,,W1100: W1100,,,,,,
IT1:101_1015(1.0),A: annuale,IT: Italia,HP_Q_EXT: produzione raccolta - quintali,OLIVTAB_OIL: olive da tavola e da olio,ALL: tutte le voci,2024,22996772,,,,"TIPO_DATO5__HP_Q_EXT_N1: Per tutte le coltivazioni foraggere temporanee e permanenti, a partire dal 2020 i valori di produzione sono espressi in quintali;<br />Dal 2020 sono diffusi i valori di produzione raccolta in quanto necessari per il calcolo della resa. <br />La serie storica e di conseguenza l'attendibilità dei dati diffusi negli anni precedenti non vengono compromessi perché, per le foraggere, i valori di produzione totale e raccolta coincidono.",O1000: O1000,,,,,,
IT1:101_1015(1.0),A: annuale,IT: Italia,HP_Q_EXT: produzione raccolta - quintali,OLIVTAB_OIL: olive da tavola e da olio,ALL: tutte le voci,2025,24357826,,,,"TIPO_DATO5__HP_Q_EXT_N1: Per tutte le coltivazioni foraggere temporanee e permanenti, a partire dal 2020 i valori di produzione sono espressi in quintali;<br />Dal 2020 sono diffusi i valori di produzione raccolta in quanto necessari per il calcolo della resa. <br />La serie storica e di conseguenza l'attendibilità dei dati diffusi negli anni precedenti non vengono compromessi perché, per le foraggere, i valori di produzione totale e raccolta coincidono.",O1000: O1000,,,,,,
IT1:101_1015(1.0),A: annuale,IT: Italia,HP_Q_EXT: produzione raccolta - quintali,OLIVTAB_OIL: olive da tavola e da olio,ALL: tutte le voci,2026,24883536,,,,"TIPO_DATO5__HP_Q_EXT_N1: Per tutte le coltivazioni foraggere temporanee e permanenti, a partire dal 2020 i valori di produzione sono espressi in quintali;<br />Dal 2020 sono diffusi i valori di produzione raccolta in quanto necessari per il calcolo della resa. <br />La serie storica e di conseguenza l'attendibilità dei dati diffusi negli anni precedenti non vengono compromessi perché, per le foraggere, i valori di produzione totale e raccolta coincidono.",O1000: O1000,,,,,,
IT1:101_1015(1.0),A: annuale,IT: Italia,HP_Q_EXT: produzione raccolta - quintali,TABLEGRAPES: uva da tavola,ALL: tutte le voci,2024,10026934,,,,"TIPO_DATO5__HP_Q_EXT_N1: Per tutte le coltivazioni foraggere temporanee e permanenti, a partire dal 2020 i valori di produzione sono espressi in quintali;<br />Dal 2020 sono diffusi i valori di produzione raccolta in quanto necessari per il calcolo della resa. <br />La serie storica e di conseguenza l'attendibilità dei dati diffusi negli anni precedenti non vengono compromessi perché, per le foraggere, i valori di produzione totale e raccolta coincidono.",W1200: W1200,,,,,,
IT1:101_1015(1.0),A: annuale,IT: Italia,HP_Q_EXT: produzione raccolta - quintali,TABLEGRAPES: uva da tavola,ALL: tutte le voci,2025,9775960,,,,"TIPO_DATO5__HP_Q_EXT_N1: Per tutte le coltivazioni foraggere temporanee e permanenti, a partire dal 2020 i valori di produzione sono espressi in quintali;<br />Dal 2020 sono diffusi i valori di produzione raccolta in quanto necessari per il calcolo della resa. <br />La serie storica e di conseguenza l'attendibilità dei dati diffusi negli anni precedenti non vengono compromessi perché, per le foraggere, i valori di produzione totale e raccolta coincidono.",W1200: W1200,,,,,,
IT1:101_1015(1.0),A: annuale,IT: Italia,HP_Q_EXT: produzione raccolta - quintali,TABLEGRAPES: uva da tavola,ALL: tutte le voci,2026,8800946,,,,"TIPO_DATO5__HP_Q_EXT_N1: Per tutte le coltivazioni foraggere temporanee e permanenti, a partire dal 2020 i valori di produzione sono espressi in quintali;<br />Dal 2020 sono diffusi i valori di produzione raccolta in quanto necessari per il calcolo della resa. <br />La serie storica e di conseguenza l'attendibilità dei dati diffusi negli anni precedenti non vengono compromessi perché, per le foraggere, i valori di produzione totale e raccolta coincidono.",W1200: W1200,,,,,,
IT1:101_1015(1.0),A: annuale,IT: Italia,HP_Q_EXT: produzione raccolta - quintali,WINEES: uva da vino,ALL: tutte le voci,2024,66101872,,,,"TIPO_DATO5__HP_Q_EXT_N1: Per tutte le coltivazioni foraggere temporanee e permanenti, a partire dal 2020 i valori di produzione sono espressi in quintali;<br />Dal 2020 sono diffusi i valori di produzione raccolta in quanto necessari per il calcolo della resa. <br />La serie storica e di conseguenza l'attendibilità dei dati diffusi negli anni precedenti non vengono compromessi perché, per le foraggere, i valori di produzione totale e raccolta coincidono.",W1100: W1100,,,,,,
IT1:101_1015(1.0),A: annuale,IT: Italia,HP_Q_EXT: produzione raccolta - quintali,WINEES: uva da vino,ALL: tutte le voci,2025,66793717,,,,"TIPO_DATO5__HP_Q_EXT_N1: Per tutte le coltivazioni foraggere temporanee e permanenti, a partire dal 2020 i valori di produzione sono espressi in quintali;<br />Dal 2020 sono diffusi i valori di produzione raccolta in quanto necessari per il calcolo della resa. <br />La serie storica e di conseguenza l'attendibilità dei dati diffusi negli anni precedenti non vengono compromessi perché, per le foraggere, i valori di produzione totale e raccolta coincidono.",W1100: W1100,,,,,,
IT1:101_1015(1.0),A: annuale,IT: Italia,HP_Q_EXT: produzione raccolta - quintali,WINEES: uva da vino,ALL: tutte le voci,2026,71076128,,,,"TIPO_DATO5__HP_Q_EXT_N1: Per tutte le coltivazioni foraggere temporanee e permanenti, a partire dal 2020 i valori di produzione sono espressi in quintali;<br />Dal 2020 sono diffusi i valori di produzione raccolta in quanto necessari per il calcolo della resa. <br />La serie storica e di conseguenza l'attendibilità dei dati diffusi negli anni precedenti non vengono compromessi perché, per le foraggere, i valori di produzione totale e raccolta coincidono.",W1100: W1100,,,,,,
IT1:101_1015(1.0),A: annuale,IT: Italia,TP_QUIN_EXT: produzione totale - quintali,OLIVTAB_OIL: olive da tavola e da olio,ALL: tutte le voci,2024,25824161,,,,,O1000: O1000,,,,,,
IT1:101_1015(1.0),A: annuale,IT: Italia,TP_QUIN_EXT: produzione totale - quintali,OLIVTAB_OIL: olive da tavola e da olio,ALL: tutte le voci,2025,27354611,,,,,O1000: O1000,,,,,,
IT1:101_1015(1.0),A: annuale,IT: Italia,TP_QUIN_EXT: produzione totale - quintali,OLIVTAB_OIL: olive da tavola e da olio,ALL: tutte le voci,2026,27601314,,,,,O1000: O1000,,,,,,
IT1:101_1015(1.0),A: annuale,IT: Italia,TP_QUIN_EXT: produzione totale - quintali,TABLEGRAPES: uva da tavola,ALL: tutte le voci,2024,10417944,,,,,W1200: W1200,,,,,,
IT1:101_1015(1.0),A: annuale,IT: Italia,TP_QUIN_EXT: produzione totale - quintali,TABLEGRAPES: uva da tavola,ALL: tutte le voci,2025,10644513,,,,,W1200: W1200,,,,,,
IT1:101_1015(1.0),A: annuale,IT: Italia,TP_QUIN_EXT: produzione totale - quintali,TABLEGRAPES: uva da tavola,ALL: tutte le voci,2026,9446006,,,,,W1200: W1200,,,,,,
IT1:101_1015(1.0),A: annuale,IT: Italia,TP_QUIN_EXT: produzione totale - quintali,WINEES: uva da vino,ALL: tutte le voci,2024,66824985,,,,,W1100: W1100,,,,,,
IT1:101_1015(1.0),A: annuale,IT: Italia,TP_QUIN_EXT: produzione totale - quintali,WINEES: uva da vino,ALL: tutte le voci,2025,68349416,,,,,W1100: W1100,,,,,,
IT1:101_1015(1.0),A: annuale,IT: Italia,TP_QUIN_EXT: produzione totale - quintali,WINEES: uva da vino,ALL: tutte le voci,2026,72319222,,,,,W1100: W1100,,,,,,
IT1:101_1015(1.0),A: annuale,ITC1: Piemonte,ART: superficie totale - ettari,OLIVTAB_OIL: olive da tavola e da olio,ALL: tutte le voci,2024,205,,,,,O1000: O1000,,,,,,
IT1:101_1015(1.0),A: annuale,ITC1: Piemonte,ART: superficie totale - ettari,OLIVTAB_OIL: olive da tavola e da olio,ALL: tutte le voci,2025,269,,,,,O1000: O1000,,,,,,
IT1:101_1015(1.0),A: annuale,ITC1: Piemonte,ART: superficie totale - ettari,OLIVTAB_OIL: olive da tavola e da olio,ALL: tutte le voci,2026,282,,,,,O1000: O1000,,,,,,
IT1:101_1015(1.0),A: annuale,ITC1: Piemonte,ART: superficie totale - ettari,TABLEGRAPES: uva da tavola,ALL: tutte le voci,2026,192,,,,,W1200: W1200,,,,,,
IT1:101_1015(1.0),A: annuale,ITC1: Piemonte,ART: superficie totale - ettari,WINEES: uva da vino,ALL: tutte le voci,2024,44129,,,,,W1100: W1100,,,,,,
IT1:101_1015(1.0),A: annuale,ITC1: Piemonte,ART: superficie totale - ettari,WINEES: uva da vino,ALL: tutte le voci,2025,43967,,,,,W1100: W1100,,,,,,
IT1:101_1015(1.0),A: annuale,ITC1: Piemonte,ART: superficie totale - ettari,WINEES: uva da vino,ALL: tutte le voci,2026,42649,,,,,W1100: W1100,,,,,,
IT1:101_1015(1.0),A: annuale,ITC1: Piemonte,HP_Q_EXT: produzione raccolta - quintali,OLIVTAB_OIL: olive da tavola e da olio,ALL: tutte le voci,2024,1141,,,,"TIPO_DATO5__HP_Q_EXT_N1: Per tutte le coltivazioni foraggere temporanee e permanenti, a partire dal 2020 i valori di produzione sono espressi in quintali;<br />Dal 2020 sono diffusi i valori di produzione raccolta in quanto necessari per il calcolo della resa. <br />La serie storica e di conseguenza l'attendibilità dei dati diffusi negli anni precedenti non vengono compromessi perché, per le foraggere, i valori di produzione totale e raccolta coincidono.",O1000: O1000,,,,,,
IT1:101_1015(1.0),A: annuale,ITC1: Piemonte,HP_Q_EXT: produzione raccolta - quintali,OLIVTAB_OIL: olive da tavola e da olio,ALL: tutte le voci,2025,1601,,,,"TIPO_DATO5__HP_Q_EXT_N1: Per tutte le coltivazioni foraggere temporanee e permanenti, a partire dal 2020 i valori di produzione sono espressi in quintali;<br />Dal 2020 sono diffusi i valori di produzione raccolta in quanto necessari per il calcolo della resa. <br />La serie storica e di conseguenza l'attendibilità dei dati diffusi negli anni precedenti non vengono compromessi perché, per le foraggere, i valori di produzione totale e raccolta coincidono.",O1000: O1000,,,,,,
IT1:101_1015(1.0),A: annuale,ITC1: Piemonte,HP_Q_EXT: produzione raccolta - quintali,OLIVTAB_OIL: olive da tavola e da olio,ALL: tutte le voci,2026,6254,,,,"TIPO_DATO5__HP_Q_EXT_N1: Per tutte le coltivazioni foraggere temporanee e permanenti, a partire dal 2020 i valori di produzione sono espressi in quintali;<br />Dal 2020 sono diffusi i valori di produzione raccolta in quanto necessari per il calcolo della resa. <br />La serie storica e di conseguenza l'attendibilità dei dati diffusi negli anni precedenti non vengono compromessi perché, per le foraggere, i valori di produzione totale e raccolta coincidono.",O1000: O1000,,,,,,
IT1:101_1015(1.0),A: annuale,ITC1: Piemonte,HP_Q_EXT: produzione raccolta - quintali,TABLEGRAPES: uva da tavola,ALL: tutte le voci,2026,10386,,,,"TIPO_DATO5__HP_Q_EXT_N1: Per tutte le coltivazioni foraggere temporanee e permanenti, a partire dal 2020 i valori di produzione sono espressi in quintali;<br />Dal 2020 sono diffusi i valori di produzione raccolta in quanto necessari per il calcolo della resa. <br />La serie storica e di conseguenza l'attendibilità dei dati diffusi negli anni precedenti non vengono compromessi perché, per le foraggere, i valori di produzione totale e raccolta coincidono.",W1200: W1200,,,,,,
IT1:101_1015(1.0),A: annuale,ITC1: Piemonte,HP_Q_EXT: produzione raccolta - quintali,WINEES: uva da vino,ALL: tutte le voci,2024,3069732,,,,"TIPO_DATO5__HP_Q_EXT_N1: Per tutte le coltivazioni foraggere temporanee e permanenti, a partire dal 2020 i valori di produzione sono espressi in quintali;<br />Dal 2020 sono diffusi i valori di produzione raccolta in quanto necessari per il calcolo della resa. <br />La serie storica e di conseguenza l'attendibilità dei dati diffusi negli anni precedenti non vengono compromessi perché, per le foraggere, i valori di produzione totale e raccolta coincidono.",W1100: W1100,,,,,,
IT1:101_1015(1.0),A: annuale,ITC1: Piemonte,HP_Q_EXT: produzione raccolta - quintali,WINEES: uva da vino,ALL: tutte le voci,2025,2903457,,,,"TIPO_DATO5__HP_Q_EXT_N1: Per tutte le coltivazioni foraggere temporanee e permanenti, a partire dal 2020 i valori di produzione sono espressi in quintali;<br />Dal 2020 sono diffusi i valori di produzione raccolta in quanto necessari per il calcolo della resa. <br />La serie storica e di conseguenza l'attendibilità dei dati diffusi negli anni precedenti non vengono compromessi perché, per le foraggere, i valori di produzione totale e raccolta coincidono.",W1100: W1100,,,,,,
IT1:101_1015(1.0),A: annuale,ITC1: Piemonte,HP_Q_EXT: produzione raccolta - quintali,WINEES: uva da vino,ALL: tutte le voci,2026,3101410,,,,"TIPO_DATO5__HP_Q_EXT_N1: Per tutte le coltivazioni foraggere temporanee e permanenti, a partire dal 2020 i valori di produzione sono espressi in quintali;<br />Dal 2020 sono diffusi i valori di produzione raccolta in quanto necessari per il calcolo della resa. <br />La serie storica e di conseguenza l'attendibilità dei dati diffusi negli anni precedenti non vengono compromessi perché, per le foraggere, i valori di produzione totale e raccolta coincidono.",W1100: W1100,,,,,,
IT1:101_1015(1.0),A: annuale,ITC1: Piemonte,TP_QUIN_EXT: produzione totale - quintali,OLIVTAB_OIL: olive da tavola e da olio,ALL: tutte le voci,2024,1141,,,,,O1000: O1000,,,,,,
IT1:101_1015(1.0),A: annuale,ITC1: Piemonte,TP_QUIN_EXT: produzione totale - quintali,OLIVTAB_OIL: olive da tavola e da olio,ALL: tutte le voci,2025,1601,,,,,O1000: O1000,,,,,,
IT1:101_1015(1.0),A: annuale,ITC1: Piemonte,TP_QUIN_EXT: produzione totale - quintali,OLIVTAB_OIL: olive da tavola e da olio,ALL: tutte le voci,2026,6254,,,,,O1000: O1000,,,,,,
IT1:101_1015(1.0),A: annuale,ITC1: Piemonte,TP_QUIN_EXT: produzione totale - quintali,TABLEGRAPES: uva da tavola,ALL: tutte le voci,2026,10386,,,,,W1200: W1200,,,,,,
IT1:101_1015(1.0),A: annuale,ITC1: Piemonte,TP_QUIN_EXT: produzione totale - quintali,WINEES: uva da vino,ALL: tutte le voci,2024,3069732,,,,,W1100: W1100,,,,,,
IT1:101_1015(1.0),A: annuale,ITC1: Piemonte,TP_QUIN_EXT: produzione totale - quintali,WINEES: uva da vino,ALL: tutte le voci,2025,2903457,,,,,W1100: W1100,,,,,,
IT1:101_1015(1.0),A: annuale,ITC1: Piemonte,TP_QUIN_EXT: produzione totale - quintali,WINEES: uva da vino,ALL: tutte le voci,2026,3101410,,,,,W1100: W1100,,,,,,
IT1:101_1015(1.0),A: annuale,ITC2: Valle d'Aosta / Vallée d'Aoste,ART: superficie totale - ettari,OLIVTAB_OIL: olive da tavola e da olio,ALL: tutte le voci,2024,1,,,,,O1000: O1000,,,,,,
IT1:101_1015(1.0),A: annuale,ITC2: Valle d'Aosta / Vallée d'Aoste,ART: superficie totale - ettari,OLIVTAB_OIL: olive da tavola e da olio,ALL: tutte le voci,2025,1,,,,,O1000: O1000,,,,,,
IT1:101_1015(1.0),A: annuale,ITC2: Valle d'Aosta / Vallée d'Aoste,ART: superficie totale - ettari,OLIVTAB_OIL: olive da tavola e da olio,ALL: tutte le voci,2026,1,,,,,O1000: O1000,,,,,,
IT1:101_1015(1.0),A: annuale,ITC2: Valle d'Aosta / Vallée d'Aoste,ART: superficie totale - ettari,WINEES: uva da vino,ALL: tutte le voci,2024,452,,,,,W1100: W1100,,,,,,
IT1:101_1015(1.0),A: annuale,ITC2: Valle d'Aosta / Vallée d'Aoste,ART: superficie totale - ettari,WINEES: uva da vino,ALL: tutte le voci,2025,460,,,,,W1100: W1100,,,,,,
IT1:101_1015(1.0),A: annuale,ITC2: Valle d'Aosta / Vallée d'Aoste,ART: superficie totale - ettari,WINEES: uva da vino,ALL: tutte le voci,2026,480,,,,,W1100: W1100,,,,,,
IT1:101_1015(1.0),A: annuale,ITC2: Valle d'Aosta / Vallée d'Aoste,HP_Q_EXT: produzione raccolta - quintali,OLIVTAB_OIL: olive da tavola e da olio,ALL: tutte le voci,2024,40,,,,"TIPO_DATO5__HP_Q_EXT_N1: Per tutte le coltivazioni foraggere temporanee e permanenti, a partire dal 2020 i valori di produzione sono espressi in quintali;<br />Dal 2020 sono diffusi i valori di produzione raccolta in quanto necessari per il calcolo della resa. <br />La serie storica e di conseguenza l'attendibilità dei dati diffusi negli anni precedenti non vengono compromessi perché, per le foraggere, i valori di produzione totale e raccolta coincidono.",O1000: O1000,,,,,,
IT1:101_1015(1.0),A: annuale,ITC2: Valle d'Aosta / Vallée d'Aoste,HP_Q_EXT: produzione raccolta - quintali,OLIVTAB_OIL: olive da tavola e da olio,ALL: tutte le voci,2025,40,,,,"TIPO_DATO5__HP_Q_EXT_N1: Per tutte le coltivazioni foraggere temporanee e permanenti, a partire dal 2020 i valori di produzione sono espressi in quintali;<br />Dal 2020 sono diffusi i valori di produzione raccolta in quanto necessari per il calcolo della resa. <br />La serie storica e di conseguenza l'attendibilità dei dati diffusi negli anni precedenti non vengono compromessi perché, per le foraggere, i valori di produzione totale e raccolta coincidono.",O1000: O1000,,,,,,
IT1:101_1015(1.0),A: annuale,ITC2: Valle d'Aosta / Vallée d'Aoste,HP_Q_EXT: produzione raccolta - quintali,OLIVTAB_OIL: olive da tavola e da olio,ALL: tutte le voci,2026,40,,,,"TIPO_DATO5__HP_Q_EXT_N1: Per tutte le coltivazioni foraggere temporanee e permanenti, a partire dal 2020 i valori di produzione sono espressi in quintali;<br />Dal 2020 sono diffusi i valori di produzione raccolta in quanto necessari per il calcolo della resa. <br />La serie storica e di conseguenza l'attendibilità dei dati diffusi negli anni precedenti non vengono compromessi perché, per le foraggere, i valori di produzione totale e raccolta coincidono.",O1000: O1000,,,,,,
IT1:101_1015(1.0),A: annuale,ITC2: Valle d'Aosta / Vallée d'Aoste,HP_Q_EXT: produzione raccolta - quintali,WINEES: uva da vino,ALL: tutte le voci,2024,21149,,,,"TIPO_DATO5__HP_Q_EXT_N1: Per tutte le coltivazioni foraggere temporanee e permanenti, a partire dal 2020 i valori di produzione sono espressi in quintali;<br />Dal 2020 sono diffusi i valori di produzione raccolta in quanto necessari per il calcolo della resa. <br />La serie storica e di conseguenza l'attendibilità dei dati diffusi negli anni precedenti non vengono compromessi perché, per le foraggere, i valori di produzione totale e raccolta coincidono.",W1100: W1100,,,,,,
IT1:101_1015(1.0),A: annuale,ITC2: Valle d'Aosta / Vallée d'Aoste,HP_Q_EXT: produzione raccolta - quintali,WINEES: uva da vino,ALL: tutte le voci,2025,30000,,,,"TIPO_DATO5__HP_Q_EXT_N1: Per tutte le coltivazioni foraggere temporanee e permanenti, a partire dal 2020 i valori di produzione sono espressi in quintali;<br />Dal 2020 sono diffusi i valori di produzione raccolta in quanto necessari per il calcolo della resa. <br />La serie storica e di conseguenza l'attendibilità dei dati diffusi negli anni precedenti non vengono compromessi perché, per le foraggere, i valori di produzione totale e raccolta coincidono.",W1100: W1100,,,,,,
IT1:101_1015(1.0),A: annuale,ITC2: Valle d'Aosta / Vallée d'Aoste,HP_Q_EXT: produzione raccolta - quintali,WINEES: uva da vino,ALL: tutte le voci,2026,32000,,,,"TIPO_DATO5__HP_Q_EXT_N1: Per tutte le coltivazioni foraggere temporanee e permanenti, a partire dal 2020 i valori di produzione sono espressi in quintali;<br />Dal 2020 sono diffusi i valori di produzione raccolta in quanto necessari per il calcolo della resa. <br />La serie storica e di conseguenza l'attendibilità dei dati diffusi negli anni precedenti non vengono compromessi perché, per le foraggere, i valori di produzione totale e raccolta coincidono.",W1100: W1100,,,,,,
IT1:101_1015(1.0),A: annuale,ITC2: Valle d'Aosta / Vallée d'Aoste,TP_QUIN_EXT: produzione totale - quintali,OLIVTAB_OIL: olive da tavola e da olio,ALL: tutte le voci,2024,40,,,,,O1000: O1000,,,,,,
IT1:101_1015(1.0),A: annuale,ITC2: Valle d'Aosta / Vallée d'Aoste,TP_QUIN_EXT: produzione totale - quintali,OLIVTAB_OIL: olive da tavola e da olio,ALL: tutte le voci,2025,40,,,,,O1000: O1000,,,,,,
IT1:101_1015(1.0),A: annuale,ITC2: Valle d'Aosta / Vallée d'Aoste,TP_QUIN_EXT: produzione totale - quintali,OLIVTAB_OIL: olive da tavola e da olio,ALL: tutte le voci,2026,40,,,,,O1000: O1000,,,,,,
IT1:101_1015(1.0),A: annuale,ITC2: Valle d'Aosta / Vallée d'Aoste,TP_QUIN_EXT: produzione totale - quintali,WINEES: uva da vino,ALL: tutte le voci,2024,21149,,,,,W1100: W1100,,,,,,
IT1:101_1015(1.0),A: annuale,ITC2: Valle d'Aosta / Vallée d'Aoste,TP_QUIN_EXT: produzione totale - quintali,WINEES: uva da vino,ALL: tutte le voci,2025,30000,,,,,W1100: W1100,,,,,,
IT1:101_1015(1.0),A: annuale,ITC2: Valle d'Aosta / Vallée d'Aoste,TP_QUIN_EXT: produzione totale - quintali,WINEES: uva da vino,ALL: tutte le voci,2026,32000,,,,,W1100: W1100,,,,,,
IT1:101_1015(1.0),A: annuale,ITC3: Liguria,ART: superficie totale - ettari,OLIVTAB_OIL: olive da tavola e da olio,ALL: tutte le voci,2024,19230,,,,,O1000: O1000,,,,,,
IT1:101_1015(1.0),A: annuale,ITC3: Liguria,ART: superficie totale - ettari,OLIVTAB_OIL: olive da tavola e da olio,ALL: tutte le voci,2025,19231,,,,,O1000: O1000,,,,,,
IT1:101_1015(1.0),A: annuale,ITC3: Liguria,ART: superficie totale - ettari,OLIVTAB_OIL: olive da tavola e da olio,ALL: tutte le voci,2026,16248,,,,,O1000: O1000,,,,,,
IT1:101_1015(1.0),A: annuale,ITC3: Liguria,ART: superficie totale - ettari,TABLEGRAPES: uva da tavola,ALL: tutte le voci,2024,2,,,,,W1200: W1200,,,,,,
IT1:101_1015(1.0),A: annuale,ITC3: Liguria,ART: superficie totale - ettari,TABLEGRAPES: uva da tavola,ALL: tutte le voci,2025,2,,,,,W1200: W1200,,,,,,
IT1:101_1015(1.0),A: annuale,ITC3: Liguria,ART: superficie totale - ettari,TABLEGRAPES: uva da tavola,ALL: tutte le voci,2026,2,,,,,W1200: W1200,,,,,,
IT1:101_1015(1.0),A: annuale,ITC3: Liguria,ART: superficie totale - ettari,WINEES: uva da vino,ALL: tutte le voci,2024,1784,,,,,W1100: W1100,,,,,,
IT1:101_1015(1.0),A: annuale,ITC3: Liguria,ART: superficie totale - ettari,WINEES: uva da vino,ALL: tutte le voci,2025,1786,,,,,W1100: W1100,,,,,,
IT1:101_1015(1.0),A: annuale,ITC3: Liguria,ART: superficie totale - ettari,WINEES: uva da vino,ALL: tutte le voci,2026,1698,,,,,W1100: W1100,,,,,,
IT1:101_1015(1.0),A: annuale,ITC3: Liguria,HP_Q_EXT: produzione raccolta - quintali,OLIVTAB_OIL: olive da tavola e da olio,ALL: tutte le voci,2024,310150,,,,"TIPO_DATO5__HP_Q_EXT_N1: Per tutte le coltivazioni foraggere temporanee e permanenti, a partire dal 2020 i valori di produzione sono espressi in quintali;<br />Dal 2020 sono diffusi i valori di produzione raccolta in quanto necessari per il calcolo della resa. <br />La serie storica e di conseguenza l'attendibilità dei dati diffusi negli anni precedenti non vengono compromessi perché, per le foraggere, i valori di produzione totale e raccolta coincidono.",O1000: O1000,,,,,,
IT1:101_1015(1.0),A: annuale,ITC3: Liguria,HP_Q_EXT: produzione raccolta - quintali,OLIVTAB_OIL: olive da tavola e da olio,ALL: tutte le voci,2025,201613,,,,"TIPO_DATO5__HP_Q_EXT_N1: Per tutte le coltivazioni foraggere temporanee e permanenti, a partire dal 2020 i valori di produzione sono espressi in quintali;<br />Dal 2020 sono diffusi i valori di produzione raccolta in quanto necessari per il calcolo della resa. <br />La serie storica e di conseguenza l'attendibilità dei dati diffusi negli anni precedenti non vengono compromessi perché, per le foraggere, i valori di produzione totale e raccolta coincidono.",O1000: O1000,,,,,,
IT1:101_1015(1.0),A: annuale,ITC3: Liguria,HP_Q_EXT: produzione raccolta - quintali,OLIVTAB_OIL: olive da tavola e da olio,ALL: tutte le voci,2026,253000,,,,"TIPO_DATO5__HP_Q_EXT_N1: Per tutte le coltivazioni foraggere temporanee e permanenti, a partire dal 2020 i valori di produzione sono espressi in quintali;<br />Dal 2020 sono diffusi i valori di produzione raccolta in quanto necessari per il calcolo della resa. <br />La serie storica e di conseguenza l'attendibilità dei dati diffusi negli anni precedenti non vengono compromessi perché, per le foraggere, i valori di produzione totale e raccolta coincidono.",O1000: O1000,,,,,,
IT1:101_1015(1.0),A: annuale,ITC3: Liguria,HP_Q_EXT: produzione raccolta - quintali,TABLEGRAPES: uva da tavola,ALL: tutte le voci,2024,140,,,,"TIPO_DATO5__HP_Q_EXT_N1: Per tutte le coltivazioni foraggere temporanee e permanenti, a partire dal 2020 i valori di produzione sono espressi in quintali;<br />Dal 2020 sono diffusi i valori di produzione raccolta in quanto necessari per il calcolo della resa. <br />La serie storica e di conseguenza l'attendibilità dei dati diffusi negli anni precedenti non vengono compromessi perché, per le foraggere, i valori di produzione totale e raccolta coincidono.",W1200: W1200,,,,,,
IT1:101_1015(1.0),A: annuale,ITC3: Liguria,HP_Q_EXT: produzione raccolta - quintali,TABLEGRAPES: uva da tavola,ALL: tutte le voci,2025,140,,,,"TIPO_DATO5__HP_Q_EXT_N1: Per tutte le coltivazioni foraggere temporanee e permanenti, a partire dal 2020 i valori di produzione sono espressi in quintali;<br />Dal 2020 sono diffusi i valori di produzione raccolta in quanto necessari per il calcolo della resa. <br />La serie storica e di conseguenza l'attendibilità dei dati diffusi negli anni precedenti non vengono compromessi perché, per le foraggere, i valori di produzione totale e raccolta coincidono.",W1200: W1200,,,,,,
IT1:101_1015(1.0),A: annuale,ITC3: Liguria,HP_Q_EXT: produzione raccolta - quintali,TABLEGRAPES: uva da tavola,ALL: tutte le voci,2026,300,,,,"TIPO_DATO5__HP_Q_EXT_N1: Per tutte le coltivazioni foraggere temporanee e permanenti, a partire dal 2020 i valori di produzione sono espressi in quintali;<br />Dal 2020 sono diffusi i valori di produzione raccolta in quanto necessari per il calcolo della resa. <br />La serie storica e di conseguenza l'attendibilità dei dati diffusi negli anni precedenti non vengono compromessi perché, per le foraggere, i valori di produzione totale e raccolta coincidono.",W1200: W1200,,,,,,
IT1:101_1015(1.0),A: annuale,ITC3: Liguria,HP_Q_EXT: produzione raccolta - quintali,WINEES: uva da vino,ALL: tutte le voci,2024,124582,,,,"TIPO_DATO5__HP_Q_EXT_N1: Per tutte le coltivazioni foraggere temporanee e permanenti, a partire dal 2020 i valori di produzione sono espressi in quintali;<br />Dal 2020 sono diffusi i valori di produzione raccolta in quanto necessari per il calcolo della resa. <br />La serie storica e di conseguenza l'attendibilità dei dati diffusi negli anni precedenti non vengono compromessi perché, per le foraggere, i valori di produzione totale e raccolta coincidono.",W1100: W1100,,,,,,
IT1:101_1015(1.0),A: annuale,ITC3: Liguria,HP_Q_EXT: produzione raccolta - quintali,WINEES: uva da vino,ALL: tutte le voci,2025,124539,,,,"TIPO_DATO5__HP_Q_EXT_N1: Per tutte le coltivazioni foraggere temporanee e permanenti, a partire dal 2020 i valori di produzione sono espressi in quintali;<br />Dal 2020 sono diffusi i valori di produzione raccolta in quanto necessari per il calcolo della resa. <br />La serie storica e di conseguenza l'attendibilità dei dati diffusi negli anni precedenti non vengono compromessi perché, per le foraggere, i valori di produzione totale e raccolta coincidono.",W1100: W1100,,,,,,
IT1:101_1015(1.0),A: annuale,ITC3: Liguria,HP_Q_EXT: produzione raccolta - quintali,WINEES: uva da vino,ALL: tutte le voci,2026,109360,,,,"TIPO_DATO5__HP_Q_EXT_N1: Per tutte le coltivazioni foraggere temporanee e permanenti, a partire dal 2020 i valori di produzione sono espressi in quintali;<br />Dal 2020 sono diffusi i valori di produzione raccolta in quanto necessari per il calcolo della resa. <br />La serie storica e di conseguenza l'attendibilità dei dati diffusi negli anni precedenti non vengono compromessi perché, per le foraggere, i valori di produzione totale e raccolta coincidono.",W1100: W1100,,,,,,
IT1:101_1015(1.0),A: annuale,ITC3: Liguria,TP_QUIN_EXT: produzione totale - quintali,OLIVTAB_OIL: olive da tavola e da olio,ALL: tutte le voci,2024,317650,,,,,O1000: O1000,,,,,,
IT1:101_1015(1.0),A: annuale,ITC3: Liguria,TP_QUIN_EXT: produzione totale - quintali,OLIVTAB_OIL: olive da tavola e da olio,ALL: tutte le voci,2025,209613,,,,,O1000: O1000,,,,,,
IT1:101_1015(1.0),A: annuale,ITC3: Liguria,TP_QUIN_EXT: produzione totale - quintali,OLIVTAB_OIL: olive da tavola e da olio,ALL: tutte le voci,2026,275000,,,,,O1000: O1000,,,,,,
IT1:101_1015(1.0),A: annuale,ITC3: Liguria,TP_QUIN_EXT: produzione totale - quintali,TABLEGRAPES: uva da tavola,ALL: tutte le voci,2024,150,,,,,W1200: W1200,,,,,,
IT1:101_1015(1.0),A: annuale,ITC3: Liguria,TP_QUIN_EXT: produzione totale - quintali,TABLEGRAPES: uva da tavola,ALL: tutte le voci,2025,150,,,,,W1200: W1200,,,,,,
IT1:101_1015(1.0),A: annuale,ITC3: Liguria,TP_QUIN_EXT: produzione totale - quintali,TABLEGRAPES: uva da tavola,ALL: tutte le voci,2026,350,,,,,W1200: W1200,,,,,,
IT1:101_1015(1.0),A: annuale,ITC3: Liguria,TP_QUIN_EXT: produzione totale - quintali,WINEES: uva da vino,ALL: tutte le voci,2024,124802,,,,,W1100: W1100,,,,,,
IT1:101_1015(1.0),A: annuale,ITC3: Liguria,TP_QUIN_EXT: produzione totale - quintali,WINEES: uva da vino,ALL: tutte le voci,2025,124759,,,,,W1100: W1100,,,,,,
IT1:101_1015(1.0),A: annuale,ITC3: Liguria,TP_QUIN_EXT: produzione totale - quintali,WINEES: uva da vino,ALL: tutte le voci,2026,109510,,,,,W1100: W1100,,,,,,
IT1:101_1015(1.0),A: annuale,ITC4: Lombardia,ART: superficie totale - ettari,OLIVTAB_OIL: olive da tavola e da olio,ALL: tutte le voci,2024,2382,,,,,O1000: O1000,,,,,,
IT1:101_1015(1.0),A: annuale,ITC4: Lombardia,ART: superficie totale - ettari,OLIVTAB_OIL: olive da tavola e da olio,ALL: tutte le voci,2025,2390,,,,,O1000: O1000,,,,,,
IT1:101_1015(1.0),A: annuale,ITC4: Lombardia,ART: superficie totale - ettari,OLIVTAB_OIL: olive da tavola e da olio,ALL: tutte le voci,2026,2390,,,,,O1000: O1000,,,,,,
IT1:101_1015(1.0),A: annuale,ITC4: Lombardia,ART: superficie totale - ettari,TABLEGRAPES: uva da tavola,ALL: tutte le voci,2024,16,,,,,W1200: W1200,,,,,,
IT1:101_1015(1.0),A: annuale,ITC4: Lombardia,ART: superficie totale - ettari,TABLEGRAPES: uva da tavola,ALL: tutte le voci,2025,17,,,,,W1200: W1200,,,,,,
IT1:101_1015(1.0),A: annuale,ITC4: Lombardia,ART: superficie totale - ettari,TABLEGRAPES: uva da tavola,ALL: tutte le voci,2026,17,,,,,W1200: W1200,,,,,,
IT1:101_1015(1.0),A: annuale,ITC4: Lombardia,ART: superficie totale - ettari,WINEES: uva da vino,ALL: tutte le voci,2024,22757,,,,,W1100: W1100,,,,,,
IT1:101_1015(1.0),A: annuale,ITC4: Lombardia,ART: superficie totale - ettari,WINEES: uva da vino,ALL: tutte le voci,2025,22484,,,,,W1100: W1100,,,,,,
IT1:101_1015(1.0),A: annuale,ITC4: Lombardia,ART: superficie totale - ettari,WINEES: uva da vino,ALL: tutte le voci,2026,22484,,,,,W1100: W1100,,,,,,
IT1:101_1015(1.0),A: annuale,ITC4: Lombardia,HP_Q_EXT: produzione raccolta - quintali,OLIVTAB_OIL: olive da tavola e da olio,ALL: tutte le voci,2024,71084,,,,"TIPO_DATO5__HP_Q_EXT_N1: Per tutte le coltivazioni foraggere temporanee e permanenti, a partire dal 2020 i valori di produzione sono espressi in quintali;<br />Dal 2020 sono diffusi i valori di produzione raccolta in quanto necessari per il calcolo della resa. <br />La serie storica e di conseguenza l'attendibilità dei dati diffusi negli anni precedenti non vengono compromessi perché, per le foraggere, i valori di produzione totale e raccolta coincidono.",O1000: O1000,,,,,,
IT1:101_1015(1.0),A: annuale,ITC4: Lombardia,HP_Q_EXT: produzione raccolta - quintali,OLIVTAB_OIL: olive da tavola e da olio,ALL: tutte le voci,2025,22057,,,,"TIPO_DATO5__HP_Q_EXT_N1: Per tutte le coltivazioni foraggere temporanee e permanenti, a partire dal 2020 i valori di produzione sono espressi in quintali;<br />Dal 2020 sono diffusi i valori di produzione raccolta in quanto necessari per il calcolo della resa. <br />La serie storica e di conseguenza l'attendibilità dei dati diffusi negli anni precedenti non vengono compromessi perché, per le foraggere, i valori di produzione totale e raccolta coincidono.",O1000: O1000,,,,,,
IT1:101_1015(1.0),A: annuale,ITC4: Lombardia,HP_Q_EXT: produzione raccolta - quintali,OLIVTAB_OIL: olive da tavola e da olio,ALL: tutte le voci,2026,22057,,,,"TIPO_DATO5__HP_Q_EXT_N1: Per tutte le coltivazioni foraggere temporanee e permanenti, a partire dal 2020 i valori di produzione sono espressi in quintali;<br />Dal 2020 sono diffusi i valori di produzione raccolta in quanto necessari per il calcolo della resa. <br />La serie storica e di conseguenza l'attendibilità dei dati diffusi negli anni precedenti non vengono compromessi perché, per le foraggere, i valori di produzione totale e raccolta coincidono.",O1000: O1000,,,,,,
IT1:101_1015(1.0),A: annuale,ITC4: Lombardia,HP_Q_EXT: produzione raccolta - quintali,TABLEGRAPES: uva da tavola,ALL: tutte le voci,2024,360,,,,"TIPO_DATO5__HP_Q_EXT_N1: Per tutte le coltivazioni foraggere temporanee e permanenti, a partire dal 2020 i valori di produzione sono espressi in quintali;<br />Dal 2020 sono diffusi i valori di produzione raccolta in quanto necessari per il calcolo della resa. <br />La serie storica e di conseguenza l'attendibilità dei dati diffusi negli anni precedenti non vengono compromessi perché, per le foraggere, i valori di produzione totale e raccolta coincidono.",W1200: W1200,,,,,,
IT1:101_1015(1.0),A: annuale,ITC4: Lombardia,HP_Q_EXT: produzione raccolta - quintali,TABLEGRAPES: uva da tavola,ALL: tutte le voci,2025,1272,,,,"TIPO_DATO5__HP_Q_EXT_N1: Per tutte le coltivazioni foraggere temporanee e permanenti, a partire dal 2020 i valori di produzione sono espressi in quintali;<br />Dal 2020 sono diffusi i valori di produzione raccolta in quanto necessari per il calcolo della resa. <br />La serie storica e di conseguenza l'attendibilità dei dati diffusi negli anni precedenti non vengono compromessi perché, per le foraggere, i valori di produzione totale e raccolta coincidono.",W1200: W1200,,,,,,
IT1:101_1015(1.0),A: annuale,ITC4: Lombardia,HP_Q_EXT: produzione raccolta - quintali,TABLEGRAPES: uva da tavola,ALL: tutte le voci,2026,1272,,,,"TIPO_DATO5__HP_Q_EXT_N1: Per tutte le coltivazioni foraggere temporanee e permanenti, a partire dal 2020 i valori di produzione sono espressi in quintali;<br />Dal 2020 sono diffusi i valori di produzione raccolta in quanto necessari per il calcolo della resa. <br />La serie storica e di conseguenza l'attendibilità dei dati diffusi negli anni precedenti non vengono compromessi perché, per le foraggere, i valori di produzione totale e raccolta coincidono.",W1200: W1200,,,,,,
IT1:101_1015(1.0),A: annuale,ITC4: Lombardia,HP_Q_EXT: produzione raccolta - quintali,WINEES: uva da vino,ALL: tutte le voci,2024,1559245,,,,"TIPO_DATO5__HP_Q_EXT_N1: Per tutte le coltivazioni foraggere temporanee e permanenti, a partire dal 2020 i valori di produzione sono espressi in quintali;<br />Dal 2020 sono diffusi i valori di produzione raccolta in quanto necessari per il calcolo della resa. <br />La serie storica e di conseguenza l'attendibilità dei dati diffusi negli anni precedenti non vengono compromessi perché, per le foraggere, i valori di produzione totale e raccolta coincidono.",W1100: W1100,,,,,,
IT1:101_1015(1.0),A: annuale,ITC4: Lombardia,HP_Q_EXT: produzione raccolta - quintali,WINEES: uva da vino,ALL: tutte le voci,2025,1834126,,,,"TIPO_DATO5__HP_Q_EXT_N1: Per tutte le coltivazioni foraggere temporanee e permanenti, a partire dal 2020 i valori di produzione sono espressi in quintali;<br />Dal 2020 sono diffusi i valori di produzione raccolta in quanto necessari per il calcolo della resa. <br />La serie storica e di conseguenza l'attendibilità dei dati diffusi negli anni precedenti non vengono compromessi perché, per le foraggere, i valori di produzione totale e raccolta coincidono.",W1100: W1100,,,,,,
IT1:101_1015(1.0),A: annuale,ITC4: Lombardia,HP_Q_EXT: produzione raccolta - quintali,WINEES: uva da vino,ALL: tutte le voci,2026,1834126,,,,"TIPO_DATO5__HP_Q_EXT_N1: Per tutte le coltivazioni foraggere temporanee e permanenti, a partire dal 2020 i valori di produzione sono espressi in quintali;<br />Dal 2020 sono diffusi i valori di produzione raccolta in quanto necessari per il calcolo della resa. <br />La serie storica e di conseguenza l'attendibilità dei dati diffusi negli anni precedenti non vengono compromessi perché, per le foraggere, i valori di produzione totale e raccolta coincidono.",W1100: W1100,,,,,,
IT1:101_1015(1.0),A: annuale,ITC4: Lombardia,TP_QUIN_EXT: produzione totale - quintali,OLIVTAB_OIL: olive da tavola e da olio,ALL: tutte le voci,2024,71084,,,,,O1000: O1000,,,,,,
IT1:101_1015(1.0),A: annuale,ITC4: Lombardia,TP_QUIN_EXT: produzione totale - quintali,OLIVTAB_OIL: olive da tavola e da olio,ALL: tutte le voci,2025,22057,,,,,O1000: O1000,,,,,,
IT1:101_1015(1.0),A: annuale,ITC4: Lombardia,TP_QUIN_EXT: produzione totale - quintali,OLIVTAB_OIL: olive da tavola e da olio,ALL: tutte le voci,2026,22057,,,,,O1000: O1000,,,,,,
IT1:101_1015(1.0),A: annuale,ITC4: Lombardia,TP_QUIN_EXT: produzione totale - quintali,TABLEGRAPES: uva da tavola,ALL: tutte le voci,2024,360,,,,,W1200: W1200,,,,,,
IT1:101_1015(1.0),A: annuale,ITC4: Lombardia,TP_QUIN_EXT: produzione totale - quintali,TABLEGRAPES: uva da tavola,ALL: tutte le voci,2025,1272,,,,,W1200: W1200,,,,,,
IT1:101_1015(1.0),A: annuale,ITC4: Lombardia,TP_QUIN_EXT: produzione totale - quintali,TABLEGRAPES: uva da tavola,ALL: tutte le voci,2026,1272,,,,,W1200: W1200,,,,,,
IT1:101_1015(1.0),A: annuale,ITC4: Lombardia,TP_QUIN_EXT: produzione totale - quintali,WINEES: uva da vino,ALL: tutte le voci,2024,1559245,,,,,W1100: W1100,,,,,,
IT1:101_1015(1.0),A: annuale,ITC4: Lombardia,TP_QUIN_EXT: produzione totale - quintali,WINEES: uva da vino,ALL: tutte le voci,2025,1834126,,,,,W1100: W1100,,,,,,
IT1:101_1015(1.0),A: annuale,ITC4: Lombardia,TP_QUIN_EXT: produzione totale - quintali,WINEES: uva da vino,ALL: tutte le voci,2026,1834126,,,,,W1100: W1100,,,,,,
IT1:101_1015(1.0),A: annuale,ITD1: Provincia Autonoma Bolzano / Bozen,ART: superficie totale - ettari,OLIVTAB_OIL: olive da tavola e da olio,ALL: tutte le voci,2024,3,,,,,O1000: O1000,,,,,,
IT1:101_1015(1.0),A: annuale,ITD1: Provincia Autonoma Bolzano / Bozen,ART: superficie totale - ettari,OLIVTAB_OIL: olive da tavola e da olio,ALL: tutte le voci,2025,3,,,,,O1000: O1000,,,,,,
IT1:101_1015(1.0),A: annuale,ITD1: Provincia Autonoma Bolzano / Bozen,ART: superficie totale - ettari,TABLEGRAPES: uva da tavola,ALL: tutte le voci,2024,80,,,,,W1200: W1200,,,,,,
IT1:101_1015(1.0),A: annuale,ITD1: Provincia Autonoma Bolzano / Bozen,ART: superficie totale - ettari,TABLEGRAPES: uva da tavola,ALL: tutte le voci,2025,28,,,,,W1200: W1200,,,,,,
IT1:101_1015(1.0),A: annuale,ITD1: Provincia Autonoma Bolzano / Bozen,ART: superficie totale - ettari,WINEES: uva da vino,ALL: tutte le voci,2024,5851,,,,,W1100: W1100,,,,,,
IT1:101_1015(1.0),A: annuale,ITD1: Provincia Autonoma Bolzano / Bozen,ART: superficie totale - ettari,WINEES: uva da vino,ALL: tutte le voci,2025,5876,,,,,W1100: W1100,,,,,,
IT1:101_1015(1.0),A: annuale,ITD1: Provincia Autonoma Bolzano / Bozen,ART: superficie totale - ettari,WINEES: uva da vino,ALL: tutte le voci,2026,5848,,,,,W1100: W1100,,,,,,
IT1:101_1015(1.0),A: annuale,ITD1: Provincia Autonoma Bolzano / Bozen,HP_Q_EXT: produzione raccolta - quintali,OLIVTAB_OIL: olive da tavola e da olio,ALL: tutte le voci,2024,54,,,,"TIPO_DATO5__HP_Q_EXT_N1: Per tutte le coltivazioni foraggere temporanee e permanenti, a partire dal 2020 i valori di produzione sono espressi in quintali;<br />Dal 2020 sono diffusi i valori di produzione raccolta in quanto necessari per il calcolo della resa. <br />La serie storica e di conseguenza l'attendibilità dei dati diffusi negli anni precedenti non vengono compromessi perché, per le foraggere, i valori di produzione totale e raccolta coincidono.",O1000: O1000,,,,,,
IT1:101_1015(1.0),A: annuale,ITD1: Provincia Autonoma Bolzano / Bozen,HP_Q_EXT: produzione raccolta - quintali,OLIVTAB_OIL: olive da tavola e da olio,ALL: tutte le voci,2025,60,,,,"TIPO_DATO5__HP_Q_EXT_N1: Per tutte le coltivazioni foraggere temporanee e permanenti, a partire dal 2020 i valori di produzione sono espressi in quintali;<br />Dal 2020 sono diffusi i valori di produzione raccolta in quanto necessari per il calcolo della resa. <br />La serie storica e di conseguenza l'attendibilità dei dati diffusi negli anni precedenti non vengono compromessi perché, per le foraggere, i valori di produzione totale e raccolta coincidono.",O1000: O1000,,,,,,
IT1:101_1015(1.0),A: annuale,ITD1: Provincia Autonoma Bolzano / Bozen,HP_Q_EXT: produzione raccolta - quintali,TABLEGRAPES: uva da tavola,ALL: tutte le voci,2024,5028,,,,"TIPO_DATO5__HP_Q_EXT_N1: Per tutte le coltivazioni foraggere temporanee e permanenti, a partire dal 2020 i valori di produzione sono espressi in quintali;<br />Dal 2020 sono diffusi i valori di produzione raccolta in quanto necessari per il calcolo della resa. <br />La serie storica e di conseguenza l'attendibilità dei dati diffusi negli anni precedenti non vengono compromessi perché, per le foraggere, i valori di produzione totale e raccolta coincidono.",W1200: W1200,,,,,,
IT1:101_1015(1.0),A: annuale,ITD1: Provincia Autonoma Bolzano / Bozen,HP_Q_EXT: produzione raccolta - quintali,TABLEGRAPES: uva da tavola,ALL: tutte le voci,2025,5800,,,,"TIPO_DATO5__HP_Q_EXT_N1: Per tutte le coltivazioni foraggere temporanee e permanenti, a partire dal 2020 i valori di produzione sono espressi in quintali;<br />Dal 2020 sono diffusi i valori di produzione raccolta in quanto necessari per il calcolo della resa. <br />La serie storica e di conseguenza l'attendibilità dei dati diffusi negli anni precedenti non vengono compromessi perché, per le foraggere, i valori di produzione totale e raccolta coincidono.",W1200: W1200,,,,,,
IT1:101_1015(1.0),A: annuale,ITD1: Provincia Autonoma Bolzano / Bozen,HP_Q_EXT: produzione raccolta - quintali,WINEES: uva da vino,ALL: tutte le voci,2024,431792,,,,"TIPO_DATO5__HP_Q_EXT_N1: Per tutte le coltivazioni foraggere temporanee e permanenti, a partire dal 2020 i valori di produzione sono espressi in quintali;<br />Dal 2020 sono diffusi i valori di produzione raccolta in quanto necessari per il calcolo della resa. <br />La serie storica e di conseguenza l'attendibilità dei dati diffusi negli anni precedenti non vengono compromessi perché, per le foraggere, i valori di produzione totale e raccolta coincidono.",W1100: W1100,,,,,,
IT1:101_1015(1.0),A: annuale,ITD1: Provincia Autonoma Bolzano / Bozen,HP_Q_EXT: produzione raccolta - quintali,WINEES: uva da vino,ALL: tutte le voci,2025,467829,,,,"TIPO_DATO5__HP_Q_EXT_N1: Per tutte le coltivazioni foraggere temporanee e permanenti, a partire dal 2020 i valori di produzione sono espressi in quintali;<br />Dal 2020 sono diffusi i valori di produzione raccolta in quanto necessari per il calcolo della resa. <br />La serie storica e di conseguenza l'attendibilità dei dati diffusi negli anni precedenti non vengono compromessi perché, per le foraggere, i valori di produzione totale e raccolta coincidono.",W1100: W1100,,,,,,
IT1:101_1015(1.0),A: annuale,ITD1: Provincia Autonoma Bolzano / Bozen,HP_Q_EXT: produzione raccolta - quintali,WINEES: uva da vino,ALL: tutte le voci,2026,475317,,,,"TIPO_DATO5__HP_Q_EXT_N1: Per tutte le coltivazioni foraggere temporanee e permanenti, a partire dal 2020 i valori di produzione sono espressi in quintali;<br />Dal 2020 sono diffusi i valori di produzione raccolta in quanto necessari per il calcolo della resa. <br />La serie storica e di conseguenza l'attendibilità dei dati diffusi negli anni precedenti non vengono compromessi perché, per le foraggere, i valori di produzione totale e raccolta coincidono.",W1100: W1100,,,,,,
IT1:101_1015(1.0),A: annuale,ITD1: Provincia Autonoma Bolzano / Bozen,TP_QUIN_EXT: produzione totale - quintali,OLIVTAB_OIL: olive da tavola e da olio,ALL: tutte le voci,2024,54,,,,,O1000: O1000,,,,,,
IT1:101_1015(1.0),A: annuale,ITD1: Provincia Autonoma Bolzano / Bozen,TP_QUIN_EXT: produzione totale - quintali,OLIVTAB_OIL: olive da tavola e da olio,ALL: tutte le voci,2025,60,,,,,O1000: O1000,,,,,,
IT1:101_1015(1.0),A: annuale,ITD1: Provincia Autonoma Bolzano / Bozen,TP_QUIN_EXT: produzione totale - quintali,TABLEGRAPES: uva da tavola,ALL: tutte le voci,2024,5028,,,,,W1200: W1200,,,,,,
IT1:101_1015(1.0),A: annuale,ITD1: Provincia Autonoma Bolzano / Bozen,TP_QUIN_EXT: produzione totale - quintali,TABLEGRAPES: uva da tavola,ALL: tutte le voci,2025,5800,,,,,W1200: W1200,,,,,,
IT1:101_1015(1.0),A: annuale,ITD1: Provincia Autonoma Bolzano / Bozen,TP_QUIN_EXT: produzione totale - quintali,WINEES: uva da vino,ALL: tutte le voci,2024,431792,,,,,W1100: W1100,,,,,,
IT1:101_1015(1.0),A: annuale,ITD1: Provincia Autonoma Bolzano / Bozen,TP_QUIN_EXT: produzione totale - quintali,WINEES: uva da vino,ALL: tutte le voci,2025,467829,,,,,W1100: W1100,,,,,,
IT1:101_1015(1.0),A: annuale,ITD1: Provincia Autonoma Bolzano / Bozen,TP_QUIN_EXT: produzione totale - quintali,WINEES: uva da vino,ALL: tutte le voci,2026,475317,,,,,W1100: W1100,,,,,,
IT1:101_1015(1.0),A: annuale,ITD2: Provincia Autonoma Trento,ART: superficie totale - ettari,OLIVTAB_OIL: olive da tavola e da olio,ALL: tutte le voci,2024,390,,,,,O1000: O1000,,,,,,
IT1:101_1015(1.0),A: annuale,ITD2: Provincia Autonoma Trento,ART: superficie totale - ettari,OLIVTAB_OIL: olive da tavola e da olio,ALL: tutte le voci,2025,400,,,,,O1000: O1000,,,,,,
IT1:101_1015(1.0),A: annuale,ITD2: Provincia Autonoma Trento,ART: superficie totale - ettari,OLIVTAB_OIL: olive da tavola e da olio,ALL: tutte le voci,2026,400,,,,,O1000: O1000,,,,,,
IT1:101_1015(1.0),A: annuale,ITD2: Provincia Autonoma Trento,ART: superficie totale - ettari,TABLEGRAPES: uva da tavola,ALL: tutte le voci,2024,4,,,,,W1200: W1200,,,,,,
IT1:101_1015(1.0),A: annuale,ITD2: Provincia Autonoma Trento,ART: superficie totale - ettari,TABLEGRAPES: uva da tavola,ALL: tutte le voci,2025,4,,,,,W1200: W1200,,,,,,
IT1:101_1015(1.0),A: annuale,ITD2: Provincia Autonoma Trento,ART: superficie totale - ettari,TABLEGRAPES: uva da tavola,ALL: tutte le voci,2026,3,,,,,W1200: W1200,,,,,,
IT1:101_1015(1.0),A: annuale,ITD2: Provincia Autonoma Trento,ART: superficie totale - ettari,WINEES: uva da vino,ALL: tutte le voci,2024,10044,,,,,W1100: W1100,,,,,,
IT1:101_1015(1.0),A: annuale,ITD2: Provincia Autonoma Trento,ART: superficie totale - ettari,WINEES: uva da vino,ALL: tutte le voci,2025,10196,,,,,W1100: W1100,,,,,,
IT1:101_1015(1.0),A: annuale,ITD2: Provincia Autonoma Trento,ART: superficie totale - ettari,WINEES: uva da vino,ALL: tutte le voci,2026,10122,,,,,W1100: W1100,,,,,,
IT1:101_1015(1.0),A: annuale,ITD2: Provincia Autonoma Trento,HP_Q_EXT: produzione raccolta - quintali,OLIVTAB_OIL: olive da tavola e da olio,ALL: tutte le voci,2024,34540,,,,"TIPO_DATO5__HP_Q_EXT_N1: Per tutte le coltivazioni foraggere temporanee e permanenti, a partire dal 2020 i valori di produzione sono espressi in quintali;<br />Dal 2020 sono diffusi i valori di produzione raccolta in quanto necessari per il calcolo della resa. <br />La serie storica e di conseguenza l'attendibilità dei dati diffusi negli anni precedenti non vengono compromessi perché, per le foraggere, i valori di produzione totale e raccolta coincidono.",O1000: O1000,,,,,,
IT1:101_1015(1.0),A: annuale,ITD2: Provincia Autonoma Trento,HP_Q_EXT: produzione raccolta - quintali,OLIVTAB_OIL: olive da tavola e da olio,ALL: tutte le voci,2025,12160,,,,"TIPO_DATO5__HP_Q_EXT_N1: Per tutte le coltivazioni foraggere temporanee e permanenti, a partire dal 2020 i valori di produzione sono espressi in quintali;<br />Dal 2020 sono diffusi i valori di produzione raccolta in quanto necessari per il calcolo della resa. <br />La serie storica e di conseguenza l'attendibilità dei dati diffusi negli anni precedenti non vengono compromessi perché, per le foraggere, i valori di produzione totale e raccolta coincidono.",O1000: O1000,,,,,,
IT1:101_1015(1.0),A: annuale,ITD2: Provincia Autonoma Trento,HP_Q_EXT: produzione raccolta - quintali,OLIVTAB_OIL: olive da tavola e da olio,ALL: tutte le voci,2026,12160,,,,"TIPO_DATO5__HP_Q_EXT_N1: Per tutte le coltivazioni foraggere temporanee e permanenti, a partire dal 2020 i valori di produzione sono espressi in quintali;<br />Dal 2020 sono diffusi i valori di produzione raccolta in quanto necessari per il calcolo della resa. <br />La serie storica e di conseguenza l'attendibilità dei dati diffusi negli anni precedenti non vengono compromessi perché, per le foraggere, i valori di produzione totale e raccolta coincidono.",O1000: O1000,,,,,,
IT1:101_1015(1.0),A: annuale,ITD2: Provincia Autonoma Trento,HP_Q_EXT: produzione raccolta - quintali,TABLEGRAPES: uva da tavola,ALL: tutte le voci,2024,400,,,,"TIPO_DATO5__HP_Q_EXT_N1: Per tutte le coltivazioni foraggere temporanee e permanenti, a partire dal 2020 i valori di produzione sono espressi in quintali;<br />Dal 2020 sono diffusi i valori di produzione raccolta in quanto necessari per il calcolo della resa. <br />La serie storica e di conseguenza l'attendibilità dei dati diffusi negli anni precedenti non vengono compromessi perché, per le foraggere, i valori di produzione totale e raccolta coincidono.",W1200: W1200,,,,,,
IT1:101_1015(1.0),A: annuale,ITD2: Provincia Autonoma Trento,HP_Q_EXT: produzione raccolta - quintali,TABLEGRAPES: uva da tavola,ALL: tutte le voci,2025,400,,,,"TIPO_DATO5__HP_Q_EXT_N1: Per tutte le coltivazioni foraggere temporanee e permanenti, a partire dal 2020 i valori di produzione sono espressi in quintali;<br />Dal 2020 sono diffusi i valori di produzione raccolta in quanto necessari per il calcolo della resa. <br />La serie storica e di conseguenza l'attendibilità dei dati diffusi negli anni precedenti non vengono compromessi perché, per le foraggere, i valori di produzione totale e raccolta coincidono.",W1200: W1200,,,,,,
IT1:101_1015(1.0),A: annuale,ITD2: Provincia Autonoma Trento,HP_Q_EXT: produzione raccolta - quintali,TABLEGRAPES: uva da tavola,ALL: tutte le voci,2026,300,,,,"TIPO_DATO5__HP_Q_EXT_N1: Per tutte le coltivazioni foraggere temporanee e permanenti, a partire dal 2020 i valori di produzione sono espressi in quintali;<br />Dal 2020 sono diffusi i valori di produzione raccolta in quanto necessari per il calcolo della resa. <br />La serie storica e di conseguenza l'attendibilità dei dati diffusi negli anni precedenti non vengono compromessi perché, per le foraggere, i valori di produzione totale e raccolta coincidono.",W1200: W1200,,,,,,
IT1:101_1015(1.0),A: annuale,ITD2: Provincia Autonoma Trento,HP_Q_EXT: produzione raccolta - quintali,WINEES: uva da vino,ALL: tutte le voci,2024,1061025,,,,"TIPO_DATO5__HP_Q_EXT_N1: Per tutte le coltivazioni foraggere temporanee e permanenti, a partire dal 2020 i valori di produzione sono espressi in quintali;<br />Dal 2020 sono diffusi i valori di produzione raccolta in quanto necessari per il calcolo della resa. <br />La serie storica e di conseguenza l'attendibilità dei dati diffusi negli anni precedenti non vengono compromessi perché, per le foraggere, i valori di produzione totale e raccolta coincidono.",W1100: W1100,,,,,,
IT1:101_1015(1.0),A: annuale,ITD2: Provincia Autonoma Trento,HP_Q_EXT: produzione raccolta - quintali,WINEES: uva da vino,ALL: tutte le voci,2025,1188166,,,,"TIPO_DATO5__HP_Q_EXT_N1: Per tutte le coltivazioni foraggere temporanee e permanenti, a partire dal 2020 i valori di produzione sono espressi in quintali;<br />Dal 2020 sono diffusi i valori di produzione raccolta in quanto necessari per il calcolo della resa. <br />La serie storica e di conseguenza l'attendibilità dei dati diffusi negli anni precedenti non vengono compromessi perché, per le foraggere, i valori di produzione totale e raccolta coincidono.",W1100: W1100,,,,,,
IT1:101_1015(1.0),A: annuale,ITD2: Provincia Autonoma Trento,HP_Q_EXT: produzione raccolta - quintali,WINEES: uva da vino,ALL: tutte le voci,2026,1188266,,,,"TIPO_DATO5__HP_Q_EXT_N1: Per tutte le coltivazioni foraggere temporanee e permanenti, a partire dal 2020 i valori di produzione sono espressi in quintali;<br />Dal 2020 sono diffusi i valori di produzione raccolta in quanto necessari per il calcolo della resa. <br />La serie storica e di conseguenza l'attendibilità dei dati diffusi negli anni precedenti non vengono compromessi perché, per le foraggere, i valori di produzione totale e raccolta coincidono.",W1100: W1100,,,,,,
IT1:101_1015(1.0),A: annuale,ITD2: Provincia Autonoma Trento,TP_QUIN_EXT: produzione totale - quintali,OLIVTAB_OIL: olive da tavola e da olio,ALL: tutte le voci,2024,34540,,,,,O1000: O1000,,,,,,
IT1:101_1015(1.0),A: annuale,ITD2: Provincia Autonoma Trento,TP_QUIN_EXT: produzione totale - quintali,OLIVTAB_OIL: olive da tavola e da olio,ALL: tutte le voci,2025,12160,,,,,O1000: O1000,,,,,,
IT1:101_1015(1.0),A: annuale,ITD2: Provincia Autonoma Trento,TP_QUIN_EXT: produzione totale - quintali,OLIVTAB_OIL: olive da tavola e da olio,ALL: tutte le voci,2026,12160,,,,,O1000: O1000,,,,,,
IT1:101_1015(1.0),A: annuale,ITD2: Provincia Autonoma Trento,TP_QUIN_EXT: produzione totale - quintali,TABLEGRAPES: uva da tavola,ALL: tutte le voci,2024,400,,,,,W1200: W1200,,,,,,
IT1:101_1015(1.0),A: annuale,ITD2: Provincia Autonoma Trento,TP_QUIN_EXT: produzione totale - quintali,TABLEGRAPES: uva da tavola,ALL: tutte le voci,2025,400,,,,,W1200: W1200,,,,,,
IT1:101_1015(1.0),A: annuale,ITD2: Provincia Autonoma Trento,TP_QUIN_EXT: produzione totale - quintali,TABLEGRAPES: uva da tavola,ALL: tutte le voci,2026,300,,,,,W1200: W1200,,,,,,
IT1:101_1015(1.0),A: annuale,ITD2: Provincia Autonoma Trento,TP_QUIN_EXT: produzione totale - quintali,WINEES: uva da vino,ALL: tutte le voci,2024,1082523,,,,,W1100: W1100,,,,,,
IT1:101_1015(1.0),A: annuale,ITD2: Provincia Autonoma Trento,TP_QUIN_EXT: produzione totale - quintali,WINEES: uva da vino,ALL: tutte le voci,2025,1188166,,,,,W1100: W1100,,,,,,
IT1:101_1015(1.0),A: annuale,ITD2: Provincia Autonoma Trento,TP_QUIN_EXT: produzione totale - quintali,WINEES: uva da vino,ALL: tutte le voci,2026,1188266,,,,,W1100: W1100,,,,,,
IT1:101_1015(1.0),A: annuale,ITD3: Veneto,ART: superficie totale - ettari,OLIVTAB_OIL: olive da tavola e da olio,ALL: tutte le voci,2024,5294,,,,,O1000: O1000,,,,,,
IT1:101_1015(1.0),A: annuale,ITD3: Veneto,ART: superficie totale - ettari,OLIVTAB_OIL: olive da tavola e da olio,ALL: tutte le voci,2025,5506,,,,,O1000: O1000,,,,,,
IT1:101_1015(1.0),A: annuale,ITD3: Veneto,ART: superficie totale - ettari,OLIVTAB_OIL: olive da tavola e da olio,ALL: tutte le voci,2026,5506,,,,,O1000: O1000,,,,,,
IT1:101_1015(1.0),A: annuale,ITD3: Veneto,ART: superficie totale - ettari,TABLEGRAPES: uva da tavola,ALL: tutte le voci,2024,68,,,,,W1200: W1200,,,,,,
IT1:101_1015(1.0),A: annuale,ITD3: Veneto,ART: superficie totale - ettari,TABLEGRAPES: uva da tavola,ALL: tutte le voci,2025,70,,,,,W1200: W1200,,,,,,
IT1:101_1015(1.0),A: annuale,ITD3: Veneto,ART: superficie totale - ettari,TABLEGRAPES: uva da tavola,ALL: tutte le voci,2026,70,,,,,W1200: W1200,,,,,,
IT1:101_1015(1.0),A: annuale,ITD3: Veneto,ART: superficie totale - ettari,WINEES: uva da vino,ALL: tutte le voci,2024,103502,,,,,W1100: W1100,,,,,,
IT1:101_1015(1.0),A: annuale,ITD3: Veneto,ART: superficie totale - ettari,WINEES: uva da vino,ALL: tutte le voci,2025,104398,,,,,W1100: W1100,,,,,,
IT1:101_1015(1.0),A: annuale,ITD3: Veneto,ART: superficie totale - ettari,WINEES: uva da vino,ALL: tutte le voci,2026,104398,,,,,W1100: W1100,,,,,,
IT1:101_1015(1.0),A: annuale,ITD3: Veneto,HP_Q_EXT: produzione raccolta - quintali,OLIVTAB_OIL: olive da tavola e da olio,ALL: tutte le voci,2024,160480,,,,"TIPO_DATO5__HP_Q_EXT_N1: Per tutte le coltivazioni foraggere temporanee e permanenti, a partire dal 2020 i valori di produzione sono espressi in quintali;<br />Dal 2020 sono diffusi i valori di produzione raccolta in quanto necessari per il calcolo della resa. <br />La serie storica e di conseguenza l'attendibilità dei dati diffusi negli anni precedenti non vengono compromessi perché, per le foraggere, i valori di produzione totale e raccolta coincidono.",O1000: O1000,,,,,,
IT1:101_1015(1.0),A: annuale,ITD3: Veneto,HP_Q_EXT: produzione raccolta - quintali,OLIVTAB_OIL: olive da tavola e da olio,ALL: tutte le voci,2025,70244,,,,"TIPO_DATO5__HP_Q_EXT_N1: Per tutte le coltivazioni foraggere temporanee e permanenti, a partire dal 2020 i valori di produzione sono espressi in quintali;<br />Dal 2020 sono diffusi i valori di produzione raccolta in quanto necessari per il calcolo della resa. <br />La serie storica e di conseguenza l'attendibilità dei dati diffusi negli anni precedenti non vengono compromessi perché, per le foraggere, i valori di produzione totale e raccolta coincidono.",O1000: O1000,,,,,,
IT1:101_1015(1.0),A: annuale,ITD3: Veneto,HP_Q_EXT: produzione raccolta - quintali,OLIVTAB_OIL: olive da tavola e da olio,ALL: tutte le voci,2026,70250,,,,"TIPO_DATO5__HP_Q_EXT_N1: Per tutte le coltivazioni foraggere temporanee e permanenti, a partire dal 2020 i valori di produzione sono espressi in quintali;<br />Dal 2020 sono diffusi i valori di produzione raccolta in quanto necessari per il calcolo della resa. <br />La serie storica e di conseguenza l'attendibilità dei dati diffusi negli anni precedenti non vengono compromessi perché, per le foraggere, i valori di produzione totale e raccolta coincidono.",O1000: O1000,,,,,,
IT1:101_1015(1.0),A: annuale,ITD3: Veneto,HP_Q_EXT: produzione raccolta - quintali,TABLEGRAPES: uva da tavola,ALL: tutte le voci,2024,17000,,,,"TIPO_DATO5__HP_Q_EXT_N1: Per tutte le coltivazioni foraggere temporanee e permanenti, a partire dal 2020 i valori di produzione sono espressi in quintali;<br />Dal 2020 sono diffusi i valori di produzione raccolta in quanto necessari per il calcolo della resa. <br />La serie storica e di conseguenza l'attendibilità dei dati diffusi negli anni precedenti non vengono compromessi perché, per le foraggere, i valori di produzione totale e raccolta coincidono.",W1200: W1200,,,,,,
IT1:101_1015(1.0),A: annuale,ITD3: Veneto,HP_Q_EXT: produzione raccolta - quintali,TABLEGRAPES: uva da tavola,ALL: tutte le voci,2025,17500,,,,"TIPO_DATO5__HP_Q_EXT_N1: Per tutte le coltivazioni foraggere temporanee e permanenti, a partire dal 2020 i valori di produzione sono espressi in quintali;<br />Dal 2020 sono diffusi i valori di produzione raccolta in quanto necessari per il calcolo della resa. <br />La serie storica e di conseguenza l'attendibilità dei dati diffusi negli anni precedenti non vengono compromessi perché, per le foraggere, i valori di produzione totale e raccolta coincidono.",W1200: W1200,,,,,,
IT1:101_1015(1.0),A: annuale,ITD3: Veneto,HP_Q_EXT: produzione raccolta - quintali,TABLEGRAPES: uva da tavola,ALL: tutte le voci,2026,17500,,,,"TIPO_DATO5__HP_Q_EXT_N1: Per tutte le coltivazioni foraggere temporanee e permanenti, a partire dal 2020 i valori di produzione sono espressi in quintali;<br />Dal 2020 sono diffusi i valori di produzione raccolta in quanto necessari per il calcolo della resa. <br />La serie storica e di conseguenza l'attendibilità dei dati diffusi negli anni precedenti non vengono compromessi perché, per le foraggere, i valori di produzione totale e raccolta coincidono.",W1200: W1200,,,,,,
IT1:101_1015(1.0),A: annuale,ITD3: Veneto,HP_Q_EXT: produzione raccolta - quintali,WINEES: uva da vino,ALL: tutte le voci,2024,13732900,,,,"TIPO_DATO5__HP_Q_EXT_N1: Per tutte le coltivazioni foraggere temporanee e permanenti, a partire dal 2020 i valori di produzione sono espressi in quintali;<br />Dal 2020 sono diffusi i valori di produzione raccolta in quanto necessari per il calcolo della resa. <br />La serie storica e di conseguenza l'attendibilità dei dati diffusi negli anni precedenti non vengono compromessi perché, per le foraggere, i valori di produzione totale e raccolta coincidono.",W1100: W1100,,,,,,
IT1:101_1015(1.0),A: annuale,ITD3: Veneto,HP_Q_EXT: produzione raccolta - quintali,WINEES: uva da vino,ALL: tutte le voci,2025,14662869,,,,"TIPO_DATO5__HP_Q_EXT_N1: Per tutte le coltivazioni foraggere temporanee e permanenti, a partire dal 2020 i valori di produzione sono espressi in quintali;<br />Dal 2020 sono diffusi i valori di produzione raccolta in quanto necessari per il calcolo della resa. <br />La serie storica e di conseguenza l'attendibilità dei dati diffusi negli anni precedenti non vengono compromessi perché, per le foraggere, i valori di produzione totale e raccolta coincidono.",W1100: W1100,,,,,,
IT1:101_1015(1.0),A: annuale,ITD3: Veneto,HP_Q_EXT: produzione raccolta - quintali,WINEES: uva da vino,ALL: tutte le voci,2026,14662869,,,,"TIPO_DATO5__HP_Q_EXT_N1: Per tutte le coltivazioni foraggere temporanee e permanenti, a partire dal 2020 i valori di produzione sono espressi in quintali;<br />Dal 2020 sono diffusi i valori di produzione raccolta in quanto necessari per il calcolo della resa. <br />La serie storica e di conseguenza l'attendibilità dei dati diffusi negli anni precedenti non vengono compromessi perché, per le foraggere, i valori di produzione totale e raccolta coincidono.",W1100: W1100,,,,,,
IT1:101_1015(1.0),A: annuale,ITD3: Veneto,TP_QUIN_EXT: produzione totale - quintali,OLIVTAB_OIL: olive da tavola e da olio,ALL: tutte le voci,2024,168505,,,,,O1000: O1000,,,,,,
IT1:101_1015(1.0),A: annuale,ITD3: Veneto,TP_QUIN_EXT: produzione totale - quintali,OLIVTAB_OIL: olive da tavola e da olio,ALL: tutte le voci,2025,73758,,,,,O1000: O1000,,,,,,
IT1:101_1015(1.0),A: annuale,ITD3: Veneto,TP_QUIN_EXT: produzione totale - quintali,OLIVTAB_OIL: olive da tavola e da olio,ALL: tutte le voci,2026,73762,,,,,O1000: O1000,,,,,,
IT1:101_1015(1.0),A: annuale,ITD3: Veneto,TP_QUIN_EXT: produzione totale - quintali,TABLEGRAPES: uva da tavola,ALL: tutte le voci,2024,17000,,,,,W1200: W1200,,,,,,
IT1:101_1015(1.0),A: annuale,ITD3: Veneto,TP_QUIN_EXT: produzione totale - quintali,TABLEGRAPES: uva da tavola,ALL: tutte le voci,2025,17500,,,,,W1200: W1200,,,,,,
IT1:101_1015(1.0),A: annuale,ITD3: Veneto,TP_QUIN_EXT: produzione totale - quintali,TABLEGRAPES: uva da tavola,ALL: tutte le voci,2026,17500,,,,,W1200: W1200,,,,,,
IT1:101_1015(1.0),A: annuale,ITD3: Veneto,TP_QUIN_EXT: produzione totale - quintali,WINEES: uva da vino,ALL: tutte le voci,2024,13732900,,,,,W1100: W1100,,,,,,
IT1:101_1015(1.0),A: annuale,ITD3: Veneto,TP_QUIN_EXT: produzione totale - quintali,WINEES: uva da vino,ALL: tutte le voci,2025,14662869,,,,,W1100: W1100,,,,,,
IT1:101_1015(1.0),A: annuale,ITD3: Veneto,TP_QUIN_EXT: produzione totale - quintali,WINEES: uva da vino,ALL: tutte le voci,2026,14662869,,,,,W1100: W1100,,,,,,
IT1:101_1015(1.0),A: annuale,ITD4: Friuli-Venezia Giulia,ART: superficie totale - ettari,OLIVTAB_OIL: olive da tavola e da olio,ALL: tutte le voci,2024,350,,,,,O1000: O1000,,,,,,
IT1:101_1015(1.0),A: annuale,ITD4: Friuli-Venezia Giulia,ART: superficie totale - ettari,OLIVTAB_OIL: olive da tavola e da olio,ALL: tutte le voci,2025,416,,,,,O1000: O1000,,,,,,
IT1:101_1015(1.0),A: annuale,ITD4: Friuli-Venezia Giulia,ART: superficie totale - ettari,OLIVTAB_OIL: olive da tavola e da olio,ALL: tutte le voci,2026,416,,,,,O1000: O1000,,,,,,
IT1:101_1015(1.0),A: annuale,ITD4: Friuli-Venezia Giulia,ART: superficie totale - ettari,TABLEGRAPES: uva da tavola,ALL: tutte le voci,2024,7,,,,,W1200: W1200,,,,,,
IT1:101_1015(1.0),A: annuale,ITD4: Friuli-Venezia Giulia,ART: superficie totale - ettari,TABLEGRAPES: uva da tavola,ALL: tutte le voci,2025,6,,,,,W1200: W1200,,,,,,
IT1:101_1015(1.0),A: annuale,ITD4: Friuli-Venezia Giulia,ART: superficie totale - ettari,TABLEGRAPES: uva da tavola,ALL: tutte le voci,2026,6,,,,,W1200: W1200,,,,,,
IT1:101_1015(1.0),A: annuale,ITD4: Friuli-Venezia Giulia,ART: superficie totale - ettari,WINEES: uva da vino,ALL: tutte le voci,2024,30379,,,,,W1100: W1100,,,,,,
IT1:101_1015(1.0),A: annuale,ITD4: Friuli-Venezia Giulia,ART: superficie totale - ettari,WINEES: uva da vino,ALL: tutte le voci,2025,30574,,,,,W1100: W1100,,,,,,
IT1:101_1015(1.0),A: annuale,ITD4: Friuli-Venezia Giulia,ART: superficie totale - ettari,WINEES: uva da vino,ALL: tutte le voci,2026,30467,,,,,W1100: W1100,,,,,,
IT1:101_1015(1.0),A: annuale,ITD4: Friuli-Venezia Giulia,HP_Q_EXT: produzione raccolta - quintali,OLIVTAB_OIL: olive da tavola e da olio,ALL: tutte le voci,2024,6084,,,,"TIPO_DATO5__HP_Q_EXT_N1: Per tutte le coltivazioni foraggere temporanee e permanenti, a partire dal 2020 i valori di produzione sono espressi in quintali;<br />Dal 2020 sono diffusi i valori di produzione raccolta in quanto necessari per il calcolo della resa. <br />La serie storica e di conseguenza l'attendibilità dei dati diffusi negli anni precedenti non vengono compromessi perché, per le foraggere, i valori di produzione totale e raccolta coincidono.",O1000: O1000,,,,,,
IT1:101_1015(1.0),A: annuale,ITD4: Friuli-Venezia Giulia,HP_Q_EXT: produzione raccolta - quintali,OLIVTAB_OIL: olive da tavola e da olio,ALL: tutte le voci,2025,8521,,,,"TIPO_DATO5__HP_Q_EXT_N1: Per tutte le coltivazioni foraggere temporanee e permanenti, a partire dal 2020 i valori di produzione sono espressi in quintali;<br />Dal 2020 sono diffusi i valori di produzione raccolta in quanto necessari per il calcolo della resa. <br />La serie storica e di conseguenza l'attendibilità dei dati diffusi negli anni precedenti non vengono compromessi perché, per le foraggere, i valori di produzione totale e raccolta coincidono.",O1000: O1000,,,,,,
IT1:101_1015(1.0),A: annuale,ITD4: Friuli-Venezia Giulia,HP_Q_EXT: produzione raccolta - quintali,OLIVTAB_OIL: olive da tavola e da olio,ALL: tutte le voci,2026,7770,,,,"TIPO_DATO5__HP_Q_EXT_N1: Per tutte le coltivazioni foraggere temporanee e permanenti, a partire dal 2020 i valori di produzione sono espressi in quintali;<br />Dal 2020 sono diffusi i valori di produzione raccolta in quanto necessari per il calcolo della resa. <br />La serie storica e di conseguenza l'attendibilità dei dati diffusi negli anni precedenti non vengono compromessi perché, per le foraggere, i valori di produzione totale e raccolta coincidono.",O1000: O1000,,,,,,
IT1:101_1015(1.0),A: annuale,ITD4: Friuli-Venezia Giulia,HP_Q_EXT: produzione raccolta - quintali,TABLEGRAPES: uva da tavola,ALL: tutte le voci,2024,880,,,,"TIPO_DATO5__HP_Q_EXT_N1: Per tutte le coltivazioni foraggere temporanee e permanenti, a partire dal 2020 i valori di produzione sono espressi in quintali;<br />Dal 2020 sono diffusi i valori di produzione raccolta in quanto necessari per il calcolo della resa. <br />La serie storica e di conseguenza l'attendibilità dei dati diffusi negli anni precedenti non vengono compromessi perché, per le foraggere, i valori di produzione totale e raccolta coincidono.",W1200: W1200,,,,,,
IT1:101_1015(1.0),A: annuale,ITD4: Friuli-Venezia Giulia,HP_Q_EXT: produzione raccolta - quintali,TABLEGRAPES: uva da tavola,ALL: tutte le voci,2025,856,,,,"TIPO_DATO5__HP_Q_EXT_N1: Per tutte le coltivazioni foraggere temporanee e permanenti, a partire dal 2020 i valori di produzione sono espressi in quintali;<br />Dal 2020 sono diffusi i valori di produzione raccolta in quanto necessari per il calcolo della resa. <br />La serie storica e di conseguenza l'attendibilità dei dati diffusi negli anni precedenti non vengono compromessi perché, per le foraggere, i valori di produzione totale e raccolta coincidono.",W1200: W1200,,,,,,
IT1:101_1015(1.0),A: annuale,ITD4: Friuli-Venezia Giulia,HP_Q_EXT: produzione raccolta - quintali,TABLEGRAPES: uva da tavola,ALL: tutte le voci,2026,1134,,,,"TIPO_DATO5__HP_Q_EXT_N1: Per tutte le coltivazioni foraggere temporanee e permanenti, a partire dal 2020 i valori di produzione sono espressi in quintali;<br />Dal 2020 sono diffusi i valori di produzione raccolta in quanto necessari per il calcolo della resa. <br />La serie storica e di conseguenza l'attendibilità dei dati diffusi negli anni precedenti non vengono compromessi perché, per le foraggere, i valori di produzione totale e raccolta coincidono.",W1200: W1200,,,,,,
IT1:101_1015(1.0),A: annuale,ITD4: Friuli-Venezia Giulia,HP_Q_EXT: produzione raccolta - quintali,WINEES: uva da vino,ALL: tutte le voci,2024,3277713,,,,"TIPO_DATO5__HP_Q_EXT_N1: Per tutte le coltivazioni foraggere temporanee e permanenti, a partire dal 2020 i valori di produzione sono espressi in quintali;<br />Dal 2020 sono diffusi i valori di produzione raccolta in quanto necessari per il calcolo della resa. <br />La serie storica e di conseguenza l'attendibilità dei dati diffusi negli anni precedenti non vengono compromessi perché, per le foraggere, i valori di produzione totale e raccolta coincidono.",W1100: W1100,,,,,,
IT1:101_1015(1.0),A: annuale,ITD4: Friuli-Venezia Giulia,HP_Q_EXT: produzione raccolta - quintali,WINEES: uva da vino,ALL: tutte le voci,2025,3212181,,,,"TIPO_DATO5__HP_Q_EXT_N1: Per tutte le coltivazioni foraggere temporanee e permanenti, a partire dal 2020 i valori di produzione sono espressi in quintali;<br />Dal 2020 sono diffusi i valori di produzione raccolta in quanto necessari per il calcolo della resa. <br />La serie storica e di conseguenza l'attendibilità dei dati diffusi negli anni precedenti non vengono compromessi perché, per le foraggere, i valori di produzione totale e raccolta coincidono.",W1100: W1100,,,,,,
IT1:101_1015(1.0),A: annuale,ITD4: Friuli-Venezia Giulia,HP_Q_EXT: produzione raccolta - quintali,WINEES: uva da vino,ALL: tutte le voci,2026,3791098,,,,"TIPO_DATO5__HP_Q_EXT_N1: Per tutte le coltivazioni foraggere temporanee e permanenti, a partire dal 2020 i valori di produzione sono espressi in quintali;<br />Dal 2020 sono diffusi i valori di produzione raccolta in quanto necessari per il calcolo della resa. <br />La serie storica e di conseguenza l'attendibilità dei dati diffusi negli anni precedenti non vengono compromessi perché, per le foraggere, i valori di produzione totale e raccolta coincidono.",W1100: W1100,,,,,,
IT1:101_1015(1.0),A: annuale,ITD4: Friuli-Venezia Giulia,TP_QUIN_EXT: produzione totale - quintali,OLIVTAB_OIL: olive da tavola e da olio,ALL: tutte le voci,2024,6146,,,,,O1000: O1000,,,,,,
IT1:101_1015(1.0),A: annuale,ITD4: Friuli-Venezia Giulia,TP_QUIN_EXT: produzione totale - quintali,OLIVTAB_OIL: olive da tavola e da olio,ALL: tutte le voci,2025,8609,,,,,O1000: O1000,,,,,,
IT1:101_1015(1.0),A: annuale,ITD4: Friuli-Venezia Giulia,TP_QUIN_EXT: produzione totale - quintali,OLIVTAB_OIL: olive da tavola e da olio,ALL: tutte le voci,2026,7848,,,,,O1000: O1000,,,,,,
IT1:101_1015(1.0),A: annuale,ITD4: Friuli-Venezia Giulia,TP_QUIN_EXT: produzione totale - quintali,TABLEGRAPES: uva da tavola,ALL: tutte le voci,2024,889,,,,,W1200: W1200,,,,,,
IT1:101_1015(1.0),A: annuale,ITD4: Friuli-Venezia Giulia,TP_QUIN_EXT: produzione totale - quintali,TABLEGRAPES: uva da tavola,ALL: tutte le voci,2025,864,,,,,W1200: W1200,,,,,,
IT1:101_1015(1.0),A: annuale,ITD4: Friuli-Venezia Giulia,TP_QUIN_EXT: produzione totale - quintali,TABLEGRAPES: uva da tavola,ALL: tutte le voci,2026,1146,,,,,W1200: W1200,,,,,,
IT1:101_1015(1.0),A: annuale,ITD4: Friuli-Venezia Giulia,TP_QUIN_EXT: produzione totale - quintali,WINEES: uva da vino,ALL: tutte le voci,2024,3310820,,,,,W1100: W1100,,,,,,
IT1:101_1015(1.0),A: annuale,ITD4: Friuli-Venezia Giulia,TP_QUIN_EXT: produzione totale - quintali,WINEES: uva da vino,ALL: tutte le voci,2025,3244627,,,,,W1100: W1100,,,,,,
IT1:101_1015(1.0),A: annuale,ITD4: Friuli-Venezia Giulia,TP_QUIN_EXT: produzione totale - quintali,WINEES: uva da vino,ALL: tutte le voci,2026,3829392,,,,,W1100: W1100,,,,,,
IT1:101_1015(1.0),A: annuale,ITD5: Emilia-Romagna,ART: superficie totale - ettari,OLIVTAB_OIL: olive da tavola e da olio,ALL: tutte le voci,2024,4573,,,,,O1000: O1000,,,,,,
IT1:101_1015(1.0),A: annuale,ITD5: Emilia-Romagna,ART: superficie totale - ettari,OLIVTAB_OIL: olive da tavola e da olio,ALL: tutte le voci,2025,4679,,,,,O1000: O1000,,,,,,
IT1:101_1015(1.0),A: annuale,ITD5: Emilia-Romagna,ART: superficie totale - ettari,OLIVTAB_OIL: olive da tavola e da olio,ALL: tutte le voci,2026,4693,,,,,O1000: O1000,,,,,,
IT1:101_1015(1.0),A: annuale,ITD5: Emilia-Romagna,ART: superficie totale - ettari,TABLEGRAPES: uva da tavola,ALL: tutte le voci,2024,40,,,,,W1200: W1200,,,,,,
IT1:101_1015(1.0),A: annuale,ITD5: Emilia-Romagna,ART: superficie totale - ettari,TABLEGRAPES: uva da tavola,ALL: tutte le voci,2025,45,,,,,W1200: W1200,,,,,,
IT1:101_1015(1.0),A: annuale,ITD5: Emilia-Romagna,ART: superficie totale - ettari,TABLEGRAPES: uva da tavola,ALL: tutte le voci,2026,43,,,,,W1200: W1200,,,,,,
IT1:101_1015(1.0),A: annuale,ITD5: Emilia-Romagna,ART: superficie totale - ettari,WINEES: uva da vino,ALL: tutte le voci,2024,53448,,,,,W1100: W1100,,,,,,
IT1:101_1015(1.0),A: annuale,ITD5: Emilia-Romagna,ART: superficie totale - ettari,WINEES: uva da vino,ALL: tutte le voci,2025,53169,,,,,W1100: W1100,,,,,,
IT1:101_1015(1.0),A: annuale,ITD5: Emilia-Romagna,ART: superficie totale - ettari,WINEES: uva da vino,ALL: tutte le voci,2026,52769,,,,,W1100: W1100,,,,,,
IT1:101_1015(1.0),A: annuale,ITD5: Emilia-Romagna,HP_Q_EXT: produzione raccolta - quintali,OLIVTAB_OIL: olive da tavola e da olio,ALL: tutte le voci,2024,136908,,,,"TIPO_DATO5__HP_Q_EXT_N1: Per tutte le coltivazioni foraggere temporanee e permanenti, a partire dal 2020 i valori di produzione sono espressi in quintali;<br />Dal 2020 sono diffusi i valori di produzione raccolta in quanto necessari per il calcolo della resa. <br />La serie storica e di conseguenza l'attendibilità dei dati diffusi negli anni precedenti non vengono compromessi perché, per le foraggere, i valori di produzione totale e raccolta coincidono.",O1000: O1000,,,,,,
IT1:101_1015(1.0),A: annuale,ITD5: Emilia-Romagna,HP_Q_EXT: produzione raccolta - quintali,OLIVTAB_OIL: olive da tavola e da olio,ALL: tutte le voci,2025,41609,,,,"TIPO_DATO5__HP_Q_EXT_N1: Per tutte le coltivazioni foraggere temporanee e permanenti, a partire dal 2020 i valori di produzione sono espressi in quintali;<br />Dal 2020 sono diffusi i valori di produzione raccolta in quanto necessari per il calcolo della resa. <br />La serie storica e di conseguenza l'attendibilità dei dati diffusi negli anni precedenti non vengono compromessi perché, per le foraggere, i valori di produzione totale e raccolta coincidono.",O1000: O1000,,,,,,
IT1:101_1015(1.0),A: annuale,ITD5: Emilia-Romagna,HP_Q_EXT: produzione raccolta - quintali,OLIVTAB_OIL: olive da tavola e da olio,ALL: tutte le voci,2026,77202,,,,"TIPO_DATO5__HP_Q_EXT_N1: Per tutte le coltivazioni foraggere temporanee e permanenti, a partire dal 2020 i valori di produzione sono espressi in quintali;<br />Dal 2020 sono diffusi i valori di produzione raccolta in quanto necessari per il calcolo della resa. <br />La serie storica e di conseguenza l'attendibilità dei dati diffusi negli anni precedenti non vengono compromessi perché, per le foraggere, i valori di produzione totale e raccolta coincidono.",O1000: O1000,,,,,,
IT1:101_1015(1.0),A: annuale,ITD5: Emilia-Romagna,HP_Q_EXT: produzione raccolta - quintali,TABLEGRAPES: uva da tavola,ALL: tutte le voci,2024,3230,,,,"TIPO_DATO5__HP_Q_EXT_N1: Per tutte le coltivazioni foraggere temporanee e permanenti, a partire dal 2020 i valori di produzione sono espressi in quintali;<br />Dal 2020 sono diffusi i valori di produzione raccolta in quanto necessari per il calcolo della resa. <br />La serie storica e di conseguenza l'attendibilità dei dati diffusi negli anni precedenti non vengono compromessi perché, per le foraggere, i valori di produzione totale e raccolta coincidono.",W1200: W1200,,,,,,
IT1:101_1015(1.0),A: annuale,ITD5: Emilia-Romagna,HP_Q_EXT: produzione raccolta - quintali,TABLEGRAPES: uva da tavola,ALL: tutte le voci,2025,3805,,,,"TIPO_DATO5__HP_Q_EXT_N1: Per tutte le coltivazioni foraggere temporanee e permanenti, a partire dal 2020 i valori di produzione sono espressi in quintali;<br />Dal 2020 sono diffusi i valori di produzione raccolta in quanto necessari per il calcolo della resa. <br />La serie storica e di conseguenza l'attendibilità dei dati diffusi negli anni precedenti non vengono compromessi perché, per le foraggere, i valori di produzione totale e raccolta coincidono.",W1200: W1200,,,,,,
IT1:101_1015(1.0),A: annuale,ITD5: Emilia-Romagna,HP_Q_EXT: produzione raccolta - quintali,TABLEGRAPES: uva da tavola,ALL: tutte le voci,2026,4178,,,,"TIPO_DATO5__HP_Q_EXT_N1: Per tutte le coltivazioni foraggere temporanee e permanenti, a partire dal 2020 i valori di produzione sono espressi in quintali;<br />Dal 2020 sono diffusi i valori di produzione raccolta in quanto necessari per il calcolo della resa. <br />La serie storica e di conseguenza l'attendibilità dei dati diffusi negli anni precedenti non vengono compromessi perché, per le foraggere, i valori di produzione totale e raccolta coincidono.",W1200: W1200,,,,,,
IT1:101_1015(1.0),A: annuale,ITD5: Emilia-Romagna,HP_Q_EXT: produzione raccolta - quintali,WINEES: uva da vino,ALL: tutte le voci,2024,9049412,,,,"TIPO_DATO5__HP_Q_EXT_N1: Per tutte le coltivazioni foraggere temporanee e permanenti, a partire dal 2020 i valori di produzione sono espressi in quintali;<br />Dal 2020 sono diffusi i valori di produzione raccolta in quanto necessari per il calcolo della resa. <br />La serie storica e di conseguenza l'attendibilità dei dati diffusi negli anni precedenti non vengono compromessi perché, per le foraggere, i valori di produzione totale e raccolta coincidono.",W1100: W1100,,,,,,
IT1:101_1015(1.0),A: annuale,ITD5: Emilia-Romagna,HP_Q_EXT: produzione raccolta - quintali,WINEES: uva da vino,ALL: tutte le voci,2025,7956201,,,,"TIPO_DATO5__HP_Q_EXT_N1: Per tutte le coltivazioni foraggere temporanee e permanenti, a partire dal 2020 i valori di produzione sono espressi in quintali;<br />Dal 2020 sono diffusi i valori di produzione raccolta in quanto necessari per il calcolo della resa. <br />La serie storica e di conseguenza l'attendibilità dei dati diffusi negli anni precedenti non vengono compromessi perché, per le foraggere, i valori di produzione totale e raccolta coincidono.",W1100: W1100,,,,,,
IT1:101_1015(1.0),A: annuale,ITD5: Emilia-Romagna,HP_Q_EXT: produzione raccolta - quintali,WINEES: uva da vino,ALL: tutte le voci,2026,8645306,,,,"TIPO_DATO5__HP_Q_EXT_N1: Per tutte le coltivazioni foraggere temporanee e permanenti, a partire dal 2020 i valori di produzione sono espressi in quintali;<br />Dal 2020 sono diffusi i valori di produzione raccolta in quanto necessari per il calcolo della resa. <br />La serie storica e di conseguenza l'attendibilità dei dati diffusi negli anni precedenti non vengono compromessi perché, per le foraggere, i valori di produzione totale e raccolta coincidono.",W1100: W1100,,,,,,
IT1:101_1015(1.0),A: annuale,ITD5: Emilia-Romagna,TP_QUIN_EXT: produzione totale - quintali,OLIVTAB_OIL: olive da tavola e da olio,ALL: tutte le voci,2024,136908,,,,,O1000: O1000,,,,,,
IT1:101_1015(1.0),A: annuale,ITD5: Emilia-Romagna,TP_QUIN_EXT: produzione totale - quintali,OLIVTAB_OIL: olive da tavola e da olio,ALL: tutte le voci,2025,41609,,,,,O1000: O1000,,,,,,
IT1:101_1015(1.0),A: annuale,ITD5: Emilia-Romagna,TP_QUIN_EXT: produzione totale - quintali,OLIVTAB_OIL: olive da tavola e da olio,ALL: tutte le voci,2026,77202,,,,,O1000: O1000,,,,,,
IT1:101_1015(1.0),A: annuale,ITD5: Emilia-Romagna,TP_QUIN_EXT: produzione totale - quintali,TABLEGRAPES: uva da tavola,ALL: tutte le voci,2024,3230,,,,,W1200: W1200,,,,,,
IT1:101_1015(1.0),A: annuale,ITD5: Emilia-Romagna,TP_QUIN_EXT: produzione totale - quintali,TABLEGRAPES: uva da tavola,ALL: tutte le voci,2025,3805,,,,,W1200: W1200,,,,,,
IT1:101_1015(1.0),A: annuale,ITD5: Emilia-Romagna,TP_QUIN_EXT: produzione totale - quintali,TABLEGRAPES: uva da tavola,ALL: tutte le voci,2026,4178,,,,,W1200: W1200,,,,,,
IT1:101_1015(1.0),A: annuale,ITD5: Emilia-Romagna,TP_QUIN_EXT: produzione totale - quintali,WINEES: uva da vino,ALL: tutte le voci,2024,9049412,,,,,W1100: W1100,,,,,,
IT1:101_1015(1.0),A: annuale,ITD5: Emilia-Romagna,TP_QUIN_EXT: produzione totale - quintali,WINEES: uva da vino,ALL: tutte le voci,2025,7956201,,,,,W1100: W1100,,,,,,
IT1:101_1015(1.0),A: annuale,ITD5: Emilia-Romagna,TP_QUIN_EXT: produzione totale - quintali,WINEES: uva da vino,ALL: tutte le voci,2026,8645306,,,,,W1100: W1100,,,,,,
IT1:101_1015(1.0),A: annuale,ITDA: Trentino Alto Adige / Südtirol,ART: superficie totale - ettari,OLIVTAB_OIL: olive da tavola e da olio,ALL: tutte le voci,2024,393,,,,,O1000: O1000,,,,,,
IT1:101_1015(1.0),A: annuale,ITDA: Trentino Alto Adige / Südtirol,ART: superficie totale - ettari,OLIVTAB_OIL: olive da tavola e da olio,ALL: tutte le voci,2025,403,,,,,O1000: O1000,,,,,,
IT1:101_1015(1.0),A: annuale,ITDA: Trentino Alto Adige / Südtirol,ART: superficie totale - ettari,OLIVTAB_OIL: olive da tavola e da olio,ALL: tutte le voci,2026,400,,,,,O1000: O1000,,,,,,
IT1:101_1015(1.0),A: annuale,ITDA: Trentino Alto Adige / Südtirol,ART: superficie totale - ettari,TABLEGRAPES: uva da tavola,ALL: tutte le voci,2024,84,,,,,W1200: W1200,,,,,,
IT1:101_1015(1.0),A: annuale,ITDA: Trentino Alto Adige / Südtirol,ART: superficie totale - ettari,TABLEGRAPES: uva da tavola,ALL: tutte le voci,2025,32,,,,,W1200: W1200,,,,,,
IT1:101_1015(1.0),A: annuale,ITDA: Trentino Alto Adige / Südtirol,ART: superficie totale - ettari,TABLEGRAPES: uva da tavola,ALL: tutte le voci,2026,3,,,,,W1200: W1200,,,,,,
IT1:101_1015(1.0),A: annuale,ITDA: Trentino Alto Adige / Südtirol,ART: superficie totale - ettari,WINEES: uva da vino,ALL: tutte le voci,2024,15895,,,,,W1100: W1100,,,,,,
IT1:101_1015(1.0),A: annuale,ITDA: Trentino Alto Adige / Südtirol,ART: superficie totale - ettari,WINEES: uva da vino,ALL: tutte le voci,2025,16072,,,,,W1100: W1100,,,,,,
IT1:101_1015(1.0),A: annuale,ITDA: Trentino Alto Adige / Südtirol,ART: superficie totale - ettari,WINEES: uva da vino,ALL: tutte le voci,2026,15970,,,,,W1100: W1100,,,,,,
IT1:101_1015(1.0),A: annuale,ITDA: Trentino Alto Adige / Südtirol,HP_Q_EXT: produzione raccolta - quintali,OLIVTAB_OIL: olive da tavola e da olio,ALL: tutte le voci,2024,34594,,,,"TIPO_DATO5__HP_Q_EXT_N1: Per tutte le coltivazioni foraggere temporanee e permanenti, a partire dal 2020 i valori di produzione sono espressi in quintali;<br />Dal 2020 sono diffusi i valori di produzione raccolta in quanto necessari per il calcolo della resa. <br />La serie storica e di conseguenza l'attendibilità dei dati diffusi negli anni precedenti non vengono compromessi perché, per le foraggere, i valori di produzione totale e raccolta coincidono.",O1000: O1000,,,,,,
IT1:101_1015(1.0),A: annuale,ITDA: Trentino Alto Adige / Südtirol,HP_Q_EXT: produzione raccolta - quintali,OLIVTAB_OIL: olive da tavola e da olio,ALL: tutte le voci,2025,12220,,,,"TIPO_DATO5__HP_Q_EXT_N1: Per tutte le coltivazioni foraggere temporanee e permanenti, a partire dal 2020 i valori di produzione sono espressi in quintali;<br />Dal 2020 sono diffusi i valori di produzione raccolta in quanto necessari per il calcolo della resa. <br />La serie storica e di conseguenza l'attendibilità dei dati diffusi negli anni precedenti non vengono compromessi perché, per le foraggere, i valori di produzione totale e raccolta coincidono.",O1000: O1000,,,,,,
IT1:101_1015(1.0),A: annuale,ITDA: Trentino Alto Adige / Südtirol,HP_Q_EXT: produzione raccolta - quintali,OLIVTAB_OIL: olive da tavola e da olio,ALL: tutte le voci,2026,12160,,,,"TIPO_DATO5__HP_Q_EXT_N1: Per tutte le coltivazioni foraggere temporanee e permanenti, a partire dal 2020 i valori di produzione sono espressi in quintali;<br />Dal 2020 sono diffusi i valori di produzione raccolta in quanto necessari per il calcolo della resa. <br />La serie storica e di conseguenza l'attendibilità dei dati diffusi negli anni precedenti non vengono compromessi perché, per le foraggere, i valori di produzione totale e raccolta coincidono.",O1000: O1000,,,,,,
IT1:101_1015(1.0),A: annuale,ITDA: Trentino Alto Adige / Südtirol,HP_Q_EXT: produzione raccolta - quintali,TABLEGRAPES: uva da tavola,ALL: tutte le voci,2024,5428,,,,"TIPO_DATO5__HP_Q_EXT_N1: Per tutte le coltivazioni foraggere temporanee e permanenti, a partire dal 2020 i valori di produzione sono espressi in quintali;<br />Dal 2020 sono diffusi i valori di produzione raccolta in quanto necessari per il calcolo della resa. <br />La serie storica e di conseguenza l'attendibilità dei dati diffusi negli anni precedenti non vengono compromessi perché, per le foraggere, i valori di produzione totale e raccolta coincidono.",W1200: W1200,,,,,,
IT1:101_1015(1.0),A: annuale,ITDA: Trentino Alto Adige / Südtirol,HP_Q_EXT: produzione raccolta - quintali,TABLEGRAPES: uva da tavola,ALL: tutte le voci,2025,6200,,,,"TIPO_DATO5__HP_Q_EXT_N1: Per tutte le coltivazioni foraggere temporanee e permanenti, a partire dal 2020 i valori di produzione sono espressi in quintali;<br />Dal 2020 sono diffusi i valori di produzione raccolta in quanto necessari per il calcolo della resa. <br />La serie storica e di conseguenza l'attendibilità dei dati diffusi negli anni precedenti non vengono compromessi perché, per le foraggere, i valori di produzione totale e raccolta coincidono.",W1200: W1200,,,,,,
IT1:101_1015(1.0),A: annuale,ITDA: Trentino Alto Adige / Südtirol,HP_Q_EXT: produzione raccolta - quintali,TABLEGRAPES: uva da tavola,ALL: tutte le voci,2026,300,,,,"TIPO_DATO5__HP_Q_EXT_N1: Per tutte le coltivazioni foraggere temporanee e permanenti, a partire dal 2020 i valori di produzione sono espressi in quintali;<br />Dal 2020 sono diffusi i valori di produzione raccolta in quanto necessari per il calcolo della resa. <br />La serie storica e di conseguenza l'attendibilità dei dati diffusi negli anni precedenti non vengono compromessi perché, per le foraggere, i valori di produzione totale e raccolta coincidono.",W1200: W1200,,,,,,
IT1:101_1015(1.0),A: annuale,ITDA: Trentino Alto Adige / Südtirol,HP_Q_EXT: produzione raccolta - quintali,WINEES: uva da vino,ALL: tutte le voci,2024,1492817,,,,"TIPO_DATO5__HP_Q_EXT_N1: Per tutte le coltivazioni foraggere temporanee e permanenti, a partire dal 2020 i valori di produzione sono espressi in quintali;<br />Dal 2020 sono diffusi i valori di produzione raccolta in quanto necessari per il calcolo della resa. <br />La serie storica e di conseguenza l'attendibilità dei dati diffusi negli anni precedenti non vengono compromessi perché, per le foraggere, i valori di produzione totale e raccolta coincidono.",W1100: W1100,,,,,,
IT1:101_1015(1.0),A: annuale,ITDA: Trentino Alto Adige / Südtirol,HP_Q_EXT: produzione raccolta - quintali,WINEES: uva da vino,ALL: tutte le voci,2025,1655995,,,,"TIPO_DATO5__HP_Q_EXT_N1: Per tutte le coltivazioni foraggere temporanee e permanenti, a partire dal 2020 i valori di produzione sono espressi in quintali;<br />Dal 2020 sono diffusi i valori di produzione raccolta in quanto necessari per il calcolo della resa. <br />La serie storica e di conseguenza l'attendibilità dei dati diffusi negli anni precedenti non vengono compromessi perché, per le foraggere, i valori di produzione totale e raccolta coincidono.",W1100: W1100,,,,,,
IT1:101_1015(1.0),A: annuale,ITDA: Trentino Alto Adige / Südtirol,HP_Q_EXT: produzione raccolta - quintali,WINEES: uva da vino,ALL: tutte le voci,2026,1663583,,,,"TIPO_DATO5__HP_Q_EXT_N1: Per tutte le coltivazioni foraggere temporanee e permanenti, a partire dal 2020 i valori di produzione sono espressi in quintali;<br />Dal 2020 sono diffusi i valori di produzione raccolta in quanto necessari per il calcolo della resa. <br />La serie storica e di conseguenza l'attendibilità dei dati diffusi negli anni precedenti non vengono compromessi perché, per le foraggere, i valori di produzione totale e raccolta coincidono.",W1100: W1100,,,,,,
IT1:101_1015(1.0),A: annuale,ITDA: Trentino Alto Adige / Südtirol,TP_QUIN_EXT: produzione totale - quintali,OLIVTAB_OIL: olive da tavola e da olio,ALL: tutte le voci,2024,34594,,,,,O1000: O1000,,,,,,
IT1:101_1015(1.0),A: annuale,ITDA: Trentino Alto Adige / Südtirol,TP_QUIN_EXT: produzione totale - quintali,OLIVTAB_OIL: olive da tavola e da olio,ALL: tutte le voci,2025,12220,,,,,O1000: O1000,,,,,,
IT1:101_1015(1.0),A: annuale,ITDA: Trentino Alto Adige / Südtirol,TP_QUIN_EXT: produzione totale - quintali,OLIVTAB_OIL: olive da tavola e da olio,ALL: tutte le voci,2026,12160,,,,,O1000: O1000,,,,,,
IT1:101_1015(1.0),A: annuale,ITDA: Trentino Alto Adige / Südtirol,TP_QUIN_EXT: produzione totale - quintali,TABLEGRAPES: uva da tavola,ALL: tutte le voci,2024,5428,,,,,W1200: W1200,,,,,,
IT1:101_1015(1.0),A: annuale,ITDA: Trentino Alto Adige / Südtirol,TP_QUIN_EXT: produzione totale - quintali,TABLEGRAPES: uva da tavola,ALL: tutte le voci,2025,6200,,,,,W1200: W1200,,,,,,
IT1:101_1015(1.0),A: annuale,ITDA: Trentino Alto Adige / Südtirol,TP_QUIN_EXT: produzione totale - quintali,TABLEGRAPES: uva da tavola,ALL: tutte le voci,2026,300,,,,,W1200: W1200,,,,,,
IT1:101_1015(1.0),A: annuale,ITDA: Trentino Alto Adige / Südtirol,TP_QUIN_EXT: produzione totale - quintali,WINEES: uva da vino,ALL: tutte le voci,2024,1514315,,,,,W1100: W1100,,,,,,
IT1:101_1015(1.0),A: annuale,ITDA: Trentino Alto Adige / Südtirol,TP_QUIN_EXT: produzione totale - quintali,WINEES: uva da vino,ALL: tutte le voci,2025,1655995,,,,,W1100: W1100,,,,,,
IT1:101_1015(1.0),A: annuale,ITDA: Trentino Alto Adige / Südtirol,TP_QUIN_EXT: produzione totale - quintali,WINEES: uva da vino,ALL: tutte le voci,2026,1663583,,,,,W1100: W1100,,,,,,
IT1:101_1015(1.0),A: annuale,ITE1: Toscana,ART: superficie totale - ettari,OLIVTAB_OIL: olive da tavola e da olio,ALL: tutte le voci,2024,81944,,,,,O1000: O1000,,,,,,
IT1:101_1015(1.0),A: annuale,ITE1: Toscana,ART: superficie totale - ettari,OLIVTAB_OIL: olive da tavola e da olio,ALL: tutte le voci,2025,81729,,,,,O1000: O1000,,,,,,
IT1:101_1015(1.0),A: annuale,ITE1: Toscana,ART: superficie totale - ettari,OLIVTAB_OIL: olive da tavola e da olio,ALL: tutte le voci,2026,86997,,,,,O1000: O1000,,,,,,
IT1:101_1015(1.0),A: annuale,ITE1: Toscana,ART: superficie totale - ettari,TABLEGRAPES: uva da tavola,ALL: tutte le voci,2024,55,,,,,W1200: W1200,,,,,,
IT1:101_1015(1.0),A: annuale,ITE1: Toscana,ART: superficie totale - ettari,TABLEGRAPES: uva da tavola,ALL: tutte le voci,2025,45,,,,,W1200: W1200,,,,,,
IT1:101_1015(1.0),A: annuale,ITE1: Toscana,ART: superficie totale - ettari,TABLEGRAPES: uva da tavola,ALL: tutte le voci,2026,39,,,,,W1200: W1200,,,,,,
IT1:101_1015(1.0),A: annuale,ITE1: Toscana,ART: superficie totale - ettari,WINEES: uva da vino,ALL: tutte le voci,2024,59576,,,,,W1100: W1100,,,,,,
IT1:101_1015(1.0),A: annuale,ITE1: Toscana,ART: superficie totale - ettari,WINEES: uva da vino,ALL: tutte le voci,2025,60785,,,,,W1100: W1100,,,,,,
IT1:101_1015(1.0),A: annuale,ITE1: Toscana,ART: superficie totale - ettari,WINEES: uva da vino,ALL: tutte le voci,2026,63168,,,,,W1100: W1100,,,,,,
IT1:101_1015(1.0),A: annuale,ITE1: Toscana,HP_Q_EXT: produzione raccolta - quintali,OLIVTAB_OIL: olive da tavola e da olio,ALL: tutte le voci,2024,1051375,,,,"TIPO_DATO5__HP_Q_EXT_N1: Per tutte le coltivazioni foraggere temporanee e permanenti, a partire dal 2020 i valori di produzione sono espressi in quintali;<br />Dal 2020 sono diffusi i valori di produzione raccolta in quanto necessari per il calcolo della resa. <br />La serie storica e di conseguenza l'attendibilità dei dati diffusi negli anni precedenti non vengono compromessi perché, per le foraggere, i valori di produzione totale e raccolta coincidono.",O1000: O1000,,,,,,
IT1:101_1015(1.0),A: annuale,ITE1: Toscana,HP_Q_EXT: produzione raccolta - quintali,OLIVTAB_OIL: olive da tavola e da olio,ALL: tutte le voci,2025,895369,,,,"TIPO_DATO5__HP_Q_EXT_N1: Per tutte le coltivazioni foraggere temporanee e permanenti, a partire dal 2020 i valori di produzione sono espressi in quintali;<br />Dal 2020 sono diffusi i valori di produzione raccolta in quanto necessari per il calcolo della resa. <br />La serie storica e di conseguenza l'attendibilità dei dati diffusi negli anni precedenti non vengono compromessi perché, per le foraggere, i valori di produzione totale e raccolta coincidono.",O1000: O1000,,,,,,
IT1:101_1015(1.0),A: annuale,ITE1: Toscana,HP_Q_EXT: produzione raccolta - quintali,OLIVTAB_OIL: olive da tavola e da olio,ALL: tutte le voci,2026,1233525,,,,"TIPO_DATO5__HP_Q_EXT_N1: Per tutte le coltivazioni foraggere temporanee e permanenti, a partire dal 2020 i valori di produzione sono espressi in quintali;<br />Dal 2020 sono diffusi i valori di produzione raccolta in quanto necessari per il calcolo della resa. <br />La serie storica e di conseguenza l'attendibilità dei dati diffusi negli anni precedenti non vengono compromessi perché, per le foraggere, i valori di produzione totale e raccolta coincidono.",O1000: O1000,,,,,,
IT1:101_1015(1.0),A: annuale,ITE1: Toscana,HP_Q_EXT: produzione raccolta - quintali,TABLEGRAPES: uva da tavola,ALL: tutte le voci,2024,6965,,,,"TIPO_DATO5__HP_Q_EXT_N1: Per tutte le coltivazioni foraggere temporanee e permanenti, a partire dal 2020 i valori di produzione sono espressi in quintali;<br />Dal 2020 sono diffusi i valori di produzione raccolta in quanto necessari per il calcolo della resa. <br />La serie storica e di conseguenza l'attendibilità dei dati diffusi negli anni precedenti non vengono compromessi perché, per le foraggere, i valori di produzione totale e raccolta coincidono.",W1200: W1200,,,,,,
IT1:101_1015(1.0),A: annuale,ITE1: Toscana,HP_Q_EXT: produzione raccolta - quintali,TABLEGRAPES: uva da tavola,ALL: tutte le voci,2025,5695,,,,"TIPO_DATO5__HP_Q_EXT_N1: Per tutte le coltivazioni foraggere temporanee e permanenti, a partire dal 2020 i valori di produzione sono espressi in quintali;<br />Dal 2020 sono diffusi i valori di produzione raccolta in quanto necessari per il calcolo della resa. <br />La serie storica e di conseguenza l'attendibilità dei dati diffusi negli anni precedenti non vengono compromessi perché, per le foraggere, i valori di produzione totale e raccolta coincidono.",W1200: W1200,,,,,,
IT1:101_1015(1.0),A: annuale,ITE1: Toscana,HP_Q_EXT: produzione raccolta - quintali,TABLEGRAPES: uva da tavola,ALL: tutte le voci,2026,7300,,,,"TIPO_DATO5__HP_Q_EXT_N1: Per tutte le coltivazioni foraggere temporanee e permanenti, a partire dal 2020 i valori di produzione sono espressi in quintali;<br />Dal 2020 sono diffusi i valori di produzione raccolta in quanto necessari per il calcolo della resa. <br />La serie storica e di conseguenza l'attendibilità dei dati diffusi negli anni precedenti non vengono compromessi perché, per le foraggere, i valori di produzione totale e raccolta coincidono.",W1200: W1200,,,,,,
IT1:101_1015(1.0),A: annuale,ITE1: Toscana,HP_Q_EXT: produzione raccolta - quintali,WINEES: uva da vino,ALL: tutte le voci,2024,3962341,,,,"TIPO_DATO5__HP_Q_EXT_N1: Per tutte le coltivazioni foraggere temporanee e permanenti, a partire dal 2020 i valori di produzione sono espressi in quintali;<br />Dal 2020 sono diffusi i valori di produzione raccolta in quanto necessari per il calcolo della resa. <br />La serie storica e di conseguenza l'attendibilità dei dati diffusi negli anni precedenti non vengono compromessi perché, per le foraggere, i valori di produzione totale e raccolta coincidono.",W1100: W1100,,,,,,
IT1:101_1015(1.0),A: annuale,ITE1: Toscana,HP_Q_EXT: produzione raccolta - quintali,WINEES: uva da vino,ALL: tutte le voci,2025,4029136,,,,"TIPO_DATO5__HP_Q_EXT_N1: Per tutte le coltivazioni foraggere temporanee e permanenti, a partire dal 2020 i valori di produzione sono espressi in quintali;<br />Dal 2020 sono diffusi i valori di produzione raccolta in quanto necessari per il calcolo della resa. <br />La serie storica e di conseguenza l'attendibilità dei dati diffusi negli anni precedenti non vengono compromessi perché, per le foraggere, i valori di produzione totale e raccolta coincidono.",W1100: W1100,,,,,,
IT1:101_1015(1.0),A: annuale,ITE1: Toscana,HP_Q_EXT: produzione raccolta - quintali,WINEES: uva da vino,ALL: tutte le voci,2026,4470025,,,,"TIPO_DATO5__HP_Q_EXT_N1: Per tutte le coltivazioni foraggere temporanee e permanenti, a partire dal 2020 i valori di produzione sono espressi in quintali;<br />Dal 2020 sono diffusi i valori di produzione raccolta in quanto necessari per il calcolo della resa. <br />La serie storica e di conseguenza l'attendibilità dei dati diffusi negli anni precedenti non vengono compromessi perché, per le foraggere, i valori di produzione totale e raccolta coincidono.",W1100: W1100,,,,,,
IT1:101_1015(1.0),A: annuale,ITE1: Toscana,TP_QUIN_EXT: produzione totale - quintali,OLIVTAB_OIL: olive da tavola e da olio,ALL: tutte le voci,2024,1055984,,,,,O1000: O1000,,,,,,
IT1:101_1015(1.0),A: annuale,ITE1: Toscana,TP_QUIN_EXT: produzione totale - quintali,OLIVTAB_OIL: olive da tavola e da olio,ALL: tutte le voci,2025,897775,,,,,O1000: O1000,,,,,,
IT1:101_1015(1.0),A: annuale,ITE1: Toscana,TP_QUIN_EXT: produzione totale - quintali,OLIVTAB_OIL: olive da tavola e da olio,ALL: tutte le voci,2026,1234145,,,,,O1000: O1000,,,,,,
IT1:101_1015(1.0),A: annuale,ITE1: Toscana,TP_QUIN_EXT: produzione totale - quintali,TABLEGRAPES: uva da tavola,ALL: tutte le voci,2024,6975,,,,,W1200: W1200,,,,,,
IT1:101_1015(1.0),A: annuale,ITE1: Toscana,TP_QUIN_EXT: produzione totale - quintali,TABLEGRAPES: uva da tavola,ALL: tutte le voci,2025,5695,,,,,W1200: W1200,,,,,,
IT1:101_1015(1.0),A: annuale,ITE1: Toscana,TP_QUIN_EXT: produzione totale - quintali,TABLEGRAPES: uva da tavola,ALL: tutte le voci,2026,7310,,,,,W1200: W1200,,,,,,
IT1:101_1015(1.0),A: annuale,ITE1: Toscana,TP_QUIN_EXT: produzione totale - quintali,WINEES: uva da vino,ALL: tutte le voci,2024,3964594,,,,,W1100: W1100,,,,,,
IT1:101_1015(1.0),A: annuale,ITE1: Toscana,TP_QUIN_EXT: produzione totale - quintali,WINEES: uva da vino,ALL: tutte le voci,2025,4230158,,,,,W1100: W1100,,,,,,
IT1:101_1015(1.0),A: annuale,ITE1: Toscana,TP_QUIN_EXT: produzione totale - quintali,WINEES: uva da vino,ALL: tutte le voci,2026,4470165,,,,,W1100: W1100,,,,,,
IT1:101_1015(1.0),A: annuale,ITE2: Umbria,ART: superficie totale - ettari,OLIVTAB_OIL: olive da tavola e da olio,ALL: tutte le voci,2024,27191,,,,,O1000: O1000,,,,,,
IT1:101_1015(1.0),A: annuale,ITE2: Umbria,ART: superficie totale - ettari,OLIVTAB_OIL: olive da tavola e da olio,ALL: tutte le voci,2025,27391,,,,,O1000: O1000,,,,,,
IT1:101_1015(1.0),A: annuale,ITE2: Umbria,ART: superficie totale - ettari,OLIVTAB_OIL: olive da tavola e da olio,ALL: tutte le voci,2026,27390,,,,,O1000: O1000,,,,,,
IT1:101_1015(1.0),A: annuale,ITE2: Umbria,ART: superficie totale - ettari,TABLEGRAPES: uva da tavola,ALL: tutte le voci,2024,11,,,,,W1200: W1200,,,,,,
IT1:101_1015(1.0),A: annuale,ITE2: Umbria,ART: superficie totale - ettari,TABLEGRAPES: uva da tavola,ALL: tutte le voci,2025,9,,,,,W1200: W1200,,,,,,
IT1:101_1015(1.0),A: annuale,ITE2: Umbria,ART: superficie totale - ettari,TABLEGRAPES: uva da tavola,ALL: tutte le voci,2026,10,,,,,W1200: W1200,,,,,,
IT1:101_1015(1.0),A: annuale,ITE2: Umbria,ART: superficie totale - ettari,WINEES: uva da vino,ALL: tutte le voci,2024,12400,,,,,W1100: W1100,,,,,,
IT1:101_1015(1.0),A: annuale,ITE2: Umbria,ART: superficie totale - ettari,WINEES: uva da vino,ALL: tutte le voci,2025,12400,,,,,W1100: W1100,,,,,,
IT1:101_1015(1.0),A: annuale,ITE2: Umbria,ART: superficie totale - ettari,WINEES: uva da vino,ALL: tutte le voci,2026,12400,,,,,W1100: W1100,,,,,,
IT1:101_1015(1.0),A: annuale,ITE2: Umbria,HP_Q_EXT: produzione raccolta - quintali,OLIVTAB_OIL: olive da tavola e da olio,ALL: tutte le voci,2024,538510,,,,"TIPO_DATO5__HP_Q_EXT_N1: Per tutte le coltivazioni foraggere temporanee e permanenti, a partire dal 2020 i valori di produzione sono espressi in quintali;<br />Dal 2020 sono diffusi i valori di produzione raccolta in quanto necessari per il calcolo della resa. <br />La serie storica e di conseguenza l'attendibilità dei dati diffusi negli anni precedenti non vengono compromessi perché, per le foraggere, i valori di produzione totale e raccolta coincidono.",O1000: O1000,,,,,,
IT1:101_1015(1.0),A: annuale,ITE2: Umbria,HP_Q_EXT: produzione raccolta - quintali,OLIVTAB_OIL: olive da tavola e da olio,ALL: tutte le voci,2025,420010,,,,"TIPO_DATO5__HP_Q_EXT_N1: Per tutte le coltivazioni foraggere temporanee e permanenti, a partire dal 2020 i valori di produzione sono espressi in quintali;<br />Dal 2020 sono diffusi i valori di produzione raccolta in quanto necessari per il calcolo della resa. <br />La serie storica e di conseguenza l'attendibilità dei dati diffusi negli anni precedenti non vengono compromessi perché, per le foraggere, i valori di produzione totale e raccolta coincidono.",O1000: O1000,,,,,,
IT1:101_1015(1.0),A: annuale,ITE2: Umbria,HP_Q_EXT: produzione raccolta - quintali,OLIVTAB_OIL: olive da tavola e da olio,ALL: tutte le voci,2026,475000,,,,"TIPO_DATO5__HP_Q_EXT_N1: Per tutte le coltivazioni foraggere temporanee e permanenti, a partire dal 2020 i valori di produzione sono espressi in quintali;<br />Dal 2020 sono diffusi i valori di produzione raccolta in quanto necessari per il calcolo della resa. <br />La serie storica e di conseguenza l'attendibilità dei dati diffusi negli anni precedenti non vengono compromessi perché, per le foraggere, i valori di produzione totale e raccolta coincidono.",O1000: O1000,,,,,,
IT1:101_1015(1.0),A: annuale,ITE2: Umbria,HP_Q_EXT: produzione raccolta - quintali,TABLEGRAPES: uva da tavola,ALL: tutte le voci,2024,720,,,,"TIPO_DATO5__HP_Q_EXT_N1: Per tutte le coltivazioni foraggere temporanee e permanenti, a partire dal 2020 i valori di produzione sono espressi in quintali;<br />Dal 2020 sono diffusi i valori di produzione raccolta in quanto necessari per il calcolo della resa. <br />La serie storica e di conseguenza l'attendibilità dei dati diffusi negli anni precedenti non vengono compromessi perché, per le foraggere, i valori di produzione totale e raccolta coincidono.",W1200: W1200,,,,,,
IT1:101_1015(1.0),A: annuale,ITE2: Umbria,HP_Q_EXT: produzione raccolta - quintali,TABLEGRAPES: uva da tavola,ALL: tutte le voci,2025,620,,,,"TIPO_DATO5__HP_Q_EXT_N1: Per tutte le coltivazioni foraggere temporanee e permanenti, a partire dal 2020 i valori di produzione sono espressi in quintali;<br />Dal 2020 sono diffusi i valori di produzione raccolta in quanto necessari per il calcolo della resa. <br />La serie storica e di conseguenza l'attendibilità dei dati diffusi negli anni precedenti non vengono compromessi perché, per le foraggere, i valori di produzione totale e raccolta coincidono.",W1200: W1200,,,,,,
IT1:101_1015(1.0),A: annuale,ITE2: Umbria,HP_Q_EXT: produzione raccolta - quintali,TABLEGRAPES: uva da tavola,ALL: tutte le voci,2026,650,,,,"TIPO_DATO5__HP_Q_EXT_N1: Per tutte le coltivazioni foraggere temporanee e permanenti, a partire dal 2020 i valori di produzione sono espressi in quintali;<br />Dal 2020 sono diffusi i valori di produzione raccolta in quanto necessari per il calcolo della resa. <br />La serie storica e di conseguenza l'attendibilità dei dati diffusi negli anni precedenti non vengono compromessi perché, per le foraggere, i valori di produzione totale e raccolta coincidono.",W1200: W1200,,,,,,
IT1:101_1015(1.0),A: annuale,ITE2: Umbria,HP_Q_EXT: produzione raccolta - quintali,WINEES: uva da vino,ALL: tutte le voci,2024,933200,,,,"TIPO_DATO5__HP_Q_EXT_N1: Per tutte le coltivazioni foraggere temporanee e permanenti, a partire dal 2020 i valori di produzione sono espressi in quintali;<br />Dal 2020 sono diffusi i valori di produzione raccolta in quanto necessari per il calcolo della resa. <br />La serie storica e di conseguenza l'attendibilità dei dati diffusi negli anni precedenti non vengono compromessi perché, per le foraggere, i valori di produzione totale e raccolta coincidono.",W1100: W1100,,,,,,
IT1:101_1015(1.0),A: annuale,ITE2: Umbria,HP_Q_EXT: produzione raccolta - quintali,WINEES: uva da vino,ALL: tutte le voci,2025,972500,,,,"TIPO_DATO5__HP_Q_EXT_N1: Per tutte le coltivazioni foraggere temporanee e permanenti, a partire dal 2020 i valori di produzione sono espressi in quintali;<br />Dal 2020 sono diffusi i valori di produzione raccolta in quanto necessari per il calcolo della resa. <br />La serie storica e di conseguenza l'attendibilità dei dati diffusi negli anni precedenti non vengono compromessi perché, per le foraggere, i valori di produzione totale e raccolta coincidono.",W1100: W1100,,,,,,
IT1:101_1015(1.0),A: annuale,ITE2: Umbria,HP_Q_EXT: produzione raccolta - quintali,WINEES: uva da vino,ALL: tutte le voci,2026,910000,,,,"TIPO_DATO5__HP_Q_EXT_N1: Per tutte le coltivazioni foraggere temporanee e permanenti, a partire dal 2020 i valori di produzione sono espressi in quintali;<br />Dal 2020 sono diffusi i valori di produzione raccolta in quanto necessari per il calcolo della resa. <br />La serie storica e di conseguenza l'attendibilità dei dati diffusi negli anni precedenti non vengono compromessi perché, per le foraggere, i valori di produzione totale e raccolta coincidono.",W1100: W1100,,,,,,
IT1:101_1015(1.0),A: annuale,ITE2: Umbria,TP_QUIN_EXT: produzione totale - quintali,OLIVTAB_OIL: olive da tavola e da olio,ALL: tutte le voci,2024,538510,,,,,O1000: O1000,,,,,,
IT1:101_1015(1.0),A: annuale,ITE2: Umbria,TP_QUIN_EXT: produzione totale - quintali,OLIVTAB_OIL: olive da tavola e da olio,ALL: tutte le voci,2025,420010,,,,,O1000: O1000,,,,,,
IT1:101_1015(1.0),A: annuale,ITE2: Umbria,TP_QUIN_EXT: produzione totale - quintali,OLIVTAB_OIL: olive da tavola e da olio,ALL: tutte le voci,2026,475000,,,,,O1000: O1000,,,,,,
IT1:101_1015(1.0),A: annuale,ITE2: Umbria,TP_QUIN_EXT: produzione totale - quintali,TABLEGRAPES: uva da tavola,ALL: tutte le voci,2024,720,,,,,W1200: W1200,,,,,,
IT1:101_1015(1.0),A: annuale,ITE2: Umbria,TP_QUIN_EXT: produzione totale - quintali,TABLEGRAPES: uva da tavola,ALL: tutte le voci,2025,620,,,,,W1200: W1200,,,,,,
IT1:101_1015(1.0),A: annuale,ITE2: Umbria,TP_QUIN_EXT: produzione totale - quintali,TABLEGRAPES: uva da tavola,ALL: tutte le voci,2026,650,,,,,W1200: W1200,,,,,,
IT1:101_1015(1.0),A: annuale,ITE2: Umbria,TP_QUIN_EXT: produzione totale - quintali,WINEES: uva da vino,ALL: tutte le voci,2024,933200,,,,,W1100: W1100,,,,,,
IT1:101_1015(1.0),A: annuale,ITE2: Umbria,TP_QUIN_EXT: produzione totale - quintali,WINEES: uva da vino,ALL: tutte le voci,2025,972500,,,,,W1100: W1100,,,,,,
IT1:101_1015(1.0),A: annuale,ITE2: Umbria,TP_QUIN_EXT: produzione totale - quintali,WINEES: uva da vino,ALL: tutte le voci,2026,910000,,,,,W1100: W1100,,,,,,
IT1:101_1015(1.0),A: annuale,ITE3: Marche,ART: superficie totale - ettari,OLIVTAB_OIL: olive da tavola e da olio,ALL: tutte le voci,2024,6867,,,,,O1000: O1000,,,,,,
IT1:101_1015(1.0),A: annuale,ITE3: Marche,ART: superficie totale - ettari,OLIVTAB_OIL: olive da tavola e da olio,ALL: tutte le voci,2025,7352,,,,,O1000: O1000,,,,,,
IT1:101_1015(1.0),A: annuale,ITE3: Marche,ART: superficie totale - ettari,OLIVTAB_OIL: olive da tavola e da olio,ALL: tutte le voci,2026,8370,,,,,O1000: O1000,,,,,,
IT1:101_1015(1.0),A: annuale,ITE3: Marche,ART: superficie totale - ettari,TABLEGRAPES: uva da tavola,ALL: tutte le voci,2024,8,,,,,W1200: W1200,,,,,,
IT1:101_1015(1.0),A: annuale,ITE3: Marche,ART: superficie totale - ettari,TABLEGRAPES: uva da tavola,ALL: tutte le voci,2025,13,,,,,W1200: W1200,,,,,,
IT1:101_1015(1.0),A: annuale,ITE3: Marche,ART: superficie totale - ettari,TABLEGRAPES: uva da tavola,ALL: tutte le voci,2026,13,,,,,W1200: W1200,,,,,,
IT1:101_1015(1.0),A: annuale,ITE3: Marche,ART: superficie totale - ettari,WINEES: uva da vino,ALL: tutte le voci,2024,15397,,,,,W1100: W1100,,,,,,
IT1:101_1015(1.0),A: annuale,ITE3: Marche,ART: superficie totale - ettari,WINEES: uva da vino,ALL: tutte le voci,2025,14916,,,,,W1100: W1100,,,,,,
IT1:101_1015(1.0),A: annuale,ITE3: Marche,ART: superficie totale - ettari,WINEES: uva da vino,ALL: tutte le voci,2026,14818,,,,,W1100: W1100,,,,,,
IT1:101_1015(1.0),A: annuale,ITE3: Marche,HP_Q_EXT: produzione raccolta - quintali,OLIVTAB_OIL: olive da tavola e da olio,ALL: tutte le voci,2024,261946,,,,"TIPO_DATO5__HP_Q_EXT_N1: Per tutte le coltivazioni foraggere temporanee e permanenti, a partire dal 2020 i valori di produzione sono espressi in quintali;<br />Dal 2020 sono diffusi i valori di produzione raccolta in quanto necessari per il calcolo della resa. <br />La serie storica e di conseguenza l'attendibilità dei dati diffusi negli anni precedenti non vengono compromessi perché, per le foraggere, i valori di produzione totale e raccolta coincidono.",O1000: O1000,,,,,,
IT1:101_1015(1.0),A: annuale,ITE3: Marche,HP_Q_EXT: produzione raccolta - quintali,OLIVTAB_OIL: olive da tavola e da olio,ALL: tutte le voci,2025,139146,,,,"TIPO_DATO5__HP_Q_EXT_N1: Per tutte le coltivazioni foraggere temporanee e permanenti, a partire dal 2020 i valori di produzione sono espressi in quintali;<br />Dal 2020 sono diffusi i valori di produzione raccolta in quanto necessari per il calcolo della resa. <br />La serie storica e di conseguenza l'attendibilità dei dati diffusi negli anni precedenti non vengono compromessi perché, per le foraggere, i valori di produzione totale e raccolta coincidono.",O1000: O1000,,,,,,
IT1:101_1015(1.0),A: annuale,ITE3: Marche,HP_Q_EXT: produzione raccolta - quintali,OLIVTAB_OIL: olive da tavola e da olio,ALL: tutte le voci,2026,333703,,,,"TIPO_DATO5__HP_Q_EXT_N1: Per tutte le coltivazioni foraggere temporanee e permanenti, a partire dal 2020 i valori di produzione sono espressi in quintali;<br />Dal 2020 sono diffusi i valori di produzione raccolta in quanto necessari per il calcolo della resa. <br />La serie storica e di conseguenza l'attendibilità dei dati diffusi negli anni precedenti non vengono compromessi perché, per le foraggere, i valori di produzione totale e raccolta coincidono.",O1000: O1000,,,,,,
IT1:101_1015(1.0),A: annuale,ITE3: Marche,HP_Q_EXT: produzione raccolta - quintali,TABLEGRAPES: uva da tavola,ALL: tutte le voci,2024,560,,,,"TIPO_DATO5__HP_Q_EXT_N1: Per tutte le coltivazioni foraggere temporanee e permanenti, a partire dal 2020 i valori di produzione sono espressi in quintali;<br />Dal 2020 sono diffusi i valori di produzione raccolta in quanto necessari per il calcolo della resa. <br />La serie storica e di conseguenza l'attendibilità dei dati diffusi negli anni precedenti non vengono compromessi perché, per le foraggere, i valori di produzione totale e raccolta coincidono.",W1200: W1200,,,,,,
IT1:101_1015(1.0),A: annuale,ITE3: Marche,HP_Q_EXT: produzione raccolta - quintali,TABLEGRAPES: uva da tavola,ALL: tutte le voci,2025,1350,,,,"TIPO_DATO5__HP_Q_EXT_N1: Per tutte le coltivazioni foraggere temporanee e permanenti, a partire dal 2020 i valori di produzione sono espressi in quintali;<br />Dal 2020 sono diffusi i valori di produzione raccolta in quanto necessari per il calcolo della resa. <br />La serie storica e di conseguenza l'attendibilità dei dati diffusi negli anni precedenti non vengono compromessi perché, per le foraggere, i valori di produzione totale e raccolta coincidono.",W1200: W1200,,,,,,
IT1:101_1015(1.0),A: annuale,ITE3: Marche,HP_Q_EXT: produzione raccolta - quintali,TABLEGRAPES: uva da tavola,ALL: tutte le voci,2026,1530,,,,"TIPO_DATO5__HP_Q_EXT_N1: Per tutte le coltivazioni foraggere temporanee e permanenti, a partire dal 2020 i valori di produzione sono espressi in quintali;<br />Dal 2020 sono diffusi i valori di produzione raccolta in quanto necessari per il calcolo della resa. <br />La serie storica e di conseguenza l'attendibilità dei dati diffusi negli anni precedenti non vengono compromessi perché, per le foraggere, i valori di produzione totale e raccolta coincidono.",W1200: W1200,,,,,,
IT1:101_1015(1.0),A: annuale,ITE3: Marche,HP_Q_EXT: produzione raccolta - quintali,WINEES: uva da vino,ALL: tutte le voci,2024,1235470,,,,"TIPO_DATO5__HP_Q_EXT_N1: Per tutte le coltivazioni foraggere temporanee e permanenti, a partire dal 2020 i valori di produzione sono espressi in quintali;<br />Dal 2020 sono diffusi i valori di produzione raccolta in quanto necessari per il calcolo della resa. <br />La serie storica e di conseguenza l'attendibilità dei dati diffusi negli anni precedenti non vengono compromessi perché, per le foraggere, i valori di produzione totale e raccolta coincidono.",W1100: W1100,,,,,,
IT1:101_1015(1.0),A: annuale,ITE3: Marche,HP_Q_EXT: produzione raccolta - quintali,WINEES: uva da vino,ALL: tutte le voci,2025,1772736,,,,"TIPO_DATO5__HP_Q_EXT_N1: Per tutte le coltivazioni foraggere temporanee e permanenti, a partire dal 2020 i valori di produzione sono espressi in quintali;<br />Dal 2020 sono diffusi i valori di produzione raccolta in quanto necessari per il calcolo della resa. <br />La serie storica e di conseguenza l'attendibilità dei dati diffusi negli anni precedenti non vengono compromessi perché, per le foraggere, i valori di produzione totale e raccolta coincidono.",W1100: W1100,,,,,,
IT1:101_1015(1.0),A: annuale,ITE3: Marche,HP_Q_EXT: produzione raccolta - quintali,WINEES: uva da vino,ALL: tutte le voci,2026,1683470,,,,"TIPO_DATO5__HP_Q_EXT_N1: Per tutte le coltivazioni foraggere temporanee e permanenti, a partire dal 2020 i valori di produzione sono espressi in quintali;<br />Dal 2020 sono diffusi i valori di produzione raccolta in quanto necessari per il calcolo della resa. <br />La serie storica e di conseguenza l'attendibilità dei dati diffusi negli anni precedenti non vengono compromessi perché, per le foraggere, i valori di produzione totale e raccolta coincidono.",W1100: W1100,,,,,,
IT1:101_1015(1.0),A: annuale,ITE3: Marche,TP_QUIN_EXT: produzione totale - quintali,OLIVTAB_OIL: olive da tavola e da olio,ALL: tutte le voci,2024,261946,,,,,O1000: O1000,,,,,,
IT1:101_1015(1.0),A: annuale,ITE3: Marche,TP_QUIN_EXT: produzione totale - quintali,OLIVTAB_OIL: olive da tavola e da olio,ALL: tutte le voci,2025,139146,,,,,O1000: O1000,,,,,,
IT1:101_1015(1.0),A: annuale,ITE3: Marche,TP_QUIN_EXT: produzione totale - quintali,OLIVTAB_OIL: olive da tavola e da olio,ALL: tutte le voci,2026,333703,,,,,O1000: O1000,,,,,,
IT1:101_1015(1.0),A: annuale,ITE3: Marche,TP_QUIN_EXT: produzione totale - quintali,TABLEGRAPES: uva da tavola,ALL: tutte le voci,2024,560,,,,,W1200: W1200,,,,,,
IT1:101_1015(1.0),A: annuale,ITE3: Marche,TP_QUIN_EXT: produzione totale - quintali,TABLEGRAPES: uva da tavola,ALL: tutte le voci,2025,1350,,,,,W1200: W1200,,,,,,
IT1:101_1015(1.0),A: annuale,ITE3: Marche,TP_QUIN_EXT: produzione totale - quintali,TABLEGRAPES: uva da tavola,ALL: tutte le voci,2026,1530,,,,,W1200: W1200,,,,,,
IT1:101_1015(1.0),A: annuale,ITE3: Marche,TP_QUIN_EXT: produzione totale - quintali,WINEES: uva da vino,ALL: tutte le voci,2024,1235470,,,,,W1100: W1100,,,,,,
IT1:101_1015(1.0),A: annuale,ITE3: Marche,TP_QUIN_EXT: produzione totale - quintali,WINEES: uva da vino,ALL: tutte le voci,2025,1772836,,,,,W1100: W1100,,,,,,
IT1:101_1015(1.0),A: annuale,ITE3: Marche,TP_QUIN_EXT: produzione totale - quintali,WINEES: uva da vino,ALL: tutte le voci,2026,1683470,,,,,W1100: W1100,,,,,,
IT1:101_1015(1.0),A: annuale,ITE4: Lazio,ART: superficie totale - ettari,OLIVTAB_OIL: olive da tavola e da olio,ALL: tutte le voci,2024,82917,,,,,O1000: O1000,,,,,,
IT1:101_1015(1.0),A: annuale,ITE4: Lazio,ART: superficie totale - ettari,OLIVTAB_OIL: olive da tavola e da olio,ALL: tutte le voci,2025,78991,,,,,O1000: O1000,,,,,,
IT1:101_1015(1.0),A: annuale,ITE4: Lazio,ART: superficie totale - ettari,OLIVTAB_OIL: olive da tavola e da olio,ALL: tutte le voci,2026,78803,,,,,O1000: O1000,,,,,,
IT1:101_1015(1.0),A: annuale,ITE4: Lazio,ART: superficie totale - ettari,TABLEGRAPES: uva da tavola,ALL: tutte le voci,2024,977,,,,,W1200: W1200,,,,,,
IT1:101_1015(1.0),A: annuale,ITE4: Lazio,ART: superficie totale - ettari,TABLEGRAPES: uva da tavola,ALL: tutte le voci,2025,980,,,,,W1200: W1200,,,,,,
IT1:101_1015(1.0),A: annuale,ITE4: Lazio,ART: superficie totale - ettari,TABLEGRAPES: uva da tavola,ALL: tutte le voci,2026,988,,,,,W1200: W1200,,,,,,
IT1:101_1015(1.0),A: annuale,ITE4: Lazio,ART: superficie totale - ettari,WINEES: uva da vino,ALL: tutte le voci,2024,20469,,,,,W1100: W1100,,,,,,
IT1:101_1015(1.0),A: annuale,ITE4: Lazio,ART: superficie totale - ettari,WINEES: uva da vino,ALL: tutte le voci,2025,20500,,,,,W1100: W1100,,,,,,
IT1:101_1015(1.0),A: annuale,ITE4: Lazio,ART: superficie totale - ettari,WINEES: uva da vino,ALL: tutte le voci,2026,20478,,,,,W1100: W1100,,,,,,
IT1:101_1015(1.0),A: annuale,ITE4: Lazio,HP_Q_EXT: produzione raccolta - quintali,OLIVTAB_OIL: olive da tavola e da olio,ALL: tutte le voci,2024,1091370,,,,"TIPO_DATO5__HP_Q_EXT_N1: Per tutte le coltivazioni foraggere temporanee e permanenti, a partire dal 2020 i valori di produzione sono espressi in quintali;<br />Dal 2020 sono diffusi i valori di produzione raccolta in quanto necessari per il calcolo della resa. <br />La serie storica e di conseguenza l'attendibilità dei dati diffusi negli anni precedenti non vengono compromessi perché, per le foraggere, i valori di produzione totale e raccolta coincidono.",O1000: O1000,,,,,,
IT1:101_1015(1.0),A: annuale,ITE4: Lazio,HP_Q_EXT: produzione raccolta - quintali,OLIVTAB_OIL: olive da tavola e da olio,ALL: tutte le voci,2025,974710,,,,"TIPO_DATO5__HP_Q_EXT_N1: Per tutte le coltivazioni foraggere temporanee e permanenti, a partire dal 2020 i valori di produzione sono espressi in quintali;<br />Dal 2020 sono diffusi i valori di produzione raccolta in quanto necessari per il calcolo della resa. <br />La serie storica e di conseguenza l'attendibilità dei dati diffusi negli anni precedenti non vengono compromessi perché, per le foraggere, i valori di produzione totale e raccolta coincidono.",O1000: O1000,,,,,,
IT1:101_1015(1.0),A: annuale,ITE4: Lazio,HP_Q_EXT: produzione raccolta - quintali,OLIVTAB_OIL: olive da tavola e da olio,ALL: tutte le voci,2026,1632188,,,,"TIPO_DATO5__HP_Q_EXT_N1: Per tutte le coltivazioni foraggere temporanee e permanenti, a partire dal 2020 i valori di produzione sono espressi in quintali;<br />Dal 2020 sono diffusi i valori di produzione raccolta in quanto necessari per il calcolo della resa. <br />La serie storica e di conseguenza l'attendibilità dei dati diffusi negli anni precedenti non vengono compromessi perché, per le foraggere, i valori di produzione totale e raccolta coincidono.",O1000: O1000,,,,,,
IT1:101_1015(1.0),A: annuale,ITE4: Lazio,HP_Q_EXT: produzione raccolta - quintali,TABLEGRAPES: uva da tavola,ALL: tutte le voci,2024,172263,,,,"TIPO_DATO5__HP_Q_EXT_N1: Per tutte le coltivazioni foraggere temporanee e permanenti, a partire dal 2020 i valori di produzione sono espressi in quintali;<br />Dal 2020 sono diffusi i valori di produzione raccolta in quanto necessari per il calcolo della resa. <br />La serie storica e di conseguenza l'attendibilità dei dati diffusi negli anni precedenti non vengono compromessi perché, per le foraggere, i valori di produzione totale e raccolta coincidono.",W1200: W1200,,,,,,
IT1:101_1015(1.0),A: annuale,ITE4: Lazio,HP_Q_EXT: produzione raccolta - quintali,TABLEGRAPES: uva da tavola,ALL: tutte le voci,2025,246477,,,,"TIPO_DATO5__HP_Q_EXT_N1: Per tutte le coltivazioni foraggere temporanee e permanenti, a partire dal 2020 i valori di produzione sono espressi in quintali;<br />Dal 2020 sono diffusi i valori di produzione raccolta in quanto necessari per il calcolo della resa. <br />La serie storica e di conseguenza l'attendibilità dei dati diffusi negli anni precedenti non vengono compromessi perché, per le foraggere, i valori di produzione totale e raccolta coincidono.",W1200: W1200,,,,,,
IT1:101_1015(1.0),A: annuale,ITE4: Lazio,HP_Q_EXT: produzione raccolta - quintali,TABLEGRAPES: uva da tavola,ALL: tutte le voci,2026,173280,,,,"TIPO_DATO5__HP_Q_EXT_N1: Per tutte le coltivazioni foraggere temporanee e permanenti, a partire dal 2020 i valori di produzione sono espressi in quintali;<br />Dal 2020 sono diffusi i valori di produzione raccolta in quanto necessari per il calcolo della resa. <br />La serie storica e di conseguenza l'attendibilità dei dati diffusi negli anni precedenti non vengono compromessi perché, per le foraggere, i valori di produzione totale e raccolta coincidono.",W1200: W1200,,,,,,
IT1:101_1015(1.0),A: annuale,ITE4: Lazio,HP_Q_EXT: produzione raccolta - quintali,WINEES: uva da vino,ALL: tutte le voci,2024,2047787,,,,"TIPO_DATO5__HP_Q_EXT_N1: Per tutte le coltivazioni foraggere temporanee e permanenti, a partire dal 2020 i valori di produzione sono espressi in quintali;<br />Dal 2020 sono diffusi i valori di produzione raccolta in quanto necessari per il calcolo della resa. <br />La serie storica e di conseguenza l'attendibilità dei dati diffusi negli anni precedenti non vengono compromessi perché, per le foraggere, i valori di produzione totale e raccolta coincidono.",W1100: W1100,,,,,,
IT1:101_1015(1.0),A: annuale,ITE4: Lazio,HP_Q_EXT: produzione raccolta - quintali,WINEES: uva da vino,ALL: tutte le voci,2025,1958751,,,,"TIPO_DATO5__HP_Q_EXT_N1: Per tutte le coltivazioni foraggere temporanee e permanenti, a partire dal 2020 i valori di produzione sono espressi in quintali;<br />Dal 2020 sono diffusi i valori di produzione raccolta in quanto necessari per il calcolo della resa. <br />La serie storica e di conseguenza l'attendibilità dei dati diffusi negli anni precedenti non vengono compromessi perché, per le foraggere, i valori di produzione totale e raccolta coincidono.",W1100: W1100,,,,,,
IT1:101_1015(1.0),A: annuale,ITE4: Lazio,HP_Q_EXT: produzione raccolta - quintali,WINEES: uva da vino,ALL: tutte le voci,2026,2143832,,,,"TIPO_DATO5__HP_Q_EXT_N1: Per tutte le coltivazioni foraggere temporanee e permanenti, a partire dal 2020 i valori di produzione sono espressi in quintali;<br />Dal 2020 sono diffusi i valori di produzione raccolta in quanto necessari per il calcolo della resa. <br />La serie storica e di conseguenza l'attendibilità dei dati diffusi negli anni precedenti non vengono compromessi perché, per le foraggere, i valori di produzione totale e raccolta coincidono.",W1100: W1100,,,,,,
IT1:101_1015(1.0),A: annuale,ITE4: Lazio,TP_QUIN_EXT: produzione totale - quintali,OLIVTAB_OIL: olive da tavola e da olio,ALL: tutte le voci,2024,1142040,,,,,O1000: O1000,,,,,,
IT1:101_1015(1.0),A: annuale,ITE4: Lazio,TP_QUIN_EXT: produzione totale - quintali,OLIVTAB_OIL: olive da tavola e da olio,ALL: tutte le voci,2025,1065540,,,,,O1000: O1000,,,,,,
IT1:101_1015(1.0),A: annuale,ITE4: Lazio,TP_QUIN_EXT: produzione totale - quintali,OLIVTAB_OIL: olive da tavola e da olio,ALL: tutte le voci,2026,1745760,,,,,O1000: O1000,,,,,,
IT1:101_1015(1.0),A: annuale,ITE4: Lazio,TP_QUIN_EXT: produzione totale - quintali,TABLEGRAPES: uva da tavola,ALL: tutte le voci,2024,184935,,,,,W1200: W1200,,,,,,
IT1:101_1015(1.0),A: annuale,ITE4: Lazio,TP_QUIN_EXT: produzione totale - quintali,TABLEGRAPES: uva da tavola,ALL: tutte le voci,2025,252869,,,,,W1200: W1200,,,,,,
IT1:101_1015(1.0),A: annuale,ITE4: Lazio,TP_QUIN_EXT: produzione totale - quintali,TABLEGRAPES: uva da tavola,ALL: tutte le voci,2026,183430,,,,,W1200: W1200,,,,,,
IT1:101_1015(1.0),A: annuale,ITE4: Lazio,TP_QUIN_EXT: produzione totale - quintali,WINEES: uva da vino,ALL: tutte le voci,2024,2110379,,,,,W1100: W1100,,,,,,
IT1:101_1015(1.0),A: annuale,ITE4: Lazio,TP_QUIN_EXT: produzione totale - quintali,WINEES: uva da vino,ALL: tutte le voci,2025,2033364,,,,,W1100: W1100,,,,,,
IT1:101_1015(1.0),A: annuale,ITE4: Lazio,TP_QUIN_EXT: produzione totale - quintali,WINEES: uva da vino,ALL: tutte le voci,2026,2193400,,,,,W1100: W1100,,,,,,
IT1:101_1015(1.0),A: annuale,ITF1: Abruzzo,ART: superficie totale - ettari,OLIVTAB_OIL: olive da tavola e da olio,ALL: tutte le voci,2024,38860,,,,,O1000: O1000,,,,,,
IT1:101_1015(1.0),A: annuale,ITF1: Abruzzo,ART: superficie totale - ettari,OLIVTAB_OIL: olive da tavola e da olio,ALL: tutte le voci,2025,38830,,,,,O1000: O1000,,,,,,
IT1:101_1015(1.0),A: annuale,ITF1: Abruzzo,ART: superficie totale - ettari,OLIVTAB_OIL: olive da tavola e da olio,ALL: tutte le voci,2026,38734,,,,,O1000: O1000,,,,,,
IT1:101_1015(1.0),A: annuale,ITF1: Abruzzo,ART: superficie totale - ettari,TABLEGRAPES: uva da tavola,ALL: tutte le voci,2024,464,,,,,W1200: W1200,,,,,,
IT1:101_1015(1.0),A: annuale,ITF1: Abruzzo,ART: superficie totale - ettari,TABLEGRAPES: uva da tavola,ALL: tutte le voci,2025,544,,,,,W1200: W1200,,,,,,
IT1:101_1015(1.0),A: annuale,ITF1: Abruzzo,ART: superficie totale - ettari,TABLEGRAPES: uva da tavola,ALL: tutte le voci,2026,543,,,,,W1200: W1200,,,,,,
IT1:101_1015(1.0),A: annuale,ITF1: Abruzzo,ART: superficie totale - ettari,WINEES: uva da vino,ALL: tutte le voci,2024,32390,,,,,W1100: W1100,,,,,,
IT1:101_1015(1.0),A: annuale,ITF1: Abruzzo,ART: superficie totale - ettari,WINEES: uva da vino,ALL: tutte le voci,2025,32990,,,,,W1100: W1100,,,,,,
IT1:101_1015(1.0),A: annuale,ITF1: Abruzzo,ART: superficie totale - ettari,WINEES: uva da vino,ALL: tutte le voci,2026,32850,,,,,W1100: W1100,,,,,,
IT1:101_1015(1.0),A: annuale,ITF1: Abruzzo,HP_Q_EXT: produzione raccolta - quintali,OLIVTAB_OIL: olive da tavola e da olio,ALL: tutte le voci,2024,1104520,,,,"TIPO_DATO5__HP_Q_EXT_N1: Per tutte le coltivazioni foraggere temporanee e permanenti, a partire dal 2020 i valori di produzione sono espressi in quintali;<br />Dal 2020 sono diffusi i valori di produzione raccolta in quanto necessari per il calcolo della resa. <br />La serie storica e di conseguenza l'attendibilità dei dati diffusi negli anni precedenti non vengono compromessi perché, per le foraggere, i valori di produzione totale e raccolta coincidono.",O1000: O1000,,,,,,
IT1:101_1015(1.0),A: annuale,ITF1: Abruzzo,HP_Q_EXT: produzione raccolta - quintali,OLIVTAB_OIL: olive da tavola e da olio,ALL: tutte le voci,2025,1325520,,,,"TIPO_DATO5__HP_Q_EXT_N1: Per tutte le coltivazioni foraggere temporanee e permanenti, a partire dal 2020 i valori di produzione sono espressi in quintali;<br />Dal 2020 sono diffusi i valori di produzione raccolta in quanto necessari per il calcolo della resa. <br />La serie storica e di conseguenza l'attendibilità dei dati diffusi negli anni precedenti non vengono compromessi perché, per le foraggere, i valori di produzione totale e raccolta coincidono.",O1000: O1000,,,,,,
IT1:101_1015(1.0),A: annuale,ITF1: Abruzzo,HP_Q_EXT: produzione raccolta - quintali,OLIVTAB_OIL: olive da tavola e da olio,ALL: tutte le voci,2026,1339700,,,,"TIPO_DATO5__HP_Q_EXT_N1: Per tutte le coltivazioni foraggere temporanee e permanenti, a partire dal 2020 i valori di produzione sono espressi in quintali;<br />Dal 2020 sono diffusi i valori di produzione raccolta in quanto necessari per il calcolo della resa. <br />La serie storica e di conseguenza l'attendibilità dei dati diffusi negli anni precedenti non vengono compromessi perché, per le foraggere, i valori di produzione totale e raccolta coincidono.",O1000: O1000,,,,,,
IT1:101_1015(1.0),A: annuale,ITF1: Abruzzo,HP_Q_EXT: produzione raccolta - quintali,TABLEGRAPES: uva da tavola,ALL: tutte le voci,2024,103209,,,,"TIPO_DATO5__HP_Q_EXT_N1: Per tutte le coltivazioni foraggere temporanee e permanenti, a partire dal 2020 i valori di produzione sono espressi in quintali;<br />Dal 2020 sono diffusi i valori di produzione raccolta in quanto necessari per il calcolo della resa. <br />La serie storica e di conseguenza l'attendibilità dei dati diffusi negli anni precedenti non vengono compromessi perché, per le foraggere, i valori di produzione totale e raccolta coincidono.",W1200: W1200,,,,,,
IT1:101_1015(1.0),A: annuale,ITF1: Abruzzo,HP_Q_EXT: produzione raccolta - quintali,TABLEGRAPES: uva da tavola,ALL: tutte le voci,2025,123410,,,,"TIPO_DATO5__HP_Q_EXT_N1: Per tutte le coltivazioni foraggere temporanee e permanenti, a partire dal 2020 i valori di produzione sono espressi in quintali;<br />Dal 2020 sono diffusi i valori di produzione raccolta in quanto necessari per il calcolo della resa. <br />La serie storica e di conseguenza l'attendibilità dei dati diffusi negli anni precedenti non vengono compromessi perché, per le foraggere, i valori di produzione totale e raccolta coincidono.",W1200: W1200,,,,,,
IT1:101_1015(1.0),A: annuale,ITF1: Abruzzo,HP_Q_EXT: produzione raccolta - quintali,TABLEGRAPES: uva da tavola,ALL: tutte le voci,2026,126221,,,,"TIPO_DATO5__HP_Q_EXT_N1: Per tutte le coltivazioni foraggere temporanee e permanenti, a partire dal 2020 i valori di produzione sono espressi in quintali;<br />Dal 2020 sono diffusi i valori di produzione raccolta in quanto necessari per il calcolo della resa. <br />La serie storica e di conseguenza l'attendibilità dei dati diffusi negli anni precedenti non vengono compromessi perché, per le foraggere, i valori di produzione totale e raccolta coincidono.",W1200: W1200,,,,,,
IT1:101_1015(1.0),A: annuale,ITF1: Abruzzo,HP_Q_EXT: produzione raccolta - quintali,WINEES: uva da vino,ALL: tutte le voci,2024,4594688,,,,"TIPO_DATO5__HP_Q_EXT_N1: Per tutte le coltivazioni foraggere temporanee e permanenti, a partire dal 2020 i valori di produzione sono espressi in quintali;<br />Dal 2020 sono diffusi i valori di produzione raccolta in quanto necessari per il calcolo della resa. <br />La serie storica e di conseguenza l'attendibilità dei dati diffusi negli anni precedenti non vengono compromessi perché, per le foraggere, i valori di produzione totale e raccolta coincidono.",W1100: W1100,,,,,,
IT1:101_1015(1.0),A: annuale,ITF1: Abruzzo,HP_Q_EXT: produzione raccolta - quintali,WINEES: uva da vino,ALL: tutte le voci,2025,4999700,,,,"TIPO_DATO5__HP_Q_EXT_N1: Per tutte le coltivazioni foraggere temporanee e permanenti, a partire dal 2020 i valori di produzione sono espressi in quintali;<br />Dal 2020 sono diffusi i valori di produzione raccolta in quanto necessari per il calcolo della resa. <br />La serie storica e di conseguenza l'attendibilità dei dati diffusi negli anni precedenti non vengono compromessi perché, per le foraggere, i valori di produzione totale e raccolta coincidono.",W1100: W1100,,,,,,
IT1:101_1015(1.0),A: annuale,ITF1: Abruzzo,HP_Q_EXT: produzione raccolta - quintali,WINEES: uva da vino,ALL: tutte le voci,2026,5250200,,,,"TIPO_DATO5__HP_Q_EXT_N1: Per tutte le coltivazioni foraggere temporanee e permanenti, a partire dal 2020 i valori di produzione sono espressi in quintali;<br />Dal 2020 sono diffusi i valori di produzione raccolta in quanto necessari per il calcolo della resa. <br />La serie storica e di conseguenza l'attendibilità dei dati diffusi negli anni precedenti non vengono compromessi perché, per le foraggere, i valori di produzione totale e raccolta coincidono.",W1100: W1100,,,,,,
IT1:101_1015(1.0),A: annuale,ITF1: Abruzzo,TP_QUIN_EXT: produzione totale - quintali,OLIVTAB_OIL: olive da tavola e da olio,ALL: tutte le voci,2024,1124520,,,,,O1000: O1000,,,,,,
IT1:101_1015(1.0),A: annuale,ITF1: Abruzzo,TP_QUIN_EXT: produzione totale - quintali,OLIVTAB_OIL: olive da tavola e da olio,ALL: tutte le voci,2025,1345520,,,,,O1000: O1000,,,,,,
IT1:101_1015(1.0),A: annuale,ITF1: Abruzzo,TP_QUIN_EXT: produzione totale - quintali,OLIVTAB_OIL: olive da tavola e da olio,ALL: tutte le voci,2026,1339700,,,,,O1000: O1000,,,,,,
IT1:101_1015(1.0),A: annuale,ITF1: Abruzzo,TP_QUIN_EXT: produzione totale - quintali,TABLEGRAPES: uva da tavola,ALL: tutte le voci,2024,103209,,,,,W1200: W1200,,,,,,
IT1:101_1015(1.0),A: annuale,ITF1: Abruzzo,TP_QUIN_EXT: produzione totale - quintali,TABLEGRAPES: uva da tavola,ALL: tutte le voci,2025,123410,,,,,W1200: W1200,,,,,,
IT1:101_1015(1.0),A: annuale,ITF1: Abruzzo,TP_QUIN_EXT: produzione totale - quintali,TABLEGRAPES: uva da tavola,ALL: tutte le voci,2026,126221,,,,,W1200: W1200,,,,,,
IT1:101_1015(1.0),A: annuale,ITF1: Abruzzo,TP_QUIN_EXT: produzione totale - quintali,WINEES: uva da vino,ALL: tutte le voci,2024,4594688,,,,,W1100: W1100,,,,,,
IT1:101_1015(1.0),A: annuale,ITF1: Abruzzo,TP_QUIN_EXT: produzione totale - quintali,WINEES: uva da vino,ALL: tutte le voci,2025,4999700,,,,,W1100: W1100,,,,,,
IT1:101_1015(1.0),A: annuale,ITF1: Abruzzo,TP_QUIN_EXT: produzione totale - quintali,WINEES: uva da vino,ALL: tutte le voci,2026,5250200,,,,,W1100: W1100,,,,,,
IT1:101_1015(1.0),A: annuale,ITF2: Molise,ART: superficie totale - ettari,OLIVTAB_OIL: olive da tavola e da olio,ALL: tutte le voci,2024,14325,,,,,O1000: O1000,,,,,,
IT1:101_1015(1.0),A: annuale,ITF2: Molise,ART: superficie totale - ettari,OLIVTAB_OIL: olive da tavola e da olio,ALL: tutte le voci,2025,14325,,,,,O1000: O1000,,,,,,
IT1:101_1015(1.0),A: annuale,ITF2: Molise,ART: superficie totale - ettari,OLIVTAB_OIL: olive da tavola e da olio,ALL: tutte le voci,2026,14325,,,,,O1000: O1000,,,,,,
IT1:101_1015(1.0),A: annuale,ITF2: Molise,ART: superficie totale - ettari,TABLEGRAPES: uva da tavola,ALL: tutte le voci,2024,45,,,,,W1200: W1200,,,,,,
IT1:101_1015(1.0),A: annuale,ITF2: Molise,ART: superficie totale - ettari,TABLEGRAPES: uva da tavola,ALL: tutte le voci,2025,45,,,,,W1200: W1200,,,,,,
IT1:101_1015(1.0),A: annuale,ITF2: Molise,ART: superficie totale - ettari,TABLEGRAPES: uva da tavola,ALL: tutte le voci,2026,45,,,,,W1200: W1200,,,,,,
IT1:101_1015(1.0),A: annuale,ITF2: Molise,ART: superficie totale - ettari,WINEES: uva da vino,ALL: tutte le voci,2024,5432,,,,,W1100: W1100,,,,,,
IT1:101_1015(1.0),A: annuale,ITF2: Molise,ART: superficie totale - ettari,WINEES: uva da vino,ALL: tutte le voci,2025,5432,,,,,W1100: W1100,,,,,,
IT1:101_1015(1.0),A: annuale,ITF2: Molise,ART: superficie totale - ettari,WINEES: uva da vino,ALL: tutte le voci,2026,5432,,,,,W1100: W1100,,,,,,
IT1:101_1015(1.0),A: annuale,ITF2: Molise,HP_Q_EXT: produzione raccolta - quintali,OLIVTAB_OIL: olive da tavola e da olio,ALL: tutte le voci,2024,596740,,,,"TIPO_DATO5__HP_Q_EXT_N1: Per tutte le coltivazioni foraggere temporanee e permanenti, a partire dal 2020 i valori di produzione sono espressi in quintali;<br />Dal 2020 sono diffusi i valori di produzione raccolta in quanto necessari per il calcolo della resa. <br />La serie storica e di conseguenza l'attendibilità dei dati diffusi negli anni precedenti non vengono compromessi perché, per le foraggere, i valori di produzione totale e raccolta coincidono.",O1000: O1000,,,,,,
IT1:101_1015(1.0),A: annuale,ITF2: Molise,HP_Q_EXT: produzione raccolta - quintali,OLIVTAB_OIL: olive da tavola e da olio,ALL: tutte le voci,2025,584910,,,,"TIPO_DATO5__HP_Q_EXT_N1: Per tutte le coltivazioni foraggere temporanee e permanenti, a partire dal 2020 i valori di produzione sono espressi in quintali;<br />Dal 2020 sono diffusi i valori di produzione raccolta in quanto necessari per il calcolo della resa. <br />La serie storica e di conseguenza l'attendibilità dei dati diffusi negli anni precedenti non vengono compromessi perché, per le foraggere, i valori di produzione totale e raccolta coincidono.",O1000: O1000,,,,,,
IT1:101_1015(1.0),A: annuale,ITF2: Molise,HP_Q_EXT: produzione raccolta - quintali,OLIVTAB_OIL: olive da tavola e da olio,ALL: tutte le voci,2026,596420,,,,"TIPO_DATO5__HP_Q_EXT_N1: Per tutte le coltivazioni foraggere temporanee e permanenti, a partire dal 2020 i valori di produzione sono espressi in quintali;<br />Dal 2020 sono diffusi i valori di produzione raccolta in quanto necessari per il calcolo della resa. <br />La serie storica e di conseguenza l'attendibilità dei dati diffusi negli anni precedenti non vengono compromessi perché, per le foraggere, i valori di produzione totale e raccolta coincidono.",O1000: O1000,,,,,,
IT1:101_1015(1.0),A: annuale,ITF2: Molise,HP_Q_EXT: produzione raccolta - quintali,TABLEGRAPES: uva da tavola,ALL: tutte le voci,2024,5850,,,,"TIPO_DATO5__HP_Q_EXT_N1: Per tutte le coltivazioni foraggere temporanee e permanenti, a partire dal 2020 i valori di produzione sono espressi in quintali;<br />Dal 2020 sono diffusi i valori di produzione raccolta in quanto necessari per il calcolo della resa. <br />La serie storica e di conseguenza l'attendibilità dei dati diffusi negli anni precedenti non vengono compromessi perché, per le foraggere, i valori di produzione totale e raccolta coincidono.",W1200: W1200,,,,,,
IT1:101_1015(1.0),A: annuale,ITF2: Molise,HP_Q_EXT: produzione raccolta - quintali,TABLEGRAPES: uva da tavola,ALL: tutte le voci,2025,6300,,,,"TIPO_DATO5__HP_Q_EXT_N1: Per tutte le coltivazioni foraggere temporanee e permanenti, a partire dal 2020 i valori di produzione sono espressi in quintali;<br />Dal 2020 sono diffusi i valori di produzione raccolta in quanto necessari per il calcolo della resa. <br />La serie storica e di conseguenza l'attendibilità dei dati diffusi negli anni precedenti non vengono compromessi perché, per le foraggere, i valori di produzione totale e raccolta coincidono.",W1200: W1200,,,,,,
IT1:101_1015(1.0),A: annuale,ITF2: Molise,HP_Q_EXT: produzione raccolta - quintali,TABLEGRAPES: uva da tavola,ALL: tutte le voci,2026,4950,,,,"TIPO_DATO5__HP_Q_EXT_N1: Per tutte le coltivazioni foraggere temporanee e permanenti, a partire dal 2020 i valori di produzione sono espressi in quintali;<br />Dal 2020 sono diffusi i valori di produzione raccolta in quanto necessari per il calcolo della resa. <br />La serie storica e di conseguenza l'attendibilità dei dati diffusi negli anni precedenti non vengono compromessi perché, per le foraggere, i valori di produzione totale e raccolta coincidono.",W1200: W1200,,,,,,
IT1:101_1015(1.0),A: annuale,ITF2: Molise,HP_Q_EXT: produzione raccolta - quintali,WINEES: uva da vino,ALL: tutte le voci,2024,753705,,,,"TIPO_DATO5__HP_Q_EXT_N1: Per tutte le coltivazioni foraggere temporanee e permanenti, a partire dal 2020 i valori di produzione sono espressi in quintali;<br />Dal 2020 sono diffusi i valori di produzione raccolta in quanto necessari per il calcolo della resa. <br />La serie storica e di conseguenza l'attendibilità dei dati diffusi negli anni precedenti non vengono compromessi perché, per le foraggere, i valori di produzione totale e raccolta coincidono.",W1100: W1100,,,,,,
IT1:101_1015(1.0),A: annuale,ITF2: Molise,HP_Q_EXT: produzione raccolta - quintali,WINEES: uva da vino,ALL: tutte le voci,2025,768515,,,,"TIPO_DATO5__HP_Q_EXT_N1: Per tutte le coltivazioni foraggere temporanee e permanenti, a partire dal 2020 i valori di produzione sono espressi in quintali;<br />Dal 2020 sono diffusi i valori di produzione raccolta in quanto necessari per il calcolo della resa. <br />La serie storica e di conseguenza l'attendibilità dei dati diffusi negli anni precedenti non vengono compromessi perché, per le foraggere, i valori di produzione totale e raccolta coincidono.",W1100: W1100,,,,,,
IT1:101_1015(1.0),A: annuale,ITF2: Molise,HP_Q_EXT: produzione raccolta - quintali,WINEES: uva da vino,ALL: tutte le voci,2026,648020,,,,"TIPO_DATO5__HP_Q_EXT_N1: Per tutte le coltivazioni foraggere temporanee e permanenti, a partire dal 2020 i valori di produzione sono espressi in quintali;<br />Dal 2020 sono diffusi i valori di produzione raccolta in quanto necessari per il calcolo della resa. <br />La serie storica e di conseguenza l'attendibilità dei dati diffusi negli anni precedenti non vengono compromessi perché, per le foraggere, i valori di produzione totale e raccolta coincidono.",W1100: W1100,,,,,,
IT1:101_1015(1.0),A: annuale,ITF2: Molise,TP_QUIN_EXT: produzione totale - quintali,OLIVTAB_OIL: olive da tavola e da olio,ALL: tutte le voci,2024,596740,,,,,O1000: O1000,,,,,,
IT1:101_1015(1.0),A: annuale,ITF2: Molise,TP_QUIN_EXT: produzione totale - quintali,OLIVTAB_OIL: olive da tavola e da olio,ALL: tutte le voci,2025,584910,,,,,O1000: O1000,,,,,,
IT1:101_1015(1.0),A: annuale,ITF2: Molise,TP_QUIN_EXT: produzione totale - quintali,OLIVTAB_OIL: olive da tavola e da olio,ALL: tutte le voci,2026,596420,,,,,O1000: O1000,,,,,,
IT1:101_1015(1.0),A: annuale,ITF2: Molise,TP_QUIN_EXT: produzione totale - quintali,TABLEGRAPES: uva da tavola,ALL: tutte le voci,2024,5850,,,,,W1200: W1200,,,,,,
IT1:101_1015(1.0),A: annuale,ITF2: Molise,TP_QUIN_EXT: produzione totale - quintali,TABLEGRAPES: uva da tavola,ALL: tutte le voci,2025,6300,,,,,W1200: W1200,,,,,,
IT1:101_1015(1.0),A: annuale,ITF2: Molise,TP_QUIN_EXT: produzione totale - quintali,TABLEGRAPES: uva da tavola,ALL: tutte le voci,2026,4950,,,,,W1200: W1200,,,,,,
IT1:101_1015(1.0),A: annuale,ITF2: Molise,TP_QUIN_EXT: produzione totale - quintali,WINEES: uva da vino,ALL: tutte le voci,2024,753705,,,,,W1100: W1100,,,,,,
IT1:101_1015(1.0),A: annuale,ITF2: Molise,TP_QUIN_EXT: produzione totale - quintali,WINEES: uva da vino,ALL: tutte le voci,2025,768515,,,,,W1100: W1100,,,,,,
IT1:101_1015(1.0),A: annuale,ITF2: Molise,TP_QUIN_EXT: produzione totale - quintali,WINEES: uva da vino,ALL: tutte le voci,2026,648020,,,,,W1100: W1100,,,,,,
IT1:101_1015(1.0),A: annuale,ITF3: Campania,ART: superficie totale - ettari,OLIVTAB_OIL: olive da tavola e da olio,ALL: tutte le voci,2024,68171,,,,,O1000: O1000,,,,,,
IT1:101_1015(1.0),A: annuale,ITF3: Campania,ART: superficie totale - ettari,OLIVTAB_OIL: olive da tavola e da olio,ALL: tutte le voci,2025,68171,,,,,O1000: O1000,,,,,,
IT1:101_1015(1.0),A: annuale,ITF3: Campania,ART: superficie totale - ettari,OLIVTAB_OIL: olive da tavola e da olio,ALL: tutte le voci,2026,67910,,,,,O1000: O1000,,,,,,
IT1:101_1015(1.0),A: annuale,ITF3: Campania,ART: superficie totale - ettari,TABLEGRAPES: uva da tavola,ALL: tutte le voci,2024,61,,,,,W1200: W1200,,,,,,
IT1:101_1015(1.0),A: annuale,ITF3: Campania,ART: superficie totale - ettari,TABLEGRAPES: uva da tavola,ALL: tutte le voci,2025,64,,,,,W1200: W1200,,,,,,
IT1:101_1015(1.0),A: annuale,ITF3: Campania,ART: superficie totale - ettari,TABLEGRAPES: uva da tavola,ALL: tutte le voci,2026,59,,,,,W1200: W1200,,,,,,
IT1:101_1015(1.0),A: annuale,ITF3: Campania,ART: superficie totale - ettari,WINEES: uva da vino,ALL: tutte le voci,2024,25079,,,,,W1100: W1100,,,,,,
IT1:101_1015(1.0),A: annuale,ITF3: Campania,ART: superficie totale - ettari,WINEES: uva da vino,ALL: tutte le voci,2025,24749,,,,,W1100: W1100,,,,,,
IT1:101_1015(1.0),A: annuale,ITF3: Campania,ART: superficie totale - ettari,WINEES: uva da vino,ALL: tutte le voci,2026,25054,,,,,W1100: W1100,,,,,,
IT1:101_1015(1.0),A: annuale,ITF3: Campania,HP_Q_EXT: produzione raccolta - quintali,OLIVTAB_OIL: olive da tavola e da olio,ALL: tutte le voci,2024,1244275,,,,"TIPO_DATO5__HP_Q_EXT_N1: Per tutte le coltivazioni foraggere temporanee e permanenti, a partire dal 2020 i valori di produzione sono espressi in quintali;<br />Dal 2020 sono diffusi i valori di produzione raccolta in quanto necessari per il calcolo della resa. <br />La serie storica e di conseguenza l'attendibilità dei dati diffusi negli anni precedenti non vengono compromessi perché, per le foraggere, i valori di produzione totale e raccolta coincidono.",O1000: O1000,,,,,,
IT1:101_1015(1.0),A: annuale,ITF3: Campania,HP_Q_EXT: produzione raccolta - quintali,OLIVTAB_OIL: olive da tavola e da olio,ALL: tutte le voci,2025,1258875,,,,"TIPO_DATO5__HP_Q_EXT_N1: Per tutte le coltivazioni foraggere temporanee e permanenti, a partire dal 2020 i valori di produzione sono espressi in quintali;<br />Dal 2020 sono diffusi i valori di produzione raccolta in quanto necessari per il calcolo della resa. <br />La serie storica e di conseguenza l'attendibilità dei dati diffusi negli anni precedenti non vengono compromessi perché, per le foraggere, i valori di produzione totale e raccolta coincidono.",O1000: O1000,,,,,,
IT1:101_1015(1.0),A: annuale,ITF3: Campania,HP_Q_EXT: produzione raccolta - quintali,OLIVTAB_OIL: olive da tavola e da olio,ALL: tutte le voci,2026,1745000,,,,"TIPO_DATO5__HP_Q_EXT_N1: Per tutte le coltivazioni foraggere temporanee e permanenti, a partire dal 2020 i valori di produzione sono espressi in quintali;<br />Dal 2020 sono diffusi i valori di produzione raccolta in quanto necessari per il calcolo della resa. <br />La serie storica e di conseguenza l'attendibilità dei dati diffusi negli anni precedenti non vengono compromessi perché, per le foraggere, i valori di produzione totale e raccolta coincidono.",O1000: O1000,,,,,,
IT1:101_1015(1.0),A: annuale,ITF3: Campania,HP_Q_EXT: produzione raccolta - quintali,TABLEGRAPES: uva da tavola,ALL: tutte le voci,2024,9750,,,,"TIPO_DATO5__HP_Q_EXT_N1: Per tutte le coltivazioni foraggere temporanee e permanenti, a partire dal 2020 i valori di produzione sono espressi in quintali;<br />Dal 2020 sono diffusi i valori di produzione raccolta in quanto necessari per il calcolo della resa. <br />La serie storica e di conseguenza l'attendibilità dei dati diffusi negli anni precedenti non vengono compromessi perché, per le foraggere, i valori di produzione totale e raccolta coincidono.",W1200: W1200,,,,,,
IT1:101_1015(1.0),A: annuale,ITF3: Campania,HP_Q_EXT: produzione raccolta - quintali,TABLEGRAPES: uva da tavola,ALL: tutte le voci,2025,9400,,,,"TIPO_DATO5__HP_Q_EXT_N1: Per tutte le coltivazioni foraggere temporanee e permanenti, a partire dal 2020 i valori di produzione sono espressi in quintali;<br />Dal 2020 sono diffusi i valori di produzione raccolta in quanto necessari per il calcolo della resa. <br />La serie storica e di conseguenza l'attendibilità dei dati diffusi negli anni precedenti non vengono compromessi perché, per le foraggere, i valori di produzione totale e raccolta coincidono.",W1200: W1200,,,,,,
IT1:101_1015(1.0),A: annuale,ITF3: Campania,HP_Q_EXT: produzione raccolta - quintali,TABLEGRAPES: uva da tavola,ALL: tutte le voci,2026,9700,,,,"TIPO_DATO5__HP_Q_EXT_N1: Per tutte le coltivazioni foraggere temporanee e permanenti, a partire dal 2020 i valori di produzione sono espressi in quintali;<br />Dal 2020 sono diffusi i valori di produzione raccolta in quanto necessari per il calcolo della resa. <br />La serie storica e di conseguenza l'attendibilità dei dati diffusi negli anni precedenti non vengono compromessi perché, per le foraggere, i valori di produzione totale e raccolta coincidono.",W1200: W1200,,,,,,
IT1:101_1015(1.0),A: annuale,ITF3: Campania,HP_Q_EXT: produzione raccolta - quintali,WINEES: uva da vino,ALL: tutte le voci,2024,2038789,,,,"TIPO_DATO5__HP_Q_EXT_N1: Per tutte le coltivazioni foraggere temporanee e permanenti, a partire dal 2020 i valori di produzione sono espressi in quintali;<br />Dal 2020 sono diffusi i valori di produzione raccolta in quanto necessari per il calcolo della resa. <br />La serie storica e di conseguenza l'attendibilità dei dati diffusi negli anni precedenti non vengono compromessi perché, per le foraggere, i valori di produzione totale e raccolta coincidono.",W1100: W1100,,,,,,
IT1:101_1015(1.0),A: annuale,ITF3: Campania,HP_Q_EXT: produzione raccolta - quintali,WINEES: uva da vino,ALL: tutte le voci,2025,2202500,,,,"TIPO_DATO5__HP_Q_EXT_N1: Per tutte le coltivazioni foraggere temporanee e permanenti, a partire dal 2020 i valori di produzione sono espressi in quintali;<br />Dal 2020 sono diffusi i valori di produzione raccolta in quanto necessari per il calcolo della resa. <br />La serie storica e di conseguenza l'attendibilità dei dati diffusi negli anni precedenti non vengono compromessi perché, per le foraggere, i valori di produzione totale e raccolta coincidono.",W1100: W1100,,,,,,
IT1:101_1015(1.0),A: annuale,ITF3: Campania,HP_Q_EXT: produzione raccolta - quintali,WINEES: uva da vino,ALL: tutte le voci,2026,2272000,,,,"TIPO_DATO5__HP_Q_EXT_N1: Per tutte le coltivazioni foraggere temporanee e permanenti, a partire dal 2020 i valori di produzione sono espressi in quintali;<br />Dal 2020 sono diffusi i valori di produzione raccolta in quanto necessari per il calcolo della resa. <br />La serie storica e di conseguenza l'attendibilità dei dati diffusi negli anni precedenti non vengono compromessi perché, per le foraggere, i valori di produzione totale e raccolta coincidono.",W1100: W1100,,,,,,
IT1:101_1015(1.0),A: annuale,ITF3: Campania,TP_QUIN_EXT: produzione totale - quintali,OLIVTAB_OIL: olive da tavola e da olio,ALL: tutte le voci,2024,1250275,,,,,O1000: O1000,,,,,,
IT1:101_1015(1.0),A: annuale,ITF3: Campania,TP_QUIN_EXT: produzione totale - quintali,OLIVTAB_OIL: olive da tavola e da olio,ALL: tutte le voci,2025,1259825,,,,,O1000: O1000,,,,,,
IT1:101_1015(1.0),A: annuale,ITF3: Campania,TP_QUIN_EXT: produzione totale - quintali,OLIVTAB_OIL: olive da tavola e da olio,ALL: tutte le voci,2026,1745000,,,,,O1000: O1000,,,,,,
IT1:101_1015(1.0),A: annuale,ITF3: Campania,TP_QUIN_EXT: produzione totale - quintali,TABLEGRAPES: uva da tavola,ALL: tutte le voci,2024,9750,,,,,W1200: W1200,,,,,,
IT1:101_1015(1.0),A: annuale,ITF3: Campania,TP_QUIN_EXT: produzione totale - quintali,TABLEGRAPES: uva da tavola,ALL: tutte le voci,2025,9400,,,,,W1200: W1200,,,,,,
IT1:101_1015(1.0),A: annuale,ITF3: Campania,TP_QUIN_EXT: produzione totale - quintali,TABLEGRAPES: uva da tavola,ALL: tutte le voci,2026,9700,,,,,W1200: W1200,,,,,,
IT1:101_1015(1.0),A: annuale,ITF3: Campania,TP_QUIN_EXT: produzione totale - quintali,WINEES: uva da vino,ALL: tutte le voci,2024,2040505,,,,,W1100: W1100,,,,,,
IT1:101_1015(1.0),A: annuale,ITF3: Campania,TP_QUIN_EXT: produzione totale - quintali,WINEES: uva da vino,ALL: tutte le voci,2025,2208100,,,,,W1100: W1100,,,,,,
IT1:101_1015(1.0),A: annuale,ITF3: Campania,TP_QUIN_EXT: produzione totale - quintali,WINEES: uva da vino,ALL: tutte le voci,2026,2272000,,,,,W1100: W1100,,,,,,
IT1:101_1015(1.0),A: annuale,ITF4: Puglia,ART: superficie totale - ettari,OLIVTAB_OIL: olive da tavola e da olio,ALL: tutte le voci,2024,347800,,,,,O1000: O1000,,,,,,
IT1:101_1015(1.0),A: annuale,ITF4: Puglia,ART: superficie totale - ettari,OLIVTAB_OIL: olive da tavola e da olio,ALL: tutte le voci,2025,347350,,,,,O1000: O1000,,,,,,
IT1:101_1015(1.0),A: annuale,ITF4: Puglia,ART: superficie totale - ettari,OLIVTAB_OIL: olive da tavola e da olio,ALL: tutte le voci,2026,344850,,,,,O1000: O1000,,,,,,
IT1:101_1015(1.0),A: annuale,ITF4: Puglia,ART: superficie totale - ettari,TABLEGRAPES: uva da tavola,ALL: tutte le voci,2024,25455,,,,,W1200: W1200,,,,,,
IT1:101_1015(1.0),A: annuale,ITF4: Puglia,ART: superficie totale - ettari,TABLEGRAPES: uva da tavola,ALL: tutte le voci,2025,24935,,,,,W1200: W1200,,,,,,
IT1:101_1015(1.0),A: annuale,ITF4: Puglia,ART: superficie totale - ettari,TABLEGRAPES: uva da tavola,ALL: tutte le voci,2026,25385,,,,,W1200: W1200,,,,,,
IT1:101_1015(1.0),A: annuale,ITF4: Puglia,ART: superficie totale - ettari,WINEES: uva da vino,ALL: tutte le voci,2024,93625,,,,,W1100: W1100,,,,,,
IT1:101_1015(1.0),A: annuale,ITF4: Puglia,ART: superficie totale - ettari,WINEES: uva da vino,ALL: tutte le voci,2025,93655,,,,,W1100: W1100,,,,,,
IT1:101_1015(1.0),A: annuale,ITF4: Puglia,ART: superficie totale - ettari,WINEES: uva da vino,ALL: tutte le voci,2026,93000,,,,,W1100: W1100,,,,,,
IT1:101_1015(1.0),A: annuale,ITF4: Puglia,HP_Q_EXT: produzione raccolta - quintali,OLIVTAB_OIL: olive da tavola e da olio,ALL: tutte le voci,2024,6780200,,,,"TIPO_DATO5__HP_Q_EXT_N1: Per tutte le coltivazioni foraggere temporanee e permanenti, a partire dal 2020 i valori di produzione sono espressi in quintali;<br />Dal 2020 sono diffusi i valori di produzione raccolta in quanto necessari per il calcolo della resa. <br />La serie storica e di conseguenza l'attendibilità dei dati diffusi negli anni precedenti non vengono compromessi perché, per le foraggere, i valori di produzione totale e raccolta coincidono.",O1000: O1000,,,,,,
IT1:101_1015(1.0),A: annuale,ITF4: Puglia,HP_Q_EXT: produzione raccolta - quintali,OLIVTAB_OIL: olive da tavola e da olio,ALL: tutte le voci,2025,9048900,,,,"TIPO_DATO5__HP_Q_EXT_N1: Per tutte le coltivazioni foraggere temporanee e permanenti, a partire dal 2020 i valori di produzione sono espressi in quintali;<br />Dal 2020 sono diffusi i valori di produzione raccolta in quanto necessari per il calcolo della resa. <br />La serie storica e di conseguenza l'attendibilità dei dati diffusi negli anni precedenti non vengono compromessi perché, per le foraggere, i valori di produzione totale e raccolta coincidono.",O1000: O1000,,,,,,
IT1:101_1015(1.0),A: annuale,ITF4: Puglia,HP_Q_EXT: produzione raccolta - quintali,OLIVTAB_OIL: olive da tavola e da olio,ALL: tutte le voci,2026,6554200,,,,"TIPO_DATO5__HP_Q_EXT_N1: Per tutte le coltivazioni foraggere temporanee e permanenti, a partire dal 2020 i valori di produzione sono espressi in quintali;<br />Dal 2020 sono diffusi i valori di produzione raccolta in quanto necessari per il calcolo della resa. <br />La serie storica e di conseguenza l'attendibilità dei dati diffusi negli anni precedenti non vengono compromessi perché, per le foraggere, i valori di produzione totale e raccolta coincidono.",O1000: O1000,,,,,,
IT1:101_1015(1.0),A: annuale,ITF4: Puglia,HP_Q_EXT: produzione raccolta - quintali,TABLEGRAPES: uva da tavola,ALL: tutte le voci,2024,5670000,,,,"TIPO_DATO5__HP_Q_EXT_N1: Per tutte le coltivazioni foraggere temporanee e permanenti, a partire dal 2020 i valori di produzione sono espressi in quintali;<br />Dal 2020 sono diffusi i valori di produzione raccolta in quanto necessari per il calcolo della resa. <br />La serie storica e di conseguenza l'attendibilità dei dati diffusi negli anni precedenti non vengono compromessi perché, per le foraggere, i valori di produzione totale e raccolta coincidono.",W1200: W1200,,,,,,
IT1:101_1015(1.0),A: annuale,ITF4: Puglia,HP_Q_EXT: produzione raccolta - quintali,TABLEGRAPES: uva da tavola,ALL: tutte le voci,2025,5370000,,,,"TIPO_DATO5__HP_Q_EXT_N1: Per tutte le coltivazioni foraggere temporanee e permanenti, a partire dal 2020 i valori di produzione sono espressi in quintali;<br />Dal 2020 sono diffusi i valori di produzione raccolta in quanto necessari per il calcolo della resa. <br />La serie storica e di conseguenza l'attendibilità dei dati diffusi negli anni precedenti non vengono compromessi perché, per le foraggere, i valori di produzione totale e raccolta coincidono.",W1200: W1200,,,,,,
IT1:101_1015(1.0),A: annuale,ITF4: Puglia,HP_Q_EXT: produzione raccolta - quintali,TABLEGRAPES: uva da tavola,ALL: tutte le voci,2026,5629550,,,,"TIPO_DATO5__HP_Q_EXT_N1: Per tutte le coltivazioni foraggere temporanee e permanenti, a partire dal 2020 i valori di produzione sono espressi in quintali;<br />Dal 2020 sono diffusi i valori di produzione raccolta in quanto necessari per il calcolo della resa. <br />La serie storica e di conseguenza l'attendibilità dei dati diffusi negli anni precedenti non vengono compromessi perché, per le foraggere, i valori di produzione totale e raccolta coincidono.",W1200: W1200,,,,,,
IT1:101_1015(1.0),A: annuale,ITF4: Puglia,HP_Q_EXT: produzione raccolta - quintali,WINEES: uva da vino,ALL: tutte le voci,2024,11542000,,,,"TIPO_DATO5__HP_Q_EXT_N1: Per tutte le coltivazioni foraggere temporanee e permanenti, a partire dal 2020 i valori di produzione sono espressi in quintali;<br />Dal 2020 sono diffusi i valori di produzione raccolta in quanto necessari per il calcolo della resa. <br />La serie storica e di conseguenza l'attendibilità dei dati diffusi negli anni precedenti non vengono compromessi perché, per le foraggere, i valori di produzione totale e raccolta coincidono.",W1100: W1100,,,,,,
IT1:101_1015(1.0),A: annuale,ITF4: Puglia,HP_Q_EXT: produzione raccolta - quintali,WINEES: uva da vino,ALL: tutte le voci,2025,10937200,,,,"TIPO_DATO5__HP_Q_EXT_N1: Per tutte le coltivazioni foraggere temporanee e permanenti, a partire dal 2020 i valori di produzione sono espressi in quintali;<br />Dal 2020 sono diffusi i valori di produzione raccolta in quanto necessari per il calcolo della resa. <br />La serie storica e di conseguenza l'attendibilità dei dati diffusi negli anni precedenti non vengono compromessi perché, per le foraggere, i valori di produzione totale e raccolta coincidono.",W1100: W1100,,,,,,
IT1:101_1015(1.0),A: annuale,ITF4: Puglia,HP_Q_EXT: produzione raccolta - quintali,WINEES: uva da vino,ALL: tutte le voci,2026,12288000,,,,"TIPO_DATO5__HP_Q_EXT_N1: Per tutte le coltivazioni foraggere temporanee e permanenti, a partire dal 2020 i valori di produzione sono espressi in quintali;<br />Dal 2020 sono diffusi i valori di produzione raccolta in quanto necessari per il calcolo della resa. <br />La serie storica e di conseguenza l'attendibilità dei dati diffusi negli anni precedenti non vengono compromessi perché, per le foraggere, i valori di produzione totale e raccolta coincidono.",W1100: W1100,,,,,,
IT1:101_1015(1.0),A: annuale,ITF4: Puglia,TP_QUIN_EXT: produzione totale - quintali,OLIVTAB_OIL: olive da tavola e da olio,ALL: tutte le voci,2024,8993100,,,,,O1000: O1000,,,,,,
IT1:101_1015(1.0),A: annuale,ITF4: Puglia,TP_QUIN_EXT: produzione totale - quintali,OLIVTAB_OIL: olive da tavola e da olio,ALL: tutte le voci,2025,11471040,,,,,O1000: O1000,,,,,,
IT1:101_1015(1.0),A: annuale,ITF4: Puglia,TP_QUIN_EXT: produzione totale - quintali,OLIVTAB_OIL: olive da tavola e da olio,ALL: tutte le voci,2026,8945000,,,,,O1000: O1000,,,,,,
IT1:101_1015(1.0),A: annuale,ITF4: Puglia,TP_QUIN_EXT: produzione totale - quintali,TABLEGRAPES: uva da tavola,ALL: tutte le voci,2024,5926000,,,,,W1200: W1200,,,,,,
IT1:101_1015(1.0),A: annuale,ITF4: Puglia,TP_QUIN_EXT: produzione totale - quintali,TABLEGRAPES: uva da tavola,ALL: tutte le voci,2025,6126000,,,,,W1200: W1200,,,,,,
IT1:101_1015(1.0),A: annuale,ITF4: Puglia,TP_QUIN_EXT: produzione totale - quintali,TABLEGRAPES: uva da tavola,ALL: tutte le voci,2026,6137550,,,,,W1200: W1200,,,,,,
IT1:101_1015(1.0),A: annuale,ITF4: Puglia,TP_QUIN_EXT: produzione totale - quintali,WINEES: uva da vino,ALL: tutte le voci,2024,11968000,,,,,W1100: W1100,,,,,,
IT1:101_1015(1.0),A: annuale,ITF4: Puglia,TP_QUIN_EXT: produzione totale - quintali,WINEES: uva da vino,ALL: tutte le voci,2025,11964000,,,,,W1100: W1100,,,,,,
IT1:101_1015(1.0),A: annuale,ITF4: Puglia,TP_QUIN_EXT: produzione totale - quintali,WINEES: uva da vino,ALL: tutte le voci,2026,13346000,,,,,W1100: W1100,,,,,,
IT1:101_1015(1.0),A: annuale,ITF5: Basilicata,ART: superficie totale - ettari,OLIVTAB_OIL: olive da tavola e da olio,ALL: tutte le voci,2024,26086,,,,,O1000: O1000,,,,,,
IT1:101_1015(1.0),A: annuale,ITF5: Basilicata,ART: superficie totale - ettari,OLIVTAB_OIL: olive da tavola e da olio,ALL: tutte le voci,2025,26086,,,,,O1000: O1000,,,,,,
IT1:101_1015(1.0),A: annuale,ITF5: Basilicata,ART: superficie totale - ettari,OLIVTAB_OIL: olive da tavola e da olio,ALL: tutte le voci,2026,26593,,,,,O1000: O1000,,,,,,
IT1:101_1015(1.0),A: annuale,ITF5: Basilicata,ART: superficie totale - ettari,TABLEGRAPES: uva da tavola,ALL: tutte le voci,2024,489,,,,,W1200: W1200,,,,,,
IT1:101_1015(1.0),A: annuale,ITF5: Basilicata,ART: superficie totale - ettari,TABLEGRAPES: uva da tavola,ALL: tutte le voci,2025,489,,,,,W1200: W1200,,,,,,
IT1:101_1015(1.0),A: annuale,ITF5: Basilicata,ART: superficie totale - ettari,TABLEGRAPES: uva da tavola,ALL: tutte le voci,2026,529,,,,,W1200: W1200,,,,,,
IT1:101_1015(1.0),A: annuale,ITF5: Basilicata,ART: superficie totale - ettari,WINEES: uva da vino,ALL: tutte le voci,2024,2027,,,,,W1100: W1100,,,,,,
IT1:101_1015(1.0),A: annuale,ITF5: Basilicata,ART: superficie totale - ettari,WINEES: uva da vino,ALL: tutte le voci,2025,2027,,,,,W1100: W1100,,,,,,
IT1:101_1015(1.0),A: annuale,ITF5: Basilicata,ART: superficie totale - ettari,WINEES: uva da vino,ALL: tutte le voci,2026,1964,,,,,W1100: W1100,,,,,,
IT1:101_1015(1.0),A: annuale,ITF5: Basilicata,HP_Q_EXT: produzione raccolta - quintali,OLIVTAB_OIL: olive da tavola e da olio,ALL: tutte le voci,2024,290794,,,,"TIPO_DATO5__HP_Q_EXT_N1: Per tutte le coltivazioni foraggere temporanee e permanenti, a partire dal 2020 i valori di produzione sono espressi in quintali;<br />Dal 2020 sono diffusi i valori di produzione raccolta in quanto necessari per il calcolo della resa. <br />La serie storica e di conseguenza l'attendibilità dei dati diffusi negli anni precedenti non vengono compromessi perché, per le foraggere, i valori di produzione totale e raccolta coincidono.",O1000: O1000,,,,,,
IT1:101_1015(1.0),A: annuale,ITF5: Basilicata,HP_Q_EXT: produzione raccolta - quintali,OLIVTAB_OIL: olive da tavola e da olio,ALL: tutte le voci,2025,290794,,,,"TIPO_DATO5__HP_Q_EXT_N1: Per tutte le coltivazioni foraggere temporanee e permanenti, a partire dal 2020 i valori di produzione sono espressi in quintali;<br />Dal 2020 sono diffusi i valori di produzione raccolta in quanto necessari per il calcolo della resa. <br />La serie storica e di conseguenza l'attendibilità dei dati diffusi negli anni precedenti non vengono compromessi perché, per le foraggere, i valori di produzione totale e raccolta coincidono.",O1000: O1000,,,,,,
IT1:101_1015(1.0),A: annuale,ITF5: Basilicata,HP_Q_EXT: produzione raccolta - quintali,OLIVTAB_OIL: olive da tavola e da olio,ALL: tutte le voci,2026,304976,,,,"TIPO_DATO5__HP_Q_EXT_N1: Per tutte le coltivazioni foraggere temporanee e permanenti, a partire dal 2020 i valori di produzione sono espressi in quintali;<br />Dal 2020 sono diffusi i valori di produzione raccolta in quanto necessari per il calcolo della resa. <br />La serie storica e di conseguenza l'attendibilità dei dati diffusi negli anni precedenti non vengono compromessi perché, per le foraggere, i valori di produzione totale e raccolta coincidono.",O1000: O1000,,,,,,
IT1:101_1015(1.0),A: annuale,ITF5: Basilicata,HP_Q_EXT: produzione raccolta - quintali,TABLEGRAPES: uva da tavola,ALL: tutte le voci,2024,123471,,,,"TIPO_DATO5__HP_Q_EXT_N1: Per tutte le coltivazioni foraggere temporanee e permanenti, a partire dal 2020 i valori di produzione sono espressi in quintali;<br />Dal 2020 sono diffusi i valori di produzione raccolta in quanto necessari per il calcolo della resa. <br />La serie storica e di conseguenza l'attendibilità dei dati diffusi negli anni precedenti non vengono compromessi perché, per le foraggere, i valori di produzione totale e raccolta coincidono.",W1200: W1200,,,,,,
IT1:101_1015(1.0),A: annuale,ITF5: Basilicata,HP_Q_EXT: produzione raccolta - quintali,TABLEGRAPES: uva da tavola,ALL: tutte le voci,2025,123471,,,,"TIPO_DATO5__HP_Q_EXT_N1: Per tutte le coltivazioni foraggere temporanee e permanenti, a partire dal 2020 i valori di produzione sono espressi in quintali;<br />Dal 2020 sono diffusi i valori di produzione raccolta in quanto necessari per il calcolo della resa. <br />La serie storica e di conseguenza l'attendibilità dei dati diffusi negli anni precedenti non vengono compromessi perché, per le foraggere, i valori di produzione totale e raccolta coincidono.",W1200: W1200,,,,,,
IT1:101_1015(1.0),A: annuale,ITF5: Basilicata,HP_Q_EXT: produzione raccolta - quintali,TABLEGRAPES: uva da tavola,ALL: tutte le voci,2026,109184,,,,"TIPO_DATO5__HP_Q_EXT_N1: Per tutte le coltivazioni foraggere temporanee e permanenti, a partire dal 2020 i valori di produzione sono espressi in quintali;<br />Dal 2020 sono diffusi i valori di produzione raccolta in quanto necessari per il calcolo della resa. <br />La serie storica e di conseguenza l'attendibilità dei dati diffusi negli anni precedenti non vengono compromessi perché, per le foraggere, i valori di produzione totale e raccolta coincidono.",W1200: W1200,,,,,,
IT1:101_1015(1.0),A: annuale,ITF5: Basilicata,HP_Q_EXT: produzione raccolta - quintali,WINEES: uva da vino,ALL: tutte le voci,2024,155429,,,,"TIPO_DATO5__HP_Q_EXT_N1: Per tutte le coltivazioni foraggere temporanee e permanenti, a partire dal 2020 i valori di produzione sono espressi in quintali;<br />Dal 2020 sono diffusi i valori di produzione raccolta in quanto necessari per il calcolo della resa. <br />La serie storica e di conseguenza l'attendibilità dei dati diffusi negli anni precedenti non vengono compromessi perché, per le foraggere, i valori di produzione totale e raccolta coincidono.",W1100: W1100,,,,,,
IT1:101_1015(1.0),A: annuale,ITF5: Basilicata,HP_Q_EXT: produzione raccolta - quintali,WINEES: uva da vino,ALL: tutte le voci,2025,155429,,,,"TIPO_DATO5__HP_Q_EXT_N1: Per tutte le coltivazioni foraggere temporanee e permanenti, a partire dal 2020 i valori di produzione sono espressi in quintali;<br />Dal 2020 sono diffusi i valori di produzione raccolta in quanto necessari per il calcolo della resa. <br />La serie storica e di conseguenza l'attendibilità dei dati diffusi negli anni precedenti non vengono compromessi perché, per le foraggere, i valori di produzione totale e raccolta coincidono.",W1100: W1100,,,,,,
IT1:101_1015(1.0),A: annuale,ITF5: Basilicata,HP_Q_EXT: produzione raccolta - quintali,WINEES: uva da vino,ALL: tutte le voci,2026,96736,,,,"TIPO_DATO5__HP_Q_EXT_N1: Per tutte le coltivazioni foraggere temporanee e permanenti, a partire dal 2020 i valori di produzione sono espressi in quintali;<br />Dal 2020 sono diffusi i valori di produzione raccolta in quanto necessari per il calcolo della resa. <br />La serie storica e di conseguenza l'attendibilità dei dati diffusi negli anni precedenti non vengono compromessi perché, per le foraggere, i valori di produzione totale e raccolta coincidono.",W1100: W1100,,,,,,
IT1:101_1015(1.0),A: annuale,ITF5: Basilicata,TP_QUIN_EXT: produzione totale - quintali,OLIVTAB_OIL: olive da tavola e da olio,ALL: tutte le voci,2024,307357,,,,,O1000: O1000,,,,,,
IT1:101_1015(1.0),A: annuale,ITF5: Basilicata,TP_QUIN_EXT: produzione totale - quintali,OLIVTAB_OIL: olive da tavola e da olio,ALL: tutte le voci,2025,307357,,,,,O1000: O1000,,,,,,
IT1:101_1015(1.0),A: annuale,ITF5: Basilicata,TP_QUIN_EXT: produzione totale - quintali,OLIVTAB_OIL: olive da tavola e da olio,ALL: tutte le voci,2026,307076,,,,,O1000: O1000,,,,,,
IT1:101_1015(1.0),A: annuale,ITF5: Basilicata,TP_QUIN_EXT: produzione totale - quintali,TABLEGRAPES: uva da tavola,ALL: tutte le voci,2024,124228,,,,,W1200: W1200,,,,,,
IT1:101_1015(1.0),A: annuale,ITF5: Basilicata,TP_QUIN_EXT: produzione totale - quintali,TABLEGRAPES: uva da tavola,ALL: tutte le voci,2025,124228,,,,,W1200: W1200,,,,,,
IT1:101_1015(1.0),A: annuale,ITF5: Basilicata,TP_QUIN_EXT: produzione totale - quintali,TABLEGRAPES: uva da tavola,ALL: tutte le voci,2026,109400,,,,,W1200: W1200,,,,,,
IT1:101_1015(1.0),A: annuale,ITF5: Basilicata,TP_QUIN_EXT: produzione totale - quintali,WINEES: uva da vino,ALL: tutte le voci,2024,182278,,,,,W1100: W1100,,,,,,
IT1:101_1015(1.0),A: annuale,ITF5: Basilicata,TP_QUIN_EXT: produzione totale - quintali,WINEES: uva da vino,ALL: tutte le voci,2025,182278,,,,,W1100: W1100,,,,,,
IT1:101_1015(1.0),A: annuale,ITF5: Basilicata,TP_QUIN_EXT: produzione totale - quintali,WINEES: uva da vino,ALL: tutte le voci,2026,97375,,,,,W1100: W1100,,,,,,
IT1:101_1015(1.0),A: annuale,ITF6: Calabria,ART: superficie totale - ettari,OLIVTAB_OIL: olive da tavola e da olio,ALL: tutte le voci,2024,184682,,,,,O1000: O1000,,,,,,
IT1:101_1015(1.0),A: annuale,ITF6: Calabria,ART: superficie totale - ettari,OLIVTAB_OIL: olive da tavola e da olio,ALL: tutte le voci,2025,184682,,,,,O1000: O1000,,,,,,
IT1:101_1015(1.0),A: annuale,ITF6: Calabria,ART: superficie totale - ettari,OLIVTAB_OIL: olive da tavola e da olio,ALL: tutte le voci,2026,184394,,,,,O1000: O1000,,,,,,
IT1:101_1015(1.0),A: annuale,ITF6: Calabria,ART: superficie totale - ettari,TABLEGRAPES: uva da tavola,ALL: tutte le voci,2024,328,,,,,W1200: W1200,,,,,,
IT1:101_1015(1.0),A: annuale,ITF6: Calabria,ART: superficie totale - ettari,TABLEGRAPES: uva da tavola,ALL: tutte le voci,2025,328,,,,,W1200: W1200,,,,,,
IT1:101_1015(1.0),A: annuale,ITF6: Calabria,ART: superficie totale - ettari,TABLEGRAPES: uva da tavola,ALL: tutte le voci,2026,331,,,,,W1200: W1200,,,,,,
IT1:101_1015(1.0),A: annuale,ITF6: Calabria,ART: superficie totale - ettari,WINEES: uva da vino,ALL: tutte le voci,2024,8921,,,,,W1100: W1100,,,,,,
IT1:101_1015(1.0),A: annuale,ITF6: Calabria,ART: superficie totale - ettari,WINEES: uva da vino,ALL: tutte le voci,2025,8922,,,,,W1100: W1100,,,,,,
IT1:101_1015(1.0),A: annuale,ITF6: Calabria,ART: superficie totale - ettari,WINEES: uva da vino,ALL: tutte le voci,2026,9121,,,,,W1100: W1100,,,,,,
IT1:101_1015(1.0),A: annuale,ITF6: Calabria,HP_Q_EXT: produzione raccolta - quintali,OLIVTAB_OIL: olive da tavola e da olio,ALL: tutte le voci,2024,5440306,,,,"TIPO_DATO5__HP_Q_EXT_N1: Per tutte le coltivazioni foraggere temporanee e permanenti, a partire dal 2020 i valori di produzione sono espressi in quintali;<br />Dal 2020 sono diffusi i valori di produzione raccolta in quanto necessari per il calcolo della resa. <br />La serie storica e di conseguenza l'attendibilità dei dati diffusi negli anni precedenti non vengono compromessi perché, per le foraggere, i valori di produzione totale e raccolta coincidono.",O1000: O1000,,,,,,
IT1:101_1015(1.0),A: annuale,ITF6: Calabria,HP_Q_EXT: produzione raccolta - quintali,OLIVTAB_OIL: olive da tavola e da olio,ALL: tutte le voci,2025,5462806,,,,"TIPO_DATO5__HP_Q_EXT_N1: Per tutte le coltivazioni foraggere temporanee e permanenti, a partire dal 2020 i valori di produzione sono espressi in quintali;<br />Dal 2020 sono diffusi i valori di produzione raccolta in quanto necessari per il calcolo della resa. <br />La serie storica e di conseguenza l'attendibilità dei dati diffusi negli anni precedenti non vengono compromessi perché, per le foraggere, i valori di produzione totale e raccolta coincidono.",O1000: O1000,,,,,,
IT1:101_1015(1.0),A: annuale,ITF6: Calabria,HP_Q_EXT: produzione raccolta - quintali,OLIVTAB_OIL: olive da tavola e da olio,ALL: tutte le voci,2026,6464362,,,,"TIPO_DATO5__HP_Q_EXT_N1: Per tutte le coltivazioni foraggere temporanee e permanenti, a partire dal 2020 i valori di produzione sono espressi in quintali;<br />Dal 2020 sono diffusi i valori di produzione raccolta in quanto necessari per il calcolo della resa. <br />La serie storica e di conseguenza l'attendibilità dei dati diffusi negli anni precedenti non vengono compromessi perché, per le foraggere, i valori di produzione totale e raccolta coincidono.",O1000: O1000,,,,,,
IT1:101_1015(1.0),A: annuale,ITF6: Calabria,HP_Q_EXT: produzione raccolta - quintali,TABLEGRAPES: uva da tavola,ALL: tutte le voci,2024,54972,,,,"TIPO_DATO5__HP_Q_EXT_N1: Per tutte le coltivazioni foraggere temporanee e permanenti, a partire dal 2020 i valori di produzione sono espressi in quintali;<br />Dal 2020 sono diffusi i valori di produzione raccolta in quanto necessari per il calcolo della resa. <br />La serie storica e di conseguenza l'attendibilità dei dati diffusi negli anni precedenti non vengono compromessi perché, per le foraggere, i valori di produzione totale e raccolta coincidono.",W1200: W1200,,,,,,
IT1:101_1015(1.0),A: annuale,ITF6: Calabria,HP_Q_EXT: produzione raccolta - quintali,TABLEGRAPES: uva da tavola,ALL: tutte le voci,2025,54769,,,,"TIPO_DATO5__HP_Q_EXT_N1: Per tutte le coltivazioni foraggere temporanee e permanenti, a partire dal 2020 i valori di produzione sono espressi in quintali;<br />Dal 2020 sono diffusi i valori di produzione raccolta in quanto necessari per il calcolo della resa. <br />La serie storica e di conseguenza l'attendibilità dei dati diffusi negli anni precedenti non vengono compromessi perché, per le foraggere, i valori di produzione totale e raccolta coincidono.",W1200: W1200,,,,,,
IT1:101_1015(1.0),A: annuale,ITF6: Calabria,HP_Q_EXT: produzione raccolta - quintali,TABLEGRAPES: uva da tavola,ALL: tutte le voci,2026,51424,,,,"TIPO_DATO5__HP_Q_EXT_N1: Per tutte le coltivazioni foraggere temporanee e permanenti, a partire dal 2020 i valori di produzione sono espressi in quintali;<br />Dal 2020 sono diffusi i valori di produzione raccolta in quanto necessari per il calcolo della resa. <br />La serie storica e di conseguenza l'attendibilità dei dati diffusi negli anni precedenti non vengono compromessi perché, per le foraggere, i valori di produzione totale e raccolta coincidono.",W1200: W1200,,,,,,
IT1:101_1015(1.0),A: annuale,ITF6: Calabria,HP_Q_EXT: produzione raccolta - quintali,WINEES: uva da vino,ALL: tutte le voci,2024,388259,,,,"TIPO_DATO5__HP_Q_EXT_N1: Per tutte le coltivazioni foraggere temporanee e permanenti, a partire dal 2020 i valori di produzione sono espressi in quintali;<br />Dal 2020 sono diffusi i valori di produzione raccolta in quanto necessari per il calcolo della resa. <br />La serie storica e di conseguenza l'attendibilità dei dati diffusi negli anni precedenti non vengono compromessi perché, per le foraggere, i valori di produzione totale e raccolta coincidono.",W1100: W1100,,,,,,
IT1:101_1015(1.0),A: annuale,ITF6: Calabria,HP_Q_EXT: produzione raccolta - quintali,WINEES: uva da vino,ALL: tutte le voci,2025,387030,,,,"TIPO_DATO5__HP_Q_EXT_N1: Per tutte le coltivazioni foraggere temporanee e permanenti, a partire dal 2020 i valori di produzione sono espressi in quintali;<br />Dal 2020 sono diffusi i valori di produzione raccolta in quanto necessari per il calcolo della resa. <br />La serie storica e di conseguenza l'attendibilità dei dati diffusi negli anni precedenti non vengono compromessi perché, per le foraggere, i valori di produzione totale e raccolta coincidono.",W1100: W1100,,,,,,
IT1:101_1015(1.0),A: annuale,ITF6: Calabria,HP_Q_EXT: produzione raccolta - quintali,WINEES: uva da vino,ALL: tutte le voci,2026,381129,,,,"TIPO_DATO5__HP_Q_EXT_N1: Per tutte le coltivazioni foraggere temporanee e permanenti, a partire dal 2020 i valori di produzione sono espressi in quintali;<br />Dal 2020 sono diffusi i valori di produzione raccolta in quanto necessari per il calcolo della resa. <br />La serie storica e di conseguenza l'attendibilità dei dati diffusi negli anni precedenti non vengono compromessi perché, per le foraggere, i valori di produzione totale e raccolta coincidono.",W1100: W1100,,,,,,
IT1:101_1015(1.0),A: annuale,ITF6: Calabria,TP_QUIN_EXT: produzione totale - quintali,OLIVTAB_OIL: olive da tavola e da olio,ALL: tutte le voci,2024,5901554,,,,,O1000: O1000,,,,,,
IT1:101_1015(1.0),A: annuale,ITF6: Calabria,TP_QUIN_EXT: produzione totale - quintali,OLIVTAB_OIL: olive da tavola e da olio,ALL: tutte le voci,2025,5829979,,,,,O1000: O1000,,,,,,
IT1:101_1015(1.0),A: annuale,ITF6: Calabria,TP_QUIN_EXT: produzione totale - quintali,OLIVTAB_OIL: olive da tavola e da olio,ALL: tutte le voci,2026,6529281,,,,,O1000: O1000,,,,,,
IT1:101_1015(1.0),A: annuale,ITF6: Calabria,TP_QUIN_EXT: produzione totale - quintali,TABLEGRAPES: uva da tavola,ALL: tutte le voci,2024,55840,,,,,W1200: W1200,,,,,,
IT1:101_1015(1.0),A: annuale,ITF6: Calabria,TP_QUIN_EXT: produzione totale - quintali,TABLEGRAPES: uva da tavola,ALL: tutte le voci,2025,55720,,,,,W1200: W1200,,,,,,
IT1:101_1015(1.0),A: annuale,ITF6: Calabria,TP_QUIN_EXT: produzione totale - quintali,TABLEGRAPES: uva da tavola,ALL: tutte le voci,2026,52360,,,,,W1200: W1200,,,,,,
IT1:101_1015(1.0),A: annuale,ITF6: Calabria,TP_QUIN_EXT: produzione totale - quintali,WINEES: uva da vino,ALL: tutte le voci,2024,390101,,,,,W1100: W1100,,,,,,
IT1:101_1015(1.0),A: annuale,ITF6: Calabria,TP_QUIN_EXT: produzione totale - quintali,WINEES: uva da vino,ALL: tutte le voci,2025,388375,,,,,W1100: W1100,,,,,,
IT1:101_1015(1.0),A: annuale,ITF6: Calabria,TP_QUIN_EXT: produzione totale - quintali,WINEES: uva da vino,ALL: tutte le voci,2026,381742,,,,,W1100: W1100,,,,,,
IT1:101_1015(1.0),A: annuale,ITG1: Sicilia,ART: superficie totale - ettari,OLIVTAB_OIL: olive da tavola e da olio,ALL: tutte le voci,2024,161747,,,,,O1000: O1000,,,,,,
IT1:101_1015(1.0),A: annuale,ITG1: Sicilia,ART: superficie totale - ettari,OLIVTAB_OIL: olive da tavola e da olio,ALL: tutte le voci,2025,161751,,,,,O1000: O1000,,,,,,
IT1:101_1015(1.0),A: annuale,ITG1: Sicilia,ART: superficie totale - ettari,OLIVTAB_OIL: olive da tavola e da olio,ALL: tutte le voci,2026,162826,,,,,O1000: O1000,,,,,,
IT1:101_1015(1.0),A: annuale,ITG1: Sicilia,ART: superficie totale - ettari,TABLEGRAPES: uva da tavola,ALL: tutte le voci,2024,18845,,,,,W1200: W1200,,,,,,
IT1:101_1015(1.0),A: annuale,ITG1: Sicilia,ART: superficie totale - ettari,TABLEGRAPES: uva da tavola,ALL: tutte le voci,2025,18877,,,,,W1200: W1200,,,,,,
IT1:101_1015(1.0),A: annuale,ITG1: Sicilia,ART: superficie totale - ettari,TABLEGRAPES: uva da tavola,ALL: tutte le voci,2026,12084,,,,,W1200: W1200,,,,,,
IT1:101_1015(1.0),A: annuale,ITG1: Sicilia,ART: superficie totale - ettari,WINEES: uva da vino,ALL: tutte le voci,2024,118292,,,,,W1100: W1100,,,,,,
IT1:101_1015(1.0),A: annuale,ITG1: Sicilia,ART: superficie totale - ettari,WINEES: uva da vino,ALL: tutte le voci,2025,118329,,,,,W1100: W1100,,,,,,
IT1:101_1015(1.0),A: annuale,ITG1: Sicilia,ART: superficie totale - ettari,WINEES: uva da vino,ALL: tutte le voci,2026,105922,,,,,W1100: W1100,,,,,,
IT1:101_1015(1.0),A: annuale,ITG1: Sicilia,HP_Q_EXT: produzione raccolta - quintali,OLIVTAB_OIL: olive da tavola e da olio,ALL: tutte le voci,2024,3171322,,,,"TIPO_DATO5__HP_Q_EXT_N1: Per tutte le coltivazioni foraggere temporanee e permanenti, a partire dal 2020 i valori di produzione sono espressi in quintali;<br />Dal 2020 sono diffusi i valori di produzione raccolta in quanto necessari per il calcolo della resa. <br />La serie storica e di conseguenza l'attendibilità dei dati diffusi negli anni precedenti non vengono compromessi perché, per le foraggere, i valori di produzione totale e raccolta coincidono.",O1000: O1000,,,,,,
IT1:101_1015(1.0),A: annuale,ITG1: Sicilia,HP_Q_EXT: produzione raccolta - quintali,OLIVTAB_OIL: olive da tavola e da olio,ALL: tutte le voci,2025,3067369,,,,"TIPO_DATO5__HP_Q_EXT_N1: Per tutte le coltivazioni foraggere temporanee e permanenti, a partire dal 2020 i valori di produzione sono espressi in quintali;<br />Dal 2020 sono diffusi i valori di produzione raccolta in quanto necessari per il calcolo della resa. <br />La serie storica e di conseguenza l'attendibilità dei dati diffusi negli anni precedenti non vengono compromessi perché, per le foraggere, i valori di produzione totale e raccolta coincidono.",O1000: O1000,,,,,,
IT1:101_1015(1.0),A: annuale,ITG1: Sicilia,HP_Q_EXT: produzione raccolta - quintali,OLIVTAB_OIL: olive da tavola e da olio,ALL: tutte le voci,2026,3226419,,,,"TIPO_DATO5__HP_Q_EXT_N1: Per tutte le coltivazioni foraggere temporanee e permanenti, a partire dal 2020 i valori di produzione sono espressi in quintali;<br />Dal 2020 sono diffusi i valori di produzione raccolta in quanto necessari per il calcolo della resa. <br />La serie storica e di conseguenza l'attendibilità dei dati diffusi negli anni precedenti non vengono compromessi perché, per le foraggere, i valori di produzione totale e raccolta coincidono.",O1000: O1000,,,,,,
IT1:101_1015(1.0),A: annuale,ITG1: Sicilia,HP_Q_EXT: produzione raccolta - quintali,TABLEGRAPES: uva da tavola,ALL: tutte le voci,2024,3828516,,,,"TIPO_DATO5__HP_Q_EXT_N1: Per tutte le coltivazioni foraggere temporanee e permanenti, a partire dal 2020 i valori di produzione sono espressi in quintali;<br />Dal 2020 sono diffusi i valori di produzione raccolta in quanto necessari per il calcolo della resa. <br />La serie storica e di conseguenza l'attendibilità dei dati diffusi negli anni precedenti non vengono compromessi perché, per le foraggere, i valori di produzione totale e raccolta coincidono.",W1200: W1200,,,,,,
IT1:101_1015(1.0),A: annuale,ITG1: Sicilia,HP_Q_EXT: produzione raccolta - quintali,TABLEGRAPES: uva da tavola,ALL: tutte le voci,2025,3781075,,,,"TIPO_DATO5__HP_Q_EXT_N1: Per tutte le coltivazioni foraggere temporanee e permanenti, a partire dal 2020 i valori di produzione sono espressi in quintali;<br />Dal 2020 sono diffusi i valori di produzione raccolta in quanto necessari per il calcolo della resa. <br />La serie storica e di conseguenza l'attendibilità dei dati diffusi negli anni precedenti non vengono compromessi perché, per le foraggere, i valori di produzione totale e raccolta coincidono.",W1200: W1200,,,,,,
IT1:101_1015(1.0),A: annuale,ITG1: Sicilia,HP_Q_EXT: produzione raccolta - quintali,TABLEGRAPES: uva da tavola,ALL: tutte le voci,2026,2635274,,,,"TIPO_DATO5__HP_Q_EXT_N1: Per tutte le coltivazioni foraggere temporanee e permanenti, a partire dal 2020 i valori di produzione sono espressi in quintali;<br />Dal 2020 sono diffusi i valori di produzione raccolta in quanto necessari per il calcolo della resa. <br />La serie storica e di conseguenza l'attendibilità dei dati diffusi negli anni precedenti non vengono compromessi perché, per le foraggere, i valori di produzione totale e raccolta coincidono.",W1200: W1200,,,,,,
IT1:101_1015(1.0),A: annuale,ITG1: Sicilia,HP_Q_EXT: produzione raccolta - quintali,WINEES: uva da vino,ALL: tutte le voci,2024,5541794,,,,"TIPO_DATO5__HP_Q_EXT_N1: Per tutte le coltivazioni foraggere temporanee e permanenti, a partire dal 2020 i valori di produzione sono espressi in quintali;<br />Dal 2020 sono diffusi i valori di produzione raccolta in quanto necessari per il calcolo della resa. <br />La serie storica e di conseguenza l'attendibilità dei dati diffusi negli anni precedenti non vengono compromessi perché, per le foraggere, i valori di produzione totale e raccolta coincidono.",W1100: W1100,,,,,,
IT1:101_1015(1.0),A: annuale,ITG1: Sicilia,HP_Q_EXT: produzione raccolta - quintali,WINEES: uva da vino,ALL: tutte le voci,2025,5642785,,,,"TIPO_DATO5__HP_Q_EXT_N1: Per tutte le coltivazioni foraggere temporanee e permanenti, a partire dal 2020 i valori di produzione sono espressi in quintali;<br />Dal 2020 sono diffusi i valori di produzione raccolta in quanto necessari per il calcolo della resa. <br />La serie storica e di conseguenza l'attendibilità dei dati diffusi negli anni precedenti non vengono compromessi perché, per le foraggere, i valori di produzione totale e raccolta coincidono.",W1100: W1100,,,,,,
IT1:101_1015(1.0),A: annuale,ITG1: Sicilia,HP_Q_EXT: produzione raccolta - quintali,WINEES: uva da vino,ALL: tutte le voci,2026,6469780,,,,"TIPO_DATO5__HP_Q_EXT_N1: Per tutte le coltivazioni foraggere temporanee e permanenti, a partire dal 2020 i valori di produzione sono espressi in quintali;<br />Dal 2020 sono diffusi i valori di produzione raccolta in quanto necessari per il calcolo della resa. <br />La serie storica e di conseguenza l'attendibilità dei dati diffusi negli anni precedenti non vengono compromessi perché, per le foraggere, i valori di produzione totale e raccolta coincidono.",W1100: W1100,,,,,,
IT1:101_1015(1.0),A: annuale,ITG1: Sicilia,TP_QUIN_EXT: produzione totale - quintali,OLIVTAB_OIL: olive da tavola e da olio,ALL: tutte le voci,2024,3192171,,,,,O1000: O1000,,,,,,
IT1:101_1015(1.0),A: annuale,ITG1: Sicilia,TP_QUIN_EXT: produzione totale - quintali,OLIVTAB_OIL: olive da tavola e da olio,ALL: tutte le voci,2025,3132490,,,,,O1000: O1000,,,,,,
IT1:101_1015(1.0),A: annuale,ITG1: Sicilia,TP_QUIN_EXT: produzione totale - quintali,OLIVTAB_OIL: olive da tavola e da olio,ALL: tutte le voci,2026,3327924,,,,,O1000: O1000,,,,,,
IT1:101_1015(1.0),A: annuale,ITG1: Sicilia,TP_QUIN_EXT: produzione totale - quintali,TABLEGRAPES: uva da tavola,ALL: tutte le voci,2024,3949200,,,,,W1200: W1200,,,,,,
IT1:101_1015(1.0),A: annuale,ITG1: Sicilia,TP_QUIN_EXT: produzione totale - quintali,TABLEGRAPES: uva da tavola,ALL: tutte le voci,2025,3885510,,,,,W1200: W1200,,,,,,
IT1:101_1015(1.0),A: annuale,ITG1: Sicilia,TP_QUIN_EXT: produzione totale - quintali,TABLEGRAPES: uva da tavola,ALL: tutte le voci,2026,2760960,,,,,W1200: W1200,,,,,,
IT1:101_1015(1.0),A: annuale,ITG1: Sicilia,TP_QUIN_EXT: produzione totale - quintali,WINEES: uva da vino,ALL: tutte le voci,2024,5688830,,,,,W1100: W1100,,,,,,
IT1:101_1015(1.0),A: annuale,ITG1: Sicilia,TP_QUIN_EXT: produzione totale - quintali,WINEES: uva da vino,ALL: tutte le voci,2025,5829489,,,,,W1100: W1100,,,,,,
IT1:101_1015(1.0),A: annuale,ITG1: Sicilia,TP_QUIN_EXT: produzione totale - quintali,WINEES: uva da vino,ALL: tutte le voci,2026,6565470,,,,,W1100: W1100,,,,,,
IT1:101_1015(1.0),A: annuale,ITG2: Sardegna,ART: superficie totale - ettari,OLIVTAB_OIL: olive da tavola e da olio,ALL: tutte le voci,2024,40646,,,,,O1000: O1000,,,,,,
IT1:101_1015(1.0),A: annuale,ITG2: Sardegna,ART: superficie totale - ettari,OLIVTAB_OIL: olive da tavola e da olio,ALL: tutte le voci,2025,38236,,,,,O1000: O1000,,,,,,
IT1:101_1015(1.0),A: annuale,ITG2: Sardegna,ART: superficie totale - ettari,OLIVTAB_OIL: olive da tavola e da olio,ALL: tutte le voci,2026,38264,,,,,O1000: O1000,,,,,,
IT1:101_1015(1.0),A: annuale,ITG2: Sardegna,ART: superficie totale - ettari,TABLEGRAPES: uva da tavola,ALL: tutte le voci,2024,559,,,,,W1200: W1200,,,,,,
IT1:101_1015(1.0),A: annuale,ITG2: Sardegna,ART: superficie totale - ettari,TABLEGRAPES: uva da tavola,ALL: tutte le voci,2025,561,,,,,W1200: W1200,,,,,,
IT1:101_1015(1.0),A: annuale,ITG2: Sardegna,ART: superficie totale - ettari,TABLEGRAPES: uva da tavola,ALL: tutte le voci,2026,431,,,,,W1200: W1200,,,,,,
IT1:101_1015(1.0),A: annuale,ITG2: Sardegna,ART: superficie totale - ettari,WINEES: uva da vino,ALL: tutte le voci,2024,26709,,,,,W1100: W1100,,,,,,
IT1:101_1015(1.0),A: annuale,ITG2: Sardegna,ART: superficie totale - ettari,WINEES: uva da vino,ALL: tutte le voci,2025,26718,,,,,W1100: W1100,,,,,,
IT1:101_1015(1.0),A: annuale,ITG2: Sardegna,ART: superficie totale - ettari,WINEES: uva da vino,ALL: tutte le voci,2026,26720,,,,,W1100: W1100,,,,,,
IT1:101_1015(1.0),A: annuale,ITG2: Sardegna,HP_Q_EXT: produzione raccolta - quintali,OLIVTAB_OIL: olive da tavola e da olio,ALL: tutte le voci,2024,704933,,,,"TIPO_DATO5__HP_Q_EXT_N1: Per tutte le coltivazioni foraggere temporanee e permanenti, a partire dal 2020 i valori di produzione sono espressi in quintali;<br />Dal 2020 sono diffusi i valori di produzione raccolta in quanto necessari per il calcolo della resa. <br />La serie storica e di conseguenza l'attendibilità dei dati diffusi negli anni precedenti non vengono compromessi perché, per le foraggere, i valori di produzione totale e raccolta coincidono.",O1000: O1000,,,,,,
IT1:101_1015(1.0),A: annuale,ITG2: Sardegna,HP_Q_EXT: produzione raccolta - quintali,OLIVTAB_OIL: olive da tavola e da olio,ALL: tutte le voci,2025,531512,,,,"TIPO_DATO5__HP_Q_EXT_N1: Per tutte le coltivazioni foraggere temporanee e permanenti, a partire dal 2020 i valori di produzione sono espressi in quintali;<br />Dal 2020 sono diffusi i valori di produzione raccolta in quanto necessari per il calcolo della resa. <br />La serie storica e di conseguenza l'attendibilità dei dati diffusi negli anni precedenti non vengono compromessi perché, per le foraggere, i valori di produzione totale e raccolta coincidono.",O1000: O1000,,,,,,
IT1:101_1015(1.0),A: annuale,ITG2: Sardegna,HP_Q_EXT: produzione raccolta - quintali,OLIVTAB_OIL: olive da tavola e da olio,ALL: tutte le voci,2026,529310,,,,"TIPO_DATO5__HP_Q_EXT_N1: Per tutte le coltivazioni foraggere temporanee e permanenti, a partire dal 2020 i valori di produzione sono espressi in quintali;<br />Dal 2020 sono diffusi i valori di produzione raccolta in quanto necessari per il calcolo della resa. <br />La serie storica e di conseguenza l'attendibilità dei dati diffusi negli anni precedenti non vengono compromessi perché, per le foraggere, i valori di produzione totale e raccolta coincidono.",O1000: O1000,,,,,,
IT1:101_1015(1.0),A: annuale,ITG2: Sardegna,HP_Q_EXT: produzione raccolta - quintali,TABLEGRAPES: uva da tavola,ALL: tutte le voci,2024,23620,,,,"TIPO_DATO5__HP_Q_EXT_N1: Per tutte le coltivazioni foraggere temporanee e permanenti, a partire dal 2020 i valori di produzione sono espressi in quintali;<br />Dal 2020 sono diffusi i valori di produzione raccolta in quanto necessari per il calcolo della resa. <br />La serie storica e di conseguenza l'attendibilità dei dati diffusi negli anni precedenti non vengono compromessi perché, per le foraggere, i valori di produzione totale e raccolta coincidono.",W1200: W1200,,,,,,
IT1:101_1015(1.0),A: annuale,ITG2: Sardegna,HP_Q_EXT: produzione raccolta - quintali,TABLEGRAPES: uva da tavola,ALL: tutte le voci,2025,23620,,,,"TIPO_DATO5__HP_Q_EXT_N1: Per tutte le coltivazioni foraggere temporanee e permanenti, a partire dal 2020 i valori di produzione sono espressi in quintali;<br />Dal 2020 sono diffusi i valori di produzione raccolta in quanto necessari per il calcolo della resa. <br />La serie storica e di conseguenza l'attendibilità dei dati diffusi negli anni precedenti non vengono compromessi perché, per le foraggere, i valori di produzione totale e raccolta coincidono.",W1200: W1200,,,,,,
IT1:101_1015(1.0),A: annuale,ITG2: Sardegna,HP_Q_EXT: produzione raccolta - quintali,TABLEGRAPES: uva da tavola,ALL: tutte le voci,2026,16813,,,,"TIPO_DATO5__HP_Q_EXT_N1: Per tutte le coltivazioni foraggere temporanee e permanenti, a partire dal 2020 i valori di produzione sono espressi in quintali;<br />Dal 2020 sono diffusi i valori di produzione raccolta in quanto necessari per il calcolo della resa. <br />La serie storica e di conseguenza l'attendibilità dei dati diffusi negli anni precedenti non vengono compromessi perché, per le foraggere, i valori di produzione totale e raccolta coincidono.",W1200: W1200,,,,,,
IT1:101_1015(1.0),A: annuale,ITG2: Sardegna,HP_Q_EXT: produzione raccolta - quintali,WINEES: uva da vino,ALL: tutte le voci,2024,580860,,,,"TIPO_DATO5__HP_Q_EXT_N1: Per tutte le coltivazioni foraggere temporanee e permanenti, a partire dal 2020 i valori di produzione sono espressi in quintali;<br />Dal 2020 sono diffusi i valori di produzione raccolta in quanto necessari per il calcolo della resa. <br />La serie storica e di conseguenza l'attendibilità dei dati diffusi negli anni precedenti non vengono compromessi perché, per le foraggere, i valori di produzione totale e raccolta coincidono.",W1100: W1100,,,,,,
IT1:101_1015(1.0),A: annuale,ITG2: Sardegna,HP_Q_EXT: produzione raccolta - quintali,WINEES: uva da vino,ALL: tutte le voci,2025,588067,,,,"TIPO_DATO5__HP_Q_EXT_N1: Per tutte le coltivazioni foraggere temporanee e permanenti, a partire dal 2020 i valori di produzione sono espressi in quintali;<br />Dal 2020 sono diffusi i valori di produzione raccolta in quanto necessari per il calcolo della resa. <br />La serie storica e di conseguenza l'attendibilità dei dati diffusi negli anni precedenti non vengono compromessi perché, per le foraggere, i valori di produzione totale e raccolta coincidono.",W1100: W1100,,,,,,
IT1:101_1015(1.0),A: annuale,ITG2: Sardegna,HP_Q_EXT: produzione raccolta - quintali,WINEES: uva da vino,ALL: tutte le voci,2026,623184,,,,"TIPO_DATO5__HP_Q_EXT_N1: Per tutte le coltivazioni foraggere temporanee e permanenti, a partire dal 2020 i valori di produzione sono espressi in quintali;<br />Dal 2020 sono diffusi i valori di produzione raccolta in quanto necessari per il calcolo della resa. <br />La serie storica e di conseguenza l'attendibilità dei dati diffusi negli anni precedenti non vengono compromessi perché, per le foraggere, i valori di produzione totale e raccolta coincidono.",W1100: W1100,,,,,,
IT1:101_1015(1.0),A: annuale,ITG2: Sardegna,TP_QUIN_EXT: produzione totale - quintali,OLIVTAB_OIL: olive da tavola e da olio,ALL: tutte le voci,2024,723896,,,,,O1000: O1000,,,,,,
IT1:101_1015(1.0),A: annuale,ITG2: Sardegna,TP_QUIN_EXT: produzione totale - quintali,OLIVTAB_OIL: olive da tavola e da olio,ALL: tutte le voci,2025,531512,,,,,O1000: O1000,,,,,,
IT1:101_1015(1.0),A: annuale,ITG2: Sardegna,TP_QUIN_EXT: produzione totale - quintali,OLIVTAB_OIL: olive da tavola e da olio,ALL: tutte le voci,2026,547982,,,,,O1000: O1000,,,,,,
IT1:101_1015(1.0),A: annuale,ITG2: Sardegna,TP_QUIN_EXT: produzione totale - quintali,TABLEGRAPES: uva da tavola,ALL: tutte le voci,2024,23620,,,,,W1200: W1200,,,,,,
IT1:101_1015(1.0),A: annuale,ITG2: Sardegna,TP_QUIN_EXT: produzione totale - quintali,TABLEGRAPES: uva da tavola,ALL: tutte le voci,2025,23620,,,,,W1200: W1200,,,,,,
IT1:101_1015(1.0),A: annuale,ITG2: Sardegna,TP_QUIN_EXT: produzione totale - quintali,TABLEGRAPES: uva da tavola,ALL: tutte le voci,2026,16813,,,,,W1200: W1200,,,,,,
IT1:101_1015(1.0),A: annuale,ITG2: Sardegna,TP_QUIN_EXT: produzione totale - quintali,WINEES: uva da vino,ALL: tutte le voci,2024,580860,,,,,W1100: W1100,,,,,,
IT1:101_1015(1.0),A: annuale,ITG2: Sardegna,TP_QUIN_EXT: produzione totale - quintali,WINEES: uva da vino,ALL: tutte le voci,2025,588067,,,,,W1100: W1100,,,,,,
IT1:101_1015(1.0),A: annuale,ITG2: Sardegna,TP_QUIN_EXT: produzione totale - quintali,WINEES: uva da vino,ALL: tutte le voci,2026,623184,,,,,W1100: W1100,,,,,,
