DATAFLOW,FREQ: Frequenza,REF_AREA: Territorio,DATA_TYPE: Indicatore,TYPE_OF_CROP: Tipo di coltivazione,DESTINATION_WINEGRAPES: Destinazione dell'uva da vino,TIME_PERIOD: Tempo,OBS_VALUE,OBS_STATUS: Stato dell'osservazione,NOTE_DS: Nota del dataset,NOTE_REF_AREA: Territorio,NOTE_DATA_TYPE: Indicatore,NOTE_TYPE_OF_CROP_EUCODE: Codice Eurostat,NOTE_TYPE_OF_CROP: Tipo di coltivazione,NOTE_DESTINATION_WINEGRAPES: Destinazione dell'uva da vino,NOTE_TIME_PERIOD: Tempo,BASE_PER: Anno base,UNIT_MEAS: Unità di misura,UNIT_MULT: Unità di moltiplicazione
IT1:101_1015(1.0),A: annuale,IT: Italia,ART: superficie totale - ettari,OFTP: pomodoro da trasformazione in piena aria,ALL: tutte le voci,2024,76746,,,,,V3120: V3120,,,,,,
IT1:101_1015(1.0),A: annuale,IT: Italia,ART: superficie totale - ettari,OFTP: pomodoro da trasformazione in piena aria,ALL: tutte le voci,2025,81365,,,,,V3120: V3120,,,,,,
IT1:101_1015(1.0),A: annuale,IT: Italia,ART: superficie totale - ettari,OFTP: pomodoro da trasformazione in piena aria,ALL: tutte le voci,2026,90105,,,,,V3120: V3120,,,,,,
IT1:101_1015(1.0),A: annuale,IT: Italia,ART: superficie totale - ettari,OFTTOT: pomodoro da consumo fresco o da mensa,ALL: tutte le voci,2024,17372,,,,,V3110: V3110,,,,,,
IT1:101_1015(1.0),A: annuale,IT: Italia,ART: superficie totale - ettari,OFTTOT: pomodoro da consumo fresco o da mensa,ALL: tutte le voci,2025,17253,,,,,V3110: V3110,,,,,,
IT1:101_1015(1.0),A: annuale,IT: Italia,ART: superficie totale - ettari,OFTTOT: pomodoro da consumo fresco o da mensa,ALL: tutte le voci,2026,17201,,,,,V3110: V3110,,,,,,
IT1:101_1015(1.0),A: annuale,IT: Italia,HP_Q_EXT: produzione raccolta - quintali,OFTP: pomodoro da trasformazione in piena aria,ALL: tutte le voci,2024,48208652,,,,"TIPO_DATO5__HP_Q_EXT_N1: Per tutte le coltivazioni foraggere temporanee e permanenti, a partire dal 2020 i valori di produzione sono espressi in quintali;<br />Dal 2020 sono diffusi i valori di produzione raccolta in quanto necessari per il calcolo della resa. <br />La serie storica e di conseguenza l'attendibilità dei dati diffusi negli anni precedenti non vengono compromessi perché, per le foraggere, i valori di produzione totale e raccolta coincidono.",V3120: V3120,,,,,,
IT1:101_1015(1.0),A: annuale,IT: Italia,HP_Q_EXT: produzione raccolta - quintali,OFTP: pomodoro da trasformazione in piena aria,ALL: tutte le voci,2025,54159407,,,,"TIPO_DATO5__HP_Q_EXT_N1: Per tutte le coltivazioni foraggere temporanee e permanenti, a partire dal 2020 i valori di produzione sono espressi in quintali;<br />Dal 2020 sono diffusi i valori di produzione raccolta in quanto necessari per il calcolo della resa. <br />La serie storica e di conseguenza l'attendibilità dei dati diffusi negli anni precedenti non vengono compromessi perché, per le foraggere, i valori di produzione totale e raccolta coincidono.",V3120: V3120,,,,,,
IT1:101_1015(1.0),A: annuale,IT: Italia,HP_Q_EXT: produzione raccolta - quintali,OFTP: pomodoro da trasformazione in piena aria,ALL: tutte le voci,2026,60808583,,,,"TIPO_DATO5__HP_Q_EXT_N1: Per tutte le coltivazioni foraggere temporanee e permanenti, a partire dal 2020 i valori di produzione sono espressi in quintali;<br />Dal 2020 sono diffusi i valori di produzione raccolta in quanto necessari per il calcolo della resa. <br />La serie storica e di conseguenza l'attendibilità dei dati diffusi negli anni precedenti non vengono compromessi perché, per le foraggere, i valori di produzione totale e raccolta coincidono.",V3120: V3120,,,,,,
IT1:101_1015(1.0),A: annuale,IT: Italia,HP_Q_EXT: produzione raccolta - quintali,OFTTOT: pomodoro da consumo fresco o da mensa,ALL: tutte le voci,2024,5181914,,,,"TIPO_DATO5__HP_Q_EXT_N1: Per tutte le coltivazioni foraggere temporanee e permanenti, a partire dal 2020 i valori di produzione sono espressi in quintali;<br />Dal 2020 sono diffusi i valori di produzione raccolta in quanto necessari per il calcolo della resa. <br />La serie storica e di conseguenza l'attendibilità dei dati diffusi negli anni precedenti non vengono compromessi perché, per le foraggere, i valori di produzione totale e raccolta coincidono.",V3110: V3110,,,,,,
IT1:101_1015(1.0),A: annuale,IT: Italia,HP_Q_EXT: produzione raccolta - quintali,OFTTOT: pomodoro da consumo fresco o da mensa,ALL: tutte le voci,2025,5261734,,,,"TIPO_DATO5__HP_Q_EXT_N1: Per tutte le coltivazioni foraggere temporanee e permanenti, a partire dal 2020 i valori di produzione sono espressi in quintali;<br />Dal 2020 sono diffusi i valori di produzione raccolta in quanto necessari per il calcolo della resa. <br />La serie storica e di conseguenza l'attendibilità dei dati diffusi negli anni precedenti non vengono compromessi perché, per le foraggere, i valori di produzione totale e raccolta coincidono.",V3110: V3110,,,,,,
IT1:101_1015(1.0),A: annuale,IT: Italia,HP_Q_EXT: produzione raccolta - quintali,OFTTOT: pomodoro da consumo fresco o da mensa,ALL: tutte le voci,2026,5609200,,,,"TIPO_DATO5__HP_Q_EXT_N1: Per tutte le coltivazioni foraggere temporanee e permanenti, a partire dal 2020 i valori di produzione sono espressi in quintali;<br />Dal 2020 sono diffusi i valori di produzione raccolta in quanto necessari per il calcolo della resa. <br />La serie storica e di conseguenza l'attendibilità dei dati diffusi negli anni precedenti non vengono compromessi perché, per le foraggere, i valori di produzione totale e raccolta coincidono.",V3110: V3110,,,,,,
IT1:101_1015(1.0),A: annuale,IT: Italia,TP_QUIN_EXT: produzione totale - quintali,OFTP: pomodoro da trasformazione in piena aria,ALL: tutte le voci,2024,49193795,,,,,V3120: V3120,,,,,,
IT1:101_1015(1.0),A: annuale,IT: Italia,TP_QUIN_EXT: produzione totale - quintali,OFTP: pomodoro da trasformazione in piena aria,ALL: tutte le voci,2025,55511121,,,,,V3120: V3120,,,,,,
IT1:101_1015(1.0),A: annuale,IT: Italia,TP_QUIN_EXT: produzione totale - quintali,OFTP: pomodoro da trasformazione in piena aria,ALL: tutte le voci,2026,61532808,,,,,V3120: V3120,,,,,,
IT1:101_1015(1.0),A: annuale,IT: Italia,TP_QUIN_EXT: produzione totale - quintali,OFTTOT: pomodoro da consumo fresco o da mensa,ALL: tutte le voci,2024,5402903,,,,,V3110: V3110,,,,,,
IT1:101_1015(1.0),A: annuale,IT: Italia,TP_QUIN_EXT: produzione totale - quintali,OFTTOT: pomodoro da consumo fresco o da mensa,ALL: tutte le voci,2025,5464882,,,,,V3110: V3110,,,,,,
IT1:101_1015(1.0),A: annuale,IT: Italia,TP_QUIN_EXT: produzione totale - quintali,OFTTOT: pomodoro da consumo fresco o da mensa,ALL: tutte le voci,2026,5687181,,,,,V3110: V3110,,,,,,
IT1:101_1015(1.0),A: annuale,ITC1: Piemonte,ART: superficie totale - ettari,OFTP: pomodoro da trasformazione in piena aria,ALL: tutte le voci,2024,3257,,,,,V3120: V3120,,,,,,
IT1:101_1015(1.0),A: annuale,ITC1: Piemonte,ART: superficie totale - ettari,OFTP: pomodoro da trasformazione in piena aria,ALL: tutte le voci,2025,4036,,,,,V3120: V3120,,,,,,
IT1:101_1015(1.0),A: annuale,ITC1: Piemonte,ART: superficie totale - ettari,OFTP: pomodoro da trasformazione in piena aria,ALL: tutte le voci,2026,4027,,,,,V3120: V3120,,,,,,
IT1:101_1015(1.0),A: annuale,ITC1: Piemonte,ART: superficie totale - ettari,OFTTOT: pomodoro da consumo fresco o da mensa,ALL: tutte le voci,2024,280,,,,,V3110: V3110,,,,,,
IT1:101_1015(1.0),A: annuale,ITC1: Piemonte,ART: superficie totale - ettari,OFTTOT: pomodoro da consumo fresco o da mensa,ALL: tutte le voci,2025,220,,,,,V3110: V3110,,,,,,
IT1:101_1015(1.0),A: annuale,ITC1: Piemonte,ART: superficie totale - ettari,OFTTOT: pomodoro da consumo fresco o da mensa,ALL: tutte le voci,2026,225,,,,,V3110: V3110,,,,,,
IT1:101_1015(1.0),A: annuale,ITC1: Piemonte,HP_Q_EXT: produzione raccolta - quintali,OFTP: pomodoro da trasformazione in piena aria,ALL: tutte le voci,2024,1620814,,,,"TIPO_DATO5__HP_Q_EXT_N1: Per tutte le coltivazioni foraggere temporanee e permanenti, a partire dal 2020 i valori di produzione sono espressi in quintali;<br />Dal 2020 sono diffusi i valori di produzione raccolta in quanto necessari per il calcolo della resa. <br />La serie storica e di conseguenza l'attendibilità dei dati diffusi negli anni precedenti non vengono compromessi perché, per le foraggere, i valori di produzione totale e raccolta coincidono.",V3120: V3120,,,,,,
IT1:101_1015(1.0),A: annuale,ITC1: Piemonte,HP_Q_EXT: produzione raccolta - quintali,OFTP: pomodoro da trasformazione in piena aria,ALL: tutte le voci,2025,2011178,,,,"TIPO_DATO5__HP_Q_EXT_N1: Per tutte le coltivazioni foraggere temporanee e permanenti, a partire dal 2020 i valori di produzione sono espressi in quintali;<br />Dal 2020 sono diffusi i valori di produzione raccolta in quanto necessari per il calcolo della resa. <br />La serie storica e di conseguenza l'attendibilità dei dati diffusi negli anni precedenti non vengono compromessi perché, per le foraggere, i valori di produzione totale e raccolta coincidono.",V3120: V3120,,,,,,
IT1:101_1015(1.0),A: annuale,ITC1: Piemonte,HP_Q_EXT: produzione raccolta - quintali,OFTP: pomodoro da trasformazione in piena aria,ALL: tutte le voci,2026,1870428,,,,"TIPO_DATO5__HP_Q_EXT_N1: Per tutte le coltivazioni foraggere temporanee e permanenti, a partire dal 2020 i valori di produzione sono espressi in quintali;<br />Dal 2020 sono diffusi i valori di produzione raccolta in quanto necessari per il calcolo della resa. <br />La serie storica e di conseguenza l'attendibilità dei dati diffusi negli anni precedenti non vengono compromessi perché, per le foraggere, i valori di produzione totale e raccolta coincidono.",V3120: V3120,,,,,,
IT1:101_1015(1.0),A: annuale,ITC1: Piemonte,HP_Q_EXT: produzione raccolta - quintali,OFTTOT: pomodoro da consumo fresco o da mensa,ALL: tutte le voci,2024,124881,,,,"TIPO_DATO5__HP_Q_EXT_N1: Per tutte le coltivazioni foraggere temporanee e permanenti, a partire dal 2020 i valori di produzione sono espressi in quintali;<br />Dal 2020 sono diffusi i valori di produzione raccolta in quanto necessari per il calcolo della resa. <br />La serie storica e di conseguenza l'attendibilità dei dati diffusi negli anni precedenti non vengono compromessi perché, per le foraggere, i valori di produzione totale e raccolta coincidono.",V3110: V3110,,,,,,
IT1:101_1015(1.0),A: annuale,ITC1: Piemonte,HP_Q_EXT: produzione raccolta - quintali,OFTTOT: pomodoro da consumo fresco o da mensa,ALL: tutte le voci,2025,111108,,,,"TIPO_DATO5__HP_Q_EXT_N1: Per tutte le coltivazioni foraggere temporanee e permanenti, a partire dal 2020 i valori di produzione sono espressi in quintali;<br />Dal 2020 sono diffusi i valori di produzione raccolta in quanto necessari per il calcolo della resa. <br />La serie storica e di conseguenza l'attendibilità dei dati diffusi negli anni precedenti non vengono compromessi perché, per le foraggere, i valori di produzione totale e raccolta coincidono.",V3110: V3110,,,,,,
IT1:101_1015(1.0),A: annuale,ITC1: Piemonte,HP_Q_EXT: produzione raccolta - quintali,OFTTOT: pomodoro da consumo fresco o da mensa,ALL: tutte le voci,2026,91173,,,,"TIPO_DATO5__HP_Q_EXT_N1: Per tutte le coltivazioni foraggere temporanee e permanenti, a partire dal 2020 i valori di produzione sono espressi in quintali;<br />Dal 2020 sono diffusi i valori di produzione raccolta in quanto necessari per il calcolo della resa. <br />La serie storica e di conseguenza l'attendibilità dei dati diffusi negli anni precedenti non vengono compromessi perché, per le foraggere, i valori di produzione totale e raccolta coincidono.",V3110: V3110,,,,,,
IT1:101_1015(1.0),A: annuale,ITC1: Piemonte,TP_QUIN_EXT: produzione totale - quintali,OFTP: pomodoro da trasformazione in piena aria,ALL: tutte le voci,2024,1620814,,,,,V3120: V3120,,,,,,
IT1:101_1015(1.0),A: annuale,ITC1: Piemonte,TP_QUIN_EXT: produzione totale - quintali,OFTP: pomodoro da trasformazione in piena aria,ALL: tutte le voci,2025,2011178,,,,,V3120: V3120,,,,,,
IT1:101_1015(1.0),A: annuale,ITC1: Piemonte,TP_QUIN_EXT: produzione totale - quintali,OFTP: pomodoro da trasformazione in piena aria,ALL: tutte le voci,2026,1870428,,,,,V3120: V3120,,,,,,
IT1:101_1015(1.0),A: annuale,ITC1: Piemonte,TP_QUIN_EXT: produzione totale - quintali,OFTTOT: pomodoro da consumo fresco o da mensa,ALL: tutte le voci,2024,124881,,,,,V3110: V3110,,,,,,
IT1:101_1015(1.0),A: annuale,ITC1: Piemonte,TP_QUIN_EXT: produzione totale - quintali,OFTTOT: pomodoro da consumo fresco o da mensa,ALL: tutte le voci,2025,111108,,,,,V3110: V3110,,,,,,
IT1:101_1015(1.0),A: annuale,ITC1: Piemonte,TP_QUIN_EXT: produzione totale - quintali,OFTTOT: pomodoro da consumo fresco o da mensa,ALL: tutte le voci,2026,91173,,,,,V3110: V3110,,,,,,
IT1:101_1015(1.0),A: annuale,ITC3: Liguria,ART: superficie totale - ettari,OFTTOT: pomodoro da consumo fresco o da mensa,ALL: tutte le voci,2024,128,,,,,V3110: V3110,,,,,,
IT1:101_1015(1.0),A: annuale,ITC3: Liguria,ART: superficie totale - ettari,OFTTOT: pomodoro da consumo fresco o da mensa,ALL: tutte le voci,2025,128,,,,,V3110: V3110,,,,,,
IT1:101_1015(1.0),A: annuale,ITC3: Liguria,ART: superficie totale - ettari,OFTTOT: pomodoro da consumo fresco o da mensa,ALL: tutte le voci,2026,135,,,,,V3110: V3110,,,,,,
IT1:101_1015(1.0),A: annuale,ITC3: Liguria,HP_Q_EXT: produzione raccolta - quintali,OFTTOT: pomodoro da consumo fresco o da mensa,ALL: tutte le voci,2024,17730,,,,"TIPO_DATO5__HP_Q_EXT_N1: Per tutte le coltivazioni foraggere temporanee e permanenti, a partire dal 2020 i valori di produzione sono espressi in quintali;<br />Dal 2020 sono diffusi i valori di produzione raccolta in quanto necessari per il calcolo della resa. <br />La serie storica e di conseguenza l'attendibilità dei dati diffusi negli anni precedenti non vengono compromessi perché, per le foraggere, i valori di produzione totale e raccolta coincidono.",V3110: V3110,,,,,,
IT1:101_1015(1.0),A: annuale,ITC3: Liguria,HP_Q_EXT: produzione raccolta - quintali,OFTTOT: pomodoro da consumo fresco o da mensa,ALL: tutte le voci,2025,16680,,,,"TIPO_DATO5__HP_Q_EXT_N1: Per tutte le coltivazioni foraggere temporanee e permanenti, a partire dal 2020 i valori di produzione sono espressi in quintali;<br />Dal 2020 sono diffusi i valori di produzione raccolta in quanto necessari per il calcolo della resa. <br />La serie storica e di conseguenza l'attendibilità dei dati diffusi negli anni precedenti non vengono compromessi perché, per le foraggere, i valori di produzione totale e raccolta coincidono.",V3110: V3110,,,,,,
IT1:101_1015(1.0),A: annuale,ITC3: Liguria,HP_Q_EXT: produzione raccolta - quintali,OFTTOT: pomodoro da consumo fresco o da mensa,ALL: tutte le voci,2026,61325,,,,"TIPO_DATO5__HP_Q_EXT_N1: Per tutte le coltivazioni foraggere temporanee e permanenti, a partire dal 2020 i valori di produzione sono espressi in quintali;<br />Dal 2020 sono diffusi i valori di produzione raccolta in quanto necessari per il calcolo della resa. <br />La serie storica e di conseguenza l'attendibilità dei dati diffusi negli anni precedenti non vengono compromessi perché, per le foraggere, i valori di produzione totale e raccolta coincidono.",V3110: V3110,,,,,,
IT1:101_1015(1.0),A: annuale,ITC3: Liguria,TP_QUIN_EXT: produzione totale - quintali,OFTTOT: pomodoro da consumo fresco o da mensa,ALL: tutte le voci,2024,17830,,,,,V3110: V3110,,,,,,
IT1:101_1015(1.0),A: annuale,ITC3: Liguria,TP_QUIN_EXT: produzione totale - quintali,OFTTOT: pomodoro da consumo fresco o da mensa,ALL: tutte le voci,2025,16780,,,,,V3110: V3110,,,,,,
IT1:101_1015(1.0),A: annuale,ITC3: Liguria,TP_QUIN_EXT: produzione totale - quintali,OFTTOT: pomodoro da consumo fresco o da mensa,ALL: tutte le voci,2026,61525,,,,,V3110: V3110,,,,,,
IT1:101_1015(1.0),A: annuale,ITC4: Lombardia,ART: superficie totale - ettari,OFTP: pomodoro da trasformazione in piena aria,ALL: tutte le voci,2024,8750,,,,,V3120: V3120,,,,,,
IT1:101_1015(1.0),A: annuale,ITC4: Lombardia,ART: superficie totale - ettari,OFTP: pomodoro da trasformazione in piena aria,ALL: tutte le voci,2025,10011,,,,,V3120: V3120,,,,,,
IT1:101_1015(1.0),A: annuale,ITC4: Lombardia,ART: superficie totale - ettari,OFTP: pomodoro da trasformazione in piena aria,ALL: tutte le voci,2026,11001,,,,,V3120: V3120,,,,,,
IT1:101_1015(1.0),A: annuale,ITC4: Lombardia,ART: superficie totale - ettari,OFTTOT: pomodoro da consumo fresco o da mensa,ALL: tutte le voci,2024,152,,,,,V3110: V3110,,,,,,
IT1:101_1015(1.0),A: annuale,ITC4: Lombardia,ART: superficie totale - ettari,OFTTOT: pomodoro da consumo fresco o da mensa,ALL: tutte le voci,2025,154,,,,,V3110: V3110,,,,,,
IT1:101_1015(1.0),A: annuale,ITC4: Lombardia,ART: superficie totale - ettari,OFTTOT: pomodoro da consumo fresco o da mensa,ALL: tutte le voci,2026,122,,,,,V3110: V3110,,,,,,
IT1:101_1015(1.0),A: annuale,ITC4: Lombardia,HP_Q_EXT: produzione raccolta - quintali,OFTP: pomodoro da trasformazione in piena aria,ALL: tutte le voci,2024,4940730,,,,"TIPO_DATO5__HP_Q_EXT_N1: Per tutte le coltivazioni foraggere temporanee e permanenti, a partire dal 2020 i valori di produzione sono espressi in quintali;<br />Dal 2020 sono diffusi i valori di produzione raccolta in quanto necessari per il calcolo della resa. <br />La serie storica e di conseguenza l'attendibilità dei dati diffusi negli anni precedenti non vengono compromessi perché, per le foraggere, i valori di produzione totale e raccolta coincidono.",V3120: V3120,,,,,,
IT1:101_1015(1.0),A: annuale,ITC4: Lombardia,HP_Q_EXT: produzione raccolta - quintali,OFTP: pomodoro da trasformazione in piena aria,ALL: tutte le voci,2025,6627020,,,,"TIPO_DATO5__HP_Q_EXT_N1: Per tutte le coltivazioni foraggere temporanee e permanenti, a partire dal 2020 i valori di produzione sono espressi in quintali;<br />Dal 2020 sono diffusi i valori di produzione raccolta in quanto necessari per il calcolo della resa. <br />La serie storica e di conseguenza l'attendibilità dei dati diffusi negli anni precedenti non vengono compromessi perché, per le foraggere, i valori di produzione totale e raccolta coincidono.",V3120: V3120,,,,,,
IT1:101_1015(1.0),A: annuale,ITC4: Lombardia,HP_Q_EXT: produzione raccolta - quintali,OFTP: pomodoro da trasformazione in piena aria,ALL: tutte le voci,2026,7285390,,,,"TIPO_DATO5__HP_Q_EXT_N1: Per tutte le coltivazioni foraggere temporanee e permanenti, a partire dal 2020 i valori di produzione sono espressi in quintali;<br />Dal 2020 sono diffusi i valori di produzione raccolta in quanto necessari per il calcolo della resa. <br />La serie storica e di conseguenza l'attendibilità dei dati diffusi negli anni precedenti non vengono compromessi perché, per le foraggere, i valori di produzione totale e raccolta coincidono.",V3120: V3120,,,,,,
IT1:101_1015(1.0),A: annuale,ITC4: Lombardia,HP_Q_EXT: produzione raccolta - quintali,OFTTOT: pomodoro da consumo fresco o da mensa,ALL: tutte le voci,2024,49986,,,,"TIPO_DATO5__HP_Q_EXT_N1: Per tutte le coltivazioni foraggere temporanee e permanenti, a partire dal 2020 i valori di produzione sono espressi in quintali;<br />Dal 2020 sono diffusi i valori di produzione raccolta in quanto necessari per il calcolo della resa. <br />La serie storica e di conseguenza l'attendibilità dei dati diffusi negli anni precedenti non vengono compromessi perché, per le foraggere, i valori di produzione totale e raccolta coincidono.",V3110: V3110,,,,,,
IT1:101_1015(1.0),A: annuale,ITC4: Lombardia,HP_Q_EXT: produzione raccolta - quintali,OFTTOT: pomodoro da consumo fresco o da mensa,ALL: tutte le voci,2025,57264,,,,"TIPO_DATO5__HP_Q_EXT_N1: Per tutte le coltivazioni foraggere temporanee e permanenti, a partire dal 2020 i valori di produzione sono espressi in quintali;<br />Dal 2020 sono diffusi i valori di produzione raccolta in quanto necessari per il calcolo della resa. <br />La serie storica e di conseguenza l'attendibilità dei dati diffusi negli anni precedenti non vengono compromessi perché, per le foraggere, i valori di produzione totale e raccolta coincidono.",V3110: V3110,,,,,,
IT1:101_1015(1.0),A: annuale,ITC4: Lombardia,HP_Q_EXT: produzione raccolta - quintali,OFTTOT: pomodoro da consumo fresco o da mensa,ALL: tutte le voci,2026,45499,,,,"TIPO_DATO5__HP_Q_EXT_N1: Per tutte le coltivazioni foraggere temporanee e permanenti, a partire dal 2020 i valori di produzione sono espressi in quintali;<br />Dal 2020 sono diffusi i valori di produzione raccolta in quanto necessari per il calcolo della resa. <br />La serie storica e di conseguenza l'attendibilità dei dati diffusi negli anni precedenti non vengono compromessi perché, per le foraggere, i valori di produzione totale e raccolta coincidono.",V3110: V3110,,,,,,
IT1:101_1015(1.0),A: annuale,ITC4: Lombardia,TP_QUIN_EXT: produzione totale - quintali,OFTP: pomodoro da trasformazione in piena aria,ALL: tutte le voci,2024,4940730,,,,,V3120: V3120,,,,,,
IT1:101_1015(1.0),A: annuale,ITC4: Lombardia,TP_QUIN_EXT: produzione totale - quintali,OFTP: pomodoro da trasformazione in piena aria,ALL: tutte le voci,2025,6627020,,,,,V3120: V3120,,,,,,
IT1:101_1015(1.0),A: annuale,ITC4: Lombardia,TP_QUIN_EXT: produzione totale - quintali,OFTP: pomodoro da trasformazione in piena aria,ALL: tutte le voci,2026,7285390,,,,,V3120: V3120,,,,,,
IT1:101_1015(1.0),A: annuale,ITC4: Lombardia,TP_QUIN_EXT: produzione totale - quintali,OFTTOT: pomodoro da consumo fresco o da mensa,ALL: tutte le voci,2024,49986,,,,,V3110: V3110,,,,,,
IT1:101_1015(1.0),A: annuale,ITC4: Lombardia,TP_QUIN_EXT: produzione totale - quintali,OFTTOT: pomodoro da consumo fresco o da mensa,ALL: tutte le voci,2025,57264,,,,,V3110: V3110,,,,,,
IT1:101_1015(1.0),A: annuale,ITC4: Lombardia,TP_QUIN_EXT: produzione totale - quintali,OFTTOT: pomodoro da consumo fresco o da mensa,ALL: tutte le voci,2026,45499,,,,,V3110: V3110,,,,,,
IT1:101_1015(1.0),A: annuale,ITD2: Provincia Autonoma Trento,ART: superficie totale - ettari,OFTP: pomodoro da trasformazione in piena aria,ALL: tutte le voci,2024,2,,,,,V3120: V3120,,,,,,
IT1:101_1015(1.0),A: annuale,ITD2: Provincia Autonoma Trento,ART: superficie totale - ettari,OFTP: pomodoro da trasformazione in piena aria,ALL: tutte le voci,2025,3,,,,,V3120: V3120,,,,,,
IT1:101_1015(1.0),A: annuale,ITD2: Provincia Autonoma Trento,ART: superficie totale - ettari,OFTP: pomodoro da trasformazione in piena aria,ALL: tutte le voci,2026,3,,,,,V3120: V3120,,,,,,
IT1:101_1015(1.0),A: annuale,ITD2: Provincia Autonoma Trento,ART: superficie totale - ettari,OFTTOT: pomodoro da consumo fresco o da mensa,ALL: tutte le voci,2024,5,,,,,V3110: V3110,,,,,,
IT1:101_1015(1.0),A: annuale,ITD2: Provincia Autonoma Trento,ART: superficie totale - ettari,OFTTOT: pomodoro da consumo fresco o da mensa,ALL: tutte le voci,2025,6,,,,,V3110: V3110,,,,,,
IT1:101_1015(1.0),A: annuale,ITD2: Provincia Autonoma Trento,ART: superficie totale - ettari,OFTTOT: pomodoro da consumo fresco o da mensa,ALL: tutte le voci,2026,7,,,,,V3110: V3110,,,,,,
IT1:101_1015(1.0),A: annuale,ITD2: Provincia Autonoma Trento,HP_Q_EXT: produzione raccolta - quintali,OFTP: pomodoro da trasformazione in piena aria,ALL: tutte le voci,2024,500,,,,"TIPO_DATO5__HP_Q_EXT_N1: Per tutte le coltivazioni foraggere temporanee e permanenti, a partire dal 2020 i valori di produzione sono espressi in quintali;<br />Dal 2020 sono diffusi i valori di produzione raccolta in quanto necessari per il calcolo della resa. <br />La serie storica e di conseguenza l'attendibilità dei dati diffusi negli anni precedenti non vengono compromessi perché, per le foraggere, i valori di produzione totale e raccolta coincidono.",V3120: V3120,,,,,,
IT1:101_1015(1.0),A: annuale,ITD2: Provincia Autonoma Trento,HP_Q_EXT: produzione raccolta - quintali,OFTP: pomodoro da trasformazione in piena aria,ALL: tutte le voci,2025,750,,,,"TIPO_DATO5__HP_Q_EXT_N1: Per tutte le coltivazioni foraggere temporanee e permanenti, a partire dal 2020 i valori di produzione sono espressi in quintali;<br />Dal 2020 sono diffusi i valori di produzione raccolta in quanto necessari per il calcolo della resa. <br />La serie storica e di conseguenza l'attendibilità dei dati diffusi negli anni precedenti non vengono compromessi perché, per le foraggere, i valori di produzione totale e raccolta coincidono.",V3120: V3120,,,,,,
IT1:101_1015(1.0),A: annuale,ITD2: Provincia Autonoma Trento,HP_Q_EXT: produzione raccolta - quintali,OFTP: pomodoro da trasformazione in piena aria,ALL: tutte le voci,2026,100,,,,"TIPO_DATO5__HP_Q_EXT_N1: Per tutte le coltivazioni foraggere temporanee e permanenti, a partire dal 2020 i valori di produzione sono espressi in quintali;<br />Dal 2020 sono diffusi i valori di produzione raccolta in quanto necessari per il calcolo della resa. <br />La serie storica e di conseguenza l'attendibilità dei dati diffusi negli anni precedenti non vengono compromessi perché, per le foraggere, i valori di produzione totale e raccolta coincidono.",V3120: V3120,,,,,,
IT1:101_1015(1.0),A: annuale,ITD2: Provincia Autonoma Trento,HP_Q_EXT: produzione raccolta - quintali,OFTTOT: pomodoro da consumo fresco o da mensa,ALL: tutte le voci,2024,1600,,,,"TIPO_DATO5__HP_Q_EXT_N1: Per tutte le coltivazioni foraggere temporanee e permanenti, a partire dal 2020 i valori di produzione sono espressi in quintali;<br />Dal 2020 sono diffusi i valori di produzione raccolta in quanto necessari per il calcolo della resa. <br />La serie storica e di conseguenza l'attendibilità dei dati diffusi negli anni precedenti non vengono compromessi perché, per le foraggere, i valori di produzione totale e raccolta coincidono.",V3110: V3110,,,,,,
IT1:101_1015(1.0),A: annuale,ITD2: Provincia Autonoma Trento,HP_Q_EXT: produzione raccolta - quintali,OFTTOT: pomodoro da consumo fresco o da mensa,ALL: tutte le voci,2025,1600,,,,"TIPO_DATO5__HP_Q_EXT_N1: Per tutte le coltivazioni foraggere temporanee e permanenti, a partire dal 2020 i valori di produzione sono espressi in quintali;<br />Dal 2020 sono diffusi i valori di produzione raccolta in quanto necessari per il calcolo della resa. <br />La serie storica e di conseguenza l'attendibilità dei dati diffusi negli anni precedenti non vengono compromessi perché, per le foraggere, i valori di produzione totale e raccolta coincidono.",V3110: V3110,,,,,,
IT1:101_1015(1.0),A: annuale,ITD2: Provincia Autonoma Trento,HP_Q_EXT: produzione raccolta - quintali,OFTTOT: pomodoro da consumo fresco o da mensa,ALL: tutte le voci,2026,1750,,,,"TIPO_DATO5__HP_Q_EXT_N1: Per tutte le coltivazioni foraggere temporanee e permanenti, a partire dal 2020 i valori di produzione sono espressi in quintali;<br />Dal 2020 sono diffusi i valori di produzione raccolta in quanto necessari per il calcolo della resa. <br />La serie storica e di conseguenza l'attendibilità dei dati diffusi negli anni precedenti non vengono compromessi perché, per le foraggere, i valori di produzione totale e raccolta coincidono.",V3110: V3110,,,,,,
IT1:101_1015(1.0),A: annuale,ITD2: Provincia Autonoma Trento,TP_QUIN_EXT: produzione totale - quintali,OFTP: pomodoro da trasformazione in piena aria,ALL: tutte le voci,2024,500,,,,,V3120: V3120,,,,,,
IT1:101_1015(1.0),A: annuale,ITD2: Provincia Autonoma Trento,TP_QUIN_EXT: produzione totale - quintali,OFTP: pomodoro da trasformazione in piena aria,ALL: tutte le voci,2025,750,,,,,V3120: V3120,,,,,,
IT1:101_1015(1.0),A: annuale,ITD2: Provincia Autonoma Trento,TP_QUIN_EXT: produzione totale - quintali,OFTP: pomodoro da trasformazione in piena aria,ALL: tutte le voci,2026,100,,,,,V3120: V3120,,,,,,
IT1:101_1015(1.0),A: annuale,ITD2: Provincia Autonoma Trento,TP_QUIN_EXT: produzione totale - quintali,OFTTOT: pomodoro da consumo fresco o da mensa,ALL: tutte le voci,2024,1600,,,,,V3110: V3110,,,,,,
IT1:101_1015(1.0),A: annuale,ITD2: Provincia Autonoma Trento,TP_QUIN_EXT: produzione totale - quintali,OFTTOT: pomodoro da consumo fresco o da mensa,ALL: tutte le voci,2025,1600,,,,,V3110: V3110,,,,,,
IT1:101_1015(1.0),A: annuale,ITD2: Provincia Autonoma Trento,TP_QUIN_EXT: produzione totale - quintali,OFTTOT: pomodoro da consumo fresco o da mensa,ALL: tutte le voci,2026,1750,,,,,V3110: V3110,,,,,,
IT1:101_1015(1.0),A: annuale,ITD3: Veneto,ART: superficie totale - ettari,OFTP: pomodoro da trasformazione in piena aria,ALL: tutte le voci,2024,2341,,,,,V3120: V3120,,,,,,
IT1:101_1015(1.0),A: annuale,ITD3: Veneto,ART: superficie totale - ettari,OFTP: pomodoro da trasformazione in piena aria,ALL: tutte le voci,2025,2934,,,,,V3120: V3120,,,,,,
IT1:101_1015(1.0),A: annuale,ITD3: Veneto,ART: superficie totale - ettari,OFTP: pomodoro da trasformazione in piena aria,ALL: tutte le voci,2026,2720,,,,,V3120: V3120,,,,,,
IT1:101_1015(1.0),A: annuale,ITD3: Veneto,ART: superficie totale - ettari,OFTTOT: pomodoro da consumo fresco o da mensa,ALL: tutte le voci,2024,17,,,,,V3110: V3110,,,,,,
IT1:101_1015(1.0),A: annuale,ITD3: Veneto,ART: superficie totale - ettari,OFTTOT: pomodoro da consumo fresco o da mensa,ALL: tutte le voci,2025,14,,,,,V3110: V3110,,,,,,
IT1:101_1015(1.0),A: annuale,ITD3: Veneto,ART: superficie totale - ettari,OFTTOT: pomodoro da consumo fresco o da mensa,ALL: tutte le voci,2026,14,,,,,V3110: V3110,,,,,,
IT1:101_1015(1.0),A: annuale,ITD3: Veneto,HP_Q_EXT: produzione raccolta - quintali,OFTP: pomodoro da trasformazione in piena aria,ALL: tutte le voci,2024,1250460,,,,"TIPO_DATO5__HP_Q_EXT_N1: Per tutte le coltivazioni foraggere temporanee e permanenti, a partire dal 2020 i valori di produzione sono espressi in quintali;<br />Dal 2020 sono diffusi i valori di produzione raccolta in quanto necessari per il calcolo della resa. <br />La serie storica e di conseguenza l'attendibilità dei dati diffusi negli anni precedenti non vengono compromessi perché, per le foraggere, i valori di produzione totale e raccolta coincidono.",V3120: V3120,,,,,,
IT1:101_1015(1.0),A: annuale,ITD3: Veneto,HP_Q_EXT: produzione raccolta - quintali,OFTP: pomodoro da trasformazione in piena aria,ALL: tutte le voci,2025,1766895,,,,"TIPO_DATO5__HP_Q_EXT_N1: Per tutte le coltivazioni foraggere temporanee e permanenti, a partire dal 2020 i valori di produzione sono espressi in quintali;<br />Dal 2020 sono diffusi i valori di produzione raccolta in quanto necessari per il calcolo della resa. <br />La serie storica e di conseguenza l'attendibilità dei dati diffusi negli anni precedenti non vengono compromessi perché, per le foraggere, i valori di produzione totale e raccolta coincidono.",V3120: V3120,,,,,,
IT1:101_1015(1.0),A: annuale,ITD3: Veneto,HP_Q_EXT: produzione raccolta - quintali,OFTP: pomodoro da trasformazione in piena aria,ALL: tutte le voci,2026,1587284,,,,"TIPO_DATO5__HP_Q_EXT_N1: Per tutte le coltivazioni foraggere temporanee e permanenti, a partire dal 2020 i valori di produzione sono espressi in quintali;<br />Dal 2020 sono diffusi i valori di produzione raccolta in quanto necessari per il calcolo della resa. <br />La serie storica e di conseguenza l'attendibilità dei dati diffusi negli anni precedenti non vengono compromessi perché, per le foraggere, i valori di produzione totale e raccolta coincidono.",V3120: V3120,,,,,,
IT1:101_1015(1.0),A: annuale,ITD3: Veneto,HP_Q_EXT: produzione raccolta - quintali,OFTTOT: pomodoro da consumo fresco o da mensa,ALL: tutte le voci,2024,5225,,,,"TIPO_DATO5__HP_Q_EXT_N1: Per tutte le coltivazioni foraggere temporanee e permanenti, a partire dal 2020 i valori di produzione sono espressi in quintali;<br />Dal 2020 sono diffusi i valori di produzione raccolta in quanto necessari per il calcolo della resa. <br />La serie storica e di conseguenza l'attendibilità dei dati diffusi negli anni precedenti non vengono compromessi perché, per le foraggere, i valori di produzione totale e raccolta coincidono.",V3110: V3110,,,,,,
IT1:101_1015(1.0),A: annuale,ITD3: Veneto,HP_Q_EXT: produzione raccolta - quintali,OFTTOT: pomodoro da consumo fresco o da mensa,ALL: tutte le voci,2025,4178,,,,"TIPO_DATO5__HP_Q_EXT_N1: Per tutte le coltivazioni foraggere temporanee e permanenti, a partire dal 2020 i valori di produzione sono espressi in quintali;<br />Dal 2020 sono diffusi i valori di produzione raccolta in quanto necessari per il calcolo della resa. <br />La serie storica e di conseguenza l'attendibilità dei dati diffusi negli anni precedenti non vengono compromessi perché, per le foraggere, i valori di produzione totale e raccolta coincidono.",V3110: V3110,,,,,,
IT1:101_1015(1.0),A: annuale,ITD3: Veneto,HP_Q_EXT: produzione raccolta - quintali,OFTTOT: pomodoro da consumo fresco o da mensa,ALL: tutte le voci,2026,3753,,,,"TIPO_DATO5__HP_Q_EXT_N1: Per tutte le coltivazioni foraggere temporanee e permanenti, a partire dal 2020 i valori di produzione sono espressi in quintali;<br />Dal 2020 sono diffusi i valori di produzione raccolta in quanto necessari per il calcolo della resa. <br />La serie storica e di conseguenza l'attendibilità dei dati diffusi negli anni precedenti non vengono compromessi perché, per le foraggere, i valori di produzione totale e raccolta coincidono.",V3110: V3110,,,,,,
IT1:101_1015(1.0),A: annuale,ITD3: Veneto,TP_QUIN_EXT: produzione totale - quintali,OFTP: pomodoro da trasformazione in piena aria,ALL: tutte le voci,2024,1313005,,,,,V3120: V3120,,,,,,
IT1:101_1015(1.0),A: annuale,ITD3: Veneto,TP_QUIN_EXT: produzione totale - quintali,OFTP: pomodoro da trasformazione in piena aria,ALL: tutte le voci,2025,1852241,,,,,V3120: V3120,,,,,,
IT1:101_1015(1.0),A: annuale,ITD3: Veneto,TP_QUIN_EXT: produzione totale - quintali,OFTP: pomodoro da trasformazione in piena aria,ALL: tutte le voci,2026,1666648,,,,,V3120: V3120,,,,,,
IT1:101_1015(1.0),A: annuale,ITD3: Veneto,TP_QUIN_EXT: produzione totale - quintali,OFTTOT: pomodoro da consumo fresco o da mensa,ALL: tutte le voci,2024,5530,,,,,V3110: V3110,,,,,,
IT1:101_1015(1.0),A: annuale,ITD3: Veneto,TP_QUIN_EXT: produzione totale - quintali,OFTTOT: pomodoro da consumo fresco o da mensa,ALL: tutte le voci,2025,4321,,,,,V3110: V3110,,,,,,
IT1:101_1015(1.0),A: annuale,ITD3: Veneto,TP_QUIN_EXT: produzione totale - quintali,OFTTOT: pomodoro da consumo fresco o da mensa,ALL: tutte le voci,2026,3885,,,,,V3110: V3110,,,,,,
IT1:101_1015(1.0),A: annuale,ITD4: Friuli-Venezia Giulia,ART: superficie totale - ettari,OFTTOT: pomodoro da consumo fresco o da mensa,ALL: tutte le voci,2024,34,,,,,V3110: V3110,,,,,,
IT1:101_1015(1.0),A: annuale,ITD4: Friuli-Venezia Giulia,ART: superficie totale - ettari,OFTTOT: pomodoro da consumo fresco o da mensa,ALL: tutte le voci,2025,33,,,,,V3110: V3110,,,,,,
IT1:101_1015(1.0),A: annuale,ITD4: Friuli-Venezia Giulia,ART: superficie totale - ettari,OFTTOT: pomodoro da consumo fresco o da mensa,ALL: tutte le voci,2026,33,,,,,V3110: V3110,,,,,,
IT1:101_1015(1.0),A: annuale,ITD4: Friuli-Venezia Giulia,HP_Q_EXT: produzione raccolta - quintali,OFTTOT: pomodoro da consumo fresco o da mensa,ALL: tutte le voci,2024,9762,,,,"TIPO_DATO5__HP_Q_EXT_N1: Per tutte le coltivazioni foraggere temporanee e permanenti, a partire dal 2020 i valori di produzione sono espressi in quintali;<br />Dal 2020 sono diffusi i valori di produzione raccolta in quanto necessari per il calcolo della resa. <br />La serie storica e di conseguenza l'attendibilità dei dati diffusi negli anni precedenti non vengono compromessi perché, per le foraggere, i valori di produzione totale e raccolta coincidono.",V3110: V3110,,,,,,
IT1:101_1015(1.0),A: annuale,ITD4: Friuli-Venezia Giulia,HP_Q_EXT: produzione raccolta - quintali,OFTTOT: pomodoro da consumo fresco o da mensa,ALL: tutte le voci,2025,9867,,,,"TIPO_DATO5__HP_Q_EXT_N1: Per tutte le coltivazioni foraggere temporanee e permanenti, a partire dal 2020 i valori di produzione sono espressi in quintali;<br />Dal 2020 sono diffusi i valori di produzione raccolta in quanto necessari per il calcolo della resa. <br />La serie storica e di conseguenza l'attendibilità dei dati diffusi negli anni precedenti non vengono compromessi perché, per le foraggere, i valori di produzione totale e raccolta coincidono.",V3110: V3110,,,,,,
IT1:101_1015(1.0),A: annuale,ITD4: Friuli-Venezia Giulia,HP_Q_EXT: produzione raccolta - quintali,OFTTOT: pomodoro da consumo fresco o da mensa,ALL: tutte le voci,2026,11801,,,,"TIPO_DATO5__HP_Q_EXT_N1: Per tutte le coltivazioni foraggere temporanee e permanenti, a partire dal 2020 i valori di produzione sono espressi in quintali;<br />Dal 2020 sono diffusi i valori di produzione raccolta in quanto necessari per il calcolo della resa. <br />La serie storica e di conseguenza l'attendibilità dei dati diffusi negli anni precedenti non vengono compromessi perché, per le foraggere, i valori di produzione totale e raccolta coincidono.",V3110: V3110,,,,,,
IT1:101_1015(1.0),A: annuale,ITD4: Friuli-Venezia Giulia,TP_QUIN_EXT: produzione totale - quintali,OFTTOT: pomodoro da consumo fresco o da mensa,ALL: tutte le voci,2024,9860,,,,,V3110: V3110,,,,,,
IT1:101_1015(1.0),A: annuale,ITD4: Friuli-Venezia Giulia,TP_QUIN_EXT: produzione totale - quintali,OFTTOT: pomodoro da consumo fresco o da mensa,ALL: tutte le voci,2025,9966,,,,,V3110: V3110,,,,,,
IT1:101_1015(1.0),A: annuale,ITD4: Friuli-Venezia Giulia,TP_QUIN_EXT: produzione totale - quintali,OFTTOT: pomodoro da consumo fresco o da mensa,ALL: tutte le voci,2026,11920,,,,,V3110: V3110,,,,,,
IT1:101_1015(1.0),A: annuale,ITD5: Emilia-Romagna,ART: superficie totale - ettari,OFTP: pomodoro da trasformazione in piena aria,ALL: tutte le voci,2024,27232,,,,,V3120: V3120,,,,,,
IT1:101_1015(1.0),A: annuale,ITD5: Emilia-Romagna,ART: superficie totale - ettari,OFTP: pomodoro da trasformazione in piena aria,ALL: tutte le voci,2025,28811,,,,,V3120: V3120,,,,,,
IT1:101_1015(1.0),A: annuale,ITD5: Emilia-Romagna,ART: superficie totale - ettari,OFTP: pomodoro da trasformazione in piena aria,ALL: tutte le voci,2026,28810,,,,,V3120: V3120,,,,,,
IT1:101_1015(1.0),A: annuale,ITD5: Emilia-Romagna,ART: superficie totale - ettari,OFTTOT: pomodoro da consumo fresco o da mensa,ALL: tutte le voci,2024,269,,,,,V3110: V3110,,,,,,
IT1:101_1015(1.0),A: annuale,ITD5: Emilia-Romagna,ART: superficie totale - ettari,OFTTOT: pomodoro da consumo fresco o da mensa,ALL: tutte le voci,2025,259,,,,,V3110: V3110,,,,,,
IT1:101_1015(1.0),A: annuale,ITD5: Emilia-Romagna,ART: superficie totale - ettari,OFTTOT: pomodoro da consumo fresco o da mensa,ALL: tutte le voci,2026,236,,,,,V3110: V3110,,,,,,
IT1:101_1015(1.0),A: annuale,ITD5: Emilia-Romagna,HP_Q_EXT: produzione raccolta - quintali,OFTP: pomodoro da trasformazione in piena aria,ALL: tutte le voci,2024,17049320,,,,"TIPO_DATO5__HP_Q_EXT_N1: Per tutte le coltivazioni foraggere temporanee e permanenti, a partire dal 2020 i valori di produzione sono espressi in quintali;<br />Dal 2020 sono diffusi i valori di produzione raccolta in quanto necessari per il calcolo della resa. <br />La serie storica e di conseguenza l'attendibilità dei dati diffusi negli anni precedenti non vengono compromessi perché, per le foraggere, i valori di produzione totale e raccolta coincidono.",V3120: V3120,,,,,,
IT1:101_1015(1.0),A: annuale,ITD5: Emilia-Romagna,HP_Q_EXT: produzione raccolta - quintali,OFTP: pomodoro da trasformazione in piena aria,ALL: tutte le voci,2025,20104036,,,,"TIPO_DATO5__HP_Q_EXT_N1: Per tutte le coltivazioni foraggere temporanee e permanenti, a partire dal 2020 i valori di produzione sono espressi in quintali;<br />Dal 2020 sono diffusi i valori di produzione raccolta in quanto necessari per il calcolo della resa. <br />La serie storica e di conseguenza l'attendibilità dei dati diffusi negli anni precedenti non vengono compromessi perché, per le foraggere, i valori di produzione totale e raccolta coincidono.",V3120: V3120,,,,,,
IT1:101_1015(1.0),A: annuale,ITD5: Emilia-Romagna,HP_Q_EXT: produzione raccolta - quintali,OFTP: pomodoro da trasformazione in piena aria,ALL: tutte le voci,2026,21570316,,,,"TIPO_DATO5__HP_Q_EXT_N1: Per tutte le coltivazioni foraggere temporanee e permanenti, a partire dal 2020 i valori di produzione sono espressi in quintali;<br />Dal 2020 sono diffusi i valori di produzione raccolta in quanto necessari per il calcolo della resa. <br />La serie storica e di conseguenza l'attendibilità dei dati diffusi negli anni precedenti non vengono compromessi perché, per le foraggere, i valori di produzione totale e raccolta coincidono.",V3120: V3120,,,,,,
IT1:101_1015(1.0),A: annuale,ITD5: Emilia-Romagna,HP_Q_EXT: produzione raccolta - quintali,OFTTOT: pomodoro da consumo fresco o da mensa,ALL: tutte le voci,2024,142310,,,,"TIPO_DATO5__HP_Q_EXT_N1: Per tutte le coltivazioni foraggere temporanee e permanenti, a partire dal 2020 i valori di produzione sono espressi in quintali;<br />Dal 2020 sono diffusi i valori di produzione raccolta in quanto necessari per il calcolo della resa. <br />La serie storica e di conseguenza l'attendibilità dei dati diffusi negli anni precedenti non vengono compromessi perché, per le foraggere, i valori di produzione totale e raccolta coincidono.",V3110: V3110,,,,,,
IT1:101_1015(1.0),A: annuale,ITD5: Emilia-Romagna,HP_Q_EXT: produzione raccolta - quintali,OFTTOT: pomodoro da consumo fresco o da mensa,ALL: tutte le voci,2025,146180,,,,"TIPO_DATO5__HP_Q_EXT_N1: Per tutte le coltivazioni foraggere temporanee e permanenti, a partire dal 2020 i valori di produzione sono espressi in quintali;<br />Dal 2020 sono diffusi i valori di produzione raccolta in quanto necessari per il calcolo della resa. <br />La serie storica e di conseguenza l'attendibilità dei dati diffusi negli anni precedenti non vengono compromessi perché, per le foraggere, i valori di produzione totale e raccolta coincidono.",V3110: V3110,,,,,,
IT1:101_1015(1.0),A: annuale,ITD5: Emilia-Romagna,HP_Q_EXT: produzione raccolta - quintali,OFTTOT: pomodoro da consumo fresco o da mensa,ALL: tutte le voci,2026,142228,,,,"TIPO_DATO5__HP_Q_EXT_N1: Per tutte le coltivazioni foraggere temporanee e permanenti, a partire dal 2020 i valori di produzione sono espressi in quintali;<br />Dal 2020 sono diffusi i valori di produzione raccolta in quanto necessari per il calcolo della resa. <br />La serie storica e di conseguenza l'attendibilità dei dati diffusi negli anni precedenti non vengono compromessi perché, per le foraggere, i valori di produzione totale e raccolta coincidono.",V3110: V3110,,,,,,
IT1:101_1015(1.0),A: annuale,ITD5: Emilia-Romagna,TP_QUIN_EXT: produzione totale - quintali,OFTP: pomodoro da trasformazione in piena aria,ALL: tutte le voci,2024,17175720,,,,,V3120: V3120,,,,,,
IT1:101_1015(1.0),A: annuale,ITD5: Emilia-Romagna,TP_QUIN_EXT: produzione totale - quintali,OFTP: pomodoro da trasformazione in piena aria,ALL: tutte le voci,2025,20104036,,,,,V3120: V3120,,,,,,
IT1:101_1015(1.0),A: annuale,ITD5: Emilia-Romagna,TP_QUIN_EXT: produzione totale - quintali,OFTP: pomodoro da trasformazione in piena aria,ALL: tutte le voci,2026,21570316,,,,,V3120: V3120,,,,,,
IT1:101_1015(1.0),A: annuale,ITD5: Emilia-Romagna,TP_QUIN_EXT: produzione totale - quintali,OFTTOT: pomodoro da consumo fresco o da mensa,ALL: tutte le voci,2024,142310,,,,,V3110: V3110,,,,,,
IT1:101_1015(1.0),A: annuale,ITD5: Emilia-Romagna,TP_QUIN_EXT: produzione totale - quintali,OFTTOT: pomodoro da consumo fresco o da mensa,ALL: tutte le voci,2025,146180,,,,,V3110: V3110,,,,,,
IT1:101_1015(1.0),A: annuale,ITD5: Emilia-Romagna,TP_QUIN_EXT: produzione totale - quintali,OFTTOT: pomodoro da consumo fresco o da mensa,ALL: tutte le voci,2026,142228,,,,,V3110: V3110,,,,,,
IT1:101_1015(1.0),A: annuale,ITDA: Trentino Alto Adige / Südtirol,ART: superficie totale - ettari,OFTP: pomodoro da trasformazione in piena aria,ALL: tutte le voci,2024,2,,,,,V3120: V3120,,,,,,
IT1:101_1015(1.0),A: annuale,ITDA: Trentino Alto Adige / Südtirol,ART: superficie totale - ettari,OFTP: pomodoro da trasformazione in piena aria,ALL: tutte le voci,2025,3,,,,,V3120: V3120,,,,,,
IT1:101_1015(1.0),A: annuale,ITDA: Trentino Alto Adige / Südtirol,ART: superficie totale - ettari,OFTP: pomodoro da trasformazione in piena aria,ALL: tutte le voci,2026,3,,,,,V3120: V3120,,,,,,
IT1:101_1015(1.0),A: annuale,ITDA: Trentino Alto Adige / Südtirol,ART: superficie totale - ettari,OFTTOT: pomodoro da consumo fresco o da mensa,ALL: tutte le voci,2024,5,,,,,V3110: V3110,,,,,,
IT1:101_1015(1.0),A: annuale,ITDA: Trentino Alto Adige / Südtirol,ART: superficie totale - ettari,OFTTOT: pomodoro da consumo fresco o da mensa,ALL: tutte le voci,2025,6,,,,,V3110: V3110,,,,,,
IT1:101_1015(1.0),A: annuale,ITDA: Trentino Alto Adige / Südtirol,ART: superficie totale - ettari,OFTTOT: pomodoro da consumo fresco o da mensa,ALL: tutte le voci,2026,7,,,,,V3110: V3110,,,,,,
IT1:101_1015(1.0),A: annuale,ITDA: Trentino Alto Adige / Südtirol,HP_Q_EXT: produzione raccolta - quintali,OFTP: pomodoro da trasformazione in piena aria,ALL: tutte le voci,2024,500,,,,"TIPO_DATO5__HP_Q_EXT_N1: Per tutte le coltivazioni foraggere temporanee e permanenti, a partire dal 2020 i valori di produzione sono espressi in quintali;<br />Dal 2020 sono diffusi i valori di produzione raccolta in quanto necessari per il calcolo della resa. <br />La serie storica e di conseguenza l'attendibilità dei dati diffusi negli anni precedenti non vengono compromessi perché, per le foraggere, i valori di produzione totale e raccolta coincidono.",V3120: V3120,,,,,,
IT1:101_1015(1.0),A: annuale,ITDA: Trentino Alto Adige / Südtirol,HP_Q_EXT: produzione raccolta - quintali,OFTP: pomodoro da trasformazione in piena aria,ALL: tutte le voci,2025,750,,,,"TIPO_DATO5__HP_Q_EXT_N1: Per tutte le coltivazioni foraggere temporanee e permanenti, a partire dal 2020 i valori di produzione sono espressi in quintali;<br />Dal 2020 sono diffusi i valori di produzione raccolta in quanto necessari per il calcolo della resa. <br />La serie storica e di conseguenza l'attendibilità dei dati diffusi negli anni precedenti non vengono compromessi perché, per le foraggere, i valori di produzione totale e raccolta coincidono.",V3120: V3120,,,,,,
IT1:101_1015(1.0),A: annuale,ITDA: Trentino Alto Adige / Südtirol,HP_Q_EXT: produzione raccolta - quintali,OFTP: pomodoro da trasformazione in piena aria,ALL: tutte le voci,2026,100,,,,"TIPO_DATO5__HP_Q_EXT_N1: Per tutte le coltivazioni foraggere temporanee e permanenti, a partire dal 2020 i valori di produzione sono espressi in quintali;<br />Dal 2020 sono diffusi i valori di produzione raccolta in quanto necessari per il calcolo della resa. <br />La serie storica e di conseguenza l'attendibilità dei dati diffusi negli anni precedenti non vengono compromessi perché, per le foraggere, i valori di produzione totale e raccolta coincidono.",V3120: V3120,,,,,,
IT1:101_1015(1.0),A: annuale,ITDA: Trentino Alto Adige / Südtirol,HP_Q_EXT: produzione raccolta - quintali,OFTTOT: pomodoro da consumo fresco o da mensa,ALL: tutte le voci,2024,1600,,,,"TIPO_DATO5__HP_Q_EXT_N1: Per tutte le coltivazioni foraggere temporanee e permanenti, a partire dal 2020 i valori di produzione sono espressi in quintali;<br />Dal 2020 sono diffusi i valori di produzione raccolta in quanto necessari per il calcolo della resa. <br />La serie storica e di conseguenza l'attendibilità dei dati diffusi negli anni precedenti non vengono compromessi perché, per le foraggere, i valori di produzione totale e raccolta coincidono.",V3110: V3110,,,,,,
IT1:101_1015(1.0),A: annuale,ITDA: Trentino Alto Adige / Südtirol,HP_Q_EXT: produzione raccolta - quintali,OFTTOT: pomodoro da consumo fresco o da mensa,ALL: tutte le voci,2025,1600,,,,"TIPO_DATO5__HP_Q_EXT_N1: Per tutte le coltivazioni foraggere temporanee e permanenti, a partire dal 2020 i valori di produzione sono espressi in quintali;<br />Dal 2020 sono diffusi i valori di produzione raccolta in quanto necessari per il calcolo della resa. <br />La serie storica e di conseguenza l'attendibilità dei dati diffusi negli anni precedenti non vengono compromessi perché, per le foraggere, i valori di produzione totale e raccolta coincidono.",V3110: V3110,,,,,,
IT1:101_1015(1.0),A: annuale,ITDA: Trentino Alto Adige / Südtirol,HP_Q_EXT: produzione raccolta - quintali,OFTTOT: pomodoro da consumo fresco o da mensa,ALL: tutte le voci,2026,1750,,,,"TIPO_DATO5__HP_Q_EXT_N1: Per tutte le coltivazioni foraggere temporanee e permanenti, a partire dal 2020 i valori di produzione sono espressi in quintali;<br />Dal 2020 sono diffusi i valori di produzione raccolta in quanto necessari per il calcolo della resa. <br />La serie storica e di conseguenza l'attendibilità dei dati diffusi negli anni precedenti non vengono compromessi perché, per le foraggere, i valori di produzione totale e raccolta coincidono.",V3110: V3110,,,,,,
IT1:101_1015(1.0),A: annuale,ITDA: Trentino Alto Adige / Südtirol,TP_QUIN_EXT: produzione totale - quintali,OFTP: pomodoro da trasformazione in piena aria,ALL: tutte le voci,2024,500,,,,,V3120: V3120,,,,,,
IT1:101_1015(1.0),A: annuale,ITDA: Trentino Alto Adige / Südtirol,TP_QUIN_EXT: produzione totale - quintali,OFTP: pomodoro da trasformazione in piena aria,ALL: tutte le voci,2025,750,,,,,V3120: V3120,,,,,,
IT1:101_1015(1.0),A: annuale,ITDA: Trentino Alto Adige / Südtirol,TP_QUIN_EXT: produzione totale - quintali,OFTP: pomodoro da trasformazione in piena aria,ALL: tutte le voci,2026,100,,,,,V3120: V3120,,,,,,
IT1:101_1015(1.0),A: annuale,ITDA: Trentino Alto Adige / Südtirol,TP_QUIN_EXT: produzione totale - quintali,OFTTOT: pomodoro da consumo fresco o da mensa,ALL: tutte le voci,2024,1600,,,,,V3110: V3110,,,,,,
IT1:101_1015(1.0),A: annuale,ITDA: Trentino Alto Adige / Südtirol,TP_QUIN_EXT: produzione totale - quintali,OFTTOT: pomodoro da consumo fresco o da mensa,ALL: tutte le voci,2025,1600,,,,,V3110: V3110,,,,,,
IT1:101_1015(1.0),A: annuale,ITDA: Trentino Alto Adige / Südtirol,TP_QUIN_EXT: produzione totale - quintali,OFTTOT: pomodoro da consumo fresco o da mensa,ALL: tutte le voci,2026,1750,,,,,V3110: V3110,,,,,,
IT1:101_1015(1.0),A: annuale,ITE1: Toscana,ART: superficie totale - ettari,OFTP: pomodoro da trasformazione in piena aria,ALL: tutte le voci,2024,2313,,,,,V3120: V3120,,,,,,
IT1:101_1015(1.0),A: annuale,ITE1: Toscana,ART: superficie totale - ettari,OFTP: pomodoro da trasformazione in piena aria,ALL: tutte le voci,2025,2271,,,,,V3120: V3120,,,,,,
IT1:101_1015(1.0),A: annuale,ITE1: Toscana,ART: superficie totale - ettari,OFTP: pomodoro da trasformazione in piena aria,ALL: tutte le voci,2026,2160,,,,,V3120: V3120,,,,,,
IT1:101_1015(1.0),A: annuale,ITE1: Toscana,ART: superficie totale - ettari,OFTTOT: pomodoro da consumo fresco o da mensa,ALL: tutte le voci,2024,553,,,,,V3110: V3110,,,,,,
IT1:101_1015(1.0),A: annuale,ITE1: Toscana,ART: superficie totale - ettari,OFTTOT: pomodoro da consumo fresco o da mensa,ALL: tutte le voci,2025,462,,,,,V3110: V3110,,,,,,
IT1:101_1015(1.0),A: annuale,ITE1: Toscana,ART: superficie totale - ettari,OFTTOT: pomodoro da consumo fresco o da mensa,ALL: tutte le voci,2026,543,,,,,V3110: V3110,,,,,,
IT1:101_1015(1.0),A: annuale,ITE1: Toscana,HP_Q_EXT: produzione raccolta - quintali,OFTP: pomodoro da trasformazione in piena aria,ALL: tutte le voci,2024,1429370,,,,"TIPO_DATO5__HP_Q_EXT_N1: Per tutte le coltivazioni foraggere temporanee e permanenti, a partire dal 2020 i valori di produzione sono espressi in quintali;<br />Dal 2020 sono diffusi i valori di produzione raccolta in quanto necessari per il calcolo della resa. <br />La serie storica e di conseguenza l'attendibilità dei dati diffusi negli anni precedenti non vengono compromessi perché, per le foraggere, i valori di produzione totale e raccolta coincidono.",V3120: V3120,,,,,,
IT1:101_1015(1.0),A: annuale,ITE1: Toscana,HP_Q_EXT: produzione raccolta - quintali,OFTP: pomodoro da trasformazione in piena aria,ALL: tutte le voci,2025,1350040,,,,"TIPO_DATO5__HP_Q_EXT_N1: Per tutte le coltivazioni foraggere temporanee e permanenti, a partire dal 2020 i valori di produzione sono espressi in quintali;<br />Dal 2020 sono diffusi i valori di produzione raccolta in quanto necessari per il calcolo della resa. <br />La serie storica e di conseguenza l'attendibilità dei dati diffusi negli anni precedenti non vengono compromessi perché, per le foraggere, i valori di produzione totale e raccolta coincidono.",V3120: V3120,,,,,,
IT1:101_1015(1.0),A: annuale,ITE1: Toscana,HP_Q_EXT: produzione raccolta - quintali,OFTP: pomodoro da trasformazione in piena aria,ALL: tutte le voci,2026,1444660,,,,"TIPO_DATO5__HP_Q_EXT_N1: Per tutte le coltivazioni foraggere temporanee e permanenti, a partire dal 2020 i valori di produzione sono espressi in quintali;<br />Dal 2020 sono diffusi i valori di produzione raccolta in quanto necessari per il calcolo della resa. <br />La serie storica e di conseguenza l'attendibilità dei dati diffusi negli anni precedenti non vengono compromessi perché, per le foraggere, i valori di produzione totale e raccolta coincidono.",V3120: V3120,,,,,,
IT1:101_1015(1.0),A: annuale,ITE1: Toscana,HP_Q_EXT: produzione raccolta - quintali,OFTTOT: pomodoro da consumo fresco o da mensa,ALL: tutte le voci,2024,202690,,,,"TIPO_DATO5__HP_Q_EXT_N1: Per tutte le coltivazioni foraggere temporanee e permanenti, a partire dal 2020 i valori di produzione sono espressi in quintali;<br />Dal 2020 sono diffusi i valori di produzione raccolta in quanto necessari per il calcolo della resa. <br />La serie storica e di conseguenza l'attendibilità dei dati diffusi negli anni precedenti non vengono compromessi perché, per le foraggere, i valori di produzione totale e raccolta coincidono.",V3110: V3110,,,,,,
IT1:101_1015(1.0),A: annuale,ITE1: Toscana,HP_Q_EXT: produzione raccolta - quintali,OFTTOT: pomodoro da consumo fresco o da mensa,ALL: tutte le voci,2025,176750,,,,"TIPO_DATO5__HP_Q_EXT_N1: Per tutte le coltivazioni foraggere temporanee e permanenti, a partire dal 2020 i valori di produzione sono espressi in quintali;<br />Dal 2020 sono diffusi i valori di produzione raccolta in quanto necessari per il calcolo della resa. <br />La serie storica e di conseguenza l'attendibilità dei dati diffusi negli anni precedenti non vengono compromessi perché, per le foraggere, i valori di produzione totale e raccolta coincidono.",V3110: V3110,,,,,,
IT1:101_1015(1.0),A: annuale,ITE1: Toscana,HP_Q_EXT: produzione raccolta - quintali,OFTTOT: pomodoro da consumo fresco o da mensa,ALL: tutte le voci,2026,274260,,,,"TIPO_DATO5__HP_Q_EXT_N1: Per tutte le coltivazioni foraggere temporanee e permanenti, a partire dal 2020 i valori di produzione sono espressi in quintali;<br />Dal 2020 sono diffusi i valori di produzione raccolta in quanto necessari per il calcolo della resa. <br />La serie storica e di conseguenza l'attendibilità dei dati diffusi negli anni precedenti non vengono compromessi perché, per le foraggere, i valori di produzione totale e raccolta coincidono.",V3110: V3110,,,,,,
IT1:101_1015(1.0),A: annuale,ITE1: Toscana,TP_QUIN_EXT: produzione totale - quintali,OFTP: pomodoro da trasformazione in piena aria,ALL: tutte le voci,2024,1430370,,,,,V3120: V3120,,,,,,
IT1:101_1015(1.0),A: annuale,ITE1: Toscana,TP_QUIN_EXT: produzione totale - quintali,OFTP: pomodoro da trasformazione in piena aria,ALL: tutte le voci,2025,1355040,,,,,V3120: V3120,,,,,,
IT1:101_1015(1.0),A: annuale,ITE1: Toscana,TP_QUIN_EXT: produzione totale - quintali,OFTP: pomodoro da trasformazione in piena aria,ALL: tutte le voci,2026,1444710,,,,,V3120: V3120,,,,,,
IT1:101_1015(1.0),A: annuale,ITE1: Toscana,TP_QUIN_EXT: produzione totale - quintali,OFTTOT: pomodoro da consumo fresco o da mensa,ALL: tutte le voci,2024,204790,,,,,V3110: V3110,,,,,,
IT1:101_1015(1.0),A: annuale,ITE1: Toscana,TP_QUIN_EXT: produzione totale - quintali,OFTTOT: pomodoro da consumo fresco o da mensa,ALL: tutte le voci,2025,176950,,,,,V3110: V3110,,,,,,
IT1:101_1015(1.0),A: annuale,ITE1: Toscana,TP_QUIN_EXT: produzione totale - quintali,OFTTOT: pomodoro da consumo fresco o da mensa,ALL: tutte le voci,2026,274400,,,,,V3110: V3110,,,,,,
IT1:101_1015(1.0),A: annuale,ITE2: Umbria,ART: superficie totale - ettari,OFTP: pomodoro da trasformazione in piena aria,ALL: tutte le voci,2024,211,,,,,V3120: V3120,,,,,,
IT1:101_1015(1.0),A: annuale,ITE2: Umbria,ART: superficie totale - ettari,OFTP: pomodoro da trasformazione in piena aria,ALL: tutte le voci,2025,216,,,,,V3120: V3120,,,,,,
IT1:101_1015(1.0),A: annuale,ITE2: Umbria,ART: superficie totale - ettari,OFTP: pomodoro da trasformazione in piena aria,ALL: tutte le voci,2026,221,,,,,V3120: V3120,,,,,,
IT1:101_1015(1.0),A: annuale,ITE2: Umbria,ART: superficie totale - ettari,OFTTOT: pomodoro da consumo fresco o da mensa,ALL: tutte le voci,2024,73,,,,,V3110: V3110,,,,,,
IT1:101_1015(1.0),A: annuale,ITE2: Umbria,ART: superficie totale - ettari,OFTTOT: pomodoro da consumo fresco o da mensa,ALL: tutte le voci,2025,72,,,,,V3110: V3110,,,,,,
IT1:101_1015(1.0),A: annuale,ITE2: Umbria,ART: superficie totale - ettari,OFTTOT: pomodoro da consumo fresco o da mensa,ALL: tutte le voci,2026,72,,,,,V3110: V3110,,,,,,
IT1:101_1015(1.0),A: annuale,ITE2: Umbria,HP_Q_EXT: produzione raccolta - quintali,OFTP: pomodoro da trasformazione in piena aria,ALL: tutte le voci,2024,125625,,,,"TIPO_DATO5__HP_Q_EXT_N1: Per tutte le coltivazioni foraggere temporanee e permanenti, a partire dal 2020 i valori di produzione sono espressi in quintali;<br />Dal 2020 sono diffusi i valori di produzione raccolta in quanto necessari per il calcolo della resa. <br />La serie storica e di conseguenza l'attendibilità dei dati diffusi negli anni precedenti non vengono compromessi perché, per le foraggere, i valori di produzione totale e raccolta coincidono.",V3120: V3120,,,,,,
IT1:101_1015(1.0),A: annuale,ITE2: Umbria,HP_Q_EXT: produzione raccolta - quintali,OFTP: pomodoro da trasformazione in piena aria,ALL: tutte le voci,2025,130625,,,,"TIPO_DATO5__HP_Q_EXT_N1: Per tutte le coltivazioni foraggere temporanee e permanenti, a partire dal 2020 i valori di produzione sono espressi in quintali;<br />Dal 2020 sono diffusi i valori di produzione raccolta in quanto necessari per il calcolo della resa. <br />La serie storica e di conseguenza l'attendibilità dei dati diffusi negli anni precedenti non vengono compromessi perché, per le foraggere, i valori di produzione totale e raccolta coincidono.",V3120: V3120,,,,,,
IT1:101_1015(1.0),A: annuale,ITE2: Umbria,HP_Q_EXT: produzione raccolta - quintali,OFTP: pomodoro da trasformazione in piena aria,ALL: tutte le voci,2026,132625,,,,"TIPO_DATO5__HP_Q_EXT_N1: Per tutte le coltivazioni foraggere temporanee e permanenti, a partire dal 2020 i valori di produzione sono espressi in quintali;<br />Dal 2020 sono diffusi i valori di produzione raccolta in quanto necessari per il calcolo della resa. <br />La serie storica e di conseguenza l'attendibilità dei dati diffusi negli anni precedenti non vengono compromessi perché, per le foraggere, i valori di produzione totale e raccolta coincidono.",V3120: V3120,,,,,,
IT1:101_1015(1.0),A: annuale,ITE2: Umbria,HP_Q_EXT: produzione raccolta - quintali,OFTTOT: pomodoro da consumo fresco o da mensa,ALL: tutte le voci,2024,36500,,,,"TIPO_DATO5__HP_Q_EXT_N1: Per tutte le coltivazioni foraggere temporanee e permanenti, a partire dal 2020 i valori di produzione sono espressi in quintali;<br />Dal 2020 sono diffusi i valori di produzione raccolta in quanto necessari per il calcolo della resa. <br />La serie storica e di conseguenza l'attendibilità dei dati diffusi negli anni precedenti non vengono compromessi perché, per le foraggere, i valori di produzione totale e raccolta coincidono.",V3110: V3110,,,,,,
IT1:101_1015(1.0),A: annuale,ITE2: Umbria,HP_Q_EXT: produzione raccolta - quintali,OFTTOT: pomodoro da consumo fresco o da mensa,ALL: tutte le voci,2025,36000,,,,"TIPO_DATO5__HP_Q_EXT_N1: Per tutte le coltivazioni foraggere temporanee e permanenti, a partire dal 2020 i valori di produzione sono espressi in quintali;<br />Dal 2020 sono diffusi i valori di produzione raccolta in quanto necessari per il calcolo della resa. <br />La serie storica e di conseguenza l'attendibilità dei dati diffusi negli anni precedenti non vengono compromessi perché, per le foraggere, i valori di produzione totale e raccolta coincidono.",V3110: V3110,,,,,,
IT1:101_1015(1.0),A: annuale,ITE2: Umbria,HP_Q_EXT: produzione raccolta - quintali,OFTTOT: pomodoro da consumo fresco o da mensa,ALL: tutte le voci,2026,36000,,,,"TIPO_DATO5__HP_Q_EXT_N1: Per tutte le coltivazioni foraggere temporanee e permanenti, a partire dal 2020 i valori di produzione sono espressi in quintali;<br />Dal 2020 sono diffusi i valori di produzione raccolta in quanto necessari per il calcolo della resa. <br />La serie storica e di conseguenza l'attendibilità dei dati diffusi negli anni precedenti non vengono compromessi perché, per le foraggere, i valori di produzione totale e raccolta coincidono.",V3110: V3110,,,,,,
IT1:101_1015(1.0),A: annuale,ITE2: Umbria,TP_QUIN_EXT: produzione totale - quintali,OFTP: pomodoro da trasformazione in piena aria,ALL: tutte le voci,2024,125625,,,,,V3120: V3120,,,,,,
IT1:101_1015(1.0),A: annuale,ITE2: Umbria,TP_QUIN_EXT: produzione totale - quintali,OFTP: pomodoro da trasformazione in piena aria,ALL: tutte le voci,2025,130625,,,,,V3120: V3120,,,,,,
IT1:101_1015(1.0),A: annuale,ITE2: Umbria,TP_QUIN_EXT: produzione totale - quintali,OFTP: pomodoro da trasformazione in piena aria,ALL: tutte le voci,2026,132625,,,,,V3120: V3120,,,,,,
IT1:101_1015(1.0),A: annuale,ITE2: Umbria,TP_QUIN_EXT: produzione totale - quintali,OFTTOT: pomodoro da consumo fresco o da mensa,ALL: tutte le voci,2024,36500,,,,,V3110: V3110,,,,,,
IT1:101_1015(1.0),A: annuale,ITE2: Umbria,TP_QUIN_EXT: produzione totale - quintali,OFTTOT: pomodoro da consumo fresco o da mensa,ALL: tutte le voci,2025,36000,,,,,V3110: V3110,,,,,,
IT1:101_1015(1.0),A: annuale,ITE2: Umbria,TP_QUIN_EXT: produzione totale - quintali,OFTTOT: pomodoro da consumo fresco o da mensa,ALL: tutte le voci,2026,36000,,,,,V3110: V3110,,,,,,
IT1:101_1015(1.0),A: annuale,ITE3: Marche,ART: superficie totale - ettari,OFTP: pomodoro da trasformazione in piena aria,ALL: tutte le voci,2024,8,,,,,V3120: V3120,,,,,,
IT1:101_1015(1.0),A: annuale,ITE3: Marche,ART: superficie totale - ettari,OFTP: pomodoro da trasformazione in piena aria,ALL: tutte le voci,2025,15,,,,,V3120: V3120,,,,,,
IT1:101_1015(1.0),A: annuale,ITE3: Marche,ART: superficie totale - ettari,OFTP: pomodoro da trasformazione in piena aria,ALL: tutte le voci,2026,5,,,,,V3120: V3120,,,,,,
IT1:101_1015(1.0),A: annuale,ITE3: Marche,ART: superficie totale - ettari,OFTTOT: pomodoro da consumo fresco o da mensa,ALL: tutte le voci,2024,109,,,,,V3110: V3110,,,,,,
IT1:101_1015(1.0),A: annuale,ITE3: Marche,ART: superficie totale - ettari,OFTTOT: pomodoro da consumo fresco o da mensa,ALL: tutte le voci,2025,122,,,,,V3110: V3110,,,,,,
IT1:101_1015(1.0),A: annuale,ITE3: Marche,ART: superficie totale - ettari,OFTTOT: pomodoro da consumo fresco o da mensa,ALL: tutte le voci,2026,113,,,,,V3110: V3110,,,,,,
IT1:101_1015(1.0),A: annuale,ITE3: Marche,HP_Q_EXT: produzione raccolta - quintali,OFTP: pomodoro da trasformazione in piena aria,ALL: tutte le voci,2024,4150,,,,"TIPO_DATO5__HP_Q_EXT_N1: Per tutte le coltivazioni foraggere temporanee e permanenti, a partire dal 2020 i valori di produzione sono espressi in quintali;<br />Dal 2020 sono diffusi i valori di produzione raccolta in quanto necessari per il calcolo della resa. <br />La serie storica e di conseguenza l'attendibilità dei dati diffusi negli anni precedenti non vengono compromessi perché, per le foraggere, i valori di produzione totale e raccolta coincidono.",V3120: V3120,,,,,,
IT1:101_1015(1.0),A: annuale,ITE3: Marche,HP_Q_EXT: produzione raccolta - quintali,OFTP: pomodoro da trasformazione in piena aria,ALL: tutte le voci,2025,6850,,,,"TIPO_DATO5__HP_Q_EXT_N1: Per tutte le coltivazioni foraggere temporanee e permanenti, a partire dal 2020 i valori di produzione sono espressi in quintali;<br />Dal 2020 sono diffusi i valori di produzione raccolta in quanto necessari per il calcolo della resa. <br />La serie storica e di conseguenza l'attendibilità dei dati diffusi negli anni precedenti non vengono compromessi perché, per le foraggere, i valori di produzione totale e raccolta coincidono.",V3120: V3120,,,,,,
IT1:101_1015(1.0),A: annuale,ITE3: Marche,HP_Q_EXT: produzione raccolta - quintali,OFTP: pomodoro da trasformazione in piena aria,ALL: tutte le voci,2026,2870,,,,"TIPO_DATO5__HP_Q_EXT_N1: Per tutte le coltivazioni foraggere temporanee e permanenti, a partire dal 2020 i valori di produzione sono espressi in quintali;<br />Dal 2020 sono diffusi i valori di produzione raccolta in quanto necessari per il calcolo della resa. <br />La serie storica e di conseguenza l'attendibilità dei dati diffusi negli anni precedenti non vengono compromessi perché, per le foraggere, i valori di produzione totale e raccolta coincidono.",V3120: V3120,,,,,,
IT1:101_1015(1.0),A: annuale,ITE3: Marche,HP_Q_EXT: produzione raccolta - quintali,OFTTOT: pomodoro da consumo fresco o da mensa,ALL: tutte le voci,2024,54753,,,,"TIPO_DATO5__HP_Q_EXT_N1: Per tutte le coltivazioni foraggere temporanee e permanenti, a partire dal 2020 i valori di produzione sono espressi in quintali;<br />Dal 2020 sono diffusi i valori di produzione raccolta in quanto necessari per il calcolo della resa. <br />La serie storica e di conseguenza l'attendibilità dei dati diffusi negli anni precedenti non vengono compromessi perché, per le foraggere, i valori di produzione totale e raccolta coincidono.",V3110: V3110,,,,,,
IT1:101_1015(1.0),A: annuale,ITE3: Marche,HP_Q_EXT: produzione raccolta - quintali,OFTTOT: pomodoro da consumo fresco o da mensa,ALL: tutte le voci,2025,64806,,,,"TIPO_DATO5__HP_Q_EXT_N1: Per tutte le coltivazioni foraggere temporanee e permanenti, a partire dal 2020 i valori di produzione sono espressi in quintali;<br />Dal 2020 sono diffusi i valori di produzione raccolta in quanto necessari per il calcolo della resa. <br />La serie storica e di conseguenza l'attendibilità dei dati diffusi negli anni precedenti non vengono compromessi perché, per le foraggere, i valori di produzione totale e raccolta coincidono.",V3110: V3110,,,,,,
IT1:101_1015(1.0),A: annuale,ITE3: Marche,HP_Q_EXT: produzione raccolta - quintali,OFTTOT: pomodoro da consumo fresco o da mensa,ALL: tutte le voci,2026,61735,,,,"TIPO_DATO5__HP_Q_EXT_N1: Per tutte le coltivazioni foraggere temporanee e permanenti, a partire dal 2020 i valori di produzione sono espressi in quintali;<br />Dal 2020 sono diffusi i valori di produzione raccolta in quanto necessari per il calcolo della resa. <br />La serie storica e di conseguenza l'attendibilità dei dati diffusi negli anni precedenti non vengono compromessi perché, per le foraggere, i valori di produzione totale e raccolta coincidono.",V3110: V3110,,,,,,
IT1:101_1015(1.0),A: annuale,ITE3: Marche,TP_QUIN_EXT: produzione totale - quintali,OFTP: pomodoro da trasformazione in piena aria,ALL: tutte le voci,2024,4150,,,,,V3120: V3120,,,,,,
IT1:101_1015(1.0),A: annuale,ITE3: Marche,TP_QUIN_EXT: produzione totale - quintali,OFTP: pomodoro da trasformazione in piena aria,ALL: tutte le voci,2025,6850,,,,,V3120: V3120,,,,,,
IT1:101_1015(1.0),A: annuale,ITE3: Marche,TP_QUIN_EXT: produzione totale - quintali,OFTP: pomodoro da trasformazione in piena aria,ALL: tutte le voci,2026,2870,,,,,V3120: V3120,,,,,,
IT1:101_1015(1.0),A: annuale,ITE3: Marche,TP_QUIN_EXT: produzione totale - quintali,OFTTOT: pomodoro da consumo fresco o da mensa,ALL: tutte le voci,2024,54753,,,,,V3110: V3110,,,,,,
IT1:101_1015(1.0),A: annuale,ITE3: Marche,TP_QUIN_EXT: produzione totale - quintali,OFTTOT: pomodoro da consumo fresco o da mensa,ALL: tutte le voci,2025,64806,,,,,V3110: V3110,,,,,,
IT1:101_1015(1.0),A: annuale,ITE3: Marche,TP_QUIN_EXT: produzione totale - quintali,OFTTOT: pomodoro da consumo fresco o da mensa,ALL: tutte le voci,2026,61735,,,,,V3110: V3110,,,,,,
IT1:101_1015(1.0),A: annuale,ITE4: Lazio,ART: superficie totale - ettari,OFTP: pomodoro da trasformazione in piena aria,ALL: tutte le voci,2024,1757,,,,,V3120: V3120,,,,,,
IT1:101_1015(1.0),A: annuale,ITE4: Lazio,ART: superficie totale - ettari,OFTP: pomodoro da trasformazione in piena aria,ALL: tutte le voci,2025,2027,,,,,V3120: V3120,,,,,,
IT1:101_1015(1.0),A: annuale,ITE4: Lazio,ART: superficie totale - ettari,OFTP: pomodoro da trasformazione in piena aria,ALL: tutte le voci,2026,1955,,,,,V3120: V3120,,,,,,
IT1:101_1015(1.0),A: annuale,ITE4: Lazio,ART: superficie totale - ettari,OFTTOT: pomodoro da consumo fresco o da mensa,ALL: tutte le voci,2024,1116,,,,,V3110: V3110,,,,,,
IT1:101_1015(1.0),A: annuale,ITE4: Lazio,ART: superficie totale - ettari,OFTTOT: pomodoro da consumo fresco o da mensa,ALL: tutte le voci,2025,1118,,,,,V3110: V3110,,,,,,
IT1:101_1015(1.0),A: annuale,ITE4: Lazio,ART: superficie totale - ettari,OFTTOT: pomodoro da consumo fresco o da mensa,ALL: tutte le voci,2026,1106,,,,,V3110: V3110,,,,,,
IT1:101_1015(1.0),A: annuale,ITE4: Lazio,HP_Q_EXT: produzione raccolta - quintali,OFTP: pomodoro da trasformazione in piena aria,ALL: tutte le voci,2024,1455070,,,,"TIPO_DATO5__HP_Q_EXT_N1: Per tutte le coltivazioni foraggere temporanee e permanenti, a partire dal 2020 i valori di produzione sono espressi in quintali;<br />Dal 2020 sono diffusi i valori di produzione raccolta in quanto necessari per il calcolo della resa. <br />La serie storica e di conseguenza l'attendibilità dei dati diffusi negli anni precedenti non vengono compromessi perché, per le foraggere, i valori di produzione totale e raccolta coincidono.",V3120: V3120,,,,,,
IT1:101_1015(1.0),A: annuale,ITE4: Lazio,HP_Q_EXT: produzione raccolta - quintali,OFTP: pomodoro da trasformazione in piena aria,ALL: tutte le voci,2025,1644450,,,,"TIPO_DATO5__HP_Q_EXT_N1: Per tutte le coltivazioni foraggere temporanee e permanenti, a partire dal 2020 i valori di produzione sono espressi in quintali;<br />Dal 2020 sono diffusi i valori di produzione raccolta in quanto necessari per il calcolo della resa. <br />La serie storica e di conseguenza l'attendibilità dei dati diffusi negli anni precedenti non vengono compromessi perché, per le foraggere, i valori di produzione totale e raccolta coincidono.",V3120: V3120,,,,,,
IT1:101_1015(1.0),A: annuale,ITE4: Lazio,HP_Q_EXT: produzione raccolta - quintali,OFTP: pomodoro da trasformazione in piena aria,ALL: tutte le voci,2026,1382050,,,,"TIPO_DATO5__HP_Q_EXT_N1: Per tutte le coltivazioni foraggere temporanee e permanenti, a partire dal 2020 i valori di produzione sono espressi in quintali;<br />Dal 2020 sono diffusi i valori di produzione raccolta in quanto necessari per il calcolo della resa. <br />La serie storica e di conseguenza l'attendibilità dei dati diffusi negli anni precedenti non vengono compromessi perché, per le foraggere, i valori di produzione totale e raccolta coincidono.",V3120: V3120,,,,,,
IT1:101_1015(1.0),A: annuale,ITE4: Lazio,HP_Q_EXT: produzione raccolta - quintali,OFTTOT: pomodoro da consumo fresco o da mensa,ALL: tutte le voci,2024,444170,,,,"TIPO_DATO5__HP_Q_EXT_N1: Per tutte le coltivazioni foraggere temporanee e permanenti, a partire dal 2020 i valori di produzione sono espressi in quintali;<br />Dal 2020 sono diffusi i valori di produzione raccolta in quanto necessari per il calcolo della resa. <br />La serie storica e di conseguenza l'attendibilità dei dati diffusi negli anni precedenti non vengono compromessi perché, per le foraggere, i valori di produzione totale e raccolta coincidono.",V3110: V3110,,,,,,
IT1:101_1015(1.0),A: annuale,ITE4: Lazio,HP_Q_EXT: produzione raccolta - quintali,OFTTOT: pomodoro da consumo fresco o da mensa,ALL: tutte le voci,2025,429960,,,,"TIPO_DATO5__HP_Q_EXT_N1: Per tutte le coltivazioni foraggere temporanee e permanenti, a partire dal 2020 i valori di produzione sono espressi in quintali;<br />Dal 2020 sono diffusi i valori di produzione raccolta in quanto necessari per il calcolo della resa. <br />La serie storica e di conseguenza l'attendibilità dei dati diffusi negli anni precedenti non vengono compromessi perché, per le foraggere, i valori di produzione totale e raccolta coincidono.",V3110: V3110,,,,,,
IT1:101_1015(1.0),A: annuale,ITE4: Lazio,HP_Q_EXT: produzione raccolta - quintali,OFTTOT: pomodoro da consumo fresco o da mensa,ALL: tutte le voci,2026,431120,,,,"TIPO_DATO5__HP_Q_EXT_N1: Per tutte le coltivazioni foraggere temporanee e permanenti, a partire dal 2020 i valori di produzione sono espressi in quintali;<br />Dal 2020 sono diffusi i valori di produzione raccolta in quanto necessari per il calcolo della resa. <br />La serie storica e di conseguenza l'attendibilità dei dati diffusi negli anni precedenti non vengono compromessi perché, per le foraggere, i valori di produzione totale e raccolta coincidono.",V3110: V3110,,,,,,
IT1:101_1015(1.0),A: annuale,ITE4: Lazio,TP_QUIN_EXT: produzione totale - quintali,OFTP: pomodoro da trasformazione in piena aria,ALL: tutte le voci,2024,1465000,,,,,V3120: V3120,,,,,,
IT1:101_1015(1.0),A: annuale,ITE4: Lazio,TP_QUIN_EXT: produzione totale - quintali,OFTP: pomodoro da trasformazione in piena aria,ALL: tutte le voci,2025,1655750,,,,,V3120: V3120,,,,,,
IT1:101_1015(1.0),A: annuale,ITE4: Lazio,TP_QUIN_EXT: produzione totale - quintali,OFTP: pomodoro da trasformazione in piena aria,ALL: tutte le voci,2026,1403800,,,,,V3120: V3120,,,,,,
IT1:101_1015(1.0),A: annuale,ITE4: Lazio,TP_QUIN_EXT: produzione totale - quintali,OFTTOT: pomodoro da consumo fresco o da mensa,ALL: tutte le voci,2024,465000,,,,,V3110: V3110,,,,,,
IT1:101_1015(1.0),A: annuale,ITE4: Lazio,TP_QUIN_EXT: produzione totale - quintali,OFTTOT: pomodoro da consumo fresco o da mensa,ALL: tutte le voci,2025,458800,,,,,V3110: V3110,,,,,,
IT1:101_1015(1.0),A: annuale,ITE4: Lazio,TP_QUIN_EXT: produzione totale - quintali,OFTTOT: pomodoro da consumo fresco o da mensa,ALL: tutte le voci,2026,452000,,,,,V3110: V3110,,,,,,
IT1:101_1015(1.0),A: annuale,ITF1: Abruzzo,ART: superficie totale - ettari,OFTP: pomodoro da trasformazione in piena aria,ALL: tutte le voci,2024,1280,,,,,V3120: V3120,,,,,,
IT1:101_1015(1.0),A: annuale,ITF1: Abruzzo,ART: superficie totale - ettari,OFTP: pomodoro da trasformazione in piena aria,ALL: tutte le voci,2025,1280,,,,,V3120: V3120,,,,,,
IT1:101_1015(1.0),A: annuale,ITF1: Abruzzo,ART: superficie totale - ettari,OFTP: pomodoro da trasformazione in piena aria,ALL: tutte le voci,2026,1192,,,,,V3120: V3120,,,,,,
IT1:101_1015(1.0),A: annuale,ITF1: Abruzzo,ART: superficie totale - ettari,OFTTOT: pomodoro da consumo fresco o da mensa,ALL: tutte le voci,2024,1240,,,,,V3110: V3110,,,,,,
IT1:101_1015(1.0),A: annuale,ITF1: Abruzzo,ART: superficie totale - ettari,OFTTOT: pomodoro da consumo fresco o da mensa,ALL: tutte le voci,2025,1240,,,,,V3110: V3110,,,,,,
IT1:101_1015(1.0),A: annuale,ITF1: Abruzzo,ART: superficie totale - ettari,OFTTOT: pomodoro da consumo fresco o da mensa,ALL: tutte le voci,2026,1376,,,,,V3110: V3110,,,,,,
IT1:101_1015(1.0),A: annuale,ITF1: Abruzzo,HP_Q_EXT: produzione raccolta - quintali,OFTP: pomodoro da trasformazione in piena aria,ALL: tutte le voci,2024,585000,,,,"TIPO_DATO5__HP_Q_EXT_N1: Per tutte le coltivazioni foraggere temporanee e permanenti, a partire dal 2020 i valori di produzione sono espressi in quintali;<br />Dal 2020 sono diffusi i valori di produzione raccolta in quanto necessari per il calcolo della resa. <br />La serie storica e di conseguenza l'attendibilità dei dati diffusi negli anni precedenti non vengono compromessi perché, per le foraggere, i valori di produzione totale e raccolta coincidono.",V3120: V3120,,,,,,
IT1:101_1015(1.0),A: annuale,ITF1: Abruzzo,HP_Q_EXT: produzione raccolta - quintali,OFTP: pomodoro da trasformazione in piena aria,ALL: tutte le voci,2025,625000,,,,"TIPO_DATO5__HP_Q_EXT_N1: Per tutte le coltivazioni foraggere temporanee e permanenti, a partire dal 2020 i valori di produzione sono espressi in quintali;<br />Dal 2020 sono diffusi i valori di produzione raccolta in quanto necessari per il calcolo della resa. <br />La serie storica e di conseguenza l'attendibilità dei dati diffusi negli anni precedenti non vengono compromessi perché, per le foraggere, i valori di produzione totale e raccolta coincidono.",V3120: V3120,,,,,,
IT1:101_1015(1.0),A: annuale,ITF1: Abruzzo,HP_Q_EXT: produzione raccolta - quintali,OFTP: pomodoro da trasformazione in piena aria,ALL: tutte le voci,2026,576190,,,,"TIPO_DATO5__HP_Q_EXT_N1: Per tutte le coltivazioni foraggere temporanee e permanenti, a partire dal 2020 i valori di produzione sono espressi in quintali;<br />Dal 2020 sono diffusi i valori di produzione raccolta in quanto necessari per il calcolo della resa. <br />La serie storica e di conseguenza l'attendibilità dei dati diffusi negli anni precedenti non vengono compromessi perché, per le foraggere, i valori di produzione totale e raccolta coincidono.",V3120: V3120,,,,,,
IT1:101_1015(1.0),A: annuale,ITF1: Abruzzo,HP_Q_EXT: produzione raccolta - quintali,OFTTOT: pomodoro da consumo fresco o da mensa,ALL: tutte le voci,2024,537000,,,,"TIPO_DATO5__HP_Q_EXT_N1: Per tutte le coltivazioni foraggere temporanee e permanenti, a partire dal 2020 i valori di produzione sono espressi in quintali;<br />Dal 2020 sono diffusi i valori di produzione raccolta in quanto necessari per il calcolo della resa. <br />La serie storica e di conseguenza l'attendibilità dei dati diffusi negli anni precedenti non vengono compromessi perché, per le foraggere, i valori di produzione totale e raccolta coincidono.",V3110: V3110,,,,,,
IT1:101_1015(1.0),A: annuale,ITF1: Abruzzo,HP_Q_EXT: produzione raccolta - quintali,OFTTOT: pomodoro da consumo fresco o da mensa,ALL: tutte le voci,2025,537000,,,,"TIPO_DATO5__HP_Q_EXT_N1: Per tutte le coltivazioni foraggere temporanee e permanenti, a partire dal 2020 i valori di produzione sono espressi in quintali;<br />Dal 2020 sono diffusi i valori di produzione raccolta in quanto necessari per il calcolo della resa. <br />La serie storica e di conseguenza l'attendibilità dei dati diffusi negli anni precedenti non vengono compromessi perché, per le foraggere, i valori di produzione totale e raccolta coincidono.",V3110: V3110,,,,,,
IT1:101_1015(1.0),A: annuale,ITF1: Abruzzo,HP_Q_EXT: produzione raccolta - quintali,OFTTOT: pomodoro da consumo fresco o da mensa,ALL: tutte le voci,2026,555000,,,,"TIPO_DATO5__HP_Q_EXT_N1: Per tutte le coltivazioni foraggere temporanee e permanenti, a partire dal 2020 i valori di produzione sono espressi in quintali;<br />Dal 2020 sono diffusi i valori di produzione raccolta in quanto necessari per il calcolo della resa. <br />La serie storica e di conseguenza l'attendibilità dei dati diffusi negli anni precedenti non vengono compromessi perché, per le foraggere, i valori di produzione totale e raccolta coincidono.",V3110: V3110,,,,,,
IT1:101_1015(1.0),A: annuale,ITF1: Abruzzo,TP_QUIN_EXT: produzione totale - quintali,OFTP: pomodoro da trasformazione in piena aria,ALL: tutte le voci,2024,585000,,,,,V3120: V3120,,,,,,
IT1:101_1015(1.0),A: annuale,ITF1: Abruzzo,TP_QUIN_EXT: produzione totale - quintali,OFTP: pomodoro da trasformazione in piena aria,ALL: tutte le voci,2025,625000,,,,,V3120: V3120,,,,,,
IT1:101_1015(1.0),A: annuale,ITF1: Abruzzo,TP_QUIN_EXT: produzione totale - quintali,OFTP: pomodoro da trasformazione in piena aria,ALL: tutte le voci,2026,576190,,,,,V3120: V3120,,,,,,
IT1:101_1015(1.0),A: annuale,ITF1: Abruzzo,TP_QUIN_EXT: produzione totale - quintali,OFTTOT: pomodoro da consumo fresco o da mensa,ALL: tutte le voci,2024,537000,,,,,V3110: V3110,,,,,,
IT1:101_1015(1.0),A: annuale,ITF1: Abruzzo,TP_QUIN_EXT: produzione totale - quintali,OFTTOT: pomodoro da consumo fresco o da mensa,ALL: tutte le voci,2025,537000,,,,,V3110: V3110,,,,,,
IT1:101_1015(1.0),A: annuale,ITF1: Abruzzo,TP_QUIN_EXT: produzione totale - quintali,OFTTOT: pomodoro da consumo fresco o da mensa,ALL: tutte le voci,2026,555000,,,,,V3110: V3110,,,,,,
IT1:101_1015(1.0),A: annuale,ITF2: Molise,ART: superficie totale - ettari,OFTP: pomodoro da trasformazione in piena aria,ALL: tutte le voci,2024,940,,,,,V3120: V3120,,,,,,
IT1:101_1015(1.0),A: annuale,ITF2: Molise,ART: superficie totale - ettari,OFTP: pomodoro da trasformazione in piena aria,ALL: tutte le voci,2025,940,,,,,V3120: V3120,,,,,,
IT1:101_1015(1.0),A: annuale,ITF2: Molise,ART: superficie totale - ettari,OFTP: pomodoro da trasformazione in piena aria,ALL: tutte le voci,2026,940,,,,,V3120: V3120,,,,,,
IT1:101_1015(1.0),A: annuale,ITF2: Molise,ART: superficie totale - ettari,OFTTOT: pomodoro da consumo fresco o da mensa,ALL: tutte le voci,2024,30,,,,,V3110: V3110,,,,,,
IT1:101_1015(1.0),A: annuale,ITF2: Molise,ART: superficie totale - ettari,OFTTOT: pomodoro da consumo fresco o da mensa,ALL: tutte le voci,2025,30,,,,,V3110: V3110,,,,,,
IT1:101_1015(1.0),A: annuale,ITF2: Molise,ART: superficie totale - ettari,OFTTOT: pomodoro da consumo fresco o da mensa,ALL: tutte le voci,2026,30,,,,,V3110: V3110,,,,,,
IT1:101_1015(1.0),A: annuale,ITF2: Molise,HP_Q_EXT: produzione raccolta - quintali,OFTP: pomodoro da trasformazione in piena aria,ALL: tutte le voci,2024,561000,,,,"TIPO_DATO5__HP_Q_EXT_N1: Per tutte le coltivazioni foraggere temporanee e permanenti, a partire dal 2020 i valori di produzione sono espressi in quintali;<br />Dal 2020 sono diffusi i valori di produzione raccolta in quanto necessari per il calcolo della resa. <br />La serie storica e di conseguenza l'attendibilità dei dati diffusi negli anni precedenti non vengono compromessi perché, per le foraggere, i valori di produzione totale e raccolta coincidono.",V3120: V3120,,,,,,
IT1:101_1015(1.0),A: annuale,ITF2: Molise,HP_Q_EXT: produzione raccolta - quintali,OFTP: pomodoro da trasformazione in piena aria,ALL: tutte le voci,2025,560000,,,,"TIPO_DATO5__HP_Q_EXT_N1: Per tutte le coltivazioni foraggere temporanee e permanenti, a partire dal 2020 i valori di produzione sono espressi in quintali;<br />Dal 2020 sono diffusi i valori di produzione raccolta in quanto necessari per il calcolo della resa. <br />La serie storica e di conseguenza l'attendibilità dei dati diffusi negli anni precedenti non vengono compromessi perché, per le foraggere, i valori di produzione totale e raccolta coincidono.",V3120: V3120,,,,,,
IT1:101_1015(1.0),A: annuale,ITF2: Molise,HP_Q_EXT: produzione raccolta - quintali,OFTP: pomodoro da trasformazione in piena aria,ALL: tutte le voci,2026,560000,,,,"TIPO_DATO5__HP_Q_EXT_N1: Per tutte le coltivazioni foraggere temporanee e permanenti, a partire dal 2020 i valori di produzione sono espressi in quintali;<br />Dal 2020 sono diffusi i valori di produzione raccolta in quanto necessari per il calcolo della resa. <br />La serie storica e di conseguenza l'attendibilità dei dati diffusi negli anni precedenti non vengono compromessi perché, per le foraggere, i valori di produzione totale e raccolta coincidono.",V3120: V3120,,,,,,
IT1:101_1015(1.0),A: annuale,ITF2: Molise,HP_Q_EXT: produzione raccolta - quintali,OFTTOT: pomodoro da consumo fresco o da mensa,ALL: tutte le voci,2024,5800,,,,"TIPO_DATO5__HP_Q_EXT_N1: Per tutte le coltivazioni foraggere temporanee e permanenti, a partire dal 2020 i valori di produzione sono espressi in quintali;<br />Dal 2020 sono diffusi i valori di produzione raccolta in quanto necessari per il calcolo della resa. <br />La serie storica e di conseguenza l'attendibilità dei dati diffusi negli anni precedenti non vengono compromessi perché, per le foraggere, i valori di produzione totale e raccolta coincidono.",V3110: V3110,,,,,,
IT1:101_1015(1.0),A: annuale,ITF2: Molise,HP_Q_EXT: produzione raccolta - quintali,OFTTOT: pomodoro da consumo fresco o da mensa,ALL: tutte le voci,2025,6400,,,,"TIPO_DATO5__HP_Q_EXT_N1: Per tutte le coltivazioni foraggere temporanee e permanenti, a partire dal 2020 i valori di produzione sono espressi in quintali;<br />Dal 2020 sono diffusi i valori di produzione raccolta in quanto necessari per il calcolo della resa. <br />La serie storica e di conseguenza l'attendibilità dei dati diffusi negli anni precedenti non vengono compromessi perché, per le foraggere, i valori di produzione totale e raccolta coincidono.",V3110: V3110,,,,,,
IT1:101_1015(1.0),A: annuale,ITF2: Molise,HP_Q_EXT: produzione raccolta - quintali,OFTTOT: pomodoro da consumo fresco o da mensa,ALL: tutte le voci,2026,6600,,,,"TIPO_DATO5__HP_Q_EXT_N1: Per tutte le coltivazioni foraggere temporanee e permanenti, a partire dal 2020 i valori di produzione sono espressi in quintali;<br />Dal 2020 sono diffusi i valori di produzione raccolta in quanto necessari per il calcolo della resa. <br />La serie storica e di conseguenza l'attendibilità dei dati diffusi negli anni precedenti non vengono compromessi perché, per le foraggere, i valori di produzione totale e raccolta coincidono.",V3110: V3110,,,,,,
IT1:101_1015(1.0),A: annuale,ITF2: Molise,TP_QUIN_EXT: produzione totale - quintali,OFTP: pomodoro da trasformazione in piena aria,ALL: tutte le voci,2024,561000,,,,,V3120: V3120,,,,,,
IT1:101_1015(1.0),A: annuale,ITF2: Molise,TP_QUIN_EXT: produzione totale - quintali,OFTP: pomodoro da trasformazione in piena aria,ALL: tutte le voci,2025,560000,,,,,V3120: V3120,,,,,,
IT1:101_1015(1.0),A: annuale,ITF2: Molise,TP_QUIN_EXT: produzione totale - quintali,OFTP: pomodoro da trasformazione in piena aria,ALL: tutte le voci,2026,560000,,,,,V3120: V3120,,,,,,
IT1:101_1015(1.0),A: annuale,ITF2: Molise,TP_QUIN_EXT: produzione totale - quintali,OFTTOT: pomodoro da consumo fresco o da mensa,ALL: tutte le voci,2024,5800,,,,,V3110: V3110,,,,,,
IT1:101_1015(1.0),A: annuale,ITF2: Molise,TP_QUIN_EXT: produzione totale - quintali,OFTTOT: pomodoro da consumo fresco o da mensa,ALL: tutte le voci,2025,6400,,,,,V3110: V3110,,,,,,
IT1:101_1015(1.0),A: annuale,ITF2: Molise,TP_QUIN_EXT: produzione totale - quintali,OFTTOT: pomodoro da consumo fresco o da mensa,ALL: tutte le voci,2026,6600,,,,,V3110: V3110,,,,,,
IT1:101_1015(1.0),A: annuale,ITF3: Campania,ART: superficie totale - ettari,OFTP: pomodoro da trasformazione in piena aria,ALL: tutte le voci,2024,3720,,,,,V3120: V3120,,,,,,
IT1:101_1015(1.0),A: annuale,ITF3: Campania,ART: superficie totale - ettari,OFTP: pomodoro da trasformazione in piena aria,ALL: tutte le voci,2025,3698,,,,,V3120: V3120,,,,,,
IT1:101_1015(1.0),A: annuale,ITF3: Campania,ART: superficie totale - ettari,OFTP: pomodoro da trasformazione in piena aria,ALL: tutte le voci,2026,3750,,,,,V3120: V3120,,,,,,
IT1:101_1015(1.0),A: annuale,ITF3: Campania,ART: superficie totale - ettari,OFTTOT: pomodoro da consumo fresco o da mensa,ALL: tutte le voci,2024,1085,,,,,V3110: V3110,,,,,,
IT1:101_1015(1.0),A: annuale,ITF3: Campania,ART: superficie totale - ettari,OFTTOT: pomodoro da consumo fresco o da mensa,ALL: tutte le voci,2025,1075,,,,,V3110: V3110,,,,,,
IT1:101_1015(1.0),A: annuale,ITF3: Campania,ART: superficie totale - ettari,OFTTOT: pomodoro da consumo fresco o da mensa,ALL: tutte le voci,2026,1005,,,,,V3110: V3110,,,,,,
IT1:101_1015(1.0),A: annuale,ITF3: Campania,HP_Q_EXT: produzione raccolta - quintali,OFTP: pomodoro da trasformazione in piena aria,ALL: tutte le voci,2024,2197500,,,,"TIPO_DATO5__HP_Q_EXT_N1: Per tutte le coltivazioni foraggere temporanee e permanenti, a partire dal 2020 i valori di produzione sono espressi in quintali;<br />Dal 2020 sono diffusi i valori di produzione raccolta in quanto necessari per il calcolo della resa. <br />La serie storica e di conseguenza l'attendibilità dei dati diffusi negli anni precedenti non vengono compromessi perché, per le foraggere, i valori di produzione totale e raccolta coincidono.",V3120: V3120,,,,,,
IT1:101_1015(1.0),A: annuale,ITF3: Campania,HP_Q_EXT: produzione raccolta - quintali,OFTP: pomodoro da trasformazione in piena aria,ALL: tutte le voci,2025,2222400,,,,"TIPO_DATO5__HP_Q_EXT_N1: Per tutte le coltivazioni foraggere temporanee e permanenti, a partire dal 2020 i valori di produzione sono espressi in quintali;<br />Dal 2020 sono diffusi i valori di produzione raccolta in quanto necessari per il calcolo della resa. <br />La serie storica e di conseguenza l'attendibilità dei dati diffusi negli anni precedenti non vengono compromessi perché, per le foraggere, i valori di produzione totale e raccolta coincidono.",V3120: V3120,,,,,,
IT1:101_1015(1.0),A: annuale,ITF3: Campania,HP_Q_EXT: produzione raccolta - quintali,OFTP: pomodoro da trasformazione in piena aria,ALL: tutte le voci,2026,2357000,,,,"TIPO_DATO5__HP_Q_EXT_N1: Per tutte le coltivazioni foraggere temporanee e permanenti, a partire dal 2020 i valori di produzione sono espressi in quintali;<br />Dal 2020 sono diffusi i valori di produzione raccolta in quanto necessari per il calcolo della resa. <br />La serie storica e di conseguenza l'attendibilità dei dati diffusi negli anni precedenti non vengono compromessi perché, per le foraggere, i valori di produzione totale e raccolta coincidono.",V3120: V3120,,,,,,
IT1:101_1015(1.0),A: annuale,ITF3: Campania,HP_Q_EXT: produzione raccolta - quintali,OFTTOT: pomodoro da consumo fresco o da mensa,ALL: tutte le voci,2024,533000,,,,"TIPO_DATO5__HP_Q_EXT_N1: Per tutte le coltivazioni foraggere temporanee e permanenti, a partire dal 2020 i valori di produzione sono espressi in quintali;<br />Dal 2020 sono diffusi i valori di produzione raccolta in quanto necessari per il calcolo della resa. <br />La serie storica e di conseguenza l'attendibilità dei dati diffusi negli anni precedenti non vengono compromessi perché, per le foraggere, i valori di produzione totale e raccolta coincidono.",V3110: V3110,,,,,,
IT1:101_1015(1.0),A: annuale,ITF3: Campania,HP_Q_EXT: produzione raccolta - quintali,OFTTOT: pomodoro da consumo fresco o da mensa,ALL: tutte le voci,2025,539500,,,,"TIPO_DATO5__HP_Q_EXT_N1: Per tutte le coltivazioni foraggere temporanee e permanenti, a partire dal 2020 i valori di produzione sono espressi in quintali;<br />Dal 2020 sono diffusi i valori di produzione raccolta in quanto necessari per il calcolo della resa. <br />La serie storica e di conseguenza l'attendibilità dei dati diffusi negli anni precedenti non vengono compromessi perché, per le foraggere, i valori di produzione totale e raccolta coincidono.",V3110: V3110,,,,,,
IT1:101_1015(1.0),A: annuale,ITF3: Campania,HP_Q_EXT: produzione raccolta - quintali,OFTTOT: pomodoro da consumo fresco o da mensa,ALL: tutte le voci,2026,574500,,,,"TIPO_DATO5__HP_Q_EXT_N1: Per tutte le coltivazioni foraggere temporanee e permanenti, a partire dal 2020 i valori di produzione sono espressi in quintali;<br />Dal 2020 sono diffusi i valori di produzione raccolta in quanto necessari per il calcolo della resa. <br />La serie storica e di conseguenza l'attendibilità dei dati diffusi negli anni precedenti non vengono compromessi perché, per le foraggere, i valori di produzione totale e raccolta coincidono.",V3110: V3110,,,,,,
IT1:101_1015(1.0),A: annuale,ITF3: Campania,TP_QUIN_EXT: produzione totale - quintali,OFTP: pomodoro da trasformazione in piena aria,ALL: tutte le voci,2024,2232500,,,,,V3120: V3120,,,,,,
IT1:101_1015(1.0),A: annuale,ITF3: Campania,TP_QUIN_EXT: produzione totale - quintali,OFTP: pomodoro da trasformazione in piena aria,ALL: tutte le voci,2025,2272400,,,,,V3120: V3120,,,,,,
IT1:101_1015(1.0),A: annuale,ITF3: Campania,TP_QUIN_EXT: produzione totale - quintali,OFTP: pomodoro da trasformazione in piena aria,ALL: tutte le voci,2026,2357000,,,,,V3120: V3120,,,,,,
IT1:101_1015(1.0),A: annuale,ITF3: Campania,TP_QUIN_EXT: produzione totale - quintali,OFTTOT: pomodoro da consumo fresco o da mensa,ALL: tutte le voci,2024,546000,,,,,V3110: V3110,,,,,,
IT1:101_1015(1.0),A: annuale,ITF3: Campania,TP_QUIN_EXT: produzione totale - quintali,OFTTOT: pomodoro da consumo fresco o da mensa,ALL: tutte le voci,2025,547500,,,,,V3110: V3110,,,,,,
IT1:101_1015(1.0),A: annuale,ITF3: Campania,TP_QUIN_EXT: produzione totale - quintali,OFTTOT: pomodoro da consumo fresco o da mensa,ALL: tutte le voci,2026,574500,,,,,V3110: V3110,,,,,,
IT1:101_1015(1.0),A: annuale,ITF4: Puglia,ART: superficie totale - ettari,OFTP: pomodoro da trasformazione in piena aria,ALL: tutte le voci,2024,15370,,,,,V3120: V3120,,,,,,
IT1:101_1015(1.0),A: annuale,ITF4: Puglia,ART: superficie totale - ettari,OFTP: pomodoro da trasformazione in piena aria,ALL: tutte le voci,2025,15470,,,,,V3120: V3120,,,,,,
IT1:101_1015(1.0),A: annuale,ITF4: Puglia,ART: superficie totale - ettari,OFTP: pomodoro da trasformazione in piena aria,ALL: tutte le voci,2026,20730,,,,,V3120: V3120,,,,,,
IT1:101_1015(1.0),A: annuale,ITF4: Puglia,ART: superficie totale - ettari,OFTTOT: pomodoro da consumo fresco o da mensa,ALL: tutte le voci,2024,1405,,,,,V3110: V3110,,,,,,
IT1:101_1015(1.0),A: annuale,ITF4: Puglia,ART: superficie totale - ettari,OFTTOT: pomodoro da consumo fresco o da mensa,ALL: tutte le voci,2025,1405,,,,,V3110: V3110,,,,,,
IT1:101_1015(1.0),A: annuale,ITF4: Puglia,ART: superficie totale - ettari,OFTTOT: pomodoro da consumo fresco o da mensa,ALL: tutte le voci,2026,1890,,,,,V3110: V3110,,,,,,
IT1:101_1015(1.0),A: annuale,ITF4: Puglia,HP_Q_EXT: produzione raccolta - quintali,OFTP: pomodoro da trasformazione in piena aria,ALL: tutte le voci,2024,13607600,,,,"TIPO_DATO5__HP_Q_EXT_N1: Per tutte le coltivazioni foraggere temporanee e permanenti, a partire dal 2020 i valori di produzione sono espressi in quintali;<br />Dal 2020 sono diffusi i valori di produzione raccolta in quanto necessari per il calcolo della resa. <br />La serie storica e di conseguenza l'attendibilità dei dati diffusi negli anni precedenti non vengono compromessi perché, per le foraggere, i valori di produzione totale e raccolta coincidono.",V3120: V3120,,,,,,
IT1:101_1015(1.0),A: annuale,ITF4: Puglia,HP_Q_EXT: produzione raccolta - quintali,OFTP: pomodoro da trasformazione in piena aria,ALL: tutte le voci,2025,13697800,,,,"TIPO_DATO5__HP_Q_EXT_N1: Per tutte le coltivazioni foraggere temporanee e permanenti, a partire dal 2020 i valori di produzione sono espressi in quintali;<br />Dal 2020 sono diffusi i valori di produzione raccolta in quanto necessari per il calcolo della resa. <br />La serie storica e di conseguenza l'attendibilità dei dati diffusi negli anni precedenti non vengono compromessi perché, per le foraggere, i valori di produzione totale e raccolta coincidono.",V3120: V3120,,,,,,
IT1:101_1015(1.0),A: annuale,ITF4: Puglia,HP_Q_EXT: produzione raccolta - quintali,OFTP: pomodoro da trasformazione in piena aria,ALL: tutte le voci,2026,17889000,,,,"TIPO_DATO5__HP_Q_EXT_N1: Per tutte le coltivazioni foraggere temporanee e permanenti, a partire dal 2020 i valori di produzione sono espressi in quintali;<br />Dal 2020 sono diffusi i valori di produzione raccolta in quanto necessari per il calcolo della resa. <br />La serie storica e di conseguenza l'attendibilità dei dati diffusi negli anni precedenti non vengono compromessi perché, per le foraggere, i valori di produzione totale e raccolta coincidono.",V3120: V3120,,,,,,
IT1:101_1015(1.0),A: annuale,ITF4: Puglia,HP_Q_EXT: produzione raccolta - quintali,OFTTOT: pomodoro da consumo fresco o da mensa,ALL: tutte le voci,2024,660950,,,,"TIPO_DATO5__HP_Q_EXT_N1: Per tutte le coltivazioni foraggere temporanee e permanenti, a partire dal 2020 i valori di produzione sono espressi in quintali;<br />Dal 2020 sono diffusi i valori di produzione raccolta in quanto necessari per il calcolo della resa. <br />La serie storica e di conseguenza l'attendibilità dei dati diffusi negli anni precedenti non vengono compromessi perché, per le foraggere, i valori di produzione totale e raccolta coincidono.",V3110: V3110,,,,,,
IT1:101_1015(1.0),A: annuale,ITF4: Puglia,HP_Q_EXT: produzione raccolta - quintali,OFTTOT: pomodoro da consumo fresco o da mensa,ALL: tutte le voci,2025,681050,,,,"TIPO_DATO5__HP_Q_EXT_N1: Per tutte le coltivazioni foraggere temporanee e permanenti, a partire dal 2020 i valori di produzione sono espressi in quintali;<br />Dal 2020 sono diffusi i valori di produzione raccolta in quanto necessari per il calcolo della resa. <br />La serie storica e di conseguenza l'attendibilità dei dati diffusi negli anni precedenti non vengono compromessi perché, per le foraggere, i valori di produzione totale e raccolta coincidono.",V3110: V3110,,,,,,
IT1:101_1015(1.0),A: annuale,ITF4: Puglia,HP_Q_EXT: produzione raccolta - quintali,OFTTOT: pomodoro da consumo fresco o da mensa,ALL: tutte le voci,2026,984700,,,,"TIPO_DATO5__HP_Q_EXT_N1: Per tutte le coltivazioni foraggere temporanee e permanenti, a partire dal 2020 i valori di produzione sono espressi in quintali;<br />Dal 2020 sono diffusi i valori di produzione raccolta in quanto necessari per il calcolo della resa. <br />La serie storica e di conseguenza l'attendibilità dei dati diffusi negli anni precedenti non vengono compromessi perché, per le foraggere, i valori di produzione totale e raccolta coincidono.",V3110: V3110,,,,,,
IT1:101_1015(1.0),A: annuale,ITF4: Puglia,TP_QUIN_EXT: produzione totale - quintali,OFTP: pomodoro da trasformazione in piena aria,ALL: tutte le voci,2024,14337800,,,,,V3120: V3120,,,,,,
IT1:101_1015(1.0),A: annuale,ITF4: Puglia,TP_QUIN_EXT: produzione totale - quintali,OFTP: pomodoro da trasformazione in piena aria,ALL: tutte le voci,2025,14877900,,,,,V3120: V3120,,,,,,
IT1:101_1015(1.0),A: annuale,ITF4: Puglia,TP_QUIN_EXT: produzione totale - quintali,OFTP: pomodoro da trasformazione in piena aria,ALL: tutte le voci,2026,18480200,,,,,V3120: V3120,,,,,,
IT1:101_1015(1.0),A: annuale,ITF4: Puglia,TP_QUIN_EXT: produzione totale - quintali,OFTTOT: pomodoro da consumo fresco o da mensa,ALL: tutte le voci,2024,745050,,,,,V3110: V3110,,,,,,
IT1:101_1015(1.0),A: annuale,ITF4: Puglia,TP_QUIN_EXT: produzione totale - quintali,OFTTOT: pomodoro da consumo fresco o da mensa,ALL: tutte le voci,2025,760150,,,,,V3110: V3110,,,,,,
IT1:101_1015(1.0),A: annuale,ITF4: Puglia,TP_QUIN_EXT: produzione totale - quintali,OFTTOT: pomodoro da consumo fresco o da mensa,ALL: tutte le voci,2026,994000,,,,,V3110: V3110,,,,,,
IT1:101_1015(1.0),A: annuale,ITF5: Basilicata,ART: superficie totale - ettari,OFTP: pomodoro da trasformazione in piena aria,ALL: tutte le voci,2024,2083,,,,,V3120: V3120,,,,,,
IT1:101_1015(1.0),A: annuale,ITF5: Basilicata,ART: superficie totale - ettari,OFTP: pomodoro da trasformazione in piena aria,ALL: tutte le voci,2025,2083,,,,,V3120: V3120,,,,,,
IT1:101_1015(1.0),A: annuale,ITF5: Basilicata,ART: superficie totale - ettari,OFTP: pomodoro da trasformazione in piena aria,ALL: tutte le voci,2026,2025,,,,,V3120: V3120,,,,,,
IT1:101_1015(1.0),A: annuale,ITF5: Basilicata,ART: superficie totale - ettari,OFTTOT: pomodoro da consumo fresco o da mensa,ALL: tutte le voci,2024,884,,,,,V3110: V3110,,,,,,
IT1:101_1015(1.0),A: annuale,ITF5: Basilicata,ART: superficie totale - ettari,OFTTOT: pomodoro da consumo fresco o da mensa,ALL: tutte le voci,2025,884,,,,,V3110: V3110,,,,,,
IT1:101_1015(1.0),A: annuale,ITF5: Basilicata,ART: superficie totale - ettari,OFTTOT: pomodoro da consumo fresco o da mensa,ALL: tutte le voci,2026,667,,,,,V3110: V3110,,,,,,
IT1:101_1015(1.0),A: annuale,ITF5: Basilicata,HP_Q_EXT: produzione raccolta - quintali,OFTP: pomodoro da trasformazione in piena aria,ALL: tutte le voci,2024,1152725,,,,"TIPO_DATO5__HP_Q_EXT_N1: Per tutte le coltivazioni foraggere temporanee e permanenti, a partire dal 2020 i valori di produzione sono espressi in quintali;<br />Dal 2020 sono diffusi i valori di produzione raccolta in quanto necessari per il calcolo della resa. <br />La serie storica e di conseguenza l'attendibilità dei dati diffusi negli anni precedenti non vengono compromessi perché, per le foraggere, i valori di produzione totale e raccolta coincidono.",V3120: V3120,,,,,,
IT1:101_1015(1.0),A: annuale,ITF5: Basilicata,HP_Q_EXT: produzione raccolta - quintali,OFTP: pomodoro da trasformazione in piena aria,ALL: tutte le voci,2025,1152725,,,,"TIPO_DATO5__HP_Q_EXT_N1: Per tutte le coltivazioni foraggere temporanee e permanenti, a partire dal 2020 i valori di produzione sono espressi in quintali;<br />Dal 2020 sono diffusi i valori di produzione raccolta in quanto necessari per il calcolo della resa. <br />La serie storica e di conseguenza l'attendibilità dei dati diffusi negli anni precedenti non vengono compromessi perché, per le foraggere, i valori di produzione totale e raccolta coincidono.",V3120: V3120,,,,,,
IT1:101_1015(1.0),A: annuale,ITF5: Basilicata,HP_Q_EXT: produzione raccolta - quintali,OFTP: pomodoro da trasformazione in piena aria,ALL: tutte le voci,2026,1169912,,,,"TIPO_DATO5__HP_Q_EXT_N1: Per tutte le coltivazioni foraggere temporanee e permanenti, a partire dal 2020 i valori di produzione sono espressi in quintali;<br />Dal 2020 sono diffusi i valori di produzione raccolta in quanto necessari per il calcolo della resa. <br />La serie storica e di conseguenza l'attendibilità dei dati diffusi negli anni precedenti non vengono compromessi perché, per le foraggere, i valori di produzione totale e raccolta coincidono.",V3120: V3120,,,,,,
IT1:101_1015(1.0),A: annuale,ITF5: Basilicata,HP_Q_EXT: produzione raccolta - quintali,OFTTOT: pomodoro da consumo fresco o da mensa,ALL: tutte le voci,2024,365454,,,,"TIPO_DATO5__HP_Q_EXT_N1: Per tutte le coltivazioni foraggere temporanee e permanenti, a partire dal 2020 i valori di produzione sono espressi in quintali;<br />Dal 2020 sono diffusi i valori di produzione raccolta in quanto necessari per il calcolo della resa. <br />La serie storica e di conseguenza l'attendibilità dei dati diffusi negli anni precedenti non vengono compromessi perché, per le foraggere, i valori di produzione totale e raccolta coincidono.",V3110: V3110,,,,,,
IT1:101_1015(1.0),A: annuale,ITF5: Basilicata,HP_Q_EXT: produzione raccolta - quintali,OFTTOT: pomodoro da consumo fresco o da mensa,ALL: tutte le voci,2025,365454,,,,"TIPO_DATO5__HP_Q_EXT_N1: Per tutte le coltivazioni foraggere temporanee e permanenti, a partire dal 2020 i valori di produzione sono espressi in quintali;<br />Dal 2020 sono diffusi i valori di produzione raccolta in quanto necessari per il calcolo della resa. <br />La serie storica e di conseguenza l'attendibilità dei dati diffusi negli anni precedenti non vengono compromessi perché, per le foraggere, i valori di produzione totale e raccolta coincidono.",V3110: V3110,,,,,,
IT1:101_1015(1.0),A: annuale,ITF5: Basilicata,HP_Q_EXT: produzione raccolta - quintali,OFTTOT: pomodoro da consumo fresco o da mensa,ALL: tutte le voci,2026,270505,,,,"TIPO_DATO5__HP_Q_EXT_N1: Per tutte le coltivazioni foraggere temporanee e permanenti, a partire dal 2020 i valori di produzione sono espressi in quintali;<br />Dal 2020 sono diffusi i valori di produzione raccolta in quanto necessari per il calcolo della resa. <br />La serie storica e di conseguenza l'attendibilità dei dati diffusi negli anni precedenti non vengono compromessi perché, per le foraggere, i valori di produzione totale e raccolta coincidono.",V3110: V3110,,,,,,
IT1:101_1015(1.0),A: annuale,ITF5: Basilicata,TP_QUIN_EXT: produzione totale - quintali,OFTP: pomodoro da trasformazione in piena aria,ALL: tutte le voci,2024,1160563,,,,,V3120: V3120,,,,,,
IT1:101_1015(1.0),A: annuale,ITF5: Basilicata,TP_QUIN_EXT: produzione totale - quintali,OFTP: pomodoro da trasformazione in piena aria,ALL: tutte le voci,2025,1160563,,,,,V3120: V3120,,,,,,
IT1:101_1015(1.0),A: annuale,ITF5: Basilicata,TP_QUIN_EXT: produzione totale - quintali,OFTP: pomodoro da trasformazione in piena aria,ALL: tutte le voci,2026,1170753,,,,,V3120: V3120,,,,,,
IT1:101_1015(1.0),A: annuale,ITF5: Basilicata,TP_QUIN_EXT: produzione totale - quintali,OFTTOT: pomodoro da consumo fresco o da mensa,ALL: tutte le voci,2024,366001,,,,,V3110: V3110,,,,,,
IT1:101_1015(1.0),A: annuale,ITF5: Basilicata,TP_QUIN_EXT: produzione totale - quintali,OFTTOT: pomodoro da consumo fresco o da mensa,ALL: tutte le voci,2025,366001,,,,,V3110: V3110,,,,,,
IT1:101_1015(1.0),A: annuale,ITF5: Basilicata,TP_QUIN_EXT: produzione totale - quintali,OFTTOT: pomodoro da consumo fresco o da mensa,ALL: tutte le voci,2026,272049,,,,,V3110: V3110,,,,,,
IT1:101_1015(1.0),A: annuale,ITF6: Calabria,ART: superficie totale - ettari,OFTP: pomodoro da trasformazione in piena aria,ALL: tutte le voci,2024,2682,,,,,V3120: V3120,,,,,,
IT1:101_1015(1.0),A: annuale,ITF6: Calabria,ART: superficie totale - ettari,OFTP: pomodoro da trasformazione in piena aria,ALL: tutte le voci,2025,2682,,,,,V3120: V3120,,,,,,
IT1:101_1015(1.0),A: annuale,ITF6: Calabria,ART: superficie totale - ettari,OFTP: pomodoro da trasformazione in piena aria,ALL: tutte le voci,2026,2791,,,,,V3120: V3120,,,,,,
IT1:101_1015(1.0),A: annuale,ITF6: Calabria,ART: superficie totale - ettari,OFTTOT: pomodoro da consumo fresco o da mensa,ALL: tutte le voci,2024,1939,,,,,V3110: V3110,,,,,,
IT1:101_1015(1.0),A: annuale,ITF6: Calabria,ART: superficie totale - ettari,OFTTOT: pomodoro da consumo fresco o da mensa,ALL: tutte le voci,2025,1939,,,,,V3110: V3110,,,,,,
IT1:101_1015(1.0),A: annuale,ITF6: Calabria,ART: superficie totale - ettari,OFTTOT: pomodoro da consumo fresco o da mensa,ALL: tutte le voci,2026,1955,,,,,V3110: V3110,,,,,,
IT1:101_1015(1.0),A: annuale,ITF6: Calabria,HP_Q_EXT: produzione raccolta - quintali,OFTP: pomodoro da trasformazione in piena aria,ALL: tutte le voci,2024,1086390,,,,"TIPO_DATO5__HP_Q_EXT_N1: Per tutte le coltivazioni foraggere temporanee e permanenti, a partire dal 2020 i valori di produzione sono espressi in quintali;<br />Dal 2020 sono diffusi i valori di produzione raccolta in quanto necessari per il calcolo della resa. <br />La serie storica e di conseguenza l'attendibilità dei dati diffusi negli anni precedenti non vengono compromessi perché, per le foraggere, i valori di produzione totale e raccolta coincidono.",V3120: V3120,,,,,,
IT1:101_1015(1.0),A: annuale,ITF6: Calabria,HP_Q_EXT: produzione raccolta - quintali,OFTP: pomodoro da trasformazione in piena aria,ALL: tutte le voci,2025,1087140,,,,"TIPO_DATO5__HP_Q_EXT_N1: Per tutte le coltivazioni foraggere temporanee e permanenti, a partire dal 2020 i valori di produzione sono espressi in quintali;<br />Dal 2020 sono diffusi i valori di produzione raccolta in quanto necessari per il calcolo della resa. <br />La serie storica e di conseguenza l'attendibilità dei dati diffusi negli anni precedenti non vengono compromessi perché, per le foraggere, i valori di produzione totale e raccolta coincidono.",V3120: V3120,,,,,,
IT1:101_1015(1.0),A: annuale,ITF6: Calabria,HP_Q_EXT: produzione raccolta - quintali,OFTP: pomodoro da trasformazione in piena aria,ALL: tutte le voci,2026,1208580,,,,"TIPO_DATO5__HP_Q_EXT_N1: Per tutte le coltivazioni foraggere temporanee e permanenti, a partire dal 2020 i valori di produzione sono espressi in quintali;<br />Dal 2020 sono diffusi i valori di produzione raccolta in quanto necessari per il calcolo della resa. <br />La serie storica e di conseguenza l'attendibilità dei dati diffusi negli anni precedenti non vengono compromessi perché, per le foraggere, i valori di produzione totale e raccolta coincidono.",V3120: V3120,,,,,,
IT1:101_1015(1.0),A: annuale,ITF6: Calabria,HP_Q_EXT: produzione raccolta - quintali,OFTTOT: pomodoro da consumo fresco o da mensa,ALL: tutte le voci,2024,421966,,,,"TIPO_DATO5__HP_Q_EXT_N1: Per tutte le coltivazioni foraggere temporanee e permanenti, a partire dal 2020 i valori di produzione sono espressi in quintali;<br />Dal 2020 sono diffusi i valori di produzione raccolta in quanto necessari per il calcolo della resa. <br />La serie storica e di conseguenza l'attendibilità dei dati diffusi negli anni precedenti non vengono compromessi perché, per le foraggere, i valori di produzione totale e raccolta coincidono.",V3110: V3110,,,,,,
IT1:101_1015(1.0),A: annuale,ITF6: Calabria,HP_Q_EXT: produzione raccolta - quintali,OFTTOT: pomodoro da consumo fresco o da mensa,ALL: tutte le voci,2025,422211,,,,"TIPO_DATO5__HP_Q_EXT_N1: Per tutte le coltivazioni foraggere temporanee e permanenti, a partire dal 2020 i valori di produzione sono espressi in quintali;<br />Dal 2020 sono diffusi i valori di produzione raccolta in quanto necessari per il calcolo della resa. <br />La serie storica e di conseguenza l'attendibilità dei dati diffusi negli anni precedenti non vengono compromessi perché, per le foraggere, i valori di produzione totale e raccolta coincidono.",V3110: V3110,,,,,,
IT1:101_1015(1.0),A: annuale,ITF6: Calabria,HP_Q_EXT: produzione raccolta - quintali,OFTTOT: pomodoro da consumo fresco o da mensa,ALL: tutte le voci,2026,467616,,,,"TIPO_DATO5__HP_Q_EXT_N1: Per tutte le coltivazioni foraggere temporanee e permanenti, a partire dal 2020 i valori di produzione sono espressi in quintali;<br />Dal 2020 sono diffusi i valori di produzione raccolta in quanto necessari per il calcolo della resa. <br />La serie storica e di conseguenza l'attendibilità dei dati diffusi negli anni precedenti non vengono compromessi perché, per le foraggere, i valori di produzione totale e raccolta coincidono.",V3110: V3110,,,,,,
IT1:101_1015(1.0),A: annuale,ITF6: Calabria,TP_QUIN_EXT: produzione totale - quintali,OFTP: pomodoro da trasformazione in piena aria,ALL: tutte le voci,2024,1098620,,,,,V3120: V3120,,,,,,
IT1:101_1015(1.0),A: annuale,ITF6: Calabria,TP_QUIN_EXT: produzione totale - quintali,OFTP: pomodoro da trasformazione in piena aria,ALL: tutte le voci,2025,1099270,,,,,V3120: V3120,,,,,,
IT1:101_1015(1.0),A: annuale,ITF6: Calabria,TP_QUIN_EXT: produzione totale - quintali,OFTP: pomodoro da trasformazione in piena aria,ALL: tutte le voci,2026,1231600,,,,,V3120: V3120,,,,,,
IT1:101_1015(1.0),A: annuale,ITF6: Calabria,TP_QUIN_EXT: produzione totale - quintali,OFTTOT: pomodoro da consumo fresco o da mensa,ALL: tutte le voci,2024,475060,,,,,V3110: V3110,,,,,,
IT1:101_1015(1.0),A: annuale,ITF6: Calabria,TP_QUIN_EXT: produzione totale - quintali,OFTTOT: pomodoro da consumo fresco o da mensa,ALL: tutte le voci,2025,475320,,,,,V3110: V3110,,,,,,
IT1:101_1015(1.0),A: annuale,ITF6: Calabria,TP_QUIN_EXT: produzione totale - quintali,OFTTOT: pomodoro da consumo fresco o da mensa,ALL: tutte le voci,2026,484975,,,,,V3110: V3110,,,,,,
IT1:101_1015(1.0),A: annuale,ITG1: Sicilia,ART: superficie totale - ettari,OFTP: pomodoro da trasformazione in piena aria,ALL: tutte le voci,2024,4350,,,,,V3120: V3120,,,,,,
IT1:101_1015(1.0),A: annuale,ITG1: Sicilia,ART: superficie totale - ettari,OFTP: pomodoro da trasformazione in piena aria,ALL: tutte le voci,2025,4400,,,,,V3120: V3120,,,,,,
IT1:101_1015(1.0),A: annuale,ITG1: Sicilia,ART: superficie totale - ettari,OFTP: pomodoro da trasformazione in piena aria,ALL: tutte le voci,2026,7245,,,,,V3120: V3120,,,,,,
IT1:101_1015(1.0),A: annuale,ITG1: Sicilia,ART: superficie totale - ettari,OFTTOT: pomodoro da consumo fresco o da mensa,ALL: tutte le voci,2024,7880,,,,,V3110: V3110,,,,,,
IT1:101_1015(1.0),A: annuale,ITG1: Sicilia,ART: superficie totale - ettari,OFTTOT: pomodoro da consumo fresco o da mensa,ALL: tutte le voci,2025,7907,,,,,V3110: V3110,,,,,,
IT1:101_1015(1.0),A: annuale,ITG1: Sicilia,ART: superficie totale - ettari,OFTTOT: pomodoro da consumo fresco o da mensa,ALL: tutte le voci,2026,7493,,,,,V3110: V3110,,,,,,
IT1:101_1015(1.0),A: annuale,ITG1: Sicilia,HP_Q_EXT: produzione raccolta - quintali,OFTP: pomodoro da trasformazione in piena aria,ALL: tutte le voci,2024,717500,,,,"TIPO_DATO5__HP_Q_EXT_N1: Per tutte le coltivazioni foraggere temporanee e permanenti, a partire dal 2020 i valori di produzione sono espressi in quintali;<br />Dal 2020 sono diffusi i valori di produzione raccolta in quanto necessari per il calcolo della resa. <br />La serie storica e di conseguenza l'attendibilità dei dati diffusi negli anni precedenti non vengono compromessi perché, per le foraggere, i valori di produzione totale e raccolta coincidono.",V3120: V3120,,,,,,
IT1:101_1015(1.0),A: annuale,ITG1: Sicilia,HP_Q_EXT: produzione raccolta - quintali,OFTP: pomodoro da trasformazione in piena aria,ALL: tutte le voci,2025,716300,,,,"TIPO_DATO5__HP_Q_EXT_N1: Per tutte le coltivazioni foraggere temporanee e permanenti, a partire dal 2020 i valori di produzione sono espressi in quintali;<br />Dal 2020 sono diffusi i valori di produzione raccolta in quanto necessari per il calcolo della resa. <br />La serie storica e di conseguenza l'attendibilità dei dati diffusi negli anni precedenti non vengono compromessi perché, per le foraggere, i valori di produzione totale e raccolta coincidono.",V3120: V3120,,,,,,
IT1:101_1015(1.0),A: annuale,ITG1: Sicilia,HP_Q_EXT: produzione raccolta - quintali,OFTP: pomodoro da trasformazione in piena aria,ALL: tutte le voci,2026,1268500,,,,"TIPO_DATO5__HP_Q_EXT_N1: Per tutte le coltivazioni foraggere temporanee e permanenti, a partire dal 2020 i valori di produzione sono espressi in quintali;<br />Dal 2020 sono diffusi i valori di produzione raccolta in quanto necessari per il calcolo della resa. <br />La serie storica e di conseguenza l'attendibilità dei dati diffusi negli anni precedenti non vengono compromessi perché, per le foraggere, i valori di produzione totale e raccolta coincidono.",V3120: V3120,,,,,,
IT1:101_1015(1.0),A: annuale,ITG1: Sicilia,HP_Q_EXT: produzione raccolta - quintali,OFTTOT: pomodoro da consumo fresco o da mensa,ALL: tutte le voci,2024,1499215,,,,"TIPO_DATO5__HP_Q_EXT_N1: Per tutte le coltivazioni foraggere temporanee e permanenti, a partire dal 2020 i valori di produzione sono espressi in quintali;<br />Dal 2020 sono diffusi i valori di produzione raccolta in quanto necessari per il calcolo della resa. <br />La serie storica e di conseguenza l'attendibilità dei dati diffusi negli anni precedenti non vengono compromessi perché, per le foraggere, i valori di produzione totale e raccolta coincidono.",V3110: V3110,,,,,,
IT1:101_1015(1.0),A: annuale,ITG1: Sicilia,HP_Q_EXT: produzione raccolta - quintali,OFTTOT: pomodoro da consumo fresco o da mensa,ALL: tutte le voci,2025,1552636,,,,"TIPO_DATO5__HP_Q_EXT_N1: Per tutte le coltivazioni foraggere temporanee e permanenti, a partire dal 2020 i valori di produzione sono espressi in quintali;<br />Dal 2020 sono diffusi i valori di produzione raccolta in quanto necessari per il calcolo della resa. <br />La serie storica e di conseguenza l'attendibilità dei dati diffusi negli anni precedenti non vengono compromessi perché, per le foraggere, i valori di produzione totale e raccolta coincidono.",V3110: V3110,,,,,,
IT1:101_1015(1.0),A: annuale,ITG1: Sicilia,HP_Q_EXT: produzione raccolta - quintali,OFTTOT: pomodoro da consumo fresco o da mensa,ALL: tutte le voci,2026,1523143,,,,"TIPO_DATO5__HP_Q_EXT_N1: Per tutte le coltivazioni foraggere temporanee e permanenti, a partire dal 2020 i valori di produzione sono espressi in quintali;<br />Dal 2020 sono diffusi i valori di produzione raccolta in quanto necessari per il calcolo della resa. <br />La serie storica e di conseguenza l'attendibilità dei dati diffusi negli anni precedenti non vengono compromessi perché, per le foraggere, i valori di produzione totale e raccolta coincidono.",V3110: V3110,,,,,,
IT1:101_1015(1.0),A: annuale,ITG1: Sicilia,TP_QUIN_EXT: produzione totale - quintali,OFTP: pomodoro da trasformazione in piena aria,ALL: tutte le voci,2024,717500,,,,,V3120: V3120,,,,,,
IT1:101_1015(1.0),A: annuale,ITG1: Sicilia,TP_QUIN_EXT: produzione totale - quintali,OFTP: pomodoro da trasformazione in piena aria,ALL: tutte le voci,2025,716300,,,,,V3120: V3120,,,,,,
IT1:101_1015(1.0),A: annuale,ITG1: Sicilia,TP_QUIN_EXT: produzione totale - quintali,OFTP: pomodoro da trasformazione in piena aria,ALL: tutte le voci,2026,1276500,,,,,V3120: V3120,,,,,,
IT1:101_1015(1.0),A: annuale,ITG1: Sicilia,TP_QUIN_EXT: produzione totale - quintali,OFTTOT: pomodoro da consumo fresco o da mensa,ALL: tutte le voci,2024,1546030,,,,,V3110: V3110,,,,,,
IT1:101_1015(1.0),A: annuale,ITG1: Sicilia,TP_QUIN_EXT: produzione totale - quintali,OFTTOT: pomodoro da consumo fresco o da mensa,ALL: tutte le voci,2025,1585646,,,,,V3110: V3110,,,,,,
IT1:101_1015(1.0),A: annuale,ITG1: Sicilia,TP_QUIN_EXT: produzione totale - quintali,OFTTOT: pomodoro da consumo fresco o da mensa,ALL: tutte le voci,2026,1551450,,,,,V3110: V3110,,,,,,
IT1:101_1015(1.0),A: annuale,ITG2: Sardegna,ART: superficie totale - ettari,OFTP: pomodoro da trasformazione in piena aria,ALL: tutte le voci,2024,450,,,,,V3120: V3120,,,,,,
IT1:101_1015(1.0),A: annuale,ITG2: Sardegna,ART: superficie totale - ettari,OFTP: pomodoro da trasformazione in piena aria,ALL: tutte le voci,2025,488,,,,,V3120: V3120,,,,,,
IT1:101_1015(1.0),A: annuale,ITG2: Sardegna,ART: superficie totale - ettari,OFTP: pomodoro da trasformazione in piena aria,ALL: tutte le voci,2026,530,,,,,V3120: V3120,,,,,,
IT1:101_1015(1.0),A: annuale,ITG2: Sardegna,ART: superficie totale - ettari,OFTTOT: pomodoro da consumo fresco o da mensa,ALL: tutte le voci,2024,173,,,,,V3110: V3110,,,,,,
IT1:101_1015(1.0),A: annuale,ITG2: Sardegna,ART: superficie totale - ettari,OFTTOT: pomodoro da consumo fresco o da mensa,ALL: tutte le voci,2025,185,,,,,V3110: V3110,,,,,,
IT1:101_1015(1.0),A: annuale,ITG2: Sardegna,ART: superficie totale - ettari,OFTTOT: pomodoro da consumo fresco o da mensa,ALL: tutte le voci,2026,179,,,,,V3110: V3110,,,,,,
IT1:101_1015(1.0),A: annuale,ITG2: Sardegna,HP_Q_EXT: produzione raccolta - quintali,OFTP: pomodoro da trasformazione in piena aria,ALL: tutte le voci,2024,424898,,,,"TIPO_DATO5__HP_Q_EXT_N1: Per tutte le coltivazioni foraggere temporanee e permanenti, a partire dal 2020 i valori di produzione sono espressi in quintali;<br />Dal 2020 sono diffusi i valori di produzione raccolta in quanto necessari per il calcolo della resa. <br />La serie storica e di conseguenza l'attendibilità dei dati diffusi negli anni precedenti non vengono compromessi perché, per le foraggere, i valori di produzione totale e raccolta coincidono.",V3120: V3120,,,,,,
IT1:101_1015(1.0),A: annuale,ITG2: Sardegna,HP_Q_EXT: produzione raccolta - quintali,OFTP: pomodoro da trasformazione in piena aria,ALL: tutte le voci,2025,456198,,,,"TIPO_DATO5__HP_Q_EXT_N1: Per tutte le coltivazioni foraggere temporanee e permanenti, a partire dal 2020 i valori di produzione sono espressi in quintali;<br />Dal 2020 sono diffusi i valori di produzione raccolta in quanto necessari per il calcolo della resa. <br />La serie storica e di conseguenza l'attendibilità dei dati diffusi negli anni precedenti non vengono compromessi perché, per le foraggere, i valori di produzione totale e raccolta coincidono.",V3120: V3120,,,,,,
IT1:101_1015(1.0),A: annuale,ITG2: Sardegna,HP_Q_EXT: produzione raccolta - quintali,OFTP: pomodoro da trasformazione in piena aria,ALL: tutte le voci,2026,503678,,,,"TIPO_DATO5__HP_Q_EXT_N1: Per tutte le coltivazioni foraggere temporanee e permanenti, a partire dal 2020 i valori di produzione sono espressi in quintali;<br />Dal 2020 sono diffusi i valori di produzione raccolta in quanto necessari per il calcolo della resa. <br />La serie storica e di conseguenza l'attendibilità dei dati diffusi negli anni precedenti non vengono compromessi perché, per le foraggere, i valori di produzione totale e raccolta coincidono.",V3120: V3120,,,,,,
IT1:101_1015(1.0),A: annuale,ITG2: Sardegna,HP_Q_EXT: produzione raccolta - quintali,OFTTOT: pomodoro da consumo fresco o da mensa,ALL: tutte le voci,2024,68922,,,,"TIPO_DATO5__HP_Q_EXT_N1: Per tutte le coltivazioni foraggere temporanee e permanenti, a partire dal 2020 i valori di produzione sono espressi in quintali;<br />Dal 2020 sono diffusi i valori di produzione raccolta in quanto necessari per il calcolo della resa. <br />La serie storica e di conseguenza l'attendibilità dei dati diffusi negli anni precedenti non vengono compromessi perché, per le foraggere, i valori di produzione totale e raccolta coincidono.",V3110: V3110,,,,,,
IT1:101_1015(1.0),A: annuale,ITG2: Sardegna,HP_Q_EXT: produzione raccolta - quintali,OFTTOT: pomodoro da consumo fresco o da mensa,ALL: tutte le voci,2025,103090,,,,"TIPO_DATO5__HP_Q_EXT_N1: Per tutte le coltivazioni foraggere temporanee e permanenti, a partire dal 2020 i valori di produzione sono espressi in quintali;<br />Dal 2020 sono diffusi i valori di produzione raccolta in quanto necessari per il calcolo della resa. <br />La serie storica e di conseguenza l'attendibilità dei dati diffusi negli anni precedenti non vengono compromessi perché, per le foraggere, i valori di produzione totale e raccolta coincidono.",V3110: V3110,,,,,,
IT1:101_1015(1.0),A: annuale,ITG2: Sardegna,HP_Q_EXT: produzione raccolta - quintali,OFTTOT: pomodoro da consumo fresco o da mensa,ALL: tutte le voci,2026,66492,,,,"TIPO_DATO5__HP_Q_EXT_N1: Per tutte le coltivazioni foraggere temporanee e permanenti, a partire dal 2020 i valori di produzione sono espressi in quintali;<br />Dal 2020 sono diffusi i valori di produzione raccolta in quanto necessari per il calcolo della resa. <br />La serie storica e di conseguenza l'attendibilità dei dati diffusi negli anni precedenti non vengono compromessi perché, per le foraggere, i valori di produzione totale e raccolta coincidono.",V3110: V3110,,,,,,
IT1:101_1015(1.0),A: annuale,ITG2: Sardegna,TP_QUIN_EXT: produzione totale - quintali,OFTP: pomodoro da trasformazione in piena aria,ALL: tutte le voci,2024,424898,,,,,V3120: V3120,,,,,,
IT1:101_1015(1.0),A: annuale,ITG2: Sardegna,TP_QUIN_EXT: produzione totale - quintali,OFTP: pomodoro da trasformazione in piena aria,ALL: tutte le voci,2025,456198,,,,,V3120: V3120,,,,,,
IT1:101_1015(1.0),A: annuale,ITG2: Sardegna,TP_QUIN_EXT: produzione totale - quintali,OFTP: pomodoro da trasformazione in piena aria,ALL: tutte le voci,2026,503678,,,,,V3120: V3120,,,,,,
IT1:101_1015(1.0),A: annuale,ITG2: Sardegna,TP_QUIN_EXT: produzione totale - quintali,OFTTOT: pomodoro da consumo fresco o da mensa,ALL: tutte le voci,2024,68922,,,,,V3110: V3110,,,,,,
IT1:101_1015(1.0),A: annuale,ITG2: Sardegna,TP_QUIN_EXT: produzione totale - quintali,OFTTOT: pomodoro da consumo fresco o da mensa,ALL: tutte le voci,2025,103090,,,,,V3110: V3110,,,,,,
IT1:101_1015(1.0),A: annuale,ITG2: Sardegna,TP_QUIN_EXT: produzione totale - quintali,OFTTOT: pomodoro da consumo fresco o da mensa,ALL: tutte le voci,2026,66492,,,,,V3110: V3110,,,,,,
