Prodotti fitosanitari venduti nell'anno 2016 (fonte dati: Autorità regionale competente, dichiarazioni di vendita p.f. 2016, art. 16 D.Lgs. 150/2012).;;;;;
Provincia;N. Reg. ; Prodotto fitosanitario venduto;Quantità (Kg o litri);;
BL;1850;IDRORAME FLOW;53,00;;
BL;2259;PASTA LUMACHICIDA IN GRANI;575,00;;
BL;2272;SILLIM;463,00;;
BL;2307;VECTOR;60,00;;
BL;2518;ACTELLIC 2P;4,80;;
BL;2634;BUGGY;8,00;;
BL;2923;TIOVIT JET;300,00;;
BL;2934;MICROSOL 90;10,00;;
BL;2983;NIMROD;0,05;;
BL;2995;ESCARTOX;1.625,00;;
BL;3065;OLIOCIN;603,00;;
BL;3102;OLEOTER;56,00;;
BL;3132;SEPR-OIL;45,00;;
BL;3219;CARAKOL AGRO;137,00;;
BL;3343;U46 M CLASS;3,00;;
BL;3658;SIPCAMOL E;40,00;;
BL;3754;BAGNANTE SARIAF;16,00;;
BL;3767;FENOXILENE MAX;2,00;;
BL;4012;RELDAN 22;6,05;;
BL;4228;ROGOR 400 ST;8,00;;
BL;4552;DITHANE DG NEOTEC;10,00;;
BL;4710;ALIETTE;19,00;;
BL;5299;MIBIOL;100,50;;
BL;5414;RADICANTE POLVERE TALEE LEGNOSE;2,40;;
BL;5467;METADENE;40,00;;
BL;5574;LUMAKIDIN 5G;202,00;;
BL;6136;GERMON L;54,00;;
BL;6321;STIMOLANTE 66F;15,00;;
BL;6389;DUECI-FITO RADICANTE;0,80;;
BL;6632;DIPPER;10,00;;
BL;6751;RASEN FLORANID;324,00;;
BL;6764;ZOLFO BAGNABILE 80%;10,00;;
BL;6945;TOPAS 10 EC;5,25;;
BL;7369;SYLLIT FLO;56,27;;
BL;7369;SYLLIT FLOW 200 ML;0,20;;
BL;7401;POLTIGLIA CAFFARO 20 DF NEW;123,50;;
BL;7555;KLARTAN 20 EW;7,21;;
BL;7611;ENOVIT METIL FL;1,00;;
BL;7700;MATACAR FL;0,20;;
BL;7764;TIOLENE;50,50;;
BL;7916;POLYRAM DF;14,00;;
BL;7922;OPALENE;5,00;;
BL;8001;AGRO-PYR;0,20;;
BL;8023;SUMIALFA ECHO;2,00;;
BL;8117;BASTA 200;10,00;;
BL;8146;GALLERY;1,50;;
BL;8184;CHALLENGE;4,00;;
BL;8189;FORCE;2.920,00;;
BL;8201;GLISTER;276,00;;
BL;8229;RAPAX;2,15;;
BL;8382;ROUNDUP BIOFLOW;171,26;;
BL;8429;GLYFOS SL;106,50;;
BL;8499;EFESTO;427,00;;
BL;8542;FORUM 50 WP;2,40;;
BL;8565;ROUNDUP RTU;13,00;;
BL;8743;GREENEX;9,60;;
BL;8801;SCORE 25 EC;1,00;;
BL;8838;GERMON BEWURZELUNGSPUDER PER TALEE ;78,00;;
BL;8841;CYREN 7,5 G;353,00;;
BL;8841;CYREN 7.5 G;48,00;;
BL;8843;NISSHIN;3,00;;
BL;8859;MASTIFF;1.010,00;;
BL;8934;SCALA;3,85;;
BL;8987;CONFIDOR 200 SL;462,70;;
BL;9038;OPINION;0,25;;
BL;9126;CONCORDE COMBI;2,00;;
BL;9131;PYRINEX ME;5,75;;
BL;9330;GLIFO 41;1,00;;
BL;9364;RAPIDO;970,00;;
BL;9411;RADIP ORMON;0,20;;
BL;9422;EVADE;25,75;;
BL;9463;KLARO KIT;413,50;;
BL;9578;SWITCH;4,50;;
BL;9668;RUFAST E-FLO;0,03;;
BL;9705;PREVITER;0,20;;
BL;9726;GLIFOSAN;32,00;;
BL;9747;FURY;13,18;;
BL;9758;COPRANTOL WG;17,00;;
BL;9767;NUFOS 7,5 G;42,00;;
BL;9800;MAVRIK 20 EW;1,61;;
BL;9867;4 STAGIONI;11,25;;
BL;9940;ZELIG GR;10,00;;
BL;9954;JOKER;536,00;;
BL;9989;SVELLER;7,75;;
BL;9995;ARIUS;2,00;;
BL;10029;KING;0,75;;
BL;10048;KUMULUS TECNO;25,00;;
BL;10049;DURSBAN 75 WG;6,00;;
BL;10057;ARPEL WDG;1,00;;
BL;10117;STRATOS ULTRA;5,00;;
BL;10118;AMISTAR;6,00;;
BL;10127;DECIS JET;47,57;;
BL;10158;PIREFLOR;0,35;;
BL;10161;ORTIVA;3,00;;
BL;10183;GARLON EV;0,10;;
BL;10184;TIMBREL EV;1,30;;
BL;10185;ZERGAN EV;4,00;;
BL;10233;BORDOSEP;114,00;;
BL;10296;IPERION;93,00;;
BL;10305;OIKOS;1,30;;
BL;10372;RASIKAL QUICK;78,00;;
BL;10373;CONTEST;4,00;;
BL;10396;LIZOCIN;0,10;;
BL;10423;LUMACHICIDA VEBI;14,00;;
BL;10456;KLARO ULTRA;36,75;;
BL;10461;DICOTURF;6,00;;
BL;10471;OLOVER;7,25;;
BL;10494;PREMIUM TOP;44,00;;
BL;10509;MASTIFF ULTRA;5,00;;
BL;10565;DICOTIL EXTRA;4,10;;
BL;10568;ZOOMER;7,00;;
BL;10581;CITRIN EC;0,30;;
BL;10588;BIOPIREN PLUS;3,00;;
BL;10604;EMERALD 40 EW;14,59;;
BL;10632;COBRE NORDOX SUPER 75 WG;12,00;;
BL;10701;CUMETA FLOW;40,00;;
BL;10734;DUAL GOLD;54,00;;
BL;10735;PRIMAGRAM GOLD;292,00;;
BL;10741;METACINQUE;23,00;;
BL;10753;FOLICUR SE;14,35;;
BL;10771;MOST MICRO;49,80;;
BL;10799;OSSIRAM;0,90;;
BL;10890;FLIPPER;0,15;;
BL;10944;KARATE ZEON;0,48;;
BL;10970;NECOLIM;12,00;;
BL;10973;PYRINEX PRONTO;1,50;;
BL;10976;METEOR;8,00;;
BL;10998;RASIKAL ULTRA;72,00;;
BL;11011;DASH HC;8,00;;
BL;11045;DODIPREV 35;13,50;;
BL;11102;HELIOSOUFRE S;10,10;;
BL;11119;FLINT;1,50;;
BL;11186;CUTIS;1,12;;
BL;11190;PENCOR 10 EC;0,60;;
BL;11206;CODACIDE;2,50;;
BL;11253;CALLISTO;35,00;;
BL;11403;MELODY COMPACT;37,25;;
BL;11418;ROUNDUP 450 PLUS;5,00;;
BL;11449;GARDOPRIM GOLD;680,00;;
BL;11497;CRITTOVIT WG;184,00;;
BL;11523;SEPRADINA SC;22,20;;
BL;11525;FUNGIDINA;18,00;;
BL;11527;PYRINEX QUICK;18,94;;
BL;11534;BIOTIOL;1,00;;
BL;11561;NEEMAZAL T/S;11,51;;
BL;11566;ZOLFO 80 WP;26,00;;
BL;11569;CUPROXAT S.D.I.;7,00;;
BL;11572;GEOSAF 39;4,50;;
BL;11587;CAMBEL S;23,00;;
BL;11614;ACTARA 25 WG;13,53;;
BL;11619;TIOFLOR WDG;106,00;;
BL;11638;FLUORATE;244,70;;
BL;11659;HERBITOTAL S;33,50;;
BL;11690;GOAL 480 SC;0,50;;
BL;11694;CONSERVE SC;0,52;;
BL;11704;OLIO OGNISTAGIONE;0,25;;
BL;11722;GEONEX;24,00;;
BL;11779;KOP TWIN;25,00;;
BL;11786;AQ 10 WG;0,03;;
BL;11796;GLIFAST;19,50;;
BL;11814;SPADA 200 EC;13,00;;
BL;11908;VENTUREX 35 L;2,30;;
BL;11911;DECIS GIARDINO;0,01;;
BL;11944;ASPECT;65,00;;
BL;11954;TERMINAL DUO;194,00;;
BL;11979;BORDO 20 MICRO;6,60;;
BL;12020;SUCCESS;23,76;;
BL;12043;PREVICUR ENERGY;1,25;;
BL;12068;TEFLUSTAR;479,85;;
BL;12069;EPIK;1,07;;
BL;12078;METALIM;155,00;;
BL;12083;DANADIM PROGRESS ST;0,50;;
BL;12084;GALEO;5,50;;
BL;12114;AUXIGER LG;25,00;;
BL;12138;R6 ERRESEI TREVI;21,00;;
BL;12172;FERRAMOL;50,00;;
BL;12202;ZEMIX R;44,00;;
BL;12212;PENTHIUM EC;3,50;;
BL;12215;VEBIPHOS 7,5;19,00;;
BL;12279;ERBY 5 EC;0,15;;
BL;12315;ORTIVA HOBBY;0,11;;
BL;12323;VEBIZOLFO WG;3,00;;
BL;12325;MESUROL M PLUS;1.066,00;;
BL;12344;VEBITHRIN 5 EC;9,75;;
BL;12393;COPPERCIM WG;2,75;;
BL;12395;CUTRIL TOP;7,00;;
BL;12437;DELAN 70 WG;5,00;;
BL;12482;LUMAX;555,00;;
BL;12526;ALIETTE ORTO E GIARDINO;0,50;;
BL;12534;FOXTAIL;11,30;;
BL;12540;REGRAN SL;4,00;;
BL;12566;PYGANIC 1.4;0,90;;
BL;12573;EKO OIL SPRAY;23,00;;
BL;12629;BUGGY 360 SG N.E.T.;3,00;;
BL;12636;QUASAR 6/24 R;62,00;;
BL;12650;NUPRID 200 SL;1,13;;
BL;12671;HARMONY 50 SX;0,07;;
BL;12722;OSSICLOR 20 FLOW;8,25;;
BL;12747;RAMETTE;1,80;;
BL;12756;DICOTEX;17,80;;
BL;12759;OSSICLOR 35 WG;392,20;;
BL;12768;SPINTOR FLY;1,00;;
BL;12779;RAMEDIT COMBI WG;63,00;;
BL;12806;FEDOR;15,00;;
BL;12808;GLOBAL SC;0,11;;
BL;12837;ARIUS SYSTEM PLUS;2,00;;
BL;12849;BENPROP PRO;11,50;;
BL;12850;PRADO;1,00;;
BL;12859;BORNEO;0,91;;
BL;12878;RIDOMIL GOLD COMBI PEPITE;8,00;;
BL;12883;PROSPER 300 CS;51,50;;
BL;12940;KARATE ZEON 1.5;4,00;;
BL;13020;MICRORAM 35 WG;9,00;;
BL;13026;SUSCON;0,02;;
BL;13039;POTCLEAN 2G;10,00;;
BL;13065;DOMARK 125;6,75;;
BL;13084;TELDOR PLUS;4,50;;
BL;13093;STOMP AQUA;4,00;;
BL;13098;ROUNDUP POWER 2.0;580,00;;
BL;13106;IKANOS;3,00;;
BL;13138;SYSTHANE 4,5 PLUS;20,00;;
BL;13149;POLTIGLIA MANICA 20 WG;929,00;;
BL;13186;TITUS MAIS EXTRA;0,44;;
BL;13205;ZOLFO MANICA SCORREVOLE DOPPIO RAFF;30,00;;
BL;13212;CONFIDOR 200 O-TEQ;0,53;;
BL;13213;R6 ERRESEI ALBIS;120,00;;
BL;13263;BORDORAM 20 WG;18,50;;
BL;13290;ZOLFO MANICA DOPPIO RAFFINATO VENTI;30,00;;
BL;13296;POKER 7,5;219,00;;
BL;13297;TRAPPER GR;12,00;;
BL;13313;CASPER;10,00;;
BL;13323;SULFY 80 WDG;11,10;;
BL;13361;DECIS ENERGY O-TEQ;24,50;;
BL;13382;PERGADO SC;1,00;;
BL;13414;ARES 5 SC;1,75;;
BL;13440;SATEL;0,30;;
BL;13443;FUNGIBEN;0,06;;
BL;13468;CLINER;0,10;;
BL;13521;HELIOCUIVRE S;0,10;;
BL;13522;SPIDER KILL;0,20;;
BL;13540;QUASAR R FLOW;69,75;;
BL;13552;ZOLVIS 80 SECTOR;109,00;;
BL;13576;RAMEPLANT WG;25,60;;
BL;13581;TIOGEL 80 WDG;4,20;;
BL;13586;VERDERAME 20 WG;13,50;;
BL;13592;VOLARE;4,10;;
BL;13600;ZOLFO S.A.I.M. DOPPIO VENTILATO SCO;80,00;;
BL;13635;POLTIGLIA 20 PB MANICA;683,00;;
BL;13640;IMPRINT;2,00;;
BL;13648;SIARAM 20 WG;1.030,00;;
BL;13702;GEOTOX 7,5 C;169,70;;
BL;13711;QUIZA 5 EC;0,80;;
BL;13714;FOLPEC 50 SC;40,00;;
BL;13743;KUKAR 22;6,00;;
BL;13786;QUANTUM R;1,10;;
BL;13791;GEATER-STAR;0,50;;
BL;13794;SPADA WDG;1,00;;
BL;13812;NOTO 40 OD;8,00;;
BL;13823;ALVERDE;3,55;;
BL;13858;MEDIATOR EXTRA SL;1,20;;
BL;13877;KITT PRONTO;11,50;;
BL;13901;VERDERAME 20 PB;10,00;;
BL;13955;MITIGREEN;14,00;;
BL;13998;PYRUS 400 SC;0,10;;
BL;14018;BASIC;4,00;;
BL;14034;CURENOX TOP MICRO;10,00;;
BL;14074;TRINEX 250 EW;0,20;;
BL;14076;CYPRUS 25 DF;81,20;;
BL;14077;CHAMP 20 DF;6,00;;
BL;14154;PIRETRO ACTIGREEN;9,94;;
BL;14178;TRI-BASE;0,80;;
BL;14184;GALATAS PLUS;8,25;;
BL;14248;CLOR QUICK;7,85;;
BL;14248;CLOR QUICK 50 ML;1,30;;
BL;14262;GREENEX NF;3,06;;
BL;14290;KOHINOR 200 SL;1,00;;
BL;14350;ZOLFO RAMATO 5;20,00;;
BL;14363;U 46 GIARDEN;2,00;;
BL;14368;RESOLVA 24H;6,00;;
BL;14369;RESOLVA 24H RTU;34,50;;
BL;14405;MERLIN FLEXX;339,00;;
BL;14407;RUNWAY;17,50;;
BL;14409;MOVENTO 48 SC;23,85;;
BL;14423;PRIMISOL 80 WDG;2,00;;
BL;14431;LENTAGRAN 45 WP;1,00;;
BL;14474;TEBUSIP COMBI;0,75;;
BL;14510;ELECTIS TRIO;181,00;;
BL;14642;RIDOMIL GOLD R WG;126,00;;
BL;14737;ROUNDUP PLATINUM;1.496,00;;
BL;14739;DECIS PROTECT;141,00;;
BL;14758;KARATE WITH ZEON TECHNOLOGY 1.5 HOB;0,48;;
BL;14799;AFLOR 200 SL;2,85;;
BL;14804;COPPER - DF;0,25;;
BL;14815;ADENGO;994,00;;
BL;14826;PYREOS EXTRA SL;1,70;;
BL;14837;GLIFOSAR FLASH;246,00;;
BL;14876;GRANDSTAND;23,25;;
BL;14884;CORUM;17,00;;
BL;14891;TRICO;122,00;;
BL;14901;CONCORDE 125;0,10;;
BL;14980;AFFINITY PLUS;5,00;;
BL;14985;RETENGO PLUS;3,00;;
BL;15013;NATRIA LUMACHICIDA;862,10;;
BL;15019;RIVIERA;6,00;;
BL;15023;DERREX;40,00;;
BL;15047;R6 ERRESEI BORDEAUX WG;80,50;;
BL;15059;DECIS EVO;10,50;;
BL;15064;MAESTRO WG ADVANCE;10,00;;
BL;15079;JUVINAL ECHO;1,00;;
BL;15093;CENTURIO;23,00;;
BL;15094;FOSBEL 80 WG;1,00;;
BL;15130;INTREPID;1,00;;
BL;15135;OLEOSAN PLUS;3,50;;
BL;15181;CIRRUS CS;6,00;;
BL;15201;FLOXY 355 SC;11,00;;
BL;15213;DEMETRINA FLOW;0,05;;
BL;15222;FOLICUR COMBI WG;8,00;;
BL;15227;MESUROL EVOLUTION;9,45;;
BL;15253;FALCON MK;11,00;;
BL;15289;SERENADE NATRIA;1,40;;
BL;15333;APPLAUD PLUS;9,50;;
BL;15343;FEUDO RD WP;5,00;;
BL;15363;MEDEIRO 80 WG ADVANCE;30,00;;
BL;15401;TAIFUN MK CL;37,00;;
BL;15493;SIMUN 40 OD;7,00;;
BL;15505;SILBOT 500 SC;4,00;;
BL;15509;MOSAIKO COMBI;191,00;;
BL;15514;CUPRAVIT BLU 35 WG;661,90;;
BL;15572;ZOMINEX;1,00;;
BL;15621;BOTTO 50 EC;10,00;;
BL;15654;ACCORD;8,00;;
BL;15661;SENEGO;2,75;;
BL;15668;GHIBLI 240 OD;39,25;;
BL;15681;LUMADRY ESCA;310,00;;
BL;15725;DUAXO;4,40;;
BL;15738;STOPWEED 480;5,00;;
BL;15751;VITENE TRIPLO R;5,00;;
BL;15759;DECIS TRAP;1,03;;
BL;15779;ABANTO;0,10;;
BL;15844;SLOGAN TOP;50,00;;
BL;15857;R6 ERRESEI PASADOBLE;20,00;;
BL;15859;KATANGA EXPRESS;12,00;;
BL;15901;ERCOLE;4.513,00;;
BL;15914;RAME ISAGRO WG BLU;161,00;;
BL;15933;AXIENDO PRONTO USO;15,75;;
BL;15961;RETENGO NEW;3,00;;
BL;16000;MINUET GR;24,75;;
BL;16051;LENNS;2,30;;
BL;16071;MESOZIN 70 WG;5,25;;
BL;16098;NIBER 70 DF;8,00;;
BL;16117;SERBY;14,15;;
BL;16136;LUMA-GOLD;21,00;;
BL;16225;POLTIGLIA BLU 20 WG;15,00;;
BL;16243;POLYSECT ULTRA AL;13,60;;
BL;16256;PANTOX 360 SL;24,00;;
BL;16325;EPIK SL;7,22;;
BL;16364;BISMARK;10,00;;
BL;16459;SOLEIL 50 WG;11,50;;
BL;16528;GHIBLI 40 OD;318,00;;
BL;16571;COPPER COMBI WG;12,50;;
PD;13;THIOPRON;11.618,00;;
PD;13;THIOPRON x 10 lt;7.970,00;;
PD;13;THIOPRON X 10;100,00;;
PD;17;U 46 COMBI FLUID;345,00;;
PD;17;U 46 COMBI FLUID x 1 lt;119,00;;
PD;17;U46 COMBI FLUID X1;25,00;;
PD;17;U 46 COMBI FLUID X 1;8,00;;
PD;40;ETRAVON SYNGENTA;7,00;;
PD;133;U 46 D-FLUID;66,00;;
PD;206;ALBENE x 25 lt;2.225,00;;
PD;206;ALBENE;184,00;;
PD;206;ALBENE x 1 lt;2,00;;
PD;449;MOCAP;2.925,00;;
PD;449;MOCAP x 15 kg;540,00;;
PD;599;ACUPRICO 76 WG;57,00;;
PD;630;REGLONE W;637,00;;
PD;630;REGLONE W 4X5 LT *;615,00;;
PD;630;REGLONE W x 5 lt;200,00;;
PD;630;REGLONE X 1;23,00;;
PD;630;REGLONE X 5;20,00;;
PD;630;REGLONE W x 1 lt;20,00;;
PD;630;REGLONE;3,00;;
PD;747;ZOLFO SPRUZZABILE;1.740,00;;
PD;747;ZOLFO SPRUZ 95% MORMINO PB x 10 kg;440,00;;
PD;779;TRIMANOC 80 WP;20,00;;
PD;844;MICROBAGNABILE 80;20,00;;
PD;886;SENCOR WG;96,50;;
PD;886;SENCOR WG X 0,5;9,50;;
PD;886;SENCOR x 0,5 kg;4,50;;
PD;909;POLISOLFURO DI CALCIO POLISENIO;9.400,00;;
PD;909;POLIS. CALCIO POLISENIO x 250 kg;1.500,00;;
PD;1147;FITONEX COMBI;8,00;;
PD;1155;CHEMOL 90 EL;109,00;;
PD;1156;CHEMOL;6.456,30;;
PD;1156;CHEMOL X LT.5;60,00;;
PD;1156;CHEMOL X 1;23,00;;
PD;1156;CHEMOL 5 LT;5,00;;
PD;1544;MESUROL;2,00;;
PD;1562;ERBITOX E 30 x 1 lt;249,00;;
PD;1573;BASAMID GRANULAT;560,00;;
PD;1573;BASAMID x 20 kg;220,00;;
PD;1573;BASAMID GR               CL 2;20,00;;
PD;1583;MICROTHIOL DISPERSS;22.631,00;;
PD;1583;MICROTHIOL DISPERSS x 25 kg;6.375,00;;
PD;1583;MICROTHIOL DISPERSS x 1 kg;5.025,00;;
PD;1583;MICROTHIOL DISPERSS x 15 kg;1.650,00;;
PD;1600;ETRAVON;1,00;;
PD;1714;KERB 80 EDF;273,00;;
PD;1714;KERB 80 EDF x 1 kg;243,00;;
PD;1714;KERB  80 EDF;32,00;;
PD;1714;KERB 80EDF;22,00;;
PD;1714;KERB 80 EDF X 1;20,00;;
PD;1850;IDRORAME FLOW;102,25;;
PD;1850;KOL IDRORAME FLOW ML.250;68,25;;
PD;1936;LIQUIZOL M;1.025,00;;
PD;1947;SULFUR 80 (KG);248,00;;
PD;2191;WETTING PLUS;995,00;;
PD;2191;WETTING PLUS x 1 lt;33,00;;
PD;2191;WETTING PLUS X LT.4;28,00;;
PD;2249;MALERBANE PRATI 400;43,00;;
PD;2249;MALERBANE PRATI x 1 lt;2,00;;
PD;2259;PASTA LUMACHICIDA IN GRANI;237,00;;
PD;2259;PASTA LUMACHICIDA IN GRANI 500 GR;52,00;;
PD;2260;GASTROTOX E;219,00;;
PD;2272;SILLIM;32,50;;
PD;2307;VECTOR x 1 lt;1.437,00;;
PD;2307;VECTOR x 5 lt;1.195,00;;
PD;2307;VECTOR;950,00;;
PD;2307;VECTOR x 20 lt;360,00;;
PD;2340;STOMP 330-E;61,00;;
PD;2353;BONALAN;393,00;;
PD;2353;BONALAN x 1 lt;79,00;;
PD;2353;BONALAN x 1;31,00;;
PD;2353;BONALAN x 3  (+ KERB FLO X 1,5);21,00;;
PD;2368;PRATI SPECIAL;0,75;;
PD;2518;ACTELLIC 2P;7,60;;
PD;2518;ACTELLIC 2P 200 GR;0,40;;
PD;2520;ACTELLIC;3,00;;
PD;2520;ACTELLIC 50 x 1 lt (n.reg.02520);3,00;;
PD;2603;ESCACIDE;12,00;;
PD;2634;BUGGY;4.033,00;;
PD;2732;GOLTIX x 1 kg (70%);1.326,00;;
PD;2732;GOLTIX;1.089,00;;
PD;2732;GOLTIX x 5 kg (70%);730,00;;
PD;2923;TIOVIT JET;44.813,00;;
PD;2923;TIOVIT JET GD x 25 kg;10.475,00;;
PD;2923;TIOVIT JET GD x 10 kg;3.901,00;;
PD;2923;TIOVIT JET GD x 1 kg;333,00;;
PD;2923;TIOVIT JET X 25;100,00;;
PD;2923;TIOVIT JET (KG);100,00;;
PD;2923;TIOVIT JET X 10;30,00;;
PD;2934;MICROSOL 90;167,00;;
PD;2995;ESCARTOX;3.202,30;;
PD;2995;ZAPI LUMACHICIDA ORTO ESCARTOX KG 1;359,00;;
PD;2995;ESCARTOX META;62,50;;
PD;2995;ESCATOX;28,00;;
PD;2995;ZAPI LUMACHICIDA META KG.5 (al kg.);25,00;;
PD;2995;ZAPI LUMACHICIDA ORTO ESCARTOX GR50;12,00;;
PD;2995;ESCARTOX LUMACHICIDA X KG.1;11,00;;
PD;3065;OLIOCIN;503,25;;
PD;3065;BAYER OLIOCIN LT 1;36,00;;
PD;3065;OLIOCIN 1 LT;24,00;;
PD;3065;BAYER OLIOCIN EW 250 ML;3,90;;
PD;3082;OLEOTER ESTATE X LT.1;9,00;;
PD;3102;OLEOTER;336,00;;
PD;3102;OLEOTER 1 LT;47,00;;
PD;3102;OLEOTER ML 1000;4,00;;
PD;3132;SEPR-OIL;38,75;;
PD;3141;CUTHIOL;132,00;;
PD;3163;U 46 M STAR;74,00;;
PD;3219;KOL CARAKOL AGRO KG.1;1.100,00;;
PD;3219;CARAKOL AGRO;444,50;;
PD;3219;CARAKOL AGRO KG.1 LUMACHICIDA;2,00;;
PD;3313;ARAGOL L 40 ST;102,00;;
PD;3313;ARAGOL L40;99,00;;
PD;3343;U46 M CLASS;67,00;;
PD;3343;U 46 M CLASS;59,00;;
PD;3343;U 46 M CLASS x 1 lt;5,00;;
PD;3412;SYLLIT 65;69,00;;
PD;3468;DACOL L 40 ST;661,00;;
PD;3503;AGRUMIN;472,00;;
PD;3519;METAMBANE;76,00;;
PD;3553;CURZATE;1,00;;
PD;3555;CURZATE M;11,00;;
PD;3640;CUPROSTAR;1.294,00;;
PD;3640;CUPROSTAR X LT.10;440,00;;
PD;3640;CUPROSTAR x 10 Lt;350,00;;
PD;3640;CUPROSTAR X LT.1;105,00;;
PD;3658;SIPCAMOL E;375,25;;
PD;3658;SIPCAMOL E 1 LT;5,00;;
PD;3754;BAGNANTE SARIAF;384,00;;
PD;3754;BAGNANTE SARIAF X LT.1;10,00;;
PD;3767;FENOXILENE MAX;974,00;;
PD;3771;ROVRAL WG;63,00;;
PD;3771;ROVRAL WG x 1 kg;8,00;;
PD;3793;DITHANE M-45;200,00;;
PD;3800;CRITTAM WG;240,00;;
PD;3800;CRITTAM WG x 5 kg;150,00;;
PD;3800;CRITTAM WG x 20 kg;120,00;;
PD;3800;CRITTAM WG x 1 kg;114,00;;
PD;3859;DURSBAN;353,00;;
PD;3861;ROTIOFEN GOLD x 1 lt;15,00;;
PD;4012;RELDAN 22;1.232,50;;
PD;4012;RELDAN 22 x 1 lt;119,00;;
PD;4012;RELDAN 22 x 0,250 lt;106,75;;
PD;4012;RELDAN 22 x 5 lt;35,00;;
PD;4012;RELDAN 22 LT 1;9,00;;
PD;4012;RELDAN 22 X 1;9,00;;
PD;4190;TETRASOL 80;10,00;;
PD;4199;PENNCOZEB DG;12.057,00;;
PD;4199;PENNCOZEB DG x 20 kg;800,00;;
PD;4199;PENNCOZEB DG x 10 Kg;720,00;;
PD;4199;PENNCOZEB DG x 25 kg;25,00;;
PD;4199;PENNCOZEB DG x 1 kg;6,00;;
PD;4228;ROGOR 400 ST x 1 lt;693,00;;
PD;4228;ROGOR 400 ST;202,00;;
PD;4228;ROGOR L 20;14,00;;
PD;4326;ROGOR L 40 ST;68,00;;
PD;4326;ROGOR L 40 ST x 1 lt;23,00;;
PD;4426;DECIS;9,00;;
PD;4461;IMIDAN WDG;10,00;;
PD;4552;DITHANE DG NEOTEC;2.219,00;;
PD;4552;DITHANE DG NEOTEC *;130,00;;
PD;4552;DITHANE DG NEOTEC  X 10;20,00;;
PD;4710;ALIETTE;140,45;;
PD;4710;BAYER ALIETTE 250 GR;49,00;;
PD;4710;ALIETTE 1 KG;8,00;;
PD;4710;ALIETTE x 6 kg;6,00;;
PD;4710;ALIETTE 250 GR;3,00;;
PD;4710;ALIETTE x 1 kg;1,00;;
PD;4896;RIGENAL P;1,70;;
PD;5152;TIOSPOR WG;2.135,00;;
PD;5152;TIOSPOR  WG x Kg 1;35,00;;
PD;5154;ARPEL TRIPLO BLU;4,00;;
PD;5228;CARAKOL;1.240,50;;
PD;5299;MIBIOL;569,25;;
PD;5299;MIBIOIL;4,50;;
PD;5299;ZAPI MIBIOL COCCINIGLIA INV. 500 ML;3,00;;
PD;5467;METADENE;68,00;;
PD;5467;METADENE 1 KG;3,00;;
PD;5574;LUMAKIDIN 5G;183,50;;
PD;5574;LUMAKIDIN 5G KG 1;19,00;;
PD;5576;KOLFLOR OLIO B;75,00;;
PD;5755;TILT 25 EC;66,50;;
PD;5755;TILT 25 EC x 0,5 lt;14,75;;
PD;5796;GARLON;9,50;;
PD;6136;GERMON L;47,30;;
PD;6136;GERMON L (TALEE LE) L x 100 ml;0,01;;
PD;6221;IPIRON 45 SC;20,00;;
PD;6277;VYDATE 5G;50,00;;
PD;6321;STIMOLANTE 66F;11,42;;
PD;6321;STIMOL 66 F x 1 lt;1,80;;
PD;6322;OBSTHORMON 24A;23,00;;
PD;6322;OBSTHORMON 24 A;1,00;;
PD;6324;MAXCEL 2 SL x 2 lt;6,00;;
PD;6376;SCHAUMSTOP;0,60;;
PD;6401;MONDAK 21 S;117,00;;
PD;6401;MONDAK 21 S  x 1;1,00;;
PD;6428;GOAL 2XL;2,00;;
PD;6437;ETHREL;41,00;;
PD;6555;K-OBIOL ULV 6;36.645,00;;
PD;6556;K-OBIOL DP2;1.907,00;;
PD;6556;K-OBIOL DP2 x 1 kg;175,00;;
PD;6557;K-OBIOL EC 25;3.311,00;;
PD;6557;K-OBIOL EC 25 X 1;7,00;;
PD;6632;BAGNANTE AGRICOLO;7,00;;
PD;6674;AFALON DS;1.364,00;;
PD;6674;AFALON DS x 1 lt;191,00;;
PD;6704;TIOLENE 80 WG;4.003,00;;
PD;6738;GLEAN 75 DF;0,15;;
PD;6766;BUTISAN S;62,00;;
PD;6766;BUTISAN S x 1 lt;2,00;;
PD;6834;TEPETA COMBI;40,00;;
PD;6873;IDRORAME 193;122,00;;
PD;6945;TOPAS 10 EC;130,00;;
PD;6945;TOPAS 10 EC x 1 lt;122,00;;
PD;6945;TOPAS 10 EC x 0,25 lt;59,50;;
PD;6945;TOPAS 10 EC X 1;4,00;;
PD;6947;TOPAS COMBY  x 5;5,00;;
PD;6956;TARGA FLO;5.769,00;;
PD;6956;TARGA FLO x 1 Lt;617,00;;
PD;6956;TARGA FLO  X LT.5*;370,00;;
PD;6956;TARGA FLO * X LT.1;179,00;;
PD;6956;TARGA FLO x 5 Lt;150,00;;
PD;6978;BETTER 400;1.300,00;;
PD;6978;BETTER 400 x 5 lt;1.080,00;;
PD;6978;BETTER 400 X 5;195,00;;
PD;7020;BAGNANTE CIFO;28,30;;
PD;7053;PASTA CAFFARO NC;1.502,00;;
PD;7055;PASTA CAFFARO BLU;221,00;;
PD;7055;PASTA CAFFARO BLU 10 LT;10,00;;
PD;7101;LIMAVAL;73,00;;
PD;7312;THYRAM 42-S x1000;1.000,00;;
PD;7368;TURFENE L;134,00;;
PD;7368;TURFENE L x 1 lt;28,00;;
PD;7369;SYLLIT FLO;32,05;;
PD;7369;BAYER SYLLIT FLO 250 ML;11,75;;
PD;7369;SYLLIT FLO 250 ML;4,75;;
PD;7379;VENZAR;176,40;;
PD;7379;VENZAR x 0,500 S.I.(5 x 0,100);107,00;;
PD;7379;VENZAR x 0,5 Kg;14,50;;
PD;7379;VENZAR X KG.0,5 *;6,00;;
PD;7379;VENZAR x 0,500 S.I. (a numero);2,00;;
PD;7401;POLTIGLIA CAFFARO 20 DF NEW;474,00;;
PD;7411;DIRAGER;1,00;;
PD;7483;DEVRINOL F;119,00;;
PD;7515;GERMON BEWURZELUNGSPUDER H PER TALE;1,00;;
PD;7530;BIOLID E;2,00;;
PD;7541;APOLLO SC;0,50;;
PD;7543;ERBITOX COMBI x 1 lt;99,00;;
PD;7555;KLARTAN 20 EW  x 1;5,00;;
PD;7555;KLARTAN 20 EW;4,94;;
PD;7555;KOL KLARTAN 20EW ML.1 8F;0,01;;
PD;7608;DASKOR x 1 lt;133,00;;
PD;7608;DASKOR;51,00;;
PD;7608;DASKOR X 1;29,00;;
PD;7611;ENOVIT METIL FL;3.322,00;;
PD;7611;ENOVIT METIL FL x 1 Lt;1.047,00;;
PD;7611;ENOVIT METIL FL x 5 Lt;885,00;;
PD;7611;ENOVIT METIL FL *;107,00;;
PD;7640;SPOLLONANTE G LT.1;2,00;;
PD;7700;MATACAR FL;6,45;;
PD;7700;MATACARFL;1,20;;
PD;7700;MATACAR FL X 0,200;0,40;;
PD;7700;MATACAR FL x 0,2 lt;0,20;;
PD;7737;ZOLFO DOPPIO VENTILATO SCORREVOLE 95% S;50,00;;
PD;7764;TIOLENE;6,20;;
PD;7845;TMTD 50 SC;31,00;;
PD;7876;PIRIMOR 17,5 x 1 (n.reg.min.7876);73,00;;
PD;7876;PIRIMOR 17,5;61,00;;
PD;7889;NURELLE D  x 1;7,00;;
PD;7916;POLYRAM DF;2.722,00;;
PD;7916;POLYRAM DF x 25 kg;2.525,00;;
PD;7916;POLYRAM DF x 2 kg (+ FORUM 50 WP);490,00;;
PD;7919;TOUCHDOWN;3.362,00;;
PD;7919;TOUCHDOWM;2.238,00;;
PD;7919;TOUCHDOWN x 20 lt;1.720,00;;
PD;7919;TOUCHDOWN x 5 lt;15,00;;
PD;7922;OPALENE;273,00;;
PD;7930;KERB FLO;232,00;;
PD;7930;KERB FLO x 1,5 (+BONALAN X 3);10,50;;
PD;7957;ROVRAL PLUS;119,00;;
PD;7957;ROVRAL PLUS x 1 lt;119,00;;
PD;7957;ROVRAL PLUS LT.1;1,00;;
PD;7958;RONSTAR FL;150,00;;
PD;7958;RONSTARFL;121,00;;
PD;7958;RONSTAR FL x 1 lt;42,00;;
PD;7961;RIZOLEX  GOLD;54,00;;
PD;7961;RIZOLEX GOLD x 1 kg;44,00;;
PD;7961;RIZOLEX GOLD;23,00;;
PD;7965;TRIGARD 75 WP;0,50;;
PD;7984;STRATOS;138,00;;
PD;7984;STRATOS x 1 lt;33,00;;
PD;7998;PRIMOSOL 80 WDG;85,00;;
PD;8001;AGRO-PYR;1,54;;
PD;8023;SUMIALFA ECHO X 1;51,00;;
PD;8023;SUMIALFA ECHO;38,00;;
PD;8028;CALARIS x 1 lt;435,00;;
PD;8028;CALARIS;114,00;;
PD;8028;CALARIS X 1;22,00;;
PD;8054;METIS ECHO x 1 lt;21,00;;
PD;8102;MERPAN 80 WDG;726,00;;
PD;8102;MERPAN 80 WDG x 5 kg;335,00;;
PD;8102;MERPAN 80 WDG x 1 kg;55,00;;
PD;8106;CIMOZEB;284,00;;
PD;8117;BASTA 200;2.040,00;;
PD;8117;BASTA 200 x 5 lt;765,00;;
PD;8117;BASTA 200 x 15 lt;630,00;;
PD;8117;BASTA 200 X LT.15*;315,00;;
PD;8117;BASTA 200 LT.5*;260,00;;
PD;8117;BASTA 200 X 5;15,00;;
PD;8129;BETOZON 65 DF;11,00;;
PD;8139;MANTA GOLD x 3 lt;45,00;;
PD;8139;MANTA GOLD;39,00;;
PD;8139;MANTA GOLD X 3;21,00;;
PD;8146;GALLERY;84,55;;
PD;8146;GALLERY x 0,5 lt;57,50;;
PD;8146;GALLERY x 5 lt;20,00;;
PD;8146;GALLERY X LT.5;15,00;;
PD;8146;GALLERY X ML.500;4,00;;
PD;8155;CATOR;646,00;;
PD;8156;DEVOX;24,00;;
PD;8159;CLICK COMBI LT 5 (2 XN);30,00;;
PD;8159;CLICK COMBI;15,00;;
PD;8184;CHALLENGE;240,00;;
PD;8184;CHALLENGE x 1 lt;53,00;;
PD;8184;CHALLENGE x 5 lt;10,00;;
PD;8189;FORCE;48.700,00;;
PD;8189;FORCE x 10 Kg;29.970,00;;
PD;8189;FORCE KG.10;1.170,00;;
PD;8201;GLISTER;760,25;;
PD;8207;LONTREL 75 G;6,90;;
PD;8207;LONTREL 75G DA GR.100;1,10;;
PD;8207;LONTREL 75G x 100 gr;1,00;;
PD;8229;RAPAX;18,05;;
PD;8284;MICOSPOR MGD;35,00;;
PD;8351;Z.M. 75 DG;100,00;;
PD;8376;ARIANE II;3.022,00;;
PD;8376;ARIANE DUE x 5 lt;605,00;;
PD;8376;ARIANE DUE x 1 lt;443,00;;
PD;8376;ARIANE II   X1;2,00;;
PD;8377;GLIFOSIM;2,25;;
PD;8382;ROUNDUP BIOFLOW;972,56;;
PD;8382;ROUNDUP BIOFLOW X LT.20;620,00;;
PD;8382;ROUNDUP BIOFLOW X LT.5;330,00;;
PD;8401;FALTEX FLOW;190,00;;
PD;8429;GLYFOS SL;4.588,00;;
PD;8429;GLYFOS SL X LT.20;1.600,00;;
PD;8429;GLYFOS SL X LT.5;805,00;;
PD;8429;GLYFOS SL 20 LT;60,00;;
PD;8483;ETOSATE 500;138,00;;
PD;8483;ETOSATE 500 x 1 lt;6,00;;
PD;8498;FOLICUR WG;340,50;;
PD;8498;FOLICUR WG x 0,5 kg;42,50;;
PD;8499;EFESTO;1.135,00;;
PD;8499;EFESTO - GLIFOSATE LT 1;171,00;;
PD;8534;CITROLE x 5 lt;10,00;;
PD;8540;PAMPA;645,00;;
PD;8540;GHIBLI;1,00;;
PD;8542;FORUM 50 WP;324,60;;
PD;8542;FORUM 50 WP x 1,2 kg (+ POLYRAM DF);91,20;;
PD;8542;FORUM;12,00;;
PD;8542;FORUM TOP PACK PER 3 HA;4,00;;
PD;8542;FORUM 50 WP x 0,400;0,40;;
PD;8546;DANITRON;6,00;;
PD;8547;LOGRAN x 37 gr;48,98;;
PD;8547;LOGRAN;40,81;;
PD;8547;LOGRAN  x 0,037 Kg;0,44;;
PD;8558;PIRETRO VERDE;2,46;;
PD;8558;PIRETRO VERDE 50 ML;1,20;;
PD;8601;FOLPAN 80 WDG;4.459,00;;
PD;8601;FOLPAN 80 WDG x 5 kg;550,00;;
PD;8601;FOLPAN 80 WDG X 1;66,00;;
PD;8601;FOLPAN 80 WDG x 1 kg;52,00;;
PD;8601;FOLPAN 80 WDG  X 5;40,00;;
PD;8617;BANVEL 480 S;78,00;;
PD;8646;ACTIVUS EC x 5 lt;315,00;;
PD;8646;ACTIVUS EC;45,00;;
PD;8646;ACTIVUS EC x 1 lt;33,00;;
PD;8646;ACTIVUS EC  x 1;30,00;;
PD;8646;ACTIVUS EC X5;25,00;;
PD;8646;ACTIVUS EC 1 LT;10,00;;
PD;8646;ACTIVUS EC ERBICIDA ANTIGERM.LT.1;8,00;;
PD;8646;ACTIVUS EC 5 LT;5,00;;
PD;8649;PIRIDANE 480;115,00;;
PD;8656;GLIFENE HP;166,00;;
PD;8656;GLIFENE SL;4,75;;
PD;8690;PERFEKTHION TOP;32,00;;
PD;8706;AMID THIN W;18,50;;
PD;8706;AMID THIN W x 0,5 kg;1,00;;
PD;8711;ALLEGANTE 2% AF 96;3,00;;
PD;8712;ALLEGANTE 4% AF 96;10,00;;
PD;8712;AF 96 x 1 lt;9,00;;
PD;8712;ALLEGANTE 4% - AF 96;6,00;;
PD;8721;NEXTER;17,00;;
PD;8729;FORUM R;388,00;;
PD;8729;FORUM R x 1 kg;53,00;;
PD;8731;ACROBAT R x 10 kg;350,00;;
PD;8735;TREBON UP;228,50;;
PD;8735;TREBON UP x 0,5 lt;169,50;;
PD;8735;TREBONUP;26,00;;
PD;8735;TREBON UP x ml.500;3,50;;
PD;8742;INDAR 5 EW x 1 lt;29,00;;
PD;8742;INDAR 5EW;5,00;;
PD;8742;INDAR 5 EW;2,00;;
PD;8743;GREENEX;51,60;;
PD;8743;BAYER GREENEX - NF 100 ML;0,10;;
PD;8795;VERTIMEC EC;41,75;;
PD;8795;VERTIMEC EC x 1 lt;14,00;;
PD;8795;VERTIMEC EC x 0,25 lt;12,00;;
PD;8795;VERTIMEC  EC;3,00;;
PD;8795;VERTIMEC EC 1 LT;1,00;;
PD;8796;SELECT;241,00;;
PD;8797;BINAL PRO;83,00;;
PD;8801;SCORE 25 EC;237,11;;
PD;8801;SCORE 25 EC x 1 lt;28,00;;
PD;8801;SCORE 25 EC x 0,25 lt;15,00;;
PD;8801;SCORE 25 EC X1;9,00;;
PD;8801;SCORE 25 EC X LT.1 *;8,00;;
PD;8801;SCORE 25 EC  x 0,250 Lt;3,50;;
PD;8801;SCORE 25 EC X 0.25;1,50;;
PD;8836;MIMIC;62,00;;
PD;8837;GERMON BEWURZELUNGSPUDER PER TALEE ;0,34;;
PD;8838;GERMON BEW.T. LEGNOSE X GR.500;5,50;;
PD;8838;GERMON BEWURZELUNGSPUDER PER TALEE ;1,00;;
PD;8841;CYREN 7,5 G;1.077,50;;
PD;8841;ZAPI ANTIFORMICA ORTO CYREN KG 1;102,00;;
PD;8843;NISSHIN;105,00;;
PD;8859;MASTIFF x 20 lt;16.640,00;;
PD;8859;MASTIFF x 1 lt;11.117,00;;
PD;8859;MASTIFF x 5 lt;6.610,00;;
PD;8859;MASTIFF;366,00;;
PD;8875;CIMOX 25 WP;359,00;;
PD;8882;UFO                 E X 10;80,00;;
PD;8886;SAFARI;41,52;;
PD;8886;SAFARI X 120 GR;37,32;;
PD;8886;SAFARI DA GR.120 *;3,36;;
PD;8899;ZOLFO VENTILATO RAMATO 5% (KG);14,00;;
PD;8909;FUNGIMAN COMBI;84,00;;
PD;8933;SOLEAS;81,00;;
PD;8934;SCALA;200,40;;
PD;8934;SCALA x 1 lt (FUNGICIDA BASF);10,00;;
PD;8934;SCALA X 1;3,00;;
PD;8934;SCALA (LT);1,00;;
PD;8934;SCALA ZAPI;0,60;;
PD;8937;MASAI 20 WP;6,00;;
PD;8937;MASAI 20 WP X 1;1,00;;
PD;8937;MASAI 20 WP x 1 kg;1,00;;
PD;8945;ENOVIT METIL DF;1,00;;
PD;8987;CONFIDOR 200 SL;377,28;;
PD;8987;BAYER CONFIDOR 200 SL ML 10;40,00;;
PD;8987;BAYER CONFIDOR 200 SL ML 50;3,90;;
PD;8987;CONFIDOR 200 SL X 1;2,00;;
PD;8987;CONFIDOR 200SL;1,50;;
PD;8987;CONFIDOR 200 SL 50 ML;1,20;;
PD;8987;CONFIDOR 200 SL ML 50;1,10;;
PD;8987;BAYER CONFIDOR 200 SL ML 5;0,55;;
PD;8987;CONFIDOR 200 SL 10 ML;0,25;;
PD;8987;CONFIDOR 200 SL (LT);0,25;;
PD;9005;AGIL;2.851,00;;
PD;9005;AGIL X LT.5;140,00;;
PD;9005;AGIL x 1 Lt;100,00;;
PD;9005;AGIL X LT.1;69,00;;
PD;9005;AGIL X 5 Lt;40,00;;
PD;9010;RAMEZIN COMBI WG;3.756,00;;
PD;9010;RAMEZIN COMBI WG x 10 Kg;190,00;;
PD;9012;CUPROCAFFARO MICRO;9.135,00;;
PD;9012;CUPROCAFFARO MICRO  X 10;330,00;;
PD;9012;CUPROCAFFARO MICRO  X 1;11,00;;
PD;9038;OPINION;2,20;;
PD;9070;MICEXANIL BIANCO;50,00;;
PD;9079;REGRAN COMBI;1,00;;
PD;9086;POLTIGLIA BORDOLESE SCAM D.F.;200,00;;
PD;9131;PYRINEX ME;1.518,75;;
PD;9131;PYRINEX ME *;355,00;;
PD;9131;PYRINEX ME x 1 lt;138,00;;
PD;9131;PYRINEX ME x 5 lt;15,00;;
PD;9131;PYRINEX ME X 1;13,00;;
PD;9131;PYRINEX ME (LT);4,00;;
PD;9148;SYLLIT 355 SC;133,00;;
PD;9153;CYREN 44 EC;103,00;;
PD;9153;CYREN 44 EC x 1 lt;77,00;;
PD;9210;QUADRIS;2,00;;
PD;9244;ZIRAMIT 76 WG;65,00;;
PD;9267;ROYALTAC N;3.220,00;;
PD;9279;MERLIN COMBI;7,00;;
PD;9279;MERLIN COMBI x 5 lt;5,00;;
PD;9280;TOPAS 200 EW;15,50;;
PD;9280;TOPAS 200 EW x 0,5 lt;1,00;;
PD;9286;OHAYO;13,00;;
PD;9286;OHAYO x 1 lt;5,00;;
PD;9306;PROPLANT x 1 lt;9,00;;
PD;9311;CUPROSSIL IDRO 25 WP;649,00;;
PD;9311;CUPROSSIL IDRO 25 WP x 10 kg;70,00;;
PD;9322;GOLTIX STAR;260,00;;
PD;9322;GOLTIX STAR X 1;162,00;;
PD;9322;GOLTIX STAR x 5 kg;40,00;;
PD;9335;SILGLIF MK x 20 lt;3.100,00;;
PD;9339;BETANAL EXPERT;1.458,00;;
PD;9339;BETANAL EXPERT X 1;270,00;;
PD;9339;BETANAL EXPERT x 5 lt;135,00;;
PD;9339;BETANAL EXPERT X 5;65,00;;
PD;9339;BETANAL EXPERT x 1 lt;30,00;;
PD;9342;DELTRIN;57,00;;
PD;9364;RAPIDO;901,00;;
PD;9371;PEAK;2,32;;
PD;9371;PEAK x 40 gr;1,20;;
PD;9373;CHORUS 10X1 KG *;60,00;;
PD;9373;CHORUS;44,00;;
PD;9373;CHORUS x 1 kg;7,00;;
PD;9374;MATCH TOP;28,00;;
PD;9374;MATCH TOP x 1 lt;10,00;;
PD;9376;BROMOTRIL;13,00;;
PD;9400;GLIFOGAN PRONTO;6,50;;
PD;9410;SUMICIDIN ECHO;445,00;;
PD;9411;RADIP ORMON;2,40;;
PD;9422;EVADE;1.162,90;;
PD;9422;EVADE x 1 lt;599,00;;
PD;9422;EVADE x 0,25 lt;359,00;;
PD;9422;EVADE *;178,00;;
PD;9422;ZAPI DISERBO EVADE 500 ML NR 9422;66,50;;
PD;9422;EVADE  X 1;10,00;;
PD;9422;EVADE 1 LT;4,00;;
PD;9422;ZAPI DISERBO EVADE 100 ML NR 9422;3,40;;
PD;9443;ENDOGERME;13,70;;
PD;9448;RIFLE 4-24 R BLU;32,00;;
PD;9449;EMERALD COMBI;293,00;;
PD;9449;EMERALD COMBI 1 KG;12,00;;
PD;9449;EMERALD COMBI KG 1;5,00;;
PD;9463;KLARO KIT;172,00;;
PD;9509;PROMALIN NT;9,50;;
PD;9509;PROMALIN NT x 0,5 lt;2,00;;
PD;9518;ROSATE 36 x 20 lt;460,00;;
PD;9531;SEQURA WG;16,00;;
PD;9550;PROFILE;2,50;;
PD;9575;DRIBBLING 240 EC;96,00;;
PD;9578;SWITCH;730,70;;
PD;9578;SWITCH x 1 kg;179,00;;
PD;9578;SWITCH X 1;12,00;;
PD;9578;SWITCH x 0,25 kg;6,60;;
PD;9612;OSSICLOR 30;2.946,00;;
PD;9612;OSSICLOR 30 PB KG 1;14,00;;
PD;9627;POLTIGLIA BORDOLESE DISPERSS;4,00;;
PD;9629;FOLTAN MGD;10,00;;
PD;9631;METRIN EC;259,00;;
PD;9634;CARNIVAL;93,00;;
PD;9655;PRIMIAL WG;6,00;;
PD;9668;RUFAST E-FLO;77,10;;
PD;9668;RUFAST E-FLO x 1 lt;15,00;;
PD;9668;ZAPI INSETTICIDA ACARI RUFAST ML 50;0,75;;
PD;9668;ZAPI INSETTICIDA ACARI RUFAST ML 10;0,02;;
PD;9670;THIANOSAN 80 WG;60,00;;
PD;9678;M70 DF;656,00;;
PD;9679;KRISTAL 32 WG;7,00;;
PD;9693;SPORTAK 45 EW;63,00;;
PD;9694;SIMITAR 5 EW x 1 lt;69,00;;
PD;9694;SIMITAR 5 EW;29,00;;
PD;9696;NOVAGIB;72,00;;
PD;9705;PREVITER;92,67;;
PD;9705;PREVITER ANTIPYTHIUM  ML 100;10,00;;
PD;9705;PREVITER ANTIPYTHIUM LT 1;9,00;;
PD;9705;PREVITER 1 LT;2,00;;
PD;9705;PREVITER 100 ML;0,40;;
PD;9713;HORIZON x 1 lt;10,00;;
PD;9723;DE-SPROUT N x 10 lt;2.710,00;;
PD;9723;DE-SPROUT N;900,00;;
PD;9724;TIOWETTING DF;5.687,00;;
PD;9726;GLIFOSAN;92,00;;
PD;9730;CUPROSSIL IDRO 25 WP BLU;16,00;;
PD;9744;SCORE 10 WG;71,00;;
PD;9744;SCORE 10 WG x 1 kg;22,00;;
PD;9747;FURY;2.564,33;;
PD;9747;ZAPI POLIVALENTE ABBAT ML.50 FURY;1,50;;
PD;9747;ZAPI POLIVALENTE ABBAT ML.10 FURY;0,13;;
PD;9757;SPYRALE;431,00;;
PD;9757;SPYRALE x 1 Lt;332,00;;
PD;9758;COPRANTOL WG;430,00;;
PD;9767;NUFOS 7,5 G x 10 kg;2.610,00;;
PD;9767;NUFOS 7,5 G;53,00;;
PD;9787;MICROBAGNABILE WG;729,00;;
PD;9787;MICROBAGNABILE WG KG 1;4,00;;
PD;9787;MICROBAGNABILE WG 1 KG;3,00;;
PD;9790;CONTATTO 320  x 1;417,00;;
PD;9790;CONTATTO 320;31,00;;
PD;9794;PLANET C;70,00;;
PD;9797;GROLEN;23,00;;
PD;9798;CLIOPHAR 100;2,00;;
PD;9798;CLIOPHAR 100  X 1;2,00;;
PD;9800;MAVRIK 20 EW;104,49;;
PD;9800;MAVRIK 20 EW x 1 lt;30,00;;
PD;9800;MAVRIK 20 EW  X1;1,00;;
PD;9800;MAVRIK 20 EW x 0,150 lt;0,18;;
PD;9802;COPREN HI BIO;239,00;;
PD;9802;COPRANTOL HI BIO;48,00;;
PD;9802;COPRANTOL HI-BIO x 10 kg;10,00;;
PD;9809;MALVIN 80 WG;51,00;;
PD;9813;DICLOPYR;4,00;;
PD;9832;TREK P x 5 lt;2.125,00;;
PD;9832;TREK P x 20 lt;620,00;;
PD;9832;TREK P;211,00;;
PD;9832;TREK P x 1 lt;5,00;;
PD;9843;BASAGRAN SG;216,00;;
PD;9843;BASAGRAN SG x 3 kg;93,00;;
PD;9867;4 STAGIONI;53,25;;
PD;9867;4 STAGIONI 1 LT;2,00;;
PD;9872;AKRIS;735,00;;
PD;9872;AKRIS x 5 lt;335,00;;
PD;9872;AKRIS  X 5LT;65,00;;
PD;9880;SOL MICRO GD;30,00;;
PD;9900;FLAVOS;130,00;;
PD;9900;FLAVOS x 1 lt;78,00;;
PD;9940;ZELIG GR x 10 kg;2.350,00;;
PD;9940;ZELIG GR;2.160,00;;
PD;9940;ZELIG GR 1 KG;52,00;;
PD;9941;BUMPER P x 1 lt;3.536,00;;
PD;9941;BUMPER P;50,00;;
PD;9952;COLZANET;8,00;;
PD;9954;JOKER;3.331,00;;
PD;9954;JOKER  x 1 LT;87,00;;
PD;9954;JOKER LT.1;28,00;;
PD;9963;METIDANE 22 x 1 lt;838,00;;
PD;9963;METIDANE 22 x 5 lt;390,00;;
PD;9963;METIDANE 22 x 0,250 lt;126,00;;
PD;9963;METIDANE 22;10,00;;
PD;9995;ARIUS;71,00;;
PD;9995;ARIUS x 1 lt;6,00;;
PD;9995;ARIUS X1;6,00;;
PD;10005;SCOTTS WEEDCONTROL;7,50;;
PD;10029;KING;120,00;;
PD;10048;KUMULUS TECNO;2.065,00;;
PD;10048;KUMULUS TECNO x 25 kg;1.950,00;;
PD;10049;DURSBAN 75 WG;619,00;;
PD;10049;DURSBAN 75 WG x 1 kg;584,00;;
PD;10057;ARPEL WDG;371,00;;
PD;10057;ARPEL WDG x 1 kg;3,00;;
PD;10063;TOPIK 80 EC x 0,75 lt;0,75;;
PD;10105;RIDOMIL GOLD SL;14,75;;
PD;10105;RIDOMIL GOLD SL 20 x 0,25 lt;5,00;;
PD;10108;RIDOMIL GOLD MZ;8,00;;
PD;10117;STRATOS ULTRA x 5 lt;2.550,00;;
PD;10117;STRATOS ULTRA;2.157,00;;
PD;10117;STRATOS ULTRA X 5;215,00;;
PD;10117;STRATOS ULTRA x 1 lt;73,00;;
PD;10117;STRATOS ULTRA X LT.1;5,00;;
PD;10118;AMISTAR;814,00;;
PD;10118;AMISTAR x 1 lt;115,00;;
PD;10118;AMISTAR x 5 lt;50,00;;
PD;10118;AMISTAR *;14,00;;
PD;10119;EQUATION PRO;3,20;;
PD;10127;DECIS JET;137,97;;
PD;10127;DECIS JET 250 ML;5,00;;
PD;10127;BAYER DECIS JET ML 50 NR 10127 Xi;2,40;;
PD;10127;DECIS JET 50 ML;1,20;;
PD;10127;BAYER DECIS JET ML 10 NR 10127 Xi;1,10;;
PD;10127;DECIS JET ML 50;1,05;;
PD;10127;DECIS JET  LT.0.250;0,25;;
PD;10141;SOFREVAL 80 MICRO;4.000,00;;
PD;10142;VERNOIL;140,00;;
PD;10154;BORDOFLOW SECTOR;3,00;;
PD;10161;ORTIVA;341,25;;
PD;10161;ORTIVA x 1 lt;79,00;;
PD;10161;ORTIVA X 1;6,00;;
PD;10161;ORTIVA X 0,800;0,80;;
PD;10183;GARLON EV;10,20;;
PD;10183;GARLON EV ML 500;0,50;;
PD;10184;TIMBREL EV;2,00;;
PD;10185;ZERGAN EV;2,25;;
PD;10187;NAUTILE DG x 10;10,00;;
PD;10199;LERAM HI BIO;61,00;;
PD;10224;EMME - H;840,00;;
PD;10224;EMME-H;50,00;;
PD;10230;LUMAPLUS;306,00;;
PD;10233;BORDOSEP;78,00;;
PD;10236;SLOGAN R;100,00;;
PD;10263;DRIVER ERBICIDA LT 1;10,00;;
PD;10263;DRIVER;5,00;;
PD;10272;CEREXIL M DG x 10 kg;2.440,00;;
PD;10272;CEREXIL M DG;555,00;;
PD;10272;CEREXIL M DG x 1 kg;140,00;;
PD;10275;STELLA EC 100 ML;0,90;;
PD;10296;IPERION x 20 kg;6.440,00;;
PD;10296;IPERION x 1 kg;4.607,00;;
PD;10296;IPERION x 10 kg;3.130,00;;
PD;10296;IPERION;15,00;;
PD;10297;SINIS 35 WG;259,00;;
PD;10305;OIKOS;42,44;;
PD;10305;OIKOS 20 ML;0,24;;
PD;10306;MISTRAL;254,00;;
PD;10317;PLENUM;5,40;;
PD;10329;FORUM MZ WG;934,00;;
PD;10342;RIFLE 44;140,00;;
PD;10350;BLAST SG;132,00;;
PD;10357;RIGRON SG;281,00;;
PD;10372;RASIKAL QUICK;23,00;;
PD;10373;CONTEST x 1 kg;579,00;;
PD;10373;CONTEST;182,00;;
PD;10373;CONTEST X 1;10,00;;
PD;10390;DIRACTIN;0,50;;
PD;10396;LIZOCIN;2,90;;
PD;10398;STIKER x 0,5 kg;8,50;;
PD;10404;CLINIC 360 SL;7.889,00;;
PD;10404;CLINIC360SL;86,00;;
PD;10415;ARIC 480 LS;139,50;;
PD;10423;LUMACHICIDA KG.1 VEBI;1.972,00;;
PD;10423;LUMACHICIDA KG.5 VEBI (NEW);750,00;;
PD;10423;LUMACHICIDA VEBI;318,75;;
PD;10423;LUMACHICIDA VEBI  KG1;35,00;;
PD;10423;LUMACHICIDA VEBI GR 250;0,25;;
PD;10424;VEBIGLYF;8,50;;
PD;10425;SCUDEX;46,75;;
PD;10425;SCUDEX X LT.1;5,00;;
PD;10426;PROTIL EC;168,00;;
PD;10439;SPRAY DUNGER GLOBAL x 1 lt;50,00;;
PD;10447;NOVEL DUO;1.916,00;;
PD;10447;NOVEL DUO X 1;75,00;;
PD;10456;KLARO ULTRA;1.647,75;;
PD;10456;ZAPI DISERBO KLARO ULTRA 1 LT;245,00;;
PD;10461;DICOTURF;48,35;;
PD;10465;ROUNDUP MAX;7.470,00;;
PD;10465;ROUNDUP MAX x 10 kg;2.230,00;;
PD;10465;ROUNDUP MAX X 1OKG;550,00;;
PD;10477;LAS VEGAS;1,00;;
PD;10479;NATURALIS;20,00;;
PD;10479;NATURALIS   X 1;2,00;;
PD;10493;RUNNER LO;131,00;;
PD;10494;PREMIUM TOP;2.388,75;;
PD;10494;DISERBANTE TOTALE PREMIUM TOP 1 LT.;883,00;;
PD;10494;PREMIUM TOP 1 LT;280,00;;
PD;10504;KELLY WG x 10 kg;790,00;;
PD;10504;KELLY WG x 1 kg;237,00;;
PD;10509;MASTIFF ULTRA;114,00;;
PD;10532;TELDOR;43,00;;
PD;10540;TERIAL 75 WG;138,00;;
PD;10560;PIRETRO NATURA;14,00;;
PD;10563;DEFEND WG (KG);100,00;;
PD;10565;DICOTIL EXTRA;121,50;;
PD;10565;DICOTIL EXTRA 1 LT;79,00;;
PD;10565;DICOTIL EXTRA ERBICIDA LT 1;47,00;;
PD;10565;DICOTIL EXTRA 500 ML;16,00;;
PD;10565;DICOTIL EXTRA 250 ML;10,25;;
PD;10565;DICOTIL EXTRA 100 ML;2,80;;
PD;10568;ZOOMER;2.543,00;;
PD;10568;ZOOMER 1 LT;264,00;;
PD;10573;KOCIDE 2000;539,00;;
PD;10585;SULCOTREK;1.057,00;;
PD;10585;SULCOTREK x 1 Lt;99,00;;
PD;10587;FOLPAN SC;10,00;;
PD;10588;BIOPIREN PLUS;2,00;;
PD;10589;FLORA VERDE;1,00;;
PD;10604;EMERALD 40 EW;1.003,50;;
PD;10604;EMERALD 40 EW X 1;37,00;;
PD;10609;MESOZIN 35 WG;30,75;;
PD;10627;FRUPICA;15,00;;
PD;10628;MIDAURIL MZ;142,00;;
PD;10628;MIDAURIL MZ X 5;15,00;;
PD;10632;COBRE NORDOX SUPER 75 WG;437,50;;
PD;10671;CUAGRO HI BIO;1.650,00;;
PD;10690;FUNGIBEN COMBI;66,00;;
PD;10701;CUMETA FLOW;814,00;;
PD;10710;TOMAGAN;214,00;;
PD;10710;TOMAGAN  x 1;2,00;;
PD;10715;SILGLIF NF x 20 lt;5.000,00;;
PD;10715;SILGLIF NF x 5 lt;950,00;;
PD;10715;SILGLIF NF x 1 lt;157,00;;
PD;10734;DUAL GOLD;5.139,00;;
PD;10734;DUAL GOLD x 1 Lt;1.086,00;;
PD;10734;DUAL GOLD x 5 lt;660,00;;
PD;10734;DUAL GOLD X 5 *;250,00;;
PD;10734;DUAL GOLD X 1 *;217,00;;
PD;10734;DUAL GOLD x 20 lt;40,00;;
PD;10735;PRIMAGRAM GOLD;10.922,00;;
PD;10735;PRIMAGRAM GOLD x 1 lt;572,00;;
PD;10735;PRIMAGRAM GOLD x 5 Lt;435,00;;
PD;10735;PRIMAGRAM GOLD x 20 lt;300,00;;
PD;10735;PRIMAGRAM GOLD  X 5 LT *;265,00;;
PD;10735;PRIMAGRAM GOLD X LT.20 *;80,00;;
PD;10735;PRIMAGRAM GOLD X 1 *;21,00;;
PD;10735;PRIMAGRAN GOLD;20,00;;
PD;10735;PRIMAGRAM GOLD LT. 5;5,00;;
PD;10735;PRIMAGRAM GOLD 1 LT;4,00;;
PD;10735;PRIMAGRAM GOLD LT 1;2,00;;
PD;10741;METACINQUE;87,50;;
PD;10752;STEWARD;131,75;;
PD;10752;STEWARD x 0,500 kg;30,00;;
PD;10752;STEWARD 250 G;5,75;;
PD;10752;STEWARD x 0,250 kg;4,00;;
PD;10752;STEWORD;0,50;;
PD;10753;FOLICUR SE;16,75;;
PD;10753;BAYER FOLICUR SE ML 100 NR 10753;0,10;;
PD;10758;BEETUP-TRIO;23,00;;
PD;10758;BEET UP TRIO;5,00;;
PD;10771;MOST MICRO;1.859,80;;
PD;10771;MOST MICRO x 5 lt;75,00;;
PD;10771;MOST MICRO x 1 lt;5,00;;
PD;10780;LUMABLOC;2,50;;
PD;10890;FLIPPER;60,00;;
PD;10897;AMEGA DISERBO TOTALE LT 1;680,00;;
PD;10926;ALTOREX;133,00;;
PD;10926;ALTOREX x 1 lt;17,00;;
PD;10929;CHIKARA 25 WG;4,10;;
PD;10929;CHIKARA  x 0,2 kg;0,60;;
PD;10929;CHIKARA x 50 gr;0,35;;
PD;10931;EMME-H 60 WS;2,00;;
PD;10936;NAAK 480 x 1 lt;60,00;;
PD;10939;CP 40 AGRO;113,00;;
PD;10939;CP40 AGRO LT.1 (2 XN);49,00;;
PD;10944;KARATE ZEON;174,25;;
PD;10944;KARATE ZEON x 1 lt;76,00;;
PD;10944;KARATE ZEON x 0,250 Lt;27,25;;
PD;10944;KARATÉ ZEON;18,00;;
PD;10944;KARATE ZEON LT.1;12,00;;
PD;10952;CARPOVIRUSINE PLUS x 1 lt;24,00;;
PD;10958;BALANCE x 0,05 kg;5,00;;
PD;10973;PIRINEX PRONTO;3,50;;
PD;10976;METEOR x 0,25 lt;1.092,00;;
PD;10976;METEOR x 1 lt;1.066,00;;
PD;10976;METEOR;1.043,77;;
PD;10976;METEOR 250 ML;1,25;;
PD;10986;KASKO R;86,00;;
PD;10999;BETANAL SE;609,00;;
PD;10999;BETANAL SE x 1 lt;97,00;;
PD;10999;BETANAL SE X 1;51,00;;
PD;10999;BETANAL SE+;41,00;;
PD;10999;BETANAL SE X1;26,00;;
PD;11011;DASH HC;2.318,00;;
PD;11011;DASH HC x 1 lt;1.119,00;;
PD;11011;DASH HC x 5 lt;400,00;;
PD;11011;DASH HC  x 1 Lt;58,00;;
PD;11011;DASH HC X1;6,00;;
PD;11013;CIOPPER;37,50;;
PD;11013;CIOPPER   X  1;2,00;;
PD;11015;PYCHLOREX 480 EC;7,00;;
PD;11029;PYRINEX M 22;133,00;;
PD;11040;POLTIGLIA BORDOLESE DISPERSS BLU;220,00;;
PD;11044;TUREX;20,00;;
PD;11045;KOL DODIPREV 35 ML.250;345,75;;
PD;11045;DODIPREV 35;130,75;;
PD;11059;BIOPOWER x 1 lt;209,00;;
PD;11059;BIOPOWER;152,00;;
PD;11059;BIOPOWER X1;27,00;;
PD;11059;BIOPOWER X 1;1,00;;
PD;11062;BION 50 WG;2,50;;
PD;11062;BION 50 WG x 0,5 kg;1,00;;
PD;11070;TIOGOLD DISPERSS x 25 kg;8.525,00;;
PD;11102;HELIOSOUFRE S;84,70;;
PD;11104;CUPROFIX 30 DISPERSS non col.x 10;270,00;;
PD;11104;CUPROFIX 30 DISPERSS;5,00;;
PD;11107;ECO-TRAP x 1 (100 TRAPPOLE);18,20;;
PD;11119;FLINT;116,40;;
PD;11119;FLINT x 0,5 kg;10,50;;
PD;11133;SHELTER;89,00;;
PD;11147;KRUG;1,50;;
PD;11157;PROPYDOR;22,75;;
PD;11160;SUGARBETA PLUS SE;81,00;;
PD;11173;AVAUNT EC;529,50;;
PD;11173;AVAUNT EC x 1 (+CORAGEN) TW.P.MAIS;211,00;;
PD;11173;AVAUNT 150 EC x 1 lt;100,00;;
PD;11173;TWIN PACK MAIS LT.1 AVAUNT+LT.0.4 C;52,80;;
PD;11185;GERLAGIB LG;2,00;;
PD;11190;PENCOR;1,20;;
PD;11190;PENCOR 10 EC;0,15;;
PD;11196;SULFAR;40,00;;
PD;11206;CODACIDE;1.337,50;;
PD;11206;BAGNANTE CODACIDE x 2,5 lt;335,00;;
PD;11206;BAGNANTE CODACIDE x 10 lt;120,00;;
PD;11206;CODACIDE X 2,5;27,50;;
PD;11212;BATKUR;37,00;;
PD;11223;GALIGAN 500 SC;4,00;;
PD;11231;CAPTANE 80 DF;290,00;;
PD;11243;LEOPARD 5 EC x 1 lt;6.519,00;;
PD;11243;LEOPARD 5 EC;2.195,00;;
PD;11243;LEOPARD 5 EC x 5 lt;1.945,00;;
PD;11243;LEOPARD 5 EC X LT.5;680,00;;
PD;11243;LEOPARD 5 EC  X LT.1;181,00;;
PD;11243;LEOPARD 5 EC X1;77,00;;
PD;11243;LEOPARD  X 5LT.;60,00;;
PD;11253;CALLISTO;1.001,00;;
PD;11253;CALLISTO x 1 Lt;808,00;;
PD;11253;CALLISTO x 5 lt;465,00;;
PD;11257;COSTAR WG;29,50;;
PD;11257;COSTAR WG 750 GR;0,75;;
PD;11258;FAZOR IT x 5 kg;5,00;;
PD;11282;KEMIFAM TRIO FL;15,00;;
PD;11301;SPHERE;113,00;;
PD;11301;SPHERE SC X 1;19,00;;
PD;11301;SPHERE SC LT. 1 (2  XN);3,00;;
PD;11313;PROXAN SL LT.1;61,00;;
PD;11313;PROXAN SL;42,00;;
PD;11338;FUGRAN;211,00;;
PD;11341;STARANE GOLD;1.033,00;;
PD;11341;STARANE GOLD x 1 lt;596,00;;
PD;11341;STARANE GOLD  X1;34,00;;
PD;11345;ZOLVIS 80 WDG;352,00;;
PD;11353;FUSILADE MAX;1.002,00;;
PD;11353;FUSILADE MAX x 5 lt;105,00;;
PD;11353;FUSILADE MAX x 1 lt;54,00;;
PD;11353;FUSILADE MAX LT 5;10,00;;
PD;11359;SARCAP 800;135,00;;
PD;11360;GRIP 25;67,45;;
PD;11360;GRIP 25 500 ML;34,50;;
PD;11360;GRIP 25 ML 500;11,50;;
PD;11360;GRIP 25 50 ML;2,15;;
PD;11360;GRIP 25 ML 50;1,70;;
PD;11382;GARDENE PLUS;40,00;;
PD;11390;VITENE TRIPLO BLU;16,00;;
PD;11393;BEETLE;171,00;;
PD;11393;BEETLE (LT);19,50;;
PD;11393;BEETLE LT.1;7,00;;
PD;11396;WIRK;9,00;;
PD;11402;MELODY COMBI;1.250,00;;
PD;11403;MELODY COMPACT;2.725,00;;
PD;11403;MELODY COMPACT PVALK;40,00;;
PD;11403;MELODY COMPACT x 10 kg;30,00;;
PD;11403;MELODY COMPACT x 1 kg;13,00;;
PD;11416;OVIPRON TOP x 5 lt;460,00;;
PD;11416;OVIPRON TOP;270,00;;
PD;11416;OVIPRON TOP x 1 lt;225,00;;
PD;11416;OVIPRON TOP x 20 lt;100,00;;
PD;11418;ROUNDUP 450 PLUS;71,00;;
PD;11435;FLORANET;34,00;;
PD;11437;MELODY TRIO         PB X 1;6,00;;
PD;11448;KICKER;207,00;;
PD;11449;GARDOPRIM GOLD x 20 lt;2.500,00;;
PD;11449;GARDOPRIM GOLD x 5 lt;2.005,00;;
PD;11449;GARDOPRIM GOLD;1.060,00;;
PD;11479;BRANCHER DIRADO;33,00;;
PD;11497;CRITTOVIT WG x 20 kg;6.180,00;;
PD;11499;BUSTER;6,60;;
PD;11505;READY GERMIPLUS;105,00;;
PD;11505;READY GERMIPLUS X KG.7;35,00;;
PD;11523;SEPRADINA SC;266,25;;
PD;11525;FUNGIDINA;390,60;;
PD;11525;ZAPI BOLLA FUNGIDINA LT 0,5;28,00;;
PD;11526;SULTAN;397,00;;
PD;11526;SULTAN x 1 lt;122,00;;
PD;11526;SULTAN X LT.1;5,00;;
PD;11527;PYRINEX QUICK;309,79;;
PD;11527;PYRINEX OUICK;134,00;;
PD;11527;PYRINEX QUICK x 1 lt;50,00;;
PD;11527;PYRINEX QUICK ML 100;0,90;;
PD;11551;ISOMATE C.PLUS (CARPOCAPSA);2,50;;
PD;11551;ISOMATE C PLUS;1,14;;
PD;11560;REGALIS;15,50;;
PD;11560;REGALIS x 1 kg;1,00;;
PD;11561;NEEMAZAL T/S 75 ML;6,75;;
PD;11561;NEEM AZAL-T/S x 1 lt;5,00;;
PD;11561;NEEM AZAL-T/S x 5 lt;5,00;;
PD;11561;NEEMAZAL T/S;1,98;;
PD;11561;NEEMAZAL-T/S;0,16;;
PD;11566;ZOLFO 80 WP 1 KG;24,00;;
PD;11566;ZOLFO WP80;19,00;;
PD;11566;ZOLFO 80 WP;11,00;;
PD;11569;CUPROXAT S.D.I.;657,00;;
PD;11586;TOP-AGAN;169,00;;
PD;11587;CAMBEL S;185,00;;
PD;11587;CAMBEL S X LT.1;74,00;;
PD;11587;CAMBEL S X LT.5;40,00;;
PD;11596;CALYPSO x 0,5 lt;44,50;;
PD;11596;CALYPSO;32,50;;
PD;11596;CALYPSO X 0.500;2,50;;
PD;11597;OPUS TWIN LT.1  (2  XN) ESAU.;5,00;;
PD;11600;CRUISER 350 FS;23,00;;
PD;11611;VYDATE 10L;15,00;;
PD;11614;ACTARA 25 WG;197,90;;
PD;11614;ACTARA 25 WG x 0,5 kg;77,00;;
PD;11614;ACTARA 25 WG x 0,1 kg;11,10;;
PD;11619;TIOFLOR WDG;1.745,00;;
PD;11626;PIT STOP x 1 lt;90,00;;
PD;11626;PITSTOP;25,50;;
PD;11637;CUPROFIX C DISPERSS;2.359,00;;
PD;11638;FLUORATE 1 LT;127,00;;
PD;11638;FLUORATE;119,00;;
PD;11638;FLUORATE 5 LT;25,00;;
PD;11638;FLUORATE 100 ML;2,50;;
PD;11642;PIKAR;86,25;;
PD;11649;COMMAND 36 CS x 1 lt;194,00;;
PD;11649;COMMAND 36 CS;147,00;;
PD;11649;COMMAND 36 CS x 0,25 lt;42,00;;
PD;11649;COMMAND 36 CS x 0.25 Lt;2,25;;
PD;11649;COMMAND 36 CS X LT.1;2,00;;
PD;11649;COMMAND 36CS X LT 0.25;0,75;;
PD;11653;FOLIO GOLD 537,5 SC;257,00;;
PD;11653;FOLIO GOLD 537,5 SC x 1 lt;24,00;;
PD;11653;FOLIO GOLD X 1;24,00;;
PD;11654;GRIZZLY EC;30,00;;
PD;11654;GRIZZLY EC x 1 lt;1,00;;
PD;11659;HERBITOTAL S;233,25;;
PD;11660;SHOGUN;2.212,00;;
PD;11660;SHOGUN X 1;31,00;;
PD;11668;PLENUM 50 WG;5,40;;
PD;11668;PLENUM 50 WG X 0,200;3,20;;
PD;11678;ACTELLIC 2P NEWPHARM;2.856,00;;
PD;11678;ACTELLIC 2 P (Newpharm);2,00;;
PD;11678;ACTELLIC 2P X 1;2,00;;
PD;11687;ACTELLIC 5 NEWPHARM;41.775,00;;
PD;11690;GOAL 480 SC;15,50;;
PD;11693;LASER;102,80;;
PD;11693;LASER x 0,5 lt (Spinosad);43,50;;
PD;11693;LASER x 0,25 lt (Spinosad);4,50;;
PD;11693;LASER 100 ML;0,20;;
PD;11694;CONSERVE SC;0,37;;
PD;11696;ARID;7,00;;
PD;11698;MINUET;29,00;;
PD;11702;REMUS  L 1 LT;12,00;;
PD;11732;ALLEATO 80 WG x 5 kg;610,00;;
PD;11732;ALLEATO 80 WG;100,00;;
PD;11735;DELICIA CONTRA-LUMACHE;29,40;;
PD;11752;ENVIDOR 240 SC;1,00;;
PD;11760;POLITHIOL;320,00;;
PD;11773;DIMISTAR 40 ST;13,00;;
PD;11774;FORCE 20 CS;170,00;;
PD;11779;KOP-TWIN;30,00;;
PD;11786;AQ 10 WG;0,01;;
PD;11793;XENTARI;391,50;;
PD;11794;PRESSING 500 X 0,75 (AVADEX FACTOR);13,00;;
PD;11794;PRESSING 500;7,75;;
PD;11796;GLIFAST;90,60;;
PD;11802;TETRACAP 80 DG;14,00;;
PD;11814;SPADA 200 EC;154,75;;
PD;11821;WEEDAZOL TL x 5 lt;120,00;;
PD;11821;WEEDAZOL TL X 5;65,00;;
PD;11821;WEEDAZOL TL;40,00;;
PD;11857;MIDAURIL COMBI;60,00;;
PD;11862;LOBBY;14,00;;
PD;11866;AGRO-OIL;6,00;;
PD;11872;RIFLE 4-24 R;694,00;;
PD;11883;CURIT L.ELECTIS X 10;10,00;;
PD;11885;ELICIO;83,00;;
PD;11908;VENTUREX 35 L;26,45;;
PD;11908;VENTUREX 35 L 250 ML;2,75;;
PD;11908;VENTUREX 35 L ML 200;1,80;;
PD;11931;MANZEB 75 WG;204,00;;
PD;11944;ASPECT;1.020,00;;
PD;11954;TERMINAL DUO;296,00;;
PD;11955;ACROBAT MZ WG x 1 kg;4,00;;
PD;11964;POLTIGLIA CAFFARO 20 GD;730,00;;
PD;11964;POLTIGLIA CAFFARO 20 GD X 10;260,00;;
PD;11979;BORDO 20 MICRO;123,90;;
PD;11991;NEEMIK;108,00;;
PD;12010;TUAREG;5.824,00;;
PD;12010;TUAREG x 1 lt;1.642,00;;
PD;12010;TUAREG x 5 lt (+HARMONY x 50 gr);1.115,00;;
PD;12010;TUAREG X 1;504,00;;
PD;12010;TUAREG x 5 lt;495,00;;
PD;12010;TUAREG X 5;325,00;;
PD;12010;TUAREG  X5;5,00;;
PD;12017;COSMOS X 1;14,00;;
PD;12020;SUCCESS;4,65;;
PD;12020;SUCCESS x 1 lt;3,00;;
PD;12020;SUCCESS 50 ML;0,60;;
PD;12020;SUCCESS 10 ML;0,12;;
PD;12022;SPADA WDG x 1 kg;130,00;;
PD;12023;MEGIC 240;65,00;;
PD;12023;MEGIC LT 1;16,00;;
PD;12030;SNOW x 1 lt;2,00;;
PD;12037;CAMIX x 5 lt;4.630,00;;
PD;12037;CAMIX;275,00;;
PD;12040;BORDOFLOW;3,00;;
PD;12043;PREVICUR ENERGY x 5 lt;80,00;;
PD;12043;PREVICUR ENERGY x 1 lt;66,00;;
PD;12043;PREVICUR ENERGY;40,20;;
PD;12043;BAYER PREVICUR ENERGY 50 ML;14,00;;
PD;12043;PREVICUR ENERGY 50 ML;0,15;;
PD;12048;TIOSOL 80 WG;5.725,30;;
PD;12060;FOX;108,00;;
PD;12067;CIPER;2,06;;
PD;12068;TEFLUSTAR;6.554,40;;
PD;12068;TEFLUSTAR x 10 kg;1.800,00;;
PD;12068;TEFLUSTAR 1 KG;20,00;;
PD;12068;BAYER TEFLUSTAR GRANULARE KG 1;8,00;;
PD;12069;EPIK;85,91;;
PD;12069;EPIK x 2 kg;2,00;;
PD;12083;DANADIM PROGRESS ST;16,50;;
PD;12084;GALEO;10,50;;
PD;12096;POLTIGLIA DISPERSS;18.958,00;;
PD;12096;POLTIGLIA DISPERSS x 15 kg;6.975,00;;
PD;12096;POLTIGLIA DISPERSS x 1 kg;88,00;;
PD;12100;ASSET;283,00;;
PD;12100;ASSET x 1 lt;94,00;;
PD;12106;TALENDO  x 1;40,00;;
PD;12114;AUXIGER LG;11,00;;
PD;12133;JUVINAL 10 EC;14,25;;
PD;12136;VERITAS X 5;95,00;;
PD;12136;VERITAS X 1;21,00;;
PD;12136;VERITAS;8,00;;
PD;12138;R6 ERRESEI TREVI;676,00;;
PD;12138;R6 ERRESEI TREVI X 1;5,00;;
PD;12138;ERRESEI TREVI;2,00;;
PD;12170;HELIOCUIVRE;110,00;;
PD;12172;KOL FERRAMOL 1 KG ESCA LUMACHICIDA;112,00;;
PD;12172;FERRAMOL 1 KG;85,00;;
PD;12172;FERRAMOL;46,50;;
PD;12172;KOL FERRAMOL 500 GR ESCA LUMACHICID;42,50;;
PD;12174;V.I.P. FLOW;304,00;;
PD;12174;V.I.P. FLOW (LT);22,00;;
PD;12177;VITTORIA 24 SC;6,80;;
PD;12180;NIK WDG;36,00;;
PD;12200;SILBOT R x 10 kg;1.880,00;;
PD;12206;GLUTEX CU 90 1 LT;19,00;;
PD;12212;PENTHIUM EC;157,05;;
PD;12212;PENTHIUM EC LT.1;5,00;;
PD;12215;VEBIPHOS 7,5;142,00;;
PD;12215;VEBIPHOS 7,5 KG 1;14,00;;
PD;12225;TEPPEKI;26,63;;
PD;12225;TEPPEKI x 0,5 kg;3,50;;
PD;12225;TEPPEKI X GR.500;0,50;;
PD;12225;TEPPEKI x 100 gr;0,40;;
PD;12225;TEPPEKI 10 GR;0,07;;
PD;12243;MANTIR DG;589,00;;
PD;12243;MANTIR DG x 25 kg;425,00;;
PD;12243;MANTIRDG;200,00;;
PD;12245;ROUNDUP POWER;232,00;;
PD;12245;ROUNDUP 360 POWER;179,00;;
PD;12245;ROUNDUP 360 POWER x 20 lt;140,00;;
PD;12263;VONDOZEB DG;775,00;;
PD;12263;VONDOZEB DG x 20 kg;280,00;;
PD;12285;FORUM GOLD;190,00;;
PD;12297;TRIBASE TWIN;332,25;;
PD;12298;GUNNER SC x 1 lt;10,00;;
PD;12314;SCORE HOBBY 20 ML;0,22;;
PD;12314;SCORE HOBBY;0,08;;
PD;12315;ORTIVA HOBBY;1,27;;
PD;12318;VIVER X LT.5;285,00;;
PD;12318;VIVER;11,00;;
PD;12319;KRONOS;24,00;;
PD;12323;VEBIZOLFO WG;153,00;;
PD;12325;MESUROL M PLUS;187,20;;
PD;12330;DEDALUS SE;1,85;;
PD;12344;VEBITHRIN 5 EC;54,40;;
PD;12344;VEBITHRIN 5 EC ML 250;9,50;;
PD;12344;VEBITHRIN 5 EC ML 100;2,30;;
PD;12361;ALGEDI;38,60;;
PD;12361;ALGEDI x 200 gr;26,00;;
PD;12361;ALGEDI  x 0,200 Kg;0,20;;
PD;12368;CARPOSTOP;5,00;;
PD;12375;SUGAR 500 SC;1.239,00;;
PD;12375;SUGAR 500 SC x 5 lt;475,00;;
PD;12375;SUGAR 500 SC X 5;25,00;;
PD;12381;NU FILM P x 1 lt;17,00;;
PD;12383;RIDOMIL GOLD MZ PEPITE;3.386,00;;
PD;12383;FLARE GOLD MZ PEPITE x 5 kg;335,00;;
PD;12383;RIDOMIL GOLZ MZ PEPITE;119,00;;
PD;12383;RIDOMIL GOLD MZ PEPITE x 1 kg;98,00;;
PD;12383;RIDOMIL GOLD MZ PEPITE x 5 kg;80,00;;
PD;12391;FUEGO;15,00;;
PD;12393;COPPERCIM WG;1,00;;
PD;12394;AGRO METAZACHLOR;5,00;;
PD;12395;CUTRIL TOP;960,00;;
PD;12399;GANZO;44,00;;
PD;12406;PLIS X LT.0,5;19,00;;
PD;12406;PLIS;2,50;;
PD;12437;DELAN 70 WG;962,00;;
PD;12437;DELAN 70 WG x 1 kg;421,00;;
PD;12437;DELAN 70 WG x 5 kg;10,00;;
PD;12452;EQUIP x 5 lt;530,00;;
PD;12452;EQUIP x 1 lt;492,00;;
PD;12452;EQUIP;320,00;;
PD;12452;EQUIP LT5;35,00;;
PD;12453;MILDICUT;1.847,00;;
PD;12459;VOLCAN SC;55,00;;
PD;12461;FINALSAN ERBICIDA PROFESSIONAL;67,00;;
PD;12461;KOL FINALSAN ERBICIDA PROF. 1 LT.;62,00;;
PD;12471;AKTOR TRIPLO BLU;50,00;;
PD;12482;LUMAX;19.700,00;;
PD;12482;LUMAX x 20 lt;6.300,00;;
PD;12482;LUMAX x 5 lt;2.110,00;;
PD;12482;LUMAX  X 20 LT;420,00;;
PD;12482;LUMAX x 5;290,00;;
PD;12482;LUMAX X LT.5 *;185,00;;
PD;12482;LUMAX X LT.20 *;180,00;;
PD;12489;DIFCOR 250;39,00;;
PD;12491;CIPERTHRIN PLUS x 1 lt;240,00;;
PD;12491;CIPERTHRIN PLUS;13,00;;
PD;12491;CIPERTHRIN PLUS x 0,25 lt;9,00;;
PD;12504;FLOWBRIX;4.433,00;;
PD;12505;FLOWBRIX BLU;228,00;;
PD;12514;VIPER;5,00;;
PD;12519;CORSARIO;124,00;;
PD;12522;METRO;47,00;;
PD;12528;CABRIO TOP;110,00;;
PD;12529;TUCANA;1,00;;
PD;12534;FOXTAIL;359,70;;
PD;12534;FOXTAIL  x  lt 1;212,00;;
PD;12534;FOXTAIL ML.250;87,00;;
PD;12534;FOXTAIL 1 LT;56,00;;
PD;12534;FOXTAIL LT.1;38,00;;
PD;12534;FOXTAIL 250 ML;20,25;;
PD;12534;KOL FOXTAIL ML.250;9,75;;
PD;12540;REGRAN SL;20,00;;
PD;12556;IVORY;2,00;;
PD;12566;PYGANIC 1.4;79,19;;
PD;12566;PYGANIC 1,4;1,10;;
PD;12566;PYGANIC 1.4 x 1 lt;1,00;;
PD;12573;EKO OIL SPRAY x 1 lt;1.750,00;;
PD;12573;EKO OIL SPRAY;596,50;;
PD;12573;EKO OIL SPRAY x 5 lt;50,00;;
PD;12573;EKO OIL X 1;37,00;;
PD;12573;EKO OIL x 5 Lt;15,00;;
PD;12574;ICARUS EW;40,00;;
PD;12578;RANMAN TWIN PACK X 1,75;8,75;;
PD;12590;DIASTAR MAXI;1.890,00;;
PD;12590;DIASTAR MAXI x 10 kg;590,00;;
PD;12598;GRANSTAR POWER SX;194,02;;
PD;12598;GRANSTAR POWER SX x 1,090 Kg;110,09;;
PD;12622;QUANTUM;1.356,50;;
PD;12622;QUANTUM x 0,5 kg;574,00;;
PD;12622;QUANTUM X 0,5;15,50;;
PD;12625;EFUZIN 355 SC x 1 lt;186,00;;
PD;12625;EFUZIN 355 SC;76,00;;
PD;12625;EFUZIN 355SC;17,00;;
PD;12627;DANADIM 400 ST;59,00;;
PD;12627;DANADIM 400 ST x 1 lt;41,00;;
PD;12627;DANADIM 400 ST (LT);3,00;;
PD;12628;SERENADE MAX x 1;10,00;;
PD;12628;SERENADE MAX;4,00;;
PD;12628;SERENADE MAX x 1 kg;1,00;;
PD;12629;BUGGY 360 SG N.E.T.;247,00;;
PD;12636;QUASAR 6/24 R;1.039,00;;
PD;12642;TRATON SX;3,57;;
PD;12647;GLITTER;311,00;;
PD;12647;GLITTER LT.1;18,00;;
PD;12650;NUPRID 200 SL;0,99;;
PD;12659;IMIDAN EC;4,00;;
PD;12661;NEXOL 10 WDG;15,00;;
PD;12670;RISOLUTIV SL;2.146,00;;
PD;12671;HARMONY 50 SX;127,41;;
PD;12671;HARMONY 50 SX x 20 gr;38,26;;
PD;12671;HARMONY 50 SX x 50 gr (+TUAREG x 5);11,05;;
PD;12671;HARMONY 50 SX x 50 gr;9,25;;
PD;12671;HARMONY 50 SX x 16 gr;4,54;;
PD;12671;HARMONY 50 SX X GR.50;2,75;;
PD;12671;HARMONY 50 SX X  GR.16;1,98;;
PD;12671;HARMONY 50 SX X GR.20;1,98;;
PD;12671;HARMONY 50 SX x 0,016 Kg;1,79;;
PD;12671;HARMONY 50 SX x 0,020 Kg;1,04;;
PD;12686;CHAMAN;29,00;;
PD;12692;KOL SPRUZIT BIO INSETTICIDA C.500ML;40,00;;
PD;12692;SPRUZIT INSETTICIDA;4,00;;
PD;12696;TEBUZOL S DISPERSS;470,00;;
PD;12714;KELLY R  DF  X 10;40,00;;
PD;12722;OSSICLOR 20 FLOW;1.216,00;;
PD;12723;OSSICLOR 20 BLU FLOW;500,00;;
PD;12730;BATER;20,00;;
PD;12734;JUPITER R DF;758,60;;
PD;12734;JUPITER R DF X 10;50,00;;
PD;12737;AIRONE PIU';2.731,00;;
PD;12737;AIRONE PIU' wg X KG.1;39,00;;
PD;12737;AIRONE PI  WG x 10 kg;30,00;;
PD;12738;KING 360 HP;125,00;;
PD;12747;CUPRAVIT BLU WG;32,20;;
PD;12747;RAMETTE;4,50;;
PD;12756;DICOTEX;70,90;;
PD;12756;BAYER DICOTEX 100 ML;14,00;;
PD;12759;OSSICLOR 35 WG;3.333,10;;
PD;12759;ZAPI OSSICLOR 35 WG 200 GR.;6,00;;
PD;12763;PYGRAIN;2.691,50;;
PD;12768;SPINTOR FLY;15,25;;
PD;12768;SPINTOR FLY x 1 lt;11,00;;
PD;12770;ALAR 85 GOLD x 1 kg;15,00;;
PD;12770;ALAR 85 GOLD;12,00;;
PD;12778;PASTA SIAPA F NC LT.10;340,00;;
PD;12779;RAMEDIT COMBI WG x 1 kg;4.436,00;;
PD;12779;RAMEDIT COMBI WG x 10 kg;3.670,00;;
PD;12780;PASTA SIAPA F BLU LT.10;240,00;;
PD;12780;PASTA SIAPA F BLU LT.1;6,00;;
PD;12784;FARO WG;9,00;;
PD;12788;ADIGOR;42,00;;
PD;12793;ZOLFO AFEPASA 80 WG x 25;400,00;;
PD;12806;FEDOR;491,00;;
PD;12806;FEDOR x 1 kg;230,00;;
PD;12806;FEDOR X 1;10,00;;
PD;12808;GLOBAL SC;0,85;;
PD;12813;AMISTAR XTRA;297,00;;
PD;12813;AMISTAR XTRA x 1 lt;97,00;;
PD;12813;AMISTAR XTRA x 5 lt;35,00;;
PD;12813;AMISTAR XTRA X 1;9,00;;
PD;12824;MERLIN EXPERT;371,00;;
PD;12824;MERLIN EXPERT  x 1;3,00;;
PD;12828;SITOFEX;3,00;;
PD;12831;INSIGNIA;7,00;;
PD;12832;OPERA x 1 lt;285,00;;
PD;12832;OPERA;281,00;;
PD;12832;OPERA X 1;4,00;;
PD;12837;ARIUS SYSTEM PLUS;359,00;;
PD;12837;ARIUS SYSTEM PLUS x 1 lt;342,00;;
PD;12837;ARIUS SYSTEM PLUS x 5 lt;85,00;;
PD;12837;ARIUS SYSTEM PLUS X 1;4,00;;
PD;12843;CHECKMATE CM-F;17,74;;
PD;12844;CHECKMATE OFM-F;5,46;;
PD;12849;BENPROP PRO;603,00;;
PD;12849;BENPROP PRO X LT.1;32,00;;
PD;12850;PRADO;3,00;;
PD;12856;CUPRORAM 25 FLOW;281,00;;
PD;12857;PROREX;9,50;;
PD;12857;PROREX x 0,5 lt;5,50;;
PD;12858;PRODIGY;6,00;;
PD;12858;PRODIGY x 1 lt;2,00;;
PD;12859;BORNEO;3,22;;
PD;12859;BORNEO X 0,500;0,50;;
PD;12859;BAYER BORNEO ACARICIDA ML 40;0,20;;
PD;12859;BORNEO 40 ML;0,20;;
PD;12859;BORNEO 5 ML;0,11;;
PD;12859;BAYER BORNEO ACARICIDA ML 5;0,03;;
PD;12860;MILBEKNOCK;2,00;;
PD;12862;CANTUS;106,00;;
PD;12862;CANTUS x 1 kg;4,00;;
PD;12863;FLORAMITE 240 SC;3,00;;
PD;12865;DANTOP 50 WG;25,00;;
PD;12865;DANTOP 50 WG x 0,200;1,20;;
PD;12866;COLLIS;118,00;;
PD;12866;COLLIS x 1 lt;51,00;;
PD;12866;COLLIS X 1;14,00;;
PD;12868;BELLIS;51,00;;
PD;12868;BELLIS x 1 kg;14,00;;
PD;12869;SIGNUM;1.024,00;;
PD;12869;SIGNUM x 1 kg;202,00;;
PD;12869;SIGNUM X KG1;2,00;;
PD;12878;RIDOMIL GOLD COMBI PEPITE;7.187,00;;
PD;12878;RIDOMIL GOLD COMBI PEPITE x 5 kg;295,00;;
PD;12878;RIDOMIL GOLD COMBI PEPITE x 1 kg;101,00;;
PD;12878;RIDOMIL GOLD PEPITE;70,00;;
PD;12880;ATLANTIS WG;30,00;;
PD;12880;ATLANTIS WG GR, 500;12,00;;
PD;12881;HUSSAR MAXX;39,00;;
PD;12881;HUSSAR MAX X 0.600;2,40;;
PD;12881;HUSSARMAXX;0,60;;
PD;12883;PROSPER 300 CS;2.505,00;;
PD;12883;PROSPER 300 CS x 1 lt;327,00;;
PD;12883;PROSPER 300 CS X 1;36,00;;
PD;12883;PROSPER 300 CS (LT);8,00;;
PD;12884;BATAM;106,00;;
PD;12886;KARATHANE STAR;478,00;;
PD;12886;KARATHANE STAR x 1 lt;53,00;;
PD;12886;KARATHANE STAR X 1;7,00;;
PD;12888;LEPINOX PLUS;181,00;;
PD;12888;LEPINOX PLUS x 1 kg;80,00;;
PD;12889;PICKER SC ML.200;4,00;;
PD;12889;PICKER SC;0,60;;
PD;12903;DOLESE WG;265,40;;
PD;12904;BRAITEX;15,00;;
PD;12916;CYMONE 25 WP;72,00;;
PD;12920;AGORA SC x 1 lt;6,00;;
PD;12924;JUPITER WG;1.157,00;;
PD;12924;JUPITERWG;43,00;;
PD;12924;JUPITER WG  1 KG;8,00;;
PD;12933;MOXYL 20 WP x 1 kg;162,00;;
PD;12933;MOXYL 20 WP;89,00;;
PD;12933;MOXYL 20  WP x 1;14,00;;
PD;12940;KARATE ZEON 1.5;1.380,50;;
PD;12940;KARATE ZEON 1.5 x 1 Lt;487,00;;
PD;12940;KARATE ZEON 1,5;32,00;;
PD;12940;KARATÉ ZEON 1.5;14,00;;
PD;12972;GLYFOS DAKAR;450,00;;
PD;12973;GLYFOS RAPID;305,00;;
PD;12994;VIVER ELITE WG;37,00;;
PD;13005;PROMAG;0,05;;
PD;13012;FOLVIT 80 WDG x 5 kg;2.145,00;;
PD;13020;MICRORAM 35 WG;15,00;;
PD;13025;MYSTIC 250 EW;53,00;;
PD;13025;MYSTIC 250 EW x 1 lt;18,00;;
PD;13039;POTCLEAN 2G;246,00;;
PD;13039;POTCLEAN 2G X KG.10;80,00;;
PD;13039;POTCLEAN 2G 10 KG;50,00;;
PD;13042;MICRORAM 20 FLOW;3,00;;
PD;13049;SULCOGAN;437,00;;
PD;13055;MACHO;31,00;;
PD;13061;BIOBIT DF;96,00;;
PD;13062;DIPEL DF x 1 kg;223,00;;
PD;13063;REGULEX 10 SG;0,60;;
PD;13064;VITENE ULTRA SC;75,00;;
PD;13065;DOMARK 125;126,25;;
PD;13068;NEORAM WG;1.729,00;;
PD;13071;SIAFEN x 0,5 lt;125,00;;
PD;13072;MANNIX;14,50;;
PD;13081;NISSORUN;2,50;;
PD;13084;TELDOR PLUS x 1 lt;218,00;;
PD;13084;TELDOR PLUS;216,80;;
PD;13084;TELDOR PLUS x 5 lt;20,00;;
PD;13084;TELDOR PLUS  X1;9,00;;
PD;13084;TELDORPLUS;7,00;;
PD;13084;BAYER TELDOR PLUS ML 100;1,90;;
PD;13087;TASIS;13,00;;
PD;13093;STOMP AQUA;2.976,00;;
PD;13093;STOMP AQUA x 5 lt;1.005,00;;
PD;13093;STOMP AQUA x 1 lt;775,00;;
PD;13093;STOMP AQUA 5L*;350,00;;
PD;13093;STOMP AQTJA;337,00;;
PD;13093;STOMP AQUA x 10 lt;90,00;;
PD;13093;STOMP AQUA X1;66,00;;
PD;13093;STOMP AQUA 1L*;20,00;;
PD;13093;STOMP AQUA  1 LT;5,00;;
PD;13093;STOMP AQUA LT 1;2,00;;
PD;13098;ROUNDUP POWER 2.0;19.341,00;;
PD;13098;ROUNDUP POWER 2.0 X 20;780,00;;
PD;13098;ROUNDUP POWER 2.0 X 5;415,00;;
PD;13104;ALGOR PLATIN x 10 LT;10,00;;
PD;13104;ALGOR PLATIN;5,00;;
PD;13106;IKANOS x 1 lt;2.172,00;;
PD;13106;IKANOS x 5 lt;400,00;;
PD;13108;CURAME BORDEAUX;933,00;;
PD;13111;THIOCUR FORTE;402,10;;
PD;13111;THIOCUR FORTE  X 1;41,00;;
PD;13111;THIOCUR FORTE x 1 lt;23,00;;
PD;13116;MEDOR 35 CLASS;174,50;;
PD;13120;MYSTIC 430 SC x 1 lt;304,00;;
PD;13126;CABRIO DUO;296,00;;
PD;13126;CABRIO DUO x 5 lt;140,00;;
PD;13126;CABRIO DUO x 1 lt;65,00;;
PD;13126;CABRIO DUO X 1;29,00;;
PD;13127;VALIS F;200,00;;
PD;13127;VALIS F KG.5 (2  XN);10,00;;
PD;13128;GOLTIX 50 WG;1.089,00;;
PD;13128;GOLTIX 50 WG X 1;464,00;;
PD;13128;GOLTIX 50 WG X 5;70,00;;
PD;13133;NIBER 35 WG x 0,5 kg;1,00;;
PD;13140;POLTIGLIA BORDOLESE 20 D.F. AGRISYS;670,00;;
PD;13143;MEZENE WG;828,00;;
PD;13143;MEZENE WG X KG.5;85,00;;
PD;13149;POLTIGLIA MANICA 20 WG;2.291,00;;
PD;13150;CURAME 35 WG;668,00;;
PD;13152;OPTIX R DISPERSS x 10 kg;60,00;;
PD;13152;OPTIX R DISPERSS x 1 kg;34,00;;
PD;13153;BANVEL S x 1 lt;1.758,00;;
PD;13153;BANVEL S x 5 lt;695,00;;
PD;13154;MONDAK 480 S;6,00;;
PD;13158;REMEDIER;26,00;;
PD;13160;FORUM TOP x 10 kg;270,00;;
PD;13160;FORUM TOP;180,00;;
PD;13167;POMARSOL 80 WG;810,00;;
PD;13167;POMARSOL 80 WG *;30,00;;
PD;13167;POMARSOL 80 WG X 1;8,00;;
PD;13168;LAUDIS x 5 lt;5.185,00;;
PD;13168;LAUDIS;3.421,00;;
PD;13168;LAUDIS x 1 lt;981,00;;
PD;13168;LAUDIS X LT.5;300,00;;
PD;13168;LAUDIS X 1;77,00;;
PD;13168;LAUDIS X LT.1;75,00;;
PD;13168;LAUDIS X5;60,00;;
PD;13169;CYTHRN L;0,20;;
PD;13179;PLAYER COMBI SC;4,00;;
PD;13185;SIATTOL;14,25;;
PD;13186;TITUS MAIS EXTRA;55,04;;
PD;13186;TITUS MAIS EXTRA x 160 gr;8,80;;
PD;13186;TITUS MAIS EXTRA 160 GR. JAR;1,44;;
PD;13186;TITUS  MAIS EXTRA DA GR.160;0,64;;
PD;13205;ZOLFO MANICA SCORREVOLE DOPPIO RAFF;4.696,00;;
PD;13205;ZOLFO SCORR.DOPP.RAF. x 25 kg;3.075,00;;
PD;13205;ZOLFO MANICA SCORREVOLE DOPPIO RAFFINATO;325,00;;
PD;13211;ZOLFO VENTILATO SCORREVOLE 96%;593,00;;
PD;13212;CONFIDOR 200 O-TEQ;22,50;;
PD;13212;CONFIDOR 200 O-TEQ 500 ML;5,50;;
PD;13212;CONFIDOR 200 0-TEQ ML 500;4,00;;
PD;13212;CONFIDOR 200 O-TEQ x 0,5 lt;2,00;;
PD;13212;CONFIDOR 200 O-TEQ x 1 lt;1,00;;
PD;13212;CONFIDOR 200 O-TEQ x 0,2 lt;0,20;;
PD;13213;R6 ERRESEI ALBIS;6.673,00;;
PD;13213;R6 ERRESEI ALBIS x 10 kg;440,00;;
PD;13213;R6 ERRESEI ALBIS x 1 kg;171,00;;
PD;13213;R6 ALBIS KG1;94,00;;
PD;13213;R6 ERRESEI ALBIS X 10;60,00;;
PD;13213;R6 ERRESEI ALBIS X1;58,00;;
PD;13213;R6 ERRESEI ALBIS 1 KG;15,00;;
PD;13213;R6 ALBIS KG 1;5,00;;
PD;13213;R6 ERRESEIALBIS;2,00;;
PD;13218;FINALSAN PLUS PROF. X LT.20;200,00;;
PD;13218;FINALSAN PLUS 10 LT;60,00;;
PD;13218;FINALSAN PLUS PROF. X LT.10;40,00;;
PD;13222;DUOKAR 4,5 EW PRO;215,00;;
PD;13225;FRISBEE;1,00;;
PD;13236;BULLET;1.191,00;;
PD;13237;TREND AS;121,00;;
PD;13242;NICOGAN V.O.;1.267,00;;
PD;13243;CIMOTER EXTRA;3,00;;
PD;13244;ZOLFO VENTILATO STELLA;6.308,00;;
PD;13244;ZOLFO VENTILATO STELLA (KG);90,00;;
PD;13244;ZOLFO DOPPIO VENT STELLA KG 10;50,00;;
PD;13244;ZOLFO VENTILATO STELLA 1 KG;5,00;;
PD;13249;ZOLFO VENT.STELLA RAMATO 5% x 25 kg;2.300,00;;
PD;13249;ZOLFO VENTILATO STELLA RAMATO S;1.225,00;;
PD;13250;ZOLFO VENTILATO STELLA RAMATO B;1.725,00;;
PD;13252;PLAYER 250 SC;97,00;;
PD;13253;PLAYER SC;710,00;;
PD;13253;PLAYER SC  X 5 LT;160,00;;
PD;13253;PLAYER SC X 20;40,00;;
PD;13253;PLAYER SC LT.1;34,00;;
PD;13253;PLAYER SC X LT5;25,00;;
PD;13255;PLAYER GR;153,00;;
PD;13255;PLAYER GR 1 KG;9,00;;
PD;13263;BORDORAM 20 WG 500 GR;84,50;;
PD;13263;BORDORAM 20 WG;6,00;;
PD;13267;IMPERO;36,25;;
PD;13267;IMPERO X LT.1;2,00;;
PD;13285;SEVERAL;4,00;;
PD;13290;ZOLFO MANICA DOPPIO RAFFINATO VENTI;375,00;;
PD;13292;ZOLFO A&A F.ZANUCCOLI TRIV.93% x 25;1.225,00;;
PD;13296;POKER 7,5;1.876,00;;
PD;13297;TRAPPER GR;3,00;;
PD;13299;MAGIO';217,00;;
PD;13308;DICARZOL 10 SP;1,00;;
PD;13309;DRAKE 26;33,00;;
PD;13313;CASPER;69,00;;
PD;13313;CASPER x 1 kg;33,00;;
PD;13323;SULFY 80 WDG;173,50;;
PD;13323;SULFY  80 WDG;36,00;;
PD;13324;CUPRIZOL S;26,00;;
PD;13327;GRANSTAR ULTRA SX;108,80;;
PD;13327;GRANSTAR ULTRA SX x 50 gr;66,65;;
PD;13327;GRANSTAR ULTRA SX x 200 gr;40,40;;
PD;13327;GRANSTAR ULTRA SX X GR.50 *;10,35;;
PD;13327;GRANSTAR ULTRA SX x 0,050 Kg;5,30;;
PD;13329;OMNEX10EC;31,00;;
PD;13329;OMNEX 10 EC;14,00;;
PD;13332;VIP;1,00;;
PD;13348;SARCAP 80 WG;26,00;;
PD;13352;DIREX 7,5 GR;328,00;;
PD;13361;DECIS ENERGY O-TEQ;23,35;;
PD;13365;ZOLFO DOPPIO VENTILATO SCORREVOLE 95% S;80,00;;
PD;13367;DIVO;24,00;;
PD;13370;WARRANT 200 SL;28,75;;
PD;13375;NUPRID 200 SC;153,52;;
PD;13375;NUPRID 200 SC x 1 lt;48,00;;
PD;13375;NUPRID 200 SC x 0,25 lt;22,00;;
PD;13377;COLUMBUS X LT.3;18,00;;
PD;13378;ORTIVA TOP;16,00;;
PD;13382;PERGADO SC;304,50;;
PD;13382;PERGADO SC x 0,5 lt;143,00;;
PD;13382;PERGADO SC X 1 (+ ZOMINEX);39,00;;
PD;13382;PERGADO SC x 1 lt;17,00;;
PD;13382;PERGADO HI-BIO PACK HA 2;6,00;;
PD;13382;PERGADO SC X1;6,00;;
PD;13382;PERGADO SC  x0.5;4,00;;
PD;13385;PROLINE  x 1;1,00;;
PD;13386;PROSARO;1.953,00;;
PD;13386;PROSARO X 1;75,00;;
PD;13386;PROSARO x 1 lt;1,00;;
PD;13387;FLORAMIX x 0,530 kg;107,59;;
PD;13387;FLORAMIX;94,34;;
PD;13387;FLORAMIX X KG.0.53;7,42;;
PD;13389;AFFIRM;1.767,00;;
PD;13389;AFFIRM x 10 kg;460,00;;
PD;13389;AFFIRM x 5 kg;330,00;;
PD;13389;AFFIRM x 1 kg;191,00;;
PD;13389;AFFIRM X1;52,00;;
PD;13390;TEBUSIP 46;40,00;;
PD;13391;CYTHRIN 50 EC;48,00;;
PD;13391;CYTHRIN 50 EC 200 ML;1,80;;
PD;13402;LUMA-KL;112,50;;
PD;13403;GLOXY;1,20;;
PD;13409;SILFUR WG;680,00;;
PD;13409;SILFUR WG (80%) x 10 kg;660,00;;
PD;13409;SILFUR WG (80%) x 1 kg;64,00;;
PD;13409;SILFUR WG (80%) x 20 kg;40,00;;
PD;13410;FRUTTENE 76 WG;70,00;;
PD;13440;SATEL;5,15;;
PD;13443;FUNGIBEN;156,10;;
PD;13447;HELMSTAR 75 WG;11,07;;
PD;13451;SPARVIERO;105,00;;
PD;13451;SPARVIERO X 0.250;13,00;;
PD;13455;ANTIGRAM GOLD;1.866,00;;
PD;13455;ANTIGRAM GOLD x 5 lt;20,00;;
PD;13455;ANTIGRAM GOLD x 1 lt;12,00;;
PD;13466;SPOTLIGHT PLUS;57,00;;
PD;13466;SPOTLIGHT PLUS x 1 lt;5,00;;
PD;13468;CLINER;28,15;;
PD;13468;CLINER 250 ML;4,50;;
PD;13472;ALIEN;217,00;;
PD;13477;TOREADOR;0,04;;
PD;13482;IMIDACHEM;2,00;;
PD;13486;JUDO;129,25;;
PD;13486;JUDO X 1;11,00;;
PD;13489;CYMBAL;112,00;;
PD;13489;CYMBAL 45 WG x 0,5 kg;59,50;;
PD;13500;CIPREN 10 WG;1,80;;
PD;13505;CLICK DUO;1.123,00;;
PD;13521;HELIOCUIVRE S x 10 lt;140,00;;
PD;13521;HELIOCUIVRE S;0,80;;
PD;13522;SPIDER KILL;0,31;;
PD;13540;QUASAR R FLOW;704,75;;
PD;13547;MEXIL ORO MZ WG;453,00;;
PD;13552;ZOLVIS 80 SECTOR;10.818,00;;
PD;13555;SHUT TWIN;1.691,00;;
PD;13560;FORZA;1,00;;
PD;13565;PASTA ISAGRO BLU;38,00;;
PD;13576;RAMEPLANT WG;208,20;;
PD;13577;CARPOSAN 40 CE;140,00;;
PD;13578;RAME CAFFARO BLU WG NEW;2.188,00;;
PD;13579;COPPER 12;9,50;;
PD;13579;COPPER 12 ML 250;2,25;;
PD;13581;TIOGEL 80 WDG;113,00;;
PD;13585;SOLOFOL;15,00;;
PD;13586;VERDERAME 20 WG;101,10;;
PD;13586;VERDERAME 20WG;7,50;;
PD;13592;VOLARE;179,15;;
PD;13592;VOLARE  X 1 Lt;44,00;;
PD;13592;VOLARE x 1 lt;9,00;;
PD;13600;ZOLFO S.A.I.M. DOPPIO VENT. x 10 kg;160,00;;
PD;13600;ZOLFO S.A.I.M. DOPPIO VENT. x 25 kg;75,00;;
PD;13604;ZOLFO S.A.I.M. RAMATO 5% x 25 kg;300,00;;
PD;13604;ZOLFO S.A.I.M. RAMATO 5% KG 10;160,00;;
PD;13607;NOBIL 1 LT;11,00;;
PD;13612;BABEL 400;17,00;;
PD;13635;POLTIGLIA 20 PB MANICA;1.476,00;;
PD;13635;POLTIGLIA 20 PB MANICA 1 KG;75,00;;
PD;13635;POLTIGLIA 20PB;20,00;;
PD;13635;POLTIGLIA 20 PB MANICA KG 1;18,00;;
PD;13637;PERGADO F;254,00;;
PD;13637;PERGADO F x 5 kg;75,00;;
PD;13637;PERGADO F X 1;11,00;;
PD;13639;ACRAMITE 480 SC  x 0.25;1,25;;
PD;13639;ACRAMITE 480 SC;0,50;;
PD;13639;ACRAMITE 480 SC x 0,100 lt;0,50;;
PD;13639;ACRAMITE 480SC;0,25;;
PD;13640;IMPRINT;38,90;;
PD;13648;SIARAM 20 WG x 1 kg;1.136,00;;
PD;13648;SIARAM 20 WG x 10 kg;470,00;;
PD;13648;SIARAM 20 WG x 20 kg;340,00;;
PD;13651;SPECTRO;131,70;;
PD;13667;AFIDANE 200 SL;11,00;;
PD;13672;APHIDS 200;25,00;;
PD;13689;FLINT MAX x 0,5 kg;8,00;;
PD;13689;FLINT MAX;3,00;;
PD;13691;TRIDAN COMBI T;329,00;;
PD;13693;BACILLUS CHEMIA;17,00;;
PD;13698;VIVANDO;232,00;;
PD;13698;VIVANDO x 1 lt;102,00;;
PD;13698;VIVANDO x 0,25 lt;29,25;;
PD;13698;VIVANDO X 0.25;3,75;;
PD;13702;GEOTOX 7,5 C;1.725,50;;
PD;13702;GEOTOX 7,5 C 1 KG;24,00;;
PD;13707;IMPACT SUPREME;1.302,00;;
PD;13707;IMPACT SUPREME x 1 Lt;440,00;;
PD;13707;IMPACT SUPREME x 5 lt;425,00;;
PD;13707;IMPACT SUPREME  X 1;223,00;;
PD;13709;U 46 PRATI;71,00;;
PD;13709;U 46 PRATI x 1 lt;44,00;;
PD;13711;QUIZA 5 EC;1.901,00;;
PD;13711;OUIZA 5 EC;431,00;;
PD;13711;QUIZA 5 EC LT.1;8,00;;
PD;13719;THIAMON 80 PLUS;7.476,00;;
PD;13721;AFIDINA QUICK;440,30;;
PD;13721;AFIDINA QUICK 250 ML;6,00;;
PD;13722;CAL-EX 1.9 EC;13,00;;
PD;13722;CAL-EX 1.9 EC x 1 lt;1,00;;
PD;13736;TRACE;208,75;;
PD;13736;TRACE   x 0,750;21,75;;
PD;13742;PERGADO MZ;1.405,00;;
PD;13742;PERGADO MZ x 5 kg;165,00;;
PD;13742;PERGADO MZ X 1;60,00;;
PD;13742;PERGADO MZ x 10 kg;40,00;;
PD;13742;PERGADO MZ x 1 kg;3,00;;
PD;13743;KUKAR 22;23,00;;
PD;13743;KUKAF 22;10,00;;
PD;13765;SHERPA 100 EW;474,00;;
PD;13771;NIMROD 250 EW;269,00;;
PD;13771;NIMROD 250 EW x 1 lt;39,00;;
PD;13771;NIMROD 250 EW X 1;2,00;;
PD;13782;DOURO 10 WG;22,00;;
PD;13784;RIVIERA MZ;817,00;;
PD;13785;QUANTUM MZ;524,00;;
PD;13785;QUANTUM MZ x 5 kg;490,00;;
PD;13785;QUANTUM MZ IDRO;30,00;;
PD;13785;QUANTUM MZ x 1 kg;29,00;;
PD;13785;QUANTUM MZ (IDRO) x 1 kg;20,00;;
PD;13785;QUANTUM MZ (IDRO) x 5 kg;10,00;;
PD;13785;QUANTUM MZ X 5;5,00;;
PD;13785;QUANTUM MZ X 1;1,00;;
PD;13786;QUANTUM R;1.088,25;;
PD;13786;QUANTUM R (KG);76,00;;
PD;13786;QUANTUM R x5;25,00;;
PD;13787;RIVIERA R;510,00;;
PD;13791;GEATER-STAR;67,50;;
PD;13792;STABILAN;154,00;;
PD;13792;STABILAN LT.1 (2 XN);101,00;;
PD;13793;RUNNER M;506,00;;
PD;13794;SPADA WDG;112,00;;
PD;13801;TOUCHDOWN HOBBY;20,00;;
PD;13807;RAVENAS;38,75;;
PD;13812;NOTO 40 OD;176,00;;
PD;13813;GIBRELIN SP;1,05;;
PD;13815;TUTOR 18-15;842,00;;
PD;13817;ALIAL WG;96,00;;
PD;13817;ALIAL WG x 1 kg;8,00;;
PD;13818;ALIAL TRIPLE WP;40,00;;
PD;13820;BAYTEROID 25 EC X LT.1;120,00;;
PD;13820;BAYTEROID 25 EC;56,00;;
PD;13823;ALVERDE;16,51;;
PD;13823;AL VERDE;0,80;;
PD;13823;ZAPI DORIFERA E LEPID.ALVERDE;0,27;;
PD;13823;ZAPI DORIFORA E LEPID. ALVERDE 50 M;0,10;;
PD;13837;SILWET L-77;6,00;;
PD;13843;ZELIG 480 EC;458,00;;
PD;13843;ZELIG 480 EC X 1;35,00;;
PD;13852;DIQUA;155,00;;
PD;13857;CRODIX GEO;9.873,00;;
PD;13857;CRODIX GEO X 10;1.690,00;;
PD;13857;CRODIX GEO X KG.10;930,00;;
PD;13858;MEDIATOR EXTRA SL;17,15;;
PD;13858;MEDIATOR EXTRA SL 100 ML;1,60;;
PD;13876;APACHE;161,00;;
PD;13877;KITT PRONTO;72,50;;
PD;13885;MICROCOPP NEUTRO FL x 1 lt;763,00;;
PD;13885;MICROCOPP NEUTRO FL x 10 lt;122,00;;
PD;13888;FANTIC F NC WG;190,00;;
PD;13895;EUCRIT F PIU' x 5 kg (2  XN);45,00;;
PD;13905;BANJO;147,00;;
PD;13905;BANJO x1;10,00;;
PD;13908;BORDO ISAGRO WG;12,00;;
PD;13925;BOGARD x 0,5 lt;108,00;;
PD;13926;SPONSOR E X LT.0,5;6,00;;
PD;13926;SPONSOR;1,50;;
PD;13927;ZAMIR 18;11,00;;
PD;13934;SULFOSAT WDG KG.25;100,00;;
PD;13943;SINPHOSATE;580,00;;
PD;13943;SINPHOSATE x 20 lt;40,00;;
PD;13955;MITIGREEN;64,00;;
PD;13981;CORAGEN;348,50;;
PD;13981;CORAGEN x 0,400 (+AVAUNT)TW.P MAIS;84,40;;
PD;13981;CORAGEN x 0,300 Lt;54,90;;
PD;13981;CORAGEN X 300 ML *;9,90;;
PD;13998;PYRUS 400 SC;22,20;;
PD;14005;CLORTOSIP 500 SC;3.888,00;;
PD;14005;CLORTOSIP 500 SC x 5 lt;2.325,00;;
PD;14005;CLORTOSIP 500 SC x 1 lt;1.184,00;;
PD;14005;CLORTOSIP 500 SC  x 1 Lt;277,00;;
PD;14005;CLORTOSIP 500 SC  x 5 Lt;100,00;;
PD;14005;CLORTOSIP 500 SC X 1;11,00;;
PD;14006;INDIPENDENT 25 PB;2,00;;
PD;14018;BASIC;43,00;;
PD;14021;BREK DUO;370,00;;
PD;14023;SUPPORT 100 EC x 1 lt;74,00;;
PD;14023;SUPPORT 10 EC;2,00;;
PD;14023;SUPPOST 10 EC;2,00;;
PD;14024;PERFIL 10 WP;3,50;;
PD;14034;CURENOX TOP MICRO;33,60;;
PD;14042;SUPRAFOS EC;99,00;;
PD;14044;JOKER 480 x 1 lt;57,00;;
PD;14058;FEINZIN 70 DF;412,50;;
PD;14058;FEINZIN 70 DF X GR.250 *;67,25;;
PD;14062;ZOXIUM 240 SC;401,00;;
PD;14062;ZOXIUM240SC;10,00;;
PD;14074;TRINEX 250 EW x 1 lt;31,00;;
PD;14074;KOL TRINEX 250 EW 100 ML. PER OIDIO;26,00;;
PD;14074;KOL TRINEX 250 EW 250 ML. PER OIDIO;12,00;;
PD;14074;TRINEX 250 EW;1,70;;
PD;14076;CYPRUS 25 DF;1,30;;
PD;14077;CHAMP 20 DF;5.799,00;;
PD;14077;CHAMP 20 DF x 10 kg;1.730,00;;
PD;14078;RAMCY 44 WG (KG);50,00;;
PD;14080;MIZAR;199,00;;
PD;14098;CRITTOX GD 75 x 10 kg;2.950,00;;
PD;14099;ASPOR WDG;1.570,00;;
PD;14100;KANEMITE;2,00;;
PD;14101;CARAMBA x 1 lt;1.947,00;;
PD;14101;CARAMBA;539,00;;
PD;14101;CARAMBA X 1;66,00;;
PD;14101;CARAMBA X LT.1;10,00;;
PD;14102;BORDOFLOW NEW;949,00;;
PD;14109;NICOSH;11,00;;
PD;14119;VISIR PENCOTECH;110,50;;
PD;14127;MEVAXIL COBRE;11,75;;
PD;14128;ZIGNAL;24,00;;
PD;14130;PERSHING 44 EC;3,00;;
PD;14135;GRENADIER 75 DF;7,23;;
PD;14136;OBERON;2,00;;
PD;14137;ALTACOR;32,10;;
PD;14137;ALTACOR x 300 gr;9,00;;
PD;14137;ALTACOR X 100 GR;0,40;;
PD;14154;PIRETRO ACTIGREEN;4,56;;
PD;14154;PIRETRO ACTIGREEN 100 ML;0,10;;
PD;14155;KOMPASS x 10 kg;2.210,00;;
PD;14156;CURZATE R WG;63,00;;
PD;14158;CHLORCYRINE 550 EC;15,00;;
PD;14163;SARMOX 440 WG;118,00;;
PD;14164;TRIKA ZETA;310,00;;
PD;14165;NANDO MAXI;74,00;;
PD;14165;NANDO MAXY x 1 lt;12,00;;
PD;14166;ZETOR;63,00;;
PD;14168;SILWET VELONEX;19,00;;
PD;14168;SILWET VELONEX x 1 lt;6,00;;
PD;14169;PERGADO R;1.770,00;;
PD;14169;PERGADO R x 10 kg;580,00;;
PD;14169;PERGADO R x 5 kg;50,00;;
PD;14178;TRI-BASE;100,00;;
PD;14182;ARES 25 WG;305,00;;
PD;14187;SILWET FASTEX;0,50;;
PD;14189;NUFOS 44 EC;10,00;;
PD;14193;SARMOX 45 DG;35,00;;
PD;14195;KENDO WITH ZEON TECNOLOGY x 1 lt;245,00;;
PD;14195;KENDO WITH ZEON TECHNOLOGY;1,00;;
PD;14208;CLORPIR CE;0,10;;
PD;14214;RAPSAN 500 SC;48,00;;
PD;14240;PYR PRONTO;11,25;;
PD;14245;GOLEM;2,00;;
PD;14248;CLOR QUICK;55,45;;
PD;14248;ZAPI CLOR QUICK ML 100 UNIV.ABBATT.;6,50;;
PD;14254;BILO 7,5 C;210,00;;
PD;14257;UNDERLINE 0,2 G;780,00;;
PD;14257;UNDERLINE;10,00;;
PD;14262;GREENEX NF;36,65;;
PD;14281;BUCTRIL UNIVERSAL X 1;27,00;;
PD;14290;KOHINOR 200 SL;405,70;;
PD;14290;KOHINOR 200 SL x 1 lt;144,00;;
PD;14290;KOHINOR 200 SL x 0,25 lt;80,75;;
PD;14290;KOL KOHINOR 200SL ML.100;72,30;;
PD;14290;KOL KOHINOR 200 SL DA 5 ML;61,70;;
PD;14290;KOHINOR200SL;44,00;;
PD;14290;KOL KOHINOR 200SL ML.50;39,80;;
PD;14290;KOHINOR 200 SL  X1;11,00;;
PD;14290;KOL KOHINOR 200SL ML.1 8F;0,01;;
PD;14294;EXECUTIVE x 100 gr;7,90;;
PD;14294;EXECUTIVE;4,40;;
PD;14323;BELPROMEC;40,00;;
PD;14333;DIMILIN SC-15;24,00;;
PD;14336;NEMATHORIN 150 EC;5,00;;
PD;14342;VOLCAN COMBI SC;1.394,00;;
PD;14342;VOLCAN COMBI SC x 1 lt;275,00;;
PD;14342;VOLCAN COMBI SC x 5 lt;260,00;;
PD;14348;AGRON  X 5;20,00;;
PD;14350;ZOLFO RAMATO 5;39,00;;
PD;14368;RESOLVA 24H;53,00;;
PD;14369;RESOLVA 24H RTU;9,00;;
PD;14370;AMISTAR;6,00;;
PD;14376;MASTER QUICK;0,20;;
PD;14384;ETOPROSIP G x 15 kg;75,00;;
PD;14386;OLIONET;87,00;;
PD;14387;NERVURE SUPER;564,00;;
PD;14387;NERVURE SUPER x 1 lt;4,00;;
PD;14389;DESSICASH 200 SL x 5 lt;35,00;;
PD;14389;DESSICASH 200 SL;28,00;;
PD;14405;MERLIN FLEXX;3.198,00;;
PD;14405;MERLIN FLEXX x 10 lt;370,00;;
PD;14405;MERLIN FLEXX X LT.2;226,00;;
PD;14405;MERLIN FLEXX x 2 lt;222,00;;
PD;14405;MERLIN FLEXX X LT.10;130,00;;
PD;14405;MERLIN FLEXX  x2;70,00;;
PD;14405;MERLIN FLEXX x2;62,00;;
PD;14406;LEIMAY;167,00;;
PD;14407;RUNWAY;40,80;;
PD;14407;RUNWAY x 0,5 lt;27,50;;
PD;14407;RUNWAY X LT.0,5;2,00;;
PD;14409;MOVENTO LT.5;310,00;;
PD;14409;MOVENTO 48 SC;169,03;;
PD;14409;MOVENTO 48 SC x 1 lt;48,00;;
PD;14409;MOVENTO 48 SC x 5 lt;35,00;;
PD;14409;MOVENTO 48 SC 250 ML;5,00;;
PD;14409;MOVENTO X LT.1;3,00;;
PD;14414;DUSTY;89,80;;
PD;14414;KOL DUSTY OLIO BIANCO EMULS. 150 ML;1,80;;
PD;14418;PULSAR 40 SL;1.206,00;;
PD;14418;PULSAR 40 SL (IP) x 1 lt;648,00;;
PD;14418;PULSAR 40 SL (IP) x 5 lt;260,00;;
PD;14423;PRIMISOL 80 WDG;32,00;;
PD;14426;GEODIS;4,00;;
PD;14426;GEODIS  X 1;1,00;;
PD;14431;LENTAGRAN 45 WP;193,60;;
PD;14431;LENTAGRAN 45 WP x 1 kg;1,00;;
PD;14432;METRIC;995,00;;
PD;14462;KOBAN T;266,00;;
PD;14472;PARTNER EC;28,00;;
PD;14474;TEBUSIP COMBI;58,25;;
PD;14488;ANTRACOL 70 WG;680,00;;
PD;14488;ANTRACOL 70 WG x 10 kg;220,00;;
PD;14491;KUBIK MCZ;30,00;;
PD;14510;ELECTIS TRIO;129,00;;
PD;14510;ELECTIS TRIO PB x 10 kg;5,00;;
PD;14514;BOOSTER;171,00;;
PD;14523;CARPO 600;77,00;;
PD;14525;MAROX SX x 100 gr;38,00;;
PD;14527;SUDOKU TOP  X LT.1;6,00;;
PD;14540;SEPARO;9,00;;
PD;14559;AGREE WG;21,00;;
PD;14573;BACTOSPEINE 32 WG;95,00;;
PD;14575;TRIMMER SX;3,16;;
PD;14575;TRIMMER SX x 20 gr;0,66;;
PD;14576;CUTRIL EVO;190,00;;
PD;14577;FORUM R 3B;2.025,00;;
PD;14577;FORUM R 3B x 1 kg;1.344,00;;
PD;14577;FORUM R 3B x 10 kg;130,00;;
PD;14577;FORUM R 3 B x 10 Kg;70,00;;
PD;14577;FORUM R 3 B x 1 Kg;40,00;;
PD;14579;RAMIN 30 DF (KG);163,00;;
PD;14636;BIOLID UP;1.546,50;;
PD;14638;NETOR;1.911,00;;
PD;14640;OBOKE-SC;37,00;;
PD;14640;OBOKE-SC LT.1;1,00;;
PD;14642;RIDOMIL GOLD R WG;4.766,00;;
PD;14642;RIDOMIL GOLD R WG x 1 kg;167,00;;
PD;14642;RIDOMIL GOLD R WG  x 5;135,00;;
PD;14642;RIDOMIL GOLD R WG x 10 kg;30,00;;
PD;14642;RIDOMILGOLDRWG;11,00;;
PD;14643;CENTIUM 36 CS;169,00;;
PD;14643;CENTIUM 36 CS x 1 lt;23,00;;
PD;14643;CENTIUM 36 CS X1;11,00;;
PD;14647;VIVAL;580,00;;
PD;14650;ROGATOX 40 ST;273,00;;
PD;14664;BERELEX 40 SG (astuccio 25 gr);0,55;;
PD;14664;BERELEX 40 SG;0,28;;
PD;14682;KATANA;0,25;;
PD;14684;SUPERBO E X LT.5;40,00;;
PD;14685;ACROBAT R 3B x 10 kg;1.830,00;;
PD;14686;KOCIDE OPTI KG.5 (2  XN);15,00;;
PD;14686;KOCIDE OPTI;5,00;;
PD;14687;QUAD-GLOB 200 SL x 5 lt;625,00;;
PD;14687;QUAD-GLOB 200 SL;85,00;;
PD;14687;QUAD-GLOB 200 SL x 1 lt;16,00;;
PD;14693;VIP 80 EC X LT.0,75;13,50;;
PD;14693;VIP 80 EC x 0,75 lt;9,75;;
PD;14697;ENERVIN DUO x 1 lt;92,00;;
PD;14697;ENERVIN DUO;27,00;;
PD;14697;ENERVIN DUO X 1;7,00;;
PD;14699;GEOXE;7,00;;
PD;14699;GEOXE x 1 kg;1,00;;
PD;14728;CELIO;2,00;;
PD;14730;CHIMIGOR 40 ST;131,00;;
PD;14735;RANMAN TOP;98,50;;
PD;14735;RANMAN TOP x 2 lt;42,00;;
PD;14735;RANMAN TOP X 0,5;0,50;;
PD;14737;ROUNDUP PLATINUM;14.908,00;;
PD;14737;ROUNDUP PLATINUM LT.15;240,00;;
PD;14737;ROUNDUP PLATINUM 1 LT;200,00;;
PD;14737;ROUNDUP PLATINUM LT.5;140,00;;
PD;14737;ROUNDUP PLATINUM LT 1;41,00;;
PD;14739;DECIS PROTECT AL;17,00;;
PD;14758;KARATE WITH ZEON TECHNOLOGY 1.5 HOB;85,48;;
PD;14764;SLUXX;35,00;;
PD;14765;ELUMIS;2.043,00;;
PD;14765;ELUMIS x 5 lt;80,00;;
PD;14765;ELUMIS x 1 lt;60,00;;
PD;14766;ACTARA 240 SC x 1 lt;34,00;;
PD;14769;COMET 250 EC;377,00;;
PD;14770;MISCANTI DUO;14,00;;
PD;14772;BANDERA;35,00;;
PD;14785;DRISCOLL;58,28;;
PD;14785;DRISCOLL 50 ML;1,85;;
PD;14785;DRISCOLL 10 ML;0,09;;
PD;14792;MELODY TREVI x 8 kg;760,00;;
PD;14792;MELODY TREVI x 1 kg;267,00;;
PD;14797;SIATTOL 200 SL;26,25;;
PD;14799;AFLOR 200 SL;21,16;;
PD;14799;ZAPI AFICIDA SIST.ML.50 AFLOR 200SL;4,15;;
PD;14799;ZAPI AFICIDA SIST.ML.5 AFLOR 200SL;0,98;;
PD;14802;POSITRON TRIO WG;5,00;;
PD;14803;ELECTIS ZR;8,00;;
PD;14806;LUNA PRIVILEGE;1,00;;
PD;14807;LUZINDO;199,25;;
PD;14807;LUZINDO x 1 kg;27,00;;
PD;14807;LUZINDO x 0,25 kg;22,50;;
PD;14807;LUZINDO  X 0.250;4,75;;
PD;14809;CUPRAVIT BIO EVOLUTION x 10 kg;480,00;;
PD;14809;CUPRAVIT BIO EVOLUTION x 1 kg;75,00;;
PD;14812;ENERVIN TOP WG x 5 kg;1.350,00;;
PD;14812;ENERVIN TOP;231,00;;
PD;14812;ENERVIN TOP WG x 1 kg;221,00;;
PD;14812;ENERVIN TOP  X1;7,00;;
PD;14815;ADENGO;10.824,00;;
PD;14815;ADENGO x 10 lt;5.620,00;;
PD;14815;ADENGO x 2 lt;2.858,00;;
PD;14815;ADENGO X 2;344,00;;
PD;14815;ADENGO X LT.10;290,00;;
PD;14815;ADENGO X LT2;232,00;;
PD;14818;ACANTO;86,00;;
PD;14818;ACANTO x 1 lt;35,00;;
PD;14819;VALIS M X 1 KG;22,00;;
PD;14828;NUPRID SUPREME SC x 1 lt;90,00;;
PD;14828;NUPRID SUPREME SC;2,00;;
PD;14830;CUPROFIX ULTRA DISPERSS;25,00;;
PD;14837;GLIFOSAR FLASH;853,00;;
PD;14837;GLIFOSAR FLASH X LT.20;20,00;;
PD;14838;GALLUP BIOGRADE 360 x 20 lt;6.100,00;;
PD;14838;BARCLAY GALLUP BIOGRADE 360;660,00;;
PD;14838;GALLUP BIOGRAFE 360;160,00;;
PD;14838;GALLUP BIOGRADE 360 x 5 lt;10,00;;
PD;14844;CLUSTER 500;17,00;;
PD;14845;MYSTIC PLUS S;2.094,00;;
PD;14845;MYSTIC PLUS S x 1 kg;85,00;;
PD;14845;MYSTIC PLUS S x 10 kg;20,00;;
PD;14854;KARAMAT M;79,00;;
PD;14867;SYNERO;22,00;;
PD;14867;SYNERO  X  1;6,00;;
PD;14868;IDROX 22 NEW;597,00;;
PD;14870;COPPERLAND x 10 kg;760,00;;
PD;14872;BELLIS DRUPACEE;10,00;;
PD;14876;GRANDSTAND;161,00;;
PD;14876;GRANDSTAND 1 LT;46,00;;
PD;14876;GRANDSTAND ERBICIDA LT1;30,00;;
PD;14878;FOXTROT;99,00;;
PD;14879;LONTREL 72 SG x 150 gr;29,00;;
PD;14879;LONTREL 72 SG;8,70;;
PD;14879;LONTREL 72SG X GR.150;4,20;;
PD;14884;CORUM;4.346,00;;
PD;14884;CORUM x 1 lt;636,00;;
PD;14884;CORUM X 1;141,00;;
PD;14895;LANNATE 20 SL;91,00;;
PD;14895;LANNATE 20 SL x 1 lt;26,00;;
PD;14897;FLUROSTAR 200;11,00;;
PD;14898;POLECI;5,00;;
PD;14901;CONCORDE 125;0,70;;
PD;14909;NURELLE 5;1.280,00;;
PD;14909;NURELLE 5 x 1 lt;3,00;;
PD;14914;YSAYO x 10 lt;400,00;;
PD;14914;YSAYO;10,00;;
PD;14915;REPLAY;44,00;;
PD;14916;SILWET SPRINTEX;4,00;;
PD;14920;ZOLFO 80 WP ZOLFINDUSTRIA;1.050,00;;
PD;14921;KOHINOR OLEA;4,00;;
PD;14931;GRISÙ;48,00;;
PD;14931;GRISU;43,00;;
PD;14935;TRAXOS ONE;1.046,00;;
PD;14935;TRAXOS ONE x 5 lt;350,00;;
PD;14935;TRAXOS ONE x 1 lt;212,00;;
PD;14935;TRAXOS ONE  x 1 Lt;33,00;;
PD;14936;AMPLIGO;440,50;;
PD;14936;AMPLIGO x 1 lt;68,00;;
PD;14936;AMPLIGO x 0,5 lt;2,50;;
PD;14937;VOLIAM TARGO LT.1;24,00;;
PD;14937;VOLIAM TARGO;6,00;;
PD;14940;TAKUMI x 0,5 lt;4,00;;
PD;14940;TAKUMI;0,60;;
PD;14944;FLUXYR 200 EC;34,00;;
PD;14947;TRUSTEE 450;2,00;;
PD;14948;ACTARA HOBBY;0,48;;
PD;14951;BOTECTOR;0,40;;
PD;14966;CELEST TRIO x 200 lt;200,00;;
PD;14967;TIPTOR ULTRA;1.391,00;;
PD;14967;TIPTOR ULTRA x 5 lt;100,00;;
PD;14967;TIPTOR ULTRA x 1 lt;94,00;;
PD;14969;HOPPER 480;1.165,00;;
PD;14972;DICARZOL 50 SP;12,00;;
PD;14974;BELEM 0.8 MG;1.344,00;;
PD;14977;SORPASSO 500 FL;15,00;;
PD;14980;AFFINITY PLUS;44,00;;
PD;14980;AFFINITY PLUS X 1;8,00;;
PD;14986;OPERA NEW;1.090,00;;
PD;14986;OPERA NEW x 5 lt;155,00;;
PD;15005;FONTELIS X LT.1;20,00;;
PD;15005;FONTELIS;1,00;;
PD;15006;TRAXOS PRONTO x 1 lt (1 HA);47,00;;
PD;15006;TRAXOS PRONTO x 5 lt (5 HA);45,00;;
PD;15006;TRAXOS PRONTO;27,00;;
PD;15007;AXIAL PRONTO;21,75;;
PD;15007;AXIAL PRONTO x 1 lt;5,00;;
PD;15008;LBG - 01F34;254,00;;
PD;15010;AMISTAR PLUS LT.10 (2 XN);30,00;;
PD;15010;AMISTAR PLUS LT.1 (2 XN);14,00;;
PD;15010;AMISTAR PLUS;2,00;;
PD;15013;NATRIA LUMACHICIDA;80,00;;
PD;15019;RIVIERA;327,00;;
PD;15020;CYFLUTREX;10,00;;
PD;15022;DEFENSE 80 WP;7,00;;
PD;15024;MESUROL 200 SC;82,00;;
PD;15024;MESUROL 200 SC x 1 lt;18,00;;
PD;15030;COSSACK x 0,6 kg;76,80;;
PD;15034;KOL DICOPHAR ML.100;369,00;;
PD;15034;DICOPHAR;5,60;;
PD;15036;PROPIFLOWER;4,50;;
PD;15037;BREZZA;22,00;;
PD;15041;OPINION ECNA;149,50;;
PD;15041;OPINION ECNA X 500 ML. *;44,00;;
PD;15041;OPINION ECNA X 0,500;1,00;;
PD;15047;R6 ERRESEI BORDEAUX WG;377,70;;
PD;15047;R6 ERRESEI BORDEAUX x 10 kg;50,00;;
PD;15049;MODDUS;688,00;;
PD;15049;MODDUS x 1 lt;350,00;;
PD;15049;MODDUS  X 1LT;21,00;;
PD;15050;VERTIMEC PRO;1.004,00;;
PD;15050;VERTIMEC PRO x 1 lt;99,00;;
PD;15050;VERTIMEC PRO  x 1;24,00;;
PD;15050;VERTIMEC PRO x 5 lt;15,00;;
PD;15050;VERTIMEC  PRO;5,00;;
PD;15051;KYLEO;290,00;;
PD;15052;KAIMO SORBIE;28,00;;
PD;15053;ADMIRAL ECHO x 1 lt;4,00;;
PD;15054;CONTENDER 80 WG 1 KG;10,00;;
PD;15058;PRINCIPAL MAIS;57,76;;
PD;15058;PRINCIPAL MAIS x 440 gr;21,00;;
PD;15059;DECIS EVO;1.200,00;;
PD;15059;DECIS EVO x 1 lt;330,00;;
PD;15059;DECIS EVO x 5 lt;141,00;;
PD;15059;DECIS EVO X 1;20,00;;
PD;15059;DECIS EVO X1;8,00;;
PD;15059;DECIS EVO 250 ML;6,50;;
PD;15059;DECIS EVO x 0,25 lt;5,00;;
PD;15059;DECIS EVO ML 250;1,50;;
PD;15059;DECIS EVO ML250;1,00;;
PD;15062;PIRAMAX  EC;145,00;;
PD;15062;PIRIMAX;15,00;;
PD;15063;NIMBLE x 50 gr;4,05;;
PD;15064;MAESTRO WG ADVANCE;182,00;;
PD;15071;EVOLUTION;75,00;;
PD;15071;EVOLUTION  X1;3,00;;
PD;15071;EVOLUTION x 1 lt;3,00;;
PD;15079;JUVINAL ECHO;3,75;;
PD;15083;AUDACE x 1 lt;64,00;;
PD;15084;DRUM;16,00;;
PD;15084;DRUM   X 0,500;1,50;;
PD;15085;VITISAN 45 WG;19,00;;
PD;15093;CENTURIO;543,50;;
PD;15101;CIMORAM ULTRA WG;1.583,00;;
PD;15102;VITENE R WG;725,00;;
PD;15111;MIRADOR SC;11,00;;
PD;15112;SIMPLIA x 1 lt;48,00;;
PD;15112;SIMPLIA;7,00;;
PD;15115;PROSPER 500 EC x 1 lt;1.064,00;;
PD;15122;ACTELLIC 50 NEWPHARM;5.334,00;;
PD;15123;ALTAIR 4,5 EW;20,00;;
PD;15124;ZANTARA;1.242,00;;
PD;15124;ZANTARA X LT.3;207,00;;
PD;15124;ZANTARA X 3;126,00;;
PD;15125;PROLECTUS x 1 kg;64,00;;
PD;15125;PROLECTUS;15,00;;
PD;15127;SANVINO;475,00;;
PD;15130;INTREPID;44,00;;
PD;15130;INTREPID x 1 lt;2,00;;
PD;15138;BAROCCO 80 WG (KG);50,00;;
PD;15138;BAROCCO 80 WG;25,00;;
PD;15139;INDIPENDENT SC-15;28,00;;
PD;15145;TEMPLIER x 180 gr;3,96;;
PD;15168;ZORO 1,9 EW;73,00;;
PD;15168;ZORO 1.9 EW;23,00;;
PD;15177;ROTATE PLUS DF x 10 kg;1.720,00;;
PD;15177;ROTATE PLUS DF x 1 kg;792,00;;
PD;15177;ROTATE PLUS DF  X 10 KG;160,00;;
PD;15177;ROTATE PLUS DF;66,00;;
PD;15177;ROTATE PLUS DF X 1 KG.;47,00;;
PD;15180;RIVET PLUS x 1 lt;53,00;;
PD;15181;CIRRUS CS;831,50;;
PD;15181;CIRRUS CS X LT.0,5;6,00;;
PD;15192;LIBERATE;40,00;;
PD;15193;CONTATTO PIU EXTRA x 1 lt;533,00;;
PD;15193;CONTATTO PI  EXTRA x 5 lt;345,00;;
PD;15193;CONTATTO PIU' EXTRA;247,00;;
PD;15193;CONTATTO PIU' EXTRA X 1;12,00;;
PD;15198;AZBANY;5,00;;
PD;15200;QUALY;18,00;;
PD;15201;FLOXY 355 SC;213,00;;
PD;15213;DEMETRINA FLOW;8,14;;
PD;15213;DEMETRINA FLOW 100 ML;1,80;;
PD;15213;DEMETRINA FLOW 10 ML;0,03;;
PD;15221;ZETARAM PLUS;1.371,00;;
PD;15222;FOLICUR COMBI WG;1.273,00;;
PD;15222;FOLICUR COMBI WG X1;1,00;;
PD;15225;ERASMUS;1,00;;
PD;15232;CUSTODIA;863,00;;
PD;15232;CUSTODIA x 5 lt;225,00;;
PD;15232;CUSTODIA x 1 lt;72,00;;
PD;15236;ZAMMO x 1 lt;63,00;;
PD;15236;ZAMMO;1,00;;
PD;15237;CHIKARA DUO;54,00;;
PD;15250;COPRANTOL DUO;1.010,00;;
PD;15253;FALCON MK x 1 lt;2.008,00;;
PD;15253;FALCON MK x 5 lt;1.375,00;;
PD;15253;FALCON MK;59,00;;
PD;15263;DYNALI;186,00;;
PD;15263;DYNALI x 0,25 lt;9,00;;
PD;15264;ENERVIN SC;366,00;;
PD;15267;KUSABI x 1 lt;12,00;;
PD;15270;PROFELIS;1,08;;
PD;15273;BITAM 15 EC;64,00;;
PD;15274;ALIAL SYSTEM;18,00;;
PD;15285;PRIMMA STAR;0,39;;
PD;15286;KENDO ZEON 1.5 x 1 lt;208,00;;
PD;15286;KENDO ZEON 1.5;1,00;;
PD;15289;SERENADE NATRIA;1,00;;
PD;15289;SERENADE NATRIA 100 GR;0,80;;
PD;15294;KENDO BI-ACTIVE x 1 lt;696,00;;
PD;15300;ARMETIL FLOW;57,00;;
PD;15302;AMYLO-X x 1 kg;144,00;;
PD;15302;AMYLO-X;112,00;;
PD;15307;DEDALUS 25 WDG;453,50;;
PD;15310;NISSHIN EXTRA 6 OD;43,00;;
PD;15313;ZOLFO SC;910,00;;
PD;15317;FLARE GOLD COMBI PEPITE x 5 kg;1.720,00;;
PD;15317;FLARE GOLD COMBI PEPITE;5,00;;
PD;15318;OURAGAN;80,00;;
PD;15325;CORNER MZ WG;804,00;;
PD;15326;CUPROTEK DISPERSS x 10 kg;1.930,00;;
PD;15327;METAMAN 8-64 WG;54,00;;
PD;15333;APPLAUD PLUS;183,34;;
PD;15333;APPLAUD PLUS X 1;16,00;;
PD;15333;APPLAUD PLUS 100 GR;4,20;;
PD;15333;APPLAUD PLUS x 1 lt;2,00;;
PD;15333;APPLAUD PLUS 250 GR;0,25;;
PD;15334;SULFO' 80 DF (KG);100,00;;
PD;15340;FEUDO 50 WP;9,00;;
PD;15344;FILAN WG;8,00;;
PD;15348;RIDOMIL GOLD R LIQUIDO;56,00;;
PD;15349;ARES 430 SC;16,00;;
PD;15356;AVIATOR SC;450,00;;
PD;15356;SPHINX SC;72,00;;
PD;15359;VITIL 8-64 WG;310,00;;
PD;15361;LIETO;69,15;;
PD;15365;RAME ZOLFO FLOW MCT;32,00;;
PD;15370;FURY GEO x 10 kg;6.550,00;;
PD;15370;FURY GEO;1.000,00;;
PD;15370;FURY GEO X KG.10;700,00;;
PD;15370;FURY GEO KG 10;20,00;;
PD;15371;BELEM PROTEZIONE x 12 kg;27.144,00;;
PD;15371;BELEM PROTEZIONE;2.040,00;;
PD;15378;TRAXOS PRONTO 60 x 1 Lt;460,00;;
PD;15378;TRAXOS PRONTO 60;457,00;;
PD;15378;TRAXOS PRONTO 60 x 5 lt;125,00;;
PD;15379;AXIAL PRONTO 60;202,50;;
PD;15379;AXIAL PRONTO 60 x 0,75 lt (1 Ha);68,25;;
PD;15379;AXIAL PRONTO 60 x 3,75 lt (5 Ha);18,75;;
PD;15384;LUNA EXPERIENCE;141,00;;
PD;15384;LUNA EXPERIENCE x 1 lt;40,00;;
PD;15386;TRACER FLY;2,00;;
PD;15388;MEXIL ORO R WG;2.746,00;;
PD;15389;FLARE GOLD R WG x 10 kg;2.520,00;;
PD;15392;QUANTUM MZ WDG;126,00;;
PD;15392;QUANTUM MZ WDG  X 10;10,00;;
PD;15395;ATHADO 40 SC X 1;132,00;;
PD;15401;TAIFUN MK CL;4.189,00;;
PD;15401;TAIFUN MK CL x 20 lt;700,00;;
PD;15401;TAIFUN MK CL X LT.5;185,00;;
PD;15401;TAIFUN MK CL  X LT.1;135,00;;
PD;15404;MIDO;3,00;;
PD;15406;DICUMBA;1,00;;
PD;15407;RULER;5,00;;
PD;15416;DIFO;72,00;;
PD;15422;KELVIN DUO x 180 gr;24,00;;
PD;15428;WINNER OD;84,00;;
PD;15433;ATLAS;1,00;;
PD;15448;REBEL TOP;50,00;;
PD;15449;CIDELY;290,50;;
PD;15449;CIDELY x 1 lt;164,00;;
PD;15449;CIDELY X 0.500;19,00;;
PD;15451;ELIOS WG TOP;1,00;;
PD;15483;WISH;34,00;;
PD;15493;SIMUN 40 OD;499,00;;
PD;15499;SONG 70 WDG;39,45;;
PD;15501;QUIZ;174,00;;
PD;15505;SILBOT 500 SC x 1 lt;822,00;;
PD;15507;CREW SUPERB;849,00;;
PD;15508;CYMONIL;7,48;;
PD;15509;MOSAIKO COMBI;154,00;;
PD;15513;OSSICLOR 35 WG GREEN;452,00;;
PD;15514;CUPRAVIT BLU 35 WG;243,40;;
PD;15514;BAYER CUPRAVIT BLU WG GR 100;5,50;;
PD;15515;POLTIGLIA 20 PB GREEN;1.150,00;;
PD;15533;CRUZADO-R;130,00;;
PD;15533;CRUZADO-R (LT);20,00;;
PD;15537;DELTAGRI;6,00;;
PD;15546;BIATHLON 4D;24,50;;
PD;15549;PROLECTUS 50 WG;23,00;;
PD;15553;REGALIS PLUS;7,00;;
PD;15566;VISION PLUS X LT.1;60,00;;
PD;15566;VISION PLUS;10,00;;
PD;15569;LOOP 40 x 5 LT;2.945,00;;
PD;15569;LOOP 40 x 1 LT;506,00;;
PD;15569;LOOP 40;413,00;;
PD;15569;LOOP 40 X LT.1;332,00;;
PD;15569;LOOP 40  X LT.5;160,00;;
PD;15570;TYLAL WG;5,00;;
PD;15571;METSY;0,48;;
PD;15572;ZOMINEX;73,00;;
PD;15572;ZOMINEX x 1 lt (+PERGADO SC x 1);39,00;;
PD;15573;PROMESS SL;316,00;;
PD;15573;PROMESS SL 1 LT;3,00;;
PD;15574;KARMA 85;135,00;;
PD;15575;MESUROL 500 FS x 1000;1.000,00;;
PD;15575;MESUROL 500 FS;5,00;;
PD;15576;CLERANDA;5,00;;
PD;15580;ESTUDER;23,00;;
PD;15583;PIRAT;68,00;;
PD;15591;PREVINT TOP;328,00;;
PD;15596;LASCAR;21,00;;
PD;15596;LASCAR  x 1;3,00;;
PD;15598;CARPOVIRUSINE EVO 2;272,00;;
PD;15598;CARPOVIRUSINE EVO 2 x 1 lt;240,00;;
PD;15603;ERBIFEN K;10,00;;
PD;15608;VERSAR;6,00;;
PD;15612;SEMPRA;1,05;;
PD;15618;FULLDINA 355 SC;3,00;;
PD;15621;BOTTO 50 EC;140,00;;
PD;15622;CURZATE R WG BIANCO;36,00;;
PD;15623;COSMOS 550 EC;150,00;;
PD;15625;TERMINUS SC;71,00;;
PD;15629;BADGER 45% WG;8,00;;
PD;15640;PROLINE STAR x 5 lt;270,00;;
PD;15640;PROLINE STAR x 1 lt;184,00;;
PD;15640;PROLINE STAR;10,00;;
PD;15644;LANDMASTER;55,00;;
PD;15646;VIVER 250 EC;30,00;;
PD;15652;VAREN;20,00;;
PD;15654;ACCORD;22,00;;
PD;15655;KEETON 25 WG;115,00;;
PD;15655;KEETON 25 WG x 1 kg;44,00;;
PD;15661;SENEGO;5,25;;
PD;15663;CUPRAVIT 35 WG;540,00;;
PD;15666;TURNER COMBI;4,00;;
PD;15668;GHIBLI 240 OD;63,00;;
PD;15680;MITHRA 40 SC x 5 lt;40,00;;
PD;15681;LUMADRY ESCA;79,50;;
PD;15687;MICLOCUR;72,00;;
PD;15690;ALIAL RAMATO;60,00;;
PD;15711;ALSYSTIN;17,00;;
PD;15711;ALSYSTIN x 0,5 kg;3,00;;
PD;15713;DIABLO SC;21,40;;
PD;15713;DIABLO SC x 0,2 lt;5,00;;
PD;15713;DIABLO SC X ML.200;1,60;;
PD;15713;DIABLO SC X 0,200;0,80;;
PD;15722;ARMICARB 85;15,00;;
PD;15725;DUAXO;14,60;;
PD;15725;DUAXO 200 ML;2,40;;
PD;15738;STOPWEED 480 x 1 lt;669,00;;
PD;15741;AVADEX FACTOR;102,00;;
PD;15741;AVADEX FACTOR N.ETIC.X 10(PRESSING);13,00;;
PD;15746;EXTENSOR OD x 10 lt;20,00;;
PD;15751;VITENE TRIPLO R;197,00;;
PD;15758;QUILT XCEL x 5 lt;70,00;;
PD;15758;QUILT XCEL;22,00;;
PD;15758;QUILT XCEL x 1 lt;8,00;;
PD;15759;DECIS TRAP;2,00;;
PD;15779;ABANTO;0,05;;
PD;15780;OSSICLOR 50 PB GREEN;1.120,00;;
PD;15817;GLADIATOR;44,00;;
PD;15829;RAJAH  X 1;4,00;;
PD;15830;FUNGUSCLEAR ULTRA GUN;9,60;;
PD;15832;VINTAGE C DISPERSS x 5 kg;80,00;;
PD;15834;TRACER 120;53,00;;
PD;15841;FLOCTER INSETTICIDA /NEMATOCIDA;20,00;;
PD;15842;AFICIONADO x 3 lt;228,00;;
PD;15845;ARAGON;151,00;;
PD;15847;MAKURI;140,25;;
PD;15857;R6 ERRESEI PASADOBLE;990,00;;
PD;15857;R6 ERRESEI PASADOBLE x 10 kg;210,00;;
PD;15857;R6 PASADOBLE X KG.10;30,00;;
PD;15857;R6 PASADOBLE X KG.1;9,00;;
PD;15859;KATANGA EXPRESS;24,00;;
PD;15862;SUBITEX;180,00;;
PD;15863;BALENO FLASH;185,00;;
PD;15864;MONDARE PIU';19,00;;
PD;15877;CONSENTO;11,00;;
PD;15891;BLAISE;81,00;;
PD;15893;GIAGUAR SL;0,05;;
PD;15899;SILICOSEC;270,00;;
PD;15900;TRIKA EXPERT;10.204,00;;
PD;15900;TRIKA EXPERT X 10;690,00;;
PD;15900;TRIKA EXPERT x 10 kg;10,00;;
PD;15901;ERCOLE;19.264,25;;
PD;15901;ERCOLE x 10 KG;6.330,00;;
PD;15901;ERCOLE KG.10;3.680,00;;
PD;15901;ERCOLE 1 KG;3,00;;
PD;15907;PRESIDIUM ONE;652,00;;
PD;15907;PRESIDIUM ONE   X 5;65,00;;
PD;15912;CUPRO ISAGRO WG;220,00;;
PD;15914;RAME ISAGRO WG BLU;609,00;;
PD;15923;ERBIKUS 400 SC;8,00;;
PD;15924;RUSTLER X 1;15,00;;
PD;15924;RUSTLER;4,00;;
PD;15927;MOJANG T;205,00;;
PD;15931;GLORIAL JET X LT.1;99,00;;
PD;15931;GLORIAL JET;30,00;;
PD;15933;AXIENDO PRONTO USO;20,25;;
PD;15936;IMAZAMOX 40 (IMPORTAZIONE PARALLELA);350,00;;
PD;15936;IMAZAMOX 40;10,00;;
PD;15948;MULIGAN;6,00;;
PD;15949;PROMEX x 1 lt;17,00;;
PD;15949;PROMEX;6,00;;
PD;15961;RETENGO NEW;46,00;;
PD;15961;RETENGO NEWS x 1 lt;6,00;;
PD;15996;PATRIOT DRY x 1 kg;92,00;;
PD;15996;PATRIOT DRY;35,00;;
PD;16000;MINUET GR;12,25;;
PD;16013;SEPRA-LIM;40,00;;
PD;16030;CONTENDER WG;1,00;;
PD;16042;TOSCANA;0,69;;
PD;16051;LENNS;30,00;;
PD;16054;SINSTAR x 1 lt;675,00;;
PD;16054;SINSTAR;131,00;;
PD;16056;SARACEN;3,50;;
PD;16063;ARIGO;41,64;;
PD;16065;TOPIK ONE;7,45;;
PD;16071;MESOZIN 70 WG;307,75;;
PD;16074;GLORIAL 25 EC;138,00;;
PD;16075;AGHERUD M;52,00;;
PD;16084;BREVIS;13,00;;
PD;16089;BUGUIS;80,00;;
PD;16098;NIBER 70 DF x 0,250 kg;262,75;;
PD;16098;NIBER 70 DF;11,00;;
PD;16099;SINIS 70 DF;106,50;;
PD;16104;ELECTIS TRIO WDG;485,00;;
PD;16115;CHARAN CM;5,17;;
PD;16117;SERBY;101,95;;
PD;16117;ZAPI DISERBO RESID.SIST.250ML SERBY;10,50;;
PD;16117;ZAPI DISERBO RESID.SIST.500ML SERBY;1,50;;
PD;16124;JUVINAL ECHO PLUS;19,00;;
PD;16124;JUVINAL ECHO PLUS x 1 lt;3,00;;
PD;16136;LUMA-GOLD;59,75;;
PD;16136;LUMAGOLD FS;6,75;;
PD;16136;LUMA GOLD;2,45;;
PD;16137;OSIRIS;1.270,00;;
PD;16139;SEGURIS XTRA x 1 lt;1.181,00;;
PD;16139;SEGURIS XTRA;879,00;;
PD;16139;SEGURIS  XTRA;298,00;;
PD;16139;SEGURIS XTRA x 5 lt;155,00;;
PD;16139;SEGURIS XTRA  X 1LT;34,00;;
PD;16149;BABEL x 1 lt;184,00;;
PD;16161;CENTURY SL;90,00;;
PD;16171;HADDEN;63,20;;
PD;16172;CAL-EX 1,9 EW;314,00;;
PD;16172;CAL-EX 1.9 EW x 1 lt;54,00;;
PD;16178;FOLIANE 80 WG;300,00;;
PD;16187;QUBIC R;58,00;;
PD;16188;MEDIATOR PLUS;14,00;;
PD;16191;TRIMAXX;63,00;;
PD;16194;ETRAVON PRO;1.867,00;;
PD;16194;ETRAVON PRO x 1;131,00;;
PD;16194;ETRAVON PRO x 1 lt;129,00;;
PD;16205;IDROX 20;4.471,00;;
PD;16206;MARKER 600;105,00;;
PD;16207;PIVAK 1,9 EW x 1;10,00;;
PD;16210;ZETARAM HI TECH;254,00;;
PD;16213;UNICORN PLUS DF;29,00;;
PD;16221;MADEX TOP;9,80;;
PD;16221;MADEX TOP x 0,1 lt;0,10;;
PD;16224;CUPRORAM 37,5 WG;115,00;;
PD;16225;POLTIGLIA BLU 20 WG;12,00;;
PD;16227;FOLPAN COMBI;515,00;;
PD;16227;FOLPAN COMBI x 5 kg;280,00;;
PD;16228;POLTIGLIA 20 DF;30,00;;
PD;16229;RAM CYM 44 WG;82,00;;
PD;16229;RAM CYM 44 WG (KG);36,00;;
PD;16230;RUFAST NOVA;1,00;;
PD;16242;CAPTAIN 80 WG;52,00;;
PD;16255;PANTOX MAX;20,00;;
PD;16256;PANTOX 360 SL;2.119,00;;
PD;16293;PACLOT NEW;6,00;;
PD;16293;PACLOT NEW x 1 lt;5,00;;
PD;16297;SUPPORT 100 EC;113,00;;
PD;16299;PASSAT SL x 1 lt;2.114,00;;
PD;16299;PASSAT SL x 5 lt;1.640,00;;
PD;16305;BONZI;3,00;;
PD;16321;PENDIPHAR;5,00;;
PD;16325;EPIK SL;206,80;;
PD;16325;EPIK SL x 5 lt;70,00;;
PD;16325;EPIK SL x 1 lt;65,00;;
PD;16325;EPIK SL X1;7,00;;
PD;16325;EPIK SL 250 ML;3,00;;
PD;16325;EPIK SL 50 ML;1,10;;
PD;16325;EPIK SL 100 ML;0,70;;
PD;16352;FRISBEE TOP;6,00;;
PD;16363;SIRTAKI;737,00;;
PD;16363;SIRTAKI x 1 lt;55,00;;
PD;16363;SIRTAKI X 1;3,00;;
PD;16364;BISMARK;2.533,00;;
PD;16364;BISMARK x 10 lt;1.570,00;;
PD;16364;BISMARK x 1 lt;972,00;;
PD;16364;BISMARK x 5 lt;235,00;;
PD;16364;BISMARK X 1;162,00;;
PD;16379;PREV-AM PLUS;753,00;;
PD;16379;PREV-AM PLUS LT.1X12*16379 CLP;1,00;;
PD;16396;TEMSA 100;22,00;;
PD;16405;IMAGE GOLD;385,00;;
PD;16405;IMAGE GOLD  X 5;50,00;;
PD;16415;MADEX TWIN;3,80;;
PD;16416;FENOTRIX SC 300 X LT.1;108,00;;
PD;16438;VELUM PRIME ML 500;3,00;;
PD;16459;SOLEIL 50 WG;29,00;;
PD;16460;VELIERO 500 EC;78,00;;
PD;16480;3LOGY;284,00;;
PD;16481;CALLISTO 480;1,00;;
PD;16484;CIRCUIT ACCESS 36 CS;12,00;;
PD;16485;ROMULAN;1,00;;
PD;16486;RAGTIME 250;1,00;;
PD;16493;SPI GEO;2.350,00;;
PD;16528;GHIBLI 40 OD;480,00;;
PD;16528;GHIBLI 40 OD x 5 lt;80,00;;
PD;16528;GHIBLI 40 OD x 1 lt;22,00;;
PD;16532;ROSBAY;9,80;;
PD;16542;LAOTTA;31,00;;
PD;16545;COPRANTOL HI BIO 2.0;8,00;;
PD;16557;AKUNA X LT.5;500,00;;
PD;16561;RIKALI;120,00;;
PD;16567;TRICOPPERLAND x 10 kg;280,00;;
PD;16569;ASTREL WDG;21,00;;
PD;16571;COPPER COMBI WG;12,00;;
PD;16573;DELTACOM;17,00;;
PD;16578;MELODY COMPACT WG;23,00;;
PD;16668;GEOCLEAN VI (AUTORIZZAZIONE ECCEZIONALE);6.150,00;;
PD;16722;EXIREL 2016;10,00;;
PD;16728;AF-X1 2016;1.275,00;;
PD;16728;AF-X1 2016 x 12,5 kg;889,00;;
PD;16728;AF-X1;475,00;;
RO;13;THIOPRON;12.287,00;;
RO;13;;2.910,00;;
RO;13;THIOPRON x 10 lt;1.670,00;;
RO;17;U 46 COMBI FLUID;1.075,00;;
RO;17;;540,00;;
RO;17;U 46 COMBI FLUID x 1 lt;407,00;;
RO;133;U 46 D-FLUID x 1 lt;12,00;;
RO;206;ALBENE x 25 lt;1.725,00;;
RO;206;ALBENE;176,00;;
RO;206;ALBENE x 1 lt;2,00;;
RO;449;MOCAP;2.400,00;;
RO;449;MOCAP x 15 kg;1.620,00;;
RO;449;;15,00;;
RO;565;FUMATHANE 510;25.000,00;;
RO;599;ACUPRICO 76 WG;1.150,00;;
RO;630;REGLONE W;3.431,00;;
RO;630;;1.145,00;;
RO;630;REGLONE W x 1 lt;101,00;;
RO;630;REGLONE W x 5 lt;70,00;;
RO;844;MICROBAGNABILE 80;48,00;;
RO;886;SENCOR WG;51,50;;
RO;886;SENCOR x 0,5 kg;5,00;;
RO;909;POLISOLFURO DI CALCIO POLISENIO;3.475,00;;
RO;1147;FITONEX COMBI;6,00;;
RO;1155;CHEMOL 90 EL;95,00;;
RO;1155;CHEMOL-90-EL;25,00;;
RO;1156;CHEMOL;20.952,00;;
RO;1156;;10.850,00;;
RO;1544;MESUROL;4,00;;
RO;1562;ERBITOX E 30 x 1 lt;108,00;;
RO;1562;ERBITOX E 30;6,00;;
RO;1573;BASAMID GRANULAT;7.620,00;;
RO;1573;;260,00;;
RO;1573;BASAMID x 20 kg;40,00;;
RO;1583;MICROTHIOL DISPERSS;13.965,00;;
RO;1583;MICROTHIOL DISPERSS x 15 kg;1.065,00;;
RO;1583;MICROTHIOL DISPERSS x 1 kg;633,00;;
RO;1583;;525,00;;
RO;1583;MICROTHIOL DISPERSS x 25 kg;175,00;;
RO;1714;KERB 80 EDF;807,00;;
RO;1714;KERB 80 EDF x 1 kg;574,00;;
RO;1714;;73,00;;
RO;1714;KERB  80 EDF;35,00;;
RO;1850;IDRORAME FLOW;160,00;;
RO;1850;KOL IDRORAME FLOW ML.250;2,25;;
RO;1947;SULFUR 80;90,00;;
RO;1947;;25,00;;
RO;1979;PERFEKTHION;2,00;;
RO;1990;BUTYRAC 118;2,00;;
RO;2191;WETTING PLUS;505,00;;
RO;2191;WETTING PLUS x 1 lt;172,00;;
RO;2259;PASTA LUMACHICIDA IN GRANI;11,00;;
RO;2260;GASTROTOX E;40,00;;
RO;2272;SILLIM;210,00;;
RO;2272;Seprabait classic (Sillim);20,00;;
RO;2307;VECTOR x 5 lt;3.695,00;;
RO;2307;VECTOR x 20 lt;1.360,00;;
RO;2307;VECTOR x 1 lt;742,00;;
RO;2307;VECTOR;353,00;;
RO;2353;BONALAN;980,00;;
RO;2353;BONALAN x 1 lt;378,00;;
RO;2353;;115,00;;
RO;2518;ACTELLIC 2P;8,00;;
RO;2518;ACTELLIC 2 P;1,00;;
RO;2603;ESCACIDE;74,00;;
RO;2634;BUGGY;655,00;;
RO;2732;GOLTIX;2.003,00;;
RO;2732;GOLTIX x 5 kg (70%);1.000,00;;
RO;2732;GOLTIX x 1 kg (70%);608,00;;
RO;2732;;580,00;;
RO;2896;TETROSSIL;50,00;;
RO;2896;TETROSSIL x 25 kg;50,00;;
RO;2923;TIOVIT JET;12.098,00;;
RO;2923;TIOVIT JET GD x 10 kg;3.050,00;;
RO;2923;TIOVIT JET GD x 25 kg;1.450,00;;
RO;2923;TIOVIT JET GD x 1 kg;53,00;;
RO;2923;;25,00;;
RO;2934;MICROSOL 90;3,00;;
RO;2983;NIMROD;12,00;;
RO;2995;ESCARTOX;887,40;;
RO;2995;ZAPI LUMACHICIDA ORTO ESCARTOX KG 1;42,00;;
RO;2995;ZAPI LUMACHICIDA ORTO ESCARTOX GR50;6,00;;
RO;3065;OLIOCIN;159,00;;
RO;3065;BAYER OLIOCIN LT 1;10,00;;
RO;3082;OLEOTER ESTATE;137,00;;
RO;3102;OLEOTER;4.033,00;;
RO;3132;SEPR-OIL;35,50;;
RO;3219;CARAKOL AGRO;513,00;;
RO;3219;KOL CARAKOL AGRO KG.1;72,00;;
RO;3313;ARAGOL L 40;136,00;;
RO;3313;;47,00;;
RO;3313;ARAGOL L 40 ST;31,00;;
RO;3343;U46 M CLASS;657,67;;
RO;3343;U 46 M CLASS x 5 lt;325,00;;
RO;3343;U 46 M CLASS x 1 lt;113,00;;
RO;3366;ROGATOX EC;91,00;;
RO;3366;ROKAR 400 ST;28,00;;
RO;3412;SYLLIT 65;338,00;;
RO;3486;TRISCABOL DG;20,00;;
RO;3503;AGRUMIN;7,00;;
RO;3519;METAMBANE;346,00;;
RO;3519;METAMBANE x 1 lt;249,00;;
RO;3553;CURZATE;120,00;;
RO;3640;CUPROSTAR;3.799,00;;
RO;3640;;1.939,00;;
RO;3658;SIPCAMOL E;4,00;;
RO;3745;METAM;50,00;;
RO;3754;BAGNANTE SARIAF;659,00;;
RO;3754;BAGNANTE SARIAF LT.1;7,00;;
RO;3767;FENOXILENE MAX;1.969,00;;
RO;3767;;471,00;;
RO;3771;;1.302,00;;
RO;3771;ROVRAL WG;157,00;;
RO;3771;ROVRAL WG x 1 kg;36,00;;
RO;3779;VAPAM 470 x 1000 lt;3.000,00;;
RO;3793;DITHANE M - 45;200,00;;
RO;3793;DITHANE M-45;25,00;;
RO;3800;CRITTAM WG x 20 kg;240,00;;
RO;3800;CRITTAM WG;160,00;;
RO;3800;CRITTAM WG x 5 kg;130,00;;
RO;3800;CRITTAM WG x 1 kg;72,00;;
RO;3817;DISERBONE KN;1,00;;
RO;3859;DURSBAN;2,00;;
RO;3861;ROTIOFEN GOLD x 1 lt;4,00;;
RO;4012;RELDAN 22;2.197,50;;
RO;4012;;1.143,00;;
RO;4012;RELDAN 22 x 1 lt;65,00;;
RO;4012;RELDAN 22 x 5 lt;20,00;;
RO;4012;RELDAN 22 x 0,250 lt;10,75;;
RO;4190;TETRASOL 80;2.820,00;;
RO;4199;PENNCOZEB DG;11.109,00;;
RO;4199;;1.456,00;;
RO;4199;PENNCOZEB DG x 25 kg;125,00;;
RO;4199;PENNCOZEB DG x 10 kg;110,00;;
RO;4199;PENNCOZEB DG x 1 kg;11,00;;
RO;4228;ROGOR 400 ST x 1 lt;485,00;;
RO;4228;ROGOR 400 ST;239,00;;
RO;4228;ROGOR L20;8,00;;
RO;4275;ACUPRICO 500;1,00;;
RO;4324;CUPROMIX MZ BLEU;100,00;;
RO;4326;ROGOR L 40 ST x 1 lt;876,00;;
RO;4326;ROGOR L 40 ST;277,00;;
RO;4426;;45,00;;
RO;4461;IMIDAN WDG;4,00;;
RO;4552;DITHANE DG NEOTEC;640,00;;
RO;4686;DIMILIN 25 P.B.;1,00;;
RO;4710;ALIETTE;1.286,70;;
RO;4710;;900,00;;
RO;4710;ALIETTE x 6 kg;12,00;;
RO;4896;RIGENAL P;1,00;;
RO;5152;TIOSPOR WG;1.126,00;;
RO;5154;ARPEL TRIPLO BLU;39,00;;
RO;5178;LENTIPUR FL;10,00;;
RO;5228;CARAKOL;146,50;;
RO;5228;CARAKOL LUMACHICIDA;5,00;;
RO;5292;FIXORMON;114,00;;
RO;5299;MIBIOL;33,50;;
RO;5299;ZAPI MIBIOL COCCINIGLIA INV. 1 LT.;6,00;;
RO;5333;GIBRESOL;12,00;;
RO;5346;OYLIR;7,00;;
RO;5454;PIRETRIX 10;0,10;;
RO;5574;LUMAKIDIN 5G;108,00;;
RO;5708;TERRAZOLE 25% EC;2,00;;
RO;5755;TILT 25 EC;25,00;;
RO;5755;TILT 25 EC x 0,5 lt;0,50;;
RO;5796;GARLON;167,00;;
RO;5796;GARLON x 1;59,00;;
RO;6001;BETAFIL FL;165,00;;
RO;6001;;135,00;;
RO;6136;GERMON L;1,00;;
RO;6221;IPIRON 45 SC;1,00;;
RO;6277;VYDATE 5G;800,00;;
RO;6277;VYDATE 5G x 10 kg;260,00;;
RO;6298;FASTAC;141,00;;
RO;6321;STIMOLANTE 66F;72,10;;
RO;6321;;2,00;;
RO;6322;OBSTHORMON 24A;118,00;;
RO;6322;;85,00;;
RO;6322;OBSTORMON 24 A x 1 lt;0,30;;
RO;6324;MAXCEL 2 SL x 2 lt;18,00;;
RO;6401;MONDAK 21 S;130,00;;
RO;6428;GOAL 2XL;2,00;;
RO;6437;ETHREL;108,00;;
RO;6437;;78,00;;
RO;6437;"ETHREL ""NUOVA ETICH."" x 1 lt";3,00;;
RO;6438;BI-FEN;8,00;;
RO;6479;TAIREL R 4-33 BLU;19,00;;
RO;6555;;20,00;;
RO;6556;K-OBIOL DP2;54,00;;
RO;6556;K-OBIOL DP2 x 1 kg;44,00;;
RO;6556;;29,00;;
RO;6557;K-OBIOL EC 25 X 1;35,00;;
RO;6557;K-OBIOL EC 25;2,00;;
RO;6674;AFALON DS;1.804,00;;
RO;6674;AFALON DS x 1 lt;1.565,00;;
RO;6674;;1.025,00;;
RO;6704;;651,00;;
RO;6704;TIOLENE 80 WG;360,00;;
RO;6766;BUTISAN S;210,00;;
RO;6766;;28,00;;
RO;6766;BUTISAN S x 1 lt;12,00;;
RO;6945;TOPAS 10 EC;54,00;;
RO;6945;TOPAS 10 EC x 1 lt;36,00;;
RO;6945;;29,00;;
RO;6945;TOPAS 10 EC x 0,25 lt;4,25;;
RO;6956;TARGA FLO;2.103,00;;
RO;6956;TARGA FLO x 1 lt;191,00;;
RO;6978;BETTER 400;2.905,00;;
RO;6978;BETTER 400 x 5 lt;595,00;;
RO;6978;;540,00;;
RO;7020;BAGNANTE CIFO;805,00;;
RO;7020;BAGNANTE CIFO LT.1;49,00;;
RO;7055;PASTA CAFFARO BLU;56,00;;
RO;7101;LIMAVAL;188,00;;
RO;7368;TURFENE L;9,00;;
RO;7369;SYLLIT FLO;22,30;;
RO;7370;TETRASOL LIQUIDO;60,00;;
RO;7370;TETRASOL-L;50,00;;
RO;7379;VENZAR;281,00;;
RO;7379;VENZAR x 0,500 S.I.(5 x 0,100);106,50;;
RO;7379;;68,00;;
RO;7401;POLTIGLIA CAFFARO 20 DF NEW;1.026,00;;
RO;7401;POLTIGLIA BORDOLESE;9,00;;
RO;7483;DEVRINOL F;108,00;;
RO;7514;GERMON BEWURZELUNGSPUDER K PER TALE;0,20;;
RO;7543;ERBITOX COMBI x 1 lt;22,00;;
RO;7550;ZETA 80;0,10;;
RO;7555;KLARTAN 20 EW;127,10;;
RO;7555;KLARTAN 20 EW  x 1;7,00;;
RO;7584;;30,00;;
RO;7608;DASKOR;232,00;;
RO;7608;DASKOR x 1 lt;141,00;;
RO;7611;ENOVIT METIL FL;7.044,00;;
RO;7611;;1.979,00;;
RO;7611;ENOVIT METIL FL x 5 lt;759,00;;
RO;7611;ENOVIT METIL FL x 1 lt;270,00;;
RO;7640;;1,00;;
RO;7640;SPOLLONANTE G;1,00;;
RO;7700;MATACAR FL;45,40;;
RO;7700;;12,00;;
RO;7700;MATACAR FL x 0,2 lt;4,80;;
RO;7764;TIOLENE;5,00;;
RO;7845;TMTD 50 SC;40,00;;
RO;7876;PIRIMOR 17,5;149,00;;
RO;7876;;44,00;;
RO;7876;PIRIMOR 17,5 x 1 (n.reg.min.7876);3,00;;
RO;7876;PIRIMOR 17,5 x 1 (n.reg.min. 7876);1,00;;
RO;7889;NURELLE D;399,00;;
RO;7889;NURELLE D  x 1;71,00;;
RO;7907;;420,00;;
RO;7916;POLYRAM DF;7.963,00;;
RO;7916;;2.061,00;;
RO;7916;POLYRAM DF x 25 kg;550,00;;
RO;7919;TOUCHDOWN x 20 lt;5.800,00;;
RO;7919;TOUCHDOWM;1.995,00;;
RO;7919;;1.180,00;;
RO;7919;TOUCHDOWN;400,00;;
RO;7922;OPALENE;1.375,00;;
RO;7930;KERB FLO;10,50;;
RO;7957;ROVRAL PLUS;526,00;;
RO;7957;ROVRAL PLUS x 1 lt;254,00;;
RO;7957;;238,00;;
RO;7958;RONSTAR FL;627,00;;
RO;7958;RONSTAR FL x 5 lt;380,00;;
RO;7958;;139,00;;
RO;7958;RONSTAR FL x 1 lt;110,00;;
RO;7961;RIZOLEX  GOLD;370,00;;
RO;7961;RIZOLEX GOLD x 1 kg;326,00;;
RO;7965;TRIGARD 75 WP x 0,25 kg;0,50;;
RO;7965;TRIGARD 75 WP;0,25;;
RO;7984;STRATOS;98,00;;
RO;8023;SUMIALFA ECHO;366,00;;
RO;8028;CALARIS x 1 lt;25,00;;
RO;8028;CALARIS;1,00;;
RO;8054;METIS ECHO x 1 lt;262,00;;
RO;8102;MERPAN 80 WDG;21.647,00;;
RO;8102;;6.180,00;;
RO;8102;MERPAN 80 WDG x 5 kg;1.525,00;;
RO;8102;MERPAN 80 WDG x 1 kg;165,00;;
RO;8117;BASTA 200;3.145,00;;
RO;8117;;1.010,00;;
RO;8117;BASTA 200 x 5 lt;175,00;;
RO;8117;BASTA 200 x 15 lt;135,00;;
RO;8129;BETOZON 65 DF;1,00;;
RO;8130;TITUS;4,00;;
RO;8139;MANTA GOLD;1.899,00;;
RO;8139;MANTA GOLD x 3 lt;135,00;;
RO;8146;GALLERY;81,00;;
RO;8146;GALLERY x 0,5 lt;1,00;;
RO;8146;;1,00;;
RO;8155;CATOR;18,00;;
RO;8156;DEVOX;19,00;;
RO;8159;CLICK COMBI;50,00;;
RO;8184;CHALLENGE;631,00;;
RO;8184;CHALLENGE x 5 lt;280,00;;
RO;8184;;110,00;;
RO;8184;CHALLENGE x 1 lt;67,00;;
RO;8189;FORCE;25.510,00;;
RO;8189;FORCE x 10 kg;17.070,00;;
RO;8189;;5.170,00;;
RO;8192;MONCEREN 250SC LT.1;74,00;;
RO;8192;MONCEREN 250 SC;1,00;;
RO;8201;GLISTER;85,00;;
RO;8207;LONTREL 75G x 100 gr;0,90;;
RO;8207;LONTREL 75 G;0,60;;
RO;8229;RAPAX;1,30;;
RO;8320;DELFIN;4,00;;
RO;8340;TOPAS 10 WDG;1,00;;
RO;8360;PULL 52 DF;5,40;;
RO;8376;ARIANE DUE x 5 lt;1.660,00;;
RO;8376;ARIANE II;1.299,00;;
RO;8376;;267,00;;
RO;8376;ARIANE DUE x 1 lt;148,00;;
RO;8429;GLYFOS SL;29.380,00;;
RO;8483;ETOSATE 500 x 1 lt;52,00;;
RO;8483;ETOSATE 500;41,00;;
RO;8498;FOLICUR WG;533,00;;
RO;8498;;120,00;;
RO;8498;FOLICUR WG x 0,5 kg;73,00;;
RO;8499;EFESTO;248,00;;
RO;8528;FEINZIN 35 DF;1,00;;
RO;8534;CITROLE x 20 lt;40,00;;
RO;8534;CITROLE x 1 lt;3,00;;
RO;8542;FORUM 50 WP;10,80;;
RO;8546;DANITRON;6,00;;
RO;8547;LOGRAN;56,85;;
RO;8547;LOGRAN x 37 gr;13,39;;
RO;8547;;1,00;;
RO;8565;ROUNDUP RTU;11,00;;
RO;8601;FOLPAN 80 WDG;911,00;;
RO;8601;FOLPAN 80 WDG x 1 kg;4,00;;
RO;8617;BANVEL 480 S;1,00;;
RO;8646;ACTIVUS EC;703,00;;
RO;8646;ACTIVUS EC x 1 lt;93,00;;
RO;8646;ACTIVUS EC x 5 lt;65,00;;
RO;8649;PIRIDANE 480;30,00;;
RO;8656;GLIFENE HP;20,00;;
RO;8690;PERFEKTHION TOP;203,00;;
RO;8690;;70,00;;
RO;8706;AMID THIN W;130,50;;
RO;8706;;10,00;;
RO;8706;AMID THIN W x 0,5 kg;1,00;;
RO;8712;ALLEGANTE 4% AF 96;118,60;;
RO;8712;;20,00;;
RO;8712;AF 96 x 1 lt;8,00;;
RO;8721;;1,00;;
RO;8729;FORUM R;70,00;;
RO;8735;TREBON UP;488,00;;
RO;8735;;67,00;;
RO;8735;TREBON UP x 0,5 lt;24,50;;
RO;8742;INDAR 5EW;122,00;;
RO;8742;;6,00;;
RO;8742;INDAR 5 EW x 1 lt;4,00;;
RO;8743;GREENEX;5,20;;
RO;8743;BAYER GREENEX - NF 100 ML;0,20;;
RO;8795;VERTIMEC EC;67,25;;
RO;8795;VERTIMEC EC x 1 lt;24,00;;
RO;8795;VERTIMEC EC x 0,25 lt;10,00;;
RO;8796;SELECT;56,00;;
RO;8797;BINAL PRO;4.457,00;;
RO;8801;SCORE 25 EC;139,75;;
RO;8801;SCORE 25 EC x 1 lt;105,00;;
RO;8801;SCORE 25 EC x 0,25 lt;1,75;;
RO;8836;;44,00;;
RO;8837;GERMON BEWURZELUNGSPUDER PER TALEE ;1,00;;
RO;8841;CYREN 7,5 G;372,25;;
RO;8841;ZAPI ANTIFORMICA ORTO CYREN KG 1;12,00;;
RO;8843;NISSHIN;404,00;;
RO;8859;MASTIFF;17.195,00;;
RO;8859;MASTIFF x 20 lt;6.040,00;;
RO;8859;MASTIFF x 1 lt;2.081,00;;
RO;8859;MASTIFF x 5 lt;2.037,00;;
RO;8886;SAFARI;53,64;;
RO;8886;;19,00;;
RO;8886;SAFARI x 120 gr;11,28;;
RO;8929;TOPIK 240 EC;5,00;;
RO;8933;SOLEAS;3,00;;
RO;8934;SCALA;169,95;;
RO;8934;SCALA x 1 lt (FUNGICIDA BASF);8,00;;
RO;8934;;5,00;;
RO;8984;GLIPHOGAN TOP MK;1.003,00;;
RO;8987;CONFIDOR 200 SL;100,10;;
RO;8987;BAYER CONFIDOR 200 SL ML 50;0,20;;
RO;8987;CONFIDOR;0,20;;
RO;9005;AGIL;7.846,00;;
RO;9005;;3.122,00;;
RO;9010;RAMEZIN COMBI WG;542,00;;
RO;9012;CUPROCAFFARO MICRO;2.868,00;;
RO;9036;ACTIVUS;12,00;;
RO;9038;OPINION;3,45;;
RO;9131;PYRINEX ME;1.024,50;;
RO;9131;PYRINEX ME LT. 1;3,00;;
RO;9148;SYLLIT 355 SC;190,00;;
RO;9148;;25,00;;
RO;9153;CYREN 44 EC;65,00;;
RO;9153;CYREN 44 EC x 1 lt;6,00;;
RO;9180;STROBY WG;17,40;;
RO;9180;STROBY WG x 600 gr;1,80;;
RO;9180;STROBY-WG;0,60;;
RO;9195;TERB FLO;22,00;;
RO;9242;IRAM 50 DF;160,00;;
RO;9244;ZIRAMIT 76 WG;1.640,00;;
RO;9279;MERLIN COMBI;30,00;;
RO;9279;MERLIN COMBI x 5 lt;20,00;;
RO;9280;TOPAS 200 EW;19,50;;
RO;9286;OHAYO x 1 lt;90,00;;
RO;9286;OHAYO;11,00;;
RO;9298;METHAM NA 51;1.000,00;;
RO;9306;PROPLANT;90,00;;
RO;9306;PROPLANT x 1 lt;88,00;;
RO;9311;CUPROSSIL IDRO 25 WP;508,00;;
RO;9322;GOLTIX STAR;788,00;;
RO;9322;;20,00;;
RO;9330;GLIFO 41;12,50;;
RO;9332;OPEN;1,50;;
RO;9335;SILGLIF MK x 20 lt;500,00;;
RO;9339;BETANAL EXPERT;2.042,00;;
RO;9339;;948,00;;
RO;9339;BETANAL EXPERT x 5 lt;80,00;;
RO;9339;BETANAL EXPERT x 1 lt;42,00;;
RO;9342;DELTRIN;10,50;;
RO;9364;RAPIDO;185,00;;
RO;9364;RAPIDO DISERBANTE TOTALE;60,00;;
RO;9371;;4,00;;
RO;9371;PEAK;0,28;;
RO;9373;CHORUS;155,00;;
RO;9373;CHORUS x 1 kg;20,00;;
RO;9373;;13,00;;
RO;9374;MATCH TOP;3,00;;
RO;9374;MATCH TOP x 1 lt;2,00;;
RO;9376;;42,00;;
RO;9400;GLIFOGAN PRONTO ML 500   ESAU.;2,00;;
RO;9422;EVADE;170,05;;
RO;9422;EVADE x 1 lt;98,00;;
RO;9422;EVADE x 0,25 lt;35,00;;
RO;9422;;9,00;;
RO;9422;ZAPI DISERBO EVADE 500 ML NR 9422;6,00;;
RO;9443;ENDOGERME;25,40;;
RO;9449;EMERALD COMBI;38,00;;
RO;9463;KLARO KIT;137,00;;
RO;9477;AGREE;2,00;;
RO;9509;PROMALIN NT;238,00;;
RO;9509;;126,00;;
RO;9509;PROMALIN NT x 0,5 lt;40,00;;
RO;9518;ROSATE 36 x 20 lt;440,00;;
RO;9531;SEQURA WG;1,00;;
RO;9550;PROFILE;22,00;;
RO;9578;SWITCH;625,60;;
RO;9578;;123,00;;
RO;9578;SWITCH x 1 kg;35,00;;
RO;9578;SWITCH x 0,25 kg;3,60;;
RO;9599;CURAME;180,00;;
RO;9612;;3.075,00;;
RO;9612;OSSICLOR 30;7,00;;
RO;9631;METRIN EC;34,00;;
RO;9634;CARNIVAL;2.082,00;;
RO;9634;;534,00;;
RO;9668;RUFAST E-FLO;61,21;;
RO;9668;;2,00;;
RO;9668;RUFAST E-FLO x 1 lt;1,00;;
RO;9668;ZAPI INSETTICIDA ACARI RUFAST ML 50;0,10;;
RO;9670;THIANOSAN 80 WG;1.520,00;;
RO;9675;PANTOX 360;49,00;;
RO;9678;M70 DF;140,00;;
RO;9679;KRISTAL 32 WG;2.758,00;;
RO;9679;;158,00;;
RO;9679;KRISTAL 32;6,00;;
RO;9693;SPORTAK 45 EW;505,00;;
RO;9694;SIMITAR 5 EW;35,00;;
RO;9694;SIMITAR 5 EW x 1 lt;3,00;;
RO;9696;NOVAGIB;10,00;;
RO;9705;PREVITER;64,65;;
RO;9705;PREVITER ANTIPYTHIUM LT 1;4,00;;
RO;9724;TIOWETTING DF;278,00;;
RO;9726;GLIFOSAN;286,00;;
RO;9744;SCORE 10 WG;610,00;;
RO;9747;FURY;42,95;;
RO;9747;;7,00;;
RO;9747;ZAPI POLIVALENTE ABBAT ML.50 FURY;0,75;;
RO;9757;SPYRALE;900,00;;
RO;9757;;327,00;;
RO;9757;SPYRALE x 1 lt;272,00;;
RO;9758;;444,00;;
RO;9758;COPRANTOL WG;234,00;;
RO;9767;NUFOS 7,5 G x 10 kg;430,00;;
RO;9767;NUFOS 7,5 G;259,00;;
RO;9787;MICROBAGNABILE WG;698,00;;
RO;9790;CONTATTO 320;269,00;;
RO;9790;CONTATTO 320  x 1;149,00;;
RO;9794;PLANET C;360,00;;
RO;9794;;10,00;;
RO;9798;CLIOPHAR 100;35,00;;
RO;9798;CLIOPHAR 100  X 1;13,00;;
RO;9800;MAVRIK 20 EW;908,60;;
RO;9800;;124,00;;
RO;9800;MAVRIK 20 EW x 1 lt;47,00;;
RO;9802;COPREN HI BIO;37,00;;
RO;9813;DICLOPYR;1,00;;
RO;9832;TREK P x 5 lt;1.735,00;;
RO;9832;TREK P;401,00;;
RO;9832;TREK P x 20 lt;200,00;;
RO;9843;BASAGRAN SG;594,00;;
RO;9843;BASAGRAN SG x 3 kg;81,00;;
RO;9867;4 STAGIONI;2,25;;
RO;9872;AKRIS;1.935,00;;
RO;9872;AKRIS x 5 lt;35,00;;
RO;9872;;15,00;;
RO;9900;;37,00;;
RO;9900;FLAVOS;15,00;;
RO;9900;FLAVOS x 1 lt;2,00;;
RO;9919;BEETUP TRIO SE;2,00;;
RO;9938;MASTER;1,50;;
RO;9940;;9.780,00;;
RO;9940;ZELIG GR;8.392,00;;
RO;9940;ZELIG GR x 10 kg;3.630,00;;
RO;9941;BUMPER P x 1 lt;4.178,00;;
RO;9941;BUMPER P;89,10;;
RO;9952;COLZANET;5,00;;
RO;9954;JOKER;3.922,00;;
RO;9963;METIDANE 22 x 1 lt;450,00;;
RO;9963;METIDANE 22 x 5 lt;180,00;;
RO;9963;METIDANE 22;125,00;;
RO;9963;METIDANE 22 x 0,250 lt;3,75;;
RO;9995;ARIUS;52,00;;
RO;9995;ARIUS x 1 lt;36,00;;
RO;9995;;10,00;;
RO;10004;AGRIMIX PRO;64,50;;
RO;10048;;500,00;;
RO;10049;DURSBAN 75 WG;922,00;;
RO;10049;DURSBAN 75 WG x 1 kg;527,00;;
RO;10049;;170,00;;
RO;10049;DURSBAN-75-WG;5,00;;
RO;10057;ARPEL WDG;29,50;;
RO;10057;ARPEL WDG x 1 kg;1,00;;
RO;10063;TOPIK 80 EC;5,75;;
RO;10089;TMTD 50 L;1.549,00;;
RO;10105;RIDOMIL GOLD SL;23,00;;
RO;10105;;9,00;;
RO;10105;RIDOMIL GOLD SL 20 x 0,25 lt;0,50;;
RO;10117;STRATOS ULTRA;5.200,00;;
RO;10117;;4.999,00;;
RO;10117;STRATOS ULTRA x 5 lt;4.505,00;;
RO;10118;AMISTAR;938,00;;
RO;10118;AMISTAR x 5 lt;30,00;;
RO;10118;AMISTAR x 1 lt;24,00;;
RO;10119;;2,00;;
RO;10119;EQUATION PRO;1,60;;
RO;10127;DECIS JET;83,21;;
RO;10127;;10,00;;
RO;10127;DECIS JET x 5 lt;10,00;;
RO;10127;DECIS JET ML. 10/50;0,97;;
RO;10141;SOFREVAL 80 MICRO;366,00;;
RO;10142;VERNOIL;40,00;;
RO;10158;PIREFLOR;0,60;;
RO;10161;ORTIVA x 1 lt;1.226,00;;
RO;10161;ORTIVA;526,00;;
RO;10161;;28,00;;
RO;10183;GARLON EV;5,00;;
RO;10184;TIMBREL EV;1,00;;
RO;10185;ZERGAN EW;0,90;;
RO;10185;ZERGAN EV;0,50;;
RO;10209;GLYFOS ULTRA;20,00;;
RO;10224;EMME-H;150,00;;
RO;10230;LUMAPLUS;109,50;;
RO;10263;DRIVER;0,40;;
RO;10272;CEREXIL M DG;34,00;;
RO;10285;TOMAHAWK;183,00;;
RO;10296;IPERION x 10 kg;1.990,00;;
RO;10296;IPERION x 20 kg;920,00;;
RO;10296;IPERION x 1 kg;561,00;;
RO;10296;IPERION;63,00;;
RO;10297;SINIS 35 WG;1,50;;
RO;10305;OIKOS;70,00;;
RO;10306;MISTRAL;191,00;;
RO;10324;NEMATHORIN 10 G;20,00;;
RO;10329;;100,00;;
RO;10329;FORUM MZ WG;39,00;;
RO;10357;RIGRON SG;636,00;;
RO;10357;;510,00;;
RO;10372;RASIKAL QUICK;167,50;;
RO;10372;RASIKAL QUICK LT. 1;120,00;;
RO;10373;CONTEST;380,00;;
RO;10373;CONTEST x 1 kg;158,00;;
RO;10373;;40,00;;
RO;10396;LIZOCIN;0,49;;
RO;10398;STIKER;2,50;;
RO;10404;CLINIC 360 SL;24.821,00;;
RO;10404;CLINIC-360-SL;10,00;;
RO;10415;ARIC 480 LS;7,50;;
RO;10415;ARIC-480-LS;1,00;;
RO;10423;LUMACHICIDA KG.1 VEBI;268,00;;
RO;10423;LUMACHICIDA VEBI;255,50;;
RO;10423;LUMACHICIDA KG.5 VEBI (NEW);245,00;;
RO;10424;VEBIGLYF;24,00;;
RO;10425;;1,00;;
RO;10425;SCUDEX;1,00;;
RO;10426;PROTIL EC;0,50;;
RO;10435;HERGON L;13,00;;
RO;10439;SPRAY DUNGER GLOBAL;36,00;;
RO;10440;EXPANDER;203,00;;
RO;10440;;29,00;;
RO;10447;NOVEL DUO;1.654,00;;
RO;10447;NOVEL DUO x 1 lt;11,00;;
RO;10456;ZAPI DISERBO ULTRA LT.1;193,00;;
RO;10456;KLARO ULTRA;121,00;;
RO;10456;ZAPI DISERBO KLARO ULTRA 1 LT;41,00;;
RO;10461;DICOTURF;10,50;;
RO;10465;ROUNDUP MAX;13.290,00;;
RO;10465;ROUNDUP MAX x 10 kg;5.990,00;;
RO;10465;;5.910,00;;
RO;10471;OLOVER;0,50;;
RO;10477;LAS VEGAS;9,00;;
RO;10479;NATURALIS;12,00;;
RO;10485;ALFA;15,00;;
RO;10492;VEBIZOLFO FLOW;11,50;;
RO;10493;RUNNER LO;37,00;;
RO;10494;PREMIUM TOP;1.045,75;;
RO;10504;KELLY WG x 10 kg;310,00;;
RO;10504;KELLY WG x 1 kg;74,00;;
RO;10504;KELLY WG;23,00;;
RO;10509;MASTIFF ULTRA;120,00;;
RO;10540;TERIAL 75 WG;727,00;;
RO;10540;;20,00;;
RO;10540;TERIAL-75-WG;2,00;;
RO;10560;PIRETRO NATURA;7,00;;
RO;10563;DEFEND WG;100,00;;
RO;10563;DEFEND-WG;50,00;;
RO;10565;DICOTIL EXTRA;26,25;;
RO;10565;DICOTIL EXTRA ERBICIDA LT 1;1,00;;
RO;10568;ZOOMER;114,00;;
RO;10573;KOCIDE 2000;2.790,00;;
RO;10573;KOCIDE 2000 x 10 kg;10,00;;
RO;10575;LOGRADO 360;360,00;;
RO;10584;SHAMAL MK PLUS;2.372,00;;
RO;10585;SULCOTREK;1.393,00;;
RO;10604;EMERALD 40 EW;53,59;;
RO;10609;MESOZIN 35 WG;1,00;;
RO;10628;;161,00;;
RO;10628;MIDAURIL MZ;38,00;;
RO;10632;COBRE NORDOX SUPER 75 WG;204,00;;
RO;10632;COBRE NORDOX SUPER 75 WG x 5 kg;5,00;;
RO;10665;JUPITER;50,00;;
RO;10701;CUMETA FLOW;46,00;;
RO;10710;TOMAGAN;191,00;;
RO;10710;TOMAGAN  x 1;1,00;;
RO;10715;SILGLIF NF x 20 lt;3.940,00;;
RO;10715;SILGLIF NF x 5 lt;275,00;;
RO;10715;SILGLIF NF;50,00;;
RO;10715;SILGLIF NF x 1 lt;27,00;;
RO;10734;DUAL GOLD;1.186,00;;
RO;10734;DUAL GOLD x 5 lt;155,00;;
RO;10734;DUAL GOLD x 1 lt;91,00;;
RO;10734;;37,00;;
RO;10734;DUAL GOLD x 20 lt;20,00;;
RO;10735;PRIMAGRAM GOLD;5.354,00;;
RO;10735;;405,00;;
RO;10735;PRIMAGRAM GOLD x 5 lt;105,00;;
RO;10735;PRIMAGRAN-GOLD;86,00;;
RO;10735;PRIMAGRAM GOLD x 1 lt;52,00;;
RO;10741;METACINQUE;15,00;;
RO;10752;STEWARD;246,75;;
RO;10752;;99,00;;
RO;10752;STEWARD x 0,500 kg;20,75;;
RO;10752;STEWARD x 0,250 kg;11,25;;
RO;10752;STEWARD-30-WG;0,25;;
RO;10753;FOLICUR SE;42,05;;
RO;10758;BEETUP-TRIO;509,00;;
RO;10771;MOST MICRO;2.179,00;;
RO;10771;MOST MICRO x 5 lt;1.275,00;;
RO;10771;;509,00;;
RO;10771;MOST MICRO x 10 lt;320,00;;
RO;10771;MOST MICRO x 1 lt;94,00;;
RO;10780;LUMABLOC;2,00;;
RO;10802;DIEFESAN TBZ;0,20;;
RO;10816;PIRETRO GARDEN;1,50;;
RO;10878;PANESCA;12,50;;
RO;10890;FLIPPER;141,00;;
RO;10925;BEYOND;50,00;;
RO;10926;ALTOREX;91,00;;
RO;10926;;31,00;;
RO;10926;ALTOREX x 1 lt;8,00;;
RO;10929;CHIKARA 25 WG;5,65;;
RO;10936;NAAK 480 x 1 lt;59,00;;
RO;10939;CP 40 AGRO;176,00;;
RO;10944;KARATE ZEON;181,50;;
RO;10944;;89,00;;
RO;10944;KARATE ZEON x 0,250 lt;7,25;;
RO;10952;CARPOVIRUSINE PLUS;697,00;;
RO;10973;PYRINEX PRONTO;11,00;;
RO;10976;METEOR;1.429,31;;
RO;10976;METEOR x 1 lt;762,00;;
RO;10976;METEOR x 0,25 lt;256,00;;
RO;10985;MEVAXIL M;12,00;;
RO;10986;KASKO R;13,00;;
RO;10999;BETANAL SE;375,00;;
RO;10999;;183,00;;
RO;10999;BETANAL SE x 1 lt;64,00;;
RO;11011;DASH HC;5.931,00;;
RO;11011;;1.937,00;;
RO;11011;DASH HC x 5 lt;965,00;;
RO;11011;DASH HC x 1 lt;670,00;;
RO;11012;AURA;81,00;;
RO;11012;AURA x 5;40,00;;
RO;11012;AURA x 1 lt;9,00;;
RO;11017;GLIFO-POP S;2,00;;
RO;11040;POLTIGLIA BORD.DISPERSS (NON USARE);2.520,00;;
RO;11044;TUREX;10,00;;
RO;11045;DODIPREV 35;14,25;;
RO;11045;KOL DODIPREV 35 ML.250;13,75;;
RO;11045;DODIPREV ML. 250;2,00;;
RO;11059;BIOPOWER;748,00;;
RO;11059;;141,00;;
RO;11059;BIOPOWER x 1 lt;80,00;;
RO;11062;BION 50 WG;32,50;;
RO;11062;BION 50 WG x 0,5 kg;4,00;;
RO;11098;CADDY;1,50;;
RO;11102;HELIOSOUFRE S;550,00;;
RO;11104;CUPROFIX 30 DISPERSS non col.x 10;10,00;;
RO;11119;FLINT;293,00;;
RO;11119;FLINT x 0,5 kg;25,50;;
RO;11119;;24,00;;
RO;11119;FLINT x 150 gr;6,00;;
RO;11127;HOPPER BLU;8,00;;
RO;11133;SHELTER;10,00;;
RO;11147;KRUG;14,00;;
RO;11157;PROPYDOR;100,00;;
RO;11160;SUGARBETA PLUS SE;9,00;;
RO;11173;AVAUNT EC;1.220,00;;
RO;11173;;408,00;;
RO;11173;AVAUNT EC x 1 (+CORAGEN) TW.P.MAIS;194,00;;
RO;11173;AVAUNT 150 EC x 1,25 lt;2,50;;
RO;11183;PROGERBALIN LG;25,00;;
RO;11185;GERLAGIB LG;17,00;;
RO;11186;CUTIS;0,70;;
RO;11190;PENCOR 10 EC;0,90;;
RO;11196;SULFAR;11.220,00;;
RO;11196;SULFAR  X 25;50,00;;
RO;11206;CODACIDE;4.127,50;;
RO;11206;BAGNANTE CODACIDE x 10 lt;510,00;;
RO;11206;BAGNANTE CODACIDE x 2,5 lt;475,00;;
RO;11206;;388,00;;
RO;11223;GALIGAN 500 SC;44,00;;
RO;11231;SANTHANE WG;420,00;;
RO;11231;CAPTANE-80-DF;25,00;;
RO;11231;CAPTANE 80 DF;20,00;;
RO;11237;MICO MZ 80;4,00;;
RO;11243;LEOPARD 5 EC;3.979,00;;
RO;11243;LEOPARD 5 EC x 1 lt;1.564,00;;
RO;11243;LEOPARD 5 EC x 5 lt;1.220,00;;
RO;11252;CONTANS WG;4,00;;
RO;11253;CALLISTO;1.426,00;;
RO;11253;CALLISTO x 1 lt;329,00;;
RO;11253;;313,00;;
RO;11253;CALLISTO x 5 lt;181,00;;
RO;11257;COSTAR WG;9,75;;
RO;11258;FAZOR IT x 5 kg;140,00;;
RO;11258;FAZOR STAR;110,00;;
RO;11301;;916,00;;
RO;11301;SPHERE;283,00;;
RO;11301;SPHERE SC LT. 1 (2  XN);8,00;;
RO;11303;CHAMP DP;1.660,00;;
RO;11313;;60,00;;
RO;11313;PROXAN SL;24,00;;
RO;11338;FUGRAN;25,00;;
RO;11341;STARANE GOLD;1.055,00;;
RO;11341;STARANE GOLD x 1 lt;461,00;;
RO;11344;PICKILL EC x 0,5 lt;4,50;;
RO;11353;FUSILADE MAX;1.329,00;;
RO;11353;;601,00;;
RO;11353;FUSILADE MAX x 5 lt;80,00;;
RO;11353;FUSILADE MAX x 1 lt;10,00;;
RO;11359;SARCAP 800;1.005,00;;
RO;11360;GRIP 25 ML 500;8,50;;
RO;11382;GARDENE PLUS;411,00;;
RO;11393;BEETLE;248,00;;
RO;11396;WIRK;189,00;;
RO;11396;;46,00;;
RO;11403;MELODY COMPACT;334,75;;
RO;11403;MELODY COMPACT x 10 kg;330,00;;
RO;11403;MELODY COMPACT x 1 kg;81,00;;
RO;11416;;1.152,00;;
RO;11416;OVIPRON TOP;1.094,00;;
RO;11416;OVIPRON TOP x 5 lt;335,00;;
RO;11416;OVIPRON TOP x 20 lt;220,00;;
RO;11416;OVIPRON TOP x 1 lt;20,00;;
RO;11418;ROUNDUP 450 PLUS;25,00;;
RO;11448;KICKER;1.082,00;;
RO;11449;GARDOPRIM GOLD x 5 lt;350,00;;
RO;11449;GARDOPRIM GOLD x 20 lt;340,00;;
RO;11479;BRANCHER DIRADO;110,00;;
RO;11479;;26,00;;
RO;11499;;67,00;;
RO;11499;BUSTER;55,50;;
RO;11500;CAPTHENE 80 WDG;5,00;;
RO;11505;READY GERMIPLUS;105,00;;
RO;11523;SEPRADINA SC;24,70;;
RO;11525;FUNGIDINA;78,20;;
RO;11525;ZAPI BOLLA FUNGIDINA LT 0,5;3,00;;
RO;11526;SULTAN;554,00;;
RO;11526;SULTAN x 1 lt;142,00;;
RO;11526;;114,00;;
RO;11527;;975,00;;
RO;11527;PYRINEX QUICK;108,03;;
RO;11551;ISOMATE C PLUS;5,34;;
RO;11560;REGALIS;15,00;;
RO;11560;REGALIS x 1 kg;4,00;;
RO;11561;NEEMAZAL T/S;219,40;;
RO;11561;NEEMAZAL - T/S;18,00;;
RO;11561;NEEM AZAL-T/S x 5 lt;5,00;;
RO;11561;NEEM AZAL-T/S x 1 lt;1,00;;
RO;11566;ZOLFO 80 WP;2,00;;
RO;11569;;180,00;;
RO;11569;CUPROXAT S.D.I.;30,00;;
RO;11586;TOP-AGAN;177,00;;
RO;11586;TOP AGAN;9,00;;
RO;11587;CAMBEL S;2.867,00;;
RO;11596;CALYPSO;503,00;;
RO;11596;;16,00;;
RO;11596;CALYPSO x 0,5 lt;13,00;;
RO;11600;CRUISER 350 FS x 0,5 lt;27,00;;
RO;11600;CRUISER 350 FS;18,00;;
RO;11611;VYDATE 10L;160,00;;
RO;11611;VYDATE 10 L x 5 lt;20,00;;
RO;11614;ACTARA 25 WG;267,80;;
RO;11614;ACTARA 25 WG x 0,5 kg;135,00;;
RO;11614;;20,00;;
RO;11614;ACTARA 25 WG x 0,1 kg;5,80;;
RO;11619;TIOFLOR WDG;80,00;;
RO;11626;PIT STOP x 1 lt;29,00;;
RO;11626;PITSTOP;3,00;;
RO;11637;CUPROFIX C DISPERSS;14,00;;
RO;11642;PIKAR;108,00;;
RO;11649;COMMAND 36 CS;192,50;;
RO;11649;COMMAND 36 CS x 1 lt;44,00;;
RO;11649;COMMAND 36 CS x 0,25 lt;9,00;;
RO;11653;FOLIO GOLD 537,5 SC;952,00;;
RO;11653;FOLIO GOLD 537,5 SC x 1 lt;338,00;;
RO;11653;;3,00;;
RO;11659;HERBITOTAL-S;25,00;;
RO;11659;HERBITOTAL S;3,75;;
RO;11660;SHOGUN;8.065,00;;
RO;11660;;1.556,00;;
RO;11668;PLENUM 50 WG;3,95;;
RO;11668;PLENUM 50 WG x 0,2 kg;1,20;;
RO;11668;PLENUM 50 WG ( NUOVA ETIC.) X 1;0,60;;
RO;11690;GOAL 480 SC;2,75;;
RO;11693;LASER;216,95;;
RO;11693;;111,00;;
RO;11693;LASER x 0,5 lt (Spinosad);16,50;;
RO;11693;LASER x 0,25 lt (Spinosad);0,50;;
RO;11694;CONSERVE SC;0,20;;
RO;11696;ARID;10,00;;
RO;11698;MINUET;67,00;;
RO;11700;BOTANIGARD 22 WP;0,01;;
RO;11703;GEOTOX  L;22,00;;
RO;11704;OLIO OGNISTAGIONE;6,75;;
RO;11730;COSMOTRIN;0,10;;
RO;11732;ALLEATO 80 WG;3.648,00;;
RO;11732;ALLEATO 80 WG x 5 kg;145,00;;
RO;11732;ALLEATO 80 WG x 1 kg;2,00;;
RO;11735;DELICIA CONTRA-LUMACHE;98,70;;
RO;11752;;775,00;;
RO;11752;ENVIDOR 240 SC;39,50;;
RO;11760;POLITHIOL;8.780,00;;
RO;11762;FORUM STAR;200,00;;
RO;11773;DIMISTAR 40 ST;40,00;;
RO;11788;NEMACUR 240 CS;150,00;;
RO;11793;XENTARI;1,00;;
RO;11794;PRESSING 500;101,25;;
RO;11794;PRESSING 500 X 0,75 (AVADEX FACTOR);17,00;;
RO;11796;GLIFAST;17,20;;
RO;11814;;285,00;;
RO;11821;WEEDAZOL TL;1.340,00;;
RO;11821;WEEDAZOL TL x 5 lt;130,00;;
RO;11821;;40,00;;
RO;11844;KORON WDG;2,70;;
RO;11862;LOBBY;364,00;;
RO;11862;;25,00;;
RO;11866;AGRO-OIL;10,00;;
RO;11870;CUPRITAL S.D.I.;1,75;;
RO;11872;RIFLE 4-24 R;236,00;;
RO;11872;;102,00;;
RO;11883;CURIT;4,00;;
RO;11885;ELICIO;427,00;;
RO;11885;;76,00;;
RO;11908;VENTUREX 35 L;14,70;;
RO;11931;MANZEB 75 WG;39,00;;
RO;11944;;1.370,00;;
RO;11944;ASPECT;920,00;;
RO;11964;;950,00;;
RO;11964;POLTIGLIA CAFFARO 20 GD;89,00;;
RO;11977;SULFUR 80 WG;408,00;;
RO;11979;BORDO 20 MICRO;21,00;;
RO;11979;Bordo Micro;0,10;;
RO;11991;NEEMIK;622,00;;
RO;11991;;40,00;;
RO;11991;NEEMIK x 1 lt;14,00;;
RO;12010;TUAREG;7.789,00;;
RO;12010;;3.021,00;;
RO;12010;TUAREG x 5 lt (+HARMONY x 50 gr);895,00;;
RO;12010;TUAREG x 1 lt;418,00;;
RO;12010;TUAREG x 5 lt;255,00;;
RO;12010;TUAREG x 3 lt;18,00;;
RO;12020;SUCCESS;3,42;;
RO;12020;SUCCESS x 1 lt;2,00;;
RO;12022;SPADA 25 WDG;227,00;;
RO;12022;SPADA WDG x 1 kg;58,00;;
RO;12023;MEGIC 240;379,00;;
RO;12023;MEGIC;162,75;;
RO;12023;MEGIC LT 1;2,00;;
RO;12037;CAMIX x 5 lt;1.730,00;;
RO;12037;CAMIX x 20 lt;600,00;;
RO;12040;BORDOFLOW;1,00;;
RO;12043;PREVICUR ENERGY;584,25;;
RO;12043;;128,00;;
RO;12043;PREVICUR ENERGY x 5 lt;15,00;;
RO;12043;PREVICUR ENERGY x 1 lt;10,00;;
RO;12060;;409,00;;
RO;12060;FOX;370,00;;
RO;12060;FOX x 5 lt;35,00;;
RO;12067;CIPER;41,25;;
RO;12068;TEFLUSTAR;18.016,70;;
RO;12069;EPIK;835,04;;
RO;12069;;108,00;;
RO;12069;EPIK x 2 kg;42,00;;
RO;12069;EPIK x 1 kg;4,00;;
RO;12083;;158,00;;
RO;12083;DANADIM PROGRESS;53,00;;
RO;12090;MICROSED GEO;4.200,00;;
RO;12096;POLTIGLIA DISPERSS;31.101,00;;
RO;12096;POLTIGLIA DISPERSS x 15 kg;3.885,00;;
RO;12096;;3.270,00;;
RO;12100;ASSET;948,00;;
RO;12100;;204,00;;
RO;12100;ASSET x 1 lt;44,00;;
RO;12114;AUXIGER LG;174,00;;
RO;12115;BARRACUDA;59,00;;
RO;12133;JUVINAL 10 EC;13,00;;
RO;12136;VERITAS;86,00;;
RO;12136;VERITAS WG x 5 kg;25,00;;
RO;12138;R6 ERRESEI TREVI;129,00;;
RO;12172;KOL FERRAMOL 500 GR ESCA LUMACHICID;10,50;;
RO;12172;KOL FERRAMOL 1 KG ESCA LUMACHICIDA;9,00;;
RO;12174;;660,00;;
RO;12174;V.I.P. FLOW;140,00;;
RO;12174;VIP FLOW;94,00;;
RO;12177;VITTORIA 24 SC;35,00;;
RO;12180;NIK WDG;279,00;;
RO;12192;GRANSTAR 50 SX;0,10;;
RO;12199;SILBOT MZ 60;19,00;;
RO;12200;SILBOT R x 10 kg;370,00;;
RO;12202;ZEMIX R x 10 kg;60,00;;
RO;12202;ZEMIX R;11,00;;
RO;12202;ZEMIX R x 1 kg;6,00;;
RO;12212;PENTHIUM EC;319,00;;
RO;12212;PENTHIUM EC LT.1;2,00;;
RO;12215;VEBIPHOS 7,5;48,50;;
RO;12225;TEPPEKI;59,80;;
RO;12225;;9,00;;
RO;12225;TEPPEKI x 0,5 kg;6,50;;
RO;12225;TEPPEKI x 100 gr;0,80;;
RO;12243;MANTIR DG;4.971,00;;
RO;12245;ROUNDUP 360 POWER;621,00;;
RO;12250;PENCOR COMBI;105,00;;
RO;12260;TECNOCONTROL EXTRA;5,00;;
RO;12263;;260,00;;
RO;12263;VONDOZEB DG;240,00;;
RO;12263;VONDOZEB DG x 20 kg;20,00;;
RO;12285;FORUM GOLD;500,00;;
RO;12296;GAIO SX;39,10;;
RO;12297;TRIBASE TWIN;12,00;;
RO;12318;VIVER;235,00;;
RO;12319;;9,00;;
RO;12320;PERSHING;3,74;;
RO;12323;VEBIZOLFO WG;24,00;;
RO;12325;MESUROL M PLUS;202,80;;
RO;12330;DEDALUS SE;27,90;;
RO;12344;VEBITHRIN 5 EC;1,30;;
RO;12361;ALGEDI;150,40;;
RO;12361;ALGEDI x 200 gr;24,80;;
RO;12361;ALGEDI (PER 4 HA);1,00;;
RO;12368;CARPOSTOP;521,00;;
RO;12368;;330,00;;
RO;12368;CARPOSTOP x 0,5 lt;4,00;;
RO;12375;SUGAR 500 SC;2.764,00;;
RO;12375;;949,00;;
RO;12375;SUGAR 500 SC x 5 lt;225,00;;
RO;12376;FITAGIL;100,00;;
RO;12380;VIVENDI 100;4,00;;
RO;12381;NU-FILM-P;286,00;;
RO;12381;NU FILM P x 4 lt;60,00;;
RO;12383;RIDOMIL GOLD MZ PEPITE;191,00;;
RO;12383;RIDOMIL GOLD MZ PEPITE x 1 kg;34,00;;
RO;12385;ARMETIL COBRE SC;21,00;;
RO;12391;FUEGO;7,00;;
RO;12393;COPPERCIM WG;8,00;;
RO;12394;AGRO METAZACHLOR;15,00;;
RO;12395;CUTRIL TOP;1.130,00;;
RO;12399;GANZO;7,00;;
RO;12437;DELAN 70 WG;5.828,00;;
RO;12437;;864,00;;
RO;12437;DELAN 70 WG x 1 kg;310,00;;
RO;12452;EQUIP;4.597,00;;
RO;12452;;1.610,00;;
RO;12452;EQUIP x 5 lt;205,00;;
RO;12452;EQUIP x 1 lt;172,00;;
RO;12453;MILDICUT;1,00;;
RO;12461;KOL FINALSAN ERBICIDA PROF. 1 LT.;11,00;;
RO;12461;FINALSAN ERBICIDA PROFESSIONAL;1,00;;
RO;12482;LUMAX;18.520,00;;
RO;12482;;4.710,00;;
RO;12482;LUMAX x 20 lt;3.940,00;;
RO;12482;LUMAX x 5 lt;675,00;;
RO;12489;DIFCOR 250;21,00;;
RO;12491;CIPERTHRIN PLUS;1.277,00;;
RO;12491;CIPERTHRIN PLUS x 1 lt;230,00;;
RO;12504;FLOWBRIX;109,00;;
RO;12505;FLOWBRIX BLU;57,00;;
RO;12514;VIPER;692,00;;
RO;12514;VIPER x 5 lt;275,00;;
RO;12519;CORSARIO;20,00;;
RO;12522;METRO;12,00;;
RO;12528;;190,00;;
RO;12528;CABRIO TOP;120,00;;
RO;12534;FOXTAIL;61,45;;
RO;12534;;27,00;;
RO;12534;FOXTAIL  x  lt 1;26,00;;
RO;12534;FOXTAIL ML.250;5,50;;
RO;12534;KOL FOXTAIL ML.250;1,75;;
RO;12538;MYSTIC 25 WG x 1 kg;129,00;;
RO;12538;MYSTIC 25 WG;25,00;;
RO;12540;REGRAN SL;113,00;;
RO;12566;PYGANIC 1.4;60,05;;
RO;12568;SPRINTEX NEW L;12,75;;
RO;12573;EKO OIL SPRAY;2.307,75;;
RO;12573;;495,00;;
RO;12573;EKO OIL SPRAY x 1 lt;222,00;;
RO;12573;EKO OIL SPRAY x 5 lt;70,00;;
RO;12578;RANMAN;5,25;;
RO;12584;AVIATOR;16,00;;
RO;12590;DIASTAR MAXI x 10 kg;4.380,00;;
RO;12590;DIASTAR MAXI;4.180,00;;
RO;12598;GRANSTAR POWER SX;1.925,16;;
RO;12598;GRANSTAR POWER SX x 1090 gr;124,26;;
RO;12598;;28,00;;
RO;12622;QUANTUM;633,00;;
RO;12625;EFUZIN 355 SC x 1 lt;159,00;;
RO;12625;EFUZIN 355 SC x 5 lt;100,00;;
RO;12625;EFUZIN 355 SC;20,00;;
RO;12627;DANADIM 400 ST;2.525,00;;
RO;12627;;1.425,00;;
RO;12627;DANADIM 400;58,00;;
RO;12628;;382,00;;
RO;12628;SERENADE MAX;49,00;;
RO;12636;QUASAR 6/24 R;391,00;;
RO;12642;TRATON SX;6,30;;
RO;12644;ALTIX;648,00;;
RO;12647;GLITTER;841,00;;
RO;12647;;13,00;;
RO;12650;NUPRID 200 SL;5,92;;
RO;12654;SPINTOR;218,00;;
RO;12670;RISOLUTIV SL;611,00;;
RO;12671;HARMONY 50 SX;162,13;;
RO;12671;;37,00;;
RO;12671;HARMONY 50 SX x 20 gr;22,96;;
RO;12671;HARMONY 50 SX x 50 gr (+TUAREG x 5);8,75;;
RO;12671;HARMONY 50 SX x 50 gr;3,25;;
RO;12671;HARMONY 50 SX x 16 gr;1,92;;
RO;12671;ARMONY-50-SX;0,48;;
RO;12678;CERALL;2.200,00;;
RO;12686;CHAMAN;12,00;;
RO;12692;KOL SPRUZIT BIO INSETTICIDA C.500ML;0,50;;
RO;12696;TEBUZOL S DISPERSS;5.778,00;;
RO;12731;MICLOTOP PROGRESS;25,00;;
RO;12734;JUPITER R DF;47,20;;
RO;12737;AIRONE PIU';5.974,00;;
RO;12737;;140,00;;
RO;12747;RAMETTE;28,80;;
RO;12748;GRIFON PIU';120,00;;
RO;12754;VERDRAM HI BIO;73,20;;
RO;12756;DICOTEX;13,00;;
RO;12759;OSSICLOR 35 WG;316,40;;
RO;12759;ZAPI OSSICLOR 35 WG KG.1 OSSICLORUR;61,00;;
RO;12761;AGRIMIX TOP;22,00;;
RO;12768;SPINTOR FLY;0,25;;
RO;12770;ALAR 85 GOLD;22,00;;
RO;12770;ALAR 85 GOLD x 1 kg;7,00;;
RO;12778;PASTA SIAPA F NC LT.10;10,00;;
RO;12779;RAMEDIT COMBI WG x 10 kg;1.043,00;;
RO;12779;RAMEDIT COMBI WG x 1 kg;684,00;;
RO;12779;RAMEDIT COMBI WG;20,00;;
RO;12784;FARO WG;289,00;;
RO;12788;ADIGOR;213,00;;
RO;12806;FEDOR;1.092,00;;
RO;12806;;254,00;;
RO;12806;FEDOR x 1 kg;184,00;;
RO;12813;AMISTAR XTRA;1.978,00;;
RO;12813;AMISTAR XTRA x 5 lt;40,00;;
RO;12813;AMISTAR XTRA x 1 lt;38,00;;
RO;12813;;29,00;;
RO;12824;MERLIN EXPERT;64,00;;
RO;12828;SITOFEX;54,00;;
RO;12828;SITOFEX x 1 lt;6,00;;
RO;12828;;3,00;;
RO;12831;INSIGNIA;3,00;;
RO;12832;OPERA;655,00;;
RO;12832;;453,00;;
RO;12832;OPERA x 1 lt;185,00;;
RO;12837;ARIUS SYSTEM PLUS;333,00;;
RO;12837;ARIUS SYSTEM PLUS x 1 lt;30,00;;
RO;12843;;30,00;;
RO;12843;CHECKMATE CM-F;25,86;;
RO;12844;CHECKMATE OFM-F;8,97;;
RO;12849;BENPROP PRO;1.651,00;;
RO;12857;PROREX;211,50;;
RO;12857;;61,00;;
RO;12857;PROREX x 0,5 lt;3,50;;
RO;12858;PRODIGY;196,00;;
RO;12858;PRODIGY x 1 lt;8,00;;
RO;12858;;2,00;;
RO;12859;BORNEO;20,49;;
RO;12860;MILBEKNOCK;4,00;;
RO;12862;CANTUS;270,00;;
RO;12862;;42,00;;
RO;12862;CANTUS x 1 kg;19,00;;
RO;12865;DANTOP 50 WG;0,20;;
RO;12866;COLLIS;108,00;;
RO;12866;;17,00;;
RO;12866;COLLIS x 1 lt;17,00;;
RO;12868;BELLIS;176,00;;
RO;12868;;52,00;;
RO;12868;BELLIS x 1 kg;46,00;;
RO;12869;SIGNUM;1.275,00;;
RO;12869;SIGNUM x 1 kg;608,00;;
RO;12869;;288,00;;
RO;12878;RIDOMIL GOLD COMBI PEPITE;505,00;;
RO;12878;RIDOMIL GOLD COMBI PEPITE x 1 kg;1,00;;
RO;12880;ATLANTIS WG;44,50;;
RO;12881;HUSSAR MAXX;249,60;;
RO;12881;;35,00;;
RO;12881;HUSSAR MAXX   X 0,600;1,80;;
RO;12883;PROSPER 300 CS;177,00;;
RO;12883;;40,00;;
RO;12883;PROSPER 300 CS x 1 lt;3,00;;
RO;12886;KARATHANE STAR;437,00;;
RO;12886;KARATHANE STAR x 1 lt;11,00;;
RO;12888;LEPINOX PLUS;204,00;;
RO;12888;LEPINOX PLUS x 1 kg;25,00;;
RO;12889;PICKER SC ML.200;8,00;;
RO;12903;DOLESE WG;80,25;;
RO;12904;BRAITEX;4,00;;
RO;12916;;551,00;;
RO;12916;CYMONE 25 WP;124,00;;
RO;12920;AGORA SC x 1 lt;23,00;;
RO;12924;JUPITER WG;55,00;;
RO;12933;MOXYL 20 WP x 1 kg;414,00;;
RO;12933;MOXYL 20 WP;40,00;;
RO;12940;KARATE ZEON 1.5;4.537,00;;
RO;12940;;1.544,00;;
RO;12940;KARATE ZEON 1.5 x 1 lt;570,00;;
RO;12940;KARATE ZEON 1.5 x 5 lt;10,00;;
RO;12960;STARPROP;50,00;;
RO;12972;;4.330,00;;
RO;12972;GLYFOS DAKAR;3.490,00;;
RO;12973;GLYFOS RAPID;3.448,00;;
RO;12994;VIVER ELITE WG;28,50;;
RO;13016;BIOACT WG;0,80;;
RO;13020;MICRORAM 35 WG;65,55;;
RO;13025;MYSTIC 250 EW x 1 lt;34,00;;
RO;13025;MYSTIC 250 EW;12,00;;
RO;13039;POTCLEAN 2G;20,00;;
RO;13042;MICRORAM 20 FLOW;5,00;;
RO;13049;SULCOGAN  X 5;205,00;;
RO;13049;SULCOGAN;126,00;;
RO;13061;BIOBIT DF;311,00;;
RO;13062;DIPEL DF x 1 kg;22,00;;
RO;13063;;2,00;;
RO;13063;REGULEX 10 SG;0,70;;
RO;13064;VITENE ULTRA SC;247,00;;
RO;13065;DOMARK 125;706,25;;
RO;13068;NEORAM WG;1.920,00;;
RO;13071;SIAFEN x 0,5 lt;12,00;;
RO;13072;MANNIX;1,00;;
RO;13081;NISSORUN;10,00;;
RO;13084;TELDOR PLUS;141,90;;
RO;13084;;26,00;;
RO;13084;TELDOR PLUS x 1 lt;4,00;;
RO;13093;STOMP AQUA;4.775,00;;
RO;13093;;3.293,00;;
RO;13093;STOMP AQUA x 5 lt;760,00;;
RO;13093;STOMP AQUA x 1 lt;267,00;;
RO;13093;STOMP AQUA x 10 lt;100,00;;
RO;13093;STOMP ACQUA;8,00;;
RO;13095;DIRA-MAX LG;13,00;;
RO;13098;ROUNDUP POWER 2.0;53.135,00;;
RO;13098;;400,00;;
RO;13104;ALGOR PLATIN;220,00;;
RO;13106;IKANOS x 1 lt;1.045,00;;
RO;13106;IKANOS x 5 lt;220,00;;
RO;13106;IKANOS;7,00;;
RO;13108;CURAME BORDEAUX;649,00;;
RO;13111;THIOCUR FORTE;404,00;;
RO;13111;THIOCUR FORTE x 1 lt;48,00;;
RO;13111;;6,00;;
RO;13120;MYSTIC 430 SC x 1 lt;189,00;;
RO;13120;MYSTIC 430 SC;57,00;;
RO;13126;CABRIO DUO;988,00;;
RO;13126;CABRIO DUO x 5 lt;690,00;;
RO;13126;;246,00;;
RO;13126;CABRIO DUO x 1 lt;168,00;;
RO;13128;GOLTIX 50 WG;2.331,00;;
RO;13128;;55,00;;
RO;13128;GOLTIX 50 x 5 kg;25,00;;
RO;13128;GOLTIX 50 x 1 kg;2,00;;
RO;13130;GUNNER WG;29,50;;
RO;13133;NIBER 35 WG x 0,5 kg;7,50;;
RO;13138;SYSTHANE 4,5 PLUS;11,00;;
RO;13143;MEZENE WG;4.077,00;;
RO;13143;;520,00;;
RO;13143;MEZENE-WG;40,00;;
RO;13149;POLTIGLIA MANICA 20 WG;249,00;;
RO;13150;CURAME 35 WG;256,00;;
RO;13152;OPTIX R DISPERSS;121,00;;
RO;13152;OPTIX R DISPERSS x 1 kg;1,00;;
RO;13153;BANVEL S x 5 lt;791,00;;
RO;13153;BANVEL S x 1 lt;743,00;;
RO;13153;BANVEL S;73,00;;
RO;13154;MONDAK 480 S;42,00;;
RO;13158;REMEDIER;13,00;;
RO;13166;SPINNER WG;18,00;;
RO;13167;POMARSOL 80 WG;8.942,00;;
RO;13167;;8.470,00;;
RO;13167;POMARSOL-80-WG;20,00;;
RO;13168;LAUDIS;12.419,00;;
RO;13168;;3.988,00;;
RO;13168;LAUDIS x 5 lt;3.900,00;;
RO;13168;LAUDIS x 1 lt;332,00;;
RO;13169;CYTHRIN L;0,10;;
RO;13186;TITUS MAIS EXTRA;30,88;;
RO;13186;TITUS MAIS EXTRA x 160 gr;13,44;;
RO;13186;;6,00;;
RO;13212;CONFIDOR 200 O-TEQ;11,50;;
RO;13212;;3,00;;
RO;13212;CONFIDOR 200 O-TEQ x 0,5 lt;3,00;;
RO;13212;CONFIDOR 200 O-TEQ x 0,2 lt;0,60;;
RO;13213;R6 ERRESEI ALBIS;861,00;;
RO;13213;R6 ERRESEI ALBIS x 1 kg;7,00;;
RO;13218;FINALSAN PLUS;20,00;;
RO;13236;;1.965,00;;
RO;13236;BULLET;729,00;;
RO;13242;NICOGAN V.O.;953,00;;
RO;13244;ZOLFO VENTILATO STELLA;520,00;;
RO;13252;PLAYER 250 SC;554,00;;
RO;13253;PLAYER SC;1.195,00;;
RO;13254;PLAYER 25 WG;693,00;;
RO;13267;IMPERO;21,00;;
RO;13283;GARAK;55,00;;
RO;13285;SEVERAL;4,00;;
RO;13296;POKER 7,5;10.635,00;;
RO;13297;TRAPPER GR;70,00;;
RO;13298;QUANTUM F;40,00;;
RO;13299;MAGIO';1.952,00;;
RO;13308;DICARZOL 10 SP;10,00;;
RO;13309;DRAKE 26;139,00;;
RO;13313;CASPER;94,00;;
RO;13313;;13,00;;
RO;13313;CASPER x 1 kg;10,00;;
RO;13314;;77,00;;
RO;13314;CABRIO EC;42,00;;
RO;13323;ZAPI SULFY OIDIO ZOLFO WDG 1 KG;32,00;;
RO;13323;SULFY 80 WDG;11,20;;
RO;13324;CUPRIZOL S;4,00;;
RO;13327;GRANSTAR ULTRA SX;251,05;;
RO;13327;;140,00;;
RO;13327;GRANSTAR ULTRA SX x 200 gr;72,40;;
RO;13327;GRANSTAR ULTRA SX x 50 gr;35,75;;
RO;13329;OMNEX 10 EC;93,00;;
RO;13329;;20,00;;
RO;13332;VIP;169,00;;
RO;13332;;108,00;;
RO;13352;DIREX 7,5 GR;75,00;;
RO;13354;DIFFERENCE;8,50;;
RO;13355;TRONE;25,00;;
RO;13361;DECIS ENERGY O-TEQ;127,40;;
RO;13361;DECIS ENERGY O-TEQ x 1 lt;5,00;;
RO;13361;;1,00;;
RO;13367;DIVO;407,25;;
RO;13367;;268,00;;
RO;13370;WARRANT 200 SL;72,00;;
RO;13375;NUPRID 200 SC x 1 lt;66,00;;
RO;13375;NUPRID 200 SC;35,50;;
RO;13375;NUPRID 200 SC x 0,25 lt;7,75;;
RO;13377;COLUMBUS;297,00;;
RO;13378;ORTIVA TOP;5,00;;
RO;13382;;109,00;;
RO;13382;PERGADO SC;48,00;;
RO;13382;PERGADO R PACK HA 2  ESAU.;4,00;;
RO;13382;PERGADO R PACK HA 1  ESAU.;2,00;;
RO;13382;PERGADO SC x 0,5 lt;2,00;;
RO;13382;PERGADO SC X 1 (+ ZOMINEX);2,00;;
RO;13386;PROSARO;5.350,00;;
RO;13386;;1.991,00;;
RO;13387;FLORAMIX;240,55;;
RO;13387;FLORAMIX x 0,530 kg;94,34;;
RO;13387;;37,00;;
RO;13389;AFFIRM;9.922,00;;
RO;13389;;2.875,00;;
RO;13389;AFFIRM x 10 kg;840,00;;
RO;13389;AFFIRM x 5 kg;310,00;;
RO;13389;AFFIRM x 1 kg;136,00;;
RO;13390;TEBUSIP 46;30,00;;
RO;13391;CYTHRIN 50 EC;0,80;;
RO;13394;IMIDASECT;17,00;;
RO;13402;LUMA-KL;294,00;;
RO;13409;SILFUR WG;6.730,00;;
RO;13409;SILFUR WG (80%) x 10 kg;2.030,00;;
RO;13409;SILFUR WG (80%) x 1 kg;35,00;;
RO;13410;;447,00;;
RO;13410;FRUTTENE 76 WG;291,00;;
RO;13414;ARES 5 SC;102,00;;
RO;13440;SATEL;44,67;;
RO;13443;FUNGIBEN;1,70;;
RO;13447;HELMSTAR 75 WG;27,68;;
RO;13447;HELMSTAR-75-WG;0,10;;
RO;13451;SPARVIERO;44,25;;
RO;13455;;1.093,00;;
RO;13455;ANTIGRAM GOLD;680,00;;
RO;13455;ANTIGRAM GOLD x 1 lt;9,00;;
RO;13455;ANTIGRAM GOLD x 5 lt;5,00;;
RO;13466;SPOTLIGHT PLUS;208,00;;
RO;13466;;185,00;;
RO;13468;CLINER;0,75;;
RO;13472;ALIEN;7,00;;
RO;13482;;114,00;;
RO;13482;IMIDACHEM;69,00;;
RO;13485;FOLPEC 80 WG ADVANCE;80,00;;
RO;13486;JUDO;505,00;;
RO;13489;CYMBAL;139,50;;
RO;13489;CYMBAL 45 WG x 0,5 kg;106,00;;
RO;13495;RYU-RUN WG;720,00;;
RO;13521;HELIOCUIVRE S;100,00;;
RO;13522;SPIDER KILL;0,25;;
RO;13540;QUASAR R FLOW;140,00;;
RO;13544;STADIO M  x 2,5;32,50;;
RO;13552;ZOLVIS 80 SECTOR;171,00;;
RO;13552;;160,00;;
RO;13555;SHUT TWIN;49,00;;
RO;13560;FORZA;204,00;;
RO;13576;RAMEPLANT WG;37,20;;
RO;13578;RAME CAFFARO BLU WG NEW;1.025,00;;
RO;13579;COPPER 12;7,50;;
RO;13586;VERDERAME 20 WG;20,00;;
RO;13592;VOLARE x 1 lt;651,00;;
RO;13592;VOLARE;262,15;;
RO;13600;ZOLFO S.A.I.M. DOPPIO VENT. x 25 kg;50,00;;
RO;13600;ZOLFO S.A.I.M. DOPPIO VENT. x 10 kg;40,00;;
RO;13607;NOBIL;2,00;;
RO;13610;CLINIC SPECTRUM;20,00;;
RO;13631;CYPLAN 5 EC;110,00;;
RO;13635;POLTIGLIA 20 PB MANICA;1.230,00;;
RO;13637;PERGADO F;100,00;;
RO;13639;ACRAMITE 480 SC;4,00;;
RO;13640;IMPRINT;388,00;;
RO;13648;SIARAM 20 WG x 20 kg;1.900,00;;
RO;13648;SIARAM 20 WG x 10 kg;1.680,00;;
RO;13648;SIARAM 20 WG x 1 kg;428,00;;
RO;13667;AFIDANE 200 SL;1,00;;
RO;13687;BURT;440,00;;
RO;13689;;12,00;;
RO;13689;FLINT MAX;10,00;;
RO;13689;FLINT MAX x 0,5 kg;3,50;;
RO;13691;TRIDAN COMBI T;167,00;;
RO;13693;BACILLUS CHEMIA;140,00;;
RO;13693;;20,00;;
RO;13698;VIVANDO;167,00;;
RO;13698;;11,00;;
RO;13698;VIVANDO x 0,25 lt;1,00;;
RO;13698;VIVANDO x 1 lt;1,00;;
RO;13701;RUBIN SX;120,80;;
RO;13702;GEOTOX 7,5 C;1.196,10;;
RO;13702;GEOTOX 7,5 EC;134,00;;
RO;13702;GEOTOX 7,5C;18,00;;
RO;13707;IMPACT SUPREME;2.288,00;;
RO;13707;;1.191,00;;
RO;13707;IMPACT SUPREME x 5 lt;560,00;;
RO;13707;IMPACT SUPREME x 1 lt;73,00;;
RO;13709;U 46 PRATI;566,00;;
RO;13709;;84,00;;
RO;13709;U 46 PRATI x 1 lt;33,00;;
RO;13711;QUIZA 5 EC;10,00;;
RO;13716;CAPTAN ARVESTA 80 WG;80,00;;
RO;13719;THIAMON 80 PLUS;31,00;;
RO;13721;AFIDINA QUICK;46,00;;
RO;13722;CAL-EX 1.9 EC;309,00;;
RO;13736;TRACE;462,00;;
RO;13736;TRACE   x 0,750;147,75;;
RO;13741;SELECTA DISPERSS;91,00;;
RO;13741;;10,00;;
RO;13742;PERGADO MZ;20,00;;
RO;13742;PERGADO MZ x 1 kg;1,00;;
RO;13753;GAL-GONE;21,00;;
RO;13758;OPTIX WG;42,00;;
RO;13771;NIMROD 250 EW;733,00;;
RO;13771;NIMROD 250 EW x 1 lt;144,00;;
RO;13771;;55,00;;
RO;13771;NIMROD 250EW;1,00;;
RO;13782;DOURO 10 WG;108,00;;
RO;13786;QUANTUM R;1.639,60;;
RO;13787;RIVIERA R;833,00;;
RO;13791;GEATER-STAR;6,00;;
RO;13792;STABILAN;92,00;;
RO;13793;RUNNER M;79,00;;
RO;13794;SPADA WDG;2.107,00;;
RO;13794;;325,00;;
RO;13796;CELL;87,00;;
RO;13807;RAVENAS;188,00;;
RO;13807;RAVENAS x 0,250;5,00;;
RO;13812;NOTO 40 OD;2.357,00;;
RO;13815;TUTOR 18-15;38,00;;
RO;13817;;370,00;;
RO;13817;ALIAL WG;228,00;;
RO;13818;ALIAL TRIPLE WP;184,00;;
RO;13820;;409,00;;
RO;13820;BAYTEROID 25 EC;137,00;;
RO;13823;ALVERDE;375,69;;
RO;13823;;32,00;;
RO;13823;ZAPI DORIFORA E LEPID. ALVERDE 50 M;0,30;;
RO;13837;;65,00;;
RO;13837;SILWET L-77;4,00;;
RO;13843;ZELIG 480 EC;580,00;;
RO;13843;;263,00;;
RO;13852;DIQUA;1.029,00;;
RO;13857;CRODIX GEO;1.720,00;;
RO;13858;MEDIATOR EXTRA SL;5,32;;
RO;13872;NANDO 500 SC;3,00;;
RO;13877;KITT PRONTO;14,50;;
RO;13877;ORTO PRONTO USO;3,00;;
RO;13885;MICROCOPP NEUTRO FL;1.511,00;;
RO;13885;MICROCOPP NEUTRO FL x 1 lt;47,00;;
RO;13885;MICROCOPP NEUTRO FL x 10 lt;1,00;;
RO;13892;RAMEZIN COMBI WG NC;21,00;;
RO;13899;ASCO 45 WG;5,00;;
RO;13900;PRORAM HI TECH;27,00;;
RO;13905;BANJO;973,00;;
RO;13905;BANJO x 1 lt;170,00;;
RO;13905;;12,00;;
RO;13905;BANJO (Nuova Etichetta Pero) x 1 lt;2,00;;
RO;13913;ORIUS P;1.750,00;;
RO;13913;;315,00;;
RO;13925;BOGARD x 0,5 lt;567,00;;
RO;13925;BOGARD;30,50;;
RO;13926;SPONSOR;70,00;;
RO;13934;SULFOSAT WDG;450,00;;
RO;13943;SINPHOSATE x 20 lt;3.800,00;;
RO;13943;SINPHOSATE;3.040,00;;
RO;13955;MITIGREEN;1.345,00;;
RO;13981;CORAGEN;2.062,70;;
RO;13981;;564,00;;
RO;13981;CORAGEN x 0,300 lt;174,60;;
RO;13981;CORAGEN x 0,400 (+AVAUNT)TW.P MAIS;77,60;;
RO;13981;CORAGEN x 0,500 lt;1,00;;
RO;14005;CLORTOSIP 500 SC;8.869,00;;
RO;14005;;1.714,00;;
RO;14005;CLORTOSIP 500 SC x 5 lt;1.570,00;;
RO;14005;CLORTOSIP 500 SC x 1 lt;315,00;;
RO;14006;INDIPENDENT 25 PB  X  0,500;33,00;;
RO;14021;BREK DUO;610,00;;
RO;14021;;425,00;;
RO;14024;PERFIL 10 WP;102,50;;
RO;14034;CURENOX TOP MICRO;176,50;;
RO;14043;;35,00;;
RO;14044;JOKER 480 x 1 lt;54,00;;
RO;14055;RAME IDROSSIDO FLOW AGRISYSTEM;15,00;;
RO;14058;FEINZIN 70 DF;88,75;;
RO;14058;FEINZIN 70 DF x 0,250 kg;1,75;;
RO;14061;TRIANUM-P;1,50;;
RO;14062;ZOXIUM 240 SC;322,00;;
RO;14074;TRINEX 250 EW x 1 lt;21,00;;
RO;14074;TRINEX 250 EW;7,70;;
RO;14074;KOL TRINEX 250 EW 250 ML. PER OIDIO;3,25;;
RO;14077;CHAMP 20 DF x 10 kg;750,00;;
RO;14077;CHAMP 20 DF;48,00;;
RO;14080;MIZAR;18,00;;
RO;14091;APHOX;361,00;;
RO;14091;;56,00;;
RO;14093;ANTARKTIS;10,00;;
RO;14098;CRITTOX GD 75 x 10 kg;490,00;;
RO;14101;CARAMBA x 1 lt;4.159,00;;
RO;14101;CARAMBA;1.987,00;;
RO;14101;;4,00;;
RO;14102;;350,00;;
RO;14102;BORDOFLOW NEW;120,00;;
RO;14107;MICROBAGNABILE SC;310,00;;
RO;14123;;710,00;;
RO;14127;MEVAXIL COBRE;600,50;;
RO;14128;ZIGNAL;4,00;;
RO;14135;GRENADIER 75 DF;1,58;;
RO;14135;GRENADIER-75-DF;0,10;;
RO;14136;OBERON;15,50;;
RO;14136;;9,00;;
RO;14137;ALTACOR x 300 gr;212,00;;
RO;14137;ALTACOR;108,40;;
RO;14137;;1,00;;
RO;14137;ALTACOR x 100 gr;0,80;;
RO;14154;BAYER PIRETRO ACTIGREEN ML 20;4,00;;
RO;14154;PIRETRO ACTIGREEN;2,86;;
RO;14155;KOMPASS x 10 kg;2.720,00;;
RO;14156;CURZATE R WG;781,00;;
RO;14158;CHLORCYRINE 550 EC;21,00;;
RO;14163;SARMOX 440 WG;153,00;;
RO;14164;TRIKA ZETA;10,00;;
RO;14165;NANDO MAXI;691,00;;
RO;14165;;215,00;;
RO;14165;NANDO MAXY x 1 lt;38,00;;
RO;14166;ZETOR;1.297,00;;
RO;14166;;521,00;;
RO;14166;ZETOR x 1 lt;2,00;;
RO;14168;SILWET VELONEX;228,00;;
RO;14168;SILWET VELONEX x 1 lt;34,00;;
RO;14169;PERGADO R;500,00;;
RO;14178;TRI-BASE;737,00;;
RO;14182;ARES 25 WG;3.044,00;;
RO;14182;ARES-25-WG;2,00;;
RO;14187;SILWET FASTEX;14,50;;
RO;14193;SARMOX 45 DG;107,50;;
RO;14195;KENDO WITH ZEON TECNOLOGY x 1 lt;612,00;;
RO;14195;KENDO WITH ZEON TECHNOLOGY;57,00;;
RO;14208;;100,00;;
RO;14208;RELDAN LO;30,00;;
RO;14214;;40,00;;
RO;14214;RAPSAN 500 SC x 1 lt;40,00;;
RO;14214;RAPSAN 500 SC;15,00;;
RO;14240;PYR PRONTO;12,75;;
RO;14245;GOLEM;247,75;;
RO;14248;CLOR QUICK;7,80;;
RO;14248;ZAPI CLOR QUICK ML 100 UNIV.ABBATT.;2,60;;
RO;14257;UNDERLINE 0,2 G;1.520,00;;
RO;14262;GREENEX NF;4,08;;
RO;14290;KOHINOR 200 SL;1.584,06;;
RO;14290;KOHINOR 200 SL x 1 lt;111,00;;
RO;14290;;26,00;;
RO;14290;KOL KOHINOR 200SL ML.100;13,00;;
RO;14290;KOHINOR 200 SL x 0,25 lt;9,25;;
RO;14290;KOL KOHINOR 200SL ML.50;5,80;;
RO;14290;KOL KOHINOR 200 SL DA 5 ML;5,40;;
RO;14290;KOL KOHINOR 200SL ML.1 8F;0,02;;
RO;14294;EXECUTIVE x 100 gr;35,30;;
RO;14294;EXECUTIVE;25,00;;
RO;14294;;10,00;;
RO;14333;DIMILIN SC-15;51,00;;
RO;14336;NEMATHORIN 150 EC;7,00;;
RO;14342;VOLCAN COMBI SC;299,00;;
RO;14342;VOLCAN COMBI SC x 5 lt;200,00;;
RO;14342;VOLCAN COMBI SC x 1 lt;190,00;;
RO;14342;;18,00;;
RO;14348;AGRON;140,00;;
RO;14350;ZOLFO RAMATO VENTILATO;18,00;;
RO;14370;AMISTAR;2,00;;
RO;14377;BROS;5,00;;
RO;14381;PYRINET;15,00;;
RO;14384;ETOPROSIP G;180,00;;
RO;14386;OLIONET;60,00;;
RO;14387;NERVURE SUPER;4.996,00;;
RO;14387;NERVURE SUPER x 1 lt;1,00;;
RO;14389;DESSICASH 200 SL;18,00;;
RO;14405;;6.692,00;;
RO;14405;MERLIN FLEXX;3.091,00;;
RO;14405;MERLIN FLEXX x 10 lt;100,00;;
RO;14405;MERLIN FLEXX x 2 lt;74,00;;
RO;14407;RUNWAY;21,25;;
RO;14409;MOVENTO 48 SC;2.613,90;;
RO;14409;;1.054,00;;
RO;14409;MOVENTO 48 SC x 5 lt;70,00;;
RO;14409;MOVENTO 48 SC x 1 lt;50,00;;
RO;14414;DUSTY;270,50;;
RO;14418;PULSAR 40 SL;1.752,00;;
RO;14418;PULSAR 40 SL (IP) x 1 lt;217,00;;
RO;14418;PULSAR 40 SL (IP) x 5 lt;70,00;;
RO;14419;TRUST SC;1,25;;
RO;14423;PRIMISOL 80 WDG;7,00;;
RO;14423;PRIMISOL ZOLFO BAGNABILE;3,00;;
RO;14426;GEODIS;158,00;;
RO;14426;;67,00;;
RO;14431;LENTAGRAN 45 WP;45,40;;
RO;14431;;7,00;;
RO;14431;LENTAGRAN 45 WP x 1 kg;6,00;;
RO;14432;METRIC;625,00;;
RO;14434;NUANCE;0,06;;
RO;14441;VALZER SC;82,00;;
RO;14441;;2,00;;
RO;14468;ROMIN T;600,00;;
RO;14469;ROMIN 600;200,00;;
RO;14472;PARTNER EC;355,00;;
RO;14472;;88,00;;
RO;14488;ANTRACOL 70 WG x 10 kg;900,00;;
RO;14488;ANTRACOL 70 WG;570,00;;
RO;14488;;240,00;;
RO;14510;ELECTIS TRIO;62,00;;
RO;14514;BOOSTER;6,00;;
RO;14521;DIMETHOAT ST40;84,00;;
RO;14523;CARPO 600;476,50;;
RO;14527;SUDOKU TOP;5,00;;
RO;14540;SEPARO;30,00;;
RO;14540;;1,00;;
RO;14541;RAVENAS EXTRA;16,00;;
RO;14543;FLUIZOL;59,00;;
RO;14550;HOOK 480 PLUS;43,00;;
RO;14559;AGREE WG;3,00;;
RO;14575;;18,00;;
RO;14575;TRIMMER SX;11,62;;
RO;14575;TRIMMER SX x 20 gr;1,50;;
RO;14576;CUTRIL EVO;1.060,00;;
RO;14577;FORUM R 3B;1.276,00;;
RO;14577;;644,00;;
RO;14577;FORUM R 3B x 1 kg;243,00;;
RO;14577;FORUM R 3B x 10 kg;60,00;;
RO;14579;RAMIN 30 DF;1.258,00;;
RO;14579;RAMIN-30-DF;30,00;;
RO;14580;ROBO' EC;0,30;;
RO;14582;FENGIB;35,00;;
RO;14636;BIOLID UP;3.190,00;;
RO;14638;NETOR;1.580,00;;
RO;14642;RIDOMIL GOLD R WG;7.340,00;;
RO;14642;;2.670,00;;
RO;14642;RIDOMIL GOLD R WG x 10 kg;230,00;;
RO;14642;RIDOMIL GOLD R WG x 1 kg;167,00;;
RO;14643;CENTIUM 36 CS;110,00;;
RO;14643;;49,00;;
RO;14643;CENTIUM 36 CS x 1 lt;32,00;;
RO;14647;VIVAL;11.621,00;;
RO;14650;ROGATOX 40 ST;10,00;;
RO;14655;VIVER WDG;84,00;;
RO;14663;ACCEL 40 SG;1,00;;
RO;14664;BERELEX 40 SG;2,93;;
RO;14664;;2,00;;
RO;14664;BERELEX 40 SG (astuccio 25 gr);0,02;;
RO;14683;GIB-BIO;1,00;;
RO;14685;ACROBAT R 3B x 10 kg;5.340,00;;
RO;14685;ACROBAT R 3B;70,00;;
RO;14687;QUAD-GLOB 200 SL x 20 lt;800,00;;
RO;14687;QUAD-GLOB 200 SL;795,00;;
RO;14687;QUAD-GLOB 200 SL x 5 lt;745,00;;
RO;14687;QUAD-GLOB 200 SL x 1 lt;93,00;;
RO;14687;;40,00;;
RO;14693;VIP 80 EC x 0,75 lt;55,50;;
RO;14693;VIP 80 EC;45,75;;
RO;14693;VIP-80-EC;0,75;;
RO;14697;ENERVIN DUO;133,00;;
RO;14697;ENERVIN DUO x 1 lt;60,00;;
RO;14697;;38,00;;
RO;14697;ENERVIN DUO x 5 lt;30,00;;
RO;14699;GEOXE;176,50;;
RO;14699;;77,00;;
RO;14724;CIP;3,50;;
RO;14728;CELIO;12,75;;
RO;14730;CHIMIGOR 40 ST;20,00;;
RO;14735;RANMAN TOP;230,00;;
RO;14735;RANMAN TOP x 2 lt;38,00;;
RO;14737;ROUNDUP PLATINUM;30.212,00;;
RO;14737;;1.332,00;;
RO;14737;ROUNDUP PLATINUM LT. 200;400,00;;
RO;14737;ROUNDUP PLATINUM LT.15;270,00;;
RO;14737;ROUNDUP PLATINUM LT. 1;121,00;;
RO;14737;ROUNDUP PLATINUM LT.5;20,00;;
RO;14739;DECIS PROTECT;21,00;;
RO;14739;DECIS PROTECT AL;7,00;;
RO;14758;KARATE WITH ZEON TECHNOLOGY 1.5 HOB;3,02;;
RO;14759;SULC0CAP;116,00;;
RO;14764;SLUXX;90,00;;
RO;14764;SLUXX KG.5;4,00;;
RO;14765;ELUMIS;1.365,00;;
RO;14765;;108,00;;
RO;14766;ACTARA 240 SC;51,00;;
RO;14768;CALIBAN TOP;10,00;;
RO;14769;COMET 250 EC;2.333,50;;
RO;14769;;4,00;;
RO;14772;BANDERA;22,00;;
RO;14785;DRISCOLL;20,00;;
RO;14792;MELODY TREVI x 1 kg;114,00;;
RO;14792;MELODY TREVI x 8 kg;8,00;;
RO;14794;MYSTIC CLASS;60,00;;
RO;14797;SIATTOL 200 SL;0,10;;
RO;14799;AFLOR 200 SL;1,15;;
RO;14799;ZAPI AFICIDA SIST.ML.50 AFLOR 200SL;0,70;;
RO;14799;ZAPI AFICIDA SIST.ML.5 AFLOR 200SL;0,09;;
RO;14803;ELECTIS ZR;95,00;;
RO;14804;COPPER - DF;3,75;;
RO;14807;LUZINDO;62,00;;
RO;14807;;0,00;;
RO;14809;CUPRAVIT BIO EVOLUTION x 10 kg;80,00;;
RO;14809;CUPRAVIT BIO EVOLUTION;36,00;;
RO;14809;CUPRAVIT BIO EVOLUTION x 1 kg;1,00;;
RO;14812;ENERVIN TOP WG x 1 kg;14,00;;
RO;14812;;10,00;;
RO;14812;ENERVIN TOP;10,00;;
RO;14815;ADENGO;8.272,00;;
RO;14815;;1.778,00;;
RO;14815;ADENGO x 10 lt;1.260,00;;
RO;14815;ADENGO x 2 lt;554,00;;
RO;14818;ACANTO;2.022,00;;
RO;14818;;788,00;;
RO;14818;ACANTO x 1 lt;48,00;;
RO;14819;VALIS M;96,00;;
RO;14828;NUPRID SUPREME SC x 1 lt;219,00;;
RO;14828;NUPRID SUPREME SC;12,00;;
RO;14832;EMENDO M;54,00;;
RO;14837;GLIFOSAR FLASH;11.771,00;;
RO;14838;GALLUP BIOGRADE 360 x 20 lt;8.760,00;;
RO;14838;BARCLAY GALLUP BIOGRADE 360;221,00;;
RO;14838;GALLUP BIOGRADE 360 x 5 lt;15,00;;
RO;14844;CLUSTER 500;813,00;;
RO;14844;CLUSTER-500;6,00;;
RO;14845;MYSTIC PLUS S;115,00;;
RO;14845;MYSTIC PLUS S x 1 kg;25,00;;
RO;14854;KARAMAT M;2,00;;
RO;14857;ABOTRIL 500;24,00;;
RO;14867;SYNERO;10,00;;
RO;14867;SYNERO  X  1;5,00;;
RO;14868;IDROX 22 NEW;20,00;;
RO;14872;;13,00;;
RO;14872;BELLIS DRUPACEE x 2,5 kg;10,00;;
RO;14872;BELLIS DRUPACEE;5,00;;
RO;14876;GRANDSTAND;6,00;;
RO;14879;LONTREL 72 SG;18,15;;
RO;14879;LONTREL 72 SG x 150 gr;18,00;;
RO;14879;;4,00;;
RO;14884;CORUM;11.941,00;;
RO;14884;;2.795,00;;
RO;14884;CORUM x 1 lt;410,00;;
RO;14895;LANNATE 20 SL;145,50;;
RO;14895;;24,00;;
RO;14895;LANNATE 20 SL x 1 lt;4,00;;
RO;14897;FLUROSTAR 200;180,00;;
RO;14897;;3,00;;
RO;14900;KENKIO;2.720,00;;
RO;14901;CONCORDE 125 x 0,5 lt;0,50;;
RO;14901;CONCORDE 125;0,40;;
RO;14909;NURELLE 5;676,00;;
RO;14909;;31,00;;
RO;14909;NURELLE 5 x 1 lt;8,00;;
RO;14931;GRISU;180,00;;
RO;14931;;50,00;;
RO;14935;TRAXOS ONE;2.046,00;;
RO;14935;TRAXOS ONE x 1 lt;416,00;;
RO;14935;TRAXOS ONE x 5 lt;210,00;;
RO;14936;AMPLIGO;592,50;;
RO;14936;;27,00;;
RO;14936;AMPLIGO x 1 lt;12,00;;
RO;14936;AMPLIGO x 0,5 lt;4,50;;
RO;14937;VOLIAM TARGO;7,00;;
RO;14940;TAKUMI;13,75;;
RO;14940;TAKUMI x 0,5 lt;4,50;;
RO;14944;FLUXYR 200 EC;631,00;;
RO;14944;;98,00;;
RO;14944;FLUXIR 200 EC;15,00;;
RO;14946;BARCLAY GALLUP SUPER 450;60,00;;
RO;14948;ACTARA HOBBY;0,12;;
RO;14951;BOTECTOR;10,80;;
RO;14967;TIPTOR ULTRA;1.721,00;;
RO;14967;;702,00;;
RO;14967;TIPTOR ULTRA x 1 lt;12,00;;
RO;14972;DICARZOL 50 SP;81,00;;
RO;14974;BELEM 0.8 MG;5.592,00;;
RO;14980;AFFINITY PLUS;292,00;;
RO;14985;RETENGO PLUS;3,00;;
RO;14986;OPERA NEW;5.060,00;;
RO;14986;;3.310,00;;
RO;14986;OPERA NEW x 5 lt;180,00;;
RO;15005;FONTELIS;707,00;;
RO;15005;;44,00;;
RO;15005;FONTELIS x 1 lt;15,00;;
RO;15006;TRAXOS PRONTO x 1 lt (1 HA);40,00;;
RO;15006;TRAXOS PRONTO;38,00;;
RO;15006;TRAXOS PRONTO x 5 lt (5 HA);10,00;;
RO;15007;AXIAL PRONTO;56,50;;
RO;15007;AXIAL PRONTO x 1 lt;31,00;;
RO;15007;;3,00;;
RO;15008;LBG - 01F34;196,00;;
RO;15010;AMISTAR PLUS LT.10 (2 XN);360,00;;
RO;15010;AMISTAR PLUS LT.1 (2 XN);179,00;;
RO;15013;NATRIA LUMACHICIDA;10,80;;
RO;15019;RIVIERA;350,00;;
RO;15020;;2.340,00;;
RO;15023;;300,00;;
RO;15024;MESUROL 200 SC;375,00;;
RO;15024;;25,00;;
RO;15024;MESUROL 200 SC x 1 lt;10,00;;
RO;15030;COSSACK;85,80;;
RO;15030;COSSACK x 0,6 kg;21,60;;
RO;15034;KOL DICOPHAR ML.100;10,00;;
RO;15037;BREZZA;10,00;;
RO;15037;;7,00;;
RO;15039;GAMIT 36 CS;20,00;;
RO;15041;OPINION ECNA;46,00;;
RO;15047;;72,00;;
RO;15047;R6 ERRESEI BORDEAUX WG;13,25;;
RO;15049;MODDUS;947,00;;
RO;15049;MODDUS x 1 lt;509,00;;
RO;15049;;146,00;;
RO;15050;;2.828,00;;
RO;15050;VERTIMEC PRO;703,00;;
RO;15050;VERTIMEC PRO x 1 lt;179,00;;
RO;15050;VERTIMEC PRO x 5 lt;65,00;;
RO;15051;KYLEO;705,00;;
RO;15052;KAIMO SORBIE;302,90;;
RO;15053;ADMIRAL ECHO;24,00;;
RO;15053;ADMIRAL ECHO x 1 lt;10,00;;
RO;15058;PRINCIPAL MAIS;157,96;;
RO;15058;PRINCIPAL MAIS x 440 gr;137,00;;
RO;15058;;104,00;;
RO;15059;DECIS EVO;1.175,50;;
RO;15059;;222,00;;
RO;15059;DECIS EVO x 1 lt;204,00;;
RO;15059;DECIS EVO x 5 lt;165,00;;
RO;15059;DECIS EVO LT. 1;3,00;;
RO;15059;DECIS EVO ML. 250;1,25;;
RO;15062;PIRAMAX  EC;109,00;;
RO;15063;NIMBLE x 50 gr;47,50;;
RO;15063;NIMBLE;22,80;;
RO;15064;MAESTRO WG ADVANCE;1.020,00;;
RO;15071;EVOLUTION;80,00;;
RO;15071;;3,00;;
RO;15083;AUDACE x 1 lt;170,00;;
RO;15088;CLARIDO;115,00;;
RO;15093;CENTURIO;149,00;;
RO;15093;CENTURIO x 5 kg;20,00;;
RO;15093;KOLLANT CENTURIO KG 3;12,00;;
RO;15100;NECTAR PLUS;11,00;;
RO;15101;CIMORAM ULTRA WG;55,00;;
RO;15102;VITENE R WG;113,00;;
RO;15111;MIRADOR SC;340,00;;
RO;15111;;83,00;;
RO;15112;SIMPLIA;69,00;;
RO;15112;SIMPLIA x 1 lt;60,00;;
RO;15114;MACCANI;433,00;;
RO;15122;ACTELLIC 50 NEWPHARM;30,00;;
RO;15123;ALTAIR 4,5 EW;36,00;;
RO;15124;ZANTARA;3.159,00;;
RO;15124;;768,00;;
RO;15125;PROLECTUS;51,00;;
RO;15130;INTREPID;88,00;;
RO;15139;INDIPENDENT SC-15;875,00;;
RO;15145;TEMPLIER x 180 gr;0,18;;
RO;15148;ENVIROMITE 480 SC;0,09;;
RO;15168;ZORO 1.9 EW;504,00;;
RO;15168;;309,00;;
RO;15168;ZORO 1.9 EW x 1 lt;11,00;;
RO;15177;ROTATE PLUS DF x 1 kg;285,00;;
RO;15177;ROTATE PLUS DF;10,00;;
RO;15180;RIVET PLUS x 1 lt;63,00;;
RO;15181;;612,00;;
RO;15181;CIRRUS CS;417,50;;
RO;15185;MARKATE 100 CS;3,75;;
RO;15187;NAUTIUS;20,00;;
RO;15193;CONTATTO PIU' EXTRA;1.101,00;;
RO;15193;CONTATTO PI  EXTRA x 5 lt;395,00;;
RO;15193;CONTATTO PIU EXTRA x 1 lt;174,00;;
RO;15196;;12,00;;
RO;15198;AZBANY;207,00;;
RO;15199;SAKURA;231,00;;
RO;15200;QUALY;8,00;;
RO;15201;FLOXY 355 SC;161,00;;
RO;15219;VITIPEC MZ;8,00;;
RO;15221;ZETARAM PLUS;90,00;;
RO;15227;MESUROL EVOLUTION;1,40;;
RO;15229;STOPPER P;0,75;;
RO;15232;CUSTODIA;1.432,00;;
RO;15232;CUSTODIA x 5 lt;45,00;;
RO;15235;;2.410,00;;
RO;15235;MOMENTUM;5,00;;
RO;15236;ZAMMO;117,00;;
RO;15236;ZAMMO x 1 lt;5,00;;
RO;15237;CHIKARA DUO;3,00;;
RO;15250;COPRANTOL DUO;310,00;;
RO;15253;FALCON MK x 5 lt;2.090,00;;
RO;15253;FALCON MK x 1 lt;1.385,00;;
RO;15253;FALCON MK;87,00;;
RO;15256;;130,00;;
RO;15264;ENERVIN SC;147,00;;
RO;15265;;5,00;;
RO;15270;PROFELIS;1,11;;
RO;15273;BITAM 15 EC;56,00;;
RO;15275;KUSTI;1.296,00;;
RO;15285;PRIMMA STAR;9,98;;
RO;15286;KENDO ZEON 1.5 x 1 lt;33,00;;
RO;15289;SERENADE NATRIA;2,60;;
RO;15290;AXIDOR;55,00;;
RO;15290;AXIDOR x 5 lt;15,00;;
RO;15292;;150,00;;
RO;15294;KENDO BI-ACTIVE x 1 lt;457,00;;
RO;15294;KENDO BI-ACTIVE;117,00;;
RO;15300;ARMETIL FLOW;21,00;;
RO;15302;AMYLO-X;107,00;;
RO;15307;;711,00;;
RO;15307;DEDALUS 25 WDG;327,50;;
RO;15310;NISSHIN EXTRA 6 OD;274,00;;
RO;15318;OURAGAN;62,00;;
RO;15325;CORNER MZ WG;23,00;;
RO;15326;CUPROTEK DISPERSS x 10 kg;130,00;;
RO;15333;APPLAUD PLUS;9,10;;
RO;15333;;4,00;;
RO;15334;SULFO' 80 DF;250,00;;
RO;15335;U 46 ULTRA;345,00;;
RO;15335;U 46 ULTRA x 5 lt;65,00;;
RO;15335;U 46 ULTRA x 1 lt;38,00;;
RO;15337;EXPRESS SUN;0,30;;
RO;15344;FILAN WG;112,00;;
RO;15344;;50,00;;
RO;15348;RIDOMIL GOLD R LIQUIDO;572,00;;
RO;15349;ARES 430 SC;863,00;;
RO;15349;;238,00;;
RO;15351;POWERSHUT;37,00;;
RO;15356;SPHINX SC;16,00;;
RO;15356;AVIATOR SC;14,00;;
RO;15356;;4,00;;
RO;15359;VITIL 8-64 WG;430,00;;
RO;15361;LIETO;27,45;;
RO;15367;VIVAL 450 SL;820,00;;
RO;15370;FURY GEO;17.250,00;;
RO;15370;FURY GEO x 10 kg;8.400,00;;
RO;15371;BELEM PROTEZIONE x 12 kg;14.712,00;;
RO;15371;BELEM PROTEZIONE;3.804,00;;
RO;15378;TRAXOS PRONTO 60;1.599,00;;
RO;15378;;907,00;;
RO;15378;TRAXOS PRONTO 60 x 1 lt;410,00;;
RO;15378;TRAXOS PRONTO 60 x 5 lt;295,00;;
RO;15379;AXIAL PRONTO 60;544,00;;
RO;15379;;165,00;;
RO;15379;AXIAL PRONTO 60 x 0,75 lt (1 Ha);27,00;;
RO;15384;LUNA EXPERIENCE;451,00;;
RO;15384;;311,00;;
RO;15384;LUNA EXPERIENCE x 1 lt;41,00;;
RO;15388;MEXIL ORO R WG;125,00;;
RO;15389;FLARE GOLD R WG x 10 kg;4.160,00;;
RO;15392;QUANTUM MZ WDG;225,00;;
RO;15395;ATHADO 40 SC;132,00;;
RO;15401;TAIFUN MK CL;19.052,00;;
RO;15401;;17.020,00;;
RO;15401;TAIFUN MK CL x 20 lt;1.200,00;;
RO;15402;DELTASAP;2,00;;
RO;15403;MIDASH;4,00;;
RO;15405;SHAMAL MK PLUS CL;1.200,00;;
RO;15406;DICUMBA;768,00;;
RO;15408;;640,00;;
RO;15408;MAXIMA;360,00;;
RO;15409;DECISION;395,00;;
RO;15419;ELECTIS R FLOW;156,00;;
RO;15420;DIQUASH;605,00;;
RO;15422;KELVIN DUO x 180 gr;32,00;;
RO;15428;WINNER OD;11,00;;
RO;15433;ATLAS;3,00;;
RO;15436;MYCOTAL;2,00;;
RO;15449;CIDELY;55,00;;
RO;15449;CIDELY x 1 lt;6,00;;
RO;15449;;2,00;;
RO;15468;ACASTA;749,50;;
RO;15468;;155,00;;
RO;15483;WISH;747,00;;
RO;15487;INSTANT;479,00;;
RO;15488;IRAZU TOP;38,00;;
RO;15488;IRAZU TOP KG.1;37,00;;
RO;15489;ZEUS DUO;30,00;;
RO;15493;SIMUN 40 OD;752,00;;
RO;15498;ARPEL DUO;7,00;;
RO;15499;SONG 70 WDG;39,00;;
RO;15499;;2,00;;
RO;15501;QUIZ;130,00;;
RO;15505;SILBOT 500 SC x 1 lt;3,00;;
RO;15507;CREW SUPERB;1.076,00;;
RO;15509;MOSAIKO COMBI;17,00;;
RO;15513;OSSICLOR 35 WG GREEN;385,00;;
RO;15513;;125,00;;
RO;15514;CUPRAVIT BLU 35WG;75,00;;
RO;15514;CUPRAVIT BLU 35 WG;15,30;;
RO;15515;;3.600,00;;
RO;15533;;36,00;;
RO;15546;BIATHLON 4D;233,45;;
RO;15546;;78,00;;
RO;15546;BIATHLON 4D x 350 gr;16,45;;
RO;15553;REGALIS PLUS;157,50;;
RO;15553;;47,00;;
RO;15553;REGALIS PLUS x 1,5 kg;4,50;;
RO;15566;VISION PLUS;247,00;;
RO;15566;;210,00;;
RO;15566;VISION PLUS x 1 lt;11,00;;
RO;15569;LOOP 40 x 5 lt;1.040,00;;
RO;15569;LOOP 40;474,00;;
RO;15569;LOOP 40 x 1 lt;221,00;;
RO;15572;;53,00;;
RO;15572;ZOMINEX x 1 lt (+PERGADO SC x 1);2,00;;
RO;15572;ZOMINEX;1,00;;
RO;15573;PROMESS SL;269,00;;
RO;15574;KARMA 85;770,00;;
RO;15574;;60,00;;
RO;15576;;40,00;;
RO;15580;ESTUDER;43,00;;
RO;15583;;110,00;;
RO;15583;PIRAT;25,00;;
RO;15591;PREVINT TOP;555,00;;
RO;15596;LASCAR;343,00;;
RO;15596;;49,00;;
RO;15596;LASCAR  x 1;29,00;;
RO;15598;CARPOVIRUSINE EVO 2;540,00;;
RO;15603;ERBIFEN K;680,00;;
RO;15606;SUTRA 100 CS;19,00;;
RO;15608;VERSAR;21,00;;
RO;15610;CYPERKILL 50 EC;9,00;;
RO;15612;SEMPRA X 0,150;0,75;;
RO;15621;BOTTO 50 EC;140,00;;
RO;15623;COSMOS 550 EC;108,00;;
RO;15625;TERMINUS SC;3,00;;
RO;15627;PAPYRUS 400 SC;3,00;;
RO;15629;BADGER 45% WG;10,50;;
RO;15630;PALMAS 45% WG;11,50;;
RO;15633;REVUS TOP;12,00;;
RO;15640;PROLINE STAR x 1 lt;352,00;;
RO;15640;PROLINE STAR;237,00;;
RO;15640;PROLINE STAR x 5 lt;235,00;;
RO;15642;HYDRA PLUS;100,00;;
RO;15642;HIDRA PLUS LT.5;65,00;;
RO;15644;LANDMASTER;1.120,00;;
RO;15646;VIVER 250 EC;18,00;;
RO;15654;ACCORD;429,00;;
RO;15655;KEETON 25 WG;155,00;;
RO;15655;KEETON 25 WG x 1 kg;9,00;;
RO;15661;SENEGO;0,75;;
RO;15662;LESTRA;0,08;;
RO;15663;CUPRAVIT 35 WG;1.040,00;;
RO;15668;GHIBLI 240 OD;19,75;;
RO;15680;MITRHA 40 SC;280,00;;
RO;15680;MITHRA 40 SC x 5 lt;60,00;;
RO;15680;MITHRA 40 SC x 1 lt;32,00;;
RO;15681;LUMADRY ESCA;125,00;;
RO;15690;ALIAL RAMATO;171,00;;
RO;15699;EMI 48;46,00;;
RO;15699;EMI 48 (IP) x 1 lt;1,00;;
RO;15710;CLINCHER ONE x 5 lt;730,00;;
RO;15710;CLINCHER ONE;690,00;;
RO;15711;ALSYSTIN;60,50;;
RO;15711;ALSYSTIN x 0,5 kg;3,50;;
RO;15711;;3,00;;
RO;15713;DIABLO SC;65,80;;
RO;15713;DIABLO SC x 0,2 lt;6,80;;
RO;15713;;2,00;;
RO;15738;STOPWEED 480 x 1 lt;266,00;;
RO;15738;STOPWEED 480;65,00;;
RO;15741;AVADEX FACTOR;1.120,00;;
RO;15741;AVADEX FACTOR N.ETIC.X 10(PRESSING);17,00;;
RO;15745;SHARPEN 40% SC;27,00;;
RO;15746;EXTENSOR OD x 10 lt;10,00;;
RO;15751;VITENE TRIPLO R;45,00;;
RO;15754;SHARPEN 33% EC;49,00;;
RO;15755;CERATIPACK;74,00;;
RO;15758;QUILT XCEL x 5 lt;20,00;;
RO;15758;QUILT XCEL;15,00;;
RO;15758;QUILT XCEL x 1 lt;2,00;;
RO;15779;ABANTO;0,24;;
RO;15780;OSSICLOR 50 PB GREEN;2.340,00;;
RO;15780;;1.060,00;;
RO;15790;AMISTAR TOP;15,00;;
RO;15831;VACCIPLANT;8,00;;
RO;15834;TRACER 120;3,00;;
RO;15839;MAXCEL 2SL;16,00;;
RO;15841;FLOCTER x 10 kg;40,00;;
RO;15842;AFICIONADO;738,00;;
RO;15842;AFICIONADO x 3 lt;405,00;;
RO;15842;;69,00;;
RO;15844;SLOGAN TOP;5,00;;
RO;15845;ARAGON;698,00;;
RO;15845;;106,00;;
RO;15846;;145,00;;
RO;15846;BIO ETEFON;28,00;;
RO;15847;MAKURI;685,50;;
RO;15857;R6 ERRESEI PASADOBLE;70,00;;
RO;15863;BALENO FLASH;94,00;;
RO;15864;MONDARE PIU';113,00;;
RO;15877;CONSENTO;132,00;;
RO;15877;;92,00;;
RO;15882;ATILLA;1.040,00;;
RO;15882;ATILLA (BICARB. POTASSIO) x 10 kg;260,00;;
RO;15886;METAREX INOV;572,00;;
RO;15886;;95,00;;
RO;15890;CURZATE 60 WG;12,00;;
RO;15891;BLAISE;1.428,00;;
RO;15900;TRIKA EXPERT;73.880,00;;
RO;15900;;7.460,00;;
RO;15900;TRIKA EXPERT x 10 kg;7.060,00;;
RO;15901;ERCOLE;10.200,00;;
RO;15901;ERCOLE x 10 kg;6.210,00;;
RO;15901;;1.450,00;;
RO;15907;PRESIDIUM ONE;591,00;;
RO;15912;CUPRO ISAGRO WG;4.666,00;;
RO;15924;RUSTLER;855,00;;
RO;15926;MOJANG 600;150,00;;
RO;15927;;800,00;;
RO;15927;MOJANG T;165,00;;
RO;15929;JALISCO;18,00;;
RO;15931;GLORIAL JET;26,00;;
RO;15933;AXIENDO PRONTO USO;15,00;;
RO;15936;IMAZAMOX 40;372,00;;
RO;15937;PYPHEN NEW 10 EC;4,00;;
RO;15948;MULIGAN;242,00;;
RO;15948;;97,00;;
RO;15961;;334,00;;
RO;15961;RETENGO NEW;191,00;;
RO;15961;RETENGO NEWS x 1 lt;7,00;;
RO;15989;;204,00;;
RO;15989;COMRADE;48,00;;
RO;15996;PATRIOT DRY;48,00;;
RO;16000;MINUET GR;15,00;;
RO;16010;ACRUX 10 WP;17,10;;
RO;16010;;2,00;;
RO;16014;AGRO-LIM;130,00;;
RO;16031;LUNA DEVOTION;17,00;;
RO;16042;TOSCANA;3,27;;
RO;16051;LENNS;190,00;;
RO;16051;;145,00;;
RO;16054;SINSTAR;717,00;;
RO;16054;SINSTAR x 1 lt;125,00;;
RO;16063;ARIGO;132,08;;
RO;16065;TOPIK ONE;52,75;;
RO;16071;MESOZIN 70 WG;251,75;;
RO;16071;;121,00;;
RO;16075;AGHERUD M;352,00;;
RO;16083;STIKER FLOW;31,60;;
RO;16084;BREVIS;52,00;;
RO;16084;;30,00;;
RO;16086;NEMGUARD GRANULES;140,00;;
RO;16088;NEMADATE;10,00;;
RO;16088;NEMADATE x 10 lt;10,00;;
RO;16089;BUGUIS;374,00;;
RO;16098;NIBER 70 DF x 0,250 kg;318,75;;
RO;16098;NIBER 70 DF;49,00;;
RO;16099;;118,00;;
RO;16099;SINIS 70 DF;59,75;;
RO;16104;ELECTIS TRIO WDG;114,00;;
RO;16111;ROSAN;56,00;;
RO;16115;;55,00;;
RO;16115;CHARAN CM;33,99;;
RO;16116;;9,00;;
RO;16116;CHARAN OFM;8,87;;
RO;16117;SERBY;7,00;;
RO;16124;JUVINAL ECHO PLUS;19,00;;
RO;16124;JUVINAL ECHO PLUS x 1 lt;9,00;;
RO;16126;FLANCO SC;25,35;;
RO;16126;;19,00;;
RO;16136;LUMA-GOLD;25,10;;
RO;16137;OSIRIS;4.500,00;;
RO;16139;SEGURIS XTRA x 5 lt;1.145,00;;
RO;16139;SEGURIS XTRA;978,00;;
RO;16139;SEGURIS XTRA x 1 lt;562,00;;
RO;16139;SEGURIS  XTRA;60,00;;
RO;16139;;38,00;;
RO;16149;BABEL x 1 lt;12,00;;
RO;16172;CAL-EX 1,9 EW;2.791,00;;
RO;16172;CAL-EX 1.9 EW x 1 lt;405,00;;
RO;16181;DELTAMIX 25;55,00;;
RO;16187;QUBIC R PRO;180,00;;
RO;16188;MEDIATOR PLUS;1,25;;
RO;16191;TRIMAXX;497,00;;
RO;16191;;67,00;;
RO;16191;TRIMAXX x 1 lt;43,00;;
RO;16194;ETRAVON PRO;160,00;;
RO;16205;IDROX 20;80,00;;
RO;16206;MARKER 600;285,00;;
RO;16210;;10,00;;
RO;16221;MADEX TOP;19,00;;
RO;16221;MADEX TOP x 0,1 lt;6,30;;
RO;16223;CUSTOM;190,00;;
RO;16227;FOLPAN COMBI;910,00;;
RO;16229;RAM CYM 44 WG;12,00;;
RO;16232;MINERVE;37,50;;
RO;16242;CAPTAIN 80 WG;100,00;;
RO;16274;PLANTAGEN x 1 lt;33,00;;
RO;16293;PACLOT NEW;110,00;;
RO;16293;;31,00;;
RO;16293;PACLOT NEW x 1 lt;5,00;;
RO;16297;SUPPORT 100 EC;6,00;;
RO;16299;PASSAT SL x 5 lt;1.910,00;;
RO;16299;PASSAT SL x 1 lt;1.569,00;;
RO;16299;PASSAT SL;35,00;;
RO;16305;BONZI;15,00;;
RO;16325;EPIK SL;1.311,50;;
RO;16325;;340,00;;
RO;16325;EPIK SL x 1 lt;210,00;;
RO;16325;EPIK SL x 5 lt;20,00;;
RO;16327;HELOSATE;220,00;;
RO;16353;SIRAZOL;292,00;;
RO;16363;SIRTAKI;288,00;;
RO;16363;SIRTAKI x 1 lt;179,00;;
RO;16363;;9,00;;
RO;16364;BISMARK;1.142,00;;
RO;16364;BISMARK x 10 lt;600,00;;
RO;16364;BISMARK x 1 lt;213,00;;
RO;16364;;177,00;;
RO;16364;BISMARK x 5 lt;35,00;;
RO;16369;ORTIVA TOP SC;74,00;;
RO;16379;PREV-AM PLUS;324,00;;
RO;16395;MOHICAN 500 SC;3,00;;
RO;16396;TEMSA 100;27,00;;
RO;16405;IMAGE GOLD;140,00;;
RO;16415;MADEX TWIN;2,20;;
RO;16416;FENOTRIX 300 SC;362,00;;
RO;16436;DECIS PROTECT EC;12,00;;
RO;16437;ACANTO PLUS;116,00;;
RO;16438;VELUM PRIME;10,50;;
RO;16438;VELUM PRIME x 0,5 lt;2,00;;
RO;16480;3LOGY;16,00;;
RO;16483;TEMIDE 50 WG;200,00;;
RO;16485;ROMULAN;9,00;;
RO;16486;RAGTIME 250;27,00;;
RO;16486;;6,00;;
RO;16496;CURIT ORTO;3,00;;
RO;16498;CETUS 360 CS;162,00;;
RO;16513;AZOCIP;20,00;;
RO;16514;CIPROXY;140,00;;
RO;16527;;8,00;;
RO;16527;TELLUS WP;3,00;;
RO;16528;GHIBLI 40 OD;985,00;;
RO;16528;;556,00;;
RO;16542;LAOTTA;179,00;;
RO;16545;COPRANTOL HI BIO 2.0;1,00;;
RO;16561;RIKALI;315,00;;
RO;16566;KUPPER 20 WG;50,00;;
RO;16567;TRICOPPERLAND x 10 kg;10,00;;
RO;16573;DELTACOM;1,00;;
RO;16580;VIPER ON x 5 lt;420,00;;
RO;16668;GEOCLEAN VI;5.250,00;;
RO;16669;DIGEO VIII;380,00;;
RO;16672;D-D SOIL;5.520,00;;
RO;16684;TELONE II 2016 x 200 lt;43.200,00;;
RO;16684;TELONE II 2016;25.480,00;;
RO;16713;STAM NOVEL FLO 2016;120,00;;
RO;16716;FACET L;50,00;;
RO;16719;BEAM 16;230,00;;
RO;16719;BEAM 16  X 1;111,00;;
RO;16722;EXIREL 2016;4,00;;
RO;16728;AF-X1;3.305,00;;
RO;16728;AF-X1 2016;1.762,50;;
RO;16728;AF-X1 2016 x 12,5 kg;1.488,00;;
RO;16728;;125,00;;
TV;13;THIOPRON;23.470,00;;
TV;13;THIOPRON X 10LT CLP;570,00;;
TV;13;;410,00;;
TV;13;THIOPRON X 10LT;130,00;;
TV;17;U 46 COMBI FLUID;72,00;;
TV;206;ALBENE;182,00;;
TV;449;MOCAP;315,00;;
TV;599;ACUPRICO 76 WG;375,00;;
TV;599;ACUPRICO 76 WG KG 5;10,00;;
TV;619;VALGRAN;7,00;;
TV;630;REGLONE W;936,00;;
TV;630;REGLONE W LT 5;50,00;;
TV;630;;13,00;;
TV;747;ZOLFO SPRUZZABILE;700,00;;
TV;886;SENCOR WG;31,50;;
TV;886;SENCORWG;5,00;;
TV;909;POLISOLFURO DI CALCIO POLISENIO;4.525,00;;
TV;1155;;152,00;;
TV;1155;CHEMOL 90 EL;7,00;;
TV;1156;CHEMOL;2.878,00;;
TV;1156;CHEMOL LT 25;275,00;;
TV;1156;CHEMOL LT 5;55,00;;
TV;1187;MICOZEB 45;300,00;;
TV;1211;BASF MEHLTAUMITTEL;0,21;;
TV;1424;FUNGI MZ;25,00;;
TV;1544;MESUROL;19,00;;
TV;1552;GIBERAL;1,00;;
TV;1562;ERBITOX E 30;201,00;;
TV;1573;BASAMID GRANULAT;940,00;;
TV;1583;MICROTHIOL DISPERSS;166.580,00;;
TV;1583;;4.275,00;;
TV;1583;MICROTHIOL DISPERSS KG. 25;525,00;;
TV;1583;MICROTHIOL DISPERSS KG. 15;465,00;;
TV;1583;MICROTHIOL DISPERSS KG. 1;5,00;;
TV;1600;ETRAVON;11,00;;
TV;1714;KERB 80 EDF;583,00;;
TV;1714;KERB 80EDF;100,00;;
TV;1714;KERB 80 EDF X 1KG # CLP;22,00;;
TV;1714;;15,00;;
TV;1823;ZOLFO 80 MICRONIZZATO;1.150,00;;
TV;1850;IDRORAME FLOW;4.118,25;;
TV;1903;SULFURENE;25,00;;
TV;1936;"LIQUIZOL""M"" X 5LT";230,00;;
TV;2191;WETTING PLUS;62,00;;
TV;2249;MALERBANE PRATI 400;294,00;;
TV;2259;PASTA LUMACHICIDA IN GRANI;207,40;;
TV;2259;PASTA LUMACHICIDA 1 KG;47,00;;
TV;2260;GASTROTOX E;425,00;;
TV;2260;GASTROTOX E X 1    NO ADR;6,00;;
TV;2272;SILLIM;346,50;;
TV;2272;SEPRABAIT Sillim;20,00;;
TV;2307;VECTOR;4.950,00;;
TV;2307;;776,00;;
TV;2340;STOMP 330-E;1,00;;
TV;2353;BONALAN;2.443,00;;
TV;2353;BONALAN LT 5;30,00;;
TV;2353;BONALAN X 1LT #CLP;11,00;;
TV;2353;KERBON PACK (BONALAN);6,00;;
TV;2353;BONALAN X 5 LT #CLP;5,00;;
TV;2357;;150,00;;
TV;2368;;2,00;;
TV;2518;ACTELLIC 2P;16,50;;
TV;2518;;3,40;;
TV;2518;CARBOSAN ACTELIC 2 P;0,50;;
TV;2520;ACTELLIC;14,00;;
TV;2603;;40,00;;
TV;2634;BUGGY;11.890,00;;
TV;2634;BUGGY X 20LT CLP 22-11-2016;1.640,00;;
TV;2634;BUGGY X 5 CLP 22-11-2016;1.605,00;;
TV;2634;BUGGY X 1;18,00;;
TV;2634;BUGGY X 1LT CLP 22-11-2016;1,00;;
TV;2732;GOLTIX;202,00;;
TV;2732;GOLTIX X 1 XN #;8,00;;
TV;2923;TIOVIT JET;184.576,00;;
TV;2923;;160,00;;
TV;2923;TIOVIT JET X 25KG;100,00;;
TV;2934;MICROSOL 90;34,30;;
TV;2983;NIMROD;0,65;;
TV;2995;ESCARTOX;1.717,20;;
TV;2995;ESCARTOX-META+repellente;63,00;;
TV;2995;;26,00;;
TV;3065;OLIOCIN;1.234,80;;
TV;3065;OLIOCIN CONF.1 LT;39,00;;
TV;3082;OLEOTER ESTATE;236,00;;
TV;3102;OLEOTER;3.984,00;;
TV;3102;;132,00;;
TV;3102;OLEOTER LT 5;85,00;;
TV;3102;OLEOTER LT 1;14,00;;
TV;3126;CUPRIZOL;31,25;;
TV;3132;SEPR-OIL;73,50;;
TV;3188;POLTIGLIA 20 PB;276,00;;
TV;3219;CARAKOL AGRO;7.071,00;;
TV;3313;ARAGOL L 40 ST;20,00;;
TV;3343;U46 M CLASS;73,00;;
TV;3412;;3,00;;
TV;3468;DACOL L 40 ST;415,00;;
TV;3503;AGRUMIN;355,40;;
TV;3503;AGRUMIN Conf 20 Lt;260,00;;
TV;3519;METAMBANE;12,00;;
TV;3553;CURZATE;900,00;;
TV;3553;;548,00;;
TV;3553;CURZATE (20 WP) Conf. 1 Kg;107,00;;
TV;3555;CURZATE M;1.189,00;;
TV;3628;CUPROCAFFARO;1.777,00;;
TV;3640;CUPROSTAR;5.278,00;;
TV;3640;CUPROSTAR Conf. 10 lt;90,00;;
TV;3658;SIPCAMOL E;381,00;;
TV;3754;BAGNANTE SARIAF;5.903,00;;
TV;3754;BAGNANTE SARIAF LT 5;140,00;;
TV;3767;FENOXILENE MAX;252,00;;
TV;3767;FENOXILENE MAX X 5LT CLP NO ADR;5,00;;
TV;3767;FENOXILENE MAX X 1LT    NO ADR;1,00;;
TV;3771;ROVRAL WG;407,00;;
TV;3771;;3,00;;
TV;3771;ROVRAL WG X 1 XN #;3,00;;
TV;3793;DITHANE M-45;139,00;;
TV;3800;CRITTAM WG;668,00;;
TV;3859;DURSBAN;205,00;;
TV;4011;PIRETRIN;20,75;;
TV;4011;;3,00;;
TV;4012;RELDAN 22;2.696,15;;
TV;4012;RELDAN ML 20;27,00;;
TV;4012;RELDAN 22 LT 5;20,00;;
TV;4012;RELDAN 22 X 1 # CLP;13,00;;
TV;4012;RELDAN 22 ML 100;7,00;;
TV;4012;RELDAN 22 ML 250;0,75;;
TV;4090;MALERBANE CEREALI;4,00;;
TV;4190;TETRASOL 80;200,00;;
TV;4199;PENNCOZEB DG;36.051,00;;
TV;4199;PENNCOZEB DG X 20KG # CLP;100,00;;
TV;4199;PENNCOZEB DG KG 10;100,00;;
TV;4199;PENNCOZEB DG KG 25;50,00;;
TV;4199;PENNCOZEB DG X 10KG # CLP;10,00;;
TV;4228;ROGOR 400 ST;101,15;;
TV;4264;VIC 19 L;1,80;;
TV;4275;;25,00;;
TV;4275;ACUPRICO 500;2,00;;
TV;4326;ROGOR L 40 ST;88,00;;
TV;4326;ROGOR L 40ST X 1LT #;40,00;;
TV;4426;DECIS;32,50;;
TV;4461;IMIDAN WDG;1,00;;
TV;4552;DITHANE DG NEOTEC;18.267,00;;
TV;4552;DITHANE DG NEOTEC * 10 KG;3.200,00;;
TV;4552;DITHANE DG NEOTEC * 20KG;300,00;;
TV;4552;DITHANE DG NEOTEC X 10 KG. XN #;250,00;;
TV;4686;DIMILIN 25 P.B.;13,50;;
TV;4710;ALIETTE;802,20;;
TV;4710;ALIETTE GR 150;0,30;;
TV;4896;RIGENAL P;6,25;;
TV;4896;;0,40;;
TV;4909;GUIDOX;10,00;;
TV;5152;TIOSPOR WG;1.889,00;;
TV;5228;CARAKOL;165,50;;
TV;5299;MIBIOL;357,75;;
TV;5299;MIBIOL LT 1;11,00;;
TV;5299;;8,25;;
TV;5343;LIMASANEX;20,00;;
TV;5381;MANCOZEB PLUS 80 WP;300,00;;
TV;5414;RADICANTE POLVERE TALEE LEGNOSE;1,40;;
TV;5454;PIRETRIX 10;1,70;;
TV;5467;METADENE;576,50;;
TV;5467;Esca lumachicida Metadene;16,00;;
TV;5574;LUMAKIDIN 5G;1.508,00;;
TV;5576;KOLFLOR OLIO B;3,50;;
TV;5708;TERRAZOLE 25% EC;5,00;;
TV;5755;TILT 25 EC;143,00;;
TV;5980;FITOP 80;3,00;;
TV;6136;GERMON L;24,30;;
TV;6277;;40,00;;
TV;6277;VYDATE 5G;10,00;;
TV;6298;FASTAC;137,40;;
TV;6321;STIMOLANTE 66F;26,00;;
TV;6322;OBSTHORMON 24A;3,00;;
TV;6322;OBSTHORMON 24 A;1,00;;
TV;6324;MAXCEL;70,00;;
TV;6376;SCHAUMSTOP;15,00;;
TV;6376;ANTISCHIUMA SCHAUMSTOP;9,50;;
TV;6376;ANTISCHIUMA SHAUMSTOP;1,50;;
TV;6389;DUECI-FITO RADICANTE;1,05;;
TV;6401;MONDAK 21 S;129,00;;
TV;6401;;54,00;;
TV;6401;MONDAK21S;10,00;;
TV;6437;ETHREL;9,00;;
TV;6438;BI-FEN;5,00;;
TV;6438;BIFEN 1 LT*;2,00;;
TV;6505;NOKAD;5,00;;
TV;6555;K-OBIOL ULV 6;10,00;;
TV;6556;K-OBIOL DP2;569,00;;
TV;6556;K OBIOL PP;2,00;;
TV;6674;AFALON DS;1.831,00;;
TV;6674;AFALON DS *;102,00;;
TV;6674;AFALON DS X 1  #;4,00;;
TV;6704;TIOLENE 80 WG;9.212,00;;
TV;6704;;570,00;;
TV;6719;LIOSOL BETA;12,00;;
TV;6751;RASEN FLORANID;201,00;;
TV;6766;BUTISAN S;11,00;;
TV;6816;NU BAIT;48,00;;
TV;6834;TEPETA COMBI;9.170,00;;
TV;6873;IDRORAME 193;4.104,00;;
TV;6945;TOPAS 10 EC;388,00;;
TV;6945;TOPAS10EC;8,00;;
TV;6955;METACID;26,00;;
TV;6956;TARGA FLO;1.075,00;;
TV;6956;TARGA FLO X 1LT # CLP;12,00;;
TV;6956;TARGA FLO X 1LT #;6,00;;
TV;6978;BETTER 400;355,00;;
TV;6978;BETTER 400  X 5 #;10,00;;
TV;7020;BAGNANTE CIFO;916,00;;
TV;7024;ZOLVIS SC;30,00;;
TV;7053;PASTA CAFFARO NC;803,00;;
TV;7053;PASTA CAFFARO BLU X 1LT;2,00;;
TV;7055;PASTA CAFFARO BLU;9.901,00;;
TV;7101;LIMAVAL;328,00;;
TV;7368;TURFENE L;638,60;;
TV;7369;SYLLIT FLO;346,48;;
TV;7369;SYLLIT FLOW 250 ml;57,00;;
TV;7369;SYLLIT FLOW 20 ml;5,00;;
TV;7370;TETRASOL LIQUIDO;400,50;;
TV;7379;VENZAR;52,50;;
TV;7390;CHIPCO GREEN;60,00;;
TV;7401;POLTIGLIA CAFFARO 20 DF NEW;1.558,00;;
TV;7454;ORMONE AG COMPRESSE;34,00;;
TV;7483;DEVRINOL F;1,00;;
TV;7530;BIOLID E;19,00;;
TV;7530;BIOLID E X 1        NO ADR;1,00;;
TV;7541;APOLLO SC;4,60;;
TV;7543;ERBITOX COMBI;11,00;;
TV;7550;ZETA 80;3,60;;
TV;7555;KLARTAN 20 EW;72,86;;
TV;7555;KLARTAN 20 EW ML 50;0,10;;
TV;7597;ENERGIL 100 A;1,00;;
TV;7608;DASKOR;41,00;;
TV;7611;ENOVIT METIL FL;6.894,00;;
TV;7611;ENOVIT METIL FL X 5LT # CLP;695,00;;
TV;7611;ENOVIT METIL FL X 1LT # CLP;268,00;;
TV;7611;;191,00;;
TV;7611;ENOVIT METIL FL* Conf. 1 lt;117,00;;
TV;7675;NURELLE 5 EC;1,00;;
TV;7700;MATACAR FL;22,80;;
TV;7700;MATACAR FL conf. 0,2 LT;3,40;;
TV;7736;ZOLFO SCORREVOLE TRIVENTILATO 95% S;3.475,00;;
TV;7764;TIOLENE;34.859,70;;
TV;7845;TMTD 50 SC;81,00;;
TV;7876;PIRIMOR 17,5;129,00;;
TV;7888;CUPROXAT LIQUIDO;51,00;;
TV;7889;NURELLE  D  DA LT. 1*;48,00;;
TV;7889;NURELLE D;12,00;;
TV;7916;POLYRAM DF;57.433,00;;
TV;7916;;4.836,00;;
TV;7916;POLYRAM DF X 25  #;1.225,00;;
TV;7916;POLYRAM DF 25 KG;600,00;;
TV;7916;POLYRAM DF 10 KG;110,00;;
TV;7916;POLYRAM DF KG. 25;50,00;;
TV;7916;POLYRAM DF KG. 2;30,00;;
TV;7916;POLIRAM DF;12,00;;
TV;7916;POLYRAM DF KG. 10;10,00;;
TV;7919;TOUCHDOWN;3.734,25;;
TV;7919;TOUCHDOWM;2.906,00;;
TV;7922;OPALENE;1.583,00;;
TV;7930;KERB FLO* Conf. 1 lt;23,00;;
TV;7930;KERB FLO;14,00;;
TV;7930;KERBON PACK (KERB FLO);3,00;;
TV;7957;ROVRAL PLUS;951,00;;
TV;7957;ROVRAL PLUS X 1LT XN  #;5,00;;
TV;7958;RONSTAR FL;216,00;;
TV;7958;;1,00;;
TV;7961;RIZOLEX  GOLD;459,75;;
TV;7965;TRIGARD 75 WP;4,50;;
TV;7971;STARANE 21;17,00;;
TV;7984;STRATOS;185,00;;
TV;7984;STRATOS CONF.5 LT;5,00;;
TV;7998;PRIMOSOL 80 WDG;4,00;;
TV;8001;AGRO-PYR;4,26;;
TV;8023;SUMIALFA ECHO;123,25;;
TV;8054;METIS ECHO;17,00;;
TV;8102;MERPAN 80 WDG;805,00;;
TV;8111;GEOPYR;42,00;;
TV;8117;BASTA 200;24.000,00;;
TV;8117;BASTA 200 X 5LT # CLP;390,00;;
TV;8117;BASTA 200 X 15LT # CLP;360,00;;
TV;8117;;315,00;;
TV;8117;BASTA 200 * Conf. 15 lt;300,00;;
TV;8117;BASTA 200 * Conf. 5 lt;275,00;;
TV;8117;BASTA 200 LT 5;20,00;;
TV;8117;BASTA 200 LT 15;15,00;;
TV;8130;TITUS;0,11;;
TV;8139;MANTA GOLD;60,00;;
TV;8146;GALLERY;853,50;;
TV;8146;GALLERY X 0,5LT CLP;24,50;;
TV;8146;;15,50;;
TV;8146;GALLERY DA 500 ML.;5,75;;
TV;8146;GALLERY X 0.500 NO ADR;4,00;;
TV;8155;CATOR;25,00;;
TV;8156;DEVOX;175,00;;
TV;8157;ZETARAM 20 L X 1 #;18,00;;
TV;8159;CLICK COMBI;20,00;;
TV;8184;CHALLENGE;210,00;;
TV;8189;FORCE;45.510,00;;
TV;8189;FORCE X 10  #;380,00;;
TV;8189;FORCE X 10 # CLP;170,00;;
TV;8189;;20,00;;
TV;8201;GLISTER;5.053,00;;
TV;8201;GLISTER LT 20;820,00;;
TV;8201;GLISTER LT 5;670,00;;
TV;8207;LONTREL 75 G;1,00;;
TV;8207;LONTREL 75 G DA 100 GR;0,20;;
TV;8229;RAPAX;215,55;;
TV;8229;;1,00;;
TV;8320;DELFIN;1,00;;
TV;8351;Z.M. 75 DG;550,00;;
TV;8376;ARIANE II;194,00;;
TV;8376;ARIANE II LT 5;50,00;;
TV;8377;GLIFOSIM;28,00;;
TV;8382;ROUNDUP BIOFLOW;1.142,10;;
TV;8401;FALTEX FLOW;6.210,00;;
TV;8429;GLYFOS SL;8.943,00;;
TV;8429;;2.600,00;;
TV;8429;GLYFOS SL X 5LT 22-11-2016;605,00;;
TV;8429;GLYFOS SL X 20LT (STREAM) 22-11-201;300,00;;
TV;8465;OLIOVIT;13,25;;
TV;8483;ETOSATE 500;24,00;;
TV;8498;FOLICUR WG;439,50;;
TV;8498;FOLICURWG;7,00;;
TV;8499;EFESTO;3.960,00;;
TV;8499;VEBI EFESTO GLIFOSATE 1 LT 22-11-20;30,00;;
TV;8540;PAMPA;694,00;;
TV;8540;PAMPA 4SC;9,00;;
TV;8540;GHIBLI;3,00;;
TV;8542;FORUM 50 WP;5.639,20;;
TV;8542;;1.141,20;;
TV;8542;FORUM 50 WP IDRO 1 KG;132,00;;
TV;8542;FORUM 50WP X 1;4,00;;
TV;8547;LOGRAN;6,65;;
TV;8558;PIRETRO VERDE;28,85;;
TV;8601;FOLPAN 80 WDG;82.797,00;;
TV;8601;;12.520,00;;
TV;8601;FOLPAN 80 WDG X 5KG # CLP;9.825,00;;
TV;8601;FOLPAN 80 WDG* Conf. 5 Kg;2.600,00;;
TV;8601;FOLPAN 80 WDG DA 1 KG *;258,00;;
TV;8601;FOLPAN 80 WDG  KG. 5;30,00;;
TV;8601;FOLPAN 80 WDG KG. 1;10,00;;
TV;8646;ACTIVUS EC;125,00;;
TV;8646;ACTIVUS EC PANDA;2,00;;
TV;8649;PIRIDANE 480;2.439,00;;
TV;8656;GLIFENE HP;3.110,00;;
TV;8656;GLIFENE HP LT. 20;40,00;;
TV;8656;GLIFENE HP LT. 5;20,00;;
TV;8661;;680,00;;
TV;8661;KENTAN DF;40,00;;
TV;8706;AMID THIN W;18,00;;
TV;8712;ALLEGANTE 4% AF 96;11,00;;
TV;8721;NEXTER;127,00;;
TV;8721;;12,00;;
TV;8726;OVISPRAY;1,00;;
TV;8729;FORUM R;315,00;;
TV;8729;;100,00;;
TV;8731;ACROBAT R;70,00;;
TV;8735;TREBON UP;883,35;;
TV;8735;TREBON UP ML 500;25,00;;
TV;8735;TREBON  UP 500 ML;18,00;;
TV;8735;TREBON UP X 0,5LT # CLP 27-03-2017;14,00;;
TV;8735;TREBON UP X 0,5LT  #;0,50;;
TV;8742;INDAR 5EW;99,00;;
TV;8742;INDAR 5 EW;22,00;;
TV;8743;GREENEX;223,86;;
TV;8743;GREENEX CONF.500 cc;1,50;;
TV;8743;GREENEX CONF.100 cc;0,60;;
TV;8795;VERTIMEC EC;328,00;;
TV;8795;VERTIMEC 1.9 E.C. X 1LT # CLP;33,00;;
TV;8795;;12,00;;
TV;8797;BINAL PRO;240,00;;
TV;8801;SCORE 25 EC;1.572,16;;
TV;8801;SCORE 25 EC X 1  #;1,00;;
TV;8801;SCORE 25 EC X 1 # CLP;1,00;;
TV;8801;SCORE 25 EC X 0,25  #;0,50;;
TV;8801;SCORE 25 EC X 0,25LT # CLP;0,50;;
TV;8803;TETRAMARK COMBI;5,00;;
TV;8836;MIMIC;20,00;;
TV;8837;GERMON BEWURZELUNGSPUDER PER TALEE ;0,50;;
TV;8838;GERMON BEWURZELUNGSPUDER PER TALEE ;41,03;;
TV;8841;CYREN 7,5 G;704,60;;
TV;8841;CYREN 7.5 CONF.1 KG;39,00;;
TV;8841;CYREN 7,5 G INSET. TERRENO ZAPI;25,00;;
TV;8841;;6,00;;
TV;8841;CYREN 7,5 G KG 1;4,00;;
TV;8843;NISSHIN;142,00;;
TV;8843;NISSHIN 4 SC Conf. 1 lt;4,00;;
TV;8859;MASTIFF;32.031,00;;
TV;8859;;50,00;;
TV;8875;CIMOX 25 WP;104,00;;
TV;8882;ULTRA FINE OIL;401,00;;
TV;8882;UFO ULTRA FINE OIL X10;100,00;;
TV;8882;;60,00;;
TV;8882;UFO ULTRA FINE OIL X1;29,00;;
TV;8886;SAFARI;27,96;;
TV;8888;PRIDE ULTRA;7,00;;
TV;8899;;70,00;;
TV;8900;ZOLFO VENTILATO RAMATO 3%;190,00;;
TV;8909;FUNGIMAN COMBI;5.311,00;;
TV;8933;SOLEAS;146,00;;
TV;8933;SOLEAS X 1LT;6,00;;
TV;8934;SCALA;1.275,05;;
TV;8934;;89,25;;
TV;8934;SCALA     LT   1;11,00;;
TV;8934;SCALA Conf. 50 ml;4,00;;
TV;8934;SCALA L X 1LT        NO ADR;1,00;;
TV;8937;MASAI 20 WP;104,00;;
TV;8937;;3,00;;
TV;8984;GLIPHOGAN TOP MK;873,00;;
TV;8987;CONFIDOR 200 SL;1.946,30;;
TV;8987;CONFIDOR 200 SL Conf. 250 ml;27,00;;
TV;8987;CONFIDOR 200 SL Conf. 1 LT;5,00;;
TV;8987;CONFIDOR 200 SL CONF. 50 CC;1,85;;
TV;8987;CONFIDOR 200 SL CONF. 10 CC;0,52;;
TV;8987;CONFIDOR 200 SL CONF. 5 ML;0,08;;
TV;9005;AGIL;2.297,00;;
TV;9005;AGIL 1 LT;374,00;;
TV;9005;AGIL LT 5;95,00;;
TV;9005;AGIL X 1;29,00;;
TV;9005;;22,00;;
TV;9010;RAMEZIN COMBI WG;4.137,00;;
TV;9011;KLARO;18,00;;
TV;9012;CUPROCAFFARO MICRO;29.907,00;;
TV;9036;ACTIVUS;0,05;;
TV;9038;OPINION;7,05;;
TV;9070;MICEXANIL BIANCO;4,00;;
TV;9086;POLTIGLIA BORDOLESE SCAM D.F.;40,00;;
TV;9100;ZOLFO RAMATO 3 R;4.725,00;;
TV;9126;CONCORDE COMBI;1.168,50;;
TV;9131;PYRINEX ME;4.848,15;;
TV;9131;;1.718,00;;
TV;9148;SYLLIT 355 SC;810,00;;
TV;9148;;4,00;;
TV;9153;CYREN 44 EC;476,00;;
TV;9180;STROBY WG;9,60;;
TV;9181;GULLIVER;0,20;;
TV;9195;TERB FLO;445,00;;
TV;9210;QUADRIS;1.825,00;;
TV;9210;OUADRIS;4,00;;
TV;9279;MERLIN COMBI;2,00;;
TV;9286;;70,00;;
TV;9286;OHAYO;35,00;;
TV;9298;METHAM NA 51;5.325,00;;
TV;9306;PROPLANT;9,00;;
TV;9306;PROPLANT Conf. 0,250 lt;0,25;;
TV;9311;CUPROSSIL IDRO 25 WP;2.002,00;;
TV;9322;GOLTIX STAR;10,00;;
TV;9330;GLIFO 41;55,50;;
TV;9332;OPEN;2,00;;
TV;9339;BETANAL EXPERT;287,00;;
TV;9339;BETANAL EXPERT X 1 CLP #;8,00;;
TV;9342;DELTRIN;101,00;;
TV;9364;RAPIDO;411,00;;
TV;9364;RAPIDO DISERBANTE LT 1;24,00;;
TV;9371;PEAK Conf. 40 g;5,00;;
TV;9371;PEAK;0,12;;
TV;9373;CHORUS;23,00;;
TV;9374;MATCH TOP;88,00;;
TV;9376;BROMOTRIL;24,00;;
TV;9400;GLIFOGAN PRONTO;25,00;;
TV;9400;GLIFOTAN PRONTO X LT.2;12,00;;
TV;9411;RADIP ORMON;2,30;;
TV;9422;EVADE;1.453,05;;
TV;9422;EVADE LT 5;75,00;;
TV;9422;;61,50;;
TV;9422;EVADE DISERBANTE ML 100;18,00;;
TV;9422;EVADE  DISERBANTE ZAPI;8,00;;
TV;9443;ENDOGERME;57,00;;
TV;9444;CHLORCYRIN 220 EC;23,00;;
TV;9448;RIFLE 4-24 R BLU;489,00;;
TV;9449;EMERALD COMBI;1.567,00;;
TV;9463;KLARO KIT;195,25;;
TV;9463;;2,00;;
TV;9496;GALIGAN EC;68,00;;
TV;9509;PROMALIN NT;10,00;;
TV;9531;SEQURA WG X 1 KG   NO ADR;17,00;;
TV;9531;SEQURA WG;6,00;;
TV;9575;DRIBBLING 240EC X 1LT #;166,00;;
TV;9575;DRIBBLING 240 EC;34,00;;
TV;9578;SWITCH;6.473,00;;
TV;9578;;368,75;;
TV;9578;SWITCH X 1 # CLP;180,00;;
TV;9612;OSSICLOR 30;190,00;;
TV;9627;POLTIGLIA BORDOLESE DISPERSS;204,00;;
TV;9631;METRIN EC;3,00;;
TV;9634;CARNIVAL  LT. 1;140,00;;
TV;9634;CARNIVAL;39,00;;
TV;9634;;36,00;;
TV;9636;OSSIRAM COMBI WP;13,00;;
TV;9655;PRIMIAL WG X 1KG;6,00;;
TV;9655;PRIMIAL WG;4,00;;
TV;9668;RUFAST E-FLO;593,80;;
TV;9668;RUFAST E - FLO X 1LT  #;1,00;;
TV;9668;RUFAST E - FLO X 0,25 #;0,75;;
TV;9670;THIANOSAN 80 WG;20,00;;
TV;9675;PANTOX 360;65,00;;
TV;9675;PANTOX 360 DISERBANTE LT 1;64,00;;
TV;9678;M70 DF;9.713,00;;
TV;9678;M70 DF X 20/25 KG #;5.180,00;;
TV;9678;;2.940,00;;
TV;9678;M70 DF KG 20;200,00;;
TV;9679;KRISTAL 32 WG;160,00;;
TV;9679;KRISTAL 32 WG X 1KG;4,00;;
TV;9693;SPORTAK 45 EW;31,00;;
TV;9694;SIMITAR 5 EW;1.342,85;;
TV;9705;PREVITER;877,54;;
TV;9705;PREVITER ORTICOLE 100 ml;0,40;;
TV;9705;;0,30;;
TV;9713;HORIZON;16,00;;
TV;9724;TIOWETTING DF;82.419,00;;
TV;9726;GLIFOSAN;338,30;;
TV;9730;CUPROSSIL IDRO 25 WP BLU;373,00;;
TV;9744;SCORE 10 WG;8,00;;
TV;9747;FURY;150,55;;
TV;9747;;1,05;;
TV;9757;SPYRALE;138,00;;
TV;9758;COPRANTOL WG;3.579,00;;
TV;9767;NUFOS 7,5 G;763,00;;
TV;9787;MICROBAGNABILE WG;958,00;;
TV;9787;MICROBAGNABILE WG KG 25;600,00;;
TV;9787;MICROBAGNABILE WG KG 10;300,00;;
TV;9794;PLANET C;374,00;;
TV;9797;GROLEN;9,00;;
TV;9800;MAVRIK 20 EW;67,93;;
TV;9800;;0,01;;
TV;9802;COPREN HI BIO;86,00;;
TV;9802;COPRANTOL HI BIO;7,00;;
TV;9813;DICLOPYR;1,00;;
TV;9832;TREK P;2.376,00;;
TV;9832;TREKP;490,00;;
TV;9832;TREK P LT 5;60,00;;
TV;9832;;5,00;;
TV;9843;BASAGRAN SG;42,00;;
TV;9843;BASAGRAN SG *;15,00;;
TV;9867;4 STAGIONI;30,25;;
TV;9867;4 STAGIONI ML 250;10,00;;
TV;9867;4 STAGIONI LT 1;5,00;;
TV;9872;AKRIS;430,00;;
TV;9880;;18.716,00;;
TV;9880;SOL MICRO GD;480,00;;
TV;9900;FLAVOS;56,00;;
TV;9938;;16,00;;
TV;9938;MASTER;3,20;;
TV;9940;ZELIG GR;4.107,50;;
TV;9941;BUMPER P;272,00;;
TV;9952;COLZANET;15,00;;
TV;9954;JOKER;3.283,00;;
TV;9954;JOKER X 5LT CLP;35,00;;
TV;9954;JOKER X 1LT CLP;17,00;;
TV;9954;;9,00;;
TV;9963;METIDANE 22;931,00;;
TV;9994;ARIUS SYSTEM;1,00;;
TV;9995;ARIUS;3.895,50;;
TV;9995;;164,25;;
TV;10005;SCOTTS WEEDCONTROL;75,00;;
TV;10029;KING;51,00;;
TV;10048;KUMULUS TECNO;37.899,00;;
TV;10049;DURSBAN 75 WG;5.060,00;;
TV;10049;DURSBAN  75 WG  KG. 1 *;340,00;;
TV;10049;DURSBAN 75WG X 1KG # CLP;277,00;;
TV;10055;PROVADO PIN;4,00;;
TV;10057;ARPEL WDG;2.559,00;;
TV;10057;ARPEL WDG X 10 KG;1.100,00;;
TV;10057;ARPEL WDG 1 KG;35,00;;
TV;10088;MAXIM;0,60;;
TV;10088;;0,10;;
TV;10089;;10,00;;
TV;10089;TMTD 50 L;6,00;;
TV;10105;RIDOMIL GOLD SL;85,00;;
TV;10108;RIDOMIL GOLD MZ;140,00;;
TV;10117;STRATOS ULTRA;7.272,00;;
TV;10117;STRATOS ULTRA*  5 LT;395,00;;
TV;10117;STRATOS ULTRA X 5 CLP;220,00;;
TV;10117;;5,00;;
TV;10118;AMISTAR;91,00;;
TV;10119;EQUATION PRO;2,00;;
TV;10127;DECIS JET;2.254,66;;
TV;10127;DECIS JET INSETTICIDA BAYER;18,00;;
TV;10127;DECIS JET CONF.50 cc;1,45;;
TV;10127;DECIS JET 250 ML;0,25;;
TV;10127;DECIS JET CONF. 10 cc;0,04;;
TV;10154;BORDOFLOW SECTOR CONF.1 LT;196,00;;
TV;10158;PIREFLOR;19,73;;
TV;10161;ORTIVA;411,70;;
TV;10174;KASKO MZ;1,00;;
TV;10183;GARLON EV;83,40;;
TV;10183;GARLON ML 500 DISERBO PRATO #;1,50;;
TV;10184;TIMBREL EV;25,80;;
TV;10185;ZERGAN EV;1,90;;
TV;10187;NAUTILE DG;130,00;;
TV;10209;GLYFOS ULTRA;380,00;;
TV;10221;PIMIENTO 600;353,00;;
TV;10230;LUMAPLUS;1.029,00;;
TV;10230;LUMADRY ESCA Conf.5 kg;45,00;;
TV;10230;LUMAPLUS KG 1;29,00;;
TV;10230;LUMAPLUS LUMACHICIDA ZAPI;25,00;;
TV;10233;BORDOSEP;257,00;;
TV;10236;SLOGAN R;1.470,00;;
TV;10263;DRIVER;224,00;;
TV;10267;;930,00;;
TV;10272;CEREXIL M DG;4.490,00;;
TV;10275;STELLA EC;2,80;;
TV;10285;TOMAHAWK;40,00;;
TV;10285;;1,00;;
TV;10296;IPERION;2.941,00;;
TV;10305;OIKOS;583,07;;
TV;10306;MISTRAL;130,00;;
TV;10319;CADOU WP;1,60;;
TV;10329;FORUM MZ WG;15.220,00;;
TV;10329;FORUM MZ WG X 10KG  XN # CLP;130,00;;
TV;10342;RIFLE 44;533,00;;
TV;10350;BLAST SG;237,00;;
TV;10357;RIGRON SG;498,00;;
TV;10357;RIGRON SG X 3KG;3,00;;
TV;10372;RASIKAL QUICK;1.718,00;;
TV;10373;CONTEST;219,00;;
TV;10373;CONTEST *;5,00;;
TV;10381;CONCORDE 40 EW;358,25;;
TV;10396;LIZOCIN;8,66;;
TV;10404;CLINIC 360 SL;23.927,00;;
TV;10415;ARIC 480 LS;22,00;;
TV;10423;LUMACHICIDA VEBI;4.516,00;;
TV;10423;LUMACHICIDA VEBI KG 5;145,00;;
TV;10425;SCUDEX;2.425,25;;
TV;10425;SCUDEX Conf. 1 LT;1,00;;
TV;10426;PROTIL EC;311,50;;
TV;10426;PROTIL  CONF.0,5 LT;55,50;;
TV;10426;PROTIL X 0,5 LT  # CLP;28,50;;
TV;10439;SPRAY DUNGER GLOBAL;315,00;;
TV;10447;NOVEL DUO;280,00;;
TV;10456;KLARO ULTRA;199,50;;
TV;10456;KLARO ULTRA ML 250;21,00;;
TV;10461;DICOTURF;15,75;;
TV;10461;DICOTURF Conf. 250 ml;10,00;;
TV;10465;ROUNDUP MAX;410,00;;
TV;10471;OLOVER;9,50;;
TV;10477;LAS VEGAS;36,00;;
TV;10479;NATURALIS;90,00;;
TV;10479;NATURALIS X LT 1;4,00;;
TV;10492;VEBIZOLFO FLOW;4,50;;
TV;10493;RUNNER LO;656,00;;
TV;10493;RUNNER LO Conf. 1 lt;73,00;;
TV;10493;RUNNER LO Conf. 5 lt;55,00;;
TV;10493;RUNNER LO X 1LT;12,00;;
TV;10494;PREMIUM TOP;1.686,00;;
TV;10504;KELLY WG;1.125,00;;
TV;10509;MASTIFF ULTRA;264,00;;
TV;10540;TERIAL 75WG X 1KG #;188,00;;
TV;10540;TERIAL 75 WG;70,00;;
TV;10560;PIRETRO NATURA;97,00;;
TV;10565;DICOTIL EXTRA;270,98;;
TV;10565;DICOTIL EXTRA Conf. 1 lt;8,00;;
TV;10568;ZOOMER;1.530,00;;
TV;10573;KOCIDE 2000;16.172,00;;
TV;10573;;1.400,00;;
TV;10573;KOCIDE 2000*  CONF.10 KG;220,00;;
TV;10573;KOCIDE 2000 X 10KG XN #;10,00;;
TV;10573;KOCIDE 2000 DA 1 KG *;6,00;;
TV;10579;CARSON COP;9,00;;
TV;10584;SHAMAL MK PLUS;12,00;;
TV;10585;SULCOTREK;3.372,00;;
TV;10585;SULCOTREK Conf. 5 lt;40,00;;
TV;10585;SULCOTREK Conf. 1 lt;17,00;;
TV;10587;FOLPAN SC;1.080,00;;
TV;10588;BIOPIREN PLUS;281,00;;
TV;10588;BIOPIREN PLUS X 1 CLP;22,00;;
TV;10588;;4,00;;
TV;10589;FLORA VERDE;1,00;;
TV;10604;EMERALD 40 EW;672,74;;
TV;10604;EMERALD 40 EW FUNGICIDA BAYER;15,00;;
TV;10627;FRUPICA X 1KG   XN  # CLP;154,00;;
TV;10627;FRUPICA;80,00;;
TV;10627;FRUPICA X 1KG   XN  #;4,00;;
TV;10628;MIDAURIL MZ X 5KG #;500,00;;
TV;10628;MIDAURIL MZ;495,00;;
TV;10632;COBRE NORDOX SUPER 75 WG;2.277,00;;
TV;10632;;30,00;;
TV;10638;MANCOZEB 75 WG 10 KG;320,00;;
TV;10638;MANCOZEB MANICA 75 WG;200,00;;
TV;10641;MANCOZEB MANICA 80 PB;100,00;;
TV;10647;;53,00;;
TV;10650;BELGARD;1,00;;
TV;10665;JUPITER;0,20;;
TV;10671;CUAGRO HI BIO;9.550,00;;
TV;10671;;5.330,00;;
TV;10671;CUARO HI BIO;10,00;;
TV;10690;FUNGIBEN COMBI;2.990,00;;
TV;10701;CUMETA FLOW;15.798,00;;
TV;10710;TOMAGAN;68,00;;
TV;10734;DUAL GOLD;10.139,00;;
TV;10734;DUAL GOLD LT 5;160,00;;
TV;10734;DUAL GOLD LT 20;40,00;;
TV;10734;DUAL GOLD 1 LT;38,00;;
TV;10734;DUAL GOLD X 1LT  # CLP;11,00;;
TV;10734;DUAL GOLD X 1LT  #;10,00;;
TV;10734;;6,00;;
TV;10735;PRIMAGRAM GOLD;16.564,50;;
TV;10735;PRIMAGRAM GOLD LT 5;250,00;;
TV;10735;PRIMAGRAM GOLD LT 20;80,00;;
TV;10735;PRIMAGRAM GOLD X 20LT # CLP;60,00;;
TV;10735;PRIMAGRAM GOLD X 5 LT;45,00;;
TV;10735;PRIMAGRAM GOLD X 1 LT;12,00;;
TV;10735;;10,00;;
TV;10735;PRIMAGRAM GOLD X 1LT  #;10,00;;
TV;10735;PRIMAGRAM GOLD X 5LT  #;10,00;;
TV;10741;METACINQUE;161,00;;
TV;10752;STEWARD;361,00;;
TV;10752;;110,75;;
TV;10752;STEWARD 30 WG 250 GR. *;35,75;;
TV;10752;STEWARD 30WG X 0,5KG #;30,50;;
TV;10752;STEWARD 30WG X 0.250 XN # CLP;17,25;;
TV;10753;FOLICUR SE;174,50;;
TV;10758;BEETUP-TRIO;385,00;;
TV;10771;MOST MICRO;4.037,40;;
TV;10771;MOST MICRO X 1  #;44,00;;
TV;10771;MOST MICRO CONF.1 LT;27,00;;
TV;10771;;5,00;;
TV;10780;LUMABLOC;6,00;;
TV;10784;FENICRIT;2,00;;
TV;10878;PANESCA;26,00;;
TV;10882;MESUROL LUMACHE PLUS;10,00;;
TV;10890;FLIPPER;2.160,15;;
TV;10892;OSSICLOR 50 PB MANICA;140,00;;
TV;10897;AMEGA PLUS;420,00;;
TV;10925;BEYOND;20,00;;
TV;10926;ALTOREX;440,00;;
TV;10926;ALTOREX X 1LT #;2,00;;
TV;10926;;1,00;;
TV;10929;CHIKARA 25 WG;45,45;;
TV;10929;CHIKARA 25 WG Conf. 50 GR;0,30;;
TV;10929;CHIKARA 25 WG Conf. 200 GR;0,20;;
TV;10929;CHIKARA 25WG X 50GR #;0,05;;
TV;10936;NAAK480;14,00;;
TV;10939;CP 40 AGRO;301,00;;
TV;10939;;2,00;;
TV;10944;KARATE ZEON;320,75;;
TV;10948;CYMOXAN 45 WG;5,00;;
TV;10973;PYRINEX PRONTO;69,50;;
TV;10976;METEOR;1.765,54;;
TV;10976;METEOR X 1LT  # NO ADR;12,00;;
TV;10976;METEOR ML 250;4,75;;
TV;10985;;925,00;;
TV;10985;MEVAXIL M;250,00;;
TV;10986;KASKO R;13.012,00;;
TV;10999;BETANAL SE;12,00;;
TV;10999;BETANAL SE X 1 #;2,00;;
TV;11011;DASH HC;2.271,50;;
TV;11011;DASH HC Conf. 1 lt;57,00;;
TV;11011;DASH HC X 1LT;10,00;;
TV;11013;CIOPPER;95,00;;
TV;11014;AZIMUT;1,00;;
TV;11016;IRAM 025;10,00;;
TV;11027;MET-BLOC;4,00;;
TV;11029;PYRINEX M 22;165,00;;
TV;11030;PRIMO MAXX;2,00;;
TV;11040;POLTIGLIA BORDOLESE DISPERSS BLU;140,00;;
TV;11040;POLTIGLIA DISPERSS BLU X 10KG CLP #;110,00;;
TV;11041;VITIL COMBI;4.510,00;;
TV;11041;VITIL COMBI X 5KG;500,00;;
TV;11041;FOLMAK COMBI;236,00;;
TV;11044;TUREX;12,00;;
TV;11045;DODIPREV 35;66,75;;
TV;11045;DODI PREV 35;8,00;;
TV;11059;BIOPOWER;106,00;;
TV;11062;BION 50 WG;64,00;;
TV;11062;BION 50 WG X 500GR CLP;1,50;;
TV;11062;;0,50;;
TV;11070;TIOGOLD DISPERSS;209.350,00;;
TV;11098;CADDY;4,50;;
TV;11098;CADDY GR 250;1,75;;
TV;11102;HELIOSOUFRE S X 10LT;11.170,00;;
TV;11102;HELIOSOUFRE S;5.645,50;;
TV;11102;;2.234,00;;
TV;11102;HELIOSOUFRE S Conf. 10 lt;100,00;;
TV;11104;CUPROFLX 30 DISPERSS;26,00;;
TV;11107;ECO-TRAP CF. 100 TRAPPOLE BRACTOCER;63,00;;
TV;11107;ECO-TRAP;8,00;;
TV;11107;;1,00;;
TV;11119;FLINT;1.556,74;;
TV;11120;ZENITH;281,00;;
TV;11130;DISERBOFACILE;6,50;;
TV;11133;SHELTER;2.660,00;;
TV;11138;MEVAXIL COMBI;9.491,00;;
TV;11157;PROPYDOR;179,50;;
TV;11173;AVAUNT EC;744,00;;
TV;11173;Avaunt EC lt 1;45,99;;
TV;11173;TWIN PACK MAIS *;36,00;;
TV;11173;TWIN PACK MAIS (AVAUNT);20,00;;
TV;11173;Coragen 20 SC 400 ml;18,39;;
TV;11173;;15,00;;
TV;11173;AVAUNT EC Conf. 1 lt;5,00;;
TV;11173;AVAUNT 150EC X 1,25LT #;2,50;;
TV;11173;TWIN PACK MAIS (CORAGEN-AVAUNT);1,00;;
TV;11183;PROGERBALIN LG;12,50;;
TV;11186;CUTIS;5,65;;
TV;11190;PENCOR 10 EC;26,48;;
TV;11196;SULFAR;340,00;;
TV;11204;RIZOSOL 50;4,00;;
TV;11206;CODACIDE;2.522,50;;
TV;11206;CODACIDE 2,5 LT;87,50;;
TV;11206;CODACIDE LT 2,5;72,50;;
TV;11206;CODACIDE LT 10;60,00;;
TV;11206;;40,00;;
TV;11223;GALIGAN 500 SC;453,50;;
TV;11243;LEOPARD 5 EC;946,00;;
TV;11252;CONTANS WG;16,00;;
TV;11253;CALLISTO;929,00;;
TV;11253;CALLISTO LT 5;30,00;;
TV;11253;CALLISTO LT.1;3,00;;
TV;11257;COSTAR WG;124,50;;
TV;11258;FAZOR STAR;95,00;;
TV;11284;CIMOTER 4.40 X 10KG # CLP;1.990,00;;
TV;11284;CIMOTER 4-40;830,00;;
TV;11284;CIMOTER 4.40 X 1KG # CLP;125,00;;
TV;11299;OKLAHOMA;1.802,00;;
TV;11301;SPHERE;82,00;;
TV;11303;CHAMP DP;10.260,00;;
TV;11313;;1,00;;
TV;11341;STARANE GOLD;1.187,00;;
TV;11341;STARANE GOLD X 1LT;14,00;;
TV;11341;;11,00;;
TV;11341;STARANE GOLD* CONF. 1 LT;8,00;;
TV;11345;ZOLVIS 80 WDG;172,00;;
TV;11353;FUSILADE MAX;1.095,00;;
TV;11353;FUSILADE MAX X 1LT  # CLP;4,00;;
TV;11360;GRIP 25;47,80;;
TV;11377;OXYFLUOR;2,00;;
TV;11382;GARDENE PLUS;379,50;;
TV;11390;VITENE TRIPLO BLU;138,00;;
TV;11393;BEETLE;151,00;;
TV;11396;WIRK;206,00;;
TV;11396;;57,00;;
TV;11396;WIRK X 1LT;9,00;;
TV;11400;ADINA 10;0,32;;
TV;11402;MELODY COMBI;810,00;;
TV;11403;MELODY COMPACT;2.394,50;;
TV;11403;MELODY COMPACT KG 10;30,00;;
TV;11403;MELODY COMBI WG* Conf. 5 Kg;15,00;;
TV;11403;MELODY COMPACT CONF.250 GR;1,25;;
TV;11416;OVIPRON TOP;1.103,00;;
TV;11416;OVIPRON TOP X 1LT;1,00;;
TV;11418;ROUNDUP 450 PLUS;10,00;;
TV;11436;MELODY MED WG;10,00;;
TV;11448;KICKER X 1LT CLP;22,00;;
TV;11448;KICKER X 1 CLP;14,00;;
TV;11448;KICKER;1,00;;
TV;11449;GARDOPRIM GOLD;3.760,00;;
TV;11479;BRANCHER DIRADO;5,00;;
TV;11483;Cosavet;490,00;;
TV;11483;COSAVET DF;35,00;;
TV;11494;GLYFOS PRO;1,00;;
TV;11495;GARTREL;11,00;;
TV;11497;CRITTOVIT WG;2.676,00;;
TV;11499;BUSTER;7,80;;
TV;11499;;1,60;;
TV;11505;READY GERMIPLUS;574,00;;
TV;11523;SEPRADINA SC;101,60;;
TV;11523;SEPRADINA SC FUNGICIDA SEPRAN;15,00;;
TV;11523;SEPRADINA SC 500 ml;2,00;;
TV;11523;SEPRADINA SC 100 ml;0,20;;
TV;11525;FUNGIDINA;204,80;;
TV;11525;;10,50;;
TV;11525;FUNGICIDA FUNGIDINA ZAPI;10,00;;
TV;11525;FUNGIDINA ML 100;3,00;;
TV;11525;FUNGIDINA 500 CC;1,50;;
TV;11526;SULTAN;795,00;;
TV;11526;SULTAN* Conf. 1 lt;60,00;;
TV;11527;PYRINEX QUICK;653,53;;
TV;11527;PYRINEX QUICK ML 100;3,40;;
TV;11527;PIRINEX QUICK;2,40;;
TV;11533;TOP-GUN;2,00;;
TV;11561;NEEMAZAL T/S;318,88;;
TV;11561;NEEMAZAL X 1LT;16,00;;
TV;11561;;7,00;;
TV;11561;NEEMAZAL T/S Conf. 75 ml;1,00;;
TV;11561;NEEMAZAL T/S Conf. 15 ml;1,00;;
TV;11566;ZOLFO 80 WP;662,00;;
TV;11567;SICURAM 50 WDG;2,00;;
TV;11569;CUPROXAT S.D.I.;4.283,00;;
TV;11569;CUPROXAT S.D.I. X 10LT # CLP;1.370,00;;
TV;11569;CUPROXAT S.D.I. LT 10;220,00;;
TV;11569;CUPROXAT S.D.I. X 1LT # CLP;6,00;;
TV;11586;TOP-AGAN;468,00;;
TV;11586;TOP AGAN;450,00;;
TV;11586;;12,00;;
TV;11587;CAMBEL S;706,00;;
TV;11587;CAMBEL S DA 1 LT;86,00;;
TV;11596;CALYPSO;155,50;;
TV;11600;CRUISER 350 FS;13,50;;
TV;11611;VYDATE 10L;5,00;;
TV;11611;;5,00;;
TV;11614;ACTARA 25 WG;2.047,86;;
TV;11614;;187,30;;
TV;11614;ACTARA 25 WG CONF. 500 GR.;20,50;;
TV;11614;ACTARA 25WG X 0,5KG # CLP;12,00;;
TV;11614;ACTARA 25 WG CONF.100 gr;2,40;;
TV;11614;ACTARA 25 WG GR 100;1,50;;
TV;11614;ACTARA 25 WG GR 500;1,50;;
TV;11614;ACTARA 25WG X 0,1KG # CLP;0,70;;
TV;11614;ACTARA 25WG X 0,1KG #;0,20;;
TV;11619;TIOFLOR WDG;19.213,00;;
TV;11619;ZOLFO TIOFLOR WDG 10 KG;1.680,00;;
TV;11626;PITSTOP;50,00;;
TV;11637;CUPROFIX C DISPERSS;1.402,00;;
TV;11638;FLUORATE;1.910,00;;
TV;11638;FLUORATE LT 5;340,00;;
TV;11638;FLUORATE ML 500;17,50;;
TV;11642;PIKAR;24,25;;
TV;11649;COMMAND 36 CS;491,50;;
TV;11649;COMMAND 36 CS 1 LT;10,00;;
TV;11649;COMMAND 36 CS Conf. 0,25 lt;1,25;;
TV;11653;FOLIO GOLD 537,5 SC;242,00;;
TV;11653;FOLIO GOLD X 1LT #;1,00;;
TV;11654;GRIZZLY EC;275,00;;
TV;11659;HERBITOTAL S;525,50;;
TV;11660;SHOGUN;767,00;;
TV;11668;PLENUM 50 WG;23,90;;
TV;11687;ACTELLIC 5 NEWPHARM;50,00;;
TV;11690;GOAL 480 SC;112,00;;
TV;11690;GOAL 480 SC Conf. 500 ml;3,00;;
TV;11693;LASER;334,35;;
TV;11693;LASER X 0,5LT  # CLP;8,00;;
TV;11693;;2,00;;
TV;11693;LASER X 0,5LT  #;0,50;;
TV;11694;CONSERVE SC;1,79;;
TV;11696;ARID;8,00;;
TV;11698;MINUET;32,45;;
TV;11700;BOTANIGARD 22 WP;0,17;;
TV;11701;BOTANIGARD SE;2,00;;
TV;11702;Biocop;6,00;;
TV;11704;OLIO OGNISTAGIONE;86,50;;
TV;11710;GARDIUS 40 ST;4,75;;
TV;11711;MEXIRAM HI BIO;8.594,00;;
TV;11722;GEONEX;13,00;;
TV;11730;COSMOTRIN;7,29;;
TV;11732;ALLEATO 80 WG;480,00;;
TV;11735;DELICIA CONTRA-LUMACHE;17,50;;
TV;11744;CIPERBLOC;14,75;;
TV;11752;ENVIDOR 240 SC;7,50;;
TV;11760;POLITHIOL;14.370,00;;
TV;11760;;200,00;;
TV;11760;POLITHIOL X LT 20 CLP;20,00;;
TV;11762;FORUM STAR;1.155,00;;
TV;11762;FORUM STAR X KG.5 XN #;5,00;;
TV;11779;KOP-TWIN;1.735,00;;
TV;11786;AQ 10 WG;3,76;;
TV;11786;AQ10 WG X 30GR;0,30;;
TV;11786;AO 10 WG;0,06;;
TV;11786;;0,06;;
TV;11788;NEMACUR 240 CS;20,00;;
TV;11794;AVADEX FACTOR COMBI (STOPPER);2,25;;
TV;11796;GLIFAST;98,40;;
TV;11814;SPADA 200 EC;670,35;;
TV;11814;SPADA 200 EC ML 250;4,50;;
TV;11821;WEEDAZOL TL;270,00;;
TV;11849;SKORPIO EC;10,00;;
TV;11857;MIDAURIL COMBI;6.005,00;;
TV;11857;MIDAURIL COMBI # X 10KG;1.660,00;;
TV;11857;MIDAURIL COMBI X 5KG # CLP;255,00;;
TV;11862;LOBBY;83,00;;
TV;11870;CUPRITAL S.D.I.;23,25;;
TV;11870;CUPRITAL  S.D.I.  ML. 250;1,00;;
TV;11872;RIFLE 4-24 R;300,00;;
TV;11885;ELICIO;22,00;;
TV;11908;VENTUREX 35 L;156,45;;
TV;11921;RISCIO' 50 WP;24,00;;
TV;11921;RIZOLEX CAP;2,00;;
TV;11922;MYRTOS SL;48,00;;
TV;11931;MANZEB 75 WG;75,00;;
TV;11944;Aspect;699,00;;
TV;11948;VINCARE;5.555,00;;
TV;11948;VINCARE X 1KG;44,00;;
TV;11954;TERMINAL DUO;3.060,00;;
TV;11954;TERMINAL DUO X 1LT 22-11-2016;8,00;;
TV;11955;ACROBAT MZ WG;9.696,00;;
TV;11964;POLTIGLIA CAFFARO 20 GD;3.117,00;;
TV;11964;;60,00;;
TV;11975;ROUNDUP READY SMB;3,00;;
TV;11979;BORDO 20 MICRO;15,50;;
TV;11979;BORDO MICRO GR 800;12,00;;
TV;11979;;11,00;;
TV;11991;NEEMIK;3,00;;
TV;11997;MAVRIK CASA GIARDINO;1,09;;
TV;12010;TUAREG;4.197,00;;
TV;12010;COMBI SOIA (HARMONY 50 SX-TUAREG);140,00;;
TV;12010;TUAREG CONF.1 LT;97,00;;
TV;12010;COMBIPACK SOIA;32,00;;
TV;12010;;21,00;;
TV;12010;TUAREG X 3LT;21,00;;
TV;12010;TUAREG X 1LT;20,00;;
TV;12010;COMBI PACK SOIA (TUAREG);15,00;;
TV;12010;TUAREG 5 LT.;5,00;;
TV;12020;SUCCESS;176,72;;
TV;12020;SUCCESS SC 120 conf. 10 ML;0,04;;
TV;12023;MEGIC 240;71,00;;
TV;12030;SNOW;6,00;;
TV;12037;CAMIX;322,00;;
TV;12037;CAMIX   LT 5;5,00;;
TV;12041;MARTOS;0,50;;
TV;12043;PREVICUR ENERGY;334,82;;
TV;12043;PREVICUR ENERGY LT 5;20,00;;
TV;12043;PREVICUR ENERGY Conf. 50 ml;3,00;;
TV;12043;PREVICUR ENERGY ML 50;0,15;;
TV;12044;CURZATE SYSTEM;4.900,00;;
TV;12044;;2.965,00;;
TV;12048;TIOSOL 80 WG;53.967,00;;
TV;12048;TIOSOL 80 WG X 25 CLP    NO ADR;16.100,00;;
TV;12048;TIOSOL 80 WG X 10       NO ADR;1.060,00;;
TV;12048;TIOSOL 80 WG X 1KG      NO ADR;217,00;;
TV;12048;TIOSOL 80 WG X 25       NO ADR;25,00;;
TV;12048;ZOLFO TIOSOL 80 WG conf. 1 KG;6,00;;
TV;12060;FOX Conf. 5 lt;25,00;;
TV;12067;CIPER;2,25;;
TV;12068;TEFLUSTAR;738,41;;
TV;12068;TEFLUSTAR INSETTICIDA TERRENO BAYER;15,00;;
TV;12069;EPIK;265,63;;
TV;12078;METALIM;553,00;;
TV;12083;DANADIM PROGRESS ST;39,75;;
TV;12083;DANADIN PROGRESS 250CC;3,00;;
TV;12083;;0,50;;
TV;12084;GALEO;7,50;;
TV;12096;POLTIGLIA DISPERSS;179.134,50;;
TV;12096;;8.307,00;;
TV;12096;POLTIGLIA DISPERSS X 15KG  # CLP;4.980,00;;
TV;12096;POLTIGLIA DISPERSS  15 KG;1.650,00;;
TV;12100;ASSET;309,00;;
TV;12106;TALENDO;246,00;;
TV;12106;;181,00;;
TV;12114;AUXIGER LG;85,00;;
TV;12133;JUVINAL 10 EC;8,00;;
TV;12136;VERITAS;20,00;;
TV;12138;R6 ERRESEI TREVI;387,00;;
TV;12170;HELIOCUIVRE S X10 LT XI;8.240,00;;
TV;12172;FERRAMOL;1.398,00;;
TV;12174;V.I.P. FLOW;699,00;;
TV;12177;VITTORIA 24 SC X dich;2,20;;
TV;12192;GRANSTAR 50 SX;0,33;;
TV;12199;SILBOT MZ 60;990,00;;
TV;12202;ZEMIX R;11.608,00;;
TV;12206;GLUTEX CU 90;85,00;;
TV;12211;MEDOR 0,5 KG;3,00;;
TV;12212;PENTHIUM EC;30,25;;
TV;12212;PENTHIUM EC DISERB. SELETTIVO SEPRA;10,00;;
TV;12215;VEBIPHOS 7,5;131,00;;
TV;12225;TEPPEKI;82,78;;
TV;12225;TEPPEKI GR 100;0,10;;
TV;12225;TEPPEKI GR 10;0,02;;
TV;12235;FERRAMOL ESCA LUMACHICIDA;14,00;;
TV;12243;MANTIR DG;13.109,00;;
TV;12243;MANTIR DG X 10 #;1.030,00;;
TV;12243;MANTIR DG X 25KG #;1.000,00;;
TV;12243;MANTIRDG;600,00;;
TV;12243;MANTIR DG KG 10;50,00;;
TV;12243;MANTIR DG KG 25;50,00;;
TV;12245;ROUNDUP 360 POWER Conf. 20 lt;300,00;;
TV;12245;ROUNDUP 360 POWER;155,00;;
TV;12245;ROUNDUP 360 POWER Conf. 5 lt;115,00;;
TV;12250;PENCOR COMBI;17,00;;
TV;12262;VALBON;350,00;;
TV;12263;VONDOZEB DG;5.930,00;;
TV;12263;;200,00;;
TV;12270;UNICORN DF;155,00;;
TV;12279;ERBY 5EC ERBICIDA SELET. SEPRAN;10,00;;
TV;12279;;0,10;;
TV;12279;ERBY 5 EC;0,05;;
TV;12285;FORUM GOLD;6.417,00;;
TV;12297;TRIBASE TWIN;2.318,00;;
TV;12313;TOPAS HOBBY;0,01;;
TV;12314;SCORE HOBBY;1,34;;
TV;12315;ORTIVA HOBBY;12,32;;
TV;12317;DACOL L 20;7,00;;
TV;12318;VIVER;288,50;;
TV;12318;VIVER X 1LT;4,00;;
TV;12319;;52,00;;
TV;12320;PERSHING;13,00;;
TV;12322;SWITCH HOBBY;0,36;;
TV;12323;VEBIZOLFO WG;173,00;;
TV;12325;MESUROL M PLUS;2.153,50;;
TV;12330;DEDALUS SE;86,00;;
TV;12330;DEDALUS  S E   1 LT;1,00;;
TV;12344;VEBITHRIN 5 EC;74,35;;
TV;12361;ALGEDI;2,00;;
TV;12374;;4.111,00;;
TV;12374;RAIDER 3B;12,00;;
TV;12375;SUGAR 500 SC;280,00;;
TV;12378;;20,00;;
TV;12381;NU-FILM-P;774,00;;
TV;12381;NU-FILM P X 1 LT #;303,00;;
TV;12381;NU-FILM P X 4 LT #;108,00;;
TV;12381;;39,00;;
TV;12383;RIDOMIL GOLD MZ PEPITE;13.565,00;;
TV;12383;;1.050,00;;
TV;12383;RIDOMIL GOLZ MZ PEPITE;845,00;;
TV;12383;RIDOMIL GOLD MZ PEPITE X 5KG XN # C;220,00;;
TV;12383;RIDOMIL GOLD MZ PEPITE KG. 5;75,00;;
TV;12383;RIDOMIL GOLD MZ PEPITE KG 5;40,00;;
TV;12383;RIDOMIL GOLD MZ PEPITE KG. 1;27,00;;
TV;12385;ARMETIL COBRE SC;210,00;;
TV;12391;FUEGO;48,00;;
TV;12393;COPPERCIM WG;42,75;;
TV;12395;CUTRIL TOP;40,00;;
TV;12399;GANZO;194,00;;
TV;12411;ROUNDUP;1,40;;
TV;12437;DELAN 70 WG;1.288,00;;
TV;12437;;97,00;;
TV;12452;EQUIP;385,00;;
TV;12452;EQUIP SC X 1LT;12,00;;
TV;12453;MILDICUT;79.052,00;;
TV;12453;;6.577,00;;
TV;12453;MILDICUT LT 15;5.705,00;;
TV;12453;MILDICUT LT 1;225,00;;
TV;12453;MILDICUT X LT. 15;90,00;;
TV;12455;DAZIDE ENHANCE;80,00;;
TV;12461;FINALSAN ERBICIDA PROFESSIONAL;90,00;;
TV;12462;FINALSAN ERBICIDA GARDEN;17,00;;
TV;12471;AKTOR TRIPLO BLU;5.680,00;;
TV;12482;LUMAX;32.134,00;;
TV;12482;LUMAX LT 20;2.080,00;;
TV;12482;LUMAX LT 5;455,00;;
TV;12482;LUMAX X 20LT # CLP;220,00;;
TV;12482;LUMAX X 5LT # CLP;75,00;;
TV;12482;LUMAX X 20LT  #;20,00;;
TV;12482;LUMAX X 5LT #;5,00;;
TV;12491;CIPERTHRIN PLUS;366,00;;
TV;12493;MANCOZEB PLUS 75 WG;5.131,00;;
TV;12493;MANCOZEB PLUS 75WG X 25KG #;1.925,00;;
TV;12504;FLOWBRIX;6.550,00;;
TV;12504;FLOWBRIX & LT. 10;500,00;;
TV;12505;FLOWBRIX BLU;736,00;;
TV;12519;CORSARIO;17,75;;
TV;12522;METRO;528,00;;
TV;12526;ALIETTE ORTO E GIARDINO;0,75;;
TV;12528;CABRIO TOP;589,00;;
TV;12528;;25,00;;
TV;12529;TUCANA 25 EC;1.041,00;;
TV;12529;;76,00;;
TV;12529;TUCANA;76,00;;
TV;12530;CABRIO STAR;10,00;;
TV;12534;FOXTAIL;900,45;;
TV;12534;FOXTAIL DISERBANTE ZAPI;6,00;;
TV;12534;FOXTAIL ML 250;4,50;;
TV;12534;FOXTAIL 1 LT;1,00;;
TV;12534;;0,60;;
TV;12540;REGRAN SL;31,00;;
TV;12560;METHIOR X 1LT 29-02-2016;56,00;;
TV;12560;DANADIM ST;14,00;;
TV;12560;METHIOR;13,00;;
TV;12564;ELECTIS MZ;40,00;;
TV;12566;PYGANIC 1.4;835,67;;
TV;12566;PYGANIC X 1LT;340,00;;
TV;12566;PYGANIC 1-4;263,00;;
TV;12566;PYGANIK;51,00;;
TV;12566;;7,00;;
TV;12566;PIGANIC;1,10;;
TV;12568;SPRINTEX NEW L;40,00;;
TV;12573;EKO OIL SPRAY;610,25;;
TV;12574;ICARUS EW;60,00;;
TV;12582;LINFA PIRETRO NATURALE;10,72;;
TV;12584;AVIATOR WG;3.039,00;;
TV;12584;AVIATOR;1.362,00;;
TV;12584;AVIATOR WG X 10KG # CLP;200,00;;
TV;12584;SPHINX MZ;19,00;;
TV;12590;DIASTAR MAXI;590,00;;
TV;12598;GRANSTAR POWER SX;134,07;;
TV;12622;QUANTUM;10.015,50;;
TV;12622;;926,50;;
TV;12625;EFUZIN 355 SC;220,00;;
TV;12627;DANADIM 400 ST;212,00;;
TV;12628;SERENADE MAX;506,00;;
TV;12629;BUGGY 360 SG N.E.T.;124,20;;
TV;12629;BUGGY 360 SG X 5KG N.E.T.  NO ADR;85,00;;
TV;12636;QUASAR 6/24 R;16.716,00;;
TV;12636;;500,00;;
TV;12636;QUASAR 6/24 R KG 10;50,00;;
TV;12644;;52,00;;
TV;12644;ALTIX;1,00;;
TV;12647;GLITTER;548,50;;
TV;12647;GLITTER LT 5;185,00;;
TV;12650;NUPRID 200 SL;5,76;;
TV;12650;NUPRID 200 SL ML 250;4,25;;
TV;12650;NUPRID 200 SL ML 100;0,60;;
TV;12650;NUPRID 200 SL ML 50;0,05;;
TV;12670;RISOLUTIV SL;1.617,00;;
TV;12671;HARMONY 50 SX;153,04;;
TV;12671;HARMONY 50 SX GR 20;3,58;;
TV;12671;HARMONY 50 SX Conf. 20 g;2,10;;
TV;12671;COMBI SOIA (HARMONY 50 SX-TUAREG);1,40;;
TV;12671;;0,33;;
TV;12671;HARMONY 50 SX GR.20;0,26;;
TV;12671;HARMONY 50 SX Conf. 16 g;0,25;;
TV;12671;HARMONY 50SX X 16 GR WSB # CLP;0,22;;
TV;12671;HARMONY 50SX X 20 GR WSB # CLP;0,18;;
TV;12671;COMBI PACK SOIA (HARMONY 50 SX);0,15;;
TV;12671;HARMONY 50SX X 50 GR WSB # CLP;0,10;;
TV;12686;CHAMAN;78,00;;
TV;12686;CHAMAN X 1 LT CLP;6,00;;
TV;12686;CHAMAN X 1 LT;5,00;;
TV;12686;CHAMAN X 5 LT;5,00;;
TV;12692;SPRUZIT INSETTICIDA;10,25;;
TV;12696;TEBUZOL S DISPERSS;1.021,00;;
TV;12710;CALIPER-EC;2,00;;
TV;12714;KELLY R DF;2.000,00;;
TV;12722;OSSICLOR 20 FLOW;1.044,75;;
TV;12723;OSSICLOR 20 BLU FLOW;100,00;;
TV;12731;MICLOTOP PROGRESS;189,00;;
TV;12734;JUPITER R DF;602,60;;
TV;12737;AIRONE PIU';9.398,00;;
TV;12737;AIRONE PIU' Conf. 10 Kg;1.650,00;;
TV;12737;AIRONE PIÙ';1.200,00;;
TV;12737;AIRONE PIU'WG X 10KG # CLP;1.080,00;;
TV;12737;AIRONE PIU' Conf. 1 Kg;261,00;;
TV;12737;AIRONE PIU'WG X 10KG #;20,00;;
TV;12738;KING 360 HP;11.734,00;;
TV;12738;KING 360 HP X 5;30,00;;
TV;12747;RAMETTE;16,50;;
TV;12748;GRIFON PIU';2.343,00;;
TV;12754;VERDRAM HI BIO;1.622,00;;
TV;12754;KUPRUM TOP 30 WG;16,00;;
TV;12756;DICOTEX;574,30;;
TV;12759;OSSICLOR 35 WG;12.998,00;;
TV;12759;;55,00;;
TV;12759;OSSICLOR 35 WG GR 200;25,00;;
TV;12759;OSSICLOR 35 WG ZAPI;25,00;;
TV;12768;SPINTOR FLY;268,25;;
TV;12768;SPINTOR FLY ML 250;3,00;;
TV;12770;ALAR 85 GOLD;579,00;;
TV;12779;RAMEDIT COMBI WG;2.156,00;;
TV;12783;ENOVIT METIL FLO;4,00;;
TV;12784;FARO WG;935,00;;
TV;12784;CERCOBIN WG;31,00;;
TV;12788;ADIGOR;576,00;;
TV;12793;ZOLFO AFEPASA 80 WG;0,80;;
TV;12806;FEDOR;1.175,00;;
TV;12806;FEDOR * Conf. 1 Kg;219,00;;
TV;12806;FEDOR X 1KG  #;3,00;;
TV;12808;GLOBAL SC;0,52;;
TV;12813;AMISTAR XTRA;225,00;;
TV;12813;AMISTARXTRA;146,00;;
TV;12813;AMISTAR XTRA X 1LT # CLP;11,00;;
TV;12813;AMISTAR XTRA X 5LT # CLP;10,00;;
TV;12813;AMISTAR XTRA X 1LT  #;1,00;;
TV;12813;AMISTAR XTRA Conf. 1 lt;1,00;;
TV;12824;MERLIN EXPERT;10,00;;
TV;12827;PREMIER ZR;2,00;;
TV;12828;SITOFEX;78,00;;
TV;12828;;1,00;;
TV;12831;INSIGNIA;6,00;;
TV;12832;OPERA;120,00;;
TV;12837;ARIUS SYSTEM PLUS;4.210,00;;
TV;12837;ARIUS SYSTEM PLUS*  Conf. 1 lt;260,00;;
TV;12837;ARIUS SYSTEM PLUS* Conf. 5 lt;180,00;;
TV;12843;CHECKMATE CM-F;5,16;;
TV;12844;CHECKMATE OFM-F;1,56;;
TV;12847;EAGLE;5,10;;
TV;12848;R6 ERRESEI SB-R42 WG;1,00;;
TV;12849;BENPROP PRO;1,20;;
TV;12850;PRADO;60,00;;
TV;12856;CUPRORAM 25 FLOW;160,00;;
TV;12857;PROREX;1,50;;
TV;12858;PRODIGY SC X 1     NO ADR;155,00;;
TV;12858;PRODIGY;55,00;;
TV;12859;BORNEO;47,97;;
TV;12859;BORNEO ACARICIDA BAYER;2,00;;
TV;12859;BORNEO  X 0,10O LT;0,40;;
TV;12862;CANTUS;2.705,00;;
TV;12862;CANTUS 1KG;55,00;;
TV;12862;;3,00;;
TV;12863;FLORAMITE 240 SC;34,75;;
TV;12865;DANTOP 50 WG;2,20;;
TV;12866;COLLIS;423,00;;
TV;12868;BELLIS;105,00;;
TV;12869;SIGNUM;1.556,00;;
TV;12878;RIDOMIL GOLD COMBI PEPITE;40.064,00;;
TV;12878;;2.120,00;;
TV;12878;RIDOMIL GOLD COMBI PEP X 5KG # CLP;1.100,00;;
TV;12878;RIDOMIL GOLD COMBI PEPITE *;770,00;;
TV;12878;RIDOMIL GOLD COMBI PEP X 1KG # CLP;30,00;;
TV;12878;RIDOMIL GOLD COMBI PEP X 1KG #;6,00;;
TV;12879;UNIVERSALIS;5,00;;
TV;12880;ATLANTIS WG;25,50;;
TV;12881;HUSSAR MAXX;14,40;;
TV;12881;HUSSARMAXX;4,20;;
TV;12883;PROSPER 300 CS;13.206,00;;
TV;12883;PROSPER300CS;1.633,00;;
TV;12883;;813,00;;
TV;12883;PROSPER  300 SC Conf. 1 LT;276,00;;
TV;12883;PROSPER  300 CS Conf. 5 LT;80,00;;
TV;12884;BATAM;251,00;;
TV;12884;;25,00;;
TV;12886;KARATHANE STAR;2.954,00;;
TV;12886;KARATHANE STAR *;270,00;;
TV;12886;;192,00;;
TV;12888;LEPINOX PLUS;225,00;;
TV;12888;LEPINOX PLUS X 1KG   -MVP-;38,00;;
TV;12888;LEPINOX PLUS Conf. 1 Kg;20,00;;
TV;12888;;10,00;;
TV;12889;PICKER SC;2,60;;
TV;12889;PICKER SC conf. 0,2 LT;1,20;;
TV;12901;FARO;14,00;;
TV;12903;DOLESE WG;73,00;;
TV;12910;DRIBBLING;377,00;;
TV;12916;CYMONE 25 WP;48,00;;
TV;12924;JUPITER WG;2.084,00;;
TV;12924;JUPITERWG;1.438,00;;
TV;12924;;250,00;;
TV;12924;JUPITER WG Conf. 10 Kg;60,00;;
TV;12924;JUPITER WG Conf. 1 Kg;2,00;;
TV;12931;;2.606,00;;
TV;12933;MOXYL 20 WP;454,00;;
TV;12940;KARATE ZEON 1.5;692,00;;
TV;12940;KARATE WITH ZEON TECH 1,5 X 0,5LT #;0,50;;
TV;12949;AZUPEC 80 WG;84.500,00;;
TV;12954;SPECTRUM;3,00;;
TV;12973;GLYFOS RAPID;349,00;;
TV;12994;GROCER;246,00;;
TV;12994;VIVER ELITE WG;188,00;;
TV;13005;PROMAG;2,80;;
TV;13012;FOLVIT 80 WDG;17.430,00;;
TV;13018;GONDOR;45,00;;
TV;13020;MICRORAM 35 WG;17,40;;
TV;13039;POTCLEAN 2G;473,00;;
TV;13039;POTCLEAN 2G KG 10;10,00;;
TV;13042;MICRORAM 20 FLOW;21,90;;
TV;13045;CALYPSO PROTECTOR AL;2,50;;
TV;13049;SULCOGAN;160,00;;
TV;13055;MACHO;3.119,00;;
TV;13055;MACHO X 5LT CLP;335,00;;
TV;13055;MACHO X 5LT;100,00;;
TV;13055;MACHO X 1LT CLP;80,00;;
TV;13058;OSSIRAM 20 SC;6,25;;
TV;13061;BIOBIT DF;89,00;;
TV;13062;DIPEL DF;48,00;;
TV;13064;VITENE ULTRA SC;3.809,00;;
TV;13064;VITENE ULTRA SC X 1LT #;1.180,00;;
TV;13065;DOMARK 125;1.415,75;;
TV;13065;DOMARK 125 X 1LT CLP;382,00;;
TV;13065;DOMARK 125 X 0,250;26,25;;
TV;13065;DOMARK 125 X 1 LT;8,00;;
TV;13068;NEORAM WG;45,00;;
TV;13071;SIAFEN;8,00;;
TV;13072;MANNIX;0,50;;
TV;13083;CURZATE EFFE;4.800,00;;
TV;13083;;2.045,00;;
TV;13083;CURZATE EFFE * DA LT 5;1.120,00;;
TV;13084;TELDOR PLUS;1.990,00;;
TV;13084;;159,00;;
TV;13084;TELDORPLUS;100,00;;
TV;13084;TELDOR PLUS da lt. 1;59,00;;
TV;13087;TASIS;120,00;;
TV;13093;STOMP AQUA;5.931,00;;
TV;13093;STOMP AQUA LT 5;250,00;;
TV;13093;;90,00;;
TV;13093;STOMP AQUA Conf. 10 lt;40,00;;
TV;13093;STOMP ACQUA;19,00;;
TV;13093;STOMP AQUA X 5LT # CLP;5,00;;
TV;13093;STOMP AQUA Conf. 5 lt;5,00;;
TV;13093;STOMP AQUA X 1LT #;1,00;;
TV;13098;ROUNDUP POWER 2.0;13.752,00;;
TV;13104;ALGOR PLATIN;5,00;;
TV;13108;CURAME BORDEAUX;519,50;;
TV;13111;THIOCUR FORTE;4.647,75;;
TV;13116;MEDOR 35 CLASS;321,50;;
TV;13126;CABRIO DUO;542,00;;
TV;13127;VALIS F;8,00;;
TV;13128;GOLTIX 50 WG;268,00;;
TV;13133;NIBER 35 WG;1,00;;
TV;13134;;14,00;;
TV;13134;AMALINE;14,00;;
TV;13138;SYSTHANE 4,5 PLUS;250,00;;
TV;13143;MEZENE WG;284,00;;
TV;13149;POLTIGLIA MANICA 20 WG;12.865,00;;
TV;13149;POLTIGLIA 20% WG Conf. 10 Kg;80,00;;
TV;13149;POLTIGLIA 20% WG Conf. 1 Kg;41,00;;
TV;13149;POLTIGLIA MANICA 20 WG KG. 25;25,00;;
TV;13149;POLTIGLIA MANICA 20 WG KG. 10;20,00;;
TV;13150;CURAME 35 WG;3.704,00;;
TV;13150;CURAME 35 WG Conf. 1 Kg;31,00;;
TV;13152;OPTIX R DISPERSS;11.010,00;;
TV;13152;OPTIX R DISPRESS;3.420,00;;
TV;13153;BANVEL S;8,00;;
TV;13154;MONDAK 480 S;319,00;;
TV;13154;MONDAR 480 S;7,00;;
TV;13158;REMEDIER;992,00;;
TV;13158;REMEDIER Conf. 1 Kg;21,00;;
TV;13158;REMEDIER X 1 KG;13,00;;
TV;13158;;5,00;;
TV;13160;FORUM TOP;10.469,00;;
TV;13160;FORUM TOP * Conf. 10 Kg;550,00;;
TV;13160;FORUM TOP X 10KG #;80,00;;
TV;13167;POMARSOL 80 WG;1.026,00;;
TV;13167;POMARSOL 80WG X 10KG # CLP;20,00;;
TV;13167;POMARSOL 80 WG * KG 10;10,00;;
TV;13168;LAUDIS;1.034,00;;
TV;13168;LAUDIS Conf. 5 LT;105,00;;
TV;13168;LAUDIS Conf. 1 LT;81,00;;
TV;13172;CREW 40 OD;9,00;;
TV;13178;AZUL MZ 75 WG;4.710,00;;
TV;13179;PLAYER COMBI SC;1.473,00;;
TV;13180;AZUL MZ 80 WP;85,00;;
TV;13182;RAMSOL-F2;483,00;;
TV;13185;SIATTOL;5,00;;
TV;13186;TITUS MAIS EXTRA;115,62;;
TV;13205;ZOLFO MANICA SCORREVOLE DOPPIO RAFF;9.311,00;;
TV;13205;ZOLFO MANICA SCORREVOLE DOPPIO RAFFINATO;1.475,00;;
TV;13205;;1.465,00;;
TV;13205;ZOLFO SEMPLICE SCORREVOLE X 25;625,00;;
TV;13211;ZOLFO VENTILATO SCORREVOLE 96%;825,00;;
TV;13212;CONFIDOR 200 O-TEQ;51,43;;
TV;13213;R6 ERRESEI ALBIS;25.785,00;;
TV;13213;R6 ERRESEIALBIS;3.768,00;;
TV;13213;;1.771,00;;
TV;13213;R 6 ERRESEI ALBIS 10 KG;1.230,00;;
TV;13213;R6 ERRESEI ALBIS 1 KG;51,00;;
TV;13213;R6 ALBIS X 10KG # CLP;10,00;;
TV;13214;ZOLFO RAMATO 3;835,00;;
TV;13215;COMPO FAZILO PRONTO USO;18,00;;
TV;13218;FINALSAN PLUS;470,00;;
TV;13222;DUOKAR 4,5 EW PRO;1.366,00;;
TV;13227;FUNGURAN-OH 250 SC;405,00;;
TV;13230;ZOLFO VENTILATO 99%;50,00;;
TV;13236;BULLET;2.123,00;;
TV;13236;BULLET LT 5;185,00;;
TV;13238;TOPAZIO;8,00;;
TV;13242;NICOGAN V.O.;846,00;;
TV;13244;ZOLFO VENTILATO STELLA;25,00;;
TV;13249;ZOLFO RAMATO 5% X 25;1.350,00;;
TV;13249;ZOLFO VENTILATO STELLA RAMATO S;926,00;;
TV;13250;ZOLFO VENTILATO STELLA RAMATO B;10,00;;
TV;13252;PLAYER 250 SC;1.692,00;;
TV;13253;PLAYER SC;1.137,00;;
TV;13253;PLAYER SC LT 5;65,00;;
TV;13255;PLAYER GR;670,00;;
TV;13261;;1.654,00;;
TV;13263;BORDORAM 20 WG;123,90;;
TV;13267;IMPERO;153,00;;
TV;13267;IMPERO X 1  #;61,00;;
TV;13285;SEVERAL;38,00;;
TV;13285;PIRETRUM ECO;2,00;;
TV;13290;ZOLFO MANICA DOPPIO RAFFINATO VENTI;16.880,00;;
TV;13290;ZOLFO MANICA DOPPIO RAFF. VENT. RAMATO 3% NEW;1.030,00;;
TV;13290;ZOLFO RAMATO AL 3%;130,00;;
TV;13290;;125,00;;
TV;13296;POKER 7,5;585,50;;
TV;13297;TRAPPER GR;23,00;;
TV;13298;QUANTUM F;3.134,00;;
TV;13298;;1.100,00;;
TV;13299;MAGIO';1.507,00;;
TV;13307;;10,00;;
TV;13308;DICARZOL 10 SP;5,00;;
TV;13313;CASPER;130,00;;
TV;13313;CASPER Conf. 1 kg;4,00;;
TV;13323;SULFY 80 WDG;64,10;;
TV;13323;SULFY 80 WDG KG 1;7,00;;
TV;13323;SULFY 80 WDG FUNGICIDA ZAPI;6,00;;
TV;13323;SULFY 80 WDG GR 200;3,00;;
TV;13324;CUPRIZOL S;65,00;;
TV;13327;GRANSTAR ULTRA SX;363,43;;
TV;13327;GRANSTAR ULTRA SX GR 50;3,45;;
TV;13327;GRANSTAR ULTRA SX Conf. 50 g;2,50;;
TV;13327;GRANSTAR ULTRA SX GR 200;1,80;;
TV;13327;;0,05;;
TV;13329;OMNEX10EC;619,00;;
TV;13352;DIREX 7,5 GR;622,00;;
TV;13354;DIFFERENCE;21,25;;
TV;13355;TRONE;67,00;;
TV;13361;DECIS ENERGY O-TEQ;228,29;;
TV;13361;DECIS ENERGY O-TEQ Conf 100 ml;1,30;;
TV;13364;OXYFLOWER;4,00;;
TV;13365;ZOLFO DOPPIO VENTILATO SCORREVOLE 95% S ;1.520,00;;
TV;13365;ZOLFO DOPPIO VENTILATO SCORREVOLE 9;58,00;;
TV;13367;DIVO;14,00;;
TV;13370;WARRANT 200 SL;199,75;;
TV;13375;NUPRID 200 SC;52,14;;
TV;13377;COLUMBUS;9,00;;
TV;13382;PERGADO SC;3.413,50;;
TV;13382;;217,00;;
TV;13382;PERGADO SC X 1LT CLP;96,00;;
TV;13382;PERGADO SC ML. 500;17,50;;
TV;13382;PERGADO SC X 0,5LT;17,00;;
TV;13382;PERGADO SC LT. 1;5,00;;
TV;13386;PROSARO;1.101,00;;
TV;13386;PROSARO * Conf. 1 LT;24,00;;
TV;13386;PROSARO X 5LT CLP;10,00;;
TV;13386;PROSARO X 1LT CLP;6,00;;
TV;13387;FLORAMIX;47,70;;
TV;13387;FLORAMLX;9,01;;
TV;13387;FLORAMIX Conf. 0,53 Kg (2 Ha);6,36;;
TV;13389;AFFIRM;5.606,00;;
TV;13389;AFFIRM Conf. 1 KG;75,00;;
TV;13389;AFFIRM KG 10;20,00;;
TV;13389;AFFIRM KG 5;15,00;;
TV;13389;AFFIRM X 1KG  CLP;10,00;;
TV;13389;AFFIRM X 1KG;3,00;;
TV;13390;TEBUSIP 46;636,00;;
TV;13391;CYTHRIN 50 EC;1,22;;
TV;13394;IMIDASECT X 1LT;3,00;;
TV;13394;IMIDASECT X 0,25LT;0,25;;
TV;13402;LUMA-KL;29,00;;
TV;13403;GLOXY;7,00;;
TV;13405;TRINEX EW;0,10;;
TV;13409;SILFUR WG;222,00;;
TV;13410;FRUTTENE 76 WG;208,00;;
TV;13414;ARES 5 SC;41,40;;
TV;13430;TENOR SC;19,20;;
TV;13440;SATEL 1 LT;35,00;;
TV;13440;SATEL;13,72;;
TV;13443;FUNGIBEN;1.499,40;;
TV;13451;SPARVIERO;156,00;;
TV;13455;ANTIGRAM GOLD;4.601,00;;
TV;13466;SPOTLIGHT PLUS;2.454,50;;
TV;13466;SPOTLIGHT PLUS X 1LT # CLP;30,00;;
TV;13466;SPOTLIGHT PLUS Conf. 1 lt;24,00;;
TV;13466;;24,00;;
TV;13466;SPOTLIGHT PLUS X 5LT # CLP;18,00;;
TV;13468;CLINER;60,20;;
TV;13472;ALIEN;775,00;;
TV;13472;ALIEN  X 5LT CLP;145,00;;
TV;13472;ALIEN X 1LT;141,00;;
TV;13472;ALIEN X 5LT;5,00;;
TV;13477;APHID ML 50;7,00;;
TV;13477;TOREADOR;1,10;;
TV;13485;FOLPEC 80 WG ADVANCE;6.394,00;;
TV;13486;JUDO;45,00;;
TV;13489;CYMBAL;2.703,50;;
TV;13489;;592,50;;
TV;13489;CYMBAL  KG. 0,5;12,50;;
TV;13492;V.I.P. WDG;13,00;;
TV;13500;CIPREN 10 WG;1,80;;
TV;13505;CLICK DUO;1.229,00;;
TV;13518;NISUS 3B;2.500,00;;
TV;13521;HELIOCUIVRE S;3.220,50;;
TV;13521;;1.810,00;;
TV;13521;HELIOCUIVRE S Conf. 10 lt;30,00;;
TV;13522;SPIDER KILL;0,24;;
TV;13536;;110,00;;
TV;13540;QUASAR R FLOW;13.778,75;;
TV;13540;;400,00;;
TV;13542;FANTIC M NC;111,00;;
TV;13546;FLARE GOLD MZ PEPITE;190,00;;
TV;13552;ZOLVIS 80 SECTOR;28.499,20;;
TV;13555;SHUT TWIN;150,00;;
TV;13560;FORZA;52,00;;
TV;13560;FORZA  KG.  1;1,00;;
TV;13565;PASTA ISAGRO BLU;317,00;;
TV;13576;RAMEPLANT WG;504,90;;
TV;13576;RAMENPLANT WG;8,40;;
TV;13578;RAME CAFFARO BLU WG NEW;1.271,00;;
TV;13578;RAME CAFFARO BLU WG;21,00;;
TV;13579;COPPER 12;233,50;;
TV;13581;TIOGEL 80 WDG;1.325,00;;
TV;13585;SOLOFOL;1.720,00;;
TV;13585;SOLOFOL X 10 KG;1.340,00;;
TV;13586;VERDERAME 20 WG;131,80;;
TV;13586;;39,50;;
TV;13586;VERDERAME 20 WG GR 500;14,00;;
TV;13591;;56,50;;
TV;13592;VOLARE;201,00;;
TV;13592;VOLARE FUNGICIDA BAYER;15,00;;
TV;13592;VOLARE - Conf. 50 ml;2,00;;
TV;13600;ZOLFO S.A.I.M. DOPPIO VENTILATO SCO;7.970,00;;
TV;13604;ZOLFO S.A.I.M. RAFFINATO DOPPIO VEN;16.210,00;;
TV;13607;NOBIL;3,25;;
TV;13610;CLINIC SPECTRUM;2,95;;
TV;13612;BABEL 400;581,00;;
TV;13635;POLTIGLIA 20 PB MANICA;1.537,00;;
TV;13635;POLTIGLIA 20 PB MANICA KG 10;110,00;;
TV;13635;POLTIGLIA  20PB MANICA;34,00;;
TV;13637;PERGADO F;4.283,00;;
TV;13637;;810,00;;
TV;13639;ACRAMITE 480 SC;6,10;;
TV;13640;IMPRINT;91,70;;
TV;13640;;24,75;;
TV;13640;IMPRINT ML 50;1,15;;
TV;13647;NEORAM BLU WG;110,00;;
TV;13648;SIARAM 20 WG;4.697,00;;
TV;13651;SPECTRO;11,80;;
TV;13667;AFIDANE 200 SL;8,00;;
TV;13672;APHIDS 200;1,00;;
TV;13683;COMPO DUAXO PRONTO USO;3,00;;
TV;13684;COMPO DUAXO PPO;10,50;;
TV;13687;;3.245,00;;
TV;13689;FLINT MAX;96,00;;
TV;13689;FLINT MAX* Conf. 500 g;2,00;;
TV;13691;TRIDAN COMBI T;10,00;;
TV;13698;VIVANDO;3.981,25;;
TV;13698;;260,50;;
TV;13698;VIVANDO 50 SC  1 LT;53,00;;
TV;13698;VIVANDO 50 SC X 1 CLP;40,00;;
TV;13698;VIVANDO 50 SC X 1;9,00;;
TV;13698;VIVANDO 50 SC O,25 lt - 1 Ha;8,50;;
TV;13702;GEOTOX 7,5 C;772,60;;
TV;13707;IMPACT SUPREME;3,00;;
TV;13709;U 46 PRATI;469,00;;
TV;13711;QUIZA 5 EC;1.770,00;;
TV;13714;FOLPEC 50 SC;14.240,00;;
TV;13714;;4.240,00;;
TV;13719;THIAMON 80 PLUS;36.618,00;;
TV;13719;ZOLFO THIAMON 80 PLUS 25 KG;30.000,00;;
TV;13719;;29.700,00;;
TV;13719;THIAMON PLUS X 25KG CLP;500,00;;
TV;13719;ZOLFO THIAMON 80 PLUS 1 Kg;141,00;;
TV;13720;ROTIOFEN QUICK;0,05;;
TV;13721;AFIDINA QUICK;58,54;;
TV;13722;CAL-EX 1.9 EC;27,00;;
TV;13722;CAL-EX 1.9 EC X 5LT#;10,00;;
TV;13722;CAL-EX 1.9 EC X 1LT #;1,00;;
TV;13736;TRACE;6,75;;
TV;13741;SELECTADISPERSS;3,00;;
TV;13741;SELECTA DISPERSS;1,00;;
TV;13742;PERGADO MZ;1.285,00;;
TV;13742;PERGADO MZ 5 KG*;390,00;;
TV;13743;KUKAR 22;166,00;;
TV;13760;ORYTIS EW;0,97;;
TV;13765;SHERPA 100 EW;88,00;;
TV;13771;NIMROD 250 EW;24,00;;
TV;13775;VITASAN 80 WP;375,00;;
TV;13778;TORERO;395,00;;
TV;13784;RIVIERA MZ;235,00;;
TV;13785;QUANTUM MZ;4.686,00;;
TV;13785;;2.743,00;;
TV;13785;QUANTUM MZ IDRO KG. 5;35,00;;
TV;13785;QUANTUM MZ IDRO KG. 1;22,00;;
TV;13786;;4.960,00;;
TV;13786;QUANTUM R;3.959,75;;
TV;13787;RIVIERA R;994,00;;
TV;13791;GEATER-STAR;121,00;;
TV;13792;STABILAN;67,00;;
TV;13793;RUNNER M;275,00;;
TV;13793;RUNNER M X 5LT # CLP;30,00;;
TV;13793;RUNNER M X 1LT #;9,00;;
TV;13793;RUNNER M    5 LT;5,00;;
TV;13794;SPADA WDG;330,25;;
TV;13794;SPADA WDG GR 250;0,25;;
TV;13796;CELL;27,00;;
TV;13797;ELIOS WG;33,00;;
TV;13800;POLTIGLIA CAFFARO 20 DF NC NEW;120,00;;
TV;13801;TOUCHDOWN HOBBY;48,75;;
TV;13812;NOTO 40 OD;550,00;;
TV;13815;TUTOR 18-15;344,00;;
TV;13815;TUTOR 18-15 Conf. 1 Kg;33,00;;
TV;13817;ALIAL WG;975,00;;
TV;13818;ALIAL TRIPLE WP;1.591,00;;
TV;13820;BAYTEROID 25 EC;20,00;;
TV;13823;ALVERDE;31,69;;
TV;13823;ALVERDE INSETTICIDA ML 10;14,00;;
TV;13823;ALVERDE 240 SC Conf. 1 lt;1,00;;
TV;13828;ELEGANT 05 EC;7,00;;
TV;13837;SILWET L-77;62,00;;
TV;13843;ZELIG 480 EC;1.982,00;;
TV;13852;DIQUA;15,00;;
TV;13856;TRIBASIC-DEL;180,00;;
TV;13857;CRODIX GEO;770,00;;
TV;13858;MEDIATOR EXTRA SL;15,43;;
TV;13858;MEDIATOR EXTRA SL ML 250;0,50;;
TV;13858;MEDIATOR EXTRA SL ML 50;0,10;;
TV;13859;MADEX 100;1,00;;
TV;13872;NANDO 500 SC;2,00;;
TV;13876;APACHE;669,00;;
TV;13877;KITT PRONTO;19,50;;
TV;13885;MICROCOPP NEUTRO FL;130,00;;
TV;13888;FANTIC F NC WG X 5 # CLP;2.040,00;;
TV;13888;FANTIC F NC WG;349,00;;
TV;13900;PRORAM HI TECH;82,00;;
TV;13900;;60,00;;
TV;13901;VERDERAME 20 PB;12,00;;
TV;13905;BANJO Conf. 1 lt;122,00;;
TV;13905;BANJO;98,00;;
TV;13908;BORDO ISAGRO WG;415,00;;
TV;13913;ORIUS P;130,00;;
TV;13926;SPONSOR;154,50;;
TV;13927;ZAMIR 18;496,00;;
TV;13927;;13,00;;
TV;13928;DYNAMEC EC;90,00;;
TV;13929;;1.060,00;;
TV;13931;GEREPHON SL;2,00;;
TV;13955;MITIGREEN;465,00;;
TV;13972;GLIFENE 360 HP;3.635,00;;
TV;13981;CORAGEN;635,60;;
TV;13981;;20,20;;
TV;13981;CORAGEN Conf. da 300 ml;10,80;;
TV;13981;TWIN PACK MAIS (CORAGEN);8,00;;
TV;13981;Coragen 20 SC 300 ml;2,70;;
TV;13981;TWIN PACK MAIS (CORAGEN-AVAUNT);0,40;;
TV;13998;PYRUS 400 SC;2.207,71;;
TV;14005;CLORTOSIP 500 SC;351,00;;
TV;14006;INDIPENDENT 25 PB;8,50;;
TV;14018;BASIC;40,00;;
TV;14020;;1.253,00;;
TV;14020;LIDAL;437,00;;
TV;14021;BREK DUO;395,00;;
TV;14021;;25,00;;
TV;14023;SUPPOST 10 EC;618,00;;
TV;14024;PERFIL 10 WP;147,50;;
TV;14024;PERFIL10WP;1,00;;
TV;14034;CURENOX TOP MICRO;28,30;;
TV;14034;CURENOX TOP MICRO GR 800;25,00;;
TV;14042;SUPRAFOS EC;313,00;;
TV;14044;JOKER 480;20,00;;
TV;14052;PRODEO 80WG / HALLIG 80 WG;5,00;;
TV;14055;RAME IDROSSIDO FLOW AGRISYSTEM;1.110,00;;
TV;14058;FEINZIN 70 DF;745,25;;
TV;14058;FEINZIN 70 DF GR.250;2,50;;
TV;14061;;13,00;;
TV;14061;TRIANUM-P;1,50;;
TV;14062;ZOXIUM 240 SC;14.826,00;;
TV;14062;;1.490,00;;
TV;14062;ZOXIUM 240 SC X 5LT # CLP;480,00;;
TV;14062;ZOXIUM 240 SC X 1LT # CLP;289,00;;
TV;14062;ZOXIUM 240 SC X 5LT #;200,00;;
TV;14062;ZOXIUM 240 SC Conf. 1 lt;122,00;;
TV;14074;TRINEX 250 EW;11,10;;
TV;14076;CYPRUS 25 DF;20.457,70;;
TV;14077;CHAMP 20 DF;10.642,25;;
TV;14077;;40,00;;
TV;14078;RAMCY 44 WG;5,00;;
TV;14080;MIZAR;60,00;;
TV;14093;ANTARKTIS;33,00;;
TV;14098;CRITTOX GD 75;470,00;;
TV;14099;ASPOR WDG;500,00;;
TV;14099;ASPOR WDG* Conf. 10 Kg;20,00;;
TV;14100;KANEMITE;3,00;;
TV;14101;CARAMBA;157,00;;
TV;14102;BORDOFLOW NEW;94,00;;
TV;14119;VISIR PENCOTECH;497,00;;
TV;14123;ZETARAM NEW TECH;727,00;;
TV;14127;MEVAXIL COBRE;6,50;;
TV;14128;ZIGNAL;1.382,00;;
TV;14130;PERSHING 44 EC;159,00;;
TV;14135;GRENADIER 75 DF;0,68;;
TV;14136;OBERON;14,50;;
TV;14137;ALTACOR;73,10;;
TV;14137;ALTACOR GR 300;1,50;;
TV;14137;;1,00;;
TV;14137;ALTACOR GR 100;0,70;;
TV;14154;PIRETRO ACTIGREEN;53,30;;
TV;14154;PIRETRO ACTIGREEN 100ml;0,60;;
TV;14154;PIRETRO ACTIGREEN 20 ml;0,06;;
TV;14155;KOMPASS;49,00;;
TV;14156;CURZATE R WG;4.871,00;;
TV;14156;;1.683,00;;
TV;14156;CURZATE R WG KG 10;50,00;;
TV;14156;CURZATE R WG KG. 10;50,00;;
TV;14156;CURZATE R WG KG. 1;22,00;;
TV;14158;CHLORCYRINE 550 EC;72,00;;
TV;14163;SARMOX 440 WG;873,00;;
TV;14164;TRIKA ZETA;20,00;;
TV;14165;NANDO MAXI;358,00;;
TV;14166;ZETOR;223,00;;
TV;14168;SILWET VELONEX;199,00;;
TV;14168;SILWET VELONEX Conf. 1 lt;7,00;;
TV;14169;PERGADO R;2.215,00;;
TV;14178;TRI-BASE;90,30;;
TV;14184;GALATAS PLUS;72,00;;
TV;14193;SARMOX 45 DG;1.217,00;;
TV;14208;RELDAN LO;366,00;;
TV;14245;GOLEM;20,00;;
TV;14248;CLOR QUICK;46,40;;
TV;14248;;2,65;;
TV;14254;BILO 7,5 C;184,00;;
TV;14257;UNDERLINE 0,2 G;260,00;;
TV;14262;GREENEX NF;126,27;;
TV;14262;GREENEX Conf. 250 cc;4,00;;
TV;14262;GREENEX NF Conf. 40 cc;3,00;;
TV;14263;BIOTEN;15,00;;
TV;14281;BUCTRIL UNIVERSAL;14,00;;
TV;14290;KOHINOR 200 SL;704,27;;
TV;14290;KOHINOR200SL;49,25;;
TV;14290;;4,00;;
TV;14294;EXECUTIVE;0,90;;
TV;14333;DIMILIN SC-15;130,00;;
TV;14333;DIMILIN SC 15 Conf. 1 lt;3,00;;
TV;14336;NEMATHORIN 150 EC;70,00;;
TV;14342;VOLCAN COMBI SC;169,00;;
TV;14348;AGRON;6.755,00;;
TV;14348;;1.710,00;;
TV;14350;ZOLFO RAMATO 5;1.983,00;;
TV;14355;FITO EXPERT;1,80;;
TV;14363;U 46 GIARDEN;1,54;;
TV;14368;RESOLVA 24H;20,00;;
TV;14369;RESOLVA 24H RTU;80,00;;
TV;14376;MASTER QUICK;16,94;;
TV;14377;BROS;44,00;;
TV;14381;PYRINET;267,25;;
TV;14386;OLIONET INS.ANTICOCCINIGLIA;22,00;;
TV;14387;NERVURE SUPER;3.832,00;;
TV;14387;NERVURE SUPER* 1 LT;124,00;;
TV;14387;NERVURE SUPER X 1LT CLP;8,00;;
TV;14389;DESSICASH 200 SL;8,00;;
TV;14392;WYLOM OP;55,00;;
TV;14392;QUID TOP;2,00;;
TV;14405;MERLIN FLEXX;2.971,00;;
TV;14405;MERLIN PLATINUM;280,00;;
TV;14405;;2,00;;
TV;14406;LEIMAY;12,00;;
TV;14407;RUNWAY;232,80;;
TV;14407;;2,60;;
TV;14407;RUNWAY X 0,5LT;1,00;;
TV;14409;MOVENTO 48 SC;1.495,97;;
TV;14409;;53,00;;
TV;14409;MOVENTO 48 SC 250 ml;1,00;;
TV;14409;MOVENTO 48 SC ML 250;0,25;;
TV;14409;MOVENTO SC 48 Conf. 50 ml;0,10;;
TV;14409;MOVENTO SC 48 Conf. 20 ml;0,04;;
TV;14411;USTINEX AL Conf. 1 lt;6,00;;
TV;14411;USTINEX AL;1,00;;
TV;14414;DUSTY;102,15;;
TV;14418;PULSAR 40 SL;2.961,00;;
TV;14418;PULSAR 40 SL LT 5;135,00;;
TV;14419;TRUST SC;4,75;;
TV;14423;PRIMISOL 80 WDG;104,50;;
TV;14425;MYSTIC COMBI WG Conf. 1 Kg;1,00;;
TV;14431;LENTAGRAN 45 WP;188,80;;
TV;14431;;2,00;;
TV;14431;LENTAGRAN 45 WP GR 200;0,60;;
TV;14432;METRIC;2.094,00;;
TV;14432;METRIC LT 5;80,00;;
TV;14432;METRIC Conf. 1 lt;39,00;;
TV;14432;METRIC Conf. 5 lt;10,00;;
TV;14433;KUBIK RAME;5,00;;
TV;14441;VALZER SC;7,00;;
TV;14460;KOBAN 600;25,00;;
TV;14461;CURIT DUO Conf. 10 Kg;180,00;;
TV;14461;CURIT DUO;80,00;;
TV;14462;KOBAN T;36,00;;
TV;14462;KOBANT T* Conf. 1 lt;36,00;;
TV;14469;ROMIN 600;20,00;;
TV;14472;PARTNER EC;169,00;;
TV;14474;TEBUSIP COMBI* Conf. 10 Kg;550,00;;
TV;14474;TEBUSIP COMBI;197,75;;
TV;14488;ANTRACOL 70 WG;12.182,00;;
TV;14488;ANTRACOL 70 WG Conf. 10 KG;1.060,00;;
TV;14488;ANTRACOL 70 WG KG. 10;50,00;;
TV;14488;ANTRACOL 70WG KG. 1;2,00;;
TV;14491;KUBIK MCZ;1.150,00;;
TV;14491;;330,00;;
TV;14510;ELECTIS TRIO;4.739,00;;
TV;14510;ELECTIS TRIO WDG X 10KG #;460,00;;
TV;14510;ELECTIS TRIO X 4KG #;28,00;;
TV;14510;ELECTIS TRIO X 1KG #;22,00;;
TV;14521;DIMETHOAT 40 ST;2,00;;
TV;14525;MAROX SX;5,60;;
TV;14527;SUDOKU TOP X 1LT;10,00;;
TV;14527;SUDOKU TOP;7,00;;
TV;14540;SEPARO;7,00;;
TV;14541;RAVENAS EXTRA;12,00;;
TV;14572;ARDITO 10 EC (IMPORTAZIONE PARALLELA);1,00;;
TV;14573;BACTOSPEINE 32 WG;9,00;;
TV;14575;TRIMMER SX;3,12;;
TV;14576;CUTRIL EVO;1.660,00;;
TV;14577;FORUM R 3B;23.055,00;;
TV;14577;FORUM R 3B X 10 # CLP;300,00;;
TV;14577;FORUM R 3B KG 10;10,00;;
TV;14578;LANDSCAPER PRO WEED CONTROL;7,50;;
TV;14579;RAMIN 30 DF;970,00;;
TV;14580;ROBO' EC;4,80;;
TV;14582;FENGIB;2,00;;
TV;14636;BIOLID UP;1.135,60;;
TV;14636;BIOLID UP X 25 LT;25,00;;
TV;14636;BIOLID UP LT 5;20,00;;
TV;14636;BIOLID Up Conf. 500 ml;9,00;;
TV;14638;NETOR;88,00;;
TV;14638;NETOR X 5 LT #;10,00;;
TV;14638;NETOR X 1 LT #;4,00;;
TV;14640;OBOKE-SC;3,00;;
TV;14642;RIDOMIL GOLD R WG;72.845,00;;
TV;14642;RIDOMIL GOLD R WG Conf. 10 Kg;1.540,00;;
TV;14642;;1.070,00;;
TV;14642;RIDOMIL GOLD R WG X 10 KG # CLP;340,00;;
TV;14642;RIDOMIL GOLD R WG Conf. 5 Kg;275,00;;
TV;14642;RIDOMIL GOLD R WG Conf. 1 Kg;50,00;;
TV;14642;RIDOMIL GOLD R WG X 5KG #;40,00;;
TV;14643;CENTIUM 36 CS;102,00;;
TV;14643;CENTKJM 36 CS;15,00;;
TV;14647;VIVAL;1.160,00;;
TV;14650;ROGATOX 40 ST;31,00;;
TV;14655;VIVER WDG;11,00;;
TV;14664;BERELEX 40 SG;81,20;;
TV;14682;KATANA X 50GR  31.01.2017;2,75;;
TV;14682;KATANA;0,25;;
TV;14684;SUPERBO;50,00;;
TV;14685;ACROBAT R 3B;3.210,00;;
TV;14686;KOCIDE OPTI * Conf. 5 kg;1.990,00;;
TV;14686;KOCIDE OPTI;380,00;;
TV;14697;ENERVIN DUO;92,00;;
TV;14724;CIP;10,00;;
TV;14728;CELIO;1,00;;
TV;14730;CHIMIGOR 40 ST;127,00;;
TV;14730;;25,00;;
TV;14735;RANMAN TOP;41,95;;
TV;14737;ROUNDUP PLATINUM;20.037,00;;
TV;14737;ROUNDUP PLATINUM Conf. 15 lt;600,00;;
TV;14737;ROUNDUP PLATINUM Conf. 5 lt;480,00;;
TV;14737;ROUNDUP PLATINUM Conf. 1 lt;427,00;;
TV;14737;ROUNDUP PLATINUM LT 15;240,00;;
TV;14737;ROUNDUP PLATINUM X 15LT CLP;120,00;;
TV;14737;ROUNDUP PLATINUM X 5LT;60,00;;
TV;14737;ROUNDUP PLATINUM LT 5;35,00;;
TV;14739;DECIS PROTECT;355,40;;
TV;14758;KARATE WITH ZEON TECHNOLOGY 1.5 HOB;93,54;;
TV;14759;SULC0CAP;245,00;;
TV;14759;SULCOCAP;2,00;;
TV;14764;SLUXX;150,00;;
TV;14765;ELUMIS;251,00;;
TV;14766;ACTARA 240 SC;358,00;;
TV;14768;CALIBAN TOP;4,80;;
TV;14769;COMET 250 EC;506,40;;
TV;14772;BANDERA X 1LT;53,00;;
TV;14772;BANDERA;7,00;;
TV;14785;DRISCOLL;102,76;;
TV;14785;DRISCOLL ML 500;29,00;;
TV;14785;DRISCOLL ML 200;0,60;;
TV;14785;DRISCOLL ML 50;0,10;;
TV;14785;;0,02;;
TV;14797;SIATTOL 200 SL;58,62;;
TV;14797;SIATTOL 200 PLUS;6,50;;
TV;14798;DIFLORON 200 SL;0,75;;
TV;14799;AFLOR 200 SL;17,01;;
TV;14799;;1,45;;
TV;14799;AFLOR 200 FL;0,35;;
TV;14803;ELECTIS ZR DA KG 10;1.720,00;;
TV;14803;ELECTIS ZR;1.477,00;;
TV;14803;ELECTIS ZR BLU X 10KG # CLP;540,00;;
TV;14804;COPPER - DF;113,00;;
TV;14805;QUASAR MZ WG;3.076,00;;
TV;14806;LUNA PRIVILEGE;12,00;;
TV;14807;LUZINDO;1.927,00;;
TV;14807;;55,00;;
TV;14807;LUZINDO Conf. 250 g;4,75;;
TV;14809;CUPRAVIT BIO EVOLUTION;1.869,00;;
TV;14812;ENERVIN TOP;48.382,00;;
TV;14812;;2.370,00;;
TV;14812;ENERVIN TOP X 5KG # CLP;1.135,00;;
TV;14812;ENERVIN TOP Conf. 5 Kg;575,00;;
TV;14812;ENERVIN TOP KG 5;30,00;;
TV;14812;ENERVIN TOP X 1KG # CLP;29,00;;
TV;14815;ADENGO;19.072,00;;
TV;14815;ADENGO Conf. 10 lt;250,00;;
TV;14815;ADENGO Conf. 2 lt;182,00;;
TV;14815;ADENGO LT 10;150,00;;
TV;14815;;146,00;;
TV;14815;ADENGO LT 2;96,00;;
TV;14815;ADENGO X 2LT #;28,00;;
TV;14815;ADENGO X 10LT #;10,00;;
TV;14818;ACANTO;629,00;;
TV;14818;ACANTO LT 5;20,00;;
TV;14819;VALIS M;7,00;;
TV;14826;PYREOS EXTRA SL;12,63;;
TV;14828;NUPRID SUPREME SC;194,00;;
TV;14830;CUPROFIX ULTRA DISPERSS;500,00;;
TV;14837;GLIFOSAR FLASH;10.635,00;;
TV;14837;;265,00;;
TV;14838;BARCLAY GALLUP BIOGRADE 360;4.150,00;;
TV;14844;CLUSTER 500;1.199,00;;
TV;14845;MYSTIC PLUS S;141,00;;
TV;14850;ANTIMUSCHIO CONCENTRATO PROFESSIONA;5,00;;
TV;14854;;148,20;;
TV;14857;ABOTRIL 500;62,00;;
TV;14867;SYNERO;112,00;;
TV;14868;IDROX 22 NEW;530,00;;
TV;14868;IDROX 22 NEW X 10KG # CLP;30,00;;
TV;14869;COPPERFIELD;1.170,00;;
TV;14870;COPPERLAND;7.038,00;;
TV;14872;BELLIS DRUPACEE;85,00;;
TV;14876;GRANDSTAND;56,20;;
TV;14879;LONTREL 72 SG;4,65;;
TV;14884;CORUM;3.640,00;;
TV;14884;CORUM * Conf. 1 lt;317,00;;
TV;14884;CORUM X 1LT # CLP;32,00;;
TV;14884;CORUM X 1LT  #;1,00;;
TV;14891;TRICO;344,00;;
TV;14894;;20,00;;
TV;14895;LANNATE 20 SL;127,50;;
TV;14897;FLUROSTAR 200;50,00;;
TV;14898;POLECI;3,00;;
TV;14900;KENKIO;2.350,00;;
TV;14901;CONCORDE 125;1,50;;
TV;14914;YSAYO;90,00;;
TV;14915;;4.507,00;;
TV;14915;REPLAY;44,00;;
TV;14920;ZOLFO 80 WP ZOLFINDUSTRIA;4.820,00;;
TV;14931;GRISU;149,00;;
TV;14936;AMPLIGO;130,00;;
TV;14938;DEDICATE;15,50;;
TV;14942;MAGNET MED;1,00;;
TV;14948;ACTARA HOBBY;1,08;;
TV;14951;BOTECTOR;48,00;;
TV;14951;BOTECTOR Conf. 0,4 Kg;42,00;;
TV;14967;TIPTOR ULTRA;140,00;;
TV;14969;HOPPER 480;1.287,50;;
TV;14969;HOPPER 480 X 20LT  NO ADR;1.060,00;;
TV;14969;HOPPER 480 X 1LT  NO ADR;30,00;;
TV;14970;POLYSECT ULTRA SL;43,30;;
TV;14972;DICARZOL 50 SP;107,00;;
TV;14974;BELEM 0.8 MG;192,00;;
TV;14980;AFFINITY PLUS;1.179,00;;
TV;14980;;1,00;;
TV;14985;RETENGO PLUS;17,00;;
TV;15005;FONTELIS;45,00;;
TV;15005;;4,00;;
TV;15006;TRAXOS PRONTO;20,00;;
TV;15008;LBG - 01F34;4.284,00;;
TV;15008;ENERVIN PRO (LBG 01F34);432,00;;
TV;15008;LBG01F34;254,00;;
TV;15011;SPI EC;0,15;;
TV;15013;NATRIA LUMACHICIDA;829,00;;
TV;15013;LUMACHICIDA - NATRIA 500 g;20,00;;
TV;15014;NATRIA ERBICIDA;14,75;;
TV;15019;RIVIERA;1.002,00;;
TV;15019;RIVIERA Conf. 1 lt;232,00;;
TV;15023;DERREX;240,00;;
TV;15024;MESUROL 200 SC;183,00;;
TV;15030;COSSACK;0,60;;
TV;15034;DICOPHAR;51,20;;
TV;15037;BREZZA;1.205,00;;
TV;15037;BREZZA Conf. 1 lt;59,00;;
TV;15037;BREZZA LT. 1;22,00;;
TV;15037;BREZZA LT. 5;5,00;;
TV;15037;BREZZA Conf. 5 lt;5,00;;
TV;15041;OPINION ECNA;704,00;;
TV;15047;R6 ERRESEI BORDEAUX WG;5.152,90;;
TV;15047;R6  BORDEAUX 10 KG;2.200,00;;
TV;15047;R6 BORDEAUX WG X 10KG # CLP;240,00;;
TV;15047;;150,00;;
TV;15047;R6 BORDEAUX WG FUNGICIDA BAYER;15,00;;
TV;15049;MODDUS;27,00;;
TV;15050;VERTIMEC PRO;1.004,00;;
TV;15050;VERTIMEC PRO* Conf. 1 lt;56,00;;
TV;15050;VERTIMEC PRO LT. 5;20,00;;
TV;15052;KAIMO SORBIE;276,00;;
TV;15054;CONTENDER 80 WG;538,00;;
TV;15057;DICOTEX RTU;6,00;;
TV;15058;PRINCIPAL MAIS;416,56;;
TV;15058;;7,04;;
TV;15058;PRINCIPAL MAIS Conf. 440 g;3,52;;
TV;15059;DECIS EVO;1.788,00;;
TV;15059;DECIS EVO Conf. 250 ml;120,00;;
TV;15059;DECIS EVO Conf. 1 lt;84,00;;
TV;15059;DECIS EVO LT 5;25,00;;
TV;15062;PIRAMAX  EC;119,00;;
TV;15063;NIMBLE;1,45;;
TV;15064;MAESTRO WG ADVANCE;359,00;;
TV;15071;EVOLUTION;521,00;;
TV;15071;EVOLUTION X 5 LT # CLP;120,00;;
TV;15071;EVOLUTION X 1 LT # CLP;52,00;;
TV;15071;;2,00;;
TV;15071;EVOLUTION Conf. 1 LT;2,00;;
TV;15073;ZETYL WP;95,00;;
TV;15084;DRUM;1.861,00;;
TV;15085;VITISAN 45 WG;279,50;;
TV;15093;CENTURIO;157,50;;
TV;15094;;75,00;;
TV;15094;FOSBEL 80 WG;40,00;;
TV;15094;FOSBEL 80 WG KG 5;5,00;;
TV;15101;CIMORAM ULTRA WG;2.776,00;;
TV;15102;VITENE R WG;1.392,00;;
TV;15102;VITENE R WG X 10KG #;170,00;;
TV;15102;VITENE R WG X 1 KG  #;3,00;;
TV;15111;MIRADOR SC;184,00;;
TV;15115;VELIERO;1.159,00;;
TV;15115;PROSPER 500 EC;58,00;;
TV;15116;ELIOS R X 8 KG (4X2) #;776,00;;
TV;15116;ELIOS R;400,00;;
TV;15123;ALTAIR 4,5 EW;2.170,00;;
TV;15124;ZANTARA;642,00;;
TV;15124;ZANTARA Conf. 3 lt;19,00;;
TV;15125;PROLECTUS;473,00;;
TV;15127;SANVINO;5.270,00;;
TV;15127;SANVINO Conf. 5 Kg;315,00;;
TV;15130;INTREPID;2.219,00;;
TV;15130;INTREPID Conf. 1 lt;85,00;;
TV;15130;;7,00;;
TV;15135;OLEOSAN PLUS;18,50;;
TV;15138;BAROCCO 80 WG;1.000,00;;
TV;15139;INDIPENDENT SC-15;161,00;;
TV;15142;ALCANCE SYNC TEC;35,00;;
TV;15147;EVO-TRIBASIC;280,00;;
TV;15148;ENVIROMITE 480 SC;0,08;;
TV;15149;COSAVET DF EDGE;3.900,00;;
TV;15149;CONSAVET DF EDGE;13,00;;
TV;15168;ZORO 1.9 EW;77,00;;
TV;15168;ZORO 1,9 EW;1,00;;
TV;15180;RIVET PLUS;7,00;;
TV;15181;CIRRUS CS;1.088,50;;
TV;15181;CIRRUS CS ML 500;74,50;;
TV;15181;;13,00;;
TV;15184;SATEL GEO;64,00;;
TV;15192;LIBERATE;2,00;;
TV;15193;CONTATTO PIU' EXTRA;58,00;;
TV;15193;CONTATTO PIÙ' EXTRA;13,00;;
TV;15196;FOSBEL EXTRA;1.036,00;;
TV;15196;;100,00;;
TV;15199;SAKURA;1,00;;
TV;15200;QUALY;871,00;;
TV;15200;QUALY X 1LT #;141,00;;
TV;15201;FLOXY 355 SC;418,00;;
TV;15201;FLOXY 355 SC Conf. 5 lt;60,00;;
TV;15201;FLOXY 355 SC LT 5;40,00;;
TV;15201;;20,00;;
TV;15201;FLOXY 355 SC Conf. 1 lt;20,00;;
TV;15213;DEMETRINA FLOW;13,59;;
TV;15213;DEMETRINA FLOW ML 200;2,60;;
TV;15214;DELTAPLAN SC;6,00;;
TV;15219;VITIPEC MZ;400,00;;
TV;15221;ZETARAM PLUS X 10 LT CLP;2.240,00;;
TV;15221;ZETARAM PLUS;1.694,95;;
TV;15221;ZETARAM PLUS X 10LT;260,00;;
TV;15221;ZETARAM PLUS X 1LT;8,00;;
TV;15222;FOLICUR COMBI WG;3.814,00;;
TV;15227;MESUROL EVOLUTION;3,15;;
TV;15232;CUSTODIA;282,00;;
TV;15233;DALET TRIO;625,00;;
TV;15234;MOMENTUM F;725,00;;
TV;15235;MOMENTUM;4.809,00;;
TV;15235;;520,00;;
TV;15236;ZAMMO;13,00;;
TV;15237;CHIKARA DUO;81,00;;
TV;15250;COPRANTOL DUO;7.130,00;;
TV;15252;VITIPEC R;134,00;;
TV;15253;FALCON MK;1.220,00;;
TV;15263;DYNALI;477,00;;
TV;15263;DYNALI Conf. 250 ml;21,00;;
TV;15264;ENERVIN SC;3.783,50;;
TV;15264;;1.042,00;;
TV;15264;ENERVIN PRO (ENERVIN SC);318,00;;
TV;15264;ENERVIN PRO Conf. 2 Ha;78,00;;
TV;15267;KUSABI;123,80;;
TV;15274;ALIAL SYSTEM;368,00;;
TV;15275;KUSTI;272,00;;
TV;15275;;60,00;;
TV;15279;VARGAS;2,00;;
TV;15285;PRIMMA STAR;2,49;;
TV;15289;SERENADE NATRIA;6,40;;
TV;15290;AXIDOR;120,00;;
TV;15292;VERTIARO;113,50;;
TV;15293;BONECO;3,00;;
TV;15300;ARMETIL FLOW;233,00;;
TV;15302;AMYLO-X;1.253,00;;
TV;15302;AMYLO - X X 1KG;517,00;;
TV;15302;;52,00;;
TV;15303;MET52 GRANULARE;50,00;;
TV;15307;DEDALUS 25 WDG;619,00;;
TV;15310;NISSHIN EXTRA 6 OD;7,00;;
TV;15311;TIZCA;584,00;;
TV;15313;ZOLFO SC;271,00;;
TV;15315;ALEF;96,00;;
TV;15317;FLARE GOLD COMBI PEPITE;17.125,00;;
TV;15318;;2.802,00;;
TV;15325;CORNER MZ WG;2.020,00;;
TV;15326;CUPROTEK DISPERSS;77.540,00;;
TV;15327;METAMAN 8-64 WG;80,00;;
TV;15330;PINDARUS 25 WDG;45,50;;
TV;15333;APPLAUD PLUS;4.997,32;;
TV;15333;;858,00;;
TV;15333;APPLAUD PLUS X 1   KG CLP NO ADR #;775,00;;
TV;15333;APPLAUD PLUS 25 WP Conf. 1 Kg;468,00;;
TV;15333;APPLAUD PLUS  X 1KG  NO ADR #;11,00;;
TV;15333;APPLAUD PLUS 100 gr;9,00;;
TV;15333;APPLAUD PLUS  20 g;4,00;;
TV;15335;U 46 ULTRA;10,00;;
TV;15337;EXPRESS SUN;2,30;;
TV;15340;FEUDO 50 WP;1.926,60;;
TV;15340;FEUDO 50 WP X 1 KG;352,00;;
TV;15340;FEUDO 50;5,20;;
TV;15342;FEUDO MZ WDG;1.891,00;;
TV;15342;FEUDO MZ* Conf. 10 KG;360,00;;
TV;15343;FEUDO RD WP;1,00;;
TV;15344;FILAN WG;419,00;;
TV;15344;FILANG WG;10,00;;
TV;15348;RIDOMIL GOLD R LIQUIDO;7.506,00;;
TV;15348;;2.480,00;;
TV;15351;POWERSHUT;741,00;;
TV;15356;AVIATOR SC;6.232,00;;
TV;15356;AVIATOR SC X 1LT;944,00;;
TV;15356;AVIATOR SC / SPHINX SC;194,00;;
TV;15356;SPHINX SC;43,00;;
TV;15359;VITIL 8-64 WG;280,00;;
TV;15361;LIETO;1.859,25;;
TV;15361;LIETO X 0,45KG;114,75;;
TV;15361;LIETO X 0,5KG;0,50;;
TV;15363;MEDEIRO 80 WG ADVANCE;9.916,00;;
TV;15363;;270,00;;
TV;15364;DESIGN WG;22,00;;
TV;15365;RAME ZOLFO FLOW MCT;149,00;;
TV;15368;BALENO 200;1,00;;
TV;15370;FURY GEO;5.300,00;;
TV;15371;BELEM PROTEZIONE;3.324,00;;
TV;15378;TRAXOS PRONTO 60;37,00;;
TV;15378;TRAXOS PRONTO 60 X 1LT;7,00;;
TV;15378;TRAXOS PRONTO 60 X 5LT;5,00;;
TV;15379;AXIAL PRONTO 60;133,00;;
TV;15384;LUNA EXPERIENCE;59,00;;
TV;15388;MEXIL ORO R WG;2.895,00;;
TV;15389;FLARE GOLD R WG;6.820,00;;
TV;15392;QUANTUM MZ WDG;1.114,00;;
TV;15392;QUANTUM MZ WDG X 10KG;420,00;;
TV;15395;ATHADO 40 SC;787,00;;
TV;15401;TAIFUN MK CL;33.348,00;;
TV;15401;TAIFUN MK CL LT 20;1.500,00;;
TV;15401;TAIFUN MK CL X 20LT;240,00;;
TV;15401;TAIFUN MK CL ERBICIDA SISTEMICO;25,00;;
TV;15401;;20,00;;
TV;15401;TAIFUN MK CL LT 5;15,00;;
TV;15402;DELTASAP;11,00;;
TV;15403;MIDASH;4,00;;
TV;15404;MIDO;5,00;;
TV;15405;SHAMAL MK PLUS CL;1.340,00;;
TV;15419;ELECTIS R FLOW;4.678,00;;
TV;15419;ELECTIS R FLOW X 10LT;580,00;;
TV;15423;FORUM TEAM;2.857,00;;
TV;15428;WINNER OD;56,00;;
TV;15433;ATLAS;12,00;;
TV;15436;;4,00;;
TV;15439;THIOCUR LSC;26,00;;
TV;15448;REBEL TOP;464,50;;
TV;15448;;350,50;;
TV;15448;REBEL TOP X 1LT CLP;132,00;;
TV;15449;CIDELY;2.641,00;;
TV;15449;;160,00;;
TV;15451;ELIOS WG TOP;432,00;;
TV;15451;ELIOS WG TOP X KG 5;240,00;;
TV;15451;ELIOS WG TOP X KG 1;22,00;;
TV;15453;TAAQAT;6,20;;
TV;15488;IRAZU TOP;93,00;;
TV;15493;SIMUN 40 OD;911,00;;
TV;15493;SIMUD 40 OD;15,00;;
TV;15498;ARPEL DUO;134,00;;
TV;15499;SONG 70 WDG;146,25;;
TV;15499;SONG 70 WG X 0,5KG;7,50;;
TV;15505;SILBOT 500 SC;35,00;;
TV;15506;RAPIDO PPO;6,00;;
TV;15507;CREW SUPERB;71,00;;
TV;15509;MOSAIKO COMBI;590,00;;
TV;15509;MOSAIKO COMBI PB X 1KG;24,00;;
TV;15513;OSSICLOR 35 WG GREEN;152,00;;
TV;15514;CUPRAVIT BLU 35 WG;1.174,30;;
TV;15515;POLTIGLIA 20 PB GREEN;425,00;;
TV;15524;INTERCEPT;790,00;;
TV;15532;TOBAGO 200 SL;0,25;;
TV;15533;CRUZADO-R;462,00;;
TV;15537;DELTAGRI;94,00;;
TV;15543;LUMACHICIDA FER;19,50;;
TV;15549;PROLECTUS 50 WG;3,00;;
TV;15553;REGALIS PLUS;19,50;;
TV;15566;VISION PLUS;30,00;;
TV;15569;LOOP 40;250,00;;
TV;15570;TYLAL WG;37,00;;
TV;15571;METSY;0,46;;
TV;15572;ZOMINEX;697,00;;
TV;15572;;217,00;;
TV;15573;PROMESS SL;20,00;;
TV;15574;KARMA 85;522,00;;
TV;15581;BARKAN;48,00;;
TV;15583;PIRAT;27,00;;
TV;15591;PREVINT TOP;16.264,00;;
TV;15591;;95,00;;
TV;15596;LASCAR;20,00;;
TV;15600;RITUAL;1,00;;
TV;15601;MOSAIKO;534,00;;
TV;15603;ERBIFEN K;700,00;;
TV;15618;FULLDINA 355 SC;25,00;;
TV;15621;BOTTO 50 EC;287,00;;
TV;15621;BOTTO 50EC X 1LT #;8,00;;
TV;15622;CURZATE R WG BIANCO;21,00;;
TV;15623;COSMOS 550 EC;204,00;;
TV;15625;TERMINUS SC;70,00;;
TV;15626;ORBIT 220 EC;288,00;;
TV;15627;PAPYRUS 400 SC;498,00;;
TV;15629;BADGER 45% WG;392,50;;
TV;15630;PALMAS 45% WG;171,50;;
TV;15633;REVUS TOP;12,00;;
TV;15640;PROLINE STAR;1.177,00;;
TV;15641;SIATTOL 200 SL;13,25;;
TV;15642;HYDRA PLUS;1.699,00;;
TV;15644;;822,00;;
TV;15644;LANDMASTER;80,00;;
TV;15650;TB 25 WG;6,00;;
TV;15651;FLANKER;312,00;;
TV;15654;ACCORD;197,00;;
TV;15661;SENEGO;47,00;;
TV;15663;CUPRAVIT 35 WG;6,50;;
TV;15666;TURNER COMBI;261,00;;
TV;15668;GHIBLI 240 OD;312,75;;
TV;15668;GHIBLI240 OD;2,00;;
TV;15681;LUMADRY ESCA;1.721,00;;
TV;15681;LUMADRY KG 1;38,00;;
TV;15687;MICLOCUR;1.015,38;;
TV;15690;ALIAL RAMATO;1.640,00;;
TV;15711;ALSYSTIN;4,50;;
TV;15713;DIABLO SC;15,00;;
TV;15722;ARMICARB 85;1.280,00;;
TV;15722;ARMICARB 85 Conf. 5 Kg;100,00;;
TV;15725;DUAXO;171,83;;
TV;15741;AVADEX FACTOR COMBI (AVADEX FACTOR);30,00;;
TV;15751;VITENE TRIPLO R;539,00;;
TV;15759;DECIS TRAP;4,09;;
TV;15779;ABANTO;3,01;;
TV;15780;OSSICLOR 50 PB GREEN;1.600,00;;
TV;15793;FUTURECO NOFLY WP;2,00;;
TV;15817;GLADIATOR;6,00;;
TV;15828;CLINIC PRONTO PPO;3,00;;
TV;15831;VACCIPLANT;3,00;;
TV;15834;TRACER 120;2,00;;
TV;15844;SLOGAN TOP;6.536,00;;
TV;15844;SLOGAN TOP X 10KG;20,00;;
TV;15845;ARAGON;195,00;;
TV;15846;BIO ETEFON;1,00;;
TV;15857;R6 ERRESEI PASADOBLE;5.990,00;;
TV;15858;FUNGUS CLEAR ULTRA;1,00;;
TV;15858;FUNGUSCLEAR ULTRA;1,00;;
TV;15859;KATANGA EXPRESS;371,00;;
TV;15863;BALENO FLASH;36,00;;
TV;15864;MONDARE PIU';205,00;;
TV;15877;CONSENTO;6,00;;
TV;15883;MARTO';141,00;;
TV;15886;METAREX INOV;10,00;;
TV;15892;BANG PLUS;22,00;;
TV;15892;;10,00;;
TV;15893;GIAGUAR SL;1,60;;
TV;15900;TRIKA EXPERT;21.824,50;;
TV;15901;ERCOLE;59.081,10;;
TV;15901;ERCOLE KG 10;2.240,00;;
TV;15901;ERCOLE Conf. 10 Kg;1.350,00;;
TV;15901;;270,00;;
TV;15901;ERCOLE X 10KG #;90,00;;
TV;15901;ERCOLE X 10KG # CLP;80,00;;
TV;15901;ERCOLE Conf. 1 Kg;7,00;;
TV;15901;ERCOLE X 1 KG #;6,00;;
TV;15907;PRESIDIUM ONE;5.589,00;;
TV;15907;PRESIDIUM ONE X 5LT #;995,00;;
TV;15907;PRESIDIUM ONE X 1LT #;580,00;;
TV;15910;KARAKAS;4,50;;
TV;15911;SPIROX;269,00;;
TV;15912;CUPRO ISAGRO WG;548,00;;
TV;15913;BORDO ISAGRO WG BLU X 20KG #;220,00;;
TV;15913;BORDO ISAGRO WG BLU;142,00;;
TV;15914;RAME ISAGRO WG BLU;2.664,00;;
TV;15922;KLARTAN PRONTO USO;37,50;;
TV;15924;RUSTLER;217,00;;
TV;15926;MOJANG 600;25,00;;
TV;15931;GLORIAL JET;80,00;;
TV;15936;IMAZAMOX 40 (IMPORTAZIONE PARALLELA);550,00;;
TV;15936;IMAZAMOX 40;5,00;;
TV;15949;PROMEX;57,00;;
TV;15961;RETENGO NEW;962,00;;
TV;15962;LECTRA MZ WG;12.360,00;;
TV;15996;PATRIOT DRY;837,00;;
TV;15996;;6,00;;
TV;16000;MINUET GR;239,25;;
TV;16010;ACRUX 10 WP;0,50;;
TV;16013;SEPRA-LIM;14,00;;
TV;16030;CONTENDER WG;775,00;;
TV;16033;HEREU SC;165,00;;
TV;16034;DOURO 100 EC;876,00;;
TV;16042;TOSCANA;0,52;;
TV;16051;LENNS;672,60;;
TV;16063;ARIGO;41,94;;
TV;16063;ARIGO Conf. 330 g;1,00;;
TV;16065;TOPIK ONE;30,00;;
TV;16068;FOLDER 80 WG;5.786,00;;
TV;16071;MESOZIN 70 WG;789,20;;
TV;16071;MESONZIN 70 WG;15,00;;
TV;16071;MESOZIN 70WG;10,00;;
TV;16071;;7,00;;
TV;16074;GLORIAL 25 EC;129,00;;
TV;16075;AGHERUD M;1,00;;
TV;16083;STIKER FLOW;2,20;;
TV;16084;BREVIS;10,50;;
TV;16086;NEMGUARD GRANULES;20,00;;
TV;16087;LAGOS;50,00;;
TV;16098;NIBER 70 DF;670,75;;
TV;16099;SINIS 70 DF;66,75;;
TV;16104;ELECTIS TRIO WDG;5.657,00;;
TV;16104;ELECTIS TRIO WDG Conf. 10 Kg;480,00;;
TV;16104;ELECTIS TRIO WDG Conf. 4 Kg;352,00;;
TV;16104;ELECTIS TRIO WDG KG. 10;20,00;;
TV;16104;ELECTIS TRIO WDG KG. 1;9,00;;
TV;16110;CABRIO OLIVO;5,00;;
TV;16117;SERBY;29,55;;
TV;16124;JUVINAL ECHO PLUS;25,00;;
TV;16126;FLANCO SC;20,20;;
TV;16126;FLANCO SC X 0,2LT CLP;1,60;;
TV;16130;PAPYRUS;58,00;;
TV;16136;LUMA-GOLD;33,80;;
TV;16137;OSIRIS;1.005,00;;
TV;16139;SEGURIS XTRA;34,00;;
TV;16149;BABEL;4,00;;
TV;16161;CENTURY SL;26.204,00;;
TV;16161;CENTURY SL Conf. 5 lt;660,00;;
TV;16167;MARACANA;9,00;;
TV;16168;MARKER T;130,00;;
TV;16171;HADDEN;37,00;;
TV;16172;CAL-EX 1,9 EW;272,00;;
TV;16178;FOLIANE 80 WG;22.730,00;;
TV;16179;FOLLOW X 5KG #;2.060,00;;
TV;16179;FOLLOW 80 WG;135,00;;
TV;16182;CLICK PRO;977,40;;
TV;16182;CLIK PRO;67,50;;
TV;16182;CLICK MAIS PRO (DIXIE+CLICK PRO) PA;6,00;;
TV;16182;CLIK MAIS PRO;5,00;;
TV;16187;QUBIC R PRO;400,00;;
TV;16188;MEDIATOR PLUS;7,50;;
TV;16191;TRIMAXX;19,00;;
TV;16194;ETRAVON PRO;1.313,00;;
TV;16194;ETRAVON PRO X 1LT CLP;38,00;;
TV;16194;ETRAVON PRO Conf. 1 lt;12,00;;
TV;16200;;1.710,00;;
TV;16205;IDROX 20;5.260,00;;
TV;16205;IDROX 20 X 10KG;380,00;;
TV;16206;MARKER 600;10,00;;
TV;16207;PIVAK 1,9 EW;119,00;;
TV;16210;ZETARAM HI TECH;7.384,00;;
TV;16210;ZETARAM HI TECH X 10KG  #;290,00;;
TV;16213;UNICORN PLUS DF;1.492,00;;
TV;16221;MADEX TOP;10,40;;
TV;16221;;1,60;;
TV;16225;POLTIGLIA BLU 20 WG;46,00;;
TV;16226;CIMOTER RAME WG;115,00;;
TV;16227;FOLPAN COMBI;12.384,00;;
TV;16227;FOLPAN  COMBI KG 5 *;935,00;;
TV;16229;RAM CYM 44 WG;268,00;;
TV;16230;RUFAST NOVA;6,00;;
TV;16231;ACHILLES 100 CS;147,50;;
TV;16243;POLYSECT ULTRA AL;52,00;;
TV;16256;PANTOX 360 SL;60,00;;
TV;16259;LABEL 70 DF;90,50;;
TV;16259;LABEL 70 DF GR. 250;4,25;;
TV;16260;WELTER MZ WG;1.320,00;;
TV;16261;BELOUKHA;30,00;;
TV;16282;DIMIX;357,00;;
TV;16282;DIMIX X 1LT CLP #;111,00;;
TV;16293;PACLOT NEW;21,00;;
TV;16297;SUPPORT 100 EC;568,00;;
TV;16299;PASSAT SL;2.399,00;;
TV;16305;BONZI;59,00;;
TV;16325;EPIK SL;4.034,78;;
TV;16325;EPIK SL X 5LT  CLP #;210,00;;
TV;16325;EPIK SL X 1LT CLP  #;157,00;;
TV;16325;EPIK SL ML 250;11,00;;
TV;16325;EPIK SL ML 100;10,70;;
TV;16325;;2,00;;
TV;16325;EPIK SL 15 ml;2,00;;
TV;16363;SIRTAKI;814,00;;
TV;16363;SIRTAKI X 1LT CLP;4,00;;
TV;16364;BISMARK;3.947,00;;
TV;16364;BISMARK Conf. 5 lt;170,00;;
TV;16364;BISMARK LT 5;120,00;;
TV;16364;BISMARK Conf. 10 lt;90,00;;
TV;16364;BISMARK Conf. 1 lt;77,00;;
TV;16364;BISMARK X 5LT  CLP #;50,00;;
TV;16364;BISMARK X 1LT  CLP #;6,00;;
TV;16379;PREV-AM PLUS;1.225,00;;
TV;16379;;140,00;;
TV;16394;;930,00;;
TV;16394;VITIPEC R WDG;10,00;;
TV;16396;TEMSA 100;34,00;;
TV;16434;OLIOCIN NATRIA;17,00;;
TV;16438;VELUM PRIME;16,00;;
TV;16444;DIXIE MAIS;458,60;;
TV;16459;SOLEIL 50 WG;6.878,50;;
TV;16460;VELIERO 500 EC;94,00;;
TV;16480;3LOGY;2.492,00;;
TV;16480;3LOGY Conf. 4 lt;168,00;;
TV;16480;3LOGY X 4LT  CLP;56,00;;
TV;16483;TEMIDE 50 WG;491,50;;
TV;16498;CETUS 360 CS;8,00;;
TV;16503;BINARY T;15,00;;
TV;16528;GHIBLI 40 OD;502,00;;
TV;16542;;63,00;;
TV;16545;COPRANTOL HI BIO 2.0;2,00;;
TV;16549;TIOGEL WG;4.246,00;;
TV;16571;COPPER COMBI WG;35,50;;
TV;16578;MELODY COMPACT WG;1,00;;
TV;16672;D-D SOIL VIII;50,00;;
TV;16684;TELONE II   / 2016;400,00;;
TV;16722;EXIREL 2016;56,00;;
TV;16722;EXIREL 2016 (AUTORIZZAZIONE ECCEZIONALE);4,00;;
TV;16722;EXIREL;3,00;;
TV;16728;AF-X1 2016;500,00;;
TV;16728;AF-X1;125,00;;
VE;13;THIOPRON x 1000 lt;8.000,00;;
VE;13;THIOPRON X 10LT CLP;7.260,00;;
VE;13;THIOPRON;3.412,00;;
VE;13;THIOPRON x 10 lt;3.340,00;;
VE;13;THIOPRON X 10LT;120,00;;
VE;13;THIOPRON DA LT 10;100,00;;
VE;17;U 46 COMBI FLUID;185,00;;
VE;17;U46 COMBI;24,00;;
VE;17;U 46 COMBI FLUID x 1 lt;23,00;;
VE;17;U 46 COMBI FLUID X 1LT CLP;18,00;;
VE;17;U46 COMBI FLUID LT.1;12,00;;
VE;17;U 46 COMBI FLUID X 1 #;9,00;;
VE;40;ETRAVON BAGNANTE LT.1 COAD.;6,00;;
VE;133;U 46 D-FLUID;12,00;;
VE;189;MICOZEB 75 WDG;220,00;;
VE;206;ALBENE x 25 lt;1.350,00;;
VE;206;ALBENE;7,00;;
VE;449;MOCAP;120,00;;
VE;449;MOCAP x 15 kg;90,00;;
VE;449;MOCAP 10G X 15KG  # CLP;90,00;;
VE;565;FUMATHANE 510;14.780,00;;
VE;565;FUMATHANE 510 CISTERNA LT 1000;1.000,00;;
VE;599;ACUPRICO 76WG X 20KG #;400,00;;
VE;599;ACUPRICO 76WG X 5KG #;195,00;;
VE;599;ACUPRICO 76 WG;13,00;;
VE;599;ACUPRICO 76WG KG.5 /T+N;10,00;;
VE;599;ACUPRICO 76WG X 1KG #;9,00;;
VE;619;VALGRAN;12,00;;
VE;630;REGLONE W;514,00;;
VE;630;REGLONE W X 5 LT # CLP;205,00;;
VE;630;REGLONE W x 5 lt;190,00;;
VE;630;REGLONE W x 1 lt;44,00;;
VE;630;REGLONE W X 1 LT #;9,00;;
VE;630;REGLONE W DA LT. 1;2,00;;
VE;747;ZOLFO SPRUZZABILE;211,00;;
VE;779;TRIMANOC 80 WP;8,00;;
VE;844;MICROBAGNABILE 80;94,00;;
VE;886;SENCOR WG GR 500;27,50;;
VE;886;SENCOR WG;19,00;;
VE;909;POLISOLFURO DI CALCIO POLISENIO X 2;400,00;;
VE;909;POLISOLFURO DI CALCIO POLISENIO;50,00;;
VE;1155;CHEMOL 90EL X 25LT;250,00;;
VE;1155;CHEMOL 90 EL;2,50;;
VE;1156;CHEMOL;1.485,25;;
VE;1156;CHEMOL X 25LT;325,00;;
VE;1156;CHEMOL *25Lt;200,00;;
VE;1156;;100,00;;
VE;1156;OLIO BIANCO LT 1 CHEMOL;25,00;;
VE;1156;CHEMOL *1Lt;23,00;;
VE;1544;MESUROL;1,00;;
VE;1562;ERBITOX E 30 x 1 lt;265,00;;
VE;1573;BASAMID GRANULAT;4.580,00;;
VE;1573;BASAMID x 20 kg;2.360,00;;
VE;1573;BASAMID GR. KG;1.880,00;;
VE;1573;BASAMID X 20 KG CLP;980,00;;
VE;1573;BASAMID X 20KG #;220,00;;
VE;1573;BASAMID GRANULAT KG.20;20,00;;
VE;1583;MICROTHIOL DISPERSS;20.897,00;;
VE;1583;MICROTHIOL DISPERSS x 25 kg;3.350,00;;
VE;1583;MICROTHIOL DISPERS X 25;2.225,00;;
VE;1583;MICROTHIOL DISPERSS x 15 kg;1.485,00;;
VE;1583;MICROTHIOL DISPERSS x 1 kg;1.265,00;;
VE;1583;MICROTHIOL DISPRESS X 1KG;40,00;;
VE;1583;MICROTHIOL DISPERS X 15 CLP;15,00;;
VE;1714;KERB 80 EDF;668,00;;
VE;1714;KERB 80 EDF x 1 kg;489,00;;
VE;1714;KERB 80 EDF X 1KG # CLP;224,00;;
VE;1714;KERB 80 EDF DA KG 1;148,00;;
VE;1714;KERB 80 EDF DA KG. 1;35,00;;
VE;1714;KERB 80 EDF KG 1;8,00;;
VE;1714;;7,00;;
VE;1823;ZOLFO 80 MICRONIZZATO;16,00;;
VE;1850;IDRORAME FLOW;254,75;;
VE;1850;KOL IDRORAME FLOW ML.250;10,25;;
VE;2191;WETTING PLUS;933,00;;
VE;2191;WETTING PLUS X 4LT;588,00;;
VE;2191;WETTING PLUS DA LT 4;120,00;;
VE;2191;;115,00;;
VE;2191;WETTING PLUS LT 1;69,00;;
VE;2191;WETTING PLUS x 1 lt;51,00;;
VE;2191;WETTING PLUS X 1LT;44,00;;
VE;2191;WETTING PLUS DA LT 1;24,00;;
VE;2249;;350,00;;
VE;2259;PASTA LUMACHICIDA IN GRANI;267,60;;
VE;2260;GASTROTOX E;129,00;;
VE;2260;GASTROTOX E X 5    NO ADR;45,00;;
VE;2260;GASTROTOX E X 1    NO ADR;19,00;;
VE;2272;SILLIM;455,00;;
VE;2272;;437,50;;
VE;2307;VECTOR x 5 lt;700,00;;
VE;2307;VECTOR x 1 lt;506,00;;
VE;2307;VECTOR;332,00;;
VE;2307;VECTOR x 20 lt;160,00;;
VE;2307;VECTOR ADESIVO LT 1;12,00;;
VE;2340;STOMP 330-E;2,00;;
VE;2353;BONALAN;489,00;;
VE;2353;BONALAN x 1 lt;414,00;;
VE;2353;BONALAN DA LT 1;250,00;;
VE;2353;BONALAN LT. 1;51,00;;
VE;2353;;40,00;;
VE;2353;BONALAN X 5 LT #CLP;15,00;;
VE;2353;DISERBANTE BONALAN LT1;10,00;;
VE;2353;BONALAN LT. 5 -2353-;5,00;;
VE;2518;ACTELLIC 2P;84,20;;
VE;2518;;10,60;;
VE;2518;ACTELLIC GR. 200 ZAPI;2,20;;
VE;2520;ACTELLIC 50 X 1LT CLP;419,00;;
VE;2520;ACTELLIC;7,60;;
VE;2520;;2,00;;
VE;2634;BUGGY X 20LT CLP 22-11-2016;6.480,00;;
VE;2634;BUGGY;3.711,00;;
VE;2634;BUGGY X 5 CLP 22-11-2016;2.400,00;;
VE;2634;DISERBANTE BUGGY LT  5;1.968,00;;
VE;2634;BUGGY LT. 1;1.330,00;;
VE;2634;BUGGY DA LT 20 - DA USARE ENTR;1.280,00;;
VE;2634;BUGGY LT. 20;700,00;;
VE;2634;BUGGY LT. 5;690,00;;
VE;2634;BUGGY X 5 22-11-2016;605,00;;
VE;2634;;320,00;;
VE;2634;BUGGY X 1LT CLP 22-11-2016;226,00;;
VE;2732;GOLTIX;1.326,00;;
VE;2732;GOLTIX x 5 kg (70%);1.010,00;;
VE;2732;GOLTIX 70WG X 5KG # CLP;280,00;;
VE;2732;GOLTIX x 1 kg (70%);268,00;;
VE;2732;GOLTIX X 1 XN #;143,00;;
VE;2732;;85,00;;
VE;2923;TIOVIT JET;34.330,00;;
VE;2923;TIOVIT JET X 25KG;9.500,00;;
VE;2923;TIOVIT JET X 10KG;2.050,00;;
VE;2923;TIOVIT JET GD x 25 kg;1.800,00;;
VE;2923;TIOVIT JET GD x 10 kg;1.310,00;;
VE;2923;TIOVIT JET *25KG;500,00;;
VE;2923;TIOVIT JET *10KG;380,00;;
VE;2923;TIOVIT JET *1KG;308,00;;
VE;2923;TIOVIT JET DA KG 10;270,00;;
VE;2923;ZOLFO TIOVIT JET KG 1;240,00;;
VE;2923;TIOVIT JET X 1KG;178,00;;
VE;2923;;120,00;;
VE;2923;TIOVIT JET GD x 1 kg;86,00;;
VE;2923;TIOVIT JET KG 1;77,00;;
VE;2923;TIOVIT JET DA KG 1;60,00;;
VE;2923;TIOVIT JET DA KG 25;50,00;;
VE;2923;TIOVIT JET KG 10;30,00;;
VE;2934;MICROSOL 90;516,95;;
VE;2934;;1,80;;
VE;2934;ZOLFO MICROSOL 90 GR 100;1,70;;
VE;2950;ADESIL-A;11,00;;
VE;2950;ADESIL A;4,00;;
VE;2995;ESCARTOX;2.629,75;;
VE;2995;;412,00;;
VE;2995;ESCARTOX LUMACHIC. KG 1 ZAPI;184,00;;
VE;2995;ESCARTOX LUMACHIC. ZAPI KG5;125,00;;
VE;2995;ESCARTOX LUMACHIC.ZAPI GR 500;53,50;;
VE;2995;LUMACHICIDA META ESCARTOX 1 KG;48,00;;
VE;2995;ESCARTOX X 1KG;43,00;;
VE;2995;ZAPI LUMACHICIDA ORTO ESCARTOX KG 1;30,00;;
VE;2995;ESCARTOX X 500GR;4,50;;
VE;3065;OLIOCIN;808,50;;
VE;3065;OLIOCIN LT. 1;263,00;;
VE;3065;;123,25;;
VE;3065;OLIOCIN X 25LT;25,00;;
VE;3065;BAYER OLIOCIN LT 1;24,00;;
VE;3065;OLIOCIN ML. 250;5,00;;
VE;3065;OLIOCIN X 0,250;4,25;;
VE;3065;OLIOCIN ML 100;0,30;;
VE;3082;OLEOTER ESTATE;39,00;;
VE;3102;OLEOTER TANICA LT 25;1.875,00;;
VE;3102;OLEOTER LT 5;750,00;;
VE;3102;OLEOTER;598,00;;
VE;3102;OLEOTER LT 1;154,00;;
VE;3102;OLEOTER LT 25;150,00;;
VE;3102;OLIO BIANCO OLEOTER 1 LT;110,00;;
VE;3102;OLEOTER DA LT 5;65,00;;
VE;3102;OLIO BIANCO OLEOTER 500 ML;31,50;;
VE;3102;OLIO BIANCO OLEOTER *1LT. VEBI;12,00;;
VE;3132;SEPR-OIL;849,00;;
VE;3132;OLIO BIANCO ML 500  SEPR-OIL;46,00;;
VE;3132;;18,00;;
VE;3163;U 46 M STAR;9,00;;
VE;3219;CARAKOL AGRO;1.738,00;;
VE;3219;KOL CARAKOL AGRO KG.1;621,00;;
VE;3219;CARAKOL AGRO LUMACHICIDA;210,00;;
VE;3343;U46 M CLASS;186,00;;
VE;3343;U 46 M CLASS x 1 lt;40,00;;
VE;3343;U46 M-CLASS *1Lt;12,00;;
VE;3366;ROGATOX EC;5,00;;
VE;3397;ROGOR x 1;12,00;;
VE;3412;SYLLIT 65 X 1KG # CLP;39,00;;
VE;3503;AGRUMIN;115,20;;
VE;3519;METAMBANE;24,00;;
VE;3519;METAMBANE x 1 lt;10,00;;
VE;3553;CURZATE (20WP) DA KG 1;16,00;;
VE;3555;CURZATE M X 1  XN  #;34,00;;
VE;3640;CUPROSTAR;510,00;;
VE;3640;CUPROSTAR X 10 CLP;60,00;;
VE;3640;CUPROSTAR X 10LT;20,00;;
VE;3640;CUPROSTAR X 1LT;6,00;;
VE;3658;;121,00;;
VE;3658;SIPCAMOL E;89,50;;
VE;3658;SIPCAMOL E X 25LT    NO ADR;50,00;;
VE;3658;OLIO BIANCO SIPCAMOIL LT 25;27,00;;
VE;3754;BAGNANTE SARIAF X 1LT;583,00;;
VE;3754;;421,00;;
VE;3754;BAGNANTE SARIAF DA LT. 5;80,00;;
VE;3754;BAGNANTE SARIAF DA LT.1;59,00;;
VE;3754;BAGNANTE SARIAF;15,00;;
VE;3754;BAGNANTE SARIAF *1Lt;9,00;;
VE;3767;FENOXILENE MAX X 5LT CLP NO ADR;375,00;;
VE;3767;FENOXILENE MAX X 1LT    NO ADR;78,00;;
VE;3767;DISERBANTE FENOXILENE MAX;77,00;;
VE;3767;FENOXILENE MAX;62,00;;
VE;3767;;50,00;;
VE;3771;ROVRAL WG;52,00;;
VE;3771;ROVRAL WG X 1 XN #;34,00;;
VE;3771;ROVRAL WG x 1 kg;27,00;;
VE;3779;VAPAM 470 x 210 lt;210,00;;
VE;3779;VAPAM LIQ FUSTINO LT 50;100,00;;
VE;3793;DITHANE M-45;200,00;;
VE;3800;CRITTAM WG x 1 kg;93,00;;
VE;3800;CRITTAM WG x 20 kg;60,00;;
VE;3800;CRITTAM WG x 5 kg;35,00;;
VE;3859;DURSBAN;15,00;;
VE;3859;DURSBAN L X 1LT  #;11,00;;
VE;3861;ROTIOFEN GOLD x 1 lt;90,00;;
VE;4012;RELDAN 22;675,63;;
VE;4012;RELDAN 22 X 1 # CLP;175,00;;
VE;4012;RELDAN 22 X 5  #;115,00;;
VE;4012;RELDAN 22 x 5 lt;55,00;;
VE;4012;RELDAN 22 *1 Lt.;52,00;;
VE;4012;RELDAN 22 x 1 lt;52,00;;
VE;4012;RELDAN 22 X 5LT # CLP;40,00;;
VE;4012;RELDAN 22 x 0,250 lt;22,00;;
VE;4012;RELDAN 22 DA LT.1;5,00;;
VE;4012;;3,00;;
VE;4012;RELDAN 22 ML 250;0,75;;
VE;4012;RELDAN 22 LT 0.25;0,50;;
VE;4199;PENNCOZEB DG;5.697,00;;
VE;4199;PENNCOZEB DG X 20KG # CLP;1.495,00;;
VE;4199;PENNCOZEB DG x 20 kg;600,00;;
VE;4199;PENNCOZEB DG x 10 kg;370,00;;
VE;4199;PENNCOZEB DG X 10KG # CLP;90,00;;
VE;4199;PENNCOZEB DG KG.10;80,00;;
VE;4199;;50,00;;
VE;4199;PENNCOZEB DG DA KG 20;40,00;;
VE;4199;PENNCOZEB DG X 10KG XN #;20,00;;
VE;4199;PENNCOZEB DG DA KG 10;20,00;;
VE;4199;PENNCOZEB DG x 1 kg;3,00;;
VE;4228;ROGOR 400 ST x 1 lt;93,00;;
VE;4228;ROGOR L 20 DA LT 1;12,00;;
VE;4326;ROGOR L 40ST X 1LT #;52,00;;
VE;4326;;25,00;;
VE;4326;ROGOR L 40 LT 1;12,00;;
VE;4426;DECIS *5Lt;25,00;;
VE;4426;DECIS;9,00;;
VE;4426;DECIS x 5 lt;5,00;;
VE;4426;DECIS *1Lt;2,00;;
VE;4426;DECIS x 1 lt;1,00;;
VE;4426;DECIS ML 250;0,25;;
VE;4461;IMIDAN WDG x 1 kg;8,00;;
VE;4552;DITHANE DG NEOTEC X 10 KG. XN #;2.350,00;;
VE;4552;DITHANE DG NEOTEC;1.175,00;;
VE;4552;DITHANE DG NEOTEC X 20 KG XN CLP;660,00;;
VE;4552;DITHANE NEOTEC DG KG  1;432,00;;
VE;4552;;220,00;;
VE;4579;DISERBONE E 54 MS X 1LT;12,00;;
VE;4710;ALIETTE WDG X6     NO ADR;294,00;;
VE;4710;ALIETTE;70,95;;
VE;4710;;9,75;;
VE;4710;ALIETTE x 1 kg;7,00;;
VE;4710;ALIETTE WG80 GR. 250;4,00;;
VE;4710;BAYER ALIETTE 250 GR;3,00;;
VE;4710;ALIETTE 150GR;1,65;;
VE;4710;ALIETTE GR 150;0,75;;
VE;4710;KB ALIETTE 150 GR WDG;0,45;;
VE;4833;FANDANGO 360 SL;1.020,00;;
VE;4896;CIFO RIGENAL P GR 100;1,20;;
VE;4896;RIGENAL P;0,80;;
VE;4909;GUIDOX;2,00;;
VE;5152;TIOSPOR WG;314,00;;
VE;5152;TIOSPOR WG KG 1;65,00;;
VE;5152;TIOSPOR WG X 1OKG;20,00;;
VE;5152;TIOSPOR WG X 1KG;9,00;;
VE;5228;CARAKOL;255,50;;
VE;5299;MIBIOL;507,50;;
VE;5299;MIBIOL X 500ML;14,50;;
VE;5333;GIBRESOL;1,00;;
VE;5414;RADICANTE POLVERE TALEE LEGNOSE;5,90;;
VE;5414;RADICANTE POLVERE GR. 100;1,90;;
VE;5414;RADICANTE POLVERE GREEN 100 GR;0,10;;
VE;5467;METADENE;365,00;;
VE;5494;GIBRELIN;0,30;;
VE;5509;ROGOR ST;3,00;;
VE;5574;LUMAKIDIN 5G;908,00;;
VE;5574;LUMACHICIDA LUMAKIDIN 5G *1KG;223,00;;
VE;5574;LUMAKIDIN 5G KG 1;172,00;;
VE;5574;LUMAKIDIN 5G DA KG.1;36,00;;
VE;5574;VEBI LUMAKIDIN 5 G 1 KG;27,00;;
VE;5755;TILT 25 EC;161,50;;
VE;5755;TILT 25 EC x 0,5 lt;7,00;;
VE;5755;TILT 25 EC X LT. 0.5 XN;3,00;;
VE;5796;GARLON;70,00;;
VE;6001;BETAFIL FL;26,00;;
VE;6162;DE-SPROUT;260,00;;
VE;6277;VYDATE 5G;1.010,00;;
VE;6277;VYDATE 5G x 10 kg;20,00;;
VE;6321;STIMOLANTE 66F;6,00;;
VE;6321;66 F;1,00;;
VE;6322;OBSTHORMON 24A X 1 CLP;61,00;;
VE;6322;OBSTHORMON 24A;11,00;;
VE;6322;OBSTORMON 24 A x 1 lt;1,00;;
VE;6324;MAXCEL X 2LT;6,00;;
VE;6324;MAXCEL  LT2;4,00;;
VE;6324;MAXCEL 2 SL x 2 lt;2,00;;
VE;6376;ANTISCHIUMA SCHAUMSTOP;7,20;;
VE;6401;;208,00;;
VE;6401;MONDAK 21 S X 5     NO ADR;138,00;;
VE;6401;MONDAK 21 S;115,00;;
VE;6401;MONDAK 21S *1Lt;32,00;;
VE;6401;MONDAK 21 S X 1     NO ADR;4,00;;
VE;6437;ETHREL X 1 CLP;29,00;;
VE;6437;ETHREL;12,00;;
VE;6437;ETHREL DA LT 1;3,00;;
VE;6479;TAIREL R 4-33 BLU;2,00;;
VE;6555;K-OBIOL ULV6;475,00;;
VE;6556;K-OBIOL DP2 KG 1;644,00;;
VE;6556;K-OBIOL DP2 (K-OTHRINE GRAINS PP);373,00;;
VE;6556;K-OBIOL DP2;336,00;;
VE;6556;K-OBIOL DP2 x 1 kg;45,00;;
VE;6556;;18,00;;
VE;6556;K-OBIOL DP2 KG. 1;13,00;;
VE;6557;K-OBIOL EC 25 X 1LT CLP;199,00;;
VE;6557;K-OBIOL EC 25 X 1;17,00;;
VE;6632;DIPPER ADESIVO LT 5;125,00;;
VE;6632;DIPPER ADESIVO LT 1;1,00;;
VE;6674;AFALON DS;1.322,00;;
VE;6674;AFALON DS x 1 lt;507,00;;
VE;6674;AFALON DS X 1LT # CLP;277,90;;
VE;6674;;215,00;;
VE;6674;AFALON DS X 1  #;36,00;;
VE;6674;AFALON DS DA LT. 1;20,00;;
VE;6674;AFALON DS DA LT 1;15,00;;
VE;6674;DISERBANTE AFALON DS LT1;7,00;;
VE;6704;TIOLENE 80 WG;3.887,00;;
VE;6751;;195,00;;
VE;6751;RASEN FLORANID;9,00;;
VE;6766;BUTISAN S X 1LT XN #;105,00;;
VE;6766;BUTISAN S;66,00;;
VE;6766;BUTISAN LT 1;8,00;;
VE;6766;BUTISAN S x 1 lt;6,00;;
VE;6834;TEPETA COMBI;170,00;;
VE;6873;IDRORAME 193;34,00;;
VE;6945;TOPAS 10 EC;83,35;;
VE;6945;TOPAS 10 EC x 1 lt;71,00;;
VE;6945;TOPAS 10 EC x 0,25 lt;23,75;;
VE;6945;TOPAS 10 EC *250gr;17,00;;
VE;6945;TOPAS 10 EC *1LT;12,00;;
VE;6945;TOPAS 10 EC X 1 CLP;6,00;;
VE;6945;TOPAS 10 EC DA LT 1;3,00;;
VE;6945;;2,50;;
VE;6945;TOPAS 10 EC ml 250;2,25;;
VE;6947;TOPAS COMBI X 5  # 31-05-2017;40,00;;
VE;6947;TOPAS COMBI X 1 # 31-05-2017;10,00;;
VE;6956;TARGA FLO;3.988,00;;
VE;6956;TARGA FLO X 5LT # CLP;2.419,50;;
VE;6956;TARGA FLO X 1LT # CLP;812,50;;
VE;6956;TARGA FLO LT5;785,00;;
VE;6956;TARGA FLO x Lt 1;434,00;;
VE;6956;;232,00;;
VE;6956;TARGA FLO X 1LT #;88,00;;
VE;6956;TARGA FLO x 5 lt;80,00;;
VE;6956;TARGA FLO x 1 lt;76,00;;
VE;6956;DISERBANTE TARGA FLO LT1;33,00;;
VE;6978;BETTER 400;710,00;;
VE;6978;BETTER 400  X 5 #;505,00;;
VE;6978;BETTER 400 x 5 lt;200,00;;
VE;6978;BETTER 400 DA LT5;40,00;;
VE;7020;BAGNANTE CIFO;597,00;;
VE;7053;PASTA CAFFARO NC;286,00;;
VE;7055;PASTA CAFFARO BLU;649,00;;
VE;7055;PASTA CAFFARO BLU X 10LT;100,00;;
VE;7055;PASTA CAFFARO BLU LT.3,5;38,50;;
VE;7368;TURFENE L LT. 1;25,00;;
VE;7368;TURFENE L;8,00;;
VE;7369;SYLLIT FLO;49,70;;
VE;7369;;11,50;;
VE;7369;SYLLIT FLO ML 250;6,75;;
VE;7369;SYLLIT flo *250ml;6,00;;
VE;7369;BAYER SYLLIT FLOW 250 ML;1,25;;
VE;7369;SYLLIT FLO ML 20;0,04;;
VE;7370;TETRASOL L x 20 lt;640,00;;
VE;7379;VENZAR;131,00;;
VE;7379;VENZAR X 0,5 KG # CLP;128,00;;
VE;7379;VENZAR x 0,500 S.I.(5 x 0,100);33,50;;
VE;7379;;5,50;;
VE;7379;VENZAR X 0,5  #;3,50;;
VE;7379;VENZAR GR. 500 -07379-;0,50;;
VE;7401;POLTIGLIA CAFFARO 20 DF NEW;861,00;;
VE;7401;POLTIGLIA CAFFARO 20 DF NEW X 1KG;14,00;;
VE;7411;DIRAGER X 0,500;1,00;;
VE;7514;GERMON BEWURZELUNGSPUDER K PER TALE;0,07;;
VE;7515;GERMON BEWURZELUNGSPUDER H PER TALE;0,11;;
VE;7530;BIOLID E LT. 5;25,00;;
VE;7541;APOLLO SC X 0,5;2,00;;
VE;7541;APOLLO 50 ML;0,05;;
VE;7543;ERBITOX COMBI x 1 lt;56,00;;
VE;7550;ZETA 80;1,10;;
VE;7555;KLARTAN 20 EW;15,47;;
VE;7555;KLARTAN 20 EW  LT 1;9,00;;
VE;7555;KLARTAN 20 EW *20 ML.;7,00;;
VE;7555;KLARTAN 20 EW *50 ML.;7,00;;
VE;7555;;3,00;;
VE;7555;KLARTAN 20 EW X ML.20;2,86;;
VE;7555;KLARTAN 20 EW X ML.50;2,75;;
VE;7555;KLARTAN EW 50 ML;0,40;;
VE;7555;KLARTAN 20 EW DA ML 50;0,40;;
VE;7555;KLARTAN 20 EW 10 ML;0,31;;
VE;7608;DASKOR x 1 lt;68,00;;
VE;7611;ENOVIT METIL FL;2.639,00;;
VE;7611;ENOVIT METIL FL X 5LT # CLP;2.265,00;;
VE;7611;;493,00;;
VE;7611;ENOVIT METIL FL X 1LT # CLP;378,00;;
VE;7611;ENOVIT METIL FL x 1 lt;367,00;;
VE;7611;ENOVIT METIL FL x 5 lt;205,00;;
VE;7611;ENOVIT METIL FL DA LT 5;80,00;;
VE;7611;ENOVIT METIL FL LT.1;11,00;;
VE;7611;ENOVIT METIL FL X 1  #;2,00;;
VE;7611;ENOVIT METIL FL LT 1;1,00;;
VE;7700;MATACAR FL X 0,2LT # CLP;89,80;;
VE;7700;;16,00;;
VE;7700;MATACAR FL;11,00;;
VE;7700;MATACAR FL 200 ML;3,20;;
VE;7700;MATACAR FL x 0,2 lt;3,00;;
VE;7700;MATACAR FL DA ML 200;0,80;;
VE;7700;MATACAR FL ML. 200;0,60;;
VE;7700;MATAKAR FL;0,40;;
VE;7764;;50,00;;
VE;7764;TIOLENE;32,90;;
VE;7876;PIRIMOR 17.5 X KG 1  # CLP;61,00;;
VE;7876;PIRIMOR 17.5 X KG 5  # CLP;60,00;;
VE;7876;PIRIMOR 17,5 KG. 1;5,00;;
VE;7876;PIRIMOR 17,5 x 1 (n.reg.min.7876);5,00;;
VE;7876;PIRIMOR 17,5;2,00;;
VE;7889;NURELLE D;4,00;;
VE;7916;POLYRAM DF;2.994,00;;
VE;7916;POLYRAM DF X 25  # CLP;975,00;;
VE;7916;POLYRAM DF x 25 kg;625,00;;
VE;7916;POLYRAM DF X 2  #;171,00;;
VE;7916;POLYRAM DF x 2 kg (+ FORUM 50 WP);96,00;;
VE;7916;POLYRAM DF DA KG.10;50,00;;
VE;7916;POLYRAM DF *2Kg;42,00;;
VE;7916;POLYRAM DF X 10KG  # CLP;40,00;;
VE;7916;POLYRAM DF X 10KG  #;40,00;;
VE;7916;POLYRAM DF DA KG. 2;30,00;;
VE;7916;POLYRAM DF X 25  #;25,00;;
VE;7919;TOUCHDOWN;11.776,00;;
VE;7919;;8.940,50;;
VE;7919;TOUCHDOWN x 20 lt;2.820,00;;
VE;7919;TOUCHDOWN X 20LT CLP;2.200,00;;
VE;7919;TOUCHDOWN DA LT 20;740,00;;
VE;7919;TOUCHDOWN *20LT;520,00;;
VE;7919;TOUCHDOWN DA LT.5;495,00;;
VE;7919;TOUCHDOWN *5LT;345,00;;
VE;7919;TOUCHDOWN *1LT;271,00;;
VE;7919;TOUCHDOWN DA LT.1;183,00;;
VE;7919;TOUCHDOWN X 5LT     NO ADR;110,00;;
VE;7922;OPALENE;12,00;;
VE;7930;KERB FLO;126,50;;
VE;7930;KERB ON TPKFPE 4(3+1,5);58,50;;
VE;7930;;10,50;;
VE;7930;KERB ON (2 CL XN) TWIN PACK;2,00;;
VE;7957;ROVRAL PLUS;257,00;;
VE;7957;ROVRAL PLUS DA LT. 1;91,00;;
VE;7957;ROVRAL PLUS x 1 lt;46,00;;
VE;7957;ROVRAL PLUS X 1LT XN  #;28,00;;
VE;7958;RONSTAR FL x 5 lt;85,00;;
VE;7958;RONSTAR FL X 1  #;14,00;;
VE;7958;RONSTAR FL;9,00;;
VE;7958;RONSTAR FL x 1 lt;6,00;;
VE;7958;;2,00;;
VE;7958;RONSTAR FL DA LT 1;2,00;;
VE;7961;RIZOLEX GOLD x 1 kg;34,00;;
VE;7961;RIZOLEX GOLD da KG.1;11,00;;
VE;7961;RIZOLEX  GOLD;5,00;;
VE;7961;RIZOLEX GOLD KG.1;3,00;;
VE;7965;TRIGARD 75 WP x 0,25 kg;2,00;;
VE;7965;TRIGARD 75 WP GR.250;0,25;;
VE;7965;TRIGARD 75 WP GR.50;0,15;;
VE;7965;TRIGARD 75 WP;0,10;;
VE;7984;STRATOS;318,00;;
VE;7984;;132,00;;
VE;7984;STRATOS X 1;80,00;;
VE;7984;STRATOS DA LT 5;40,00;;
VE;7984;STRATOS X 5 LT;35,00;;
VE;7984;STRATOS DA LT 1;24,00;;
VE;7984;DISERBANTE STRATOS LT 1;8,00;;
VE;7984;STRATOS  LT 1;3,00;;
VE;7984;STRATOS x 1 lt;3,00;;
VE;7984;STRATOS LT. 1;1,00;;
VE;7998;PRIMISOL 80 WDG ZOLFO KG 1;20,00;;
VE;8001;AGRO-PYR;2,46;;
VE;8023;SUMIALFA ECHO;112,00;;
VE;8023;SUMIALFA ECHO X 250ML;5,50;;
VE;8028;CALARIS x 1 lt;1.217,00;;
VE;8028;CALARIS X 1LT  #;247,00;;
VE;8028;CALARIS;218,00;;
VE;8028;CALARIS DA LT 1;118,00;;
VE;8028;DISERBANTE CALARIS LT 1;66,00;;
VE;8054;METIS ECHO x 1 lt;100,00;;
VE;8102;MERPAN 80 WDG X 5KG # CLP;3.205,00;;
VE;8102;MERPAN 80 WDG;530,00;;
VE;8102;MERPAN 80 WDG x 5 kg;150,00;;
VE;8102;;20,00;;
VE;8102;MERPAN 80 WDG x 1 kg;20,00;;
VE;8117;BASTA 200;2.550,00;;
VE;8117;BASTA 200 X 15LT # CLP;1.330,00;;
VE;8117;BASTA 200 X 5LT # CLP;625,00;;
VE;8117;BASTA 200 x 15 lt;345,00;;
VE;8117;BASTA 200 x 5 lt;340,00;;
VE;8117;BASTA 200 X 15LT # NO ADR;165,00;;
VE;8117;;120,00;;
VE;8117;BASTA 200 X 5LT # NO ADR;65,00;;
VE;8117;DISERBANTE BASTA 200 LT 5;60,00;;
VE;8117;BASTA 200 DA LT 5;15,00;;
VE;8117;BASTA 200 LT. 5;10,00;;
VE;8117;BASTA 200 *5LT;5,00;;
VE;8129;BETOZON 65 DF X 1  #;5,00;;
VE;8129;BETOZON 65 DF;3,00;;
VE;8139;;69,00;;
VE;8139;MANTA GOLD x 3;63,00;;
VE;8146;GALLERY;91,50;;
VE;8146;GALLERY X 0,5LT CLP;39,00;;
VE;8146;GALLERY X 5LT   NO ADR;35,00;;
VE;8146;GALLERY x 0,5 lt;14,50;;
VE;8146;GALLERY x 5 lt;5,00;;
VE;8146;;2,50;;
VE;8146;GALLERY X 0.500 NO ADR;1,00;;
VE;8146;GALLERY ML.500 x20;1,00;;
VE;8156;DEVOX;11,00;;
VE;8157;ZETARAM 20 L;3,00;;
VE;8159;CLICK COMBI X 20 LT CLP;320,00;;
VE;8184;CHALLENGE x 1 lt;13,00;;
VE;8184;CHALLENGE X 1LT  #;7,00;;
VE;8184;CHALLENGE LT 1;3,00;;
VE;8189;FORCE;32.750,00;;
VE;8189;FORCE x 10 kg;7.130,00;;
VE;8189;FORCE X 10 # CLP;2.330,00;;
VE;8189;;1.500,00;;
VE;8189;FORCE X 10  #;1.460,00;;
VE;8189;FORCE DA KG 10;1.290,00;;
VE;8189;FORCE KG. 10;10,00;;
VE;8201;GLISTER;4.815,50;;
VE;8201;GLISTER *20lt;300,00;;
VE;8201;GLISTER *1Lt;240,00;;
VE;8207;LONTREL 75 G gr 100;2,90;;
VE;8207;DISERBANTE LONTREL 75G GR100;1,80;;
VE;8207;LONTREL 75 G;0,90;;
VE;8207;LONTREL 75G X 100GR    NO ADR;0,60;;
VE;8207;LONTREL 75G x 100 gr;0,20;;
VE;8229;RAPAX;18,65;;
VE;8229;RAPAX X 50ML;2,10;;
VE;8229;ZAPI RAPAX 50ML;1,05;;
VE;8229;RAPAX               L X  1;1,00;;
VE;8229;;0,55;;
VE;8229;AMBIENTA RAPAX  ML.50;0,40;;
VE;8259;KARATE XPRESS x 1 kg;1,00;;
VE;8284;MICOSPOR MGD;5,00;;
VE;8351;Z.M. 75 DG;40,00;;
VE;8376;ARIANE II;38,00;;
VE;8376;ARIANE DUE x 5 lt;20,00;;
VE;8376;ARIANE DUE x 1 lt;15,00;;
VE;8376;;7,00;;
VE;8376;ARIANE II DA LT. 1;5,00;;
VE;8377;GLIFOSIM;12,00;;
VE;8382;ROUNDUP BIOFLOW;185,00;;
VE;8382;KB ROUNDUP BIOFLOW 1 LT;22,00;;
VE;8382;ROUNDUP BIOFLOW X 1LT;3,00;;
VE;8382;ROUNDUP BIOFLOW X 280ML;1,12;;
VE;8429;GLYFOS SL X 20LT (STREAM) 22-11-201;4.840,00;;
VE;8429;GLYFOS SL;1.068,00;;
VE;8429;GLYFOS SL X 5LT 22-11-2016;955,00;;
VE;8429;GLYFOS SL x 20;620,00;;
VE;8429;GLYFOS SL LT 1;570,00;;
VE;8429;;370,00;;
VE;8429;GLYFOS LT 1;81,00;;
VE;8429;GLYFOS SL DA LT 20;80,00;;
VE;8429;GLYFOS SL LT 5;5,00;;
VE;8429;GLYFOS SL  LT 1;4,00;;
VE;8483;ETOSATE 500 x 1 lt;19,00;;
VE;8483;ETOSATE 500;5,00;;
VE;8498;FOLICUR WG X 0,500;446,00;;
VE;8498;FOLICUR WG;262,00;;
VE;8498;FOLICUR WG GR. 500;17,00;;
VE;8498;FOLICUR WG GR 500;13,50;;
VE;8498;FOLICUR WG x 0,5 kg;8,50;;
VE;8498;FOLICUR WG *500gr;1,00;;
VE;8499;EFESTO;2.712,50;;
VE;8499;VEBI EFESTO 1 LT CLP 22-11-2016;2.423,00;;
VE;8499;DISERBANTE EFESTO LT 05;1.319,00;;
VE;8499;VEBI EFESTO GLIFOSATE 1 LT 22-11-20;6,00;;
VE;8534;CITROLE x 1 lt;13,00;;
VE;8534;CITROLE x 5 lt;5,00;;
VE;8542;FORUM 50 WP;635,60;;
VE;8542;FORUM PRO PACK (FORUM 2+ CENTURY 10;360,00;;
VE;8542;FORUM 50WP X 1;237,00;;
VE;8542;FORUM 50WP KG 1;90,00;;
VE;8542;FORUM TOP PACK 1,2+6#8542+7916 * 3;36,00;;
VE;8542;FORUM 50 WP x 1,2 kg (+ POLYRAM DF);20,40;;
VE;8542;FORUM 50 WP X 1,2;10,80;;
VE;8542;FORUM 50 WP 1,2 KG;6,00;;
VE;8542;FORUM 50 WP *1,20Kg;5,00;;
VE;8542;FORUM 50 WP DA KG 1;1,00;;
VE;8546;DANITRON  X 1;6,00;;
VE;8547;LOGRAN *37gr;60,00;;
VE;8547;LOGRAN x 37 gr;6,17;;
VE;8547;;3,77;;
VE;8547;LOGRAN DA  GR. 37;3,55;;
VE;8547;LOGRAN conf. gr 37;3,29;;
VE;8547;LOGRAN X 37GR;2,10;;
VE;8547;LOGRAN;0,07;;
VE;8565;KB ROUNDUP LT 1 PRONTO USO;2,00;;
VE;8565;KB ROUNDUP 280 ML;0,28;;
VE;8580;LIQUIRAM IDROSSIDO;100,00;;
VE;8601;FOLPAN 80 WDG X 5KG # CLP;5.020,00;;
VE;8601;FOLPAN 80 WDG;2.284,00;;
VE;8601;FOLPAN 80 WDG x 5 kg;370,00;;
VE;8601;;172,00;;
VE;8601;FOLPAN 80 WDG *1Kg;6,00;;
VE;8601;FOLPAN 80 WDG x 1 kg;2,00;;
VE;8601;FOLPAN 80 WDG X KG 1  #;1,00;;
VE;8646;ACTIVUS EC;12,00;;
VE;8646;ACTIVUS EC x 1 lt;1,00;;
VE;8649;PIRIDANE 40.8 EC X 1LT #;231,00;;
VE;8656;GLIFENE HP;188,75;;
VE;8706;AMID THIN W X 0,500  CLP;29,50;;
VE;8706;AMID THIN W;2,50;;
VE;8706;AMID THIN W  500;1,50;;
VE;8712;ALLEGANTE 4% AF 96;17,00;;
VE;8712;AF 96 X 1 FITOREGOLATORE;8,00;;
VE;8721;NEXTER;1,00;;
VE;8721;NEXTER LT. 1;1,00;;
VE;8721;NEXTER X 1  #;1,00;;
VE;8729;FORUM R;100,00;;
VE;8731;ACROBAT R x 10 kg;140,00;;
VE;8735;TREBON UP X 0,5LT # CLP 27-03-2017;300,00;;
VE;8735;TREBON UP;88,17;;
VE;8735;TREBON UP x 0,5 lt;64,50;;
VE;8735;TREBON UP DA 500 ML;33,00;;
VE;8735;;12,10;;
VE;8735;TREBON UP LT 05;5,86;;
VE;8742;INDAR 5EW;24,00;;
VE;8742;INDAR 5EW X 1LT;5,00;;
VE;8743;GREENEX;23,50;;
VE;8743;;7,80;;
VE;8743;BAYER GREENEX 500 ML 21-06-2016;3,00;;
VE;8743;BAYER GREENEX 100 ML 21-06-2016;2,00;;
VE;8743;GREENEX ML. 100;1,30;;
VE;8743;BAYER GREENEX - NF 100 ML;0,10;;
VE;8795;VERTIMEC 1.9 E.C. X 5LT # CLP;100,00;;
VE;8795;VERTIMEC EC;45,50;;
VE;8795;VERTIMEC EC x 1 lt;40,00;;
VE;8795;VERTIMEC 1.9 E.C. X 1LT # CLP;35,00;;
VE;8795;VERTIMEC EC x 0,25 lt;10,00;;
VE;8795;VERTIMEC 1,9 E.C. X 0,25LT # CLP;4,00;;
VE;8795;VERTIMEC 1.9 E.C. X 0,250  #;2,75;;
VE;8795;VERTIMEC 1.9 EC ML 250;2,50;;
VE;8795;;1,00;;
VE;8795;VERTIMEC 1.9 E.C. X 1  #;1,00;;
VE;8797;BINAL PRO;83,00;;
VE;8801;SCORE 25 EC;513,01;;
VE;8801;SCORE 25 EC X 1 # CLP;272,00;;
VE;8801;SCORE 25 EC x 1 lt;41,00;;
VE;8801;SCORE 25 EC X 1  #;16,00;;
VE;8801;SCORE 25EC DA LT 1;14,00;;
VE;8801;SCORE 25 EC  ML. 250;7,75;;
VE;8801;SCORE 25 EC x 0,25 lt;7,00;;
VE;8801;SCORE 25 EC X 0,25LT # CLP;5,50;;
VE;8801;SCORE 25 EC LT. 1;4,00;;
VE;8801;SCORE 25 EC ML 250;3,50;;
VE;8801;;3,25;;
VE;8801;SCORE 25EC *1 Lt.;3,00;;
VE;8801;SCORE 25 EC 20X250 ML;1,75;;
VE;8801;SCORE 25EC *250 ml.;0,25;;
VE;8838;GERMON B.T. LEGNOSE;0,50;;
VE;8841;CYREN 7,5 G;933,00;;
VE;8841;CYREN 7,5 G X 1KG;156,00;;
VE;8841;;90,00;;
VE;8841;CYREN 7,5 G DA KG. 1;81,00;;
VE;8841;CYREN ANTIFORMICA ORTO 1 KG;48,00;;
VE;8841;CYREN 7,5G 1KG;30,00;;
VE;8841;CYREN 7,5 G DA GR.500;10,00;;
VE;8843;NISSHIN;331,00;;
VE;8843;NISSHIN DA LT 1;103,00;;
VE;8843;NISSIHN 5 LT.;35,00;;
VE;8859;MASTIFF x 20 lt;3.240,00;;
VE;8859;MASTIFF x 1 lt;3.193,00;;
VE;8859;MASTIFF x 5 lt;2.165,00;;
VE;8859;MASTIFF;600,00;;
VE;8859;MASTIF 1 LT.;180,00;;
VE;8875;;4,00;;
VE;8882;;36,00;;
VE;8882;ULTRA FINE OIL;10,00;;
VE;8886;SAFARI X 120GR # CLP;61,92;;
VE;8886;SAFARI;52,20;;
VE;8886;SAFARI x 120 gr;8,76;;
VE;8886;SAFARI gr 120;6,72;;
VE;8886;;2,40;;
VE;8886;SAFARI X 120GR  #;1,32;;
VE;8886;SAFARI *120gr;0,96;;
VE;8933;SOLEAS X 1LT;79,00;;
VE;8934;SCALA;530,85;;
VE;8934;SCALA L X 5LT        NO ADR;185,00;;
VE;8934;SCALA L X 1LT  CLP;48,00;;
VE;8934;SCALA x 1 lt (FUNGICIDA BASF);35,00;;
VE;8934;SCALA LT 1;28,25;;
VE;8934;SCALA L X 1LT        NO ADR;21,00;;
VE;8934;SCALA x 5 lt (FUNGICIDA BASF);10,00;;
VE;8934;SCALA SC *50 ML.;8,00;;
VE;8934;SCALA LT. 1;3,00;;
VE;8934;SCALA ML. 50;0,20;;
VE;8934;ZAPI SCALA ML 50;0,10;;
VE;8937;MASAI 20WP X 1KG #;1,00;;
VE;8945;ENOVIT METIL DF X 1  #;1,00;;
VE;8984;GLIPHOGAN TOP MK;52,00;;
VE;8987;CONFIDOR 200 SL;168,65;;
VE;8987;CONFIDOR 200SL *10ml;31,00;;
VE;8987;CONFIDOR 200SL *50ml;25,00;;
VE;8987;CONFIDOR  200 SL LT 1;20,00;;
VE;8987;;15,07;;
VE;8987;CONFIDOR 200SL *250ml;12,00;;
VE;8987;CONFIDOR 200 SL ML. 50;8,45;;
VE;8987;CONFIDOR 200 SL LT 1;5,00;;
VE;8987;CONFIDOR X 1 #;2,00;;
VE;8987;CONFIDOR 200 SL ML 250;1,90;;
VE;8987;CONFIDOR 200 SL ML. 10;1,70;;
VE;8987;BAYER CONFIDOR 200 SL 50 ML #;1,60;;
VE;8987;BAYER CONFIDOR 200 SL 10 ML #;0,97;;
VE;8987;CONFIDOR 200 SL 50 ML;0,85;;
VE;8987;CONFIDOR 200 SL ml 10;0,56;;
VE;8987;BAYER CONFIDOR 200 SL ML 50;0,55;;
VE;8987;CONFIDOR 200 SL x 0,25 lt;0,25;;
VE;8987;CONFIDOR 200SL ML 10;0,19;;
VE;8987;CONFIDOR 200 SL X ML 10;0,18;;
VE;8987;BAYER CONFIDOR 200 SL ML 5;0,10;;
VE;8987;CONFIDOR 200 SL ML. 5;0,09;;
VE;8987;BAYER CONFIDOR 200 SL 5 ML #;0,01;;
VE;9005;AGIL;3.026,00;;
VE;9005;AGIL X 5;700,00;;
VE;9005;;420,00;;
VE;9005;AGIL LT. 1;215,00;;
VE;9005;AGIL LT. 5;155,00;;
VE;9005;AGIL X 1;74,00;;
VE;9005;AGIL LT.1;57,00;;
VE;9005;AGIL *1LT;37,00;;
VE;9005;DISERBANTE AGIL LT 1;24,00;;
VE;9010;RAMEZIN COMBI WG;765,00;;
VE;9012;CUPROCAFFARO MICRO;3.825,00;;
VE;9012;CUPROCAFFARO MICRO X 20KG;480,00;;
VE;9012;CUPROCAFFARO MICRO X 10KG;40,00;;
VE;9012;CUPROCAFFARO MICRO X 1KG;8,00;;
VE;9036;ACTIVUS ANTIGERM 2X25 GR 01/06/17;0,15;;
VE;9038;OPINION *50 ML.;17,00;;
VE;9038;OPINION;9,60;;
VE;9038;OPINION ML.50;5,15;;
VE;9038;OPINION ML 50;1,10;;
VE;9038;OPINION  ML 50;1,05;;
VE;9051;CEREWEED 30 E;1,00;;
VE;9070;;20,00;;
VE;9079;REGRAN COMBI;12,00;;
VE;9086;POLTIGLIA BORDOLESE SCAM D.F.;60,00;;
VE;9131;PYRINEX ME x 1 lt;404,00;;
VE;9131;PYRINEX ME x 5 lt;245,00;;
VE;9131;PYRINEX ME;191,75;;
VE;9131;;26,00;;
VE;9131;PIRYNEX ME *1Lt;12,00;;
VE;9131;PYRINEX ME X 100ML;2,40;;
VE;9148;SYLLIT 355 SC X LT. 5-10 # CLP;365,00;;
VE;9148;SYLLIT 355 SC;172,00;;
VE;9148;SYLLIT 355 SC DA LT.1;97,00;;
VE;9148;SYLLIT 355SC X 1LT # CLP;5,00;;
VE;9153;CYREN 44 EC x 10 lt;10,00;;
VE;9180;STROBY WG gr 600;0,60;;
VE;9180;STROBY WG x 600 gr;0,60;;
VE;9210;QUADRIS;545,00;;
VE;9210;QUADRIS X 1LT.  #;15,00;;
VE;9210;;1,00;;
VE;9242;IRAM 50 DF;90,00;;
VE;9244;ZIRAMIT 76WG X 5KG;20,00;;
VE;9244;ZIRAMIT 76 WG;5,00;;
VE;9279;MERLIN COMBI x 5 lt;10,00;;
VE;9279;MERLIN COMBI x 1 lt;1,00;;
VE;9280;TOPAS 200 EW X 0,500LT;9,00;;
VE;9280;TOPAS 200 EW;1,00;;
VE;9286;OHAYO X 1LT;166,00;;
VE;9286;OHAYO;133,00;;
VE;9286;OHAYO x 1 lt;4,00;;
VE;9298;METHAM NA 51;420,00;;
VE;9298;METHAM NA 51 X 25LT;200,00;;
VE;9306;PROPLANT x 1 lt;22,00;;
VE;9306;PROPLANT x 0,25 lt;1,00;;
VE;9311;CUPROSSIL ID.25WP KG 1;10,00;;
VE;9322;GOLTIX STAR X 1  #;84,00;;
VE;9322;GOLTIX STAR *1KG;71,00;;
VE;9322;GOLTIX STAR X 5  #;40,00;;
VE;9330;GLIFO 41;32,00;;
VE;9332;OPEN;27,00;;
VE;9332;OPEN X 500 GR  #;7,50;;
VE;9332;OPEN GR 500;0,50;;
VE;9335;SILGLIF MK x 20 lt;1.320,00;;
VE;9339;BETANAL EXPERT;1.892,00;;
VE;9339;BETANAL EXPERT X 5 # CLP;870,00;;
VE;9339;BETANAL EXPERT X 1 CLP #;384,00;;
VE;9339;;102,00;;
VE;9339;BETANAL EXPERT DA LT 5;50,00;;
VE;9339;BETANAL EXPERT *5lt;5,00;;
VE;9339;BETANAL EXPERT *1lt;3,00;;
VE;9342;DELTRIN ML 500;3,00;;
VE;9342;DELTRIN;2,00;;
VE;9364;RAPIDO;3.645,00;;
VE;9371;PEAK x 40 gr;0,04;;
VE;9373;CHORUS X 1KG # CLP;73,00;;
VE;9373;CHORUS;13,00;;
VE;9373;;4,00;;
VE;9373;CHORUS X 1KG  #;3,00;;
VE;9374;MATCH TOP x 1 lt;22,00;;
VE;9374;MATCH TOP;7,00;;
VE;9374;MATCH TOP LT 1;3,00;;
VE;9374;MATCH TOP X 1LT # CLP;1,00;;
VE;9400;GLIFOGAN TANICA X 2LT;6,00;;
VE;9411;RADIP ORMON;1,70;;
VE;9411;RADIP ORMON X 100GR;0,40;;
VE;9422;EVADE;340,15;;
VE;9422;EVADE x 1 lt;143,00;;
VE;9422;;65,00;;
VE;9422;EVADE DA LT. 1;44,00;;
VE;9422;EVADE x 0,25 lt;30,00;;
VE;9422;EVADE DISERBANTE *500;12,00;;
VE;9422;EVADE X 500ML;4,00;;
VE;9422;EVADE ml 250;1,50;;
VE;9422;ZAPI DISERBO EVADE 500 ML NR 9422;1,50;;
VE;9422;EVADE X 100ML;1,30;;
VE;9422;ZAPI DISERBO EVADE 100 ML NR 9422;0,80;;
VE;9422;EVADE LT 0,25;0,75;;
VE;9422;EVADE X 0,25LT #;0,25;;
VE;9443;ENDOGERME;32,20;;
VE;9443;ENDOGERME ANTIGERMOGLIANTE 1KG;5,00;;
VE;9443;;3,80;;
VE;9443;ENDOGERME ANTIGERMOGL. GR200;2,60;;
VE;9443;KOLLANT ENDOGERME 100 GR;2,50;;
VE;9443;ENDOGERME ANTIGERMOGLIO GR 500;2,00;;
VE;9443;FITO GUARD ENDOGERME 500 GR;1,50;;
VE;9443;FITO GUARD ENDOGERME 200 GR;1,20;;
VE;9443;ENDOGERME PATATE GR 200;0,80;;
VE;9443;ENDOGERME X 200GR;0,60;;
VE;9449;EMERALD COMBI;48,00;;
VE;9463;KLARO KIT;160,00;;
VE;9463;;6,00;;
VE;9463;KLARO KIT X 1LT;3,00;;
VE;9509;PROMALIN NT X 0,5;3,00;;
VE;9509;PROMALIN NT x 0,5 lt;3,00;;
VE;9518;ROSATE 36 x 20 lt;1.020,00;;
VE;9518;ROSATE 36;580,00;;
VE;9531;SEQURA WG X 1 KG   NO ADR;39,00;;
VE;9531;SEQURA WG;10,00;;
VE;9550;PROFILE X 0,5LT;4,00;;
VE;9575;DRIBBLING 240EC X 1LT #;179,00;;
VE;9575;DRIBBLING 240 EC;8,00;;
VE;9578;SWITCH;932,75;;
VE;9578;SWITCH X 1 # CLP;451,00;;
VE;9578;SWITCH x 1 kg;324,00;;
VE;9578;SWITCH X 1  #;117,00;;
VE;9578;SWITCH KG. 1;16,00;;
VE;9578;SWITCH *1KG;14,00;;
VE;9578;SWITCH KG 1;12,00;;
VE;9578;;11,75;;
VE;9578;SWITCH X 250GR CLP;6,75;;
VE;9578;SWITCH 10 DA KG 1;5,00;;
VE;9578;SWITCH x 0,25 kg;4,80;;
VE;9578;SWITCH DA 250 GR;2,25;;
VE;9578;SWITCH X 0,3KG  #;0,30;;
VE;9612;OSSICLOR 30;166,00;;
VE;9631;METRIN EC;31,00;;
VE;9634;CARNIVAL;19,00;;
VE;9634;CARNIVAL X 1LT # CLP;12,00;;
VE;9634;CARNIVAL DA LT 1;1,00;;
VE;9634;CARNIVAL DA LT.1 -9634-;1,00;;
VE;9636;OSSIRAM COMBI WP;3,00;;
VE;9655;PRIMIAL WG X 1KG;229,00;;
VE;9655;PRIMIAL WG;11,00;;
VE;9668;RUFAST E - FLO X 1LT  #;20,00;;
VE;9668;RUFAST E-FLO x 1 lt;18,00;;
VE;9668;RUFAST E-FLO;9,93;;
VE;9668;RUFAST E-FLO ML. 250;3,75;;
VE;9668;RUFAST E-FLO *10 ML.;3,00;;
VE;9668;RUFAST E - FLO X 0,25 #;0,75;;
VE;9668;RUFAST E-FLO ML50;0,19;;
VE;9668;RUFAST E-FLO X 10ML;0,09;;
VE;9670;THIANOSAN 80 WG;20,00;;
VE;9675;PANTOX 360;67,75;;
VE;9678;M70 DF X 20/25 KG #;5.175,00;;
VE;9678;M70 DF;1.057,00;;
VE;9679;KRISTAL 32WG X 1KG;16,00;;
VE;9693;SPORTAK 45 EW;535,00;;
VE;9694;;36,00;;
VE;9694;SIMITAR 5 EW;4,00;;
VE;9695;PERLAN;23,50;;
VE;9695;PERLAN X LT 0.500;19,50;;
VE;9696;NOVAGIB X 1LT;3,00;;
VE;9705;PREVITER X 1LT   NO ADR CLP;48,00;;
VE;9705;PREVITER;46,70;;
VE;9705;PREVITER*100 ML.;24,00;;
VE;9705;MARCIUMI RADICALI 50 ML FUNGIDINA;24,00;;
VE;9705;;14,70;;
VE;9705;PREVITER LT.1;14,00;;
VE;9705;PREVITER x 1 lt;10,00;;
VE;9705;PREVITER PRATI;8,50;;
VE;9705;PREVITER LT 0,5;7,50;;
VE;9705;PREVITER 100 ML;7,30;;
VE;9705;PREVITER ANTIPYTHIUM  ML 100;6,00;;
VE;9705;PREVITER LT 1;5,00;;
VE;9705;PREVITER ANTIPYTHIUM LT 1;3,00;;
VE;9705;PREVITER ML.100;1,50;;
VE;9705;PREVITER *200 ML.;1,00;;
VE;9705;PREVITER X 50ML;0,90;;
VE;9723;DE-SPROUT N x 10 lt;70,00;;
VE;9724;TIOWETTING DF;235,00;;
VE;9724;TIOWETTING DF KG 1;31,00;;
VE;9726;GLIFOSAN;448,00;;
VE;9726;DISERBANTE GLIFOSAN LT05;50,00;;
VE;9726;;36,25;;
VE;9730;CUPROSSIL IDRO 25 WP BLU;119,00;;
VE;9730;CUPROSSIL ID.25WP BLU KG 1;69,00;;
VE;9744;SCORE 10 WG X 1KG # CLP;94,00;;
VE;9744;SCORE 10 WG;76,00;;
VE;9747;FURY;45,15;;
VE;9747;POLIVALENTE ABBATTENTE FURY 150 ML;24,00;;
VE;9747;FURY LT. 1;23,00;;
VE;9747;FURY 10 ML;10,00;;
VE;9747;FURY INSETTICIDA *10 ML;6,00;;
VE;9747;;3,60;;
VE;9747;FURY X 50ML;0,75;;
VE;9747;ZAPI POLIVALENTE ABBAT ML.50 FURY;0,55;;
VE;9747;FURY X 10ML;0,40;;
VE;9747;FURY 10ML;0,33;;
VE;9757;SPYRALE;510,00;;
VE;9757;SPYRALE X 1LT # CLP;496,00;;
VE;9757;SPYRALE x 1 lt;88,00;;
VE;9757;;60,00;;
VE;9757;SPYRALE DA LT 1;27,00;;
VE;9757;SPYRALE LT 1;12,00;;
VE;9757;SPYRALE X 1LT  #;11,00;;
VE;9758;COPRANTOL WG;786,00;;
VE;9758;COPRANTOL WG KG 10;120,00;;
VE;9767;NUFOS 7,5 G;412,00;;
VE;9767;VEBI NUFOS 7,5 G 1 KG;291,00;;
VE;9767;NUFOS 7,5 G x 10 kg;150,00;;
VE;9767;NUFOS 7,5G  KG1;72,00;;
VE;9767;NUFOS 7,5G DA KG.1 CLORPIRIFOS;39,00;;
VE;9787;MICROBAGNABILE WG;532,00;;
VE;9787;MICROBAGNABILE 80WG 1KG;31,00;;
VE;9787;;2,00;;
VE;9790;CONTATTO 320  x 1;58,00;;
VE;9790;CONTATTO 320;20,00;;
VE;9800;MAVRIK 20EW X 1LT # CLP;67,00;;
VE;9800;MAVRIK 20 EW;63,87;;
VE;9800;MAVRIK 20 EW x 1 lt;11,00;;
VE;9800;MAVRIK 20 EW DA LT 1;9,00;;
VE;9800;;8,04;;
VE;9800;ZAPI MAVRIK 20 EW ML 50  #;0,75;;
VE;9800;MAVRIK 20 EW x 0,150 lt;0,30;;
VE;9800;MAVRIK 20EW ZAPI ML.20;0,26;;
VE;9802;COPREN HI BIO;19,00;;
VE;9802;COPRANTOL HI BIO DA 10 KG;10,00;;
VE;9802;COPRANTOL HI BIO KG 1;6,00;;
VE;9802;COPRANTOL HI BIO KG 2;4,00;;
VE;9832;TREK P;624,00;;
VE;9832;TREK P x 5 lt;515,00;;
VE;9843;BASAGRAN SG;1.560,00;;
VE;9843;BASAGRAN SG X 3KG XN      NO ADR;870,00;;
VE;9843;BASAGRAN SG X 3 KG;524,00;;
VE;9843;DISERBANTE BASAGRAN SG3KG;111,00;;
VE;9843;BASAGRAN SG *3 Lt.;6,00;;
VE;9843;BASAGRAN SG KG. 3;3,00;;
VE;9867;4 STAGIONI;0,75;;
VE;9872;AKRIS;1.365,00;;
VE;9872;AKRIS X 5LT # CLP;800,00;;
VE;9938;MASTER;2,60;;
VE;9940;ZELIG GR x 10 kg;610,00;;
VE;9940;ZELIG GR;591,00;;
VE;9940;ZELIG GR X 10KG #;220,00;;
VE;9940;;140,00;;
VE;9941;BUMPER P x 1 lt;1.272,00;;
VE;9941;BUMPER P;6,00;;
VE;9954;JOKER;2.227,00;;
VE;9954;JOKER X 1LT CLP;505,00;;
VE;9954;JOKER X 5LT CLP;390,00;;
VE;9954;DISERBANTE JOKER LT1;155,00;;
VE;9954;JOKER LT. 1;123,00;;
VE;9954;JOKER LT 1 BP+CT;96,00;;
VE;9954;;55,00;;
VE;9954;JOKER LT. 5;5,00;;
VE;9954;JOKER LT.1;2,00;;
VE;9963;METIDANE 22 x 1 lt;309,00;;
VE;9963;METIDANE 22 x 5 lt;80,00;;
VE;9963;METIDANE 22 x 0,250 lt;10,25;;
VE;9963;METIDANE 22;8,00;;
VE;9995;ARIUS;67,00;;
VE;9995;ARIUS X 1LT  # CLP;45,00;;
VE;9995;ARIUS x 1 lt;38,00;;
VE;9995;;4,50;;
VE;10005;KB EVERGREEN KG 1 - DISERBANTE WEED;5,00;;
VE;10005;SCOTTS WEEDCONTROL X 1KG;1,00;;
VE;10029;KING LT.5;5,00;;
VE;10029;COMPO RAME KING 360HP 125 ML;3,25;;
VE;10029;;2,25;;
VE;10029;KING;1,25;;
VE;10048;KUMULUS TECNO X 25KG     NO ADR;9.275,00;;
VE;10048;KUMULUS TECNO;7.020,00;;
VE;10048;KUMULUS TECNO x 25 kg;2.100,00;;
VE;10048;KUMULUS TECNO KG 25;1.550,00;;
VE;10049;DURSBAN 75 WG;672,00;;
VE;10049;DURSBAN 75WG X 1KG # CLP;449,00;;
VE;10049;DURSBAN 75 WG x 1 kg;196,00;;
VE;10049;DURSBAN 75WG KG 1;53,00;;
VE;10049;;9,00;;
VE;10049;DURSBAN 75 WG DA KG. 1;7,00;;
VE;10057;ARPEL WDG X 10 KG;2.940,00;;
VE;10057;ARPEL WDG;131,00;;
VE;10057;ARPEL WDG KG 1;48,00;;
VE;10057;ARPEL WDG x 1 kg;6,00;;
VE;10105;RIDOMIL GOLD SL X 0,250 CLP;5,50;;
VE;10105;RIDOMIL GOLD SL 20 x 0,25 lt;5,00;;
VE;10105;RIDOMIL GOLD SL ML. 250;1,75;;
VE;10105;RIDOMIL GOLD 480;1,00;;
VE;10105;RIDOMIL GOLD SL;0,25;;
VE;10105;;0,25;;
VE;10106;;58,00;;
VE;10117;STRATOS ULTRA;9.834,00;;
VE;10117;STRATOS ULTRA X 5 CLP;6.990,00;;
VE;10117;STRATOS ULTRA x 5 lt;5.105,00;;
VE;10117;STRATOS ULTRA DA LT 5;2.410,00;;
VE;10117;DISERBANTE STRATOS ULTRA LT1;794,00;;
VE;10117;STRATOS ULTRA DA LT 1;332,00;;
VE;10117;;202,00;;
VE;10117;STRATOS ULTRA X 1LT;164,00;;
VE;10117;STRATOS ULTRA LT.5;125,00;;
VE;10117;STRATOS ULTRA x 1 lt;100,00;;
VE;10118;AMISTAR;508,00;;
VE;10118;AMISTAR LT. 1;24,00;;
VE;10118;AMISTAR X 5LT  # CLP;10,00;;
VE;10118;AMISTAR da LT.1;8,00;;
VE;10118;AMISTAR x 1 lt;5,00;;
VE;10118;AMISTAR X 1LT  # CLP;4,00;;
VE;10118;AMISTAR LT 1;2,00;;
VE;10119;"EQUATION PRO ""N.E.XN""  x 0,400";2,00;;
VE;10127;DECIS JET;321,93;;
VE;10127;DECIS JET *10cc;43,00;;
VE;10127;DECIS JET *50cc;26,00;;
VE;10127;DECIS JET x 5 lt;20,00;;
VE;10127;;11,29;;
VE;10127;BAYER DECIS JET ML 250  #;9,75;;
VE;10127;BAYER DECIS JET 50 ML #;7,30;;
VE;10127;DECIS JET ml 10;6,70;;
VE;10127;DECIS JET ML. 50;6,30;;
VE;10127;BAYER DECIS JET 100 ML  #;6,00;;
VE;10127;BAYER DECIS JET 10 ML #;3,32;;
VE;10127;DECIS JET ml 50;1,70;;
VE;10127;DECIS JET ML. 10;1,15;;
VE;10127;DECIS JET *100cc;1,00;;
VE;10127;DECIS JET ML 250;0,50;;
VE;10127;BAYER DECIS JET ML 50 NR 10127 Xi;0,35;;
VE;10127;BAYER DECIS JET ML 10 NR 10127 Xi;0,02;;
VE;10154;;57,00;;
VE;10154;BORDOFLOW SECTOR LT 1;40,00;;
VE;10158;PIREFLOR;0,62;;
VE;10161;ORTIVA;304,73;;
VE;10161;ORTIVA x 1 lt;180,00;;
VE;10161;ORTIVA X 1 # CLP;95,00;;
VE;10161;ORTIVA LT.1;23,00;;
VE;10161;ORTIVA LT. 1;16,00;;
VE;10161;ORTIVA X 1  #;8,00;;
VE;10161;;7,00;;
VE;10161;ORTIVA ML 50;4,05;;
VE;10161;ORTIVA *50 ML. Fungicida;2,00;;
VE;10183;GARLON ML 500 DISERBO PRATO #;25,00;;
VE;10183;GARLON EV 500 ML;19,50;;
VE;10183;GARLON EV;10,10;;
VE;10183;GARLON ML 100 DISERBO PRATO #;9,40;;
VE;10183;DISERBANTE GARLON EV  LT 05;8,50;;
VE;10183;GARLON EV 100 ML.;5,40;;
VE;10184;TIMBREL EV ML 100;0,70;;
VE;10185;ZERGAN EV ML 250;8,50;;
VE;10221;PIMIENTO 600 X 1LT;216,00;;
VE;10230;LUMAPLUS;562,50;;
VE;10230;LUMACHICIDA 1 KG LUMAPLUS;192,00;;
VE;10230;;50,00;;
VE;10233;BORDOSEP;87,00;;
VE;10233;POLTIGLIA BORDOSEP KG 1;84,00;;
VE;10233;;20,00;;
VE;10236;SLOGAN R;500,00;;
VE;10236;SLOGAN R X 10KG;300,00;;
VE;10263;DRIVER;57,50;;
VE;10263;DRIVER ERBICIDA LT 1;7,00;;
VE;10263;DISERBANTE DRIVER ML 100;2,20;;
VE;10263;;2,00;;
VE;10272;CEREXIL M DG x 10 kg;420,00;;
VE;10275;;63,00;;
VE;10275;STELLA ML.100;1,20;;
VE;10275;VEBI STELLA 100 ML;0,30;;
VE;10275;STELLA EC;0,20;;
VE;10285;TOMAHAWK BTL-IT DUPONT DA LT 1;17,00;;
VE;10285;;1,00;;
VE;10296;IPERION x 20 kg;1.480,00;;
VE;10296;IPERION x 10 kg;1.010,00;;
VE;10296;IPERION x 1 kg;863,00;;
VE;10297;SINIS 35 WG;50,50;;
VE;10297;SINIS 35WG GR500;4,00;;
VE;10305;OIKOS x 5 lt;15,00;;
VE;10305;OIKOS X 1LT  # CLP;8,00;;
VE;10305;OIKOS;6,14;;
VE;10305;OIKOS LT 1;6,02;;
VE;10305;OIKOS DA LT. 5  REG. 10305;5,00;;
VE;10305;;0,92;;
VE;10306;MISTRAL;103,00;;
VE;10306;MISTRAL LT. 1;22,00;;
VE;10306;MISTRAL DA LT. 5;15,00;;
VE;10306;;12,00;;
VE;10317;;0,20;;
VE;10317;KB PLENUM 50 GR (5X10GR);0,20;;
VE;10324;NEMATHORIN 10 G x 10 kg;40,00;;
VE;10324;NEMATHORIN 10 G;30,00;;
VE;10324;NEMATHORIN 10 G X 10KG CLP;20,00;;
VE;10329;FORUM MZ WG;3.523,00;;
VE;10329;FORUM MZ WG X 10KG  XN # CLP;2.360,00;;
VE;10329;FORUM MZ WG X 10KG  XN #;270,00;;
VE;10329;FORUM MZ WG *10Kg;110,00;;
VE;10329;FORUM MZ WG  KG 1;40,00;;
VE;10329;FORUM MZ WG x 10 kg;10,00;;
VE;10329;FORUM MZ  WG KG.1;5,00;;
VE;10329;FORUM MZ WG X 1 KG  XN #;4,00;;
VE;10350;;162,00;;
VE;10350;BLAST SG;30,00;;
VE;10350;BLAST SG DA KG 3;15,00;;
VE;10357;RIGRON SG;941,00;;
VE;10357;RIGRON SG X 3KG;489,00;;
VE;10357;RIGRON SG DA KG 3;12,00;;
VE;10372;RASIKAL QUICK;123,00;;
VE;10373;CONTEST;846,30;;
VE;10373;CONTEST X 1KG # CLP;738,00;;
VE;10373;CONTEST x 1 kg;148,00;;
VE;10373;CONTEST KG 1;109,00;;
VE;10373;CONTEST X KG 1;76,00;;
VE;10378;FLARE GOLD KG.5;5,00;;
VE;10396;LIZOCIN;0,91;;
VE;10398;STIKER x 0,5 kg;3,50;;
VE;10404;CLINIC 360 SL;2.894,00;;
VE;10404;CLINIC 360 SL X 1LT;151,00;;
VE;10423;LUMACHICIDA VEBI;1.817,50;;
VE;10423;LUMACHICIDA VEBI KG 1;1.642,00;;
VE;10423;LUMACHICIDA VEBI 1 KG;1.207,00;;
VE;10423;LUMACHICIDA KG.5 VEBI (NEW);405,00;;
VE;10423;LUMACHICIDA KG.1 VEBI;313,00;;
VE;10423;LUMACHICIDA VEBI  KG. 1;144,00;;
VE;10423;LUMACHICIDA VEBI *1KG;120,00;;
VE;10423;LUMACHICIDA VEBI 5 KG;50,00;;
VE;10423;LUMACHICIDA VEBI KG.5;30,00;;
VE;10423;LUMACHICIDA GR 500;18,00;;
VE;10423;LUMACHICIDA 250 GR;17,25;;
VE;10423;LUMACHICIDA VEBI GR. 250;9,50;;
VE;10423;LUMACHICIDA VEBI GR 500;7,50;;
VE;10423;LUMACHICIDA VEBI 500 GR;6,50;;
VE;10423;LUMACHICIDA VEBI *5KG;1,00;;
VE;10424;VEBIGLYF VEBI ML.500;9,50;;
VE;10424;VEBIGLYF;3,75;;
VE;10424;VEBIGLYF VEBI ML. 250;3,25;;
VE;10425;SCUDEX *1LT;24,00;;
VE;10426;PROTIL EC;113,50;;
VE;10426;PROTIL EC ML. 500;21,50;;
VE;10426;PROTIL EC ml 500;10,00;;
VE;10426;;5,00;;
VE;10426;PROTIL X 0,5 LT  # CLP;3,00;;
VE;10426;PROTIL X 2,5 LT  #;2,50;;
VE;10439;SPRAY DUNGER GLOBAL x 1 lt;34,00;;
VE;10439;SPRAY DUNGER GLOBAL;15,00;;
VE;10447;NOVEL DUO;924,00;;
VE;10447;NOVEL DUO *1LT;182,00;;
VE;10447;;142,00;;
VE;10447;NOVEL DUO  DA LT 1;36,00;;
VE;10447;NOVEL DUO X 1LT #  NO ADR CLP;18,00;;
VE;10447;NOVEL DUO DA LT. 1;11,00;;
VE;10447;NOVEL DUO LT 1;1,00;;
VE;10456;KLARO ULTRA;1.240,00;;
VE;10456;ZAPI DISERBO KLARO ULTRA 1 LT;39,00;;
VE;10456;KLARO ULTRA 250 ML;3,50;;
VE;10461;DICOTURF;7,25;;
VE;10465;ROUNDUP MAX x 10 kg;3.370,00;;
VE;10465;ROUNDUP MAX;1.940,00;;
VE;10485;ALFA X 1LT;5,00;;
VE;10491;VEBIRAME FLOW;2,50;;
VE;10492;VEBIZOLFO FLOW;0,50;;
VE;10493;RUNNER LO X 5LT;90,00;;
VE;10493;RUNNER LO X 1LT;13,00;;
VE;10493;RUNNER LO;12,00;;
VE;10494;PREMIUM TOP;3.002,75;;
VE;10494;PREMIUM TOP DISERBANTE LT 5;250,00;;
VE;10494;PREMIUM TOP DISERBANTE LT 1;48,00;;
VE;10504;KELLY WG x 10 kg;60,00;;
VE;10504;KELLY WG x 1 kg;28,00;;
VE;10509;MASTIFF ULTRA;49,00;;
VE;10540;TERIAL 75WG X 1KG #;538,00;;
VE;10540;TERIAL 75 WG;253,00;;
VE;10560;PIRETRO NATURA;14,00;;
VE;10565;;513,80;;
VE;10565;DICOTIL EXTRA;215,60;;
VE;10565;DICOTIL EXTRA 1 LT;46,00;;
VE;10565;DISERBANTE DICOTIL EX.LT 0,1;14,20;;
VE;10565;DICOTIL EXTRA 500 ML;6,00;;
VE;10565;DICOTIL EXTRA 5 LT;5,00;;
VE;10565;DICOTIL EXTRA ML 100;1,50;;
VE;10565;DICOTIL EXTRA 100 ML;1,20;;
VE;10568;;231,00;;
VE;10568;ZOOMER;214,00;;
VE;10568;ZOOMER X 5LT # CLP;40,00;;
VE;10568;ZOOMER  x 1;29,00;;
VE;10568;ZOOMER  x 5;5,00;;
VE;10568;ZOOMER X 1LT # CLP;3,00;;
VE;10573;KOCIDE 2000 x 10 kg;80,00;;
VE;10573;;70,00;;
VE;10573;KOCIDE 2000 X 10KG XN #;40,00;;
VE;10584;SHAMAL MK PLUS;24,00;;
VE;10585;SULCOTREK X 5LT;415,00;;
VE;10585;SULCOTREK;105,00;;
VE;10585;SULCOTREK x 5 lt;40,00;;
VE;10585;SULCOTREK x 1 lt;20,00;;
VE;10588;BIOPIREN PLUS X 1 CLP;20,00;;
VE;10588;BIOPIREN PLUS;12,00;;
VE;10588;BIOPIREN PLUS DA LT. 1;2,00;;
VE;10589;FLORA VERDE;1,50;;
VE;10604;EMERALD 40 EW;48,16;;
VE;10604;BAYER EMERALD  50 ML;23,00;;
VE;10604;EMERALD 40EW ML50;1,65;;
VE;10604;;0,25;;
VE;10604;EMERALD 40 EW ml 50;0,20;;
VE;10604;EMERALD 40 EW ml 100;0,06;;
VE;10627;FRUPICA X 1KG   XN  # CLP;123,00;;
VE;10627;FRUPICA X 1KG   XN  #;5,00;;
VE;10627;;3,00;;
VE;10627;FRUPICA;2,00;;
VE;10628;MIDAURIL MZ X 5KG #;840,00;;
VE;10632;COBRE NORDOX SUPER 75 WG;60,00;;
VE;10632;;2,90;;
VE;10671;CUAGRO HI BIO X 10KG #;700,00;;
VE;10671;CUAGRO HI BIO DA KG 10;200,00;;
VE;10671;COPERNICO x 10 kg;30,00;;
VE;10690;FUNGIBEN COMBI;7,00;;
VE;10701;;235,00;;
VE;10701;CUMETA FLOW;181,00;;
VE;10710;TOMAGAN X 1LT;108,00;;
VE;10715;SILGLIF NF x 20 lt;4.080,00;;
VE;10715;SILGLIF NF x 5 lt;375,00;;
VE;10734;DUAL GOLD;5.643,00;;
VE;10734;;675,00;;
VE;10734;DISERBANTE DUAL GOLD LT  5;595,00;;
VE;10734;DUAL GOLD X 5LT  # CLP;480,00;;
VE;10734;DUAL GOLD x 1 lt;434,00;;
VE;10734;DUAL GOLD LT. 5;295,00;;
VE;10734;DUAL GOLD LT. 1;287,00;;
VE;10734;DUAL GOLD x 5 lt;280,00;;
VE;10734;DUAL GOLD LT 1;234,00;;
VE;10734;DUAL GOLD X 20LT # CLP;220,00;;
VE;10734;DUAL GOLD X 1LT  # CLP;150,00;;
VE;10734;DUAL GOLD *5Lt;90,00;;
VE;10734;DUAL GOLD LT. 20;40,00;;
VE;10734;DUAL GOLD DA LT 5;25,00;;
VE;10734;DUAL GOLD DA LT 1;22,00;;
VE;10734;DUAL GOLD X 20LT  #;20,00;;
VE;10734;DUAL GOLD *1Lt;18,00;;
VE;10734;DUAL GOLD X 5LT  #;15,00;;
VE;10734;DUAL GOLD X 1LT  #;7,00;;
VE;10734;DUAL GOLD LT 5;5,00;;
VE;10735;PRIMAGRAM GOLD;3.382,00;;
VE;10735;DISERBANTE PRIMAGRAM GO LT 1;868,00;;
VE;10735;PRIMAGRAM GOLD X 5LT # CLP;190,00;;
VE;10735;PRIMAGRAM GOLD x 1 lt;154,00;;
VE;10735;;137,00;;
VE;10735;PRIMAGRAM GOLD x 20 lt;100,00;;
VE;10735;PRIMAGRAM GOLD X 20LT # CLP;80,00;;
VE;10735;PRIMAGRAM GOLD X 1LT # CLP;69,00;;
VE;10735;PRIMAGRAM GOLD LT. 1;66,00;;
VE;10735;PRIMAGRAM GOLD da LT.5;60,00;;
VE;10735;PRIMAGRAM GOLD x 5 lt;55,00;;
VE;10735;PRIMAGRAM GOLD LT. 20;40,00;;
VE;10735;PRIMAGRAM GOLD LT 5;30,00;;
VE;10735;PRIMAGRAM GOLD LT. 5;30,00;;
VE;10735;PRIMAGRAM GOLD *5Lt;25,00;;
VE;10735;PRIMAGRAM GOLD *1Lt;14,00;;
VE;10735;PRIMAGRAM GOLD X 1LT  #;13,00;;
VE;10735;PRIMAGRAM GOLD LT 1;8,00;;
VE;10735;PRIMAGRAM GOLD X 5LT  #;5,00;;
VE;10741;METACINQUE;451,50;;
VE;10741;METACINQUE X 1KG;43,00;;
VE;10752;STEWARD 30WG X 0,5KG #;170,00;;
VE;10752;STEWARD;99,50;;
VE;10752;STEWARD 30WG X 0.250 XN # CLP;44,75;;
VE;10752;STEWARD x 0,500 kg;30,00;;
VE;10752;STEWARD 30WG 10X250G;10,25;;
VE;10752;;9,25;;
VE;10752;STEWARD x 0,250 kg;2,50;;
VE;10752;STEWARD 30 WG GR. 250;1,75;;
VE;10752;STEWARD  250GR;0,25;;
VE;10753;FOLICUR SE;37,30;;
VE;10753;FOLICUR SE 250 ML;7,50;;
VE;10753;BAYER FOLICUR SE 250 ML;1,00;;
VE;10753;FOLICUR SE LT 1;1,00;;
VE;10753;FOLICUR SE ml 100;0,90;;
VE;10753;FOLICUR SE   ML 100;0,50;;
VE;10753;FOLICUR SE ml 250;0,25;;
VE;10758;BEETUP-TRIO;490,00;;
VE;10758;BEETUP TRIO *1Lt;23,00;;
VE;10771;MOST MICRO;647,50;;
VE;10771;MOST MICRO LT. 5;490,00;;
VE;10771;MOST MICRO x 5 lt;430,00;;
VE;10771;;295,50;;
VE;10771;MOST MICRO LT. 1;265,00;;
VE;10771;MOST MICRO X 5 # CLP;150,00;;
VE;10771;MOST MICRO X 1 # CLP;107,00;;
VE;10771;MOST MICRO x 1 lt;85,00;;
VE;10771;MOST MICRO X 1  #;36,00;;
VE;10771;MOST MICRO X 5  #;10,00;;
VE;10771;DISERBANTE MOST MICRO LT 1;5,00;;
VE;10771;MOST MICRO ML.100;0,80;;
VE;10890;FLIPPER;1.001,25;;
VE;10897;AMEGA PLUS;45,00;;
VE;10926;ALTOREX;38,00;;
VE;10926;ALTOREX LT. 1;28,00;;
VE;10926;ALTOREX x 1 lt;8,00;;
VE;10926;;4,00;;
VE;10926;ALTOREX X 1LT #;2,00;;
VE;10929;CHIKARA 25 WG;4,35;;
VE;10929;CHIKARA  x 0,2 kg;2,80;;
VE;10929;;1,00;;
VE;10936;NAAK 480 x 1 lt;17,00;;
VE;10936;NAAK 480;2,00;;
VE;10938;MANCOSIM 75 DF;325,00;;
VE;10939;CP 40 AGRO;14,00;;
VE;10939;CP 40 LT. 1;9,00;;
VE;10939;CP 40 AGRO X 1LT;8,00;;
VE;10939;;3,00;;
VE;10939;CP40 AGRO LT.1 (2 XN);2,00;;
VE;10939;CP 40 AGRO LT 1;2,00;;
VE;10944;KARATE ZEON;590,50;;
VE;10944;KARATE ZEON X 1LT # CLP;196,00;;
VE;10944;KARATE ZEON X 1LT  #;72,00;;
VE;10944;;45,25;;
VE;10944;KARATE ZEON DA LT1;40,00;;
VE;10944;KARATE ZEON 250 ML;32,00;;
VE;10944;KARATE ZEON x 1 lt;21,00;;
VE;10944;KARATE ZEON DA LT 1;14,00;;
VE;10944;KARATE ZEON X 0,25LT  #;10,75;;
VE;10944;KARATE ZEON DA ML. 250;5,75;;
VE;10944;KARATE ZEON DA ML 250;3,25;;
VE;10944;KARATE ZEON X O,25LT CLP;0,25;;
VE;10952;CARPOVIRUSINE PLUS X LT 1;125,00;;
VE;10952;CARPOVIRUSINE PLUS;6,00;;
VE;10973;PYRINEX PRONTO;6,00;;
VE;10976;METEOR;485,84;;
VE;10976;METEOR x 1 lt;481,00;;
VE;10976;METEOR x 0,25 lt;371,00;;
VE;10976;METEOR X 1LT  # NO ADR;151,00;;
VE;10976;METEOR  ML 200;3,60;;
VE;10976;METEOR LT 1;1,00;;
VE;10976;METEOR X 30ML;0,72;;
VE;10976;METEOR ML 30;0,45;;
VE;10999;BETANAL SE X 1 CLP;413,00;;
VE;10999;BETANAL SE;391,00;;
VE;10999;BETANAL SE DA LT 1;23,00;;
VE;10999;BETANAL SE x 1 lt;12,00;;
VE;10999;BETANAL SE *1lt;7,00;;
VE;10999;BETANAL SE X 1 #;2,00;;
VE;11011;DASH HC;6.034,00;;
VE;11011;DASH HC X 5LT         NO ADR;2.536,50;;
VE;11011;DASH HC X 1LT;1.147,50;;
VE;11011;DASH HC x 5 lt;1.065,00;;
VE;11011;DASH HC LT 1;1.042,00;;
VE;11011;DASH HC x 1 lt;979,00;;
VE;11011;;292,00;;
VE;11011;DASH HC DA LT 5;280,00;;
VE;11011;DASH HC *1Lt;84,00;;
VE;11011;DASH HC DA LT. 1;63,00;;
VE;11011;DASH HC DA LT. 5;15,00;;
VE;11012;AURA X 5LT  #;60,00;;
VE;11012;AURA X 1  #;10,00;;
VE;11013;CIOPPER X 1;85,00;;
VE;11013;CIOPPER;8,00;;
VE;11029;PYRINEX M 22 X 5LT;25,00;;
VE;11040;POLTIGLIA DISPERSS BLU X 10KG CLP #;20,00;;
VE;11041;FOLMAK COMBI x 5 kg;260,00;;
VE;11044;TUREX;10,00;;
VE;11044;TUREX X 1 KG;1,00;;
VE;11045;DODIPREV 35;93,50;;
VE;11045;KOL DODIPREV 35 ML.250;75,50;;
VE;11045;DODIPREV LT 1;4,00;;
VE;11045;DODIPREV ML 250;0,60;;
VE;11059;BIOPOWER;318,00;;
VE;11059;BIOPOWER X 4 LT;148,00;;
VE;11059;;95,00;;
VE;11059;BIOPOWER X 1LT;91,00;;
VE;11059;BIOPOWER x 1 lt;45,00;;
VE;11062;BION 50 WG X 500GR CLP;3,50;;
VE;11062;BION 50 WG;2,00;;
VE;11070;TIOGOLD DISPERSS x 25 kg;5.575,00;;
VE;11072;;4,00;;
VE;11077;TOP-TEAM;2,00;;
VE;11102;;158,40;;
VE;11102;HELIOSOUFRE S;141,20;;
VE;11102;HELIOSOUFRE S X 10LT;10,00;;
VE;11102;AMBIENTA HELIOSOUFRE S GR.100;1,20;;
VE;11102;ZAPI HELIOSOUFRE S 100ML;0,10;;
VE;11119;FLINT 50WG X 500GR # CLP;63,50;;
VE;11119;FLINT;34,03;;
VE;11119;FLINT x 0,5 kg;2,50;;
VE;11119;FLINT 50 WG GR. 500;0,50;;
VE;11119;BAYER FLINT 15 GR;0,10;;
VE;11119;FLINT GR 15;0,09;;
VE;11130;DISERBOFACILE;3,00;;
VE;11160;SUGARBETA PLUS SE;35,00;;
VE;11173;AVAUNT EC;781,25;;
VE;11173;AVAUNT EC x 1 (+CORAGEN) TW.P.MAIS;215,00;;
VE;11173;AVAUNT LT 1 DA TWIN PACK;194,00;;
VE;11173;AVAUNT 150EC X 1LT CLP #;97,00;;
VE;11173;AVAUNT EC DA LT. 1;95,00;;
VE;11173;AVAUNT 150 EC x 1 lt;53,00;;
VE;11173;;40,00;;
VE;11173;TWIN PACK MAIS coragen+avaunt;16,00;;
VE;11190;PENCOR 10 EC;16,99;;
VE;11190;;0,90;;
VE;11201;PROPYFLOR;10,00;;
VE;11206;CODACIDE;332,50;;
VE;11206;CODACIDE X 10 LT;230,00;;
VE;11206;CODACIDE DA LT. 2,50;185,00;;
VE;11206;BAGNANTE CODACIDE x 10 lt;140,00;;
VE;11206;CODACIDE X LT 2.5;105,00;;
VE;11206;BAGNANTE CODACIDE x 2,5 lt;95,00;;
VE;11206;CODACIDE DA LT.2,5;62,50;;
VE;11206;CODACIDE DA 10 LITRI;60,00;;
VE;11206;;50,00;;
VE;11206;CODACIDE DA 10 LT;20,00;;
VE;11220;;84,00;;
VE;11223;;3,50;;
VE;11243;LEOPARD 5 EC x 1 lt;1.341,00;;
VE;11243;LEOPARD 5 EC x 5 lt;1.115,00;;
VE;11243;LEOPARD 5 EC;282,00;;
VE;11243;;83,00;;
VE;11243;LEOPARD *1LT;10,00;;
VE;11252;;5,20;;
VE;11253;CALLISTO;717,00;;
VE;11253;CALLISTO x 1 lt;236,00;;
VE;11253;CALLISTO x 5 lt;200,00;;
VE;11253;CALLISTO X LT 5 CLP;120,00;;
VE;11253;CALLISTO X LT 5     NO ADR;120,00;;
VE;11253;CALLISTO X LT 1     NO ADR;84,00;;
VE;11253;CALLISTO X LT 1 CLP;59,00;;
VE;11253;CALLISTO LT. 1;48,00;;
VE;11253;DISERBANTE CALLISTO LT 1;35,00;;
VE;11253;CALLISTO *1LT;27,00;;
VE;11253;CALLISTO LT. 5;15,00;;
VE;11253;;7,00;;
VE;11257;COSTAR GR. 750;3,00;;
VE;11282;KEMIFAM TRIO FL;51,00;;
VE;11282;KEMIFAM TRIO FL X 1LT  31.07.2017;16,00;;
VE;11284;CIMOTER 4-40;40,00;;
VE;11301;SPHERE;147,00;;
VE;11301;SPHERE SC X 1LT  #;98,00;;
VE;11301;;8,00;;
VE;11301;SPHERE DA LT 1;5,00;;
VE;11303;CHAMP DP;2.310,00;;
VE;11310;;19,00;;
VE;11313;PROXAN SL;13,70;;
VE;11341;STARANE GOLD X 1LT;657,00;;
VE;11341;STARANE GOLD;645,00;;
VE;11341;DISERBANTE STARANE GOLD LT1;291,00;;
VE;11341;STARANE GOLD x 1 lt;206,00;;
VE;11341;;125,00;;
VE;11341;STARANE GOLD *1lt.;2,00;;
VE;11344;PICKILL EC X 0,5LT;0,50;;
VE;11345;;10,00;;
VE;11353;FUSILADE MAX;1.173,00;;
VE;11353;;200,00;;
VE;11353;FUSILADE MAX X 10LT #;150,00;;
VE;11353;FUSILADE MAX X 5LT  #;75,00;;
VE;11353;FUSILADE MAX X 5LT  # CLP;65,00;;
VE;11353;FUSILADE MAX X 1LT  # CLP;23,00;;
VE;11353;FUSILADE MAX X 10LT # CLP;20,00;;
VE;11353;FUSILADE MAX x 5 lt;20,00;;
VE;11359;SARCAP 800;25,00;;
VE;11360;GRIP 25;16,50;;
VE;11360;GRIP 25 ML 500;11,50;;
VE;11360;;8,85;;
VE;11360;GRIP 25 ML 50;0,90;;
VE;11382;GARDENE PLUS;62,50;;
VE;11390;VITENE TRIPLO BLU X 8KG XN CLP;1.434,00;;
VE;11393;BEETLE;45,50;;
VE;11396;WIRK;69,00;;
VE;11396;WIRK X 1LT;1,00;;
VE;11400;ADINA 10;0,04;;
VE;11402;MELODY COMBI X 5KG #;275,00;;
VE;11402;MELODY COMBI;70,00;;
VE;11402;MELODY COMBI WG *5Kg;30,00;;
VE;11402;MELODY COMBI KG5;20,00;;
VE;11403;MELODY COMPACT;588,75;;
VE;11403;;131,00;;
VE;11403;MELODY COMPACT KG 1;35,00;;
VE;11403;MELODY COMPACT X KG 1  # CLP;33,00;;
VE;11403;MELODY COMPACT X KG 10  #;20,00;;
VE;11403;BAYER MELODY COMPACT 250 GR #;13,50;;
VE;11403;MELODY COMPACT KG. 1;9,00;;
VE;11403;MELODY COMPACT x 1 kg;8,00;;
VE;11403;MELODY COMPACT DA KG 1;5,00;;
VE;11416;OVIPRON TOP X 5LT;630,00;;
VE;11416;OVIPRON TOP x 20 lt;560,00;;
VE;11416;OVIPRON TOP x 5 lt;435,00;;
VE;11416;OVIPRON TOP;260,00;;
VE;11416;OVIPRON TOP X 1LT;105,00;;
VE;11416;OVIPRON TOP X 20LT;40,00;;
VE;11416;OVIPRON TOP x 1 lt;16,00;;
VE;11416;;5,00;;
VE;11418;ROUNDUP 450 PLUS;100,00;;
VE;11418;;5,00;;
VE;11432;VERDEVIVO ANTICOCCINIGLIA;0,50;;
VE;11435;FLORANET;4,00;;
VE;11448;;294,00;;
VE;11448;KICKER X 1 CLP;233,00;;
VE;11448;KICKER X 1LT CLP;148,00;;
VE;11448;KICKER;30,00;;
VE;11449;GARDOPRIM GOLD x 20 lt;1.220,00;;
VE;11449;GARDOPRIM GOLD x 5 lt;400,00;;
VE;11449;GARDOPRIM GOLD;120,00;;
VE;11479;BRANCHER DIRADO X 1LT CLP;77,00;;
VE;11479;BRANCHER DIRADO;4,00;;
VE;11497;CRITTOVIT WG x 20 kg;6.820,00;;
VE;11499;BUSTER;5,90;;
VE;11499;;5,60;;
VE;11505;READY GERMIPLUS;105,00;;
VE;11513;EXILIS;182,00;;
VE;11523;SEPRADINA SC;175,80;;
VE;11523;;87,25;;
VE;11523;SEPRADINA SC ML 100;73,40;;
VE;11525;FUNGIDINA;139,70;;
VE;11525;FUNGICIDA AMPIO SPETTRO FUNGIDINA 1;24,00;;
VE;11525;;7,00;;
VE;11525;FUNGIDINA X 500ML;4,00;;
VE;11526;SULTAN;136,00;;
VE;11526;SULTAN x 1 lt;135,00;;
VE;11526;;23,00;;
VE;11526;SULTAN X 1LT XN CLP;19,00;;
VE;11526;SULTAN DA LT. 1;5,00;;
VE;11526;SULTAN LT 1;4,00;;
VE;11526;SULTAN DA LT 1;2,00;;
VE;11527;PYRINEX QUICK;298,36;;
VE;11527;;76,86;;
VE;11527;PYRINEX QUICK x 5 lt;20,00;;
VE;11527;PYRINEX QUICK *20 cc.;18,00;;
VE;11527;PYRINEX QUICK *100 cc.;17,00;;
VE;11527;PYRINEX QUICK 100 ML;13,50;;
VE;11527;PYRINEX QUICK ML250;4,00;;
VE;11527;PYRINEX QUICK 20 ML;0,96;;
VE;11533;TOP-GUN;35,00;;
VE;11551;ISOMATE C-PLUS X 100 PZ.;0,60;;
VE;11551;ISOMATE C.PLUS (CARPOCAPSA);0,50;;
VE;11560;REGALIS X 1KG        NO ADR;9,00;;
VE;11560;REGALIS x 1 kg;4,00;;
VE;11560;REGALIS;4,00;;
VE;11561;NEEMAZAL X 1LT;80,00;;
VE;11561;NEEMAZAL X 5LT;30,00;;
VE;11561;;10,89;;
VE;11561;NEEMAZAL T/S;5,85;;
VE;11561;NEEM AZAL-T/S x 5 lt;5,00;;
VE;11561;NEEMAZAL T-S DA ML. 15;0,06;;
VE;11561;BAYER NEEMAZAL 15 ML;0,04;;
VE;11566;ZOLFO 80 WP;50,00;;
VE;11566;ZOLFO 80WP X 1KG;3,00;;
VE;11569;CUPROXAT S.D.I. X 10LT # CLP;2.670,00;;
VE;11569;CUPROXAT S.D.I.;1.120,00;;
VE;11569;CUPROXAT SDI LT 1;342,00;;
VE;11569;;128,00;;
VE;11569;CUPROXAT S.D.I. X 1LT # CLP;122,00;;
VE;11569;CUPROXAT S.D.I. LT 1;87,00;;
VE;11569;CUPROXAT S.D.I. LT. 10;50,00;;
VE;11569;CUPROXAT S.D.I. LT. 1;49,00;;
VE;11569;CUPROXAT S.D.I. DA LT 10;40,00;;
VE;11569;CUPROXAT S.D.I. X 10LT #;10,00;;
VE;11586;TOP AGAN;285,00;;
VE;11587;CAMBEL S;144,00;;
VE;11587;;15,00;;
VE;11596;CALYPSO SC 480 X 0,5LT CLP;86,00;;
VE;11596;CALYPSO;59,50;;
VE;11596;CALYPSO x 0,5 lt;57,50;;
VE;11596;;2,50;;
VE;11596;CALYPSO 500 ML;1,50;;
VE;11611;VYDATE 10 L X 5LT  #;30,00;;
VE;11611;VYDATE 10L;10,00;;
VE;11611;VYDATE 10L LT. 5;5,00;;
VE;11611;VYDATE 10 L x 5 lt;5,00;;
VE;11614;ACTARA 25 WG x 0,5 kg;258,00;;
VE;11614;ACTARA 25 WG;88,64;;
VE;11614;ACTARA 25WG X 0,5KG # CLP;67,00;;
VE;11614;ACTARA 25 WG x 0,1 kg;7,60;;
VE;11614;;3,70;;
VE;11614;ACTARA 25WG X 0,1KG #;2,30;;
VE;11614;ACTARA 25WG X 0,1KG # CLP;2,10;;
VE;11614;ACTARA 25 WG gr 500;2,00;;
VE;11614;ACTARA 25 WG GR. 100;1,90;;
VE;11614;ACTARA 25 WG gr 100;1,70;;
VE;11614;ACTARA 25 WG GR. 500 - 11614-;1,50;;
VE;11614;ACTARA 25WG 500 GR;1,40;;
VE;11614;ACTARA 25 WG DA GR  500;0,50;;
VE;11614;ACTARA 25 WG GR. 400;0,40;;
VE;11619;TIOFLOR WDG;2.364,00;;
VE;11619;;775,00;;
VE;11626;PIT STOP x 1 lt;51,00;;
VE;11626;PITSTOP;0,50;;
VE;11637;CUPROFIX C DISPERSS;80,00;;
VE;11638;FLUORATE;229,20;;
VE;11638;;99,00;;
VE;11649;COMMAND 36 CS x 1 lt;105,00;;
VE;11649;COMMAND 36 CS;102,75;;
VE;11649;COMMAND 36 CS x 0,25 lt;26,00;;
VE;11649;COMMAND 36 CS X 1      NO ADR;21,00;;
VE;11649;;1,00;;
VE;11649;COMMAND 36 CS DA ML. 250;0,50;;
VE;11653;FOLIO GOLD 537,5 SC x 1 lt;136,00;;
VE;11653;FOLIO GOLD 537,5 SC;40,00;;
VE;11653;FOLIO GOLD X 1LT #;14,00;;
VE;11653;FOLIO GOLD LT.1;2,00;;
VE;11659;HERBITOTAL S;101,25;;
VE;11659;VEBI HERBITOTAL S 1 LT;26,00;;
VE;11659;;9,00;;
VE;11659;HERBITOTAL S *250 ML.;8,00;;
VE;11659;VEBI HERBITOTAL S 250 ML;1,50;;
VE;11660;SHOGUN;359,00;;
VE;11660;SHOGUN LT 1;104,00;;
VE;11660;SHOGUN *1LT;11,00;;
VE;11668;PLENUM 50 WG X 200GR #  NO ADR;2,80;;
VE;11668;PLENUM 50 WG   GR 200;2,00;;
VE;11668;PLENUM 50 WG x 0,2 kg;1,00;;
VE;11668;PLENUM 50 WG;0,65;;
VE;11678;ACTELLIC 2P KG 1;466,00;;
VE;11678;ACTELLIC 2/P X 1;118,00;;
VE;11678;ACTELLIC 2P NEWPHARM;35,20;;
VE;11678;ACTELIC 2P *1kg;12,00;;
VE;11678;;1,00;;
VE;11687;ACTELLIC 5;270,00;;
VE;11687;;30,00;;
VE;11690;GOAL 480 SC;12,50;;
VE;11690;GOAL 480 SC DA ML 500;3,00;;
VE;11690;GOAL 480 SC LT 0,5;1,00;;
VE;11693;LASER X 0,5LT  # CLP;105,50;;
VE;11693;LASER;51,90;;
VE;11693;LASER x 0,5 lt (Spinosad);16,00;;
VE;11693;LASER X 0,25LT # CLP;4,75;;
VE;11693;LASER ML 250;2,50;;
VE;11693;LASER ML. 500;1,50;;
VE;11693;LASER ML 500;1,50;;
VE;11693;;1,45;;
VE;11693;LASER X 0,25LT #;1,25;;
VE;11693;LASER ML. 250;1,25;;
VE;11693;LASER INSETTICIDA DA 500 ML;1,00;;
VE;11693;LASER 05 LT;1,00;;
VE;11693;LASER X 0,5LT  #;0,50;;
VE;11693;LASER x 0,25 lt (Spinosad);0,50;;
VE;11693;LASER ML 100;0,10;;
VE;11694;CONSERVE SC;1,94;;
VE;11694;;1,88;;
VE;11694;CONSERVE SC 100 ML;0,10;;
VE;11696;ARID;56,00;;
VE;11698;MINUET;271,05;;
VE;11698;MINUET LT 1;228,00;;
VE;11698;MINUET X 1LT #;18,00;;
VE;11698;MINUET 250 ML;3,50;;
VE;11698;MINUET 25 ML;0,35;;
VE;11700;BOTANIGARD 22 WP;0,06;;
VE;11700;;0,03;;
VE;11701;BOTANIGARD SE;3,00;;
VE;11702;REMUS  L;60,00;;
VE;11703;GEOTOX L;70,00;;
VE;11704;OLIO OGNI STAGIONE *1Lt.;25,00;;
VE;11704;OLIO OGNISTAGIONE;10,75;;
VE;11704;OLIO OGNI STAGIONE 250 ML;1,25;;
VE;11710;;5,00;;
VE;11710;VEBI GARDIUS 250 ML;1,25;;
VE;11710;GARDIUS 40 ST;0,90;;
VE;11710;COMPO GARDIUS 250 ML;0,50;;
VE;11711;MEXIRAM HI BIO;210,00;;
VE;11722;GEONEX;34,00;;
VE;11730;COSMOTRIN;0,90;;
VE;11732;ALLEATO 80 WG X 5KG;240,00;;
VE;11732;;199,00;;
VE;11732;ALLEATO 80 WG;130,00;;
VE;11732;ALLEATO 80 WG DA KG 5;10,00;;
VE;11744;CIPERBLOC;7,75;;
VE;11752;ENVIDOR 240 SC;0,50;;
VE;11760;POLITHIOL;460,00;;
VE;11760;POLITHIOL x 20 lt;160,00;;
VE;11760;POLITHIOL X LT 20 CLP;60,00;;
VE;11762;FORUM STAR;3.915,00;;
VE;11762;FORUM STAR X KG.5 XN # CLP;1.740,00;;
VE;11762;FORUM STAR X KG.5 XN #;15,00;;
VE;11779;;119,00;;
VE;11779;KOP-TWIN;5,00;;
VE;11786;;0,78;;
VE;11786;AQ10 WG X 30GR;0,60;;
VE;11788;NEMACUR 240CS X 5LT  #;25,00;;
VE;11793;XENTARI;5,50;;
VE;11794;PRESSING 500;5,25;;
VE;11796;GLIFAST;380,15;;
VE;11796;;86,70;;
VE;11814;SPADA 200 EC DA LT. 1;13,00;;
VE;11814;KB SPADA 200 EC 250 ML;1,50;;
VE;11821;WEEDAZOL TL X 5LT  NO ADR 31-12-201;195,00;;
VE;11821;WEEDAZOL TL x 5 lt;45,00;;
VE;11821;WEEDAZOL;20,00;;
VE;11821;WEEDAZOL TL DA LT 5;10,00;;
VE;11821;WEEDAZOL TL;5,00;;
VE;11857;MIDAURIL COMBI # X 10KG;840,00;;
VE;11857;MIDAURIL COMBI X 5KG # CLP;240,00;;
VE;11857;MIDAURIL COMBI;10,00;;
VE;11870;;6,50;;
VE;11870;CUPRITAL S.D.I.;3,75;;
VE;11872;RIFLE 4-24 R;10,00;;
VE;11874;VITENE TRIPLO X 8 (4X2) XN #;352,00;;
VE;11874;VITENE TRIPLO X 8KG # CLP;304,00;;
VE;11883;CURIT;12,00;;
VE;11885;ELICIO X 10KG  #;20,00;;
VE;11885;;20,00;;
VE;11885;ELICIO;1,00;;
VE;11908;VENTUREX 35 L;149,30;;
VE;11908;VENTUREX 35L *200 ML.;23,00;;
VE;11908;VENTUREX 35L *100 ML.;18,00;;
VE;11908;VENTUREX 35 L 200ML;12,80;;
VE;11908;VENTUREX 35 L 200 ML;7,80;;
VE;11908;VENTUREX 35 L 100 ML;5,90;;
VE;11908;VENTUREX 35 L ML.100;2,90;;
VE;11911;DECIS GIARDINO;0,17;;
VE;11921;;5,00;;
VE;11931;MANZEB 75WG X 10KG #;20,00;;
VE;11944;ASPECT;85,00;;
VE;11948;VINCARE;443,00;;
VE;11948;VINCARE x 5 kg;440,00;;
VE;11948;VINCARE x 1 kg;19,00;;
VE;11954;TERMINAL DUO;415,00;;
VE;11954;;119,00;;
VE;11954;TERMINAL DUO LT. 1 ERBICIDA;48,00;;
VE;11964;POLTIGLIA CAFFARO 20 GD;60,00;;
VE;11977;SULFUR 80 WG;2,00;;
VE;11979;BORDO 20 MICRO;5,60;;
VE;11979;AMBIENTA BORDO 20 MICRO GR.100;0,80;;
VE;11991;NEEMIK;174,00;;
VE;11991;NEEMIK x 1 lt;8,00;;
VE;12010;TUAREG;3.904,00;;
VE;12010;TUAREG X 5LT CLP;685,00;;
VE;12010;TUAREG x 5 lt (+HARMONY x 50 gr);565,00;;
VE;12010;TUAREG x 1 lt;476,00;;
VE;12010;TUAREG DA LT 1;272,00;;
VE;12010;TUAREG X 3LT;230,00;;
VE;12010;TUAREG x 5 lt;195,00;;
VE;12010;TUAREG BTL IT DA LT5;195,00;;
VE;12010;TUAREG LT. 1;178,00;;
VE;12010;TUAREG X 1LT CLP;171,00;;
VE;12010;TUAREG *5LT;160,00;;
VE;12010;DISERBANTE TUAREG LT 1;153,00;;
VE;12010;TUAREG X 1LT;126,00;;
VE;12010;TUAREG DA LT. 5;100,00;;
VE;12010;TUAREG LT 1;80,00;;
VE;12010;TUAREG *1LT;77,00;;
VE;12010;;75,00;;
VE;12010;TUAREG DA LT 3;24,00;;
VE;12010;TUAREG LT. 3;15,00;;
VE;12020;SUCCESS;19,71;;
VE;12020;SUCCESS  *50ml;8,00;;
VE;12020;SUCCESS ML 50;6,53;;
VE;12020;SUCCESS x 1 lt;5,00;;
VE;12020;;2,82;;
VE;12020;BAYER SUCCESS 50 ML;1,50;;
VE;12020;SUCCESS 50 ML;0,75;;
VE;12020;BAYER SUCCESS 10 ML (SPINOSAD);0,54;;
VE;12020;SUCCESS ML. 10;0,25;;
VE;12020;BAYER SUCCESS ML 50 NR 12020;0,20;;
VE;12020;BAYER SUCCESS ML 10 NR 12020;0,02;;
VE;12022;SPADA WDG x 1 kg;3,00;;
VE;12023;MEGIC 240;13,50;;
VE;12023;MEGIC LT 1;10,00;;
VE;12030;SNOW x 1 lt;43,00;;
VE;12037;CAMIX x 5 lt;785,00;;
VE;12037;CAMIX;5,00;;
VE;12041;MARTOS;10,00;;
VE;12043;PREVICUR ENERGY x 1 lt;72,00;;
VE;12043;PREVICUR ENERGY;25,10;;
VE;12043;PREVICUR ENERGY X 1LT;9,00;;
VE;12043;BAYER PREVICUR ENERGY 50 ML;7,70;;
VE;12043;;1,50;;
VE;12043;PREVICUR ENERGY DA LT.1;1,00;;
VE;12048;TIOSOL 80 WG X 25 CLP    NO ADR;7.275,00;;
VE;12048;TIOSOL 80 WG X 10       NO ADR;1.350,00;;
VE;12048;TIOSOL 80 WDG DA KG 10;1.200,00;;
VE;12048;TIOSOL 80 WG KG. 1;1.090,00;;
VE;12048;TIOSOL 80 WG;509,30;;
VE;12048;;363,00;;
VE;12048;TIOSOL 80 WG X 1KG      NO ADR;142,00;;
VE;12048;TIOSOL 80 WG X 25       NO ADR;50,00;;
VE;12060;FOX X 5LT CLP;30,00;;
VE;12060;FOX DA LT 5;15,00;;
VE;12060;FOX;14,00;;
VE;12060;FOX x 5 lt;10,00;;
VE;12060;FOX DA LT 1;1,00;;
VE;12068;TEFLUSTAR;258,05;;
VE;12068;;98,00;;
VE;12068;TEFLUSTAR KG.1;44,00;;
VE;12068;TEFLUSTAR GRANULARE GR 350;10,85;;
VE;12068;BAYER TEFLUSTAR KG 1;9,00;;
VE;12068;BAYER TEFLUSTAR GRANULARE KG 1;3,00;;
VE;12068;BAYER TEFLUSTAR 350 GR;1,05;;
VE;12068;TEFLUSTAR *500Gr. Geoinsett.;1,00;;
VE;12069;EPIK x 1 kg;27,00;;
VE;12069;EPIK;20,04;;
VE;12069;EPIK DA KG 2  -12069-;14,00;;
VE;12069;EPIK X 2KG  NO ADR #;8,00;;
VE;12069;EPIK x 2 kg;6,00;;
VE;12069;;5,63;;
VE;12069;EPIK X 1KG NO ADR #;3,00;;
VE;12069;EPIK 5% DA KG 1;1,00;;
VE;12069;KB EPIK 50 GR;0,10;;
VE;12069;KB EPIK 20 GR;0,08;;
VE;12069;EPIK GR 20;0,06;;
VE;12078;METALIM;392,00;;
VE;12083;DANADIM PROGRESS ST;5,75;;
VE;12083;DANADIM PROGRESS ST X 250ML;2,00;;
VE;12084;GALEO DA LT. 0,5;7,50;;
VE;12090;MICROSED GEO;120,00;;
VE;12096;POLTIGLIA DISPERSS X 15KG  # CLP;16.770,00;;
VE;12096;POLTIGLIA DISPERSS;14.857,00;;
VE;12096;POLTIGLIA DISPERSS x 15 kg;6.015,00;;
VE;12096;POLTIGLIA DISPERSS X 15KG  #;870,00;;
VE;12096;;75,00;;
VE;12096;POLTIGLIA DISPERSS x 1 kg;46,00;;
VE;12096;POLTIGLIA DISPERSS X 1KG # CLP;40,00;;
VE;12100;ASSET x 1 lt;135,00;;
VE;12100;ASSET;6,00;;
VE;12100;ASSET X 1LT #;2,00;;
VE;12100;;1,00;;
VE;12106;TALENDO;4,00;;
VE;12114;AUXIGER LG;2,00;;
VE;12115;;26,00;;
VE;12136;VERITAS WG x 5 kg;75,00;;
VE;12136;VERITAS;11,00;;
VE;12138;R6 ERRESEI TREVI;303,00;;
VE;12138;R6 TREVI X 8KG # CLP;128,00;;
VE;12138;;47,00;;
VE;12138;R6 TREVI *1Kg;22,00;;
VE;12138;R6 TREVI *8Kg;8,00;;
VE;12138;R6 TREVI DA KG 8;8,00;;
VE;12172;FERRAMOL;111,50;;
VE;12172;;78,00;;
VE;12172;KOL FERRAMOL 1 KG ESCA LUMACHICIDA;20,00;;
VE;12172;KOL FERRAMOL 500 GR ESCA LUMACHICID;15,00;;
VE;12172;FERRAMOL X 1KG;5,00;;
VE;12174;VIP FLOW;46,00;;
VE;12174;V.I.P. FLOW 100 ML;0,70;;
VE;12177;VITTORIA 24SC X 0,2LT;2,20;;
VE;12177;;0,20;;
VE;12200;SILBOT R x 10 kg;670,00;;
VE;12202;ZEMIX R x 10 kg;520,00;;
VE;12202;ZEMIX R x 1 kg;12,00;;
VE;12206;GLUTEX CU 90;2,00;;
VE;12212;PENTHIUM EC;14,70;;
VE;12212;;2,60;;
VE;12215;VEBIPHOS 7,5;69,00;;
VE;12215;VEBIPHOS 7.5 KG 1;19,00;;
VE;12215;VEBIPHOS 7,5 GR. *1Kg;9,00;;
VE;12215;VEBIPHOS 7,5 BUSTA DA 1 KG;8,00;;
VE;12225;TEPPEKI X 0,5KG   NO ADR;18,00;;
VE;12225;TEPPEKI;4,04;;
VE;12225;TEPPEKI DA GR. 500;1,50;;
VE;12225;TEPPEKI X 140GR;0,56;;
VE;12225;TEPPEKI GR 10;0,53;;
VE;12225;TEPPEKI x 100 gr;0,50;;
VE;12225;;0,48;;
VE;12225;TEPPEKI GR 100;0,10;;
VE;12225;TEPPEKI X 100GR   NO ADR;0,10;;
VE;12225;TEPPEKI 10 GR;0,02;;
VE;12243;MANTIR DG x 25 kg;2.400,00;;
VE;12243;MANTIR DG;529,00;;
VE;12243;MANTIR DG X 10 #;120,00;;
VE;12243;MANTIR DG *E *10KG;80,00;;
VE;12243;;75,00;;
VE;12243;MANTIR DG DA KG. 1;49,00;;
VE;12243;MANTIR DG DA KG 10;40,00;;
VE;12243;MANTIR DG *E *1KG;30,00;;
VE;12245;ROUNDUP 360 POWER;667,00;;
VE;12250;PENCOR COMBI;370,00;;
VE;12260;TECNOCONTROL VEBI LT.1;7,00;;
VE;12260;;2,00;;
VE;12262;;10,00;;
VE;12263;VONDOZEB DG x 20 kg;160,00;;
VE;12263;VONDOZEB DG;40,00;;
VE;12279;ERBY 5 EC;0,70;;
VE;12279;DISERBANTE ERBY 5 EC ML 200;0,60;;
VE;12279;;0,05;;
VE;12285;FORUM GOLD;1.573,00;;
VE;12285;FORUM GOLD X 10 #;970,00;;
VE;12285;FORUM GOLD  1 KG;302,00;;
VE;12285;FORUM GOLD X 1  #;91,00;;
VE;12297;TRIBASE TWIN;1.304,00;;
VE;12313;;0,05;;
VE;12314;SCORE HOBBY;0,64;;
VE;12314;;0,12;;
VE;12314;COMPO SCORE HOBBY 20 ML;0,02;;
VE;12315;ORTIVA HOBBY;14,17;;
VE;12315;COMPO ORTIVA HOBBY 50 ML #;0,95;;
VE;12315;;0,90;;
VE;12315;COMPO ORTIVA HOBBY 10 ML #;0,26;;
VE;12315;ORTIVA HOBBY 50ML;0,20;;
VE;12318;VIVER;600,00;;
VE;12322;SWITCH HOBBY;0,17;;
VE;12322;COMPO MUFFA STOP 40 GR (SWITCH) #;0,04;;
VE;12322;COMPO MUFFA STOP 8 GR (SWITCH) #;0,01;;
VE;12323;VEBIZOLFO WG;206,20;;
VE;12323;VEBIZOLFO WG KG 1;196,00;;
VE;12325;MESUROL M PLUS;288,00;;
VE;12325;;76,00;;
VE;12325;MESUROL M PLUS KG. 1;36,00;;
VE;12325;MESUROL M PLUS GR. 500;18,50;;
VE;12325;BAYER MESUROL M PLUS GR 500 NR 1232;7,50;;
VE;12330;DEDALUS SE;21,10;;
VE;12344;VEBITHRIN 5 EC;97,95;;
VE;12344;VEBITHRIN 5 EC *100 ML.;15,00;;
VE;12344;VEBITHRIN 5 EC ML 100;5,80;;
VE;12344;VEBITHRIN 5 EC  ML 250;5,50;;
VE;12361;ALGEDI;149,40;;
VE;12361;ALGEDI x 200 gr;56,00;;
VE;12361;ALGEDI X 0,2 #;45,00;;
VE;12361;ALGEDI DA 200 GR;7,60;;
VE;12368;CARPOSTOP X 0,5LT;61,50;;
VE;12368;CARPOSTOP x 0,5 lt;2,00;;
VE;12375;SUGAR 500 SC;508,00;;
VE;12375;SUGAR 500 SC x 5 lt;80,00;;
VE;12381;NU FILM P x 1 lt;36,00;;
VE;12383;RIDOMIL GOLD MZ PEPITE;1.672,00;;
VE;12383;RIDOMIL GOLD MZ PEPITE X 5KG XN # C;825,00;;
VE;12383;RIDOMIL GOLD MZ PEPITE X 1KG XN # C;68,00;;
VE;12383;;20,00;;
VE;12383;FLARE GOLD MZ PEPITE x 5 kg;10,00;;
VE;12383;RIDOMIL GOLD MZ PEPITE 1 KG;7,00;;
VE;12383;RIDOMIL GOLD MZ PEPITE X 1KG XN #;6,00;;
VE;12383;RIDOMIL GOLD MZ PEPITE x 1 kg;5,00;;
VE;12391;FUEGO;47,00;;
VE;12393;COPPERCIM WG X 10KG;40,00;;
VE;12393;COPPERCIM WG;13,25;;
VE;12393;COPERCIM WG;9,00;;
VE;12393;COPPERCIM WG 250 GR. REG.12393;2,25;;
VE;12393;VEBI COPPERCIM WG 250 GR;0,75;;
VE;12399;GANZO;119,00;;
VE;12437;DELAN 70 WG X 1KG XN #;1.471,00;;
VE;12437;DELAN 70 WG;483,00;;
VE;12437;DELAN 70 WG x 1 kg;78,00;;
VE;12437;;59,00;;
VE;12437;DELAN 70WG  KG1;51,00;;
VE;12437;DELAN 70 WG x 5 kg;5,00;;
VE;12437;DELAN 70 WG KG.1;1,00;;
VE;12452;EQUIP x 5 lt;110,00;;
VE;12452;EQUIP;68,00;;
VE;12452;EQUIP x 1 lt;52,00;;
VE;12452;EQUIP SC X 5LT;30,00;;
VE;12452;EQUIP SC X 1LT;21,00;;
VE;12453;MILDICUT;2.999,00;;
VE;12453;MILDICUT X LT. 15;2.550,00;;
VE;12453;;729,00;;
VE;12453;MILDICUT X LT. 1;4,00;;
VE;12459;VOLCAN SC;15,00;;
VE;12461;KOL FINALSAN ERBICIDA PROF. 1 LT.;21,00;;
VE;12461;FINALSAN ERBICIDA PROFESSIONAL;7,00;;
VE;12482;LUMAX;12.030,00;;
VE;12482;LUMAX X 20LT # CLP;5.000,00;;
VE;12482;LUMAX x 20 lt;2.740,00;;
VE;12482;LUMAX x 5 lt;1.870,00;;
VE;12482;;1.030,00;;
VE;12482;DISERBANTE LUMAX LT  5;775,00;;
VE;12482;LUMAX X 5LT # CLP;730,00;;
VE;12482;LUMAX *20Lt;220,00;;
VE;12482;LUMAX DA LT 20;180,00;;
VE;12482;LUMAX X 5LT #;135,00;;
VE;12482;LUMAX DA LT.20;100,00;;
VE;12482;LUMAX DA LT 5;70,00;;
VE;12482;LUMAX LT 5;45,00;;
VE;12482;LUMAX *5Lt;35,00;;
VE;12482;LUMAX LT. 5;30,00;;
VE;12491;CIPERTHRIN PLUS x 1 lt;128,00;;
VE;12491;CIPERTHRIN PLUS x 0,25 lt;1,00;;
VE;12493;MANCOZEB PLUS 75 WG;100,00;;
VE;12504;;20,00;;
VE;12504;FLOWBRIX X 10 LT;20,00;;
VE;12504;FLOWBRIX;6,00;;
VE;12505;FLOWBRIX BLU;97,00;;
VE;12505;FLOWBRIX BLU LT 1;22,00;;
VE;12519;;8,00;;
VE;12519;CORSARIO;0,50;;
VE;12522;METRO gr 500;107,00;;
VE;12522;METRO;80,50;;
VE;12522;METRO GR. 500  -12522-;0,50;;
VE;12526;ALIETTE ORTO E GIARDINO;0,50;;
VE;12528;CABRIO TOP X 5KG  #;65,00;;
VE;12528;CABRIO TOP x 1 lt;17,00;;
VE;12528;CABRIO TOP;6,00;;
VE;12529;TUCANA 25 EC;615,00;;
VE;12529;TUCANA 25EC X 1LT # CLP;125,00;;
VE;12529;TUCANA 25 EC x 1 lt;55,00;;
VE;12529;TUCANA 25EC X 1LT #;2,00;;
VE;12534;FOXTAIL;142,30;;
VE;12534;FOXTAIL  x  lt 1;37,00;;
VE;12534;FOXTAIL 1 LT;33,00;;
VE;12534;;31,25;;
VE;12534;FOXTAIL LT. 1;20,00;;
VE;12534;KOL FOXTAIL ML.250;11,75;;
VE;12534;FOXTAIL 250 ML;10,50;;
VE;12534;FOXTAIL ML.250;7,00;;
VE;12534;DISERBANTE FOXTAIL LT 1;7,00;;
VE;12534;FOXTAIL DISER. ML 250;0,50;;
VE;12534;FOXTAIL X 250ML;0,50;;
VE;12538;MYSTIC 25 WG x 1 kg;23,00;;
VE;12540;REGRAN SL;119,00;;
VE;12566;PYGANIC 1.4;242,32;;
VE;12566;PYGANIC 1.4 BASSA CARENZA BIOLOGICO;48,00;;
VE;12566;;4,00;;
VE;12566;ZAPI PYGANIC 1,4  100ML;1,80;;
VE;12566;PYGANIC *50 ml.;1,00;;
VE;12566;AMBIENTA PYGANIC 1.4 50 ML;0,65;;
VE;12573;EKO OIL SPRAY;610,75;;
VE;12573;EKO OIL SPRAY x 1 lt;469,00;;
VE;12573;EKO OIL SPRAY x 5 lt;90,00;;
VE;12573;EKO OIL SPRAY X 1LT;21,00;;
VE;12573;EKO OIL SPRAY X 5LT;10,00;;
VE;12573;EKO OIL SPRAY LT 1;7,00;;
VE;12578;RANMAN;0,50;;
VE;12582;LINFA PIRETRO NATURALE;4,80;;
VE;12584;;20,00;;
VE;12584;AVIATOR WG X 10KG # CLP;10,00;;
VE;12590;DIASTAR MAXI X 10KG CLP #;1.550,00;;
VE;12590;DIASTAR MAXI;230,00;;
VE;12590;DIASTAR MAXI x 10 kg;160,00;;
VE;12598;GRANSTAR POWER SX;18,53;;
VE;12622;QUANTUM;288,00;;
VE;12622;QUANTUM x 0,5 kg;56,50;;
VE;12622;;41,00;;
VE;12622;QUANTUM DA GR.500;19,50;;
VE;12625;EFUZIN 355 SC;64,00;;
VE;12625;EFUZIN 355 SC x 1 lt;54,00;;
VE;12625;EFUZIN 355 SC x 5 lt;5,00;;
VE;12627;;40,00;;
VE;12627;DANADIM 400 DA LT 1;12,00;;
VE;12627;DANADIM 400 ST;11,00;;
VE;12628;SERENADE MAX X 5KG;75,00;;
VE;12628;SERENADE MAX;10,00;;
VE;12628;SERENADE MAX X 1KG  NO ADR;7,00;;
VE;12629;DISERBANTE BUGGY 360SG N.E.T KG 10;470,00;;
VE;12629;BUGGY 360 SG X 5KG N.E.T.  NO ADR;5,00;;
VE;12629;;2,00;;
VE;12629;BUGGY 360 SG N.E.T.;1,20;;
VE;12636;QUASAR 6/24 R;782,00;;
VE;12636;;77,00;;
VE;12647;GLITTER;35,00;;
VE;12647;GLITTER LT.1;12,00;;
VE;12647;GLITTER LT.5;10,00;;
VE;12650;NUPRID 200SL *10ML.;15,00;;
VE;12650;NUPRID 200 SL;1,48;;
VE;12650;VEBI NUPRID 200 SL 10 ML;0,05;;
VE;12670;RISOLUTIV SL;297,00;;
VE;12670;RISOLUTIV SL LT 1;210,00;;
VE;12671;HARMONY 50 SX *20gr WSB;170,00;;
VE;12671;HARMONY 50 SX;87,67;;
VE;12671;HARMONY 50 SX gr 50;67,30;;
VE;12671;HARMONY 50SX X 50 GR WSB # CLP;20,96;;
VE;12671;HARMONY 50SX X 20 GR WSB # CLP;20,10;;
VE;12671;HARMONY 50 SX *50gr WSB;20,00;;
VE;12671;HARMONY 50 SX x 20 gr;19,20;;
VE;12671;HARMONY 50 SX gr 20;9,82;;
VE;12671;HARMONY 50 SX x 50 gr (+TUAREG x 5);9,20;;
VE;12671;HARMONY 50 SX 20 g;7,56;;
VE;12671;DISERBANTE HARMONY 50SX 16GR;7,42;;
VE;12671;HARMONY 50 SX x 50 gr;4,25;;
VE;12671;;3,66;;
VE;12671;HARMONY 50 SX GR.20;3,36;;
VE;12671;HARMONY 50 SX x 16 gr;2,79;;
VE;12671;HARMONY 50 SX gr 16;1,54;;
VE;12671;HARMONY 50 SX 16 g;1,40;;
VE;12671;HARMONY 50SX DA GR. 50;1,00;;
VE;12671;HARMONY 50SX X 16 GR WSB # CLP;0,95;;
VE;12671;HARMONY 50 SX gr. 16;0,40;;
VE;12671;HARMONY 50 SX gr. 24 COMBI SOI;0,09;;
VE;12686;CHAMAN;100,00;;
VE;12686;CHAMAN X 5 LT CLP;35,00;;
VE;12686;CHAMAN X 1 LT CLP;21,00;;
VE;12686;;20,00;;
VE;12692;SPRUZIT INSETTICIDA;3,25;;
VE;12692;KOL SPRUZIT BIO INSETTICIDA C.500ML;1,50;;
VE;12696;TEBUZOL S DISPERSS;1.390,00;;
VE;12722;OSSICLOR 20 FLOW LT 1;180,00;;
VE;12722;OSSICLOR 20 FLOW;52,00;;
VE;12722;;11,00;;
VE;12723;OSSICLOR 20 BLU FLOW;72,00;;
VE;12723;OSSICLOR 20 BLU FLOW LT 1;10,00;;
VE;12723;;4,00;;
VE;12731;MICLOTOP PROGRESS;70,00;;
VE;12734;JUPITER R DF X 100GR;0,80;;
VE;12737;AIRONE PIU';10.836,00;;
VE;12737;AIRONE PIU'WG X 10KG # CLP;9.730,00;;
VE;12737;AIRONE PI  WG x 10 kg;880,00;;
VE;12737;;210,00;;
VE;12738;KING 360 HP;130,00;;
VE;12738;;70,00;;
VE;12747;CUPRAVIT BLU WG;1,30;;
VE;12747;RAMETTE;0,60;;
VE;12748;GRIFON PI  WG x 10 kg;2.260,00;;
VE;12756;DICOTEX;88,80;;
VE;12756;BAYER DICOTEX 500 ML;31,50;;
VE;12756;BAYER DICOTEX 100 ML;18,00;;
VE;12756;DICOTEX  LT 1;12,00;;
VE;12756;DICOTEX ERBICIDA ML.500;9,50;;
VE;12756;;4,60;;
VE;12756;DICOTEX ERBICIDA ML 100;2,20;;
VE;12759;OSSICLOR 35 WG;1.422,80;;
VE;12759;OSSICLOR 35WG X 10KG  #;810,00;;
VE;12759;;664,00;;
VE;12759;OSSICLOR 35WG KG. 10;480,00;;
VE;12759;OSSICLOR 35WG KG. 1;413,00;;
VE;12759;OSSICLOR 35WG KG. 25;225,00;;
VE;12759;OSSICLOR 35WG  GR 200;28,00;;
VE;12759;OSSICLOR 35 WG OSSICLORURO DI RAME ;25,00;;
VE;12763;PYGRAIN X 5LT;70,00;;
VE;12763;PYGRAIN LT 5;25,00;;
VE;12763;;1,00;;
VE;12768;;10,25;;
VE;12768;SPINTOR FLY;2,00;;
VE;12768;SPINTOR FLY ML. 250 ZAPI;0,50;;
VE;12770;ALAR 85 GOLD X 1;4,00;;
VE;12770;ALAR 85 GOLD;3,00;;
VE;12770;ALAR GOLD 85 DA KG. 1;3,00;;
VE;12770;ALAR 85 GOLD x 1 kg;1,00;;
VE;12779;RAMEDIT COMBI WG x 10 kg;1.830,00;;
VE;12779;RAMEDIT COMBI WG x 1 kg;1.150,00;;
VE;12780;PASTA SIAPA F BLU LT.10;90,00;;
VE;12784;CERCOBIN WG;60,00;;
VE;12784;FARO WG;35,00;;
VE;12788;ADIGOR X 1LT;65,00;;
VE;12788;ADIGOR;47,00;;
VE;12793;ZOLFO AFEPASA 80 WG x 25;50,00;;
VE;12806;FEDOR x 1 kg;215,00;;
VE;12806;FEDOR;114,00;;
VE;12806;;100,00;;
VE;12806;FEDOR DA KG 1;30,00;;
VE;12806;FEDOR X 1KG  #;13,00;;
VE;12806;FEDOR KG 1;5,00;;
VE;12808;GLOBAL SC;1,30;;
VE;12808;ZAPI GLOBAL SC 100 ML #;0,20;;
VE;12808;ZAPI GLOBAL SC 15 ML #;0,01;;
VE;12813;AMISTAR XTRA;747,00;;
VE;12813;;210,00;;
VE;12813;AMISTAR XTRA x 5 lt;205,00;;
VE;12813;AMISTAR XTRA x 1 lt;131,00;;
VE;12813;AMISTAR XTRA DA 5 LT;80,00;;
VE;12813;AMISTAR XTRA X 5LT # CLP;75,00;;
VE;12813;AMISTAR XTRA *1lt;61,00;;
VE;12813;AMISTAR XTRA DA LT 1;48,00;;
VE;12813;AMISTAR XTRA DA LT. 1;41,00;;
VE;12813;AMISTAR XTRA *5lt;40,00;;
VE;12813;AMISTAR XTRA X 1LT # CLP;33,00;;
VE;12813;AMISTAR XTRA LT 5;25,00;;
VE;12813;AMISTAR XTRA X 1LT  #;2,00;;
VE;12824;MERLIN EXPERT  X 5;10,00;;
VE;12827;PREMIER ZR P.B. X 10KG  #  31.01.20;40,00;;
VE;12828;SITOFEX X 1LT #;6,00;;
VE;12831;INSIGNIA X 1KG;1,00;;
VE;12832;OPERA;153,00;;
VE;12832;OPERA x 1 lt;92,00;;
VE;12832;OPERA DA LT 1;50,00;;
VE;12832;OPERA X 1 LT # CLP;1,00;;
VE;12837;ARIUS SYSTEM PLUS;703,00;;
VE;12837;ARIUS SYSTEM PLUS x 5 lt;385,00;;
VE;12837;ARIUS SYSTEM PLUS LT 1;187,00;;
VE;12837;ARIUS SYSTEM PLUS x 1 lt;160,00;;
VE;12837;;129,00;;
VE;12837;ARIUS SYSTEM PLUS X 1LT # CLP;32,00;;
VE;12847;EAGLE;40,64;;
VE;12849;BENPROP PRO;145,00;;
VE;12857;PROREX X 0,5LT;8,00;;
VE;12858;PRODIGY SC X 1     NO ADR;34,00;;
VE;12858;PRODIGY x 1 lt;27,00;;
VE;12858;PRODIGY;2,00;;
VE;12859;BORNEO;3,86;;
VE;12859;BORNEO  X 0,10O LT;0,70;;
VE;12859;;0,38;;
VE;12859;ACARICIDA BORNEO ML40;0,20;;
VE;12859;BORNEO SC110 40 ML;0,20;;
VE;12859;BAYER BORNEO ML 5 #;0,07;;
VE;12859;BORNEO SC110 5 ML;0,02;;
VE;12860;MILBEKNOCK;0,24;;
VE;12862;CANTUS X 1KG CLP;626,00;;
VE;12862;CANTUS;557,00;;
VE;12862;CANTUS KG 1;15,00;;
VE;12862;CANTUS x 1,2 kg;8,40;;
VE;12862;CANTUS X KG 1;2,00;;
VE;12862;CANTUS *1KG.;1,00;;
VE;12863;FLORAMITE 240 SC DA ML.250;1,00;;
VE;12865;DANTOP 50WG X 0,2 KG;0,20;;
VE;12866;COLLIS X 1LT # CLP;199,00;;
VE;12866;COLLIS;182,00;;
VE;12866;COLLIS x 1 lt;28,00;;
VE;12866;COLLIS LT 1;13,00;;
VE;12866;;7,00;;
VE;12866;COLLIS *1LT;1,00;;
VE;12868;BELLIS;49,00;;
VE;12868;BELLIS X KG 1 # CLP;35,00;;
VE;12868;BELLIS x 1 kg;21,00;;
VE;12868;;1,00;;
VE;12869;SIGNUM;610,00;;
VE;12869;SIGNUM x 1 kg;397,00;;
VE;12869;SIGNUM DA KG 1;127,00;;
VE;12869;SIGNUM KG. 1;118,00;;
VE;12869;SIGNUM X 1KG  # CLP;65,00;;
VE;12869;SIGNUM  KG 1;21,00;;
VE;12869;SIGNUM KG 1;1,00;;
VE;12878;RIDOMIL GOLD COMBI PEP X 5KG # CLP;5.870,00;;
VE;12878;RIDOMIL GOLD COMBI PEPITE;5.805,00;;
VE;12878;;310,00;;
VE;12878;RIDOMIL GOLD COMBI PEP X 1KG # CLP;257,00;;
VE;12878;RIDOMIL GOLD COMBI PEPITE x 5 kg;220,00;;
VE;12878;RIDOMIL GOLD COMBI pepite *5KG;40,00;;
VE;12878;RIDOMIL GOLD COMBI PEPITE DA;25,00;;
VE;12878;RIDOMIL GOLD COMBI PEPITE KG 1;8,00;;
VE;12878;RIDOMIL GOLD COMBI PEPITE x 1 kg;8,00;;
VE;12878;RIDOMIL GOLD COMBI PEP X 5KG;5,00;;
VE;12880;ATLANTIS WG;146,50;;
VE;12880;ATLANTIS WG X 2KG;74,00;;
VE;12880;;45,00;;
VE;12880;ATLANTIS WG  DA GR 500;33,00;;
VE;12880;ATLANTIS WG x 0,5 kg;12,50;;
VE;12880;ATLANTIS WG X 0,5KG;6,50;;
VE;12881;HUSSAR MAXX;34,80;;
VE;12881;HUSSAR MAXX GR.600;20,40;;
VE;12881;;2,40;;
VE;12881;HUSSAR MAXX   X 0,600;2,40;;
VE;12883;PROSPER 300 CS;1.530,00;;
VE;12883;PROSPER 300CS X 5LT # CLP;115,00;;
VE;12883;PROSPER 300 CS x 1 lt;114,00;;
VE;12883;PROSPER 300CS X 1LT  # CLP;77,00;;
VE;12883;;13,00;;
VE;12884;BATAM;91,00;;
VE;12886;KARATHANE STAR;369,00;;
VE;12886;KARATHANE STAR X 1LT  # CLP;60,00;;
VE;12886;;23,00;;
VE;12886;KARATHANE STAR x 1 lt;12,00;;
VE;12886;KARATHANE STAR LT1;11,00;;
VE;12888;LEPINOX PLUS x 1 kg;30,00;;
VE;12888;LEPINOX PLUS DA KG. 1;4,00;;
VE;12888;LEPINOX PLUS;2,00;;
VE;12889;PICKER SC ML.200;2,00;;
VE;12903;DOLESE WG;105,00;;
VE;12916;CYMONE 25 WP  X  1;15,00;;
VE;12916;CYMONE 25 WP;1,00;;
VE;12918;CALYPSO GIARDINI SE ML 100;0,30;;
VE;12920;AGORA SC x 1 lt;25,00;;
VE;12924;JUPITER WG;190,00;;
VE;12924;JUPITER WG KG 1;36,00;;
VE;12924;JUPITER WG *1Kg;31,00;;
VE;12924;JUPITER WG DA KG.1;20,00;;
VE;12933;MOXYL 20 WP x 1 kg;108,00;;
VE;12933;MOXYL 20 WP;14,00;;
VE;12940;KARATE ZEON 1.5;415,19;;
VE;12940;KARATE ZEON 1.5 DA LT. 1;120,00;;
VE;12940;KARATE ZEON 1.5  LT0,5;97,00;;
VE;12940;KARATE ZEON 1.5 x 1 lt;75,00;;
VE;12940;KARATE ZEON 1.5 DA ML.500;54,50;;
VE;12940;;28,00;;
VE;12940;KARATE WITH ZEON TECH 1,5 X 0,5LT #;14,00;;
VE;12940;KARATE ZEON 1,5  500 ML;13,00;;
VE;12940;KARATE ZEON TECH 1,5 LT 0,5;6,00;;
VE;12940;KARATE WITH ZEON TECH 1,5 X 1LT # C;2,00;;
VE;12949;AZUPEC 80 WG;225,00;;
VE;12972;GLYFOS DAKAR;30,00;;
VE;12973;GLYFOS RAPID X 20LT # 22-11-2016;4.760,00;;
VE;12973;;110,00;;
VE;12973;GLYFOS RAPID;60,00;;
VE;13005;PROMAG;2,20;;
VE;13012;FOLVIT 80 WDG x 5 kg;6.120,00;;
VE;13020;MICRORAM 35 WG;497,85;;
VE;13020;;5,35;;
VE;13020;MICRORAM 35 WG GR 200;4,80;;
VE;13025;MYSTIC 250 EW x 1 lt;10,00;;
VE;13039;POTCLEAN 2G;18,00;;
VE;13042;MICRORAM 20 FLOW LT 1;2,00;;
VE;13042;MICRORAM 20 FLOW;0,50;;
VE;13055;MACHO X 5LT CLP;730,00;;
VE;13055;MACHO LT 5;170,00;;
VE;13055;MACHO X 5LT;160,00;;
VE;13055;MACHO X 1LT CLP;141,00;;
VE;13055;;26,00;;
VE;13055;MACHO;22,00;;
VE;13055;MACHO x 5 lt;10,00;;
VE;13055;MACHO DA LT. 1 -13055-;2,00;;
VE;13055;MACHO X 1LT;1,00;;
VE;13058;OSSIRAM 20 FLOW;131,50;;
VE;13058;OSSIRAM 20 SC;20,25;;
VE;13058;;8,75;;
VE;13058;OSSIRAM XXFLOW;7,75;;
VE;13061;BIOBIT DF X 1KG;19,00;;
VE;13061;BIOBIT DF;17,00;;
VE;13062;DIPEL DF x 1 kg;31,00;;
VE;13063;REGULEX 10SG X 100GR;1,30;;
VE;13063;REGULEX 10 SG;0,17;;
VE;13064;VITENE ULTRA SC X 1LT #;1.075,00;;
VE;13064;;136,00;;
VE;13064;VITENE ULTRA SC;70,00;;
VE;13065;DOMARK 125 x 1 lt;168,00;;
VE;13065;DOMARK 125;74,00;;
VE;13065;DOMARK 125 X 1LT CLP;41,00;;
VE;13065;DOMARK 125 ml 250;33,50;;
VE;13065;DOMARK 125 X 0,250;2,00;;
VE;13065;;0,50;;
VE;13068;NEORAM WG;4,00;;
VE;13071;SIAFEN x 0,5 lt;56,00;;
VE;13071;Siafen;1,00;;
VE;13081;NISSORUN;58,50;;
VE;13083;CURZATE EFFE;110,00;;
VE;13083;CURZATE EFFE X LT 5  #;10,00;;
VE;13084;TELDOR PLUS;200,70;;
VE;13084;TELDOR PLUS x 1 lt;164,00;;
VE;13084;TELDOR PLUS X 5LT CLP;35,00;;
VE;13084;TELDOR PLUS x 5 lt;30,00;;
VE;13084;TELDOR PLUS X 1LT CLP;26,00;;
VE;13084;TELDOR PLUS LT.1;13,00;;
VE;13084;TELDOR PLUS LT 1;11,00;;
VE;13084;;2,20;;
VE;13084;TELDOR PLUS ML 100;1,70;;
VE;13084;TELDOR PLUS DA LT 1;1,00;;
VE;13084;BAYER TELDOR PLUS ML 100;0,90;;
VE;13093;STOMP AQUA;3.176,00;;
VE;13093;STOMP AQUA X 5LT # CLP;985,00;;
VE;13093;STOMP AQUA x 5 lt;550,00;;
VE;13093;STOMP AQUA x 1 lt;519,00;;
VE;13093;STOMP AQUA X 10LT # CLP;180,00;;
VE;13093;STOMP AQUA DA LT. 1;133,00;;
VE;13093;STOMP AQUA X 1LT # CLP;125,00;;
VE;13093;DISERBANTE STOMP AQUA LT 5;111,00;;
VE;13093;STOMP AQUA DA LT 1;81,00;;
VE;13093;;76,00;;
VE;13093;STOMP AQUA DA LT 5;70,00;;
VE;13093;STOMP AQUA x 10 lt;70,00;;
VE;13093;STOMP AQUA DA LT. 5;50,00;;
VE;13093;STOMP AQUA LT 1;2,00;;
VE;13098;ROUNDUP POWER 2.0;7.004,00;;
VE;13098;;479,00;;
VE;13098;ROUNDUP POWER 2.0 X 20LT CLP;140,00;;
VE;13098;ROUNDAP POWER 2.0 LT 1;59,00;;
VE;13098;ROUNDAP POWER 2.0 LT 5;55,00;;
VE;13098;ROUNDUP POWER 2.0 DA LT 20;40,00;;
VE;13106;IKANOS x 1 lt;402,00;;
VE;13106;IKANOS x 5 lt;400,00;;
VE;13106;IKANOS;3,00;;
VE;13108;CURAME BORDEAUX;133,00;;
VE;13108;CURAME BORDEAUX KG 1;90,00;;
VE;13111;THIOCUR FORTE;977,38;;
VE;13111;THIOCUR FORTE X LT 1 CLP NO ADR;48,00;;
VE;13111;THIOCUR FORTE X LT 5 NO ADR CLP;20,00;;
VE;13111;THIOCUR FORTE LT 1;10,00;;
VE;13111;THIOCUR FORTE x 1 lt;8,00;;
VE;13111;KB THIOCUR FORTE 10 ML;0,36;;
VE;13116;;9,00;;
VE;13120;MYSTIC 430 SC x 1 lt;62,00;;
VE;13126;CABRIO DUO;103,00;;
VE;13126;CABRIO DUO X 1LT # CLP;34,00;;
VE;13126;CABRIO DUO LT 1;24,00;;
VE;13126;CABRIO DUO x 5 lt;20,00;;
VE;13126;CABRIO DUO x 1 lt;19,00;;
VE;13126;CABRIO DUO DA LT 1;8,00;;
VE;13126;CABRIO DUO LT. 1;4,00;;
VE;13127;VALIS F KG.5 (2  XN);55,00;;
VE;13128;GOLTIX 50 WG;531,00;;
VE;13128;GOLTIX 50 X 5KG #;440,00;;
VE;13128;GOLTIX 50 X 1KG #;121,00;;
VE;13128;;30,00;;
VE;13128;GOLTIX 50WG DA KG 1;27,00;;
VE;13128;GOLTIX 50 WG *5Kg;15,00;;
VE;13128;GOLTIX 50 WG DA KG 5;15,00;;
VE;13143;MEZENE WG;232,00;;
VE;13149;POLTIGLIA 20% WG X 25KG MANICA(DISP;3.025,00;;
VE;13149;POLTIGLIA MANICA 20 WG;441,00;;
VE;13149;POLTIGLIA BORDOLESE20% WG KG.1;380,00;;
VE;13149;POLTIGLIA 20% WG X 10KG MANICA (DIS;180,00;;
VE;13149;;149,00;;
VE;13149;POLTIGLIA BORDOLESE WG 10 KG.;50,00;;
VE;13149;POLTIGLIA BORDOLESE WG20 KG.25;50,00;;
VE;13149;POLTIGLIA 20% WG KG 1;30,00;;
VE;13153;BANVEL S x 5 lt;1.165,00;;
VE;13153;BANVEL S x 1 lt;674,00;;
VE;13153;BANVEL S;10,00;;
VE;13154;MONDAK 480 S LT.1;330,00;;
VE;13154;MONDAK 480S X 1LT;216,00;;
VE;13154;MONDAK 480 S;133,00;;
VE;13154;DISERBANTE MONDAK 480S LT1;51,00;;
VE;13154;;22,00;;
VE;13158;REMEDIER X 1 KG;73,00;;
VE;13158;REMEDIER;31,00;;
VE;13158;REMEDIER KG1;4,00;;
VE;13160;FORUM TOP;3.763,00;;
VE;13160;FORUM TOP X 10KG #;1.650,00;;
VE;13160;FORUM TOP x 10 kg;630,00;;
VE;13160;FORUM TOP  1 KG;360,00;;
VE;13160;FORUM TOP X 1KG #;155,00;;
VE;13160;;10,00;;
VE;13167;POMARSOL 80WG X 10KG # CLP;1.300,00;;
VE;13167;POMARSOL 80 WG;583,00;;
VE;13167;POMARSOL 80 WG KG10;50,00;;
VE;13167;POMARSOL 80 WG DA KG.10;30,00;;
VE;13167;POMARSOL 80 WG DA KG 1;5,00;;
VE;13167;;1,00;;
VE;13168;LAUDIS;5.120,00;;
VE;13168;LAUDIS x 5 lt;4.220,00;;
VE;13168;LAUDIS DA LT 5;2.905,00;;
VE;13168;LAUDIS X 5LT;705,00;;
VE;13168;;486,00;;
VE;13168;LAUDIS DA LT 1;348,00;;
VE;13168;LAUDIS x 1 lt;337,00;;
VE;13168;LAUDIS X 1LT;134,00;;
VE;13168;LAUDIS *1Lt;21,00;;
VE;13168;DISERBANTE LAUDIS LT 1;2,00;;
VE;13179;PLAYER COMBI SC;42,00;;
VE;13179;PLAYER COMBI SC LT 1;17,00;;
VE;13182;RAMSOL-F2;25,00;;
VE;13186;TITUS MAIS EXTRA x 160 gr;33,12;;
VE;13186;TITUS MAIS EXTRA X 160GR #;19,36;;
VE;13186;TITUS MAIS EXTRA 10X160 GR;14,40;;
VE;13186;TITUS MAIS EXTRA GR.160;7,68;;
VE;13186;TITUS MAIS EXTRA;7,46;;
VE;13205;ZOLFO SEMPLICE SCORREVOLE X 25;1.950,00;;
VE;13205;ZOLFO MANICA SCORREVOLE DOPPIO RAFF;900,00;;
VE;13205;ZOLFO SCORR.DOPP.RAF. x 25 kg;400,00;;
VE;13205;;125,00;;
VE;13205;ZOLFO SEMPLICE SCORREVOLE X 10;30,00;;
VE;13205;ZOLFO VENTILATO KG 1;3,00;;
VE;13212;CONFIDOR 200 O-TEQ;22,97;;
VE;13212;CONFIDOR O-TEQ ML 500;4,00;;
VE;13212;CONFIDOR 200 O-TEQ x 0,5 lt;3,50;;
VE;13212;CONFIDOR 200 O-TEQ ML.75;1,05;;
VE;13212;CONFIDOR 200 O-TEQ x 0,2 lt;0,60;;
VE;13213;R6 ERRESEI ALBIS;2.354,00;;
VE;13213;R6 ALBIS X 10KG # CLP;1.130,00;;
VE;13213;R6 ERRESEI ALBIS x 10 kg;200,00;;
VE;13213;;129,00;;
VE;13213;R6 ALBIS *10Kg;100,00;;
VE;13213;R6 ERRESEI ALBIS x 1 kg;63,00;;
VE;13213;R6 ALBIS *1Kg;43,00;;
VE;13213;R6 ALBIS X 1KG # CLP;32,00;;
VE;13218;FINALSAN PLUS;480,00;;
VE;13218;;20,00;;
VE;13222;DUO-KAR 4,5 EW PRO X 5  NO ADR;1.605,00;;
VE;13222;DUO-KAR 4,5 EW PRO X 1  NO ADR;256,00;;
VE;13222;;129,00;;
VE;13222;DUOKAR 4,5 EW PRO;26,00;;
VE;13222;DUO-KAR 4,5 EW PRO;2,00;;
VE;13236;BULLET;733,00;;
VE;13236;BULLET *1Lt;400,00;;
VE;13236;;151,00;;
VE;13236;BULLET *5Lt;70,00;;
VE;13242;NICOGAN V.O.;98,00;;
VE;13242;NICOGAN V.O. LT. 1 -13242-;9,00;;
VE;13242;NICOGAN VO X 1LT #;1,00;;
VE;13244;ZOLFO VENTILATO STELLA;185,00;;
VE;13249;ZOLFO RAMATO 5% X 25;2.250,00;;
VE;13249;ZOLFO VENT.STELLA RAMATO 5% x 25 kg;1.125,00;;
VE;13249;ZOLFO RAMATO 5% X 10;160,00;;
VE;13249;ZOLFO VENTILATO STELLA RAMATO S;150,00;;
VE;13250;ZOLFO VENTILATO STELLA RAMATO B;140,00;;
VE;13253;PLAYER SC X 20 LT;1.300,00;;
VE;13255;PLAYER GR;131,00;;
VE;13256;BIOLARV;12,00;;
VE;13263;BORDORAM 20 WG;5,00;;
VE;13263;BORDORAM 20 WG GR 500;4,00;;
VE;13267;IMPERO;40,00;;
VE;13290;ZOLFO MANICA DOPPIO RAFFINATO VENTI;100,00;;
VE;13290;ZOLFO RAMATO 3% x 10Kg.;20,00;;
VE;13296;POKER 7,5;1.779,00;;
VE;13298;QUANTUM F;675,00;;
VE;13299;MAGIO';13,00;;
VE;13313;CASPER;224,00;;
VE;13313;CASPER x 1 kg;82,00;;
VE;13313;CASPER X 1  # CLP;53,00;;
VE;13313;CASPER KG 1;21,00;;
VE;13313;DISERBANTE CASPER KG 1;9,00;;
VE;13313;CASPER *1Kg;3,00;;
VE;13313;;2,00;;
VE;13313;CASPER DA KG 1;1,00;;
VE;13323;SULFY 80 WDG;161,30;;
VE;13323;OIDIO ZOLFO SULFY80 WDG 200 GR;24,00;;
VE;13323;SULFY 80 WDG X 200GR;2,40;;
VE;13324;CUPRIZOL S;13,25;;
VE;13324;VEBI CUPRIZOL S 250 ML;11,25;;
VE;13324;CUPRIZIOL S  ML 250;9,50;;
VE;13327;GRANSTAR ULTRA SX;84,36;;
VE;13327;GRANSTAR ULTRA SX X 200GR # CLP;31,39;;
VE;13327;GRANSTAR ULTRA SX x 200 gr;30,20;;
VE;13327;GRANSTAR ULTRA SX x 50 gr;30,15;;
VE;13327;GRANSTAR ULTRA SX10X200G JAR;15,80;;
VE;13327;GRANSTAR ULTRA SX DA 50 GR;7,70;;
VE;13327;GRANSTAR ULTRA SX 10X50G;6,80;;
VE;13327;GRANSTAR ULTRA SX gr 200;5,20;;
VE;13327;;3,25;;
VE;13327;GRANSTAR ULTRA SX X 50GR # CLP;1,90;;
VE;13327;GRANSTAR ULTRA SX gr 50;1,00;;
VE;13327;GRANSTAR ULTRA X 50GR #;0,85;;
VE;13352;DIREX 7,5 GR;1.113,00;;
VE;13352;DIREX 7,5 GR KG 1 ANTIFOR. BAR;220,00;;
VE;13352;DIREX 7,5 G BUSTA KG 1;25,00;;
VE;13361;DECIS ENERGY O-TEQ;46,81;;
VE;13361;DECIS ENERGY O-TEC X 1LT #;31,00;;
VE;13361;DECIS ENERGY DA LT 1;14,00;;
VE;13361;DECIS ENERGY O-TEQ ML.100;9,60;;
VE;13361;DECIS ENERGY O-TEQ x 1 lt;9,00;;
VE;13361;DECIS ENERGY O-TEQ ml 250;3,50;;
VE;13361;BAYER DECIS ENERGY 85 O-TEC 100 ML;2,50;;
VE;13361;;2,30;;
VE;13365;ZOLFO DOPPIO VENTILATO SCORREVOLE 9;17,00;;
VE;13370;WARRANT 200 SL;3,25;;
VE;13375;NUPRID 200 SC;4,09;;
VE;13375;NUPRID 200 SC x 0,25 lt;1,00;;
VE;13375;;0,12;;
VE;13378;ORTIVA TOP x 1 lt;53,00;;
VE;13378;ORTIVA TOP DA LT 1;10,00;;
VE;13378;ORTIVA TOP SC X 1LT #;7,00;;
VE;13378;ORTIVA TOP;1,00;;
VE;13382;PERGADO SC;410,50;;
VE;13382;PERGADO SC X 1LT CLP;33,00;;
VE;13382;;11,00;;
VE;13382;PERGADO SC x 0,5 lt;10,00;;
VE;13382;PERGADO SC X 0,5LT;8,00;;
VE;13382;PERGADO SC 20 DA ML500;3,00;;
VE;13382;PERGADO SC X 0,5 LT CLP;2,00;;
VE;13386;PROSARO;1.218,50;;
VE;13386;PROSARO X 5LT CLP;930,00;;
VE;13386;PROSARO X 1LT CLP;313,00;;
VE;13386;PROSARO DA LT 1;229,00;;
VE;13386;PROSARO DA LT 5;200,00;;
VE;13386;;147,00;;
VE;13386;PROSARO x 5 lt;130,00;;
VE;13386;PROSARO X 1LT;11,00;;
VE;13386;PROSARO X 5LT;10,00;;
VE;13386;PROSARO LT 1;9,00;;
VE;13386;PROSARO *1Lt;8,00;;
VE;13387;FLORAMIX;112,36;;
VE;13387;FLORAMIX X 530GR #;49,82;;
VE;13387;;16,43;;
VE;13387;FLORAMIX x 0,530 kg;14,84;;
VE;13387;DISERBANTE FLORAMIX  530 GR;11,66;;
VE;13387;FLORAMIX gr 530;10,07;;
VE;13387;FLORAMIX DA GR 530;9,01;;
VE;13389;AFFIRM X 10KG  CLP;2.251,00;;
VE;13389;AFFIRM;925,00;;
VE;13389;AFFIRM x 10 kg;340,00;;
VE;13389;AFFIRM X 1KG  CLP;139,00;;
VE;13389;AFFIRM 10 DA KG 1;107,00;;
VE;13389;AFFIRM x 5 kg;95,00;;
VE;13389;AFFIRM x 1 kg;88,00;;
VE;13389;AFFIRM KG. 1;80,00;;
VE;13389;AFFIRM X 5KG;75,00;;
VE;13389;;57,00;;
VE;13389;AFFIRM DA LT 5;40,00;;
VE;13389;AFFIRM KG. 5;25,00;;
VE;13389;AFFIRM DA KG. 10;20,00;;
VE;13389;AFFIRM X 1KG;18,00;;
VE;13389;AFFIRM KG 1;12,00;;
VE;13390;TEBUSIP 46 X 5LT;45,00;;
VE;13390;TEBUSIP 46;18,00;;
VE;13391;CYTHRIN 50 EC;37,89;;
VE;13394;IMIDASECT X 0,25LT;4,75;;
VE;13394;IMIDASECT;1,25;;
VE;13409;SILFUR WG (80%) x 10 kg;150,00;;
VE;13409;SILFUR WG (80%) x 1 kg;32,00;;
VE;13410;FRUTTENE 76WG  KG20;60,00;;
VE;13410;FRUTTENE 76WG X 20KG;60,00;;
VE;13410;FRUTTENE 76WG X 5KG;45,00;;
VE;13410;FRUTTENE 76 WG DA KG 20;20,00;;
VE;13410;FRUTTENE 76 WG DA KG. 1;17,00;;
VE;13410;FRUTTENE 76WG X 1KG;1,00;;
VE;13430;TENOR SC;293,00;;
VE;13440;SATEL 100 ML;4,80;;
VE;13440;SATEL;4,47;;
VE;13440;SATEL *25 cc.;4,00;;
VE;13440;SATEL 25 ML;0,30;;
VE;13443;FUNGIBEN;1,20;;
VE;13451;SPARVIERO X 1LT # CLP;315,00;;
VE;13451;SPARVIERO DA LT 1;62,00;;
VE;13451;SPARVIERO;36,00;;
VE;13451;SPARVIERO X 0,25LT #;27,75;;
VE;13451;;9,00;;
VE;13451;SPARVIERO X 1LT #;8,00;;
VE;13451;SPARVIERO LT 0,25;4,50;;
VE;13455;ANTIGRAM GOLD;79,00;;
VE;13455;ANTIGRAM GOLD x 5 lt;10,00;;
VE;13455;ANTIGRAM GOLD x 1 lt;1,00;;
VE;13466;SPOTLIGHT PLUS;431,00;;
VE;13466;SPOTLIGHT PLUS X 5LT # CLP;210,00;;
VE;13466;SPOTLIGHT PLUS X 1LT # CLP;71,00;;
VE;13466;SPOTLIGHT PLUS X 1 LT #;8,00;;
VE;13466;SPOTLIGHT PLUS x 0,5 lt;3,00;;
VE;13466;SPOT LIGHT PLUS LT.1;2,00;;
VE;13468;CLINER;21,75;;
VE;13468;;12,00;;
VE;13468;CLINER 100 ML;4,20;;
VE;13472;ALIEN  X 5LT CLP;160,00;;
VE;13472;ALIEN X 1LT;61,00;;
VE;13472;;58,00;;
VE;13472;ALIEN;32,00;;
VE;13486;JUDO X 1LT #;88,70;;
VE;13486;JUDO;13,50;;
VE;13489;CYMBAL 45 WG x 0,5 kg;30,50;;
VE;13489;CYMBAL;3,00;;
VE;13489;CYMBALL 45 WG KG 0,5;1,50;;
VE;13505;CLICK DUO X LT 1;35,00;;
VE;13505;CLICK DUO X LT 5;10,00;;
VE;13521;;191,00;;
VE;13521;HELIOCUIVRE S;4,00;;
VE;13522;SPIDER KILL;0,61;;
VE;13540;;234,00;;
VE;13540;QUASAR R FLOW;70,00;;
VE;13540;QUASAR R FLOW LT 1;27,00;;
VE;13540;QUASAR R FLOW X 10LT #;20,00;;
VE;13540;QUASAR R FLOW 250 ML;10,75;;
VE;13540;VEBI QUASAR R FLOW 250 ML;6,25;;
VE;13551;GIOVE;20,00;;
VE;13552;;771,00;;
VE;13552;ZOLVIS 80 SECTOR;184,00;;
VE;13552;ZOLVIS 80 SECTOR KG 1;80,00;;
VE;13552;ZOLVIS 80 SECTOR KG 10;30,00;;
VE;13555;SHUT TWIN;290,00;;
VE;13555;;35,00;;
VE;13560;FORZA;4,00;;
VE;13565;PASTA ISAGRO BLU;43,00;;
VE;13576;RAMEPLANT WG;491,60;;
VE;13578;RAME CAFFARO BLU WG NEW;668,00;;
VE;13578;RAME CAFFARO BLU WG NEW X 1KG;48,00;;
VE;13578;;12,00;;
VE;13579;VEBI COPPER 12 X 1 LT;94,00;;
VE;13579;COPPER 12 *500 ML.;68,00;;
VE;13579;VEBI COPPER 12 500 ML;65,00;;
VE;13579;COPPER 12;54,50;;
VE;13579;COPPER 12 *1 LT.;35,00;;
VE;13579;COPPER 12  ML 250;2,50;;
VE;13581;TIOGEL 80 WDG;313,00;;
VE;13585;SOLOFOL;1.730,00;;
VE;13585;SOLOFOL X 10 KG;1.320,00;;
VE;13585;SOLOFOL X 5 KG;5,00;;
VE;13586;VERDERAME 20 WG;214,40;;
VE;13592;VOLARE x 1 lt;64,00;;
VE;13592;VOLARE;42,25;;
VE;13592;VOLARE X 1LT #;9,00;;
VE;13592;;0,25;;
VE;13592;BAYER VOLARE 50 ML # CLP;0,10;;
VE;13593;TELLUS X 1KG;173,00;;
VE;13600;ZOLFO S.A.I.M. DOPPIO VENT. x 10 kg;70,00;;
VE;13604;ZOLFO S.A.I.M. RAMATO 5% x 25 kg;525,00;;
VE;13604;ZOLFO S.A.I.M. RAMATO 5% KG 10;10,00;;
VE;13607;NOBIL;0,75;;
VE;13610;CLINIC SPECTRUM;1,10;;
VE;13610;CLINIC SPECTRUM 4X25 ML;0,05;;
VE;13635;POLTIGLIA 20 PB MANICA;558,00;;
VE;13635;VEBI POLTIGLIA 20 PB 1 KG;160,00;;
VE;13635;POLTIGLIA MAN.20PB KG 10;70,00;;
VE;13635;;2,00;;
VE;13637;PERGADO F;1.943,00;;
VE;13637;PERGADO F X 5KG  # CLP;550,00;;
VE;13637;PERGADO F X 5KG  #;200,00;;
VE;13637;PERGADO F x 5 kg;170,00;;
VE;13637;PERGADO F X 1KG  #;55,00;;
VE;13637;;16,00;;
VE;13637;PERGADO F DA KG 5;15,00;;
VE;13639;ACRAMITE 480 SC x 0,100 lt;0,40;;
VE;13640;IMPRINT;31,25;;
VE;13640;IMPRINT ML. 100;0,30;;
VE;13648;SIARAM 20 WG x 20 kg;1.800,00;;
VE;13648;SIARAM 20 WG x 10 kg;630,00;;
VE;13648;SIARAM 20 WG x 1 kg;228,00;;
VE;13651;SPECTRO;7,00;;
VE;13667;AFIDANE 200 SL;2,00;;
VE;13683;COMPO DUAXO PRONTO USO;0,75;;
VE;13689;FLINT MAX X 500GR #;14,00;;
VE;13689;;0,50;;
VE;13689;FLINT MAX GR. 500;0,50;;
VE;13691;;114,00;;
VE;13698;VIVANDO;393,75;;
VE;13698;VIVANDO 50 SC X 1 CLP;283,00;;
VE;13698;VIVANDO x 1 lt;55,00;;
VE;13698;VIVANDO LT 1;39,25;;
VE;13698;;10,00;;
VE;13698;VIVANDO x 0,25 lt;6,75;;
VE;13698;VIVANDO X 0,25LT CLP;6,50;;
VE;13698;VIVANDO *1Lt;6,00;;
VE;13698;VIVANDO ML 250;1,50;;
VE;13698;VIVANDO 50 SC X 0,1LT;0,90;;
VE;13702;GEOTOX 7,5 C;1.711,80;;
VE;13702;GEOTOX 7,5C  KG 1;75,00;;
VE;13702;;55,00;;
VE;13707;IMPACT SUPREME;2.363,00;;
VE;13707;IMPACT SUPREME X 5LT # CLP;965,00;;
VE;13707;IMPACT SUPREME X 5LT #;220,00;;
VE;13707;IMPACT SUPREME x 5 lt;40,00;;
VE;13707;IMPACT SUPREME X 1LT # CLP;33,00;;
VE;13707;IMPACT SUPREME X 1LT #;22,00;;
VE;13707;IMPACT SUPREME x 1 lt;2,00;;
VE;13709;U 46 PRATI x 1 lt;36,00;;
VE;13719;THIAMON PLUS X 25KG CLP;13.725,00;;
VE;13719;THIAMON PLUS X 25KG;2.275,00;;
VE;13719;THIAMON 80 PLUS KG.25;75,00;;
VE;13721;AFIDINA QUICK;66,21;;
VE;13721;AFIDINA QUICK X 1LT;9,00;;
VE;13721;AFIDINA QUICK 20ML;0,04;;
VE;13722;CAL-EX 1.9 EC X 5LT#;75,00;;
VE;13722;CAL-EX 1.9 EC X 1LT #;6,00;;
VE;13722;CAL-EX 1.9 EC x 1 lt;3,00;;
VE;13736;TRACE ml 750;21,75;;
VE;13736;TRACE   x 0,750;9,75;;
VE;13736;TRACE;2,25;;
VE;13741;SELECTA DISPERSS X 1 KG # CLP;406,00;;
VE;13741;SELECTA DISPERSS X 4 KG #;8,00;;
VE;13742;PERGADO MZ;493,00;;
VE;13742;PERGADO MZ X 10KG XN #;340,00;;
VE;13742;PERGADO MZ X 1KG  XN #;49,00;;
VE;13742;;21,00;;
VE;13742;PERGADO MZ x 10 kg;10,00;;
VE;13742;PERGADO MZ X 5KG  XN #;5,00;;
VE;13742;PERGADO MZ DA KG 1;3,00;;
VE;13742;PERGADO MZ  KG 1;1,00;;
VE;13743;KUKAR 22;2,00;;
VE;13765;;19,00;;
VE;13771;NIMROD 250EW X 1LT #;568,00;;
VE;13771;NIMROD 250 EW;82,00;;
VE;13771;NIMROD 250 EW x 1 lt;4,00;;
VE;13784;RIVIERA MZ;259,00;;
VE;13785;QUANTUM MZ x 5 kg;440,00;;
VE;13785;QUANTUM MZ (IDRO) x 5 kg;205,00;;
VE;13785;QUANTUM MZ;202,00;;
VE;13785;;70,00;;
VE;13785;QUANTUM MZ X 5KG XN #;30,00;;
VE;13785;QUANTUM MZ IDRO X 1KG #;1,00;;
VE;13786;QUANTUM R;405,00;;
VE;13786;QUANTUM R X 5KG CLP #;10,00;;
VE;13786;QUANTUM R GR 100;1,20;;
VE;13786;;1,00;;
VE;13787;RIVIERA R;38,00;;
VE;13791;GEATER-STAR;53,70;;
VE;13792;STABILAN;7,00;;
VE;13792;STABILAN LT. 1 - 13792 -;1,00;;
VE;13793;RUNNER M X 5LT # CLP;260,00;;
VE;13793;RUNNER M;97,00;;
VE;13793;RUNNER M LT. 1;38,00;;
VE;13793;RUNNER M LT 1;37,00;;
VE;13793;RUNNER M X 5LT #;25,00;;
VE;13793;RUNNER M LT. 5;10,00;;
VE;13793;RUNNER M X 1LT #;10,00;;
VE;13794;SPADA WDG X 5KG # CLP;760,00;;
VE;13794;SPADA WDG;358,00;;
VE;13794;SPADA WDG X 1KG # CLP;16,00;;
VE;13794;SPADA WDG GR 250 31-05-2017;5,50;;
VE;13797;ELIOS WG KG 1;1,00;;
VE;13815;TUTOR 18-15 KG 1;98,00;;
VE;13815;TUTOR 18-15;79,00;;
VE;13815;;12,00;;
VE;13820;BAYTEROID 25 EC X 1LT #;16,00;;
VE;13820;BAYTEROID 25 EC LT. 1;4,00;;
VE;13820;BAYTEROID 25 EC;2,00;;
VE;13823;ALVERDE LT 1;15,00;;
VE;13823;ALVERDE;13,61;;
VE;13823;ALVERDE 240 SC X 0,250LT;0,50;;
VE;13823;ZAPI ALVERDE 10 ML;0,02;;
VE;13823;;0,02;;
VE;13843;;22,00;;
VE;13843;ZELIG 480 EC;7,00;;
VE;13857;CRODIX GEO;2.556,00;;
VE;13857;CRODIX GEO WG DA KG 10;920,00;;
VE;13857;;210,00;;
VE;13858;;16,59;;
VE;13858;MEDIATOR EXTRA SL;7,71;;
VE;13858;MEDIATOR EXTRA SL ML 100;2,70;;
VE;13858;MEDIATOR EXTRA SL  50ML;2,30;;
VE;13858;MEDIATOR EXTRA INSETT.AFICIDA ML.50;0,70;;
VE;13858;MEDIATOR EXTRA SL 10 ML GREEN RAVEN;0,08;;
VE;13858;MEDIATOR EXTRA SL ml 10;0,01;;
VE;13859;MADEX 100;1,00;;
VE;13876;APACHE;5,00;;
VE;13876;APACHE LT 1;2,00;;
VE;13876;APACHE X 1LT;2,00;;
VE;13876;APACHE DA LT 1;1,00;;
VE;13877;KITT PRONTO;16,50;;
VE;13877;KITT PRONTO X 500ML;2,00;;
VE;13877;INSETT.KITT PRONTO 500 ZAPI ORTO;1,00;;
VE;13885;MICROCOPP NEUTRO FL x 1 lt;318,00;;
VE;13885;MICROCOPP NEUTRO FL x 10 lt;85,00;;
VE;13885;MICROCOPP NEUTRO FL X 10LT #;40,00;;
VE;13885;MICROCOPP NEUTRO FL X 1LT #;9,00;;
VE;13888;FANTIC F NC WG X 5 # CLP;170,00;;
VE;13901;VERDERAME 20 PB;1,25;;
VE;13905;BANJO X 1LT #;237,00;;
VE;13905;;31,00;;
VE;13905;BANJO x 1 lt;15,00;;
VE;13908;BORDOISAGRO WG *1Kg;14,00;;
VE;13925;BOGARD x 0,5 lt;86,00;;
VE;13926;SPONSOR;8,50;;
VE;13928;DYNAMEC EC;3,00;;
VE;13931;GEREPHON SL X 1LT;6,00;;
VE;13943;SINPHOSATE x 20 lt;1.020,00;;
VE;13943;;620,00;;
VE;13981;CORAGEN;398,80;;
VE;13981;TWIN PACK MAIS (CORAGEN 0,4+AVAUNT;380,80;;
VE;13981;CORAGEN X 0,5LT # CLP;270,00;;
VE;13981;CORAGEN x 0,300 lt;95,70;;
VE;13981;CORAGEN x 0,400 (+AVAUNT)TW.P MAIS;86,00;;
VE;13981;CORAGEN X 0,3LT # CLP;51,60;;
VE;13981;CORAGEN 20SC 20 X300ML BTL;43,50;;
VE;13981;CORAGEN ML. 400;38,00;;
VE;13981;TWIN PACK MAIS CORAGEN LT 0,4;33,60;;
VE;13981;;24,20;;
VE;13981;CORAGEN ml 400;21,00;;
VE;13981;CORAGEN ml 300;15,00;;
VE;13981;CORAGEN 20sc *300ml;13,00;;
VE;13981;TWIN PACK CORAGEN04+AVAUNT1;7,00;;
VE;13981;CORAGEN ML.300;2,70;;
VE;13981;COMBI PACK MAIS(CORAGEN 0,5+AVAUNT;1,75;;
VE;13981;CORAGEN 300ML;0,90;;
VE;13998;PYRUS 400 SC;87,30;;
VE;13998;PYRUS 400 *1Lt;11,00;;
VE;13998;PYRUS 400 SC ML 100;0,90;;
VE;14005;CLORTOSIP 500 SC X 5LT CLP;3.440,00;;
VE;14005;CLORTOSIP 500 SC;3.175,00;;
VE;14005;CLORTOSIP 500 SC x 5 lt;740,00;;
VE;14005;;205,00;;
VE;14005;CLORTOSIP 500 SC x 1 lt;93,00;;
VE;14005;CLORTOSIP 500 SC X 5LT;80,00;;
VE;14005;CLORTOSIP 500 SC DA LT 5;60,00;;
VE;14005;CLORTOSIP 500 SC X 1LT CLP;49,00;;
VE;14005;CLORTOSIP 500 SC DA LT 1;48,00;;
VE;14005;CLORTOSIP 500 SC X 1LT #;8,00;;
VE;14005;CLORTOSIP 500 SC  LT 1;1,00;;
VE;14011;PERLAX;1,00;;
VE;14021;BREK DUO x 5;480,00;;
VE;14023;SUPPORT 10EC X 1LT;92,00;;
VE;14024;PERFIL 10 WP x 0,5 kg;11,00;;
VE;14024;PERFIL 10WP X 0,5KG #;1,50;;
VE;14034;CURENOX TOP MICRO X 200GR;11,20;;
VE;14034;CURENOX TOP MICRO;4,40;;
VE;14036;FASTER WDG KG.1;8,00;;
VE;14042;SUPRAFOS EC;4,00;;
VE;14042;;3,00;;
VE;14044;JOKER 480;10,00;;
VE;14044;JOKER 480 x 1 lt;5,00;;
VE;14052;PRODEO 80 WG X 1 KG   NO ADR;27,00;;
VE;14052;PRODEO 80 WG;10,00;;
VE;14055;RAME IDROSSIDO FLOW LT 1;59,00;;
VE;14055;RAME IDROSSIDO FLOW AGRISYSTEM;10,00;;
VE;14058;FEINZIN 70 DF;129,75;;
VE;14058;FEINZIN 70 DF *250gr;109,00;;
VE;14058;FEINZIN 70 DF gr 250;15,00;;
VE;14062;ZOXIUM 240 SC x 1 lt;329,00;;
VE;14062;ZOXIUM 240 SC;129,00;;
VE;14062;ZOXIUM 240 SC X 5LT # CLP;40,00;;
VE;14062;;27,00;;
VE;14062;ZOXIUM 240 SC X 1LT # CLP;26,00;;
VE;14062;ZOXIUM DA LT. 1;5,00;;
VE;14062;ZOXIUM 240 SC X 1LT #;2,00;;
VE;14074;TRINEX 250 EW;6,80;;
VE;14074;KOL TRINEX 250 EW 100 ML. PER OIDIO;2,40;;
VE;14074;KOL TRINEX 250 EW 250 ML. PER OIDIO;2,25;;
VE;14074;TRINEX 250 EW X 100ML;1,10;;
VE;14076;CYPRUS 25 DF;24,30;;
VE;14077;CHAMP 20 DF x 10 kg;1.500,00;;
VE;14077;CHAMP 20 DF X KG 1 IDR.RAME;435,00;;
VE;14077;CHAMP 20 DF;170,00;;
VE;14077;CHAMP 20DF *10;50,00;;
VE;14080;;32,00;;
VE;14098;CRITTOX GD 75 x 10 kg;2.140,00;;
VE;14099;;10,00;;
VE;14100;KANEMITE X 1LT # CLP;76,00;;
VE;14100;KANEMITE LT 1;8,00;;
VE;14101;CARAMBA x 1 lt;1.259,00;;
VE;14101;CARAMBA X 1LT CLP;483,00;;
VE;14101;CARAMBA DA LT 1;188,00;;
VE;14101;CARAMBA LT 1;132,00;;
VE;14101;CARAMBA;127,00;;
VE;14101;CARAMBA X 1LT #;5,00;;
VE;14102;BORDOFLOW NEW X 10LT  #;240,00;;
VE;14102;BORDOFLOW NEW;150,00;;
VE;14102;BORDOFLOW NEW DA LT 10;120,00;;
VE;14119;VISIR PENCOTECH;30,00;;
VE;14123;;45,00;;
VE;14123;ZETARAM NEW TECH X 10KG #;40,00;;
VE;14123;ZETARAM NEW TECH DA KG 1;27,00;;
VE;14127;MEVAXIL COBRE X 250ML;1,00;;
VE;14127;MEVAXIL COBRE;0,50;;
VE;14130;PERSHING 44 EC LT 1;48,00;;
VE;14135;GRENADIER 75 DF;5,47;;
VE;14136;OBERON;3,00;;
VE;14136;OBERON x 0,5 lt;2,00;;
VE;14136;OBERON X 0,5LT #;1,50;;
VE;14137;ALTACOR x 300 gr;51,00;;
VE;14137;ALTACOR;17,10;;
VE;14137;ALTACOR x 100 gr;3,60;;
VE;14137;ALTACOR GR.100;2,20;;
VE;14137;ALTACOR 35WG X 300GR # CLP;1,80;;
VE;14137;ALTACOR 35WG X 100GR # CLP;0,90;;
VE;14137;ALTACOR GR 100;0,30;;
VE;14137;ALTACOR 100GR;0,20;;
VE;14154;PIRETRO ACTIGREEN;13,80;;
VE;14154;;2,66;;
VE;14154;BAYER ACTIGREEN PIRETRO 20 ML;1,00;;
VE;14154;BAYER PIRETRO ACTIGREEN ML 20;1,00;;
VE;14155;KOMPASS x 10 kg;810,00;;
VE;14156;CURZATE R WG;74,00;;
VE;14163;SARMOX 440 WG;59,00;;
VE;14163;SARMOX R 440 WG  *5Kg;45,00;;
VE;14164;TRIKA ZETA;5,00;;
VE;14165;NANDO MAXI X 1LT;28,00;;
VE;14165;NANDO MAXY x 1 lt;15,00;;
VE;14165;NANDO MAXI;3,00;;
VE;14168;SILWET VELONEX;14,00;;
VE;14169;PERGADO R;90,00;;
VE;14169;PERGADO R X 10KG;70,00;;
VE;14169;PERGADO R X 1KG;1,00;;
VE;14178;TRI-BASE;35,50;;
VE;14178;;3,60;;
VE;14178;TRI-BASE ML 250;3,20;;
VE;14184;GALATAS PLUS;2,00;;
VE;14187;SILWET FASTEX X 0,5LT    30.06.2017;7,00;;
VE;14193;SARMOX 45 DG;10,00;;
VE;14193;SARMOX 45 DG GR.500;4,00;;
VE;14195;KENDO WITH ZEON TECNOLOGY x 1 lt;230,00;;
VE;14240;PYR PRONTO X 750ML;11,25;;
VE;14245;GOLEM 0,25 L;1,00;;
VE;14248;CLOR QUICK;74,05;;
VE;14248;UNIVERSALE ABBATTENTE 100ML CLOR QU;24,00;;
VE;14248;UNIVERSALE ABBATTENTE 50 ML CLOR QU;24,00;;
VE;14248;;5,50;;
VE;14248;CLOR QUICK 100 ML ZAPI;2,20;;
VE;14248;CLOR QUICK X 50ML;0,15;;
VE;14254;BILO 7,5 C;70,00;;
VE;14257;UNDERLINE 0,2 G;10,00;;
VE;14262;GREENEX NF EW87,8 40 ML;33,00;;
VE;14262;GREENEX NF;8,41;;
VE;14262;GREENEX NF 250 ML;5,25;;
VE;14262;GREENEX NF 40 ML;1,36;;
VE;14262;GREENEX NF ML 40;0,28;;
VE;14281;BUCTRIL UNIVERSAL;262,00;;
VE;14281;BUCTRIL UNIVERSAL X 1LT #;8,00;;
VE;14290;KOHINOR 200SL X 1LT # CLP;213,00;;
VE;14290;KOHINOR 200 SL;92,87;;
VE;14290;KOHINOR 200 DA LT. 1;57,00;;
VE;14290;KOHINOR 200 DA LT. 0,250;30,00;;
VE;14290;KOHINOR 200 SL X 0,25 LT;28,00;;
VE;14290;KOL KOHINOR 200SL ML.100;15,50;;
VE;14290;KOL KOHINOR 200SL ML.50;10,25;;
VE;14290;KOHINOR 200 SL x 1 lt;8,00;;
VE;14290;KOHINOR 200 SL ML 200;5,40;;
VE;14290;KOL KOHINOR 200 SL DA 5 ML;3,75;;
VE;14290;KHOINOR 200 SL ML 50;2,90;;
VE;14290;KOHINOR 200 SL ML 100;2,40;;
VE;14290;;1,00;;
VE;14290;KOHINOR 200 SL ML 5;0,23;;
VE;14290;KOL KOHINOR 200SL ML.10;0,10;;
VE;14290;KOHINOR 200 SL X 5ML;0,08;;
VE;14294;;0,10;;
VE;14294;EXECUTIVE x 100 gr;0,10;;
VE;14333;DIMILIN SC 15 *1Lt;1,00;;
VE;14336;NEMATORIN 150 EC L.;12,00;;
VE;14336;NEMATHORIN 150 EC x 5 lt;5,00;;
VE;14336;NEMATHORIN 150EC X 1LT;4,00;;
VE;14336;NEMATHORIN 150 EC;2,00;;
VE;14342;VOLCAN COMBI SC X 5LT #;2.715,00;;
VE;14342;VOLCAN COMBI SC;1.047,00;;
VE;14342;VOLCAN COMBI SC x 5 lt;370,00;;
VE;14342;VOLCAN COMBI SC X 1LT #;248,00;;
VE;14342;;246,00;;
VE;14342;VOLCAN COMBI SC x 1 lt;29,00;;
VE;14350;ZOLFO RAMATO 5;14,00;;
VE;14363;U 46 GIARDEN;9,00;;
VE;14368;RESOLVA 24H;8,00;;
VE;14368;;6,00;;
VE;14369;RESOLVA 24H RTU;43,00;;
VE;14376;MASTER QUICK;0,80;;
VE;14381;PYRINET LT.5;20,00;;
VE;14381;PYRINET;2,50;;
VE;14384;ETOPROSIP G;15,00;;
VE;14387;NERVURE SUPER;5.773,00;;
VE;14387;NERVURE SUPER X 1LT CLP;3.803,00;;
VE;14387;DISERBANTE NERVURE SUPER LT1;1.345,00;;
VE;14387;;88,00;;
VE;14387;NERVURE SUPER X 1LT;1,00;;
VE;14389;DESSICASH 200 SL x 5 lt;35,00;;
VE;14405;MERLIN FLEXX;485,00;;
VE;14405;MERLIN FLEXX LT 2;18,00;;
VE;14405;MERLIN FLEXX X 2LT   #;14,00;;
VE;14405;;2,00;;
VE;14407;RUNWAY;10,85;;
VE;14407;RUNWAY X 0,5LT;8,00;;
VE;14407;;4,25;;
VE;14407;RUNWAY x 0,5 lt;3,00;;
VE;14407;RUNWAY ml 500;2,00;;
VE;14407;RUNWAY 500 ML ERBICIDA;0,50;;
VE;14409;MOVENTO 48 SC;508,53;;
VE;14409;MOVENTO 48SC X 5LT CLP;430,00;;
VE;14409;MOVENTO 48 SC x 5 lt;150,00;;
VE;14409;MOVENTO 48 SC x 1 lt;58,00;;
VE;14409;MOVENTO 48SC X 5LT;50,00;;
VE;14409;MOVENTO 48SC X 1LT;38,00;;
VE;14409;MOVENTO 48SC X 250 ML;5,75;;
VE;14409;MOVENTO 48SC *250ml;3,00;;
VE;14409;;3,00;;
VE;14409;MOVENTO 48SC X 50 ML;1,20;;
VE;14409;MOVENTO 48SC *50ml;1,00;;
VE;14409;MOVENTO ML 250;0,75;;
VE;14409;MOVENTO 48SC X 20ML;0,34;;
VE;14409;MOVENTO 48 SC ML 20;0,16;;
VE;14409;MOVENTO ML.50;0,05;;
VE;14414;DUSTY;84,15;;
VE;14414;KOL DUSTY OLIO BIANCO EMULS. 150 ML;0,60;;
VE;14418;PULSAR 40 SL;678,00;;
VE;14418;PULSAR 40 SL (IP) x 1 lt;171,00;;
VE;14418;PULSAR 40 SL (IP) x 5 lt;90,00;;
VE;14418;;55,00;;
VE;14418;PULSAR 40 SL DA LT. 1;37,00;;
VE;14418;PULSAR 40 SL (IP) DA LT 1;22,00;;
VE;14419;TRUST SC;3,75;;
VE;14419;TRUST SC ML 250;3,00;;
VE;14423;PRIMISOL 80 WDG;113,60;;
VE;14426;GEODIS;4,00;;
VE;14431;LENTAGRAN 45 WP x 1 kg;28,00;;
VE;14431;LENTAGRAN 45WP X 1KG;20,00;;
VE;14431;LENTAGRAN 45 WP;10,40;;
VE;14431;LENTAGRAN 45 WP KG 1;7,00;;
VE;14431;;4,00;;
VE;14431;LENTAGRAN 45 WP KG.1;2,00;;
VE;14432;METRIC;755,00;;
VE;14432;;223,00;;
VE;14432;METRIC X 5LT;15,00;;
VE;14432;METRIC X 1LT;1,00;;
VE;14434;NUANCE *20gr;14,00;;
VE;14434;NUANCE X 20 GRAMMI;13,28;;
VE;14434;NUANCE;3,98;;
VE;14434;;3,82;;
VE;14474;TEBUSIP COMBI X 10KG CLP;1.365,00;;
VE;14474;TEBUSIP COMBI KG 1;356,00;;
VE;14474;;81,00;;
VE;14474;TEBUSIP COMBI;64,75;;
VE;14474;TEBUSIP COMBI X 10KG  NO ADR;20,00;;
VE;14474;TEBUSIP COMBI X 1KG   NO ADR;10,00;;
VE;14474;TEBUSIP COMBI X 1KG CLP;6,00;;
VE;14474;TEBUSIP COMBI 50 GR;0,50;;
VE;14488;ANTRACOL 70 WG x 10 kg;100,00;;
VE;14488;ANTRACOL 70 WG;30,00;;
VE;14510;ELECTIS TRIO WDG X 10KG #;610,00;;
VE;14510;ELECTIS TRIO;106,00;;
VE;14510;ELECTIS TRIO WDG *4Kg;72,00;;
VE;14510;ELECTIS TRIO WDG *10Kg;70,00;;
VE;14510;ELECTIS TRIO WDG *1Kg;16,00;;
VE;14510;;4,00;;
VE;14510;ELECTIS TRIO X 4KG #;4,00;;
VE;14510;ELECTIS TRIO X 1KG #;2,00;;
VE;14514;BOOSTER;142,00;;
VE;14525;MAROX SX x 100 gr;121,00;;
VE;14527;SUDOKU TOP X 1LT;3,00;;
VE;14550;HOOK 480 PLUS;174,00;;
VE;14559;AGREE WG X 1KG CLP;10,00;;
VE;14559;AGREE WG;4,00;;
VE;14575;TRIMMER SX X 100GR;0,70;;
VE;14575;TRIMMER SX x 20 gr;0,12;;
VE;14575;TRIMMER SX;0,06;;
VE;14577;FORUM R 3B;11.111,00;;
VE;14577;FORUM R 3B X 10 # CLP;2.920,00;;
VE;14577;FORUM R 3B KG.1;1.047,00;;
VE;14577;FORUM R3B KG  1;899,00;;
VE;14577;FORUM R 3B x 1 kg;303,00;;
VE;14577;FORUM R 3B X 1 # CLP;178,00;;
VE;14577;FORUM R 3B DA KG.10;100,00;;
VE;14577;FORUM R 3B DA KG 1;56,00;;
VE;14577;FORUM R 3B X 1 #;10,00;;
VE;14577;FORUM R 3B X 10  #;10,00;;
VE;14577;FORUM  R 3B  KG 1;7,00;;
VE;14579;RAMIN 30 DF;0,75;;
VE;14580;ROBO' EC ML.100;0,10;;
VE;14636;BIOLID UP;359,00;;
VE;14636;BIOLID UP X 25 LT;275,00;;
VE;14636;BIOLID UP X 5LT;155,00;;
VE;14636;;57,00;;
VE;14636;BIOLID UP X 1LT;40,00;;
VE;14636;BIOLID UP DA LT. 1;30,00;;
VE;14636;BIOLID UP 500 ML;4,00;;
VE;14636;BIOLID UP 100ML;0,30;;
VE;14638;NETOR X 20 LT #;1.300,00;;
VE;14638;NETOR LT5;480,00;;
VE;14638;NETOR X 5 LT #;415,00;;
VE;14638;;85,00;;
VE;14638;NETOR X 1 LT #;11,00;;
VE;14638;NETOR DA LT.5;5,00;;
VE;14642;RIDOMIL GOLD R WG;1.965,00;;
VE;14642;RIDOMIL GOLD R WG X 10 KG # CLP;1.330,00;;
VE;14642;RIDOMIL GOLD R WG x 1 kg;226,00;;
VE;14642;RIDOMIL GOLD R WG X 1KG # CLP;184,00;;
VE;14642;RIDOMIL GOLD R WG x 5 kg;145,00;;
VE;14642;;141,00;;
VE;14642;RIDOMIL GOLD R WG X 5KG #;85,00;;
VE;14642;RIDOMIL GOLD R WG KG 1;52,00;;
VE;14642;RIDOMIL GOLD R WG KG 10;20,00;;
VE;14642;RIDOMIL GOLD R WG 10 DA  KG 1;10,00;;
VE;14642;RIDOMIL GOLD R WG X 1KG #;3,00;;
VE;14643;CENTIUM 36 CS;33,00;;
VE;14643;CENTIUM 36 CS x 1 lt;9,00;;
VE;14647;VIVAL DA LT 20;1.260,00;;
VE;14647;VIVAL;754,00;;
VE;14655;VIVER WDG;66,00;;
VE;14655;;5,00;;
VE;14664;BERELEX 40SG X 25GR;0,87;;
VE;14664;BERELEX 40 SG;0,08;;
VE;14682;KATANA;6,50;;
VE;14682;KATANA X 50GR  31.01.2017;3,20;;
VE;14685;ACROBAT R 3B x 10 kg;650,00;;
VE;14686;KOCIDE OPTI;1.320,00;;
VE;14686;KOCIDE OPTI X 5KG;10,00;;
VE;14687;QUAD-GLOB 200 SL x 5 lt;105,00;;
VE;14687;QUAD-GLOB 200 SL x 1 lt;9,00;;
VE;14697;ENERVIN DUO X 5LT CLP;25,00;;
VE;14697;ENERVIN DUO LT 1;13,00;;
VE;14697;ENERVIN DUO x 1 lt;11,00;;
VE;14699;GEOXE 50 WG X 1KG # CLP;87,00;;
VE;14699;GEOXE;34,00;;
VE;14699;GEOXE 50 WG X 0,5KG  #;0,50;;
VE;14724;CIP INSETTICIDA *500 ML. PPO;16,00;;
VE;14730;CHIMIGOR 40 ST DA LT. 1;1,00;;
VE;14735;RANMAN TOP;2,00;;
VE;14735;RANMAN TOP X 0,5LT;1,50;;
VE;14735;RANMAN TOP ML.500;1,50;;
VE;14735;;0,70;;
VE;14737;ROUNDUP PLATINUM;4.616,00;;
VE;14737;ROUNDUP PLATINUM X 15LT CLP;1.170,00;;
VE;14737;ROUNDUP PLATINUM LT.15;240,00;;
VE;14737;ROUNDUP PLATINUM X 5LT;135,00;;
VE;14737;ROUNDUP PLATINUM X 1LT;23,00;;
VE;14739;DECIS PROTECT;140,00;;
VE;14739;;32,00;;
VE;14739;DECIS PROTECT AL LT. 1;19,00;;
VE;14758;KARATE WITH ZEON TECHNOLOGY 1.5 HOB;24,98;;
VE;14758;;5,76;;
VE;14758;KARATE HOBBY  20 ML;4,24;;
VE;14758;COMPO KARATE HOBBY ML 100;2,60;;
VE;14758;COMPO KARATE HOBBY ML 20;0,24;;
VE;14764;SLUXX X 2,5KG  LUMACHICIDA;42,50;;
VE;14764;SLUXX;40,00;;
VE;14764;SLUXX X 5KG;25,00;;
VE;14764;SLUXX KG.5;20,00;;
VE;14765;ELUMIS;1.621,00;;
VE;14765;ELUMIS X 5LT CLP;740,00;;
VE;14765;DISERBANTE ELUMIS LT 1;467,00;;
VE;14765;ELUMIS x 5 lt;375,00;;
VE;14765;ELUMIS X 1LT CLP;198,00;;
VE;14765;ELUMIS DA LT 5;105,00;;
VE;14765;;64,00;;
VE;14765;ELUMIS DA LT 1;29,00;;
VE;14765;ELUMIS x 1 lt;14,00;;
VE;14765;ELUMIS *1Lt;10,00;;
VE;14766;ACTARA 240 SC x 1 lt;483,00;;
VE;14766;ACTARA 240 SC;4,00;;
VE;14769;COMET 250 EC;192,10;;
VE;14769;COMET 25EC X 1 #;192,00;;
VE;14769;COMET 250 EC DA LT 1;38,00;;
VE;14772;BANDERA X 1LT;820,00;;
VE;14772;BANDERA;387,00;;
VE;14785;DRISCOLL ML.500;36,00;;
VE;14785;;21,72;;
VE;14785;DRISCOLL;19,52;;
VE;14785;DRISCOLL ml 500;2,50;;
VE;14785;DRISCOLL X 50ML;1,50;;
VE;14785;DRISCOLL 10ML;0,16;;
VE;14785;DRISCOLL X 10ML;0,15;;
VE;14792;MELODY TREVI x 8 kg;80,00;;
VE;14792;MELODY TREVI x 1 kg;61,00;;
VE;14792;MELODY TREVI;12,00;;
VE;14796;ATOMINAL 10 EC;1,00;;
VE;14799;INSETTICIDA AFICIDA SISTEMICO5 ML A;40,00;;
VE;14799;INS.AFIDI SISTEMICO 25 ML AFLOR 200;24,00;;
VE;14799;AFLOR 200 SL;11,80;;
VE;14799;AFLOR 200 SL X 50ML;1,15;;
VE;14799;;0,60;;
VE;14799;ZAPI AFICIDA AFLOR 25 ML;0,22;;
VE;14799;AFLOR 200 SL X 5ML;0,20;;
VE;14799;AFLOR 200SL ML. 50 ZAPI;0,05;;
VE;14803;ELECTIS ZR;217,00;;
VE;14803;ELECTIS ZR BLU X 10KG # CLP;160,00;;
VE;14803;;104,00;;
VE;14803;ELECTIS ZR BLU X 1KG #;20,00;;
VE;14804;COPPER - DF;12,00;;
VE;14804;VEBI COPPER DF 250 GR - COPPER 12 2;2,00;;
VE;14807;LUZINDO;349,25;;
VE;14807;LUZINDO X 1 KG # CLP;130,00;;
VE;14807;LUZINDO x 1 kg;42,00;;
VE;14807;LUZINDO X 250GR # CLP;18,25;;
VE;14807;;11,25;;
VE;14807;LUZINDO x 0,25 kg;9,25;;
VE;14807;LUZINDO X 250 GR #;2,00;;
VE;14807;LUZINDO x250ml;1,00;;
VE;14809;CUPRAVIT BIO EVOLUTION x 10 kg;1.700,00;;
VE;14809;CUPRAVIT BIO EVOLUTION X 10KG;10,00;;
VE;14809;CUPRAVIT BIO EVOLUTION x 1 kg;4,00;;
VE;14809;CUPRAVIT BIO EVOLUTION;2,00;;
VE;14812;ENERVIN TOP;6.218,00;;
VE;14812;ENERVIN TOP X 5KG # CLP;3.810,00;;
VE;14812;ENERVIN TOP WG x 5 kg;1.475,00;;
VE;14812;ENERVIN TOP KG 1;477,00;;
VE;14812;ENERVIN TOP WG x 1 kg;242,00;;
VE;14812;ENERVIN TOP X 1KG # CLP;62,00;;
VE;14812;;60,00;;
VE;14812;ENERVIN TOP DA KG 5;10,00;;
VE;14812;ENERVIT TOP;10,00;;
VE;14812;ENERVIN TOP *1Kg;6,00;;
VE;14812;ENERVIN TOP X 1KG #;4,00;;
VE;14815;ADENGO;6.353,00;;
VE;14815;ADENGO X 10LT #;1.470,00;;
VE;14815;ADENGO x 10 lt;1.150,00;;
VE;14815;;834,00;;
VE;14815;ADENGO x 2 lt;822,00;;
VE;14815;ADENGO DA LT. 10;580,00;;
VE;14815;ADENGO DA LT. 2;566,00;;
VE;14815;DISERBANTE ADENGO LT 2;268,00;;
VE;14815;ADENGO X 2LT #;238,00;;
VE;14815;ADENGO LT 2;150,00;;
VE;14815;ADENGO DA LT 2;96,00;;
VE;14815;ADENGO LT 10;70,00;;
VE;14815;ADENGO *2lt;58,00;;
VE;14818;ACANTO;99,30;;
VE;14818;ACANTO X 1LT #;41,00;;
VE;14818;ACANTO x 1 lt;11,00;;
VE;14818;ACANTO 250SC 10 DA LT 1;4,00;;
VE;14818;;2,00;;
VE;14826;PYREOS EXTRA SL;4,00;;
VE;14828;NUPRID SUPREME SC x 1 lt;91,00;;
VE;14828;NUPRID SUPREME SC X 1KG;12,00;;
VE;14837;GLIFOSAR FLASH;3.967,00;;
VE;14837;;6,00;;
VE;14838;GALLUP BIOGRADE 360 x 20 lt;1.340,00;;
VE;14838;BARCLAY GALLUP BIOGRADE 360;560,00;;
VE;14838;GALLUP BIOGRADE 360 x 5 lt;75,00;;
VE;14838;BARCLEY GAL.BIO 360 LT 1;12,00;;
VE;14844;CLUSTER 500 X 1LT # 31-10-2017;19,00;;
VE;14845;MYSTIC PLUS S x 10 kg;90,00;;
VE;14845;MYSTIC PLUS S;50,00;;
VE;14867;SYNERO;2,00;;
VE;14868;IDROX 22 NEW X 10KG # CLP;1.080,00;;
VE;14868;IDROX 22 NEW;110,00;;
VE;14870;COPPERLAND x 10 kg;90,00;;
VE;14872;BELLIS DRUPACEE;5,00;;
VE;14872;BELLIS DRUPACEE KG 2,5;5,00;;
VE;14872;BELLIS DRUPACEE X 2,5KG #;5,00;;
VE;14876;GRANDSTAND;28,25;;
VE;14876;;11,25;;
VE;14876;DISERBANTE GRANDSTAND LT 1;8,00;;
VE;14876;GRANDSTAND ERBICIDA LT1;7,00;;
VE;14879;LONTREL 72SG X 150GR NO ADR;17,70;;
VE;14879;LONTREL 72 SG x 150 gr;4,00;;
VE;14879;LONTREL 72 SG;2,10;;
VE;14879;;0,90;;
VE;14884;CORUM;13.480,00;;
VE;14884;CORUM X 5LT  # CLP;6.501,50;;
VE;14884;CORUM X 1LT # CLP;1.591,00;;
VE;14884;DISERBANTE CORUM LT 1;1.317,00;;
VE;14884;CORUM DA LT 5;1.070,00;;
VE;14884;CORUM DA LT 1;919,00;;
VE;14884;CORUM x 1 lt;915,00;;
VE;14884;;687,00;;
VE;14884;CORUM *5Lt;220,00;;
VE;14884;CORUM DA LT. 1;169,00;;
VE;14884;CORUM *1Lt;128,00;;
VE;14884;CORUM DA LT. 5;100,00;;
VE;14895;LANNATE 20 SL;5,00;;
VE;14895;LANNATE 20 SL DA LT. 2,50;5,00;;
VE;14898;POLECI X 1LT;3,00;;
VE;14900;KENKIO;20,00;;
VE;14901;CONCORDE 125 EC 100 ML;1,50;;
VE;14901;CONCORDE 125 EC ml 50;1,05;;
VE;14909;NURELLE 5 X 1LT;24,00;;
VE;14909;NURELLE 5  LT 1;5,00;;
VE;14914;YSAYO x 10 lt;1.310,00;;
VE;14931;;31,00;;
VE;14935;TRAXOS ONE;254,00;;
VE;14935;TRAXOS ONE X 5LT CLP #;200,00;;
VE;14935;TRAXOS ONE x 1 lt;131,00;;
VE;14935;;76,00;;
VE;14935;TRAXOS ONE DA LT 1;59,00;;
VE;14935;TRAXOS ONE x 5 lt;30,00;;
VE;14935;TRAXOS ONE X 1LT #;17,00;;
VE;14935;TRAXOS ONE *1Lt;12,00;;
VE;14936;AMPLIGO;974,00;;
VE;14936;AMPLIGO X 1LT # CLP;241,00;;
VE;14936;AMPLIGO x 1 lt;237,00;;
VE;14936;AMPLIGO DA LT 1;143,00;;
VE;14936;AMPLIGO X 1LT #;62,00;;
VE;14936;;41,50;;
VE;14936;AMPLIGO LT 05;38,00;;
VE;14936;AMPLIGO X 0,5LT #;15,50;;
VE;14936;AMPLIGO x 0,5 lt;8,00;;
VE;14936;AMPLIGO DA 500 ML;8,00;;
VE;14936;AMPLIGO ML.500;2,00;;
VE;14936;AMPLIGO  ML 500;1,00;;
VE;14937;VOLIAM TARGO;2,00;;
VE;14948;ACTARA HOBBY  4GR;0,34;;
VE;14948;COMPO ACTARA HOBBY 20 GR;0,22;;
VE;14948;COMPO ACTARA HOBBY 4 GR;0,16;;
VE;14967;TIPTOR ULTRA;1.287,00;;
VE;14967;TIPTOR ULTRA X 5LT #;735,00;;
VE;14967;;285,00;;
VE;14967;TIPTOR ULTRA LT 1;239,00;;
VE;14967;TIPTOR ULTRA X 1LT #;215,00;;
VE;14967;TIPTOR ULTRA DA 5 LT;190,00;;
VE;14967;TIPTOR ULTRA DA LT 1;77,00;;
VE;14967;TIPTOR ULTRA DA LT. 5;60,00;;
VE;14967;TIPTOR ULTRA x 5 lt;60,00;;
VE;14967;TIPTOR ULTRA LT. 1;59,00;;
VE;14967;TIPTOR ULTRA x 1 lt;6,00;;
VE;14969;HOPPER 480;4.150,00;;
VE;14969;HOPPER 480 X 20LT  NO ADR;800,00;;
VE;14969;HOPPER 480 LT 1;62,00;;
VE;14969;HOPPER 480 X 1LT  NO ADR;51,00;;
VE;14972;DICARZOL 50 SP X 1KG # CLP;6,00;;
VE;14972;DICARZOL 50 SP KG.1 (1 T);2,00;;
VE;14972;DICARZOL 50 SP KG.1 - 14972-;1,00;;
VE;14974;BELEM 0.8 MG;156,00;;
VE;14980;AFFINITY PLUS;54,00;;
VE;14980;AFFINITY PLUS X 1LT #;1,00;;
VE;14985;RETENGO PLUS X 1LT #;3,00;;
VE;14985;RETENGO PLUS;3,00;;
VE;14986;OPERA NEW;2.260,00;;
VE;14986;OPERA NEW DA LT 5;925,00;;
VE;14986;OPERA NEW X 5LT #;420,00;;
VE;14986;OPERA NEW x 5 lt;300,00;;
VE;14986;OPERA NEW LT 1;6,00;;
VE;15005;FONTELIS 20SC X 1LT # CLP;66,00;;
VE;15005;FONTELIS;37,00;;
VE;15006;TRAXOS PRONTO 60 LT5;45,00;;
VE;15006;TRAXOS PRONTO x 1 lt (1 HA);9,00;;
VE;15007;AXIAL PRONTO ML 750;19,50;;
VE;15007;AXIAL PRONTO;6,75;;
VE;15008;LBG - 01F34;1.376,00;;
VE;15013;NATRIA LUMACHICIDA;216,00;;
VE;15013;BAYER NATRIA LUMACHICIDA 1 KG;27,00;;
VE;15013;NATRIA LUMACHICIDA 500G;14,50;;
VE;15013;BAYER NATRIA LUMACHICIDA 500 GR;6,00;;
VE;15019;RIVIERA;260,00;;
VE;15019;RIVIERA LT 1;6,00;;
VE;15020;CYFLUTREX;10,00;;
VE;15023;DERREX x 20 kg;420,00;;
VE;15024;MESUROL 200 SC x 1 lt;22,00;;
VE;15024;MESUROL 200 SC;10,00;;
VE;15024;MESUROL SC X 1LT  #;5,00;;
VE;15030;COSSACK x 0,6 kg;5,40;;
VE;15034;KOL DICOPHAR ML.100;98,00;;
VE;15034;DICOPHAR;51,30;;
VE;15037;BREZZA *1Lt;10,00;;
VE;15037;;4,00;;
VE;15037;BREZZA DA LT. 1 - REG.15037 -;3,00;;
VE;15041;OPINION ECNA ml 500;8,00;;
VE;15041;OPINION ECNA;2,00;;
VE;15047;R6 BORDEAUX WG X 10KG # CLP;530,00;;
VE;15047;R6 ERRESEI BORDEAUX WG;483,75;;
VE;15047;R6 BORDEAUX WG X 1KG;15,00;;
VE;15047;;10,75;;
VE;15047;R6 ERRESEI BOR.WGX GR 250;5,25;;
VE;15049;MODDUS;397,00;;
VE;15049;MODDUS X 1LT;284,00;;
VE;15049;MODDUS x 1 lt;185,00;;
VE;15049;MODDUS DA LT 1;170,00;;
VE;15049;;45,00;;
VE;15049;MODDUS *1lt;8,00;;
VE;15050;VERTIMEC PRO;1.353,25;;
VE;15050;VERTIMEC PRO X 5LT # CLP;675,00;;
VE;15050;VERTIMEC PRO x 1 lt;323,00;;
VE;15050;VERTIMEC PRO X 1LT # CLP;131,00;;
VE;15050;VERTIMEC PRO *1Lt;36,00;;
VE;15050;VERTIMEC PRO DA LT 1;10,00;;
VE;15050;;8,00;;
VE;15050;VERTIMEC PRO LT. 1;7,00;;
VE;15053;ADMIRAL ECHO x 1 lt;7,00;;
VE;15057;DICOTEX RTU;18,00;;
VE;15058;PRINCIPAL MAIS x 440 gr;78,00;;
VE;15058;PRINCIPAL MAIS;69,97;;
VE;15058;PRINCIPAL MAIS 440G JAR;32,12;;
VE;15058;PRINCIPAL MAIS 440 GR #;18,92;;
VE;15059;DECIS EVO;1.343,50;;
VE;15059;DECIS EVO X 5LT # CLP;332,00;;
VE;15059;DECIS EVO x 1 lt;223,00;;
VE;15059;DECIS EVO x 5 lt;205,00;;
VE;15059;DECIS EVO X 1LT # CLP;197,00;;
VE;15059;DECIS EVO DA LT 5;155,00;;
VE;15059;DECIS EVO DA LT 1;154,00;;
VE;15059;;111,25;;
VE;15059;DECIS EVO *250ml;72,00;;
VE;15059;DECIS EVO *1LT;42,00;;
VE;15059;DECIS EVO DA LT. 1;36,00;;
VE;15059;DECIS EVO ML.250;25,00;;
VE;15059;DECIS EVO X 250ML # CLP;15,00;;
VE;15059;DECIS EVO LT 1;11,00;;
VE;15059;DECIS EVO ML 250;3,00;;
VE;15059;DECIS EVO 250 ML;3,00;;
VE;15059;DECIS EVO X 1LT #;1,00;;
VE;15062;PIRAMAX  EC;35,00;;
VE;15062;;1,00;;
VE;15063;NIMBLE x 50 gr;1,45;;
VE;15063;NIMBLE X 50GR #;0,15;;
VE;15064;MAESTRO WG ADVANCE;662,00;;
VE;15064;;105,00;;
VE;15064;MAESTRO WG advance *1Kg;38,00;;
VE;15067;MIG 40;9,00;;
VE;15071;EVOLUTION X 5 LT # CLP;40,00;;
VE;15071;EVOLUTION X 1 LT # CLP;16,00;;
VE;15071;;10,00;;
VE;15071;EVOLUTION;9,00;;
VE;15071;EVOLUTION X 1 LT #;6,00;;
VE;15071;DISERBANTE EVOLUTION LT 1;1,00;;
VE;15079;JUVINAL ECHO;7,00;;
VE;15083;AUDACE x 1 lt;88,00;;
VE;15084;DRUM;22,50;;
VE;15084;DRUM *500gr;2,00;;
VE;15085;VITISAN 45 WG;5,50;;
VE;15093;CENTURIO;109,50;;
VE;15093;CENTURIO 500 GR;1,50;;
VE;15101;;41,00;;
VE;15101;CIMORAM ULTRA WG;24,00;;
VE;15102;VITENE R WG X 10KG #;750,00;;
VE;15102;VITENE R WG;130,00;;
VE;15102;VITENE R WG  1 KG;49,00;;
VE;15102;VITENE R WG X 1 KG  #;25,00;;
VE;15111;MIRADOR SC;1,00;;
VE;15112;SIMPLIA;90,00;;
VE;15112;SIMPLIA x 1 lt;10,00;;
VE;15112;SIMPLIA LT 1;1,00;;
VE;15115;PROSPER 500 EC x 1 lt;123,00;;
VE;15115;VELIERO;28,00;;
VE;15116;ELIOS R X 2 KG(5X0,400) #;36,00;;
VE;15116;ELIOS R X 8 KG (4X2) #;8,00;;
VE;15122;ACTELLIC 50 NEWPHARM;11,00;;
VE;15124;ZANTARA;1.464,00;;
VE;15124;ZANTARA PER LT 3;300,00;;
VE;15124;ZANTARA X 3LT;270,00;;
VE;15124;;135,00;;
VE;15124;ZANTARA x 3;117,00;;
VE;15125;PROLECTUS x 1 kg;120,00;;
VE;15125;PROLECTUS;26,00;;
VE;15125;PROLECTUS X 1KG;8,00;;
VE;15130;INTREPID;199,00;;
VE;15130;INTREPID X 1LT;89,00;;
VE;15130;INTREPID x 1 lt;37,00;;
VE;15130;;13,00;;
VE;15135;OLEOSAN PLUS PPO X LT 1;51,00;;
VE;15138;;125,00;;
VE;15139;;5,00;;
VE;15145;TEMPLIER x 180 gr;3,42;;
VE;15147;EVO-TRIBASIC;1,30;;
VE;15148;ENVIROMITE 480SC ML 10;0,12;;
VE;15148;ENVIROMITE 480 SC;0,01;;
VE;15168;ZORO 1,9 EW X 1LT;83,00;;
VE;15168;;79,00;;
VE;15168;ZORO 1.9 EW;64,00;;
VE;15168;ZORO 1,9 EW X 5LT;60,00;;
VE;15168;ZORO 1,9 EW DA LT 1;15,00;;
VE;15168;ZORO 1,9 EW DA LT 5;10,00;;
VE;15168;ZORO 1.9 EW x 1 lt;4,00;;
VE;15177;ROTATE PLUS DF x 10 kg;1.130,00;;
VE;15177;ROTATE PLUS DF x 1 kg;198,00;;
VE;15180;RIVET PLUS x 1 lt;110,00;;
VE;15181;CIRRUS CS;163,50;;
VE;15181;CIRRUS CS DA LT.  2;82,00;;
VE;15181;CIRRUS CS DA LT. 0,500;66,50;;
VE;15181;CIRRUS X 2LT;35,23;;
VE;15181;CIRRUS CS ml 500;23,00;;
VE;15181;;7,50;;
VE;15181;CIRRUS X 0,5LT;2,00;;
VE;15181;CIRRUS CS DA 0,5 LT;0,50;;
VE;15184;SATEL GEO KG. 1;36,00;;
VE;15184;SATEL GEO;17,00;;
VE;15184;SATEL GEO X 1 KG;12,00;;
VE;15187;NAUTIUS;0,40;;
VE;15193;CONTATTO PIU'EXTRA X 5LT;210,00;;
VE;15193;CONTATTO PI  EXTRA x 5 lt;120,00;;
VE;15193;CONTATTO PIU EXTRA x 1 lt;90,00;;
VE;15193;CONTATTO PIU' EXTRA;60,00;;
VE;15193;CONTATTO PIU'EXTRA X 1LT;11,00;;
VE;15200;QUALY X 1LT #;53,00;;
VE;15200;QUALY;8,00;;
VE;15201;FLOXY 355 SC;26,00;;
VE;15201;FLOXY 355 SC LT 1;5,00;;
VE;15211;TRAMAN;24,00;;
VE;15213;DEMETRINA FLOW;6,24;;
VE;15214;DELTAPLAN SC;2,00;;
VE;15221;ZETARAM PLUS LT. 10;190,00;;
VE;15221;ZETARAM PLUS LT.1;183,00;;
VE;15221;ZETARAM PLUS;117,20;;
VE;15221;ZETARAM PLUS X 10 LT CLP;60,00;;
VE;15221;ZETARAM PLUS X 10LT;60,00;;
VE;15221;;38,00;;
VE;15221;ZETARAM PLUS X 1LT;11,00;;
VE;15222;FOLICUR COMBI WG X 10KG;1.010,00;;
VE;15222;FOLICUR COMBI WG;625,00;;
VE;15222;FOLICUR COMBI WG X 1KG;73,00;;
VE;15227;MESUROL EVOLUTION;3,50;;
VE;15227;MESUROL S-SHAPE GR. 350;2,80;;
VE;15232;;49,00;;
VE;15232;CUSTODIA;40,00;;
VE;15235;MOMENTUM;50,00;;
VE;15235;MOMENTUM KG. 1;34,00;;
VE;15235;MOMENTUM *1Kg;30,00;;
VE;15236;ZAMMO x 1 lt;2,00;;
VE;15237;CHIKARA DUO;90,00;;
VE;15250;COPRANTOL DUO;3.195,00;;
VE;15250;COPRANTOL DUO X 5KG CLP;1.640,00;;
VE;15253;FALCON MK x 1 lt;1.060,00;;
VE;15253;FALCON MK x 5 lt;790,00;;
VE;15263;DYNALI X 1LT;548,00;;
VE;15263;DYNALI;104,00;;
VE;15264;ENERVIN SC;1.032,00;;
VE;15264;ENERVIN PRO 2+1-15264+15008 CLP;106,00;;
VE;15264;ENERVIN PRO 3+4-15264+15008;105,00;;
VE;15264;ENERVIN PRO 3+4-15264+15008 CLP;70,00;;
VE;15267;KUSABI;18,00;;
VE;15273;BITAM 15 EC;31,00;;
VE;15286;KENDO ZEON 1.5 x 1 lt;13,00;;
VE;15288;;10,50;;
VE;15289;SERENADE NATRIA;2,80;;
VE;15289;;2,60;;
VE;15289;BAYER SERENADE NATRIA 200 GR;0,40;;
VE;15289;SERENADE NATRIA GR.200;0,40;;
VE;15293;BONECO X 0,5LT;13,00;;
VE;15294;KENDO BI-ACTIVE x 1 lt;622,00;;
VE;15302;AMYLO-X x 1 kg;151,00;;
VE;15302;;46,00;;
VE;15302;AMYLO - X X 1KG;43,00;;
VE;15302;AMYLO-X;24,00;;
VE;15310;;8,00;;
VE;15313;ZOLFO SC;12,00;;
VE;15313;;10,00;;
VE;15313;ZOLFO SC DA LT 10;10,00;;
VE;15317;FLARE GOLD COMBI PEPITE x 5 kg;775,00;;
VE;15326;CUPROTEK DISPERSS x 10 kg;1.700,00;;
VE;15327;METAMAN 8-64 WG;25,00;;
VE;15333;APPLAUD PLUS X 1   KG CLP NO ADR #;644,00;;
VE;15333;APPLAUD PLUS;605,76;;
VE;15333;APPLAUD PLUS x 1 lt;175,00;;
VE;15333;APPLAUD PLUS  KG 1;129,56;;
VE;15333;;93,00;;
VE;15333;APPLAUD PLUS KG 1;10,00;;
VE;15333;APPLAUD PLUS  X 1KG  NO ADR #;1,00;;
VE;15333;APPLAUD PLUS 100 GR;0,90;;
VE;15333;APPLAUD PLUS 20 GR;0,24;;
VE;15335;U 46 ULTRA x 5 lt;20,00;;
VE;15337;EXPRESS SUN 100GR;0,40;;
VE;15337;EXPRESS SUN X 100GR #;0,10;;
VE;15340;FEUDO 50 WP X 1 KG;59,00;;
VE;15340;;33,00;;
VE;15340;FEUDO 50 WP;33,00;;
VE;15344;FILAN WG X 1KG;44,00;;
VE;15344;FILAN WG;43,00;;
VE;15348;RIDOMIL GOLD R LIQUIDO;25,00;;
VE;15356;AVIATOR SC X 1LT;594,00;;
VE;15356;;47,00;;
VE;15356;SPHINX SC;29,00;;
VE;15356;AVIATOR SC LT1;25,00;;
VE;15356;AVIATOR SC;20,00;;
VE;15359;VITIL 8-64 WG;80,00;;
VE;15361;LIETO X 0,45KG;549,00;;
VE;15361;;29,25;;
VE;15361;LIETO;11,95;;
VE;15364;DESINGN WG KG 1;6,00;;
VE;15364;DESIGN WG X 1KG;5,00;;
VE;15365;RAMEZOLFO FLOW;5,00;;
VE;15365;RAME ZOLFO FLOW MCT;2,00;;
VE;15370;FURY GEO x 10 kg;330,00;;
VE;15370;FURY GEO DA KG 10;100,00;;
VE;15371;BELEM PROTEZIONE x 12 kg;12.420,00;;
VE;15371;BELEM PROTEZIONE KG 12;312,00;;
VE;15378;TRAXOS PRONTO 60 X 1LT;146,00;;
VE;15378;TRAXOS PRONTO 60 X 5LT;100,00;;
VE;15378;TRAXOS PRONTO 60 DA LT. 1;45,00;;
VE;15378;TRAXOS PRONTO 60 x 1 lt;38,00;;
VE;15378;TRAXOS PRONTO 60;25,00;;
VE;15378;TRAXOS PRONTO 60 x 5 lt;20,00;;
VE;15379;AXIAL PRONTO 60;55,50;;
VE;15379;;21,00;;
VE;15379;AXIAL PRONTO 60 X 0,75LT;10,50;;
VE;15379;DISERBANTE AXIAL PRONTO 60  ML750;9,00;;
VE;15379;AXIAL PRONTO 60 x 0,75 lt (1 Ha);7,50;;
VE;15379;AXIAL PRONTO 60 x 3,75 lt (5 Ha);7,50;;
VE;15379;AXIAL PRONTO 60 X 3,75LT;7,50;;
VE;15384;LUNA EXPERIENCE X 1LT;65,00;;
VE;15384;LUNA EXPERIENCE x 1 lt;25,00;;
VE;15384;LUNA EXPERIENCE;6,00;;
VE;15388;MEXIL ORO R WG KG 1;40,00;;
VE;15388;MEXIL ORO R WG;25,00;;
VE;15389;FLARE GOLD R WG x 10 kg;640,00;;
VE;15392;QUANTUM MZ WDG X 10KG;270,00;;
VE;15392;QUANTUM MZ WDG X 1KG;26,00;;
VE;15392;QUANTUM MZ WDG;15,00;;
VE;15401;TAIFUN MK CL;2.392,00;;
VE;15401;TAIFUN MK CL X 20LT;1.220,00;;
VE;15401;TAIFUN MK CL x 20 lt;880,00;;
VE;15401;TAIFUN MK CL LT.1 -15401-;145,00;;
VE;15401;TAIFUN MK CL LT 5;10,00;;
VE;15404;MIDO SC LT 1;26,00;;
VE;15405;DISERBO TOTALE 1 LT;36,00;;
VE;15419;ELECTIS R FLOW X 10LT;170,00;;
VE;15419;;167,00;;
VE;15419;ELECTIS R FLOW;135,00;;
VE;15422;KELVIN DUO;46,80;;
VE;15422;KELVIN DUO 10 X 180 GR # CLP;31,32;;
VE;15422;KELVIN DUO x 180 gr;15,00;;
VE;15422;KELVIN DUO 10 X 180 GR  #;0,36;;
VE;15423;FORUM TEAM X 1KG #;2,00;;
VE;15448;REBEL TOP X 1LT CLP;164,00;;
VE;15448;REBEL TOP;45,00;;
VE;15448;REBEL TOP X 1LT;22,00;;
VE;15448;;9,00;;
VE;15449;CIDELY;413,00;;
VE;15449;CIDELY X 1LT CLP;59,00;;
VE;15449;CIDELY x 1 lt;40,00;;
VE;15449;CIDELY X 0,5LT;25,50;;
VE;15449;;24,00;;
VE;15451;;145,00;;
VE;15451;ELIOS WG TOP KG1;8,00;;
VE;15451;ELIOS WG TOP;1,00;;
VE;15493;SIMUN 40 OD;143,00;;
VE;15499;SONG 70 WDG;479,75;;
VE;15499;SONG 70 WG X 0,5KG;191,00;;
VE;15499;DISERBANTE SONG 70WDG  250;131,50;;
VE;15499;SONG 70 WG X 0.25KG;29,00;;
VE;15499;;29,00;;
VE;15499;SONG 70 WDG DA 250 GR.;3,25;;
VE;15499;SONG 70 WDG GR 250;1,75;;
VE;15505;SILBOT 500 SC x 1 lt;370,00;;
VE;15507;CREW SUPERB;144,00;;
VE;15508;CYMONIL;15,00;;
VE;15513;OSSICLOR 35WG X 25KG GREEN CLP;3.875,00;;
VE;15513;OSSICLOR 35 WG GREEN;413,00;;
VE;15514;CUPRAVIT BLU 35 WG;349,70;;
VE;15514;;6,00;;
VE;15514;BAYER CUPRAVIT BLU WG35 100 GR;0,30;;
VE;15515;POLTIGLIA BORDOLESE PB MANICA;130,00;;
VE;15515;POLTIGLIA 20 PB GREEN;25,00;;
VE;15546;BIATHOLON 4D DA GR 350;182,00;;
VE;15546;BIATHLON 4D;70,35;;
VE;15546;BIATHLON 4D X 0,35 #;37,10;;
VE;15546;BIATHLON 4D gr 350;5,60;;
VE;15551;CLAIRSOL 23L X 5LT 31-12-2016;20,00;;
VE;15553;REGALIS PLUS X 1,5KG;54,00;;
VE;15553;;3,00;;
VE;15566;VISION PLUS X 5LT;115,00;;
VE;15566;VISION PLUS X 1LT;14,00;;
VE;15569;LOOP 40 x 5 lt;200,00;;
VE;15569;;78,00;;
VE;15569;LOOP 40;35,00;;
VE;15569;LOOP 40 x 1 lt;8,00;;
VE;15570;TYLAL WG KG 1;40,00;;
VE;15572;ZOMINEX;302,00;;
VE;15572;;9,00;;
VE;15573;PROMESS SL;23,00;;
VE;15573;PROMESS SL LT 1;15,00;;
VE;15574;KARMA 85;5,00;;
VE;15574;KARMA X 1KG;4,00;;
VE;15591;PREVINT TOP X 5KG;1.420,00;;
VE;15591;PREVINT TOP;340,00;;
VE;15591;;282,00;;
VE;15591;PREVINT TOP X 1KG;45,00;;
VE;15591;PREVIN TOP KG 1;9,00;;
VE;15596;LASCAR X 1LT CLP;11,00;;
VE;15612;SEMPRA X 0,150;0,15;;
VE;15621;;6,00;;
VE;15626;ORBIT 220 EC LT 1;1,00;;
VE;15640;PROLINE STAR x 1 lt;377,00;;
VE;15640;PROLINE STAR x 5 lt;345,00;;
VE;15640;PROLINE STAR *1Lt;17,00;;
VE;15641;SIATTOL 200 SL;1,75;;
VE;15642;HYDRA PLUS LT 1;96,00;;
VE;15642;HYDRA PLUS;5,00;;
VE;15644;LANDMASTER LT 20;640,00;;
VE;15644;LANDMASTER;26,00;;
VE;15650;TB 25 WG X 0,5KG;47,00;;
VE;15650;TB 25 WG;35,00;;
VE;15654;ACCORD;1,00;;
VE;15655;KEETON 25 WG x 1 kg;10,00;;
VE;15661;SENEGO;4,50;;
VE;15661;SENEGO X 250ML;4,00;;
VE;15661;SENEGO 250 ML;0,25;;
VE;15661;SENEGO ARBUSTICIDA ML 250;0,25;;
VE;15663;CUPRAVIT WG35 DA KG 10;140,00;;
VE;15663;CUPRAVIT 35 WG;100,00;;
VE;15663;CUPRAVIT 35WG X 10KG;70,00;;
VE;15666;TURNER COMBI;872,00;;
VE;15668;GHIBLI 240 OD X 1LT CLP;5,00;;
VE;15668;GHIBLI 240 OD X 0,25LT;2,50;;
VE;15668;GHIBLI 240 OD;2,50;;
VE;15680;MITHRA 40 SC x 1 lt;23,00;;
VE;15680;MITHRA 40 SC x 5 lt;20,00;;
VE;15681;LUMADRY ESCA;886,00;;
VE;15687;MICLOCUR;116,00;;
VE;15710;CLINCHER ONE X 5LT;60,00;;
VE;15711;;4,00;;
VE;15711;ALSYSTIN;1,00;;
VE;15713;DIABLO SC;98,00;;
VE;15713;DIABLO SC x 0,2 lt;56,40;;
VE;15713;DIABLO SC ml 200;12,40;;
VE;15722;;23,00;;
VE;15722;ARMICARB 85;15,00;;
VE;15722;ARMICARB  85 *5Kg;5,00;;
VE;15725;DUAXO;44,60;;
VE;15725;;7,20;;
VE;15725;COMPO FUNGICIDA DUAXO 200 ML CLP (S;0,80;;
VE;15738;STOPWEED 480 x 1 lt;181,00;;
VE;15740;VINETO;21,00;;
VE;15741;AVADEX FACTOR;70,00;;
VE;15746;EXTENSOR OD x 10 lt;30,00;;
VE;15751;VITENE TRIPLO R;950,00;;
VE;15751;;197,00;;
VE;15751;VITENE TRIPLO R X 1KG;131,00;;
VE;15751;VITENE TRIPLO R X 1KG CLP;95,00;;
VE;15751;VITENE TRIPLO R DA KG. 1;36,00;;
VE;15758;QUILT XCEL;459,00;;
VE;15758;QUILT XCEL x 5 lt;270,00;;
VE;15758;QUILTXCEL X 5LT CLP;130,00;;
VE;15758;QUILT XCEL x 1 lt;72,00;;
VE;15758;;60,00;;
VE;15758;QUILT XCEL DA LT 1;3,00;;
VE;15758;QUILTXCEL X 1LT CLP;3,00;;
VE;15779;ABANTO *20 Ml.;17,00;;
VE;15779;ABANTO;3,82;;
VE;15780;OSSICLOR 50 PB GREEN;880,00;;
VE;15790;AMISTAR TOP X 5LT;160,00;;
VE;15812;QUASAR 50 WP;0,50;;
VE;15817;GLADIATOR;230,00;;
VE;15817;GLADIATOR X 1;79,00;;
VE;15817;GLADIATOR  LT 1;8,00;;
VE;15841;FLOCTER;120,00;;
VE;15841;FLOCTER X 10KG CLP;40,00;;
VE;15842;AFICIONADO x 3 lt;36,00;;
VE;15844;SLOGAN TOP X 10KG;1.050,00;;
VE;15844;SLOGAN TOP;590,00;;
VE;15844;SLOGAN TOP X 1KG;50,00;;
VE;15845;ARAGON;70,00;;
VE;15845;;39,00;;
VE;15846;BIO ETEFON X 5LT;40,00;;
VE;15846;BIO ETEFON X 1LT;39,00;;
VE;15857;R6 PASADOBLE X 10KG # CLP;490,00;;
VE;15857;R6 ERRESEI PASADOBLE;80,00;;
VE;15857;R6 ERRESEI PASADOBLE x 10 kg;20,00;;
VE;15877;CONSENTO;31,00;;
VE;15877;CONSENTO SC DA LT 1;1,00;;
VE;15882;ATILLA X 10KG;210,00;;
VE;15883;MARTO' DISER. LT 1;87,00;;
VE;15886;METAREX INOV X 5 KG-ANTILUMACA;305,00;;
VE;15886;METAREX INOV;106,00;;
VE;15886;METAREX INOV X 1 KG;16,00;;
VE;15891;BLAISE;81,00;;
VE;15893;GIAGUAR SL;0,20;;
VE;15900;TRIKA EXPERT;5.550,00;;
VE;15900;TRIKA EXPERT X 10;4.480,00;;
VE;15900;;1.770,00;;
VE;15900;TRIKA expert *10Kg;510,00;;
VE;15900;TRIKA EXPERT DA KG.10;490,00;;
VE;15900;TRIKA EXPERT x 10 kg;350,00;;
VE;15901;ERCOLE;26.777,00;;
VE;15901;ERCOLE X 10KG # CLP;8.010,00;;
VE;15901;ERCOLE DA KG.10;7.090,00;;
VE;15901;ERCOLE x 10 kg;3.780,00;;
VE;15901;ERCOLE KG  1;2.880,00;;
VE;15901;;2.220,00;;
VE;15901;ERCOLE DA KG 10;1.380,00;;
VE;15901;ERCOLE X 10KG #;950,00;;
VE;15901;ERCOLE KG 10;110,00;;
VE;15901;ERCOLE X 1 KG #;20,00;;
VE;15907;PRESIDIUM ONE;110,00;;
VE;15907;;81,00;;
VE;15907;PRESIDIUM ONE   X 1;25,00;;
VE;15907;PRESIDIUM ONE   X 5;15,00;;
VE;15907;PRESIDIUM one *1Lt;4,00;;
VE;15907;PRESIDIUM ONE DA LT. 1;1,00;;
VE;15912;CUPRO ISAGRO WG;2.049,00;;
VE;15912;CUPROISAGRO WDG *10Kg;420,00;;
VE;15912;CUPROISAGRO WDG *1Kg;328,00;;
VE;15912;CUPROISAGRO WDG *20Kg;200,00;;
VE;15912;CUPRO ISAGRO WG KG.20 -15912-;120,00;;
VE;15913;BORDO ISAGRO WG BLU;300,00;;
VE;15923;ERBIKUS 400 SC;16,00;;
VE;15925;CLEAR SUPREME;10,00;;
VE;15931;GLORIAL JET;9,00;;
VE;15948;MULIGAN X 1LT #;18,00;;
VE;15949;PROMEX X 1LT # CLP;60,00;;
VE;15949;PROMEX x 1 lt;1,00;;
VE;15961;RETENGO NEW;287,00;;
VE;15961;RETENGO NEW X 1LT #;112,00;;
VE;15961;;45,00;;
VE;15961;RETENGO NEWS x 1 lt;2,00;;
VE;15962;LECTRA MZ WG;300,00;;
VE;15996;PATRIOT DRY;114,00;;
VE;15996;PATRIOT DRY x 1 kg;19,00;;
VE;15996;PATRIOT DRY X 1KG;6,00;;
VE;16000;MINUET GR;30,00;;
VE;16000;;4,50;;
VE;16001;RASIKAL AL LT 1;12,00;;
VE;16004;KORING 430 SC;10,00;;
VE;16010;ACRUX 10 WP *200gr;45,00;;
VE;16010;ACRUX 10 WP gr 200;12,80;;
VE;16012;SEPRABAIT;195,80;;
VE;16042;TOSCANA *10gr;100,00;;
VE;16042;TOSCANA gr 10;0,29;;
VE;16042;TOSCANA;0,06;;
VE;16051;LENNS X 5LT;260,00;;
VE;16051;LENNS;62,50;;
VE;16054;SINSTAR x 1 lt;25,00;;
VE;16063;ARIGO;43,89;;
VE;16063;ARIGO X 330 GR CLP # NON USARE;2,31;;
VE;16065;TOPIK ONE X 1KG #;14,00;;
VE;16065;TOPIK ONE;11,00;;
VE;16065;TOPIK ONE X 0,25KG #;1,00;;
VE;16068;FOLDER 80 WG;20,00;;
VE;16071;MESOZIN 70WG X 250GR;84,25;;
VE;16071;MESOZIN 70 WG gr 250;61,00;;
VE;16071;MESOZIN 70 WG;29,25;;
VE;16071;MESOZIN 70WG 250G;1,50;;
VE;16075;AGHERUD M DA LT 1;17,00;;
VE;16075;AGHERUD M;1,00;;
VE;16083;STIKER FLOW;29,20;;
VE;16083;STIKER FLOW ML.100;3,40;;
VE;16084;BREVIS X 500GR;0,50;;
VE;16088;NEMADATE x 10 lt;10,00;;
VE;16098;NIBER 70 DF x 0,250 kg;73,00;;
VE;16098;NIBER 70 DF;12,25;;
VE;16104;ELECTIS TRIO WDG x 10 kg;4.700,00;;
VE;16104;ELECTIS TRIO WDG;383,00;;
VE;16104;;91,00;;
VE;16104;ELECTIS TRIO WDG KG. 1;1,00;;
VE;16117;SERBY;29,00;;
VE;16117;;6,00;;
VE;16124;JUVINAL ECHO PLUS;9,00;;
VE;16124;JUVINAL ECHO PLUS x 1 lt;3,00;;
VE;16126;FLANCO SC X 0,2LT CLP;132,60;;
VE;16126;FLANCO SC ml 200;24,60;;
VE;16126;FLANCO SC;11,00;;
VE;16136;LUMA-GOLD;29,55;;
VE;16136;;23,60;;
VE;16136;LUMA-GOLD X 750GR;9,00;;
VE;16136;LUMA-GOLD X 350GR;5,60;;
VE;16136;LUMA GOLD GR. 750 ZAPI;4,50;;
VE;16136;LUMA GOLD GR. 350 ZAPI;1,05;;
VE;16137;OSIRIS;2.345,00;;
VE;16137;OSIRIS X 5;1.180,00;;
VE;16137;OSIRIS LT 5;300,00;;
VE;16137;OSIRIS DA LT 5;250,00;;
VE;16139;SEGURIS XTRA;538,00;;
VE;16139;SEGURIS XTRA X 5LT #;535,00;;
VE;16139;SEGURIS XTRA x 1 lt;315,00;;
VE;16139;SEGURIS XTRA x 5 lt;180,00;;
VE;16139;SEGURIS XTRA X 1LT #;86,00;;
VE;16139;;27,00;;
VE;16139;SEGURIS XTRA DA LT.5;20,00;;
VE;16139;SEGURIS XTRA DA LT.1;8,00;;
VE;16149;BABEL x 1 lt;140,00;;
VE;16149;BABEL;55,00;;
VE;16161;CENTURY SL;4.250,00;;
VE;16161;CENTURY SL X 5LT;2.705,00;;
VE;16161;;70,00;;
VE;16169;VARADERO 400 SC;69,00;;
VE;16171;HADDEN X 0,5KG;9,00;;
VE;16172;CAL-EX 1.9 EW x 1 lt;228,00;;
VE;16172;CAL-EX 1,9 EW;170,00;;
VE;16172;CAL-EX 1.9 DA LT. 1;17,00;;
VE;16179;FOLLOW X 5KG #;100,00;;
VE;16182;CLICK MAIS PRO (DIXIE+CLICK PRO) PA;176,00;;
VE;16182;CLICK PRO;112,50;;
VE;16182;;27,00;;
VE;16182;DIDERBANTE CLICK MAIS PRO;16,20;;
VE;16187;QUBIC R PRO X 1LT # CLP;2,00;;
VE;16188;MEDIATOR PLUS;2,25;;
VE;16191;TRIMAXX x 1 lt;60,00;;
VE;16194;ETRAVON PRO;1.185,00;;
VE;16194;ETRAVON PRO X 1LT CLP;858,00;;
VE;16194;ETRAVON PRO  LT.1;178,00;;
VE;16194;ETRAVON PRO DA LT 1;114,00;;
VE;16194;;55,00;;
VE;16194;ETRAVON PRO LT 1;49,00;;
VE;16200;KUPROS 35WG X 10KG;1.000,00;;
VE;16205;IDROX 20 X 10KG;1.930,00;;
VE;16205;IDROX 20;10,00;;
VE;16206;MARKER 600;35,00;;
VE;16210;ZETARAM HI TECH;500,00;;
VE;16210;ZETARAM HI TECH X 10KG  #;350,00;;
VE;16210;ZETARAM HI TECH KG.10;100,00;;
VE;16210;ZETARAM HI TECH KG.1;24,00;;
VE;16210;;21,00;;
VE;16221;MADEX TOP X 0,100;20,80;;
VE;16221;MADEX TOP x 0,1 lt;8,10;;
VE;16224;CUPRORAM 37,5 WG;142,00;;
VE;16225;POLTIGLIA BLU 20 WG;14,00;;
VE;16227;FOLPAN COMBI x 5 kg;440,00;;
VE;16227;;110,00;;
VE;16227;FOLPAN COMBI;50,00;;
VE;16232;MINERVE X 1,5KG;54,00;;
VE;16242;CAPTAIN 80 X 5KG CLP;1.180,00;;
VE;16242;CAPTAIN 80 WG KG5;20,00;;
VE;16243;;5,60;;
VE;16255;PANTOX MAX;60,00;;
VE;16256;PANTOX 360 SL;1.334,00;;
VE;16260;WELTER MZ WG;12,00;;
VE;16282;DIMIX X 1LT CLP #;30,00;;
VE;16282;DIMIX;29,00;;
VE;16293;PACLOT NEW X 1LT #;11,00;;
VE;16293;PACLOT NEW x 1 lt;1,00;;
VE;16299;PASSAT SL x 5 lt;2.905,00;;
VE;16299;PASSAT SL x 1 lt;1.168,00;;
VE;16325;EPIK SL;329,85;;
VE;16325;EPIK SL X 5LT  CLP #;295,00;;
VE;16325;EPIK SL X 1LT CLP  #;92,00;;
VE;16325;EPIK SL 15 ML;45,00;;
VE;16325;EPIK SL x 1 lt;41,00;;
VE;16325;EPIK SL LT1;25,79;;
VE;16325;;21,88;;
VE;16325;EPIK SL x 5 lt;20,00;;
VE;16325;EPIK SL KG. 1 - 16325-;16,00;;
VE;16325;EPIK  SL  LT 1;9,00;;
VE;16325;EPIK SL 100 ML;1,10;;
VE;16325;EPIK SL 50 ML;0,95;;
VE;16325;EPIK SL 250 ML;0,25;;
VE;16363;SIRTAKI;450,00;;
VE;16363;SIRTAKI X 1LT CLP;184,00;;
VE;16363;;129,00;;
VE;16363;DISERBANTE SIRTAKI LT1;73,00;;
VE;16363;SIRTAKI x 1 lt;67,00;;
VE;16363;SIRTAKI DA LT 1;13,00;;
VE;16363;SIRTAKI LT.1;4,00;;
VE;16364;BISMARK;3.817,00;;
VE;16364;BISMARK X 5LT  CLP #;1.475,00;;
VE;16364;DISERBANTE BISMARK LT 1;1.358,00;;
VE;16364;BISMARK X 10LT CLP #;1.340,00;;
VE;16364;BISMARK x 1 lt;1.049,00;;
VE;16364;BISMARK x 10 lt;840,00;;
VE;16364;BISMARK LT 1;492,00;;
VE;16364;;385,00;;
VE;16364;BISMARK X 1LT  CLP #;222,00;;
VE;16364;BISMARK x 5 lt;100,00;;
VE;16364;BISMARK DA LT 1;30,00;;
VE;16369;ORTIVA TOP SC;11,00;;
VE;16379;PREV-AM PLUS;420,00;;
VE;16379;PREV-AM LT. 1;3,00;;
VE;16379;PREV-AM PLUS X 1LT;2,00;;
VE;16421;36 C TIPO B;24,00;;
VE;16438;VELUM PRIME;5,00;;
VE;16438;VELUM PRIME DA LT 0,50;1,00;;
VE;16438;VELUM PRIME X 0,5LT;1,00;;
VE;16438;VELUM PRIME ML 500;0,50;;
VE;16444;DIXIE MAIS;90,00;;
VE;16444;;21,60;;
VE;16459;SOLEIL 50 WG;18,00;;
VE;16459;;10,00;;
VE;16460;VELIERO 500 EC;15,00;;
VE;16480;3LOGY X 4LT  CLP;656,00;;
VE;16480;3LOGY;156,00;;
VE;16480;;8,00;;
VE;16483;TEMIDE 50 WG X 0,5KG;20,50;;
VE;16483;TEMIDE 50 WG;7,50;;
VE;16527;TELLUS WP  x 1 kg;60,00;;
VE;16528;GHIBLI 40 OD x 5 lt;1.000,00;;
VE;16528;GHIBLI 40 OD X 5LT;720,00;;
VE;16528;GHIBLI 40 OD;702,00;;
VE;16528;DISERBANTE GHIBLI 40 OD LT1;199,00;;
VE;16528;GHIBLI 40 OD X 1LT;193,00;;
VE;16528;GHIBLI 40 OD x 1 lt;168,00;;
VE;16528;GHIBLI OD 40 LT.1;72,00;;
VE;16528;GHIBLI OD 40 LT.5;40,00;;
VE;16528;GHIBLI 40 OD *5Lt;40,00;;
VE;16528;GHIBLI 40 OD *1Lt;16,00;;
VE;16534;TIXAL R SC;108,00;;
VE;16534;TIXAL R SC X 10LT;100,00;;
VE;16538;;30,00;;
VE;16545;COPRANTOL HI BIO 2.0;3.434,00;;
VE;16545;COPRANTOL HI BIO 2.0 X 10 KG;200,00;;
VE;16549;TIOGEL WG;15,00;;
VE;16553;;16,50;;
VE;16561;RIKALI;48,00;;
VE;16561;RIKALI X 1LT;24,00;;
VE;16567;TRICOPPERLAND x 10 kg;420,00;;
VE;16571;COPPER COMBI WG;96,00;;
VE;16571;VEBI COPPER COMBI WG 500 GR;5,50;;
VE;16669;DIGEO VIII;2.600,00;;
VE;16672;DD SOIL VIII;950,00;;
VE;16672;DD-SOIL VIII CERTIS  LT 50;150,00;;
VE;16673;RIFIT 500 X 10LT;40,00;;
VE;16684;TELONE II 2016;34.160,00;;
VE;16684;TELONE II 2016 x 200 lt;9.000,00;;
VE;16684;TELONE II  2016 LT 60 ORTICOLE;6.360,00;;
VE;16684;TELONE;1.020,00;;
VE;16713;STAM NOVEL FLO 2016 X 20LT;280,00;;
VE;16719;BEAM 16 X 1KG;90,00;;
VE;16728;AF-X1 DA KG 12,5;1.875,00;;
VE;16728;AF-X1;1.000,00;;
VE;16728;AF-X1 2016 x 12,5 kg;545,00;;
VE;16728;AF-X1 sacco kg 12,50;512,50;;
VI;13;THIOPRON x 10 lt;7.300,00;;
VI;13;THIOPRON;2.390,00;;
VI;17;U 46 COMBI FLUID;272,00;;
VI;17;U 46 COMBI FLUID x 1 lt;58,00;;
VI;40;ETRAVON SYNGENTA;8,00;;
VI;133;U 46 D-FLUID;12,00;;
VI;206;ALBENE x 25 lt;1.175,00;;
VI;206;ALBENE;14,00;;
VI;298;CUPRIN;7,00;;
VI;449;MOCAP;2.985,00;;
VI;449;MOCAP x 15 kg;180,00;;
VI;599;ACUPRICO 76 WG;20,00;;
VI;619;VALGRAN;139,00;;
VI;630;REGLONE W;1.341,00;;
VI;630;REGLONE W x 5 lt;75,00;;
VI;630;REGLONE W x 1 lt;23,00;;
VI;747;ZOLFO SPRUZ 95% MORMINO PB x 10 kg;720,00;;
VI;747;ZOLFO SPRUZZABILE;204,00;;
VI;779;TRIMANOC 80 WP;260,00;;
VI;779;TRIMANOC 80 WP x 1 kg;3,00;;
VI;844;MICROBAGNABILE 80;14,00;;
VI;886;SENCOR WG;35,50;;
VI;909;POLISOLFURO DI CALCIO POLISENIO;3.175,00;;
VI;909;POLIS. CALCIO POLISENIO x 25 kg;875,00;;
VI;1156;CHEMOL;7.301,00;;
VI;1179;KUMULUS DF;0,40;;
VI;1562;ERBITOX E 30 x 1 lt;41,00;;
VI;1573;BASAMID GRANULAT;500,00;;
VI;1583;MICROTHIOL DISPERSS;28.218,00;;
VI;1583;MICROTHIOL DISPERSS x 25 kg;8.075,00;;
VI;1583;MICROTHIOL DISPERSS x 15 kg;1.500,00;;
VI;1583;MICROTHIOL DISPERSS x 1 kg;770,00;;
VI;1714;KERB 80 EDF;144,00;;
VI;1714;KERB 80 EDF x 1 kg;21,00;;
VI;1714;KERB  80 EDF;4,00;;
VI;1823;ZOLFO 80 MICRONIZZATO;311,00;;
VI;1850;IDRORAME FLOW;276,50;;
VI;1850;KOL IDRORAME FLOW ML.250;2,50;;
VI;2191;WETTING PLUS;203,00;;
VI;2249;MALERBANE PRATI 400;202,00;;
VI;2249;MALERBANE PRATI;67,00;;
VI;2249;MALERBANE PRATI x 1 lt;9,00;;
VI;2259;PASTA LUMACHICIDA IN GRANI;1.529,30;;
VI;2260;GASTROTOX E;1,00;;
VI;2272;SILLIM;95,00;;
VI;2307;VECTOR;752,00;;
VI;2307;VECTOR x 1 lt;257,00;;
VI;2307;VECTOR x 5 lt;250,00;;
VI;2307;VECTOR x 20 lt;100,00;;
VI;2340;STOMP 330-E;8,00;;
VI;2353;BONALAN;364,00;;
VI;2353;BONALAN x 1 lt;29,00;;
VI;2353;BONALAN x 3  (+ KERB FLO X 1,5);6,00;;
VI;2368;PRATI SPECIAL;5,25;;
VI;2518;ACTELLIC 2P;11,70;;
VI;2520;ACTELLIC;0,20;;
VI;2634;BUGGY;15.119,00;;
VI;2732;GOLTIX x 5 kg (70%);145,00;;
VI;2732;GOLTIX;71,00;;
VI;2732;GOLTIX x 1 kg (70%);45,00;;
VI;2896;TETROSSIL x 25 kg;300,00;;
VI;2923;TIOVIT JET;54.683,50;;
VI;2923;TIOVIT JET GD x 25 kg;2.275,00;;
VI;2923;TIOVIT JET  10KG;670,00;;
VI;2934;MICROSOL 90;17,60;;
VI;2983;NIMROD;0,40;;
VI;2995;ESCARTOX;3.383,00;;
VI;2995;ZAPI LUMACHICIDA ORTO ESCARTOX KG 1;334,00;;
VI;2995;ZAPI LUMACHICIDA ORTO ESCARTOX GR50;57,50;;
VI;2995;ZAPI LUMACHICIDA META KG.5 (al kg.);10,00;;
VI;3065;OLIOCIN;1.304,50;;
VI;3065;BAYER OLIOCIN LT 1;34,00;;
VI;3065;BAYER OLIOCIN EW 250 ML;0,90;;
VI;3082;OLEOTER ESTATE;6,50;;
VI;3102;OLEOTER;468,25;;
VI;3132;SEPR-OIL;448,75;;
VI;3141;CUTHIOL;54,00;;
VI;3163;U 46 M STAR;8,00;;
VI;3219;CARAKOL AGRO;2.699,00;;
VI;3219;KARAKOL AGRO;412,00;;
VI;3219;KOL CARAKOL AGRO KG.1;75,00;;
VI;3313;ARAGOL L 40 ST;86,00;;
VI;3343;U46 M CLASS;114,00;;
VI;3397;ROGOR x 1;26,00;;
VI;3412;SYLLIT 65;12,00;;
VI;3468;DACOL L 40 ST;125,00;;
VI;3503;AGRUMIN;36,20;;
VI;3519;METAMBANE x 1 lt;10,00;;
VI;3553;CURZATE;5,00;;
VI;3555;CURZATE M;442,00;;
VI;3640;CUPROSTAR;2.410,00;;
VI;3658;SIPCAMOL E;286,50;;
VI;3701;CUPROSAR 40 WDG;65,00;;
VI;3754;BAGNANTE SARIAF;1.438,00;;
VI;3767;FENOXILENE MAX;34,00;;
VI;3771;ROVRAL WG x 1 kg;61,00;;
VI;3771;ROVRAL WG;14,00;;
VI;3772;BORIAL PLUS;9,00;;
VI;3793;DITHANE M-45;125,00;;
VI;3800;CRITTAM WG x 5 kg;130,00;;
VI;3800;CRITTAM WG;118,00;;
VI;3800;CRITTAM WG x 1 kg;101,00;;
VI;3800;CRITTAM WG x 20 kg;40,00;;
VI;3861;ROTIOFEN GOLD x 1 lt;278,00;;
VI;4011;PIRETRIN;0,12;;
VI;4012;RELDAN 22;615,92;;
VI;4012;RELDAN 22 x 1 lt;21,00;;
VI;4199;PENNCOZEB DG x 20 kg;2.680,00;;
VI;4199;PENNCOZEB DG;1.316,00;;
VI;4199;PENNCOZEB DG x 10 kg;140,00;;
VI;4199;PENNCOZEB DG x 1 kg;32,00;;
VI;4199;PENNCOZEB DG x 25 kg;25,00;;
VI;4228;ROGOR 400 ST;935,00;;
VI;4228;ROGOR 400 ST x 1 lt;104,00;;
VI;4264;VIC 19 L;0,90;;
VI;4326;ROGOR L 40 ST;209,00;;
VI;4326;ROGOR L 40 ST x 1 lt;30,00;;
VI;4461;IMIDAN WDG x 1 kg;23,00;;
VI;4461;IMIDAN WDG;3,00;;
VI;4552;DITHANE DG NEOTEC;1.524,00;;
VI;4710;ALIETTE;450,35;;
VI;4710;BAYER ALIETTE 250 GR;9,00;;
VI;4833;FANDANGO 360 SL;50,00;;
VI;4896;RIGENAL P;14,90;;
VI;5053;ACTELLIC 5;30,00;;
VI;5152;TIOSPOR WG;1.388,00;;
VI;5154;ARPEL TRIPLO BLU x 4 kg;16,00;;
VI;5228;CARAKOL;706,50;;
VI;5228;KARAKOL;17,50;;
VI;5299;MIBIOL;409,75;;
VI;5299;ZAPI MIBIOL COCCINIGLIA INV. 500 ML;10,50;;
VI;5346;OYLIR;7,00;;
VI;5414;RADICANTE POLVERE TALEE LEGNOSE;0,80;;
VI;5467;METADENE;342,00;;
VI;5512;DREAM;22,00;;
VI;5574;LUMAKIDIN 5G;1.142,00;;
VI;5576;KOLFLOR OLIO B;25,00;;
VI;5755;TILT 25 EC;43,50;;
VI;5755;TILT 25 EC x 0,5 lt;2,00;;
VI;5796;GARLON;27,00;;
VI;5796;GARLON x 1;10,00;;
VI;6001;BETAFIL FL;5,00;;
VI;6162;DE-SPROUT x 1000 lt;4.000,00;;
VI;6162;DE-SPROUT;40,00;;
VI;6321;STIMOLANTE 66F;14,52;;
VI;6322;OBSTHORMON 24A;1,00;;
VI;6401;MONDAK 21 S;22,00;;
VI;6555;K-OBIOL ULV 6;175,00;;
VI;6556;K-OBIOL DP2;169,00;;
VI;6556;K-OBIOL DP2 x 1 kg;13,00;;
VI;6557;K-OBIOL EC 25;4,00;;
VI;6674;AFALON DS;126,00;;
VI;6674;AFALON DS x 1 lt;54,00;;
VI;6704;TIOLENE 80 WG;5,00;;
VI;6719;LIOSOL BETA;4,00;;
VI;6738;GLEAN 75 DF;1,10;;
VI;6751;RASEN FLORANID;34,50;;
VI;6766;BUTISAN S;10,00;;
VI;6816;NU BAIT;24,00;;
VI;6945;TOPAS 10 EC;247,80;;
VI;6945;TOPAS 10 EC x 1 lt;1,00;;
VI;6956;TARGA FLO;247,00;;
VI;6956;TARGA FLO x 1 lt;26,00;;
VI;6956;TARGA FLO x 5 lt;20,00;;
VI;6978;BETTER 400;640,00;;
VI;6978;BETTER 400 x 5 lt;5,00;;
VI;7020;BAGNANTE CIFO;37,00;;
VI;7053;PASTA CAFFARO NC;104,00;;
VI;7055;PASTA CAFFARO BLU;1.533,00;;
VI;7101;LIMAVAL;456,50;;
VI;7252;ZOLFO DOPPIO VENTILATO SCORREVOLE 9;20,00;;
VI;7368;TURFENE L;183,00;;
VI;7369;SYLLIT FLO;188,95;;
VI;7369;BAYER SYLLIT FLO 250 ML;3,25;;
VI;7370;TETRASOL LIQUIDO;39,00;;
VI;7379;VENZAR;35,50;;
VI;7390;CHIPCO GREEN;20,00;;
VI;7401;POLTIGLIA CAFFARO 20 DF NEW;117,00;;
VI;7411;DIRAGER;0,50;;
VI;7454;ORMONE AG COMPRESSE;2,00;;
VI;7483;DEVRINOL F;516,00;;
VI;7534;ROYAL MH;700,00;;
VI;7541;APOLLO SC;1,50;;
VI;7541;APOLLO SC x 0,5 lt;0,50;;
VI;7543;ERBITOX COMBI x 1 lt;11,00;;
VI;7550;ZETA 80;2,30;;
VI;7555;KLARTAN 20 EW;54,85;;
VI;7608;DASKOR;16,00;;
VI;7611;ENOVIT METIL FL;883,00;;
VI;7611;ENOVIT METIL FL x 1 lt;136,00;;
VI;7611;ENOVIT METIL FL x 5 lt;10,00;;
VI;7700;MATACAR FL;17,60;;
VI;7700;MATACAR FL  200ML;1,00;;
VI;7700;MATACAR FL x 0,2 lt;0,80;;
VI;7764;TIOLENE;8,00;;
VI;7767;ACARISTOP 20 SC;0,04;;
VI;7876;PIRIMOR 17,5;22,00;;
VI;7876;PIRIMOR 17,5 x 1 (n.reg.min.7876);1,00;;
VI;7889;NURELLE D;33,00;;
VI;7889;NURELLE D  x 1;4,00;;
VI;7916;POLYRAM DF;10.968,00;;
VI;7916;POLYRAM DF x 25 kg;1.400,00;;
VI;7916;POLYRAM DF 2KG;68,00;;
VI;7916;POLYRAM DF x 2 kg (+ FORUM 50 WP);30,00;;
VI;7919;TOUCHDOWN;3.623,75;;
VI;7919;TOUCHDOWM;1.285,00;;
VI;7919;TOUCHDOWN x 20 lt;600,00;;
VI;7919;TOUCHDOWN x 5 lt;20,00;;
VI;7922;OPALENE;8,50;;
VI;7930;KERB FLO;4,50;;
VI;7930;KERB FLO   1,5LT;4,50;;
VI;7930;KERB FLO x 1,5 (+BONALAN X 3);3,00;;
VI;7957;ROVRAL PLUS;781,00;;
VI;7958;RONSTAR FL;67,00;;
VI;7958;RONSTAR FL x 5 lt;40,00;;
VI;7958;RONSTAR FL x 1 lt;6,00;;
VI;7961;RIZOLEX  GOLD;57,00;;
VI;7984;STRATOS;40,00;;
VI;7984;STRATOS x 1 lt;1,00;;
VI;7998;PRIMOSOL 80 WDG;86,40;;
VI;8001;AGRO-PYR;8,64;;
VI;8067;AGRIGOLF;59,00;;
VI;8102;MERPAN 80 WDG;1.693,00;;
VI;8102;MERPAN 80 WDG x 1 kg;8,00;;
VI;8106;CIMOZEB;5,00;;
VI;8111;GEOPYR;4,90;;
VI;8117;BASTA 200;1.550,00;;
VI;8117;BASTA 200 x 5 lt;260,00;;
VI;8117;BASTA 200 x 15 lt;210,00;;
VI;8129;BETOZON 65 DF;2,00;;
VI;8139;MANTA GOLD;102,00;;
VI;8146;GALLERY;77,00;;
VI;8146;GALLERY x 0,5 lt;4,50;;
VI;8155;CATOR;70,00;;
VI;8156;DEVOX;24,00;;
VI;8184;CHALLENGE;233,00;;
VI;8184;CHALLENGE x 5 lt;55,00;;
VI;8184;CHALLENGE x 1 lt;12,00;;
VI;8189;FORCE;35.420,00;;
VI;8189;FORCE x 10 kg;16.170,00;;
VI;8201;GLISTER;3.011,25;;
VI;8207;LONTREL 75 G;0,40;;
VI;8225;BLUE SHIELD x 10 kg;230,00;;
VI;8229;RAPAX;11,20;;
VI;8351;Z.M. 75 DG;60,00;;
VI;8360;PULL 52 DF;0,10;;
VI;8376;ARIANE DUE x 5 lt;1.880,00;;
VI;8376;ARIANE DUE x 1 lt;575,00;;
VI;8376;ARIANE II;516,00;;
VI;8377;GLIFOSIM;31,50;;
VI;8382;ROUNDUP BIOFLOW;996,92;;
VI;8429;GLYFOS SL;3.991,00;;
VI;8429;GLIFOS SL;55,00;;
VI;8498;FOLICUR WG;206,50;;
VI;8498;FOLICUR WG x 0,5 kg;31,00;;
VI;8499;EFESTO;843,00;;
VI;8540;PAMPA;245,00;;
VI;8542;FORUM 50 WP;430,60;;
VI;8542;FORUM 50 WP x 1,2 kg (+ POLYRAM DF);7,20;;
VI;8546;DANITRON;1,00;;
VI;8547;LOGRAN;3,09;;
VI;8558;PIRETRO VERDE;12,84;;
VI;8565;ROUNDUP RTU;221,00;;
VI;8601;FOLPAN 80 WDG;10.538,00;;
VI;8601;FOLPAN 80 WDG x 5 kg;480,00;;
VI;8601;FOLPAN 80 WDG x 1 kg;68,00;;
VI;8646;ACTIVUS EC;579,00;;
VI;8646;ACTIVUS EC x 5 lt;220,00;;
VI;8646;ACTIVUS EC x 1 lt;64,00;;
VI;8656;GLIFENE HP;3,75;;
VI;8690;PERFEKTHION TOP;4,00;;
VI;8706;AMID THIN W;2,50;;
VI;8715;DIRAMID x 1 kg;1,00;;
VI;8721;NEXTER;13,00;;
VI;8729;FORUM R x 1 kg;17,00;;
VI;8729;FORUM R;1,00;;
VI;8731;ACROBAT R x 10 kg;140,00;;
VI;8735;TREBON UP;210,04;;
VI;8735;TREBON UP x 0,5 lt;21,00;;
VI;8742;INDAR 5EW;391,00;;
VI;8742;INDAR 5 EW;22,00;;
VI;8743;GREENEX;87,40;;
VI;8743;BAYER GREENEX 500 ML;1,00;;
VI;8743;BAYER GREENEX - NF 100 ML;0,60;;
VI;8795;VERTIMEC EC;147,62;;
VI;8796;SELECT;63,00;;
VI;8797;BINAL PRO;388,00;;
VI;8801;SCORE 25 EC;100,65;;
VI;8801;SCORE 25 EC x 1 lt;2,00;;
VI;8836;MIMIC;34,00;;
VI;8837;GERMON BEWURZELUNGSPUDER PER TALEE ;32,50;;
VI;8838;GERMON BEWURZELUNGSPUDER PER TALEE ;4,02;;
VI;8841;CYREN 7,5 G;693,00;;
VI;8841;ZAPI ANTIFORMICA ORTO CYREN KG 1;128,00;;
VI;8841;CYREN 7.5 G;44,00;;
VI;8841;CYREN 7,5 G  X 10;10,00;;
VI;8843;NISSHIN;341,00;;
VI;8859;MASTIFF x 1 lt;1.365,00;;
VI;8859;MASTIFF x 5 lt;1.335,00;;
VI;8859;MASTIFF x 20 lt;520,00;;
VI;8859;MASTIFF;434,00;;
VI;8882;ULTRA FINE OIL;11,00;;
VI;8886;SAFARI;13,32;;
VI;8886;SAFARI x 120 gr;1,68;;
VI;8886;SAFARI  120GR;0,12;;
VI;8909;FUNGIMAN COMBI;3,00;;
VI;8933;SOLEAS;6,00;;
VI;8934;SCALA;491,00;;
VI;8934;SCALA x 1 lt (FUNGICIDA BASF);60,00;;
VI;8934;SCALA x 5 lt (FUNGICIDA BASF);45,00;;
VI;8937;MASAI 20 WP;10,00;;
VI;8984;GLIPHOGAN TOP MK;931,00;;
VI;8987;CONFIDOR 200 SL;749,94;;
VI;8987;BAYER CONFIDOR 200 SL ML 10;17,00;;
VI;8987;BAYER CONFIDOR 200 SL ML 50;3,80;;
VI;8987;BAYER CONFIDOR 200 SL ML 5;0,15;;
VI;9005;AGIL;2.356,30;;
VI;9005;AGIL  5LT;85,00;;
VI;9010;RAMEZIN COMBI WG;949,00;;
VI;9012;CUPROCAFFARO MICRO;14.997,00;;
VI;9036;ACTIVUS;0,10;;
VI;9038;OPINION;16,70;;
VI;9079;REGRAN COMBI;19,00;;
VI;9100;ZOLFO RAMATO 3 R;150,00;;
VI;9131;PYRINEX ME;1.333,00;;
VI;9131;PYRINEX ME x 1 lt;118,00;;
VI;9131;PYRINEX ME x 5 lt;90,00;;
VI;9148;SYLLIT 355 SC;444,25;;
VI;9153;CYREN 44 EC x 10 lt;390,00;;
VI;9153;CYREN 44 EC;122,00;;
VI;9153;CYREN 44 EC x 1 lt;64,00;;
VI;9171;GALBEN R 4-33;120,00;;
VI;9210;QUADRIS;31,00;;
VI;9267;ROYALTAC N;8.980,00;;
VI;9279;MERLIN COMBI;25,00;;
VI;9280;TOPAS 200 EW;62,50;;
VI;9280;TOPAS 200 EW x 0,5 lt;35,00;;
VI;9286;OHAYO x 1 lt;7,00;;
VI;9306;PROPLANT;18,00;;
VI;9311;CUPROSSIL IDRO 25 WP;420,00;;
VI;9322;GOLTIX STAR;68,00;;
VI;9330;GLIFO 41;17,50;;
VI;9335;SILGLIF MK x 20 lt;4.160,00;;
VI;9335;SILGLIF MK;80,00;;
VI;9339;BETANAL EXPERT;302,00;;
VI;9342;DELTRIN;220,80;;
VI;9364;RAPIDO;1.303,00;;
VI;9371;PEAK;0,08;;
VI;9374;MATCH TOP;11,00;;
VI;9400;GLIFOGAN PRONTO;99,25;;
VI;9410;SUMICIDIN ECHO;238,00;;
VI;9411;RADIP ORMON;4,80;;
VI;9422;EVADE;1.300,91;;
VI;9422;EVADE x 1 lt;63,00;;
VI;9422;EVADE x 5 lt;60,00;;
VI;9422;ZAPI DISERBO EVADE 500 ML NR 9422;22,00;;
VI;9422;ZAPI DISERBO EVADE 100 ML NR 9422;2,80;;
VI;9443;ENDOGERME;71,80;;
VI;9449;EMERALD COMBI;1.423,00;;
VI;9463;KLARO KIT;431,00;;
VI;9518;ROSATE 36 x 20 lt;420,00;;
VI;9531;SEQURA WG;13,00;;
VI;9575;DRIBBLING 240 EC;1,00;;
VI;9578;SWITCH;654,85;;
VI;9578;SWITCH x 1 kg;208,00;;
VI;9578;SWITCH   250GR;4,25;;
VI;9578;SWITCH 300GR;0,60;;
VI;9602;GLIFOSAR;2.170,00;;
VI;9612;OSSICLOR 30;6.028,00;;
VI;9627;POLTIGLIA BORDOLESE DISPERSS;264,00;;
VI;9631;METRIN EC;13,00;;
VI;9634;CARNIVAL;117,00;;
VI;9636;OSSIRAM COMBI WP;7,00;;
VI;9668;RUFAST E-FLO;63,32;;
VI;9668;RUFAST E-FLO x 1 lt;10,00;;
VI;9668;ZAPI INSETTICIDA ACARI RUFAST ML 50;0,30;;
VI;9668;ZAPI INSETTICIDA ACARI RUFAST ML 10;0,03;;
VI;9675;PANTOX 360;82,25;;
VI;9678;M70 DF;360,00;;
VI;9689;AURIGA;1,00;;
VI;9694;SIMITAR 5 EW x 1 lt;48,00;;
VI;9694;SIMITAR 5 EW;4,80;;
VI;9705;PREVITER;34,15;;
VI;9705;PREVITER (ANTIPHYTIUM);18,00;;
VI;9705;PREVITER ANTIPYTHIUM  ML 100;1,00;;
VI;9705;PREVITER ANTIPYTHIUM LT 1;1,00;;
VI;9712;MATADOR         EC X 0.500;6,00;;
VI;9713;HORIZON x 1 lt;51,00;;
VI;9723;DE-SPROUT N x 10 lt;3.760,00;;
VI;9724;TIOWETTING DF;10.979,00;;
VI;9726;GLIFOSAN;53,95;;
VI;9744;SCORE 10 WG x 1 kg;1,00;;
VI;9747;FURY;37,47;;
VI;9747;ZAPI POLIVALENTE ABBAT ML.50 FURY;0,50;;
VI;9747;ZAPI POLIVALENTE ABBAT ML.10 FURY;0,21;;
VI;9757;SPYRALE;121,00;;
VI;9757;SPYRALE x 1 lt;17,00;;
VI;9758;COPRANTOL WG;1.499,00;;
VI;9767;NUFOS 7,5 G;315,00;;
VI;9787;MICROBAGNABILE WG;1.364,00;;
VI;9790;CONTATTO 320;32,00;;
VI;9790;CONTATTO 320  x 1;23,00;;
VI;9794;PLANET C X  10;10,00;;
VI;9800;MAVRIK 20 EW;67,27;;
VI;9800;MAVRIK 20 EW x 1 lt;13,00;;
VI;9800;MAVRIK 20 EW x 0,150 lt;0,39;;
VI;9802;COPRANTOL HI BIO;13,00;;
VI;9802;COPREN HI BIO;2,00;;
VI;9832;TREK P x 20 lt;1.700,00;;
VI;9832;TREK P x 5 lt;1.510,00;;
VI;9832;TREK P;155,00;;
VI;9832;TREK P x 1 lt;18,00;;
VI;9843;BASAGRAN SG;255,00;;
VI;9843;BASAGRAN SG x 3 kg;93,00;;
VI;9867;4 STAGIONI;64,25;;
VI;9872;AKRIS;160,00;;
VI;9900;FLAVOS;16,00;;
VI;9938;MASTER;3,75;;
VI;9940;ZELIG GR;1.808,50;;
VI;9940;ZELIG GR x 10 kg;490,00;;
VI;9941;BUMPER P x 1 lt;55,00;;
VI;9941;BUMPER P;2,72;;
VI;9954;JOKER;1.391,00;;
VI;9954;JOKER   LT 5;30,00;;
VI;9963;METIDANE 22 x 1 lt;212,00;;
VI;9963;METIDANE 22 x 5 lt;190,00;;
VI;9963;METIDANE 22;46,00;;
VI;9989;SVELLER;2,75;;
VI;9995;ARIUS;271,00;;
VI;9995;ARIUS x 1 lt;19,00;;
VI;10005;SCOTTS WEEDCONTROL;51,00;;
VI;10029;KING;14,63;;
VI;10048;KUMULUS TECNO;11.950,00;;
VI;10048;KUMULUS TECNO x 25 kg;350,00;;
VI;10049;DURSBAN 75 WG;488,00;;
VI;10049;DURSBAN 75 WG x 1 kg;326,00;;
VI;10057;ARPEL WDG;73,00;;
VI;10057;ARPEL WDG x 1 kg;6,00;;
VI;10063;TOPIK 80 EC x 0,75 lt;3,75;;
VI;10088;MAXIM  X 1 CONF. (10 PASTIGLIE);0,30;;
VI;10105;RIDOMIL GOLD SL;8,50;;
VI;10105;RIDOMIL GOLD SL 20 x 0,25 lt;0,25;;
VI;10116;VAPOR GARD;50,00;;
VI;10117;STRATOS ULTRA;739,00;;
VI;10117;STRATOS ULTRA x 5 lt;195,00;;
VI;10118;AMISTAR x 1 lt;25,00;;
VI;10118;AMISTAR;1,00;;
VI;10127;DECIS JET;272,08;;
VI;10127;BAYER DECIS JET ML 50 NR 10127 Xi;3,25;;
VI;10127;BAYER DECIS JET ML 10 NR 10127 Xi;0,94;;
VI;10154;BORDOFLOW SECTOR;51,00;;
VI;10158;PIREFLOR;2,12;;
VI;10161;ORTIVA;222,99;;
VI;10161;ORTIVA x 1 lt;29,00;;
VI;10183;GARLON EV;88,00;;
VI;10185;ZERGAN EV;25,70;;
VI;10187;NAUTILE DG x 10;130,00;;
VI;10187;NAUTILE DG GD x 1;37,00;;
VI;10187;NAUTILE DG;6,00;;
VI;10224;EMME H (N. ETICHETTA) X 10;1.240,00;;
VI;10224;EMME H x 10 lt;220,00;;
VI;10230;LUMAPLUS;1.248,50;;
VI;10233;BORDOSEP;143,00;;
VI;10263;DRIVER ERBICIDA LT 1;14,00;;
VI;10263;DRIVER;8,10;;
VI;10272;CEREXIL M DG x 10 kg;2.310,00;;
VI;10272;CEREXIL M DG x 1 kg;36,00;;
VI;10272;CEREXIL M DG;11,00;;
VI;10285;TOMAHAWK;66,00;;
VI;10296;IPERION x 20 kg;1.100,00;;
VI;10296;IPERION x 1 kg;257,00;;
VI;10296;IPERION x 10 kg;170,00;;
VI;10296;IPERION;12,00;;
VI;10305;OIKOS;41,50;;
VI;10306;MISTRAL;811,00;;
VI;10318;MERLIN GP;15,00;;
VI;10329;FORUM MZ WG;271,00;;
VI;10350;BLAST SG;78,00;;
VI;10357;RIGRON SG;129,00;;
VI;10372;RASIKAL QUICK;441,00;;
VI;10373;CONTEST;37,00;;
VI;10373;CONTEST x 1 kg;11,00;;
VI;10396;LIZOCIN;2,87;;
VI;10404;CLINIC 360 SL;7.310,50;;
VI;10423;LUMACHICIDA VEBI;1.151,00;;
VI;10423;LUMACHICIDA KG.1 VEBI;93,00;;
VI;10423;LUMACHICIDA KG.5 VEBI (NEW);20,00;;
VI;10424;VEBIGLYF;0,50;;
VI;10425;SCUDEX;46,80;;
VI;10426;PROTIL EC;110,00;;
VI;10439;SPRAY DUNGER GLOBAL x 1 lt;7,00;;
VI;10447;NOVEL DUO;93,00;;
VI;10456;KLARO ULTRA;1.099,75;;
VI;10456;ZAPI DISERBO KLARO ULTRA 1 LT;185,00;;
VI;10456;ZAPI DISERBO TOTALE KLARO ULTRA 250;3,75;;
VI;10461;DICOTURF;30,45;;
VI;10465;ROUNDUP MAX;90,00;;
VI;10465;ROUNDUP MAX x 10 kg;30,00;;
VI;10471;OLOVER;29,75;;
VI;10477;LAS VEGAS x 1 lt;2,00;;
VI;10479;NATURALIS;7,00;;
VI;10492;VEBIZOLFO FLOW;1,50;;
VI;10493;RUNNER LO;488,00;;
VI;10494;PREMIUM TOP;3.123,75;;
VI;10494;DISERBANTE TOTALE PREMIUM TOP 1 LT.;6,00;;
VI;10504;KELLY WG x 10 kg;350,00;;
VI;10504;KELLY WG x 1 kg;70,00;;
VI;10509;MASTIFF ULTRA;64,00;;
VI;10532;TELDOR x 1;2,00;;
VI;10560;PIRETRO NATURA;116,00;;
VI;10565;DICOTIL EXTRA;404,65;;
VI;10565;DICOTIL EXTRA ERBICIDA LT 1;9,00;;
VI;10568;ZOOMER;2.040,00;;
VI;10568;ZOOMER  x 5;10,00;;
VI;10568;ZOOMER  x 1;2,00;;
VI;10573;KOCIDE 2000;874,00;;
VI;10573;KOCIDE 2000 x 10 kg;280,00;;
VI;10582;PAM;12,00;;
VI;10584;SHAMAL MK PLUS;32,70;;
VI;10585;SULCOTREK;577,00;;
VI;10585;SULCOTREK x 5 lt;200,00;;
VI;10585;SULCOTREK  5LT;115,00;;
VI;10585;SULCOTREK x 1 lt;31,00;;
VI;10587;FOLPAN SC;30,00;;
VI;10588;BIOPIREN PLUS;30,00;;
VI;10589;FLORA VERDE;0,75;;
VI;10604;EMERALD 40 EW;52,58;;
VI;10604;BAYER EMERALD  50 ML;17,00;;
VI;10632;COBRE NORDOX SUPER 75 WG;682,00;;
VI;10632;COBRE NORDOX SUPER 75 WG x 5 kg;10,00;;
VI;10638;MANCOZEB MANICA 75 WG;775,00;;
VI;10641;MANCOZEB MANICA 80 PB;325,00;;
VI;10671;COPERNICO x 10 kg;60,00;;
VI;10690;FUNGIBEN COMBI;60,00;;
VI;10701;CUMETA FLOW;152,00;;
VI;10710;TOMAGAN;6,00;;
VI;10715;SILGLIF NF x 20 lt;4.440,00;;
VI;10715;SILGLIF NF x 5 lt;420,00;;
VI;10715;SILGLIF NF x 1 lt;18,00;;
VI;10734;DUAL GOLD;1.643,00;;
VI;10734;DUAL GOLD x 5 lt;435,00;;
VI;10734;DUAL GOLD x 1 lt;352,00;;
VI;10735;PRIMAGRAM GOLD;4.297,00;;
VI;10735;PRIMAGRAM GOLD x 5 lt;1.375,00;;
VI;10735;PRIMAGRAM GOLD x 20 lt;1.140,00;;
VI;10735;PRIMAGRAM GOLD x 1 lt;31,00;;
VI;10741;METACINQUE;400,50;;
VI;10752;STEWARD;122,75;;
VI;10752;STEWARD x 0,500 kg;4,00;;
VI;10752;STEWARD x 0,250 kg;3,25;;
VI;10752;STEWARD 250GR;1,75;;
VI;10753;FOLICUR SE;11,95;;
VI;10758;BEETUP-TRIO;50,00;;
VI;10771;MOST MICRO;1.935,60;;
VI;10771;MOST MICRO x 1 lt;4,00;;
VI;10780;LUMABLOC;2,00;;
VI;10784;FENICRIT;2,80;;
VI;10890;FLIPPER x 10 lt;110,00;;
VI;10890;FLIPPER x 0,5 lt;5,50;;
VI;10890;FLIPPER;0,90;;
VI;10892;OSSICLOR 50 PB MANICA;60,00;;
VI;10897;AMEGA DISERBO TOTALE LT 1;51,00;;
VI;10897;AMEGA DISERBO TOTALE ML 250;4,00;;
VI;10926;ALTOREX;41,00;;
VI;10926;ALTOREX x 1 lt;6,00;;
VI;10929;CHIKARA 25 WG;12,70;;
VI;10929;CHIKARA  x 0,2 kg;2,80;;
VI;10929;CHIKARA x 50 gr;0,95;;
VI;10936;NAAK 480 x 1 lt;51,00;;
VI;10936;NAAK 480;10,00;;
VI;10938;MANCOSIM 75 DF x 25 kg;200,00;;
VI;10939;CP 40 AGRO;1,00;;
VI;10944;KARATE ZEON;55,25;;
VI;10970;NECOLIM;9,00;;
VI;10973;PYRINEX PRONTO;36,00;;
VI;10976;METEOR;1.066,73;;
VI;10976;METEOR x 1 lt;265,00;;
VI;10976;METEOR x 0,25 lt;53,00;;
VI;10985;MEVAXIL M;520,00;;
VI;10986;KASKO R;106,00;;
VI;10998;RASIKAL ULTRA;1,00;;
VI;10999;BETANAL SE;62,00;;
VI;11011;DASH HC;1.304,00;;
VI;11011;DASH HC x 1 lt;244,00;;
VI;11011;DASH HC x 5 lt;115,00;;
VI;11011;DASH HC  LT5;35,00;;
VI;11012;AURA;1,00;;
VI;11013;CIOPPER;344,50;;
VI;11027;MET-BLOC;2,00;;
VI;11029;PYRINEX M 22;43,00;;
VI;11029;PYRINEX M 22 x 1 lt;15,00;;
VI;11041;FOLMAK COMBI x 1 kg;31,00;;
VI;11041;FOLMAK COMBI;30,00;;
VI;11041;VITIL COMBI;1,00;;
VI;11045;DODIPREV 35;213,25;;
VI;11045;KOL DODIPREV 35 ML.250;12,25;;
VI;11059;BIOPOWER;664,00;;
VI;11059;BIOPOWER x 1 lt;141,00;;
VI;11059;BIOPOWER x 4 lt;40,00;;
VI;11059;BIOPOWER x 2 lt;24,00;;
VI;11062;BION 50 WG;2,00;;
VI;11062;BION 50 WG x 0,5 kg;0,50;;
VI;11070;TIOGOLD DISPERSS x 25 kg;25.475,00;;
VI;11070;TIOGOLD DISPERSS;1,35;;
VI;11102;HELIOSOUFRE S;217,40;;
VI;11102;HELIOSOUFRE S x 10 kg;130,00;;
VI;11104;CUPROFIX 30 DISPERSS non col.x 10;10,00;;
VI;11105;CUPROFIX 30 DISPERS BLU x 10;130,00;;
VI;11106;MANFIL 75 WG x 10 kg;20,00;;
VI;11107;ECO-TRAP;197,00;;
VI;11107;ECO-TRAP x 1 (100 TRAPPOLE);26,60;;
VI;11119;FLINT;37,00;;
VI;11119;FLINT x 0,5 kg;36,50;;
VI;11120;ZENITH;71,00;;
VI;11130;DISERBOFACILE;33,00;;
VI;11133;SHELTER;166,00;;
VI;11157;PROPYDOR;22,30;;
VI;11173;AVAUNT EC;340,00;;
VI;11173;AVAUNT 150 EC x 1 lt;230,00;;
VI;11173;AVAUNT EC x 1 (+CORAGEN) TW.P.MAIS;65,00;;
VI;11173;AVAUNT EC  1LT;3,00;;
VI;11190;PENCOR 10 EC;1,50;;
VI;11196;SULFAR   X 5;5,00;;
VI;11201;PROPYFLOR;25,00;;
VI;11206;CODACIDE;1.702,50;;
VI;11206;BAGNANTE CODACIDE x 2,5 lt;190,00;;
VI;11206;CODACIDE  2,5LT;123,50;;
VI;11206;CODACIDE   10LT;20,00;;
VI;11206;BAGNANTE CODACIDE x 10 lt;10,00;;
VI;11212;BATKUR;29,00;;
VI;11223;GALIGAN 500 SC;1,50;;
VI;11243;LEOPARD 5 EC;1.268,00;;
VI;11243;LEOPARD 5 EC x 1 lt;689,00;;
VI;11243;LEOPARD 5 EC x 5 lt;90,00;;
VI;11253;CALLISTO;532,00;;
VI;11253;CALLISTO x 1 lt;30,00;;
VI;11253;CALLISTO x 5 lt;15,00;;
VI;11257;COSTAR WG;7,50;;
VI;11258;FAZOR STAR;110,00;;
VI;11301;SPHERE;259,00;;
VI;11303;CHAMP DP;2.110,00;;
VI;11313;PROXAN SL;10,00;;
VI;11341;STARANE GOLD;609,00;;
VI;11341;STARANE GOLD x 1 lt;217,00;;
VI;11344;PICKILL EC;2,00;;
VI;11345;ZOLVIS 80 WDG;1.075,00;;
VI;11353;FUSILADE MAX;323,00;;
VI;11353;FUSILADE MAX x 5 lt;40,00;;
VI;11353;FUSILADE MAX x 1 lt;24,00;;
VI;11359;SARCAP 800;5,00;;
VI;11360;GRIP 25;30,60;;
VI;11360;GRIP 25 ML 500;4,50;;
VI;11382;GARDENE PLUS;60,00;;
VI;11390;VITENE TRIPLO BLU;104,00;;
VI;11393;BEETLE;92,00;;
VI;11396;WIRK;24,00;;
VI;11400;ADINA 10;0,37;;
VI;11402;MELODY COMBI;875,00;;
VI;11403;MELODY COMPACT;1.527,50;;
VI;11403;MELODY COMPACT x 10 kg;10,00;;
VI;11403;MELODY COMPACT x 1 kg;9,00;;
VI;11403;BAYER MELODY COMPACT GR 250 NR 1104;1,50;;
VI;11416;OVIPRON TOP x 5 lt;250,00;;
VI;11416;OVIPRON TOP x 20 lt;20,00;;
VI;11416;OVIPRON TOP;4,00;;
VI;11416;OVIPRON TOP x 1 lt;3,00;;
VI;11418;ROUNDUP 450 PLUS;1,00;;
VI;11448;KICKER;710,00;;
VI;11449;GARDOPRIM GOLD;855,00;;
VI;11449;GARDOPRIM GOLD x 20 lt;480,00;;
VI;11449;GARDOPRIM GOLD x 5 lt;260,00;;
VI;11483;Cosavet DF Edge;610,00;;
VI;11483;COSAVET DF;4,00;;
VI;11494;GLYFOS PRO;20,00;;
VI;11497;CRITTOVIT WG x 20 kg;4.000,00;;
VI;11499;BUSTER;0,30;;
VI;11505;READY GERMIPLUS;2.536,00;;
VI;11523;SEPRADINA SC;360,95;;
VI;11525;FUNGIDINA;198,50;;
VI;11525;ZAPI BOLLA FUNGIDINA LT 0,5;105,00;;
VI;11526;SULTAN;150,00;;
VI;11526;SULTAN x 1 lt;24,00;;
VI;11527;PYRINEX QUICK;661,28;;
VI;11527;PYRINEX QUICK x 5 lt;70,00;;
VI;11527;PYRINEX QUICK x 1 lt;44,00;;
VI;11551;ISOMATE C PLUS;1.200,00;;
VI;11551;ISOMATE C.PLUS (CARPOCAPSA);9,50;;
VI;11561;NEEMAZAL T/S;320,74;;
VI;11561;NEEM AZAL-T/S x 1 lt;23,00;;
VI;11561;NEEM AZAL-T/S x 5 lt;15,00;;
VI;11561;BAYER NEEM AZAL 15 ML;4,00;;
VI;11561;BAYER NEEM AZAL 75 ML;4,00;;
VI;11566;ZOLFO 80 WP;251,00;;
VI;11569;CUPROXAT S.D.I.;695,00;;
VI;11586;TOP AGAN x 1 lt;13,00;;
VI;11587;CAMBEL S;892,00;;
VI;11596;CALYPSO;42,50;;
VI;11600;CRUISER 350 FS;30,00;;
VI;11611;VYDATE 10L;10,00;;
VI;11614;ACTARA 25 WG;359,46;;
VI;11614;ACTARA 25 WG x 0,5 kg;67,00;;
VI;11614;ACTARA 25 WG x 0,1 kg;4,80;;
VI;11614;ACTARA 25 WG  500GR;1,50;;
VI;11614;ACTARA 25 WG  100GR;1,00;;
VI;11619;TIOFLOR WDG;1.809,00;;
VI;11626;PIT STOP x 1 lt;8,00;;
VI;11626;PITSTOP;5,50;;
VI;11638;FLUORATE;292,80;;
VI;11642;PIKAR;15,50;;
VI;11649;COMMAND 36 CS;85,75;;
VI;11649;COMMAND 36 CS x 0,25 lt;2,00;;
VI;11649;COMMAND 36 CS x 1 lt;2,00;;
VI;11653;FOLIO GOLD 537,5 SC;227,00;;
VI;11653;FOLIO GOLD 537,5 SC x 1 lt;18,00;;
VI;11654;GRIZZLY EC x 1 lt;17,00;;
VI;11654;GRIZZLY EC;3,00;;
VI;11659;HERBITOTAL S;111,25;;
VI;11660;SHOGUN;694,00;;
VI;11666;FASER;240,00;;
VI;11668;PLENUM 50 WG;0,45;;
VI;11678;ACTELLIC 2P NEWPHARM;54,00;;
VI;11687;ACTELLIC 5 NEWPHARM;250,00;;
VI;11690;GOAL 480 SC;585,00;;
VI;11693;LASER;39,60;;
VI;11693;LASER x 0,5 lt (Spinosad);10,50;;
VI;11693;LASER  ML100;0,10;;
VI;11694;CONSERVE SC;1,21;;
VI;11698;MINUET;32,35;;
VI;11700;BOTANIGARD 22 WP;0,20;;
VI;11703;GEOTOX L;111,00;;
VI;11704;OLIO OGNISTAGIONE;12,75;;
VI;11710;GARDIUS 40 ST;3,50;;
VI;11711;MEXIRAM HI BIO;50,00;;
VI;11722;GEONEX;24,00;;
VI;11730;COSMOTRIN;0,65;;
VI;11732;ALLEATO 80 WG;44,00;;
VI;11732;ALLEATO 80 WG x 1 kg;10,00;;
VI;11735;DELICIA CONTRA-LUMACHE;9,60;;
VI;11744;CIPERBLOC;28,00;;
VI;11752;ENVIDOR 240 SC;16,00;;
VI;11752;ENVIDOR 240 SC x 0,5 lt;3,00;;
VI;11760;POLITHIOL;1.140,00;;
VI;11760;POLITHIOL x 20 lt;820,00;;
VI;11779;KOP-TWIN;3,00;;
VI;11786;AQ 10 WG;1,71;;
VI;11786;AQ 10 WG  X GR.30;0,48;;
VI;11794;PRESSING 500 X 0,75 (AVADEX FACTOR);9,00;;
VI;11794;PRESSING 500;0,50;;
VI;11796;GLIFAST;50,80;;
VI;11814;SPADA 200 EC;1.284,60;;
VI;11821;WEEDAZOL TL;170,00;;
VI;11821;WEEDAZOL TL x 5 lt;5,00;;
VI;11857;MIDAURIL COMBI;295,00;;
VI;11862;LOBBY;10,00;;
VI;11866;AGRO-OIL;47,00;;
VI;11870;CUPRITAL S.D.I.;56,50;;
VI;11872;RIFLE 4-24 R;0,25;;
VI;11885;ELICIO;80,00;;
VI;11908;VENTUREX 35 L;41,75;;
VI;11931;MANZEB 75 WG;7,00;;
VI;11944;ASPECT;940,00;;
VI;11948;VINCARE;120,00;;
VI;11954;TERMINAL DUO;1.558,00;;
VI;11964;POLTIGLIA CAFFARO 20 GD;625,00;;
VI;11977;SULFUR 80 WG;3,50;;
VI;11979;BORDO 20 MICRO;295,10;;
VI;11991;NEEMIK x 1 lt;1,00;;
VI;12001;SARMOX R 330 WG;15,00;;
VI;12010;TUAREG;1.574,00;;
VI;12010;TUAREG x 5 lt (+HARMONY x 50 gr);140,00;;
VI;12010;TUAREG x 5 lt;125,00;;
VI;12010;TUAREG x 1 lt;97,00;;
VI;12010;TUAREG  5LT;10,00;;
VI;12010;TUAREG x 3 lt;3,00;;
VI;12017;COSMOS;41,00;;
VI;12020;SUCCESS;23,54;;
VI;12020;SUCCESS x 1 lt;1,00;;
VI;12020;BAYER SUCCESS ML 50 NR 12020;0,50;;
VI;12020;BAYER SUCCESS ML 10 NR 12020;0,01;;
VI;12022;SPADA WDG x 1 kg;17,00;;
VI;12023;MEGIC 240;147,75;;
VI;12030;SNOW x 1 lt;20,00;;
VI;12037;CAMIX x 5 lt;3.045,00;;
VI;12037;CAMIX x 20 lt;140,00;;
VI;12037;CAMIX;25,00;;
VI;12041;MARTOS;1,25;;
VI;12043;PREVICUR ENERGY;62,80;;
VI;12043;BAYER PREVICUR ENERGY 50 ML;9,00;;
VI;12043;PREVICUR ENERGY x 1 lt;4,00;;
VI;12044;CURZATE SYSTEM;99,50;;
VI;12048;TIOSOL 80 WG;49.314,80;;
VI;12060;FOX;29,00;;
VI;12068;TEFLUSTAR;365,30;;
VI;12068;TEFLUSTAR x 10 kg;30,00;;
VI;12068;BAYER TEFLUSTAR GRANULARE KG 1;11,00;;
VI;12069;EPIK;269,36;;
VI;12069;EPIK x 2 kg;32,00;;
VI;12069;EPIK x 1 kg;4,00;;
VI;12083;DANADIM PROGRESS ST;27,75;;
VI;12083;DANADIM PROGRESS;3,00;;
VI;12084;GALEO;2,00;;
VI;12090;MICROSED GEO;750,00;;
VI;12090;MICROSED GEO x 10 kg;140,00;;
VI;12096;POLTIGLIA DISPERSS;19.786,00;;
VI;12096;POLTIGLIA DISPERSS x 15 kg;12.870,00;;
VI;12096;POLTIGLIA DISPERSS x 1 kg;752,00;;
VI;12100;ASSET;224,00;;
VI;12100;ASSET x 1 lt;138,00;;
VI;12114;AUXIGER LG;1,60;;
VI;12133;JUVINAL 10 EC;10,00;;
VI;12136;VERITAS WG x 1 kg;3,00;;
VI;12138;R6 ERRESEI TREVI;872,00;;
VI;12170;HELIOCUIVRE     FL X 10;50,00;;
VI;12172;FERRAMOL;1.232,00;;
VI;12172;KOL FERRAMOL 500 GR ESCA LUMACHICID;14,50;;
VI;12172;KOL FERRAMOL 1 KG ESCA LUMACHICIDA;12,00;;
VI;12172;FERRAMOL ESCA LUMACHICIDA;10,00;;
VI;12174;V.I.P. FLOW;436,90;;
VI;12174;V.I.P. FLOW  LT 5;10,00;;
VI;12177;VITTORIA 24 SC;6,50;;
VI;12192;GRANSTAR 50 SX;0,52;;
VI;12200;SILBOT R x 10 kg;171,00;;
VI;12200;SILBOT R;8,00;;
VI;12202;ZEMIX R x 10 kg;270,00;;
VI;12206;GLUTEX CU 90;5,00;;
VI;12212;PENTHIUM EC;14,90;;
VI;12215;VEBIPHOS 7,5;59,00;;
VI;12225;TEPPEKI;37,54;;
VI;12225;TEPPEKI x 0,5 kg;0,50;;
VI;12233;SANTHANE DF;15,00;;
VI;12235;FERRAMOL ESCA LUMACHICIDA;118,00;;
VI;12243;MANTIR DG;691,00;;
VI;12243;MANTIR DG x 25 kg;400,00;;
VI;12245;ROUNDUP 360 POWER;435,00;;
VI;12245;ROUNDUP 360 POWER x 20 lt;360,00;;
VI;12263;VONDOZEB DG;4.220,00;;
VI;12263;VONDOZEB DG x 20 kg;200,00;;
VI;12263;VONDOZEB DG x 25 kg;175,00;;
VI;12270;UNICORN DF;355,00;;
VI;12279;ERBY 5 EC;1,05;;
VI;12285;FORUM GOLD;35,00;;
VI;12296;GAIO SX;0,28;;
VI;12297;TRIBASE TWIN;242,20;;
VI;12313;TOPAS HOBBY;0,42;;
VI;12314;SCORE HOBBY;0,22;;
VI;12315;ORTIVA HOBBY;2,43;;
VI;12315;FUNGICIDA ORTO PROTETTO;0,15;;
VI;12317;DACOL L 20;9,00;;
VI;12318;VIVER;92,00;;
VI;12322;SWITCH HOBBY;0,64;;
VI;12323;VEBIZOLFO WG;206,00;;
VI;12325;MESUROL M PLUS;1.828,00;;
VI;12325;BAYER MESUROL M PLUS GR 500 NR 1232;35,50;;
VI;12330;DEDALUS SE;18,75;;
VI;12344;VEBITHRIN 5 EC;14,50;;
VI;12361;ALGEDI;2,60;;
VI;12368;CARPOSTOP x 0,5 lt;2,50;;
VI;12375;SUGAR 500 SC;10,00;;
VI;12376;FITAGIL;2,00;;
VI;12378;TRIANUM G;15,00;;
VI;12381;NU FILM P x 1 lt;64,00;;
VI;12381;NU-FILM-P;47,00;;
VI;12381;NU FILM P x 4 lt;20,00;;
VI;12383;RIDOMIL GOLD MZ PEPITE;1.774,00;;
VI;12383;RIDOMIL GOLZ MZ PEPITE;690,00;;
VI;12383;RIDOMIL GOLD MZ PEPITE x 5 kg;100,00;;
VI;12383;FLARE GOLD MZ PEPITE x 5 kg;55,00;;
VI;12383;RIDOMIL GOLD MZ PEPITE x 1 kg;1,00;;
VI;12391;FUEGO;14,00;;
VI;12393;COPPERCIM WG;53,00;;
VI;12399;GANZO;58,00;;
VI;12399;GANZO x 1 lt;2,00;;
VI;12437;DELAN 70 WG;627,00;;
VI;12437;DELAN 70 WG x 1 kg;26,00;;
VI;12452;EQUIP x 5 lt;705,00;;
VI;12452;EQUIP;692,00;;
VI;12452;EQUIP x 1 lt;193,00;;
VI;12453;MILDICUT;5.810,00;;
VI;12453;MILDICUT x 10 lt;10,00;;
VI;12460;FINALSAN ERBICIDA PROFESSIONAL PRON;10,00;;
VI;12461;FINALSAN ERBICIDA PROFESSIONAL;73,00;;
VI;12461;KOL FINALSAN ERBICIDA PROF. 1 LT.;7,00;;
VI;12462;FINALSAN ERBICIDA GARDEN;1,00;;
VI;12482;LUMAX;17.770,00;;
VI;12482;LUMAX x 20 lt;4.820,00;;
VI;12482;LUMAX  20LT;1.320,00;;
VI;12482;LUMAX x 5 lt;1.105,00;;
VI;12489;DIFCOR 250;7,00;;
VI;12491;CIPERTHRIN PLUS x 1 lt;109,00;;
VI;12491;CIPERTHRIN PLUS x 0,25 lt;5,25;;
VI;12493;MANCOZEB PLUS 75 WG;1.050,00;;
VI;12504;FLOWBRIX;1.817,00;;
VI;12514;VIPER;253,00;;
VI;12514;VIPER x 5 lt;45,00;;
VI;12522;METRO;12,50;;
VI;12528;CABRIO TOP;35,00;;
VI;12528;CABRIO TOP x 1 lt;3,00;;
VI;12529;TUCANA 25 EC;20,00;;
VI;12534;FOXTAIL;823,05;;
VI;12534;FOXTAIL  x  lt 1;49,00;;
VI;12534;FOXTAIL ML.250;11,00;;
VI;12534;KOL FOXTAIL ML.250;2,00;;
VI;12537;KEETON COMBI;430,00;;
VI;12538;MYSTIC 25 WG x 1 kg;52,00;;
VI;12540;REGRAN SL;49,00;;
VI;12564;ELECTIS MZ;4,00;;
VI;12566;PYGANIC 1.4;172,97;;
VI;12566;PYGANIC 1.4 x 1 lt;11,00;;
VI;12566;PYGANIC 1-4;3,50;;
VI;12573;EKO OIL SPRAY x 1 lt;214,00;;
VI;12573;EKO OIL SPRAY;157,25;;
VI;12573;EKO OIL SPRAY x 5 lt;25,00;;
VI;12582;LINFA PIRETRO NATURALE;2,00;;
VI;12584;SPHINX MZ;29,00;;
VI;12584;AVIATOR;23,00;;
VI;12590;DIASTAR MAXI;600,00;;
VI;12598;GRANSTAR POWER SX;57,77;;
VI;12598;GRANSTAR POWER SX x 1090 gr;21,80;;
VI;12622;QUANTUM;2.032,00;;
VI;12622;QUANTUM x 0,5 kg;287,50;;
VI;12622;QUANTUM  500GR;37,00;;
VI;12625;EFUZIN 355 SC;35,00;;
VI;12625;EFUZIN 355 SC x 1 lt;9,00;;
VI;12627;DANADIM 400 ST;74,00;;
VI;12628;SERENADE MAX;90,00;;
VI;12636;QUASAR 6/24 R;8,00;;
VI;12647;GLITTER;498,00;;
VI;12650;NUPRID 200 SL;1,13;;
VI;12654;SPINTOR;50,00;;
VI;12659;IMIDAN EC;2,00;;
VI;12671;HARMONY 50 SX;454,72;;
VI;12671;HARMONY 50 SX x 20 gr;3,54;;
VI;12671;HARMONY 50 SX   GR20;3,22;;
VI;12671;HARMONY 50 SX x 16 gr;2,63;;
VI;12671;HARMONY 50 SX x 50 gr (+TUAREG x 5);1,45;;
VI;12671;HARMONY 50 SX 16GR;0,34;;
VI;12671;HARMONY 50 SX x 50 gr;0,15;;
VI;12686;CHAMAN;5,00;;
VI;12692;SPRUZIT INSETTICIDA;8,00;;
VI;12692;KOL SPRUZIT BIO INSETTICIDA C.500ML;1,50;;
VI;12706;PERMIT;2,40;;
VI;12706;PERMIT x 150 gr;1,05;;
VI;12722;OSSICLOR 20 FLOW;99,00;;
VI;12723;OSSICLOR 20 BLU FLOW;78,00;;
VI;12731;MICLOTOP PROGRESS;39,00;;
VI;12734;JUPITER R DF;2.108,02;;
VI;12737;AIRONE PIU';1.917,00;;
VI;12747;RAMETTE;444,80;;
VI;12752;SANAPLANT;5,00;;
VI;12754;VERDRAM HI BIO;12,00;;
VI;12756;DICOTEX;383,10;;
VI;12756;BAYER DICOTEX 100 ML;33,00;;
VI;12756;BAYER DICOTEX 500 ML;26,00;;
VI;12759;OSSICLOR 35 WG;5.719,30;;
VI;12768;SPINTOR FLY;364,00;;
VI;12768;SPINTOR FLY x 5 lt;75,00;;
VI;12768;SPINTOR FLY x 1 lt;56,00;;
VI;12770;ALAR 85 GOLD;98,00;;
VI;12778;PASTA SIAPA F NC;12,00;;
VI;12779;RAMEDIT COMBI WG x 10 kg;130,00;;
VI;12779;RAMEDIT COMBI WG x 1 kg;90,00;;
VI;12784;FARO WG;4,00;;
VI;12788;ADIGOR;25,50;;
VI;12793;ZOLFO AFEPASA 80 WG x 25;175,00;;
VI;12806;FEDOR;47,00;;
VI;12806;FEDOR x 1 kg;3,00;;
VI;12808;GLOBAL SC;1,04;;
VI;12813;AMISTAR XTRA;125,00;;
VI;12824;MERLIN EXPERT;42,00;;
VI;12824;MERLIN EXPERT  X 5;20,00;;
VI;12824;MERLIN EXPERT  x 1;15,00;;
VI;12828;SITOFEX;9,00;;
VI;12828;SITOFEX x 1 lt;1,00;;
VI;12831;INSIGNIA;42,50;;
VI;12832;OPERA;65,00;;
VI;12837;ARIUS SYSTEM PLUS x 5 lt;635,00;;
VI;12837;ARIUS SYSTEM PLUS;241,00;;
VI;12837;ARIUS SYSTEM PLUS x 1 lt;233,00;;
VI;12847;EAGLE;0,05;;
VI;12858;PRODIGY;502,00;;
VI;12858;PRODIGY x 1 lt;23,00;;
VI;12859;BORNEO;8,90;;
VI;12859;BAYER BORNEO ACARICIDA ML 40;0,12;;
VI;12859;BAYER BORNEO ACARICIDA ML 5;0,01;;
VI;12862;CANTUS;264,20;;
VI;12862;CANTUS x 1 kg;17,00;;
VI;12863;FLORAMITE 240 SC;4,50;;
VI;12865;DANTOP 50 WG x 0,200;0,20;;
VI;12866;COLLIS;13,00;;
VI;12866;COLLIS x 1 lt;2,00;;
VI;12868;BELLIS;2,00;;
VI;12868;BELLIS x 1 kg;1,00;;
VI;12869;SIGNUM;1.086,00;;
VI;12869;SIGNUM x 1 kg;69,00;;
VI;12878;RIDOMIL GOLD COMBI PEPITE;4.258,00;;
VI;12880;ATLANTIS WG;268,50;;
VI;12880;ATLANTIS WG   GR500;13,00;;
VI;12880;ATLANTIS WG  KG 2;8,00;;
VI;12881;HUSSAR MAXX;43,20;;
VI;12883;PROSPER 300 CS;4.716,00;;
VI;12883;PROSPER 300 CS x 1 lt;255,00;;
VI;12884;BATAM x 1 kg;94,00;;
VI;12884;BATAM;20,00;;
VI;12886;KARATHANE STAR;517,00;;
VI;12886;KARATHANE STAR x 1 lt;4,00;;
VI;12888;LEPINOX PLUS;60,00;;
VI;12888;LEPINOX PLUS x 1 kg;52,00;;
VI;12903;DOLESE WG;860,00;;
VI;12920;AGORA SC x 1 lt;10,00;;
VI;12920;AGORA;5,00;;
VI;12924;JUPITER WG;953,00;;
VI;12933;MOXYL 20 WP x 1 kg;105,00;;
VI;12933;MOXYL 20 WP;5,00;;
VI;12940;KARATE ZEON 1.5;705,41;;
VI;12973;GLYFOS RAPID;128,00;;
VI;12994;VIVER ELITE WG;15,00;;
VI;13005;PROMAG x 1 lt;1,00;;
VI;13005;PROMAG;0,10;;
VI;13012;FOLVIT 80 WDG x 5 kg;2.995,00;;
VI;13016;BIOACT WG;5,60;;
VI;13020;MICRORAM 35 WG;15,90;;
VI;13025;MYSTIC 250 EW x 1 lt;87,00;;
VI;13026;SUSCON;240,00;;
VI;13039;POTCLEAN 2G;1.698,00;;
VI;13049;SULCOGAN;37,00;;
VI;13055;MACHO;667,00;;
VI;13058;OSSIRAM 20 SC;59,25;;
VI;13061;BIOBIT DF;278,00;;
VI;13062;DIPEL DF x 1 kg;4,00;;
VI;13064;VITENE ULTRA SC;223,00;;
VI;13065;DOMARK 125;88,50;;
VI;13068;NEORAM WG;985,00;;
VI;13083;CURZATE EFFE;30,00;;
VI;13084;TELDOR PLUS;1.040,00;;
VI;13084;TELDOR PLUS x 1 lt;151,00;;
VI;13084;BAYER TELDOR PLUS ML 100;0,90;;
VI;13087;TASIS;2,00;;
VI;13093;STOMP AQUA;1.716,00;;
VI;13093;STOMP AQUA x 5 lt;130,00;;
VI;13093;STOMP AQUA x 1 lt;73,00;;
VI;13095;DIRA-MAX LG;3,00;;
VI;13098;ROUNDUP POWER 2.0;17.680,00;;
VI;13101;SCHOLAR;36,00;;
VI;13106;IKANOS x 1 lt;166,00;;
VI;13106;IKANOS x 5 lt;35,00;;
VI;13108;CURAME BORDEAUX;329,00;;
VI;13111;THIOCUR FORTE;21,46;;
VI;13116;MEDOR 35 CLASS;259,50;;
VI;13120;MYSTIC 430 SC x 1 lt;2,00;;
VI;13126;CABRIO DUO;3.892,00;;
VI;13126;CABRIO DUO x 5 lt;245,00;;
VI;13126;CABRIO DUO x 1 lt;13,00;;
VI;13128;GOLTIX 50 WG;1.663,00;;
VI;13128;GOLTIX 50 x 1 kg;9,00;;
VI;13138;SYSTHANE 4,5 PLUS;48,00;;
VI;13143;MEZENE WG;557,00;;
VI;13149;POLTIGLIA MANICA 20 WG;1.752,00;;
VI;13149;POLTIGLIA BORD.20 WG X 25(MANICA);75,00;;
VI;13150;CURAME 35 WG;306,00;;
VI;13152;OPTIX R DISPERSS x 10 kg;850,00;;
VI;13152;OPTIX R DISPERSS x 1 kg;83,00;;
VI;13153;BANVEL S x 1 lt;269,00;;
VI;13153;BANVEL S;4,00;;
VI;13154;MONDAK 480 S;69,00;;
VI;13155;PRIMEXTRA GOLD;50,00;;
VI;13158;REMEDIER;306,00;;
VI;13158;REMEDIER x 1;4,00;;
VI;13160;FORUM TOP;110,00;;
VI;13160;FORUM TOP x 10 kg;80,00;;
VI;13167;POMARSOL 80 WG;1.026,00;;
VI;13168;LAUDIS x 5 lt;540,00;;
VI;13168;LAUDIS;336,00;;
VI;13168;LAUDIS x 1 lt;160,00;;
VI;13168;LAUDIS  LT 5;95,00;;
VI;13168;LAUDIS  LT 1;92,00;;
VI;13185;SIATTOL;133,75;;
VI;13186;TITUS MAIS EXTRA;58,24;;
VI;13186;TITUS MAIS EXTRA x 160 gr;5,76;;
VI;13205;ZOLFO MANICA SCORREVOLE DOPPIO RAFF;5.664,00;;
VI;13205;ZOLFO MANICA SCORREVOLE DOPPIO RAFFINATO;650,00;;
VI;13205;ZOLFO SCORR.DOPP.RAF. x 25 kg;500,00;;
VI;13211;ZOLFO VENTILATO SCORREVOLE 96%;6,00;;
VI;13212;CONFIDOR 200 O-TEQ;73,97;;
VI;13212;CONFIDOR 200 O-TEQ x 0,5 lt;1,00;;
VI;13212;CONFIDOR 200 O-TEQ x 0,2 lt;0,20;;
VI;13213;R6 ERRESEI ALBIS;5.262,00;;
VI;13213;R6 ERRESEI ALBIS x 10 kg;170,00;;
VI;13213;R6 ERRESEI ALBIS x 1 kg;163,00;;
VI;13213;R6 ERRESEI ALBIS  10KG;60,00;;
VI;13218;FINALSAN PLUS;350,00;;
VI;13222;DUOKAR 4,5 EW PRO;1,00;;
VI;13236;BULLET;2.478,00;;
VI;13242;NICOGAN V.O.;331,00;;
VI;13244;ZOLFO VENTILATO STELLA;1.580,00;;
VI;13249;ZOLFO VENTILATO STELLA RAMATO S;1.700,00;;
VI;13249;ZOLFO VENT.STELLA RAMATO 5% x 25 kg;1.225,00;;
VI;13250;ZOLFO VENTILATO STELLA RAMATO B;1.015,00;;
VI;13254;PLAYER 25 WG;62,00;;
VI;13255;PLAYER GR;1.007,00;;
VI;13263;BORDORAM 20 WG;161,70;;
VI;13267;IMPERO;5,00;;
VI;13285;SEVERAL;0,08;;
VI;13290;ZOLFO MANICA DOPPIO RAFFINATO VENTI;5.605,00;;
VI;13290;ZOLFO RAMATO 3% DRV MANICA X 25;25,00;;
VI;13292;ZOLFO A&A F.ZANUCCOLI TRIV.93% x 25;2.100,00;;
VI;13296;POKER 7,5;784,50;;
VI;13299;MAGIO';652,00;;
VI;13313;CASPER;33,00;;
VI;13313;CASPER x 1 kg;12,00;;
VI;13316;MERLIN GOLD;2,00;;
VI;13323;SULFY 80 WDG;196,30;;
VI;13323;ZAPI SULFY OIDIO ZOLFO WDG 1 KG;8,00;;
VI;13324;CUPRIZOL S;30,50;;
VI;13327;GRANSTAR ULTRA SX;53,30;;
VI;13327;GRANSTAR ULTRA SX  50GR;12,85;;
VI;13327;GRANSTAR ULTRA SX x 50 gr;8,50;;
VI;13329;OMNEX 10 EC;139,00;;
VI;13352;DIREX 7,5 GR;607,00;;
VI;13361;DECIS ENERGY O-TEQ;184,45;;
VI;13361;BAYER DECIS ENERGY O-TEC 100 ML;22,00;;
VI;13365;ZOLFO DOPPIO VENTILATO SCORREVOLE 9;232,00;;
VI;13367;DIVO;1,00;;
VI;13370;WARRANT 200 SL;119,75;;
VI;13375;NUPRID 200 SC x 1 lt;60,00;;
VI;13375;NUPRID 200 SC;16,85;;
VI;13375;NUPRID 200 SC x 0,25 lt;3,75;;
VI;13377;COLUMBUS;30,00;;
VI;13378;ORTIVA TOP;3,00;;
VI;13382;PERGADO SC;1.254,00;;
VI;13382;PERGADO SC X 1 (+ ZOMINEX);72,00;;
VI;13382;PERGADO SC x 0,5 lt;14,50;;
VI;13382;PERGADO SC  500ML;2,50;;
VI;13386;PROSARO;1.082,00;;
VI;13386;PROSARO x 1 lt;51,00;;
VI;13387;FLORAMIX x 0,530 kg;94,87;;
VI;13387;FLORAMIX;9,01;;
VI;13389;AFFIRM;2.787,00;;
VI;13389;AFFIRM x 10 kg;370,00;;
VI;13389;AFFIRM x 5 kg;210,00;;
VI;13389;AFFIRM x 1 kg;40,00;;
VI;13390;TEBUSIP 46;114,00;;
VI;13402;LUMA-KL;136,50;;
VI;13403;GLOXY;10,00;;
VI;13409;SILFUR WG;300,00;;
VI;13409;SILFUR WG (80%) x 10 kg;50,00;;
VI;13409;SILFUR WG (80%) x 1 kg;27,00;;
VI;13410;FRUTTENE 76 WG;221,00;;
VI;13414;MYSTIC 5 SC;10,00;;
VI;13414;ARES 5 SC;3,00;;
VI;13430;TENOR SC;3,80;;
VI;13440;SATEL;72,47;;
VI;13443;FUNGIBEN;17,90;;
VI;13451;SPARVIERO;12,00;;
VI;13455;ANTIGRAM GOLD;2.422,00;;
VI;13455;ANTIGRAM GOLD   LT 5;75,00;;
VI;13455;ANTIGRAM GOLD x 5 lt;15,00;;
VI;13455;ANTIGRAM GOLD x 1 lt;3,00;;
VI;13466;SPOTLIGHT PLUS;254,50;;
VI;13466;SPOTLIGHT PLUS x 1 lt;5,00;;
VI;13466;SPOTLIGHT PLUS x 0,5 lt;0,50;;
VI;13468;CLINER;77,50;;
VI;13472;ALIEN;1,00;;
VI;13477;APHID;1,20;;
VI;13482;IMIDACHEM;4,00;;
VI;13485;FOLPEC 80 WG ADVANCE;540,00;;
VI;13489;CYMBAL;993,00;;
VI;13489;CYMBAL 45 WG x 0,5 kg;8,00;;
VI;13500;CIPREN 10 WG;1,00;;
VI;13505;CLICK DUO;182,00;;
VI;13521;HELIOCUIVRE S x 10 lt;120,00;;
VI;13521;HELIOCUIVRE S;84,10;;
VI;13522;SPIDER KILL;0,70;;
VI;13540;QUASAR R FLOW;83,00;;
VI;13542;FANTIC M NC;56,00;;
VI;13544;STADIO M;12,50;;
VI;13551;GIOVE;8,00;;
VI;13552;ZOLVIS 80 SECTOR;19.593,00;;
VI;13555;SHUT TWIN;526,00;;
VI;13559;NEXOL 200 EW;0,80;;
VI;13560;FORZA;8,00;;
VI;13565;PASTA ISAGRO BLU;264,00;;
VI;13576;RAMEPLANT WG;555,80;;
VI;13578;RAME CAFFARO BLU WG NEW;1.838,00;;
VI;13579;COPPER 12;25,50;;
VI;13581;TIOGEL 80 WDG;0,60;;
VI;13585;SOLOFOL;550,00;;
VI;13586;VERDERAME 20 WG;178,10;;
VI;13586;ZAPI VERDERAME 20 WG 800 GR.;40,00;;
VI;13590;NINJA;2,00;;
VI;13592;VOLARE;443,95;;
VI;13592;VOLARE x 1 lt;364,00;;
VI;13592;BAYER VOLARE 50 ML;0,65;;
VI;13607;NOBIL;2,75;;
VI;13610;CLINIC SPECTRUM;3,95;;
VI;13612;BABEL 400;15,00;;
VI;13635;POLTIGLIA 20 PB MANICA;4.100,00;;
VI;13637;PERGADO F;30,00;;
VI;13639;ACRAMITE 480 SC;3,50;;
VI;13640;IMPRINT;312,00;;
VI;13646;SENTRY x 1 kg;11,00;;
VI;13648;SIARAM 20 WG x 20 kg;300,00;;
VI;13648;SIARAM 20 WG x 10 kg;210,00;;
VI;13648;SIARAM 20 WG x 1 kg;84,00;;
VI;13651;SPECTRO;49,20;;
VI;13669;ATEMI 10 PEPITE;1,50;;
VI;13687;BURT;0,50;;
VI;13689;FLINT MAX;19,50;;
VI;13689;FLINT MAX x 0,5 kg;4,00;;
VI;13691;TRIDAN COMBI T;582,00;;
VI;13693;BACILLUS CHEMIA;31,00;;
VI;13698;VIVANDO;262,25;;
VI;13698;VIVANDO x 0,25 lt;18,50;;
VI;13698;VIVANDO  250ML;10,00;;
VI;13698;VIVANDO x 1 lt;2,00;;
VI;13702;GEOTOX 7,5 C;452,20;;
VI;13707;IMPACT SUPREME;894,00;;
VI;13707;IMPACT SUPREME  1LT;64,00;;
VI;13707;IMPACT SUPREME x 5 lt;60,00;;
VI;13707;IMPACT SUPREME x 1 lt;31,00;;
VI;13709;U 46 PRATI x 1 lt;113,00;;
VI;13711;QUIZA 5 EC;362,00;;
VI;13716;CAPTAN ARVESTA 80 WG;21,00;;
VI;13719;THIAMON 80 PLUS;1.361,00;;
VI;13720;ROTIOFEN QUICK;0,95;;
VI;13721;AFIDINA QUICK;6,80;;
VI;13722;CAL-EX 1.9 EC;15,00;;
VI;13722;CAL-EX 1.9 EC x 1 lt;13,00;;
VI;13736;TRACE;116,50;;
VI;13736;TRACE  750ML;63,75;;
VI;13736;TRACE   x 0,750;20,25;;
VI;13741;SELECTA DISPERSS;3,00;;
VI;13742;PERGADO MZ;142,00;;
VI;13743;KUKAR 22;173,00;;
VI;13771;NIMROD 250 EW;351,00;;
VI;13775;VITASAN 80 WP;250,00;;
VI;13785;QUANTUM MZ;393,00;;
VI;13785;QUANTUM MZ (IDRO) x 5 kg;220,00;;
VI;13785;QUANTUM MZ x 5 kg;115,00;;
VI;13785;QUANTUM MZ x 1 kg;66,00;;
VI;13785;QUANTUM MZ (IDRO) x 1 kg;19,00;;
VI;13786;QUANTUM R;883,55;;
VI;13787;RIVIERA R;49,00;;
VI;13791;GEATER-STAR;79,50;;
VI;13791;GEATER-STAR GEOINSETTICIDA;8,00;;
VI;13792;STABILAN;204,00;;
VI;13793;RUNNER M;547,00;;
VI;13794;SPADA WDG;118,00;;
VI;13796;CELL;11,00;;
VI;13801;TOUCHDOWN HOBBY;38,50;;
VI;13812;NOTO 40 OD;59,00;;
VI;13815;TUTOR 18-15;10,00;;
VI;13817;ALIAL WG x 1 kg;40,00;;
VI;13817;ALIAL WG x 10 kg;40,00;;
VI;13817;ALIAL WG;31,00;;
VI;13820;BAYTEROID 25 EC;28,25;;
VI;13823;ALVERDE;16,44;;
VI;13823;ZAPI DORIFORA E LEPID. ALVERDE 10 M;0,10;;
VI;13837;SILWET L-77;16,00;;
VI;13843;ZELIG 480 EC x 5 lt;115,00;;
VI;13846;BOLINA x 1 kg;1,00;;
VI;13857;CRODIX GEO;6.104,50;;
VI;13857;MINUET GEO;9,00;;
VI;13858;MEDIATOR EXTRA SL;8,51;;
VI;13859;MADEX 100;0,10;;
VI;13876;APACHE;26,00;;
VI;13877;KITT PRONTO;58,00;;
VI;13885;MICROCOPP NEUTRO FL x 10 lt;4,00;;
VI;13888;FANTIC F NC WG;34,00;;
VI;13895;EUCRIT F PIU' x 5 kg (2  XN);25,00;;
VI;13899;ASCO 45 WG%;3,00;;
VI;13901;VERDERAME 20 PB;38,25;;
VI;13905;BANJO;53,00;;
VI;13908;BORDO ISAGRO WG;48,00;;
VI;13913;ORIUS P;145,00;;
VI;13925;BOGARD x 0,5 lt;19,00;;
VI;13926;SPONSOR 0,5LT;3,00;;
VI;13927;ZAMIR 18;2,00;;
VI;13931;GEREPHON SL;12,00;;
VI;13943;SINPHOSATE;520,00;;
VI;13943;SINPHOSATE x 20 lt;100,00;;
VI;13955;MITIGREEN;71,00;;
VI;13981;CORAGEN;182,50;;
VI;13981;CORAGEN x 0,400 (+AVAUNT)TW.P MAIS;26,00;;
VI;13981;CORAGEN x 0,300 lt;10,20;;
VI;13981;CORAGEN  400ML;1,20;;
VI;13998;PYRUS 400 SC;1,70;;
VI;13999;FEZAN;0,90;;
VI;14005;CLORTOSIP 500 SC;1.217,00;;
VI;14005;CLORTOSIP 500 SC x 5 lt;150,00;;
VI;14005;CLORTOSIP 500 SC x 1 lt;20,00;;
VI;14006;INDIPENDENT 25 PB;11,00;;
VI;14018;BASIC;16,00;;
VI;14020;LIDAL;360,00;;
VI;14021;BREK DUO;376,00;;
VI;14023;SUPPOST 10 EC;16,00;;
VI;14024;PERFIL 10 WP;1,58;;
VI;14029;MANTA DUO;1,00;;
VI;14033;SLAON 200 EC;5,00;;
VI;14034;CURENOX TOP MICRO;54,60;;
VI;14042;SUPRAFOS EC;85,00;;
VI;14044;JOKER 480 x 1 lt;233,00;;
VI;14052;HALLIG 80 WG;1,00;;
VI;14058;FEINZIN 70 DF;249,62;;
VI;14058;FEINZIN 70 DF x 0,250 kg;3,00;;
VI;14062;ZOXIUM 240 SC;1.099,00;;
VI;14062;ZOXIUM 240 SC x 1 lt;117,00;;
VI;14074;TRINEX 250 EW;8,50;;
VI;14074;TRINEX 250 EW x 1 lt;2,00;;
VI;14074;KOL TRINEX 250 EW 100 ML. PER OIDIO;0,90;;
VI;14076;CYPRUS 25 DF;6.104,30;;
VI;14077;CHAMP 20 DF x 10 kg;2.870,00;;
VI;14077;CHAMP 20 DF;1.494,00;;
VI;14080;MIZAR  X  5;5,00;;
VI;14085;PUNTIL MZ;200,00;;
VI;14098;CRITTOX GD 75 x 10 kg;280,00;;
VI;14099;ASPOR WDG;3.150,00;;
VI;14099;ASPOR WDG 10KG;10,00;;
VI;14100;KANEMITE;3,30;;
VI;14101;CARAMBA x 1 lt;1.112,00;;
VI;14101;CARAMBA;47,00;;
VI;14102;BORDOFLOW NEW;4.031,00;;
VI;14123;ZETARAM NEW TECH;49,00;;
VI;14127;MEVAXIL COBRE;15,25;;
VI;14135;GRENADIER 75 DF;3,44;;
VI;14136;OBERON;6,00;;
VI;14136;OBERON x 0,5 lt;0,50;;
VI;14137;ALTACOR;7,90;;
VI;14137;ALTACOR x 100 gr;0,10;;
VI;14154;PIRETRO ACTIGREEN;16,55;;
VI;14154;BAYER NATRIA PIRETRO ACTIGREEN 100M;12,00;;
VI;14154;BAYER PIRETRO ACTIGREEN ML 20;11,00;;
VI;14155;KOMPASS x 10 kg;100,00;;
VI;14156;CURZATE R WG;1.963,00;;
VI;14163;SARMOX 440 WG;2.768,00;;
VI;14164;TRIKA ZETA;15,00;;
VI;14165;NANDO MAXI;300,00;;
VI;14166;ZETOR;55,00;;
VI;14168;SILWET VELONEX x 1 lt;63,00;;
VI;14168;SILWET VELONEX;36,00;;
VI;14169;PERGADO R;678,00;;
VI;14178;TRI-BASE;16,30;;
VI;14182;ARES 25 WG;688,00;;
VI;14187;FASTEX;2,00;;
VI;14193;SARMOX 45 DG;6,50;;
VI;14195;KENDO WITH ZEON TECNOLOGY x 1 lt;175,00;;
VI;14195;KENDO WITH ZEON TECHNOLOGY;4,00;;
VI;14207;TEBUSHA NEW;2,00;;
VI;14240;PYR PRONTO;175,50;;
VI;14248;CLOR QUICK;21,50;;
VI;14248;ZAPI CLOR QUICK ML 100 UNIV.ABBATT.;12,70;;
VI;14254;BILO 7,5 C;151,00;;
VI;14257;UNDERLINE 0,2 G;330,00;;
VI;14262;GREENEX NF;53,06;;
VI;14263;BIOTEN;11,00;;
VI;14281;BUCTRIL UNIVERSAL;116,00;;
VI;14285;CUPRAVIT BLU FLOW NF;4,00;;
VI;14290;KOHINOR 200 SL;533,22;;
VI;14290;KOHINOR 200 SL x 1 lt;47,00;;
VI;14290;KOHINOR 200 SL x 0,25 lt;14,25;;
VI;14290;KOL KOHINOR 200SL ML.100;1,90;;
VI;14290;KOL KOHINOR 200SL ML.50;0,70;;
VI;14290;KOL KOHINOR 200 SL DA 5 ML;0,20;;
VI;14294;EXECUTIVE;16,40;;
VI;14294;EXECUTIVE x 100 gr;0,50;;
VI;14332;QUBIC MZ PRO;99,00;;
VI;14333;DIMILIN SC-15;8,00;;
VI;14348;AGRON;158,00;;
VI;14350;ZOLFO RAMATO 5;81,00;;
VI;14363;U 46 GIARDEN;9,00;;
VI;14368;RESOLVA 24H;43,50;;
VI;14369;RESOLVA 24H RTU;90,00;;
VI;14370;AMISTAR;103,00;;
VI;14386;OLIONET;109,75;;
VI;14387;NERVURE SUPER;24,00;;
VI;14389;DESSICASH 200 SL;93,00;;
VI;14389;DESSICASH 200 SL x 1 lt;12,00;;
VI;14405;MERLIN FLEXX;1.891,00;;
VI;14405;MERLIN FLEXX x 10 lt;90,00;;
VI;14405;MERLIN FLEXX x 2 lt;22,00;;
VI;14406;LEIMAY;18,50;;
VI;14407;RUNWAY;68,85;;
VI;14407;RUNWAY x 0,5 lt;10,50;;
VI;14409;MOVENTO 48 SC;178,53;;
VI;14409;MOVENTO 48 SC x 1 lt;3,00;;
VI;14411;USTINEX AL;19,00;;
VI;14414;DUSTY;159,15;;
VI;14418;PULSAR 40 SL;1.496,00;;
VI;14418;PULSAR 40 SL (IP) x 1 lt;166,00;;
VI;14418;PULSAR 40 SL (IP) x 5 lt;100,00;;
VI;14419;TRUST SC;5,25;;
VI;14423;PRIMISOL 80 WDG;47,00;;
VI;14423;PRIMOSOL 80WDG;5,00;;
VI;14425;MYSTIC COMBI WG;1,00;;
VI;14426;GEODIS  X 1;110,00;;
VI;14426;GEODIS;18,00;;
VI;14431;LENTAGRAN 45 WP;38,60;;
VI;14432;METRIC;535,00;;
VI;14441;VALZER SC;52,00;;
VI;14461;CURIT DUO;3,00;;
VI;14462;KOBAN T;35,00;;
VI;14474;TEBUSIP COMBI;185,40;;
VI;14488;ANTRACOL 70 WG;7.049,00;;
VI;14488;ANTRACOL 70 WG x 10 kg;2.150,00;;
VI;14491;QUBIC MZ;40,00;;
VI;14510;ELECTIS TRIO;389,00;;
VI;14521;DIMETHOAT 40 ST;10,00;;
VI;14541;RAVENAS EXTRA;1,00;;
VI;14559;AGREE WG;125,00;;
VI;14575;TRIMMER SX DA 20GR;2,76;;
VI;14575;TRIMMER SX;1,98;;
VI;14575;TRIMMER SX x 20 gr;0,40;;
VI;14577;FORUM R 3B;2.255,00;;
VI;14577;FORUM R 3B x 1 kg;109,00;;
VI;14579;RAMIN 30 DF;289,75;;
VI;14636;BIOLID UP;884,70;;
VI;14638;NETOR;40,00;;
VI;14640;OBOKE-SC;3,00;;
VI;14642;RIDOMIL GOLD R WG;4.117,00;;
VI;14643;CENTIUM 36 CS x 1 lt;44,00;;
VI;14643;CENTIUM 36 CS;21,00;;
VI;14647;VIVAL;16.508,00;;
VI;14650;ROGATOX 40 ST;158,00;;
VI;14655;VIVER WDG;241,00;;
VI;14664;BERELEX 40 SG;0,44;;
VI;14685;ACROBAT R 3B x 10 kg;230,00;;
VI;14686;KOCIDE OPTI;200,00;;
VI;14687;QUAD-GLOB 200 SL;282,00;;
VI;14687;QUAD-GLOB 200 SL x 5 lt;55,00;;
VI;14687;QUAD-GLOB 200 SL x 1 lt;2,00;;
VI;14693;VIP 80 EC x 0,75 lt;56,25;;
VI;14697;ENERVIN DUO;10,00;;
VI;14699;GEOXE;1,00;;
VI;14728;CELIO;18,00;;
VI;14730;CHIMIGOR 40 ST;89,00;;
VI;14735;RANMAN TOP;111,50;;
VI;14735;RANMAN TOP x 2 lt;2,00;;
VI;14737;ROUNDUP PLATINUM;5.145,00;;
VI;14737;ROUNDUP PLATINUM  5LT;135,00;;
VI;14737;ROUNDUP PLATINUM LT.15;30,00;;
VI;14737;ROUNDUP PLATINUM LT.5;30,00;;
VI;14739;DECIS PROTECT;118,00;;
VI;14739;BAYER DECIS PROTECT AL 1 L;15,00;;
VI;14758;KARATE WITH ZEON TECHNOLOGY 1.5 HOB;112,56;;
VI;14759;SULC0CAP;60,00;;
VI;14764;SLUXX;85,00;;
VI;14765;ELUMIS;12,00;;
VI;14769;COMET 250 EC;48,50;;
VI;14770;MISCANTI DUO;77,00;;
VI;14785;DRISCOLL;19,39;;
VI;14792;MELODY TREVI x 8 kg;392,00;;
VI;14792;MELODY TREVI x 1 kg;213,00;;
VI;14796;ATOMINAL 10 EC;2,00;;
VI;14797;SIATTOL 200 SL;32,49;;
VI;14799;AFLOR 200 SL;30,00;;
VI;14799;ZAPI AFICIDA SIST.ML.50 AFLOR 200SL;0,50;;
VI;14803;ELECTIS ZR;119,00;;
VI;14804;COPPER - DF;9,75;;
VI;14806;LUNA PRIVILEGE x 1 lt;10,00;;
VI;14806;LUNA PRIVILEGE;1,00;;
VI;14807;LUZINDO;139,00;;
VI;14807;LUZINDO x 0,25 kg;1,00;;
VI;14809;CUPRAVIT BIO EVOLUTION x 10 kg;1.700,00;;
VI;14809;CUPRAVIT BIO EVOLUTION;593,00;;
VI;14809;CUPRAVIT BIO EVOLUTION x 1 kg;102,00;;
VI;14812;ENERVIN TOP WG x 5 kg;2.490,00;;
VI;14812;ENERVIN TOP;536,00;;
VI;14812;ENERVIN TOP WG x 1 kg;277,00;;
VI;14815;ADENGO;12.271,00;;
VI;14815;ADENGO x 10 lt;5.750,00;;
VI;14815;ADENGO x 2 lt;1.556,00;;
VI;14816;RANCONA 15 ME;80,00;;
VI;14818;ACANTO;417,00;;
VI;14819;VALIS M;200,00;;
VI;14826;PYREOS EXTRA SL;1,70;;
VI;14828;NUPRID SUPREME SC;56,00;;
VI;14828;NUPRID SUPREME SC x 1 lt;5,00;;
VI;14830;CUPROFIX ULTRA DISPERSS;45,00;;
VI;14837;GLIFOSAR FLASH;8.064,00;;
VI;14838;GALLUP BIOGRADE 360 x 20 lt;3.940,00;;
VI;14838;BARCLAY GALLUP BIOGRADE 360;1.420,00;;
VI;14838;GALLUP BIOGRADE 360 x 5 lt;410,00;;
VI;14844;CLUSTER 500;33,00;;
VI;14845;MYSTIC PLUS S;469,00;;
VI;14845;MYSTIC PLUS S x 1 kg;19,00;;
VI;14850;ANTIMUSCHIO CONCENTRATO PROFESSIONA;15,00;;
VI;14862;FOLMAK WDG;6,00;;
VI;14867;SYNERO;40,00;;
VI;14868;IDROX 22 NEW;20,00;;
VI;14869;COPPERFIELD;60,00;;
VI;14870;COPPERLAND x 10 kg;150,00;;
VI;14871;OXICU x 10 kg;60,00;;
VI;14872;BELLIS DRUPACEE;12,50;;
VI;14872;BELLIS DRUPACEE x 2,5 kg;5,00;;
VI;14876;GRANDSTAND;362,00;;
VI;14876;GRANDSTAND ERBICIDA LT1;2,00;;
VI;14878;FOXTROT;48,00;;
VI;14879;LONTREL 72 SG x 150 gr;102,00;;
VI;14879;LONTREL 72 SG;1,35;;
VI;14884;CORUM;2.696,00;;
VI;14884;CORUM x 1 lt;209,00;;
VI;14891;TRICO;125,00;;
VI;14895;LANNATE 20 SL;81,50;;
VI;14898;POLECI;29,00;;
VI;14909;NURELLE 5;13,00;;
VI;14914;YSAYO x 10 lt;1.800,00;;
VI;14919;EMERALD 125;0,04;;
VI;14927;KALAHARI;1,00;;
VI;14935;TRAXOS ONE;135,00;;
VI;14936;AMPLIGO;174,10;;
VI;14938;DEDICADE;1,00;;
VI;14940;TAKUMI;1,50;;
VI;14945;ASCOT;21,00;;
VI;14948;ACTARA HOBBY;0,14;;
VI;14951;BOTECTOR;8,00;;
VI;14967;TIPTOR ULTRA;102,00;;
VI;14972;DICARZOL 50 SP;22,00;;
VI;14980;AFFINITY PLUS;156,00;;
VI;14983;EXEMPTOR;10,00;;
VI;14986;OPERA NEW;440,00;;
VI;15005;FONTELIS;21,00;;
VI;15005;FONTELIS x 1 lt;2,00;;
VI;15007;AXIAL PRONTO;1,00;;
VI;15008;LBG - 01F34;795,00;;
VI;15008;LBG01F34;10,00;;
VI;15011;SPI EC;2,00;;
VI;15013;NATRIA LUMACHICIDA;41,00;;
VI;15013;BAYER NATRIA LUMACHICIDA 500 GR;36,00;;
VI;15019;RIVIERA;6,00;;
VI;15023;DERREX x 20 kg;760,00;;
VI;15024;MESUROL 200 SC x 1 lt;251,00;;
VI;15024;MESUROL 200 SC;65,00;;
VI;15030;COSSACK x 0,6 kg;69,60;;
VI;15030;COSSACK;3,00;;
VI;15034;DICOPHAR;26,80;;
VI;15034;KOL DICOPHAR ML.100;9,00;;
VI;15037;BREZZA;91,00;;
VI;15041;OPINION ECNA;159,50;;
VI;15047;R6 ERRESEI BORDEAUX WG;321,25;;
VI;15047;BAYER R6 BORDEAUX WG GR 500;1,00;;
VI;15049;MODDUS;38,00;;
VI;15050;VERTIMEC PRO;69,00;;
VI;15050;VERTIMEC PRO x 1 lt;12,00;;
VI;15052;KAIMO SORBIE;10,00;;
VI;15054;CONTENDER 80 WG;9,00;;
VI;15058;PRINCIPAL MAIS;342,48;;
VI;15058;PRINCIPAL MAIS x 440 gr;22,00;;
VI;15059;DECIS EVO;1.020,15;;
VI;15059;DECIS EVO x 1 lt;27,00;;
VI;15059;DECIS EVO x 5 lt;20,00;;
VI;15062;PIRAMAX  EC;4,00;;
VI;15063;NIMBLE x 50 gr;2,70;;
VI;15064;MAESTRO WG ADVANCE;8,00;;
VI;15067;MIG-40 SC;9,00;;
VI;15071;EVOLUTION;331,00;;
VI;15079;JUVINAL ECHO;1,00;;
VI;15083;AUDACE;9,00;;
VI;15083;AUDACE x 1 lt;7,00;;
VI;15093;CENTURIO;786,50;;
VI;15094;FOSBEL 80 WG;48,00;;
VI;15094;FOSBEL 80 WG  5KG;15,00;;
VI;15101;CIMORAM ULTRA WG;545,00;;
VI;15102;VITENE R WG;122,00;;
VI;15111;MIRADOR SC;407,50;;
VI;15115;PROSPER 500 EC x 1 lt;1.112,00;;
VI;15115;VELIERO;24,00;;
VI;15115;PROSPER 500 EC;13,00;;
VI;15116;ELIOS R;58,00;;
VI;15122;ACTELLIC 50 NEWPHARM;29,00;;
VI;15124;ZANTARA;90,00;;
VI;15125;PROLECTUS x 1 kg;219,00;;
VI;15125;PROLECTUS;131,00;;
VI;15127;SANVINO;550,00;;
VI;15130;INTREPID;58,00;;
VI;15135;OLEOSAN PLUS;72,50;;
VI;15138;BAROCCO 80 WG;6.425,00;;
VI;15142;ALCANCE SYNC TEC;95,00;;
VI;15145;TEMPLIER x 180 gr;4,68;;
VI;15168;ZORO 1.9 EW;64,00;;
VI;15177;ROTATE PLUS DF x 10 kg;740,00;;
VI;15177;ROTATE PLUS DF x 1 kg;207,00;;
VI;15177;ROTATE PLUS DF;190,00;;
VI;15180;RIVET PLUS x 1 lt;188,00;;
VI;15181;CIRRUS CS;405,00;;
VI;15184;SATEL GEO;212,00;;
VI;15192;LIBERATE;25,00;;
VI;15193;CONTATTO PIU' EXTRA;59,00;;
VI;15193;CONTATTO PIU EXTRA x 1 lt;24,00;;
VI;15199;SAKURA;27,00;;
VI;15201;FLOXY 355 SC;11,00;;
VI;15213;DEMETRINA FLOW;40,82;;
VI;15221;ZETARAM PLUS;6.817,10;;
VI;15222;FOLICUR COMBI WG;4.239,00;;
VI;15227;MESUROL EVOLUTION;19,25;;
VI;15232;CUSTODIA;184,00;;
VI;15232;CUSTODIA x 1 lt;5,00;;
VI;15235;MOMENTUM;101,00;;
VI;15236;ZAMMO;42,00;;
VI;15236;ZAMMO x 1 lt;4,00;;
VI;15237;CHIKARA DUO;12,20;;
VI;15250;COPRANTOL DUO;10,00;;
VI;15253;FALCON MK x 5 lt;790,00;;
VI;15253;FALCON MK x 1 lt;652,00;;
VI;15253;FALCON MK;1,00;;
VI;15256;FORUM R 3B FLOW;10,00;;
VI;15264;ENERVIN SC;638,50;;
VI;15267;KUSABI;11,00;;
VI;15270;PROFELIS;2,74;;
VI;15274;ALIAL SYSTEM;5,00;;
VI;15285;PRIMMA STAR;4,81;;
VI;15286;KENDO ZEON 1.5 x 1 lt;5,00;;
VI;15289;SERENADE NATRIA;1,20;;
VI;15290;AXIDOR;22,00;;
VI;15294;KENDO BI-ACTIVE x 1 lt;263,00;;
VI;15302;AMYLO-X;258,00;;
VI;15302;AMYLO-X x 1 kg;67,00;;
VI;15303;MET52 GRANULARE;1,00;;
VI;15307;DEDALUS 25 WDG;2,50;;
VI;15310;NISSHIN EXTRA 6 OD;52,00;;
VI;15311;TIZCA;1,00;;
VI;15313;ZOLFO SC;495,00;;
VI;15317;FLARE GOLD COMBI PEPITE x 5 kg;2.795,00;;
VI;15317;FLARE GOLD COMBI PEPITE;20,00;;
VI;15325;CORNER MZ WG;530,00;;
VI;15326;CUPROTEK DISPERSS x 10 kg;660,00;;
VI;15333;APPLAUD PLUS;1.939,60;;
VI;15333;APPLAUD PLUS x 1 lt;5,00;;
VI;15340;FEUDO 50 WP;131,00;;
VI;15343;FEUDO RD WP;10,00;;
VI;15348;RIDOMIL GOLD R LIQUIDO;145,00;;
VI;15356;AVIATOR SC;354,00;;
VI;15356;SPHINX SC;40,00;;
VI;15359;VITIL 8-64 WG;60,00;;
VI;15361;LIETO;132,10;;
VI;15363;MEDEIRO 80 WG ADVANCE;20,00;;
VI;15365;RAME ZOLFO FLOW MCT;220,00;;
VI;15365;RAME ZOLFO FLOW;47,00;;
VI;15370;FURY GEO x 10 kg;12.050,00;;
VI;15370;FURY GEO;1.350,00;;
VI;15371;BELEM PROTEZIONE x 12 kg;12.816,00;;
VI;15371;BELEM PROTEZIONE;888,00;;
VI;15378;TRAXOS PRONTO 60;63,00;;
VI;15378;TRAXOS PRONTO 60 x 1 lt;18,00;;
VI;15379;AXIAL PRONTO 60;493,00;;
VI;15379;AXIAL PRONTO 60   LT 0,75;32,25;;
VI;15379;AXIAL PRONTO 60 x 0,75 lt (1 Ha);27,75;;
VI;15379;AXIAL PRONTO 60   LT1;10,00;;
VI;15384;LUNA EXPERIENCE;36,00;;
VI;15384;LUNA EXPERIENCE x 1 lt;6,00;;
VI;15386;TRACER FLY;24,00;;
VI;15388;MEXIL ORO R WG;140,00;;
VI;15389;FLARE GOLD R WG x 10 kg;740,00;;
VI;15401;TAIFUN MK CL;4.755,50;;
VI;15401;TAIFUN MK CL  1LT;2.520,00;;
VI;15401;TAIFUN MK CL x 20 lt;1.240,00;;
VI;15401;TAIFUN MK CL  5LT;605,00;;
VI;15416;DIFO;12,00;;
VI;15428;WINNER OD;31,00;;
VI;15448;REBEL TOP;207,00;;
VI;15449;CIDELY;760,50;;
VI;15451;ELIOS WG TOP;22,00;;
VI;15493;SIMUN 40 OD;114,00;;
VI;15499;SONG 70 WDG;36,50;;
VI;15501;QUIZ;80,00;;
VI;15505;SILBOT 500 SC x 1 lt;806,00;;
VI;15505;SILBOT 500 SC;3,00;;
VI;15507;CREW SUPERB;321,00;;
VI;15509;MOSAIKO COMBI;313,00;;
VI;15513;OSSICLOR 35 WG GREEN;2.640,00;;
VI;15514;CUPRAVIT BLU 35 WG;1.947,90;;
VI;15514;BAYER CUPRAVIT BLU WG GR 100;3,80;;
VI;15515;POLTIGLIA 20 PB GREEN;710,00;;
VI;15532;TOBAGO 200 SL;0,55;;
VI;15546;BIATHLON 4D;3,50;;
VI;15553;REGALIS PLUS;3,00;;
VI;15569;LOOP 40 x 5 lt;415,00;;
VI;15569;LOOP 40;136,00;;
VI;15569;LOOP 40 x 1 lt;29,00;;
VI;15572;ZOMINEX x 1 lt (+PERGADO SC x 1);72,00;;
VI;15572;ZOMINEX;58,00;;
VI;15573;PROMESS SL;132,00;;
VI;15574;KARMA 85;15,00;;
VI;15583;PIRAT;23,00;;
VI;15591;PREVINT TOP;17,00;;
VI;15596;LASCAR;3,00;;
VI;15603;ERBIFEN K;420,00;;
VI;15612;SEMPRA;3,15;;
VI;15618;FULLDINA 355 SC;78,00;;
VI;15621;BOTTO 50 EC;46,00;;
VI;15622;CURZATE R WG BIANCO;295,00;;
VI;15623;COSMOS 550 EC;63,00;;
VI;15625;TERMINUS SC;100,00;;
VI;15629;BADGER 45% WG;19,50;;
VI;15633;REVUS TOP;12,00;;
VI;15640;PROLINE STAR x 1 lt;142,00;;
VI;15640;PROLINE STAR x 5 lt;20,00;;
VI;15644;LANDMASTER;560,00;;
VI;15646;VIVER 250 EC;10,00;;
VI;15649;COMPO DISERBO FACILE RTU;6,00;;
VI;15651;FLANKER;24,00;;
VI;15652;VAREN;10,00;;
VI;15655;KEETON 25 WG x 1 kg;6,00;;
VI;15661;SENEGO;16,25;;
VI;15663;CUPRAVIT 35 WG;497,50;;
VI;15666;TURNER COMBI;17,00;;
VI;15668;GHIBLI 240 OD;21,25;;
VI;15668;GHIBLI 240 OD   250ML;0,75;;
VI;15680;MITRHA 40 SC;3,00;;
VI;15681;LUMADRY ESCA;118,50;;
VI;15687;MICLOCUR;12,00;;
VI;15690;ALIAL RAMATO;68,00;;
VI;15710;CLINCHER ONE;10,00;;
VI;15711;ALSYSTIN;3,00;;
VI;15713;DIABLO SC;6,40;;
VI;15713;DIABLO SC x 0,2 lt;2,20;;
VI;15722;ARMICARB 85;234,00;;
VI;15722;ARMICARB 85   X 5;5,00;;
VI;15725;DUAXO;31,40;;
VI;15738;STOPWEED 480 x 1 lt;95,00;;
VI;15741;AVADEX FACTOR;50,00;;
VI;15741;AVADEX FACTOR N.ETIC.X 10(PRESSING);9,00;;
VI;15751;VITENE TRIPLO R;1.295,50;;
VI;15758;QUILT XCEL;88,00;;
VI;15759;DECIS TRAP;2,00;;
VI;15765;DIABLO;0,60;;
VI;15779;ABANTO;3,00;;
VI;15832;VINTAGE C DISPERSS x 5 kg;355,00;;
VI;15834;TRACER 120;37,00;;
VI;15841;FLOCTER;10,00;;
VI;15842;AFICIONADO x 3 lt;3,00;;
VI;15847;MAKURI;44,25;;
VI;15847;MAKURI  LT 0,750;3,75;;
VI;15857;R6 ERRESEI PASADOBLE;1.011,00;;
VI;15857;R6 ERRESEI PASADOBLE x 10 kg;100,00;;
VI;15859;KATANGA EXPRESS;235,00;;
VI;15862;SUBITEX x 10 lt;60,00;;
VI;15877;CONSENTO;60,00;;
VI;15883;MARTO';6,00;;
VI;15891;BLAISE;64,00;;
VI;15899;SILICOSEC;15,00;;
VI;15900;TRIKA EXPERT;3.745,00;;
VI;15901;ERCOLE;31.646,50;;
VI;15901;ERCOLE x 10 kg;2.120,00;;
VI;15907;PRESIDIUM ONE;940,00;;
VI;15907;PRESIDIUM ONE   X 5;30,00;;
VI;15912;CUPRO ISAGRO WG;774,00;;
VI;15913;BORDO ISAGRO WG BLU;64,00;;
VI;15914;RAME ISAGRO WG BLU;150,00;;
VI;15924;RUSTLER;8,00;;
VI;15926;MOJANG 600;10,00;;
VI;15927;MOJANG T;170,00;;
VI;15931;GLORIAL JET;29,00;;
VI;15933;AXIENDO PRONTO USO;68,25;;
VI;15936;IMAZAMOX 40 (IMPORTAZIONE PARALLELA);70,00;;
VI;15949;PROMEX x 1 lt;12,00;;
VI;15949;PROMEX;1,00;;
VI;15961;RETENGO NEW;83,00;;
VI;15961;RETENGO NEWS x 1 lt;18,00;;
VI;15996;PATRIOT DRY;157,00;;
VI;15996;PATRIOT DRY x 1 kg;67,00;;
VI;16000;MINUET GR;41,50;;
VI;16030;CONTENDER WG;13,00;;
VI;16032;RADAR 10 EC;6,00;;
VI;16035;THEOREM;10,00;;
VI;16042;TOSCANA;13,66;;
VI;16051;LENNS;188,20;;
VI;16051;LENNS x 5 lt;15,00;;
VI;16063;ARIGO;13,87;;
VI;16065;TOPIK ONE;6,06;;
VI;16068;FOLDER 80 WG;950,00;;
VI;16071;MESOZIN 70 WG;55,25;;
VI;16074;GLORIAL 25 EC;21,00;;
VI;16075;AGHERUD M;294,00;;
VI;16084;BREVIS;6,00;;
VI;16084;BREVIS x 0,5 kg;1,50;;
VI;16087;LAGOS;30,00;;
VI;16098;NIBER 70 DF x 0,250 kg;132,00;;
VI;16098;NIBER 70 DF;5,00;;
VI;16099;SINIS 70 DF;115,00;;
VI;16104;ELECTIS TRIO WDG;1.206,00;;
VI;16117;SERBY;52,65;;
VI;16124;JUVINAL ECHO PLUS;6,00;;
VI;16124;JUVINAL ECHO PLUS x 1 lt;1,00;;
VI;16126;FLANCO SC;6,40;;
VI;16136;LUMA-GOLD;66,50;;
VI;16137;OSIRIS;60,00;;
VI;16139;SEGURIS XTRA x 1 lt;288,00;;
VI;16139;SEGURIS XTRA;75,00;;
VI;16139;SEGURIS XTRA x 5 lt;40,00;;
VI;16139;SEGURIS  XTRA;2,00;;
VI;16149;BABEL;12,00;;
VI;16161;CENTURY SL;460,00;;
VI;16167;MARACANA;7,00;;
VI;16171;HADDEN;26,40;;
VI;16172;CAL-EX 1.9 EW x 1 lt;293,00;;
VI;16172;CAL-EX 1,9 EW;117,00;;
VI;16179;FOLLOW 80 WG;325,00;;
VI;16182;CLICK PRO;459,00;;
VI;16191;TRIMAXX x 1 lt;101,00;;
VI;16194;ETRAVON PRO;20,00;;
VI;16205;IDROX 20;310,00;;
VI;16207;KRATER 1.9 EW;6,00;;
VI;16210;ZETARAM HI TECH;10,00;;
VI;16213;UNICORN PLUS DF;140,00;;
VI;16221;MADEX TOP;3,90;;
VI;16221;MADEX TOP x 0,1 lt;1,60;;
VI;16223;CUSTOM;12,00;;
VI;16225;POLTIGLIA BLU 20 WG;46,00;;
VI;16227;FOLPAN COMBI;2.418,00;;
VI;16227;FOLPAN COMBI x 5 kg;520,00;;
VI;16227;FOLPAN COMBI x 1 kg;64,00;;
VI;16230;RUFAST NOVA;1,00;;
VI;16261;BELOUKHA;10,00;;
VI;16283;QUANTUM R-OK;25,00;;
VI;16297;SUPPORT 100 EC;150,00;;
VI;16299;PASSAT SL x 5 lt;465,00;;
VI;16299;PASSAT SL x 1 lt;333,00;;
VI;16305;BONZI;4,00;;
VI;16321;PENDIPHAR;8,00;;
VI;16325;EPIK SL;804,57;;
VI;16325;EPIK SL x 1 lt;144,00;;
VI;16325;EPIK SL x 5 lt;65,00;;
VI;16352;FRISBEE TOP;22,00;;
VI;16363;SIRTAKI;403,00;;
VI;16363;SIRTAKI x 1 lt;152,00;;
VI;16364;BISMARK;3.006,00;;
VI;16364;BISMARK x 10 lt;1.240,00;;
VI;16364;BISMARK x 1 lt;836,00;;
VI;16364;BISMARK x 5 lt;390,00;;
VI;16364;BISMARK  LT 5;320,00;;
VI;16379;PREV-AM PLUS;559,00;;
VI;16396;TEMSA 100;23,00;;
VI;16405;IMAGE GOLD;110,00;;
VI;16408;ENOVIT METIL FL BEET;5,00;;
VI;16413;SEQUAT;20,00;;
VI;16415;MADEX TWIN;0,40;;
VI;16434;OLIOCIN NATRIA;8,00;;
VI;16444;DIXIE MAIS;367,20;;
VI;16460;VELIERO 500 EC;102,00;;
VI;16462;R6 ERRESEI ALBIS ORTO;37,00;;
VI;16480;3LOGY;384,00;;
VI;16480;3LOGY x 4 lt;24,00;;
VI;16483;TEMIDE 50 WG;332,00;;
VI;16484;CIRCUIT ACCESS 36 CS;27,00;;
VI;16486;RAGTIME 250;7,00;;
VI;16493;SPI GEO;700,00;;
VI;16527;TELLUS WP;8,00;;
VI;16528;GHIBLI 40 OD;184,00;;
VI;16534;TIXAL R SC;12,00;;
VI;16538;KITAMBA;180,00;;
VI;16545;COPRANTOL HI BIO 2.0;39,00;;
VI;16566;KUPPER 20 WG;10,00;;
VI;16567;TRICOPPERLAND x 10 kg;1.110,00;;
VI;16571;COPPER COMBI WG;12,00;;
VI;16719;BEAM 16;30,00;;
VI;16719;BEAM 16  X 1;27,00;;
VI;16722;EXIREL 2016;43,00;;
VI;16722;EXIREL;16,00;;
VI;16722;EXIREL 2016 (AUTORIZZAZIONE ECCEZIONALE);5,00;;
VI;16728;AF-X1 2016 x 12,5 kg;585,00;;
VR;13;THIOPRON;34.490,00;;
VR;13;THIOPRON x 10 lt;30.045,00;;
VR;13;THIOPRON DA LT. 10;3.340,00;;
VR;13;THIOPRON X LT.10;1.340,00;;
VR;13;THIOPRON X LT.1000;1.000,00;;
VR;13;;940,00;;
VR;17;U 46 COMBI FLUID;1.061,00;;
VR;17;U 46 COMBI FLUID x 1 lt;222,00;;
VR;17;U 46 COMBI-FLUID REG.0017 LT.1-CLP-;49,00;;
VR;17;U46 COMBI-FLUID LT. 1x12 (Xn);15,00;;
VR;17;U46 COMBI FLUID;9,00;;
VR;133;U 46 D-FLUID;100,00;;
VR;206;ALBENE x 25 lt;51.470,00;;
VR;206;ALBENE;11.112,00;;
VR;206;ALBENE X LT.25;675,00;;
VR;206;ALBENE x 1 lt;1,00;;
VR;298;CUPRIN;18,50;;
VR;449;MOCAP;23.160,00;;
VR;449;MOCAP REG.00449 KG.15 -CLP-;7.725,00;;
VR;449;MOCAP x 15 kg;3.345,00;;
VR;449;MOCAP REG.00449 KG.15;2.865,00;;
VR;565;FUMATHANE 510;11.310,00;;
VR;599;ACUPRICO 76 WG;1.998,00;;
VR;599;ACUPRICO 76 WG X KG.5;600,00;;
VR;599;ACUPRICO 76 WG X KG.1;300,00;;
VR;619;VALGRAN;944,00;;
VR;630;REGLONE W;4.521,00;;
VR;630;REGLONE W DA LT. 5x4 (T+);2.355,00;;
VR;630;REGLONE W REG.0630 LT.5-CLP-;850,00;;
VR;630;REGLONE W x 5 lt;420,00;;
VR;630;REGLONE W x 1 lt;141,00;;
VR;630;REGLONE W DA LT. 1x12 (T+);75,00;;
VR;630;REGLONE W REG.0630 LT.1-CLP-;55,00;;
VR;747;ZOLFO SPRUZZABILE;12.195,00;;
VR;747;ZOLFO SPRUZZ.MICRO.92% X KG.10;3.250,00;;
VR;747;ZOLFO SPRUZ 95% MORMINO PB x 10 kg;2.590,00;;
VR;779;TRIMANOC 80 WP;8,00;;
VR;779;TRIMANOC 80 WP X KG. 1;8,00;;
VR;779;TRIMANOC 80 WP x 1 kg;6,00;;
VR;844;MICROBAGNABILE 80;89,00;;
VR;886;SENCOR x 0,5 kg;78,50;;
VR;886;SENCOR WG;56,50;;
VR;886;SENCOR WG REG.0886 GR.500-CLP-;40,50;;
VR;886;SENCOR WG REG.0886 GR.500;5,00;;
VR;909;POLISOLFURO DI CALCIO POLISENIO;65.335,00;;
VR;909;POLIS. CALCIO POLISENIO x 25 kg;15.225,00;;
VR;909;POLIS. CALCIO POLISENIO x 250 kg;5.750,00;;
VR;909;POLISOLFURO CALCIO KG.25 (20lt;3.075,00;;
VR;909;POLISOLFURO DI CALCIO X KG.25;1.625,00;;
VR;909;POLISOLFURO DI CALCIO X KG.250;1.250,00;;
VR;909;POLISOLF. CALCIO KG.250 (200lt;250,00;;
VR;1155;CHEMOL 90 EL;791,00;;
VR;1156;CHEMOL;55.012,00;;
VR;1156;CHEMOL DA LT. 25;23.550,00;;
VR;1156;CHEMOL X LT.25;900,00;;
VR;1156;CHEMOL DA LT. 5x4;675,00;;
VR;1156;CHEMOL DA LT. 1x12;104,00;;
VR;1156;CHEMOL x 25 lt;25,00;;
VR;1156;CHEMOL X LT.1;5,00;;
VR;1544;MESUROL;104,00;;
VR;1562;ERBITOX E 30 x 1 lt;956,00;;
VR;1562;ERBITOX E 30;5,00;;
VR;1573;BASAMID GRANULAT;26.820,30;;
VR;1573;BASAMID x 20 kg;9.940,00;;
VR;1573;BASAMID GRAN. DA KG. 20 (Xn);20,00;;
VR;1583;MICROTHIOL DISPERSS;84.844,00;;
VR;1583;MICROTHIOL DISPERSS x 25 kg;47.050,00;;
VR;1583;MICROTHIOL DISPERSS X KG.25;34.000,00;;
VR;1583;MICROTHIOL DISPERSS DA KG. 25;9.175,00;;
VR;1583;MICROTHIOL DISPERSS x 15 kg;6.660,00;;
VR;1583;;1.950,00;;
VR;1583;MICROTHIOL DISPERSS x 1 kg;1.574,00;;
VR;1714;KERB 80 EDF;567,00;;
VR;1714;KERB  80 EDF;552,00;;
VR;1714;KERB 80 EDF DA KG. 1x10 (Xn);228,00;;
VR;1714;KERB 80 EDF x 1 kg;87,00;;
VR;1714;KERB 80 EDF REG.01714 KG.1 -CLP-;86,00;;
VR;1714;KERB 80 EDF  REG.01714 KG.1;27,00;;
VR;1823;ZOLFO 80 MICRONIZZATO;3.911,00;;
VR;1850;IDRORAME FLOW;256,75;;
VR;1850;KOL IDRORAME FLOW ML.250;26,50;;
VR;1903;SULFURENE X KG.25;100,00;;
VR;1936;LIQUIZOL M;32.978,00;;
VR;1936;LIQUIZOL M X LT.10;330,00;;
VR;1936;LIQUIZOL M X LT.1;37,00;;
VR;2191;WETTING PLUS;439,00;;
VR;2249;MALERBANE PRATI 400;106,00;;
VR;2249;MALERBANE PRATI x 1 lt;12,00;;
VR;2259;PASTA LUMACHICIDA IN GRANI;142,50;;
VR;2260;GASTROTOX E;540,00;;
VR;2260;GASTROTOX E KG.5-CLP-;280,00;;
VR;2260;GASTROTOX E X KG.5;60,00;;
VR;2260;GASTROTOX E KG.1 -CLP-;8,00;;
VR;2272;SILLIM;207,50;;
VR;2307;VECTOR;6.377,00;;
VR;2307;VECTOR x 20 lt;4.270,00;;
VR;2307;VECTOR x 5 lt;2.865,00;;
VR;2307;VECTOR x 1 lt;997,00;;
VR;2307;VECTOR DA LT. 5x4;925,00;;
VR;2307;VECTOR DA LT. 20;900,00;;
VR;2307;VECTOR DA LT. 1x10;131,00;;
VR;2307;;90,00;;
VR;2340;STOMP 330-E X LT.1;6,00;;
VR;2353;BONALAN;3.813,00;;
VR;2353;BONALAN x 1 lt;439,00;;
VR;2353;BONALAN REG.02353 LT.1-CLP-;323,00;;
VR;2353;BONALAN REG.02353 LT.5-CLP-;305,00;;
VR;2353;BONALAN x 3  (+ KERB FLO X 1,5);72,00;;
VR;2353;BONALAN REG.2353 LT.3-CLP-;45,00;;
VR;2368;PRATI SPECIAL;30,00;;
VR;2518;ACTELLIC 2P;13,00;;
VR;2520;ACTELLIC 50 x 1 lt (n.reg.02520);7,00;;
VR;2520;ACTELLIC;2,00;;
VR;2525;LUMACID AGRO;160,00;;
VR;2603;ESCACIDE;92,00;;
VR;2634;BUGGY;13.587,00;;
VR;2634;BUGGY LT.20-CLP-;1.040,00;;
VR;2732;GOLTIX;981,00;;
VR;2732;GOLTIX x 5 kg (70%);265,00;;
VR;2732;GOLTIX x 1 kg (70%);110,00;;
VR;2896;TETROSSIL x 25 kg;2.470,00;;
VR;2896;TETROSSIL;25,00;;
VR;2923;TIOVIT JET;256.388,00;;
VR;2923;TIOVIT JET DA KG. 25;112.650,00;;
VR;2923;TIOVIT JET GD x 25 kg;57.450,00;;
VR;2923;TIOVIT JET X KG.25;26.850,00;;
VR;2923;TIOVIT JET KG.25-CLP-;4.000,00;;
VR;2923;TIOVIT JET DA KG. 10;2.860,00;;
VR;2923;TIOVIT JET KG.10-CLP-;960,00;;
VR;2923;TIOVIT JET KG.10;540,00;;
VR;2923;TIOVIT JET DA KG. 1x10;122,00;;
VR;2923;TIOVIT JET KG.1 -CLP-;98,00;;
VR;2923;TIOVIT JET GD x 1 kg;17,00;;
VR;2923;TIOVIT JET 1 KG;2,00;;
VR;2983;NIMROD;1,50;;
VR;2995;ESCARTOX;2.807,70;;
VR;2995;ZAPI LUMACHICIDA ORTO ESCARTOX KG 1;871,00;;
VR;2995;ZAPI LUMACHICIDA META KG.5 (al kg.);780,00;;
VR;2995;ZAPI LUMACHICIDA ORTO ESCARTOX GR50;294,50;;
VR;3065;OLIOCIN;17.977,00;;
VR;3065;OLIOCIN DA LT. 25;3.875,00;;
VR;3065;OLIOCIN x 25 lt;650,00;;
VR;3065;OLIOCIN X LT.25;600,00;;
VR;3065;BAYER OLIOCIN LT 1;346,00;;
VR;3065;OLIOCIN GIRDINO 100 ML;18,00;;
VR;3065;BAYER OLIOCIN EW 250 ML;6,00;;
VR;3082;OLEOTER ESTATE;6.654,25;;
VR;3082;OLEOTER ESTATE X LT.5;30,00;;
VR;3102;OLEOTER;19.381,25;;
VR;3102;OLEOTER X LT.25;2.475,00;;
VR;3102;OLEOTER X LT.5;685,00;;
VR;3102;;175,00;;
VR;3126;CUPRIZOL;435,00;;
VR;3141;CUTHIOL X LT.10;1.690,00;;
VR;3141;CUTHIOL;42,00;;
VR;3141;CUTHIOL X LT.1;8,00;;
VR;3163;U 46 M STAR;64,00;;
VR;3182;AFITIN L;1.059,00;;
VR;3188;POLTIGLIA 20 PB;18,00;;
VR;3219;CARAKOL AGRO;2.172,00;;
VR;3219;KOL CARAKOL AGRO KG.1;599,00;;
VR;3219;CARAKOL AGRO DA KG. 1x20;52,00;;
VR;3313;ARAGOL L 40 ST;159,00;;
VR;3313;ARAGOL L 40 X LT.5;55,00;;
VR;3313;ARAGOL L 40 X LT.1;20,00;;
VR;3313;ARAGOL L40 ST REG.03313 LT.1-CLP-;2,00;;
VR;3343;U 46 M CLASS;493,00;;
VR;3343;U46 M-CLASS X LT.1;248,00;;
VR;3343;U 46 M CLASS x 1 lt;192,00;;
VR;3343;U46 M CLASS;181,00;;
VR;3366;ROGATOX EC;84,00;;
VR;3366;ROKAR 400 ST;24,00;;
VR;3397;ROGOR x 1;148,00;;
VR;3412;SYLLIT 65;694,00;;
VR;3412;SYLLIT 65 DA KG. 1x10 (Xn);667,00;;
VR;3412;SYLLIT 65 X KG.1;328,00;;
VR;3468;DACOL L 40 ST;2.305,00;;
VR;3486;TRISCABOL DG;91,00;;
VR;3503;AGRUMIN;146,20;;
VR;3519;METAMBANE;211,00;;
VR;3519;METAMBANE x 1 lt;41,00;;
VR;3553;CURZATE;57,00;;
VR;3553;CURZATE DA KG. 1x10;27,00;;
VR;3553;CURZATE KG.1;2,00;;
VR;3553;CURZATE  KG.1 -CLP-;1,00;;
VR;3628;CUPROCAFFARO WP X KG.1;1.104,00;;
VR;3628;CUPROCAFFARO;376,00;;
VR;3640;CUPROSTAR;2.234,00;;
VR;3640;CUPROSTAR DA LT. 10;390,00;;
VR;3658;SIPCAMOL E;126,50;;
VR;3754;BAGNANTE SARIAF;5.858,00;;
VR;3754;BAGNANTE SARIAF X LT.5;200,00;;
VR;3754;BAGNANTE SARIAF X LT.20;20,00;;
VR;3767;FENOXILENE MAX;1.400,00;;
VR;3767;FENOXILENE MAX LT.1-CLP-;1,00;;
VR;3767;FENOXILENE MAX LT.1;1,00;;
VR;3771;ROVRAL WG;1.238,00;;
VR;3771;ROVRAL WG x 1 kg;596,00;;
VR;3771;ROVRAL WG REG.03771 KG.1 -CLP-;503,00;;
VR;3771;ROVRAL WG X KG.1;120,00;;
VR;3771;ROVRAL WG DA KG. 1x10 (Xn);14,00;;
VR;3779;VAPAM;176.740,00;;
VR;3779;VAPAM 470 x 1000 lt;1.000,00;;
VR;3793;DITHANE M - 45;825,00;;
VR;3793;DITHANE M-45;243,00;;
VR;3800;CRITTAM WG x 20 kg;6.540,00;;
VR;3800;CRITTAM WG x 5 kg;2.830,00;;
VR;3800;CRITTAM WG;1.316,00;;
VR;3800;CRITTAM WG x 1 kg;488,00;;
VR;3800;CRITTAM WG X KG.5;60,00;;
VR;3800;CRITTAM WG X KG.1;5,00;;
VR;3859;DURSBAN REG.03859 LT.5 -CLP-;95,00;;
VR;3859;DURSBAN;28,00;;
VR;3859;DURSBAN REG.03859 LT.1;8,00;;
VR;3859;DURSBAN REG.03859 LT.1-CLP-;3,00;;
VR;3861;ROTIOFEN GOLD x 1 lt;62,00;;
VR;4011;PIRETRIN;0,40;;
VR;4012;RELDAN 22;6.950,90;;
VR;4012;RELDAN 22 DA LT. 5x4;1.755,00;;
VR;4012;RELDAN 22 DA LT. 1x10;810,00;;
VR;4012;RELDAN 22 X LT.5;235,00;;
VR;4012;RELDAN 22 x 1 lt;145,00;;
VR;4012;RELDAN 22 X LT.1;89,00;;
VR;4012;RELDAN 22 x 5 lt;50,00;;
VR;4012;RELDAN 22 x 0,250 lt;13,25;;
VR;4012;RELDAN 22 LT.1;3,00;;
VR;4190;TETRASOL 80;2.580,00;;
VR;4199;PENNCOZEB DG x 20 kg;20.440,00;;
VR;4199;PENNCOZEB DG DA KG. 20 (Xn);8.360,00;;
VR;4199;PENNCOZEB DG;5.186,00;;
VR;4199;PENNCOZEB DG REG.04199 KG.20-CLP-;2.000,00;;
VR;4199;PENNCOZEB DG DA KG. 10 (Xn);1.900,00;;
VR;4199;PENNCOZEB DG X KG.20;620,00;;
VR;4199;PENNCOZEB DG x 25 kg;475,00;;
VR;4199;PENNCOZEB DG REG.04199 KG.10-CLP-;470,00;;
VR;4199;PENNCOZEB DG x 10 kg;290,00;;
VR;4199;PENNCOZEB DG x 1 kg;109,00;;
VR;4199;PENNCOZEB DG REG.04199 KG.1-CLP-;28,00;;
VR;4228;ROGOR 400 ST x 1 lt;3.894,00;;
VR;4228;ROGOR 400 ST;1.579,50;;
VR;4228;ROGOR 400 ST LT.5-CLP-;335,00;;
VR;4228;ROGOR 400 ST LT.1-CPL-;192,00;;
VR;4228;ROGOR 400 ST DA LT. 1x12;66,00;;
VR;4228;ROGOR L 20 LT.1 -CLP-;2,00;;
VR;4275;ACUPRICO 500;70,00;;
VR;4292;ZOLVIS 80 MICRO;7.825,00;;
VR;4326;ROGOR L 40 ST;1.426,00;;
VR;4326;ROGOR L 40 ST x 1 lt;656,00;;
VR;4326;ROGOR L 40 ST DA LT. 1x12 (Xn);653,00;;
VR;4326;ROGOR L 40 ST DA LT.10 (Xn);100,00;;
VR;4326;ROGOR L40 X LT.10;40,00;;
VR;4426;DECIS;3,00;;
VR;4426;DECIS REG.4426 LT.1;2,00;;
VR;4426;DECIS 10 ML;0,80;;
VR;4461;IMIDAN WDG;1.172,00;;
VR;4461;IMIDAN WDG x 1 kg;220,00;;
VR;4461;IMIDAN WDG x 5 kg;195,00;;
VR;4552;DITHANE DG NEOTEC;730,00;;
VR;4552;;140,00;;
VR;4552;DITHANE DG NEOTEC REG.04552 KG.10;20,00;;
VR;4579;DISERBONE E54;12,00;;
VR;4686;DIMILIN 25 P.B.;23,00;;
VR;4710;ALIETTE;2.818,60;;
VR;4710;ALIETTE DA KG. 6;180,00;;
VR;4710;ALIETTE KG.1-CLP-;161,00;;
VR;4710;BAYER ALIETTE 250 GR;49,00;;
VR;4710;ALIETTE x 1 kg;18,00;;
VR;4833;FANDANGO 360 SL;14,00;;
VR;4896;RIGENAL P;25,95;;
VR;5053;ACTELLIC 5;80,00;;
VR;5152;TIOSPOR WG;25.281,00;;
VR;5152;TIOSPOR WG X KG.1;108,00;;
VR;5154;ARPEL TRIPLO BLU;5,00;;
VR;5228;CARAKOL;236,00;;
VR;5228;CARAKOL 500G;31,00;;
VR;5292;FIXORMON;2,00;;
VR;5295;FITONEX;1,00;;
VR;5299;MIBIOL;296,00;;
VR;5299;ZAPI MIBIOL COCCINIGLIA INV. 1 LT.;74,00;;
VR;5299;ZAPI MIBIOL COCCINIGLIA INV. 500 ML;2,00;;
VR;5343;LIMASANEX;23,00;;
VR;5349;GI - TRE;0,14;;
VR;5381;MANCOZEB PLUS 80 WP;2.325,00;;
VR;5414;RADICANTE POLVERE TALEE LEGNOSE;2,10;;
VR;5467;METADENE;67,00;;
VR;5512;DREAM;12,00;;
VR;5581;GIBBERELLINA CIFO;6,40;;
VR;5581;GIBBERELLINA ATUCCIO GR.50;2,10;;
VR;5708;TERRAZOLE 25%EC REG.5708 LT.1;20,00;;
VR;5708;TERRAZOLE 25% EC;8,00;;
VR;5755;TILT 25 EC;11,00;;
VR;5755;TILT 25EC REG.05755 ML.500-CLP-;6,00;;
VR;5755;TILT 25EC REG.5755 ML.500;3,50;;
VR;5755;TILT 25 EC x 0,5 lt;2,00;;
VR;5758;GALBEN R 4-33 BLU;1.820,00;;
VR;5796;GARLON;658,00;;
VR;5796;GARLON x 1;63,00;;
VR;5980;FITOP 80;23,00;;
VR;6037;TECTO SC LT.1-CLP-;1,00;;
VR;6136;GERMON L;97,00;;
VR;6136;GERMON L DA LT. 1;16,00;;
VR;6162;DE - SPROUT;18.000,00;;
VR;6162;DE-SPROUT x 1000 lt;16.000,00;;
VR;6162;DE-SPROUT LT.1000-CLP-;15.000,00;;
VR;6162;DE-SPROUT LT.10;980,00;;
VR;6221;IPIRON 45 SC;20,00;;
VR;6277;VYDATE 5G;450,00;;
VR;6298;FASTAC;17,00;;
VR;6321;STIMOLANTE 66F;87,00;;
VR;6321;66 F DA ML. 1000 STIMOLANTE;13,00;;
VR;6321;STIMOL 66 F x 1 lt;5,20;;
VR;6321;STIMOLANTE 66F X LT.1;1,00;;
VR;6322;OBSTHORMON 24A;479,00;;
VR;6322;OBSTHORMON 24 A;287,00;;
VR;6322;OBSTHORMON 24 A DA LT. 1x12;94,00;;
VR;6322;OBSTORMON 24 A x 1 lt;33,50;;
VR;6322;OBSTHORMON 24A X LT.1;19,00;;
VR;6324;MAXCEL;570,00;;
VR;6324;MAXCEL 2 SL x 2 lt;406,00;;
VR;6324;MAXCEL 2SL X LT.2;62,00;;
VR;6324;MAXCEL x 2 lt;4,00;;
VR;6376;ANTISCHIUMA SCHAUMSTOP;7,80;;
VR;6389;DUECI-FITO RADICANTE;3,80;;
VR;6401;MONDAK 21 S;47,00;;
VR;6401;MONDAK 21 S LT.1;13,00;;
VR;6428;GOAL 2 XL X LT.1;1,00;;
VR;6437;ETHREL;164,00;;
VR;6437;ETHREL DA LT. 1x12 (Xn);51,00;;
VR;6437;ETHREL X LT.1;4,00;;
VR;6437;"ETHREL ""NUOVA ETICH."" x 1 lt";3,00;;
VR;6505;NOKAD;6,25;;
VR;6555;K-OBIOL ULV 6;15,00;;
VR;6556;K-OBIOL DP2;222,00;;
VR;6556;K-OBIOL DP2 x 1 kg;122,00;;
VR;6557;K-OBIOL EC 25;133,00;;
VR;6557;K-OBIOL EC 25 X 1;5,00;;
VR;6674;AFALON DS;3.047,00;;
VR;6674;AFALON DS x 1 lt;829,00;;
VR;6674;AFALON DS DA LT. 1x12 (T);11,00;;
VR;6674;AFALON DS REG.06674 LT.1-CLP-;4,00;;
VR;6674;AFALON DS REG.06674 LT.1;3,00;;
VR;6704;TIOLENE 80 WG;1,00;;
VR;6751;RASEN FLORANID;15,00;;
VR;6766;BUTISAN S;176,00;;
VR;6766;BUTISAN S DA LT. 1x10;36,00;;
VR;6766;BUTISAN S x 1 lt;1,00;;
VR;6816;NU BAIT;1,00;;
VR;6873;IDRORAME 193;243,00;;
VR;6945;TOPAS 10 EC;759,29;;
VR;6945;TOPAS 10 EC x 1 lt;186,00;;
VR;6945;TOPAS 10 EC LT.1-CLP-;59,00;;
VR;6945;TOPAS 10 EC DA LT. 0,250x20;22,75;;
VR;6945;TOPAS 10 EC DA LT. 1x12;12,00;;
VR;6945;TOPAS 10 EC ML.250;7,00;;
VR;6945;TOPAS 10 EC X LT.1;3,00;;
VR;6945;TOPAS 10EC ML.250-CLP-;1,25;;
VR;6945;TOPAS 10 EC x 0,25 lt;0,75;;
VR;6945;TOPAS 10EC;0,40;;
VR;6955;METACID;13,00;;
VR;6956;TARGA FLO;474,00;;
VR;6956;TARGA FLO x 1 lt;167,00;;
VR;6956;TARGA FLO LT.5-CLP-;125,00;;
VR;6956;TARGA FLO LT.1-CLP-;25,00;;
VR;6978;BETTER 400;180,00;;
VR;6978;BETTER 400 LT.5;95,00;;
VR;6978;BETTER 400 x 5 lt;30,00;;
VR;7020;BAGNANTE CIFO;403,00;;
VR;7024;ZOLVIS SC;3,00;;
VR;7053;PASTA CAFFARO NC;181,00;;
VR;7053;PASTA CAFFARO NC X LT.1;24,00;;
VR;7055;PASTA CAFFARO BLU;2.024,50;;
VR;7055;PASTA CAFFARO BLU X LT.17,5;507,50;;
VR;7055;PASTA CAFFARO BLU LT.17,5-CLP-;192,50;;
VR;7066;MATACAR;1,00;;
VR;7101;LIMAVAL;160,50;;
VR;7101;LIMAVAL KG. 1x15;90,00;;
VR;7101;LIMAVAL KG. 5;45,00;;
VR;7368;TURFENE L x 1 lt;101,00;;
VR;7368;TURFENE L;22,50;;
VR;7369;SYLLIT FLO;75,79;;
VR;7369;BAYER SYLLIT FLO 250 ML;35,00;;
VR;7370;TETRASOL LIQUIDO;5.054,00;;
VR;7379;VENZAR;88,00;;
VR;7379;VENZAR x 0,500 S.I.(5 x 0,100);18,00;;
VR;7379;VENZAR GR.500 -CLP-;0,50;;
VR;7390;CHIPCO GREEN;40,00;;
VR;7401;POLTIGLIA CAFFARO 20 DF NEW;224,60;;
VR;7401;POLTIGLIA CAFFARO 20 DF NEW KG.1;7,00;;
VR;7411;DIRAGER;24,00;;
VR;7411;DIRAGER ML. 500 FITOREGOLATORE;6,00;;
VR;7411;DIRAGER x 0,5 lt;1,85;;
VR;7454;ORMONE AG COMPRESSE;46,75;;
VR;7454;ORMON AG COMPRESSE;9,70;;
VR;7483;DEVRINOL F;575,00;;
VR;7483;DEVRINOL F x 1 lt;193,00;;
VR;7483;DEVRINOL-F LT.1;12,00;;
VR;7483;DEVRINOL-F LT.1 -CLP-;8,00;;
VR;7530;BIOLID E;75,00;;
VR;7530;BIOLID E X LT.5;10,00;;
VR;7534;ROYAL MH;10.320,00;;
VR;7534;ROYAL MH LT.20;20,00;;
VR;7535;ROYAL MH  STAR;5.300,00;;
VR;7541;APOLLO SC;38,12;;
VR;7541;APOLLO SC x 0,5 lt;10,50;;
VR;7541;APOLLO SC FALC X LT. 0,500;4,00;;
VR;7541;APOLLO SC DA LT. 0,500x10;2,00;;
VR;7543;ERBITOX COMBI x 1 lt;27,00;;
VR;7550;ZETA 80;3,80;;
VR;7555;KLARTAN 20 EW;101,72;;
VR;7555;KOL KLARTAN 20EW ML.1 8F;0,07;;
VR;7581;ZELIG;35,00;;
VR;7597;ENERGIL 100 A;7,00;;
VR;7608;DASKOR REG.07608 LT.1-CLP-;847,00;;
VR;7608;DASKOR x 1 lt;419,00;;
VR;7608;DASKOR DA LT. 1x12 (Xn);110,00;;
VR;7608;DASKOR;99,00;;
VR;7611;ENOVIT METIL FL;10.619,00;;
VR;7611;ENOVIT METIL FL x 1 lt;2.880,00;;
VR;7611;ENOVIT METIL FL DA LT.5x4 (Xn);1.020,00;;
VR;7611;ENOVIT METIL FL DA LT.1x10(Xn);404,00;;
VR;7611;ENOVIT METIL FL X LT.1;232,00;;
VR;7611;ENOVIT METIL FL x 5 lt;195,00;;
VR;7611;ENOVIT METIL FL X LT.5;170,00;;
VR;7611;;80,00;;
VR;7611;ENOVIT METIL FL REG.07611 LT.1-CLP-;76,00;;
VR;7611;ENOVIT METIL FL REG.07611 LT.1;26,00;;
VR;7700;MATACAR FL;124,80;;
VR;7700;MATACAR FL x 0,2 lt;11,00;;
VR;7700;MATACAR FL ML.200-CLP-;9,80;;
VR;7700;MATACAR FL DA LT 0,200x10;5,60;;
VR;7736;ZOLFO SCORREVOLE TRIVENTILATO 95% S;400,00;;
VR;7737;ZOLFO DOPPIO VENTILATO SCORREVOLE 95% S;1.125,00;;
VR;7764;TIOLENE;315,10;;
VR;7764;TIOLENE ANTIOIDICO;1,80;;
VR;7767;ACARISTOP 20 SC;0,08;;
VR;7845;TMTD 50 SC;803,00;;
VR;7876;PIRIMOR 17,5;870,00;;
VR;7876;PIRIMOR 17,5 DA KG. 5x4 (Xn);315,00;;
VR;7876;PIRIMOR 17,5 x 1 (n.reg.min.7876);185,00;;
VR;7876;PIRIMOR 17,5 DA KG. 1x12 (Xn);73,00;;
VR;7876;PIRIMOR 17,5 x 1 (n.reg.min. 7876);69,00;;
VR;7876;PIRIMOR 17,5 X KG.1;53,00;;
VR;7876;PIRIMOR 17,5 REG.07876 KG.1 -CLP-;8,00;;
VR;7876;PIRIMOR 17,5 REG.07876 KG.5 -CLP-;5,00;;
VR;7889;NURELLE D;36,00;;
VR;7889;NURELLE D  x 1;36,00;;
VR;7889;NURELLE D REG.7889 LT.1;11,00;;
VR;7889;NURELLE D DA LT. 1x12 (Xn);1,00;;
VR;7916;POLYRAM DF;34.198,00;;
VR;7916;POLYRAM DF x 25 kg;15.600,00;;
VR;7916;POLYRAM DF DA KG. 25;5.350,00;;
VR;7916;POLYRAM DF X KG.2;4.986,00;;
VR;7916;POLYRAM DF X KG.25;1.325,00;;
VR;7916;POLYRAM DF X KG.10;1.180,00;;
VR;7916;POLYRAM DF KG.25 -CLP-;1.000,00;;
VR;7916;POLYRAM DF DA KG. 10;650,00;;
VR;7916;;368,00;;
VR;7916;POLYRAM DF KG.2-CLP-;286,00;;
VR;7916;POLYRAM DF x 2 kg (+ FORUM 50 WP);88,00;;
VR;7916;POLYRAM DF X KG.5;30,00;;
VR;7916;POLYRAM DF X KG.1;10,00;;
VR;7916;POLYRAM DF DA KG. 2x5;6,00;;
VR;7919;TOUCHDOWM;13.643,00;;
VR;7919;TOUCHDOWN x 20 lt;10.100,00;;
VR;7919;TOUCHDOWN LT.20 -CLP-;7.040,00;;
VR;7919;TOUCHDOWN;1.872,00;;
VR;7919;TOUCHDOWN LT.5-CLP-;215,00;;
VR;7919;TOUCHDOWN x 5 lt;145,00;;
VR;7919;TOUCHDOWN LT.5;20,00;;
VR;7919;TOUCHDOWN LT.1 -CLP-;6,00;;
VR;7919;TOUCHDOWN LT.1;6,00;;
VR;7922;OPALENE;826,00;;
VR;7930;KERB FLO;67,50;;
VR;7930;KERB FLO x 1,5 (+BONALAN X 3);33,00;;
VR;7930;KERB FLO REG.7930 LT.1,5 -CLP-;22,50;;
VR;7957;ROVRAL PLUS;1.093,00;;
VR;7957;ROVRAL PLUS REG.07957 LT.1 -CLP-;500,00;;
VR;7957;ROVRAL PLUS DA LT. 1x10 (Xn);459,00;;
VR;7957;ROVRAL PLUS x 1 lt;360,00;;
VR;7958;RONSTAR FL;2.251,00;;
VR;7958;RONSTAR FL x 5 lt;1.325,00;;
VR;7958;RONSTAR FL x 1 lt;139,00;;
VR;7958;RONSTAR FL LT.5-CLP-;60,00;;
VR;7958;RONSTAR FL LT.1-CLP-;43,00;;
VR;7958;RONSTAR FL DA LT. 1x12;21,00;;
VR;7958;RONSTAR FL LT.1;3,00;;
VR;7961;RIZOLEX GOLD;1.395,00;;
VR;7961;RIZOLEX  GOLD;1.011,00;;
VR;7961;RIZOLEX GOLD x 1 kg;329,00;;
VR;7961;RIZOLEX GOLD KG.1 -CLP-;65,00;;
VR;7961;RIZOLEX GOLD X KG.1;1,00;;
VR;7965;TRIGARD 75 WP;0,55;;
VR;7971;STARANE 21;1,00;;
VR;7984;STRATOS;119,00;;
VR;7984;STRATOS x 5 lt;10,00;;
VR;7989;;210,00;;
VR;8001;AGRO-PYR;3,10;;
VR;8023;SUMIALFA ECHO;323,25;;
VR;8028;CALARIS x 1 lt;129,00;;
VR;8028;CALARIS;1,00;;
VR;8054;METIS ECHO x 1 lt;37,00;;
VR;8067;AGRIGOLF C;2,00;;
VR;8067;AGRIGOLF;1,00;;
VR;8102;MERPAN 80 WDG;27.723,00;;
VR;8102;MERPAN 80 WDG x 5 kg;12.380,00;;
VR;8102;MERPAN 80 WDG DA KG. 5x4 (Xn);6.225,00;;
VR;8102;MERPAN 80 WDG X KG.1;2.456,00;;
VR;8102;MERPAN 80 WDG X KG.5;1.565,00;;
VR;8102;MERPAN 80 WDG x 1 kg;260,00;;
VR;8102;MERPAN 80 WDG DA KG. 1x10 (Xn);119,00;;
VR;8102;MERPAN 80 WDG REG.08102 KG.5-CLP-;15,00;;
VR;8102;MERPAN 80 WDG REG.08102  KG.5;5,00;;
VR;8106;CIMOZEB;451,00;;
VR;8117;BASTA 200;24.620,00;;
VR;8117;BASTA 200 x 15 lt;5.205,00;;
VR;8117;BASTA 200 x 5 lt;4.560,00;;
VR;8117;BASTA 200 DA LT. 5x4 (T);1.690,00;;
VR;8117;;875,00;;
VR;8117;BASTA 200 DA LT. 15 (T);795,00;;
VR;8117;BASTA 200 X LT.15;315,00;;
VR;8117;BASTA 200 X LT.5;255,00;;
VR;8130;TITUS;0,11;;
VR;8146;GALLERY;152,50;;
VR;8146;GALLERY x 0,5 lt;106,00;;
VR;8146;GALLERY DA LT. 0,500x20;20,00;;
VR;8146;GALLERY DA LT. 5x4;15,00;;
VR;8146;;10,00;;
VR;8146;GALLERY X LT.0,500;9,50;;
VR;8153;SIGMA 52 DF;9,30;;
VR;8155;CATOR;696,00;;
VR;8156;DEVOX;230,00;;
VR;8157;ZETARAM 20 L;30,00;;
VR;8157;ZETARAM 20L X LT.1;2,00;;
VR;8184;CHALLENGE;2.667,00;;
VR;8184;CHALLENGE x 5 lt;1.070,00;;
VR;8184;CHALLENGE REG.08184 LT.1-CLP-;287,00;;
VR;8184;CHALLENGE REG.08184 LT.5-CLP-;200,00;;
VR;8184;CHALLENGE x 1 lt;198,00;;
VR;8184;CHALLENGE REG.08184 LT.1;27,00;;
VR;8184;CHALLENGE DA LT. 5x4 (Xn);15,00;;
VR;8184;CHALLENGE DA LT. 1x12 (Xn);12,00;;
VR;8189;FORCE;78.450,00;;
VR;8189;FORCE x 10 kg;23.240,00;;
VR;8189;FORCE REG.8189 KG.10- CLP-;7.020,00;;
VR;8189;FORCE X KG.10;2.570,00;;
VR;8189;FORCE DA KG. 10 (Xn);1.850,00;;
VR;8189;FORCE REG.8189 KG.10;720,00;;
VR;8201;GLISTER;528,25;;
VR;8207;LONTREL 75 G;0,70;;
VR;8207;LONTREL 75G x 100 gr;0,40;;
VR;8225;BLUE SHIELD x 10 kg;1.060,00;;
VR;8229;RAPAX;173,80;;
VR;8284;MICOSPOR MGD;570,00;;
VR;8309;TECTO 20 S;5,00;;
VR;8320;DELFIN x 1 kg;77,00;;
VR;8320;DELFIN;20,00;;
VR;8340;TOPAS 10 WDG;12,00;;
VR;8340;TOPAS 10 WDG X KG.1;2,00;;
VR;8351;Z.M. 75 DG;840,00;;
VR;8376;ARIANE DUE x 5 lt;1.780,00;;
VR;8376;ARIANE DUE x 1 lt;233,00;;
VR;8376;ARIANE II;196,00;;
VR;8376;ARIANE II DA LT. 5x4;90,00;;
VR;8376;ARIANE II DA LT. 1x10;22,00;;
VR;8377;GLIFOSIM;0,50;;
VR;8382;ROUNDUP BIOFLOW;6.774,68;;
VR;8382;ROUNDUP BIOFLOW LT.20;20,00;;
VR;8382;ROUNDUP BIOFLOW LT.20 -CLP-;20,00;;
VR;8401;FALTEX FLOW;20,00;;
VR;8429;GLYFOS SL;25.399,00;;
VR;8429;GLYFOS SL LT. 20;19.360,00;;
VR;8429;GLYFOS SL LT.20-CLP-;640,00;;
VR;8429;GLYFOS SL X LT.20;80,00;;
VR;8429;GLYFOS SL X LT.5;65,00;;
VR;8465;OLIOVIT;2,25;;
VR;8483;ETOSATE 500;12,00;;
VR;8498;FOLICUR WG;1.364,00;;
VR;8498;FOLICUR WG DA KG.0,500x24 (Xn;533,00;;
VR;8498;FOLICUR WG x 0,5 kg;444,50;;
VR;8498;FOLICUR WG REG.08498 KG.0,500-CLP-;1,00;;
VR;8499;EFESTO;136,00;;
VR;8528;FEINZIN 35 DF;17,50;;
VR;8540;PAMPA;3.023,00;;
VR;8542;FORUM 50 WP;3.053,70;;
VR;8542;FORUM 50 WP X KG.1,2;1.318,80;;
VR;8542;FORUM 50 WP DA KG. 1,2;303,60;;
VR;8542;FORUM 50 WP x 1,2 kg (+ POLYRAM DF);153,60;;
VR;8542;;54,00;;
VR;8542;FORUM 50WP KG.1-CLP-;12,00;;
VR;8542;FORUM 50WP  KG.1,2;10,80;;
VR;8546;DANITRON;188,00;;
VR;8546;DANITRON DA LT. 1x12 (Xn);7,00;;
VR;8547;LOGRAN GR.37-CLP-;11,07;;
VR;8547;LOGRAN;2,75;;
VR;8547;LOGRAN x 37 gr;0,40;;
VR;8547;LOGRAN GR.37;0,11;;
VR;8558;PIRETRO VERDE;21,41;;
VR;8565;ROUNDUP RTU;23,00;;
VR;8601;FOLPAN 80 WDG;26.603,00;;
VR;8601;FOLPAN 80 WDG DA KG. 5x4 (Xn);14.900,00;;
VR;8601;FOLPAN 80 WDG x 5 kg;9.020,00;;
VR;8601;FOLPAN 80WDG REG.08601 KG.5 -CLP-;735,00;;
VR;8601;;545,00;;
VR;8601;FOLPAN 80 WDG X KG.5;356,00;;
VR;8601;FOLPAN 80 WDG x 1 kg;204,00;;
VR;8601;FOLPAN 80 WDG REG.08601 KG.1-CLP-;34,00;;
VR;8617;BANVEL 480 S;3,00;;
VR;8646;ACTIVUS EC;5.799,00;;
VR;8646;ACTIVUS EC x 5 lt;1.670,00;;
VR;8646;ACTIVUS EC LT.5 -CLP-;1.215,00;;
VR;8646;ACTIVUS EC x 1 lt;210,00;;
VR;8646;ACTIVUS EC LT.1 -CLP-;140,00;;
VR;8646;ACTIVUS EC DA LT. 5x4;50,00;;
VR;8646;ACTIVUS EC ERBICIDA ANTIGERM.LT.1;19,00;;
VR;8646;ACTIVUS EC DA LT. 1x12;3,00;;
VR;8656;GLIFENE HP;205,00;;
VR;8690;PERFEKTHION TOP LT.1 -CLP-;10,00;;
VR;8706;AMID THIN W;889,00;;
VR;8706;AMID THIN W x 0,5 kg;313,00;;
VR;8706;AMID THIN W DA KG. 0,500x10;111,00;;
VR;8706;AMID THIN W X KG.0,500 (IDRO);50,50;;
VR;8712;AF 96 x 1 lt;145,00;;
VR;8712;ALLEGANTE 4% AF 96;137,00;;
VR;8712;ALLEGANTE 4% - AF 96;133,00;;
VR;8712;AF96 X LT.1;7,00;;
VR;8715;DIRAMID;169,50;;
VR;8715;DIRAMID x 1 kg;130,00;;
VR;8717;GERAMID NEU;100,00;;
VR;8717;GERAMID-NEU;5,00;;
VR;8717;GERAMID NEU DA LT. 1;3,00;;
VR;8721;NEXTER;33,00;;
VR;8721;NEXTER DA LT. 1x10 (Xn);4,00;;
VR;8726;OVISPRAY;5,00;;
VR;8729;FORUM R;166,00;;
VR;8729;FORUM R KG.1;5,00;;
VR;8731;ACROBAT R x 10 kg;2.340,00;;
VR;8735;TREBON UP;2.568,41;;
VR;8735;TREBON UP x 0,5 lt;1.002,50;;
VR;8735;TREBON UP DA LT. 0,500x10;538,00;;
VR;8735;TREBON UP ML.500 -CLP-;29,50;;
VR;8742;INDAR 5EW;1.374,00;;
VR;8742;INDAR 5 EW;461,00;;
VR;8742;INDAR 5 EW DA LT. 1x10;273,00;;
VR;8742;INDAR 5 EW X LT.1;30,00;;
VR;8742;INDAR 5 EW x 1 lt;3,00;;
VR;8743;GREENEX;139,46;;
VR;8743;GREENEX x 1 lt;13,00;;
VR;8743;BAYER GREENEX - NF 100 ML;4,40;;
VR;8793;EMINENT 40 EW;4,00;;
VR;8793;EMINENT 40 EW x 1;1,00;;
VR;8795;VERTIMEC EC;1.998,75;;
VR;8795;VERTIMEC 1.9 EC X LT.1;204,00;;
VR;8795;VERTIMEC EC DA LT.1x12 (Xn);201,00;;
VR;8795;VERTIMEC  EC;156,75;;
VR;8795;VERTIMEC EC x 1 lt;96,00;;
VR;8795;VERTIMEC EC x 5 lt;95,00;;
VR;8795;VERTIMEC EC REG.08795 LT.5-CLP-;75,00;;
VR;8795;VERTIMEC EC REG.08795 LT.1-CLP-;14,00;;
VR;8795;VERTIMEC EC DA LT.0,250x20 (Xn;5,00;;
VR;8795;VERTIMEC EC REG.8795 ML.250;1,25;;
VR;8796;SELECT;66,00;;
VR;8796;SELECT LT.1;42,00;;
VR;8796;SELECT x 1 lt;13,00;;
VR;8797;BINAL PRO;4.812,00;;
VR;8801;SCORE 25 EC;468,50;;
VR;8801;SCORE 25EC LT.1 -CLP-;394,00;;
VR;8801;SCORE 25 EC DA LT. 1x12;102,00;;
VR;8801;SCORE 25 EC x 1 lt;68,00;;
VR;8801;SCORE 25EC LT.1;24,00;;
VR;8801;SCORE 25 EC X LT.1;5,00;;
VR;8801;SCORE 25 EC DA LT.0,250x20;3,00;;
VR;8836;MIMIC;2.032,00;;
VR;8836;MIMIC X LT.1;488,00;;
VR;8836;MIMIC DA LT. 1x12;180,00;;
VR;8836;MIMIC x 1 lt;45,00;;
VR;8837;GERMON BEWURZELUNGSPUDER PER TALEE ;2,00;;
VR;8838;GERMON BEWURZELUNGSPUDER PER TALEE ;3,00;;
VR;8841;CYREN 7,5 G;1.011,50;;
VR;8841;ZAPI ANTIFORMICA ORTO CYREN KG 1;836,00;;
VR;8843;NISSHIN;272,00;;
VR;8859;MASTIFF x 5 lt;7.935,00;;
VR;8859;MASTIFF x 20 lt;6.220,00;;
VR;8859;MASTIFF;2.431,00;;
VR;8859;MASTIFF x 1 lt;2.376,00;;
VR;8859;MASTIFF DA LT. 1x10;830,00;;
VR;8875;CIMOX 25 WP;10,00;;
VR;8882;ULTRA FINE OIL;161,00;;
VR;8886;SAFARI;42,24;;
VR;8886;SAFARI x 120 gr;4,68;;
VR;8886;SAFARI 50DF GR.120-CLP-;0,60;;
VR;8899;ZOLFO VENTILATO RAMATO 5%;7.600,00;;
VR;8909;FUNGIMAN COMBI DA KG. 1x12;12,00;;
VR;8909;FUNGIMAN COMBI  x 1;3,00;;
VR;8929;TOPIK 240 EC REG.08929 LT.1-CLP-;17,00;;
VR;8933;SOLEAS;26,00;;
VR;8934;SCALA;892,30;;
VR;8934;SCALA DA LT. 5x4;260,00;;
VR;8934;SCALA DA LT. 1x10;149,00;;
VR;8934;SCALA LT.5;90,00;;
VR;8934;SCALA LT.1-CLP-;42,00;;
VR;8934;SCALA 40 SC X LT.1;40,00;;
VR;8934;SCALA x 5 lt (FUNGICIDA BASF);25,00;;
VR;8934;SCALA x 1 lt (FUNGICIDA BASF);13,00;;
VR;8937;MASAI 20 WP;176,00;;
VR;8937;MASAI 20 WP x 1 kg;38,00;;
VR;8937;MASAI 20 WP DA KG. 1 (Xn);2,00;;
VR;8945;ENOVIT METIL DF x 1;24,00;;
VR;8984;GLIPHOGAN TOP MK;348,00;;
VR;8987;CONFIDOR 200 SL;1.430,54;;
VR;8987;BAYER CONFIDOR 200 SL ML 10;357,00;;
VR;8987;CONFIDOR 200 SL DA LT. 1x12;308,00;;
VR;8987;CONFIDOR 200 SL LT.1-CLP-;141,00;;
VR;8987;CONFIDOR 200 SL X LT.1;48,00;;
VR;8987;BAYER CONFIDOR 200 SL ML 50;16,95;;
VR;8987;CONFIDOR 200SL ML.250-CLP-;3,25;;
VR;8987;CONFIDOR 200 SL 250 ML;1,25;;
VR;8987;CONFIDOR 200 SL 50 ML;0,60;;
VR;8987;BAYER CONFIDOR 200 SL ML 5;0,40;;
VR;9005;AGIL;4.598,00;;
VR;9005;AGIL LT.5-CLP-;290,00;;
VR;9005;AGIL LT.1 -CLP-;209,00;;
VR;9010;RAMEZIN COMBI WG;2.099,00;;
VR;9010;RAMEZIN COMBI WG X KG.1;367,00;;
VR;9010;RAMEZIN COMBI WG KG.10;270,00;;
VR;9010;RAMEZIN COMBI WG X KG.10;90,00;;
VR;9010;RAMEZIN COMBI WG KG.10 -CLP-;30,00;;
VR;9012;CUPROCAFFARO MICRO;24.557,00;;
VR;9012;CUPROCAFFARO MICRO X KG.20;13.620,00;;
VR;9012;CUPROCAFFARO MICRO DA KG. 20;2.840,00;;
VR;9012;CUPROCAFFARO MICRO DA KG. 10;900,00;;
VR;9012;CUPROCAFFARO MICRO X KG.1;300,00;;
VR;9012;CUPROCAFFARO MICRO KG.20-CLP-;100,00;;
VR;9012;CUPROCAFFARO MICRO DA KG. 1x12;75,00;;
VR;9012;CUPROCAFFARO MICRO X KG.3;72,00;;
VR;9012;CUPROCAFFARO MICRO  KG.1;8,00;;
VR;9036;ACTIVUS;0,05;;
VR;9038;OPINION;2,00;;
VR;9079;REGRAN COMBI;23,00;;
VR;9086;POLTIGLIA BORDOLESE SCAM D.F.;60,00;;
VR;9100;ZOLFO RAMATO 3 R;750,00;;
VR;9131;PYRINEX ME;2.375,25;;
VR;9131;PYRINEX ME DA LT. 5x4;685,00;;
VR;9131;PYRINEX ME x 5 lt;505,00;;
VR;9131;PYRINEX ME x 1 lt;311,00;;
VR;9131;PYRINEX ME LT.5-CLP-;305,00;;
VR;9131;PYRINEX ME DA LT. 1x12;151,00;;
VR;9131;;141,00;;
VR;9131;PYRINEX ME LT.1-CLP-;77,00;;
VR;9131;PYRINEX ME X LT.1;3,00;;
VR;9148;SYLLIT 355 SC;1.517,00;;
VR;9148;SYLLIT 355 SC DA LT. 5x4;350,00;;
VR;9148;SYLLIT 355 SC DA LT. 1x12;80,00;;
VR;9148;SILLYT 355 FLOW;72,00;;
VR;9148;SYLLIT 355 SC X LT.1;43,00;;
VR;9148;SYLLIT 355SC LT.1-CLP-;1,00;;
VR;9153;CYREN 44 EC;4.947,00;;
VR;9153;CYREN 44 EC x 10 lt;1.820,00;;
VR;9153;CYREN 44 EC x 1 lt;709,00;;
VR;9180;STROBY WG x 600 gr;19,80;;
VR;9180;STROBY WG;16,20;;
VR;9195;TERB FLO;95,00;;
VR;9210;QUADRIS LT.1-CLP-;21,00;;
VR;9210;QUADRIS;10,00;;
VR;9210;QUADRIS DA LT. 1x12;1,00;;
VR;9244;ZIRAMIT 76 WG;100,00;;
VR;9267;ROYALTAC N;153.100,00;;
VR;9267;ROYALTAC N LT.20-CLP-;1.340,00;;
VR;9267;ROYALTAC N LT.1000 -CLP-;1.000,00;;
VR;9267;ROYALTAC-N LT.20;440,00;;
VR;9279;MERLIN COMBI x 5 lt;215,00;;
VR;9279;MERLIN COMBI;2,00;;
VR;9279;MERLIN COMBI DA LT. 1x12 (Xn);2,00;;
VR;9280;TOPAS 200 EW;129,50;;
VR;9280;TOPAS 200 EW DA LT. 0,500x20;123,50;;
VR;9280;TOPAS 200 EW x 0,5 lt;93,50;;
VR;9280;TOPAS 200 EW ML.500-CLP-;6,00;;
VR;9280;TOPAS 200 EW ML.500;0,50;;
VR;9286;OHAYO x 1 lt;450,00;;
VR;9286;OHAYO;133,00;;
VR;9286;OHAYO DA LT. 1x12;109,00;;
VR;9286;OHAYO LT.1-CLP-;74,00;;
VR;9286;OHAYO X LT.1;52,00;;
VR;9286;OHAYO LT.1;29,00;;
VR;9298;METHAM NA 51;103.525,00;;
VR;9298;METHAM NA 51 X LT.1000;2.000,00;;
VR;9298;METHAM NA 51 x 210 lt;210,00;;
VR;9298;METHAM NA 51 REG.09298 LT.25-CLP-;25,00;;
VR;9306;PROPLANT;705,00;;
VR;9306;PROPLANT x 1 lt;255,00;;
VR;9311;CUPROSSIL IDRO 25 WP;839,00;;
VR;9311;CUPROSSIL IDRO 25 WP x 10 kg;50,00;;
VR;9318;FANDANGO 360;115,00;;
VR;9322;GOLTIX STAR KG.5;35,00;;
VR;9322;GOLTIX STAR KG.1;24,00;;
VR;9322;GOLTIX STAR KG.5-CLP-;20,00;;
VR;9322;GOLTIX STAR x 5 kg;10,00;;
VR;9322;GOLTIX STAR;5,00;;
VR;9330;GLIFO 41;55,50;;
VR;9332;OPEN x 0,5 kg;0,50;;
VR;9335;SILGLIF MK x 20 lt;9.100,00;;
VR;9335;SILGLIF MK X LT.5;40,00;;
VR;9339;BETANAL EXPERT;467,00;;
VR;9339;BETANAL EXPERT LT.5;45,00;;
VR;9339;BETANAL EXPERT LT.1- CLP-;35,00;;
VR;9339;BETANAL EXPERT LT.5-CLP-;25,00;;
VR;9339;BETANAL EXPERT x 5 lt;5,00;;
VR;9339;BETANAL EXPERT x 1 lt;2,00;;
VR;9342;DELTRIN;223,30;;
VR;9364;RAPIDO;60,00;;
VR;9373;CHORUS;180,00;;
VR;9373;CHORUS x 1 kg;121,00;;
VR;9373;CHORUS DA KG. 1x10;88,00;;
VR;9373;CHORUS X KG.1;3,00;;
VR;9374;MATCH TOP;251,00;;
VR;9374;MATCH;167,00;;
VR;9374;MATCH TOP x 1 lt;39,00;;
VR;9374;MATCH TOP LT.1 -CLP-;5,00;;
VR;9374;MATCH TOP LT.1;1,00;;
VR;9396;SCUP R;4,00;;
VR;9400;GLIFOGAN PRONTO;14,50;;
VR;9410;SUMICIDIN ECHO;4.258,00;;
VR;9411;RADIP ORMON;0,30;;
VR;9422;EVADE;549,90;;
VR;9422;EVADE x 1 lt;140,00;;
VR;9422;EVADE DA LT. 1x10;109,00;;
VR;9422;ZAPI DISERBO EVADE 500 ML NR 9422;97,50;;
VR;9422;EVADE x 5 lt;60,00;;
VR;9422;EVADE x 0,25 lt;54,00;;
VR;9422;EVADE LT.1 -CLP-;22,00;;
VR;9422;ZAPI DISERBO EVADE 100 ML NR 9422;18,20;;
VR;9422;EVADE LT.5;15,00;;
VR;9422;EVADE DA LT. 0,250x24;5,50;;
VR;9422;;5,00;;
VR;9422;EVADE X LT.1;3,00;;
VR;9443;ENDOGERME;24,00;;
VR;9443;ENDOGERME(ANTIGERMOGLIO PATATA)GR.5;2,50;;
VR;9448;RIFLE 4-24 R BLU;11,00;;
VR;9449;EMERALD COMBI;450,00;;
VR;9463;KLARO KIT;212,50;;
VR;9477;AGREE;6,00;;
VR;9496;GALIGAN EC;241,00;;
VR;9496;GALIGAN EC REG.09496 LT.1-CLP-;48,00;;
VR;9496;GALIGAN EC x 1 lt;39,00;;
VR;9509;PROMALIN NT;217,50;;
VR;9509;PROMALIN NT DA LT. 0,500x10;45,50;;
VR;9509;PROMALIN NT x 0,5 lt;28,50;;
VR;9518;ROSATE 36 x 20 lt;5.100,00;;
VR;9518;ROSATE 36 X LT.20;3.980,00;;
VR;9518;ROSATE 36;40,00;;
VR;9531;SEQURA WG;580,00;;
VR;9550;PROFILE;121,50;;
VR;9578;SWITCH;6.938,95;;
VR;9578;SWITCH x 1 kg;3.113,00;;
VR;9578;SWITCH DA KG. 1x10;1.163,00;;
VR;9578;SWITCH KG.1-CLP-;478,00;;
VR;9578;;402,25;;
VR;9578;SWITCH X KG.1;330,00;;
VR;9578;SWITCH DA KG. 0,250;1,75;;
VR;9612;OSSICLOR 30;7.545,00;;
VR;9612;OSSICLOR 30 PB X KG.25;725,00;;
VR;9627;POLTIGLIA BORDOLESE DISPERSS;2.572,00;;
VR;9627;POLTIGLIA BORDOLESE DISP.KG.20;200,00;;
VR;9631;METRIN EC;412,00;;
VR;9634;CARNIVAL;76,00;;
VR;9634;CARNIVAL  x 1;3,00;;
VR;9655;PRIMIAL WG;33,00;;
VR;9655;PRIMIAL WG KG.1-CLP-;25,00;;
VR;9668;RUFAST E-FLO;113,58;;
VR;9668;RUFAST E-FLO x 1 lt;30,00;;
VR;9668;RUFAST E-FLO DA LT. 1x12;26,00;;
VR;9668;RUFAST E-FLO DA LT. 0,250x24;18,50;;
VR;9668;RUFAST E-FLO LT.1-CLP-;3,00;;
VR;9668;ZAPI INSETTICIDA ACARI RUFAST ML 50;1,10;;
VR;9668;RUFAST E FLO X LT.0,250;0,50;;
VR;9668;ZAPI INSETTICIDA ACARI RUFAST ML 10;0,07;;
VR;9670;THIANOSAN 80 WG  X 10;80,00;;
VR;9670;THIANOSAN 80 WG;60,00;;
VR;9678;M70 DF;2.227,00;;
VR;9678;M70 DF DA KG. 10 (Xn);1.760,00;;
VR;9678;M 70 DF REG.09678 KG.1;2,00;;
VR;9679;KRISTAL 32 WG;502,00;;
VR;9679;KRISTAL 32 WG X KG 1;30,00;;
VR;9689;AURIGA;11,00;;
VR;9693;SPORTAK 45 EW;100,00;;
VR;9693;SPORTAK 45 EW DA LT. 1x10;47,00;;
VR;9694;SIMITAR 5 EW x 1 lt;398,00;;
VR;9694;SIMITAR 5EW DA LT. 1x10;289,00;;
VR;9694;SIMITAR 5 EW;226,10;;
VR;9695;PERLAN;61,00;;
VR;9696;NOVAGIB;12,00;;
VR;9705;PREVITER;1.631,94;;
VR;9705;PREVITER DA LT. 1;110,00;;
VR;9705;PREVITER LT.1-CLP-;105,00;;
VR;9705;PREVITER ANTIPYTHIUM LT 1;43,00;;
VR;9705;PREVITER ANTIPYTHIUM  ML 100;40,00;;
VR;9705;PREVITER X LT.5;5,00;;
VR;9705;PREVITER X LT.1;2,00;;
VR;9713;HORIZON x 1 lt;84,00;;
VR;9723;DE-SPROUT N;12.120,00;;
VR;9723;DE-SPROUT N x 10 lt;5.510,00;;
VR;9723;DE-SPROUT N LT.1000-CLP-;1.000,00;;
VR;9723;DE-SPROUT N LT.10 -CLP-;550,00;;
VR;9724;TIOWETTING DF;17.069,00;;
VR;9726;GLIFOSAN;5,75;;
VR;9744;SCORE 10 WG;1.062,00;;
VR;9744;SCORE 10 WG x 1 kg;557,00;;
VR;9744;SCORE 10 WG X KG.1;221,00;;
VR;9744;SCORE 10 WG DA KG. 1x10;218,00;;
VR;9747;FURY;416,55;;
VR;9747;FURY x 0,5 lt;20,00;;
VR;9747;FURY x 1 lt;12,00;;
VR;9747;ZAPI POLIVALENTE ABBAT ML.50 FURY;2,70;;
VR;9747;ZAPI POLIVALENTE ABBAT ML.10 FURY;0,81;;
VR;9757;SPYRALE REG.09757 LT.1 -CLP-;62,00;;
VR;9757;SPYRALE;49,00;;
VR;9757;SPYRALE x 1 lt;45,00;;
VR;9758;COPRANTOL WG;6.276,00;;
VR;9758;COPRANTOL WG KG.10 -CLP-;550,00;;
VR;9758;COPRANTOL WG x 3 kg;15,00;;
VR;9758;COPRANTOL WG KG.1 -CLP-;15,00;;
VR;9767;NUFOS 7,5 G;590,00;;
VR;9767;NUFOS 7,5 G x 10 kg;10,00;;
VR;9787;MICROBAGNABILE WG;3.415,40;;
VR;9790;CONTATTO 320;45,00;;
VR;9790;CONTATTO 320  x 1;24,00;;
VR;9794;PLANET C X LT.10;610,00;;
VR;9794;PLANET C X  10;360,00;;
VR;9794;PLANET C;220,00;;
VR;9797;GROLEN;1,00;;
VR;9798;CLIOPHAR 100;19,00;;
VR;9800;MAVRIK 20 EW;1.270,48;;
VR;9800;MAVRIK 20 EW x 1 lt;824,00;;
VR;9800;MAVRIK 20 EW DA LT. 1x12;180,00;;
VR;9800;MAVRIK 20 EW X LT.1;79,00;;
VR;9800;MAVRIK 20 EW DA ML 150x40;30,30;;
VR;9800;MAVRIK 20 EW x 0,150 lt;2,40;;
VR;9800;MAVRIK 20EW LT.1-CLP-;1,00;;
VR;9802;COPRANTOL HI-BIO x 1 kg;14,00;;
VR;9802;COPREN HI BIO;8,00;;
VR;9802;COPRANTOL HI BIO X KG.2;2,00;;
VR;9809;MALVIN 80 WG;150,00;;
VR;9813;DICLOPYR;14,00;;
VR;9832;TREK P x 5 lt;4.045,00;;
VR;9832;TREK P x 20 lt;3.800,00;;
VR;9832;TREK P;1.022,00;;
VR;9832;TREK P x 1 lt;216,00;;
VR;9832;TREK P DA LT. 1x12;136,00;;
VR;9832;;50,00;;
VR;9832;TREK P DA LT. 5x4;20,00;;
VR;9832;TREK P LT.5;15,00;;
VR;9843;BASAGRAN SG x 3 kg;711,00;;
VR;9843;BASAGRAN SG;451,00;;
VR;9843;BASAGRAN SG REG.09843 KG.3 -CLP-;297,00;;
VR;9843;BASAGRAN SG DA KG. 3x4 (Xn);18,00;;
VR;9867;4 STAGIONI;8,75;;
VR;9872;AKRIS;30,00;;
VR;9880;;4.099,00;;
VR;9880;SOL MICRO GD;80,00;;
VR;9900;FLAVOS;71,00;;
VR;9938;MASTER;0,50;;
VR;9940;ZELIG GR;21.612,00;;
VR;9940;ZELIG GR KG.10-CLP-;4.880,00;;
VR;9940;ZELIG GR x 10 kg;4.040,00;;
VR;9940;ZELIG GR DA KG. 10;1.090,00;;
VR;9940;ZELIG GR DA KG. 1x10;142,00;;
VR;9940;ZELIG GR KG.10;20,00;;
VR;9941;BUMPER P x 1 lt;250,00;;
VR;9941;BUMPER P;1,50;;
VR;9954;JOKER;3.703,00;;
VR;9954;JOKER DA LT. 1x10;285,00;;
VR;9963;METIDANE 22 x 5 lt;2.865,00;;
VR;9963;METIDANE 22 x 1 lt;2.068,00;;
VR;9963;METIDANE 22;1.212,00;;
VR;9963;METIDANE 22 X LT.1;129,00;;
VR;9963;METIDANE 22 x 0,250 lt;5,50;;
VR;9989;SVELLER;25,00;;
VR;9994;ARIUS SYSTEM;1,00;;
VR;9995;ARIUS;814,50;;
VR;9995;ARIUS x 1 lt;448,00;;
VR;9995;ARIUS (FUNGICIDA) DA LT. 1x10;418,00;;
VR;9995;;24,25;;
VR;9995;ARIUS X LT.1;13,00;;
VR;9995;ARIUS LT.1-CLP-;5,00;;
VR;10004;AGRIMIX PRO DA LT. 0,500x12;85,00;;
VR;10004;AGRIMIX PRO;1,50;;
VR;10005;SCOTTS WEEDCONTROL;11,00;;
VR;10029;KING;3,75;;
VR;10048;KUMULUS TECNO;24.475,00;;
VR;10048;KUMULUS TECNO DA KG. 25;24.025,00;;
VR;10048;KUMULUS TECNO x 25 kg;3.975,00;;
VR;10048;;150,00;;
VR;10048;KUMULUS TECNO X KG.25;25,00;;
VR;10049;DURSBAN 75 WG x 1 kg;4.135,00;;
VR;10049;DURSBAN 75 WG;3.484,00;;
VR;10049;DURSBAN 75 WG DA KG. 1x10(Xn);1.371,00;;
VR;10049;DURSBAN 75 WG REG.10049 KG.1 -CLP-;594,00;;
VR;10049;;250,00;;
VR;10049;DURSBAN 75 WG X KG.1;207,00;;
VR;10057;ARPEL WDG;409,20;;
VR;10057;ARPEL WDG x 1 kg;3,00;;
VR;10063;TOPIK 80 EC x 0,75 lt;5,25;;
VR;10088;MAXIM DA GR. 10x10;87,00;;
VR;10088;MAXIM;5,75;;
VR;10088;MAXIM  X 1 CONF. (10 PASTIGLIE);3,30;;
VR;10089;TMTD 50 L;108,00;;
VR;10105;RIDOMIL GOLD SL;99,50;;
VR;10105;RIDOMIL GOLD SL LT. 0,250 (Xn);38,50;;
VR;10105;RIDOMIL GOLD SL20 REG.10105 ML.250;20,25;;
VR;10105;RIDOMIL GOLD SL 20 x 0,25 lt;19,00;;
VR;10108;RIDOMIL GOLD MZ X KG.5;50,00;;
VR;10109;APRON XL;5,00;;
VR;10116;VAPOR GARD;21,00;;
VR;10117;STRATOS ULTRA;6.194,00;;
VR;10117;STRATOS ULTRA x 5 lt;925,00;;
VR;10117;STRATOS ULTRA DA LT. 5x4 (Xn);535,00;;
VR;10117;STRATOS ULTRA REG.10117 LT.5;30,00;;
VR;10117;STRATOS ULTRA DA LT. 1x10 (Xn);20,00;;
VR;10117;STRATOS ULTRA REG.10117 LT.5-CLP-;15,00;;
VR;10117;STRATOS ULTRA REG.10117 LT.1-CLP-;13,00;;
VR;10117;STRATOS ULTRA x 1 lt;11,00;;
VR;10117;STRATOS ULTRA REG.10117 LT.1;4,00;;
VR;10118;AMISTAR;386,40;;
VR;10118;AMISTAR x 5 lt;270,00;;
VR;10118;AMISTAR x 1 lt;191,00;;
VR;10118;AMISTAR LT.1 -CLP-;22,00;;
VR;10118;AMISTAR LT.1;4,00;;
VR;10119;EQUATION PRO;9,20;;
VR;10127;DECIS JET;397,32;;
VR;10127;BAYER DECIS JET ML 50 NR 10127 Xi;15,45;;
VR;10127;DECIS JET LT.1;5,00;;
VR;10127;BAYER DECIS JET ML 10 NR 10127 Xi;3,48;;
VR;10127;DECIS JET X LT.1;1,00;;
VR;10127;DECIS;0,60;;
VR;10139;PYKOS;106,00;;
VR;10139;PYKOS WG X KG.1;60,00;;
VR;10141;SOFREVAL 80 MICRO x 20 kg;80,00;;
VR;10154;BORDOFLOW SECTOR;150,00;;
VR;10158;PIREFLOR;0,07;;
VR;10161;ORTIVA;1.375,76;;
VR;10161;ORTIVA x 1 lt;339,00;;
VR;10161;ORTIVA LT.1 -CLP-;53,00;;
VR;10161;ORTIVA DA LT. 1x12;33,00;;
VR;10161;ORTIVA X LT 1;3,00;;
VR;10183;GARLON EV;16,30;;
VR;10184;TIMBREL EV;2,80;;
VR;10185;ZERGAN EV;39,90;;
VR;10187;NAUTILE DG x 10;10,00;;
VR;10199;LERAM HI BIO;44,00;;
VR;10224;EMME-H LT.10 -CLP-;4.630,00;;
VR;10224;EMME - H;3.540,00;;
VR;10224;EMME H (N. ETICHETTA) X 10;1.440,00;;
VR;10224;EMME H x 10 lt;910,00;;
VR;10228;SPOLEN;2.445,00;;
VR;10230;LUMAPLUS;460,50;;
VR;10263;DRIVER ERBICIDA LT 1;125,00;;
VR;10263;DRIVER;38,00;;
VR;10272;CEREXIL M DG x 10 kg;20.700,00;;
VR;10272;CEREXIL M DG REG.10272 KG.10- CLP-;820,00;;
VR;10272;CEREXIL M DG;663,00;;
VR;10272;CEREXIL M DG X KG.10;90,00;;
VR;10272;CEREXIL M DG x 1 kg;42,00;;
VR;10275;STELLA EC;221,30;;
VR;10275;STELLA EC X LT.1;14,00;;
VR;10285;TOMAHAWK;2,00;;
VR;10285;TOMAHAWK REG.10285 LT.1-CLP-;1,00;;
VR;10296;IPERION x 20 kg;10.660,00;;
VR;10296;IPERION x 10 kg;2.090,00;;
VR;10296;IPERION x 1 kg;585,00;;
VR;10296;IPERION X KG.20;500,00;;
VR;10296;IPERION X KG.10;220,00;;
VR;10296;IPERION;70,00;;
VR;10296;IPERION X KG.1;12,00;;
VR;10297;SINIS 35 WG;1,50;;
VR;10305;OIKOS;1.683,37;;
VR;10305;OIKOS x 5 lt;255,00;;
VR;10305;OIKOS LT.5 -CLP-;55,00;;
VR;10305;OIKOS DA LT. 1x10;30,00;;
VR;10305;OIKOS LT.1 -CLP-;5,00;;
VR;10305;OIKOS x 1 lt;2,00;;
VR;10306;MISTRAL;604,00;;
VR;10306;MISTRAL DA LT. 1x10;360,00;;
VR;10306;MISTRAL DA LT. 5;225,00;;
VR;10316;FLARE GOLD;50,00;;
VR;10329;FORUM MZ WG;452,00;;
VR;10329;FORUM MZ WG DA KG. 10 (Xn);450,00;;
VR;10329;FORUM MZ WG x 10 kg;60,00;;
VR;10329;FORUM MZ WG x 1 kg;18,00;;
VR;10329;FORUM MZ WG REG.10329 KG.1;3,00;;
VR;10342;RIFLE 44;615,00;;
VR;10350;BLAST SG;2.874,00;;
VR;10350;BLAST SG WG X 3;9,00;;
VR;10357;RIGRON SG;1.161,00;;
VR;10372;RASIKAL QUICK;394,80;;
VR;10373;CONTEST;309,50;;
VR;10373;CONTEST REG.10373 KG.1-CLP-;30,00;;
VR;10373;CONTEST x 1 kg;6,00;;
VR;10373;CONTEST x 0,1 kg;0,50;;
VR;10381;CONCORDE 40 EW;1,93;;
VR;10396;LIZOCIN;0,57;;
VR;10398;STIKER;6,00;;
VR;10404;CLINIC 360 SL;80.056,00;;
VR;10404;CLINIC 360 SL DA LT. 5x4;200,00;;
VR;10415;ARIC 480 LS;238,50;;
VR;10423;LUMACHICIDA KG.5 VEBI (NEW);825,00;;
VR;10423;LUMACHICIDA VEBI;495,50;;
VR;10423;LUMACHICIDA KG.1 VEBI;53,00;;
VR;10425;SCUDEX;40,00;;
VR;10425;SCUDEX X LT.1;3,00;;
VR;10426;PROTIL EC;128,50;;
VR;10435;HERGON L DA LT. 1x20;2,00;;
VR;10439;SPRAY DUNGER GLOBAL x 1 lt;1.015,00;;
VR;10439;SPRAY DUNGER GLOBAL;769,00;;
VR;10439;SPRAY DUNGER GLOBAL X LT.1;239,00;;
VR;10439;SPRAY-DUNGER GLOBAL LT. 5x4;230,00;;
VR;10439;SPRAY-DUNGER GLOBAL LT. 1x20;113,00;;
VR;10440;EXPANDER;282,00;;
VR;10447;NOVEL DUO;80,00;;
VR;10456;KLARO ULTRA;944,75;;
VR;10456;ZAPI DISERBO KLARO ULTRA 1 LT;275,00;;
VR;10456;ZAPI DISERBO TOTALE KLARO ULTRA 250;54,75;;
VR;10461;DICOTURF;6,00;;
VR;10465;ROUNDUP MAX;1.470,00;;
VR;10465;ROUNDUP MAX x 10 kg;600,00;;
VR;10471;OLOVER;14,00;;
VR;10477;LAS VEGAS x 1 lt;240,00;;
VR;10477;LAS VEGAS;62,00;;
VR;10477;LAS VEGAS X LT.1;1,00;;
VR;10479;NATURALIS;178,00;;
VR;10492;VEBIZOLFO FLOW;10,50;;
VR;10493;RUNNER LO;4.728,00;;
VR;10493;RUNNER LO DA LT. 1x10;165,00;;
VR;10494;PREMIUM TOP;1.861,00;;
VR;10494;DISERBANTE TOTALE PREMIUM TOP 1 LT.;718,00;;
VR;10504;KELLY WG x 10 kg;8.500,00;;
VR;10504;KELLY WG x 1 kg;2.052,00;;
VR;10504;KELLY WG;1,00;;
VR;10506;MYCOSTOP;1,05;;
VR;10509;MASTIFF ULTRA;742,00;;
VR;10532;TELDOR;2,00;;
VR;10540;TERIAL 75 WG;1.453,00;;
VR;10540;TERIAL 75 WG DA KG. 1x10(Xn);32,00;;
VR;10540;TERIAL 75 WG X KG.1;21,00;;
VR;10540;TERRIAL 75WG;20,00;;
VR;10560;PIRETRO NATURA;46,00;;
VR;10565;DICOTIL EXTRA;233,50;;
VR;10565;DICOTIL EXTRA ERBICIDA LT 1;109,00;;
VR;10568;ZOOMER;2.058,00;;
VR;10568;ZOOMER  x 5;180,00;;
VR;10568;ZOOMER DA LT. 1x12;114,00;;
VR;10568;ZOOMER DA LT. 5x4;100,00;;
VR;10568;ZOOMER  x 1;1,00;;
VR;10573;KOCIDE 2000;15.660,00;;
VR;10573;KOCIDE 2000 DA KG. 10 (Xn);4.500,00;;
VR;10573;KOCIDE 2000 x 10 kg;1.830,00;;
VR;10573;KOCIDE 2000 REG.10573 KG.10-CLP-;1.510,00;;
VR;10573;KOCIDE 2000 X KG.10;800,00;;
VR;10573;KOCIDE 2000 REG.10573 KG.10;180,00;;
VR;10573;KOCIDE 2000 REG.10573 KG.1-CLP-;40,00;;
VR;10573;KOCIDE 2000 REG.10573 KG.1;18,00;;
VR;10573;KOCIDE 2000 x 1 kg;2,00;;
VR;10575;LOGRADO 360;1.088,00;;
VR;10577;METRIPHAR 70 WG;99,00;;
VR;10580;GI BIO PLUS;0,15;;
VR;10582;PAM;52,00;;
VR;10584;SHAMAL MK PLUS;69,50;;
VR;10585;SULCOTREK;8.301,00;;
VR;10585;SULCOTREK DA LT. 5x4;150,00;;
VR;10585;SULCOTREK x 20 lt;60,00;;
VR;10585;SULCOTREK x 5 lt;25,00;;
VR;10585;SULCOTREK x 1 lt;3,00;;
VR;10587;FOLPAN SC;20,00;;
VR;10588;BIOPIREN PLUS DA LT. 1x12;130,00;;
VR;10588;BIOPIREN PLUS;16,00;;
VR;10588;BIOPIREN PLUS x 1 lt;6,00;;
VR;10604;EMERALD 40 EW;486,67;;
VR;10604;BAYER EMERALD  50 ML;112,00;;
VR;10604;EMERALD 40EW;9,00;;
VR;10627;FRUPICA;61,00;;
VR;10627;FRUPICA DA KG. 1x10 (Xn);5,00;;
VR;10627;FRUPICA x 1;3,00;;
VR;10632;COBRE NORDOX SUPER 75 WG;8.661,00;;
VR;10632;COBRE NORDOX SUPER 75 WG x 5 kg;1.965,00;;
VR;10632;COBRE NORDOX SUP. 75 WG KG 15;1.785,00;;
VR;10632;COBRE NORDOX 75 WG X KG.5;315,00;;
VR;10632;COBRE NORDOX SUPER 75WG KG.5-CLP-;15,00;;
VR;10638;MANCOZEB MANICA 75 WG;800,00;;
VR;10641;MANCOZEB MANICA 80 PB;275,00;;
VR;10647;;36,00;;
VR;10650;BELGARD;668,00;;
VR;10671;CUAGRO HI BIO;1.590,00;;
VR;10671;COPERNICO x 10 kg;110,00;;
VR;10701;CUMETA FLOW;642,00;;
VR;10710;TOMAGAN;634,00;;
VR;10710;TOMAGAN DA LT. 1x12 (Xn);63,00;;
VR;10710;TOMAGAN  x 1;1,00;;
VR;10715;SILGLIF NF x 20 lt;27.820,00;;
VR;10715;SILGLIF NF x 5 lt;1.580,00;;
VR;10715;SILGLIF NF x 1 lt;64,00;;
VR;10734;DUAL GOLD;1.120,00;;
VR;10734;DUAL GOLD x 5 lt;425,00;;
VR;10734;DUAL GOLD x 1 lt;205,00;;
VR;10734;DUAL GOLD LT.1-CLP-;115,00;;
VR;10734;DUAL GOLD LT.5-CLP-;90,00;;
VR;10734;DUAL GOLD DA LT. 1x12;11,00;;
VR;10735;PRIMAGRAM GOLD;2.359,00;;
VR;10735;PRIMAGRAM GOLD LT.20 -CLP-;380,00;;
VR;10735;PRIMAGRAM GOLD x 20 lt;220,00;;
VR;10735;PRIMAGRAM GOLD DA LT. 5x4;190,00;;
VR;10735;PRIMAGRAM GOLD x 5 lt;130,00;;
VR;10735;PRIMAGRAM GOLD LT.5 -CLP-;130,00;;
VR;10735;PRIMAGRAM GOLD DA LT. 20;80,00;;
VR;10735;PRIMAGRAM GOLD x 1 lt;18,00;;
VR;10735;PRIMAGRAM GOLD LT.1 -CLP-;12,00;;
VR;10735;PRIMAGRAM GOLD LT.1;10,00;;
VR;10741;METACINQUE;410,00;;
VR;10752;STEWARD;1.422,25;;
VR;10752;STEWARD x 0,500 kg;169,00;;
VR;10752;STEWARD DA KG. 0,250x10 (Xn);168,75;;
VR;10752;STEWARD x 0,250 kg;97,25;;
VR;10752;;80,00;;
VR;10752;STEWARD REG.10752 GR.500-CLP-;23,00;;
VR;10752;STEWARD REG.10752 GR.250-CLP-;15,50;;
VR;10753;FOLICUR SE;22,85;;
VR;10753;BAYER FOLICUR SE ML 100 NR 10753;0,20;;
VR;10771;MOST MICRO;10.147,80;;
VR;10771;MOST MICRO LT.5-CLP-;175,00;;
VR;10771;MOST MICRO DA LT. 5x4;160,00;;
VR;10771;MOST MICRO x 5 lt;60,00;;
VR;10771;MOST MICRO X LT.1;15,00;;
VR;10771;MOST MICRO LT.1;7,00;;
VR;10771;MOST MICRO DA LT. 1x10;5,00;;
VR;10771;MOST MICRO x 1 lt;3,00;;
VR;10771;MOST MICRO LT.1-CLP-;2,00;;
VR;10780;LUMABLOC;49,00;;
VR;10878;PANESCA;1,00;;
VR;10889;AGRIMIX GOLD DA LT. 1x12;100,00;;
VR;10889;AGRIMIX GOLD;81,00;;
VR;10890;FLIPPER;640,00;;
VR;10890;FLIPPER x 0,5 lt;222,00;;
VR;10890;FLIPPER x 10 lt;160,00;;
VR;10890;FLIPPER  LT.0,5-CLP-;2,00;;
VR;10897;AMEGA DISERBO TOTALE LT 1;1.244,00;;
VR;10897;AMEGA PLUS;129,00;;
VR;10926;ALTOREX;608,00;;
VR;10926;ALTOREX x 1 lt;222,00;;
VR;10926;ALTOREX DA LT. 1x10;5,00;;
VR;10926;ALTOREX LT.1 -CLP-;2,00;;
VR;10929;CHIKARA 25 WG;68,55;;
VR;10929;CHIKARA 25 WG DA GR. 50x20;67,00;;
VR;10929;CHIKARA 25 WG DA GR. 200x10;48,00;;
VR;10929;CHIKARA  x 0,2 kg;21,80;;
VR;10929;CHIKARA x 50 gr;2,70;;
VR;10931;EMME-H 60 WS;1.514,00;;
VR;10931;EMME H 60 WS x 2 kg;1.098,00;;
VR;10931;EMME-H60WS KG.2;18,00;;
VR;10936;NAAK 480 x 1 lt;170,00;;
VR;10938;MANCOSIM 75 DF x 25 kg;125,00;;
VR;10939;CP 40 AGRO;223,00;;
VR;10939;CP 40 AGRO REG.10939 LT.1-CLP-;12,00;;
VR;10939;CP 40 AGRO DA LT. 1x12 (Xn);1,00;;
VR;10944;KARATE ZEON;151,50;;
VR;10944;KARATE ZEON DA LT. 1x12 (Xn);29,00;;
VR;10944;KARATE ZEON x 0,250 lt;13,00;;
VR;10944;KARATE ZEON REG.10944 LT.1;9,00;;
VR;10944;KARATE ZEON REG.10944 LT.1 -CLP-;1,00;;
VR;10944;KARATE WITH ZEON TECH X LT.1;1,00;;
VR;10952;CARPOVIRUSINE PLUS;284,00;;
VR;10952;CARPOVIRUSINE PLUS x 1 lt;168,00;;
VR;10970;NECOLIM;93,00;;
VR;10973;PYRINEX PRONTO;29,00;;
VR;10976;METEOR x 1 lt;849,00;;
VR;10976;METEOR;793,03;;
VR;10976;METEOR x 0,25 lt;327,00;;
VR;10976;METEOR DA LT. 1x10;186,00;;
VR;10976;METEOR X LT.1;41,00;;
VR;10985;MEVAXIL M;2.242,00;;
VR;10985;MEVAXIL M REG.10985 KG.1;6,00;;
VR;10985;MEVAXIL M REG.10985 KG.5;5,00;;
VR;10986;KASKO R;2.229,00;;
VR;10989;MEVAXIL R FLOW;30,00;;
VR;10998;RASIKAL ULTRA;73,00;;
VR;10999;BETANAL SE;169,00;;
VR;10999;BETANAL SE LT.1 -CLP-;15,00;;
VR;10999;BETANAL SE x 1 lt;5,00;;
VR;11011;DASH HC;1.348,00;;
VR;11011;DASH HC x 1 lt;504,00;;
VR;11011;DASH HC DA LT. 1x10;182,00;;
VR;11011;DASH HC x 5 lt;105,00;;
VR;11011;DASH HC LT.1-CLP-;67,00;;
VR;11011;DASH HC LT.1;5,00;;
VR;11012;AURA;154,00;;
VR;11012;AURA x 1 lt;6,00;;
VR;11013;CIOPPER;932,50;;
VR;11014;AZIMUT;0,25;;
VR;11027;MET-BLOC;66,00;;
VR;11029;PYRINEX M 22;2.233,00;;
VR;11029;PYRINEX M 22 x 1 lt;794,00;;
VR;11029;PYRINEX M 22 X LT.1;14,00;;
VR;11030;PRIMO MAXX;2,00;;
VR;11036;DALYS;40,00;;
VR;11040;POLTIGLIA BORDOLESE DISPERSS BLU;1.008,00;;
VR;11040;POLTIGLIA DISPERSS BLU x 10 kg;580,00;;
VR;11041;VITIL COMBI X KG.5;1.500,00;;
VR;11041;FOLMAK COMBI x 5 kg;360,00;;
VR;11041;FOLMAK COMBI x 1 kg;136,00;;
VR;11041;VITIL COMBI;60,00;;
VR;11041;FOLMAK COMBI DA KG. 1x12 (Xn);11,00;;
VR;11044;TUREX;648,00;;
VR;11045;KOL DODIPREV 35 ML.250;52,25;;
VR;11045;DODIPREV 35;28,50;;
VR;11045;DODIPREV 35 250ML;3,00;;
VR;11059;BIOPOWER;224,00;;
VR;11059;BIOPOWER x 1 lt;141,00;;
VR;11059;BIOPOWER x 4 lt;52,00;;
VR;11059;BIOPOWER DA LT. 1x12;32,00;;
VR;11062;BION 50 WG;173,50;;
VR;11062;BION 50 WG x 0,5 kg;87,50;;
VR;11062;BION 50 WG DA KG. 0,500x12;70,00;;
VR;11062;BION 50 WG X GR.500;2,00;;
VR;11070;TIOGOLD DISPERSS x 25 kg;237.280,00;;
VR;11070;TIOGOLD DISPERSS;700,00;;
VR;11088;BION MX REG.11088 KG.1 -CLP-;50,00;;
VR;11088;BION MX REG.11088 KG.1;38,00;;
VR;11088;BION MX x 1 kg;26,00;;
VR;11098;CADDY;2,25;;
VR;11098;CADDY   X 0,25;1,25;;
VR;11102;HELIOSOUFRE S;4.436,50;;
VR;11102;HELIOSOUFRE S DA LT. 10;2.730,00;;
VR;11102;HELIOSOUFRE S DA LT. 600;2.400,00;;
VR;11102;HELIOSOUFRE S x 10 kg;2.150,00;;
VR;11102;HELIOSOUFRE S X LT.10;410,00;;
VR;11102;;150,00;;
VR;11102;HELIOSOUFRE  S  X 1;21,00;;
VR;11104;CUPROFIX 30 DISPERSS non col.x 10;10,00;;
VR;11106;MANFIL 75 WG x 10 kg;30,00;;
VR;11107;ECO-TRAP;770,48;;
VR;11107;ECO-TRAP x 1 (100 TRAPPOLE);169,40;;
VR;11119;FLINT;434,85;;
VR;11119;FLINT x 0,5 kg;316,00;;
VR;11119;FLINT DA KG. 0,500x12;139,00;;
VR;11119;FLINT DA KG. 0,150x24;0,75;;
VR;11133;SHELTER;80,00;;
VR;11147;KRUG;1,00;;
VR;11157;PROPYDOR;252,70;;
VR;11157;PROPYDOR LT.1x12;1,00;;
VR;11160;SUGARBETA PLUS SE;10,00;;
VR;11173;AVAUNT 150 EC x 1 lt;1.635,00;;
VR;11173;AVAUNT EC;911,00;;
VR;11173;AVAUNT EC DA LT. 1x10 (Xn);245,00;;
VR;11173;AVAUNT EC x 1 (+CORAGEN) TW.P.MAIS;175,00;;
VR;11173;AVAUNT 10 EC X LT.1;165,00;;
VR;11173;AVAUNT EC REG.11173 LT.1 -TWIN PACK;3,00;;
VR;11183;PROGERBALIN LG;1.214,00;;
VR;11183;PROGERBALIN LG DA ML. 500x12;3,00;;
VR;11185;GERLAGIB LG;539,00;;
VR;11185;GERLAGIB LG DA LT. 1x12;180,00;;
VR;11185;GERLAGIB LG x 1 lt;133,00;;
VR;11186;CUTIS;2,08;;
VR;11196;SULFAR;5,00;;
VR;11201;PROPYFLOR;1,50;;
VR;11204;RIZOSOL 50;1,00;;
VR;11206;CODACIDE;2.526,00;;
VR;11206;BAGNANTE CODACIDE x 2,5 lt;535,00;;
VR;11206;CODACIDE DA LT. 2,5x5;50,00;;
VR;11206;BAGNANTE CODACIDE x 10 lt;20,00;;
VR;11212;BATKUR SC X LT.1;349,00;;
VR;11212;BATKUR DA LT. 1;140,00;;
VR;11212;BATKUR;24,00;;
VR;11223;GALIGAN 500 SC;128,50;;
VR;11231;CAPTANE 80 DF;30,00;;
VR;11233;SPORAMIL M;150,00;;
VR;11243;LEOPARD 5 EC x 5 lt;1.160,00;;
VR;11243;LEOPARD 5 EC;903,75;;
VR;11243;LEOPARD 5 EC x 1 lt;875,00;;
VR;11243;LEOPARD 5 EC DA LT. 5x4;50,00;;
VR;11243;LEOPARD 5 EC DA LT. 1x12;15,00;;
VR;11252;CONTANS WG KG.4;8,00;;
VR;11253;CALLISTO;518,50;;
VR;11253;CALLISTO DA LT. 1x12;81,00;;
VR;11253;CALLISTO x 1 lt;61,00;;
VR;11253;CALLISTO x 5 lt;15,00;;
VR;11253;CALLISTO LT.1;9,00;;
VR;11253;CALLISTO LT.1-CLP-;9,00;;
VR;11257;COSTAR WG;248,25;;
VR;11257;COSTAR WG KG. 0,750x10;30,00;;
VR;11258;FAZOR STAR KG.5-CLP-;575,00;;
VR;11258;FAZOR IT x 5 kg;235,00;;
VR;11258;FAZOR STAR;210,00;;
VR;11271;CUREX;180,00;;
VR;11282;KEMIFAM TRIO FL;2,00;;
VR;11301;SPHERE;126,00;;
VR;11301;SPHERE REG.11301 LT.1-CLP-;9,00;;
VR;11301;SPHERE REG.11301 LT.1;1,00;;
VR;11303;CHAMP DP;3.490,00;;
VR;11303;CHAMP DP DA KG. 10 (Xn);2.170,00;;
VR;11313;PROXAN SL;119,00;;
VR;11313;PROXAN SL DA LT. 1x12;23,00;;
VR;11338;FUGRAN;17,00;;
VR;11341;STARANE GOLD x 1 lt;786,00;;
VR;11341;STARANE GOLD;784,00;;
VR;11341;STARANE GOLD LT.1-CLP-;184,00;;
VR;11341;STARANE GOLD LT.1;39,00;;
VR;11341;STARANE GOLD DA LT. 1x10;38,00;;
VR;11344;PICKILL EC;13,50;;
VR;11345;ZOLVIS 80 WDG;91,00;;
VR;11353;FUSILADE MAX;3.451,00;;
VR;11353;FUSILADE MAX REG.11353 LT.10-CLP-;760,00;;
VR;11353;FUSILADE MAX x 1 lt;527,00;;
VR;11353;FUSILADE MAX x 5 lt;335,00;;
VR;11353;FUSILADE MAX DA LT. 5x4 (Xn);300,00;;
VR;11353;FUSILADE MAX REG.11353 LT.5 -CLP-;175,00;;
VR;11353;FUSILADE MAX DA LT. 1x12 (Xn);123,00;;
VR;11353;FUSILADE MAX REG.11353 LT.1-CLP-;94,00;;
VR;11353;FUSILADE MAX REG.11353 LT.5;35,00;;
VR;11353;FUSILADE MAX X LT.1;29,00;;
VR;11353;FUSILADE MAX X LT.5;10,00;;
VR;11355;TAMIFUM;25.180,00;;
VR;11359;SARCAP 800;2.174,00;;
VR;11360;GRIP 25;92,20;;
VR;11360;GRIP 25 ML 500;50,00;;
VR;11360;GRIP 25 ML 50;10,15;;
VR;11377;OXYFLUOR;4,00;;
VR;11379;ROYAL MH STAR - TAB;410,00;;
VR;11390;VITENE TRIPLO BLU;350,00;;
VR;11393;BEETLE;474,00;;
VR;11393;BEETLE DA LT. 1x12;59,00;;
VR;11396;WIRK DA LT. 1x12;140,00;;
VR;11396;WIRK;40,00;;
VR;11402;MELODY COMBI DA KG. 5 (Xn);910,00;;
VR;11402;MELODY COMBI;105,00;;
VR;11402;MELODY COMBY;80,00;;
VR;11402;MELODY CARE X 1;3,00;;
VR;11403;MELODY COMPACT;1.005,50;;
VR;11403;MELODY COMPACT DA KG. 10;220,00;;
VR;11403;MELODY COMPACT x 10 kg;40,00;;
VR;11403;MELODY COMPACT KG.10;20,00;;
VR;11403;MELODY COMPACT x 1 kg;15,00;;
VR;11403;BAYER MELODY COMPACT GR 250 NR 1104;10,00;;
VR;11403;MELODY COMPACT 1KG;5,00;;
VR;11416;OVIPRON TOP x 20 lt;5.690,00;;
VR;11416;OVIPRON TOP;3.436,00;;
VR;11416;OVIPRON TOP x 5 lt;2.590,00;;
VR;11416;OVIPRON TOP x 1 lt;188,00;;
VR;11418;ROUNDUP 450 PLUS;53,00;;
VR;11418;ROUNDUP PLUS;12,00;;
VR;11418;"ROUNDUP ""450 PLUS"" X 1";1,00;;
VR;11435;FLORANET;27,00;;
VR;11436;MELODY MED REG.11436 KG.5;5,00;;
VR;11437;MELODY TRIO X KG.1;6,00;;
VR;11437;MELODY TRIO         PB X 1;2,00;;
VR;11448;KICKER;1.762,00;;
VR;11449;GARDOPRIM GOLD;335,00;;
VR;11449;GARDOPRIM GOLD x 20 lt;240,00;;
VR;11449;GARDOPRIM GOLD x 5 lt;60,00;;
VR;11449;GARDOPRIM GOLD DA LT. 5;10,00;;
VR;11477;ZOLFOBENTON 40;60,00;;
VR;11479;BRANCHER DIRADO DA LT. 1x6;159,00;;
VR;11479;BRANCHER DIRADO;151,00;;
VR;11483;COSAVET DF;5.325,00;;
VR;11494;GLYFOS PRO;13,75;;
VR;11497;CRITTOVIT WG x 20 kg;63.790,00;;
VR;11499;BUSTER;16,40;;
VR;11500;CAPTHENE 80 WDG;515,00;;
VR;11505;READY GERMIPLUS;539,00;;
VR;11510;NOIDIO GOLD;1,00;;
VR;11513;EXILIS;23,00;;
VR;11525;ZAPI BOLLA FUNGIDINA LT 0,5;109,00;;
VR;11525;FUNGIDINA;87,40;;
VR;11526;SULTAN;1.582,00;;
VR;11526;SULTAN x 1 lt;352,00;;
VR;11526;SULTAN DA LT. 1x12 (Xn);83,00;;
VR;11526;SULTAN REG.11526 LT.1 -CLP-;46,00;;
VR;11527;PYRINEX QUICK;1.815,53;;
VR;11527;PYRINEX QUICK x 5 lt;565,00;;
VR;11527;PYRINEX QUICK x 1 lt;34,00;;
VR;11527;PYRINEX QUICK DA LT. 1x12;1,00;;
VR;11534;BIOTIOL;0,75;;
VR;11535;BLAU;30,00;;
VR;11551;ISOMATE C.PLUS (CARPOCAPSA);111,50;;
VR;11551;DIFFUSORE ISOMATE C-PLUS 100pz;46,00;;
VR;11551;ISOMATE C PLUS;0,24;;
VR;11560;REGALIS;237,00;;
VR;11560;REGALIS X KG.1;71,00;;
VR;11560;REGALIS x 1 kg;40,00;;
VR;11560;REGALIS DA KG. 1x10;17,00;;
VR;11561;NEEM AZAL-T/S x 5 lt;365,00;;
VR;11561;NEEMAZAL T/S;266,73;;
VR;11561;NEEMAZAL - T/S;251,00;;
VR;11561;NEEM AZAL X LT.5;135,00;;
VR;11561;NEEM AZAL-T/S x 1 lt;113,00;;
VR;11561;BAYER NEEM AZAL 75 ML;27,00;;
VR;11561;NEEMAZAL T/S DA LT. 5;24,00;;
VR;11561;BAYER NEEM AZAL 15 ML;22,00;;
VR;11561;NEEMAZAL T/S DA LT. 1x12;19,00;;
VR;11561;NEEM AZAL X LT.1;18,00;;
VR;11566;ZOLFO 80 WP;32,00;;
VR;11569;CUPROXAT S.D.I.;4.833,00;;
VR;11569;CUPROXAT S.D.I. DA LT. 10;160,00;;
VR;11569;CUPROXAT LIQUIDO X LT.10;50,00;;
VR;11569;CUPROXAT S.D.I. DA LT. 1x10;44,00;;
VR;11569;CUPROXAT S.D.I. LT.10-CLP-;20,00;;
VR;11569;CUPROXAT S.D.I. LT.1;1,00;;
VR;11586;TOP-AGAN;236,00;;
VR;11586;TOP - AGAN;15,00;;
VR;11587;CAMBEL S;918,00;;
VR;11596;CALYPSO;726,00;;
VR;11596;CALYPSO x 0,5 lt;635,50;;
VR;11596;CALYPSO DA LT. 0,500x20 (Xn);238,00;;
VR;11596;CALYPSO REG.11596 ML.500-CLP-;62,50;;
VR;11596;CALYPSO  REG.11596 ML.500;2,00;;
VR;11600;CRUISER 350 FS;113,50;;
VR;11600;CRUISER 350FS ML.500-CLP-;42,50;;
VR;11600;CRUISER 350 FS x 0,5 lt;21,00;;
VR;11600;CRUISER 350 FS DA LT. 0,500;1,00;;
VR;11611;VYDATE 10L;185,00;;
VR;11611;VYDATE 10L REG.11611 LT.5 -CLP-;40,00;;
VR;11611;VYDATE 10 L x 5 lt;10,00;;
VR;11614;ACTARA 25 WG;1.222,21;;
VR;11614;ACTARA 25 WG x 0,5 kg;679,50;;
VR;11614;ACTARA 25 WG KG.0,500-CLP-;121,50;;
VR;11614;ACTARA 25 WG DA KG. 0,500x12;89,50;;
VR;11614;ACTARA 25 WG x 0,1 kg;27,30;;
VR;11614;ACTARA 25WG GR.100-CLP-;2,40;;
VR;11614;ACTARA 25 WG DA KG. 0,100x20;2,10;;
VR;11614;;0,10;;
VR;11619;TIOFLOR WDG;49.902,00;;
VR;11619;TIOFLOR WDG X KG.25;17.200,00;;
VR;11626;PITSTOP;209,50;;
VR;11626;PIT STOP x 1 lt;181,00;;
VR;11638;FLUORATE;319,50;;
VR;11642;PIKAR;124,00;;
VR;11649;COMMAND 36 CS x 1 lt;202,00;;
VR;11649;COMMAND 36 CS;69,75;;
VR;11649;COMMAND 36 CS LT.2;6,00;;
VR;11649;COMMAND 36CS LT.1;1,00;;
VR;11649;COMMAND 36 CS DA LT. 1x10;1,00;;
VR;11649;COMMAND 36 CS DA 250 ML.;0,25;;
VR;11650;MASSOCUR 12-E;5,00;;
VR;11653;FOLIO GOLD 537,5 SC;745,00;;
VR;11653;FOLIO GOLD 537,5 SC REG.11653 LT.1;600,00;;
VR;11653;FOLIO GOLD 537,5 SC x 1 lt;176,00;;
VR;11653;FOLIO GOLD DA LT. 1x12 (Xn);4,00;;
VR;11654;GRIZZLY EC;21,00;;
VR;11654;GRIZZLY EC X LT.1;4,00;;
VR;11659;HERBITOTAL S;1,50;;
VR;11660;SHOGUN;11.171,50;;
VR;11660;SHOGUN LT.5-CLP-;50,00;;
VR;11660;SHOGUN DA LT. 1x12;13,00;;
VR;11660;SHOGUN X LT.1;4,00;;
VR;11668;PLENUM 50 WG;214,60;;
VR;11668;PLENUM 50 WG x 0,2 kg;23,50;;
VR;11678;ACTELLIC 2P NEWPHARM;58,00;;
VR;11678;ACTELLIC 2P NEWPHARM KG.1;7,00;;
VR;11678;ACTELLIC 2P NEWPHARM KG.1-CLP-;4,00;;
VR;11679;GIBERAL COMPRESSE;0,49;;
VR;11687;ACTELLIC 5  X 25;25,00;;
VR;11687;ACTELLIC 5 NEWPHARM;5,00;;
VR;11690;GOAL 480 SC;488,50;;
VR;11690;GOAL 480 SC DA LT. 0,500x20;22,50;;
VR;11690;GOAL 480 SC x 5 lt;20,00;;
VR;11690;GOAL 480 SC DA LT. 5x4;5,00;;
VR;11693;LASER;1.335,45;;
VR;11693;LASER x 0,5 lt (Spinosad);708,00;;
VR;11693;LASER DA LT. 0,500x10;115,50;;
VR;11693;LASER LT.0,500-CLP-;1,50;;
VR;11693;LASER ML.100 -CLP-;0,10;;
VR;11698;MINUET;245,40;;
VR;11698;MINUET LT.1;47,00;;
VR;11700;BOTANIGARD 22 WP;30,57;;
VR;11701;BOTANIGARD SE;101,00;;
VR;11704;OLIO OGNISTAGIONE;30,00;;
VR;11710;GARDIUS 40 ST;4,00;;
VR;11711;MEXIRAM HIBIO KG.10;6.790,00;;
VR;11711;MEXIRAM HI BIO;6.350,00;;
VR;11711;MEXIRAM HI BIO X KG.10;6.350,00;;
VR;11722;GEONEX;62,00;;
VR;11730;COSMOTRIN;1,95;;
VR;11732;ALLEATO 80 WG x 5 kg;1.565,00;;
VR;11732;ALLEATO 80 WG;1.419,00;;
VR;11732;ALLEATO 80 WG x 1 kg;22,00;;
VR;11735;DELICIA CONTRA-LUMACHE;2,00;;
VR;11744;CIPERBLOC;1,50;;
VR;11752;ENVIDOR 240 SC;101,00;;
VR;11752;ENVIDOR 240 SC x 0,5 lt;26,50;;
VR;11752;ENVIDOR 240 SC LT. 0,500x20 Xn;15,50;;
VR;11760;POLITHIOL;7.800,00;;
VR;11760;POLITHIOL x 20 lt;5.200,00;;
VR;11760;POLITHIOL DA LT. 20;2.260,00;;
VR;11760;POLITHIOL X LT 20;1.080,00;;
VR;11760;POLITHIOL X LT 200;1.000,00;;
VR;11760;;560,00;;
VR;11762;FORUM STAR;490,00;;
VR;11762;FORUM STAR  X 5;5,00;;
VR;11773;DIMISTAR 40 ST;8,00;;
VR;11779;KOP-TWIN;70,00;;
VR;11786;AQ 10 WG DA GR. 30;157,00;;
VR;11786;AQ 10 WG;14,28;;
VR;11788;NEMACUR 240 CS;585,00;;
VR;11788;NEMACUR 240 CS x 25 lt;250,00;;
VR;11788;NEMACUR 240 CS X LT.5;5,00;;
VR;11789;MANAGER;1,00;;
VR;11793;XENTARI;65,00;;
VR;11794;PRESSING 500 X 0,75 (AVADEX FACTOR);240,00;;
VR;11794;PRESSING 500;69,75;;
VR;11802;TETRACAP 80 DG DA KG. 5x4 (Xn);460,00;;
VR;11802;TETRACAP 80 DG;200,00;;
VR;11806;KARIKA;8,00;;
VR;11814;SPADA 200 EC;2.569,30;;
VR;11814;SPADA 200 EC x 1 lt;1.164,00;;
VR;11814;SPADA 200 EC X LT.1;54,00;;
VR;11821;WEEDAZOL TL;350,00;;
VR;11821;WEEDAZOL TL x 5 lt;130,00;;
VR;11821;WEEDAZOL TL DA LT. 5x4 (Xn);70,00;;
VR;11821;WEEDAZOL TL X LT.5;25,00;;
VR;11838;RAGNOSTOP 10WP;0,25;;
VR;11844;KORON WDG;26,30;;
VR;11857;MIDAURIL COMBI;3.503,00;;
VR;11862;LOBBY;567,00;;
VR;11862;LOBBY DA LT. 5x4 (Xn);210,00;;
VR;11862;LOBBY DA LT. 1x12 (Xn);30,00;;
VR;11866;AGRO-OIL;5,75;;
VR;11870;CUPRITAL S.D.I.;12,75;;
VR;11872;RIFLE 4-24 R DA KG. 10;50,00;;
VR;11872;RIFLE 4-24 R;1,25;;
VR;11885;ELICIO;698,00;;
VR;11908;VENTUREX 35 L;31,55;;
VR;11921;RISCIO' 50 WP;57,00;;
VR;11921;RIZOLEX CAP;24,00;;
VR;11921;RISCIO' 50 WP DA LT. 1x12;22,00;;
VR;11921;"RISCIO&#39; 50 WP";17,00;;
VR;11922;MYRTOS SL;21,00;;
VR;11926;NOIDIO GOLD 10 EC;1.974,00;;
VR;11931;MANZEB 75 WG;220,00;;
VR;11944;ASPECT;4.455,00;;
VR;11944;ASPECT  X 5;10,00;;
VR;11946;AZA NEMA;5,00;;
VR;11948;VINCARE;2.262,00;;
VR;11948;VINCARE DA KG. 5x4 (Xn);225,00;;
VR;11948;VINCARE x 5 kg;130,00;;
VR;11954;TERMINAL DUO;515,00;;
VR;11964;POLTIGLIA CAFFARO 20 GD;24.550,00;;
VR;11964;POLTIGLIA CAFFARO 20 GD NC X KG.1;1.578,00;;
VR;11964;POLTIGLIA CAFFARO 20 GD KG.10;40,00;;
VR;11964;POLTIGLIA CAFFARO 20 GD NC X KG.20;20,00;;
VR;11977;SULFUR 80 WG;390,00;;
VR;11977;SULFUR 80 WG (ZOLFO) X 25;125,00;;
VR;11979;BORDO 20 MICRO;56,00;;
VR;11991;NEEMIK;2.216,00;;
VR;11991;NEEMIK X LT.5;165,00;;
VR;11991;NEEMIK x 5 lt;65,00;;
VR;11991;NEEMIK x 1 lt;32,00;;
VR;11991;NEEMIK X LT.1;5,00;;
VR;11999;SIARAM 20 GD X KG.20;60,00;;
VR;11999;SIARAM 20 GD X KG.10;40,00;;
VR;12010;TUAREG;3.844,00;;
VR;12010;TUAREG x 5 lt (+HARMONY x 50 gr);300,00;;
VR;12010;TUAREG x 5 lt;200,00;;
VR;12010;TUAREG x 1 lt;179,00;;
VR;12010;TUAREG LT.1-CLP-;109,00;;
VR;12010;TUAREG LT.5 -CLP-;25,00;;
VR;12010;TUAREG DA LT. 1x10;22,00;;
VR;12010;TUAREG LT.1;14,00;;
VR;12017;COSMOS DA LT. 1x12 (Xn);105,00;;
VR;12017;COSMOS;1,00;;
VR;12020;SUCCESS 50ML;30,00;;
VR;12020;SUCCESS x 1 lt;18,00;;
VR;12020;SUCCESS;17,88;;
VR;12020;BAYER SUCCESS ML 50 NR 12020;1,65;;
VR;12020;BAYER SUCCESS ML 10 NR 12020;0,12;;
VR;12022;SPADA WDG x 1 kg;3.111,00;;
VR;12023;MEGIC;336,50;;
VR;12023;MEGIC X LT.1;56,00;;
VR;12023;MEGIC 240;40,25;;
VR;12030;SNOW;43,00;;
VR;12030;SNOW x 1 lt;28,00;;
VR;12037;CAMIX x 5 lt;5.070,00;;
VR;12037;CAMIX x 20 lt;3.600,00;;
VR;12037;CAMIX;30,00;;
VR;12040;BORDOFLOW   X  10;170,00;;
VR;12041;MARTOS;0,50;;
VR;12043;PREVICUR ENERGY;1.385,70;;
VR;12043;PREVICUR ENERGY x 5 lt;170,00;;
VR;12043;PREVICUR ENERGY x 1 lt;42,00;;
VR;12043;PREVICUR ENERGY DA LT. 1x12;14,00;;
VR;12043;BAYER PREVICUR ENERGY 50 ML;13,00;;
VR;12043;PREVICUR ENERGY LT.1;9,00;;
VR;12043;PREVICUR ENERGY LT.1-CLP-;3,00;;
VR;12044;CURZATE SYSTEM;162,50;;
VR;12048;TIOSOL 80 WG;41.719,00;;
VR;12048;TIOSOL 80 WG X KG.10;500,00;;
VR;12048;TIOSOL 80 WG X KG.25;100,00;;
VR;12060;FOX;138,00;;
VR;12060;FOX LT. 5x4;10,00;;
VR;12068;TEFLUSTAR;706,75;;
VR;12068;TEFLUSTAR KG.10;180,00;;
VR;12068;BAYER TEFLUSTAR GRANULARE KG 1;39,00;;
VR;12068;TEFLUSTAR x 10 kg;20,00;;
VR;12068;BAYER TEFLUSTAR GRANULARE GR 350;4,55;;
VR;12068;TEFLUSTAR 500GR;2,00;;
VR;12069;EPIK;866,43;;
VR;12069;EPIK DA KG. 1x10;93,00;;
VR;12069;;80,00;;
VR;12069;EPIK x 2 kg;50,00;;
VR;12069;EPIK x 1 kg;12,00;;
VR;12083;DANADIM PROGRESS;44,00;;
VR;12083;DANADIM PROGRESS ST;23,25;;
VR;12084;GALEO;6,50;;
VR;12090;MICROSED GEO;11.110,00;;
VR;12090;MICROSED GEO DA KG. 10 (Xn);6.050,00;;
VR;12090;MICROSED GEO x 10 kg;300,00;;
VR;12096;POLTIGLIA DISPERSS;128.279,50;;
VR;12096;POLTIGLIA DISPERSS x 15 kg;117.281,00;;
VR;12096;POLTIGLIA DISPERSS DA KG. 15;41.130,00;;
VR;12096;POLTIGLIA DISPERSS X KG.15;11.925,00;;
VR;12096;;3.970,00;;
VR;12096;POLTIGLIA DISPRESS;2.985,00;;
VR;12096;POLTIGLIA DISPERSS x 1 kg;1.062,00;;
VR;12100;ASSET;2.154,00;;
VR;12100;ASSET x 1 lt;380,00;;
VR;12100;ASSET DA LT. 1x12;169,00;;
VR;12100;ASSET X LT 1;57,00;;
VR;12106;TALENDO;14,00;;
VR;12114;AUXIGER LG;463,00;;
VR;12114;AUXIGER LG x 5 lt;260,00;;
VR;12114;AUXIGER LG x 1 lt;110,00;;
VR;12114;AUXIGER LG DA LT. 1x12;29,00;;
VR;12114;AUXIGER LG DA ML. 100;12,00;;
VR;12115;BARRACUDA;1,00;;
VR;12133;JUVINAL 10 EC;152,25;;
VR;12133;JUVINAL 10 EC X LT.1;96,00;;
VR;12133;JUVINAL 10 EC DA LT. 1x12 (Xn);91,00;;
VR;12133;JUVINAL 10EC REG.12133 LT.1;1,00;;
VR;12133;JUVINAL 10 EC LT. 0,250x12 (Xn;0,50;;
VR;12136;VERITAS;671,00;;
VR;12136;VERITAS  KG.5;285,00;;
VR;12136;VERITAS WG x 5 kg;220,00;;
VR;12136;VERITAS WG x 1 kg;22,00;;
VR;12136;VERITAS  KG.1;2,00;;
VR;12138;R6 ERRESEI TREVI;3.544,00;;
VR;12138;R6 TREVI DA KG. 8;512,00;;
VR;12138;ERRE SEI TREVI;256,00;;
VR;12138;R6 TREVI X KG.8;40,00;;
VR;12149;GERBA 4 LG x 1 lt;52,00;;
VR;12149;GERBA 4 LG x 5 lt;30,00;;
VR;12149;GERBA 4 LG;4,00;;
VR;12170;HELIOCUIVRE     FL X 10;20,00;;
VR;12172;FERRAMOL;288,00;;
VR;12172;KOL FERRAMOL 1 KG ESCA LUMACHICIDA;147,00;;
VR;12172;KOL FERRAMOL 500 GR ESCA LUMACHICID;59,00;;
VR;12172;FERRAMOL DA KG. 1;10,00;;
VR;12174;V.I.P. FLOW;1.766,00;;
VR;12174;V.I.P. FLOW DA LT. 5x4;160,00;;
VR;12174;V.I.P FLOW LT.5;5,00;;
VR;12177;VITTORIA 24 SC;9,60;;
VR;12180;NIK WDG;100,00;;
VR;12192;GRANSTAR 50 SX;4,00;;
VR;12200;SILBOT R x 10 kg;2.870,00;;
VR;12200;SILBOT R;22,00;;
VR;12202;ZEMIX R x 10 kg;2.570,00;;
VR;12212;PENTHIUM EC;326,00;;
VR;12215;VEBIPHOS 7,5;37,00;;
VR;12225;TEPPEKI;559,99;;
VR;12225;TEPPEKI x 0,5 kg;289,50;;
VR;12225;TEPPEKI DA KG. 0,500x10;91,50;;
VR;12225;TEPPEKI x 100 gr;0,20;;
VR;12225;TEPPEKI GR.100-CLP-;0,10;;
VR;12225;TEPPEKY 10 GR (FLONICAMID)GREEN RAV;0,03;;
VR;12233;SANTHANE DF;105,00;;
VR;12243;MANTIR DG;19.662,00;;
VR;12243;MANTIR DG DA KG. 25 (Xn);250,00;;
VR;12245;ROUNDUP 360 POWER x 20 lt;3.900,00;;
VR;12245;ROUNDUP 360 POWER;2.006,80;;
VR;12260;TECNOCONTROL EXTRA;5,00;;
VR;12262;VALBON;47,00;;
VR;12262;VALBON REG.12262 KG.1;3,00;;
VR;12263;VONDOZEB DG X KG.20;7.120,00;;
VR;12263;VONDOZEB DG;6.300,00;;
VR;12263;VONDOZEB DG x 20 kg;2.840,00;;
VR;12263;VONDOZEB DG x 25 kg;25,00;;
VR;12270;UNICORN DF DA KG. 5;980,00;;
VR;12270;UNICORN DF;910,00;;
VR;12270;UNICORN DF X KG.5;765,00;;
VR;12285;FORUM GOLD;1.397,00;;
VR;12285;FORUM GOLD X KG.10;490,00;;
VR;12296;GAIO SX;0,80;;
VR;12297;TRIBASE TWIN;3.564,50;;
VR;12298;GUNNER SC;10,00;;
VR;12315;ORTIVA HOBBY;1,72;;
VR;12317;DACOL L 20;123,00;;
VR;12318;VIVER;1.183,00;;
VR;12322;SWITCH HOBBY;0,08;;
VR;12322;MUFFA STOP - SWITCH HOBBY;0,03;;
VR;12323;VEBIZOLFO WG;3,00;;
VR;12325;MESUROL M PLUS;741,50;;
VR;12325;BAYER MESUROL M PLUS GR 500 NR 1232;7,50;;
VR;12330;DEDALUS SE;37,35;;
VR;12330;DEDALUS SE x 5 lt;20,00;;
VR;12330;DEDALUS SE x 1 lt;2,00;;
VR;12344;VEBITHRIN 5 EC;3,00;;
VR;12361;ALGEDI;19,20;;
VR;12361;ALGEDI x 200 gr;0,20;;
VR;12368;CARPOSTOP;796,00;;
VR;12368;CARPOSTOP x 0,5 lt;100,50;;
VR;12374;;680,00;;
VR;12376;FITAGIL;175,00;;
VR;12376;FITAGIL X LT.1;2,00;;
VR;12376;FITAGIL LT.1 -CLP-;1,00;;
VR;12378;TRIANUM-G;8.680,00;;
VR;12381;NU FILM P x 1 lt;356,00;;
VR;12381;NU-FILM-P;311,00;;
VR;12381;NU FILM P x 4 lt;36,00;;
VR;12381;NU-FILM-P X LT.1;15,00;;
VR;12383;RIDOMIL GOLD MZ PEPITE;6.737,00;;
VR;12383;RIDOMIL GOLD MZ PEPITE KG.5 Xn;1.740,00;;
VR;12383;RIDOMIL GOLD MZ PEPITE REG.12383 KG;1.651,00;;
VR;12383;RIDOMIL GOLZ MZ PEPITE;606,00;;
VR;12383;RIDOMIL GOLD MZ PEPITE KG.1 Xn;495,00;;
VR;12383;RIDOMIL GOLD MZ PEPITE x 5 kg;365,00;;
VR;12383;FLARE GOLD MZ PEPITE x 5 kg;305,00;;
VR;12383;RIDOMIL GOLD MZ PEPITE x 1 kg;17,00;;
VR;12385;ARMETIL COBRE SC;4,00;;
VR;12391;FUEGO;201,00;;
VR;12395;CUTRIL TOP;46,00;;
VR;12399;GANZO;281,00;;
VR;12399;GANZO DA LT. 1x12 (Xn);131,00;;
VR;12399;GANZO x 1 lt;38,00;;
VR;12406;PLIS;23,00;;
VR;12437;DELAN 70 WG;19.641,00;;
VR;12437;DELAN 70 WG x 1 kg;5.304,00;;
VR;12437;DELAN 70 WG x 5 kg;3.655,00;;
VR;12437;DELAN 70 WG DA KG. 1x10 (Xn);2.805,00;;
VR;12437;DELAN 70 WG DA KG. 5x4 (Xn);1.650,00;;
VR;12437;DELAN 70 WG X KG.1;894,00;;
VR;12437;DELAN 70 WG X KG.5;165,00;;
VR;12437;DELAN 70 WG REG.12437 KG.5;10,00;;
VR;12437;DELAN 70 WG REG.12437 KG.1;6,00;;
VR;12452;EQUIP;4.762,00;;
VR;12452;EQUIP x 5 lt;645,00;;
VR;12452;EQUIP DA LT. 5x4;375,00;;
VR;12452;EQUIP x 1 lt;219,00;;
VR;12453;MILDICUT;26.746,00;;
VR;12453;MILDICUT DA LT. 10;7.770,00;;
VR;12453;MILDICUT DA LT. 15;1.215,00;;
VR;12453;MILDICUT X LT.10;1.150,00;;
VR;12453;;180,00;;
VR;12453;MILDICUT DA LT. 1x10;63,00;;
VR;12453;MILDICUT LT.10;30,00;;
VR;12461;FINALSAN ERBICIDA PROFESSIONAL;33,00;;
VR;12461;KOL FINALSAN ERBICIDA PROF. 1 LT.;27,00;;
VR;12482;LUMAX;36.980,00;;
VR;12482;LUMAX x 20 lt;4.855,00;;
VR;12482;LUMAX DA LT. 20 (Xn);2.400,00;;
VR;12482;LUMAX x 5 lt;1.610,00;;
VR;12482;LUMAX REG.12482 LT.20-CLP-;1.500,00;;
VR;12482;LUMAX DA LT. 5x4 (Xn);625,00;;
VR;12482;LUMAX REG.12482 LT.5-CLP-;365,00;;
VR;12482;LUMAX REG.12482 LT.20;80,00;;
VR;12482;LUMAX X LT.20;60,00;;
VR;12482;LUMAX X LT.5;10,00;;
VR;12489;DIFCOR 250;111,00;;
VR;12489;DIFCOR 250 X 1;4,00;;
VR;12489;DIFCOR 250 DA LT. 1x12 (Xn);2,00;;
VR;12491;CIPERTHRIN PLUS x 1 lt;580,00;;
VR;12491;CIPERTHRIN PLUS;2,00;;
VR;12491;CIPERTHRIN PLUS x 0,25 lt;0,25;;
VR;12492;ASTROL NUOVO;120,00;;
VR;12493;MANCOZEB PLUS 75 WG;4.740,00;;
VR;12504;FLOWBRIX;6.415,00;;
VR;12505;FLOWBRIX BLU;1.090,00;;
VR;12514;VIPER;3.629,00;;
VR;12514;VIPER x 5 lt;550,00;;
VR;12515;GIBRELIN TAB;10,05;;
VR;12519;CORSARIO;971,75;;
VR;12522;METRO;192,00;;
VR;12522;METRO GR.500-CLP-;3,00;;
VR;12526;ALIETTE ORTO E GIARDINO;0,75;;
VR;12528;CABRIO TOP;70,00;;
VR;12528;CABRIO TOP x 5 lt;31,00;;
VR;12528;CABRIO TOP x 1 lt;21,00;;
VR;12529;TUCANA;579,00;;
VR;12529;TUCANA 25 EC DA LT. 1x10 (Xn);80,00;;
VR;12529;TUCANA 25 EC;9,00;;
VR;12534;FOXTAIL;455,45;;
VR;12534;FOXTAIL  x  lt 1;260,00;;
VR;12534;FOXTAIL ML.250;71,00;;
VR;12534;FOXTAIL DA LT. 1x12;56,00;;
VR;12534;FOXTAIL LT.1 -CLP-;4,00;;
VR;12534;FOXTAIL DA LT. 0,250x40;2,25;;
VR;12534;KOL FOXTAIL ML.250;1,75;;
VR;12534;FOXTAIL 250 ML;0,75;;
VR;12537;KEETON COMBI X KG.10;600,00;;
VR;12537;KEETON COMBI;240,00;;
VR;12538;MYSTIC 25 WG x 1 kg;245,00;;
VR;12538;MYSTIC 25 WG;152,00;;
VR;12540;REGRAN SL;2.202,00;;
VR;12540;REGRAN SL X LT.5;385,00;;
VR;12540;REGRAN SL X LT.1;322,00;;
VR;12542;CUPROFIX F DISPERSS X 10;40,00;;
VR;12557;;19,00;;
VR;12564;ELECTIS MZ  REG.12564 KG.10;10,00;;
VR;12566;PYGANIC 1.4;426,11;;
VR;12566;PYGANIC 1,4 DA LT. 1x12;23,00;;
VR;12566;PYGANIC 1-4;14,00;;
VR;12566;PYGANIC 1.4 x 1 lt;10,00;;
VR;12568;SPRINTEX NEW L;234,00;;
VR;12573;EKO OIL SPRAY;4.503,75;;
VR;12573;EKO OIL SPRAY DA LT. 5x4 (EOS);790,00;;
VR;12573;EKO OIL SPRAY x 1 lt;326,00;;
VR;12573;EKO OIL SPRAY x 5 lt;250,00;;
VR;12573;EKO OIL SPRAY X LT.20;140,00;;
VR;12573;EKO OIL SPRAY DA LT. 1 (EOS);2,00;;
VR;12578;RANMAN;0,35;;
VR;12582;LINFA PIRETRO NATURALE;13,86;;
VR;12582;PIRETRO NATURALE;2,30;;
VR;12584;AVIATOR WG (SPHINX MZ);60,00;;
VR;12584;SPHINX MZ;19,00;;
VR;12590;DIASTAR MAXI;2.710,00;;
VR;12590;DIASTAR MAXI x 10 kg;2.590,00;;
VR;12598;GRANSTAR POWER SX;227,81;;
VR;12598;GRANSTAR POWER SX x 1090 gr;104,64;;
VR;12598;GRANSTAR POWER SX gr.1090 (Xn);26,00;;
VR;12622;QUANTUM;5.057,00;;
VR;12622;QUANTUM x 0,5 kg;2.912,00;;
VR;12622;QUANTUM DA KG. 0,500x10;2.743,00;;
VR;12622;;47,00;;
VR;12625;EFUZIN 355 SC x 1 lt;1.613,00;;
VR;12625;EFUZIN 355 SC;723,00;;
VR;12625;EFUZIN 355 SC x 5 lt;365,00;;
VR;12627;DANADIM 400 ST;2.054,00;;
VR;12627;DANADIM 400 ST x 1 lt;424,00;;
VR;12627;DANADIM 400 X LT.1;363,00;;
VR;12627;DANADIM 400 EC;172,00;;
VR;12627;DANADIM 400 DA LT. 1x12 (Xn);13,00;;
VR;12627;DANADIM 400 x 1 lt;1,00;;
VR;12628;SERENADE MAX;1.394,00;;
VR;12628;SERENADE MAX X KG.5;185,00;;
VR;12628;SERENADE MAX DA KG. 5x4;105,00;;
VR;12628;SERENADE MAX X KG.1;88,00;;
VR;12628;SERENADE MAX DA KG. 1x12;32,00;;
VR;12629;BUGGY 360 SG N.E.T.;835,00;;
VR;12629;BUGGY 360 SG N.E.T. X 1;84,05;;
VR;12629;BUGGY NET CK X LT.1;8,00;;
VR;12642;TRATON SX;9,89;;
VR;12644;ALTIX;10,00;;
VR;12647;GLITTER;590,00;;
VR;12647;GLITTER DA LT. 1x12;285,00;;
VR;12650;NUPRID 200 SL;27,07;;
VR;12654;SPINTOR;296,50;;
VR;12654;SPINTOR DA LT. 0,500x20;7,00;;
VR;12659;IMIDAN EC x 1 lt;2,00;;
VR;12670;RISOLUTIV SL;2.290,00;;
VR;12671;HARMONY 50 SX;206,64;;
VR;12671;HARMONY 50 SX DA GR. 20x10;48,00;;
VR;12671;HARMONY 50 SX x 20 gr;15,74;;
VR;12671;HARMONY 50 SX x 50 gr (+TUAREG x 5);3,00;;
VR;12671;HARMONY 50 SX x 16 gr;2,38;;
VR;12671;HARMONY 50 SX x 50 gr;1,60;;
VR;12671;HARMONY 50 SX GR.20-CLP-;0,70;;
VR;12671;HARMONY 50SX GR.16 -CLP-;0,35;;
VR;12671;HARMONY 50 SX GR.50-CLP-;0,15;;
VR;12686;CHAMAN;117,00;;
VR;12692;SPRUZIT INSETTICIDA;17,50;;
VR;12692;KOL SPRUZIT BIO INSETTICIDA C.500ML;13,50;;
VR;12706;PERMIT;15,60;;
VR;12706;PERMIT x 150 gr;11,55;;
VR;12706;PERMIT x 200 gr;2,20;;
VR;12706;PERMIT DA GR. 150;1,00;;
VR;12706;PERMIT GR.150-CLP-;0,15;;
VR;12710;CALIPER-EC;4,00;;
VR;12722;OSSICLOR 20 FLOW;507,00;;
VR;12722;OSSICLOR 20 FLOW X LT.10;10,00;;
VR;12731;MICLOTOP PROGRESS;80,00;;
VR;12734;JUPITER R DF;1.764,50;;
VR;12734;JUPITER R DF DA KG. 10;1.160,00;;
VR;12734;JUPITER R DF 1KG;9,00;;
VR;12737;AIRONE PIU';9.987,00;;
VR;12737;AIRONE PIU' DA KG. 10;450,00;;
VR;12737;"AIRONE PIU&#39;";130,00;;
VR;12738;KING 360 HP DA LT. 10;1.290,00;;
VR;12738;KING 360 HP;5,00;;
VR;12747;RAMETTE;3,20;;
VR;12747;CUPRAVIT BLU WG;0,20;;
VR;12748;"GRIFON PIU'39;";12.420,00;;
VR;12748;"GRIFON PIU&#39;";5.980,00;;
VR;12748;GRIFON PIU';980,00;;
VR;12748;GRIFON PIU' X KG.10;10,00;;
VR;12754;VERDRAM HI BIO;14.611,00;;
VR;12756;DICOTEX;207,10;;
VR;12756;BAYER DICOTEX 100 ML;141,00;;
VR;12756;BAYER DICOTEX 500 ML;66,00;;
VR;12756;DICOTEX 500ML;3,00;;
VR;12756;DICOTEX 100ML;1,00;;
VR;12759;OSSICLOR 35 WG;15.382,40;;
VR;12759;ZAPI OSSICLOR 35 WG KG.1 OSSICLORUR;279,00;;
VR;12759;ZAPI OSSICLOR 35 WG 200 GR.;33,00;;
VR;12759;OSSICLOR 35 WG DA KG. 1x20;1,00;;
VR;12761;AGRIMIX TOP;57,00;;
VR;12763;PYGRAIN;2,00;;
VR;12768;SPINTOR FLY x 1 lt;558,00;;
VR;12768;SPINTOR FLY;540,75;;
VR;12768;SPINTOR FLY x 5 lt;150,00;;
VR;12768;SPINTOR FLY X LT.1;18,00;;
VR;12768;SPINTOR FLY X LT.5;5,00;;
VR;12770;ALAR 85 GOLD;29,00;;
VR;12770;ALAR 85 GOLD DA KG. 1x6;5,00;;
VR;12770;ALAR 85 GOLD KG.1-CLP-;2,00;;
VR;12770;ALAR 85 GOLD x 1 kg;2,00;;
VR;12770;ALAR 85 GOLD KG. 1;1,00;;
VR;12778;PASTA SIAPA F NC X LT.1;242,00;;
VR;12778;PASTA SIAPA F NC X LT.10;240,00;;
VR;12778;PASTA SIAPA F NC;179,00;;
VR;12779;RAMEDIT COMBI WG x 10 kg;1.865,00;;
VR;12779;RAMEDIT COMBI WG X KG.10;710,00;;
VR;12779;RAMEDIT COMBI WG x 1 kg;252,00;;
VR;12779;RAMEDIT COMBI WG;194,00;;
VR;12779;RAMEDIT COMBI WG X KG.1;48,00;;
VR;12784;FARO WG;592,00;;
VR;12784;CERCOBIN WG;4,00;;
VR;12788;ADIGOR LT.1-CLP-;33,00;;
VR;12788;ADIGOR LT.4-CLP-;12,00;;
VR;12790;IMPACT 250 SC;2,00;;
VR;12793;ZOLFO AFEPASA 80 WG x 25;4.400,00;;
VR;12806;FEDOR;500,00;;
VR;12806;FEDOR x 1 kg;84,00;;
VR;12808;GLOBAL SC;0,20;;
VR;12813;AMISTAR XTRA;967,00;;
VR;12813;AMISTAR XTRA DA LT. 1x12 (Xn);224,00;;
VR;12813;AMISTAR XTRA x 1 lt;5,00;;
VR;12824;MERLIN EXPERT;37,00;;
VR;12824;MERLIN EXPERT  x 1;2,00;;
VR;12828;SITOFEX;703,00;;
VR;12828;SITOFEX DA LT. 1x10;365,00;;
VR;12828;SITOFEX x 1 lt;257,00;;
VR;12828;SITOFEX 7,5 EC X LT.1;42,00;;
VR;12831;INSIGNIA;31,00;;
VR;12832;OPERA;75,00;;
VR;12832;OPERA x 1 lt;20,00;;
VR;12837;ARIUS SYSTEM PLUS x 5 lt;4.345,00;;
VR;12837;ARIUS SYSTEM PLUS;2.713,00;;
VR;12837;ARIUS SYSTEM PLUS x 1 lt;824,00;;
VR;12837;ARIUS SYSTEM PLUS X LT.5;770,00;;
VR;12837;ARIUS SYSTEM PLUS DA LT 5x4;390,00;;
VR;12837;ARIUS SYSTEM PLUS X LT.1;30,00;;
VR;12837;ARIUS SYSTEM PLUS DA LT 1x10;27,00;;
VR;12837;ARIUS SYSTEM PLUS LT.1 -CLP-;9,00;;
VR;12837;ARIUS SYSTEM PLUS LT.1;3,00;;
VR;12841;SUCCESSOR T;10,00;;
VR;12843;CHECKMATE CM-F;84,24;;
VR;12844;CHECKMATE OFM-F;8,19;;
VR;12844;CHECK MATE OFM-F DA ML. 390;2,00;;
VR;12845;AXIAL;10,50;;
VR;12848;R6 ERRESEI SB-R42 WG;20,00;;
VR;12849;BENPROP PRO;926,10;;
VR;12857;PROREX x 0,5 lt;217,50;;
VR;12857;PROREX DA LT. 0,500x20;76,50;;
VR;12857;PROREX;54,00;;
VR;12858;PRODIGY;2.255,00;;
VR;12858;PRODIGY x 1 lt;630,00;;
VR;12858;PRODIGY DA LT. 1x12;137,00;;
VR;12858;PRODIGY X LT.1;114,00;;
VR;12858;PRODIGY SC LT.1-CLP-;1,00;;
VR;12859;BORNEO;237,65;;
VR;12859;BORNEO DA LT. 0,500x10;3,00;;
VR;12859;BORNEO  X 0,500;2,50;;
VR;12859;BAYER BORNEO ACARICIDA ML 40;1,64;;
VR;12859;BAYER BORNEO ACARICIDA ML 5;0,53;;
VR;12860;MILBEKNOCK;48,12;;
VR;12860;MILBEKNOCK DA LT. 1 (Xn);7,00;;
VR;12860;MILBEKNOCK x 1 lt;1,00;;
VR;12862;CANTUS;1.834,00;;
VR;12862;CANTUS DA KG. 1x10;247,00;;
VR;12862;CANTUS X KG.1;238,00;;
VR;12862;CANTUS x 1 kg;140,00;;
VR;12862;CANTUS KG.1 -CLP-;1,00;;
VR;12865;DANTOP 50 WG;27,60;;
VR;12865;DANTOP 50 WG x 0,200;27,20;;
VR;12865;DANTOP 50 WG DA GR. 200x20 (Xn;2,40;;
VR;12865;DANTOP 50WG REG.12865 GR.200-CLP-;0,20;;
VR;12866;COLLIS;70,00;;
VR;12866;COLLIS x 1 lt;7,00;;
VR;12866;COLLIS DA LT. 1x10 (Xn);6,00;;
VR;12868;BELLIS;1.166,00;;
VR;12868;BELLIS x 1 kg;725,00;;
VR;12868;BELLIS DA KG. 1x10 (Xn);203,00;;
VR;12868;BELLIS X KG.1;21,00;;
VR;12868;BELLIS REG.12868 KG.1-CLP-;3,00;;
VR;12869;SIGNUM;2.310,00;;
VR;12869;SIGNUM x 1 kg;430,00;;
VR;12869;SIGNUM KG.1 -CLP-;237,00;;
VR;12869;SIGNUM DA KG. 1x10;68,00;;
VR;12869;SIGNUM X KG 1;19,00;;
VR;12873;FANTIC F WG X KG.5;1.400,00;;
VR;12878;RIDOMIL GOLD COMBI PEPITE;10.866,00;;
VR;12878;RIDOMIL GOLD COMBI PEP KG.5Xn;1.985,00;;
VR;12878;RIDOMIL GOLD COMBI PEPITE REG.12878;263,00;;
VR;12878;RIDOMIL GOLD COMBI PEPITE x 5 kg;30,00;;
VR;12878;RIDOMIL GOLD COMBI PEPITE x 1 kg;10,00;;
VR;12881;HUSSAR MAXX;94,80;;
VR;12881;HUSSAR MAXX DA KG. 0,600x12;4,80;;
VR;12883;PROSPER 300 CS;8.912,25;;
VR;12883;PROSPER 300 CS DA LT. 5x4;3.355,00;;
VR;12883;PROSPER 300 CS DA LT. 1x12;1.263,00;;
VR;12883;PROSPER 300 CS x 1 lt;1.162,00;;
VR;12883;PROSPER 300 CS X LT.5;590,00;;
VR;12883;PROSPER 300 CS X LT.1;438,00;;
VR;12883;PROSPER 300 CS LT.1-CLP-;66,00;;
VR;12884;BATAM x 1 kg;1.596,00;;
VR;12886;KARATHANE STAR;1.779,00;;
VR;12886;KARATHANE STAR x 1 lt;411,00;;
VR;12886;KARATHANE STAR DA LT.1x10 (Xn);393,00;;
VR;12886;KARATHANE STAR X LT 1;282,00;;
VR;12886;KARATHANE STAR REG.12886 LT.1-CLP-;2,00;;
VR;12888;LEPINOX PLUS x 1 kg;1.491,00;;
VR;12888;LEPINOX PLUS;957,00;;
VR;12888;;32,00;;
VR;12888;LEPINOX PLUS X KG.1;20,00;;
VR;12889;PICKER SC;1,40;;
VR;12903;DOLESE WG;274,00;;
VR;12904;BRAITEX;417,00;;
VR;12916;CYMONE 25 WP X KG.1;250,00;;
VR;12918;CALYPSO GARDEN PROTECTOR PPO;0,20;;
VR;12920;AGORA SC x 1 lt;30,00;;
VR;12924;JUPITER WG;12.734,00;;
VR;12924;;400,00;;
VR;12924;JUPITER WG DA KG. 10;250,00;;
VR;12924;JUPITER WG X KG.5;140,00;;
VR;12924;JUPITER WG X KG.10;100,00;;
VR;12924;JUPITER WG DA KG. 1x12;81,00;;
VR;12924;JUPITER WG X KG.1;5,00;;
VR;12931;;425,00;;
VR;12931;FUNGI MZ DF;4,00;;
VR;12933;MOXYL 20 WP x 1 kg;351,00;;
VR;12933;MOXYL 20 WP;57,00;;
VR;12934;OXFORD;1.227,00;;
VR;12940;KARATE ZEON 1.5;2.333,00;;
VR;12940;KARATE ZEON 1,5 LT.5-CLP-;765,00;;
VR;12940;KARATE ZEON 1.5 DA LT. 1x12;466,00;;
VR;12940;KARATE ZEON 1.5 x 1 lt;211,00;;
VR;12940;KARATE ZEON 1,5 LT.1-CLP-;202,00;;
VR;12940;KARATE WITH ZEON TECH 1,5 CS X LT.1;1,00;;
VR;12954;SPECTRUM;18,00;;
VR;12960;STARPROP;92,00;;
VR;12972;GLYFOS DAKAR;30,00;;
VR;12989;GIBB PLUS;42,00;;
VR;12989;GIBB PLUS X LT.1;22,00;;
VR;12992;BAGNANTE PLUS;5,00;;
VR;12994;GROCER;601,50;;
VR;12994;VIVER ELITE WG;459,50;;
VR;13005;PROMAG;4,00;;
VR;13012;FOLVIT 80 WDG x 5 kg;25.225,00;;
VR;13012;FOLVIT 80 WDG;180,00;;
VR;13016;BIOACT WG;24,00;;
VR;13018;GONDOR;584,00;;
VR;13020;MICRORAM 35 WG;2,70;;
VR;13025;MYSTIC 250 EW;257,00;;
VR;13025;MYSTIC 250 EW x 1 lt;54,00;;
VR;13026;SUSCON;3,22;;
VR;13039;POTCLEAN 2G;37,00;;
VR;13049;SULCOGAN;975,00;;
VR;13049;SULCOGAN  X 1;6,00;;
VR;13055;MACHO;1.873,00;;
VR;13058;OSSIRAM 20 SC;4,50;;
VR;13061;BIOBIT DF;1.502,00;;
VR;13061;BIOBIT DF DA KG. 1x10;90,00;;
VR;13061;BIOBIT DF KG.1;1,00;;
VR;13062;DIPEL DF x 1 kg;422,00;;
VR;13062;DIPEL DF;0,03;;
VR;13063;REGULEX 10 SG DA GR. 100x20;20,00;;
VR;13063;REGULEX 10 SG;2,50;;
VR;13063;REGULEX 10 SG x 0,1 kg;0,75;;
VR;13064;VITENE ULTRA SC;2.102,00;;
VR;13064;VITENE ULTRA SC X LT.1;249,00;;
VR;13064;VITENE ULTRA SC LT.1;115,00;;
VR;13064;VITENE ULTRA SC LT. 1x10;6,00;;
VR;13065;DOMARK 125;1.283,01;;
VR;13065;DOMARK 125 DA LT. 1x12;271,00;;
VR;13068;NEORAM WG;10.698,00;;
VR;13068;NEORAM WG X KG.1;1.920,00;;
VR;13068;NEORAM WG X KG.20;180,00;;
VR;13068;NEORAM WG X KG.10;10,00;;
VR;13071;SIAFEN x 0,5 lt;161,00;;
VR;13071;SIAFEN;2,00;;
VR;13072;MANNIX;15,00;;
VR;13076;BRAITEX  PRO;110,00;;
VR;13081;NISSORUN;1,00;;
VR;13083;CURZATE EFFE;435,00;;
VR;13084;TELDOR PLUS;3.541,70;;
VR;13084;TELDOR PLUS x 1 lt;1.691,00;;
VR;13084;TELDOR PLUS DA LT. 5x4;395,00;;
VR;13084;TELDOR PLUS x 5 lt;365,00;;
VR;13084;TELDOR PLUS DA LT. 1x12;300,00;;
VR;13084;TELDOR PLUS X LT.1;257,00;;
VR;13084;TELDOR PLUS X LT.5;95,00;;
VR;13084;;32,00;;
VR;13084;TELDOR PLUS LT.1;5,00;;
VR;13084;BAYER TELDOR PLUS ML 100;1,90;;
VR;13084;TELDOR PLUS LT.1-CLP-;1,00;;
VR;13087;TASIS;90,00;;
VR;13087;TASIS DA LT. 1x12;8,00;;
VR;13093;STOMP AQUA;5.862,00;;
VR;13093;STOMP AQUA x 5 lt;1.815,00;;
VR;13093;STOMP AQUA x 1 lt;473,00;;
VR;13093;STOMP AQUA x 10 lt;460,00;;
VR;13093;STOMP AQUA LT.10-CLP-;440,00;;
VR;13093;STOMP AQUA DA LT. 10x2;300,00;;
VR;13093;STOMP AQUA DA LT. 5x4;270,00;;
VR;13093;STOMP AQUA 10 L X LT.10;220,00;;
VR;13093;STOMP AQUA DA LT. 1x10;147,00;;
VR;13093;STOMP AQUA X LT.1;140,00;;
VR;13093;STOMP AQUA LT.5 -CLP-;120,00;;
VR;13093;STOMP AQUA LT.1-CLP-;69,00;;
VR;13093;;10,00;;
VR;13093;STOMP AQUA X LT.5;5,00;;
VR;13095;DIRA-MAX LG;286,00;;
VR;13095;DIRA-MAX LG x 1 lt;153,00;;
VR;13098;ROUNDUP POWER 2.0;9.867,00;;
VR;13098;ROUNDUP POWER 2.0 X LT.20;3.510,00;;
VR;13098;ROUNDUP POWER 2.0 DA LT. 20;980,00;;
VR;13098;ROUNDUP POWER 2.0 X LT.5;860,00;;
VR;13098;ROUNDUP POWER 2.0 DA LT. 5x4;535,00;;
VR;13098;ROUNDUP POWER 2.0 X LT.1;105,00;;
VR;13104;ALGOR PLATIN;100,00;;
VR;13106;IKANOS x 1 lt;677,00;;
VR;13106;IKANOS x 5 lt;620,00;;
VR;13106;IKANOS;94,00;;
VR;13108;CURAME BORDEAUX;14.319,00;;
VR;13111;THIOCUR FORTE;323,30;;
VR;13111;THIOCUR FORTE x 5 lt;255,00;;
VR;13111;THIOCUR FORTE DA LT. 5x4;120,00;;
VR;13111;THIOCUR FORTE x 1 lt;74,00;;
VR;13116;MEDOR 35 CLASS;88,00;;
VR;13120;MYSTIC 430 SC x 1 lt;772,00;;
VR;13120;MYSTIC 430 SC;2,00;;
VR;13126;CABRIO DUO;3.012,00;;
VR;13126;CABRIO DUO REG.13126 LT.5-CLP-;1.925,00;;
VR;13126;CABRIO DUO x 5 lt;1.155,00;;
VR;13126;CABRIO DUO REG.13126 LT.5;375,00;;
VR;13126;CABRIO DUO x 1 lt;211,00;;
VR;13126;CABRIO DUO REG.13126 LT.1 -CLP-;81,00;;
VR;13126;CABRIO DUO REG.13126 LT.1;33,00;;
VR;13126;CABRIO DUO DA LT. 1x10 (Xn);20,00;;
VR;13127;VALIS F;975,00;;
VR;13127;VALIS F X KG. 5;10,00;;
VR;13128;GOLTIX 50 WG;283,00;;
VR;13128;GOLTIX 50 WG KG.5-CLP-;60,00;;
VR;13128;GOLTIX 50 WG KG.1-CLP-;55,00;;
VR;13128;GOLTIX 50 WG DA KG. 1x10;52,00;;
VR;13128;GOLTIX 50WG KG.1;22,00;;
VR;13128;GOLTIX 50WG KG.5;15,00;;
VR;13128;GOLTIX 50 WG DA KG. 5x4;10,00;;
VR;13128;GOLTIX 50 x 1 kg;2,00;;
VR;13130;GUNNER WG x 0,5 kg;0,50;;
VR;13133;NIBER 35 WG x 0,5 kg;0,50;;
VR;13138;SYSTANE 4,5 PLUS DA LT 1x12;252,00;;
VR;13138;SYSTHANE 4,5 PLUS;2,00;;
VR;13143;MEZENE WG;12.282,00;;
VR;13143;MEZENE WG DA KG. 20 (T+);3.980,00;;
VR;13143;MEZENE WG DA KG. 5x4 (T+);780,00;;
VR;13143;MEZENE WG DA KG. 1x12 (T+);439,00;;
VR;13143;MEZENE WG X KG.5;10,00;;
VR;13143;MEZENE WG X KG.1;5,00;;
VR;13149;POLTIGLIA 20 WG MANICA KG. 25;10.275,00;;
VR;13149;POLTIGLIA MANICA 20 WG;8.010,00;;
VR;13149;POLTIGLIA 20 WG MANICA KG. 10;1.300,00;;
VR;13149;POLTIGLIA BORD.20 WG X 25(MANICA);850,00;;
VR;13149;POLTIGLIA 20 WG MANICA KG.1x20;34,00;;
VR;13150;CURAME 35 WG;1.891,00;;
VR;13152;OPTIX R DISPERSS x 10 kg;9.130,00;;
VR;13152;OPTIX R DISPERSS;3.880,00;;
VR;13152;OPTIX R DISPERSS X KG.10;450,00;;
VR;13152;OPTIX R DISPERSS x 1 kg;61,00;;
VR;13153;BANVEL S x 1 lt;342,00;;
VR;13153;BANVEL S x 5 lt;55,00;;
VR;13153;BANVEL S;18,00;;
VR;13154;MONDAK 480S LT.1 -CLP-;67,00;;
VR;13154;MONDAK 480 S;33,00;;
VR;13158;REMEDIER;947,00;;
VR;13158;REMEDIER DA KG. 1x10;334,00;;
VR;13158;REMEDIER X KG.1;73,00;;
VR;13158;REMEDIER x 1;71,00;;
VR;13160;FORUM TOP DA KG. 10 (Xn);1.890,00;;
VR;13160;FORUM TOP;1.140,00;;
VR;13166;SPINNER WG;263,00;;
VR;13167;POMARSOL 80 WG;5.101,00;;
VR;13167;POMARSOL 80 WG DA KG. 10 (Xn);490,00;;
VR;13167;POMARSOL 80 WG REG.13167 KG.10-CLP-;150,00;;
VR;13167;POMARSOL 80 WG DA KG. 1x12 (Xn;128,00;;
VR;13167;POMARSOL 80 WG X KG.10;110,00;;
VR;13167;POMARSOL 80 WG X KG.1;70,00;;
VR;13167;POMARSOL 80WG REG.13167 KG.1;34,00;;
VR;13168;LAUDIS;1.540,00;;
VR;13168;LAUDIS x 5 lt;620,00;;
VR;13168;LAUDIS x 1 lt;210,00;;
VR;13168;LAUDIS DA LT. 5;50,00;;
VR;13168;LAUDIS DA LT. 1x12;15,00;;
VR;13168;LAUDIS LT.5;5,00;;
VR;13171;ALLIANCE;15,30;;
VR;13172;CREW 40 OD;5,00;;
VR;13186;TITUS MAIS EXTRA;40,52;;
VR;13186;TITUS MAIS  EXTRA DA GR.160x10;30,00;;
VR;13186;TITUS MAIS EXTRA x 160 gr;0,64;;
VR;13186;TITUS MAIS EXTRA GR.160-CLP-;0,64;;
VR;13205;ZOLFO MANICA SCORREVOLE DOPPIO RAFF;34.340,00;;
VR;13205;ZOLFO SCORR. KG. 25 MANICA;6.225,00;;
VR;13205;ZOLFO MANICA SCORREVOLE DOPPIO RAFFINATO;1.575,00;;
VR;13205;ZOLFO SCORR.DOPP.RAF. x 25 kg;1.325,00;;
VR;13205;ZOLFO SCORREVOLE MANICA 95% X KG.25;1.200,00;;
VR;13205;;750,00;;
VR;13205;ZOLFO SCORR. KG. 10 MANICA;590,00;;
VR;13211;ZOLFO MIN. VENT.SC 96% KG.25;1.450,00;;
VR;13211;ZOLFO DOPPIO VENTILATO SC. 96%;1.275,00;;
VR;13212;CONFIDOR 200 O-TEQ;63,73;;
VR;13212;CONFIDOR 200 O-TEQ x 0,5 lt;8,00;;
VR;13212;CONFIDOR 200 O-TEQ x 2 lt;4,00;;
VR;13213;R6 ERRESEI ALBIS;6.813,00;;
VR;13213;R6 ALBIS DA KG. 10;3.840,00;;
VR;13213;R6 ERRESEI ALBIS x 10 kg;3.030,00;;
VR;13213;ERRE SEI ALBIS;824,00;;
VR;13213;R6 ERRESEI ALBIS x 1 kg;246,00;;
VR;13213;R6 ALBIS DA KG. 1x12;1,00;;
VR;13213;R6 ERRESEI ALBIS KG.1;1,00;;
VR;13218;FINALSAN PLUS;2.693,00;;
VR;13222;DUOKAR 4,5 EW PRO;755,00;;
VR;13225;AGRIDIF;60,00;;
VR;13227;FUNGURAN-OH 250 SC;493,00;;
VR;13236;BULLET;671,00;;
VR;13238;TOPAZIO;22,00;;
VR;13242;NICOGAN V.O.;496,00;;
VR;13244;ZOLFO VENTILATO STELLA;29.244,00;;
VR;13244;ZOLFO VENTILATO SCORR. X KG.25;6.825,00;;
VR;13244;ZOLFO STELLA VENTILATO;1.500,00;;
VR;13244;ZOLFO VENT. SCORR. KG. 10 MORM;550,00;;
VR;13244;ZOLFO VENTILATO SCORR. X KG.10;10,00;;
VR;13249;ZOLFO VENT.STELLA RAMATO 5% x 25 kg;32.800,00;;
VR;13249;ZOLFO VENTILATO RAMATO 5% X KG.25;8.725,00;;
VR;13249;ZOLFO VENTILATO STELLA RAMATO S;6.775,00;;
VR;13250;ZOLFO VENTILATO STELLA RAMATO B;2.725,00;;
VR;13254;PLAYER 25 WG;70,00;;
VR;13255;PLAYER GR;85,00;;
VR;13261;;20,00;;
VR;13263;BORDORAM 20 WG;50,80;;
VR;13267;IMPERO;216,50;;
VR;13285;SEVERAL;26,06;;
VR;13290;ZOLFO MANICA DOPPIO RAFFINATO VENTI;17.345,00;;
VR;13290;ZOLFO RAMATO 3% DRV MANICA X 25;100,00;;
VR;13290;ZOLFO RAM. 3% NEW KG.10 MANICA;10,00;;
VR;13292;ZOLFO A&A F.ZANUCCOLI TRIV.93% x 25;20.525,00;;
VR;13292;ZOLFO A. e A. F.LLI ZANUCCOLI TRIVE;1.475,00;;
VR;13292;ZOLFO A.e A. F.LLI ZANUCCOLI TRIVEN;60,00;;
VR;13292;ZOLFO TRIV. 93% S DA KG.10 ZAN;33,10;;
VR;13292;ZOLFO A.&A. F.LLI ZANUCCOLI TRIVENT;30,00;;
VR;13296;POKER 7,5;1.510,00;;
VR;13296;POKER 7.5 X KG.10;200,00;;
VR;13296;POKER 7.5 X KG.1;32,00;;
VR;13297;TRAPPER GR;28,00;;
VR;13298;QUANTUM F DA KG. 5 (Xn);3.295,00;;
VR;13299;MAGIO';217,00;;
VR;13299;"MAGIO 39;";170,00;;
VR;13307;BERLINA;78,00;;
VR;13308;DICARZOL 10 SP;87,00;;
VR;13308;DICARZOL 10 SP S.I. REG.13308 KG.5;35,00;;
VR;13313;CASPER;33,00;;
VR;13313;CASPER x 1 kg;30,00;;
VR;13313;CASPER DA KG. 1x10;2,00;;
VR;13314;CABRIO EC;61,00;;
VR;13316;MERLIN GOLD DA LT. 1x12 (Xn);1,00;;
VR;13323;SULFY 80 WDG;396,80;;
VR;13323;ZAPI SULFY OIDIO ZOLFO WDG 1 KG;74,00;;
VR;13327;GRANSTAR ULTRA SX;135,05;;
VR;13327;GRANSTAR ULTRA SX x 50 gr;39,35;;
VR;13327;GRANSTAR ULTRA SX DA GR.200x10;12,00;;
VR;13327;GRANSTAR ULTRA SX x 200 gr;3,00;;
VR;13329;OMNEX 10 EC;746,00;;
VR;13332;VIP;25,00;;
VR;13352;DIREX 7,5 GR;661,00;;
VR;13352;DIREX 7,5 GR 1KG;6,00;;
VR;13356;AGRIZOLE;326,00;;
VR;13361;DECIS ENERGY O-TEQ LT.1;76,00;;
VR;13361;DECIS ENERGY O-TEQ;61,65;;
VR;13361;DECIS ENERGY O-TEQ x 1 lt;21,00;;
VR;13361;DECIS ENERGY O-TEQ LT.1-CLP-;12,00;;
VR;13361;BAYER DECIS ENERGY O-TEC 100 ML;7,00;;
VR;13361;DECIS ENERGY O-TEQ DA LT. 1x12;6,00;;
VR;13361;DECIS ENERGY O-TEQ LT.0,250x20;1,75;;
VR;13365;ZOLFO DOPPIO VENTILATO SCORREVOLE 9;33,00;;
VR;13367;DIVO;293,00;;
VR;13367;DIVO DA LT. 1x12 (Xn);38,00;;
VR;13367;DIVO X 1;4,00;;
VR;13370;WARRANT 200 SL;765,65;;
VR;13370;WARRANT 200 SL LT.1-CLP-;90,00;;
VR;13370;WARRANT 200 SL x 1 lt;39,00;;
VR;13375;NUPRID 200 SC x 1 lt;1.019,00;;
VR;13375;NUPRID 200 SC;493,75;;
VR;13375;NUPRID 200 SC x 0,25 lt;22,00;;
VR;13378;ORTIVA TOP;73,00;;
VR;13378;ORTIVA TOP x 1 lt;20,00;;
VR;13378;ORTIVA TOP REG.13378 LT.1 -CLP-;15,00;;
VR;13382;PERGADO SC;2.430,50;;
VR;13382;PERGADO SC x 0,5 lt;397,50;;
VR;13382;PERGADO SC DA LT. 1x12;254,00;;
VR;13382;PERGADO SC ML.500-CLP-;163,00;;
VR;13382;PERGADO SC X 1 (+ ZOMINEX);80,00;;
VR;13382;PERGADO SC LT.1 -CLP-;11,00;;
VR;13382;PERGADO SC DA LT. 0,500x20;9,00;;
VR;13386;PROSARO;1.761,00;;
VR;13386;PROSARO DA LT. 1x12 (Xn);37,00;;
VR;13386;PROSARO REG.13386 LT.1;7,00;;
VR;13387;FLORAMIX x 0,530 kg;218,89;;
VR;13387;FLORAMIX;25,97;;
VR;13389;AFFIRM;49.684,10;;
VR;13389;AFFIRM x 10 kg;20.940,00;;
VR;13389;AFFIRM DA KG. 10;7.080,00;;
VR;13389;AFFIRM x 5 kg;4.883,00;;
VR;13389;AFFIRM DA KG. 5x4;4.070,00;;
VR;13389;AFFIRM X KG.10;3.060,00;;
VR;13389;AFFIRM x 1 kg;1.613,00;;
VR;13389;AFFIRM X KG.5;1.445,00;;
VR;13389;AFFIRM DA KG. 1x10;675,00;;
VR;13389;AFFIRM X KG.1;319,00;;
VR;13389;AFFIRM KG.10 -CLP-;170,00;;
VR;13389;AFFIRM KG.5-CLP-;135,00;;
VR;13389;AFFIRM KG.1 -CLP-;77,00;;
VR;13390;TEBUSIP 46;101,00;;
VR;13391;CYTHRIN 50 EC;31,04;;
VR;13394;IMIDASECT;92,00;;
VR;13402;LUMA-KL;1.006,00;;
VR;13403;GLOXY;3,00;;
VR;13409;SILFUR WG;14.418,00;;
VR;13409;SILFUR WG (80%) x 10 kg;8.580,00;;
VR;13409;SILFUR WG DA KG. 10 (Xn);2.650,00;;
VR;13409;SILFUR 80 WG X KG.10;810,00;;
VR;13409;SILFUR WG (80%) x 1 kg;748,00;;
VR;13409;SILFUR WG (80%) x 20 kg;260,00;;
VR;13409;SILFUR WG DA KG. 1x12 (Xn);178,00;;
VR;13410;FRUTTENE 76 WG;3.281,00;;
VR;13410;FRUTTENE 76 WG REG.13410 KG.1;28,00;;
VR;13410;FRUTTENE 76 WG X KG.1;21,00;;
VR;13414;ARES 5 SC;154,20;;
VR;13430;TENOR SC;24,40;;
VR;13440;SATEL;1.067,70;;
VR;13443;FUNGIBEN;0,95;;
VR;13447;HELMSTAR 75 WG;0,55;;
VR;13451;SPARVIERO;13,25;;
VR;13455;ANTIGRAM GOLD;6.662,00;;
VR;13455;ANTIGRAM GOLD x 1 lt;61,00;;
VR;13455;ANTIGRAM GOLD x 5 lt;50,00;;
VR;13455;ANTIGRAM GOLD LT. 5x4;50,00;;
VR;13455;ANTIGRAM GOLD LT. 1x12;32,00;;
VR;13466;SPOTLIGHT PLUS;1.972,00;;
VR;13466;SPOTLIGHT PLUS DA LT. 5x4;400,00;;
VR;13466;SPOTLIGHT PLUS X LT.1;68,00;;
VR;13466;SPOTLIGHT PLUS X LT.5;65,00;;
VR;13466;SPOTLIGHT PLUS x 0,5 lt;33,00;;
VR;13466;SPOTLIGHT PLUS x 1 lt;20,00;;
VR;13466;;18,00;;
VR;13466;SPOTLIGHT PLUS LT.1 -CLP-;9,00;;
VR;13466;SPOTLIGHT PLUS DA LT. 1x10;4,00;;
VR;13468;CLINER;20,15;;
VR;13468;CLINER ML 100;2,10;;
VR;13472;ALIEN;51,00;;
VR;13477;TOREADOR;165,69;;
VR;13482;IMIDACHEM;43,00;;
VR;13485;;2.500,00;;
VR;13485;FOLPEC 80 WG ADVANCE;760,00;;
VR;13486;JUDO DA LT. 1x12 (Xn);14,00;;
VR;13489;CYMBAL;1.739,00;;
VR;13489;CYMBAL GR.500 (ANTIPERONOSPORICO);530,00;;
VR;13489;CYMBAL  KG.0,500-CLP-;244,00;;
VR;13489;CYMBAL 45 WG x 0,5 kg;170,50;;
VR;13500;CIPREN 10 WG;0,60;;
VR;13505;CLICK DUO;159,00;;
VR;13505;CLICK DUO X LT.5;60,00;;
VR;13521;HELIOCUIVRE S;2.202,40;;
VR;13521;HELIOCUIVRE S DA LT. 10;1.910,00;;
VR;13521;HELIOCUIVRE S x 10 lt;1.090,00;;
VR;13521;HELIOCUIVRE S X LT.10;180,00;;
VR;13522;SPIDER KILL;0,14;;
VR;13536;SAFRAN x 1 lt;4,00;;
VR;13536;;3,00;;
VR;13540;QUASAR R FLOW;41,25;;
VR;13542;FANTIC M NC;3.001,00;;
VR;13542;FANTIC M NC X KG.5;10,00;;
VR;13546;FLARE GOLD MZ PEPITE;55,00;;
VR;13547;MEXIL ORO MZ WG;2.812,00;;
VR;13552;ZOLVIS 80 SECTOR;47.512,40;;
VR;13552;ZOLFIS 80 SECTOR;150,00;;
VR;13555;SHUT TWIN;1.193,00;;
VR;13559;NEXOL 200 EW;2,00;;
VR;13560;FORZA;614,00;;
VR;13560;FORZA DA KG. 1x10 (Xn);74,00;;
VR;13565;PASTA ISAGRO BLU;74,00;;
VR;13576;RAMEPLANT WG;694,40;;
VR;13577;CARPOSAN 40 CE;896,00;;
VR;13578;RAME CAFFARO BLU WG NEW  KG.20-CLP-;540,00;;
VR;13578;RAME CAFFARO BLU WG NEW;380,00;;
VR;13578;RAME CAFFARO BLU WG NEW X KG.10;290,00;;
VR;13578;RAME CAFFARO BLU WG NEW X KG.20;40,00;;
VR;13579;COPPER 12;32,50;;
VR;13581;TIOGEL 80 WDG;16,00;;
VR;13581;TIOGEL 80 WDG 1KG;4,00;;
VR;13585;SOLOFOL;18.540,00;;
VR;13585;SOLOFOL X KG.10;6.420,00;;
VR;13585;SOLOFOL X KG.5;25,00;;
VR;13586;ZAPI VERDERAME 20 WG 800 GR.;476,80;;
VR;13586;VERDERAME 20 WG;130,10;;
VR;13592;VOLARE;2.474,41;;
VR;13592;VOLARE LT.1-CLP-;845,00;;
VR;13592;VOLARE x 1 lt;236,00;;
VR;13593;TELLUS;80,00;;
VR;13607;NOBIL;2,00;;
VR;13610;CLINIC SPECTRUM;70,00;;
VR;13612;BABEL 400;69,00;;
VR;13631;CYPLAN 5 EC;129,00;;
VR;13635;POLTIGLIA 20 PB MANICA;465,00;;
VR;13635;POLTIGLIA BORDOLESE MANICA 20;220,00;;
VR;13635;POLTIGLIA BORD.20 PB X 25(MANICA);200,00;;
VR;13635;POLTIGLIA 20PB MANICA KG.1 -CLP-;1,00;;
VR;13635;POLTIGLIA BORDOLESE 20 PB x 1;1,00;;
VR;13637;PERGADO F;112,00;;
VR;13637;PERGADO F DA KG. 5x4 (Xn);45,00;;
VR;13637;PERGADO F X KG.5;15,00;;
VR;13639;ACRAMITE 480 SC;124,00;;
VR;13639;ACRAMITE 480 SC x 0,250 lt;88,00;;
VR;13639;ACRAMITE 480SC;20,00;;
VR;13639;ACRAMITE 480 SC DA LT.0,250x10;3,25;;
VR;13639;ACRAMITE 480 SC x 0,100 lt;3,10;;
VR;13640;IMPRINT;178,25;;
VR;13647;NEORAM BLU WG;43,00;;
VR;13648;SIARAM 20 WG x 20 kg;7.920,00;;
VR;13648;SIARAM 20 WG x 10 kg;280,00;;
VR;13648;SIARAM 20 WG X KG.10;260,00;;
VR;13648;SIARAM 20 WG X KG.20;220,00;;
VR;13648;SIARAM 20 WG x 1 kg;139,00;;
VR;13648;SIARAM 20 WG X KG.1;6,00;;
VR;13651;SPECTRO;34,10;;
VR;13671;SPONIX FLOW;1.984,00;;
VR;13672;APHIDS 200;51,00;;
VR;13687;;54,00;;
VR;13687;BURT;29,00;;
VR;13689;FLINT MAX;278,00;;
VR;13689;FLINT MAX DA KG. 0,500x12 (Xn);162,50;;
VR;13689;FLINT MAX x 0,5 kg;111,50;;
VR;13691;TRIDAN COMBI T;266,00;;
VR;13693;BACILLUS CHEMIA;74,00;;
VR;13697;ZOLFO A.&A. F.LLI ZANUCCOLI TRIVENT;5.725,00;;
VR;13697;ZOLFO TRIV. RAM.1,5 KG. 25 ZAN;57,60;;
VR;13697;ZOLFO TRIV. RAM.1,5 KG. 10 ZAN;1,00;;
VR;13698;VIVANDO;1.839,20;;
VR;13698;VIVANDO DA LT. 1x10;620,00;;
VR;13698;VIVANDO x 1 lt;196,00;;
VR;13698;VIVANDO DA LT. 0,250x24;183,25;;
VR;13698;VIVANDO 50 SC X LT.1;124,00;;
VR;13698;;12,25;;
VR;13698;VIVANDO x 0,25 lt;6,50;;
VR;13698;VIVANDO LT.1-CLP-;1,00;;
VR;13701;RUBIN SX;117,80;;
VR;13702;GEOTOX 7,5 C;10.644,50;;
VR;13707;IMPACT SUPREME;1.207,00;;
VR;13707;IMPACT SUPREME LT.1 -CLP-;6,00;;
VR;13709;U 46 PRATI;431,00;;
VR;13709;U 46 PRATI x 1 lt;57,00;;
VR;13711;QUIZA 5 EC;6.352,00;;
VR;13716;CAPTAN ARVESTA 80 WG X KG.10;12.520,00;;
VR;13716;CAPTAN ARVESTA 80 WG;6.607,00;;
VR;13719;THIAMON 80 PLUS;3.584,00;;
VR;13721;AFIDINA QUICK;475,50;;
VR;13722;CAL-EX 1.9 EC;1.524,00;;
VR;13722;CAL-EX 1.9 EC x 1 lt;27,00;;
VR;13736;TRACE;576,09;;
VR;13736;TRACE   x 0,750;159,00;;
VR;13736;TRACE DA LT. 0,750x12 (Xn);156,00;;
VR;13736;TRACE ML.750-CLP-;18,75;;
VR;13741;SELECTA DISPERSS X 1;547,00;;
VR;13741;SELECTA DISPERSS;498,00;;
VR;13741;SELECTA DISPERSS DA KG. 1x12;397,00;;
VR;13741;SELECTA DISPERSS X KG 1;55,00;;
VR;13742;PERGADO MZ;501,00;;
VR;13742;PERGADO MZ REG.13742 KG.10-CLP-;300,00;;
VR;13742;PERGADO MZ X KG.5;285,00;;
VR;13742;PERGADO MZ x 10 kg;270,00;;
VR;13742;PERGADO MZ REG.13742 KG.5-CLP-;90,00;;
VR;13742;PERGADO MZ DA KG. 5x4 (Xn);35,00;;
VR;13742;PERGADO MZ REG.13742 KG.1-CLP-;33,00;;
VR;13743;KUKAR 22;905,00;;
VR;13743;KUKAR 22 DA LT. 1x10;192,00;;
VR;13758;OPTIX WG DA KG. 1x12;20,00;;
VR;13765;SHERPA 100 EW;90,00;;
VR;13771;NIMROD 250 EW;2.623,00;;
VR;13771;NIMROD 250 EW DA LT. 1x12;1.108,00;;
VR;13771;NIMROD 250 EW x 1 lt;677,00;;
VR;13771;NIMROD 250 EW X LT.1;487,00;;
VR;13771;NIMROD 250EW LT.1;2,00;;
VR;13775;VITASAN 80 WP;100,00;;
VR;13782;DOURO 10 WG;124,00;;
VR;13785;QUANTUM MZ DA KG. 5x4 (Xn);2.240,00;;
VR;13785;QUANTUM MZ;305,00;;
VR;13785;QUANTUM MZ (IDRO) x 5 kg;160,00;;
VR;13785;QUANTUM MZ x 5 kg;25,00;;
VR;13786;QUANTUM R;6.872,00;;
VR;13786;QUANTUM R DA KG. 5x4;2.415,00;;
VR;13786;QUANTUM R DA KG. 1x10;14,00;;
VR;13787;RIVIERA R;65,00;;
VR;13791;GEATER-STAR;11,00;;
VR;13792;STABILAN;681,00;;
VR;13793;RUNNER M;1.307,00;;
VR;13794;SPADA WDG;4.804,00;;
VR;13794;SPADA WDG x 5 kg;480,00;;
VR;13794;SPADA WDG X KG.1;160,00;;
VR;13794;SPADA WDG X KG 5;100,00;;
VR;13796;CELL;302,00;;
VR;13796;CELL DA LT. 1x12 (Xn);22,00;;
VR;13797;ELIOS WG;111,00;;
VR;13799;RAMEDIT BLU WG 32% X KG.20;20,00;;
VR;13799;RAMEDIT BLU WG 32% X KG.1;13,00;;
VR;13799;RAMEDIT BLU WG 32% X KG.10;10,00;;
VR;13807;RAVENAS x 0,250;26,75;;
VR;13807;RAVENAS;25,75;;
VR;13812;NOTO 40 OD;919,00;;
VR;13815;TUTOR 18-15;4.615,00;;
VR;13815;TUTOR 18-15 PB X KG.5;865,00;;
VR;13815;TUTOR 18-15 KG. 5;730,00;;
VR;13817;ALIAL WG;2.423,00;;
VR;13817;ALIAL WG x 1 kg;21,00;;
VR;13817;ALIAL WG x 10 kg;20,00;;
VR;13817;ALIAL WG KG.10;10,00;;
VR;13818;ALIAL TRIPLE WP;11,00;;
VR;13820;BAYTEROID 25 EC LT. 1x12 (Xn);361,00;;
VR;13820;BAYTEROID 25 EC;345,00;;
VR;13820;BAYTEROID 25 EC REG.13820 LT.1;1,00;;
VR;13820;BAYTEROID 25EC REG.13820 LT.1-CLP-;1,00;;
VR;13823;ALVERDE;439,68;;
VR;13823;ALVERDE x 1 lt;60,00;;
VR;13823;ALVERDE LT.1-CLP-;30,00;;
VR;13823;ZAPI DORIFORA E LEPID. ALVERDE 10 M;4,20;;
VR;13823;ZAPI DORIFORA E LEPID. ALVERDE 50 M;0,55;;
VR;13824;DARCOS;1,00;;
VR;13837;SILWET L-77;692,50;;
VR;13838;XEDAVIR;515,00;;
VR;13840;CYD-X;5,25;;
VR;13843;ZELIG 480 EC;13.429,00;;
VR;13843;ZELIG 480 EC X LT.5;1.430,00;;
VR;13843;ZELIG 480 EC x 5 lt;1.060,00;;
VR;13843;ZELIG 480 EC DA LT. 5x4 (Xn);915,00;;
VR;13843;ZELIG 480 EC X LT.1;447,00;;
VR;13843;ZELIG 480 EC DA LT. 1x12 (Xn);352,00;;
VR;13843;ZELIG 480 EC x 1 lt;139,00;;
VR;13852;DIQUA;385,00;;
VR;13852;DIQUA DA LT. 5x4 (T);290,00;;
VR;13857;CRODIX GEO;2.630,00;;
VR;13857;CRODIX GEO KG.10;120,00;;
VR;13858;MEDIATOR EXTRA SL;32,32;;
VR;13859;MADEX 100;31,80;;
VR;13859;MADEX 100 X O,100;0,50;;
VR;13876;APACHE;8,00;;
VR;13877;KITT PRONTO;79,00;;
VR;13885;MICROCOPP NEUTRO FL;2.550,00;;
VR;13888;FANTIC F NC WG;2.135,00;;
VR;13889;EUCRIT PI  MZ x 5 kg;10,00;;
VR;13899;ASCO 45 WG;1,00;;
VR;13899;ASCO 45 WG%;0,50;;
VR;13900;PRORAM HI TECH;8.052,00;;
VR;13900;;2.390,00;;
VR;13901;VERDERAME 20 PB;3,25;;
VR;13905;BANJO;7.376,00;;
VR;13905;BANJO x 1 lt;4.088,00;;
VR;13905;BANJO DA LT. 1x12;815,00;;
VR;13905;BANJO X LT.1;377,00;;
VR;13905;BANJO (Nuova Etichetta Pero) x 1 lt;215,00;;
VR;13908;BORDO ISAGRO WG;5.330,00;;
VR;13908;BORDO ISAGRO WG X KG.20;3.240,00;;
VR;13913;ORIUS P;735,00;;
VR;13925;BOGARD x 0,5 lt;721,00;;
VR;13925;BOGARD;3,50;;
VR;13926;SPONSOR;65,50;;
VR;13927;ZAMIR 18;13,50;;
VR;13929;;450,00;;
VR;13931;GEREPHON SL;57,00;;
VR;13931;GEREPHON SL LT.1 (2  XN);29,00;;
VR;13934;SULFOSAT WDG;950,00;;
VR;13943;SINPHOSATE;8.680,00;;
VR;13943;SINPHOSATE x 20 lt;8.060,00;;
VR;13943;SINPHOSATE X LT.20;900,00;;
VR;13955;MITIGREEN;567,00;;
VR;13981;CORAGEN;2.314,21;;
VR;13981;CORAGEN x 0,300 lt;769,20;;
VR;13981;CORAGEN DA LT. 0,500x20;95,50;;
VR;13981;CORAGEN DA LT. 0,300x20;93,90;;
VR;13981;CORAGEN x 0,400 (+AVAUNT)TW.P MAIS;70,00;;
VR;13981;CORAGEN ML.500-CLP-;68,50;;
VR;13981;CORAGEN ML.300-CLP-;14,40;;
VR;13981;CORAGEN  ML.300;5,40;;
VR;13981;CORAGEN ML.400 -TWIN PACK MAIS-;1,20;;
VR;13998;PYRUS 400 SC;637,25;;
VR;13998;PYRUS 400 SC DA LT. 1x12;56,00;;
VR;13998;PYRUS 400 SC X LT.1;47,00;;
VR;13999;FEZAN;5,50;;
VR;14005;CLORTOSIP 500 SC;1.518,00;;
VR;14005;CLORTOSIP 500 SC x 5 lt;335,00;;
VR;14005;CLORTOSIP 500 SC REG.14005 LT.5;95,00;;
VR;14005;CLORTOSIP 500 SC x 1 lt;59,00;;
VR;14005;CLORTOSIP 500 SC REG.14005 LT.1-CLP;31,00;;
VR;14006;INDIPENDENT 25 PB;16,00;;
VR;14018;BASIC;4,00;;
VR;14020;LIDAL;3,00;;
VR;14021;BREK DUO;652,00;;
VR;14023;SUPPORT 100 EC x 1 lt;60,00;;
VR;14023;SUPPOST 10 EC;18,00;;
VR;14023;SUPPORT 10 EC;12,00;;
VR;14034;CURENOX TOP MICRO;21,60;;
VR;14042;SUPRAFOS EC DA LT. 5x4;300,00;;
VR;14042;SUPRAFOS EC;144,00;;
VR;14042;SUPRAFOS EC DA LT. 1x10;11,00;;
VR;14043;SUPRAFOS WG KG.1;11,00;;
VR;14043;SUPRAFOS WG KG.5;5,00;;
VR;14044;JOKER 480 x 1 lt;231,00;;
VR;14052;PRODEO 80 WG DA KG. 1x10;154,00;;
VR;14052;HALLIG 80 WG;55,00;;
VR;14052;PRODEO 80 WG;15,00;;
VR;14058;FEINZIN 70 DF;1.626,75;;
VR;14058;FEINZIN 70DF GR.250 -CLP-;37,75;;
VR;14058;FEINZIN 70 DF DA KG. 0,250x20;29,00;;
VR;14058;FEINZIN 70 DF x 0,250 kg;1,75;;
VR;14061;TRIANUM-P;2.427,00;;
VR;14061;TRIANUM - P;10,50;;
VR;14062;ZOXIUM 240 SC;2.296,50;;
VR;14062;ZOXIUM 240 SC DA LT. 1x10;1.052,00;;
VR;14062;ZOXIUM 240 SC DA LT. 5x4;540,00;;
VR;14062;ZOXIUM 240 SC x 1 lt;539,00;;
VR;14062;ZOXIUM 240 SC X LT.1;477,00;;
VR;14062;;131,00;;
VR;14062;ZOXIUM 240 SC LT.1-CLP-;41,00;;
VR;14062;ZOXIUM240 SC;10,00;;
VR;14062;ZOXIUM 240 SC  LT.5-CLP-;5,00;;
VR;14074;TRINEX 250 EW;575,00;;
VR;14074;TRINEX 250 EW x 1 lt;90,00;;
VR;14074;KOL TRINEX 250 EW 250 ML. PER OIDIO;9,00;;
VR;14074;KOL TRINEX 250 EW 100 ML. PER OIDIO;8,60;;
VR;14076;CYPRUS 25 DF;7.649,10;;
VR;14077;CHAMP 20 DF x 10 kg;24.370,00;;
VR;14077;CHAMP 20 DF;12.018,00;;
VR;14077;CHAMP 20 DF DA KG. 10;5.830,00;;
VR;14080;MIZAR DA LT. 1x12;5,00;;
VR;14085;PUNTIL MZ;2.720,00;;
VR;14091;APHOX;84,00;;
VR;14093;ANTARKTIS DA LT. 1x12;221,00;;
VR;14098;CRITTOX GD 75 x 10 kg;8.300,00;;
VR;14099;ASPOR WDG;27.610,00;;
VR;14099;ASPOR WDG X KG.10;600,00;;
VR;14099;ASPOR WDG DA KG. 10 (Xn);90,00;;
VR;14100;KANEMITE;70,90;;
VR;14100;KANEMITE DA LT. 1;24,00;;
VR;14101;CARAMBA x 1 lt;2.480,00;;
VR;14101;CARAMBA;97,00;;
VR;14102;BORDOFLOW NEW;31.220,00;;
VR;14102;BORDOFLOW NEW DA LT. 10;2.180,00;;
VR;14102;BORDOFLOW NEW X LT.10;1.230,00;;
VR;14102;;250,00;;
VR;14119;VISIR PENCOTECH;406,00;;
VR;14123;ZETARAM NEW TECH;3.240,00;;
VR;14127;MEVAXIL COBRE;415,00;;
VR;14128;ZIGNAL;2.266,00;;
VR;14128;ZIGNAL DA LT. 1x12;20,00;;
VR;14135;GRENADIER 75 DF;6,23;;
VR;14136;OBERON DA LT. 0,500x20;307,50;;
VR;14136;OBERON;164,00;;
VR;14136;OBERON x 0,5 lt;21,00;;
VR;14137;ALTACOR;318,40;;
VR;14137;ALTACOR x 100 gr;23,30;;
VR;14137;ALTACOR x 300 gr;20,00;;
VR;14137;ALTACOR DA KG. 0,300x10;3,60;;
VR;14137;ALTACOR  GR.300;1,50;;
VR;14137;ALTACOR GR.100-CLP-;0,10;;
VR;14154;BAYER PIRETRO ACTIGREEN ML 20;102,00;;
VR;14154;BAYER NATRIA PIRETRO ACTIGREEN 100M;15,00;;
VR;14154;PIRETRO ACTIGREEN;13,78;;
VR;14155;KOMPASS X LT.10;770,00;;
VR;14155;KOMPASS x 10 kg;220,00;;
VR;14156;CURZATE R WG KG.10 -CLP-;1.130,00;;
VR;14156;CURZATE R WG;1.021,00;;
VR;14156;CURZATE R WG  KG.10;20,00;;
VR;14156;CURZATE R WG KG.1-CLP-;3,00;;
VR;14156;CURZATE R WG KG.1;2,00;;
VR;14158;CHLORCYRINE 550 EC;193,00;;
VR;14164;TRIKA ZETA;33,00;;
VR;14165;NANDO MAXI;1.519,00;;
VR;14165;NANDO MAXY x 1 lt;1.322,00;;
VR;14165;NANDO MAXI DA LT. 1x12 (Xn);219,00;;
VR;14166;ZETOR;4.753,00;;
VR;14166;ZETOR X LT.1;4.124,00;;
VR;14166;ZETOR DA LT. 5x4 (Xn);365,00;;
VR;14166;ZETOR DA LT. 1x12 (Xn);211,00;;
VR;14166;ZETOR x 5 lt;10,00;;
VR;14166;ZETOR x 1 lt;5,00;;
VR;14168;SILWET VELONEX;927,00;;
VR;14168;SILWET VELONEX x 1 lt;386,00;;
VR;14168;SILWET VELONEX REG.14168 LT.1 -CLP-;111,00;;
VR;14168;SILWET VELONEX REG.14168 LT.1;12,00;;
VR;14168;VELONEX SILWET X LT.1;1,00;;
VR;14169;PERGADO R;3.590,00;;
VR;14169;PERGADO R DA KG. 10;1.930,00;;
VR;14178;TRI-BASE;1.765,60;;
VR;14178;TRI-BASE LT.10 -CLP-;80,00;;
VR;14182;ARES 25 WG;5.485,00;;
VR;14184;GALATAS PLUS;21,00;;
VR;14187;SILWET FASTEX REG.14187 ML.500-CLP-;351,50;;
VR;14187;SILWET FASTEX DA LT.0,500 (Xn);210,00;;
VR;14187;BAGNANTE FASTEX (SILWET) x 0,5 lt;6,00;;
VR;14187;SILWET FASTEX;6,00;;
VR;14190;MAVRIK EW;0,45;;
VR;14193;SARMOX 45 DG;69,95;;
VR;14195;KENDO WITH ZEON TECNOLOGY x 1 lt;741,00;;
VR;14195;KENDO WITH ZEON TECHNOLOGY X LT.1;29,00;;
VR;14195;KENDO WITH ZEON TECHNOLOGY;11,00;;
VR;14208;RELDAN LO;620,00;;
VR;14214;RAPSAN 500 SC;618,00;;
VR;14214;RAPSAN 500 SC x 1 lt;30,00;;
VR;14232;CYTHRIN MAX;22,00;;
VR;14245;GOLEM;46,25;;
VR;14248;CLOR QUICK;429,25;;
VR;14248;ZAPI CLOR QUICK ML 100 UNIV.ABBATT.;5,70;;
VR;14254;BILO 7,5 C;40,00;;
VR;14254;BILO 7,5 C 1KG;7,00;;
VR;14257;UNDERLINE 0,2 G;20,00;;
VR;14262;GREENEX NF;21,84;;
VR;14273;NIFURON;88,00;;
VR;14281;BUCTRIL UNIVERSAL;5,00;;
VR;14285;CUPRAVIT BLU FLOW NF;10,00;;
VR;14290;KOHINOR 200 SL;7.529,78;;
VR;14290;KOHINOR 200 SL X LT.1;1.541,00;;
VR;14290;KOHINOR 200 SL x 1 lt;984,00;;
VR;14290;KOHINOR 200 SL DA LT. 1x12;733,00;;
VR;14290;KOHINOR 200 SL x 0,25 lt;66,50;;
VR;14290;KOL KOHINOR 200SL ML.100;31,50;;
VR;14290;KOL KOHINOR 200SL ML.50;27,75;;
VR;14290;KOL KOHINOR 200 SL DA 5 ML;24,70;;
VR;14290;KOHINOR 200 SL DA LT. 0,250x24;22,50;;
VR;14290;;2,25;;
VR;14290;KOL KOHINOR 200SL ML.1 8F;0,28;;
VR;14294;EXECUTIVE;75,50;;
VR;14294;EXECUTIVE x 100 gr;14,20;;
VR;14294;EXECUTIVE 100GR.-CLP-;4,00;;
VR;14294;EXECUTIVE DA KG. 0,100x10;0,70;;
VR;14294;EXECUTIVE 100GR.;0,10;;
VR;14332;QUBIC MZ PRO;200,00;;
VR;14333;DIMILIN SC-15;75,00;;
VR;14336;NEMATHORIN 150 EC;91,00;;
VR;14336;NEMATHORIN 150 EC x 5 lt;40,00;;
VR;14342;VOLCAN COMBI SC;344,00;;
VR;14342;VOLCAN COMBI SC x 5 lt;60,00;;
VR;14342;VOLCAN COMBI SC x 1 lt;25,00;;
VR;14348;AGRON DA KG. 5;6.210,00;;
VR;14348;AGRON;1.915,00;;
VR;14350;ZOLFO RAMATO 5%;6.675,00;;
VR;14350;ZOLFO RAMATO 5;1.018,00;;
VR;14355;FITO EXPERT;1,70;;
VR;14363;U 46 GIARDEN;7,50;;
VR;14368;RESOLVA 24H;6,00;;
VR;14377;BROS;13,00;;
VR;14386;OLIONET;4,25;;
VR;14387;NERVURE SUPER;196,00;;
VR;14389;DESSICASH 200 SL;612,00;;
VR;14389;DESSICASH 200 SL x 1 lt;33,00;;
VR;14389;DESSICASH 200 SL X LT.1;21,00;;
VR;14405;MERLIN FLEXX;6.414,00;;
VR;14405;MERLIN FLEXX x 10 lt;210,00;;
VR;14405;MERLIN FLEXX x 2 lt;174,00;;
VR;14405;MERLIN FLEXX DA LT. 10x2;90,00;;
VR;14405;MERLIN FLEXX DA LT. 2x4;80,00;;
VR;14405;MERLIN FLEXX LT.10;60,00;;
VR;14405;MERLIN FLEXX LT.10-CLP-;60,00;;
VR;14405;MERLIN FLEXX LT.2;28,00;;
VR;14405;MERLIN FLEXX LT.2-CLP-;8,00;;
VR;14406;LEIMAY;345,50;;
VR;14407;RUNWAY;26,15;;
VR;14407;RUNWAY x 0,5 lt;3,50;;
VR;14409;MOVENTO 48 SC;2.818,80;;
VR;14409;MOVENTO 48 SC DA LT. 5x4;595,00;;
VR;14409;MOVENTO 48 SC x 5 lt;310,00;;
VR;14409;MOVENTO 48 SC x 1 lt;296,00;;
VR;14409;MOVENTO 48 SC DA LT. 1x12;218,00;;
VR;14409;MOVENTO 48 SC X LT.5;100,00;;
VR;14409;MOVENTO 48 SC X LT.1;37,00;;
VR;14409;MOVENTO 48 SC LT.1-CLP-;7,00;;
VR;14411;USTINEX AL;5,00;;
VR;14414;DUSTY;161,50;;
VR;14414;KOL DUSTY OLIO BIANCO EMULS. 150 ML;0,30;;
VR;14418;PULSAR 40 SL;768,00;;
VR;14418;PULSAR 40 SL (Importazione parallela);547,00;;
VR;14418;PULSAR 40 SL (IP) x 5 lt;350,00;;
VR;14418;PULSAR 40 SL (IP) x 1 lt;193,00;;
VR;14418;PULSAR 40 SL (IMPORTAZIONE PARALLEL;32,00;;
VR;14418;PULSAR 40SL X LT.1;1,00;;
VR;14419;TRUST SC;3,50;;
VR;14421;GROCER TECH SC;10,00;;
VR;14423;PRIMISOL 80 WDG;359,20;;
VR;14423;PRIMOSOL 80 WDG;120,00;;
VR;14426;GEODIS;57,00;;
VR;14426;GEODIS KG.1 -CLP-;7,00;;
VR;14431;LENTAGRAN 45 WP;137,80;;
VR;14431;LENTAGRAN 45 WP x 1 kg;50,00;;
VR;14431;LENTAGRAN 45 WP GR.200;23,80;;
VR;14431;LENTAGRAN 45WP KG.1 -CLP-;11,00;;
VR;14431;LENTAGRAN 45WP KG.1;2,00;;
VR;14431;LENTAGRAN X KG.1;1,00;;
VR;14432;METRIC;488,00;;
VR;14434;NUANCE;46,50;;
VR;14441;VALZER SC;184,00;;
VR;14462;KOBAN T;1.870,00;;
VR;14468;ROMIN T;930,00;;
VR;14469;ROMIN 600;2.875,00;;
VR;14469;ROMIN 600  X 5;5,00;;
VR;14474;TEBUSIP COMBI;1.435,60;;
VR;14488;ANTRACOL 70 WG;13.193,00;;
VR;14488;ANTRACOL 70 WG x 10 kg;8.280,00;;
VR;14488;ANTRACOL 70 WG DA KG. 10 (Xn);1.700,00;;
VR;14488;ANTRACOL WG70 REG.14488 KG.10-CLP-;20,00;;
VR;14488;ANTRACOL 70WG REG.14488 KG.1;6,00;;
VR;14488;ANTRACOL 70 WG KG. 1x12 (Xn);3,00;;
VR;14491;KUBIK MCZ;155,00;;
VR;14491;QUBIC MZ DA KG. 10 (Xn);130,00;;
VR;14495;BIO-FUTUR x 1 lt;4,00;;
VR;14510;ELECTIS TRIO;363,00;;
VR;14514;BOOSTER;2,00;;
VR;14516;JAVA F;13,00;;
VR;14523;CARPO 600;465,50;;
VR;14525;MAROX SX x 100 gr;26,00;;
VR;14527;SUDOKU TOP;17,00;;
VR;14540;SEPARO;86,00;;
VR;14541;RAVENAS EXTRA;4,00;;
VR;14543;FLUIZOL;32,00;;
VR;14546;PREMIER R;2,00;;
VR;14549;LEPIBACK;22,00;;
VR;14559;AGREE WG;645,00;;
VR;14559;AGREE WG DA KG. 1;15,00;;
VR;14575;TRIMMER SX;47,94;;
VR;14575;TRIMMER SX DA GR. 20x10;6,00;;
VR;14575;TRIMMER SX x 20 gr;0,78;;
VR;14576;CUTRIL EVO;2.020,00;;
VR;14576;CUTRIL EVO X KG.5;70,00;;
VR;14577;FORUM R 3B;9.340,00;;
VR;14577;FORUM R 3B DA KG. 10;3.980,00;;
VR;14577;FORUM R 3B KG.10 -CLP-;670,00;;
VR;14577;FORUM R 3B x 10 kg;190,00;;
VR;14577;FORUM R 3B DA KG. 1x10;87,00;;
VR;14577;FORUM R 3B x 1 kg;55,00;;
VR;14577;FORUM R 3B KG.1 -CLP-;21,00;;
VR;14579;RAMIN 30 DF;153,00;;
VR;14580;ROBO' EC;0,20;;
VR;14582;FENGIB;2,00;;
VR;14629;GAT TESSLA 25 WG x 1 kg;21,00;;
VR;14636;BIOLID UP;4.980,20;;
VR;14636;BIOLID UP DA LT. 5;345,00;;
VR;14636;BIOLID UP LT.5-CLP-;125,00;;
VR;14636;BIOLID UP DA LT. 25;100,00;;
VR;14636;BIOLID UP LT.1 -CLP-;93,00;;
VR;14636;;60,00;;
VR;14636;BIOLID UP LT.25 -CLP-;50,00;;
VR;14636;BIOLID UP LT.1;44,00;;
VR;14638;NETOR;762,00;;
VR;14638;NETOR x 5 lt;200,00;;
VR;14640;OBOKE-SC;646,00;;
VR;14642;RIDOMIL GOLD R WG;24.739,00;;
VR;14642;RIDOMIL GOLD R WG DA KG. 10;15.990,00;;
VR;14642;RIDOMIL GOLD R WG KG.10-CLP-;8.020,00;;
VR;14642;RIDOMIL GOLD R WG X KG.5;1.485,00;;
VR;14642;RIDOMIL GOLD R WG DA KG. 5x4;840,00;;
VR;14642;RIDOMIL GOLD R WG x 10 kg;690,00;;
VR;14642;RIDOMIL GOLD R WG X KG.10;480,00;;
VR;14642;RIDOMIL GOLD R WG KG.5;335,00;;
VR;14642;RIDOMIL GOLD R WG KG.5 -CLP-;225,00;;
VR;14642;RIDOMIL GOLD R WG KG.1-CLP-;78,00;;
VR;14642;RIDOMIL GOLD R WG DA KG. 1x10;64,00;;
VR;14642;RIDOMIL GOLD R WG x 1 kg;34,00;;
VR;14643;CENTIUM 36 CS;603,00;;
VR;14643;CENTIUM 36 CS DA LT. 1x12;37,00;;
VR;14643;CENTIUM 36 CS x 1 lt;20,00;;
VR;14647;VIVAL;38.870,00;;
VR;14650;ROGATOX 40 ST;620,00;;
VR;14650;ROGATOX 40 ST  X 1;2,00;;
VR;14655;VIVER WDG;414,00;;
VR;14660;BTK 32 WG;203,50;;
VR;14664;BERELEX 40 SG BUSTINE GR. 2,5;1.133,00;;
VR;14664;BERELEX 40 SG;115,03;;
VR;14664;BERELEX 40 SG (astuccio 25 gr);1,55;;
VR;14682;KATANA;0,75;;
VR;14684;SUPERBO;1,00;;
VR;14685;ACROBAT R 3B x 10 kg;3.610,00;;
VR;14685;ACROBAT R 3B;130,00;;
VR;14686;KOCIDE OPTI;340,00;;
VR;14686;KOCIDE OPTI DA KG. 5 (Xn);30,00;;
VR;14686;KOCIDE OPTI X KG.5;10,00;;
VR;14687;QUAD-GLOB 200 SL;11.342,00;;
VR;14687;QUAD-GLOB 200 SL x 5 lt;3.185,00;;
VR;14687;QUAD-GLOB 200 SL x 20 lt;2.740,00;;
VR;14687;QUAD-GLOB X LT.10;520,00;;
VR;14687;QUAD-GLOB 200 SL x 1 lt;108,00;;
VR;14687;QUAD-GLOB X LT.1;89,00;;
VR;14693;VIP 80 EC x 0,75 lt;74,25;;
VR;14693;VIP 80 EC;0,75;;
VR;14697;ENERVIN DUO;941,00;;
VR;14697;ENERVIN DUO x 1 lt;126,00;;
VR;14697;ENERVIN DUO x 5 lt;85,00;;
VR;14697;ENERVIN DUO DA LT. 5x4 (Xn);15,00;;
VR;14697;ENERVIN DUO DA LT. 1x10 (Xn);6,00;;
VR;14699;GEOXE;166,50;;
VR;14699;GEOXE x 1 kg;120,00;;
VR;14699;GEOXE DA KG. 1x10;33,00;;
VR;14699;GEOXE 50 WG X KG.1;20,00;;
VR;14699;GEOXE KG.1-CLP-;1,00;;
VR;14728;CELIO;5,75;;
VR;14730;CHIMIGOR 40 ST;2.471,00;;
VR;14735;RANMAN TOP;327,70;;
VR;14735;RANMAN TOP x 2 lt;34,00;;
VR;14737;ROUNDUP PLATINUM;5.702,00;;
VR;14737;ROUNDUP PLATINUM DA LT. 5x4;305,00;;
VR;14737;ROUNDUP PLATINUM DA LT. 15;300,00;;
VR;14737;ROUNDUP PLATINUM LT.15;240,00;;
VR;14737;ROUNDUP PLATINUM X LT.15;120,00;;
VR;14737;ROUNDUP PLATINUM 1L;11,00;;
VR;14739;DECIS PROTECT;326,00;;
VR;14740;DECIS GIARDINO AL PPO;5,20;;
VR;14758;KARATE WITH ZEON TECHNOLOGY 1.5 HOB;20,20;;
VR;14759;SULCOCAP;72,00;;
VR;14759;SULC0CAP;36,00;;
VR;14764;SLUXX;440,00;;
VR;14764;SLUXX KG. 5 (lumachicida bio);255,00;;
VR;14766;ACTARA 240 SC;24,00;;
VR;14766;ACTARA 240SC LT.1-CLP-;20,00;;
VR;14768;CALIBAN TOP;2,40;;
VR;14769;COMET 250 EC;18,00;;
VR;14769;COMET 250 EC DA LT. 1x12 (Xn);15,00;;
VR;14770;MISCANTI DUO;150,00;;
VR;14772;BANDERA;667,00;;
VR;14772;BANDERA DA LT. 1x10;212,00;;
VR;14785;DRISCOLL;61,41;;
VR;14785;DRISCOLL 50 ML (DIFENOCONAZOLO);9,85;;
VR;14792;MELODY TREVI x 8 kg;2.593,00;;
VR;14792;MELODY TREVI x 1 kg;372,00;;
VR;14792;MELODY TREVI;100,00;;
VR;14792;MELODY TREVI X KG.8;16,00;;
VR;14794;MYSTIC CLASS;15,00;;
VR;14796;ATOMINAL 10 EC;18,00;;
VR;14797;SIATTOL 200 SL;186,75;;
VR;14798;DIFLORON 200 SL;0,50;;
VR;14799;AFLOR 200 SL;12,95;;
VR;14799;ZAPI AFICIDA SIST.ML.50 AFLOR 200SL;3,65;;
VR;14799;ZAPI AFICIDA SIST.ML.5 AFLOR 200SL;0,49;;
VR;14802;POSITRON TRIO WG X KG.10;4.780,00;;
VR;14802;POSITRON TRIO WG;590,00;;
VR;14802;POSITRON TRIO WG  X 10;190,00;;
VR;14803;ELECTIS ZR;737,00;;
VR;14803;ELECTIS ZR DA KG. 10;540,00;;
VR;14804;COPPER - DF;17,75;;
VR;14806;LUNA PRIVILEGE;8,00;;
VR;14806;LUNA PRIVILEGE x 1 lt;4,00;;
VR;14806;LUNA PRIVILEGE LT.1 -CLP-;2,00;;
VR;14806;LUNA PRIVILEGE X LT.1;2,00;;
VR;14807;LUZINDO;416,75;;
VR;14807;LUZINDO DA KG. 1x10;68,00;;
VR;14807;LUZINDO x 0,25 kg;27,25;;
VR;14807;LUZINDO KG.1-CLP-;11,00;;
VR;14807;LUZINDO X KG.1;3,00;;
VR;14807;LUZINDO GR.250-CLP-;1,75;;
VR;14808;PROXANIL SC;415,00;;
VR;14809;CUPRAVIT BIO EVOLUTION x 10 kg;10.100,00;;
VR;14809;CUPRAVIT BIO EVOLUTION;4.305,00;;
VR;14809;CUPRAVIT BIO EVOLUTION KG. 10;260,00;;
VR;14809;CUPRAVIT BIO EVOLUTION x 1 kg;206,00;;
VR;14812;ENERVIN TOP WG x 5 kg;21.015,00;;
VR;14812;ENERVIN TOP;1.696,00;;
VR;14812;ENERVIN TOP WG x 1 kg;594,00;;
VR;14812;ENERVIN TOP DA KG. 5x2;75,00;;
VR;14815;ADENGO;9.746,00;;
VR;14815;ADENGO x 10 lt;3.180,00;;
VR;14815;ADENGO x 2 lt;790,00;;
VR;14815;ADENGO LT.10-CLP-;340,00;;
VR;14815;ADENGO DA LT. 10x2;170,00;;
VR;14815;ADENGO DA LT. 2x4;72,00;;
VR;14815;ADENGO X LT.10;60,00;;
VR;14815;ADENGO LT.2-CLP-;44,00;;
VR;14818;ACANTO;390,00;;
VR;14819;VALIS M REG.14819 KG.1;17,00;;
VR;14819;VALIS M REG.14819 KG.10;10,00;;
VR;14826;PYREOS EXTRA SL;5,14;;
VR;14828;NUPRID SUPREME SC x 1 lt;758,00;;
VR;14828;NUPRID SUPREME SC;379,00;;
VR;14830;CUPROFIX ULTRA DISPERSS;610,00;;
VR;14837;GLIFOSAR FLASH;15.443,00;;
VR;14837;;15,00;;
VR;14838;GALLUP BIOGRADE 360 x 20 lt;10.480,00;;
VR;14838;BARCLAY GALLUP BIOGRADE 360;3.970,00;;
VR;14838;GALLUP BIOGRADE 360 x 5 lt;755,00;;
VR;14838;GALLUP BIOGRADE 360;680,00;;
VR;14844;CLUSTER 500;235,00;;
VR;14845;MYSTIC PLUS S;1.401,00;;
VR;14845;MYSTIC PLUS S x 1 kg;5,00;;
VR;14854;KARAMAT M;5,00;;
VR;14857;ABOTRIL 500;70,00;;
VR;14867;SYNERO;135,00;;
VR;14867;SYNERO DA LT. 1x10;41,00;;
VR;14867;SYNERO X LT.1;23,00;;
VR;14868;IDROX 22 NEW X KG.10;140,00;;
VR;14868;IDROX 22 NEW;45,00;;
VR;14870;COPPERLAND x 10 kg;7.310,00;;
VR;14871;OXICU x 10 kg;4.010,00;;
VR;14872;BELLIS DRUPACEE KG. 2,5x4;532,50;;
VR;14872;BELLIS DRUPACEE;432,50;;
VR;14872;BELLIS DRUPACEE x 2,5 kg;370,00;;
VR;14876;GRANDSTAND ERBICIDA LT1;199,00;;
VR;14876;GRANDSTAND;127,75;;
VR;14878;FOXTROT;45,00;;
VR;14879;LONTREL 72SG GR.150;4,65;;
VR;14879;LONTREL 72SG GR.150-CLP-;3,15;;
VR;14879;LONTREL 72 SG x 150 gr;1,00;;
VR;14879;LONTREL 72 SG;0,30;;
VR;14884;CORUM;3.618,60;;
VR;14884;CORUM x 1 lt;456,00;;
VR;14884;CORUM DA LT. 5x4 (Xn);260,00;;
VR;14884;CORUM REG.14884 LT.5-CLP-;140,00;;
VR;14884;CORUM REG.14884 LT.1-CLP-;64,00;;
VR;14884;CORUM DA LT. 1x10 (Xn);34,00;;
VR;14884;CORUM  REG.14884 LT.5;5,00;;
VR;14891;TRICO DA LT. 10;20,00;;
VR;14895;LANNATE 20 SL;133,00;;
VR;14895;LANNATE 20SL REG.14895 LT.1-CLP-;26,00;;
VR;14895;LANNATE 20 SL x 1 lt;13,00;;
VR;14896;HIMALAYA 60 SG;400,00;;
VR;14897;FLUROSTAR 200;20,00;;
VR;14898;POLECI;1.265,00;;
VR;14900;KENKIO;2.953,00;;
VR;14909;NURELLE 5 LT.1;96,00;;
VR;14909;NURELLE 5;24,00;;
VR;14909;NURELLE 5 LT.1- CLP-;22,00;;
VR;14909;NURELLE;4,00;;
VR;14914;YSAYO x 10 lt;15.140,00;;
VR;14914;YSAYO DA LT. 10;1.160,00;;
VR;14914;YSAYO;110,00;;
VR;14915;REPLAY;4,00;;
VR;14916;SILWET SPRINTEX;996,00;;
VR;14916;SILWET SPRINTEX X LT.1;23,00;;
VR;14917;ALASKA 80 WG (BAROCCO WG) KG.5;85,00;;
VR;14920;ZOLFO 80 WP ZOLFINDUSTRIA;20.560,00;;
VR;14920;ZOLFO 80WP MINIERA MICR.KG.25;3.325,00;;
VR;14925;SWING EX-TRA x 0,5 lt;8,00;;
VR;14927;KALAHARI;15,00;;
VR;14931;GRISU;108,00;;
VR;14935;TRAXOS ONE;252,00;;
VR;14935;TRAXOS ONE LT.1-CLP-;17,00;;
VR;14935;TRAXOS ONE LT.5-CLP-;5,00;;
VR;14936;AMPLIGO;119,00;;
VR;14936;AMPLIGO REG.14936 LT.1 -CLP-;45,00;;
VR;14936;AMPLIGO REG.14936 ML.500-CLP-;14,00;;
VR;14936;AMPLIGO DA LT. 1x12 (Xn);5,00;;
VR;14936;AMPLIGO x 1 lt;2,00;;
VR;14937;VOLIAM TARGO;32,00;;
VR;14940;TAKUMI;53,20;;
VR;14940;TAKUMI DA LT. 0,150x10;10,00;;
VR;14940;TAKUMI x 0,5 lt;8,00;;
VR;14941;NEMACUR 400 EC;15,00;;
VR;14944;FLUXYR 200 EC;252,00;;
VR;14947;TRUSTEE 450;515,00;;
VR;14951;BOTECTOR;121,20;;
VR;14951;BOTECTOR  X 0,400;2,00;;
VR;14967;TIPTOR ULTRA;403,00;;
VR;14967;TIPTOR ULTRA REG.14967 LT.1 -CLP-;193,00;;
VR;14967;TIPTOR ULTRA x 1 lt;12,00;;
VR;14972;DICARZOL 50 SP;104,00;;
VR;14972;DICARZOL 50 SP KG.1 (1 T);59,00;;
VR;14974;BELEM 0.8 MG x 12 kg;4.344,00;;
VR;14974;BELEM 0.8 MG;120,00;;
VR;14980;AFFINITY PLUS;656,00;;
VR;14980;AFFINITY PLUS DA LT. 1x12;191,00;;
VR;14980;AFFINITY PLUS DA LT. 5x4;120,00;;
VR;14986;OPERA NEW DA LT. 5x4 (T);65,00;;
VR;15005;FONTELIS;1.684,00;;
VR;15005;FONTELIS x 1 lt;458,00;;
VR;15005;FONTELIS LT. 1x10;98,00;;
VR;15006;TRAXOS PRONTO;20,00;;
VR;15006;TRAXOS PRONTO x 1 lt (1 HA);8,00;;
VR;15007;AXIAL PRONTO x 1 lt;12,00;;
VR;15007;AXIAL PRONTO;4,50;;
VR;15008;LBG - 01F34;3.108,00;;
VR;15008;LBG01F34;480,00;;
VR;15008;ENERVIN PRO (LBG01F34) x 2 lt;444,00;;
VR;15008;ENERVIN PRO;224,00;;
VR;15010;AMISTAR PLUS LT.10 (2 XN);10,00;;
VR;15011;SPI EC;16,42;;
VR;15013;NATRIA LUMACHICIDA;357,00;;
VR;15013;BAYER NATRIA LUMACHICIDA 500 GR;53,00;;
VR;15019;RIVIERA;1.507,00;;
VR;15019;RIVIERA X LT.1;72,00;;
VR;15020;CYFLUTREX;260,00;;
VR;15022;DEFENSE 80 WP;6,00;;
VR;15023;DERREX;800,00;;
VR;15023;DERREX x 20 kg;20,00;;
VR;15024;MESUROL 200 SC;353,00;;
VR;15024;MESUROL 200SC REG.15024 LT.5-CLP-;290,00;;
VR;15024;MESUROL 200 SC x 1 lt;87,00;;
VR;15024;MESUROL 200SC REG.15024 LT.1;37,00;;
VR;15024;MESUROL 200 SC DA LT. 1x12 (Xn;29,00;;
VR;15030;COSSACK x 0,6 kg;60,00;;
VR;15034;DICOPHAR;338,30;;
VR;15034;KOL DICOPHAR ML.100;104,00;;
VR;15037;BREZZA;1.379,00;;
VR;15037;BREZZA X LT.1;30,00;;
VR;15041;OPINION ECNA;243,50;;
VR;15041;OPINION ECNA DA LT. 0,500x20;192,50;;
VR;15047;R6 ERRESEI BORDEAUX WG;5.579,25;;
VR;15047;R6 BORDEAUX WG KG. 10;2.360,00;;
VR;15047;ERRESEI BORDEAUX WG;1.412,00;;
VR;15047;R6 ERRESEI BORDEAUX WG KG.10-CLP-;630,00;;
VR;15047;R6 BORDEAUX WG X KG.10;370,00;;
VR;15047;R6 ERRESEI BORDEAUX WG KG.10;120,00;;
VR;15047;R6 BORDEAUX WG KG. 1;38,00;;
VR;15047;R6 ERRESEI BORDEAUX x 10 kg;30,00;;
VR;15047;R6 ERRESEI BORDEAUX WG 1KG;10,00;;
VR;15047;BAYER R6 BORDEAUX WG GR 500;6,50;;
VR;15049;MODDUS;52,00;;
VR;15049;MODDUS x 1 lt;5,00;;
VR;15049;MODDUS DA LT. 1x12;1,00;;
VR;15049;MODDUS LT.1;1,00;;
VR;15050;VERTIMEC PRO;999,00;;
VR;15050;VERTIMEC PRO x 1 lt;191,00;;
VR;15050;VERTIMEC PRO DA LT.1x12 (Xn);99,00;;
VR;15050;VERTIMEC PRO REG.15050 LT.5 -CLP-;80,00;;
VR;15050;VERTIMEC PRO REG.15050 LT.1- CLP-;55,00;;
VR;15050;VERTIMEC PRO x 5 lt;20,00;;
VR;15050;VERTIMEC PRO REG.15050 LT.1;7,00;;
VR;15052;KAIMO SORBIE;75,30;;
VR;15053;ADMIRAL ECHO x 1 lt;52,00;;
VR;15053;ADMIRAL ECHO;17,00;;
VR;15054;CONTENDER 80 WG;450,00;;
VR;15058;PRINCIPAL MAIS;57,64;;
VR;15059;DECIS EVO;3.492,00;;
VR;15059;DECIS EVO LT.1 -CLP-;308,00;;
VR;15059;DECIS EVO x 5 lt;265,00;;
VR;15059;DECIS EVO x 1 lt;236,00;;
VR;15059;DECIS EVO DA LT. 1x12;226,00;;
VR;15059;DECIS EVO LT.5 -CLP-;30,00;;
VR;15059;DECIS EVO x 0,25 lt;18,00;;
VR;15059;DECIS EVO DA LT. 0,250x20;10,50;;
VR;15059;DECIS EVO ML.250 -CLP-;1,25;;
VR;15062;PIRAMAX  EC;125,00;;
VR;15062;PIRAMAX EC DA LT. 1x10 (Xn);35,00;;
VR;15062;PIRAMAX EC REG.15062 LT.1;15,00;;
VR;15063;NIMBLE x 50 gr;14,55;;
VR;15063;NIMBLE;14,25;;
VR;15064;MAESTRO WG ADVANCE;75,00;;
VR;15067;MIG-40 SC;12,00;;
VR;15067;MIG 40 SC REG.15067 LT.1;1,00;;
VR;15068;RITMUS;78,00;;
VR;15071;EVOLUTION;773,00;;
VR;15071;EVOLUTION DA LT. 5x4 (Xn);140,00;;
VR;15071;EVOLUTION x 1 lt;56,00;;
VR;15071;EVOLUTION DA LT. 1x10 (Xn);29,00;;
VR;15071;EVOLUTION REG.15071 LT.1-CLP-;6,00;;
VR;15079;JUVINAL ECHO;127,75;;
VR;15079;JUVINAL ECHO DA LT. 1x12;38,00;;
VR;15079;JUVINAL ECHO X LT.1;1,00;;
VR;15083;AUDACE x 1 lt;779,00;;
VR;15084;DRUM;75,00;;
VR;15085;VITISAN 45 WG;352,50;;
VR;15093;CENTURIO;513,50;;
VR;15093;CENTURIO x 5 kg;115,00;;
VR;15093;CENTURIO DA KG. 5;60,00;;
VR;15093;KOLLANT CENTURIO KG 3;6,00;;
VR;15094;FOSBEL 80 WG;7,00;;
VR;15094;FOSBEL 80 WG X KG.1;1,00;;
VR;15100;NECTAR PLUS;87,00;;
VR;15100;NECTAR PLUS DA LT. 1x12;1,00;;
VR;15100;NECTAR PLUS X LT.1;1,00;;
VR;15101;CIMORAM ULTRA WG;1.921,00;;
VR;15101;CIMORAN ULTRA WG;10,00;;
VR;15102;VITENE R WG;880,00;;
VR;15106;DU-DIM 25 P.B.;10,00;;
VR;15107;SAMSON EXTRA 6 OD;1,00;;
VR;15111;MIRADOR SC;782,00;;
VR;15112;SIMPLIA;284,00;;
VR;15114;MACCANI;874,00;;
VR;15115;PROSPER 500 EC x 1 lt;6.436,00;;
VR;15115;VELIERO;53,00;;
VR;15116;ELIOS R;54,00;;
VR;15116;ELIOS R KG.8;48,00;;
VR;15122;ACTELLIC 50 NEWPHARM;150,00;;
VR;15124;ZANTARA;534,00;;
VR;15125;PROLECTUS x 1 kg;2.840,00;;
VR;15125;PROLECTUS;826,00;;
VR;15125;PROLECTUS DA KG. 1x12;202,00;;
VR;15127;SANVINO;4.275,00;;
VR;15130;INTREPID;1.114,00;;
VR;15130;INTREPID x 1 lt;996,00;;
VR;15130;INTREPID X LT.1;545,00;;
VR;15130;;299,00;;
VR;15130;INTREPID SC LT.1;1,00;;
VR;15135;OLEOSAN PLUS;4,50;;
VR;15138;BAROCCO 80 WG;56.775,00;;
VR;15138;ZOLFO BAROCCO WG X KG 25;22.250,00;;
VR;15138;BAROCCO 80 WG DA KG. 25;12.325,00;;
VR;15139;INDIPENDENT SC-15;25,00;;
VR;15139;INDIPENDENT SC 15 DA LT. 5x4;5,00;;
VR;15142;ALCANCE SYNC TEC;10,00;;
VR;15145;TEMPLIER x 180 gr;8,10;;
VR;15147;EVO-TRIBASIC;0,70;;
VR;15148;ENVIROMITE 480 SC;1,01;;
VR;15149;CONSAVET DF EDGE;24.295,00;;
VR;15149;COSAVET DF EDGE X KG.10;690,00;;
VR;15149;COSAVET DF EDGE;365,00;;
VR;15168;ZORO 1.9 EW;307,00;;
VR;15168;ZORO 1,9 EW;180,00;;
VR;15168;ZORO 1.9 EW REG.15168 LT.1;1,00;;
VR;15177;ROTATE PLUS DF x 10 kg;9.830,00;;
VR;15177;ROTATE PLUS DF;3.800,00;;
VR;15177;ROTATE PLUS DF x 1 kg;558,00;;
VR;15180;RIVET PLUS x 1 lt;1.015,00;;
VR;15180;RIVET PLUS;24,00;;
VR;15181;CIRRUS CS;465,00;;
VR;15181;CIRRUS CS x 2 lt;30,00;;
VR;15184;SATEL GEO;1.694,00;;
VR;15192;LIBERATE;256,00;;
VR;15193;CONTATTO PIU' EXTRA;164,00;;
VR;15193;CONTATTO PI  EXTRA x 5 lt;55,00;;
VR;15193;CONTATTO PIU EXTRA x 1 lt;45,00;;
VR;15193;"CONTATTO PIU&#39; EXTRA";5,00;;
VR;15198;AZBANY;232,00;;
VR;15199;SAKURA;64,00;;
VR;15200;QUALY X LT.1;355,00;;
VR;15200;QUALY;275,00;;
VR;15200;QUALY DA LT. 1x12;16,00;;
VR;15201;FLOXY 355 SC;81,00;;
VR;15211;TRAMAN;5,00;;
VR;15213;DEMETRINA FLOW;18,35;;
VR;15221;ZETARAM PLUS;3.549,90;;
VR;15221;ZETARAM PLUS DA LT. 10x2;620,00;;
VR;15221;ZETARAM PLUS X LT.10;400,00;;
VR;15221;ZETARAM PLUS X LT.1;42,00;;
VR;15222;FOLICUR COMBI WG DA KG. 10;1.860,00;;
VR;15222;FOLICUR COMBI WG;1.072,00;;
VR;15222;FOLICUR COMBI WG X KG.10;500,00;;
VR;15222;FOLICUR COMBI WG DA KG 1x12;20,00;;
VR;15225;ERASMUS;47,00;;
VR;15227;MESUROL EVOLUTION;12,25;;
VR;15232;CUSTODIA;4.833,00;;
VR;15232;CUSTODIA x 5 lt;180,00;;
VR;15232;CUSTODIA REG.15232 LT.1 -CLP-;25,00;;
VR;15232;CUSTODIA x 1 lt;17,00;;
VR;15232;CUSTODIA REG.15232 LT.5 -CLP-;15,00;;
VR;15232;CUSTODIA DA LT. 1x12 (Xn);2,00;;
VR;15233;DALET TRIO;660,00;;
VR;15234;MOMENTUM F;1.120,00;;
VR;15235;MOMENTUM DA KG. 5x4;2.115,00;;
VR;15235;MOMENTUM X KG.1;486,00;;
VR;15235;MOMENTUM;357,00;;
VR;15235;MOMENTUM X KG.5;180,00;;
VR;15235;MOMENTUM DA KG. 1x10;80,00;;
VR;15236;ZAMMO;302,00;;
VR;15236;ZAMMO x 1 lt;263,00;;
VR;15236;ZAMMO DA LT. 1x12 (Xn);20,00;;
VR;15237;CHIKARA DUO;486,00;;
VR;15237;CHIKARA DUO x 3 kg;63,00;;
VR;15244;VERDE-PYRIPROXIFEN LT.1x12 Xn;58,00;;
VR;15244;VERDE PYRIPROXIFEN;1,00;;
VR;15250;COPRANTOL DUO;20,00;;
VR;15250;COPRANTOL DUO KG.5 -CLP-;20,00;;
VR;15250;COPRANTOL DUO KG.5;5,00;;
VR;15253;FALCON MK x 5 lt;2.535,00;;
VR;15253;FALCON MK x 1 lt;1.009,00;;
VR;15256;FORUM R 3B FLOW x 1 lt;23,00;;
VR;15263;DYNALI DA LT. 1x12;152,00;;
VR;15264;ENERVIN SC;2.611,50;;
VR;15264;ENERVIN PRO CONF. PER 1 HA;851,00;;
VR;15264;ENERVIN PRO (Enervin SC) x 1,5 lt;334,50;;
VR;15264;;74,00;;
VR;15264;ENERVIN PRO(Enervin SC)x 3 lt;33,00;;
VR;15265;PROMAN FLOW;149,00;;
VR;15265;PROMAN FLOW  X 1;23,00;;
VR;15267;KUSABI;178,00;;
VR;15267;KUSABI 12 X LT.1;24,00;;
VR;15270;PROFELIS;6,15;;
VR;15273;BITAM 15 EC;112,00;;
VR;15274;ALIAL SYSTEM;90,00;;
VR;15275;KUSTI;340,00;;
VR;15280;MARISOL;150,00;;
VR;15281;MICROMEGAS;966,00;;
VR;15285;PRIMMA STAR;4,99;;
VR;15286;KENDO ZEON 1.5 x 1 lt;12,00;;
VR;15288;OCEAL;42,00;;
VR;15289;SERENADE NATRIA;1,10;;
VR;15290;AXIDOR;387,00;;
VR;15292;VERTIARO;80,00;;
VR;15293;BONECO;0,50;;
VR;15294;KENDO BI-ACTIVE x 1 lt;740,00;;
VR;15294;KENDO BI-ACTIVE;4,00;;
VR;15302;AMYLO-X;3.758,00;;
VR;15302;AMYLO-X x 1 kg;2.297,00;;
VR;15302;AMYLO-X DA KG. 1x12;712,00;;
VR;15302;;55,00;;
VR;15302;AMYLO-X KG.1;32,00;;
VR;15307;DEDALUS 25 WDG;1.661,00;;
VR;15307;DEDALUS 25 WDG KG.0,500x20 (Xn;806,50;;
VR;15310;NISSHIN EXTRA 6 OD;593,00;;
VR;15310;NISSHIN 6 OD X LT.1;2,00;;
VR;15310;NISSHIN EXTRA 6 OD REG.15310 LT.1;2,00;;
VR;15311;TIZCA;761,00;;
VR;15313;ZOLFO SC DA LT. 10;920,00;;
VR;15313;ZOLFO SC;590,00;;
VR;15315;ALEF X LT. 1;528,00;;
VR;15315;ALEF;218,00;;
VR;15317;FLARE GOLD COMBI PEPITE x 5 kg;12.375,00;;
VR;15317;FLARE GOLD COMBI PEPITE X KG.5;335,00;;
VR;15317;FLARE GOLD COMBI PEPITE;80,00;;
VR;15317;FLARE GOLD COMBI PEPITE REG.15317 K;15,00;;
VR;15318;;393,00;;
VR;15318;OURAGAN;7,00;;
VR;15325;CORNER MZ WG;5.270,00;;
VR;15325;CORNER MZ WG X KG.10;540,00;;
VR;15326;CUPROTEK DISPERSS x 10 kg;61.210,00;;
VR;15326;CUPROTEK DISPERSS;10,00;;
VR;15327;METAMAN 8-64 X KG. 10;2.080,00;;
VR;15333;APPLAUD PLUS;2.477,54;;
VR;15333;APPLAUD PLUS DA KG. 1x10;847,00;;
VR;15333;APPLAUD PLUS x 1 lt;419,00;;
VR;15333;;133,00;;
VR;15333;APPLAUD PLUS 25 WP X KG.1;12,00;;
VR;15333;APPLAUD PLUS 25WG;10,00;;
VR;15333;APPLAUD PLUS GR 100;8,60;;
VR;15335;U 46 ULTRA;364,00;;
VR;15335;U 46 ULTRA x 5 lt;40,00;;
VR;15335;U46 ULTRA DA LT. 1x10;1,00;;
VR;15337;EXPRESS SUN;6,10;;
VR;15337;EXPRESS SUN  X 0,100;0,50;;
VR;15340;FEUDO 50 WP;228,00;;
VR;15344;FILAN WG;303,00;;
VR;15348;RIDOMIL GOLD R LIQUIDO;10.460,00;;
VR;15349;ARES 430 SC;110,00;;
VR;15349;ARES 430 SC REG.15349 LT.1-CLP-;41,00;;
VR;15356;AVIATOR SC;317,00;;
VR;15356;SPHINX SC;20,00;;
VR;15356;AVIATOR 500 SC X LT.1;5,00;;
VR;15358;ZOLFO FLOW MCT;2.930,00;;
VR;15358;ZOLFO FLOW MCT DA LT. 10;560,00;;
VR;15359;VITIL 8-64 WG KG.10-CLP-;510,00;;
VR;15361;LIETO;1.429,20;;
VR;15361;LIETO REG.15361 KG.0,500;4,00;;
VR;15363;MEDEIRO 80WG ADVANCE X KG.5;1.265,00;;
VR;15363;;10,00;;
VR;15364;DESIGN WG;56,00;;
VR;15364;DESIGN WG X KG.1;10,00;;
VR;15365;RAME ZOLFO FLOW MCT;442,00;;
VR;15370;FURY GEO x 10 kg;11.010,00;;
VR;15370;FURY GEO;8.110,00;;
VR;15371;BELEM PROTEZIONE x 12 kg;23.208,00;;
VR;15371;BELEM PROTEZIONE;6.264,00;;
VR;15378;TRAXOS PRONTO 60;318,00;;
VR;15378;TRAXOS PRONTO 60 x 5 lt;20,00;;
VR;15378;TRAXOS PRONTO 60 x 1 lt;10,00;;
VR;15379;AXIAL PRONTO 60;581,13;;
VR;15379;AXIAL PRONTO 60 x 0,75 lt (1 Ha);40,50;;
VR;15379;AXIAL PRONTO 60 LT.0,750-CLP-;15,00;;
VR;15379;AXIAL PRONTO 60 DA LT.0,750x12;11,00;;
VR;15384;LUNA EXPERIENCE x 1 lt;1.410,00;;
VR;15384;LUNA EXPERIENCE;1.259,00;;
VR;15384;LUNA EXPERIENCE LT. 1x12 (Xn);160,00;;
VR;15384;LUNA EXPERIENCE X LT.1;33,00;;
VR;15384;LUNA EXPIRIENCE;23,00;;
VR;15384;LUNA EXPERIENCE REG.15384 LT.1-CLP-;1,00;;
VR;15386;TRACER FLY;44,00;;
VR;15388;MEXIL ORO R WG;155,00;;
VR;15389;FLARE GOLD R WG x 10 kg;13.450,00;;
VR;15389;FLARE GOLD R WG;410,00;;
VR;15392;QUANTUM MZ WDG;260,00;;
VR;15401;TAIFUN MK CL;49.229,00;;
VR;15401;TAIFUN MK CL DA LT. 20;6.980,00;;
VR;15401;TAIFUN MK CL x 20 lt;6.240,00;;
VR;15401;TAIFUN MK CL DA LT. 5x4;850,00;;
VR;15401;TAIFUN MK CL X LT.20;340,00;;
VR;15401;TAIFUN MK CL X LT.5;145,00;;
VR;15401;TAIFUN MK CL DA LT. 1x12;43,00;;
VR;15402;DELTASAP;79,00;;
VR;15402;DELTASAP EC X LT.1;5,00;;
VR;15406;DICUMBA;12,00;;
VR;15407;RULER;30,00;;
VR;15408;MAXIMA;85,00;;
VR;15409;DECISION;495,00;;
VR;15411;DISHA;251,00;;
VR;15416;DIFO;873,00;;
VR;15416;DIFO X LT.1;36,00;;
VR;15417;DITTO;200,00;;
VR;15419;ELECTIS R FLOW;530,00;;
VR;15420;DIQUASH;246,00;;
VR;15422;KELVIN DUO x 180 gr;1,00;;
VR;15423;FORUM TEAM;265,00;;
VR;15428;WINNER OD;976,00;;
VR;15433;ATLAS;72,00;;
VR;15436;MYCOTAL;437,00;;
VR;15448;REBEL TOP;1.312,00;;
VR;15448;REBEL TOP X LT.1;60,00;;
VR;15448;;5,00;;
VR;15449;CIDELY;2.228,00;;
VR;15449;CIDELY DA LT. 1x12;1.323,00;;
VR;15449;CIDELY X LT.1;240,00;;
VR;15449;CIDELY x 1 lt;93,00;;
VR;15449;CIDELY LT.1 -CLP-;41,00;;
VR;15451;ELIOS WG TOP;561,00;;
VR;15453;TAAQAT;1,00;;
VR;15462;SCORE II;3,00;;
VR;15468;ACASTA;21,00;;
VR;15468;ACASTA DA LT. 1x12;14,00;;
VR;15487;INSTANT;772,00;;
VR;15487;INSTANT LT.20-CLP-;400,00;;
VR;15487;INSTANT LT.1-CLP-;15,00;;
VR;15487;INSTANT LT.5-CLP-;10,00;;
VR;15493;SIMUN 40 OD;37,00;;
VR;15494;DELSTAR;12,00;;
VR;15498;ARPEL DUO;650,00;;
VR;15499;SONG 70 WDG;1,50;;
VR;15501;QUIZ;198,00;;
VR;15505;SILBOT 500 SC x 1 lt;5.673,00;;
VR;15505;SILBOT 500 SC;18,00;;
VR;15505;MORFEUM 500 SC;11,00;;
VR;15507;CREW SUPERB;1.468,00;;
VR;15507;CREW SUPERB DA LT. 1x12;6,00;;
VR;15509;MOSAIKO COMBI X KG.10;80,00;;
VR;15513;OSSICLOR 35 WG GREEN;7.261,00;;
VR;15513;OSSICLOR 35 WG GREEN DA KG. 25;5.275,00;;
VR;15513;OSSICLOR 35 WG GREEN DA KG. 10;1.600,00;;
VR;15514;CUPRAVIT BLU 35 WG;10.023,40;;
VR;15514;CUPRAVIT BLU 35WG KG.1 -CLP-;12,00;;
VR;15514;BAYER CUPRAVIT BLU WG GR 100;10,20;;
VR;15515;POLTIGLIA 20 PB GREEN;6.820,00;;
VR;15515;POLTIGLIA 20 PB GREEN 25 KG;775,00;;
VR;15532;TOBAGO 200 SL;0,20;;
VR;15533;CRUZADO-R;12,00;;
VR;15537;DELTAGRI;1.091,00;;
VR;15546;BIATHLON 4D x 350 gr;2,80;;
VR;15553;REGALIS PLUS x 1,5 kg;553,50;;
VR;15553;REGALIS PLUS;515,50;;
VR;15553;REGALIS PLUS DA KG. 1,5x10;489,00;;
VR;15554;PROMANAL NEU;10,00;;
VR;15566;VISION PLUS;405,00;;
VR;15566;VISION PLUS x 5 lt;370,00;;
VR;15566;VISION PLUS x 1 lt;108,00;;
VR;15569;LOOP 40 x 5 lt;1.405,00;;
VR;15569;LOOP 40 x 1 lt;335,00;;
VR;15569;LOOP 40;254,00;;
VR;15569;LOOP 40 LT.5-CLP-;185,00;;
VR;15569;LOOP 40 LT.1-CLP-;80,00;;
VR;15571;METSY;0,10;;
VR;15572;ZOMINEX;528,00;;
VR;15572;ZOMINEX x 1 lt (+PERGADO SC x 1);80,00;;
VR;15572;ZOMINEX LT.1 -CLP-;8,00;;
VR;15573;PROMESS SL;1.063,00;;
VR;15573;PROMESS SL LT.1;1,00;;
VR;15574;KARMA 85;1.370,00;;
VR;15574;KARMA 85 DA KG. 5x4;110,00;;
VR;15574;KARMA 85 x 5 kg;55,00;;
VR;15580;ESTUDER;1.555,00;;
VR;15581;BARKAN;433,00;;
VR;15581;BARKAN DA LT. 1x12 (Xn);301,00;;
VR;15583;PIRAT;175,00;;
VR;15588;SAMSON;12,00;;
VR;15590;COCTEL;20,00;;
VR;15591;PREVINT TOP;399,00;;
VR;15596;LASCAR;680,00;;
VR;15596;LASCAR  x 1;195,00;;
VR;15596;LASCAR DA LT. 1x12 (Xn);168,00;;
VR;15596;LASCAR X LT.1;62,00;;
VR;15598;CARPOVIRUSINE EVO 2;4.294,00;;
VR;15598;CARPOVIRUSINE EVO 2 x 1 lt;480,00;;
VR;15603;ERBIFEN K;1.210,00;;
VR;15606;SUTRA 100 CS;24,75;;
VR;15612;SEMPRA;40,28;;
VR;15612;SEMPRA DA GR. 150;2,00;;
VR;15623;COSMOS 550 EC;385,00;;
VR;15625;TERMINUS SC;441,00;;
VR;15627;PAPYRUS 400 SC;95,00;;
VR;15629;BADGER 45 WG DA KG. 0,500x10;115,00;;
VR;15629;BADGER 45% WG;15,00;;
VR;15630;PALMAS 45% WG;84,00;;
VR;15630;PALMAS 45 WG DA KG. 0,500x10;16,00;;
VR;15633;REVUS TOP;144,00;;
VR;15633;REVUS TOP X 1;24,00;;
VR;15640;PROLINE STAR x 1 lt;705,00;;
VR;15640;PROLINE STAR x 5 lt;364,00;;
VR;15641;SIATTOL 200 SL;2,00;;
VR;15642;HYDRA PLUS;790,00;;
VR;15644;;25,00;;
VR;15644;LANDMASTER;20,00;;
VR;15654;ACCORD;346,00;;
VR;15655;KEETON 25 WG;782,00;;
VR;15655;KEETON 25 WG x 1 kg;385,00;;
VR;15661;SENEGO;2,75;;
VR;15663;CUPRAVIT 35 WG DA KG. 10;6.910,00;;
VR;15663;CUPRAVIT 35 WG;5.414,00;;
VR;15663;CUPRAVIT 35WG KG.10-CLP-;640,00;;
VR;15663;CUPRAVIT 35WG KG.10;10,00;;
VR;15666;TURNER COMBI;30,00;;
VR;15666;TURNER COMBI DA KG. 1x10;25,00;;
VR;15668;GHIBLI 240 OD;7,00;;
VR;15680;MITRHA 40 SC;260,00;;
VR;15681;LUMADRY ESCA;192,00;;
VR;15682;METHOMEX;29,50;;
VR;15687;MICLOCUR;125,00;;
VR;15687;MICLOCUR X LT.1;106,00;;
VR;15689;DIFENZONE REG.15689 LT.1-CLP-;46,00;;
VR;15689;DIFENZONE LT. 1x12 (Xn);30,00;;
VR;15689;DIFENZONE;2,00;;
VR;15693;LISTEGO;11,00;;
VR;15699;EMI 48 (IMPORTAZIONE PARALLELA);702,00;;
VR;15699;EMI 48;694,00;;
VR;15699;EMI 48 (IP) x 1 lt;391,00;;
VR;15699;EMI 48 REG.15699 LT.1-CLP-;44,00;;
VR;15699;EMI 48 X LT.1;35,00;;
VR;15710;CLINCHER ONE;1.765,00;;
VR;15710;CLINCHER ONE x 5 lt;155,00;;
VR;15711;ALSYSTIN;93,50;;
VR;15711;ALSYSTIN x 0,5 kg;63,00;;
VR;15711;ALSYSTIN DA LT. 0,500x20;47,00;;
VR;15713;DIABLO SC;179,60;;
VR;15713;DIABLO SC x 0,2 lt;35,80;;
VR;15713;DIABLO SC DA LT. 0,200;1,20;;
VR;15722;ARMICARB 85;3.040,00;;
VR;15722;ARMICARB 85   X 5;520,00;;
VR;15722;ARMICARB 85 X KG.5;100,00;;
VR;15725;DUAXO;12,00;;
VR;15738;STOPWEED 480 x 1 lt;256,00;;
VR;15740;VINETO DA LT. 5x4;1.555,00;;
VR;15740;VINETO DA LT. 1x12;161,00;;
VR;15740;VINETO;76,00;;
VR;15741;AVADEX FACTOR;650,00;;
VR;15741;AVADEX FACTOR N.ETIC.X 10(PRESSING);240,00;;
VR;15745;SHARPEN 40 SC;454,00;;
VR;15745;SHARPEN 40% SC;31,00;;
VR;15751;VITENE TRIPLO R;244,00;;
VR;15754;SHARPEN 33% EC;207,00;;
VR;15759;DECIS TRAP;2,12;;
VR;15780;OSSICLOR 50 PB GREEN KG.20 (Xn;2.660,00;;
VR;15780;OSSICLOR 50 PB GREEN;1.228,00;;
VR;15812;QUASAR R FLOW LT. 10;150,00;;
VR;15817;GLADIATOR;263,00;;
VR;15817;GLADIATOR DA LT. 1x10;195,00;;
VR;15829;RAJAH;35,00;;
VR;15831;VACCIPLANT;467,00;;
VR;15832;VINTAGE C DISPERSS x 5 kg;3.195,00;;
VR;15834;TRACER 120;2.095,00;;
VR;15834;TRACER 120 X LT.1;115,00;;
VR;15834;TRACER 120 DA LT. 1x10;70,00;;
VR;15839;MAXCEL 2SL;28,00;;
VR;15841;FLOCTER x 10 kg;480,00;;
VR;15841;FLOCTER;420,00;;
VR;15841;FLOCTER DA KG. 10;40,00;;
VR;15842;AFICIONADO x 3 lt;201,00;;
VR;15843;ZOLEX 250;60,00;;
VR;15844;SLOGAN TOP;450,00;;
VR;15845;ARAGON;1.250,00;;
VR;15845;ARAGON KG.1-CLP-;228,00;;
VR;15845;ARAGON KG.1;33,00;;
VR;15846;BIO ETEFON;53,00;;
VR;15846;BIO ETEFON (IP) x 1 lt;3,00;;
VR;15847;MAKURI;836,75;;
VR;15857;R6 ERRESEI PASADOBLE;2.880,00;;
VR;15857;R6 ERRESEI PASADOBLE x 10 kg;450,00;;
VR;15859;KATANGA EXPRESS;55,00;;
VR;15862;SUBITEX;220,00;;
VR;15862;SUBITEX x 10 lt;30,00;;
VR;15863;BALENO FLASH;104,00;;
VR;15864;MONDARE PIU';90,00;;
VR;15877;CONSENTO  LT.1-CLP-;225,00;;
VR;15877;CONSENTO;112,00;;
VR;15877;CONSENTO x 5 lt;25,00;;
VR;15882;ATILLA (BICARB. POTASSIO) x 10 kg;240,00;;
VR;15885;METAREX M;1,50;;
VR;15886;METAREX INOV;1.935,00;;
VR;15890;CURZATE 60 WG;58,80;;
VR;15899;SILICOSEC;30,00;;
VR;15900;TRIKA EXPERT;70.342,00;;
VR;15900;TRIKA EXPERT x 10 kg;400,00;;
VR;15901;ERCOLE;33.162,25;;
VR;15901;ERCOLE x 10 kg;1.630,00;;
VR;15901;ERCOLE KG.10;600,00;;
VR;15901;ERCOLE DA KG. 10;470,00;;
VR;15902;NATAL 40 SC;32,00;;
VR;15907;PRESIDIUM ONE;4.878,00;;
VR;15907;PRESIDIUM ONE DA LT. 5x4;790,00;;
VR;15907;PRESIDIUM ONE   X 5;190,00;;
VR;15907;PRESIDIUM ONE LT.5-CLP-;20,00;;
VR;15907;PRESIDIUM ONE DA LT. 1x12;17,00;;
VR;15907;PRESIDIUM ONE   X 1;12,00;;
VR;15907;PRESIDIUM ONE LT.1-CLP-;7,00;;
VR;15911;SPIROX;663,00;;
VR;15912;CUPRO ISAGRO WG;3.012,00;;
VR;15913;BORDO ISAGRO WG BLU;540,00;;
VR;15914;RAME ISAGRO WG BLU X KG.20;680,00;;
VR;15921;ARMOR 75 WP;370,50;;
VR;15924;RUSTLER;1.430,00;;
VR;15924;RUSTLER REG.15924 LT.1-CLP-;115,00;;
VR;15924;RUSTLER REG.15924 LT.1;69,00;;
VR;15926;MOJANG 600;270,00;;
VR;15927;MOJANG T;325,00;;
VR;15929;JALISCO;1,25;;
VR;15931;GLORIAL JET;17,00;;
VR;15936;IMAZAMOX 40 (IMPORTAZIONE PARALLELA);1.785,00;;
VR;15936;IMAZAMOX 40;18,00;;
VR;15948;MULIGAN;49,00;;
VR;15949;PROMEX x 1 lt;1.065,50;;
VR;15949;PROMEX;618,00;;
VR;15949;PROMEX DA LT. 1x12 (Xn);66,00;;
VR;15956;RAVANE 100 CS;109,00;;
VR;15961;RETENGO NEW;15,00;;
VR;15975;HATIUS;2,00;;
VR;15989;COMRADE;124,00;;
VR;15996;PATRIOT DRY;388,00;;
VR;15996;PATRIOT DRY x 1 kg;238,00;;
VR;16000;MINUET GR;7,50;;
VR;16010;ACRUX 10 WP;2,30;;
VR;16030;CONTENDER WG DA KG. 10;480,00;;
VR;16030;CONTENDER WG DA KG. 1x10;261,00;;
VR;16030;CONTENDER WG;22,00;;
VR;16031;LUNA DEVOTION;167,00;;
VR;16031;LUNA DEVOTION x 1 lt;14,00;;
VR;16033;HEREU SC;21,00;;
VR;16042;TOSCANA;2,50;;
VR;16051;LENNS;822,70;;
VR;16051;LENNS x 5 lt;210,00;;
VR;16051;LENNS DA LT. 5x4;160,00;;
VR;16051;LENNS x 20 lt;100,00;;
VR;16054;SINSTAR;185,00;;
VR;16063;ARIGO;153,25;;
VR;16064;CREDIT 540;4.050,00;;
VR;16065;TOPIK ONE GR.250-CLP-;5,75;;
VR;16068;FOLDER 80 WG;5.850,00;;
VR;16068;FOLDER 80 WG X KG.10;3.230,00;;
VR;16073;COMBI STICKS;0,08;;
VR;16074;GLORIAL 25 EC;314,00;;
VR;16075;AGHERUD M;87,00;;
VR;16084;BREVIS x 0,5 kg;97,50;;
VR;16084;BREVIS;76,50;;
VR;16084;BREVIS DA KG. 0,500x6 (Xn);29,00;;
VR;16086;NEMGUARD GRANULES;20,00;;
VR;16087;LAGOS;250,00;;
VR;16087;LAGOS DA LT. 10 (T);40,00;;
VR;16087;LAGOS SL;40,00;;
VR;16088;NEMADATE;810,00;;
VR;16088;NEMADATE x 10 lt;180,00;;
VR;16088;NEMADATE DA LT. 10;10,00;;
VR;16098;NIBER 70 DF x 0,250 kg;223,50;;
VR;16099;SINIS 70 DF;216,75;;
VR;16104;ELECTIS TRIO WDG;5.742,00;;
VR;16110;CABRIO OLIVO;2,00;;
VR;16111;ROSAN;8,40;;
VR;16115;CHARAN CM;2,21;;
VR;16116;CHARAN OFM;1,47;;
VR;16117;SERBY;9,75;;
VR;16117;ZAPI DISERBO RESID.SIST.250ML SERBY;9,50;;
VR;16117;ZAPI DISERBO RESID.SIST.500ML SERBY;0,50;;
VR;16124;JUVINAL ECHO PLUS;211,00;;
VR;16124;JUVINAL ECHO PLUS x 1 lt;136,00;;
VR;16124;JUVINAL ECHO PLUS DA LT. 1x12;22,00;;
VR;16126;FLANCO SC;27,80;;
VR;16136;LUMA-GOLD;39,80;;
VR;16137;OSIRIS;2.125,00;;
VR;16139;SEGURIS XTRA x 5 lt;860,00;;
VR;16139;SEGURIS XTRA x 1 lt;765,00;;
VR;16139;SEGURIS XTRA;31,00;;
VR;16139;SEGURIS XTRA LT.1-CLP-;12,00;;
VR;16139;SEGURIS  XTRA;5,00;;
VR;16149;BABEL x 1 lt;388,00;;
VR;16149;BABEL;93,00;;
VR;16161;CENTURY SL;2.200,00;;
VR;16161;CENTURY SL DA LT. 5x4;1.185,00;;
VR;16167;MARACANA;244,00;;
VR;16171;HADDEN;294,70;;
VR;16172;CAL-EX 1.9 EW x 1 lt;1.609,00;;
VR;16172;CAL-EX 1,9 EW;1.308,50;;
VR;16172;CAL-EX 1.9 EW REG.16172 LT.1-CLP-;20,00;;
VR;16172;CAL-EX 1.9 EW REG.16172 LT.5-CLP-;20,00;;
VR;16179;FOLLOW 80 WG;55,00;;
VR;16180;VULANDRA;26,00;;
VR;16181;DELTAMIX 25;47,00;;
VR;16182;CLICK PRO;1.361,40;;
VR;16188;MEDIATOR PLUS;47,75;;
VR;16191;TRIMAXX x 1 lt;57,00;;
VR;16191;TRIMAXX LT.1-CLP-;6,00;;
VR;16194;ETRAVON PRO LT.1-CLP-;447,00;;
VR;16194;ETRAVON PRO;120,00;;
VR;16200;;310,00;;
VR;16205;IDROX 20;11.370,00;;
VR;16207;KRATER 1,9 EW;97,00;;
VR;16207;PIVAK 1,9 EW;17,00;;
VR;16210;ZETARAM HI TECH;4.010,00;;
VR;16213;UNICORN PLUS DF;265,00;;
VR;16213;UNICORN PLUS X KG.5;185,00;;
VR;16221;MADEX TOP x 0,1 lt;192,70;;
VR;16221;MADEX TOP DA ML. 100x20;167,00;;
VR;16221;MADEX TOP;42,80;;
VR;16223;CUSTOM;357,00;;
VR;16225;POLTIGLIA BLU 20 WG 1KG;7,00;;
VR;16227;FOLPAN COMBI;7.391,00;;
VR;16227;FOLPAN COMBI DA KG. 5x4 (Xn);4.985,00;;
VR;16227;FOLPAN COMBI x 5 kg;4.630,00;;
VR;16227;FOLPAN COMBI x 1 kg;264,00;;
VR;16227;FOLPAN COMBI X KG.5;200,00;;
VR;16230;RUFAST NOVA;11,00;;
VR;16242;CAPTAIN 80 WG;2.195,00;;
VR;16243;POLYSECT ULTRA AL;21,60;;
VR;16256;PANTOX 360 SL;4.221,00;;
VR;16260;WELTER MZ WG X KG.10;470,00;;
VR;16261;BELOUKHA x 10 lt;210,00;;
VR;16261;BELOUKHA;60,00;;
VR;16274;PLANTAGEN x 1 lt;254,00;;
VR;16293;PACLOT NEW;109,00;;
VR;16293;PACLOT NEW x 1 lt;44,00;;
VR;16297;SUPPORT 100 EC DA LT. 1x12;731,00;;
VR;16297;SUPPORT 100 EC;393,00;;
VR;16297;SUPPORT 100 EC X LT.1;84,00;;
VR;16299;PASSAT SL x 1 lt;1.190,00;;
VR;16299;PASSAT SL x 5 lt;1.025,00;;
VR;16299;PASSAT SL;31,00;;
VR;16305;BONZI;1,00;;
VR;16325;EPIK SL;7.056,86;;
VR;16325;EPIK SL x 1 lt;1.397,00;;
VR;16325;EPIK SL x 5 lt;825,00;;
VR;16325;EPIK SL DA LT.1x10;399,00;;
VR;16325;EPIK SL X LT.1;123,00;;
VR;16325;EPIK SL LT.1-CLP-;26,00;;
VR;16327;HELOSATE;4.880,00;;
VR;16353;SIRAZOL;168,00;;
VR;16363;SIRTAKI;1.697,00;;
VR;16363;SIRTAKI x 1 lt;430,00;;
VR;16363;SIRTAKI LT.1-CLP-;205,00;;
VR;16363;SIRTAKI DA LT. 1x10;17,00;;
VR;16364;BISMARK x 10 lt;2.090,00;;
VR;16364;BISMARK;1.909,00;;
VR;16364;BISMARK x 1 lt;660,00;;
VR;16364;BISMARK x 5 lt;520,00;;
VR;16364;BISMARK LT.1-CLP-;92,00;;
VR;16364;BISMARK LT.5 -CLP-;10,00;;
VR;16369;ORTIVA TOP SC LT.1-CLP-;12,00;;
VR;16379;PREV-AM PLUS;2.317,00;;
VR;16379;PREV-AM PLUS x 5 lt;235,00;;
VR;16379;PREV-AM PLUS DA LT. 5x4;220,00;;
VR;16379;PREV-AM PLUS X LT.5;80,00;;
VR;16379;PREV-AM PLUS REG.16379 LT.5-CLP-;30,00;;
VR;16379;PREV-AM PLUS REG.16379 LT.1-CLP-;11,00;;
VR;16379;PREV-AM PLUS DA LT. 1;3,00;;
VR;16395;MOHICAN  500 SC;53,00;;
VR;16396;TEMSA 100;145,00;;
VR;16405;IMAGE GOLD;3.135,00;;
VR;16413;SEQUAT;97,00;;
VR;16415;MADEX TWIN x 0,1 lt;35,30;;
VR;16415;MADEX TWIN;24,30;;
VR;16416;FENOTRIX 300 SC;770,00;;
VR;16438;VELUM PRIME;214,00;;
VR;16438;VELUM PRIME LT.0,500-CLP-;39,00;;
VR;16438;VELUM PRIME x 0,5 lt;20,00;;
VR;16444;DIXIE MAIS;13,00;;
VR;16460;VELIERO 500 EC;1.295,00;;
VR;16462;R6 ERRESEI ALBIS ORTO;0,50;;
VR;16480;3LOGY;4.056,00;;
VR;16480;3LOGY x 4 lt;432,00;;
VR;16480;3LOGY DA KG. 4x2;264,00;;
VR;16480;3 LOGY;80,00;;
VR;16480;3LOGY X LT.4;12,00;;
VR;16483;TEMIDE 50 WG;60,00;;
VR;16484;CIRCUIT ACCESS 36 CS;221,00;;
VR;16485;ROMULAN DA LT. 1x12;39,00;;
VR;16485;ROMULAN;1,00;;
VR;16486;RAGTIME 250;189,00;;
VR;16486;RAGTIME 250 x 1 lt;61,00;;
VR;16493;SPI GEO;210,00;;
VR;16496;CURIT ORTO;2,00;;
VR;16498;CETUS 360 CS;665,00;;
VR;16528;GHIBLI 40 OD;167,00;;
VR;16528;GHIBLI 40 OD LT.1 -CLP-;65,00;;
VR;16532;ROSBAY;4,00;;
VR;16534;TIXAL R SC DA LT. 10;200,00;;
VR;16534;TIXAL R SC;11,00;;
VR;16538;KITAMBA;3.450,00;;
VR;16542;LAOTTA;177,00;;
VR;16547;SOLICITOR 400 SC;12,00;;
VR;16566;KUPPER 20 WG X KG.10;390,00;;
VR;16566;KUPPER 20 WG;220,00;;
VR;16567;TRICOPPERLAND x 10 kg;23.650,00;;
VR;16573;DELTACOM;25,00;;
VR;16585;PENDICOL 33 EC;328,00;;
VR;16587;ORANIS x 5 lt;20,00;;
VR;16668;GEOCLEAN VI (AUTORIZZAZIONE ECCEZIONALE);127.430,00;;
VR;16668;GEOCLEAN VI;16.360,00;;
VR;16668;GEOCLEAN VI x 205 lt;2.460,00;;
VR;16669;DIGEO VIII;156.060,00;;
VR;16669;DIGEO VIII X LT.60;60,00;;
VR;16672;D-D SOIL VIII;119.505,00;;
VR;16672;D-DSOIL VIII;2.200,00;;
VR;16672;D D SOIL VIII;2.035,00;;
VR;16672;D-D SOIL VIII DA LT. 205;820,00;;
VR;16672;D-D SOIL VIII (AUTORIZZAZIONE ECCEZIONALE);650,00;;
VR;16684;TELONE II 2016;17.600,00;;
VR;16703;SPADA 50 WG;10,00;;
VR;16716;FACET L x 5 lt;140,00;;
VR;16716;FACET L (AUTORIZZAZIONE ECCEZIONALE);40,00;;
VR;16716;FACET L;30,00;;
VR;16719;BEAM 16 (AUTORIZZAZIONE ECCEZIONALE);760,00;;
VR;16719;BEAM 16;418,00;;
VR;16719;BEAM 16  X 1;199,00;;
VR;16719;BEAM 16 (AUTORIZZAZIONE ECCEZIONALE;24,00;;
VR;16722;EXIREL 2016;365,00;;
VR;16722;EXIREL 2016 (AUTORIZZAZIONE ECCEZIONALE);43,00;;
VR;16722;EXIREL 2016 DA LT. 1;19,00;;
VR;16722;EXIREL 2016 X LT.1;19,00;;
VR;16722;EXIREL;5,00;;
VR;16728;AF-X1 2016 x 12,5 kg;994,00;;
VR;16728;AF-X1;325,00;;
VR;16738;DELGATE 2016;5,00;;
VR;16738;DELEGATE 2016;1,00;;
;;;;;
