Prodotti fitosanitari venduti nell'anno 2017 (fonte dati: Autorità regionale competente, dichiarazioni di vendita p.f. 2017, art. 16 D.Lgs. 150/2012);;;
Provincia;N. Reg. ; Prodotto fitosanitario venduto;"Quantità 
(Kg o litri)"
BL;1156;CHEMOL;22
BL;1850;IDRORAME FLOW;27
BL;2259;PASTA LUMACHICIDA IN GRANI;325
BL;2272;SILLIM;137
BL;2307;VECTOR;83
BL;2923;TIOVIT JET;50
BL;2995;ESCARTOX;950,5
BL;3065;OLIOCIN;504,25
BL;3102;OLEOTER;11
BL;3126;CUPRIZOL;0,5
BL;3132;SEPR-OIL;97
BL;3219;CARAKOL AGRO;103
BL;3658;SIPCAMOL E;46
BL;3754;BAGNANTE SARIAF;7
BL;4012;RELDAN 22;8,5
BL;4710;ALIETTE;14,65
BL;5299;MIBIOL;8
BL;5414;RADICANTE POLVERE TALEE LEGNOSE;2,3
BL;5574;LUMAKIDIN 5G;30
BL;6389;DUECI-FITO RADICANTE;1,75
BL;6751;RASEN FLORANID;175,5
BL;6945;TOPAS 10 EC;3
BL;7020;BAGNANTE CIFO;14
BL;7369;SYLLIT FLO;26,45
BL;7555;KLARTAN 20 EW;0,02
BL;7764;TIOLENE;60
BL;7916;POLYRAM DF;10
BL;7922;OPALENE;96
BL;8189;FORCE;90
BL;8201;GLISTER;6
BL;8207;LONTREL 75 G;0,3
BL;8229;RAPAX;5,05
BL;8382;ROUNDUP BIOFLOW;199,56
BL;8429;GLYFOS SL;20
BL;8565;ROUNDUP RTU;2
BL;8743;GREENEX;1,7
BL;8801;SCORE 25 EC;0,5
BL;8841;CYREN 5 G;129
BL;8841;CYREN 7,5 G;19
BL;8859;MASTIFF;20
BL;8934;SCALA;3
BL;8987;CONFIDOR 200 SL;239,36
BL;9005;AGIL;8
BL;9038;OPINION;0,1
BL;9131;PYRINEX ME;1,55
BL;9422;EVADE;51,25
BL;9463;KLARO KIT;269,5
BL;9578;SWITCH;4
BL;9668;RUFAST E-FLO;1,12
BL;9679;KRISTAL 32 WG;20
BL;9730;CUPROSSIL IDRO 25 WP BLU;3
BL;9747;FURY;5,78
BL;9758;COPRANTOL WG;24
BL;9767;NUFOS 5 G;4
BL;9800;MAVRIK 20 EW;0,32
BL;9867;4 STAGIONI;2,5
BL;9940;ZELIG GR ADAMA;9
BL;9954;JOKER;614
BL;10029;KING;0,12
BL;10117;STRATOS ULTRA;20
BL;10127;DECIS JET;49,52
BL;10158;PIREFLOR;0,1
BL;10209;GLYFOS ULTRA;48
BL;10230;LUMAPLUS;91
BL;10305;OIKOS;0,78
BL;10357;RIGRON SG;12
BL;10396;LIZOCIN;0,4
BL;10423;LUMACHICIDA VEBI;5
BL;10456;KLARO ULTRA;166,5
BL;10461;DICOTURF;0,01
BL;10492;SONAR COMBI FLOW;1
BL;10494;PREMIUM TOP;166
BL;10509;MASTIFF ULTRA;451
BL;10568;ZOOMER;1,5
BL;10588;BIOPIREN PLUS;1
BL;10604;EMERALD 40 EW;5,55
BL;10632;COBRE NORDOX SUPER 75 WG;6,5
BL;10734;DUAL GOLD;38
BL;10735;PRIMAGRAM GOLD;226
BL;10741;METACINQUE;6
BL;10771;MOST MICRO;19,2
BL;10890;FLIPPER;0,15
BL;10929;CHIKARA 25 WG;0,05
BL;11045;DODIPREV 35;2
BL;11102;HELIOSOUFRE S;0,2
BL;11133;SHELTER;5,5
BL;11190;PENCOR 10 EC;0,4
BL;11206;CODACIDE;12,5
BL;11253;CALLISTO;14
BL;11257;COSTAR WG;1,5
BL;11341;STARANE GOLD;1
BL;11403;MELODY COMPACT;0,5
BL;11418;ROUNDUP 450 PLUS;1
BL;11449;GARDOPRIM GOLD;930
BL;11497;CRITTOVIT WG;90
BL;11523;SEPRADINA SC;23,5
BL;11525;FUNGIDINA;14,1
BL;11527;PIRINEX QUIK;2
BL;11527;PYRINEX;9,6
BL;11527;PYRINEX QUICK;3,69
BL;11561;NEEMAZAL T/S;4,82
BL;11566;ZOLFO 80 WP;11
BL;11587;CAMBEL S;17
BL;11614;ACTARA 25 WG;21,77
BL;11619;TIOFLOR WDG;132
BL;11638;FLUORATE;6
BL;11649;COMMAND 36 CS;2
BL;11659;HERBITOTAL S;50,25
BL;11693;LASER;0,25
BL;11694;CONSERVE SC;0,16
BL;11704;OLIO OGNISTAGIONE;0,5
BL;11779;KOP-TWIN;10
BL;11796;GLIFAST;62
BL;11814;SPADA 200 EC;10
BL;11908;VENTUREX 35 L;4,8
BL;11979;BORDO 20 MICRO;5
BL;12010;TUAREG;1
BL;12020;SUCCESS;26,26
BL;12043;PREVICUR ENERGY;2,65
BL;12068;TEFLUSTAR;558,8
BL;12069;EPIK;0,05
BL;12078;METALIM;80
BL;12084;GALEO;2
BL;12096;POLTIGLIA DISPERSS;392
BL;12133;JUVINAL GOLD;0,25
BL;12138;R6 ERRESEI TREVI;3
BL;12172;FERRAMOL;28,5
BL;12212;PENTHIUM EC;2,5
BL;12215;VEBIPHOS 7,5;21
BL;12315;ORTIVA HOBBY;0,22
BL;12323;VEBIZOLFO WG;3,5
BL;12325;MESUROL M PLUS;464,5
BL;12330;DEDALUS;0,3
BL;12344;VEBITHRIN 5 EC;2,75
BL;12393;COPPERCIM WG;0,5
BL;12395;CUTRIL TOP;8
BL;12437;DELAN 70 WG;6
BL;12461;FINALSAN ERBICIDA PROFESSIONAL;4
BL;12482;LUMAX;910
BL;12526;ALIETTE ORTO E GIARDINO;0,75
BL;12534;FOXTAIL;3,9
BL;12566;PYGANIC 1.4;1,45
BL;12584;SPHINX MZ;20
BL;12629;BUGGY 360 SG N.E.T.;0,6
BL;12636;QUASAR 6/24 R;4
BL;12650;NUPRID 200 SL;0,11
BL;12671;HARMONY 50 SX;0,22
BL;12737;AIRONE PLUS;21
BL;12756;DICOTEX;19,5
BL;12759;OSSICLOR 35 WG;138,2
BL;12779;RAMEDIT COMBI WG;25
BL;12806;FEDOR;2
BL;12837;ARIUS SYSTEM PLUS;6
BL;12847;EAGLE;0,25
BL;12850;PRADO;2
BL;12859;BORNEO;0,11
BL;12878;RIDOMIL GOLD COMBI PEPITE;3
BL;12940;KARATE ZEON 1.5;0,5
BL;12994;VIVER ELITE WG;13,5
BL;13020;MICRORAM 35 WG;2,2
BL;13039;POTCLEAN 2G;2
BL;13062;DIPEL DF;0,03
BL;13065;DOMARK 125;5
BL;13084;TELDOR PLUS;0,7
BL;13093;STOMP AQUA;6
BL;13098;ROUNDUP POWER 2.0;55
BL;13111;THIOCUR FORTE;0,03
BL;13116;MEDOR 35 CLASS;1,5
BL;13138;SYSTHANE 4,5 PLUS;2
BL;13149;POLTIGLIA MANICA 20 WG;349
BL;13154;MONDAK 480 S;7
BL;13186;TITUS MAIS EXTRA;0,16
BL;13205;ZOLFO MANICA SCORREVOLE DOPPIO RAFF;20
BL;13212;CONFIDOR 200 O-TEQ;0,23
BL;13213;R6 ERRESEI ALBIS;4
BL;13263;BORDORAM 20 WG;19,9
BL;13290;ZOLFO MANICA DOPPIO RAFFINATO VENTI;15
BL;13296;POKER 7,5;10
BL;13323;SULFY 80 WDG;5,5
BL;13324;CUPRIZOL S;0,25
BL;13361;DECIS ENERGY O-TEQ;55,6
BL;13414;ARES 5 SC;1,5
BL;13466;SPOTLIGHT PLUS;7
BL;13468;CLINER;1,2
BL;13540;QUASAR R FLOW;38,5
BL;13552;ZOLVIS 80 SECTOR;128
BL;13576;RAMEPLANT WG;13,9
BL;13586;VERDERAME 20 WG;22,8
BL;13592;VOLARE;2,35
BL;13635;POLTIGLIA 20 PB MANICA;673
BL;13640;IMPRINT;1,2
BL;13648;SIARAM 20 WG;173
BL;13702;GEOTOX 7,5 C;66,4
BL;13743;KUKAR 22;18
BL;13787;RIVIERA R;10
BL;13791;GEATER-STAR;3
BL;13794;SPADA WDG;0,75
BL;13809;FORCE ULTRA;3.990,00
BL;13812;NOTO 40 OD;9
BL;13823;ALVERDE;5,02
BL;13858;MEDIATOR EXTRA SL;1,09
BL;13877;KITT PRONTO;19,5
BL;13955;MITIGREEN;10
BL;14034;CURENOX TOP MICRO;1,2
BL;14074;TRINEX 250 EW;0,5
BL;14076;CYPRUS 25 DF;32
BL;14077;CHAMP 20 DF;21
BL;14154;PIRETRO ACTIGREEN;4,9
BL;14164;TRIKA ZETA;120
BL;14165;NANDO MAXI;1
BL;14248;CLOR QUICK;0,35
BL;14248;CLOR QUIK;1,3
BL;14262;GREENEX NF;2,94
BL;14290;KOHINOR 200 SL;4,5
BL;14294;EXECUTIVE;0,5
BL;14350;ZOLFO RAMATO 5;2
BL;14369;RESOLVA 24H RTU;13,5
BL;14405;MERLIN FLEXX;125
BL;14407;RUNWAY;2
BL;14414;DUSTY;6
BL;14423;PRIMISOL 80 WDG;2
BL;14474;TEBUSIP COMBI;4,25
BL;14636;BIOLID UP;0,5
BL;14642;RIDOMIL GOLD R WG;180
BL;14737;ROUNDUP PLATINUM;166
BL;14739;DECIS PROTECT;94
BL;14760;RASIKAL PRO;87
BL;14799;AFLOR 200 SL;6,3
BL;14803;ELECTIS ZR;90
BL;14815;ADENGO;372
BL;14837;GLIFOSAR FLASH;225
BL;14838;BARCLAY GALLUP BIOGRADE 360;20
BL;14876;GRANDSTAND;14
BL;14884;CORUM;39
BL;14891;TRICO;248
BL;14901;CONCORDE 125;0,2
BL;14919;EMERALD 125;2,05
BL;14947;TRUSTEE 450;290,5
BL;15013;NATRIA LUMACHICIDA;365,5
BL;15014;NATRIA ERBICIDA;2
BL;15019;RIVIERA;1
BL;15034;DICOPHAR;0,7
BL;15037;BREZZA;1
BL;15047;R6 ERRESEI BORDEAUX WG;57
BL;15058;PRINCIPAL MAIS;3,52
BL;15059;DECIS EVO;7,5
BL;15064;MAESTRO WG ADVANCE;30
BL;15093;CENTURIO;28
BL;15130;INTREPID;2
BL;15142;ALCANCE SYNC TEC;120
BL;15201;FLOXY 355 SC;12
BL;15213;DEMETRINA FLOW;3,95
BL;15227;MESUROL EVOLUTION;5,95
BL;15253;FALCON MK;32
BL;15289;SERENADE NATRIA;3,6
BL;15310;NISSHIN EXTRA 6 OD;1
BL;15326;CUPROTEK DISPERSS;40
BL;15330;PINDARUS 25 WDG;2
BL;15333;APPLAUD PLUS;0,2
BL;15343;FEUDO RD WP;11,2
BL;15363;MEDEIRO 80 WG ADVANCE;9
BL;15401;TAIFUN MK CL;449
BL;15405;SHAMAL MK PLUS CL;1.090,00
BL;15514;CUPRAVIT BLU 35 WG;573,2
BL;15641;SIATTOL 200 SL;31
BL;15654;ACCORD;5
BL;15668;GHIBLI 240 OD;122,5
BL;15681;LUMADRY ESCA;21
BL;15725;DUAXO;1,4
BL;15738;STOPWEED 480;2
BL;15751;VITENE TRIPLO R;4,5
BL;15759;DECIS TRAP;1,32
BL;15779;ABANTO;0,04
BL;15859;KATANGA EXPRESS;12
BL;15901;ERCOLE;703
BL;15914;RAME ISAGRO WG BLU;49
BL;15933;AXIENDO PRONTO USO;2,85
BL;16000;MINUET GR;9
BL;16012;SEPRABAIT;12
BL;16063;ARIGO;1,65
BL;16071;MESOZIN 70 WG;22,75
BL;16098;NIBER 70 DF;1,75
BL;16104;ELECTIS TRIO WDG;109
BL;16117;SERBY;28,5
BL;16136;LUMA-GOLD;24
BL;16161;CENTURY SL;5
BL;16166;POKER MAX;129
BL;16168;MARKER T;350
BL;16188;MEDIATOR PLUS;22,6
BL;16207;PIVAK 1,9 EW;1
BL;16243;POLYSECT ULTRA AL;6,4
BL;16283;QUANTUM R-OK;1,2
BL;16288;AMPEXIO;2,25
BL;16299;PASSAT SL;35
BL;16325;EPIK SL;13,71
BL;16416;FENOTRIX 300 SC;294
BL;16459;SOLEIL 50 WG;5
BL;16462;R6 ERRESEI ALBIS ORTO;1
BL;16483;TEMIDE 50 WG;0,5
BL;16490;GEMINI GEO;5,8
BL;16496;CURIT ORTO;2
BL;16497;DECIS PROTECT EW;10,5
BL;16528;GHIBLI 40 OD;100
BL;16571;COPPER COMBI WG;16
BL;16737;ZELIG GR 50;40
BL;16833;PANTOX 360 SUPER;77
BL;17018;GEOTOX 5 C;27
PD;13;;3.220,00
PD;13;THIOPRON;12.509,00
PD;13;THIOPRON x 10 Lt;7.090,00
PD;13;THIOPRON x 200 lt;400
PD;17;;62
PD;17;U 46 COMBI FLUID;171
PD;17;U 46 COMBI FLUID x 1 Lt;156
PD;17;U46 COMBI FLUID X1;41
PD;133;U 46 D-FLUID;91
PD;133;U46 D-FLUID;7
PD;189;;220
PD;189;MICOZEB 75 WDG;10
PD;206;ALBENE;299
PD;206;ALBENE x 25 lt;800
PD;206;ALBENE x 5 lt;2
PD;449;;2.475,00
PD;449;MOCAP;690
PD;449;MOCAP x 15 kg;1.050,00
PD;599;;68
PD;599;ACUPRICO 76 WG;137
PD;619;VALGRAN;59
PD;630;;204
PD;630;REGLONE W;365
PD;630;REGLONE W 4X5 LT *;235
PD;630;REGLONE W x 1 lt;34
PD;630;REGLONE W x 5 lt;40
PD;630;REGLONE W X LT.1;1
PD;630;REGLONE x 5 Lt;25
PD;747;ZOLFO SPRUZ 95% MORMINO PB x 10 kg;250
PD;747;ZOLFO SPRUZZABILE;1.910,00
PD;844;MICROBAGNABILE 80 GREEN;5
PD;886;SENCOR WG;19
PD;886;SENCOR x 0,5 kg;5,5
PD;909;;3.050,00
PD;909;POLIS. CALCIO POLISENIO x 25 kg;325
PD;909;POLISOLFURO DI CALCIO POLISENIO;3.425,00
PD;1147;FITONEX COMBI;8
PD;1155;CHEMOL 90 EL;197
PD;1156;;429
PD;1156;CHEMOL;6.791,00
PD;1156;CHEMOL X 1;34
PD;1156;CHEMOL x 25 lt;925
PD;1156;CHEMOL X LT.5;165
PD;1187;MICOZEB 45;0,75
PD;1544;MESUROL;50
PD;1544;MESUROL PVAL *;1
PD;1562;ERBITOX E 30 x 1 lt;785
PD;1573;;600
PD;1573;BASAMID GR;40
PD;1573;BASAMID GRANULAT;40
PD;1573;BASAMID x 20 kg;740
PD;1583;;5.078,00
PD;1583;MICROTHIOL DISPERSS;47.707,00
PD;1583;MICROTHIOL DISPERSS x 1 kg;191
PD;1583;MICROTHIOL DISPERSS x 15 Kg;2.505,00
PD;1583;MICROTHIOL DISPERSS x 25 kg;1.325,00
PD;1613;ANTRACOL;6
PD;1714;;124
PD;1714;KERB 80 EDF;341
PD;1714;KERB 80 EDF x 1 Kg;278
PD;1850;IDRORAME FLOW;55
PD;1850;KOL IDRORAME FLOW ML.250;71,75
PD;1936;LIQUIZOL M;485
PD;1947;SULFUR 80 (KG);2
PD;2191;;40
PD;2191;WETTING PLUS;502
PD;2191;WETTING PLUS x 1 lt;2
PD;2191;WETTING PLUS X LT.4;24
PD;2249;MALERBANE PRATI 400;48
PD;2249;MALERBANE PRATI x 1 lt;1
PD;2259;PASTA LUMACHICIDA IN GRANI;209,5
PD;2259;PASTA LUMACHICIDA IN GRANI 500 GR;12,5
PD;2260;GASTROTOX E;48
PD;2272;SILLIM;33
PD;2307;;748
PD;2307;VECTOR;676
PD;2307;VECTOR x 1 lt;1.266,00
PD;2307;VECTOR x 20 lt;340
PD;2307;VECTOR x 5 lt;1.210,00
PD;2340;STOMP 330-E;22
PD;2353;;89
PD;2353;BONALAN;252
PD;2353;BONALAN x 1 Lt;163
PD;2368;PRATI SPECIAL;0,25
PD;2518;ACTELLC;2
PD;2518;ACTELLIC 2P;9
PD;2518;ACTELLIC 2P 20 GR;0,02
PD;2520;ACTELLIC;3
PD;2520;ACTELLIC 50 x 1 lt (N.Reg.02520);5
PD;2732;;909
PD;2732;GOLTIX;637
PD;2732;GOLTIX x 1 kg (70%);1.455,00
PD;2732;GOLTIX x 5 kg (70%);910
PD;2896;TETROSSIL x 25 kg;200
PD;2923;;483
PD;2923;TIOVIT JET;28.715,00
PD;2923;TIOVIT JET x 1 kg;1
PD;2923;TIOVIT JET x 10 Kg;3.020,00
PD;2923;TIOVIT JET x 25 Kg;3.925,00
PD;2934;MICROSOL 90;58
PD;2983;NIMROD;1
PD;2995;ESCARTOX;3.024,00
PD;2995;LUMACHICIDA ZAPI;20
PD;2995;ZAPI LUMACHICIDA META KG.5 (al kg.);5
PD;2995;ZAPI LUMACHICIDA ORTO ESCARTOX GR50;36,5
PD;2995;ZAPI LUMACHICIDA ORTO ESCARTOX KG 1;421
PD;3065;BAYER OLIOCIN EW 250 ML;0,1
PD;3065;BAYER OLIOCIN EW 500 ML;12
PD;3065;BAYER OLIOCIN LT 1;50
PD;3065;NATRIA OLIOCIN;19
PD;3065;OLIOCIN;259,25
PD;3065;OLIOCIN 1 LT;93
PD;3065;OLIOCIN LT 1;26
PD;3082;OLEOTER ESTATE X LT.1;1
PD;3102;;1.925,00
PD;3102;OLEOTER;184,75
PD;3102;OLEOTER 1 LT;1
PD;3102;OLEOTER DA LT 1;4
PD;3102;OLEOTER OLIO BIANCO x 500ml;25,5
PD;3132;SEPRA-OIL;20
PD;3132;SEPR-OIL;79,25
PD;3141;CUTHIOL;132
PD;3163;U 46 M STAR;82
PD;3219;CARAKOL AGRO;446
PD;3219;CARAKOL AGRO KG.1 LUMACHICIDA;10
PD;3219;KOL CARAKOL AGRO KG.1;899
PD;3313;;12
PD;3343;U 46 M CLASS x 1 lt;17
PD;3343;U46 M CLASS;28
PD;3366;ROKAR 400 ST;25
PD;3412;SYLLIT 65;56
PD;3468;;177
PD;3468;DACOL L 40 ST;286
PD;3486;TRISCABOL DG;3
PD;3503;AGRUMIN;243,8
PD;3519;;3
PD;3519;METAMBANE;52
PD;3519;METAMBANE x 1 lt;1
PD;3555;CURZATE M;5
PD;3640;;280
PD;3640;CUPROSTAR;963
PD;3640;CUPROSTAR  x 10 Lt;340
PD;3640;CUPROSTAR X LT.1;73
PD;3640;CUPROSTAR X LT.10;640
PD;3658;SIPCAMOL E;329
PD;3754;BAGNANTE SARIAF;213
PD;3754;BAGNANTE SARIAF X LT.5;155
PD;3767;;2
PD;3767;FENOXILENE 200;320
PD;3767;FENOXILENE MAX;429
PD;3771;ROVRAL WG;14
PD;3771;ROVRAL WG x 1 kg;21
PD;3771;ROVRAL WG X KG.1+++;10
PD;3800;CRITTAM WG;60
PD;3800;CRITTAM WG x 1 kg;102
PD;3800;CRITTAM WG x 20 kg;260
PD;3800;CRITTAM WG x 5 kg;145
PD;3817;DISERBONE KN;10
PD;3859;DURSBAN;147
PD;3861;ROTIOFEN GOLD x 1 lt;474
PD;4012;;232
PD;4012;RELDAN 22;1.176,50
PD;4012;RELDAN 22 LT 1;2
PD;4012;RELDAN 22 x 0,250 lt;159,5
PD;4012;RELDAN 22 x 1 Lt;130
PD;4012;RELDAN 22 x 5 lt;15
PD;4190;;560
PD;4190;TETRASOL 80;150
PD;4199;;2.400,00
PD;4199;PENNCOZEB DG;16.185,00
PD;4199;PENNCOZEB DG x 1 kg;63
PD;4199;PENNCOZEB DG x 10 Kg;680
PD;4199;PENNCOZEB DG x 20 kg;160
PD;4199;PENNCOZEB DG x 25 kg;75
PD;4199;PENNCOZEB DG X KG.20;100
PD;4228;ROGOR 400 ST;48
PD;4228;ROGOR 400 ST x 1 lt;584
PD;4326;ROGOR L 40 ST;92
PD;4426;DECIS;5
PD;4552;DITHANE DG;10
PD;4552;DITHANE DG NEOTEC;2.456,00
PD;4552;DITHANE DG NEOTEC  x 10 Kg;10
PD;4552;DITHANE DG NEOTEC *;100
PD;4552;DITHANE DG-NEOTEC;20
PD;4710;;2
PD;4710;ALIETTE;239
PD;4710;ALIETTE 1 KG;5
PD;4710;ALIETTE 250 GR;3,25
PD;4710;ALIETTE FUNG.;1,5
PD;4710;ALIETTE x 1 kg;14
PD;4710;BAYER ALIETTE 250 GR;29
PD;4896;RIGENAL P;5,2
PD;5053;ACTELLIC 5;5
PD;5152;TIOSPOR  WG x Kg 1;49
PD;5152;TIOSPOR WG;6.867,00
PD;5152;TIOSPOR WG KG 1;47
PD;5154;ARPEL TRIPLO BLU;30
PD;5154;ARPEL TRIPLO BLU x 4 kg;8
PD;5228;CARAKOL;359,5
PD;5292;FIXORMON;34
PD;5299;MIBIOIL;12
PD;5299;MIBIOL;829
PD;5299;ZAPI MIBIOL COCCINIGLIA INV. 1 LT.;61
PD;5299;ZAPI MIBIOL COCCINIGLIA INV. 500 ML;28,5
PD;5333;GIBRESOL;0,5
PD;5414;RADICANTE POLVERE TALEE LEGNOSE;0,9
PD;5467;METADENE;36
PD;5467;METADENE 1 KG;7
PD;5574;LUMAKIDIN 5 G DA KG 1;9
PD;5574;LUMAKIDIN 5G;269
PD;5576;KOLFLOR OLIO B;26
PD;5708;TERRAZOLE 25% EC;3
PD;5755;TILT 25 EC;25,5
PD;5755;TILT 25 EC x 0,5 lt;8,5
PD;5796;GARLON;4
PD;6001;BETAFIL FL;10
PD;6088;KEMIRON 500 SC;0,5
PD;6136;GERMON L;169,6
PD;6136;GERMON L (TALEE LE) L x 100 ml;0,02
PD;6221;IPIRON 45 SC;10
PD;6277;;20
PD;6321;STIMOL 66 F x 1 lt;2,8
PD;6321;STIMOLANTE 66F;15,24
PD;6322;;17
PD;6322;OBSTHORMON 24A;77
PD;6322;OBSTORMON 24 A x 1 lt;0,1
PD;6324;MAXCEL 2 SL x 2 lt;4
PD;6389;DUECI-FITO RADICANTE;0,6
PD;6389;RADICO FACILE;0,6
PD;6401;MONDAK 21 S;55
PD;6428;GOAL 2XL;1
PD;6437;ETHREL;20
PD;6505;;0,25
PD;6555;K-OBIOL ULV 6;34.580,00
PD;6556;;10
PD;6556;K-OBIOL DP2;2.257,00
PD;6556;K-OBIOL DP2 x 1 kg;154
PD;6557;K-OBIOL EC 25;2.666,00
PD;6557;K-OBIOL EC 25 x 1 Lt;16
PD;6674;;101
PD;6674;AFALON DS;2.175,00
PD;6674;AFALON DS x 1 lt;419
PD;6704;TIOLENE 80 WG;394
PD;6751;RASEN FLORANID;12
PD;6766;BUTISAN S;9
PD;6873;IDRORAME 193;179
PD;6945;;2,5
PD;6945;TOPAS 10 EC;44
PD;6945;TOPAS 10 EC x 0,25 lt;52,75
PD;6945;TOPAS 10 EC x 1 lt;60
PD;6947;TOPAS COMBY x 5 lt;50
PD;6956;TARGA FLO;7.789,00
PD;6956;TARGA FLO  x 1 Lt;235
PD;6956;TARGA FLO  X LT.5*;360
PD;6956;TARGA FLO * X LT.1;184
PD;6956;TARGA FLO x 1 lt;71
PD;6956;TARGA FLO x 5 Lt;270
PD;6978;;80
PD;6978;BETTER 400;1.065,00
PD;6978;BETTER 400 x 5 Lt;1.280,00
PD;7020;BAGNANTE CIFO;33
PD;7053;;10
PD;7053;PASTA CAFFARO NC;1.699,00
PD;7055;PASTA CAFFARO BLU;237,5
PD;7101;LIMAVAL;15
PD;7368;TURFENE L;64
PD;7368;TURFENE L x 1 lt;22
PD;7369;BAYER SYLLIT FLO 250 ML;9
PD;7369;FUNGICIDA SYLLIT;0,4
PD;7369;SYLIT;5
PD;7369;SYLLIT FLO;30,7
PD;7369;SYLLIT FLO 200 ML;18
PD;7369;SYLLIT FLO 250 ML;5,75
PD;7369;SYLLIT FLO ML 250;0,25
PD;7369;SYLLIT FUNGICIDA;3,75
PD;7370;TETRASOL LIQUIDO;23
PD;7379;;12,5
PD;7379;VENZAR;155
PD;7379;VENZAR  x 500gr;9,5
PD;7379;VENZAR x 0,5 Kg;29
PD;7379;VENZAR x 0,5 kg (Nuova Etich.);100,5
PD;7379;VENZAR X KG.0,5 *;6,5
PD;7390;CHIPCO GREEN;7
PD;7401;POLTIGLIA CAFFARO 20 DF NEW;425
PD;7454;ORMONE AG COMPRESSE;0,2
PD;7483;;59
PD;7483;DEVRINOL F;74
PD;7483;DEVRINOL F x 1 lt;1
PD;7515;GERMON BEWURZELUNGSPUDER H PER TALE;0,25
PD;7530;BIOLID E;28
PD;7541;;1
PD;7541;APOLLO SC;0,5
PD;7543;ERBITOX COMBI x 1 lt;156
PD;7555;;2
PD;7555;KLARTAN 20 EW;4,79
PD;7555;KOL KLARTAN 20 EW DA 10 ML;1,26
PD;7555;KOL KLARTAN 20EW ML.1 8F;0,03
PD;7555;KOL KLARTAN 20EW ML.100;13,2
PD;7555;KOL KLARTAN 20EW ML.50;9,65
PD;7608;DASKOR 440 EC;62
PD;7608;DASKOR 440 EC x 1 lt;48
PD;7608;DASKOR x 1 Lt;84
PD;7611;;814
PD;7611;ENOVIT METIL FL;2.454,00
PD;7611;ENOVIT METIL FL *;141
PD;7611;ENOVIT METIL FL BEET;61
PD;7611;ENOVIT METIL FL x 1 Lt;819
PD;7611;ENOVIT METIL FL x 5 Lt;495
PD;7700;;0,4
PD;7700;MATACAR FL;12,8
PD;7700;MATACAR FL x 0,2 lt;1,4
PD;7700;MATACAR FL x 0,200 Lt;0,2
PD;7764;TIOLENE;63
PD;7876;;53
PD;7876;PIRIMOR 17,5;41
PD;7876;PIRIMOR 17,5 x 1 (n.reg.min.7876);17
PD;7889;NURELLE D x 1 lt;4
PD;7916;;943
PD;7916;POLYRAM DF;2.896,00
PD;7916;POLYRAM DF x 2 kg (+ FORUM 50 WP);306
PD;7916;POLYRAM DF x 25 kg;1.800,00
PD;7919;;927
PD;7919;TOUCHDOWN;5.689,00
PD;7919;TOUCHDOWN x 20 lt;3.360,00
PD;7922;OPALENE;695
PD;7930;KERB FLO;10,5
PD;7957;;205
PD;7957;ROVRAL PLUS;101
PD;7957;ROVRAL PLUS x 1 lt;39
PD;7958;;202
PD;7958;RONSTAR FL;109
PD;7958;RONSTAR FL x 1 lt;44
PD;7961;;14
PD;7961;RIZOLEX  GOLD;18
PD;7961;RIZOLEX GOLD x 1 kg;17
PD;7984;STRATOS;45
PD;7984;STRATOS x 1 lt;6
PD;7984;STRATOS x 5 lt;15
PD;7998;PRIMOSOL 80 WDG;20
PD;8001;AGRO-PYR;3,92
PD;8023;SUMIALFA ECHO;165
PD;8028;;1
PD;8028;CALARIS;44
PD;8028;CALARIS x 1 lt;425
PD;8064;IMPACT;42
PD;8102;;15
PD;8102;MERPAN 80 WDG;842
PD;8102;MERPAN 80 WDG x 1 kg;62
PD;8102;MERPAN 80 WDG x 5 kg;215
PD;8106;CIMOZEB;456
PD;8117;;205
PD;8117;BASTA 200;2.610,00
PD;8117;BASTA 200 LT.5*;240
PD;8117;BASTA 200 x 15 lt;330
PD;8117;BASTA 200 x 5 Lt;720
PD;8117;BASTA 200 X LT.15*;750
PD;8129;BETOZON 65 DF;10
PD;8139;MANTA GOLD;27
PD;8139;MANTA GOLD  X 3 Lt;9
PD;8139;MANTA GOLD x 3 lt;15
PD;8146;;4,5
PD;8146;GALLERY;66,5
PD;8146;GALLERY  x500ml;1,5
PD;8146;GALLERY 0,500 Lt;0,5
PD;8146;GALLERY x 0,5 lt;65,5
PD;8146;GALLERY x 5 lt;20
PD;8146;GALLERY X ML.500;1,5
PD;8155;CATOR;442
PD;8184;;301
PD;8184;CHALLENGE;202
PD;8184;CHALLENGE x 1 lt;19
PD;8184;CHALLENGE x 5 lt;30
PD;8189;;3.800,00
PD;8189;FORCE;25.940,00
PD;8189;FORCE  x 10 Kg;1.080,00
PD;8189;FORCE KG 10;110
PD;8189;FORCE KG.10;690
PD;8189;FORCE x 10 kg;17.850,00
PD;8201;GLISTER;3,25
PD;8207;LONTREL 75 G;0,7
PD;8207;LONTREL 75G   x 100gr;1
PD;8207;LONTREL 75G x 100 gr;0,1
PD;8229;RAPAX;18,5
PD;8284;MICOSPOR MGD;25
PD;8351;Z.M. 75 DG;180
PD;8376;;31
PD;8376;ARIANE II;1.597,00
PD;8376;ARIANE II  x 1 Lt;7
PD;8376;ARIANE II x 1 lt;258
PD;8376;ARIANE II x 5 lt;395
PD;8382;ROUNDUP BIOFLOW;19,18
PD;8382;ROUNDUP BIOFLOW X LT.20;220
PD;8382;ROUNDUP BIOFLOW X LT.5;85
PD;8401;FALTEX FLOW;38
PD;8429;GLIFOS SL;267
PD;8429;GLYFOS SL;252
PD;8429;GLYFOS SL 20 LT;140
PD;8483;;154
PD;8483;ETOSATE 500;70
PD;8483;ETOSATE 500 x 1 lt;25
PD;8498;;21
PD;8498;FOLICUR WG;178,5
PD;8498;FOLICUR WG x 0,5 kg;40
PD;8499;EFESTO;90
PD;8534;CITROLE x 5 lt;5
PD;8540;;150
PD;8542;;1,2
PD;8542;FORUM 50 WP;115,6
PD;8542;FORUM 50 WP x 0,400;0,4
PD;8542;FORUM 50 WP x 1,2 kg (+ POLYRAM DF);45,6
PD;8546;DANITRON;4
PD;8558;PIRETRO VERDE;2,5
PD;8558;PIRETRO VERDE 50 ML;1,55
PD;8601;;139
PD;8601;FOLPAN 80 WDG;4.834,00
PD;8601;FOLPAN 80 WDG x 1 Kg;44
PD;8601;FOLPAN 80 WDG x 5 kg;5
PD;8617;BANVEL 480 S;51
PD;8617;BANVEL 480 S x 1 lt;332
PD;8646;ACTIVUS EC;65
PD;8646;ACTIVUS EC  x 1 Lt;90
PD;8646;ACTIVUS EC x 1 lt;45
PD;8646;ACTIVUS EC x 5 lt;110
PD;8646;PENDIGAN 1 LT;13
PD;8649;PIRIDANE 480;166
PD;8656;GLIFENE HP;210
PD;8656;GLIFENE SL;0,75
PD;8690;PERFEKTHION TOP;44
PD;8706;;1,5
PD;8706;AMID THIN W;19
PD;8706;AMID THIN W x 0,5 kg;1
PD;8711;ALLEGANTE 2% AF 96;1
PD;8712;;8
PD;8712;AF 96 x 1 lt;3
PD;8712;ALLEGANTE 4% AF 96;9
PD;8721;;6
PD;8721;NEXTER;8
PD;8721;NEXTER x 1lt;1
PD;8729;FORUM R;35
PD;8729;FORUM R x 1 kg;5
PD;8731;FORUM R WP;250
PD;8735;;75,5
PD;8735;TREBON UP;268
PD;8735;TREBON UP x 0,5 lt;20,5
PD;8735;TREBON UP x 0,5 lt (NUOVA ETICH.);134,5
PD;8735;TREBON UP x 0.500 Lt;3
PD;8735;TREBON UP x ml.500*;7
PD;8742;;35
PD;8742;INDAR 5 EW x 1 lt;28
PD;8742;INDAR 5EW;16
PD;8743;;1
PD;8743;DISERBANTE GREENEX;1,7
PD;8743;GREENEX;22,5
PD;8795;;153
PD;8795;VERTIMEC EC;1.269,25
PD;8795;VERTIMEC EC x 0,25 lt;5
PD;8795;VERTIMEC EC x 1 Lt;446
PD;8795;VERTIMEC EC x 5 Lt;45
PD;8795;VERTIMEC EC X LT.1;14
PD;8796;;12
PD;8796;SELECT;152
PD;8797;BINAL PRO;33
PD;8801;;74
PD;8801;SCORE 25 EC;176,01
PD;8801;SCORE 25 EC  x 0,250 Lt;3,25
PD;8801;SCORE 25 EC x 0,25 lt;10
PD;8801;SCORE 25 EC x 1 lt;7
PD;8836;MIMIC;49
PD;8837;GERMON BEWURZELUNGSPUDER PER TALEE ;0,18
PD;8838;;1
PD;8838;GERMON BEW.T. LEGNOSE X GR.500;12
PD;8838;GERMON BEWURZELUNGSPUDER PER TALEE ;6,02
PD;8841;CYREN 5 G;964
PD;8841;CYREN 7,5 G;21
PD;8841;CYREN 7.5 G;70
PD;8841;ZAPI ANTIFORMICA ORTO CYREN KG 1;40
PD;8841;ZAPI CYREN 5 G.ANTIFORM. ORTO 1KG;10
PD;8843;NISSHIN;117
PD;8859;MASTIFF;65
PD;8859;MASTIFF x 1 lt;24
PD;8859;MASTIFF x 20 lt;260
PD;8859;MASTIFF x 5 lt;1.260,00
PD;8875;CIMOX 25 WP;41
PD;8882;UFO                 E X 10;20
PD;8886;;11,28
PD;8886;SAFARI;31,92
PD;8886;SAFARI   x 120gr;1,56
PD;8886;SAFARI DA GR.120 *;1,92
PD;8886;SAFARI x 0,120 Kg;5,52
PD;8886;SAFARI x 120 gr;27,24
PD;8909;FUNGIMAN COMBI;16
PD;8933;SOLEAS;62
PD;8934;;58
PD;8934;SCALA;117,8
PD;8934;SCALA x 1 lt (FUNGICIDA BASF);12
PD;8937;;4
PD;8937;MASAI 20 WP;2
PD;8945;FARO DF;35
PD;8987;;12,75
PD;8987;BAYER CONFIDOR 200 SL ML 5;0,85
PD;8987;BAYER CONFIDOR 200 SL ML 50;0,25
PD;8987;CONFIDOR 200 SL;333,5
PD;8987;CONFIDOR 200 SL 1 LT;8
PD;8987;CONFIDOR 200 SL 10 ML;0,15
PD;8987;CONFIDOR 200 SL DA ML 50;0,1
PD;8987;CONFIDOR 200 SL ML 250;20
PD;9005;AGIL;3.532,00
PD;9005;AGIL x 1 Lt;84
PD;9005;AGIL x 5 Lt;60
PD;9005;AGIL X LT.1;149
PD;9005;AGIL X LT.5;105
PD;9010;;170
PD;9010;RAMEZIN COMBI WG;2.172,00
PD;9010;RAMEZIN COMBI WG DA KG 10;10
PD;9010;RAMEZIN COMBI WG x 10 Kg;50
PD;9010;RAMEZIN COMBI WS x 10 Kg;20
PD;9012;;73
PD;9012;CUPROCAFFARO MICRO;7.027,00
PD;9012;CUPROCAFFARO MICRO  x 1 Kg;22
PD;9012;CUPROCAFFARO MICRO  x 10 Kg;330
PD;9038;OPINION;5,62
PD;9131;;3
PD;9131;KOL PYRINEX ME ML.100 INSETT.MICRO.;8,9
PD;9131;KOL PYRINEX ME ML.250 INSETT.MICRO.;35,5
PD;9131;PYRINEX ME;1.562,50
PD;9131;PYRINEX ME *;31
PD;9131;PYRINEX ME x 1 Lt;151
PD;9131;PYRINEX ME x 5 lt;45
PD;9148;;52
PD;9148;SYLLIT 355 SC;150
PD;9153;CYREN 44 EC;46
PD;9153;CYREN 44 EC x 1 lt;46
PD;9153;CYREN 44 EC x 10 lt;350
PD;9180;STROBY WG x 600 gr;0,6
PD;9195;TERB FLO;85
PD;9210;QUADRIS;10
PD;9237;GRID GR.50;0,15
PD;9244;ZIRAMIT 76 WG;50
PD;9267;;1.500,00
PD;9267;ROYALTAC N;440
PD;9286;OHAYO;2
PD;9286;OHAYO x 1 lt;4
PD;9306;PROPLANT;6
PD;9306;PROPLANT x 1 lt;33
PD;9311;CUPROSSIL IDRO 25 WP;869
PD;9311;CUPROSSIL IDRO 25 WP x 10 kg;20
PD;9318;FANDANGO 360;5
PD;9322;GOLTIX STAR;189
PD;9322;GOLTIX STAR x 1 Kg;91
PD;9322;GOLTIX STAR x 5 Kg;100
PD;9335;SILGLIF MK x 20 lt;20
PD;9339;;457
PD;9339;BETANAL EXPERT;1.215,00
PD;9339;BETANAL EXPERT X 1;53
PD;9339;BETANAL EXPERT x 1 Lt;227
PD;9339;BETANAL EXPERT X 5;55
PD;9339;BETANAL EXPERT x 5 lt;10
PD;9342;DELTRIN;36
PD;9342;DELTRIN  x500ml;12
PD;9342;DELTRIN ML 500;35
PD;9371;PEAK;5,84
PD;9371;PEAK x 40 gr;0,68
PD;9373;;15
PD;9373;CHORUS;95
PD;9373;CHORUS 10X1 KG *;60
PD;9373;CHORUS x 1 kg;7
PD;9374;;3
PD;9374;MATCH TOP;12
PD;9374;MATCH TOP x 1 lt;6
PD;9376;BROMOTRIL;26
PD;9399;MEDAL 25;1,84
PD;9410;;673
PD;9411;RADIP ORMON;2,4
PD;9422;;34,25
PD;9422;DISERBANTE EVADE;0,6
PD;9422;EVADE;1.105,00
PD;9422;EVADE  x 1 Lt;18
PD;9422;EVADE *;183
PD;9422;EVADE 1 LT;16
PD;9422;EVADE x 0,25 lt;281
PD;9422;EVADE x 1 lt;483
PD;9422;EVADE x 5 lt;20
PD;9422;ZAPI DISERBO EVADE 100 ML NR 9422;12,6
PD;9422;ZAPI DISERBO EVADE 500 ML NR 9422;51,5
PD;9443;ENDOGERME;12,5
PD;9443;KOL ENDOGERME GR.100;2,2
PD;9443;KOL ENDOGERME GR.500;2,5
PD;9448;RIFLE 4-24 R BLU;56
PD;9449;EMERALD COMBI;423
PD;9449;EMERALD COMBI 1 KG;15
PD;9449;EMERALD COMBI DA KG 1;4
PD;9463;KLARO KIT;212,75
PD;9496;GALIGAN EC;23
PD;9509;PROMALIN NT;14,5
PD;9509;PROMALIN NT x 0,5 lt;2
PD;9531;SEQURA WG;3
PD;9575;DRIBBLING 240 EC;278
PD;9578;;74
PD;9578;SWITCH;568,9
PD;9578;SWITCH KG.1;1
PD;9578;SWITCH x 0,25 kg;11,77
PD;9578;SWITCH x 1 Kg;217
PD;9612;OSSICLOR 30;1.670,00
PD;9612;OSSICLOR 30 DA KG 1;1
PD;9631;METRIN EC;106
PD;9634;CARNIVAL;193
PD;9634;CARNIVAL RIO;78,5
PD;9655;PRIMIAL WG;11
PD;9668;;7,29
PD;9668;RUFAST E-FLO;52,16
PD;9668;RUFAST E-FLO x 1 lt;13
PD;9668;RUFAST E-FLO x 250ml;2,25
PD;9668;ZAPI INSETTICIDA ACARI RUFAST ML 10;0,23
PD;9668;ZAPI INSETTICIDA ACARI RUFAST ML 50;0,8
PD;9670;THIANOSAN 80 WG;50
PD;9678;M 70 DF;20
PD;9678;M70 DF;649
PD;9679;KRISTAL 32 WG;66
PD;9693;;12
PD;9693;SPORTAK 45 EW;268
PD;9694;SIMITAR 5 EW x 1 lt;91
PD;9695;;20
PD;9696;NOVAGIB;72
PD;9705;FUNGICIDA PREVITAR;0,6
PD;9705;PREVITER;60,75
PD;9705;PREVITER 100 ML;0,2
PD;9713;HORIZON x 1 lt;9
PD;9723;;5.380,00
PD;9723;DE-SPROUT N;720
PD;9723;DE-SPROUT N x 10 lt;300
PD;9724;TIOWETTING DF;4.560,00
PD;9730;CUPROSSIL IDRO 25 WP BLU;10
PD;9744;;28
PD;9744;SCORE 10 WG x 1 kg;17
PD;9747;FURY;1.497,97
PD;9747;ZAPI POLIVALENTE ABBAT ML.10 FURY;0,66
PD;9747;ZAPI POLIVALENTE ABBAT ML.50 FURY;4,95
PD;9757;;20
PD;9757;SPYRALE;241
PD;9757;SPYRALE x 1 Lt;332
PD;9758;COPRANTOL WG;187
PD;9767;NUFOS 5 G;61
PD;9767;NUFOS 7,5 G x 10 kg;710
PD;9787;MICROBAGNABILE WG;681
PD;9787;MICROBAGNABILE WG 1 KG;21
PD;9790;CONTATTO 320;84
PD;9790;CONTATTO 320 x 1 lt;336
PD;9798;CLIOPHAR 100;15
PD;9798;CLIOPHAR 100 x 1 lt;15
PD;9800;;57,6
PD;9800;MAVRIK 20 EW;125,6
PD;9800;MAVRIK 20 EW LT.1;10
PD;9800;MAVRIK 20 EW x 0,150 (Nuova Etich.);0,05
PD;9800;MAVRIK 20 EW x 0,150 lt;4,35
PD;9800;MAVRIK 20 EW x 1 lt;40
PD;9800;MAVRIK 20 EW X GR.150;1,35
PD;9802;COPREN HI BIO;129
PD;9809;;290
PD;9809;MALVIN 80 WG;57
PD;9832;;33
PD;9832;TREK P;24
PD;9832;TREK P x 1 lt;5
PD;9843;BASAGRAN SG;312
PD;9843;BASAGRAN SG x 3 Kg;402
PD;9867;;4
PD;9867;4 STAGIONI;18,25
PD;9867;INSETTICIDA 4 STAGIONI;7
PD;9872;;135
PD;9872;AKRIS;425
PD;9872;AKRIS x 5 Lt;145
PD;9880;SOL MICRO GD;100
PD;9900;FLAVOS;160
PD;9900;FLAVOS x 1 lt;91
PD;9940;;530
PD;9940;ZELIG GR;2.081,00
PD;9940;ZELIG GR 1 KG;8
PD;9940;ZELIG GR 50;3
PD;9940;ZELIG GR x 10 kg;3.560,00
PD;9941;BUMPER P;78
PD;9941;BUMPER P x 1 lt;2.635,00
PD;9952;COLZANET;1
PD;9954;;484
PD;9954;JOKER;4.693,90
PD;9954;JOKER  x 1 Lt;193
PD;9963;METIDANE 22;11
PD;9963;METIDANE 22 x 1 lt;195
PD;9995;;10
PD;9995;ARIUS;58
PD;9995;ARIUS x 0,25 lt;1,25
PD;9995;ARIUS x 1 Lt;11
PD;10029;KING;31,75
PD;10048;;100
PD;10048;KUMULUS TECNO;1.295,00
PD;10048;KUMULUS TECNO x 25 kg;250
PD;10049;;267
PD;10049;DURSBAN 75 WG;441
PD;10049;DURSBAN 75 WG x 1 kg;354
PD;10057;ARPEL WDG;446
PD;10057;ARPEL WDG x 1 kg;40
PD;10089;TMTD 50 L;3
PD;10105;;0,75
PD;10105;RIDOMIL GOLD SL;11,25
PD;10105;RIDOMIL GOLD SL 20 x 0,25 lt;2
PD;10105;RIDOMIL GOLD SL X 250 ML.;0,75
PD;10117;;218
PD;10117;STRATOS ULTRA;2.281,00
PD;10117;STRATOS ULTRA x 1 Lt;341
PD;10117;STRATOS ULTRA x 5 Lt;2.590,00
PD;10117;STRATOS ULTRA X LT.5;120
PD;10118;;58
PD;10118;AMISTAR;211
PD;10118;AMISTAR *;15
PD;10118;AMISTAR LT 1;5
PD;10118;AMISTAR x 1 lt;35
PD;10118;AMISTAR x 5 lt;10
PD;10119;EQUATION PRO;7,7
PD;10127;BAYER DECIS JET 250 ML;15,75
PD;10127;BAYER DECIS JET ML 10 NR 10127 Xi;0,91
PD;10127;BAYER DECIS JET ML 100;34
PD;10127;BAYER DECIS JET ML 50 NR 10127 Xi;1,7
PD;10127;DECIS JET;134,07
PD;10127;DECIS JET 100 ML;2,4
PD;10127;DECIS JET 250 ML;10
PD;10127;DECIS JET DA ML 50;1,1
PD;10127;DECIS JET ML 50;1
PD;10127;INSETTICIDA DECIS JET;2,45
PD;10141;SOFREVAL 80 MICRO;1.000,00
PD;10142;VERNOIL;80
PD;10154;BORDOFLOW SECTOR;3
PD;10161;;71
PD;10161;ORTIVA;239,64
PD;10161;ORTIVA x 1 Lt;151
PD;10183;GARLON EV;36,2
PD;10183;GARLON EV DA ML 500;1
PD;10184;TIMBREL EV;0,5
PD;10185;ZERGAN EV;4,5
PD;10187;NAUTILE DG x 10 kg;20
PD;10209;;195
PD;10209;GLIFOS ULTRA;90
PD;10209;GLYFOS ULTRA;2.695,00
PD;10209;GLYFOS ULTRA LT 1;510
PD;10209;GLYFOS ULTRA x 1 Lt;5
PD;10209;GLYFOS ULTRA x 20 Lt;140
PD;10209;GLYFOS ULTRA x 5 Lt;125
PD;10209;GLYFOS ULTRA X LT.1;90
PD;10209;GLYFOS ULTRA X LT.20;1.760,00
PD;10209;GLYFOS ULTRA X LT.5;1.025,00
PD;10224;;1.130,00
PD;10224;EMME H x 10 lt;520
PD;10224;EMME-H;110
PD;10230;LUMAPLUS;1.529,00
PD;10233;BORDOSEP;49
PD;10263;DRIVER;16,4
PD;10263;DRIVER ERBICIDA LT 1 X TAPPETI ERB.;14
PD;10272;;20
PD;10272;CEREXIL M DG;480
PD;10272;CEREXIL M DG x 1 kg;25
PD;10272;CEREXIL M DG x 10 kg;680
PD;10296;IPERION;9
PD;10296;IPERION x 1 kg;4.815,00
PD;10296;IPERION x 10 kg;3.710,00
PD;10296;IPERION x 20 kg;6.720,00
PD;10297;SINIS 35 WG;5
PD;10305;OIKOS;36,59
PD;10305;OIKOS 20 ML;0,14
PD;10305;OIKOS x 1 Lt;4
PD;10306;MISTRAL;281
PD;10329;FORUM MZ WG;1.061,00
PD;10342;RIFLE 44;180
PD;10350;;84
PD;10350;BLAST SG;54
PD;10357;RIGRON SG;264
PD;10372;RASIKAL;48
PD;10373;;60
PD;10373;CONTEST;38
PD;10373;CONTEST x 1 Kg;107
PD;10396;LIZOCIN;3,29
PD;10396;LIZOCIN 25 ML;0,18
PD;10398;STIKER;3,5
PD;10398;STIKER x 0,5 kg;1,5
PD;10404;CLINIC 360 SL;190
PD;10415;ARIC 480 LS;130
PD;10415;ARIC 480 LS x 0,5 lt;416,5
PD;10423;LUMACHICIDA GR 500;0,5
PD;10423;LUMACHICIDA KG.1 VEBI;308
PD;10423;LUMACHICIDA KG.5 VEBI (NEW);245
PD;10423;LUMACHICIDA VEBI;265
PD;10423;LUMACHICIDA VEBI  KG1;17
PD;10423;LUMACHICIDA VEBI DA GR 250;1,5
PD;10423;NEW LUMACHICIDA KG.1VEBI(BUSTA ZIP);603
PD;10425;SCUDEX;27
PD;10425;SCUDEX X LT.1;27
PD;10426;PROTIL EC;115,5
PD;10439;SPRAY DUNGER GLOBAL x 1 lt;24
PD;10440;EXPANDER;72
PD;10447;NOVEL DUO;870
PD;10447;NOVEL DUO x 1 Lt;49
PD;10456;DISERBANTE KLARO;1
PD;10456;KLARO ULTRA;3.094,25
PD;10456;ZAPI DISERBO KLARO ULTRA 1 LT;1.717,00
PD;10456;ZAPI DISERBO TOTALE KLARO ULTRA 250;2,75
PD;10461;DICOFURT;4,25
PD;10461;DICOTURF;69,25
PD;10461;DICOTURF FS;6
PD;10465;ROUNDUP MAX;1.100,00
PD;10465;ROUNDUP MAX x 10 kg;40
PD;10474;TERDIM;50
PD;10477;LAS VEGAS;2
PD;10479;NATURALIS;11
PD;10479;NATURALIS        L X 0,250;0,25
PD;10479;NATURALIS x 1 lt;18
PD;10493;;94
PD;10493;RUNNER LO;409
PD;10494;;121
PD;10494;DISERBANTE TOTALE PREMIUM TOP 1 LT.;1.005,00
PD;10494;KOL PREMIUM TOP-DISERBANTE TOT. 500;43,5
PD;10494;PREMIUM TOP;3.415,25
PD;10504;KELLY WG x 1 kg;808
PD;10504;KELLY WG x 10 kg;680
PD;10509;;60
PD;10509;MASTIFF ULTRA;372
PD;10509;MASTIFF ULTRA x 20 Lt;13.720,00
PD;10532;TELDOR;31
PD;10532;TELDOR x 1;2
PD;10540;;36
PD;10540;TERIAL 75 WG;22
PD;10560;PIRETRO NATURA;6
PD;10563;DEFEND WG - ACOIDAL (KG);90
PD;10563;ZOLFO DEFEND WG;50
PD;10565;DICOTIL EXTRA;96,7
PD;10565;DICOTIL EXTRA 1 LT;5
PD;10565;DICOTIL EXTRA 100 ML;1
PD;10565;DICOTIL EXTRA 250 ML;3,25
PD;10565;DICOTIL EXTRA 500 ML;10
PD;10565;DICOTIL EXTRA ERBICIDA LT 1;7
PD;10568;;23
PD;10568;ZOOMER;3.231,00
PD;10568;ZOOMER 1 LT;467
PD;10573;KOCIDE 2000;1.211,00
PD;10584;SHAMAL MK PLUS;12
PD;10585;;200
PD;10585;SULCOTREK;1.853,00
PD;10585;SULCOTREK  x 1 Lt;135
PD;10588;BIOPIREN PLUS;1
PD;10595;CUPRO ISAGRO BLU;98
PD;10604;EMERALD 40 EW;978,88
PD;10604;EMERALD 40 EW 50 ML;0,7
PD;10604;EMERALD 40 EW ML 50;0,3
PD;10604;EMERALD 40 EW x 1 Lt;10
PD;10604;FUNGICIDA EMERALD;0,1
PD;10627;FRUPICA;14
PD;10627;FRUPICA x 1 kg;17
PD;10628;MIDAURIL MZ;109
PD;10632;;55
PD;10632;COBRE NORDOX SUPER 75 WG;430,5
PD;10632;COBRE NORDOX SUPER 75 WG x 5 kg;5
PD;10671;CUAGRO HI BIO;1.140,00
PD;10690;FUNGIBEN COMBI;25
PD;10701;;240
PD;10701;CUMETA FLOW;181
PD;10710;;61
PD;10710;TOMAGAN;20
PD;10710;TOMAGAN x 1 Lt;23
PD;10715;SILGLIF NF x 20 lt;80
PD;10715;SILGLIF NF x 5 lt;465
PD;10734;;1.014,00
PD;10734;DUAL GOLD;6.754,00
PD;10734;DUAL GOLD LT 1;257
PD;10734;DUAL GOLD X 1 *;261
PD;10734;DUAL GOLD x 1 Lt;1.022,00
PD;10734;DUAL GOLD x 20 lt;460
PD;10734;DUAL GOLD X 5 *;330
PD;10734;DUAL GOLD x 5 lt;875
PD;10735;;620
PD;10735;PRIMAGRAM GOLD;7.390,00
PD;10735;PRIMAGRAM GOLD  X 5 LT *;570
PD;10735;PRIMAGRAM GOLD LT 1;4
PD;10735;PRIMAGRAM GOLD LT 5;5
PD;10735;PRIMAGRAM GOLD X 1 *;53
PD;10735;PRIMAGRAM GOLD x 1 lt;525
PD;10735;PRIMAGRAM GOLD x 20 lt;180
PD;10735;PRIMAGRAM GOLD x 5 Lt;810
PD;10735;PRIMAGRAM GOLD X LT.20 *;240
PD;10735;PRIMAGRAN GOLD;492
PD;10741;METACINQUE;84,5
PD;10752;;19,5
PD;10752;STEWARD;85,25
PD;10752;STEWARD x 0,250 Kg;8,25
PD;10752;STEWARD x 0,500 kg;20,75
PD;10753;FOLICUR SE;1,2
PD;10758;BEETUP TRIO;105
PD;10758;BEETUP-TRIO;11
PD;10758;BETASANA TRIO SC;151
PD;10771;;1.374,00
PD;10771;MOST MICRO;1.820,00
PD;10846;GARDENE;136
PD;10890;FLIPPER;143,3
PD;10890;FLIPPER x 10 lt (NUOVA ETICHETTA);130
PD;10890;ZAPI AFIC. ACARIC. BIO. FLIPPER ML;3,4
PD;10926;;27
PD;10926;ALTOREX;94
PD;10926;ALTOREX x 1 lt;28
PD;10929;CHIKARA 25 WG;8,5
PD;10929;CHIKARA x 0,2 kg;0,8
PD;10929;CHIKARA x 50 gr;0,15
PD;10930;WOOD LT.1 (2°XN);48
PD;10931;;150
PD;10936;NAAK 480 x 1 lt;53
PD;10939;;102
PD;10939;CP 40 AGRO;30
PD;10939;CP40 AGRO LT.1 (2°XN);54
PD;10944;;61
PD;10944;KARATE  ZEON  x 0,250 Lt;2
PD;10944;KARATE ZEON;165,25
PD;10944;KARATE ZEON LT 1;1
PD;10944;KARATE ZEON LT.1;12
PD;10944;KARATE ZEON ML 250;0,75
PD;10944;KARATE ZEON x 0,250 lt;9
PD;10944;KARATE ZEON x 1 Lt;17
PD;10973;PYRINEX PRONTO;6,5
PD;10976;;6,25
PD;10976;KOL METEOR 200 ML;47,2
PD;10976;KOL METEOR ML.60;40,68
PD;10976;METEOR;717,05
PD;10976;METEOR  ml250;0,5
PD;10976;METEOR 250 ML;3,75
PD;10976;METEOR DA ML 250;1
PD;10976;METEOR x 0,25 lt;1.269,00
PD;10976;METEOR x 1 lt;1.014,00
PD;10976;METEOR x 30ml;0,69
PD;10985;MEVAXIL M;37
PD;10986;KASKO R;29
PD;10999;;210
PD;10999;BETANAL SE;469
PD;10999;BETANAL SE x 1 Lt;114
PD;11011;;166
PD;11011;DASH HC;2.856,00
PD;11011;DASH HC  x 1 Lt;70
PD;11011;DASH HC x 1 lt;1.587,00
PD;11011;DASH HC x 5 lt;415
PD;11013;CIOPPER   X  1;5
PD;11015;PYCHLOREX 480 EC;15
PD;11017;GLIFO-POP S  X  5;5
PD;11029;PYRINEX M 22;93
PD;11029;PYRINEX M 22  LT.1;14
PD;11029;PYRINEX M 22 (LT);4
PD;11029;PYRINEX M 22 LT.5;255
PD;11029;PYRINEX M 22 x 1 lt;367
PD;11029;PYRINEX M 22 x 5 lt;285
PD;11030;PRIMO MAXX;22
PD;11030;PRIMO MAXX 1 LT;3
PD;11040;POLTIGLIA BORDOLESE DISPERSS BLU;160
PD;11041;VITIL COMBI;305
PD;11044;TUREX;3
PD;11045;DODIPREV 35;129
PD;11045;DODIPREV 35   x250ml;6
PD;11045;KOL DODIPREV 35 ML.250;266,5
PD;11059;;44
PD;11059;BIOPOWER;66
PD;11059;BIOPOWER x 1 Lt;442
PD;11059;BIOPOWER x 2 lt;2
PD;11062;;1
PD;11062;BION 50 WG;5
PD;11062;BION 50 WG x 0,5 kg;1
PD;11062;BION 50 WG x 0,500 Kg;0,5
PD;11070;TIOGOLD DISPERSS x 25 kg;15.675,00
PD;11088;BION MX;9
PD;11102;HELIOSOUFRE S;104,7
PD;11102;ZAPI AMBIENTA OIDIO 100 ML;1,4
PD;11104;CUPROFIX 30 DISPERSS non col.x 10;2.040,00
PD;11105;CUPROFIX 30 DISPERS BLU x 10;50
PD;11119;;4
PD;11119;FLINT;88,15
PD;11119;FLINT x 0,5 kg;5,5
PD;11119;FLINT x 150 gr;7
PD;11133;SHELTER;83
PD;11157;PROPYDOR;31
PD;11173;;52
PD;11173;AVAUNT EC;493,25
PD;11173;AVAUNT EC x 1 (+CORAGEN) TW.P.MAIS;104
PD;11173;AVAUNT EC x 1 lt;49
PD;11173;AVAUNT EC X LT.1;10
PD;11173;TWIN PACK MAIS LT1 AVAUNT+LT0.4 COR;138,6
PD;11183;;3
PD;11185;;5
PD;11190;PENCOR 10 EC;0,27
PD;11206;BAGNANTE CODACIDE x 10 lt;290
PD;11206;BAGNANTE CODACIDE x 2,5 lt;542,5
PD;11206;CODACIDE;1.118,50
PD;11212;BATKUR;117
PD;11223;;6,5
PD;11223;GALIGAN 500 SC;1
PD;11243;LEOPARD 5 EC;5.324,00
PD;11243;LEOPARD 5 EC  X LT.1;165
PD;11243;LEOPARD 5 EC x 1 Lt;6.433,00
PD;11243;LEOPARD 5 EC x 5 Lt;3.015,00
PD;11243;LEOPARD 5 EC X LT.5;610
PD;11253;;254
PD;11253;CALISTO;1
PD;11253;CALLISTO;1.000,00
PD;11253;CALLISTO  x 1 Lt;56
PD;11253;CALLISTO x 1 lt;1.089,00
PD;11253;CALLISTO x 5 lt;965
PD;11257;COSTAR WG;10
PD;11257;COSTAR WG 750 GR;6
PD;11258;;80
PD;11258;FAZOR STAR;20
PD;11282;KEMIFAN TRIO FL;3
PD;11301;SPHERE;103
PD;11301;SPHERE SC LT. 1 (2° XN);16
PD;11303;;260
PD;11303;CHAMP DP;1.000,00
PD;11313;PROXAN SL;6
PD;11338;FUGRAN;88
PD;11341;;176
PD;11341;STARANE GOLD;901
PD;11341;STARANE GOLD x 1 Lt;721
PD;11345;ZOLVIS 80 WDG;23
PD;11353;;194
PD;11353;FUSILADE MAX;1.021,00
PD;11353;FUSILADE MAX LT 5;45
PD;11353;FUSILADE MAX X 1;7
PD;11353;FUSILADE MAX x 1 Lt;52
PD;11353;FUSILADE MAX x 5 lt;65
PD;11359;SARCAP 800;85
PD;11360;GRIP 25;65,45
PD;11360;GRIP 25  50 ML;1,65
PD;11360;GRIP 25 500 ML;26
PD;11360;GRIP 25 ML 50;4
PD;11360;GRIP 25 ML 500;48
PD;11390;VITENE TRIPLO BLU;8
PD;11393;BEETLE;193
PD;11393;BEETLE (LT);8
PD;11393;BEETLE x 1 lt;2
PD;11402;MELODY COMBI;985
PD;11403;MELODY COMPACT;83
PD;11416;;60
PD;11416;OVIPRON TOP;324
PD;11416;OVIPRON TOP x 1 Lt;30
PD;11416;OVIPRON TOP x 1 lt (Nuova Etich.);95
PD;11416;OVIPRON TOP x 5 lt;575
PD;11427;AGRIGOLF GOLD;15
PD;11435;FLORANET;13
PD;11437;MELODY TRIO         PB X 1;2
PD;11448;;95
PD;11448;KICKER;18
PD;11449;GARDOPRIM GOLD;1.010,00
PD;11449;GARDOPRIM GOLD x 20 lt;1.800,00
PD;11449;GARDOPRIM GOLD x 5 lt;730
PD;11449;GARDOPRIM GOLD x 7 lt;19.145,00
PD;11479;BRANCHER DIRADO;14
PD;11497;CRITTOVIT WG x 1 kg;3.986,00
PD;11497;CRITTOVIT WG x 20 kg;5.600,00
PD;11499;BUSTER;18,4
PD;11501;VITE FOL;130
PD;11505;READY GERMIPLUS;42
PD;11505;READY GERMIPLUS 7 KG;28
PD;11505;READY GERMIPLUS X KG.7;35
PD;11523;SEPRADINA SC;249
PD;11523;SEPRADINA SC LT 1;34
PD;11525;FUNGICIDA FUNGIDINA;1
PD;11525;FUNGIDINA;400,1
PD;11525;ZAPI BOLLA FUNGIDINA LT 0,5;128
PD;11526;;18
PD;11526;SULTAN;563
PD;11526;SULTAN LT 1;11
PD;11526;SULTAN x 1 lt;91
PD;11527;;1
PD;11527;KOL PYRINEX QUICK DA 20 ML;3,62
PD;11527;KOL PYRINEX QUICK ML.250;153,75
PD;11527;KOL PYRINEX QUICK ML.50;24,65
PD;11527;PIRINEX QUICK;23
PD;11527;PIRINEX QUIK;0,48
PD;11527;PYRINEX QUICK;194,74
PD;11527;PYRINEX QUICK DA ML 100;1,5
PD;11527;PYRINEX QUICK x 1 lt;60
PD;11527;PYRINEX QUIK;7,3
PD;11560;REGALIS;6
PD;11560;REGALIS x 1 kg;2
PD;11561;BAYER NEEM AZAL 75 ML;10
PD;11561;INSETTICIDA NEEMAZAL T/S;0,03
PD;11561;NEEMAZAL T/S;63,19
PD;11561;NEEMAZAL T/S 75 ML;1,28
PD;11561;NEEMAZAL-T/S x 1 lt;11
PD;11561;NEEMAZAL-T/S x 5 lt;5
PD;11566;ZOLFO 80 WP;20
PD;11569;CUPROXAT S.D.I.;711
PD;11587;CAMBEL S;547
PD;11587;CAMBEL S X LT.1;187
PD;11587;CAMBEL S X LT.5;125
PD;11596;;14
PD;11596;CALYPSO;52,5
PD;11596;CALYPSO x 0,5 lt;27,5
PD;11597;OPUS TWIN LT.1  (2° XN) ESAU.;1
PD;11600;;4,5
PD;11600;CRUISER 350 FS;15
PD;11600;CRUISER 350 FS x 0,5 lt;0,5
PD;11611;;280
PD;11611;VYDATE 10L;5
PD;11614;;36,5
PD;11614;ACTARA 25 WG;193,5
PD;11614;ACTARA 25 WG  x 100gr;0,1
PD;11614;ACTARA 25 WG x 0,1 kg;15,4
PD;11614;ACTARA 25 WG x 0,5 kg;72,5
PD;11614;ACTARA 25 WG.X GR.500;1,5
PD;11619;TIOFLOR WDG;874
PD;11626;PIT STOP x 1 lt;24
PD;11626;PITSTOP;8,5
PD;11637;CUPROFIX C DISPERSS;1.809,00
PD;11638;FLUORATE;11,9
PD;11638;FLUORATE 5 LT;10
PD;11642;PIKAR;30
PD;11649;;0,25
PD;11649;COMMAND 36 CS;431,25
PD;11649;COMMAND 36 CS x 0,25 lt;18
PD;11649;COMMAND 36 CS x 1 lt;208
PD;11653;;31
PD;11653;FOLIO GOLD 537,5 SC;97
PD;11653;FOLIO GOLD 537,5 SC x 1 lt;33
PD;11653;FOLIO GOLD x 1 Lt;18
PD;11654;GRIZZLY EC;18
PD;11654;GRIZZLY EC x 1 lt;1
PD;11659;HERBITOTAL S;118
PD;11660;;1.065,00
PD;11660;SHOGUN;2.608,00
PD;11660;SHOGUN LT 1;51
PD;11660;SHOGUN x 5 Lt;45
PD;11660;SHOGUN x Lt 1;23
PD;11668;;2,1
PD;11668;PLENUM 50 WG;4,85
PD;11668;PLENUM 50 WG  x 0,250 Kg;2
PD;11668;PLENUM 50 WG x 0,25 kg;0,6
PD;11678;ACTELLIC 2P NEWPHARM;2.588,00
PD;11680;CICLONE x 5 lt;20
PD;11687;ACTELLIC 5 NEWPHARM;25.975,00
PD;11690;GOAL 480 SC;62
PD;11690;GOAL 480 SC x 5 lt;5
PD;11693;;82,25
PD;11693;LASER;43
PD;11693;LASER 100 ML;0,2
PD;11693;LASER x 0,25 lt (Spinosad);5,5
PD;11693;LASER x 0,5 lt (Spinosad);35
PD;11693;LASER X ML.250;0,25
PD;11694;CONSERVE SC;0,39
PD;11698;MINUET;24
PD;11711;MEXIRAM HI BIO;100
PD;11732;ALLEATO 80 WG;187
PD;11732;ALLEATO 80 WG x 1 kg;10
PD;11735;DELICIA CONTRA-LUMACHE;19,8
PD;11752;ENVIDOR 240 SC;3
PD;11752;ENVIDOR 240 SC x 0,5 lt;1
PD;11760;;80
PD;11760;POLITHIOL;120
PD;11760;POLITHIOL x 20 lt;20
PD;11773;DIMISTAR 40 ST;1
PD;11774;FORCE 20 CS;20
PD;11779;KOP-TWIN;9
PD;11786;AQ 10 WG;0,36
PD;11788;NEMACUR 240 CS x 5 lt;25
PD;11789;MANAGER;7
PD;11793;XENTARI;149,5
PD;11794;;17,25
PD;11794;PRESSING 500;13
PD;11794;PRESSING 500 x 0,75(con Avadex F.);83
PD;11796;GLIFAST;86,4
PD;11796;GLINFAST;60
PD;11814;;15
PD;11814;SPADA 200 EC;212,75
PD;11854;BUGGY TF;126
PD;11857;MIDAURIL COMBI;371
PD;11870;CUPRITAL S.D.I.;15,5
PD;11872;RIFLE 4-24 R;530
PD;11908;VENTUREX 35 L;31,35
PD;11908;VENTUREX 35 L DA ML 200;1,6
PD;11917;HOPPER GREEN;12
PD;11931;MANZEB 75 WG;31
PD;11944;ASPECT;735
PD;11944;ASPECT PREF SC533 LT.5;20
PD;11964;POLTIGLIA CAFFARO 20 GD;130
PD;11964;POLTIGLIA CAFFARO 20 GD x 10 Kg;80
PD;11977;SULFUR 80 WG;1
PD;11979;BORDO 20 MICRO;72,6
PD;11979;POLTIGLIA BORDO;8
PD;11991;;15
PD;11991;NEEMIK;136
PD;11991;NEEMIK x 1 lt;1
PD;12010;;764
PD;12010;TUAREG;5.901,00
PD;12010;TUAREG LT 1;16
PD;12010;TUAREG X 1;297
PD;12010;TUAREG x 1 Lt;2.282,00
PD;12010;TUAREG X 5;430
PD;12010;TUAREG x 5 Lt;465
PD;12010;TUAREG x 5 lt (+HARMONY x 50 gr);1.210,00
PD;12020;BAYER SUCCESS ML 50 NR 12020;0,45
PD;12020;INSETTICIDA SUCCESS;0,74
PD;12020;SUCCESS;3,94
PD;12020;SUCCESS 10 ML;0,16
PD;12020;SUCCESS 50 ML;1,2
PD;12020;SUCCESS x 1 lt;1
PD;12022;SPADA WDG x 1 kg;40
PD;12023;MEGIC 240;157,75
PD;12023;MEGIC LT 1;10
PD;12037;CAMIX;790
PD;12037;CAMIX x 5 lt;110
PD;12040;BORDOFLOW;2
PD;12043;;9
PD;12043;BAYER PREVICUR ENERGY 50 ML;6
PD;12043;PREVICUR ENERGY;32,9
PD;12043;PREVICUR ENERGY 50 ML;0,25
PD;12043;PREVICUR ENERGY x 1 Lt;14
PD;12044;CURZATE SYSTEM;135
PD;12048;;900
PD;12048;TIOSOL 80 WG;5.981,00
PD;12060;FOX;5
PD;12067;CIPER;157,5
PD;12068;BAYER TEFLUSTAR GRANULARE KG 1;18
PD;12068;INSETTICIDA TEFLUSTAR;8
PD;12068;TEFLUSTAR;5.532,40
PD;12068;TEFLUSTAR 1 KG;20
PD;12068;TEFLUSTAR x 10 kg;20
PD;12069;;10
PD;12069;EPIK;52,43
PD;12069;EPIK x 2 kg;2
PD;12083;DANADIM PROGRESS ST;2
PD;12096;;2.733,00
PD;12096;POLTIGLIA DISPERSS;20.132,00
PD;12096;POLTIGLIA DISPERSS NC x 15 Kg;135
PD;12096;POLTIGLIA DISPERSS x 1 kg;115
PD;12096;POLTIGLIA DISPERSS x 15 kg;345
PD;12096;POLTIGLIA DISPSERSS X KG.15;165
PD;12100;;32
PD;12100;ASSET;536
PD;12100;ASSET x 1 lt;94
PD;12114;AUXIGER LG;3,2
PD;12114;AUXIGER LG x 1 Lt;12
PD;12133;JUVINAL GOLD;6
PD;12136;VERITAS;5
PD;12136;VERITAS WG x 1 kg;5
PD;12136;VERITAS WG x 5 kg;5
PD;12136;VERITAS x 1 Kg;15
PD;12136;VERITAS x 5 Kg;85
PD;12138;R6 ERRESEI TREVI;138
PD;12172;FERRAMOL;127
PD;12172;FERRAMOL 1 KG;28
PD;12172;KOL FERRAMOL 1 KG ESCA LUMACHICIDA;95
PD;12172;KOL FERRAMOL 500 GR ESCA LUMACHICID;21
PD;12172;KOL FERRAMOL BIO ESCA LUMACHIC.3KG;48
PD;12174;V.I.P. FLOW;718
PD;12174;V.I.P. FLOW (LT);34
PD;12177;;3,8
PD;12180;;3
PD;12199;SILBOT MZ 60;10
PD;12200;SILBOT R x 1 kg;291
PD;12200;SILBOT R x 10 kg;1.050,00
PD;12202;ZEMIX R x 10 kg;20
PD;12206;GLUTEX CU 90  1 LT;36
PD;12212;PENTHIUM EC;365,2
PD;12215;VEBIPHOS 7,5;53
PD;12215;VEBIPHOS 7.5;10
PD;12225;;3,5
PD;12225;TEPPEKI;29,39
PD;12225;TEPPEKI 10 GR;0,13
PD;12225;TEPPEKI 10 GR (FLONICAMID)GREEN RAV;0,01
PD;12225;TEPPEKI x 0,5 kg;3
PD;12225;TEPPEKI x 100 gr;0,9
PD;12235;FERRAMOL ESCA LUMACHICIDA;2,5
PD;12243;;165
PD;12243;MANTIR DG;828
PD;12245;ROUNDUP 360 POWER x 20 lt;20
PD;12245;ROUNDUP POWER;212
PD;12263;VONDOZEB DG;450
PD;12263;VONDOZEB DG x 20 kg;940
PD;12285;;10
PD;12285;FORUM GOLD;507
PD;12296;GAIO SX;0,1
PD;12297;TRIBASE TWIN;412
PD;12297;TRIBASE TWIN DA LT 1;5
PD;12314;SCORE HOBBY 20 ML;0,06
PD;12315;ORTIVA HOBBY;1,51
PD;12315;ORTIVA HOBBY 50 ML;0,5
PD;12318;VIVER X LT.5;120
PD;12319;KRONOS;48
PD;12323;VEBIZOLFO WG;44
PD;12325;BAYER MESUROL M PLUS KG 1 NR 12325;4
PD;12325;LUMACHICIDA MESUROL;18
PD;12325;MESUROL M PLUS;803
PD;12330;DEDALUS SE;2,75
PD;12344;VEBITHRIN 5 EC;85,35
PD;12344;VEBITHRIN 5 EC DA ML 100;4,9
PD;12344;VEBITHRIN 5 EC DA ML 250;8,25
PD;12361;ALGEDI;110,2
PD;12361;ALGEDI (PER 4 HA);1
PD;12361;ALGEDI x 200 gr;199,6
PD;12361;ALGEDI X KG. 0.2;3,96
PD;12365;;0,4
PD;12368;;5
PD;12375;SUGAR 500 SC;1.257,00
PD;12375;SUGAR 500 SC x 5 lt;295
PD;12376;FITAGIL;4
PD;12376;FITAGIL x 1 Lt;6
PD;12381;;8
PD;12381;NU-FILM-P;31
PD;12383;;136
PD;12383;FLARE GOLD MZ PEPITE x 5 kg;665
PD;12383;RIDOMIL GOLD MZ PEPITE;2.316,00
PD;12383;RIDOMIL GOLD MZ PEPITE x 1 Kg;39
PD;12383;RIDOMIL GOLD MZ PEPITE x 5 Kg;60
PD;12385;ARMETIL COBRE SC;5
PD;12391;FUEGO;10
PD;12394;AGRO METAZACHLOR;10
PD;12395;CUTRIL TOP;630
PD;12395;CUTRIL TOP x 10 lt;20
PD;12399;GANZO;9
PD;12406;PLIS;1
PD;12406;PLIS X LT.0,5;33,5
PD;12421;FENDINAL SE;5
PD;12437;;205
PD;12437;DELAN 70 WG;881
PD;12437;DELAN 70 WG x 1 kg;364
PD;12437;DELAN 70 WG x 5 kg;105
PD;12452;;87
PD;12452;EQUIP;751
PD;12452;EQUIP LT5;10
PD;12452;EQUIP x 1 Lt;218
PD;12452;EQUIP x 5 lt;330
PD;12453;;105
PD;12453;MILDICUT;287
PD;12453;MILDICUT x 10 lt;120
PD;12459;VOLCAN SC;40
PD;12461;FINALSAN ERBICIDA PROFESSIONAL;8
PD;12461;KOL FINALSAN ERBICIDA PROF. 1 LT.;26
PD;12471;AKTOR TRIPLO BLU;200
PD;12482;;2.005,00
PD;12482;LUMAX;17.786,00
PD;12482;LUMAX  x 20 Lt;580
PD;12482;LUMAX x 20 lt;3.940,00
PD;12482;LUMAX x 20 lt (NEW);880
PD;12482;LUMAX x 5 Lt;2.295,00
PD;12482;LUMAX x 5 lt (NEW);15
PD;12482;LUMAX X LT.20 *;100
PD;12482;LUMAX X LT.5 *;90
PD;12489;;48
PD;12491;;9
PD;12491;CIPERTHRIN PLUS;109
PD;12491;CIPERTHRIN PLUS x 1 lt;191
PD;12493;MANCOZEB PLUS 75 WG;82
PD;12504;FLOWBRIX;4.113,00
PD;12505;FLOWBRIX BLU;80
PD;12514;VIPER;35
PD;12514;VIPER x 5 lt;25
PD;12519;CORSARIO;23
PD;12522;;174,5
PD;12522;METRO;7
PD;12528;CABRIO TOP;35
PD;12529;TUCANA 25 EC x 1 lt;48
PD;12534;DISERBANTE FOXTAIL;1,5
PD;12534;FOXTAIL;559,5
PD;12534;FOXTAIL  x  lt 1;199
PD;12534;FOXTAIL  x 250ml;10,5
PD;12534;FOXTAIL 1 LT;16
PD;12534;FOXTAIL 250 ML;2,5
PD;12534;FOXTAIL LT.1;76
PD;12534;FOXTAIL ML.250;98,75
PD;12534;FOXTAL DA ML 250;0,5
PD;12534;KOL FOXTAIL ML.250;0,75
PD;12540;;84
PD;12551;EMERALD DUO;1
PD;12566;PYGANIC 1,4;0,3
PD;12566;PYGANIC 1.4;52,48
PD;12566;PYGANIC 1.4 x 1 lt;4
PD;12573;;74
PD;12573;EKO OIL SPRAY;125,5
PD;12573;EKO OIL SPRAY x 1 lt;284
PD;12573;EKO OIL SPRAY x 5 lt;70
PD;12573;EKO OIL x 1 Lt;8
PD;12573;KOL OLIO MINERALE ML.250;24,75
PD;12578;RANMAN TWIN PACK x 1,75 Lt;3,5
PD;12584;AVIATOR SC x 1 lt;3
PD;12590;DIASTAR MAXI;1.970,00
PD;12590;DIASTAR MAXI x 10 kg;490
PD;12598;GRANSTAR POWER SX;256,15
PD;12598;GRANSTAR POWER SX x 1,090 Kg;56,68
PD;12598;GRANSTAR POWER SX x 1090 gr;10,9
PD;12622;;159
PD;12622;QUANTUM;971,5
PD;12622;QUANTUM x 0,5 Kg;410
PD;12622;QUANTUM x 500gr;20
PD;12625;;7
PD;12625;EFUZIN 355 SC;46
PD;12625;EFUZIN 355 SC x 1 lt;242
PD;12625;EFUZIN 355 SC x 5 lt;90
PD;12625;EFUZIN 355SC;12
PD;12627;DANADIM 400 ST;128
PD;12627;DANADIM 400 ST (LT);3
PD;12628;SERENADE MAX;93
PD;12629;;205
PD;12629;BUGGY 360 SG N.E.T.;10
PD;12636;QUASAR 6/24 R;1.337,00
PD;12636;QUASAR 6-24 R;51
PD;12642;TRATON SX;4,87
PD;12644;ALTIX;154
PD;12647;;21
PD;12647;GLITTER;397
PD;12647;GLITTER LT.1;16
PD;12650;NUPRID 200 SL;0,06
PD;12654;;0,5
PD;12654;SPINTOR;13,5
PD;12661;NEXOL 10 WDG;25
PD;12661;NEXOL 10 WG;4
PD;12662;;5
PD;12662;METAFOL 700 SC;40
PD;12670;RISOLUTIV SL;10
PD;12671;;8,39
PD;12671;HARMONY  50SX   x 20gr;1,2
PD;12671;HARMONY  50SX   x 50gr;0,15
PD;12671;HARMONY 50 SX;152,29
PD;12671;HARMONY 50 SX GR 16;0,32
PD;12671;HARMONY 50 SX WSB x 0,020 Kg;2,76
PD;12671;HARMONY 50 SX X  GR.16;0,22
PD;12671;HARMONY 50 SX x 16 gr;1,36
PD;12671;HARMONY 50 SX x 20 gr;40,44
PD;12671;HARMONY 50 SX x 50 gr;9,45
PD;12671;HARMONY 50 SX x 50 gr (+TUAREG x 5);11,25
PD;12671;HARMONY 50 SX X GR.20;3,82
PD;12671;HARMONY 50 SX X GR.50;4
PD;12692;KOL SPRUZIT BIO INSETTICIDA C.500ML;31
PD;12692;SPRUZIT INSETTICIDA;2,5
PD;12692;SPRUZIT X 250 ML.;0,88
PD;12696;TEBUZOL S DISPERSS;130
PD;12714;KELLY R DF x 10 kg;20
PD;12722;OSSICLOR 20 FLOW;487
PD;12722;OSSICLOR 20 FLOW LT 1;213
PD;12723;OSSICLOR 20 BLU FLOW;340
PD;12731;MICLOTOP PROGRESS;130
PD;12734;JUPITER R DF;674
PD;12734;JUPITER R DF KG 1;7
PD;12737;AIRONE PIU';2.697,00
PD;12738;KING 360 HP;330
PD;12747;RAMETTE;24
PD;12756;BAYER DICOTEX 100 ML;27
PD;12756;DICOTEX;58,3
PD;12756;DICOTEX 1 LT;48
PD;12756;DICOTEX 100 ML;2,9
PD;12756;DICOTEX 500 ML;12
PD;12759;OSSICLOR 35 WG;2.249,00
PD;12759;OSSICLOR 35 WG DA KG 1;12
PD;12759;ZAPI OSSICLOR 35 WG 200 GR.;5
PD;12759;ZAPI OSSICLOR 35 WG KG.1 OSSICLORUR;16
PD;12763;PYGRAIN;2.965,00
PD;12768;SPINTOR FLY;39,5
PD;12768;SPINTOR FLY x 1 lt;7
PD;12768;ZAPI MOSCA OLIVO SPINTOR FLY 250ML;0,2
PD;12770;ALAR 85 GOLD;17
PD;12770;ALAR 85 GOLD x 1 kg;11
PD;12778;PASTA SIAPA F NC x 10 lt;430
PD;12779;RAMEDIT COMBI WG x 1 kg;622
PD;12779;RAMEDIT COMBI WG x 10 kg;3.220,00
PD;12780;PASTA SIAPA F BLU x 1 lt;36
PD;12780;PASTA SIAPA F BLU x 10 lt;130
PD;12788;ADIGOR;30,5
PD;12793;ZOLFO AFEPASA 80 WG x 25;775
PD;12806;FEDOR;1.055,00
PD;12806;FEDOR x 1 Kg;184
PD;12808;GLOBAL SC;0,15
PD;12813;;1
PD;12813;AMISTAR XTRA;225
PD;12813;AMISTAR XTRA LT 1;12
PD;12813;AMISTAR XTRA x 1 lt;52
PD;12813;AMISTAR XTRA x 5 lt;75
PD;12824;MERLIN EXPERT;14
PD;12824;MERLIN EXPERT  x 1;19
PD;12828;SITOFEX;3
PD;12831;INSIGNIA 1 KG;2
PD;12832;;2
PD;12832;OPERA;1
PD;12832;OPERA x 1 Lt;47
PD;12837;;18
PD;12837;ARIUS SYSTEM PLUS;844
PD;12837;ARIUS SYSTEM PLUS x 1 lt;364
PD;12837;ARIUS SYSTEM PLUS x 5 lt;90
PD;12843;CHECKMATE CM-F;7,39
PD;12844;CHECKMATE OFM-F;2,34
PD;12847;EAGLE;26
PD;12849;;127
PD;12849;BENPROP PRO;362
PD;12849;BENPROP PRO x Lt 1;60
PD;12849;BENPROP PRO X LT.1;67
PD;12850;PRADO;1
PD;12856;CUPRORAM 25 FLOW;40
PD;12856;CUPRORAM 8/64 FLOW L 10;82
PD;12857;PROREX;6,5
PD;12857;PROREX x 0,5 lt;3,5
PD;12858;;23
PD;12858;PRODIGY;14
PD;12858;PRODIGY x 1 lt;17
PD;12859;BAYER BORNEO ACARICIDA ML 40;0,64
PD;12859;BAYER BORNEO ACARICIDA ML 5;0,07
PD;12859;BORNEO;7,95
PD;12859;BORNEO 5 ML;0,13
PD;12859;BORNEO ACARICIDA;0,25
PD;12862;;11
PD;12862;CANTUS;91
PD;12862;CANTUS x 1 kg;24
PD;12863;FLORAMITE 240 SC;4,75
PD;12865;;0,2
PD;12865;DANTOP 50 WG;1
PD;12865;DANTOP 50 WG x 0,200;4,8
PD;12866;;23
PD;12866;COLLIS;124
PD;12866;COLLIS x 1 Lt;47
PD;12868;;12
PD;12868;BELLIS;61
PD;12868;BELLIS x 1 kg;7
PD;12869;;161
PD;12869;SIGNUM;611
PD;12869;SIGNUM x 1 kg;252
PD;12878;;472
PD;12878;RIDOMIL GOLD COMBI;2
PD;12878;RIDOMIL GOLD COMBI PEPITE;6.113,00
PD;12878;RIDOMIL GOLD COMBI PEPITE x 1 kg;5
PD;12880;ATLANTIS WG;18,5
PD;12880;ATLANTIS WG x 0,500 Kg;5,5
PD;12881;;18
PD;12881;HUSSAR MAXX;13,8
PD;12881;HUSSAR MAXX x 0,600 Kg;4,2
PD;12883;;86
PD;12883;PROSPER 300 CS;2.108,00
PD;12883;PROSPER 300 CS (LT);5
PD;12883;PROSPER 300 CS x 1 Lt;122
PD;12884;BATAM;1
PD;12886;;1
PD;12886;KARATHANE STAR;661
PD;12886;KARATHANE STAR x 1 Lt;38
PD;12888;LEPINOX PLUS;196
PD;12888;LEPINOX PLUS x 1 kg;121
PD;12889;PICKER SC;5,2
PD;12889;PICKER SC ML.200;1
PD;12903;DOLESE WG;145
PD;12904;BRAITEX;345
PD;12916;;5
PD;12916;CYMONE 25 WP;45
PD;12924;;294
PD;12924;JUPITER WG;817
PD;12924;JUPITER WG 1 KG;28
PD;12924;JUPITER WG x 1 Kg;20
PD;12924;JUPITER WG x 10 Kg;10
PD;12933;MOXYL 20 WP;23
PD;12933;MOXYL 20 WP x 1 kg;107
PD;12940;;76
PD;12940;KARATE ZEON 1,5;33
PD;12940;KARATE ZEON 1,5   x 1 Lt;5
PD;12940;KARATE ZEON 1.5;1.434,50
PD;12940;KARATE ZEON 1.5 500 ML;10
PD;12940;KARATE ZEON 1.5 x 1 lt;367
PD;12972;GLYFOS DAKAR;1.440,00
PD;12973;GLYFOS RAPID;15
PD;12994;VIVER ELITE WG;9
PD;13005;PROMAG;0,3
PD;13012;FOLVIT 80 WDG x 5 kg;2.090,00
PD;13020;;1.505,00
PD;13020;MICRORAM 35 WG;62
PD;13025;MYSTIC 250 EW;156
PD;13039;POTCLEAN 2 G da KG.10  (al kg);50
PD;13039;POTCLEAN 2G;98
PD;13039;POTCLEAN 2G X KG.10;90
PD;13049;;17
PD;13049;SULCOGAN;588
PD;13049;SULCONGAN;12
PD;13055;MACHO;8
PD;13055;MACHO x 1 Lt;14
PD;13061;;80
PD;13061;BIOBIT DF;63
PD;13062;DIPEL DF x 1 kg;109
PD;13063;REGULEX 10 SG;0,9
PD;13064;;5
PD;13064;VITENE ULTRA SC;59
PD;13064;VITENE ULTRA X 1 Lt;6
PD;13065;;1
PD;13065;DOMARK 125;93
PD;13068;;814
PD;13068;NEORAM WG;60
PD;13071;SIAFEN x 0,5 lt;111
PD;13072;MANNIX;9,5
PD;13081;NISSORUN;2,5
PD;13084;;24
PD;13084;BAYER TELDOR PLUS ML 100;1,4
PD;13084;TELDOR PLUS;224,51
PD;13084;TELDOR PLUS x 1 Lt;154
PD;13087;;24
PD;13093;;1.151,00
PD;13093;STOMP AQUA;2.826,00
PD;13093;STOMP AQUA 1 LT;5
PD;13093;STOMP AQUA 5L*;90
PD;13093;STOMP AQUA x 1 Lt;729
PD;13093;STOMP AQUA x 10 lt;90
PD;13093;STOMP AQUA x 5 Lt;825
PD;13098;;205
PD;13098;ROUNDUP  POWER 2.0;305
PD;13098;ROUNDUP POWER 2.0;25.202,00
PD;13098;ROUNDUP POWER 2.0 1 LT;60
PD;13098;ROUNDUP POWER 2.0 x 1 Lt;59
PD;13098;ROUNDUP POWER 2.0 x 20 Lt;400
PD;13098;ROUNDUP POWER 2.0 x 5 Lt;790
PD;13104;ALGOR PLATIN;30
PD;13106;IKANOS;13
PD;13106;IKANOS x 1 lt;2.031,00
PD;13106;IKANOS x 5 lt;3.830,00
PD;13108;CURAME BORDEAUX;763
PD;13108;CURAME BORDEAUX KG 1;86
PD;13111;THIOCUR FORTE;552,3
PD;13111;THIOCUR FORTE  x 1 Lt;11
PD;13111;THIOCUR FORTE x 1 lt;20
PD;13116;MEDOR 35 CLASS;220
PD;13120;MYSTIC 430 SC x 1 lt;416
PD;13126;;120
PD;13126;CABRIO DUO;152
PD;13126;CABRIO DUO x 1 Lt;139
PD;13126;CABRIO DUO x 5 lt;125
PD;13127;VALIS F x 5 kg;35
PD;13128;;10
PD;13128;GOLTIX 50 WG;935
PD;13128;GOLTIX 50 WG X 1;53
PD;13128;GOLTIX 50 WG x 1 Kg;416
PD;13128;GOLTIX 50 WG X 5;40
PD;13143;;80
PD;13143;MEZENE WG;1.168,00
PD;13149;POLTIGLIA MAN.20WG KG 1;63
PD;13149;POLTIGLIA MAN.20WG KG 10;20
PD;13149;POLTIGLIA MANICA 20 WG;1.662,00
PD;13150;CURAME 35 WG;276
PD;13152;OPTIX R DISPERSS x 1 kg;60
PD;13153;BANVEL S x 1 lt;531
PD;13153;BANVEL S x 5 lt;155
PD;13154;MONDAK 480 S;25
PD;13155;PRIMEXTRA GOLD;120
PD;13158;;1
PD;13158;REMEDIER;44
PD;13158;REMEDIER x 1 kg;5
PD;13160;;10
PD;13160;FORUM TOP;25
PD;13160;FORUM TOP x 10 kg;120
PD;13160;FORUM TOP x 5 kg;40
PD;13167;;60
PD;13167;POMARSOL 80 WG;245
PD;13167;POMARSOL 80 WG *;80
PD;13167;POMARSOL 80 WG x 1 Kg;11
PD;13168;;123
PD;13168;LAUDIS;6.407,00
PD;13168;LAUDIS x 1 Lt;989
PD;13168;LAUDIS x 5 Lt;5.085,00
PD;13168;LAUDIS X LT.1;57
PD;13168;LAUDIS X LT.5;475
PD;13169;CYTHRIN L;0,9
PD;13179;PLAYER COMBI SC;4
PD;13185;SIATTOL;1
PD;13186;;0,16
PD;13186;TITUS MAIS 160 GR;0,16
PD;13186;TITUS MAIS EXTRA;4.910,58
PD;13186;TITUS MAIS EXTRA x 0,160 Kg;6,4
PD;13186;TITUS MAIS EXTRA x 160 gr;5,12
PD;13205;;200
PD;13205;ZOLFO MANICA SCORREVOLE DOPPIO RAFF;4.505,00
PD;13205;ZOLFO SCORR.DOPP.RAF. x 25 kg;3.325,00
PD;13211;ZOLFO VENTILATO SCORREVOLE 96%;1.588,00
PD;13212;CONFIDOR 200 0-TEQ 0,500 Lt;5,5
PD;13212;CONFIDOR 200 O-TEQ;21,7
PD;13212;CONFIDOR 200 O-TEQ x 0,2 lt;1,2
PD;13212;CONFIDOR 200 O-TEQ x 0,5 lt;30
PD;13213;;228
PD;13213;R 6 ALBIS DA KG 1;4
PD;13213;R6  ALBIS;77
PD;13213;R6 ALBIS KG1;105
PD;13213;R6 ERRESEI ALBIS;2.404,00
PD;13213;R6 ERRESEI ALBIS 1 KG;6
PD;13213;R6 ERRESEI ALBIS x 1 Kg;284
PD;13213;R6 ERRESEI ALBIS x 10 Kg;470
PD;13218;FINALSAN PLUS;720
PD;13218;FINALSAN PLUS 10 LT;120
PD;13218;FINALSAN PLUS PROF. X LT.10;50
PD;13218;FINALSAN PLUS PROF. X LT.20;1.320,00
PD;13218;NEU FINALSAN PLUS PROFESSIONAL 10 L;650
PD;13218;NEU FINALSAN PLUS PROFESSIONAL 20 L;200
PD;13222;DUOKAR 4,5 EW PRO;53
PD;13225;AGRIDIF 250;36
PD;13232;BITAM EC;42
PD;13236;BULLET;1.121,00
PD;13242;NICOGAN V.O.;1.745,00
PD;13242;NICOGAN V.O. x 1 lt;32
PD;13243;CIMOTER EXTRA;3
PD;13244;ZOLFO VENTILATO STELLA;10.025,00
PD;13244;ZOLFO VENTILATO STELLA (KG);250
PD;13244;ZOLFO VENTILATO STELLA 1 KG;6
PD;13249;ZOLFO VENT.STELLA RAMATO S x 25 kg;1.050,00
PD;13249;ZOLFO VENTILATO STELLA RAMATO S;810
PD;13250;ZOLFO VENTILATO STELLA RAMATO B;1.400,00
PD;13252;PLAYER 250 SC;43
PD;13253;PLAYER SC;691
PD;13253;PLAYER SC  X 5 Lt;280
PD;13253;PLAYER SC LT.1;89
PD;13253;PLAYER SC X LT5;75
PD;13254;PLAYER 25 WG;10
PD;13255;PLAYER GR;71
PD;13263;BORDORAM 20 WG;12,1
PD;13263;BORDORAM 20 WG 500 GR;5,5
PD;13267;IMPERO;8
PD;13267;IMPERO X LT.1;15
PD;13267;IMPERO X LT.5;20
PD;13285;SEVERAL;5
PD;13285;SEVERAL x 1 lt;70
PD;13290;ZOLFO MANICA DOPPIO RAFFINATO VENTI;1.525,00
PD;13292;ZOLFO A&A F.ZANUCCOLI TRIV.93% x 25;1.075,00
PD;13296;POKER 7,5;160
PD;13297;TRAPPER GR;9
PD;13298;QUANTUM F;31
PD;13299;MAGIO';271
PD;13308;;3
PD;13309;DRAKE 26;67
PD;13313;;19
PD;13313;CASPER;85
PD;13313;CASPER x 1 kg;53
PD;13314;;2
PD;13323;SULFY 80 WDG;598,3
PD;13323;ZAPI SULFY OIDIO ZOLFO WDG 1 KG;7
PD;13324;CUPRIZOL S;22,5
PD;13326;OMES;550
PD;13327;;4,45
PD;13327;GRANSTAR ULTRA SX;69,35
PD;13327;GRANSTAR ULTRA SX x 0,050 Kg;3
PD;13327;GRANSTAR ULTRA SX x 200 gr;39
PD;13327;GRANSTAR ULTRA SX x 50 gr;72,7
PD;13327;GRANSTAR ULTRA SX X GR.50 *;10,1
PD;13329;;97
PD;13329;OMNEX 10 EC;33
PD;13348;SARCAP 80 WG;19
PD;13352;DIREX;43
PD;13352;DIREX 7,5;14
PD;13352;DIREX 7,5 G;7
PD;13352;DIREX 7,5 GR;112
PD;13352;DIREX 7.5;32
PD;13352;KOL DIREX 7,5 BAR KG.1;517
PD;13352;KOL DIREX 7,5 BUS KG.1;447
PD;13355;TRONE;13
PD;13361;DECIS ENERGY O-TEQ;50,1
PD;13367;;39
PD;13367;DIVO;32,25
PD;13370;WARRANT 200 SL;49,75
PD;13375;NUPRID 200 SC;371,45
PD;13375;NUPRID 200 SC x 0,25 lt;4,25
PD;13375;NUPRID 200 SC x 1 lt;7
PD;13377;COLUMBUS  x 3 Lt;36
PD;13377;COLUMBUS X LT.3;36
PD;13378;ORTIVA TOP;44
PD;13382;;19,5
PD;13382;PERGADO R PACK HA 1  ESAU.;10
PD;13382;PERGADO SC;180
PD;13382;PERGADO SC & ZOMINEX;5
PD;13382;PERGADO SC x 0,5 lt;21
PD;13382;PERGADO SC X 1 (+ ZOMINEX);231
PD;13382;PERGADO SC x 1 Lt;72
PD;13385;PROLINE LT.5 (2°XN);10
PD;13386;;185
PD;13386;PROSARO;1.346,00
PD;13386;PROSARO x 1 Lt;92
PD;13387;;55,12
PD;13387;FLORAMIX;48,23
PD;13387;FLORAMIX x 0,530 kg;167,48
PD;13387;FLORAMIX X KG.0.53;5,83
PD;13387;FLORAMIX x530gr;1,06
PD;13389;;1.501,00
PD;13389;AFFIRM;1.206,00
PD;13389;AFFIRM x 1 Kg;159
PD;13389;AFFIRM x 10 kg;160
PD;13389;AFFIRM x 5 kg;230
PD;13391;;10
PD;13391;CYTHRIN 50 EC;43,24
PD;13391;CYTHRIN 50 EC 250 ML;5,75
PD;13402;LUMA-KL;100
PD;13403;GLOXY;0,4
PD;13409;;460
PD;13409;SILFUR WG;709
PD;13409;SILFUR WG (80%) x 1 kg;69
PD;13409;SILFUR WG (80%) x 10 kg;630
PD;13440;SATEL;9,77
PD;13447;HELMSTAR  75WG  x10gr;1
PD;13447;HELMSTAR 75 WG;1.097,28
PD;13451;;37
PD;13451;SPARVIERO;31
PD;13451;SPARVIERO X 0,250 Lt;7
PD;13455;;291
PD;13455;ANTIGRAM GOLD;654
PD;13455;ANTIGRAM GOLD x 1 lt;14
PD;13455;ANTIGRAM GOLD x 5 lt;220
PD;13466;;28
PD;13466;SPOTLIGHT PLUS;76
PD;13466;SPOTLIGHT PLUS x 1 Lt;75
PD;13468;CLINER;55
PD;13468;CLINER 100 ML;1,3
PD;13468;CLINER 250 ML;1,5
PD;13472;ALIEN;143
PD;13477;APHID;0,15
PD;13486;JUDO;85,75
PD;13486;JUDO x 1 Lt;15
PD;13489;CYMBAL;60
PD;13489;CYMBAL WG x 0,5 kg;54,5
PD;13500;CIPREN 10 WG;1,8
PD;13505;CLICK DUO;1.155,00
PD;13521;HELIOCUIVRE S;453,3
PD;13522;SPIDER KILL;3,95
PD;13540;QUASAR R FLOW;273
PD;13547;MEXIL ORO MZ WG;555
PD;13552;ZOLVIS 80 SECTOR;6.649,00
PD;13552;ZOLVIS 80 SECTOR KG 1;143
PD;13555;SHUT TWIN;414
PD;13560;FORZA;78
PD;13565;PASTA ISAGRO BLU;18
PD;13576;KOL RAMEPLANT WG GR.200;105
PD;13576;RAMEPLANT WG;119,7
PD;13577;CARPOSAN 40 CE;303
PD;13578;RAME CAFFARO BLU WG NEW;1.786,00
PD;13579;COPPER 12;1
PD;13579;COPPER 12 DA ML 250;1,75
PD;13581;TIOGEL 80 WDG;172
PD;13585;SOLOFOL;25
PD;13586;VERDERAME 20 WG;219,3
PD;13586;VERDERAME 20WG;11
PD;13586;ZAPI VERDERAME 20 WG 800 GR.;58,4
PD;13592;;11
PD;13592;BAYER VOLARE 50 ML;0,05
PD;13592;VOLARE;168,25
PD;13592;VOLARE x 1 Lt;59
PD;13600;ZOLFO S.A.I.M. DOPPIO VENT. x 10 kg;420
PD;13600;ZOLFO S.A.I.M. DOPPIO VENT. x 25 kg;25
PD;13607;NOBIL 1 LT;12
PD;13635;POLTIGLIA 20 PB MANICA;1.599,00
PD;13635;POLTIGLIA 20 PB MANICA 1 KG;186
PD;13635;POLTIGLIA 20 PD DA KG 1;9
PD;13637;;30
PD;13637;PERGADO F;125
PD;13637;PERGADO F x 1 Kg;7
PD;13637;PERGADO F x 5 kg;75
PD;13639;ACRAMITE 480 SC;1,5
PD;13639;ACRAMITE 480 SC  x 0,250 Lt;1
PD;13640;IMPRINT;33,05
PD;13648;SIARAM 20 WG x 1 kg;992
PD;13648;SIARAM 20 WG x 10 kg;710
PD;13648;SIARAM 20 WG x 20 kg;600
PD;13651;SPECTRO;97
PD;13667;AFIDANE 200 SL;18
PD;13667;AFIDANE 200 SL DA LT 1;1
PD;13687;BURT;13
PD;13689;FLINT MAX;3,5
PD;13689;FLINT MAX x 0,5 kg;13
PD;13691;TRIDAN COMBI T;371
PD;13693;BACILLUS CHEMIA;19
PD;13698;;14,31
PD;13698;VIVANDO;269,75
PD;13698;VIVANDO x 0,25 lt;42,5
PD;13698;VIVANDO x 1 lt;96
PD;13701;RUBIN SX;22,4
PD;13702;;940
PD;13702;GEOTOX 7,5 C;560,5
PD;13702;GEOTOX 7,5 G;13
PD;13702;GEOTOX 7,5C;2.360,00
PD;13702;GEOTOX 7.5 C;940
PD;13707;;622
PD;13707;IMPACT SUPREME;500
PD;13707;IMPACT SUPREME x 1 Lt;173
PD;13707;IMPACT SUPREME x 5 lt;45
PD;13709;;6
PD;13709;U 46 PRATI;85
PD;13709;U 46 PRATI x 1 lt;34
PD;13711;;1.067,00
PD;13711;QUIZA 5 EC;12
PD;13716;CAPTAN ARVESTA 80 WG x 10 kg;20
PD;13719;THIAMON 80 PLUS;453
PD;13721;AFIDINA QUICK;518
PD;13721;AFIDINA QUICK 100ML;1,6
PD;13721;AFIDINA QUICK x 1 Lt;24
PD;13736;;205,5
PD;13736;TRACE;64,5
PD;13736;TRACE x 0,750 lt;33,75
PD;13741;SELECTA DISPERSS x 1 lt;10
PD;13742;PERGADO MZ;530
PD;13742;PERGADO MZ x 1 Kg;152
PD;13742;PERGADO MZ x 5 Kg;45
PD;13753;GAL-GONE;18
PD;13765;SHERPA 100 EW;702
PD;13765;SHERPA 100 EW x 1 lt;172
PD;13765;SHERPA 100EW;42
PD;13771;;23
PD;13771;NIMROD 250 EW;367
PD;13771;NIMROD 250 EW x 1 Lt;73
PD;13782;DOURO 10 WG;38
PD;13784;RIVIERA MZ;592
PD;13785;;20
PD;13785;QUANTUM MZ;283
PD;13785;QUANTUM MZ (IDRO) x 5 kg;15
PD;13785;QUANTUM MZ x 5 kg;215
PD;13786;QUANTUM R;548
PD;13786;QUANTUM R (KG);84
PD;13786;QUANTUM R x 5 Kg;75
PD;13787;RIVIERA R;59
PD;13791;GAETER-STAR x 500gr;8,5
PD;13791;GEATER-STAR;71
PD;13792;;7
PD;13792;STABILAN;428
PD;13792;STABILAN x 5 lt;120
PD;13793;;1
PD;13793;RUNNER M;212
PD;13794;;20
PD;13794;SPADA WDG;80
PD;13796;CELL;4
PD;13801;TOUCHDOWN HOBBY;14,25
PD;13807;RAVENAS;18
PD;13809;;990
PD;13809;FORCE ULTRA;19.580,00
PD;13809;FORCE ULTRA x 10 Kg;19.610,00
PD;13809;FORCE ULTRA X KG.10;910
PD;13812;NOTO 40 OD;182
PD;13815;TUTOR 18-15;706
PD;13815;TUTOR 18-15 KG 1;127
PD;13817;ALIAL WG;123
PD;13817;ALIAL WG x 1 kg;88
PD;13820;BAYTEROID 25 EC;79
PD;13820;BAYTEROID 25 EC X LT.1;116
PD;13823;AL VERDE;0,08
PD;13823;ALVERDE;37,95
PD;13823;ALVERDE ML.250;1
PD;13823;ZAPI DORIFORA E LEPID. ALVERDE 10 M;2
PD;13823;ZAPI DORIFORA E LEPID. ALVERDE 50 M;0,65
PD;13837;;1
PD;13843;;294
PD;13843;ZELIG 480 EC;374
PD;13843;ZELIG 480 EC x 1 Lt;25
PD;13852;DIQUA;282
PD;13852;DIQUA X LT.5;100
PD;13857;CRODIX GEO;810
PD;13857;CRODIX GEO x 10 Kg;20
PD;13857;CRODIX GEO X KG.10;750
PD;13858;MEDIATOR EXTRA SL;19,1
PD;13858;MEDIATOR EXTRA SL 100 ML;0,8
PD;13876;APACHE;11
PD;13877;KITT PRONTO;55,5
PD;13883;REBEX;750
PD;13885;;60
PD;13885;MICROCOPP NEUTRO FL x 1 lt;672
PD;13885;MICROCOPP NEUTRO FL x 10 lt;92
PD;13888;FANTIC F NC WG;145
PD;13899;;1,5
PD;13899;ASCO 45 WG%;3
PD;13905;;144
PD;13905;BANJO;81
PD;13905;BANJO (Nuova Etichetta Pero) x 1 lt;10
PD;13905;BANJO x 1 Lt;1
PD;13913;;455
PD;13913;ORIUS P;20
PD;13925;BOGARD x 0,5 lt;63
PD;13926;SPONSOR;81,5
PD;13926;SPONSOR E X LT.0,5;39,5
PD;13927;ZAMIR 18;3,5
PD;13943;SINPHOSATE x 20 lt;80
PD;13955;MITIGREEN;90
PD;13981;;107,3
PD;13981;CORAGEN;351
PD;13981;CORAGEN x 0,300 Lt;71,7
PD;13981;CORAGEN x 0,400 (+AVAUNT)TW.P MAIS;41,6
PD;13981;CORAGEN X 300 ML *;15,9
PD;13998;PYRUS 400 SC;7
PD;14005;;637
PD;14005;CLORTOSIP 500 SC;2.841,00
PD;14005;CLORTOSIP 500 SC  x 1 Lt;255
PD;14005;CLORTOSIP 500 SC  x 5 Lt;100
PD;14005;CLORTOSIP 500 SC x 1 lt;704
PD;14005;CLORTOSIP 500 SC x 5 lt;1.155,00
PD;14006;INDIPENDENT 25 PB;1
PD;14018;BASIC;36
PD;14021;BREK DUO;315
PD;14023;SUPPORT 100 EC x 1 lt;5
PD;14023;SUPPORT 100 EC x 1 lt (Nuova Etic.);27
PD;14024;PERFIL 10 WP;15,5
PD;14034;CURENOX TOP MICRO;3,6
PD;14042;SUPRAFOS EC;45
PD;14044;JOKER 480 x 1 lt (N.C.);5
PD;14052;HALLIG 80 WG;28
PD;14052;HALLIG 80 WG KG 1;5
PD;14058;;2,25
PD;14058;FEINZIN 70 DF;227,25
PD;14058;FEINZIN 70 DF  x250gr;1,25
PD;14058;FEINZIN 70 DF x 0,250 kg;33,25
PD;14058;FEINZIN 70 DF X GR.250 *;66
PD;14062;;18
PD;14062;ZOXIUM 240 SC;200
PD;14074;KOL TRINEX 250 EW 100 ML. PER OIDIO;24,1
PD;14074;KOL TRINEX 250 EW 250 ML. PER OIDIO;21,75
PD;14074;TRINEX 250 EW;1,2
PD;14074;TRINEX 250 EW x 1 lt;16
PD;14076;CYPRUS 25 DF;1,1
PD;14077;;52
PD;14077;CHAMP 20 DF;3.016,00
PD;14077;CHAMP 20 DF x 10 kg;200
PD;14080;MIZAR;7
PD;14085;PUNTIL MZ;10
PD;14091;APHOX;7
PD;14098;CRITTOX GD 75 x 10 kg;4.640,00
PD;14099;;30
PD;14099;ASPOR WDG;1.100,00
PD;14100;KANEMITE;8,5
PD;14100;KANEMITE ML 50;16,5
PD;14101;;1
PD;14101;CARAMBA;148
PD;14101;CARAMBA x 1 lt;1.793,00
PD;14102;BORDOFLOW NEW;1.174,00
PD;14109;NICOSH;88
PD;14119;VISIR PENCOTECH;145
PD;14122;KATAR;6
PD;14123;ZETARAM NEW-TECH KG.10;40
PD;14127;MEVAXIL COBRE;1,75
PD;14128;ZIGNAL;7
PD;14130;PERSHING 44 EC;9
PD;14135;GRENADIER 75 DF;5,22
PD;14136;;1
PD;14136;OBERON;1,5
PD;14137;;11,9
PD;14137;ALTACOR;17,2
PD;14137;ALTACOR x 300 gr;4
PD;14154;BAYER PIRETRO ACTIGREEN 100 ML;11
PD;14154;INSETTICIDA PIRETRO;0,36
PD;14154;PIRETRO ACTIGREEN;10,54
PD;14154;PIRETRO ACTIGREEN 100 ML;0,6
PD;14155;KOMPASS x 10 kg;810
PD;14156;CURZATE R WG;56
PD;14158;CHLORCYRINE 550 EC;17
PD;14163;SARMOX 440 WG;113
PD;14164;TRIKA Z x 10 kg;10
PD;14165;;5
PD;14165;NANDO MAXI;71
PD;14165;NANDO MAXY x 1 lt;17
PD;14166;;43
PD;14166;ZETOR;106
PD;14168;SILWET VELONEX;21
PD;14168;SILWET VELONEX x 1 lt;1
PD;14169;PERGADO R;1.015,00
PD;14169;PERGADO R x 10 kg;155
PD;14169;PERGADO R x 5 kg;80
PD;14178;;1
PD;14178;TRI-BASE FUNG.;5
PD;14182;;146
PD;14182;ARES 25 WG;435
PD;14187;SILWET FASTEX;3,5
PD;14193;SARMOX 45 DG;52,5
PD;14195;KENDO WITH ZEON TECNOLOGY x 1 lt;421
PD;14208;;33
PD;14208;RELDAN LO;672
PD;14214;RAPSAN 500 SC;2
PD;14232;;15,5
PD;14240;PYR PRONTO;4,5
PD;14245;GOLEM;0,75
PD;14248;CLOR QUICK;57,1
PD;14248;ZAPI CLOR QUICK ML 100 UNIV.ABBATT.;0,8
PD;14248;ZAPI UNIVERSALE CLOR QUICK;2,5
PD;14254;BILO 7,5 C;30
PD;14254;BILO 7.5 C;20
PD;14257;UNDERLINE 0,2 G;1.030,00
PD;14262;;3
PD;14262;BAYER GREENEX NF  40ML;4,8
PD;14262;BAYER GREENEX NF 250ML;1,2
PD;14262;GREENEX NF;47,57
PD;14262;GREENEX NF 250 ML;15
PD;14262;GREENEX NF 40 ML;0,96
PD;14262;GREENEX NF 500 ML;10
PD;14262;GREENEX NF x 0,500 Lt;0,5
PD;14262;GREENEX NF X ML.500;12,5
PD;14263;BIOTEN;0,65
PD;14273;NIFURON;50
PD;14281;BUCTRIL UNIVERSAL x 1 Lt;78
PD;14290;;244
PD;14290;KOHINOR 200 SL;611,46
PD;14290;KOHINOR 200 SL 100 ML;1,3
PD;14290;KOHINOR 200 SL x 0,25 lt;117,5
PD;14290;KOHINOR 200 SL x 1 Lt;162
PD;14290;KOHINOR 200SL  x 5 ml;0,23
PD;14290;KOHINOR 200SL  x200ml;9,4
PD;14290;KOL KOHINOR 200 SL DA 5 ML;59,55
PD;14290;KOL KOHINOR 200SL ML.1 8F;0
PD;14290;KOL KOHINOR 200SL ML.100;57,8
PD;14290;KOL KOHINOR 200SL ML.50;33,05
PD;14294;;0,1
PD;14294;EXECUTIVE;2,44
PD;14294;EXECUTIVE x 100 gr;3,3
PD;14323;BELPROMEC;17
PD;14333;DIMILIN SC 15;24
PD;14336;NEMATHORIN 150 EC;15
PD;14342;;280
PD;14342;VOLCAN COMBI SC;1.306,00
PD;14342;VOLCAN COMBI SC x 1 Lt;406
PD;14342;VOLCAN COMBI SC x 5 lt;120
PD;14350;ZOLFO RAMATO 5;19
PD;14368;RESOLVA 24H;2
PD;14386;OLIONET;14
PD;14387;NERVURE SUPER;203
PD;14405;;276
PD;14405;MERLIN FLEXX;2.765,00
PD;14405;MERLIN FLEXX  x 2 Lt;106
PD;14405;MERLIN FLEXX x 10 lt;200
PD;14405;MERLIN FLEXX x 2 lt;264
PD;14405;MERLIN FLEXX X LT.10;180
PD;14405;MERLIN FLEXX X LT.2;174
PD;14405;MERLIN FLEXX X LT.5;290
PD;14406;LEIMAY;106,5
PD;14407;RUNWAY;57,75
PD;14407;RUNWAY x 0,5 lt;39,5
PD;14409;;8
PD;14409;MOVENTO 48 SC;203,29
PD;14409;MOVENTO 48 SC x 1 lt;41
PD;14409;MOVENTO 48 SC x 5 lt;45
PD;14409;MOVENTO LT.5;480
PD;14409;MOVENTO X LT.1;11
PD;14414;DUSTY;287,45
PD;14414;KOL DUSTY OLIO BIANCO EMULS. 150 ML;22,8
PD;14414;OLIO BIANCO EMULSIONAT (DUSTY);0,9
PD;14418;PULSAR 40 SL;1.856,00
PD;14418;PULSAR 40 SL (IP) x 1 lt;175
PD;14418;PULSAR 40 SL (IP) x 5 lt;325
PD;14423;PRIMISOL 80 WDG;98
PD;14426;GEODIS;33
PD;14426;GEODIS x 1 kg;7
PD;14431;;30
PD;14431;LENTAGRAN 45 WP;92,2
PD;14431;LENTAGRAN 45 WP x 1 kg;8
PD;14432;;40
PD;14432;METRIC;993
PD;14434;NUANCE;0,12
PD;14461;CURIT DUO;9
PD;14462;KOBAN T;195
PD;14469;ROMIN 600;77
PD;14469;ROMIN 600  X 5;25
PD;14472;PARTNER EC;37
PD;14474;TEBUSIP COMBI;22,75
PD;14488;;120
PD;14488;ANTRACOL 70 WG;376
PD;14488;ANTRACOL 70 WG x 10 kg;80
PD;14488;ANTRACOL WG70 x 1 Kg;31
PD;14510;ELECTIS TRIO;22
PD;14514;BOOSTER;7
PD;14523;;5,5
PD;14523;CARPO 600;72,5
PD;14525;MAROX SX x 100 gr;17
PD;14540;;8
PD;14540;SEPARO;1
PD;14550;HOOK 480 PLUS;19
PD;14559;AGREE WG;28
PD;14573;BACTOSPEINE 32 WG;106
PD;14575;;25,4
PD;14575;TRIMMER SX x 20 gr;0,12
PD;14576;CUTRIL EVO;140
PD;14577;;158
PD;14577;FORUM R 3B;1.427,00
PD;14577;FORUM R 3B x 1 Kg;265
PD;14577;FORUM R 3B x 10 Kg;50
PD;14579;RAMIN 30 DF (KG);113
PD;14636;;688
PD;14636;BIOLID UP;2.334,10
PD;14636;BIOLID UP ML 500;16,5
PD;14636;BIOLID UP x 1 Lt;1.521,00
PD;14638;;10
PD;14638;NETOR;2.264,00
PD;14640;OBOKE-SC LT.1;9
PD;14642;;350
PD;14642;RIDOMIL GOLD R WG;3.565,00
PD;14642;RIDOMIL GOLD R WG  x 5 Kg;145
PD;14642;RIDOMIL GOLD R WG x 1 kg;152
PD;14643;CENTIUM 36 CS;34
PD;14643;CENTIUM 36 CS x 1 lt;5
PD;14650;ROGATOX 40 ST;26
PD;14660;BTK 32 WG 500 GR;19,5
PD;14664;;0,1
PD;14664;BERELEX 40 SG;0,3
PD;14682;KATANA;0,25
PD;14684;SUPERBO E X LT.5;60
PD;14685;ACROBAT R 3B x 10 kg;340
PD;14687;QUAD-GLOB 200 SL;174
PD;14687;QUAD-GLOB 200 SL x 1 lt;22
PD;14687;QUAD-GLOB 200 SL x 5 lt;175
PD;14693;;1,5
PD;14693;VIP 80 EC x 0,75 lt;3,75
PD;14693;VIP 80 EC X LT.0,75;13,5
PD;14697;;8
PD;14697;ENERVIN DUO;99
PD;14697;ENERVIN DUO x 1 lt;4
PD;14697;ENERVIN DUO x 5 lt;25
PD;14699;GEOXE;5,5
PD;14724;CIP;11
PD;14728;CELIO;2
PD;14730;CHIMIGOR 40;10
PD;14730;CHIMIGOR 40 ST;196
PD;14730;CHIMIGOR 40 ST x 1 Lt;25
PD;14735;;7,5
PD;14735;RANMAN TOP;63,5
PD;14735;RANMAN TOP x 0,500 Lt;4
PD;14735;RANMAN TOP x 2 lt;26
PD;14737;ROUNDUP PLATINUM;18.668,00
PD;14737;ROUNDUP PLATINUM 1 LT;261
PD;14737;ROUNDUP PLATINUM DA LT 1;58
PD;14737;ROUNDUP PLATINUM DA LT 5;5
PD;14737;ROUNDUP PLATINUM x 15 lt;630
PD;14737;ROUNDUP PLATINUM x 5 lt;95
PD;14739;DECIS PROTECT;29
PD;14739;DECIS PROTECT AL;31
PD;14758;KARATE WITH ZEON TECHNOLOGY 1.5 HOB;21,14
PD;14759;SULC0CAP;34
PD;14759;SULCOCAP;60
PD;14760;ERBICIDA RASIKAL;84
PD;14764;SLUXX;110
PD;14765;;66
PD;14765;ELUMIS;1.968,00
PD;14765;ELUMIS x 1 lt;121
PD;14765;ELUMIS x 5 lt;80
PD;14766;;12
PD;14766;ACTARA 240 SC x 1 lt;17
PD;14769;;38
PD;14769;COMET 250 EC;97,7
PD;14770;MISCANTI DUO;1
PD;14772;;588
PD;14785;DRISCOLL;56,57
PD;14785;DRISCOLL  x 200ml;3,4
PD;14785;DRISCOLL  x 50ml;1,1
PD;14785;DRISCOLL 10 ML;0,2
PD;14785;DRISCOLL 50 ML;2,25
PD;14785;DRISCOLL 500 ML;5
PD;14792;MELODY TREVI x 1 kg;34
PD;14792;MELODY TREVI x 8 kg;72
PD;14797;SIATTOL 200 PLUS;32,92
PD;14799;AFLOR 200 SC;0,75
PD;14799;AFLOR 200 SL;136,24
PD;14799;ZAPI AFICIDA SIST.ML.5 AFLOR 200SL;1,04
PD;14799;ZAPI AFICIDA SIST.ML.50 AFLOR 200SL;8,6
PD;14803;ELECTIS ZR;4
PD;14805;QUASAR M 2 WG DA KG 1;2
PD;14805;QUASAR MZ WG;128
PD;14807;;17,75
PD;14807;LUZINDO;266,25
PD;14807;LUZINDO x 0,25 kg;35,25
PD;14807;LUZINDO x 0,250 Kg;4,25
PD;14807;LUZINDO x 1 kg;54
PD;14809;CUPRAVIT BIO EVOLUTION;240
PD;14809;CUPRAVIT BIO EVOLUTION x 1 kg;54
PD;14809;CUPRAVIT BIO EVOLUTION x 10 kg;640
PD;14812;;33
PD;14812;ENERVIN TOP;108
PD;14812;ENERVIN TOP WG x 1 kg;166
PD;14812;ENERVIN TOP WG x 5 kg;680
PD;14812;ENERVIN TOP x 1 Kg;9
PD;14815;;1.044,00
PD;14815;ADENGO;9.026,00
PD;14815;ADENGO LT 10;50
PD;14815;ADENGO LT 2;148
PD;14815;ADENGO x 10 lt;3.140,00
PD;14815;ADENGO x 2 Lt;1.722,00
PD;14815;ADENGO X LT.10;300
PD;14815;ADENGO X LT2;236
PD;14818;ACANTO;42
PD;14818;ACANTO x 1 lt;27
PD;14819;VALIS M;30
PD;14819;VALIS M x 1 Kg;10
PD;14828;NUPRID SUPREME SC;5
PD;14828;NUPRID SUPREME SC x 1 lt;84
PD;14830;CUPROFIX ULTRA DISPERSS;75
PD;14837;GLIFOSAR FLASH;1.816,00
PD;14838;BARCLAY GALLUP BIOGRADE 360;2.096,00
PD;14838;GALLUP BIOGRADE;810
PD;14838;GALLUP BIOGRADE 360 x 20 lt;11.360,00
PD;14838;GALLUP BIOGRADE 360 x 5 lt;25
PD;14844;CLUSTER 500;8
PD;14845;MYSTIC PLUS S;1.450,00
PD;14845;MYSTIC PLUS S x 1 kg;66
PD;14845;MYSTIC PLUS S x 10 kg;50
PD;14854;KARAMAT M;184
PD;14857;ABOTRIL 500;12
PD;14867;;5
PD;14867;SYNERO;14
PD;14867;SYNERO x 1 lt;11
PD;14868;IDROX 22 NEW;126
PD;14870;COPPERLAND x 10 kg;280
PD;14872;;2,5
PD;14872;BELLIS DRUPACEE;12,5
PD;14872;BELLIS DRUPACEE x 2,5 kg;15
PD;14876;GRANDSTAND;258,5
PD;14876;GRANDSTAND 1 LT;69
PD;14876;GRANDSTAND 250 ML;4,5
PD;14876;GRANDSTAND ERBICIDA LT1;71
PD;14878;FOXTROT;91
PD;14879;;2,1
PD;14879;LONTREL 72 SG;23,25
PD;14879;LONTREL 72 SG x 150 gr;12
PD;14884;;791
PD;14884;CORUM;5.615,00
PD;14884;CORUM LT 1;26
PD;14884;CORUM x 1 Lt;194
PD;14895;;120
PD;14895;LANNATE 20 SL;50
PD;14895;LANNATE 20 SL x 1 lt;11
PD;14896;;150
PD;14897;FLUROSTAR 200 x 1 lt;11
PD;14900;KENKIO;1.640,00
PD;14901;CONCORDE 125;3,8
PD;14901;CONCORDE 125 x 0,5 lt;0,5
PD;14909;;25
PD;14909;NURELLE 5;832
PD;14909;NURELLE 5 x 1 Lt;40
PD;14914;YSAYO x 10 lt;290
PD;14919;EMERALD 125;5,28
PD;14919;EMERALD 125   x 50ml;0,85
PD;14919;EMERALD 125   x 5ml;0,04
PD;14919;EMERALD 125 50 ML;18,5
PD;14920;ZOLFO 80 WP ZOLFINDUSTRIA;1.125,00
PD;14921;KOHINOR OLEA;26
PD;14931;;2
PD;14931;GRISU;35
PD;14935;TRAXOS ONE;786
PD;14935;TRAXOS ONE LT 1;16
PD;14935;TRAXOS ONE x 1 Lt;259
PD;14935;TRAXOS ONE x 5 lt;295
PD;14936;;23,5
PD;14936;AMPLIGO;462,5
PD;14936;AMPLIGO x 0,5 lt;5
PD;14936;AMPLIGO x 1 lt;63
PD;14937;VOLIAM TARGO;5
PD;14937;VOLIAM TARGO LT.1;36
PD;14940;TAKUMI;4,3
PD;14940;TAKUMI x 0,5 lt;10,5
PD;14944;;18
PD;14944;FLUXYR 200 EC;193
PD;14947;TRUSTEE 450;398,5
PD;14947;TRUSTEE 450 TM;252
PD;14947;TRUSTEE 450 TM DA LT 1;171
PD;14951;BOTECTOR;0,8
PD;14951;BOTECTOR x 0,4 kg;2
PD;14967;;52
PD;14967;TIPTOR ULTRA;1.099,00
PD;14967;TIPTOR ULTRA LT 1;10
PD;14967;TIPTOR ULTRA x 1 Lt;131
PD;14967;TIPTOR ULTRA x 5 lt;100
PD;14969;HOPPER 480;219
PD;14970;POLYSECT ULTRA SL;4,9
PD;14972;DICARZOL 50 SP;8
PD;14972;DICARZOL 50 SP KG.1 (1°T);1
PD;14974;BELEM 0.8 MG;24
PD;14980;;24
PD;14980;AFFINITY PLUS;55
PD;14980;AFFINITY PLUS x 1 Lt;3
PD;14986;OPERA NEW;565
PD;14986;OPERA NEW x 5 lt;165
PD;15005;FONTELIS;11
PD;15006;TRAXOS PRONTO x 1 lt (1 HA);45
PD;15006;TRAXOS PRONTO x 5 lt (5 HA);10
PD;15007;AXIAL PRONTO;5,25
PD;15008;LBG - 01F34;698
PD;15009;TALISMA UL;4.340,00
PD;15010;AMISTAR PLUS LT.1 (2°XN);51
PD;15013;NATRIA LUMACHICIDA;78,5
PD;15019;RIVIERA;264
PD;15020;CYFLUTREX;30
PD;15024;;45
PD;15024;MESUROL 200 SC;58
PD;15024;MESUROL 200 SC x 1 lt;42
PD;15030;COSSACK x 0,6 kg;30
PD;15034;DICOPHAR;24,1
PD;15034;KOL DICOPHAR ML.100;377
PD;15034;KOL DICOPHAR ML.500;28
PD;15036;PROPIFLOWER;5
PD;15037;BREZZA;28
PD;15041;;4,5
PD;15041;OPINION ECNA;121,5
PD;15041;OPINION ECNA 500 ML;3,5
PD;15041;OPINION ECNA x 0,5 lt;23,5
PD;15041;OPINION ECNA X 500 ML. *;35
PD;15047;R6 BORDEAUX WG;12
PD;15047;R6 BORDEAUX WGX GR 250;2,25
PD;15047;R6 ERRESEI BORDEAUX WG;118
PD;15049;;31
PD;15049;MODDUS;320
PD;15049;MODDUS  x 1 Lt;22
PD;15049;MODDUS LT 1;5
PD;15049;MODDUS x 1 lt;25
PD;15050;;17
PD;15050;VERTIMEC PRO;225
PD;15050;VERTIMEC PRO  x 1 Lt;2
PD;15050;VERTIMEC PRO x 1 lt;124
PD;15050;VERTIMEC PRO x 5 lt;45
PD;15051;KILEO +2,4D;20
PD;15051;KYLEO;215
PD;15051;KYLEO x 20 Lt;20
PD;15052;KAIMO SORBIE;17
PD;15053;ADMIRAL ECHO x 1 lt;2
PD;15058;PRINCIPAL MAIS;56,04
PD;15058;PRINCIPAL MAIS x 440 gr;24
PD;15059;;158
PD;15059;DECIS EVO;1.184,50
PD;15059;DECIS EVO 250 ML;3,5
PD;15059;DECIS EVO ML250;5,75
PD;15059;DECIS EVO x 0,25 lt;1
PD;15059;DECIS EVO x 1 Lt;173
PD;15059;DECIS EVO x 5 lt;105
PD;15059;DECIS EVO X1;8
PD;15062;PIRAMAX  EC;92
PD;15062;PIRAMAX EC;5
PD;15063;NIMBLE;10
PD;15063;NIMBLE x 50 gr;5,05
PD;15064;MAESTRO WG ADVANCE;8
PD;15067;MIG-40 SC;2
PD;15071;;23
PD;15071;EVOLUTION;76
PD;15071;EVOLUTION x 1 Lt;13
PD;15079;JUVINAL ECHO;5,75
PD;15083;AUDACE x 1 lt;44
PD;15084;;90
PD;15084;DRUM/XI;10
PD;15085;VITISAN 45 WG;6
PD;15093;CENTURIO;451,5
PD;15093;CENTURIO x  500gr;1
PD;15093;CENTURIO x 5 kg;125
PD;15093;KOL CENTURIO KG.1;300
PD;15096;GLIPHOGAN TOP CL;161
PD;15096;GLIPHOGAN TOP CL x 1 lt;2.376,00
PD;15096;GLIPHOGAN TOP CL x 20 lt;900
PD;15096;GLIPHOGAN TOP CL x 5 lt;1.545,00
PD;15101;CIMORAM ULTRA WG;974
PD;15102;VITENE R WG;325
PD;15112;SIMPLIA x 1 lt;41
PD;15114;MACCANI;3
PD;15115;PROSPER 500 EC x 1 lt;132
PD;15116;ELIOS R;16
PD;15122;ACTELLIC 50 NEWPHARM;3.410,00
PD;15124;;183
PD;15124;ZANTARA;753
PD;15124;ZANTARA x 3 Lt;54
PD;15124;ZANTARA X LT.3;105
PD;15125;PROLECTUS;3
PD;15125;PROLECTUS x 1 kg;63
PD;15127;SANVINO;540
PD;15130;INTREPID;60
PD;15130;INTREPID SC x 1 lt;27
PD;15138;BAROCCO 80 WG;150
PD;15138;BAROCCO 80 WG (KG);400
PD;15138;BAROCCO WG KG.25;125
PD;15139;INDIPENDENT 15 SC;1
PD;15139;INDIPENDENT SC 15;45
PD;15142;ALCANCE SYNC TEC;1.775,00
PD;15142;ALCANCE SYNC TEC X LT.5;120
PD;15142;ALCANCE SYNC x 5 Lt;120
PD;15145;TEMPLIER x 180 gr;13,14
PD;15148;ENVIROMITE 480 SC;0,14
PD;15149;COSAVET DF EDGE;2.205,00
PD;15168;;3
PD;15168;ZORO 1.9 EW;5
PD;15177;ROTATE PLUS DF;2
PD;15177;ROTATE PLUS DF  x 10 Kg;90
PD;15177;ROTATE PLUS DF x 1 Kg;545
PD;15177;ROTATE PLUS DF x 10 kg;1.240,00
PD;15180;RIVET PLUS x 1 lt;6
PD;15181;;76,5
PD;15181;CIRRUS CS;1.055,50
PD;15181;CIRRUS CS x 500ml;1,5
PD;15181;CIRRUS CS X LT.0,5;19,5
PD;15184;SATEL GEO;9
PD;15185;;3
PD;15193;;10
PD;15193;CONTATTO PIU EXTRA;41
PD;15193;CONTATTO PIU' EXTRA;345
PD;15193;CONTATTO PIU EXTRA x 1 lt;613
PD;15193;CONTATTO PIU' EXTRA x 1 Lt;22
PD;15193;CONTATTO PIU EXTRA x 5 lt;500
PD;15193;CONTATTO PIU'EXTRA X LT.1;15
PD;15196;FOSBEL EXTRA;223
PD;15198;AZBANY;44
PD;15199;SAKURA x 1 lt;25
PD;15200;QUALY;36
PD;15201;FLOXY 355 SC;196
PD;15211;;25
PD;15213;DEMETRINA FLOW;25,26
PD;15213;DEMETRINA FLOW 10 ML;0,23
PD;15213;DEMETRINA FLOW 100 ML;0,6
PD;15213;DEMETRINA FLOW INSETTICIDA ML 200;1,2
PD;15221;ZETARAM PLUS;1.792,00
PD;15222;FOLICUR COMBI WG;235
PD;15222;FOLICUR COMBI WG x 1 Kg;2
PD;15225;ERASMUS;7
PD;15227;LUMACHICIDA MESUROL;1,4
PD;15232;;321
PD;15232;CUSTODIA;557
PD;15232;CUSTODIA x 1 lt;26
PD;15232;CUSTODIA x 5 lt;230
PD;15236;ZAMMO;11
PD;15236;ZAMMO x 1 lt;34
PD;15237;;14
PD;15237;CHIKARA DUO;8
PD;15237;CHIKARA DUO x 3 kg;30
PD;15250;COPRANTOL DUO;655
PD;15251;AIRONE LIQUIDO;16
PD;15253;FALCON MK;56
PD;15253;FALCON MK x 1 lt;1.786,00
PD;15253;FALCON MK x 5 lt;1.665,00
PD;15263;DYNALI;190
PD;15263;DYNALI x 0,25 lt;51
PD;15264;ENERVIN SC;752,5
PD;15265;PROMAN FLOW x 1 lt;20
PD;15266;QUARTET;140
PD;15270;PROFELIS;20,76
PD;15273;;9
PD;15274;ALIAL SYSTEM;12
PD;15285;PRIMMA STAR;0,03
PD;15286;KENDO ZEON 1.5 x 1 lt;41
PD;15289;SERENADE NATRIA;1
PD;15289;SERENADE NATRIA 100 GR;0,3
PD;15291;TURFENE PLUS;18,6
PD;15292;VERTIARO;0,5
PD;15294;KENDO BI-ACTIVE;2
PD;15294;KENDO BI-ACTIVE x 1 lt;1.899,00
PD;15302;;195
PD;15302;AMILO-X;14
PD;15302;AMYLO-X;188
PD;15302;AMYLO-X x 1 kg (S.18);126
PD;15307;;12,5
PD;15307;DEDALUS 25 WDG;234
PD;15310;NISSHIN EXTRA 6 OD;4
PD;15313;ZOLFO SC;570
PD;15317;FLARE GOLD COMBI PEPITE x 5 kg;1.985,00
PD;15325;;610
PD;15325;CORNER MZ WG;448
PD;15325;CORNER MZ WG x 10 kg;200
PD;15326;CUPROTEK DISPERSS x 10 kg;3.830,00
PD;15327;METAMAN 8/64 WG;34
PD;15333;;13
PD;15333;APPLAUD PLUS;175,84
PD;15333;APPLAUD PLUS 100 GR;2,6
PD;15333;APPLAUD PLUS 20 GR;0,48
PD;15333;APPLAUD PLUS 250 GR;5,75
PD;15333;APPLAUD PLUS GR 100;2,8
PD;15333;APPLAUD PLUS x 1 Kg;15
PD;15333;APPLAUD PLUS x 1 lt;20
PD;15335;U 46 ULTRA x 1 lt;9
PD;15337;EXPRESS SUN;0,3
PD;15340;FEUDO 50 WP;5
PD;15344;FILAN WG;11
PD;15348;RIDOMIL GOLD R LIQUIDO;60
PD;15349;ARES 430 SC;62
PD;15350;MOXIL 5-68 WG;20
PD;15351;POWERSHUT;6
PD;15356;SPHINX SC;1.059,00
PD;15358;ZOLFO FLOW MCT x 10 Lt;160
PD;15359;VITIL 8-64 WG;91
PD;15361;LIETO;7
PD;15365;RAME ZOLFO FLOW MCT;31
PD;15370;FURY GEO;6.360,00
PD;15370;FURY GEO DA KG 10;20
PD;15370;FURY GEO x 10 kg;22.040,00
PD;15370;FURY GEO X KG.10;1.420,00
PD;15371;;780
PD;15371;BELEM PROTEZIONE;1.620,00
PD;15371;BELEM PROTEZIONE x 12 kg;10.008,00
PD;15378;;86
PD;15378;TRAXOS PRONTO 60;526
PD;15378;TRAXOS PRONTO 60 x 1 Lt;231
PD;15378;TRAXOS PRONTO 60 x 5 lt;115
PD;15379;;77,25
PD;15379;AXIAL PRONTO 60;148,5
PD;15379;AXIAL PRONTO 60 x 0,75 lt (1 Ha);135,75
PD;15379;AXIAL PRONTO 60 x 0,750 Lt;2,25
PD;15384;;8
PD;15384;LUNA EXPERIENCE;102
PD;15384;LUNA EXPERIENCE x 1 lt;26
PD;15388;MEXIL ORO R WG;1.676,00
PD;15389;FLARE GOLD R WG x 10 kg;1.430,00
PD;15392;QUANTUM MZ WDG;73
PD;15392;QUANTUM MZ WDG  x 10 Kg;10
PD;15392;QUANTUM MZ WDG x 1 Kg;4
PD;15401;TAIFUN MK CL;6.521,00
PD;15401;TAIFUN MK CL  X LT.1;94
PD;15401;TAIFUN MK CL LT 1;146
PD;15401;TAIFUN MK CL x 1 lt;4.729,00
PD;15401;TAIFUN MK CL x 1 lt (Nuova Etich.);195
PD;15401;TAIFUN MK CL x 20 lt;40
PD;15401;TAIFUN MK CL x 5 lt;2.395,00
PD;15401;TAIFUN MK CL x 5 lt (Nuova Etich.);25
PD;15401;TAIFUN MK CL X LT.5;40
PD;15402;DELTASAP;44
PD;15404;MIDO;2
PD;15405;SHAMAL MK PLUS CL;968
PD;15405;SHAMAL NK PLUS CL;12
PD;15407;;45
PD;15407;RULER;47
PD;15408;;40
PD;15408;MAXIMA x 5 lt;365
PD;15409;DECISION;42
PD;15417;DITTO;72
PD;15421;TALISMA EC;48
PD;15422;KELVIN DUO;3,42
PD;15422;KELVIN DUO x 180 gr;11
PD;15427;RIFOS 550 EC;33
PD;15448;REBEL TOP;74
PD;15449;;13
PD;15449;CIDELY;193,5
PD;15449;CIDELY x 0,500 Lt;3,5
PD;15449;CIDELY x 1 Lt;128
PD;15451;ELIOS WG TOP;13
PD;15455;TELDOR PLUS ORTO;9
PD;15468;ACASTA;15
PD;15483;WISH;22
PD;15493;SIMUN;4
PD;15493;SIMUN 40 OD;1.344,00
PD;15493;SIMUN 40 OD x 1 Lt;56
PD;15493;SIMUN 40 OD x 5 Lt;80
PD;15493;SIMUN 40 OD X LT.1;280
PD;15493;SIMUN 40 OD X LT.5;215
PD;15498;ARPEL DUO;7
PD;15499;SONG 70 WDG;63
PD;15499;SONG 70 WDG   x  250gr;7
PD;15499;SONG 70 WDG x 0,25 Kg;19,5
PD;15505;SILBOT 500 SC x 1 lt;680
PD;15507;;185
PD;15507;CREW SUPERB;846
PD;15507;CREW SUPERB x 1 lt;263
PD;15507;CREW SUPERB x 5 lt;810
PD;15509;MOSAIKO COMBI;13
PD;15513;OSSICLOR 35 WG;13
PD;15513;OSSICLOR 35 WG GREEN;474
PD;15514;BAYER CUPRAVIT BLU WG GR 100;4,9
PD;15514;CUPRAVIT BLU;40,3
PD;15514;CUPRAVIT BLU 35 WG;201,7
PD;15515;POLTIGLIA 20 PB GREEN;125
PD;15533;CRUZADO-R;10
PD;15533;CRUZADO-R (LT);10
PD;15537;;240
PD;15537;DELTAGRI;8
PD;15542;ANTILUMACHE FER;5,5
PD;15546;BIATHLON 4D;38,85
PD;15553;;7,5
PD;15553;REGALIS PLUS;19,5
PD;15553;REGALIS PLUS 1.5 X KG.1,5;30
PD;15566;;15
PD;15566;VISION PLUS;15,35
PD;15566;VISION PLUS X LT.1;40
PD;15569;LOOP 40;178
PD;15569;LOOP 40  X LT.5;10
PD;15569;LOOP 40 x 1 LT;279
PD;15569;LOOP 40 x 5 lt;540
PD;15569;LOOP 40 X LT.1;13
PD;15570;TYLAL WG;13
PD;15571;METSY;0,02
PD;15572;;15
PD;15572;ZOMINEX;14
PD;15572;ZOMINEX x 1 Lt;10
PD;15572;ZOMINEX x 1 lt (+PERGADO SC x 1);231
PD;15573;;78
PD;15573;PROMESS SL;125
PD;15573;PROMESS SL 1 LT;9
PD;15574;KARMA 85;211
PD;15575;MESUROL 500 FS;2
PD;15580;ESTUDER;5
PD;15591;PREVINT TOP;154
PD;15591;PREVINT TOP x 1 Kg;4
PD;15591;PREVINT TOP x 5 Kg;15
PD;15596;;26
PD;15596;LASCAR;1
PD;15596;LASCAR x 1 lt;7
PD;15598;;3
PD;15598;CARPOVIRUSINE EVO 2;70
PD;15603;ERBIFEN K;20
PD;15608;VERSAR;6
PD;15612;SEMPRA;2,1
PD;15621;BOTTO 50 EC;254
PD;15623;COSMOS 550 EC;277
PD;15625;TERMINUS SC;82
PD;15629;BADGER 45% WG;5
PD;15630;PALMAS 45% WG;32
PD;15633;;41
PD;15633;REVUS TOP;1
PD;15640;PROLINE STAR x 1 lt;5
PD;15642;HYDRA PLUS;12
PD;15642;HYDRA PLUS LT 1;126
PD;15655;KEETON 25 WG;85
PD;15655;KEETON 25 WG x 1 kg;4
PD;15666;TURNER COMBI;55
PD;15668;;8
PD;15668;GHIBLI 240 OD;22
PD;15668;GHIBLI 240 OD x 0,25 lt;82,5
PD;15668;GHIBLI 240 OD x 1 lt;24
PD;15674;AMADEUS TOP;16
PD;15674;AMADEUS TOP x 250 gr;6
PD;15674;AMADEUS TOP X GR 250;0,5
PD;15680;MITRHA 40 SC x 1 lt;1
PD;15680;MITRHA 40 SC x 5 lt;75
PD;15681;LUMADRY ESCA;5
PD;15687;MICLOCUR;71
PD;15689;DIFENZONE;28
PD;15689;DIFENZONE x 1 lt;80
PD;15699;;12
PD;15711;;2
PD;15711;ALSYSTIN;14,5
PD;15713;;12,8
PD;15713;DIABLO SC;23
PD;15713;DIABLO SC x 0,2 lt;21
PD;15713;DIABLO SC x 0,200 Lt;6
PD;15713;DIABLO SC X ML.200;2,8
PD;15722;ARMICARB  85  X 5 KG;10
PD;15722;ARMICARB 85;266
PD;15725;DUAXO;14,4
PD;15738;STOPWEED 480;4
PD;15738;STOPWEED 480 x 1 lt;1.367,00
PD;15741;;230
PD;15741;AVADEX FACTOR;130
PD;15741;AVADEX FACTOR x 10(con Pressing 500;83
PD;15746;EXTENSOR OD x 10 lt;130
PD;15751;VITENE TRIPLO R;524
PD;15751;VITENE TRIPLO R WG GR 500;156
PD;15751;VITENE TRIPLO R x 10 kg;300
PD;15754;;150
PD;15758;QUILT XCEL;52
PD;15758;QUILT XCEL x 5 lt;495
PD;15779;ABANTO;0,2
PD;15780;OSSICLOR 50 PB GREEN;1.000,00
PD;15817;;10
PD;15817;GLADIATOR;24
PD;15829;RAJAH  x 1 Lt;21
PD;15832;VINTAGE C DISPERSS x 5 kg;670
PD;15834;TRACER 120;83
PD;15841;FLOCTER INSETTICIDA /NEMATOCIDA;80
PD;15842;AFICIONADO x 3 lt;48
PD;15844;SLOGAN TOP;10
PD;15845;ARAGON;317
PD;15847;MAKURI;56,25
PD;15857;R6 ERRESEI PASADOBLE;701
PD;15857;R6 ERRESEI PASADOBLE x 10 kg;10
PD;15857;R6 PASADOBLE X KG.1;1
PD;15857;R6 PASADOBLE X KG.10;40
PD;15859;KATANGA EXPRESS;40
PD;15862;SUBITEX;300
PD;15863;BALENO FLASH;78
PD;15877;CONSENTO x 5 lt;10
PD;15882;ATILLA;100
PD;15883;MARTO' 1 LT;60
PD;15886;METAREX INOV;24
PD;15891;BLAISE;128
PD;15893;GIAGUAR SL;1,6
PD;15894;DUOKAR 20 EW;30
PD;15899;SILICOSEC;360
PD;15900;;2.170,00
PD;15900;TRIKA EXPERT;11.126,50
PD;15900;TRIKA EXPERT x 10 Kg;1.220,00
PD;15901;;9.089,00
PD;15901;ERCOLE;27.301,10
PD;15901;ERCOLE 1 KG;38
PD;15901;ERCOLE KG 10;130
PD;15901;ERCOLE KG.10;4.230,00
PD;15901;ERCOLE x 10 Kg;8.840,00
PD;15907;;25
PD;15907;PRESIDIUM ONE;469
PD;15907;PRESIDIUM ONE x 5 lt;75
PD;15911;;7
PD;15912;CUPRO ISAGRO WG;120
PD;15913;BORDO ISAGRO WG BLU;12
PD;15914;RAME ISAGRO WG BLU;39
PD;15923;ERBIKUS 400 SC;5
PD;15924;RUSTLER x 1 Lt;11
PD;15927;MOJANG T;90
PD;15929;JALISCO;0,5
PD;15931;GLORIAL JET X LT.1;143
PD;15932;AXIENDO CONCENTRATO;17,8
PD;15932;AXIENDO CONCENTRATO 100 ML;1,2
PD;15933;AXIENDO PRONTO USO;31,5
PD;15937;PYPHEN NEW 10 EC;2
PD;15948;SINSAJO;6
PD;15949;PROMEX;2
PD;15949;PROMEX x 1 lt;10
PD;15956;RAVANE 100 CS;13
PD;15956;RAVANE 100 CS x 0,5 lt;64,5
PD;15961;RETENGO NEW;6
PD;15961;RETENGO NEW x 1 lt;9
PD;15996;;8
PD;15996;PATRIOT DRY;52
PD;15996;PATRIOT DRY x 1 kg (18);131
PD;16000;MINUET GR;156,5
PD;16013;SEPRA-LIM;15
PD;16028;TRIBE 75 WG;2,96
PD;16030;CONTENDER WG;136
PD;16031;;1
PD;16031;LUNA DEVOTION;4
PD;16032;RADAR 10 EC;11
PD;16034;DOURO 100 EC;12
PD;16042;TOSCANA;3,64
PD;16051;LENNS;5
PD;16054;SINSTAR;127
PD;16054;SINSTAR x 1 lt;562
PD;16056;SARACEN;9,5
PD;16063;ARIGO;35,64
PD;16065;SERRATE;1,25
PD;16071;MESOZIM 70 WG;3,25
PD;16071;MESOZIN 70 WG;824,25
PD;16074;GLORIAL 25 EC;59
PD;16075;;2
PD;16075;AGHERUD M;56
PD;16084;BREVIS;9
PD;16088;;60
PD;16088;NEMADATE;30
PD;16089;BUGUIS;216
PD;16098;NIBER 70 DF;7,75
PD;16098;NIBER 70 DF x 0,250 kg;511,25
PD;16099;SINIS 70 DF;156,2
PD;16101;TOPAS COMBI LIQUIDO;507
PD;16101;TOPAS COMBI LIQUIDO x 1 Lt;50
PD;16104;ELECTIS TRIO WDG;167
PD;16114;SIMITAR   EVO;42
PD;16114;SIMITAR EVO x 3 lt;18
PD;16115;CHARAN CM;0,74
PD;16117;SERBY;104,35
PD;16117;ZAPI DISERBO RESID.SIST.250ML SERBY;18
PD;16117;ZAPI DISERBO RESID.SIST.500ML SERBY;26
PD;16124;JUVINAL ECHO PLUS;5
PD;16124;JUVINAL ECHO PLUS x 1 lt;5
PD;16126;FLANCO SC;7,2
PD;16132;HELM SURFER PLUS x 0,4 lt;8,8
PD;16136;LUMA GOLD;3,15
PD;16136;LUMAGOLD;0,7
PD;16136;LUMA-GOLD;33,45
PD;16136;LUMAGOLD ZAPI;5
PD;16137;;20
PD;16137;OSIRIS;185
PD;16139;;1
PD;16139;SEGURIS XTRA;756
PD;16139;SEGURIS XTRA  x 1Lt;21
PD;16139;SEGURIS XTRA x 1 lt;991
PD;16139;SEGURIS XTRA x 5 lt;170
PD;16149;BABEL x 1 lt;139
PD;16161;;60
PD;16161;CENTURY SL;20
PD;16166;POKER MAX;1.806,00
PD;16168;MARKER T;340
PD;16171;;63,2
PD;16172;CAL-EX 1,9 EW;167
PD;16172;CAL-EX 1.9 EW;18
PD;16172;CAL-EX 1.9 EW x 1 lt;147
PD;16178;FOLIANE 80 WG;290
PD;16181;;12
PD;16182;CLICK PRO;4,5
PD;16188;INSETTICIDA MEDIATO R;1,5
PD;16188;MEDIATOR PLUS;68,85
PD;16191;;102
PD;16191;TRIMAXX;48
PD;16191;TRIMAXX x 1 lt;248
PD;16194;;23
PD;16194;ETRAVON PRO;1.732,00
PD;16194;ETRAVON PRO LT 1;2
PD;16194;ETRAVON PRO x 1 Lt;201
PD;16205;IDROX 20;5.665,00
PD;16206;MARKER 600;35
PD;16207;PIVAK 1,9 EW x 1 Lt;4
PD;16210;ZETARAM HI TECH;270
PD;16221;MADEX TOP;22,4
PD;16221;MADEX TOP x 0,1 lt;1,7
PD;16223;CUSTOM;39
PD;16224;CUPRORAM 37,5 WG;118
PD;16225;POLTIGLIA BLU 20 WG;10
PD;16226;CIMOTER RAME WG;2
PD;16227;;25
PD;16227;FOLPAN COMBI;315
PD;16227;FOLPAN COMBI x 1 Kg;27
PD;16227;FOLPAN COMBI x 5 Kg;195
PD;16227;FOLPAN COMBI X KG.5;60
PD;16228;POLTIGLIA 20 DF;70
PD;16228;POLTIGLIA 20 DF (KG);180
PD;16229;RAM CYM 44 WG;55
PD;16229;RAM CYM 44 WG (KG);80
PD;16251;;150
PD;16251;AFFIRM OPTI;125
PD;16255;PANTOX MAX;5
PD;16259;LABEL 70 DF;22,5
PD;16260;WELTER MZ WG x 1 kg;126
PD;16260;WELTER MZ WG x 10 kg;320
PD;16261;BELOUKHA;80
PD;16279;;1.050,00
PD;16279;ERCOLE GR;50
PD;16283;KOL QUANTUM R-OK 100 G;5,6
PD;16283;KOL QUANTUM R-OK 500 G;137,8
PD;16283;QUANTUM R-OK;545,9
PD;16283;QUANTUM R-OK 1 KG;19
PD;16285;KALIMBA;51
PD;16288;AMPEXIO;66
PD;16288;AMPEXIO X 0.750;6
PD;16288;AMPEXIO x 4 kg;12
PD;16293;;9
PD;16293;PACLOT NEW;3
PD;16293;PACLOT NEW x 1 lt;2
PD;16297;SUPPORT 100 EC;46
PD;16298;MOLLER HI BIO;300
PD;16299;PASSAT SL x 1 lt;2.036,00
PD;16299;PASSAT SL x 5 lt;2.480,00
PD;16305;;1
PD;16305;BONZI;3
PD;16305;BONZI LT.1 X 12 CLP;1
PD;16317;INSECTOIL KEY;2
PD;16318;;1
PD;16321;PENDIPHAR;1
PD;16325;;66
PD;16325;EPIK INSETTICIDA SISTEMICO SL ML  1;48
PD;16325;EPIK INSETTICIDA SISTEMICO SL ML  5;56
PD;16325;EPIK INSETTICIDA SISTEMICO SL ML 10;1,5
PD;16325;EPIK SL;553,58
PD;16325;EPIK SL 100 ML;2,2
PD;16325;EPIK SL 15 ML;0,72
PD;16325;EPIK SL 250 ML;3
PD;16325;EPIK SL 50 ML;1,5
PD;16325;EPIK SL DA ML 50;0,15
PD;16325;EPIK SL x 1 Lt;178
PD;16325;EPIK SL x 5 lt;95
PD;16325;EPIK SL x100ml;1,8
PD;16325;EPIK SL x15ml;1,29
PD;16325;EPIK SL*;56
PD;16325;EPIK x 50ml;1,35
PD;16335;LIETO SC;452
PD;16335;LIETO SC x 1 Lt;3
PD;16335;LIETO SC x 5 Lt;30
PD;16352;FRISBEE TOP;6
PD;16353;SIRAZOL;9
PD;16363;;29
PD;16363;SIRTAKI;564,3
PD;16363;SIRTAKI  x 300ml;5,4
PD;16363;SIRTAKI x 0,300 Lt;0,9
PD;16363;SIRTAKI x 1 Lt;154
PD;16364;;436
PD;16364;BISMARK;4.242,00
PD;16364;BISMARK LT 1;523
PD;16364;BISMARK x 1 Lt;2.143,00
PD;16364;BISMARK x 10 lt;2.350,00
PD;16364;BISMARK x 5 lt;2.210,00
PD;16369;ORTIVA TOP SC;1
PD;16379;PREV-AM PLUS;281
PD;16379;PREV-AM PLUS x 5 lt;10
PD;16395;MOHICAN 500 SC;5
PD;16396;TEMSA 100;82
PD;16405;;366
PD;16413;SEQUAT;14
PD;16415;MADEX TWIN;6,7
PD;16415;MADEX TWIN x 0,1 lt;0,1
PD;16416;FENOTRIX SC 300  X LT.5;112
PD;16416;FENOTRIX SC 300 X LT.1;121
PD;16434;OLIOCIN NATRIA;75
PD;16437;ACANTO PLUS;35
PD;16438;VELUM PRIME;3,5
PD;16438;VELUM PRIME x 0,5 lt;4
PD;16443;;401
PD;16443;DOPPLER;6
PD;16444;DIXIE MAIS;3,6
PD;16459;SOLEIL 50 WG;584,5
PD;16459;SOLEIL x 500gr;6
PD;16460;VELIERO 500 EC;294
PD;16460;VELIERO 500 EC x 1 lt;926
PD;16462;R6 ERRESEI ALBIS ORTO;25,5
PD;16462;R6 ERRESEI ALBIS ORTO 500 GR;2,5
PD;16465;;1,32
PD;16465;HARASS;1,9
PD;16480;3LOGY;1.040,00
PD;16480;3LOGY x 4 Lt;172
PD;16481;CALLISTO 480;65
PD;16481;CALLISTO 480 x 0,5 lt;1.367,50
PD;16483;TEMIDE 50 WG;128,5
PD;16486;RAGTIME 250;1
PD;16489;CIRRUS 360 CS;38
PD;16493;SPI GEO;3.630,00
PD;16494;GULP MAX;5
PD;16497;DECIS PROTECT EW;32,5
PD;16497;DECIS PROTECT EW 500 ML;12,5
PD;16497;INSETTICIDA DECIS;5
PD;16498;;95
PD;16498;CETUS 360 CS;1,7
PD;16503;BINARY T;665
PD;16513;AZOCIP;69
PD;16528;GHIBLI 40 OD;180
PD;16528;GHIBLI 40 OD x 1 lt;2
PD;16532;ROSBAY;5,8
PD;16536;;115
PD;16542;LAOTTA;29
PD;16545;COPRANTOL HI BIO 2.0;616
PD;16557;AKUNA;5
PD;16557;AKUNA X LT.5;225
PD;16561;RIKALI;267
PD;16562;;20
PD;16562;DELAN PRO;345
PD;16562;DELAN PRO X LT.10;60
PD;16562;DELAN PRO X LT.5;100
PD;16565;EXECUTIVE GOLD;0,8
PD;16566;KUPPER 20 WG;30
PD;16567;TRICOPPERLAND x 1 kg;78
PD;16567;TRICOPPERLAND x 10 kg;1.420,00
PD;16569;ASTREL WDG;3
PD;16570;SENCOR 600 SC;34
PD;16571;COPPER COMBI WG;3
PD;16573;DELTACOM;19
PD;16578;MELODY COMPACT WG;743
PD;16585;PENDICOL 33 EC;36
PD;16619;ACTELLIC SMOKE GENERATOR;54,99
PD;16654;POLYVERSUM;4
PD;16699;RIMURON x 100 gr;2,2
PD;16703;SPADA 50 WG;79
PD;16703;SPADA 50 WG x 1 kg;36
PD;16732;TUSAL;7
PD;16737;ZELIG GR 50;619
PD;16787;;36
PD;16787;CLINIC ST;626
PD;16787;CLINIC ST x 1 lt;159
PD;16787;CLINIC ST x 5 lt;90
PD;16794;SILGLIF ST x 1 lt;2.855,00
PD;16796;JOICE 55 D;357
PD;16820;;6
PD;16829;;390
PD;16830;FANDANGO 360 TF;160
PD;16833;;4.447,00
PD;16833;PANTOX 360 SUPER;4.914,00
PD;16843;COPPERLAND NEW x 10 kg;90
PD;16917;LOGRADO PLUS;195
PD;16924;ALIAS DG (KG);40
PD;16931;;1.200,00
PD;16959;DENEB 75 DG;70
PD;16961;BENSEC TF;60
PD;16986;AF - X1;487,5
PD;16986;AF-X1;5.175,00
PD;16986;AF-X1 2017;1.150,00
PD;16986;AF-X1 2017 x 12,5 kg;7.212,50
PD;16986;AF-X1 AGENTE BIOCONTROLLO;3.062,50
PD;16986;AF-X1 X KG.12,5 - 2017;650
PD;17001;;1
PD;17014;;5
PD;17014;DELEGATE WDG;1
PD;17018;GEOTOX 5 C;13
RO;13;;930
RO;13;THIOPRON;23.858,00
RO;13;THIOPRON x 10 lt;4.360,00
RO;17;;138
RO;17;U 46 COMBI FLUID;1.766,00
RO;17;U 46 COMBI FLUID LT 1;4
RO;17;U 46 COMBI FLUID x 1 lt;377
RO;133;U 46 D-FLUID;16
RO;133;U 46 D-FLUID x 1 lt;11
RO;206;ALBENE;1.267,00
RO;206;ALBENE x 1 lt;1
RO;206;ALBENE x 25 lt;1.075,00
RO;449;MOCAP;2.670,00
RO;449;MOCAP x 15 kg;930
RO;565;FUMATHANE 510;25.000,00
RO;599;ACUPRICO 76 WG;3.612,00
RO;630;;5
RO;630;REGLONE W;3.034,00
RO;844;MICROBAGNABILE 80;12
RO;886;SENCOR WG;0,5
RO;909;;200
RO;909;POLIS. CALCIO POLISENIO x 25 kg;250
RO;909;POLISOLFURO DI CALCIO POLISENIO;4.995,00
RO;1155;CHEMOL 90 EL;335
RO;1156;CHEMOL;37.276,00
RO;1156;CHEMOL x 25 lt;825
RO;1544;MESUROL;1
RO;1562;ERBITOX E 30 x 1 lt;134
RO;1562;ERBITOX M PRO;7
RO;1573;BASAMID GRANULAT;2.720,00
RO;1573;BASAMID x 20 kg;100
RO;1583;;765
RO;1583;MICROTHIOL DISPERSS;9.450,00
RO;1583;MICROTHIOL DISPERSS x 1 kg;88
RO;1583;MICROTHIOL DISPERSS x 15 kg;1.125,00
RO;1583;MICROTHIOL DISPERSS x 25 kg;175
RO;1714;;18
RO;1714;KERB 80 EDF;922
RO;1714;KERB 80 EDF x 1 kg;577
RO;1850;IDRORAME FLOW;42
RO;1850;KOL IDRORAME FLOW ML.250;1,5
RO;1990;BUTYRAC 118;4
RO;2191;;136
RO;2191;WETTING PLUS;260
RO;2191;WETTING PLUS x 1 lt;8
RO;2260;GASTROTOX E;55
RO;2272;SILLIM;20
RO;2307;;5
RO;2307;VECTOR;543
RO;2307;VECTOR x 1 lt;878
RO;2307;VECTOR x 20 lt;1.800,00
RO;2307;VECTOR x 5 lt;2.965,00
RO;2353;BONALAN;1.485,00
RO;2353;BONALAN x 1 lt;356
RO;2518;ACTELLIC 2P;6,9
RO;2520;ACTELLIC 50 x 1 lt (N.Reg.02520);7
RO;2603;ESCACIDE;20
RO;2732;;60
RO;2732;GOLTIX;3.186,00
RO;2732;GOLTIX 70 WG;35
RO;2732;GOLTIX x 1 kg (70%);799
RO;2732;GOLTIX x 5 kg (70%);1.625,00
RO;2896;TETROSSIL;50
RO;2923;TIOVIT JET;1.903,00
RO;2923;TIOVIT JET x 10 kg;1.840,00
RO;2923;TIOVIT JET x 25 kg;525
RO;2934;MICROSOL 90;13
RO;2983;NIMROD;22
RO;2995;ESCARTOX;482
RO;2995;LUMACHICIDA EXCARTOX;71,5
RO;2995;ZAPI LUMACHICIDA ORTO ESCARTOX GR50;30
RO;2995;ZAPI LUMACHICIDA ORTO ESCARTOX KG 1;25
RO;3065;BAYER OLIOCIN LT 1;10
RO;3065;OLIOCIN;328
RO;3082;OLEOTER ESTATE;2
RO;3102;OLEOTER;91
RO;3132;SEPR-OIL;72
RO;3219;CARAKOL AGRO;179
RO;3219;KOL CARAKOL AGRO KG.1;64
RO;3343;U 46 M CLASS x 1 lt;143
RO;3343;U 46 M CLASS x 5 lt;210
RO;3343;U46 M CLASS;734,29
RO;3412;SYLLIT 65;238
RO;3468;DACOL 40 ST;16
RO;3468;DACOL L 40 ST;3
RO;3486;TRISCABOL DG;2
RO;3519;;264
RO;3519;METAMBANE;56
RO;3519;METAMBANE x 1 lt;288
RO;3640;CUPROSTAR;2.898,00
RO;3658;SIPCAM OIL E;2,25
RO;3745;METAM;9.260,00
RO;3754;BAGNANTE SARIAF;1.129,00
RO;3767;FENOXILENE 200;971
RO;3767;FENOXILENE MAX;789
RO;3767;FENOXILENE MAX LT. 1;10
RO;3771;ROVRAL WG;1.228,00
RO;3779;VAPAM 470 x 1000 lt;3.000,00
RO;3779;VAPAM 470 x 210 lt;210
RO;3793;DITHANE M-45;301
RO;3800;CRITTAM WG;110
RO;3800;CRITTAM WG x 1 kg;73
RO;3800;CRITTAM WG x 20 kg;720
RO;3800;CRITTAM WG x 5 kg;125
RO;3817;DISERBONE KN;90
RO;4012;;84
RO;4012;RELDAN 22;2.003,90
RO;4012;RELDAN 22 x 0,250 lt;8,75
RO;4012;RELDAN 22 x 1 lt;73
RO;4190;TETRASOL 80;7.880,00
RO;4199;;470
RO;4199;PENNCOZEB DG;17.807,00
RO;4199;PENNCOZEB DG KG. 1;17
RO;4199;PENNCOZEB DG x 1 kg;32
RO;4199;PENNCOZEB DG x 10 kg;190
RO;4199;PENNCOZEB DG x 20 kg;680
RO;4199;PENNCOZEB DG x 25 kg;50
RO;4228;ROGOR 400 ST;64
RO;4228;ROGOR 400 ST x 1 lt;1.263,00
RO;4324;CUPROMIX MZ BLEU;20
RO;4326;ROGOR L 40 ST;227
RO;4326;ROGOR L 40 ST x 1 lt;1
RO;4461;IMIDAN WDG;1
RO;4552;DITHANE DG NEOTEC;639
RO;4686;DIMILIN 25 PB;0,5
RO;4710;;13
RO;4710;ALIETTE;2.050,20
RO;4710;ALIETTE x 1 kg;4
RO;4896;RIGENAL P;2,3
RO;5152;TIOSPOR WG;829
RO;5154;ARPEL TRIPLO BLU;32
RO;5178;LENTIPUR FL;20
RO;5228;CARAKOL;87
RO;5292;FIXORMON;95
RO;5292;FIXORMON x 1 lt;12
RO;5299;MIBIOL;21,5
RO;5299;ZAPI MIBIOL COCCINIGLIA INV. 1 LT.;32
RO;5333;GIBRESOL;10,75
RO;5414;RADICANTE POLVERE TALEE LEGNOSE;0,8
RO;5574;LUMAKIDIN 5G;28
RO;5708;TERRAZOLE 25% EC;62
RO;5755;TILT 25 EC;9
RO;5755;TILT 25 EC x 0,5 lt;4
RO;5796;GARLON;162
RO;5796;GARLON x 1 lt (Nuova Etich.);116
RO;6001;;10
RO;6001;BETAFIL FL;463
RO;6136;GERMON L;7
RO;6221;IPIRON 45 SC;1
RO;6277;VYDATE 5G;1.690,00
RO;6277;VYDATE 5G x 10 kg;2.220,00
RO;6298;FASTAC;79
RO;6321;STIMOLANTE 66F;52
RO;6322;OBSTHORMON 24A;206,2
RO;6322;OBSTORMON 24 A x 1 lt;0,2
RO;6324;MAXCEL 2 SL x 2 lt;16
RO;6437;ETHREL;126
RO;6438;BI-FEN;49
RO;6479;TAIREL R 4-33 BLU;1
RO;6555;K-OBIOL ULV 6;20
RO;6556;K-OBIOL DP2;64
RO;6556;K-OBIOL DP2 x 1 kg;47
RO;6557;K-OBIOL EC 25;34
RO;6557;K-OBIOL EC 25 x 1 lt;11
RO;6674;;8
RO;6674;AFALON DS;3.270,00
RO;6674;AFALON DS x 1 lt;2.912,00
RO;6704;TIOLENE 80 WG;908
RO;6766;BUTISAN S;39
RO;6873;IDRORAME 193;55
RO;6945;TOPAS 10 EC;39,25
RO;6945;TOPAS 10 EC x 0,25 lt;3,75
RO;6945;TOPAS 10 EC x 1 lt;32
RO;6956;TARGA FLO;3.007,00
RO;6956;TARGA FLO LT 1;30
RO;6956;TARGA FLO LT 5;15
RO;6956;TARGA FLO x 1 lt;1
RO;6978;BETTER 400;3.395,00
RO;6978;BETTER 400 x 5 lt;850
RO;7020;BAGNANTE CIFO;568
RO;7020;BAGNANTE CIFO LT.1;10
RO;7053;PASTA CAFFARO NC;5
RO;7055;PASTA CAFFARO BLU;55
RO;7101;LIMAVAL;133,5
RO;7368;TURFENE L;5
RO;7369;SYLLIT FLO;28,75
RO;7369;SYLLIT FLOW SC400 250 ML;2,75
RO;7370;TETRASOL LIQUIDO;264
RO;7379;;15
RO;7379;VENZAR;7.699,00
RO;7379;VENZAR x 0,5 kg (Nuova Etich.);131,5
RO;7401;POLTIGLIA CAFFARO 20 DF NEW;215
RO;7401;POLTIGLIA CAFFARO KG. 1;2
RO;7441;LONDAX 60 DF;3
RO;7454;ORMON AG COMPRESSE;5
RO;7483;DEVRINOL F;175
RO;7530;BIOLID E;5
RO;7541;APOLLO SC;3
RO;7543;ERBITOX COMBI x 1 lt;9
RO;7555;KLARTAN 20 EW;171,86
RO;7555;KLARTAN 20 EW x 1 lt;1
RO;7555;KLARTAN EW;4,1
RO;7555;KOL KLARTAN 20EW ML.100;0,8
RO;7555;KOL KLARTAN 20EW ML.50;0,2
RO;7608;DASKOR 440 EC;436
RO;7608;DASKOR 440 EC x 1 lt;94
RO;7608;DASKOR x 1 lt;37
RO;7611;;85
RO;7611;ENOVIT METIL FL;7.529,00
RO;7611;ENOVIT METIL FL LT. 1;51
RO;7611;ENOVIT METIL FL LT. 5;5
RO;7611;ENOVIT METIL FL x 1 lt;242
RO;7611;ENOVIT METIL FL x 5 lt;820
RO;7700;MATACAR FL;5
RO;7700;MATACAR FL x 0,2 lt;9,6
RO;7764;TIOLENE;8,5
RO;7845;TMTD 50 SC;364
RO;7864;TAU AL 240 EW;0,09
RO;7876;PIRIMOR 17,5;114
RO;7876;PIRIMOR 17,5 x 1 (n.reg.min. 7876);1
RO;7876;PIRIMOR 17,5 x 1 (n.reg.min.7876);31
RO;7889;NURELLE D;161
RO;7916;POLYRAM DF;8.804,00
RO;7916;POLYRAM DF x 25 kg;250
RO;7919;;1.325,00
RO;7919;TOUCHDOWN;1.200,00
RO;7919;TOUCHDOWN x 20 lt;7.000,00
RO;7922;OPALENE;1.125,00
RO;7930;KERB FLO;19
RO;7957;ROVRAL PLUS;964
RO;7957;ROVRAL PLUS x 1 lt;497
RO;7958;;6
RO;7958;RONSTAR FL;344
RO;7958;RONSTAR FL x 1 lt;39
RO;7958;RONSTAR FL x 5 lt;275
RO;7961;RIZOLEX  GOLD;248
RO;7961;RIZOLEX GOLD x 1 kg;132
RO;7965;TRIGARD 75 WP x 0,25 kg;0,25
RO;7984;STRATOS;27
RO;8023;SUMIALFA ECHO;321
RO;8028;CALARIS;3
RO;8028;CALARIS x 1 lt;2
RO;8054;METIS ECHO x 1 lt;193
RO;8102;MERPAN 80 WDG;24.329,00
RO;8102;MERPAN 80 WDG x 1 kg;56
RO;8102;MERPAN 80 WDG x 5 kg;420
RO;8117;;15
RO;8117;BASTA 200;3.660,00
RO;8117;BASTA 200 x 15 lt;75
RO;8117;BASTA 200 x 5 lt;155
RO;8129;BETOZON 65 DF;3
RO;8130;TITUS;0,1
RO;8139;MANTA GOLD;1.950,00
RO;8139;MANTA GOLD x 3 lt;171
RO;8146;;3
RO;8146;GALLERY;85
RO;8146;GALLERY x 0,5 lt;0,5
RO;8155;CATOR;39
RO;8156;DEVOX;6
RO;8159;CLICK COMBI;20
RO;8184;CHALLENGE;663
RO;8184;CHALLENGE x 1 lt;74
RO;8184;CHALLENGE x 5 lt;335
RO;8189;;150
RO;8189;FORCE;28.760,00
RO;8189;FORCE x 10 kg;14.450,00
RO;8192;MONCEREN 250 SC;9
RO;8207;LONTREL 75 G;6,2
RO;8207;LONTREL 75G x 100 gr;0,2
RO;8229;RAPAX;3,25
RO;8284;MICOSPOR MGD x 1 kg;10
RO;8340;TOPAS 10 WDG;10
RO;8360;PULL 52 DF;3
RO;8376;;375
RO;8376;ARIANE II;573
RO;8376;ARIANE II x 1 lt;59
RO;8376;ARIANE II x 5 lt;840
RO;8429;GLYFOS SL;859
RO;8483;ETOSATE;3
RO;8483;ETOSATE 500;356
RO;8483;ETOSATE 500 x 1 lt;135
RO;8498;FOLICUR WG;207
RO;8498;FOLICUR WG x 0,5 kg;7
RO;8534;CITROLE x 1 lt;10
RO;8534;CITROLE x 20 lt;20
RO;8534;CITROLE x 5 lt;70
RO;8542;FORUM 50 WP;12,6
RO;8546;DANITRON;30
RO;8565;ROUNDUP RTU;12
RO;8601;;80
RO;8601;FOLPAN 80 WDG;529
RO;8601;FOLPAN 80 WDG x 1 kg;6
RO;8601;FOLPAN 80 WDG x 5 kg;10
RO;8617;BANVEL 480 S;127
RO;8617;BANVEL 480 S x 1 lt;216
RO;8646;ACTIVUS EC;209
RO;8646;ACTIVUS EC DA LT. 1;28
RO;8646;ACTIVUS EC DA LT. 5;10
RO;8646;ACTIVUS EC x 1 lt;160
RO;8646;ACTIVUS EC x 5 lt;435
RO;8656;GLIFENE HP;9.074,00
RO;8661;KENTAN DF;3.420,00
RO;8690;;206
RO;8690;PERFEKTHION TOP;365
RO;8706;AMID THIN W;119
RO;8706;AMID THIN W x 0,5 kg;3
RO;8712;AF 96 x 1 lt;18
RO;8712;ALLEGANTE 4% AF 96;120
RO;8721;NEXTER;10
RO;8731;ACROBAT R x 10 kg;130
RO;8735;;3
RO;8735;TREBON UP;749
RO;8735;TREBON UP x 0,5 lt (NUOVA ETICH.);28,5
RO;8742;;10
RO;8742;INDAR 5 EW x 1 lt;1
RO;8742;INDAR 5EW;59
RO;8743;GREENEX;0,4
RO;8795;;1
RO;8795;VERTIMEC EC;4.062,00
RO;8795;VERTIMEC EC x 0,25 lt;7
RO;8795;VERTIMEC EC x 1 lt;262
RO;8795;VERTIMEC EC x 5 lt;300
RO;8796;SELECT;157
RO;8796;SELECT x 1 lt;6
RO;8797;BINAL PRO;2.617,00
RO;8801;SCORE 25 EC;160
RO;8801;SCORE 25 EC x 0,25 lt;1,5
RO;8801;SCORE 25 EC x 1 lt;24
RO;8841;CYREN 5 G;236
RO;8841;CYREN 7,5 G;77
RO;8841;ZAPI ANTIFORMICA ORTO CYREN KG 1;22
RO;8843;NISSHIN LT 1;1
RO;8859;MASTIFF;580
RO;8859;MASTIFF x 1 lt;33
RO;8859;MASTIFF x 5 lt;1.650,00
RO;8882;ULTRA FINE OIL;100
RO;8886;;4,8
RO;8886;SAFARI;85,28
RO;8886;SAFARI x 120 gr;20,76
RO;8929;TOPIK 240 EC;20
RO;8933;SOLEAS;2
RO;8934;SCALA;70,8
RO;8934;SCALA x 1 lt (FUNGICIDA BASF);2
RO;8937;;1
RO;8937;MASAI 20 WP;3
RO;8937;MASAI 20 WP x 1 kg;10
RO;8945;FARO DF;533
RO;8984;GLIPHOGAN TOP MK;25
RO;8987;CONFIDOR 10 ML;0,05
RO;8987;CONFIDOR 200 SL;66,74
RO;8987;CONFIDOR 50 ML;0,2
RO;9005;AGIL;11.752,00
RO;9005;AGIL LT. 1;35
RO;9005;AGIL LT. 5;50
RO;9010;RAMEZIN COMBI WG;336
RO;9012;;160
RO;9012;CUPROCAFFARO MICRO;1.445,00
RO;9036;ACTIVUS;60
RO;9038;OPINION;3,75
RO;9038;OPINIUM 50 ML;0,15
RO;9079;REGRAN COMBI;1
RO;9131;KOL PYRINEX ME ML.100 INSETT.MICRO.;0,1
RO;9131;KOL PYRINEX ME ML.250 INSETT.MICRO.;5,5
RO;9131;PIRINEX ME;0,9
RO;9131;PYRINEX ME;909,9
RO;9131;PYRINEX ME x 1 lt;14
RO;9148;SYLLIT 355 SC;121
RO;9153;CYREN 44 EC;150
RO;9153;CYREN 44 EC x 1 lt;2
RO;9153;CYREN 44 EC x 10 lt;10
RO;9180;STROBY WG x 600 gr;4,2
RO;9215;FITOVIS;1,5
RO;9244;ZIRAMIT 76 WG;2.040,00
RO;9279;MERLIN COMBI;12
RO;9279;MERLIN COMBI x 5 lt;25
RO;9280;TOPAS 200 EW;9
RO;9286;OHAYO;12
RO;9286;OHAYO x 1 lt;1
RO;9298;METHAM NA 51;1.000,00
RO;9298;METHAM NA 51 x 1000 lt;2.000,00
RO;9306;PROPLANT;222
RO;9306;PROPLANT x 1 lt;29
RO;9311;CUPROSSIL IDRO 25 WP;623
RO;9311;CUPROSSIL IDRO 25 WP x 10 kg;10
RO;9322;GOLTIX STAR;905
RO;9332;OPEN x 0,5 kg;4
RO;9339;BETANAL EXPERT;2.974,00
RO;9342;DELTRIN;31,5
RO;9371;PEAK;3,04
RO;9373;;2
RO;9373;CHORUS;245
RO;9373;CHORUS x 1 kg;5
RO;9374;MATCH TOP;38
RO;9374;MATCH TOP x 1 lt;11
RO;9376;BROMOTRIL;25
RO;9399;MEDAL 25;0,35
RO;9422;EVADE;167,75
RO;9422;EVADE PRATO E ARBUSTI;0,4
RO;9422;EVADE x 0,25 lt;29
RO;9422;EVADE x 1 lt;70
RO;9422;ZAPI DISERBO EVADE 100 ML NR 9422;0,3
RO;9422;ZAPI DISERBO EVADE 500 ML NR 9422;11
RO;9443;ENDOGERME;24
RO;9443;KOL ENDOGERME GR.500;1,5
RO;9449;EMERALD COMBI;198
RO;9463;KLARO KIT;108
RO;9463;KLARO ZAPI DISERBO PRONTO USO;6
RO;9477;AGREE;1
RO;9496;GALIGAN EC;90
RO;9509;;1
RO;9509;PROMALIN NT;356,5
RO;9509;PROMALIN NT x 0,5 lt;13
RO;9518;ROSATE 36 x 20 lt;40
RO;9531;SEQURA WG;1
RO;9550;PROFILE;1,5
RO;9578;;7
RO;9578;SWITCH;622,85
RO;9578;SWITCH x 0,25 kg;0,6
RO;9578;SWITCH x 1 kg;29
RO;9599;CURAME;30
RO;9612;OSSICLOR 30;2.985,00
RO;9631;METRIN EC;39
RO;9634;CARNIVAL;774
RO;9634;CARNIVAL RIO;1.233,00
RO;9668;RUFAST E-FLO;67,57
RO;9668;RUFAST E-FLO x 1 lt;13
RO;9668;ZAPI INSETTICIDA ACARI RUFAST ML 50;0,5
RO;9670;THIANOSAN 80 WG;1.720,00
RO;9675;PANTOX 360;37
RO;9678;M70 DF;230
RO;9679;KRISTAL 32 WG;2.660,00
RO;9693;SPORTAK 45 EW;47
RO;9694;SIMITAR 5 EW;73
RO;9694;SIMITAR 5 EW x 1 lt;1
RO;9696;NOVAGIB;2
RO;9705;PREVITER;37,2
RO;9724;TIOWETTING DF;368
RO;9744;;2
RO;9744;SCORE 10 WG;666
RO;9747;FURY;102,43
RO;9747;ZAPI POLIVALENTE ABBAT ML.50 FURY;1,95
RO;9757;SPYRALE;897
RO;9757;SPYRALE x 1 lt;182
RO;9758;COPRANTOL WG;163
RO;9767;NUFOS 7,5 G x 10 kg;30
RO;9787;MICROBAGNABILE WG;432
RO;9787;MICROBAGNABILE WG KG 10;20
RO;9790;CONTATTO 320;385
RO;9790;CONTATTO 320 x 1 lt;248
RO;9794;PLANET C;180
RO;9798;CLIOPHAR 100;38
RO;9798;CLIOPHAR 100 x 1 lt;28
RO;9800;;19
RO;9800;MAVRIK 20 EW;535,35
RO;9800;MAVRIK 20 EW x 1 lt;35
RO;9800;MAVRIK 20 EW x 1 lt (Nuova Etich.);50
RO;9802;COPRANTOL HI-BIO x 10 kg;10
RO;9813;DICLOPYR;19
RO;9832;TREK P;625
RO;9843;BASAGRAN SG;192
RO;9843;BASAGRAN SG x 3 kg;114
RO;9867;4 STAGIONI;1,25
RO;9872;AKRIS;1.045,00
RO;9872;AKRIS x 5 lt;50
RO;9900;FLAVOS;104
RO;9919;BEETUP TRIO;75
RO;9938;MASTER;0,2
RO;9940;ZELIG;30
RO;9940;ZELIG GR;6.356,00
RO;9940;ZELIG GR x 10 kg;5.220,00
RO;9940;ZELIG GRAN.;900
RO;9941;BUMPER P;147,9
RO;9941;BUMPER P x 1 lt;3.626,00
RO;9952;COLZANET;5
RO;9954;;299
RO;9954;JOKER;3.805,00
RO;9963;METIDANE 22;224
RO;9963;METIDANE 22 x 0,250 lt;1,25
RO;9963;METIDANE 22 x 1 lt;57
RO;9995;;2
RO;9995;ARIUS;49
RO;9995;ARIUS x 1 lt;29
RO;10004;AGRIMIX PRO;35
RO;10049;;15
RO;10049;DURSBAN 75 WG;1.521,00
RO;10049;DURSBAN 75 WG x 1 kg;281
RO;10057;ARPEL WDG;7
RO;10057;ARPEL WDG x 1 kg;7
RO;10063;TOPIK 80 EC;1,25
RO;10089;TMTD 50 L;240
RO;10105;RIDOMIL GOLD SL;32,25
RO;10105;RIDOMIL GOLD SL 20 x 0,25 lt;5
RO;10117;;270
RO;10117;STRATOS ULTRA;7.723,00
RO;10117;STRATOS ULTRA x 1 lt;66
RO;10117;STRATOS ULTRA x 5 lt;2.710,00
RO;10118;AMISTAR;841
RO;10118;AMISTAR x 1 lt;2
RO;10118;AMISTAR x 5 lt;55
RO;10127;BAYER DECIS JET 250 ML;2,25
RO;10127;BAYER DECIS JET ML 100;34
RO;10127;DECIS JET;98,34
RO;10127;DECIS JET 10 ML;0,31
RO;10127;DECIS JET 100 ML;0,3
RO;10127;DECIS JET 50 ML;0,65
RO;10127;DECIS JET x 5 lt;5
RO;10141;SOFREVAL 80 MICRO;100
RO;10142;VERNOIL;640
RO;10161;ORTIVA;372
RO;10161;ORTIVA LT 1;3
RO;10161;ORTIVA x 1 lt;1.091,00
RO;10183;GARLON EV;10
RO;10184;TIMBREL EV;0,4
RO;10185;ZERGAN EV;5,6
RO;10199;LERAM HI BIO;100
RO;10209;;750
RO;10209;GLYFOS ULTRA;11.084,00
RO;10221;PIMIENTO 600;2
RO;10230;LUMAPLUS;51
RO;10263;DRIVER SEPRAGOLF;2
RO;10272;CEREXIL M DG;31
RO;10275;STELLA EC;120
RO;10285;TOMAHAWK;34
RO;10296;IPERION x 1 kg;443
RO;10296;IPERION x 10 kg;2.139,00
RO;10296;IPERION x 20 kg;370
RO;10305;;80
RO;10305;OIKOS;202
RO;10305;OIKOS x 1 lt;23
RO;10306;MISTRAL;216
RO;10306;MISTRAL (MCPA)  x 1;1
RO;10318;MERLIN GP;13
RO;10322;CADOU STAR;3
RO;10324;NEMATHORIN 10 G;60
RO;10329;FORUM MZ WG;116
RO;10357;RIGRON SG;1.398,00
RO;10357;RIGRON SG  KG 3;18
RO;10373;CONTEST;268
RO;10373;CONTEST x 1 kg;92
RO;10381;CONCORDE 40 EW;45
RO;10396;LIZOCIN;1,31
RO;10404;CLINIC 360 SL;20
RO;10415;ARIC 480 LS;30,5
RO;10415;ARIC 480 LS x 0,5 lt;276
RO;10423;LUMACHICIDA KG.1 VEBI;16
RO;10423;LUMACHICIDA KG.5 VEBI (NEW);145
RO;10423;LUMACHICIDA VEBI;135,25
RO;10423;NEW LUMACHICIDA KG.1VEBI(BUSTA ZIP);175
RO;10425;SCUDEX;1
RO;10426;PROTIL EC;0,5
RO;10435;HERGON L;6
RO;10439;SPRAY DUNGER GLOBAL;35
RO;10440;EXPANDER;191
RO;10447;NOVEL DUO;509
RO;10456;KLARO ULTRA;132
RO;10456;ZAPI DISERBO KLARO ULTRA;238
RO;10456;ZAPI DISERBO KLARO ULTRA 1 LT;97
RO;10456;ZAPI DISERBO TOTALE KLARO ULTRA 250;0,5
RO;10461;DICOTURF;14,55
RO;10465;ROUNDUP MAX;30
RO;10477;LAS VEGAS;2
RO;10479;NATURALIS;19
RO;10485;ALFA;18
RO;10493;RUNNER LO;166
RO;10494;KOL PREMIUM TOP-DISERBANTE TOT. 500;12
RO;10494;PREMIUM TOP;1.353,50
RO;10504;KELLY WG;24
RO;10504;KELLY WG x 1 kg;82
RO;10504;KELLY WG x 10 kg;40
RO;10509;;540
RO;10509;MASTIFF ULTRA;940
RO;10509;MASTIFF ULTRA x 1 lt;230
RO;10509;MASTIFF ULTRA x 20 lt;11.200,00
RO;10532;TELDOR;2
RO;10540;TERIAL 75 WG;52
RO;10560;PIRETRO NATURA;10
RO;10565;DICOTIL EXTRA;7,5
RO;10568;ZOOMER;52
RO;10573;KOCIDE 2000;1.840,00
RO;10584;SHAMAL MK PLUS;2.060,00
RO;10585;SULCOTREK;811
RO;10604;EMERALD 40 EW;46,84
RO;10628;MIDAURIL MZ;205
RO;10632;COBRE NORDOX SUPER 75 WG;221
RO;10671;CUAGRO HI BIO;30
RO;10701;CUMETA FLOW;38
RO;10710;TOMAGAN;138
RO;10715;SILGLIF NF x 20 lt;160
RO;10715;SILGLIF NF x 5 lt;270
RO;10734;DUAL GOLD;3.010,00
RO;10734;DUAL GOLD LT. 1;12
RO;10734;DUAL GOLD x 1 lt;195
RO;10734;DUAL GOLD x 5 lt;200
RO;10735;;75
RO;10735;PRIMAGRAM GOLD;3.569,00
RO;10735;PRIMAGRAM GOLD LT 1;12
RO;10735;PRIMAGRAM GOLD LT 20;20
RO;10735;PRIMAGRAM GOLD LT 5;50
RO;10735;PRIMAGRAM GOLD x 1 lt;13
RO;10735;PRIMAGRAM GOLD x 5 lt;10
RO;10735;PRIMAGRAN GOLD;200
RO;10741;METACINQUE;20
RO;10752;STEWARD;317,75
RO;10752;STEWARD x 0,250 kg;14
RO;10752;STEWARD x 0,500 kg;36
RO;10758;BEETUP TRIO;123
RO;10758;BEETUP-TRIO x 1 lt;22
RO;10758;BETASANA TRIO;265
RO;10758;BETASANA TRIO SC;497
RO;10771;;230
RO;10771;MOST MICRO;2.681,20
RO;10771;MOST MICRO LT 1;8
RO;10771;MOST MICRO x 1 lt;125
RO;10771;MOST MICRO x 5 lt;1.465,00
RO;10890;FLIPPER;50,75
RO;10926;ALTOREX;67
RO;10926;ALTOREX x 1 lt;15
RO;10929;CHIKARA 25 WG;4,55
RO;10929;CHIKARA x 50 gr;0,15
RO;10936;NAAK 480 x 1 lt;79
RO;10939;;3
RO;10939;CP 40 AGRO;91
RO;10944;KARATE ZEON;172,5
RO;10944;KARATE ZEON x 0,250 lt;10,25
RO;10952;CARPOVIRUSINE PLUS;561
RO;10958;BALANCE;0,2
RO;10976;KOL METEOR 200 ML;5,4
RO;10976;KOL METEOR ML.60;0,3
RO;10976;METEOR;831,91
RO;10976;METEOR 250 ML;2,75
RO;10976;METEOR x 0,25 lt;207
RO;10976;METEOR x 1 lt;1.087,00
RO;10976;METEOR x 5 lt;675
RO;10999;BETANAL SE;862
RO;10999;BETANAL SE x 1 lt;118
RO;11011;;208
RO;11011;DASH HC;7.212,00
RO;11011;DASH HC  LT. 1;21
RO;11011;DASH HC x 1 lt;1.042,00
RO;11011;DASH HC x 5 lt;916
RO;11012;AURA;108
RO;11012;AURA x 1 lt;9
RO;11012;AURA x 5 lt;20
RO;11013;;10
RO;11013;CIOPPER;2,5
RO;11029;PYRINEX M 22;200
RO;11029;PYRINEX M 22 x 1 lt;168
RO;11029;PYRINEX M 22 x 5 lt;70
RO;11040;POLTIGLIA BORDOLESE DISPERSS BLU;940
RO;11044;TUREX;27
RO;11045;DODIPREV 35;10,25
RO;11045;KOL DODIPREV 35 ML.250;15,75
RO;11059;BIOPOWER;823
RO;11059;BIOPOWER x 1 lt;139
RO;11059;BIOPOWER x 2 lt;16
RO;11062;BION 50 WG;144
RO;11062;BION 50 WG x 0,5 kg;31
RO;11070;TIOGOLD DISPERSS x 25 kg;425
RO;11098;CADDY;6
RO;11102;HELIOSOUFRE S;10
RO;11104;CUPROFIX 30 DISPERSS;60
RO;11104;CUPROFIX 30 DISPERSS non col.x 10;10
RO;11119;FLINT;258
RO;11119;FLINT x 0,5 kg;13
RO;11119;FLINT x 150 gr;16
RO;11133;SHELTER;31
RO;11145;KREIS;1
RO;11157;PROPYDOR;8
RO;11160;SUGARBETA PLUS SE;5
RO;11173;;7
RO;11173;AVAUNT EC;1.751,00
RO;11173;AVAUNT EC x 1 (+CORAGEN) TW.P.MAIS;134
RO;11183;PROGERBALIN LG;68,5
RO;11185;GERLAGIB LG;43
RO;11190;PENCOR 10 EC;0,3
RO;11196;SULFAR;9.450,00
RO;11196;SULFAR x 5 kg;20
RO;11206;BAGNANTE CODACIDE x 10 lt;550
RO;11206;BAGNANTE CODACIDE x 2,5 lt;429,5
RO;11206;CODACIDE;3.645,00
RO;11206;CODACIDE LT. 2,50;17,5
RO;11223;GALIGAN 500 SC;12,5
RO;11233;SPORAMIL M;2
RO;11237;MICO MZ 80;4
RO;11243;;9
RO;11243;LEOPARD 5 EC;7.794,00
RO;11243;LEOPARD 5 EC x 1 lt;1.119,00
RO;11243;LEOPARD 5 EC x 5 lt;2.720,00
RO;11252;CONTANS WG;12
RO;11253;CALLISTO;1.454,00
RO;11253;CALLISTO LT. 1;1
RO;11253;CALLISTO x 1 lt;318
RO;11253;CALLISTO x 5 lt;336
RO;11257;COSTAR WG;9
RO;11258;FAZOR STAR;20
RO;11258;FAZOR STAR x 5 kg;350
RO;11301;SPHERE;655
RO;11301;SPHERE SC LT. 1 (2° XN);2
RO;11303;CHAMP DP;420
RO;11313;PROXAN SL;28
RO;11338;FUGRAN;33
RO;11339;THIOVIT;25
RO;11341;;2
RO;11341;STARANE GOLD;1.047,00
RO;11341;STARANE GOLD LT 1;8
RO;11341;STARANE GOLD x 1 lt;637
RO;11344;PICKILL EC;3
RO;11344;PICKILL EC x 0,5 lt;3,5
RO;11353;FUSILADE MAX;1.053,00
RO;11353;FUSILADE MAX x 1 lt;8
RO;11353;FUSILADE MAX x 5 lt;70
RO;11359;SARCAP 800;900
RO;11360;GRIP 25 ML 500;18,5
RO;11382;GARDENE PLUS;147,5
RO;11393;BEETLE;69
RO;11396;WIRK;31
RO;11403;MELODY COMPACT;45,75
RO;11416;OVIPRON TOP;980
RO;11416;OVIPRON TOP x 20 lt;320
RO;11416;OVIPRON TOP x 5 lt;550
RO;11418;ROUNDUP 450 PLUS;15
RO;11427;AGRIGOLF GOLD;19
RO;11448;KICKER;35
RO;11449;GARDOPRIM GOLD;420
RO;11449;GARDOPRIM GOLD x 20 lt;200
RO;11449;GARDOPRIM GOLD x 5 lt;220
RO;11449;GARDOPRIM GOLD x 7 lt;8.827,00
RO;11479;BRANCHER DIRADO;146
RO;11479;BRANCHER DIRADO x 1 lt;1
RO;11497;CRITTOVIT WG x 1 kg;486
RO;11497;CRITTOVIT WG x 20 kg;300
RO;11499;BUSTER;39,4
RO;11505;READY GERMIPLUS;14
RO;11523;SEPRADINA SC;20,6
RO;11525;FUNGIDINA;32,5
RO;11525;FUNGIDINA F.S 100ML.;1
RO;11525;ZAPI BOLLA FUNGIDINA LT 0,5;38
RO;11526;SULTAN;996
RO;11526;SULTAN x 1 lt;259
RO;11527;KOL PYRINEX QUICK ML.250;8
RO;11527;KOL PYRINEX QUICK ML.50;0,8
RO;11527;PIRINEX QUICK;4,78
RO;11527;PYRINEX QUICK;391,31
RO;11527;PYRINEX QUICK 20 ML;0,14
RO;11551;ISOMATE C PLUS;5,64
RO;11560;REGALIS x 1 kg;1
RO;11561;NEEMAZAL T/S;305,74
RO;11561;NEEMAZAL-T/S x 5 lt;5
RO;11566;ZOLFO 80 WP;8
RO;11569;CUPROXAT S.D.I.;340
RO;11587;CAMBEL S;2.987,00
RO;11587;CAMBEL S LT. 1;29
RO;11587;CAMBEL S LT. 5;10
RO;11596;;1,5
RO;11596;CALYPSO;494
RO;11596;CALYPSO SC 480;26
RO;11596;CALYPSO x 0,5 lt;7
RO;11597;OPUS;5
RO;11600;CRUISER 350 FS;12
RO;11600;CRUISER 350 FS x 0,5 lt;33,5
RO;11611;VYDATE 10L;35
RO;11614;ACTARA 25 WG;288,4
RO;11614;ACTARA 25 WG x 0,5 kg;134
RO;11619;TIOFLOR WDG;82
RO;11626;PIT STOP x 1 lt;74
RO;11637;CUPROFIX C DISPERSS;37
RO;11642;PIKAR;88
RO;11649;;9
RO;11649;COMMAND 36 CS;351,25
RO;11649;COMMAND 36 CS LT. 1;8
RO;11649;COMMAND 36 CS x 1 lt;341
RO;11653;;1
RO;11653;FOLIO GOLD 537,5 SC;675
RO;11653;FOLIO GOLD 537,5 SC x 1 lt;439
RO;11659;HERBITOTAL S;20
RO;11660;;699
RO;11660;SHOGUN;3.942,00
RO;11668;PLENUM 50 WG;13,25
RO;11690;GOAL 480 SC;0,5
RO;11693;LASER;494,35
RO;11693;LASER x 0,25 lt (Spinosad);1,5
RO;11693;LASER x 0,5 lt (Spinosad);18
RO;11694;CONSERVE SC;0,3
RO;11696;ARID;1
RO;11700;BOTANIGARD 22 WP;0,2
RO;11704;OLIO OGNISTAGIONE;6,25
RO;11732;ALLEATO 80 WG;2.175,00
RO;11732;ALLEATO 80 WG x 1 kg;2
RO;11732;ALLEATO 80 WG x 5 kg;40
RO;11735;DELICIA CONTRA-LUMACHE;66,8
RO;11752;ENVIDOR 240 SC;58
RO;11760;POLITHIOL;3.800,00
RO;11788;NEMACUR 240 CS;150
RO;11794;PRESSING 500;156,75
RO;11794;PRESSING 500 x 0,75(con Avadex F.);36
RO;11796;GLIFAST;4
RO;11802;TETRACAP 80 DG;192
RO;11814;SPADA 200 EC;391
RO;11844;KORON WDG;5
RO;11854;BUGGY TF;147
RO;11862;LOBBY;311
RO;11866;AGRO-OIL;15,75
RO;11870;CUPRITAL S.D.I.;2,5
RO;11872;RIFLE 4-24 R;197
RO;11885;ELICIO;40
RO;11908;VENTUREX 35 L;17,7
RO;11917;HOPPER GREEN;172
RO;11922;MYRTOS SL x 1 lt;11
RO;11944;;5
RO;11944;ASPECT;940
RO;11945;OIKOS TOP;4
RO;11964;POLTIGLIA CAFFARO 20 GD;385
RO;11977;SULFUR 80 WG;25
RO;11979;BORDO 20 MICRO;12
RO;11991;NEEMIK;1.083,00
RO;11991;NEEMIK x 1 lt;2
RO;12010;;150
RO;12010;TUAREG;8.603,00
RO;12010;TUAREG LT 1;16
RO;12010;TUAREG LT 5;20
RO;12010;TUAREG x 1 lt;549
RO;12010;TUAREG x 3 lt;12
RO;12010;TUAREG x 5 lt;235
RO;12010;TUAREG x 5 lt (+HARMONY x 50 gr);495
RO;12017;COSMOS;1
RO;12020;SUCCESS;0,34
RO;12022;SPADA WDG x 1 kg;28
RO;12023;MEGIC;27,25
RO;12023;MEGIC 240;381,25
RO;12023;MEGIC LT 1;16
RO;12037;CAMIX x 5 lt;20
RO;12040;BORDOFLOW;1
RO;12043;PREVICUR ENERGY;445,2
RO;12043;PREVICUR ENERGY x 1 lt;6
RO;12044;CURZATE SYSTEM;20
RO;12048;TIOSOL 80 WG;235
RO;12060;FOX;182
RO;12067;CIPER;104,25
RO;12068;TEFLUSTAR;18.329,90
RO;12069;EPIK;582,04
RO;12069;EPIK x 1 kg;6
RO;12069;EPIK x 2 kg;32
RO;12090;MICROSED GEO;4.890,00
RO;12096;;645
RO;12096;POLTIGLIA DISPERSS;23.355,00
RO;12096;POLTIGLIA DISPERSS x 15 kg;2.070,00
RO;12100;;65
RO;12100;ASSET;1.845,00
RO;12100;ASSET x 1 lt;39
RO;12113;VIRGO;4,5
RO;12114;AUXIGER LG;170
RO;12115;BARRACUDA;128
RO;12133;JUVINAL 10 EC;1
RO;12133;JUVINAL GOLD;11
RO;12136;VERITAS;231
RO;12136;VERITAS WG x 5 kg;30
RO;12138;R6 ERRESEI TREVI;113
RO;12149;GERBA 4 LG;12
RO;12172;KOL FERRAMOL 1 KG ESCA LUMACHICIDA;5
RO;12174;V.I.P. FLOW;433
RO;12177;;1,6
RO;12177;VITTORIA 24 SC;24,8
RO;12180;;88
RO;12199;SILBOT MZ 60;18
RO;12200;SILBOT R x 1 kg;71
RO;12200;SILBOT R x 10 kg;2.950,00
RO;12202;ZEMIX R x 1 kg;8
RO;12202;ZEMIX R x 10 kg;30
RO;12203;TOOLER;0,84
RO;12212;PENTHIUM EC;232
RO;12212;PENTHIUM EC x 1 lt;2
RO;12215;VEBIPHOS 7,5;19
RO;12215;VEBIPHOS 7.5;7
RO;12225;TEPPEKI;143,76
RO;12225;TEPPEKI x 0,5 kg;13
RO;12225;TEPPEKI x 100 gr;2
RO;12243;MANTIR DG;5.007,00
RO;12250;PENCOR COMBI;45
RO;12263;VONDOZEB DG;1.500,00
RO;12263;VONDOZEB DG x 20 kg;40
RO;12285;FORUM GOLD;193
RO;12296;GAIO SX;1,12
RO;12318;VIVER;10
RO;12319;KRONOS;28
RO;12323;VEBIZOLFO WG;43
RO;12325;MESUROL M PLUS;284,3
RO;12330;DEDALUS SE;3,8
RO;12344;VEBITHRIN 5 EC;6,5
RO;12361;ALGEDI;110,4
RO;12361;ALGEDI (PER 4 HA);1
RO;12361;ALGEDI x 200 gr;82,2
RO;12365;;1
RO;12368;CARPOSTOP;784
RO;12375;SUGAR 500 SC;5.113,00
RO;12375;SUGAR 500 SC LT 1;4
RO;12375;SUGAR 500 SC LT 5;10
RO;12375;SUGAR 500 SC x 5 lt;400
RO;12376;FITAGIL;65
RO;12378;TRIANUM-G;20
RO;12381;NU FILM P x 1 lt;2
RO;12381;NU FILM P x 4 lt;20
RO;12381;NU-FILM-P;300
RO;12383;FLARE GOLD MZ PEPITE x 5 kg;20
RO;12383;RIDOMIL GOLD MZ PEPITE;141
RO;12383;RIDOMIL GOLD MZ PEPITE x 1 kg;7
RO;12385;ARMETIL COBRE SC;6
RO;12395;CUTRIL TOP;1.306,00
RO;12399;GANZO x 1 lt;8
RO;12437;DELAN 70 WG;5.712,00
RO;12437;DELAN 70 WG x 1 kg;151
RO;12452;;600
RO;12452;EQUIP;3.949,00
RO;12452;EQUIP LT. 1;42
RO;12452;EQUIP LT. 5;30
RO;12452;EQUIP x 1 lt;25
RO;12452;EQUIP x 5 lt;140
RO;12453;;120
RO;12459;VOLCAN SC;50
RO;12461;FINALSAN ERBICIDA PROFESSIONAL;2
RO;12461;KOL FINALSAN ERBICIDA PROF. 1 LT.;5
RO;12482;;925
RO;12482;LUMAX;25.250,00
RO;12482;LUMAX x 20 lt;540
RO;12482;LUMAX x 5 lt;260
RO;12489;DIFCOR 250;1
RO;12491;;55
RO;12491;CIPERTHRIN PLUS;970
RO;12504;FLOWBRIX;364
RO;12505;FLOWBRIX BLU;69
RO;12514;VIPER;294
RO;12514;VIPER x 5 lt;330
RO;12519;CORSARIO;12
RO;12522;METRO;113,5
RO;12526;ALIETTE ORTO E GIARDINO;12,75
RO;12528;CABRIO TOP;49
RO;12528;CABRIO TOP x 5 lt;750
RO;12534;FOXTAIL;102,9
RO;12534;FOXTAIL  x  lt 1;13
RO;12534;FOXTAIL ML.250;4,5
RO;12538;MYSTIC 25 WG;1,5
RO;12538;MYSTIC 25 WG x 1 kg;6
RO;12540;REGRAN EXTRA;10
RO;12540;REGRAN SL;73
RO;12566;PYGANIC 1.4;20
RO;12566;PYGANIC 50 ML;0,55
RO;12568;SPRINTEX NEW L;7,25
RO;12573;EKO OIL SPRAY;341
RO;12573;EKO OIL SPRAY LT. 5;5
RO;12573;EKO OIL SPRAY x 1 lt;124
RO;12573;EKO OIL SPRAY x 5 lt;60
RO;12590;DIASTAR MAXI;6.540,00
RO;12590;DIASTAR MAXI x 10 kg;7.930,00
RO;12598;GRANSTAR POWER SX;1.353,51
RO;12598;GRANSTAR POWER SX x 1090 gr;66,49
RO;12598;GRANSTAR ULTRA SX;2
RO;12622;QUANTUM;299,5
RO;12625;EFUZIN 355 SC;5
RO;12625;EFUZIN 355 SC x 1 lt;63
RO;12625;EFUZIN 355 SC x 5 lt;120
RO;12627;DANADIM 400 ST;2.512,00
RO;12628;SERENADE MAX;819
RO;12636;QUASAR 6-24 R;108
RO;12642;TRATON SX;8,12
RO;12644;ALTIX;146
RO;12647;GLITTER;385
RO;12650;NUPRID 200 SL;0,94
RO;12654;;3
RO;12654;SPINTOR;58,5
RO;12661;NEXOL 10 WG;38
RO;12662;;30
RO;12662;METAFOL 700 SC;250
RO;12671;;6,81
RO;12671;HARMONY 50 SX;442,66
RO;12671;HARMONY 50 SX GR 20;0,26
RO;12671;HARMONY 50 SX GR 50;0,1
RO;12671;HARMONY 50 SX x 16 gr;0,12
RO;12671;HARMONY 50 SX x 20 gr;26,54
RO;12671;HARMONY 50 SX x 50 gr;5,25
RO;12671;HARMONY 50 SX x 50 gr (+TUAREG x 5);5,05
RO;12678;CERALL;2.200,00
RO;12696;TEBUZOL S DISPERSS;970
RO;12706;PERMIT;1,05
RO;12706;PERMIT x 150 gr;1,2
RO;12722;OSSICLOR 20 FLOW;3
RO;12734;JUPITER R DF;62
RO;12737;AIRONE PIU';5.456,00
RO;12737;AIRONE PIU' WG;530
RO;12741;GEMINISTAR;60
RO;12747;RAMETTE;30
RO;12748;GRIFON PIU';380
RO;12754;VERDRAM HI BIO;3
RO;12756;DICOTEX;10,3
RO;12759;OSIICLORO 35W/G;15,5
RO;12759;OSSICLOR 35 WG;196,3
RO;12759;ZAPI OSSICLOR 35 WG KG.1 OSSICLORUR;22
RO;12761;AGRIMIX TOP;12
RO;12770;ALAR 85 GOLD;29
RO;12770;ALAR 85 GOLD x 1 kg;1
RO;12779;RAMEDIT COMBI WG x 1 kg;320
RO;12779;RAMEDIT COMBI WG x 10 kg;1.530,00
RO;12784;FARO WG;253
RO;12788;ADIGOR;41,5
RO;12788;ADIGOR  X 1,5;9
RO;12790;IMPACT 250 SC;40
RO;12796;SUGAR 500;222
RO;12806;FEDOR;1.323,00
RO;12806;FEDOR x 1 kg;107
RO;12813;AMISTAR XTRA;778
RO;12813;AMISTAR XTRA x 1 lt;15
RO;12813;AMISTAR XTRA x 5 lt;10
RO;12824;MERLIN EXPERT;4
RO;12824;MERLIN EXPERT  x 1;24
RO;12828;SITOFEX;29
RO;12828;SITOFEX x 1 lt;3
RO;12831;INSIGNIA;10
RO;12832;OPERA;47
RO;12837;;16
RO;12837;ARIUS SYSTEM PLUS;69
RO;12837;ARIUS SYSTEM PLUS x 1 lt;81
RO;12843;CHECKMATE CM-F;84,25
RO;12844;CHECKMATE OFM-F;19,5
RO;12847;EAGLE;0,24
RO;12849;BENPROP PRO;1.883,00
RO;12857;PROREX;213,5
RO;12857;PROREX x 0,5 lt;4
RO;12858;PRODIGY;42
RO;12858;PRODIGY x 1 lt;3
RO;12859;BORNEO;36,85
RO;12862;CANTUS;157
RO;12862;CANTUS x 1 kg;5
RO;12865;DANTOP 50 WG;4,4
RO;12866;COLLIS;121
RO;12866;COLLIS x 1 lt;31
RO;12868;BELLIS;287
RO;12868;BELLIS x 1 kg;56
RO;12869;SIGNUM;1.156,00
RO;12869;SIGNUM x 1 kg;693
RO;12878;RIDOMIL GOLD COMBI PEPITE;338
RO;12878;RIDOMIL GOLD COMBI PEPITE x 1 kg;5
RO;12880;ATLANTIS WG;34,5
RO;12881;HUSSAR  MAXX;5,4
RO;12881;HUSSAR MAX;13,8
RO;12881;HUSSAR MAXX;125,4
RO;12883;;45
RO;12883;PROSPER 300 CS;70
RO;12883;PROSPER 300 CS x 1 lt;4
RO;12886;;10
RO;12886;KARATHANE STAR;192
RO;12886;KARATHANE STAR x 1 lt;65
RO;12888;LEPINOX PLUS;299
RO;12888;LEPINOX PLUS x 1 kg;35
RO;12889;PICKER SC;4,4
RO;12889;PICKER SC ML.200;31
RO;12903;DOLESE WG;86
RO;12904;BRAITEX;3
RO;12916;CYMONE 25 WP;561
RO;12920;AGORA;6
RO;12924;;80
RO;12924;JUPITER WG;769
RO;12933;MOXYL 20 WP x 1 kg;205
RO;12940;KARATE ZEON 1.5;4.267,50
RO;12940;KARATE ZEON 1.5 x 1 lt;120
RO;12940;KARATE ZEON 1.5 x 5 lt;5
RO;12953;ARAMO 50;10
RO;12960;STARPROP;37
RO;12972;GLYFOS DAKAR;15.720,00
RO;12972;GLYFOS DAKAR x 10 kg;1.270,00
RO;12973;GLYFOS RAPID;140
RO;12994;VIVER ELITE WG;422,5
RO;13020;MICRORAM 35 WG;7.827,90
RO;13039;POTCLEAN 2G;22
RO;13049;SULCOGAN;567
RO;13049;SULCOGAN x 5 lt;15
RO;13055;MACHO;9
RO;13061;;23
RO;13061;BIOBIT DF;102
RO;13062;DIPEL DF;50,03
RO;13062;DIPEL DF x 1 kg;42
RO;13063;REGULEX 10 SG;5,53
RO;13064;VITENE ULTRA SC;62
RO;13065;DOMARK 125;760,25
RO;13068;NEORAM WG;200
RO;13071;SIAFEN x 0,5 lt;30
RO;13072;MANNIX;3,5
RO;13076;BRAITEX  PRO;73
RO;13081;NISSORUN;4,5
RO;13084;TELDOR PLUS;70,7
RO;13084;TELDOR PLUS x 1 lt;6
RO;13093;;95
RO;13093;STOMP ACQUA LT 1;3
RO;13093;STOMP ACQUA LT 5;5
RO;13093;STOMP AQUA;4.487,00
RO;13093;STOMP AQUA x 1 lt;123
RO;13093;STOMP AQUA x 10 lt;240
RO;13093;STOMP AQUA x 5 lt;700
RO;13095;DIRA-MAX LG;20
RO;13098;;680
RO;13098;ROUNDUP POWER 2.0;20.994,00
RO;13098;ROUNDUP POWER 2.0 LT 5;50
RO;13104;ALGOR PLATIN;315
RO;13106;IKANOS;76
RO;13106;IKANOS x 1 lt;157
RO;13106;IKANOS x 5 lt;1.515,00
RO;13108;CURAME BORDEAUX;463
RO;13111;THIOCUR FORTE;236
RO;13111;THIOCUR FORTE x 1 lt;70
RO;13120;MYSTIC 430 SC;39
RO;13120;MYSTIC 430 SC x 1 lt;356
RO;13126;CABRIO DUO;1.557,00
RO;13126;CABRIO DUO x 1 lt;211
RO;13126;CABRIO DUO x 5 lt;1.445,00
RO;13128;;75
RO;13128;GOLTIX 50 WG;1.757,00
RO;13128;GOLTIX 50 WG x 5 kg;5
RO;13132;TRIPION E x 5 lt;140
RO;13133;NIBER 35 WG x 0,5 kg;0,5
RO;13138;SYSTHANE 4,5 PLUS;44
RO;13143;;40
RO;13143;MEZENE WG;1.163,00
RO;13149;POLTIGLIA MANICA 20 WG;521
RO;13150;CURAME 35 WG;101
RO;13152;OPTIX R DISPERSS;72
RO;13152;OPTIX R DISPERSS x 1 kg;19
RO;13153;BANVEL S;41
RO;13153;BANVEL S x 1 lt;171
RO;13153;BANVEL S x 5 lt;100
RO;13154;MONDAK 480 S;280
RO;13158;REMEDIER;28
RO;13160;FORUM TOP x 5 kg;220
RO;13166;SPINNER WG;12
RO;13167;;11
RO;13167;POMARSOL 80 WG;8.085,00
RO;13168;LAUDIS;14.538,00
RO;13168;LAUDIS  LT 1;40
RO;13168;LAUDIS x 1 lt;747
RO;13168;LAUDIS x 5 lt;3.080,00
RO;13186;TITUS MAIS EXTRA;11,68
RO;13186;TITUS MAIS EXTRA x 160 gr;14,24
RO;13205;ZOLFO MANICA SCORREVOLE DOPPIO RAFF;1.500,00
RO;13212;CONFIDOR 200 O-TEQ;1,5
RO;13212;CONFIDOR 200 O-TEQ x 0,5 lt;0,5
RO;13213;;40
RO;13213;R 6 ALBIS KG 1;1
RO;13213;R6 ALBIS;8
RO;13213;R6 ERRESEI ALBIS;545
RO;13213;R6 ERRESEI ALBIS x 1 kg;3
RO;13218;FINALSAN PLUS;280
RO;13218;NEU FINALSAN PLUS PROFESSIONAL 10 L;70
RO;13236;BULLET;1.804,00
RO;13242;;1
RO;13242;NICOGAN V.O.;3.395,00
RO;13242;NICOGAN V.O. LT 1;26
RO;13244;ZOLFO VENTILATO STELLA;425
RO;13252;PLAYER 250 SC;656
RO;13253;PLAYER SC;1.400,00
RO;13254;PLAYER 25 WG;300
RO;13283;GARAK;5
RO;13285;SEVERAL;8
RO;13285;SEVERAL x 1 lt;3
RO;13296;POKER 7,5;509
RO;13296;POKER 7.5;221,5
RO;13296;POKER 75 KG. 0,500;5,5
RO;13296;POKER 75 KG. 1;6
RO;13299;MAGIO';982
RO;13307;BERLINA;2
RO;13308;DICARZOL 10 SP;25
RO;13309;DRAKE 26;38
RO;13313;CASPER;98
RO;13313;CASPER x 1 kg;7
RO;13314;CABRIO EC;16
RO;13323;SULFY 80 WDG;10,2
RO;13323;ZAPI SULFY OIDIO ZOLFO WDG 1 KG;29
RO;13324;CUPRIZOL S;7,75
RO;13326;OMES;2.000,00
RO;13327;;8,05
RO;13327;GRANSTAR ULTRA SX;239,95
RO;13327;GRANSTAR ULTRA SX GR 200;0,2
RO;13327;GRANSTAR ULTRA SX GR 50;1,75
RO;13327;GRANSTAR ULTRA SX x 200 gr;58,2
RO;13327;GRANSTAR ULTRA SX x 50 gr;24,25
RO;13329;OMNEX 10 EC;116
RO;13332;;47,5
RO;13332;VIP;126,5
RO;13335;DUPLOSAN KV;8
RO;13352;DIREX 7,5 GR;7
RO;13352;DIREX 7,5GR;60
RO;13352;KOL DIREX 7,5 BAR KG.1;38
RO;13352;KOL DIREX 7,5 BUS KG.1;18
RO;13355;TRONE;1
RO;13361;DECIS ENERGY O-TEQ;76,32
RO;13361;DECIS ENERGY O-TEQ x 1 lt;25
RO;13367;DIVO;310,5
RO;13370;WARRANT 200 SL;40,75
RO;13375;NUPRID 200 SC;36
RO;13375;NUPRID 200 SC LT 1;1
RO;13375;NUPRID 200 SC x 0,25 lt;4,25
RO;13375;NUPRID 200 SC x 1 lt;4
RO;13377;;156
RO;13378;ORTIVA TOP;12
RO;13378;ORTIVA TOP x 1 lt;4
RO;13382;;35
RO;13382;PERGADO R PACK HA 1  ESAU.;1
RO;13382;PERGADO R PACK HA 2  ESAU.;2
RO;13382;PERGADO SC;86
RO;13382;PERGADO SC x 0,5 lt;42
RO;13382;PERGADO SC X 1 (+ ZOMINEX);10
RO;13382;PERGADO SC x 1 lt;10
RO;13386;;25
RO;13386;PROSARO;4.942,00
RO;13387;;22,79
RO;13387;FLORAMIX;188,68
RO;13387;FLORAMIX x 0,530 kg;106
RO;13389;AFFIRM;10.251,00
RO;13389;AFFIRM x 1 kg;111
RO;13389;AFFIRM x 10 kg;680
RO;13389;AFFIRM x 5 kg;190
RO;13391;CYTHRIN 50 EC;2,88
RO;13394;IMIDASECT;13
RO;13402;LUMA-KL;127
RO;13409;SILFUR WG;3.500,00
RO;13409;SILFUR WG (80%) x 1 kg;36
RO;13409;SILFUR WG (80%) x 10 kg;2.550,00
RO;13410;FRUTTENE 76 WG;23
RO;13414;ARES 5 SC;290
RO;13440;SATEL;3,54
RO;13443;FUNGIBEN;1,2
RO;13447;HELMSTAR 75 WG;17,73
RO;13447;HELMSTAR 75 WG GR 10;0,67
RO;13451;SPARVIERO;214,75
RO;13455;;17
RO;13455;ANTIGRAM GOLD;1.572,00
RO;13455;ANTIGRAM GOLD x 1 lt;24
RO;13455;ANTIGRAM GOLD x 5 lt;15
RO;13466;;1
RO;13466;SPOTLIGHT PLUS;698
RO;13466;SPOTLIGHT PLUS x 1 lt;182
RO;13468;CLINER;0,45
RO;13471;NICOZEA OD;8
RO;13472;ALIEN;3
RO;13482;IMIDACHEM;77
RO;13486;JUDO;391
RO;13489;CYMBAL WG x 0,5 kg;2
RO;13491;CYMBAL 20;1,5
RO;13495;RYU-RUN WG;1.340,00
RO;13500;CIPREN 10 WG;0,2
RO;13522;SPIDER KILL KG 0,500;1
RO;13540;QUASAR R FLOW;96
RO;13544;STADIO M  x 2,5;2,5
RO;13551;GIOVE;2
RO;13551;GIOVE x 1 lt;2
RO;13552;ZOLVIS 80 SECTOR;780
RO;13560;FORZA;66
RO;13576;RAMEPLANT WG;57,6
RO;13578;RAME CAFFARO BLU WG NEW;533
RO;13579;COPPER 12;9,5
RO;13585;SOLOFOL;10
RO;13586;VERDERAME 20 WG;51,1
RO;13592;VOLARE;278,25
RO;13592;VOLARE x 1 lt;969
RO;13607;NOBIL;10
RO;13635;POLT.BORD.20 PB x 25 kg (MANICA);25
RO;13635;POLTIGLIA 20 PB MANICA;551
RO;13639;ACRAMITE 480 SC;4
RO;13639;ACRAMITE 480 SC x 0,250 lt;2
RO;13640;IMPRINT;171,25
RO;13648;SIARAM 20 WG;20
RO;13648;SIARAM 20 WG x 1 kg;409
RO;13648;SIARAM 20 WG x 10 kg;2.080,00
RO;13648;SIARAM 20 WG x 20 kg;3.420,00
RO;13667;AFIDANE 200 SL;3
RO;13687;BURT;22
RO;13689;FLINT MAX;10,5
RO;13689;FLINT MAX x 0,5 kg;0,5
RO;13691;TRIDAN COMBI T;137
RO;13693;BACILLUS CHEMIA;1.154,00
RO;13698;VIVANDO;67,75
RO;13698;VIVANDO x 0,25 lt;1,5
RO;13701;RUBIN SX;76
RO;13702;GEOTOX;36
RO;13702;GEOTOX 7,5;94,8
RO;13702;GEOTOX 7,5 C;2
RO;13702;GEOTOX 7,5C;13
RO;13707;IMPACT SUPREME;1.513,00
RO;13707;IMPACT SUPREME x 1 lt;39
RO;13707;IMPACT SUPREME x 5 lt;420
RO;13709;U 46 PRATI;390
RO;13709;U 46 PRATI x 1 lt;13
RO;13716;CAPTAN ARVESTA 80 WG;10
RO;13719;THIAMON 80 PLUS;2
RO;13719;THIAMON 80 PLUS KG. 1;7
RO;13721;AFIDINA QUICK;96
RO;13722;CAL-EX 1.9 EC;30
RO;13736;;3,75
RO;13736;TRACE;1.080,00
RO;13736;TRACE LT 0,750;21
RO;13736;TRACE x 0,750 lt;78
RO;13741;SELECTA DISPERSS;12
RO;13753;;41
RO;13753;GAL-GONE;21
RO;13758;OPTIX WG;6
RO;13765;SHERPA 100 EW x 1 lt;268
RO;13771;;6
RO;13771;NIMROD 250 EW;542
RO;13771;NIMROD 250 EW x 1 lt;200
RO;13785;QUANTUM MZ (IDRO) x 5 kg;10
RO;13786;;50
RO;13786;QUANTUM R;176
RO;13787;RIVIERA R;1.121,00
RO;13791;GEATER-STAR;12,5
RO;13792;STABILAN;162
RO;13793;RUNNER M;17
RO;13794;SPADA WDG;1.815,00
RO;13796;CELL;35
RO;13807;RAVENAS;56,75
RO;13807;RAVENAS x 0,250;14,5
RO;13809;FORCE ULTRA;4.280,00
RO;13809;FORCE ULTRA x 10 kg;5.540,00
RO;13812;NOTO 40 OD;2.860,00
RO;13815;TUTOR 18-15;22
RO;13817;ALIAL WG;1.049,00
RO;13818;ALIAL TRIPLE WP;32
RO;13820;BAYTEROID 25 EC;474
RO;13823;ALVERDE;429,59
RO;13823;ALVERDE x 1 lt;12
RO;13823;ZAPI DORIFORA E LEPID. ALVERDE 50 M;0,35
RO;13828;ELEGANT 05 EC;1
RO;13837;SILWET L-77;46
RO;13843;ZELIG 480 EC;947
RO;13852;DIQUA;295
RO;13858;MEDIATOR EXTRA SL;0,55
RO;13876;APACHE;2
RO;13877;KITT PRONTO;14
RO;13885;MICROCOPP NEUTRO FL;1.451,00
RO;13885;MICROCOPP NEUTRO FL x 1 lt;57
RO;13888;FANTIC F NC WG;30
RO;13899;;30
RO;13905;BANJO;812
RO;13905;BANJO (Nuova Etichetta Pero) x 1 lt;275
RO;13913;ORIUS P;2.145,00
RO;13925;BOGARD;4,5
RO;13925;BOGARD x 0,5 lt;132,5
RO;13926;SPONSOR;21,5
RO;13943;SINPHOSATE;100
RO;13955;MITIGREEN;1.372,00
RO;13981;;22
RO;13981;CORAGEN;2.382,88
RO;13981;CORAGEN 300 ML;0,9
RO;13981;CORAGEN 500 ML;0,5
RO;13981;CORAGEN x 0,300 lt;153
RO;13981;CORAGEN x 0,400 (+AVAUNT)TW.P MAIS;53,6
RO;13998;PYRUS 400 SC;85
RO;14005;;127
RO;14005;CLORTOSIP 500 SC;10.494,00
RO;14005;CLORTOSIP 500 SC LT. 1;17
RO;14005;CLORTOSIP 500 SC x 1 lt;528
RO;14005;CLORTOSIP 500 SC x 5 lt;1.560,00
RO;14006;INDIPENDENT 25 PB;13
RO;14018;BASIC;100
RO;14021;BREK DUO;1.175,00
RO;14024;PERFIL 10 WP;10,5
RO;14058;;39,5
RO;14058;FEINZIN 70 DF;229,25
RO;14058;FEINZIN 70 DF x 0,250 kg;8,75
RO;14061;TRIANUM-P;11,5
RO;14062;ZOXIUM 240 SC;255
RO;14074;KOL TRINEX 250 EW 250 ML. PER OIDIO;3,75
RO;14074;TRINEX 250 EW;5,5
RO;14074;TRINEX 250 EW x 1 lt;7
RO;14077;CHAMP 20 DF;3
RO;14077;CHAMP 20 DF x 10 kg;1.910,00
RO;14085;PUNTIL MZ;2
RO;14091;APHOX;252
RO;14093;ANTARKTIS;334
RO;14098;CRITTOX GD 75 x 10 kg;1.220,00
RO;14099;ASPOR WDG;300
RO;14101;CARAMBA;1.158,00
RO;14101;CARAMBA x 1 lt;3.712,00
RO;14102;BORDOFLOW NEW;80
RO;14107;MICROBAGNABILE SC;90
RO;14119;VISIR PENCOTECH;50
RO;14123;ZETARAM NEW TECH;10
RO;14127;MEVAXIL COBRE;1,75
RO;14128;ZIGNAL;3
RO;14135;GRENADIER 75 DF;0,45
RO;14136;OBERON;23
RO;14137;ALTACOR;89,9
RO;14137;ALTACOR x 100 gr;3,9
RO;14137;ALTACOR x 300 gr;300
RO;14154;BAYER PIRETRO ACTIGREEN  20 ML;16
RO;14154;PIRETRO ACTIGREEN;1,36
RO;14155;KOMPASS;20
RO;14155;KOMPASS x 10 kg;1.080,00
RO;14156;;72
RO;14156;CURZATE R WG;144
RO;14158;CHLORCYRINE 550 EC;15
RO;14163;SARMOX 440 WG;151
RO;14165;;25
RO;14165;NANDO MAXI;1.557,00
RO;14165;NANDO MAXY x 1 lt;23
RO;14166;;1
RO;14166;ZETOR;1.796,00
RO;14168;SILWET VELONEX;298
RO;14168;SILWET VELONEX x 1 lt;3
RO;14169;PERGADO R;260
RO;14178;TRI-BASE;160
RO;14182;;10
RO;14182;ARES 25 WG;3.501,00
RO;14182;ARES 25 WG KG. 1;14
RO;14187;SILWET FASTEX;7
RO;14193;SARMOX 45 DG;136
RO;14195;KENDO WITH ZEON TECHNOLOGY;20
RO;14195;KENDO WITH ZEON TECNOLOGY x 1 lt;256
RO;14204;75A;8
RO;14208;RELDAN LO;1.502,00
RO;14214;RAPSAN 500 SC;14
RO;14232;CYTHRIN MAX;12
RO;14245;GOLEM;130,5
RO;14248;CLOR QUICK;1,7
RO;14248;ZAPI CLOR QUICK ML 100 UNIV.ABBATT.;0,2
RO;14257;UNDERLINE 0,2 G;300
RO;14262;GREENEX NF;6,02
RO;14263;BIOTEN;10
RO;14273;NIFURON;16
RO;14290;;2,75
RO;14290;KOHINOR 200 SL;1.428,21
RO;14290;KOHINOR 200 SL 250 ML;0,75
RO;14290;KOHINOR 200 SL 5 ML;0,08
RO;14290;KOHINOR 200 SL 50 ML;0,95
RO;14290;KOHINOR 200 SL x 0,25 lt;11
RO;14290;KOHINOR 200 SL x 1 lt;131
RO;14290;KOL KOHINOR 200 SL DA 5 ML;4,8
RO;14290;KOL KOHINOR 200SL ML.100;8,3
RO;14290;KOL KOHINOR 200SL ML.50;6,95
RO;14294;EXECUTIVE;15,7
RO;14294;EXECUTIVE x 100 gr;9,5
RO;14336;NEMATHORIN 150 EC;50
RO;14342;;39
RO;14342;VOLCAN COMBI SC;399
RO;14342;VOLCAN COMBI SC x 1 lt;72
RO;14342;VOLCAN COMBI SC x 5 lt;10
RO;14348;AGRON;65
RO;14350;ZOLFO RAMATO 5;9
RO;14376;MASTER QUICK;2,38
RO;14387;NERVURE SUPER;165
RO;14389;DESSICASH 200 SL;1
RO;14389;DESSICASH 200 SL x 1 lt;23
RO;14392;WYLOM OP;5
RO;14405;;15
RO;14405;MERLIN FLEXX;3.618,00
RO;14405;MERLIN FLEXX LT 2;20
RO;14405;MERLIN FLEXX x 10 lt;40
RO;14405;MERLIN FLEXX x 2 lt;110
RO;14407;RUNWAY;19
RO;14409;;30
RO;14409;MOVENTO 48 SC;3.696,84
RO;14409;MOVENTO 48 SC x 1 lt;13
RO;14409;MOVENTO 48 SC x 5 lt;380
RO;14414;DUSTY;58,5
RO;14418;PULSAR 40 SL;1.863,00
RO;14418;PULSAR 40 SL (IP) x 1 lt;38
RO;14418;PULSAR 40 SL (IP) x 5 lt;200
RO;14419;TRUST SC;4,75
RO;14423;PRIMISOL 80 WDG;50
RO;14426;;3
RO;14426;GEODIS;256
RO;14426;GEODIS x 1 kg;106
RO;14431;;1
RO;14431;LENTAGRAN 45 WP;50,8
RO;14431;LENTAGRAN 45 WP x 1 kg;8
RO;14432;METRIC;250
RO;14432;METRIC x 5 lt;120
RO;14461;CURIT DUO;8
RO;14468;ROMIN T;200
RO;14469;ROMIN 600;335
RO;14472;PARTNER EC;848
RO;14488;ANTRACOL 70 WG;840
RO;14488;ANTRACOL 70 WG x 10 kg;360
RO;14510;ELECTIS TRIO;17
RO;14514;BOOSTER;44
RO;14523;CARPO 600;153,5
RO;14527;SUDOKU TOP;4
RO;14543;FLUIZOL;115
RO;14550;HOOK 480 PLUS;5
RO;14575;TRIMMER SX;20,28
RO;14576;CUTRIL EVO;2.510,00
RO;14577;FORUM R 3B;1.564,00
RO;14577;FORUM R 3B x 1 kg;47
RO;14579;RAMIN 30 DF;286
RO;14580;ROBO' EC;0,1
RO;14582;FENGIB;29
RO;14582;FENGIB x 1 lt;2
RO;14629;GAT TESSLA 25 WG;1
RO;14636;;30
RO;14636;BIOLID UP;4.711,00
RO;14636;BIOLID UP x 1 lt;160
RO;14638;;1.340,00
RO;14638;NETOR;690
RO;14642;;15
RO;14642;RIDOMIL GOLD R WG;6.084,00
RO;14642;RIDOMIL GOLD R WG x 1 kg;379
RO;14642;RIDOMIL GOLD R WG x 10 kg;1.930,00
RO;14642;RIDOMIL GOLD R WG x 5 kg;1.000,00
RO;14643;CENTIUM 36 CS;65
RO;14655;VIVER WDG;100
RO;14660;BTK 32 WG;6,5
RO;14663;ACCEL 40 SG;0,35
RO;14664;BERELEX 40 SG;8,94
RO;14664;BERELEX 40 SG (astuccio 25 gr);0,12
RO;14682;KATANA;1
RO;14683;GIB-BIO;1
RO;14685;ACROBAT R 3B x 10 kg;1.490,00
RO;14687;QUAD-GLOB 200 SL;1.090,00
RO;14687;QUAD-GLOB 200 SL x 1 lt;9
RO;14687;QUAD-GLOB 200 SL x 5 lt;80
RO;14693;;24
RO;14697;ENERVIN DUO;61
RO;14697;ENERVIN DUO x 1 lt;45
RO;14697;ENERVIN DUO x 5 lt;5
RO;14699;GEOXE;125
RO;14699;GEOXE x 1 kg;0,5
RO;14728;CELIO;108,25
RO;14735;;7
RO;14735;RANMAN TOP;223,9
RO;14735;RANMAN TOP x 2 lt;72
RO;14737;;60
RO;14737;ROUNDUP PLATINUM;21.506,00
RO;14737;ROUNDUP PLATINUM LT 15;120
RO;14737;ROUNDUP PLATINUM LT 5;105
RO;14737;ROUNDUP PLATINUM x 15 lt;600
RO;14737;ROUNDUP PLATINUM x 200 lt;400
RO;14739;DECIS PROTECT;5
RO;14758;KARATE HOBBY;0,3
RO;14758;KARATE WITH ZEON TECHNOLOGY 1.5 HOB;0,6
RO;14759;SULC0CAP;53
RO;14759;SULCOCAP;35
RO;14760;RASIKAL PRO;34,5
RO;14764;SLUXX;40
RO;14765;;40
RO;14765;ELUMIS;2.425,00
RO;14766;ACTARA 240 SC;19
RO;14766;ACTARA 240 SC x 1 lt;10
RO;14768;CALIBAN TOP;20,4
RO;14769;COMET 250 EC;1.272,00
RO;14772;;65
RO;14772;BANDERA;570
RO;14785;DRISCOLL;10,2
RO;14792;MELODY TREVI x 1 kg;4
RO;14792;MELODY TREVI x 8 kg;8
RO;14797;SIATTOL 200 PLUS;10,78
RO;14799;AFLOR 200 SL;3,89
RO;14799;ZAPI AFICIDA SIST.ML.5 AFLOR 200SL;0,02
RO;14799;ZAPI AFICIDA SIST.ML.50 AFLOR 200SL;0,85
RO;14803;ELECTIS ZR;103
RO;14806;;8
RO;14807;LUZINDO;26,5
RO;14808;PROXANIL SC;1
RO;14809;CUPRAVIT BIO EVOLUTION x 1 kg;24
RO;14809;CUPRAVIT BIO EVOLUTION x 10 kg;10
RO;14812;ENERVIN TOP;40
RO;14812;ENERVIN TOP WG x 1 kg;16
RO;14812;ENERVIN TOP WG x 5 kg;70
RO;14815;;218
RO;14815;ADENGO;8.038,00
RO;14815;ADENGO LT. 10;20
RO;14815;ADENGO LT. 2;48
RO;14815;ADENGO x 10 lt;1.270,00
RO;14815;ADENGO x 2 lt;130
RO;14818;ACANTO;1.128,00
RO;14818;ACANTO 250 SC;7
RO;14818;ACANTO x 1 lt;95
RO;14819;VALIS M;82
RO;14828;NUPRID SUPREME SC;31
RO;14828;NUPRID SUPREME SC x 1 lt;310
RO;14832;EMENDO M;46
RO;14837;GLIFOSAR FLASH;24.595,00
RO;14838;BARCLAY GALLUP BIOGRADE 360;7.278,00
RO;14838;GALLUP BIOGRADE 360 x 20 lt;11.940,00
RO;14838;GALLUP BIOGRADE 360 x 5 lt;40
RO;14844;CLUSTER 500;662
RO;14845;MYSTIC PLUS S;145
RO;14845;MYSTIC PLUS S x 1 kg;33
RO;14854;KARAMAT M;10
RO;14857;ABOTRIL 500;4
RO;14867;SYNERO;11
RO;14867;SYNERO x 1 lt;17
RO;14872;BELLIS DRUPACEE;27,5
RO;14876;GRANDSTAND;4,5
RO;14879;;2,4
RO;14879;LONTREL 72 SG;21,45
RO;14879;LONTREL 72 SG x 150 gr;13
RO;14879;LONTREL 75 G;3,3
RO;14884;;392
RO;14884;CORUM;13.750,00
RO;14884;CORUM LT. 1;45
RO;14884;CORUM LT. 5;15
RO;14884;CORUM x 1 lt;2
RO;14891;TRICO;3
RO;14894;LANNATE 25 WP;3
RO;14895;LANNATE 20 SL;210
RO;14895;LANNATE 20 SL x 1 lt;4
RO;14897;FLUROSTAR 200;166
RO;14897;FLUROSTAR 200 LT. 1;15
RO;14897;FLUROSTAR 200 x 1 lt;13
RO;14898;POLECI;9
RO;14900;KENKIO;410
RO;14901;CONCORDE 125;0,8
RO;14909;NURELLE 5;521
RO;14909;NURELLE 5 LT 1;8
RO;14921;KOHINOR OLEA;25
RO;14931;GRISU;47
RO;14935;TRAXOS ONE;1.131,00
RO;14935;TRAXOS ONE x 1 lt;538
RO;14935;TRAXOS ONE x 5 lt;340
RO;14936;AMPLIGO;764,5
RO;14936;AMPLIGO x 1 lt;68
RO;14937;VOLIAM TARGO;107
RO;14940;;0,3
RO;14940;TAKUMI;8,7
RO;14940;TAKUMI x 0,5 lt;5
RO;14944;;171
RO;14944;FLUXYR 200 EC;484
RO;14945;ASCOT WDG;1
RO;14947;TRUSTEE 450;192
RO;14951;BOTECTOR;2
RO;14967;TIPTOR ULTRA;1.466,00
RO;14969;HOPPER 480;107
RO;14972;DICARZOL 50 SP;71
RO;14974;BELEM 0.8 MG;1.776,00
RO;14977;SORPASSO 500 FL;10
RO;14980;AFFINITY PLUS;48
RO;14985;RETENGO PLUS;27
RO;14986;OPERA NEW;5.110,00
RO;14986;OPERA NEW x 5 lt;270
RO;15005;FONTELIS;453
RO;15005;FONTELIS x 1 lt;11
RO;15006;TRAXOS PRONTO;85
RO;15007;AXIAL PRONTO;52
RO;15007;AXIAL PRONTO x 1 lt;2
RO;15008;LBG - 01F34;14
RO;15010;AMISTAR PLUS LT.1 (2°XN);87
RO;15013;NATRIA LUMACHICIDA;3,8
RO;15019;RIVIERA;48
RO;15020;CYFLUTREX;740
RO;15023;DERREX;300
RO;15024;MESUROL 200 SC;660
RO;15024;MESUROL 200 SC x 1 lt;79
RO;15030;COSSACK x 0,6 kg;15,6
RO;15030;COSSAK;93
RO;15034;DICOPHAR;1,7
RO;15034;KOL DICOPHAR ML.100;37
RO;15037;BREZZA;3
RO;15039;GAMIT 36 CS;40
RO;15041;OPINION ECNA;8
RO;15047;R6 ERRESEI BORDEAUX WG;26,25
RO;15049;MODDUS;425
RO;15049;MODDUS x 1 lt;3
RO;15050;VERTIMEC PRO;509
RO;15050;VERTIMEC PRO x 1 lt;26
RO;15050;VERTIMEC PRO x 5 lt;60
RO;15051;;635
RO;15051;KYLEO;2.000,00
RO;15052;KAIMO SORBIE;176,4
RO;15053;ADMIRAL ECHO;8
RO;15053;ADMIRAL ECHO x 1 lt;18
RO;15058;PRINCIPAL MAIS;311,08
RO;15058;PRINCIPAL MAIS x 440 gr;73
RO;15059;DECIS EVO;1.118,50
RO;15059;DECIS EVO 250 ML;2,75
RO;15059;DECIS EVO LT. 1;24
RO;15059;DECIS EVO x 1 lt;30
RO;15059;DECIS EVO x 5 lt;120
RO;15061;SCOMRID;0,6
RO;15062;PIRAMAX  EC;143
RO;15063;NIMBLE;26,7
RO;15063;NIMBLE x 50 gr;45,55
RO;15067;MIG-40 SC;669
RO;15071;EVOLUTION;257
RO;15083;AUDACE;7
RO;15083;AUDACE x 1 lt;85
RO;15088;CLARIDO;80
RO;15093;CENTURIO;190,5
RO;15093;CENTURIO x 5 kg;210
RO;15093;KOL CENTURIO KG.1;28
RO;15093;KOLLANT CENTURIO KG 3;60
RO;15096;GLIPHOGAN TOP CL;640
RO;15096;GLIPHOGAN TOP CL x 1 lt;409
RO;15096;GLIPHOGAN TOP CL x 5 lt;925
RO;15101;CIMORAM ULTRA WG;45
RO;15102;VITENE R WG;80
RO;15111;MIRADOR SC;151
RO;15111;MIRADOR SC LT 1;48
RO;15111;MIRADOR SC LT 5;15
RO;15112;SIMPLIA x 1 lt;34
RO;15114;MACCANI;203
RO;15122;ACTELLIC 50 NEWPHARM;20
RO;15123;ALTAIR 4,5 EW;40
RO;15124;ZANTARA;1.902,00
RO;15125;PROLECTUS;57
RO;15130;;1
RO;15130;INTREPID;289
RO;15138;BAROCCO 80 WG;575
RO;15139;INDIPENDENT SC-15;315
RO;15142;ALCANCE SYNC TEC;1.915,00
RO;15145;TEMPLIER x 180 gr;7,02
RO;15148;ENVIROMITE 480 SC;0,16
RO;15149;CONSAVET DF EDGE;3.680,00
RO;15168;ZORO 1.9 EW;8
RO;15177;ROTATE PLUS DF x 1 kg;206
RO;15180;RIVET PLUS x 1 lt;3
RO;15181;;59
RO;15181;CIRRUS CS;1.026,00
RO;15181;CIRRUS CS LT. 0,50;0,5
RO;15184;SATEL GEO;24
RO;15193;;160
RO;15193;CONTATTO PIU EXTRA;355
RO;15193;CONTATTO PIU' EXTRA;749
RO;15193;CONTATTO PIU EXTRA x 1 lt;343
RO;15193;CONTATTO PIU EXTRA x 5 lt;681
RO;15198;AZBANY;284
RO;15199;SAKURA;561
RO;15199;SAKURA x 1 lt;2
RO;15200;QUALY;4
RO;15201;FLOXY 355 SC;109
RO;15221;ZETARAM PLUS;120
RO;15227;MESUROL EVOLUTION;2,45
RO;15232;CUSTODIA;1.451,00
RO;15232;CUSTODIA LT. 1;25
RO;15232;CUSTODIA x 5 lt;60
RO;15235;MOMENTUM;890
RO;15236;ZAMMO;227
RO;15236;ZAMMO x 1 lt;74
RO;15237;CHIKARA DUO;5
RO;15250;COPRANTOL DUO;35
RO;15253;FALCON MK;139
RO;15253;FALCON MK x 1 lt;1.317,00
RO;15253;FALCON MK x 5 lt;2.315,00
RO;15256;FORUM R 3B FLOW;50
RO;15264;ENERVIN SC;10,5
RO;15265;PROMAN FLOW;8
RO;15270;PROFELIS;0,31
RO;15273;;9
RO;15274;ALIAL SYSTEM;55
RO;15275;KUSTI;1.244,00
RO;15285;PRIMMA STAR;1,51
RO;15286;KENDO ZEON 1.5 x 1 lt;2
RO;15290;AXIDOR x 1 lt;2
RO;15294;KENDO BI-ACTIVE;29
RO;15294;KENDO BI-ACTIVE x 1 lt;576
RO;15302;;30
RO;15302;AMYLO-X;141
RO;15302;AMYLO-X x 1 kg;18
RO;15307;DEDALUS 25 WDG;1.091,50
RO;15310;NISSHIN 6 OD LT 1;8
RO;15310;NISSHIN EXTRA 6 OD;96
RO;15317;FLARE GOLD COMBI PEPITE x 5 kg;5
RO;15325;CORNER MZ WG;35
RO;15326;CUPROTEK DISPERSS;70
RO;15326;CUPROTEK DISPERSS x 10 kg;490
RO;15333;;1
RO;15333;APPLAUD PLUS;69,8
RO;15334;SULFO 80 DF;200
RO;15335;U 46 ULTRA;430
RO;15335;U 46 ULTRA x 1 lt;54
RO;15335;U 46 ULTRA x 5 lt;40
RO;15344;FILAN WG;161
RO;15348;RIDOMIL GOLD R LIQUIDO;381
RO;15349;ARES 430 SC;977
RO;15349;ARES 430 SC LT. 1;29
RO;15351;POWERSHUT;31
RO;15356;;20
RO;15356;SPHINX SC;2
RO;15359;VITIL 8-64 WG;325
RO;15361;LIETO;0,9
RO;15363;MEDEIRO 80 WG ADVANCE;500
RO;15365;RAMEZOLFO FLOW;4
RO;15370;FURY GEO;20.960,00
RO;15370;FURY GEO KG. 10;430
RO;15370;FURY GEO x 10 kg;19.790,00
RO;15371;BELEM PROTEZIONE;4.464,00
RO;15371;BELEM PROTEZIONE x 12 kg;2.760,00
RO;15378;TRAXOS PRONTO 60;1.445,00
RO;15378;TRAXOS PRONTO 60 x 1 lt;135
RO;15378;TRAXOS PRONTO 60 x 5 lt;150
RO;15379;AXIAL PRONTO 60;321,75
RO;15379;AXIAL PRONTO 60 x 0,75 lt (1 Ha);25,5
RO;15384;LUNA EXPERIENCE;769
RO;15384;LUNA EXPERIENCE x 1 lt;36
RO;15388;MEXIL ORO R WG;132
RO;15389;FLARE GOLD R WG x 10 kg;5.570,00
RO;15392;QUANTUM MZ WDG;29
RO;15401;TAIFUN MK CL;24.577,00
RO;15401;TAIFUN MK CL LT 20;160
RO;15401;TAIFUN MK CL LT 5;70
RO;15401;TAIFUN MK CL x 1 lt;562
RO;15401;TAIFUN MK CL x 1 lt (Nuova Etich.);33
RO;15401;TAIFUN MK CL x 5 lt;1.235,00
RO;15401;TAIFUN MK CL x 5 lt (Nuova Etich.);25
RO;15405;SHAMAL MK PLUS CL;228
RO;15408;MAXIMA;170
RO;15408;MAXIMA x 1 lt;22
RO;15408;MAXIMA x 20 lt;100
RO;15408;MAXIMA x 5 lt;865
RO;15409;DECISION;389
RO;15410;DECA;193
RO;15419;ELECTIS R FLOW;110
RO;15420;DIQUASH;820
RO;15422;KELVIN DUO x 180 gr;2
RO;15428;WINNER OD;11
RO;15433;ATLAS;5,5
RO;15449;CIDELY;39
RO;15455;TELDOR PLUS ORTO;0,2
RO;15468;ACASTA;872
RO;15483;WISH;548
RO;15487;INSTANT;507
RO;15488;IRAZU TOP;38
RO;15489;ZEUS DUO;45
RO;15493;SIMUN 40 OD;721
RO;15499;SONG 70 WDG;155,25
RO;15500;LIBRAX;45
RO;15501;QUIZ;494
RO;15505;SILBOT 500 SC x 1 lt;9
RO;15507;CREW SUPERB;897
RO;15507;CREW SUPERB x 1 lt;625
RO;15509;MOSAIKO COMBI;9
RO;15513;OSSICLOR 35 WG GREEN;365
RO;15514;CUPRAVIT BLU 35 WG;39,2
RO;15515;POLTIGLIA 20 PB GREEN;2.915,00
RO;15536;ANTAL;36
RO;15546;BIATHLON 4D;373,3
RO;15546;BIATHLON 4D x 350 gr;3,85
RO;15553;;7,5
RO;15553;REGALIS PLUS;294
RO;15566;VISION PLUS;547
RO;15569;LOOP 40;15
RO;15569;LOOP 40 x 1 lt;1
RO;15569;LOOP 40 x 5 lt;105
RO;15572;ZOMINEX;30
RO;15572;ZOMINEX x 1 lt (+PERGADO SC x 1);13
RO;15573;PROMESS SL;69
RO;15574;KARMA 85;450
RO;15576;CLERANDA;10
RO;15580;ESTUDER;128
RO;15583;PIRAT;181
RO;15591;PREVINT TOP;9
RO;15596;;2
RO;15596;LASCAR;626
RO;15596;LASCAR x 1 lt;4
RO;15598;CARPOVIRUSINE EVO 2;884
RO;15603;ERBIFEN K;210
RO;15606;SUTRA 100 CS;5
RO;15608;VERSAR;97
RO;15610;CYPERKILL 50 EC;4
RO;15621;BOTTO 50 EC;113
RO;15623;COSMOS 550 EC;133
RO;15627;PAPYRUS 400 SC;1
RO;15629;BADGER 45% WG;0,5
RO;15630;PALMAS 45% WG;21,5
RO;15633;REVUS TOP;4
RO;15640;PROLINE STAR;819
RO;15640;PROLINE STAR x 1 lt;6
RO;15642;HIDRA PLUS LT.5;15
RO;15642;HYDRA PLUS;95
RO;15646;VIVER 250 EC;6
RO;15654;ACCORD;135
RO;15655;KEETON 25 WG;7
RO;15655;KEETON 25 WG x 1 kg;3
RO;15663;CUPRAVIT 35 WG;870
RO;15666;TURNER COMBI;10
RO;15668;GHIBLI 240 OD;38,5
RO;15668;GHIBLI 240 OD x 0,25 lt;60
RO;15674;AMADEUS TOP;3,75
RO;15680;MITRHA 40 SC;106
RO;15680;MITRHA 40 SC x 5 lt;5
RO;15689;DIFENZONE;285
RO;15689;DIFENZONE x 1 lt;400
RO;15690;ALIAL RAMATO;148
RO;15699;EMI 48;1
RO;15699;EMI 48 (IP) x 1 lt;1
RO;15710;CLINCHER ONE;870
RO;15710;CLINCHER ONE x 5 lt;385
RO;15711;ALSYSTIN;38
RO;15711;ALSYSTIN x 0,5 kg;0,5
RO;15713;DIABLO SC;160
RO;15713;DIABLO SC x 0,2 lt;35,2
RO;15722;ARMICARB 85;55
RO;15738;STOPWEED 480;7
RO;15738;STOPWEED 480 x 1 lt;520
RO;15741;AVADEX FACTOR;1.901,00
RO;15741;AVADEX FACTOR x 10(con Pressing 500;36
RO;15745;SHARPEN 40% SC;50
RO;15746;EXTENSOR OD x 10 lt;360
RO;15751;VITENE TRIPLO R;29
RO;15751;VITENE TRIPLO R WG GR 500;65
RO;15751;VITENE TRIPLO R x 10 kg;4
RO;15754;SHARPEN 33% EC;9
RO;15755;CERATIPACK;122
RO;15779;ABANTO;0,06
RO;15780;OSSICLOR 50 PB GREEN;3.660,00
RO;15790;AMISTAR TOP;45
RO;15831;VACCIPLANT;2
RO;15834;TRACER 120;12
RO;15841;FLOCTER x 10 kg;40
RO;15842;AFICIONADO;435
RO;15842;AFICIONADO x 3 lt;147
RO;15843;ZOLEX 250;170
RO;15845;;10
RO;15845;ARAGON;1.521,00
RO;15846;BIO ETEFON;253
RO;15847;MAKURI;291
RO;15857;R6 ERRESEI PASADOBLE;10
RO;15863;BALENO FLASH;212
RO;15877;CONSENTO;100
RO;15877;CONSENTO x 5 lt;20
RO;15882;;100
RO;15882;ATILLA;620
RO;15886;METAREX INOV;1.125,00
RO;15890;CURZATE 60 WG;30,8
RO;15891;BLAISE;1.357,00
RO;15900;;5.400,00
RO;15900;TRIKA EXPERT;70.190,00
RO;15900;TRIKA EXPERT x 10 kg;5.660,00
RO;15901;ERCOLE;14.919,00
RO;15901;ERCOLE KG. 10;180
RO;15901;ERCOLE x 10 kg;2.410,00
RO;15907;;4
RO;15907;PRESIDIUM ONE;845
RO;15907;PRESIDIUM ONE x 5 lt;5
RO;15911;SPIROX;38
RO;15912;CUPRO ISAGRO WG;870
RO;15924;RUSTLER;471
RO;15926;MOJANG 600;75
RO;15927;MOJANG T;440
RO;15933;AXIENDO PRONTO USO;3
RO;15937;PYPHEN NEW 10 EC;114
RO;15948;SINSAJO;2
RO;15949;PROMEX;12
RO;15956;RAVANE 100 CS;222,5
RO;15956;RAVANE 100 CS x 0,5 lt;195
RO;15961;RETENGO NEW;81
RO;15989;COMRADE;1.121,00
RO;15996;;5
RO;15996;PATRIOT DRY;24
RO;15996;PATRIOT DRY x 1 kg (18);6
RO;16000;MINUET GR;94,5
RO;16000;MINUET INSETT. TERRICOLI;1,5
RO;16004;KORING 430 SC;15
RO;16010;ACRUX 10 WP;12
RO;16014;AGRO-LIM;5
RO;16023;DIMBO 480 SL;223
RO;16028;TRIBE 75 WG;7,58
RO;16031;LUNA DEVOTION;10
RO;16031;LUNA DEVOTION x 1 lt;7
RO;16034;DOURO 100 EC;23
RO;16037;MOJANG TX;10
RO;16042;TOSCANA;9,01
RO;16051;LENNS;952
RO;16054;SINSTAR;19
RO;16054;SINSTAR x 1 lt;80
RO;16057;ARTUS SC;157
RO;16063;ARIGO;71,94
RO;16065;TOPIK ONE;4,5
RO;16071;MESOZIN 70 WG;1.004,00
RO;16071;MESOZIN 70 WG GR 250;3,25
RO;16074;GLORIAL 25 EC;8
RO;16075;AGHERUD M;506
RO;16083;STIKER FLOW;21
RO;16084;BREVIS;54,5
RO;16084;BREVIS x 0,5 kg;0,5
RO;16088;NEMADATE;10
RO;16089;BUGUIS;332
RO;16098;NIBER 70 DF;32,25
RO;16098;NIBER 70 DF x 0,250 kg;523
RO;16099;SINIS 70 DF;20
RO;16104;ELECTIS TRIO WDG;214
RO;16115;CHARAN CM;7,39
RO;16117;SERBY;16,5
RO;16124;JUVINAL ECHO PLUS;5
RO;16124;JUVINAL ECHO PLUS x 1 lt;2
RO;16126;FLANCO SC;145,6
RO;16132;HELM SURFER PLUS x 0,4 lt;98
RO;16136;LUMA-GOLD;8,2
RO;16137;OSIRIS;4.530,00
RO;16139;SEGURIS XTRA;1.126,00
RO;16139;SEGURIS XTRA x 1 lt;263
RO;16139;SEGURIS XTRA x 5 lt;650
RO;16149;BABEL x 1 lt;11
RO;16166;POKER MAX;8.710,00
RO;16171;HADDEN;5
RO;16172;CAL-EX 1,9 EW;543
RO;16172;CAL-EX 1.9 EW x 1 lt;117
RO;16182;CLICK PRO;315
RO;16187;QUBIC R PRO;100
RO;16188;MEDIATOR PLUS;47,1
RO;16191;TRIMAXX;1.065,00
RO;16191;TRIMAXX x 1 lt;338
RO;16194;ETRAVON PRO;359
RO;16205;IDROX 20;40
RO;16206;MARKER 600;285
RO;16210;ZETARAM HI TECH;154
RO;16221;;4
RO;16221;MADEX TOP;10,2
RO;16221;MADEX TOP x 0,1 lt;19,2
RO;16223;CUSTOM;350
RO;16227;FOLPAN COMBI;275
RO;16228;POLTIGLIA 20 DF;10
RO;16230;RUFAST NOVA;54
RO;16232;MINERVE;22,5
RO;16251;AFFIRM OPTI;321
RO;16274;PLANTAGEN x 1 lt;70
RO;16279;;890
RO;16279;ERCOLE GR;1.070,00
RO;16282;DIMIX;29
RO;16283;KOL QUANTUM R-OK 500 G;18,6
RO;16283;QUANTUM R-OK;458,5
RO;16283;QUANTUM R-OK GR. 100;0,3
RO;16293;PACLOT NEW;114
RO;16293;PACLOT NEW x 1 lt;4
RO;16297;SUPPORT 100 EC;6
RO;16299;PASSAT SL;22
RO;16299;PASSAT SL x 1 lt;1.753,00
RO;16299;PASSAT SL x 5 lt;2.620,00
RO;16318;REFLECT;180
RO;16318;REFLECT x 1 lt;301
RO;16325;;34
RO;16325;EPIK SL;2.304,16
RO;16325;EPIK SL x 1 lt;175
RO;16325;EPIK SL x 5 lt;30
RO;16335;LIETO SC;4
RO;16352;FRISBEE TOP;2
RO;16353;SIRAZOL;420,75
RO;16363;SIRTAKI;350,5
RO;16363;SIRTAKI x 1 lt;90
RO;16364;;71
RO;16364;BISMARK;2.613,00
RO;16364;BISMARK x 1 lt;500
RO;16364;BISMARK x 10 lt;980
RO;16364;BISMARK x 5 lt;760
RO;16369;ORTIVA TOP SC;160
RO;16379;;50
RO;16379;PREV-AM PLUS;73
RO;16395;MOHICAN 500 SC;48
RO;16396;TEMSA 100;241
RO;16402;ENVIROMITE FL;1,75
RO;16405;IMAGE GOLD;20
RO;16413;SEQUAT;1.075,00
RO;16415;MADEX TWIN;14,2
RO;16416;FENOTRIX 300 SC;700
RO;16437;ACANTO PLUS;942
RO;16438;VELUM PRIME;46,5
RO;16438;VELUM PRIME x 0,5 lt;2,5
RO;16444;DIXIE MAIS;252
RO;16465;HARASS;8,65
RO;16465;HARASS 25 GR;0,25
RO;16480;3LOGY;36
RO;16481;CALLISTO 480 x 0,5 lt;630,5
RO;16483;TEMIDE 50 WG;13,5
RO;16485;ROMULAN;6
RO;16486;RAGTIME 250;5
RO;16498;CETUS 360 CS;71
RO;16503;BINARY T;1.590,00
RO;16514;CIPROXY;44
RO;16527;TELLUS WP;25
RO;16528;GHIBLI 40 OD;11
RO;16529;ZERMAT SC;3
RO;16534;TIXAL R SC;4
RO;16541;ARYSOIL;6.763,00
RO;16542;LAOTTA;139
RO;16545;COPRANTOL HI BIO 2.0;9
RO;16557;AKUNA;655
RO;16561;;12
RO;16561;RIKALI;260
RO;16562;DELAN PRO;165
RO;16565;EXECUTIVE GOLD;15,5
RO;16567;TRICOPPERLAND x 1 kg;11
RO;16567;TRICOPPERLAND x 10 kg;140
RO;16570;SENCOR 600 SC;11
RO;16573;DELTACOM;4
RO;16578;MELODY COMPACT WG;33
RO;16587;ORANIS;503
RO;16632;LUNA SENSATION;10
RO;16654;POLYVERSUM;2,5
RO;16699;RIMURON x 100 gr;22,5
RO;16703;;6
RO;16703;SPADA 50 WG;573
RO;16703;SPADA 50 WG x 1 kg;25
RO;16728;AF-X1;250
RO;16737;ZELIG GR 50;1.870,00
RO;16787;CLINIC ST;3.288,00
RO;16787;CLINIC ST x 1 lt;88
RO;16787;CLINIC ST x 5 lt;20
RO;16792;PROFILE PLUS;20
RO;16794;SILGLIF ST x 1 lt;672
RO;16823;ACTIVUS 40 SC;20
RO;16830;FANDANGO 360 TF;860
RO;16833;PANTOX 360 SUPER;21.641,00
RO;16835;RAVANE PLUS 100 CS;2
RO;16836;STALLION IT SYNC;75
RO;16843;COPPERLAND NEW x 10 kg;30
RO;16918;TELONE II 2017;9.120,00
RO;16918;TELONE II 2017 x 200 lt;43.200,00
RO;16918;TELONI II 2017;12.600,00
RO;16925;WISH TOP;1.581,00
RO;16927;STAM NOVEL FLO;40
RO;16927;STAM NOVEL FLO 2017;340
RO;16931;GEOCLEAN VII;6.040,00
RO;16961;BENSEC TF;40
RO;16986;AF-X1;387,5
RO;16986;AF-X1 2017;6.850,00
RO;16986;AF-X1 2017 x 12,5 kg;28.537,50
RO;16986;AF-XI;487,5
RO;16997;DIGEO IX;1.660,00
RO;16998;FLYPACK;12
RO;17001;EXIREL 2017 x 1 lt;2
RO;17014;DELEGATE WDG;122
RO;17014;DELEGATE WDG x 1 kg;1
TV;13;;12.810,00
TV;13;THIOPRON;38.840,00
TV;17;;10
TV;17;U 46 COMBI FLUID;23
TV;133;U 46 D-FLUID;566
TV;189;;505
TV;189;MICOZEB 75 WDG;110
TV;206;ALBENE;81
TV;449;;15
TV;449;MOCAP;60
TV;599;;18
TV;599;ACUPRICO 76 WG;402
TV;599;ACUPRICO 76 WG KG 1;5
TV;599;ACUPRICO 76 WG KG 5;10
TV;599;ACUPRICO 76WG;3
TV;619;VALGRAN;2
TV;630;;40
TV;630;REGLONE W;603
TV;630;REGLONE W LT 5;40
TV;779;TRIMANOC 80 WP;15
TV;886;;5
TV;886;SENCOR WG;1,5
TV;909;;300
TV;909;POLISOLFURO DI CALCIO POLISENIO;3.450,00
TV;1155;;84
TV;1155;CHEMOL 90 EL;41
TV;1156;;391
TV;1156;CHEMOL;1.892,00
TV;1156;CHEMOL LT 25;150
TV;1156;CHEMOL LT 5;90
TV;1211;BASF MEHLTAUMITTEL;1,06
TV;1552;GIBERAL;8
TV;1562;ERBITOX E 30;200
TV;1573;BASAMID GRANULAT;1.520,00
TV;1583;;87.458,00
TV;1583;MICROTHIOL DISPERSS;98.131,00
TV;1613;ANTRACOL;10
TV;1714;;63
TV;1714;KERB 80 EDF;864,5
TV;1823;;1.975,00
TV;1823;ZOLFO 80 MICRONIZZATO;8
TV;1850;IDRORAME FLOW;5.213,25
TV;1903;SULFURENE;100
TV;2191;WETTING PLUS;36
TV;2249;MALERBANE PRATI;2
TV;2249;MALERBANE PRATI 400;361
TV;2259;;40
TV;2259;PASTA LUMACHICIDA;27
TV;2259;PASTA LUMACHICIDA IN GRANI;138,7
TV;2260;;5
TV;2260;GASTROTOX E;148
TV;2272;SILLIM;313,5
TV;2307;;12
TV;2307;VECTOR;5.621,00
TV;2340;;1
TV;2353;;20
TV;2353;BONALAN;1.919,00
TV;2353;BONALAN LT 5;40
TV;2518;;7
TV;2518;ACTELLIC 2P;30,4
TV;2634;BUGGY;206
TV;2732;;70
TV;2732;GOLTIX;134
TV;2923;;2.725,00
TV;2923;TIOVIT JET;69.506,00
TV;2934;MICROSOL 90;23,1
TV;2983;;0,05
TV;2983;NIMROD;0,2
TV;2995;;10,5
TV;2995;ESCARTOX;748,7
TV;2995;LUMACHICIDA ESCARTOX;60
TV;3065;;8
TV;3065;OLIOCIN;1.273,25
TV;3065;OLIOCIN OLIO MINERALE BAYER;12
TV;3082;OLEOTER ESTATE;66,25
TV;3102;;107
TV;3102;OLEOTER;5.044,75
TV;3102;OLEOTER LT 5;40
TV;3126;CUPRIZOL;21,25
TV;3132;SEPR-OIL;123,5
TV;3188;POLTIGLIA 20 PB;80
TV;3219;CARAKOL AGRO;4.364,50
TV;3313;;9
TV;3313;ARAGOL L 40 ST;1
TV;3343;;1
TV;3343;U46 M CLASS;59
TV;3468;DACOL L 40 ST;121
TV;3503;;60
TV;3503;AGRUMIN;761,4
TV;3519;METAMBANE;9
TV;3553;;316
TV;3553;CURZATE;1.208,00
TV;3555;CURZATE M;1.383,00
TV;3640;;140
TV;3640;CUPROSTAR;8.132,00
TV;3658;SIPCAMOL E;140,75
TV;3754;BAGNANTE SARIAF;7.551,00
TV;3754;BAGNANTE SARIAF LT 20;40
TV;3754;BAGNANTE SARIAF LT 5;110
TV;3767;;41
TV;3767;FENOXILENE 200;37
TV;3767;FENOXILENE MAX;142
TV;3771;;30
TV;3771;ROVRAL WG;271
TV;3793;DITHANE M-45;248
TV;3800;CRITTAM WG;926
TV;3859;DURSBAN;123
TV;4012;;789,25
TV;4012;RELDAN 22;1.011,90
TV;4012;RELDAN 22 LT 5;20
TV;4012;RELDAN 22 ML 250;3,75
TV;4090;MALERBANE CEREALI;1
TV;4190;TETRASOL 80;240
TV;4199;;6.895,00
TV;4199;PENNCOZEB DG;24.109,00
TV;4228;ROGOR 400 ST;33
TV;4275;;77
TV;4326;ROGOR L 40 ST;114
TV;4426;DECIS;54,15
TV;4552;;1.012,00
TV;4552;DITHANE DG NEOTEC;12.321,00
TV;4686;DIMILIN 25 P.B.;10
TV;4710;ALIETTE;1.226,15
TV;4896;;0,1
TV;4896;RIGENAL P;5,5
TV;5152;TIOSPOR WG;14.179,00
TV;5228;CARAKOL;178,5
TV;5299;;5,25
TV;5299;MIBIOL;547
TV;5299;MIBIOL ML 500;6
TV;5299;OLIO BIANCO;30
TV;5381;MANCOZEB PLUS 80 WP;350
TV;5414;RADICANTE POLVERE TALEE LEGNOSE;1,9
TV;5467;METADENE;164
TV;5512;DREAM GR 250;0,5
TV;5574;LUMAKIDIN 5G;851
TV;5574;LUMAKIDIN 5G KG 5;25
TV;5755;TILT 25 EC;127,5
TV;6136;GERMON L;46
TV;6166;GERMON E;0,6
TV;6298;FASTAC;135
TV;6321;STIMOLANTE 66F;12
TV;6322;;2
TV;6322;OBSTHORMON 24A;5
TV;6324;MAXCEL;6
TV;6389;DUECI-FITO RADICANTE;2
TV;6401;;10
TV;6401;MONDAK 21 S;32
TV;6437;ETHREL;1
TV;6438;;1
TV;6438;BI-FEN;87
TV;6505;NOKAD;1,75
TV;6555;K-OBIOL ULV 6;35
TV;6556;;28
TV;6556;K-OBIOL DP2;259
TV;6557;K-OBIOL EC 25;12
TV;6674;;81
TV;6674;AFALON;27
TV;6674;AFALON DS;1.508,00
TV;6704;;6
TV;6704;TIOLENE 80 WG;7.420,00
TV;6751;RASEN FLORANID;198
TV;6766;BUTISAN S;15
TV;6834;TEPETA COMBI;8.670,00
TV;6873;IDRORAME 193;3.346,00
TV;6945;;3
TV;6945;TOPAS 10 EC;289,5
TV;6955;METACID;11
TV;6956;TARGA FLO;307
TV;6978;;30
TV;6978;BETTER 400;190
TV;7020;BAGNANTE CIFO;801
TV;7053;;9
TV;7053;PASTA CAFFARO NC;524
TV;7055;PASTA CAFFARO BLU;4.134,50
TV;7101;LIMAVAL;279
TV;7368;TURFENE L;758,4
TV;7369;;57,75
TV;7369;SYLLIT FLO;301,78
TV;7369;SYLLIT FLO ML 200;22,4
TV;7370;TETRASOL LIQUIDO;181
TV;7379;;2,5
TV;7379;VENZAR;11,5
TV;7390;CHIPCO GREEN;8
TV;7401;POLTIGLIA CAFFARO 20 DF NEW;1.384,00
TV;7411;DIRAGER;2
TV;7454;ORMONE AG COMPRESSE;0,05
TV;7483;;1
TV;7483;DEVRINOL F;12
TV;7541;APOLLO SC;2,5
TV;7543;ERBITOX COMBI;3
TV;7555;KLARTAN 20 EW;33,45
TV;7555;KLARTAN 20 EW ML 50;0,9
TV;7597;ENERGIL 100 A;14
TV;7608;DASKOR 440 EC;48
TV;7611;;1.640,00
TV;7611;ENOVIT METIL;36
TV;7611;ENOVIT METIL FL;5.730,25
TV;7611;ENOVIT METIL FL LT 5;25
TV;7675;NURELLE 5 EC;4
TV;7700;;8
TV;7700;MATACAR FL;69,8
TV;7736;ZOLFO SCORREVOLE TRIVENTILATO 95% S;20
TV;7764;;1.050,00
TV;7764;TIOLENE;37.373,10
TV;7845;TMTD 50 SC;6
TV;7864;TAU AL 240 EW;2,8
TV;7876;;7
TV;7876;PIRIMOR 17,5;60
TV;7888;CUPROXAT LIQUIDO;37
TV;7889;NURELLE D;18
TV;7916;;10.103,00
TV;7916;POLYRAM DF;55.510,00
TV;7916;POLYRAM KG 2;12
TV;7919;;2.647,10
TV;7919;TOUCHDOWN;3.209,00
TV;7919;TOUCHDOWN LT 5;10
TV;7922;OPALENE;2.335,00
TV;7930;KERB FLO;3
TV;7957;;14
TV;7957;ROVRAL PLUS;799
TV;7958;;20
TV;7958;RONSTAR FL;122
TV;7961;RIZOLEX  GOLD;57
TV;7965;TRIGARD 75 WP;1
TV;7971;STARANE 21;11
TV;7984;STRATOS;30
TV;8001;AGRO-PYR;0,44
TV;8023;SUMIALFA ECHO;164
TV;8028;CALARIS;4
TV;8102;;93
TV;8102;MERPAN 80 WDG;315
TV;8111;GEOPYR;47
TV;8117;;3.795,00
TV;8117;BASTA 200;21.161,00
TV;8117;BASTA 200 LT 15;15
TV;8117;BASTA 200 LT 5;25
TV;8139;;54
TV;8139;MANTA GOLD;12
TV;8146;;64
TV;8146;GALLERY;549
TV;8155;CATOR;19
TV;8156;DEVOX;274
TV;8157;;7
TV;8184;;121
TV;8184;CHALLENGE;196
TV;8189;;680
TV;8189;FORCE;10.310,00
TV;8201;GLISTER;10
TV;8207;LONTREL 75 G;1,1
TV;8207;LONTREL 75G x 100GR;1,4
TV;8229;RAPAX;89,05
TV;8320;DELFIN;1
TV;8351;Z.M. 75 DG;90
TV;8376;ARIANE II;201
TV;8376;ARIANE II LT 5;360
TV;8382;ROUNDUP BIOFLOW;305,8
TV;8401;;1.925,00
TV;8401;FALTEX FLOW;3.845,00
TV;8429;GLYFOS;4.155,00
TV;8429;GLYFOS SL;330
TV;8465;OLIOVIT;24,75
TV;8498;;10,5
TV;8498;FOLICUR WG;353,5
TV;8499;EFESTO;110
TV;8528;FEINZIN 35 DF;4
TV;8540;;41
TV;8540;GHIBLI;15
TV;8540;PAMPA;30
TV;8542;;328,6
TV;8542;FORUM 50 WP;2.730,80
TV;8546;DANITRON;2
TV;8558;PIRETRO VERDE;8,41
TV;8565;ROUNDUP RTU;9
TV;8601;;17.109,00
TV;8601;FOLPAN 80 WDG;53.825,50
TV;8617;BANVEL 480 S;10
TV;8649;PIRIDANE 480;2.209,00
TV;8656;;280
TV;8656;GLIFENE HP;9.089,00
TV;8661;KENTAN DF;20
TV;8706;;7,5
TV;8706;AMID THIN W;24
TV;8712;;14
TV;8712;ALLEGANTE 4% AF 96;1
TV;8721;NEXTER;131
TV;8729;FORUM R;204
TV;8731;FORUM R WP;980
TV;8735;;72
TV;8735;TREBON UP;736,9
TV;8735;TREBON UP ML 500;15
TV;8742;;12
TV;8742;INDAR 5EW;81
TV;8743;;3,1
TV;8743;GREENEX;44,6
TV;8743;GREENEX ML 500;4
TV;8795;;85
TV;8795;VERTIMEC EC;767,5
TV;8797;BINAL PRO;93
TV;8801;;155
TV;8801;SCORE 25 EC;1.590,27
TV;8801;SCORE 25 EC LT 1;3
TV;8801;SCORE 25 EC ML 250;1,25
TV;8803;TETRAMARK COMBI;10
TV;8836;;44
TV;8836;MIMIC;18
TV;8837;GERMON BEWURZELUNGSPUDER PER TALEE ;1
TV;8838;GERMON BEWURZELUNGSPUDER PER TALEE ;1
TV;8841;;26
TV;8841;CYREN 5 G;415,5
TV;8841;CYREN 7,5 G;21
TV;8841;CYREN 7,5 G INSET. TERRENO ZAPI;22
TV;8841;CYREN 7,5 G KG 1;12
TV;8843;NISSHIN;32
TV;8859;MASTIFF;247
TV;8875;CIMOX 25 WP;185
TV;8882;;233
TV;8882;ULTRA FINE OIL;468
TV;8886;;2,52
TV;8886;SAFARI;5,52
TV;8888;PRIDE ULTRA;11
TV;8909;;1.380,00
TV;8909;FUNGIMAN COMBI;4.340,00
TV;8933;;30
TV;8933;SOLEAS;184
TV;8934;;81,2
TV;8934;SCALA;942,85
TV;8937;;63
TV;8937;MASAI 20 WP;1.107,00
TV;8945;FARO DF;1.470,00
TV;8964;ZOLFO BAGNABILE MANNINO 80% S;345
TV;8987;;39
TV;8987;CONFIDOR 200 SL;847,33
TV;9005;;491
TV;9005;AGIL;2.361,50
TV;9005;AGIL LT 1;155
TV;9005;AGIL LT 5;260
TV;9010;;20
TV;9010;RAMEZIN COMBI WG;1.449,00
TV;9012;;460
TV;9012;CUPROCAFFARO MICRO;45.597,00
TV;9036;ACTIVUS;5
TV;9038;OPINION;6,4
TV;9038;OPINION ML 50;2,1
TV;9114;OXYCUR;100
TV;9126;CONCORDE COMBI;983,5
TV;9131;;599
TV;9131;PYRINEX ME;3.093,65
TV;9131;PYRYNEX ME;1
TV;9148;;38
TV;9148;SYLLIT 355 SC;530
TV;9153;CYREN 44 EC;441
TV;9180;STROBY WG;4,2
TV;9181;GULLIVER;0,2
TV;9195;TERB FLO;880
TV;9210;;139
TV;9210;QUADRIS;3.073,00
TV;9244;ZIRAMIT 76 WG;55
TV;9279;;5
TV;9286;;2
TV;9286;OHAYO;5
TV;9306;;1
TV;9306;PROPLANT;9
TV;9311;CUPROSSIL IDRO 25 WP;1.784,00
TV;9322;GOLTIX STAR;10
TV;9330;GLIFO 41;15
TV;9332;OPEN;0,5
TV;9339;;62
TV;9339;BETANAL EXPERT;43
TV;9342;DELTRIN;127,5
TV;9364;RAPIDO;3
TV;9373;;21
TV;9373;CHORUS;12
TV;9374;MATCH TOP;87
TV;9399;MEDAL 25;0,13
TV;9400;GLIFOGAN PRONTO;14
TV;9410;;10
TV;9411;RADIP ORMON;1,3
TV;9420;OSSIRAM 20 FLOW;13,75
TV;9422;;161,8
TV;9422;EVADE;1.583,60
TV;9422;EVADE LT 5;65
TV;9443;ENDOGERME;53,2
TV;9444;CHLORCYRIN;50
TV;9448;RIFLE 4-24 R BLU;111
TV;9449;;204
TV;9449;EMERALD COMBI;1.277,00
TV;9463;;1
TV;9463;KLARO KIT;129,5
TV;9496;;62
TV;9496;GALIGAN EC;158
TV;9531;SEQURA WG;6
TV;9575;;60
TV;9575;DRIBBLING 240 EC;57
TV;9578;;649,5
TV;9578;SWITCH;4.944,75
TV;9578;SWITCH GR 250;0,5
TV;9612;OSSICLOR 30;217
TV;9634;CARNIVAL;5
TV;9634;CARNIVAL RIO;102
TV;9655;;6
TV;9655;PRIMIAL WG;27
TV;9668;;34,81
TV;9668;RUFAST E-FLO;286,47
TV;9670;THIANOSAN 80 WG;170
TV;9675;PANTOX 360;10
TV;9678;;5.160,00
TV;9678;M70 DF;7.883,00
TV;9679;KRISTAL 32 WG;130
TV;9693;SPORTAK 45 EW;24
TV;9694;SIMITAR 5 EW;122,05
TV;9695;;6
TV;9705;;5,3
TV;9705;PREVITER;598,1
TV;9713;HORIZON;8
TV;9724;TIOWETTING DF;81.480,00
TV;9730;CUPROSSIL IDRO 25 WP BLU;223
TV;9744;SCORE 10 WG;14
TV;9747;;1,4
TV;9747;FURY;101,78
TV;9757;;14
TV;9757;SPYRALE;79
TV;9758;;100
TV;9758;COPRANTOL WG;1.225,00
TV;9767;NUFOS 5 G;228
TV;9767;NUFOS 7.5G;36
TV;9787;MICROBAGNABILE WG;488
TV;9787;MICROBAGNABILE WG KG 10;320
TV;9787;MICROBAGNABILE WG KG 25;500
TV;9794;PLANET C;4.437,00
TV;9800;;0,6
TV;9800;MAVRIK 20 EW;148,52
TV;9802;;140
TV;9802;COPRANTOL HI BIO;38
TV;9802;COPREN HI BIO;10
TV;9809;;580
TV;9832;;30
TV;9832;TREK P;370
TV;9832;TREK P LT 1;8
TV;9832;TREK P LT 5;75
TV;9843;BASAGRAN SG;209,5
TV;9867;4 STAGIONI;1
TV;9872;;40
TV;9872;AKRIS;245
TV;9880;SOL MICRO GD;52
TV;9900;FLAVOS;12
TV;9938;MASTER;1,4
TV;9940;;10
TV;9940;ZELIG;60
TV;9940;ZELIG GR;1.580,00
TV;9941;BUMPER P;415
TV;9952;COLZANET;27
TV;9954;;482
TV;9954;JOKER;4.204,00
TV;9963;;373
TV;9963;METIDANE 22;435
TV;9995;;445,75
TV;9995;ARIUS;3.192,00
TV;10005;SCOTTS WEEDCONTROL;10
TV;10029;KING;16,52
TV;10048;;500
TV;10048;KUMULUS TECNO;73.100,00
TV;10049;;1.155,00
TV;10049;DURSBAN 75 WG;4.458,00
TV;10055;PROVADO PIN;15,68
TV;10057;;1.578,00
TV;10057;ARPEL WDG;2.030,00
TV;10080;COMET SC;42
TV;10088;MAXIM;0,4
TV;10105;RIDOMIL GOLD SL;97,75
TV;10117;;1.044,00
TV;10117;STRATOS ULTRA;7.147,00
TV;10117;STRATOS ULTRA LT 5;65
TV;10118;;4
TV;10118;AMISTAR;43
TV;10119;EQUATION PRO;1,2
TV;10127;;49,51
TV;10127;DECIS JET;1.195,36
TV;10127;DECIS JET INSETTICIDA BAYER;9
TV;10127;DECIS JET ML 100;0,1
TV;10127;DECIS JET ML 250;15
TV;10127;DECIS JET ML 50;2,4
TV;10154;;44
TV;10154;BORDOFLOW SECTOR;22
TV;10158;PIREFLOR;7,66
TV;10161;;9
TV;10161;ORTIVA;387,38
TV;10174;KASKO MZ;5
TV;10183;;1,5
TV;10183;GARLON EV;120,6
TV;10184;TIMBREL EV;2,1
TV;10185;ZERGAN EV;0,75
TV;10209;;758
TV;10209;GLIFOS ULTRA;660
TV;10209;GLYFOS ULTRA;13.122,00
TV;10209;GLYFOS ULTRA LT 1 DISERB.;20
TV;10221;PIMIENTO 600;221
TV;10230;;106
TV;10230;LUMAPLUS;1.511,50
TV;10230;LUMAPLUS KG 1;18
TV;10230;LUMAPLUS LUMACHICIDA ZAPI;22
TV;10233;BORDOSEP;67
TV;10263;DRIVER;194,65
TV;10272;;1.200,00
TV;10272;CEREXIL M DG;500
TV;10275;STELLA EC;198,5
TV;10285;;8
TV;10285;TOMAHAWK;31
TV;10296;IPERION;4.279,00
TV;10305;;19,16
TV;10305;OIKOS;51,83
TV;10305;OIKOS ML 50;0,25
TV;10306;MISTRAL;130
TV;10318;MERLIN GP;2
TV;10324;NEMATHORIN 10 G;30
TV;10329;;2.796,00
TV;10329;FORUM MZ WG;7.079,00
TV;10342;RIFLE 44;370
TV;10350;;195
TV;10350;BLAST SG;54
TV;10357;;9
TV;10357;RIGRON SG;351
TV;10372;RASIKAL QUICK;43,5
TV;10373;;10
TV;10373;CONTEST;366
TV;10381;CONCORDE 40 EW;172
TV;10396;LIZOCIN;22,53
TV;10404;CLINIC 360 SL;306
TV;10423;;2
TV;10423;LUMACHICIDA VEBI;2.355,50
TV;10423;LUMACHICIDA VEBI KG 5;105
TV;10425;SCUDEX;255,25
TV;10426;;4,5
TV;10426;PROTIL EC;277,5
TV;10439;SPRAY DUNGER GLOBAL;216
TV;10447;;18
TV;10447;NOVEL DUO;85
TV;10456;KLARO ULTRA;225,5
TV;10461;;7,25
TV;10461;DICOTURF;32,5
TV;10461;DICOTURF DISERBANTE ZAPI;4
TV;10465;ROUNDUP MAX;10
TV;10471;OLOVER;5
TV;10477;LAS VEGAS;13
TV;10479;;2
TV;10479;NATURALIS;95
TV;10493;;224
TV;10493;RUNNER LO;1.077,00
TV;10494;PREMIUM TOP;1.418,25
TV;10504;KELLY WG;4.302,00
TV;10507;CLORMETIL;1
TV;10509;MASTIFF ULTRA;39.163,00
TV;10509;MASTIFF ULTRA LT 1;40
TV;10540;;153
TV;10540;ALISE' 75;16
TV;10560;PIRETRO NATURA;166
TV;10565;DICOTIL EXTRA;168,8
TV;10568;;27
TV;10568;ZOOMER;1.722,75
TV;10573;;40
TV;10573;KOCIDE 2000;15.523,00
TV;10579;CARSON COP;32
TV;10584;SHAMAL MK PLUS;23,5
TV;10585;;414
TV;10585;SULCOTREK;2.593,00
TV;10587;FOLPAN SC;30
TV;10588;;12
TV;10588;BIOPIREN PLUS;314
TV;10595;CUPRO ISAGRO BLU;207
TV;10604;;376
TV;10604;EMERALD 40 EW;755,73
TV;10604;EMERALD 40 EW FUNGICIDA BAYER;8
TV;10627;;108
TV;10627;FRUPICA;78
TV;10628;;30
TV;10628;MIDAURIL MZ;325
TV;10632;;2.432,00
TV;10632;COBRE NORDOX SUPER 75 WG;118
TV;10671;;140
TV;10671;CUAGRO HI BIO;190
TV;10690;FUNGIBEN COMBI;2.671,00
TV;10701;CUMETA FLOW;15.898,00
TV;10701;CUMETA FLOW LT 10;30
TV;10710;TOMAGAN;109
TV;10734;;1.695,00
TV;10734;DUAL GOLD;10.613,00
TV;10734;DUAL GOLD LT 20;200
TV;10734;DUAL GOLD LT 5;140
TV;10735;;1.649,00
TV;10735;PRIMAGRAM GOLD;12.516,50
TV;10735;PRIMAGRAM GOLD LT 20;320
TV;10735;PRIMAGRAM GOLD LT 5;200
TV;10741;METACINQUE;68
TV;10752;;136,5
TV;10752;STEWARD;374
TV;10752;STEWARD 30 WG;3
TV;10753;FOLICUR SE;3,7
TV;10758;BETASANA TRIO SC;155
TV;10771;;464
TV;10771;MOST MICRO;4.762,30
TV;10780;LUMABLOC;12
TV;10878;PANESCA;34
TV;10890;;210
TV;10890;FLIPPER;5.671,50
TV;10892;OSSICLOR 50 PB MANICA;30
TV;10926;;18
TV;10926;ALTOREX;1.075,00
TV;10929;;19,15
TV;10929;CHIKARA 25 WG;50,05
TV;10939;;1
TV;10939;CP 40 AGRO;334
TV;10944;;25,75
TV;10944;KARATE ZEON;240,25
TV;10973;PYRINEX PRONTO;61
TV;10976;;1
TV;10976;METEOR;1.651,74
TV;10985;MEVAXIL M;507
TV;10986;KASKO R;4.600,00
TV;10998;RASIKAL ULTRA;5,5
TV;10999;BETANAL SE;22
TV;11005;PIRECO;0,05
TV;11011;;326
TV;11011;DASH HC;1.532,50
TV;11013;;30
TV;11013;CIOPPER;106
TV;11014;AZIMUT;1,75
TV;11027;MET-BLOC;18,5
TV;11029;PYRINEX M 22;174
TV;11041;FOLMAK COMBI;1
TV;11041;VITIL COMBI;9.165,00
TV;11044;TUREX;1
TV;11045;DODIPREV 35;99,75
TV;11059;;107
TV;11059;BIOPOWER;107
TV;11062;;0,5
TV;11062;BION 50 WG;64
TV;11070;TIOGOLD DISPERSS;248.400,00
TV;11072;WIND;1
TV;11098;CADDY;3
TV;11102;;13.975,00
TV;11102;HELIOSOUFRE S;4.900,10
TV;11107;;80
TV;11119;;153,15
TV;11119;FLINT;655,56
TV;11120;ZENITH;137
TV;11133;;96,5
TV;11133;SHELTER;5.114,00
TV;11138;MEVAXIL COMBI;962
TV;11157;PROPYDOR;84,25
TV;11173;;274
TV;11173;AVAUNT EC;950
TV;11173;AVAUNT EC (TWIN PACK MAIS);36
TV;11173;Avaunt EC lt 1;47
TV;11173;Coragen 20 SC 400 ml;18,8
TV;11173;TWIN PACK MAIS (AVAUNT);18
TV;11183;;12
TV;11183;PROGERBALIN LG;8,5
TV;11186;CUTIS;0,17
TV;11190;PENCOR 10 EC;3,8
TV;11196;SULFAR;400
TV;11204;RIZOSOL 50;3
TV;11206;;365
TV;11206;CODACIDE;1.372,50
TV;11206;CODACIDE LT 10;40
TV;11206;CODACIDE LT 2,5;10
TV;11212;BATKUR;5
TV;11223;;7,5
TV;11223;EUREKA 240 EC;4
TV;11223;GALIGAN 500 SC;15
TV;11231;MICOSPOR 80 WDG;170
TV;11231;SANTHANE WG;66
TV;11243;LEOPARD 5 EC;1.701,00
TV;11252;CONTANS WG;16,4
TV;11253;;20
TV;11253;CALLISTO;1.121,30
TV;11253;CALLISTO LT 5;65
TV;11257;COSTAR WG;46,5
TV;11258;FAZOR STAR;165
TV;11282;;1
TV;11284;;2.780,00
TV;11284;CIMOTER 4/40;740
TV;11299;OKLAHOMA;79
TV;11301;SPHERE;20
TV;11303;;1.850,00
TV;11303;CHAMP DP;3.700,00
TV;11313;;2
TV;11341;;348
TV;11341;STARANE GOLD;979
TV;11345;ZOLVIS 80 WDG;68
TV;11353;;267
TV;11353;FUSILADE MAX;2.720,00
TV;11359;SARCAP 800;15
TV;11360;GRIP 25;43,9
TV;11382;GARDENE PLUS;117,5
TV;11390;VITENE TRIPLO BLU;3.984,00
TV;11393;BEETLE;64,25
TV;11396;;52
TV;11396;WIRK;32
TV;11400;ADINA 10;0,84
TV;11402;MELODY COMBI;215
TV;11403;MELODY COMPACT;3
TV;11416;;248
TV;11416;OVIPRON TOP;843
TV;11418;ROUNDUP 450 PLUS;15
TV;11448;;184
TV;11448;KICKER;10
TV;11449;GARDOPRIM GOLD;4.420,00
TV;11479;;4
TV;11479;BRANCHER DIRADO;11
TV;11483;COSAVET DF;32
TV;11494;GLYFOS PRO;11,25
TV;11497;CRITTOVIT WG;4.910,00
TV;11499;;20
TV;11499;BUSTER;19,5
TV;11501;VITE FOL;1.760,00
TV;11505;READY GERMIPLUS;1.295,00
TV;11523;;20
TV;11523;SEPRADINA SC;104,8
TV;11523;SEPRADINA SC FUNGICIDA SEPRAN;10
TV;11525;;11,5
TV;11525;FUNGICIDA FUNGIDINA ZAPI;9
TV;11525;FUNGIDINA;150,66
TV;11526;;102
TV;11526;SULTAN;332
TV;11527;PIRINEX QUICK;4,1
TV;11527;PIRINEX QUIK;81,68
TV;11527;PYRENIX QUICCK;0,65
TV;11527;PYRINEX QUICK;225,86
TV;11527;PYRINEX QUICK LT 1;52
TV;11527;PYRINEX QUICK LT.1;1
TV;11527;PYRINEX QUICK ML 100;9,8
TV;11527;PYRINEX QUIK;12
TV;11561;;25,03
TV;11561;NEEMAZAL T/S;199,69
TV;11566;ZOLFO 80 WP;247
TV;11569;;440
TV;11569;CUPROXAT S.D.I.;3.647,00
TV;11569;CUPROXAT S.D.I. LT 10;150
TV;11586;TOP-AGAN;3
TV;11587;;24
TV;11587;CAMBEL S;724
TV;11596;;3
TV;11596;CALYPSO;163
TV;11600;CRUISER 350 FS;16
TV;11611;VYDATE 10L;10
TV;11614;;274,6
TV;11614;ACTARA 25 WG;1.824,38
TV;11614;ACTARA 25 WG GR 100;1,7
TV;11614;ACTARA 25 WG GR 500;5,5
TV;11619;;1.050,00
TV;11619;TIOFLOR WDG;23.611,00
TV;11626;PITSTOP;27
TV;11637;CUPROFIX C DISPERSS;3.407,00
TV;11638;FLUORATE;52
TV;11638;FLUORATE LT 5;265
TV;11638;FLUORATE ML 500;96,5
TV;11642;PIKAR;27,5
TV;11649;;0,25
TV;11649;COMMAND 36 CS;1.889,50
TV;11653;;45
TV;11653;FOLIO GOLD 537,5 SC;161
TV;11654;GRIZZLY EC;182
TV;11659;HERBITOTAL S;992
TV;11660;;134
TV;11660;SHOGUN;1.072,00
TV;11668;;0,75
TV;11668;PLENUM 50 WG;22,55
TV;11678;ACTELLIC 2P NEWPHARM;3,6
TV;11690;;35,5
TV;11690;GOAL 480 SC;133,25
TV;11693;;59,75
TV;11693;LASER;224,5
TV;11694;COMPO BIO CONSERVE;1,58
TV;11694;CONSERVE SC;1,31
TV;11700;BOTANIGARD 22 WP;0,09
TV;11704;OLIO OGNISTAGIONE;20,75
TV;11711;MEXIRAM HI BIO;15.202,00
TV;11722;GEONEX;3
TV;11730;COSMOTRIN;26
TV;11732;ALLEATO 80 WG;41
TV;11735;DELICIA CONTRA-LUMACHE;10,5
TV;11744;CIPERBLOC;7,75
TV;11752;ENVIDOR 240 SC;10,5
TV;11760;;1.210,00
TV;11760;POLITHIOL;9.340,00
TV;11762;;410
TV;11762;FORUM STAR;265
TV;11779;;5.186,00
TV;11779;KOP-TWIN;1.977,00
TV;11786;;2,22
TV;11786;AQ 10 WG;5,28
TV;11794;AVADEX FACTOR COMBI (STOPPER);2,25
TV;11794;PRESSING 500;0,75
TV;11796;GLIFAST;247
TV;11802;TETRACAP 80 DG;40
TV;11814;;13
TV;11814;SPADA 200 EC;617,4
TV;11814;SPADA 200 EC ML 250;3,75
TV;11821;WEEDAZOL;55
TV;11849;SKORPIO EC;17
TV;11854;BUGGY TF;6.093,00
TV;11854;BUGGY TF LT 20;100
TV;11854;BUGGY TF LT 5;200
TV;11857;;1.400,00
TV;11857;MIDAURIL COMBI;6.348,00
TV;11862;LOBBY;20
TV;11866;AGRO-OIL;3,5
TV;11870;;0,5
TV;11870;CUPRITAL S.D.I.;37
TV;11874;VITENE TRIPLO;8
TV;11885;ELICIO;10
TV;11908;;0,2
TV;11908;VENTUREX 35 L;130,35
TV;11921;RIZOLEX CAP;17
TV;11944;ASPECT;285
TV;11944;ASPECT (MERLIN PLATINUM);315
TV;11948;VINCARE;2.795,00
TV;11954;TERMINAL DUO;47
TV;11955;ACROBAT MZ WG;2.610,00
TV;11964;POLTIGLIA CAFFARO 20 GD;6.497,00
TV;11979;BORDO 20 MICRO;8,9
TV;11991;NEEMIK;26
TV;11997;MAVRIK CASA GIARDINO;0,9
TV;12010;;873
TV;12010;COMBI PACK SOIA (TUAREG);35
TV;12010;TUAREG;4.090,00
TV;12010;TUAREG (COMBI SOIA);220
TV;12020;;1,04
TV;12020;SUCCESS;130,5
TV;12023;MEGIC 240;110,5
TV;12030;SNOW;1
TV;12037;;15
TV;12037;CAMIX;397
TV;12043;;0,05
TV;12043;PREVICUR ENERGY;411,05
TV;12043;PREVICUR ENERGY LT 5;30
TV;12043;PREVICUR ENERGY ML 50;0,2
TV;12044;;3.440,00
TV;12044;CURZATE SYSTEM;5.295,00
TV;12048;;12.299,00
TV;12048;TIOSOL 80 WG;51.921,50
TV;12048;TIOSOL 80 WG KG 10;10
TV;12060;FOX;10
TV;12068;;20
TV;12068;TEFLUSTAR;956,25
TV;12068;TEFLUSTAR INSETTICIDA TERRENO BAYER;16
TV;12069;EPIK;111,55
TV;12078;METALIM;63
TV;12083;;2
TV;12083;DANADIM PROGRESS ST;2,25
TV;12084;GALEO;3,5
TV;12096;;39.173,00
TV;12096;POLTIGLIA DISPERSS;125.492,00
TV;12100;;17
TV;12100;ASSET;315
TV;12106;;119
TV;12106;TALENDO;196
TV;12114;AUXIGER LG;98,5
TV;12133;JUVINAL GOLD;3,5
TV;12136;;30
TV;12136;VERITAS;12
TV;12138;R6 ERRESEI TREVI;1.730,00
TV;12170;;9.030,00
TV;12172;FERRAMOL;562,5
TV;12174;V.I.P. FLOW;250
TV;12177;;9,6
TV;12199;SILBOT MZ 60;540
TV;12200;SILBOT R;60
TV;12202;ZEMIX R;8.477,00
TV;12206;GLUTEX CU 90;442
TV;12208;KEEPER TRIPLO NC;1.616,00
TV;12212;PENTHIUM EC;35,35
TV;12212;PENTHIUM EC DISERB. SELETTIVO SEPRA;6
TV;12215;;4
TV;12215;VEBIPHOS 7,5;108
TV;12215;VEBIPHOS 7.5;32
TV;12225;;0,9
TV;12225;TEPPEKI;84,62
TV;12235;FERRAMOL ESCA LUMACHICIDA;6,5
TV;12243;;845
TV;12243;MANTIR DG;11.233,00
TV;12243;MANTIR DG KG 10;160
TV;12243;MANTIR DG KG 25;200
TV;12262;VALBON;850
TV;12263;VONDOZEB DG;13.940,00
TV;12270;UNICORN DF;60
TV;12285;;2.159,00
TV;12285;FORUM GOLD;7.200,00
TV;12297;;28
TV;12297;TRIBASE TWIN;3.268,00
TV;12314;SCORE HOBBY;0,66
TV;12315;ORTIVA HOBBY;44,61
TV;12318;;11
TV;12318;VIVER;276
TV;12319;KRONOS;70
TV;12320;PERSHING;21
TV;12322;SWITCH HOBBY;0,32
TV;12323;VEBIZOLFO WG;65
TV;12325;MESUROL M PLUS;1.081,50
TV;12330;DEDALUS SE;11,2
TV;12344;VEBITHRIN 5 EC;30,1
TV;12375;SUGAR 500 SC;55
TV;12381;;410
TV;12381;NU-FILM-P;782
TV;12383;;1.038,00
TV;12383;RIDOMIL GOLD MZ PEPITE;10.009,00
TV;12383;RIDOMIL GOLD MZ PEPITE KG 5;10
TV;12385;ARMETIL COBRE SC;617
TV;12391;;302
TV;12391;FUEGO;652
TV;12393;COPPERCIM WG;1,25
TV;12395;CUTRIL TOP;67
TV;12399;GANZO;76
TV;12437;;277
TV;12437;DELAN 70 WG;1.820,00
TV;12452;;304
TV;12452;EQUIP;67
TV;12453;;9.321,00
TV;12453;MILDICUT;49.958,00
TV;12455;DAZIDE ENHANCE;76
TV;12459;VOLCAN SC;20
TV;12461;FINALSAN ERBICIDA PROFESSIONAL;182
TV;12470;OLIOCIN GIARDINO;2,2
TV;12471;AKTOR TRIPLO BLU;1.270,00
TV;12482;;3.340,00
TV;12482;LUMAX;34.868,00
TV;12482;LUMAX LT 20;2.540,00
TV;12482;LUMAX LT 5;385
TV;12491;;101
TV;12491;CIPERTHRIN PLUS;13
TV;12493;;1.690,00
TV;12493;MANCOZEB PLUS 75 WG;4.704,00
TV;12504;FLOWBRIX;1.771,00
TV;12505;FLOWBRIX BLU;187
TV;12519;CORSARIO;3
TV;12522;;792,5
TV;12522;METRO;448
TV;12526;ALIETTE ORTO E GIARDINO;2,25
TV;12526;SWAN;0,25
TV;12528;;28
TV;12528;CABRIO TOP;135
TV;12529;;87
TV;12529;TUCANA 25 EC;997
TV;12534;;2,9
TV;12534;COMPO GRAMINICIDA;6,5
TV;12534;FOXTAIL;1.010,30
TV;12534;FOXTAIL DISERBANTE ZAPI;5
TV;12534;FOXTAIL ML 250;4,5
TV;12540;;13
TV;12560;METHIOR;1,1
TV;12564;ELECTIS MZ;2
TV;12566;;626
TV;12566;PYGANIC 1,4 ML 25;10
TV;12566;PYGANIC 1.4;872,25
TV;12568;SPRINTEX NEW L;60
TV;12573;;70
TV;12573;EKO OIL SPRAY;84,25
TV;12574;ICARUS EW;915
TV;12584;AVIATOR WG;20
TV;12584;SPHINX MZ;12.751,00
TV;12590;DIASTAR MAXI;580
TV;12598;GRANSTAR POWER SX;71,94
TV;12622;;1.653,50
TV;12622;QUANTUM;7.555,00
TV;12625;;8
TV;12625;EFUZIN 355 SC;121
TV;12627;;32
TV;12627;DANADIM 400 ST;35
TV;12628;;9
TV;12628;SERENADE MAX;369
TV;12629;BUGGY 360 SG N.E.T.;1,2
TV;12636;QUASAR 6/24 R;1.953,00
TV;12636;QUASAR 6/24 R KG 10;40
TV;12647;;50
TV;12647;GLITTER;371,8
TV;12647;GLITTER LT 5;200
TV;12650;NUPRID 200 SL;1,58
TV;12650;NUPRID 200 SL ML 250;3
TV;12662;METAFOL 700 SC;110
TV;12662;METAFOL x5LT;35
TV;12671;;10,75
TV;12671;COMBI PACK SOIA (HARMONY 50 SX);0,35
TV;12671;HARMONY 50 SX;287,62
TV;12671;HARMONY 50 SX (COMBI SOIA);2,2
TV;12671;HARMONY 50 SX x 0.020gr.;0,61
TV;12671;HARMONY 50SX GR.20;0,13
TV;12686;;5
TV;12686;CHAMAN;26
TV;12692;SPRUZIT INSETTICIDA;3,5
TV;12696;;221
TV;12696;TEBUZOL DISPERS;36
TV;12696;TEBUZOL S DISPERSS;14
TV;12706;PERMIT;0,15
TV;12710;;7
TV;12710;CALIPER-EC;1
TV;12714;KELLY R DF;1.750,00
TV;12722;OSSICLOR 20 FLOW;875,5
TV;12723;OSSICLOR 20 BLU FLOW;59
TV;12731;MICLOTOP PROGRESS;723
TV;12734;;1
TV;12734;JUPITER R DF;79,06
TV;12737;;3.335,00
TV;12737;"AIRONE PI&ugrave;";52
TV;12737;AIRONE PIU;338
TV;12737;AIRONE PIU';4.166,00
TV;12737;AIRONE PIU' WDG;48
TV;12737;AIRONE PIU WG;20
TV;12737;"AIRONE PIU&#39;";9.090,00
TV;12738;;190
TV;12738;KING 360 HP;10.458,00
TV;12745;MANTIR GO;30
TV;12747;RAMETTE;9,2
TV;12748;"GRIFON PIU&#39;";4.790,00
TV;12754;VERDRAM HI BIO;2.336,40
TV;12756;DICOTEX;784,4
TV;12756;DICOTEX EYD;0,2
TV;12759;;122
TV;12759;OSSICLOR 35 WG;6.501,00
TV;12759;OSSICLOR 35 WG ZAPI;15
TV;12761;HARMONY 50 SX x 0.020gr.;0,1
TV;12768;;6
TV;12768;SPINTOR FLY;115,5
TV;12770;ALAR 85 GOLD;581
TV;12779;RAMEDIT COMBI WG;1.812,00
TV;12784;;40
TV;12784;CERCOBIN WG;697
TV;12784;FARO WG;56
TV;12788;ADIGOR;295
TV;12793;ZOLFO AFEPASA 80 WG;0,6
TV;12806;;67
TV;12806;FEDOR;444
TV;12808;GLOBAL SC;0,33
TV;12813;;10
TV;12813;AMISTAR XTRA;115
TV;12827;PREMIER ZR;6
TV;12828;;11
TV;12828;SITOFEX;100
TV;12831;INSIGNIA;11
TV;12832;OPERA;1
TV;12837;;950
TV;12837;ARIUS SYSTEM PLUS;2.797,00
TV;12841;SUCCESSOR T;70
TV;12843;CHECKMATE CM-F;1,48
TV;12844;CHECKMATE OFM-F;0,39
TV;12847;EAGLE;2,5
TV;12848;R6 ERRESEI SB-R42 WG;10
TV;12850;;6
TV;12850;PRADO;5
TV;12855;CRIORAM WG;88
TV;12856;CUPRORAM 25 FLOW;1.020,00
TV;12858;;191
TV;12858;PRODIGY;31
TV;12859;;8,4
TV;12859;BORNEO;62,13
TV;12859;BORNEO ACARICIDA BAYER;1
TV;12862;;325
TV;12862;CANTUS;1.682,00
TV;12863;FLORAMITE 240 SC;33,5
TV;12865;DANTOP 50 WG;3
TV;12866;;68
TV;12866;COLLIS;121
TV;12868;;52
TV;12868;BELLIS;99
TV;12869;;36
TV;12869;SIGNUM;1.769,00
TV;12878;;7.411,00
TV;12878;RIDOMIL GOLD COMBI PEPITE;42.431,00
TV;12880;;20
TV;12880;ATLANTIS WG;38
TV;12881;;18
TV;12881;HUSSAR MAXX;4,2
TV;12883;;1.332,00
TV;12883;PROSPER 300 CS;7.755,00
TV;12884;;52
TV;12886;;163
TV;12886;KARATHANE STAR;3.755,00
TV;12888;;174
TV;12888;LEPINOX PLUS;183
TV;12889;;10,2
TV;12889;PICKER SC;17,6
TV;12901;FARO;1
TV;12903;DOLESE WG;32,5
TV;12910;DRIBBLING;120
TV;12916;;1
TV;12924;;2.146,00
TV;12924;JUPITER WG;1.874,00
TV;12933;MOXYL 20 WP;1
TV;12940;;9
TV;12940;KARATE ZEON 1.5;774
TV;12949;AZUPEC 80 WG;34.625,00
TV;12973;GLYFOS RAPID;6
TV;12994;VIVER ELITE WG;206,5
TV;13005;PROMAG;2,15
TV;13012;;295
TV;13012;FOLVIT 80 WDG;27.605,00
TV;13018;;40
TV;13020;;700
TV;13020;MICRORAM 35 WG;7,3
TV;13026;SUSCON;0,85
TV;13039;POTCLEAN 2G;933
TV;13039;POTCLEAN 2G KG 10;160
TV;13049;SULCOGAN;339
TV;13055;;393
TV;13055;MACHO;2.841,00
TV;13061;;11
TV;13061;BIOBIT DF;34
TV;13062;DIPEL DF;32,55
TV;13064;;2.314,00
TV;13064;VITENE ULTRA SC;3.138,00
TV;13065;;531
TV;13065;DOMARK 125;1.234,75
TV;13068;;620
TV;13072;MANNIX;1
TV;13083;;2.080,00
TV;13083;CURZATE EFFE;3.910,00
TV;13084;;134
TV;13084;TELDOR PLUS;819,5
TV;13087;TASIS;132
TV;13093;;570
TV;13093;STOMP AQUA;4.630,00
TV;13093;STOMP AQUA LT 5;225
TV;13098;;340
TV;13098;ROUNDUP POWER 2.0;11.171,00
TV;13104;;20
TV;13104;ALGOR PLATIN;20
TV;13106;IKANOS;35
TV;13108;CURAME BORDEAUX;7.611,00
TV;13111;;347
TV;13111;THIOCUR FORTE;3.841,55
TV;13111;THIOCUR FORTE ML 100;2,1
TV;13116;MEDOR 35 CLASS;39,5
TV;13120;;1
TV;13126;;81
TV;13126;CABRIO DUO;2.365,00
TV;13128;GOLTIX 50 WG;50
TV;13133;NIBER 35 WG;0,5
TV;13134;AMALINE;4
TV;13138;SYSTHANE 4,5 PLUS;810
TV;13143;;59
TV;13143;MEZENE WG;87
TV;13149;;136
TV;13149;POLTIGLIA MANICA 20 WG;7.585,00
TV;13149;POLTIGLIA MANICA 20 WG KG 10;180
TV;13150;;32
TV;13150;CURAME 35 WG;6.527,00
TV;13152;;1.520,00
TV;13152;OPTIX R DISPERSS;5.120,00
TV;13153;BANVEL S;3
TV;13154;;16
TV;13154;MONDAK 480 S;383
TV;13158;;5
TV;13158;REMEDIER;809
TV;13160;;1.557,00
TV;13160;FORUM TOP;9.678,00
TV;13167;;80
TV;13167;POMARSOL 80 WG;493
TV;13168;;149
TV;13168;LAUDIS;1.234,00
TV;13178;AZUL MZ 75 WG;30
TV;13179;PLAYER COMBI SC;1.065,00
TV;13180;AZUL MZ 80 WP;10
TV;13182;RAMSOL-F2;256
TV;13185;SIATTOL;9,25
TV;13186;;2,88
TV;13186;TITUS MAIS EXTRA;63,75
TV;13186;TITUS MAIS EXTRA GR 160;0,96
TV;13186;TITUS MAIS EXTRA GR.160;0,32
TV;13186;TITUS MAIS ULTRA;0,2
TV;13205;;1.275,00
TV;13205;ZOLFO MANICA SCORREVOLE DOPPIO RAFF;5.165,00
TV;13205;ZOLFO SEMPLICE;400
TV;13205;ZOLFO VENTILATO SEMPLICE;180
TV;13211;ZOLFO VENTILATO SCORREVOLE 96%;2.475,00
TV;13212;;6
TV;13212;CONFIDOR 200 O-TEQ;15,5
TV;13213;;2.897,00
TV;13213;R6 ERRESEI ALBIS;18.964,00
TV;13218;;120
TV;13218;FINALSAN PLUS;2.612,00
TV;13219;FINALSAN ULTIMA;1
TV;13222;DUOKAR 4,5 EW PRO;216
TV;13227;FUNGURAN-OH 250 SC;20
TV;13236;BULLET;1.187,00
TV;13236;BULLET LT 5;120
TV;13238;TOPAZIO;4
TV;13242;NICOGAN V.O.;860
TV;13244;;600
TV;13244;ZOLFO VENTILATO STELLA;1.500,00
TV;13249;;900
TV;13249;ZOLFO VENTILATO STELLA RAMATO S;4.102,00
TV;13252;PLAYER 250 SC;1.189,00
TV;13253;PLAYER SC;2.037,00
TV;13253;PLAYER SC LT 5;30
TV;13255;PLAYER GR;547
TV;13263;BORDORAM 20 WG;96,4
TV;13263;BORDORAM 20WG;5
TV;13267;;6
TV;13267;IMPERO;263
TV;13285;SEVERAL;214
TV;13290;;6.120,00
TV;13290;ZOLFO MANICA DOPPIO RAFFINATO VENTI;13.120,00
TV;13296;POKER 7,5;50
TV;13296;POKER 7.5;289
TV;13297;TRAPPER GR;14
TV;13298;QUANTUM F;2.560,00
TV;13299;MAGIO';921
TV;13299;MAGIO' NEW;130
TV;13309;DRAKE 26;6
TV;13313;;23
TV;13313;CASPER;129
TV;13323;SULFY 80 WDG;112,2
TV;13323;SULFY 80 WDG FUNGICIDA ZAPI;5
TV;13323;SULFY 80 WDG KG 1;5
TV;13324;CUPRIZOL S;86,25
TV;13324;CUPRIZOL S ML 250;4,5
TV;13327;;0,75
TV;13327;GRANSTAR ULTRA SX;146,39
TV;13327;GRANSTAR ULTRA SX GR 200;2
TV;13327;GRANSTAR ULTRA SX GR 50;1,1
TV;13329;;432
TV;13352;DIREX 7,5;178
TV;13352;DIREX 7,5 G;20
TV;13352;DIREX 7,5 GR;260
TV;13352;DIREX 7,5GR;20
TV;13352;DIREX 7.5 GR;17
TV;13352;DYREX 7.5 GR;36
TV;13354;DIFFERENCE;40,75
TV;13361;;18,9
TV;13361;DECIS ENERGY O-TEQ;111,4
TV;13365;;1.225,00
TV;13365;ZOLFO DOPPIO VENTILATO SCORREVOLE 9;34
TV;13367;DIVO;17
TV;13370;WARRANT 200 SL;235,75
TV;13375;NUPRID 200 SC;3,78
TV;13382;;413
TV;13382;PERGADO SC;1.649,00
TV;13386;;168
TV;13386;PROSARO;587
TV;13387;FLORAMIX;57,58
TV;13389;;526
TV;13389;AFFIRM;5.074,10
TV;13389;AFFIRM KG 10;20
TV;13389;AFFIRM KG 5;30
TV;13390;TEBUSIP 46;16
TV;13391;;24
TV;13394;;0,5
TV;13402;LUMA-KL;9
TV;13403;GLOXY;0,75
TV;13409;;450
TV;13409;SILFUR WG;139
TV;13410;FRUTTENE 76 WG;60
TV;13414;ARES 5 SC;41,4
TV;13430;TENOR SC;25,2
TV;13440;;2
TV;13440;SATEL;55,35
TV;13440;SATEL ML 100;0,7
TV;13443;FUNGIBEN;1.124,60
TV;13451;SPARVIERO;70,5
TV;13455;;142
TV;13455;ANTIGRAM GOLD;925
TV;13466;;369
TV;13466;SPOTLIGHT PLUS;3.206,00
TV;13468;CLINER;60,05
TV;13472;;134
TV;13472;ALIEN;208
TV;13477;APHID ML 50;6
TV;13485;FOLPEC 80 WG ADVANCE;5.277,00
TV;13486;JUDO;7
TV;13489;;17,5
TV;13489;CYMBAL;1.701,50
TV;13491;CYMBAL 20;45
TV;13505;CLICK DUO;240
TV;13518;NISUS 3B;2.100,00
TV;13521;;650
TV;13521;HELIOCUIVRE S;3.842,30
TV;13522;SPIDER KILL;23
TV;13540;;600
TV;13540;QUASAR R FLOW;26.990,50
TV;13542;FANTIC M NC;109
TV;13551;;2
TV;13552;ZOLVIS 80 SECTOR;44.686,00
TV;13555;SHUT TWIN;311
TV;13557;BALENO SL;19
TV;13560;FORZA;37
TV;13565;PASTA ISAGRO BLU;105
TV;13576;RAMEPLANT WG;316,5
TV;13578;RAME CAFFARO BLU WG NEW;1.168,00
TV;13579;COPPER 12;210,5
TV;13581;TIOGEL 80 WDG;700
TV;13585;;20
TV;13585;SOLOFOL;2.720,00
TV;13586;;30,5
TV;13586;VERDERAME 20 WG;96,8
TV;13586;VERDERAME 20 WG ZAPI GR 500;4
TV;13592;;17,1
TV;13592;VOLARE;205,75
TV;13592;VOLARE FUNGICIDA BAYER;8
TV;13600;ZOLFO S.A.I.M. DOPPIO VENTILATO SCO;1.170,00
TV;13604;ZOLFO S.A.I.M. RAFFINATO DOPPIO VEN;6.030,00
TV;13607;NOBIL;1
TV;13612;;116
TV;13612;BABEL 400;239
TV;13635;POLTIGLIA 20 PB MANICA;667,5
TV;13635;POLTIGLIA 20 PB MANICA KG 1;20
TV;13635;POLTIGLIA BORDOLESE MANICA;4
TV;13637;;665
TV;13637;PERGADO F;2.351,00
TV;13639;;0,1
TV;13639;ACRAMITE 480 SC;1,75
TV;13640;IMPRINT;52,7
TV;13647;NEORAM BLU WG;1.100,00
TV;13648;SIARAM 20 WG;743
TV;13651;SPECTRO;43,7
TV;13667;AFIDANE 200 SL;4
TV;13672;APHIDS 200;2
TV;13683;COMPO DUAXO PRONTO USO;0,75
TV;13684;COMPO DUAXO PPO;1,5
TV;13687;BURT;12
TV;13689;;51,5
TV;13689;FLINT MAX;49
TV;13691;TRIDAN COMBI T;10
TV;13698;;744,31
TV;13698;VIVANDO;4.133,25
TV;13702;GEOTOX 7,5 C;30,2
TV;13702;GEOTOX 7.5;5,7
TV;13707;;9
TV;13707;IMPACT SUPREME;38
TV;13709;U 46 PRATI;315
TV;13711;;1.669,00
TV;13711;QUIZA 5 EC;349
TV;13714;FOLPEC 50 SC;12.380,00
TV;13716;;1
TV;13716;CAPTAN ARVESTA 80 WG;1
TV;13719;;44.831,00
TV;13719;THIAMON 80 PLUS;43.203,00
TV;13721;AFIDINA QUICK;64,7
TV;13722;;20
TV;13722;CAL-EX 1.9 EC;4
TV;13736;TRACE;1,5
TV;13741;;19
TV;13741;SELECTA DISPERSS;11
TV;13742;;125
TV;13742;PERGADO MZ;187
TV;13743;KUKAR 22;89
TV;13760;ORYTIS EW;0,11
TV;13765;SHERPA 100 EW;85
TV;13771;;47
TV;13771;NIMROD 250 EW;109
TV;13775;VITASAN 80 WP;450
TV;13778;TORERO;835
TV;13785;;1.682,00
TV;13785;QUANTUM MZ;1.073,00
TV;13786;;1
TV;13786;QUANTUM R;169
TV;13787;;19
TV;13787;RIVIERA R;833
TV;13791;GEATER-STAR;229
TV;13792;;7
TV;13792;STABILAN;91
TV;13793;;45
TV;13793;RUNNER M;83
TV;13794;;2
TV;13794;SPADA WDG;541
TV;13796;CELL;18
TV;13797;ELIOS WG;1
TV;13801;TOUCHDOWN HOBBY;45,5
TV;13809;;2.310,00
TV;13809;FORCE ULTRA;55.719,00
TV;13812;NOTO 40 OD;1.021,00
TV;13815;;37
TV;13815;TUTOR 18-15;575
TV;13817;ALIAL WG;537
TV;13818;;260
TV;13818;ALIAL TRIPLE WP;323
TV;13820;BAYTEROID 25 EC;20
TV;13823;;8,08
TV;13823;ALVERDE;15,93
TV;13828;ELEGANT 05 EC;9
TV;13837;;22
TV;13843;ZELIG 480 EC;1.268,00
TV;13857;MINUET GR;9
TV;13858;MEDIATOR EXTRA SL;6,3
TV;13858;MEDIATOR EXTRA SL ML 250;7
TV;13876;;4
TV;13876;APACHE;146
TV;13877;KITT PRONTO;27,5
TV;13885;MICROCOPP NEUTRO FL;250
TV;13888;;1.955,00
TV;13888;FANTIC F NC WG;425
TV;13900;PRORAM HI TECH;20
TV;13905;;140
TV;13905;BANJO;122
TV;13908;;200
TV;13908;BORDO ISAGRO WG;430
TV;13913;;35
TV;13913;ORIUS P;40
TV;13926;SPONSOR;262
TV;13927;;8,5
TV;13927;ZAMIR 18;598,5
TV;13928;DYNAMEC EC;10
TV;13931;GEREPHON SL;20
TV;13955;MITIGREEN;468
TV;13981;;167,4
TV;13981;CORAGEN;587,8
TV;13981;CORAGEN (TWIN PACK MAIS);14,4
TV;13981;TWIN PACK MAIS (CORAGEN);7,2
TV;13998;;176
TV;13998;PYRUS 400 SC;1.706,56
TV;14005;;110
TV;14005;CLORTOSIP 500 SC;372
TV;14020;;1.057,00
TV;14020;LIDAL;492
TV;14021;;45
TV;14021;BREK DUO;165
TV;14023;SUPPOST 10 EC;84
TV;14024;PERFIL 10 WP;129,5
TV;14034;CURENOX TOP MICRO;9
TV;14042;SUPRAFOS EC;130
TV;14052;HALLIG 80 WG;7
TV;14058;;7
TV;14058;FEINZIN 70 DF;347,5
TV;14061;;13,5
TV;14061;TRIANUM-P;1,5
TV;14062;;2.716,15
TV;14062;ZOXIUM 240 SC;15.056,00
TV;14074;TRINEX 250 EW;7,1
TV;14076;CYPRUS 25 DF;17.283,90
TV;14077;;2.020,00
TV;14077;CHAMP 20 DF;2.687,00
TV;14078;RAMCY 44 WG;2
TV;14098;CRITTOX GD 75;470
TV;14099;ASPOR WDG;680
TV;14100;KANEMITE;61,5
TV;14101;;12
TV;14101;CARAMBA;156
TV;14102;;148
TV;14102;BORDOFLOW NEW;736
TV;14119;VISIR PENCOTECH;329
TV;14123;;120
TV;14123;ZETARAM NEW TECH;1
TV;14127;MEVAXIL COBRE;4
TV;14128;ZIGNAL;978
TV;14130;PERSHING 44 EC;4
TV;14136;OBERON;21,5
TV;14137;;1,5
TV;14137;ALTACOR;59,4
TV;14137;ALTACOR GR 100;1,6
TV;14137;ALTACOR GR 300;1,8
TV;14154;;5,16
TV;14154;PIRETRO ACTIGREEN;44,31
TV;14155;KOMPASS;8
TV;14156;;1.157,00
TV;14156;CURZATE R WG;6.507,00
TV;14156;CURZATE R WG KG 10;70
TV;14158;CHLORCYRINE 550 EC;24
TV;14163;SARMOX 440 WG;1.183,00
TV;14165;;144
TV;14165;NANDO MAXI;2.384,00
TV;14166;;266
TV;14166;ZETOR;458
TV;14168;;1
TV;14168;SILWET VELONEX;177
TV;14169;;575
TV;14169;PERGADO R;140
TV;14178;;650
TV;14178;TRI-BASE;60,3
TV;14182;;40
TV;14193;SARMOX 45 DG;1.075,00
TV;14208;;276
TV;14208;RELDAN LO;3.458,00
TV;14214;RAPSAN 500 SC;21
TV;14232;;12,5
TV;14232;CYTHRIN MAX;26,5
TV;14240;PYR PRONTO;29,25
TV;14245;GOLEM;12,25
TV;14248;;1,2
TV;14248;CLOR QUICK;17,6
TV;14248;CLOR QUICK 50 ML;24
TV;14248;CLOR QUIK;1,2
TV;14254;BILO 7,5 C;103
TV;14254;BILO 7,5C;7
TV;14254;BILO 7.5;25
TV;14254;BILO 7.5 C;20
TV;14257;UNDERLINE 0,2 G;280
TV;14262;GREENEX NF;347,4
TV;14263;BIOTEN;35,49
TV;14281;BUCTRIL UNIVERSAL;117
TV;14290;;121,75
TV;14290;KOHINOR 200 SL;1.940,42
TV;14294;;0,4
TV;14294;EXECUTIVE;0,9
TV;14333;DIMILIN SC 15;9
TV;14336;NEMATHORIN 150 EC;54
TV;14342;;35
TV;14342;VOLCAN COMBI SC;135
TV;14348;;2.074,00
TV;14348;AGRON;2.127,00
TV;14350;ZOLFO RAMATO 5;3.005,00
TV;14355;FITO EXPERT;3,4
TV;14368;RESOLVA 24H;9
TV;14369;RESOLVA 24H RTU;4,5
TV;14376;MASTER QUICK;15,7
TV;14381;PYRINET;86
TV;14386;OLIONET;1,75
TV;14387;;206
TV;14387;NERVURE SUPER;49
TV;14389;DESSICASH 200 SL;10
TV;14392;WYLOM OP;12
TV;14405;;8
TV;14405;MERLIN FLEXX;2.516,00
TV;14405;MERLIN FLEXX (MERLIN PLATINUM);315
TV;14407;;31,05
TV;14407;RUNWAY;158,05
TV;14407;RUNWAY LT 5;20
TV;14407;RUNWAY ML 500;2
TV;14409;;337
TV;14409;MOVENTO 48 SC;747,13
TV;14409;MOVENTO 48 SC LT 5;10
TV;14409;MOVENTO 48 SC ML 250;4,5
TV;14410;FLINT MAX AL;46,5
TV;14414;DUSTY;205,45
TV;14418;;30
TV;14418;PULSAR 40 SL;2.903,00
TV;14418;PULSAR 40 SL LT 5;235
TV;14419;TRUST SC;9,5
TV;14423;PRIMISOL 80 WDG;16,5
TV;14426;;10
TV;14431;;5
TV;14431;LENTAGRAN 45 WP;132
TV;14431;LENTAGRAN 45 WP GR 200;1
TV;14432;;14
TV;14432;METRIC;2.521,00
TV;14432;METRIC LT 5;100
TV;14441;VALZER SC;22
TV;14460;KOBAN 600;280
TV;14461;CURIT DUO;300
TV;14462;KOBAN T;10
TV;14472;PARTNER EC;473
TV;14474;;50
TV;14474;TEBUSIP COMBI;238
TV;14488;;3.275,00
TV;14488;ANTRACOL 70 WG;17.919,00
TV;14491;KUBIK MCZ;2.440,00
TV;14510;ELECTIS TRIO;4.934,00
TV;14527;SUDOKU TOP;14
TV;14540;SEPARO;12
TV;14573;BACTOSPEINE 32 WG;11
TV;14575;TRIMMER SX;6,4
TV;14576;CUTRIL EVO;2.920,00
TV;14577;;6.463,00
TV;14577;FORUM R 3B;14.086,00
TV;14577;FORUM R 3B KG 10;30
TV;14579;RAMIN 30 DF;1.270,00
TV;14582;FENGIB;38
TV;14636;;93,5
TV;14636;BIOLID UP;1.267,40
TV;14636;BIOLID UP ML 500;5
TV;14638;;6
TV;14638;NETOR;87
TV;14640;OBOKE-SC;5
TV;14642;;9.911,00
TV;14642;RIDOMIL GOLD R WG;53.884,00
TV;14643;CENTIUM 36 CS;63
TV;14650;ROGATOX 40 ST;11
TV;14655;VIVER WDG;49
TV;14664;;0,5
TV;14664;BERELEX 40 SG;21,05
TV;14679;;275
TV;14679;CHEMOL PLUS;20
TV;14682;KATANA;0,1
TV;14685;ACROBAT R 3B;2.680,00
TV;14686;;1.985,00
TV;14686;KOCIDE OPTI;2.725,00
TV;14697;;581
TV;14697;ENERVIN DUO;1.499,00
TV;14699;GEOXE;1,1
TV;14728;CELIO;3
TV;14730;;9
TV;14730;CHIMIGOR 40 ST;74
TV;14735;;1,5
TV;14735;RANMAN TOP;14,3
TV;14737;;1.750,00
TV;14737;ROUNDUP PLATINUM;7.271,00
TV;14737;ROUNDUP PLATINUM LT 15;285
TV;14737;ROUNDUP PLATINUM LT 5;60
TV;14739;DECIS PROTECT;526
TV;14758;KARATE WITH ZEON TECHNOLOGY 1.5 HOB;53,66
TV;14759;SULC0CAP;35
TV;14759;SULCOCAP;3
TV;14760;RASIKAL PRO;1.197,50
TV;14764;SLUXX;100
TV;14765;;12
TV;14765;ELUMIS;411
TV;14766;ACTARA 240 SC;219
TV;14769;;18
TV;14769;COMET 250 EC;347,6
TV;14772;;297
TV;14772;BANDERA;23
TV;14785;;0,15
TV;14785;DRISCOLL;139,63
TV;14785;DRISCOLL ML 200;0,2
TV;14785;DRISCOLL ML 50;0,65
TV;14785;DRISCOLL ML 500;30,5
TV;14797;SIATTOL 200 PLUS;156,67
TV;14799;;1,24
TV;14799;AFLOR 200 FL;0,35
TV;14799;AFLOR 200 SL;15,85
TV;14803;;90
TV;14803;ELECTIS ZR;1.495,00
TV;14805;;950
TV;14805;QUASAR MZ WG;2.973,00
TV;14806;LUNA PRIVILEGE;2
TV;14807;;253,5
TV;14807;LUZINDO;1.875,25
TV;14809;CUPRAVIT BIO EVOLUTION;1.227,00
TV;14812;;6.776,00
TV;14812;ENERVIN TOP;39.298,00
TV;14812;ENERVIN TOP KG 5;30
TV;14815;;1.992,00
TV;14815;ADENGO;12.082,00
TV;14815;ADENGO LT 10;60
TV;14815;ADENGO LT 2;126
TV;14818;;8
TV;14818;ACANTO;105
TV;14826;PYREOS EXTRA SL;1,25
TV;14828;NUPRID SUPREME SC;160
TV;14830;;265
TV;14830;CUPROFIX ULTRA DISPERSS;0,4
TV;14837;GLIFOSAR FLASH;20.031,00
TV;14837;GLIFOSAR FLASH LT 20;100
TV;14838;BARCLAY GALLUP BIOGRADE 360;7.380,00
TV;14838;GALLUP BIOGRADE 360;100
TV;14844;CLUSTER 500;1.028,00
TV;14857;ABOTRIL 500;19
TV;14867;SYNERO;39
TV;14868;;120
TV;14868;IDROX 22 NEW;12
TV;14869;COPPERFIELD;20
TV;14869;COPPERFIRLD;440
TV;14870;COPPERLAND;2.981,00
TV;14872;;5
TV;14872;BELLIS DRUPACEE;65
TV;14876;GRANDSTAND;35,75
TV;14879;;3,3
TV;14879;LONTREL 72 SG;4,05
TV;14879;LONTREL 72SG x 150GR;0,3
TV;14884;;1.133,00
TV;14884;CORUM;2.689,00
TV;14891;TRICO;406
TV;14895;;5
TV;14895;LANNATE 20 SL;126
TV;14897;FLUROSTAR 200;71
TV;14898;;2
TV;14900;KENKIO;3.990,00
TV;14901;CONCORDE 125;9,8
TV;14901;CONCORDE 125 ML 100;0,3
TV;14909;NURELLE 5;25
TV;14915;REPLAY;40
TV;14916;;12
TV;14919;;0,16
TV;14919;EMERALD;0,05
TV;14919;EMERALD 125;5,18
TV;14920;ZOLFO 80 WP ZOLFINDUSTRIA;5.500,00
TV;14921;KOHINOR OLEA;12
TV;14925;SWING EX-TRA;8,5
TV;14931;GRISU;30
TV;14931;GRISU';16
TV;14931;GRISU FL;2
TV;14931;GRISU SC;500
TV;14935;TRAXOS ONE;5
TV;14936;;46
TV;14936;AMPLIGO;322
TV;14938;DEDICATE;17,75
TV;14938;DEDICATE ML 250;1
TV;14947;TRUSTEE 450;2.062,00
TV;14951;;10,4
TV;14951;BOTECTOR;88,8
TV;14967;;141
TV;14967;TIPTOR ULTRA;20
TV;14969;;107
TV;14969;HOPPER 480;165
TV;14970;POLYSECT ULTRA SL;11,7
TV;14972;;3
TV;14972;DICARZOL 50 SP;86
TV;14974;BELEM 0.8 MG;2.256,00
TV;14980;;54
TV;14980;AFFINITY PLUS;1.083,00
TV;14985;RETENGO PLUS;12
TV;14986;OPERA NEW;100
TV;15005;;3
TV;15005;FONTELIS;45
TV;15006;;5
TV;15008;;466
TV;15008;ENERVIN PRO (LBG 01F34);496
TV;15008;LBG - 01F34;3.904,00
TV;15011;SPI EC;0,15
TV;15013;;9
TV;15013;NATRIA;30
TV;15013;NATRIA LUMACHE;2,5
TV;15013;NATRIA LUMACHICIDA;450,5
TV;15019;RIVIERA;1.025,00
TV;15023;DERREX;300
TV;15024;MESUROL 200 SC;209
TV;15030;COSSACK;5,4
TV;15034;DICOPHAR;43,9
TV;15037;;54
TV;15037;BREZZA;736
TV;15041;OPINION ECNA;846,51
TV;15047;;1.010,00
TV;15047;R 6 BORDEAU WG;12
TV;15047;R6 BORDEAUX WG FUNGICIDA BAYER;10
TV;15047;R6 ERRESEI BORDEAUX WG;2.921,60
TV;15049;;3
TV;15049;MODDUS;5
TV;15050;;182
TV;15050;VERTIMEC PRO;958
TV;15051;KYLEO;40
TV;15052;;67
TV;15052;KAIMO SORBIE;100
TV;15054;CONTENDER 80 WG;14
TV;15057;DICOTEX RTU;2
TV;15058;;11,88
TV;15058;PRINCIPAL MAIS;287,16
TV;15059;;227,25
TV;15059;DECIS EVO;1.525,00
TV;15059;DECIS EVO LT 5;20
TV;15062;PIRAMAX  EC;129
TV;15063;NIMBLE;0,8
TV;15064;MAESTRO WG ADVANCE;191
TV;15071;;280
TV;15071;EVOLUTION;832
TV;15079;JUVINAL ECHO;6
TV;15084;DRUM;630
TV;15085;VITISAN 45 WG;23
TV;15093;CENTURIO;150,5
TV;15094;FOSBEL 80 WG;17
TV;15101;CIMORAM ULTRA WG;1.601,00
TV;15102;;20
TV;15102;VITENE R WG;1.263,00
TV;15111;MIRADOR SC;486
TV;15114;MACCANI;10
TV;15115;PROSPER 500 EC;628
TV;15116;;128
TV;15116;ELIOS R;192
TV;15123;ALTAIR 4,5 EW;2.174,00
TV;15124;;6
TV;15124;ZANTARA;177
TV;15125;;267
TV;15125;PROLECTUS;119
TV;15127;;2.135,00
TV;15127;SANVINO;2.865,00
TV;15130;;115
TV;15130;INTREPID;2.626,00
TV;15135;OLEOSAN PLUS;23,25
TV;15138;BAROCCO 80 WG;2.000,00
TV;15139;INDIPENDENT DC 15;5
TV;15139;INDIPENDENT SC 15;170
TV;15142;;95
TV;15142;ALCANCE SYNC TEC;2.905,00
TV;15147;EVO-TRIBASIC;320
TV;15148;ENVIROMITE 480 SC;0,06
TV;15149;CONSAVET DF EDGE;3.690,00
TV;15149;COSAVET DF EDGE;66.675,00
TV;15168;;98
TV;15168;ZORO 1.9 EW;76
TV;15181;;8
TV;15181;CIRRUS CS;411,5
TV;15181;CIRRUS CS LT 2;2
TV;15181;CIRRUS CS ML 500;61,5
TV;15184;SATEL GEO;234
TV;15193;;14
TV;15193;CONTATTO PIU' EXTRA;70
TV;15193;CONTATTO PIU'EXTRA;20
TV;15196;FOSBEL EXTRA;1.384,00
TV;15199;SAKURA;15
TV;15200;;1
TV;15200;QUALY;966
TV;15201;;81
TV;15201;FLOXY 355 SC;500
TV;15201;FLOXY 355 SC LT 5;30
TV;15213;DEMETRINA FLOW;22
TV;15213;DEMETRINA FLOW ML 100;4,8
TV;15213;DEMETRINA FLOW ML 200;7
TV;15221;;1.404,00
TV;15221;ZETARAM PLUS;2.086,50
TV;15222;FOLICUR COMBI WG;2.132,00
TV;15227;MESUROL EVOLUTION;1,65
TV;15232;CUSTODIA;147
TV;15233;DALET TRIO;2.800,00
TV;15234;MOMENTUM F;3.945,00
TV;15235;;47
TV;15235;MOMENTUM;4.308,00
TV;15236;ZAMMO;83
TV;15237;;9
TV;15237;CHIKARA DUO;314
TV;15250;COPRANTOL DUO;1.700,00
TV;15251;AIRONE LIQUIDO;5.458,00
TV;15252;VITIPEC R;83
TV;15253;FALCON MK;2.779,00
TV;15263;;32
TV;15263;DYNALI;960
TV;15264;;349,5
TV;15264;ENERVIN PRO (ENERVIN SC);372
TV;15264;ENERVIN SC;2.942,00
TV;15265;PROMAN FLOW;20
TV;15266;QUARTET;7.580,00
TV;15267;;1
TV;15267;KUSABI;59
TV;15274;ALIAL SYSTEM;18
TV;15275;;24
TV;15275;KUSTI;249
TV;15285;PRIMMA STAR;1,92
TV;15289;SERENADE NATRIA;8,3
TV;15291;TURFENE PLUS;0,5
TV;15292;VERTIARO;5
TV;15302;;576
TV;15302;AMYLOX;9
TV;15302;AMYLO-X;937
TV;15307;;215
TV;15307;DEDALUS 25 WDG;158,5
TV;15310;NISSHIN EXTRA 6 OD;190
TV;15311;;100
TV;15311;TIZCA;216
TV;15313;ZOLFO SC;311
TV;15315;ALEF;82
TV;15317;FLARE GOLD COMBI PEPITE;10.690,00
TV;15325;;1.170,00
TV;15325;CORNER MZ WG;1.670,00
TV;15326;CUPROTEK DISPERSS;71.440,00
TV;15327;METAMAN 8-64 WG;130
TV;15330;PINDARUS 25 WDG;321
TV;15333;;2.708,64
TV;15333;APPLAUD PLUS;5.849,86
TV;15340;;584
TV;15340;FEUDO 50 WP;1.210,00
TV;15342;FEUDO MZ WDG;21
TV;15343;FEUDO RD WP;13
TV;15344;FILAN WG;631
TV;15348;;2.899,00
TV;15348;RIDOMIL GOLD R LIQUIDO;11.291,00
TV;15349;ARES 430 SC;29
TV;15351;POWERSHUT;275
TV;15356;;846
TV;15356;AVIATOR;15
TV;15356;AVIATOR SC;10
TV;15356;SPHINX SC;8.394,00
TV;15358;ZOLFO FLOW MCT;3.280,00
TV;15359;VITIL 8-64 WG;10
TV;15361;;2,25
TV;15361;LIETO;118,7
TV;15363;MEDEIRO 80 WG ADVANCE;7.015,00
TV;15364;DESIGN WG;13
TV;15365;RAME ZOLFO FLOW MCT;202
TV;15370;FURY GEO;1.220,00
TV;15371;;1.548,00
TV;15371;BELEM PROTEZIONE;60
TV;15378;TRAXOS PRONTO 60;11
TV;15379;;6,75
TV;15379;AXIAL PRONTO 60;155,5
TV;15384;;10
TV;15384;LUNA EXPERIENCE;25
TV;15388;MEXIL ORO R WG;1.885,00
TV;15389;FLARE GOLD R WG;7.580,00
TV;15391;KOLEOS 69 WG;3
TV;15392;;550
TV;15392;QUANTUM MZ WDG;170
TV;15395;ATHADO 40 SC;589
TV;15401;;354
TV;15401;TAIFUN MK CL;28.256,00
TV;15401;TAIFUN MK CL ERBICIDA SISTEMICO;30
TV;15401;TAIFUN MK CL LT 20;580
TV;15401;TAIFUN MK CL LT 5;800
TV;15402;DELTASAP;37
TV;15404;MIDO;8
TV;15405;SHAMAL MK PLUS;13
TV;15405;SHAMAL MK PLUS CL;8.064,00
TV;15407;;18
TV;15419;;1.050,00
TV;15419;ELECTIS R FLOW;4.439,00
TV;15423;;65
TV;15423;FORUM TEAM;534
TV;15427;RIFOS 550 EC;74
TV;15428;WINNER OD;16
TV;15433;ATLAS;24
TV;15448;;166
TV;15448;REBEL TOP;427,5
TV;15449;;245
TV;15449;CIDELY;1.865,00
TV;15451;;424
TV;15451;ELIOS WG TOP;507
TV;15488;IRAZU TOP;73
TV;15493;SIMUN 40 OD;847
TV;15498;ARPEL DUO;13
TV;15499;;19,5
TV;15499;SONG 70 WDG;583,5
TV;15505;SILBOT 500 SC;34
TV;15507;;220
TV;15507;CREW SUPERB;39
TV;15509;MOSAIKO COMBI;49
TV;15513;OSSICLOR 35 WG GREEN;646
TV;15514;CUPRAVIT BLU 35 WG;1.059,80
TV;15515;POLTIGLIA 20 PB GREEN;75
TV;15524;INTERCEPT;410
TV;15532;TOBAGO 200 SL;0,05
TV;15533;CRUZADO-R;14
TV;15537;DELTAGRI;218
TV;15543;LUMACHICIDA FER;52,5
TV;15546;BIATHLON 4D;124
TV;15549;PROLECTUS 50 WG;71
TV;15553;;3
TV;15553;REGALIS PLUS;25,5
TV;15566;VISION PLUS;30
TV;15569;LOOP 40;70
TV;15570;TYLAL WG;88
TV;15571;METSY;0,06
TV;15572;ZOMINEX;2
TV;15573;;9
TV;15573;PROMESS SL;19
TV;15574;KARMA 85;530
TV;15580;ESTUDER;772
TV;15581;BARKAN;44
TV;15583;PIRAT;9
TV;15591;;538
TV;15591;PREVIN TOP;40
TV;15591;PREVINT TOP;23.543,00
TV;15596;;10
TV;15596;LASCAR;24
TV;15603;ERBIFEN K;100
TV;15608;VERSAR;12
TV;15618;FULLDINA 355 SC;7
TV;15621;BOTTO 50 EC;315,25
TV;15622;CURZATE R WG BIANCO;89
TV;15623;COSMOS 550 EC;244
TV;15625;TERMINUS SC;1
TV;15626;ORBIT 440 EC;89
TV;15627;PAPYRUS 400 SC;245
TV;15629;BADGER 45% WG;58,5
TV;15630;PALMAS 45% WG;481
TV;15640;PROLINE STAR;130
TV;15641;SIATTOL 200 SL;16,25
TV;15642;HYDRA PLUS;1.274,00
TV;15646;VIVER 250 EC;21
TV;15650;TB 25 WG;8
TV;15652;VAREN;14
TV;15654;ACCORD;47
TV;15661;SENEGO;19,5
TV;15663;CUPRAVIT 35 WG;12
TV;15666;TURNER COMBI;525
TV;15668;;21,25
TV;15668;GHIBLI 240 OD;280,5
TV;15678;CABRIO OLIVO WG;3
TV;15681;LUMADRY ESCA;317
TV;15682;METHOMEX;30
TV;15687;MICLOCUR;716
TV;15690;ALIAL RAMATO;805
TV;15711;ALSYSTIN;2
TV;15713;;20,8
TV;15713;DIABLO SC;144,8
TV;15722;;435
TV;15722;ARMICARB 85;628
TV;15725;DUAXO;96,75
TV;15741;AVADEX FACTOR;1
TV;15741;AVADEX FACTOR COMBI (AVADEX FACTOR);30
TV;15743;;2.650,00
TV;15751;VITENE TRIPLO R;556
TV;15758;QUILT XCEL;34
TV;15759;DECIS TRAP;2,18
TV;15779;ABANTO;3,38
TV;15780;OSSICLOR 50 PB GREEN;900
TV;15793;FUTURECO NOFLY WP;0,5
TV;15817;;31
TV;15831;VACCIPLANT;38
TV;15834;TRACER 120;3
TV;15839;MAXCEL 2SL;48
TV;15842;;3
TV;15844;;170
TV;15844;SLOGAN TOP;7.133,00
TV;15845;;1
TV;15845;ARAGON;70
TV;15857;;20
TV;15857;R6 ERRESEI PASADOBLE;5.051,00
TV;15858;;2
TV;15858;FUNGUSCLEAR ULTRA;1,4
TV;15858;FUNGUSCLEAR ULTRA ML 200;0,4
TV;15859;KATANGA EXPRESS;189
TV;15863;BALENO FLASH;34
TV;15864;MONDARE PIU';16
TV;15877;CONSENTO;2
TV;15886;;5
TV;15893;GIAGUAR SL;2
TV;15894;DUOKAR 20 EW;246,5
TV;15899;SILICOSEC;15
TV;15900;;3.490,00
TV;15900;TRIKA EXPERT;10.031,50
TV;15901;;4.976,00
TV;15901;ERCOLE;29.549,00
TV;15901;ERCOLE KG 10;4.960,00
TV;15907;;1.510,00
TV;15907;PRESIDIUM ONE;6.516,80
TV;15910;KARAKAS;3
TV;15911;;57
TV;15911;SPIROX;2.967,00
TV;15912;CUPRO ISAGRO WG;1.202,00
TV;15913;BORDO ISAGRO WG BLU;296
TV;15914;;76
TV;15914;RAME ISAGRO WG BLU;1.380,00
TV;15917;ZENITH GOLD;4,8
TV;15922;KLARTAN PRONTO USO;20,25
TV;15923;ERBIKUS 400 SC;36
TV;15924;RUSTLER;19
TV;15926;MOJANG 600;10
TV;15927;MOJANG T;100
TV;15931;GLORIAL JET;28
TV;15932;AXIENDO CONCENTRATO;38,6
TV;15933;AXIENDO PRONTO USO;39
TV;15948;MULIGAN;104
TV;15949;PROMEX;199
TV;15961;RETENGO NEW;256
TV;15962;LECTRA MZ WG;8.890,00
TV;15996;;266
TV;15996;PATRIOT DRY;1.043,00
TV;16000;MINUET GR;241,5
TV;16010;;15,5
TV;16010;ACRUX 10 WP;23
TV;16012;SEPRABAIT;23
TV;16013;SEPRA-LIM;6
TV;16030;;251
TV;16030;CONTENDER WG;401
TV;16031;LUNA DEVOTION;48
TV;16032;RADAR 10 EC;28
TV;16033;HEREU SC;341
TV;16034;DOURO 100 EC;1.077,00
TV;16037;MOJANG TX;1.305,00
TV;16042;TOSCANA;0,45
TV;16051;;10
TV;16051;LENNS;586,7
TV;16054;SINSTAR;456
TV;16063;;4,29
TV;16063;ARIGO;64,48
TV;16068;;6.243,00
TV;16068;FOLDER 80 WG;1.944,00
TV;16071;;14,75
TV;16071;MESOZIN 70 WG;1.472,50
TV;16071;MESOZIN 70 WG GR.250;1,25
TV;16074;GLORIAL 25 EC;100
TV;16075;AGHERUD M;17
TV;16083;STIKER FLOW;87,9
TV;16084;;9,5
TV;16084;BREVIS;5
TV;16086;;20
TV;16098;NIBER 70 DF;428,75
TV;16098;NIBER 70 DF GR.250;2,25
TV;16098;NIBER 70 DF x 250GR;27,24
TV;16099;SINIS 70 DF;10
TV;16104;;1.118,00
TV;16104;ELECTIS TRIO WDG;5.789,00
TV;16104;ELECTIS TRIO WDG KG 4;12
TV;16110;CABRIO OLIVO;16
TV;16114;;108
TV;16114;SIMITAR   EVO;4.608,00
TV;16117;SERBY;38,4
TV;16124;JUVINAL ECHO PLUS;10
TV;16126;;6,6
TV;16126;FLANCO SC;22,5
TV;16130;;42
TV;16130;PAPYRUS;58
TV;16136;LUMA-GOLD;22,75
TV;16137;;25
TV;16137;OSIRIS;90
TV;16139;;2
TV;16149;BABEL;50
TV;16161;;3.827,00
TV;16161;CENTURY SL;46.555,00
TV;16166;POKER MAX;1.177,50
TV;16167;MARACANA;8
TV;16168;MARKER T;1.005,00
TV;16171;HADDEN;0,8
TV;16172;CAL-EX 1,9 EW;637
TV;16178;FOLIANE 80 WG;32.300,00
TV;16182;CLICK PRO;1.167,00
TV;16187;QUBIC R PRO;500
TV;16188;MEDIATOR PLUS;45,8
TV;16188;MEDIATOR PLUS INS. PROTECT GARDEN;4
TV;16188;MEDIATOR PLUS ML 250;0,75
TV;16191;;8
TV;16191;TRIMAXX;33
TV;16194;;596
TV;16194;ETRAVON PRO;794
TV;16198;EVORAM 15;6.970,00
TV;16205;;550
TV;16205;IDROX 20;10.281,00
TV;16206;MARKER 600;20
TV;16207;PIVAK 1,9 EW;155
TV;16210;;4.401,00
TV;16210;ZETARAM HI TECH;3.038,00
TV;16213;UNICORN PLUS DF;1.710,00
TV;16221;;6
TV;16221;MADEX TOP;7,9
TV;16223;CUSTOM;14
TV;16225;POLTIGLIA BLU 20 WG;27
TV;16227;;2.050,00
TV;16227;FOLPAN COMBI;8.012,00
TV;16229;RAM CYM 44 WG;244
TV;16230;;3
TV;16230;RUFAST NOVA;1
TV;16231;ACHILLES 100 CS;0,75
TV;16243;POLYSECT ULTRA AL;37
TV;16259;LABEL 70 DF;53,5
TV;16259;LABEL 70 DF GR.250;0,75
TV;16260;WELTER MZ WG;30
TV;16261;BELOUKHA;240
TV;16282;;677
TV;16282;DIMIX;446
TV;16283;;1.100,00
TV;16283;QUANTUM R. OK;30
TV;16283;QUANTUM R-OK;1.840,50
TV;16288;;295,75
TV;16288;AMPEXIO;2.128,00
TV;16293;;6
TV;16293;PACLOT NEW;25
TV;16297;SUPPORT 100 EC;35
TV;16299;PASSAT SL;3.053,00
TV;16305;BONZI;114
TV;16325;;2.815,47
TV;16325;EPIK SL;10.587,98
TV;16325;EPIK SL ML 100;10
TV;16325;EPIK SL ML 250;8
TV;16335;;8.492,00
TV;16335;LIETO SC;20.601,00
TV;16363;;45,7
TV;16363;SIRTAKI;475,6
TV;16364;;547
TV;16364;BISMARK;4.806,00
TV;16364;BISMARK LT 10;40
TV;16364;BISMARK LT 5;145
TV;16379;;166
TV;16379;PREV-AM PLUS;1.819,00
TV;16394;VITIPEC R WDG;1.000,00
TV;16395;;4
TV;16395;MOHICAN 500 SC;322
TV;16396;TEMSA 100;111
TV;16402;ENVIROMITE FL;2
TV;16416;FENOTRIX 300 SC;603
TV;16417;ADMIRAL ECHO PLUS;9
TV;16434;OLIOCIN NATRIA;2
TV;16437;"ACANTO P&egrave;LUS";120
TV;16437;ACANTO PLUS;25
TV;16437;ACANTO PLUS LT 5;15
TV;16438;VELUM PRIME;15
TV;16443;;232
TV;16443;DOPPLER;36
TV;16444;DIXIE MAIS;914,4
TV;16459;;662,5
TV;16459;SOLEIL 50 WG;4.428,00
TV;16460;VELIERO 500 EC;1.279,00
TV;16462;R6 ERRESEI ALBIS ORTO;10
TV;16465;;0,68
TV;16465;HARASS;3,69
TV;16480;;524
TV;16480;3LOGY;1.720,25
TV;16483;TEMIDE 50 WG;638,5
TV;16484;CIRCUIT ACCESS 36 CS;244
TV;16485;ROMULAN;1
TV;16494;GULP MAX;31
TV;16495;FLINT ORTO;2,55
TV;16497;DECIS PROTECT EW;214,5
TV;16498;;37
TV;16498;CETUS 360 CS;10
TV;16503;BINARY T;60
TV;16527;;11
TV;16528;GHIBLI 40 OD;139
TV;16536;;10
TV;16542;;45
TV;16542;LAOTTA;12
TV;16543;RAIDER HI BIO;30
TV;16545;;1.500,00
TV;16545;COPRANTOL HI BIO 2.0;3.895,00
TV;16549;TIOGEL WG;3.990,00
TV;16562;;2.270,00
TV;16562;DELAN PRO;23.740,00
TV;16566;KUPPER 20 WG;332
TV;16567;TRICOPPERLAND;1.520,00
TV;16570;SENCOR 600 SC;3
TV;16571;COPPER COMBI WG;54,5
TV;16578;MELODY COMPACT WG;623,25
TV;16584;;24
TV;16654;POLYVERSUM;16,2
TV;16703;SPADA 50 WG;10
TV;16737;ZELIG GR 50;3.066,00
TV;16741;SOLVIT;13
TV;16774;ISOMATE C LR MAX TT;53
TV;16781;;349
TV;16781;CYMBAL 35 WG;10
TV;16787;;339
TV;16787;CLINIC ST;2.527,00
TV;16794;SILGLIF ST;800
TV;16799;;420
TV;16820;;1.434,00
TV;16830;FANDANGO 360 TF;780
TV;16833;;16.972,00
TV;16833;PANTOX 360 SUPER;4.269,00
TV;16836;STALLION IT SYNC;1.680,00
TV;16867;GLISTER STAR;65
TV;16922;ABINE;47
TV;16942;AZUL 75 WG;13.725,00
TV;16976;;170
TV;16986;AF-X1 2017;2.087,50
TV;16986;AF-X1 AGENTE BIOCONTROLLO;100
TV;17001;EXIREL 2017;18
VE;13;;8.980,00
VE;13;THIOPRON;3.982,00
VE;13;THIOPRON *10Lt;70
VE;13;THIOPRON DA LT 10;90
VE;13;THIOPRON x 10 lt;4.590,00
VE;13;THIOPRON x 1000 lt;5.000,00
VE;17;;67
VE;17;U 46 COMBI FLUID;46
VE;17;U 46 COMBI FLUID x 1 lt;40
VE;189;;25
VE;189;MICOZEB 75 WDG;80
VE;206;ALBENE;148
VE;206;ALBENE x 1 lt;6
VE;206;ALBENE x 25 lt;450
VE;449;;75
VE;449;MOCAP;210
VE;449;MOCAP x 15 kg;165
VE;565;FUMATHANE 510   DA LT. 1000;3.000,00
VE;565;FUMATHANE 510 Conf. LT. 210;3.780,00
VE;599;;72
VE;599;ACUPRICO 76 WG;9
VE;599;ACUPRICO 76WG KG.5 /T+N;10
VE;619;VALGRAN;3
VE;630;;426
VE;630;DISERBANTE REGLONE W;10
VE;630;REGLONE W;355
VE;630;REGLONE W    LT 1;43
VE;630;REGLONE W DA LT. 1;12
VE;630;REGLONE W LT 5;85
VE;630;REGLONE W x 1 lt;12
VE;630;REGLONE W x 5 lt;20
VE;747;ZOLFO SPRUZZABILE;850
VE;779;TRIMANOC 80 WP;11
VE;886;SENCOR WG;2
VE;886;SENCOR WG    DA KG 0,500;12
VE;886;SENCOR x 0,5 kg;2
VE;909;;645
VE;909;POLIS. CALCIO POLISENIO x 25 kg;25
VE;954;;10
VE;1155;;75
VE;1156;;659
VE;1156;CHEMOL;1.307,95
VE;1156;CHEMOL *1Lt;67
VE;1156;CHEMOL LT. 1;21
VE;1156;CHEMOL x 25 lt;1.225,00
VE;1156;OLIO BIANCO LT25 CHEMOL;100
VE;1544;;3
VE;1562;ERBITOX E 30 x 1 lt;374
VE;1573;;460
VE;1573;BASAMID GR. KG;1.040,00
VE;1573;BASAMID GRAN. KG 20;3.020,00
VE;1573;BASAMID GRANULAT;2.240,00
VE;1573;BASAMID x 20 kg;1.480,00
VE;1583;;15.594,00
VE;1583;MICROTHIOL DISPERSS;8.206,00
VE;1583;MICROTHIOL DISPERSS x 1 kg;82
VE;1583;MICROTHIOL DISPERSS x 15 kg;1.875,00
VE;1583;MICROTHIOL DISPERSS x 25 kg;225
VE;1714;;253
VE;1714;DISERBANTE KERB 80EDF KG 1;5
VE;1714;KERB 80 EDF;123
VE;1714;KERB 80 EDF   KG 1  granuli id;595
VE;1714;KERB 80 EDF DA KG 1;133
VE;1714;KERB 80 EDF DA KG. 1;40
VE;1714;KERB 80 EDF KG 1;2
VE;1714;KERB 80 EDF x 1 kg;409
VE;1823;ZOLFO 80 MICRONIZZATO;10
VE;1850;IDRORAME FLOW;230,25
VE;1850;IDRORAME FLOW ML. 250;2
VE;1850;KOL IDRORAME FLOW ML.250;16,5
VE;2191;;378
VE;2191;WETTING PLUS;289
VE;2191;WETTING PLUS DA LT 4;144
VE;2191;WETTING PLUS LT 1;9
VE;2191;WETTING PLUS x 1 lt;9
VE;2249;MALERBANE PRATI 400;4
VE;2259;PASTA LUMACHICIDA IN GRANI;78,3
VE;2259;PASTA LUMACHICIDA IN GRANI DA GR.50;29,5
VE;2260;;30
VE;2260;GASTROTOX E;8
VE;2260;GASTROTOX E DA KG 1;2
VE;2272;;26,5
VE;2272;SILLIM;112
VE;2307;;175
VE;2307;VECTOR;301
VE;2307;VECTOR ADESIVO LT 1;6
VE;2307;VECTOR x 1 lt;484
VE;2307;VECTOR x 20 lt;380
VE;2307;VECTOR x 5 lt;1.015,00
VE;2340;;7
VE;2353;;64
VE;2353;BONALAN;82
VE;2353;BONALAN  erbicida  LT 1;371
VE;2353;BONALAN DA LT 1;224
VE;2353;BONALAN LT. 1;86
VE;2353;BONALAN LT. 5 -2353-;45
VE;2353;BONALAN x 1 lt;285
VE;2353;KERBON LT.3 Bonalan Twin Pack;78
VE;2518;;7,8
VE;2518;ACTELLIC 2P;104,6
VE;2518;ACTELLIC GR. 200 ZAPI;1,8
VE;2520;;24
VE;2634;;355
VE;2732;;1.569,00
VE;2732;GOLTIX;1.226,00
VE;2732;GOLTIX 70 WG *1Kg;15
VE;2732;GOLTIX x 1 kg (70%);399
VE;2732;GOLTIX x 5 kg (70%);1.705,00
VE;2923;;20.279,00
VE;2923;TIOVIT JET;15.271,00
VE;2923;TIOVIT JET *10KG;510
VE;2923;TIOVIT JET *1KG;144
VE;2923;TIOVIT JET *25KG;200
VE;2923;TIOVIT JET DA KG 1;63
VE;2923;TIOVIT JET DA KG 25;850
VE;2923;TIOVIT JET KG  1;31
VE;2923;TIOVIT JET KG 10;20
VE;2923;TIOVIT JET x 10 kg;300
VE;2923;TIOVIT JET x 25 kg;625
VE;2923;ZOLFO TIOVIT JET KG 1;253
VE;2934;;1,5
VE;2934;MICROSOL 90;203,3
VE;2934;ZOLFO MICROSOL 90 GR 100;0,7
VE;2995;;416
VE;2995;ESCARTOX;1.082,50
VE;2995;ESCARTOX LUMACHIC. KG 1 ZAPI;50
VE;2995;ESCARTOX LUMACHIC. ZAPI KG5;40
VE;2995;ESCARTOX LUMACHIC.ZAPI GR 500;7
VE;2995;LUMACHICIDA  ESCARTOX 1 KG;36
VE;2995;ZAPI LUMACHICIDA ORTO ESCARTOX KG 1;26
VE;3065;;571
VE;3065;BAYER OLIOCIN LT 1;24
VE;3065;OLIOCIN;797,25
VE;3065;OLIOCIN EW80 ML.500;20
VE;3065;OLIOCIN LT 1;10
VE;3065;OLIOCIN LT. 1;294
VE;3065;OLIOCIN ML 100;2,1
VE;3082;OLEOTER ESTATE;165
VE;3102;;505,5
VE;3102;OLEOTER;348,25
VE;3102;OLEOTER DA LT 5;210
VE;3102;OLEOTER LT 1;128
VE;3102;OLEOTER LT 25;100
VE;3102;OLEOTER LT 5;600
VE;3102;OLEOTER LT. 1;36
VE;3102;OLEOTER ML 500;10,5
VE;3102;OLEOTER OLIO BIANCO DA 500 ML;8,5
VE;3102;OLEOTER TANICA LT 25;250
VE;3132;;15,5
VE;3132;OLIO BIANCO ML 500  SEPR-OIL;34,5
VE;3132;SEPR-OIL;977,75
VE;3132;SEPR-OIL  OLIO BIANCO LT 1;17
VE;3163;U 46 M STAR;3
VE;3219;CARAKOL AGRO;969,5
VE;3219;CARAKOL AGRO 1 KG;33
VE;3219;CARAKOL AGRO KG. 1;100
VE;3219;KOL CARAKOL AGRO KG.1;372
VE;3219;LUMACHICIDA CARAKOL AGRO;82
VE;3343;;38
VE;3343;U 46 M CLASS x 1 lt;46
VE;3343;U46 M CLASS;77
VE;3343;U46 M CLASS  LT 1;96
VE;3343;U46 M-CLASS *1Lt;6
VE;3397;ROGOR x 1;3
VE;3411;AMADENE x 5 lt;49
VE;3412;;63
VE;3412;SYLLIT 65;13
VE;3468;DACOL L 40 ST;26
VE;3503;AGRUMIN;136,9
VE;3519;;6
VE;3519;METAMBANE;24
VE;3519;METAMBANE x 1 lt;4
VE;3553;CURZATE (20WP) DA KG 1;2
VE;3555;;201
VE;3640;;3.790,00
VE;3640;CUPROSTAR;6
VE;3640;CUPROSTAR   LT 10;150
VE;3640;CUPROSTAR LT  1;57
VE;3658;OLIO BIANCO SIPCAMOIL LT 25;25
VE;3658;OLIO BIANCO SIPCAMOL E 250;0,75
VE;3658;SIPCAMOL E;117,75
VE;3658;SIPCAMOL F LT. 1;31
VE;3754;;369
VE;3754;BAGNANTE SARIAF;327
VE;3754;BAGNANTE SARIAF *1Lt;2
VE;3754;BAGNANTE SARIAF DA LT. 5;205
VE;3754;BAGNANTE SARIAF DA LT.1;161
VE;3767;;589
VE;3767;DISERBANTE FENOXILENE MAX 1L;133
VE;3767;FENOXILENE 200;182
VE;3767;FENOXILENE MAX;12
VE;3767;FENOXILENE MAX *1Lt;2
VE;3771;ROVRAL WG;5
VE;3771;ROVRAL WG x 1 kg;23
VE;3779;VAPAM LIQ FUSTINO LT 50;150
VE;3793;DITHANE M-45;100
VE;3800;CRITTAM WG x 1 kg;65
VE;3800;CRITTAM WG x 20 kg;80
VE;3800;CRITTAM WG x 5 kg;20
VE;3859;DURSBAN;109
VE;3861;ROTIOFEN GOLD x 1 lt;6
VE;4012;;616
VE;4012;RELDAN 22;166,16
VE;4012;RELDAN 22 *1 Lt.;13
VE;4012;RELDAN 22 *Xn*;0,25
VE;4012;RELDAN 22 ML 250;10,5
VE;4012;RELDAN 22 x 0,250 lt;20,5
VE;4012;RELDAN 22 x 1 lt;13
VE;4199;;8.890,00
VE;4199;PENNCOZEB DG;5.598,00
VE;4199;PENNCOZEB DG DA KG 20;280
VE;4199;PENNCOZEB DG x 1 kg;12
VE;4199;PENNCOZEB DG x 10 kg;120
VE;4199;PENNCOZEB DG x 20 kg;380
VE;4228;ROGOR 400 ST x 1 lt;133
VE;4228;ROGOR L 20 DA LT 1;1
VE;4326;;8
VE;4326;ROGOR L40 ST DA LT.1;3
VE;4426;;1
VE;4426;DECIS *1Lt;1
VE;4426;DECIS *5Lt;15
VE;4552;;3.250,00
VE;4552;DITHANE DG KG. 1;9
VE;4552;DITHANE DG NEOTEC;2.015,00
VE;4552;DITHANE DG NEOTEC *1kg;9
VE;4552;DITHANE NEOTEC DG KG  1;390
VE;4710;;260
VE;4710;ALIETTE;127,4
VE;4710;ALIETTE  microgranuli  kg 1;10
VE;4710;ALIETTE 150 GR;1,8
VE;4710;ALIETTE 150GR;0,3
VE;4710;ALIETTE GR 150;1,05
VE;4710;ALIETTE GR. 150;0,45
VE;4710;ALIETTE WG80 GR. 250;3,5
VE;4710;ALIETTE x 1 kg;2
VE;4710;BAYER ALIETTE 250 GR;2
VE;4833;FANDANGO 360 SL;260
VE;4896;;1,4
VE;4896;CIFO RIGENAL P GR 100;1,2
VE;4896;RIGENAL P;1,9
VE;5152;TIOSPOR WG;363
VE;5152;TIOSPOR WG 1 KG;5
VE;5152;TIOSPOR WG DA KG.1;32
VE;5152;TIOSPOR WG KG. 1;10
VE;5152;TIOSPOR WG x 20 kg;820
VE;5228;CARAKOL;144,5
VE;5228;CARAKOL 1 KG;40
VE;5228;CARAKOL 500 GR;8
VE;5299;MIBIOL;338
VE;5299;ZAPI MIBIOL COCCINIGLIA INV. 1 LT.;18
VE;5414;;0,8
VE;5414;RADICANTE POLVERE GR. 100;2,1
VE;5414;RADICANTE POLVERE TALEE LEGNOSE;1,1
VE;5414;RADICANTE POLVERE TALEE LEGNOSE 100;0,1
VE;5467;METADENE;434,5
VE;5467;METADENE DA KG. 1;61
VE;5494;GIBRELIN;0,1
VE;5509;;1
VE;5574;;100
VE;5574;LUMACHICIDA LUMAKIDIN 5G *1KG;171
VE;5574;LUMACHICIDA LUMAKIDIN 5G *5KG;4
VE;5574;LUMAKIDIN 5G;629
VE;5574;LUMAKIDIN 5G DA KG 1 - FORMULA;27
VE;5574;LUMAKIDIN 5G DA KG.1;48
VE;5574;LUMAKIDIN 5G KG 1;231
VE;5581;GIBBERELLINA CIFO;0,4
VE;5755;;1,5
VE;5755;TILT 25 EC;1,5
VE;5755;TILT 25 EC x 0,5 lt;1
VE;5796;GARLON;100
VE;6001;BETAFIL FL;52
VE;6277;VYDATE 5 G DA KG 10;110
VE;6277;VYDATE 5G x 10 kg;50
VE;6321;;1
VE;6321;66 F;3
VE;6321;STIMOLANTE 66F;18
VE;6322;;79
VE;6322;OBSTHORMON 24A;13
VE;6322;OBSTORMON 24 A x 1 lt;3,1
VE;6324;MAXCEL;8
VE;6324;MAXCEL  LT2;8
VE;6324;MAXCEL 2 SL x 2 lt;2
VE;6324;MAXCEL LT. 2  -6324-;2
VE;6401;;267
VE;6401;MONDAK 21 S;53
VE;6401;MONDAK 21S *1Lt;2
VE;6437;;60
VE;6437;ETHREL;6
VE;6437;ETHREL DA LT 1;1
VE;6438;;20
VE;6445;FASTAC 10 SC x 0,25 lt;1
VE;6505;NOKAD;77
VE;6555;K-OBIOL ULV6;595
VE;6556;;15
VE;6556;K-OBIOL DP2;243
VE;6556;K-OBIOL DP2 KG 1;563
VE;6556;K-OBIOL DP2 KG. 1;5
VE;6556;K-OBIOL DP2 x 1 kg;113
VE;6557;;50
VE;6557;K-OBIOL EC 25;2
VE;6557;K-OBIOL EC 25 x 1 lt;3
VE;6674;;1.205,00
VE;6674;AFALON  DS;269
VE;6674;AFALON DS;790
VE;6674;AFALON DS DA LT 1;46
VE;6674;AFALON DS DA LT. 1;38
VE;6674;AFALON DS x 1 lt;640
VE;6674;DISERBANTE AFALON DS LT1;34
VE;6704;TIOLENE 80 WG;2.884,00
VE;6751;;223,5
VE;6751;RASEN FLORANID;6
VE;6766;;3
VE;6766;BUTISAN LT 1;6
VE;6766;BUTISAN S;17
VE;6766;BUTISAN S x 1 lt;1
VE;6834;TEPETA COMBI;150
VE;6945;;25,25
VE;6945;TOPAS 10 EC;8,55
VE;6945;TOPAS 10 EC *250cc;2,5
VE;6945;TOPAS 10 EC 20X250ML;1
VE;6945;TOPAS 10 EC DA LT 1;1
VE;6945;TOPAS 10 EC ml 250;0,5
VE;6945;TOPAS 10 EC x 0,25 lt;24
VE;6945;TOPAS 10 EC x 1 lt;32
VE;6947;;3
VE;6947;TOPAS COMBY KG. 1;9
VE;6956;;4.481,00
VE;6956;DISERBANTE TARGA FLO LT1;359
VE;6956;TARGA FLO;3.581,00
VE;6956;TARGA FLO *1Lt;24
VE;6956;TARGA FLO *5Lt;20
VE;6956;TARGA FLO LT5;715
VE;6956;TARGA FLO x 1 lt;5
VE;6956;TARGA FLO x Lt 1;455
VE;6978;;1.245,00
VE;6978;BETTER 400;820
VE;6978;BETTER 400  LT 5 diserbante;20
VE;6978;BETTER 400 *5Lt;10
VE;6978;BETTER 400 x 5 lt;415
VE;7020;;1.584,00
VE;7020;BAGNANTE CIFO;298
VE;7020;BAGNANTE CIFO LT.1;13
VE;7053;;36
VE;7053;PASTA CAFFARO  NON C.  LT 3,50;56
VE;7053;PASTA CAFFARO NC;106
VE;7053;PASTA CAFFARO NC DA LT. 1;35
VE;7055;;113
VE;7055;PASTA CAFFARO BLU;338,5
VE;7055;PASTA CAFFARO BLU  LT 10;130
VE;7055;PASTA CAFFARO BLU DA LT. 1;103
VE;7055;PASTA CAFFARO BLU DA LT. 3,5;3,5
VE;7055;PASTA CAFFARO BLU LT.3,5;3,5
VE;7368;;13
VE;7368;TURFENE L;23
VE;7368;TURFENE L LT. 1;27
VE;7368;TURFENE L x 1 lt;5
VE;7369;;25,6
VE;7369;BAYER SYLLIT FLO 250 ML;2
VE;7369;SYLLIT FLO;54,25
VE;7369;SYLLIT flo *250ml;5,75
VE;7369;SYLLIT FLO 200 ML;2,2
VE;7369;SYLLIT FLO ML 20;0,32
VE;7369;SYLLIT FLO ML 250;4,25
VE;7369;SYLLIT FLO ML. 200;5
VE;7369;SYLLIT FLO ML. 250;3
VE;7369;SYLLIT FLOW ML 250 fungicida;2,25
VE;7379;;117
VE;7379;VENZAR;87,5
VE;7379;VENZAR GR. 500 -07379-;0,5
VE;7379;VENZAR KG. 0,5;16,5
VE;7379;VENZAR x 0,5 kg (Nuova Etich.);106
VE;7390;CHIPCO GREEN;2
VE;7401;POLTIGLIA CAFFARO 20 DF NEW;587
VE;7401;POLTIGLIA CAFFARO 20 DF NEW 1 KG;4
VE;7411;;0,5
VE;7411;DIRAGER;0,5
VE;7483;DEVRINOL F LT. 1;1
VE;7543;ERBITOX COMBI x 1 lt;27
VE;7555;;11,98
VE;7555;KLARTAN 20 EW;4,4
VE;7555;KLARTAN 20 EW  LT 1;5
VE;7555;KLARTAN 20 EW *50 ML.;0,35
VE;7555;KLARTAN 20 EW 10 ML;0,02
VE;7555;KLARTAN 20 EW DA ML 50;0,3
VE;7555;KLARTAN 20 EW x 1 lt;1
VE;7555;KLARTAN EW 50 ML;1,2
VE;7555;KOL KLARTAN 20 EW DA 10 ML;0,29
VE;7555;KOL KLARTAN 20EW ML.1 8F;0,04
VE;7555;KOL KLARTAN 20EW ML.100;7,4
VE;7555;KOL KLARTAN 20EW ML.50;4,1
VE;7565;KOL KLARTAN 20EW ML.100;0,1
VE;7608;DASKOR x 1 lt;97
VE;7611;;3.675,00
VE;7611;ENOVIT METIL FL;1.306,00
VE;7611;ENOVIT METIL FL *1Lt;22
VE;7611;ENOVIT METIL FL DA LT 1;20
VE;7611;ENOVIT METIL FL DA LT 5;70
VE;7611;ENOVIT METIL FL LT.1;12
VE;7611;ENOVIT METIL FL x 1 lt;230
VE;7611;ENOVIT METIL FL x 5 lt;405
VE;7700;;182
VE;7700;MATACAR FL;18
VE;7700;MATACAR FL 200 ML;40,8
VE;7700;MATACAR FL 24 SC  ML 200;2
VE;7700;MATACAR FL DA ML 200;2,6
VE;7700;MATACAR FL ml 200;12
VE;7700;MATACAR FL ML. 200;0,4
VE;7700;MATACAR FL x 0,2 lt;4
VE;7764;BAYER TIOLENE 500 ML;1
VE;7764;TIOLENE;39,3
VE;7864;;0,85
VE;7864;TAU AL 240 EW;1,56
VE;7864;TAU AL 240EW  ML10;0,13
VE;7876;;93
VE;7876;PIRIMOR 17,5 KG. 1;1
VE;7876;PIRIMOR 17,5 x 1 (n.reg.min. 7876);6
VE;7876;PIRIMOR 17,5 x 1 (n.reg.min.7876);15
VE;7889;;6
VE;7889;NURELLE D;51
VE;7916;;2.298,00
VE;7916;POLYRAM DF;2.159,00
VE;7916;POLYRAM DF *2Kg;48
VE;7916;POLYRAM DF DA KG. 2;6
VE;7916;POLYRAM DF DA KG.10;40
VE;7916;POLYRAM DF KG 10;35
VE;7916;POLYRAM DF x 2 kg (+ FORUM 50 WP);146
VE;7916;POLYRAM DF x 25 kg;700
VE;7919;;3.553,00
VE;7919;DISERBANTE TOUCHDOWN LT  1;1.262,00
VE;7919;DISERBANTE TOUCHDOWN LT  5;2.825,00
VE;7919;TOUCHDOWN;9.770,00
VE;7919;TOUCHDOWN *1LT;490
VE;7919;TOUCHDOWN *20LT;560
VE;7919;TOUCHDOWN *5LT;280
VE;7919;TOUCHDOWN DA LT 20;700
VE;7919;TOUCHDOWN DA LT.1;50
VE;7919;TOUCHDOWN DA LT.5;200
VE;7919;TOUCHDOWN x 20 lt;3.480,00
VE;7922;OPALENE;62
VE;7930;KERB FLO;1
VE;7930;KERBON  LT1,50 Kerb Twin Pack;39
VE;7957;;89
VE;7957;ROVRAL PLUS;22
VE;7957;ROVRAL PLUS  LT 1;65
VE;7957;ROVRAL PLUS DA LT. 1;46
VE;7957;ROVRAL PLUS x 1 lt;44
VE;7958;;97
VE;7958;RONSTAR FL;3
VE;7958;RONSTAR FL x 1 lt;10
VE;7958;RONSTAR FL x 5 lt;10
VE;7961;RIZOLEX  GOLD;3
VE;7961;RIZOLEX GOLD da KG.1;35
VE;7961;RIZOLEX GOLD x 1 kg;31
VE;7965;;0,5
VE;7984;;7
VE;7984;DISERBANTE STRATOS LT 1;1
VE;7984;STRATOS LT 1;2
VE;7984;STRATOS LT 5;20
VE;7998;PRIMISOL 80 WDG ZOLFO KG 1;15
VE;8001;AGRO-PYR;2,3
VE;8023;SUMIALFA ECHO;166
VE;8023;SUMIALFA ECHO 250 ML;0,5
VE;8023;SUMIALFA ECHO LT.1;13
VE;8023;SUMIALFA ECHO ML. 250;0,75
VE;8028;;293
VE;8028;CALARIS;102
VE;8028;CALARIS DA LT 1;260
VE;8028;CALARIS LT. 1;24
VE;8028;CALARIS x 1 lt;1.455,00
VE;8028;DISERBANTE CALARIS LT 1;68
VE;8054;METIS ECHO x 1 lt;5
VE;8102;;2.510,00
VE;8102;MERPAN 80 WDG;745
VE;8102;MERPAN 80 WDG x 1 kg;29
VE;8102;MERPAN 80 WDG x 5 kg;1.830,00
VE;8117;;3.465,00
VE;8117;BASTA 200;1.655,00
VE;8117;BASTA 200 DA LT 5;20
VE;8117;BASTA 200 LT. 5;20
VE;8117;BASTA 200 x 15 lt;525
VE;8117;BASTA 200 x 5;20
VE;8117;BASTA 200 x 5 lt;345
VE;8117;DISERBANTE BASTA 200 LT 5;75
VE;8129;BETOZON 65 DF;1
VE;8139;;3
VE;8139;MANTA GOLD x 3 lt;18
VE;8146;;119
VE;8146;DISERBANTE GALLERY LT 0,5;1
VE;8146;GALLERY;53
VE;8146;GALLERY x 0,5 lt;12,5
VE;8146;GALLERY x 5 lt;20
VE;8157;;13
VE;8159;;10
VE;8184;;2
VE;8184;CHALLENGE LT 1;12
VE;8184;CHALLENGE x 1 lt;16
VE;8184;CHALLENGE x 5 lt;15
VE;8189;;9.630,00
VE;8189;FORCE;7.150,00
VE;8189;FORCE DA KG 10;1.560,00
VE;8189;FORCE GRAN. KG 10;210
VE;8189;FORCE KG. 10;110
VE;8189;FORCE x 10;2.060,00
VE;8189;FORCE x 10 kg;5.420,00
VE;8201;GLISTER;266
VE;8207;;0,8
VE;8207;LONTREL 75 G;0,5
VE;8207;LONTREL 75 G gr 100;0,1
VE;8229;;2
VE;8229;AMBIENTA RAPAX  ML.50;0,1
VE;8229;RAPAX;26,15
VE;8229;RAPAX 50 ML;0,3
VE;8229;RAPAX x 1 lt;1
VE;8229;ZAPI RAPAX 50ML;0,2
VE;8259;KARATE XPRESS x 1 kg;8
VE;8284;;20
VE;8376;ARIANE II;38
VE;8376;ARIANE II  LT 1;1
VE;8376;ARIANE II DA LT. 1;6
VE;8376;ARIANE II x 1 lt;4
VE;8376;ARIANE II x 5 lt;20
VE;8382;;9,5
VE;8382;ROUNDUP BIOFLOW;247,5
VE;8382;ROUNDUP BIOFLOW 100 ML;1,1
VE;8382;ROUNDUP BIOFLOW 280 ML;1,68
VE;8382;ROUNDUP BIOFLOW 500 ML;6
VE;8429;GLYFOS SL;162
VE;8429;GLYFOS SL DA LT 20;20
VE;8429;GLYFOS SL DA LT 5 (REVOCATO);40
VE;8483;ETOSATE 500;12
VE;8498;;40,5
VE;8498;FOLICUR  WG KG 0,5;2,5
VE;8498;FOLICUR WG;218,5
VE;8498;FOLICUR WG *500gr;3,5
VE;8498;FOLICUR WG GR. 500;14,5
VE;8498;FOLICUR WG KG 0,500;2
VE;8498;FOLICUR WG x 0,5 kg;4,5
VE;8499;EFESTO;49
VE;8530;;1
VE;8542;;348
VE;8542;FORUM 50 WP;430,2
VE;8542;FORUM 50 WP 1,2 KG;1,2
VE;8542;FORUM 50 WP x 1,2 kg (+ POLYRAM DF);19,2
VE;8542;FORUM 50WP KG 1;44
VE;8558;PIRETRO VERDE;0,1
VE;8558;PIRETRO VERDE DA ML 500;2
VE;8601;;3.833,00
VE;8601;FOLPAN 80 WDG;956
VE;8601;FOLPAN 80 WDG *1Kg;2
VE;8601;FOLPAN 80 WDG KG.5 -8601-;5
VE;8601;FOLPAN 80 WDG x 1 kg;2
VE;8601;FOLPAN 80 WDG x 5 kg;100
VE;8617;BANVEL 480 S x 1 lt;126
VE;8646;;1
VE;8646;ACTIVUS EC;12
VE;8646;ACTIVUS EC x 1 lt;9
VE;8649;;167
VE;8656;GLIFENE HP;2
VE;8706;;17
VE;8706;AMID THIN W;3,5
VE;8706;AMID THIN W  500;1
VE;8712;;9
VE;8712;AF 96 x 1 lt;2
VE;8712;ALLEGANTE 4% AF 96;7
VE;8735;;292
VE;8735;TREBON UP;69,5
VE;8735;TREBON UP DA 500 ML;21,5
VE;8735;TREBON UP DA ML 500;1
VE;8735;TREBON UP LT 0,500 CLP;1,5
VE;8735;TREBON UP LT 05;3,5
VE;8735;TREBON UP x 0,5 lt (NUOVA ETICH.);118,5
VE;8742;;18
VE;8742;INDAR 5 EW DA LT. 1  -8742-;2
VE;8742;INDAR 5 EW x 1 lt;5
VE;8742;INDAR 5EW;13
VE;8743;;1
VE;8743;GREENEX;5,8
VE;8743;GREENEX ML. 100;0,7
VE;8793;;5
VE;8795;;1.964,50
VE;8795;VERTIMEC 1.9 EC ML 250;1,5
VE;8795;VERTIMEC EC;2.147,50
VE;8795;VERTIMEC EC  INS. ACAR. LT 1;6
VE;8795;VERTIMEC EC *1lt;33
VE;8795;VERTIMEC EC *5lt;70
VE;8795;VERTIMEC EC 20X250 ML;0,25
VE;8795;VERTIMEC EC DA LT 1;28
VE;8795;VERTIMEC EC DA LT 5;85
VE;8795;VERTIMEC EC LT. 1 -8795-;10
VE;8795;VERTIMEC EC x 0,25 lt;26
VE;8795;VERTIMEC EC x 1 lt;758
VE;8795;VERTIMEC EC x 5 lt;310
VE;8797;BINAL PRO;57
VE;8801;;388
VE;8801;SCORE 25 EC;215
VE;8801;SCORE 25 EC  LT 1;23
VE;8801;SCORE 25 EC LT. 1;8
VE;8801;SCORE 25 EC ML 250;2,75
VE;8801;SCORE 25 EC x 0,25 lt;4
VE;8801;SCORE 25 EC x 1 lt;5
VE;8801;SCORE 25EC *1 Lt.;16
VE;8801;SCORE 25EC *250 ml.;9,75
VE;8801;SCORE 25EC DA LT 1;7
VE;8837;;0,09
VE;8837;GERMON BEWURZELUNGSPUDER PER TALEE ;1,53
VE;8838;GERMON BEWURZELUNGSPUDER PER TALEE ;0,01
VE;8841;;38
VE;8841;CYREN 5 G;499,8
VE;8841;CYREN 7.5 G;30
VE;8843;NISSHIN;40
VE;8843;NISSHIN DA LT 1;87
VE;8843;NISSIHN 5 LT.;10
VE;8859;MASTIFF x 1 lt;7
VE;8859;MASTIFF x 20 lt;20
VE;8859;MASTIFF x 5 lt;1.040,00
VE;8882;;180
VE;8886;;96,24
VE;8886;SAFARI;31,36
VE;8886;SAFARI *120gr;0,72
VE;8886;SAFARI DA GR 120;5,76
VE;8886;SAFARI gr 120;6,36
VE;8886;SAFARI x 120 gr;13,8
VE;8933;;79
VE;8933;SOLEAS;10
VE;8934;;553,1
VE;8934;SCALA;184,9
VE;8934;SCALA LT 1;33
VE;8934;SCALA ML. 50;1,2
VE;8934;SCALA SC *50 ML.;0,1
VE;8934;SCALA x 1;12
VE;8934;SCALA x 1 lt (FUNGICIDA BASF);27
VE;8934;SCALA x 5 lt (FUNGICIDA BASF);15
VE;8937;;36
VE;8987;;43,28
VE;8987;CONFIDOR  200 SL LT 1;8
VE;8987;CONFIDOR 200 SL;132,91
VE;8987;CONFIDOR 200 SL   50 ML.;0,1
VE;8987;CONFIDOR 200 SL LT 1;7
VE;8987;CONFIDOR 200 SL LT. 1;1
VE;8987;CONFIDOR 200 SL ml 10;0,36
VE;8987;CONFIDOR 200 SL ML 250;15,25
VE;8987;CONFIDOR 200 SL ml 50;0,7
VE;8987;CONFIDOR 200 SL ML. 10;0,3
VE;8987;CONFIDOR 200 SL ML. 50;1,05
VE;8987;CONFIDOR 200 SL x 0,25 lt;0,5
VE;8987;CONFIDOR 200SL;0,65
VE;8987;CONFIDOR 200SL *10ml;0,08
VE;8987;CONFIDOR 200SL *250ml;4,75
VE;9005;;2.214,00
VE;9005;AGIL;4.031,00
VE;9005;AGIL *1LT;38
VE;9005;AGIL LT. 1;222
VE;9005;AGIL LT. 5;240
VE;9005;AGIL LT.1;77
VE;9010;RAMEZIN COMBI WG;601
VE;9012;;4.590,00
VE;9012;CUPROCAFFARO MICRO;1.468,00
VE;9036;;0,3
VE;9038;;2,85
VE;9038;OPINION;1,35
VE;9038;OPINION *50 ML.;0,45
VE;9038;OPINION 50 ml;0,15
VE;9038;OPINION ML.50;2,2
VE;9079;;5
VE;9086;POLTIGLIA BORDOLESE SCAM D.F.;10
VE;9114;;340
VE;9131;;16
VE;9131;KOL PYRINEX ME ML.100 INSETT.MICRO.;1
VE;9131;KOL PYRINEX ME ML.250 INSETT.MICRO.;6,75
VE;9131;PIRYNEX ME *1Lt;27
VE;9131;PYRINEX ME;476,3
VE;9131;PYRINEX ME ML 100;2,4
VE;9131;PYRINEX ME ML 250;5
VE;9131;PYRINEX ME x 1 lt;97
VE;9131;PYRINEX ME x 5 lt;195
VE;9148;;45
VE;9148;SYLLIT 355 SC;64
VE;9148;SYLLIT 355 SC DA LT.1;72
VE;9153;CYREN 44 EC x 1 lt;6
VE;9153;CYREN 44 EC x 10 lt;40
VE;9180;STROBY WG x 600 gr;2,4
VE;9195;TERB FLO;859
VE;9210;;89
VE;9210;QUADRIS;788
VE;9210;QUADRIS x 1 lt;96
VE;9244;;45
VE;9280;;3
VE;9286;;4
VE;9286;OHAYO;6
VE;9286;OHAYO x 1 lt;9
VE;9298;METHAM NA 51 TANICA LT 210;630
VE;9298;METHAM NA 51 x 210 lt;1.470,00
VE;9306;;6,25
VE;9306;PROPLANT x 1 lt;33
VE;9311;CUPROSS.IDRO 25WP KG1;21
VE;9322;;205
VE;9322;GOLTIX STAR *1KG;3
VE;9322;GOLTIX STAR x 5;60
VE;9332;;3,5
VE;9332;OPEN;3,5
VE;9332;OPEN *100gr;9,2
VE;9332;OPEN GR 500;1
VE;9339;;2.108,00
VE;9339;BETANAL EXPERT;1.134,00
VE;9339;BETANAL EXPERT *1lt;3
VE;9339;BETANAL EXPERT DA LT 5;110
VE;9339;BETANAL EXPERT LT 1;8
VE;9339;BETANAL EXPERT x 1 lt;6
VE;9342;DELTRIN;4
VE;9342;DETRIN ML 50;10,05
VE;9371;PEAK x 40 gr;0,04
VE;9373;;37
VE;9373;CHORUS;17
VE;9374;;14
VE;9374;MATCH TOP;5
VE;9374;MATCH TOP LT 1;2
VE;9374;MATCH TOP x 1 lt;13
VE;9399;MEDAL 25;3,58
VE;9399;MEDAL 25 ML50;0,3
VE;9411;RADIP ORMON;1,7
VE;9411;RADIP ORMON 100 GR;0,3
VE;9422;;828,25
VE;9422;DISERBANTE EVADE 250;1,75
VE;9422;ERBICIDA EVADE DA LT 1;4
VE;9422;EVADE;323,95
VE;9422;EVADE 100 ML;0,1
VE;9422;EVADE 500 ML;2,5
VE;9422;EVADE DA LT. 1;25
VE;9422;EVADE DISERBANTE *500ml;10
VE;9422;EVADE ERB. ERBUSTICIDA LT  1;10
VE;9422;EVADE LT. 5  -9422-;10
VE;9422;EVADE ml 250;1
VE;9422;EVADE ML. 250;2,75
VE;9422;EVADE x 0,25 lt;31
VE;9422;EVADE x 1 lt;170
VE;9422;ZAPI DISERBO EVADE 100 ML NR 9422;0,1
VE;9422;ZAPI DISERBO EVADE 500 ML NR 9422;0,5
VE;9443;;9,9
VE;9443;ENDOGERME;23,5
VE;9443;ENDOGERME 200 GR;0,6
VE;9443;ENDOGERME ANTIGERMOGL. GR200;1,8
VE;9443;ENDOGERME ANTIGERMOGLIO GR 500;2,5
VE;9443;ENDOGERME PATATE GR 200;1,4
VE;9443;KOL ENDOGERME GR.100;0,4
VE;9443;KOL ENDOGERME GR.500;3
VE;9449;EMERALD COMBI;153
VE;9463;;4
VE;9463;KLARO KIT;143,25
VE;9509;;15
VE;9509;PROMALIN NT x 0,5 lt;5
VE;9531;;43
VE;9531;SEQURA WG;20
VE;9575;;11
VE;9575;DRIBBLING 240 EC;4
VE;9578;;663,8
VE;9578;SWITCH;564,3
VE;9578;SWITCH   GR. 250;2,25
VE;9578;SWITCH  KG 1;91
VE;9578;SWITCH *1KG;11
VE;9578;SWITCH 10 DA KG 1;16
VE;9578;SWITCH DA 250 GR;1,25
VE;9578;SWITCH GR 250;2,5
VE;9578;SWITCH GR 300;1,5
VE;9578;SWITCH KG 1;18
VE;9578;SWITCH KG. 1;14
VE;9578;SWITCH x 0,25 kg;4,2
VE;9578;SWITCH x 1 kg;300
VE;9612;OSSICLOR 30 KG 1;40
VE;9631;METRIN EC;9
VE;9634;;38
VE;9634;CARNIVAL DA LT 1;1
VE;9634;CARNIVAL RIO;21
VE;9636;OSSIRAM COMBI x 1;3
VE;9655;;125
VE;9655;PRIMIAL WG;14
VE;9668;;17
VE;9668;RUFAST E-FLO;9,3
VE;9668;RUFAST E-FLO *10 ML.;0,04
VE;9668;RUFAST E-FLO 10 ML;0,08
VE;9668;RUFAST E-FLO ML. 250;4,5
VE;9668;RUFAST E-FLO ML50;0,38
VE;9668;RUFAST E-FLO x 1 lt;4
VE;9670;;10
VE;9675;PANTOX 360;1,25
VE;9678;;6.150,00
VE;9678;M70 DF;413
VE;9679;;91
VE;9679;KRISTAL 32 WG;4
VE;9693;;4
VE;9693;SPORTAK 45 EW;61
VE;9695;PERLAN;22,5
VE;9696;;6
VE;9705;;104,8
VE;9705;PREVITER;62,2
VE;9705;PREVITER *100 ML.;1,5
VE;9705;PREVITER 50 ML;0,1
VE;9705;PREVITER FUNGICIDINA MARCIUMI RADIC;24
VE;9705;PREVITER LT 0,5;6,75
VE;9705;PREVITER LT 1;2
VE;9705;PREVITER LT.1;15
VE;9705;PREVITER ML.100;1,1
VE;9723;DE-SPROUT N;340
VE;9723;DE-SPROUT N x 10 lt;130
VE;9724;TIOWETTING DF;63
VE;9724;TIOWETTING DF KG 1;40
VE;9726;GLIFOSAN;42
VE;9730;CUPROSS.IDRO 25WP BLU KG1;33
VE;9730;CUPROSSIL IDRO 25 WP BLU;44
VE;9744;;148
VE;9744;SCORE 10 WG;20
VE;9747;;2,45
VE;9747;FURY;71,19
VE;9747;FURY 10 ML;10
VE;9747;FURY 10ML;0,4
VE;9747;FURY 50 ML;10,45
VE;9747;FURY INSETTICIDA *10 ML;0,06
VE;9747;FURY LT. 1;37
VE;9757;;719
VE;9757;SPYRALE;368
VE;9757;SPYRALE x 1 lt;158
VE;9758;;57
VE;9758;COPRANTOL WG;527
VE;9758;COPRANTOL WG KG 10;224
VE;9767;;258
VE;9767;NUFOS 5 G;287
VE;9767;NUFOS 5 G DA KG. 1;1
VE;9767;NUFOS 7,5G DA KG.1 CLORPIRIFOS;23
VE;9787;MICROBAGNABILE 80WG 1KG;25
VE;9787;MICROBAGNABILE WG;601
VE;9790;CONTATTO 320;8
VE;9790;CONTATTO 320  ERBICIDA  LT 1;1
VE;9790;CONTATTO 320 x 1 lt;56
VE;9798;CLIOPHAR 100 x 1 lt;15
VE;9800;;62,6
VE;9800;MAVRIK 20 EW;28,95
VE;9800;MAVRIK 20 EW *25ml;0,1
VE;9800;MAVRIK 20 EW DA LT 1;8
VE;9800;MAVRIK 20 EW x 0,150 lt;5,25
VE;9800;MAVRIK 20 EW x 1 lt;45
VE;9802;;20
VE;9802;COPREN HI BIO;22
VE;9813;DICLOPYR;24
VE;9832;;105
VE;9832;TREK P;394
VE;9832;TREK P x 1 lt;121
VE;9832;TREK P x 5 lt;15
VE;9843;;1.386,00
VE;9843;BASAGRAN SG;1.656,00
VE;9843;BASAGRAN SG *3 Kg.;60
VE;9843;BASAGRAN SG KG. 3;6
VE;9843;BASAGRAN SG X 3 KG;450
VE;9843;DISERBANTE BASAGRAN SG3KG;150
VE;9872;;2.140,00
VE;9872;AKRIS;405
VE;9938;MASTER;1,1
VE;9940;;10
VE;9940;ADAMA ESSENTIALS ZELIG;9
VE;9940;ZELIG GR;749
VE;9940;ZELIG GR 7,5 CLORPIRIFOS PURO 1 KG;36
VE;9940;ZELIG GR x 10;840
VE;9940;ZELIG GR x 10 kg;400
VE;9941;BUMPER P;1
VE;9941;BUMPER P x 1 lt;845
VE;9954;;1.376,00
VE;9954;DISERBANTE JOKER LT1;109
VE;9954;JOKER;2.717,00
VE;9954;JOKER DA LT 5;160
VE;9954;JOKER LT 1 BP+CT;129
VE;9954;JOKER LT. 1;169
VE;9963;METIDANE 22;1
VE;9963;METIDANE 22 x 0,250 lt;8
VE;9963;METIDANE 22 x 1 lt;100
VE;9963;METIDANE 22 x 5 lt;5
VE;9995;;45,25
VE;9995;ARIUS;96
VE;9995;ARIUS x 1 lt;64
VE;10005;;4
VE;10005;DISERBANTE SCOTTS WEEDCONTROL;1
VE;10005;SCOTTS WEEDCONTROL 1 KG;3
VE;10029;;3,26
VE;10029;KING;1
VE;10048;;9.850,00
VE;10048;KUMULUS TECNO;9.400,00
VE;10048;KUMULUS TECNO KG 25;1.975,00
VE;10048;KUMULUS TECNO x 25 kg;2.400,00
VE;10049;;728
VE;10049;DURSBAN 75 WG;242
VE;10049;DURSBAN 75 WG  KG 1  2X0,500;4
VE;10049;DURSBAN 75 WG DA KG. 1;9
VE;10049;DURSBAN 75 WG x 1 kg;149
VE;10049;DURSBAN 75WG KG 1;53
VE;10057;;1.360,00
VE;10057;ARPEL WDG;94
VE;10057;ARPEL WDG KG 1;31
VE;10105;;2
VE;10105;RIDOMIL GOLD SL;0,25
VE;10105;RIDOMIL GOLD SL 20 x 0,25 lt;7,5
VE;10105;RIDOMIL GOLD SL ML. 250;0,5
VE;10106;;35
VE;10117;;10.532,00
VE;10117;DISERBANTE STRATOS ULTRA LT1;486
VE;10117;STRATOS ULTRA;6.479,00
VE;10117;STRATOS ULTRA  XN   II LT 1;31
VE;10117;STRATOS ULTRA *5Lt;80
VE;10117;STRATOS ULTRA DA LT 1;446
VE;10117;STRATOS ULTRA DA LT 5;2.465,00
VE;10117;STRATOS ULTRA LT 1;89
VE;10117;STRATOS ULTRA LT 5 XN  II;40
VE;10117;STRATOS ULTRA LT.5;95
VE;10117;STRATOS ULTRA x 1 lt;126
VE;10117;STRATOS ULTRA x 5 lt;4.200,00
VE;10118;;49
VE;10118;AMISTAR;256
VE;10118;AMISTAR x 1 lt;6
VE;10119;EQUATION PRO;8
VE;10119;"EQUATION PRO ""N.E.XN""  x 0,400";0,8
VE;10127;;59,85
VE;10127;BAYER DECIS JET 250 ML;8,25
VE;10127;BAYER DECIS JET ML 10 NR 10127 Xi;0,16
VE;10127;BAYER DECIS JET ML 50 NR 10127 Xi;1,65
VE;10127;DECIS JET;241,61
VE;10127;DECIS JET *100cc;2,4
VE;10127;DECIS JET *10cc;0,33
VE;10127;DECIS JET *250cc;6,5
VE;10127;DECIS JET *50cc;1,5
VE;10127;DECIS JET ML  10;4,92
VE;10127;DECIS JET ml 10;0,59
VE;10127;DECIS JET ML 250;3,75
VE;10127;DECIS JET ml 50;0,9
VE;10127;DECIS JET ML. 10;2,59
VE;10127;DECIS JET ML. 250;9
VE;10127;DECIS JET ML. 50;11,55
VE;10127;DECIS JET x 5 lt;10
VE;10154;;81
VE;10158;PIREFLOR;0,94
VE;10161;;79
VE;10161;ORTIVA;25,72
VE;10161;ORTIVA   fungicida  LT 1;297
VE;10161;ORTIVA LT. 1;24
VE;10161;ORTIVA LT.1;33
VE;10161;ORTIVA LT1;6
VE;10161;ORTIVA x 1 lt;242
VE;10183;;73,7
VE;10183;DISERBANTE GARLON EV  LT 05;17
VE;10183;GARLON EV;8,9
VE;10183;GARLON EV 100 ML.;3,7
VE;10183;GARLON EV 500 ML;30
VE;10184;;1,3
VE;10185;ZERGAN EV ML 250;2,25
VE;10187;;60
VE;10187;NAUTILE DG x 10 kg;270
VE;10209;;4.140,00
VE;10209;GLYFOS ULTRA;4.410,00
VE;10209;GLYFOS ULTRA DA LT 20;1.280,00
VE;10209;GLYFOS ULTRA LT 1;78
VE;10220;DICOPUR COMBI;3
VE;10230;LUMACHICIDA 1 KG LUMAPLUS;180
VE;10230;LUMAPLUS;773
VE;10233;;3
VE;10233;BORDOSEP;33
VE;10263;DISERBANTE DRIVER ML 100;0,2
VE;10263;DRIVER;26,45
VE;10263;DRIVER ERBICIDA LT 1 X TAPPETI ERB.;7
VE;10272;;40
VE;10272;CEREXIL M DG x 1 kg;3
VE;10275;;33
VE;10275;STELLA EC;0,5
VE;10296;IPERION x 1 kg;868
VE;10296;IPERION x 10 kg;1.080,00
VE;10296;IPERION x 20 kg;2.380,00
VE;10305;;29,1
VE;10305;OIKOS;8,53
VE;10305;OIKOS 40ML;0,56
VE;10305;OIKOS EC btl *50ml;0,2
VE;10305;OIKOS x 1 lt;5
VE;10306;MISTRAL;57
VE;10306;MISTRAL DA LT. 5;5
VE;10306;MISTRAL LT. 1;73
VE;10317;;0,05
VE;10324;NEMATHORIN 10 G;60
VE;10324;NEMATHORIN 10 G x 10 kg;10
VE;10329;;3.086,00
VE;10329;FORUM MZ WG;2.167,00
VE;10329;FORUM MZ WG  KG 1;40
VE;10329;FORUM MZ WG *10Kg;10
VE;10329;FORUM MZ WG x 10 kg;470
VE;10350;;294
VE;10350;BLAST SG;33
VE;10357;;459
VE;10357;RIGRON SG;647
VE;10357;RIGRON SG DA KG 3;6
VE;10373;;837
VE;10373;CONTEST;489
VE;10373;CONTEST KG 1;109
VE;10373;CONTEST x 1 kg;66
VE;10373;CONTEST X KG 1;32
VE;10381;CONCORDE 40 EW;0,7
VE;10396;LIZOCIN;1,3
VE;10398;STIKER x 0,5 kg;0,5
VE;10404;CLINIC 360 SL;12
VE;10415;ARIC 480 LS;13
VE;10415;ARIC 480 LS x 0,5 lt;182,5
VE;10423;;1.363,00
VE;10423;LUMACHICIDA KG.1 VEBI;6
VE;10423;LUMACHICIDA KG.5 VEBI (NEW);185
VE;10423;LUMACHICIDA VEBI;1.049,50
VE;10423;LUMACHICIDA VEBI  KG. 1;84
VE;10423;LUMACHICIDA VEBI *1KG;41
VE;10423;LUMACHICIDA VEBI *5KG;5
VE;10423;LUMACHICIDA VEBI 500 GR;2,5
VE;10423;LUMACHICIDA VEBI GR 500;0,5
VE;10423;LUMACHICIDA VEBI GR. 250;3,5
VE;10423;LUMACHICIDA VEBI KG 1;760,25
VE;10423;LUMACHICIDA VEBI KG.5;30
VE;10423;NEW LUMACHICIDA KG.1VEBI(BUSTA ZIP);187
VE;10425;SCUDEX *1LT;24
VE;10426;;5,5
VE;10426;PROTIL EC;87
VE;10426;PROTIL EC ML. 500;2,5
VE;10439;SPRAY DUNGER GLOBAL x 1 lt;7
VE;10447;;192
VE;10447;NOVEL DUO;531
VE;10447;NOVEL DUO *1LT;113
VE;10447;NOVEL DUO DA LT. 1;20
VE;10447;NOVEL DUO LT 1;18
VE;10447;NOVEL DUO x 1 lt;6
VE;10456;KLARO ULTRA;1.105,75
VE;10456;ZAPI DISERBO KLARO ULTRA 1 LT;105
VE;10461;DICOTURF;17,25
VE;10465;;200
VE;10465;ROUNDUP MAX;30
VE;10479;;1
VE;10479;NATURALIS;5
VE;10493;;780
VE;10493;RUNNER LO;126
VE;10493;RUNNER LO LT. 1 - 10493;40
VE;10493;RUNNER LO x 1 lt;10
VE;10494;KOL PREMIUM TOP-DISERBANTE TOT. 500;18
VE;10494;PREMIUM TOP;3.917,75
VE;10494;PREMIUM TOP 1 LT;103
VE;10494;PREMIUM TOP DISERBANTE LT 1;54
VE;10494;PREMIUM TOP DISERBANTE LT 5;125
VE;10494;PREMIUM TOP FLACONE DA LT 1;280
VE;10504;KELLY WG x 1 kg;78
VE;10504;KELLY WG x 10 kg;130
VE;10509;;440
VE;10509;DISERBANTE 1 LT MASTIFF ULTRA;36
VE;10509;MASTIFF ULTRA;798
VE;10509;MASTIFF ULTRA x 1 lt;650
VE;10509;MASTIFF ULTRA x 20 lt;9.200,00
VE;10540;;583
VE;10540;TERIAL 75 WG;318
VE;10560;;7
VE;10560;PIRETRO NATURA;18
VE;10565;;94
VE;10565;DICOTIL EXTRA;97,4
VE;10565;DICOTIL EXTRA 100 ML;2,5
VE;10565;DICOTIL EXTRA GREEN;12,75
VE;10565;DICOTIL EXTRA ML. 100;1,6
VE;10565;DICOTIL EXTRA ML. 500;4
VE;10565;DISERBANTE DICOTIL EX. LT 1;6
VE;10568;;283
VE;10568;ZOOMER;508
VE;10568;ZOOMER x 1 lt;10
VE;10573;;405
VE;10573;KOCIDE 2000 KG. 10;50
VE;10573;KOCIDE 2000 x 10 kg;300
VE;10585;;160
VE;10585;SULCOTREK x 1 lt;4
VE;10588;;3
VE;10588;BIOPIREN PLUS;4
VE;10588;BIOPIREN PLUS DA LT. 1;1
VE;10589;FLORA VERDE;2,75
VE;10604;;2,59
VE;10604;BAYER EMERALD  50 ML;21
VE;10604;BAYER EMERALD 100 ML;1
VE;10604;EMERALD 40 EW;69,87
VE;10604;EMERALD 40 EW ml 100;0,3
VE;10604;EMERALD 40 EW ml 50;0,75
VE;10604;EMERALD 40 EW ML. 50;1,05
VE;10604;EMERALD 40EW ML50;3,1
VE;10627;;95
VE;10628;;30
VE;10632;;18,8
VE;10641;;50
VE;10701;;14
VE;10701;CUMETA FLOW;19
VE;10710;;40
VE;10734;;2.872,00
VE;10734;DISERBANTE DUAL GOLD LT  5;740
VE;10734;DUAL GOLD;5.656,00
VE;10734;DUAL GOLD *1Lt;68
VE;10734;DUAL GOLD *5Lt;105
VE;10734;DUAL GOLD DA LT 1;28
VE;10734;DUAL GOLD DA LT 5;10
VE;10734;DUAL GOLD LT. 1;294
VE;10734;DUAL GOLD LT. 20;140
VE;10734;DUAL GOLD LT. 5;370
VE;10734;DUAL GOLD x 1 lt;427
VE;10734;DUAL GOLD x 5 lt;450
VE;10735;;1.967,00
VE;10735;DISERBANTE PRIMAGRAM GO LT 1;960
VE;10735;PRIMAGRAM GOLD;1.815,00
VE;10735;PRIMAGRAM GOLD *1Lt;17
VE;10735;PRIMAGRAM GOLD DA LT 1;4
VE;10735;PRIMAGRAM GOLD da LT.5;35
VE;10735;PRIMAGRAM GOLD LT. 1;68
VE;10735;PRIMAGRAM GOLD LT. 5;35
VE;10735;PRIMAGRAM GOLD x 1 lt;103
VE;10735;PRIMAGRAM GOLD x 20 lt;80
VE;10735;PRIMAGRAM GOLD x 5 lt;45
VE;10741;METACINQUE;339,5
VE;10741;METACINQUE 1 KG;63
VE;10741;METACINQUE 500 GR;6
VE;10752;;196,25
VE;10752;STEWARD;54,25
VE;10752;STEWARD   gr. 250   insetticid;2,25
VE;10752;STEWARD  250GR;1,25
VE;10752;STEWARD 30 WG GR. 250;1,25
VE;10752;STEWARD 30WG 10X250G;12,25
VE;10752;STEWARD x 0,250 kg;5
VE;10752;STEWARD x 0,500 kg;15,75
VE;10753;FOLICUR SE;15,2
VE;10758;BEETUP TRIO;206
VE;10758;BEETUP TRIO *1Lt;2
VE;10758;BETASANA TRIO SC;608
VE;10771;;526,6
VE;10771;MOST MICRO;1.070,40
VE;10771;MOST MICRO DA LT 1;64
VE;10771;MOST MICRO DA LT 5;60
VE;10771;MOST MICRO LT 1   XI;49
VE;10771;MOST MICRO LT 5    XI;215
VE;10771;MOST MICRO LT. 1;284
VE;10771;MOST MICRO LT. 5;680
VE;10771;MOST MICRO ML. 100;0,4
VE;10771;MOST MICRO ML.100;0,4
VE;10771;MOST MICRO x 1 lt;50
VE;10771;MOST MICRO x 5 lt;310
VE;10780;LUMABLOC;9
VE;10802;;2,4
VE;10890;;230
VE;10890;FLIPPER;4,35
VE;10890;FLIPPER tanica LT 10;10
VE;10890;FLIPPER x 10 lt (NUOVA ETICHETTA);60
VE;10897;DISERBO TOT. AMEGA PLUS;5
VE;10926;;1
VE;10926;ALTOREX;3
VE;10926;ALTOREX   LT 1;15
VE;10926;ALTOREX LT. 1;24
VE;10926;ALTOREX x 1 lt;28
VE;10929;;8,4
VE;10929;CHIKARA 25 WG;0,8
VE;10929;CHIKARA DA GR 50;0,05
VE;10936;NAAK 480 x 1 lt;26
VE;10939;;15
VE;10939;CP 40 AGRO;1
VE;10939;CP 40 AGRO LT 1;3
VE;10939;CP 40 LT. 1;8
VE;10939;CP40 AGRO LT.1 (2°XN);6
VE;10939;DISERBANTE CP40 AGRO LT 1;5
VE;10944;;396,75
VE;10944;KARATE ZEON;300,25
VE;10944;KARATE ZEON 250 ML;23,75
VE;10944;KARATE ZEON DA LT 1;2
VE;10944;KARATE ZEON DA LT1;46
VE;10944;KARATE ZEON DA ML 250;2,75
VE;10944;KARATE ZEON DA ML. 250;3
VE;10944;KARATE ZEON LT. 1;49
VE;10944;KARATE ZEON x 1 lt;6
VE;10970;NECOLIM;4
VE;10976;;14
VE;10976;KOL METEOR 200 ML;5,4
VE;10976;KOL METEOR ML.60;10,86
VE;10976;METEOR;429,55
VE;10976;METEOR  ML 200;2,2
VE;10976;METEOR 30 ML;0,72
VE;10976;METEOR 60 ML;0,36
VE;10976;METEOR ML 30;2,16
VE;10976;METEOR x 0,25 lt;239
VE;10976;METEOR x 1 lt;334
VE;10999;;377
VE;10999;BETANAL SE;158
VE;10999;BETANAL SE *1lt;5
VE;10999;BETANAL SE DA LT 1;15
VE;11005;PIRECO ML 50;0,05
VE;11011;;4.957,00
VE;11011;DASH HC;4.914,00
VE;11011;DASH HC  LT 1;6
VE;11011;DASH HC *1Lt;33
VE;11011;DASH HC *5Lt;80
VE;11011;DASH HC DA LT 5;40
VE;11011;DASH HC DA LT. 1;49
VE;11011;DASH HC DA LT. 5;20
VE;11011;DASH HC LT 1;1.172,00
VE;11011;DASH HC x 1 lt;949
VE;11011;DASH HC x 5 lt;1.025,00
VE;11012;;20
VE;11012;AURA x 5 lt;90
VE;11013;;2
VE;11029;;295
VE;11029;PYRINEX M 22 x 1 lt;176
VE;11029;PYRINEX M 22 x 5 lt;165
VE;11040;;30
VE;11045;DODIPREV 35;89,75
VE;11045;DODIPREV 35  LT 1;20
VE;11045;DODIPREV 35  ML 250;8,25
VE;11045;KOL DODIPREV 35 ML.250;54,75
VE;11059;;360
VE;11059;BIOPOWER;255
VE;11059;BIOPOWER DA LT 1 -OMAGGIO -;89
VE;11059;BIOPOWER x 1 lt;54
VE;11059;BIOPOWER x 2 lt;4
VE;11059;BIOPOWER x 4 lt;40
VE;11062;;2,5
VE;11062;BION 50 WG DA GR. 500;1
VE;11070;TIOGOLD DISPERSS x 25 kg;15.350,00
VE;11072;;1
VE;11098;CADDY;0,75
VE;11102;;295
VE;11102;AMBIENTA HELIOSOUFRE S GR.100;1
VE;11102;HELIOSOUFRE S;51,6
VE;11102;ZAPI HELIOSOUFRE S 100ML;1,4
VE;11104;CUPROFIX 30 DISPERSS non col.x 10;200
VE;11106;MANFIL 75 WG;16
VE;11119;;65,78
VE;11119;FLINT;7,39
VE;11119;FLINT 15 GR.;0,07
VE;11119;FLINT 50 WG GR. 500;0,5
VE;11119;FLINT x 0,5 kg;2
VE;11157;PROPYDOR;7,75
VE;11160;SUGARBETA PLUS SE;2
VE;11173;;217
VE;11173;AVAUNT EC;731,25
VE;11173;AVAUNT EC DA LT 1;5
VE;11173;AVAUNT EC DA LT. 1;121
VE;11173;AVAUNT EC x 1 (+CORAGEN) TW.P.MAIS;125
VE;11173;AVAUNT EC x 1 lt;51
VE;11173;AVAUNT EC x 1,25 lt;2,5
VE;11173;AVAUNT LT 1 DA TWIN PACK;177
VE;11173;TWIN PACK MAIS  AVAUNT EC LT 1;28
VE;11173;TWIN PACK MAIS coragen+avaunt;35
VE;11183;;0,5
VE;11190;PENCOR 10 EC;10,75
VE;11206;;255
VE;11206;BAGNANTE CODACIDE x 10 lt;220
VE;11206;BAGNANTE CODACIDE x 2,5 lt;160
VE;11206;CODACIDE;101
VE;11206;CODACIDE DA 10 LITRI;330
VE;11206;CODACIDE DA 10 LT;40
VE;11206;CODACIDE DA LT. 2,50;62,5
VE;11206;CODACIDE DA LT.2,5;35
VE;11223;;0,5
VE;11231;;20
VE;11243;;1.529,00
VE;11243;DISERBANTE LEOPARD 5EC LT1;565
VE;11243;LEOPARD *1LT;67
VE;11243;LEOPARD 5 EC;2.207,50
VE;11243;LEOPARD 5 EC x 1 lt;2.013,00
VE;11243;LEOPARD 5 EC x 5 lt;1.365,00
VE;11252;;0,4
VE;11253;;1.039,00
VE;11253;CALLISTO;563
VE;11253;CALLISTO *1LT;11
VE;11253;CALLISTO LT. 1;57
VE;11253;CALLISTO x 1 lt;206
VE;11253;CALLISTO x 5 lt;160
VE;11253;DISERBANTE CALLISTO LT 1;60
VE;11257;;7,5
VE;11257;COSTAR WG;1,5
VE;11257;COSTAR WG IT 750 GR;3
VE;11284;;240
VE;11284;CIMOTER MZ;20
VE;11301;;108
VE;11301;SPHERE;27
VE;11301;SPHERE SC LT. 1 (2° XN);10
VE;11303;;1.990,00
VE;11303;CHAMP DP;10
VE;11313;PROXAN SL;21
VE;11341;;430
VE;11341;DISERBANTE STARANE GOLD LT1;272
VE;11341;STARANE GOLD;658
VE;11341;STARANE GOLD da LT.1;30
VE;11341;STARANE GOLD LT 1;1
VE;11341;STARANE GOLD x 1;42
VE;11341;STARANE GOLD x 1 lt;226
VE;11344;;1,5
VE;11353;;348
VE;11353;DISERBANTE FUSILADE MAX 1 XN;52
VE;11353;FUSILADE MAX;610
VE;11353;FUSILADE MAX *5Lt;15
VE;11353;FUSILADE MAX DA LT 1;49
VE;11353;FUSILADE MAX DA LT 10;20
VE;11353;FUSILADE MAX DA LT 5;30
VE;11355;TAMIFUM;5.000,00
VE;11359;;55
VE;11360;;13,85
VE;11360;GRIP 25;15,55
VE;11360;GRIP 25 ML 50;1,8
VE;11360;GRIP 25 ML 500;12
VE;11360;GRIP ML. 500;20
VE;11390;;84
VE;11390;VITENE TRIPLO BLU;16
VE;11393;BEETLE;64,75
VE;11396;WIRK;12
VE;11400;ADINA 10;0,8
VE;11402;;75
VE;11402;MELODY COMBI;1
VE;11402;MELODY COMBI WG *5Kg;25
VE;11403;MELODY COMPACT;2
VE;11403;MELODY COMPACT KG 1;16
VE;11416;;1.929,00
VE;11416;OVIPRON TOP;571
VE;11416;OVIPRON TOP x 1 lt (Nuova Etich.);9
VE;11416;OVIPRON TOP x 20 lt;780
VE;11416;OVIPRON TOP x 5 lt;735
VE;11435;FLORANET;7
VE;11448;;127
VE;11448;KICKER;137
VE;11449;GARDOPRIM GOLD;95
VE;11449;GARDOPRIM GOLD x 20 lt;1.300,00
VE;11449;GARDOPRIM GOLD x 5 lt;495
VE;11449;GARDOPRIM GOLD x 7 lt;8.757,00
VE;11479;;81
VE;11479;BRANCHER DIRADO;4
VE;11495;;7
VE;11497;CRITTOVIT WG x 1 kg;927
VE;11497;CRITTOVIT WG x 20 kg;13.100,00
VE;11499;;8,4
VE;11499;BUSTER;15,2
VE;11499;BUSTER GR.500 ESAU.;1
VE;11523;;68,35
VE;11523;SEPRADINA SC;220,35
VE;11523;SEPRADINA SC ML 500;27,25
VE;11523;SEPRANDINA SC DA LT 1;1
VE;11525;FUNGICIDA AMPIO SPETTRO FUNGIDINA 1;24
VE;11525;FUNGIDINA;56,4
VE;11526;;66
VE;11526;SULTAN;96
VE;11526;SULTAN *1lt;2
VE;11526;SULTAN DA LT. 1;5
VE;11526;SULTAN LT. 1  erbicida;16
VE;11526;SULTAN x 1;48
VE;11526;SULTAN x 1 lt;76
VE;11527;;52,31
VE;11527;KOL PYRINEX QUICK ML.250;50,5
VE;11527;KOL PYRINEX QUICK ML.50;5,8
VE;11527;PIRINEX QUICK;4,02
VE;11527;PYRINEX QUICK;250,11
VE;11527;PYRINEX QUICK  LT 1;6
VE;11527;PYRINEX QUICK *100 cc.;2,7
VE;11527;PYRINEX QUICK *20 cc.;0,46
VE;11527;PYRINEX QUICK 100 ML;2,4
VE;11527;PYRINEX QUICK 100 ML FLACONE +;1,8
VE;11527;PYRINEX QUICK 20 ML;0,48
VE;11527;PYRINEX QUICK x 5 lt;10
VE;11533;TOP-GUN;36
VE;11560;REGALIS x 1 kg;3
VE;11561;;34,88
VE;11561;NEEM AZAL T/S 75 ML;1,8
VE;11561;NEEMAZAL T/S;18,08
VE;11561;NEEMAZAL T/S ML 50;1,1
VE;11561;NEEMAZAL T-S DA ML. 15;0,34
VE;11561;NEEMAZAL-T/S x 1 lt;1
VE;11566;ZOLFO 80 WP;35
VE;11569;;3.264,00
VE;11569;CUPROXAT LIQUIDO  S.D.I. LT 1;65
VE;11569;CUPROXAT S.D.I.;604
VE;11569;CUPROXAT S.D.I.  LT  10;360
VE;11569;CUPROXAT S.D.I. DA LT 10;30
VE;11569;CUPROXAT S.D.I. LT 1;125
VE;11569;CUPROXAT S.D.I. LT. 1;32
VE;11569;CUPROXAT S.D.I. LT. 10;40
VE;11569;CUPROXAT SDI LT 1;247
VE;11587;;14
VE;11587;CAMBEL S;382
VE;11596;;60,5
VE;11596;CALYPSO;51
VE;11596;CALYPSO 500 ML;0,5
VE;11596;CALYPSO ML. 500;1,5
VE;11596;CALYPSO x 0,5 lt;61,5
VE;11614;;46
VE;11614;ACTARA 25 WG;41,44
VE;11614;ACTARA 25 WG   GR. 500;12,5
VE;11614;ACTARA 25 WG DA GR  500;2
VE;11614;ACTARA 25 WG gr 100;1,8
VE;11614;ACTARA 25 WG gr 500;3
VE;11614;ACTARA 25 WG GR. 100;4,2
VE;11614;ACTARA 25 WG GR. 500 - 11614-;2
VE;11614;ACTARA 25 WG x 0,1 kg;5,4
VE;11614;ACTARA 25 WG x 0,5 kg;37
VE;11614;ACTARA 25WG *100 gr.;0,1
VE;11614;ACTARA 25WG *500 gr.;2
VE;11614;ACTARA 25WG 500 GR;1,5
VE;11619;;260
VE;11619;TIOFLOR WDG;2.812,00
VE;11619;TIOFLOR WDG *1Kg;104
VE;11638;;9
VE;11649;;3
VE;11649;COMMAND 36 CS;26
VE;11649;COMMAND 36 CS LT 1;3
VE;11649;COMMAND 36 CS x 0,25 lt;9
VE;11649;COMMAND 36 CS x 1 lt;142
VE;11653;;27
VE;11653;FOLIO GOLD 537,5 SC   LT 1;33
VE;11653;FOLIO GOLD 537,5 SC x 1 lt;135
VE;11653;FOLIO GOLD LT.1;1
VE;11659;;260,75
VE;11659;DISERBANTE HERBITOTAL S  250;4,5
VE;11659;HERBITOTAL S;19,5
VE;11659;HERBITOTAL S *250 ML.;2,75
VE;11660;SHOGUN;241
VE;11660;SHOGUN erbicida LT 1;68
VE;11668;;2,75
VE;11668;PLENUM 50 WG;1,85
VE;11668;PLENUM 50 WG   GR 200;0,6
VE;11668;PLENUM 50 WG GR. 200;0,4
VE;11668;PLENUM 50 WG x 0,25 kg;2,65
VE;11678;;11
VE;11678;ACTELIC 2P *1kg;14
VE;11678;ACTELLIC 2P KG 1;401
VE;11678;ACTELLIC 2P NEWPHARM;25,2
VE;11687;ACTELLIC 5;280
VE;11687;ACTELLIC 5 NEWPHARM;10
VE;11690;;52,5
VE;11690;GOAL 480 SC;5
VE;11690;GOAL 480SC erbicida ML 500;0,5
VE;11693;;106,75
VE;11693;LASER;20,35
VE;11693;LASER 05 LT;0,5
VE;11693;LASER INSETTICIDA DA 500 ML;0,5
VE;11693;LASER insetticida ML 250;1
VE;11693;LASER ML 250;2,75
VE;11693;LASER ML. 250;0,75
VE;11693;LASER ML. 500;1
VE;11693;LASER x 0,25 lt (Spinosad);0,5
VE;11693;LASER x 0,5 lt (Spinosad);39,5
VE;11694;;1,6
VE;11694;CONSERVE SC;7,29
VE;11694;CONSERVE SC ML. 50;0,1
VE;11696;ARID;1
VE;11698;;1,69
VE;11698;MINUET;54,6
VE;11698;MINUET LT 1;1
VE;11700;;0,01
VE;11700;BOTANIGARD 22 WP;0,17
VE;11702;REMUS  L;126
VE;11704;;5
VE;11704;OLIO OGNISTAGIONE;7,75
VE;11710;GARDIUS 40 ST;2,2
VE;11711;MEXIRAM HI BIO;500
VE;11730;COSMOTRIN;2,45
VE;11732;;307
VE;11732;ALLEATO 80 WG;30
VE;11752;;8,5
VE;11752;ENVIDOR 240 SC x 0,5 lt;0,5
VE;11760;;560
VE;11762;;2.290,00
VE;11762;FORUM STAR;2.095,00
VE;11762;FORUM STAR x 5 kg;280
VE;11779;;25
VE;11786;;3,15
VE;11788;NEMACUR 240 CS x 5 lt;15
VE;11794;PRESSING 500;5,25
VE;11794;PRESSING 500 x 0,75(con Avadex F.);3
VE;11796;;109,9
VE;11796;GLIFAST;483,15
VE;11814;;5,5
VE;11814;SPADA 200 EC;3
VE;11814;SPADA 200 EC DA LT. 1;6
VE;11814;SPADA 200 EC x 1;1
VE;11814;SPADA 200 EC x 1 *Xn*;1
VE;11821;WEEDAZOL  LT  5   erbicida;25
VE;11854;;10.659,00
VE;11854;BUGGY TF;1.377,00
VE;11854;BUGGY TF DA LT 1;9
VE;11854;BUGGY TF DA LT 20;1.000,00
VE;11854;BUGGY TF DA LT 5;200
VE;11854;BUGGY TF LT. 1;744
VE;11854;BUGGY TF LT. 20;200
VE;11854;BUGGY TF LT. 5;540
VE;11857;;740
VE;11866;AGRO-OIL DA LT 5;20
VE;11870;;12,25
VE;11870;CUPRITAL S.D.I.;5,75
VE;11872;RIFLE 4-24 R;12
VE;11874;;938
VE;11885;;20
VE;11908;;35,2
VE;11908;VENTUREX 35 L;43,5
VE;11908;VENTUREX 35 L 200ML;7,6
VE;11908;VENTUREX 35 L ML.100;1,7
VE;11908;VENTUREX 35C ML 200;3,6
VE;11908;VENTUREX 35L *100 ML.;25
VE;11908;VENTUREX 35L *200 ML.;2,2
VE;11911;DECIS GIARDINO 10ML;0,11
VE;11948;VINCARE;87
VE;11948;VINCARE *Xn*;20
VE;11948;VINCARE x 1 kg;6
VE;11948;VINCARE x 5 kg;305
VE;11954;TERMINAL DUO;96
VE;11979;AMBIENTA BORDO 20 MICRO GR.100;0,2
VE;11979;BORDO 20 MICRO;18,9
VE;11991;NEEMIK;49
VE;11991;NEEMIK x 1 lt;4
VE;12010;;1.572,00
VE;12010;COMBI PACK SOIA TUAREG LT 5 +;10
VE;12010;DISERBANTE TUAREG LT 1;155
VE;12010;TUAREG;3.387,25
VE;12010;TUAREG *1LT;67
VE;12010;TUAREG *5LT;30
VE;12010;TUAREG BTL IT DA LT5;315
VE;12010;TUAREG DA LT 1;151
VE;12010;TUAREG DA LT. 5;155
VE;12010;TUAREG erb. post em. LT 1;5
VE;12010;TUAREG LT. 1;256
VE;12010;TUAREG x 1 lt;517
VE;12010;TUAREG x 5 lt;185
VE;12010;TUAREG x 5 lt (+HARMONY x 50 gr);790
VE;12020;;3,72
VE;12020;BAYER SUCCESS ML 50 NR 12020;0,8
VE;12020;SUCCESS;19,31
VE;12020;SUCCESS  *50ml;0,3
VE;12020;SUCCESS 50 ML;0,45
VE;12020;SUCCESS 50 ML.;0,1
VE;12020;SUCCESS ML 50;4,29
VE;12020;SUCCESS ML. 10;0,04
VE;12020;SUCCESS x 1 lt;2
VE;12022;SPADA WDG x 1 kg;42
VE;12023;MEGIC 240 insetticida LT 1;3
VE;12023;MEGIC LT 1;25
VE;12037;;5
VE;12037;CAMIX x 5 lt;10
VE;12043;;15,85
VE;12043;BAYER PREVICUR ENERGY 50 ML;16
VE;12043;PREVICUR ENERGY;13,35
VE;12043;PREVICUR ENERGY DA LT.1;3
VE;12043;PREVICUR ENERGY LT 1;9
VE;12043;PREVICUR ENERGY x 1 lt;82
VE;12044;;247,5
VE;12048;;5.002,00
VE;12048;TIOSOL 80 WDG DA KG 10;930
VE;12048;TIOSOL 80 WG;1.049,90
VE;12048;TIOSOL 80 WG DA KG. 1;3
VE;12048;TIOSOL 80 WG KG. 1;1.079,00
VE;12060;;55
VE;12060;FOX;10
VE;12060;FOX DA LT 5;5
VE;12068;;181,45
VE;12068;BAYER TEFLUSTAR GRANULARE KG 1;7
VE;12068;TEFLUSTAR;185
VE;12068;TEFLUSTAR DA KG. 1;20
VE;12068;TEFLUSTAR GRANULARE GR 350;4,2
VE;12068;TEFLUSTAR KG.1;64
VE;12069;;22,73
VE;12069;EPIK;12,62
VE;12069;EPIK 5% DA KG 1;7
VE;12069;EPIK 5% DA KG.1 -12069-;3
VE;12069;EPIK 50 GR;1,1
VE;12069;EPIK DA KG 2  -12069-;2
VE;12069;EPIK EP 5%  KG 1;1
VE;12069;EPIK GR 20;0,06
VE;12078;METALIM;338
VE;12083;DANADIM PROGRESS ST;1,5
VE;12083;DANADIM PROGRESS ST 250 ML;1,25
VE;12090;MICROSED GEO;1.400,00
VE;12096;;21.261,00
VE;12096;POLTIGLIA BORD.DISPERSS KG15;255
VE;12096;POLTIGLIA DISPERSS;7.483,00
VE;12096;POLTIGLIA DISPERSS KG 15;30
VE;12096;POLTIGLIA DISPERSS KG.15;30
VE;12096;POLTIGLIA DISPERSS x 1 kg;56
VE;12096;POLTIGLIA DISPERSS x 15 kg;135
VE;12096;POLTIGLIA DISPRESS NC DA KG 1;7
VE;12096;POLTIGLIA DISPRESS NC KG 15;300
VE;12100;;31
VE;12100;ASSET;14
VE;12100;ASSET x 1 lt;170
VE;12106;;25
VE;12106;TALENDO x 1 lt;6
VE;12114;AUXIGER LG;11
VE;12136;VERITAS;15
VE;12136;VERITAS WG x 5 kg;25
VE;12138;;344
VE;12138;R6 ERRESEI TREVI;177
VE;12138;R6 TREVI *1Kg;14
VE;12138;R6 TREVI DA KG 8;16
VE;12170;;10
VE;12172;;32
VE;12172;FERRAMOL;81
VE;12172;FERRAMOL 1 KG;4
VE;12172;KOL FERRAMOL 1 KG ESCA LUMACHICIDA;16
VE;12172;KOL FERRAMOL 500 GR ESCA LUMACHICID;7,5
VE;12200;SILBOT R x 1 kg;157
VE;12200;SILBOT R x 10 kg;1.540,00
VE;12202;ZEMIX R x 1 kg;14
VE;12202;ZEMIX R x 10 kg;760
VE;12206;GLUTEX CU 90;10
VE;12208;KEEPER TRIPLO NC x 1 kg;980
VE;12212;;2,7
VE;12212;PENTHIUM EC;13
VE;12212;PENTHIUM EC ORTAGGI ML 250;1,5
VE;12215;;194
VE;12215;VEBIPHOS;36
VE;12215;VEBIPHOS 7,5;113
VE;12215;VEBIPHOS 7,5 BUSTA DA 1 KG;28
VE;12215;VEBIPHOS 7,5 GR. *1Kg;48
VE;12215;VEBIPHOS 7.5;45
VE;12215;VEBIPNOS 7,5 DA KG. 1;20
VE;12225;;15,98
VE;12225;TEPPEKI;3,99
VE;12225;TEPPEKI 500 GRAMMI;0,5
VE;12225;TEPPEKI DA GR. 500;0,5
VE;12225;TEPPEKI GR 10;0,03
VE;12225;TEPPEKI x 0,5 kg;1,5
VE;12225;TEPPEKI x 100 gr;0,1
VE;12243;MANTIR DG;200
VE;12243;MANTIR DG *E *10KG;40
VE;12243;MANTIR DG *E *1KG;6
VE;12243;MANTIR DG DA KG 10;230
VE;12243;MANTIR DG DA KG. 1;85
VE;12243;MANTIR DG x 25 kg;50
VE;12245;ROUNDUP 360 POWER;340
VE;12250;PENCOR COMBI;443
VE;12260;TECNOCONTROL VEBI LT.1;1
VE;12262;;70
VE;12263;;580
VE;12263;VONDOZEB DG;40
VE;12263;VONDOZEB DG DA KG. 20;60
VE;12263;VONDOZEB DG x 20;420
VE;12263;VONDOZEB DG x 20 kg;220
VE;12279;;1
VE;12279;ERBY 5 EC;7,35
VE;12285;;2.470,00
VE;12285;FORUM GOLD;1.866,00
VE;12285;FORUM GOLD  1 KG;340
VE;12285;FORUM GOLD x 10;70
VE;12285;FORUM GOLD x 10 kg;10
VE;12297;TRIBASE TWIN;1.012,00
VE;12297;TRIBASE TWIN x 1;69
VE;12314;;0,06
VE;12315;;1,89
VE;12315;ORTIVA HOBBY;7,51
VE;12318;VIVER;245
VE;12319;KRONOS;45
VE;12322;;0,09
VE;12323;;9,5
VE;12323;VEBIZOLFO WG;130,5
VE;12325;;60
VE;12325;BAYER MESUROL M PLUS GR 500 NR 1232;2,5
VE;12325;BAYER MESUROL M PLUS KG 1 NR 12325;27
VE;12325;MESUROL M PLUS;145
VE;12325;MESUROL M PLUS GR. 500;41
VE;12325;MESUROL M PLUS KG. 1;52
VE;12344;;14,05
VE;12344;VEBITHRIN 5 EC;97,8
VE;12344;VEBITHRIN 5 EC *100 ML.;0,7
VE;12361;;107
VE;12361;ALGEDI;74,4
VE;12361;ALGEDI (PER 4 HA);4
VE;12361;ALGEDI DA 200 GR;7
VE;12361;ALGEDI gr 200;2
VE;12361;ALGEDI x 200 gr;72,6
VE;12368;;50
VE;12368;CARPOSTOP x 0,5 lt;0,5
VE;12375;SUGAR 500 SC;9
VE;12375;SUGAR 500 SC DA LT 5;45
VE;12381;;50
VE;12381;NU FILM P x 1 lt;1
VE;12383;;600
VE;12383;FLARE GOLD MZ PEPITE x 5 kg;30
VE;12383;RIDOMIL GOLD MZ PEPITE;369
VE;12383;RIDOMIL GOLD MZ PEPITE  KG 5;20
VE;12383;RIDOMIL GOLD MZ PEPITE x 1 kg;9
VE;12383;RIDOMIL GOLD MZ PEPITE x 5 kg;40
VE;12391;;443
VE;12393;COPPERCIM WG;7,25
VE;12399;GANZO;1
VE;12437;;1.697,00
VE;12437;DELAN 70 WG;439
VE;12437;DELAN 70 WG *Xn*;1
VE;12437;DELAN 70 WG KG.1;6
VE;12437;DELAN 70 WG x 1 kg;32
VE;12437;DELAN 70 WG x 5 kg;185
VE;12437;DELAN 70WG  KG1;43
VE;12452;;50
VE;12452;EQUIP;29
VE;12452;EQUIP x 1 lt;121
VE;12452;EQUIP x 5 lt;40
VE;12453;;1.065,00
VE;12453;MILDICUT;1.246,00
VE;12453;MILDICUT x 10 lt;890
VE;12459;;125
VE;12461;FINALSAN ERBICIDA PROFESSIONAL;33
VE;12461;KOL FINALSAN ERBICIDA PROF. 1 LT.;16
VE;12482;;11.255,00
VE;12482;DISERBANTE LUMAX LT  5;775
VE;12482;LUMAX;11.740,00
VE;12482;LUMAX  DA LT. 20;60
VE;12482;LUMAX *20Lt;160
VE;12482;LUMAX *5Lt;50
VE;12482;LUMAX DA LT 20;540
VE;12482;LUMAX DA LT 5;20
VE;12482;LUMAX DA LT.20;200
VE;12482;LUMAX erb. selett. mais LT 5;40
VE;12482;LUMAX LT. 5;75
VE;12482;LUMAX x 20 lt;860
VE;12482;LUMAX x 5 lt;660
VE;12482;LUMAX x 5 lt (NEW);20
VE;12491;CIPERTHRIN PLUS x 1 lt;18
VE;12493;MANCOZEB PLUS 75 WG;1.075,00
VE;12493;MANCOZEB PLUS 75 WG x 10;10
VE;12504;FLOWBRIX;5
VE;12505;FLOWBRIX BLU;30
VE;12519;CORSARIO;1,75
VE;12522;METRO;125
VE;12522;METRO gr 500;170
VE;12522;METRO GR. 500  -12522-;7
VE;12526;ALIETTE ORTO E GIARDINO;9,5
VE;12528;CABRIO TOP;3
VE;12528;CABRIO TOP x 1 lt;16
VE;12528;CABRIO TOP x 5 lt;100
VE;12529;;267
VE;12529;TUCANA 25 EC;331
VE;12529;TUCANA 25 EC x 1 lt;213
VE;12530;CABRIO STAR;5
VE;12534;;89,8
VE;12534;DISERBANTE FOXTAIL ML 250;5
VE;12534;FOXTAIL;133,7
VE;12534;FOXTAIL  x  lt 1;59
VE;12534;FOXTAIL *250ML;0,5
VE;12534;FOXTAIL 250 ML;0,75
VE;12534;FOXTAIL DISER. ML 250;0,25
VE;12534;FOXTAIL GR. 500;2
VE;12534;FOXTAIL GRAMINICIDA DA 250 ML;1,75
VE;12534;FOXTAIL LT. 1;19
VE;12534;FOXTAIL ML.250;20,75
VE;12534;KOL FOXTAIL ML.250;0,25
VE;12538;MYSTIC 25 WG x 1 kg;6
VE;12540;REGRAN EXTRA;76
VE;12566;;107
VE;12566;AMBIENTA PYGANIC 1.4 50 ML;1,55
VE;12566;PYGANIC *25 ML;0,32
VE;12566;PYGANIC 1.4;34,79
VE;12566;PYGANIC 1.4 INSETTICIDA BASSA CAREN;48
VE;12566;ZAPI PYGANIC 1,4  100ML;1,4
VE;12573;;6
VE;12573;EKO OIL SPRAY;30
VE;12573;EKO OIL SPRAY LT 1;5
VE;12573;EKO OIL SPRAY x 1 lt;109
VE;12573;EKO OIL SPRAY x 5 lt;120
VE;12573;KOL OLIO MINERALE ML.250;7
VE;12584;;50
VE;12590;;1.520,00
VE;12590;DIASTAR MAXI x 10;200
VE;12590;DIASTAR MAXI x 10 kg;2.160,00
VE;12598;;63,22
VE;12622;;462
VE;12622;QUANTUM;138
VE;12622;QUANTUM DA GR.500;34
VE;12622;QUANTUM x 0,5 kg;13
VE;12625;EFUZIN 355 SC;9
VE;12625;EFUZIN 355 SC x 1 lt;175
VE;12625;EFUZIN 355 SC x 5 lt;45
VE;12627;;9
VE;12627;DANADIM  400 ST   LT 1;7
VE;12627;DANADIM 400 DA LT 1;6
VE;12627;DANADIM 400 ST;9
VE;12628;;250
VE;12628;SERENADE MAX;5
VE;12628;SERENADE MAX  KG 1;2
VE;12628;SERENADE MAX x 5 kg;10
VE;12629;;5
VE;12636;;34
VE;12636;QUASAR 6/24 R;399
VE;12647;GLITTER;1
VE;12647;GLITTER DA LT 1;167
VE;12647;GLITTER LT.1;7
VE;12647;GLITTER LT.5;65
VE;12650;NUPRID 200 SL;0,21
VE;12662;;95
VE;12671;;58,52
VE;12671;DISERBANTE HARMONY 50SX 20GR;7,84
VE;12671;HARMONY 50 SX;118,96
VE;12671;HARMONY 50 SX *20gr WSB;2,58
VE;12671;HARMONY 50 SX *50gr WSB;0,3
VE;12671;HARMONY 50 SX 20 g;8
VE;12671;HARMONY 50 SX gr 20;12,32
VE;12671;HARMONY 50 SX gr 50;6,55
VE;12671;HARMONY 50 SX GR.20;4,18
VE;12671;HARMONY 50 SX GR.50(COMBIPACK);0,1
VE;12671;HARMONY 50 SX x 16 gr;0,16
VE;12671;HARMONY 50 SX x 20 gr;22,78
VE;12671;HARMONY 50 SX x 50 gr;11,75
VE;12671;HARMONY 50 SX x 50 gr (+TUAREG x 5);5
VE;12671;HARMONY 50SX DA GR. 20;0,24
VE;12671;HARMONY 50SX DA GR. 50;1,55
VE;12686;;14
VE;12686;CHAMAN;45
VE;12686;CHAMAN LT 1 ERBICIDA;2
VE;12692;KOL SPRUZIT BIO INSETTICIDA C.500ML;4,5
VE;12692;SPRUZIT INSETTICIDA;5,25
VE;12696;;1.050,00
VE;12722;;5
VE;12722;OSSICLOR 20 FLOW;73,5
VE;12723;OSSICLOR 20 BLU FLOW;111
VE;12737;;9.162,00
VE;12737;"AIRONE PI&ugrave; WG";500
VE;12737;AIRONE PIU';5.015,00
VE;12737;AIRONE PIU' E WG KG 1;3
VE;12737;AIRONE PIÙ WG x 10 kg;910
VE;12738;;55
VE;12738;KING 360 HP;50
VE;12756;;37,9
VE;12756;BAYER DICOTEX 100 ML;23
VE;12756;BAYER DICOTEX 500 ML;37
VE;12756;DICOTEX;164,8
VE;12756;DICOTEX  EYD *500ml;3,5
VE;12756;DICOTEX  LT 1;4
VE;12756;DICOTEX ERBICIDA ML 100;2,6
VE;12756;DICOTEX ERBICIDA ML.500;6
VE;12756;DICOTEX ML 500;2
VE;12756;DICOTEX x 1;15
VE;12759;;693
VE;12759;OSSICLOR 35 WG;1.053,90
VE;12759;OSSICLOR 35WG;87
VE;12759;OSSICLOR 35WG  GR 200;17,6
VE;12759;OSSICLOR 35WG KG. 1;477
VE;12759;OSSICLOR 35WG KG. 10;360
VE;12759;OSSICLOR 35WG KG. 25;275
VE;12763;;20,5
VE;12763;PYGRAIN LT 5;30
VE;12768;;90,25
VE;12768;SPINTOR FLY;0,75
VE;12770;;6
VE;12770;ALAR 85 GOLD;3
VE;12770;ALAR 85 GOLD x 1 kg;2
VE;12770;ALAR GOLD 85 DA KG. 1;1
VE;12779;RAMEDIT COMBI WG x 1 kg;235
VE;12779;RAMEDIT COMBI WG x 10 kg;1.620,00
VE;12780;PASTA SIAPA F BLU x 10 lt;40
VE;12784;FARO WG;68
VE;12788;;162
VE;12788;ADIGOR;86
VE;12793;ZOLFO AFEPASA 80 WG x 25;100
VE;12806;;209
VE;12806;FEDOR;131
VE;12806;FEDOR DA KG 1;190
VE;12806;FEDOR x 1 kg;289
VE;12808;;0,65
VE;12808;GLOBAL SC;0,7
VE;12813;;558
VE;12813;AMISTAR XTRA;332
VE;12813;AMISTAR XTRA *1lt;61
VE;12813;AMISTAR XTRA *5lt;40
VE;12813;AMISTAR XTRA DA 5 LT;85
VE;12813;AMISTAR XTRA DA LT 1;42
VE;12813;AMISTAR XTRA DA LT. 1;6
VE;12813;AMISTAR XTRA x 1 lt;95
VE;12813;AMISTAR XTRA x 5 lt;155
VE;12832;;6
VE;12832;OPERA LT 1;8
VE;12832;OPERA x 1 lt;8
VE;12837;;143
VE;12837;ARIUS SYSTEM PLUS;884
VE;12837;ARIUS SYSTEM PLUS LT 1;186
VE;12837;ARIUS SYSTEM PLUS x 1 lt;190
VE;12837;ARIUS SYSTEM PLUS x 5 lt;380
VE;12844;;0,39
VE;12847;EAGLE;46,77
VE;12849;BENPROP PRO;92
VE;12856;CUPRORAM 25 FLOW;40
VE;12858;;18
VE;12858;PRODIGY x 1 lt;12
VE;12859;;1,27
VE;12859;ACARICIDA BORNEO ML5;0,03
VE;12859;BORNEO;32,63
VE;12859;BORNEO SC ml 5;0,02
VE;12859;BORNEO SC110 40 ML;0,32
VE;12859;BORNEO SC110 5 ML;0,02
VE;12862;;831
VE;12862;CANTUS;461
VE;12862;CANTUS KG 1;20
VE;12862;CANTUS x 1 kg;42
VE;12862;CANTUS x 1,2 kg;3,6
VE;12866;;284
VE;12866;COLLIS;184
VE;12866;COLLIS x 1;1
VE;12866;COLLIS x 1 lt;24
VE;12868;;13
VE;12868;BELLIS;32
VE;12868;BELLIS x 1 kg;10
VE;12869;;72
VE;12869;SIGNUM;121
VE;12869;SIGNUM  gran. idrosol. KG 1;406
VE;12869;SIGNUM  KG 1;11
VE;12869;SIGNUM DA KG 1;104
VE;12869;SIGNUM KG 1;3
VE;12869;SIGNUM KG. 1;114
VE;12869;SIGNUM x 1 kg;555
VE;12878;;5.894,00
VE;12878;RIDOMIL GOLD COMBI PEPITE;4.109,00
VE;12878;RIDOMIL GOLD COMBI pepite *5KG;65
VE;12878;RIDOMIL GOLD COMBI PEPITE DA;10
VE;12878;RIDOMIL GOLD COMBI PEPITE KG 1;3
VE;12878;RIDOMIL GOLD COMBI PEPITE x 1 kg;9
VE;12880;;177
VE;12880;ATLANTIS WG;71,5
VE;12880;ATLANTIS WG  DA GR 500;28,5
VE;12880;ATLANTIS WG x 2 kg;20
VE;12881;;5,4
VE;12881;HUSSAR MAXX;46,8
VE;12881;HUSSAR MAXX DA GR 600 - ERBICI;16
VE;12881;HUSSAR MAXX x 0,6 kg;7,8
VE;12883;;494
VE;12883;PROSPER 300 CS;1.012,00
VE;12883;PROSPER 300 CS x 1 lt;13
VE;12884;;5
VE;12886;;153
VE;12886;KARATHANE STAR;143
VE;12886;KARATHANE STAR x 1;5
VE;12886;KARATHANE STAR x 1 lt;29
VE;12888;LEPINOX PLUS;1
VE;12888;LEPINOX PLUS DA KG. 1;11
VE;12888;LEPINOX PLUS x 1 kg;31
VE;12889;PICKER SC;11,8
VE;12903;DOLESE WG;31
VE;12916;CYMONE 25 WP x 1 kg;2
VE;12920;AGORA SC x 1 lt;13
VE;12924;;124
VE;12924;JUPITER WG;420
VE;12924;JUPITER WG DA KG.1;40
VE;12933;MOXYL 20 WP x 1 kg;87
VE;12940;;80
VE;12940;KARATE ZEON 1,5  500 ML;29,5
VE;12940;KARATE ZEON 1.5;436
VE;12940;KARATE ZEON 1.5  LT0,5;143,5
VE;12940;KARATE ZEON 1.5 *500 ml.;6
VE;12940;KARATE ZEON 1.5 DA LT. 1;147
VE;12940;KARATE ZEON 1.5 DA ML.500;70,5
VE;12940;KARATE ZEON 1.5 x 1 lt;46
VE;12940;KARATE ZEON TECH 1,5 LT 0,5;4
VE;12940;KARATE ZEON TECH. 1,5   LT 1;20
VE;12949;AZUPEC 80 WG;275
VE;12972;GLYFOS DAKAR;40
VE;12972;GLYFOS DAKAR x 10 kg;520
VE;12994;VIVER ELITE WG;248,5
VE;13005;PROMAG;0,3
VE;13012;FOLVIT 80 WDG;350
VE;13012;FOLVIT 80 WDG x 5 kg;2.440,00
VE;13020;;2,8
VE;13020;MICRORAM 35 WG;223,8
VE;13025;MYSTIC 250 EW x 1 lt;13
VE;13039;POTCLEAN 2G;29
VE;13042;MICRORAM 20 FLOW;3,75
VE;13055;;1.055,00
VE;13055;MACHO;8
VE;13055;MACHO DA LT. 1 -13055-;1
VE;13055;MACHO LT 5;198
VE;13058;;2
VE;13058;OSSIRAM 20 FLOW;9,5
VE;13058;OSSIRAM 20 SC;27,1
VE;13061;BIOBIT DF;22
VE;13062;;0,19
VE;13062;DIPEL DF;0,21
VE;13062;DIPEL DF x 1 kg;61
VE;13063;;1,5
VE;13063;REGULEX 10 SG x 0,1 kg;0,02
VE;13064;;853
VE;13064;VITENE ULTRA SC;5
VE;13065;;311,5
VE;13065;DOMARK 125;90,25
VE;13065;DOMARK 125 x 1 lt;6
VE;13071;SIAFEN x 0,5 lt;325
VE;13081;;0,5
VE;13083;;300
VE;13084;;58,5
VE;13084;BAYER TELDOR PLUS ML 100;1,6
VE;13084;TELDOR PLUS;175,4
VE;13084;TELDOR PLUS LT 1;32
VE;13084;TELDOR PLUS LT.1;20
VE;13084;TELDOR PLUS ML 100;5
VE;13084;TELDOR PLUS SC500 *100ml;0,5
VE;13084;TELDOR PLUS x 1 lt;64
VE;13084;TELDOR PLUS x 5 lt;50
VE;13093;;1.049,00
VE;13093;DISERBANTE STOMP AQUA LT 5;127
VE;13093;STOMP AQUA;1.853,00
VE;13093;STOMP AQUA DA LT 1;104
VE;13093;STOMP AQUA DA LT. 1;137
VE;13093;STOMP AQUA DA LT. 5;50
VE;13093;STOMP AQUA LT 1;432
VE;13093;STOMP AQUA LT 10;20
VE;13093;STOMP AQUA LT 5;490
VE;13093;STOMP AQUA x 1 lt;301
VE;13093;STOMP AQUA x 10 lt;110
VE;13093;STOMP AQUA x 5 lt;740
VE;13095;;3
VE;13098;;5.805,00
VE;13098;ROUNDAP POWER 2.0 LT 1;83
VE;13098;ROUNDAP POWER 2.0 LT 5;65
VE;13098;ROUNDUP POWER 2.0;11.420,00
VE;13098;ROUNDUP POWER 2.0 DA LT 1;5
VE;13098;ROUNDUP POWER 2.0 DA LT 5;40
VE;13098;ROUNDUP POWER 2.0 LT. 1;674
VE;13098;RUONDUP  POWER 2.O LT 1;156
VE;13106;IKANOS x 1 lt;74
VE;13106;IKANOS x 5 lt;595
VE;13108;CURAME BORDEAUX;65
VE;13108;CURAME BORDEAUX DA KG 1;10
VE;13111;;642
VE;13111;THIOCUR FORTE;189,4
VE;13111;THIOCUR FORTE LT 1;14
VE;13111;THIOCUR FORTE x 1 lt;60
VE;13111;THIOCUR FORTE x 5 lt;170
VE;13120;MYSTIC 430 SC x 1 lt;144
VE;13126;;55
VE;13126;CABRIO DUO;27
VE;13126;CABRIO DUO   LT 1;75
VE;13126;CABRIO DUO DA LT 5;30
VE;13126;CABRIO DUO LT 1;12
VE;13126;CABRIO DUO LT. 1;2
VE;13126;CABRIO DUO x 1 lt;73
VE;13126;CABRIO DUO x 5 lt;185
VE;13127;;40
VE;13127;VALIS F x 5 kg;45
VE;13128;;789
VE;13128;GOLTIX  50 WG GRAN. KG 1;10
VE;13128;GOLTIX 50 WG;428
VE;13128;GOLTIX 50 WG  *1Kg;3
VE;13128;GOLTIX 50 WG  *5Kg;60
VE;13128;GOLTIX 50 WG DA KG 5;40
VE;13128;GOLTIX 50 WG x 5 kg;50
VE;13128;GOLTIX 50WG DA KG 1;56
VE;13143;;20
VE;13143;MEZENE WG;125
VE;13143;MEZENE WG *T+*;6
VE;13143;MEZENE WG KG 1;12
VE;13149;;1.561,00
VE;13149;POLTIGLIA 20 WG DA KG 25;150
VE;13149;POLTIGLIA BORDOLESE 20 WG N.C.;60
VE;13149;POLTIGLIA BORDOLESE 20%WG 10KG;50
VE;13149;POLTIGLIA BORDOLESE WG20 KG.25;25
VE;13149;POLTIGLIA BORDOLESE20% WG KG.1;399
VE;13149;POLTIGLIA MANICA 20 WG;621
VE;13150;CURAME 35 WG;143
VE;13150;CURAME 35 WG DA KG 1;15
VE;13152;;520
VE;13153;BANVEL S x 1 lt;268
VE;13153;BANVEL S x 5 lt;95
VE;13154;;560
VE;13154;DISERBANTE MONDAK 480S LT1;57
VE;13154;MONDAK 480 S;161
VE;13154;MONDAK 480 S *1Lt;21
VE;13154;MONDAK 480 S LT.1;273
VE;13154;MONDAK 480 S x 1;12
VE;13154;MONDAK 480S LT 1;19
VE;13158;;16
VE;13158;REMEDIER;12
VE;13158;REMEDIER KG 1;9
VE;13158;REMEDIER KG1;4
VE;13158;REMEDIER x 1 kg;120
VE;13160;;2.092,00
VE;13160;FORUM TOP;2.087,00
VE;13160;FORUM TOP  1 KG;425
VE;13160;FORUM TOP KG. 1;51
VE;13160;FORUM TOP x 10 kg;130
VE;13160;FORUM TOP x 5;80
VE;13160;FORUM TOP x 5 kg;345
VE;13167;;1.099,00
VE;13167;POMARSOL 80 WG;451
VE;13167;POMARSOL 80 WG DA KG 1;4
VE;13167;POMARSOL 80 WG DA KG. 1;5
VE;13167;POMARSOL 80 WG DA KG.10;50
VE;13168;;1.693,00
VE;13168;DISERBANTE LAUDIS LT 1;31
VE;13168;LAUDIS;4.591,00
VE;13168;LAUDIS *1Lt;27
VE;13168;LAUDIS DA LT 1;301
VE;13168;LAUDIS DA LT 5;4.065,00
VE;13168;LAUDIS LT 1;17
VE;13168;LAUDIS LT 5;70
VE;13168;LAUDIS LT.1;2
VE;13168;LAUDIS x 1 lt;442
VE;13168;LAUDIS x 5 lt;3.075,00
VE;13169;CYTHRIN L ML. 100;2,4
VE;13179;PLAYER COMBI SC;8
VE;13186;;19,84
VE;13186;DISERBANTE TITUS MAIS ULTRA;0,1
VE;13186;TITUS MAIS EXTRA;34,08
VE;13186;TITUS MAIS EXTRA 10X160 GR;15,2
VE;13186;TITUS MAIS EXTRA GR.160;7,2
VE;13186;TITUS MAIS EXTRA x 160 gr;24,32
VE;13205;;4.080,00
VE;13205;ZOLFO MANICA SCORREVOLE DOPPIO RAFF;180
VE;13205;ZOLFO SCORR.DOPP.RAF. x 25 kg;375
VE;13205;ZOLFO VENTILATO KG 1;3
VE;13211;ZOLFO VENTILATO SCORREVOLE 96%;5
VE;13212;CONFIDOR  200 O-TEQ ML. 500;25
VE;13212;CONFIDOR 200 O-TEQ;0,82
VE;13212;CONFIDOR 200 O-TEQ ML.75;0,45
VE;13212;CONFIDOR 200 O-TEQ x 0,5 lt;3,5
VE;13213;;1.489,00
VE;13213;R6 ALBIS *10Kg;60
VE;13213;R6 ALBIS *1Kg;27
VE;13213;R6 ERRESEI ALBIS;2.473,00
VE;13213;R6 ERRESEI ALBIS x 1 kg;36
VE;13213;R6 ERRESEI ALBIS x 10 kg;180
VE;13218;;200
VE;13218;FINALSAN PLUS;120
VE;13218;NEU FINALSAN PLUS PROFESSIONAL 10 L;230
VE;13222;;789
VE;13222;DUOKAR 4,5 EW PRO;6
VE;13222;DUO-KAR 4,5 EW PRO;3
VE;13236;;6
VE;13236;BULLET;799
VE;13236;BULLET *1Lt;68
VE;13236;BULLET *5Lt;160
VE;13242;NICOGAN V.O.;76
VE;13242;NICOGAN V.O. LT. 1 -13242-;3
VE;13244;;50
VE;13244;ZOLFO VENTILATO STELLA;70
VE;13249;;1.250,00
VE;13249;ZOLFO VENT.STELLA RAMATO S x 25 kg;775
VE;13249;ZOLFO VENTILATO STELLA RAMATO S;20
VE;13250;ZOLFO VENTILATO STELLA RAMATO B;300
VE;13252;;420
VE;13255;;2
VE;13255;PLAYER GR;45
VE;13256;BIOLARV;5
VE;13263;;4,5
VE;13263;BORDORAM 20 WG;17,6
VE;13267;IMPERO;116
VE;13283;GARAK;0,3
VE;13285;SEVERAL LT. 1 - 13285;4
VE;13285;SEVERAL x 1 lt;21
VE;13290;;460
VE;13290;ZOLFO MANICA DOPPIO RAFFINATO VENTI;160
VE;13290;ZOLFO RAMATO 3% x 10Kg.;20
VE;13290;ZOLFO RAMATO KG.10 - 13290 -;10
VE;13296;POKER 7,5;38
VE;13296;POKER 7.5;110
VE;13298;;160
VE;13298;QUANTUM F;135
VE;13298;QUANTUM F *5Kg;10
VE;13299;MAGIO';1.365,00
VE;13309;;16
VE;13313;;126
VE;13313;CASPER;124
VE;13313;CASPER KG 1;12
VE;13313;CASPER x 1 kg;101
VE;13313;DISERBANTE CASPER KG 1;12
VE;13323;SULFY 80 WDG;141
VE;13323;SULFY 80 WDG 200 GR;0,8
VE;13324;;27,75
VE;13324;CUPRIZOL S;14,35
VE;13324;CUPRIZOL S  ML 250;6,5
VE;13327;;46,25
VE;13327;GRANSTAR ULTRA SX;63,99
VE;13327;GRANSTAR ULTRA SX 10X50G;3,7
VE;13327;GRANSTAR ULTRA SX 200 GR.;0,4
VE;13327;GRANSTAR ULTRA SX DA 50 GR;2
VE;13327;GRANSTAR ULTRA SX gr 200;2,6
VE;13327;GRANSTAR ULTRA SX gr 50;1,15
VE;13327;GRANSTAR ULTRA SX GR. 50;0,85
VE;13327;GRANSTAR ULTRA SX x 200 gr;21,6
VE;13327;GRANSTAR ULTRA SX x 50 gr;8,95
VE;13327;GRANSTAR ULTRA SX10X200G JAR;9
VE;13348;SARCAP 80 WG DA KG. 1;1
VE;13352;DIREX;182
VE;13352;DIREX 7,5 1 KG;120
VE;13352;DIREX 7,5 GR;787
VE;13352;DIREX 7,5 GR KG 1 ANTIFOR. BAR;231
VE;13352;DIREX 7.5 GR;66
VE;13352;DIREX 7.5 KG. 1;47
VE;13352;KOL DIREX 7,5 BAR KG.1;107
VE;13352;KOL DIREX 7,5 BUS KG.1;41
VE;13354;DIFFERENCE;10
VE;13361;;27
VE;13361;DECIS ENERGY DA LT 1;10
VE;13361;DECIS ENERGY LT.  1 O-TEQ;5
VE;13361;DECIS ENERGY ML 250  O-TEQ;4,75
VE;13361;DECIS ENERGY O-TEQ;19,5
VE;13361;DECIS ENERGY O-TEQ x 1 lt;7
VE;13365;ZOLFO DOPPIO VENTILATO SCORREVOLE 9;8
VE;13370;WARRANT 200 SL;6
VE;13375;NUPRID 200 SC;7,45
VE;13375;NUPRID 200 SC x 0,25 lt;1,75
VE;13378;ORTIVA TOP DA LT 1;2
VE;13378;ORTIVA TOP x 1 lt;60
VE;13382;;61
VE;13382;PERGADO SC;23,5
VE;13382;PERGADO SC 20 DA ML500;0,5
VE;13382;PERGADO SC LT05;12,5
VE;13382;PERGADO SC ML 500;1,5
VE;13382;PERGADO SC x 0,5 lt;1,5
VE;13382;PERGADO SC x 1 lt;12
VE;13385;PROLINE  x 1;17
VE;13386;;1.332,00
VE;13386;PROSARO;682,5
VE;13386;PROSARO *1Lt;24
VE;13386;PROSARO *5Lt;40
VE;13386;PROSARO DA LT 1;232
VE;13386;PROSARO DA LT 5;250
VE;13386;PROSARO LT 1;30
VE;13386;PROSARO x 1 lt;10
VE;13386;PROSARO x 5 lt;10
VE;13387;;113,42
VE;13387;DISERBANTE FLORAMIX  530 GR;2,65
VE;13387;FLORAMIX;51,41
VE;13387;FLORAMIX DA GR 530;3,18
VE;13387;FLORAMIX x 0,530 kg;28,09
VE;13389;;1.391,00
VE;13389;AFFIRM;641
VE;13389;AFFIRM  KG1;5
VE;13389;AFFIRM 10 DA KG 1;45
VE;13389;AFFIRM 10 DA KG 10;60
VE;13389;AFFIRM DA KG. 10;30
VE;13389;AFFIRM INSETT. KG 5;10
VE;13389;AFFIRM INSETT.GRAN.IDROS. KG 1;27
VE;13389;AFFIRM KG 1;8
VE;13389;AFFIRM KG. 1;106
VE;13389;AFFIRM KG. 5;20
VE;13389;AFFIRM x 1 kg;64
VE;13389;AFFIRM x 10 kg;830
VE;13389;AFFIRM x 5 kg;125
VE;13390;;2
VE;13391;CYTHRIN 50 EC;46,12
VE;13394;;10,5
VE;13409;SILFUR WG (80%) x 1 kg;24
VE;13409;SILFUR WG (80%) x 10 kg;300
VE;13409;SILFUR WG (80%) x 20 kg;20
VE;13410;;20
VE;13410;FRUTTENE 76 WG DA KG 20;20
VE;13410;FRUTTENE 76 WG DA KG. 1;5
VE;13430;TENOR SC;139,2
VE;13440;;6,42
VE;13440;SATEL;6,5
VE;13440;SATEL *25 cc.;0,07
VE;13443;FUNGIBEN;1
VE;13451;;299,5
VE;13451;SPARVIERO;91,5
VE;13451;SPARVIERO DA LT 1;28
VE;13451;SPARVIERO LT 1;1
VE;13451;SPARVIERO LT 1 insetticida CLP;12
VE;13455;ANTIGRAM GOLD;95
VE;13455;ANTIGRAM GOLD *5lt;50
VE;13455;ANTIGRAM GOLD x 1 lt;12
VE;13455;ANTIGRAM GOLD x 5 lt;15
VE;13466;;463
VE;13466;SPOT LIGHT PLUS LT.1;3
VE;13466;SPOTLIGHT PLUS;204,5
VE;13466;SPOTLIGHT PLUS *1Lt;9
VE;13466;SPOTLIGHT PLUS x 0,5 lt;12
VE;13466;SPOTLIGHT PLUS x 1 lt;295
VE;13466;SPOTLIGHT PLUS x 5 lt;40
VE;13468;;18,8
VE;13468;CLINER;34,9
VE;13468;CLINER 100 ML;1,4
VE;13468;CLINER EC btl *250ml;0,75
VE;13468;CLINER ML. 100;2,9
VE;13472;;168
VE;13472;ALIEN;37
VE;13477;;1
VE;13477;TOREADOR;0,33
VE;13485;;2.410,00
VE;13485;FOLPEC 80 WD 10KG;30
VE;13486;;100
VE;13486;JUDO;10
VE;13489;CYMBAL;256
VE;13489;CYMBAL WG x 0,5 kg;14,5
VE;13505;;45
VE;13518;NISUS 3B;2
VE;13521;;285
VE;13521;HELIOCUIVRE S;3,3
VE;13522;SPIDER KILL;11,65
VE;13540;;214
VE;13540;QUASAR R FLOW;31,75
VE;13540;QUASAR R FLOW 250 ML;10
VE;13552;;79
VE;13552;ZOLVIS 80 SECTOR;557
VE;13552;ZOLVIS 80 SECTOR DA KG 10;100
VE;13552;ZOLVIS 80 SECTOR DA KG 25;225
VE;13552;ZOLVIS 80 SECTOR x  kg 1;19
VE;13552;ZOLVIS 80 SECTOR x 1;61
VE;13555;;20
VE;13555;SHUT TWIN;26
VE;13565;PASTA ISAGRO BLU LT.10;20
VE;13576;KOL RAMEPLANT WG GR.200;21
VE;13576;RAMEPLANT WG;235,2
VE;13576;RAMEPLANT WG GR 200;4,4
VE;13578;RAME CAFFARO BLU NEW W G LT. 1;46
VE;13578;RAME CAFFARO BLU WG NEW;499
VE;13578;RAME CAFFARO BLU WG NEW 1KG;10
VE;13579;;190
VE;13579;COPPER 12;18,25
VE;13579;COPPER 12  ML 250;5,25
VE;13579;COPPER 12 *500 ML.;43
VE;13581;TIOGEL 80 WDG;250
VE;13585;;180
VE;13585;SOLOFOL;1.080,00
VE;13586;VERDERAME 20 WG;110,2
VE;13592;;15,05
VE;13592;VOLARE;6,6
VE;13592;VOLARE DA LT 1;7
VE;13592;VOLARE fungicida LT 1;24
VE;13592;VOLARE x 1 lt;55
VE;13600;ZOLFO S.A.I.M. DOPPIO VENT. x 10 kg;10
VE;13604;ZOLFO S.A.I.M. RAMATO 5% KG 10;30
VE;13604;ZOLFO S.A.I.M. RAMATO 5% x 25 kg;75
VE;13607;NOBIL;0,25
VE;13635;;318
VE;13635;POLTIGLIA 20 BUSTA DA KG 1;60
VE;13635;POLTIGLIA 20 PB DA GR 500;46
VE;13635;POLTIGLIA 20 PB MANICA;661,5
VE;13637;;693
VE;13637;PERGADO F;25
VE;13637;PERGADO F DA KG 5;5
VE;13637;PERGADO F x 5 kg;40
VE;13639;ACRAMITE 480 SC;1,25
VE;13639;ACRAMITE 480 SC ML 250;2
VE;13639;ACRAMITE 480 SC x 0,100 lt;0,3
VE;13639;ACRAMITE 480 SC x 0,250 lt;2
VE;13640;IMPRINT;49
VE;13647;NEORAM BLU WG;2
VE;13648;SIARAM 20 WG x 1 kg;253
VE;13648;SIARAM 20 WG x 10 kg;1.280,00
VE;13648;SIARAM 20 WG x 20 kg;3.040,00
VE;13651;;1
VE;13651;SPECTRO;11,7
VE;13667;AFIDANE 200 SL;10
VE;13689;;0,5
VE;13689;FLINT MAX;5
VE;13691;;40
VE;13698;;400,4
VE;13698;VIVANDO;396,25
VE;13698;VIVANDO LT 1;48,25
VE;13698;VIVANDO ML 250;1
VE;13698;VIVANDO x 0,25 lt;3,25
VE;13698;VIVANDO x 1 lt;44
VE;13702;;12
VE;13702;GEOTOX;67
VE;13702;GEOTOX 7,5;62,9
VE;13702;GEOTOX 7,5 C;169,6
VE;13702;GEOTOX 7,5 C  microgr. DA KG 1;102
VE;13702;GEOTOX 7,5 C DA KG 10;80
VE;13702;GEOTOX 7,5 G;48
VE;13702;GEOTOX 7,5C  KG 1;4
VE;13702;GEOTOX 7.5 C;65
VE;13707;;1.389,00
VE;13707;IMPACT SUPREME;597
VE;13707;IMPACT SUPREME x 5 lt;20
VE;13709;U 46 PRATI;2
VE;13709;U 46 PRATI x 1 lt;11
VE;13711;QUIZA 5 EC;110
VE;13714;FOLPEC 50 SC DA LT 10;20
VE;13716;CAPTAN ARVESTA 80 WG x 10 kg;200
VE;13719;;14.550,00
VE;13719;THIAMON 80 PLUS;25
VE;13721;AFIDINA QUICK;36
VE;13721;AFIDINA QUICK 1 LT;7
VE;13721;AFIDINA QUICK 20ML;0,16
VE;13721;COMBI AFIDINA QUICK;2,8
VE;13721;INSETTICIDA COMBI AFIDINA QUICK;2,16
VE;13722;;92
VE;13736;TRACE ml 750;17,25
VE;13736;TRACE x 0,750 lt;4,5
VE;13741;;117
VE;13741;SELECTA DISPERSS;104
VE;13742;;485
VE;13742;PERGADO MZ;264
VE;13742;PERGADO MZ KG 5;10
VE;13742;PERGADO MZ x 1 kg;15
VE;13742;PERGADO MZ x 10 kg;340
VE;13742;PERGADO MZ x 5 kg;5
VE;13743;KUKAR 22;2
VE;13760;ORYTIS EW;0,15
VE;13765;;36
VE;13765;SHERPA 100 EW;24
VE;13765;SHERPA 100 EW x 1 lt;29
VE;13771;;735
VE;13771;NIMROD 250 EV LT. 1 -13771-;1
VE;13771;NIMROD 250 EW;68
VE;13771;NIMROD 250 EW x 1;2
VE;13771;NIMROD 250 EW x 1 lt;16
VE;13784;RIVIERA MZ;140
VE;13785;;775
VE;13785;QUANTUM MZ;31
VE;13785;QUANTUM MZ (IDRO) x 1 kg;12
VE;13785;QUANTUM MZ (IDRO) x 5 kg;170
VE;13785;QUANTUM MZ *5kg;5
VE;13785;QUANTUM MZ x 5 kg;340
VE;13786;;1
VE;13786;QUANTUM R;22,9
VE;13787;RIVIERA R;55
VE;13791;;41,5
VE;13791;GEATER STAR *500 Gr. BARATTOLO;12
VE;13791;GEATER-STAR;95
VE;13791;GEOTER STAR  500GR;12
VE;13792;;12
VE;13792;STABILAN;12
VE;13792;STABILAN DA 1 LT;36
VE;13792;STABILAN LT. 1 - 13792 -;2
VE;13792;STABILAN LT.1 (2°XN);4
VE;13793;;70
VE;13793;RUNNER M;25
VE;13793;RUNNER M LT 1;29
VE;13793;RUNNER M LT. 1;2
VE;13793;RUNNER M LT. 5;10
VE;13794;;101,25
VE;13794;SPADA WDG;142
VE;13794;SPADA WDG x 5 kg;15
VE;13809;;6.850,00
VE;13809;FORCE ULTRA;9.890,00
VE;13809;FORCE ULTRA DA KG 10;50
VE;13809;FORCE ULTRA KG 10;1.130,00
VE;13809;FORCE ULTRA KG 10 microgran.;70
VE;13809;FORCE ULTRA KG10;280
VE;13809;FORCE ULTRA x 10;5.700,00
VE;13809;FORCE ULTRA x 10 kg;5.070,00
VE;13812;NOTO 40 OD;24
VE;13815;TUTOR 18-15;84
VE;13817;ALIAL WG x 1 kg;10
VE;13820;;12
VE;13820;BAYTEROID 25 EC LT. 1;3
VE;13820;BAYTEROID 25 EC x 1;12
VE;13823;;1,87
VE;13823;ALVERDE;1,51
VE;13823;ALVERDE 240 SC    LT 1;2
VE;13823;ALVERDE LT 1;5
VE;13843;;13
VE;13843;ZELIG 480 EC;5
VE;13857;;80
VE;13857;CRODIX GEO;3
VE;13858;;2,51
VE;13858;MEDIATOR EXTRA SL;1,9
VE;13858;MEDIATOR EXTRA SL  50ML;0,43
VE;13858;MEDIATOR EXTRA SL FLACONE + AS;0,6
VE;13872;NANDO 500 SC x 1 lt;14
VE;13876;;10
VE;13876;APACHE;7
VE;13877;KITT PRONTO;23,5
VE;13885;;52
VE;13885;MICROCOPP NEUTRO FL x 1 lt;443
VE;13885;MICROCOPP NEUTRO FL x 10 lt;106
VE;13888;;30
VE;13888;FANTIC F NC WG;20
VE;13901;VERDERAME 20 PB;11,25
VE;13905;;55
VE;13905;BANJO (Nuova Etichetta Pero) x 1 lt;29
VE;13908;BORDOISAGRO WG *1Kg;29
VE;13925;BOGARD x 0,5 lt;49
VE;13926;SPONSOR;1
VE;13928;DYNAMEC EC;3
VE;13981;;1.164,80
VE;13981;CORAGEN;386,6
VE;13981;CORAGEN 20SC 20 X300ML BTL;16,2
VE;13981;CORAGEN 300ML;3
VE;13981;CORAGEN LT 0,400  (twin pack );11,2
VE;13981;CORAGEN ml 300;5,7
VE;13981;CORAGEN ml 400;32,8
VE;13981;CORAGEN ML. 400;48,4
VE;13981;CORAGEN ML.300;2,7
VE;13981;CORAGEN x 0,300 lt;93,6
VE;13981;CORAGEN x 0,400 (+AVAUNT)TW.P MAIS;50
VE;13981;CORAGEN x 0,500 lt;1
VE;13981;TWIN PACK CORAGEN04+AVAUNT1;22,4
VE;13981;TWIN PACK MAIS CORAGEN LT 0,4;70,8
VE;13998;PYRUS 400 *1Lt;13
VE;13998;PYRUS 400 SC;183
VE;13998;PYRUS SC ML 100;1
VE;14005;;4.909,00
VE;14005;CLORTOSIP 500 SC;2.259,00
VE;14005;CLORTOSIP 500 SC *5Lt;50
VE;14005;CLORTOSIP 500 SC DA LT 1;44
VE;14005;CLORTOSIP 500 SC DA LT 5;160
VE;14005;CLORTOSIP 500 SC x 1 lt;186
VE;14005;CLORTOSIP 500 SC x 5 lt;665
VE;14011;PERLAX;212
VE;14023;SUPPORT 100 EC x 1 lt (Nuova Etic.);32
VE;14024;PERFIL 10 WP x 0,5 kg;1
VE;14034;CURENOX TOP MICRO 200 GR;1
VE;14042;;10
VE;14044;JOKER 480 x 1 lt (N.C.);19
VE;14052;HALLIG 80 WG;8
VE;14055;RAME IDROSSIDO;3
VE;14055;RAME IDROSSIDO FLOW AGRISYSTEM;8
VE;14058;FEINZIN 70 DF;206,75
VE;14058;FEINZIN 70 DF *250gr;25,5
VE;14058;FEINZIN 70 DF gr 250;10,75
VE;14058;FEINZIN 70 DF x 0,250 kg;29,25
VE;14062;;156
VE;14062;ZOXIUM 240 SC;33
VE;14062;ZOXIUM 240 SC x 1 lt;341
VE;14074;KOL TRINEX 250 EW 100 ML. PER OIDIO;2,7
VE;14074;KOL TRINEX 250 EW 250 ML. PER OIDIO;7,75
VE;14074;TRINEX 250 EW;10,15
VE;14074;TRINEX 250 EW 100 ML;0,8
VE;14076;CYPRUS 25 DF;1,3
VE;14077;;709
VE;14077;CHAMP 20 DF;22
VE;14077;CHAMP 20 DF x 10 kg;110
VE;14080;MIZAR;3
VE;14085;PUNTIL MZ 1KG;8
VE;14098;CRITTOX GD 75 x 10 kg;3.500,00
VE;14099;ASPOR WDG;110
VE;14100;;12
VE;14100;KANEMITE LT 1;1
VE;14101;CARAMBA DA LT 1;149
VE;14101;CARAMBA DA LT. 1;2
VE;14101;CARAMBA LT 1;85
VE;14101;CARAMBA x 1 lt;955
VE;14102;;120
VE;14102;BORDOFLOW  NEW DA LT 10 NC;130
VE;14102;BORDOFLOW NEW;4
VE;14102;BORDOFLOW NEW DA LT 10;180
VE;14109;NICOSH;169
VE;14109;NICOSH LT 5  erbicida mais;55
VE;14119;;30
VE;14123;;1
VE;14128;;23
VE;14135;;1,77
VE;14135;GRENADIER 75 DF;1,46
VE;14136;OBERON;3,5
VE;14137;;4
VE;14137;ALTACOR;2,6
VE;14137;ALTACOR  GR 300;12,6
VE;14137;ALTACOR 35 WG DA 300 GR;2,4
VE;14137;ALTACOR 35WG  GR. 100;3,7
VE;14137;ALTACOR 35WG GR.100;1,7
VE;14137;ALTACOR GR 300;0,3
VE;14137;ALTACOR x 100 gr;2,3
VE;14137;ALTACOR x 300 gr;67
VE;14154;;3,72
VE;14154;BAYER PIRETRO ACTIGREEN  20 ML;1
VE;14154;PIRETRO ACTIGREEN;9,24
VE;14155;KOMPASS x 10 kg;2.350,00
VE;14156;;590
VE;14163;SARMOX 440 WG;62
VE;14163;SARMOX R 440 WG  *5Kg;55
VE;14165;;584
VE;14165;NANDO MAXI;133
VE;14165;NANDO MAXY x 1 lt;445
VE;14168;;12
VE;14169;;40
VE;14169;PERGADO R DA KG 5;35
VE;14178;BIOCOP TRIBASE 100ML;0,6
VE;14178;TRI-BASE;40,05
VE;14178;TRI-BASE x 10 lt;60
VE;14182;;69
VE;14184;GALATAS PLUS;5
VE;14193;SARMOX 45 DG;7,5
VE;14193;SARMOX 45 DG GR.500;1,5
VE;14195;KENDO WITH ZEON TECNOLOGY x 1 lt;147
VE;14208;;50
VE;14208;RELDAN LO;469
VE;14208;RELDAN LO *1Lt;20
VE;14240;PYR PRONTO;0,75
VE;14240;PYR PRONTO 750 ML;18,75
VE;14248;;0,6
VE;14248;CLOR QUICK;40,25
VE;14248;CLOR QUICK 100 ML ZAPI;0,2
VE;14248;CLOR QUICK 50 ML;1,05
VE;14248;CLOR QUICK ML  50;1,05
VE;14248;ZAPI UNIVERSALE ABBATTENTE/CLOR QUI;4,1
VE;14254;BILO 7,5;12
VE;14254;BILO 7,5 C;18
VE;14254;BILO 7,5 G KG. 1;10
VE;14257;;210
VE;14262;;14,69
VE;14262;GREENEX NF;43,75
VE;14262;GREENEX NF EW87,8 40 ML;40
VE;14262;GREENEX NF ML 40;0,88
VE;14262;GREENEX NF ML 500;2
VE;14262;GREENEX NF ML. 250;3,75
VE;14263;BIOTEN;0,05
VE;14263;BIOTEN FUNGICIDA GR 50;0,05
VE;14281;;51
VE;14281;BUCTRIL UNIVERSAL;68
VE;14281;BUCTRIL UNIVERSAL DA LT 1;29
VE;14281;BUCTRIL UNIVERSAL LT.1 -14281-;27
VE;14290;;194
VE;14290;KHOINOR 200 SL ML 50;1,7
VE;14290;KOHINOR 200 DA LT. 0,250;50,75
VE;14290;KOHINOR 200 DA LT. 1;58
VE;14290;KOHINOR 200 SL;119,51
VE;14290;KOHINOR 200 SL 5 ML;0,1
VE;14290;KOHINOR 200 SL 50 ML;1,2
VE;14290;KOHINOR 200 SL ML 100;2
VE;14290;KOHINOR 200 SL ML 200;2
VE;14290;KOHINOR 200 SL ML 5;0,23
VE;14290;KOHINOR 200 SL x 0,25 lt;36,5
VE;14290;KOHINOR 200 SL x 1 lt;9
VE;14290;KOL KOHINOR 200 SL DA 5 ML;6,35
VE;14290;KOL KOHINOR 200SL ML.10;0,03
VE;14290;KOL KOHINOR 200SL ML.100;13,5
VE;14290;KOL KOHINOR 200SL ML.50;10,5
VE;14294;EXECUTIVE DA GR 100;0,1
VE;14294;EXECUTIVE GR. 100 erbicida;0,6
VE;14294;EXECUTIVE x 100 gr;0,2
VE;14333;DIMILIN SC 15;3
VE;14336;;9
VE;14336;NEMATHORIN 150 EC;5
VE;14336;NEMATHORIN 150 EC x 5 lt;35
VE;14342;;2.728,00
VE;14342;VOLCAN COMBI SC;483
VE;14342;VOLCAN COMBI SC x 1 lt;641
VE;14342;VOLCAN COMBI SC x 5 lt;300
VE;14350;ZOLFO RAMATO 5;15
VE;14363;U 46 GIARDEN;3
VE;14368;RESOLVA 24H;8,5
VE;14369;RESOLVA 24H RTU;18
VE;14376;;0,14
VE;14381;PYRINET;1
VE;14387;;3.063,00
VE;14387;DISERBANTE NERVURE SUPER LT1;510
VE;14387;NERVURE SUPER;1.214,00
VE;14387;NERVURE SUPER LT 1;80
VE;14387;NERVURE SUPER x 1 lt;4
VE;14389;DESSICASH 200 SL x 1 lt;2
VE;14389;DESSICASH 200 SL x 5 lt;5
VE;14405;;672
VE;14405;MERLIN FLEXX;38
VE;14405;MERLIN FLEXX DA LT 2;4
VE;14405;MERLIN FLEXX x 2 lt;4
VE;14407;;8
VE;14407;RUNWAY;13,8
VE;14407;RUNWAY 500 ML ERBICIDA;2
VE;14407;RUNWAY ml 500;5,5
VE;14407;RUNWAY x 0,5 lt;16,5
VE;14409;;238,65
VE;14409;BAYER MOVENTO 250 ML;1
VE;14409;MOVENTO 48 SC;313,09
VE;14409;MOVENTO 48 SC LT. 1;3
VE;14409;MOVENTO 48 SC x 1 lt;56
VE;14409;MOVENTO 48 SC x 5 lt;120
VE;14409;MOVENTO 48SC   ML. 250;3,5
VE;14409;MOVENTO 48SC *250ml;1,5
VE;14409;MOVENTO 48SC *50ml;0,15
VE;14409;MOVENTO ML 250;0,5
VE;14409;MOVENTO ML.50;0,2
VE;14414;DUSTY;188,1
VE;14414;DUSTY 1 L;11
VE;14414;KOL DUSTY OLIO BIANCO EMULS. 150 ML;5,4
VE;14418;;136
VE;14418;PULSAR 40 SL;373
VE;14418;PULSAR 40 SL (IP) DA LT 1;17
VE;14418;PULSAR 40 SL (IP) x 1 lt;130
VE;14418;PULSAR 40 SL (IP) x 5 lt;140
VE;14418;PULSAR 40 SL *5Lt;15
VE;14418;PULSAR 40 SL DA LT. 1;12
VE;14418;PULSAR 40 SL(IP) DA LT 5;10
VE;14419;;0,5
VE;14419;TRUST SC;0,25
VE;14423;PRIMISOL 80 WDG;38,6
VE;14423;PRIMISOL 80 WDG 500 GR;1,5
VE;14423;PRIMISOL 80 WDG KG 0,5;0,5
VE;14426;GEODIS;1
VE;14426;GEODIS erbicida KG 1;1
VE;14431;;7
VE;14431;DISERBANTE LENTAGRAN 45WP K1;4
VE;14431;LENTAGRAM 45 WP;1
VE;14431;LENTAGRAN 45 WP;11,6
VE;14431;LENTAGRAN 45 WP DA GR.200;1
VE;14431;LENTAGRAN 45 WP KG 1;4
VE;14431;LENTAGRAN 45 WP KG.1;5
VE;14431;LENTAGRAN 45 WP x 1 kg;15
VE;14432;;164
VE;14432;METRIC;982
VE;14432;METRIC LT. 1  - 14432 -;3
VE;14434;;6,64
VE;14434;NUANCE;13,9
VE;14460;;65
VE;14474;;1.084,00
VE;14474;TEBUSIP COMBI;225
VE;14474;TEBUSIP COMBI KG 1;375
VE;14488;;288
VE;14488;ANTRACOL 70 WG;60
VE;14488;ANTRACOL 70 WG x 10 kg;140
VE;14510;;6
VE;14510;ELECTIS TRIO PB x 10 kg;6
VE;14510;ELECTIS TRIO WDG *10Kg;30
VE;14510;ELECTIS TRIO WDG *1Kg;9
VE;14510;ELECTIS TRIO WDG *4Kg;8
VE;14514;BOOSTER;120
VE;14525;MAROX SX x 100 gr;130
VE;14527;;34
VE;14543;;2
VE;14543;FLUIZOL;2
VE;14548;;379
VE;14550;;16
VE;14559;;2
VE;14559;AGREE WG;150
VE;14575;;6
VE;14575;TRIMMER SX  bustina gr. 20;0,06
VE;14577;;4.871,00
VE;14577;FORUM  R 3B  KG 1;10
VE;14577;FORUM R  3B KG. 1;60
VE;14577;FORUM R 3B;8.068,00
VE;14577;FORUM R 3B *1Kg;1
VE;14577;FORUM R 3B DA KG.10;80
VE;14577;FORUM R 3B KG.1;727
VE;14577;FORUM R 3B x 1 kg;95
VE;14577;FORUM R3B KG  1;900
VE;14636;;562,5
VE;14636;BIOLID UP;308,1
VE;14636;BIOLID UP 100ML;1,4
VE;14636;BIOLID UP DA LT. 1;21
VE;14636;BIOLID UP LT 1 olio miner. CLP;2
VE;14636;BIOLID UP LT. 1;20
VE;14636;BIOLID UP LT1;17
VE;14636;BIOLID UP x 1 lt;356
VE;14638;;1.715,00
VE;14638;NETOR;20
VE;14638;NETOR DA LT 5 - FUNGICIDA;50
VE;14638;NETOR DA LT.5;5
VE;14638;NETOR LT5;240
VE;14642;;6.103,00
VE;14642;RIDOMIL GOLD R WG;2.898,00
VE;14642;RIDOMIL GOLD R WG  KG 1;118
VE;14642;RIDOMIL GOLD R WG 10 DA  KG 1;11
VE;14642;RIDOMIL GOLD R WG 5KG;26
VE;14642;RIDOMIL GOLD R WG DA KG 10;40
VE;14642;RIDOMIL GOLD R WG KG 1;72
VE;14642;RIDOMIL GOLD R WG KG 5;250
VE;14642;RIDOMIL GOLD R WG x 1 kg;223
VE;14642;RIDOMIL GOLD R WG x 10 kg;100
VE;14643;CENTIUM 36 CS;16
VE;14643;CENTIUM 36 CS x 1;38
VE;14643;CENTIUM 36 CS x 1 lt;6
VE;14655;VIVER WDG;29
VE;14664;;0,45
VE;14664;BERELEX 40 SG;0,06
VE;14679;;150
VE;14686;;555
VE;14686;KOCIDE OPTI x 5 kg;375
VE;14687;QUAD-GLOB 200 SL;18
VE;14687;QUAD-GLOB 200 SL x 1 lt;16
VE;14687;QUAD-GLOB 200 SL x 5 lt;65
VE;14693;VIP 80 EC x 0,75 lt;0,75
VE;14697;;11
VE;14697;ENERVIN DUO;3
VE;14697;ENERVIN DUO LT 1;6
VE;14697;ENERVIN DUO x 1 lt;101
VE;14697;ENERVIN DUO x 5 lt;140
VE;14699;;100,5
VE;14699;GEOXE;13
VE;14699;GEOXE x 1 kg;20
VE;14735;;2,65
VE;14735;RANMAN TOP;2,5
VE;14735;RANMAN TOP ML.500;3
VE;14735;RANMAN TOP x 2 lt;24
VE;14737;;3.794,00
VE;14737;ROUNDUP PLATINUM;2.278,00
VE;14737;ROUNDUP PLATINUM LT 1;141
VE;14737;ROUNDUP PLATINUM LT 5;270
VE;14737;ROUNDUP PLATINUM x 15 lt;60
VE;14739;;102,5
VE;14739;DECIS PROTECT;75
VE;14739;DECIS PROTECT AL LT. 1;8
VE;14739;DECIS PROTECT LT. 1;24
VE;14758;;11,48
VE;14758;KARATE WITH ZEON TECHNOLOGY 1.5 HOB;19,28
VE;14760;RASIKAL PRO;24
VE;14764;;10
VE;14764;SLUXX;5
VE;14765;;1.661,00
VE;14765;DISERBANTE ELUMIS LT 1;600
VE;14765;ELUMIS;1.577,00
VE;14765;ELUMIS *1Lt;20
VE;14765;ELUMIS *5Lt;30
VE;14765;ELUMIS DA LT 1;80
VE;14765;ELUMIS DA LT. 1 - 14765;3
VE;14765;ELUMIS x 1 lt;58
VE;14765;ELUMIS x 5 lt;285
VE;14766;ACTARA 240 SC x 1 lt;454
VE;14767;HERBICLEAN AL;12
VE;14769;;144
VE;14769;COMET 250 EC;99
VE;14769;COMET 250 EC DA LT 0,700;21
VE;14769;COMET 250 EC DA LT 1;36
VE;14769;COMET 250 EC ML.700;1,4
VE;14769;COMET 250 EC x 1 lt;2
VE;14772;;1.024,00
VE;14772;BANDERA;296
VE;14785;;24,29
VE;14785;DRISCOL ML.200;26,2
VE;14785;DRISCOLL;27,74
VE;14785;DRISCOLL 10ML;0,17
VE;14785;DRISCOLL DA 10 ML;0,46
VE;14785;DRISCOLL ml 50;0,75
VE;14785;DRISCOLL ML. 50;7,9
VE;14785;DRISCOLL ML.500;27,5
VE;14792;MELODY TREVI x 1 kg;17
VE;14792;MELODY TREVI x 8 kg;24
VE;14797;;1,5
VE;14799;AFIDI SISTEMICO 25 ML AFLOR 200 SL;24
VE;14799;AFIDI SISTEMICO 5 ML AFLOR 200 SL;24
VE;14799;AFIDI SISTEMICO 50 ML AFLOR 200 SL;24
VE;14799;AFLOR 200 SL;17,15
VE;14799;AFLOR 200 SL 50 ML;0,05
VE;14799;AFLOR 200 SL ML. 5;0,6
VE;14799;AFLOR 200 SL ML.25;4,04
VE;14799;AFLOR 200SL *50ML;1,2
VE;14799;AFLOR 200SL *5ML;0,11
VE;14799;AFLOR 200SL ML. 50 ZAPI;5,7
VE;14799;ZAPI AFICIDA SIST.ML.5 AFLOR 200SL;0
VE;14799;ZAPI AFICIDA SIST.ML.50 AFLOR 200SL;0,1
VE;14803;;348
VE;14803;ELECTIS ZR;44
VE;14804;COPPER - DF;7,5
VE;14807;;344
VE;14807;LUZINDO;238
VE;14807;LUZINDO x 0,25 kg;38,25
VE;14807;LUZINDO x 1 kg;52
VE;14807;LUZINDO x250ml;0,25
VE;14809;;30
VE;14809;CUPRAVIT BIO EVOLUTION;22
VE;14809;CUPRAVIT BIO EVOLUTION x 1 kg;5
VE;14809;CUPRAVIT BIOEVOLUTION DA KG 1;17
VE;14812;;6.403,00
VE;14812;ENERVIN TOP;5.161,00
VE;14812;ENERVIN TOP *1Kg;5
VE;14812;ENERVIN TOP DA KG 5;5
VE;14812;ENERVIN TOP KG 1;324
VE;14812;ENERVIN TOP WG x 1 kg;127
VE;14812;ENERVIN TOP WG x 5 kg;1.285,00
VE;14815;;3.875,30
VE;14815;ADENGO;5.588,00
VE;14815;ADENGO *10lt;80
VE;14815;ADENGO *2lt;94
VE;14815;ADENGO DA LT 10;590
VE;14815;ADENGO DA LT 2;18
VE;14815;ADENGO DA LT. 10;550
VE;14815;ADENGO DA LT. 2;462
VE;14815;ADENGO x 10 lt;780
VE;14815;ADENGO x 2 lt;436
VE;14815;DISERBANTE ADENGO LT 2;208
VE;14818;;58
VE;14818;ACANTO;20,7
VE;14818;ACANTO 250SC 10 DA LT 1 (REVOC;1
VE;14818;ACANTO x 1 lt;13
VE;14828;NUPRID SUPREME SC x 1 lt;55
VE;14837;GLIFOSAR FLASH;4.011,00
VE;14837;GLIFOSAR FLASH LT. 1;240
VE;14837;GLIFOSAR FLASH LT. 20;140
VE;14837;GLIFOSAR FLASH LT. 5;300
VE;14838;;3.157,00
VE;14838;BARCLAY GALLUP BIOGRADE 360;239
VE;14838;BARCLEY GAL.BIO 360 LT 1;123
VE;14838;GALLUP BIOGRADE 360 DA LT 20;800
VE;14838;GALLUP BIOGRADE 360 x 20 lt;7.400,00
VE;14844;;1
VE;14845;MYSTIC PLUS S x 1 kg;9
VE;14857;ABOTRIL 500 SC DA LT 1;11
VE;14867;SYNERO;10
VE;14868;;30
VE;14870;COPPERLAND x 10 kg;140
VE;14872;;15
VE;14872;BELLIS DRUPACEE KG 2,5;2,5
VE;14872;BELLIS DRUPACEE x 2,5 kg;2,5
VE;14876;;23
VE;14876;DISERBANTE GRANDSTAND LT 1;4
VE;14876;GRANDSTAND;46,75
VE;14876;GRANDSTAND ERBICIDA LT1;17
VE;14876;GRANDSTAND x 1;5
VE;14879;;9,6
VE;14879;LONTREL 72 SG;8,1
VE;14879;LONTREL 72 SG gr 150;2,1
VE;14879;LONTREL 72 SG x 150 gr;21
VE;14884;;13.039,00
VE;14884;CORUM;12.043,00
VE;14884;CORUM *1Lt;94
VE;14884;CORUM *5Lt;290
VE;14884;CORUM DA LT 1;518
VE;14884;CORUM DA LT 5;1.240,00
VE;14884;CORUM DA LT. 1;80
VE;14884;CORUM DA LT. 5;115
VE;14884;CORUM LT 1;27
VE;14884;CORUM x 1 lt;31
VE;14884;DISERBANTE CORUM LT 1;1.306,00
VE;14885;ROUNDUP RAPIDO 1 LT;3
VE;14891;;50
VE;14895;;45
VE;14895;LANNATE 20 SL;7
VE;14895;LANNATE 20 SL LT. 1  -14895-;3
VE;14897;FLUROSTAR 200 x 1 lt;23
VE;14900;;105
VE;14901;;1,75
VE;14901;CONCORDE 125;1,85
VE;14901;CONCORDE 125 EC 100 ML;2,5
VE;14901;CONCORDE 125 EC ml 50;1,15
VE;14901;CONCORDE 125 x 0,5 lt;5,5
VE;14909;NURELLE 5;5
VE;14909;NURELLE 5  LT 1;19
VE;14909;NURELLE 5 DA LT 1;24
VE;14913;XEDASPER;100
VE;14913;XEDASPER DA KG 1;40
VE;14914;YSAYO x 10 lt;380
VE;14919;;2
VE;14919;EMERALD 125;2
VE;14919;EMERALD 125 ML. 50;1,25
VE;14925;SWING EX-TRA x 0,5 lt;0,5
VE;14931;;22
VE;14935;;293
VE;14935;TRAXOS ONE;230
VE;14935;TRAXOS ONE *1Lt;28
VE;14935;TRAXOS ONE DA LT 1;84
VE;14935;TRAXOS ONE DA LT 5;25
VE;14935;TRAXOS ONE x 1 lt;115
VE;14935;TRAXOS ONE x 5 lt;40
VE;14936;;840,5
VE;14936;AMPLIGO;782
VE;14936;AMPLIGO  ML 500;1
VE;14936;AMPLIGO *500ml;2,5
VE;14936;AMPLIGO DA 500 ML;9,5
VE;14936;AMPLIGO DA LT 1;98
VE;14936;AMPLIGO LT 05;85,5
VE;14936;AMPLIGO LT 1 insett.;4
VE;14936;AMPLIGO ML 500 insett.;5
VE;14936;AMPLIGO ML.500;7
VE;14936;AMPLIGO x 0,5 lt;9
VE;14936;AMPLIGO x 1 lt;7
VE;14940;;0,45
VE;14940;TAKUMI DA ML. 150;1,5
VE;14940;TAKUMI ml 150;0,15
VE;14947;;2.036,00
VE;14947;TRUSTEE 450;1.079,00
VE;14951;BOTECTOR;7,6
VE;14967;;1.037,00
VE;14967;TIPTOR ULTRA;464
VE;14967;TIPTOR ULTRA DA 5 LT;50
VE;14967;TIPTOR ULTRA DA LT 1;46
VE;14967;TIPTOR ULTRA LT 1;164
VE;14967;TIPTOR ULTRA x 1 lt;5
VE;14967;TIPTOR ULTRA x 5 lt;30
VE;14969;;45
VE;14969;HOPPER 480;523
VE;14970;POLYSECT ULTRA SL;0,7
VE;14972;;4
VE;14972;DICARZOL 50 SP KG.1 - 14972-;1
VE;14972;DICARZOL 50 SP KG.1 (1°T);6
VE;14980;AFFINITY PLUS;19
VE;14985;;1
VE;14985;RETENGO PLUS;67
VE;14986;;1.480,00
VE;14986;OPERA NEW;725
VE;14986;OPERA NEW DA LT 5;270
VE;14986;OPERA NEW x 5;60
VE;14986;OPERA NEW x 5 lt;60
VE;15005;;162
VE;15005;FONTELIS;29
VE;15008;;24
VE;15008;ENERVIN PRO (LBG01F34) x 2 lt;54
VE;15008;LBG - 01F34;506
VE;15013;;45,4
VE;15013;BAYER LUMACHICIDA 500 GR;4
VE;15013;NATRIA LUMACHICIDA;96
VE;15013;NATRIA LUMACHICIDA 500G;5,5
VE;15023;DERREX x 20 kg;120
VE;15024;;4
VE;15024;MESUROL 200 SC;45
VE;15024;MESUROL 200 SC DA LT 1;2
VE;15024;MESUROL 200 SC x 1;1
VE;15024;MESUROL 200 SC x 1 lt;87
VE;15030;COSSACK x 0,6 kg;9
VE;15034;DICOPHAR;36,8
VE;15034;DICOPHAR GR. 100;1
VE;15034;KOL DICOPHAR ML.100;77
VE;15034;KOL DICOPHAR ML.500;2
VE;15037;;2
VE;15037;BREZZA *1Lt;11
VE;15037;BREZZA DA LT. 1 - REG.15037 -;6
VE;15041;OPINION ECNA;11
VE;15041;OPINION ECNA *500gr;3
VE;15047;;900
VE;15047;BAYER R6 BORDEAUX WG 500 G;5
VE;15047;R6 ERRESEI BOR.WGX GR 250;3,75
VE;15047;R6 ERRESEI BORDEAUX WG;253
VE;15049;;298
VE;15049;MODDUS;98
VE;15049;MODDUS  fitoregolatore LT 1;3
VE;15049;MODDUS DA LT 1;140
VE;15049;MODDUS x 1 lt;54
VE;15050;;121
VE;15050;VERTIMEC PRO;147
VE;15050;VERTIMEC PRO *1Lt;9
VE;15050;VERTIMEC PRO LT 1;58
VE;15050;VERTIMEC PRO LT. 1;12
VE;15050;VERTIMEC PRO x 1 lt;83
VE;15051;KYLEO;905
VE;15052;KAIMO SORBIE ML. 300;0,3
VE;15053;ADMIRAL ECHO x 1 lt;10
VE;15058;;1,76
VE;15058;PRINCIPAL MAIS;40,04
VE;15058;PRINCIPAL MAIS  GR 440;0,44
VE;15058;PRINCIPAL MAIS 440G JAR;101,64
VE;15058;PRINCIPAL MAIS GR.440;0,44
VE;15058;PRINCIPAL MAIS x 440 gr;43
VE;15059;;655,5
VE;15059;DECIS EVO;831
VE;15059;DECIS EVO *1LT;21
VE;15059;DECIS EVO *250ml;17,5
VE;15059;DECIS EVO DA LT 1;125
VE;15059;DECIS EVO DA LT 5;245
VE;15059;DECIS EVO DA LT. 1;46
VE;15059;DECIS EVO LT 1;13
VE;15059;DECIS EVO LT 5;15
VE;15059;DECIS EVO LT. 1;5
VE;15059;DECIS EVO ML 250;15
VE;15059;DECIS EVO ML.250;36
VE;15059;DECIS EVO x 1 lt;138
VE;15059;DECIS EVO x 5 lt;140
VE;15062;;1
VE;15062;PIRAMAX  EC;5
VE;15063;NIMBLE 50 GR;0,5
VE;15063;NIMBLE x 50 gr;1,65
VE;15064;;130
VE;15064;MAESTRO WG ADVANCE;332
VE;15064;MAESTRO WG advance *1Kg;48
VE;15071;;94
VE;15071;DISERBANTE EVOLUTION LT 1;4
VE;15071;EVOLUTION;92
VE;15071;EVOLUTION LT 1 erbicida;7
VE;15083;AUDACE x 1 lt;26
VE;15084;DRUM *500gr;1,5
VE;15085;VITISAN 45 WG;11,5
VE;15093;;1,5
VE;15093;CENTURIO;52,5
VE;15093;CENTURIO 1 KG;5
VE;15093;CENTURIO KG 1 esca insetticida;37
VE;15093;CENTURIO KG 5 esca insetticida;10
VE;15093;KOL CENTURIO KG.1;106
VE;15096;GLIPHOGAN TOP CL;240
VE;15096;GLIPHOGAN TOP CL x 1 lt;36
VE;15096;GLIPHOGAN TOP CL x 5 lt;1.310,00
VE;15101;;15
VE;15101;CIMORAM ULTRA WG;16
VE;15102;;475
VE;15102;VITENE R WG;84
VE;15102;VITENE R WG  1 KG;59
VE;15107;;16
VE;15112;SIMPLIA;61
VE;15112;SIMPLIA x 1 lt;1
VE;15115;;22
VE;15115;PROSPER 500 EC;428
VE;15115;PROSPER 500 EC x 1;38
VE;15115;PROSPER 500 EC x 1 lt;15
VE;15116;ELIOS R;9
VE;15122;;2
VE;15122;ACTELLIC 50 NEWPHARM;6
VE;15124;;624
VE;15124;ZANTARA;540
VE;15124;ZANTARA LT 3;3
VE;15124;ZANTARA PER LT 3;216
VE;15124;ZANTARA x 3;69
VE;15125;;2
VE;15125;PROLECTUS x 1 kg;99
VE;15130;;175
VE;15130;INTREPID;72
VE;15130;INTREPID *1Lt;2
VE;15130;INTREPID SC x 1 lt;98
VE;15135;;47
VE;15135;OLEOSAN PLUS;8
VE;15135;OLEOSAN PLUS PPO *1 Lt.;9
VE;15139;;20
VE;15139;INDIPENDENT SC-15;105
VE;15142;;385
VE;15142;ALCANCE SYNC TEC;475
VE;15145;TEMPLIER x 180 gr;3,78
VE;15147;RAME TRIBASICO WG;0,9
VE;15148;ENVIROMITE 480SC ML 10;0,15
VE;15149;;175
VE;15149;CONSAVET DF EDGE;840
VE;15168;;51
VE;15168;ZORO 1,9 EW DA LT 1;8
VE;15168;ZORO 1,9 EW DA LT 5;10
VE;15168;ZORO 1,90  EW ins.acar.;14
VE;15168;ZORO 1.9 EW;37
VE;15177;ROTATE PLUS DF x 1 kg;161
VE;15177;ROTATE PLUS DF x 10 kg;590
VE;15181;;45,5
VE;15181;CIRRUS CS;89,5
VE;15181;CIRRUS CS DA 0,5 LT;8
VE;15181;CIRRUS CS DA LT.  2;142
VE;15181;CIRRUS CS DA LT. 0,500;65,5
VE;15181;CIRRUS CS ml 500;49,5
VE;15184;SATEL GEO;47
VE;15184;SATEL GEO INSETTICIDA GRANULAR;7
VE;15184;SATEL GEO KG 1;121
VE;15184;SATEL GEO KG. 1;87
VE;15193;;436
VE;15193;CONTATTO PIU' EXTRA;395
VE;15193;CONTATTO PIU EXTRA x 1 lt;161
VE;15193;CONTATTO PIU EXTRA x 5 lt;215
VE;15193;CONTATTO PIU' EXTRA x1;13
VE;15193;CONTATTO PIU' EXTRA x5;15
VE;15200;QUALY x 1;2
VE;15201;FLOXY 355 SC;26
VE;15201;FLOXY 355 SC LT 1;2
VE;15211;TRAMAN;550
VE;15213;;0,57
VE;15213;DEMETRINA FLOW;11,35
VE;15213;DEMETRINA FLOW ML. 200;4,8
VE;15221;;345
VE;15221;ZETARAM PLUS;368
VE;15221;ZETARAM PLUS LT 1;9
VE;15221;ZETARAM PLUS LT. 10;180
VE;15221;ZETARAM PLUS LT.1;260
VE;15222;;220
VE;15222;FOLICUR COMBI WG;349
VE;15227;MESUROL EVOLUTION;2,35
VE;15232;;10
VE;15235;MOMENTUM;140
VE;15236;ZAMMO x 1 lt;8
VE;15237;CHIKARA DUO;62
VE;15250;;40
VE;15250;COPRANTOL DUO;1.155,00
VE;15250;COPRANTOL DUO x 5 kg;260
VE;15251;;149
VE;15251;AIRONE LIQUIDO DA LT 10;200
VE;15253;FALCON MK x 1 lt;931
VE;15253;FALCON MK x 5 lt;990
VE;15263;;566
VE;15263;DYNALI;401
VE;15263;DYNALI x 1 lt;71
VE;15264;;384
VE;15264;ENERVIN PRO (Enervin SC) x 1,5 lt;40,5
VE;15264;ENERVIN SC;379,5
VE;15265;PROMAN FLOW x 1 lt;17
VE;15266;;880
VE;15266;QUARTET;700
VE;15266;QUARTET x 10 lt;560
VE;15267;;3
VE;15270;PROFELIS;3
VE;15273;BITAM 15 EC;11
VE;15285;PRIMMA STAR;0,44
VE;15286;KENDO ZEON 1.5 x 1 lt;33
VE;15289;;2
VE;15289;BAYER NATRIA SERENADE GR 200;1,2
VE;15289;SERENADE NATRIA;2,9
VE;15289;SERENADE NATRIA GR. 200;3,6
VE;15289;SERENADE NATRIA GR.200;0,2
VE;15291;;15,7
VE;15291;TURFENE PLUS;3
VE;15293;;3,5
VE;15294;KENDO BI-ACTIVE (Xn-N) DA LT 1;22
VE;15294;KENDO BI-ACTIVE x 1 lt;1.276,00
VE;15300;ARMETIL FLOW LT. 1;19
VE;15302;;195
VE;15302;AMYLO-X x 1 kg (S.18);14
VE;15307;DEDALUS 25 WDG gr 500;27
VE;15310;;15
VE;15313;;79
VE;15313;ZOLFO SC;18
VE;15313;ZOLFO SC DA LT 10;40
VE;15317;FLARE GOLD COMBI PEPITE x 5 kg;1.530,00
VE;15325;CORNER MZ WG;26
VE;15325;CORNER MZ WG x 10 kg;840
VE;15326;CUPROTEK DISPERSS x 10 kg;7.290,00
VE;15327;METAMAN 8-64 WG;26
VE;15331;;60
VE;15333;;1.813,56
VE;15333;APPLAUD PLUS;784,92
VE;15333;APPLAUD PLUS  20GR;1,16
VE;15333;APPLAUD PLUS  KG 1;128
VE;15333;APPLAUD PLUS 20 GR;0,48
VE;15333;APPLAUD PLUS KG 1;25
VE;15333;APPLAUD PLUS x 1 lt;70
VE;15335;U 46 ULTRA x 5 lt;20
VE;15335;U46 ULTRA DA LT 5;160
VE;15340;;3
VE;15340;FEUDO 50 WP;33
VE;15340;FEUDO 50 WP *1Kg;7
VE;15344;;4
VE;15344;FILAN WG;3
VE;15348;;50
VE;15349;;184
VE;15349;ARES 430 SC;25
VE;15351;POWERSHUT;24
VE;15356;;183
VE;15356;AVIATOR SC LT1;11
VE;15356;SPHINX SC;1
VE;15358;ZOLFO FLOW MCT;1.510,00
VE;15361;;7,65
VE;15361;LIETO fung.antiper. kg. 0,450;3,15
VE;15363;;570
VE;15364;DESIGN WG DA KG 1;10
VE;15364;DESINGN WG KG 1;2
VE;15365;RAME ZOLFO FLOW MCT;3
VE;15365;RAMEZOLFO FLOW;9
VE;15365;RAMEZOLFO FLOW DA LT 1;18
VE;15370;FURY GEO x 10 kg;8.710,00
VE;15371;BELEM PROTEZIONE x 12 kg;960
VE;15378;;332
VE;15378;TRAXOS PRONTO 60 DA LT 1;71
VE;15378;TRAXOS PRONTO 60 DA LT 5;20
VE;15378;TRAXOS PRONTO 60 LT 1;9
VE;15378;TRAXOS PRONTO 60 x 1 lt;19
VE;15378;TRAXOS PRONTO 60 x 5 lt;30
VE;15379;;49,5
VE;15379;AXIAL PRONTO 60;110,75
VE;15379;AXIAL PRONTO 60 lt 3,75;15
VE;15379;AXIAL PRONTO 60 ml 750;28,5
VE;15379;AXIAL PRONTO 60 x 0,75 lt (1 Ha);25,5
VE;15379;DISERBANTE AXIAL PRONTO 60  ML750;2,25
VE;15384;;63
VE;15384;LUNA EXPERIENCE;7
VE;15384;LUNA EXPERIENCE DA LT 1;9
VE;15384;LUNA EXPERIENCE x 1 lt;32
VE;15388;MEXIL ORO R WG;66
VE;15388;MEXIL ORO R WG KG 1;78
VE;15389;FLARE GOLD R WG x 10 kg;1.970,00
VE;15391;KOLEOS 69 WG;5
VE;15392;;56
VE;15395;ATHADO 40 SC;12
VE;15395;ATHADO 40 SC DA LT.1;5
VE;15401;DISERBANTE TAIFUN MK CL 1LT;72
VE;15401;TAIFUN MK  CL LT  1 glifosate;304
VE;15401;TAIFUN MK  CL LT. 5;200
VE;15401;TAIFUN MK CL;3.190,00
VE;15401;TAIFUN MK CL LT 5;210
VE;15401;TAIFUN MK CL LT.1 -15401-;327
VE;15401;TAIFUN MK CL x 1 lt;1.020,00
VE;15401;TAIFUN MK CL x 1 lt (Nuova Etich.);140
VE;15401;TAIFUN MK CL x 20 lt;20
VE;15401;TAIFUN MK CL x 5 lt;650
VE;15401;TAIFUN MK CL x 5 lt (Nuova Etich.);155
VE;15405;DISERBO 1 LT ZAPI TOT SHAMAL MK PLU;36
VE;15405;SHAMAL MK PLUS CL;2.027,00
VE;15408;MAXIMA x 5 lt;225
VE;15419;;187
VE;15420;DIQUASH;40
VE;15422;;16,74
VE;15422;KELVIN DUO;21,06
VE;15422;KELVIN DUO x 180 gr;53
VE;15433;;62
VE;15433;ATLAS;11
VE;15448;;197
VE;15448;REBEL TOP;199
VE;15449;;382
VE;15449;CIDELY;495
VE;15449;CIDELY x 1 lt;93
VE;15451;;69
VE;15451;ELIOS WG TOP KG1;6
VE;15483;WISH;16
VE;15483;WISH DA LT 5;20
VE;15483;WISH LT 1;86
VE;15493;SIMUN 40 OD;612
VE;15493;SIMUN 40 OD LT.1 -15493-;12
VE;15499;;443,75
VE;15499;DISERBANTE SONG 70WDG  250;155
VE;15499;SONG 70 WDG;540,5
VE;15499;SONG 70 WDG DA 250 GR.;1,25
VE;15499;SONG 70 WDG DA 500 GR;20
VE;15499;SONG 70 WDG DA GR 250;20
VE;15505;SILBOT 500 SC x 1 lt;493
VE;15507;CREW SUPERB;55
VE;15507;CREW SUPERB x 1 lt;15
VE;15513;;25
VE;15513;OSSICLOR 35 WG GREEN;7
VE;15513;OSSICLOR 35 WG N.C.KG 10 green;330
VE;15514;;12,8
VE;15514;CUPRAVIT BLU 35 WG;320
VE;15515;POLT.BORD.PB MANICA 20%  N.C;40
VE;15542;ANTILUMACHE FER;5
VE;15543;;16
VE;15543;LUMACHICIDA FER;9,5
VE;15546;;35,55
VE;15546;BIATHLON 4D;27
VE;15546;BIATHLON 4D DA GR 100;14,5
VE;15546;BIATHLON 4D DA GR 350;29,75
VE;15546;BIATHLON 4D gr 350;3,15
VE;15546;BIATHLON 4D x 350 gr;4,55
VE;15553;;36
VE;15553;REGALIS PLUS;13,5
VE;15566;;61
VE;15566;VISION PLUS;75
VE;15569;;10
VE;15569;LOOP 40;14
VE;15569;LOOP 40 x 1 lt;7
VE;15569;LOOP 40 x 5 lt;80
VE;15572;;27
VE;15572;ZOMINEX;2
VE;15573;PROMESS SL;61
VE;15573;PROMESS SL LT 1;7
VE;15574;;12
VE;15574;KARMA 85;12
VE;15583;PIRAT;48
VE;15591;;1.277,00
VE;15591;PREVIN TOP KG 1;20
VE;15591;PREVINT TOP;63
VE;15596;;79
VE;15598;;366
VE;15598;CARPOVIRUSINE EVO;1
VE;15612;;0,3
VE;15621;;1
VE;15626;ORBIT 440 EC;22
VE;15640;PROLINE STAR x 5 lt;115
VE;15641;SIATTOL 200 SL;3,25
VE;15644;LANDMASTER;58
VE;15650;;3
VE;15650;TB 25 WG;18,5
VE;15651;FLANKER DA KG 1;1
VE;15651;FLANKER x 1;1
VE;15653;MULTI DA KG 1;4
VE;15655;KEETON 25 WG x 1 kg;1
VE;15661;SENEGO;4,75
VE;15661;SENEGO ARBUSTICIDA ML 250;2,25
VE;15663;CUPRAVIT 35 WG;30
VE;15663;CUPRAVIT WG35 DA KG 10;50
VE;15666;;50
VE;15666;ANTIOIDICO COMBI KG1;1
VE;15666;TURNER COMBI;672
VE;15668;;210,25
VE;15668;DISERBANTE GHIBLI 240/OD 250;30,5
VE;15668;GHIBLI 240 OD;143
VE;15668;GHIBLI 240 OD 20X250 ML;5
VE;15668;GHIBLI 240 OD DA LT 1;24
VE;15668;GHIBLI 240 OD FLAC. 250 ML;4,75
VE;15668;GHIBLI 240 OD x 0,25 lt;58,75
VE;15668;GHIBLI 240 OD x 1 lt;269
VE;15674;;10,75
VE;15674;AMADEUS TOP gr 250;2,5
VE;15674;AMADEUS TOP x 250 gr;8
VE;15677;KARDON 100 DISERBANTE DICOTILE;2,25
VE;15680;MITRHA 40 SC x 5 lt;65
VE;15681;LUMADRY ESCA;12
VE;15687;MICLOCUR x 1;97
VE;15689;DIFENZONE;1
VE;15689;DIFENZONE DA LT 1;12
VE;15689;DIFENZONE x 1 lt;34
VE;15710;CLINCHER ONE;40
VE;15713;DIABLO SC;36
VE;15713;DIABLO SC DA ML 200;7,2
VE;15713;DIABLO SC x 0,2 lt;117
VE;15722;;128
VE;15722;ARMICARB 85;5
VE;15722;ARMICARB 85 KG 1;9
VE;15725;;2,8
VE;15725;DUAXO;44,6
VE;15738;STOPWEED 480 x 1 lt;590
VE;15741;AVADEX FACTOR;70
VE;15741;AVADEX FACTOR x 10(con Pressing 500;3
VE;15743;TWINGO x 1;98
VE;15746;EXTENSOR OD x 10 lt;340
VE;15751;;576
VE;15751;VITENE TRIPLO R;974
VE;15751;VITENE TRIPLO R WG GR 500;23
VE;15758;;881
VE;15758;QUILT XCEL;1.501,00
VE;15758;QUILT XCEL DA LT 1;9
VE;15758;QUILT XCEL x 1 lt;15
VE;15758;QUILT XCEL x 5 lt;890
VE;15759;DECIS TRAP;2
VE;15765;DIABLO;31
VE;15765;DIABLO DA GR 500;101
VE;15779;ABANTO;2,59
VE;15779;ABANTO *20 Ml.;0,3
VE;15779;ABANTO PIRETRO NATURALE 50ML;0,05
VE;15780;OSSICLOR 50 KG 10    XN green;460
VE;15790;;300
VE;15817;;89
VE;15817;GLADIATOR;76
VE;15834;TRACER 120;10
VE;15841;FLOCTER;70
VE;15841;FLOCTER WP5 DA KG 10;10
VE;15842;AFICIONADO x 3 lt;24
VE;15844;;916
VE;15844;SLOGAN TOP;98
VE;15845;;38
VE;15845;ARAGON FUNGICIDA DA KG 1;30
VE;15845;ARAGON gran.idrod. KG 1;141
VE;15857;;768
VE;15857;R6 ERRESEI PASADOBLE x 10 kg;160
VE;15858;;3,4
VE;15877;CONSENTO;17
VE;15877;CONSENTO SC DA LT 1;11
VE;15877;CONSENTO SC DA LT 5;30
VE;15877;CONSENTO SC LT 1;47
VE;15877;CONSENTO SC LT 5;20
VE;15877;CONSENTO x 5 lt;40
VE;15882;ATILLA (BICARB. POTASSIO) x 10 kg;60
VE;15883;MARTO' DISER. LT 1;169
VE;15886;METAREX INOV;70
VE;15886;METAREX INOV x 5;30
VE;15891;BLAISE;59
VE;15893;GIAGUAR SL;0,25
VE;15894;;272
VE;15894;DUOKAR 20 EW;100
VE;15900;;7.700,00
VE;15900;TRIKA EXPERT;5.580,00
VE;15900;TRIKA expert *10Kg;560
VE;15900;TRIKA EXPERT DA KG 10;2.420,00
VE;15900;TRIKA EXPERT DA KG.10;50
VE;15900;TRIKA EXPERT x 10 kg;990
VE;15901;;9.826,00
VE;15901;ERCOLE;30.105,75
VE;15901;ERCOLE  GRAN. KG. 10;860
VE;15901;ERCOLE 1 KG;10
VE;15901;ERCOLE DA KG.10;3.190,00
VE;15901;ERCOLE GR DA KG 10;1.440,00
VE;15901;ERCOLE KG  1;3.010,00
VE;15901;ERCOLE x 10 kg;2.190,00
VE;15907;;43
VE;15907;PRESIDIUM ONE;36,8
VE;15907;PRESIDIUM ONE LT 1;8
VE;15907;PRESIDIUM ONE x 1 lt;62
VE;15907;PRESIDIUM ONE x 5 lt;70
VE;15910;KARAKAS DA LT 0,5;44
VE;15910;KARAKAS ml 500;39,5
VE;15912;CUPRO ISAGRO WG;2.887,00
VE;15912;CUPROISAGRO WDG *10Kg;300
VE;15912;CUPROISAGRO WDG *1Kg;278
VE;15912;CUPROISAGRO WDG *20Kg;300
VE;15913;;12
VE;15914;;12
VE;15917;;5
VE;15923;ERBIKUS 400 SC ELT 1;44
VE;15925;CLEAR SUPREM;2
VE;15925;CLEAR SUPREME;3
VE;15932;;0,1
VE;15932;AXIENDO CONCENTRATO;10,4
VE;15932;AXIENDO CONCENTRATO ML. 100;1,2
VE;15949;;22
VE;15949;PROMEX;2
VE;15949;PROMEX x 1 lt;22
VE;15956;RAVANE 100 CS x 0,5 lt;72
VE;15961;;392
VE;15961;RETENGO NEW;103
VE;15961;RETENGO NEW LT 1;11
VE;15961;RETENGO NEW x 1 lt;11
VE;15962;LECTRA MZ WG;130
VE;15962;LECTRA MZ WG *10Kg;100
VE;15996;;75
VE;15996;PATRIOT DRY;115
VE;15996;PATRIOT DRY x 1 kg (18);24
VE;16000;;60,75
VE;16000;MINUET GR;197,25
VE;16010;ACRUX 10 WP *200gr;21,4
VE;16012;SEPRABAIT;59,8
VE;16030;CONTENDER WG;10
VE;16032;;8
VE;16034;;64
VE;16035;;1,5
VE;16042;TOSCANA *10gr;0,1
VE;16042;TOSCANA gr 10;0,18
VE;16051;;275
VE;16051;LENNS;57,5
VE;16054;SINSTAR x 1 lt;1
VE;16056;;1,75
VE;16063;;8,58
VE;16063;ARIGO;39,38
VE;16063;ARIGO  Bar. da gr. 330;3,3
VE;16065;;40,5
VE;16065;TOPIK ONE;10,5
VE;16071;;148
VE;16071;MESOZIN 70 WG;45
VE;16071;MESOZIN 70 WG gr 250;24,75
VE;16071;MESOZIN 70WG 250G;5,75
VE;16074;GLORIAL 25 EC;1
VE;16075;;36
VE;16075;AGHERUD M;37
VE;16075;AGHERUD M DA LT 1;24
VE;16075;DISERBANTE AGHERUD M LT1;43
VE;16083;STIKER FLOW;42,6
VE;16083;STIKER FLOW ML.100;2,3
VE;16084;;4
VE;16088;;50
VE;16098;NIBER 70 DF;14
VE;16098;NIBER 70 DF x 0,250 kg;213,25
VE;16099;SINIS 70 DF;4
VE;16099;SINIS 70 DF DA GR250;33
VE;16101;;1.407,00
VE;16101;TOPAS COMBI LIQUIDO;227
VE;16101;TOPAS COMBI LIQUIDO DA LT. 1;5
VE;16101;TOPAS COMBI LT1;23
VE;16104;;262
VE;16104;ELECTIS TRIO WDG;364
VE;16104;ELECTIS TRIO WDG x 10 kg;4.370,00
VE;16107;RADAR COMBI FLOW;4
VE;16114;;396
VE;16114;SIMITAR   EVO;39
VE;16117;SERBY;11
VE;16117;ZAPI DISERBO RESID.SIST.500ML SERBY;3
VE;16124;JUVINAL ECHO PLUS;14
VE;16124;JUVINAL ECHO PLUS x 1 lt;2
VE;16126;;266,2
VE;16126;FLANCO SC;43
VE;16126;FLANCO SC *200ml;10,2
VE;16126;FLANCO SC ml 200;91,2
VE;16136;LUMA GOLD GR. 350 ZAPI;1,75
VE;16136;LUMA GOLD GR. 750 ZAPI;4,5
VE;16136;LUMA-GOLD;18,7
VE;16137;;2.375,00
VE;16137;OSIRIS;1.490,00
VE;16137;OSIRIS DA LT 5;310
VE;16137;OSIRIS LT 5;175
VE;16137;OSIRIS x 5;300
VE;16137;OSIRIS x 5 lt;80
VE;16139;;567
VE;16139;SEGURIS XTRA;306
VE;16139;SEGURIS XTRA x 1 lt;115
VE;16139;SEGURIS XTRA x 5 lt;140
VE;16149;BABEL;7
VE;16149;BABEL x 1;1
VE;16149;BABEL x 1 lt;101
VE;16161;;4.590,00
VE;16161;CENTURY SL;4.165,00
VE;16161;CENTURY SL x 5 lt;330
VE;16166;POKER MAX;1.885,00
VE;16169;VARADERO 400 SC;51
VE;16171;HADDEN;0,2
VE;16172;CAL-EX 1.9 EW;1
VE;16172;CAL-EX 1.9 EW x 1 lt;235
VE;16182;;47
VE;16182;CLICK PRO;103,5
VE;16182;DISERBANTE CLICK MAIS PRO;48,6
VE;16187;;11
VE;16188;;13
VE;16188;MEDIATOR PLUS;17,6
VE;16191;TRIMAXX x 1 lt;186
VE;16194;;1.578,00
VE;16194;ETRAVON PRO;943
VE;16194;ETRAVON PRO  LT.1;3
VE;16194;ETRAVON PRO DA LT 1;120
VE;16194;ETRAVON PRO LT 1;210
VE;16194;ETRAVON PRO x 1;512
VE;16205;;820
VE;16205;IDROX 20;100
VE;16206;MARKER 600;15
VE;16210;;590
VE;16210;ZETARAM HI TECH KG.1;32
VE;16210;ZETARAM HI TECH KG.10;160
VE;16221;;2,1
VE;16221;MADEX TOP;2,2
VE;16221;MADEX TOP x 0,1 lt;9,5
VE;16224;CUPRORAM 37,5 WG;138
VE;16225;POLTIGLIA BLU 20 WG;18
VE;16227;;15
VE;16227;FOLPAN COMBI;90
VE;16227;FOLPAN COMBI x 5 kg;260
VE;16232;;78
VE;16242;;40
VE;16251;;20
VE;16252;;15
VE;16255;PANTOX MAX;20
VE;16256;PANTOX 360 SL;1.020,00
VE;16259;LABEL 70 DF *250gr;47
VE;16260;WELTER MZ WG x 1 kg;17
VE;16260;WELTER MZ WG x 10 kg;560
VE;16283;;160
VE;16283;KOL QUANTUM R-OK 100 G;3
VE;16283;KOL QUANTUM R-OK 500 G;28,8
VE;16283;QUANTUM R-OK;201,1
VE;16283;QUANTUM R-OK FUNGICIDA DA GR 5;3,5
VE;16288;;131,25
VE;16288;AMPEXIO;203,75
VE;16288;AMPEXIO DA GR 750;0,75
VE;16288;AMPEXIO gr 750;12
VE;16288;AMPEXIO x 0,75 kg;47
VE;16288;AMPEXIO x 4 kg;40
VE;16293;;2
VE;16293;PACLOT NEW x 1 lt;7
VE;16297;;10
VE;16299;PASSAT SL x 1 lt;1.468,00
VE;16299;PASSAT SL x 5 lt;3.575,00
VE;16318;;7
VE;16318;REFLECT x 1 lt;14
VE;16325;;1.065,98
VE;16325;EPIK SL;367,13
VE;16325;EPIK SL  250ML;18,36
VE;16325;EPIK SL 15 ML;0,66
VE;16325;EPIK SL DA 1 LT;6
VE;16325;EPIK SL LT. 1 - 16325-;12
VE;16325;EPIK SL LT1;67
VE;16325;EPIK SL ML. 100;2,8
VE;16325;EPIK SL ML. 15;0,72
VE;16325;EPIK SL ML. 250;5,75
VE;16325;EPIK SL ML. 50;1,25
VE;16325;EPIK SL x 1 lt;195
VE;16325;EPIK SL x 5 lt;335
VE;16335;;6.541,00
VE;16335;LIETO SC;3.150,00
VE;16335;LIETO SC  LT1;430
VE;16335;LIETO SC LT. 1 -16335-;2
VE;16335;LIETO SC x 10 lt;500
VE;16336;;8
VE;16363;;432,5
VE;16363;DISERBANTE SIRTAKI LT1;90,4
VE;16363;SIRTAKI;567,1
VE;16363;SIRTAKI DA LT 1;12
VE;16363;SIRTAKI DA ML 300;1,2
VE;16363;SIRTAKI LT.1;30
VE;16363;SIRTAKI x 1 lt;110
VE;16364;;6.786,00
VE;16364;ALCANCE SYNC x 5 lt;75
VE;16364;BISMARK;4.654,00
VE;16364;BISMARK DA LT 1;129
VE;16364;BISMARK DA LT 5;80
VE;16364;BISMARK DA LT. 1;96
VE;16364;BISMARK x 1 lt;1.612,00
VE;16364;BISMARK x 10 lt;930
VE;16364;BISMARK x 5 lt;765
VE;16364;DISERBANTE BISMARK LT 1;1.443,00
VE;16369;;6
VE;16369;ORTIVA TOP LT. 1;15
VE;16379;;63
VE;16379;PREV-AM PLUS;2
VE;16379;PREV-AM PLUS LT.1X12*16379 CLP;1
VE;16379;PREV-AM PLUS x 5 lt;5
VE;16396;TEMSA 100;2
VE;16415;;1
VE;16437;ACANTO PLUS;18
VE;16438;;3
VE;16438;VELUM PRIME;3
VE;16438;VELUM PRIME DA LT 0,50;2,5
VE;16438;VELUM PRIME ML 500;1
VE;16438;VELUM PRIME x 0,5 lt;1
VE;16444;;14,4
VE;16444;DIXIE MAIS;82,8
VE;16459;SOLEIL 50 WG;5
VE;16460;VELIERO 500 EC x 1 lt;226
VE;16462;R6 ERRESEI ALBIS ORTO;1,5
VE;16465;;5
VE;16465;HARASS;1,44
VE;16465;HARASS gr 25;1,62
VE;16480;;960
VE;16480;3LOGY;304
VE;16480;3LOGY x 4 lt;8
VE;16481;CALLISTO 480 x 0,5 lt;625,5
VE;16483;TEMIDE 50 WG;4
VE;16484;CIRCUIT ACCESS 36 CS;33
VE;16495;;0,05
VE;16495;FLINT ORTO WG50 GR.50;0,05
VE;16497;DECIS PROTECT EW;101,5
VE;16503;BINARY T;90
VE;16516;TRIRON;0,28
VE;16527;;264
VE;16527;TELLUS WP;22
VE;16527;TELLUS WP  x 1 kg;53
VE;16528;;208
VE;16528;DISERBANTE GHIBLI 40 OD LT1;33
VE;16528;GHIBLI 40 OD;94
VE;16528;GHIBLI 40 OD *1Lt;8
VE;16533;CURZEB PLUS WP DA KG 1;9
VE;16534;;104
VE;16534;TIXAL R SC DA LT 1;5
VE;16534;TIXAL R SC DA LT 10;20
VE;16538;;119
VE;16545;;340
VE;16545;COPRANTOL HI BIO 2.0;2.065,00
VE;16545;COPRANTOL HI BIO 2.0 KG 1;22
VE;16545;COPRANTOL HI BIO DA 10 KG;1.000,00
VE;16548;;7,68
VE;16549;TIOGEL WG;73
VE;16553;;9
VE;16561;;30
VE;16561;FUNGICIDA RIKALI DA LT 1;12
VE;16561;RIKALI;83
VE;16562;;4.470,00
VE;16562;DELAN PRO;4.675,00
VE;16562;DELAN PRO x 10 lt;400
VE;16565;EXECUTIVE GOLD;1,1
VE;16567;TRICOPPERLAND x 10 kg;2.810,00
VE;16570;SENCOR 600 SC;9
VE;16570;SENCOR 600 SC diserbante LT 1;8
VE;16570;SENCOR 600 SC x 1 lt;3
VE;16570;SENCOR SC 600 DA LT 1;24
VE;16571;;107,5
VE;16571;COPPER COMBI WG;64
VE;16578;;40
VE;16578;MELODY COMPACT WG;85
VE;16654;POLYVERSUM;1
VE;16703;;485
VE;16703;SPADA 50 WG;102
VE;16703;SPADA 50 WG x 1 kg;31
VE;16703;SPADA 50 WG x 5 kg;275
VE;16737;;12
VE;16737;ZELIG GR 50;444
VE;16787;;400
VE;16787;CLINIC ST;1.207,00
VE;16787;CLINIC ST x 1 lt;23
VE;16787;CLINIC ST x 5 lt;35
VE;16792;;11,5
VE;16794;SILGLIF ST x 1 lt;1.264,00
VE;16830;FANDANGO 360 TF;2.580,00
VE;16833;PANTOX 360 SUPER;1.917,00
VE;16843;COPPERLAND NEW x 10 kg;1.240,00
VE;16917;LOGRADO PLUS;173
VE;16918;TELONE;1.440,00
VE;16918;TELONE II 2017 LT 60 ORTICOLE;6.660,00
VE;16918;TELONE II 2017 LT. 200;32.800,00
VE;16918;TELONE II 2017 LT. 60;2.160,00
VE;16918;TELONE II 2017 x 200 lt;19.600,00
VE;16927;;300
VE;16932;;100
VE;16942;AZUL 75 WG;170
VE;16959;DENEB 75 DG;400
VE;16986;;1.175,00
VE;16986;AFX1;62,5
VE;16986;AF-X1;2.000,00
VE;16986;AF-X1 2017;2.462,50
VE;16986;AF-X1 2017 x 12,5 kg;7.475,00
VE;16986;AF-X1 DA KG 12,5;762,5
VE;16986;AF-X1 sacco kg 12,50;4.437,50
VE;16991;ROSATE 360 TF DA LT 20;1.280,00
VE;16997;;120
VE;16997;DIGEO IX  2017 LT 200;3.000,00
VE;16997;DIGEO IX 2017 LT 60;240
VE;17014;;31
VE;17014;DELEGATE WDG;3
VI;13;;430
VI;13;THIOPRON;3.250,00
VI;13;THIOPRON x 10 lt;8.310,00
VI;17;U 46 COMBI FLUID;233
VI;17;U 46 COMBI FLUID x 1 lt;80
VI;133;U 46 D-FLUID;45
VI;189;;600
VI;206;ALBENE;250
VI;206;ALBENE x 25 lt;375
VI;449;;150
VI;449;MOCAP;4.575,00
VI;449;MOCAP x 15 kg;240
VI;450;DICURAN 700 FW;15
VI;599;;59
VI;599;ACUPRICO 76 WG;10
VI;619;VALGRAN;1
VI;630;;209
VI;630;REGLONE W;703
VI;747;;150
VI;747;ZOLFO SPRUZ 95% MORMINO PB x 10 kg;220
VI;747;ZOLFO SPRUZZABILE;26
VI;779;TRIMANOC 80 WP;160
VI;779;TRIMANOC 80 WP x 1 kg;1
VI;886;SENCOR WG;17,5
VI;909;POLIS. CALCIO POLISENIO x 25 kg;425
VI;909;POLISOLFURO DI CALCIO POLISENIO;1.200,00
VI;1156;;255
VI;1156;CHEMOL;5.860,00
VI;1156;CHEMOL x 25 lt;525
VI;1544;MESUROL;2
VI;1562;ERBITOX E 30 x 1 lt;49
VI;1573;;40
VI;1573;BASAMID GRANULAT;640
VI;1573;BASAMID x 20 kg;20
VI;1583;;9.546,00
VI;1583;MICROTHIOL DISPERSS;30.357,00
VI;1583;MICROTHIOL DISPERSS x 1 kg;200
VI;1583;MICROTHIOL DISPERSS x 15 kg;1.680,00
VI;1583;MICROTHIOL DISPERSS x 25 kg;275
VI;1714;KERB 80 EDF;93
VI;1714;KERB 80 EDF x 1 kg;14
VI;1823;ZOLFO 80 MICRONIZZATO;100
VI;1850;IDRORAME FLOW;325,25
VI;1850;KOL IDRORAME FLOW ML.250;5
VI;2191;WETTING PLUS;210
VI;2249;MALERBANE PRATI;81
VI;2249;MALERBANE PRATI 400;193
VI;2259;PASTA LUMACHICIDA IN GRANI;769
VI;2260;GASTROTOX E;3
VI;2272;SILLIM;51,5
VI;2272;SILLIM (SEPRABAIT);5
VI;2307;;77
VI;2307;VECTOR;744,5
VI;2307;VECTOR x 1 lt;179
VI;2307;VECTOR x 20 lt;60
VI;2307;VECTOR x 5 lt;210
VI;2353;;20
VI;2353;BONALAN;331
VI;2353;BONALAN x 1 lt;11
VI;2353;BONALAN x 3  (+ KERB FLO X 1,5);6
VI;2368;PRATI SPECIAL;5,5
VI;2518;ACTELLIC 2P;13
VI;2520;ACTELLIC;20
VI;2634;BUGGY;80
VI;2732;;1
VI;2732;GOLTIX;105
VI;2732;GOLTIX x 1 kg (70%);156
VI;2732;GOLTIX x 5 kg (70%);230
VI;2896;TETROSSIL x 25 kg;350
VI;2923;;620
VI;2923;TIOVIT JET;10.515,50
VI;2923;TIOVIT JET  KG 10;100
VI;2923;TIOVIT JET x 25 kg;625
VI;2934;MICROSOL 90;18,25
VI;2983;NIMROD;0,15
VI;2995;ESCARTOX;2.277,00
VI;2995;ESCARTOX META;187,5
VI;2995;ZAPI LUMACHICIDA ORTO ESCARTOX GR50;66
VI;2995;ZAPI LUMACHICIDA ORTO ESCARTOX KG 1;248
VI;3065;BAYER OLIOCIN EW 250 ML;0,2
VI;3065;BAYER OLIOCIN EW 500 ML;19,6
VI;3065;BAYER OLIOCIN LT 1;52
VI;3065;OLIOCIN;1.568,00
VI;3082;OLEOTER ESTATE;5
VI;3102;OLEOTER;395,5
VI;3132;SEPR-OIL;598,25
VI;3141;;11
VI;3141;CUTHIOL;75
VI;3219;CARAKOL AGRO;1.696,50
VI;3219;CARAKOL AGRO(LUMACHICIDA);1
VI;3219;KOL CARAKOL AGRO KG.1;30
VI;3313;;2
VI;3343;U 46 M CLASS x 1 lt;22
VI;3343;U46 M CLASS;150
VI;3397;ROGOR x 1;9
VI;3412;;4
VI;3412;SYLLIT 65;9
VI;3468;;61
VI;3468;DACOL L 40 ST;282
VI;3486;TRISCABOL DG;1
VI;3519;METAMBANE x 1 lt;3
VI;3553;CURZATE;10
VI;3555;CURZATE M;557
VI;3640;;330
VI;3640;CUPROSTAR;520
VI;3658;SIPCAMOIL E  X 25;25
VI;3658;SIPCAMOL E;49,75
VI;3754;BAGNANTE SARIAF;1.406,00
VI;3754;SARIAF;2
VI;3767;FENOXILENE;20
VI;3767;FENOXILENE 200;31
VI;3767;FENOXILENE MAX  x 1;1
VI;3771;;99
VI;3771;ROVRAL WG;1
VI;3771;ROVRAL WG x 1 kg;42
VI;3800;CRITTAM WG;7
VI;3800;CRITTAM WG x 1 kg;79
VI;3800;CRITTAM WG x 20 kg;40
VI;3800;CRITTAM WG x 5 kg;165
VI;3861;ROTIOFEN GOLD x 1 lt;75
VI;4012;;483
VI;4012;RELDAN 22;399,02
VI;4012;RELDAN 22 x 0,250 lt;2
VI;4012;RELDAN 22 x 1 lt;18
VI;4199;PENNCOZEB DG;980
VI;4199;PENNCOZEB DG x 1 kg;23
VI;4199;PENNCOZEB DG x 10 kg;40
VI;4199;PENNCOZEB DG x 20 kg;20
VI;4228;ROGOR 400 ST;149
VI;4228;ROGOR 400 ST x 1 lt;87
VI;4264;VIC 19 L;0,6
VI;4326;ROGOR L 40 ST;384
VI;4388;CRITTOX MZ 80 x 1 kg (S.I.);1
VI;4461;IMIDAN WDG x 1 kg;6
VI;4552;DITHANE DG NEOTEC;1.240,00
VI;4552;DITHANE DG NEOTEC KG20;60
VI;4710;;12
VI;4710;ALIETTE;468,4
VI;4710;ALIETTE x 1 kg;2
VI;4710;BAYER ALIETTE 250 GR;47
VI;4896;RIGENAL P;17,3
VI;5152;TIOSPOR WG;1.400,00
VI;5154;ARPEL TRIPLO BLU x 4 kg;4
VI;5228;CARAKOL;473
VI;5228;KOL CARAKOL ESCA LUMACHICIDA GR.500;14
VI;5299;MIBIOL;832,25
VI;5299;ZAPI MIBIOL COCCINIGLIA INV. 1 LT.;78
VI;5299;ZAPI MIBIOL COCCINIGLIA INV. 500 ML;32,5
VI;5414;RADICANTE POLVERE TALEE LEGNOSE;4,6
VI;5467;METADENE;141
VI;5574;LUMAKIDIN 5G;698
VI;5581;GIBBERELLINA CIFO;0,18
VI;5755;TILT 25 EC;36,5
VI;5796;GARLON;17
VI;5796;GARLON x 1 lt (Nuova Etich.);17
VI;6277;VYDATE 5G;50
VI;6298;FASTAC;1
VI;6321;STIMOLANTE 66F;9,62
VI;6322;OBSTHORMON 24A;11,2
VI;6389;DUECI-FITO RADICANTE;0,1
VI;6401;MONDAK 21 S;33
VI;6437;ETHREL;2
VI;6438;BI-FEN;36
VI;6505;NOKAD x 1 lt;0,25
VI;6556;;11
VI;6556;K-BIOL;5
VI;6556;K-OBIOL DP2;91
VI;6556;K-OBIOL DP2 x 1 kg;29
VI;6557;K-OBIOL EC 25;14
VI;6674;;19
VI;6674;AFALON;5
VI;6674;AFALON DS;63
VI;6674;AFALON DS FL;1
VI;6674;AFALON DS FL.;88
VI;6674;AFALON DS x 1 lt;58
VI;6704;TIOLENE 80 WG;25
VI;6751;COMPO FLORANID CON DISERBANTE KG  1;9
VI;6751;COMPO FLORANID CON DISERBANTE KG  3;9
VI;6751;COMPO FLORANID CON DISERBANTE KG 21;168
VI;6751;RASEN FLORANID;22,5
VI;6766;BUTISAN S;6
VI;6816;NU BAIT;10
VI;6873;IDRORAME 193;7
VI;6945;;5
VI;6945;TOPAS 10 EC;240,5
VI;6945;TOPAS 10 EC x 0,25 lt;3,75
VI;6956;;203
VI;6956;TARGA FLO;1.438,00
VI;6956;TARGA FLO x 1 lt;29
VI;6956;TARGA FLO x 5 lt;5
VI;6978;BETTER 400;545
VI;6978;BETTER 400 x 5 lt;5
VI;7020;BAGNANTE CIFO;49
VI;7053;;30
VI;7053;PASTA CAFFARO NC;150
VI;7055;PASTA CAFFARO BLU;1.430,50
VI;7101;LIMAVAL;104
VI;7106;VITAVAX FLO NF;20
VI;7368;TURFENE L;188,4
VI;7368;TURFENE L x 1 lt;3
VI;7369;BAYER SYLLIT FLO 250 ML;5,75
VI;7369;SYLLIT FLO;197,5
VI;7379;VENZAR;28,5
VI;7379;VENZAR x 0,5 kg (Nuova Etich.);7
VI;7390;CHIPCO GREEN;13
VI;7401;POLTIGLIA CAFFARO 20 DF NEW;92
VI;7483;DEVRINOL F;575
VI;7534;ROYAL MH;20
VI;7541;APOLLO SC;7
VI;7543;ERBITOX COMBI x 1 lt;8
VI;7550;ZETA 80;1,5
VI;7555;KLARTAN 20 EW;30,76
VI;7555;KOL KLARTAN 20 EW DA 10 ML;0,16
VI;7555;KOL KLARTAN 20EW ML.100;1,8
VI;7555;KOL KLARTAN 20EW ML.50;0,1
VI;7608;DASKOR 440 EC;6
VI;7608;DASKOR x 1 lt;5
VI;7611;;20
VI;7611;ENOVIT METIL FL;919
VI;7611;ENOVIT METIL FL x 1 lt;134
VI;7611;ENOVIT METIL FL x 5 lt;40
VI;7700;MATACAR FL;28
VI;7700;MATACAR FL x 0,2 lt;0,2
VI;7764;TIOLENE;32,1
VI;7864;TAU AL 240 EW;1,49
VI;7876;PIRIMOR 17,5;8
VI;7889;NURELLE D;9
VI;7916;;1.518,00
VI;7916;POLYRAM DF;11.409,00
VI;7916;POLYRAM DF  KG2;58
VI;7916;POLYRAM DF 2KG;150
VI;7916;POLYRAM DF x 2 kg (+ FORUM 50 WP);72
VI;7916;POLYRAM DF x 25 kg;2.750,00
VI;7919;;360
VI;7919;TOUCHDOWN;3.413,75
VI;7919;TOUCHDOWN x 20 lt;820
VI;7922;OPALENE;84
VI;7930;KERB FLO;11
VI;7930;KERB FLO x 1,5 lt (+BONALAN X 3);3
VI;7957;ROVRAL PLUS;68
VI;7958;;10
VI;7958;RONSTAR FL;22
VI;7958;RONSTAR FL x 1 lt;18
VI;7958;RONSTAR FL x 5 lt;20
VI;7961;;1
VI;7961;RIZOLEX  GOLD;12
VI;7965;TRIGARD 75 WP;0,25
VI;7971;STARANE 21;2
VI;7984;STRATOS;9
VI;7998;PRIMOSOL 80 WDG;31
VI;8001;AGRO-PYR;5,9
VI;8028;CALARIS x 1 lt;3
VI;8067;AGRIGOLF;642
VI;8102;MERPAN 80 WDG;1.162,00
VI;8102;MERPAN 80 WDG x 1 kg;15
VI;8106;CIMOZEB;10
VI;8117;;130
VI;8117;BASTA 200;1.470,00
VI;8117;BASTA 200 x 15 lt;195
VI;8117;BASTA 200 x 5 lt;190
VI;8130;TITUS (MAGNUM) x 0,110;0,22
VI;8146;GALLERY;44,5
VI;8146;GALLERY  LT 0,5;1
VI;8146;GALLERY x 0,5 lt;4,5
VI;8156;DEVOX;8
VI;8184;;25
VI;8184;CHALLENGE;263
VI;8184;CHALLENGE x 1 lt;21
VI;8184;CHALLENGE x 5 lt;65
VI;8189;;1.500,00
VI;8189;FORCE;13.290,00
VI;8189;FORCE x 10 kg;12.430,00
VI;8225;BLUE SHIELD x 10 kg;160
VI;8229;RAPAX;8,35
VI;8229;RAPAX x 1 lt;2
VI;8259;KARATE XPRESS x 1 kg;1
VI;8351;Z.M. 75 DG;10
VI;8360;PULL 52 DF;0,1
VI;8376;ARIANE 2;3
VI;8376;ARIANE II;600
VI;8376;ARIANE II x 1 lt;211
VI;8376;ARIANE II x 5 lt;1.125,00
VI;8382;ROUNDUP BIOFLOW;844,6
VI;8429;GLYFOS SL;2.090,00
VI;8498;;14
VI;8498;FOLICUR WG;248
VI;8498;FOLICUR WG x 0,5 kg;33
VI;8540;;11
VI;8542;FORUM 50 WP;150,4
VI;8542;FORUM 50 WP x 1,2 kg (+ POLYRAM DF);13,2
VI;8558;PIRETRO VERDE;34,16
VI;8565;ROUNDUP RTU;96
VI;8601;;43
VI;8601;FOLPAN 80 WDG;7.551,00
VI;8601;FOLPAN 80 WDG x 1 kg;41
VI;8601;FOLPAN 80 WDG x 5 kg;545
VI;8617;BANVEL 480 S x 1 lt;248
VI;8646;ACTIVUS EC;76
VI;8646;ACTIVUS EC x 1 lt;36
VI;8646;ACTIVUS EC x 5 lt;170
VI;8646;PENDIGAN;185
VI;8656;GLIFENE HP;280
VI;8706;AMID THIN W;4
VI;8712;ALLEGANTE 4% AF 96;12
VI;8721;NEXTER;5
VI;8729;FORUM R x 1 kg;17
VI;8731;ACROBAT R x 10 kg;20
VI;8735;;10
VI;8735;TREBON UP;173,29
VI;8735;TREBON UP x 0,5 lt (NUOVA ETICH.);32,5
VI;8742;;5
VI;8742;INDAR 5EW;184
VI;8743;;11
VI;8743;GREENEX;2,1
VI;8795;;29
VI;8795;VERTIMEC EC;185,75
VI;8795;VERTIMEC EC x 1 lt;48
VI;8795;VERTIMEC EC x 5 lt;15
VI;8796;SELECT;66
VI;8796;SELECT x 1 lt;9
VI;8797;;20
VI;8797;BINAL PRO;162
VI;8801;;7,75
VI;8801;SCORE 25 EC;116,53
VI;8801;SCORE 25 EC x 1 lt;3
VI;8836;MIMIC;28
VI;8837;GERMON BEWURZELUNGSPUDER PER TALEE ;23,15
VI;8838;GERMON BEWURZELUNGSPUDER PER TALEE ;4,81
VI;8841;CYREN 5 G;545,5
VI;8841;CYREN 7,5 G;84
VI;8841;CYREN 7,5 G  X 10;30
VI;8841;CYREN 7,5G;1
VI;8841;ZAPI ANTIFORMICA ORTO CYREN KG 1;49
VI;8841;ZAPI CYREN 5 G.ANTIFORM. ORTO 1KG;27
VI;8843;NISSHIN;380
VI;8859;MASTIFF;2
VI;8859;MASTIFF x 1 lt;48
VI;8859;MASTIFF x 5 lt;115
VI;8882;ULTRA FINE OIL;22
VI;8886;;0,12
VI;8886;SAFARI;11,76
VI;8886;SAFARI  GR120;0,36
VI;8886;SAFARI x 120 gr;3,96
VI;8900;ZOLFO VENTILATO RAMATO 3%;1.275,00
VI;8933;SOLEAS;23
VI;8934;;20
VI;8934;SCALA;316
VI;8934;SCALA x 1 lt (FUNGICIDA BASF);4
VI;8934;SCALA x 5 lt (FUNGICIDA BASF);100
VI;8945;ENOVIT METIL DF x 1;7
VI;8987;BAYER CONFIDOR 200 SL ML 10;4
VI;8987;BAYER CONFIDOR 200 SL ML 50;2,05
VI;8987;CONFIDOR 200 SL;659,82
VI;9005;;6
VI;9005;AGIL;2.799,00
VI;9010;;116
VI;9010;RAMEZIN COMBI WG;114
VI;9012;;350
VI;9012;CUPROCAFFARO MICRO;16.126,00
VI;9012;CUPROCAFFARO MICRO 10KG;70
VI;9036;ACTIVUS;0,05
VI;9038;OPINION;36,6
VI;9038;OPINION ADAMA;1,5
VI;9131;KOL PYRINEX ME ML.100 INSETT.MICRO.;0,3
VI;9131;PYRINEX ME;1.092,20
VI;9131;PYRINEX ME x 1 lt;83
VI;9131;PYRINEX ME x 5 lt;235
VI;9148;;16
VI;9148;SYLLIT 355;3
VI;9148;SYLLIT 355 SC;276,5
VI;9153;CYREN 44 EC;632
VI;9153;CYREN 44 EC x 1 lt;164
VI;9153;CYREN 44 EC x 10 lt;380
VI;9171;GALBEN R 4-33;200
VI;9195;TERB FLO;60
VI;9210;QUADRIS;53
VI;9267;ROYALTAC N;640
VI;9280;TOPAS 200 EW;27,5
VI;9286;OHAYO;1
VI;9286;OHAYO x 1 lt;9
VI;9298;METHAM NA 51;310
VI;9306;PROPLANT;4
VI;9311;CUPROSSIL IDRO 25 WP;155
VI;9322;GOLTIX STAR;20
VI;9330;GLIFO 41;3,5
VI;9339;;3
VI;9339;BETANAL EXPERT;270
VI;9342;DELTRIN;190,5
VI;9364;RAPIDO;44
VI;9371;PEAK x 40 gr;0,04
VI;9373;CHORUS;100
VI;9373;CHORUS x 1 kg;1
VI;9374;MATCH TOP;34
VI;9400;GLIFOGAN PRONTO;60
VI;9410;;183
VI;9411;RADIP ORMON;3,7
VI;9411;RAPID ORMON;0,6
VI;9422;;20
VI;9422;EVADE;1.552,35
VI;9422;EVADE x 1 lt;43
VI;9422;EVADE x 5 lt;5
VI;9422;ZAPI DISERBO EVADE 100 ML NR 9422;5,9
VI;9422;ZAPI DISERBO EVADE 500 ML NR 9422;24
VI;9443;ENDOGERME;80
VI;9443;KOL ENDOGERME GR.100;2
VI;9443;KOL ENDOGERME GR.500;4,5
VI;9449;EMERALD COMBI;1.547,00
VI;9463;KLARO KIT;358,75
VI;9496;GALIGAN EC;24
VI;9496;GALIGAN EC x 1 lt;1
VI;9531;SEQURA WG;2
VI;9575;DRIBBLING 240 EC;17
VI;9578;;32,25
VI;9578;SWITCH;426,25
VI;9578;SWITCH KG 0,250;2,75
VI;9578;SWITCH x 0,25 kg;0,3
VI;9578;SWITCH x 1 kg;81
VI;9612;OSSICLOR 30;3.592,00
VI;9631;METRIN EC;28
VI;9634;CARNIVAL;19
VI;9634;CARNIVAL RIO;183
VI;9634;CARNIVAL x 1 lt;3
VI;9636;OSSIRAM COMBI WP;1
VI;9668;RUFAST E-FLO;56,31
VI;9668;RUFAST E-FLO x 1 lt;1
VI;9668;ZAPI INSETTICIDA ACARI RUFAST ML 10;0,18
VI;9668;ZAPI INSETTICIDA ACARI RUFAST ML 50;0,3
VI;9678;M70 DF;610
VI;9689;AURIGA;1
VI;9693;SPORTAK 45 EW;10
VI;9694;SIMITAR 5 EW;1,8
VI;9694;SIMITAR 5 EW x 1 lt;11
VI;9705;PREVITER;66,4
VI;9713;HORIZON x 1 lt;20
VI;9723;DE-SPROUT N x 10 lt;3.900,00
VI;9723;DE-SPROUT N x 1000 lt;2.000,00
VI;9724;TIOWETTING DF;10.745,00
VI;9744;;1
VI;9744;SCORE 10 WG;2,5
VI;9744;SCORE 10 WG x 1 kg;1
VI;9747;FURY;293,34
VI;9747;ZAPI POLIVALENTE ABBAT ML.10 FURY;0,14
VI;9747;ZAPI POLIVALENTE ABBAT ML.50 FURY;1,9
VI;9757;SPYRALE;117
VI;9757;SPYRALE x 1 lt;48
VI;9758;COPRANTOL WG;1.324,00
VI;9767;NUFOS 5 G;138
VI;9767;NUFOS 7,5 G;11
VI;9787;MICROBAGNABILE WG;715
VI;9790;CONTATTO 320;25
VI;9790;CONTATTO 320 x 1 lt;30
VI;9794;PLANET C x 10 lt;40
VI;9800;;2
VI;9800;MAVRIK 20 EW;38,99
VI;9800;MAVRIK 20 EW x 0,150 lt;1,05
VI;9800;MAVRIK 20 EW x 1 lt;8
VI;9802;COPRANTOL HI-BIO x 1 kg;2
VI;9809;;20
VI;9832;;300
VI;9832;TREK P;100
VI;9832;TREK P x 1 lt;5
VI;9832;TREK P x 5 lt;40
VI;9843;BASAGRAN SG;879
VI;9843;BASAGRAN SG x 3 kg;261
VI;9867;;4
VI;9867;4 STAGIONI;3
VI;9872;;50
VI;9872;AKRIS;25
VI;9872;AKRIS x 5 lt;120
VI;9900;FLAVOS;3
VI;9938;MASTER;3,2
VI;9940;;70
VI;9940;ZELIG;50
VI;9940;ZELIG GR;394
VI;9940;ZELIG GR 50;17
VI;9940;ZELIG GR x 10 kg;300
VI;9941;BUMPER P;0,1
VI;9941;BUMPER P x 1 lt;72
VI;9954;;274
VI;9954;JOKER;1.635,00
VI;9963;METIDANE 22;119
VI;9963;METIDANE 22 x 1 lt;66
VI;9963;METIDANE 22 x 5 lt;20
VI;9989;SVELLER;2,25
VI;9995;ARIUS;319
VI;9995;ARIUS x 0,25 lt;0,75
VI;9995;ARIUS x 1 lt;24
VI;10005;SCOTTS WEEDCONTROL;23
VI;10029;KING;12,99
VI;10048;KUMULUS TECNO;2.225,00
VI;10048;KUMULUS TECNO x 25 kg;150
VI;10049;;131
VI;10049;DURSBAN 75 WG;507
VI;10049;DURSBAN 75 WG x 1 kg;301
VI;10055;PROVADO PIN;4
VI;10057;ARPEL WDG;38
VI;10063;TOPIK 80 EC x 0,75 lt;3,75
VI;10105;RIDOMIL GOLD SL;3,5
VI;10117;;101
VI;10117;STRATOS ULTRA;839
VI;10117;STRATOS ULTRA x 1 lt;34
VI;10117;STRATOS ULTRA x 5 lt;330
VI;10118;AMISTAR;19
VI;10118;AMISTAR x 1 lt;33
VI;10119;EQUATION PRO;6
VI;10127;BAYER DECIS JET 250 ML;14
VI;10127;BAYER DECIS JET ML 10 NR 10127 Xi;2,01
VI;10127;BAYER DECIS JET ML 100;105
VI;10127;BAYER DECIS JET ML 50 NR 10127 Xi;6,85
VI;10127;DECIS JET;185,37
VI;10154;BORDOFLOW SECTOR;75,25
VI;10158;PIREFLOR;0,74
VI;10161;;1
VI;10161;ORTIVA;135,06
VI;10161;ORTIVA x 1 lt;29
VI;10183;GARLON EV;45,8
VI;10184;TIMBREL EV;20
VI;10185;ZERGAN EV;25,75
VI;10187;NAUTILE DG x 10 kg;10
VI;10209;GLYFOS ULTRA;2.401,00
VI;10224;EMME H (Nuova Etich.) x 10 lt;1.210,00
VI;10230;LUMAPLUS;871,5
VI;10233;BORDOSEP;40
VI;10263;DRIVER;6,5
VI;10263;DRIVER ERBICIDA LT 1 X TAPPETI ERB.;12
VI;10272;CEREXIL M DG;23
VI;10272;CEREXIL M DG x 10 kg;990
VI;10285;TOMAHAWK;29
VI;10285;TOMAHAWK x 1;1
VI;10296;IPERION x 1 kg;258
VI;10296;IPERION x 10 kg;330
VI;10296;IPERION x 20 kg;1.180,00
VI;10305;OIKOS;24,64
VI;10305;OIKOS x 1 lt;46
VI;10305;OIKOS x 5 lt;40
VI;10306;MISTRAL;467
VI;10322;"CADOU STAR ""NUOV.ETICHETTA""  X 1";17
VI;10329;;90
VI;10329;FORUM MZ WG;155
VI;10350;;48
VI;10350;BLAST SG;36
VI;10357;RIGRON SG;294
VI;10373;;40
VI;10373;CONTEST;85
VI;10373;CONTEST x 1 kg;7
VI;10396;LIZOCIN;5,86
VI;10404;;31
VI;10404;CLINIC 360 SL;59
VI;10415;ARIC 480 LS x 0,5 lt;80
VI;10423;LUMACHICIDA VEBI;931,25
VI;10425;SCUDEX;28,5
VI;10426;PROTIL EC;147,5
VI;10439;SPRAY DUNGER GLOBAL;1
VI;10439;SPRAY DUNGER GLOBAL x 1 lt;4
VI;10447;NOVEL DUO;245
VI;10456;KLARO ULTRA;2.046,00
VI;10456;ZAPI DISERBO KLARO ULTRA 1 LT;233
VI;10456;ZAPI DISERBO TOTALE KLARO ULTRA 250;3,5
VI;10461;DICOTURF;38,05
VI;10471;OLOVER;7
VI;10477;LAS VEGAS x 1 lt;9
VI;10479;NATURALIS;3
VI;10479;NATURALIS x 1 lt;1
VI;10493;;63
VI;10493;RUNNER LO;1.346,00
VI;10493;RUNNER LO x 1 lt;4
VI;10494;DISERBANTE TOTALE PREMIUM TOP 1 LT.;808
VI;10494;PREMIUM TOP;3.284,00
VI;10504;KELLY WG x 1 kg;19
VI;10504;KELLY WG x 10 kg;20
VI;10509;MASTIFF ULTRA;495
VI;10509;MASTIFF ULTRA x 20 lt;5.600,00
VI;10532;TELDOR x 1;1
VI;10540;TERIAL 75 WG;227
VI;10560;PIRETRO NATURA;54
VI;10565;DICOTIL EXTRA;42,05
VI;10565;DICOTIL EXTRA ERBICIDA LT 1;12
VI;10568;ZOOMER;1.922,20
VI;10568;ZOOMER x 1 lt;41
VI;10568;ZOOMER x 5 lt;25
VI;10573;KOCIDE 2000;468
VI;10573;KOCIDE 2000  KG 10;190
VI;10573;KOCIDE 2000 x 10 kg;410
VI;10581;CITRIN EC;0,4
VI;10584;SHAMAL MK PLUS;12,1
VI;10585;;42
VI;10585;SULCOTREK;109
VI;10585;SULCOTREK  LT 5;120
VI;10585;SULCOTREK x 1 lt;10
VI;10585;SULCOTREK x 20 lt;80
VI;10585;SULCOTREK x 5 lt;175
VI;10587;FOLPAN SC;5
VI;10588;BIOPIREN PLUS;26
VI;10589;FLORA VERDE;1
VI;10595;CUPRO ISAGRO BLU;44
VI;10604;BAYER EMERALD  10 ML;13,8
VI;10604;BAYER EMERALD  50 ML;71
VI;10604;BAYER EMERALD 100 ML;2,8
VI;10604;EMERALD 40 EW;69,13
VI;10627;FRUPICA;71
VI;10632;COBRE NORDOX SUPER 75 WG;980
VI;10632;COBRE NORDOX SUPER 75 WG x 5 kg;5
VI;10638;MANCOZEB MANICA 75 WG;325
VI;10641;MANCOZEB MANICA 80 PB;300
VI;10690;FUNGIBEN COMBI;20
VI;10701;CUMETA FLOW;18
VI;10710;TOMAGAN;66
VI;10710;TOMAGAN x 1 lt;5
VI;10734;;1.021,00
VI;10734;DUAL GOLD;3.267,00
VI;10734;DUAL GOLD x 1 lt;300
VI;10734;DUAL GOLD x 20 lt;60
VI;10734;DUAL GOLD x 5 lt;465
VI;10735;;555
VI;10735;PRIMAGRAM GOLD;4.016,00
VI;10735;PRIMAGRAM GOLD x 1 lt;70
VI;10735;PRIMAGRAM GOLD x 20 lt;40
VI;10735;PRIMAGRAM GOLD x 5 lt;290
VI;10741;METACINQUE;377
VI;10752;;0,25
VI;10752;STEWARD;132,75
VI;10752;STEWARD GR 250;0,25
VI;10752;STEWARD x 0,250 kg;2
VI;10752;STEWARD x 0,500 kg;1,75
VI;10753;FOLICUR SE;2
VI;10758;BEETUP TRIO;25
VI;10758;BEETUP-TRIO x 1 lt;26
VI;10758;BETASANA TRIO SC;31
VI;10771;;396
VI;10771;MOST MICRO;1.429,40
VI;10816;PIRETRO GARDEN;86,5
VI;10832;LIMATER;15
VI;10890;FLIPPER;51,8
VI;10890;FLIPPER x 0,5 lt;10
VI;10892;OSSICLOR 50 PB MANICA;60
VI;10926;ALTOREX;54
VI;10926;ALTOREX x 1 lt;21
VI;10929;CHIKARA;5
VI;10929;CHIKARA 25 WG;19,2
VI;10929;CHIKARA x 50 gr;0,35
VI;10936;NAAK 480 x 1 lt;3
VI;10938;MANCOSIM 75 DF x 25 kg;400
VI;10939;CP 40 AGRO;5
VI;10944;;28
VI;10944;KARATE ZEON;45,25
VI;10970;NECOLIM;12
VI;10973;PYRINEX PRONTO;20,5
VI;10976;;22
VI;10976;KOL METEOR 200 ML;3,6
VI;10976;KOL METEOR ML.60;1,38
VI;10976;METEOR;823,47
VI;10976;METEOR x 0,25 lt;65
VI;10976;METEOR x 1 lt;86
VI;10985;MEVAXIL M;115
VI;10986;KASKO R;8
VI;10999;;2
VI;10999;BETANAL SE;56
VI;11005;PIRECO;0,93
VI;11011;;138
VI;11011;DASH HC;670
VI;11011;DASH HC  LT 5;10
VI;11011;DASH HC x 1 lt;480
VI;11011;DASH HC x 5 lt;180
VI;11012;AURA;4
VI;11013;;1
VI;11013;CIOPPER;7,5
VI;11029;PYRINEX M 22;160
VI;11029;PYRINEX M 22 x 1 lt;203
VI;11029;PYRINEX M 22 x 5 lt;275
VI;11030;PRIMO MAXX;30
VI;11040;POLTIGLIA BORDOLESE DISPERSS BLU;50
VI;11045;DODIPREV 35;281
VI;11045;KOL DODIPREV 35 ML.250;12,25
VI;11059;BIOPOWER;716
VI;11059;BIOPOWER x 1 lt;773
VI;11059;BIOPOWER x 2 lt;56
VI;11059;BIOPOWER x 4 lt;72
VI;11062;BION 50 WG;1
VI;11070;TIOGOLD DISPERSS x 25 kg;32.200,00
VI;11088;BION MX x 1 kg;3
VI;11102;HELIOSOUFRE S;452,1
VI;11102;HELIOSOUFRE S x 10 kg;150
VI;11104;CUPROFIX 30 DISPERSS non col.x 10;170
VI;11105;CUPROFIX 30 DISPERS BLU x 10;80
VI;11106;MANFIL 75 WG x 10 kg;20
VI;11107;ECO-TRAP;82
VI;11107;ECOTRAP (Trappole);33,6
VI;11119;FLINT;68,85
VI;11119;FLINT x 0,5 kg;3,5
VI;11120;ZENITH;150
VI;11130;DISERBOFACILE;1
VI;11133;SHELTER;415,5
VI;11157;PROPYDOR;4,2
VI;11173;;115
VI;11173;AVAUNT EC;447,3
VI;11173;AVAUNT EC x 1 (+CORAGEN) TW.P.MAIS;75
VI;11173;AVAUNT EC x 1 lt;109
VI;11173;TWIN PACK MAIS;27
VI;11190;PENCOR 10 EC;0,55
VI;11196;SULFAR;35
VI;11196;SULFAR x 5 kg;5
VI;11204;RIZOSOL 50;0,5
VI;11206;;10
VI;11206;BAGNANTE CODACIDE x 10 lt;10
VI;11206;BAGNANTE CODACIDE x 2,5 lt;295
VI;11206;CODACIDE;2.633,00
VI;11212;BATKUR;11
VI;11231;MICOSPOR 80 WDG;1
VI;11231;SANTHANE WG;2
VI;11243;LEOPARD 5 EC;608,2
VI;11243;LEOPARD 5 EC x 1 lt;566
VI;11243;LEOPARD 5 EC x 5 lt;460
VI;11253;;111
VI;11253;CALLISTO;499
VI;11253;CALLISTO x 1 lt;90
VI;11253;CALLISTO x 5 lt;65
VI;11257;COSTAR WG;55,5
VI;11258;FAZOR STAR;120
VI;11301;SPHERE;165
VI;11303;;720
VI;11303;CHAMP DP;720
VI;11313;PROXAN SL;2
VI;11341;;85
VI;11341;STARANE GOLD;478
VI;11341;STARANE GOLD x 1 lt;276
VI;11344;PICKILL EC;22
VI;11345;ZOLVIS 80 WDG;25
VI;11353;;63
VI;11353;FUSILADE MAX;317
VI;11353;FUSILADE MAX x 1 lt;34
VI;11353;FUSILADE MAX x 5 lt;15
VI;11359;SARCAP 800;14
VI;11360;GRIP 25;91,7
VI;11360;GRIP 25 ML 50;1,35
VI;11360;GRIP 25 ML 500;10,5
VI;11370;MARK CASA GIARDINO;0,21
VI;11382;GARDENE PLUS;73
VI;11390;VITENE TRIPLO BLU;28
VI;11393;BEETLE;15
VI;11396;WIRK;22
VI;11400;ADINA 10;0,44
VI;11402;MELODY COMBI;65
VI;11416;OVIPRON TOP x 1 lt (Nuova Etich.);17
VI;11416;OVIPRON TOP x 5 lt;365
VI;11427;AGRIGOLF GOLD;146
VI;11437;MELODY TRIO         PB X 1;2
VI;11448;;211
VI;11448;KICKER;712
VI;11449;GARDOPRIM GOLD;150
VI;11449;GARDOPRIM GOLD x 20 lt;1.860,00
VI;11449;GARDOPRIM GOLD x 5 lt;795
VI;11449;GARDOPRIM GOLD x 7 lt;10.584,00
VI;11483;;280
VI;11497;CRITTOVIT WG;20
VI;11497;CRITTOVIT WG x 1 kg;426
VI;11497;CRITTOVIT WG x 20 kg;6.820,00
VI;11499;BUSTER;5,85
VI;11501;VITE FOL;505
VI;11504;THIAMON PLUS;3
VI;11505;READY GERMIPLUS;2.285,10
VI;11523;SEPRADINA SC;528,4
VI;11525;FUNGIDINA;188,9
VI;11525;ZAPI BOLLA FUNGIDINA LT 0,5;118
VI;11526;;24
VI;11526;SULTAN;136
VI;11526;SULTAN x 1 lt;22
VI;11527;KOL PYRINEX QUICK DA 20 ML;0,34
VI;11527;KOL PYRINEX QUICK ML.250;9
VI;11527;KOL PYRINEX QUICK ML.50;2,45
VI;11527;PIRINEX QUICK;6,75
VI;11527;PYRINEX QUICK;491,8
VI;11527;PYRINEX QUICK x 1 lt;31
VI;11527;PYRINEX QUICK x 5 lt;65
VI;11534;BIOTIOL;4
VI;11561;BAYER NEEM AZAL 15 ML;30
VI;11561;BAYER NEEM AZAL 75 ML;62
VI;11561;NEEMAZAL T/S;136,68
VI;11561;NEEMAZAL-T/S x 1 lt;45
VI;11561;NEEMAZAL-T/S x 5 lt;60
VI;11566;BAYER ZOLFO BAGNABILE KG 1;1
VI;11566;ZOLFO 80 WP;27
VI;11569;CUPROXAT S.D.I.;696
VI;11587;CAMBEL S;734
VI;11596;;3
VI;11596;CALYPSO;42,5
VI;11596;CALYPSO x 0,5 lt;10,5
VI;11600;;4
VI;11600;CRUISER 350 FS;37,5
VI;11614;;9,2
VI;11614;ACTARA 25 WG;268,12
VI;11614;ACTARA 25 WG  KG 0,100;1
VI;11614;ACTARA 25 WG GR500;3
VI;11614;ACTARA 25 WG x 0,1 kg;2,5
VI;11614;ACTARA 25 WG x 0,5 kg;109,5
VI;11619;TIOFLOR WDG;2.038,00
VI;11626;PITSTOP;1
VI;11638;FLUORATE;43,5
VI;11642;PIKAR;11,5
VI;11649;COMMAND 36 CS;203,75
VI;11649;COMMAND 36 CS x 0,25 lt;4
VI;11649;COMMAND 36 CS x 1 lt;6
VI;11653;FOLIO GOLD 537,5 SC;211
VI;11653;FOLIO GOLD 537,5 SC x 1 lt;20
VI;11654;GRIZZLY EC;13
VI;11659;HERBITOTAL S;158,25
VI;11660;;494
VI;11660;SHOGUN;520
VI;11666;FASER;40
VI;11668;PLENUM 50 WG;1,75
VI;11678;ACTELLIC 2P NEWPHARM;31
VI;11687;ACTELLIC 5 NEWPHARM;225
VI;11690;GOAL 480 SC;100,5
VI;11690;GOAL 480 SC x 5 lt;15
VI;11693;;24,5
VI;11693;LASER;44,2
VI;11693;LASER  ML100;0,1
VI;11693;LASER x 0,25 lt (Spinosad);1,25
VI;11693;LASER x 0,5 lt (Spinosad);6,5
VI;11694;CONSERVE SC;0,93
VI;11698;MINUET;5,65
VI;11700;BOTANIGARD 22 WP;0,16
VI;11704;OLIO OGNISTAGIONE;10,25
VI;11722;GEONEX;16
VI;11730;COSMOTRIN;0,35
VI;11732;ALLEATO 80 WG;985
VI;11735;DELICIA CONTRA-LUMACHE;9,6
VI;11752;ENVIDOR 240 SC;6,5
VI;11752;ENVIDOR 240 SC x 0,5 lt;3,5
VI;11760;;100
VI;11760;POLITHIOL;780
VI;11760;POLITHIOL x 20 lt;900
VI;11779;KOP-TWIN;23
VI;11786;AQ 10 WG;2,23
VI;11786;AQ10 WG x 30 gr;0,39
VI;11794;;2,5
VI;11794;PRESSING 500;3
VI;11794;PRESSING 500 x 0,75(con Avadex F.);7
VI;11796;GLIFAST;12,7
VI;11814;;19,75
VI;11814;SPADA 200 EC;1.006,40
VI;11854;BUGGY TF;7.753,00
VI;11857;MIDAURIL COMBI;138
VI;11862;LOBBY;12
VI;11862;LOBBY x 1 lt;14
VI;11866;AGRO-OIL;17,25
VI;11870;CUPRITAL S.D.I.;90,5
VI;11872;RIFLE 4-24 R;0,25
VI;11885;ELICIO;1
VI;11908;VENTUREX 35 L;54,4
VI;11917;HOPPER GREEN;122
VI;11944;ASPECT;805
VI;11948;VINCARE;1
VI;11948;VINCARE x 1 kg;2
VI;11948;VINCARE x 5 kg;25
VI;11954;TERMINAL DUO;15
VI;11964;POLTIGLIA CAFFARO 20 GD;1.044,00
VI;11977;SULFUR 80 WG (ZOLFO) X 25;75
VI;11979;BORDO 20 MICRO;17,5
VI;11979;ZAPI BORDO 20 MICRO X  gr 800;0,8
VI;11991;NEEMIK;11
VI;11997;MAVRIK CASA GIARDINO;3,5
VI;12010;;233
VI;12010;TUAREG;3.349,00
VI;12010;TUAREG  LT 5;60
VI;12010;TUAREG x 1 lt;334
VI;12010;TUAREG x 3 lt;12
VI;12010;TUAREG x 5 lt;145
VI;12010;TUAREG x 5 lt (+HARMONY x 50 gr);80
VI;12020;BAYER SUCCESS ML 10 NR 12020;0,51
VI;12020;BAYER SUCCESS ML 50 NR 12020;3,45
VI;12020;SUCCESS;16,24
VI;12022;SPADA WDG x 1 kg;14
VI;12023;MEGIC 240;78
VI;12030;SNOW x 1 lt;38
VI;12037;CAMIX;5
VI;12037;CAMIX x 5 lt;25
VI;12040;BORDOFLOW;30
VI;12041;MARTOS;0,5
VI;12043;BAYER PREVICUR ENERGY 50 ML;23
VI;12043;PREVICUR ENERGY;134,15
VI;12043;PREVICUR ENERGY x 1 lt;4
VI;12044;CURZATE SYSTEM;160
VI;12048;TIOSOL 80 WG;50.718,80
VI;12048;TIOSOL 80 WG DA 10KG;610
VI;12060;FOX;15
VI;12060;FOX x 5 lt;10
VI;12068;BAYER TEFLUSTAR GRANULARE GR 350;14,35
VI;12068;BAYER TEFLUSTAR GRANULARE KG 1;71
VI;12068;TEFLUSTAR;512,25
VI;12068;TEFLUSTAR x 10 kg;10
VI;12069;EPIK;61,66
VI;12069;EPIK 5%;3
VI;12069;EPIK x 2 kg;10
VI;12083;DANADIM PROGRESS ST;1,25
VI;12084;GALEO;0,5
VI;12090;MICROSED GEO;150
VI;12090;MICROSED GEO x 10 kg;60
VI;12096;;2.550,00
VI;12096;POLTIGLIA DISPERSS;11.321,00
VI;12096;POLTIGLIA DISPERSS x 1 kg;594
VI;12096;POLTIGLIA DISPERSS x 15 kg;375
VI;12100;;40
VI;12100;ASSET;71
VI;12100;ASSET x 1 lt;101
VI;12114;AUXIGER LG;26,1
VI;12133;;1
VI;12133;JUVINAL GOLD;6,5
VI;12136;VERITAS;50
VI;12136;VERITAS WG x 1 kg;1
VI;12136;VERITAS WG x 5 kg;20
VI;12138;R6 ERRESEI TREVI;142
VI;12138;R6 ERRESEI TREVI KG8;8
VI;12172;FERRAMOL;596
VI;12172;FERRAMOL ESCA LUMACHICIDA;21
VI;12172;KOL FERRAMOL 1 KG ESCA LUMACHICIDA;16
VI;12174;V.I.P. FLOW;48
VI;12177;VITTORIA 24 SC;1,2
VI;12192;GRANSTAR 50 SX   GR50;0,26
VI;12200;SILBOT R x 1 kg;38
VI;12200;SILBOT R x 10 kg;140
VI;12202;ZEMIX R x 1 kg;12
VI;12202;ZEMIX R x 10 kg;720
VI;12206;GLUTEX CU 90;9
VI;12212;PENTHIUM EC;8,25
VI;12215;VEBIPHOS 7,5;108
VI;12215;VEBIPHOS 7.5G;36
VI;12225;;5,8
VI;12225;TEPPEKI;65,8
VI;12225;TEPPEKI x 0,5 kg;1,5
VI;12225;TEPPEKI x 100 gr;0,1
VI;12233;KAPLAN (SANTHANE DF);5
VI;12235;FERRAMOL ESCA LUMACHICIDA;81
VI;12243;MANTIR DG;2.338,00
VI;12243;MANTIR DG x 25 kg;75
VI;12263;VONDOZEB DG;2.280,00
VI;12263;VONDOZEB DG x 20 kg;400
VI;12263;VONDOZEB DG x 25 kg;25
VI;12270;UNICORN DF;245
VI;12279;ERBY 5 EC;0,2
VI;12285;;50
VI;12285;FORUM GOLD;60
VI;12296;GAIO SX;0,74
VI;12297;TRIBASE TWIN;290,85
VI;12315;ORTIVA HOBBY;6,32
VI;12318;FUNGICIDA POLIVALENTE LT 1;3
VI;12318;VIVER;30
VI;12323;VEBIZOLFO WG;44
VI;12325;BAYER MESUROL M PLUS GR 500 NR 1232;30
VI;12325;BAYER MESUROL M PLUS KG 1 NR 12325;4
VI;12325;MESUROL M PLUS;521,5
VI;12330;DEDALUS SE;0,2
VI;12344;VEBITHRIN 5 EC;66,85
VI;12361;ALGEDI;6,8
VI;12361;ALGEDI x 200 gr;15
VI;12375;SUGAR 500 SC;37
VI;12381;NU FILM P x 1 lt;11
VI;12381;NU FILM P x 4 lt;24
VI;12381;NU-FILM-P;76
VI;12383;;65
VI;12383;FLARE GOLD MZ PEPITE x 5 kg;685
VI;12383;RIDOMIL GOLD MZ PEPITE;2.576,00
VI;12383;RIDOMIL GOLD MZ PEPITE x 1 kg;9
VI;12383;RIDOMIL GOLD MZ PEPITE x 5 kg;25
VI;12391;FUEGO;7
VI;12393;COPPERCIM WG;5,25
VI;12399;GANZO;48
VI;12399;GANZO x 1 lt;17
VI;12437;;245
VI;12437;DELAN 70 WG;534
VI;12437;DELAN 70 WG x 1 kg;17
VI;12452;;20
VI;12452;EQUIP;778
VI;12452;EQUIP x 1 lt;37
VI;12452;EQUIP x 5 lt;135
VI;12453;;393
VI;12453;MILDCUT;3
VI;12453;MILDICUT;1.836,00
VI;12453;MILDICUT  LT15;15
VI;12453;MILDICUT x 10 lt;30
VI;12456;FINALSAN ERBICIDA GARDEN PRONTO USO;106,5
VI;12460;FINALSAN ERBICIDA PROFESSIONAL PRON;16
VI;12461;FINALSAN ERBICIDA PROFESSIONAL;128
VI;12461;KOL FINALSAN ERBICIDA PROF. 1 LT.;16
VI;12470;OLIOCIN GIARDINO;1,6
VI;12482;;2.070,00
VI;12482;LUMAX;13.875,00
VI;12482;LUMAX  LT 20;1.320,00
VI;12482;LUMAX x 20 lt;1.580,00
VI;12482;LUMAX x 20 lt (NEW);200
VI;12482;LUMAX x 5 lt;835
VI;12482;LUMAX x 5 lt (NEW);200
VI;12491;CIPERTHRIN PLUS x 0,25 lt;1
VI;12491;CIPERTHRIN PLUS x 1 lt;52
VI;12493;MANCOZEB PLUS 75 WG;1.515,00
VI;12504;FLOWBRIX;3.361,00
VI;12514;VIPER;95
VI;12514;VIPER x 5 lt;70
VI;12522;;328
VI;12526;ALIETTE ORTO E GIARDINO;5,5
VI;12528;CABRIO TOP;30
VI;12528;CABRIO TOP x 1 lt;3
VI;12529;TUCANA 25 EC x 1 lt;70
VI;12534;FOXTAIL;921,65
VI;12534;FOXTAIL  x  lt 1;79
VI;12534;FOXTAIL ML.250;22,25
VI;12534;KOL FOXTAIL ML.250;1
VI;12538;MYSTIC 25 WG x 1 kg;147
VI;12540;;198
VI;12540;REGRAN EXTRA;43
VI;12554;TERMINAL;16
VI;12566;PYGANIC 1.4;147,42
VI;12566;PYGANIC 1.4 x 1 lt;3
VI;12573;;115
VI;12573;EKO OIL SPRAY;76
VI;12573;EKO OIL SPRAY x 1 lt;157
VI;12573;EKO OIL SPRAY x 5 lt;60
VI;12573;KOL OLIO MINERALE ML.250;4
VI;12584;SPHINX MZ;11
VI;12590;DIASTAR MAXI;290
VI;12598;GRANSTAR POWER SX;58,86
VI;12598;GRANSTAR POWER SX x 1090 gr;5,45
VI;12622;;181,5
VI;12622;QUANTUM;740,5
VI;12622;QUANTUM  GR500;24,5
VI;12622;QUANTUM x 0,5 kg;266,5
VI;12625;EFUZIN 355 SC;25
VI;12625;EFUZIN 355 SC x 1 lt;23
VI;12627;DANADIM 400 ST;36
VI;12628;SERENADE MAX;152
VI;12629;BUGGY 360 SG N.E.T. X 1;69,7
VI;12636;QUASAR 6/24 R;54
VI;12642;TRATON SX;0,14
VI;12647;GLITTER;254
VI;12650;NUPRID 200 SL;0,36
VI;12659;IMIDAN EC;1
VI;12662;METAFOL 700 SC;5
VI;12671;;3,02
VI;12671;HARMONY 50 SX;736,49
VI;12671;HARMONY 50 SX  GR20;3,3
VI;12671;HARMONY 50 SX x 16 gr;1,2
VI;12671;HARMONY 50 SX x 20 gr;12,16
VI;12671;HARMONY 50 SX x 50 gr;0,05
VI;12671;HARMONY 50 SX x 50 gr (+TUAREG x 5);1,35
VI;12692;KOL SPRUZIT BIO INSETTICIDA C.500ML;1
VI;12692;SPRUZIT INSETTICIDA;8,75
VI;12696;TEBUZOL S DISPERSS;600
VI;12706;;0,45
VI;12706;PERMIT;0,15
VI;12706;PERMIT x 150 gr;1,5
VI;12722;OSSICLOR 20 FLOW;125
VI;12723;OSSICLOR 20 BLU FLOW;99
VI;12734;;20
VI;12734;JUPITER R DF;758,68
VI;12737;AIRONE PIU';1.569,00
VI;12737;AIRONE PIU E;10
VI;12737;AIRONE PIU' WG;596
VI;12747;RAMETTE;104,8
VI;12756;BAYER DICOTEX 100 ML;68
VI;12756;BAYER DICOTEX 500 ML;49
VI;12756;DICOTEX;314,8
VI;12759;OSSICLOR 35 WG;3.395,20
VI;12759;ZAPI OSSICLOR 35 WG 200 GR.;27
VI;12759;ZAPI OSSICLOR 35 WG KG.1 OSSICLORUR;117
VI;12768;SPINTOR FLY;188,75
VI;12768;SPINTOR FLY x 1 lt;19
VI;12768;SPINTOR FLY x 5 lt;20
VI;12768;ZAPI MOSCA OLIVO SPINTOR FLY 250ML;0,4
VI;12770;ALAR 85 GOLD;120
VI;12779;RAMEDIT COMBI WG x 1 kg;32
VI;12779;RAMEDIT COMBI WG x 10 kg;130
VI;12784;FARO WG;3
VI;12788;ADIGOR;19,5
VI;12790;IMPACT 250 SC x 1 lt;6
VI;12806;FEDOR;60
VI;12806;FEDOR x 1 kg;45
VI;12808;GLOBAL SC;0,16
VI;12813;AMISTAR XTRA;107
VI;12824;MERLIN EXPERT  x 1;21
VI;12828;SITOFEX;5
VI;12831;INSIGNIA;41
VI;12832;OPERA;31
VI;12837;ARIUS SYSTEM PLUS;41
VI;12837;ARIUS SYSTEM PLUS x 1 lt;158
VI;12837;ARIUS SYSTEM PLUS x 5 lt;595
VI;12845;AXIAL;1,5
VI;12847;EAGLE;2,05
VI;12849;BENPROP PRO;76
VI;12855;CRIORAM WG;14
VI;12858;PRODIGY;392
VI;12858;PRODIGY x 1 lt;6
VI;12859;BAYER BORNEO ACARICIDA ML 40;1,4
VI;12859;BAYER BORNEO ACARICIDA ML 5;0,26
VI;12859;BORNEO;15,97
VI;12862;;23
VI;12862;CANTUS;188
VI;12862;CANTUS x 1 kg;20
VI;12863;FLORAMITE 240 SC;2,75
VI;12865;DANTOP 50 WG;5,6
VI;12866;;1
VI;12868;BELLIS;3
VI;12868;BELLIS x 1 kg;3
VI;12869;;103
VI;12869;SIGNUM;676
VI;12869;SIGNUM x 1 kg;95
VI;12878;;211
VI;12878;RIDOMIL GOLD COMBI PEPITE;2.632,00
VI;12880;ATLANTIS WG;279
VI;12880;ATLANTIS WG GT 500;3,5
VI;12881;HUSSAR MAX;0,6
VI;12881;HUSSAR MAXX;36
VI;12883;;48
VI;12883;PROSPER 300 CS;3.248,00
VI;12883;PROSPER 300 CS x 1 lt;18
VI;12886;KARATHANE STAR;553
VI;12886;KARATHANE STAR x 1 lt;15
VI;12888;LEPINOX PLUS;72
VI;12888;LEPINOX PLUS x 1 kg;75
VI;12901;FARO;2
VI;12903;DOLESE WG;167
VI;12920;AGORA SC x 1 lt;5
VI;12924;;433
VI;12924;JUPITER WG;282
VI;12933;MOXYL 20 WP x 1 kg;6
VI;12936;ECODIAN CARPOCAPSA;1
VI;12940;;9
VI;12940;KARATE ZEON 1.5;866,69
VI;12940;KARATE ZEON 1.5 x 1 lt;12
VI;12949;AZUPEC 80 WG;1.200,00
VI;12972;GLYFOS DAKAR;140
VI;12973;GLYFOS RAPID;1
VI;12994;VIVER ELITE WG;83
VI;13005;PROMAG;0,2
VI;13012;FOLVIT 80 WDG x 5 kg;1.505,00
VI;13016;BIOACT WG;2
VI;13020;;250
VI;13020;MICRORAM 35 WG;5
VI;13025;MYSTIC 250 EW x 1 lt;69
VI;13026;SUSCON;260,65
VI;13039;POTCLEAN 2G;1.018,00
VI;13049;;31
VI;13049;SULCOGAN;4
VI;13055;MACHO;426
VI;13058;OSSIRAM 20 SC;58,25
VI;13061;;14
VI;13061;BIOBIT DF;236
VI;13062;DIPEL DF;12,53
VI;13062;DIPEL DF x 1 kg;16
VI;13064;;2
VI;13064;VITENE ULTRA SC;86
VI;13065;DOMARK 125;116,5
VI;13068;;482
VI;13083;CURZATE EFFE;70
VI;13084;;17
VI;13084;BAYER TELDOR PLUS ML 100;1,3
VI;13084;TELDOR PLUS;329
VI;13084;TELDOR PLUS x 1 lt;57
VI;13084;TELDOR PLUS x 5 lt;20
VI;13093;;20
VI;13093;STOMP AQUA;1.972,00
VI;13093;STOMP AQUA x 1 lt;152
VI;13093;STOMP AQUA x 5 lt;250
VI;13098;ROUNDUP POWER 2.0;17.648,95
VI;13101;SCHOLAR;29
VI;13106;IKANOS x 1 lt;122
VI;13106;IKANOS x 5 lt;760
VI;13108;CURAME BORDEAUX;761
VI;13111;THIOCUR FORTE;13,83
VI;13116;MEDOR 35 CLASS;293,5
VI;13120;MYSTIC 430 SC x 1 lt;35
VI;13126;;126
VI;13126;CABRIO DUO;609
VI;13126;CABRIO DUO x 1 lt;12
VI;13126;CABRIO DUO x 5 lt;165
VI;13127;VALIS F x 5 kg;15
VI;13128;GOLTIX 50 WG;1.188,00
VI;13128;GOLTIX 50 WG x 1 kg;5
VI;13138;SYSTHANE 4,5 PLUS;6
VI;13143;MEZENE WG;865
VI;13149;POLT.BORD.20 WG x 25 kg (MANICA));25
VI;13149;POLTIGLIA MANICA 20 WG;1.895,00
VI;13150;CURAME 35 WG;440
VI;13152;OPTIX R DISPERSS x 1 kg;109
VI;13152;OPTIX R DISPERSS x 10 kg;280
VI;13153;BANVEL S x 1 lt;159
VI;13153;BANVEL S x 5 lt;10
VI;13154;MONDAK 480 S;85
VI;13155;PRIMEXTRA GOLD;10
VI;13158;REMEDIER;202
VI;13158;REMEDIER x 1 kg;4
VI;13160;;80
VI;13160;FORUM TOP;40
VI;13167;POMARSOL 80 WG;1.187,00
VI;13168;;1
VI;13168;LAUDIS;462
VI;13168;LAUDIS  LT 5;65
VI;13168;LAUDIS x 1 lt;375
VI;13168;LAUDIS x 5 lt;345
VI;13169;CYTHRIN L;1,4
VI;13186;TITUS MAIS EXTRA;119,2
VI;13186;TITUS MAIS EXTRA x 160 gr;2,56
VI;13190;FUNGISOL 80 WG X 25;300
VI;13205;;150
VI;13205;ZOLFO MANICA SCORREVOLE DOPPIO RAFF;6.401,00
VI;13205;ZOLFO SCORR.DOPP.RAF. x 25 kg;725
VI;13211;ZOLFO VENTILATO SCORREVOLE 96%;8
VI;13212;CONFIDOR 200 O-TEQ;33,48
VI;13212;CONFIDOR 200 O-TEQ x 0,2 lt;0,8
VI;13212;CONFIDOR 200 O-TEQ x 0,5 lt;0,5
VI;13212;CONFIDOR 200 O-TEQ x 2 lt;6
VI;13213;;66
VI;13213;R6 ERRESEI ALBIS;3.726,00
VI;13213;R6 ERRESEI ALBIS  KG10;110
VI;13213;R6 ERRESEI ALBIS x 1 kg;63
VI;13213;R6 ERRESEI ALBIS x 10 kg;30
VI;13218;;20
VI;13218;FINALSAN PLUS;1.965,00
VI;13218;NEU FINALSAN PLUS PROFESSIONAL 10 L;100
VI;13219;FINALSAN ULTIMA;237,5
VI;13236;BULLET;2.467,00
VI;13242;NICOGAN V.O.;316
VI;13244;ZOLFO DOPPIO VENT STELLA KG 10;30
VI;13244;ZOLFO VENTILATO MORMINO;60
VI;13244;ZOLFO VENTILATO STELLA;2.862,00
VI;13249;ZOLFO VENT.STELLA RAMATO S x 25 kg;1.075,00
VI;13249;ZOLFO VENTILATO STELLA RAMATO S;50
VI;13250;ZOLFO VENTILATO STELLA RAMATO B;575
VI;13254;PLAYER 25 WG;71
VI;13255;PLAYER GR;876
VI;13263;BORDORAM 20 WG;157,2
VI;13267;IMPERO;3
VI;13285;SEVERAL;15
VI;13285;SEVERAL x 1 lt;94
VI;13285;SEVERAL x 5 lt;74
VI;13290;;25
VI;13290;ZOLFO MANICA DOPPIO RAFFINATO VENTI;5.595,00
VI;13292;ZOLFO A&A F.ZANUCCOLI TRIV.93% x 25;6.300,00
VI;13296;POKER 7,5;140
VI;13296;POKER 7.5;24
VI;13296;POKER 7.5E;1
VI;13298;QUANTUM F;45
VI;13299;MAGIO';397
VI;13299;"MAGIO&#39;";89
VI;13308;DICARZOL 10 SP;25
VI;13313;;3
VI;13313;CASPER;48
VI;13313;CASPER x 1 kg;19
VI;13314;CABRIO EC;1
VI;13316;MERLIN GOLD;2
VI;13323;SULFY 80 WDG;174,1
VI;13323;ZAPI SULFY OIDIO ZOLFO WDG 1 KG;86
VI;13324;CUPRIZOL S;37
VI;13327;GRANSTAR ULTRA SX;56,3
VI;13327;GRANSTAR ULTRA SX  GR50;10,95
VI;13327;GRANSTAR ULTRA SX x 50 gr;6,45
VI;13329;;32
VI;13335;DUPLOSAN KV;230
VI;13352;DIREX;30
VI;13352;DIREX 7,5;100
VI;13352;DIREX 7,5 G;2
VI;13352;DIREX 7,5 GR;93
VI;13352;DIREX 7,5GR;3
VI;13352;DIREX 7.5;16
VI;13352;DIREX 7.5 GR;103
VI;13352;DIREX 7.5G;33
VI;13352;KOL DIREX 7,5 BAR KG.1;16
VI;13352;KOL DIREX 7,5 BUS KG.1;69
VI;13361;BAYER DECIS ENERGY O-TEC 100 ML;15
VI;13361;DECIS ENERGY O-TEQ;59,7
VI;13365;ZOLFO DOPPIO VENTILATO SCORREVOLE 9;316
VI;13370;WARRANT 200 SL;122
VI;13375;NUPRID 200 SC;1,03
VI;13375;NUPRID 200 SC x 1 lt;16
VI;13380;REDIGO;201
VI;13382;;6,5
VI;13382;PERGADO SC;238
VI;13382;PERGADO SC x 0,5 lt;21,5
VI;13382;PERGADO SC X 1 (+ ZOMINEX);40
VI;13382;PERGADO SC x 1 lt;7
VI;13386;;19
VI;13386;PROSARO;938
VI;13386;PROSARO LT 5;80
VI;13386;PROSARO x 1 lt;4
VI;13387;FLORAMIX;25,06
VI;13387;FLORAMIX x 0,530 kg;118,72
VI;13389;;518
VI;13389;AFFIRM;1.816,00
VI;13389;AFFIRM x 1 kg;41
VI;13389;AFFIRM x 10 kg;190
VI;13389;AFFIRM x 5 kg;150
VI;13390;TEBUSIP 46;20
VI;13391;CYTHRIN 50 EC;2,4
VI;13402;LUMA-KL;19
VI;13403;GLOXY;0,6
VI;13409;;3
VI;13409;SILFUR WG;264
VI;13409;SILFUR WG (80%) x 1 kg;33
VI;13409;SILFUR WG (80%) x 10 kg;50
VI;13410;FRUTTENE 76 WG;25
VI;13430;TENOR SC;2,8
VI;13440;SATEL;24,74
VI;13443;FUNGIBEN;15,1
VI;13451;;10
VI;13451;SPARVIERO;26
VI;13455;;72
VI;13455;ANTIGRAM GOLD;316
VI;13455;ANTIGRAM GOLD  LT 5;35
VI;13455;ANTIGRAM GOLD x 1 lt;4
VI;13455;ANTIGRAM GOLD x 5 lt;100
VI;13466;SPOTLIGHT PLUS;349,5
VI;13466;SPOTLIGHT PLUS x 0,5 lt;14
VI;13466;SPOTLIGHT PLUS x 1 lt;271
VI;13468;CLINER;91,85
VI;13472;ALIEN;116
VI;13482;IMIDACHEM;7
VI;13485;;10
VI;13489;CYMBAL;44
VI;13489;CYMBAL WG x 0,5 kg;28,5
VI;13505;CLICK DUO;195
VI;13521;HELIOCUIVRE S;18,2
VI;13521;HELIOCUIVRE S x 10 lt;30
VI;13522;SPIDER KILL;0,14
VI;13540;QUASAR R FLOW;38
VI;13552;ZOLVIS 80 SECTOR;20.386,00
VI;13555;SHUT TWIN;70
VI;13560;FORZA;129
VI;13565;PASTA ISAGRO BLU;176
VI;13576;KOL RAMEPLANT WG GR.200;7
VI;13576;RAMEPLANT WG;255,5
VI;13578;RAME CAFFARO BLU WG NEW;1.777,00
VI;13579;COPPER 12;29,5
VI;13585;SOLOFOL;330
VI;13586;VERDERAME 20 WG;262,2
VI;13586;ZAPI VERDERAME 20 WG 800 GR.;59,2
VI;13592;BAYER VOLARE 50 ML;0,65
VI;13592;VOLARE;316,75
VI;13592;VOLARE x 1 lt;542
VI;13600;ZOLFO S.A.I.M. DOPPIO VENT. x 10 kg;20
VI;13607;NOBIL;6,75
VI;13612;;4
VI;13635;POLT.BORD.20 PB x 25 kg (MANICA);25
VI;13635;POLTIGLIA 20 PB MANICA;4.061,50
VI;13637;PERGADO F;15
VI;13639;ACRAMITE 480 SC;3,5
VI;13640;IMPRINT;114,1
VI;13646;SENTRY x 1 kg;10,5
VI;13648;SIARAM 20 WG x 1 kg;93
VI;13648;SIARAM 20 WG x 10 kg;350
VI;13648;SIARAM 20 WG x 20 kg;300
VI;13651;SPECTRO;91,2
VI;13669;ATEMI 10 PEPITE;2
VI;13689;FLINT MAX;58,25
VI;13689;FLINT MAX x 0,5 kg;8,5
VI;13691;TRIDAN COMBI T;343
VI;13693;BACILLUS CHEMIA;47
VI;13698;;13,25
VI;13698;VIVANDO;174
VI;13698;VIVANDO LT 0,250;3,5
VI;13698;VIVANDO x 0,25 lt;5,5
VI;13698;VIVANDO x 1 lt;11
VI;13702;GEOTOX 7,5 C;74
VI;13702;GEOTOX 7,5 G;74
VI;13707;;52
VI;13707;IMPACT SUPREME;129
VI;13707;IMPACT SUPREME LT 1;26
VI;13707;IMPACT SUPREME LT 5;70
VI;13709;;4
VI;13709;U 46 PRATI;16
VI;13709;U 46 PRATI x 1 lt;152
VI;13711;;400
VI;13716;CAPTAN ARVESTA 80 WG;18
VI;13719;THIAMON 80 PLUS;2.226,00
VI;13721;AFIDINA QUICK;8
VI;13736;TRACE;26,25
VI;13736;TRACE x 0,750 lt;60,75
VI;13741;;10
VI;13741;SELECTA DISPERSS;21
VI;13742;PERGADO MZ;41
VI;13743;KUKAR 22;89
VI;13765;SHERPA 100 EW;14
VI;13765;SHERPA 100 EW x 1 lt;19
VI;13771;NIMROD 250 EW;279
VI;13771;NIMROD 250 EW x 1 lt;37
VI;13782;DOURO 10 WG x 1 kg;8
VI;13785;;5
VI;13785;QUANTUM MZ;174
VI;13785;QUANTUM MZ (IDRO) x 1 kg;36
VI;13785;QUANTUM MZ (IDRO) x 5 kg;95
VI;13785;QUANTUM MZ x 5 kg;110
VI;13786;QUANTUM R;308,7
VI;13787;RIVIERA R;252
VI;13791;GEATER-STAR;98
VI;13792;STABILAN;79
VI;13792;STABILAN   LT 5;20
VI;13793;RUNNER M;110
VI;13794;SPADA WDG;28
VI;13796;CELL;5
VI;13801;TOUCHDOWN HOBBY;32,5
VI;13809;;2.680,00
VI;13809;FORCE ULTRA;19.400,00
VI;13809;FORCE ULTRA x 10 kg;21.330,00
VI;13812;NOTO 40 OD;249
VI;13815;TUTOR 18-15;65
VI;13817;ALIAL WG;6
VI;13817;ALIAL WG x 1 kg;5
VI;13820;BAYTEROID 25 EC;55,5
VI;13823;ALVERDE;34,3
VI;13823;ZAPI DORIFORA E LEPID. ALVERDE 10 M;0,9
VI;13828;ELEGANT 05 EC;3
VI;13837;;72
VI;13838;XEDAVIR;10
VI;13843;ZELIG 480 EC;190
VI;13843;ZELIG 480 EC x 1 lt;20
VI;13846;BOLINA x 1 kg;22
VI;13857;CRODIX GEO;273
VI;13858;MEDIATOR EXTRA SL;1,7
VI;13872;NANDO 500 SC;6
VI;13877;KITT PRONTO;91
VI;13885;MICROCOPP NEUTRO FL x 1 lt;7
VI;13885;MICROCOPP NEUTRO FL x 10 lt;2
VI;13888;FANTIC F NC WG;67
VI;13892;RAMEZIN COMBI WG NC;12
VI;13895;EUCRIT F PIU' x 5 kg (2° XN);85
VI;13901;VERDERAME 20 PB;6,75
VI;13905;;8
VI;13905;BANJO;24
VI;13908;BORDO ISAGRO WG;20
VI;13913;;10
VI;13925;BOGARD x 0,5 lt;8,5
VI;13927;ZAMIR 18;0,5
VI;13955;MITIGREEN;211
VI;13981;;36,9
VI;13981;CORAGEN;316,8
VI;13981;CORAGEN  300ML;0,6
VI;13981;CORAGEN  400ML;3,2
VI;13981;CORAGEN x 0,300 lt;17,4
VI;13981;CORAGEN x 0,400 (+AVAUNT)TW.P MAIS;30
VI;13983;HUSSAR MAXX PRO;13,2
VI;13998;PYRUS 400 SC;1
VI;14005;;3
VI;14005;CLORTOSIP 500 SC;922
VI;14005;CLORTOSIP 500 SC  LT 5;40
VI;14005;CLORTOSIP 500 SC x 1 lt;14
VI;14005;CLORTOSIP 500 SC x 5 lt;230
VI;14006;INDIPENDENT 25 PB;17
VI;14018;BASIC;9
VI;14020;LIDAL;241
VI;14021;BREK DUO;260
VI;14023;SUPPORT 100 EC x 1 lt (Nuova Etic.);4
VI;14023;SUPPOST 10 EC;16
VI;14024;PERFIL 10 WP;5
VI;14027;IMIDAN 23,5 WDG;1
VI;14034;CURENOX TOP MICRO;2,2
VI;14035;WINCH 40 WDG;0,75
VI;14042;SUPRAFOS EC;102
VI;14044;JOKER 480 x 1 lt (N.C.);134
VI;14052;HALLIG 80 WG;6
VI;14058;FEINZIN 70 DF;278,5
VI;14058;FEINZIN 70 DF x 0,250 kg;29,5
VI;14061;;16
VI;14062;;30
VI;14062;ZOXIUM 240 SC;497,6
VI;14062;ZOXIUM 240 SC x 1 lt;39
VI;14074;KOL TRINEX 250 EW 100 ML. PER OIDIO;2,2
VI;14074;KOL TRINEX 250 EW 250 ML. PER OIDIO;1,75
VI;14074;TRINEX 250 EW;6,76
VI;14074;TRINEX 250 EW x 1 lt;6
VI;14076;CYPRUS 25 DF;2.841,60
VI;14077;;66
VI;14077;CHAMP 20 DF;1.175,00
VI;14077;CHAMP 20 DF   KG 10;90
VI;14077;CHAMP 20 DF x 10 kg;850
VI;14080;MIZAR  X  5;5
VI;14098;CRITTOX GD 75 x 10 kg;1.980,00
VI;14099;;10
VI;14099;ASPOR WDG;1.360,00
VI;14099;ASPOR WDG  KG 10;30
VI;14100;KANEMITE;10,25
VI;14101;CARAMBA;5
VI;14101;CARAMBA x 1 lt;716
VI;14102;BORDOFLOW NEW;2.618,00
VI;14127;MEVAXIL COBRE;0,25
VI;14128;ZIGNAL;9
VI;14135;GRENADIER 75 DF;2,56
VI;14136;OBERON;17,5
VI;14136;OBERON x 0,5 lt;1,5
VI;14137;ALTACOR;16
VI;14154;BAYER PIRETRO ACTIGREEN  20 ML;89
VI;14154;BAYER PIRETRO ACTIGREEN 100 ML;62
VI;14154;PIRETRO ACTIGREEN;12,03
VI;14155;KOMPASS x 10 kg;140
VI;14156;CURZATE R WG;1.981,00
VI;14163;SARMOX 440 WG;451
VI;14164;TRIKA ZETA;10
VI;14165;;76
VI;14165;NANDO MAXI;222
VI;14166;;6
VI;14166;ZETOR;45
VI;14168;SILWET VELONEX;17
VI;14168;SILWET VELONEX x 1 lt;99
VI;14169;PERGADO R;570
VI;14178;TRI-BASE;22,4
VI;14182;;122
VI;14182;ARES 25 WG;459
VI;14189;NUFOS 44 EC;16
VI;14193;SARMOX 45 DG;100,5
VI;14195;KENDO WITH ZEON TECNOLOGY x 1 lt;54
VI;14207;TEBUSHA NEW;19,5
VI;14208;;20
VI;14240;PYR PRONTO;259,5
VI;14248;CLOR QUICK;11
VI;14248;ZAPI CLOR QUICK ML 100 UNIV.ABBATT.;0,6
VI;14254;BILO 7,5 C;32
VI;14254;BILO 7.5 C KG 1 FITOGUARD;2
VI;14257;UNDERLINE 0,2 G;120
VI;14262;;1
VI;14262;BAYER GREENEX NF  40ML;5,6
VI;14262;BAYER GREENEX NF 250ML;1,4
VI;14262;GREENEX NF;167,41
VI;14263;BIOTEN;11,65
VI;14281;BUCTRIL UNIVERSAL;34
VI;14290;;33
VI;14290;KOHINOR 200 SL;273,84
VI;14290;KOHINOR 200 SL x 0,25 lt;22
VI;14290;KOHINOR 200 SL x 1 lt;55
VI;14290;KOL KOHINOR 200 SL DA 5 ML;2,9
VI;14290;KOL KOHINOR 200SL ML.100;4,5
VI;14290;KOL KOHINOR 200SL ML.50;2,65
VI;14294;;0,7
VI;14294;EXECUTIVE;7,3
VI;14294;EXECUTIVE x 100 gr;1,1
VI;14333;DIMILIN SC 15;3
VI;14336;NEMATHORIN 150 EC;1
VI;14348;;75
VI;14348;AGRON;16
VI;14350;ZOLFO RAMATO 5;37
VI;14363;U 46 GIARDEN;7,5
VI;14368;RESOLVA 24H;16
VI;14369;RESOLVA 24H RTU;73
VI;14370;AMISTAR;30
VI;14386;OLIONET;21,25
VI;14387;NERVURE SUPER;6
VI;14389;DESSICASH 200 SL;60
VI;14389;DESSICASH 200 SL x 1 lt;22
VI;14405;;120
VI;14405;MERLIN FLEXX;1.297,00
VI;14405;MERLIN FLEXX x 10 lt;160
VI;14407;;1,25
VI;14407;RUNWAY;90,2
VI;14407;RUNWAY x 0,5 lt;9
VI;14409;;5
VI;14409;MOVENTO 48 SC;532,52
VI;14409;MOVENTO 48 SC x 1 lt;42
VI;14409;MOVENTO 48 SC x 5 lt;80
VI;14414;DUSTY;449,2
VI;14414;KOL DUSTY OLIO BIANCO EMULS. 150 ML;0,6
VI;14418;PULSAR 40 SL;942
VI;14418;PULSAR 40 SL (IP) x 1 lt;151
VI;14418;PULSAR 40 SL (IP) x 5 lt;330
VI;14419;TRUST SC;2,25
VI;14423;PRIMISOL 80 WDG;2,5
VI;14426;GEODIS;11
VI;14426;GEODIS x 1 kg;26
VI;14431;;2
VI;14431;LENTAGRAN 45 WP;14
VI;14431;LENTAGRAN 45 WP x 1 kg;27
VI;14432;;80
VI;14432;METRIC;585
VI;14441;VALZER SC;4
VI;14462;KOBAN T;225
VI;14469;ROMIN 600  X 5;20
VI;14474;TEBUSIP COMBI;139,35
VI;14488;;30
VI;14488;ANTRACOL 70 WG;7.363,00
VI;14488;ANTRACOL 70 WG x 10 kg;1.870,00
VI;14491;KUBIK MCZ;10
VI;14510;ELECTIS TRIO;93
VI;14516;JAVA F;20
VI;14559;AGREE WG;28
VI;14565;CURZATE M WHITE;44
VI;14575;TRIMMER SX;0,2
VI;14575;TRIMMER SX  GR20;0,02
VI;14577;;101
VI;14577;FORUM R 3B;2.107,00
VI;14577;FORUM R 3B x 1 kg;74
VI;14579;RAMIN 30 DF;625
VI;14582;FENGIB;1
VI;14636;;1
VI;14636;BIOLID UP;1.767,20
VI;14636;BIOLID UP x 1 lt;98
VI;14638;NETOR;35
VI;14642;;51
VI;14642;RIDOMIL GOLD R WG;3.984,00
VI;14642;RIDOMIL GOLD R WG x 10 kg;40
VI;14643;CENTIUM 36 CS x 1 lt;8
VI;14650;ROGATOX 40 ST;10
VI;14655;VIVER WDG;39
VI;14664;BERELEX 40 SG;0,75
VI;14679;CHEMOL PLUS;490
VI;14685;ACROBAT R 3B x 10 kg;180
VI;14686;KOCIDE OPTI;120
VI;14687;QUAD-GLOB 200 SL;45
VI;14687;QUAD-GLOB 200 SL x 1 lt;25
VI;14687;QUAD-GLOB 200 SL x 5 lt;105
VI;14693;VIP 80 EC;1,5
VI;14693;VIP 80 EC x 0,75 lt;39,75
VI;14697;ENERVIN DUO;22
VI;14699;GEOXE;1
VI;14728;CELIO;16
VI;14730;CHIMIGOR 40 ST;304
VI;14735;RANMAN TOP;160
VI;14737;RANDAUP PLATINUM;12
VI;14737;ROUNDUP PLATINUM;4.699,00
VI;14737;ROUNDUP PLATINUM x 15 lt;105
VI;14737;ROUNDUP PLATINUM x 5 lt;55
VI;14739;DECIS PROTECT;304
VI;14740;DECIS GIARDINO AL PPO;11,55
VI;14753;PIKE 20 WG;1,2
VI;14758;KARATE WITH ZEON TECHNOLOGY 1.5 HOB;27,98
VI;14760;RASIKAL PRO;45
VI;14764;SLUXX;60
VI;14765;ELUMIS;23
VI;14767;HERBICLEAN AL;19
VI;14768;CALIBAN TOP;30
VI;14769;;35
VI;14769;COMET 250 EC;42,4
VI;14770;MISCANTI DUO;59
VI;14772;;293
VI;14785;DRISCOLL;41,27
VI;14785;DRISCOLL 50 ML (DIFENOCONAZOLO);0,05
VI;14792;MELODY TREVI x 1 kg;14
VI;14792;MELODY TREVI x 8 kg;48
VI;14797;SIATTOL 200 PLUS;70,99
VI;14799;AFLOR 200 SL;19,07
VI;14799;ZAPI AFICIDA SIST.ML.5 AFLOR 200SL;0,31
VI;14799;ZAPI AFICIDA SIST.ML.50 AFLOR 200SL;0,6
VI;14803;ELECTIS ZR;342
VI;14804;COPPER - DF;7,25
VI;14807;;6,75
VI;14807;LUZINDO;70,5
VI;14807;LUZINDO x 0,25 kg;41
VI;14809;CUPRAVIT BIO EVOLUTION;1.153,00
VI;14809;CUPRAVIT BIO EVOLUTION x 1 kg;120
VI;14809;CUPRAVIT BIO EVOLUTION x 10 kg;120
VI;14812;;170
VI;14812;ENERVIN TOP;551
VI;14812;ENERVIN TOP WG x 1 kg;179
VI;14812;ENERVIN TOP WG x 5 kg;1.430,00
VI;14815;;1.374,00
VI;14815;ADENGO;11.444,00
VI;14815;ADENGO x 10 lt;3.600,00
VI;14815;ADENGO x 2 lt;1.138,00
VI;14818;ACANTO;141
VI;14819;VALIS M;20
VI;14826;PYREOS EXTRA SL;1,42
VI;14828;;27
VI;14828;NUPRID SUPREME SC;13
VI;14828;NUPRID SUPREME SC x 1 lt;64
VI;14830;CUPROFIX ULTRA DISPERSS;15
VI;14837;GLIFOSAR FLASH;11.421,00
VI;14838;BARCLAY GALLUP BIOGRADE 360;540
VI;14838;GALLUP BIOGRADE 360 x 20 lt;7.640,00
VI;14838;GALLUP BIOGRADE 360 x 5 lt;5
VI;14844;CLUSTER 500;70
VI;14845;MYSTIC PLUS S;449
VI;14845;MYSTIC PLUS S x 1 kg;31
VI;14862;FOLMAK WDG;1
VI;14867;SYNERO;11
VI;14867;SYNERO x 1 lt;5
VI;14870;COPPERLAND x 10 kg;500
VI;14871;OXICU x 10 kg;90
VI;14872;BELLIS DRUPACEE;5
VI;14872;BELLIS DRUPACEE x 2,5 kg;7,5
VI;14876;GRANDSTAND;388,25
VI;14876;GRANDSTAND ERBICIDA LT1;34
VI;14879;LONTREL 72 SG;3,75
VI;14879;LONTREL 72 SG x 150 gr;83
VI;14884;;587
VI;14884;CORUM;1.560,00
VI;14884;CORUM x 1 lt;15
VI;14885;ROUNDUP RAPIDO;68
VI;14891;TRICO;202
VI;14895;LANNATE 20 SL;107
VI;14897;FLUROSTAR 200;25
VI;14897;FLUROSTAR 200 x 1 lt;16
VI;14901;CONCORDE 125;1,25
VI;14909;;12
VI;14909;NURELLE 5;8
VI;14914;YSAYO x 10 lt;240
VI;14916;;7
VI;14919;EMERALD 125;11,11
VI;14920;ZOLFO 80WP(ZOLFINDUSTRIA)da miniera;375
VI;14935;TRAXOS ONE;106
VI;14935;TRAXOS ONE  LT 5;20
VI;14936;;48
VI;14936;AMPLIGO;81
VI;14938;DEDICADE;0,75
VI;14938;DEDICATE;0,25
VI;14944;FLUXYR 200 EC;83
VI;14945;ASCOT;10
VI;14947;TRUSTEE 450;771
VI;14951;BOTECTOR;11,6
VI;14951;BOTECTOR x 0,4 kg;4
VI;14969;HOPPER 480;903
VI;14969;HOPPER 480  LT 20;920
VI;14969;HOPPER 480  LT5;270
VI;14970;POLYSECT ULTRA SL;3,3
VI;14972;DICARZOL 50 SP;20
VI;14980;;36
VI;14980;AFFINITY PLUS;1
VI;14986;OPERA NEW;785
VI;15005;FONTELIS;1
VI;15007;AXIAL PRONTO;12
VI;15011;SPI EC;1
VI;15013;BAYER LUMACHICIDA 1 KG;17
VI;15013;BAYER LUMACHICIDA 500 GR;38
VI;15013;NATRIA LUMACHICIDA;97,5
VI;15014;NATRIA ERBICIDA;2,05
VI;15015;NATRIA LUMACHICIDA GIARDINO;1,6
VI;15023;DERREX x 20 kg;300
VI;15024;MESUROL 200 SC;32
VI;15024;MESUROL 200 SC x 1 lt;44
VI;15030;COSSACK x 0,6 kg;7,8
VI;15034;DICOPHAR;34,17
VI;15034;KOL DICOPHAR ML.100;17
VI;15034;KOL DICOPHAR ML.500;9
VI;15037;BREZZA;154
VI;15041;;1,5
VI;15041;OPINION ADAMA;1
VI;15041;OPINION ECNA;70,78
VI;15045;FANTIC M C WG;6
VI;15047;BAYER R6 BORDEAUX WG GR 500;9,5
VI;15047;R6 ERRESEI BORDEAUX WG;299,75
VI;15049;;10
VI;15049;MODDUS;51
VI;15049;MODDUS x 1 lt;12
VI;15050;;15
VI;15050;VERTIMEC PRO;77
VI;15050;VERTIMEC PRO x 1 lt;2
VI;15051;KYLEO;60
VI;15052;KAIMO SORBIE;14
VI;15054;CONTENDER 80 WG;7
VI;15058;;3,08
VI;15058;PRINCIPAL MAIS;316,76
VI;15058;PRINCIPAL MAIS x 440 gr;9
VI;15059;;10
VI;15059;DECIS EVO;1.082,71
VI;15059;DECIS EVO x 1 lt;47
VI;15059;DECIS EVO x 5 lt;10
VI;15062;PIRAMAX  EC;26
VI;15063;NIMBLE x 50 gr;2,45
VI;15064;MAESTRO WG ADVANCE;175
VI;15071;EVOLUTION;509
VI;15071;EVOLUTION x 1 lt;2
VI;15079;JUVINAL ECHO;1
VI;15083;AUDACE;7
VI;15083;AUDACE x 1 lt;25
VI;15084;;48
VI;15084;DRUM x 0,5 kg;6
VI;15093;CENTURIO;1.067,50
VI;15093;CENTURIO x 5 kg;25
VI;15093;KOL CENTURIO KG.1;14
VI;15095;KEEPER 70 MZ;40
VI;15096;GLIPHOGAN TOP CL x 1 lt;846
VI;15096;GLIPHOGAN TOP CL x 20 lt;1.080,00
VI;15096;GLIPHOGAN TOP CL x 5 lt;665
VI;15101;CIMORAM ULTRA WG;10
VI;15102;VITENE R WG;100
VI;15111;;45
VI;15111;MIRADOR SC;261
VI;15115;PROSPER 500 EC x 1 lt;166
VI;15116;ELIOS R;12
VI;15122;ACTELLIC 50 NEWPHARM;33
VI;15124;ZANTARA;99
VI;15125;;16
VI;15125;PROLECTUS;46
VI;15125;PROLECTUS x 1 kg;169
VI;15127;;5
VI;15127;SANVINO;390
VI;15130;INTREPID;46
VI;15135;OLEOSAN PLUS;7,5
VI;15138;BAROCCO 80 WG;2.725,00
VI;15139;INDIPENDENT SC 15;20
VI;15142;ALCANCE SYNC TEC;1.790,00
VI;15145;TEMPLIER x 180 gr;6,3
VI;15148;ENVIROMITE 480 SC;0,12
VI;15168;ZORO 1.9 EW;27
VI;15177;ROTATE PLUS DF;30
VI;15177;ROTATE PLUS DF x 1 kg;159
VI;15177;ROTATE PLUS DF x 10 kg;650
VI;15180;RIVET PLUS x 1 lt;2
VI;15181;;48
VI;15181;CIRRUS CS;135,5
VI;15181;CIRRUS CS x 2 lt;16
VI;15184;SATEL GEO;69
VI;15192;LIBERATE;2
VI;15193;CONTATTO PIU' EXTRA;146
VI;15193;CONTATTO PIU EXTRA x 1 lt;42
VI;15198;AZBANY;26
VI;15199;SAKURA;42
VI;15199;SAKURA x 1 lt;3
VI;15201;FLOXI 355 SC;19
VI;15201;FLOXY 355 SC;238
VI;15211;;43
VI;15213;DEMETRINA FLOW;62,55
VI;15221;ZETARAM PLUS;6.145,50
VI;15222;FOLICUR COMBI WG;1.254,00
VI;15227;MESUROL EVOLUTION;16,45
VI;15230;APPLAUD 25 WP;7,3
VI;15232;;53
VI;15232;CUSTODIA x 5 lt;10
VI;15235;MOMENTUM;8
VI;15236;ZAMMO;53
VI;15236;ZAMMO x 1 lt;3
VI;15237;CHIKARA DUO;18
VI;15237;CHIKARA DUO x 3 kg;33
VI;15250;COPRANTOL DUO;10
VI;15251;AIRONE LIQUIDO;34
VI;15253;FALCON MK x 1 lt;722
VI;15253;FALCON MK x 5 lt;975
VI;15264;ENERVIN SC;18
VI;15265;;32
VI;15267;;10
VI;15267;KUSABI;11
VI;15270;PROFELIS;0,95
VI;15274;ALIAL SYSTEM;5
VI;15285;PRIMMA STAR;89,23
VI;15286;KENDO ZEON 1.5 x 1 lt;2
VI;15289;BAYER NATRIA SERENADE GR 200;1,6
VI;15289;SERENADE NATRIA;0,4
VI;15290;AXIDOR;46
VI;15290;AXIDOR x 1 lt;22
VI;15290;AXIDOR x 5 lt;20
VI;15291;TURFENE PLUS;64,6
VI;15294;KENDO BI-ACTIVE x 1 lt;229
VI;15302;;14
VI;15302;AMYLO-X;100
VI;15302;AMYLO-X x 1 kg (S.18);54
VI;15302;AMYLO-X x 1 kg (S.19);54
VI;15310;NISSHIN EXTRA 6 OD;14
VI;15311;TIZCA;11
VI;15313;ZOLFO SC;817
VI;15317;FLARE GOLD COMBI PEPITE x 5 kg;1.905,00
VI;15325;CORNER MZ WG;150
VI;15325;CORNER MZ WG x 10 kg;250
VI;15326;CUPROTEK DISPERSS x 10 kg;7.940,00
VI;15333;;38
VI;15333;APPLAUD PLUS;1.852,70
VI;15333;APPLAUD PLUS x 1 lt;4
VI;15335;U 46 ULTRA;40
VI;15337;EXPRESS SUN;0,9
VI;15340;FEUDO 50 WP;17
VI;15343;FEUDO 50 WP;10
VI;15348;;130
VI;15348;RIDOMIL GOLD R LIQUIDO;88
VI;15349;ARES 430 SC;51
VI;15356;AVIATOR SC LT 1;1
VI;15356;SPHINX SC;209
VI;15361;LIETO;11,25
VI;15363;MEDEIRO 80 WG ADVANCE;10
VI;15365;RAME ZOLFO FLOW MCT;151
VI;15370;FURY GEO;1.350,00
VI;15370;FURY GEO x 10 kg;6.460,00
VI;15371;;192
VI;15371;BELEM PROTEZIONE;624
VI;15371;BELEM PROTEZIONE x 12 kg;1.656,00
VI;15378;;41
VI;15378;TRAXOS PRONTO 60;3
VI;15378;TRAXOS PRONTO 60 x 1 lt;6
VI;15379;;35,25
VI;15379;AXIAL PRONTO 60;550,5
VI;15379;AXIAL PRONTO 60  LT 0,75;27,75
VI;15379;AXIAL PRONTO 60 x 0,75 lt (1 Ha);36,75
VI;15379;AXIAL PRONTO 60 x 3,75 lt (5 Ha);3,75
VI;15384;;2
VI;15384;LUNA EXPERIENCE;48
VI;15384;LUNA EXPERIENCE x 1 lt;32
VI;15388;MEXIL ORO R WG;20
VI;15389;FLARE GOLD R WG x 10 kg;1.230,00
VI;15392;QUANTUM MZ WDG;20
VI;15401;TAIFUN MK CL;8.447,00
VI;15401;TAIFUN MK CL  LT 20;1.120,00
VI;15401;TAIFUN MK CL  LT 5;610
VI;15401;TAIFUN MK CL x 1 lt;303
VI;15401;TAIFUN MK CL x 1 lt (Nuova Etich.);62
VI;15401;TAIFUN MK CL x 5 lt;725
VI;15402;DELTASAP;13
VI;15405;SHAMAL MK PLUS CL;589
VI;15407;;35
VI;15408;;180
VI;15427;RIFOS 550 EC;41
VI;15428;WINNER OD;1
VI;15448;REBEL TOP;56
VI;15449;;18
VI;15449;CIDELY;590
VI;15451;ELIOS WG TOP;80
VI;15483;WISH;53
VI;15488;IRAZU TOP;27
VI;15493;SIMUN 40 OD;3
VI;15494;DELSTAR;29
VI;15499;SONG 70 WDG;304,75
VI;15505;SILBOT 500 SC;5
VI;15505;SILBOT 500 SC x 1 lt;418
VI;15507;;91
VI;15507;CREW SUPERB;409
VI;15509;MOSAIKO COMBI;64
VI;15513;OSSICLOR 35 WG GREEN;1.059,00
VI;15514;BAYER CUPRAVIT BLU WG 500GR;12
VI;15514;BAYER CUPRAVIT BLU WG GR 100;6,9
VI;15514;CUPRAVIT BLU 35 WG;2.127,20
VI;15515;POLTIGLIA 20 PB GREEN;305
VI;15524;INTERCEPT;9,3
VI;15532;TOBAGO 200 SL;0,35
VI;15542;ANTILUMACHE FER;7,5
VI;15543;LUMACHICIDA FER;15
VI;15546;BIATHLON 4D;46,1
VI;15549;PROLECTUS 50 WG;34
VI;15553;REGALIS PLUS;9
VI;15569;LOOP 40;47
VI;15569;LOOP 40 x 1 lt;101
VI;15569;LOOP 40 x 5 lt;260
VI;15572;ZOMINEX x 1 lt (+PERGADO SC x 1);40
VI;15573;;19
VI;15573;PROMESS SL;61,6
VI;15574;KARMA 85;105
VI;15583;PIRAT;7
VI;15591;PREVINT TOP;34
VI;15596;LASCAR x 1 lt;3
VI;15603;ERBIFEN K;40
VI;15612;SEMPRA;2,25
VI;15618;FULLDINA 355 SC;14
VI;15621;BOTTO 50 EC;40,75
VI;15622;CURZATE R WG BIANCO;47
VI;15623;COSMOS 550 EC;34
VI;15625;TERMINUS SC;69
VI;15629;BADGER 45% WG;0,5
VI;15630;PALMAS 45% WG;39
VI;15633;REVUS TOP;18
VI;15640;PROLINE STAR x 1 lt;38
VI;15651;FLANKER;27
VI;15655;KEETON 25 WG x 1 kg;1
VI;15661;SENEGO;5,25
VI;15663;CUPRAVIT 35 WG;526,5
VI;15666;TURNER COMBI;191
VI;15668;;3
VI;15668;GHIBLI 240 OD;100
VI;15668;GHIBLI 240 OD x 0,25 lt;53,5
VI;15674;AMADEUS TOP;1,5
VI;15681;LUMADRY ESCA;17
VI;15689;DIFENZONE;12
VI;15689;DIFENZONE x 1 lt;7
VI;15690;ALIAL RAMATO;83
VI;15710;CLINCHER ONE;60
VI;15711;;2
VI;15711;ALSYSTIN x 0,5 kg;1
VI;15713;;3,8
VI;15713;DIABLO SC;5,2
VI;15713;DIABLO SC x 0,2 lt;9,2
VI;15722;;25
VI;15722;ARMICARB 85;321
VI;15722;ARMICARB 85 x 5 kg;30
VI;15725;DUAXO;84,4
VI;15738;STOPWEED 480 x 1 lt;123
VI;15741;AVADEX FACTOR;80
VI;15741;AVADEX FACTOR x 10(con Pressing 500;7
VI;15746;EXTENSOR OD x 10 lt;90
VI;15751;VITENE TRIPLO R;662
VI;15751;VITENE TRIPLO R WG GR 500;32
VI;15751;VITENE TRIPPLO R;25
VI;15758;;60
VI;15758;QUILT XCEL;42
VI;15758;QUILT XCEL x 1 lt;19
VI;15758;QUILT XCEL x 5 lt;50
VI;15759;DECIS TRAP;1
VI;15765;DIABLO;3,6
VI;15779;ABANTO;4,85
VI;15790;AMISTAR TOP;15
VI;15817;;3
VI;15817;GLADIATOR;1
VI;15829;RAJAH;5
VI;15832;VINTAGE C DISPERSS x 5 kg;230
VI;15834;TRACER 120;106
VI;15842;AFICIONADO x 3 lt;51
VI;15847;;34,5
VI;15847;MAKURI;27
VI;15857;R6 ERRESEI PASADOBLE;325
VI;15857;R6 ERRESEI PASADOBLE x 10 kg;980
VI;15877;;47
VI;15883;MARTO';15
VI;15891;BLAISE;5
VI;15899;SILICOSEC;15
VI;15900;;1.200,00
VI;15900;TRIKA EXPERT;2.346,50
VI;15900;TRIKA EXPERT  KG10;2.660,00
VI;15901;;2.320,00
VI;15901;ERCOLE;31.208,50
VI;15901;ERCOLE x 10 kg;1.160,00
VI;15907;PRESIDIUM ONE;615
VI;15907;PRESIDIUM ONE x 5 lt;25
VI;15911;;83
VI;15912;CUPRO ISAGRO WG;500
VI;15913;BORDO ISAGRO WG BLU;51
VI;15914;RAME ISAGRO WG BLU;50
VI;15924;RUSTLER;3
VI;15927;MOJANG T;5
VI;15931;GLORIAL JET;3
VI;15932;AXIENDO CONCENTRATO;27,7
VI;15933;AXIENDO PRONTO USO;88,5
VI;15949;PROMEX;16
VI;15949;PROMEX x 1 lt;43
VI;15956;RAVANE 100 CS x 0,5 lt;110
VI;15961;;91
VI;15961;RETENGO NEW;2
VI;15961;RETENGO NEW x 1 lt;34
VI;15975;HIATUS;0,8
VI;15975;HIATUS   GR 200;5,2
VI;15996;;10
VI;15996;PATRIOT DRY;220
VI;15996;PATRIOT DRY x 1 kg (18);134
VI;16000;MINUET GR;92,5
VI;16015;LOTUS 600 FS;0,5
VI;16030;CONTENDER WG;39
VI;16031;LUNA DEVOTION;12
VI;16032;RADAR 10 EC;48
VI;16034;DOURO 100 EC;32
VI;16035;THEOREM;44
VI;16042;TOSCANA;3,93
VI;16051;LENNS;410
VI;16051;LENNS x 5 lt;25
VI;16054;SINSTAR;72
VI;16063;ARIGO;21,56
VI;16068;;373
VI;16068;FOLDER 80 WG;50
VI;16071;MESOZIN 70 WG;247,5
VI;16074;GLORIAL 25 EC;38
VI;16075;AGHERUD M;425
VI;16083;STIKER FLOW;1,4
VI;16084;;3
VI;16084;BREVIS;74
VI;16098;NIBER 70 DF x 0,250 kg;296
VI;16099;;14
VI;16099;SINIS 70 DF;132,25
VI;16101;TOPAS COMBI LIQUIDO;1.075,00
VI;16104;ELECTIS TRIO WDG;1.310,00
VI;16107;RADAR COMBI FLOW;8
VI;16114;SIMITAR   EVO;42
VI;16114;SIMITAR EVO x 3 lt;30
VI;16117;SERBY;51,3
VI;16117;ZAPI DISERBO RESID.SIST.250ML SERBY;0,25
VI;16117;ZAPI DISERBO RESID.SIST.500ML SERBY;3
VI;16124;;1
VI;16124;JUVINAL ECHO PLUS;3
VI;16124;JUVINAL ECHO PLUS x 1 lt;1
VI;16126;FLANCO SC;2,8
VI;16136;LUMA-GOLD;13,2
VI;16137;;100
VI;16139;;6
VI;16139;SEGURIS XTRA;183
VI;16139;SEGURIS XTRA x 1 lt;158
VI;16139;SEGURIS XTRA x 5 lt;20
VI;16149;BABEL x 1 lt;19
VI;16161;;125
VI;16161;CENTURY SL;240
VI;16166;POKER MAX;1.974,00
VI;16167;MARACANA;8
VI;16171;;22,6
VI;16172;CAL-EX 1,9 EW;96,5
VI;16172;CAL-EX 1.9 EW x 1 lt;123
VI;16179;FOLLOW 80 WG;10
VI;16182;CLICK PRO;243
VI;16188;MEDIATOR PLUS;28,4
VI;16191;TRIMAXX;9
VI;16191;TRIMAXX x 1 lt;58
VI;16194;ETRAVON PRO;24
VI;16205;IDROX 20;1.530,00
VI;16213;UNICORN PLUS DF;19
VI;16221;;0,2
VI;16221;MADEX TOP;4
VI;16221;MADEX TOP x 0,1 lt;2,7
VI;16227;;285
VI;16227;FOLPAN COMBI;966
VI;16227;FOLPAN COMBI x 1 kg;88
VI;16227;FOLPAN COMBI x 5 kg;150
VI;16230;RUFAST NOVA;5
VI;16243;POLYSECT ULTRA AL;88
VI;16260;WELTER MZ WG x 1 kg;38
VI;16260;WELTER MZ WG x 10 kg;450
VI;16283;;70
VI;16283;KOL QUANTUM R-OK 100 G;0,4
VI;16283;KOL QUANTUM R-OK 500 G;5,4
VI;16283;QUANTUM R-OK;102,4
VI;16297;SUPPORT 100 EC;36
VI;16299;PASSAT SL;8
VI;16299;PASSAT SL x 1 lt;865
VI;16299;PASSAT SL x 5 lt;945
VI;16305;BONZI;4
VI;16314;ZOXIS 250 SC;12
VI;16318;REFLECT;1
VI;16321;PENDIPHAR;11
VI;16325;;82
VI;16325;EPIK INSETTICIDA SISTEMICO SL ML  1;35
VI;16325;EPIK INSETTICIDA SISTEMICO SL ML  5;9
VI;16325;EPIK INSETTICIDA SISTEMICO SL ML 10;0,8
VI;16325;EPIK SL;1.383,90
VI;16325;EPIK SL x 1 lt;189
VI;16325;EPIK SL x 5 lt;120
VI;16335;LIETO SC;427
VI;16335;LIETO SC x 10 lt;80
VI;16352;FRISBEE TOP;2
VI;16363;;13
VI;16363;SIRTAKI;373,5
VI;16363;SIRTAKI x 1 lt;176
VI;16364;;28
VI;16364;BISMARK;4.957,00
VI;16364;BISMARK LT 5;350
VI;16364;BISMARK x 1 lt;1.192,00
VI;16364;BISMARK x 10 lt;1.300,00
VI;16364;BISMARK x 5 lt;1.820,00
VI;16379;PREV-AM PLUS;261
VI;16379;PREV-AM PLUS x 5 lt;40
VI;16396;TEMSA 100;71
VI;16405;;39
VI;16413;SEQUAT;25
VI;16415;MADEX TWIN;0,1
VI;16423;CORDOBA;14
VI;16434;OLIOCIN NATRIA;12
VI;16437;ACANTO PLUS;334
VI;16438;VELUM PRIME;4
VI;16438;VELUM PRIME x 0,5 lt;10
VI;16443;;240
VI;16444;DIXIE MAIS;194,4
VI;16457;POLTIGLIA 20 WG GREEN;50
VI;16459;SOLEIL 50 WG;55,5
VI;16460;VELIERO 500 EC;161
VI;16460;VELIERO 500 EC x 1 lt;1.203,00
VI;16462;R6 ERRESEI ALBIS ORTO;24
VI;16465;;1,02
VI;16465;HARASS;0,57
VI;16480;;56
VI;16480;3LOGY;328
VI;16480;3LOGY x 4 lt;8
VI;16481;CALLISTO 480 x 0,5 lt;756
VI;16484;CIRCUIT ACCESS 36 CS;50
VI;16492;VASCO;2
VI;16497;DECIS PROTECT EW;46,5
VI;16498;;58
VI;16527;TELLUS WP;22
VI;16528;GHIBLI 40 OD;13
VI;16534;TIXAL R SC;36
VI;16542;LAOTTA;12
VI;16545;COPRANTOL HI BIO 2.0;752
VI;16566;KUPPER 20 WG;210
VI;16567;TRICOPPERLAND x 1 kg;21
VI;16567;TRICOPPERLAND x 10 kg;5.220,00
VI;16570;SENCOR 600 SC;4
VI;16571;COPPER COMBI WG;17
VI;16578;MELODY COMPACT WG;201
VI;16701;PLAZA;11
VI;16703;SPADA 50 WG;285
VI;16703;SPADA 50 WG x 1 kg;35
VI;16737;ZELIG GR 50;1.524,00
VI;16787;CLINIC ST x 1 lt;23
VI;16787;CLINIC ST x 20 lt;1.520,00
VI;16787;CLINIC ST x 5 lt;85
VI;16794;SILGLIF ST x 1 lt;12
VI;16829;;59
VI;16830;FANDANGO 360 TF;240
VI;16833;;3.465,00
VI;16833;PANTOX 360 SUPER;70
VI;16836;STALLION IT SYNC;50
VI;16843;COPPERLAND NEW x 10 kg;1.550,00
VI;16917;LOGRADO PLUS;36
VI;16986;AF-X1 2017 x 12,5 kg;7.162,50
VI;16986;AF-X1-2017;125
VI;17001;EXIREL 2017;1
VI;17018;GEOTOX 5 C;17,4
VR;13;;9.820,00
VR;13;THIOPRON;24.460,00
VR;13;THIOPRON 10 LT;250
VR;13;THIOPRON DA LT. 10;7.150,00
VR;13;THIOPRON LT.10 -CLP-;920
VR;13;THIOPRON x 10 lt;42.030,00
VR;13;THIOPRON X LT.10;1.670,00
VR;17;;85
VR;17;U 46 COMBI FLUID;601
VR;17;U 46 COMBI FLUID x 1 lt;182
VR;17;U 46 COMBI-FLUID REG.0017 LT.1-CLP-;27
VR;133;U 46 D-FLUID;40
VR;189;;4.750,00
VR;189;MICOZEB 75 WDG;80
VR;206;ALBENE;26.820,00
VR;206;ALBENE LT.25-CLP-;75
VR;206;ALBENE x 1000 lt;1.000,00
VR;206;ALBENE x 25 lt;8.675,00
VR;206;ALBENE X 25 LT. - P101, P102, P270,;3.600,00
VR;206;ALBENE X LT.25;525
VR;449;;5.625,00
VR;449;MOCAP;26.820,00
VR;449;MOCAP DA KG. 15 (T);255
VR;449;MOCAP REG.00449 KG.15 -CLP-;11.640,00
VR;449;MOCAP X  KG 15  CLP 2783 6.1 II(D\E;1.515,00
VR;449;MOCAP x 15 kg;5.565,00
VR;565;FUMATHANE 510;14.150,00
VR;599;;1.584,00
VR;599;ACUPRICO 76 WG;1.208,00
VR;599;ACUPRICO 76 WG 5 KG;10
VR;599;ACUPRICO 76 WG DA KG. 20;280
VR;599;ACUPRICO 76 WG X KG.1;186
VR;599;ACUPRICO 76 WG X KG.20;200
VR;599;ACUPRICO 76 WG X KG.5;100
VR;619;VALGRAN;749
VR;630;;815
VR;630;REGLONE W;2.130,00
VR;630;REGLONE W DA LT. 1x12 (T+);518
VR;630;REGLONE W DA LT. 5x4 (T+);1.105,00
VR;630;REGLONE W REG.0630 LT.1-CLP-;50
VR;630;REGLONE W REG.0630 LT.5-CLP-;950
VR;630;REGLONE W UN 1760 NAS 8,III;105
VR;630;REGLONE W x 1 lt;56
VR;747;;10.730,00
VR;747;ZOLFO BAGN.92% MORMINO STELLA ORO;9.281,00
VR;747;ZOLFO SPRUZ 95% MORMINO PB x 10 kg;1.790,00
VR;747;ZOLFO SPRUZ 95% MORMINO PB X 25;125
VR;747;ZOLFO SPRUZZ.MICRO.92% X KG.10;2.940,00
VR;747;ZOLFO SPRUZZABILE;1.971,00
VR;779;TRIMANOC 80 WP;7
VR;779;TRIMANOC 80 WP x 1 kg;9
VR;779;TRIMANOC 80 WP X KG. 25;1.400,00
VR;844;MICROBAGNABILE 80;103
VR;886;SENCOR WG;15
VR;886;SENCOR WG REG.0886 GR.500-CLP-;7,5
VR;886;SENCOR x 0,5 kg;18,5
VR;909;;5.325,00
VR;909;POLIS. CALCIO POLISENIO x 25 kg;21.300,00
VR;909;POLIS. CALCIO POLISENIO x 250 kg;5.000,00
VR;909;POLISOLFURO CALCIO KG.25 (20lt;2.125,00
VR;909;POLISOLFURO DI CALCIO 30 X LT.20;200
VR;909;POLISOLFURO DI CALCIO POLISENIO;54.250,00
VR;909;POLISOLFURO DI CALCIO X KG.25;1.125,00
VR;909;POLISOLFURO DI CALCIO X KG.250;6.500,00
VR;1155;CHEMOL 90 EL;545
VR;1155;CHEMOL 90 EL DA LT. 5x4;755
VR;1156;;22.315,00
VR;1156;CHEMOL;33.488,00
VR;1156;CHEMOL DA LT. 1x12;73
VR;1156;CHEMOL DA LT. 25;22.775,00
VR;1156;CHEMOL DA LT. 5x4;655
VR;1156;CHEMOL x 25 lt;42.900,00
VR;1156;CHEMOL X LT.200;600
VR;1156;CHEMOL X LT.25;600
VR;1156;OLIO BIANCO CHEMOL X 25 LT.;25
VR;1231;BASAGRAN;60
VR;1231;BASAGRAN SG X 3 KG.;12
VR;1544;MESUROL;29
VR;1544;MESUROL X KG 1;3
VR;1562;ERBITOX E 30 x 1 lt;1.080,00
VR;1573;;10.080,00
VR;1573;BASAMID GRAN. DA KG. 20 (Xn);1.400,00
VR;1573;BASAMID GRANULAT;5.500,00
VR;1573;BASAMID GRANULAT KG.20 REG.1573-CLP;180
VR;1573;BASAMID x 20 kg;8.340,00
VR;1583;;83.879,00
VR;1583;MICROTHIOL DISPERSS;60.770,00
VR;1583;MICROTHIOL DISPERSS 1 kg;12
VR;1583;MICROTHIOL DISPERSS 15 kg;2.100,00
VR;1583;MICROTHIOL DISPERSS 25 kg;6.575,00
VR;1583;MICROTHIOL DISPERSS DA KG. 25;110.925,00
VR;1583;MICROTHIOL DISPERSS KG.15-CLP-;645
VR;1583;MICROTHIOL DISPERSS x 1 kg;189
VR;1583;MICROTHIOL DISPERSS x 15 kg;6.400,00
VR;1583;MICROTHIOL DISPERSS x 25 kg;1.865,00
VR;1583;MICROTHIOL DISPERSS X KG.25;12.975,00
VR;1583;MICROTHIOL DISPRESS;2.000,00
VR;1714;;239
VR;1714;KERB 80 EDF;623
VR;1714;KERB 80 EDF DA KG. 1x10 (Xn);205
VR;1714;KERB 80 EDF KG 1 **;2
VR;1714;KERB 80 EDF REG.01714 KG.1 -CLP-;234
VR;1714;KERB 80 EDF X 1;2
VR;1714;KERB 80 EDF x 1 kg;174
VR;1823;;1.525,00
VR;1823;ZOLFO 80 MICRONIZZATO;3.069,00
VR;1850;IDRORAME FLOW;71,75
VR;1850;IDRORAME FLOW FL  x 20;140
VR;1850;KOL IDRORAME FLOW ML.250;17,75
VR;1903;SULFURENE;475
VR;1903;SULFURENE X KG.25;75
VR;1936;;5.300,00
VR;1936;LIQUIZOL M;760
VR;1936;LIQUIZOL M X 1 LT  PARI A  KG. 1,35;66
VR;1936;LIQUIZOL M X 10 LT. SECCHIO PARI A;38.780,00
VR;1936;LIQUIZOL M X LT.10;270
VR;1947;SULFUR 80;13
VR;1947;SULFUR 80 25 kg;75
VR;2191;WETTING PLUS;465
VR;2249;MALERBANE PRATI;9
VR;2249;MALERBANE PRATI 400;33
VR;2249;MALERBANE PRATI DA LT. 1x10;14
VR;2249;MALERBANE PRATI x 1 lt;15
VR;2259;PASTA LUMACHICIDA IN GRANI;210,8
VR;2260;GASTROTOX E;344
VR;2260;GASTROTOX E KG.1 -CLP-;9
VR;2260;GASTROTOX E KG.5-CLP-;120
VR;2260;GASTROTOX E X KG.1;3
VR;2272;SILLIM;182,5
VR;2307;;4.832,00
VR;2307;VECTOR;797
VR;2307;VECTOR BAGNANTE ADESIVANTE NON IONI;2.308,00
VR;2307;VECTOR DA LT. 1x10;179
VR;2307;VECTOR DA LT. 20;100
VR;2307;VECTOR DA LT. 5x4;910
VR;2307;VECTOR x 1 lt;811
VR;2307;VECTOR x 20 lt;4.380,00
VR;2307;VECTOR x 5 lt;2.510,00
VR;2340;STOMP 330 E    X 5;10
VR;2340;"STOMP 330 E ""nuova etichetta""  X 1";2
VR;2353;;46
VR;2353;BONALAN;2.738,00
VR;2353;BONALAN REG.02353 LT.1-CLP-;308
VR;2353;BONALAN REG.02353 LT.5-CLP-;415
VR;2353;BONALAN REG.2353 LT.3-CLP-;33
VR;2353;BONALAN x 1 lt;319
VR;2353;BONALAN x 3  (+ KERB FLO X 1,5);6
VR;2518;ACTELLIC 2P;49
VR;2520;ACTELLIC;2
VR;2525;LUMACID AGRO;20
VR;2603;ESCACIDE;44
VR;2634;BUGGY;254
VR;2634;BUGGY FLOW;265
VR;2634;BUGGY LT.20-CLP-;20
VR;2732;;916
VR;2732;GOLTIX;338
VR;2732;GOLTIX 70 WG;8
VR;2732;GOLTIX x 1 kg (70%);54
VR;2732;GOLTIX x 5 kg (70%);290
VR;2896;TETROSSIL;760
VR;2896;TETROSSIL x 25 kg;3.350,00
VR;2923;;3.820,00
VR;2923;TIOVIT JET;74.789,00
VR;2923;TIOVIT JET DA KG. 10;2.790,00
VR;2923;TIOVIT JET DA KG. 1x10;118
VR;2923;TIOVIT JET DA KG. 25;18.400,00
VR;2923;TIOVIT JET KG 10;815
VR;2923;TIOVIT JET KG.1 -CLP-;25
VR;2923;TIOVIT JET KG.10-CLP-;1.580,00
VR;2923;TIOVIT JET KG.25-CLP-;1.050,00
VR;2923;TIOVIT JET x 10 kg;30
VR;2923;TIOVIT JET x 25 kg;20.125,00
VR;2923;TIOVIT JET X KG.25;1.900,00
VR;2983;NIMROD;4,2
VR;2995;ESCARTOX;2.379,00
VR;2995;ZAPI LUMACHICIDA META KG.5 (al kg.);139
VR;2995;ZAPI LUMACHICIDA ORTO ESCARTOX GR50;242
VR;2995;ZAPI LUMACHICIDA ORTO ESCARTOX KG 1;560
VR;3065;BAYER OLIOCIN EW 250 ML;0,9
VR;3065;BAYER OLIOCIN EW 500 ML;42,8
VR;3065;BAYER OLIOCIN LT 1;205
VR;3065;OLIOCIN;13.478,79
VR;3065;OLIOCIN DA LT. 25;3.850,00
VR;3065;OLIOCIN x 25 lt;1.200,00
VR;3065;OLIOCIN X LT.25;1.200,00
VR;3082;OLEOTER ESTATE;1.017,00
VR;3102;;11.695,00
VR;3102;OLEOTER;21.783,50
VR;3102;OLEOTER 1 LT;12
VR;3102;OLEOTER X LT.1;151
VR;3102;OLEOTER X LT.25;2.400,00
VR;3102;OLEOTER X LT.5;420
VR;3126;;15
VR;3132;SEPR-OIL;1,25
VR;3132;SEPR-OIL    X 25;50
VR;3141;;209
VR;3141;CUTHIOL;15
VR;3141;CUTHIOL NON COLORATO X LT.10;370
VR;3141;CUTHIOL X 1 LT. PARI KG.1,540;13,5
VR;3141;CUTHIOL X LT.10;540
VR;3163;U 46 M STAR;63
VR;3182;AFITIN L;1.089,00
VR;3219;CARAKOL AGRO;2.017,00
VR;3219;CARAKOL AGRO 4 kg;12
VR;3219;CARAKOL AGRO DA KG. 1x20;145
VR;3219;KOL CARAKOL AGRO KG.1;396
VR;3313;ARAGOL L 40 ST;49
VR;3313;ARAGOL L40 ST REG.03313 LT.1-CLP-;34
VR;3313;ARAGOL L40 ST REG.03313 LT.5-CLP-;35
VR;3343;;306
VR;3343;U 46 M CLASS x 1 lt;140
VR;3343;U46 M CLASS;634
VR;3397;ROGOR x 1;23
VR;3412;;46
VR;3412;SYLLIT 65;357
VR;3412;SYLLIT 65 DA KG. 1x10 (Xn);237
VR;3412;SYLLIT 65 X KG.1;28
VR;3468;;1.277,00
VR;3468;DACOL L 40 ST;806
VR;3468;DACOL L 40 ST LT.1-CLP-;108
VR;3486;TRISCABOL DG;4
VR;3503;AGRUMIN;30
VR;3519;METAMBANE;70
VR;3519;METAMBANE x 1 lt;62
VR;3553;CURZATE;275
VR;3553;CURZATE X KG.1;373
VR;3555;CURZATE M;1.169,00
VR;3555;CURZATE M  REG.03555 KG.10;80
VR;3555;CURZATE M KG 10 **;20
VR;3628;CUPROCAFFARO;267
VR;3640;;2.430,00
VR;3640;CUPROSTAR;3.892,00
VR;3640;CUPROSTAR DA LT. 10;80
VR;3658;SIPCAMOL E;52
VR;3754;BAGNANTE SARIAF;6.664,00
VR;3754;BAGNANTE SARIAF 1 LT;12
VR;3754;BAGNANTE SARIAF 5 LT;40
VR;3754;BAGNANTE SARIAF DA LT. 20;340
VR;3754;BAGNANTE SARIAF DA LT. 5x4;150
VR;3767;;146
VR;3767;FENOXILENE 200;823
VR;3767;FENOXILENE MAX;139
VR;3767;FENOXILENE MAX CAP 3.4 ADR;61
VR;3767;FENOXILENE MAX DA LT. 1x10;34
VR;3767;FENOXILENE MAX DA LT. 5x4;220
VR;3767;FENOXILENE MAX LT.1;1
VR;3767;FENOXILENE MAX LT.1-CLP-;41
VR;3771;;124
VR;3771;ROVRAL WG;709
VR;3771;ROVRAL WG REG.03771 KG.1 -CLP-;340
VR;3771;ROVRAL WG UN 3077 ADR 9-PG III;105
VR;3771;ROVRAL WG x 1 kg;634
VR;3771;ROVRAL WG X KG.1;43
VR;3772;BORIAL PLUS 1 kg;1
VR;3779;;7.400,00
VR;3779;VAPAM;185.140,00
VR;3779;VAPAM 470 x 1000 lt;31.000,00
VR;3779;VAPAM 470 x 210 lt;420
VR;3793;DITHANE M-45;104
VR;3800;CRITTAM WG;130
VR;3800;CRITTAM WG x 1 kg;516
VR;3800;CRITTAM WG x 20 kg;5.120,00
VR;3800;CRITTAM WG x 5 kg;2.860,00
VR;3800;CRITTAM WG X KG.1;8
VR;3800;CRITTAM WG X KG.5;20
VR;3859;DURSBAN;5
VR;3859;DURSBAN EC 5 LT  **;20
VR;3859;DURSBAN REG.03859 LT.1-CLP-;2
VR;3859;DURSBAN REG.03859 LT.5 -CLP-;75
VR;3861;ROTIOFEN GOLD x 1 lt;442
VR;4012;;3.974,00
VR;4012;RELDAN 22;1.819,35
VR;4012;RELDAN 22 DA LT. 1x10;664
VR;4012;RELDAN 22 DA LT. 5x4;1.990,00
VR;4012;RELDAN 22 LT.1-CLP;1
VR;4012;RELDAN 22 x 0,250 lt;20
VR;4012;RELDAN 22 x 1 lt;15
VR;4012;RELDAN 22 x 5 lt;5
VR;4190;;3.800,00
VR;4190;TETRASOL 80;1.460,00
VR;4199;;340
VR;4199;PENNCOZEB DG;3.659,00
VR;4199;PENNCOZEB DG DA KG. 10 (Xn);1.080,00
VR;4199;PENNCOZEB DG DA KG. 20 (Xn);5.820,00
VR;4199;PENNCOZEB DG REG.04199 KG.10-CLP-;840
VR;4199;PENNCOZEB DG REG.04199 KG.1-CLP-;83
VR;4199;PENNCOZEB DG REG.04199 KG.20-CLP-;2.060,00
VR;4199;PENNCOZEB DG x 1 kg;35
VR;4199;PENNCOZEB DG x 20 kg;280
VR;4199;PENNCOZEB DG X KG.10;110
VR;4199;PENNCOZEB DG X KG.20;1.280,00
VR;4228;ROGOR 400 ST;163
VR;4228;ROGOR 400 ST LT.1-CPL-;21
VR;4228;ROGOR 400 ST LT.5-CLP-;5
VR;4228;ROGOR 400 ST x 1 lt;2.144,00
VR;4326;ROGOR 40 ST;114
VR;4326;ROGOR L 40 ST;653
VR;4326;ROGOR L 40 ST DA LT. 1x12 (Xn);207
VR;4326;ROGOR L 40 ST DA LT.10 (Xn);430
VR;4326;ROGOR L 40 ST x 1 lt;989
VR;4426;DECIS;15,8
VR;4426;DECIS REG.4426 LT.5;5
VR;4461;IMIDAN WDG;320
VR;4461;IMIDAN WDG DA KG. 5;35
VR;4461;IMIDAN WDG INSETTICIDA IN MICROGRAN;41
VR;4461;IMIDAN WDG x 1 kg;5
VR;4552;;200
VR;4552;DITHANE DG NEOTEC;20
VR;4552;DITHANE DG NEOTEC REG.04552 KG.10-C;30
VR;4552;DITHANE DG NEOTEC REG.04552 KG.20;40
VR;4552;DITHANE DG NEOTEC REG.04552 KG.20 -;80
VR;4686;DIMILIN 25 PB;6
VR;4710;;648
VR;4710;ALIETTE;2.127,70
VR;4710;ALIETTE DA KG. 6;426
VR;4710;ALIETTE KG.1-CLP-;117
VR;4710;ALIETTE x 1 kg;29
VR;4710;BAYER ALIETTE 250 GR;101
VR;4833;;222
VR;4896;RIGENAL P;24,25
VR;5152;TIOSPOR WG;33.377,00
VR;5152;TIOSPOR WG x 20 kg;3.980,00
VR;5154;ARPEL TRIPLO BLU x 4 kg;44
VR;5228;CARAKOL;141,5
VR;5228;KOL CARAKOL ESCA LUMACHICIDA GR.500;7
VR;5292;FIXORMON;31
VR;5292;FIXORMON x 1 lt;26
VR;5299;MIBIOL;338,95
VR;5299;ZAPI MIBIOL COCCINIGLIA INV. 1 LT.;129
VR;5299;ZAPI MIBIOL COCCINIGLIA INV. 500 ML;9
VR;5349;GI-TRE;0,04
VR;5381;MANCOZEB PLUS 80 WP;1.575,00
VR;5414;RADICANTE POLVERE TALEE LEGNOSE;1,8
VR;5574;LUMAKIDIN 5G;37
VR;5581;GIBBERELLINA ATUCCIO GR.50;0,25
VR;5581;GIBBERELLINA CIFO;4
VR;5581;GIBBERELLINA CIFO X 10 PASTIGLIE CO;0,05
VR;5708;TERRAZOLE 25% EC;2
VR;5708;TERRAZOLE 25%EC REG.5708 LT.1;1
VR;5755;TILT 25 EC;6
VR;5755;TILT 25 EC x 0,5 lt;1,5
VR;5755;TILT 25EC REG.05755 ML.500-CLP-;0,5
VR;5796;;296
VR;5796;GARLON;1
VR;5796;GARLON x 1 lt (Nuova Etich.);114
VR;5980;FITOP 80;64
VR;6001;;30
VR;6037;TECTO SC LT.1-CLP-;6
VR;6037;TECTO SC x 1 lt;9
VR;6136;;1
VR;6136;GERMON L;10
VR;6136;GERMON L DA LT. 1;60
VR;6162;DE-SPROUT x 1000 lt;3.000,00
VR;6162;DE-SPROUT x 20 lt;20
VR;6223;GIBRELEX PASTIGLIE X ASTUCCIO(10 P);13,3
VR;6277;;50
VR;6298;FASTAC;28
VR;6321;66 F DA ML. 1000 STIMOLANTE;11
VR;6321;STIMOL 66 F x 1 lt;5,5
VR;6321;STIMOLANTE 66F;54
VR;6321;STIMOLANTE 66F X LT.1;6
VR;6322;;213
VR;6322;OBSTHORMON 24 A DA LT. 1x12;110
VR;6322;OBSTHORMON 24A;894
VR;6322;OBSTHORMON 24A X LT.1;57
VR;6322;OBSTORMON 24 A x 0,3 lt;1,2
VR;6322;OBSTORMON 24 A x 1 lt;27,8
VR;6324;MAXCEL 2 SL x 2 lt;148
VR;6324;MAXCEL x 2 lt;36
VR;6389;DUECI-FITO RADICANTE;1
VR;6401;MONDAK 21 S;20
VR;6437;ETHREL;348
VR;6437;ETHREL DA LT. 1x12 (Xn);50
VR;6437;ETHREL X LT.1;1
VR;6438;BI-FEN;144
VR;6505;;1,5
VR;6505;NOKAD;1,75
VR;6505;NOKAD LT 0,250;0,25
VR;6505;NOKAD x 1 lt;28,75
VR;6555;;60
VR;6556;;47
VR;6556;K-OBIOL DP2;179
VR;6556;K-OBIOL DP2 KG.1-CLP-;1
VR;6556;K-OBIOL DP2 x 1 kg;52
VR;6557;K-OBIOL EC 25;6
VR;6557;K-OBIOL EC 25 x 1 lt;4
VR;6674;;3.651,00
VR;6674;AFALON DS;391
VR;6674;AFALON DS DA LT. 1x12 (T);1
VR;6674;AFALON DS FL;25
VR;6674;AFALON DS FL UN 3082 NAS 9,III (E);33
VR;6674;AFALON DS REG.06674 LT.1-CLP-;1
VR;6674;AFALON DS x 1 lt;828
VR;6704;TIOLENE 80 WG;29
VR;6751;COMPO FLORANID CON DISERBANTE KG  1;18
VR;6751;COMPO FLORANID CON DISERBANTE KG  3;18
VR;6751;COMPO FLORANID CON DISERBANTE KG 21;105
VR;6751;RASEN FLORANID;3
VR;6764;ZOLFO BAGNABILE 80 MINIERA;350
VR;6766;BUTISAN S;27
VR;6766;BUTISAN S DA LT. 1x10;2
VR;6816;NU BAIT;5
VR;6873;IDRORAME 193;435
VR;6945;;33
VR;6945;TOPAS 10 EC;560,26
VR;6945;TOPAS 10 EC DA LT. 0,250x20;8,75
VR;6945;TOPAS 10 EC DA LT. 1x12;29
VR;6945;TOPAS 10 EC LT 1 CLP 8987 3082 MPA;33
VR;6945;TOPAS 10 EC LT.1-CLP-;40
VR;6945;TOPAS 10 EC x 0,25 lt;6,5
VR;6945;TOPAS 10 EC x 1 lt;55
VR;6945;TOPAS 10EC;1,5
VR;6945;TOPAS 10EC ML.250-CLP-;7
VR;6955;METACID;11,5
VR;6956;TARGA FLO;219
VR;6956;TARGA FLO LT.1-CLP-;123
VR;6956;TARGA FLO LT.5-CLP-;80
VR;6956;TARGA FLO x 1 lt;50
VR;6978;;225
VR;6978;BETTER 400;135
VR;6978;BETTER 400 LT.5;5
VR;6978;BETTER 400 LT.5-CLP-;90
VR;6978;BETTER 400 x 5 lt;35
VR;7020;BAGNANTE CIFO;1.019,00
VR;7053;;10
VR;7053;PASTA CAFFARO NC;115
VR;7055;;117
VR;7055;PASTA CAFFARO BLU;1.298,00
VR;7055;PASTA CAFFARO BLU LT.17,5-CLP-;105
VR;7101;LIMAVAL;130
VR;7101;LIMAVAL KG. 5;10
VR;7368;;745
VR;7368;TURFENE L;20,4
VR;7368;TURFENE L  x 1 lt;10
VR;7368;TURFENE L x 1 lt;144
VR;7369;BAYER SYLLIT FLO 250 ML;21,5
VR;7369;SYLIT FLO;0,8
VR;7369;SYLLIT FLO;80
VR;7369;SYLLIT FLO 200 ML;33
VR;7369;SYLLIT FLOW;15
VR;7369;SYLLIT FLOW ML 20;0,08
VR;7369;SYLLIT FLOW ML 250 ML **;13
VR;7370;TETRASOL LIQUIDO;5.720,00
VR;7379;;38,5
VR;7379;VENZAR;63,5
VR;7379;VENZAR 0,5 KG **;1
VR;7379;VENZAR GR.500X10;1
VR;7379;VENZAR x 0,5 kg (Nuova Etich.);11,5
VR;7401;;550
VR;7401;POLTIGLIA CAFFARO 20 DF NEW;517,4
VR;7401;POLTIGLIA CAFFARO 20 DF NEW X KG.1;48
VR;7401;POLTIGLIA CAFFARO 20DF NEW KG.1-CLP;2
VR;7411;DIRAGER;243,8
VR;7411;DIRAGER ML. 500 FITOREGOLATORE;17
VR;7411;DIRAGER x 0,5 lt;6,05
VR;7454;ORMON AG COMPRESSE;2,7
VR;7454;ORMONE AG COMPRESSE;38,45
VR;7483;;131
VR;7483;DEVRINOL F;139
VR;7483;DEVRINOL F DA LT. 1x12;3
VR;7483;DEVRINOL F LT.5-CLP-;10
VR;7483;DEVRINOL F x 1 lt;207
VR;7483;DEVRINOL-F LT.1 -CLP-;44
VR;7515;GERMON BEWURZELUNGSPUDER H PER TALE;0,25
VR;7530;BIOLID E;20
VR;7530;BIOLID E. 5 LT;5
VR;7534;ROYAL MH;18.980,00
VR;7534;ROYAL MH L  x 20;20
VR;7534;ROYAL MH LT.20-CLP-;240
VR;7535;HIMALAYA;4.800,00
VR;7535;ROYAL MH 60  x 5;5
VR;7541;;18,5
VR;7541;APOLLO SC;64
VR;7541;APOLLO SC x 0,5 lt;31,5
VR;7541;APOLLO SC X LT. 0,500;0,5
VR;7543;ERBITOX COMBI x 1 lt;33
VR;7550;ZETA 80;4,9
VR;7555;KLARTAN 20 EW;90,62
VR;7555;KOL KLARTAN 20 EW DA 10 ML;0,15
VR;7555;KOL KLARTAN 20EW ML.100;1,5
VR;7555;KOL KLARTAN 20EW ML.50;1,3
VR;7597;ENERGIL 100 A;3
VR;7597;ENERGIL 100 A X 1;5
VR;7608;;110
VR;7608;DASKOR 440 EC;42
VR;7608;DASKOR DA LT. 1x12 (Xn);7
VR;7608;DASKOR REG.07608 LT.1-CLP-;760
VR;7608;DASKOR x 1 lt;273
VR;7611;;3.378,00
VR;7611;ENOVIT METIL FL;6.788,50
VR;7611;ENOVIT METIL FL DA LT.1x10(Xn);353
VR;7611;ENOVIT METIL FL DA LT.5x4 (Xn);805
VR;7611;ENOVIT METIL FL LT 1  **;17
VR;7611;ENOVIT METIL FL LT 5  **;40
VR;7611;ENOVIT METIL FL REG.07611 LT.1-CLP-;59
VR;7611;ENOVIT METIL FL REG.07611 LT.5-CLP-;75
VR;7611;ENOVIT METIL FL x 1 lt;1.939,00
VR;7611;ENOVIT METIL FL x 5 lt;500
VR;7611;ENOVIT METIL FL X LT.1;49
VR;7611;ENOVIT METIL FL X LT.5;595
VR;7675;NURELLE 5 EC;4
VR;7696;BROMINAL MAIS LT 1;10
VR;7700;;4
VR;7700;MATACAR FL;128,2
VR;7700;MATACAR FL DA LT 0,200x10;0,2
VR;7700;MATACAR FL ML.200-CLP-;19,8
VR;7700;MATACAR FL x 0,2 lt;9,8
VR;7737;;4.455,00
VR;7764;TIOLENE;911,2
VR;7767;ACARISTOP 20 SC;0,06
VR;7845;TMTD 50 SC;73
VR;7876;;578
VR;7876;PIRIMOR 17,5;900
VR;7876;PIRIMOR 17,5 DA KG. 1x12 (Xn);250
VR;7876;PIRIMOR 17,5 DA KG. 5x4 (Xn);215
VR;7876;PIRIMOR 17,5 REG.07876 KG.1 -CLP-;12
VR;7876;PIRIMOR 17,5 REG.07876 KG.5 -CLP-;35
VR;7876;PIRIMOR 17,5 x 1 (n.reg.min. 7876);3
VR;7876;PIRIMOR 17,5 x 1 (n.reg.min.7876);272
VR;7876;PIRIMOR 17,5 X KG.1;8
VR;7889;;12
VR;7889;NURELLE D 1 LT;1
VR;7889;NURELLE D DA LT. 1x12 (Xn);4
VR;7889;NURELLE D REG.7889 LT.1;6
VR;7889;NURELLE D x 1 lt;69
VR;7916;;6.661,00
VR;7916;POLYRAM DF;39.879,00
VR;7916;POLYRAM DF 10 KG  **;100
VR;7916;POLYRAM DF 2 kg  **;60
VR;7916;POLYRAM DF DA KG. 10;1.940,00
VR;7916;POLYRAM DF DA KG. 25;6.850,00
VR;7916;POLYRAM DF KG 25  **;250
VR;7916;POLYRAM DF KG.25 -CLP-;1.325,00
VR;7916;POLYRAM DF KG.2-CLP-;56
VR;7916;POLYRAM DF x 2 kg (+ FORUM 50 WP);302
VR;7916;POLYRAM DF x 25 kg;20.450,00
VR;7916;POLYRAM DF X KG.2;3.564,50
VR;7916;POLYRAM DF X KG.25;6.500,00
VR;7919;;1
VR;7919;TOUCHDOWN;880
VR;7919;TOUCHDOWN LT.1 -CLP-;20
VR;7919;TOUCHDOWN LT.20 -CLP-;8.120,00
VR;7919;TOUCHDOWN LT.5-CLP-;235
VR;7919;TOUCHDOWN x 20 lt;5.115,00
VR;7919;TOUCHDOWN x 5 lt;145
VR;7922;OPALENE;2.107,00
VR;7930;KERB FLO;3
VR;7930;KERB FLO REG.7930 LT.1,5 -CLP-;16,5
VR;7930;KERB FLO x 1,5 lt (+BONALAN X 3);3
VR;7957;;309
VR;7957;ROVRAL PLUS;1.315,00
VR;7957;ROVRAL PLUS DA LT. 1x10 (Xn);322
VR;7957;ROVRAL PLUS REG.07957 LT.1 -CLP-;347
VR;7957;ROVRAL PLUS x 1 lt;152
VR;7958;;2.863,00
VR;7958;RONSTAR FL;1.121,00
VR;7958;RONSTAR FL DA LT. 1x12;115
VR;7958;RONSTAR FL DA LT. 5x4;70
VR;7958;RONSTAR FL LT.1-CLP-;31
VR;7958;RONSTAR FL LT.5-CLP-;40
VR;7958;RONSTAR FL x 1 lt;102
VR;7958;RONSTAR FL x 5 lt;770
VR;7958;RONSTAR FL X LT.5;200
VR;7958;RONSTAR FLOW 9 UN 3082 9,III ADR;1
VR;7961;;649
VR;7961;RIZOLEX  GOLD;979
VR;7961;RIZOLEX GOLD KG.1 -CLP-;64
VR;7961;RIZOLEX GOLD x 1 kg;212
VR;7965;TRIGARD 75 WP;2
VR;7965;TRIGARD 75 WP GR. 250;0,75
VR;7984;STRATOS;80
VR;7984;STRATOS LT.5;35
VR;7998;PRIMOSOL 80 WDG;40
VR;8001;AGRO-PYR;3,64
VR;8023;SUMIALFA ECHO;337,5
VR;8028;;1
VR;8028;CALARIS x 1 lt;31
VR;8054;METIS ECHO x 1 lt;13
VR;8064;IMPACT;20
VR;8067;AGRIGOLF;23
VR;8102;;322
VR;8102;MERPAN 80 WDG;14.024,00
VR;8102;MERPAN 80 WDG DA KG. 1x10 (Xn);300
VR;8102;MERPAN 80 WDG DA KG. 5x4 (Xn);6.400,00
VR;8102;MERPAN 80 WDG REG.08102 KG.5-CLP-;5
VR;8102;MERPAN 80 WDG x 1 kg;244
VR;8102;MERPAN 80 WDG x 5 kg;8.830,00
VR;8102;MERPAN 80 WDG X KG.5;2.590,00
VR;8106;CIMOZEB;270
VR;8117;;4.615,00
VR;8117;BASTA 200;15.760,00
VR;8117;BASTA 200 15 LT **;150
VR;8117;BASTA 200 DA LT. 15 (T);1.935,00
VR;8117;BASTA 200 DA LT. 5x4 (T);490
VR;8117;BASTA 200 LT 15;60
VR;8117;BASTA 200 LT 5 **;120
VR;8117;BASTA 200 x 15 lt;4.935,00
VR;8117;BASTA 200 X 15 LT.;570
VR;8117;BASTA 200 x 5 lt;3.380,00
VR;8117;BASTA 200 X LT.15;495
VR;8117;BASTA 200 X LT.5;255
VR;8130;TITUS;0,66
VR;8139;MANTA GOLD;48
VR;8139;MANTA GOLD x 3 lt;12
VR;8146;;61,5
VR;8146;GALLERY;152,5
VR;8146;GALLERY DA LT. 0,500x20;38
VR;8146;GALLERY LT 0,5;1,5
VR;8146;GALLERY LT.0,500 CLP;1
VR;8146;GALLERY x 0,5 lt;115
VR;8153;;2
VR;8153;SIGMA 52 DF;22,2
VR;8155;CATOR;922
VR;8156;DEVOX;895
VR;8157;;60
VR;8184;;1.631,00
VR;8184;CHALLENGE;1.739,00
VR;8184;CHALLENGE 1 LT **;3
VR;8184;CHALLENGE 5 LT.;15
VR;8184;CHALLENGE DA LT. 1x12 (Xn);42
VR;8184;CHALLENGE DA LT. 5x4 (Xn);75
VR;8184;CHALLENGE LT 5;12
VR;8184;CHALLENGE REG.08184 LT.1-CLP-;321
VR;8184;CHALLENGE REG.08184 LT.5-CLP-;295
VR;8184;CHALLENGE x 1 lt;122
VR;8184;CHALLENGE x 5 lt;825
VR;8189;;16.430,00
VR;8189;FORCE;29.760,00
VR;8189;FORCE DA KG. 10 (Xn);1.330,00
VR;8189;FORCE REG.8189 KG.10- CLP-;7.700,00
VR;8189;FORCE x 10 kg;11.370,00
VR;8207;LONTREL 75 G;1,5
VR;8225;BLUE SHIELD x 10 kg;890
VR;8229;RAPAX;179,86
VR;8229;RAPAX x 1 lt;32
VR;8284;MICOSPOR MGD;219
VR;8284;MICOSPOR MGD x 5 kg;10
VR;8309;TECTO 20 S;15
VR;8320;DELFIN;26
VR;8320;DELFIN x 1 kg;240
VR;8340;TOPAS 10 WDG;9
VR;8351;Z.M. 75 DG;430
VR;8351;Z.M. 75 DG DA KG. 10;130
VR;8351;ZM 75 DG;150
VR;8360;;1
VR;8376;;4
VR;8376;ARIANE II;150
VR;8376;ARIANE II 1 LT;4
VR;8376;ARIANE II DA LT. 1x10;19
VR;8376;ARIANE II DA LT. 5x4;45
VR;8376;ARIANE II LT.5 CLP;20
VR;8376;ARIANE II x 1 lt;185
VR;8376;ARIANE II x 5 lt;1.450,00
VR;8382;ROUNDUP BIOFLOW;1.534,08
VR;8382;ROUNDUP BIOFLOW LT.20 -CLP-;80
VR;8382;ROUNDUP BIOFLOW LT.5;10
VR;8382;ROUNDUP BIOFLOW LT.5 -CLP-;140
VR;8429;GLYFOS 5 LT;20
VR;8429;GLYFOS SL;6.230,00
VR;8429;GLYFOS SL LT. 20;480
VR;8465;OLIOVIT;64
VR;8483;;30
VR;8483;ETOSATE 500;14
VR;8483;ETOSATE 500 x 1 lt;12
VR;8498;;138,5
VR;8498;FOLICUR WG;1.079,50
VR;8498;FOLICUR WG BAYER UN 3077 NAS 9,III;30,5
VR;8498;FOLICUR WG DA KG.0,500x24 (Xn;424
VR;8498;FOLICUR WG REG.08498 KG.0,500-CLP-;3
VR;8498;FOLICUR WG x 0,5 kg;509,5
VR;8528;FEINZIN 35 DF;0,5
VR;8528;FEINZIN 35 DF x 0,5 kg;6
VR;8534;CITROLE x 5 lt;10
VR;8540;;48
VR;8540;PAMPA;17
VR;8541;FORUM;30
VR;8542;;1,2
VR;8542;FORUM 50 WP;1.016,20
VR;8542;FORUM 50 WP  1 KG;3
VR;8542;FORUM 50 WP DA KG. 1,2;34,8
VR;8542;FORUM 50 WP KG 1,2;1,2
VR;8542;FORUM 50 WP x 0,400;0,4
VR;8542;FORUM 50 WP x 1;1
VR;8542;FORUM 50 WP x 1,2 kg (+ POLYRAM DF);21,6
VR;8542;FORUM 50 WP X 1,2 KG. 3077 ADR 9,II;308,4
VR;8542;FORUM 50 WP X KG.1,2;42
VR;8542;FORUM 50WP  KG.1,2;1,2
VR;8542;FORUM 50WP KG.1-CLP-;29
VR;8542;FORUM TOP PACK PER 3 HA;1
VR;8546;DANITRON;188
VR;8546;DANITRON DA LT. 1x12 (Xn);1
VR;8546;DANITRON x 1 lt;12
VR;8558;PIRETRO VERDE;47,98
VR;8565;ROUNDUP RTU;62
VR;8601;;958
VR;8601;FOLPAN 80 WDG;15.074,00
VR;8601;FOLPAN 80 WDG DA KG. 1x10 (Xn);49
VR;8601;FOLPAN 80 WDG DA KG. 5x4 (Xn);9.810,00
VR;8601;FOLPAN 80 WDG REG.08601 KG.1-CLP-;7
VR;8601;FOLPAN 80 WDG UN 3077 ADR 9-III;500
VR;8601;FOLPAN 80 WDG x 1 kg;200
VR;8601;FOLPAN 80 WDG X 10 KG.UN 3077 ADR 9;10
VR;8601;FOLPAN 80 WDG x 5 kg;1.100,00
VR;8601;FOLPAN 80 WDG X KG.5;9.615,00
VR;8601;FOLPAN 80 WG 5 kg **;480
VR;8601;FOLPAN 80WDG REG.08601 KG.5 -CLP-;65
VR;8617;BANVEL 480 S x 1 lt;143
VR;8646;;595
VR;8646;ACTIVUS EC;2.831,00
VR;8646;ACTIVUS EC DA LT. 1x12;6
VR;8646;ACTIVUS EC DA LT. 5x4;45
VR;8646;ACTIVUS EC LT.1 -CLP-;99
VR;8646;ACTIVUS EC LT.5 -CLP-;1.485,00
VR;8646;ACTIVUS EC x 1 lt;189
VR;8646;ACTIVUS EC x 5 lt;1.615,00
VR;8646;PENDIGAN;1.271,00
VR;8656;GLIFENE HP;6.150,00
VR;8690;PERFEKTHION TOP;745
VR;8690;PERFEKTHION TOP DA LT.1x12 (Xn;181
VR;8690;PERFEKTHION TOP LT.1 -CLP-;49
VR;8690;PERFEKTHION TOP LT.5 -CLP-;235
VR;8706;;102,5
VR;8706;AMID THIN W;1.246,00
VR;8706;AMID THIN W DA KG. 0,500x10;138
VR;8706;AMID THIN W x 0,5 kg;283,5
VR;8706;AMID THIN W X KG.0,500 (IDRO);60,5
VR;8712;;58
VR;8712;AF 96 DA LT. 1x12;1
VR;8712;AF 96 x 1 lt;154
VR;8712;ALLEGANTE 4% AF 96;146
VR;8712;ALLEGANTE 4% AF96 X LT.1;2
VR;8715;DIRAMID;122
VR;8715;DIRAMID KG. 1;3
VR;8715;DIRAMID x 1 kg;41
VR;8717;GERAMID NEU;1
VR;8721;NEXTER;18
VR;8721;NEXTER DA LT. 1x10 (Xn);1
VR;8721;NEXTER x 1lt;4
VR;8729;FORUM R;40
VR;8731;ACROBAT R x 10 kg;10
VR;8731;FORUM R WP;2.640,00
VR;8735;;656,5
VR;8735;TREBON UP;2.161,00
VR;8735;TREBON UP 0,5 LT  **;0,5
VR;8735;TREBON UP CONF. 500 ML CAP 3.4 ADR;164
VR;8735;TREBON UP DA LT. 0,500x10;654,5
VR;8735;TREBON UP ML.500 -CLP-;25,5
VR;8735;TREBON UP x 0,5 lt;70,5
VR;8735;TREBON UP x 0,5 lt (NUOVA ETICH.);994,5
VR;8742;;1.491,00
VR;8742;INDAR 5 EW;30
VR;8742;INDAR 5 EW DA LT. 1x10;236
VR;8742;INDAR 5 EW UN 3082 NAS 9,III;196
VR;8742;INDAR 5 EW x 1 lt;33
VR;8742;INDAR 5 EW X LT.1;1
VR;8742;INDAR 5EW;702
VR;8743;;9
VR;8743;GREENEX;21,76
VR;8743;GREENEX ML 100;2,4
VR;8743;GREENEX ML 250;5
VR;8793;EMINENT 40 EW;3
VR;8795;;788
VR;8795;VERTIMEC EC;1.704,00
VR;8795;VERTIMEC EC 1 LT;59
VR;8795;VERTIMEC EC DA LT.1x12 (Xn);38
VR;8795;VERTIMEC EC REG.08795 LT.1-CLP-;39
VR;8795;VERTIMEC EC REG.08795 LT.5-CLP-;170
VR;8795;VERTIMEC EC REG.8795 ML.250;4,75
VR;8795;VERTIMEC EC x 1 lt;494
VR;8795;VERTIMEC EC x 5 lt;245
VR;8796;;320
VR;8796;SELECT;41
VR;8796;SELECT LT.1-CLP-;49
VR;8796;SELECT x 1 lt;11
VR;8797;;119
VR;8797;BINAL PRO;342
VR;8801;;68
VR;8801;SCORE 25 EC;282,5
VR;8801;SCORE 25 EC 1 LT **;4
VR;8801;SCORE 25 EC DA LT. 1x12;40
VR;8801;SCORE 25 EC DA LT.0,250x20;1,25
VR;8801;SCORE 25 EC x 0,25 lt;42,5
VR;8801;SCORE 25 EC x 1 lt;43
VR;8801;SCORE 25 EC X 250 ML;6
VR;8801;SCORE 25EC LT.1 -CLP-;407
VR;8801;SCORE 25EC ML.250-CLP-;0,75
VR;8803;;1
VR;8836;;278
VR;8836;MIMIC;567
VR;8836;MIMIC DA LT. 1x12;303
VR;8836;MIMIC x 1 lt;99
VR;8836;MIMIC X LT.1;32
VR;8837;GERMON BEWURZELUNGSPUDER PER TALEE ;5,45
VR;8838;;2
VR;8838;GERMON BEWURZELUNGSPUDER PER TALEE ;1,76
VR;8841;CYREN 5 G;650
VR;8841;CYREN 7,5 G;95
VR;8841;ZAPI ANTIFORMICA ORTO CYREN KG 1;239
VR;8841;ZAPI CYREN 5 G.ANTIFORM. ORTO 1KG;201
VR;8843;NISSHIN;111
VR;8859;MASTIFF DA LT. 1x10;402
VR;8859;MASTIFF x 5 lt;1.335,00
VR;8875;CIMOX 25 WP;10
VR;8882;UFO                 E X 10;20
VR;8882;ULTRA FINE OIL;849
VR;8886;;11,88
VR;8886;SAFARI;44,64
VR;8886;SAFARI 50DF GR.120-CLP-;1,2
VR;8886;SAFARI GR 120 **;0,36
VR;8886;SAFARI x 120 gr;6,84
VR;8888;PRIDE ULTRA;12
VR;8899;ZOLFO STELLA RAMATO 5% MORMINO X 25;5.325,00
VR;8909;FUNGIMAN COMBI  x 1;20
VR;8929;TOPIK 240 EC REG.08929 LT.1-CLP-;11
VR;8932;;1,12
VR;8933;SOLEAS;132
VR;8934;;103,25
VR;8934;SCALA;1.287,20
VR;8934;SCALA DA LT. 1x10;125
VR;8934;SCALA DA LT. 5x4;95
VR;8934;SCALA LT.1-CLP-;19
VR;8934;SCALA LT.5-CLP;250
VR;8934;SCALA x 1 lt (FUNGICIDA BASF);21
VR;8934;SCALA x 5 lt (FUNGICIDA BASF);35
VR;8934;SCALA X LT.1;17
VR;8937;;25
VR;8937;MASAI 20 WP;174
VR;8937;MASAI 20 WP DA KG. 1 (Xn);40
VR;8937;MASAI 20 WP x 1 kg;13
VR;8945;FARO DF;216
VR;8987;;32
VR;8987;BAYER CONFIDOR 200 SL ML 10;122
VR;8987;BAYER CONFIDOR 200 SL ML 50;3,25
VR;8987;CONFIDO 200 SL;1
VR;8987;CONFIDOR 200 SL;1.347,39
VR;8987;CONFIDOR 200 SL (IMIDACLORID);24
VR;8987;CONFIDOR 200 SL 250 ML;3
VR;8987;CONFIDOR 200 SL 5 ml **;0,11
VR;8987;CONFIDOR 200 SL 50 ML;0,75
VR;8987;CONFIDOR 200 SL DA LT. 1x12;348
VR;8987;CONFIDOR 200 SL LT.1-CLP-;180
VR;8987;CONFIDOR 200 SL X LT.1;82
VR;8987;CONFIDOR 200SL ML.250-CLP-;1,5
VR;9005;;53
VR;9005;AGIL;5.095,00
VR;9005;AGIL 1 LT;119
VR;9005;AGIL 5 lt;65
VR;9005;AGIL LT.1 -CLP-;158
VR;9005;AGIL LT.5-CLP-;345
VR;9005;AGIL X 1 LT. UN 3082 NAS 9,III;63
VR;9005;AGIL X LT.5;25
VR;9010;;152
VR;9010;RAMEZIN COMBI WG;251
VR;9010;RAMEZIN COMBI WG KG.10 -CLP-;60
VR;9010;RAMEZIN COMBI WG X KG.1;221
VR;9012;;30
VR;9012;CUPROCAFFARO MICRO;28.840,00
VR;9012;CUPROCAFFARO MICRO DA KG. 10;810
VR;9012;CUPROCAFFARO MICRO DA KG. 1x12;104
VR;9012;CUPROCAFFARO MICRO DA KG. 20;1.100,00
VR;9012;CUPROCAFFARO MICRO KG.20-CLP-;420
VR;9012;CUPROCAFFARO MICRO X KG.10;220
VR;9012;CUPROCAFFARO MICRO X KG.20;3.100,00
VR;9036;ACTIVUS;173,2
VR;9038;OPINION;5,85
VR;9079;;7
VR;9079;REGRAN COMBI;8
VR;9086;POLTIGLIA BORDOLESE SCAM D.F.;70
VR;9131;;97
VR;9131;KOL PYRINEX ME ML.100 INSETT.MICRO.;25,9
VR;9131;KOL PYRINEX ME ML.250 INSETT.MICRO.;21,75
VR;9131;PYRINEX ME;4.938,45
VR;9131;PYRINEX ME DA LT. 1x12;145
VR;9131;PYRINEX ME DA LT. 5x4;840
VR;9131;PYRINEX ME LT.1-CLP-;58
VR;9131;PYRINEX ME LT.5-CLP-;670
VR;9131;PYRINEX ME x 1 lt;236
VR;9131;PYRINEX ME x 5 lt;368
VR;9148;;244
VR;9148;SYLLIT 355 SC;662
VR;9148;SYLLIT 355 SC DA LT. 1x12;116
VR;9148;SYLLIT 355 SC DA LT. 5x4;580
VR;9148;SYLLIT FLO;120
VR;9148;SYLLYT 355 SC 1 lt;6
VR;9153;CYREN 44 EC;3.018,00
VR;9153;CYREN 44 EC UN 3018 ADR 6,1-PGIII;90
VR;9153;CYREN 44 EC x 1 lt;723
VR;9153;CYREN 44 EC x 10 lt;3.185,00
VR;9171;GALBEN R 4-33;870
VR;9180;STROBY WG;17,8
VR;9180;STROBY WG x 600 gr;30
VR;9195;TERB FLO;220
VR;9210;;2
VR;9210;QUADRIS;18
VR;9210;QUADRIS LT.1-CLP-;12
VR;9210;QUADRIS x 1 lt;12
VR;9244;ZIRAMIT 76 WG;110
VR;9267;;9.280,00
VR;9267;ROYALTAC N;132.220,00
VR;9267;ROYALTAC N LT.1000 -CLP-;8.000,00
VR;9267;ROYALTAC N LT.20-CLP-;1.120,00
VR;9279;MERLIN COMBI;22
VR;9279;MERLIN COMBI x 5 lt;50
VR;9280;;12,5
VR;9280;TOPAS 200 EW;92
VR;9280;TOPAS 200 EW DA LT. 0,500x20;65,5
VR;9280;TOPAS 200 EW ML.500-CLP-;21,5
VR;9286;OHAYO;43
VR;9286;OHAYO DA LT. 1x12;136
VR;9286;OHAYO LT.1-CLP-;95
VR;9286;OHAYO x 1 lt;271
VR;9286;OHAYO X LT.1;16
VR;9298;;2.100,00
VR;9298;METHAM NA 51;70.970,00
VR;9298;METHAM NA 51 (METAMSODIO) NAS UN 32;17.670,00
VR;9306;PROPLANT;597
VR;9306;PROPLANT x 1 lt;277
VR;9311;;25
VR;9311;CUPROSSIL IDRO 25 WP;1.426,00
VR;9322;GOLTIX STAR;15
VR;9322;GOLTIX STAR KG.1;2
VR;9322;GOLTIX STAR KG.1 -CLP-;30
VR;9322;GOLTIX STAR KG.5-CLP-;70
VR;9322;GOLTIX STAR x 5 kg;10
VR;9332;;1
VR;9332;OPEN x 0,5 kg;2
VR;9339;;331
VR;9339;BETANAL EXPERT;180
VR;9339;BETANAL EXPERT 1 LT**;1
VR;9339;BETANAL EXPERT 5 LT **;15
VR;9339;BETANAL EXPERT LT.5-CLP-;60
VR;9339;BETANAL EXPERT x 1 lt;2
VR;9342;DELTRIN;309
VR;9373;;39
VR;9373;CHORUS;229
VR;9373;CHORUS DA KG. 1x10;90
VR;9373;CHORUS x 1 kg;122
VR;9373;CHORUS X KG.1;2
VR;9374;;2
VR;9374;MATCH TOP;117
VR;9374;MATCH TOP LT.1 -CLP-;3
VR;9374;MATCH TOP UN 3082 NAS 9,III;3
VR;9374;MATCH TOP x 1 lt;15
VR;9376;BROMOTRIL;22
VR;9410;;2.531,00
VR;9411;RADIP ORMON;1,85
VR;9420;OSSIRAM 20 FLOW;1
VR;9422;;206,65
VR;9422;EVADE;618,6
VR;9422;EVADE (TRICLOPIR) UN 3082 NAS 9,III;3
VR;9422;EVADE 1 lt  **;1
VR;9422;EVADE DA LT. 0,250x24;13
VR;9422;EVADE DA LT. 1x10;73
VR;9422;EVADE LT.1 -CLP-;14
VR;9422;EVADE LT.5-CLP-;10
VR;9422;EVADE x 0,25 lt;125
VR;9422;EVADE x 1 lt;105
VR;9422;EVADE x 5 lt;60
VR;9422;EVADE X LT.1;17
VR;9422;ZAPI DISERBO EVADE 100 ML NR 9422;18,1
VR;9422;ZAPI DISERBO EVADE 500 ML NR 9422;111,5
VR;9443;ENDOGERME;39,2
VR;9443;ENDOGERME 200 g;1
VR;9443;ENDOGERME(ANTIGERMOGLIO PATATA)GR.5;1
VR;9443;KOL ENDOGERME GR.100;6,6
VR;9443;KOL ENDOGERME GR.500;10
VR;9448;RIFLE 4-24 R BLU;3
VR;9449;EMERALD COMBI;260
VR;9463;KLARO KIT;371
VR;9496;;151
VR;9496;GALIGAN EC;122
VR;9496;GALIGAN EC REG.09496 LT.1-CLP-;73
VR;9496;GALIGAN EC x 1 lt;7
VR;9509;;21,5
VR;9509;PROMALIN NT;186,5
VR;9509;PROMALIN NT DA LT. 0,500x10;60,5
VR;9509;PROMALIN NT x 0,5 lt;38,5
VR;9531;SEQURA WG;18
VR;9531;SEQURA WG BACILLUS THURING.CEPPO HD;756
VR;9550;PROFILE;61,5
VR;9575;DRIBBLING 240 EC;12
VR;9578;;1.907,50
VR;9578;SWITCH;3.948,25
VR;9578;SWITCH DA KG. 0,250;0,25
VR;9578;SWITCH DA KG. 1x10;837
VR;9578;SWITCH GR.250-CLP-;2,25
VR;9578;SWITCH KG.1-CLP-;504
VR;9578;SWITCH UN 3077 NAS 1,9 III;254
VR;9578;SWITCH x 0,25 kg;5,7
VR;9578;SWITCH x 1 kg;2.315,00
VR;9578;SWITCH X KG.1;271
VR;9612;OSSICLOR 30;5.951,00
VR;9612;OSSICLOR 30 X  25  KG UN 3077 NAS 9;900
VR;9627;;40
VR;9627;POLTIGLIA BORDOLESE DISP.KG.20;20
VR;9627;POLTIGLIA BORDOLESE DISPERSS;663
VR;9631;METRIN EC;305
VR;9634;;179
VR;9634;CARNIVAL RIO;141
VR;9634;CARNIVAL RIO DA LT. 1x12;30
VR;9655;PRIMIAL WG;31
VR;9655;PRIMIAL WG KG.1-CLP-;13
VR;9668;;27,03
VR;9668;RUFAST E-FLO;92,21
VR;9668;RUFAST E-FLO DA LT. 0,250x24;4,5
VR;9668;RUFAST E-FLO DA LT. 1x12;35
VR;9668;RUFAST E-FLO x 1 lt;25
VR;9668;ZAPI INSETTICIDA ACARI RUFAST ML 10;0,13
VR;9668;ZAPI INSETTICIDA ACARI RUFAST ML 50;1,4
VR;9670;THIANOSAN 80 WG;910
VR;9670;THIANOSAN 80 WG x 10 kg;20
VR;9670;THIANOSAN 80 WG X KG.10;1.870,00
VR;9678;M 70;67
VR;9678;M 70 DF REG.09678 KG.1;1
VR;9678;M70 DF;600
VR;9679;;47
VR;9679;KRISTAL 32 WG;971
VR;9689;AURIGA;5
VR;9693;;8
VR;9693;SPORTAK 45 EW;12
VR;9693;SPORTAK 45 EW DA LT. 1x10;96
VR;9694;SIMITAR 5 EW;72,1
VR;9694;SIMITAR 5 EW x 1 lt;242
VR;9694;SIMITAR 5EW DA LT. 1x10;5
VR;9695;;190,5
VR;9695;PERLAN;61
VR;9696;NOVAGIB;12
VR;9705;;82
VR;9705;PREVITER;1.203,18
VR;9705;PREVITER 1 LT;1
VR;9705;PREVITER 200 ML;1,4
VR;9705;PREVITER DA LT. 1x12;23
VR;9705;PREVITER LT.1-CLP-;4
VR;9713;HORIZON x 1 lt;131
VR;9723;;33.080,00
VR;9723;DE-SPROUT N LT.10 -CLP-;2.880,00
VR;9723;DE-SPROUT N LT.1000-CLP-;3.000,00
VR;9723;DE-SPROUT N x 10 lt;3.360,00
VR;9723;DE-SPROUT N x 1000 lt;40.000,00
VR;9724;TIOWETTING DF;41.597,00
VR;9742;METAMIX R LIQUIDO;400
VR;9744;;131
VR;9744;SCORE 10 WG;1.083,00
VR;9744;SCORE 10 WG DA KG. 1x10;80
VR;9744;SCORE 10 WG x 1 kg;524
VR;9744;SCORE 10 WG X KG.1;20
VR;9747;;6
VR;9747;FURY;258,98
VR;9747;ZAPI POLIVALENTE ABBAT ML.10 FURY;0,7
VR;9747;ZAPI POLIVALENTE ABBAT ML.50 FURY;3,05
VR;9757;;6
VR;9757;SPYRALE;29
VR;9757;SPYRALE 1 LT **;4
VR;9757;SPYRALE REG.09757 LT.1 -CLP-;32
VR;9757;SPYRALE x 1 lt;70
VR;9758;COPRANTOL WG;8.283,00
VR;9758;COPRANTOL WG KG.1 -CLP-;64
VR;9758;COPRANTOL WG KG.10 -CLP-;460
VR;9758;COPRANTOL WG x 3 kg;144
VR;9767;NUFOS 5 G;23
VR;9767;NUFOS 5G CLORPIRIFOS 7,54 KG1;24
VR;9767;NUFOS 7,5 G x 10 kg;10
VR;9787;MICROBAGNABILE WG;6.465,80
VR;9790;CONTATTO 320;17
VR;9790;CONTATTO 320 x 1 lt;16
VR;9794;PLANET C;60
VR;9794;PLANET C x 10 lt;260
VR;9794;PLANET C X LT.10;890
VR;9797;GROLEN;1
VR;9798;CLIOPHAR 100;2
VR;9798;CLIOPHAR 100 x 1 lt;2
VR;9800;;378
VR;9800;MAVRIK 20 EW;829,16
VR;9800;MAVRIK 20 EW DA LT. 1x12;117
VR;9800;MAVRIK 20 EW DA ML 150x40;6,15
VR;9800;MAVRIK 20 EW UN 3082 ADR 9 III;3
VR;9800;MAVRIK 20 EW x 0,150 lt;14,4
VR;9800;MAVRIK 20 EW x 1 lt;449
VR;9800;MAVRIK 20 EW x 1 lt (Nuova Etich.);14
VR;9800;MAVRIK 20 EW X LT.1;27
VR;9802;;12
VR;9802;COPRANTOL HI-BIO x 1 kg;316
VR;9802;COPREN HI BIO;4
VR;9809;;5.794,00
VR;9809;MALVIN 80 WG;964
VR;9813;;1
VR;9813;DICLOPYR;3
VR;9832;;2.190,00
VR;9832;TREK P;657
VR;9832;TREK P 5 lt  **;30
VR;9832;TREK P DA LT. 5x4;100
VR;9832;TREK P x 1 lt;51
VR;9832;TREK P x 20 lt;20
VR;9832;TREK P x 5 lt;20
VR;9833;CLINCHER x 5;5
VR;9843;BASAGRAN SG;699
VR;9843;BASAGRAN SG DA KG. 3x4 (Xn);72
VR;9843;BASAGRAN SG REG.09843 KG.3 -CLP-;357
VR;9843;BASAGRAN SG x 3 kg;717
VR;9867;;8,25
VR;9867;4 STAGIONI;12
VR;9872;AKRIS;1.035,00
VR;9900;FLAVOS;91
VR;9938;MASTER;4,6
VR;9940;;330
VR;9940;ZELIG;20
VR;9940;ZELIG GR;2.408,50
VR;9940;ZELIG GR 50;3
VR;9940;ZELIG GR DA KG. 10;1.230,00
VR;9940;ZELIG GR DA KG. 1x10;135
VR;9940;ZELIG GR KG.10-CLP-;6.710,00
VR;9940;ZELIG GR KG.1-CLP-;120
VR;9940;ZELIG GR x 10 kg;4.520,00
VR;9941;BUMPER P;0,6
VR;9941;BUMPER P x 1 lt;155
VR;9952;COLZANET;15
VR;9954;;2.882,00
VR;9954;JOKER;2.280,00
VR;9954;JOKER (DICAMBA 21,2%);20
VR;9954;JOKER 1 LT;80
VR;9954;JOKER 5 lt;90
VR;9954;JOKER DA LT. 1x10;274
VR;9954;JOKER LT.1-CLP-;10
VR;9963;METIDANE 22;759
VR;9963;METIDANE 22 x 0,250 lt;2
VR;9963;METIDANE 22 x 1 lt;498
VR;9963;METIDANE 22 x 5 lt;920
VR;9989;LINFA SVELLER;5
VR;9994;ARIUS SYSTEM;3
VR;9995;;528
VR;9995;ARIUS;392,25
VR;9995;ARIUS (CHINOSSIFENE) UN 3082 9,III;26
VR;9995;ARIUS (FUNGICIDA) DA LT. 1x10;382
VR;9995;ARIUS LT.1-CLP-;1
VR;9995;ARIUS x 0,25 lt;0,75
VR;9995;ARIUS x 1 lt;476
VR;10004;AGRIMIX PRO;5,5
VR;10004;AGRIMIX PRO DA LT. 0,500x12;12,5
VR;10005;SCOTTS WEEDCONTROL;13
VR;10029;KING;40,75
VR;10029;KING FL  x 20;120
VR;10048;KUMULUS TECNO;31.725,00
VR;10048;KUMULUS TECNO DA KG. 25;50
VR;10048;KUMULUS TECNO x 25 kg;5.100,00
VR;10048;KUMULUS TECNO X KG.25;48.350,00
VR;10049;;1.399,00
VR;10049;DURSBAN 75 WG;2.132,00
VR;10049;DURSBAN 75 WG DA KG. 1x10(Xn);995
VR;10049;DURSBAN 75 WG REG.10049 KG.1 -CLP-;435
VR;10049;DURSBAN 75 WG x 1 kg;3.831,00
VR;10049;DURSBAN 75 WG X KG.1;280
VR;10057;ARPEL WDG;67
VR;10088;;1,1
VR;10088;MAXIM;2,17
VR;10088;MAXIM (10 Pastiglie);2,1
VR;10088;MAXIM DA GR. 10x10;83
VR;10089;;500
VR;10105;;18,25
VR;10105;RIDOMIL GOLD SL;46
VR;10105;RIDOMIL GOLD SL 20 x 0,25 lt;15,25
VR;10105;RIDOMIL GOLD SL LT. 0,250 (Xn);1,75
VR;10105;RIDOMIL GOLD SL X 250 ML.;2
VR;10105;RIDOMIL GOLD SL20 REG.10105 ML.250;12
VR;10106;RIDOMIL GOLD COMBI PB X  1;1
VR;10106;RIDOMIL GOLD COMBI WP COMBI;5
VR;10109;APRON XL;15
VR;10117;;2.250,00
VR;10117;STRATOS ULTRA;4.673,00
VR;10117;STRATOS ULTRA  3082 NAS 9,III (E);5
VR;10117;STRATOS ULTRA 1 LT;58
VR;10117;STRATOS ULTRA 5 LT **;215
VR;10117;STRATOS ULTRA DA LT. 1x10 (Xn);84
VR;10117;STRATOS ULTRA DA LT. 5x4 (Xn);400
VR;10117;STRATOS ULTRA REG.10117 LT.1-CLP-;14
VR;10117;STRATOS ULTRA REG.10117 LT.5-CLP-;70
VR;10117;STRATOS ULTRA x 1 lt;17
VR;10117;STRATOS ULTRA x 5 lt;745
VR;10117;STRATOS ULTRA X LT.1;3
VR;10118;;105
VR;10118;AMISTAR;513
VR;10118;AMISTAR x 1 lt;26
VR;10118;AMISTAR x 5 lt;225
VR;10119;EQUATION PRO;9,2
VR;10127;BAYER DECIS JET 250 ML;9
VR;10127;BAYER DECIS JET ML 10 NR 10127 Xi;2,83
VR;10127;BAYER DECIS JET ML 100;32
VR;10127;BAYER DECIS JET ML 50 NR 10127 Xi;13
VR;10127;DECIS JET;181,01
VR;10127;DECIS JET 10 ml  **;0,27
VR;10127;DECIS JET 250 ML **;2,75
VR;10127;DECIS JET 50 ml  **;0,4
VR;10127;DECIS JET LT.1;1
VR;10127;DECIS JET ML 10;2
VR;10127;DECIS JET ML 250;5
VR;10127;DECIS JET ML 50;1
VR;10139;PYKOS;82
VR;10141;SOFREVAL 80 MICRO;25
VR;10141;SOFREVAL 80 MICRO x 20 kg;1.760,00
VR;10141;SOFREVAL 80 MICRO x 25 kg;6.725,00
VR;10154;;85
VR;10154;BORDOFLOW SECTOR;133
VR;10158;PIREFLOR;0,59
VR;10161;;400
VR;10161;ORTIVA;553,35
VR;10161;ORTIVA DA LT. 1x12;46
VR;10161;ORTIVA LT.1 -CLP-;152
VR;10161;ORTIVA UN 3082 NAS 9,III;34
VR;10161;ORTIVA x 1 lt;250
VR;10161;ORTIVA X LT 1;5
VR;10183;GARLON EV;22,4
VR;10183;GARLON EV ML 100;12
VR;10183;GARLON EV ML 500;12
VR;10184;TIMBREL EV;2,6
VR;10185;ZERGAN EV;19,15
VR;10187;NAUTILE DG x 10 kg;20
VR;10199;LERAM HI BIO;150
VR;10209;GLIFOS ULTRA;720
VR;10209;GLYFOS ULTRA;11.403,00
VR;10220;DICOPUR COMBI x 1 lt;1
VR;10224;;6.780,00
VR;10224;EMME H (Nuova Etich.) x 10 lt;3.520,00
VR;10224;EMME H x 10 lt;820
VR;10224;EMME-H LT.10 -CLP-;5.210,00
VR;10230;LUMAPLUS;540,5
VR;10263;DRIVER;46
VR;10263;DRIVER ERBICIDA LT 1 X TAPPETI ERB.;62
VR;10272;CEREXIL M DG;130
VR;10272;CEREXIL M DG REG.10272 KG.10- CLP-;400
VR;10272;CEREXIL M DG x 1 kg;17
VR;10272;CEREXIL M DG x 10 kg;3.010,00
VR;10272;CEREXIL M WDG REG.10272 KG.1 -CLP-;12
VR;10275;STELLA EC;125
VR;10275;STELLA EC X LT.1;24
VR;10278;SARMOX M BIANCO;40
VR;10285;TOMAHAWK;4
VR;10285;TOMAHAWK REG.10285 LT.1-CLP-;5
VR;10296;IPERION;31
VR;10296;IPERION x 1 kg;499
VR;10296;IPERION x 10 kg;2.360,00
VR;10296;IPERION x 20 kg;9.560,00
VR;10296;IPERION X KG.10;20
VR;10305;;428
VR;10305;OIKOS;1.556,52
VR;10305;OIKOS CAP 3.4 ADR;49
VR;10305;OIKOS DA LT. 1x10;5
VR;10305;OIKOS LT.1 -CLP-;11
VR;10305;OIKOS LT.5 -CLP-;25
VR;10305;OIKOS x 1 lt;119
VR;10305;OIKOS x 5 lt;495
VR;10306;MISTRAL;760
VR;10306;MISTRAL 1 lt;20
VR;10306;MISTRAL DA LT. 1x10;52
VR;10306;MISTRAL DA LT. 5x4;435
VR;10316;FLARE GOLD;120
VR;10318;MERLIN GP;3
VR;10322;"CADOU STAR ""NUOV.ETICHETTA""  X 1";24
VR;10324;NEMATHORIN 10 G x 10 kg;30
VR;10329;;32
VR;10329;FORUM MZ WG;165
VR;10329;FORUM MZ WG DA KG. 10 (Xn);880
VR;10329;FORUM MZ WG KG 10;20
VR;10329;FORUM MZ WG REG.10329 KG.10;280
VR;10329;FORUM MZ WG x 1 kg;16
VR;10329;FORUM MZ WG x 10 kg;30
VR;10342;RIFLE 44;227
VR;10350;;2.491,00
VR;10350;BLAST SG;277
VR;10357;;60
VR;10357;RIGRON SG;1.216,00
VR;10357;RIGRON SG 3 KG;45
VR;10372;RASIKAL QUICK;2,9
VR;10373;;114
VR;10373;CONTEST;63,4
VR;10373;CONTEST 1 KG **;39
VR;10373;CONTEST DA KG. 1x10 (Xn);14
VR;10373;CONTEST INSETTICIDA PIRETROIDE A GR;6
VR;10373;CONTEST REG.10373 KG.1-CLP-;29
VR;10373;CONTEST x 0,1 kg;4,3
VR;10373;CONTEST x 1 kg;39
VR;10390;DIRACTIN x 0,5 lt;2
VR;10390;DIRACTIN x 1 lt;21
VR;10396;LIZOCIN;1,68
VR;10398;STIKER;6
VR;10404;;6
VR;10404;CLINIC 360 SL;604
VR;10415;ARIC 480 LS;210
VR;10415;ARIC 480 LS x 0,5 lt;101
VR;10423;LUMACHICIDA KG.5 VEBI (NEW);1.040,00
VR;10423;LUMACHICIDA VEBI;140
VR;10423;LUMACHICIDA VEBI KG1;20
VR;10425;;1
VR;10425;SCUDEX;19
VR;10425;SCUDEX (PENCONAZOLO) 10% 3082 9,II;3
VR;10425;SCUDEX 1 LT;36
VR;10425;SCUDEX DA LT. 1x12;711
VR;10426;;11
VR;10426;PROTIL EC;44
VR;10434;MAXIGIB BIO;0,21
VR;10435;HERGON L x 1 lt;7
VR;10439;DUNGER GLOBAL SPRAY;9
VR;10439;SPRAY DUNGER GLOBAL;389
VR;10439;SPRAY DUNGER GLOBAL x 1 lt;668
VR;10439;SPRAY DUNGER GLOBAL X LT.1;149
VR;10439;SPRAY-DUNGER GLOBAL LT. 1x20;79
VR;10439;SPRAY-DUNGER GLOBAL LT. 5x4;120
VR;10440;;54
VR;10440;EXPANDER;407
VR;10447;NOVEL DUO;19
VR;10456;KLARO ULTRA;918,75
VR;10456;ZAPI DISERBO KLARO ULTRA 1 LT;322
VR;10456;ZAPI DISERBO TOTALE KLARO ULTRA 250;32,5
VR;10461;DICOTURF;12,25
VR;10471;OLOVER;1
VR;10477;LAS VEGAS x 1 lt;927
VR;10479;NATURALIS;285
VR;10479;NATURALIS DA LT. 1x12;2
VR;10479;NATURALIS x 1 lt;33
VR;10493;;1.268,00
VR;10493;RUNNER LO;6.916,00
VR;10493;RUNNER LO 1 LT;39
VR;10493;RUNNER LO DA LT. 1x10;488
VR;10493;RUNNER LO DA LT. 5x4;730
VR;10493;RUNNER LO LT.1-CLP-;1
VR;10493;RUNNER LO x 1 lt;1.595,00
VR;10494;;3
VR;10494;DISERBANTE TOTALE PREMIUM TOP 1 LT.;1.674,00
VR;10494;KOL PREMIUM TOP-DISERBANTE TOT. 500;135,5
VR;10494;PREMIUM TOP;2.143,00
VR;10504;KELLY WG x 1 kg;685
VR;10504;KELLY WG x 10 kg;4.970,00
VR;10506;MYCOSTOP;0,81
VR;10509;MASTIFF ULTRA;1.745,00
VR;10509;MASTIFF ULTRA x 1 lt;77
VR;10509;MASTIFF ULTRA x 20 lt;8.120,00
VR;10532;TELDOR;3
VR;10532;TELDOR x 1;19
VR;10540;TERIAL 75 WG;1.907,00
VR;10540;TERIAL 75 WG X KG.1;164
VR;10565;DICOTIL EX.;1,3
VR;10565;DICOTIL EXTRA;73,95
VR;10565;DICOTIL EXTRA ERBICIDA LT 1;26
VR;10568;;632
VR;10568;KYLEO x 20 lt;100
VR;10568;ZOOMER;2.605,25
VR;10568;ZOOMER DA LT. 1x12;63
VR;10568;ZOOMER DA LT. 5x4;100
VR;10568;ZOOMER x 1 lt;17
VR;10568;ZOOMER x 5 lt;40
VR;10573;;70
VR;10573;KOCIDE  2000 10 KG **;220
VR;10573;KOCIDE 2000;17.555,00
VR;10573;KOCIDE 2000       DF X   1;3
VR;10573;KOCIDE 2000 DA KG. 10 (Xn);4.510,00
VR;10573;KOCIDE 2000 REG.10573 KG.10-CLP-;1.180,00
VR;10573;KOCIDE 2000 REG.10573 KG.1-CLP-;24
VR;10573;KOCIDE 2000 x 1 kg;266
VR;10573;KOCIDE 2000 x 10 kg;1.290,00
VR;10573;KOCIDE 2000 X KG.10;160
VR;10575;LOGRADO 360;200
VR;10577;METRIPHAR 70 WG;48,25
VR;10580;GI BIO PLUS;0,05
VR;10584;SHAMAL MK PLUS;61,7
VR;10585;;2.124,00
VR;10585;SULCOTREK;3.915,00
VR;10585;SULCOTREK 1 LT;9
VR;10585;SULCOTREK 15 LT;180
VR;10585;SULCOTREK 5 LT;75
VR;10585;SULCOTREK DA LT. 5x4;5
VR;10585;SULCOTREK x 1 lt;22
VR;10585;SULCOTREK x 20 lt;40
VR;10585;SULCOTREK x 5 lt;105
VR;10587;FOLPAN SC;15
VR;10588;BIOPIREN PLUS;37
VR;10588;BIOPIREN PLUS DA LT. 1x12;49
VR;10588;BIOPIREN PLUS x 1 lt;2
VR;10604;;55
VR;10604;BAYER EMERALD  50 ML;139
VR;10604;BAYER EMERALD 100 ML;6,4
VR;10604;EMERALD 40 EW;231,11
VR;10604;EMERALD EW 40 50 ML;0,2
VR;10627;FRUPICA;159
VR;10627;FRUPICA x 1 kg;24
VR;10627;FRUPIKA;30
VR;10632;;4.081,00
VR;10632;COBRE NORDOX SUP. 75 WG KG 15;1.455,00
VR;10632;COBRE NORDOX SUPER  75 WG 15 KG UN;105
VR;10632;COBRE NORDOX SUPER 75 WG;5.062,00
VR;10632;COBRE NORDOX SUPER 75 WG x 5 kg;1.850,00
VR;10632;COBRE NORDOX SUPER 75 WG X KG.5;165
VR;10641;MANCOZEB MANICA 80 PB;75
VR;10650;BELGARD;459,1
VR;10650;BELGARD LT.1;10
VR;10671;CUAGRO HI BIO;270
VR;10701;;1.410,00
VR;10701;CUMETA FLOW;908
VR;10710;;419
VR;10710;TOMAGAN;417
VR;10710;TOMAGAN DA LT. 1x12 (Xn);15
VR;10710;TOMAGAN x 1 lt;2
VR;10715;SILGLIF NF x 20 lt;60
VR;10715;SILGLIF NF x 5 lt;305
VR;10734;;5.304,00
VR;10734;DUAL GOLD;1.219,00
VR;10734;DUAL GOLD DA LT. 1x12;38
VR;10734;DUAL GOLD LT 1  **;24
VR;10734;DUAL GOLD LT.1-CLP-;129
VR;10734;DUAL GOLD LT.5-CLP-;195
VR;10734;DUAL GOLD x 1 lt;267
VR;10734;DUAL GOLD x 5 lt;455
VR;10735;;734
VR;10735;PRIMAGRAM GOLD;476
VR;10735;PRIMAGRAM GOLD DA LT. 1x12;24
VR;10735;PRIMAGRAM GOLD DA LT. 5x4;80
VR;10735;PRIMAGRAM GOLD LT 5  **;10
VR;10735;PRIMAGRAM GOLD LT.1 -CLP-;24
VR;10735;PRIMAGRAM GOLD LT.20 -CLP-;560
VR;10735;PRIMAGRAM GOLD LT.5 -CLP-;90
VR;10735;PRIMAGRAM GOLD x 1 lt;12
VR;10735;PRIMAGRAM GOLD x 20 lt;20
VR;10735;PRIMAGRAM GOLD x 5 lt;30
VR;10741;METACINQUE;115
VR;10752;;296,5
VR;10752;STEWARD;974,75
VR;10752;STEWARD 30 WG;97,5
VR;10752;STEWARD 30 WG 250 GR.;112,75
VR;10752;STEWARD 500 GR **;10
VR;10752;STEWARD DA KG. 0,250x10 (Xn);97,75
VR;10752;STEWARD DA KG. 0,500x10 (Xn);5
VR;10752;STEWARD GR 250  **;2,25
VR;10752;STEWARD REG.10752 GR.250-CLP-;11,75
VR;10752;STEWARD REG.10752 GR.500-CLP-;21,5
VR;10752;STEWARD x 0,250 kg;68,25
VR;10752;STEWARD x 0,500 kg;171
VR;10753;BAYER FOLICUR SE ML 100 NR 10753;0,3
VR;10753;FOLICUR SE;25
VR;10758;BETASANA TRIO SC;8
VR;10771;;5.622,00
VR;10771;MOST MICRO;4.819,30
VR;10771;MOST MICRO DA LT. 1x10;2
VR;10771;MOST MICRO DA LT. 5x4;215
VR;10771;MOST MICRO LT.1-CLP-;9
VR;10771;MOST MICRO LT.5-CLP-;165
VR;10771;MOST MICRO ML 100;0,5
VR;10771;MOST MICRO x 1 lt;100
VR;10771;MOST MICRO x 5 lt;25
VR;10780;LUMABLOC;28
VR;10832;LIMATER;12
VR;10889;AGRIMIX GOLD DA LT. 1x12;103
VR;10890;FLIPPER;1.511,60
VR;10890;FLIPPER  LT.10-CLP-;10
VR;10890;FLIPPER x 0,5 lt;24,5
VR;10890;FLIPPER x 10 lt;40
VR;10890;FLIPPER x 10 lt (NUOVA ETICHETTA);80
VR;10890;FLIPPER X LT.10;630
VR;10897;AMEGA PLUS;45
VR;10925;BEYOND;10
VR;10926;;376
VR;10926;ALTOREX;211
VR;10926;ALTOREX (IMAZAMOX) UN 3082 9,III NA;70
VR;10926;ALTOREX DA LT. 1x10;7
VR;10926;ALTOREX LT.1 -CLP-;12
VR;10926;ALTOREX x 1 lt;245
VR;10929;;5,7
VR;10929;CHIKARA 10 WG X GR.200;8,4
VR;10929;CHIKARA 20 WG X GR.50;4
VR;10929;CHIKARA 25 WG;63,95
VR;10929;CHIKARA 25 WG DA GR. 200x10;50
VR;10929;CHIKARA 25 WG DA GR. 50x20;53
VR;10929;CHIKARA x 0,2 kg;10,4
VR;10929;CHIKARA x 50 gr;1,95
VR;10931;;1.962,00
VR;10931;EMME H 60 WS x 2 kg;1.390,00
VR;10936;NAAK 480 x 1 lt;59
VR;10939;;21
VR;10939;CP 40 AGRO;111
VR;10939;CP 40 AGRO REG.10939 LT.1-CLP-;7
VR;10939;CP40 AGRO LT.1 (2°XN);8
VR;10944;;63
VR;10944;KARATE ZEON;343,5
VR;10944;KARATE ZEON 1 lt  **;2
VR;10944;KARATE ZEON DA LT. 1x12 (Xn);29
VR;10944;KARATE ZEON REG.10944 LT.1 -CLP-;10
VR;10944;KARATE ZEON REG.10944 ML.250;7
VR;10944;KARATE ZEON x 0,250 lt;1
VR;10944;KARATE ZEON X LT.1;12
VR;10952;CARPOVIRUSINE PLUS;273
VR;10952;CARPOVIRUSINE PLUS x 1 lt;152
VR;10970;NECOLIM;121
VR;10973;PYRINEX PRONTO;20,5
VR;10976;;20
VR;10976;KOL METEOR 200 ML;40,6
VR;10976;KOL METEOR ML.60;16,08
VR;10976;METEOR;652,01
VR;10976;METEOR 30 ML;0,33
VR;10976;METEOR DA LT. 1x10;102
VR;10976;METEOR x 0,25 lt;285
VR;10976;METEOR x 1 lt;793
VR;10976;METEOR X LT.1;31
VR;10985;MEVAXIL M;2.656,00
VR;10985;MEVAXIL M REG.10985 KG.1;6
VR;10986;KASKO R;684
VR;10998;RASIKAL ULTRA;3
VR;10999;;189
VR;10999;BETANAL SE;134
VR;10999;BETANAL SE LT.1 -CLP-;40
VR;11011;;534
VR;11011;DASH HC;533
VR;11011;DASH HC 1 lt;125
VR;11011;DASH HC 5 lt;90
VR;11011;DASH HC DA LT. 1x10;249
VR;11011;DASH HC LT.1-CLP-;108
VR;11011;DASH HC x 1 lt;425
VR;11011;DASH HC x 5 lt;260
VR;11011;DASH HC X LT.1;1
VR;11012;;16
VR;11012;AURA;71
VR;11012;AURA x 1 lt;14
VR;11013;;309
VR;11013;CIOPPER;303
VR;11027;MET-BLOC;34,5
VR;11029;PYRENEX M 22;90
VR;11029;PYRINEX M 22;7.044,00
VR;11029;PYRINEX M 22 1lt;6
VR;11029;PYRINEX M 22 x 1 lt;2.753,00
VR;11029;PYRINEX M 22 x 5 lt;3.095,00
VR;11029;PYRINEX M 22 X LT.1;1.012,00
VR;11029;PYRINEX M 22 X LT.5;1.890,00
VR;11029;PYRINEX M22 DA LT. 1x12;39
VR;11029;PYRINEX M22 DA LT. 5x4;515
VR;11030;PRIMO MAXX;3
VR;11040;POLTIGLIA BORDOLESE DISPERSS BLU;29,2
VR;11040;POLTIGLIA BORDOLESE DISPERSS BLU X;925
VR;11044;TUREX;340
VR;11045;DODIPREV 35;24,5
VR;11045;DODIPREV 35 250ML;2
VR;11045;KOL DODIPREV 35 ML.250;40
VR;11059;;76
VR;11059;BIOPOWER;279
VR;11059;BIOPOWER DA LT. 1x12;98
VR;11059;BIOPOWER LT.1-CLP-;10
VR;11059;BIOPOWER x 1 lt;255
VR;11059;BIOPOWER x 2 lt;10
VR;11059;BIOPOWER x 4 lt;40
VR;11062;;57,5
VR;11062;BION 50 WG;112,6
VR;11062;BION 50 WG DA KG. 0,500x12;46,5
VR;11062;BION 50 WG x 0,5 kg;67,5
VR;11062;BION 50 WG X 500 GR. UN 3077 NAS 9,;12
VR;11070;TIOGOLD DISPERSS;2.125,00
VR;11070;TIOGOLD DISPERSS x 25 kg;271.650,00
VR;11088;;20
VR;11088;BION MX;10
VR;11088;BION MX REG.11088 KG.1 -CLP-;131
VR;11088;BION MX x 1 kg;21
VR;11098;CADDY;2
VR;11098;CADDY   X 0,25;2,5
VR;11102;;150
VR;11102;HELIOSOUFRE S;7.214,20
VR;11102;HELIOSOUFRE S DA LT. 10;3.770,00
VR;11102;HELIOSOUFRE S DA LT. 600;6.000,00
VR;11102;HELIOSOUFRE S x 1 kg;46
VR;11102;HELIOSOUFRE S x 10 kg;1.100,00
VR;11102;HELIOSOUFRE S X LT.10;60
VR;11104;CUPROFIX 30 DISPERSS non col.x 10;690
VR;11105;CUPROFIX 30 DISPERS BLU x 1;25
VR;11105;CUPROFIX 30 DISPERS BLU x 10;30
VR;11106;MANFIL 75 WG x 10 kg;150
VR;11106;MANFIL 75 WG x 25 kg;25
VR;11107;ECO-TRAP;402,4
VR;11107;ECOTRAP (Trappole);107,8
VR;11107;ECO-TRAP TRAPPOLA INSETTICIDA CONTR;0,16
VR;11119;;63,5
VR;11119;FLINT;401,1
VR;11119;FLINT 50 WG 500 g;3,5
VR;11119;FLINT DA KG. 0,500x12;117,5
VR;11119;FLINT GRANULI IDRODISPERDIBILI X 50;2
VR;11119;FLINT x 0,5 kg;184,5
VR;11119;FLINT x 150 gr;21
VR;11133;SHELTER;59,5
VR;11157;PROPYDOR;303,8
VR;11157;PROPYDOR LT.1x12;1
VR;11173;;866
VR;11173;AVAUNT EC;1.018,00
VR;11173;AVAUNT EC DA LT. 1x10 (Xn);138
VR;11173;AVAUNT EC REG.11173 LT.1;20
VR;11173;AVAUNT EC REG.11173 LT.1 -TWIN PACK;18
VR;11173;AVAUNT EC x 1 (+CORAGEN) TW.P.MAIS;139
VR;11173;AVAUNT EC x 1 lt;1.496,00
VR;11173;AVAUNT EC X LT.1;147
VR;11173;TWIN PACK MAIS;33
VR;11183;;75,5
VR;11183;PROGERBALIN LG;762,5
VR;11183;PROGERBALIN LG DA ML. 500x12;94
VR;11185;;76
VR;11185;GERLAGIB LG;781
VR;11185;GERLAGIB LG DA LT. 1x12;130
VR;11185;GERLAGIB LG x 1 lt;107
VR;11196;;10
VR;11196;SULFAR;620
VR;11196;SULFAR x 25 kg;300
VR;11196;SULFAR x 5 kg;60
VR;11197;VITENE 45 WG;2
VR;11201;PROPYFLOR;1
VR;11206;;1.122,50
VR;11206;BAGNANTE CODACIDE x 10 lt;20
VR;11206;BAGNANTE CODACIDE x 2,5 lt;937,5
VR;11206;CODACIDE;1.320,00
VR;11206;CODACIDE X LT.10;20
VR;11212;BATKUR;143
VR;11212;BATKUR DA LT. 1;80
VR;11223;;28
VR;11223;EUREKA 240 EC;1,5
VR;11223;GALIGAN 500 SC;4,5
VR;11231;SANTHANE DF X 5 KG. SIPCAM;50
VR;11231;SANTHANE WG;113
VR;11243;;96
VR;11243;LEOPARD 5 EC;976,25
VR;11243;LEOPARD 5 EC 3082, NAS, 9, III, (E);1
VR;11243;LEOPARD 5 EC DA LT. 1x12;345
VR;11243;LEOPARD 5 EC DA LT. 5x4;55
VR;11243;LEOPARD 5 EC x 1 lt;998
VR;11243;LEOPARD 5 EC x 5 lt;1.265,00
VR;11253;;503
VR;11253;CALLISTO;355
VR;11253;CALLISTO 1 LT;42
VR;11253;CALLISTO 5 lt;20
VR;11253;CALLISTO DA LT. 1x12;23
VR;11253;CALLISTO LT.1-CLP-;31
VR;11253;CALLISTO x 1 lt;61
VR;11253;CALLISTO x 5 lt;50
VR;11257;;123,75
VR;11257;COSTAR 0,750;37,5
VR;11257;COSTAR WG;333
VR;11257;COSTAR WG KG. 0,750x10;50
VR;11258;FAZOR STAR;225
VR;11258;FAZOR STAR KG.5-CLP-;880
VR;11258;FAZOR STAR x 5 kg;50
VR;11271;CUREX;375
VR;11301;SPHERE;57
VR;11301;SPHERE  REG.11301 LT.1-CLP-;15
VR;11301;SPHERE SC LT. 1 (2° XN);1
VR;11303;;2.340,00
VR;11303;CHAMP DP;1.690,00
VR;11303;CHAMP DP GD x 2 kg;4
VR;11313;PROXAN SL;97
VR;11313;PROXAN SL DA LT. 1x12;1
VR;11338;FUGRAN;71
VR;11341;;237
VR;11341;STARANE GOLD;547
VR;11341;STARANE GOLD 1 LT;20
VR;11341;STARANE GOLD DA LT. 1x10;20
VR;11341;STARANE GOLD LT.1-CLP-;239
VR;11341;STARANE GOLD x 1 lt;889
VR;11344;PICKILL EC;12,5
VR;11345;ZOLVIS 80 WDG;1
VR;11345;ZOLVIS 80 WDG MANICA;31.300,00
VR;11353;;1.163,00
VR;11353;FUSILADE MAX;1.734,00
VR;11353;FUSILADE MAX DA LT. 1x12 (Xn);73
VR;11353;FUSILADE MAX DA LT. 5x4 (Xn);250
VR;11353;FUSILADE MAX REG.11353 LT.10-CLP-;670
VR;11353;FUSILADE MAX REG.11353 LT.1-CLP-;93
VR;11353;FUSILADE MAX REG.11353 LT.5 -CLP-;240
VR;11353;FUSILADE MAX x 1 lt;275
VR;11353;FUSILADE MAX X 1 LT UN 3082 NAS 9,I;33
VR;11353;FUSILADE MAX x 5 lt;295
VR;11353;FUSILADE MAX X LT.1;76
VR;11353;FUSILADE MAX X LT.5;5
VR;11355;TAMIFUM;37.630,00
VR;11359;SARCAP 800;1.765,00
VR;11360;GRIP 25;114,65
VR;11360;GRIP 25 ML 50;11,9
VR;11360;GRIP 25 ML 500;63,5
VR;11382;GARDENE PLUS;19
VR;11390;VITENE TRIPLO BLU;1
VR;11390;VITENE TRIPLO BLU x 8 kg;34
VR;11393;BEETLE;767
VR;11393;BEETLE 1 lt  **;1
VR;11393;BEETLE DA LT. 1x12;62
VR;11396;WIRK;57
VR;11396;WIRK 1 LT **;1
VR;11396;WIRK DA LT. 1x12;31
VR;11400;ADINA 10;0,48
VR;11402;MELODY COMBI;330
VR;11402;MELODY COMBI DA KG. 5 (Xn);155
VR;11416;OVIPRON TOP;3.905,00
VR;11416;OVIPRON TOP 1 LT;7
VR;11416;OVIPRON TOP 5 LT;10
VR;11416;OVIPRON TOP x 1 lt (Nuova Etich.);92
VR;11416;OVIPRON TOP x 20 lt;5.960,00
VR;11416;OVIPRON TOP x 5 lt;2.880,00
VR;11418;;216
VR;11427;AGRIGOLF GOLD;82
VR;11437;MELODY TRIO         PB X 1;1
VR;11437;MELODY TRIO  X 10;10
VR;11448;;789
VR;11448;KICKER;153
VR;11449;GARDOPRIM GOLD;30
VR;11449;GARDOPRIM GOLD x 20 lt;360
VR;11449;GARDOPRIM GOLD x 5 lt;30
VR;11449;GARDOPRIM GOLD x 7 lt;22.372,00
VR;11479;BRANCHER DIRADO;71
VR;11479;BRANCHER DIRADO DA LT. 1x6;181
VR;11479;BRANCHER DIRADO X LT.1;3
VR;11494;GLYFOS PRO;5,25
VR;11495;GARTREL  x 1;1
VR;11497;CRITTOVIT WG;54
VR;11497;CRITTOVIT WG x 1 kg;1.215,00
VR;11497;CRITTOVIT WG x 20 kg;53.935,00
VR;11499;BUSTER;85,5
VR;11499;BUSTER 0,4 KG **;0,4
VR;11500;CAPTHENE 80 WDG;730
VR;11504;THIAMON PLUS;24.250,00
VR;11505;READY GERMIPLUS;273
VR;11510;NOIDIO GOLD;1
VR;11523;SEPRADINA SC 100 ML;0,4
VR;11525;FUNGIDINA;70,4
VR;11525;ZAPI BOLLA FUNGIDINA LT 0,5;123
VR;11526;;801
VR;11526;SULTAN;1.228,00
VR;11526;SULTAN DA LT. 1x12 (Xn);117
VR;11526;SULTAN REG.11526 LT.1 -CLP-;60
VR;11526;SULTAN UN 3082 9,III;2
VR;11526;SULTAN x 1 lt;215
VR;11527;;631
VR;11527;KOL PYRINEX QUICK DA 20 ML;2,18
VR;11527;KOL PYRINEX QUICK ML.250;51,25
VR;11527;KOL PYRINEX QUICK ML.50;14
VR;11527;PYRINEX QUICK;389,82
VR;11527;PYRINEX QUICK 100 ml;0,3
VR;11527;PYRINEX QUICK 50 ml;0,45
VR;11527;PYRINEX QUICK DA LT. 1x12;12
VR;11527;PYRINEX QUICK ML 100;2
VR;11527;PYRINEX QUICK x 1 lt;261
VR;11527;PYRINEX QUICK x 5 lt;255
VR;11534;BIOTIOL;5,4
VR;11535;BLAU;20
VR;11551;DIFFUSORE ISOMATE C-PLUS 100pz;52
VR;11551;ISOMATE C PLUS;0,5
VR;11560;;1
VR;11560;REGALIS;12
VR;11560;REGALIS x 1 kg;13
VR;11561;BAYER NEEM AZAL 15 ML;22
VR;11561;BAYER NEEM AZAL 75 ML;41
VR;11561;NEEMAZAL;5
VR;11561;NEEMAZAL T/S;746,43
VR;11561;NEEMAZAL T/S DA LT. 1x12;14
VR;11561;NEEMAZAL T/S DA LT. 5;23
VR;11561;NEEMAZAL T/S X LT.1;142
VR;11561;NEEMAZAL T/S X LT.5;160
VR;11561;NEEMAZAL-T/S x 1 lt;75
VR;11561;NEEMAZAL-T/S x 5 lt;780
VR;11566;ZOLFO 80 WP;3
VR;11569;CUPROXAT S.D.I.;2.061,00
VR;11569;CUPROXAT S.D.I. DA LT. 10;630
VR;11569;CUPROXAT S.D.I. DA LT. 1x10;45
VR;11569;CUPROXAT S.D.I. LT 1 **;20
VR;11569;CUPROXAT S.D.I. LT.1;5
VR;11569;CUPROXAT S.D.I. LT.10-CLP-;280
VR;11569;CUPROXAT S.D.I. X 1 LT. UN 3082 NAS;112
VR;11569;CUPROXAT S.D.I. X 10 LT. UN 3082 NA;540
VR;11586;DISERBANTE SELETTIVO 100 ml;0,2
VR;11587;CAMBEL S;723
VR;11587;CAMBEL S X LT.1;1
VR;11596;;254,5
VR;11596;CALYPSO;598,5
VR;11596;CALYPSO DA LT. 0,500x20 (Xn);255,5
VR;11596;CALYPSO REG.11596 ML.500-CLP-;101
VR;11596;CALYPSO SC 480 ML 500;57
VR;11596;CALYPSO x 0,5 lt;568,5
VR;11600;;61,5
VR;11600;CRUISER 350 FS;147,5
VR;11600;CRUISER 350 FS DA LT. 0,500;2
VR;11600;CRUISER 350 FS x 0,5 lt;31,5
VR;11600;CRUISER 350FS ML.500-CLP-;41,5
VR;11611;VYDATE 10 L x 5 lt;5
VR;11611;VYDATE 10L;755
VR;11614;;276,74
VR;11614;ACTARA 25 WG;1.330,81
VR;11614;ACTARA 25 WG  GR. 500  ADR 3077 NAS;57,5
VR;11614;ACTARA 25 WG 100 g  **;1,2
VR;11614;ACTARA 25 WG 500 g  **;4,5
VR;11614;ACTARA 25 WG DA KG. 0,100x20;4,2
VR;11614;ACTARA 25 WG DA KG. 0,500x12;67
VR;11614;ACTARA 25 WG KG.0,500-CLP-;17,5
VR;11614;ACTARA 25 WG x 0,1 kg;66
VR;11614;ACTARA 25 WG x 0,5 kg;490
VR;11614;ACTARA 25WG GR.100-CLP-;2,2
VR;11619;TIOFLOR WDG;24.595,00
VR;11619;TIOFLOR WDG X KG.1;60
VR;11626;PIT STOP x 1 lt;39
VR;11626;PITSTOP;9,5
VR;11637;CUPROFIX C DISPERSS x 10 kg;200
VR;11638;FLUORATE;40,5
VR;11642;PIKAR;141
VR;11649;COMMAND 36 CS;739
VR;11649;COMMAND 36 CS DA LT. 1x10;46
VR;11649;COMMAND 36 CS x 1 lt;281
VR;11649;COMMAND 36CS LT.1-CLP-;55
VR;11653;;32
VR;11653;FOLIO GOLD;31
VR;11653;FOLIO GOLD 537,5 SC;277
VR;11653;FOLIO GOLD 537,5 SC REG.11653 LT.1;927
VR;11653;FOLIO GOLD 537,5 SC UN 3082 NAS 9,;18
VR;11653;FOLIO GOLD 537,5 SC x 1 lt;44
VR;11653;FOLIO GOLD DA LT. 1x12 (Xn);5
VR;11654;GRIZZLY EC;21
VR;11654;GRIZZLY EC x 1 lt;6
VR;11659;ALFE DISERBANTE HERBITOTAL ML 250;62
VR;11659;HERBITOTAL S;21,25
VR;11660;;2.830,00
VR;11660;SHOGUN;4.134,00
VR;11660;SHOGUN DA LT. 1x12;4
VR;11660;SHOGUN X LT.5;145
VR;11668;;63,55
VR;11668;PLENUM 50 WG;180,9
VR;11668;PLENUM 50 WG x 0,25 kg;42,6
VR;11668;PLENUM 50 WG X 250 GR.;1,75
VR;11678;ACTELLIC 2P NEWPHARM;23
VR;11678;ACTELLIC 2P NEWPHARM KG.1-CLP-;6
VR;11679;GIBERAL COMPRESSE;0,54
VR;11687;ACTELLIC 5 NEWPHARM;30
VR;11690;;4,5
VR;11690;GOAL 480 SC;105,5
VR;11690;GOAL 480 SC DA LT. 0,500x20;40
VR;11690;GOAL 480 SC x 5 lt;5
VR;11693;;361,5
VR;11693;LASER;1.245,95
VR;11693;LASER 500 ML;0,5
VR;11693;LASER DA LT. 0,500x10;103,5
VR;11693;LASER LT.0,500-CLP-;17
VR;11693;LASER ML.100 -CLP-;0,4
VR;11693;LASER x 0,25 lt (Spinosad);0,5
VR;11693;LASER x 0,5 lt (Spinosad);693,5
VR;11694;CONSERVE SC;4,8
VR;11698;MINUET;11,8
VR;11700;;0,5
VR;11700;BOTANIGARD 22 WP;6,27
VR;11700;BOTANIGARD 22 WP 10 g;0,16
VR;11701;BOTANIGARD SE;224
VR;11710;GARDIUS 40 ST;6
VR;11711;MEXIRAM HI BIO;6.390,00
VR;11711;MEXIRAM HI BIO X KG.10;3.010,00
VR;11711;MEXIRAM HIBIO KG.10;8.510,00
VR;11722;GEONEX;66
VR;11730;COSMOTRIN;12,8
VR;11732;ALLEATO 80 WG;588
VR;11732;ALLEATO 80 WG x 1 kg;286
VR;11732;ALLEATO 80 WG x 5 kg;430
VR;11735;DELICIA CONTRA-LUMACHE;1
VR;11744;CIPERBLOC;4,5
VR;11752;;25,5
VR;11752;ENVIDOR 240 SC;163,5
VR;11752;ENVIDOR 240 SC LT. 0,500x20 Xn;94,5
VR;11752;ENVIDOR 240 SC x 0,5 lt;18,5
VR;11760;;2.960,00
VR;11760;POLITHIOL;3.760,00
VR;11760;POLITHIOL 20 LT;100
VR;11760;POLITHIOL DA LT. 20;2.240,00
VR;11760;POLITHIOL x 20 lt;4.300,00
VR;11760;POLITHIOL X 20 LT.;420
VR;11760;POLITHIOL x 200 lt;1.600,00
VR;11760;POLITHIOL X LT 20;2.380,00
VR;11762;FORUM STAR;525
VR;11786;;0,6
VR;11786;AQ 10 WG;3,87
VR;11786;AQ 10 WG DA GR. 30;533
VR;11786;AQ10 WG x 30 gr;0,72
VR;11788;;25
VR;11788;NEMACUR 240 CS;100
VR;11788;NEMACUR 240 CS x 25 lt;50
VR;11789;MANAGER;1
VR;11793;;24
VR;11793;XENTARI;189
VR;11794;;13,5
VR;11794;PRESSING 500;57
VR;11794;PRESSING 500 x 0,75(con Avadex F.);238
VR;11796;GLIFAST;2,8
VR;11806;;2
VR;11806;KARIKA;2
VR;11814;;12
VR;11814;SPADA 200 EC;1.676,00
VR;11814;SPADA 200 EC DA LT. 1x10;88
VR;11814;SPADA 200 EC LT 1 **;2
VR;11814;SPADA 200 EC LT.1-CLP-;9
VR;11814;SPADA 200 EC x 1 lt;94
VR;11838;RAGNOSTOP 10WP;1
VR;11844;;4,7
VR;11844;KORON WDG;15,3
VR;11854;BUGGY TF;4.308,00
VR;11854;BUGGY TF - P234 - EUH401;3.715,00
VR;11854;BUGGY TF LT 5;45
VR;11857;MIDAURIL COMBI;2.247,00
VR;11862;LOBBY;569
VR;11862;LOBBY DA LT. 1x12 (Xn);15
VR;11862;LOBBY DA LT. 5x4 (Xn);55
VR;11862;LOBBY X LT.1;60
VR;11862;LOBBY X LT.5;15
VR;11866;AGRO-OIL;63,25
VR;11870;CUPRITAL S.D.I.;13
VR;11872;RIFLE 4-24 R;0,5
VR;11885;ELICIO;185
VR;11894;CARBOSAN  G 500 g;1,5
VR;11894;CARBOSAN G 200 g;0,2
VR;11908;VENTUREX 35 L;35,5
VR;11908;VENTUREX 35L ML 100;1
VR;11908;VENTUREX 35L ML 200;1
VR;11917;HOPPER GREEN;1.467,00
VR;11917;HOPPER GREEN X 20 LT. - EUH401;2.920,00
VR;11921;RISCIO' 50 WP;3
VR;11921;RISCIO' 50 WP DA LT. 1x12;2
VR;11921;RIZOLEX CAP;6
VR;11926;NOIDIO GOLD 10 EC;1.362,00
VR;11944;;1.035,00
VR;11944;ASPECT;3.680,00
VR;11944;ASPECT 5 LT;60
VR;11948;VINCARE;1.245,00
VR;11948;VINCARE DA KG. 5x4 (Xn);20
VR;11948;VINCARE x 5 kg;40
VR;11954;TERMINAL DUO;56
VR;11964;;5.740,00
VR;11964;POLTIGLIA BORDOLESE GD 20% CAFFARO;2.120,00
VR;11964;POLTIGLIA CAFFARO 20 GD;4.833,00
VR;11964;POLTIGLIA CAFFARO 20 GD KG.10 -CLP-;270
VR;11964;POLTIGLIA CAFFARO 20 GD X KG.1;3.222,00
VR;11964;POLTIGLIA CAFFARO 20GD KG.20-CLP-;100
VR;11977;SULFUR 80 WG (ZOLFO) X 25;550
VR;11979;BORDO 20 MICRO;93,8
VR;11979;ZAPI BORDO 20 MICRO X  gr 800;48
VR;11991;;276
VR;11991;NEEMIK;2.330,00
VR;11991;NEEMIK x 1 lt;13
VR;11991;NEEMIK x 5 lt;85
VR;11991;NEEMIK X LT.5;5
VR;12010;;1.459,00
VR;12010;TUAREG;3.696,00
VR;12010;TUAREG (IMAZAMOX 4%) UN 3082 NAS 9,;5
VR;12010;TUAREG 5 LT;50
VR;12010;TUAREG DA LT. 1x10;10
VR;12010;TUAREG LT.1-CLP-;130
VR;12010;TUAREG LT.5 -CLP-;50
VR;12010;TUAREG x 1 lt;292
VR;12010;TUAREG x 3 lt;6
VR;12010;TUAREG x 5 lt;240
VR;12010;TUAREG x 5 lt (+HARMONY x 50 gr);280
VR;12010;TUAREG X LT.1;3
VR;12017;COSMOS;12
VR;12017;COSMOS  x 1;24
VR;12020;BAYER SUCCESS ML 10 NR 12020;0,43
VR;12020;BAYER SUCCESS ML 50 NR 12020;3,05
VR;12020;SUCCESS;19,09
VR;12020;SUCCESS x 1 lt;1
VR;12022;SPADA WDG x 1 kg;271
VR;12023;MEGIC 240;251,75
VR;12023;MEGIC 240 X LT.1;94
VR;12025;GERBATHIN 2 LG x 1 lt;6
VR;12030;SNOW;131
VR;12030;SNOW x 1 lt;122
VR;12037;;85
VR;12037;CAMIX;110
VR;12037;CAMIX x 20 lt;1.160,00
VR;12037;CAMIX x 5 lt;480
VR;12040;BORDOFLOW;3
VR;12040;BORDOFLOW   X  10;520
VR;12041;MARTOS;5,5
VR;12041;MARTOS x 1 lt;2
VR;12043;;65
VR;12043;BAYER PREVICUR ENERGY 50 ML;27
VR;12043;PREICUR EMERGI;0,05
VR;12043;PREVICUR ENERGY;868,65
VR;12043;PREVICUR ENERGY DA LT. 1x12;8
VR;12043;PREVICUR ENERGY LT.1-CLP-;23
VR;12043;PREVICUR ENERGY x 1 lt;88
VR;12043;PREVICUR ENERGY x 5 lt;260
VR;12043;PREVICUR ENERGY X 5 LT.;110
VR;12048;TIOSOL 80 WG;60.454,60
VR;12048;TIOSOL 80 WG KG.10-CLP-;650
VR;12060;FOX;75
VR;12067;CIPER;16
VR;12067;CIPER 1 LT;41
VR;12068;BAYER TEFLUSTAR GRANULARE KG 1;55
VR;12068;TEFLUSTAR;378,35
VR;12068;TEFLUSTAR 500 GR;1
VR;12068;TEFLUSTAR TERRENO;10
VR;12068;TEFLUSTAR x 10 kg;15.030,00
VR;12069;;18
VR;12069;EPIK;311,43
VR;12069;EPIK DA KG. 1x10;195
VR;12069;EPIK GR 50 INSETTICIDA SISTEMICO;0,7
VR;12069;EPIK INSETTICIDA SISTEMICO GR 100;1
VR;12069;EPIK INSETTICIDA SISTEMICO GR 50;17
VR;12069;EPIK x 1 kg;4
VR;12084;GALEO;2
VR;12090;MICROSED GEO;9.780,00
VR;12090;MICROSED GEO DA KG. 10 (Xn);60
VR;12090;MICROSED GEO x 10 kg;300
VR;12096;;36.945,00
VR;12096;POLTIGLIA BORDOLESE DISPERSS 20%;450
VR;12096;POLTIGLIA DISPERSS;81.354,00
VR;12096;POLTIGLIA DISPERSS DA KG. 15;44.070,00
VR;12096;POLTIGLIA DISPERSS KG.15 -CLP-;105
VR;12096;POLTIGLIA DISPERSS x 1 kg;548
VR;12096;POLTIGLIA DISPERSS x 15 kg;4.505,00
VR;12096;POLTIGLIA DISPERSS X 15 KG **;3.960,00
VR;12096;POLTIGLIA DISPERSS X KG 15 UN 3077;7.290,00
VR;12096;POLTIGLIA DISPERSS X KG.15;12.510,00
VR;12096;POLTIGLIA DISPRESS;1.725,00
VR;12100;;784
VR;12100;ASSET;1.655,00
VR;12100;ASSET DA LT. 1x12;163
VR;12100;ASSET x 1 lt;273
VR;12100;ASSET X 1LT. (PIRETRINE);75
VR;12100;ASSET X LT 1;192
VR;12106;TALENDO;19
VR;12106;TALENDO x 1 lt;46
VR;12113;VIRGO;747
VR;12114;AUXIGER LG;488,4
VR;12114;AUXIGER LG CLP;36
VR;12114;AUXIGER LG DA LT. 1x12;12
VR;12114;AUXIGER LG DA ML. 100;4
VR;12114;AUXIGER x 1 lt;120
VR;12114;AUXIGER x 5 lt;360
VR;12115;BARRACUDA;49
VR;12117;ADMIRAL 10 EC X LT.1;5
VR;12133;;230
VR;12133;JUVINAL GOLD;395
VR;12133;JUVINAL GOLD DA LT. 1x12;38
VR;12133;JUVINAL GOLD X LT.1;20
VR;12136;;705
VR;12136;VERITAS;426
VR;12136;VERITAS  KG.1;9
VR;12136;VERITAS  KG.5;25
VR;12136;VERITAS DA KG. 5x4;40
VR;12136;VERITAS WG KG.5-CLP-;120
VR;12136;VERITAS WG x 1 kg;40
VR;12136;VERITAS WG x 5 kg;230
VR;12138;;128
VR;12138;R6 ERRESEI TREVI;1.514,00
VR;12138;R6 TREVI DA KG. 8;120
VR;12138;R6 TREVI UN 3077 NAS 9,III (E) ADR;32
VR;12138;R6 TREVI X KG.8;40
VR;12149;GERBA 4 LG;99
VR;12149;GERBA 4 LG x 1 lt;53
VR;12149;GERBA 4 LG x 5 lt;45
VR;12170;HELIOCUIVRE FL x 10 lt;110
VR;12172;FERRAMOL;151
VR;12172;FERRAMOL DA KG. 1;24
VR;12172;KOL FERRAMOL 1 KG ESCA LUMACHICIDA;111
VR;12172;KOL FERRAMOL 500 GR ESCA LUMACHICID;50,5
VR;12172;KOL FERRAMOL BIO ESCA LUMACHIC.3KG;3
VR;12174;;60
VR;12174;V.I.P. FLOW;1.195,00
VR;12174;V.I.P. FLOW 5 lt;100
VR;12174;V.I.P. FLOW DA LT. 5x4;105
VR;12177;VITTORIA 24 SC;0,2
VR;12185;GREMMY;12
VR;12199;SILBOT MZ 60 5 kg;45
VR;12200;SILBOT R;30
VR;12200;SILBOT R x 1 kg;98
VR;12200;SILBOT R x 10 kg;4.360,00
VR;12202;ZEMIX R x 10 kg;6.810,00
VR;12211;MEDOR 0,500 KG;1,5
VR;12212;PENTHIUM EC;750
VR;12212;PENTHIUM EC x 5 lt;5
VR;12215;VEBIPHOS 7,5;72
VR;12225;;159,42
VR;12225;TEPPEKI;431,86
VR;12225;TEPPEKI 10 GR (FLONICAMID)GREEN RAV;0,15
VR;12225;TEPPEKI DA GR. 140;97
VR;12225;TEPPEKI DA KG. 0,500x10;142,5
VR;12225;TEPPEKI GR. 500;33,5
VR;12225;TEPPEKI GR.100-CLP-;0,1
VR;12225;TEPPEKI GR.140 CLP;0,56
VR;12225;TEPPEKI GR.500-CLP-;2
VR;12225;TEPPEKI x 0,5 kg;228
VR;12233;SANTANE (2X11) UN 3077 9,III (E) NA;5
VR;12243;;110
VR;12243;MANTIR DG;19.421,00
VR;12243;MANTIR DG x 25 kg;175
VR;12245;ROUNDUO 360 POWER;145
VR;12245;ROUNDUP 360 POWER x 20 lt;80
VR;12262;VALBON;2
VR;12262;VALBON REG.12262 KG.1;22
VR;12262;VALBON REG.12262 KG.10-CLP-;10
VR;12263;VONDOZEB DG;6.880,00
VR;12263;VONDOZEB DG KG 20;900
VR;12263;VONDOZEB DG x 20 kg;1.760,00
VR;12263;VONDOZEB DG X KG.20;5.420,00
VR;12270;UNICORN DF;370
VR;12270;UNICORN DF DA KG. 5;30
VR;12272;MAGNET-OLI (MOSCA OLIVO) x 51;8,4
VR;12285;FORUM GOLD;1.293,00
VR;12285;FORUM GOLD 10 kg **;10
VR;12297;TRIBASE TWIN;52,75
VR;12298;GUNNER SC x 1 lt;4
VR;12315;ORTIVA HOBBY;3,15
VR;12318;VIVER;110
VR;12322;SWICH-HOBBY;0,01
VR;12322;SWITCH HOBBY;0,24
VR;12325;BAYER MESUROL M PLUS GR 500 NR 1232;0,5
VR;12325;BAYER MESUROL M PLUS KG 1 NR 12325;32
VR;12325;MESUROL ESCA M PLUS;3,6
VR;12325;MESUROL M PLUS;762
VR;12330;DEDALUS SE;41,5
VR;12330;DEDALUS SE x 5 lt;30
VR;12361;ALGEDI;14
VR;12361;ALGEDI x 200 gr;22,2
VR;12368;;407
VR;12368;CARPOSTOP;252
VR;12368;CARPOSTOP x 0,5 lt;48,5
VR;12375;SUGAR 500 SC;85
VR;12375;SUGAR 500 SC X LT.5;5
VR;12376;FITAGIL;301
VR;12376;FITAGIL  GOWAN ACIDO GIBBERELLICO;121
VR;12378;TRIANUM-G;10.950,00
VR;12381;NU FILM P x 1 lt;629
VR;12381;NU FILM P x 4 lt;185
VR;12381;NU FILM-P COADIUVANTE PER AGROFARMA;11
VR;12381;NU-FILM-P;407
VR;12383;;885
VR;12383;RIDOMIL GOLD MZ PEPITE;4.203,00
VR;12383;RIDOMIL GOLD MZ PEPITE 5 KG;40
VR;12383;RIDOMIL GOLD MZ PEPITE KG.1 Xn;116
VR;12383;RIDOMIL GOLD MZ PEPITE KG.5 Xn;1.340,00
VR;12383;RIDOMIL GOLD MZ PEPITE REG.12383 KG;2.000,00
VR;12383;RIDOMIL GOLD MZ PEPITE UN 3077 NAS;305
VR;12383;RIDOMIL GOLD MZ PEPITE x 1 kg;1
VR;12383;RIDOMIL GOLD MZ PEPITE x 5 kg;35
VR;12385;ARMETIL COBRE SC;13
VR;12385;ARMETIL COBRE SC x 1 lt;15
VR;12391;FUEGO;21
VR;12395;CUTRIL TOP;37
VR;12395;CUTRIL TOP x 10 lt;30
VR;12399;GANZO;210
VR;12399;GANZO 1 lt;46
VR;12399;GANZO x 1 lt;52
VR;12406;PLIS;17
VR;12421;FENDINAL SE;6
VR;12437;;5.902,00
VR;12437;DELAN 70 WG;15.691,00
VR;12437;DELAN 70 WG (DITIANON) 9,III NAS UN;53
VR;12437;DELAN 70 WG DA KG. 1x10 (Xn);2.838,00
VR;12437;DELAN 70 WG DA KG. 5x4 (Xn);2.045,00
VR;12437;DELAN 70 WG REG.12437 KG.1;14
VR;12437;DELAN 70 WG REG.12437 KG.5;10
VR;12437;DELAN 70 WG x 1 kg;3.438,00
VR;12437;DELAN 70 WG x 5 kg;3.195,00
VR;12437;DELAN 70 WG X KG.1;1.274,00
VR;12448;KOHINOR 200 1 lt **;1
VR;12452;;399
VR;12452;EQUIP;3.004,00
VR;12452;EQUIP DA LT. 5x4;200
VR;12452;EQUIP x 1 lt;64
VR;12452;EQUIP x 5 lt;165
VR;12453;;1.110,00
VR;12453;MILDICUT;10.093,00
VR;12453;MILDICUT (CYAZOFAMID) 9,III NAS UN;3.555,00
VR;12453;MILDICUT 1 LT **;5
VR;12453;MILDICUT 15 LT;930
VR;12453;MILDICUT DA LT. 10;90
VR;12453;MILDICUT DA LT. 15;1.110,00
VR;12453;MILDICUT DA LT. 1x10;63
VR;12453;MILDICUT LT.10;20
VR;12453;MILDICUT x 10 lt;10
VR;12453;MILDICUT X LT.1;28
VR;12453;MILDICUT X LT.10;400
VR;12453;MILDICUT X LT.15;495
VR;12461;FINALSAN ERBICIDA PROFESSIONAL;54
VR;12461;FINALSAN PROFESSIONAL LT 1;6
VR;12461;KOL FINALSAN ERBICIDA PROF. 1 LT.;13
VR;12482;;6.070,00
VR;12482;LUMAX;26.216,00
VR;12482;LUMAX 20 lt  **;40
VR;12482;LUMAX 5 lt  **;65
VR;12482;LUMAX DA LT. 20 (Xn);2.100,00
VR;12482;LUMAX DA LT. 5x4 (Xn);425
VR;12482;LUMAX REG.12482 LT.20-CLP-;1.700,00
VR;12482;LUMAX REG.12482 LT.5-CLP-;410
VR;12482;LUMAX UN 3082 ADR 9-PG III;220
VR;12482;LUMAX x 20 lt;2.205,00
VR;12482;LUMAX x 20 lt (NEW);580
VR;12482;LUMAX x 5 lt;590
VR;12482;LUMAX x 5 lt (NEW);210
VR;12482;LUMAX X LT.20;40
VR;12482;LUMAX X LT.5;50
VR;12489;;164
VR;12489;DIFCOR 250;109,5
VR;12489;DIFCOR 250 x 1 lt;2
VR;12491;CIPERTHRIN PLUS;17
VR;12491;CIPERTHRIN PLUS x 0,25 lt;3
VR;12491;CIPERTHRIN PLUS x 1 lt;407
VR;12493;MANCOZEB MANICA PLUS 75 WG  UN 3077;900
VR;12493;MANCOZEB PLUS 75 WG;3.564,00
VR;12504;FLOWBRIX;6.317,00
VR;12505;FLOWBRIX BLU;760
VR;12514;;1.305,00
VR;12514;VIPER;1.960,00
VR;12514;VIPER x 5 lt;200
VR;12515;GIBRELIN TAB;16,27
VR;12519;CORSARIO;157,25
VR;12522;;1.508,50
VR;12522;METRO;380
VR;12522;METRO 500 g;29,5
VR;12522;METRO GR.500-CLP-;0,5
VR;12526;ALIETTE ORTO E GIARDINO;21,75
VR;12526;SWAN FUNGICIDA;0,5
VR;12528;;117
VR;12528;CABRIO TOP;30
VR;12528;CABRIO TOP 1 kg;20
VR;12528;CABRIO TOP x 1 lt;53
VR;12528;CABRIO TOP x 5 lt;96
VR;12529;;552
VR;12529;TUCANA 25 EC;1
VR;12529;TUCANA 25 EC x 1 lt;1.035,00
VR;12534;;0,7
VR;12534;FOXTAIL;573,7
VR;12534;FOXTAIL  x  lt 1;235
VR;12534;FOXTAIL 1 LT;2
VR;12534;FOXTAIL 250 ML;1,25
VR;12534;FOXTAIL DA LT. 0,250x40;1,75
VR;12534;FOXTAIL DA LT. 1x12;50
VR;12534;FOXTAIL DISERBANTE GRAMICIDA POST-E;6
VR;12534;FOXTAIL LT.1 -CLP-;5
VR;12534;FOXTAIL ML.250;85,5
VR;12534;FOXTAIL ML.250-CLP-;0,25
VR;12537;KEETON COMBI;390
VR;12537;KEETON COMBI X KG.10;1.290,00
VR;12538;MYSTIC 25 WG;34
VR;12538;MYSTIC 25 WG x 1 kg;461
VR;12540;;570
VR;12540;REGRAN EXTRA;1.910,00
VR;12540;REGRAN EXTRA X LT.1;248
VR;12540;REGRAN EXTRA X LT.5;400
VR;12542;CUPROFIX F DISPERSS X 10;440
VR;12564;ELECTIS MZ  REG.12564 KG.1;2
VR;12566;PYGANIC 1,4 DA LT. 1x12;27
VR;12566;PYGANIC 1.4;325,82
VR;12566;PYGANIC 1.4 x 1 lt;78
VR;12566;PYGANIK 1 LT **;60
VR;12568;SPRINTEX NEW L;297
VR;12573;;60
VR;12573;EKO OIL SPRAY;669,5
VR;12573;EKO OIL SPRAY x 1 lt;249
VR;12573;EKO OIL SPRAY x 25 lt;25
VR;12573;EKO OIL SPRAY x 5 lt;245
VR;12573;KOL OLIO MINERALE ML.250;2,5
VR;12578;RANMAN;10,95
VR;12578;RANMAN X 1 TWINPACK;1
VR;12584;AVIATOR WG (SPHINX MZ);10
VR;12590;;180
VR;12590;DIASTAR MAXI;4.910,00
VR;12590;DIASTAR MAXI DA KG. 10 (Xn);4.120,00
VR;12590;DIASTAR MAXI REG.12590 KG.10;120
VR;12590;DIASTAR MAXI x 10 kg;1.990,00
VR;12598;GRANSTAR POWER SX;244,1
VR;12598;GRANSTAR POWER SX x 1090 gr;114,45
VR;12622;;1.321,50
VR;12622;QUANTUM;1.960,50
VR;12622;QUANTUM  GR 500;176,5
VR;12622;QUANTUM DA KG. 0,500x10;2.170,00
VR;12622;QUANTUM x 0,5 kg;566,5
VR;12625;;504
VR;12625;EFUZIN 355 SC;785
VR;12625;EFUZIN 355 SC x 1 lt;1.630,00
VR;12625;EFUZIN 355 SC x 5 lt;215
VR;12627;DANADIM 400 ST;322
VR;12627;DANADIM 400 ST x 1 lt;31
VR;12627;DANADIM 400 ST X LT.1;398
VR;12628;;391
VR;12628;SERENADE MAX;1.036,00
VR;12628;SERENADE MAX DA KG. 1x12;12
VR;12628;SERENADE MAX DA KG. 5x4;50
VR;12628;SERENADE MAX WP BACILLUS SUBTILIS;47
VR;12628;SERENADE MAX X KG.1;20
VR;12628;SERENADE MAX X KG.5;185
VR;12629;BUGGY 360 SG N.E.T.;39
VR;12629;BUGGY 360 SG N.E.T. X 1;90,2
VR;12636;QUASAR 6/24 R;324
VR;12642;TRATON SX;48,97
VR;12647;;170
VR;12647;GLITTER;797
VR;12647;GLITTER DA LT. 1x12;240
VR;12650;NUPRID 200 SL;17,3
VR;12654;SPINTOR;64,5
VR;12661;NEXOL 10 WDG;3
VR;12662;;20
VR;12662;METAFOL 700 SC;45
VR;12671;;13,38
VR;12671;HARMONY 50 SX;105,14
VR;12671;HARMONY 50 SX 20 GR;1,82
VR;12671;HARMONY 50 SX 50 GR;0,8
VR;12671;HARMONY 50 SX DA GR. 20x10;24
VR;12671;HARMONY 50 SX GR.20-CLP-;2,32
VR;12671;HARMONY 50 SX GR.50-CLP-;0,25
VR;12671;HARMONY 50 SX x 16 gr;0,06
VR;12671;HARMONY 50 SX x 20 gr;17,26
VR;12671;HARMONY 50 SX x 50 gr;3,55
VR;12671;HARMONY 50 SX x 50 gr (+TUAREG x 5);2,7
VR;12671;HARMONY 50SX GR 16 **;0,33
VR;12686;CHAMAN;44
VR;12692;KOL SPRUZIT BIO INSETTICIDA C.500ML;26,5
VR;12692;SPRUZIT INSETTICIDA;13
VR;12706;;34,8
VR;12706;PERMIT;13,35
VR;12706;PERMIT GR.150-CLP-;0,3
VR;12706;PERMIT x 150 gr;12,75
VR;12710;CALIPER-EC;18
VR;12722;OSSICLOR 20 FLOW;1.065,00
VR;12730;BATER X KG.10;10
VR;12731;MICLOTOP PROGRESS 1 lt;29
VR;12734;;1.131,00
VR;12734;JUPITER R DF;304,1
VR;12734;JUPITER R DF DA KG. 10;1.990,00
VR;12737;AIRONE PIU';12.563,00
VR;12737;AIRONE PIU' DA KG. 10;1.550,00
VR;12738;KING 360 HP;550
VR;12747;RAMETTE;24,4
VR;12748;GRIFON PIU;10.980,00
VR;12748;GRIFON PIU';5.070,00
VR;12754;VERDRAM HI BIO;4.458,00
VR;12754;VERDRAM HI BIO DA KG. 10 (Xn);3.560,00
VR;12754;VERDRAM HI BIO X 10 KG. UN  3077 NA;5.040,00
VR;12756;BAYER DICOTEX 100 ML;66
VR;12756;BAYER DICOTEX 500 ML;50
VR;12756;DICOTEX;247,95
VR;12756;DICOTEX 100 ml;0,8
VR;12756;DICOTEX 100ML;1
VR;12756;DICOTEX 500ML;4
VR;12756;DICOTEX ML 100;2
VR;12759;;133
VR;12759;OSSICLOR 35 WG;4.551,60
VR;12759;OSSICLOR 35 WG 10 kg  **;90
VR;12759;OSSICLOR 35 WG DA KG. 10;10
VR;12759;OSSICLOR 35 WG DA KG. 25;50
VR;12759;ZAPI OSSICLOR 35 WG 200 GR.;25,6
VR;12759;ZAPI OSSICLOR 35 WG KG.1 OSSICLORUR;300
VR;12761;AGRIMIX TOP;23
VR;12763;;20
VR;12768;;216
VR;12768;SPINTOR FLY;207
VR;12768;SPINTOR FLY x 1 lt;314
VR;12768;SPINTOR FLY x 5 lt;115
VR;12768;SPINTOR FLY X LT.1;9
VR;12768;ZAPI MOSCA OLIVO SPINTOR FLY 250ML;5,4
VR;12770;ALAR 85 GOLD;27
VR;12770;ALAR 85 GOLD DA KG. 1x6;8
VR;12770;ALAR 85 GOLD KG.1-CLP-;6
VR;12770;ALAR 85 GOLD x 1 kg;3
VR;12778;PASTA SIAPA F NC;34
VR;12779;RAMEDIT COMBI WG;92
VR;12779;RAMEDIT COMBI WG x 1 kg;150
VR;12779;RAMEDIT COMBI WG x 10 kg;1.860,00
VR;12784;CERCOBIN WG;914
VR;12784;FARO WG;86
VR;12784;FARO WG (CERCOBIN WG);210
VR;12788;ADIGOR;3
VR;12788;ADIGOR LT.1-CLP-;5
VR;12790;;118
VR;12790;IMPACT 250 SC x 1 lt;117
VR;12793;ZOLFO AFEPASA 80 WG x 25;3.650,00
VR;12806;FEDOR;705
VR;12806;FEDOR 1 kg;25
VR;12806;FEDOR REG.12806 KG.1-CLP;7
VR;12806;FEDOR x 1 kg;55
VR;12808;GLOBAL SC;5
VR;12813;;106
VR;12813;AMISTAR XTRA;752
VR;12813;AMISTAR XTRA 5 LT;5
VR;12813;AMISTAR XTRA DA LT. 1x12 (Xn);172
VR;12813;AMISTAR XTRA x 1 lt;12
VR;12824;MERLIN EXPERT;2
VR;12824;MERLIN EXPERT  x 1;6
VR;12828;;132,75
VR;12828;SITOFEX;375
VR;12828;SITOFEX  UN 1170 ADR 3,4;56
VR;12828;SITOFEX 7,5 EC X LT.1;3
VR;12828;SITOFEX DA LT. 1x10;326
VR;12828;SITOFEX x 1 lt;154
VR;12829;CHECKMATE PTB;0,01
VR;12831;INSIGNIA;67
VR;12832;OPERA;12
VR;12832;OPERA x 1 lt;15
VR;12837;;54
VR;12837;ARIUS SYSTEM PLUS;2.892,00
VR;12837;ARIUS SYSTEM PLUS DA LT 1x10;93
VR;12837;ARIUS SYSTEM PLUS DA LT 5x4;115
VR;12837;ARIUS SYSTEM PLUS LT.1 -CLP-;33
VR;12837;ARIUS SYSTEM PLUS x 1 lt;480
VR;12837;ARIUS SYSTEM PLUS x 5 lt;1.935,00
VR;12837;ARIUS SYSTEM PLUS X LT.1;50
VR;12837;ARIUS SYSTEM PLUS X LT.5;20
VR;12840;SUCCESSOR 600;365
VR;12843;CHECKMATE CM-F;28,08
VR;12844;CHECK MATE OFM-F DA ML. 390;2
VR;12844;CHECKMATE OFM-F;1,95
VR;12845;AXIAL;5,1
VR;12848;R6 ERRESEI SB-R42 WG;4
VR;12849;BENPROP PRO;592
VR;12855;CRIORAM WG;7,5
VR;12857;PROREX;17,5
VR;12857;PROREX DA LT. 0,500x20;59,5
VR;12857;PROREX x 0,5 lt;290
VR;12858;;25
VR;12858;PRODIGY;1.117,00
VR;12858;PRODIGY DA LT. 1x12;301
VR;12858;PRODIGY x 1 lt;181
VR;12858;PRODIGY X LT.1;287
VR;12859;;7
VR;12859;BAYER BORNEO ACARICIDA ML 40;2,52
VR;12859;BAYER BORNEO ACARICIDA ML 5;0,55
VR;12859;BORNEO;195,04
VR;12859;BORNEO  X 0,500;3
VR;12859;BORNEO DA LT. 0,500x10;1,5
VR;12859;BORNEO X 500 ML. UN 3082 NAS 9,III;3
VR;12860;;2
VR;12860;MILBEKNOCK;59,5
VR;12860;MILBEKNOCK DA LT. 1 (Xn);3
VR;12860;MILBEKNOCK x 1 lt;21
VR;12862;;744
VR;12862;CANTUS;1.025,00
VR;12862;CANTUS  UN 3077 9,III ADR;10
VR;12862;CANTUS 1 kg;11
VR;12862;CANTUS DA KG. 1x10;332
VR;12862;CANTUS KG.1 -CLP-;2
VR;12862;CANTUS x 1 kg;155
VR;12862;CANTUS X KG.1;72
VR;12863;FLORAMITE 240 SC;1,5
VR;12863;FLORAMITE 240 SC UN 3082 9,III;8,25
VR;12865;;7,6
VR;12865;DANTOP 50 WG;40,6
VR;12865;DANTOP 50 WG x 0,200;35,2
VR;12865;DANTOP 50WG REG.12865 GR.200-CLP-;0,2
VR;12866;COLLIS;78
VR;12866;COLLIS BASF UN 3082 ADR 9, III;16
VR;12866;COLLIS DA LT. 1x10 (Xn);33
VR;12866;COLLIS x 1 lt;72
VR;12868;;282
VR;12868;BELLIS;921
VR;12868;BELLIS DA KG. 1x10 (Xn);179
VR;12868;BELLIS x 1 kg;733
VR;12868;BELLIS X KG.1;12
VR;12869;;224
VR;12869;SIGNUM;2.036,00
VR;12869;SIGNUM (BOSCALID+PYRACLOSTROBIN);11
VR;12869;SIGNUM DA KG. 1x10;78
VR;12869;SIGNUM KG.1 -CLP-;343
VR;12869;SIGNUM x 1 kg;329
VR;12878;;3.925,00
VR;12878;RIDOMIL GOLD COMBI PEP 5 kg **;230
VR;12878;RIDOMIL GOLD COMBI PEP KG.5Xn;2.615,00
VR;12878;RIDOMIL GOLD COMBI PEPITE;6.313,00
VR;12878;RIDOMIL GOLD COMBI PEPITE REG.12878;287
VR;12878;RIDOMIL GOLD COMBI PEPITE x 1 kg;5
VR;12878;RIDOMIL GOLD COMBI PEPITE x 5 kg;45
VR;12880;ATLANTIS WG DA KG. 2x4;10
VR;12881;;22,2
VR;12881;HUSSAR MAX GR.600-CLP-;3
VR;12881;HUSSAR MAXX;9
VR;12881;HUSSAR MAXX DA KG. 0,600x12;27,6
VR;12883;;19
VR;12883;PROSPER 300 CS;7.209,00
VR;12883;PROSPER 300 CS 1 lt  **;2
VR;12883;PROSPER 300 CS DA LT. 1x12;641
VR;12883;PROSPER 300 CS DA LT. 5x4;2.485,00
VR;12883;PROSPER 300 CS LT 5 **;5
VR;12883;PROSPER 300 CS LT.1-CLP-;56
VR;12883;PROSPER 300 CS x 1 lt;6
VR;12883;PROSPER 300 CS X LT.1;63
VR;12883;PROSPER 300 CS X LT.5;605
VR;12883;PROSPER SC 300  UN 3082 ADR 9,III;205
VR;12884;BATAM x 1 kg;30
VR;12886;;526
VR;12886;KARATANE STAR;54
VR;12886;KARATHANE STAR;950
VR;12886;KARATHANE STAR 1 lt  **;5
VR;12886;KARATHANE STAR DA LT.1x10 (Xn);710
VR;12886;KARATHANE STAR REG.12886 LT.1-CLP-;19
VR;12886;KARATHANE STAR UN 1993 NAS DE-126 P;82
VR;12886;KARATHANE STAR x 1 lt;538
VR;12886;KARATHANE STAR X LT 1;120
VR;12888;;24
VR;12888;LEPINOX PLUS;821
VR;12888;LEPINOX PLUS DA KG. 1x20;120
VR;12888;LEPINOX PLUS x 1 kg;1.892,00
VR;12889;PICKER SC;0,2
VR;12889;PICKER SC DA LT. 0,200x24;9,2
VR;12900;MELTUS  x 20 gr;0,08
VR;12903;DOLESE WG;101
VR;12904;BRAITEX;344
VR;12924;;3.541,00
VR;12924;JUPITER WG;8.490,00
VR;12924;JUPITER WG DA KG. 10;1.230,00
VR;12924;JUPITER WG X KG.5;40
VR;12931;FUNGI MZ DF;1
VR;12933;MOXYL 20 WP;7
VR;12933;MOXYL 20 WP x 1 kg;381
VR;12934;OXFORD;15
VR;12936;ECODIAN CARPOCAPSA;16
VR;12940;;947
VR;12940;KARATE ZEON 1,5 500 ML **;25,5
VR;12940;KARATE ZEON 1,5 LT.1-CLP-;212
VR;12940;KARATE ZEON 1,5 LT.5-CLP-;1.020,00
VR;12940;KARATE ZEON 1,5 X LT.1;12
VR;12940;KARATE ZEON 1.5;1.250,50
VR;12940;KARATE ZEON 1.5 DA LT. 1x12;492
VR;12940;KARATE ZEON 1.5 x 1 lt;111
VR;12940;KARATE ZEON TECH 1,5 UN 3082 NAS 9,;91
VR;12949;AZUPEC 80 WG;4.375,00
VR;12949;AZUPEC 80 WG X KG.25;19.000,00
VR;12960;STARPROP;118
VR;12960;STARPROP DA LT. 1x12;4
VR;12961;HEREU X LT.1;20
VR;12972;GLYFOS DAKAR;30
VR;12972;GLYFOS DAKAR x 10 kg;220
VR;12973;GLYFOS RAPID;30
VR;12974;DEDALUS COMBI G x 1 kg;5
VR;12981;DIVAPAN 51 X LT.1000;2.000,00
VR;12989;GIBB PLUS;56
VR;12989;GIBB PLUS X LT.1;2
VR;12994;VIVER ELITE WG;866
VR;12994;VIVER ELITE WG 0,5 kg;1
VR;13005;PROMAG;4,7
VR;13012;FOLVIT 80 WDG;415
VR;13012;FOLVIT 80 WDG 5 KG;200
VR;13012;FOLVIT 80 WDG x 5 kg;21.850,00
VR;13016;BIOACT WG;0,4
VR;13018;;733
VR;13020;;5.025,00
VR;13020;MICRORAM 35 WG;2,4
VR;13025;MYSTIC 250 EW;16
VR;13025;MYSTIC 250 EW x 1 lt;40
VR;13026;SUSCON;2,32
VR;13039;POTCLEAN 2G;59
VR;13049;;303
VR;13049;SULCOGAN;397
VR;13049;SULCOGAN x 1 lt;113
VR;13049;SULCOGAN x 5 lt;60
VR;13055;MACHO;1.588,00
VR;13055;MACHO 1 LT;5
VR;13055;MACHO 5 LT;5
VR;13061;;555
VR;13061;BIOBIT DF;1.079,00
VR;13061;BIOBIT DF DA KG. 1x10;467
VR;13061;BIOBIT DF X KG.1;660
VR;13062;DIPEL DF;1,26
VR;13062;DIPEL DF x 1 kg;73
VR;13063;REGULEX 10 SG;3,1
VR;13063;REGULEX 10 SG DA GR. 100x20;40
VR;13063;REGULEX 10 SG x 0,1 kg;0,78
VR;13064;;50
VR;13064;VITENE ULTRA SC;1.776,00
VR;13064;VITENE ULTRA SC CIMOXANIL PURO 21%;199
VR;13064;VITENE ULTRA SC LT.1;28
VR;13064;VITENE ULTRA SC LT.1 -CLP-;1
VR;13065;;3
VR;13065;DOMARK 125;1.262,75
VR;13065;DOMARK 125 DA LT. 1x12;238
VR;13068;;10.918,00
VR;13068;NEORAM WG;1.420,00
VR;13068;NEORAM WG X KG.20;4.320,00
VR;13071;SIAFEN x 0,5 lt;264
VR;13072;MANNIX;33
VR;13072;MANNIX 0,5 LT;4
VR;13072;MANNIX X 500 ML.UN 3082 NAS 9,III;14,5
VR;13076;BRAITEX  PRO;10
VR;13081;NISSORUN;1,5
VR;13083;CURZATE EFFE;1.330,00
VR;13084;;171
VR;13084;BAYER TELDOR PLUS ML 100;2,9
VR;13084;TELDOR PLUS;2.937,80
VR;13084;TELDOR PLUS  UN 3082 NAS 9, III;22
VR;13084;TELDOR PLUS 1 lt;27
VR;13084;TELDOR PLUS DA LT. 1x12;219
VR;13084;TELDOR PLUS DA LT. 5x4;195
VR;13084;TELDOR PLUS LT.1-CLP-;2
VR;13084;TELDOR PLUS x 1 lt;599
VR;13084;TELDOR PLUS x 5 lt;335
VR;13084;TELDOR PLUS X LT.1;3
VR;13084;TELDOR PLUS X LT.5;75
VR;13087;;88
VR;13093;;2.929,00
VR;13093;STOMP AQUA;5.289,00
VR;13093;STOMP AQUA 1 lt **;52
VR;13093;STOMP AQUA 10 L X LT.10;130
VR;13093;STOMP AQUA 5 lt  **;90
VR;13093;STOMP AQUA DA LT. 10x2;310
VR;13093;STOMP AQUA DA LT. 1x10;132
VR;13093;STOMP AQUA DA LT. 5x4;335
VR;13093;STOMP AQUA LT.10-CLP-;290
VR;13093;STOMP AQUA LT.1-CLP-;75
VR;13093;STOMP AQUA LT.5 -CLP-;240
VR;13093;STOMP AQUA x 1 lt;565
VR;13093;STOMP AQUA x 10 lt;420
VR;13093;STOMP AQUA x 5 lt;2.275,00
VR;13093;STOMP AQUA X LT.1;154
VR;13095;;18
VR;13095;DIRA-MAX LG;118
VR;13095;DIRA-MAX LG x 1 lt;93
VR;13098;;815
VR;13098;ROUNDUP POWER 2.0;13.599,28
VR;13098;ROUNDUP POWER 2.0 DA LT. 1x12;217
VR;13098;ROUNDUP POWER 2.0 DA LT. 20;7.040,00
VR;13098;ROUNDUP POWER 2.0 DA LT. 5x4;1.065,00
VR;13098;ROUNDUP POWER 2.0 X LT.1;105
VR;13098;ROUNDUP POWER 2.0 X LT.20;3.260,00
VR;13098;ROUNDUP POWER 2.0 X LT.5;415
VR;13101;SCHOLAR 230 SC X 1;11
VR;13101;SCHOLAR DA LT.1x12;34
VR;13104;;260
VR;13104;ALGOR PLATIN;145
VR;13104;ALGOR PLATIN REG.13104 LT.5-CLP-;10
VR;13106;IKANOS x 1 lt;50
VR;13106;IKANOS x 5 lt;1.210,00
VR;13108;CURAME BORDEAUX;522
VR;13111;;188
VR;13111;THIOCUR FORTE;121,68
VR;13111;THIOCUR FORTE DA LT. 5x4;160
VR;13111;THIOCUR FORTE x 1 lt;63
VR;13111;THIOCUR FORTE x 5 lt;160
VR;13116;MEDOR 35 CLASS;199
VR;13120;MYSTIC 430 SC;8
VR;13120;MYSTIC 430 SC x 1 lt;712
VR;13126;;1.193,00
VR;13126;CABRIO DUO;4.221,00
VR;13126;CABRIO DUO DA LT. 5x4 (Xn);40
VR;13126;CABRIO DUO REG.13126 LT.1 -CLP-;142
VR;13126;CABRIO DUO REG.13126 LT.5-CLP-;1.895,00
VR;13126;CABRIO DUO UN 3082 NAS 9,III;76
VR;13126;CABRIO DUO x 1 lt;107
VR;13126;CABRIO DUO x 5 lt;1.005,00
VR;13127;VALIS F;5
VR;13128;GOLTIX 50 1 KG **;1
VR;13128;GOLTIX 50 5 KG **;15
VR;13128;GOLTIX 50 WG;337
VR;13128;GOLTIX 50 WG KG.1-CLP-;75
VR;13128;GOLTIX 50 WG KG.5-CLP-;70
VR;13130;GUNNER WG x 0,5 kg;1
VR;13133;NIBER 35 WG x 0,5 kg;1,5
VR;13138;SYSTANE 4,5 PLUS DA LT 1x12;83
VR;13138;SYSTHANE 4,5 PLUS;11
VR;13143;;3.441,00
VR;13143;MEZENE WG;12.201,00
VR;13143;MEZENE WG 1 X 20 KG. UN 3077 NAS 9,;540
VR;13143;MEZENE WG 4 X 5  KG. UN 3077 NAS 9,;470
VR;13143;MEZENE WG DA KG. 1x12 (T+);134
VR;13143;MEZENE WG DA KG. 20 (T+);2.640,00
VR;13143;MEZENE WG DA KG. 5x4 (T+);1.315,00
VR;13143;MEZENE WG REG.13143 KG.1-CLP-;22
VR;13143;MEZENE WG X KG.1;12
VR;13149;POLT.BORD.20 WG x 25 kg (MANICA));25
VR;13149;POLTIGLIA 20 WG MANICA 1 kg **;12
VR;13149;POLTIGLIA 20 WG MANICA KG. 10;2.380,00
VR;13149;POLTIGLIA 20 WG MANICA KG. 25;7.800,00
VR;13149;POLTIGLIA BORDOLESE MANICA 20% WG X;1.050,00
VR;13149;POLTIGLIA MANICA 20 WG;5.194,00
VR;13150;CURAME 35 WG;704
VR;13150;CURAME 35 WG 10 kg **;40
VR;13150;CURAME 35 WG DA KG. 10;90
VR;13152;OPTIX R DISPERSS KG 10;70
VR;13152;OPTIX R DISPERSS x 1 kg;130
VR;13152;OPTIX R DISPERSS x 10 kg;5.060,00
VR;13152;OPTIX R DISPERSS X KG.10;280
VR;13153;BANVEL S x 1 lt;128
VR;13153;BANVEL S x 5 lt;5
VR;13154;MONDAK 480 S;9
VR;13154;MONDAK 480S LT.1 -CLP-;77
VR;13158;;7
VR;13158;REMEDIER;664
VR;13158;REMEDIER DA KG. 1x10;154
VR;13158;REMEDIER x 1 kg;26
VR;13158;REMEDIER X KG.1;151
VR;13160;;10
VR;13160;FORUM TOP;450
VR;13166;SPINNER WG;304
VR;13167;;210
VR;13167;POMARSOL 80 WG;3.717,00
VR;13167;POMARSOL 80 WG DA KG. 10 (Xn);710
VR;13167;POMARSOL 80 WG REG.13167 KG.10-CLP-;60
VR;13167;POMARSOL 80 WG X KG.1;15
VR;13167;POMARSOL 80 WG X KG.10;30
VR;13167;POMARSOL 80WG REG.13167 KG.1-CLP-;2
VR;13168;;408
VR;13168;LAUDIS;1.354,00
VR;13168;LAUDIS  5 LT;45
VR;13168;LAUDIS 1 LT;24
VR;13168;LAUDIS DA LT. 1x12;81
VR;13168;LAUDIS DA LT. 5;240
VR;13168;LAUDIS LT.1 CLP;8
VR;13168;LAUDIS LT.5-CLP-;25
VR;13168;LAUDIS x 1 lt;162
VR;13168;LAUDIS x 5 lt;290
VR;13171;ALLIANCE;5,84
VR;13179;PLAYER COMBI SC;300
VR;13186;;3,2
VR;13186;TITUS MAIS EXTRA;34,34
VR;13186;TITUS MAIS EXTRA GR.160-CLP-;0,48
VR;13186;TITUS MAIS EXTRA x 160 gr;17,12
VR;13190;FUNGISOL 80 WG X 25;125
VR;13205;;5.125,00
VR;13205;ZOLFO MANICA SCORREVOLE DOPPIO RAFF;32.485,00
VR;13205;ZOLFO SCORR. KG. 10 MANICA;10
VR;13205;ZOLFO SCORR. KG. 25 MANICA;7.200,00
VR;13205;ZOLFO SCORR.DOPP.RAF. x 25 kg;4.725,00
VR;13205;ZOLFO VENTILATO KG 10;50
VR;13211;ZOLFO DOPPIO VENTILATO SC. 96%;3.425,00
VR;13211;ZOLFO MIN. VENT.SC 96% KG.25;1.450,00
VR;13211;ZOLFO VENTILATO SCORREVOLE 96%;700
VR;13212;;3,5
VR;13212;CONFIDOR 200 O-TEQ;15,05
VR;13212;CONFIDOR 200 O-TEQ x 0,2 lt;0,2
VR;13212;CONFIDOR 200 O-TEQ x 2 lt;14
VR;13212;CONFIDR 200 O-TEQ X 500 ML UN 3082;4,5
VR;13213;;224
VR;13213;R6 ALBIS;50
VR;13213;R6 ALBIS 1 kg  **;12
VR;13213;R6 ALBIS 10 kg  **;90
VR;13213;R6 ALBIS DA KG. 10;660
VR;13213;R6 ALBIS DA KG. 1x12;8
VR;13213;R6 ERRESEI ALBIS;1.699,00
VR;13213;R6 ERRESEI ALBIS UN 3077 ADR 9,III;620
VR;13213;R6 ERRESEI ALBIS x 1 kg;67
VR;13213;R6 ERRESEI ALBIS x 10 kg;160
VR;13218;;60
VR;13218;FINALSAN PLUS;3.173,00
VR;13218;NEU FINALSAN PLUS PROFESSIONAL 10 L;170
VR;13222;DUOKAR 4,5 EW PRO;54
VR;13222;DUO-KAR 4,5 EW PRO CONF 1 LT;830
VR;13227;FUNGURAN-OH 250 SC;70
VR;13236;BULLET;560
VR;13236;BULLET 1 lt;121
VR;13236;BULLET 5 lt;115
VR;13238;TOPAZIO;5
VR;13242;NICOGAN V.O.;647
VR;13242;NICOGAN V.O. 5 lt;80
VR;13242;NICOGAN V.O. LT.1 -CLP-;55
VR;13242;NICOGAN V.O.LT.5-CLP-;60
VR;13244;ZOLFO VENT. SCORR. KG. 10 MORM;20
VR;13244;ZOLFO VENT. SCORR. KG. 25 MORM;3.850,00
VR;13244;ZOLFO VENT. STELLA SCORR.EXTRA 95%;19.025,00
VR;13244;ZOLFO VENTILATO SCORR. X KG.10;890
VR;13244;ZOLFO VENTILATO SCORR. X KG.25;9.350,00
VR;13244;ZOLFO VENTILATO STELLA;12.571,00
VR;13244;ZOLFO VENTILATO STELLA SCORREVOLE K;100
VR;13249;;5.850,00
VR;13249;ZOLFO RAMATO 5% KG 25;350
VR;13249;ZOLFO VENT.STELLA RAMATO S x 25 kg;27.800,00
VR;13249;ZOLFO VENTILATO RAMATO 5% X KG.25;6.700,00
VR;13249;ZOLFO VENTILATO STELLA RAMATO S;900
VR;13250;ZOLFO  RAMATO STELLA B STELLA MORMINO;1.500,00
VR;13250;ZOLFO VENTILATO STELLA RAMATO B;3.325,00
VR;13253;PLAYER SC 5 LT;20
VR;13254;PLAYER 25 WG;12
VR;13255;PLAYER GR;48
VR;13263;BORDORAM 20 WG;89,8
VR;13267;IMPERO;65,5
VR;13285;;1
VR;13285;SEVERAL;18,15
VR;13285;SEVERAL x 1 lt;167
VR;13285;SEVERAL x 5 lt;280
VR;13290;;25
VR;13290;ZOLFO MANICA DOPPIO RAFFINATO VENTI;13.045,00
VR;13290;ZOLFO RAM. 3% NEW KG.10 MANICA;400
VR;13290;ZOLFO RAM. 3% NEW KG.25 MANICA;1.100,00
VR;13290;ZOLFO RAMATO 3% DRV MANICA x 25 kg;75
VR;13292;ZOLFO A&A F.ZANUCCOLI TRIV.93% x 25;32.250,00
VR;13292;ZOLFO TRIV. 93% S DA KG.10 ZAN;8,2
VR;13296;POKER 7,5;10
VR;13296;POKER 7.5;440
VR;13296;POKER 7.5 X KG.1;13
VR;13296;POKER 7.5 X KG.10;110
VR;13298;QUANTUM F DA KG. 5 (Xn);1.240,00
VR;13299;MAGIO';620
VR;13307;BERLINA;62
VR;13308;DICARZOL 10 SP;32
VR;13313;;15
VR;13313;CASPER;37
VR;13313;CASPER 1 KG;4
VR;13313;CASPER DA KG. 1x10;4
VR;13313;CASPER x 1 kg;60
VR;13314;;30
VR;13316;MERLIN GOLD DA LT. 1x12 (Xn);8
VR;13316;MERLIN GOLD DA LT. 5x4 (Xn);10
VR;13323;SULFY 80 WDG;400,7
VR;13323;ZAPI SULFY OIDIO ZOLFO WDG 1 KG;85
VR;13327;;1,45
VR;13327;GRANSTAR ULTRA SX;108,75
VR;13327;GRANSTAR ULTRA SX 200 g  **;1,8
VR;13327;GRANSTAR ULTRA SX 50 g  **;0,3
VR;13327;GRANSTAR ULTRA SX DA GR.200x10;1
VR;13327;GRANSTAR ULTRA SX x 200 gr;4,6
VR;13327;GRANSTAR ULTRA SX x 50 gr;25,7
VR;13329;;543
VR;13329;OMNEX 10 EC;18
VR;13352;DIREX 7,5;181
VR;13352;DIREX 7,5 GR;351
VR;13352;KOL DIREX 7,5 BAR KG.1;133
VR;13352;KOL DIREX 7,5 BUS KG.1;362
VR;13356;AGRIZOLE;58
VR;13361;;43
VR;13361;DECIS ENERGY  OTEQ 100 ml **;2
VR;13361;DECIS ENERGY O-TEQ;63,6
VR;13361;DECIS ENERGY O-TEQ LT.1-CLP-;79
VR;13361;DECIS ENERGY O-TEQ x 1 lt;2
VR;13365;ZOLFO DOPPIO VENTILATO SCORREVOLE 9;5
VR;13367;;3
VR;13367;DIVO;271,75
VR;13367;DIVO DA LT. 1x12 (Xn);115
VR;13370;;6
VR;13370;WARRANT 200 SL;368
VR;13370;WARRANT 200 SL LT.1-CLP-;10
VR;13370;WARRANT 200 SL x 1 lt;6
VR;13375;NUPRID 200 SC;504
VR;13375;NUPRID 200 SC x 0,25 lt;4,25
VR;13375;NUPRID 200 SC x 1 lt;131
VR;13378;;19
VR;13378;ORTIVA TOP;10
VR;13378;ORTIVA TOP x 1 lt;1
VR;13382;;13,5
VR;13382;PERGADO R PACK HA 1  ESAU.;1
VR;13382;PERGADO SC;1.344,00
VR;13382;PERGADO SC  500 ML;2,5
VR;13382;PERGADO SC 1 LT;12
VR;13382;PERGADO SC 500 ML;21,5
VR;13382;PERGADO SC DA LT. 0,500x20;1,5
VR;13382;PERGADO SC DA LT. 1x12;275
VR;13382;PERGADO SC LT.1 -CLP-;220
VR;13382;PERGADO SC ML.500-CLP-;20
VR;13382;PERGADO SC x 0,5 lt;101,5
VR;13382;PERGADO SC X 1 (+ ZOMINEX);42
VR;13386;;484
VR;13386;PROSARO;602
VR;13386;PROSARO 1 LT;12
VR;13386;PROSARO 5 LT;15
VR;13386;PROSARO DA LT. 1x12 (Xn);7
VR;13386;PROSARO DA LT. 5x4 (Xn);35
VR;13387;FLORAMIX;28,38
VR;13387;FLORAMIX x 0,530 kg;180,2
VR;13389;;11.463,00
VR;13389;AFFIRM;44.334,50
VR;13389;AFFIRM 5 kg;10
VR;13389;AFFIRM DA KG. 10;5.120,00
VR;13389;AFFIRM DA KG. 1x10;540
VR;13389;AFFIRM DA KG. 5x4;1.440,00
VR;13389;AFFIRM KG.1 -CLP-;105
VR;13389;AFFIRM KG.10 -CLP-;190
VR;13389;AFFIRM KG.5-CLP-;190
VR;13389;AFFIRM UN 3077 NAS 9,III;1.352,00
VR;13389;AFFIRM x 1 kg;1.670,00
VR;13389;AFFIRM x 10 kg;24.860,00
VR;13389;AFFIRM x 5 kg;4.340,00
VR;13389;AFFIRM X KG.1;232
VR;13389;AFFIRM X KG.10;3.780,00
VR;13389;AFFIRM X KG.5;690
VR;13390;TEBUSIP 46;26
VR;13390;TEBUSIP 46 X 5 LT;40
VR;13391;;6
VR;13391;CYTHRIN 50 EC;4,6
VR;13394;IMIDASECT;81
VR;13402;LUMA-KL;1.370,00
VR;13403;GLOXY;1,5
VR;13409;;4.655,00
VR;13409;SILFUR 80 WG X KG.10;470
VR;13409;SILFUR WG;5.939,00
VR;13409;SILFUR WG (80%) x 1 kg;873
VR;13409;SILFUR WG (80%) x 10 kg;8.280,00
VR;13409;SILFUR WG (80%) x 20 kg;40
VR;13409;SILFUR WG DA KG. 10 (Xn);1.780,00
VR;13409;SILFUR WG DA KG. 1x12 (Xn);207
VR;13409;SILFUR WG X KG.1;72
VR;13410;FRUTTENE 76 WG;371
VR;13410;FRUTTENE 76 WG REG.13410 KG.1;3
VR;13411;KING FLOW  x 1;38
VR;13414;;11
VR;13414;ARES 5 SC;16
VR;13430;TENOR SC;41,6
VR;13440;;2
VR;13440;SATEL;1.059,00
VR;13440;SATEL x 1 lt;4
VR;13443;FUNGIBEN;39,92
VR;13447;HELMSTAR 75 WG;0,09
VR;13451;SPARVIERO;104,5
VR;13451;SPARVIERO 1 LT **;41
VR;13455;;257
VR;13455;ANTIGRAM GOLD;606
VR;13455;ANTIGRAM GOLD 5 lt;30
VR;13455;ANTIGRAM GOLD x 1 lt;11
VR;13455;ANTIGRAM GOLD x 5 lt;110
VR;13466;;172
VR;13466;SPOTLIGHT PLUS;1.630,00
VR;13466;SPOTLIGHT PLUS 1 lt;2
VR;13466;SPOTLIGHT PLUS 5 lt;5
VR;13466;SPOTLIGHT PLUS DA LT. 1x10;115
VR;13466;SPOTLIGHT PLUS DA LT. 5x4;130
VR;13466;SPOTLIGHT PLUS LT.1 -CLP-;57
VR;13466;SPOTLIGHT PLUS UN 3082 9,III NAS;262
VR;13466;SPOTLIGHT PLUS x 0,5 lt;46,5
VR;13466;SPOTLIGHT PLUS x 1 lt;1.015,00
VR;13466;SPOTLIGHT PLUS X LT.1;11
VR;13466;SPOTLIGHT PLUS X LT.5;290
VR;13468;CLINER;15,2
VR;13468;CLINER ML 100;6,8
VR;13471;NICOZEA OD;566
VR;13472;ALIEN;80
VR;13472;PERGADO MZ 5 kg  **;5
VR;13477;TOREADOR;4.907,25
VR;13482;IMIDACHEM;84
VR;13485;;10
VR;13485;FOLPEC 80 WG ADVANCE;1.590,00
VR;13486;JUDO DA LT. 1x12 (Xn);12
VR;13489;;16,5
VR;13489;CYMBAL;727,3
VR;13489;CYMBAL  KG.0,500-CLP-;565,5
VR;13489;CYMBAL 45WG;34,5
VR;13489;CYMBAL WG x 0,5 kg;51
VR;13492;V.I.P. WDG;20
VR;13500;CIPREN 10 WG;11,8
VR;13505;CLICK DUO;471
VR;13505;CLIVIS DUO;49
VR;13521;HELIOCUIVRE S;2.554,00
VR;13521;HELIOCUIVRE S DA LT. 10;1.410,00
VR;13521;HELIOCUIVRE S x 10 lt;1.390,00
VR;13521;HELIOCUIVRE S X LT.10;270
VR;13522;SPIDERKILL;1,6
VR;13536;SAFRAN x 1 lt;1
VR;13540;QUASAR R FLOW;5
VR;13540;QUASAR R FLOW ML 250;1
VR;13542;FANTIC M NC;2.095,00
VR;13546;FLARE GOLD MZ PEPITE x 5 kg;2.340,00
VR;13547;MEXIL ORO MZ WG;2.398,00
VR;13552;ZOLFIS 80 SECTOR;160
VR;13552;ZOLVIS 80 SECTOR;53.400,70
VR;13555;SHUT TWIN;90
VR;13559;NEXOL 200 EW  X 0,200;5
VR;13560;FORZA;895
VR;13560;FORZA DA KG. 1x10 (Xn);80
VR;13560;FORZA UN 3077 NAS 9,III;30
VR;13565;PASTA ISAGRO BLU;53
VR;13576;KOL RAMEPLANT WG GR.200;3,8
VR;13576;RAMEPLANT WG;396,6
VR;13577;CARPOSAN 40 CE;391
VR;13577;CARPOSAN 40 CE UN 3017 6.1(3), III;210
VR;13578;RAME CAFFARO BLU WG NEW;288
VR;13578;RAME CAFFARO BLU WG NEW  KG.20-CLP-;220
VR;13579;COPPER 12;20,25
VR;13579;COPPER 12 ML 250;6
VR;13579;COPPER 12 ML 500;12
VR;13585;SOLOFOL;14.415,00
VR;13585;SOLOFOL DA KG. 10 (Xn);730
VR;13585;SOLOFOL FOLPET 80% NAS 9 III;3.510,00
VR;13585;SOLOFOL X KG.10;1.610,00
VR;13586;VERDERAME 20 WG;148,9
VR;13586;ZAPI VERDERAME 20 WG 800 GR.;496
VR;13592;;29
VR;13592;VOLARE;1.732,40
VR;13592;VOLARE LT.1-CLP-;789
VR;13592;VOLARE UN 3082 NAS 9,III (E);120
VR;13592;VOLARE x 1 lt;133
VR;13593;;190
VR;13604;ZOLFO S.A.I.M. RAMATO 3% KG 25;4.325,00
VR;13607;NOBIL;6,5
VR;13612;;2
VR;13631;CYPLAN 5 EC;67
VR;13635;POLT.BORD.20 PB x 25 kg (MANICA);300
VR;13635;POLTIGLIA 20 PB MANICA;720,5
VR;13635;POLTIGLIA 20 PB MANICA KG.1x20;61
VR;13635;POLTIGLIA 20PB MANICA KG.1 -CLP-;2
VR;13635;POLTIGLIA BORDOLESE 20 PB x 1;2
VR;13637;;16
VR;13637;PERGADO F 5 KG **;200
VR;13637;PERGADO F REG.13637 KG.1;10
VR;13639;;28
VR;13639;ACRAMITE 480 SC;161,25
VR;13639;ACRAMITE 480 SC x 0,100 lt;2,7
VR;13639;ACRAMITE 480 SC x 0,250 lt;129
VR;13639;ACRAMITE 480 SC X 250 ML;14,75
VR;13640;IMPRINT;1,25
VR;13647;NEORAM BLU WG;45
VR;13648;SIARAM 20 WG x 1 kg;499
VR;13648;SIARAM 20 WG x 10 kg;330
VR;13648;SIARAM 20 WG x 20 kg;5.840,00
VR;13651;SPECTRO;14,2
VR;13671;SPONIX FLOW;4.024,00
VR;13672;APHIDS 200;25,5
VR;13687;BURT 5 LT;100
VR;13689;;14
VR;13689;FLINT MAX;64,5
VR;13689;FLINT MAX DA KG. 0,500x12 (Xn);98
VR;13689;FLINT MAX GR.500 (TEBUCONAZOLO+TRIF;3,5
VR;13689;FLINT MAX x 0,5 kg;145,5
VR;13691;TRIDAN COMBI T;58
VR;13693;BACILLUS CHEMIA;284
VR;13697;ZOLFO TRIV. RAM.1,5 KG. 10 ZAN;13,4
VR;13697;ZOLFO TRIV. RAM.1,5 KG. 25 ZAN;30,25
VR;13698;;458,5
VR;13698;VIVANDO;1.119,35
VR;13698;VIVANDO 50 SC X LT.1;32
VR;13698;VIVANDO DA LT. 0,250x24;18
VR;13698;VIVANDO DA LT. 1x10;690
VR;13698;VIVANDO LT 1;18
VR;13698;VIVANDO UN 3082 ADR 9,III;106
VR;13698;VIVANDO x 0,25 lt;4
VR;13698;VIVANDO x 1 lt;201
VR;13701;RUBIN SX;98,8
VR;13702;;350
VR;13702;GEOTOX;67
VR;13702;GEOTOX 7,5 C;7.295,00
VR;13702;GEOTOX 7.5;4,4
VR;13707;;227
VR;13707;IMPACT SUPREME;20
VR;13707;IMPACT SUPREME LT.1 -CLP-;6
VR;13707;IMPACT SUPREME LT.5-CLP-;35
VR;13707;IMPACT SUPREME x 1 lt;24
VR;13709;;453
VR;13709;U 46 PRATI;12
VR;13709;U 46 PRATI x 1 lt;164
VR;13711;;5.734,00
VR;13711;QUIZA 5 EC;20
VR;13714;FOLPEC 50 SC;220
VR;13716;CAPTAN ARVEST 80 WG 10x2 Xn;80
VR;13716;CAPTAN ARVESTA 80 WG;17.110,00
VR;13719;THIAMON 80 PLUS;8.225,00
VR;13721;AFIDIN QUICK;2,4
VR;13721;AFIDINA QUICK;458,5
VR;13722;CAL-EX 1.9 EC;990
VR;13736;;841,5
VR;13736;TRACE;498,25
VR;13736;TRACE DA LT. 0,750x12 (Xn);8,25
VR;13736;TRACE ML.750-CLP-;27,75
VR;13736;TRACE x 0,750 lt;107,25
VR;13741;;40
VR;13741;SELECTA DISPERSS;965
VR;13741;SELECTA DISPERSS DA KG. 1x12;233
VR;13741;SELECTA DISPERSS x 1 lt;477
VR;13741;SELECTA DISPERSS X 4;4
VR;13741;SELECTA DISPERSS X KG 1;40
VR;13742;PERGADO MZ;120
VR;13742;PERGADO MZ DA KG. 5x4 (Xn);10
VR;13742;PERGADO MZ REG.13742 KG.10-CLP-;20
VR;13742;PERGADO MZ REG.13742 KG.1-CLP-;1
VR;13742;PERGADO MZ REG.13742 KG.5-CLP-;170
VR;13742;PERGADO MZ x 1 kg;11
VR;13742;PERGADO MZ x 5 kg;15
VR;13742;PERGADO MZ X KG.5;5
VR;13743;KUKAR 22;13
VR;13765;;1
VR;13765;SHERPA 100 EW;187
VR;13765;SHERPA 100 EW x 1 lt;473
VR;13771;;1.013,00
VR;13771;NIMROD 250 EW;2.173,00
VR;13771;NIMROD 250 EW DA LT. 1x12;1.137,00
VR;13771;NIMROD 250 EW x 1 lt;813
VR;13771;NIMROD 250 EW X LT.1;522
VR;13771;NIMROD 250 EW(BUPIRINATE)UN 1993 II;12
VR;13771;NIMROD 250EW LT.1;2
VR;13771;NIMROD 250EW LT.1-CLP-;4
VR;13775;VITASAN 80 WP;25
VR;13778;TORERO 10 KG;300
VR;13782;DOURO 10 WG;332
VR;13782;DOURO 10 WG x 1 kg;69
VR;13784;RIVIERA MZ;27
VR;13785;;55
VR;13785;QUANTUM MZ;15
VR;13785;QUANTUM MZ (IDRO) x 5 kg;125
VR;13785;QUANTUM MZ DA KG. 5x4 (Xn);780
VR;13785;QUANTUM MZ IDRO 1 KG;4
VR;13785;QUANTUM MZ x 1 kg;3
VR;13785;QUANTUM MZ x 5 kg;180
VR;13786;;255
VR;13786;QUANTUM R;111,4
VR;13786;QUANTUM R 5 KG **;30
VR;13786;QUANTUM R DA KG. 1x10;42
VR;13786;QUANTUM R DA KG. 5x4;4.750,00
VR;13787;RIVIERA R;421
VR;13791;GEATER-STAR;35
VR;13792;;569
VR;13792;STABILAN;118
VR;13792;STABILAN DA LT. 1x12 (Xn);5
VR;13793;;1
VR;13793;RUNNER M;113
VR;13794;;1.820,00
VR;13794;SPADA WDG;1.466,00
VR;13794;SPADA WDG DA KG. 1x10;236
VR;13794;SPADA WDG X KG 5;100
VR;13794;SPADA WDG X KG.1;100
VR;13796;CELL;425
VR;13796;CELL DA LT. 1x12 (Xn);4
VR;13797;ELIOS WG;117
VR;13807;RAVENAS;75
VR;13807;RAVENAS x 0,250;18,75
VR;13809;;4.670,00
VR;13809;FORCE ULTRA;8.090,00
VR;13809;FORCE ULTRA 10KG.-CLP-;1.450,00
VR;13809;FORCE ULTRA DA KG. 10 (Xn);50
VR;13809;FORCE ULTRA KG 10;570
VR;13809;FORCE ULTRA x 10 kg;11.710,00
VR;13812;NOTO 40 OD;696
VR;13815;TUTOR 18-15;700
VR;13817;ALIAL WG;187
VR;13817;ALIAL WG  UN 3077-ADR  9-III;240
VR;13817;ALIAL WG 10 KG;30
VR;13817;ALIAL WG KG.10;20
VR;13817;ALIAL WG x 1 kg;15
VR;13817;ALIAL WG x 10 kg;20
VR;13820;BAYTEROID 25 EC;303
VR;13820;BAYTEROID 25 EC LT. 1x12 (Xn);266
VR;13823;;66
VR;13823;ALVERDE;304,36
VR;13823;ALVERDE 240 SC UN 3082 NAS 9,III;5
VR;13823;ALVERDE SC LT.1-CLP-;32
VR;13823;ALVERDE x 1 lt;70
VR;13823;ZAPI DORIFORA E LEPID. ALVERDE 10 M;5,3
VR;13823;ZAPI DORIFORA E LEPID. ALVERDE 50 M;0,9
VR;13824;DARCOS;3
VR;13837;;166
VR;13837;SILWET L-77;2,5
VR;13838;XEDAVIR;318
VR;13840;CYD-X;4,5
VR;13843;;8.707,00
VR;13843;ZELIG 480 EC;6.230,00
VR;13843;ZELIG 480 EC DA LT. 1x12 (Xn);257
VR;13843;ZELIG 480 EC DA LT. 5x4 (Xn);800
VR;13843;ZELIG 480 EC x 1 lt;211
VR;13843;ZELIG 480 EC x 5 lt;550
VR;13843;ZELIG 480 EC X LT.1;997
VR;13843;ZELIG 480 EC X LT.5;1.410,00
VR;13846;BOLINA x 1 kg;1
VR;13852;DIQUA;554
VR;13852;DIQUA DA LT. 5x4 (T);15
VR;13857;CRODIX GEO;20
VR;13857;CRODIX GEO KG.10;270
VR;13858;MEDIATOR EXTRA SL;0,2
VR;13877;KITT PRONTO;63,5
VR;13883;REBEX;520
VR;13885;MICROCOPP NEUTRO FL;1.550,00
VR;13885;MICROCOPP NEUTRO FL x 10 lt;10
VR;13888;FANTIC F NC WG;2.620,00
VR;13899;ASCO 45 WG%;1
VR;13901;VERDERAME 20 PB;1,75
VR;13905;;1.494,00
VR;13905;BANJO;6.178,00
VR;13905;BANJO (Nuova Etichetta Pero) x 1 lt;3.421,00
VR;13905;BANJO DA LT. 1x12;898
VR;13905;BANJO X LT.1;564
VR;13908;BORDO ISAGRO WG;2.712,00
VR;13908;BORDO ISAGRO WG X KG.20;440
VR;13913;;2.500,00
VR;13913;ORIUS P;140
VR;13925;BOGARD x 0,5 lt;264,5
VR;13926;SPONSOR;8,5
VR;13926;SPONSOR DIFENCONAZOLO NAS 9,III UN;40
VR;13927;ZAMIR 18;7
VR;13931;GEREPHON SL;22
VR;13931;GEREPHON SL x 1 lt;3
VR;13931;GEREPHON SL X LT.1;6
VR;13934;SULFOSAT WDG x 25 kg;250
VR;13955;MITIGREEN;619
VR;13981;;869
VR;13981;CORAGEN;1.911,50
VR;13981;CORAGEN DA LT. 0,300x20;65,4
VR;13981;CORAGEN DA LT. 0,500x20;122
VR;13981;CORAGEN ML.300-CLP-;40,2
VR;13981;CORAGEN ML.400 -TWIN PACK MAIS-CLP;7,2
VR;13981;CORAGEN ML.500-CLP-;86,5
VR;13981;CORAGEN x 0,300 lt;933,6
VR;13981;CORAGEN x 0,400 (+AVAUNT)TW.P MAIS;55,6
VR;13981;CORAGEN x 0,500 lt;4,5
VR;13981;CORAGEN X 300 ML. UN 3082 9,III NAS;12,6
VR;13983;HUSSAR MAXX PRO;26,6
VR;13998;PYRUS 400 SC;100,5
VR;13998;PYRUS 400 SC DA LT. 1x12;108
VR;13999;FEZAN;0,75
VR;14005;;799
VR;14005;CLORTOSIP 500 SC;292
VR;14005;CLORTOSIP 500 SC 1 LT;20
VR;14005;CLORTOSIP 500 SC LT.5 (Xn);5
VR;14005;CLORTOSIP 500 SC REG.14005 LT.1-CLP;50
VR;14005;CLORTOSIP 500 SC REG.14005 LT.5;20
VR;14005;CLORTOSIP 500 SC REG.14005 LT.5-CLP;45
VR;14005;CLORTOSIP 500 SC x 1 lt;55
VR;14005;CLORTOSIP 500 SC x 5 lt;290
VR;14006;;5
VR;14006;INDIPENDENT 25 PB;3
VR;14006;INDIPENDENT 25 PB CONF.GR 500 (DIFL;7,5
VR;14018;BASIC;106
VR;14018;BASIC 10 lt;90
VR;14020;LIDAL;16
VR;14020;LIDAL X LT.1;524
VR;14021;BREK DUO;290
VR;14023;SUPPORT 10 EC;12
VR;14023;SUPPORT 100 EC x 1 lt;182
VR;14023;SUPPORT 100 EC x 1 lt (Nuova Etic.);135
VR;14023;SUPPOST 10 EC;12
VR;14034;CURENOX TOP MICRO;11,2
VR;14042;SUPRAFOS EC;145
VR;14042;SUPRAFOS EC DA LT. 5x4;85
VR;14042;SUPRAFOS EC LT.1-CLP-;8
VR;14042;SUPRAFOS EC LT.5-CLP-;120
VR;14043;SUPRAFOS WG;2
VR;14043;SUPRAFOS WG KG.1;9
VR;14044;JOKER 480;1
VR;14044;JOKER 480 x 1 lt;19
VR;14044;JOKER 480 x 1 lt (N.C.);128
VR;14058;;1,5
VR;14058;FEINZIN 70 DF;504,25
VR;14058;FEINZIN 70 DF DA KG. 0,250x20;34
VR;14058;FEINZIN 70 DF x 0,250 kg;39,75
VR;14058;FEINZIN 70DF GR.250 -CLP-;36,75
VR;14061;;3,5
VR;14061;TRIANUM-P;1.902,50
VR;14062;;375
VR;14062;ZOXIUM 240 SC;1.339,50
VR;14062;ZOXIUM 240 SC  LT 5 **;40
VR;14062;ZOXIUM 240 SC  LT.5-CLP-;240
VR;14062;ZOXIUM 240 SC 1 lt  **;44
VR;14062;ZOXIUM 240 SC DA LT. 1x10;598
VR;14062;ZOXIUM 240 SC DA LT. 5x4;795
VR;14062;ZOXIUM 240 SC LT.1-CLP-;195
VR;14062;ZOXIUM 240 SC x 1 lt;659
VR;14062;ZOXIUM 240 SC x 5 lt;20
VR;14062;ZOXIUM 240 SC X LT.1;145
VR;14074;KOL TRINEX 250 EW 100 ML. PER OIDIO;5,4
VR;14074;KOL TRINEX 250 EW 250 ML. PER OIDIO;20,5
VR;14074;TRINEX 250 EW;47,03
VR;14074;TRINEX 250 EW x 1 lt;57
VR;14076;CYPRUS 25 DF;4.920,35
VR;14077;;1.190,00
VR;14077;CHAMP 20 DF;8.645,00
VR;14077;CHAMP 20 DF DA KG. 10;6.480,00
VR;14077;CHAMP 20 DF x 10 kg;10.220,00
VR;14077;CHAMP 20 DF X KG.10;13.240,00
VR;14085;PUNTIL MZ;1.816,00
VR;14091;APHOX;290
VR;14093;ANTARKTIS;26
VR;14093;ANTARKTIS DA LT. 1x12;75
VR;14098;CRITTOX GD 75;30
VR;14098;CRITTOX GD 75 x 10 kg;20.151,00
VR;14099;;330
VR;14099;ASPOR WDG;8.440,00
VR;14099;ASPOR WDG (MANCOZEB) UN 3077 NAS 9,;320
VR;14099;ASPOR WDG DA KG. 10 (Xn);300
VR;14100;KANEMITE;340,8
VR;14100;KANEMITE DA LT. 1;14
VR;14100;KANEMITE ML 50;9
VR;14101;;3
VR;14101;CARAMBA;5
VR;14101;CARAMBA x 1 lt;2.003,00
VR;14102;;3.000,00
VR;14102;BORDOFLOW MANICA NEW UN 3082 9,III;17.650,00
VR;14102;BORDOFLOW NEW;8.800,00
VR;14102;BORDOFLOW NEW DA LT. 10;6.340,00
VR;14102;BORDOFLOW NEW X LT.10;3.180,00
VR;14107;MICROBAGNABILE SC;20
VR;14109;NICOSH;7
VR;14119;VISIR PENCOTECH;779
VR;14122;KATAR;20
VR;14127;MEVAXIL COBRE;573,25
VR;14128;ZIGNAL;2.400,00
VR;14135;GRENADIER 75 DF;22,45
VR;14136;;52
VR;14136;OBERON;162,5
VR;14136;OBERON BAYER 500 ML UN 3082 9, III;16
VR;14136;OBERON DA LT. 0,500x20;30
VR;14136;OBERON x 0,5 lt;16,5
VR;14137;;46,2
VR;14137;ALTACOR;291,1
VR;14137;ALTACOR  GR.300;0,3
VR;14137;ALTACOR DA KG. 0,300x10;2,1
VR;14137;ALTACOR DUPONT X 300 GR.;22,2
VR;14137;ALTACOR GR.100-CLP-;1
VR;14137;ALTACOR GR.300-CLP-;9,3
VR;14137;ALTACOR x 100 gr;15,2
VR;14137;ALTACOR x 300 gr;67
VR;14154;BAYER PIRETRO ACTIGREEN  20 ML;78
VR;14154;BAYER PIRETRO ACTIGREEN 100 ML;15
VR;14154;PIRETRO ACTIGREEN;19,06
VR;14154;PIRETRO ACTIGREEN ML 20;0,18
VR;14155;KOMPASS x 10 kg;250
VR;14156;CURZATE R WG;1.813,00
VR;14156;CURZATE R WG KG.10 -CLP-;1.160,00
VR;14156;CURZATE R WG KG.1-CLP-;13
VR;14158;CHLORCYRINE 550 EC;295
VR;14163;SARMOX 440 WG;35
VR;14164;TRIKA Z x 10 kg;20
VR;14165;;255
VR;14165;NANDO MAXI;1.950,00
VR;14165;NANDO MAXI DA LT. 1x12 (Xn);103
VR;14165;NANDO MAXI DA LT. 5x4 (Xn);330
VR;14165;NANDO MAXI X LT.1;98
VR;14165;NANDO MAXY x 1 lt;2.395,00
VR;14166;;713
VR;14166;ZETOR;4.289,00
VR;14166;ZETOR DA LT. 1x12 (Xn);181
VR;14166;ZETOR DA LT. 5x4 (Xn);365
VR;14166;ZETOR x 1 lt;12
VR;14166;ZETOR X LT.1;439
VR;14166;ZETOR X LT.5;125
VR;14168;SILWET VELONEX;1.019,00
VR;14168;SILWET VELONEX REG.14168 LT.1 -CLP-;392
VR;14168;SILWET VELONEX x 1 lt;361
VR;14168;VELONEX SILWET X LT.1;9
VR;14169;;40
VR;14169;PERGADO R;671
VR;14169;PERGADO R DA KG. 10;160
VR;14169;PERGADO R KG.5 UN 3077 NAS 9,III (E;160
VR;14169;PERGADO R x 10 kg;240
VR;14178;;5.640,00
VR;14178;TRI-BASE;5.066,30
VR;14178;TRI-BASE 100 ml;1,8
VR;14178;TRI-BASE LT.10 -CLP-;90
VR;14182;;1.109,00
VR;14182;ARES 25 WG;2.141,00
VR;14184;GALATAS PLUS;2
VR;14187;SILWET FASTEX;21,5
VR;14187;SILWET FASTEX DA LT.0,500 (Xn);155
VR;14187;SILWET FASTEX REG.14187 ML.500-CLP-;33
VR;14187;SILWET FASTEX x 0,5 lt;9
VR;14193;SARMOX 45 DG;94,15
VR;14193;SARMOX 45 DG 5 kg;20
VR;14193;SARMOX 45 DG DA KG. 0,500x10;122
VR;14195;KENDO WITH ZEON TECNOLOGY x 1 lt;238
VR;14204;75A;6
VR;14208;;60
VR;14208;RELDAN LO;614
VR;14214;RAPSAN 500 SC;76
VR;14232;;32,5
VR;14245;GOLEM;41,25
VR;14248;CLOR QUICK;18,3
VR;14248;ZAPI CLOR QUICK ML 100 UNIV.ABBATT.;0,5
VR;14257;UNDERLINE 0,2 G;30
VR;14262;;32,5
VR;14262;BAYER GREENEX NF  40ML;7,2
VR;14262;GREENEX NF;66,82
VR;14262;GREENEX NF EW 87 40 ML;0,12
VR;14263;BIOTEN;1,06
VR;14273;NIFURON;111
VR;14290;;6.148,25
VR;14290;KOHINOR 200 SL;7.451,76
VR;14290;KOHINOR 200 SL 50 ML **;0,6
VR;14290;KOHINOR 200 SL DA LT. 0,250x24;18,5
VR;14290;KOHINOR 200 SL DA LT. 1x12;667
VR;14290;KOHINOR 200 SL LT.1 -CLP-;84
VR;14290;KOHINOR 200 SL x 0,25 lt;81,25
VR;14290;KOHINOR 200 SL x 1 lt;753
VR;14290;KOHINOR 200 SL X LT.1;1.170,00
VR;14290;KOHINOR 200SL;63
VR;14290;KOINOR;0,7
VR;14290;KOL KOHINOR 200 SL DA 5 ML;32,6
VR;14290;KOL KOHINOR 200SL ML.1 8F;0,05
VR;14290;KOL KOHINOR 200SL ML.100;23,8
VR;14290;KOL KOHINOR 200SL ML.50;37,5
VR;14294;;37,6
VR;14294;EXECUTIVE;28,7
VR;14294;EXECUTIVE 100GR.-CLP-;3,1
VR;14294;EXECUTIVE DA KG. 0,100x10;0,2
VR;14294;EXECUTIVE x 100 gr;9,2
VR;14323;;649
VR;14332;QUBIC MZ PRO;90
VR;14333;;33
VR;14333;DIMILIN SC 15 LT.1;2
VR;14336;NEMATHORIN 150 EC;30
VR;14336;NEMATHORIN 150 EC x 5 lt;30
VR;14342;;5
VR;14342;VOLCAN COMBI SC;297
VR;14342;VOLCAN COMBI SC x 1 lt;71
VR;14342;VOLCAN COMBI SC X LT.5;45
VR;14348;;1.511,00
VR;14348;AGRON;370
VR;14348;AGRON DA KG. 5;3.215,00
VR;14350;ZOLFO RAMATO 5;7.021,00
VR;14363;U 46 GIARDEN;10
VR;14370;AMISTAR DA LT. 1x12 (IP);1
VR;14376;MASTER QUICK;1,6
VR;14377;BROS;3
VR;14380;CLORMET;112
VR;14381;PYRINET LT.1;4
VR;14384;ETOPROSIP G x 15 kg;30
VR;14389;DESSICASH 200 SL;5.772,00
VR;14389;DESSICASH 200 SL x 1 lt;20
VR;14389;DESSICASH 200 SL x 5 lt;5
VR;14405;;1.209,00
VR;14405;MERLIN FLEXX;5.287,00
VR;14405;MERLIN FLEXX 5 LT;60
VR;14405;MERLIN FLEXX DA LT. 10x2;350
VR;14405;MERLIN FLEXX DA LT. 2x4;70
VR;14405;MERLIN FLEXX LT.10-CLP-;30
VR;14405;MERLIN FLEXX LT.2-CLP-;2
VR;14405;MERLIN FLEXX LT.5-CLP;115
VR;14405;MERLIN FLEXX x 10 lt;100
VR;14405;MERLIN FLEXX x 2 lt;216
VR;14406;LEIMAY;300
VR;14406;LEIMAY x 0,5 lt;24
VR;14407;RUNWAY;17,95
VR;14407;RUNWAY x 0,5 lt;14
VR;14409;;1.335,00
VR;14409;BAYER MOVENTO 250 ML;1
VR;14409;MOVENTO 1 lt;21
VR;14409;MOVENTO 250 ML;1
VR;14409;MOVENTO 48 SC;1.245,35
VR;14409;MOVENTO 48 SC DA LT. 1x12;51
VR;14409;MOVENTO 48 SC DA LT. 5x4;405
VR;14409;MOVENTO 48 SC LT.1-CLP-;28
VR;14409;MOVENTO 48 SC LT.5-CLP-;20
VR;14409;MOVENTO 48 SC x 1 lt;249
VR;14409;MOVENTO 48 SC x 5 lt;280
VR;14409;MOVENTO 48 SC X LT.1;51
VR;14409;MOVENTO 48 SC X LT.5;365
VR;14409;MOVENTO 5 lt;15
VR;14414;DUSTY;136,4
VR;14414;KOL DUSTY OLIO BIANCO EMULS. 150 ML;10,95
VR;14418;PULSAR 40 L 1 lt **;77
VR;14418;PULSAR 40 L 5 lt **;50
VR;14418;PULSAR 40 SL;823
VR;14418;PULSAR 40 SL (IP) x 1 lt;98
VR;14418;PULSAR 40 SL (IP) x 5 lt;295
VR;14423;PRIMISOL 80 WDG;55
VR;14426;GEODIS;378
VR;14426;GEODIS KG.1 -CLP-;11
VR;14426;GEODIS x 1 kg;13
VR;14431;;43
VR;14431;LENTAGRAN 45 WP;126,8
VR;14431;LENTAGRAN 45 WP DA KG. 1;11
VR;14431;LENTAGRAN 45 WP GR.200;3,8
VR;14431;LENTAGRAN 45 WP x 1 kg;205
VR;14431;LENTAGRAN 45WP KG.1 -CLP-;24
VR;14432;METRIC;412
VR;14434;NUANCE;2,22
VR;14441;VALZER SC;20
VR;14462;KOBAN T;2.325,00
VR;14468;ROMIN T;620
VR;14469;ROMIN 600;2.620,00
VR;14469;ROMIN 600  X 5;5
VR;14474;TEBUSIP COMBI;409,4
VR;14474;TEBUSIP COMBI SIPCAM  DA 10 KG.;460
VR;14488;;1.120,00
VR;14488;ANTRACOL 70 WG;15.061,00
VR;14488;ANTRACOL 70 WG DA KG. 10 (Xn);3.120,00
VR;14488;ANTRACOL 70 WG x 1 kg;2
VR;14488;ANTRACOL 70 WG x 10 kg;9.220,00
VR;14488;ANTRACOL 70 WG X KG.10;2.130,00
VR;14488;ANTRACOL 70WG REG.14488 KG.1 -CLP-;7
VR;14488;ANTRACOL WG 10 KG;50
VR;14488;ANTRACOL WG70 REG.14488 KG.10-CLP-;120
VR;14491;KUBIK MCZ;22
VR;14495;BIO-FUTUR x 1 lt;11
VR;14510;;20
VR;14510;ELECTIS TRIO;51
VR;14514;BOOSTER;1
VR;14516;JAVA F;12
VR;14523;;89
VR;14523;CARPO 600;504,5
VR;14525;MAROX SX x 100 gr;23
VR;14527;SUDOKU TOP;382
VR;14540;;81
VR;14540;SEPARO REG.14540 LT.1;1
VR;14543;;42
VR;14543;FLUIZOL;30
VR;14549;LEPIBACK;43
VR;14559;AGREE WG;506
VR;14559;AGREE WG DA KG. 1;1
VR;14572;ARDITO 10 EC  X 1;9
VR;14573;BACTOSPEINE 32 WG;176
VR;14575;;21
VR;14575;TRIMMER SX;2,66
VR;14575;TRIMMER SX DA GR. 20x10;68
VR;14575;TRIMMER SX x 20 gr;0,1
VR;14576;CUTRIL EVO;1.650,00
VR;14577;;640
VR;14577;FORUM R 3B;2.502,00
VR;14577;FORUM R 3B DA KG. 10;280
VR;14577;FORUM R 3B DA KG. 1x10;7
VR;14577;FORUM R 3B KG.1 -CLP-;14
VR;14577;FORUM R 3B KG.10 -CLP-;280
VR;14577;FORUM R 3B x 1 kg;21
VR;14579;RAMIN 30 DF;126
VR;14579;RAMIN 30 DF 10 kg **;400
VR;14581;;3
VR;14629;GAT TESSLA 25 WG x 1 kg;15
VR;14631;ESTEL;70
VR;14636;;1.705,00
VR;14636;BIOLID UP;5.042,89
VR;14636;BIOLID UP 1 lt;6
VR;14636;BIOLID UP DA LT. 25;1.175,00
VR;14636;BIOLID UP LT.1 -CLP-;101
VR;14636;BIOLID UP LT.5-CLP-;165
VR;14636;BIOLID UP ML 500;24
VR;14636;BIOLID UP x 1 lt;309
VR;14636;BIOLID UP X 1 LT.;5
VR;14636;BIOLID UP x 25 lt;2.175,00
VR;14636;BIOLID UP X 25 LT.;250
VR;14636;BIOLID UP X 5 LT.;350
VR;14638;;71
VR;14638;NETOR;665
VR;14638;NETOR x 5 lt;100
VR;14639;LIRIUS PLUS;4
VR;14640;OBOKE-SC;100
VR;14642;;6.691,00
VR;14642;RIDOMIL GOLD R  WG  UN 3077  NAS 9,;1.700,00
VR;14642;RIDOMIL GOLD R WG;14.775,00
VR;14642;RIDOMIL GOLD R WG DA KG. 10;12.730,00
VR;14642;RIDOMIL GOLD R WG DA KG. 1x10;34
VR;14642;RIDOMIL GOLD R WG DA KG. 5x4;910
VR;14642;RIDOMIL GOLD R WG KG.10-CLP-;4.760,00
VR;14642;RIDOMIL GOLD R WG KG.1-CLP-;80
VR;14642;RIDOMIL GOLD R WG KG.5 -CLP-;330
VR;14642;RIDOMIL GOLD R WG x 1 kg;79
VR;14642;RIDOMIL GOLD R WG x 10 kg;300
VR;14642;RIDOMIL GOLD R WG X KG.10;1.260,00
VR;14642;RIDOMIL R GOLD WG 10 KG **;420
VR;14643;CENTIUM 36 CS;187
VR;14643;CENTIUM 36 CS DA LT. 1x12;39
VR;14643;CENTIUM 36 CS x 1 lt;8
VR;14647;VIVAL;40
VR;14650;ROGATOX 40 ST;1.760,00
VR;14655;VIVER WDG;13
VR;14660;BTK 32 WG;205,5
VR;14663;;5
VR;14663;ACCEL 40 SG;1,61
VR;14664;;2,69
VR;14664;BERELEX 40 SG;33,73
VR;14664;BERELEX 40 SG (astuccio 25 gr);3,97
VR;14664;BERELEX 40 SG BUSTINE GR. 2,5;488
VR;14664;BERELEX 40SG GR 2,50;0
VR;14679;CHEMOL PLUS 5 LT;60
VR;14685;ACROBAT R 3B x 10 kg;690
VR;14686;;5
VR;14686;KOCIDE OPTI;275
VR;14687;QUAD-GLOB 200 SL;4.721,00
VR;14687;QUAD-GLOB 200 SL x 1 lt;120
VR;14687;QUAD-GLOB 200 SL x 20 lt;380
VR;14687;QUAD-GLOB 200 SL x 5 lt;270
VR;14693;VIP 80 EC;1,5
VR;14693;VIP 80 EC x 0,75 lt;9,75
VR;14697;;1.730,00
VR;14697;ENERVIN DUO;527
VR;14697;ENERVIN DUO 5 LT;10
VR;14697;ENERVIN DUO DA LT. 1x10 (Xn);194
VR;14697;ENERVIN DUO DA LT. 5x4 (Xn);140
VR;14697;ENERVIN DUO REG.14697 LT.5;20
VR;14697;ENERVIN DUO x 1 lt;71
VR;14697;ENERVIN DUO x 5 lt;400
VR;14697;ENERVIN DUO X LT.5;55
VR;14699;;52
VR;14699;GEOXE;348,5
VR;14699;GEOXE DA KG. 1x10;28
VR;14699;GEOXE KG.1-CLP-;1
VR;14699;GEOXE x 1 kg;86
VR;14699;GEOXE X KG.1;34
VR;14728;CELIO;6,25
VR;14730;CHIMIGOR 40 ST;804
VR;14735;;161,5
VR;14735;RANMAN TOP;112
VR;14735;RANMAN TOP ML 500;1
VR;14735;RANMAN TOP x 2 lt;98
VR;14737;;735
VR;14737;ROUNDUP PLATINUM;4.992,00
VR;14737;ROUNDUP PLATINUM 15 LT;15
VR;14737;ROUNDUP PLATINUM 5 LT;5
VR;14737;ROUNDUP PLATINUM DA LT. 15;465
VR;14737;ROUNDUP PLATINUM DA LT. 5x4;165
VR;14737;ROUNDUP PLATINUM x 15 lt;675
VR;14737;ROUNDUP PLATINUM x 5 lt;20
VR;14737;ROUNDUP PLATINUM X LT.15;405
VR;14739;DECIS PROTECT;123
VR;14758;KARATE WITH ZEON TECHNOLOGY 1.5 HOB;3,8
VR;14759;SULC0CAP;5
VR;14760;RASIKAL PRO;328
VR;14760;RASIKAL PRO LT 1;120
VR;14764;SLUXX;250
VR;14764;SLUXX ESCA LUMACHICIDA BIO;5
VR;14764;SLUXX KG. 5 (lumachicida bio);160
VR;14766;ACTARA 240 SC;2
VR;14766;ACTARA 240SC LT.1-CLP-;181
VR;14768;CALIBAN TOP;94
VR;14769;;247
VR;14770;MISCANTI DUO;6
VR;14772;;2.688,00
VR;14772;BANDERA;90
VR;14785;DRISCOLL;22,65
VR;14785;DRISCOLL 50 ML (DIFENOCONAZOLO);10,35
VR;14792;MELODY TREVI;20
VR;14792;MELODY TREVI x 1 kg;10
VR;14792;MELODY TREVI x 8 kg;155
VR;14794;MYSTIC CLASS;15
VR;14796;ATOMINAL GOLD;1
VR;14797;SIATTOL 200 PLUS;209,54
VR;14799;AFLOR 200 SL;17,96
VR;14799;ZAPI AFICIDA SIST.ML.5 AFLOR 200SL;0,58
VR;14799;ZAPI AFICIDA SIST.ML.50 AFLOR 200SL;2,15
VR;14802;POSITRON TRIO WG;560
VR;14802;POSITRON TRIO WG x 10 kg;70
VR;14802;POSITRON TRIO WG X KG.10;3.220,00
VR;14803;ELECTIS ZR;800
VR;14803;ELECTIS ZR DA KG. 10;810
VR;14803;ELECTIS ZR P.B 10 KG;40
VR;14806;LUNA PRIVILEGE LT.1;12
VR;14806;LUNA PRIVILEGE X LT.1;1
VR;14807;;18
VR;14807;LUZINDO;490,75
VR;14807;LUZINDO 1 kg;9
VR;14807;LUZINDO 250 GR;3,5
VR;14807;LUZINDO DA KG. 1x10;82
VR;14807;LUZINDO GR.250-CLP-;2,75
VR;14807;LUZINDO KG.1-CLP-;3
VR;14807;LUZINDO x 0,25 kg;273,75
VR;14807;LUZINDO x 1 kg;46
VR;14807;LUZINDO X KG.1;14
VR;14809;;80
VR;14809;CUPRAVIT BIO EVOLUTION;5.336,00
VR;14809;CUPRAVIT BIO EVOLUTION KG. 10;810
VR;14809;CUPRAVIT BIO EVOLUTION x 1 kg;477
VR;14809;CUPRAVIT BIO EVOLUTION x 10 kg;760
VR;14812;;35
VR;14812;ENERVIN TOP;1.773,00
VR;14812;ENERVIN TOP - FUNGICIDA ANTIPERONOS;150
VR;14812;ENERVIN TOP 5 kg **;290
VR;14812;ENERVIN TOP DA KG. 1x10;43
VR;14812;ENERVIN TOP DA KG. 5x2;515
VR;14812;ENERVIN TOP WG x 1 kg;334
VR;14812;ENERVIN TOP WG x 5 kg;11.340,00
VR;14815;;8.528,00
VR;14815;ADENGO;6.174,00
VR;14815;ADENGO 10 lt  **;210
VR;14815;ADENGO 2 lt  **;24
VR;14815;ADENGO DA LT. 10x2;240
VR;14815;ADENGO DA LT. 2x4;90
VR;14815;ADENGO LT.10-CLP-;320
VR;14815;ADENGO LT.2-CLP-;54
VR;14815;ADENGO x 10 lt;1.230,00
VR;14815;ADENGO x 2 lt;502
VR;14815;ADENGO X LT.10;200
VR;14818;;2
VR;14818;ACANTO;257
VR;14818;ACANTO x 1 lt;4
VR;14819;VALIS F X 5 KG. UN  2588;600
VR;14819;VALIS M REG.14819 KG.1;3
VR;14819;VALIS M REG.14819 KG.10;10
VR;14826;PYREOS EXTRA SL;2
VR;14828;NUPRID SUPREME SC;468
VR;14828;NUPRID SUPREME SC x 1 lt;2.238,00
VR;14830;CUPROFIX ULTRA DISPERSS;650
VR;14837;GLIFOSAR FLASH;13.469,00
VR;14837;GLIFOSAR FLASH 1 LT;100
VR;14837;GLIFOSAR FLASH 5 LT;100
VR;14838;BARCLAY GALLUP BIO 360 LT. 20;7.420,00
VR;14838;BARCLAY GALLUP BIOGRADE 360;33.771,00
VR;14838;GALLUP BIOGRADE 360;807
VR;14838;GALLUP BIOGRADE 360 LT. 20 - P234 -;3.280,00
VR;14838;GALLUP BIOGRADE 360 x 20 lt;24.020,00
VR;14838;GALLUP BIOGRADE 360 x 5 lt;45
VR;14838;GALLUP BIOGRADE LT 1;200
VR;14844;CLUSTER 500;110
VR;14845;MYSTIC PLUS S;624
VR;14845;MYSTIC PLUS S x 1 kg;9
VR;14845;MYSTIC PLUS S x 10 kg;1.030,00
VR;14851;ANTIMUSCHIO CONCENTRATO;2
VR;14857;;155
VR;14857;ABOTRIL 500;44
VR;14867;;66
VR;14867;SYNERO;68
VR;14867;SYNERO DA LT. 1x10;13
VR;14868;IDROX 22 NEW X KG.10;90
VR;14870;COPPERLAND;180
VR;14870;COPPERLAND x 10 kg;12.300,00
VR;14871;OXICU;10
VR;14871;OXICU x 10 kg;1.560,00
VR;14872;;52,5
VR;14872;BELLIS DRUPACEE;487,5
VR;14872;BELLIS DRUPACEE KG. 2,5x4;350
VR;14872;BELLIS DRUPACEE x 2,5 kg;260
VR;14872;BELLIS DRUPACEE X KG.2,5;20
VR;14876;GRANDSTAND;139,5
VR;14876;GRANDSTAND DA LT. 1x12;6
VR;14876;GRANDSTAND ERBICIDA LT1;197
VR;14876;GRANDSTAND GREEN;5
VR;14876;GREN GRAND STAR;3
VR;14878;FOXTROT;12
VR;14879;;1,05
VR;14879;LONTREL 72 SG;7,3
VR;14879;LONTREL 72 SG x 150 gr;2
VR;14879;LONTREL 72SG GR.150-CLP-;6,9
VR;14884;;3.365,00
VR;14884;CORUM;1.975,00
VR;14884;CORUM 1 lt **;204
VR;14884;CORUM 5 lt **;255
VR;14884;CORUM DA LT. 1x10 (Xn);60
VR;14884;CORUM DA LT. 5x4 (Xn);370
VR;14884;CORUM DISERBO POST-EMERGENZA;10
VR;14884;CORUM LT 5;9
VR;14884;CORUM REG.14884 LT.1-CLP-;81
VR;14884;CORUM REG.14884 LT.5-CLP-;270
VR;14884;CORUM x 1 lt;13
VR;14884;CORUM X LT.1;5
VR;14891;TRICO DA LT. 1;10
VR;14895;;22
VR;14895;LANNATE 20 SL;449,5
VR;14895;LANNATE 20 SL DA LT. 1x10 (T);21
VR;14895;LANNATE 20 SL x 1 lt;18
VR;14895;LANNATE 20SL REG.14895 LT.1-CLP-;128
VR;14896;;975
VR;14896;HIMALAYA 60 SG;800
VR;14897;FLUROSTAR 200;29
VR;14897;FLUROSTAR 200 x 1 lt;106
VR;14898;;60
VR;14898;POLECI;11
VR;14900;KENKIO;216
VR;14909;;3
VR;14909;NURELLE 5;17
VR;14909;NURELLE 5 LT.1- CLP-;117
VR;14914;YSAYO x 10 lt;1.070,00
VR;14916;;529
VR;14916;SILWET SPRINTEX;996
VR;14916;SILWET SPRINTEX X LT.1;10
VR;14917;ALASKA 80 WG (BAROCCO WG) KG.5;40
VR;14919;EMERALD 125;3,63
VR;14919;EMERALD 125 50 ML;10
VR;14920;ZOLFO 80 WP ZOLFINDUSTRIA;17.035,00
VR;14920;ZOLFO 80WP MINIERA MICR.KG.25;875
VR;14920;ZOLFO 80WP(ZOLFINDUSTRIA)da miniera;800
VR;14925;SWING EX-TRA x 0,5 lt;19,5
VR;14931;GRISU;99
VR;14935;;18
VR;14935;TRAXOS ONE;59
VR;14935;TRAXOS ONE LT.1-CLP-;28
VR;14935;TRAXOS ONE LT.5-CLP-;5
VR;14936;;54,5
VR;14936;AMPLIGO;34,5
VR;14936;AMPLIGO DA LT. 1x12 (Xn);15
VR;14936;AMPLIGO REG.14936 LT.1 -CLP-;38
VR;14936;AMPLIGO REG.14936 ML.500-CLP-;3,5
VR;14936;AMPLIGO x 1 lt;3
VR;14937;VOLIAM TARGO;17
VR;14940;;17,25
VR;14940;TAKUMI;19,35
VR;14940;TAKUMI DA LT. 0,150x10;14
VR;14940;TAKUMI x 0,5 lt;7,5
VR;14941;;1.000,00
VR;14944;;5
VR;14944;FLUXYR 200 EC;439
VR;14947;TRUSTEE 450;309
VR;14951;;121,6
VR;14951;BOTECTOR;25,6
VR;14951;BOTECTOR CONF. DA 0,4 KG.;0,4
VR;14967;;60
VR;14967;TIPTOR ULTRA REG.14967 LT.1 -CLP-;256
VR;14969;HOPPER 480;55
VR;14970;POLYSECT ULTRA ML 800;1,6
VR;14970;POLYSECT ULTRA SL;8,3
VR;14972;DICARZOL 50 SP;215
VR;14972;DICARZOL 50 SP KG.1 (1°T);35
VR;14980;;270
VR;14980;AFFINITY PLUS;88
VR;14980;AFFINITY PLUS DA LT. 1x12;75
VR;14980;AFFINITY PLUS DA LT. 5x4;120
VR;14980;AFFINITY PLUS X LT.1;5
VR;14985;RETENGO PLUS;35
VR;14986;;40
VR;15005;;237
VR;15005;FONTELIS;1.469,00
VR;15005;FONTELIS LT. 1x10;272
VR;15005;FONTELIS x 1 lt;289
VR;15005;FONTELIS X LT.1;87
VR;15006;;5
VR;15006;TRAXOS PRONTO x 5 lt (5 HA);5
VR;15007;AXIAL PRONTO;18,75
VR;15007;AXIAL PRONTO x 1 lt;15
VR;15008;;82
VR;15008;ENERVIN PRO - TWIN PACK X 1HA (2LT;584,5
VR;15008;ENERVIN PRO (LBG01F34) x 2 lt;398
VR;15008;LBG - 01F34;2.436,00
VR;15010;AMISTAR PLUS LT.1 (2°XN);5
VR;15010;AMISTAR PLUS LT.10 (2°XN);10
VR;15011;SPI EC;0,22
VR;15013;BAYER LUMACHICIDA 1 KG;13
VR;15013;BAYER LUMACHICIDA 500 GR;35
VR;15013;NATRIA LUMACHICIDA;177,45
VR;15013;NATRIA LUMACHICIDA 1 KG;2
VR;15014;NATRIA ERBICIDA;3
VR;15019;;48
VR;15019;RIVIERA;840
VR;15019;RIVIERA LT.1-CLP-;15
VR;15020;CYFLUTREX;10
VR;15023;;80
VR;15023;DERREX;900
VR;15023;DERREX x 20 kg;20
VR;15024;;3
VR;15024;MESUROL 200 SC;351
VR;15024;MESUROL 200 SC DA LT. 1x12 (Xn;18
VR;15024;MESUROL 200 SC x 1 lt;72
VR;15024;MESUROL 200SC REG.15024 LT.1;20
VR;15024;MESUROL 200SC REG.15024 LT.1-CLP-;24
VR;15024;MESUROL 200SC REG.15024 LT.5-CLP-;300
VR;15030;COSSACK x 0,6 kg;25,8
VR;15034;DICOPHAR;322,5
VR;15034;DICOPHAR 1 LT;1
VR;15034;KOL DICOPHAR ML.100;173
VR;15034;KOL DICOPHAR ML.500;58
VR;15037;BREZZA;692
VR;15037;BREZZA 1 lt;27
VR;15037;BREZZA 5 LT;40
VR;15037;BREZZA x 1 lt;9
VR;15037;BREZZA X LT.1;70
VR;15041;;241
VR;15041;OPINION ECNA;157
VR;15041;OPINION ECNA DA LT. 0,500x20;136,5
VR;15041;OPINION ECNA x 0,5 lt;15
VR;15041;OPINION ECNA X 500 ML;6,5
VR;15047;BAYER R6 BORDEAUX WG 250 G;1,4
VR;15047;R6 BORDEAUX WG;574
VR;15047;R6 BORDEAUX WG KG. 1;1
VR;15047;R6 BORDEAUX WG KG. 10;1.190,00
VR;15047;R6 BORDEAUX WG X KG.10;150
VR;15047;R6 ERRESEI BORDEAUX WG;3.506,00
VR;15047;R6 ERRESEI BORDEAUX WG KG.10-CLP-;200
VR;15049;;11
VR;15049;MODDUS;31
VR;15049;MODDUS LT.1 -CLP-;1
VR;15049;MODDUS x 1 lt;1
VR;15050;;78
VR;15050;VERTIMEC PRO;410
VR;15050;VERTIMEC PRO DA LT.1x12 (Xn);348
VR;15050;VERTIMEC PRO REG.15050 LT.1- CLP-;55
VR;15050;VERTIMEC PRO REG.15050 LT.5 -CLP-;20
VR;15050;VERTIMEC PRO x 1 lt;47
VR;15052;;66
VR;15052;KAIMO SORBIE;51,3
VR;15053;ADMIRAL ECHO;1
VR;15053;ADMIRAL ECHO x 1 lt;62
VR;15058;;73,04
VR;15058;PRINCIPAL MAIS;50,6
VR;15059;;309
VR;15059;DECIS EVO;3.340,50
VR;15059;DECIS EVO  UN 3082 NAS 9, III ADR;177
VR;15059;DECIS EVO DA LT. 0,250x20;17,5
VR;15059;DECIS EVO DA LT. 1x12;241
VR;15059;DECIS EVO LT.1 -CLP-;227
VR;15059;DECIS EVO LT.5 -CLP-;200
VR;15059;DECIS EVO ML.250 -CLP-;1,75
VR;15059;DECIS EVO x 0,25 lt;20
VR;15059;DECIS EVO x 1 lt;237
VR;15059;DECIS EVO x 5 lt;135
VR;15061;SCOMRID;7,2
VR;15062;PIRAMAX  EC;118
VR;15062;PIRAMAX EC DA LT. 1x10 (Xn);11
VR;15062;PIRAMAX EC REG.15062 LT.1;11
VR;15062;PIRAMAX EC x 1 lt;2
VR;15063;NIMBLE;28,95
VR;15063;NIMBLE x 50 gr;17,55
VR;15064;MAESTRO WG ADVANCE;15
VR;15067;MIG 40 SC X LT.1;1
VR;15068;RITMUS;7
VR;15071;;159
VR;15071;EVOLUTION;1.075,00
VR;15071;EVOLUTION  CAP 3,4 ADR;118
VR;15071;EVOLUTION DA LT. 1x10 (Xn);34
VR;15071;EVOLUTION DA LT. 5x4 (Xn);180
VR;15071;EVOLUTION REG.15071 LT.1-CLP-;18
VR;15071;EVOLUTION x 1 lt;182
VR;15073;ZETYL WP;80
VR;15079;;14
VR;15079;JUVINAL  ECHO  UN 3082 9,III (E);15
VR;15079;JUVINAL ECHO;34,25
VR;15079;JUVINAL ECHO DA LT. 1x12;18
VR;15083;AUDACE;112
VR;15083;AUDACE x 1 lt;804
VR;15084;;603
VR;15084;DRUM;25
VR;15084;DRUM x 0,5 kg;28
VR;15085;VITISAN 45 WG;377
VR;15093;;790
VR;15093;CENTURIO;480
VR;15093;CENTURIO DA KG. 1x20;64
VR;15093;CENTURIO DA KG. 5;200
VR;15093;CENTURIO x 5 kg;750
VR;15093;KOL CENTURIO KG.1;158
VR;15094;FOSBEL 80 WG;10
VR;15096;GLIPHOGAN TOP CL;480
VR;15096;GLIPHOGAN TOP CL x 1 lt;1.935,00
VR;15096;GLIPHOGAN TOP CL x 20 lt;20.440,00
VR;15096;GLIPHOGAN TOP CL x 5 lt;3.005,00
VR;15100;NECTAR PLUS;173
VR;15101;CIMORAM ULTRA WG;2.088,00
VR;15102;VITENE R WG UN 3077 NAS 9, III (E);30
VR;15107;SAMSON EXTRA 6 OD;93
VR;15111;;34
VR;15111;MIRADOR SC;128
VR;15111;MIRADOR SC LT.1-CLP-;1
VR;15112;SIMPLIA;589
VR;15112;SIMPLIA x 1 lt;34
VR;15114;;2
VR;15114;MACCANI;772
VR;15114;MACCANI x 5 kg;160
VR;15115;PROSPER 500 EC;18
VR;15115;PROSPER 500 EC x 1 lt;1.210,00
VR;15116;ELIOS R;64
VR;15122;;21
VR;15123;ALTAIR 4,5 EW;6,5
VR;15124;;165
VR;15124;ZANTARA;102
VR;15125;;591
VR;15125;PROLECTUS;209
VR;15125;PROLECTUS  UN 3077 9, III ADR;61
VR;15125;PROLECTUS DA KG. 1x12;16
VR;15125;PROLECTUS x 1 kg;2.152,00
VR;15127;;5
VR;15127;SANVINO;2.900,00
VR;15130;;1
VR;15130;INTREPID;1.516,00
VR;15130;INTREPID - INSETTICIDA LARVICIDA;63
VR;15130;INTREPID  LT.1-CLP-;1
VR;15130;INTREPID 1 LT **;8
VR;15130;INTREPID SC x 1 lt;1.200,00
VR;15130;INTREPID X LT.1;159
VR;15135;OLEOSAN PLUS;10,5
VR;15138;BAROCCO 80 WG;30.940,00
VR;15138;BAROCCO 80 WG DA KG. 25;28.225,00
VR;15138;BAROCCO 80 WG X KG 25;2.425,00
VR;15139;INDIPENDENT SC-15;15
VR;15142;ALCANCE SYNC TEC;1.155,00
VR;15142;ALCANCE SYNC TEC LT.5;20
VR;15142;ALCANCE SYNC x 5 lt;95
VR;15145;TEMPLIER x 180 gr;20,88
VR;15148;ENVIROMITE 480 SC;0,64
VR;15149;CONSAVET DF EDGE;40.590,00
VR;15149;COSAVET DF EDGE;810
VR;15149;COSAVET DF EDGE 25 KG;1.750,00
VR;15168;;13
VR;15168;ZORO 1,9 EW REG.15168 LT.5 -CLP-;5
VR;15168;ZORO 1.9 EW;147
VR;15168;ZORO 1.9 EW REG.15168 LT.1;5
VR;15168;ZORO 1.9 EW x 1 lt;1
VR;15177;ROTATE PLUS DF;1.906,00
VR;15177;ROTATE PLUS DF x 1 kg;320
VR;15177;ROTATE PLUS DF x 10 kg;5.820,00
VR;15180;RIVET PLUS x 1 lt;94
VR;15181;;0,5
VR;15181;CIRRUS CS;338,5
VR;15181;CIRRUS CS 0,5 LT;21
VR;15181;CIRRUS CS 2 LT;2
VR;15181;CIRRUS CS x 2 lt;2
VR;15184;SATEL GEO;940
VR;15185;MARKATE 100 CS;60
VR;15187;NAUTIUS;19
VR;15192;LIBERATE;55
VR;15193;;21
VR;15193;CONTATTO PIU' EXTRA;59
VR;15193;CONTATTO PIU EXTRA x 1 lt;68
VR;15193;CONTATTO PIU EXTRA x 5 lt;55
VR;15193;CONTATTO PIU' EXTRA X LT.1;3
VR;15193;CONTATTO PIU'EXTRA LT.1 CPL;36
VR;15198;AZBANY;1.246,00
VR;15198;AZBANY LT.1-CLP-;12
VR;15199;SAKURA;337
VR;15199;SAKURA x 1 lt;37
VR;15200;QUALY;166
VR;15200;QUALY DA LT. 1x12;54
VR;15200;QUALY X LT.1;153
VR;15201;FLOXY 355 SC;662
VR;15211;;1.085,00
VR;15211;TRAMAN;2
VR;15213;DEMETRINA FLOW;28,42
VR;15213;DEMETRINA FLOW INSETTICIDA ML 200;9,6
VR;15213;DEMETRINA FLOW ML 10;0,48
VR;15213;DEMETRINA FLOW ML 100;2,4
VR;15221;ZETARAM PLUS;2.767,50
VR;15221;ZETARAM PLUS DA LT. 10x2;370
VR;15221;ZETARAM PLUS X LT.10;30
VR;15222;FOLICUR COMBI WG;130
VR;15222;FOLICUR COMBI WG DA KG. 10;600
VR;15227;BAYER MESUROL EVOLUTION 350 GR;0,2
VR;15227;MESUROL EVOLUTION;4,55
VR;15232;;395
VR;15232;CUSTODIA;203
VR;15232;CUSTODIA REG.15232 LT.1 -CLP-;6
VR;15232;CUSTODIA REG.15232 LT.5 -CLP-;10
VR;15232;CUSTODIA x 1 lt;5
VR;15232;CUSTODIA x 5 lt;10
VR;15233;DALET TRIO;525
VR;15234;MOMENTUM F;480
VR;15235;MOMENTUM;865
VR;15235;MOMENTUM 5 KG;45
VR;15235;MOMENTUM DA KG. 1x10;613
VR;15235;MOMENTUM DA KG. 5x4;1.015,00
VR;15235;MOMENTUM X KG.5;640
VR;15236;ZAMMO;134
VR;15236;ZAMMO DA LT. 1x12 (Xn);16
VR;15236;ZAMMO LT.1 -CLP-;74
VR;15236;ZAMMO x 1 lt;151
VR;15237;CHIKARA DUO;724
VR;15237;CHIKARA DUO x 3 kg;192
VR;15250;COPRANTOL DUO DA KG. 5x4;620
VR;15250;COPRANTOL DUO KG.5 -CLP-;35
VR;15253;FALCON MK;24
VR;15253;FALCON MK x 1 lt;1.132,00
VR;15253;FALCON MK x 5 lt;2.795,00
VR;15256;FORUM R 3B FLOW x 1 lt;3
VR;15260;PRORADIX GR.60;0,78
VR;15263;DYNALI 1 LT;46
VR;15263;DYNALI x 0,25 lt;20
VR;15264;;61,5
VR;15264;ENERVIN PRO (Enervin SC) x 1,5 lt;283,5
VR;15264;ENERVIN PRO CONF. PER 1 HA;488
VR;15264;ENERVIN PRO(Enervin SC)x 3 lt;87
VR;15264;ENERVIN SC;1.958,00
VR;15265;;241
VR;15265;PROMAN FLOW;158
VR;15265;PROMAN FLOW ERBICIDA SELETTIVO PRE-;20
VR;15265;PROMAN FLOW x 1 lt;10
VR;15266;;160
VR;15266;QUARTET;240
VR;15267;KUSABI;42
VR;15267;KUSABI 12 X LT.1;11
VR;15267;KUSABI X 1LT.;1
VR;15270;PROFELIS;0,75
VR;15273;BITAM 15 EC;23
VR;15275;KUSTI;548
VR;15280;MARISOL;1.040,00
VR;15281;MICROMEGAS;1.000,00
VR;15285;PRIMMA STAR;3,84
VR;15286;KENDO ZEON 1.5 x 1 lt;2
VR;15288;OCEAL DISERBO SELETTIVO INFESTANTI;24
VR;15289;BAYER NATRIA SERENADE GR 200;0,4
VR;15289;SERENADE NATRIA;3,3
VR;15290;AXIDOR LT.1;12
VR;15290;AXIDOR LT.5;20
VR;15290;AXIDOR x 1 lt;12
VR;15290;AXIDOR x 5 lt;5
VR;15291;TURFENE PLUS;29,9
VR;15292;VERTIARO;170
VR;15294;KENDO BI-ACTIVE x 1 lt;775
VR;15302;;418
VR;15302;AMYLO-X;4.197,00
VR;15302;AMYLO-X  X 1 KG.;458
VR;15302;AMYLO-X DA KG. 1x12;1.112,00
VR;15302;AMYLO-X KG.1;70
VR;15302;AMYLO-X x 1 kg;372
VR;15302;AMYLO-X x 1 kg (S.18);954
VR;15302;AMYLO-X x 1 kg (S.19);2.917,00
VR;15307;;104
VR;15307;DEDALUS 25 WDG;1.540,50
VR;15307;DEDALUS 25 WDG KG.0,500x20 (Xn;634
VR;15307;DEDALUS 25 WDG x 0,5 kg;39
VR;15310;NISSHIN 6OD;179
VR;15310;NISSHIN EXTRA 6 OD;126
VR;15310;NISSHIN EXTRA 6 OD X LT.1;15
VR;15313;ZOLFO SC;478
VR;15313;ZOLFO SC DA LT. 10;550
VR;15315;ALEF;178
VR;15317;FLARE GOLD COMBI PEPITE x 5 kg;12.190,00
VR;15325;;3.090,00
VR;15325;CORNER MZ WG;700
VR;15325;CORNER MZ WG x 10 kg;7.260,00
VR;15326;CUPROTEK DISPERSS;920
VR;15326;CUPROTEK DISPERSS x 10 kg;134.310,00
VR;15327;METAMAN 8-64 WG REG.15327 KG.1;13
VR;15330;PINDARUS 25 WDG;93,5
VR;15331;ZEFIR 25 WDG;590
VR;15333;;715
VR;15333;APPLAUD PLUS;2.151,36
VR;15333;APPLAUD PLUS 1 kg;65
VR;15333;APPLAUD PLUS 25 WP X KG.1;143
VR;15333;APPLAUD PLUS DA KG. 1x10;812
VR;15333;APPLAUD PLUS GR 100;16
VR;15333;APPLAUD PLUS UN 3077 NAS 9. III (E);124
VR;15333;APPLAUD PLUS x 1 lt;197
VR;15333;APPLAUD PLUS x 1 lt (NUOVA ETICH.);177
VR;15335;;80
VR;15335;U 46 ULTRA;25
VR;15335;U 46 ULTRA x 5 lt;30
VR;15337;;5,1
VR;15337;EXPRESS SUN;10,6
VR;15337;EXPRESS SUN x 100 gr;1,7
VR;15340;FEUDO 50 WP;396
VR;15342;FEUDO MZ WDG;9
VR;15344;FILAN WG;493
VR;15348;;3.958,00
VR;15348;RIDOMIL GOLD R LIQUIDO;3.455,00
VR;15349;;201
VR;15349;ARES 430 SC;28
VR;15349;ARES 430 SC REG.15349 LT.1-CLP-;33
VR;15351;POWERSHUT;29
VR;15356;AVIATOR 500 SC;435
VR;15356;SPHINX SC;106
VR;15358;ZOLFO FLOW MCT;150
VR;15359;VITIL 8-64 WG KG.10-CLP-;10
VR;15361;LIETO;187,85
VR;15361;LIETO 0,450 GR **;0,45
VR;15361;LIETO REG.15361 KG.0,500;4
VR;15363;MEDEIRO 80 WG ADVANCE;351
VR;15363;MEDEIRO 80 WG ADVANCE X KG.1;154
VR;15363;MEDEIRO 80 WG ADVANCE X KG.10;390
VR;15363;MEDEIRO 80 WG ADVANCE X KG.5;45
VR;15365;RAME ZOLFO FLOW MCT;111
VR;15370;FURY GEO;10.180,00
VR;15370;FURY GEO 10 KG;160
VR;15370;FURY GEO x 10 kg;25.870,00
VR;15371;;300
VR;15371;BELEM PROTEZIONE;5.388,00
VR;15371;BELEM PROTEZIONE DA KG. 12;540
VR;15371;BELEM PROTEZIONE UN 3077 NAS 9 III;984
VR;15371;BELEM PROTEZIONE x 12 kg;4.980,00
VR;15378;;234
VR;15378;TRAXOS PRONTO 60;3
VR;15378;TRAXOS PRONTO 60 5 LT;30
VR;15378;TRAXOS PRONTO 60 x 1 lt;8
VR;15378;TRAXOS PRONTO 60 x 5 lt;25
VR;15379;;341,25
VR;15379;AXIAL PRONTO 60;30,75
VR;15379;AXIAL PRONTO 60 DA LT.0,750x12;7
VR;15379;AXIAL PRONTO 60 DA LT.3,75x4;3
VR;15379;AXIAL PRONTO 60 LT.0,750-CLP-;9
VR;15379;AXIAL PRONTO 60 x 0,75 lt (1 Ha);80,25
VR;15384;;229
VR;15384;LUNA EXPERIENCE;868
VR;15384;LUNA EXPERIENCE LT. 1x12 (Xn);259
VR;15384;LUNA EXPERIENCE REG.15384 LT.1-CLP-;1
VR;15384;LUNA EXPERIENCE x 1 lt;1.267,00
VR;15384;LUNA EXPERIENCE X LT.1;84
VR;15386;TRACER FLY INSETTICIDA A BASE DI SP;8
VR;15388;MEXIL ORO R WG;194
VR;15389;FLARE GOLD R WG;230
VR;15389;FLARE GOLD R WG x 10 kg;15.710,00
VR;15392;QUANTUM MZ WDG;120
VR;15392;QUANTUM MZ WDG DA KG. 10 (Xn);210
VR;15401;TAIFUN MK CL;52.349,00
VR;15401;TAIFUN MK CL 20 lt;680
VR;15401;TAIFUN MK CL 5 lt;200
VR;15401;TAIFUN MK CL DA LT. 1x12;2
VR;15401;TAIFUN MK CL DA LT. 20;6.380,00
VR;15401;TAIFUN MK CL DA LT. 5x4;1.225,00
VR;15401;TAIFUN MK CL x 1 lt;550
VR;15401;TAIFUN MK CL x 1 lt (Nuova Etich.);69
VR;15401;TAIFUN MK CL x 5 lt;3.061,00
VR;15401;TAIFUN MK CL x 5 lt (Nuova Etich.);10
VR;15401;TAIFUN MK CL X LT.20;40
VR;15402;DELTASAP;200
VR;15405;SHAMAL MK PLUS CL;135
VR;15407;;2.309,00
VR;15407;RULER;85
VR;15408;;1.500,00
VR;15408;MAXIMA;150
VR;15408;MAXIMA x 1 lt;42
VR;15408;MAXIMA x 20 lt;60
VR;15408;MAXIMA x 5 lt;2.765,00
VR;15409;DECISION;433
VR;15409;DECISION DA LT. 1x12;2
VR;15411;DISHA;162
VR;15416;DIFO;188
VR;15416;DIFO (DIZOLE);42
VR;15416;DIZOLE;1
VR;15417;DITTO;201
VR;15419;ELECTIS R FLOW;1.210,00
VR;15419;ELECTIS R FLOW E 10 LT;130
VR;15420;DIQUASH;173
VR;15428;WINNER OD;116
VR;15433;ATLAS;133,5
VR;15436;;16,5
VR;15436;MYCOTAL;300,5
VR;15448;REBEL TOP;697,6
VR;15448;REBEL TOP 3,4 ADR;303
VR;15448;REBEL TOP X LT.1;50
VR;15449;;279
VR;15449;CIDELY;2.091,00
VR;15449;CIDELY DA LT. 1x12;1.107,00
VR;15449;CIDELY LT.1 -CLP-;44
VR;15449;CIDELY x 1 lt;427
VR;15451;ELIOS WG TOP;998
VR;15455;TELDOR PLUS ORTO;0,1
VR;15462;SCORE II;1
VR;15468;ACASTA;9
VR;15483;WISH;77
VR;15487;INSTANT;861
VR;15487;INSTANT LT.1-CLP-;1
VR;15487;INSTANT LT.20-CLP-;480
VR;15487;INSTANT LT.5-CLP-;135
VR;15493;SIMUN 40 OD;12
VR;15493;SIMUN 40 OD LT 1 **;77
VR;15493;SIMUN 40 OD LT 5 **;95
VR;15498;ARPEL DUO;510
VR;15499;SONG 70  WDG 0.250 kg;10,75
VR;15499;SONG 70 WDG;79,5
VR;15499;SONG 70 WDG  250 GR;8
VR;15499;SONG 70 WDG GR.250-CLP-;0,5
VR;15501;QUIZ;224
VR;15505;SILBOT 500 SC;18
VR;15505;SILBOT 500 SC x 1 lt;3.892,00
VR;15507;;2.159,00
VR;15507;CREW SUPERB;2.961,00
VR;15507;CREW SUPERB 5 LT;40
VR;15507;CREW SUPERB DA LT. 1x12;90
VR;15507;CREW SUPERB x 1 lt;324
VR;15507;CREW SUPERB x 5 lt;605
VR;15507;CREW SUPERB X LT.5;35
VR;15513;OSSICLOR 35 WG GREEN;6.572,00
VR;15513;OSSICLOR 35 WG GREEN DA KG. 10;1.070,00
VR;15513;OSSICLOR 35 WG GREEN DA KG. 25;7.400,00
VR;15514;BAYER CUPRAVIT BLU WG GR 100;3,4
VR;15514;CUPRAVIT BLU 35 WG;10.399,40
VR;15514;CUPRAVIT BLU 35WG KG.1 -CLP-;11
VR;15515;POLTIGLIA 20 PB GREEN;4.260,00
VR;15515;POLTIGLIA 20 PB GREEN 25 KG;1.775,00
VR;15515;POLTIGLIA BORDOLESE MANICA 20% PB X;4.885,00
VR;15532;TOBAGO 200 SL;0,4
VR;15533;CRUZADO-R 10 LT;190
VR;15536;ANTAL;348
VR;15537;;1.294,00
VR;15537;DELTAGRI;1.408,00
VR;15546;BIATHLON 4D x 350 gr;0,7
VR;15549;PROLECTUS 50 WG;102
VR;15549;PROLECTUS 50 WG DA KG. 1x12;119
VR;15553;;162
VR;15553;REGALIS PLUS;671,5
VR;15553;REGALIS PLUS DA KG. 1,5x10;427,5
VR;15553;REGALIS PLUS x 1,5 kg;646,5
VR;15554;PROMANAL EVO x 10 lt;80
VR;15554;PROMANAL NEU;1.310,00
VR;15566;;92
VR;15566;VISION PLUS;193
VR;15566;VISION PLUS x 1 lt;171
VR;15566;VISION PLUS x 5 lt;25
VR;15569;LOOP 40 LT.1-CLP-;27
VR;15569;LOOP 40 LT.5-CLP-;5
VR;15569;LOOP 40 x 1 lt;147
VR;15569;LOOP 40 x 5 lt;295
VR;15570;TYLAL WG;4
VR;15571;METSY 20 GR;0,02
VR;15572;ZOMINEX;80
VR;15572;ZOMINEX LT.1 -CLP-;1
VR;15572;ZOMINEX x 1 lt (+PERGADO SC x 1);42
VR;15573;;243
VR;15573;PROMESS SL;528
VR;15573;PROMESS SL DA LT. 1x12;3
VR;15573;PROMESS SL FUNGICIDA SISTEMICO;181
VR;15574;;20
VR;15574;KARMA 85;1.515,00
VR;15574;KARMA 85 DA KG. 5x4;145
VR;15574;KARMA 85 x 5 kg;15
VR;15574;KARMA 85 X KG.5;160
VR;15577;ROUNDUP GEL;1,8
VR;15580;ESTUDER;418
VR;15580;ESTUDER X LT.10;210
VR;15581;BARKAN;748
VR;15583;PIRAT;346
VR;15591;PREVINT TOP;330
VR;15591;PREVINT TOP DA KG. 5x2;105
VR;15596;;119
VR;15596;LASCAR;483
VR;15596;LASCAR DA LT. 1x12 (Xn);398
VR;15596;LASCAR x 1 lt;61
VR;15596;LASCAR X LT.1;19,5
VR;15598;;176
VR;15598;CARPOVIRUSINE EVO 2;3.046,00
VR;15598;CARPOVIRUSINE EVO 2 x 1 lt;883
VR;15598;CARPOVIRUSINE EVO 2 X LT.1;336
VR;15598;CARPOVIRUSINE EVO2 LT. 1x12;55
VR;15603;ERBIFEN K;20
VR;15608;VERSAR;9
VR;15612;SEMPRA;13,8
VR;15612;SEMPRA DA GR. 150;5
VR;15612;SEMPRA x 150 gr (Scam);0,15
VR;15621;BOTTO 50 EC;7
VR;15623;COSMOS 550 EC;210
VR;15623;COSMOS 550 EC DA LT. 1x12 (Xn);228
VR;15625;TERMINUS SC;1.066,00
VR;15627;PAPYRUS 400 SC;84
VR;15630;PALMAS 45 WG 0,500 **;43
VR;15630;PALMAS 45 WG DA KG. 0,500x10;164
VR;15630;PALMAS 45% WG;88,5
VR;15633;;4
VR;15640;PROLINE STAR x 1 lt;11
VR;15641;SIATTOL 200 SL;2,75
VR;15642;HYDRA PLUS;394
VR;15642;HYDRA PLUS CONF. DA 5 LT.;75
VR;15654;;1
VR;15654;ACCORD;870
VR;15654;ACCORD 1 KG;50
VR;15655;KEETON 25 WG;675
VR;15655;KEETON 25 WG x 1 kg;216
VR;15661;SENEGO;1,25
VR;15661;SENEGO ML 250;2
VR;15663;CUPRAVIT 35 WG;156
VR;15663;CUPRAVIT 35WG KG.10-CLP-;570
VR;15666;TURNER COMBI;43
VR;15666;TURNER COMBI DA KG. 1x10;5
VR;15666;TURNER COMBI(ANTIOIDICO)KG.1;10
VR;15668;;7
VR;15668;GHIBLI 240 OD;47,75
VR;15668;GHIBLI 240 OD LT.1 -CLP-;19
VR;15668;GHIBLI 240 OD ML.250 -CLP-;6,75
VR;15668;GHIBLI 240 OD x 0,25 lt;95
VR;15674;AMADEUS TOP GR.250;15,75
VR;15680;MITRHA 40 SC;348
VR;15681;LUMADRY ESCA;12
VR;15682;METHOMEX;114,5
VR;15687;MICLOCUR;35
VR;15689;DIFENZONE;52
VR;15689;DIFENZONE LT. 1x12 (Xn);28
VR;15689;DIFENZONE REG.15689 LT.1-CLP-;24
VR;15689;DIFENZONE x 1 lt;681
VR;15689;DIFENZONE X LT.1;36
VR;15693;LISTEGO;24
VR;15699;;490
VR;15699;EMI 48;386
VR;15699;EMI 48 (IP) x 1 lt;182
VR;15699;EMI 48 REG.15699 LT.1-CLP-;12
VR;15699;EMI 48 X LT.1;54
VR;15699;EMI 48 X LT.5;15
VR;15710;;685
VR;15710;CLINCHER ONE;685
VR;15710;CLINCHER ONE x 5 lt;115
VR;15711;;15,5
VR;15711;ALSYSTIN;56,5
VR;15711;ALSYSTIN DA LT. 0,500x20;40
VR;15711;ALSYSTIN x 0,5 kg;136
VR;15713;;175,2
VR;15713;DIABLO SC;45,8
VR;15713;DIABLO SC ACARICIDA OVO-LARVICIDA 2;9,4
VR;15713;DIABLO SC DA LT. 0,200;0,8
VR;15713;DIABLO SC x 0,2 lt;74,6
VR;15722;;605
VR;15722;ARMICARB 85;2.300,00
VR;15722;ARMICARB 85 x 5 kg;995
VR;15722;ARMICARB 85 X KG.5;105
VR;15725;DUAXO;9,2
VR;15738;STOPWEED 480;40
VR;15738;STOPWEED 480 x 1 lt;360
VR;15740;VINETO DA LT. 1x12;138
VR;15740;VINETO DA LT. 5x4;640
VR;15741;;180
VR;15741;AVADEX FACTOR;660
VR;15741;AVADEX FACTOR x 10(con Pressing 500;238
VR;15745;SHARPEN 40% SC;663
VR;15746;EXTENSOR OD x 10 lt;180
VR;15751;VITENE TRIPLO R;426
VR;15751;VITENE TRIPLO R WG GR 500;60
VR;15754;;580
VR;15754;SHARPEN 33% EC;261
VR;15758;QUILT XCEL LT.1-CLP-;13
VR;15759;DECIS TRAP **;1
VR;15759;DECIS TRAP CONF. 1x20;40
VR;15765;DIABLO;2,5
VR;15779;ABANTO;300
VR;15780;OSSICLOR 50 PB GREEN;1.055,00
VR;15780;OSSICLOR 50 PB GREEN KG.20 (Xn;2.520,00
VR;15817;;747
VR;15817;GLADIATOR;153
VR;15817;GLADIATOR DA LT. 1x10;52
VR;15829;;108
VR;15831;VACCIPLANT;586
VR;15832;VINTAGE C DISPERSS x 5 kg;430
VR;15834;TRACER 120;2.172,00
VR;15834;TRACER 120 DA LT. 1x10;99
VR;15834;TRACER 120 ISETTICIDA A BASE DI SPI;86
VR;15834;TRACER 120 X LT.1;190
VR;15839;MAXCEL 2SL;32
VR;15839;MAXCEL 2SL X LT.2;24
VR;15841;FLOCTER;670
VR;15841;FLOCTER x 10 kg;160
VR;15842;AFICIONADO x 3 lt;90
VR;15843;ZOLEX 250;32
VR;15844;SLOGAN TOP;530
VR;15845;ARAGON;1.450,00
VR;15845;ARAGON  UN 3077  ADR 9,III;171
VR;15845;ARAGON KG.1-CLP-;214
VR;15846;BIO ETEFON;186
VR;15846;BIO ETEFON (IP) x 1 lt;92
VR;15847;;48
VR;15847;MAKURI;219,75
VR;15857;R6 ERRESEI PASADOBLE;1.117,00
VR;15857;R6 ERRESEI PASADOBLE x 10 kg;1.410,00
VR;15857;R6 PASADOBLE 10 KG;20
VR;15857;R6 PASADOBLE DA KG. 10 (Xn);70
VR;15857;R6 PASADOBLE KG.10 REG.15857-CLP-;10
VR;15857;R6 PASADOBLE REG.15857 KG.1-CLP-;7
VR;15858;FUNGUSCLEAR ULTRA;1,2
VR;15859;KATANGA EXPRESS;25
VR;15862;SUBITEX;50
VR;15863;BALENO FLASH;112
VR;15864;MONDARE PIU';18
VR;15877;;182
VR;15877;CONSENTO;146
VR;15877;CONSENTO  LT.1-CLP-;454
VR;15877;CONSENTO DA LT. 1x12;12
VR;15877;CONSENTO x 5 lt;15
VR;15882;ATILLA (BICARB. POTASSIO) x 10 kg;270
VR;15885;METAREX M;2,25
VR;15886;;675
VR;15886;METAREX INOV;1.705,00
VR;15890;CURZATE 60 WG;41,6
VR;15890;CURZATE 60 WG DA KG. 0,400x10;10
VR;15894;DUOKAR 20 EW;10
VR;15894;DUO-KAR 20 EW;15,25
VR;15900;;25.110,00
VR;15900;TRIKA EXPERT;21.358,00
VR;15900;TRIKA EXPERT 10 kg;490
VR;15900;TRIKA EXPERT x 10 kg;1.000,00
VR;15901;;47.230,00
VR;15901;ERCOLE;18.430,25
VR;15901;ERCOLE DA KG. 10;1.090,00
VR;15901;ERCOLE INS. GRANULARE 10 KG;350
VR;15901;ERCOLE KG.1;13
VR;15901;ERCOLE KG.10-CLP-;1.380,00
VR;15901;ERCOLE x 10 kg;1.850,00
VR;15901;ERCOLE X 10 KG. UN 3077 NAS 9, III;5.000,00
VR;15902;NATAL 40 SC;4
VR;15907;PRESIDIUM ONE;1.696,00
VR;15907;PRESIDIUM ONE DA LT. 1x12;55
VR;15907;PRESIDIUM ONE DA LT. 5x4;420
VR;15907;PRESIDIUM ONE LT.1-CLP-;64
VR;15907;PRESIDIUM ONE LT.5-CLP-;75
VR;15907;PRESIDIUM ONE x 1 lt;76
VR;15907;PRESIDIUM ONE x 5 lt;125
VR;15911;;1.035,00
VR;15911;SPIROX;30
VR;15912;CUPRO ISAGRO WG;1.196,00
VR;15913;BORDO ISAGRO WG BLU;229
VR;15921;ARMOR 75 WP;411,25
VR;15923;ERBIKUS 400 SC;12
VR;15924;RUSTLER;738
VR;15924;RUSTLER REG.15924 LT.1-CLP-;41
VR;15926;MOJANG 600;395
VR;15927;MOJANG T;275
VR;15929;JALISCO;1,35
VR;15931;GLORIAL JET;2
VR;15932;AXIENDO CONCENTRATO;9,5
VR;15948;SINSAJO;82
VR;15949;PROMEX;284
VR;15949;PROMEX DA LT. 1x12 (Xn);20
VR;15949;PROMEX x 1 lt;1.487,00
VR;15949;PROMEX X LT.1;19
VR;15956;RAVANE 100 CS x 0,5 lt;534
VR;15961;RETENGO NEW;15
VR;15961;RETENGO NEW 1 LT **;140
VR;15989;COMRADE;124
VR;15996;;455
VR;15996;PATRIOT DRY;340
VR;15996;PATRIOT DRY FUNGICIDA BIO- TRICHODE;68
VR;15996;PATRIOT DRY KG 1;2
VR;15996;PATRIOT DRY x 1 kg (18);367
VR;15998;ADIVENIR DUO;7.000,00
VR;16000;MINUET GR;15
VR;16010;ACRUX 10 WP;100,5
VR;16010;ACRUX 10 WP 0,200 GR **;1,4
VR;16023;DIMBO 480 SL;24
VR;16023;DIMBO 480 SL 1 LT;24
VR;16030;CONTENDER 80 WG (FOSETIL ALLUMINIO);100
VR;16030;CONTENDER WG DA KG. 1x10;134
VR;16031;;115
VR;16031;LUNA DEVOTION;314
VR;16031;LUNA DEVOTION DA LT. 1;2
VR;16031;LUNA DEVOTION FUNGICIDA ANTIOIDICO;33
VR;16031;LUNA DEVOTION x 1 lt;76
VR;16033;HEREU SC;15
VR;16034;DOURO 100 EC;3.036,00
VR;16034;DOURO 100 EC X LT.1;108
VR;16037;MOJANG TX;430
VR;16042;TOSCANA;0,29
VR;16051;;260
VR;16051;LENNS;879,3
VR;16051;LENNS DA LT. 5x4;655
VR;16051;LENNS x 20 lt;20
VR;16051;LENNS x 5 lt;155
VR;16051;LENNS X 5 LT  3082 NAS 9,III,(E);15
VR;16054;SINSTAR;88
VR;16054;SINSTAR 1 LT;24
VR;16063;ARIGO;95,7
VR;16064;CREDIT 540;3.915,00
VR;16065;TOPIK ONE GR.250-CLP-;2
VR;16068;;5.490,00
VR;16068;FOLDER 80 WG;4.010,00
VR;16071;MESOZIN 70 WG;71
VR;16071;MESOZIN 70 WG GR 250;20
VR;16071;MESOZIN 70WG GR.250-CLP-;9,25
VR;16074;GLORIAL 25 EC;288
VR;16075;AGHERUD M;405
VR;16084;;25,5
VR;16084;BREVIS;37
VR;16084;BREVIS DA KG. 0,500x6 (Xn);24
VR;16084;BREVIS x 0,5 kg;34,5
VR;16086;;5
VR;16086;NEMGUARD GRANULES;20
VR;16086;NEMGUARD GRANULES KG. 5x2;5
VR;16087;LAGOS;130
VR;16088;;470
VR;16088;NEMADATE;1.450,00
VR;16088;NEMADATE DA LT. 10;90
VR;16088;NEMADATE x 10 lt;30
VR;16098;NIBER 70 DF x 0,250 kg;215,5
VR;16099;;29,5
VR;16099;SINIS 70 DF;194
VR;16099;SINIS 70 DF X 250 GR. - DISERBO SEL;0,5
VR;16101;TOPAS COMBI LIQUIDO;1.394,00
VR;16104;ELECTIS TRIO WDG;2.453,00
VR;16104;ELECTIS TRIO WDG E 1 KG **;17
VR;16104;ELECTIS TRIO WDG x 10 kg;180
VR;16106;BARCLAY PROPYZ;168
VR;16110;CABRIO OLIVO;6
VR;16114;;177
VR;16114;SIMITAR   EVO;429
VR;16114;SIMITAR EVO;18
VR;16114;SIMITAR EVO DA LT. 3x6;198
VR;16114;SIMITAR EVO x 3 lt;45
VR;16117;SERBY;43,25
VR;16117;ZAPI DISERBO RESID.SIST.250ML SERBY;3,25
VR;16117;ZAPI DISERBO RESID.SIST.500ML SERBY;14
VR;16124;;366
VR;16124;JUVINAL ECHO PLUS;87
VR;16124;JUVINAL ECHO PLUS DA LT. 1x12;15
VR;16124;JUVINAL ECHO PLUS x 1 lt;417
VR;16126;FLANCO SC;21,8
VR;16126;FLANCO SC LT 0,200;14,6
VR;16132;HELM SURFER PLUS x 0,4 lt;12
VR;16136;LUMA-GOLD;22,55
VR;16137;;50
VR;16139;;167
VR;16139;SEGURIS XTRA x 1 lt;231
VR;16139;SEGURIS XTRA x 5 lt;575
VR;16149;BABEL;148
VR;16149;BABEL x 1 lt;234
VR;16161;CENTURY 10 LT;130
VR;16161;CENTURY SL;2.145,00
VR;16161;CENTURY SL DA LT. 5x4;210
VR;16166;POKER MAX;1.910,00
VR;16166;POKER MAX E 0,5 KG;5
VR;16167;MARACANA;150
VR;16171;;304,3
VR;16172;CAL-EX 1,9 EW;647
VR;16172;CAL-EX 1,9 EW 1 LT;7
VR;16172;CAL-EX 1,9 EW 5 LT;10
VR;16172;CAL-EX 1,9 EW UN 3082 NAS 9, IIII (;90
VR;16172;CAL-EX 1.9 EW REG.16172 LT.1-CLP-;14
VR;16172;CAL-EX 1.9 EW REG.16172 LT.5-CLP-;20
VR;16172;CAL-EX 1.9 EW x 1 lt;1.282,00
VR;16179;;7
VR;16180;VULANDRA;12
VR;16181;DELTAMIX 25;38
VR;16182;CLICK MAIS PRO (DISERBO POST EMERGE;238
VR;16182;CLICK PRO;18,5
VR;16187;QUBIC R PRO;30
VR;16188;MEDIATOR PLUS;1.149,65
VR;16188;MEDIATOR PLUS INSETTICIDA AFICIDA S;133
VR;16191;;90
VR;16191;TRIMAXX;59
VR;16191;TRIMAXX x 1 lt;23
VR;16194;ETRAVON PRO;39
VR;16194;ETRAVON PRO LT.1-CLP-;389
VR;16205;IDROX 20;14.800,00
VR;16205;IDROX 20 10 kg;1.000,00
VR;16205;IDROX 20 X 10 KG.;12.230,00
VR;16205;IDROX 20 X KG.10;500
VR;16207;KRATER 1.9 EW (PIVAK 1,9 EW);68
VR;16207;PIVAK 1,9 EW;65
VR;16210;ZETARAM HI TECH;5.280,00
VR;16213;UNICORN PLUS DF;15
VR;16221;;4,9
VR;16221;MADEX TOP;58,35
VR;16221;MADEX TOP DA ML. 100x20;205
VR;16221;MADEX TOP x 0,1 lt;162,5
VR;16223;CUSTOM;383
VR;16225;POLTIGLIA BLU 20 WG;6
VR;16227;;1.120,00
VR;16227;FOLPAN COMBI;7.000,00
VR;16227;FOLPAN COMBI 5 KG **;360
VR;16227;FOLPAN COMBI DA KG. 1x10 (Xn);58
VR;16227;FOLPAN COMBI DA KG. 5x4 (Xn);4.910,00
VR;16227;FOLPAN COMBI x 1 kg;152
VR;16227;FOLPAN COMBI x 5 kg;1.410,00
VR;16227;FOLPAN COMBI X KG.5;1.200,00
VR;16230;RUFAST NOVA;34
VR;16242;CAPTAIN 80 WG;460
VR;16243;POLYSECT ULTRA AL;9,6
VR;16247;OXYRAM EVO x 10 kg;20
VR;16251;;70
VR;16251;AFFIRM OPTI;1.565,00
VR;16251;AFFIRM OPTI x 5 kg;1.805,00
VR;16251;AFFIRM OPTI X KG.5;50
VR;16256;PANTOX 360 SL;80
VR;16259;LABEL 70 DF;70,75
VR;16260;WELTER MZ WG x 1 kg;44
VR;16260;WELTER MZ WG x 10 kg;2.760,00
VR;16261;BELOUKHA;40
VR;16261;BELOUKHA x 10 lt;30
VR;16274;PLANTAGEN;120
VR;16274;PLANTAGEN x 1 lt;53
VR;16283;;3.380,00
VR;16283;KOL QUANTUM R-OK 100 G;0,6
VR;16283;KOL QUANTUM R-OK 500 G;7,6
VR;16283;QUANTUM R-OK;1
VR;16285;KALIMBA;13
VR;16288;;74,25
VR;16288;AMPEXIO;249
VR;16288;AMPEXIO DA KG. 4;424
VR;16293;;77
VR;16293;PACLOT NEW;66
VR;16293;PACLOT NEW x 1 lt;155
VR;16297;SUPPORT 100 EC;119
VR;16297;SUPPORT 100 EC DA LT. 1x12;213
VR;16297;SUPPORT 100 EC FUNGICIDA SISTEMICO;16
VR;16299;PASSAT SL;92
VR;16299;PASSAT SL x 1 lt;1.430,00
VR;16299;PASSAT SL x 5 lt;1.584,00
VR;16305;BONZI;5
VR;16314;;2.383,00
VR;16314;ZOXIS 250 SC;120
VR;16318;REFLECT;18
VR;16318;REFLECT x 1 lt;6
VR;16325;;2.165,00
VR;16325;EPIK INSETTICIDA SISTEMICO SL ML  1;158
VR;16325;EPIK INSETTICIDA SISTEMICO SL ML  5;81
VR;16325;EPIK SL;9.480,19
VR;16325;EPIK SL  UN 3082 NAS 9,III;304
VR;16325;EPIK SL 1 LT;8
VR;16325;EPIK SL DA LT.1x10;322
VR;16325;EPIK SL LT.1-CLP-;51
VR;16325;EPIK SL LT.5 CLP;145
VR;16325;EPIK SL ML 15;0,15
VR;16325;EPIK SL ML 250;2
VR;16325;EPIK SL ML 50;0,5
VR;16325;EPIK SL x 1 lt;1.853,00
VR;16325;EPIK SL x 5 lt;790
VR;16325;EPIK SL X LT.1;294
VR;16335;;1.060,00
VR;16335;LIETO SC;10.249,00
VR;16335;LIETO SC - FUNGICIDA ANTIPERONOSPOR;840
VR;16335;LIETO SC DA LT. 10;2.130,00
VR;16335;LIETO SC DA LT. 5x4;240
VR;16335;LIETO SC x 10 lt;410
VR;16335;LIETO SC X LT.5;120
VR;16353;SIRAZOL;31
VR;16363;;16
VR;16363;SIRTAKI;766
VR;16363;SIRTAKI CLOMAZONE PURO 360 G/LT M.P;11
VR;16363;SIRTAKI DA LT. 1x10;2
VR;16363;SIRTAKI LT.1-CLP-;192
VR;16363;SIRTAKI x 1 lt;343
VR;16364;;480
VR;16364;BISMARK;2.060,00
VR;16364;BISMARK LT 1;88
VR;16364;BISMARK LT 5;175
VR;16364;BISMARK LT.1-CLP-;116
VR;16364;BISMARK LT.5 -CLP-;265
VR;16364;BISMARK x 1 lt;827
VR;16364;BISMARK x 10 lt;2.090,00
VR;16364;BISMARK x 5 lt;1.345,00
VR;16369;ORTIVA TOP SC DA LT. 1;1
VR;16369;ORTIVA TOP SC LT.1-CLP-;12
VR;16379;;75
VR;16379;PREV-AM PLUS;2.264,00
VR;16379;PREV-AM PLUS DA LT. 1;3
VR;16379;PREV-AM PLUS DA LT. 5x4;510
VR;16379;PREV-AM PLUS REG.16379 LT.1-CLP-;25
VR;16379;PREV-AM PLUS REG.16379 LT.5-CLP-;40
VR;16379;PREV-AM PLUS x 5 lt;60
VR;16379;PREV-AM PLUS X LT.1;1
VR;16395;;51
VR;16395;MOHICAN 500 SC;135
VR;16396;;61
VR;16396;TEMSA 100;232
VR;16405;;1.576,00
VR;16405;IMAGE GOLD;33
VR;16413;SEQUAT;2.290,00
VR;16413;SEQUAT X LT.5;2.400,00
VR;16415;;0,5
VR;16415;MADEX TWIN;11,8
VR;16415;MADEX TWIN x 0,1 lt;52,9
VR;16416;FENOTRIX 300 SC;929
VR;16417;;21
VR;16417;ADMIRAL ECHO PLUS;20
VR;16417;ADMIRAL ECHO PLUS INSETTICIDA;14
VR;16417;ADMIRAL ECHO PLUS X LT.1;79
VR;16420;EXPEDIENT 10 EC;290
VR;16437;ACANTO PLUS;195
VR;16438;;53,5
VR;16438;VELUM PRIME;257,5
VR;16438;VELUM PRIME 500 ML;41
VR;16438;VELUM PRIME DA LT. 0,500x20;1,5
VR;16438;VELUM PRIME LT.0,500-CLP-;81
VR;16438;VELUM PRIME x 0,5 lt;21,5
VR;16443;;1.801,00
VR;16443;DOPPLER;63
VR;16444;DIXIE MAIS;10,6
VR;16459;SOLEIL 50 WG;492,5
VR;16460;VELIERO 500 EC;1.191,00
VR;16460;VELIERO 500 EC x 1 lt;5.792,00
VR;16461;CENTURION 240 EC;216
VR;16461;CENTURION 240 SC LT.1 -CLP-;30
VR;16462;BAYER R6 ALBIS ORTO 500GR;2,8
VR;16462;R6 ERRESEI ALBIS ORTO;2,5
VR;16465;;17,1
VR;16480;;340
VR;16480;3LOGY;4.102,25
VR;16480;3LOGY 4 lt;20
VR;16480;3LOGY DA KG. 4x2;248
VR;16480;3LOGY LT.4-CLP-;16
VR;16480;3LOGY x 4 lt;1.260,00
VR;16480;3LOGY X LT.4;60
VR;16481;CALLISTO 480 x 0,5 lt;1.598,00
VR;16483;TEMIDE 50 WG;50
VR;16484;CIRCUIT ACCESS 36 CS;79
VR;16485;ROMULAN;85
VR;16485;ROMULAN DA LT. 1x12;61
VR;16486;RAGTIME 250;26
VR;16486;RAGTIME 250 x 1 lt;25
VR;16489;CIRRUS 360 CS;4
VR;16492;VASCO;1.460,00
VR;16493;SPI GEO;4.440,00
VR;16494;GULP MAX;189
VR;16495;FLINT ORTO;0,05
VR;16497;BAYER DECIS PROTECT EW ML 500;1,4
VR;16497;DECIS PROTECT EW;46
VR;16497;DECIS PROTECT EW25 500 ML;2
VR;16498;;359
VR;16498;CETUS 360 CS;65
VR;16506;FORZANET 75;451
VR;16513;AZOCIP;108
VR;16527;TELLUS WP;28
VR;16528;;5
VR;16528;GHIBLI 40 OD DA LT. 1x12;38
VR;16528;GHIBLI 40 OD DA LT. 5x4;90
VR;16532;ROSBAY;1,6
VR;16533;CURZEB PLUS WP;590
VR;16534;TIXAL R SC;36
VR;16534;TIXAL R SC DA LT. 10;220
VR;16536;;695
VR;16538;KITAMBA;1.875,00
VR;16542;LAOTTA;170
VR;16544;PRORAM HI BIO;7.600,00
VR;16545;COPRANTOL HI BIO 2.0;480
VR;16547;SOLICITOR 400 SC;453
VR;16557;AKUNA;9.077,00
VR;16557;AKUNA X LT.5;1.010,00
VR;16558;CARPOVIR;3,5
VR;16558;STYLE;234,5
VR;16562;DELAN PRO;1.880,00
VR;16562;DELAN PRO 10 LT;30
VR;16562;DELAN PRO DA LT. 10 (Xn);60
VR;16562;DELAN PRO DA LT. 5x4 (Xn);385
VR;16562;DELAN PRO X LT.5;60
VR;16565;EXECUTIVE GOLD;6,4
VR;16565;EXECUTIVE GOLD GR.100-CLP-;2,9
VR;16566;KUPPER 20 WG;2.650,00
VR;16566;KUPPER 20 WG DA KG. 10;640
VR;16566;KUPPER 20 WG X KG.10;150
VR;16567;TRICOPPERLAND x 1 kg;49
VR;16567;TRICOPPERLAND x 10 kg;43.590,00
VR;16570;SENCOR 600 SC;13
VR;16570;SENCOR 600 SC x 1 lt;33
VR;16570;SENCOR 600SC LT.1-CLP-;20
VR;16571;COPPER COMBI WG;19,5
VR;16573;DELTACOM;77
VR;16574;ERBITOX SUPREME;5
VR;16578;MELODY COMPACT WG;307
VR;16580;VIPER ON;16
VR;16585;PENDICOL 33 EC;334
VR;16587;ORANIS x 5 lt;95
VR;16632;;94
VR;16632;LUNA SENSATION;270
VR;16632;LUNA SENSATION ML 500;2
VR;16632;LUNA SENSATION x 0,5 lt;51
VR;16654;POLYVERSUM;26,6
VR;16699;RIMURON x 100 gr;6,9
VR;16701;PLAZA;5,9
VR;16703;SPADA 50 WG;1.374,00
VR;16703;SPADA 50 WG 6.1, II 2783 ADR;7
VR;16703;SPADA 50 WG DA KG. 1x10;606
VR;16703;SPADA 50 WG x 1 kg;1.838,00
VR;16703;SPADA 50 WG x 5 kg;360
VR;16703;SPADA 50 WG X KG.1;19
VR;16732;;6
VR;16732;TUSAL;134
VR;16737;ZELIG GR 50;15.602,00
VR;16774;DIFF.ISOMATE C LR MAX TT 100pz;22
VR;16780;SERENADE ASO;20
VR;16787;;1.552,00
VR;16787;CLINIC ST;7.796,00
VR;16787;CLINIC ST x 1 lt;77
VR;16787;CLINIC ST x 20 lt;10.940,00
VR;16787;CLINIC ST x 5 lt;590
VR;16792;PROFILE PLUS;137
VR;16793;NIMBUS 250 EC;300
VR;16794;SILGLIF ST x 1 lt;60
VR;16799;;980
VR;16799;ALEXIN 75 LS;90
VR;16820;;4.554,00
VR;16823;ACTIVUS 40 SC x 10 lt;180
VR;16829;;2.688,00
VR;16829;ARITO;5
VR;16830;FANDANGO 360 TF;1.180,00
VR;16833;;53.771,00
VR;16833;PANTOX 360 SUPER;3.411,00
VR;16833;PANTOX 360 SUPER X LT.20;7.340,00
VR;16833;PANTOX 360 SUPER X LT.5;485
VR;16835;RAVANE PLUS 100 CS;20
VR;16836;STALLION IT SYNC;640
VR;16843;COPPERLAND NEW x 10 kg;4.490,00
VR;16865;36C;17
VR;16865;36C FITOREGOLATORE ALLEGANTE ;99
VR;16917;LOGRADO PLUS;600
VR;16918;;4.000,00
VR;16918;TELONE II 2017;5.840,00
VR;16918;TELONE II 2017 DA LT. 200;400
VR;16918;TELONE II 2017 LT. 200 UN 2903 6.1;1.200,00
VR;16918;TELONE II 2017 x 200 lt;7.600,00
VR;16925;;32
VR;16925;WISH TOP;164
VR;16928;;80
VR;16928;FACET SL;85
VR;16928;FACET SL x 5 lt;60
VR;16930;DD SOIL IX;4.085,00
VR;16930;D-D SOIL IX;84.030,00
VR;16931;;166.020,00
VR;16935;VERDRAM IDRO HI BIO;40
VR;16986;AF-X1 2017;6.475,00
VR;16986;AF-X1 2017 x 12,5 kg;8.337,50
VR;16997;DIGEO IX;306.940,00
VR;16997;DIGEO IX LT.200;200
VR;17001;EXIREL 2017;7
VR;17001;EXIREL 2017 x 1 lt;7
VR;17014;;29
VR;17014;DELEGATE WDG;121,5
VR;17014;DELEGATE WDG x 1 kg;79
